protein_variant,am_pathogenicity,am_class
M1A,0.3156,LBen
M1C,0.3815,Amb
M1D,0.7749,LPath
M1E,0.5551,Amb
M1F,0.2448,LBen
M1G,0.5311,Amb
M1H,0.6646,LPath
M1I,0.4293,Amb
M1K,0.5227,Amb
M1L,0.1504,LBen
M1N,0.5784,LPath
M1P,0.5852,LPath
M1Q,0.3638,Amb
M1R,0.4963,Amb
M1S,0.4578,Amb
M1T,0.4413,Amb
M1V,0.1095,LBen
M1W,0.6055,LPath
M1Y,0.5358,Amb
A2C,0.4262,Amb
A2D,0.2204,LBen
A2E,0.1676,LBen
A2F,0.3953,Amb
A2G,0.1044,LBen
A2H,0.3886,Amb
A2I,0.331,LBen
A2K,0.3535,Amb
A2L,0.1974,LBen
A2M,0.286,LBen
A2N,0.1627,LBen
A2P,0.1232,LBen
A2Q,0.2018,LBen
A2R,0.3245,LBen
A2S,0.0858,LBen
A2T,0.089,LBen
A2V,0.1846,LBen
A2W,0.688,LPath
A2Y,0.4679,Amb
E3A,0.1744,LBen
E3C,0.7162,LPath
E3D,0.0977,LBen
E3F,0.6574,LPath
E3G,0.1439,LBen
E3H,0.4845,Amb
E3I,0.4441,Amb
E3K,0.3544,Amb
E3L,0.3949,Amb
E3M,0.5773,LPath
E3N,0.2815,LBen
E3P,0.3416,Amb
E3Q,0.1866,LBen
E3R,0.3606,Amb
E3S,0.1785,LBen
E3T,0.2557,LBen
E3V,0.2957,LBen
E3W,0.869,LPath
E3Y,0.5854,LPath
Q4A,0.0926,LBen
Q4C,0.4579,Amb
Q4D,0.1424,LBen
Q4E,0.0679,LBen
Q4F,0.4401,Amb
Q4G,0.1154,LBen
Q4H,0.1431,LBen
Q4I,0.2315,LBen
Q4K,0.1025,LBen
Q4L,0.1158,LBen
Q4M,0.2249,LBen
Q4N,0.0932,LBen
Q4P,0.0886,LBen
Q4R,0.1257,LBen
Q4S,0.1007,LBen
Q4T,0.0864,LBen
Q4V,0.1526,LBen
Q4W,0.5105,Amb
Q4Y,0.3164,LBen
D5A,0.1937,LBen
D5C,0.6691,LPath
D5E,0.1091,LBen
D5F,0.5877,LPath
D5G,0.1965,LBen
D5H,0.4287,Amb
D5I,0.3947,Amb
D5K,0.5559,Amb
D5L,0.3985,Amb
D5M,0.5848,LPath
D5N,0.1739,LBen
D5P,0.5117,Amb
D5Q,0.3492,Amb
D5R,0.5352,Amb
D5S,0.1984,LBen
D5T,0.2455,LBen
D5V,0.2222,LBen
D5W,0.8692,LPath
D5Y,0.3474,Amb
V6A,0.1168,LBen
V6C,0.4798,Amb
V6D,0.185,LBen
V6E,0.1792,LBen
V6F,0.1431,LBen
V6G,0.1145,LBen
V6H,0.4027,Amb
V6I,0.0852,LBen
V6K,0.3363,LBen
V6L,0.1587,LBen
V6M,0.1433,LBen
V6N,0.1607,LBen
V6P,0.2809,LBen
V6Q,0.2276,LBen
V6R,0.3048,LBen
V6S,0.1343,LBen
V6T,0.1337,LBen
V6W,0.6285,LPath
V6Y,0.3917,Amb
E7A,0.2638,LBen
E7C,0.8194,LPath
E7D,0.0942,LBen
E7F,0.7895,LPath
E7G,0.2128,LBen
E7H,0.6266,LPath
E7I,0.5441,Amb
E7K,0.4394,Amb
E7L,0.5067,Amb
E7M,0.6732,LPath
E7N,0.3531,Amb
E7P,0.5261,Amb
E7Q,0.2537,LBen
E7R,0.4806,Amb
E7S,0.2789,LBen
E7T,0.3786,Amb
E7V,0.3631,Amb
E7W,0.9049,LPath
E7Y,0.699,LPath
N8A,0.1528,LBen
N8C,0.2711,LBen
N8D,0.1231,LBen
N8E,0.2274,LBen
N8F,0.5046,Amb
N8G,0.1726,LBen
N8H,0.142,LBen
N8I,0.2411,LBen
N8K,0.3105,LBen
N8L,0.254,LBen
N8M,0.2919,LBen
N8P,0.3339,LBen
N8Q,0.2678,LBen
N8R,0.3695,Amb
N8S,0.0888,LBen
N8T,0.1008,LBen
N8V,0.2018,LBen
N8W,0.6909,LPath
N8Y,0.2024,LBen
D9A,0.3598,Amb
D9C,0.7657,LPath
D9E,0.104,LBen
D9F,0.7514,LPath
D9G,0.3828,Amb
D9H,0.5714,LPath
D9I,0.543,Amb
D9K,0.6529,LPath
D9L,0.5218,Amb
D9M,0.7751,LPath
D9N,0.3052,LBen
D9P,0.7231,LPath
D9Q,0.4476,Amb
D9R,0.6302,LPath
D9S,0.3276,LBen
D9T,0.4711,Amb
D9V,0.3738,Amb
D9W,0.9264,LPath
D9Y,0.4695,Amb
L10A,0.7256,LPath
L10C,0.928,LPath
L10D,0.898,LPath
L10E,0.8224,LPath
L10F,0.5771,LPath
L10G,0.8665,LPath
L10H,0.9073,LPath
L10I,0.2205,LBen
L10K,0.8772,LPath
L10M,0.4395,Amb
L10N,0.8714,LPath
L10P,0.855,LPath
L10Q,0.8682,LPath
L10R,0.8195,LPath
L10S,0.8953,LPath
L10T,0.7624,LPath
L10V,0.3209,LBen
L10W,0.824,LPath
L10Y,0.8254,LPath
L11A,0.5446,Amb
L11C,0.8574,LPath
L11D,0.8863,LPath
L11E,0.71,LPath
L11F,0.5825,LPath
L11G,0.7934,LPath
L11H,0.8335,LPath
L11I,0.2108,LBen
L11K,0.7652,LPath
L11M,0.393,Amb
L11N,0.8386,LPath
L11P,0.5355,Amb
L11Q,0.6671,LPath
L11R,0.6523,LPath
L11S,0.7982,LPath
L11T,0.661,LPath
L11V,0.216,LBen
L11W,0.6777,LPath
L11Y,0.8003,LPath
D12A,0.6818,LPath
D12C,0.9454,LPath
D12E,0.6678,LPath
D12F,0.8748,LPath
D12G,0.6772,LPath
D12H,0.8895,LPath
D12I,0.8676,LPath
D12K,0.9561,LPath
D12L,0.758,LPath
D12M,0.9579,LPath
D12N,0.7043,LPath
D12P,0.8813,LPath
D12Q,0.8888,LPath
D12R,0.8999,LPath
D12S,0.6838,LPath
D12T,0.8496,LPath
D12V,0.751,LPath
D12W,0.9608,LPath
D12Y,0.7057,LPath
Y13A,0.7346,LPath
Y13C,0.5741,LPath
Y13D,0.5784,LPath
Y13E,0.839,LPath
Y13F,0.1959,LBen
Y13G,0.5784,LPath
Y13H,0.8439,LPath
Y13I,0.7752,LPath
Y13K,0.9371,LPath
Y13L,0.6836,LPath
Y13M,0.8234,LPath
Y13N,0.6534,LPath
Y13P,0.8774,LPath
Y13Q,0.9293,LPath
Y13R,0.8799,LPath
Y13S,0.5985,LPath
Y13T,0.7505,LPath
Y13V,0.612,LPath
Y13W,0.5969,LPath
D14A,0.4046,Amb
D14C,0.8172,LPath
D14E,0.1326,LBen
D14F,0.8175,LPath
D14G,0.3719,Amb
D14H,0.6443,LPath
D14I,0.6888,LPath
D14K,0.7474,LPath
D14L,0.6087,LPath
D14M,0.8443,LPath
D14N,0.411,Amb
D14P,0.7822,LPath
D14Q,0.5233,Amb
D14R,0.6729,LPath
D14S,0.3644,Amb
D14T,0.5381,Amb
D14V,0.4848,Amb
D14W,0.9205,LPath
D14Y,0.5596,Amb
E15A,0.3385,LBen
E15C,0.8813,LPath
E15D,0.105,LBen
E15F,0.853,LPath
E15G,0.2796,LBen
E15H,0.7298,LPath
E15I,0.6278,LPath
E15K,0.5122,Amb
E15L,0.5933,LPath
E15M,0.722,LPath
E15N,0.4972,Amb
E15P,0.7101,LPath
E15Q,0.3611,Amb
E15R,0.5467,Amb
E15S,0.3952,Amb
E15T,0.4442,Amb
E15V,0.4439,Amb
E15W,0.9322,LPath
E15Y,0.7691,LPath
E16A,0.2147,LBen
E16C,0.7872,LPath
E16D,0.0813,LBen
E16F,0.7347,LPath
E16G,0.1993,LBen
E16H,0.6318,LPath
E16I,0.4063,Amb
E16K,0.4311,Amb
E16L,0.403,Amb
E16M,0.5289,Amb
E16N,0.3,LBen
E16P,0.5146,Amb
E16Q,0.2807,LBen
E16R,0.5168,Amb
E16S,0.2771,LBen
E16T,0.2729,LBen
E16V,0.2557,LBen
E16W,0.8921,LPath
E16Y,0.6114,LPath
E17A,0.1483,LBen
E17C,0.7353,LPath
E17D,0.0863,LBen
E17F,0.6704,LPath
E17G,0.1465,LBen
E17H,0.5217,Amb
E17I,0.2749,LBen
E17K,0.274,LBen
E17L,0.3001,LBen
E17M,0.4048,Amb
E17N,0.2497,LBen
E17P,0.3885,Amb
E17Q,0.1957,LBen
E17R,0.4012,Amb
E17S,0.2088,LBen
E17T,0.1833,LBen
E17V,0.1697,LBen
E17W,0.8563,LPath
E17Y,0.5414,Amb
E18A,0.129,LBen
E18C,0.7043,LPath
E18D,0.0961,LBen
E18F,0.5352,Amb
E18G,0.1329,LBen
E18H,0.4497,Amb
E18I,0.1895,LBen
E18K,0.2602,LBen
E18L,0.2184,LBen
E18M,0.3022,LBen
E18N,0.2046,LBen
E18P,0.3324,LBen
E18Q,0.1557,LBen
E18R,0.3922,Amb
E18S,0.1739,LBen
E18T,0.1527,LBen
E18V,0.1321,LBen
E18W,0.852,LPath
E18Y,0.4636,Amb
P19A,0.0601,LBen
P19C,0.2962,LBen
P19D,0.2028,LBen
P19E,0.1268,LBen
P19F,0.2406,LBen
P19G,0.1439,LBen
P19H,0.1349,LBen
P19I,0.1077,LBen
P19K,0.1731,LBen
P19L,0.0762,LBen
P19M,0.142,LBen
P19N,0.1275,LBen
P19Q,0.0875,LBen
P19R,0.1573,LBen
P19S,0.0853,LBen
P19T,0.0608,LBen
P19V,0.0841,LBen
P19W,0.4475,Amb
P19Y,0.254,LBen
Q20A,0.0701,LBen
Q20C,0.3786,Amb
Q20D,0.1866,LBen
Q20E,0.074,LBen
Q20F,0.3393,LBen
Q20G,0.1298,LBen
Q20H,0.1261,LBen
Q20I,0.1261,LBen
Q20K,0.0904,LBen
Q20L,0.0721,LBen
Q20M,0.1709,LBen
Q20N,0.1491,LBen
Q20P,0.0661,LBen
Q20R,0.1081,LBen
Q20S,0.0944,LBen
Q20T,0.0785,LBen
Q20V,0.0815,LBen
Q20W,0.4401,Amb
Q20Y,0.2828,LBen
A21C,0.2513,LBen
A21D,0.1502,LBen
A21E,0.127,LBen
A21F,0.1556,LBen
A21G,0.0838,LBen
A21H,0.1866,LBen
A21I,0.0858,LBen
A21K,0.2086,LBen
A21L,0.0695,LBen
A21M,0.0972,LBen
A21N,0.0999,LBen
A21P,0.0681,LBen
A21Q,0.1212,LBen
A21R,0.2386,LBen
A21S,0.0726,LBen
A21T,0.0629,LBen
A21V,0.063,LBen
A21W,0.4427,Amb
A21Y,0.2074,LBen
P22A,0.0538,LBen
P22C,0.2625,LBen
P22D,0.2094,LBen
P22E,0.1318,LBen
P22F,0.2076,LBen
P22G,0.1262,LBen
P22H,0.1145,LBen
P22I,0.0944,LBen
P22K,0.1537,LBen
P22L,0.0722,LBen
P22M,0.1333,LBen
P22N,0.1325,LBen
P22Q,0.0783,LBen
P22R,0.1328,LBen
P22S,0.0722,LBen
P22T,0.0595,LBen
P22V,0.0721,LBen
P22W,0.411,Amb
P22Y,0.2333,LBen
Q23A,0.064,LBen
Q23C,0.3201,LBen
Q23D,0.162,LBen
Q23E,0.0759,LBen
Q23F,0.3147,LBen
Q23G,0.1,LBen
Q23H,0.117,LBen
Q23I,0.1316,LBen
Q23K,0.085,LBen
Q23L,0.0717,LBen
Q23M,0.1599,LBen
Q23N,0.1258,LBen
Q23P,0.0554,LBen
Q23R,0.1005,LBen
Q23S,0.0745,LBen
Q23T,0.0706,LBen
Q23V,0.0838,LBen
Q23W,0.3916,Amb
Q23Y,0.2617,LBen
E24A,0.0903,LBen
E24C,0.5681,LPath
E24D,0.0603,LBen
E24F,0.4672,Amb
E24G,0.0998,LBen
E24H,0.263,LBen
E24I,0.169,LBen
E24K,0.1948,LBen
E24L,0.1924,LBen
E24M,0.2851,LBen
E24N,0.1224,LBen
E24P,0.1691,LBen
E24Q,0.117,LBen
E24R,0.2813,LBen
E24S,0.1009,LBen
E24T,0.1051,LBen
E24V,0.1107,LBen
E24W,0.792,LPath
E24Y,0.3637,Amb
S25A,0.0588,LBen
S25C,0.1198,LBen
S25D,0.1646,LBen
S25E,0.1916,LBen
S25F,0.1647,LBen
S25G,0.0707,LBen
S25H,0.1767,LBen
S25I,0.0909,LBen
S25K,0.2997,LBen
S25L,0.0878,LBen
S25M,0.115,LBen
S25N,0.0685,LBen
S25P,0.0803,LBen
S25Q,0.1881,LBen
S25R,0.3548,Amb
S25T,0.0547,LBen
S25V,0.0794,LBen
S25W,0.3853,Amb
S25Y,0.1722,LBen
T26A,0.0576,LBen
T26C,0.2171,LBen
T26D,0.2041,LBen
T26E,0.1671,LBen
T26F,0.1403,LBen
T26G,0.0972,LBen
T26H,0.1354,LBen
T26I,0.0755,LBen
T26K,0.1576,LBen
T26L,0.0629,LBen
T26M,0.0876,LBen
T26N,0.0838,LBen
T26P,0.068,LBen
T26Q,0.1133,LBen
T26R,0.1739,LBen
T26S,0.0666,LBen
T26V,0.0656,LBen
T26W,0.46,Amb
T26Y,0.1894,LBen
P27A,0.0465,LBen
P27C,0.2645,LBen
P27D,0.188,LBen
P27E,0.1282,LBen
P27F,0.2182,LBen
P27G,0.1167,LBen
P27H,0.1135,LBen
P27I,0.0982,LBen
P27K,0.1572,LBen
P27L,0.0726,LBen
P27M,0.1272,LBen
P27N,0.1254,LBen
P27Q,0.0796,LBen
P27R,0.1467,LBen
P27S,0.0675,LBen
P27T,0.0533,LBen
P27V,0.0681,LBen
P27W,0.4578,Amb
P27Y,0.2447,LBen
A28C,0.2465,LBen
A28D,0.213,LBen
A28E,0.1678,LBen
A28F,0.1852,LBen
A28G,0.0949,LBen
A28H,0.2161,LBen
A28I,0.0914,LBen
A28K,0.2711,LBen
A28L,0.0722,LBen
A28M,0.1026,LBen
A28N,0.1161,LBen
A28P,0.0755,LBen
A28Q,0.1352,LBen
A28R,0.3101,LBen
A28S,0.0718,LBen
A28T,0.0635,LBen
A28V,0.0653,LBen
A28W,0.5479,Amb
A28Y,0.2578,LBen
P29A,0.0457,LBen
P29C,0.2404,LBen
P29D,0.2313,LBen
P29E,0.1397,LBen
P29F,0.1858,LBen
P29G,0.116,LBen
P29H,0.1113,LBen
P29I,0.0787,LBen
P29K,0.1636,LBen
P29L,0.0581,LBen
P29M,0.0957,LBen
P29N,0.1163,LBen
P29Q,0.0697,LBen
P29R,0.1628,LBen
P29S,0.065,LBen
P29T,0.0522,LBen
P29V,0.0608,LBen
P29W,0.4327,Amb
P29Y,0.2148,LBen
P30A,0.0473,LBen
P30C,0.2524,LBen
P30D,0.2326,LBen
P30E,0.137,LBen
P30F,0.2748,LBen
P30G,0.1118,LBen
P30H,0.1191,LBen
P30I,0.1083,LBen
P30K,0.1623,LBen
P30L,0.0778,LBen
P30M,0.1352,LBen
P30N,0.1223,LBen
P30Q,0.0666,LBen
P30R,0.1516,LBen
P30S,0.0684,LBen
P30T,0.0574,LBen
P30V,0.071,LBen
P30W,0.4886,Amb
P30Y,0.2787,LBen
K31A,0.3636,Amb
K31C,0.7407,LPath
K31D,0.6432,LPath
K31E,0.3105,LBen
K31F,0.8758,LPath
K31G,0.3687,Amb
K31H,0.3948,Amb
K31I,0.5616,Amb
K31L,0.4828,Amb
K31M,0.5088,Amb
K31N,0.5963,LPath
K31P,0.4285,Amb
K31Q,0.1477,LBen
K31R,0.0794,LBen
K31S,0.4508,Amb
K31T,0.308,LBen
K31V,0.4267,Amb
K31W,0.8856,LPath
K31Y,0.8044,LPath
K32A,0.4227,Amb
K32C,0.8248,LPath
K32D,0.5258,Amb
K32E,0.305,LBen
K32F,0.9251,LPath
K32G,0.3787,Amb
K32H,0.4273,Amb
K32I,0.6674,LPath
K32L,0.6204,LPath
K32M,0.5639,Amb
K32N,0.5241,Amb
K32P,0.4978,Amb
K32Q,0.1899,LBen
K32R,0.1017,LBen
K32S,0.4941,Amb
K32T,0.3145,LBen
K32V,0.556,Amb
K32W,0.9152,LPath
K32Y,0.8299,LPath
D33A,0.2391,LBen
D33C,0.7569,LPath
D33E,0.1183,LBen
D33F,0.7575,LPath
D33G,0.2079,LBen
D33H,0.4807,Amb
D33I,0.4804,Amb
D33K,0.5601,Amb
D33L,0.5173,Amb
D33M,0.6696,LPath
D33N,0.1591,LBen
D33P,0.5307,Amb
D33Q,0.3861,Amb
D33R,0.6225,LPath
D33S,0.2076,LBen
D33T,0.2851,LBen
D33V,0.304,LBen
D33W,0.9404,LPath
D33Y,0.463,Amb
I34A,0.1446,LBen
I34C,0.446,Amb
I34D,0.4777,Amb
I34E,0.4245,Amb
I34F,0.1381,LBen
I34G,0.2145,LBen
I34H,0.3527,Amb
I34K,0.3531,Amb
I34L,0.0846,LBen
I34M,0.0829,LBen
I34N,0.1469,LBen
I34P,0.3266,LBen
I34Q,0.2481,LBen
I34R,0.3226,LBen
I34S,0.1345,LBen
I34T,0.1431,LBen
I34V,0.0615,LBen
I34W,0.6786,LPath
I34Y,0.4157,Amb
K35A,0.6397,LPath
K35C,0.8843,LPath
K35D,0.8226,LPath
K35E,0.6703,LPath
K35F,0.9604,LPath
K35G,0.5785,LPath
K35H,0.584,LPath
K35I,0.8472,LPath
K35L,0.7748,LPath
K35M,0.7764,LPath
K35N,0.8428,LPath
K35P,0.5956,LPath
K35Q,0.3612,Amb
K35R,0.1115,LBen
K35S,0.714,LPath
K35T,0.5304,Amb
K35V,0.7512,LPath
K35W,0.9486,LPath
K35Y,0.9129,LPath
G36A,0.4498,Amb
G36C,0.7825,LPath
G36D,0.8047,LPath
G36E,0.874,LPath
G36F,0.9474,LPath
G36H,0.8931,LPath
G36I,0.8722,LPath
G36K,0.903,LPath
G36L,0.8888,LPath
G36M,0.9075,LPath
G36N,0.7334,LPath
G36P,0.894,LPath
G36Q,0.8601,LPath
G36R,0.9141,LPath
G36S,0.4145,Amb
G36T,0.5422,Amb
G36V,0.7349,LPath
G36W,0.9537,LPath
G36Y,0.9103,LPath
S37A,0.145,LBen
S37C,0.2845,LBen
S37D,0.7512,LPath
S37E,0.8339,LPath
S37F,0.7111,LPath
S37G,0.1171,LBen
S37H,0.5675,LPath
S37I,0.6573,LPath
S37K,0.9092,LPath
S37L,0.392,Amb
S37M,0.4734,Amb
S37N,0.2474,LBen
S37P,0.5074,Amb
S37Q,0.6686,LPath
S37R,0.9092,LPath
S37T,0.1209,LBen
S37V,0.5228,Amb
S37W,0.8158,LPath
S37Y,0.6415,LPath
Y38A,0.8875,LPath
Y38C,0.7863,LPath
Y38D,0.9232,LPath
Y38E,0.9794,LPath
Y38F,0.2304,LBen
Y38G,0.8422,LPath
Y38H,0.8538,LPath
Y38I,0.9101,LPath
Y38K,0.9763,LPath
Y38L,0.8395,LPath
Y38M,0.9143,LPath
Y38N,0.8403,LPath
Y38P,0.93,LPath
Y38Q,0.9712,LPath
Y38R,0.9421,LPath
Y38S,0.7325,LPath
Y38T,0.8716,LPath
Y38V,0.7798,LPath
Y38W,0.715,LPath
V39A,0.6152,LPath
V39C,0.8715,LPath
V39D,0.9637,LPath
V39E,0.9435,LPath
V39F,0.7095,LPath
V39G,0.6968,LPath
V39H,0.9467,LPath
V39I,0.1943,LBen
V39K,0.9303,LPath
V39L,0.747,LPath
V39M,0.6881,LPath
V39N,0.8719,LPath
V39P,0.938,LPath
V39Q,0.8649,LPath
V39R,0.8767,LPath
V39S,0.6351,LPath
V39T,0.6205,LPath
V39W,0.9874,LPath
V39Y,0.9292,LPath
S40A,0.1943,LBen
S40C,0.4866,Amb
S40D,0.9455,LPath
S40E,0.9606,LPath
S40F,0.9121,LPath
S40G,0.1831,LBen
S40H,0.8823,LPath
S40I,0.8894,LPath
S40K,0.9874,LPath
S40L,0.6431,LPath
S40M,0.676,LPath
S40N,0.6341,LPath
S40P,0.7654,LPath
S40Q,0.8941,LPath
S40R,0.9827,LPath
S40T,0.2761,LBen
S40V,0.7955,LPath
S40W,0.9418,LPath
S40Y,0.8835,LPath
I41A,0.9191,LPath
I41C,0.9706,LPath
I41D,0.9945,LPath
I41E,0.9896,LPath
I41F,0.7798,LPath
I41G,0.9801,LPath
I41H,0.9866,LPath
I41K,0.9826,LPath
I41L,0.4926,Amb
I41M,0.5353,Amb
I41N,0.9566,LPath
I41P,0.9518,LPath
I41Q,0.9775,LPath
I41R,0.967,LPath
I41S,0.9172,LPath
I41T,0.9269,LPath
I41V,0.208,LBen
I41W,0.9853,LPath
I41Y,0.9601,LPath
H42A,0.904,LPath
H42C,0.7494,LPath
H42D,0.9626,LPath
H42E,0.9687,LPath
H42F,0.8003,LPath
H42G,0.9082,LPath
H42I,0.9582,LPath
H42K,0.9383,LPath
H42L,0.716,LPath
H42M,0.9395,LPath
H42N,0.7902,LPath
H42P,0.7428,LPath
H42Q,0.8765,LPath
H42R,0.8263,LPath
H42S,0.8153,LPath
H42T,0.9282,LPath
H42V,0.9346,LPath
H42W,0.8678,LPath
H42Y,0.6447,LPath
S43A,0.2219,LBen
S43C,0.5368,Amb
S43D,0.9809,LPath
S43E,0.9769,LPath
S43F,0.9437,LPath
S43G,0.4791,Amb
S43H,0.9267,LPath
S43I,0.8854,LPath
S43K,0.994,LPath
S43L,0.7377,LPath
S43M,0.7896,LPath
S43N,0.8461,LPath
S43P,0.9335,LPath
S43Q,0.9284,LPath
S43R,0.9878,LPath
S43T,0.3861,Amb
S43V,0.8002,LPath
S43W,0.9609,LPath
S43Y,0.918,LPath
S44A,0.2345,LBen
S44C,0.5284,Amb
S44D,0.9756,LPath
S44E,0.9745,LPath
S44F,0.9352,LPath
S44G,0.4481,Amb
S44H,0.9373,LPath
S44I,0.8818,LPath
S44K,0.993,LPath
S44L,0.697,LPath
S44M,0.735,LPath
S44N,0.843,LPath
S44P,0.9339,LPath
S44Q,0.9323,LPath
S44R,0.9879,LPath
S44T,0.2766,LBen
S44V,0.7695,LPath
S44W,0.9569,LPath
S44Y,0.9209,LPath
G45A,0.5847,LPath
G45C,0.773,LPath
G45D,0.9684,LPath
G45E,0.9712,LPath
G45F,0.9729,LPath
G45H,0.9608,LPath
G45I,0.9464,LPath
G45K,0.985,LPath
G45L,0.9544,LPath
G45M,0.9541,LPath
G45N,0.8877,LPath
G45P,0.9829,LPath
G45Q,0.9396,LPath
G45R,0.9623,LPath
G45S,0.3609,Amb
G45T,0.6201,LPath
G45V,0.8727,LPath
G45W,0.9732,LPath
G45Y,0.9679,LPath
F46A,0.9973,LPath
F46C,0.9958,LPath
F46D,0.9981,LPath
F46E,0.9981,LPath
F46G,0.9969,LPath
F46H,0.9945,LPath
F46I,0.9846,LPath
F46K,0.9982,LPath
F46L,0.9985,LPath
F46M,0.9906,LPath
F46N,0.9968,LPath
F46P,0.9994,LPath
F46Q,0.9977,LPath
F46R,0.9961,LPath
F46S,0.996,LPath
F46T,0.9981,LPath
F46V,0.9887,LPath
F46W,0.8376,LPath
F46Y,0.8255,LPath
R47A,0.9464,LPath
R47C,0.8349,LPath
R47D,0.9732,LPath
R47E,0.882,LPath
R47F,0.9845,LPath
R47G,0.8599,LPath
R47H,0.6316,LPath
R47I,0.9592,LPath
R47K,0.4121,Amb
R47L,0.9113,LPath
R47M,0.9599,LPath
R47N,0.9721,LPath
R47P,0.9663,LPath
R47Q,0.5487,Amb
R47S,0.9524,LPath
R47T,0.9333,LPath
R47V,0.9535,LPath
R47W,0.8509,LPath
R47Y,0.9516,LPath
D48A,0.9813,LPath
D48C,0.9956,LPath
D48E,0.9355,LPath
D48F,0.9943,LPath
D48G,0.9786,LPath
D48H,0.9872,LPath
D48I,0.9953,LPath
D48K,0.995,LPath
D48L,0.9912,LPath
D48M,0.9973,LPath
D48N,0.9592,LPath
D48P,0.9986,LPath
D48Q,0.9896,LPath
D48R,0.993,LPath
D48S,0.9673,LPath
D48T,0.9905,LPath
D48V,0.9841,LPath
D48W,0.9979,LPath
D48Y,0.9538,LPath
F49A,0.9949,LPath
F49C,0.9787,LPath
F49D,0.9979,LPath
F49E,0.9982,LPath
F49G,0.9967,LPath
F49H,0.9909,LPath
F49I,0.9554,LPath
F49K,0.9981,LPath
F49L,0.9878,LPath
F49M,0.9386,LPath
F49N,0.9926,LPath
F49P,0.9999,LPath
F49Q,0.9966,LPath
F49R,0.9951,LPath
F49S,0.9943,LPath
F49T,0.9948,LPath
F49V,0.9619,LPath
F49W,0.9695,LPath
F49Y,0.7547,LPath
L50A,0.8937,LPath
L50C,0.8588,LPath
L50D,0.9961,LPath
L50E,0.987,LPath
L50F,0.723,LPath
L50G,0.9566,LPath
L50H,0.9376,LPath
L50I,0.472,Amb
L50K,0.9739,LPath
L50M,0.4497,Amb
L50N,0.9676,LPath
L50P,0.9705,LPath
L50Q,0.9338,LPath
L50R,0.9372,LPath
L50S,0.9551,LPath
L50T,0.9444,LPath
L50V,0.5882,LPath
L50W,0.9183,LPath
L50Y,0.926,LPath
L51A,0.9829,LPath
L51C,0.9632,LPath
L51D,0.9996,LPath
L51E,0.9973,LPath
L51F,0.9212,LPath
L51G,0.9938,LPath
L51H,0.9965,LPath
L51I,0.6278,LPath
L51K,0.9958,LPath
L51M,0.6393,LPath
L51N,0.9978,LPath
L51P,0.9962,LPath
L51Q,0.9914,LPath
L51R,0.992,LPath
L51S,0.9974,LPath
L51T,0.9906,LPath
L51V,0.71,LPath
L51W,0.9918,LPath
L51Y,0.9934,LPath
K52A,0.9437,LPath
K52C,0.9398,LPath
K52D,0.9689,LPath
K52E,0.8959,LPath
K52F,0.9916,LPath
K52G,0.9523,LPath
K52H,0.6792,LPath
K52I,0.9727,LPath
K52L,0.8984,LPath
K52M,0.9096,LPath
K52N,0.9371,LPath
K52P,0.9567,LPath
K52Q,0.5567,Amb
K52R,0.1476,LBen
K52S,0.9329,LPath
K52T,0.9104,LPath
K52V,0.9536,LPath
K52W,0.986,LPath
K52Y,0.9676,LPath
P53A,0.3496,Amb
P53C,0.9493,LPath
P53D,0.7711,LPath
P53E,0.6104,LPath
P53F,0.9748,LPath
P53G,0.6635,LPath
P53H,0.7115,LPath
P53I,0.9254,LPath
P53K,0.8098,LPath
P53L,0.6924,LPath
P53M,0.8644,LPath
P53N,0.7313,LPath
P53Q,0.5347,Amb
P53R,0.6853,LPath
P53S,0.4925,Amb
P53T,0.4842,Amb
P53V,0.779,LPath
P53W,0.9746,LPath
P53Y,0.9423,LPath
E54A,0.6368,LPath
E54C,0.9675,LPath
E54D,0.5944,LPath
E54F,0.9902,LPath
E54G,0.7849,LPath
E54H,0.9209,LPath
E54I,0.9225,LPath
E54K,0.8816,LPath
E54L,0.9522,LPath
E54M,0.959,LPath
E54N,0.833,LPath
E54P,0.8686,LPath
E54Q,0.5677,LPath
E54R,0.8842,LPath
E54S,0.7013,LPath
E54T,0.8657,LPath
E54V,0.8105,LPath
E54W,0.9958,LPath
E54Y,0.9729,LPath
L55A,0.9396,LPath
L55C,0.9277,LPath
L55D,0.9981,LPath
L55E,0.9917,LPath
L55F,0.9464,LPath
L55G,0.9888,LPath
L55H,0.9881,LPath
L55I,0.1599,LBen
L55K,0.9911,LPath
L55M,0.5163,Amb
L55N,0.9673,LPath
L55P,0.9946,LPath
L55Q,0.9809,LPath
L55R,0.9873,LPath
L55S,0.9829,LPath
L55T,0.9085,LPath
L55V,0.2924,LBen
L55W,0.9912,LPath
L55Y,0.9867,LPath
L56A,0.8403,LPath
L56C,0.8544,LPath
L56D,0.9928,LPath
L56E,0.9323,LPath
L56F,0.8529,LPath
L56G,0.9215,LPath
L56H,0.8955,LPath
L56I,0.4609,Amb
L56K,0.9072,LPath
L56M,0.3796,Amb
L56N,0.9003,LPath
L56P,0.9928,LPath
L56Q,0.6845,LPath
L56R,0.8638,LPath
L56S,0.8774,LPath
L56T,0.8046,LPath
L56V,0.483,Amb
L56W,0.9389,LPath
L56Y,0.9417,LPath
R57A,0.9241,LPath
R57C,0.7625,LPath
R57D,0.9627,LPath
R57E,0.8579,LPath
R57F,0.9675,LPath
R57G,0.872,LPath
R57H,0.5015,Amb
R57I,0.9512,LPath
R57K,0.4354,Amb
R57L,0.8332,LPath
R57M,0.9265,LPath
R57N,0.9451,LPath
R57P,0.9882,LPath
R57Q,0.4894,Amb
R57S,0.944,LPath
R57T,0.9167,LPath
R57V,0.9352,LPath
R57W,0.8227,LPath
R57Y,0.9237,LPath
A58C,0.8244,LPath
A58D,0.9885,LPath
A58E,0.9845,LPath
A58F,0.9829,LPath
A58G,0.3345,LBen
A58H,0.9732,LPath
A58I,0.9805,LPath
A58K,0.9955,LPath
A58L,0.9372,LPath
A58M,0.9469,LPath
A58N,0.9299,LPath
A58P,0.9927,LPath
A58Q,0.9545,LPath
A58R,0.9835,LPath
A58S,0.1479,LBen
A58T,0.7929,LPath
A58V,0.8955,LPath
A58W,0.9966,LPath
A58Y,0.9842,LPath
I59A,0.9141,LPath
I59C,0.9808,LPath
I59D,0.9995,LPath
I59E,0.998,LPath
I59F,0.9813,LPath
I59G,0.9965,LPath
I59H,0.9993,LPath
I59K,0.9979,LPath
I59L,0.5769,LPath
I59M,0.6783,LPath
I59N,0.9947,LPath
I59P,0.9971,LPath
I59Q,0.9977,LPath
I59R,0.9956,LPath
I59S,0.9778,LPath
I59T,0.8505,LPath
I59V,0.1084,LBen
I59W,0.9994,LPath
I59Y,0.9986,LPath
V60A,0.2469,LBen
V60C,0.6953,LPath
V60D,0.7662,LPath
V60E,0.6006,LPath
V60F,0.3605,Amb
V60G,0.1897,LBen
V60H,0.7416,LPath
V60I,0.0977,LBen
V60K,0.7426,LPath
V60L,0.3245,LBen
V60M,0.2342,LBen
V60N,0.3841,Amb
V60P,0.9624,LPath
V60Q,0.4338,Amb
V60R,0.6671,LPath
V60S,0.2077,LBen
V60T,0.182,LBen
V60W,0.9273,LPath
V60Y,0.7696,LPath
D61A,0.8504,LPath
D61C,0.9876,LPath
D61E,0.7338,LPath
D61F,0.9808,LPath
D61G,0.8955,LPath
D61H,0.9568,LPath
D61I,0.9757,LPath
D61K,0.9839,LPath
D61L,0.9593,LPath
D61M,0.9907,LPath
D61N,0.8285,LPath
D61P,0.9969,LPath
D61Q,0.9575,LPath
D61R,0.9739,LPath
D61S,0.8153,LPath
D61T,0.9474,LPath
D61V,0.9316,LPath
D61W,0.9967,LPath
D61Y,0.9216,LPath
C62A,0.571,LPath
C62D,0.9769,LPath
C62E,0.9823,LPath
C62F,0.8015,LPath
C62G,0.5045,Amb
C62H,0.9234,LPath
C62I,0.9255,LPath
C62K,0.9913,LPath
C62L,0.8104,LPath
C62M,0.8816,LPath
C62N,0.8118,LPath
C62P,0.9987,LPath
C62Q,0.9482,LPath
C62R,0.9386,LPath
C62S,0.4742,Amb
C62T,0.8059,LPath
C62V,0.8006,LPath
C62W,0.9433,LPath
C62Y,0.8735,LPath
G63A,0.8944,LPath
G63C,0.952,LPath
G63D,0.9884,LPath
G63E,0.9928,LPath
G63F,0.9959,LPath
G63H,0.9927,LPath
G63I,0.9924,LPath
G63K,0.9946,LPath
G63L,0.9888,LPath
G63M,0.9945,LPath
G63N,0.9805,LPath
G63P,0.9977,LPath
G63Q,0.9834,LPath
G63R,0.98,LPath
G63S,0.8703,LPath
G63T,0.9765,LPath
G63V,0.9858,LPath
G63W,0.9948,LPath
G63Y,0.9931,LPath
F64A,0.9967,LPath
F64C,0.9956,LPath
F64D,0.9984,LPath
F64E,0.9982,LPath
F64G,0.9974,LPath
F64H,0.9951,LPath
F64I,0.9819,LPath
F64K,0.9983,LPath
F64L,0.9983,LPath
F64M,0.9856,LPath
F64N,0.9966,LPath
F64P,0.9999,LPath
F64Q,0.9976,LPath
F64R,0.9952,LPath
F64S,0.9963,LPath
F64T,0.9979,LPath
F64V,0.9858,LPath
F64W,0.8778,LPath
F64Y,0.7631,LPath
E65A,0.9339,LPath
E65C,0.9884,LPath
E65D,0.9581,LPath
E65F,0.9956,LPath
E65G,0.934,LPath
E65H,0.9908,LPath
E65I,0.9799,LPath
E65K,0.9774,LPath
E65L,0.9826,LPath
E65M,0.9876,LPath
E65N,0.9869,LPath
E65P,0.9914,LPath
E65Q,0.8811,LPath
E65R,0.9575,LPath
E65S,0.9328,LPath
E65T,0.9563,LPath
E65V,0.9549,LPath
E65W,0.9981,LPath
E65Y,0.9927,LPath
H66A,0.9754,LPath
H66C,0.8684,LPath
H66D,0.9864,LPath
H66E,0.985,LPath
H66F,0.8612,LPath
H66G,0.9774,LPath
H66I,0.9757,LPath
H66K,0.9531,LPath
H66L,0.8839,LPath
H66M,0.9646,LPath
H66N,0.8963,LPath
H66P,0.9696,LPath
H66Q,0.9628,LPath
H66R,0.9089,LPath
H66S,0.9612,LPath
H66T,0.9823,LPath
H66V,0.9739,LPath
H66W,0.8993,LPath
H66Y,0.7444,LPath
P67A,0.939,LPath
P67C,0.996,LPath
P67D,0.9997,LPath
P67E,0.9992,LPath
P67F,0.9997,LPath
P67G,0.9956,LPath
P67H,0.9991,LPath
P67I,0.998,LPath
P67K,0.9995,LPath
P67L,0.9871,LPath
P67M,0.9981,LPath
P67N,0.9996,LPath
P67Q,0.9986,LPath
P67R,0.997,LPath
P67S,0.9955,LPath
P67T,0.9953,LPath
P67V,0.9938,LPath
P67W,0.9999,LPath
P67Y,0.9997,LPath
S68A,0.8252,LPath
S68C,0.9707,LPath
S68D,0.9979,LPath
S68E,0.9967,LPath
S68F,0.9982,LPath
S68G,0.9484,LPath
S68H,0.9966,LPath
S68I,0.9967,LPath
S68K,0.9995,LPath
S68L,0.9892,LPath
S68M,0.9906,LPath
S68N,0.9937,LPath
S68P,0.9963,LPath
S68Q,0.9968,LPath
S68R,0.9989,LPath
S68T,0.8547,LPath
S68V,0.9931,LPath
S68W,0.9934,LPath
S68Y,0.9968,LPath
E69A,0.7628,LPath
E69C,0.993,LPath
E69D,0.903,LPath
E69F,0.9957,LPath
E69G,0.921,LPath
E69H,0.9885,LPath
E69I,0.9712,LPath
E69K,0.945,LPath
E69L,0.978,LPath
E69M,0.9743,LPath
E69N,0.9798,LPath
E69P,0.9491,LPath
E69Q,0.8191,LPath
E69R,0.9351,LPath
E69S,0.8992,LPath
E69T,0.9302,LPath
E69V,0.9104,LPath
E69W,0.9986,LPath
E69Y,0.9941,LPath
V70A,0.9794,LPath
V70C,0.9889,LPath
V70D,0.9962,LPath
V70E,0.9933,LPath
V70F,0.9849,LPath
V70G,0.9296,LPath
V70H,0.9991,LPath
V70I,0.4944,Amb
V70K,0.9964,LPath
V70L,0.9796,LPath
V70M,0.982,LPath
V70N,0.9911,LPath
V70P,0.9827,LPath
V70Q,0.9948,LPath
V70R,0.9906,LPath
V70S,0.9783,LPath
V70T,0.9671,LPath
V70W,0.9991,LPath
V70Y,0.9951,LPath
Q71A,0.9205,LPath
Q71C,0.9988,LPath
Q71D,0.9993,LPath
Q71E,0.9414,LPath
Q71F,0.9986,LPath
Q71G,0.969,LPath
Q71H,0.9992,LPath
Q71I,0.9895,LPath
Q71K,0.9955,LPath
Q71L,0.9776,LPath
Q71M,0.9379,LPath
Q71N,0.9951,LPath
Q71P,0.9943,LPath
Q71R,0.9962,LPath
Q71S,0.943,LPath
Q71T,0.9688,LPath
Q71V,0.9834,LPath
Q71W,0.9994,LPath
Q71Y,0.9997,LPath
H72A,0.8958,LPath
H72C,0.7059,LPath
H72D,0.9472,LPath
H72E,0.9377,LPath
H72F,0.8383,LPath
H72G,0.9001,LPath
H72I,0.9619,LPath
H72K,0.9104,LPath
H72L,0.7562,LPath
H72M,0.8976,LPath
H72N,0.7215,LPath
H72P,0.9879,LPath
H72Q,0.7671,LPath
H72R,0.8303,LPath
H72S,0.8406,LPath
H72T,0.9387,LPath
H72V,0.942,LPath
H72W,0.8407,LPath
H72Y,0.6528,LPath
E73A,0.6903,LPath
E73C,0.962,LPath
E73D,0.8648,LPath
E73F,0.9844,LPath
E73G,0.8665,LPath
E73H,0.9371,LPath
E73I,0.8955,LPath
E73K,0.8921,LPath
E73L,0.9269,LPath
E73M,0.9288,LPath
E73N,0.923,LPath
E73P,0.9979,LPath
E73Q,0.534,Amb
E73R,0.835,LPath
E73S,0.8114,LPath
E73T,0.8143,LPath
E73V,0.767,LPath
E73W,0.9952,LPath
E73Y,0.9717,LPath
C74A,0.7551,LPath
C74D,0.9991,LPath
C74E,0.9996,LPath
C74F,0.984,LPath
C74G,0.7853,LPath
C74H,0.9989,LPath
C74I,0.9587,LPath
C74K,0.9998,LPath
C74L,0.9497,LPath
C74M,0.9625,LPath
C74N,0.992,LPath
C74P,0.9997,LPath
C74Q,0.9988,LPath
C74R,0.9983,LPath
C74S,0.8381,LPath
C74T,0.7467,LPath
C74V,0.7588,LPath
C74W,0.9989,LPath
C74Y,0.9972,LPath
I75A,0.9934,LPath
I75C,0.998,LPath
I75D,0.9996,LPath
I75E,0.9993,LPath
I75F,0.9383,LPath
I75G,0.9984,LPath
I75H,0.9993,LPath
I75K,0.9991,LPath
I75L,0.4981,Amb
I75M,0.7778,LPath
I75N,0.9959,LPath
I75P,0.9976,LPath
I75Q,0.9989,LPath
I75R,0.9985,LPath
I75S,0.9933,LPath
I75T,0.9923,LPath
I75V,0.5517,Amb
I75W,0.9986,LPath
I75Y,0.9961,LPath
P76A,0.9617,LPath
P76C,0.9954,LPath
P76D,0.9992,LPath
P76E,0.9976,LPath
P76F,0.9991,LPath
P76G,0.9895,LPath
P76H,0.9941,LPath
P76I,0.9959,LPath
P76K,0.9972,LPath
P76L,0.9796,LPath
P76M,0.9964,LPath
P76N,0.9982,LPath
P76Q,0.9924,LPath
P76R,0.9892,LPath
P76S,0.9858,LPath
P76T,0.9828,LPath
P76V,0.9892,LPath
P76W,0.9993,LPath
P76Y,0.9987,LPath
Q77A,0.5169,Amb
Q77C,0.9594,LPath
Q77D,0.9804,LPath
Q77E,0.561,Amb
Q77F,0.963,LPath
Q77G,0.7667,LPath
Q77H,0.8565,LPath
Q77I,0.9108,LPath
Q77K,0.6776,LPath
Q77L,0.6724,LPath
Q77M,0.7,LPath
Q77N,0.7949,LPath
Q77P,0.8065,LPath
Q77R,0.6877,LPath
Q77S,0.5988,LPath
Q77T,0.6173,LPath
Q77V,0.7507,LPath
Q77W,0.9816,LPath
Q77Y,0.9606,LPath
A78C,0.823,LPath
A78D,0.9982,LPath
A78E,0.9967,LPath
A78F,0.9904,LPath
A78G,0.5076,Amb
A78H,0.9965,LPath
A78I,0.9639,LPath
A78K,0.9994,LPath
A78L,0.9097,LPath
A78M,0.9392,LPath
A78N,0.9887,LPath
A78P,0.9986,LPath
A78Q,0.99,LPath
A78R,0.9972,LPath
A78S,0.3126,LBen
A78T,0.8369,LPath
A78V,0.8554,LPath
A78W,0.9991,LPath
A78Y,0.9958,LPath
I79A,0.8942,LPath
I79C,0.909,LPath
I79D,0.9983,LPath
I79E,0.9942,LPath
I79F,0.8469,LPath
I79G,0.9863,LPath
I79H,0.9927,LPath
I79K,0.9915,LPath
I79L,0.3039,LBen
I79M,0.3718,Amb
I79N,0.97,LPath
I79P,0.9968,LPath
I79Q,0.9851,LPath
I79R,0.9836,LPath
I79S,0.9254,LPath
I79T,0.8766,LPath
I79V,0.1147,LBen
I79W,0.9946,LPath
I79Y,0.9823,LPath
L80A,0.8994,LPath
L80C,0.927,LPath
L80D,0.9969,LPath
L80E,0.9849,LPath
L80F,0.8671,LPath
L80G,0.9739,LPath
L80H,0.9636,LPath
L80I,0.4928,Amb
L80K,0.9747,LPath
L80M,0.5506,Amb
L80N,0.9758,LPath
L80P,0.9948,LPath
L80Q,0.9566,LPath
L80R,0.9395,LPath
L80S,0.9671,LPath
L80T,0.9027,LPath
L80V,0.612,LPath
L80W,0.9535,LPath
L80Y,0.974,LPath
G81A,0.7584,LPath
G81C,0.87,LPath
G81D,0.9635,LPath
G81E,0.9672,LPath
G81F,0.9933,LPath
G81H,0.9659,LPath
G81I,0.995,LPath
G81K,0.9808,LPath
G81L,0.9772,LPath
G81M,0.983,LPath
G81N,0.9096,LPath
G81P,0.9993,LPath
G81Q,0.9262,LPath
G81R,0.9575,LPath
G81S,0.5994,LPath
G81T,0.9319,LPath
G81V,0.9849,LPath
G81W,0.9912,LPath
G81Y,0.9866,LPath
M82A,0.7005,LPath
M82C,0.726,LPath
M82D,0.9519,LPath
M82E,0.8563,LPath
M82F,0.6002,LPath
M82G,0.7922,LPath
M82H,0.7849,LPath
M82I,0.7549,LPath
M82K,0.6196,LPath
M82L,0.3068,LBen
M82N,0.7061,LPath
M82P,0.9933,LPath
M82Q,0.5315,Amb
M82R,0.5925,LPath
M82S,0.6588,LPath
M82T,0.5014,Amb
M82V,0.2175,LBen
M82W,0.8743,LPath
M82Y,0.8256,LPath
D83A,0.9955,LPath
D83C,0.9993,LPath
D83E,0.9947,LPath
D83F,0.9997,LPath
D83G,0.9923,LPath
D83H,0.9973,LPath
D83I,0.9997,LPath
D83K,0.9991,LPath
D83L,0.9993,LPath
D83M,0.9998,LPath
D83N,0.9654,LPath
D83P,0.9986,LPath
D83Q,0.9986,LPath
D83R,0.9988,LPath
D83S,0.9858,LPath
D83T,0.9979,LPath
D83V,0.9986,LPath
D83W,0.9999,LPath
D83Y,0.9971,LPath
V84A,0.959,LPath
V84C,0.9453,LPath
V84D,0.998,LPath
V84E,0.9955,LPath
V84F,0.9205,LPath
V84G,0.9715,LPath
V84H,0.998,LPath
V84I,0.076,LBen
V84K,0.9966,LPath
V84L,0.6219,LPath
V84M,0.7394,LPath
V84N,0.9893,LPath
V84P,0.9971,LPath
V84Q,0.9944,LPath
V84R,0.994,LPath
V84S,0.9782,LPath
V84T,0.9215,LPath
V84W,0.9984,LPath
V84Y,0.9931,LPath
L85A,0.9626,LPath
L85C,0.9374,LPath
L85D,0.9997,LPath
L85E,0.9975,LPath
L85F,0.9546,LPath
L85G,0.996,LPath
L85H,0.9962,LPath
L85I,0.1875,LBen
L85K,0.9955,LPath
L85M,0.5722,LPath
L85N,0.9967,LPath
L85P,0.9982,LPath
L85Q,0.9908,LPath
L85R,0.9898,LPath
L85S,0.9946,LPath
L85T,0.9652,LPath
L85V,0.2837,LBen
L85W,0.9936,LPath
L85Y,0.9927,LPath
C86A,0.8844,LPath
C86D,0.9997,LPath
C86E,0.9998,LPath
C86F,0.9921,LPath
C86G,0.8998,LPath
C86H,0.9994,LPath
C86I,0.9813,LPath
C86K,0.9999,LPath
C86L,0.9673,LPath
C86M,0.9894,LPath
C86N,0.9975,LPath
C86P,0.9994,LPath
C86Q,0.9991,LPath
C86R,0.9987,LPath
C86S,0.9584,LPath
C86T,0.9781,LPath
C86V,0.9152,LPath
C86W,0.9994,LPath
C86Y,0.9986,LPath
Q87A,0.8738,LPath
Q87C,0.9952,LPath
Q87D,0.9984,LPath
Q87E,0.8519,LPath
Q87F,0.9974,LPath
Q87G,0.9221,LPath
Q87H,0.9965,LPath
Q87I,0.9855,LPath
Q87K,0.9607,LPath
Q87L,0.9704,LPath
Q87M,0.9368,LPath
Q87N,0.9848,LPath
Q87P,0.9966,LPath
Q87R,0.9432,LPath
Q87S,0.8944,LPath
Q87T,0.9439,LPath
Q87V,0.9668,LPath
Q87W,0.9988,LPath
Q87Y,0.9988,LPath
A88C,0.9748,LPath
A88D,0.9968,LPath
A88E,0.9957,LPath
A88F,0.9955,LPath
A88G,0.7241,LPath
A88H,0.997,LPath
A88I,0.999,LPath
A88K,0.9988,LPath
A88L,0.9844,LPath
A88M,0.9939,LPath
A88N,0.9959,LPath
A88P,0.998,LPath
A88Q,0.9892,LPath
A88R,0.9908,LPath
A88S,0.5759,LPath
A88T,0.9864,LPath
A88V,0.9949,LPath
A88W,0.999,LPath
A88Y,0.997,LPath
K89A,0.9747,LPath
K89C,0.9926,LPath
K89D,0.9961,LPath
K89E,0.9863,LPath
K89F,0.9983,LPath
K89G,0.9827,LPath
K89H,0.9672,LPath
K89I,0.9925,LPath
K89L,0.9829,LPath
K89M,0.9748,LPath
K89N,0.995,LPath
K89P,0.9659,LPath
K89Q,0.9068,LPath
K89R,0.3689,Amb
K89S,0.9862,LPath
K89T,0.9675,LPath
K89V,0.9826,LPath
K89W,0.9979,LPath
K89Y,0.9959,LPath
S90A,0.7225,LPath
S90C,0.9426,LPath
S90D,0.9886,LPath
S90E,0.9826,LPath
S90F,0.9863,LPath
S90G,0.8429,LPath
S90H,0.9871,LPath
S90I,0.9785,LPath
S90K,0.9979,LPath
S90L,0.9689,LPath
S90M,0.9608,LPath
S90N,0.9306,LPath
S90P,0.9645,LPath
S90Q,0.9831,LPath
S90R,0.9964,LPath
S90T,0.8291,LPath
S90V,0.9587,LPath
S90W,0.9691,LPath
S90Y,0.9737,LPath
G91A,0.9912,LPath
G91C,0.9966,LPath
G91D,0.9987,LPath
G91E,0.9989,LPath
G91F,0.9985,LPath
G91H,0.9997,LPath
G91I,0.9978,LPath
G91K,0.9993,LPath
G91L,0.9979,LPath
G91M,0.9991,LPath
G91N,0.9992,LPath
G91P,0.9992,LPath
G91Q,0.9991,LPath
G91R,0.9972,LPath
G91S,0.9872,LPath
G91T,0.9957,LPath
G91V,0.9954,LPath
G91W,0.9985,LPath
G91Y,0.9991,LPath
M92A,0.958,LPath
M92C,0.9214,LPath
M92D,0.9918,LPath
M92E,0.9574,LPath
M92F,0.8605,LPath
M92G,0.9581,LPath
M92H,0.8946,LPath
M92I,0.9918,LPath
M92K,0.8739,LPath
M92L,0.7035,LPath
M92N,0.9318,LPath
M92P,0.9982,LPath
M92Q,0.8362,LPath
M92R,0.8968,LPath
M92S,0.9115,LPath
M92T,0.8511,LPath
M92V,0.8182,LPath
M92W,0.957,LPath
M92Y,0.9559,LPath
G93A,0.9964,LPath
G93C,0.9984,LPath
G93D,0.9989,LPath
G93E,0.999,LPath
G93F,0.9993,LPath
G93H,0.9999,LPath
G93I,0.9987,LPath
G93K,0.9996,LPath
G93L,0.9987,LPath
G93M,0.9993,LPath
G93N,0.9997,LPath
G93P,0.9997,LPath
G93Q,0.9995,LPath
G93R,0.9992,LPath
G93S,0.9974,LPath
G93T,0.9985,LPath
G93V,0.9981,LPath
G93W,0.9991,LPath
G93Y,0.9996,LPath
K94A,0.9994,LPath
K94C,0.9998,LPath
K94D,0.9984,LPath
K94E,0.996,LPath
K94F,0.9999,LPath
K94G,0.9993,LPath
K94H,0.9986,LPath
K94I,0.9994,LPath
K94L,0.9996,LPath
K94M,0.9987,LPath
K94N,0.9989,LPath
K94P,0.9994,LPath
K94Q,0.9988,LPath
K94R,0.9348,LPath
K94S,0.9996,LPath
K94T,0.9968,LPath
K94V,0.9995,LPath
K94W,0.9999,LPath
K94Y,0.9997,LPath
T95A,0.9844,LPath
T95C,0.998,LPath
T95D,0.9947,LPath
T95E,0.9939,LPath
T95F,0.9982,LPath
T95G,0.984,LPath
T95H,0.9935,LPath
T95I,0.9971,LPath
T95K,0.9905,LPath
T95L,0.9909,LPath
T95M,0.9794,LPath
T95N,0.9888,LPath
T95P,0.984,LPath
T95Q,0.994,LPath
T95R,0.9899,LPath
T95S,0.944,LPath
T95V,0.9895,LPath
T95W,0.999,LPath
T95Y,0.9976,LPath
A96C,0.8682,LPath
A96D,0.998,LPath
A96E,0.9961,LPath
A96F,0.9727,LPath
A96G,0.6186,LPath
A96H,0.9961,LPath
A96I,0.9711,LPath
A96K,0.9985,LPath
A96L,0.8938,LPath
A96M,0.9379,LPath
A96N,0.9894,LPath
A96P,0.9917,LPath
A96Q,0.9846,LPath
A96R,0.9872,LPath
A96S,0.5276,Amb
A96T,0.8461,LPath
A96V,0.9086,LPath
A96W,0.9976,LPath
A96Y,0.995,LPath
V97A,0.885,LPath
V97C,0.9551,LPath
V97D,0.9971,LPath
V97E,0.9964,LPath
V97F,0.985,LPath
V97G,0.8976,LPath
V97H,0.9991,LPath
V97I,0.3341,LBen
V97K,0.9983,LPath
V97L,0.9646,LPath
V97M,0.9582,LPath
V97N,0.9884,LPath
V97P,0.9923,LPath
V97Q,0.995,LPath
V97R,0.9938,LPath
V97S,0.8814,LPath
V97T,0.8309,LPath
V97W,0.9997,LPath
V97Y,0.9983,LPath
F98A,0.991,LPath
F98C,0.9788,LPath
F98D,0.999,LPath
F98E,0.9991,LPath
F98G,0.9951,LPath
F98H,0.992,LPath
F98I,0.9789,LPath
F98K,0.9991,LPath
F98L,0.9976,LPath
F98M,0.9803,LPath
F98N,0.9957,LPath
F98P,0.9993,LPath
F98Q,0.9981,LPath
F98R,0.9974,LPath
F98S,0.9878,LPath
F98T,0.9945,LPath
F98V,0.9689,LPath
F98W,0.9401,LPath
F98Y,0.7284,LPath
V99A,0.7881,LPath
V99C,0.9017,LPath
V99D,0.9969,LPath
V99E,0.9956,LPath
V99F,0.9812,LPath
V99G,0.857,LPath
V99H,0.9982,LPath
V99I,0.2221,LBen
V99K,0.9979,LPath
V99L,0.8864,LPath
V99M,0.9339,LPath
V99N,0.9842,LPath
V99P,0.9907,LPath
V99Q,0.9924,LPath
V99R,0.9927,LPath
V99S,0.8111,LPath
V99T,0.7531,LPath
V99W,0.9997,LPath
V99Y,0.9982,LPath
L100A,0.9178,LPath
L100C,0.9332,LPath
L100D,0.9991,LPath
L100E,0.9957,LPath
L100F,0.8788,LPath
L100G,0.9882,LPath
L100H,0.992,LPath
L100I,0.2553,LBen
L100K,0.9954,LPath
L100M,0.4295,Amb
L100N,0.9889,LPath
L100P,0.9945,LPath
L100Q,0.9897,LPath
L100R,0.993,LPath
L100S,0.9747,LPath
L100T,0.8772,LPath
L100V,0.3799,Amb
L100W,0.9883,LPath
L100Y,0.9909,LPath
A101C,0.7538,LPath
A101D,0.9951,LPath
A101E,0.9923,LPath
A101F,0.9856,LPath
A101G,0.3899,Amb
A101H,0.9891,LPath
A101I,0.9692,LPath
A101K,0.9984,LPath
A101L,0.9096,LPath
A101M,0.9248,LPath
A101N,0.9649,LPath
A101P,0.9848,LPath
A101Q,0.9768,LPath
A101R,0.9946,LPath
A101S,0.1533,LBen
A101T,0.4348,Amb
A101V,0.8178,LPath
A101W,0.9979,LPath
A101Y,0.9907,LPath
T102A,0.481,Amb
T102C,0.817,LPath
T102D,0.9883,LPath
T102E,0.9925,LPath
T102F,0.9914,LPath
T102G,0.7336,LPath
T102H,0.9518,LPath
T102I,0.9495,LPath
T102K,0.9942,LPath
T102L,0.8364,LPath
T102M,0.7346,LPath
T102N,0.8647,LPath
T102P,0.9442,LPath
T102Q,0.9712,LPath
T102R,0.9922,LPath
T102S,0.2808,LBen
T102V,0.817,LPath
T102W,0.9984,LPath
T102Y,0.9939,LPath
L103A,0.956,LPath
L103C,0.936,LPath
L103D,0.9996,LPath
L103E,0.9964,LPath
L103F,0.898,LPath
L103G,0.9918,LPath
L103H,0.9923,LPath
L103I,0.5081,Amb
L103K,0.9948,LPath
L103M,0.4695,Amb
L103N,0.9943,LPath
L103P,0.9977,LPath
L103Q,0.9834,LPath
L103R,0.9892,LPath
L103S,0.9898,LPath
L103T,0.9706,LPath
L103V,0.5968,LPath
L103W,0.985,LPath
L103Y,0.988,LPath
Q104A,0.7678,LPath
Q104C,0.9621,LPath
Q104D,0.9538,LPath
Q104E,0.3974,Amb
Q104F,0.9835,LPath
Q104G,0.761,LPath
Q104H,0.7211,LPath
Q104I,0.9802,LPath
Q104K,0.9665,LPath
Q104L,0.8856,LPath
Q104M,0.8625,LPath
Q104N,0.5205,Amb
Q104P,0.9839,LPath
Q104R,0.9474,LPath
Q104S,0.4367,Amb
Q104T,0.8676,LPath
Q104V,0.9488,LPath
Q104W,0.9888,LPath
Q104Y,0.9711,LPath
Q105A,0.6581,LPath
Q105C,0.9606,LPath
Q105D,0.9453,LPath
Q105E,0.493,Amb
Q105F,0.9802,LPath
Q105G,0.653,LPath
Q105H,0.9088,LPath
Q105I,0.9265,LPath
Q105K,0.7908,LPath
Q105L,0.7182,LPath
Q105M,0.7201,LPath
Q105N,0.6904,LPath
Q105P,0.9923,LPath
Q105R,0.7818,LPath
Q105S,0.5941,LPath
Q105T,0.7525,LPath
Q105V,0.8491,LPath
Q105W,0.9922,LPath
Q105Y,0.979,LPath
I106A,0.3012,LBen
I106C,0.6191,LPath
I106D,0.9554,LPath
I106E,0.8865,LPath
I106F,0.3723,Amb
I106G,0.7693,LPath
I106H,0.884,LPath
I106K,0.8755,LPath
I106L,0.0715,LBen
I106M,0.0718,LBen
I106N,0.7064,LPath
I106P,0.9468,LPath
I106Q,0.7959,LPath
I106R,0.8168,LPath
I106S,0.4929,Amb
I106T,0.2019,LBen
I106V,0.0753,LBen
I106W,0.9015,LPath
I106Y,0.8395,LPath
E107A,0.3716,Amb
E107C,0.8646,LPath
E107D,0.1263,LBen
E107F,0.9068,LPath
E107G,0.5001,Amb
E107H,0.6507,LPath
E107I,0.6111,LPath
E107K,0.4927,Amb
E107L,0.6745,LPath
E107M,0.7244,LPath
E107N,0.4016,Amb
E107P,0.8006,LPath
E107Q,0.265,LBen
E107R,0.5913,LPath
E107S,0.3263,LBen
E107T,0.3612,Amb
E107V,0.4166,Amb
E107W,0.9672,LPath
E107Y,0.8208,LPath
P108A,0.1013,LBen
P108C,0.5292,Amb
P108D,0.74,LPath
P108E,0.5325,Amb
P108F,0.711,LPath
P108G,0.477,Amb
P108H,0.4945,Amb
P108I,0.3114,LBen
P108K,0.6965,LPath
P108L,0.1929,LBen
P108M,0.3354,LBen
P108N,0.5086,Amb
P108Q,0.3894,Amb
P108R,0.5719,LPath
P108S,0.2655,LBen
P108T,0.1567,LBen
P108V,0.1812,LBen
P108W,0.8625,LPath
P108Y,0.708,LPath
V109A,0.104,LBen
V109C,0.4194,Amb
V109D,0.2522,LBen
V109E,0.2029,LBen
V109F,0.1737,LBen
V109G,0.1165,LBen
V109H,0.3495,Amb
V109I,0.0756,LBen
V109K,0.2879,LBen
V109L,0.1244,LBen
V109M,0.1073,LBen
V109N,0.1358,LBen
V109P,0.4326,Amb
V109Q,0.18,LBen
V109R,0.2723,LBen
V109S,0.1011,LBen
V109T,0.1063,LBen
V109W,0.7333,LPath
V109Y,0.452,Amb
N110A,0.0876,LBen
N110C,0.1267,LBen
N110D,0.0795,LBen
N110E,0.154,LBen
N110F,0.3239,LBen
N110G,0.1307,LBen
N110H,0.0919,LBen
N110I,0.1502,LBen
N110K,0.1989,LBen
N110L,0.1355,LBen
N110M,0.1978,LBen
N110P,0.1229,LBen
N110Q,0.1555,LBen
N110R,0.2169,LBen
N110S,0.0655,LBen
N110T,0.0818,LBen
N110V,0.1247,LBen
N110W,0.5468,Amb
N110Y,0.1509,LBen
G111A,0.2623,LBen
G111C,0.2961,LBen
G111D,0.3209,LBen
G111E,0.3649,Amb
G111F,0.795,LPath
G111H,0.4414,Amb
G111I,0.7333,LPath
G111K,0.5724,LPath
G111L,0.6558,LPath
G111M,0.6875,LPath
G111N,0.2369,LBen
G111P,0.8352,LPath
G111Q,0.356,Amb
G111R,0.4501,Amb
G111S,0.1297,LBen
G111T,0.317,LBen
G111V,0.5848,LPath
G111W,0.7076,LPath
G111Y,0.6147,LPath
Q112A,0.1711,LBen
Q112C,0.4287,Amb
Q112D,0.3562,Amb
Q112E,0.0932,LBen
Q112F,0.5669,LPath
Q112G,0.2706,LBen
Q112H,0.193,LBen
Q112I,0.2858,LBen
Q112K,0.1458,LBen
Q112L,0.1501,LBen
Q112M,0.2655,LBen
Q112N,0.2074,LBen
Q112P,0.4315,Amb
Q112R,0.1643,LBen
Q112S,0.1721,LBen
Q112T,0.1476,LBen
Q112V,0.1829,LBen
Q112W,0.6605,LPath
Q112Y,0.4464,Amb
V113A,0.4199,Amb
V113C,0.7473,LPath
V113D,0.9596,LPath
V113E,0.944,LPath
V113F,0.7719,LPath
V113G,0.5784,LPath
V113H,0.9778,LPath
V113I,0.1162,LBen
V113K,0.9612,LPath
V113L,0.5272,Amb
V113M,0.5011,Amb
V113N,0.8458,LPath
V113P,0.5134,Amb
V113Q,0.9355,LPath
V113R,0.9477,LPath
V113S,0.657,LPath
V113T,0.4256,Amb
V113W,0.9911,LPath
V113Y,0.9679,LPath
T114A,0.0804,LBen
T114C,0.2199,LBen
T114D,0.5531,Amb
T114E,0.4739,Amb
T114F,0.4031,Amb
T114G,0.1344,LBen
T114H,0.3337,LBen
T114I,0.3458,Amb
T114K,0.4897,Amb
T114L,0.1697,LBen
T114M,0.1157,LBen
T114N,0.1376,LBen
T114P,0.4387,Amb
T114Q,0.2957,LBen
T114R,0.461,Amb
T114S,0.0714,LBen
T114V,0.2014,LBen
T114W,0.7245,LPath
T114Y,0.3933,Amb
V115A,0.2889,LBen
V115C,0.7549,LPath
V115D,0.9862,LPath
V115E,0.9812,LPath
V115F,0.9196,LPath
V115G,0.6852,LPath
V115H,0.9903,LPath
V115I,0.1577,LBen
V115K,0.9917,LPath
V115L,0.7758,LPath
V115M,0.668,LPath
V115N,0.928,LPath
V115P,0.9881,LPath
V115Q,0.9695,LPath
V115R,0.9839,LPath
V115S,0.4719,Amb
V115T,0.3328,LBen
V115W,0.9986,LPath
V115Y,0.9899,LPath
L116A,0.8371,LPath
L116C,0.8473,LPath
L116D,0.9992,LPath
L116E,0.9958,LPath
L116F,0.764,LPath
L116G,0.9853,LPath
L116H,0.991,LPath
L116I,0.1765,LBen
L116K,0.9954,LPath
L116M,0.2832,LBen
L116N,0.9944,LPath
L116P,0.9948,LPath
L116Q,0.9816,LPath
L116R,0.9911,LPath
L116S,0.9787,LPath
L116T,0.8969,LPath
L116V,0.1584,LBen
L116W,0.9836,LPath
L116Y,0.9868,LPath
V117A,0.71,LPath
V117C,0.8917,LPath
V117D,0.9927,LPath
V117E,0.9873,LPath
V117F,0.9546,LPath
V117G,0.7981,LPath
V117H,0.9961,LPath
V117I,0.1669,LBen
V117K,0.9954,LPath
V117L,0.8254,LPath
V117M,0.8796,LPath
V117N,0.9722,LPath
V117P,0.9917,LPath
V117Q,0.9849,LPath
V117R,0.9897,LPath
V117S,0.8344,LPath
V117T,0.7588,LPath
V117W,0.9992,LPath
V117Y,0.9962,LPath
M118A,0.8009,LPath
M118C,0.865,LPath
M118D,0.9983,LPath
M118E,0.9908,LPath
M118F,0.8833,LPath
M118G,0.9695,LPath
M118H,0.9942,LPath
M118I,0.6458,LPath
M118K,0.9863,LPath
M118L,0.1214,LBen
M118N,0.9819,LPath
M118P,0.9958,LPath
M118Q,0.9549,LPath
M118R,0.9888,LPath
M118S,0.9275,LPath
M118T,0.7867,LPath
M118V,0.2309,LBen
M118W,0.9966,LPath
M118Y,0.9931,LPath
C119A,0.7177,LPath
C119D,0.9973,LPath
C119E,0.9986,LPath
C119F,0.9886,LPath
C119G,0.68,LPath
C119H,0.997,LPath
C119I,0.9816,LPath
C119K,0.9995,LPath
C119L,0.9665,LPath
C119M,0.987,LPath
C119N,0.9869,LPath
C119P,0.9967,LPath
C119Q,0.9969,LPath
C119R,0.9935,LPath
C119S,0.7656,LPath
C119T,0.8852,LPath
C119V,0.8743,LPath
C119W,0.998,LPath
C119Y,0.9958,LPath
H120A,0.9711,LPath
H120C,0.8408,LPath
H120D,0.9822,LPath
H120E,0.992,LPath
H120F,0.9624,LPath
H120G,0.9823,LPath
H120I,0.9926,LPath
H120K,0.9933,LPath
H120L,0.9341,LPath
H120M,0.9901,LPath
H120N,0.8513,LPath
H120P,0.5433,Amb
H120Q,0.9755,LPath
H120R,0.9754,LPath
H120S,0.9223,LPath
H120T,0.9884,LPath
H120V,0.9886,LPath
H120W,0.9399,LPath
H120Y,0.8977,LPath
T121A,0.704,LPath
T121C,0.9539,LPath
T121D,0.9857,LPath
T121E,0.9691,LPath
T121F,0.973,LPath
T121G,0.9169,LPath
T121H,0.9676,LPath
T121I,0.9749,LPath
T121K,0.9653,LPath
T121L,0.893,LPath
T121M,0.8607,LPath
T121N,0.9231,LPath
T121P,0.9062,LPath
T121Q,0.9396,LPath
T121R,0.9316,LPath
T121S,0.7492,LPath
T121V,0.9187,LPath
T121W,0.9926,LPath
T121Y,0.9834,LPath
R122A,0.9777,LPath
R122C,0.9364,LPath
R122D,0.9905,LPath
R122E,0.9437,LPath
R122F,0.9907,LPath
R122G,0.9493,LPath
R122H,0.8761,LPath
R122I,0.9879,LPath
R122K,0.8711,LPath
R122L,0.9615,LPath
R122M,0.989,LPath
R122N,0.9905,LPath
R122P,0.9764,LPath
R122Q,0.8711,LPath
R122S,0.9814,LPath
R122T,0.9788,LPath
R122V,0.9819,LPath
R122W,0.8822,LPath
R122Y,0.971,LPath
E123A,0.9728,LPath
E123C,0.9949,LPath
E123D,0.9839,LPath
E123F,0.9973,LPath
E123G,0.975,LPath
E123H,0.9955,LPath
E123I,0.9941,LPath
E123K,0.9898,LPath
E123L,0.9941,LPath
E123M,0.9956,LPath
E123N,0.9963,LPath
E123P,0.9931,LPath
E123Q,0.9593,LPath
E123R,0.9839,LPath
E123S,0.9851,LPath
E123T,0.9947,LPath
E123V,0.9849,LPath
E123W,0.999,LPath
E123Y,0.9957,LPath
L124A,0.9423,LPath
L124C,0.9831,LPath
L124D,0.9971,LPath
L124E,0.981,LPath
L124F,0.9767,LPath
L124G,0.9676,LPath
L124H,0.9891,LPath
L124I,0.8624,LPath
L124K,0.98,LPath
L124M,0.7071,LPath
L124N,0.9697,LPath
L124P,0.9969,LPath
L124Q,0.9812,LPath
L124R,0.9742,LPath
L124S,0.9853,LPath
L124T,0.9639,LPath
L124V,0.877,LPath
L124W,0.9899,LPath
L124Y,0.9881,LPath
A125C,0.886,LPath
A125D,0.9922,LPath
A125E,0.9913,LPath
A125F,0.9905,LPath
A125G,0.5693,LPath
A125H,0.9944,LPath
A125I,0.9807,LPath
A125K,0.998,LPath
A125L,0.8954,LPath
A125M,0.9742,LPath
A125N,0.9795,LPath
A125P,0.9746,LPath
A125Q,0.9808,LPath
A125R,0.9828,LPath
A125S,0.4136,Amb
A125T,0.877,LPath
A125V,0.9092,LPath
A125W,0.9985,LPath
A125Y,0.9931,LPath
F126A,0.9077,LPath
F126C,0.7534,LPath
F126D,0.9782,LPath
F126E,0.9744,LPath
F126G,0.9533,LPath
F126H,0.8492,LPath
F126I,0.7255,LPath
F126K,0.9716,LPath
F126L,0.952,LPath
F126M,0.8409,LPath
F126N,0.9215,LPath
F126P,0.999,LPath
F126Q,0.9396,LPath
F126R,0.9275,LPath
F126S,0.8596,LPath
F126T,0.9161,LPath
F126V,0.6483,LPath
F126W,0.6817,LPath
F126Y,0.2399,LBen
Q127A,0.8364,LPath
Q127C,0.9949,LPath
Q127D,0.9896,LPath
Q127E,0.7919,LPath
Q127F,0.9874,LPath
Q127G,0.8622,LPath
Q127H,0.9891,LPath
Q127I,0.961,LPath
Q127K,0.9671,LPath
Q127L,0.8886,LPath
Q127M,0.9176,LPath
Q127N,0.9587,LPath
Q127P,0.9582,LPath
Q127R,0.9537,LPath
Q127S,0.7701,LPath
Q127T,0.8708,LPath
Q127V,0.9336,LPath
Q127W,0.9932,LPath
Q127Y,0.9939,LPath
I128A,0.9357,LPath
I128C,0.9753,LPath
I128D,0.995,LPath
I128E,0.9907,LPath
I128F,0.9653,LPath
I128G,0.987,LPath
I128H,0.9952,LPath
I128K,0.9912,LPath
I128L,0.7234,LPath
I128M,0.6552,LPath
I128N,0.9343,LPath
I128P,0.9964,LPath
I128Q,0.9905,LPath
I128R,0.9874,LPath
I128S,0.9174,LPath
I128T,0.8163,LPath
I128V,0.2181,LBen
I128W,0.9985,LPath
I128Y,0.9939,LPath
S129A,0.102,LBen
S129C,0.087,LBen
S129D,0.8761,LPath
S129E,0.7487,LPath
S129F,0.4593,Amb
S129G,0.0817,LBen
S129H,0.4325,Amb
S129I,0.5923,LPath
S129K,0.7905,LPath
S129L,0.3302,LBen
S129M,0.4174,Amb
S129N,0.4035,Amb
S129P,0.9722,LPath
S129Q,0.4854,Amb
S129R,0.6366,LPath
S129T,0.2328,LBen
S129V,0.4864,Amb
S129W,0.544,Amb
S129Y,0.3925,Amb
K130A,0.6586,LPath
K130C,0.7848,LPath
K130D,0.8777,LPath
K130E,0.4911,Amb
K130F,0.9562,LPath
K130G,0.6804,LPath
K130H,0.464,Amb
K130I,0.8201,LPath
K130L,0.6534,LPath
K130M,0.5623,Amb
K130N,0.7522,LPath
K130P,0.9861,LPath
K130Q,0.2618,LBen
K130R,0.0924,LBen
K130S,0.7277,LPath
K130T,0.5225,Amb
K130V,0.6934,LPath
K130W,0.9036,LPath
K130Y,0.8798,LPath
E131A,0.9474,LPath
E131C,0.9912,LPath
E131D,0.9803,LPath
E131F,0.9974,LPath
E131G,0.9563,LPath
E131H,0.9971,LPath
E131I,0.9838,LPath
E131K,0.9929,LPath
E131L,0.9955,LPath
E131M,0.9936,LPath
E131N,0.9848,LPath
E131P,0.998,LPath
E131Q,0.9497,LPath
E131R,0.9898,LPath
E131S,0.9693,LPath
E131T,0.9778,LPath
E131V,0.9365,LPath
E131W,0.9992,LPath
E131Y,0.9943,LPath
Y132A,0.9868,LPath
Y132C,0.8766,LPath
Y132D,0.9935,LPath
Y132E,0.9982,LPath
Y132F,0.1411,LBen
Y132G,0.9735,LPath
Y132H,0.978,LPath
Y132I,0.9557,LPath
Y132K,0.9982,LPath
Y132L,0.92,LPath
Y132M,0.9424,LPath
Y132N,0.9721,LPath
Y132P,0.9993,LPath
Y132Q,0.9978,LPath
Y132R,0.9966,LPath
Y132S,0.9742,LPath
Y132T,0.9863,LPath
Y132V,0.9263,LPath
Y132W,0.8246,LPath
E133A,0.2372,LBen
E133C,0.7991,LPath
E133D,0.2791,LBen
E133F,0.8212,LPath
E133G,0.2153,LBen
E133H,0.5474,Amb
E133I,0.4696,Amb
E133K,0.2601,LBen
E133L,0.4368,Amb
E133M,0.5257,Amb
E133N,0.4328,Amb
E133P,0.9841,LPath
E133Q,0.138,LBen
E133R,0.3429,Amb
E133S,0.2928,LBen
E133T,0.2969,LBen
E133V,0.3174,LBen
E133W,0.9286,LPath
E133Y,0.7458,LPath
R134A,0.9718,LPath
R134C,0.8781,LPath
R134D,0.981,LPath
R134E,0.9379,LPath
R134F,0.9819,LPath
R134G,0.9411,LPath
R134H,0.8019,LPath
R134I,0.9412,LPath
R134K,0.7565,LPath
R134L,0.9083,LPath
R134M,0.9764,LPath
R134N,0.9646,LPath
R134P,0.9931,LPath
R134Q,0.8274,LPath
R134S,0.9799,LPath
R134T,0.9661,LPath
R134V,0.9557,LPath
R134W,0.9112,LPath
R134Y,0.9442,LPath
F135A,0.9927,LPath
F135C,0.9622,LPath
F135D,0.9986,LPath
F135E,0.9981,LPath
F135G,0.9962,LPath
F135H,0.9894,LPath
F135I,0.9092,LPath
F135K,0.9973,LPath
F135L,0.9816,LPath
F135M,0.9325,LPath
F135N,0.9942,LPath
F135P,0.9998,LPath
F135Q,0.9953,LPath
F135R,0.9939,LPath
F135S,0.9943,LPath
F135T,0.995,LPath
F135V,0.9344,LPath
F135W,0.9444,LPath
F135Y,0.7367,LPath
S136A,0.0815,LBen
S136C,0.0833,LBen
S136D,0.9644,LPath
S136E,0.9162,LPath
S136F,0.7318,LPath
S136G,0.1076,LBen
S136H,0.8353,LPath
S136I,0.4606,Amb
S136K,0.9339,LPath
S136L,0.2266,LBen
S136M,0.3928,Amb
S136N,0.6709,LPath
S136P,0.971,LPath
S136Q,0.7659,LPath
S136R,0.8787,LPath
S136T,0.1393,LBen
S136V,0.3514,Amb
S136W,0.868,LPath
S136Y,0.7569,LPath
K137A,0.6001,LPath
K137C,0.6902,LPath
K137D,0.888,LPath
K137E,0.5285,Amb
K137F,0.9248,LPath
K137G,0.6946,LPath
K137H,0.455,Amb
K137I,0.6725,LPath
K137L,0.6151,LPath
K137M,0.516,Amb
K137N,0.7696,LPath
K137P,0.9534,LPath
K137Q,0.2531,LBen
K137R,0.0774,LBen
K137S,0.701,LPath
K137T,0.3869,Amb
K137V,0.544,Amb
K137W,0.8988,LPath
K137Y,0.8346,LPath
Y138A,0.9604,LPath
Y138C,0.7615,LPath
Y138D,0.9439,LPath
Y138E,0.9781,LPath
Y138F,0.2168,LBen
Y138G,0.9093,LPath
Y138H,0.6948,LPath
Y138I,0.9545,LPath
Y138K,0.9774,LPath
Y138L,0.9127,LPath
Y138M,0.9593,LPath
Y138N,0.797,LPath
Y138P,0.9833,LPath
Y138Q,0.9725,LPath
Y138R,0.9457,LPath
Y138S,0.9054,LPath
Y138T,0.9664,LPath
Y138V,0.9136,LPath
Y138W,0.7599,LPath
M139A,0.8198,LPath
M139C,0.7557,LPath
M139D,0.968,LPath
M139E,0.8871,LPath
M139F,0.5304,Amb
M139G,0.9508,LPath
M139H,0.8239,LPath
M139I,0.4786,Amb
M139K,0.7104,LPath
M139L,0.1068,LBen
M139N,0.8532,LPath
M139P,0.9923,LPath
M139Q,0.6306,LPath
M139R,0.7231,LPath
M139S,0.7938,LPath
M139T,0.7269,LPath
M139V,0.1928,LBen
M139W,0.8619,LPath
M139Y,0.8157,LPath
P140A,0.0981,LBen
P140C,0.4029,Amb
P140D,0.3553,Amb
P140E,0.3059,LBen
P140F,0.5859,LPath
P140G,0.2121,LBen
P140H,0.2011,LBen
P140I,0.3966,Amb
P140K,0.3147,LBen
P140L,0.1844,LBen
P140M,0.3529,Amb
P140N,0.2125,LBen
P140Q,0.1738,LBen
P140R,0.2607,LBen
P140S,0.1078,LBen
P140T,0.1181,LBen
P140V,0.2465,LBen
P140W,0.7172,LPath
P140Y,0.4892,Amb
S141A,0.0636,LBen
S141C,0.0884,LBen
S141D,0.1934,LBen
S141E,0.2692,LBen
S141F,0.146,LBen
S141G,0.0668,LBen
S141H,0.1764,LBen
S141I,0.1353,LBen
S141K,0.3904,Amb
S141L,0.0779,LBen
S141M,0.1209,LBen
S141N,0.0795,LBen
S141P,0.1989,LBen
S141Q,0.2692,LBen
S141R,0.393,Amb
S141T,0.0666,LBen
S141V,0.1157,LBen
S141W,0.2609,LBen
S141Y,0.1371,LBen
V142A,0.5055,Amb
V142C,0.7308,LPath
V142D,0.9659,LPath
V142E,0.9376,LPath
V142F,0.4602,Amb
V142G,0.6968,LPath
V142H,0.9598,LPath
V142I,0.0776,LBen
V142K,0.9532,LPath
V142L,0.2499,LBen
V142M,0.2719,LBen
V142N,0.8596,LPath
V142P,0.8902,LPath
V142Q,0.906,LPath
V142R,0.9321,LPath
V142S,0.7046,LPath
V142T,0.4786,Amb
V142W,0.967,LPath
V142Y,0.8961,LPath
K143A,0.4417,Amb
K143C,0.5679,LPath
K143D,0.7032,LPath
K143E,0.2753,LBen
K143F,0.8517,LPath
K143G,0.5381,Amb
K143H,0.2914,LBen
K143I,0.5481,Amb
K143L,0.4801,Amb
K143M,0.357,Amb
K143N,0.531,Amb
K143P,0.9012,LPath
K143Q,0.1403,LBen
K143R,0.0758,LBen
K143S,0.4592,Amb
K143T,0.2397,LBen
K143V,0.4334,Amb
K143W,0.8092,LPath
K143Y,0.735,LPath
V144A,0.2752,LBen
V144C,0.5725,LPath
V144D,0.8661,LPath
V144E,0.8617,LPath
V144F,0.4704,Amb
V144G,0.362,Amb
V144H,0.8975,LPath
V144I,0.1136,LBen
V144K,0.9016,LPath
V144L,0.5103,Amb
V144M,0.3889,Amb
V144N,0.6138,LPath
V144P,0.8198,LPath
V144Q,0.8313,LPath
V144R,0.8656,LPath
V144S,0.3415,Amb
V144T,0.2522,LBen
V144W,0.9604,LPath
V144Y,0.8402,LPath
S145A,0.0755,LBen
S145C,0.1019,LBen
S145D,0.5457,Amb
S145E,0.6365,LPath
S145F,0.4495,Amb
S145G,0.0782,LBen
S145H,0.4628,Amb
S145I,0.4939,Amb
S145K,0.8267,LPath
S145L,0.2341,LBen
S145M,0.3294,LBen
S145N,0.2442,LBen
S145P,0.8922,LPath
S145Q,0.5703,LPath
S145R,0.7626,LPath
S145T,0.1435,LBen
S145V,0.3603,Amb
S145W,0.5906,LPath
S145Y,0.3961,Amb
V146A,0.4533,Amb
V146C,0.7406,LPath
V146D,0.9327,LPath
V146E,0.9237,LPath
V146F,0.7225,LPath
V146G,0.5862,LPath
V146H,0.9487,LPath
V146I,0.1603,LBen
V146K,0.9265,LPath
V146L,0.6081,LPath
V146M,0.509,Amb
V146N,0.7247,LPath
V146P,0.8663,LPath
V146Q,0.8745,LPath
V146R,0.8675,LPath
V146S,0.4943,Amb
V146T,0.3726,Amb
V146W,0.9864,LPath
V146Y,0.939,LPath
F147A,0.957,LPath
F147C,0.5802,LPath
F147D,0.9979,LPath
F147E,0.9978,LPath
F147G,0.9863,LPath
F147H,0.9672,LPath
F147I,0.6627,LPath
F147K,0.9977,LPath
F147L,0.9561,LPath
F147M,0.8958,LPath
F147N,0.9859,LPath
F147P,0.999,LPath
F147Q,0.9933,LPath
F147R,0.9915,LPath
F147S,0.9483,LPath
F147T,0.9666,LPath
F147V,0.6007,LPath
F147W,0.8884,LPath
F147Y,0.4282,Amb
F148A,0.9238,LPath
F148C,0.7724,LPath
F148D,0.9926,LPath
F148E,0.9942,LPath
F148G,0.9641,LPath
F148H,0.9408,LPath
F148I,0.7487,LPath
F148K,0.9935,LPath
F148L,0.9802,LPath
F148M,0.9239,LPath
F148N,0.9775,LPath
F148P,0.9947,LPath
F148Q,0.983,LPath
F148R,0.9719,LPath
F148S,0.8523,LPath
F148T,0.8854,LPath
F148V,0.6807,LPath
F148W,0.8148,LPath
F148Y,0.4502,Amb
G149A,0.9323,LPath
G149C,0.9661,LPath
G149D,0.9936,LPath
G149E,0.994,LPath
G149F,0.9941,LPath
G149H,0.9962,LPath
G149I,0.992,LPath
G149K,0.9963,LPath
G149L,0.99,LPath
G149M,0.9968,LPath
G149N,0.9956,LPath
G149P,0.9944,LPath
G149Q,0.9927,LPath
G149R,0.9824,LPath
G149S,0.9094,LPath
G149T,0.9788,LPath
G149V,0.9843,LPath
G149W,0.9795,LPath
G149Y,0.993,LPath
G150A,0.9333,LPath
G150C,0.9656,LPath
G150D,0.9847,LPath
G150E,0.9875,LPath
G150F,0.9869,LPath
G150H,0.995,LPath
G150I,0.9764,LPath
G150K,0.9924,LPath
G150L,0.9849,LPath
G150M,0.9902,LPath
G150N,0.9836,LPath
G150P,0.9967,LPath
G150Q,0.9901,LPath
G150R,0.9826,LPath
G150S,0.9034,LPath
G150T,0.9652,LPath
G150V,0.9692,LPath
G150W,0.9827,LPath
G150Y,0.9873,LPath
L151A,0.3774,Amb
L151C,0.5425,Amb
L151D,0.8478,LPath
L151E,0.5837,LPath
L151F,0.2094,LBen
L151G,0.6327,LPath
L151H,0.3867,Amb
L151I,0.1316,LBen
L151K,0.4373,Amb
L151M,0.1063,LBen
L151N,0.4558,Amb
L151P,0.8431,LPath
L151Q,0.2532,LBen
L151R,0.3732,Amb
L151S,0.3792,Amb
L151T,0.2742,LBen
L151V,0.1214,LBen
L151W,0.4518,Amb
L151Y,0.5226,Amb
S152A,0.0892,LBen
S152C,0.1422,LBen
S152D,0.5086,Amb
S152E,0.7297,LPath
S152F,0.476,Amb
S152G,0.113,LBen
S152H,0.4606,Amb
S152I,0.3448,Amb
S152K,0.853,LPath
S152L,0.1472,LBen
S152M,0.2484,LBen
S152N,0.1444,LBen
S152P,0.0895,LBen
S152Q,0.5803,LPath
S152R,0.8329,LPath
S152T,0.1167,LBen
S152V,0.272,LBen
S152W,0.599,LPath
S152Y,0.4353,Amb
I153A,0.4871,Amb
I153C,0.7687,LPath
I153D,0.9425,LPath
I153E,0.8353,LPath
I153F,0.3269,LBen
I153G,0.7786,LPath
I153H,0.807,LPath
I153K,0.7702,LPath
I153L,0.1314,LBen
I153M,0.1162,LBen
I153N,0.6122,LPath
I153P,0.668,LPath
I153Q,0.6395,LPath
I153R,0.6865,LPath
I153S,0.5155,Amb
I153T,0.4715,Amb
I153V,0.0763,LBen
I153W,0.8885,LPath
I153Y,0.7384,LPath
K154A,0.393,Amb
K154C,0.6866,LPath
K154D,0.7456,LPath
K154E,0.3261,LBen
K154F,0.8602,LPath
K154G,0.4456,Amb
K154H,0.3535,Amb
K154I,0.5556,Amb
K154L,0.4933,Amb
K154M,0.432,Amb
K154N,0.6484,LPath
K154P,0.7494,LPath
K154Q,0.1418,LBen
K154R,0.0782,LBen
K154S,0.4912,Amb
K154T,0.3044,LBen
K154V,0.4643,Amb
K154W,0.7777,LPath
K154Y,0.7599,LPath
K155A,0.2868,LBen
K155C,0.6322,LPath
K155D,0.4186,Amb
K155E,0.1647,LBen
K155F,0.7969,LPath
K155G,0.3746,Amb
K155H,0.2922,LBen
K155I,0.3963,Amb
K155L,0.3655,Amb
K155M,0.2555,LBen
K155N,0.3282,LBen
K155P,0.7307,LPath
K155Q,0.1249,LBen
K155R,0.0822,LBen
K155S,0.3607,Amb
K155T,0.182,LBen
K155V,0.322,LBen
K155W,0.7268,LPath
K155Y,0.6134,LPath
D156A,0.8489,LPath
D156C,0.9694,LPath
D156E,0.7968,LPath
D156F,0.991,LPath
D156G,0.8472,LPath
D156H,0.9239,LPath
D156I,0.967,LPath
D156K,0.9803,LPath
D156L,0.9707,LPath
D156M,0.984,LPath
D156N,0.5235,Amb
D156P,0.9925,LPath
D156Q,0.9378,LPath
D156R,0.9812,LPath
D156S,0.7519,LPath
D156T,0.906,LPath
D156V,0.9072,LPath
D156W,0.9964,LPath
D156Y,0.911,LPath
E157A,0.2635,LBen
E157C,0.8744,LPath
E157D,0.3955,Amb
E157F,0.9173,LPath
E157G,0.3507,Amb
E157H,0.7811,LPath
E157I,0.464,Amb
E157K,0.3732,Amb
E157L,0.5592,Amb
E157M,0.5296,Amb
E157N,0.5812,LPath
E157P,0.992,LPath
E157Q,0.217,LBen
E157R,0.5339,Amb
E157S,0.4222,Amb
E157T,0.3761,Amb
E157V,0.3219,LBen
E157W,0.9748,LPath
E157Y,0.8623,LPath
E158A,0.1203,LBen
E158C,0.7393,LPath
E158D,0.0843,LBen
E158F,0.6999,LPath
E158G,0.1864,LBen
E158H,0.5061,Amb
E158I,0.3048,LBen
E158K,0.3463,Amb
E158L,0.2967,LBen
E158M,0.3455,Amb
E158N,0.209,LBen
E158P,0.9414,LPath
E158Q,0.1889,LBen
E158R,0.4614,Amb
E158S,0.1819,LBen
E158T,0.1985,LBen
E158V,0.1989,LBen
E158W,0.8829,LPath
E158Y,0.5533,Amb
V159A,0.1263,LBen
V159C,0.4973,Amb
V159D,0.2433,LBen
V159E,0.2026,LBen
V159F,0.1337,LBen
V159G,0.1528,LBen
V159H,0.3979,Amb
V159I,0.0727,LBen
V159K,0.3231,LBen
V159L,0.1181,LBen
V159M,0.0873,LBen
V159N,0.1346,LBen
V159P,0.9051,LPath
V159Q,0.2283,LBen
V159R,0.3167,LBen
V159S,0.1362,LBen
V159T,0.1081,LBen
V159W,0.6725,LPath
V159Y,0.3776,Amb
L160A,0.8582,LPath
L160C,0.8335,LPath
L160D,0.9975,LPath
L160E,0.9827,LPath
L160F,0.4436,Amb
L160G,0.9721,LPath
L160H,0.9539,LPath
L160I,0.2032,LBen
L160K,0.9688,LPath
L160M,0.25,LBen
L160N,0.9813,LPath
L160P,0.9868,LPath
L160Q,0.9109,LPath
L160R,0.936,LPath
L160S,0.9635,LPath
L160T,0.8972,LPath
L160V,0.2796,LBen
L160W,0.8204,LPath
L160Y,0.9134,LPath
K161A,0.3509,Amb
K161C,0.4933,Amb
K161D,0.7279,LPath
K161E,0.278,LBen
K161F,0.8009,LPath
K161G,0.3765,Amb
K161H,0.2587,LBen
K161I,0.522,Amb
K161L,0.3794,Amb
K161M,0.3392,LBen
K161N,0.5601,Amb
K161P,0.8908,LPath
K161Q,0.1077,LBen
K161R,0.0648,LBen
K161S,0.4538,Amb
K161T,0.3281,LBen
K161V,0.4456,Amb
K161W,0.6431,LPath
K161Y,0.6529,LPath
K162A,0.1933,LBen
K162C,0.3423,Amb
K162D,0.3462,Amb
K162E,0.1396,LBen
K162F,0.6483,LPath
K162G,0.2034,LBen
K162H,0.1817,LBen
K162I,0.2831,LBen
K162L,0.2462,LBen
K162M,0.1922,LBen
K162N,0.2084,LBen
K162P,0.7967,LPath
K162Q,0.0853,LBen
K162R,0.0658,LBen
K162S,0.2081,LBen
K162T,0.1233,LBen
K162V,0.236,LBen
K162W,0.5516,Amb
K162Y,0.4426,Amb
N163A,0.1237,LBen
N163C,0.1286,LBen
N163D,0.1216,LBen
N163E,0.2179,LBen
N163F,0.3356,LBen
N163G,0.1769,LBen
N163H,0.0918,LBen
N163I,0.129,LBen
N163K,0.2389,LBen
N163L,0.1866,LBen
N163M,0.198,LBen
N163P,0.6082,LPath
N163Q,0.1778,LBen
N163R,0.2549,LBen
N163S,0.0779,LBen
N163T,0.0752,LBen
N163V,0.1136,LBen
N163W,0.5703,LPath
N163Y,0.1127,LBen
C164A,0.2711,LBen
C164D,0.7237,LPath
C164E,0.7404,LPath
C164F,0.2191,LBen
C164G,0.2144,LBen
C164H,0.3552,Amb
C164I,0.363,Amb
C164K,0.5827,LPath
C164L,0.3443,Amb
C164M,0.4986,Amb
C164N,0.4112,Amb
C164P,0.3066,LBen
C164Q,0.4282,Amb
C164R,0.2898,LBen
C164S,0.2005,LBen
C164T,0.2766,LBen
C164V,0.2848,LBen
C164W,0.5097,Amb
C164Y,0.2729,LBen
P165A,0.5544,Amb
P165C,0.8669,LPath
P165D,0.9921,LPath
P165E,0.9832,LPath
P165F,0.9779,LPath
P165G,0.9369,LPath
P165H,0.9404,LPath
P165I,0.8524,LPath
P165K,0.9862,LPath
P165L,0.7748,LPath
P165M,0.9441,LPath
P165N,0.9794,LPath
P165Q,0.9409,LPath
P165R,0.9407,LPath
P165S,0.8173,LPath
P165T,0.777,LPath
P165V,0.7161,LPath
P165W,0.9901,LPath
P165Y,0.9805,LPath
H166A,0.5597,Amb
H166C,0.4078,Amb
H166D,0.4795,Amb
H166E,0.7909,LPath
H166F,0.7723,LPath
H166G,0.7327,LPath
H166I,0.825,LPath
H166K,0.94,LPath
H166L,0.5567,Amb
H166M,0.7751,LPath
H166N,0.1505,LBen
H166P,0.6404,LPath
H166Q,0.4815,Amb
H166R,0.8369,LPath
H166S,0.3062,LBen
H166T,0.5782,LPath
H166V,0.7322,LPath
H166W,0.8647,LPath
H166Y,0.4765,Amb
V167A,0.7085,LPath
V167C,0.8816,LPath
V167D,0.9957,LPath
V167E,0.9884,LPath
V167F,0.7385,LPath
V167G,0.9034,LPath
V167H,0.9941,LPath
V167I,0.0745,LBen
V167K,0.9926,LPath
V167L,0.4457,Amb
V167M,0.4938,Amb
V167N,0.9838,LPath
V167P,0.9931,LPath
V167Q,0.9855,LPath
V167R,0.985,LPath
V167S,0.9222,LPath
V167T,0.8146,LPath
V167W,0.9935,LPath
V167Y,0.9802,LPath
V168A,0.5051,Amb
V168C,0.8629,LPath
V168D,0.9958,LPath
V168E,0.9918,LPath
V168F,0.7202,LPath
V168G,0.8183,LPath
V168H,0.9948,LPath
V168I,0.1002,LBen
V168K,0.9944,LPath
V168L,0.3954,Amb
V168M,0.5128,Amb
V168N,0.9859,LPath
V168P,0.9911,LPath
V168Q,0.9861,LPath
V168R,0.9866,LPath
V168S,0.8881,LPath
V168T,0.7483,LPath
V168W,0.9935,LPath
V168Y,0.9802,LPath
V169A,0.7475,LPath
V169C,0.9352,LPath
V169D,0.9959,LPath
V169E,0.9912,LPath
V169F,0.9541,LPath
V169G,0.9167,LPath
V169H,0.9974,LPath
V169I,0.1521,LBen
V169K,0.9958,LPath
V169L,0.8902,LPath
V169M,0.8956,LPath
V169N,0.9885,LPath
V169P,0.9914,LPath
V169Q,0.9901,LPath
V169R,0.9877,LPath
V169S,0.8605,LPath
V169T,0.727,LPath
V169W,0.9985,LPath
V169Y,0.9969,LPath
G170A,0.5955,LPath
G170C,0.9399,LPath
G170D,0.9948,LPath
G170E,0.9971,LPath
G170F,0.9968,LPath
G170H,0.9989,LPath
G170I,0.9937,LPath
G170K,0.999,LPath
G170L,0.988,LPath
G170M,0.9955,LPath
G170N,0.9976,LPath
G170P,0.9992,LPath
G170Q,0.9969,LPath
G170R,0.9939,LPath
G170S,0.854,LPath
G170T,0.9786,LPath
G170V,0.9815,LPath
G170W,0.9973,LPath
G170Y,0.9981,LPath
T171A,0.8901,LPath
T171C,0.8782,LPath
T171D,0.9942,LPath
T171E,0.9873,LPath
T171F,0.987,LPath
T171G,0.9642,LPath
T171H,0.9792,LPath
T171I,0.9737,LPath
T171K,0.9817,LPath
T171L,0.9187,LPath
T171M,0.8688,LPath
T171N,0.9276,LPath
T171P,0.8491,LPath
T171Q,0.9792,LPath
T171R,0.9718,LPath
T171S,0.8627,LPath
T171V,0.9255,LPath
T171W,0.998,LPath
T171Y,0.9909,LPath
P172A,0.8138,LPath
P172C,0.9883,LPath
P172D,0.9989,LPath
P172E,0.9971,LPath
P172F,0.999,LPath
P172G,0.981,LPath
P172H,0.9952,LPath
P172I,0.9858,LPath
P172K,0.9976,LPath
P172L,0.9437,LPath
P172M,0.991,LPath
P172N,0.9975,LPath
P172Q,0.9931,LPath
P172R,0.9881,LPath
P172S,0.9632,LPath
P172T,0.9368,LPath
P172V,0.9542,LPath
P172W,0.9995,LPath
P172Y,0.9992,LPath
G173A,0.9495,LPath
G173C,0.9911,LPath
G173D,0.9981,LPath
G173E,0.9968,LPath
G173F,0.9969,LPath
G173H,0.9991,LPath
G173I,0.9956,LPath
G173K,0.9985,LPath
G173L,0.9947,LPath
G173M,0.9975,LPath
G173N,0.9977,LPath
G173P,0.9975,LPath
G173Q,0.9967,LPath
G173R,0.9946,LPath
G173S,0.9598,LPath
G173T,0.9904,LPath
G173V,0.9891,LPath
G173W,0.9949,LPath
G173Y,0.9978,LPath
R174A,0.996,LPath
R174C,0.9643,LPath
R174D,0.9973,LPath
R174E,0.9813,LPath
R174F,0.9981,LPath
R174G,0.9874,LPath
R174H,0.9567,LPath
R174I,0.9939,LPath
R174K,0.9518,LPath
R174L,0.9861,LPath
R174M,0.9972,LPath
R174N,0.9958,LPath
R174P,0.998,LPath
R174Q,0.9557,LPath
R174S,0.9969,LPath
R174T,0.9952,LPath
R174V,0.9941,LPath
R174W,0.9805,LPath
R174Y,0.995,LPath
I175A,0.7871,LPath
I175C,0.8328,LPath
I175D,0.9963,LPath
I175E,0.9911,LPath
I175F,0.6961,LPath
I175G,0.9569,LPath
I175H,0.9893,LPath
I175K,0.9906,LPath
I175L,0.1499,LBen
I175M,0.1734,LBen
I175N,0.924,LPath
I175P,0.9945,LPath
I175Q,0.9817,LPath
I175R,0.9872,LPath
I175S,0.8348,LPath
I175T,0.5225,Amb
I175V,0.0937,LBen
I175W,0.9937,LPath
I175Y,0.9782,LPath
L176A,0.54,Amb
L176C,0.721,LPath
L176D,0.9732,LPath
L176E,0.8741,LPath
L176F,0.4523,Amb
L176G,0.7776,LPath
L176H,0.5516,Amb
L176I,0.4619,Amb
L176K,0.6884,LPath
L176M,0.2771,LBen
L176N,0.6603,LPath
L176P,0.9891,LPath
L176Q,0.464,Amb
L176R,0.5629,Amb
L176S,0.6143,LPath
L176T,0.7024,LPath
L176V,0.4062,Amb
L176W,0.6929,LPath
L176Y,0.6703,LPath
A177C,0.7834,LPath
A177D,0.8242,LPath
A177E,0.89,LPath
A177F,0.6856,LPath
A177G,0.2365,LBen
A177H,0.7475,LPath
A177I,0.9165,LPath
A177K,0.969,LPath
A177L,0.6386,LPath
A177M,0.6717,LPath
A177N,0.625,LPath
A177P,0.9828,LPath
A177Q,0.6291,LPath
A177R,0.9327,LPath
A177S,0.127,LBen
A177T,0.4407,Amb
A177V,0.7246,LPath
A177W,0.9446,LPath
A177Y,0.7882,LPath
L178A,0.8988,LPath
L178C,0.8926,LPath
L178D,0.9981,LPath
L178E,0.9888,LPath
L178F,0.8243,LPath
L178G,0.972,LPath
L178H,0.9426,LPath
L178I,0.5518,Amb
L178K,0.9798,LPath
L178M,0.3783,Amb
L178N,0.976,LPath
L178P,0.9941,LPath
L178Q,0.9496,LPath
L178R,0.9642,LPath
L178S,0.9767,LPath
L178T,0.9436,LPath
L178V,0.5426,Amb
L178W,0.9631,LPath
L178Y,0.9692,LPath
V179A,0.2409,LBen
V179C,0.623,LPath
V179D,0.9324,LPath
V179E,0.8418,LPath
V179F,0.3976,Amb
V179G,0.3299,LBen
V179H,0.8418,LPath
V179I,0.1017,LBen
V179K,0.8882,LPath
V179L,0.2563,LBen
V179M,0.2754,LBen
V179N,0.7096,LPath
V179P,0.9844,LPath
V179Q,0.6837,LPath
V179R,0.8308,LPath
V179S,0.3063,LBen
V179T,0.2993,LBen
V179W,0.9528,LPath
V179Y,0.8075,LPath
R180A,0.8886,LPath
R180C,0.5611,Amb
R180D,0.9281,LPath
R180E,0.7748,LPath
R180F,0.9648,LPath
R180G,0.6793,LPath
R180H,0.305,LBen
R180I,0.9102,LPath
R180K,0.1998,LBen
R180L,0.799,LPath
R180M,0.8779,LPath
R180N,0.8569,LPath
R180P,0.9851,LPath
R180Q,0.2461,LBen
R180S,0.8835,LPath
R180T,0.8422,LPath
R180V,0.9115,LPath
R180W,0.7136,LPath
R180Y,0.8823,LPath
N181A,0.1647,LBen
N181C,0.2152,LBen
N181D,0.2605,LBen
N181E,0.4286,Amb
N181F,0.5658,LPath
N181G,0.1286,LBen
N181H,0.1284,LBen
N181I,0.3503,Amb
N181K,0.4226,Amb
N181L,0.2741,LBen
N181M,0.3334,LBen
N181P,0.8783,LPath
N181Q,0.2527,LBen
N181R,0.4562,Amb
N181S,0.0705,LBen
N181T,0.1348,LBen
N181V,0.3097,LBen
N181W,0.7774,LPath
N181Y,0.2488,LBen
R182A,0.4918,Amb
R182C,0.2379,LBen
R182D,0.5303,Amb
R182E,0.4186,Amb
R182F,0.8026,LPath
R182G,0.1364,LBen
R182H,0.1015,LBen
R182I,0.713,LPath
R182K,0.0827,LBen
R182L,0.5536,Amb
R182M,0.5709,LPath
R182N,0.4176,Amb
R182P,0.7391,LPath
R182Q,0.1154,LBen
R182S,0.4125,Amb
R182T,0.4373,Amb
R182V,0.6974,LPath
R182W,0.4718,Amb
R182Y,0.5743,LPath
S183A,0.0757,LBen
S183C,0.0648,LBen
S183D,0.5732,LPath
S183E,0.6334,LPath
S183F,0.1927,LBen
S183G,0.0997,LBen
S183H,0.2524,LBen
S183I,0.1313,LBen
S183K,0.6788,LPath
S183L,0.1099,LBen
S183M,0.1519,LBen
S183N,0.1442,LBen
S183P,0.671,LPath
S183Q,0.419,Amb
S183R,0.6409,LPath
S183T,0.0729,LBen
S183V,0.1153,LBen
S183W,0.3861,Amb
S183Y,0.1858,LBen
F184A,0.7314,LPath
F184C,0.2912,LBen
F184D,0.9874,LPath
F184E,0.984,LPath
F184G,0.8994,LPath
F184H,0.9105,LPath
F184I,0.1415,LBen
F184K,0.9811,LPath
F184L,0.2721,LBen
F184M,0.3016,LBen
F184N,0.9547,LPath
F184P,0.9751,LPath
F184Q,0.947,LPath
F184R,0.9539,LPath
F184S,0.882,LPath
F184T,0.8071,LPath
F184V,0.1461,LBen
F184W,0.695,LPath
F184Y,0.4577,Amb
S185A,0.098,LBen
S185C,0.0723,LBen
S185D,0.3089,LBen
S185E,0.524,Amb
S185F,0.2278,LBen
S185G,0.1086,LBen
S185H,0.1965,LBen
S185I,0.1265,LBen
S185K,0.5585,Amb
S185L,0.1109,LBen
S185M,0.168,LBen
S185N,0.0901,LBen
S185P,0.1939,LBen
S185Q,0.3243,LBen
S185R,0.5489,Amb
S185T,0.0784,LBen
S185V,0.1145,LBen
S185W,0.419,Amb
S185Y,0.1941,LBen
L186A,0.688,LPath
L186C,0.7031,LPath
L186D,0.9931,LPath
L186E,0.9742,LPath
L186F,0.527,Amb
L186G,0.8697,LPath
L186H,0.9537,LPath
L186I,0.2333,LBen
L186K,0.964,LPath
L186M,0.2156,LBen
L186N,0.9539,LPath
L186P,0.6886,LPath
L186Q,0.8939,LPath
L186R,0.9411,LPath
L186S,0.879,LPath
L186T,0.5395,Amb
L186V,0.1704,LBen
L186W,0.9083,LPath
L186Y,0.9517,LPath
K187A,0.3443,Amb
K187C,0.4888,Amb
K187D,0.5567,Amb
K187E,0.2724,LBen
K187F,0.8265,LPath
K187G,0.3124,LBen
K187H,0.2483,LBen
K187I,0.5431,Amb
K187L,0.4701,Amb
K187M,0.4315,Amb
K187N,0.4605,Amb
K187P,0.7137,LPath
K187Q,0.1261,LBen
K187R,0.0651,LBen
K187S,0.3628,Amb
K187T,0.2681,LBen
K187V,0.4641,Amb
K187W,0.6654,LPath
K187Y,0.6538,LPath
N188A,0.1604,LBen
N188C,0.1526,LBen
N188D,0.1923,LBen
N188E,0.3727,Amb
N188F,0.2968,LBen
N188G,0.1691,LBen
N188H,0.0809,LBen
N188I,0.3141,LBen
N188K,0.3476,Amb
N188L,0.2539,LBen
N188M,0.2569,LBen
N188P,0.69,LPath
N188Q,0.2284,LBen
N188R,0.3513,Amb
N188S,0.0915,LBen
N188T,0.1268,LBen
N188V,0.2516,LBen
N188W,0.5961,LPath
N188Y,0.1097,LBen
V189A,0.7067,LPath
V189C,0.7844,LPath
V189D,0.9914,LPath
V189E,0.9807,LPath
V189F,0.889,LPath
V189G,0.8391,LPath
V189H,0.9935,LPath
V189I,0.0879,LBen
V189K,0.9872,LPath
V189L,0.31,LBen
V189M,0.4316,Amb
V189N,0.9506,LPath
V189P,0.9723,LPath
V189Q,0.972,LPath
V189R,0.981,LPath
V189S,0.8678,LPath
V189T,0.597,LPath
V189W,0.9965,LPath
V189Y,0.9891,LPath
K190A,0.7691,LPath
K190C,0.7818,LPath
K190D,0.9317,LPath
K190E,0.6529,LPath
K190F,0.9638,LPath
K190G,0.8223,LPath
K190H,0.4636,Amb
K190I,0.8299,LPath
K190L,0.7882,LPath
K190M,0.6979,LPath
K190N,0.8457,LPath
K190P,0.9853,LPath
K190Q,0.228,LBen
K190R,0.0874,LBen
K190S,0.7586,LPath
K190T,0.5113,Amb
K190V,0.7402,LPath
K190W,0.9378,LPath
K190Y,0.9132,LPath
H191A,0.8698,LPath
H191C,0.3479,Amb
H191D,0.9695,LPath
H191E,0.9682,LPath
H191F,0.4078,Amb
H191G,0.9455,LPath
H191I,0.6783,LPath
H191K,0.9511,LPath
H191L,0.4226,Amb
H191M,0.7037,LPath
H191N,0.5897,LPath
H191P,0.9873,LPath
H191Q,0.7773,LPath
H191R,0.8486,LPath
H191S,0.791,LPath
H191T,0.809,LPath
H191V,0.6211,LPath
H191W,0.7161,LPath
H191Y,0.255,LBen
F192A,0.9925,LPath
F192C,0.9439,LPath
F192D,0.9996,LPath
F192E,0.9996,LPath
F192G,0.9975,LPath
F192H,0.9949,LPath
F192I,0.8526,LPath
F192K,0.9996,LPath
F192L,0.9851,LPath
F192M,0.9414,LPath
F192N,0.9987,LPath
F192P,0.9999,LPath
F192Q,0.999,LPath
F192R,0.9986,LPath
F192S,0.996,LPath
F192T,0.993,LPath
F192V,0.8126,LPath
F192W,0.9441,LPath
F192Y,0.8422,LPath
V193A,0.9524,LPath
V193C,0.9551,LPath
V193D,0.9992,LPath
V193E,0.9979,LPath
V193F,0.968,LPath
V193G,0.9844,LPath
V193H,0.9989,LPath
V193I,0.0926,LBen
V193K,0.999,LPath
V193L,0.872,LPath
V193M,0.9299,LPath
V193N,0.9958,LPath
V193P,0.9973,LPath
V193Q,0.9968,LPath
V193R,0.997,LPath
V193S,0.9741,LPath
V193T,0.9547,LPath
V193W,0.9995,LPath
V193Y,0.9974,LPath
L194A,0.9141,LPath
L194C,0.8889,LPath
L194D,0.9995,LPath
L194E,0.9961,LPath
L194F,0.9108,LPath
L194G,0.9891,LPath
L194H,0.9957,LPath
L194I,0.3171,LBen
L194K,0.9955,LPath
L194M,0.376,Amb
L194N,0.9964,LPath
L194P,0.9964,LPath
L194Q,0.987,LPath
L194R,0.9913,LPath
L194S,0.9893,LPath
L194T,0.9587,LPath
L194V,0.3577,Amb
L194W,0.9881,LPath
L194Y,0.9942,LPath
D195A,0.9903,LPath
D195C,0.9985,LPath
D195E,0.9921,LPath
D195F,0.9973,LPath
D195G,0.9842,LPath
D195H,0.9902,LPath
D195I,0.9965,LPath
D195K,0.9963,LPath
D195L,0.9899,LPath
D195M,0.9988,LPath
D195N,0.9824,LPath
D195P,0.9977,LPath
D195Q,0.9963,LPath
D195R,0.9924,LPath
D195S,0.9783,LPath
D195T,0.9954,LPath
D195V,0.9883,LPath
D195W,0.9975,LPath
D195Y,0.9814,LPath
E196A,0.9934,LPath
E196C,0.9972,LPath
E196D,0.9925,LPath
E196F,0.9995,LPath
E196G,0.9872,LPath
E196H,0.9976,LPath
E196I,0.9984,LPath
E196K,0.9944,LPath
E196L,0.9988,LPath
E196M,0.9974,LPath
E196N,0.9941,LPath
E196P,0.9997,LPath
E196Q,0.9903,LPath
E196R,0.9932,LPath
E196S,0.9945,LPath
E196T,0.998,LPath
E196V,0.9967,LPath
E196W,0.9996,LPath
E196Y,0.999,LPath
C197A,0.8974,LPath
C197D,0.9987,LPath
C197E,0.9996,LPath
C197F,0.9777,LPath
C197G,0.8862,LPath
C197H,0.9987,LPath
C197I,0.9904,LPath
C197K,0.9998,LPath
C197L,0.9833,LPath
C197M,0.9831,LPath
C197N,0.9953,LPath
C197P,0.9989,LPath
C197Q,0.999,LPath
C197R,0.9974,LPath
C197S,0.954,LPath
C197T,0.9731,LPath
C197V,0.9419,LPath
C197W,0.9969,LPath
C197Y,0.9955,LPath
D198A,0.9959,LPath
D198C,0.9992,LPath
D198E,0.994,LPath
D198F,0.9987,LPath
D198G,0.9914,LPath
D198H,0.9968,LPath
D198I,0.9991,LPath
D198K,0.9987,LPath
D198L,0.9982,LPath
D198M,0.9997,LPath
D198N,0.9888,LPath
D198P,0.9988,LPath
D198Q,0.9981,LPath
D198R,0.9962,LPath
D198S,0.9892,LPath
D198T,0.9987,LPath
D198V,0.9971,LPath
D198W,0.9995,LPath
D198Y,0.9928,LPath
K199A,0.8937,LPath
K199C,0.9051,LPath
K199D,0.9776,LPath
K199E,0.8851,LPath
K199F,0.975,LPath
K199G,0.9303,LPath
K199H,0.6687,LPath
K199I,0.9241,LPath
K199L,0.8572,LPath
K199M,0.8195,LPath
K199N,0.9516,LPath
K199P,0.9923,LPath
K199Q,0.5687,LPath
K199R,0.1286,LBen
K199S,0.9465,LPath
K199T,0.8509,LPath
K199V,0.8522,LPath
K199W,0.9687,LPath
K199Y,0.9265,LPath
M200A,0.9738,LPath
M200C,0.8976,LPath
M200D,0.9989,LPath
M200E,0.9947,LPath
M200F,0.9804,LPath
M200G,0.992,LPath
M200H,0.9965,LPath
M200I,0.9053,LPath
M200K,0.9935,LPath
M200L,0.4997,Amb
M200N,0.9823,LPath
M200P,0.9984,LPath
M200Q,0.9727,LPath
M200R,0.9945,LPath
M200S,0.9814,LPath
M200T,0.9711,LPath
M200V,0.4249,Amb
M200W,0.9986,LPath
M200Y,0.9957,LPath
L201A,0.9628,LPath
L201C,0.9808,LPath
L201D,0.9986,LPath
L201E,0.9929,LPath
L201F,0.9351,LPath
L201G,0.9878,LPath
L201H,0.9943,LPath
L201I,0.6343,LPath
L201K,0.9915,LPath
L201M,0.6222,LPath
L201N,0.9944,LPath
L201P,0.9932,LPath
L201Q,0.9871,LPath
L201R,0.9834,LPath
L201S,0.9946,LPath
L201T,0.9602,LPath
L201V,0.7213,LPath
L201W,0.9829,LPath
L201Y,0.9938,LPath
E202A,0.4882,Amb
E202C,0.9359,LPath
E202D,0.2792,LBen
E202F,0.9681,LPath
E202G,0.3864,Amb
E202H,0.9067,LPath
E202I,0.9051,LPath
E202K,0.8406,LPath
E202L,0.8202,LPath
E202M,0.8904,LPath
E202N,0.7781,LPath
E202P,0.9817,LPath
E202Q,0.4952,Amb
E202R,0.8497,LPath
E202S,0.5303,Amb
E202T,0.7362,LPath
E202V,0.7821,LPath
E202W,0.9846,LPath
E202Y,0.9372,LPath
Q203A,0.1491,LBen
Q203C,0.7521,LPath
Q203D,0.5173,Amb
Q203E,0.1996,LBen
Q203F,0.7741,LPath
Q203G,0.2467,LBen
Q203H,0.4294,Amb
Q203I,0.5094,Amb
Q203K,0.414,Amb
Q203L,0.1741,LBen
Q203M,0.298,LBen
Q203N,0.2312,LBen
Q203P,0.6238,LPath
Q203R,0.4503,Amb
Q203S,0.1432,LBen
Q203T,0.1717,LBen
Q203V,0.3017,LBen
Q203W,0.8886,LPath
Q203Y,0.7031,LPath
L204A,0.4602,Amb
L204C,0.8413,LPath
L204D,0.8968,LPath
L204E,0.7158,LPath
L204F,0.5866,LPath
L204G,0.7478,LPath
L204H,0.716,LPath
L204I,0.1717,LBen
L204K,0.6544,LPath
L204M,0.2194,LBen
L204N,0.659,LPath
L204P,0.4138,Amb
L204Q,0.5202,Amb
L204R,0.6039,LPath
L204S,0.6773,LPath
L204T,0.443,Amb
L204V,0.1731,LBen
L204W,0.7002,LPath
L204Y,0.7709,LPath
D205A,0.7708,LPath
D205C,0.9682,LPath
D205E,0.6937,LPath
D205F,0.9426,LPath
D205G,0.6558,LPath
D205H,0.9086,LPath
D205I,0.9523,LPath
D205K,0.9535,LPath
D205L,0.9224,LPath
D205M,0.9768,LPath
D205N,0.775,LPath
D205P,0.907,LPath
D205Q,0.91,LPath
D205R,0.9324,LPath
D205S,0.7151,LPath
D205T,0.8781,LPath
D205V,0.8609,LPath
D205W,0.9817,LPath
D205Y,0.8042,LPath
M206A,0.9841,LPath
M206C,0.9734,LPath
M206D,0.9952,LPath
M206E,0.9863,LPath
M206F,0.8733,LPath
M206G,0.9803,LPath
M206H,0.979,LPath
M206I,0.9943,LPath
M206K,0.9762,LPath
M206L,0.852,LPath
M206N,0.9699,LPath
M206P,0.998,LPath
M206Q,0.9159,LPath
M206R,0.9731,LPath
M206S,0.9659,LPath
M206T,0.9832,LPath
M206V,0.9018,LPath
M206W,0.9803,LPath
M206Y,0.9754,LPath
R207A,0.9836,LPath
R207C,0.9235,LPath
R207D,0.9954,LPath
R207E,0.9661,LPath
R207F,0.995,LPath
R207G,0.96,LPath
R207H,0.9399,LPath
R207I,0.9774,LPath
R207K,0.8352,LPath
R207L,0.9473,LPath
R207M,0.9901,LPath
R207N,0.9951,LPath
R207P,0.9892,LPath
R207Q,0.845,LPath
R207S,0.9928,LPath
R207T,0.9876,LPath
R207V,0.9757,LPath
R207W,0.9486,LPath
R207Y,0.9818,LPath
R208A,0.6962,LPath
R208C,0.4405,Amb
R208D,0.9063,LPath
R208E,0.7133,LPath
R208F,0.8771,LPath
R208G,0.4916,Amb
R208H,0.2338,LBen
R208I,0.7423,LPath
R208K,0.1835,LBen
R208L,0.5918,LPath
R208M,0.7122,LPath
R208N,0.8419,LPath
R208P,0.9463,LPath
R208Q,0.2237,LBen
R208S,0.7681,LPath
R208T,0.6425,LPath
R208V,0.7444,LPath
R208W,0.5262,Amb
R208Y,0.7645,LPath
D209A,0.9235,LPath
D209C,0.9924,LPath
D209E,0.8651,LPath
D209F,0.9936,LPath
D209G,0.9695,LPath
D209H,0.9755,LPath
D209I,0.9806,LPath
D209K,0.9907,LPath
D209L,0.9845,LPath
D209M,0.9942,LPath
D209N,0.8782,LPath
D209P,0.9955,LPath
D209Q,0.9689,LPath
D209R,0.9906,LPath
D209S,0.9099,LPath
D209T,0.9649,LPath
D209V,0.9443,LPath
D209W,0.9983,LPath
D209Y,0.9483,LPath
V210A,0.9317,LPath
V210C,0.9613,LPath
V210D,0.9979,LPath
V210E,0.9942,LPath
V210F,0.963,LPath
V210G,0.958,LPath
V210H,0.9987,LPath
V210I,0.1371,LBen
V210K,0.9971,LPath
V210L,0.8886,LPath
V210M,0.8619,LPath
V210N,0.9919,LPath
V210P,0.9985,LPath
V210Q,0.9935,LPath
V210R,0.9936,LPath
V210S,0.9612,LPath
V210T,0.8447,LPath
V210W,0.9992,LPath
V210Y,0.9972,LPath
Q211A,0.6904,LPath
Q211C,0.9843,LPath
Q211D,0.9898,LPath
Q211E,0.6042,LPath
Q211F,0.988,LPath
Q211G,0.7871,LPath
Q211H,0.9806,LPath
Q211I,0.9395,LPath
Q211K,0.9003,LPath
Q211L,0.8315,LPath
Q211M,0.8065,LPath
Q211N,0.9379,LPath
Q211P,0.9883,LPath
Q211R,0.856,LPath
Q211S,0.7622,LPath
Q211T,0.7804,LPath
Q211V,0.8727,LPath
Q211W,0.9869,LPath
Q211Y,0.9861,LPath
E212A,0.5652,LPath
E212C,0.9702,LPath
E212D,0.1996,LBen
E212F,0.9682,LPath
E212G,0.6379,LPath
E212H,0.8826,LPath
E212I,0.9049,LPath
E212K,0.8083,LPath
E212L,0.8634,LPath
E212M,0.8824,LPath
E212N,0.6531,LPath
E212P,0.9966,LPath
E212Q,0.5256,Amb
E212R,0.8518,LPath
E212S,0.6368,LPath
E212T,0.7187,LPath
E212V,0.7691,LPath
E212W,0.9865,LPath
E212Y,0.9196,LPath
I213A,0.9533,LPath
I213C,0.9675,LPath
I213D,0.9988,LPath
I213E,0.9979,LPath
I213F,0.9709,LPath
I213G,0.9942,LPath
I213H,0.9986,LPath
I213K,0.9982,LPath
I213L,0.5894,LPath
I213M,0.6971,LPath
I213N,0.9809,LPath
I213P,0.9981,LPath
I213Q,0.9978,LPath
I213R,0.9971,LPath
I213S,0.9761,LPath
I213T,0.9339,LPath
I213V,0.189,LBen
I213W,0.9992,LPath
I213Y,0.9954,LPath
F214A,0.9841,LPath
F214C,0.8665,LPath
F214D,0.9988,LPath
F214E,0.9981,LPath
F214G,0.9946,LPath
F214H,0.9513,LPath
F214I,0.8998,LPath
F214K,0.9961,LPath
F214L,0.9913,LPath
F214M,0.9571,LPath
F214N,0.9922,LPath
F214P,0.9997,LPath
F214Q,0.9888,LPath
F214R,0.9806,LPath
F214S,0.9772,LPath
F214T,0.9883,LPath
F214V,0.8477,LPath
F214W,0.8408,LPath
F214Y,0.439,Amb
R215A,0.8251,LPath
R215C,0.2842,LBen
R215D,0.9657,LPath
R215E,0.8638,LPath
R215F,0.8327,LPath
R215G,0.7125,LPath
R215H,0.2689,LBen
R215I,0.6417,LPath
R215K,0.2348,LBen
R215L,0.4679,Amb
R215M,0.6795,LPath
R215N,0.9228,LPath
R215P,0.9734,LPath
R215Q,0.2704,LBen
R215S,0.8589,LPath
R215T,0.7541,LPath
R215V,0.6795,LPath
R215W,0.5061,Amb
R215Y,0.7195,LPath
L216A,0.1815,LBen
L216C,0.3442,Amb
L216D,0.7118,LPath
L216E,0.3737,Amb
L216F,0.1797,LBen
L216G,0.4359,Amb
L216H,0.2144,LBen
L216I,0.1424,LBen
L216K,0.3308,LBen
L216M,0.0775,LBen
L216N,0.2683,LBen
L216P,0.9697,LPath
L216Q,0.1218,LBen
L216R,0.2954,LBen
L216S,0.203,LBen
L216T,0.2113,LBen
L216V,0.1263,LBen
L216W,0.4056,Amb
L216Y,0.3429,Amb
T217A,0.4479,Amb
T217C,0.5349,Amb
T217D,0.9955,LPath
T217E,0.9918,LPath
T217F,0.9731,LPath
T217G,0.776,LPath
T217H,0.9704,LPath
T217I,0.8601,LPath
T217K,0.989,LPath
T217L,0.4136,Amb
T217M,0.4707,Amb
T217N,0.9358,LPath
T217P,0.9316,LPath
T217Q,0.9619,LPath
T217R,0.983,LPath
T217S,0.5574,Amb
T217V,0.6403,LPath
T217W,0.9961,LPath
T217Y,0.9874,LPath
P218A,0.6801,LPath
P218C,0.9427,LPath
P218D,0.976,LPath
P218E,0.9705,LPath
P218F,0.9961,LPath
P218G,0.8699,LPath
P218H,0.8973,LPath
P218I,0.9832,LPath
P218K,0.9614,LPath
P218L,0.9299,LPath
P218M,0.9797,LPath
P218N,0.9188,LPath
P218Q,0.9069,LPath
P218R,0.8974,LPath
P218S,0.7357,LPath
P218T,0.8332,LPath
P218V,0.9418,LPath
P218W,0.9958,LPath
P218Y,0.9923,LPath
H219A,0.3822,Amb
H219C,0.271,LBen
H219D,0.6455,LPath
H219E,0.5824,LPath
H219F,0.4326,Amb
H219G,0.443,Amb
H219I,0.4926,Amb
H219K,0.2775,LBen
H219L,0.2044,LBen
H219M,0.5196,Amb
H219N,0.2973,LBen
H219P,0.1905,LBen
H219Q,0.257,LBen
H219R,0.1315,LBen
H219S,0.3749,Amb
H219T,0.4143,Amb
H219V,0.3608,Amb
H219W,0.4418,Amb
H219Y,0.2262,LBen
E220A,0.3538,Amb
E220C,0.8771,LPath
E220D,0.1473,LBen
E220F,0.9198,LPath
E220G,0.268,LBen
E220H,0.6034,LPath
E220I,0.7325,LPath
E220K,0.4105,Amb
E220L,0.7246,LPath
E220M,0.7759,LPath
E220N,0.3908,Amb
E220P,0.8361,LPath
E220Q,0.2219,LBen
E220R,0.5033,Amb
E220S,0.3035,LBen
E220T,0.419,Amb
E220V,0.5601,Amb
E220W,0.9585,LPath
E220Y,0.8319,LPath
K221A,0.9819,LPath
K221C,0.9558,LPath
K221D,0.9973,LPath
K221E,0.9908,LPath
K221F,0.9984,LPath
K221G,0.9876,LPath
K221H,0.9445,LPath
K221I,0.9739,LPath
K221L,0.9753,LPath
K221M,0.9582,LPath
K221N,0.9946,LPath
K221P,0.992,LPath
K221Q,0.9543,LPath
K221R,0.3912,Amb
K221S,0.9927,LPath
K221T,0.9498,LPath
K221V,0.9477,LPath
K221W,0.9975,LPath
K221Y,0.9912,LPath
Q222A,0.9126,LPath
Q222C,0.9963,LPath
Q222D,0.996,LPath
Q222E,0.8674,LPath
Q222F,0.9979,LPath
Q222G,0.9432,LPath
Q222H,0.993,LPath
Q222I,0.9772,LPath
Q222K,0.9755,LPath
Q222L,0.9709,LPath
Q222M,0.945,LPath
Q222N,0.9463,LPath
Q222P,0.9876,LPath
Q222R,0.975,LPath
Q222S,0.8822,LPath
Q222T,0.913,LPath
Q222V,0.964,LPath
Q222W,0.9991,LPath
Q222Y,0.9986,LPath
C223A,0.6772,LPath
C223D,0.9914,LPath
C223E,0.9944,LPath
C223F,0.8645,LPath
C223G,0.6744,LPath
C223H,0.9728,LPath
C223I,0.5679,LPath
C223K,0.9944,LPath
C223L,0.8362,LPath
C223M,0.8349,LPath
C223N,0.8857,LPath
C223P,0.9958,LPath
C223Q,0.9798,LPath
C223R,0.9703,LPath
C223S,0.5368,Amb
C223T,0.3746,Amb
C223V,0.2003,LBen
C223W,0.9812,LPath
C223Y,0.9577,LPath
M224A,0.9485,LPath
M224C,0.8713,LPath
M224D,0.999,LPath
M224E,0.9917,LPath
M224F,0.7949,LPath
M224G,0.9799,LPath
M224H,0.9883,LPath
M224I,0.9561,LPath
M224K,0.9847,LPath
M224L,0.3045,LBen
M224N,0.9883,LPath
M224P,0.9994,LPath
M224Q,0.938,LPath
M224R,0.9857,LPath
M224S,0.9601,LPath
M224T,0.9713,LPath
M224V,0.6188,LPath
M224W,0.9914,LPath
M224Y,0.9775,LPath
M225A,0.9636,LPath
M225C,0.9162,LPath
M225D,0.9995,LPath
M225E,0.9983,LPath
M225F,0.5803,LPath
M225G,0.9865,LPath
M225H,0.9956,LPath
M225I,0.9705,LPath
M225K,0.9958,LPath
M225L,0.5403,Amb
M225N,0.9937,LPath
M225P,0.9995,LPath
M225Q,0.9807,LPath
M225R,0.9954,LPath
M225S,0.9869,LPath
M225T,0.9899,LPath
M225V,0.7515,LPath
M225W,0.9947,LPath
M225Y,0.9756,LPath
F226A,0.9968,LPath
F226C,0.9768,LPath
F226D,0.9993,LPath
F226E,0.9995,LPath
F226G,0.9967,LPath
F226H,0.995,LPath
F226I,0.9806,LPath
F226K,0.9995,LPath
F226L,0.9954,LPath
F226M,0.98,LPath
F226N,0.9961,LPath
F226P,0.9999,LPath
F226Q,0.999,LPath
F226R,0.9986,LPath
F226S,0.9966,LPath
F226T,0.9974,LPath
F226V,0.9612,LPath
F226W,0.9563,LPath
F226Y,0.7163,LPath
S227A,0.8406,LPath
S227C,0.9551,LPath
S227D,0.9958,LPath
S227E,0.9945,LPath
S227F,0.9956,LPath
S227G,0.8929,LPath
S227H,0.9922,LPath
S227I,0.9949,LPath
S227K,0.9991,LPath
S227L,0.9714,LPath
S227M,0.9823,LPath
S227N,0.9936,LPath
S227P,0.9917,LPath
S227Q,0.9945,LPath
S227R,0.9981,LPath
S227T,0.3628,Amb
S227V,0.989,LPath
S227W,0.9909,LPath
S227Y,0.9929,LPath
A228C,0.96,LPath
A228D,0.9959,LPath
A228E,0.989,LPath
A228F,0.9674,LPath
A228G,0.864,LPath
A228H,0.9919,LPath
A228I,0.9903,LPath
A228K,0.997,LPath
A228L,0.9237,LPath
A228M,0.9777,LPath
A228N,0.9872,LPath
A228P,0.975,LPath
A228Q,0.9824,LPath
A228R,0.966,LPath
A228S,0.6315,LPath
A228T,0.9157,LPath
A228V,0.9704,LPath
A228W,0.9964,LPath
A228Y,0.9877,LPath
T229A,0.9508,LPath
T229C,0.9899,LPath
T229D,0.9958,LPath
T229E,0.9908,LPath
T229F,0.9899,LPath
T229G,0.9749,LPath
T229H,0.9851,LPath
T229I,0.985,LPath
T229K,0.9845,LPath
T229L,0.9485,LPath
T229M,0.9375,LPath
T229N,0.9754,LPath
T229P,0.953,LPath
T229Q,0.9808,LPath
T229R,0.9759,LPath
T229S,0.9289,LPath
T229V,0.9415,LPath
T229W,0.9973,LPath
T229Y,0.9923,LPath
L230A,0.9681,LPath
L230C,0.9732,LPath
L230D,0.999,LPath
L230E,0.9964,LPath
L230F,0.8638,LPath
L230G,0.9938,LPath
L230H,0.9904,LPath
L230I,0.5107,Amb
L230K,0.9925,LPath
L230M,0.4587,Amb
L230N,0.9932,LPath
L230P,0.9943,LPath
L230Q,0.9838,LPath
L230R,0.9845,LPath
L230S,0.9926,LPath
L230T,0.9775,LPath
L230V,0.622,LPath
L230W,0.974,LPath
L230Y,0.9825,LPath
S231A,0.1632,LBen
S231C,0.2882,LBen
S231D,0.7159,LPath
S231E,0.8682,LPath
S231F,0.8914,LPath
S231G,0.0972,LBen
S231H,0.6868,LPath
S231I,0.8069,LPath
S231K,0.9296,LPath
S231L,0.4554,Amb
S231M,0.6204,LPath
S231N,0.2996,LBen
S231P,0.2349,LBen
S231Q,0.751,LPath
S231R,0.9214,LPath
S231T,0.1877,LBen
S231V,0.6943,LPath
S231W,0.8814,LPath
S231Y,0.8118,LPath
K232A,0.4375,Amb
K232C,0.833,LPath
K232D,0.5795,LPath
K232E,0.3108,LBen
K232F,0.9398,LPath
K232G,0.5117,Amb
K232H,0.4204,Amb
K232I,0.715,LPath
K232L,0.6206,LPath
K232M,0.5568,Amb
K232N,0.5848,LPath
K232P,0.5073,Amb
K232Q,0.1984,LBen
K232R,0.0936,LBen
K232S,0.4962,Amb
K232T,0.3634,Amb
K232V,0.5662,LPath
K232W,0.8899,LPath
K232Y,0.8506,LPath
D233A,0.3077,LBen
D233C,0.8477,LPath
D233E,0.0986,LBen
D233F,0.8576,LPath
D233G,0.383,Amb
D233H,0.6005,LPath
D233I,0.6306,LPath
D233K,0.6445,LPath
D233L,0.6568,LPath
D233M,0.7947,LPath
D233N,0.2489,LBen
D233P,0.804,LPath
D233Q,0.4644,Amb
D233R,0.7086,LPath
D233S,0.2775,LBen
D233T,0.4006,Amb
D233V,0.4112,Amb
D233W,0.9548,LPath
D233Y,0.5824,LPath
I234A,0.7381,LPath
I234C,0.8472,LPath
I234D,0.9661,LPath
I234E,0.9483,LPath
I234F,0.6064,LPath
I234G,0.9316,LPath
I234H,0.9338,LPath
I234K,0.9249,LPath
I234L,0.2601,LBen
I234M,0.2048,LBen
I234N,0.7384,LPath
I234P,0.9824,LPath
I234Q,0.8912,LPath
I234R,0.8917,LPath
I234S,0.6817,LPath
I234T,0.4581,Amb
I234V,0.0878,LBen
I234W,0.9704,LPath
I234Y,0.9166,LPath
R235A,0.9664,LPath
R235C,0.8814,LPath
R235D,0.9947,LPath
R235E,0.9535,LPath
R235F,0.9687,LPath
R235G,0.9348,LPath
R235H,0.7836,LPath
R235I,0.8802,LPath
R235K,0.465,Amb
R235L,0.7885,LPath
R235M,0.9495,LPath
R235N,0.9928,LPath
R235P,0.9854,LPath
R235Q,0.6971,LPath
R235S,0.9839,LPath
R235T,0.9619,LPath
R235V,0.8972,LPath
R235W,0.8595,LPath
R235Y,0.9353,LPath
P236A,0.1654,LBen
P236C,0.7831,LPath
P236D,0.7514,LPath
P236E,0.6584,LPath
P236F,0.8102,LPath
P236G,0.4259,Amb
P236H,0.5252,Amb
P236I,0.4778,Amb
P236K,0.6936,LPath
P236L,0.2678,LBen
P236M,0.5225,Amb
P236N,0.5652,LPath
P236Q,0.4241,Amb
P236R,0.5747,LPath
P236S,0.3225,LBen
P236T,0.2346,LBen
P236V,0.2935,LBen
P236W,0.8959,LPath
P236Y,0.7811,LPath
V237A,0.7608,LPath
V237C,0.94,LPath
V237D,0.9775,LPath
V237E,0.9537,LPath
V237F,0.7521,LPath
V237G,0.8707,LPath
V237H,0.978,LPath
V237I,0.0978,LBen
V237K,0.9665,LPath
V237L,0.5363,Amb
V237M,0.5541,Amb
V237N,0.921,LPath
V237P,0.9571,LPath
V237Q,0.9208,LPath
V237R,0.9461,LPath
V237S,0.8369,LPath
V237T,0.5583,Amb
V237W,0.9888,LPath
V237Y,0.9605,LPath
C238A,0.8742,LPath
C238D,0.9992,LPath
C238E,0.9992,LPath
C238F,0.9709,LPath
C238G,0.8942,LPath
C238H,0.9982,LPath
C238I,0.9559,LPath
C238K,0.9995,LPath
C238L,0.9244,LPath
C238M,0.9684,LPath
C238N,0.9957,LPath
C238P,0.9983,LPath
C238Q,0.9974,LPath
C238R,0.996,LPath
C238S,0.9286,LPath
C238T,0.9536,LPath
C238V,0.8824,LPath
C238W,0.9961,LPath
C238Y,0.9944,LPath
R239A,0.9172,LPath
R239C,0.4902,Amb
R239D,0.9841,LPath
R239E,0.8535,LPath
R239F,0.934,LPath
R239G,0.8299,LPath
R239H,0.3654,Amb
R239I,0.8166,LPath
R239K,0.161,LBen
R239L,0.5941,LPath
R239M,0.76,LPath
R239N,0.9635,LPath
R239P,0.9938,LPath
R239Q,0.2797,LBen
R239S,0.9455,LPath
R239T,0.8563,LPath
R239V,0.8351,LPath
R239W,0.6809,LPath
R239Y,0.8552,LPath
K240A,0.9321,LPath
K240C,0.9372,LPath
K240D,0.982,LPath
K240E,0.9588,LPath
K240F,0.9881,LPath
K240G,0.9482,LPath
K240H,0.7591,LPath
K240I,0.9514,LPath
K240L,0.89,LPath
K240M,0.8773,LPath
K240N,0.962,LPath
K240P,0.9923,LPath
K240Q,0.684,LPath
K240R,0.1177,LBen
K240S,0.9632,LPath
K240T,0.8923,LPath
K240V,0.9207,LPath
K240W,0.9799,LPath
K240Y,0.9441,LPath
F241A,0.9963,LPath
F241C,0.9891,LPath
F241D,0.9987,LPath
F241E,0.9981,LPath
F241G,0.9969,LPath
F241H,0.9901,LPath
F241I,0.9675,LPath
F241K,0.9984,LPath
F241L,0.9972,LPath
F241M,0.977,LPath
F241N,0.995,LPath
F241P,0.9998,LPath
F241Q,0.9968,LPath
F241R,0.9957,LPath
F241S,0.9971,LPath
F241T,0.9977,LPath
F241V,0.9753,LPath
F241W,0.93,LPath
F241Y,0.7376,LPath
M242A,0.96,LPath
M242C,0.8141,LPath
M242D,0.9995,LPath
M242E,0.9966,LPath
M242F,0.9757,LPath
M242G,0.9829,LPath
M242H,0.9971,LPath
M242I,0.9744,LPath
M242K,0.9929,LPath
M242L,0.365,Amb
M242N,0.9913,LPath
M242P,0.9994,LPath
M242Q,0.9481,LPath
M242R,0.9931,LPath
M242S,0.9631,LPath
M242T,0.8793,LPath
M242V,0.6486,LPath
M242W,0.9994,LPath
M242Y,0.9988,LPath
Q243A,0.2843,LBen
Q243C,0.7678,LPath
Q243D,0.6968,LPath
Q243E,0.2437,LBen
Q243F,0.8635,LPath
Q243G,0.4016,Amb
Q243H,0.3765,Amb
Q243I,0.6019,LPath
Q243K,0.2223,LBen
Q243L,0.2741,LBen
Q243M,0.4655,Amb
Q243N,0.3299,LBen
Q243P,0.7608,LPath
Q243R,0.1961,LBen
Q243S,0.2853,LBen
Q243T,0.2701,LBen
Q243V,0.3903,Amb
Q243W,0.8844,LPath
Q243Y,0.7753,LPath
D244A,0.6923,LPath
D244C,0.935,LPath
D244E,0.3718,Amb
D244F,0.9354,LPath
D244G,0.7513,LPath
D244H,0.7784,LPath
D244I,0.9235,LPath
D244K,0.8709,LPath
D244L,0.878,LPath
D244M,0.9369,LPath
D244N,0.4007,Amb
D244P,0.9811,LPath
D244Q,0.725,LPath
D244R,0.8643,LPath
D244S,0.5452,Amb
D244T,0.7764,LPath
D244V,0.8028,LPath
D244W,0.9836,LPath
D244Y,0.7079,LPath
P245A,0.6624,LPath
P245C,0.9717,LPath
P245D,0.9956,LPath
P245E,0.9929,LPath
P245F,0.9949,LPath
P245G,0.9427,LPath
P245H,0.9854,LPath
P245I,0.9932,LPath
P245K,0.9955,LPath
P245L,0.9842,LPath
P245M,0.994,LPath
P245N,0.9947,LPath
P245Q,0.9887,LPath
P245R,0.9836,LPath
P245S,0.9312,LPath
P245T,0.9644,LPath
P245V,0.9672,LPath
P245W,0.9976,LPath
P245Y,0.9919,LPath
M246A,0.7481,LPath
M246C,0.8205,LPath
M246D,0.9835,LPath
M246E,0.8992,LPath
M246F,0.6401,LPath
M246G,0.9177,LPath
M246H,0.8979,LPath
M246I,0.7449,LPath
M246K,0.7525,LPath
M246L,0.1413,LBen
M246N,0.9145,LPath
M246P,0.991,LPath
M246Q,0.6721,LPath
M246R,0.7753,LPath
M246S,0.8422,LPath
M246T,0.6925,LPath
M246V,0.218,LBen
M246W,0.9235,LPath
M246Y,0.8901,LPath
E247A,0.8786,LPath
E247C,0.9858,LPath
E247D,0.9259,LPath
E247F,0.9951,LPath
E247G,0.9575,LPath
E247H,0.9872,LPath
E247I,0.9439,LPath
E247K,0.9775,LPath
E247L,0.9677,LPath
E247M,0.9635,LPath
E247N,0.9847,LPath
E247P,0.9944,LPath
E247Q,0.8474,LPath
E247R,0.9747,LPath
E247S,0.9459,LPath
E247T,0.9281,LPath
E247V,0.8564,LPath
E247W,0.9983,LPath
E247Y,0.9931,LPath
V248A,0.9402,LPath
V248C,0.9211,LPath
V248D,0.9909,LPath
V248E,0.9771,LPath
V248F,0.7598,LPath
V248G,0.9349,LPath
V248H,0.9839,LPath
V248I,0.0969,LBen
V248K,0.9809,LPath
V248L,0.7711,LPath
V248M,0.7483,LPath
V248N,0.9577,LPath
V248P,0.9957,LPath
V248Q,0.9741,LPath
V248R,0.9679,LPath
V248S,0.9595,LPath
V248T,0.9235,LPath
V248W,0.9887,LPath
V248Y,0.9408,LPath
F249A,0.9174,LPath
F249C,0.8149,LPath
F249D,0.9754,LPath
F249E,0.9708,LPath
F249G,0.9686,LPath
F249H,0.8805,LPath
F249I,0.742,LPath
F249K,0.9708,LPath
F249L,0.9327,LPath
F249M,0.7655,LPath
F249N,0.9112,LPath
F249P,0.9974,LPath
F249Q,0.9486,LPath
F249R,0.9376,LPath
F249S,0.8994,LPath
F249T,0.8939,LPath
F249V,0.7106,LPath
F249W,0.7327,LPath
F249Y,0.2541,LBen
V250A,0.9275,LPath
V250C,0.9605,LPath
V250D,0.994,LPath
V250E,0.9821,LPath
V250F,0.9102,LPath
V250G,0.9559,LPath
V250H,0.9934,LPath
V250I,0.152,LBen
V250K,0.9857,LPath
V250L,0.8576,LPath
V250M,0.8444,LPath
V250N,0.9853,LPath
V250P,0.9878,LPath
V250Q,0.9752,LPath
V250R,0.9651,LPath
V250S,0.9526,LPath
V250T,0.8873,LPath
V250W,0.9943,LPath
V250Y,0.9878,LPath
D251A,0.87,LPath
D251C,0.9889,LPath
D251E,0.9194,LPath
D251F,0.9867,LPath
D251G,0.866,LPath
D251H,0.9635,LPath
D251I,0.9835,LPath
D251K,0.9808,LPath
D251L,0.9548,LPath
D251M,0.987,LPath
D251N,0.8527,LPath
D251P,0.9889,LPath
D251Q,0.9691,LPath
D251R,0.9705,LPath
D251S,0.8267,LPath
D251T,0.9398,LPath
D251V,0.9421,LPath
D251W,0.9944,LPath
D251Y,0.9426,LPath
D252A,0.731,LPath
D252C,0.9778,LPath
D252E,0.6289,LPath
D252F,0.9814,LPath
D252G,0.7242,LPath
D252H,0.8804,LPath
D252I,0.9525,LPath
D252K,0.9071,LPath
D252L,0.9168,LPath
D252M,0.9641,LPath
D252N,0.3822,Amb
D252P,0.9644,LPath
D252Q,0.8692,LPath
D252R,0.9098,LPath
D252S,0.5142,Amb
D252T,0.7172,LPath
D252V,0.8688,LPath
D252W,0.9946,LPath
D252Y,0.9063,LPath
E253A,0.575,LPath
E253C,0.9774,LPath
E253D,0.2239,LBen
E253F,0.9825,LPath
E253G,0.5418,Amb
E253H,0.8856,LPath
E253I,0.9224,LPath
E253K,0.7258,LPath
E253L,0.9138,LPath
E253M,0.9297,LPath
E253N,0.653,LPath
E253P,0.9001,LPath
E253Q,0.5345,Amb
E253R,0.7817,LPath
E253S,0.5783,LPath
E253T,0.7153,LPath
E253V,0.8107,LPath
E253W,0.9945,LPath
E253Y,0.961,LPath
T254A,0.1314,LBen
T254C,0.662,LPath
T254D,0.6734,LPath
T254E,0.4832,Amb
T254F,0.81,LPath
T254G,0.2769,LBen
T254H,0.521,Amb
T254I,0.7967,LPath
T254K,0.3796,Amb
T254L,0.3634,Amb
T254M,0.2574,LBen
T254N,0.2692,LBen
T254P,0.7488,LPath
T254Q,0.3101,LBen
T254R,0.4144,Amb
T254S,0.1742,LBen
T254V,0.5031,Amb
T254W,0.9353,LPath
T254Y,0.7632,LPath
K255A,0.8968,LPath
K255C,0.961,LPath
K255D,0.9701,LPath
K255E,0.8949,LPath
K255F,0.9924,LPath
K255G,0.94,LPath
K255H,0.8094,LPath
K255I,0.9431,LPath
K255L,0.9009,LPath
K255M,0.8698,LPath
K255N,0.956,LPath
K255P,0.9795,LPath
K255Q,0.6463,LPath
K255R,0.2074,LBen
K255S,0.9367,LPath
K255T,0.811,LPath
K255V,0.8713,LPath
K255W,0.9923,LPath
K255Y,0.977,LPath
L256A,0.9795,LPath
L256C,0.9932,LPath
L256D,0.9988,LPath
L256E,0.9939,LPath
L256F,0.9818,LPath
L256G,0.9921,LPath
L256H,0.9959,LPath
L256I,0.8882,LPath
L256K,0.9847,LPath
L256M,0.7947,LPath
L256N,0.9886,LPath
L256P,0.996,LPath
L256Q,0.991,LPath
L256R,0.9831,LPath
L256S,0.9973,LPath
L256T,0.9855,LPath
L256V,0.9081,LPath
L256W,0.9936,LPath
L256Y,0.9911,LPath
T257A,0.7428,LPath
T257C,0.9594,LPath
T257D,0.9851,LPath
T257E,0.9789,LPath
T257F,0.9371,LPath
T257G,0.9237,LPath
T257H,0.9348,LPath
T257I,0.8682,LPath
T257K,0.9524,LPath
T257L,0.8134,LPath
T257M,0.7332,LPath
T257N,0.8763,LPath
T257P,0.9042,LPath
T257Q,0.9172,LPath
T257R,0.9458,LPath
T257S,0.7298,LPath
T257V,0.7324,LPath
T257W,0.9879,LPath
T257Y,0.9672,LPath
L258A,0.9723,LPath
L258C,0.9858,LPath
L258D,0.9989,LPath
L258E,0.9949,LPath
L258F,0.9511,LPath
L258G,0.99,LPath
L258H,0.9902,LPath
L258I,0.8211,LPath
L258K,0.9847,LPath
L258M,0.8367,LPath
L258N,0.9904,LPath
L258P,0.9901,LPath
L258Q,0.9862,LPath
L258R,0.964,LPath
L258S,0.9909,LPath
L258T,0.9787,LPath
L258V,0.851,LPath
L258W,0.9823,LPath
L258Y,0.9891,LPath
H259A,0.9202,LPath
H259C,0.764,LPath
H259D,0.9341,LPath
H259E,0.9462,LPath
H259F,0.7703,LPath
H259G,0.9259,LPath
H259I,0.9545,LPath
H259K,0.89,LPath
H259L,0.6873,LPath
H259M,0.9343,LPath
H259N,0.7604,LPath
H259P,0.7942,LPath
H259Q,0.8704,LPath
H259R,0.7378,LPath
H259S,0.8802,LPath
H259T,0.9402,LPath
H259V,0.9282,LPath
H259W,0.7185,LPath
H259Y,0.521,Amb
G260A,0.9203,LPath
G260C,0.9611,LPath
G260D,0.992,LPath
G260E,0.9942,LPath
G260F,0.9924,LPath
G260H,0.9939,LPath
G260I,0.9841,LPath
G260K,0.9955,LPath
G260L,0.9894,LPath
G260M,0.9932,LPath
G260N,0.9821,LPath
G260P,0.9988,LPath
G260Q,0.9903,LPath
G260R,0.9883,LPath
G260S,0.893,LPath
G260T,0.9686,LPath
G260V,0.9743,LPath
G260W,0.9923,LPath
G260Y,0.9919,LPath
L261A,0.976,LPath
L261C,0.978,LPath
L261D,0.9991,LPath
L261E,0.9937,LPath
L261F,0.9655,LPath
L261G,0.9918,LPath
L261H,0.9909,LPath
L261I,0.58,LPath
L261K,0.9831,LPath
L261M,0.787,LPath
L261N,0.9905,LPath
L261P,0.9948,LPath
L261Q,0.9857,LPath
L261R,0.9729,LPath
L261S,0.9942,LPath
L261T,0.9752,LPath
L261V,0.697,LPath
L261W,0.9876,LPath
L261Y,0.9917,LPath
Q262A,0.3596,Amb
Q262C,0.7526,LPath
Q262D,0.85,LPath
Q262E,0.2271,LBen
Q262F,0.8795,LPath
Q262G,0.5925,LPath
Q262H,0.5108,Amb
Q262I,0.5221,Amb
Q262K,0.2289,LBen
Q262L,0.2496,LBen
Q262M,0.4879,Amb
Q262N,0.6018,LPath
Q262P,0.9173,LPath
Q262R,0.2388,LBen
Q262S,0.3867,Amb
Q262T,0.2973,LBen
Q262V,0.3357,LBen
Q262W,0.9073,LPath
Q262Y,0.805,LPath
Q263A,0.8103,LPath
Q263C,0.9856,LPath
Q263D,0.9862,LPath
Q263E,0.6732,LPath
Q263F,0.9852,LPath
Q263G,0.8351,LPath
Q263H,0.9701,LPath
Q263I,0.9248,LPath
Q263K,0.9454,LPath
Q263L,0.8147,LPath
Q263M,0.8227,LPath
Q263N,0.8567,LPath
Q263P,0.9589,LPath
Q263R,0.9556,LPath
Q263S,0.7619,LPath
Q263T,0.7904,LPath
Q263V,0.8864,LPath
Q263W,0.9942,LPath
Q263Y,0.9899,LPath
Y264A,0.916,LPath
Y264C,0.3966,Amb
Y264D,0.9272,LPath
Y264E,0.9699,LPath
Y264F,0.1353,LBen
Y264G,0.8501,LPath
Y264H,0.3229,LBen
Y264I,0.9128,LPath
Y264K,0.9451,LPath
Y264L,0.8666,LPath
Y264M,0.9189,LPath
Y264N,0.6168,LPath
Y264P,0.997,LPath
Y264Q,0.9037,LPath
Y264R,0.863,LPath
Y264S,0.754,LPath
Y264T,0.9287,LPath
Y264V,0.8536,LPath
Y264W,0.6235,LPath
Y265A,0.867,LPath
Y265C,0.3568,Amb
Y265D,0.9631,LPath
Y265E,0.9829,LPath
Y265F,0.1168,LBen
Y265G,0.865,LPath
Y265H,0.5772,LPath
Y265I,0.8574,LPath
Y265K,0.9666,LPath
Y265L,0.8455,LPath
Y265M,0.9156,LPath
Y265N,0.8273,LPath
Y265P,0.9923,LPath
Y265Q,0.9333,LPath
Y265R,0.8603,LPath
Y265S,0.6799,LPath
Y265T,0.8757,LPath
Y265V,0.715,LPath
Y265W,0.5971,LPath
V266A,0.3586,Amb
V266C,0.4516,Amb
V266D,0.8584,LPath
V266E,0.7225,LPath
V266F,0.3506,Amb
V266G,0.4232,Amb
V266H,0.8276,LPath
V266I,0.0892,LBen
V266K,0.7655,LPath
V266L,0.2263,LBen
V266M,0.236,LBen
V266N,0.6822,LPath
V266P,0.9791,LPath
V266Q,0.6117,LPath
V266R,0.6985,LPath
V266S,0.4621,Amb
V266T,0.3564,Amb
V266W,0.9175,LPath
V266Y,0.7408,LPath
K267A,0.6041,LPath
K267C,0.6955,LPath
K267D,0.7925,LPath
K267E,0.5568,Amb
K267F,0.8494,LPath
K267G,0.6934,LPath
K267H,0.376,Amb
K267I,0.6172,LPath
K267L,0.4822,Amb
K267M,0.4353,Amb
K267N,0.6232,LPath
K267P,0.7077,LPath
K267Q,0.2666,LBen
K267R,0.1085,LBen
K267S,0.6519,LPath
K267T,0.4227,Amb
K267V,0.5236,Amb
K267W,0.8449,LPath
K267Y,0.7321,LPath
L268A,0.7016,LPath
L268C,0.6458,LPath
L268D,0.9878,LPath
L268E,0.9074,LPath
L268F,0.7839,LPath
L268G,0.8993,LPath
L268H,0.9115,LPath
L268I,0.1486,LBen
L268K,0.906,LPath
L268M,0.2435,LBen
L268N,0.9013,LPath
L268P,0.9679,LPath
L268Q,0.7437,LPath
L268R,0.8452,LPath
L268S,0.8707,LPath
L268T,0.5724,LPath
L268V,0.1354,LBen
L268W,0.9423,LPath
L268Y,0.9456,LPath
K269A,0.2975,LBen
K269C,0.6243,LPath
K269D,0.4814,Amb
K269E,0.2285,LBen
K269F,0.8514,LPath
K269G,0.3225,LBen
K269H,0.2955,LBen
K269I,0.5658,LPath
K269L,0.4071,Amb
K269M,0.371,Amb
K269N,0.4016,Amb
K269P,0.4457,Amb
K269Q,0.129,LBen
K269R,0.0914,LBen
K269S,0.3459,Amb
K269T,0.1986,LBen
K269V,0.431,Amb
K269W,0.8172,LPath
K269Y,0.7524,LPath
D270A,0.5862,LPath
D270C,0.9147,LPath
D270E,0.2487,LBen
D270F,0.9195,LPath
D270G,0.5712,LPath
D270H,0.8197,LPath
D270I,0.7998,LPath
D270K,0.8773,LPath
D270L,0.797,LPath
D270M,0.9217,LPath
D270N,0.4307,Amb
D270P,0.8668,LPath
D270Q,0.7865,LPath
D270R,0.8676,LPath
D270S,0.5581,Amb
D270T,0.6849,LPath
D270V,0.5948,LPath
D270W,0.9823,LPath
D270Y,0.6865,LPath
S271A,0.0706,LBen
S271C,0.1088,LBen
S271D,0.2852,LBen
S271E,0.3559,Amb
S271F,0.2593,LBen
S271G,0.0684,LBen
S271H,0.2196,LBen
S271I,0.1329,LBen
S271K,0.4609,Amb
S271L,0.11,LBen
S271M,0.156,LBen
S271N,0.0765,LBen
S271P,0.1891,LBen
S271Q,0.2877,LBen
S271R,0.4311,Amb
S271T,0.0689,LBen
S271V,0.1188,LBen
S271W,0.3949,Amb
S271Y,0.2206,LBen
E272A,0.2903,LBen
E272C,0.8717,LPath
E272D,0.1936,LBen
E272F,0.8912,LPath
E272G,0.307,LBen
E272H,0.69,LPath
E272I,0.7118,LPath
E272K,0.4279,Amb
E272L,0.6161,LPath
E272M,0.6863,LPath
E272N,0.4961,Amb
E272P,0.9679,LPath
E272Q,0.2047,LBen
E272R,0.5418,Amb
E272S,0.3777,Amb
E272T,0.4736,Amb
E272V,0.4878,Amb
E272W,0.9562,LPath
E272Y,0.8155,LPath
K273A,0.9846,LPath
K273C,0.9873,LPath
K273D,0.9951,LPath
K273E,0.9789,LPath
K273F,0.9987,LPath
K273G,0.9801,LPath
K273H,0.973,LPath
K273I,0.9871,LPath
K273L,0.9803,LPath
K273M,0.9529,LPath
K273N,0.9919,LPath
K273P,0.9933,LPath
K273Q,0.9426,LPath
K273R,0.4178,Amb
K273S,0.9939,LPath
K273T,0.9698,LPath
K273V,0.9775,LPath
K273W,0.9977,LPath
K273Y,0.9926,LPath
N274A,0.8125,LPath
N274C,0.7561,LPath
N274D,0.8019,LPath
N274E,0.9308,LPath
N274F,0.9621,LPath
N274G,0.7834,LPath
N274H,0.7281,LPath
N274I,0.7251,LPath
N274K,0.9444,LPath
N274L,0.7346,LPath
N274M,0.8367,LPath
N274P,0.8582,LPath
N274Q,0.9052,LPath
N274R,0.9257,LPath
N274S,0.436,Amb
N274T,0.4841,Amb
N274V,0.6659,LPath
N274W,0.9797,LPath
N274Y,0.7602,LPath
R275A,0.7374,LPath
R275C,0.3816,Amb
R275D,0.9115,LPath
R275E,0.7005,LPath
R275F,0.8699,LPath
R275G,0.5727,LPath
R275H,0.2578,LBen
R275I,0.6078,LPath
R275K,0.1717,LBen
R275L,0.5659,LPath
R275M,0.6712,LPath
R275N,0.8693,LPath
R275P,0.9292,LPath
R275Q,0.2013,LBen
R275S,0.8019,LPath
R275T,0.6603,LPath
R275V,0.6522,LPath
R275W,0.5479,Amb
R275Y,0.7708,LPath
K276A,0.7036,LPath
K276C,0.7135,LPath
K276D,0.9552,LPath
K276E,0.6772,LPath
K276F,0.9206,LPath
K276G,0.8476,LPath
K276H,0.4778,Amb
K276I,0.7025,LPath
K276L,0.6056,LPath
K276M,0.4981,Amb
K276N,0.8839,LPath
K276P,0.989,LPath
K276Q,0.2803,LBen
K276R,0.0951,LBen
K276S,0.8501,LPath
K276T,0.5138,Amb
K276V,0.5827,LPath
K276W,0.9203,LPath
K276Y,0.8231,LPath
L277A,0.9449,LPath
L277C,0.9341,LPath
L277D,0.9992,LPath
L277E,0.9964,LPath
L277F,0.9212,LPath
L277G,0.9875,LPath
L277H,0.9909,LPath
L277I,0.4703,Amb
L277K,0.9941,LPath
L277M,0.5976,LPath
L277N,0.9935,LPath
L277P,0.9968,LPath
L277Q,0.9878,LPath
L277R,0.9853,LPath
L277S,0.9924,LPath
L277T,0.9532,LPath
L277V,0.5303,Amb
L277W,0.9919,LPath
L277Y,0.9882,LPath
F278A,0.6766,LPath
F278C,0.377,Amb
F278D,0.9314,LPath
F278E,0.9214,LPath
F278G,0.7913,LPath
F278H,0.7774,LPath
F278I,0.4271,Amb
F278K,0.9207,LPath
F278L,0.7916,LPath
F278M,0.5523,Amb
F278N,0.7122,LPath
F278P,0.992,LPath
F278Q,0.8297,LPath
F278R,0.8213,LPath
F278S,0.6371,LPath
F278T,0.6043,LPath
F278V,0.3947,Amb
F278W,0.5917,LPath
F278Y,0.3451,Amb
D279A,0.4135,Amb
D279C,0.811,LPath
D279E,0.2679,LBen
D279F,0.8281,LPath
D279G,0.4689,Amb
D279H,0.5986,LPath
D279I,0.7298,LPath
D279K,0.8078,LPath
D279L,0.658,LPath
D279M,0.8514,LPath
D279N,0.3051,LBen
D279P,0.9751,LPath
D279Q,0.6072,LPath
D279R,0.7651,LPath
D279S,0.2988,LBen
D279T,0.518,Amb
D279V,0.5238,Amb
D279W,0.9504,LPath
D279Y,0.5229,Amb
L280A,0.7635,LPath
L280C,0.7513,LPath
L280D,0.9877,LPath
L280E,0.9502,LPath
L280F,0.5175,Amb
L280G,0.9471,LPath
L280H,0.8316,LPath
L280I,0.2242,LBen
L280K,0.9237,LPath
L280M,0.2496,LBen
L280N,0.9236,LPath
L280P,0.9954,LPath
L280Q,0.8153,LPath
L280R,0.8865,LPath
L280S,0.8913,LPath
L280T,0.7324,LPath
L280V,0.2535,LBen
L280W,0.8572,LPath
L280Y,0.8491,LPath
L281A,0.9475,LPath
L281C,0.9216,LPath
L281D,0.9989,LPath
L281E,0.9934,LPath
L281F,0.8718,LPath
L281G,0.9883,LPath
L281H,0.9838,LPath
L281I,0.4841,Amb
L281K,0.9892,LPath
L281M,0.4379,Amb
L281N,0.9923,LPath
L281P,0.9929,LPath
L281Q,0.9759,LPath
L281R,0.9769,LPath
L281S,0.9876,LPath
L281T,0.9394,LPath
L281V,0.5755,LPath
L281W,0.969,LPath
L281Y,0.9826,LPath
D282A,0.8968,LPath
D282C,0.9811,LPath
D282E,0.8787,LPath
D282F,0.9822,LPath
D282G,0.857,LPath
D282H,0.9528,LPath
D282I,0.9783,LPath
D282K,0.9777,LPath
D282L,0.943,LPath
D282M,0.9878,LPath
D282N,0.866,LPath
D282P,0.9903,LPath
D282Q,0.9635,LPath
D282R,0.9505,LPath
D282S,0.8611,LPath
D282T,0.9515,LPath
D282V,0.9318,LPath
D282W,0.9904,LPath
D282Y,0.8948,LPath
V283A,0.1551,LBen
V283C,0.5272,Amb
V283D,0.3954,Amb
V283E,0.3479,Amb
V283F,0.1931,LBen
V283G,0.1715,LBen
V283H,0.5095,Amb
V283I,0.0781,LBen
V283K,0.4108,Amb
V283L,0.1871,LBen
V283M,0.143,LBen
V283N,0.2174,LBen
V283P,0.9178,LPath
V283Q,0.3178,LBen
V283R,0.3755,Amb
V283S,0.163,LBen
V283T,0.1507,LBen
V283W,0.8336,LPath
V283Y,0.5321,Amb
L284A,0.867,LPath
L284C,0.8698,LPath
L284D,0.9954,LPath
L284E,0.9704,LPath
L284F,0.7921,LPath
L284G,0.9653,LPath
L284H,0.9417,LPath
L284I,0.4744,Amb
L284K,0.9497,LPath
L284M,0.4496,Amb
L284N,0.9672,LPath
L284P,0.9847,LPath
L284Q,0.9112,LPath
L284R,0.9072,LPath
L284S,0.9537,LPath
L284T,0.8567,LPath
L284V,0.4794,Amb
L284W,0.9299,LPath
L284Y,0.9539,LPath
E285A,0.655,LPath
E285C,0.9656,LPath
E285D,0.5585,Amb
E285F,0.9792,LPath
E285G,0.7117,LPath
E285H,0.9231,LPath
E285I,0.9336,LPath
E285K,0.8859,LPath
E285L,0.9203,LPath
E285M,0.9397,LPath
E285N,0.859,LPath
E285P,0.8979,LPath
E285Q,0.5643,LPath
E285R,0.8363,LPath
E285S,0.717,LPath
E285T,0.8245,LPath
E285V,0.8234,LPath
E285W,0.992,LPath
E285Y,0.9565,LPath
F286A,0.9865,LPath
F286C,0.9357,LPath
F286D,0.9932,LPath
F286E,0.9946,LPath
F286G,0.9881,LPath
F286H,0.9812,LPath
F286I,0.9095,LPath
F286K,0.9952,LPath
F286L,0.9955,LPath
F286M,0.9619,LPath
F286N,0.9802,LPath
F286P,0.9986,LPath
F286Q,0.9917,LPath
F286R,0.9874,LPath
F286S,0.9851,LPath
F286T,0.9874,LPath
F286V,0.912,LPath
F286W,0.889,LPath
F286Y,0.5514,Amb
N287A,0.8521,LPath
N287C,0.7235,LPath
N287D,0.8848,LPath
N287E,0.9519,LPath
N287F,0.9302,LPath
N287G,0.8296,LPath
N287H,0.6193,LPath
N287I,0.8875,LPath
N287K,0.9682,LPath
N287L,0.7848,LPath
N287M,0.9224,LPath
N287P,0.8794,LPath
N287Q,0.9024,LPath
N287R,0.8985,LPath
N287S,0.2982,LBen
N287T,0.724,LPath
N287V,0.8697,LPath
N287W,0.9655,LPath
N287Y,0.6992,LPath
Q288A,0.8181,LPath
Q288C,0.9914,LPath
Q288D,0.9908,LPath
Q288E,0.7326,LPath
Q288F,0.9925,LPath
Q288G,0.8463,LPath
Q288H,0.9823,LPath
Q288I,0.9715,LPath
Q288K,0.9032,LPath
Q288L,0.9213,LPath
Q288M,0.9046,LPath
Q288N,0.9303,LPath
Q288P,0.9774,LPath
Q288R,0.9028,LPath
Q288S,0.7901,LPath
Q288T,0.8651,LPath
Q288V,0.9416,LPath
Q288W,0.9957,LPath
Q288Y,0.9933,LPath
V289A,0.5531,Amb
V289C,0.756,LPath
V289D,0.9806,LPath
V289E,0.9806,LPath
V289F,0.9458,LPath
V289G,0.622,LPath
V289H,0.9926,LPath
V289I,0.3155,LBen
V289K,0.9896,LPath
V289L,0.8755,LPath
V289M,0.8576,LPath
V289N,0.9388,LPath
V289P,0.9931,LPath
V289Q,0.9726,LPath
V289R,0.9747,LPath
V289S,0.6689,LPath
V289T,0.7109,LPath
V289W,0.9982,LPath
V289Y,0.9861,LPath
I290A,0.9015,LPath
I290C,0.8408,LPath
I290D,0.9963,LPath
I290E,0.9937,LPath
I290F,0.9167,LPath
I290G,0.9711,LPath
I290H,0.9967,LPath
I290K,0.9956,LPath
I290L,0.5343,Amb
I290M,0.4982,Amb
I290N,0.9639,LPath
I290P,0.9935,LPath
I290Q,0.9904,LPath
I290R,0.9923,LPath
I290S,0.9361,LPath
I290T,0.8758,LPath
I290V,0.0784,LBen
I290W,0.9976,LPath
I290Y,0.9929,LPath
I291A,0.9588,LPath
I291C,0.9389,LPath
I291D,0.9991,LPath
I291E,0.9985,LPath
I291F,0.9059,LPath
I291G,0.994,LPath
I291H,0.998,LPath
I291K,0.9982,LPath
I291L,0.4361,Amb
I291M,0.6676,LPath
I291N,0.989,LPath
I291P,0.9944,LPath
I291Q,0.9977,LPath
I291R,0.9957,LPath
I291S,0.9734,LPath
I291T,0.9566,LPath
I291V,0.1373,LBen
I291W,0.9985,LPath
I291Y,0.993,LPath
F292A,0.9863,LPath
F292C,0.9681,LPath
F292D,0.997,LPath
F292E,0.9978,LPath
F292G,0.9917,LPath
F292H,0.9814,LPath
F292I,0.9773,LPath
F292K,0.9981,LPath
F292L,0.9963,LPath
F292M,0.9787,LPath
F292N,0.9895,LPath
F292P,0.9992,LPath
F292Q,0.9955,LPath
F292R,0.9937,LPath
F292S,0.9699,LPath
F292T,0.9868,LPath
F292V,0.9626,LPath
F292W,0.9278,LPath
F292Y,0.7031,LPath
V293A,0.7141,LPath
V293C,0.7832,LPath
V293D,0.9876,LPath
V293E,0.9775,LPath
V293F,0.9588,LPath
V293G,0.7043,LPath
V293H,0.9932,LPath
V293I,0.279,LBen
V293K,0.9896,LPath
V293L,0.8219,LPath
V293M,0.8912,LPath
V293N,0.9577,LPath
V293P,0.9779,LPath
V293Q,0.9715,LPath
V293R,0.9685,LPath
V293S,0.757,LPath
V293T,0.5674,LPath
V293W,0.9991,LPath
V293Y,0.9945,LPath
K294A,0.67,LPath
K294C,0.797,LPath
K294D,0.8016,LPath
K294E,0.6075,LPath
K294F,0.9592,LPath
K294G,0.6167,LPath
K294H,0.4679,Amb
K294I,0.8689,LPath
K294L,0.7555,LPath
K294M,0.7147,LPath
K294N,0.6601,LPath
K294P,0.9072,LPath
K294Q,0.2939,LBen
K294R,0.0878,LBen
K294S,0.6286,LPath
K294T,0.5585,Amb
K294V,0.7979,LPath
K294W,0.9268,LPath
K294Y,0.8682,LPath
S295A,0.2806,LBen
S295C,0.4416,Amb
S295D,0.8307,LPath
S295E,0.9169,LPath
S295F,0.8206,LPath
S295G,0.206,LBen
S295H,0.7864,LPath
S295I,0.835,LPath
S295K,0.964,LPath
S295L,0.5411,Amb
S295M,0.5701,LPath
S295N,0.3919,Amb
S295P,0.9529,LPath
S295Q,0.8538,LPath
S295R,0.9625,LPath
S295T,0.1402,LBen
S295V,0.7225,LPath
S295W,0.8497,LPath
S295Y,0.6814,LPath
V296A,0.4968,Amb
V296C,0.8604,LPath
V296D,0.894,LPath
V296E,0.7458,LPath
V296F,0.5187,Amb
V296G,0.5592,Amb
V296H,0.8977,LPath
V296I,0.1077,LBen
V296K,0.799,LPath
V296L,0.4857,Amb
V296M,0.3717,Amb
V296N,0.6723,LPath
V296P,0.6937,LPath
V296Q,0.6458,LPath
V296R,0.7523,LPath
V296S,0.4816,Amb
V296T,0.3628,Amb
V296W,0.9669,LPath
V296Y,0.8881,LPath
Q297A,0.116,LBen
Q297C,0.7393,LPath
Q297D,0.5322,Amb
Q297E,0.1751,LBen
Q297F,0.6941,LPath
Q297G,0.1825,LBen
Q297H,0.2629,LBen
Q297I,0.3621,Amb
Q297K,0.2672,LBen
Q297L,0.1484,LBen
Q297M,0.3458,Amb
Q297N,0.2314,LBen
Q297P,0.0761,LBen
Q297R,0.2883,LBen
Q297S,0.1185,LBen
Q297T,0.1406,LBen
Q297V,0.2107,LBen
Q297W,0.7869,LPath
Q297Y,0.5838,LPath
R298A,0.9487,LPath
R298C,0.7559,LPath
R298D,0.9774,LPath
R298E,0.9257,LPath
R298F,0.9754,LPath
R298G,0.8655,LPath
R298H,0.6849,LPath
R298I,0.9298,LPath
R298K,0.6748,LPath
R298L,0.8914,LPath
R298M,0.967,LPath
R298N,0.964,LPath
R298P,0.978,LPath
R298Q,0.7127,LPath
R298S,0.9618,LPath
R298T,0.9348,LPath
R298V,0.9298,LPath
R298W,0.8611,LPath
R298Y,0.9272,LPath
C299A,0.6628,LPath
C299D,0.9949,LPath
C299E,0.9972,LPath
C299F,0.9885,LPath
C299G,0.5685,LPath
C299H,0.9953,LPath
C299I,0.9841,LPath
C299K,0.9989,LPath
C299L,0.9614,LPath
C299M,0.9818,LPath
C299N,0.9694,LPath
C299P,0.9976,LPath
C299Q,0.9934,LPath
C299R,0.9899,LPath
C299S,0.6662,LPath
C299T,0.8518,LPath
C299V,0.8902,LPath
C299W,0.998,LPath
C299Y,0.994,LPath
M300A,0.2091,LBen
M300C,0.51,Amb
M300D,0.6336,LPath
M300E,0.3756,Amb
M300F,0.3286,LBen
M300G,0.3271,LBen
M300H,0.3979,Amb
M300I,0.2072,LBen
M300K,0.2871,LBen
M300L,0.1062,LBen
M300N,0.2283,LBen
M300P,0.9501,LPath
M300Q,0.2004,LBen
M300R,0.3316,LBen
M300S,0.1928,LBen
M300T,0.12,LBen
M300V,0.0728,LBen
M300W,0.7029,LPath
M300Y,0.5477,Amb
A301C,0.6487,LPath
A301D,0.832,LPath
A301E,0.6951,LPath
A301F,0.5917,LPath
A301G,0.3603,Amb
A301H,0.7124,LPath
A301I,0.5991,LPath
A301K,0.8551,LPath
A301L,0.3681,Amb
A301M,0.4799,Amb
A301N,0.613,LPath
A301P,0.9304,LPath
A301Q,0.5772,LPath
A301R,0.7421,LPath
A301S,0.1975,LBen
A301T,0.3217,LBen
A301V,0.3496,Amb
A301W,0.9084,LPath
A301Y,0.7194,LPath
L302A,0.933,LPath
L302C,0.9619,LPath
L302D,0.9989,LPath
L302E,0.9935,LPath
L302F,0.9193,LPath
L302G,0.9888,LPath
L302H,0.9864,LPath
L302I,0.5278,Amb
L302K,0.9865,LPath
L302M,0.6556,LPath
L302N,0.9913,LPath
L302P,0.9942,LPath
L302Q,0.9813,LPath
L302R,0.9744,LPath
L302S,0.986,LPath
L302T,0.9297,LPath
L302V,0.4855,Amb
L302W,0.9903,LPath
L302Y,0.99,LPath
A303C,0.3016,LBen
A303D,0.7158,LPath
A303E,0.6003,LPath
A303F,0.6631,LPath
A303G,0.1469,LBen
A303H,0.5038,Amb
A303I,0.763,LPath
A303K,0.8812,LPath
A303L,0.6089,LPath
A303M,0.5944,LPath
A303N,0.403,Amb
A303P,0.9741,LPath
A303Q,0.4526,Amb
A303R,0.7819,LPath
A303S,0.0522,LBen
A303T,0.1536,LBen
A303V,0.3964,Amb
A303W,0.898,LPath
A303Y,0.6525,LPath
Q304A,0.1773,LBen
Q304C,0.6701,LPath
Q304D,0.3984,Amb
Q304E,0.1437,LBen
Q304F,0.7167,LPath
Q304G,0.1933,LBen
Q304H,0.2274,LBen
Q304I,0.4975,Amb
Q304K,0.1886,LBen
Q304L,0.1885,LBen
Q304M,0.3737,Amb
Q304N,0.1989,LBen
Q304P,0.8468,LPath
Q304R,0.204,LBen
Q304S,0.1505,LBen
Q304T,0.168,LBen
Q304V,0.3329,LBen
Q304W,0.7741,LPath
Q304Y,0.5638,Amb
L305A,0.7818,LPath
L305C,0.8621,LPath
L305D,0.9812,LPath
L305E,0.9312,LPath
L305F,0.7084,LPath
L305G,0.9144,LPath
L305H,0.8452,LPath
L305I,0.3486,Amb
L305K,0.848,LPath
L305M,0.4005,Amb
L305N,0.9052,LPath
L305P,0.9915,LPath
L305Q,0.8114,LPath
L305R,0.7931,LPath
L305S,0.9173,LPath
L305T,0.8114,LPath
L305V,0.417,Amb
L305W,0.8667,LPath
L305Y,0.8669,LPath
L306A,0.9352,LPath
L306C,0.8836,LPath
L306D,0.9992,LPath
L306E,0.9953,LPath
L306F,0.8851,LPath
L306G,0.9884,LPath
L306H,0.9885,LPath
L306I,0.647,LPath
L306K,0.9944,LPath
L306M,0.42,Amb
L306N,0.9951,LPath
L306P,0.9951,LPath
L306Q,0.9828,LPath
L306R,0.9868,LPath
L306S,0.9897,LPath
L306T,0.9624,LPath
L306V,0.6357,LPath
L306W,0.9885,LPath
L306Y,0.9904,LPath
V307A,0.1674,LBen
V307C,0.5238,Amb
V307D,0.473,Amb
V307E,0.2992,LBen
V307F,0.2789,LBen
V307G,0.176,LBen
V307H,0.5138,Amb
V307I,0.0909,LBen
V307K,0.4256,Amb
V307L,0.1859,LBen
V307M,0.1591,LBen
V307N,0.24,LBen
V307P,0.916,LPath
V307Q,0.2468,LBen
V307R,0.3652,Amb
V307S,0.172,LBen
V307T,0.129,LBen
V307W,0.8448,LPath
V307Y,0.6201,LPath
E308A,0.3901,Amb
E308C,0.9197,LPath
E308D,0.2003,LBen
E308F,0.929,LPath
E308G,0.3357,LBen
E308H,0.7553,LPath
E308I,0.7977,LPath
E308K,0.5461,Amb
E308L,0.7584,LPath
E308M,0.809,LPath
E308N,0.528,Amb
E308P,0.9703,LPath
E308Q,0.2951,LBen
E308R,0.5935,LPath
E308S,0.3765,Amb
E308T,0.5208,Amb
E308V,0.6423,LPath
E308W,0.9686,LPath
E308Y,0.8711,LPath
Q309A,0.3666,Amb
Q309C,0.7741,LPath
Q309D,0.8226,LPath
Q309E,0.1965,LBen
Q309F,0.9172,LPath
Q309G,0.4395,Amb
Q309H,0.6504,LPath
Q309I,0.7394,LPath
Q309K,0.467,Amb
Q309L,0.509,Amb
Q309M,0.5542,Amb
Q309N,0.4453,Amb
Q309P,0.9447,LPath
Q309R,0.4619,Amb
Q309S,0.416,Amb
Q309T,0.4415,Amb
Q309V,0.5243,Amb
Q309W,0.9288,LPath
Q309Y,0.8412,LPath
N310A,0.4679,Amb
N310C,0.4049,Amb
N310D,0.4248,Amb
N310E,0.7082,LPath
N310F,0.8807,LPath
N310G,0.36,Amb
N310H,0.3014,LBen
N310I,0.7171,LPath
N310K,0.7042,LPath
N310L,0.6806,LPath
N310M,0.7037,LPath
N310P,0.9477,LPath
N310Q,0.5834,LPath
N310R,0.6916,LPath
N310S,0.1556,LBen
N310T,0.4045,Amb
N310V,0.6203,LPath
N310W,0.9499,LPath
N310Y,0.4664,Amb
F311A,0.9887,LPath
F311C,0.9565,LPath
F311D,0.9954,LPath
F311E,0.9941,LPath
F311G,0.9946,LPath
F311H,0.9422,LPath
F311I,0.9022,LPath
F311K,0.9927,LPath
F311L,0.9915,LPath
F311M,0.9624,LPath
F311N,0.9846,LPath
F311P,0.9993,LPath
F311Q,0.986,LPath
F311R,0.9804,LPath
F311S,0.9819,LPath
F311T,0.9883,LPath
F311V,0.9256,LPath
F311W,0.9067,LPath
F311Y,0.6317,LPath
P312A,0.648,LPath
P312C,0.9641,LPath
P312D,0.9667,LPath
P312E,0.9409,LPath
P312F,0.9807,LPath
P312G,0.899,LPath
P312H,0.8887,LPath
P312I,0.9594,LPath
P312K,0.9649,LPath
P312L,0.794,LPath
P312M,0.9571,LPath
P312N,0.9497,LPath
P312Q,0.8765,LPath
P312R,0.8945,LPath
P312S,0.7727,LPath
P312T,0.7261,LPath
P312V,0.9006,LPath
P312W,0.9868,LPath
P312Y,0.9777,LPath
A313C,0.6024,LPath
A313D,0.9805,LPath
A313E,0.9736,LPath
A313F,0.9691,LPath
A313G,0.4439,Amb
A313H,0.9762,LPath
A313I,0.8404,LPath
A313K,0.9945,LPath
A313L,0.8485,LPath
A313M,0.8905,LPath
A313N,0.9341,LPath
A313P,0.9234,LPath
A313Q,0.9546,LPath
A313R,0.9807,LPath
A313S,0.1544,LBen
A313T,0.3445,Amb
A313V,0.4861,Amb
A313W,0.996,LPath
A313Y,0.9819,LPath
I314A,0.6291,LPath
I314C,0.8532,LPath
I314D,0.9705,LPath
I314E,0.9461,LPath
I314F,0.6313,LPath
I314G,0.9236,LPath
I314H,0.9663,LPath
I314K,0.9566,LPath
I314L,0.3038,LBen
I314M,0.2673,LBen
I314N,0.8415,LPath
I314P,0.9777,LPath
I314Q,0.9359,LPath
I314R,0.9261,LPath
I314S,0.7133,LPath
I314T,0.4346,Amb
I314V,0.0912,LBen
I314W,0.9784,LPath
I314Y,0.9432,LPath
A315C,0.3861,Amb
A315D,0.9137,LPath
A315E,0.8756,LPath
A315F,0.7383,LPath
A315G,0.1673,LBen
A315H,0.8506,LPath
A315I,0.7734,LPath
A315K,0.9701,LPath
A315L,0.6688,LPath
A315M,0.7032,LPath
A315N,0.7357,LPath
A315P,0.608,LPath
A315Q,0.7832,LPath
A315R,0.9328,LPath
A315S,0.1223,LBen
A315T,0.2933,LBen
A315V,0.4778,Amb
A315W,0.9605,LPath
A315Y,0.8516,LPath
I316A,0.8966,LPath
I316C,0.9351,LPath
I316D,0.9971,LPath
I316E,0.9941,LPath
I316F,0.7376,LPath
I316G,0.9848,LPath
I316H,0.9924,LPath
I316K,0.9938,LPath
I316L,0.3206,LBen
I316M,0.3161,LBen
I316N,0.9645,LPath
I316P,0.9892,LPath
I316Q,0.9873,LPath
I316R,0.9874,LPath
I316S,0.9077,LPath
I316T,0.8837,LPath
I316V,0.1754,LBen
I316W,0.9901,LPath
I316Y,0.9747,LPath
H317A,0.9487,LPath
H317C,0.6345,LPath
H317D,0.9448,LPath
H317E,0.9738,LPath
H317F,0.788,LPath
H317G,0.9386,LPath
H317I,0.9701,LPath
H317K,0.9798,LPath
H317L,0.8178,LPath
H317M,0.966,LPath
H317N,0.6782,LPath
H317P,0.824,LPath
H317Q,0.9295,LPath
H317R,0.9226,LPath
H317S,0.7818,LPath
H317T,0.9185,LPath
H317V,0.9538,LPath
H317W,0.8299,LPath
H317Y,0.5688,LPath
R318A,0.6401,LPath
R318C,0.7125,LPath
R318D,0.9492,LPath
R318E,0.8645,LPath
R318F,0.952,LPath
R318G,0.2789,LBen
R318H,0.5249,Amb
R318I,0.9217,LPath
R318K,0.3772,Amb
R318L,0.8528,LPath
R318M,0.8863,LPath
R318N,0.913,LPath
R318P,0.93,LPath
R318Q,0.4125,Amb
R318S,0.601,LPath
R318T,0.8185,LPath
R318V,0.9111,LPath
R318W,0.7912,LPath
R318Y,0.8885,LPath
G319A,0.1346,LBen
G319C,0.323,LBen
G319D,0.4673,Amb
G319E,0.4516,Amb
G319F,0.7481,LPath
G319H,0.6026,LPath
G319I,0.5323,Amb
G319K,0.7642,LPath
G319L,0.5417,Amb
G319M,0.5581,Amb
G319N,0.3197,LBen
G319P,0.9414,LPath
G319Q,0.4857,Amb
G319R,0.6428,LPath
G319S,0.1295,LBen
G319T,0.2387,LBen
G319V,0.3314,LBen
G319W,0.6985,LPath
G319Y,0.618,LPath
M320A,0.9219,LPath
M320C,0.9265,LPath
M320D,0.9893,LPath
M320E,0.9471,LPath
M320F,0.7671,LPath
M320G,0.9682,LPath
M320H,0.9602,LPath
M320I,0.8192,LPath
M320K,0.8345,LPath
M320L,0.2523,LBen
M320N,0.9513,LPath
M320P,0.9942,LPath
M320Q,0.8045,LPath
M320R,0.8765,LPath
M320S,0.938,LPath
M320T,0.8928,LPath
M320V,0.416,Amb
M320W,0.9519,LPath
M320Y,0.944,LPath
A321C,0.3646,Amb
A321D,0.2239,LBen
A321E,0.2267,LBen
A321F,0.3659,Amb
A321G,0.108,LBen
A321H,0.3393,LBen
A321I,0.2107,LBen
A321K,0.3637,Amb
A321L,0.1115,LBen
A321M,0.177,LBen
A321N,0.1329,LBen
A321P,0.0945,LBen
A321Q,0.211,LBen
A321R,0.3743,Amb
A321S,0.0739,LBen
A321T,0.0729,LBen
A321V,0.1053,LBen
A321W,0.733,LPath
A321Y,0.4937,Amb
Q322A,0.4286,Amb
Q322C,0.9867,LPath
Q322D,0.9283,LPath
Q322E,0.4346,Amb
Q322F,0.9723,LPath
Q322G,0.6175,LPath
Q322H,0.9445,LPath
Q322I,0.8737,LPath
Q322K,0.7575,LPath
Q322L,0.7066,LPath
Q322M,0.7442,LPath
Q322N,0.7987,LPath
Q322P,0.468,Amb
Q322R,0.7259,LPath
Q322S,0.4851,Amb
Q322T,0.5422,Amb
Q322V,0.7183,LPath
Q322W,0.9747,LPath
Q322Y,0.9744,LPath
E323A,0.2336,LBen
E323C,0.8798,LPath
E323D,0.133,LBen
E323F,0.9001,LPath
E323G,0.2372,LBen
E323H,0.6051,LPath
E323I,0.595,LPath
E323K,0.307,LBen
E323L,0.596,LPath
E323M,0.6601,LPath
E323N,0.3771,Amb
E323P,0.6386,LPath
E323Q,0.2235,LBen
E323R,0.4424,Amb
E323S,0.3009,LBen
E323T,0.3383,LBen
E323V,0.3638,Amb
E323W,0.9433,LPath
E323Y,0.7955,LPath
E324A,0.316,LBen
E324C,0.915,LPath
E324D,0.1632,LBen
E324F,0.904,LPath
E324G,0.3733,Amb
E324H,0.7731,LPath
E324I,0.5541,Amb
E324K,0.4896,Amb
E324L,0.596,LPath
E324M,0.6658,LPath
E324N,0.5211,Amb
E324P,0.9194,LPath
E324Q,0.3214,LBen
E324R,0.6485,LPath
E324S,0.4602,Amb
E324T,0.4482,Amb
E324V,0.3552,Amb
E324W,0.9634,LPath
E324Y,0.8155,LPath
R325A,0.9594,LPath
R325C,0.8779,LPath
R325D,0.973,LPath
R325E,0.8939,LPath
R325F,0.9839,LPath
R325G,0.9111,LPath
R325H,0.9068,LPath
R325I,0.9361,LPath
R325K,0.868,LPath
R325L,0.8981,LPath
R325M,0.977,LPath
R325N,0.9788,LPath
R325P,0.9788,LPath
R325Q,0.8394,LPath
R325S,0.9783,LPath
R325T,0.9673,LPath
R325V,0.9457,LPath
R325W,0.9038,LPath
R325Y,0.9512,LPath
L326A,0.7439,LPath
L326C,0.8692,LPath
L326D,0.9397,LPath
L326E,0.8267,LPath
L326F,0.5471,Amb
L326G,0.882,LPath
L326H,0.77,LPath
L326I,0.2166,LBen
L326K,0.7329,LPath
L326M,0.3305,LBen
L326N,0.7272,LPath
L326P,0.9676,LPath
L326Q,0.6684,LPath
L326R,0.6214,LPath
L326S,0.8234,LPath
L326T,0.6949,LPath
L326V,0.3149,LBen
L326W,0.7664,LPath
L326Y,0.767,LPath
S327A,0.0686,LBen
S327C,0.0987,LBen
S327D,0.3674,Amb
S327E,0.3852,Amb
S327F,0.1985,LBen
S327G,0.0959,LBen
S327H,0.246,LBen
S327I,0.1744,LBen
S327K,0.4888,Amb
S327L,0.0877,LBen
S327M,0.1717,LBen
S327N,0.1342,LBen
S327P,0.7752,LPath
S327Q,0.2902,LBen
S327R,0.4316,Amb
S327T,0.0858,LBen
S327V,0.1636,LBen
S327W,0.3332,LBen
S327Y,0.195,LBen
R328A,0.6633,LPath
R328C,0.1972,LBen
R328D,0.9024,LPath
R328E,0.711,LPath
R328F,0.8066,LPath
R328G,0.5749,LPath
R328H,0.2079,LBen
R328I,0.5447,Amb
R328K,0.2278,LBen
R328L,0.4316,Amb
R328M,0.6285,LPath
R328N,0.7637,LPath
R328P,0.9744,LPath
R328Q,0.2144,LBen
R328S,0.7075,LPath
R328T,0.5515,Amb
R328V,0.562,Amb
R328W,0.485,Amb
R328Y,0.6317,LPath
Y329A,0.952,LPath
Y329C,0.6984,LPath
Y329D,0.9726,LPath
Y329E,0.9895,LPath
Y329F,0.2517,LBen
Y329G,0.9177,LPath
Y329H,0.8822,LPath
Y329I,0.8887,LPath
Y329K,0.9808,LPath
Y329L,0.7724,LPath
Y329M,0.9085,LPath
Y329N,0.8868,LPath
Y329P,0.995,LPath
Y329Q,0.9722,LPath
Y329R,0.9547,LPath
Y329S,0.8711,LPath
Y329T,0.9503,LPath
Y329V,0.8225,LPath
Y329W,0.7869,LPath
Q330A,0.3042,LBen
Q330C,0.6517,LPath
Q330D,0.7026,LPath
Q330E,0.1778,LBen
Q330F,0.7805,LPath
Q330G,0.3004,LBen
Q330H,0.3201,LBen
Q330I,0.4866,Amb
Q330K,0.1622,LBen
Q330L,0.2028,LBen
Q330M,0.4249,Amb
Q330N,0.4364,Amb
Q330P,0.8903,LPath
Q330R,0.1406,LBen
Q330S,0.3221,LBen
Q330T,0.2601,LBen
Q330V,0.3396,LBen
Q330W,0.7217,LPath
Q330Y,0.6299,LPath
Q331A,0.2244,LBen
Q331C,0.685,LPath
Q331D,0.5221,Amb
Q331E,0.1161,LBen
Q331F,0.8344,LPath
Q331G,0.3278,LBen
Q331H,0.4144,Amb
Q331I,0.6,LPath
Q331K,0.2512,LBen
Q331L,0.1752,LBen
Q331M,0.3696,Amb
Q331N,0.4187,Amb
Q331P,0.8962,LPath
Q331R,0.2875,LBen
Q331S,0.2748,LBen
Q331T,0.3323,LBen
Q331V,0.4323,Amb
Q331W,0.8689,LPath
Q331Y,0.703,LPath
F332A,0.9832,LPath
F332C,0.9066,LPath
F332D,0.9973,LPath
F332E,0.9967,LPath
F332G,0.982,LPath
F332H,0.9804,LPath
F332I,0.9585,LPath
F332K,0.9954,LPath
F332L,0.9922,LPath
F332M,0.947,LPath
F332N,0.9902,LPath
F332P,0.9997,LPath
F332Q,0.9903,LPath
F332R,0.9865,LPath
F332S,0.9876,LPath
F332T,0.9894,LPath
F332V,0.9341,LPath
F332W,0.9277,LPath
F332Y,0.7256,LPath
K333A,0.913,LPath
K333C,0.8734,LPath
K333D,0.9902,LPath
K333E,0.8934,LPath
K333F,0.9925,LPath
K333G,0.9383,LPath
K333H,0.8138,LPath
K333I,0.9242,LPath
K333L,0.8826,LPath
K333M,0.8674,LPath
K333N,0.977,LPath
K333P,0.9902,LPath
K333Q,0.6161,LPath
K333R,0.1138,LBen
K333S,0.9474,LPath
K333T,0.8262,LPath
K333V,0.8759,LPath
K333W,0.9701,LPath
K333Y,0.9689,LPath
D334A,0.3447,Amb
D334C,0.8152,LPath
D334E,0.2826,LBen
D334F,0.8094,LPath
D334G,0.3807,Amb
D334H,0.593,LPath
D334I,0.6857,LPath
D334K,0.7326,LPath
D334L,0.5947,LPath
D334M,0.786,LPath
D334N,0.1693,LBen
D334P,0.9848,LPath
D334Q,0.5927,LPath
D334R,0.7245,LPath
D334S,0.2805,LBen
D334T,0.4884,Amb
D334V,0.4659,Amb
D334W,0.9633,LPath
D334Y,0.4555,Amb
F335A,0.8668,LPath
F335C,0.7059,LPath
F335D,0.9574,LPath
F335E,0.9735,LPath
F335G,0.749,LPath
F335H,0.8695,LPath
F335I,0.8995,LPath
F335K,0.963,LPath
F335L,0.9757,LPath
F335M,0.8723,LPath
F335N,0.8311,LPath
F335P,0.9977,LPath
F335Q,0.9045,LPath
F335R,0.9016,LPath
F335S,0.7662,LPath
F335T,0.9123,LPath
F335V,0.8666,LPath
F335W,0.8211,LPath
F335Y,0.3538,Amb
Q336A,0.3627,Amb
Q336C,0.7499,LPath
Q336D,0.6553,LPath
Q336E,0.149,LBen
Q336F,0.8986,LPath
Q336G,0.4136,Amb
Q336H,0.3593,Amb
Q336I,0.7145,LPath
Q336K,0.1977,LBen
Q336L,0.3495,Amb
Q336M,0.6205,LPath
Q336N,0.4541,Amb
Q336P,0.9046,LPath
Q336R,0.1888,LBen
Q336S,0.278,LBen
Q336T,0.3373,LBen
Q336V,0.4965,Amb
Q336W,0.8684,LPath
Q336Y,0.7809,LPath
R337A,0.603,LPath
R337C,0.1975,LBen
R337D,0.8382,LPath
R337E,0.5316,Amb
R337F,0.7681,LPath
R337G,0.4381,Amb
R337H,0.1682,LBen
R337I,0.6027,LPath
R337K,0.1324,LBen
R337L,0.4603,Amb
R337M,0.5205,Amb
R337N,0.7282,LPath
R337P,0.9576,LPath
R337Q,0.1411,LBen
R337S,0.618,LPath
R337T,0.4695,Amb
R337V,0.5766,LPath
R337W,0.4187,Amb
R337Y,0.5402,Amb
R338A,0.9864,LPath
R338C,0.9191,LPath
R338D,0.9913,LPath
R338E,0.9622,LPath
R338F,0.9929,LPath
R338G,0.9619,LPath
R338H,0.9001,LPath
R338I,0.9839,LPath
R338K,0.8688,LPath
R338L,0.9583,LPath
R338M,0.9913,LPath
R338N,0.9915,LPath
R338P,0.9773,LPath
R338Q,0.8868,LPath
R338S,0.9915,LPath
R338T,0.988,LPath
R338V,0.9835,LPath
R338W,0.9481,LPath
R338Y,0.9784,LPath
I339A,0.973,LPath
I339C,0.9471,LPath
I339D,0.9984,LPath
I339E,0.9965,LPath
I339F,0.8259,LPath
I339G,0.9926,LPath
I339H,0.9928,LPath
I339K,0.9941,LPath
I339L,0.3149,LBen
I339M,0.4602,Amb
I339N,0.9704,LPath
I339P,0.9955,LPath
I339Q,0.993,LPath
I339R,0.991,LPath
I339S,0.9742,LPath
I339T,0.9689,LPath
I339V,0.2336,LBen
I339W,0.9946,LPath
I339Y,0.9786,LPath
L340A,0.8652,LPath
L340C,0.697,LPath
L340D,0.9992,LPath
L340E,0.9945,LPath
L340F,0.8913,LPath
L340G,0.9708,LPath
L340H,0.9871,LPath
L340I,0.4761,Amb
L340K,0.9932,LPath
L340M,0.3024,LBen
L340N,0.9919,LPath
L340P,0.9954,LPath
L340Q,0.9718,LPath
L340R,0.9859,LPath
L340S,0.9772,LPath
L340T,0.9453,LPath
L340V,0.4139,Amb
L340W,0.988,LPath
L340Y,0.989,LPath
V341A,0.8919,LPath
V341C,0.9469,LPath
V341D,0.9976,LPath
V341E,0.9952,LPath
V341F,0.9757,LPath
V341G,0.9357,LPath
V341H,0.9985,LPath
V341I,0.2068,LBen
V341K,0.9973,LPath
V341L,0.881,LPath
V341M,0.9459,LPath
V341N,0.993,LPath
V341P,0.9844,LPath
V341Q,0.9953,LPath
V341R,0.9923,LPath
V341S,0.9551,LPath
V341T,0.8913,LPath
V341W,0.9995,LPath
V341Y,0.9976,LPath
A342C,0.7149,LPath
A342D,0.9855,LPath
A342E,0.9875,LPath
A342F,0.988,LPath
A342G,0.3987,Amb
A342H,0.9893,LPath
A342I,0.983,LPath
A342K,0.9969,LPath
A342L,0.9317,LPath
A342M,0.9477,LPath
A342N,0.9616,LPath
A342P,0.9924,LPath
A342Q,0.9737,LPath
A342R,0.9885,LPath
A342S,0.1827,LBen
A342T,0.4462,Amb
A342V,0.8919,LPath
A342W,0.9984,LPath
A342Y,0.9937,LPath
T343A,0.8496,LPath
T343C,0.9794,LPath
T343D,0.9807,LPath
T343E,0.9815,LPath
T343F,0.9902,LPath
T343G,0.8916,LPath
T343H,0.9803,LPath
T343I,0.9917,LPath
T343K,0.978,LPath
T343L,0.936,LPath
T343M,0.9151,LPath
T343N,0.9234,LPath
T343P,0.8634,LPath
T343Q,0.9722,LPath
T343R,0.9681,LPath
T343S,0.6348,LPath
T343V,0.9589,LPath
T343W,0.9961,LPath
T343Y,0.9908,LPath
N344A,0.5913,LPath
N344C,0.766,LPath
N344D,0.1582,LBen
N344E,0.8631,LPath
N344F,0.9493,LPath
N344G,0.5861,LPath
N344H,0.5129,Amb
N344I,0.8507,LPath
N344K,0.9525,LPath
N344L,0.7873,LPath
N344M,0.8757,LPath
N344P,0.8304,LPath
N344Q,0.8611,LPath
N344R,0.9325,LPath
N344S,0.1272,LBen
N344T,0.4132,Amb
N344V,0.7478,LPath
N344W,0.9825,LPath
N344Y,0.7089,LPath
L345A,0.9045,LPath
L345C,0.9435,LPath
L345D,0.9931,LPath
L345E,0.9785,LPath
L345F,0.8861,LPath
L345G,0.9711,LPath
L345H,0.9593,LPath
L345I,0.2731,LBen
L345K,0.9742,LPath
L345M,0.5976,LPath
L345N,0.9528,LPath
L345P,0.9745,LPath
L345Q,0.9446,LPath
L345R,0.9248,LPath
L345S,0.9566,LPath
L345T,0.8452,LPath
L345V,0.3232,LBen
L345W,0.9517,LPath
L345Y,0.9603,LPath
F346A,0.9053,LPath
F346C,0.8016,LPath
F346D,0.993,LPath
F346E,0.9934,LPath
F346G,0.9621,LPath
F346H,0.9757,LPath
F346I,0.797,LPath
F346K,0.9959,LPath
F346L,0.9642,LPath
F346M,0.8495,LPath
F346N,0.9815,LPath
F346P,0.994,LPath
F346Q,0.9849,LPath
F346R,0.9858,LPath
F346S,0.9174,LPath
F346T,0.9222,LPath
F346V,0.6908,LPath
F346W,0.8196,LPath
F346Y,0.7625,LPath
G347A,0.6432,LPath
G347C,0.8611,LPath
G347D,0.9873,LPath
G347E,0.9812,LPath
G347F,0.9861,LPath
G347H,0.9926,LPath
G347I,0.9739,LPath
G347K,0.9963,LPath
G347L,0.963,LPath
G347M,0.9833,LPath
G347N,0.9827,LPath
G347P,0.9943,LPath
G347Q,0.9727,LPath
G347R,0.9834,LPath
G347S,0.6397,LPath
G347T,0.8966,LPath
G347V,0.9422,LPath
G347W,0.9801,LPath
G347Y,0.9886,LPath
R348A,0.9801,LPath
R348C,0.947,LPath
R348D,0.9817,LPath
R348E,0.9429,LPath
R348F,0.9881,LPath
R348G,0.9415,LPath
R348H,0.914,LPath
R348I,0.9847,LPath
R348K,0.9185,LPath
R348L,0.9446,LPath
R348M,0.9898,LPath
R348N,0.9885,LPath
R348P,0.9842,LPath
R348Q,0.8917,LPath
R348S,0.9838,LPath
R348T,0.9838,LPath
R348V,0.9832,LPath
R348W,0.9011,LPath
R348Y,0.9791,LPath
G349A,0.9474,LPath
G349C,0.972,LPath
G349D,0.9837,LPath
G349E,0.9886,LPath
G349F,0.9925,LPath
G349H,0.9974,LPath
G349I,0.9844,LPath
G349K,0.9964,LPath
G349L,0.9914,LPath
G349M,0.9936,LPath
G349N,0.9942,LPath
G349P,0.9963,LPath
G349Q,0.9951,LPath
G349R,0.9921,LPath
G349S,0.9526,LPath
G349T,0.9769,LPath
G349V,0.9724,LPath
G349W,0.9901,LPath
G349Y,0.9925,LPath
M350A,0.927,LPath
M350C,0.9455,LPath
M350D,0.9955,LPath
M350E,0.9775,LPath
M350F,0.7847,LPath
M350G,0.9781,LPath
M350H,0.9847,LPath
M350I,0.5828,LPath
M350K,0.9433,LPath
M350L,0.3072,LBen
M350N,0.9708,LPath
M350P,0.9889,LPath
M350Q,0.9297,LPath
M350R,0.9362,LPath
M350S,0.9613,LPath
M350T,0.8936,LPath
M350V,0.2314,LBen
M350W,0.9621,LPath
M350Y,0.9707,LPath
D351A,0.9812,LPath
D351C,0.9985,LPath
D351E,0.9878,LPath
D351F,0.9924,LPath
D351G,0.9767,LPath
D351H,0.9888,LPath
D351I,0.9944,LPath
D351K,0.9968,LPath
D351L,0.9906,LPath
D351M,0.9979,LPath
D351N,0.963,LPath
D351P,0.994,LPath
D351Q,0.9941,LPath
D351R,0.994,LPath
D351S,0.976,LPath
D351T,0.9953,LPath
D351V,0.9814,LPath
D351W,0.998,LPath
D351Y,0.9535,LPath
I352A,0.8555,LPath
I352C,0.9426,LPath
I352D,0.9903,LPath
I352E,0.9846,LPath
I352F,0.6155,LPath
I352G,0.9835,LPath
I352H,0.9827,LPath
I352K,0.9782,LPath
I352L,0.4791,Amb
I352M,0.3646,Amb
I352N,0.9369,LPath
I352P,0.9832,LPath
I352Q,0.9792,LPath
I352R,0.9558,LPath
I352S,0.8898,LPath
I352T,0.6766,LPath
I352V,0.1348,LBen
I352W,0.9656,LPath
I352Y,0.9565,LPath
E353A,0.7513,LPath
E353C,0.9765,LPath
E353D,0.8647,LPath
E353F,0.9896,LPath
E353G,0.7395,LPath
E353H,0.9667,LPath
E353I,0.9635,LPath
E353K,0.9127,LPath
E353L,0.9556,LPath
E353M,0.9645,LPath
E353N,0.9393,LPath
E353P,0.9053,LPath
E353Q,0.6166,LPath
E353R,0.8897,LPath
E353S,0.7766,LPath
E353T,0.9059,LPath
E353V,0.9045,LPath
E353W,0.9947,LPath
E353Y,0.9825,LPath
R354A,0.9064,LPath
R354C,0.8146,LPath
R354D,0.95,LPath
R354E,0.8786,LPath
R354F,0.9623,LPath
R354G,0.7622,LPath
R354H,0.6762,LPath
R354I,0.9481,LPath
R354K,0.5672,LPath
R354L,0.8293,LPath
R354M,0.9222,LPath
R354N,0.9273,LPath
R354P,0.9713,LPath
R354Q,0.6294,LPath
R354S,0.9402,LPath
R354T,0.927,LPath
R354V,0.9357,LPath
R354W,0.8308,LPath
R354Y,0.9029,LPath
V355A,0.9412,LPath
V355C,0.9431,LPath
V355D,0.9902,LPath
V355E,0.9845,LPath
V355F,0.9571,LPath
V355G,0.8751,LPath
V355H,0.9965,LPath
V355I,0.2092,LBen
V355K,0.9902,LPath
V355L,0.8936,LPath
V355M,0.924,LPath
V355N,0.9721,LPath
V355P,0.9736,LPath
V355Q,0.9843,LPath
V355R,0.9771,LPath
V355S,0.9532,LPath
V355T,0.9126,LPath
V355W,0.9982,LPath
V355Y,0.9919,LPath
N356A,0.9321,LPath
N356C,0.8817,LPath
N356D,0.9386,LPath
N356E,0.9886,LPath
N356F,0.9921,LPath
N356G,0.9183,LPath
N356H,0.917,LPath
N356I,0.9584,LPath
N356K,0.9945,LPath
N356L,0.9408,LPath
N356M,0.9672,LPath
N356P,0.974,LPath
N356Q,0.9827,LPath
N356R,0.9882,LPath
N356S,0.426,Amb
N356T,0.7862,LPath
N356V,0.9398,LPath
N356W,0.9968,LPath
N356Y,0.9556,LPath
I357A,0.8392,LPath
I357C,0.9007,LPath
I357D,0.9978,LPath
I357E,0.9963,LPath
I357F,0.8632,LPath
I357G,0.9808,LPath
I357H,0.9939,LPath
I357K,0.9943,LPath
I357L,0.3523,Amb
I357M,0.4527,Amb
I357N,0.9764,LPath
I357P,0.997,LPath
I357Q,0.994,LPath
I357R,0.9885,LPath
I357S,0.9379,LPath
I357T,0.8214,LPath
I357V,0.1258,LBen
I357W,0.9957,LPath
I357Y,0.9839,LPath
V358A,0.59,LPath
V358C,0.8438,LPath
V358D,0.9857,LPath
V358E,0.9834,LPath
V358F,0.961,LPath
V358G,0.7941,LPath
V358H,0.9931,LPath
V358I,0.3194,LBen
V358K,0.9928,LPath
V358L,0.9219,LPath
V358M,0.9285,LPath
V358N,0.9398,LPath
V358P,0.9867,LPath
V358Q,0.9684,LPath
V358R,0.9713,LPath
V358S,0.5919,LPath
V358T,0.6832,LPath
V358W,0.9991,LPath
V358Y,0.9933,LPath
F359A,0.9497,LPath
F359C,0.4709,Amb
F359D,0.999,LPath
F359E,0.9983,LPath
F359G,0.9897,LPath
F359H,0.9898,LPath
F359I,0.1919,LBen
F359K,0.9985,LPath
F359L,0.8296,LPath
F359M,0.6579,LPath
F359N,0.9939,LPath
F359P,0.9991,LPath
F359Q,0.9957,LPath
F359R,0.9954,LPath
F359S,0.9781,LPath
F359T,0.9612,LPath
F359V,0.2263,LBen
F359W,0.9318,LPath
F359Y,0.7323,LPath
N360A,0.821,LPath
N360C,0.3826,Amb
N360D,0.9647,LPath
N360E,0.9888,LPath
N360F,0.9882,LPath
N360G,0.899,LPath
N360H,0.8144,LPath
N360I,0.8012,LPath
N360K,0.9967,LPath
N360L,0.7406,LPath
N360M,0.8808,LPath
N360P,0.978,LPath
N360Q,0.9527,LPath
N360R,0.9931,LPath
N360S,0.2309,LBen
N360T,0.7076,LPath
N360V,0.7373,LPath
N360W,0.9974,LPath
N360Y,0.9551,LPath
Y361A,0.985,LPath
Y361C,0.8891,LPath
Y361D,0.9847,LPath
Y361E,0.9967,LPath
Y361F,0.3287,LBen
Y361G,0.9619,LPath
Y361H,0.9717,LPath
Y361I,0.9694,LPath
Y361K,0.9968,LPath
Y361L,0.8959,LPath
Y361M,0.9735,LPath
Y361N,0.9647,LPath
Y361P,0.9943,LPath
Y361Q,0.9961,LPath
Y361R,0.9871,LPath
Y361S,0.9515,LPath
Y361T,0.9856,LPath
Y361V,0.9315,LPath
Y361W,0.8371,LPath
D362A,0.9693,LPath
D362C,0.9927,LPath
D362E,0.9555,LPath
D362F,0.995,LPath
D362G,0.9614,LPath
D362H,0.9854,LPath
D362I,0.9952,LPath
D362K,0.9963,LPath
D362L,0.9894,LPath
D362M,0.9982,LPath
D362N,0.9374,LPath
D362P,0.9977,LPath
D362Q,0.991,LPath
D362R,0.9894,LPath
D362S,0.9378,LPath
D362T,0.9865,LPath
D362V,0.9825,LPath
D362W,0.9988,LPath
D362Y,0.9721,LPath
M363A,0.8083,LPath
M363C,0.8069,LPath
M363D,0.9949,LPath
M363E,0.9782,LPath
M363F,0.7359,LPath
M363G,0.9476,LPath
M363H,0.9759,LPath
M363I,0.7112,LPath
M363K,0.9372,LPath
M363L,0.3217,LBen
M363N,0.9515,LPath
M363P,0.9583,LPath
M363Q,0.8873,LPath
M363R,0.9488,LPath
M363S,0.866,LPath
M363T,0.6639,LPath
M363V,0.2225,LBen
M363W,0.9844,LPath
M363Y,0.9726,LPath
P364A,0.5734,LPath
P364C,0.9547,LPath
P364D,0.994,LPath
P364E,0.9909,LPath
P364F,0.9981,LPath
P364G,0.9355,LPath
P364H,0.9881,LPath
P364I,0.9901,LPath
P364K,0.9969,LPath
P364L,0.938,LPath
P364M,0.9865,LPath
P364N,0.9919,LPath
P364Q,0.9858,LPath
P364R,0.9882,LPath
P364S,0.8843,LPath
P364T,0.8908,LPath
P364V,0.9491,LPath
P364W,0.999,LPath
P364Y,0.9982,LPath
E365A,0.2947,LBen
E365C,0.8909,LPath
E365D,0.1491,LBen
E365F,0.9085,LPath
E365G,0.3442,Amb
E365H,0.762,LPath
E365I,0.6246,LPath
E365K,0.4949,Amb
E365L,0.6304,LPath
E365M,0.714,LPath
E365N,0.4659,Amb
E365P,0.7047,LPath
E365Q,0.3455,Amb
E365R,0.5904,LPath
E365S,0.3711,Amb
E365T,0.4024,Amb
E365V,0.4223,Amb
E365W,0.9616,LPath
E365Y,0.852,LPath
D366A,0.6403,LPath
D366C,0.8288,LPath
D366E,0.5727,LPath
D366F,0.9272,LPath
D366G,0.4984,Amb
D366H,0.7877,LPath
D366I,0.8402,LPath
D366K,0.9171,LPath
D366L,0.8344,LPath
D366M,0.8954,LPath
D366N,0.238,LBen
D366P,0.98,LPath
D366Q,0.847,LPath
D366R,0.9236,LPath
D366S,0.3847,Amb
D366T,0.4942,Amb
D366V,0.667,LPath
D366W,0.9884,LPath
D366Y,0.724,LPath
S367A,0.1142,LBen
S367C,0.2442,LBen
S367D,0.8808,LPath
S367E,0.8818,LPath
S367F,0.8703,LPath
S367G,0.2019,LBen
S367H,0.8223,LPath
S367I,0.63,LPath
S367K,0.9586,LPath
S367L,0.5525,Amb
S367M,0.5832,LPath
S367N,0.5865,LPath
S367P,0.3502,Amb
S367Q,0.8387,LPath
S367R,0.9436,LPath
S367T,0.1573,LBen
S367V,0.4853,Amb
S367W,0.8951,LPath
S367Y,0.8234,LPath
D368A,0.8178,LPath
D368C,0.9862,LPath
D368E,0.8202,LPath
D368F,0.9864,LPath
D368G,0.8812,LPath
D368H,0.9473,LPath
D368I,0.9733,LPath
D368K,0.9736,LPath
D368L,0.9554,LPath
D368M,0.988,LPath
D368N,0.6183,LPath
D368P,0.9826,LPath
D368Q,0.9554,LPath
D368R,0.9671,LPath
D368S,0.6759,LPath
D368T,0.8928,LPath
D368V,0.9183,LPath
D368W,0.9972,LPath
D368Y,0.9329,LPath
T369A,0.163,LBen
T369C,0.5909,LPath
T369D,0.7894,LPath
T369E,0.7376,LPath
T369F,0.7489,LPath
T369G,0.3759,Amb
T369H,0.683,LPath
T369I,0.5558,Amb
T369K,0.7965,LPath
T369L,0.329,LBen
T369M,0.2253,LBen
T369N,0.3039,LBen
T369P,0.8102,LPath
T369Q,0.5571,Amb
T369R,0.7227,LPath
T369S,0.1667,LBen
T369V,0.3962,Amb
T369W,0.9186,LPath
T369Y,0.7314,LPath
Y370A,0.985,LPath
Y370C,0.9189,LPath
Y370D,0.9879,LPath
Y370E,0.9981,LPath
Y370F,0.3628,Amb
Y370G,0.9726,LPath
Y370H,0.9766,LPath
Y370I,0.9718,LPath
Y370K,0.9988,LPath
Y370L,0.8793,LPath
Y370M,0.9792,LPath
Y370N,0.968,LPath
Y370P,0.9933,LPath
Y370Q,0.9978,LPath
Y370R,0.9953,LPath
Y370S,0.9399,LPath
Y370T,0.9842,LPath
Y370V,0.9251,LPath
Y370W,0.8594,LPath
L371A,0.9752,LPath
L371C,0.9812,LPath
L371D,0.9994,LPath
L371E,0.9956,LPath
L371F,0.9691,LPath
L371G,0.99,LPath
L371H,0.9934,LPath
L371I,0.8044,LPath
L371K,0.988,LPath
L371M,0.8293,LPath
L371N,0.9929,LPath
L371P,0.9961,LPath
L371Q,0.9871,LPath
L371R,0.9703,LPath
L371S,0.993,LPath
L371T,0.9775,LPath
L371V,0.8838,LPath
L371W,0.9869,LPath
L371Y,0.9895,LPath
H372A,0.9908,LPath
H372C,0.9449,LPath
H372D,0.9927,LPath
H372E,0.9953,LPath
H372F,0.9525,LPath
H372G,0.9827,LPath
H372I,0.9965,LPath
H372K,0.9889,LPath
H372L,0.9297,LPath
H372M,0.9925,LPath
H372N,0.9869,LPath
H372P,0.9237,LPath
H372Q,0.9866,LPath
H372R,0.9805,LPath
H372S,0.9866,LPath
H372T,0.9972,LPath
H372V,0.9948,LPath
H372W,0.8821,LPath
H372Y,0.9374,LPath
R373A,0.9914,LPath
R373C,0.8898,LPath
R373D,0.9978,LPath
R373E,0.9834,LPath
R373F,0.998,LPath
R373G,0.9861,LPath
R373H,0.9291,LPath
R373I,0.9886,LPath
R373K,0.9425,LPath
R373L,0.9726,LPath
R373M,0.9945,LPath
R373N,0.9958,LPath
R373P,0.998,LPath
R373Q,0.9004,LPath
R373S,0.9934,LPath
R373T,0.9918,LPath
R373V,0.9881,LPath
R373W,0.9695,LPath
R373Y,0.9925,LPath
V374A,0.853,LPath
V374C,0.9624,LPath
V374D,0.9907,LPath
V374E,0.9806,LPath
V374F,0.9528,LPath
V374G,0.8329,LPath
V374H,0.9947,LPath
V374I,0.3788,Amb
V374K,0.9894,LPath
V374L,0.9528,LPath
V374M,0.9427,LPath
V374N,0.9704,LPath
V374P,0.9895,LPath
V374Q,0.977,LPath
V374R,0.969,LPath
V374S,0.8563,LPath
V374T,0.8305,LPath
V374W,0.998,LPath
V374Y,0.9908,LPath
A375C,0.9389,LPath
A375D,0.9949,LPath
A375E,0.9913,LPath
A375F,0.9836,LPath
A375G,0.1316,LBen
A375H,0.9944,LPath
A375I,0.9957,LPath
A375K,0.9967,LPath
A375L,0.9273,LPath
A375M,0.9883,LPath
A375N,0.9886,LPath
A375P,0.9837,LPath
A375Q,0.9767,LPath
A375R,0.9756,LPath
A375S,0.599,LPath
A375T,0.9725,LPath
A375V,0.9854,LPath
A375W,0.9966,LPath
A375Y,0.9898,LPath
R376A,0.977,LPath
R376C,0.9588,LPath
R376D,0.9921,LPath
R376E,0.9623,LPath
R376F,0.99,LPath
R376G,0.9502,LPath
R376H,0.9639,LPath
R376I,0.9801,LPath
R376K,0.9383,LPath
R376L,0.9375,LPath
R376M,0.9916,LPath
R376N,0.995,LPath
R376P,0.9828,LPath
R376Q,0.9448,LPath
R376S,0.9869,LPath
R376T,0.9857,LPath
R376V,0.9725,LPath
R376W,0.9555,LPath
R376Y,0.9898,LPath
A377C,0.871,LPath
A377D,0.9918,LPath
A377E,0.9861,LPath
A377F,0.9855,LPath
A377G,0.5567,Amb
A377H,0.9888,LPath
A377I,0.9816,LPath
A377K,0.9938,LPath
A377L,0.903,LPath
A377M,0.9623,LPath
A377N,0.9803,LPath
A377P,0.979,LPath
A377Q,0.9713,LPath
A377R,0.9666,LPath
A377S,0.4398,Amb
A377T,0.8065,LPath
A377V,0.9174,LPath
A377W,0.9963,LPath
A377Y,0.9903,LPath
G378A,0.9239,LPath
G378C,0.9845,LPath
G378D,0.9966,LPath
G378E,0.9961,LPath
G378F,0.9971,LPath
G378H,0.9991,LPath
G378I,0.996,LPath
G378K,0.9979,LPath
G378L,0.9933,LPath
G378M,0.9975,LPath
G378N,0.9977,LPath
G378P,0.9985,LPath
G378Q,0.9961,LPath
G378R,0.9916,LPath
G378S,0.9513,LPath
G378T,0.9898,LPath
G378V,0.9892,LPath
G378W,0.9956,LPath
G378Y,0.9978,LPath
R379A,0.9879,LPath
R379C,0.9629,LPath
R379D,0.9919,LPath
R379E,0.9643,LPath
R379F,0.9891,LPath
R379G,0.9763,LPath
R379H,0.9521,LPath
R379I,0.9826,LPath
R379K,0.9451,LPath
R379L,0.9663,LPath
R379M,0.9956,LPath
R379N,0.9928,LPath
R379P,0.9791,LPath
R379Q,0.9407,LPath
R379S,0.9886,LPath
R379T,0.9906,LPath
R379V,0.9866,LPath
R379W,0.9555,LPath
R379Y,0.9836,LPath
F380A,0.995,LPath
F380C,0.9953,LPath
F380D,0.9978,LPath
F380E,0.9985,LPath
F380G,0.9935,LPath
F380H,0.9902,LPath
F380I,0.997,LPath
F380K,0.9978,LPath
F380L,0.9995,LPath
F380M,0.9954,LPath
F380N,0.9942,LPath
F380P,0.9998,LPath
F380Q,0.9956,LPath
F380R,0.9931,LPath
F380S,0.9937,LPath
F380T,0.9979,LPath
F380V,0.9953,LPath
F380W,0.9004,LPath
F380Y,0.7913,LPath
G381A,0.8983,LPath
G381C,0.9596,LPath
G381D,0.9859,LPath
G381E,0.9846,LPath
G381F,0.9905,LPath
G381H,0.9917,LPath
G381I,0.9893,LPath
G381K,0.9946,LPath
G381L,0.9796,LPath
G381M,0.9901,LPath
G381N,0.9785,LPath
G381P,0.9976,LPath
G381Q,0.9798,LPath
G381R,0.9828,LPath
G381S,0.8539,LPath
G381T,0.9694,LPath
G381V,0.9833,LPath
G381W,0.9909,LPath
G381Y,0.9924,LPath
T382A,0.7574,LPath
T382C,0.9462,LPath
T382D,0.9666,LPath
T382E,0.9421,LPath
T382F,0.9571,LPath
T382G,0.756,LPath
T382H,0.8844,LPath
T382I,0.9749,LPath
T382K,0.8777,LPath
T382L,0.8557,LPath
T382M,0.792,LPath
T382N,0.793,LPath
T382P,0.9369,LPath
T382Q,0.843,LPath
T382R,0.8225,LPath
T382S,0.7151,LPath
T382V,0.9044,LPath
T382W,0.9818,LPath
T382Y,0.9595,LPath
K383A,0.9,LPath
K383C,0.9488,LPath
K383D,0.9767,LPath
K383E,0.8942,LPath
K383F,0.9898,LPath
K383G,0.9201,LPath
K383H,0.8124,LPath
K383I,0.9493,LPath
K383L,0.8999,LPath
K383M,0.8658,LPath
K383N,0.952,LPath
K383P,0.9612,LPath
K383Q,0.6512,LPath
K383R,0.1376,LBen
K383S,0.933,LPath
K383T,0.8296,LPath
K383V,0.9026,LPath
K383W,0.9848,LPath
K383Y,0.9704,LPath
G384A,0.9373,LPath
G384C,0.9889,LPath
G384D,0.9963,LPath
G384E,0.9968,LPath
G384F,0.9977,LPath
G384H,0.9993,LPath
G384I,0.9943,LPath
G384K,0.9988,LPath
G384L,0.9962,LPath
G384M,0.9979,LPath
G384N,0.9979,LPath
G384P,0.9992,LPath
G384Q,0.9984,LPath
G384R,0.997,LPath
G384S,0.9717,LPath
G384T,0.9912,LPath
G384V,0.987,LPath
G384W,0.9976,LPath
G384Y,0.997,LPath
L385A,0.868,LPath
L385C,0.8607,LPath
L385D,0.9981,LPath
L385E,0.9877,LPath
L385F,0.835,LPath
L385G,0.9719,LPath
L385H,0.9732,LPath
L385I,0.4058,Amb
L385K,0.971,LPath
L385M,0.4358,Amb
L385N,0.9818,LPath
L385P,0.9977,LPath
L385Q,0.9552,LPath
L385R,0.95,LPath
L385S,0.9768,LPath
L385T,0.9083,LPath
L385V,0.4167,Amb
L385W,0.9671,LPath
L385Y,0.9672,LPath
A386C,0.882,LPath
A386D,0.9939,LPath
A386E,0.9934,LPath
A386F,0.9881,LPath
A386G,0.3708,Amb
A386H,0.9949,LPath
A386I,0.9759,LPath
A386K,0.9985,LPath
A386L,0.9243,LPath
A386M,0.966,LPath
A386N,0.9791,LPath
A386P,0.9931,LPath
A386Q,0.9823,LPath
A386R,0.9922,LPath
A386S,0.2401,LBen
A386T,0.7742,LPath
A386V,0.8871,LPath
A386W,0.9989,LPath
A386Y,0.9953,LPath
I387A,0.918,LPath
I387C,0.8841,LPath
I387D,0.9983,LPath
I387E,0.9955,LPath
I387F,0.6557,LPath
I387G,0.9867,LPath
I387H,0.9927,LPath
I387K,0.9931,LPath
I387L,0.3026,LBen
I387M,0.3721,Amb
I387N,0.9805,LPath
I387P,0.9954,LPath
I387Q,0.9916,LPath
I387R,0.9876,LPath
I387S,0.9619,LPath
I387T,0.9197,LPath
I387V,0.0827,LBen
I387W,0.9893,LPath
I387Y,0.9639,LPath
T388A,0.4748,Amb
T388C,0.7666,LPath
T388D,0.9747,LPath
T388E,0.9889,LPath
T388F,0.9731,LPath
T388G,0.7263,LPath
T388H,0.9455,LPath
T388I,0.9265,LPath
T388K,0.9919,LPath
T388L,0.7238,LPath
T388M,0.6622,LPath
T388N,0.7136,LPath
T388P,0.9335,LPath
T388Q,0.964,LPath
T388R,0.9848,LPath
T388S,0.2349,LBen
T388V,0.8202,LPath
T388W,0.9948,LPath
T388Y,0.9752,LPath
F389A,0.9696,LPath
F389C,0.8433,LPath
F389D,0.9985,LPath
F389E,0.9985,LPath
F389G,0.9889,LPath
F389H,0.987,LPath
F389I,0.7721,LPath
F389K,0.9985,LPath
F389L,0.9041,LPath
F389M,0.7213,LPath
F389N,0.9919,LPath
F389P,0.999,LPath
F389Q,0.9956,LPath
F389R,0.9957,LPath
F389S,0.9766,LPath
F389T,0.9797,LPath
F389V,0.7397,LPath
F389W,0.8977,LPath
F389Y,0.718,LPath
V390A,0.6757,LPath
V390C,0.7777,LPath
V390D,0.9803,LPath
V390E,0.9677,LPath
V390F,0.7736,LPath
V390G,0.8276,LPath
V390H,0.9782,LPath
V390I,0.1048,LBen
V390K,0.9803,LPath
V390L,0.5303,Amb
V390M,0.6109,LPath
V390N,0.9257,LPath
V390P,0.9814,LPath
V390Q,0.9425,LPath
V390R,0.9532,LPath
V390S,0.7741,LPath
V390T,0.7051,LPath
V390W,0.9903,LPath
V390Y,0.961,LPath
S391A,0.0808,LBen
S391C,0.1413,LBen
S391D,0.8458,LPath
S391E,0.8839,LPath
S391F,0.7521,LPath
S391G,0.1172,LBen
S391H,0.8059,LPath
S391I,0.517,Amb
S391K,0.9669,LPath
S391L,0.2771,LBen
S391M,0.4161,Amb
S391N,0.4066,Amb
S391P,0.7963,LPath
S391Q,0.8244,LPath
S391R,0.9398,LPath
S391T,0.1315,LBen
S391V,0.3764,Amb
S391W,0.8499,LPath
S391Y,0.7302,LPath
D392A,0.3878,Amb
D392C,0.7005,LPath
D392E,0.2689,LBen
D392F,0.852,LPath
D392G,0.2851,LBen
D392H,0.5399,Amb
D392I,0.7951,LPath
D392K,0.7476,LPath
D392L,0.6834,LPath
D392M,0.8058,LPath
D392N,0.1596,LBen
D392P,0.9429,LPath
D392Q,0.5881,LPath
D392R,0.7351,LPath
D392S,0.1918,LBen
D392T,0.3351,LBen
D392V,0.5671,LPath
D392W,0.9599,LPath
D392Y,0.5787,LPath
E393A,0.2614,LBen
E393C,0.908,LPath
E393D,0.1361,LBen
E393F,0.9256,LPath
E393G,0.2703,LBen
E393H,0.6837,LPath
E393I,0.6315,LPath
E393K,0.3591,Amb
E393L,0.6775,LPath
E393M,0.7313,LPath
E393N,0.4204,Amb
E393P,0.6422,LPath
E393Q,0.274,LBen
E393R,0.4978,Amb
E393S,0.329,LBen
E393T,0.3899,Amb
E393V,0.4413,Amb
E393W,0.9667,LPath
E393Y,0.8438,LPath
N394A,0.0914,LBen
N394C,0.1754,LBen
N394D,0.1269,LBen
N394E,0.1996,LBen
N394F,0.3602,Amb
N394G,0.128,LBen
N394H,0.1009,LBen
N394I,0.1445,LBen
N394K,0.2001,LBen
N394L,0.1447,LBen
N394M,0.1723,LBen
N394P,0.4126,Amb
N394Q,0.1636,LBen
N394R,0.2481,LBen
N394S,0.0711,LBen
N394T,0.0737,LBen
N394V,0.1212,LBen
N394W,0.5914,LPath
N394Y,0.1635,LBen
D395A,0.8828,LPath
D395C,0.9638,LPath
D395E,0.7922,LPath
D395F,0.9918,LPath
D395G,0.878,LPath
D395H,0.9455,LPath
D395I,0.9783,LPath
D395K,0.98,LPath
D395L,0.9764,LPath
D395M,0.9915,LPath
D395N,0.695,LPath
D395P,0.9938,LPath
D395Q,0.9644,LPath
D395R,0.9768,LPath
D395S,0.8086,LPath
D395T,0.94,LPath
D395V,0.9358,LPath
D395W,0.9973,LPath
D395Y,0.936,LPath
A396C,0.529,Amb
A396D,0.7676,LPath
A396E,0.6202,LPath
A396F,0.6046,LPath
A396G,0.2239,LBen
A396H,0.7325,LPath
A396I,0.4083,Amb
A396K,0.7703,LPath
A396L,0.306,LBen
A396M,0.3545,Amb
A396N,0.544,Amb
A396P,0.9453,LPath
A396Q,0.4822,Amb
A396R,0.6416,LPath
A396S,0.1474,LBen
A396T,0.174,LBen
A396V,0.2355,LBen
A396W,0.8825,LPath
A396Y,0.7292,LPath
K397A,0.306,LBen
K397C,0.616,LPath
K397D,0.6081,LPath
K397E,0.2643,LBen
K397F,0.8284,LPath
K397G,0.3876,Amb
K397H,0.3197,LBen
K397I,0.4323,Amb
K397L,0.4194,Amb
K397M,0.3162,LBen
K397N,0.4788,Amb
K397P,0.9259,LPath
K397Q,0.1367,LBen
K397R,0.0825,LBen
K397S,0.4375,Amb
K397T,0.2326,LBen
K397V,0.3218,LBen
K397W,0.8225,LPath
K397Y,0.7424,LPath
I398A,0.4992,Amb
I398C,0.6932,LPath
I398D,0.8764,LPath
I398E,0.7959,LPath
I398F,0.3498,Amb
I398G,0.7505,LPath
I398H,0.7159,LPath
I398K,0.6355,LPath
I398L,0.1793,LBen
I398M,0.1517,LBen
I398N,0.4254,Amb
I398P,0.9705,LPath
I398Q,0.6033,LPath
I398R,0.5579,Amb
I398S,0.4551,Amb
I398T,0.2043,LBen
I398V,0.084,LBen
I398W,0.8864,LPath
I398Y,0.7105,LPath
L399A,0.9397,LPath
L399C,0.913,LPath
L399D,0.9988,LPath
L399E,0.9915,LPath
L399F,0.7715,LPath
L399G,0.9882,LPath
L399H,0.9732,LPath
L399I,0.3834,Amb
L399K,0.9759,LPath
L399M,0.3642,Amb
L399N,0.9886,LPath
L399P,0.996,LPath
L399Q,0.9512,LPath
L399R,0.9581,LPath
L399S,0.9835,LPath
L399T,0.9503,LPath
L399V,0.4662,Amb
L399W,0.9411,LPath
L399Y,0.9538,LPath
N400A,0.343,Amb
N400C,0.3973,Amb
N400D,0.4527,Amb
N400E,0.6397,LPath
N400F,0.811,LPath
N400G,0.3523,Amb
N400H,0.3096,LBen
N400I,0.5934,LPath
N400K,0.6664,LPath
N400L,0.4206,Amb
N400M,0.5424,Amb
N400P,0.9705,LPath
N400Q,0.5402,Amb
N400R,0.5742,LPath
N400S,0.1441,LBen
N400T,0.272,LBen
N400V,0.4874,Amb
N400W,0.8856,LPath
N400Y,0.4411,Amb
D401A,0.1368,LBen
D401C,0.6398,LPath
D401E,0.1038,LBen
D401F,0.7093,LPath
D401G,0.2134,LBen
D401H,0.4,Amb
D401I,0.449,Amb
D401K,0.4739,Amb
D401L,0.3982,Amb
D401M,0.5339,Amb
D401N,0.1219,LBen
D401P,0.9879,LPath
D401Q,0.2852,LBen
D401R,0.5069,Amb
D401S,0.1225,LBen
D401T,0.1998,LBen
D401V,0.2684,LBen
D401W,0.9293,LPath
D401Y,0.4033,Amb
V402A,0.9325,LPath
V402C,0.9538,LPath
V402D,0.9948,LPath
V402E,0.9905,LPath
V402F,0.951,LPath
V402G,0.9455,LPath
V402H,0.9962,LPath
V402I,0.1932,LBen
V402K,0.9929,LPath
V402L,0.9193,LPath
V402M,0.9015,LPath
V402N,0.9857,LPath
V402P,0.9977,LPath
V402Q,0.9892,LPath
V402R,0.9828,LPath
V402S,0.9549,LPath
V402T,0.8483,LPath
V402W,0.9983,LPath
V402Y,0.9925,LPath
Q403A,0.741,LPath
Q403C,0.9865,LPath
Q403D,0.9904,LPath
Q403E,0.4933,Amb
Q403F,0.9955,LPath
Q403G,0.8318,LPath
Q403H,0.9845,LPath
Q403I,0.9668,LPath
Q403K,0.8461,LPath
Q403L,0.952,LPath
Q403M,0.8851,LPath
Q403N,0.9465,LPath
Q403P,0.9929,LPath
Q403R,0.8375,LPath
Q403S,0.8141,LPath
Q403T,0.841,LPath
Q403V,0.9233,LPath
Q403W,0.997,LPath
Q403Y,0.9962,LPath
D404A,0.2899,LBen
D404C,0.7662,LPath
D404E,0.1626,LBen
D404F,0.8178,LPath
D404G,0.2753,LBen
D404H,0.5036,Amb
D404I,0.6692,LPath
D404K,0.5409,Amb
D404L,0.5662,LPath
D404M,0.7366,LPath
D404N,0.1849,LBen
D404P,0.9853,LPath
D404Q,0.3927,Amb
D404R,0.5821,LPath
D404S,0.202,LBen
D404T,0.3398,LBen
D404V,0.4222,Amb
D404W,0.9459,LPath
D404Y,0.4817,Amb
R405A,0.9819,LPath
R405C,0.9244,LPath
R405D,0.9798,LPath
R405E,0.9443,LPath
R405F,0.9875,LPath
R405G,0.9716,LPath
R405H,0.7567,LPath
R405I,0.9601,LPath
R405K,0.7152,LPath
R405L,0.9495,LPath
R405M,0.9821,LPath
R405N,0.9753,LPath
R405P,0.9973,LPath
R405Q,0.8011,LPath
R405S,0.9824,LPath
R405T,0.9617,LPath
R405V,0.9701,LPath
R405W,0.9436,LPath
R405Y,0.96,LPath
F406A,0.9951,LPath
F406C,0.9878,LPath
F406D,0.9969,LPath
F406E,0.9968,LPath
F406G,0.9939,LPath
F406H,0.9868,LPath
F406I,0.9903,LPath
F406K,0.9972,LPath
F406L,0.9984,LPath
F406M,0.9902,LPath
F406N,0.9923,LPath
F406P,0.9998,LPath
F406Q,0.9958,LPath
F406R,0.9915,LPath
F406S,0.9944,LPath
F406T,0.9954,LPath
F406V,0.9863,LPath
F406W,0.9174,LPath
F406Y,0.792,LPath
E407A,0.4183,Amb
E407C,0.9156,LPath
E407D,0.3524,Amb
E407F,0.9578,LPath
E407G,0.4713,Amb
E407H,0.7953,LPath
E407I,0.8466,LPath
E407K,0.7081,LPath
E407L,0.8271,LPath
E407M,0.8508,LPath
E407N,0.6979,LPath
E407P,0.9623,LPath
E407Q,0.4238,Amb
E407R,0.7246,LPath
E407S,0.485,Amb
E407T,0.6284,LPath
E407V,0.6679,LPath
E407W,0.9837,LPath
E407Y,0.9278,LPath
V408A,0.8031,LPath
V408C,0.886,LPath
V408D,0.9583,LPath
V408E,0.9184,LPath
V408F,0.7263,LPath
V408G,0.7006,LPath
V408H,0.972,LPath
V408I,0.1524,LBen
V408K,0.8975,LPath
V408L,0.7649,LPath
V408M,0.6504,LPath
V408N,0.8816,LPath
V408P,0.9922,LPath
V408Q,0.896,LPath
V408R,0.8829,LPath
V408S,0.8505,LPath
V408T,0.7213,LPath
V408W,0.9844,LPath
V408Y,0.9347,LPath
N409A,0.1568,LBen
N409C,0.2489,LBen
N409D,0.1526,LBen
N409E,0.333,LBen
N409F,0.5527,Amb
N409G,0.2618,LBen
N409H,0.1188,LBen
N409I,0.2471,LBen
N409K,0.3334,LBen
N409L,0.2382,LBen
N409M,0.2963,LBen
N409P,0.5535,Amb
N409Q,0.2855,LBen
N409R,0.3616,Amb
N409S,0.074,LBen
N409T,0.1025,LBen
N409V,0.1907,LBen
N409W,0.7877,LPath
N409Y,0.2433,LBen
V410A,0.8464,LPath
V410C,0.9255,LPath
V410D,0.9896,LPath
V410E,0.9809,LPath
V410F,0.785,LPath
V410G,0.9211,LPath
V410H,0.9932,LPath
V410I,0.0925,LBen
V410K,0.9872,LPath
V410L,0.5797,LPath
V410M,0.5921,LPath
V410N,0.9725,LPath
V410P,0.9592,LPath
V410Q,0.9822,LPath
V410R,0.9795,LPath
V410S,0.9371,LPath
V410T,0.8538,LPath
V410W,0.9944,LPath
V410Y,0.9792,LPath
A411C,0.3701,Amb
A411D,0.3222,LBen
A411E,0.2804,LBen
A411F,0.4173,Amb
A411G,0.1232,LBen
A411H,0.4558,Amb
A411I,0.2442,LBen
A411K,0.4421,Amb
A411L,0.1509,LBen
A411M,0.2014,LBen
A411N,0.2108,LBen
A411P,0.1959,LBen
A411Q,0.2699,LBen
A411R,0.4487,Amb
A411S,0.0845,LBen
A411T,0.0794,LBen
A411V,0.1268,LBen
A411W,0.7855,LPath
A411Y,0.5443,Amb
E412A,0.1766,LBen
E412C,0.8258,LPath
E412D,0.2558,LBen
E412F,0.8517,LPath
E412G,0.3223,LBen
E412H,0.6612,LPath
E412I,0.3524,Amb
E412K,0.304,LBen
E412L,0.4229,Amb
E412M,0.5086,Amb
E412N,0.4613,Amb
E412P,0.3613,Amb
E412Q,0.1963,LBen
E412R,0.4452,Amb
E412S,0.3109,LBen
E412T,0.2869,LBen
E412V,0.1983,LBen
E412W,0.9654,LPath
E412Y,0.8166,LPath
L413A,0.9052,LPath
L413C,0.8948,LPath
L413D,0.9971,LPath
L413E,0.9854,LPath
L413F,0.6292,LPath
L413G,0.9742,LPath
L413H,0.962,LPath
L413I,0.3716,Amb
L413K,0.9583,LPath
L413M,0.2699,LBen
L413N,0.9826,LPath
L413P,0.9711,LPath
L413Q,0.9387,LPath
L413R,0.9446,LPath
L413S,0.9768,LPath
L413T,0.9417,LPath
L413V,0.4488,Amb
L413W,0.8821,LPath
L413Y,0.8799,LPath
P414A,0.6204,LPath
P414C,0.9664,LPath
P414D,0.9398,LPath
P414E,0.8908,LPath
P414F,0.9899,LPath
P414G,0.8409,LPath
P414H,0.9009,LPath
P414I,0.9608,LPath
P414K,0.906,LPath
P414L,0.7777,LPath
P414M,0.9422,LPath
P414N,0.9397,LPath
P414Q,0.8444,LPath
P414R,0.846,LPath
P414S,0.764,LPath
P414T,0.6909,LPath
P414V,0.8919,LPath
P414W,0.9923,LPath
P414Y,0.986,LPath
E415A,0.139,LBen
E415C,0.7238,LPath
E415D,0.0824,LBen
E415F,0.7345,LPath
E415G,0.1462,LBen
E415H,0.4049,Amb
E415I,0.398,Amb
E415K,0.1788,LBen
E415L,0.3644,Amb
E415M,0.4786,Amb
E415N,0.1983,LBen
E415P,0.3629,Amb
E415Q,0.1548,LBen
E415R,0.2755,LBen
E415S,0.1507,LBen
E415T,0.1956,LBen
E415V,0.2423,LBen
E415W,0.8616,LPath
E415Y,0.5936,LPath
E416A,0.1832,LBen
E416C,0.77,LPath
E416D,0.1162,LBen
E416F,0.7088,LPath
E416G,0.2059,LBen
E416H,0.4241,Amb
E416I,0.3579,Amb
E416K,0.2268,LBen
E416L,0.4717,Amb
E416M,0.4649,Amb
E416N,0.218,LBen
E416P,0.8087,LPath
E416Q,0.1649,LBen
E416R,0.3465,Amb
E416S,0.2031,LBen
E416T,0.1766,LBen
E416V,0.2095,LBen
E416W,0.9042,LPath
E416Y,0.5886,LPath
I417A,0.7391,LPath
I417C,0.8923,LPath
I417D,0.9707,LPath
I417E,0.9394,LPath
I417F,0.416,Amb
I417G,0.934,LPath
I417H,0.9396,LPath
I417K,0.9112,LPath
I417L,0.2179,LBen
I417M,0.162,LBen
I417N,0.8337,LPath
I417P,0.9214,LPath
I417Q,0.9154,LPath
I417R,0.8681,LPath
I417S,0.8278,LPath
I417T,0.5773,LPath
I417V,0.1384,LBen
I417W,0.9078,LPath
I417Y,0.8409,LPath
D418A,0.3847,Amb
D418C,0.8205,LPath
D418E,0.3057,LBen
D418F,0.8964,LPath
D418G,0.5151,Amb
D418H,0.6321,LPath
D418I,0.6893,LPath
D418K,0.7367,LPath
D418L,0.6999,LPath
D418M,0.8505,LPath
D418N,0.2147,LBen
D418P,0.7097,LPath
D418Q,0.627,LPath
D418R,0.7374,LPath
D418S,0.2835,LBen
D418T,0.5403,Amb
D418V,0.4861,Amb
D418W,0.9781,LPath
D418Y,0.6194,LPath
I419A,0.2993,LBen
I419C,0.6116,LPath
I419D,0.7624,LPath
I419E,0.6487,LPath
I419F,0.2299,LBen
I419G,0.5862,LPath
I419H,0.5856,LPath
I419K,0.4709,Amb
I419L,0.1172,LBen
I419M,0.1389,LBen
I419N,0.406,Amb
I419P,0.4459,Amb
I419Q,0.5081,Amb
I419R,0.4048,Amb
I419S,0.3179,LBen
I419T,0.2494,LBen
I419V,0.0828,LBen
I419W,0.7932,LPath
I419Y,0.5678,LPath
S420A,0.0858,LBen
S420C,0.1978,LBen
S420D,0.4827,Amb
S420E,0.5298,Amb
S420F,0.4516,Amb
S420G,0.1008,LBen
S420H,0.405,Amb
S420I,0.4454,Amb
S420K,0.6694,LPath
S420L,0.2003,LBen
S420M,0.3066,LBen
S420N,0.1822,LBen
S420P,0.5405,Amb
S420Q,0.4656,Amb
S420R,0.6587,LPath
S420T,0.0905,LBen
S420V,0.3356,LBen
S420W,0.654,LPath
S420Y,0.3961,Amb
T421A,0.0808,LBen
T421C,0.2831,LBen
T421D,0.3968,Amb
T421E,0.3789,Amb
T421F,0.3502,Amb
T421G,0.1478,LBen
T421H,0.2698,LBen
T421I,0.2591,LBen
T421K,0.2987,LBen
T421L,0.1264,LBen
T421M,0.1391,LBen
T421N,0.127,LBen
T421P,0.323,LBen
T421Q,0.2535,LBen
T421R,0.2781,LBen
T421S,0.0778,LBen
T421V,0.1808,LBen
T421W,0.6262,LPath
T421Y,0.3254,LBen
Y422A,0.9065,LPath
Y422C,0.8041,LPath
Y422D,0.9501,LPath
Y422E,0.9814,LPath
Y422F,0.3245,LBen
Y422G,0.8503,LPath
Y422H,0.9522,LPath
Y422I,0.8407,LPath
Y422K,0.9828,LPath
Y422L,0.7673,LPath
Y422M,0.9255,LPath
Y422N,0.8842,LPath
Y422P,0.9362,LPath
Y422Q,0.9823,LPath
Y422R,0.9577,LPath
Y422S,0.8262,LPath
Y422T,0.9071,LPath
Y422V,0.673,LPath
Y422W,0.8306,LPath
I423A,0.3266,LBen
I423C,0.6354,LPath
I423D,0.7529,LPath
I423E,0.569,LPath
I423F,0.2696,LBen
I423G,0.5254,Amb
I423H,0.6733,LPath
I423K,0.5169,Amb
I423L,0.1483,LBen
I423M,0.1092,LBen
I423N,0.5188,Amb
I423P,0.7967,LPath
I423Q,0.4453,Amb
I423R,0.3596,Amb
I423S,0.2682,LBen
I423T,0.2732,LBen
I423V,0.127,LBen
I423W,0.7337,LPath
I423Y,0.6118,LPath
E424A,0.373,Amb
E424C,0.8672,LPath
E424D,0.1759,LBen
E424F,0.8608,LPath
E424G,0.2943,LBen
E424H,0.6807,LPath
E424I,0.7506,LPath
E424K,0.6607,LPath
E424L,0.6797,LPath
E424M,0.8344,LPath
E424N,0.4803,Amb
E424P,0.5675,LPath
E424Q,0.2897,LBen
E424R,0.5936,LPath
E424S,0.3292,LBen
E424T,0.4752,Amb
E424V,0.5755,LPath
E424W,0.949,LPath
E424Y,0.7835,LPath
Q425A,0.1039,LBen
Q425C,0.5555,Amb
Q425D,0.2071,LBen
Q425E,0.0999,LBen
Q425F,0.5033,Amb
Q425G,0.1264,LBen
Q425H,0.1721,LBen
Q425I,0.2901,LBen
Q425K,0.1435,LBen
Q425L,0.1469,LBen
Q425M,0.2593,LBen
Q425N,0.1211,LBen
Q425P,0.0727,LBen
Q425R,0.1786,LBen
Q425S,0.0922,LBen
Q425T,0.0922,LBen
Q425V,0.1837,LBen
Q425W,0.6688,LPath
Q425Y,0.3714,Amb
S426A,0.0857,LBen
S426C,0.1259,LBen
S426D,0.3576,Amb
S426E,0.374,Amb
S426F,0.315,LBen
S426G,0.0888,LBen
S426H,0.293,LBen
S426I,0.2443,LBen
S426K,0.5428,Amb
S426L,0.1807,LBen
S426M,0.2375,LBen
S426N,0.1142,LBen
S426P,0.1207,LBen
S426Q,0.2964,LBen
S426R,0.541,Amb
S426T,0.0798,LBen
S426V,0.1921,LBen
S426W,0.4582,Amb
S426Y,0.2666,LBen
R427A,0.3129,LBen
R427C,0.2758,LBen
R427D,0.5052,Amb
R427E,0.269,LBen
R427F,0.548,Amb
R427G,0.2214,LBen
R427H,0.1549,LBen
R427I,0.3649,Amb
R427K,0.0997,LBen
R427L,0.2365,LBen
R427M,0.3582,Amb
R427N,0.3952,Amb
R427P,0.3421,Amb
R427Q,0.1104,LBen
R427S,0.3517,Amb
R427T,0.2637,LBen
R427V,0.3481,Amb
R427W,0.3898,Amb
R427Y,0.4688,Amb
