protein_variant,am_pathogenicity,am_class
M1A,0.7192,LPath
M1C,0.5164,Amb
M1D,0.9749,LPath
M1E,0.9382,LPath
M1F,0.2983,LBen
M1G,0.7456,LPath
M1H,0.9231,LPath
M1I,0.8548,LPath
M1K,0.891,LPath
M1L,0.3486,Amb
M1N,0.9211,LPath
M1P,0.8764,LPath
M1Q,0.7313,LPath
M1R,0.8452,LPath
M1S,0.7906,LPath
M1T,0.9008,LPath
M1V,0.25,LBen
M1W,0.8708,LPath
M1Y,0.7772,LPath
S2A,0.3112,LBen
S2C,0.5774,LPath
S2D,0.7332,LPath
S2E,0.7447,LPath
S2F,0.8586,LPath
S2G,0.2958,LBen
S2H,0.8164,LPath
S2I,0.912,LPath
S2K,0.9285,LPath
S2L,0.8772,LPath
S2M,0.886,LPath
S2N,0.5933,LPath
S2P,0.7236,LPath
S2Q,0.7876,LPath
S2R,0.9257,LPath
S2T,0.3634,Amb
S2V,0.8765,LPath
S2W,0.8934,LPath
S2Y,0.7979,LPath
H3A,0.2597,LBen
H3C,0.3774,Amb
H3D,0.2908,LBen
H3E,0.3532,Amb
H3F,0.4524,Amb
H3G,0.2874,LBen
H3I,0.5506,Amb
H3K,0.4053,Amb
H3L,0.3104,LBen
H3M,0.6656,LPath
H3N,0.111,LBen
H3P,0.1893,LBen
H3Q,0.2766,LBen
H3R,0.2386,LBen
H3S,0.2246,LBen
H3T,0.3017,LBen
H3V,0.4093,Amb
H3W,0.7123,LPath
H3Y,0.2533,LBen
V4A,0.328,LBen
V4C,0.7321,LPath
V4D,0.531,Amb
V4E,0.4491,Amb
V4F,0.3014,LBen
V4G,0.2436,LBen
V4H,0.7409,LPath
V4I,0.2373,LBen
V4K,0.6419,LPath
V4L,0.465,Amb
V4M,0.6871,LPath
V4N,0.5856,LPath
V4P,0.5834,LPath
V4Q,0.5467,Amb
V4R,0.5267,Amb
V4S,0.4553,Amb
V4T,0.4543,Amb
V4W,0.912,LPath
V4Y,0.6815,LPath
A5C,0.5096,Amb
A5D,0.4899,Amb
A5E,0.3927,Amb
A5F,0.5214,Amb
A5G,0.2014,LBen
A5H,0.604,LPath
A5I,0.4402,Amb
A5K,0.6948,LPath
A5L,0.3347,LBen
A5M,0.5551,Amb
A5N,0.3997,Amb
A5P,0.2503,LBen
A5Q,0.4382,Amb
A5R,0.6052,LPath
A5S,0.1373,LBen
A5T,0.1876,LBen
A5V,0.1974,LBen
A5W,0.8954,LPath
A5Y,0.6829,LPath
V6A,0.1009,LBen
V6C,0.4787,Amb
V6D,0.217,LBen
V6E,0.177,LBen
V6F,0.1548,LBen
V6G,0.0936,LBen
V6H,0.4129,Amb
V6I,0.1053,LBen
V6K,0.2966,LBen
V6L,0.1449,LBen
V6M,0.1925,LBen
V6N,0.1787,LBen
V6P,0.2313,LBen
V6Q,0.1982,LBen
V6R,0.2764,LBen
V6S,0.1303,LBen
V6T,0.1383,LBen
V6W,0.6749,LPath
V6Y,0.4457,Amb
E7A,0.2339,LBen
E7C,0.8091,LPath
E7D,0.0687,LBen
E7F,0.8637,LPath
E7G,0.1287,LBen
E7H,0.5057,Amb
E7I,0.7288,LPath
E7K,0.4359,Amb
E7L,0.6604,LPath
E7M,0.8279,LPath
E7N,0.2642,LBen
E7P,0.3997,Amb
E7Q,0.1933,LBen
E7R,0.4514,Amb
E7S,0.1996,LBen
E7T,0.3425,Amb
E7V,0.4878,Amb
E7W,0.9358,LPath
E7Y,0.7174,LPath
N8A,0.1867,LBen
N8C,0.3594,Amb
N8D,0.1071,LBen
N8E,0.2428,LBen
N8F,0.6465,LPath
N8G,0.1419,LBen
N8H,0.1557,LBen
N8I,0.4254,Amb
N8K,0.3091,LBen
N8L,0.4671,Amb
N8M,0.4976,Amb
N8P,0.3237,LBen
N8Q,0.289,LBen
N8R,0.3779,Amb
N8S,0.1029,LBen
N8T,0.1255,LBen
N8V,0.3307,LBen
N8W,0.8179,LPath
N8Y,0.3064,LBen
A9C,0.2795,LBen
A9D,0.145,LBen
A9E,0.1647,LBen
A9F,0.2361,LBen
A9G,0.0857,LBen
A9H,0.2331,LBen
A9I,0.2023,LBen
A9K,0.3208,LBen
A9L,0.1689,LBen
A9M,0.2688,LBen
A9N,0.1395,LBen
A9P,0.116,LBen
A9Q,0.1818,LBen
A9R,0.2905,LBen
A9S,0.0726,LBen
A9T,0.0828,LBen
A9V,0.1154,LBen
A9W,0.6137,LPath
A9Y,0.3057,LBen
L10A,0.0679,LBen
L10C,0.2198,LBen
L10D,0.2098,LBen
L10E,0.1325,LBen
L10F,0.0731,LBen
L10G,0.1282,LBen
L10H,0.0788,LBen
L10I,0.075,LBen
L10K,0.1215,LBen
L10M,0.0875,LBen
L10N,0.1163,LBen
L10P,0.1023,LBen
L10Q,0.0652,LBen
L10R,0.0936,LBen
L10S,0.0842,LBen
L10T,0.0789,LBen
L10V,0.0603,LBen
L10W,0.155,LBen
L10Y,0.1635,LBen
G11A,0.147,LBen
G11C,0.3121,LBen
G11D,0.2395,LBen
G11E,0.2932,LBen
G11F,0.6039,LPath
G11H,0.5242,Amb
G11I,0.47,Amb
G11K,0.7488,LPath
G11L,0.4606,Amb
G11M,0.6525,LPath
G11N,0.3419,Amb
G11P,0.5973,LPath
G11Q,0.4673,Amb
G11R,0.6441,LPath
G11S,0.1514,LBen
G11T,0.2182,LBen
G11V,0.2806,LBen
G11W,0.6564,LPath
G11Y,0.5678,LPath
L12A,0.5386,Amb
L12C,0.8951,LPath
L12D,0.882,LPath
L12E,0.7108,LPath
L12F,0.3635,Amb
L12G,0.6946,LPath
L12H,0.8432,LPath
L12I,0.1824,LBen
L12K,0.7217,LPath
L12M,0.2328,LBen
L12N,0.8405,LPath
L12P,0.7015,LPath
L12Q,0.6808,LPath
L12R,0.669,LPath
L12S,0.8319,LPath
L12T,0.6168,LPath
L12V,0.1995,LBen
L12W,0.6626,LPath
L12Y,0.771,LPath
D13A,0.5691,LPath
D13C,0.9166,LPath
D13E,0.1768,LBen
D13F,0.9084,LPath
D13G,0.3628,Amb
D13H,0.7138,LPath
D13I,0.9163,LPath
D13K,0.8591,LPath
D13L,0.8561,LPath
D13M,0.9638,LPath
D13N,0.4825,Amb
D13P,0.8432,LPath
D13Q,0.5868,LPath
D13R,0.7934,LPath
D13S,0.4595,Amb
D13T,0.7206,LPath
D13V,0.773,LPath
D13W,0.9688,LPath
D13Y,0.745,LPath
Q14A,0.2863,LBen
Q14C,0.872,LPath
Q14D,0.3346,LBen
Q14E,0.1014,LBen
Q14F,0.8867,LPath
Q14G,0.2418,LBen
Q14H,0.3568,Amb
Q14I,0.7722,LPath
Q14K,0.1669,LBen
Q14L,0.4378,Amb
Q14M,0.7239,LPath
Q14N,0.2781,LBen
Q14P,0.3242,LBen
Q14R,0.1806,LBen
Q14S,0.2155,LBen
Q14T,0.3128,LBen
Q14V,0.5732,LPath
Q14W,0.9065,LPath
Q14Y,0.7673,LPath
Q15A,0.3425,Amb
Q15C,0.8959,LPath
Q15D,0.5141,Amb
Q15E,0.1629,LBen
Q15F,0.8903,LPath
Q15G,0.399,Amb
Q15H,0.4824,Amb
Q15I,0.7564,LPath
Q15K,0.1452,LBen
Q15L,0.4697,Amb
Q15M,0.6703,LPath
Q15N,0.4224,Amb
Q15P,0.4613,Amb
Q15R,0.1804,LBen
Q15S,0.3559,Amb
Q15T,0.355,Amb
Q15V,0.5137,Amb
Q15W,0.9293,LPath
Q15Y,0.7702,LPath
F16A,0.8119,LPath
F16C,0.7817,LPath
F16D,0.9425,LPath
F16E,0.9274,LPath
F16G,0.8821,LPath
F16H,0.9224,LPath
F16I,0.3263,LBen
F16K,0.9391,LPath
F16L,0.5847,LPath
F16M,0.3584,Amb
F16N,0.916,LPath
F16P,0.9831,LPath
F16Q,0.9082,LPath
F16R,0.903,LPath
F16S,0.9272,LPath
F16T,0.8821,LPath
F16V,0.3426,Amb
F16W,0.6401,LPath
F16Y,0.4363,Amb
A17C,0.6615,LPath
A17D,0.7882,LPath
A17E,0.7288,LPath
A17F,0.7637,LPath
A17G,0.2142,LBen
A17H,0.7612,LPath
A17I,0.8695,LPath
A17K,0.897,LPath
A17L,0.646,LPath
A17M,0.8466,LPath
A17N,0.653,LPath
A17P,0.7387,LPath
A17Q,0.631,LPath
A17R,0.7772,LPath
A17S,0.1223,LBen
A17T,0.4399,Amb
A17V,0.6275,LPath
A17W,0.9441,LPath
A17Y,0.8279,LPath
G18A,0.1273,LBen
G18C,0.2727,LBen
G18D,0.3968,Amb
G18E,0.4596,Amb
G18F,0.7055,LPath
G18H,0.614,LPath
G18I,0.4414,Amb
G18K,0.8082,LPath
G18L,0.5391,Amb
G18M,0.6169,LPath
G18N,0.3332,LBen
G18P,0.8441,LPath
G18Q,0.5444,Amb
G18R,0.6878,LPath
G18S,0.1172,LBen
G18T,0.2039,LBen
G18V,0.2419,LBen
G18W,0.7528,LPath
G18Y,0.6586,LPath
L19A,0.7884,LPath
L19C,0.9072,LPath
L19D,0.9781,LPath
L19E,0.9261,LPath
L19F,0.423,Amb
L19G,0.8955,LPath
L19H,0.9214,LPath
L19I,0.2452,LBen
L19K,0.8978,LPath
L19M,0.17,LBen
L19N,0.9279,LPath
L19P,0.9177,LPath
L19Q,0.8246,LPath
L19R,0.8486,LPath
L19S,0.92,LPath
L19T,0.8258,LPath
L19V,0.2835,LBen
L19W,0.7252,LPath
L19Y,0.8273,LPath
D20A,0.5376,Amb
D20C,0.9097,LPath
D20E,0.437,Amb
D20F,0.894,LPath
D20G,0.3606,Amb
D20H,0.7377,LPath
D20I,0.8757,LPath
D20K,0.8962,LPath
D20L,0.8158,LPath
D20M,0.9365,LPath
D20N,0.3968,Amb
D20P,0.8554,LPath
D20Q,0.6937,LPath
D20R,0.842,LPath
D20S,0.352,Amb
D20T,0.6588,LPath
D20V,0.7034,LPath
D20W,0.9801,LPath
D20Y,0.7403,LPath
L21A,0.6917,LPath
L21C,0.7805,LPath
L21D,0.9407,LPath
L21E,0.8602,LPath
L21F,0.3152,LBen
L21G,0.813,LPath
L21H,0.817,LPath
L21I,0.1283,LBen
L21K,0.8215,LPath
L21M,0.1566,LBen
L21N,0.8368,LPath
L21P,0.8087,LPath
L21Q,0.7106,LPath
L21R,0.734,LPath
L21S,0.8455,LPath
L21T,0.692,LPath
L21V,0.1471,LBen
L21W,0.6104,LPath
L21Y,0.7426,LPath
N22A,0.1353,LBen
N22C,0.1902,LBen
N22D,0.1559,LBen
N22E,0.3245,LBen
N22F,0.4494,Amb
N22G,0.1307,LBen
N22H,0.0842,LBen
N22I,0.2421,LBen
N22K,0.2437,LBen
N22L,0.2045,LBen
N22M,0.2994,LBen
N22P,0.2734,LBen
N22Q,0.1886,LBen
N22R,0.2694,LBen
N22S,0.065,LBen
N22T,0.0838,LBen
N22V,0.1869,LBen
N22W,0.7071,LPath
N22Y,0.2043,LBen
S23A,0.0754,LBen
S23C,0.108,LBen
S23D,0.3128,LBen
S23E,0.4788,Amb
S23F,0.2532,LBen
S23G,0.0665,LBen
S23H,0.2533,LBen
S23I,0.1976,LBen
S23K,0.5832,LPath
S23L,0.1492,LBen
S23M,0.2263,LBen
S23N,0.0969,LBen
S23P,0.153,LBen
S23Q,0.3694,Amb
S23R,0.5534,Amb
S23T,0.0694,LBen
S23V,0.1584,LBen
S23W,0.4676,Amb
S23Y,0.2388,LBen
S24A,0.0641,LBen
S24C,0.1108,LBen
S24D,0.3308,LBen
S24E,0.414,Amb
S24F,0.2045,LBen
S24G,0.0696,LBen
S24H,0.2719,LBen
S24I,0.1791,LBen
S24K,0.5239,Amb
S24L,0.1133,LBen
S24M,0.1854,LBen
S24N,0.1201,LBen
S24P,0.1235,LBen
S24Q,0.3344,LBen
S24R,0.5068,Amb
S24T,0.0678,LBen
S24V,0.1328,LBen
S24W,0.3791,Amb
S24Y,0.2233,LBen
D25A,0.1556,LBen
D25C,0.4864,Amb
D25E,0.0821,LBen
D25F,0.5415,Amb
D25G,0.1217,LBen
D25H,0.2682,LBen
D25I,0.3561,Amb
D25K,0.3377,LBen
D25L,0.3664,Amb
D25M,0.5159,Amb
D25N,0.1028,LBen
D25P,0.4148,Amb
D25Q,0.2026,LBen
D25R,0.3466,Amb
D25S,0.1018,LBen
D25T,0.1778,LBen
D25V,0.2213,LBen
D25W,0.8013,LPath
D25Y,0.3146,LBen
N26A,0.0734,LBen
N26C,0.0995,LBen
N26D,0.1148,LBen
N26E,0.2088,LBen
N26F,0.2001,LBen
N26G,0.0878,LBen
N26H,0.0689,LBen
N26I,0.0932,LBen
N26K,0.1587,LBen
N26L,0.1029,LBen
N26M,0.1582,LBen
N26P,0.147,LBen
N26Q,0.1231,LBen
N26R,0.1767,LBen
N26S,0.0527,LBen
N26T,0.0573,LBen
N26V,0.0837,LBen
N26W,0.4644,Amb
N26Y,0.1104,LBen
Q27A,0.1094,LBen
Q27C,0.3844,Amb
Q27D,0.2131,LBen
Q27E,0.107,LBen
Q27F,0.4328,Amb
Q27G,0.1295,LBen
Q27H,0.1107,LBen
Q27I,0.2189,LBen
Q27K,0.1136,LBen
Q27L,0.124,LBen
Q27M,0.2524,LBen
Q27N,0.1265,LBen
Q27P,0.0843,LBen
Q27R,0.1154,LBen
Q27S,0.0998,LBen
Q27T,0.0992,LBen
Q27V,0.1515,LBen
Q27W,0.5156,Amb
Q27Y,0.2869,LBen
S28A,0.07,LBen
S28C,0.0778,LBen
S28D,0.2198,LBen
S28E,0.295,LBen
S28F,0.1762,LBen
S28G,0.0577,LBen
S28H,0.1574,LBen
S28I,0.1165,LBen
S28K,0.3525,Amb
S28L,0.1071,LBen
S28M,0.1359,LBen
S28N,0.0643,LBen
S28P,0.112,LBen
S28Q,0.2178,LBen
S28R,0.3442,Amb
S28T,0.0595,LBen
S28V,0.1072,LBen
S28W,0.3198,LBen
S28Y,0.1582,LBen
G29A,0.079,LBen
G29C,0.1171,LBen
G29D,0.1994,LBen
G29E,0.1648,LBen
G29F,0.2957,LBen
G29H,0.2279,LBen
G29I,0.1421,LBen
G29K,0.2896,LBen
G29L,0.1729,LBen
G29M,0.2092,LBen
G29N,0.1405,LBen
G29P,0.2626,LBen
G29Q,0.1756,LBen
G29R,0.2337,LBen
G29S,0.076,LBen
G29T,0.0741,LBen
G29V,0.0913,LBen
G29W,0.2825,LBen
G29Y,0.2529,LBen
G30A,0.0874,LBen
G30C,0.1204,LBen
G30D,0.239,LBen
G30E,0.2331,LBen
G30F,0.2974,LBen
G30H,0.2814,LBen
G30I,0.1407,LBen
G30K,0.4348,Amb
G30L,0.2019,LBen
G30M,0.2346,LBen
G30N,0.1324,LBen
G30P,0.3312,LBen
G30Q,0.2436,LBen
G30R,0.3605,Amb
G30S,0.0748,LBen
G30T,0.082,LBen
G30V,0.0951,LBen
G30W,0.3576,Amb
G30Y,0.2591,LBen
S31A,0.0716,LBen
S31C,0.0811,LBen
S31D,0.2542,LBen
S31E,0.3329,LBen
S31F,0.1668,LBen
S31G,0.0573,LBen
S31H,0.1835,LBen
S31I,0.1088,LBen
S31K,0.3976,Amb
S31L,0.1084,LBen
S31M,0.1394,LBen
S31N,0.0692,LBen
S31P,0.1276,LBen
S31Q,0.2328,LBen
S31R,0.3955,Amb
S31T,0.0614,LBen
S31V,0.0966,LBen
S31W,0.343,Amb
S31Y,0.1735,LBen
T32A,0.0542,LBen
T32C,0.16,LBen
T32D,0.26,LBen
T32E,0.2655,LBen
T32F,0.1285,LBen
T32G,0.07,LBen
T32H,0.1357,LBen
T32I,0.099,LBen
T32K,0.2324,LBen
T32L,0.0723,LBen
T32M,0.0899,LBen
T32N,0.0768,LBen
T32P,0.0654,LBen
T32Q,0.1385,LBen
T32R,0.2064,LBen
T32S,0.0617,LBen
T32V,0.0775,LBen
T32W,0.3486,Amb
T32Y,0.1671,LBen
A33C,0.2105,LBen
A33D,0.2782,LBen
A33E,0.2872,LBen
A33F,0.1809,LBen
A33G,0.0696,LBen
A33H,0.2433,LBen
A33I,0.1339,LBen
A33K,0.4127,Amb
A33L,0.1011,LBen
A33M,0.1404,LBen
A33N,0.1202,LBen
A33P,0.0904,LBen
A33Q,0.1916,LBen
A33R,0.3937,Amb
A33S,0.0662,LBen
A33T,0.0668,LBen
A33V,0.0834,LBen
A33W,0.4772,Amb
A33Y,0.252,LBen
S34A,0.0626,LBen
S34C,0.119,LBen
S34D,0.4686,Amb
S34E,0.5086,Amb
S34F,0.2423,LBen
S34G,0.0619,LBen
S34H,0.3314,LBen
S34I,0.2003,LBen
S34K,0.6406,LPath
S34L,0.1287,LBen
S34M,0.1845,LBen
S34N,0.1184,LBen
S34P,0.0992,LBen
S34Q,0.3336,LBen
S34R,0.6368,LPath
S34T,0.0652,LBen
S34V,0.1339,LBen
S34W,0.4446,Amb
S34Y,0.2705,LBen
K35A,0.4264,Amb
K35C,0.7674,LPath
K35D,0.741,LPath
K35E,0.5272,Amb
K35F,0.9095,LPath
K35G,0.3186,LBen
K35H,0.4097,Amb
K35I,0.7706,LPath
K35L,0.676,LPath
K35M,0.6774,LPath
K35N,0.6566,LPath
K35P,0.4289,Amb
K35Q,0.1987,LBen
K35R,0.0683,LBen
K35S,0.4948,Amb
K35T,0.3687,Amb
K35V,0.6528,LPath
K35W,0.8503,LPath
K35Y,0.8152,LPath
G36A,0.1843,LBen
G36C,0.3541,Amb
G36D,0.6961,LPath
G36E,0.646,LPath
G36F,0.8094,LPath
G36H,0.6752,LPath
G36I,0.5724,LPath
G36K,0.7895,LPath
G36L,0.666,LPath
G36M,0.6705,LPath
G36N,0.3863,Amb
G36P,0.615,LPath
G36Q,0.5324,Amb
G36R,0.713,LPath
G36S,0.1358,LBen
G36T,0.2142,LBen
G36V,0.3268,LBen
G36W,0.7663,LPath
G36Y,0.6756,LPath
R37A,0.8661,LPath
R37C,0.7607,LPath
R37D,0.9538,LPath
R37E,0.9078,LPath
R37F,0.9524,LPath
R37G,0.7096,LPath
R37H,0.5821,LPath
R37I,0.8844,LPath
R37K,0.2634,LBen
R37L,0.7713,LPath
R37M,0.9203,LPath
R37N,0.93,LPath
R37P,0.8632,LPath
R37Q,0.4932,Amb
R37S,0.9059,LPath
R37T,0.8673,LPath
R37V,0.868,LPath
R37W,0.8684,LPath
R37Y,0.9062,LPath
Y38A,0.9969,LPath
Y38C,0.9971,LPath
Y38D,0.9982,LPath
Y38E,0.9994,LPath
Y38F,0.8831,LPath
Y38G,0.9752,LPath
Y38H,0.9993,LPath
Y38I,0.9955,LPath
Y38K,0.9992,LPath
Y38L,0.9803,LPath
Y38M,0.9979,LPath
Y38N,0.9922,LPath
Y38P,0.9892,LPath
Y38Q,0.9996,LPath
Y38R,0.9965,LPath
Y38S,0.992,LPath
Y38T,0.9979,LPath
Y38V,0.9836,LPath
Y38W,0.9825,LPath
I39A,0.994,LPath
I39C,0.9925,LPath
I39D,0.9995,LPath
I39E,0.9982,LPath
I39F,0.9432,LPath
I39G,0.9989,LPath
I39H,0.9965,LPath
I39K,0.9873,LPath
I39L,0.847,LPath
I39M,0.9293,LPath
I39N,0.9936,LPath
I39P,0.988,LPath
I39Q,0.9923,LPath
I39R,0.9691,LPath
I39S,0.991,LPath
I39T,0.9916,LPath
I39V,0.2559,LBen
I39W,0.9965,LPath
I39Y,0.9854,LPath
P40A,0.9759,LPath
P40C,0.9986,LPath
P40D,0.9996,LPath
P40E,0.9992,LPath
P40F,0.9993,LPath
P40G,0.9968,LPath
P40H,0.997,LPath
P40I,0.9986,LPath
P40K,0.9982,LPath
P40L,0.9912,LPath
P40M,0.9992,LPath
P40N,0.9994,LPath
P40Q,0.9978,LPath
P40R,0.992,LPath
P40S,0.996,LPath
P40T,0.998,LPath
P40V,0.9968,LPath
P40W,0.9998,LPath
P40Y,0.9992,LPath
P41A,0.9829,LPath
P41C,0.9991,LPath
P41D,0.9993,LPath
P41E,0.9984,LPath
P41F,0.9996,LPath
P41G,0.9938,LPath
P41H,0.9972,LPath
P41I,0.9991,LPath
P41K,0.9976,LPath
P41L,0.9957,LPath
P41M,0.9994,LPath
P41N,0.999,LPath
P41Q,0.997,LPath
P41R,0.9895,LPath
P41S,0.9956,LPath
P41T,0.9975,LPath
P41V,0.9958,LPath
P41W,0.9997,LPath
P41Y,0.9992,LPath
H42A,0.9847,LPath
H42C,0.947,LPath
H42D,0.9982,LPath
H42E,0.9974,LPath
H42F,0.8836,LPath
H42G,0.9943,LPath
H42I,0.994,LPath
H42K,0.9979,LPath
H42L,0.9742,LPath
H42M,0.9908,LPath
H42N,0.9786,LPath
H42P,0.9198,LPath
H42Q,0.9911,LPath
H42R,0.9936,LPath
H42S,0.9793,LPath
H42T,0.9967,LPath
H42V,0.9921,LPath
H42W,0.8882,LPath
H42Y,0.7881,LPath
L43A,0.9406,LPath
L43C,0.9744,LPath
L43D,0.9987,LPath
L43E,0.9868,LPath
L43F,0.8944,LPath
L43G,0.9888,LPath
L43H,0.9812,LPath
L43I,0.5797,LPath
L43K,0.9337,LPath
L43M,0.3666,Amb
L43N,0.9897,LPath
L43P,0.9976,LPath
L43Q,0.859,LPath
L43R,0.8933,LPath
L43S,0.9874,LPath
L43T,0.9802,LPath
L43V,0.6073,LPath
L43W,0.9669,LPath
L43Y,0.9561,LPath
R44A,0.9985,LPath
R44C,0.9978,LPath
R44D,0.9993,LPath
R44E,0.9972,LPath
R44F,0.9995,LPath
R44G,0.9942,LPath
R44H,0.9907,LPath
R44I,0.9994,LPath
R44K,0.9358,LPath
R44L,0.9959,LPath
R44M,0.9997,LPath
R44N,0.9992,LPath
R44P,0.9975,LPath
R44Q,0.9884,LPath
R44S,0.9992,LPath
R44T,0.9997,LPath
R44V,0.999,LPath
R44W,0.9965,LPath
R44Y,0.9976,LPath
N45A,0.517,Amb
N45C,0.6051,LPath
N45D,0.6928,LPath
N45E,0.8883,LPath
N45F,0.9053,LPath
N45G,0.2509,LBen
N45H,0.3492,Amb
N45I,0.8354,LPath
N45K,0.8518,LPath
N45L,0.7042,LPath
N45M,0.8002,LPath
N45P,0.7081,LPath
N45Q,0.549,Amb
N45R,0.808,LPath
N45S,0.1408,LBen
N45T,0.4542,Amb
N45V,0.7204,LPath
N45W,0.9559,LPath
N45Y,0.6119,LPath
R46A,0.8602,LPath
R46C,0.7952,LPath
R46D,0.9182,LPath
R46E,0.8067,LPath
R46F,0.9695,LPath
R46G,0.6346,LPath
R46H,0.4452,Amb
R46I,0.9166,LPath
R46K,0.1241,LBen
R46L,0.8496,LPath
R46M,0.8931,LPath
R46N,0.9085,LPath
R46P,0.8772,LPath
R46Q,0.2952,LBen
R46S,0.8921,LPath
R46T,0.8134,LPath
R46V,0.8933,LPath
R46W,0.7968,LPath
R46Y,0.9097,LPath
E47A,0.5252,Amb
E47C,0.963,LPath
E47D,0.0833,LBen
E47F,0.964,LPath
E47G,0.4077,Amb
E47H,0.8795,LPath
E47I,0.884,LPath
E47K,0.8224,LPath
E47L,0.8674,LPath
E47M,0.9114,LPath
E47N,0.5057,Amb
E47P,0.6865,LPath
E47Q,0.4955,Amb
E47R,0.8399,LPath
E47S,0.4782,Amb
E47T,0.6459,LPath
E47V,0.7086,LPath
E47W,0.9887,LPath
E47Y,0.9209,LPath
A48C,0.4412,Amb
A48D,0.571,LPath
A48E,0.5763,LPath
A48F,0.4704,Amb
A48G,0.1013,LBen
A48H,0.5429,Amb
A48I,0.2984,LBen
A48K,0.7649,LPath
A48L,0.2293,LBen
A48M,0.2309,LBen
A48N,0.1651,LBen
A48P,0.159,LBen
A48Q,0.3404,Amb
A48R,0.7476,LPath
A48S,0.0855,LBen
A48T,0.0936,LBen
A48V,0.1382,LBen
A48W,0.8387,LPath
A48Y,0.5577,Amb
T49A,0.0624,LBen
T49C,0.2513,LBen
T49D,0.5093,Amb
T49E,0.5358,Amb
T49F,0.3811,Amb
T49G,0.0744,LBen
T49H,0.3105,LBen
T49I,0.3349,LBen
T49K,0.5594,Amb
T49L,0.1884,LBen
T49M,0.1778,LBen
T49N,0.0997,LBen
T49P,0.0798,LBen
T49Q,0.2458,LBen
T49R,0.5307,Amb
T49S,0.0524,LBen
T49V,0.1825,LBen
T49W,0.6589,LPath
T49Y,0.4098,Amb
K50A,0.485,Amb
K50C,0.8482,LPath
K50D,0.6933,LPath
K50E,0.4921,Amb
K50F,0.95,LPath
K50G,0.3669,Amb
K50H,0.4707,Amb
K50I,0.8549,LPath
K50L,0.7552,LPath
K50M,0.736,LPath
K50N,0.6465,LPath
K50P,0.515,Amb
K50Q,0.218,LBen
K50R,0.0802,LBen
K50S,0.5193,Amb
K50T,0.4241,Amb
K50V,0.7411,LPath
K50W,0.9103,LPath
K50Y,0.877,LPath
G51A,0.123,LBen
G51C,0.2138,LBen
G51D,0.4914,Amb
G51E,0.5,Amb
G51F,0.6443,LPath
G51H,0.5338,Amb
G51I,0.3133,LBen
G51K,0.8371,LPath
G51L,0.4451,Amb
G51M,0.4423,Amb
G51N,0.1785,LBen
G51P,0.5014,Amb
G51Q,0.4702,Amb
G51R,0.7637,LPath
G51S,0.089,LBen
G51T,0.1159,LBen
G51V,0.1726,LBen
G51W,0.6435,LPath
G51Y,0.4898,Amb
F52A,0.1898,LBen
F52C,0.127,LBen
F52D,0.5172,Amb
F52E,0.6363,LPath
F52G,0.2465,LBen
F52H,0.3957,Amb
F52I,0.1064,LBen
F52K,0.7133,LPath
F52L,0.4586,Amb
F52M,0.2278,LBen
F52N,0.2196,LBen
F52P,0.5346,Amb
F52Q,0.4341,Amb
F52R,0.6101,LPath
F52S,0.1633,LBen
F52T,0.1986,LBen
F52V,0.0989,LBen
F52W,0.3157,LBen
F52Y,0.1113,LBen
Y53A,0.1104,LBen
Y53C,0.0627,LBen
Y53D,0.2055,LBen
Y53E,0.3239,LBen
Y53F,0.0813,LBen
Y53G,0.0908,LBen
Y53H,0.1311,LBen
Y53I,0.2188,LBen
Y53K,0.4632,Amb
Y53L,0.2065,LBen
Y53M,0.2738,LBen
Y53N,0.0821,LBen
Y53P,0.2108,LBen
Y53Q,0.1803,LBen
Y53R,0.3076,LBen
Y53S,0.0541,LBen
Y53T,0.1043,LBen
Y53V,0.1288,LBen
Y53W,0.2412,LBen
D54A,0.3519,Amb
D54C,0.7232,LPath
D54E,0.1177,LBen
D54F,0.8389,LPath
D54G,0.2308,LBen
D54H,0.5201,Amb
D54I,0.7225,LPath
D54K,0.7087,LPath
D54L,0.6841,LPath
D54M,0.818,LPath
D54N,0.1667,LBen
D54P,0.6459,LPath
D54Q,0.4328,Amb
D54R,0.6604,LPath
D54S,0.1909,LBen
D54T,0.3947,Amb
D54V,0.5245,Amb
D54W,0.9349,LPath
D54Y,0.5435,Amb
K55A,0.5883,LPath
K55C,0.8628,LPath
K55D,0.6348,LPath
K55E,0.4687,Amb
K55F,0.9447,LPath
K55G,0.3858,Amb
K55H,0.4465,Amb
K55I,0.8448,LPath
K55L,0.7764,LPath
K55M,0.7393,LPath
K55N,0.6096,LPath
K55P,0.6371,LPath
K55Q,0.233,LBen
K55R,0.0841,LBen
K55S,0.5595,Amb
K55T,0.4491,Amb
K55V,0.7641,LPath
K55W,0.8772,LPath
K55Y,0.8401,LPath
D56A,0.4472,Amb
D56C,0.858,LPath
D56E,0.1266,LBen
D56F,0.8745,LPath
D56G,0.3008,LBen
D56H,0.6824,LPath
D56I,0.7686,LPath
D56K,0.7731,LPath
D56L,0.7644,LPath
D56M,0.8533,LPath
D56N,0.2118,LBen
D56P,0.6941,LPath
D56Q,0.5389,Amb
D56R,0.7755,LPath
D56S,0.2724,LBen
D56T,0.4623,Amb
D56V,0.5724,LPath
D56W,0.9612,LPath
D56Y,0.6233,LPath
S57A,0.08,LBen
S57C,0.1299,LBen
S57D,0.4409,Amb
S57E,0.5957,LPath
S57F,0.266,LBen
S57G,0.072,LBen
S57H,0.3319,LBen
S57I,0.2113,LBen
S57K,0.7561,LPath
S57L,0.1702,LBen
S57M,0.2165,LBen
S57N,0.1076,LBen
S57P,0.1882,LBen
S57Q,0.4277,Amb
S57R,0.7251,LPath
S57T,0.0715,LBen
S57V,0.1556,LBen
S57W,0.5143,Amb
S57Y,0.2645,LBen
S58A,0.0785,LBen
S58C,0.1303,LBen
S58D,0.5986,LPath
S58E,0.7093,LPath
S58F,0.2808,LBen
S58G,0.061,LBen
S58H,0.4359,Amb
S58I,0.2524,LBen
S58K,0.844,LPath
S58L,0.1594,LBen
S58M,0.2239,LBen
S58N,0.137,LBen
S58P,0.1599,LBen
S58Q,0.5088,Amb
S58R,0.8251,LPath
S58T,0.0745,LBen
S58V,0.1743,LBen
S58W,0.5076,Amb
S58Y,0.3233,LBen
G59A,0.1125,LBen
G59C,0.1907,LBen
G59D,0.6004,LPath
G59E,0.6089,LPath
G59F,0.5134,Amb
G59H,0.5218,Amb
G59I,0.2811,LBen
G59K,0.8423,LPath
G59L,0.3669,Amb
G59M,0.4207,Amb
G59N,0.2259,LBen
G59P,0.5291,Amb
G59Q,0.4858,Amb
G59R,0.7235,LPath
G59S,0.0753,LBen
G59T,0.1177,LBen
G59V,0.1618,LBen
G59W,0.5597,Amb
G59Y,0.4319,Amb
W60A,0.7608,LPath
W60C,0.8719,LPath
W60D,0.9546,LPath
W60E,0.9685,LPath
W60F,0.2066,LBen
W60G,0.4648,Amb
W60H,0.9067,LPath
W60I,0.7319,LPath
W60K,0.9752,LPath
W60L,0.644,LPath
W60M,0.7789,LPath
W60N,0.8569,LPath
W60P,0.8651,LPath
W60Q,0.951,LPath
W60R,0.9465,LPath
W60S,0.6292,LPath
W60T,0.7468,LPath
W60V,0.6833,LPath
W60Y,0.4103,Amb
S61A,0.0868,LBen
S61C,0.1141,LBen
S61D,0.5012,Amb
S61E,0.6422,LPath
S61F,0.2345,LBen
S61G,0.0662,LBen
S61H,0.3413,Amb
S61I,0.1942,LBen
S61K,0.7893,LPath
S61L,0.1489,LBen
S61M,0.1865,LBen
S61N,0.0844,LBen
S61P,0.2027,LBen
S61Q,0.4245,Amb
S61R,0.7724,LPath
S61T,0.0732,LBen
S61V,0.1476,LBen
S61W,0.4684,Amb
S61Y,0.2527,LBen
S62A,0.0664,LBen
S62C,0.0837,LBen
S62D,0.5306,Amb
S62E,0.6386,LPath
S62F,0.1321,LBen
S62G,0.064,LBen
S62H,0.2839,LBen
S62I,0.1364,LBen
S62K,0.7362,LPath
S62L,0.1116,LBen
S62M,0.1506,LBen
S62N,0.1061,LBen
S62P,0.1194,LBen
S62Q,0.3653,Amb
S62R,0.6985,LPath
S62T,0.0643,LBen
S62V,0.1056,LBen
S62W,0.3349,LBen
S62Y,0.1744,LBen
S63A,0.0706,LBen
S63C,0.108,LBen
S63D,0.5432,Amb
S63E,0.6142,LPath
S63F,0.2009,LBen
S63G,0.0646,LBen
S63H,0.3159,LBen
S63I,0.1697,LBen
S63K,0.7357,LPath
S63L,0.129,LBen
S63M,0.1748,LBen
S63N,0.114,LBen
S63P,0.1155,LBen
S63Q,0.3551,Amb
S63R,0.7143,LPath
S63T,0.0665,LBen
S63V,0.1196,LBen
S63W,0.4053,Amb
S63Y,0.2359,LBen
K64A,0.3886,Amb
K64C,0.7058,LPath
K64D,0.5974,LPath
K64E,0.3694,Amb
K64F,0.849,LPath
K64G,0.2867,LBen
K64H,0.3184,LBen
K64I,0.6584,LPath
K64L,0.5744,LPath
K64M,0.5874,LPath
K64N,0.5299,Amb
K64P,0.4248,Amb
K64Q,0.1596,LBen
K64R,0.0591,LBen
K64S,0.427,Amb
K64T,0.3172,LBen
K64V,0.5375,Amb
K64W,0.6984,LPath
K64Y,0.6943,LPath
D65A,0.4041,Amb
D65C,0.7961,LPath
D65E,0.1084,LBen
D65F,0.828,LPath
D65G,0.2661,LBen
D65H,0.6416,LPath
D65I,0.6995,LPath
D65K,0.7519,LPath
D65L,0.7054,LPath
D65M,0.8059,LPath
D65N,0.2006,LBen
D65P,0.6363,LPath
D65Q,0.4702,Amb
D65R,0.7374,LPath
D65S,0.2589,LBen
D65T,0.41,Amb
D65V,0.4835,Amb
D65W,0.9397,LPath
D65Y,0.5508,Amb
K66A,0.5948,LPath
K66C,0.8392,LPath
K66D,0.655,LPath
K66E,0.5048,Amb
K66F,0.924,LPath
K66G,0.4065,Amb
K66H,0.4148,Amb
K66I,0.8227,LPath
K66L,0.7556,LPath
K66M,0.743,LPath
K66N,0.6369,LPath
K66P,0.6247,LPath
K66Q,0.247,LBen
K66R,0.0659,LBen
K66S,0.5807,LPath
K66T,0.4647,Amb
K66V,0.7432,LPath
K66W,0.8299,LPath
K66Y,0.7956,LPath
D67A,0.3493,Amb
D67C,0.7948,LPath
D67E,0.1405,LBen
D67F,0.7786,LPath
D67G,0.2562,LBen
D67H,0.6696,LPath
D67I,0.6946,LPath
D67K,0.7858,LPath
D67L,0.6446,LPath
D67M,0.7751,LPath
D67N,0.2396,LBen
D67P,0.6152,LPath
D67Q,0.5477,Amb
D67R,0.7692,LPath
D67S,0.2598,LBen
D67T,0.3904,Amb
D67V,0.4594,Amb
D67W,0.9265,LPath
D67Y,0.5205,Amb
A68C,0.3178,LBen
A68D,0.6393,LPath
A68E,0.6731,LPath
A68F,0.3478,Amb
A68G,0.1103,LBen
A68H,0.4728,Amb
A68I,0.2593,LBen
A68K,0.811,LPath
A68L,0.1935,LBen
A68M,0.2517,LBen
A68N,0.199,LBen
A68P,0.1731,LBen
A68Q,0.4073,Amb
A68R,0.7259,LPath
A68S,0.0766,LBen
A68T,0.0873,LBen
A68V,0.128,LBen
A68W,0.7353,LPath
A68Y,0.4309,Amb
Y69A,0.6141,LPath
Y69C,0.3082,LBen
Y69D,0.8101,LPath
Y69E,0.9219,LPath
Y69F,0.1149,LBen
Y69G,0.4943,Amb
Y69H,0.6361,LPath
Y69I,0.7271,LPath
Y69K,0.9356,LPath
Y69L,0.6458,LPath
Y69M,0.7529,LPath
Y69N,0.5024,Amb
Y69P,0.724,LPath
Y69Q,0.8301,LPath
Y69R,0.8087,LPath
Y69S,0.349,Amb
Y69T,0.6601,LPath
Y69V,0.4948,Amb
Y69W,0.3511,Amb
S70A,0.1038,LBen
S70C,0.1765,LBen
S70D,0.7668,LPath
S70E,0.8598,LPath
S70F,0.4199,Amb
S70G,0.09,LBen
S70H,0.5248,Amb
S70I,0.4341,Amb
S70K,0.9228,LPath
S70L,0.2461,LBen
S70M,0.3294,LBen
S70N,0.1853,LBen
S70P,0.3365,LBen
S70Q,0.6286,LPath
S70R,0.9043,LPath
S70T,0.0905,LBen
S70V,0.2878,LBen
S70W,0.6607,LPath
S70Y,0.4305,Amb
S71A,0.1507,LBen
S71C,0.2996,LBen
S71D,0.8999,LPath
S71E,0.9583,LPath
S71F,0.6141,LPath
S71G,0.1379,LBen
S71H,0.7452,LPath
S71I,0.6717,LPath
S71K,0.9844,LPath
S71L,0.4304,Amb
S71M,0.5195,Amb
S71N,0.3305,LBen
S71P,0.406,Amb
S71Q,0.8372,LPath
S71R,0.9762,LPath
S71T,0.1511,LBen
S71V,0.4607,Amb
S71W,0.7837,LPath
S71Y,0.5908,LPath
F72A,0.8576,LPath
F72C,0.813,LPath
F72D,0.9773,LPath
F72E,0.9827,LPath
F72G,0.856,LPath
F72H,0.9149,LPath
F72I,0.7566,LPath
F72K,0.9831,LPath
F72L,0.9663,LPath
F72M,0.8061,LPath
F72N,0.914,LPath
F72P,0.969,LPath
F72Q,0.9459,LPath
F72R,0.9395,LPath
F72S,0.8288,LPath
F72T,0.9,LPath
F72V,0.6822,LPath
F72W,0.4984,Amb
F72Y,0.3324,LBen
G73A,0.2752,LBen
G73C,0.4487,Amb
G73D,0.9279,LPath
G73E,0.9372,LPath
G73F,0.8068,LPath
G73H,0.7967,LPath
G73I,0.772,LPath
G73K,0.9725,LPath
G73L,0.7631,LPath
G73M,0.8351,LPath
G73N,0.5964,LPath
G73P,0.7974,LPath
G73Q,0.7733,LPath
G73R,0.9119,LPath
G73S,0.1566,LBen
G73T,0.3846,Amb
G73V,0.5756,LPath
G73W,0.8009,LPath
G73Y,0.7768,LPath
S74A,0.0852,LBen
S74C,0.1481,LBen
S74D,0.7871,LPath
S74E,0.8473,LPath
S74F,0.3325,LBen
S74G,0.0658,LBen
S74H,0.5302,Amb
S74I,0.3415,Amb
S74K,0.9226,LPath
S74L,0.218,LBen
S74M,0.2606,LBen
S74N,0.1691,LBen
S74P,0.2128,LBen
S74Q,0.584,LPath
S74R,0.9062,LPath
S74T,0.1003,LBen
S74V,0.2192,LBen
S74W,0.5876,LPath
S74Y,0.3714,Amb
R75A,0.7598,LPath
R75C,0.6536,LPath
R75D,0.8634,LPath
R75E,0.8257,LPath
R75F,0.8121,LPath
R75G,0.437,Amb
R75H,0.3139,LBen
R75I,0.8458,LPath
R75K,0.2148,LBen
R75L,0.7434,LPath
R75M,0.8714,LPath
R75N,0.8036,LPath
R75P,0.6708,LPath
R75Q,0.3326,LBen
R75S,0.7434,LPath
R75T,0.7517,LPath
R75V,0.8059,LPath
R75W,0.6197,LPath
R75Y,0.6642,LPath
S76A,0.0983,LBen
S76C,0.1904,LBen
S76D,0.5919,LPath
S76E,0.6985,LPath
S76F,0.3574,Amb
S76G,0.0672,LBen
S76H,0.4091,Amb
S76I,0.338,LBen
S76K,0.8488,LPath
S76L,0.2339,LBen
S76M,0.25,LBen
S76N,0.1106,LBen
S76P,0.2078,LBen
S76Q,0.4659,Amb
S76R,0.8484,LPath
S76T,0.0752,LBen
S76V,0.2271,LBen
S76W,0.5426,Amb
S76Y,0.3376,LBen
D77A,0.5807,LPath
D77C,0.8852,LPath
D77E,0.1406,LBen
D77F,0.9066,LPath
D77G,0.4531,Amb
D77H,0.7784,LPath
D77I,0.8765,LPath
D77K,0.9089,LPath
D77L,0.8487,LPath
D77M,0.9223,LPath
D77N,0.3404,Amb
D77P,0.8317,LPath
D77Q,0.6917,LPath
D77R,0.8747,LPath
D77S,0.3613,Amb
D77T,0.6189,LPath
D77V,0.7307,LPath
D77W,0.969,LPath
D77Y,0.7162,LPath
S78A,0.0953,LBen
S78C,0.162,LBen
S78D,0.5733,LPath
S78E,0.6913,LPath
S78F,0.3009,LBen
S78G,0.0706,LBen
S78H,0.3445,Amb
S78I,0.2608,LBen
S78K,0.8211,LPath
S78L,0.2067,LBen
S78M,0.2368,LBen
S78N,0.1056,LBen
S78P,0.2199,LBen
S78Q,0.4127,Amb
S78R,0.794,LPath
S78T,0.077,LBen
S78V,0.1753,LBen
S78W,0.5388,Amb
S78Y,0.287,LBen
R79A,0.7324,LPath
R79C,0.6593,LPath
R79D,0.8801,LPath
R79E,0.8204,LPath
R79F,0.8326,LPath
R79G,0.3773,Amb
R79H,0.3273,LBen
R79I,0.8528,LPath
R79K,0.1833,LBen
R79L,0.7429,LPath
R79M,0.8569,LPath
R79N,0.8286,LPath
R79P,0.6404,LPath
R79Q,0.3195,LBen
R79S,0.7324,LPath
R79T,0.7157,LPath
R79V,0.8131,LPath
R79W,0.5638,Amb
R79Y,0.7158,LPath
G80A,0.1481,LBen
G80C,0.3019,LBen
G80D,0.7519,LPath
G80E,0.7312,LPath
G80F,0.6789,LPath
G80H,0.6503,LPath
G80I,0.4747,Amb
G80K,0.9254,LPath
G80L,0.5221,Amb
G80M,0.5415,Amb
G80N,0.2807,LBen
G80P,0.5439,Amb
G80Q,0.5727,LPath
G80R,0.8757,LPath
G80S,0.0928,LBen
G80T,0.1507,LBen
G80V,0.2689,LBen
G80W,0.6511,LPath
G80Y,0.5717,LPath
K81A,0.8298,LPath
K81C,0.9192,LPath
K81D,0.8988,LPath
K81E,0.8834,LPath
K81F,0.9683,LPath
K81G,0.6245,LPath
K81H,0.6,LPath
K81I,0.9265,LPath
K81L,0.8925,LPath
K81M,0.9015,LPath
K81N,0.8423,LPath
K81P,0.7062,LPath
K81Q,0.4436,Amb
K81R,0.0892,LBen
K81S,0.8015,LPath
K81T,0.7692,LPath
K81V,0.8875,LPath
K81W,0.9384,LPath
K81Y,0.9087,LPath
S82A,0.1203,LBen
S82C,0.3806,Amb
S82D,0.8402,LPath
S82E,0.8839,LPath
S82F,0.5953,LPath
S82G,0.115,LBen
S82H,0.6322,LPath
S82I,0.6245,LPath
S82K,0.9486,LPath
S82L,0.4019,Amb
S82M,0.4362,Amb
S82N,0.2581,LBen
S82P,0.1603,LBen
S82Q,0.6257,LPath
S82R,0.9471,LPath
S82T,0.113,LBen
S82V,0.4284,Amb
S82W,0.7458,LPath
S82Y,0.534,Amb
S83A,0.0941,LBen
S83C,0.175,LBen
S83D,0.7535,LPath
S83E,0.8587,LPath
S83F,0.446,Amb
S83G,0.067,LBen
S83H,0.4467,Amb
S83I,0.3243,LBen
S83K,0.912,LPath
S83L,0.2397,LBen
S83M,0.2961,LBen
S83N,0.1299,LBen
S83P,0.2157,LBen
S83Q,0.556,Amb
S83R,0.8824,LPath
S83T,0.0892,LBen
S83V,0.2157,LBen
S83W,0.6775,LPath
S83Y,0.4163,Amb
F84A,0.4676,Amb
F84C,0.2833,LBen
F84D,0.8913,LPath
F84E,0.942,LPath
F84G,0.5825,LPath
F84H,0.6783,LPath
F84I,0.2492,LBen
F84K,0.9581,LPath
F84L,0.754,LPath
F84M,0.4622,Amb
F84N,0.5974,LPath
F84P,0.8404,LPath
F84Q,0.8193,LPath
F84R,0.8734,LPath
F84S,0.3792,Amb
F84T,0.5199,Amb
F84V,0.1962,LBen
F84W,0.4374,Amb
F84Y,0.1063,LBen
F85A,0.754,LPath
F85C,0.5426,Amb
F85D,0.9484,LPath
F85E,0.9678,LPath
F85G,0.7179,LPath
F85H,0.7887,LPath
F85I,0.5279,Amb
F85K,0.9746,LPath
F85L,0.8818,LPath
F85M,0.7184,LPath
F85N,0.8035,LPath
F85P,0.9269,LPath
F85Q,0.8785,LPath
F85R,0.914,LPath
F85S,0.6304,LPath
F85T,0.7895,LPath
F85V,0.4542,Amb
F85W,0.5503,Amb
F85Y,0.2009,LBen
S86A,0.1054,LBen
S86C,0.1751,LBen
S86D,0.7648,LPath
S86E,0.8624,LPath
S86F,0.4598,Amb
S86G,0.0793,LBen
S86H,0.5319,Amb
S86I,0.4467,Amb
S86K,0.9374,LPath
S86L,0.2501,LBen
S86M,0.337,LBen
S86N,0.148,LBen
S86P,0.2658,LBen
S86Q,0.6319,LPath
S86R,0.9143,LPath
S86T,0.1027,LBen
S86V,0.3154,LBen
S86W,0.6182,LPath
S86Y,0.4366,Amb
D87A,0.8245,LPath
D87C,0.9587,LPath
D87E,0.2181,LBen
D87F,0.9631,LPath
D87G,0.6793,LPath
D87H,0.8945,LPath
D87I,0.9635,LPath
D87K,0.9591,LPath
D87L,0.9437,LPath
D87M,0.9767,LPath
D87N,0.5173,Amb
D87P,0.9289,LPath
D87Q,0.83,LPath
D87R,0.9329,LPath
D87S,0.5574,Amb
D87T,0.8344,LPath
D87V,0.8952,LPath
D87W,0.9879,LPath
D87Y,0.8431,LPath
R88A,0.8968,LPath
R88C,0.8143,LPath
R88D,0.933,LPath
R88E,0.904,LPath
R88F,0.9132,LPath
R88G,0.6137,LPath
R88H,0.4844,Amb
R88I,0.9323,LPath
R88K,0.3471,Amb
R88L,0.8829,LPath
R88M,0.9398,LPath
R88N,0.9057,LPath
R88P,0.8368,LPath
R88Q,0.4985,Amb
R88S,0.889,LPath
R88T,0.8892,LPath
R88V,0.9223,LPath
R88W,0.7534,LPath
R88Y,0.8267,LPath
G89A,0.2071,LBen
G89C,0.3266,LBen
G89D,0.7906,LPath
G89E,0.8213,LPath
G89F,0.7182,LPath
G89H,0.7181,LPath
G89I,0.59,LPath
G89K,0.9562,LPath
G89L,0.6831,LPath
G89M,0.7011,LPath
G89N,0.36,Amb
G89P,0.7318,LPath
G89Q,0.703,LPath
G89R,0.9009,LPath
G89S,0.1118,LBen
G89T,0.2285,LBen
G89V,0.3557,Amb
G89W,0.713,LPath
G89Y,0.6035,LPath
S90A,0.0868,LBen
S90C,0.128,LBen
S90D,0.7413,LPath
S90E,0.8241,LPath
S90F,0.2404,LBen
S90G,0.0704,LBen
S90H,0.4465,Amb
S90I,0.2088,LBen
S90K,0.9082,LPath
S90L,0.1646,LBen
S90M,0.1928,LBen
S90N,0.1156,LBen
S90P,0.196,LBen
S90Q,0.5381,Amb
S90R,0.8852,LPath
S90T,0.081,LBen
S90V,0.1596,LBen
S90W,0.5007,Amb
S90Y,0.2942,LBen
G91A,0.1083,LBen
G91C,0.1853,LBen
G91D,0.8122,LPath
G91E,0.8266,LPath
G91F,0.492,Amb
G91H,0.5998,LPath
G91I,0.318,LBen
G91K,0.9405,LPath
G91L,0.385,Amb
G91M,0.4456,Amb
G91N,0.2764,LBen
G91P,0.5442,Amb
G91Q,0.612,LPath
G91R,0.8792,LPath
G91S,0.0719,LBen
G91T,0.1179,LBen
G91V,0.1702,LBen
G91W,0.5793,LPath
G91Y,0.4733,Amb
S92A,0.115,LBen
S92C,0.1803,LBen
S92D,0.8338,LPath
S92E,0.8711,LPath
S92F,0.3123,LBen
S92G,0.0977,LBen
S92H,0.5877,LPath
S92I,0.3539,Amb
S92K,0.9551,LPath
S92L,0.2312,LBen
S92M,0.2713,LBen
S92N,0.1935,LBen
S92P,0.2148,LBen
S92Q,0.6301,LPath
S92R,0.9456,LPath
S92T,0.0991,LBen
S92V,0.2424,LBen
S92W,0.5579,Amb
S92Y,0.3758,Amb
R93A,0.8446,LPath
R93C,0.7609,LPath
R93D,0.9379,LPath
R93E,0.9002,LPath
R93F,0.8669,LPath
R93G,0.5291,Amb
R93H,0.4428,Amb
R93I,0.9092,LPath
R93K,0.2614,LBen
R93L,0.8163,LPath
R93M,0.9061,LPath
R93N,0.9045,LPath
R93P,0.768,LPath
R93Q,0.4384,Amb
R93S,0.8407,LPath
R93T,0.8437,LPath
R93V,0.8803,LPath
R93W,0.6145,LPath
R93Y,0.7819,LPath
G94A,0.2422,LBen
G94C,0.3741,Amb
G94D,0.7981,LPath
G94E,0.8022,LPath
G94F,0.7266,LPath
G94H,0.7673,LPath
G94I,0.6076,LPath
G94K,0.9568,LPath
G94L,0.6659,LPath
G94M,0.6845,LPath
G94N,0.3648,Amb
G94P,0.6876,LPath
G94Q,0.6936,LPath
G94R,0.9119,LPath
G94S,0.1275,LBen
G94T,0.2657,LBen
G94V,0.3696,Amb
G94W,0.7088,LPath
G94Y,0.6254,LPath
R95A,0.7742,LPath
R95C,0.668,LPath
R95D,0.8571,LPath
R95E,0.8456,LPath
R95F,0.7995,LPath
R95G,0.3918,Amb
R95H,0.3615,Amb
R95I,0.784,LPath
R95K,0.2501,LBen
R95L,0.6924,LPath
R95M,0.8382,LPath
R95N,0.7931,LPath
R95P,0.6998,LPath
R95Q,0.368,Amb
R95S,0.7488,LPath
R95T,0.7608,LPath
R95V,0.7715,LPath
R95W,0.6318,LPath
R95Y,0.6904,LPath
F96A,0.5921,LPath
F96C,0.4515,Amb
F96D,0.8373,LPath
F96E,0.8653,LPath
F96G,0.5453,Amb
F96H,0.6656,LPath
F96I,0.4237,Amb
F96K,0.9229,LPath
F96L,0.8684,LPath
F96M,0.5623,Amb
F96N,0.5711,LPath
F96P,0.8739,LPath
F96Q,0.7599,LPath
F96R,0.8291,LPath
F96S,0.4688,Amb
F96T,0.6095,LPath
F96V,0.3674,Amb
F96W,0.2813,LBen
F96Y,0.1124,LBen
D97A,0.5546,Amb
D97C,0.8637,LPath
D97E,0.1351,LBen
D97F,0.8963,LPath
D97G,0.4148,Amb
D97H,0.7467,LPath
D97I,0.861,LPath
D97K,0.8912,LPath
D97L,0.8099,LPath
D97M,0.9182,LPath
D97N,0.3705,Amb
D97P,0.8418,LPath
D97Q,0.6461,LPath
D97R,0.8306,LPath
D97S,0.3615,Amb
D97T,0.623,LPath
D97V,0.7041,LPath
D97W,0.9563,LPath
D97Y,0.6914,LPath
D98A,0.5894,LPath
D98C,0.8768,LPath
D98E,0.1428,LBen
D98F,0.8712,LPath
D98G,0.4458,Amb
D98H,0.7256,LPath
D98I,0.8481,LPath
D98K,0.8731,LPath
D98L,0.8274,LPath
D98M,0.9028,LPath
D98N,0.3157,LBen
D98P,0.8521,LPath
D98Q,0.6445,LPath
D98R,0.8236,LPath
D98S,0.3454,Amb
D98T,0.6132,LPath
D98V,0.6899,LPath
D98W,0.958,LPath
D98Y,0.6131,LPath
R99A,0.564,LPath
R99C,0.4622,Amb
R99D,0.666,LPath
R99E,0.5857,LPath
R99F,0.6907,LPath
R99G,0.2532,LBen
R99H,0.2005,LBen
R99I,0.647,LPath
R99K,0.149,LBen
R99L,0.5671,LPath
R99M,0.6767,LPath
R99N,0.6301,LPath
R99P,0.5046,Amb
R99Q,0.1997,LBen
R99S,0.559,Amb
R99T,0.5098,Amb
R99V,0.6408,LPath
R99W,0.4361,Amb
R99Y,0.5382,Amb
G100A,0.143,LBen
G100C,0.1981,LBen
G100D,0.4721,Amb
G100E,0.4681,Amb
G100F,0.5181,Amb
G100H,0.5343,Amb
G100I,0.3457,Amb
G100K,0.8525,LPath
G100L,0.4159,Amb
G100M,0.4609,Amb
G100N,0.2192,LBen
G100P,0.4918,Amb
G100Q,0.4483,Amb
G100R,0.7443,LPath
G100S,0.0836,LBen
G100T,0.1529,LBen
G100V,0.1949,LBen
G100W,0.4912,Amb
G100Y,0.4007,Amb
R101A,0.5266,Amb
R101C,0.3824,Amb
R101D,0.625,LPath
R101E,0.5466,Amb
R101F,0.5901,LPath
R101G,0.2304,LBen
R101H,0.1946,LBen
R101I,0.5626,Amb
R101K,0.1425,LBen
R101L,0.4595,Amb
R101M,0.5963,LPath
R101N,0.5719,LPath
R101P,0.4571,Amb
R101Q,0.183,LBen
R101S,0.5018,Amb
R101T,0.4871,Amb
R101V,0.5625,Amb
R101W,0.3388,LBen
R101Y,0.4635,Amb
S102A,0.0993,LBen
S102C,0.117,LBen
S102D,0.4409,Amb
S102E,0.584,LPath
S102F,0.3006,LBen
S102G,0.0564,LBen
S102H,0.3356,LBen
S102I,0.232,LBen
S102K,0.7741,LPath
S102L,0.1914,LBen
S102M,0.2163,LBen
S102N,0.0907,LBen
S102P,0.2003,LBen
S102Q,0.4229,Amb
S102R,0.7292,LPath
S102T,0.0791,LBen
S102V,0.1814,LBen
S102W,0.4202,Amb
S102Y,0.2643,LBen
D103A,0.4278,Amb
D103C,0.7935,LPath
D103E,0.1391,LBen
D103F,0.8281,LPath
D103G,0.2979,LBen
D103H,0.65,LPath
D103I,0.7686,LPath
D103K,0.8192,LPath
D103L,0.7586,LPath
D103M,0.8651,LPath
D103N,0.2397,LBen
D103P,0.748,LPath
D103Q,0.5502,Amb
D103R,0.7361,LPath
D103S,0.239,LBen
D103T,0.4909,Amb
D103V,0.5925,LPath
D103W,0.9367,LPath
D103Y,0.5629,Amb
Y104A,0.2021,LBen
Y104C,0.0946,LBen
Y104D,0.249,LBen
Y104E,0.4431,Amb
Y104F,0.0848,LBen
Y104G,0.1526,LBen
Y104H,0.2225,LBen
Y104I,0.2989,LBen
Y104K,0.6153,LPath
Y104L,0.3105,LBen
Y104M,0.3638,Amb
Y104N,0.1188,LBen
Y104P,0.4218,Amb
Y104Q,0.3411,Amb
Y104R,0.3992,Amb
Y104S,0.0951,LBen
Y104T,0.1787,LBen
Y104V,0.1928,LBen
Y104W,0.2441,LBen
D105A,0.3855,Amb
D105C,0.7416,LPath
D105E,0.1352,LBen
D105F,0.7639,LPath
D105G,0.2555,LBen
D105H,0.5482,Amb
D105I,0.7417,LPath
D105K,0.7613,LPath
D105L,0.6922,LPath
D105M,0.8243,LPath
D105N,0.2224,LBen
D105P,0.7277,LPath
D105Q,0.4916,Amb
D105R,0.6534,LPath
D105S,0.2186,LBen
D105T,0.4453,Amb
D105V,0.5574,Amb
D105W,0.89,LPath
D105Y,0.4565,Amb
G106A,0.107,LBen
G106C,0.1429,LBen
G106D,0.3335,LBen
G106E,0.3961,Amb
G106F,0.4265,Amb
G106H,0.3453,Amb
G106I,0.2363,LBen
G106K,0.7201,LPath
G106L,0.3314,LBen
G106M,0.3636,Amb
G106N,0.1446,LBen
G106P,0.5306,Amb
G106Q,0.3668,Amb
G106R,0.5364,Amb
G106S,0.0696,LBen
G106T,0.1166,LBen
G106V,0.1408,LBen
G106W,0.4467,Amb
G106Y,0.2983,LBen
I107A,0.1165,LBen
I107C,0.2907,LBen
I107D,0.4523,Amb
I107E,0.4392,Amb
I107F,0.0449,LBen
I107G,0.1943,LBen
I107H,0.2768,LBen
I107K,0.444,Amb
I107L,0.0778,LBen
I107M,0.0718,LBen
I107N,0.1614,LBen
I107P,0.2118,LBen
I107Q,0.2517,LBen
I107R,0.2968,LBen
I107S,0.1281,LBen
I107T,0.1214,LBen
I107V,0.0723,LBen
I107W,0.2466,LBen
I107Y,0.1723,LBen
G108A,0.1257,LBen
G108C,0.1816,LBen
G108D,0.5261,Amb
G108E,0.5587,Amb
G108F,0.4444,Amb
G108H,0.4789,Amb
G108I,0.3191,LBen
G108K,0.8234,LPath
G108L,0.372,Amb
G108M,0.458,Amb
G108N,0.256,LBen
G108P,0.4791,Amb
G108Q,0.4726,Amb
G108R,0.6581,LPath
G108S,0.0853,LBen
G108T,0.139,LBen
G108V,0.1909,LBen
G108W,0.4588,Amb
G108Y,0.3783,Amb
S109A,0.094,LBen
S109C,0.1035,LBen
S109D,0.4791,Amb
S109E,0.6081,LPath
S109F,0.1952,LBen
S109G,0.0654,LBen
S109H,0.3156,LBen
S109I,0.1837,LBen
S109K,0.7736,LPath
S109L,0.1493,LBen
S109M,0.1905,LBen
S109N,0.0991,LBen
S109P,0.1513,LBen
S109Q,0.4066,Amb
S109R,0.7327,LPath
S109T,0.0806,LBen
S109V,0.1495,LBen
S109W,0.3711,Amb
S109Y,0.2062,LBen
R110A,0.5588,Amb
R110C,0.475,Amb
R110D,0.6801,LPath
R110E,0.6012,LPath
R110F,0.6502,LPath
R110G,0.2535,LBen
R110H,0.2187,LBen
R110I,0.6629,LPath
R110K,0.1514,LBen
R110L,0.553,Amb
R110M,0.6878,LPath
R110N,0.6632,LPath
R110P,0.4818,Amb
R110Q,0.2104,LBen
R110S,0.5584,Amb
R110T,0.5283,Amb
R110V,0.6501,LPath
R110W,0.3678,Amb
R110Y,0.5224,Amb
G111A,0.1227,LBen
G111C,0.1678,LBen
G111D,0.436,Amb
G111E,0.4475,Amb
G111F,0.4398,Amb
G111H,0.4316,Amb
G111I,0.3189,LBen
G111K,0.7969,LPath
G111L,0.3687,Amb
G111M,0.3868,Amb
G111N,0.1845,LBen
G111P,0.4872,Amb
G111Q,0.4153,Amb
G111R,0.661,LPath
G111S,0.0795,LBen
G111T,0.1223,LBen
G111V,0.1806,LBen
G111W,0.3984,Amb
G111Y,0.3105,LBen
D112A,0.483,Amb
D112C,0.7813,LPath
D112E,0.1278,LBen
D112F,0.7933,LPath
D112G,0.2953,LBen
D112H,0.6512,LPath
D112I,0.7621,LPath
D112K,0.8172,LPath
D112L,0.7425,LPath
D112M,0.8498,LPath
D112N,0.2629,LBen
D112P,0.7619,LPath
D112Q,0.54,Amb
D112R,0.7581,LPath
D112S,0.2803,LBen
D112T,0.5471,Amb
D112V,0.5949,LPath
D112W,0.932,LPath
D112Y,0.5168,Amb
R113A,0.6004,LPath
R113C,0.4555,Amb
R113D,0.6851,LPath
R113E,0.6503,LPath
R113F,0.6508,LPath
R113G,0.2584,LBen
R113H,0.2097,LBen
R113I,0.6339,LPath
R113K,0.1616,LBen
R113L,0.562,Amb
R113M,0.6853,LPath
R113N,0.6303,LPath
R113P,0.5259,Amb
R113Q,0.2232,LBen
R113S,0.5653,LPath
R113T,0.5382,Amb
R113V,0.6511,LPath
R113W,0.3951,Amb
R113Y,0.4792,Amb
S114A,0.0882,LBen
S114C,0.1127,LBen
S114D,0.5374,Amb
S114E,0.6534,LPath
S114F,0.2534,LBen
S114G,0.0481,LBen
S114H,0.3579,Amb
S114I,0.2181,LBen
S114K,0.7951,LPath
S114L,0.1718,LBen
S114M,0.1888,LBen
S114N,0.1138,LBen
S114P,0.1752,LBen
S114Q,0.4584,Amb
S114R,0.7471,LPath
S114T,0.0756,LBen
S114V,0.1674,LBen
S114W,0.3546,Amb
S114Y,0.2452,LBen
G115A,0.1364,LBen
G115C,0.1709,LBen
G115D,0.6008,LPath
G115E,0.6706,LPath
G115F,0.5109,Amb
G115H,0.534,Amb
G115I,0.3212,LBen
G115K,0.8927,LPath
G115L,0.4216,Amb
G115M,0.4716,Amb
G115N,0.2469,LBen
G115P,0.5693,LPath
G115Q,0.5712,LPath
G115R,0.7622,LPath
G115S,0.0789,LBen
G115T,0.1478,LBen
G115V,0.1935,LBen
G115W,0.532,Amb
G115Y,0.4277,Amb
F116A,0.4757,Amb
F116C,0.3208,LBen
F116D,0.7864,LPath
F116E,0.8443,LPath
F116G,0.491,Amb
F116H,0.6541,LPath
F116I,0.3112,LBen
F116K,0.8967,LPath
F116L,0.8201,LPath
F116M,0.4836,Amb
F116N,0.5471,Amb
F116P,0.7865,LPath
F116Q,0.7373,LPath
F116R,0.7942,LPath
F116S,0.3797,Amb
F116T,0.5219,Amb
F116V,0.3057,LBen
F116W,0.3532,Amb
F116Y,0.1612,LBen
G117A,0.1469,LBen
G117C,0.1639,LBen
G117D,0.6569,LPath
G117E,0.6657,LPath
G117F,0.5389,Amb
G117H,0.4897,Amb
G117I,0.3812,Amb
G117K,0.8603,LPath
G117L,0.4079,Amb
G117M,0.4896,Amb
G117N,0.2706,LBen
G117P,0.527,Amb
G117Q,0.4704,Amb
G117R,0.705,LPath
G117S,0.0845,LBen
G117T,0.1537,LBen
G117V,0.2307,LBen
G117W,0.4972,Amb
G117Y,0.4564,Amb
K118A,0.4628,Amb
K118C,0.6285,LPath
K118D,0.6037,LPath
K118E,0.5376,Amb
K118F,0.8257,LPath
K118G,0.2804,LBen
K118H,0.2768,LBen
K118I,0.6329,LPath
K118L,0.5753,LPath
K118M,0.5795,LPath
K118N,0.4471,Amb
K118P,0.4549,Amb
K118Q,0.1882,LBen
K118R,0.0613,LBen
K118S,0.4232,Amb
K118T,0.353,Amb
K118V,0.5766,LPath
K118W,0.7134,LPath
K118Y,0.6297,LPath
F119A,0.2776,LBen
F119C,0.1859,LBen
F119D,0.6091,LPath
F119E,0.6819,LPath
F119G,0.3154,LBen
F119H,0.4284,Amb
F119I,0.1805,LBen
F119K,0.7785,LPath
F119L,0.5504,Amb
F119M,0.2612,LBen
F119N,0.3004,LBen
F119P,0.5875,LPath
F119Q,0.4917,Amb
F119R,0.636,LPath
F119S,0.2365,LBen
F119T,0.2885,LBen
F119V,0.1545,LBen
F119W,0.2188,LBen
F119Y,0.08,LBen
E120A,0.426,Amb
E120C,0.8552,LPath
E120D,0.0649,LBen
E120F,0.8781,LPath
E120G,0.2605,LBen
E120H,0.671,LPath
E120I,0.7709,LPath
E120K,0.6947,LPath
E120L,0.7373,LPath
E120M,0.8417,LPath
E120N,0.3777,Amb
E120P,0.5764,LPath
E120Q,0.3302,LBen
E120R,0.6437,LPath
E120S,0.2802,LBen
E120T,0.4932,Amb
E120V,0.5861,LPath
E120W,0.94,LPath
E120Y,0.7585,LPath
R121A,0.4909,Amb
R121C,0.4255,Amb
R121D,0.6453,LPath
R121E,0.546,Amb
R121F,0.6413,LPath
R121G,0.2143,LBen
R121H,0.1985,LBen
R121I,0.595,LPath
R121K,0.1305,LBen
R121L,0.4824,Amb
R121M,0.5856,LPath
R121N,0.5824,LPath
R121P,0.4076,Amb
R121Q,0.1918,LBen
R121S,0.5242,Amb
R121T,0.4436,Amb
R121V,0.5815,LPath
R121W,0.3537,Amb
R121Y,0.4706,Amb
G122A,0.1009,LBen
G122C,0.1423,LBen
G122D,0.564,Amb
G122E,0.5791,LPath
G122F,0.4269,Amb
G122H,0.4616,Amb
G122I,0.2632,LBen
G122K,0.8123,LPath
G122L,0.3316,LBen
G122M,0.3402,Amb
G122N,0.2131,LBen
G122P,0.3916,Amb
G122Q,0.4616,Amb
G122R,0.7027,LPath
G122S,0.0789,LBen
G122T,0.1025,LBen
G122V,0.1569,LBen
G122W,0.4307,Amb
G122Y,0.3381,LBen
G123A,0.159,LBen
G123C,0.1904,LBen
G123D,0.6432,LPath
G123E,0.676,LPath
G123F,0.534,Amb
G123H,0.5688,LPath
G123I,0.3598,Amb
G123K,0.8832,LPath
G123L,0.4698,Amb
G123M,0.4781,Amb
G123N,0.2663,LBen
G123P,0.5918,LPath
G123Q,0.5463,Amb
G123R,0.776,LPath
G123S,0.0957,LBen
G123T,0.1719,LBen
G123V,0.2325,LBen
G123W,0.515,Amb
G123Y,0.4614,Amb
N124A,0.1603,LBen
N124C,0.1685,LBen
N124D,0.3105,LBen
N124E,0.5712,LPath
N124F,0.2987,LBen
N124G,0.1279,LBen
N124H,0.1225,LBen
N124I,0.2096,LBen
N124K,0.6208,LPath
N124L,0.216,LBen
N124M,0.2874,LBen
N124P,0.2267,LBen
N124Q,0.3039,LBen
N124R,0.5831,LPath
N124S,0.0676,LBen
N124T,0.1098,LBen
N124V,0.1912,LBen
N124W,0.605,LPath
N124Y,0.1338,LBen
S125A,0.1247,LBen
S125C,0.1535,LBen
S125D,0.6904,LPath
S125E,0.8238,LPath
S125F,0.3924,Amb
S125G,0.0856,LBen
S125H,0.4848,Amb
S125I,0.3567,Amb
S125K,0.9129,LPath
S125L,0.2286,LBen
S125M,0.3064,LBen
S125N,0.1513,LBen
S125P,0.2753,LBen
S125Q,0.6266,LPath
S125R,0.8776,LPath
S125T,0.1056,LBen
S125V,0.2819,LBen
S125W,0.5701,LPath
S125Y,0.3733,Amb
R126A,0.8542,LPath
R126C,0.6972,LPath
R126D,0.9142,LPath
R126E,0.8768,LPath
R126F,0.8737,LPath
R126G,0.6529,LPath
R126H,0.4074,Amb
R126I,0.8421,LPath
R126K,0.3744,Amb
R126L,0.7566,LPath
R126M,0.9009,LPath
R126N,0.8919,LPath
R126P,0.7438,LPath
R126Q,0.4441,Amb
R126S,0.8486,LPath
R126T,0.8398,LPath
R126V,0.8419,LPath
R126W,0.6485,LPath
R126Y,0.7344,LPath
W127A,0.8351,LPath
W127C,0.9348,LPath
W127D,0.9414,LPath
W127E,0.9687,LPath
W127F,0.32,LBen
W127G,0.516,Amb
W127H,0.8944,LPath
W127I,0.8149,LPath
W127K,0.9821,LPath
W127L,0.7594,LPath
W127M,0.878,LPath
W127N,0.8961,LPath
W127P,0.8829,LPath
W127Q,0.9641,LPath
W127R,0.9594,LPath
W127S,0.7299,LPath
W127T,0.8366,LPath
W127V,0.7955,LPath
W127Y,0.5185,Amb
C128A,0.1293,LBen
C128D,0.387,Amb
C128E,0.5272,Amb
C128F,0.1247,LBen
C128G,0.0707,LBen
C128H,0.2834,LBen
C128I,0.2069,LBen
C128K,0.6202,LPath
C128L,0.2124,LBen
C128M,0.2505,LBen
C128N,0.1529,LBen
C128P,0.5302,Amb
C128Q,0.3106,LBen
C128R,0.3984,Amb
C128S,0.0903,LBen
C128T,0.1375,LBen
C128V,0.1464,LBen
C128W,0.2458,LBen
C128Y,0.1621,LBen
D129A,0.3485,Amb
D129C,0.6438,LPath
D129E,0.0889,LBen
D129F,0.7107,LPath
D129G,0.2734,LBen
D129H,0.4977,Amb
D129I,0.595,LPath
D129K,0.6503,LPath
D129L,0.5565,Amb
D129M,0.7308,LPath
D129N,0.2215,LBen
D129P,0.6673,LPath
D129Q,0.3922,Amb
D129R,0.6115,LPath
D129S,0.2295,LBen
D129T,0.3921,Amb
D129V,0.4163,Amb
D129W,0.8783,LPath
D129Y,0.4627,Amb
K130A,0.273,LBen
K130C,0.4952,Amb
K130D,0.3373,LBen
K130E,0.2194,LBen
K130F,0.6731,LPath
K130G,0.2606,LBen
K130H,0.2006,LBen
K130I,0.3827,Amb
K130L,0.3764,Amb
K130M,0.3618,Amb
K130N,0.3409,Amb
K130P,0.3891,Amb
K130Q,0.1243,LBen
K130R,0.0651,LBen
K130S,0.2831,LBen
K130T,0.1907,LBen
K130V,0.3332,LBen
K130W,0.5986,LPath
K130Y,0.4952,Amb
S131A,0.0647,LBen
S131C,0.0863,LBen
S131D,0.2463,LBen
S131E,0.3127,LBen
S131F,0.1806,LBen
S131G,0.0674,LBen
S131H,0.2157,LBen
S131I,0.1218,LBen
S131K,0.4178,Amb
S131L,0.0988,LBen
S131M,0.1282,LBen
S131N,0.081,LBen
S131P,0.1033,LBen
S131Q,0.2501,LBen
S131R,0.3962,Amb
S131T,0.0612,LBen
S131V,0.1009,LBen
S131W,0.2936,LBen
S131Y,0.18,LBen
D132A,0.1392,LBen
D132C,0.3939,Amb
D132E,0.0772,LBen
D132F,0.44,Amb
D132G,0.1303,LBen
D132H,0.2518,LBen
D132I,0.2651,LBen
D132K,0.3241,LBen
D132L,0.2603,LBen
D132M,0.4051,Amb
D132N,0.113,LBen
D132P,0.3674,Amb
D132Q,0.2083,LBen
D132R,0.3102,LBen
D132S,0.1039,LBen
D132T,0.1611,LBen
D132V,0.1716,LBen
D132W,0.6937,LPath
D132Y,0.25,LBen
E133A,0.1616,LBen
E133C,0.6146,LPath
E133D,0.0621,LBen
E133F,0.6367,LPath
E133G,0.146,LBen
E133H,0.378,Amb
E133I,0.3389,LBen
E133K,0.242,LBen
E133L,0.3752,Amb
E133M,0.4396,Amb
E133N,0.1916,LBen
E133P,0.4551,Amb
E133Q,0.1709,LBen
E133R,0.3041,LBen
E133S,0.1539,LBen
E133T,0.1802,LBen
E133V,0.2181,LBen
E133W,0.7858,LPath
E133Y,0.489,Amb
D134A,0.1453,LBen
D134C,0.4206,Amb
D134E,0.078,LBen
D134F,0.444,Amb
D134G,0.1386,LBen
D134H,0.3171,LBen
D134I,0.2486,LBen
D134K,0.3943,Amb
D134L,0.2757,LBen
D134M,0.3776,Amb
D134N,0.1289,LBen
D134P,0.5019,Amb
D134Q,0.2472,LBen
D134R,0.4133,Amb
D134S,0.1356,LBen
D134T,0.1657,LBen
D134V,0.1527,LBen
D134W,0.7228,LPath
D134Y,0.234,LBen
D135A,0.5139,Amb
D135C,0.7636,LPath
D135E,0.4765,Amb
D135F,0.8728,LPath
D135G,0.5328,Amb
D135H,0.7361,LPath
D135I,0.695,LPath
D135K,0.8707,LPath
D135L,0.7149,LPath
D135M,0.8516,LPath
D135N,0.1963,LBen
D135P,0.818,LPath
D135Q,0.7621,LPath
D135R,0.8507,LPath
D135S,0.3059,LBen
D135T,0.5463,Amb
D135V,0.5239,Amb
D135W,0.9726,LPath
D135Y,0.6129,LPath
W136A,0.9944,LPath
W136C,0.997,LPath
W136D,0.9984,LPath
W136E,0.9991,LPath
W136F,0.6041,LPath
W136G,0.9761,LPath
W136H,0.9957,LPath
W136I,0.9888,LPath
W136K,0.9995,LPath
W136L,0.977,LPath
W136M,0.9933,LPath
W136N,0.9979,LPath
W136P,0.9933,LPath
W136Q,0.9995,LPath
W136R,0.9989,LPath
W136S,0.9906,LPath
W136T,0.9953,LPath
W136V,0.9878,LPath
W136Y,0.7959,LPath
S137A,0.133,LBen
S137C,0.1817,LBen
S137D,0.7372,LPath
S137E,0.6934,LPath
S137F,0.7112,LPath
S137G,0.1434,LBen
S137H,0.6407,LPath
S137I,0.6975,LPath
S137K,0.8546,LPath
S137L,0.2481,LBen
S137M,0.376,Amb
S137N,0.4158,Amb
S137P,0.9338,LPath
S137Q,0.6368,LPath
S137R,0.8045,LPath
S137T,0.1088,LBen
S137V,0.5263,Amb
S137W,0.7717,LPath
S137Y,0.5991,LPath
K138A,0.5251,Amb
K138C,0.6336,LPath
K138D,0.8286,LPath
K138E,0.344,Amb
K138F,0.8656,LPath
K138G,0.7394,LPath
K138H,0.3655,Amb
K138I,0.3962,Amb
K138L,0.4207,Amb
K138M,0.3951,Amb
K138N,0.7438,LPath
K138P,0.9468,LPath
K138Q,0.1626,LBen
K138R,0.0895,LBen
K138S,0.642,LPath
K138T,0.3073,LBen
K138V,0.2967,LBen
K138W,0.855,LPath
K138Y,0.7637,LPath
P139A,0.1407,LBen
P139C,0.5997,LPath
P139D,0.9652,LPath
P139E,0.7412,LPath
P139F,0.833,LPath
P139G,0.7308,LPath
P139H,0.6966,LPath
P139I,0.4091,Amb
P139K,0.7379,LPath
P139L,0.1496,LBen
P139M,0.3821,Amb
P139N,0.8643,LPath
P139Q,0.3455,Amb
P139R,0.5898,LPath
P139S,0.5081,Amb
P139T,0.3789,Amb
P139V,0.2667,LBen
P139W,0.9346,LPath
P139Y,0.8345,LPath
L140A,0.2249,LBen
L140C,0.5244,Amb
L140D,0.9095,LPath
L140E,0.5699,LPath
L140F,0.2927,LBen
L140G,0.3723,Amb
L140H,0.501,Amb
L140I,0.2894,LBen
L140K,0.5181,Amb
L140M,0.1091,LBen
L140N,0.5628,Amb
L140P,0.8521,LPath
L140Q,0.2015,LBen
L140R,0.4628,Amb
L140S,0.2588,LBen
L140T,0.1575,LBen
L140V,0.1766,LBen
L140W,0.6452,LPath
L140Y,0.5756,LPath
P141A,0.0651,LBen
P141C,0.3228,LBen
P141D,0.5292,Amb
P141E,0.3052,LBen
P141F,0.4273,Amb
P141G,0.2137,LBen
P141H,0.2293,LBen
P141I,0.2576,LBen
P141K,0.3785,Amb
P141L,0.108,LBen
P141M,0.2111,LBen
P141N,0.2907,LBen
P141Q,0.1348,LBen
P141R,0.2956,LBen
P141S,0.1008,LBen
P141T,0.1121,LBen
P141V,0.1601,LBen
P141W,0.669,LPath
P141Y,0.428,Amb
P142A,0.0522,LBen
P142C,0.2423,LBen
P142D,0.5976,LPath
P142E,0.2622,LBen
P142F,0.4363,Amb
P142G,0.2439,LBen
P142H,0.1381,LBen
P142I,0.244,LBen
P142K,0.1579,LBen
P142L,0.1256,LBen
P142M,0.2857,LBen
P142N,0.3868,Amb
P142Q,0.0893,LBen
P142R,0.0733,LBen
P142S,0.1197,LBen
P142T,0.1234,LBen
P142V,0.1287,LBen
P142W,0.6008,LPath
P142Y,0.3798,Amb
S143A,0.1699,LBen
S143C,0.1078,LBen
S143D,0.3555,Amb
S143E,0.8024,LPath
S143F,0.6301,LPath
S143G,0.1542,LBen
S143H,0.5395,Amb
S143I,0.3357,LBen
S143K,0.922,LPath
S143L,0.2245,LBen
S143M,0.3053,LBen
S143N,0.0861,LBen
S143P,0.8032,LPath
S143Q,0.7123,LPath
S143R,0.9158,LPath
S143T,0.1223,LBen
S143V,0.2496,LBen
S143W,0.7548,LPath
S143Y,0.5109,Amb
E144A,0.1968,LBen
E144C,0.7858,LPath
E144D,0.087,LBen
E144F,0.759,LPath
E144G,0.2306,LBen
E144H,0.4776,Amb
E144I,0.418,Amb
E144K,0.2763,LBen
E144L,0.3806,Amb
E144M,0.5385,Amb
E144N,0.3127,LBen
E144P,0.2859,LBen
E144Q,0.1784,LBen
E144R,0.3724,Amb
E144S,0.2133,LBen
E144T,0.3045,LBen
E144V,0.2632,LBen
E144W,0.8866,LPath
E144Y,0.6415,LPath
R145A,0.7293,LPath
R145C,0.5332,Amb
R145D,0.8464,LPath
R145E,0.6626,LPath
R145F,0.8069,LPath
R145G,0.6311,LPath
R145H,0.2704,LBen
R145I,0.6336,LPath
R145K,0.1876,LBen
R145L,0.5783,LPath
R145M,0.6914,LPath
R145N,0.8288,LPath
R145P,0.8649,LPath
R145Q,0.2609,LBen
R145S,0.8259,LPath
R145T,0.7175,LPath
R145V,0.6554,LPath
R145W,0.5453,Amb
R145Y,0.6318,LPath
L146A,0.2147,LBen
L146C,0.5623,Amb
L146D,0.8058,LPath
L146E,0.4629,Amb
L146F,0.2455,LBen
L146G,0.5855,LPath
L146H,0.4139,Amb
L146I,0.0904,LBen
L146K,0.4716,Amb
L146M,0.0907,LBen
L146N,0.4598,Amb
L146P,0.8736,LPath
L146Q,0.1709,LBen
L146R,0.4271,Amb
L146S,0.3307,LBen
L146T,0.1421,LBen
L146V,0.0761,LBen
L146W,0.4544,Amb
L146Y,0.5301,Amb
E147A,0.6433,LPath
E147C,0.9544,LPath
E147D,0.9662,LPath
E147F,0.9927,LPath
E147G,0.8181,LPath
E147H,0.9538,LPath
E147I,0.9488,LPath
E147K,0.8708,LPath
E147L,0.9451,LPath
E147M,0.9505,LPath
E147N,0.9708,LPath
E147P,0.993,LPath
E147Q,0.3319,LBen
E147R,0.8157,LPath
E147S,0.8227,LPath
E147T,0.9245,LPath
E147V,0.8584,LPath
E147W,0.9979,LPath
E147Y,0.9864,LPath
Q148A,0.1264,LBen
Q148C,0.3123,LBen
Q148D,0.2586,LBen
Q148E,0.0877,LBen
Q148F,0.4175,Amb
Q148G,0.153,LBen
Q148H,0.1038,LBen
Q148I,0.2869,LBen
Q148K,0.0939,LBen
Q148L,0.103,LBen
Q148M,0.2186,LBen
Q148N,0.1418,LBen
Q148P,0.5999,LPath
Q148R,0.084,LBen
Q148S,0.1455,LBen
Q148T,0.139,LBen
Q148V,0.1893,LBen
Q148W,0.3807,Amb
Q148Y,0.242,LBen
E149A,0.5177,Amb
E149C,0.9523,LPath
E149D,0.2139,LBen
E149F,0.9266,LPath
E149G,0.6258,LPath
E149H,0.8461,LPath
E149I,0.725,LPath
E149K,0.8039,LPath
E149L,0.7446,LPath
E149M,0.7664,LPath
E149N,0.6705,LPath
E149P,0.9854,LPath
E149Q,0.3868,Amb
E149R,0.8207,LPath
E149S,0.5295,Amb
E149T,0.6001,LPath
E149V,0.5408,Amb
E149W,0.982,LPath
E149Y,0.8744,LPath
L150A,0.9761,LPath
L150C,0.9638,LPath
L150D,0.9985,LPath
L150E,0.9947,LPath
L150F,0.8444,LPath
L150G,0.9936,LPath
L150H,0.9871,LPath
L150I,0.4977,Amb
L150K,0.992,LPath
L150M,0.579,LPath
L150N,0.987,LPath
L150P,0.998,LPath
L150Q,0.9878,LPath
L150R,0.9841,LPath
L150S,0.9961,LPath
L150T,0.9827,LPath
L150V,0.6743,LPath
L150W,0.9633,LPath
L150Y,0.9211,LPath
F151A,0.9988,LPath
F151C,0.9955,LPath
F151D,0.9994,LPath
F151E,0.9996,LPath
F151G,0.997,LPath
F151H,0.9897,LPath
F151I,0.9974,LPath
F151K,0.9995,LPath
F151L,0.999,LPath
F151M,0.9964,LPath
F151N,0.9974,LPath
F151P,0.9999,LPath
F151Q,0.9989,LPath
F151R,0.9975,LPath
F151S,0.9977,LPath
F151T,0.9991,LPath
F151V,0.9959,LPath
F151W,0.9369,LPath
F151Y,0.654,LPath
S152A,0.0574,LBen
S152C,0.0773,LBen
S152D,0.4542,Amb
S152E,0.4838,Amb
S152F,0.1854,LBen
S152G,0.0781,LBen
S152H,0.2813,LBen
S152I,0.1752,LBen
S152K,0.6333,LPath
S152L,0.0783,LBen
S152M,0.1513,LBen
S152N,0.166,LBen
S152P,0.3922,Amb
S152Q,0.3597,Amb
S152R,0.5627,Amb
S152T,0.076,LBen
S152V,0.1328,LBen
S152W,0.3685,Amb
S152Y,0.2122,LBen
G153A,0.0767,LBen
G153C,0.1037,LBen
G153D,0.2956,LBen
G153E,0.2628,LBen
G153F,0.38,Amb
G153H,0.2663,LBen
G153I,0.1932,LBen
G153K,0.4124,Amb
G153L,0.2234,LBen
G153M,0.2503,LBen
G153N,0.1797,LBen
G153P,0.435,Amb
G153Q,0.2475,LBen
G153R,0.3183,LBen
G153S,0.0762,LBen
G153T,0.0808,LBen
G153V,0.1157,LBen
G153W,0.3851,Amb
G153Y,0.3153,LBen
G154A,0.093,LBen
G154C,0.0824,LBen
G154D,0.4493,Amb
G154E,0.4334,Amb
G154F,0.4897,Amb
G154H,0.3895,Amb
G154I,0.2233,LBen
G154K,0.6919,LPath
G154L,0.3152,LBen
G154M,0.294,LBen
G154N,0.1942,LBen
G154P,0.5868,LPath
G154Q,0.3747,Amb
G154R,0.5616,Amb
G154S,0.0666,LBen
G154T,0.0897,LBen
G154V,0.1455,LBen
G154W,0.5015,Amb
G154Y,0.4023,Amb
N155A,0.3975,Amb
N155C,0.2819,LBen
N155D,0.4807,Amb
N155E,0.7757,LPath
N155F,0.7196,LPath
N155G,0.3777,Amb
N155H,0.1902,LBen
N155I,0.5003,Amb
N155K,0.8378,LPath
N155L,0.4202,Amb
N155M,0.5415,Amb
N155P,0.6662,LPath
N155Q,0.6003,LPath
N155R,0.8042,LPath
N155S,0.1085,LBen
N155T,0.231,LBen
N155V,0.4187,Amb
N155W,0.9107,LPath
N155Y,0.4346,Amb
T156A,0.3706,Amb
T156C,0.797,LPath
T156D,0.9364,LPath
T156E,0.9221,LPath
T156F,0.9217,LPath
T156G,0.5721,LPath
T156H,0.7852,LPath
T156I,0.9087,LPath
T156K,0.8148,LPath
T156L,0.6446,LPath
T156M,0.4768,Amb
T156N,0.6836,LPath
T156P,0.8007,LPath
T156Q,0.7155,LPath
T156R,0.7509,LPath
T156S,0.2578,LBen
T156V,0.7015,LPath
T156W,0.9696,LPath
T156Y,0.9329,LPath
G157A,0.9704,LPath
G157C,0.9937,LPath
G157D,0.9983,LPath
G157E,0.9993,LPath
G157F,0.9986,LPath
G157H,0.9994,LPath
G157I,0.998,LPath
G157K,0.9995,LPath
G157L,0.998,LPath
G157M,0.9987,LPath
G157N,0.9973,LPath
G157P,0.9989,LPath
G157Q,0.9988,LPath
G157R,0.9984,LPath
G157S,0.9735,LPath
G157T,0.9913,LPath
G157V,0.9949,LPath
G157W,0.9988,LPath
G157Y,0.9991,LPath
I158A,0.9975,LPath
I158C,0.9996,LPath
I158D,0.9996,LPath
I158E,0.999,LPath
I158F,0.9837,LPath
I158G,0.9992,LPath
I158H,0.9997,LPath
I158K,0.9991,LPath
I158L,0.831,LPath
I158M,0.9335,LPath
I158N,0.9979,LPath
I158P,0.9983,LPath
I158Q,0.9992,LPath
I158R,0.9978,LPath
I158S,0.9982,LPath
I158T,0.9986,LPath
I158V,0.8928,LPath
I158W,0.9982,LPath
I158Y,0.997,LPath
N159A,0.9642,LPath
N159C,0.8966,LPath
N159D,0.9541,LPath
N159E,0.997,LPath
N159F,0.99,LPath
N159G,0.9914,LPath
N159H,0.8071,LPath
N159I,0.9683,LPath
N159K,0.9961,LPath
N159L,0.9441,LPath
N159M,0.9794,LPath
N159P,0.9863,LPath
N159Q,0.9835,LPath
N159R,0.9831,LPath
N159S,0.6283,LPath
N159T,0.9529,LPath
N159V,0.9546,LPath
N159W,0.9971,LPath
N159Y,0.9324,LPath
F160A,0.9995,LPath
F160C,0.9996,LPath
F160D,0.9995,LPath
F160E,0.9995,LPath
F160G,0.9993,LPath
F160H,0.9987,LPath
F160I,0.9983,LPath
F160K,0.9996,LPath
F160L,0.9998,LPath
F160M,0.9977,LPath
F160N,0.9996,LPath
F160P,1.0,LPath
F160Q,0.9993,LPath
F160R,0.9986,LPath
F160S,0.9996,LPath
F160T,0.9994,LPath
F160V,0.9985,LPath
F160W,0.9758,LPath
F160Y,0.9736,LPath
E161A,0.6669,LPath
E161C,0.9809,LPath
E161D,0.2469,LBen
E161F,0.9953,LPath
E161G,0.6986,LPath
E161H,0.9367,LPath
E161I,0.9801,LPath
E161K,0.9237,LPath
E161L,0.9561,LPath
E161M,0.9718,LPath
E161N,0.7733,LPath
E161P,0.9908,LPath
E161Q,0.6357,LPath
E161R,0.9339,LPath
E161S,0.6014,LPath
E161T,0.8871,LPath
E161V,0.9313,LPath
E161W,0.9974,LPath
E161Y,0.9873,LPath
K162A,0.9038,LPath
K162C,0.9464,LPath
K162D,0.9649,LPath
K162E,0.9382,LPath
K162F,0.9929,LPath
K162G,0.9389,LPath
K162H,0.6939,LPath
K162I,0.9668,LPath
K162L,0.8858,LPath
K162M,0.8487,LPath
K162N,0.7984,LPath
K162P,0.9974,LPath
K162Q,0.6221,LPath
K162R,0.1804,LBen
K162S,0.9391,LPath
K162T,0.8992,LPath
K162V,0.9401,LPath
K162W,0.9879,LPath
K162Y,0.9421,LPath
Y163A,0.9987,LPath
Y163C,0.9985,LPath
Y163D,0.9988,LPath
Y163E,0.9998,LPath
Y163F,0.8362,LPath
Y163G,0.9925,LPath
Y163H,0.9997,LPath
Y163I,0.9962,LPath
Y163K,0.9998,LPath
Y163L,0.9717,LPath
Y163M,0.9958,LPath
Y163N,0.9967,LPath
Y163P,0.9991,LPath
Y163Q,0.9999,LPath
Y163R,0.9994,LPath
Y163S,0.9975,LPath
Y163T,0.9989,LPath
Y163V,0.9901,LPath
Y163W,0.9765,LPath
D164A,0.9096,LPath
D164C,0.9935,LPath
D164E,0.636,LPath
D164F,0.9952,LPath
D164G,0.9189,LPath
D164H,0.978,LPath
D164I,0.9921,LPath
D164K,0.9881,LPath
D164L,0.9789,LPath
D164M,0.9947,LPath
D164N,0.7446,LPath
D164P,0.9985,LPath
D164Q,0.9636,LPath
D164R,0.9836,LPath
D164S,0.8357,LPath
D164T,0.967,LPath
D164V,0.9754,LPath
D164W,0.9986,LPath
D164Y,0.977,LPath
D165A,0.8359,LPath
D165C,0.9837,LPath
D165E,0.8314,LPath
D165F,0.9861,LPath
D165G,0.8757,LPath
D165H,0.935,LPath
D165I,0.9855,LPath
D165K,0.9752,LPath
D165L,0.9645,LPath
D165M,0.9879,LPath
D165N,0.5945,LPath
D165P,0.9987,LPath
D165Q,0.9572,LPath
D165R,0.9764,LPath
D165S,0.7012,LPath
D165T,0.8951,LPath
D165V,0.9536,LPath
D165W,0.9981,LPath
D165Y,0.941,LPath
I166A,0.9993,LPath
I166C,0.9998,LPath
I166D,0.9999,LPath
I166E,0.9997,LPath
I166F,0.9955,LPath
I166G,0.9999,LPath
I166H,0.9998,LPath
I166K,0.9998,LPath
I166L,0.9821,LPath
I166M,0.99,LPath
I166N,0.9989,LPath
I166P,0.9992,LPath
I166Q,0.9998,LPath
I166R,0.9996,LPath
I166S,0.9989,LPath
I166T,0.9988,LPath
I166V,0.9113,LPath
I166W,0.9998,LPath
I166Y,0.999,LPath
P167A,0.9032,LPath
P167C,0.9966,LPath
P167D,0.9949,LPath
P167E,0.9883,LPath
P167F,0.9983,LPath
P167G,0.9922,LPath
P167H,0.985,LPath
P167I,0.9938,LPath
P167K,0.9907,LPath
P167L,0.9485,LPath
P167M,0.9917,LPath
P167N,0.995,LPath
P167Q,0.9822,LPath
P167R,0.9786,LPath
P167S,0.9835,LPath
P167T,0.9793,LPath
P167V,0.9837,LPath
P167W,0.9991,LPath
P167Y,0.9979,LPath
V168A,0.9697,LPath
V168C,0.9677,LPath
V168D,0.9996,LPath
V168E,0.9984,LPath
V168F,0.9869,LPath
V168G,0.986,LPath
V168H,0.9995,LPath
V168I,0.344,Amb
V168K,0.9986,LPath
V168L,0.9867,LPath
V168M,0.9736,LPath
V168N,0.9979,LPath
V168P,0.9992,LPath
V168Q,0.9976,LPath
V168R,0.9967,LPath
V168S,0.9788,LPath
V168T,0.8388,LPath
V168W,0.9996,LPath
V168Y,0.9987,LPath
E169A,0.9029,LPath
E169C,0.9939,LPath
E169D,0.464,Amb
E169F,0.9955,LPath
E169G,0.9675,LPath
E169H,0.9791,LPath
E169I,0.973,LPath
E169K,0.9669,LPath
E169L,0.9793,LPath
E169M,0.975,LPath
E169N,0.9329,LPath
E169P,0.9996,LPath
E169Q,0.8325,LPath
E169R,0.9714,LPath
E169S,0.8863,LPath
E169T,0.9103,LPath
E169V,0.9171,LPath
E169W,0.9985,LPath
E169Y,0.9911,LPath
A170C,0.7893,LPath
A170D,0.996,LPath
A170E,0.9845,LPath
A170F,0.9492,LPath
A170G,0.731,LPath
A170H,0.9859,LPath
A170I,0.8673,LPath
A170K,0.9877,LPath
A170L,0.7867,LPath
A170M,0.7565,LPath
A170N,0.9696,LPath
A170P,0.9933,LPath
A170Q,0.9283,LPath
A170R,0.9765,LPath
A170S,0.4669,Amb
A170T,0.576,LPath
A170V,0.596,LPath
A170W,0.9958,LPath
A170Y,0.9728,LPath
T171A,0.8613,LPath
T171C,0.9884,LPath
T171D,0.9858,LPath
T171E,0.9919,LPath
T171F,0.995,LPath
T171G,0.8771,LPath
T171H,0.9736,LPath
T171I,0.9944,LPath
T171K,0.9814,LPath
T171L,0.9716,LPath
T171M,0.9292,LPath
T171N,0.929,LPath
T171P,0.9897,LPath
T171Q,0.9723,LPath
T171R,0.9839,LPath
T171S,0.3766,Amb
T171V,0.9608,LPath
T171W,0.9982,LPath
T171Y,0.9939,LPath
G172A,0.9784,LPath
G172C,0.9973,LPath
G172D,0.999,LPath
G172E,0.9996,LPath
G172F,0.9997,LPath
G172H,0.9998,LPath
G172I,0.9997,LPath
G172K,0.9996,LPath
G172L,0.9994,LPath
G172M,0.9997,LPath
G172N,0.9987,LPath
G172P,0.999,LPath
G172Q,0.9994,LPath
G172R,0.999,LPath
G172S,0.9775,LPath
G172T,0.9974,LPath
G172V,0.999,LPath
G172W,0.9996,LPath
G172Y,0.9997,LPath
N173A,0.075,LBen
N173C,0.106,LBen
N173D,0.1574,LBen
N173E,0.2243,LBen
N173F,0.2442,LBen
N173G,0.102,LBen
N173H,0.0791,LBen
N173I,0.1177,LBen
N173K,0.2411,LBen
N173L,0.1183,LBen
N173M,0.1441,LBen
N173P,0.2561,LBen
N173Q,0.1189,LBen
N173R,0.2558,LBen
N173S,0.0545,LBen
N173T,0.0609,LBen
N173V,0.0964,LBen
N173W,0.5228,Amb
N173Y,0.1405,LBen
N174A,0.15,LBen
N174C,0.1817,LBen
N174D,0.1131,LBen
N174E,0.3076,LBen
N174F,0.4347,Amb
N174G,0.1529,LBen
N174H,0.1005,LBen
N174I,0.3136,LBen
N174K,0.3034,LBen
N174L,0.2299,LBen
N174M,0.3136,LBen
N174P,0.7429,LPath
N174Q,0.2089,LBen
N174R,0.3091,LBen
N174S,0.0748,LBen
N174T,0.1352,LBen
N174V,0.2419,LBen
N174W,0.7731,LPath
N174Y,0.2281,LBen
C175A,0.3571,Amb
C175D,0.9747,LPath
C175E,0.976,LPath
C175F,0.7359,LPath
C175G,0.4621,Amb
C175H,0.9013,LPath
C175I,0.4843,Amb
C175K,0.9716,LPath
C175L,0.7346,LPath
C175M,0.7993,LPath
C175N,0.8189,LPath
C175P,0.5654,LPath
C175Q,0.9023,LPath
C175R,0.9053,LPath
C175S,0.3015,LBen
C175T,0.4927,Amb
C175V,0.3283,LBen
C175W,0.94,LPath
C175Y,0.8378,LPath
P176A,0.5132,Amb
P176C,0.8776,LPath
P176D,0.9902,LPath
P176E,0.971,LPath
P176F,0.9719,LPath
P176G,0.9056,LPath
P176H,0.914,LPath
P176I,0.805,LPath
P176K,0.9527,LPath
P176L,0.709,LPath
P176M,0.9123,LPath
P176N,0.9734,LPath
P176Q,0.8996,LPath
P176R,0.9104,LPath
P176S,0.7904,LPath
P176T,0.7651,LPath
P176V,0.6553,LPath
P176W,0.9921,LPath
P176Y,0.9801,LPath
P177A,0.0542,LBen
P177C,0.2045,LBen
P177D,0.2398,LBen
P177E,0.1624,LBen
P177F,0.3331,LBen
P177G,0.1157,LBen
P177H,0.1087,LBen
P177I,0.1952,LBen
P177K,0.1748,LBen
P177L,0.0948,LBen
P177M,0.1678,LBen
P177N,0.1185,LBen
P177Q,0.0789,LBen
P177R,0.1497,LBen
P177S,0.0657,LBen
P177T,0.078,LBen
P177V,0.1261,LBen
P177W,0.5662,LPath
P177Y,0.3064,LBen
H178A,0.2413,LBen
H178C,0.1245,LBen
H178D,0.5142,Amb
H178E,0.5911,LPath
H178F,0.3069,LBen
H178G,0.2995,LBen
H178I,0.5542,Amb
H178K,0.5198,Amb
H178L,0.294,LBen
H178M,0.5448,Amb
H178N,0.1272,LBen
H178P,0.1155,LBen
H178Q,0.3008,LBen
H178R,0.2873,LBen
H178S,0.2116,LBen
H178T,0.4026,Amb
H178V,0.42,Amb
H178W,0.5744,LPath
H178Y,0.1657,LBen
I179A,0.7817,LPath
I179C,0.8876,LPath
I179D,0.9985,LPath
I179E,0.9955,LPath
I179F,0.881,LPath
I179G,0.9818,LPath
I179H,0.9964,LPath
I179K,0.9952,LPath
I179L,0.3771,Amb
I179M,0.3851,Amb
I179N,0.9856,LPath
I179P,0.9883,LPath
I179Q,0.9916,LPath
I179R,0.9897,LPath
I179S,0.9076,LPath
I179T,0.6648,LPath
I179V,0.119,LBen
I179W,0.9949,LPath
I179Y,0.9914,LPath
E180A,0.3382,LBen
E180C,0.8745,LPath
E180D,0.1006,LBen
E180F,0.9111,LPath
E180G,0.3388,LBen
E180H,0.6328,LPath
E180I,0.7276,LPath
E180K,0.5971,LPath
E180L,0.6738,LPath
E180M,0.7456,LPath
E180N,0.2701,LBen
E180P,0.8957,LPath
E180Q,0.2912,LBen
E180R,0.675,LPath
E180S,0.26,LBen
E180T,0.3447,Amb
E180V,0.5152,Amb
E180W,0.9717,LPath
E180Y,0.8308,LPath
S181A,0.1213,LBen
S181C,0.0805,LBen
S181D,0.3007,LBen
S181E,0.5312,Amb
S181F,0.3995,Amb
S181G,0.1014,LBen
S181H,0.21,LBen
S181I,0.2725,LBen
S181K,0.5142,Amb
S181L,0.1766,LBen
S181M,0.1935,LBen
S181N,0.0737,LBen
S181P,0.9553,LPath
S181Q,0.368,Amb
S181R,0.5005,Amb
S181T,0.0757,LBen
S181V,0.2261,LBen
S181W,0.6413,LPath
S181Y,0.2696,LBen
F182A,0.9994,LPath
F182C,0.9987,LPath
F182D,0.9998,LPath
F182E,0.9999,LPath
F182G,0.9996,LPath
F182H,0.9982,LPath
F182I,0.9946,LPath
F182K,0.9999,LPath
F182L,0.9993,LPath
F182M,0.9964,LPath
F182N,0.9994,LPath
F182P,0.9999,LPath
F182Q,0.9997,LPath
F182R,0.9995,LPath
F182S,0.9992,LPath
F182T,0.9995,LPath
F182V,0.9947,LPath
F182W,0.9413,LPath
F182Y,0.8837,LPath
S183A,0.0625,LBen
S183C,0.0824,LBen
S183D,0.2409,LBen
S183E,0.2793,LBen
S183F,0.2061,LBen
S183G,0.0742,LBen
S183H,0.139,LBen
S183I,0.1606,LBen
S183K,0.3079,LBen
S183L,0.0992,LBen
S183M,0.1492,LBen
S183N,0.0918,LBen
S183P,0.3786,Amb
S183Q,0.1948,LBen
S183R,0.277,LBen
S183T,0.0658,LBen
S183V,0.1362,LBen
S183W,0.3222,LBen
S183Y,0.1795,LBen
D184A,0.4144,Amb
D184C,0.8661,LPath
D184E,0.2046,LBen
D184F,0.935,LPath
D184G,0.527,Amb
D184H,0.6554,LPath
D184I,0.8744,LPath
D184K,0.8426,LPath
D184L,0.835,LPath
D184M,0.8501,LPath
D184N,0.2432,LBen
D184P,0.9879,LPath
D184Q,0.5434,Amb
D184R,0.8722,LPath
D184S,0.2523,LBen
D184T,0.5231,Amb
D184V,0.6867,LPath
D184W,0.9892,LPath
D184Y,0.7994,LPath
V185A,0.2995,LBen
V185C,0.5462,Amb
V185D,0.8739,LPath
V185E,0.7729,LPath
V185F,0.4221,Amb
V185G,0.5133,Amb
V185H,0.8671,LPath
V185I,0.069,LBen
V185K,0.842,LPath
V185L,0.1724,LBen
V185M,0.1696,LBen
V185N,0.6701,LPath
V185P,0.9291,LPath
V185Q,0.6982,LPath
V185R,0.7986,LPath
V185S,0.45,Amb
V185T,0.2587,LBen
V185W,0.9305,LPath
V185Y,0.8451,LPath
E186A,0.13,LBen
E186C,0.5463,Amb
E186D,0.0529,LBen
E186F,0.7397,LPath
E186G,0.151,LBen
E186H,0.3176,LBen
E186I,0.4305,Amb
E186K,0.2387,LBen
E186L,0.4072,Amb
E186M,0.4978,Amb
E186N,0.1282,LBen
E186P,0.2722,LBen
E186Q,0.1361,LBen
E186R,0.326,LBen
E186S,0.1188,LBen
E186T,0.1886,LBen
E186V,0.2458,LBen
E186W,0.8777,LPath
E186Y,0.5608,Amb
M187A,0.9322,LPath
M187C,0.9413,LPath
M187D,0.9967,LPath
M187E,0.9921,LPath
M187F,0.5385,Amb
M187G,0.9756,LPath
M187H,0.9908,LPath
M187I,0.7539,LPath
M187K,0.9822,LPath
M187L,0.1477,LBen
M187N,0.981,LPath
M187P,0.9876,LPath
M187Q,0.9726,LPath
M187R,0.9852,LPath
M187S,0.9734,LPath
M187T,0.8944,LPath
M187V,0.3595,Amb
M187W,0.9645,LPath
M187Y,0.9506,LPath
G188A,0.6368,LPath
G188C,0.7725,LPath
G188D,0.8542,LPath
G188E,0.9251,LPath
G188F,0.9921,LPath
G188H,0.9318,LPath
G188I,0.9937,LPath
G188K,0.9834,LPath
G188L,0.9811,LPath
G188M,0.9796,LPath
G188N,0.8002,LPath
G188P,0.9792,LPath
G188Q,0.9395,LPath
G188R,0.9739,LPath
G188S,0.3908,Amb
G188T,0.7457,LPath
G188V,0.9751,LPath
G188W,0.9798,LPath
G188Y,0.9818,LPath
E189A,0.2975,LBen
E189C,0.8856,LPath
E189D,0.0999,LBen
E189F,0.9502,LPath
E189G,0.3129,LBen
E189H,0.63,LPath
E189I,0.7528,LPath
E189K,0.3734,Amb
E189L,0.7578,LPath
E189M,0.7644,LPath
E189N,0.3151,LBen
E189P,0.4229,Amb
E189Q,0.2446,LBen
E189R,0.5168,Amb
E189S,0.2673,LBen
E189T,0.4028,Amb
E189V,0.5337,Amb
E189W,0.9723,LPath
E189Y,0.8691,LPath
I190A,0.9683,LPath
I190C,0.9768,LPath
I190D,0.9981,LPath
I190E,0.9956,LPath
I190F,0.8959,LPath
I190G,0.9937,LPath
I190H,0.9923,LPath
I190K,0.9932,LPath
I190L,0.4156,Amb
I190M,0.5172,Amb
I190N,0.9651,LPath
I190P,0.9874,LPath
I190Q,0.9942,LPath
I190R,0.9903,LPath
I190S,0.9824,LPath
I190T,0.9543,LPath
I190V,0.2755,LBen
I190W,0.9928,LPath
I190Y,0.9807,LPath
I191A,0.8607,LPath
I191C,0.895,LPath
I191D,0.9989,LPath
I191E,0.9971,LPath
I191F,0.8902,LPath
I191G,0.9869,LPath
I191H,0.996,LPath
I191K,0.9969,LPath
I191L,0.3186,LBen
I191M,0.3033,LBen
I191N,0.9768,LPath
I191P,0.993,LPath
I191Q,0.9909,LPath
I191R,0.9953,LPath
I191S,0.9294,LPath
I191T,0.736,LPath
I191V,0.0766,LBen
I191W,0.9981,LPath
I191Y,0.9939,LPath
M192A,0.374,Amb
M192C,0.5978,LPath
M192D,0.9003,LPath
M192E,0.5931,LPath
M192F,0.5217,Amb
M192G,0.632,LPath
M192H,0.5205,Amb
M192I,0.5768,LPath
M192K,0.2259,LBen
M192L,0.1501,LBen
M192N,0.538,Amb
M192P,0.9767,LPath
M192Q,0.2442,LBen
M192R,0.2058,LBen
M192S,0.3916,Amb
M192T,0.2489,LBen
M192V,0.1573,LBen
M192W,0.7623,LPath
M192Y,0.7171,LPath
G193A,0.1268,LBen
G193C,0.1918,LBen
G193D,0.3931,Amb
G193E,0.3207,LBen
G193F,0.7184,LPath
G193H,0.3507,Amb
G193I,0.6107,LPath
G193K,0.4565,Amb
G193L,0.5094,Amb
G193M,0.5135,Amb
G193N,0.249,LBen
G193P,0.9904,LPath
G193Q,0.2732,LBen
G193R,0.3345,LBen
G193S,0.0932,LBen
G193T,0.17,LBen
G193V,0.4002,Amb
G193W,0.5987,LPath
G193Y,0.5279,Amb
N194A,0.9541,LPath
N194C,0.6729,LPath
N194D,0.9903,LPath
N194E,0.9972,LPath
N194F,0.9987,LPath
N194G,0.9482,LPath
N194H,0.9584,LPath
N194I,0.983,LPath
N194K,0.9985,LPath
N194L,0.9756,LPath
N194M,0.9845,LPath
N194P,0.9957,LPath
N194Q,0.9935,LPath
N194R,0.9967,LPath
N194S,0.5505,Amb
N194T,0.9124,LPath
N194V,0.9542,LPath
N194W,0.9994,LPath
N194Y,0.9899,LPath
I195A,0.91,LPath
I195C,0.9705,LPath
I195D,0.9997,LPath
I195E,0.998,LPath
I195F,0.9685,LPath
I195G,0.9958,LPath
I195H,0.9991,LPath
I195K,0.9963,LPath
I195L,0.4665,Amb
I195M,0.5238,Amb
I195N,0.9958,LPath
I195P,0.998,LPath
I195Q,0.9969,LPath
I195R,0.9937,LPath
I195S,0.9761,LPath
I195T,0.7213,LPath
I195V,0.0913,LBen
I195W,0.9988,LPath
I195Y,0.9978,LPath
E196A,0.0872,LBen
E196C,0.5443,Amb
E196D,0.1166,LBen
E196F,0.6375,LPath
E196G,0.1157,LBen
E196H,0.2149,LBen
E196I,0.3095,LBen
E196K,0.1148,LBen
E196L,0.2746,LBen
E196M,0.3144,LBen
E196N,0.1309,LBen
E196P,0.8799,LPath
E196Q,0.0678,LBen
E196R,0.1608,LBen
E196S,0.0961,LBen
E196T,0.1073,LBen
E196V,0.1939,LBen
E196W,0.8374,LPath
E196Y,0.4872,Amb
L197A,0.5969,LPath
L197C,0.6372,LPath
L197D,0.9564,LPath
L197E,0.8024,LPath
L197F,0.3302,LBen
L197G,0.8265,LPath
L197H,0.4299,Amb
L197I,0.4962,Amb
L197K,0.2731,LBen
L197M,0.1619,LBen
L197N,0.7108,LPath
L197P,0.9941,LPath
L197Q,0.2847,LBen
L197R,0.2143,LBen
L197S,0.7297,LPath
L197T,0.7866,LPath
L197V,0.4714,Amb
L197W,0.539,Amb
L197Y,0.4356,Amb
T198A,0.1198,LBen
T198C,0.2115,LBen
T198D,0.9795,LPath
T198E,0.967,LPath
T198F,0.9124,LPath
T198G,0.4533,Amb
T198H,0.893,LPath
T198I,0.7711,LPath
T198K,0.973,LPath
T198L,0.4129,Amb
T198M,0.25,LBen
T198N,0.6218,LPath
T198P,0.93,LPath
T198Q,0.8616,LPath
T198R,0.9528,LPath
T198S,0.1313,LBen
T198V,0.4842,Amb
T198W,0.9855,LPath
T198Y,0.9388,LPath
R199A,0.462,Amb
R199C,0.1427,LBen
R199D,0.5458,Amb
R199E,0.4575,Amb
R199F,0.7223,LPath
R199G,0.1556,LBen
R199H,0.0748,LBen
R199I,0.8181,LPath
R199K,0.1307,LBen
R199L,0.4646,Amb
R199M,0.5904,LPath
R199N,0.3708,Amb
R199P,0.9209,LPath
R199Q,0.1087,LBen
R199S,0.374,Amb
R199T,0.5023,Amb
R199V,0.7489,LPath
R199W,0.3962,Amb
R199Y,0.4498,Amb
Y200A,0.9993,LPath
Y200C,0.9944,LPath
Y200D,0.9989,LPath
Y200E,0.9998,LPath
Y200F,0.5195,Amb
Y200G,0.9958,LPath
Y200H,0.9986,LPath
Y200I,0.9956,LPath
Y200K,0.9997,LPath
Y200L,0.9841,LPath
Y200M,0.9959,LPath
Y200N,0.9963,LPath
Y200P,0.9996,LPath
Y200Q,0.9998,LPath
Y200R,0.9992,LPath
Y200S,0.9972,LPath
Y200T,0.9991,LPath
Y200V,0.9929,LPath
Y200W,0.9555,LPath
T201A,0.1069,LBen
T201C,0.3521,Amb
T201D,0.3118,LBen
T201E,0.337,LBen
T201F,0.4809,Amb
T201G,0.2043,LBen
T201H,0.2545,LBen
T201I,0.3285,LBen
T201K,0.2843,LBen
T201L,0.1555,LBen
T201M,0.139,LBen
T201N,0.1178,LBen
T201P,0.4183,Amb
T201Q,0.2077,LBen
T201R,0.2877,LBen
T201S,0.0862,LBen
T201V,0.1984,LBen
T201W,0.8134,LPath
T201Y,0.5022,Amb
R202A,0.8276,LPath
R202C,0.2609,LBen
R202D,0.9642,LPath
R202E,0.832,LPath
R202F,0.9007,LPath
R202G,0.8414,LPath
R202H,0.2246,LBen
R202I,0.5972,LPath
R202K,0.1668,LBen
R202L,0.6458,LPath
R202M,0.7251,LPath
R202N,0.878,LPath
R202P,0.9935,LPath
R202Q,0.2268,LBen
R202S,0.8229,LPath
R202T,0.5964,LPath
R202V,0.5688,LPath
R202W,0.6876,LPath
R202Y,0.7851,LPath
P203A,0.9401,LPath
P203C,0.9905,LPath
P203D,0.9999,LPath
P203E,0.9998,LPath
P203F,0.9998,LPath
P203G,0.9976,LPath
P203H,0.9997,LPath
P203I,0.9969,LPath
P203K,0.9998,LPath
P203L,0.9603,LPath
P203M,0.9955,LPath
P203N,0.9998,LPath
P203Q,0.9995,LPath
P203R,0.9994,LPath
P203S,0.9981,LPath
P203T,0.9951,LPath
P203V,0.9903,LPath
P203W,0.9999,LPath
P203Y,0.9999,LPath
T204A,0.9892,LPath
T204C,0.9982,LPath
T204D,0.9996,LPath
T204E,0.9994,LPath
T204F,0.9982,LPath
T204G,0.9949,LPath
T204H,0.9975,LPath
T204I,0.9985,LPath
T204K,0.9981,LPath
T204L,0.9778,LPath
T204M,0.9932,LPath
T204N,0.9963,LPath
T204P,0.9602,LPath
T204Q,0.9989,LPath
T204R,0.9973,LPath
T204S,0.9777,LPath
T204V,0.9936,LPath
T204W,0.9996,LPath
T204Y,0.9992,LPath
P205A,0.9793,LPath
P205C,0.9992,LPath
P205D,0.9999,LPath
P205E,0.9997,LPath
P205F,0.9998,LPath
P205G,0.9985,LPath
P205H,0.9995,LPath
P205I,0.9989,LPath
P205K,0.9998,LPath
P205L,0.9959,LPath
P205M,0.9994,LPath
P205N,0.9997,LPath
P205Q,0.9996,LPath
P205R,0.9989,LPath
P205S,0.9978,LPath
P205T,0.9979,LPath
P205V,0.9955,LPath
P205W,0.9999,LPath
P205Y,0.9998,LPath
V206A,0.9978,LPath
V206C,0.9973,LPath
V206D,1.0,LPath
V206E,0.9998,LPath
V206F,0.9987,LPath
V206G,0.9976,LPath
V206H,1.0,LPath
V206I,0.4225,Amb
V206K,0.9999,LPath
V206L,0.9955,LPath
V206M,0.997,LPath
V206N,0.9997,LPath
V206P,0.9986,LPath
V206Q,0.9997,LPath
V206R,0.9996,LPath
V206S,0.9976,LPath
V206T,0.9945,LPath
V206W,1.0,LPath
V206Y,0.9999,LPath
Q207A,0.9824,LPath
Q207C,0.9996,LPath
Q207D,0.9999,LPath
Q207E,0.9775,LPath
Q207F,0.9997,LPath
Q207G,0.9862,LPath
Q207H,0.9998,LPath
Q207I,0.9974,LPath
Q207K,0.9993,LPath
Q207L,0.9941,LPath
Q207M,0.9654,LPath
Q207N,0.9984,LPath
Q207P,0.9997,LPath
Q207R,0.9996,LPath
Q207S,0.9855,LPath
Q207T,0.9927,LPath
Q207V,0.996,LPath
Q207W,0.9999,LPath
Q207Y,1.0,LPath
K208A,0.9912,LPath
K208C,0.9859,LPath
K208D,0.9994,LPath
K208E,0.9971,LPath
K208F,0.9992,LPath
K208G,0.9925,LPath
K208H,0.9789,LPath
K208I,0.9969,LPath
K208L,0.9915,LPath
K208M,0.9844,LPath
K208N,0.9983,LPath
K208P,0.9997,LPath
K208Q,0.9402,LPath
K208R,0.2535,LBen
K208S,0.9958,LPath
K208T,0.991,LPath
K208V,0.9924,LPath
K208W,0.9988,LPath
K208Y,0.9957,LPath
H209A,0.9301,LPath
H209C,0.4521,Amb
H209D,0.9702,LPath
H209E,0.9727,LPath
H209F,0.238,LBen
H209G,0.9394,LPath
H209I,0.9153,LPath
H209K,0.9698,LPath
H209L,0.707,LPath
H209M,0.8948,LPath
H209N,0.4519,Amb
H209P,0.9849,LPath
H209Q,0.8798,LPath
H209R,0.8916,LPath
H209S,0.821,LPath
H209T,0.9339,LPath
H209V,0.8869,LPath
H209W,0.406,Amb
H209Y,0.0607,LBen
A210C,0.9665,LPath
A210D,0.9999,LPath
A210E,0.9998,LPath
A210F,0.9992,LPath
A210G,0.643,LPath
A210H,0.9997,LPath
A210I,0.998,LPath
A210K,1.0,LPath
A210L,0.9923,LPath
A210M,0.9955,LPath
A210N,0.999,LPath
A210P,0.9999,LPath
A210Q,0.9988,LPath
A210R,0.9996,LPath
A210S,0.3995,Amb
A210T,0.9518,LPath
A210V,0.9883,LPath
A210W,1.0,LPath
A210Y,0.9998,LPath
I211A,0.9867,LPath
I211C,0.9883,LPath
I211D,0.9999,LPath
I211E,0.9997,LPath
I211F,0.8519,LPath
I211G,0.9986,LPath
I211H,0.9994,LPath
I211K,0.9995,LPath
I211L,0.3556,Amb
I211M,0.4932,Amb
I211N,0.9977,LPath
I211P,0.9994,LPath
I211Q,0.9991,LPath
I211R,0.9992,LPath
I211S,0.9923,LPath
I211T,0.989,LPath
I211V,0.2093,LBen
I211W,0.9978,LPath
I211Y,0.9939,LPath
P212A,0.759,LPath
P212C,0.9631,LPath
P212D,0.9972,LPath
P212E,0.9961,LPath
P212F,0.999,LPath
P212G,0.9184,LPath
P212H,0.9857,LPath
P212I,0.9936,LPath
P212K,0.9933,LPath
P212L,0.9724,LPath
P212M,0.9919,LPath
P212N,0.9832,LPath
P212Q,0.9763,LPath
P212R,0.9813,LPath
P212S,0.8068,LPath
P212T,0.7987,LPath
P212V,0.9626,LPath
P212W,0.9995,LPath
P212Y,0.9985,LPath
I213A,0.8553,LPath
I213C,0.9539,LPath
I213D,0.9993,LPath
I213E,0.9986,LPath
I213F,0.9278,LPath
I213G,0.9911,LPath
I213H,0.9984,LPath
I213K,0.9989,LPath
I213L,0.7134,LPath
I213M,0.6236,LPath
I213N,0.9866,LPath
I213P,0.9964,LPath
I213Q,0.9971,LPath
I213R,0.9977,LPath
I213S,0.9351,LPath
I213T,0.8628,LPath
I213V,0.1218,LBen
I213W,0.9987,LPath
I213Y,0.9949,LPath
I214A,0.8683,LPath
I214C,0.9128,LPath
I214D,0.9993,LPath
I214E,0.9978,LPath
I214F,0.9438,LPath
I214G,0.9728,LPath
I214H,0.9982,LPath
I214K,0.9983,LPath
I214L,0.5154,Amb
I214M,0.5149,Amb
I214N,0.9804,LPath
I214P,0.9983,LPath
I214Q,0.9947,LPath
I214R,0.9974,LPath
I214S,0.9116,LPath
I214T,0.8135,LPath
I214V,0.1087,LBen
I214W,0.999,LPath
I214Y,0.9972,LPath
K215A,0.665,LPath
K215C,0.7134,LPath
K215D,0.9531,LPath
K215E,0.6072,LPath
K215F,0.9337,LPath
K215G,0.7497,LPath
K215H,0.5435,Amb
K215I,0.6243,LPath
K215L,0.4583,Amb
K215M,0.3598,Amb
K215N,0.8549,LPath
K215P,0.9927,LPath
K215Q,0.2105,LBen
K215R,0.0888,LBen
K215S,0.7509,LPath
K215T,0.4447,Amb
K215V,0.5618,Amb
K215W,0.8671,LPath
K215Y,0.8768,LPath
E216A,0.0974,LBen
E216C,0.5239,Amb
E216D,0.0931,LBen
E216F,0.7514,LPath
E216G,0.0759,LBen
E216H,0.3727,Amb
E216I,0.5461,Amb
E216K,0.327,LBen
E216L,0.3614,Amb
E216M,0.4018,Amb
E216N,0.1319,LBen
E216P,0.9596,LPath
E216Q,0.1147,LBen
E216R,0.4096,Amb
E216S,0.0909,LBen
E216T,0.1974,LBen
E216V,0.3188,LBen
E216W,0.8863,LPath
E216Y,0.5622,Amb
K217A,0.7731,LPath
K217C,0.7434,LPath
K217D,0.7089,LPath
K217E,0.4099,Amb
K217F,0.9732,LPath
K217G,0.3067,LBen
K217H,0.3078,LBen
K217I,0.9732,LPath
K217L,0.8754,LPath
K217M,0.7643,LPath
K217N,0.5493,Amb
K217P,0.97,LPath
K217Q,0.1468,LBen
K217R,0.0877,LBen
K217S,0.6177,LPath
K217T,0.7045,LPath
K217V,0.9368,LPath
K217W,0.9421,LPath
K217Y,0.8961,LPath
R218A,0.9961,LPath
R218C,0.9511,LPath
R218D,0.9972,LPath
R218E,0.9865,LPath
R218F,0.9983,LPath
R218G,0.988,LPath
R218H,0.8298,LPath
R218I,0.9959,LPath
R218K,0.7215,LPath
R218L,0.9886,LPath
R218M,0.996,LPath
R218N,0.9903,LPath
R218P,0.9996,LPath
R218Q,0.8437,LPath
R218S,0.9969,LPath
R218T,0.9955,LPath
R218V,0.9943,LPath
R218W,0.9778,LPath
R218Y,0.9889,LPath
D219A,0.999,LPath
D219C,0.9998,LPath
D219E,0.9989,LPath
D219F,0.9999,LPath
D219G,0.9983,LPath
D219H,0.9995,LPath
D219I,0.9999,LPath
D219K,0.9999,LPath
D219L,0.9998,LPath
D219M,1.0,LPath
D219N,0.9879,LPath
D219P,0.9997,LPath
D219Q,0.9998,LPath
D219R,0.9998,LPath
D219S,0.9954,LPath
D219T,0.9996,LPath
D219V,0.9997,LPath
D219W,1.0,LPath
D219Y,0.9992,LPath
L220A,0.9776,LPath
L220C,0.9367,LPath
L220D,0.9999,LPath
L220E,0.9995,LPath
L220F,0.9928,LPath
L220G,0.9976,LPath
L220H,0.9996,LPath
L220I,0.3362,LBen
L220K,0.9994,LPath
L220M,0.5732,LPath
L220N,0.999,LPath
L220P,0.9999,LPath
L220Q,0.9984,LPath
L220R,0.999,LPath
L220S,0.998,LPath
L220T,0.9779,LPath
L220V,0.2402,LBen
L220W,0.9998,LPath
L220Y,0.9995,LPath
M221A,0.9989,LPath
M221C,0.9957,LPath
M221D,1.0,LPath
M221E,0.9998,LPath
M221F,0.9852,LPath
M221G,0.9994,LPath
M221H,0.9997,LPath
M221I,0.9991,LPath
M221K,0.9998,LPath
M221L,0.9567,LPath
M221N,0.9998,LPath
M221P,1.0,LPath
M221Q,0.998,LPath
M221R,0.9998,LPath
M221S,0.9992,LPath
M221T,0.9998,LPath
M221V,0.979,LPath
M221W,0.9997,LPath
M221Y,0.9994,LPath
A222C,0.9759,LPath
A222D,0.9999,LPath
A222E,0.9998,LPath
A222F,0.999,LPath
A222G,0.6651,LPath
A222H,0.9998,LPath
A222I,0.9987,LPath
A222K,1.0,LPath
A222L,0.9898,LPath
A222M,0.9974,LPath
A222N,0.9995,LPath
A222P,0.9998,LPath
A222Q,0.9993,LPath
A222R,0.9996,LPath
A222S,0.6529,LPath
A222T,0.9921,LPath
A222V,0.9931,LPath
A222W,1.0,LPath
A222Y,0.9997,LPath
C223A,0.9863,LPath
C223D,0.9999,LPath
C223E,1.0,LPath
C223F,0.9988,LPath
C223G,0.9948,LPath
C223H,0.9999,LPath
C223I,0.9959,LPath
C223K,1.0,LPath
C223L,0.996,LPath
C223M,0.9962,LPath
C223N,0.9995,LPath
C223P,0.9999,LPath
C223Q,0.9999,LPath
C223R,0.9998,LPath
C223S,0.9922,LPath
C223T,0.9932,LPath
C223V,0.9731,LPath
C223W,0.9998,LPath
C223Y,0.9998,LPath
A224C,0.9871,LPath
A224D,0.9999,LPath
A224E,0.9997,LPath
A224F,0.999,LPath
A224G,0.9868,LPath
A224H,0.9997,LPath
A224I,0.9998,LPath
A224K,0.9999,LPath
A224L,0.9948,LPath
A224M,0.9994,LPath
A224N,0.9998,LPath
A224P,0.9996,LPath
A224Q,0.9986,LPath
A224R,0.9979,LPath
A224S,0.8888,LPath
A224T,0.9987,LPath
A224V,0.9994,LPath
A224W,0.9998,LPath
A224Y,0.9996,LPath
Q225A,0.9337,LPath
Q225C,0.9998,LPath
Q225D,0.9989,LPath
Q225E,0.9265,LPath
Q225F,0.9994,LPath
Q225G,0.9672,LPath
Q225H,0.9999,LPath
Q225I,0.998,LPath
Q225K,0.9965,LPath
Q225L,0.9932,LPath
Q225M,0.9678,LPath
Q225N,0.9931,LPath
Q225P,0.9911,LPath
Q225R,0.9971,LPath
Q225S,0.9326,LPath
Q225T,0.9635,LPath
Q225V,0.9924,LPath
Q225W,0.9999,LPath
Q225Y,0.9999,LPath
T226A,0.998,LPath
T226C,0.9998,LPath
T226D,0.9988,LPath
T226E,0.997,LPath
T226F,0.9989,LPath
T226G,0.9947,LPath
T226H,0.9988,LPath
T226I,0.9996,LPath
T226K,0.9982,LPath
T226L,0.9986,LPath
T226M,0.9986,LPath
T226N,0.9978,LPath
T226P,0.9955,LPath
T226Q,0.9993,LPath
T226R,0.9979,LPath
T226S,0.9963,LPath
T226V,0.9971,LPath
T226W,0.9994,LPath
T226Y,0.9992,LPath
G227A,0.9993,LPath
G227C,0.9998,LPath
G227D,1.0,LPath
G227E,1.0,LPath
G227F,0.9999,LPath
G227H,1.0,LPath
G227I,0.9999,LPath
G227K,1.0,LPath
G227L,0.9999,LPath
G227M,1.0,LPath
G227N,1.0,LPath
G227P,0.9999,LPath
G227Q,1.0,LPath
G227R,0.9999,LPath
G227S,0.9989,LPath
G227T,0.9998,LPath
G227V,0.9998,LPath
G227W,1.0,LPath
G227Y,1.0,LPath
S228A,0.9672,LPath
S228C,0.9891,LPath
S228D,0.9997,LPath
S228E,0.9991,LPath
S228F,0.9994,LPath
S228G,0.9882,LPath
S228H,0.9992,LPath
S228I,0.9988,LPath
S228K,0.9999,LPath
S228L,0.9987,LPath
S228M,0.9979,LPath
S228N,0.999,LPath
S228P,0.9997,LPath
S228Q,0.9993,LPath
S228R,0.9998,LPath
S228T,0.9677,LPath
S228V,0.9982,LPath
S228W,0.9965,LPath
S228Y,0.9993,LPath
G229A,0.9997,LPath
G229C,0.9999,LPath
G229D,1.0,LPath
G229E,1.0,LPath
G229F,1.0,LPath
G229H,1.0,LPath
G229I,1.0,LPath
G229K,1.0,LPath
G229L,0.9999,LPath
G229M,1.0,LPath
G229N,1.0,LPath
G229P,1.0,LPath
G229Q,1.0,LPath
G229R,1.0,LPath
G229S,0.9996,LPath
G229T,0.9999,LPath
G229V,0.9999,LPath
G229W,1.0,LPath
G229Y,1.0,LPath
K230A,0.9999,LPath
K230C,1.0,LPath
K230D,0.9997,LPath
K230E,0.9993,LPath
K230F,1.0,LPath
K230G,0.9998,LPath
K230H,0.9998,LPath
K230I,0.9998,LPath
K230L,0.9999,LPath
K230M,0.9997,LPath
K230N,0.9997,LPath
K230P,0.9998,LPath
K230Q,0.9998,LPath
K230R,0.9819,LPath
K230S,0.9999,LPath
K230T,0.9989,LPath
K230V,0.9999,LPath
K230W,1.0,LPath
K230Y,0.9999,LPath
T231A,0.9994,LPath
T231C,0.9999,LPath
T231D,0.9996,LPath
T231E,0.9994,LPath
T231F,0.9999,LPath
T231G,0.9984,LPath
T231H,0.9995,LPath
T231I,0.9998,LPath
T231K,0.9991,LPath
T231L,0.9994,LPath
T231M,0.9991,LPath
T231N,0.9988,LPath
T231P,0.9981,LPath
T231Q,0.9996,LPath
T231R,0.9991,LPath
T231S,0.9958,LPath
T231V,0.999,LPath
T231W,0.9999,LPath
T231Y,0.9999,LPath
A232C,0.9566,LPath
A232D,0.9998,LPath
A232E,0.9997,LPath
A232F,0.995,LPath
A232G,0.5904,LPath
A232H,0.9994,LPath
A232I,0.998,LPath
A232K,0.9998,LPath
A232L,0.9586,LPath
A232M,0.9891,LPath
A232N,0.9985,LPath
A232P,0.9988,LPath
A232Q,0.9973,LPath
A232R,0.9979,LPath
A232S,0.7991,LPath
A232T,0.9879,LPath
A232V,0.9899,LPath
A232W,0.9997,LPath
A232Y,0.999,LPath
A233C,0.991,LPath
A233D,0.9999,LPath
A233E,0.9999,LPath
A233F,0.9996,LPath
A233G,0.6266,LPath
A233H,0.9999,LPath
A233I,0.9999,LPath
A233K,1.0,LPath
A233L,0.9972,LPath
A233M,0.9993,LPath
A233N,0.9996,LPath
A233P,0.9996,LPath
A233Q,0.9993,LPath
A233R,0.9995,LPath
A233S,0.6276,LPath
A233T,0.9971,LPath
A233V,0.999,LPath
A233W,1.0,LPath
A233Y,0.9998,LPath
F234A,0.9996,LPath
F234C,0.9986,LPath
F234D,1.0,LPath
F234E,1.0,LPath
F234G,0.9996,LPath
F234H,0.9993,LPath
F234I,0.9989,LPath
F234K,1.0,LPath
F234L,0.9999,LPath
F234M,0.9988,LPath
F234N,0.9998,LPath
F234P,1.0,LPath
F234Q,0.9999,LPath
F234R,0.9999,LPath
F234S,0.9994,LPath
F234T,0.9999,LPath
F234V,0.9982,LPath
F234W,0.9895,LPath
F234Y,0.8447,LPath
L235A,0.9861,LPath
L235C,0.9274,LPath
L235D,1.0,LPath
L235E,0.9997,LPath
L235F,0.9896,LPath
L235G,0.9973,LPath
L235H,0.9994,LPath
L235I,0.6945,LPath
L235K,0.9997,LPath
L235M,0.7319,LPath
L235N,0.9988,LPath
L235P,0.9999,LPath
L235Q,0.9984,LPath
L235R,0.9994,LPath
L235S,0.9963,LPath
L235T,0.9826,LPath
L235V,0.7203,LPath
L235W,0.9995,LPath
L235Y,0.9993,LPath
L236A,0.9619,LPath
L236C,0.939,LPath
L236D,0.9999,LPath
L236E,0.9993,LPath
L236F,0.8354,LPath
L236G,0.9952,LPath
L236H,0.9969,LPath
L236I,0.2206,LBen
L236K,0.9988,LPath
L236M,0.4605,Amb
L236N,0.9978,LPath
L236P,0.9986,LPath
L236Q,0.9955,LPath
L236R,0.9981,LPath
L236S,0.9939,LPath
L236T,0.9697,LPath
L236V,0.234,LBen
L236W,0.9913,LPath
L236Y,0.9911,LPath
P237A,0.9897,LPath
P237C,0.9985,LPath
P237D,0.9997,LPath
P237E,0.9998,LPath
P237F,0.9999,LPath
P237G,0.9929,LPath
P237H,0.9995,LPath
P237I,0.9996,LPath
P237K,0.9999,LPath
P237L,0.996,LPath
P237M,0.9996,LPath
P237N,0.9996,LPath
P237Q,0.9995,LPath
P237R,0.9995,LPath
P237S,0.9974,LPath
P237T,0.9974,LPath
P237V,0.9975,LPath
P237W,1.0,LPath
P237Y,0.9999,LPath
I238A,0.8768,LPath
I238C,0.9436,LPath
I238D,0.9993,LPath
I238E,0.9977,LPath
I238F,0.9544,LPath
I238G,0.9883,LPath
I238H,0.9982,LPath
I238K,0.9986,LPath
I238L,0.443,Amb
I238M,0.4612,Amb
I238N,0.9828,LPath
I238P,0.996,LPath
I238Q,0.9957,LPath
I238R,0.9978,LPath
I238S,0.9233,LPath
I238T,0.8182,LPath
I238V,0.0732,LBen
I238W,0.9994,LPath
I238Y,0.9973,LPath
L239A,0.9581,LPath
L239C,0.9026,LPath
L239D,0.9998,LPath
L239E,0.9982,LPath
L239F,0.721,LPath
L239G,0.9943,LPath
L239H,0.9928,LPath
L239I,0.3683,Amb
L239K,0.9984,LPath
L239M,0.3836,Amb
L239N,0.995,LPath
L239P,0.9994,LPath
L239Q,0.9889,LPath
L239R,0.9969,LPath
L239S,0.9886,LPath
L239T,0.9547,LPath
L239V,0.4698,Amb
L239W,0.9893,LPath
L239Y,0.9847,LPath
S240A,0.3694,Amb
S240C,0.2877,LBen
S240D,0.9076,LPath
S240E,0.9807,LPath
S240F,0.9356,LPath
S240G,0.3258,LBen
S240H,0.804,LPath
S240I,0.9699,LPath
S240K,0.9981,LPath
S240L,0.8351,LPath
S240M,0.8404,LPath
S240N,0.5212,Amb
S240P,0.9981,LPath
S240Q,0.9408,LPath
S240R,0.9958,LPath
S240T,0.4133,Amb
S240V,0.9292,LPath
S240W,0.9289,LPath
S240Y,0.8761,LPath
Q241A,0.3613,Amb
Q241C,0.7089,LPath
Q241D,0.7731,LPath
Q241E,0.1856,LBen
Q241F,0.8961,LPath
Q241G,0.4257,Amb
Q241H,0.4294,Amb
Q241I,0.7719,LPath
Q241K,0.341,Amb
Q241L,0.329,LBen
Q241M,0.4706,Amb
Q241N,0.4695,Amb
Q241P,0.9911,LPath
Q241R,0.2884,LBen
Q241S,0.3492,Amb
Q241T,0.415,Amb
Q241V,0.5848,LPath
Q241W,0.91,LPath
Q241Y,0.8226,LPath
I242A,0.9082,LPath
I242C,0.9193,LPath
I242D,0.9987,LPath
I242E,0.9955,LPath
I242F,0.8186,LPath
I242G,0.991,LPath
I242H,0.9923,LPath
I242K,0.9958,LPath
I242L,0.2203,LBen
I242M,0.2132,LBen
I242N,0.9676,LPath
I242P,0.9986,LPath
I242Q,0.9869,LPath
I242R,0.9933,LPath
I242S,0.9449,LPath
I242T,0.9055,LPath
I242V,0.1757,LBen
I242W,0.996,LPath
I242Y,0.9818,LPath
Y243A,0.9546,LPath
Y243C,0.4622,Amb
Y243D,0.9872,LPath
Y243E,0.9953,LPath
Y243F,0.0605,LBen
Y243G,0.9475,LPath
Y243H,0.8562,LPath
Y243I,0.8067,LPath
Y243K,0.9951,LPath
Y243L,0.6172,LPath
Y243M,0.8246,LPath
Y243N,0.9178,LPath
Y243P,0.9965,LPath
Y243Q,0.9834,LPath
Y243R,0.9823,LPath
Y243S,0.8793,LPath
Y243T,0.9418,LPath
Y243V,0.7654,LPath
Y243W,0.718,LPath
S244A,0.0553,LBen
S244C,0.0655,LBen
S244D,0.26,LBen
S244E,0.2465,LBen
S244F,0.1265,LBen
S244G,0.0794,LBen
S244H,0.1427,LBen
S244I,0.1082,LBen
S244K,0.2827,LBen
S244L,0.0665,LBen
S244M,0.0896,LBen
S244N,0.0917,LBen
S244P,0.7845,LPath
S244Q,0.1798,LBen
S244R,0.2429,LBen
S244T,0.052,LBen
S244V,0.0962,LBen
S244W,0.2422,LBen
S244Y,0.1314,LBen
D245A,0.1408,LBen
D245C,0.4039,Amb
D245E,0.076,LBen
D245F,0.4819,Amb
D245G,0.1893,LBen
D245H,0.2415,LBen
D245I,0.308,LBen
D245K,0.3561,Amb
D245L,0.3086,LBen
D245M,0.418,Amb
D245N,0.108,LBen
D245P,0.9369,LPath
D245Q,0.1917,LBen
D245R,0.3807,Amb
D245S,0.1042,LBen
D245T,0.1662,LBen
D245V,0.1803,LBen
D245W,0.8121,LPath
D245Y,0.2804,LBen
G246A,0.9123,LPath
G246C,0.9682,LPath
G246D,0.9943,LPath
G246E,0.9948,LPath
G246F,0.9943,LPath
G246H,0.9959,LPath
G246I,0.988,LPath
G246K,0.9943,LPath
G246L,0.9884,LPath
G246M,0.9931,LPath
G246N,0.9904,LPath
G246P,0.9889,LPath
G246Q,0.9927,LPath
G246R,0.991,LPath
G246S,0.8961,LPath
G246T,0.9722,LPath
G246V,0.9827,LPath
G246W,0.9958,LPath
G246Y,0.9938,LPath
P247A,0.7441,LPath
P247C,0.9699,LPath
P247D,0.9953,LPath
P247E,0.9884,LPath
P247F,0.9929,LPath
P247G,0.948,LPath
P247H,0.9795,LPath
P247I,0.9591,LPath
P247K,0.9904,LPath
P247L,0.9076,LPath
P247M,0.9714,LPath
P247N,0.9927,LPath
P247Q,0.9763,LPath
P247R,0.9766,LPath
P247S,0.9422,LPath
P247T,0.9205,LPath
P247V,0.9021,LPath
P247W,0.9966,LPath
P247Y,0.9938,LPath
G248A,0.2454,LBen
G248C,0.4459,Amb
G248D,0.537,Amb
G248E,0.5222,Amb
G248F,0.8797,LPath
G248H,0.7454,LPath
G248I,0.7711,LPath
G248K,0.7488,LPath
G248L,0.6918,LPath
G248M,0.7683,LPath
G248N,0.5801,LPath
G248P,0.7866,LPath
G248Q,0.6054,LPath
G248R,0.6658,LPath
G248S,0.201,LBen
G248T,0.4127,Amb
G248V,0.5592,Amb
G248W,0.8405,LPath
G248Y,0.8013,LPath
E249A,0.1533,LBen
E249C,0.7764,LPath
E249D,0.0629,LBen
E249F,0.7511,LPath
E249G,0.2343,LBen
E249H,0.4586,Amb
E249I,0.4081,Amb
E249K,0.2848,LBen
E249L,0.355,Amb
E249M,0.4847,Amb
E249N,0.2137,LBen
E249P,0.3021,LBen
E249Q,0.1981,LBen
E249R,0.4205,Amb
E249S,0.1833,LBen
E249T,0.2422,LBen
E249V,0.2451,LBen
E249W,0.9004,LPath
E249Y,0.6049,LPath
A250C,0.5912,LPath
A250D,0.9439,LPath
A250E,0.9135,LPath
A250F,0.8251,LPath
A250G,0.2575,LBen
A250H,0.8849,LPath
A250I,0.7009,LPath
A250K,0.9775,LPath
A250L,0.624,LPath
A250M,0.6195,LPath
A250N,0.7261,LPath
A250P,0.6819,LPath
A250Q,0.8469,LPath
A250R,0.9629,LPath
A250S,0.1513,LBen
A250T,0.3481,Amb
A250V,0.4191,Amb
A250W,0.9714,LPath
A250Y,0.8705,LPath
L251A,0.168,LBen
L251C,0.494,Amb
L251D,0.7321,LPath
L251E,0.3879,Amb
L251F,0.1742,LBen
L251G,0.3829,Amb
L251H,0.2911,LBen
L251I,0.1185,LBen
L251K,0.3448,Amb
L251M,0.1034,LBen
L251N,0.3184,LBen
L251P,0.5585,Amb
L251Q,0.1403,LBen
L251R,0.3051,LBen
L251S,0.2257,LBen
L251T,0.2141,LBen
L251V,0.094,LBen
L251W,0.4122,Amb
L251Y,0.3849,Amb
R252A,0.1857,LBen
R252C,0.1891,LBen
R252D,0.4326,Amb
R252E,0.2271,LBen
R252F,0.5063,Amb
R252G,0.1744,LBen
R252H,0.0991,LBen
R252I,0.277,LBen
R252K,0.0635,LBen
R252L,0.1789,LBen
R252M,0.2159,LBen
R252N,0.3248,LBen
R252P,0.5264,Amb
R252Q,0.0762,LBen
R252S,0.276,LBen
R252T,0.1746,LBen
R252V,0.2552,LBen
R252W,0.2577,LBen
R252Y,0.3702,Amb
A253C,0.3552,Amb
A253D,0.5685,LPath
A253E,0.4864,Amb
A253F,0.4179,Amb
A253G,0.1777,LBen
A253H,0.4621,Amb
A253I,0.3484,Amb
A253K,0.75,LPath
A253L,0.2123,LBen
A253M,0.2506,LBen
A253N,0.2687,LBen
A253P,0.7958,LPath
A253Q,0.399,Amb
A253R,0.7141,LPath
A253S,0.1009,LBen
A253T,0.1404,LBen
A253V,0.1679,LBen
A253W,0.8193,LPath
A253Y,0.5165,Amb
M254A,0.0901,LBen
M254C,0.3769,Amb
M254D,0.6685,LPath
M254E,0.4199,Amb
M254F,0.2903,LBen
M254G,0.1988,LBen
M254H,0.4344,Amb
M254I,0.1663,LBen
M254K,0.3689,Amb
M254L,0.0924,LBen
M254N,0.2176,LBen
M254P,0.5722,LPath
M254Q,0.1859,LBen
M254R,0.3809,Amb
M254S,0.1147,LBen
M254T,0.086,LBen
M254V,0.0624,LBen
M254W,0.6708,LPath
M254Y,0.527,Amb
K255A,0.4401,Amb
K255C,0.7654,LPath
K255D,0.6611,LPath
K255E,0.2604,LBen
K255F,0.9218,LPath
K255G,0.3934,Amb
K255H,0.365,Amb
K255I,0.7122,LPath
K255L,0.5858,LPath
K255M,0.5169,Amb
K255N,0.5653,LPath
K255P,0.6112,LPath
K255Q,0.1279,LBen
K255R,0.0763,LBen
K255S,0.4899,Amb
K255T,0.3209,LBen
K255V,0.5885,LPath
K255W,0.8309,LPath
K255Y,0.808,LPath
E256A,0.3878,Amb
E256C,0.9026,LPath
E256D,0.0696,LBen
E256F,0.9137,LPath
E256G,0.2804,LBen
E256H,0.7722,LPath
E256I,0.7488,LPath
E256K,0.6546,LPath
E256L,0.7333,LPath
E256M,0.8045,LPath
E256N,0.3602,Amb
E256P,0.7655,LPath
E256Q,0.3952,Amb
E256R,0.7116,LPath
E256S,0.3562,Amb
E256T,0.4908,Amb
E256V,0.5397,Amb
E256W,0.9602,LPath
E256Y,0.8288,LPath
N257A,0.2253,LBen
N257C,0.275,LBen
N257D,0.4109,Amb
N257E,0.689,LPath
N257F,0.6505,LPath
N257G,0.1818,LBen
N257H,0.2461,LBen
N257I,0.4079,Amb
N257K,0.7679,LPath
N257L,0.4027,Amb
N257M,0.3961,Amb
N257P,0.4235,Amb
N257Q,0.4925,Amb
N257R,0.7892,LPath
N257S,0.0916,LBen
N257T,0.141,LBen
N257V,0.3203,LBen
N257W,0.8559,LPath
N257Y,0.3365,LBen
G258A,0.2043,LBen
G258C,0.2329,LBen
G258D,0.8594,LPath
G258E,0.8493,LPath
G258F,0.6961,LPath
G258H,0.6794,LPath
G258I,0.4527,Amb
G258K,0.9362,LPath
G258L,0.5224,Amb
G258M,0.5568,Amb
G258N,0.3667,Amb
G258P,0.7106,LPath
G258Q,0.6407,LPath
G258R,0.8631,LPath
G258S,0.1129,LBen
G258T,0.2332,LBen
G258V,0.3128,LBen
G258W,0.7185,LPath
G258Y,0.6412,LPath
R259A,0.6099,LPath
R259C,0.4057,Amb
R259D,0.8558,LPath
R259E,0.771,LPath
R259F,0.7691,LPath
R259G,0.3682,Amb
R259H,0.231,LBen
R259I,0.637,LPath
R259K,0.1172,LBen
R259L,0.5442,Amb
R259M,0.6312,LPath
R259N,0.7343,LPath
R259P,0.5405,Amb
R259Q,0.2181,LBen
R259S,0.653,LPath
R259T,0.5717,LPath
R259V,0.6185,LPath
R259W,0.494,Amb
R259Y,0.62,LPath
Y260A,0.6392,LPath
Y260C,0.2942,LBen
Y260D,0.8286,LPath
Y260E,0.926,LPath
Y260F,0.1175,LBen
Y260G,0.3841,Amb
Y260H,0.6104,LPath
Y260I,0.7227,LPath
Y260K,0.9285,LPath
Y260L,0.6155,LPath
Y260M,0.711,LPath
Y260N,0.4198,Amb
Y260P,0.7161,LPath
Y260Q,0.7935,LPath
Y260R,0.8211,LPath
Y260S,0.3964,Amb
Y260T,0.6579,LPath
Y260V,0.5484,Amb
Y260W,0.4665,Amb
G261A,0.3463,Amb
G261C,0.4348,Amb
G261D,0.9761,LPath
G261E,0.9728,LPath
G261F,0.797,LPath
G261H,0.8875,LPath
G261I,0.6286,LPath
G261K,0.9848,LPath
G261L,0.7208,LPath
G261M,0.7521,LPath
G261N,0.6334,LPath
G261P,0.8912,LPath
G261Q,0.835,LPath
G261R,0.9513,LPath
G261S,0.1957,LBen
G261T,0.4594,Amb
G261V,0.4642,Amb
G261W,0.856,LPath
G261Y,0.83,LPath
R262A,0.9567,LPath
R262C,0.7674,LPath
R262D,0.9866,LPath
R262E,0.9688,LPath
R262F,0.949,LPath
R262G,0.8383,LPath
R262H,0.5962,LPath
R262I,0.9478,LPath
R262K,0.4461,Amb
R262L,0.9067,LPath
R262M,0.9552,LPath
R262N,0.9682,LPath
R262P,0.9238,LPath
R262Q,0.5971,LPath
R262S,0.9594,LPath
R262T,0.9566,LPath
R262V,0.9407,LPath
R262W,0.7753,LPath
R262Y,0.8881,LPath
R263A,0.937,LPath
R263C,0.6736,LPath
R263D,0.9837,LPath
R263E,0.9639,LPath
R263F,0.9513,LPath
R263G,0.7904,LPath
R263H,0.5044,Amb
R263I,0.9406,LPath
R263K,0.3866,Amb
R263L,0.8855,LPath
R263M,0.9413,LPath
R263N,0.9609,LPath
R263P,0.8779,LPath
R263Q,0.5429,Amb
R263S,0.9503,LPath
R263T,0.9372,LPath
R263V,0.9252,LPath
R263W,0.7576,LPath
R263Y,0.8672,LPath
K264A,0.9821,LPath
K264C,0.9475,LPath
K264D,0.9978,LPath
K264E,0.9918,LPath
K264F,0.995,LPath
K264G,0.9816,LPath
K264H,0.9214,LPath
K264I,0.9631,LPath
K264L,0.9568,LPath
K264M,0.9391,LPath
K264N,0.994,LPath
K264P,0.9702,LPath
K264Q,0.8504,LPath
K264R,0.2133,LBen
K264S,0.9893,LPath
K264T,0.9505,LPath
K264V,0.9317,LPath
K264W,0.9891,LPath
K264Y,0.9812,LPath
Q265A,0.3161,LBen
Q265C,0.7449,LPath
Q265D,0.9815,LPath
Q265E,0.5691,LPath
Q265F,0.8829,LPath
Q265G,0.735,LPath
Q265H,0.7084,LPath
Q265I,0.5936,LPath
Q265K,0.8239,LPath
Q265L,0.4702,Amb
Q265M,0.4577,Amb
Q265N,0.6502,LPath
Q265P,0.864,LPath
Q265R,0.8215,LPath
Q265S,0.4611,Amb
Q265T,0.5043,Amb
Q265V,0.4254,Amb
Q265W,0.9701,LPath
Q265Y,0.8897,LPath
Y266A,0.9696,LPath
Y266C,0.5599,Amb
Y266D,0.9886,LPath
Y266E,0.9938,LPath
Y266F,0.1016,LBen
Y266G,0.9461,LPath
Y266H,0.7658,LPath
Y266I,0.9545,LPath
Y266K,0.9897,LPath
Y266L,0.8955,LPath
Y266M,0.9192,LPath
Y266N,0.8701,LPath
Y266P,0.9969,LPath
Y266Q,0.976,LPath
Y266R,0.9772,LPath
Y266S,0.8967,LPath
Y266T,0.9688,LPath
Y266V,0.9207,LPath
Y266W,0.7068,LPath
P267A,0.9926,LPath
P267C,0.9979,LPath
P267D,0.9999,LPath
P267E,0.9999,LPath
P267F,1.0,LPath
P267G,0.9989,LPath
P267H,0.9999,LPath
P267I,0.9989,LPath
P267K,0.9999,LPath
P267L,0.9969,LPath
P267M,0.9997,LPath
P267N,0.9999,LPath
P267Q,0.9998,LPath
P267R,0.9997,LPath
P267S,0.9991,LPath
P267T,0.9984,LPath
P267V,0.996,LPath
P267W,1.0,LPath
P267Y,1.0,LPath
I268A,0.6026,LPath
I268C,0.7565,LPath
I268D,0.9821,LPath
I268E,0.944,LPath
I268F,0.4404,Amb
I268G,0.9127,LPath
I268H,0.915,LPath
I268K,0.9275,LPath
I268L,0.0786,LBen
I268M,0.1302,LBen
I268N,0.8265,LPath
I268P,0.9758,LPath
I268Q,0.8614,LPath
I268R,0.8933,LPath
I268S,0.6925,LPath
I268T,0.5793,LPath
I268V,0.0694,LBen
I268W,0.9587,LPath
I268Y,0.8591,LPath
S269A,0.0766,LBen
S269C,0.1352,LBen
S269D,0.998,LPath
S269E,0.9985,LPath
S269F,0.9839,LPath
S269G,0.2267,LBen
S269H,0.9949,LPath
S269I,0.9086,LPath
S269K,0.9998,LPath
S269L,0.8001,LPath
S269M,0.8786,LPath
S269N,0.9748,LPath
S269P,0.9954,LPath
S269Q,0.9944,LPath
S269R,0.9995,LPath
S269T,0.3645,Amb
S269V,0.7217,LPath
S269W,0.9982,LPath
S269Y,0.9933,LPath
L270A,0.9853,LPath
L270C,0.9506,LPath
L270D,1.0,LPath
L270E,0.9998,LPath
L270F,0.9931,LPath
L270G,0.999,LPath
L270H,0.9998,LPath
L270I,0.5745,LPath
L270K,0.9998,LPath
L270M,0.7964,LPath
L270N,0.9998,LPath
L270P,0.9999,LPath
L270Q,0.9996,LPath
L270R,0.9995,LPath
L270S,0.9994,LPath
L270T,0.9925,LPath
L270V,0.4295,Amb
L270W,0.9998,LPath
L270Y,0.9996,LPath
V271A,0.9889,LPath
V271C,0.9724,LPath
V271D,0.9998,LPath
V271E,0.9993,LPath
V271F,0.9906,LPath
V271G,0.9947,LPath
V271H,0.9997,LPath
V271I,0.0945,LBen
V271K,0.9997,LPath
V271L,0.9453,LPath
V271M,0.9646,LPath
V271N,0.9985,LPath
V271P,0.9995,LPath
V271Q,0.999,LPath
V271R,0.9993,LPath
V271S,0.9924,LPath
V271T,0.982,LPath
V271W,0.9999,LPath
V271Y,0.9993,LPath
L272A,0.9929,LPath
L272C,0.9835,LPath
L272D,1.0,LPath
L272E,0.9998,LPath
L272F,0.9878,LPath
L272G,0.9994,LPath
L272H,0.9998,LPath
L272I,0.673,LPath
L272K,0.9997,LPath
L272M,0.5962,LPath
L272N,0.9998,LPath
L272P,0.9999,LPath
L272Q,0.9994,LPath
L272R,0.9995,LPath
L272S,0.9994,LPath
L272T,0.9965,LPath
L272V,0.7648,LPath
L272W,0.9996,LPath
L272Y,0.9995,LPath
A273C,0.8927,LPath
A273D,0.9998,LPath
A273E,0.9995,LPath
A273F,0.9982,LPath
A273G,0.7835,LPath
A273H,0.9993,LPath
A273I,0.9958,LPath
A273K,0.9999,LPath
A273L,0.9664,LPath
A273M,0.992,LPath
A273N,0.9982,LPath
A273P,0.9991,LPath
A273Q,0.9976,LPath
A273R,0.9993,LPath
A273S,0.3658,Amb
A273T,0.94,LPath
A273V,0.9783,LPath
A273W,0.9999,LPath
A273Y,0.9994,LPath
P274A,0.9975,LPath
P274C,0.9999,LPath
P274D,0.9999,LPath
P274E,0.9999,LPath
P274F,1.0,LPath
P274G,0.9995,LPath
P274H,1.0,LPath
P274I,1.0,LPath
P274K,1.0,LPath
P274L,0.9997,LPath
P274M,1.0,LPath
P274N,0.9999,LPath
P274Q,1.0,LPath
P274R,0.9999,LPath
P274S,0.9995,LPath
P274T,0.9997,LPath
P274V,0.9997,LPath
P274W,1.0,LPath
P274Y,1.0,LPath
T275A,0.9809,LPath
T275C,0.9986,LPath
T275D,0.9997,LPath
T275E,0.9992,LPath
T275F,0.9995,LPath
T275G,0.9953,LPath
T275H,0.9996,LPath
T275I,0.9986,LPath
T275K,0.9993,LPath
T275L,0.9936,LPath
T275M,0.9968,LPath
T275N,0.998,LPath
T275P,0.9854,LPath
T275Q,0.9991,LPath
T275R,0.9986,LPath
T275S,0.987,LPath
T275V,0.981,LPath
T275W,1.0,LPath
T275Y,0.9999,LPath
R276A,0.9999,LPath
R276C,0.9998,LPath
R276D,0.9999,LPath
R276E,0.9981,LPath
R276F,1.0,LPath
R276G,0.9997,LPath
R276H,0.9995,LPath
R276I,1.0,LPath
R276K,0.9977,LPath
R276L,0.9995,LPath
R276M,1.0,LPath
R276N,0.9999,LPath
R276P,0.9997,LPath
R276Q,0.9992,LPath
R276S,0.9999,LPath
R276T,0.9999,LPath
R276V,0.9999,LPath
R276W,0.9996,LPath
R276Y,0.9999,LPath
E277A,0.9994,LPath
E277C,0.9997,LPath
E277D,0.9996,LPath
E277F,1.0,LPath
E277G,0.9994,LPath
E277H,0.9999,LPath
E277I,0.9999,LPath
E277K,0.9999,LPath
E277L,0.9999,LPath
E277M,0.9999,LPath
E277N,0.9998,LPath
E277P,0.9997,LPath
E277Q,0.9988,LPath
E277R,0.9998,LPath
E277S,0.9997,LPath
E277T,0.9999,LPath
E277V,0.9997,LPath
E277W,1.0,LPath
E277Y,1.0,LPath
L278A,0.9967,LPath
L278C,0.9994,LPath
L278D,1.0,LPath
L278E,0.9994,LPath
L278F,0.9995,LPath
L278G,0.9984,LPath
L278H,0.9998,LPath
L278I,0.9931,LPath
L278K,0.9989,LPath
L278M,0.9839,LPath
L278N,0.999,LPath
L278P,0.9999,LPath
L278Q,0.9998,LPath
L278R,0.9992,LPath
L278S,0.9998,LPath
L278T,0.9984,LPath
L278V,0.9937,LPath
L278W,0.9998,LPath
L278Y,0.9997,LPath
A279C,0.8406,LPath
A279D,0.9996,LPath
A279E,0.9991,LPath
A279F,0.999,LPath
A279G,0.8567,LPath
A279H,0.9995,LPath
A279I,0.9827,LPath
A279K,0.9998,LPath
A279L,0.9694,LPath
A279M,0.9806,LPath
A279N,0.997,LPath
A279P,0.9993,LPath
A279Q,0.9965,LPath
A279R,0.9988,LPath
A279S,0.4406,Amb
A279T,0.7238,LPath
A279V,0.8062,LPath
A279W,0.9999,LPath
A279Y,0.9997,LPath
V280A,0.406,Amb
V280C,0.5871,LPath
V280D,0.9549,LPath
V280E,0.8997,LPath
V280F,0.4843,Amb
V280G,0.3825,Amb
V280H,0.9272,LPath
V280I,0.0991,LBen
V280K,0.9547,LPath
V280L,0.1667,LBen
V280M,0.1684,LBen
V280N,0.591,LPath
V280P,0.9948,LPath
V280Q,0.7569,LPath
V280R,0.9301,LPath
V280S,0.3433,Amb
V280T,0.3232,LBen
V280W,0.9704,LPath
V280Y,0.8894,LPath
Q281A,0.9492,LPath
Q281C,0.9996,LPath
Q281D,0.9962,LPath
Q281E,0.9491,LPath
Q281F,0.998,LPath
Q281G,0.916,LPath
Q281H,0.9994,LPath
Q281I,0.995,LPath
Q281K,0.9961,LPath
Q281L,0.9801,LPath
Q281M,0.959,LPath
Q281N,0.9799,LPath
Q281P,0.9971,LPath
Q281R,0.9979,LPath
Q281S,0.9012,LPath
Q281T,0.9587,LPath
Q281V,0.991,LPath
Q281W,0.9997,LPath
Q281Y,0.9996,LPath
I282A,0.9955,LPath
I282C,0.9983,LPath
I282D,0.9998,LPath
I282E,0.9994,LPath
I282F,0.9979,LPath
I282G,0.9991,LPath
I282H,0.9998,LPath
I282K,0.9996,LPath
I282L,0.9259,LPath
I282M,0.9369,LPath
I282N,0.9957,LPath
I282P,0.9997,LPath
I282Q,0.9995,LPath
I282R,0.9994,LPath
I282S,0.995,LPath
I282T,0.9765,LPath
I282V,0.711,LPath
I282W,0.9999,LPath
I282Y,0.9996,LPath
Y283A,0.8949,LPath
Y283C,0.3611,Amb
Y283D,0.9403,LPath
Y283E,0.9679,LPath
Y283F,0.0982,LBen
Y283G,0.8262,LPath
Y283H,0.2393,LBen
Y283I,0.9826,LPath
Y283K,0.9752,LPath
Y283L,0.9231,LPath
Y283M,0.9447,LPath
Y283N,0.6349,LPath
Y283P,0.9988,LPath
Y283Q,0.869,LPath
Y283R,0.8894,LPath
Y283S,0.656,LPath
Y283T,0.9547,LPath
Y283V,0.945,LPath
Y283W,0.481,Amb
E284A,0.7247,LPath
E284C,0.9649,LPath
E284D,0.1038,LBen
E284F,0.9798,LPath
E284G,0.6649,LPath
E284H,0.8897,LPath
E284I,0.9428,LPath
E284K,0.8628,LPath
E284L,0.9019,LPath
E284M,0.931,LPath
E284N,0.5323,Amb
E284P,0.997,LPath
E284Q,0.5546,Amb
E284R,0.8814,LPath
E284S,0.5901,LPath
E284T,0.7528,LPath
E284V,0.8505,LPath
E284W,0.9883,LPath
E284Y,0.9478,LPath
E285A,0.9786,LPath
E285C,0.9984,LPath
E285D,0.9647,LPath
E285F,0.9995,LPath
E285G,0.9873,LPath
E285H,0.9989,LPath
E285I,0.9971,LPath
E285K,0.998,LPath
E285L,0.999,LPath
E285M,0.9975,LPath
E285N,0.9904,LPath
E285P,0.9999,LPath
E285Q,0.9732,LPath
E285R,0.9978,LPath
E285S,0.9875,LPath
E285T,0.9914,LPath
E285V,0.9861,LPath
E285W,0.9999,LPath
E285Y,0.9991,LPath
A286C,0.868,LPath
A286D,0.9995,LPath
A286E,0.9989,LPath
A286F,0.9967,LPath
A286G,0.3635,Amb
A286H,0.9992,LPath
A286I,0.9937,LPath
A286K,0.9999,LPath
A286L,0.9819,LPath
A286M,0.9784,LPath
A286N,0.9959,LPath
A286P,0.9999,LPath
A286Q,0.9966,LPath
A286R,0.9994,LPath
A286S,0.1454,LBen
A286T,0.8338,LPath
A286V,0.96,LPath
A286W,0.9998,LPath
A286Y,0.9989,LPath
R287A,0.9179,LPath
R287C,0.2765,LBen
R287D,0.9947,LPath
R287E,0.9128,LPath
R287F,0.9767,LPath
R287G,0.8687,LPath
R287H,0.5238,Amb
R287I,0.8605,LPath
R287K,0.1927,LBen
R287L,0.7332,LPath
R287M,0.8563,LPath
R287N,0.9742,LPath
R287P,0.9987,LPath
R287Q,0.2711,LBen
R287S,0.9541,LPath
R287T,0.9015,LPath
R287V,0.8094,LPath
R287W,0.8555,LPath
R287Y,0.9369,LPath
K288A,0.9917,LPath
K288C,0.983,LPath
K288D,0.999,LPath
K288E,0.9977,LPath
K288F,0.9986,LPath
K288G,0.994,LPath
K288H,0.95,LPath
K288I,0.9929,LPath
K288L,0.9815,LPath
K288M,0.9849,LPath
K288N,0.997,LPath
K288P,0.9972,LPath
K288Q,0.9586,LPath
K288R,0.2488,LBen
K288S,0.9967,LPath
K288T,0.9881,LPath
K288V,0.9872,LPath
K288W,0.9976,LPath
K288Y,0.9937,LPath
F289A,0.9987,LPath
F289C,0.9959,LPath
F289D,0.9998,LPath
F289E,0.9997,LPath
F289G,0.9988,LPath
F289H,0.9966,LPath
F289I,0.9916,LPath
F289K,0.9997,LPath
F289L,0.9988,LPath
F289M,0.9918,LPath
F289N,0.9985,LPath
F289P,1.0,LPath
F289Q,0.9994,LPath
F289R,0.9991,LPath
F289S,0.9991,LPath
F289T,0.9991,LPath
F289V,0.9893,LPath
F289W,0.9731,LPath
F289Y,0.7659,LPath
S290A,0.049,LBen
S290C,0.1386,LBen
S290D,0.9973,LPath
S290E,0.9972,LPath
S290F,0.9733,LPath
S290G,0.2453,LBen
S290H,0.9891,LPath
S290I,0.9356,LPath
S290K,0.9996,LPath
S290L,0.8007,LPath
S290M,0.8984,LPath
S290N,0.9652,LPath
S290P,0.9945,LPath
S290Q,0.9864,LPath
S290R,0.998,LPath
S290T,0.3596,Amb
S290V,0.7772,LPath
S290W,0.9939,LPath
S290Y,0.9841,LPath
Y291A,0.9967,LPath
Y291C,0.9448,LPath
Y291D,0.9987,LPath
Y291E,0.9995,LPath
Y291F,0.3118,LBen
Y291G,0.991,LPath
Y291H,0.9722,LPath
Y291I,0.9956,LPath
Y291K,0.9989,LPath
Y291L,0.9754,LPath
Y291M,0.9949,LPath
Y291N,0.9891,LPath
Y291P,0.9989,LPath
Y291Q,0.9984,LPath
Y291R,0.992,LPath
Y291S,0.9848,LPath
Y291T,0.9978,LPath
Y291V,0.9855,LPath
Y291W,0.7444,LPath
R292A,0.9889,LPath
R292C,0.7163,LPath
R292D,0.9975,LPath
R292E,0.9874,LPath
R292F,0.9965,LPath
R292G,0.9349,LPath
R292H,0.7973,LPath
R292I,0.9971,LPath
R292K,0.707,LPath
R292L,0.9742,LPath
R292M,0.9922,LPath
R292N,0.9894,LPath
R292P,0.9993,LPath
R292Q,0.5902,LPath
R292S,0.9912,LPath
R292T,0.9964,LPath
R292V,0.9955,LPath
R292W,0.9736,LPath
R292Y,0.9861,LPath
S293A,0.4577,Amb
S293C,0.6779,LPath
S293D,0.9984,LPath
S293E,0.9989,LPath
S293F,0.999,LPath
S293G,0.6494,LPath
S293H,0.9954,LPath
S293I,0.998,LPath
S293K,0.9997,LPath
S293L,0.9853,LPath
S293M,0.9909,LPath
S293N,0.992,LPath
S293P,0.9985,LPath
S293Q,0.9964,LPath
S293R,0.9995,LPath
S293T,0.7787,LPath
S293V,0.9906,LPath
S293W,0.9985,LPath
S293Y,0.9977,LPath
R294A,0.5879,LPath
R294C,0.1777,LBen
R294D,0.8477,LPath
R294E,0.6225,LPath
R294F,0.6707,LPath
R294G,0.4622,Amb
R294H,0.1041,LBen
R294I,0.6081,LPath
R294K,0.1153,LBen
R294L,0.3728,Amb
R294M,0.4832,Amb
R294N,0.6982,LPath
R294P,0.741,LPath
R294Q,0.1345,LBen
R294S,0.6593,LPath
R294T,0.53,Amb
R294V,0.5687,LPath
R294W,0.2996,LBen
R294Y,0.4869,Amb
V295A,0.8764,LPath
V295C,0.8895,LPath
V295D,0.9993,LPath
V295E,0.9967,LPath
V295F,0.9305,LPath
V295G,0.9244,LPath
V295H,0.9988,LPath
V295I,0.1651,LBen
V295K,0.998,LPath
V295L,0.6899,LPath
V295M,0.6737,LPath
V295N,0.9946,LPath
V295P,0.9945,LPath
V295Q,0.9929,LPath
V295R,0.9958,LPath
V295S,0.9638,LPath
V295T,0.9234,LPath
V295W,0.9989,LPath
V295Y,0.9947,LPath
R296A,0.9745,LPath
R296C,0.5753,LPath
R296D,0.996,LPath
R296E,0.9676,LPath
R296F,0.9674,LPath
R296G,0.9772,LPath
R296H,0.3658,Amb
R296I,0.9165,LPath
R296K,0.3551,Amb
R296L,0.8885,LPath
R296M,0.9472,LPath
R296N,0.9815,LPath
R296P,0.9977,LPath
R296Q,0.4402,Amb
R296S,0.976,LPath
R296T,0.9588,LPath
R296V,0.9181,LPath
R296W,0.8221,LPath
R296Y,0.9013,LPath
P297A,0.4491,Amb
P297C,0.874,LPath
P297D,0.9988,LPath
P297E,0.9986,LPath
P297F,0.9993,LPath
P297G,0.947,LPath
P297H,0.9953,LPath
P297I,0.9797,LPath
P297K,0.9996,LPath
P297L,0.9693,LPath
P297M,0.9925,LPath
P297N,0.9935,LPath
P297Q,0.9954,LPath
P297R,0.9983,LPath
P297S,0.7777,LPath
P297T,0.7672,LPath
P297V,0.903,LPath
P297W,0.9998,LPath
P297Y,0.9993,LPath
C298A,0.676,LPath
C298D,0.9987,LPath
C298E,0.9985,LPath
C298F,0.9743,LPath
C298G,0.7907,LPath
C298H,0.9936,LPath
C298I,0.9593,LPath
C298K,0.9985,LPath
C298L,0.9648,LPath
C298M,0.9598,LPath
C298N,0.9819,LPath
C298P,0.9997,LPath
C298Q,0.9842,LPath
C298R,0.9835,LPath
C298S,0.7149,LPath
C298T,0.8595,LPath
C298V,0.7579,LPath
C298W,0.997,LPath
C298Y,0.9925,LPath
V299A,0.9194,LPath
V299C,0.878,LPath
V299D,0.9995,LPath
V299E,0.998,LPath
V299F,0.9876,LPath
V299G,0.955,LPath
V299H,0.9989,LPath
V299I,0.4087,Amb
V299K,0.9964,LPath
V299L,0.9582,LPath
V299M,0.9543,LPath
V299N,0.9941,LPath
V299P,0.9884,LPath
V299Q,0.9936,LPath
V299R,0.9883,LPath
V299S,0.9594,LPath
V299T,0.8847,LPath
V299W,0.9997,LPath
V299Y,0.9983,LPath
V300A,0.8965,LPath
V300C,0.9327,LPath
V300D,0.9998,LPath
V300E,0.9994,LPath
V300F,0.9904,LPath
V300G,0.975,LPath
V300H,0.9998,LPath
V300I,0.2479,LBen
V300K,0.9997,LPath
V300L,0.87,LPath
V300M,0.9618,LPath
V300N,0.9984,LPath
V300P,0.9992,LPath
V300Q,0.999,LPath
V300R,0.9988,LPath
V300S,0.9794,LPath
V300T,0.9397,LPath
V300W,0.9999,LPath
V300Y,0.9994,LPath
Y301A,0.9985,LPath
Y301C,0.9923,LPath
Y301D,0.9996,LPath
Y301E,0.9999,LPath
Y301F,0.6778,LPath
Y301G,0.9934,LPath
Y301H,0.999,LPath
Y301I,0.996,LPath
Y301K,0.9999,LPath
Y301L,0.9885,LPath
Y301M,0.9975,LPath
Y301N,0.9983,LPath
Y301P,0.9987,LPath
Y301Q,0.9999,LPath
Y301R,0.9992,LPath
Y301S,0.9923,LPath
Y301T,0.9983,LPath
Y301V,0.9851,LPath
Y301W,0.9615,LPath
G302A,0.9995,LPath
G302C,0.9999,LPath
G302D,1.0,LPath
G302E,1.0,LPath
G302F,1.0,LPath
G302H,1.0,LPath
G302I,1.0,LPath
G302K,1.0,LPath
G302L,0.9999,LPath
G302M,1.0,LPath
G302N,1.0,LPath
G302P,0.9999,LPath
G302Q,1.0,LPath
G302R,1.0,LPath
G302S,0.9997,LPath
G302T,0.9998,LPath
G302V,0.9999,LPath
G302W,1.0,LPath
G302Y,1.0,LPath
G303A,0.9992,LPath
G303C,0.9999,LPath
G303D,1.0,LPath
G303E,1.0,LPath
G303F,0.9999,LPath
G303H,1.0,LPath
G303I,0.9999,LPath
G303K,0.9999,LPath
G303L,0.9999,LPath
G303M,0.9999,LPath
G303N,0.9999,LPath
G303P,0.9999,LPath
G303Q,1.0,LPath
G303R,0.9999,LPath
G303S,0.9994,LPath
G303T,0.9997,LPath
G303V,0.9998,LPath
G303W,0.9999,LPath
G303Y,0.9999,LPath
A304C,0.8543,LPath
A304D,0.9973,LPath
A304E,0.9906,LPath
A304F,0.9671,LPath
A304G,0.7784,LPath
A304H,0.9766,LPath
A304I,0.951,LPath
A304K,0.9938,LPath
A304L,0.884,LPath
A304M,0.8366,LPath
A304N,0.9069,LPath
A304P,0.9986,LPath
A304Q,0.8822,LPath
A304R,0.9684,LPath
A304S,0.2518,LBen
A304T,0.5741,LPath
A304V,0.8128,LPath
A304W,0.9946,LPath
A304Y,0.9855,LPath
D305A,0.9709,LPath
D305C,0.9918,LPath
D305E,0.8143,LPath
D305F,0.9973,LPath
D305G,0.9792,LPath
D305H,0.9878,LPath
D305I,0.9978,LPath
D305K,0.9975,LPath
D305L,0.9941,LPath
D305M,0.9981,LPath
D305N,0.8585,LPath
D305P,0.9829,LPath
D305Q,0.9909,LPath
D305R,0.9961,LPath
D305S,0.9309,LPath
D305T,0.992,LPath
D305V,0.9911,LPath
D305W,0.9993,LPath
D305Y,0.9848,LPath
I306A,0.8911,LPath
I306C,0.9954,LPath
I306D,0.9993,LPath
I306E,0.9985,LPath
I306F,0.8624,LPath
I306G,0.9923,LPath
I306H,0.9988,LPath
I306K,0.9972,LPath
I306L,0.8019,LPath
I306M,0.5564,Amb
I306N,0.9927,LPath
I306P,0.9327,LPath
I306Q,0.9962,LPath
I306R,0.9943,LPath
I306S,0.9594,LPath
I306T,0.7746,LPath
I306V,0.2979,LBen
I306W,0.9947,LPath
I306Y,0.9919,LPath
G307A,0.6384,LPath
G307C,0.7954,LPath
G307D,0.9985,LPath
G307E,0.9968,LPath
G307F,0.9525,LPath
G307H,0.975,LPath
G307I,0.8951,LPath
G307K,0.9979,LPath
G307L,0.9405,LPath
G307M,0.9173,LPath
G307N,0.875,LPath
G307P,0.9802,LPath
G307Q,0.9482,LPath
G307R,0.9889,LPath
G307S,0.4078,Amb
G307T,0.7597,LPath
G307V,0.7782,LPath
G307W,0.9686,LPath
G307Y,0.9635,LPath
Q308A,0.1438,LBen
Q308C,0.7677,LPath
Q308D,0.9036,LPath
Q308E,0.4659,Amb
Q308F,0.7618,LPath
Q308G,0.1942,LBen
Q308H,0.459,Amb
Q308I,0.4947,Amb
Q308K,0.7036,LPath
Q308L,0.1729,LBen
Q308M,0.2485,LBen
Q308N,0.2919,LBen
Q308P,0.6373,LPath
Q308R,0.7141,LPath
Q308S,0.1129,LBen
Q308T,0.1878,LBen
Q308V,0.3,LBen
Q308W,0.905,LPath
Q308Y,0.7571,LPath
Q309A,0.9473,LPath
Q309C,0.9991,LPath
Q309D,0.9984,LPath
Q309E,0.9595,LPath
Q309F,0.9993,LPath
Q309G,0.9352,LPath
Q309H,0.9989,LPath
Q309I,0.9963,LPath
Q309K,0.9978,LPath
Q309L,0.9936,LPath
Q309M,0.9533,LPath
Q309N,0.9629,LPath
Q309P,0.9995,LPath
Q309R,0.999,LPath
Q309S,0.9117,LPath
Q309T,0.9449,LPath
Q309V,0.9917,LPath
Q309W,0.9998,LPath
Q309Y,0.9997,LPath
I310A,0.9879,LPath
I310C,0.9916,LPath
I310D,0.9997,LPath
I310E,0.9981,LPath
I310F,0.7862,LPath
I310G,0.9964,LPath
I310H,0.9975,LPath
I310K,0.9959,LPath
I310L,0.3263,LBen
I310M,0.3391,LBen
I310N,0.9924,LPath
I310P,0.9993,LPath
I310Q,0.9915,LPath
I310R,0.9932,LPath
I310S,0.9923,LPath
I310T,0.9931,LPath
I310V,0.5789,LPath
I310W,0.9881,LPath
I310Y,0.9747,LPath
R311A,0.9905,LPath
R311C,0.9503,LPath
R311D,0.9975,LPath
R311E,0.9928,LPath
R311F,0.9949,LPath
R311G,0.9656,LPath
R311H,0.8445,LPath
R311I,0.9944,LPath
R311K,0.628,LPath
R311L,0.9832,LPath
R311M,0.9929,LPath
R311N,0.9948,LPath
R311P,0.9989,LPath
R311Q,0.8496,LPath
R311S,0.9915,LPath
R311T,0.9944,LPath
R311V,0.9928,LPath
R311W,0.941,LPath
R311Y,0.98,LPath
D312A,0.8283,LPath
D312C,0.9737,LPath
D312E,0.1735,LBen
D312F,0.9743,LPath
D312G,0.9091,LPath
D312H,0.9496,LPath
D312I,0.9508,LPath
D312K,0.9751,LPath
D312L,0.9215,LPath
D312M,0.9662,LPath
D312N,0.6622,LPath
D312P,0.9987,LPath
D312Q,0.8785,LPath
D312R,0.9769,LPath
D312S,0.7716,LPath
D312T,0.881,LPath
D312V,0.8785,LPath
D312W,0.9952,LPath
D312Y,0.9102,LPath
L313A,0.9791,LPath
L313C,0.9776,LPath
L313D,0.9999,LPath
L313E,0.9991,LPath
L313F,0.9842,LPath
L313G,0.998,LPath
L313H,0.9994,LPath
L313I,0.3549,Amb
L313K,0.999,LPath
L313M,0.4755,Amb
L313N,0.999,LPath
L313P,0.9998,LPath
L313Q,0.9975,LPath
L313R,0.9984,LPath
L313S,0.9983,LPath
L313T,0.9789,LPath
L313V,0.5145,Amb
L313W,0.9988,LPath
L313Y,0.999,LPath
E314A,0.9599,LPath
E314C,0.9948,LPath
E314D,0.5104,Amb
E314F,0.9988,LPath
E314G,0.8853,LPath
E314H,0.994,LPath
E314I,0.9975,LPath
E314K,0.9934,LPath
E314L,0.9933,LPath
E314M,0.9948,LPath
E314N,0.9622,LPath
E314P,0.9992,LPath
E314Q,0.8948,LPath
E314R,0.9882,LPath
E314S,0.907,LPath
E314T,0.9818,LPath
E314V,0.9898,LPath
E314W,0.9991,LPath
E314Y,0.9966,LPath
R315A,0.9317,LPath
R315C,0.6837,LPath
R315D,0.9617,LPath
R315E,0.9029,LPath
R315F,0.9523,LPath
R315G,0.8131,LPath
R315H,0.3395,LBen
R315I,0.9486,LPath
R315K,0.2242,LBen
R315L,0.8744,LPath
R315M,0.9123,LPath
R315N,0.9155,LPath
R315P,0.9945,LPath
R315Q,0.363,Amb
R315S,0.9399,LPath
R315T,0.9364,LPath
R315V,0.9426,LPath
R315W,0.7589,LPath
R315Y,0.8358,LPath
G316A,0.9762,LPath
G316C,0.9848,LPath
G316D,0.9927,LPath
G316E,0.997,LPath
G316F,0.9983,LPath
G316H,0.9969,LPath
G316I,0.9989,LPath
G316K,0.9981,LPath
G316L,0.9983,LPath
G316M,0.9985,LPath
G316N,0.9858,LPath
G316P,0.9992,LPath
G316Q,0.9936,LPath
G316R,0.996,LPath
G316S,0.9265,LPath
G316T,0.9881,LPath
G316V,0.997,LPath
G316W,0.998,LPath
G316Y,0.9965,LPath
C317A,0.9634,LPath
C317D,0.9998,LPath
C317E,0.9999,LPath
C317F,0.9991,LPath
C317G,0.9684,LPath
C317H,0.9998,LPath
C317I,0.9898,LPath
C317K,1.0,LPath
C317L,0.9956,LPath
C317M,0.9975,LPath
C317N,0.9982,LPath
C317P,0.9991,LPath
C317Q,0.9998,LPath
C317R,0.9996,LPath
C317S,0.9662,LPath
C317T,0.9757,LPath
C317V,0.926,LPath
C317W,0.9999,LPath
C317Y,0.9998,LPath
H318A,0.9486,LPath
H318C,0.7837,LPath
H318D,0.7415,LPath
H318E,0.9532,LPath
H318F,0.9553,LPath
H318G,0.9468,LPath
H318I,0.9866,LPath
H318K,0.9951,LPath
H318L,0.9259,LPath
H318M,0.9581,LPath
H318N,0.3871,Amb
H318P,0.961,LPath
H318Q,0.8116,LPath
H318R,0.9888,LPath
H318S,0.69,LPath
H318T,0.9364,LPath
H318V,0.9826,LPath
H318W,0.9777,LPath
H318Y,0.8771,LPath
L319A,0.9762,LPath
L319C,0.913,LPath
L319D,0.9999,LPath
L319E,0.9992,LPath
L319F,0.8773,LPath
L319G,0.9972,LPath
L319H,0.9971,LPath
L319I,0.2353,LBen
L319K,0.9991,LPath
L319M,0.3305,LBen
L319N,0.998,LPath
L319P,0.9997,LPath
L319Q,0.9949,LPath
L319R,0.9983,LPath
L319S,0.9957,LPath
L319T,0.9753,LPath
L319V,0.2336,LBen
L319W,0.9966,LPath
L319Y,0.9945,LPath
L320A,0.9839,LPath
L320C,0.9509,LPath
L320D,1.0,LPath
L320E,0.9998,LPath
L320F,0.996,LPath
L320G,0.9988,LPath
L320H,0.9998,LPath
L320I,0.6035,LPath
L320K,0.9998,LPath
L320M,0.8394,LPath
L320N,0.9998,LPath
L320P,0.9998,LPath
L320Q,0.9995,LPath
L320R,0.9995,LPath
L320S,0.9994,LPath
L320T,0.9944,LPath
L320V,0.5935,LPath
L320W,0.9998,LPath
L320Y,0.9997,LPath
V321A,0.9683,LPath
V321C,0.9812,LPath
V321D,0.9998,LPath
V321E,0.9994,LPath
V321F,0.9969,LPath
V321G,0.9884,LPath
V321H,0.9998,LPath
V321I,0.3015,LBen
V321K,0.9997,LPath
V321L,0.9912,LPath
V321M,0.99,LPath
V321N,0.9987,LPath
V321P,0.9989,LPath
V321Q,0.9991,LPath
V321R,0.9992,LPath
V321S,0.9676,LPath
V321T,0.8558,LPath
V321W,0.9999,LPath
V321Y,0.9998,LPath
A322C,0.9608,LPath
A322D,0.9999,LPath
A322E,0.9999,LPath
A322F,0.9995,LPath
A322G,0.5744,LPath
A322H,0.9999,LPath
A322I,0.9999,LPath
A322K,1.0,LPath
A322L,0.9962,LPath
A322M,0.9993,LPath
A322N,0.9997,LPath
A322P,0.9997,LPath
A322Q,0.9995,LPath
A322R,0.9996,LPath
A322S,0.8304,LPath
A322T,0.9979,LPath
A322V,0.9991,LPath
A322W,1.0,LPath
A322Y,0.9998,LPath
T323A,0.9767,LPath
T323C,0.9963,LPath
T323D,0.9999,LPath
T323E,0.9996,LPath
T323F,0.9996,LPath
T323G,0.9973,LPath
T323H,0.9996,LPath
T323I,0.9991,LPath
T323K,0.9995,LPath
T323L,0.9957,LPath
T323M,0.9967,LPath
T323N,0.9986,LPath
T323P,0.9694,LPath
T323Q,0.9995,LPath
T323R,0.9991,LPath
T323S,0.988,LPath
T323V,0.9909,LPath
T323W,1.0,LPath
T323Y,0.9999,LPath
P324A,0.9925,LPath
P324C,0.9994,LPath
P324D,0.9999,LPath
P324E,0.9999,LPath
P324F,1.0,LPath
P324G,0.9989,LPath
P324H,0.9999,LPath
P324I,0.9996,LPath
P324K,0.9999,LPath
P324L,0.9983,LPath
P324M,0.9997,LPath
P324N,0.9999,LPath
P324Q,0.9998,LPath
P324R,0.9996,LPath
P324S,0.9987,LPath
P324T,0.9931,LPath
P324V,0.9974,LPath
P324W,1.0,LPath
P324Y,1.0,LPath
G325A,0.9991,LPath
G325C,0.9999,LPath
G325D,1.0,LPath
G325E,1.0,LPath
G325F,0.9999,LPath
G325H,1.0,LPath
G325I,1.0,LPath
G325K,1.0,LPath
G325L,0.9999,LPath
G325M,1.0,LPath
G325N,1.0,LPath
G325P,0.9999,LPath
G325Q,1.0,LPath
G325R,1.0,LPath
G325S,0.9994,LPath
G325T,0.9998,LPath
G325V,0.9998,LPath
G325W,0.9999,LPath
G325Y,1.0,LPath
R326A,0.9998,LPath
R326C,0.9995,LPath
R326D,0.9999,LPath
R326E,0.9991,LPath
R326F,0.9999,LPath
R326G,0.9997,LPath
R326H,0.9991,LPath
R326I,0.9999,LPath
R326K,0.9979,LPath
R326L,0.9995,LPath
R326M,1.0,LPath
R326N,0.9998,LPath
R326P,0.9998,LPath
R326Q,0.9992,LPath
R326S,0.9999,LPath
R326T,1.0,LPath
R326V,0.9999,LPath
R326W,0.9997,LPath
R326Y,0.9998,LPath
L327A,0.991,LPath
L327C,0.9928,LPath
L327D,1.0,LPath
L327E,0.9998,LPath
L327F,0.9914,LPath
L327G,0.9974,LPath
L327H,0.9998,LPath
L327I,0.9684,LPath
L327K,0.9997,LPath
L327M,0.8821,LPath
L327N,0.9998,LPath
L327P,1.0,LPath
L327Q,0.9996,LPath
L327R,0.9995,LPath
L327S,0.9997,LPath
L327T,0.9966,LPath
L327V,0.963,LPath
L327W,0.9997,LPath
L327Y,0.9993,LPath
V328A,0.8174,LPath
V328C,0.8975,LPath
V328D,0.9906,LPath
V328E,0.9741,LPath
V328F,0.935,LPath
V328G,0.8327,LPath
V328H,0.9872,LPath
V328I,0.461,Amb
V328K,0.9901,LPath
V328L,0.9412,LPath
V328M,0.8927,LPath
V328N,0.8882,LPath
V328P,0.9983,LPath
V328Q,0.9487,LPath
V328R,0.9766,LPath
V328S,0.7308,LPath
V328T,0.6915,LPath
V328W,0.9969,LPath
V328Y,0.9842,LPath
D329A,0.9998,LPath
D329C,1.0,LPath
D329E,0.9997,LPath
D329F,0.9999,LPath
D329G,0.9998,LPath
D329H,0.9999,LPath
D329I,1.0,LPath
D329K,1.0,LPath
D329L,0.9999,LPath
D329M,1.0,LPath
D329N,0.9996,LPath
D329P,1.0,LPath
D329Q,0.9999,LPath
D329R,0.9999,LPath
D329S,0.9996,LPath
D329T,1.0,LPath
D329V,0.9999,LPath
D329W,1.0,LPath
D329Y,0.9995,LPath
M330A,0.9944,LPath
M330C,0.9492,LPath
M330D,0.9999,LPath
M330E,0.9993,LPath
M330F,0.8361,LPath
M330G,0.9987,LPath
M330H,0.997,LPath
M330I,0.963,LPath
M330K,0.9981,LPath
M330L,0.5763,LPath
M330N,0.997,LPath
M330P,1.0,LPath
M330Q,0.9924,LPath
M330R,0.9982,LPath
M330S,0.9967,LPath
M330T,0.989,LPath
M330V,0.5167,Amb
M330W,0.998,LPath
M330Y,0.9934,LPath
M331A,0.9725,LPath
M331C,0.9691,LPath
M331D,0.9996,LPath
M331E,0.9945,LPath
M331F,0.9728,LPath
M331G,0.9946,LPath
M331H,0.9978,LPath
M331I,0.7834,LPath
M331K,0.9792,LPath
M331L,0.2938,LBen
M331N,0.9945,LPath
M331P,0.9998,LPath
M331Q,0.9633,LPath
M331R,0.9879,LPath
M331S,0.9883,LPath
M331T,0.9511,LPath
M331V,0.4623,Amb
M331W,0.9977,LPath
M331Y,0.9961,LPath
E332A,0.9739,LPath
E332C,0.9977,LPath
E332D,0.8157,LPath
E332F,0.9995,LPath
E332G,0.9163,LPath
E332H,0.9979,LPath
E332I,0.9976,LPath
E332K,0.9957,LPath
E332L,0.9957,LPath
E332M,0.9965,LPath
E332N,0.9842,LPath
E332P,0.9997,LPath
E332Q,0.9505,LPath
E332R,0.9932,LPath
E332S,0.9641,LPath
E332T,0.989,LPath
E332V,0.991,LPath
E332W,0.9997,LPath
E332Y,0.9984,LPath
R333A,0.9994,LPath
R333C,0.9986,LPath
R333D,0.9991,LPath
R333E,0.9982,LPath
R333F,0.9996,LPath
R333G,0.9971,LPath
R333H,0.9911,LPath
R333I,0.9996,LPath
R333K,0.9542,LPath
R333L,0.9983,LPath
R333M,0.9996,LPath
R333N,0.999,LPath
R333P,0.9998,LPath
R333Q,0.9906,LPath
R333S,0.9996,LPath
R333T,0.9996,LPath
R333V,0.9996,LPath
R333W,0.9966,LPath
R333Y,0.9972,LPath
G334A,0.9055,LPath
G334C,0.9468,LPath
G334D,0.9906,LPath
G334E,0.9918,LPath
G334F,0.9961,LPath
G334H,0.9905,LPath
G334I,0.9976,LPath
G334K,0.9948,LPath
G334L,0.9934,LPath
G334M,0.9927,LPath
G334N,0.9496,LPath
G334P,0.9998,LPath
G334Q,0.9628,LPath
G334R,0.9851,LPath
G334S,0.8269,LPath
G334T,0.9842,LPath
G334V,0.9939,LPath
G334W,0.9953,LPath
G334Y,0.9913,LPath
K335A,0.9881,LPath
K335C,0.9664,LPath
K335D,0.9986,LPath
K335E,0.9962,LPath
K335F,0.9949,LPath
K335G,0.9916,LPath
K335H,0.9095,LPath
K335I,0.9661,LPath
K335L,0.9685,LPath
K335M,0.9606,LPath
K335N,0.9955,LPath
K335P,0.998,LPath
K335Q,0.9401,LPath
K335R,0.1599,LBen
K335S,0.9946,LPath
K335T,0.9764,LPath
K335V,0.9358,LPath
K335W,0.9896,LPath
K335Y,0.9756,LPath
I336A,0.9596,LPath
I336C,0.9865,LPath
I336D,0.9999,LPath
I336E,0.9997,LPath
I336F,0.9769,LPath
I336G,0.9978,LPath
I336H,0.9998,LPath
I336K,0.9997,LPath
I336L,0.5828,LPath
I336M,0.7782,LPath
I336N,0.9991,LPath
I336P,0.999,LPath
I336Q,0.9997,LPath
I336R,0.9995,LPath
I336S,0.9945,LPath
I336T,0.9298,LPath
I336V,0.1132,LBen
I336W,0.9996,LPath
I336Y,0.9989,LPath
G337A,0.4422,Amb
G337C,0.8709,LPath
G337D,0.9933,LPath
G337E,0.9939,LPath
G337F,0.9928,LPath
G337H,0.989,LPath
G337I,0.9944,LPath
G337K,0.9972,LPath
G337L,0.9846,LPath
G337M,0.9879,LPath
G337N,0.9808,LPath
G337P,0.9995,LPath
G337Q,0.9793,LPath
G337R,0.9913,LPath
G337S,0.4697,Amb
G337T,0.9395,LPath
G337V,0.9842,LPath
G337W,0.9947,LPath
G337Y,0.9921,LPath
L338A,0.9873,LPath
L338C,0.9583,LPath
L338D,0.9999,LPath
L338E,0.9995,LPath
L338F,0.917,LPath
L338G,0.9958,LPath
L338H,0.9988,LPath
L338I,0.8797,LPath
L338K,0.9988,LPath
L338M,0.4235,Amb
L338N,0.9985,LPath
L338P,0.9988,LPath
L338Q,0.9979,LPath
L338R,0.9984,LPath
L338S,0.9985,LPath
L338T,0.9867,LPath
L338V,0.8525,LPath
L338W,0.9969,LPath
L338Y,0.9974,LPath
D339A,0.7815,LPath
D339C,0.9465,LPath
D339E,0.3926,Amb
D339F,0.9804,LPath
D339G,0.8103,LPath
D339H,0.8572,LPath
D339I,0.9594,LPath
D339K,0.9671,LPath
D339L,0.9501,LPath
D339M,0.9736,LPath
D339N,0.539,Amb
D339P,0.9925,LPath
D339Q,0.8556,LPath
D339R,0.955,LPath
D339S,0.6348,LPath
D339T,0.8645,LPath
D339V,0.8988,LPath
D339W,0.9944,LPath
D339Y,0.8967,LPath
F340A,0.7577,LPath
F340C,0.1979,LBen
F340D,0.9134,LPath
F340E,0.9265,LPath
F340G,0.8656,LPath
F340H,0.348,Amb
F340I,0.6976,LPath
F340K,0.9233,LPath
F340L,0.9187,LPath
F340M,0.7034,LPath
F340N,0.5588,Amb
F340P,0.999,LPath
F340Q,0.7716,LPath
F340R,0.8123,LPath
F340S,0.5576,Amb
F340T,0.8299,LPath
F340V,0.5699,LPath
F340W,0.5882,LPath
F340Y,0.0858,LBen
C341A,0.9415,LPath
C341D,0.9997,LPath
C341E,0.9997,LPath
C341F,0.9978,LPath
C341G,0.9624,LPath
C341H,0.9996,LPath
C341I,0.7299,LPath
C341K,0.9999,LPath
C341L,0.8584,LPath
C341M,0.9702,LPath
C341N,0.9953,LPath
C341P,0.9989,LPath
C341Q,0.9991,LPath
C341R,0.9992,LPath
C341S,0.945,LPath
C341T,0.8395,LPath
C341V,0.5404,Amb
C341W,0.9998,LPath
C341Y,0.9997,LPath
K342A,0.6074,LPath
K342C,0.5692,LPath
K342D,0.6964,LPath
K342E,0.3865,Amb
K342F,0.9374,LPath
K342G,0.6199,LPath
K342H,0.209,LBen
K342I,0.7981,LPath
K342L,0.6744,LPath
K342M,0.6102,LPath
K342N,0.4362,Amb
K342P,0.9688,LPath
K342Q,0.1313,LBen
K342R,0.0676,LBen
K342S,0.4518,Amb
K342T,0.3615,Amb
K342V,0.6785,LPath
K342W,0.8608,LPath
K342Y,0.7769,LPath
Y343A,0.9829,LPath
Y343C,0.7786,LPath
Y343D,0.9889,LPath
Y343E,0.9969,LPath
Y343F,0.1052,LBen
Y343G,0.9756,LPath
Y343H,0.85,LPath
Y343I,0.9452,LPath
Y343K,0.9971,LPath
Y343L,0.9438,LPath
Y343M,0.9511,LPath
Y343N,0.896,LPath
Y343P,0.9995,LPath
Y343Q,0.9907,LPath
Y343R,0.9925,LPath
Y343S,0.9424,LPath
Y343T,0.9738,LPath
Y343V,0.8963,LPath
Y343W,0.7883,LPath
L344A,0.988,LPath
L344C,0.9444,LPath
L344D,1.0,LPath
L344E,0.9998,LPath
L344F,0.9022,LPath
L344G,0.9986,LPath
L344H,0.9989,LPath
L344I,0.7278,LPath
L344K,0.9997,LPath
L344M,0.7683,LPath
L344N,0.9996,LPath
L344P,0.9999,LPath
L344Q,0.9993,LPath
L344R,0.999,LPath
L344S,0.9993,LPath
L344T,0.9913,LPath
L344V,0.6529,LPath
L344W,0.9977,LPath
L344Y,0.9964,LPath
V345A,0.9607,LPath
V345C,0.9479,LPath
V345D,0.9998,LPath
V345E,0.9995,LPath
V345F,0.9941,LPath
V345G,0.9908,LPath
V345H,0.9998,LPath
V345I,0.188,LBen
V345K,0.9998,LPath
V345L,0.9718,LPath
V345M,0.9722,LPath
V345N,0.9982,LPath
V345P,0.9995,LPath
V345Q,0.999,LPath
V345R,0.9994,LPath
V345S,0.98,LPath
V345T,0.9408,LPath
V345W,0.9999,LPath
V345Y,0.9996,LPath
L346A,0.9949,LPath
L346C,0.9842,LPath
L346D,1.0,LPath
L346E,0.9998,LPath
L346F,0.9677,LPath
L346G,0.9991,LPath
L346H,0.9997,LPath
L346I,0.9001,LPath
L346K,0.9996,LPath
L346M,0.7825,LPath
L346N,0.9998,LPath
L346P,0.9999,LPath
L346Q,0.9997,LPath
L346R,0.9993,LPath
L346S,0.9997,LPath
L346T,0.998,LPath
L346V,0.9435,LPath
L346W,0.9983,LPath
L346Y,0.9989,LPath
D347A,0.9998,LPath
D347C,1.0,LPath
D347E,0.9997,LPath
D347F,0.9999,LPath
D347G,0.9995,LPath
D347H,0.9998,LPath
D347I,0.9999,LPath
D347K,0.9999,LPath
D347L,0.9997,LPath
D347M,1.0,LPath
D347N,0.9995,LPath
D347P,0.9999,LPath
D347Q,0.9999,LPath
D347R,0.9997,LPath
D347S,0.9993,LPath
D347T,0.9999,LPath
D347V,0.9998,LPath
D347W,0.9999,LPath
D347Y,0.9997,LPath
E348A,0.9999,LPath
E348C,0.9999,LPath
E348D,0.9999,LPath
E348F,1.0,LPath
E348G,0.9998,LPath
E348H,1.0,LPath
E348I,1.0,LPath
E348K,0.9999,LPath
E348L,1.0,LPath
E348M,0.9998,LPath
E348N,0.9999,LPath
E348P,1.0,LPath
E348Q,0.9998,LPath
E348R,0.9999,LPath
E348S,0.9999,LPath
E348T,1.0,LPath
E348V,0.9999,LPath
E348W,1.0,LPath
E348Y,1.0,LPath
A349C,0.9943,LPath
A349D,0.9999,LPath
A349E,0.9998,LPath
A349F,0.9994,LPath
A349G,0.9723,LPath
A349H,0.9999,LPath
A349I,0.9997,LPath
A349K,1.0,LPath
A349L,0.997,LPath
A349M,0.999,LPath
A349N,0.9999,LPath
A349P,0.9998,LPath
A349Q,0.9997,LPath
A349R,0.9994,LPath
A349S,0.9709,LPath
A349T,0.9987,LPath
A349V,0.9988,LPath
A349W,1.0,LPath
A349Y,0.9998,LPath
D350A,1.0,LPath
D350C,1.0,LPath
D350E,0.9999,LPath
D350F,1.0,LPath
D350G,0.9999,LPath
D350H,1.0,LPath
D350I,1.0,LPath
D350K,1.0,LPath
D350L,1.0,LPath
D350M,1.0,LPath
D350N,0.9999,LPath
D350P,1.0,LPath
D350Q,1.0,LPath
D350R,1.0,LPath
D350S,0.9999,LPath
D350T,1.0,LPath
D350V,1.0,LPath
D350W,1.0,LPath
D350Y,0.9999,LPath
R351A,0.9994,LPath
R351C,0.9989,LPath
R351D,0.9998,LPath
R351E,0.9954,LPath
R351F,0.9999,LPath
R351G,0.9989,LPath
R351H,0.9984,LPath
R351I,0.9996,LPath
R351K,0.9937,LPath
R351L,0.9982,LPath
R351M,0.9999,LPath
R351N,0.9996,LPath
R351P,1.0,LPath
R351Q,0.9942,LPath
R351S,0.9997,LPath
R351T,0.9996,LPath
R351V,0.9994,LPath
R351W,0.9995,LPath
R351Y,0.9997,LPath
M352A,0.9993,LPath
M352C,0.9962,LPath
M352D,1.0,LPath
M352E,0.9998,LPath
M352F,0.9967,LPath
M352G,0.9998,LPath
M352H,0.9998,LPath
M352I,0.9998,LPath
M352K,0.9998,LPath
M352L,0.9824,LPath
M352N,0.9997,LPath
M352P,1.0,LPath
M352Q,0.9968,LPath
M352R,0.9999,LPath
M352S,0.9994,LPath
M352T,0.9999,LPath
M352V,0.9989,LPath
M352W,0.9999,LPath
M352Y,0.9996,LPath
L353A,0.9981,LPath
L353C,0.9996,LPath
L353D,1.0,LPath
L353E,0.9999,LPath
L353F,0.9995,LPath
L353G,0.9993,LPath
L353H,0.9999,LPath
L353I,0.9906,LPath
L353K,0.9996,LPath
L353M,0.9799,LPath
L353N,0.9998,LPath
L353P,1.0,LPath
L353Q,0.9999,LPath
L353R,0.9993,LPath
L353S,0.9999,LPath
L353T,0.9994,LPath
L353V,0.9959,LPath
L353W,0.9998,LPath
L353Y,0.9998,LPath
D354A,0.9995,LPath
D354C,1.0,LPath
D354E,0.9992,LPath
D354F,0.9998,LPath
D354G,0.9991,LPath
D354H,0.9997,LPath
D354I,1.0,LPath
D354K,0.9999,LPath
D354L,0.9997,LPath
D354M,1.0,LPath
D354N,0.9989,LPath
D354P,1.0,LPath
D354Q,0.9998,LPath
D354R,0.9998,LPath
D354S,0.9988,LPath
D354T,0.9998,LPath
D354V,0.9997,LPath
D354W,1.0,LPath
D354Y,0.999,LPath
M355A,0.9995,LPath
M355C,0.9978,LPath
M355D,0.9998,LPath
M355E,0.9993,LPath
M355F,0.9906,LPath
M355G,0.9991,LPath
M355H,0.9991,LPath
M355I,0.9999,LPath
M355K,0.999,LPath
M355L,0.9644,LPath
M355N,0.9993,LPath
M355P,1.0,LPath
M355Q,0.9973,LPath
M355R,0.9988,LPath
M355S,0.9992,LPath
M355T,0.9999,LPath
M355V,0.9971,LPath
M355W,0.9984,LPath
M355Y,0.9986,LPath
G356A,0.9993,LPath
G356C,0.9998,LPath
G356D,0.9999,LPath
G356E,1.0,LPath
G356F,1.0,LPath
G356H,1.0,LPath
G356I,0.9999,LPath
G356K,1.0,LPath
G356L,0.9999,LPath
G356M,1.0,LPath
G356N,0.9999,LPath
G356P,1.0,LPath
G356Q,1.0,LPath
G356R,1.0,LPath
G356S,0.9996,LPath
G356T,0.9998,LPath
G356V,0.9999,LPath
G356W,1.0,LPath
G356Y,0.9999,LPath
F357A,0.9999,LPath
F357C,1.0,LPath
F357D,1.0,LPath
F357E,0.9999,LPath
F357G,0.9999,LPath
F357H,0.9999,LPath
F357I,0.9999,LPath
F357K,1.0,LPath
F357L,1.0,LPath
F357M,0.9998,LPath
F357N,0.9999,LPath
F357P,1.0,LPath
F357Q,0.9999,LPath
F357R,0.9999,LPath
F357S,1.0,LPath
F357T,1.0,LPath
F357V,0.9999,LPath
F357W,0.996,LPath
F357Y,0.997,LPath
E358A,0.9802,LPath
E358C,0.998,LPath
E358D,0.9994,LPath
E358F,0.9992,LPath
E358G,0.9695,LPath
E358H,0.9994,LPath
E358I,0.9973,LPath
E358K,0.9985,LPath
E358L,0.9965,LPath
E358M,0.9982,LPath
E358N,0.9998,LPath
E358P,0.9996,LPath
E358Q,0.9858,LPath
E358R,0.9969,LPath
E358S,0.9926,LPath
E358T,0.998,LPath
E358V,0.9961,LPath
E358W,0.9999,LPath
E358Y,0.999,LPath
P359A,0.9488,LPath
P359C,0.9976,LPath
P359D,0.9941,LPath
P359E,0.9903,LPath
P359F,0.9982,LPath
P359G,0.9686,LPath
P359H,0.984,LPath
P359I,0.9928,LPath
P359K,0.9904,LPath
P359L,0.9752,LPath
P359M,0.9908,LPath
P359N,0.9867,LPath
P359Q,0.9765,LPath
P359R,0.982,LPath
P359S,0.9855,LPath
P359T,0.9717,LPath
P359V,0.9768,LPath
P359W,0.9988,LPath
P359Y,0.9968,LPath
Q360A,0.7612,LPath
Q360C,0.9993,LPath
Q360D,0.9939,LPath
Q360E,0.9321,LPath
Q360F,0.9989,LPath
Q360G,0.9667,LPath
Q360H,0.9987,LPath
Q360I,0.9921,LPath
Q360K,0.9948,LPath
Q360L,0.9897,LPath
Q360M,0.9622,LPath
Q360N,0.9714,LPath
Q360P,0.9863,LPath
Q360R,0.9956,LPath
Q360S,0.8107,LPath
Q360T,0.9323,LPath
Q360V,0.969,LPath
Q360W,0.9997,LPath
Q360Y,0.9991,LPath
I361A,0.9996,LPath
I361C,0.9999,LPath
I361D,1.0,LPath
I361E,0.9999,LPath
I361F,0.9982,LPath
I361G,0.9999,LPath
I361H,1.0,LPath
I361K,0.9999,LPath
I361L,0.9731,LPath
I361M,0.9721,LPath
I361N,0.9999,LPath
I361P,0.9999,LPath
I361Q,0.9999,LPath
I361R,0.9999,LPath
I361S,0.9998,LPath
I361T,0.9996,LPath
I361V,0.8602,LPath
I361W,0.9999,LPath
I361Y,0.9998,LPath
R362A,0.9998,LPath
R362C,0.9953,LPath
R362D,0.9999,LPath
R362E,0.9987,LPath
R362F,0.9999,LPath
R362G,0.9991,LPath
R362H,0.9938,LPath
R362I,0.9997,LPath
R362K,0.9837,LPath
R362L,0.998,LPath
R362M,0.9999,LPath
R362N,0.9998,LPath
R362P,1.0,LPath
R362Q,0.9934,LPath
R362S,0.9998,LPath
R362T,0.9998,LPath
R362V,0.9996,LPath
R362W,0.9982,LPath
R362Y,0.9994,LPath
R363A,0.9935,LPath
R363C,0.9599,LPath
R363D,0.9949,LPath
R363E,0.9816,LPath
R363F,0.9969,LPath
R363G,0.9852,LPath
R363H,0.8367,LPath
R363I,0.9968,LPath
R363K,0.7662,LPath
R363L,0.9833,LPath
R363M,0.9954,LPath
R363N,0.9916,LPath
R363P,0.9998,LPath
R363Q,0.8568,LPath
R363S,0.9948,LPath
R363T,0.994,LPath
R363V,0.9945,LPath
R363W,0.9799,LPath
R363Y,0.9849,LPath
I364A,0.9967,LPath
I364C,0.9992,LPath
I364D,1.0,LPath
I364E,0.9999,LPath
I364F,0.9966,LPath
I364G,0.9998,LPath
I364H,1.0,LPath
I364K,0.9999,LPath
I364L,0.8048,LPath
I364M,0.9173,LPath
I364N,0.9998,LPath
I364P,0.9999,LPath
I364Q,0.9999,LPath
I364R,0.9998,LPath
I364S,0.9995,LPath
I364T,0.9971,LPath
I364V,0.6723,LPath
I364W,0.9999,LPath
I364Y,0.9997,LPath
V365A,0.9897,LPath
V365C,0.988,LPath
V365D,0.9999,LPath
V365E,0.9995,LPath
V365F,0.9971,LPath
V365G,0.9938,LPath
V365H,0.9999,LPath
V365I,0.4452,Amb
V365K,0.9995,LPath
V365L,0.9882,LPath
V365M,0.9919,LPath
V365N,0.9996,LPath
V365P,0.9997,LPath
V365Q,0.9992,LPath
V365R,0.9979,LPath
V365S,0.9944,LPath
V365T,0.969,LPath
V365W,0.9999,LPath
V365Y,0.9997,LPath
E366A,0.8911,LPath
E366C,0.9874,LPath
E366D,0.8149,LPath
E366F,0.9964,LPath
E366G,0.8739,LPath
E366H,0.9899,LPath
E366I,0.9871,LPath
E366K,0.9823,LPath
E366L,0.9637,LPath
E366M,0.9654,LPath
E366N,0.9523,LPath
E366P,0.9998,LPath
E366Q,0.6444,LPath
E366R,0.979,LPath
E366S,0.8797,LPath
E366T,0.9442,LPath
E366V,0.9585,LPath
E366W,0.9992,LPath
E366Y,0.9952,LPath
Q367A,0.4035,Amb
Q367C,0.8406,LPath
Q367D,0.7969,LPath
Q367E,0.2489,LBen
Q367F,0.9569,LPath
Q367G,0.3376,LBen
Q367H,0.6665,LPath
Q367I,0.9017,LPath
Q367K,0.2237,LBen
Q367L,0.4965,Amb
Q367M,0.5136,Amb
Q367N,0.5313,Amb
Q367P,0.9957,LPath
Q367R,0.356,Amb
Q367S,0.4426,Amb
Q367T,0.4814,Amb
Q367V,0.7585,LPath
Q367W,0.9793,LPath
Q367Y,0.9144,LPath
D368A,0.9726,LPath
D368C,0.9933,LPath
D368E,0.9287,LPath
D368F,0.9952,LPath
D368G,0.9433,LPath
D368H,0.9869,LPath
D368I,0.9982,LPath
D368K,0.9968,LPath
D368L,0.9963,LPath
D368M,0.9977,LPath
D368N,0.884,LPath
D368P,0.9994,LPath
D368Q,0.9898,LPath
D368R,0.9965,LPath
D368S,0.9278,LPath
D368T,0.9822,LPath
D368V,0.9907,LPath
D368W,0.9991,LPath
D368Y,0.9693,LPath
T369A,0.1042,LBen
T369C,0.31,LBen
T369D,0.5754,LPath
T369E,0.5801,LPath
T369F,0.5654,LPath
T369G,0.1915,LBen
T369H,0.3978,Amb
T369I,0.5536,Amb
T369K,0.5105,Amb
T369L,0.2331,LBen
T369M,0.174,LBen
T369N,0.1692,LBen
T369P,0.5415,Amb
T369Q,0.3573,Amb
T369R,0.469,Amb
T369S,0.1108,LBen
T369V,0.2936,LBen
T369W,0.8632,LPath
T369Y,0.5936,LPath
M370A,0.9949,LPath
M370C,0.974,LPath
M370D,0.9999,LPath
M370E,0.9996,LPath
M370F,0.9563,LPath
M370G,0.9986,LPath
M370H,0.9994,LPath
M370I,0.9939,LPath
M370K,0.9989,LPath
M370L,0.6678,LPath
M370N,0.999,LPath
M370P,0.9996,LPath
M370Q,0.9959,LPath
M370R,0.9993,LPath
M370S,0.9963,LPath
M370T,0.9969,LPath
M370V,0.9217,LPath
M370W,0.9995,LPath
M370Y,0.9985,LPath
P371A,0.8672,LPath
P371C,0.9816,LPath
P371D,0.9983,LPath
P371E,0.9945,LPath
P371F,0.9975,LPath
P371G,0.9744,LPath
P371H,0.9875,LPath
P371I,0.9734,LPath
P371K,0.9909,LPath
P371L,0.9008,LPath
P371M,0.9769,LPath
P371N,0.993,LPath
P371Q,0.9811,LPath
P371R,0.9819,LPath
P371S,0.9644,LPath
P371T,0.8831,LPath
P371V,0.9259,LPath
P371W,0.999,LPath
P371Y,0.9975,LPath
P372A,0.0754,LBen
P372C,0.3409,Amb
P372D,0.4711,Amb
P372E,0.2761,LBen
P372F,0.5672,LPath
P372G,0.2095,LBen
P372H,0.1917,LBen
P372I,0.3116,LBen
P372K,0.2785,LBen
P372L,0.1472,LBen
P372M,0.2628,LBen
P372N,0.2477,LBen
P372Q,0.1281,LBen
P372R,0.2187,LBen
P372S,0.1255,LBen
P372T,0.1371,LBen
P372V,0.1795,LBen
P372W,0.7775,LPath
P372Y,0.5382,Amb
K373A,0.6699,LPath
K373C,0.771,LPath
K373D,0.9718,LPath
K373E,0.8598,LPath
K373F,0.9922,LPath
K373G,0.8517,LPath
K373H,0.7741,LPath
K373I,0.8632,LPath
K373L,0.8476,LPath
K373M,0.7922,LPath
K373N,0.9309,LPath
K373P,0.7423,LPath
K373Q,0.49,Amb
K373R,0.1042,LBen
K373S,0.8284,LPath
K373T,0.4261,Amb
K373V,0.6391,LPath
K373W,0.9876,LPath
K373Y,0.9799,LPath
G374A,0.6473,LPath
G374C,0.8278,LPath
G374D,0.8427,LPath
G374E,0.8918,LPath
G374F,0.975,LPath
G374H,0.9195,LPath
G374I,0.9735,LPath
G374K,0.9648,LPath
G374L,0.9525,LPath
G374M,0.9398,LPath
G374N,0.6529,LPath
G374P,0.9904,LPath
G374Q,0.8916,LPath
G374R,0.9487,LPath
G374S,0.4954,Amb
G374T,0.7652,LPath
G374V,0.935,LPath
G374W,0.9775,LPath
G374Y,0.951,LPath
V375A,0.134,LBen
V375C,0.3812,Amb
V375D,0.2263,LBen
V375E,0.1561,LBen
V375F,0.132,LBen
V375G,0.1761,LBen
V375H,0.2845,LBen
V375I,0.0622,LBen
V375K,0.2329,LBen
V375L,0.1049,LBen
V375M,0.0777,LBen
V375N,0.1278,LBen
V375P,0.7983,LPath
V375Q,0.1297,LBen
V375R,0.2457,LBen
V375S,0.1166,LBen
V375T,0.1222,LBen
V375W,0.6611,LPath
V375Y,0.3369,LBen
R376A,0.9997,LPath
R376C,0.9859,LPath
R376D,0.9999,LPath
R376E,0.9988,LPath
R376F,0.9998,LPath
R376G,0.999,LPath
R376H,0.9851,LPath
R376I,0.9993,LPath
R376K,0.9886,LPath
R376L,0.9974,LPath
R376M,0.9999,LPath
R376N,0.9997,LPath
R376P,0.9993,LPath
R376Q,0.994,LPath
R376S,0.9998,LPath
R376T,0.9997,LPath
R376V,0.9992,LPath
R376W,0.9969,LPath
R376Y,0.9987,LPath
H377A,0.5798,LPath
H377C,0.2541,LBen
H377D,0.7553,LPath
H377E,0.5439,Amb
H377F,0.6482,LPath
H377G,0.6835,LPath
H377I,0.5842,LPath
H377K,0.5412,Amb
H377L,0.3418,Amb
H377M,0.5999,LPath
H377N,0.236,LBen
H377P,0.9034,LPath
H377Q,0.1395,LBen
H377R,0.3586,Amb
H377S,0.4102,Amb
H377T,0.4915,Amb
H377V,0.4954,Amb
H377W,0.752,LPath
H377Y,0.332,LBen
T378A,0.9751,LPath
T378C,0.9744,LPath
T378D,0.9992,LPath
T378E,0.9995,LPath
T378F,0.9992,LPath
T378G,0.9813,LPath
T378H,0.9977,LPath
T378I,0.9959,LPath
T378K,0.9993,LPath
T378L,0.9865,LPath
T378M,0.9783,LPath
T378N,0.9862,LPath
T378P,0.9957,LPath
T378Q,0.9976,LPath
T378R,0.9991,LPath
T378S,0.8839,LPath
T378V,0.9667,LPath
T378W,0.9999,LPath
T378Y,0.9996,LPath
M379A,0.8421,LPath
M379C,0.7963,LPath
M379D,0.9996,LPath
M379E,0.9961,LPath
M379F,0.9283,LPath
M379G,0.9789,LPath
M379H,0.9952,LPath
M379I,0.8905,LPath
M379K,0.9917,LPath
M379L,0.1726,LBen
M379N,0.9881,LPath
M379P,0.9996,LPath
M379Q,0.9699,LPath
M379R,0.9932,LPath
M379S,0.9509,LPath
M379T,0.8973,LPath
M379V,0.2598,LBen
M379W,0.9981,LPath
M379Y,0.9927,LPath
M380A,0.9981,LPath
M380C,0.9928,LPath
M380D,1.0,LPath
M380E,0.9999,LPath
M380F,0.984,LPath
M380G,0.9988,LPath
M380H,0.9998,LPath
M380I,0.9988,LPath
M380K,0.9996,LPath
M380L,0.6164,LPath
M380N,0.9995,LPath
M380P,1.0,LPath
M380Q,0.9984,LPath
M380R,0.9997,LPath
M380S,0.9993,LPath
M380T,0.9997,LPath
M380V,0.9889,LPath
M380W,0.9999,LPath
M380Y,0.9989,LPath
F381A,0.9997,LPath
F381C,0.9988,LPath
F381D,0.9999,LPath
F381E,1.0,LPath
F381G,0.9995,LPath
F381H,0.9994,LPath
F381I,0.9995,LPath
F381K,1.0,LPath
F381L,0.9999,LPath
F381M,0.999,LPath
F381N,0.9996,LPath
F381P,1.0,LPath
F381Q,0.9999,LPath
F381R,0.9999,LPath
F381S,0.9997,LPath
F381T,0.9998,LPath
F381V,0.9987,LPath
F381W,0.9908,LPath
F381Y,0.9408,LPath
S382A,0.9758,LPath
S382C,0.9982,LPath
S382D,0.9998,LPath
S382E,0.9994,LPath
S382F,0.9999,LPath
S382G,0.9966,LPath
S382H,0.9996,LPath
S382I,0.9998,LPath
S382K,1.0,LPath
S382L,0.9995,LPath
S382M,0.9996,LPath
S382N,0.9999,LPath
S382P,0.9997,LPath
S382Q,0.9995,LPath
S382R,0.9999,LPath
S382T,0.9772,LPath
S382V,0.9997,LPath
S382W,0.9995,LPath
S382Y,0.9999,LPath
A383C,0.9981,LPath
A383D,1.0,LPath
A383E,0.9997,LPath
A383F,0.9987,LPath
A383G,0.9984,LPath
A383H,0.9998,LPath
A383I,0.9998,LPath
A383K,1.0,LPath
A383L,0.9967,LPath
A383M,0.9996,LPath
A383N,0.9999,LPath
A383P,0.9996,LPath
A383Q,0.9995,LPath
A383R,0.9982,LPath
A383S,0.9709,LPath
A383T,0.9994,LPath
A383V,0.9997,LPath
A383W,0.9999,LPath
A383Y,0.9996,LPath
T384A,0.9976,LPath
T384C,0.9995,LPath
T384D,0.9998,LPath
T384E,0.9996,LPath
T384F,0.9997,LPath
T384G,0.9986,LPath
T384H,0.9995,LPath
T384I,0.9995,LPath
T384K,0.9995,LPath
T384L,0.9983,LPath
T384M,0.9989,LPath
T384N,0.9983,LPath
T384P,0.9977,LPath
T384Q,0.9994,LPath
T384R,0.9989,LPath
T384S,0.9954,LPath
T384V,0.9965,LPath
T384W,0.9999,LPath
T384Y,0.9998,LPath
F385A,0.9998,LPath
F385C,0.9998,LPath
F385D,1.0,LPath
F385E,1.0,LPath
F385G,0.9999,LPath
F385H,0.9996,LPath
F385I,0.9995,LPath
F385K,1.0,LPath
F385L,1.0,LPath
F385M,0.9995,LPath
F385N,0.9998,LPath
F385P,1.0,LPath
F385Q,0.9999,LPath
F385R,0.9998,LPath
F385S,0.9998,LPath
F385T,0.9999,LPath
F385V,0.9996,LPath
F385W,0.9939,LPath
F385Y,0.9604,LPath
P386A,0.9979,LPath
P386C,0.9999,LPath
P386D,0.9998,LPath
P386E,0.9997,LPath
P386F,1.0,LPath
P386G,0.999,LPath
P386H,0.9995,LPath
P386I,1.0,LPath
P386K,0.9997,LPath
P386L,0.9995,LPath
P386M,1.0,LPath
P386N,0.9997,LPath
P386Q,0.9995,LPath
P386R,0.9991,LPath
P386S,0.9988,LPath
P386T,0.9995,LPath
P386V,0.9999,LPath
P386W,1.0,LPath
P386Y,1.0,LPath
K387A,0.9507,LPath
K387C,0.9848,LPath
K387D,0.9863,LPath
K387E,0.9621,LPath
K387F,0.9971,LPath
K387G,0.9552,LPath
K387H,0.8803,LPath
K387I,0.987,LPath
K387L,0.9633,LPath
K387M,0.9586,LPath
K387N,0.9805,LPath
K387P,0.9559,LPath
K387Q,0.7582,LPath
K387R,0.1192,LBen
K387S,0.9655,LPath
K387T,0.9433,LPath
K387V,0.9543,LPath
K387W,0.991,LPath
K387Y,0.9859,LPath
E388A,0.923,LPath
E388C,0.9984,LPath
E388D,0.753,LPath
E388F,0.9994,LPath
E388G,0.9634,LPath
E388H,0.9954,LPath
E388I,0.9958,LPath
E388K,0.9846,LPath
E388L,0.9966,LPath
E388M,0.9953,LPath
E388N,0.9459,LPath
E388P,0.9737,LPath
E388Q,0.8871,LPath
E388R,0.9821,LPath
E388S,0.9501,LPath
E388T,0.9797,LPath
E388V,0.9821,LPath
E388W,0.9998,LPath
E388Y,0.998,LPath
I389A,0.999,LPath
I389C,0.9999,LPath
I389D,1.0,LPath
I389E,0.9997,LPath
I389F,0.999,LPath
I389G,0.9999,LPath
I389H,1.0,LPath
I389K,0.9999,LPath
I389L,0.9929,LPath
I389M,0.9856,LPath
I389N,0.9997,LPath
I389P,0.9997,LPath
I389Q,0.9999,LPath
I389R,0.9998,LPath
I389S,0.9994,LPath
I389T,0.9992,LPath
I389V,0.8454,LPath
I389W,0.9999,LPath
I389Y,0.9998,LPath
Q390A,0.9542,LPath
Q390C,0.9992,LPath
Q390D,0.9998,LPath
Q390E,0.9787,LPath
Q390F,0.9995,LPath
Q390G,0.9823,LPath
Q390H,0.9997,LPath
Q390I,0.9976,LPath
Q390K,0.9949,LPath
Q390L,0.9956,LPath
Q390M,0.9886,LPath
Q390N,0.9974,LPath
Q390P,0.9991,LPath
Q390R,0.9893,LPath
Q390S,0.9635,LPath
Q390T,0.9805,LPath
Q390V,0.9915,LPath
Q390W,0.9997,LPath
Q390Y,0.9997,LPath
M391A,0.8372,LPath
M391C,0.8149,LPath
M391D,0.9891,LPath
M391E,0.9258,LPath
M391F,0.5211,Amb
M391G,0.9408,LPath
M391H,0.7877,LPath
M391I,0.3564,Amb
M391K,0.8635,LPath
M391L,0.2092,LBen
M391N,0.8459,LPath
M391P,0.999,LPath
M391Q,0.684,LPath
M391R,0.8573,LPath
M391S,0.8753,LPath
M391T,0.8022,LPath
M391V,0.1365,LBen
M391W,0.91,LPath
M391Y,0.7848,LPath
L392A,0.9937,LPath
L392C,0.9982,LPath
L392D,0.9999,LPath
L392E,0.9996,LPath
L392F,0.9961,LPath
L392G,0.9989,LPath
L392H,0.9996,LPath
L392I,0.9797,LPath
L392K,0.9984,LPath
L392M,0.7929,LPath
L392N,0.9995,LPath
L392P,0.9999,LPath
L392Q,0.9992,LPath
L392R,0.9983,LPath
L392S,0.9996,LPath
L392T,0.9981,LPath
L392V,0.9861,LPath
L392W,0.9994,LPath
L392Y,0.999,LPath
A393C,0.9895,LPath
A393D,0.9999,LPath
A393E,0.9997,LPath
A393F,0.9995,LPath
A393G,0.9623,LPath
A393H,0.9998,LPath
A393I,0.9998,LPath
A393K,0.9999,LPath
A393L,0.9954,LPath
A393M,0.9994,LPath
A393N,0.9998,LPath
A393P,0.9996,LPath
A393Q,0.9987,LPath
A393R,0.9987,LPath
A393S,0.9086,LPath
A393T,0.9989,LPath
A393V,0.999,LPath
A393W,0.9999,LPath
A393Y,0.9998,LPath
R394A,0.9102,LPath
R394C,0.7207,LPath
R394D,0.9875,LPath
R394E,0.9345,LPath
R394F,0.9865,LPath
R394G,0.8299,LPath
R394H,0.6228,LPath
R394I,0.9745,LPath
R394K,0.3906,Amb
R394L,0.9005,LPath
R394M,0.944,LPath
R394N,0.9622,LPath
R394P,0.9991,LPath
R394Q,0.4584,Amb
R394S,0.9247,LPath
R394T,0.9201,LPath
R394V,0.954,LPath
R394W,0.9277,LPath
R394Y,0.9542,LPath
D395A,0.9929,LPath
D395C,0.9995,LPath
D395E,0.978,LPath
D395F,0.9994,LPath
D395G,0.9934,LPath
D395H,0.9967,LPath
D395I,0.9994,LPath
D395K,0.9981,LPath
D395L,0.9989,LPath
D395M,0.9995,LPath
D395N,0.976,LPath
D395P,0.9999,LPath
D395Q,0.9963,LPath
D395R,0.9978,LPath
D395S,0.9785,LPath
D395T,0.9954,LPath
D395V,0.9979,LPath
D395W,0.9998,LPath
D395Y,0.9941,LPath
F396A,0.9999,LPath
F396C,0.9995,LPath
F396D,0.9999,LPath
F396E,0.9999,LPath
F396G,0.9999,LPath
F396H,0.9989,LPath
F396I,0.999,LPath
F396K,0.9999,LPath
F396L,0.9999,LPath
F396M,0.999,LPath
F396N,0.9997,LPath
F396P,1.0,LPath
F396Q,0.9998,LPath
F396R,0.9996,LPath
F396S,0.9999,LPath
F396T,0.9998,LPath
F396V,0.999,LPath
F396W,0.9943,LPath
F396Y,0.9487,LPath
L397A,0.9929,LPath
L397C,0.9786,LPath
L397D,1.0,LPath
L397E,0.9996,LPath
L397F,0.9984,LPath
L397G,0.9979,LPath
L397H,0.9997,LPath
L397I,0.9806,LPath
L397K,0.9993,LPath
L397M,0.7358,LPath
L397N,0.9995,LPath
L397P,0.9999,LPath
L397Q,0.9982,LPath
L397R,0.9988,LPath
L397S,0.9994,LPath
L397T,0.9959,LPath
L397V,0.9772,LPath
L397W,0.9999,LPath
L397Y,0.9998,LPath
D398A,0.4427,Amb
D398C,0.8173,LPath
D398E,0.1226,LBen
D398F,0.8561,LPath
D398G,0.4615,Amb
D398H,0.4251,Amb
D398I,0.8648,LPath
D398K,0.7386,LPath
D398L,0.7814,LPath
D398M,0.8668,LPath
D398N,0.2209,LBen
D398P,0.9859,LPath
D398Q,0.422,Amb
D398R,0.728,LPath
D398S,0.2454,LBen
D398T,0.5532,Amb
D398V,0.6763,LPath
D398W,0.9554,LPath
D398Y,0.5689,LPath
E399A,0.5479,Amb
E399C,0.9325,LPath
E399D,0.0665,LBen
E399F,0.9824,LPath
E399G,0.4028,Amb
E399H,0.7258,LPath
E399I,0.9511,LPath
E399K,0.6466,LPath
E399L,0.9323,LPath
E399M,0.9241,LPath
E399N,0.1992,LBen
E399P,0.9853,LPath
E399Q,0.3137,LBen
E399R,0.7304,LPath
E399S,0.284,LBen
E399T,0.6177,LPath
E399V,0.8652,LPath
E399W,0.9915,LPath
E399Y,0.9259,LPath
Y400A,0.9982,LPath
Y400C,0.9922,LPath
Y400D,0.9979,LPath
Y400E,0.9996,LPath
Y400F,0.8412,LPath
Y400G,0.9889,LPath
Y400H,0.9974,LPath
Y400I,0.9987,LPath
Y400K,0.9997,LPath
Y400L,0.9953,LPath
Y400M,0.9983,LPath
Y400N,0.9905,LPath
Y400P,0.9963,LPath
Y400Q,0.9998,LPath
Y400R,0.9992,LPath
Y400S,0.9931,LPath
Y400T,0.9983,LPath
Y400V,0.9941,LPath
Y400W,0.9866,LPath
I401A,0.9908,LPath
I401C,0.9777,LPath
I401D,0.9998,LPath
I401E,0.9994,LPath
I401F,0.9838,LPath
I401G,0.9991,LPath
I401H,0.999,LPath
I401K,0.9983,LPath
I401L,0.6319,LPath
I401M,0.8519,LPath
I401N,0.9947,LPath
I401P,0.9992,LPath
I401Q,0.9982,LPath
I401R,0.9971,LPath
I401S,0.9919,LPath
I401T,0.97,LPath
I401V,0.1212,LBen
I401W,0.9995,LPath
I401Y,0.997,LPath
F402A,0.9998,LPath
F402C,0.9986,LPath
F402D,0.9999,LPath
F402E,0.9999,LPath
F402G,0.9998,LPath
F402H,0.9975,LPath
F402I,0.9996,LPath
F402K,0.9999,LPath
F402L,0.9999,LPath
F402M,0.9989,LPath
F402N,0.9995,LPath
F402P,1.0,LPath
F402Q,0.9994,LPath
F402R,0.9992,LPath
F402S,0.9995,LPath
F402T,0.9998,LPath
F402V,0.9995,LPath
F402W,0.9903,LPath
F402Y,0.9117,LPath
L403A,0.9964,LPath
L403C,0.9857,LPath
L403D,1.0,LPath
L403E,0.9998,LPath
L403F,0.9959,LPath
L403G,0.9997,LPath
L403H,0.9997,LPath
L403I,0.7226,LPath
L403K,0.9995,LPath
L403M,0.9104,LPath
L403N,0.9998,LPath
L403P,0.9999,LPath
L403Q,0.9995,LPath
L403R,0.9991,LPath
L403S,0.9997,LPath
L403T,0.9972,LPath
L403V,0.7326,LPath
L403W,0.9997,LPath
L403Y,0.9995,LPath
A404C,0.9527,LPath
A404D,0.9996,LPath
A404E,0.9985,LPath
A404F,0.9932,LPath
A404G,0.9548,LPath
A404H,0.9964,LPath
A404I,0.9945,LPath
A404K,0.9989,LPath
A404L,0.9621,LPath
A404M,0.9723,LPath
A404N,0.9953,LPath
A404P,0.9995,LPath
A404Q,0.9881,LPath
A404R,0.9916,LPath
A404S,0.6643,LPath
A404T,0.7868,LPath
A404V,0.9682,LPath
A404W,0.9989,LPath
A404Y,0.9966,LPath
V405A,0.9961,LPath
V405C,0.9983,LPath
V405D,0.9999,LPath
V405E,0.9996,LPath
V405F,0.9985,LPath
V405G,0.9978,LPath
V405H,1.0,LPath
V405I,0.3654,Amb
V405K,0.9997,LPath
V405L,0.9974,LPath
V405M,0.9968,LPath
V405N,0.9996,LPath
V405P,0.9996,LPath
V405Q,0.9997,LPath
V405R,0.9991,LPath
V405S,0.9969,LPath
V405T,0.9855,LPath
V405W,1.0,LPath
V405Y,0.9999,LPath
G406A,0.9993,LPath
G406C,0.9998,LPath
G406D,0.9999,LPath
G406E,1.0,LPath
G406F,1.0,LPath
G406H,1.0,LPath
G406I,1.0,LPath
G406K,1.0,LPath
G406L,0.9999,LPath
G406M,1.0,LPath
G406N,0.9999,LPath
G406P,1.0,LPath
G406Q,1.0,LPath
G406R,0.9999,LPath
G406S,0.9993,LPath
G406T,0.9998,LPath
G406V,0.9999,LPath
G406W,1.0,LPath
G406Y,1.0,LPath
R407A,0.9987,LPath
R407C,0.9896,LPath
R407D,0.9992,LPath
R407E,0.9953,LPath
R407F,0.9992,LPath
R407G,0.9983,LPath
R407H,0.9772,LPath
R407I,0.9918,LPath
R407K,0.872,LPath
R407L,0.9924,LPath
R407M,0.9977,LPath
R407N,0.9989,LPath
R407P,0.9994,LPath
R407Q,0.9657,LPath
R407S,0.9993,LPath
R407T,0.9979,LPath
R407V,0.9888,LPath
R407W,0.9948,LPath
R407Y,0.9979,LPath
V408A,0.998,LPath
V408C,0.999,LPath
V408D,0.9997,LPath
V408E,0.9992,LPath
V408F,0.997,LPath
V408G,0.9886,LPath
V408H,0.9999,LPath
V408I,0.8054,LPath
V408K,0.999,LPath
V408L,0.998,LPath
V408M,0.9979,LPath
V408N,0.9993,LPath
V408P,0.9975,LPath
V408Q,0.9994,LPath
V408R,0.997,LPath
V408S,0.9968,LPath
V408T,0.9882,LPath
V408W,0.9999,LPath
V408Y,0.9995,LPath
G409A,0.998,LPath
G409C,0.9995,LPath
G409D,0.9998,LPath
G409E,0.9999,LPath
G409F,0.9998,LPath
G409H,1.0,LPath
G409I,0.9998,LPath
G409K,1.0,LPath
G409L,0.9996,LPath
G409M,0.9999,LPath
G409N,0.9998,LPath
G409P,0.9999,LPath
G409Q,0.9999,LPath
G409R,0.9999,LPath
G409S,0.9979,LPath
G409T,0.999,LPath
G409V,0.9996,LPath
G409W,0.9999,LPath
G409Y,0.9999,LPath
S410A,0.5673,LPath
S410C,0.9437,LPath
S410D,0.9982,LPath
S410E,0.998,LPath
S410F,0.9963,LPath
S410G,0.8061,LPath
S410H,0.9955,LPath
S410I,0.9983,LPath
S410K,0.9996,LPath
S410L,0.9879,LPath
S410M,0.9834,LPath
S410N,0.9911,LPath
S410P,0.9995,LPath
S410Q,0.9932,LPath
S410R,0.9993,LPath
S410T,0.9632,LPath
S410V,0.9962,LPath
S410W,0.9969,LPath
S410Y,0.9948,LPath
T411A,0.828,LPath
T411C,0.9906,LPath
T411D,0.9992,LPath
T411E,0.999,LPath
T411F,0.9987,LPath
T411G,0.9834,LPath
T411H,0.9982,LPath
T411I,0.9971,LPath
T411K,0.9986,LPath
T411L,0.9753,LPath
T411M,0.9793,LPath
T411N,0.9931,LPath
T411P,0.9484,LPath
T411Q,0.9971,LPath
T411R,0.9968,LPath
T411S,0.9276,LPath
T411V,0.9652,LPath
T411W,0.9998,LPath
T411Y,0.9994,LPath
S412A,0.7367,LPath
S412C,0.9058,LPath
S412D,0.9983,LPath
S412E,0.9983,LPath
S412F,0.9989,LPath
S412G,0.9428,LPath
S412H,0.9937,LPath
S412I,0.9972,LPath
S412K,0.9998,LPath
S412L,0.9885,LPath
S412M,0.9836,LPath
S412N,0.9643,LPath
S412P,0.9985,LPath
S412Q,0.995,LPath
S412R,0.9997,LPath
S412T,0.7627,LPath
S412V,0.9911,LPath
S412W,0.998,LPath
S412Y,0.998,LPath
E413A,0.8184,LPath
E413C,0.9939,LPath
E413D,0.9424,LPath
E413F,0.9988,LPath
E413G,0.899,LPath
E413H,0.9959,LPath
E413I,0.9827,LPath
E413K,0.9585,LPath
E413L,0.9857,LPath
E413M,0.9789,LPath
E413N,0.9845,LPath
E413P,0.996,LPath
E413Q,0.7747,LPath
E413R,0.9693,LPath
E413S,0.8994,LPath
E413T,0.9274,LPath
E413V,0.9269,LPath
E413W,0.9997,LPath
E413Y,0.9984,LPath
N414A,0.9915,LPath
N414C,0.9803,LPath
N414D,0.978,LPath
N414E,0.9983,LPath
N414F,0.9901,LPath
N414G,0.9887,LPath
N414H,0.9667,LPath
N414I,0.9962,LPath
N414K,0.999,LPath
N414L,0.9829,LPath
N414M,0.9864,LPath
N414P,0.9995,LPath
N414Q,0.9971,LPath
N414R,0.9982,LPath
N414S,0.9375,LPath
N414T,0.9865,LPath
N414V,0.993,LPath
N414W,0.9984,LPath
N414Y,0.9357,LPath
I415A,0.9998,LPath
I415C,0.9999,LPath
I415D,1.0,LPath
I415E,0.9999,LPath
I415F,0.9999,LPath
I415G,1.0,LPath
I415H,1.0,LPath
I415K,1.0,LPath
I415L,0.9966,LPath
I415M,0.9979,LPath
I415N,0.9999,LPath
I415P,0.9999,LPath
I415Q,1.0,LPath
I415R,0.9999,LPath
I415S,0.9998,LPath
I415T,0.9994,LPath
I415V,0.7842,LPath
I415W,1.0,LPath
I415Y,1.0,LPath
T416A,0.7546,LPath
T416C,0.9098,LPath
T416D,0.99,LPath
T416E,0.9434,LPath
T416F,0.9315,LPath
T416G,0.9493,LPath
T416H,0.9109,LPath
T416I,0.701,LPath
T416K,0.9051,LPath
T416L,0.6096,LPath
T416M,0.4666,Amb
T416N,0.8881,LPath
T416P,0.9907,LPath
T416Q,0.7949,LPath
T416R,0.8837,LPath
T416S,0.6941,LPath
T416V,0.5369,Amb
T416W,0.9849,LPath
T416Y,0.961,LPath
Q417A,0.9757,LPath
Q417C,0.9995,LPath
Q417D,0.9998,LPath
Q417E,0.9709,LPath
Q417F,0.9997,LPath
Q417G,0.9818,LPath
Q417H,0.9995,LPath
Q417I,0.9982,LPath
Q417K,0.9982,LPath
Q417L,0.9942,LPath
Q417M,0.9814,LPath
Q417N,0.9909,LPath
Q417P,0.9989,LPath
Q417R,0.9988,LPath
Q417S,0.9499,LPath
Q417T,0.979,LPath
Q417V,0.9953,LPath
Q417W,0.9999,LPath
Q417Y,0.9999,LPath
K418A,0.9777,LPath
K418C,0.9596,LPath
K418D,0.9907,LPath
K418E,0.9473,LPath
K418F,0.9951,LPath
K418G,0.9869,LPath
K418H,0.7299,LPath
K418I,0.9647,LPath
K418L,0.9583,LPath
K418M,0.9,LPath
K418N,0.9749,LPath
K418P,0.9995,LPath
K418Q,0.6898,LPath
K418R,0.1743,LBen
K418S,0.9798,LPath
K418T,0.876,LPath
K418V,0.9287,LPath
K418W,0.9868,LPath
K418Y,0.9718,LPath
V419A,0.9495,LPath
V419C,0.9566,LPath
V419D,0.9997,LPath
V419E,0.9988,LPath
V419F,0.8897,LPath
V419G,0.9792,LPath
V419H,0.9996,LPath
V419I,0.118,LBen
V419K,0.9993,LPath
V419L,0.7877,LPath
V419M,0.7741,LPath
V419N,0.998,LPath
V419P,0.9989,LPath
V419Q,0.9988,LPath
V419R,0.9988,LPath
V419S,0.9907,LPath
V419T,0.9349,LPath
V419W,0.9991,LPath
V419Y,0.995,LPath
V420A,0.9089,LPath
V420C,0.8745,LPath
V420D,0.9946,LPath
V420E,0.9385,LPath
V420F,0.7163,LPath
V420G,0.9574,LPath
V420H,0.9856,LPath
V420I,0.1206,LBen
V420K,0.9856,LPath
V420L,0.6158,LPath
V420M,0.5835,LPath
V420N,0.9793,LPath
V420P,0.9993,LPath
V420Q,0.9483,LPath
V420R,0.9746,LPath
V420S,0.9534,LPath
V420T,0.8998,LPath
V420W,0.9912,LPath
V420Y,0.9514,LPath
W421A,0.9685,LPath
W421C,0.9709,LPath
W421D,0.9955,LPath
W421E,0.994,LPath
W421F,0.4425,Amb
W421G,0.9525,LPath
W421H,0.947,LPath
W421I,0.9835,LPath
W421K,0.9936,LPath
W421L,0.836,LPath
W421M,0.939,LPath
W421N,0.9826,LPath
W421P,0.9965,LPath
W421Q,0.9907,LPath
W421R,0.9872,LPath
W421S,0.9564,LPath
W421T,0.9907,LPath
W421V,0.9711,LPath
W421Y,0.5046,Amb
V422A,0.9516,LPath
V422C,0.9396,LPath
V422D,0.9996,LPath
V422E,0.9987,LPath
V422F,0.9989,LPath
V422G,0.9677,LPath
V422H,0.9998,LPath
V422I,0.6231,LPath
V422K,0.9992,LPath
V422L,0.9912,LPath
V422M,0.9903,LPath
V422N,0.9984,LPath
V422P,0.9995,LPath
V422Q,0.9983,LPath
V422R,0.9973,LPath
V422S,0.9842,LPath
V422T,0.9056,LPath
V422W,0.9999,LPath
V422Y,0.9997,LPath
E423A,0.4749,Amb
E423C,0.9301,LPath
E423D,0.1152,LBen
E423F,0.9812,LPath
E423G,0.4089,Amb
E423H,0.8279,LPath
E423I,0.9406,LPath
E423K,0.7352,LPath
E423L,0.8475,LPath
E423M,0.8894,LPath
E423N,0.4812,Amb
E423P,0.7842,LPath
E423Q,0.4195,Amb
E423R,0.7934,LPath
E423S,0.434,Amb
E423T,0.6768,LPath
E423V,0.8098,LPath
E423W,0.9899,LPath
E423Y,0.9511,LPath
E424A,0.796,LPath
E424C,0.9819,LPath
E424D,0.0704,LBen
E424F,0.9892,LPath
E424G,0.7781,LPath
E424H,0.9695,LPath
E424I,0.9578,LPath
E424K,0.9512,LPath
E424L,0.9533,LPath
E424M,0.967,LPath
E424N,0.6542,LPath
E424P,0.9329,LPath
E424Q,0.8376,LPath
E424R,0.9639,LPath
E424S,0.7549,LPath
E424T,0.8756,LPath
E424V,0.8866,LPath
E424W,0.9961,LPath
E424Y,0.9661,LPath
S425A,0.0558,LBen
S425C,0.0931,LBen
S425D,0.3046,LBen
S425E,0.3274,LBen
S425F,0.1426,LBen
S425G,0.0706,LBen
S425H,0.178,LBen
S425I,0.1065,LBen
S425K,0.4645,Amb
S425L,0.0658,LBen
S425M,0.0759,LBen
S425N,0.0719,LBen
S425P,0.1396,LBen
S425Q,0.1982,LBen
S425R,0.4999,Amb
S425T,0.0639,LBen
S425V,0.0933,LBen
S425W,0.3086,LBen
S425Y,0.1659,LBen
D426A,0.8818,LPath
D426C,0.9684,LPath
D426E,0.477,Amb
D426F,0.9868,LPath
D426G,0.9076,LPath
D426H,0.9384,LPath
D426I,0.9848,LPath
D426K,0.9731,LPath
D426L,0.9719,LPath
D426M,0.9847,LPath
D426N,0.6627,LPath
D426P,0.9982,LPath
D426Q,0.8787,LPath
D426R,0.9671,LPath
D426S,0.7484,LPath
D426T,0.9493,LPath
D426V,0.9445,LPath
D426W,0.9963,LPath
D426Y,0.939,LPath
K427A,0.9995,LPath
K427C,0.9994,LPath
K427D,0.9999,LPath
K427E,0.9995,LPath
K427F,1.0,LPath
K427G,0.9994,LPath
K427H,0.9981,LPath
K427I,0.9996,LPath
K427L,0.9993,LPath
K427M,0.9988,LPath
K427N,0.9998,LPath
K427P,0.9994,LPath
K427Q,0.997,LPath
K427R,0.7274,LPath
K427S,0.9998,LPath
K427T,0.9986,LPath
K427V,0.9993,LPath
K427W,1.0,LPath
K427Y,0.9998,LPath
R428A,0.9769,LPath
R428C,0.774,LPath
R428D,0.9889,LPath
R428E,0.9274,LPath
R428F,0.9695,LPath
R428G,0.9601,LPath
R428H,0.5442,Amb
R428I,0.9267,LPath
R428K,0.3859,Amb
R428L,0.9225,LPath
R428M,0.9472,LPath
R428N,0.974,LPath
R428P,0.9773,LPath
R428Q,0.5094,Amb
R428S,0.9855,LPath
R428T,0.9658,LPath
R428V,0.9347,LPath
R428W,0.844,LPath
R428Y,0.9065,LPath
S429A,0.2058,LBen
S429C,0.4148,Amb
S429D,0.8187,LPath
S429E,0.8576,LPath
S429F,0.9023,LPath
S429G,0.302,LBen
S429H,0.8565,LPath
S429I,0.8817,LPath
S429K,0.9855,LPath
S429L,0.6322,LPath
S429M,0.6976,LPath
S429N,0.6107,LPath
S429P,0.8158,LPath
S429Q,0.8853,LPath
S429R,0.9775,LPath
S429T,0.3995,Amb
S429V,0.7924,LPath
S429W,0.9216,LPath
S429Y,0.8345,LPath
F430A,0.9771,LPath
F430C,0.7198,LPath
F430D,0.9985,LPath
F430E,0.9974,LPath
F430G,0.9949,LPath
F430H,0.9369,LPath
F430I,0.9003,LPath
F430K,0.9966,LPath
F430L,0.9927,LPath
F430M,0.9248,LPath
F430N,0.9845,LPath
F430P,0.9999,LPath
F430Q,0.9866,LPath
F430R,0.9871,LPath
F430S,0.9725,LPath
F430T,0.9742,LPath
F430V,0.7825,LPath
F430W,0.8972,LPath
F430Y,0.4101,Amb
L431A,0.9886,LPath
L431C,0.964,LPath
L431D,1.0,LPath
L431E,0.9999,LPath
L431F,0.9906,LPath
L431G,0.9991,LPath
L431H,0.9997,LPath
L431I,0.6612,LPath
L431K,0.9998,LPath
L431M,0.8546,LPath
L431N,0.9998,LPath
L431P,0.9999,LPath
L431Q,0.9993,LPath
L431R,0.9994,LPath
L431S,0.9992,LPath
L431T,0.9919,LPath
L431V,0.6545,LPath
L431W,0.9997,LPath
L431Y,0.9996,LPath
L432A,0.9278,LPath
L432C,0.8535,LPath
L432D,0.9982,LPath
L432E,0.9792,LPath
L432F,0.9105,LPath
L432G,0.9776,LPath
L432H,0.9629,LPath
L432I,0.5133,Amb
L432K,0.8987,LPath
L432M,0.3455,Amb
L432N,0.9809,LPath
L432P,0.9987,LPath
L432Q,0.8785,LPath
L432R,0.8505,LPath
L432S,0.977,LPath
L432T,0.8934,LPath
L432V,0.4476,Amb
L432W,0.9639,LPath
L432Y,0.9713,LPath
D433A,0.9957,LPath
D433C,0.9988,LPath
D433E,0.989,LPath
D433F,0.9988,LPath
D433G,0.9947,LPath
D433H,0.9956,LPath
D433I,0.9993,LPath
D433K,0.9987,LPath
D433L,0.9971,LPath
D433M,0.9994,LPath
D433N,0.9853,LPath
D433P,0.9997,LPath
D433Q,0.9976,LPath
D433R,0.9978,LPath
D433S,0.9899,LPath
D433T,0.9981,LPath
D433V,0.9968,LPath
D433W,0.9994,LPath
D433Y,0.9903,LPath
L434A,0.9765,LPath
L434C,0.9517,LPath
L434D,0.9997,LPath
L434E,0.9958,LPath
L434F,0.9548,LPath
L434G,0.9978,LPath
L434H,0.9892,LPath
L434I,0.229,LBen
L434K,0.9904,LPath
L434M,0.5733,LPath
L434N,0.9948,LPath
L434P,0.9998,LPath
L434Q,0.9889,LPath
L434R,0.9851,LPath
L434S,0.9959,LPath
L434T,0.9648,LPath
L434V,0.4191,Amb
L434W,0.9914,LPath
L434Y,0.9888,LPath
L435A,0.9898,LPath
L435C,0.9646,LPath
L435D,0.9999,LPath
L435E,0.9992,LPath
L435F,0.9705,LPath
L435G,0.9987,LPath
L435H,0.9983,LPath
L435I,0.3533,Amb
L435K,0.9978,LPath
L435M,0.6203,LPath
L435N,0.999,LPath
L435P,0.9996,LPath
L435Q,0.9965,LPath
L435R,0.9962,LPath
L435S,0.9989,LPath
L435T,0.9899,LPath
L435V,0.5354,Amb
L435W,0.9969,LPath
L435Y,0.9977,LPath
N436A,0.2068,LBen
N436C,0.2139,LBen
N436D,0.1794,LBen
N436E,0.4408,Amb
N436F,0.6229,LPath
N436G,0.1761,LBen
N436H,0.113,LBen
N436I,0.4361,Amb
N436K,0.5484,Amb
N436L,0.2885,LBen
N436M,0.3777,Amb
N436P,0.9549,LPath
N436Q,0.3427,Amb
N436R,0.5199,Amb
N436S,0.0679,LBen
N436T,0.1442,LBen
N436V,0.3449,Amb
N436W,0.8257,LPath
N436Y,0.2866,LBen
A437C,0.7375,LPath
A437D,0.9773,LPath
A437E,0.9602,LPath
A437F,0.9084,LPath
A437G,0.6248,LPath
A437H,0.9312,LPath
A437I,0.864,LPath
A437K,0.9819,LPath
A437L,0.7553,LPath
A437M,0.7872,LPath
A437N,0.8634,LPath
A437P,0.9928,LPath
A437Q,0.8944,LPath
A437R,0.948,LPath
A437S,0.2876,LBen
A437T,0.5089,Amb
A437V,0.6392,LPath
A437W,0.988,LPath
A437Y,0.9472,LPath
T438A,0.1273,LBen
T438C,0.4705,Amb
T438D,0.8733,LPath
T438E,0.8293,LPath
T438F,0.8246,LPath
T438G,0.3387,LBen
T438H,0.7188,LPath
T438I,0.6837,LPath
T438K,0.8365,LPath
T438L,0.3833,Amb
T438M,0.2467,LBen
T438N,0.4332,Amb
T438P,0.5888,LPath
T438Q,0.6594,LPath
T438R,0.789,LPath
T438S,0.1995,LBen
T438V,0.4024,Amb
T438W,0.9463,LPath
T438Y,0.8634,LPath
G439A,0.3705,Amb
G439C,0.5622,Amb
G439D,0.669,LPath
G439E,0.7169,LPath
G439F,0.9559,LPath
G439H,0.8178,LPath
G439I,0.8947,LPath
G439K,0.8881,LPath
G439L,0.8774,LPath
G439M,0.9007,LPath
G439N,0.5605,Amb
G439P,0.8846,LPath
G439Q,0.7048,LPath
G439R,0.8216,LPath
G439S,0.1988,LBen
G439T,0.5052,Amb
G439V,0.757,LPath
G439W,0.9342,LPath
G439Y,0.9311,LPath
K440A,0.3294,LBen
K440C,0.6654,LPath
K440D,0.5453,Amb
K440E,0.2181,LBen
K440F,0.8744,LPath
K440G,0.3647,Amb
K440H,0.3223,LBen
K440I,0.5512,Amb
K440L,0.4759,Amb
K440M,0.4057,Amb
K440N,0.4695,Amb
K440P,0.3736,Amb
K440Q,0.1455,LBen
K440R,0.083,LBen
K440S,0.3666,Amb
K440T,0.2403,LBen
K440V,0.4374,Amb
K440W,0.8011,LPath
K440Y,0.7557,LPath
D441A,0.2582,LBen
D441C,0.7294,LPath
D441E,0.1034,LBen
D441F,0.7965,LPath
D441G,0.2208,LBen
D441H,0.485,Amb
D441I,0.6174,LPath
D441K,0.6293,LPath
D441L,0.5928,LPath
D441M,0.7048,LPath
D441N,0.1382,LBen
D441P,0.7489,LPath
D441Q,0.3882,Amb
D441R,0.6844,LPath
D441S,0.168,LBen
D441T,0.2778,LBen
D441V,0.4034,Amb
D441W,0.9465,LPath
D441Y,0.5196,Amb
S442A,0.0877,LBen
S442C,0.1479,LBen
S442D,0.8618,LPath
S442E,0.8849,LPath
S442F,0.6381,LPath
S442G,0.2047,LBen
S442H,0.7564,LPath
S442I,0.6906,LPath
S442K,0.9766,LPath
S442L,0.3525,Amb
S442M,0.3987,Amb
S442N,0.4764,Amb
S442P,0.9046,LPath
S442Q,0.7836,LPath
S442R,0.9675,LPath
S442T,0.1605,LBen
S442V,0.4784,Amb
S442W,0.8347,LPath
S442Y,0.6425,LPath
L443A,0.9689,LPath
L443C,0.9502,LPath
L443D,0.9993,LPath
L443E,0.9962,LPath
L443F,0.9803,LPath
L443G,0.9862,LPath
L443H,0.983,LPath
L443I,0.9271,LPath
L443K,0.8852,LPath
L443M,0.8433,LPath
L443N,0.988,LPath
L443P,0.9949,LPath
L443Q,0.9584,LPath
L443R,0.7294,LPath
L443S,0.9922,LPath
L443T,0.9826,LPath
L443V,0.8866,LPath
L443W,0.9932,LPath
L443Y,0.9885,LPath
T444A,0.7543,LPath
T444C,0.7725,LPath
T444D,0.997,LPath
T444E,0.9959,LPath
T444F,0.9551,LPath
T444G,0.9576,LPath
T444H,0.9774,LPath
T444I,0.4544,Amb
T444K,0.9935,LPath
T444L,0.7415,LPath
T444M,0.5927,LPath
T444N,0.9416,LPath
T444P,0.9897,LPath
T444Q,0.9766,LPath
T444R,0.9925,LPath
T444S,0.7391,LPath
T444V,0.3359,LBen
T444W,0.9929,LPath
T444Y,0.9767,LPath
L445A,0.9946,LPath
L445C,0.9943,LPath
L445D,1.0,LPath
L445E,0.9999,LPath
L445F,0.9961,LPath
L445G,0.9997,LPath
L445H,0.9999,LPath
L445I,0.5022,Amb
L445K,0.9998,LPath
L445M,0.757,LPath
L445N,0.9998,LPath
L445P,0.9999,LPath
L445Q,0.9998,LPath
L445R,0.9996,LPath
L445S,0.9996,LPath
L445T,0.9973,LPath
L445V,0.647,LPath
L445W,0.9998,LPath
L445Y,0.9997,LPath
V446A,0.9805,LPath
V446C,0.9641,LPath
V446D,0.9998,LPath
V446E,0.9996,LPath
V446F,0.9924,LPath
V446G,0.991,LPath
V446H,0.9998,LPath
V446I,0.1474,LBen
V446K,0.9998,LPath
V446L,0.9382,LPath
V446M,0.9681,LPath
V446N,0.9989,LPath
V446P,0.9996,LPath
V446Q,0.9994,LPath
V446R,0.9993,LPath
V446S,0.9887,LPath
V446T,0.946,LPath
V446W,0.9999,LPath
V446Y,0.9993,LPath
F447A,0.9998,LPath
F447C,0.9997,LPath
F447D,0.9999,LPath
F447E,0.9999,LPath
F447G,0.9998,LPath
F447H,0.9997,LPath
F447I,0.9996,LPath
F447K,1.0,LPath
F447L,1.0,LPath
F447M,0.9994,LPath
F447N,0.9998,LPath
F447P,1.0,LPath
F447Q,0.9999,LPath
F447R,0.9998,LPath
F447S,0.9998,LPath
F447T,0.9998,LPath
F447V,0.9996,LPath
F447W,0.9962,LPath
F447Y,0.9938,LPath
V448A,0.9571,LPath
V448C,0.9325,LPath
V448D,0.9998,LPath
V448E,0.9991,LPath
V448F,0.998,LPath
V448G,0.975,LPath
V448H,0.9997,LPath
V448I,0.7065,LPath
V448K,0.9993,LPath
V448L,0.991,LPath
V448M,0.9898,LPath
V448N,0.9979,LPath
V448P,0.9997,LPath
V448Q,0.9982,LPath
V448R,0.9973,LPath
V448S,0.9521,LPath
V448T,0.6203,LPath
V448W,0.9999,LPath
V448Y,0.9997,LPath
E449A,0.9897,LPath
E449C,0.9986,LPath
E449D,0.9854,LPath
E449F,0.9998,LPath
E449G,0.9796,LPath
E449H,0.9993,LPath
E449I,0.9995,LPath
E449K,0.9976,LPath
E449L,0.9993,LPath
E449M,0.9986,LPath
E449N,0.9951,LPath
E449P,0.9996,LPath
E449Q,0.9666,LPath
E449R,0.9961,LPath
E449S,0.9856,LPath
E449T,0.9963,LPath
E449V,0.9977,LPath
E449W,0.9999,LPath
E449Y,0.9997,LPath
T450A,0.9908,LPath
T450C,0.9977,LPath
T450D,0.9968,LPath
T450E,0.9927,LPath
T450F,0.9954,LPath
T450G,0.9683,LPath
T450H,0.9911,LPath
T450I,0.9992,LPath
T450K,0.9571,LPath
T450L,0.9819,LPath
T450M,0.9629,LPath
T450N,0.9516,LPath
T450P,0.9976,LPath
T450Q,0.9518,LPath
T450R,0.9475,LPath
T450S,0.969,LPath
T450V,0.9948,LPath
T450W,0.9987,LPath
T450Y,0.9943,LPath
K451A,0.9993,LPath
K451C,0.9998,LPath
K451D,0.9999,LPath
K451E,0.9997,LPath
K451F,1.0,LPath
K451G,0.9993,LPath
K451H,0.9992,LPath
K451I,0.9999,LPath
K451L,0.9997,LPath
K451M,0.9996,LPath
K451N,0.9999,LPath
K451P,0.9991,LPath
K451Q,0.9982,LPath
K451R,0.7069,LPath
K451S,0.9997,LPath
K451T,0.9994,LPath
K451V,0.9996,LPath
K451W,0.9999,LPath
K451Y,0.9999,LPath
K452A,0.9902,LPath
K452C,0.9949,LPath
K452D,0.9981,LPath
K452E,0.9956,LPath
K452F,0.9988,LPath
K452G,0.9908,LPath
K452H,0.9698,LPath
K452I,0.9946,LPath
K452L,0.9889,LPath
K452M,0.9855,LPath
K452N,0.9972,LPath
K452P,0.9971,LPath
K452Q,0.9456,LPath
K452R,0.118,LBen
K452S,0.9971,LPath
K452T,0.9911,LPath
K452V,0.9878,LPath
K452W,0.9965,LPath
K452Y,0.9942,LPath
G453A,0.6065,LPath
G453C,0.9046,LPath
G453D,0.9895,LPath
G453E,0.9849,LPath
G453F,0.9841,LPath
G453H,0.991,LPath
G453I,0.9779,LPath
G453K,0.995,LPath
G453L,0.937,LPath
G453M,0.8859,LPath
G453N,0.9248,LPath
G453P,0.9999,LPath
G453Q,0.9631,LPath
G453R,0.9927,LPath
G453S,0.6611,LPath
G453T,0.8904,LPath
G453V,0.9508,LPath
G453W,0.9918,LPath
G453Y,0.9792,LPath
A454C,0.8015,LPath
A454D,0.9999,LPath
A454E,0.9996,LPath
A454F,0.9997,LPath
A454G,0.9562,LPath
A454H,0.9999,LPath
A454I,0.9932,LPath
A454K,0.9999,LPath
A454L,0.981,LPath
A454M,0.9934,LPath
A454N,0.9988,LPath
A454P,0.9997,LPath
A454Q,0.9984,LPath
A454R,0.9983,LPath
A454S,0.8082,LPath
A454T,0.9249,LPath
A454V,0.9129,LPath
A454W,0.9999,LPath
A454Y,0.9999,LPath
D455A,0.9946,LPath
D455C,0.9995,LPath
D455E,0.9884,LPath
D455F,0.9997,LPath
D455G,0.9951,LPath
D455H,0.9992,LPath
D455I,0.9994,LPath
D455K,0.9994,LPath
D455L,0.999,LPath
D455M,0.9997,LPath
D455N,0.9465,LPath
D455P,0.9999,LPath
D455Q,0.9989,LPath
D455R,0.9989,LPath
D455S,0.9785,LPath
D455T,0.9959,LPath
D455V,0.9968,LPath
D455W,0.9999,LPath
D455Y,0.9981,LPath
S456A,0.0572,LBen
S456C,0.1067,LBen
S456D,0.8732,LPath
S456E,0.8791,LPath
S456F,0.3103,LBen
S456G,0.1581,LBen
S456H,0.6438,LPath
S456I,0.4316,Amb
S456K,0.964,LPath
S456L,0.1751,LBen
S456M,0.1884,LBen
S456N,0.3335,LBen
S456P,0.9955,LPath
S456Q,0.6526,LPath
S456R,0.9411,LPath
S456T,0.1598,LBen
S456V,0.3012,LBen
S456W,0.7381,LPath
S456Y,0.398,Amb
L457A,0.9884,LPath
L457C,0.9913,LPath
L457D,1.0,LPath
L457E,0.9995,LPath
L457F,0.9969,LPath
L457G,0.9991,LPath
L457H,0.9997,LPath
L457I,0.6766,LPath
L457K,0.9985,LPath
L457M,0.8528,LPath
L457N,0.9996,LPath
L457P,0.9998,LPath
L457Q,0.9988,LPath
L457R,0.9973,LPath
L457S,0.9993,LPath
L457T,0.9827,LPath
L457V,0.6423,LPath
L457W,0.9995,LPath
L457Y,0.9996,LPath
E458A,0.8592,LPath
E458C,0.9469,LPath
E458D,0.8859,LPath
E458F,0.9988,LPath
E458G,0.879,LPath
E458H,0.9873,LPath
E458I,0.9968,LPath
E458K,0.9824,LPath
E458L,0.9944,LPath
E458M,0.9869,LPath
E458N,0.9785,LPath
E458P,0.9996,LPath
E458Q,0.8102,LPath
E458R,0.9704,LPath
E458S,0.8913,LPath
E458T,0.9525,LPath
E458V,0.9729,LPath
E458W,0.9992,LPath
E458Y,0.9963,LPath
D459A,0.5207,Amb
D459C,0.8491,LPath
D459E,0.2841,LBen
D459F,0.8012,LPath
D459G,0.4916,Amb
D459H,0.6546,LPath
D459I,0.7815,LPath
D459K,0.8835,LPath
D459L,0.7758,LPath
D459M,0.8238,LPath
D459N,0.203,LBen
D459P,0.9969,LPath
D459Q,0.693,LPath
D459R,0.8559,LPath
D459S,0.3338,LBen
D459T,0.5772,LPath
D459V,0.5928,LPath
D459W,0.9588,LPath
D459Y,0.4484,Amb
F460A,0.9975,LPath
F460C,0.9842,LPath
F460D,0.9989,LPath
F460E,0.9992,LPath
F460G,0.9991,LPath
F460H,0.9732,LPath
F460I,0.9741,LPath
F460K,0.9992,LPath
F460L,0.9983,LPath
F460M,0.9845,LPath
F460N,0.9961,LPath
F460P,1.0,LPath
F460Q,0.9979,LPath
F460R,0.9974,LPath
F460S,0.9956,LPath
F460T,0.9951,LPath
F460V,0.9682,LPath
F460W,0.8464,LPath
F460Y,0.3324,LBen
L461A,0.9975,LPath
L461C,0.9863,LPath
L461D,1.0,LPath
L461E,0.9999,LPath
L461F,0.9892,LPath
L461G,0.9995,LPath
L461H,0.9998,LPath
L461I,0.9139,LPath
L461K,0.9999,LPath
L461M,0.9049,LPath
L461N,0.9999,LPath
L461P,0.9999,LPath
L461Q,0.9997,LPath
L461R,0.9995,LPath
L461S,0.9998,LPath
L461T,0.999,LPath
L461V,0.9532,LPath
L461W,0.9996,LPath
L461Y,0.9995,LPath
Y462A,0.6524,LPath
Y462C,0.1736,LBen
Y462D,0.7202,LPath
Y462E,0.8503,LPath
Y462F,0.0786,LBen
Y462G,0.593,LPath
Y462H,0.2133,LBen
Y462I,0.6219,LPath
Y462K,0.8101,LPath
Y462L,0.5159,Amb
Y462M,0.6589,LPath
Y462N,0.3814,Amb
Y462P,0.9941,LPath
Y462Q,0.6162,LPath
Y462R,0.5691,LPath
Y462S,0.3964,Amb
Y462T,0.6668,LPath
Y462V,0.5257,Amb
Y462W,0.353,Amb
H463A,0.199,LBen
H463C,0.1242,LBen
H463D,0.2789,LBen
H463E,0.2269,LBen
H463F,0.316,LBen
H463G,0.1717,LBen
H463I,0.3391,LBen
H463K,0.1381,LBen
H463L,0.1546,LBen
H463M,0.3077,LBen
H463N,0.1018,LBen
H463P,0.8976,LPath
H463Q,0.0803,LBen
H463R,0.057,LBen
H463S,0.146,LBen
H463T,0.1681,LBen
H463V,0.2548,LBen
H463W,0.3863,Amb
H463Y,0.1462,LBen
E464A,0.3532,Amb
E464C,0.8596,LPath
E464D,0.5001,Amb
E464F,0.9498,LPath
E464G,0.5685,LPath
E464H,0.617,LPath
E464I,0.8423,LPath
E464K,0.5841,LPath
E464L,0.842,LPath
E464M,0.7823,LPath
E464N,0.4412,Amb
E464P,0.9962,LPath
E464Q,0.2013,LBen
E464R,0.6389,LPath
E464S,0.3351,LBen
E464T,0.6237,LPath
E464V,0.6397,LPath
E464W,0.9842,LPath
E464Y,0.8817,LPath
G465A,0.6573,LPath
G465C,0.7761,LPath
G465D,0.7065,LPath
G465E,0.781,LPath
G465F,0.9794,LPath
G465H,0.778,LPath
G465I,0.9806,LPath
G465K,0.7638,LPath
G465L,0.9618,LPath
G465M,0.9484,LPath
G465N,0.4822,Amb
G465P,0.9978,LPath
G465Q,0.6495,LPath
G465R,0.7378,LPath
G465S,0.3565,Amb
G465T,0.8245,LPath
G465V,0.9555,LPath
G465W,0.9764,LPath
G465Y,0.9455,LPath
Y466A,0.9372,LPath
Y466C,0.3421,Amb
Y466D,0.9709,LPath
Y466E,0.9793,LPath
Y466F,0.08,LBen
Y466G,0.9393,LPath
Y466H,0.6203,LPath
Y466I,0.7583,LPath
Y466K,0.9592,LPath
Y466L,0.692,LPath
Y466M,0.805,LPath
Y466N,0.8079,LPath
Y466P,0.9973,LPath
Y466Q,0.9387,LPath
Y466R,0.9142,LPath
Y466S,0.8753,LPath
Y466T,0.9498,LPath
Y466V,0.7127,LPath
Y466W,0.5623,Amb
A467C,0.2438,LBen
A467D,0.4995,Amb
A467E,0.4886,Amb
A467F,0.4348,Amb
A467G,0.1698,LBen
A467H,0.3811,Amb
A467I,0.4185,Amb
A467K,0.5852,LPath
A467L,0.2076,LBen
A467M,0.2976,LBen
A467N,0.2591,LBen
A467P,0.15,LBen
A467Q,0.299,LBen
A467R,0.4576,Amb
A467S,0.0941,LBen
A467T,0.1507,LBen
A467V,0.2242,LBen
A467W,0.7879,LPath
A467Y,0.5008,Amb
C468A,0.6566,LPath
C468D,0.9997,LPath
C468E,0.9999,LPath
C468F,0.9972,LPath
C468G,0.8993,LPath
C468H,0.9993,LPath
C468I,0.96,LPath
C468K,0.9999,LPath
C468L,0.9904,LPath
C468M,0.9927,LPath
C468N,0.9961,LPath
C468P,0.9984,LPath
C468Q,0.9994,LPath
C468R,0.9989,LPath
C468S,0.7,LPath
C468T,0.8251,LPath
C468V,0.6541,LPath
C468W,0.9996,LPath
C468Y,0.9994,LPath
T469A,0.3678,Amb
T469C,0.6038,LPath
T469D,0.9834,LPath
T469E,0.9824,LPath
T469F,0.9655,LPath
T469G,0.7617,LPath
T469H,0.9435,LPath
T469I,0.8326,LPath
T469K,0.9684,LPath
T469L,0.7692,LPath
T469M,0.6589,LPath
T469N,0.8548,LPath
T469P,0.9629,LPath
T469Q,0.9164,LPath
T469R,0.9288,LPath
T469S,0.471,Amb
T469V,0.5738,LPath
T469W,0.9905,LPath
T469Y,0.9774,LPath
S470A,0.1908,LBen
S470C,0.3422,Amb
S470D,0.9963,LPath
S470E,0.9977,LPath
S470F,0.996,LPath
S470G,0.6116,LPath
S470H,0.9948,LPath
S470I,0.9882,LPath
S470K,0.9996,LPath
S470L,0.9614,LPath
S470M,0.9647,LPath
S470N,0.977,LPath
S470P,0.9954,LPath
S470Q,0.9946,LPath
S470R,0.9988,LPath
S470T,0.5511,Amb
S470V,0.9454,LPath
S470W,0.9982,LPath
S470Y,0.9956,LPath
I471A,0.9993,LPath
I471C,0.9999,LPath
I471D,1.0,LPath
I471E,0.9999,LPath
I471F,0.9975,LPath
I471G,1.0,LPath
I471H,1.0,LPath
I471K,1.0,LPath
I471L,0.923,LPath
I471M,0.9691,LPath
I471N,0.9999,LPath
I471P,0.9998,LPath
I471Q,1.0,LPath
I471R,0.9999,LPath
I471S,0.9996,LPath
I471T,0.9996,LPath
I471V,0.9158,LPath
I471W,0.9999,LPath
I471Y,0.9997,LPath
H472A,0.9997,LPath
H472C,0.9929,LPath
H472D,0.9997,LPath
H472E,0.9999,LPath
H472F,0.9991,LPath
H472G,0.9997,LPath
H472I,1.0,LPath
H472K,0.9999,LPath
H472L,0.999,LPath
H472M,0.9999,LPath
H472N,0.9992,LPath
H472P,0.9987,LPath
H472Q,0.9998,LPath
H472R,0.9997,LPath
H472S,0.9988,LPath
H472T,0.9999,LPath
H472V,0.9999,LPath
H472W,0.996,LPath
H472Y,0.9992,LPath
G473A,0.9991,LPath
G473C,0.9999,LPath
G473D,1.0,LPath
G473E,1.0,LPath
G473F,0.9999,LPath
G473H,1.0,LPath
G473I,0.9999,LPath
G473K,1.0,LPath
G473L,0.9999,LPath
G473M,1.0,LPath
G473N,1.0,LPath
G473P,1.0,LPath
G473Q,1.0,LPath
G473R,0.9999,LPath
G473S,0.9992,LPath
G473T,0.9998,LPath
G473V,0.9999,LPath
G473W,0.9999,LPath
G473Y,1.0,LPath
D474A,0.9969,LPath
D474C,0.9998,LPath
D474E,0.9963,LPath
D474F,0.9994,LPath
D474G,0.9883,LPath
D474H,0.9994,LPath
D474I,0.9997,LPath
D474K,0.9995,LPath
D474L,0.9992,LPath
D474M,0.9998,LPath
D474N,0.9603,LPath
D474P,0.9998,LPath
D474Q,0.9994,LPath
D474R,0.9993,LPath
D474S,0.9879,LPath
D474T,0.9991,LPath
D474V,0.9991,LPath
D474W,0.9999,LPath
D474Y,0.9963,LPath
R475A,0.999,LPath
R475C,0.9849,LPath
R475D,0.9999,LPath
R475E,0.9986,LPath
R475F,0.9997,LPath
R475G,0.9988,LPath
R475H,0.9918,LPath
R475I,0.9981,LPath
R475K,0.9167,LPath
R475L,0.9869,LPath
R475M,0.9991,LPath
R475N,0.9997,LPath
R475P,0.9999,LPath
R475Q,0.9889,LPath
R475S,0.9997,LPath
R475T,0.9996,LPath
R475V,0.9974,LPath
R475W,0.9977,LPath
R475Y,0.9988,LPath
S476A,0.3543,Amb
S476C,0.425,Amb
S476D,0.9498,LPath
S476E,0.9814,LPath
S476F,0.9576,LPath
S476G,0.3594,Amb
S476H,0.9173,LPath
S476I,0.9139,LPath
S476K,0.9915,LPath
S476L,0.632,LPath
S476M,0.6318,LPath
S476N,0.4682,Amb
S476P,0.833,LPath
S476Q,0.9306,LPath
S476R,0.992,LPath
S476T,0.1263,LBen
S476V,0.806,LPath
S476W,0.9645,LPath
S476Y,0.9321,LPath
Q477A,0.9607,LPath
Q477C,1.0,LPath
Q477D,0.9995,LPath
Q477E,0.9866,LPath
Q477F,0.9991,LPath
Q477G,0.974,LPath
Q477H,0.9999,LPath
Q477I,0.9966,LPath
Q477K,0.9982,LPath
Q477L,0.9943,LPath
Q477M,0.9786,LPath
Q477N,0.9898,LPath
Q477P,0.9899,LPath
Q477R,0.998,LPath
Q477S,0.9532,LPath
Q477T,0.9694,LPath
Q477V,0.9926,LPath
Q477W,0.9998,LPath
Q477Y,0.9999,LPath
R478A,0.7799,LPath
R478C,0.6588,LPath
R478D,0.9477,LPath
R478E,0.8389,LPath
R478F,0.9097,LPath
R478G,0.6544,LPath
R478H,0.3224,LBen
R478I,0.8477,LPath
R478K,0.1474,LBen
R478L,0.7763,LPath
R478M,0.7804,LPath
R478N,0.9007,LPath
R478P,0.95,LPath
R478Q,0.2664,LBen
R478S,0.8651,LPath
R478T,0.8275,LPath
R478V,0.8326,LPath
R478W,0.6507,LPath
R478Y,0.7794,LPath
D479A,0.8774,LPath
D479C,0.9852,LPath
D479E,0.4737,Amb
D479F,0.9874,LPath
D479G,0.9589,LPath
D479H,0.9609,LPath
D479I,0.9811,LPath
D479K,0.9855,LPath
D479L,0.9719,LPath
D479M,0.9842,LPath
D479N,0.8168,LPath
D479P,0.9989,LPath
D479Q,0.8986,LPath
D479R,0.9865,LPath
D479S,0.8837,LPath
D479T,0.9675,LPath
D479V,0.9448,LPath
D479W,0.9974,LPath
D479Y,0.9529,LPath
R480A,0.9997,LPath
R480C,0.9998,LPath
R480D,0.9999,LPath
R480E,0.9976,LPath
R480F,1.0,LPath
R480G,0.9995,LPath
R480H,0.9999,LPath
R480I,0.9998,LPath
R480K,0.9981,LPath
R480L,0.9992,LPath
R480M,1.0,LPath
R480N,1.0,LPath
R480P,0.9999,LPath
R480Q,0.9995,LPath
R480S,0.9999,LPath
R480T,0.9998,LPath
R480V,0.9998,LPath
R480W,0.9997,LPath
R480Y,0.9999,LPath
E481A,0.9836,LPath
E481C,0.9976,LPath
E481D,0.9904,LPath
E481F,0.9996,LPath
E481G,0.9848,LPath
E481H,0.9989,LPath
E481I,0.9969,LPath
E481K,0.9954,LPath
E481L,0.9962,LPath
E481M,0.9936,LPath
E481N,0.9949,LPath
E481P,0.9998,LPath
E481Q,0.9669,LPath
E481R,0.9941,LPath
E481S,0.992,LPath
E481T,0.9906,LPath
E481V,0.9878,LPath
E481W,0.9997,LPath
E481Y,0.9991,LPath
E482A,0.2236,LBen
E482C,0.8975,LPath
E482D,0.1462,LBen
E482F,0.7407,LPath
E482G,0.3945,Amb
E482H,0.6311,LPath
E482I,0.5302,Amb
E482K,0.5257,Amb
E482L,0.4326,Amb
E482M,0.4603,Amb
E482N,0.3939,Amb
E482P,0.997,LPath
E482Q,0.2263,LBen
E482R,0.6047,LPath
E482S,0.3211,LBen
E482T,0.3706,Amb
E482V,0.3569,Amb
E482W,0.924,LPath
E482Y,0.661,LPath
A483C,0.9489,LPath
A483D,0.9988,LPath
A483E,0.9979,LPath
A483F,0.9932,LPath
A483G,0.9258,LPath
A483H,0.9923,LPath
A483I,0.997,LPath
A483K,0.9994,LPath
A483L,0.9833,LPath
A483M,0.9889,LPath
A483N,0.9922,LPath
A483P,0.9996,LPath
A483Q,0.9918,LPath
A483R,0.9957,LPath
A483S,0.6175,LPath
A483T,0.9888,LPath
A483V,0.9873,LPath
A483W,0.9988,LPath
A483Y,0.9935,LPath
L484A,0.9971,LPath
L484C,0.9986,LPath
L484D,1.0,LPath
L484E,0.9998,LPath
L484F,0.9971,LPath
L484G,0.9993,LPath
L484H,0.9997,LPath
L484I,0.8818,LPath
L484K,0.9991,LPath
L484M,0.935,LPath
L484N,0.9995,LPath
L484P,0.9999,LPath
L484Q,0.9995,LPath
L484R,0.9982,LPath
L484S,0.9996,LPath
L484T,0.9978,LPath
L484V,0.9492,LPath
L484W,0.9993,LPath
L484Y,0.9993,LPath
H485A,0.1747,LBen
H485C,0.1181,LBen
H485D,0.4535,Amb
H485E,0.3716,Amb
H485F,0.1697,LBen
H485G,0.213,LBen
H485I,0.2528,LBen
H485K,0.2929,LBen
H485L,0.1084,LBen
H485M,0.2393,LBen
H485N,0.1,LBen
H485P,0.9547,LPath
H485Q,0.1096,LBen
H485R,0.1418,LBen
H485S,0.1275,LBen
H485T,0.1883,LBen
H485V,0.2008,LBen
H485W,0.306,LBen
H485Y,0.0831,LBen
Q486A,0.199,LBen
Q486C,0.3442,Amb
Q486D,0.5328,Amb
Q486E,0.1924,LBen
Q486F,0.5542,Amb
Q486G,0.3194,LBen
Q486H,0.153,LBen
Q486I,0.5612,Amb
Q486K,0.2471,LBen
Q486L,0.1252,LBen
Q486M,0.2971,LBen
Q486N,0.232,LBen
Q486P,0.9859,LPath
Q486R,0.1826,LBen
Q486S,0.1952,LBen
Q486T,0.2533,LBen
Q486V,0.3763,Amb
Q486W,0.6278,LPath
Q486Y,0.3553,Amb
F487A,0.9996,LPath
F487C,0.9993,LPath
F487D,0.9999,LPath
F487E,0.9998,LPath
F487G,0.9994,LPath
F487H,0.9992,LPath
F487I,0.9985,LPath
F487K,0.9997,LPath
F487L,0.9996,LPath
F487M,0.9976,LPath
F487N,0.9997,LPath
F487P,1.0,LPath
F487Q,0.9997,LPath
F487R,0.9991,LPath
F487S,0.9999,LPath
F487T,0.9998,LPath
F487V,0.9988,LPath
F487W,0.9929,LPath
F487Y,0.9795,LPath
R488A,0.9918,LPath
R488C,0.8035,LPath
R488D,0.9987,LPath
R488E,0.9917,LPath
R488F,0.9962,LPath
R488G,0.9805,LPath
R488H,0.747,LPath
R488I,0.9848,LPath
R488K,0.4113,Amb
R488L,0.9636,LPath
R488M,0.9925,LPath
R488N,0.9973,LPath
R488P,0.9988,LPath
R488Q,0.7227,LPath
R488S,0.9929,LPath
R488T,0.9892,LPath
R488V,0.9851,LPath
R488W,0.9535,LPath
R488Y,0.982,LPath
S489A,0.0961,LBen
S489C,0.0692,LBen
S489D,0.6256,LPath
S489E,0.6233,LPath
S489F,0.3982,Amb
S489G,0.1153,LBen
S489H,0.4209,Amb
S489I,0.3086,LBen
S489K,0.7101,LPath
S489L,0.1082,LBen
S489M,0.1368,LBen
S489N,0.163,LBen
S489P,0.9894,LPath
S489Q,0.445,Amb
S489R,0.6654,LPath
S489T,0.0802,LBen
S489V,0.2197,LBen
S489W,0.6346,LPath
S489Y,0.4138,Amb
G490A,0.6444,LPath
G490C,0.771,LPath
G490D,0.9852,LPath
G490E,0.9771,LPath
G490F,0.9936,LPath
G490H,0.9532,LPath
G490I,0.9964,LPath
G490K,0.9579,LPath
G490L,0.9687,LPath
G490M,0.9769,LPath
G490N,0.9048,LPath
G490P,0.9994,LPath
G490Q,0.8641,LPath
G490R,0.8949,LPath
G490S,0.5347,Amb
G490T,0.9506,LPath
G490V,0.9879,LPath
G490W,0.9922,LPath
G490Y,0.9891,LPath
K491A,0.3208,LBen
K491C,0.2977,LBen
K491D,0.6447,LPath
K491E,0.2934,LBen
K491F,0.6756,LPath
K491G,0.4591,Amb
K491H,0.1565,LBen
K491I,0.3032,LBen
K491L,0.3095,LBen
K491M,0.3092,LBen
K491N,0.4429,Amb
K491P,0.9475,LPath
K491Q,0.099,LBen
K491R,0.0587,LBen
K491S,0.3821,Amb
K491T,0.2482,LBen
K491V,0.2578,LBen
K491W,0.5797,LPath
K491Y,0.5051,Amb
S492A,0.0909,LBen
S492C,0.0325,LBen
S492D,0.8979,LPath
S492E,0.8793,LPath
S492F,0.4659,Amb
S492G,0.246,LBen
S492H,0.4675,Amb
S492I,0.4604,Amb
S492K,0.8327,LPath
S492L,0.2552,LBen
S492M,0.2554,LBen
S492N,0.3386,LBen
S492P,0.9756,LPath
S492Q,0.5694,LPath
S492R,0.7405,LPath
S492T,0.1164,LBen
S492V,0.3223,LBen
S492W,0.6653,LPath
S492Y,0.3359,LBen
P493A,0.5984,LPath
P493C,0.8891,LPath
P493D,0.9771,LPath
P493E,0.9706,LPath
P493F,0.9944,LPath
P493G,0.8617,LPath
P493H,0.8544,LPath
P493I,0.9886,LPath
P493K,0.9328,LPath
P493L,0.926,LPath
P493M,0.9761,LPath
P493N,0.8726,LPath
P493Q,0.8297,LPath
P493R,0.7955,LPath
P493S,0.6681,LPath
P493T,0.7967,LPath
P493V,0.9526,LPath
P493W,0.9951,LPath
P493Y,0.9877,LPath
I494A,0.9934,LPath
I494C,0.9821,LPath
I494D,0.9999,LPath
I494E,0.9997,LPath
I494F,0.9462,LPath
I494G,0.9994,LPath
I494H,0.9991,LPath
I494K,0.9992,LPath
I494L,0.5967,LPath
I494M,0.8187,LPath
I494N,0.9982,LPath
I494P,0.9995,LPath
I494Q,0.9993,LPath
I494R,0.9985,LPath
I494S,0.9962,LPath
I494T,0.986,LPath
I494V,0.112,LBen
I494W,0.999,LPath
I494Y,0.9944,LPath
L495A,0.9904,LPath
L495C,0.98,LPath
L495D,1.0,LPath
L495E,0.9998,LPath
L495F,0.9835,LPath
L495G,0.9991,LPath
L495H,0.9997,LPath
L495I,0.7681,LPath
L495K,0.9996,LPath
L495M,0.2535,LBen
L495N,0.9997,LPath
L495P,0.9999,LPath
L495Q,0.9981,LPath
L495R,0.9993,LPath
L495S,0.999,LPath
L495T,0.9976,LPath
L495V,0.8262,LPath
L495W,0.9996,LPath
L495Y,0.9993,LPath
V496A,0.9889,LPath
V496C,0.9832,LPath
V496D,0.9999,LPath
V496E,0.9997,LPath
V496F,0.9984,LPath
V496G,0.9941,LPath
V496H,0.9999,LPath
V496I,0.3842,Amb
V496K,0.9998,LPath
V496L,0.9868,LPath
V496M,0.9947,LPath
V496N,0.9995,LPath
V496P,0.9993,LPath
V496Q,0.9996,LPath
V496R,0.9992,LPath
V496S,0.9947,LPath
V496T,0.9813,LPath
V496W,1.0,LPath
V496Y,0.9998,LPath
A497C,0.9721,LPath
A497D,1.0,LPath
A497E,0.9999,LPath
A497F,0.999,LPath
A497G,0.972,LPath
A497H,0.9999,LPath
A497I,0.9998,LPath
A497K,1.0,LPath
A497L,0.9926,LPath
A497M,0.9986,LPath
A497N,0.9998,LPath
A497P,0.9999,LPath
A497Q,0.9994,LPath
A497R,0.9993,LPath
A497S,0.9457,LPath
A497T,0.9974,LPath
A497V,0.9989,LPath
A497W,1.0,LPath
A497Y,0.9998,LPath
T498A,0.9988,LPath
T498C,0.9999,LPath
T498D,0.9999,LPath
T498E,0.9998,LPath
T498F,0.9999,LPath
T498G,0.999,LPath
T498H,0.9998,LPath
T498I,0.9999,LPath
T498K,0.9993,LPath
T498L,0.9987,LPath
T498M,0.9992,LPath
T498N,0.9995,LPath
T498P,0.998,LPath
T498Q,0.9998,LPath
T498R,0.9993,LPath
T498S,0.9977,LPath
T498V,0.9989,LPath
T498W,1.0,LPath
T498Y,0.9999,LPath
A499C,0.9906,LPath
A499D,0.9918,LPath
A499E,0.9971,LPath
A499F,0.9959,LPath
A499G,0.9258,LPath
A499H,0.9964,LPath
A499I,0.9994,LPath
A499K,0.9994,LPath
A499L,0.9873,LPath
A499M,0.992,LPath
A499N,0.9766,LPath
A499P,0.9975,LPath
A499Q,0.9843,LPath
A499R,0.9937,LPath
A499S,0.507,Amb
A499T,0.9868,LPath
A499V,0.9968,LPath
A499W,0.999,LPath
A499Y,0.9972,LPath
V500A,0.9995,LPath
V500C,0.9998,LPath
V500D,0.9997,LPath
V500E,0.9995,LPath
V500F,0.9986,LPath
V500G,0.9966,LPath
V500H,1.0,LPath
V500I,0.9024,LPath
V500K,0.9997,LPath
V500L,0.9988,LPath
V500M,0.9988,LPath
V500N,0.9994,LPath
V500P,0.9994,LPath
V500Q,0.9997,LPath
V500R,0.9988,LPath
V500S,0.9973,LPath
V500T,0.9956,LPath
V500W,1.0,LPath
V500Y,0.9998,LPath
A501C,0.9947,LPath
A501D,1.0,LPath
A501E,0.9998,LPath
A501F,0.9982,LPath
A501G,0.9925,LPath
A501H,0.9998,LPath
A501I,0.9989,LPath
A501K,1.0,LPath
A501L,0.9803,LPath
A501M,0.9983,LPath
A501N,0.9998,LPath
A501P,0.9992,LPath
A501Q,0.9993,LPath
A501R,0.9991,LPath
A501S,0.9627,LPath
A501T,0.9988,LPath
A501V,0.9957,LPath
A501W,0.9998,LPath
A501Y,0.9996,LPath
A502C,0.9863,LPath
A502D,0.9998,LPath
A502E,0.9989,LPath
A502F,0.9982,LPath
A502G,0.9275,LPath
A502H,0.9996,LPath
A502I,0.9996,LPath
A502K,0.9999,LPath
A502L,0.9901,LPath
A502M,0.9965,LPath
A502N,0.9991,LPath
A502P,0.9998,LPath
A502Q,0.9957,LPath
A502R,0.9987,LPath
A502S,0.511,Amb
A502T,0.9953,LPath
A502V,0.9979,LPath
A502W,0.9997,LPath
A502Y,0.9992,LPath
R503A,0.9997,LPath
R503C,0.9995,LPath
R503D,0.9998,LPath
R503E,0.9985,LPath
R503F,1.0,LPath
R503G,0.9989,LPath
R503H,0.9997,LPath
R503I,1.0,LPath
R503K,0.9975,LPath
R503L,0.9994,LPath
R503M,1.0,LPath
R503N,0.9999,LPath
R503P,0.9998,LPath
R503Q,0.9991,LPath
R503S,0.9999,LPath
R503T,0.9999,LPath
R503V,0.9999,LPath
R503W,0.9995,LPath
R503Y,0.9999,LPath
G504A,0.9994,LPath
G504C,0.9998,LPath
G504D,0.9999,LPath
G504E,0.9999,LPath
G504F,0.9999,LPath
G504H,1.0,LPath
G504I,0.9998,LPath
G504K,1.0,LPath
G504L,0.9998,LPath
G504M,0.9999,LPath
G504N,1.0,LPath
G504P,1.0,LPath
G504Q,1.0,LPath
G504R,1.0,LPath
G504S,0.9997,LPath
G504T,0.9998,LPath
G504V,0.9997,LPath
G504W,1.0,LPath
G504Y,0.9999,LPath
L505A,0.9986,LPath
L505C,0.9996,LPath
L505D,1.0,LPath
L505E,0.9998,LPath
L505F,0.9986,LPath
L505G,0.9996,LPath
L505H,0.9999,LPath
L505I,0.9334,LPath
L505K,0.9996,LPath
L505M,0.9703,LPath
L505N,0.9997,LPath
L505P,0.9999,LPath
L505Q,0.9999,LPath
L505R,0.9994,LPath
L505S,0.9999,LPath
L505T,0.999,LPath
L505V,0.9867,LPath
L505W,0.9992,LPath
L505Y,0.9996,LPath
D506A,0.9985,LPath
D506C,0.9999,LPath
D506E,0.9992,LPath
D506F,0.9992,LPath
D506G,0.9976,LPath
D506H,0.9983,LPath
D506I,0.9998,LPath
D506K,0.9998,LPath
D506L,0.9993,LPath
D506M,0.9999,LPath
D506N,0.9965,LPath
D506P,0.9995,LPath
D506Q,0.9995,LPath
D506R,0.9995,LPath
D506S,0.9972,LPath
D506T,0.9997,LPath
D506V,0.9994,LPath
D506W,0.9998,LPath
D506Y,0.9961,LPath
I507A,0.999,LPath
I507C,0.9994,LPath
I507D,0.9999,LPath
I507E,0.9998,LPath
I507F,0.9922,LPath
I507G,0.9999,LPath
I507H,0.9999,LPath
I507K,0.9998,LPath
I507L,0.9699,LPath
I507M,0.9822,LPath
I507N,0.9992,LPath
I507P,0.9996,LPath
I507Q,0.9998,LPath
I507R,0.9994,LPath
I507S,0.9986,LPath
I507T,0.998,LPath
I507V,0.5706,LPath
I507W,0.9998,LPath
I507Y,0.9992,LPath
S508A,0.0897,LBen
S508C,0.0819,LBen
S508D,0.7647,LPath
S508E,0.8414,LPath
S508F,0.5704,LPath
S508G,0.1108,LBen
S508H,0.5514,Amb
S508I,0.4942,Amb
S508K,0.9041,LPath
S508L,0.2381,LBen
S508M,0.3387,LBen
S508N,0.2418,LBen
S508P,0.1522,LBen
S508Q,0.665,LPath
S508R,0.8642,LPath
S508T,0.1421,LBen
S508V,0.3815,Amb
S508W,0.6872,LPath
S508Y,0.512,Amb
N509A,0.7142,LPath
N509C,0.5183,Amb
N509D,0.4688,Amb
N509E,0.926,LPath
N509F,0.8894,LPath
N509G,0.4561,Amb
N509H,0.1862,LBen
N509I,0.9398,LPath
N509K,0.9224,LPath
N509L,0.8195,LPath
N509M,0.8637,LPath
N509P,0.978,LPath
N509Q,0.8015,LPath
N509R,0.8719,LPath
N509S,0.1972,LBen
N509T,0.6944,LPath
N509V,0.9089,LPath
N509W,0.9638,LPath
N509Y,0.5861,LPath
V510A,0.9984,LPath
V510C,0.9957,LPath
V510D,0.9999,LPath
V510E,0.9996,LPath
V510F,0.9992,LPath
V510G,0.9972,LPath
V510H,0.9999,LPath
V510I,0.4167,Amb
V510K,0.9996,LPath
V510L,0.9952,LPath
V510M,0.9969,LPath
V510N,0.9995,LPath
V510P,0.9993,LPath
V510Q,0.9996,LPath
V510R,0.9988,LPath
V510S,0.9984,LPath
V510T,0.9904,LPath
V510W,1.0,LPath
V510Y,0.9999,LPath
K511A,0.8761,LPath
K511C,0.8405,LPath
K511D,0.9831,LPath
K511E,0.8542,LPath
K511F,0.9893,LPath
K511G,0.89,LPath
K511H,0.6908,LPath
K511I,0.9315,LPath
K511L,0.852,LPath
K511M,0.7449,LPath
K511N,0.9362,LPath
K511P,0.9951,LPath
K511Q,0.3185,LBen
K511R,0.0963,LBen
K511S,0.8849,LPath
K511T,0.6251,LPath
K511V,0.8509,LPath
K511W,0.977,LPath
K511Y,0.9654,LPath
H512A,0.9972,LPath
H512C,0.8903,LPath
H512D,0.9983,LPath
H512E,0.9977,LPath
H512F,0.9615,LPath
H512G,0.998,LPath
H512I,0.9937,LPath
H512K,0.998,LPath
H512L,0.955,LPath
H512M,0.9843,LPath
H512N,0.9682,LPath
H512P,0.9992,LPath
H512Q,0.9926,LPath
H512R,0.996,LPath
H512S,0.9946,LPath
H512T,0.997,LPath
H512V,0.9922,LPath
H512W,0.946,LPath
H512Y,0.9407,LPath
V513A,0.9978,LPath
V513C,0.9948,LPath
V513D,0.9999,LPath
V513E,0.9998,LPath
V513F,0.9996,LPath
V513G,0.9972,LPath
V513H,0.9999,LPath
V513I,0.745,LPath
V513K,0.9999,LPath
V513L,0.9988,LPath
V513M,0.9991,LPath
V513N,0.9994,LPath
V513P,0.9999,LPath
V513Q,0.9997,LPath
V513R,0.9992,LPath
V513S,0.9954,LPath
V513T,0.9858,LPath
V513W,1.0,LPath
V513Y,0.9999,LPath
I514A,0.9979,LPath
I514C,0.9938,LPath
I514D,1.0,LPath
I514E,0.9999,LPath
I514F,0.9892,LPath
I514G,0.9998,LPath
I514H,0.9999,LPath
I514K,0.9998,LPath
I514L,0.8483,LPath
I514M,0.9325,LPath
I514N,0.9996,LPath
I514P,0.9999,LPath
I514Q,0.9998,LPath
I514R,0.9997,LPath
I514S,0.9991,LPath
I514T,0.9974,LPath
I514V,0.1479,LBen
I514W,0.9998,LPath
I514Y,0.9991,LPath
N515A,0.9609,LPath
N515C,0.7411,LPath
N515D,0.9982,LPath
N515E,0.9993,LPath
N515F,0.9991,LPath
N515G,0.9864,LPath
N515H,0.9914,LPath
N515I,0.9514,LPath
N515K,0.9999,LPath
N515L,0.8817,LPath
N515M,0.9698,LPath
N515P,0.9992,LPath
N515Q,0.9963,LPath
N515R,0.9998,LPath
N515S,0.4884,Amb
N515T,0.9386,LPath
N515V,0.9256,LPath
N515W,0.9999,LPath
N515Y,0.9972,LPath
F516A,0.9988,LPath
F516C,0.9894,LPath
F516D,0.9998,LPath
F516E,0.9998,LPath
F516G,0.9991,LPath
F516H,0.9934,LPath
F516I,0.9951,LPath
F516K,0.9998,LPath
F516L,0.9991,LPath
F516M,0.9934,LPath
F516N,0.9983,LPath
F516P,1.0,LPath
F516Q,0.9996,LPath
F516R,0.999,LPath
F516S,0.9982,LPath
F516T,0.9991,LPath
F516V,0.9909,LPath
F516W,0.9275,LPath
F516Y,0.3674,Amb
D517A,0.9976,LPath
D517C,0.9991,LPath
D517E,0.9911,LPath
D517F,0.9997,LPath
D517G,0.9985,LPath
D517H,0.9988,LPath
D517I,0.9997,LPath
D517K,0.9998,LPath
D517L,0.999,LPath
D517M,0.9999,LPath
D517N,0.9824,LPath
D517P,0.9999,LPath
D517Q,0.9989,LPath
D517R,0.9993,LPath
D517S,0.9896,LPath
D517T,0.9989,LPath
D517V,0.9988,LPath
D517W,0.9999,LPath
D517Y,0.9977,LPath
L518A,0.9935,LPath
L518C,0.9818,LPath
L518D,1.0,LPath
L518E,0.9998,LPath
L518F,0.9629,LPath
L518G,0.9986,LPath
L518H,0.9995,LPath
L518I,0.8483,LPath
L518K,0.9997,LPath
L518M,0.5562,Amb
L518N,0.9993,LPath
L518P,0.9995,LPath
L518Q,0.9992,LPath
L518R,0.9995,LPath
L518S,0.999,LPath
L518T,0.9966,LPath
L518V,0.8972,LPath
L518W,0.9989,LPath
L518Y,0.9976,LPath
P519A,0.9928,LPath
P519C,0.9987,LPath
P519D,0.9999,LPath
P519E,0.9999,LPath
P519F,1.0,LPath
P519G,0.9989,LPath
P519H,0.9999,LPath
P519I,0.9999,LPath
P519K,1.0,LPath
P519L,0.9991,LPath
P519M,0.9999,LPath
P519N,0.9999,LPath
P519Q,0.9999,LPath
P519R,0.9998,LPath
P519S,0.9988,LPath
P519T,0.999,LPath
P519V,0.9992,LPath
P519W,1.0,LPath
P519Y,1.0,LPath
S520A,0.1882,LBen
S520C,0.4211,Amb
S520D,0.9748,LPath
S520E,0.9837,LPath
S520F,0.9372,LPath
S520G,0.1358,LBen
S520H,0.9518,LPath
S520I,0.8785,LPath
S520K,0.9951,LPath
S520L,0.5448,Amb
S520M,0.6032,LPath
S520N,0.4701,Amb
S520P,0.9276,LPath
S520Q,0.9286,LPath
S520R,0.9936,LPath
S520T,0.1981,LBen
S520V,0.7524,LPath
S520W,0.978,LPath
S520Y,0.9366,LPath
D521A,0.9762,LPath
D521C,0.9938,LPath
D521E,0.9004,LPath
D521F,0.9973,LPath
D521G,0.9677,LPath
D521H,0.9927,LPath
D521I,0.9965,LPath
D521K,0.9978,LPath
D521L,0.9943,LPath
D521M,0.9978,LPath
D521N,0.8587,LPath
D521P,0.9994,LPath
D521Q,0.9936,LPath
D521R,0.9963,LPath
D521S,0.9161,LPath
D521T,0.972,LPath
D521V,0.984,LPath
D521W,0.9996,LPath
D521Y,0.9883,LPath
I522A,0.8482,LPath
I522C,0.9673,LPath
I522D,0.9979,LPath
I522E,0.9937,LPath
I522F,0.9386,LPath
I522G,0.9899,LPath
I522H,0.9974,LPath
I522K,0.9935,LPath
I522L,0.6893,LPath
I522M,0.5995,LPath
I522N,0.9836,LPath
I522P,0.9734,LPath
I522Q,0.9945,LPath
I522R,0.9905,LPath
I522S,0.9065,LPath
I522T,0.6068,LPath
I522V,0.1031,LBen
I522W,0.9962,LPath
I522Y,0.9931,LPath
E523A,0.966,LPath
E523C,0.9978,LPath
E523D,0.5992,LPath
E523F,0.9995,LPath
E523G,0.9649,LPath
E523H,0.9966,LPath
E523I,0.9992,LPath
E523K,0.9916,LPath
E523L,0.997,LPath
E523M,0.9974,LPath
E523N,0.9864,LPath
E523P,0.9983,LPath
E523Q,0.9572,LPath
E523R,0.9883,LPath
E523S,0.965,LPath
E523T,0.9917,LPath
E523V,0.9958,LPath
E523W,0.9995,LPath
E523Y,0.9988,LPath
E524A,0.9952,LPath
E524C,0.9996,LPath
E524D,0.9328,LPath
E524F,0.9999,LPath
E524G,0.9921,LPath
E524H,0.9998,LPath
E524I,0.9991,LPath
E524K,0.9993,LPath
E524L,0.9995,LPath
E524M,0.9988,LPath
E524N,0.9965,LPath
E524P,0.9999,LPath
E524Q,0.9964,LPath
E524R,0.9992,LPath
E524S,0.9957,LPath
E524T,0.9973,LPath
E524V,0.9969,LPath
E524W,0.9999,LPath
E524Y,0.9996,LPath
Y525A,0.9996,LPath
Y525C,0.9992,LPath
Y525D,0.9991,LPath
Y525E,0.9999,LPath
Y525F,0.8717,LPath
Y525G,0.9973,LPath
Y525H,0.9995,LPath
Y525I,0.9986,LPath
Y525K,0.9999,LPath
Y525L,0.9881,LPath
Y525M,0.9985,LPath
Y525N,0.9978,LPath
Y525P,0.9998,LPath
Y525Q,1.0,LPath
Y525R,0.9998,LPath
Y525S,0.9988,LPath
Y525T,0.9995,LPath
Y525V,0.9956,LPath
Y525W,0.9864,LPath
V526A,0.9958,LPath
V526C,0.9937,LPath
V526D,0.9998,LPath
V526E,0.9991,LPath
V526F,0.9951,LPath
V526G,0.9924,LPath
V526H,0.9997,LPath
V526I,0.4936,Amb
V526K,0.9991,LPath
V526L,0.9957,LPath
V526M,0.9946,LPath
V526N,0.9983,LPath
V526P,0.9993,LPath
V526Q,0.9977,LPath
V526R,0.9956,LPath
V526S,0.9882,LPath
V526T,0.8212,LPath
V526W,0.9998,LPath
V526Y,0.9993,LPath
H527A,0.9999,LPath
H527C,0.9985,LPath
H527D,0.9999,LPath
H527E,0.9999,LPath
H527F,0.998,LPath
H527G,0.9996,LPath
H527I,0.9999,LPath
H527K,0.9997,LPath
H527L,0.998,LPath
H527M,0.9998,LPath
H527N,0.9997,LPath
H527P,0.9967,LPath
H527Q,0.9997,LPath
H527R,0.9996,LPath
H527S,0.9997,LPath
H527T,0.9999,LPath
H527V,0.9999,LPath
H527W,0.9857,LPath
H527Y,0.999,LPath
R528A,0.9997,LPath
R528C,0.9973,LPath
R528D,0.9999,LPath
R528E,0.9993,LPath
R528F,1.0,LPath
R528G,0.9994,LPath
R528H,0.9983,LPath
R528I,0.9998,LPath
R528K,0.9945,LPath
R528L,0.9986,LPath
R528M,0.9999,LPath
R528N,0.9999,LPath
R528P,0.9999,LPath
R528Q,0.9971,LPath
R528S,0.9999,LPath
R528T,0.9998,LPath
R528V,0.9996,LPath
R528W,0.9996,LPath
R528Y,0.9998,LPath
I529A,0.9936,LPath
I529C,0.9994,LPath
I529D,1.0,LPath
I529E,0.9997,LPath
I529F,0.999,LPath
I529G,0.9997,LPath
I529H,1.0,LPath
I529K,0.9998,LPath
I529L,0.9801,LPath
I529M,0.9746,LPath
I529N,0.9997,LPath
I529P,0.9995,LPath
I529Q,0.9998,LPath
I529R,0.9995,LPath
I529S,0.998,LPath
I529T,0.9812,LPath
I529V,0.6237,LPath
I529W,0.9999,LPath
I529Y,0.9999,LPath
G530A,0.9991,LPath
G530C,0.9996,LPath
G530D,0.9999,LPath
G530E,0.9999,LPath
G530F,0.9999,LPath
G530H,1.0,LPath
G530I,0.9998,LPath
G530K,1.0,LPath
G530L,0.9998,LPath
G530M,1.0,LPath
G530N,1.0,LPath
G530P,0.9999,LPath
G530Q,0.9999,LPath
G530R,0.9999,LPath
G530S,0.999,LPath
G530T,0.9994,LPath
G530V,0.9997,LPath
G530W,0.9999,LPath
G530Y,1.0,LPath
R531A,0.9998,LPath
R531C,0.9992,LPath
R531D,0.9999,LPath
R531E,0.9983,LPath
R531F,0.9999,LPath
R531G,0.9996,LPath
R531H,0.9996,LPath
R531I,0.9996,LPath
R531K,0.9978,LPath
R531L,0.9984,LPath
R531M,1.0,LPath
R531N,0.9999,LPath
R531P,0.9999,LPath
R531Q,0.9993,LPath
R531S,0.9999,LPath
R531T,0.9999,LPath
R531V,0.9995,LPath
R531W,0.9997,LPath
R531Y,0.9998,LPath
T532A,0.9927,LPath
T532C,0.9968,LPath
T532D,0.9998,LPath
T532E,0.9997,LPath
T532F,0.9998,LPath
T532G,0.9918,LPath
T532H,0.9996,LPath
T532I,0.9996,LPath
T532K,0.9992,LPath
T532L,0.9977,LPath
T532M,0.9977,LPath
T532N,0.999,LPath
T532P,0.9963,LPath
T532Q,0.9995,LPath
T532R,0.9987,LPath
T532S,0.9923,LPath
T532V,0.9958,LPath
T532W,0.9999,LPath
T532Y,0.9999,LPath
G533A,0.9863,LPath
G533C,0.9993,LPath
G533D,1.0,LPath
G533E,1.0,LPath
G533F,0.9999,LPath
G533H,1.0,LPath
G533I,0.9999,LPath
G533K,1.0,LPath
G533L,0.9997,LPath
G533M,0.9999,LPath
G533N,1.0,LPath
G533P,0.9999,LPath
G533Q,0.9999,LPath
G533R,0.9998,LPath
G533S,0.9977,LPath
G533T,0.9997,LPath
G533V,0.9997,LPath
G533W,1.0,LPath
G533Y,1.0,LPath
R534A,0.9997,LPath
R534C,0.9996,LPath
R534D,0.9997,LPath
R534E,0.9981,LPath
R534F,0.9998,LPath
R534G,0.9992,LPath
R534H,0.9995,LPath
R534I,0.9998,LPath
R534K,0.9982,LPath
R534L,0.9992,LPath
R534M,1.0,LPath
R534N,0.9998,LPath
R534P,0.9996,LPath
R534Q,0.9993,LPath
R534S,0.9999,LPath
R534T,0.9998,LPath
R534V,0.9996,LPath
R534W,0.9992,LPath
R534Y,0.9996,LPath
V535A,0.8707,LPath
V535C,0.8344,LPath
V535D,0.9983,LPath
V535E,0.9943,LPath
V535F,0.9095,LPath
V535G,0.9426,LPath
V535H,0.9957,LPath
V535I,0.5936,LPath
V535K,0.9926,LPath
V535L,0.9303,LPath
V535M,0.7633,LPath
V535N,0.9911,LPath
V535P,0.9962,LPath
V535Q,0.9768,LPath
V535R,0.9715,LPath
V535S,0.9571,LPath
V535T,0.9662,LPath
V535W,0.9976,LPath
V535Y,0.9908,LPath
G536A,0.999,LPath
G536C,0.9995,LPath
G536D,0.9999,LPath
G536E,0.9999,LPath
G536F,0.9999,LPath
G536H,1.0,LPath
G536I,0.9999,LPath
G536K,1.0,LPath
G536L,0.9998,LPath
G536M,1.0,LPath
G536N,0.9999,LPath
G536P,0.9999,LPath
G536Q,0.9999,LPath
G536R,0.9999,LPath
G536S,0.9987,LPath
G536T,0.9996,LPath
G536V,0.9998,LPath
G536W,0.9999,LPath
G536Y,0.9999,LPath
N537A,0.9246,LPath
N537C,0.6588,LPath
N537D,0.9581,LPath
N537E,0.9671,LPath
N537F,0.9001,LPath
N537G,0.9164,LPath
N537H,0.3647,Amb
N537I,0.9408,LPath
N537K,0.9426,LPath
N537L,0.893,LPath
N537M,0.9141,LPath
N537P,0.9979,LPath
N537Q,0.861,LPath
N537R,0.8861,LPath
N537S,0.5211,Amb
N537T,0.8347,LPath
N537V,0.8991,LPath
N537W,0.9809,LPath
N537Y,0.6565,LPath
L538A,0.8279,LPath
L538C,0.9069,LPath
L538D,0.9917,LPath
L538E,0.9349,LPath
L538F,0.8834,LPath
L538G,0.9695,LPath
L538H,0.9243,LPath
L538I,0.2695,LBen
L538K,0.7512,LPath
L538M,0.3193,LBen
L538N,0.9356,LPath
L538P,0.9693,LPath
L538Q,0.7613,LPath
L538R,0.7331,LPath
L538S,0.9252,LPath
L538T,0.3424,Amb
L538V,0.1886,LBen
L538W,0.9637,LPath
L538Y,0.9698,LPath
G539A,0.9985,LPath
G539C,0.9997,LPath
G539D,0.9999,LPath
G539E,0.9999,LPath
G539F,0.9999,LPath
G539H,1.0,LPath
G539I,0.9999,LPath
G539K,1.0,LPath
G539L,0.9998,LPath
G539M,1.0,LPath
G539N,1.0,LPath
G539P,0.9999,LPath
G539Q,1.0,LPath
G539R,0.9999,LPath
G539S,0.9994,LPath
G539T,0.9998,LPath
G539V,0.9998,LPath
G539W,1.0,LPath
G539Y,0.9999,LPath
L540A,0.8233,LPath
L540C,0.7643,LPath
L540D,0.9921,LPath
L540E,0.893,LPath
L540F,0.5541,Amb
L540G,0.9684,LPath
L540H,0.7794,LPath
L540I,0.1843,LBen
L540K,0.7715,LPath
L540M,0.2113,LBen
L540N,0.9137,LPath
L540P,0.9986,LPath
L540Q,0.6208,LPath
L540R,0.7205,LPath
L540S,0.9038,LPath
L540T,0.6588,LPath
L540V,0.1744,LBen
L540W,0.7976,LPath
L540Y,0.8081,LPath
A541C,0.9837,LPath
A541D,0.9999,LPath
A541E,0.9998,LPath
A541F,0.9997,LPath
A541G,0.9618,LPath
A541H,0.9998,LPath
A541I,0.9998,LPath
A541K,1.0,LPath
A541L,0.9966,LPath
A541M,0.9991,LPath
A541N,0.9996,LPath
A541P,0.9999,LPath
A541Q,0.9989,LPath
A541R,0.9996,LPath
A541S,0.549,Amb
A541T,0.9946,LPath
A541V,0.9981,LPath
A541W,1.0,LPath
A541Y,0.9999,LPath
T542A,0.9577,LPath
T542C,0.9854,LPath
T542D,0.9991,LPath
T542E,0.9989,LPath
T542F,0.9939,LPath
T542G,0.9908,LPath
T542H,0.992,LPath
T542I,0.9629,LPath
T542K,0.9989,LPath
T542L,0.9528,LPath
T542M,0.9534,LPath
T542N,0.9921,LPath
T542P,0.9934,LPath
T542Q,0.9979,LPath
T542R,0.9984,LPath
T542S,0.8685,LPath
T542V,0.8132,LPath
T542W,0.9966,LPath
T542Y,0.9938,LPath
S543A,0.3271,LBen
S543C,0.8416,LPath
S543D,0.9996,LPath
S543E,0.9998,LPath
S543F,0.9997,LPath
S543G,0.8441,LPath
S543H,0.9993,LPath
S543I,0.9991,LPath
S543K,1.0,LPath
S543L,0.9935,LPath
S543M,0.9954,LPath
S543N,0.9973,LPath
S543P,0.9999,LPath
S543Q,0.9994,LPath
S543R,0.9999,LPath
S543T,0.7101,LPath
S543V,0.9945,LPath
S543W,0.9999,LPath
S543Y,0.9997,LPath
F544A,0.9991,LPath
F544C,0.9934,LPath
F544D,1.0,LPath
F544E,1.0,LPath
F544G,0.9995,LPath
F544H,0.9994,LPath
F544I,0.9931,LPath
F544K,0.9999,LPath
F544L,0.9941,LPath
F544M,0.9885,LPath
F544N,0.9997,LPath
F544P,1.0,LPath
F544Q,0.9999,LPath
F544R,0.9996,LPath
F544S,0.9995,LPath
F544T,0.9997,LPath
F544V,0.9911,LPath
F544W,0.994,LPath
F544Y,0.9446,LPath
F545A,0.994,LPath
F545C,0.8981,LPath
F545D,0.9999,LPath
F545E,0.9998,LPath
F545G,0.9977,LPath
F545H,0.9903,LPath
F545I,0.93,LPath
F545K,0.9997,LPath
F545L,0.9901,LPath
F545M,0.9563,LPath
F545N,0.9987,LPath
F545P,0.9999,LPath
F545Q,0.9989,LPath
F545R,0.9986,LPath
F545S,0.9951,LPath
F545T,0.9972,LPath
F545V,0.8844,LPath
F545W,0.8959,LPath
F545Y,0.3561,Amb
N546A,0.9414,LPath
N546C,0.5488,Amb
N546D,0.845,LPath
N546E,0.9928,LPath
N546F,0.9939,LPath
N546G,0.7575,LPath
N546H,0.6797,LPath
N546I,0.9871,LPath
N546K,0.9957,LPath
N546L,0.9552,LPath
N546M,0.9678,LPath
N546P,0.99,LPath
N546Q,0.9742,LPath
N546R,0.9901,LPath
N546S,0.1751,LBen
N546T,0.5222,Amb
N546V,0.9671,LPath
N546W,0.9964,LPath
N546Y,0.9628,LPath
E547A,0.5278,Amb
E547C,0.9432,LPath
E547D,0.0584,LBen
E547F,0.9572,LPath
E547G,0.432,Amb
E547H,0.7415,LPath
E547I,0.8657,LPath
E547K,0.6971,LPath
E547L,0.8585,LPath
E547M,0.8957,LPath
E547N,0.3789,Amb
E547P,0.7744,LPath
E547Q,0.4132,Amb
E547R,0.7702,LPath
E547S,0.3625,Amb
E547T,0.6205,LPath
E547V,0.7341,LPath
E547W,0.9797,LPath
E547Y,0.8795,LPath
R548A,0.8551,LPath
R548C,0.6519,LPath
R548D,0.8785,LPath
R548E,0.8041,LPath
R548F,0.9786,LPath
R548G,0.5547,Amb
R548H,0.3164,LBen
R548I,0.9342,LPath
R548K,0.0915,LBen
R548L,0.864,LPath
R548M,0.8861,LPath
R548N,0.8077,LPath
R548P,0.9666,LPath
R548Q,0.3092,LBen
R548S,0.8485,LPath
R548T,0.8173,LPath
R548V,0.9259,LPath
R548W,0.8445,LPath
R548Y,0.8967,LPath
N549A,0.9854,LPath
N549C,0.9346,LPath
N549D,0.863,LPath
N549E,0.9948,LPath
N549F,0.9987,LPath
N549G,0.949,LPath
N549H,0.9564,LPath
N549I,0.9955,LPath
N549K,0.9985,LPath
N549L,0.9925,LPath
N549M,0.9922,LPath
N549P,0.9974,LPath
N549Q,0.993,LPath
N549R,0.9981,LPath
N549S,0.6962,LPath
N549T,0.9578,LPath
N549V,0.9898,LPath
N549W,0.9995,LPath
N549Y,0.9836,LPath
I550A,0.1056,LBen
I550C,0.2111,LBen
I550D,0.6656,LPath
I550E,0.5609,Amb
I550F,0.1084,LBen
I550G,0.1517,LBen
I550H,0.2448,LBen
I550K,0.3655,Amb
I550L,0.0721,LBen
I550M,0.0627,LBen
I550N,0.1298,LBen
I550P,0.6005,LPath
I550Q,0.2078,LBen
I550R,0.3152,LBen
I550S,0.0921,LBen
I550T,0.0984,LBen
I550V,0.0574,LBen
I550W,0.5421,Amb
I550Y,0.3008,LBen
N551A,0.3488,Amb
N551C,0.3991,Amb
N551D,0.8174,LPath
N551E,0.9542,LPath
N551F,0.8086,LPath
N551G,0.217,LBen
N551H,0.3063,LBen
N551I,0.6931,LPath
N551K,0.9346,LPath
N551L,0.5064,Amb
N551M,0.6516,LPath
N551P,0.4723,Amb
N551Q,0.703,LPath
N551R,0.9087,LPath
N551S,0.1078,LBen
N551T,0.3016,LBen
N551V,0.5426,Amb
N551W,0.9633,LPath
N551Y,0.6132,LPath
I552A,0.9494,LPath
I552C,0.9328,LPath
I552D,0.9985,LPath
I552E,0.9965,LPath
I552F,0.8532,LPath
I552G,0.9906,LPath
I552H,0.9926,LPath
I552K,0.9933,LPath
I552L,0.1877,LBen
I552M,0.2899,LBen
I552N,0.9705,LPath
I552P,0.9959,LPath
I552Q,0.9885,LPath
I552R,0.991,LPath
I552S,0.9605,LPath
I552T,0.9247,LPath
I552V,0.1205,LBen
I552W,0.9964,LPath
I552Y,0.9839,LPath
T553A,0.1172,LBen
T553C,0.2392,LBen
T553D,0.9738,LPath
T553E,0.9395,LPath
T553F,0.8825,LPath
T553G,0.3303,LBen
T553H,0.838,LPath
T553I,0.5143,Amb
T553K,0.8909,LPath
T553L,0.4124,Amb
T553M,0.2626,LBen
T553N,0.6478,LPath
T553P,0.8281,LPath
T553Q,0.7204,LPath
T553R,0.8472,LPath
T553S,0.182,LBen
T553V,0.2427,LBen
T553W,0.9743,LPath
T553Y,0.9037,LPath
K554A,0.8674,LPath
K554C,0.9291,LPath
K554D,0.9427,LPath
K554E,0.8442,LPath
K554F,0.9929,LPath
K554G,0.7701,LPath
K554H,0.6627,LPath
K554I,0.9686,LPath
K554L,0.941,LPath
K554M,0.9226,LPath
K554N,0.915,LPath
K554P,0.9156,LPath
K554Q,0.4598,Amb
K554R,0.0769,LBen
K554S,0.8642,LPath
K554T,0.8171,LPath
K554V,0.9157,LPath
K554W,0.9621,LPath
K554Y,0.9644,LPath
D555A,0.8259,LPath
D555C,0.98,LPath
D555E,0.402,Amb
D555F,0.9852,LPath
D555G,0.7435,LPath
D555H,0.9495,LPath
D555I,0.9811,LPath
D555K,0.9774,LPath
D555L,0.9694,LPath
D555M,0.987,LPath
D555N,0.6916,LPath
D555P,0.9574,LPath
D555Q,0.9254,LPath
D555R,0.9804,LPath
D555S,0.7223,LPath
D555T,0.9289,LPath
D555V,0.9357,LPath
D555W,0.997,LPath
D555Y,0.9007,LPath
L556A,0.9907,LPath
L556C,0.981,LPath
L556D,0.9999,LPath
L556E,0.9993,LPath
L556F,0.872,LPath
L556G,0.998,LPath
L556H,0.9978,LPath
L556I,0.6941,LPath
L556K,0.9985,LPath
L556M,0.3939,Amb
L556N,0.9988,LPath
L556P,0.9999,LPath
L556Q,0.9969,LPath
L556R,0.9982,LPath
L556S,0.9984,LPath
L556T,0.9915,LPath
L556V,0.7601,LPath
L556W,0.9972,LPath
L556Y,0.993,LPath
L557A,0.6263,LPath
L557C,0.5887,LPath
L557D,0.9933,LPath
L557E,0.938,LPath
L557F,0.5967,LPath
L557G,0.9024,LPath
L557H,0.7856,LPath
L557I,0.2236,LBen
L557K,0.8048,LPath
L557M,0.1807,LBen
L557N,0.8942,LPath
L557P,0.9966,LPath
L557Q,0.6219,LPath
L557R,0.7322,LPath
L557S,0.8097,LPath
L557T,0.552,Amb
L557V,0.1595,LBen
L557W,0.8105,LPath
L557Y,0.7875,LPath
D558A,0.7332,LPath
D558C,0.9539,LPath
D558E,0.2758,LBen
D558F,0.9584,LPath
D558G,0.7481,LPath
D558H,0.8881,LPath
D558I,0.9254,LPath
D558K,0.9535,LPath
D558L,0.8826,LPath
D558M,0.9467,LPath
D558N,0.5626,Amb
D558P,0.9894,LPath
D558Q,0.8436,LPath
D558R,0.951,LPath
D558S,0.59,LPath
D558T,0.7736,LPath
D558V,0.8025,LPath
D558W,0.9908,LPath
D558Y,0.8465,LPath
L559A,0.9573,LPath
L559C,0.9658,LPath
L559D,0.999,LPath
L559E,0.9951,LPath
L559F,0.9697,LPath
L559G,0.9946,LPath
L559H,0.9893,LPath
L559I,0.0851,LBen
L559K,0.987,LPath
L559M,0.4976,Amb
L559N,0.9773,LPath
L559P,0.9987,LPath
L559Q,0.9859,LPath
L559R,0.9853,LPath
L559S,0.986,LPath
L559T,0.8547,LPath
L559V,0.2541,LBen
L559W,0.9966,LPath
L559Y,0.9924,LPath
L560A,0.9699,LPath
L560C,0.9288,LPath
L560D,0.9999,LPath
L560E,0.9989,LPath
L560F,0.9813,LPath
L560G,0.9977,LPath
L560H,0.9985,LPath
L560I,0.6133,LPath
L560K,0.9986,LPath
L560M,0.444,Amb
L560N,0.9983,LPath
L560P,0.9997,LPath
L560Q,0.9939,LPath
L560R,0.9976,LPath
L560S,0.9963,LPath
L560T,0.9761,LPath
L560V,0.5392,Amb
L560W,0.9989,LPath
L560Y,0.9984,LPath
V561A,0.3914,Amb
V561C,0.6558,LPath
V561D,0.8696,LPath
V561E,0.7246,LPath
V561F,0.422,Amb
V561G,0.4149,Amb
V561H,0.7905,LPath
V561I,0.0928,LBen
V561K,0.7473,LPath
V561L,0.3119,LBen
V561M,0.2212,LBen
V561N,0.5227,Amb
V561P,0.9912,LPath
V561Q,0.5338,Amb
V561R,0.6887,LPath
V561S,0.3863,Amb
V561T,0.2455,LBen
V561W,0.9163,LPath
V561Y,0.7762,LPath
E562A,0.9725,LPath
E562C,0.9978,LPath
E562D,0.8938,LPath
E562F,0.9994,LPath
E562G,0.9584,LPath
E562H,0.9984,LPath
E562I,0.998,LPath
E562K,0.996,LPath
E562L,0.997,LPath
E562M,0.9971,LPath
E562N,0.9945,LPath
E562P,0.9994,LPath
E562Q,0.9768,LPath
E562R,0.995,LPath
E562S,0.9777,LPath
E562T,0.9933,LPath
E562V,0.9934,LPath
E562W,0.9998,LPath
E562Y,0.9988,LPath
A563C,0.8141,LPath
A563D,0.9982,LPath
A563E,0.9944,LPath
A563F,0.9962,LPath
A563G,0.7884,LPath
A563H,0.995,LPath
A563I,0.9873,LPath
A563K,0.9991,LPath
A563L,0.953,LPath
A563M,0.9546,LPath
A563N,0.9484,LPath
A563P,0.9997,LPath
A563Q,0.982,LPath
A563R,0.9959,LPath
A563S,0.2986,LBen
A563T,0.5379,Amb
A563V,0.8898,LPath
A563W,0.9994,LPath
A563Y,0.9973,LPath
K564A,0.8685,LPath
K564C,0.795,LPath
K564D,0.8523,LPath
K564E,0.6289,LPath
K564F,0.9893,LPath
K564G,0.5988,LPath
K564H,0.3243,LBen
K564I,0.9777,LPath
K564L,0.9237,LPath
K564M,0.8554,LPath
K564N,0.5745,LPath
K564P,0.9912,LPath
K564Q,0.2855,LBen
K564R,0.1064,LBen
K564S,0.707,LPath
K564T,0.8339,LPath
K564V,0.9404,LPath
K564W,0.9748,LPath
K564Y,0.9375,LPath
Q565A,0.8794,LPath
Q565C,0.997,LPath
Q565D,0.9972,LPath
Q565E,0.8759,LPath
Q565F,0.999,LPath
Q565G,0.8816,LPath
Q565H,0.9978,LPath
Q565I,0.9913,LPath
Q565K,0.9803,LPath
Q565L,0.9815,LPath
Q565M,0.9254,LPath
Q565N,0.9462,LPath
Q565P,0.9991,LPath
Q565R,0.9896,LPath
Q565S,0.909,LPath
Q565T,0.9496,LPath
Q565V,0.976,LPath
Q565W,0.9996,LPath
Q565Y,0.9993,LPath
E566A,0.6921,LPath
E566C,0.9812,LPath
E566D,0.1978,LBen
E566F,0.9882,LPath
E566G,0.7957,LPath
E566H,0.9556,LPath
E566I,0.85,LPath
E566K,0.8956,LPath
E566L,0.9159,LPath
E566M,0.9217,LPath
E566N,0.768,LPath
E566P,0.9233,LPath
E566Q,0.6879,LPath
E566R,0.932,LPath
E566S,0.7633,LPath
E566T,0.7527,LPath
E566V,0.6683,LPath
E566W,0.9966,LPath
E566Y,0.9754,LPath
V567A,0.9229,LPath
V567C,0.9114,LPath
V567D,0.9985,LPath
V567E,0.9925,LPath
V567F,0.9451,LPath
V567G,0.9631,LPath
V567H,0.997,LPath
V567I,0.1005,LBen
V567K,0.9873,LPath
V567L,0.8241,LPath
V567M,0.8071,LPath
V567N,0.9894,LPath
V567P,0.9555,LPath
V567Q,0.9885,LPath
V567R,0.9863,LPath
V567S,0.9755,LPath
V567T,0.8905,LPath
V567W,0.9982,LPath
V567Y,0.9897,LPath
P568A,0.9856,LPath
P568C,0.9983,LPath
P568D,0.9989,LPath
P568E,0.9989,LPath
P568F,0.9998,LPath
P568G,0.9974,LPath
P568H,0.9976,LPath
P568I,0.9992,LPath
P568K,0.9995,LPath
P568L,0.9953,LPath
P568M,0.9992,LPath
P568N,0.9988,LPath
P568Q,0.9986,LPath
P568R,0.9988,LPath
P568S,0.9945,LPath
P568T,0.9959,LPath
P568V,0.9972,LPath
P568W,0.9999,LPath
P568Y,0.9997,LPath
S569A,0.0685,LBen
S569C,0.1282,LBen
S569D,0.5015,Amb
S569E,0.5983,LPath
S569F,0.3108,LBen
S569G,0.0734,LBen
S569H,0.4369,Amb
S569I,0.1949,LBen
S569K,0.774,LPath
S569L,0.1039,LBen
S569M,0.1683,LBen
S569N,0.1468,LBen
S569P,0.1327,LBen
S569Q,0.4843,Amb
S569R,0.7884,LPath
S569T,0.079,LBen
S569V,0.1427,LBen
S569W,0.5947,LPath
S569Y,0.3617,Amb
W570A,0.9971,LPath
W570C,0.9982,LPath
W570D,0.9992,LPath
W570E,0.999,LPath
W570F,0.4429,Amb
W570G,0.9953,LPath
W570H,0.9955,LPath
W570I,0.9937,LPath
W570K,0.9998,LPath
W570L,0.9958,LPath
W570M,0.9961,LPath
W570N,0.9991,LPath
W570P,0.9993,LPath
W570Q,0.9996,LPath
W570R,0.9996,LPath
W570S,0.9958,LPath
W570T,0.997,LPath
W570V,0.994,LPath
W570Y,0.9406,LPath
L571A,0.9866,LPath
L571C,0.9849,LPath
L571D,0.9999,LPath
L571E,0.9992,LPath
L571F,0.9038,LPath
L571G,0.9984,LPath
L571H,0.9992,LPath
L571I,0.6396,LPath
L571K,0.9988,LPath
L571M,0.4451,Amb
L571N,0.9996,LPath
L571P,0.9996,LPath
L571Q,0.9976,LPath
L571R,0.9984,LPath
L571S,0.9992,LPath
L571T,0.9952,LPath
L571V,0.7073,LPath
L571W,0.9948,LPath
L571Y,0.9952,LPath
E572A,0.7136,LPath
E572C,0.9764,LPath
E572D,0.4241,Amb
E572F,0.9904,LPath
E572G,0.6425,LPath
E572H,0.9345,LPath
E572I,0.9359,LPath
E572K,0.8493,LPath
E572L,0.925,LPath
E572M,0.9341,LPath
E572N,0.8137,LPath
E572P,0.9932,LPath
E572Q,0.5257,Amb
E572R,0.8686,LPath
E572S,0.679,LPath
E572T,0.7974,LPath
E572V,0.8204,LPath
E572W,0.9945,LPath
E572Y,0.9718,LPath
N573A,0.1506,LBen
N573C,0.2056,LBen
N573D,0.1981,LBen
N573E,0.4251,Amb
N573F,0.5725,LPath
N573G,0.1298,LBen
N573H,0.1361,LBen
N573I,0.3322,LBen
N573K,0.4651,Amb
N573L,0.2847,LBen
N573M,0.2818,LBen
N573P,0.8903,LPath
N573Q,0.263,LBen
N573R,0.5045,Amb
N573S,0.0622,LBen
N573T,0.095,LBen
N573V,0.2612,LBen
N573W,0.7923,LPath
N573Y,0.2495,LBen
M574A,0.4034,Amb
M574C,0.625,LPath
M574D,0.9666,LPath
M574E,0.7981,LPath
M574F,0.4479,Amb
M574G,0.8362,LPath
M574H,0.6519,LPath
M574I,0.3556,Amb
M574K,0.3782,Amb
M574L,0.0995,LBen
M574N,0.7574,LPath
M574P,0.9912,LPath
M574Q,0.3805,Amb
M574R,0.4377,Amb
M574S,0.582,LPath
M574T,0.2905,LBen
M574V,0.1096,LBen
M574W,0.7969,LPath
M574Y,0.6872,LPath
A575C,0.6595,LPath
A575D,0.9879,LPath
A575E,0.9783,LPath
A575F,0.866,LPath
A575G,0.2307,LBen
A575H,0.946,LPath
A575I,0.8133,LPath
A575K,0.9908,LPath
A575L,0.7168,LPath
A575M,0.749,LPath
A575N,0.8824,LPath
A575P,0.989,LPath
A575Q,0.8974,LPath
A575R,0.9764,LPath
A575S,0.1589,LBen
A575T,0.5068,Amb
A575V,0.5163,Amb
A575W,0.9862,LPath
A575Y,0.9168,LPath
Y576A,0.3898,Amb
Y576C,0.1523,LBen
Y576D,0.5746,LPath
Y576E,0.719,LPath
Y576F,0.0804,LBen
Y576G,0.3508,Amb
Y576H,0.3312,LBen
Y576I,0.5046,Amb
Y576K,0.7447,LPath
Y576L,0.4592,Amb
Y576M,0.4436,Amb
Y576N,0.2775,LBen
Y576P,0.9144,LPath
Y576Q,0.5177,Amb
Y576R,0.5728,LPath
Y576S,0.2285,LBen
Y576T,0.3806,Amb
Y576V,0.3243,LBen
Y576W,0.351,Amb
E577A,0.6284,LPath
E577C,0.9657,LPath
E577D,0.1455,LBen
E577F,0.9772,LPath
E577G,0.5154,Amb
E577H,0.8513,LPath
E577I,0.9123,LPath
E577K,0.7694,LPath
E577L,0.9001,LPath
E577M,0.9191,LPath
E577N,0.5586,Amb
E577P,0.9626,LPath
E577Q,0.4047,Amb
E577R,0.8046,LPath
E577S,0.452,Amb
E577T,0.6714,LPath
E577V,0.8117,LPath
E577W,0.9917,LPath
E577Y,0.9415,LPath
H578A,0.1534,LBen
H578C,0.1323,LBen
H578D,0.3891,Amb
H578E,0.3709,Amb
H578F,0.2133,LBen
H578G,0.1405,LBen
H578I,0.2258,LBen
H578K,0.4055,Amb
H578L,0.1243,LBen
H578M,0.2289,LBen
H578N,0.0629,LBen
H578P,0.2714,LBen
H578Q,0.1151,LBen
H578R,0.2822,LBen
H578S,0.1044,LBen
H578T,0.1308,LBen
H578V,0.168,LBen
H578W,0.4586,Amb
H578Y,0.1099,LBen
H579A,0.1543,LBen
H579C,0.1477,LBen
H579D,0.4223,Amb
H579E,0.4062,Amb
H579F,0.287,LBen
H579G,0.143,LBen
H579I,0.2354,LBen
H579K,0.3791,Amb
H579L,0.1309,LBen
H579M,0.2799,LBen
H579N,0.0754,LBen
H579P,0.1467,LBen
H579Q,0.1037,LBen
H579R,0.2216,LBen
H579S,0.0986,LBen
H579T,0.126,LBen
H579V,0.1747,LBen
H579W,0.5288,Amb
H579Y,0.1514,LBen
Y580A,0.2066,LBen
Y580C,0.0721,LBen
Y580D,0.464,Amb
Y580E,0.6075,LPath
Y580F,0.0624,LBen
Y580G,0.1433,LBen
Y580H,0.0977,LBen
Y580I,0.2878,LBen
Y580K,0.5914,LPath
Y580L,0.2571,LBen
Y580M,0.3379,LBen
Y580N,0.1132,LBen
Y580P,0.3937,Amb
Y580Q,0.2216,LBen
Y580R,0.3838,Amb
Y580S,0.0926,LBen
Y580T,0.1903,LBen
Y580V,0.1887,LBen
Y580W,0.3198,LBen
K581A,0.7261,LPath
K581C,0.8445,LPath
K581D,0.891,LPath
K581E,0.7936,LPath
K581F,0.9576,LPath
K581G,0.5133,Amb
K581H,0.488,Amb
K581I,0.903,LPath
K581L,0.834,LPath
K581M,0.8362,LPath
K581N,0.8296,LPath
K581P,0.7185,LPath
K581Q,0.3202,LBen
K581R,0.0763,LBen
K581S,0.7102,LPath
K581T,0.6611,LPath
K581V,0.8447,LPath
K581W,0.912,LPath
K581Y,0.8887,LPath
G582A,0.1129,LBen
G582C,0.2,LBen
G582D,0.7535,LPath
G582E,0.7998,LPath
G582F,0.5842,LPath
G582H,0.5571,Amb
G582I,0.3178,LBen
G582K,0.9126,LPath
G582L,0.3917,Amb
G582M,0.3742,Amb
G582N,0.207,LBen
G582P,0.5525,Amb
G582Q,0.5851,LPath
G582R,0.8757,LPath
G582S,0.0747,LBen
G582T,0.0977,LBen
G582V,0.1822,LBen
G582W,0.6834,LPath
G582Y,0.4826,Amb
S583A,0.0868,LBen
S583C,0.1334,LBen
S583D,0.6803,LPath
S583E,0.793,LPath
S583F,0.3173,LBen
S583G,0.0571,LBen
S583H,0.3855,Amb
S583I,0.202,LBen
S583K,0.8255,LPath
S583L,0.1762,LBen
S583M,0.2015,LBen
S583N,0.1093,LBen
S583P,0.1815,LBen
S583Q,0.4686,Amb
S583R,0.8215,LPath
S583T,0.0728,LBen
S583V,0.1503,LBen
S583W,0.6096,LPath
S583Y,0.349,Amb
S584A,0.092,LBen
S584C,0.144,LBen
S584D,0.7893,LPath
S584E,0.863,LPath
S584F,0.335,LBen
S584G,0.0626,LBen
S584H,0.3822,Amb
S584I,0.2456,LBen
S584K,0.8647,LPath
S584L,0.1888,LBen
S584M,0.2254,LBen
S584N,0.1154,LBen
S584P,0.1951,LBen
S584Q,0.4855,Amb
S584R,0.8506,LPath
S584T,0.0756,LBen
S584V,0.1679,LBen
S584W,0.6291,LPath
S584Y,0.3616,Amb
R585A,0.8254,LPath
R585C,0.6999,LPath
R585D,0.9578,LPath
R585E,0.9353,LPath
R585F,0.8757,LPath
R585G,0.4799,Amb
R585H,0.4095,Amb
R585I,0.9104,LPath
R585K,0.2064,LBen
R585L,0.8361,LPath
R585M,0.9027,LPath
R585N,0.9053,LPath
R585P,0.7727,LPath
R585Q,0.4441,Amb
R585S,0.8314,LPath
R585T,0.8235,LPath
R585V,0.8791,LPath
R585W,0.6427,LPath
R585Y,0.7552,LPath
G586A,0.2548,LBen
G586C,0.4102,Amb
G586D,0.9349,LPath
G586E,0.9429,LPath
G586F,0.7478,LPath
G586H,0.7758,LPath
G586I,0.598,LPath
G586K,0.9583,LPath
G586L,0.6797,LPath
G586M,0.6792,LPath
G586N,0.4493,Amb
G586P,0.7483,LPath
G586Q,0.7536,LPath
G586R,0.9261,LPath
G586S,0.1377,LBen
G586T,0.2661,LBen
G586V,0.3926,Amb
G586W,0.7974,LPath
G586Y,0.683,LPath
R587A,0.846,LPath
R587C,0.688,LPath
R587D,0.9552,LPath
R587E,0.9461,LPath
R587F,0.876,LPath
R587G,0.4951,Amb
R587H,0.3751,Amb
R587I,0.8999,LPath
R587K,0.201,LBen
R587L,0.8476,LPath
R587M,0.9117,LPath
R587N,0.8766,LPath
R587P,0.7832,LPath
R587Q,0.4225,Amb
R587S,0.8392,LPath
R587T,0.8441,LPath
R587V,0.8788,LPath
R587W,0.7135,LPath
R587Y,0.7429,LPath
S588A,0.0878,LBen
S588C,0.2276,LBen
S588D,0.9218,LPath
S588E,0.9392,LPath
S588F,0.464,Amb
S588G,0.0711,LBen
S588H,0.5992,LPath
S588I,0.4915,Amb
S588K,0.941,LPath
S588L,0.2948,LBen
S588M,0.3457,Amb
S588N,0.2196,LBen
S588P,0.1454,LBen
S588Q,0.5818,LPath
S588R,0.9368,LPath
S588T,0.1037,LBen
S588V,0.3002,LBen
S588W,0.7109,LPath
S588Y,0.4823,Amb
K589A,0.8058,LPath
K589C,0.9177,LPath
K589D,0.9465,LPath
K589E,0.9385,LPath
K589F,0.9765,LPath
K589G,0.5426,Amb
K589H,0.6292,LPath
K589I,0.9591,LPath
K589L,0.9156,LPath
K589M,0.9392,LPath
K589N,0.8774,LPath
K589P,0.6955,LPath
K589Q,0.4765,Amb
K589R,0.0684,LBen
K589S,0.7636,LPath
K589T,0.7891,LPath
K589V,0.9118,LPath
K589W,0.955,LPath
K589Y,0.9208,LPath
S590A,0.1078,LBen
S590C,0.2612,LBen
S590D,0.8259,LPath
S590E,0.8844,LPath
S590F,0.4547,Amb
S590G,0.0592,LBen
S590H,0.4715,Amb
S590I,0.5206,Amb
S590K,0.8576,LPath
S590L,0.3648,Amb
S590M,0.3982,Amb
S590N,0.1716,LBen
S590P,0.1824,LBen
S590Q,0.501,Amb
S590R,0.855,LPath
S590T,0.1048,LBen
S590V,0.3152,LBen
S590W,0.715,LPath
S590Y,0.416,Amb
S591A,0.1104,LBen
S591C,0.2413,LBen
S591D,0.8817,LPath
S591E,0.9278,LPath
S591F,0.5483,Amb
S591G,0.0607,LBen
S591H,0.4799,Amb
S591I,0.574,LPath
S591K,0.8516,LPath
S591L,0.3483,Amb
S591M,0.4037,Amb
S591N,0.1927,LBen
S591P,0.2183,LBen
S591Q,0.5269,Amb
S591R,0.858,LPath
S591T,0.1091,LBen
S591V,0.3618,Amb
S591W,0.7211,LPath
S591Y,0.48,Amb
R592A,0.9143,LPath
R592C,0.8364,LPath
R592D,0.9794,LPath
R592E,0.9804,LPath
R592F,0.943,LPath
R592G,0.651,LPath
R592H,0.5759,LPath
R592I,0.9475,LPath
R592K,0.3441,Amb
R592L,0.9047,LPath
R592M,0.9606,LPath
R592N,0.9483,LPath
R592P,0.8316,LPath
R592Q,0.6435,LPath
R592S,0.9045,LPath
R592T,0.9198,LPath
R592V,0.9333,LPath
R592W,0.8419,LPath
R592Y,0.8618,LPath
F593A,0.8918,LPath
F593C,0.8308,LPath
F593D,0.9811,LPath
F593E,0.9873,LPath
F593G,0.7646,LPath
F593H,0.9017,LPath
F593I,0.8036,LPath
F593K,0.9732,LPath
F593L,0.9761,LPath
F593M,0.8661,LPath
F593N,0.8994,LPath
F593P,0.9763,LPath
F593Q,0.9375,LPath
F593R,0.9184,LPath
F593S,0.8392,LPath
F593T,0.9261,LPath
F593V,0.7339,LPath
F593W,0.6484,LPath
F593Y,0.2148,LBen
S594A,0.0896,LBen
S594C,0.2228,LBen
S594D,0.9569,LPath
S594E,0.9632,LPath
S594F,0.5499,Amb
S594G,0.079,LBen
S594H,0.7054,LPath
S594I,0.6204,LPath
S594K,0.9617,LPath
S594L,0.3202,LBen
S594M,0.4209,Amb
S594N,0.445,Amb
S594P,0.3402,Amb
S594Q,0.7223,LPath
S594R,0.9337,LPath
S594T,0.1208,LBen
S594V,0.3972,Amb
S594W,0.7359,LPath
S594Y,0.5956,LPath
G595A,0.3208,LBen
G595C,0.6165,LPath
G595D,0.9663,LPath
G595E,0.9708,LPath
G595F,0.9301,LPath
G595H,0.9037,LPath
G595I,0.8856,LPath
G595K,0.974,LPath
G595L,0.8795,LPath
G595M,0.8861,LPath
G595N,0.672,LPath
G595P,0.8767,LPath
G595Q,0.8606,LPath
G595R,0.9367,LPath
G595S,0.2071,LBen
G595T,0.418,Amb
G595V,0.6871,LPath
G595W,0.9183,LPath
G595Y,0.8911,LPath
G596A,0.3976,Amb
G596C,0.6614,LPath
G596D,0.9668,LPath
G596E,0.9716,LPath
G596F,0.9072,LPath
G596H,0.9036,LPath
G596I,0.8295,LPath
G596K,0.9683,LPath
G596L,0.8965,LPath
G596M,0.8769,LPath
G596N,0.6616,LPath
G596P,0.9281,LPath
G596Q,0.8608,LPath
G596R,0.9265,LPath
G596S,0.2322,LBen
G596T,0.425,Amb
G596V,0.6514,LPath
G596W,0.9318,LPath
G596Y,0.8637,LPath
F597A,0.978,LPath
F597C,0.9882,LPath
F597D,0.9942,LPath
F597E,0.9963,LPath
F597G,0.9545,LPath
F597H,0.9882,LPath
F597I,0.9761,LPath
F597K,0.9954,LPath
F597L,0.9976,LPath
F597M,0.9684,LPath
F597N,0.9798,LPath
F597P,0.9974,LPath
F597Q,0.9902,LPath
F597R,0.9799,LPath
F597S,0.9757,LPath
F597T,0.9875,LPath
F597V,0.9657,LPath
F597W,0.8533,LPath
F597Y,0.6463,LPath
G598A,0.6227,LPath
G598C,0.9396,LPath
G598D,0.997,LPath
G598E,0.9973,LPath
G598F,0.9847,LPath
G598H,0.9931,LPath
G598I,0.985,LPath
G598K,0.9977,LPath
G598L,0.9787,LPath
G598M,0.9847,LPath
G598N,0.9789,LPath
G598P,0.9892,LPath
G598Q,0.9851,LPath
G598R,0.9897,LPath
G598S,0.7067,LPath
G598T,0.9053,LPath
G598V,0.9519,LPath
G598W,0.9896,LPath
G598Y,0.9891,LPath
A599C,0.8927,LPath
A599D,0.9928,LPath
A599E,0.9892,LPath
A599F,0.9388,LPath
A599G,0.2338,LBen
A599H,0.9669,LPath
A599I,0.9789,LPath
A599K,0.9934,LPath
A599L,0.8732,LPath
A599M,0.9047,LPath
A599N,0.9068,LPath
A599P,0.9516,LPath
A599Q,0.9212,LPath
A599R,0.9776,LPath
A599S,0.1609,LBen
A599T,0.7456,LPath
A599V,0.9055,LPath
A599W,0.9924,LPath
A599Y,0.9691,LPath
R600A,0.9789,LPath
R600C,0.946,LPath
R600D,0.9926,LPath
R600E,0.9767,LPath
R600F,0.9874,LPath
R600G,0.9268,LPath
R600H,0.8017,LPath
R600I,0.9821,LPath
R600K,0.2825,LBen
R600L,0.9647,LPath
R600M,0.9764,LPath
R600N,0.9863,LPath
R600P,0.9887,LPath
R600Q,0.7484,LPath
R600S,0.9839,LPath
R600T,0.9628,LPath
R600V,0.9719,LPath
R600W,0.926,LPath
R600Y,0.9562,LPath
D601A,0.9993,LPath
D601C,0.9999,LPath
D601E,0.9976,LPath
D601F,0.9996,LPath
D601G,0.9967,LPath
D601H,0.9997,LPath
D601I,0.9999,LPath
D601K,0.9996,LPath
D601L,0.9996,LPath
D601M,1.0,LPath
D601N,0.9956,LPath
D601P,0.9995,LPath
D601Q,0.9997,LPath
D601R,0.9993,LPath
D601S,0.9983,LPath
D601T,0.9996,LPath
D601V,0.9996,LPath
D601W,0.9999,LPath
D601Y,0.9971,LPath
Y602A,0.9434,LPath
Y602C,0.7184,LPath
Y602D,0.9866,LPath
Y602E,0.9936,LPath
Y602F,0.1435,LBen
Y602G,0.9011,LPath
Y602H,0.9334,LPath
Y602I,0.8445,LPath
Y602K,0.9905,LPath
Y602L,0.874,LPath
Y602M,0.8814,LPath
Y602N,0.9183,LPath
Y602P,0.9833,LPath
Y602Q,0.982,LPath
Y602R,0.9682,LPath
Y602S,0.8588,LPath
Y602T,0.9419,LPath
Y602V,0.6733,LPath
Y602W,0.7721,LPath
R603A,0.9994,LPath
R603C,0.9986,LPath
R603D,0.9996,LPath
R603E,0.998,LPath
R603F,0.9997,LPath
R603G,0.9972,LPath
R603H,0.9962,LPath
R603I,0.9996,LPath
R603K,0.9906,LPath
R603L,0.9978,LPath
R603M,0.9999,LPath
R603N,0.9993,LPath
R603P,0.999,LPath
R603Q,0.9938,LPath
R603S,0.9993,LPath
R603T,0.9995,LPath
R603V,0.9994,LPath
R603W,0.9983,LPath
R603Y,0.9983,LPath
Q604A,0.1507,LBen
Q604C,0.7198,LPath
Q604D,0.8209,LPath
Q604E,0.4227,Amb
Q604F,0.7597,LPath
Q604G,0.2159,LBen
Q604H,0.4069,Amb
Q604I,0.4278,Amb
Q604K,0.5118,Amb
Q604L,0.1777,LBen
Q604M,0.2439,LBen
Q604N,0.235,LBen
Q604P,0.3593,Amb
Q604R,0.529,Amb
Q604S,0.1078,LBen
Q604T,0.0621,LBen
Q604V,0.2048,LBen
Q604W,0.919,LPath
Q604Y,0.6946,LPath
S605A,0.0931,LBen
S605C,0.1926,LBen
S605D,0.831,LPath
S605E,0.8761,LPath
S605F,0.2999,LBen
S605G,0.0835,LBen
S605H,0.5312,Amb
S605I,0.3155,LBen
S605K,0.9416,LPath
S605L,0.2031,LBen
S605M,0.1882,LBen
S605N,0.1617,LBen
S605P,0.2952,LBen
S605Q,0.568,LPath
S605R,0.939,LPath
S605T,0.0779,LBen
S605V,0.2121,LBen
S605W,0.6507,LPath
S605Y,0.3545,Amb
S606A,0.0698,LBen
S606C,0.1461,LBen
S606D,0.7524,LPath
S606E,0.8071,LPath
S606F,0.245,LBen
S606G,0.0705,LBen
S606H,0.4307,Amb
S606I,0.2795,LBen
S606K,0.8787,LPath
S606L,0.1689,LBen
S606M,0.2154,LBen
S606N,0.1819,LBen
S606P,0.1152,LBen
S606Q,0.4828,Amb
S606R,0.8445,LPath
S606T,0.0798,LBen
S606V,0.1726,LBen
S606W,0.5092,Amb
S606Y,0.3119,LBen
G607A,0.0897,LBen
G607C,0.1702,LBen
G607D,0.6651,LPath
G607E,0.6743,LPath
G607F,0.3765,Amb
G607H,0.4373,Amb
G607I,0.235,LBen
G607K,0.7993,LPath
G607L,0.2737,LBen
G607M,0.2992,LBen
G607N,0.2111,LBen
G607P,0.3762,Amb
G607Q,0.4476,Amb
G607R,0.6953,LPath
G607S,0.0774,LBen
G607T,0.0926,LBen
G607V,0.1286,LBen
G607W,0.4802,Amb
G607Y,0.3556,Amb
A608C,0.1698,LBen
A608D,0.5786,LPath
A608E,0.6302,LPath
A608F,0.1525,LBen
A608G,0.0616,LBen
A608H,0.3309,LBen
A608I,0.14,LBen
A608K,0.7571,LPath
A608L,0.118,LBen
A608M,0.1366,LBen
A608N,0.1244,LBen
A608P,0.1152,LBen
A608Q,0.3143,LBen
A608R,0.7137,LPath
A608S,0.0588,LBen
A608T,0.0704,LBen
A608V,0.0884,LBen
A608W,0.522,Amb
A608Y,0.2375,LBen
S609A,0.0789,LBen
S609C,0.1542,LBen
S609D,0.7284,LPath
S609E,0.8191,LPath
S609F,0.2608,LBen
S609G,0.0564,LBen
S609H,0.427,Amb
S609I,0.288,LBen
S609K,0.8833,LPath
S609L,0.1971,LBen
S609M,0.2513,LBen
S609N,0.1423,LBen
S609P,0.125,LBen
S609Q,0.5028,Amb
S609R,0.8533,LPath
S609T,0.0826,LBen
S609V,0.1827,LBen
S609W,0.5647,LPath
S609Y,0.3293,LBen
S610A,0.0889,LBen
S610C,0.1808,LBen
S610D,0.7612,LPath
S610E,0.8501,LPath
S610F,0.2925,LBen
S610G,0.0647,LBen
S610H,0.4232,Amb
S610I,0.3592,Amb
S610K,0.8951,LPath
S610L,0.2175,LBen
S610M,0.2886,LBen
S610N,0.1589,LBen
S610P,0.1259,LBen
S610Q,0.5256,Amb
S610R,0.8635,LPath
S610T,0.0883,LBen
S610V,0.2222,LBen
S610W,0.5801,LPath
S610Y,0.321,LBen
S611A,0.0899,LBen
S611C,0.1936,LBen
S611D,0.763,LPath
S611E,0.8509,LPath
S611F,0.2807,LBen
S611G,0.0659,LBen
S611H,0.447,Amb
S611I,0.4356,Amb
S611K,0.9101,LPath
S611L,0.2397,LBen
S611M,0.3132,LBen
S611N,0.1772,LBen
S611P,0.1412,LBen
S611Q,0.5424,Amb
S611R,0.8813,LPath
S611T,0.0944,LBen
S611V,0.2661,LBen
S611W,0.568,LPath
S611Y,0.3227,LBen
S612A,0.0948,LBen
S612C,0.1583,LBen
S612D,0.7428,LPath
S612E,0.8536,LPath
S612F,0.3352,LBen
S612G,0.0571,LBen
S612H,0.4521,Amb
S612I,0.3325,LBen
S612K,0.9034,LPath
S612L,0.2554,LBen
S612M,0.3059,LBen
S612N,0.1474,LBen
S612P,0.1847,LBen
S612Q,0.5575,Amb
S612R,0.8672,LPath
S612T,0.0859,LBen
S612V,0.2119,LBen
S612W,0.6215,LPath
S612Y,0.3718,Amb
F613A,0.454,Amb
F613C,0.3814,Amb
F613D,0.888,LPath
F613E,0.9363,LPath
F613G,0.4695,Amb
F613H,0.6245,LPath
F613I,0.3528,Amb
F613K,0.9328,LPath
F613L,0.8033,LPath
F613M,0.4773,Amb
F613N,0.5408,Amb
F613P,0.7888,LPath
F613Q,0.7707,LPath
F613R,0.8374,LPath
F613S,0.3454,Amb
F613T,0.5178,Amb
F613V,0.2666,LBen
F613W,0.4204,Amb
F613Y,0.152,LBen
S614A,0.1102,LBen
S614C,0.1975,LBen
S614D,0.8219,LPath
S614E,0.893,LPath
S614F,0.3619,Amb
S614G,0.0626,LBen
S614H,0.4825,Amb
S614I,0.4527,Amb
S614K,0.9369,LPath
S614L,0.2891,LBen
S614M,0.3778,Amb
S614N,0.1824,LBen
S614P,0.182,LBen
S614Q,0.5873,LPath
S614R,0.9083,LPath
S614T,0.1004,LBen
S614V,0.3078,LBen
S614W,0.6598,LPath
S614Y,0.3999,Amb
S615A,0.0976,LBen
S615C,0.2165,LBen
S615D,0.7306,LPath
S615E,0.8502,LPath
S615F,0.379,Amb
S615G,0.0622,LBen
S615H,0.451,Amb
S615I,0.4755,Amb
S615K,0.9078,LPath
S615L,0.2731,LBen
S615M,0.3495,Amb
S615N,0.1462,LBen
S615P,0.1476,LBen
S615Q,0.5645,LPath
S615R,0.892,LPath
S615T,0.0971,LBen
S615V,0.2977,LBen
S615W,0.6592,LPath
S615Y,0.3773,Amb
S616A,0.1145,LBen
S616C,0.2131,LBen
S616D,0.7223,LPath
S616E,0.822,LPath
S616F,0.3891,Amb
S616G,0.0625,LBen
S616H,0.4208,Amb
S616I,0.4327,Amb
S616K,0.8907,LPath
S616L,0.2939,LBen
S616M,0.352,Amb
S616N,0.1267,LBen
S616P,0.1612,LBen
S616Q,0.5023,Amb
S616R,0.8661,LPath
S616T,0.0959,LBen
S616V,0.2886,LBen
S616W,0.6529,LPath
S616Y,0.3897,Amb
R617A,0.5857,LPath
R617C,0.5751,LPath
R617D,0.8093,LPath
R617E,0.7814,LPath
R617F,0.7006,LPath
R617G,0.2402,LBen
R617H,0.2259,LBen
R617I,0.7871,LPath
R617K,0.1705,LBen
R617L,0.6346,LPath
R617M,0.7595,LPath
R617N,0.6185,LPath
R617P,0.4303,Amb
R617Q,0.2238,LBen
R617S,0.5208,Amb
R617T,0.5475,Amb
R617V,0.7227,LPath
R617W,0.5126,Amb
R617Y,0.5193,Amb
A618C,0.288,LBen
A618D,0.5933,LPath
A618E,0.6159,LPath
A618F,0.2388,LBen
A618G,0.0611,LBen
A618H,0.3542,Amb
A618I,0.225,LBen
A618K,0.7721,LPath
A618L,0.15,LBen
A618M,0.1889,LBen
A618N,0.1288,LBen
A618P,0.0865,LBen
A618Q,0.2871,LBen
A618R,0.7155,LPath
A618S,0.0562,LBen
A618T,0.0723,LBen
A618V,0.1219,LBen
A618W,0.6096,LPath
A618Y,0.2999,LBen
S619A,0.08,LBen
S619C,0.1757,LBen
S619D,0.6683,LPath
S619E,0.7778,LPath
S619F,0.2472,LBen
S619G,0.0568,LBen
S619H,0.3802,Amb
S619I,0.2527,LBen
S619K,0.8525,LPath
S619L,0.1892,LBen
S619M,0.2369,LBen
S619N,0.1115,LBen
S619P,0.1262,LBen
S619Q,0.4585,Amb
S619R,0.8318,LPath
S619T,0.077,LBen
S619V,0.168,LBen
S619W,0.5642,LPath
S619Y,0.2957,LBen
S620A,0.0983,LBen
S620C,0.1877,LBen
S620D,0.7559,LPath
S620E,0.8481,LPath
S620F,0.2595,LBen
S620G,0.0665,LBen
S620H,0.4103,Amb
S620I,0.3512,Amb
S620K,0.8898,LPath
S620L,0.2135,LBen
S620M,0.3061,LBen
S620N,0.1502,LBen
S620P,0.1292,LBen
S620Q,0.5136,Amb
S620R,0.8518,LPath
S620T,0.0922,LBen
S620V,0.22,LBen
S620W,0.5649,LPath
S620Y,0.2934,LBen
S621A,0.0956,LBen
S621C,0.1649,LBen
S621D,0.7486,LPath
S621E,0.8169,LPath
S621F,0.2313,LBen
S621G,0.0623,LBen
S621H,0.4095,Amb
S621I,0.2855,LBen
S621K,0.8947,LPath
S621L,0.195,LBen
S621M,0.2569,LBen
S621N,0.1305,LBen
S621P,0.1424,LBen
S621Q,0.4749,Amb
S621R,0.866,LPath
S621T,0.0859,LBen
S621V,0.1891,LBen
S621W,0.5463,Amb
S621Y,0.2884,LBen
R622A,0.5596,Amb
R622C,0.4993,Amb
R622D,0.8099,LPath
R622E,0.7832,LPath
R622F,0.6464,LPath
R622G,0.2586,LBen
R622H,0.2249,LBen
R622I,0.7151,LPath
R622K,0.1704,LBen
R622L,0.5663,LPath
R622M,0.7408,LPath
R622N,0.6177,LPath
R622P,0.4319,Amb
R622Q,0.228,LBen
R622S,0.4897,Amb
R622T,0.5367,Amb
R622V,0.6464,LPath
R622W,0.4866,Amb
R622Y,0.4938,Amb
S623A,0.0852,LBen
S623C,0.1528,LBen
S623D,0.7276,LPath
S623E,0.7812,LPath
S623F,0.1845,LBen
S623G,0.0585,LBen
S623H,0.369,Amb
S623I,0.2327,LBen
S623K,0.8535,LPath
S623L,0.1629,LBen
S623M,0.1977,LBen
S623N,0.1216,LBen
S623P,0.1225,LBen
S623Q,0.4359,Amb
S623R,0.8218,LPath
S623T,0.0756,LBen
S623V,0.1605,LBen
S623W,0.4312,Amb
S623Y,0.2226,LBen
G624A,0.091,LBen
G624C,0.1731,LBen
G624D,0.6862,LPath
G624E,0.6822,LPath
G624F,0.3295,LBen
G624H,0.4307,Amb
G624I,0.2457,LBen
G624K,0.8443,LPath
G624L,0.2677,LBen
G624M,0.2996,LBen
G624N,0.1852,LBen
G624P,0.3408,Amb
G624Q,0.4252,Amb
G624R,0.7406,LPath
G624S,0.0659,LBen
G624T,0.0856,LBen
G624V,0.1366,LBen
G624W,0.4524,Amb
G624Y,0.321,LBen
G625A,0.093,LBen
G625C,0.1695,LBen
G625D,0.6824,LPath
G625E,0.6369,LPath
G625F,0.3115,LBen
G625H,0.4493,Amb
G625I,0.223,LBen
G625K,0.8302,LPath
G625L,0.2761,LBen
G625M,0.2835,LBen
G625N,0.1975,LBen
G625P,0.3841,Amb
G625Q,0.4081,Amb
G625R,0.7245,LPath
G625S,0.074,LBen
G625T,0.0875,LBen
G625V,0.1277,LBen
G625W,0.4563,Amb
G625Y,0.3072,LBen
G626A,0.0902,LBen
G626C,0.1571,LBen
G626D,0.6935,LPath
G626E,0.6674,LPath
G626F,0.3137,LBen
G626H,0.455,Amb
G626I,0.2304,LBen
G626K,0.84,LPath
G626L,0.2774,LBen
G626M,0.2843,LBen
G626N,0.1908,LBen
G626P,0.3941,Amb
G626Q,0.424,Amb
G626R,0.7396,LPath
G626S,0.0716,LBen
G626T,0.0896,LBen
G626V,0.1302,LBen
G626W,0.4551,Amb
G626Y,0.3044,LBen
G627A,0.1092,LBen
G627C,0.1655,LBen
G627D,0.72,LPath
G627E,0.7182,LPath
G627F,0.3235,LBen
G627H,0.465,Amb
G627I,0.2404,LBen
G627K,0.8712,LPath
G627L,0.3057,LBen
G627M,0.3021,LBen
G627N,0.1832,LBen
G627P,0.4649,Amb
G627Q,0.4485,Amb
G627R,0.7788,LPath
G627S,0.0684,LBen
G627T,0.095,LBen
G627V,0.1429,LBen
G627W,0.4801,Amb
G627Y,0.3125,LBen
H628A,0.1433,LBen
H628C,0.1548,LBen
H628D,0.5509,Amb
H628E,0.5172,Amb
H628F,0.1086,LBen
H628G,0.1162,LBen
H628I,0.2509,LBen
H628K,0.5232,Amb
H628L,0.1358,LBen
H628M,0.2701,LBen
H628N,0.0793,LBen
H628P,0.0976,LBen
H628Q,0.1402,LBen
H628R,0.2988,LBen
H628S,0.0951,LBen
H628T,0.1521,LBen
H628V,0.1798,LBen
H628W,0.3182,LBen
H628Y,0.0717,LBen
G629A,0.1194,LBen
G629C,0.197,LBen
G629D,0.7685,LPath
G629E,0.7896,LPath
G629F,0.4412,Amb
G629H,0.4951,Amb
G629I,0.3162,LBen
G629K,0.9001,LPath
G629L,0.3647,Amb
G629M,0.3872,Amb
G629N,0.2094,LBen
G629P,0.486,Amb
G629Q,0.5044,Amb
G629R,0.8185,LPath
G629S,0.0712,LBen
G629T,0.1048,LBen
G629V,0.1807,LBen
G629W,0.5951,LPath
G629Y,0.3848,Amb
S630A,0.1014,LBen
S630C,0.18,LBen
S630D,0.7144,LPath
S630E,0.8176,LPath
S630F,0.2991,LBen
S630G,0.0586,LBen
S630H,0.4121,Amb
S630I,0.2766,LBen
S630K,0.9027,LPath
S630L,0.2287,LBen
S630M,0.2533,LBen
S630N,0.1074,LBen
S630P,0.1962,LBen
S630Q,0.4902,Amb
S630R,0.8829,LPath
S630T,0.0952,LBen
S630V,0.1919,LBen
S630W,0.6366,LPath
S630Y,0.3375,LBen
S631A,0.113,LBen
S631C,0.2027,LBen
S631D,0.7684,LPath
S631E,0.8407,LPath
S631F,0.3642,Amb
S631G,0.0736,LBen
S631H,0.4318,Amb
S631I,0.3803,Amb
S631K,0.9152,LPath
S631L,0.2674,LBen
S631M,0.2969,LBen
S631N,0.1146,LBen
S631P,0.1869,LBen
S631Q,0.5045,Amb
S631R,0.9008,LPath
S631T,0.0914,LBen
S631V,0.2513,LBen
S631W,0.6774,LPath
S631Y,0.3773,Amb
R632A,0.7759,LPath
R632C,0.7233,LPath
R632D,0.9213,LPath
R632E,0.8752,LPath
R632F,0.8574,LPath
R632G,0.3921,Amb
R632H,0.3731,Amb
R632I,0.907,LPath
R632K,0.2293,LBen
R632L,0.7964,LPath
R632M,0.8767,LPath
R632N,0.8314,LPath
R632P,0.6864,LPath
R632Q,0.329,LBen
R632S,0.7369,LPath
R632T,0.7738,LPath
R632V,0.8631,LPath
R632W,0.6436,LPath
R632Y,0.7196,LPath
G633A,0.1621,LBen
G633C,0.326,LBen
G633D,0.8631,LPath
G633E,0.881,LPath
G633F,0.7172,LPath
G633H,0.7391,LPath
G633I,0.6091,LPath
G633K,0.9651,LPath
G633L,0.66,LPath
G633M,0.6275,LPath
G633N,0.2973,LBen
G633P,0.6893,LPath
G633Q,0.7021,LPath
G633R,0.9261,LPath
G633S,0.1021,LBen
G633T,0.2098,LBen
G633V,0.3511,Amb
G633W,0.804,LPath
G633Y,0.63,LPath
F634A,0.8432,LPath
F634C,0.7473,LPath
F634D,0.9819,LPath
F634E,0.9857,LPath
F634G,0.8028,LPath
F634H,0.923,LPath
F634I,0.7043,LPath
F634K,0.9908,LPath
F634L,0.9638,LPath
F634M,0.7614,LPath
F634N,0.8939,LPath
F634P,0.9713,LPath
F634Q,0.9508,LPath
F634R,0.9713,LPath
F634S,0.8119,LPath
F634T,0.8978,LPath
F634V,0.6642,LPath
F634W,0.5957,LPath
F634Y,0.2682,LBen
G635A,0.3419,Amb
G635C,0.5667,LPath
G635D,0.9671,LPath
G635E,0.9628,LPath
G635F,0.8607,LPath
G635H,0.8682,LPath
G635I,0.8814,LPath
G635K,0.984,LPath
G635L,0.8504,LPath
G635M,0.8678,LPath
G635N,0.6574,LPath
G635P,0.8462,LPath
G635Q,0.7986,LPath
G635R,0.9361,LPath
G635S,0.1737,LBen
G635T,0.4444,Amb
G635V,0.7071,LPath
G635W,0.8898,LPath
G635Y,0.8309,LPath
G636A,0.2429,LBen
G636C,0.4575,Amb
G636D,0.917,LPath
G636E,0.9121,LPath
G636F,0.771,LPath
G636H,0.81,LPath
G636I,0.7589,LPath
G636K,0.9638,LPath
G636L,0.7782,LPath
G636M,0.7324,LPath
G636N,0.4394,Amb
G636P,0.7612,LPath
G636Q,0.7197,LPath
G636R,0.9087,LPath
G636S,0.1357,LBen
G636T,0.2766,LBen
G636V,0.5153,Amb
G636W,0.848,LPath
G636Y,0.7339,LPath
G637A,0.1777,LBen
G637C,0.3488,Amb
G637D,0.8697,LPath
G637E,0.8694,LPath
G637F,0.7119,LPath
G637H,0.7319,LPath
G637I,0.6661,LPath
G637K,0.9551,LPath
G637L,0.6962,LPath
G637M,0.6379,LPath
G637N,0.3274,LBen
G637P,0.6774,LPath
G637Q,0.6542,LPath
G637R,0.8989,LPath
G637S,0.0985,LBen
G637T,0.193,LBen
G637V,0.414,Amb
G637W,0.7945,LPath
G637Y,0.6455,LPath
G638A,0.1919,LBen
G638C,0.3362,LBen
G638D,0.819,LPath
G638E,0.8407,LPath
G638F,0.7016,LPath
G638H,0.7019,LPath
G638I,0.6445,LPath
G638K,0.9551,LPath
G638L,0.6909,LPath
G638M,0.6435,LPath
G638N,0.2484,LBen
G638P,0.6704,LPath
G638Q,0.6271,LPath
G638R,0.9087,LPath
G638S,0.087,LBen
G638T,0.1933,LBen
G638V,0.4059,Amb
G638W,0.8122,LPath
G638Y,0.5879,LPath
Y639A,0.4838,Amb
Y639C,0.2002,LBen
Y639D,0.8129,LPath
Y639E,0.9036,LPath
Y639F,0.0817,LBen
Y639G,0.234,LBen
Y639H,0.5903,LPath
Y639I,0.672,LPath
Y639K,0.9387,LPath
Y639L,0.5877,LPath
Y639M,0.5886,LPath
Y639N,0.3642,Amb
Y639P,0.7086,LPath
Y639Q,0.7486,LPath
Y639R,0.8446,LPath
Y639S,0.2462,LBen
Y639T,0.544,Amb
Y639V,0.4446,Amb
Y639W,0.4323,Amb
G640A,0.2435,LBen
G640C,0.5069,Amb
G640D,0.9193,LPath
G640E,0.9244,LPath
G640F,0.8933,LPath
G640H,0.8017,LPath
G640I,0.8746,LPath
G640K,0.9729,LPath
G640L,0.845,LPath
G640M,0.8278,LPath
G640N,0.445,Amb
G640P,0.7995,LPath
G640Q,0.7178,LPath
G640R,0.9264,LPath
G640S,0.1088,LBen
G640T,0.293,LBen
G640V,0.6727,LPath
G640W,0.9027,LPath
G640Y,0.8325,LPath
G641A,0.1592,LBen
G641C,0.3122,LBen
G641D,0.7787,LPath
G641E,0.8398,LPath
G641F,0.8324,LPath
G641H,0.6705,LPath
G641I,0.6757,LPath
G641K,0.9564,LPath
G641L,0.6989,LPath
G641M,0.6492,LPath
G641N,0.1815,LBen
G641P,0.6479,LPath
G641Q,0.6451,LPath
G641R,0.9198,LPath
G641S,0.0719,LBen
G641T,0.1664,LBen
G641V,0.4177,Amb
G641W,0.8517,LPath
G641Y,0.6955,LPath
F642A,0.5639,Amb
F642C,0.4329,Amb
F642D,0.9142,LPath
F642E,0.9484,LPath
F642G,0.5495,Amb
F642H,0.78,LPath
F642I,0.3836,Amb
F642K,0.9722,LPath
F642L,0.8674,LPath
F642M,0.4983,Amb
F642N,0.5512,Amb
F642P,0.9026,LPath
F642Q,0.8339,LPath
F642R,0.9364,LPath
F642S,0.4569,Amb
F642T,0.6194,LPath
F642V,0.3257,LBen
F642W,0.6134,LPath
F642Y,0.179,LBen
Y643A,0.4701,Amb
Y643C,0.1723,LBen
Y643D,0.801,LPath
Y643E,0.8872,LPath
Y643F,0.125,LBen
Y643G,0.2107,LBen
Y643H,0.4412,Amb
Y643I,0.7263,LPath
Y643K,0.9289,LPath
Y643L,0.5583,Amb
Y643M,0.664,LPath
Y643N,0.3069,LBen
Y643P,0.5993,LPath
Y643Q,0.6208,LPath
Y643R,0.7629,LPath
Y643S,0.1732,LBen
Y643T,0.5027,Amb
Y643V,0.4633,Amb
Y643W,0.4989,Amb
N644A,0.1478,LBen
N644C,0.2763,LBen
N644D,0.3998,Amb
N644E,0.6982,LPath
N644F,0.687,LPath
N644G,0.0872,LBen
N644H,0.1696,LBen
N644I,0.5562,Amb
N644K,0.7632,LPath
N644L,0.4258,Amb
N644M,0.4894,Amb
N644P,0.2162,LBen
N644Q,0.3307,LBen
N644R,0.7419,LPath
N644S,0.047,LBen
N644T,0.0986,LBen
N644V,0.387,Amb
N644W,0.8682,LPath
N644Y,0.3572,Amb
S645A,0.1235,LBen
S645C,0.2974,LBen
S645D,0.741,LPath
S645E,0.8407,LPath
S645F,0.6891,LPath
S645G,0.0888,LBen
S645H,0.5405,Amb
S645I,0.6835,LPath
S645K,0.9468,LPath
S645L,0.4624,Amb
S645M,0.4572,Amb
S645N,0.1429,LBen
S645P,0.3289,LBen
S645Q,0.5836,LPath
S645R,0.9381,LPath
S645T,0.1098,LBen
S645V,0.4675,Amb
S645W,0.8498,LPath
S645Y,0.5741,LPath
D646A,0.708,LPath
D646C,0.9552,LPath
D646E,0.1481,LBen
D646F,0.9676,LPath
D646G,0.4952,Amb
D646H,0.8646,LPath
D646I,0.9589,LPath
D646K,0.9381,LPath
D646L,0.9437,LPath
D646M,0.9606,LPath
D646N,0.3664,Amb
D646P,0.8857,LPath
D646Q,0.7308,LPath
D646R,0.9236,LPath
D646S,0.3911,Amb
D646T,0.7324,LPath
D646V,0.8831,LPath
D646W,0.9887,LPath
D646Y,0.8698,LPath
G647A,0.1755,LBen
G647C,0.3174,LBen
G647D,0.8032,LPath
G647E,0.8311,LPath
G647F,0.754,LPath
G647H,0.6837,LPath
G647I,0.5929,LPath
G647K,0.9541,LPath
G647L,0.6714,LPath
G647M,0.6227,LPath
G647N,0.234,LBen
G647P,0.809,LPath
G647Q,0.6483,LPath
G647R,0.9079,LPath
G647S,0.0826,LBen
G647T,0.1766,LBen
G647V,0.3604,Amb
G647W,0.8248,LPath
G647Y,0.6314,LPath
Y648A,0.4731,Amb
Y648C,0.1998,LBen
Y648D,0.7761,LPath
Y648E,0.8771,LPath
Y648F,0.1028,LBen
Y648G,0.2414,LBen
Y648H,0.6176,LPath
Y648I,0.6708,LPath
Y648K,0.9383,LPath
Y648L,0.594,LPath
Y648M,0.6056,LPath
Y648N,0.3207,LBen
Y648P,0.6706,LPath
Y648Q,0.7393,LPath
Y648R,0.8482,LPath
Y648S,0.2357,LBen
Y648T,0.5391,Amb
Y648V,0.4369,Amb
Y648W,0.4559,Amb
G649A,0.2697,LBen
G649C,0.4686,Amb
G649D,0.9347,LPath
G649E,0.9282,LPath
G649F,0.8545,LPath
G649H,0.8196,LPath
G649I,0.8375,LPath
G649K,0.973,LPath
G649L,0.8245,LPath
G649M,0.8179,LPath
G649N,0.5115,Amb
G649P,0.8486,LPath
G649Q,0.7494,LPath
G649R,0.926,LPath
G649S,0.1427,LBen
G649T,0.3575,Amb
G649V,0.6349,LPath
G649W,0.882,LPath
G649Y,0.7941,LPath
G650A,0.2435,LBen
G650C,0.4205,Amb
G650D,0.8625,LPath
G650E,0.868,LPath
G650F,0.8246,LPath
G650H,0.7949,LPath
G650I,0.742,LPath
G650K,0.9636,LPath
G650L,0.7754,LPath
G650M,0.7367,LPath
G650N,0.3057,LBen
G650P,0.7883,LPath
G650Q,0.7014,LPath
G650R,0.9293,LPath
G650S,0.1144,LBen
G650T,0.2781,LBen
G650V,0.5173,Amb
G650W,0.8606,LPath
G650Y,0.7456,LPath
N651A,0.1781,LBen
N651C,0.2513,LBen
N651D,0.4484,Amb
N651E,0.7489,LPath
N651F,0.6231,LPath
N651G,0.1422,LBen
N651H,0.2285,LBen
N651I,0.4311,Amb
N651K,0.8186,LPath
N651L,0.4023,Amb
N651M,0.4431,Amb
N651P,0.3179,LBen
N651Q,0.4244,Amb
N651R,0.799,LPath
N651S,0.0628,LBen
N651T,0.1237,LBen
N651V,0.2913,LBen
N651W,0.8719,LPath
N651Y,0.3489,Amb
Y652A,0.3471,Amb
Y652C,0.1468,LBen
Y652D,0.6413,LPath
Y652E,0.7848,LPath
Y652F,0.1187,LBen
Y652G,0.1978,LBen
Y652H,0.4033,Amb
Y652I,0.5649,LPath
Y652K,0.8595,LPath
Y652L,0.4914,Amb
Y652M,0.5427,Amb
Y652N,0.2041,LBen
Y652P,0.5485,Amb
Y652Q,0.5289,Amb
Y652R,0.7041,LPath
Y652S,0.1505,LBen
Y652T,0.3406,Amb
Y652V,0.3269,LBen
Y652W,0.4579,Amb
N653A,0.1282,LBen
N653C,0.1811,LBen
N653D,0.3096,LBen
N653E,0.6097,LPath
N653F,0.5245,Amb
N653G,0.0911,LBen
N653H,0.1536,LBen
N653I,0.3516,Amb
N653K,0.7186,LPath
N653L,0.2884,LBen
N653M,0.3543,Amb
N653P,0.2195,LBen
N653Q,0.2957,LBen
N653R,0.7068,LPath
N653S,0.0493,LBen
N653T,0.0845,LBen
N653V,0.2401,LBen
N653W,0.8176,LPath
N653Y,0.2831,LBen
S654A,0.0845,LBen
S654C,0.1196,LBen
S654D,0.6183,LPath
S654E,0.7235,LPath
S654F,0.2529,LBen
S654G,0.0767,LBen
S654H,0.2813,LBen
S654I,0.2853,LBen
S654K,0.8774,LPath
S654L,0.1995,LBen
S654M,0.2186,LBen
S654N,0.1104,LBen
S654P,0.1703,LBen
S654Q,0.3904,Amb
S654R,0.8688,LPath
S654T,0.0771,LBen
S654V,0.2017,LBen
S654W,0.5933,LPath
S654Y,0.2688,LBen
Q655A,0.079,LBen
Q655C,0.3485,Amb
Q655D,0.3069,LBen
Q655E,0.149,LBen
Q655F,0.4634,Amb
Q655G,0.0713,LBen
Q655H,0.1274,LBen
Q655I,0.3116,LBen
Q655K,0.2898,LBen
Q655L,0.1423,LBen
Q655M,0.2163,LBen
Q655N,0.082,LBen
Q655P,0.0641,LBen
Q655R,0.2994,LBen
Q655S,0.0465,LBen
Q655T,0.0733,LBen
Q655V,0.1769,LBen
Q655W,0.6357,LPath
Q655Y,0.3048,LBen
G656A,0.107,LBen
G656C,0.2308,LBen
G656D,0.5939,LPath
G656E,0.5221,Amb
G656F,0.6698,LPath
G656H,0.5113,Amb
G656I,0.3729,Amb
G656K,0.8371,LPath
G656L,0.4514,Amb
G656M,0.3624,Amb
G656N,0.1685,LBen
G656P,0.4211,Amb
G656Q,0.3673,Amb
G656R,0.816,LPath
G656S,0.0809,LBen
G656T,0.1055,LBen
G656V,0.2074,LBen
G656W,0.7339,LPath
G656Y,0.5631,Amb
V657A,0.1919,LBen
V657C,0.5891,LPath
V657D,0.6245,LPath
V657E,0.5618,Amb
V657F,0.231,LBen
V657G,0.1709,LBen
V657H,0.6855,LPath
V657I,0.0892,LBen
V657K,0.688,LPath
V657L,0.2384,LBen
V657M,0.1579,LBen
V657N,0.2436,LBen
V657P,0.2963,LBen
V657Q,0.3897,Amb
V657R,0.6835,LPath
V657S,0.2029,LBen
V657T,0.1579,LBen
V657W,0.8583,LPath
V657Y,0.6196,LPath
D658A,0.9596,LPath
D658C,0.9916,LPath
D658E,0.8006,LPath
D658F,0.9933,LPath
D658G,0.8952,LPath
D658H,0.9882,LPath
D658I,0.9961,LPath
D658K,0.9949,LPath
D658L,0.9888,LPath
D658M,0.997,LPath
D658N,0.8391,LPath
D658P,0.9811,LPath
D658Q,0.9793,LPath
D658R,0.9907,LPath
D658S,0.8379,LPath
D658T,0.9675,LPath
D658V,0.985,LPath
D658W,0.9981,LPath
D658Y,0.9699,LPath
W659A,0.9732,LPath
W659C,0.996,LPath
W659D,0.9934,LPath
W659E,0.9979,LPath
W659F,0.5755,LPath
W659G,0.8313,LPath
W659H,0.9942,LPath
W659I,0.9699,LPath
W659K,0.9995,LPath
W659L,0.9563,LPath
W659M,0.983,LPath
W659N,0.9915,LPath
W659P,0.9807,LPath
W659Q,0.9988,LPath
W659R,0.9985,LPath
W659S,0.942,LPath
W659T,0.9734,LPath
W659V,0.9697,LPath
W659Y,0.8634,LPath
W660A,0.9798,LPath
W660C,0.9962,LPath
W660D,0.9951,LPath
W660E,0.9973,LPath
W660F,0.4434,Amb
W660G,0.8504,LPath
W660H,0.9934,LPath
W660I,0.9895,LPath
W660K,0.9993,LPath
W660L,0.964,LPath
W660M,0.9854,LPath
W660N,0.9947,LPath
W660P,0.9901,LPath
W660Q,0.9981,LPath
W660R,0.9981,LPath
W660S,0.9771,LPath
W660T,0.987,LPath
W660V,0.9834,LPath
W660Y,0.8577,LPath
G661A,0.5037,Amb
G661C,0.7811,LPath
G661D,0.8405,LPath
G661E,0.8483,LPath
G661F,0.9555,LPath
G661H,0.9369,LPath
G661I,0.9395,LPath
G661K,0.982,LPath
G661L,0.9287,LPath
G661M,0.9326,LPath
G661N,0.6617,LPath
G661P,0.9707,LPath
G661Q,0.8715,LPath
G661R,0.968,LPath
G661S,0.3368,LBen
G661T,0.6676,LPath
G661V,0.8472,LPath
G661W,0.9531,LPath
G661Y,0.9219,LPath
N662A,0.3382,LBen
N662C,0.3785,Amb
N662D,0.4028,Amb
N662E,0.6569,LPath
N662F,0.7333,LPath
N662G,0.2143,LBen
N662H,0.2828,LBen
N662I,0.5809,LPath
N662K,0.8115,LPath
N662L,0.5112,Amb
N662M,0.5681,LPath
N662P,0.4739,Amb
N662Q,0.4882,Amb
N662R,0.7786,LPath
N662S,0.0794,LBen
N662T,0.203,LBen
N662V,0.4348,Amb
N662W,0.9114,LPath
N662Y,0.4296,Amb
