protein_variant,am_pathogenicity,am_class
M1A,0.61,LPath
M1C,0.4271,Amb
M1D,0.9223,LPath
M1E,0.8175,LPath
M1F,0.2671,LBen
M1G,0.7236,LPath
M1H,0.787,LPath
M1I,0.6048,LPath
M1K,0.6605,LPath
M1L,0.2273,LBen
M1N,0.7868,LPath
M1P,0.7547,LPath
M1Q,0.4973,Amb
M1R,0.6239,LPath
M1S,0.6389,LPath
M1T,0.6786,LPath
M1V,0.1677,LBen
M1W,0.7077,LPath
M1Y,0.6398,LPath
S2A,0.1243,LBen
S2C,0.1936,LBen
S2D,0.3162,LBen
S2E,0.3544,Amb
S2F,0.392,Amb
S2G,0.1159,LBen
S2H,0.3853,Amb
S2I,0.4195,Amb
S2K,0.5053,Amb
S2L,0.3491,Amb
S2M,0.4235,Amb
S2N,0.1716,LBen
S2P,0.2218,LBen
S2Q,0.3926,Amb
S2R,0.4597,Amb
S2T,0.1296,LBen
S2V,0.4105,Amb
S2W,0.5263,Amb
S2Y,0.33,LBen
H3A,0.1069,LBen
H3C,0.1592,LBen
H3D,0.0832,LBen
H3E,0.1151,LBen
H3F,0.2103,LBen
H3G,0.1146,LBen
H3I,0.2459,LBen
H3K,0.1324,LBen
H3L,0.1233,LBen
H3M,0.322,LBen
H3N,0.0635,LBen
H3P,0.0767,LBen
H3Q,0.1012,LBen
H3R,0.0798,LBen
H3S,0.0934,LBen
H3T,0.1129,LBen
H3V,0.1688,LBen
H3W,0.3174,LBen
H3Y,0.0981,LBen
V4A,0.0938,LBen
V4C,0.422,Amb
V4D,0.1303,LBen
V4E,0.1162,LBen
V4F,0.1139,LBen
V4G,0.1067,LBen
V4H,0.263,LBen
V4I,0.0899,LBen
V4K,0.1732,LBen
V4L,0.1372,LBen
V4M,0.1349,LBen
V4N,0.137,LBen
V4P,0.2208,LBen
V4Q,0.1633,LBen
V4R,0.1564,LBen
V4S,0.1119,LBen
V4T,0.1117,LBen
V4W,0.52,Amb
V4Y,0.3044,LBen
V5A,0.0581,LBen
V5C,0.3627,Amb
V5D,0.0986,LBen
V5E,0.0993,LBen
V5F,0.1059,LBen
V5G,0.0765,LBen
V5H,0.2186,LBen
V5I,0.0841,LBen
V5K,0.1369,LBen
V5L,0.1057,LBen
V5M,0.1189,LBen
V5N,0.1027,LBen
V5P,0.1183,LBen
V5Q,0.1326,LBen
V5R,0.1225,LBen
V5S,0.0772,LBen
V5T,0.0832,LBen
V5W,0.4462,Amb
V5Y,0.258,LBen
V6A,0.0795,LBen
V6C,0.2973,LBen
V6D,0.0968,LBen
V6E,0.0881,LBen
V6F,0.0907,LBen
V6G,0.0719,LBen
V6H,0.1872,LBen
V6I,0.0727,LBen
V6K,0.1114,LBen
V6L,0.0889,LBen
V6M,0.1042,LBen
V6N,0.094,LBen
V6P,0.1222,LBen
V6Q,0.1086,LBen
V6R,0.1067,LBen
V6S,0.0856,LBen
V6T,0.0896,LBen
V6W,0.3609,Amb
V6Y,0.2061,LBen
K7A,0.1042,LBen
K7C,0.2534,LBen
K7D,0.1038,LBen
K7E,0.0686,LBen
K7F,0.3808,Amb
K7G,0.1036,LBen
K7H,0.1254,LBen
K7I,0.1812,LBen
K7L,0.1672,LBen
K7M,0.1619,LBen
K7N,0.1041,LBen
K7P,0.1466,LBen
K7Q,0.0703,LBen
K7R,0.0687,LBen
K7S,0.1058,LBen
K7T,0.0793,LBen
K7V,0.1465,LBen
K7W,0.3967,Amb
K7Y,0.2566,LBen
N8A,0.081,LBen
N8C,0.1279,LBen
N8D,0.0676,LBen
N8E,0.0984,LBen
N8F,0.2668,LBen
N8G,0.0995,LBen
N8H,0.0733,LBen
N8I,0.1255,LBen
N8K,0.0903,LBen
N8L,0.1482,LBen
N8M,0.1853,LBen
N8P,0.1344,LBen
N8Q,0.1135,LBen
N8R,0.103,LBen
N8S,0.0654,LBen
N8T,0.0635,LBen
N8V,0.1052,LBen
N8W,0.3799,Amb
N8Y,0.1018,LBen
D9A,0.0657,LBen
D9C,0.2064,LBen
D9E,0.0688,LBen
D9F,0.1785,LBen
D9G,0.0744,LBen
D9H,0.0949,LBen
D9I,0.0974,LBen
D9K,0.1092,LBen
D9L,0.1121,LBen
D9M,0.2035,LBen
D9N,0.0679,LBen
D9P,0.1524,LBen
D9Q,0.097,LBen
D9R,0.1178,LBen
D9S,0.0643,LBen
D9T,0.0764,LBen
D9V,0.0724,LBen
D9W,0.5061,Amb
D9Y,0.0982,LBen
P10A,0.053,LBen
P10C,0.1452,LBen
P10D,0.1035,LBen
P10E,0.0779,LBen
P10F,0.1615,LBen
P10G,0.0933,LBen
P10H,0.068,LBen
P10I,0.101,LBen
P10K,0.0722,LBen
P10L,0.0801,LBen
P10M,0.1362,LBen
P10N,0.0955,LBen
P10Q,0.0633,LBen
P10R,0.0638,LBen
P10S,0.0674,LBen
P10T,0.0539,LBen
P10V,0.0797,LBen
P10W,0.2325,LBen
P10Y,0.1356,LBen
E11A,0.0703,LBen
E11C,0.3236,LBen
E11D,0.0649,LBen
E11F,0.2776,LBen
E11G,0.0605,LBen
E11H,0.151,LBen
E11I,0.1389,LBen
E11K,0.1012,LBen
E11L,0.1501,LBen
E11M,0.2147,LBen
E11N,0.0996,LBen
E11P,0.1953,LBen
E11Q,0.081,LBen
E11R,0.1293,LBen
E11S,0.0802,LBen
E11T,0.0907,LBen
E11V,0.092,LBen
E11W,0.4809,Amb
E11Y,0.2183,LBen
L12A,0.1158,LBen
L12C,0.3204,LBen
L12D,0.3142,LBen
L12E,0.1694,LBen
L12F,0.0983,LBen
L12G,0.2061,LBen
L12H,0.1761,LBen
L12I,0.0745,LBen
L12K,0.1354,LBen
L12M,0.0844,LBen
L12N,0.1987,LBen
L12P,0.1535,LBen
L12Q,0.1234,LBen
L12R,0.1251,LBen
L12S,0.1742,LBen
L12T,0.1167,LBen
L12V,0.0701,LBen
L12W,0.1439,LBen
L12Y,0.1864,LBen
D13A,0.1127,LBen
D13C,0.3491,Amb
D13E,0.0757,LBen
D13F,0.3448,Amb
D13G,0.087,LBen
D13H,0.1469,LBen
D13I,0.2355,LBen
D13K,0.2011,LBen
D13L,0.2304,LBen
D13M,0.4303,Amb
D13N,0.0897,LBen
D13P,0.2607,LBen
D13Q,0.1355,LBen
D13R,0.2051,LBen
D13S,0.0884,LBen
D13T,0.1436,LBen
D13V,0.1444,LBen
D13W,0.6772,LPath
D13Y,0.159,LBen
Q14A,0.1312,LBen
Q14C,0.4114,Amb
Q14D,0.1702,LBen
Q14E,0.0687,LBen
Q14F,0.4543,Amb
Q14G,0.1207,LBen
Q14H,0.1287,LBen
Q14I,0.2817,LBen
Q14K,0.0734,LBen
Q14L,0.1355,LBen
Q14M,0.2767,LBen
Q14N,0.1462,LBen
Q14P,0.1262,LBen
Q14R,0.0775,LBen
Q14S,0.1199,LBen
Q14T,0.1195,LBen
Q14V,0.1739,LBen
Q14W,0.4096,Amb
Q14Y,0.2854,LBen
Q15A,0.1732,LBen
Q15C,0.5741,LPath
Q15D,0.2367,LBen
Q15E,0.0817,LBen
Q15F,0.6133,LPath
Q15G,0.192,LBen
Q15H,0.1782,LBen
Q15I,0.3629,Amb
Q15K,0.077,LBen
Q15L,0.1969,LBen
Q15M,0.3806,Amb
Q15N,0.2036,LBen
Q15P,0.1357,LBen
Q15R,0.0951,LBen
Q15S,0.1661,LBen
Q15T,0.1515,LBen
Q15V,0.2191,LBen
Q15W,0.6057,LPath
Q15Y,0.3695,Amb
L16A,0.2663,LBen
L16C,0.3785,Amb
L16D,0.6428,LPath
L16E,0.4095,Amb
L16F,0.0622,LBen
L16G,0.452,Amb
L16H,0.268,LBen
L16I,0.0826,LBen
L16K,0.3161,LBen
L16M,0.0849,LBen
L16N,0.4491,Amb
L16P,0.4306,Amb
L16Q,0.2295,LBen
L16R,0.243,LBen
L16S,0.3846,Amb
L16T,0.2673,LBen
L16V,0.0836,LBen
L16W,0.1534,LBen
L16Y,0.1885,LBen
A17C,0.4273,Amb
A17D,0.2583,LBen
A17E,0.2329,LBen
A17F,0.3794,Amb
A17G,0.0986,LBen
A17H,0.3999,Amb
A17I,0.4337,Amb
A17K,0.393,Amb
A17L,0.2621,LBen
A17M,0.3908,Amb
A17N,0.2128,LBen
A17P,0.347,Amb
A17Q,0.2449,LBen
A17R,0.3288,LBen
A17S,0.0925,LBen
A17T,0.1427,LBen
A17V,0.2282,LBen
A17W,0.6594,LPath
A17Y,0.4319,Amb
N18A,0.0652,LBen
N18C,0.1016,LBen
N18D,0.072,LBen
N18E,0.1419,LBen
N18F,0.2212,LBen
N18G,0.0647,LBen
N18H,0.0753,LBen
N18I,0.1131,LBen
N18K,0.1359,LBen
N18L,0.1219,LBen
N18M,0.2092,LBen
N18P,0.1978,LBen
N18Q,0.13,LBen
N18R,0.1332,LBen
N18S,0.0491,LBen
N18T,0.0653,LBen
N18V,0.0852,LBen
N18W,0.4357,Amb
N18Y,0.102,LBen
L19A,0.3341,LBen
L19C,0.5444,Amb
L19D,0.7944,LPath
L19E,0.5501,Amb
L19F,0.1417,LBen
L19G,0.5551,Amb
L19H,0.4368,Amb
L19I,0.1006,LBen
L19K,0.489,Amb
L19M,0.1004,LBen
L19N,0.6165,LPath
L19P,0.5161,Amb
L19Q,0.341,Amb
L19R,0.3721,Amb
L19S,0.492,Amb
L19T,0.3156,LBen
L19V,0.099,LBen
L19W,0.2469,LBen
L19Y,0.3715,Amb
D20A,0.1865,LBen
D20C,0.5572,Amb
D20E,0.1883,LBen
D20F,0.5513,Amb
D20G,0.1338,LBen
D20H,0.274,LBen
D20I,0.4309,Amb
D20K,0.4519,Amb
D20L,0.4205,Amb
D20M,0.6385,LPath
D20N,0.1225,LBen
D20P,0.4697,Amb
D20Q,0.2935,LBen
D20R,0.4284,Amb
D20S,0.1178,LBen
D20T,0.2445,LBen
D20V,0.2615,LBen
D20W,0.8676,LPath
D20Y,0.2798,LBen
L21A,0.2975,LBen
L21C,0.4441,Amb
L21D,0.6398,LPath
L21E,0.4535,Amb
L21F,0.1206,LBen
L21G,0.4315,Amb
L21H,0.3436,Amb
L21I,0.0897,LBen
L21K,0.3866,Amb
L21M,0.1027,LBen
L21N,0.436,Amb
L21P,0.3646,Amb
L21Q,0.2707,LBen
L21R,0.3069,LBen
L21S,0.3605,Amb
L21T,0.288,LBen
L21V,0.0924,LBen
L21W,0.231,LBen
L21Y,0.3282,LBen
N22A,0.1034,LBen
N22C,0.1498,LBen
N22D,0.0924,LBen
N22E,0.1767,LBen
N22F,0.2872,LBen
N22G,0.1194,LBen
N22H,0.079,LBen
N22I,0.151,LBen
N22K,0.154,LBen
N22L,0.1498,LBen
N22M,0.2435,LBen
N22P,0.1665,LBen
N22Q,0.1532,LBen
N22R,0.1774,LBen
N22S,0.0637,LBen
N22T,0.0716,LBen
N22V,0.1255,LBen
N22W,0.5268,Amb
N22Y,0.1281,LBen
S23A,0.0596,LBen
S23C,0.0983,LBen
S23D,0.1826,LBen
S23E,0.215,LBen
S23F,0.163,LBen
S23G,0.0663,LBen
S23H,0.2012,LBen
S23I,0.1367,LBen
S23K,0.3166,LBen
S23L,0.0899,LBen
S23M,0.1491,LBen
S23N,0.0952,LBen
S23P,0.0969,LBen
S23Q,0.2487,LBen
S23R,0.3216,LBen
S23T,0.0602,LBen
S23V,0.1089,LBen
S23W,0.2595,LBen
S23Y,0.144,LBen
E24A,0.1068,LBen
E24C,0.4639,Amb
E24D,0.0603,LBen
E24F,0.4505,Amb
E24G,0.0802,LBen
E24H,0.2043,LBen
E24I,0.2458,LBen
E24K,0.1259,LBen
E24L,0.2403,LBen
E24M,0.3229,LBen
E24N,0.1016,LBen
E24P,0.208,LBen
E24Q,0.0926,LBen
E24R,0.1624,LBen
E24S,0.0834,LBen
E24T,0.1194,LBen
E24V,0.1554,LBen
E24W,0.6468,LPath
E24Y,0.326,LBen
K25A,0.1169,LBen
K25C,0.2512,LBen
K25D,0.1338,LBen
K25E,0.0977,LBen
K25F,0.3645,Amb
K25G,0.1208,LBen
K25H,0.1165,LBen
K25I,0.1492,LBen
K25L,0.1586,LBen
K25M,0.1467,LBen
K25N,0.0927,LBen
K25P,0.1811,LBen
K25Q,0.0714,LBen
K25R,0.075,LBen
K25S,0.1088,LBen
K25T,0.0787,LBen
K25V,0.1346,LBen
K25W,0.4532,Amb
K25Y,0.232,LBen
Q26A,0.0798,LBen
Q26C,0.2594,LBen
Q26D,0.1072,LBen
Q26E,0.0665,LBen
Q26F,0.2538,LBen
Q26G,0.0936,LBen
Q26H,0.0891,LBen
Q26I,0.1399,LBen
Q26K,0.0784,LBen
Q26L,0.0848,LBen
Q26M,0.1769,LBen
Q26N,0.083,LBen
Q26P,0.0608,LBen
Q26R,0.088,LBen
Q26S,0.0699,LBen
Q26T,0.0736,LBen
Q26V,0.0962,LBen
Q26W,0.3091,LBen
Q26Y,0.17,LBen
S27A,0.0587,LBen
S27C,0.0773,LBen
S27D,0.1259,LBen
S27E,0.1533,LBen
S27F,0.1179,LBen
S27G,0.0598,LBen
S27H,0.1221,LBen
S27I,0.0903,LBen
S27K,0.1946,LBen
S27L,0.0799,LBen
S27M,0.1222,LBen
S27N,0.0651,LBen
S27P,0.074,LBen
S27Q,0.155,LBen
S27R,0.197,LBen
S27T,0.057,LBen
S27V,0.0872,LBen
S27W,0.1825,LBen
S27Y,0.1053,LBen
G28A,0.0675,LBen
G28C,0.1084,LBen
G28D,0.0995,LBen
G28E,0.0942,LBen
G28F,0.21,LBen
G28H,0.1521,LBen
G28I,0.1099,LBen
G28K,0.1541,LBen
G28L,0.1361,LBen
G28M,0.1716,LBen
G28N,0.1051,LBen
G28P,0.1944,LBen
G28Q,0.1275,LBen
G28R,0.1363,LBen
G28S,0.0679,LBen
G28T,0.0654,LBen
G28V,0.0785,LBen
G28W,0.1835,LBen
G28Y,0.1604,LBen
G29A,0.0643,LBen
G29C,0.1123,LBen
G29D,0.1021,LBen
G29E,0.0995,LBen
G29F,0.1698,LBen
G29H,0.168,LBen
G29I,0.092,LBen
G29K,0.1881,LBen
G29L,0.1223,LBen
G29M,0.1423,LBen
G29N,0.0944,LBen
G29P,0.1948,LBen
G29Q,0.1456,LBen
G29R,0.1741,LBen
G29S,0.0688,LBen
G29T,0.0627,LBen
G29V,0.0666,LBen
G29W,0.2057,LBen
G29Y,0.1624,LBen
A30C,0.1588,LBen
A30D,0.1169,LBen
A30E,0.1209,LBen
A30F,0.1163,LBen
A30G,0.0551,LBen
A30H,0.1741,LBen
A30I,0.0908,LBen
A30K,0.1933,LBen
A30L,0.078,LBen
A30M,0.1105,LBen
A30N,0.0863,LBen
A30P,0.0848,LBen
A30Q,0.1311,LBen
A30R,0.1876,LBen
A30S,0.0624,LBen
A30T,0.0609,LBen
A30V,0.0671,LBen
A30W,0.2828,LBen
A30Y,0.1569,LBen
S31A,0.0617,LBen
S31C,0.0894,LBen
S31D,0.1932,LBen
S31E,0.247,LBen
S31F,0.1357,LBen
S31G,0.0619,LBen
S31H,0.1863,LBen
S31I,0.0992,LBen
S31K,0.3394,LBen
S31L,0.1001,LBen
S31M,0.1342,LBen
S31N,0.0743,LBen
S31P,0.0906,LBen
S31Q,0.2292,LBen
S31R,0.3297,LBen
S31T,0.0598,LBen
S31V,0.0858,LBen
S31W,0.285,LBen
S31Y,0.1486,LBen
T32A,0.0564,LBen
T32C,0.1908,LBen
T32D,0.2,LBen
T32E,0.189,LBen
T32F,0.1275,LBen
T32G,0.0829,LBen
T32H,0.1408,LBen
T32I,0.1029,LBen
T32K,0.1791,LBen
T32L,0.081,LBen
T32M,0.0967,LBen
T32N,0.0835,LBen
T32P,0.0719,LBen
T32Q,0.1377,LBen
T32R,0.1553,LBen
T32S,0.0691,LBen
T32V,0.0772,LBen
T32W,0.3415,Amb
T32Y,0.1615,LBen
A33C,0.2503,LBen
A33D,0.1885,LBen
A33E,0.1946,LBen
A33F,0.1882,LBen
A33G,0.0778,LBen
A33H,0.2497,LBen
A33I,0.1296,LBen
A33K,0.3232,LBen
A33L,0.1053,LBen
A33M,0.1514,LBen
A33N,0.122,LBen
A33P,0.0912,LBen
A33Q,0.1895,LBen
A33R,0.3218,LBen
A33S,0.0698,LBen
A33T,0.0667,LBen
A33V,0.0824,LBen
A33W,0.4778,Amb
A33Y,0.2414,LBen
S34A,0.063,LBen
S34C,0.1083,LBen
S34D,0.3254,LBen
S34E,0.3498,Amb
S34F,0.1745,LBen
S34G,0.067,LBen
S34H,0.2874,LBen
S34I,0.1544,LBen
S34K,0.5148,Amb
S34L,0.1068,LBen
S34M,0.1739,LBen
S34N,0.1092,LBen
S34P,0.0865,LBen
S34Q,0.2966,LBen
S34R,0.4945,Amb
S34T,0.0659,LBen
S34V,0.117,LBen
S34W,0.3258,LBen
S34Y,0.1956,LBen
K35A,0.2691,LBen
K35C,0.6737,LPath
K35D,0.5579,Amb
K35E,0.3091,LBen
K35F,0.8046,LPath
K35G,0.2165,LBen
K35H,0.3194,LBen
K35I,0.5796,LPath
K35L,0.5084,Amb
K35M,0.4947,Amb
K35N,0.4555,Amb
K35P,0.3405,Amb
K35Q,0.1429,LBen
K35R,0.0651,LBen
K35S,0.328,LBen
K35T,0.2245,LBen
K35V,0.4589,Amb
K35W,0.7606,LPath
K35Y,0.6678,LPath
G36A,0.1409,LBen
G36C,0.26,LBen
G36D,0.4495,Amb
G36E,0.3829,Amb
G36F,0.6394,LPath
G36H,0.5341,Amb
G36I,0.3769,Amb
G36K,0.6216,LPath
G36L,0.4732,Amb
G36M,0.5114,Amb
G36N,0.2915,LBen
G36P,0.4986,Amb
G36Q,0.4232,Amb
G36R,0.5245,Amb
G36S,0.1115,LBen
G36T,0.1515,LBen
G36V,0.2016,LBen
G36W,0.5942,LPath
G36Y,0.5083,Amb
R37A,0.6273,LPath
R37C,0.5468,Amb
R37D,0.8664,LPath
R37E,0.743,LPath
R37F,0.7959,LPath
R37G,0.4483,Amb
R37H,0.3601,Amb
R37I,0.5826,LPath
R37K,0.1626,LBen
R37L,0.4471,Amb
R37M,0.6796,LPath
R37N,0.794,LPath
R37P,0.6719,LPath
R37Q,0.2796,LBen
R37S,0.7358,LPath
R37T,0.603,LPath
R37V,0.5863,LPath
R37W,0.6467,LPath
R37Y,0.7264,LPath
Y38A,0.9966,LPath
Y38C,0.9959,LPath
Y38D,0.9977,LPath
Y38E,0.9993,LPath
Y38F,0.8389,LPath
Y38G,0.9793,LPath
Y38H,0.9987,LPath
Y38I,0.994,LPath
Y38K,0.9989,LPath
Y38L,0.9783,LPath
Y38M,0.9978,LPath
Y38N,0.9916,LPath
Y38P,0.9915,LPath
Y38Q,0.9995,LPath
Y38R,0.9957,LPath
Y38S,0.9911,LPath
Y38T,0.9978,LPath
Y38V,0.9814,LPath
Y38W,0.9706,LPath
I39A,0.9839,LPath
I39C,0.9784,LPath
I39D,0.9982,LPath
I39E,0.9932,LPath
I39F,0.8399,LPath
I39G,0.996,LPath
I39H,0.9866,LPath
I39K,0.9503,LPath
I39L,0.7159,LPath
I39M,0.8186,LPath
I39N,0.9797,LPath
I39P,0.9798,LPath
I39Q,0.9702,LPath
I39R,0.8975,LPath
I39S,0.9738,LPath
I39T,0.9711,LPath
I39V,0.1317,LBen
I39W,0.988,LPath
I39Y,0.9625,LPath
P40A,0.9348,LPath
P40C,0.9968,LPath
P40D,0.9991,LPath
P40E,0.9973,LPath
P40F,0.9979,LPath
P40G,0.9925,LPath
P40H,0.9923,LPath
P40I,0.9949,LPath
P40K,0.9946,LPath
P40L,0.9731,LPath
P40M,0.997,LPath
P40N,0.9984,LPath
P40Q,0.9922,LPath
P40R,0.9753,LPath
P40S,0.9886,LPath
P40T,0.9937,LPath
P40V,0.9881,LPath
P40W,0.9993,LPath
P40Y,0.9973,LPath
P41A,0.9478,LPath
P41C,0.9975,LPath
P41D,0.9977,LPath
P41E,0.9944,LPath
P41F,0.9987,LPath
P41G,0.9849,LPath
P41H,0.9909,LPath
P41I,0.9968,LPath
P41K,0.9914,LPath
P41L,0.9878,LPath
P41M,0.9981,LPath
P41N,0.9969,LPath
P41Q,0.9887,LPath
P41R,0.9661,LPath
P41S,0.9832,LPath
P41T,0.9905,LPath
P41V,0.9871,LPath
P41W,0.9989,LPath
P41Y,0.997,LPath
H42A,0.9637,LPath
H42C,0.8541,LPath
H42D,0.9923,LPath
H42E,0.9893,LPath
H42F,0.7947,LPath
H42G,0.9838,LPath
H42I,0.9783,LPath
H42K,0.9929,LPath
H42L,0.9412,LPath
H42M,0.9776,LPath
H42N,0.9162,LPath
H42P,0.7766,LPath
H42Q,0.9713,LPath
H42R,0.977,LPath
H42S,0.9434,LPath
H42T,0.9871,LPath
H42V,0.9729,LPath
H42W,0.7974,LPath
H42Y,0.6739,LPath
L43A,0.871,LPath
L43C,0.9181,LPath
L43D,0.9951,LPath
L43E,0.9594,LPath
L43F,0.7026,LPath
L43G,0.9638,LPath
L43H,0.9313,LPath
L43I,0.4154,Amb
L43K,0.819,LPath
L43M,0.2803,LBen
L43N,0.9714,LPath
L43P,0.9895,LPath
L43Q,0.7112,LPath
L43R,0.6849,LPath
L43S,0.9641,LPath
L43T,0.9388,LPath
L43V,0.4028,Amb
L43W,0.866,LPath
L43Y,0.8651,LPath
R44A,0.9912,LPath
R44C,0.9835,LPath
R44D,0.9955,LPath
R44E,0.9824,LPath
R44F,0.9967,LPath
R44G,0.9714,LPath
R44H,0.947,LPath
R44I,0.994,LPath
R44K,0.7758,LPath
R44L,0.9737,LPath
R44M,0.9969,LPath
R44N,0.9949,LPath
R44P,0.9877,LPath
R44Q,0.9233,LPath
R44S,0.9952,LPath
R44T,0.9965,LPath
R44V,0.9924,LPath
R44W,0.9735,LPath
R44Y,0.9869,LPath
N45A,0.3424,Amb
N45C,0.417,Amb
N45D,0.3886,Amb
N45E,0.693,LPath
N45F,0.7694,LPath
N45G,0.1885,LBen
N45H,0.2245,LBen
N45I,0.5971,LPath
N45K,0.617,LPath
N45L,0.4948,Amb
N45M,0.6144,LPath
N45P,0.5545,Amb
N45Q,0.4139,Amb
N45R,0.6075,LPath
N45S,0.1041,LBen
N45T,0.2891,LBen
N45V,0.4831,Amb
N45W,0.8785,LPath
N45Y,0.3667,Amb
R46A,0.6294,LPath
R46C,0.5953,LPath
R46D,0.7994,LPath
R46E,0.5783,LPath
R46F,0.8595,LPath
R46G,0.3705,Amb
R46H,0.3008,LBen
R46I,0.6954,LPath
R46K,0.0963,LBen
R46L,0.5801,LPath
R46M,0.6497,LPath
R46N,0.7735,LPath
R46P,0.6731,LPath
R46Q,0.1773,LBen
R46S,0.7157,LPath
R46T,0.5274,Amb
R46V,0.6739,LPath
R46W,0.5409,Amb
R46Y,0.7491,LPath
E47A,0.3283,LBen
E47C,0.9055,LPath
E47D,0.0707,LBen
E47F,0.8762,LPath
E47G,0.2555,LBen
E47H,0.7238,LPath
E47I,0.6771,LPath
E47K,0.6,LPath
E47L,0.6632,LPath
E47M,0.7628,LPath
E47N,0.3443,Amb
E47P,0.548,Amb
E47Q,0.3257,LBen
E47R,0.6609,LPath
E47S,0.3127,LBen
E47T,0.4208,Amb
E47V,0.4472,Amb
E47W,0.9604,LPath
E47Y,0.7719,LPath
A48C,0.2914,LBen
A48D,0.3378,LBen
A48E,0.3423,Amb
A48F,0.2422,LBen
A48G,0.0833,LBen
A48H,0.3803,Amb
A48I,0.1565,LBen
A48K,0.527,Amb
A48L,0.1303,LBen
A48M,0.1467,LBen
A48N,0.13,LBen
A48P,0.1193,LBen
A48Q,0.2662,LBen
A48R,0.523,Amb
A48S,0.0772,LBen
A48T,0.0724,LBen
A48V,0.0879,LBen
A48W,0.6083,LPath
A48Y,0.3147,LBen
S49A,0.0648,LBen
S49C,0.1052,LBen
S49D,0.4422,Amb
S49E,0.5063,Amb
S49F,0.1744,LBen
S49G,0.0642,LBen
S49H,0.3289,LBen
S49I,0.1721,LBen
S49K,0.6355,LPath
S49L,0.1125,LBen
S49M,0.168,LBen
S49N,0.1152,LBen
S49P,0.093,LBen
S49Q,0.3574,Amb
S49R,0.6162,LPath
S49T,0.0715,LBen
S49V,0.122,LBen
S49W,0.342,Amb
S49Y,0.1997,LBen
K50A,0.2395,LBen
K50C,0.5731,LPath
K50D,0.465,Amb
K50E,0.2523,LBen
K50F,0.6755,LPath
K50G,0.1982,LBen
K50H,0.2825,LBen
K50I,0.4678,Amb
K50L,0.3795,Amb
K50M,0.38,Amb
K50N,0.3984,Amb
K50P,0.3107,LBen
K50Q,0.129,LBen
K50R,0.0658,LBen
K50S,0.2861,LBen
K50T,0.2086,LBen
K50V,0.3752,Amb
K50W,0.6341,LPath
K50Y,0.5703,LPath
G51A,0.0892,LBen
G51C,0.1352,LBen
G51D,0.2394,LBen
G51E,0.2585,LBen
G51F,0.3187,LBen
G51H,0.3323,LBen
G51I,0.1507,LBen
G51K,0.554,Amb
G51L,0.2228,LBen
G51M,0.2553,LBen
G51N,0.1394,LBen
G51P,0.329,LBen
G51Q,0.3173,LBen
G51R,0.4699,Amb
G51S,0.0818,LBen
G51T,0.0882,LBen
G51V,0.0899,LBen
G51W,0.3504,Amb
G51Y,0.2358,LBen
F52A,0.1628,LBen
F52C,0.1126,LBen
F52D,0.3354,LBen
F52E,0.4195,Amb
F52G,0.2098,LBen
F52H,0.2649,LBen
F52I,0.081,LBen
F52K,0.4305,Amb
F52L,0.2978,LBen
F52M,0.1647,LBen
F52N,0.169,LBen
F52P,0.3283,LBen
F52Q,0.2758,LBen
F52R,0.3679,Amb
F52S,0.1294,LBen
F52T,0.1633,LBen
F52V,0.0843,LBen
F52W,0.1952,LBen
F52Y,0.0971,LBen
H53A,0.0722,LBen
H53C,0.0624,LBen
H53D,0.1271,LBen
H53E,0.14,LBen
H53F,0.0997,LBen
H53G,0.079,LBen
H53I,0.107,LBen
H53K,0.1472,LBen
H53L,0.0741,LBen
H53M,0.1531,LBen
H53N,0.0591,LBen
H53P,0.0699,LBen
H53Q,0.0668,LBen
H53R,0.089,LBen
H53S,0.0587,LBen
H53T,0.069,LBen
H53V,0.0809,LBen
H53W,0.1559,LBen
H53Y,0.0585,LBen
D54A,0.1364,LBen
D54C,0.3292,LBen
D54E,0.0778,LBen
D54F,0.4148,Amb
D54G,0.1077,LBen
D54H,0.2177,LBen
D54I,0.2651,LBen
D54K,0.328,LBen
D54L,0.2684,LBen
D54M,0.4038,Amb
D54N,0.0954,LBen
D54P,0.3384,LBen
D54Q,0.1796,LBen
D54R,0.3099,LBen
D54S,0.093,LBen
D54T,0.1512,LBen
D54V,0.1763,LBen
D54W,0.6809,LPath
D54Y,0.2025,LBen
K55A,0.2871,LBen
K55C,0.6106,LPath
K55D,0.3916,Amb
K55E,0.2212,LBen
K55F,0.6972,LPath
K55G,0.2001,LBen
K55H,0.2685,LBen
K55I,0.4837,Amb
K55L,0.4325,Amb
K55M,0.3785,Amb
K55N,0.3515,Amb
K55P,0.4057,Amb
K55Q,0.1326,LBen
K55R,0.0695,LBen
K55S,0.2929,LBen
K55T,0.2067,LBen
K55V,0.4047,Amb
K55W,0.5956,LPath
K55Y,0.5278,Amb
D56A,0.1635,LBen
D56C,0.4617,Amb
D56E,0.0833,LBen
D56F,0.4809,Amb
D56G,0.1247,LBen
D56H,0.2995,LBen
D56I,0.3137,LBen
D56K,0.3565,Amb
D56L,0.3493,Amb
D56M,0.4534,Amb
D56N,0.1045,LBen
D56P,0.3681,Amb
D56Q,0.221,LBen
D56R,0.3843,Amb
D56S,0.113,LBen
D56T,0.1739,LBen
D56V,0.203,LBen
D56W,0.7531,LPath
D56Y,0.237,LBen
S57A,0.0689,LBen
S57C,0.0787,LBen
S57D,0.2114,LBen
S57E,0.3139,LBen
S57F,0.1315,LBen
S57G,0.06,LBen
S57H,0.1671,LBen
S57I,0.0982,LBen
S57K,0.3451,Amb
S57L,0.0986,LBen
S57M,0.1371,LBen
S57N,0.0755,LBen
S57P,0.1313,LBen
S57Q,0.2324,LBen
S57R,0.3157,LBen
S57T,0.0631,LBen
S57V,0.0883,LBen
S57W,0.2517,LBen
S57Y,0.1201,LBen
S58A,0.0693,LBen
S58C,0.0952,LBen
S58D,0.3321,LBen
S58E,0.4329,Amb
S58F,0.1467,LBen
S58G,0.0579,LBen
S58H,0.2506,LBen
S58I,0.1355,LBen
S58K,0.5036,Amb
S58L,0.0986,LBen
S58M,0.1512,LBen
S58N,0.098,LBen
S58P,0.1172,LBen
S58Q,0.3203,LBen
S58R,0.4647,Amb
S58T,0.0658,LBen
S58V,0.1114,LBen
S58W,0.2912,LBen
S58Y,0.1632,LBen
G59A,0.1014,LBen
G59C,0.1484,LBen
G59D,0.3692,Amb
G59E,0.3769,Amb
G59F,0.3232,LBen
G59H,0.3401,Amb
G59I,0.1842,LBen
G59K,0.5397,Amb
G59L,0.2343,LBen
G59M,0.2889,LBen
G59N,0.1703,LBen
G59P,0.4049,Amb
G59Q,0.3152,LBen
G59R,0.411,Amb
G59S,0.0782,LBen
G59T,0.0987,LBen
G59V,0.1162,LBen
G59W,0.3421,Amb
G59Y,0.2641,LBen
W60A,0.6326,LPath
W60C,0.8021,LPath
W60D,0.8806,LPath
W60E,0.9158,LPath
W60F,0.183,LBen
W60G,0.3661,Amb
W60H,0.8352,LPath
W60I,0.5567,Amb
W60K,0.9261,LPath
W60L,0.4783,Amb
W60M,0.6246,LPath
W60N,0.7525,LPath
W60P,0.7882,LPath
W60Q,0.883,LPath
W60R,0.8693,LPath
W60S,0.5113,Amb
W60T,0.6183,LPath
W60V,0.5351,Amb
W60Y,0.3585,Amb
S61A,0.0813,LBen
S61C,0.0916,LBen
S61D,0.3295,LBen
S61E,0.4551,Amb
S61F,0.1673,LBen
S61G,0.0605,LBen
S61H,0.2372,LBen
S61I,0.1379,LBen
S61K,0.5509,Amb
S61L,0.1219,LBen
S61M,0.1565,LBen
S61N,0.0723,LBen
S61P,0.1581,LBen
S61Q,0.3107,LBen
S61R,0.5317,Amb
S61T,0.0703,LBen
S61V,0.1149,LBen
S61W,0.344,Amb
S61Y,0.1686,LBen
C62A,0.0955,LBen
C62D,0.2971,LBen
C62E,0.4428,Amb
C62F,0.0733,LBen
C62G,0.0623,LBen
C62H,0.1957,LBen
C62I,0.1461,LBen
C62K,0.4165,Amb
C62L,0.1451,LBen
C62M,0.22,LBen
C62N,0.1101,LBen
C62P,0.1726,LBen
C62Q,0.2279,LBen
C62R,0.2558,LBen
C62S,0.0756,LBen
C62T,0.1082,LBen
C62V,0.1148,LBen
C62W,0.183,LBen
C62Y,0.0999,LBen
S63A,0.0718,LBen
S63C,0.0933,LBen
S63D,0.3601,Amb
S63E,0.4373,Amb
S63F,0.1716,LBen
S63G,0.0638,LBen
S63H,0.2395,LBen
S63I,0.1413,LBen
S63K,0.5359,Amb
S63L,0.1117,LBen
S63M,0.1645,LBen
S63N,0.0984,LBen
S63P,0.0978,LBen
S63Q,0.2821,LBen
S63R,0.4929,Amb
S63T,0.0688,LBen
S63V,0.1116,LBen
S63W,0.3009,LBen
S63Y,0.1729,LBen
K64A,0.2822,LBen
K64C,0.5896,LPath
K64D,0.4645,Amb
K64E,0.2352,LBen
K64F,0.7226,LPath
K64G,0.2101,LBen
K64H,0.2542,LBen
K64I,0.4956,Amb
K64L,0.4059,Amb
K64M,0.3957,Amb
K64N,0.394,Amb
K64P,0.3373,LBen
K64Q,0.1247,LBen
K64R,0.0588,LBen
K64S,0.3188,LBen
K64T,0.2319,LBen
K64V,0.4027,Amb
K64W,0.5436,Amb
K64Y,0.5363,Amb
D65A,0.2753,LBen
D65C,0.6643,LPath
D65E,0.0811,LBen
D65F,0.683,LPath
D65G,0.1747,LBen
D65H,0.4582,Amb
D65I,0.4911,Amb
D65K,0.5336,Amb
D65L,0.5317,Amb
D65M,0.6379,LPath
D65N,0.14,LBen
D65P,0.5033,Amb
D65Q,0.3111,LBen
D65R,0.537,Amb
D65S,0.1751,LBen
D65T,0.2888,LBen
D65V,0.32,LBen
D65W,0.8676,LPath
D65Y,0.3791,Amb
K66A,0.4453,Amb
K66C,0.7401,LPath
K66D,0.547,Amb
K66E,0.329,LBen
K66F,0.841,LPath
K66G,0.3177,LBen
K66H,0.3323,LBen
K66I,0.6441,LPath
K66L,0.6006,LPath
K66M,0.5451,Amb
K66N,0.516,Amb
K66P,0.543,Amb
K66Q,0.1786,LBen
K66R,0.0644,LBen
K66S,0.4671,Amb
K66T,0.3297,LBen
K66V,0.5788,LPath
K66W,0.7072,LPath
K66Y,0.6657,LPath
D67A,0.2254,LBen
D67C,0.6514,LPath
D67E,0.0995,LBen
D67F,0.632,LPath
D67G,0.1866,LBen
D67H,0.4862,Amb
D67I,0.4899,Amb
D67K,0.6048,LPath
D67L,0.4929,Amb
D67M,0.6027,LPath
D67N,0.1552,LBen
D67P,0.5413,Amb
D67Q,0.3922,Amb
D67R,0.6081,LPath
D67S,0.1715,LBen
D67T,0.26,LBen
D67V,0.2905,LBen
D67W,0.8675,LPath
D67Y,0.3437,Amb
A68C,0.2532,LBen
A68D,0.4857,Amb
A68E,0.5167,Amb
A68F,0.2578,LBen
A68G,0.0941,LBen
A68H,0.3994,Amb
A68I,0.1777,LBen
A68K,0.6523,LPath
A68L,0.1486,LBen
A68M,0.1838,LBen
A68N,0.1754,LBen
A68P,0.1594,LBen
A68Q,0.3438,Amb
A68R,0.5628,Amb
A68S,0.0755,LBen
A68T,0.0774,LBen
A68V,0.0958,LBen
A68W,0.6121,LPath
A68Y,0.3187,LBen
Y69A,0.5259,Amb
Y69C,0.1695,LBen
Y69D,0.6683,LPath
Y69E,0.8676,LPath
Y69F,0.1178,LBen
Y69G,0.4256,Amb
Y69H,0.5165,Amb
Y69I,0.6105,LPath
Y69K,0.8837,LPath
Y69L,0.5546,Amb
Y69M,0.6978,LPath
Y69N,0.3926,Amb
Y69P,0.6568,LPath
Y69Q,0.7459,LPath
Y69R,0.7033,LPath
Y69S,0.2725,LBen
Y69T,0.5613,Amb
Y69V,0.4131,Amb
Y69W,0.3094,LBen
S70A,0.0868,LBen
S70C,0.1143,LBen
S70D,0.6815,LPath
S70E,0.8014,LPath
S70F,0.2469,LBen
S70G,0.0735,LBen
S70H,0.4245,Amb
S70I,0.2676,LBen
S70K,0.8698,LPath
S70L,0.1593,LBen
S70M,0.2344,LBen
S70N,0.1457,LBen
S70P,0.2334,LBen
S70Q,0.5868,LPath
S70R,0.8308,LPath
S70T,0.0799,LBen
S70V,0.1873,LBen
S70W,0.4624,Amb
S70Y,0.2448,LBen
S71A,0.1139,LBen
S71C,0.195,LBen
S71D,0.844,LPath
S71E,0.9308,LPath
S71F,0.4076,Amb
S71G,0.1047,LBen
S71H,0.6623,LPath
S71I,0.474,Amb
S71K,0.9689,LPath
S71L,0.2704,LBen
S71M,0.391,Amb
S71N,0.283,LBen
S71P,0.2645,LBen
S71Q,0.7992,LPath
S71R,0.9504,LPath
S71T,0.1183,LBen
S71V,0.3081,LBen
S71W,0.6073,LPath
S71Y,0.4005,Amb
F72A,0.7404,LPath
F72C,0.6394,LPath
F72D,0.9532,LPath
F72E,0.9655,LPath
F72G,0.7595,LPath
F72H,0.8639,LPath
F72I,0.6146,LPath
F72K,0.9643,LPath
F72L,0.9437,LPath
F72M,0.7156,LPath
F72N,0.8549,LPath
F72P,0.9308,LPath
F72Q,0.9077,LPath
F72R,0.8872,LPath
F72S,0.6801,LPath
F72T,0.8069,LPath
F72V,0.5387,Amb
F72W,0.4066,Amb
F72Y,0.2778,LBen
G73A,0.1684,LBen
G73C,0.2037,LBen
G73D,0.8019,LPath
G73E,0.8075,LPath
G73F,0.5276,Amb
G73H,0.5911,LPath
G73I,0.422,Amb
G73K,0.9029,LPath
G73L,0.4732,Amb
G73M,0.5893,LPath
G73N,0.4427,Amb
G73P,0.6662,LPath
G73Q,0.5989,LPath
G73R,0.7411,LPath
G73S,0.1084,LBen
G73T,0.2265,LBen
G73V,0.261,LBen
G73W,0.4388,Amb
G73Y,0.4768,Amb
S74A,0.0726,LBen
S74C,0.0876,LBen
S74D,0.6229,LPath
S74E,0.7262,LPath
S74F,0.167,LBen
S74G,0.0629,LBen
S74H,0.3581,Amb
S74I,0.1911,LBen
S74K,0.8023,LPath
S74L,0.1297,LBen
S74M,0.1781,LBen
S74N,0.1292,LBen
S74P,0.1393,LBen
S74Q,0.4685,Amb
S74R,0.76,LPath
S74T,0.0827,LBen
S74V,0.1432,LBen
S74W,0.3478,Amb
S74Y,0.1874,LBen
R75A,0.5921,LPath
R75C,0.3852,Amb
R75D,0.7562,LPath
R75E,0.6124,LPath
R75F,0.6912,LPath
R75G,0.2745,LBen
R75H,0.2119,LBen
R75I,0.7062,LPath
R75K,0.1419,LBen
R75L,0.5632,Amb
R75M,0.6642,LPath
R75N,0.708,LPath
R75P,0.5237,Amb
R75Q,0.1981,LBen
R75S,0.618,LPath
R75T,0.5423,Amb
R75V,0.6705,LPath
R75W,0.3004,LBen
R75Y,0.4971,Amb
D76A,0.291,LBen
D76C,0.6289,LPath
D76E,0.1135,LBen
D76F,0.6683,LPath
D76G,0.211,LBen
D76H,0.4648,Amb
D76I,0.5648,LPath
D76K,0.6596,LPath
D76L,0.5689,LPath
D76M,0.7108,LPath
D76N,0.1643,LBen
D76P,0.5279,Amb
D76Q,0.4056,Amb
D76R,0.6203,LPath
D76S,0.1705,LBen
D76T,0.3129,LBen
D76V,0.3856,Amb
D76W,0.8745,LPath
D76Y,0.3694,Amb
S77A,0.0736,LBen
S77C,0.0816,LBen
S77D,0.3835,Amb
S77E,0.5308,Amb
S77F,0.1384,LBen
S77G,0.0612,LBen
S77H,0.2537,LBen
S77I,0.1308,LBen
S77K,0.6599,LPath
S77L,0.1049,LBen
S77M,0.1457,LBen
S77N,0.0881,LBen
S77P,0.1377,LBen
S77Q,0.3644,Amb
S77R,0.6107,LPath
S77T,0.0651,LBen
S77V,0.1065,LBen
S77W,0.2972,LBen
S77Y,0.1479,LBen
R78A,0.6314,LPath
R78C,0.3577,Amb
R78D,0.8022,LPath
R78E,0.6677,LPath
R78F,0.6981,LPath
R78G,0.3113,LBen
R78H,0.2029,LBen
R78I,0.7048,LPath
R78K,0.1338,LBen
R78L,0.5641,LPath
R78M,0.6755,LPath
R78N,0.7607,LPath
R78P,0.5772,LPath
R78Q,0.2092,LBen
R78S,0.6746,LPath
R78T,0.5989,LPath
R78V,0.686,LPath
R78W,0.3037,LBen
R78Y,0.5178,Amb
G79A,0.0998,LBen
G79C,0.1207,LBen
G79D,0.371,Amb
G79E,0.3311,LBen
G79F,0.3296,LBen
G79H,0.3309,LBen
G79I,0.1874,LBen
G79K,0.5696,LPath
G79L,0.2332,LBen
G79M,0.2626,LBen
G79N,0.1775,LBen
G79P,0.4036,Amb
G79Q,0.3052,LBen
G79R,0.433,Amb
G79S,0.0835,LBen
G79T,0.105,LBen
G79V,0.1121,LBen
G79W,0.2792,LBen
G79Y,0.2381,LBen
K80A,0.4555,Amb
K80C,0.6006,LPath
K80D,0.6954,LPath
K80E,0.4596,Amb
K80F,0.7474,LPath
K80G,0.3408,Amb
K80H,0.3023,LBen
K80I,0.5419,Amb
K80L,0.4712,Amb
K80M,0.45,Amb
K80N,0.5174,Amb
K80P,0.4868,Amb
K80Q,0.171,LBen
K80R,0.0711,LBen
K80S,0.4649,Amb
K80T,0.3744,Amb
K80V,0.5054,Amb
K80W,0.6558,LPath
K80Y,0.579,LPath
P81A,0.0475,LBen
P81C,0.1561,LBen
P81D,0.3647,Amb
P81E,0.3071,LBen
P81F,0.2019,LBen
P81G,0.0745,LBen
P81H,0.1276,LBen
P81I,0.1732,LBen
P81K,0.2981,LBen
P81L,0.1034,LBen
P81M,0.1429,LBen
P81N,0.1046,LBen
P81Q,0.1068,LBen
P81R,0.2405,LBen
P81S,0.048,LBen
P81T,0.0515,LBen
P81V,0.1099,LBen
P81W,0.3087,LBen
P81Y,0.1814,LBen
G82A,0.0672,LBen
G82C,0.0733,LBen
G82D,0.2718,LBen
G82E,0.3126,LBen
G82F,0.2066,LBen
G82H,0.2008,LBen
G82I,0.1188,LBen
G82K,0.4526,Amb
G82L,0.1393,LBen
G82M,0.1832,LBen
G82N,0.1155,LBen
G82P,0.1976,LBen
G82Q,0.2401,LBen
G82R,0.3205,LBen
G82S,0.0601,LBen
G82T,0.0707,LBen
G82V,0.0791,LBen
G82W,0.2368,LBen
G82Y,0.1615,LBen
Y83A,0.1611,LBen
Y83C,0.0677,LBen
Y83D,0.2628,LBen
Y83E,0.5192,Amb
Y83F,0.0676,LBen
Y83G,0.1444,LBen
Y83H,0.1694,LBen
Y83I,0.2068,LBen
Y83K,0.5725,LPath
Y83L,0.2343,LBen
Y83M,0.3231,LBen
Y83N,0.1181,LBen
Y83P,0.2853,LBen
Y83Q,0.3154,LBen
Y83R,0.3865,Amb
Y83S,0.0875,LBen
Y83T,0.1679,LBen
Y83V,0.1478,LBen
Y83W,0.2237,LBen
F84A,0.2777,LBen
F84C,0.1843,LBen
F84D,0.6127,LPath
F84E,0.7441,LPath
F84G,0.3325,LBen
F84H,0.4195,Amb
F84I,0.166,LBen
F84K,0.7803,LPath
F84L,0.5789,LPath
F84M,0.3458,Amb
F84N,0.3947,Amb
F84P,0.6253,LPath
F84Q,0.548,Amb
F84R,0.5816,LPath
F84S,0.2215,LBen
F84T,0.3245,LBen
F84V,0.1351,LBen
F84W,0.316,LBen
F84Y,0.1209,LBen
S85A,0.0794,LBen
S85C,0.0935,LBen
S85D,0.4076,Amb
S85E,0.5468,Amb
S85F,0.1859,LBen
S85G,0.0564,LBen
S85H,0.2376,LBen
S85I,0.1983,LBen
S85K,0.6333,LPath
S85L,0.1317,LBen
S85M,0.1967,LBen
S85N,0.0938,LBen
S85P,0.1138,LBen
S85Q,0.3368,LBen
S85R,0.527,Amb
S85T,0.0767,LBen
S85V,0.156,LBen
S85W,0.2666,LBen
S85Y,0.169,LBen
E86A,0.2465,LBen
E86C,0.6824,LPath
E86D,0.047,LBen
E86F,0.6912,LPath
E86G,0.1548,LBen
E86H,0.4078,Amb
E86I,0.5434,Amb
E86K,0.4462,Amb
E86L,0.5216,Amb
E86M,0.6539,LPath
E86N,0.1525,LBen
E86P,0.3879,Amb
E86Q,0.2117,LBen
E86R,0.4057,Amb
E86S,0.1421,LBen
E86T,0.2847,LBen
E86V,0.3722,Amb
E86W,0.8267,LPath
E86Y,0.4592,Amb
R87A,0.447,Amb
R87C,0.3513,Amb
R87D,0.5582,Amb
R87E,0.4423,Amb
R87F,0.5863,LPath
R87G,0.1883,LBen
R87H,0.1746,LBen
R87I,0.5462,Amb
R87K,0.1351,LBen
R87L,0.4466,Amb
R87M,0.536,Amb
R87N,0.5199,Amb
R87P,0.345,Amb
R87Q,0.1629,LBen
R87S,0.4986,Amb
R87T,0.3915,Amb
R87V,0.5396,Amb
R87W,0.2519,LBen
R87Y,0.3812,Amb
G88A,0.1089,LBen
G88C,0.1314,LBen
G88D,0.3286,LBen
G88E,0.3527,Amb
G88F,0.3476,Amb
G88H,0.3681,Amb
G88I,0.2294,LBen
G88K,0.676,LPath
G88L,0.2997,LBen
G88M,0.3447,Amb
G88N,0.1923,LBen
G88P,0.3691,Amb
G88Q,0.378,Amb
G88R,0.5011,Amb
G88S,0.0832,LBen
G88T,0.1193,LBen
G88V,0.1326,LBen
G88W,0.2976,LBen
G88Y,0.2437,LBen
S89A,0.0686,LBen
S89C,0.0745,LBen
S89D,0.3546,Amb
S89E,0.4682,Amb
S89F,0.1229,LBen
S89G,0.0559,LBen
S89H,0.2414,LBen
S89I,0.113,LBen
S89K,0.5745,LPath
S89L,0.0981,LBen
S89M,0.1359,LBen
S89N,0.0834,LBen
S89P,0.1146,LBen
S89Q,0.3253,LBen
S89R,0.4958,Amb
S89T,0.067,LBen
S89V,0.1041,LBen
S89W,0.2226,LBen
S89Y,0.135,LBen
G90A,0.0866,LBen
G90C,0.1027,LBen
G90D,0.3853,Amb
G90E,0.4041,Amb
G90F,0.2552,LBen
G90H,0.3188,LBen
G90I,0.1603,LBen
G90K,0.6428,LPath
G90L,0.2093,LBen
G90M,0.2684,LBen
G90N,0.184,LBen
G90P,0.3376,LBen
G90Q,0.3476,Amb
G90R,0.4416,Amb
G90S,0.07,LBen
G90T,0.0931,LBen
G90V,0.0979,LBen
G90W,0.2587,LBen
G90Y,0.2171,LBen
S91A,0.083,LBen
S91C,0.0923,LBen
S91D,0.5356,Amb
S91E,0.6168,LPath
S91F,0.1423,LBen
S91G,0.0691,LBen
S91H,0.3426,Amb
S91I,0.1612,LBen
S91K,0.7892,LPath
S91L,0.1174,LBen
S91M,0.1632,LBen
S91N,0.1119,LBen
S91P,0.1169,LBen
S91Q,0.4208,Amb
S91R,0.7283,LPath
S91T,0.0738,LBen
S91V,0.133,LBen
S91W,0.2902,LBen
S91Y,0.1784,LBen
R92A,0.574,LPath
R92C,0.3648,Amb
R92D,0.7888,LPath
R92E,0.6801,LPath
R92F,0.6212,LPath
R92G,0.2794,LBen
R92H,0.2108,LBen
R92I,0.6504,LPath
R92K,0.1759,LBen
R92L,0.5081,Amb
R92M,0.6367,LPath
R92N,0.7255,LPath
R92P,0.4611,Amb
R92Q,0.2118,LBen
R92S,0.611,LPath
R92T,0.5432,Amb
R92V,0.6337,LPath
R92W,0.2729,LBen
R92Y,0.4748,Amb
G93A,0.1454,LBen
G93C,0.1739,LBen
G93D,0.4899,Amb
G93E,0.4705,Amb
G93F,0.4282,Amb
G93H,0.5075,Amb
G93I,0.2805,LBen
G93K,0.8289,LPath
G93L,0.353,Amb
G93M,0.3862,Amb
G93N,0.234,LBen
G93P,0.4991,Amb
G93Q,0.4475,Amb
G93R,0.6918,LPath
G93S,0.0908,LBen
G93T,0.1482,LBen
G93V,0.1592,LBen
G93W,0.3926,Amb
G93Y,0.3313,LBen
R94A,0.5035,Amb
R94C,0.2904,LBen
R94D,0.6738,LPath
R94E,0.6126,LPath
R94F,0.5286,Amb
R94G,0.2274,LBen
R94H,0.1796,LBen
R94I,0.4772,Amb
R94K,0.172,LBen
R94L,0.3948,Amb
R94M,0.5331,Amb
R94N,0.5841,LPath
R94P,0.4195,Amb
R94Q,0.1864,LBen
R94S,0.5098,Amb
R94T,0.4627,Amb
R94V,0.4947,Amb
R94W,0.2704,LBen
R94Y,0.3875,Amb
F95A,0.3505,Amb
F95C,0.2,LBen
F95D,0.5739,LPath
F95E,0.6748,LPath
F95G,0.3734,Amb
F95H,0.4746,Amb
F95I,0.222,LBen
F95K,0.8095,LPath
F95L,0.7127,LPath
F95M,0.3717,Amb
F95N,0.3691,Amb
F95P,0.6585,LPath
F95Q,0.5711,LPath
F95R,0.6456,LPath
F95S,0.2577,LBen
F95T,0.3626,Amb
F95V,0.1959,LBen
F95W,0.1972,LBen
F95Y,0.0855,LBen
D96A,0.3105,LBen
D96C,0.6354,LPath
D96E,0.0972,LBen
D96F,0.7102,LPath
D96G,0.2517,LBen
D96H,0.4719,Amb
D96I,0.6279,LPath
D96K,0.7082,LPath
D96L,0.5731,LPath
D96M,0.7488,LPath
D96N,0.2186,LBen
D96P,0.6377,LPath
D96Q,0.3876,Amb
D96R,0.5977,LPath
D96S,0.2014,LBen
D96T,0.3862,Amb
D96V,0.4321,Amb
D96W,0.8561,LPath
D96Y,0.4057,Amb
D97A,0.2925,LBen
D97C,0.5935,LPath
D97E,0.092,LBen
D97F,0.6312,LPath
D97G,0.2247,LBen
D97H,0.4071,Amb
D97I,0.5435,Amb
D97K,0.6097,LPath
D97L,0.5335,Amb
D97M,0.6703,LPath
D97N,0.169,LBen
D97P,0.5913,LPath
D97Q,0.3388,LBen
D97R,0.5229,Amb
D97S,0.1717,LBen
D97T,0.3297,LBen
D97V,0.369,Amb
D97W,0.8395,LPath
D97Y,0.3215,LBen
R98A,0.2833,LBen
R98C,0.2068,LBen
R98D,0.4276,Amb
R98E,0.3359,LBen
R98F,0.393,Amb
R98G,0.1372,LBen
R98H,0.1211,LBen
R98I,0.3504,Amb
R98K,0.1254,LBen
R98L,0.2938,LBen
R98M,0.3821,Amb
R98N,0.3755,Amb
R98P,0.2443,LBen
R98Q,0.1204,LBen
R98S,0.2999,LBen
R98T,0.2443,LBen
R98V,0.354,Amb
R98W,0.2061,LBen
R98Y,0.2798,LBen
G99A,0.1017,LBen
G99C,0.1323,LBen
G99D,0.2459,LBen
G99E,0.2205,LBen
G99F,0.3025,LBen
G99H,0.3054,LBen
G99I,0.1856,LBen
G99K,0.5401,Amb
G99L,0.2246,LBen
G99M,0.2733,LBen
G99N,0.1627,LBen
G99P,0.311,LBen
G99Q,0.2387,LBen
G99R,0.3782,Amb
G99S,0.078,LBen
G99T,0.1107,LBen
G99V,0.112,LBen
G99W,0.2625,LBen
G99Y,0.2177,LBen
R100A,0.3199,LBen
R100C,0.1881,LBen
R100D,0.4444,Amb
R100E,0.3448,Amb
R100F,0.3759,Amb
R100G,0.151,LBen
R100H,0.1233,LBen
R100I,0.3133,LBen
R100K,0.1135,LBen
R100L,0.2599,LBen
R100M,0.3469,Amb
R100N,0.3782,Amb
R100P,0.2909,LBen
R100Q,0.1166,LBen
R100S,0.3247,LBen
R100T,0.279,LBen
R100V,0.3377,LBen
R100W,0.1839,LBen
R100Y,0.2697,LBen
S101A,0.0791,LBen
S101C,0.0965,LBen
S101D,0.2473,LBen
S101E,0.3422,Amb
S101F,0.1673,LBen
S101G,0.0617,LBen
S101H,0.2292,LBen
S101I,0.1513,LBen
S101K,0.528,Amb
S101L,0.1227,LBen
S101M,0.1564,LBen
S101N,0.0739,LBen
S101P,0.1207,LBen
S101Q,0.2841,LBen
S101R,0.4592,Amb
S101T,0.0695,LBen
S101V,0.1276,LBen
S101W,0.262,LBen
S101Y,0.1588,LBen
D102A,0.1899,LBen
D102C,0.4596,Amb
D102E,0.0954,LBen
D102F,0.5179,Amb
D102G,0.1472,LBen
D102H,0.3307,LBen
D102I,0.3975,Amb
D102K,0.5195,Amb
D102L,0.4062,Amb
D102M,0.5548,Amb
D102N,0.1361,LBen
D102P,0.4629,Amb
D102Q,0.2867,LBen
D102R,0.4388,Amb
D102S,0.1188,LBen
D102T,0.2342,LBen
D102V,0.2635,LBen
D102W,0.7603,LPath
D102Y,0.2608,LBen
Y103A,0.1395,LBen
Y103C,0.0696,LBen
Y103D,0.1411,LBen
Y103E,0.2738,LBen
Y103F,0.082,LBen
Y103G,0.1184,LBen
Y103H,0.1467,LBen
Y103I,0.1968,LBen
Y103K,0.3908,Amb
Y103L,0.2099,LBen
Y103M,0.267,LBen
Y103N,0.086,LBen
Y103P,0.2718,LBen
Y103Q,0.213,LBen
Y103R,0.2308,LBen
Y103S,0.0738,LBen
Y103T,0.1313,LBen
Y103V,0.1424,LBen
Y103W,0.1954,LBen
D104A,0.199,LBen
D104C,0.4568,Amb
D104E,0.093,LBen
D104F,0.5339,Amb
D104G,0.1507,LBen
D104H,0.3088,LBen
D104I,0.4494,Amb
D104K,0.4862,Amb
D104L,0.4255,Amb
D104M,0.5861,LPath
D104N,0.1438,LBen
D104P,0.504,Amb
D104Q,0.2817,LBen
D104R,0.397,Amb
D104S,0.1274,LBen
D104T,0.2471,LBen
D104V,0.2937,LBen
D104W,0.7308,LPath
D104Y,0.2523,LBen
G105A,0.084,LBen
G105C,0.1072,LBen
G105D,0.1461,LBen
G105E,0.1884,LBen
G105F,0.2681,LBen
G105H,0.235,LBen
G105I,0.1518,LBen
G105K,0.4647,Amb
G105L,0.2152,LBen
G105M,0.2438,LBen
G105N,0.1218,LBen
G105P,0.3761,Amb
G105Q,0.2407,LBen
G105R,0.2971,LBen
G105S,0.0665,LBen
G105T,0.0926,LBen
G105V,0.097,LBen
G105W,0.2555,LBen
G105Y,0.1846,LBen
I106A,0.0795,LBen
I106C,0.2146,LBen
I106D,0.2612,LBen
I106E,0.2302,LBen
I106F,0.0529,LBen
I106G,0.1444,LBen
I106H,0.1921,LBen
I106K,0.2403,LBen
I106L,0.0676,LBen
I106M,0.0641,LBen
I106N,0.1008,LBen
I106P,0.1293,LBen
I106Q,0.1601,LBen
I106R,0.1589,LBen
I106S,0.0882,LBen
I106T,0.079,LBen
I106V,0.0645,LBen
I106W,0.2282,LBen
I106Y,0.1654,LBen
G107A,0.0974,LBen
G107C,0.1223,LBen
G107D,0.2015,LBen
G107E,0.2194,LBen
G107F,0.3139,LBen
G107H,0.2846,LBen
G107I,0.1927,LBen
G107K,0.5079,Amb
G107L,0.2315,LBen
G107M,0.2997,LBen
G107N,0.1577,LBen
G107P,0.3512,Amb
G107Q,0.2598,LBen
G107R,0.3219,LBen
G107S,0.0716,LBen
G107T,0.1027,LBen
G107V,0.1209,LBen
G107W,0.2443,LBen
G107Y,0.2286,LBen
N108A,0.0834,LBen
N108C,0.0939,LBen
N108D,0.1074,LBen
N108E,0.2018,LBen
N108F,0.2047,LBen
N108G,0.0832,LBen
N108H,0.0895,LBen
N108I,0.1192,LBen
N108K,0.2477,LBen
N108L,0.1172,LBen
N108M,0.1791,LBen
N108P,0.1384,LBen
N108Q,0.1592,LBen
N108R,0.2279,LBen
N108S,0.0502,LBen
N108T,0.0665,LBen
N108V,0.1044,LBen
N108W,0.376,Amb
N108Y,0.0875,LBen
R109A,0.2647,LBen
R109C,0.1793,LBen
R109D,0.3722,Amb
R109E,0.2798,LBen
R109F,0.3777,Amb
R109G,0.1236,LBen
R109H,0.1124,LBen
R109I,0.3138,LBen
R109K,0.1099,LBen
R109L,0.2449,LBen
R109M,0.3282,LBen
R109N,0.3503,Amb
R109P,0.2504,LBen
R109Q,0.1044,LBen
R109S,0.2779,LBen
R109T,0.2162,LBen
R109V,0.3115,LBen
R109W,0.1628,LBen
R109Y,0.2428,LBen
E110A,0.2449,LBen
E110C,0.6661,LPath
E110D,0.0513,LBen
E110F,0.6672,LPath
E110G,0.1446,LBen
E110H,0.446,Amb
E110I,0.4686,Amb
E110K,0.4056,Amb
E110L,0.4692,Amb
E110M,0.5897,LPath
E110N,0.1729,LBen
E110P,0.4229,Amb
E110Q,0.2101,LBen
E110R,0.4163,Amb
E110S,0.1707,LBen
E110T,0.2854,LBen
E110V,0.3192,LBen
E110W,0.8026,LPath
E110Y,0.4568,Amb
R111A,0.2677,LBen
R111C,0.2012,LBen
R111D,0.3691,Amb
R111E,0.2778,LBen
R111F,0.3742,Amb
R111G,0.1245,LBen
R111H,0.1135,LBen
R111I,0.255,LBen
R111K,0.0917,LBen
R111L,0.2082,LBen
R111M,0.2661,LBen
R111N,0.3082,LBen
R111P,0.2566,LBen
R111Q,0.1026,LBen
R111S,0.281,LBen
R111T,0.2224,LBen
R111V,0.2711,LBen
R111W,0.2112,LBen
R111Y,0.2514,LBen
P112A,0.0541,LBen
P112C,0.1712,LBen
P112D,0.2163,LBen
P112E,0.1918,LBen
P112F,0.1863,LBen
P112G,0.0782,LBen
P112H,0.112,LBen
P112I,0.1481,LBen
P112K,0.252,LBen
P112L,0.0914,LBen
P112M,0.1238,LBen
P112N,0.0915,LBen
P112Q,0.0966,LBen
P112R,0.1841,LBen
P112S,0.0566,LBen
P112T,0.0541,LBen
P112V,0.1081,LBen
P112W,0.2822,LBen
P112Y,0.1802,LBen
G113A,0.086,LBen
G113C,0.1219,LBen
G113D,0.2507,LBen
G113E,0.2897,LBen
G113F,0.3349,LBen
G113H,0.3289,LBen
G113I,0.1777,LBen
G113K,0.6308,LPath
G113L,0.2481,LBen
G113M,0.3034,LBen
G113N,0.1695,LBen
G113P,0.3576,Amb
G113Q,0.3347,LBen
G113R,0.4399,Amb
G113S,0.0704,LBen
G113T,0.0987,LBen
G113V,0.1103,LBen
G113W,0.3242,LBen
G113Y,0.2599,LBen
F114A,0.2573,LBen
F114C,0.1861,LBen
F114D,0.5138,Amb
F114E,0.631,LPath
F114G,0.3497,Amb
F114H,0.4552,Amb
F114I,0.1628,LBen
F114K,0.7565,LPath
F114L,0.6673,LPath
F114M,0.3165,LBen
F114N,0.3459,Amb
F114P,0.5941,LPath
F114Q,0.5531,Amb
F114R,0.6169,LPath
F114S,0.2055,LBen
F114T,0.2721,LBen
F114V,0.1627,LBen
F114W,0.2654,LBen
F114Y,0.1238,LBen
G115A,0.1093,LBen
G115C,0.122,LBen
G115D,0.2788,LBen
G115E,0.3115,LBen
G115F,0.3867,Amb
G115H,0.3239,LBen
G115I,0.2405,LBen
G115K,0.6358,LPath
G115L,0.2659,LBen
G115M,0.3634,Amb
G115N,0.1842,LBen
G115P,0.3616,Amb
G115Q,0.3077,LBen
G115R,0.4325,Amb
G115S,0.0713,LBen
G115T,0.1193,LBen
G115V,0.1494,LBen
G115W,0.3454,Amb
G115Y,0.3045,LBen
R116A,0.236,LBen
R116C,0.2081,LBen
R116D,0.3727,Amb
R116E,0.2975,LBen
R116F,0.4148,Amb
R116G,0.1101,LBen
R116H,0.1208,LBen
R116I,0.2822,LBen
R116K,0.069,LBen
R116L,0.2281,LBen
R116M,0.2602,LBen
R116N,0.2852,LBen
R116P,0.2178,LBen
R116Q,0.1051,LBen
R116S,0.2284,LBen
R116T,0.1895,LBen
R116V,0.2946,LBen
R116W,0.203,LBen
R116Y,0.2902,LBen
F117A,0.1999,LBen
F117C,0.1294,LBen
F117D,0.3447,Amb
F117E,0.4692,Amb
F117G,0.2509,LBen
F117H,0.3067,LBen
F117I,0.1521,LBen
F117K,0.6208,LPath
F117L,0.5748,LPath
F117M,0.2762,LBen
F117N,0.2098,LBen
F117P,0.4458,Amb
F117Q,0.3858,Amb
F117R,0.4837,Amb
F117S,0.1472,LBen
F117T,0.2006,LBen
F117V,0.1385,LBen
F117W,0.182,LBen
F117Y,0.0706,LBen
E118A,0.3039,LBen
E118C,0.7803,LPath
E118D,0.0591,LBen
E118F,0.7707,LPath
E118G,0.1847,LBen
E118H,0.4994,Amb
E118I,0.6179,LPath
E118K,0.4766,Amb
E118L,0.579,LPath
E118M,0.7074,LPath
E118N,0.2667,LBen
E118P,0.428,Amb
E118Q,0.2239,LBen
E118R,0.4548,Amb
E118S,0.1961,LBen
E118T,0.3629,Amb
E118V,0.4317,Amb
E118W,0.8705,LPath
E118Y,0.6172,LPath
R119A,0.2908,LBen
R119C,0.2242,LBen
R119D,0.3913,Amb
R119E,0.3208,LBen
R119F,0.4632,Amb
R119G,0.1289,LBen
R119H,0.1226,LBen
R119I,0.3322,LBen
R119K,0.1145,LBen
R119L,0.2825,LBen
R119M,0.3473,Amb
R119N,0.3363,LBen
R119P,0.2188,LBen
R119Q,0.1164,LBen
R119S,0.2961,LBen
R119T,0.2361,LBen
R119V,0.352,Amb
R119W,0.229,LBen
R119Y,0.3021,LBen
S120A,0.0811,LBen
S120C,0.0938,LBen
S120D,0.3119,LBen
S120E,0.4283,Amb
S120F,0.2091,LBen
S120G,0.0547,LBen
S120H,0.269,LBen
S120I,0.1722,LBen
S120K,0.6117,LPath
S120L,0.1502,LBen
S120M,0.1835,LBen
S120N,0.088,LBen
S120P,0.1185,LBen
S120Q,0.3468,Amb
S120R,0.545,Amb
S120T,0.076,LBen
S120V,0.1469,LBen
S120W,0.2987,LBen
S120Y,0.1951,LBen
G121A,0.1125,LBen
G121C,0.1398,LBen
G121D,0.3246,LBen
G121E,0.3458,Amb
G121F,0.4299,Amb
G121H,0.388,Amb
G121I,0.2447,LBen
G121K,0.7048,LPath
G121L,0.3324,LBen
G121M,0.3841,Amb
G121N,0.2112,LBen
G121P,0.4313,Amb
G121Q,0.3723,Amb
G121R,0.513,Amb
G121S,0.069,LBen
G121T,0.1175,LBen
G121V,0.1555,LBen
G121W,0.3634,Amb
G121Y,0.3427,Amb
H122A,0.1005,LBen
H122C,0.1119,LBen
H122D,0.1335,LBen
H122E,0.191,LBen
H122F,0.1444,LBen
H122G,0.1002,LBen
H122I,0.1592,LBen
H122K,0.2651,LBen
H122L,0.0947,LBen
H122M,0.2295,LBen
H122N,0.0422,LBen
H122P,0.0699,LBen
H122Q,0.0961,LBen
H122R,0.1461,LBen
H122S,0.0707,LBen
H122T,0.093,LBen
H122V,0.1225,LBen
H122W,0.2906,LBen
H122Y,0.0697,LBen
S123A,0.1104,LBen
S123C,0.1259,LBen
S123D,0.4558,Amb
S123E,0.6345,LPath
S123F,0.2899,LBen
S123G,0.0726,LBen
S123H,0.3813,Amb
S123I,0.2568,LBen
S123K,0.8204,LPath
S123L,0.1755,LBen
S123M,0.2716,LBen
S123N,0.1244,LBen
S123P,0.1598,LBen
S123Q,0.5297,Amb
S123R,0.757,LPath
S123T,0.0912,LBen
S123V,0.2202,LBen
S123W,0.4453,Amb
S123Y,0.2787,LBen
R124A,0.6227,LPath
R124C,0.388,Amb
R124D,0.746,LPath
R124E,0.6619,LPath
R124F,0.7249,LPath
R124G,0.366,Amb
R124H,0.2114,LBen
R124I,0.5767,LPath
R124K,0.2272,LBen
R124L,0.483,Amb
R124M,0.6831,LPath
R124N,0.7039,LPath
R124P,0.4603,Amb
R124Q,0.2105,LBen
R124S,0.635,LPath
R124T,0.5652,LPath
R124V,0.6035,LPath
R124W,0.3701,Amb
R124Y,0.5184,Amb
W125A,0.5626,Amb
W125C,0.7402,LPath
W125D,0.7255,LPath
W125E,0.8274,LPath
W125F,0.264,LBen
W125G,0.263,LBen
W125H,0.7188,LPath
W125I,0.5483,Amb
W125K,0.9105,LPath
W125L,0.4791,Amb
W125M,0.6494,LPath
W125N,0.6773,LPath
W125P,0.7199,LPath
W125Q,0.8321,LPath
W125R,0.8479,LPath
W125S,0.3936,Amb
W125T,0.52,Amb
W125V,0.524,Amb
W125Y,0.4008,Amb
C126A,0.1063,LBen
C126D,0.1735,LBen
C126E,0.2753,LBen
C126F,0.09,LBen
C126G,0.0538,LBen
C126H,0.1719,LBen
C126I,0.1666,LBen
C126K,0.3811,Amb
C126L,0.1776,LBen
C126M,0.2223,LBen
C126N,0.1016,LBen
C126P,0.303,LBen
C126Q,0.2052,LBen
C126R,0.2112,LBen
C126S,0.0717,LBen
C126T,0.1142,LBen
C126V,0.139,LBen
C126W,0.1738,LBen
C126Y,0.0964,LBen
D127A,0.2621,LBen
D127C,0.4991,Amb
D127E,0.0859,LBen
D127F,0.6201,LPath
D127G,0.1839,LBen
D127H,0.3274,LBen
D127I,0.4808,Amb
D127K,0.4846,Amb
D127L,0.4675,Amb
D127M,0.6287,LPath
D127N,0.1561,LBen
D127P,0.5277,Amb
D127Q,0.2842,LBen
D127R,0.4386,Amb
D127S,0.1585,LBen
D127T,0.3047,LBen
D127V,0.3233,LBen
D127W,0.7966,LPath
D127Y,0.3287,LBen
K128A,0.1585,LBen
K128C,0.3572,Amb
K128D,0.1721,LBen
K128E,0.1061,LBen
K128F,0.5095,Amb
K128G,0.1516,LBen
K128H,0.1516,LBen
K128I,0.2519,LBen
K128L,0.235,LBen
K128M,0.2064,LBen
K128N,0.1896,LBen
K128P,0.2295,LBen
K128Q,0.0899,LBen
K128R,0.0622,LBen
K128S,0.1637,LBen
K128T,0.11,LBen
K128V,0.2134,LBen
K128W,0.4554,Amb
K128Y,0.341,Amb
S129A,0.0627,LBen
S129C,0.0907,LBen
S129D,0.1511,LBen
S129E,0.2098,LBen
S129F,0.139,LBen
S129G,0.0723,LBen
S129H,0.1887,LBen
S129I,0.1169,LBen
S129K,0.3714,Amb
S129L,0.0921,LBen
S129M,0.1246,LBen
S129N,0.0801,LBen
S129P,0.0778,LBen
S129Q,0.2365,LBen
S129R,0.3558,Amb
S129T,0.0647,LBen
S129V,0.1029,LBen
S129W,0.2197,LBen
S129Y,0.1344,LBen
V130A,0.0608,LBen
V130C,0.2404,LBen
V130D,0.0508,LBen
V130E,0.0648,LBen
V130F,0.1042,LBen
V130G,0.0653,LBen
V130H,0.1385,LBen
V130I,0.0754,LBen
V130K,0.1391,LBen
V130L,0.0857,LBen
V130M,0.1035,LBen
V130N,0.0628,LBen
V130P,0.1259,LBen
V130Q,0.0941,LBen
V130R,0.1272,LBen
V130S,0.0577,LBen
V130T,0.0723,LBen
V130W,0.3928,Amb
V130Y,0.1728,LBen
E131A,0.1315,LBen
E131C,0.5597,Amb
E131D,0.0601,LBen
E131F,0.5646,LPath
E131G,0.1207,LBen
E131H,0.3216,LBen
E131I,0.3006,LBen
E131K,0.19,LBen
E131L,0.3067,LBen
E131M,0.3858,Amb
E131N,0.1673,LBen
E131P,0.3211,LBen
E131Q,0.1515,LBen
E131R,0.2512,LBen
E131S,0.1394,LBen
E131T,0.1665,LBen
E131V,0.1864,LBen
E131W,0.7225,LPath
E131Y,0.4151,Amb
D132A,0.1393,LBen
D132C,0.3863,Amb
D132E,0.0778,LBen
D132F,0.435,Amb
D132G,0.1234,LBen
D132H,0.2824,LBen
D132I,0.2487,LBen
D132K,0.3453,Amb
D132L,0.2995,LBen
D132M,0.3875,Amb
D132N,0.1187,LBen
D132P,0.4957,Amb
D132Q,0.2508,LBen
D132R,0.3667,Amb
D132S,0.1265,LBen
D132T,0.1654,LBen
D132V,0.1461,LBen
D132W,0.7106,LPath
D132Y,0.1981,LBen
D133A,0.4653,Amb
D133C,0.6906,LPath
D133E,0.4245,Amb
D133F,0.8487,LPath
D133G,0.4913,Amb
D133H,0.6159,LPath
D133I,0.6137,LPath
D133K,0.811,LPath
D133L,0.693,LPath
D133M,0.8237,LPath
D133N,0.1452,LBen
D133P,0.8132,LPath
D133Q,0.696,LPath
D133R,0.7685,LPath
D133S,0.2484,LBen
D133T,0.4912,Amb
D133V,0.442,Amb
D133W,0.9628,LPath
D133Y,0.5149,Amb
W134A,0.9845,LPath
W134C,0.991,LPath
W134D,0.9948,LPath
W134E,0.9974,LPath
W134F,0.5256,Amb
W134G,0.9458,LPath
W134H,0.9895,LPath
W134I,0.9695,LPath
W134K,0.9988,LPath
W134L,0.9453,LPath
W134M,0.9836,LPath
W134N,0.9944,LPath
W134P,0.9865,LPath
W134Q,0.9985,LPath
W134R,0.9972,LPath
W134S,0.9712,LPath
W134T,0.9863,LPath
W134V,0.9667,LPath
W134Y,0.7347,LPath
S135A,0.1338,LBen
S135C,0.1528,LBen
S135D,0.6781,LPath
S135E,0.6442,LPath
S135F,0.6597,LPath
S135G,0.1222,LBen
S135H,0.5858,LPath
S135I,0.6423,LPath
S135K,0.797,LPath
S135L,0.2345,LBen
S135M,0.3558,Amb
S135N,0.3361,LBen
S135P,0.9116,LPath
S135Q,0.5993,LPath
S135R,0.7202,LPath
S135T,0.1004,LBen
S135V,0.4875,Amb
S135W,0.6925,LPath
S135Y,0.5066,Amb
K136A,0.3414,Amb
K136C,0.505,Amb
K136D,0.679,LPath
K136E,0.1793,LBen
K136F,0.7474,LPath
K136G,0.5631,Amb
K136H,0.2914,LBen
K136I,0.246,LBen
K136L,0.2652,LBen
K136M,0.2278,LBen
K136N,0.5584,Amb
K136P,0.9038,LPath
K136Q,0.114,LBen
K136R,0.085,LBen
K136S,0.4667,Amb
K136T,0.1842,LBen
K136V,0.1845,LBen
K136W,0.7618,LPath
K136Y,0.6337,LPath
P137A,0.0956,LBen
P137C,0.4711,Amb
P137D,0.8942,LPath
P137E,0.4897,Amb
P137F,0.7279,LPath
P137G,0.5834,LPath
P137H,0.5073,Amb
P137I,0.2872,LBen
P137K,0.4874,Amb
P137L,0.125,LBen
P137M,0.289,LBen
P137N,0.727,LPath
P137Q,0.1899,LBen
P137R,0.3524,Amb
P137S,0.3254,LBen
P137T,0.2339,LBen
P137V,0.1875,LBen
P137W,0.8535,LPath
P137Y,0.6912,LPath
L138A,0.2311,LBen
L138C,0.4875,Amb
L138D,0.8473,LPath
L138E,0.4556,Amb
L138F,0.2291,LBen
L138G,0.3367,LBen
L138H,0.4079,Amb
L138I,0.2257,LBen
L138K,0.4008,Amb
L138M,0.1074,LBen
L138N,0.5068,Amb
L138P,0.7057,LPath
L138Q,0.179,LBen
L138R,0.3353,LBen
L138S,0.2495,LBen
L138T,0.1675,LBen
L138V,0.1514,LBen
L138W,0.4992,Amb
L138Y,0.4728,Amb
P139A,0.0614,LBen
P139C,0.2646,LBen
P139D,0.386,Amb
P139E,0.2153,LBen
P139F,0.3032,LBen
P139G,0.2048,LBen
P139H,0.1688,LBen
P139I,0.1809,LBen
P139K,0.2741,LBen
P139L,0.0837,LBen
P139M,0.1659,LBen
P139N,0.2402,LBen
P139Q,0.1108,LBen
P139R,0.2029,LBen
P139S,0.0924,LBen
P139T,0.0914,LBen
P139V,0.1213,LBen
P139W,0.5189,Amb
P139Y,0.3086,LBen
P140A,0.0518,LBen
P140C,0.209,LBen
P140D,0.4607,Amb
P140E,0.2029,LBen
P140F,0.3377,LBen
P140G,0.2182,LBen
P140H,0.1126,LBen
P140I,0.1995,LBen
P140K,0.1367,LBen
P140L,0.1042,LBen
P140M,0.2394,LBen
P140N,0.3061,LBen
P140Q,0.0805,LBen
P140R,0.0684,LBen
P140S,0.1056,LBen
P140T,0.1039,LBen
P140V,0.1169,LBen
P140W,0.483,Amb
P140Y,0.2861,LBen
S141A,0.131,LBen
S141C,0.0984,LBen
S141D,0.3028,LBen
S141E,0.6806,LPath
S141F,0.4418,Amb
S141G,0.1137,LBen
S141H,0.4915,Amb
S141I,0.2643,LBen
S141K,0.8421,LPath
S141L,0.1531,LBen
S141M,0.2388,LBen
S141N,0.0884,LBen
S141P,0.6221,LPath
S141Q,0.6496,LPath
S141R,0.8269,LPath
S141T,0.0959,LBen
S141V,0.2048,LBen
S141W,0.5881,LPath
S141Y,0.3649,Amb
E142A,0.1465,LBen
E142C,0.6823,LPath
E142D,0.0866,LBen
E142F,0.6469,LPath
E142G,0.1566,LBen
E142H,0.3502,Amb
E142I,0.3088,LBen
E142K,0.1542,LBen
E142L,0.2992,LBen
E142M,0.4139,Amb
E142N,0.2359,LBen
E142P,0.2483,LBen
E142Q,0.1272,LBen
E142R,0.225,LBen
E142S,0.1606,LBen
E142T,0.2183,LBen
E142V,0.1885,LBen
E142W,0.7971,LPath
E142Y,0.4986,Amb
R143A,0.4692,Amb
R143C,0.3163,LBen
R143D,0.6558,LPath
R143E,0.4463,Amb
R143F,0.6117,LPath
R143G,0.3789,Amb
R143H,0.1642,LBen
R143I,0.3639,Amb
R143K,0.1451,LBen
R143L,0.3589,Amb
R143M,0.4488,Amb
R143N,0.6322,LPath
R143P,0.6835,LPath
R143Q,0.164,LBen
R143S,0.6017,LPath
R143T,0.4272,Amb
R143V,0.413,Amb
R143W,0.3273,LBen
R143Y,0.4109,Amb
L144A,0.1792,LBen
L144C,0.4814,Amb
L144D,0.6631,LPath
L144E,0.3285,LBen
L144F,0.1786,LBen
L144G,0.4821,Amb
L144H,0.2828,LBen
L144I,0.0813,LBen
L144K,0.3235,LBen
L144M,0.0892,LBen
L144N,0.3704,Amb
L144P,0.6996,LPath
L144Q,0.1345,LBen
L144R,0.2731,LBen
L144S,0.2577,LBen
L144T,0.1456,LBen
L144V,0.0736,LBen
L144W,0.2938,LBen
L144Y,0.3835,Amb
E145A,0.459,Amb
E145C,0.9284,LPath
E145D,0.9207,LPath
E145F,0.9808,LPath
E145G,0.6775,LPath
E145H,0.8912,LPath
E145I,0.8707,LPath
E145K,0.6416,LPath
E145L,0.8556,LPath
E145M,0.8792,LPath
E145N,0.9322,LPath
E145P,0.9737,LPath
E145Q,0.2121,LBen
E145R,0.6129,LPath
E145S,0.7029,LPath
E145T,0.8278,LPath
E145V,0.7041,LPath
E145W,0.9943,LPath
E145Y,0.967,LPath
Q146A,0.1204,LBen
Q146C,0.2502,LBen
Q146D,0.2114,LBen
Q146E,0.0799,LBen
Q146F,0.3603,Amb
Q146G,0.1276,LBen
Q146H,0.0959,LBen
Q146I,0.2327,LBen
Q146K,0.0759,LBen
Q146L,0.0934,LBen
Q146M,0.1978,LBen
Q146N,0.1444,LBen
Q146P,0.2935,LBen
Q146R,0.0703,LBen
Q146S,0.1425,LBen
Q146T,0.1231,LBen
Q146V,0.1595,LBen
Q146W,0.2407,LBen
Q146Y,0.2037,LBen
E147A,0.3898,Amb
E147C,0.9201,LPath
E147D,0.2024,LBen
E147F,0.8786,LPath
E147G,0.4916,Amb
E147H,0.7329,LPath
E147I,0.618,LPath
E147K,0.6049,LPath
E147L,0.6439,LPath
E147M,0.6483,LPath
E147N,0.5633,Amb
E147P,0.966,LPath
E147Q,0.282,LBen
E147R,0.6434,LPath
E147S,0.4274,Amb
E147T,0.4947,Amb
E147V,0.4331,Amb
E147W,0.9624,LPath
E147Y,0.795,LPath
L148A,0.9405,LPath
L148C,0.9136,LPath
L148D,0.9951,LPath
L148E,0.9824,LPath
L148F,0.7405,LPath
L148G,0.985,LPath
L148H,0.9563,LPath
L148I,0.2875,LBen
L148K,0.9715,LPath
L148M,0.4133,Amb
L148N,0.9637,LPath
L148P,0.9917,LPath
L148Q,0.9529,LPath
L148R,0.9399,LPath
L148S,0.985,LPath
L148T,0.9499,LPath
L148V,0.4566,Amb
L148W,0.9041,LPath
L148Y,0.8783,LPath
F149A,0.9953,LPath
F149C,0.9833,LPath
F149D,0.9977,LPath
F149E,0.9984,LPath
F149G,0.9915,LPath
F149H,0.9719,LPath
F149I,0.9874,LPath
F149K,0.9973,LPath
F149L,0.997,LPath
F149M,0.9896,LPath
F149N,0.9918,LPath
F149P,0.9993,LPath
F149Q,0.9953,LPath
F149R,0.9899,LPath
F149S,0.9905,LPath
F149T,0.9954,LPath
F149V,0.9824,LPath
F149W,0.8991,LPath
F149Y,0.5649,LPath
S150A,0.0605,LBen
S150C,0.0733,LBen
S150D,0.3233,LBen
S150E,0.3966,Amb
S150F,0.1528,LBen
S150G,0.0698,LBen
S150H,0.2303,LBen
S150I,0.1508,LBen
S150K,0.4852,Amb
S150L,0.0713,LBen
S150M,0.1595,LBen
S150N,0.1368,LBen
S150P,0.2512,LBen
S150Q,0.3332,LBen
S150R,0.405,Amb
S150T,0.0761,LBen
S150V,0.1274,LBen
S150W,0.2624,LBen
S150Y,0.1534,LBen
G151A,0.0842,LBen
G151C,0.1075,LBen
G151D,0.1934,LBen
G151E,0.1747,LBen
G151F,0.3489,Amb
G151H,0.217,LBen
G151I,0.1788,LBen
G151K,0.2654,LBen
G151L,0.2363,LBen
G151M,0.2661,LBen
G151N,0.1742,LBen
G151P,0.4543,Amb
G151Q,0.2014,LBen
G151R,0.1909,LBen
G151S,0.0771,LBen
G151T,0.0858,LBen
G151V,0.1113,LBen
G151W,0.2929,LBen
G151Y,0.2738,LBen
G152A,0.1041,LBen
G152C,0.0972,LBen
G152D,0.314,LBen
G152E,0.2875,LBen
G152F,0.466,Amb
G152H,0.3116,LBen
G152I,0.2076,LBen
G152K,0.4527,Amb
G152L,0.3272,LBen
G152M,0.3208,LBen
G152N,0.206,LBen
G152P,0.593,LPath
G152Q,0.2848,LBen
G152R,0.3122,LBen
G152S,0.0732,LBen
G152T,0.1014,LBen
G152V,0.1379,LBen
G152W,0.3713,Amb
G152Y,0.3453,Amb
N153A,0.3104,LBen
N153C,0.2348,LBen
N153D,0.2838,LBen
N153E,0.5951,LPath
N153F,0.6429,LPath
N153G,0.3123,LBen
N153H,0.1338,LBen
N153I,0.3368,LBen
N153K,0.5926,LPath
N153L,0.3298,LBen
N153M,0.4305,Amb
N153P,0.5925,LPath
N153Q,0.4553,Amb
N153R,0.5747,LPath
N153S,0.0932,LBen
N153T,0.1776,LBen
N153V,0.3069,LBen
N153W,0.8548,LPath
N153Y,0.2809,LBen
T154A,0.183,LBen
T154C,0.6172,LPath
T154D,0.8222,LPath
T154E,0.7818,LPath
T154F,0.7723,LPath
T154G,0.3958,Amb
T154H,0.5147,Amb
T154I,0.7059,LPath
T154K,0.4914,Amb
T154L,0.3831,Amb
T154M,0.2406,LBen
T154N,0.4194,Amb
T154P,0.5716,LPath
T154Q,0.467,Amb
T154R,0.3847,Amb
T154S,0.1706,LBen
T154V,0.4419,Amb
T154W,0.9193,LPath
T154Y,0.7994,LPath
G155A,0.8818,LPath
G155C,0.9531,LPath
G155D,0.9882,LPath
G155E,0.9931,LPath
G155F,0.9936,LPath
G155H,0.9938,LPath
G155I,0.9863,LPath
G155K,0.9945,LPath
G155L,0.9899,LPath
G155M,0.9914,LPath
G155N,0.9808,LPath
G155P,0.9942,LPath
G155Q,0.9884,LPath
G155R,0.9824,LPath
G155S,0.8197,LPath
G155T,0.9436,LPath
G155V,0.9671,LPath
G155W,0.9902,LPath
G155Y,0.9938,LPath
I156A,0.9948,LPath
I156C,0.9978,LPath
I156D,0.9986,LPath
I156E,0.9973,LPath
I156F,0.9321,LPath
I156G,0.9977,LPath
I156H,0.9981,LPath
I156K,0.9945,LPath
I156L,0.6372,LPath
I156M,0.7391,LPath
I156N,0.9898,LPath
I156P,0.9944,LPath
I156Q,0.9959,LPath
I156R,0.9896,LPath
I156S,0.9936,LPath
I156T,0.9956,LPath
I156V,0.7542,LPath
I156W,0.99,LPath
I156Y,0.9872,LPath
N157A,0.8738,LPath
N157C,0.659,LPath
N157D,0.7803,LPath
N157E,0.9842,LPath
N157F,0.9612,LPath
N157G,0.9664,LPath
N157H,0.359,Amb
N157I,0.8819,LPath
N157K,0.9579,LPath
N157L,0.8521,LPath
N157M,0.9191,LPath
N157P,0.9654,LPath
N157Q,0.9194,LPath
N157R,0.8831,LPath
N157S,0.3362,LBen
N157T,0.8375,LPath
N157V,0.8543,LPath
N157W,0.9854,LPath
N157Y,0.715,LPath
F158A,0.9982,LPath
F158C,0.9988,LPath
F158D,0.9987,LPath
F158E,0.9987,LPath
F158G,0.9984,LPath
F158H,0.9967,LPath
F158I,0.9925,LPath
F158K,0.9987,LPath
F158L,0.9993,LPath
F158M,0.9934,LPath
F158N,0.999,LPath
F158P,0.9999,LPath
F158Q,0.9981,LPath
F158R,0.996,LPath
F158S,0.9986,LPath
F158T,0.9976,LPath
F158V,0.9933,LPath
F158W,0.957,LPath
F158Y,0.9526,LPath
E159A,0.3596,Amb
E159C,0.9395,LPath
E159D,0.1748,LBen
E159F,0.9772,LPath
E159G,0.3825,Amb
E159H,0.763,LPath
E159I,0.9044,LPath
E159K,0.6283,LPath
E159L,0.8294,LPath
E159M,0.8689,LPath
E159N,0.5029,Amb
E159P,0.9583,LPath
E159Q,0.3093,LBen
E159R,0.7014,LPath
E159S,0.3117,LBen
E159T,0.631,LPath
E159V,0.743,LPath
E159W,0.9879,LPath
E159Y,0.9442,LPath
K160A,0.7324,LPath
K160C,0.8802,LPath
K160D,0.8816,LPath
K160E,0.7674,LPath
K160F,0.9733,LPath
K160G,0.8497,LPath
K160H,0.5414,Amb
K160I,0.8243,LPath
K160L,0.6897,LPath
K160M,0.5772,LPath
K160N,0.5986,LPath
K160P,0.9885,LPath
K160Q,0.3521,Amb
K160R,0.1325,LBen
K160S,0.8071,LPath
K160T,0.6311,LPath
K160V,0.7693,LPath
K160W,0.9557,LPath
K160Y,0.8546,LPath
Y161A,0.997,LPath
Y161C,0.9944,LPath
Y161D,0.9955,LPath
Y161E,0.999,LPath
Y161F,0.6766,LPath
Y161G,0.9853,LPath
Y161H,0.998,LPath
Y161I,0.9925,LPath
Y161K,0.9991,LPath
Y161L,0.9626,LPath
Y161M,0.989,LPath
Y161N,0.9881,LPath
Y161P,0.9984,LPath
Y161Q,0.9994,LPath
Y161R,0.9976,LPath
Y161S,0.9935,LPath
Y161T,0.9975,LPath
Y161V,0.9829,LPath
Y161W,0.9494,LPath
D162A,0.7872,LPath
D162C,0.9806,LPath
D162E,0.5063,Amb
D162F,0.9878,LPath
D162G,0.809,LPath
D162H,0.9339,LPath
D162I,0.9726,LPath
D162K,0.9564,LPath
D162L,0.9419,LPath
D162M,0.981,LPath
D162N,0.4988,Amb
D162P,0.9962,LPath
D162Q,0.8976,LPath
D162R,0.9467,LPath
D162S,0.6313,LPath
D162T,0.9049,LPath
D162V,0.9202,LPath
D162W,0.9968,LPath
D162Y,0.9374,LPath
D163A,0.6457,LPath
D163C,0.9449,LPath
D163E,0.6337,LPath
D163F,0.9629,LPath
D163G,0.6945,LPath
D163H,0.7867,LPath
D163I,0.9385,LPath
D163K,0.9059,LPath
D163L,0.8988,LPath
D163M,0.9572,LPath
D163N,0.2778,LBen
D163P,0.9956,LPath
D163Q,0.8527,LPath
D163R,0.9109,LPath
D163S,0.4159,Amb
D163T,0.7114,LPath
D163V,0.845,LPath
D163W,0.9946,LPath
D163Y,0.8295,LPath
I164A,0.9978,LPath
I164C,0.9994,LPath
I164D,0.9996,LPath
I164E,0.9992,LPath
I164F,0.9865,LPath
I164G,0.9998,LPath
I164H,0.9994,LPath
I164K,0.9991,LPath
I164L,0.9589,LPath
I164M,0.9707,LPath
I164N,0.9968,LPath
I164P,0.9982,LPath
I164Q,0.9995,LPath
I164R,0.9982,LPath
I164S,0.9962,LPath
I164T,0.9962,LPath
I164V,0.8031,LPath
I164W,0.9993,LPath
I164Y,0.9969,LPath
P165A,0.7923,LPath
P165C,0.9919,LPath
P165D,0.9865,LPath
P165E,0.9637,LPath
P165F,0.9959,LPath
P165G,0.9862,LPath
P165H,0.9621,LPath
P165I,0.9797,LPath
P165K,0.9729,LPath
P165L,0.8555,LPath
P165M,0.9729,LPath
P165N,0.9861,LPath
P165Q,0.9438,LPath
P165R,0.9407,LPath
P165S,0.9522,LPath
P165T,0.9319,LPath
P165V,0.9516,LPath
P165W,0.9974,LPath
P165Y,0.995,LPath
V166A,0.9652,LPath
V166C,0.9605,LPath
V166D,0.9994,LPath
V166E,0.9976,LPath
V166F,0.9685,LPath
V166G,0.984,LPath
V166H,0.999,LPath
V166I,0.3024,LBen
V166K,0.9976,LPath
V166L,0.9775,LPath
V166M,0.9427,LPath
V166N,0.9976,LPath
V166P,0.9991,LPath
V166Q,0.9963,LPath
V166R,0.9951,LPath
V166S,0.9765,LPath
V166T,0.894,LPath
V166W,0.9991,LPath
V166Y,0.9971,LPath
E167A,0.7815,LPath
E167C,0.9885,LPath
E167D,0.4243,Amb
E167F,0.988,LPath
E167G,0.9232,LPath
E167H,0.9441,LPath
E167I,0.9201,LPath
E167K,0.8834,LPath
E167L,0.9431,LPath
E167M,0.9281,LPath
E167N,0.8576,LPath
E167P,0.9993,LPath
E167Q,0.6502,LPath
E167R,0.9235,LPath
E167S,0.7541,LPath
E167T,0.7904,LPath
E167V,0.7858,LPath
E167W,0.9969,LPath
E167Y,0.9793,LPath
A168C,0.729,LPath
A168D,0.9899,LPath
A168E,0.9581,LPath
A168F,0.8982,LPath
A168G,0.6915,LPath
A168H,0.9702,LPath
A168I,0.7069,LPath
A168K,0.9683,LPath
A168L,0.6875,LPath
A168M,0.6309,LPath
A168N,0.9419,LPath
A168P,0.9871,LPath
A168Q,0.8872,LPath
A168R,0.9499,LPath
A168S,0.3831,Amb
A168T,0.4171,Amb
A168V,0.3916,Amb
A168W,0.9894,LPath
A168Y,0.9423,LPath
T169A,0.7747,LPath
T169C,0.9773,LPath
T169D,0.9664,LPath
T169E,0.9791,LPath
T169F,0.9877,LPath
T169G,0.8322,LPath
T169H,0.9322,LPath
T169I,0.9868,LPath
T169K,0.9608,LPath
T169L,0.9391,LPath
T169M,0.8543,LPath
T169N,0.8298,LPath
T169P,0.9801,LPath
T169Q,0.9454,LPath
T169R,0.9613,LPath
T169S,0.2845,LBen
T169V,0.9369,LPath
T169W,0.9952,LPath
T169Y,0.9829,LPath
G170A,0.9551,LPath
G170C,0.995,LPath
G170D,0.9955,LPath
G170E,0.9987,LPath
G170F,0.9992,LPath
G170H,0.9994,LPath
G170I,0.999,LPath
G170K,0.9993,LPath
G170L,0.9985,LPath
G170M,0.9993,LPath
G170N,0.9967,LPath
G170P,0.9988,LPath
G170Q,0.9986,LPath
G170R,0.9981,LPath
G170S,0.953,LPath
G170T,0.9946,LPath
G170V,0.9974,LPath
G170W,0.9992,LPath
G170Y,0.9991,LPath
S171A,0.0708,LBen
S171C,0.0709,LBen
S171D,0.1407,LBen
S171E,0.1947,LBen
S171F,0.1627,LBen
S171G,0.0699,LBen
S171H,0.1112,LBen
S171I,0.0906,LBen
S171K,0.2388,LBen
S171L,0.0878,LBen
S171M,0.109,LBen
S171N,0.0513,LBen
S171P,0.1904,LBen
S171Q,0.1485,LBen
S171R,0.2551,LBen
S171T,0.0621,LBen
S171V,0.0861,LBen
S171W,0.3165,LBen
S171Y,0.1318,LBen
N172A,0.1382,LBen
N172C,0.1945,LBen
N172D,0.0729,LBen
N172E,0.2281,LBen
N172F,0.427,Amb
N172G,0.1534,LBen
N172H,0.1127,LBen
N172I,0.2582,LBen
N172K,0.3143,LBen
N172L,0.2186,LBen
N172M,0.3129,LBen
N172P,0.634,LPath
N172Q,0.2204,LBen
N172R,0.3317,LBen
N172S,0.0691,LBen
N172T,0.1166,LBen
N172V,0.2027,LBen
N172W,0.7576,LPath
N172Y,0.2107,LBen
C173A,0.3307,LBen
C173D,0.9327,LPath
C173E,0.9433,LPath
C173F,0.4906,Amb
C173G,0.3387,LBen
C173H,0.8182,LPath
C173I,0.3929,Amb
C173K,0.9373,LPath
C173L,0.5861,LPath
C173M,0.7205,LPath
C173N,0.7125,LPath
C173P,0.4674,Amb
C173Q,0.8372,LPath
C173R,0.7927,LPath
C173S,0.2612,LBen
C173T,0.4155,Amb
C173V,0.2936,LBen
C173W,0.8362,LPath
C173Y,0.6313,LPath
P174A,0.4139,Amb
P174C,0.8416,LPath
P174D,0.9624,LPath
P174E,0.8848,LPath
P174F,0.9075,LPath
P174G,0.8673,LPath
P174H,0.7991,LPath
P174I,0.606,LPath
P174K,0.9187,LPath
P174L,0.4388,Amb
P174M,0.7697,LPath
P174N,0.9306,LPath
P174Q,0.758,LPath
P174R,0.8381,LPath
P174S,0.6713,LPath
P174T,0.6022,LPath
P174V,0.5002,Amb
P174W,0.974,LPath
P174Y,0.932,LPath
P175A,0.0536,LBen
P175C,0.2152,LBen
P175D,0.1847,LBen
P175E,0.12,LBen
P175F,0.2851,LBen
P175G,0.1435,LBen
P175H,0.0971,LBen
P175I,0.1648,LBen
P175K,0.1438,LBen
P175L,0.0833,LBen
P175M,0.1575,LBen
P175N,0.1254,LBen
P175Q,0.0694,LBen
P175R,0.116,LBen
P175S,0.069,LBen
P175T,0.0716,LBen
P175V,0.1106,LBen
P175W,0.4587,Amb
P175Y,0.2563,LBen
H176A,0.1673,LBen
H176C,0.1065,LBen
H176D,0.3118,LBen
H176E,0.3791,Amb
H176F,0.2619,LBen
H176G,0.2128,LBen
H176I,0.4001,Amb
H176K,0.3582,Amb
H176L,0.1987,LBen
H176M,0.4544,Amb
H176N,0.0939,LBen
H176P,0.087,LBen
H176Q,0.2008,LBen
H176R,0.172,LBen
H176S,0.1573,LBen
H176T,0.2649,LBen
H176V,0.2982,LBen
H176W,0.5198,Amb
H176Y,0.127,LBen
I177A,0.5971,LPath
I177C,0.8423,LPath
I177D,0.9969,LPath
I177E,0.991,LPath
I177F,0.7372,LPath
I177G,0.9623,LPath
I177H,0.991,LPath
I177K,0.9894,LPath
I177L,0.2816,LBen
I177M,0.2572,LBen
I177N,0.9719,LPath
I177P,0.9735,LPath
I177Q,0.9822,LPath
I177R,0.9756,LPath
I177S,0.8279,LPath
I177T,0.507,Amb
I177V,0.1002,LBen
I177W,0.9889,LPath
I177Y,0.98,LPath
E178A,0.2044,LBen
E178C,0.7436,LPath
E178D,0.097,LBen
E178F,0.8067,LPath
E178G,0.1759,LBen
E178H,0.4088,Amb
E178I,0.4839,Amb
E178K,0.2452,LBen
E178L,0.4411,Amb
E178M,0.5145,Amb
E178N,0.1801,LBen
E178P,0.7383,LPath
E178Q,0.1493,LBen
E178R,0.3471,Amb
E178S,0.1656,LBen
E178T,0.2069,LBen
E178V,0.3111,LBen
E178W,0.8984,LPath
E178Y,0.6263,LPath
N179A,0.1052,LBen
N179C,0.0918,LBen
N179D,0.0876,LBen
N179E,0.2287,LBen
N179F,0.328,LBen
N179G,0.1338,LBen
N179H,0.0735,LBen
N179I,0.1628,LBen
N179K,0.1687,LBen
N179L,0.1554,LBen
N179M,0.177,LBen
N179P,0.8553,LPath
N179Q,0.1635,LBen
N179R,0.1768,LBen
N179S,0.0572,LBen
N179T,0.0639,LBen
N179V,0.1416,LBen
N179W,0.5581,Amb
N179Y,0.1167,LBen
F180A,0.9979,LPath
F180C,0.9954,LPath
F180D,0.999,LPath
F180E,0.9995,LPath
F180G,0.9986,LPath
F180H,0.9956,LPath
F180I,0.9715,LPath
F180K,0.9994,LPath
F180L,0.9968,LPath
F180M,0.9866,LPath
F180N,0.9981,LPath
F180P,0.9995,LPath
F180Q,0.9992,LPath
F180R,0.9985,LPath
F180S,0.9976,LPath
F180T,0.9976,LPath
F180V,0.9765,LPath
F180W,0.9028,LPath
F180Y,0.7845,LPath
S181A,0.0657,LBen
S181C,0.071,LBen
S181D,0.1436,LBen
S181E,0.2067,LBen
S181F,0.1763,LBen
S181G,0.0668,LBen
S181H,0.0975,LBen
S181I,0.1285,LBen
S181K,0.1801,LBen
S181L,0.099,LBen
S181M,0.1411,LBen
S181N,0.0687,LBen
S181P,0.2698,LBen
S181Q,0.1602,LBen
S181R,0.153,LBen
S181T,0.0663,LBen
S181V,0.1218,LBen
S181W,0.2381,LBen
S181Y,0.126,LBen
D182A,0.2675,LBen
D182C,0.7124,LPath
D182E,0.1863,LBen
D182F,0.8409,LPath
D182G,0.3275,LBen
D182H,0.4191,Amb
D182I,0.7504,LPath
D182K,0.6918,LPath
D182L,0.7281,LPath
D182M,0.7577,LPath
D182N,0.1454,LBen
D182P,0.972,LPath
D182Q,0.396,Amb
D182R,0.7305,LPath
D182S,0.1436,LBen
D182T,0.3735,Amb
D182V,0.5064,Amb
D182W,0.9729,LPath
D182Y,0.5559,Amb
I183A,0.1618,LBen
I183C,0.4232,Amb
I183D,0.7237,LPath
I183E,0.6107,LPath
I183F,0.2292,LBen
I183G,0.4847,Amb
I183H,0.6598,LPath
I183K,0.6422,LPath
I183L,0.088,LBen
I183M,0.0781,LBen
I183N,0.3734,Amb
I183P,0.8072,LPath
I183Q,0.5411,Amb
I183R,0.5336,Amb
I183S,0.2244,LBen
I183T,0.0984,LBen
I183V,0.0512,LBen
I183W,0.8348,LPath
I183Y,0.682,LPath
D184A,0.116,LBen
D184C,0.3576,Amb
D184E,0.083,LBen
D184F,0.5664,LPath
D184G,0.1361,LBen
D184H,0.1838,LBen
D184I,0.3021,LBen
D184K,0.2118,LBen
D184L,0.3064,LBen
D184M,0.4454,Amb
D184N,0.0882,LBen
D184P,0.2809,LBen
D184Q,0.1496,LBen
D184R,0.2473,LBen
D184S,0.0916,LBen
D184T,0.1566,LBen
D184V,0.1769,LBen
D184W,0.8148,LPath
D184Y,0.2662,LBen
M185A,0.8669,LPath
M185C,0.8783,LPath
M185D,0.9942,LPath
M185E,0.9835,LPath
M185F,0.437,Amb
M185G,0.9573,LPath
M185H,0.9782,LPath
M185I,0.6323,LPath
M185K,0.9571,LPath
M185L,0.1293,LBen
M185N,0.9714,LPath
M185P,0.9751,LPath
M185Q,0.9488,LPath
M185R,0.9586,LPath
M185S,0.9377,LPath
M185T,0.7273,LPath
M185V,0.2106,LBen
M185W,0.9292,LPath
M185Y,0.9311,LPath
G186A,0.5149,Amb
G186C,0.6618,LPath
G186D,0.7788,LPath
G186E,0.8572,LPath
G186F,0.9828,LPath
G186H,0.8863,LPath
G186I,0.982,LPath
G186K,0.9642,LPath
G186L,0.959,LPath
G186M,0.9566,LPath
G186N,0.751,LPath
G186P,0.9696,LPath
G186Q,0.8961,LPath
G186R,0.9454,LPath
G186S,0.3121,LBen
G186T,0.6239,LPath
G186V,0.9346,LPath
G186W,0.9587,LPath
G186Y,0.9605,LPath
E187A,0.1487,LBen
E187C,0.7275,LPath
E187D,0.0777,LBen
E187F,0.8036,LPath
E187G,0.1581,LBen
E187H,0.3787,Amb
E187I,0.4353,Amb
E187K,0.1556,LBen
E187L,0.4674,Amb
E187M,0.48,Amb
E187N,0.1766,LBen
E187P,0.3019,LBen
E187Q,0.1312,LBen
E187R,0.2579,LBen
E187S,0.1524,LBen
E187T,0.2107,LBen
E187V,0.254,LBen
E187W,0.8887,LPath
E187Y,0.6176,LPath
I188A,0.9368,LPath
I188C,0.9585,LPath
I188D,0.9941,LPath
I188E,0.9866,LPath
I188F,0.8007,LPath
I188G,0.9845,LPath
I188H,0.9795,LPath
I188K,0.9775,LPath
I188L,0.3307,LBen
I188M,0.3717,Amb
I188N,0.9131,LPath
I188P,0.9789,LPath
I188Q,0.9812,LPath
I188R,0.9682,LPath
I188S,0.9543,LPath
I188T,0.9131,LPath
I188V,0.2293,LBen
I188W,0.9834,LPath
I188Y,0.9577,LPath
I189A,0.8174,LPath
I189C,0.8791,LPath
I189D,0.9982,LPath
I189E,0.9954,LPath
I189F,0.8326,LPath
I189G,0.9833,LPath
I189H,0.9936,LPath
I189K,0.995,LPath
I189L,0.2923,LBen
I189M,0.2589,LBen
I189N,0.9644,LPath
I189P,0.99,LPath
I189Q,0.9865,LPath
I189R,0.9919,LPath
I189S,0.8929,LPath
I189T,0.7114,LPath
I189V,0.0785,LBen
I189W,0.997,LPath
I189Y,0.9895,LPath
M190A,0.318,LBen
M190C,0.5934,LPath
M190D,0.8642,LPath
M190E,0.4995,Amb
M190F,0.4742,Amb
M190G,0.5671,LPath
M190H,0.4672,Amb
M190I,0.4685,Amb
M190K,0.1695,LBen
M190L,0.1313,LBen
M190N,0.494,Amb
M190P,0.9577,LPath
M190Q,0.2106,LBen
M190R,0.1582,LBen
M190S,0.3521,Amb
M190T,0.2012,LBen
M190V,0.1318,LBen
M190W,0.6983,LPath
M190Y,0.6793,LPath
G191A,0.1143,LBen
G191C,0.1628,LBen
G191D,0.2449,LBen
G191E,0.1911,LBen
G191F,0.573,LPath
G191H,0.2473,LBen
G191I,0.4103,Amb
G191K,0.2656,LBen
G191L,0.393,Amb
G191M,0.4253,Amb
G191N,0.2098,LBen
G191P,0.9714,LPath
G191Q,0.1917,LBen
G191R,0.1877,LBen
G191S,0.0929,LBen
G191T,0.1364,LBen
G191V,0.2618,LBen
G191W,0.3983,Amb
G191Y,0.3737,Amb
N192A,0.874,LPath
N192C,0.4909,Amb
N192D,0.9659,LPath
N192E,0.9911,LPath
N192F,0.9968,LPath
N192G,0.886,LPath
N192H,0.881,LPath
N192I,0.9501,LPath
N192K,0.9937,LPath
N192L,0.9391,LPath
N192M,0.9584,LPath
N192P,0.9892,LPath
N192Q,0.9783,LPath
N192R,0.9895,LPath
N192S,0.3293,LBen
N192T,0.7723,LPath
N192V,0.8853,LPath
N192W,0.9987,LPath
N192Y,0.9729,LPath
I193A,0.7544,LPath
I193C,0.9379,LPath
I193D,0.999,LPath
I193E,0.9946,LPath
I193F,0.9099,LPath
I193G,0.9873,LPath
I193H,0.9962,LPath
I193K,0.9861,LPath
I193L,0.3412,Amb
I193M,0.3297,LBen
I193N,0.9859,LPath
I193P,0.9947,LPath
I193Q,0.9897,LPath
I193R,0.9761,LPath
I193S,0.9228,LPath
I193T,0.4403,Amb
I193V,0.0712,LBen
I193W,0.9962,LPath
I193Y,0.9919,LPath
E194A,0.0783,LBen
E194C,0.4345,Amb
E194D,0.1175,LBen
E194F,0.4984,Amb
E194G,0.1009,LBen
E194H,0.174,LBen
E194I,0.2141,LBen
E194K,0.0788,LBen
E194L,0.2036,LBen
E194M,0.2372,LBen
E194N,0.1289,LBen
E194P,0.7688,LPath
E194Q,0.0638,LBen
E194R,0.1122,LBen
E194S,0.094,LBen
E194T,0.098,LBen
E194V,0.139,LBen
E194W,0.6902,LPath
E194Y,0.3397,LBen
L195A,0.5011,Amb
L195C,0.5111,Amb
L195D,0.9225,LPath
L195E,0.6996,LPath
L195F,0.2161,LBen
L195G,0.7538,LPath
L195H,0.3008,LBen
L195I,0.3284,LBen
L195K,0.1926,LBen
L195M,0.1258,LBen
L195N,0.6553,LPath
L195P,0.9803,LPath
L195Q,0.201,LBen
L195R,0.1339,LBen
L195S,0.6578,LPath
L195T,0.6883,LPath
L195V,0.3251,LBen
L195W,0.3247,LBen
L195Y,0.3224,LBen
T196A,0.0948,LBen
T196C,0.2073,LBen
T196D,0.9395,LPath
T196E,0.9038,LPath
T196F,0.7761,LPath
T196G,0.3799,Amb
T196H,0.7511,LPath
T196I,0.5499,Amb
T196K,0.8925,LPath
T196L,0.2397,LBen
T196M,0.1504,LBen
T196N,0.4119,Amb
T196P,0.8401,LPath
T196Q,0.7,LPath
T196R,0.8215,LPath
T196S,0.1244,LBen
T196V,0.3202,LBen
T196W,0.9549,LPath
T196Y,0.8277,LPath
R197A,0.4001,Amb
R197C,0.1275,LBen
R197D,0.4855,Amb
R197E,0.3814,Amb
R197F,0.6493,LPath
R197G,0.125,LBen
R197H,0.0738,LBen
R197I,0.6967,LPath
R197K,0.1112,LBen
R197L,0.3865,Amb
R197M,0.5096,Amb
R197N,0.3433,Amb
R197P,0.8669,LPath
R197Q,0.0991,LBen
R197S,0.3585,Amb
R197T,0.4119,Amb
R197V,0.6536,LPath
R197W,0.3022,LBen
R197Y,0.3754,Amb
Y198A,0.9972,LPath
Y198C,0.96,LPath
Y198D,0.9953,LPath
Y198E,0.9992,LPath
Y198F,0.3192,LBen
Y198G,0.9894,LPath
Y198H,0.9909,LPath
Y198I,0.9863,LPath
Y198K,0.9988,LPath
Y198L,0.9638,LPath
Y198M,0.9874,LPath
Y198N,0.9838,LPath
Y198P,0.999,LPath
Y198Q,0.9987,LPath
Y198R,0.9967,LPath
Y198S,0.9889,LPath
Y198T,0.997,LPath
Y198V,0.9786,LPath
Y198W,0.9012,LPath
T199A,0.0947,LBen
T199C,0.2842,LBen
T199D,0.278,LBen
T199E,0.2705,LBen
T199F,0.3487,Amb
T199G,0.1993,LBen
T199H,0.1951,LBen
T199I,0.2137,LBen
T199K,0.1678,LBen
T199L,0.1178,LBen
T199M,0.1124,LBen
T199N,0.1091,LBen
T199P,0.2824,LBen
T199Q,0.1677,LBen
T199R,0.1508,LBen
T199S,0.0883,LBen
T199V,0.1409,LBen
T199W,0.6577,LPath
T199Y,0.3608,Amb
R200A,0.6736,LPath
R200C,0.1574,LBen
R200D,0.9182,LPath
R200E,0.6946,LPath
R200F,0.7805,LPath
R200G,0.6543,LPath
R200H,0.1292,LBen
R200I,0.4393,Amb
R200K,0.11,LBen
R200L,0.4635,Amb
R200M,0.5186,Amb
R200N,0.7638,LPath
R200P,0.9849,LPath
R200Q,0.1407,LBen
R200S,0.6731,LPath
R200T,0.4131,Amb
R200V,0.4489,Amb
R200W,0.4404,Amb
R200Y,0.6013,LPath
P201A,0.8628,LPath
P201C,0.9773,LPath
P201D,0.9999,LPath
P201E,0.9995,LPath
P201F,0.9992,LPath
P201G,0.9949,LPath
P201H,0.9989,LPath
P201I,0.9905,LPath
P201K,0.9995,LPath
P201L,0.8762,LPath
P201M,0.9854,LPath
P201N,0.9995,LPath
P201Q,0.9981,LPath
P201R,0.9981,LPath
P201S,0.9944,LPath
P201T,0.9898,LPath
P201V,0.975,LPath
P201W,0.9998,LPath
P201Y,0.9995,LPath
T202A,0.9562,LPath
T202C,0.9935,LPath
T202D,0.9989,LPath
T202E,0.9984,LPath
T202F,0.9921,LPath
T202G,0.9899,LPath
T202H,0.991,LPath
T202I,0.991,LPath
T202K,0.9927,LPath
T202L,0.9116,LPath
T202M,0.9471,LPath
T202N,0.9865,LPath
T202P,0.9037,LPath
T202Q,0.9964,LPath
T202R,0.9906,LPath
T202S,0.9342,LPath
T202V,0.9716,LPath
T202W,0.9988,LPath
T202Y,0.9966,LPath
P203A,0.9529,LPath
P203C,0.9979,LPath
P203D,0.9996,LPath
P203E,0.9988,LPath
P203F,0.9995,LPath
P203G,0.9974,LPath
P203H,0.9977,LPath
P203I,0.9964,LPath
P203K,0.999,LPath
P203L,0.9855,LPath
P203M,0.9976,LPath
P203N,0.999,LPath
P203Q,0.9978,LPath
P203R,0.9954,LPath
P203S,0.9926,LPath
P203T,0.9924,LPath
P203V,0.9875,LPath
P203W,0.9998,LPath
P203Y,0.9994,LPath
V204A,0.9933,LPath
V204C,0.9951,LPath
V204D,0.9999,LPath
V204E,0.9994,LPath
V204F,0.9951,LPath
V204G,0.9953,LPath
V204H,0.9999,LPath
V204I,0.2761,LBen
V204K,0.9997,LPath
V204L,0.9841,LPath
V204M,0.9871,LPath
V204N,0.9993,LPath
V204P,0.9976,LPath
V204Q,0.9994,LPath
V204R,0.9989,LPath
V204S,0.9949,LPath
V204T,0.9893,LPath
V204W,0.9999,LPath
V204Y,0.9996,LPath
Q205A,0.9724,LPath
Q205C,0.9992,LPath
Q205D,0.9998,LPath
Q205E,0.9386,LPath
Q205F,0.9996,LPath
Q205G,0.9773,LPath
Q205H,0.9995,LPath
Q205I,0.9951,LPath
Q205K,0.9971,LPath
Q205L,0.984,LPath
Q205M,0.9497,LPath
Q205N,0.9968,LPath
Q205P,0.9989,LPath
Q205R,0.9983,LPath
Q205S,0.9773,LPath
Q205T,0.9884,LPath
Q205V,0.9924,LPath
Q205W,0.9999,LPath
Q205Y,0.9999,LPath
K206A,0.9711,LPath
K206C,0.9641,LPath
K206D,0.9978,LPath
K206E,0.9861,LPath
K206F,0.998,LPath
K206G,0.9756,LPath
K206H,0.9459,LPath
K206I,0.9892,LPath
K206L,0.9755,LPath
K206M,0.9472,LPath
K206N,0.9907,LPath
K206P,0.9993,LPath
K206Q,0.812,LPath
K206R,0.1632,LBen
K206S,0.9821,LPath
K206T,0.9673,LPath
K206V,0.9791,LPath
K206W,0.9965,LPath
K206Y,0.9899,LPath
H207A,0.8743,LPath
H207C,0.334,LBen
H207D,0.936,LPath
H207E,0.9408,LPath
H207F,0.2059,LBen
H207G,0.9054,LPath
H207I,0.8603,LPath
H207K,0.9394,LPath
H207L,0.6022,LPath
H207M,0.8615,LPath
H207N,0.3674,Amb
H207P,0.9737,LPath
H207Q,0.7831,LPath
H207R,0.7914,LPath
H207S,0.7333,LPath
H207T,0.8828,LPath
H207V,0.8097,LPath
H207W,0.3895,Amb
H207Y,0.0487,LBen
A208C,0.9452,LPath
A208D,0.9997,LPath
A208E,0.9995,LPath
A208F,0.9986,LPath
A208G,0.5699,LPath
A208H,0.9994,LPath
A208I,0.9957,LPath
A208K,0.9999,LPath
A208L,0.9861,LPath
A208M,0.9908,LPath
A208N,0.9981,LPath
A208P,0.9998,LPath
A208Q,0.9979,LPath
A208R,0.9994,LPath
A208S,0.3301,LBen
A208T,0.8922,LPath
A208V,0.9751,LPath
A208W,0.9999,LPath
A208Y,0.9996,LPath
I209A,0.9726,LPath
I209C,0.9822,LPath
I209D,0.9999,LPath
I209E,0.9996,LPath
I209F,0.736,LPath
I209G,0.9971,LPath
I209H,0.9988,LPath
I209K,0.9992,LPath
I209L,0.2532,LBen
I209M,0.3434,Amb
I209N,0.9954,LPath
I209P,0.999,LPath
I209Q,0.9983,LPath
I209R,0.9986,LPath
I209S,0.985,LPath
I209T,0.9795,LPath
I209V,0.182,LBen
I209W,0.9964,LPath
I209Y,0.9881,LPath
P210A,0.6844,LPath
P210C,0.964,LPath
P210D,0.9962,LPath
P210E,0.9928,LPath
P210F,0.9987,LPath
P210G,0.9229,LPath
P210H,0.9797,LPath
P210I,0.9915,LPath
P210K,0.9919,LPath
P210L,0.9593,LPath
P210M,0.9895,LPath
P210N,0.9823,LPath
P210Q,0.9659,LPath
P210R,0.9744,LPath
P210S,0.8071,LPath
P210T,0.7953,LPath
P210V,0.9555,LPath
P210W,0.9992,LPath
P210Y,0.9979,LPath
I211A,0.8512,LPath
I211C,0.9523,LPath
I211D,0.999,LPath
I211E,0.9982,LPath
I211F,0.8978,LPath
I211G,0.9901,LPath
I211H,0.9973,LPath
I211K,0.9986,LPath
I211L,0.6075,LPath
I211M,0.5734,LPath
I211N,0.9776,LPath
I211P,0.9959,LPath
I211Q,0.9964,LPath
I211R,0.9965,LPath
I211S,0.9217,LPath
I211T,0.8127,LPath
I211V,0.1135,LBen
I211W,0.9981,LPath
I211Y,0.9923,LPath
I212A,0.8611,LPath
I212C,0.9145,LPath
I212D,0.9989,LPath
I212E,0.9966,LPath
I212F,0.9004,LPath
I212G,0.9725,LPath
I212H,0.9969,LPath
I212K,0.9969,LPath
I212L,0.4215,Amb
I212M,0.4303,Amb
I212N,0.972,LPath
I212P,0.9973,LPath
I212Q,0.9923,LPath
I212R,0.9949,LPath
I212S,0.9012,LPath
I212T,0.8053,LPath
I212V,0.1113,LBen
I212W,0.9982,LPath
I212Y,0.9942,LPath
K213A,0.4293,Amb
K213C,0.5654,LPath
K213D,0.8774,LPath
K213E,0.3916,Amb
K213F,0.8531,LPath
K213G,0.6388,LPath
K213H,0.4076,Amb
K213I,0.4133,Amb
K213L,0.3066,LBen
K213M,0.229,LBen
K213N,0.7027,LPath
K213P,0.9833,LPath
K213Q,0.1465,LBen
K213R,0.0849,LBen
K213S,0.5447,Amb
K213T,0.2561,LBen
K213V,0.3798,Amb
K213W,0.8025,LPath
K213Y,0.7473,LPath
G214A,0.0755,LBen
G214C,0.1379,LBen
G214D,0.1364,LBen
G214E,0.0775,LBen
G214F,0.4585,Amb
G214H,0.2367,LBen
G214I,0.2618,LBen
G214K,0.2751,LBen
G214L,0.2011,LBen
G214M,0.2092,LBen
G214N,0.126,LBen
G214P,0.9555,LPath
G214Q,0.1156,LBen
G214R,0.2456,LBen
G214S,0.075,LBen
G214T,0.1067,LBen
G214V,0.163,LBen
G214W,0.4087,Amb
G214Y,0.3052,LBen
K215A,0.5219,Amb
K215C,0.5407,Amb
K215D,0.5001,Amb
K215E,0.2185,LBen
K215F,0.8902,LPath
K215G,0.203,LBen
K215H,0.2398,LBen
K215I,0.847,LPath
K215L,0.6199,LPath
K215M,0.4506,Amb
K215N,0.3441,Amb
K215P,0.843,LPath
K215Q,0.1031,LBen
K215R,0.0754,LBen
K215S,0.3746,Amb
K215T,0.3923,Amb
K215V,0.7484,LPath
K215W,0.8301,LPath
K215Y,0.7366,LPath
R216A,0.986,LPath
R216C,0.8059,LPath
R216D,0.9931,LPath
R216E,0.9638,LPath
R216F,0.9931,LPath
R216G,0.9589,LPath
R216H,0.6441,LPath
R216I,0.9839,LPath
R216K,0.5744,LPath
R216L,0.9629,LPath
R216M,0.9801,LPath
R216N,0.9769,LPath
R216P,0.9992,LPath
R216Q,0.6069,LPath
R216S,0.9869,LPath
R216T,0.9826,LPath
R216V,0.9795,LPath
R216W,0.9091,LPath
R216Y,0.9608,LPath
D217A,0.9983,LPath
D217C,0.9996,LPath
D217E,0.9979,LPath
D217F,0.9998,LPath
D217G,0.9972,LPath
D217H,0.9989,LPath
D217I,0.9998,LPath
D217K,0.9997,LPath
D217L,0.9996,LPath
D217M,0.9999,LPath
D217N,0.9802,LPath
D217P,0.9995,LPath
D217Q,0.9996,LPath
D217R,0.9996,LPath
D217S,0.9929,LPath
D217T,0.9993,LPath
D217V,0.9993,LPath
D217W,1.0,LPath
D217Y,0.9982,LPath
L218A,0.9738,LPath
L218C,0.9338,LPath
L218D,0.9999,LPath
L218E,0.9993,LPath
L218F,0.9889,LPath
L218G,0.997,LPath
L218H,0.9993,LPath
L218I,0.3058,LBen
L218K,0.9991,LPath
L218M,0.5208,Amb
L218N,0.9987,LPath
L218P,0.9999,LPath
L218Q,0.9977,LPath
L218R,0.9984,LPath
L218S,0.9973,LPath
L218T,0.9753,LPath
L218V,0.2304,LBen
L218W,0.9996,LPath
L218Y,0.9992,LPath
M219A,0.9982,LPath
M219C,0.9938,LPath
M219D,1.0,LPath
M219E,0.9997,LPath
M219F,0.9861,LPath
M219G,0.9992,LPath
M219H,0.9996,LPath
M219I,0.9986,LPath
M219K,0.9996,LPath
M219L,0.9318,LPath
M219N,0.9996,LPath
M219P,0.9999,LPath
M219Q,0.9973,LPath
M219R,0.9995,LPath
M219S,0.9989,LPath
M219T,0.9996,LPath
M219V,0.971,LPath
M219W,0.9996,LPath
M219Y,0.9992,LPath
A220C,0.9675,LPath
A220D,0.9997,LPath
A220E,0.9995,LPath
A220F,0.9983,LPath
A220G,0.59,LPath
A220H,0.9997,LPath
A220I,0.9975,LPath
A220K,0.9999,LPath
A220L,0.9833,LPath
A220M,0.9955,LPath
A220N,0.9988,LPath
A220P,0.9997,LPath
A220Q,0.9986,LPath
A220R,0.999,LPath
A220S,0.5752,LPath
A220T,0.9819,LPath
A220V,0.9862,LPath
A220W,0.9999,LPath
A220Y,0.9994,LPath
C221A,0.9826,LPath
C221D,0.9999,LPath
C221E,1.0,LPath
C221F,0.9977,LPath
C221G,0.9922,LPath
C221H,0.9998,LPath
C221I,0.9948,LPath
C221K,1.0,LPath
C221L,0.9936,LPath
C221M,0.9946,LPath
C221N,0.9993,LPath
C221P,0.9999,LPath
C221Q,0.9999,LPath
C221R,0.9996,LPath
C221S,0.9893,LPath
C221T,0.9926,LPath
C221V,0.9721,LPath
C221W,0.9996,LPath
C221Y,0.9997,LPath
A222C,0.971,LPath
A222D,0.9998,LPath
A222E,0.999,LPath
A222F,0.9974,LPath
A222G,0.9688,LPath
A222H,0.999,LPath
A222I,0.9994,LPath
A222K,0.9998,LPath
A222L,0.9881,LPath
A222M,0.998,LPath
A222N,0.9993,LPath
A222P,0.9989,LPath
A222Q,0.9961,LPath
A222R,0.9945,LPath
A222S,0.7672,LPath
A222T,0.9955,LPath
A222V,0.9981,LPath
A222W,0.9995,LPath
A222Y,0.9989,LPath
Q223A,0.8889,LPath
Q223C,0.9995,LPath
Q223D,0.997,LPath
Q223E,0.8354,LPath
Q223F,0.9987,LPath
Q223G,0.9506,LPath
Q223H,0.9993,LPath
Q223I,0.9961,LPath
Q223K,0.9884,LPath
Q223L,0.9859,LPath
Q223M,0.9587,LPath
Q223N,0.986,LPath
Q223P,0.9703,LPath
Q223R,0.9876,LPath
Q223S,0.8732,LPath
Q223T,0.9531,LPath
Q223V,0.9866,LPath
Q223W,0.9997,LPath
Q223Y,0.9996,LPath
T224A,0.9955,LPath
T224C,0.9996,LPath
T224D,0.9975,LPath
T224E,0.9944,LPath
T224F,0.9981,LPath
T224G,0.9936,LPath
T224H,0.9972,LPath
T224I,0.9988,LPath
T224K,0.9962,LPath
T224L,0.9964,LPath
T224M,0.9937,LPath
T224N,0.9947,LPath
T224P,0.9915,LPath
T224Q,0.9987,LPath
T224R,0.9963,LPath
T224S,0.9931,LPath
T224V,0.9944,LPath
T224W,0.9991,LPath
T224Y,0.9985,LPath
G225A,0.9954,LPath
G225C,0.9979,LPath
G225D,0.9997,LPath
G225E,0.9998,LPath
G225F,0.9997,LPath
G225H,0.9999,LPath
G225I,0.9995,LPath
G225K,0.9999,LPath
G225L,0.9993,LPath
G225M,0.9998,LPath
G225N,0.9996,LPath
G225P,0.9996,LPath
G225Q,0.9998,LPath
G225R,0.9992,LPath
G225S,0.9887,LPath
G225T,0.9987,LPath
G225V,0.9985,LPath
G225W,0.9998,LPath
G225Y,0.9998,LPath
S226A,0.944,LPath
S226C,0.9778,LPath
S226D,0.9994,LPath
S226E,0.9985,LPath
S226F,0.9986,LPath
S226G,0.9765,LPath
S226H,0.9985,LPath
S226I,0.9965,LPath
S226K,0.9998,LPath
S226L,0.9959,LPath
S226M,0.9944,LPath
S226N,0.9976,LPath
S226P,0.9994,LPath
S226Q,0.9988,LPath
S226R,0.9997,LPath
S226T,0.9448,LPath
S226V,0.9946,LPath
S226W,0.9942,LPath
S226Y,0.9981,LPath
G227A,0.999,LPath
G227C,0.9993,LPath
G227D,0.9999,LPath
G227E,0.9999,LPath
G227F,0.9999,LPath
G227H,1.0,LPath
G227I,0.9999,LPath
G227K,0.9999,LPath
G227L,0.9997,LPath
G227M,0.9999,LPath
G227N,0.9999,LPath
G227P,1.0,LPath
G227Q,0.9999,LPath
G227R,0.9997,LPath
G227S,0.998,LPath
G227T,0.9996,LPath
G227V,0.9997,LPath
G227W,0.9999,LPath
G227Y,0.9999,LPath
K228A,0.9997,LPath
K228C,0.9999,LPath
K228D,0.9993,LPath
K228E,0.9984,LPath
K228F,0.9999,LPath
K228G,0.9995,LPath
K228H,0.9995,LPath
K228I,0.9994,LPath
K228L,0.9998,LPath
K228M,0.9989,LPath
K228N,0.9992,LPath
K228P,0.9997,LPath
K228Q,0.9995,LPath
K228R,0.9647,LPath
K228S,0.9998,LPath
K228T,0.9977,LPath
K228V,0.9996,LPath
K228W,1.0,LPath
K228Y,0.9997,LPath
T229A,0.9965,LPath
T229C,0.9994,LPath
T229D,0.9989,LPath
T229E,0.9986,LPath
T229F,0.9998,LPath
T229G,0.9962,LPath
T229H,0.9985,LPath
T229I,0.999,LPath
T229K,0.9974,LPath
T229L,0.9973,LPath
T229M,0.9923,LPath
T229N,0.9963,LPath
T229P,0.9933,LPath
T229Q,0.9987,LPath
T229R,0.9975,LPath
T229S,0.9841,LPath
T229V,0.9958,LPath
T229W,0.9999,LPath
T229Y,0.9996,LPath
A230C,0.9377,LPath
A230D,0.9997,LPath
A230E,0.9994,LPath
A230F,0.9864,LPath
A230G,0.5104,Amb
A230H,0.9986,LPath
A230I,0.993,LPath
A230K,0.9996,LPath
A230L,0.9184,LPath
A230M,0.9693,LPath
A230N,0.997,LPath
A230P,0.9978,LPath
A230Q,0.995,LPath
A230R,0.996,LPath
A230S,0.6911,LPath
A230T,0.9643,LPath
A230V,0.9639,LPath
A230W,0.9992,LPath
A230Y,0.9974,LPath
A231C,0.9837,LPath
A231D,0.9998,LPath
A231E,0.9998,LPath
A231F,0.9992,LPath
A231G,0.5513,Amb
A231H,0.9998,LPath
A231I,0.9995,LPath
A231K,1.0,LPath
A231L,0.9951,LPath
A231M,0.9982,LPath
A231N,0.999,LPath
A231P,0.9995,LPath
A231Q,0.9987,LPath
A231R,0.9992,LPath
A231S,0.453,Amb
A231T,0.9903,LPath
A231V,0.9969,LPath
A231W,0.9999,LPath
A231Y,0.9997,LPath
F232A,0.9991,LPath
F232C,0.9968,LPath
F232D,0.9999,LPath
F232E,0.9999,LPath
F232G,0.9993,LPath
F232H,0.9985,LPath
F232I,0.9971,LPath
F232K,0.9999,LPath
F232L,0.9997,LPath
F232M,0.9973,LPath
F232N,0.9995,LPath
F232P,1.0,LPath
F232Q,0.9998,LPath
F232R,0.9997,LPath
F232S,0.9985,LPath
F232T,0.9996,LPath
F232V,0.9956,LPath
F232W,0.9815,LPath
F232Y,0.7529,LPath
L233A,0.9833,LPath
L233C,0.9339,LPath
L233D,0.9999,LPath
L233E,0.9995,LPath
L233F,0.9813,LPath
L233G,0.9969,LPath
L233H,0.9988,LPath
L233I,0.6077,LPath
L233K,0.9996,LPath
L233M,0.6872,LPath
L233N,0.9984,LPath
L233P,0.9998,LPath
L233Q,0.9971,LPath
L233R,0.9989,LPath
L233S,0.9946,LPath
L233T,0.9782,LPath
L233V,0.6602,LPath
L233W,0.9991,LPath
L233Y,0.9988,LPath
L234A,0.9376,LPath
L234C,0.9206,LPath
L234D,0.9998,LPath
L234E,0.9988,LPath
L234F,0.7266,LPath
L234G,0.9919,LPath
L234H,0.9936,LPath
L234I,0.1905,LBen
L234K,0.9981,LPath
L234M,0.3843,Amb
L234N,0.9966,LPath
L234P,0.9972,LPath
L234Q,0.9912,LPath
L234R,0.9965,LPath
L234S,0.9879,LPath
L234T,0.9496,LPath
L234V,0.2158,LBen
L234W,0.9836,LPath
L234Y,0.9833,LPath
P235A,0.9765,LPath
P235C,0.9975,LPath
P235D,0.9995,LPath
P235E,0.9994,LPath
P235F,0.9998,LPath
P235G,0.9891,LPath
P235H,0.9989,LPath
P235I,0.9992,LPath
P235K,0.9997,LPath
P235L,0.9923,LPath
P235M,0.9992,LPath
P235N,0.9991,LPath
P235Q,0.9989,LPath
P235R,0.9991,LPath
P235S,0.9935,LPath
P235T,0.9945,LPath
P235V,0.9958,LPath
P235W,0.9999,LPath
P235Y,0.9998,LPath
I236A,0.8234,LPath
I236C,0.9245,LPath
I236D,0.9987,LPath
I236E,0.9965,LPath
I236F,0.9096,LPath
I236G,0.9819,LPath
I236H,0.9959,LPath
I236K,0.9969,LPath
I236L,0.3444,Amb
I236M,0.366,Amb
I236N,0.9691,LPath
I236P,0.9937,LPath
I236Q,0.9928,LPath
I236R,0.9951,LPath
I236S,0.8916,LPath
I236T,0.7778,LPath
I236V,0.0703,LBen
I236W,0.9987,LPath
I236Y,0.9943,LPath
L237A,0.9654,LPath
L237C,0.9098,LPath
L237D,0.9998,LPath
L237E,0.9983,LPath
L237F,0.6494,LPath
L237G,0.9952,LPath
L237H,0.9925,LPath
L237I,0.3299,LBen
L237K,0.9983,LPath
L237M,0.3657,Amb
L237N,0.9953,LPath
L237P,0.9993,LPath
L237Q,0.9895,LPath
L237R,0.9965,LPath
L237S,0.9897,LPath
L237T,0.9597,LPath
L237V,0.4638,Amb
L237W,0.9859,LPath
L237Y,0.9829,LPath
S238A,0.2862,LBen
S238C,0.2265,LBen
S238D,0.8767,LPath
S238E,0.9647,LPath
S238F,0.8704,LPath
S238G,0.2916,LBen
S238H,0.7668,LPath
S238I,0.9368,LPath
S238K,0.9967,LPath
S238L,0.7096,LPath
S238M,0.7558,LPath
S238N,0.484,Amb
S238P,0.9966,LPath
S238Q,0.9225,LPath
S238R,0.9921,LPath
S238T,0.3401,Amb
S238V,0.8789,LPath
S238W,0.8637,LPath
S238Y,0.7857,LPath
Q239A,0.3246,LBen
Q239C,0.7023,LPath
Q239D,0.6402,LPath
Q239E,0.1287,LBen
Q239F,0.8711,LPath
Q239G,0.399,Amb
Q239H,0.3718,Amb
Q239I,0.7031,LPath
Q239K,0.2502,LBen
Q239L,0.2661,LBen
Q239M,0.4419,Amb
Q239N,0.4581,Amb
Q239P,0.9804,LPath
Q239R,0.21,LBen
Q239S,0.356,Amb
Q239T,0.3805,Amb
Q239V,0.5151,Amb
Q239W,0.8473,LPath
Q239Y,0.7486,LPath
I240A,0.8808,LPath
I240C,0.9076,LPath
I240D,0.997,LPath
I240E,0.9914,LPath
I240F,0.7242,LPath
I240G,0.9853,LPath
I240H,0.9853,LPath
I240K,0.9912,LPath
I240L,0.203,LBen
I240M,0.1556,LBen
I240N,0.9218,LPath
I240P,0.9977,LPath
I240Q,0.9769,LPath
I240R,0.9858,LPath
I240S,0.9039,LPath
I240T,0.877,LPath
I240V,0.1705,LBen
I240W,0.9915,LPath
I240Y,0.9643,LPath
Y241A,0.9107,LPath
Y241C,0.2962,LBen
Y241D,0.9692,LPath
Y241E,0.9894,LPath
Y241F,0.0552,LBen
Y241G,0.9097,LPath
Y241H,0.7651,LPath
Y241I,0.7174,LPath
Y241K,0.9899,LPath
Y241L,0.5389,Amb
Y241M,0.7462,LPath
Y241N,0.8491,LPath
Y241P,0.9948,LPath
Y241Q,0.9657,LPath
Y241R,0.9688,LPath
Y241S,0.8025,LPath
Y241T,0.9111,LPath
Y241V,0.6679,LPath
Y241W,0.6746,LPath
T242A,0.0566,LBen
T242C,0.1462,LBen
T242D,0.2195,LBen
T242E,0.1424,LBen
T242F,0.1515,LBen
T242G,0.124,LBen
T242H,0.1335,LBen
T242I,0.0937,LBen
T242K,0.1318,LBen
T242L,0.0673,LBen
T242M,0.0701,LBen
T242N,0.0884,LBen
T242P,0.5199,Amb
T242Q,0.1246,LBen
T242R,0.1032,LBen
T242S,0.0748,LBen
T242V,0.0812,LBen
T242W,0.3505,Amb
T242Y,0.1726,LBen
D243A,0.1218,LBen
D243C,0.3487,Amb
D243E,0.0765,LBen
D243F,0.4187,Amb
D243G,0.1648,LBen
D243H,0.191,LBen
D243I,0.2694,LBen
D243K,0.2777,LBen
D243L,0.2751,LBen
D243M,0.3844,Amb
D243N,0.0916,LBen
D243P,0.9184,LPath
D243Q,0.1799,LBen
D243R,0.2985,LBen
D243S,0.0959,LBen
D243T,0.157,LBen
D243V,0.1562,LBen
D243W,0.7461,LPath
D243Y,0.2019,LBen
G244A,0.8063,LPath
G244C,0.9161,LPath
G244D,0.9846,LPath
G244E,0.9835,LPath
G244F,0.9839,LPath
G244H,0.9872,LPath
G244I,0.9586,LPath
G244K,0.9842,LPath
G244L,0.9686,LPath
G244M,0.9777,LPath
G244N,0.9761,LPath
G244P,0.9814,LPath
G244Q,0.9771,LPath
G244R,0.971,LPath
G244S,0.7615,LPath
G244T,0.9235,LPath
G244V,0.9464,LPath
G244W,0.986,LPath
G244Y,0.9804,LPath
P245A,0.4721,Amb
P245C,0.8981,LPath
P245D,0.9808,LPath
P245E,0.9444,LPath
P245F,0.9631,LPath
P245G,0.8924,LPath
P245H,0.9078,LPath
P245I,0.8296,LPath
P245K,0.9568,LPath
P245L,0.6717,LPath
P245M,0.8694,LPath
P245N,0.9676,LPath
P245Q,0.8967,LPath
P245R,0.8995,LPath
P245S,0.8037,LPath
P245T,0.7184,LPath
P245V,0.701,LPath
P245W,0.9811,LPath
P245Y,0.9663,LPath
G246A,0.1797,LBen
G246C,0.3256,LBen
G246D,0.3729,Amb
G246E,0.3225,LBen
G246F,0.7664,LPath
G246H,0.6122,LPath
G246I,0.5775,LPath
G246K,0.5688,LPath
G246L,0.5132,Amb
G246M,0.6117,LPath
G246N,0.4642,Amb
G246P,0.6647,LPath
G246Q,0.4539,Amb
G246R,0.4675,Amb
G246S,0.1518,LBen
G246T,0.3009,LBen
G246V,0.3658,Amb
G246W,0.6637,LPath
G246Y,0.6603,LPath
E247A,0.1015,LBen
E247C,0.6431,LPath
E247D,0.061,LBen
E247F,0.563,Amb
E247G,0.1489,LBen
E247H,0.312,LBen
E247I,0.2385,LBen
E247K,0.1472,LBen
E247L,0.2233,LBen
E247M,0.3022,LBen
E247N,0.1392,LBen
E247P,0.2382,LBen
E247Q,0.138,LBen
E247R,0.25,LBen
E247S,0.1297,LBen
E247T,0.1551,LBen
E247V,0.1509,LBen
E247W,0.7684,LPath
E247Y,0.4159,Amb
A248C,0.5099,Amb
A248D,0.829,LPath
A248E,0.7798,LPath
A248F,0.6818,LPath
A248G,0.2193,LBen
A248H,0.8189,LPath
A248I,0.4845,Amb
A248K,0.939,LPath
A248L,0.4519,Amb
A248M,0.4508,Amb
A248N,0.5937,LPath
A248P,0.5636,Amb
A248Q,0.7633,LPath
A248R,0.9074,LPath
A248S,0.1247,LBen
A248T,0.2166,LBen
A248V,0.2444,LBen
A248W,0.9305,LPath
A248Y,0.7592,LPath
L249A,0.14,LBen
L249C,0.4016,Amb
L249D,0.5752,LPath
L249E,0.2729,LBen
L249F,0.1371,LBen
L249G,0.3057,LBen
L249H,0.2416,LBen
L249I,0.098,LBen
L249K,0.2666,LBen
L249M,0.0862,LBen
L249N,0.2822,LBen
L249P,0.3358,LBen
L249Q,0.1203,LBen
L249R,0.227,LBen
L249S,0.177,LBen
L249T,0.1744,LBen
L249V,0.0826,LBen
L249W,0.2437,LBen
L249Y,0.3015,LBen
K250A,0.1312,LBen
K250C,0.3443,Amb
K250D,0.2689,LBen
K250E,0.1039,LBen
K250F,0.5129,Amb
K250G,0.191,LBen
K250H,0.1485,LBen
K250I,0.222,LBen
K250L,0.1461,LBen
K250M,0.138,LBen
K250N,0.1872,LBen
K250P,0.3778,Amb
K250Q,0.0742,LBen
K250R,0.0658,LBen
K250S,0.1753,LBen
K250T,0.1076,LBen
K250V,0.1867,LBen
K250W,0.4426,Amb
K250Y,0.3871,Amb
A251C,0.3465,Amb
A251D,0.5228,Amb
A251E,0.4075,Amb
A251F,0.3585,Amb
A251G,0.1861,LBen
A251H,0.4677,Amb
A251I,0.2642,LBen
A251K,0.6725,LPath
A251L,0.1848,LBen
A251M,0.1834,LBen
A251N,0.2961,LBen
A251P,0.7151,LPath
A251Q,0.3909,Amb
A251R,0.6353,LPath
A251S,0.1163,LBen
A251T,0.1229,LBen
A251V,0.1275,LBen
A251W,0.7411,LPath
A251Y,0.4457,Amb
V252A,0.0766,LBen
V252C,0.3845,Amb
V252D,0.3605,Amb
V252E,0.2557,LBen
V252F,0.1432,LBen
V252G,0.0984,LBen
V252H,0.3978,Amb
V252I,0.0773,LBen
V252K,0.3632,Amb
V252L,0.1033,LBen
V252M,0.0741,LBen
V252N,0.1505,LBen
V252P,0.3466,Amb
V252Q,0.1819,LBen
V252R,0.3439,Amb
V252S,0.0893,LBen
V252T,0.0928,LBen
V252W,0.6076,LPath
V252Y,0.3883,Amb
K253A,0.3617,Amb
K253C,0.6668,LPath
K253D,0.6283,LPath
K253E,0.2255,LBen
K253F,0.8398,LPath
K253G,0.3503,Amb
K253H,0.3273,LBen
K253I,0.5875,LPath
K253L,0.4647,Amb
K253M,0.389,Amb
K253N,0.5413,Amb
K253P,0.5793,LPath
K253Q,0.1155,LBen
K253R,0.0729,LBen
K253S,0.4328,Amb
K253T,0.2724,LBen
K253V,0.4807,Amb
K253W,0.7002,LPath
K253Y,0.7027,LPath
E254A,0.2624,LBen
E254C,0.8414,LPath
E254D,0.0699,LBen
E254F,0.8269,LPath
E254G,0.2085,LBen
E254H,0.639,LPath
E254I,0.5927,LPath
E254K,0.4592,Amb
E254L,0.5711,LPath
E254M,0.6539,LPath
E254N,0.2699,LBen
E254P,0.7045,LPath
E254Q,0.273,LBen
E254R,0.5376,Amb
E254S,0.2589,LBen
E254T,0.3582,Amb
E254V,0.3899,Amb
E254W,0.9147,LPath
E254Y,0.6958,LPath
N255A,0.1523,LBen
N255C,0.1708,LBen
N255D,0.2688,LBen
N255E,0.4951,Amb
N255F,0.4435,Amb
N255G,0.1428,LBen
N255H,0.1576,LBen
N255I,0.2338,LBen
N255K,0.5275,Amb
N255L,0.2506,LBen
N255M,0.2402,LBen
N255P,0.3187,LBen
N255Q,0.3401,Amb
N255R,0.5714,LPath
N255S,0.0754,LBen
N255T,0.0948,LBen
N255V,0.2031,LBen
N255W,0.6776,LPath
N255Y,0.1904,LBen
G256A,0.1568,LBen
G256C,0.1623,LBen
G256D,0.7157,LPath
G256E,0.665,LPath
G256F,0.5131,Amb
G256H,0.4927,Amb
G256I,0.3008,LBen
G256K,0.811,LPath
G256L,0.3846,Amb
G256M,0.407,Amb
G256N,0.2938,LBen
G256P,0.6356,LPath
G256Q,0.4606,Amb
G256R,0.6608,LPath
G256S,0.0971,LBen
G256T,0.1743,LBen
G256V,0.2047,LBen
G256W,0.4772,Amb
G256Y,0.439,Amb
R257A,0.47,Amb
R257C,0.2837,LBen
R257D,0.7856,LPath
R257E,0.6269,LPath
R257F,0.5951,LPath
R257G,0.2806,LBen
R257H,0.1816,LBen
R257I,0.4157,Amb
R257K,0.0901,LBen
R257L,0.3754,Amb
R257M,0.4182,Amb
R257N,0.6263,LPath
R257P,0.4475,Amb
R257Q,0.1554,LBen
R257S,0.5442,Amb
R257T,0.4102,Amb
R257V,0.4436,Amb
R257W,0.3193,LBen
R257Y,0.462,Amb
Y258A,0.5424,Amb
Y258C,0.2008,LBen
Y258D,0.7376,LPath
Y258E,0.8755,LPath
Y258F,0.0926,LBen
Y258G,0.3328,LBen
Y258H,0.5098,Amb
Y258I,0.6084,LPath
Y258K,0.8844,LPath
Y258L,0.5303,Amb
Y258M,0.6015,LPath
Y258N,0.3604,Amb
Y258P,0.6272,LPath
Y258Q,0.7221,LPath
Y258R,0.7468,LPath
Y258S,0.3356,LBen
Y258T,0.569,LPath
Y258V,0.4592,Amb
Y258W,0.3593,Amb
G259A,0.2147,LBen
G259C,0.2352,LBen
G259D,0.9394,LPath
G259E,0.9205,LPath
G259F,0.6692,LPath
G259H,0.7515,LPath
G259I,0.4981,Amb
G259K,0.9604,LPath
G259L,0.5514,Amb
G259M,0.5866,LPath
G259N,0.4653,Amb
G259P,0.8372,LPath
G259Q,0.702,LPath
G259R,0.8865,LPath
G259S,0.1214,LBen
G259T,0.3105,LBen
G259V,0.3438,Amb
G259W,0.6783,LPath
G259Y,0.6649,LPath
R260A,0.8983,LPath
R260C,0.5294,Amb
R260D,0.9689,LPath
R260E,0.9252,LPath
R260F,0.8835,LPath
R260G,0.7339,LPath
R260H,0.4307,Amb
R260I,0.8626,LPath
R260K,0.3482,Amb
R260L,0.8015,LPath
R260M,0.8815,LPath
R260N,0.9348,LPath
R260P,0.8705,LPath
R260Q,0.4216,Amb
R260S,0.9154,LPath
R260T,0.8979,LPath
R260V,0.8572,LPath
R260W,0.5819,LPath
R260Y,0.7617,LPath
R261A,0.9065,LPath
R261C,0.5457,Amb
R261D,0.9742,LPath
R261E,0.9357,LPath
R261F,0.9218,LPath
R261G,0.7471,LPath
R261H,0.4099,Amb
R261I,0.8865,LPath
R261K,0.3437,Amb
R261L,0.8161,LPath
R261M,0.8849,LPath
R261N,0.9378,LPath
R261P,0.8577,LPath
R261Q,0.4118,Amb
R261S,0.9312,LPath
R261T,0.8996,LPath
R261V,0.882,LPath
R261W,0.6266,LPath
R261Y,0.7918,LPath
K262A,0.9759,LPath
K262C,0.9362,LPath
K262D,0.9963,LPath
K262E,0.9862,LPath
K262F,0.9925,LPath
K262G,0.9733,LPath
K262H,0.9023,LPath
K262I,0.9486,LPath
K262L,0.9293,LPath
K262M,0.9038,LPath
K262N,0.9906,LPath
K262P,0.9632,LPath
K262Q,0.8016,LPath
K262R,0.1841,LBen
K262S,0.9863,LPath
K262T,0.9404,LPath
K262V,0.9165,LPath
K262W,0.9826,LPath
K262Y,0.9739,LPath
Q263A,0.341,Amb
Q263C,0.732,LPath
Q263D,0.9667,LPath
Q263E,0.4811,Amb
Q263F,0.8765,LPath
Q263G,0.7052,LPath
Q263H,0.6759,LPath
Q263I,0.5083,Amb
Q263K,0.7348,LPath
Q263L,0.4233,Amb
Q263M,0.4229,Amb
Q263N,0.6088,LPath
Q263P,0.8111,LPath
Q263R,0.7352,LPath
Q263S,0.4491,Amb
Q263T,0.4095,Amb
Q263V,0.3599,Amb
Q263W,0.9571,LPath
Q263Y,0.8569,LPath
Y264A,0.949,LPath
Y264C,0.466,Amb
Y264D,0.9724,LPath
Y264E,0.9877,LPath
Y264F,0.1012,LBen
Y264G,0.9315,LPath
Y264H,0.7148,LPath
Y264I,0.9229,LPath
Y264K,0.9808,LPath
Y264L,0.8497,LPath
Y264M,0.8846,LPath
Y264N,0.7867,LPath
Y264P,0.995,LPath
Y264Q,0.9586,LPath
Y264R,0.9613,LPath
Y264S,0.8425,LPath
Y264T,0.9504,LPath
Y264V,0.8717,LPath
Y264W,0.6894,LPath
P265A,0.9786,LPath
P265C,0.9947,LPath
P265D,0.9998,LPath
P265E,0.9997,LPath
P265F,0.9998,LPath
P265G,0.9975,LPath
P265H,0.9995,LPath
P265I,0.9963,LPath
P265K,0.9997,LPath
P265L,0.9905,LPath
P265M,0.9989,LPath
P265N,0.9996,LPath
P265Q,0.9993,LPath
P265R,0.9988,LPath
P265S,0.997,LPath
P265T,0.9948,LPath
P265V,0.9889,LPath
P265W,1.0,LPath
P265Y,0.9999,LPath
I266A,0.5746,LPath
I266C,0.7242,LPath
I266D,0.9617,LPath
I266E,0.912,LPath
I266F,0.3509,Amb
I266G,0.8813,LPath
I266H,0.8673,LPath
I266K,0.8747,LPath
I266L,0.0869,LBen
I266M,0.133,LBen
I266N,0.7278,LPath
I266P,0.9547,LPath
I266Q,0.8239,LPath
I266R,0.8137,LPath
I266S,0.6272,LPath
I266T,0.5288,Amb
I266V,0.0691,LBen
I266W,0.9315,LPath
I266Y,0.7968,LPath
S267A,0.0734,LBen
S267C,0.1164,LBen
S267D,0.9966,LPath
S267E,0.9977,LPath
S267F,0.9599,LPath
S267G,0.1993,LBen
S267H,0.9923,LPath
S267I,0.7933,LPath
S267K,0.9997,LPath
S267L,0.6392,LPath
S267M,0.789,LPath
S267N,0.9577,LPath
S267P,0.9899,LPath
S267Q,0.9933,LPath
S267R,0.9992,LPath
S267T,0.2797,LBen
S267V,0.5838,LPath
S267W,0.9951,LPath
S267Y,0.9833,LPath
L268A,0.9768,LPath
L268C,0.9357,LPath
L268D,1.0,LPath
L268E,0.9997,LPath
L268F,0.9864,LPath
L268G,0.9985,LPath
L268H,0.9996,LPath
L268I,0.4731,Amb
L268K,0.9996,LPath
L268M,0.6503,LPath
L268N,0.9996,LPath
L268P,0.9998,LPath
L268Q,0.9991,LPath
L268R,0.9991,LPath
L268S,0.9987,LPath
L268T,0.9874,LPath
L268V,0.3515,Amb
L268W,0.9995,LPath
L268Y,0.9993,LPath
V269A,0.9777,LPath
V269C,0.9658,LPath
V269D,0.9996,LPath
V269E,0.9988,LPath
V269F,0.9788,LPath
V269G,0.9891,LPath
V269H,0.9996,LPath
V269I,0.0874,LBen
V269K,0.9994,LPath
V269L,0.8871,LPath
V269M,0.9188,LPath
V269N,0.9975,LPath
V269P,0.9991,LPath
V269Q,0.9984,LPath
V269R,0.9989,LPath
V269S,0.9872,LPath
V269T,0.9712,LPath
V269W,0.9997,LPath
V269Y,0.9987,LPath
L270A,0.9857,LPath
L270C,0.9719,LPath
L270D,0.9999,LPath
L270E,0.9995,LPath
L270F,0.9735,LPath
L270G,0.9985,LPath
L270H,0.9994,LPath
L270I,0.557,Amb
L270K,0.9992,LPath
L270M,0.4859,Amb
L270N,0.9994,LPath
L270P,0.9997,LPath
L270Q,0.9984,LPath
L270R,0.9985,LPath
L270S,0.9984,LPath
L270T,0.9922,LPath
L270V,0.6351,LPath
L270W,0.9986,LPath
L270Y,0.9987,LPath
A271C,0.8974,LPath
A271D,0.9998,LPath
A271E,0.9993,LPath
A271F,0.9975,LPath
A271G,0.7534,LPath
A271H,0.999,LPath
A271I,0.9943,LPath
A271K,0.9999,LPath
A271L,0.9547,LPath
A271M,0.9903,LPath
A271N,0.9979,LPath
A271P,0.9985,LPath
A271Q,0.9971,LPath
A271R,0.9988,LPath
A271S,0.3514,Amb
A271T,0.9358,LPath
A271V,0.9711,LPath
A271W,0.9999,LPath
A271Y,0.9992,LPath
P272A,0.9965,LPath
P272C,0.9998,LPath
P272D,0.9999,LPath
P272E,0.9999,LPath
P272F,1.0,LPath
P272G,0.9994,LPath
P272H,0.9999,LPath
P272I,1.0,LPath
P272K,1.0,LPath
P272L,0.9996,LPath
P272M,1.0,LPath
P272N,0.9999,LPath
P272Q,0.9999,LPath
P272R,0.9998,LPath
P272S,0.9992,LPath
P272T,0.9996,LPath
P272V,0.9996,LPath
P272W,1.0,LPath
P272Y,1.0,LPath
T273A,0.9529,LPath
T273C,0.9963,LPath
T273D,0.9994,LPath
T273E,0.998,LPath
T273F,0.9985,LPath
T273G,0.9895,LPath
T273H,0.9987,LPath
T273I,0.9949,LPath
T273K,0.9977,LPath
T273L,0.9789,LPath
T273M,0.9822,LPath
T273N,0.9941,LPath
T273P,0.9667,LPath
T273Q,0.9976,LPath
T273R,0.9967,LPath
T273S,0.9651,LPath
T273V,0.96,LPath
T273W,0.9999,LPath
T273Y,0.9996,LPath
R274A,0.9995,LPath
R274C,0.9988,LPath
R274D,0.9996,LPath
R274E,0.9954,LPath
R274F,0.9999,LPath
R274G,0.9988,LPath
R274H,0.997,LPath
R274I,0.9999,LPath
R274K,0.9938,LPath
R274L,0.9981,LPath
R274M,0.9999,LPath
R274N,0.9998,LPath
R274P,0.9993,LPath
R274Q,0.9963,LPath
R274S,0.9995,LPath
R274T,0.9997,LPath
R274V,0.9996,LPath
R274W,0.9971,LPath
R274Y,0.9996,LPath
E275A,0.998,LPath
E275C,0.9992,LPath
E275D,0.9988,LPath
E275F,0.9999,LPath
E275G,0.9981,LPath
E275H,0.9997,LPath
E275I,0.9996,LPath
E275K,0.9995,LPath
E275L,0.9996,LPath
E275M,0.9996,LPath
E275N,0.9995,LPath
E275P,0.9992,LPath
E275Q,0.9964,LPath
E275R,0.9993,LPath
E275S,0.9988,LPath
E275T,0.9997,LPath
E275V,0.9989,LPath
E275W,1.0,LPath
E275Y,0.9999,LPath
L276A,0.993,LPath
L276C,0.9986,LPath
L276D,0.9998,LPath
L276E,0.9982,LPath
L276F,0.9984,LPath
L276G,0.9966,LPath
L276H,0.9992,LPath
L276I,0.9783,LPath
L276K,0.9967,LPath
L276M,0.9575,LPath
L276N,0.9974,LPath
L276P,0.9998,LPath
L276Q,0.9993,LPath
L276R,0.9974,LPath
L276S,0.9994,LPath
L276T,0.9961,LPath
L276V,0.9813,LPath
L276W,0.9993,LPath
L276Y,0.9992,LPath
A277C,0.8578,LPath
A277D,0.9995,LPath
A277E,0.9989,LPath
A277F,0.9989,LPath
A277G,0.8406,LPath
A277H,0.9995,LPath
A277I,0.9821,LPath
A277K,0.9998,LPath
A277L,0.9673,LPath
A277M,0.9793,LPath
A277N,0.9969,LPath
A277P,0.9991,LPath
A277Q,0.9962,LPath
A277R,0.9985,LPath
A277S,0.4371,Amb
A277T,0.7378,LPath
A277V,0.8051,LPath
A277W,0.9999,LPath
A277Y,0.9996,LPath
V278A,0.3303,LBen
V278C,0.5514,Amb
V278D,0.9122,LPath
V278E,0.8251,LPath
V278F,0.3377,LBen
V278G,0.2927,LBen
V278H,0.8701,LPath
V278I,0.0928,LBen
V278K,0.9056,LPath
V278L,0.1539,LBen
V278M,0.1354,LBen
V278N,0.4858,Amb
V278P,0.99,LPath
V278Q,0.6581,LPath
V278R,0.8636,LPath
V278S,0.2574,LBen
V278T,0.2554,LBen
V278W,0.9382,LPath
V278Y,0.8056,LPath
Q279A,0.9327,LPath
Q279C,0.9993,LPath
Q279D,0.9943,LPath
Q279E,0.9105,LPath
Q279F,0.998,LPath
Q279G,0.9029,LPath
Q279H,0.9985,LPath
Q279I,0.9923,LPath
Q279K,0.989,LPath
Q279L,0.9641,LPath
Q279M,0.9443,LPath
Q279N,0.9724,LPath
Q279P,0.9916,LPath
Q279R,0.9936,LPath
Q279S,0.8836,LPath
Q279T,0.9484,LPath
Q279V,0.9862,LPath
Q279W,0.9996,LPath
Q279Y,0.9994,LPath
I280A,0.9945,LPath
I280C,0.9975,LPath
I280D,0.9997,LPath
I280E,0.9993,LPath
I280F,0.9971,LPath
I280G,0.999,LPath
I280H,0.9998,LPath
I280K,0.9995,LPath
I280L,0.9104,LPath
I280M,0.9087,LPath
I280N,0.9928,LPath
I280P,0.9996,LPath
I280Q,0.9994,LPath
I280R,0.9993,LPath
I280S,0.9923,LPath
I280T,0.9615,LPath
I280V,0.6417,LPath
I280W,0.9999,LPath
I280Y,0.9994,LPath
Y281A,0.8892,LPath
Y281C,0.3569,Amb
Y281D,0.9371,LPath
Y281E,0.9696,LPath
Y281F,0.1021,LBen
Y281G,0.8295,LPath
Y281H,0.31,LBen
Y281I,0.9791,LPath
Y281K,0.9744,LPath
Y281L,0.9146,LPath
Y281M,0.9366,LPath
Y281N,0.6556,LPath
Y281P,0.9988,LPath
Y281Q,0.8753,LPath
Y281R,0.8871,LPath
Y281S,0.6547,LPath
Y281T,0.9456,LPath
Y281V,0.9324,LPath
Y281W,0.5055,Amb
E282A,0.5317,Amb
E282C,0.9409,LPath
E282D,0.1149,LBen
E282F,0.9598,LPath
E282G,0.4679,Amb
E282H,0.7877,LPath
E282I,0.868,LPath
E282K,0.6555,LPath
E282L,0.8088,LPath
E282M,0.8505,LPath
E282N,0.439,Amb
E282P,0.9933,LPath
E282Q,0.3782,Amb
E282R,0.7262,LPath
E282S,0.4417,Amb
E282T,0.5838,LPath
E282V,0.699,LPath
E282W,0.9778,LPath
E282Y,0.8979,LPath
E283A,0.9365,LPath
E283C,0.9969,LPath
E283D,0.8428,LPath
E283F,0.9987,LPath
E283G,0.9607,LPath
E283H,0.9964,LPath
E283I,0.9935,LPath
E283K,0.9911,LPath
E283L,0.9967,LPath
E283M,0.9922,LPath
E283N,0.9703,LPath
E283P,0.9997,LPath
E283Q,0.9207,LPath
E283R,0.9921,LPath
E283S,0.9651,LPath
E283T,0.9795,LPath
E283V,0.9698,LPath
E283W,0.9996,LPath
E283Y,0.9971,LPath
A284C,0.8466,LPath
A284D,0.9991,LPath
A284E,0.9984,LPath
A284F,0.9947,LPath
A284G,0.3014,LBen
A284H,0.9989,LPath
A284I,0.9878,LPath
A284K,0.9998,LPath
A284L,0.9688,LPath
A284M,0.96,LPath
A284N,0.9938,LPath
A284P,0.9998,LPath
A284Q,0.9952,LPath
A284R,0.9991,LPath
A284S,0.1563,LBen
A284T,0.7233,LPath
A284V,0.9196,LPath
A284W,0.9996,LPath
A284Y,0.9984,LPath
R285A,0.9003,LPath
R285C,0.2586,LBen
R285D,0.9922,LPath
R285E,0.8898,LPath
R285F,0.9611,LPath
R285G,0.8231,LPath
R285H,0.4542,Amb
R285I,0.8044,LPath
R285K,0.178,LBen
R285L,0.6909,LPath
R285M,0.8067,LPath
R285N,0.9683,LPath
R285P,0.9977,LPath
R285Q,0.2455,LBen
R285S,0.9423,LPath
R285T,0.8736,LPath
R285V,0.7769,LPath
R285W,0.7653,LPath
R285Y,0.9023,LPath
K286A,0.9845,LPath
K286C,0.9671,LPath
K286D,0.9976,LPath
K286E,0.9926,LPath
K286F,0.9973,LPath
K286G,0.9875,LPath
K286H,0.9041,LPath
K286I,0.9859,LPath
K286L,0.9648,LPath
K286M,0.9656,LPath
K286N,0.9917,LPath
K286P,0.9956,LPath
K286Q,0.9026,LPath
K286R,0.1875,LBen
K286S,0.9922,LPath
K286T,0.9742,LPath
K286V,0.9768,LPath
K286W,0.9943,LPath
K286Y,0.9876,LPath
F287A,0.9966,LPath
F287C,0.9905,LPath
F287D,0.9991,LPath
F287E,0.9991,LPath
F287G,0.9969,LPath
F287H,0.9929,LPath
F287I,0.9779,LPath
F287K,0.9992,LPath
F287L,0.9978,LPath
F287M,0.985,LPath
F287N,0.9952,LPath
F287P,0.9999,LPath
F287Q,0.9982,LPath
F287R,0.9979,LPath
F287S,0.9972,LPath
F287T,0.9972,LPath
F287V,0.966,LPath
F287W,0.9594,LPath
F287Y,0.7037,LPath
S288A,0.0479,LBen
S288C,0.1347,LBen
S288D,0.9955,LPath
S288E,0.9952,LPath
S288F,0.9589,LPath
S288G,0.2131,LBen
S288H,0.9868,LPath
S288I,0.8977,LPath
S288K,0.9993,LPath
S288L,0.7043,LPath
S288M,0.8559,LPath
S288N,0.9518,LPath
S288P,0.9895,LPath
S288Q,0.9846,LPath
S288R,0.9971,LPath
S288T,0.2831,LBen
S288V,0.7116,LPath
S288W,0.9903,LPath
S288Y,0.9766,LPath
Y289A,0.9951,LPath
Y289C,0.9051,LPath
Y289D,0.9977,LPath
Y289E,0.9991,LPath
Y289F,0.2289,LBen
Y289G,0.9886,LPath
Y289H,0.9469,LPath
Y289I,0.9922,LPath
Y289K,0.9981,LPath
Y289L,0.968,LPath
Y289M,0.9926,LPath
Y289N,0.9834,LPath
Y289P,0.9986,LPath
Y289Q,0.9971,LPath
Y289R,0.9868,LPath
Y289S,0.9783,LPath
Y289T,0.9968,LPath
Y289V,0.9779,LPath
Y289W,0.6624,LPath
R290A,0.9706,LPath
R290C,0.5425,Amb
R290D,0.9935,LPath
R290E,0.9673,LPath
R290F,0.9876,LPath
R290G,0.8589,LPath
R290H,0.6282,LPath
R290I,0.9914,LPath
R290K,0.5862,LPath
R290L,0.9331,LPath
R290M,0.9741,LPath
R290N,0.9765,LPath
R290P,0.9979,LPath
R290Q,0.4255,Amb
R290S,0.9753,LPath
R290T,0.988,LPath
R290V,0.9878,LPath
R290W,0.9069,LPath
R290Y,0.9632,LPath
S291A,0.4087,Amb
S291C,0.6126,LPath
S291D,0.9976,LPath
S291E,0.9982,LPath
S291F,0.9981,LPath
S291G,0.5909,LPath
S291H,0.9932,LPath
S291I,0.9964,LPath
S291K,0.9996,LPath
S291L,0.9727,LPath
S291M,0.9856,LPath
S291N,0.9876,LPath
S291P,0.9976,LPath
S291Q,0.9949,LPath
S291R,0.9992,LPath
S291T,0.6858,LPath
S291V,0.9856,LPath
S291W,0.9973,LPath
S291Y,0.996,LPath
R292A,0.3577,Amb
R292C,0.1118,LBen
R292D,0.6611,LPath
R292E,0.4083,Amb
R292F,0.4385,Amb
R292G,0.2375,LBen
R292H,0.08,LBen
R292I,0.395,Amb
R292K,0.0937,LBen
R292L,0.2135,LBen
R292M,0.3001,LBen
R292N,0.4672,Amb
R292P,0.447,Amb
R292Q,0.0951,LBen
R292S,0.4297,Amb
R292T,0.317,LBen
R292V,0.379,Amb
R292W,0.1723,LBen
R292Y,0.3031,LBen
V293A,0.8222,LPath
V293C,0.8851,LPath
V293D,0.9983,LPath
V293E,0.9938,LPath
V293F,0.8901,LPath
V293G,0.8875,LPath
V293H,0.9978,LPath
V293I,0.1466,LBen
V293K,0.9967,LPath
V293L,0.6529,LPath
V293M,0.5964,LPath
V293N,0.9899,LPath
V293P,0.9916,LPath
V293Q,0.989,LPath
V293R,0.9934,LPath
V293S,0.9369,LPath
V293T,0.8883,LPath
V293W,0.998,LPath
V293Y,0.9909,LPath
R294A,0.9484,LPath
R294C,0.4649,Amb
R294D,0.9906,LPath
R294E,0.9435,LPath
R294F,0.9397,LPath
R294G,0.9503,LPath
R294H,0.3177,LBen
R294I,0.8368,LPath
R294K,0.3208,LBen
R294L,0.7987,LPath
R294M,0.898,LPath
R294N,0.9656,LPath
R294P,0.9942,LPath
R294Q,0.351,Amb
R294S,0.9531,LPath
R294T,0.902,LPath
R294V,0.8496,LPath
R294W,0.7309,LPath
R294Y,0.8475,LPath
P295A,0.4247,Amb
P295C,0.84,LPath
P295D,0.9982,LPath
P295E,0.9976,LPath
P295F,0.9988,LPath
P295G,0.9346,LPath
P295H,0.9935,LPath
P295I,0.9666,LPath
P295K,0.9993,LPath
P295L,0.9431,LPath
P295M,0.9866,LPath
P295N,0.9912,LPath
P295Q,0.993,LPath
P295R,0.9971,LPath
P295S,0.7749,LPath
P295T,0.7182,LPath
P295V,0.8649,LPath
P295W,0.9996,LPath
P295Y,0.9989,LPath
C296A,0.6282,LPath
C296D,0.9975,LPath
C296E,0.9974,LPath
C296F,0.9547,LPath
C296G,0.6502,LPath
C296H,0.9899,LPath
C296I,0.9325,LPath
C296K,0.9978,LPath
C296L,0.9461,LPath
C296M,0.9475,LPath
C296N,0.9691,LPath
C296P,0.9994,LPath
C296Q,0.9785,LPath
C296R,0.9743,LPath
C296S,0.6174,LPath
C296T,0.7471,LPath
C296V,0.6861,LPath
C296W,0.9946,LPath
C296Y,0.9876,LPath
V297A,0.922,LPath
V297C,0.9084,LPath
V297D,0.9994,LPath
V297E,0.9969,LPath
V297F,0.9824,LPath
V297G,0.9588,LPath
V297H,0.9986,LPath
V297I,0.3401,Amb
V297K,0.9946,LPath
V297L,0.9478,LPath
V297M,0.9345,LPath
V297N,0.9933,LPath
V297P,0.9908,LPath
V297Q,0.9914,LPath
V297R,0.9838,LPath
V297S,0.9607,LPath
V297T,0.8893,LPath
V297W,0.9994,LPath
V297Y,0.9977,LPath
V298A,0.869,LPath
V298C,0.9268,LPath
V298D,0.9997,LPath
V298E,0.9992,LPath
V298F,0.9879,LPath
V298G,0.9618,LPath
V298H,0.9998,LPath
V298I,0.2198,LBen
V298K,0.9996,LPath
V298L,0.8204,LPath
V298M,0.9483,LPath
V298N,0.9976,LPath
V298P,0.9989,LPath
V298Q,0.9988,LPath
V298R,0.9984,LPath
V298S,0.9739,LPath
V298T,0.9293,LPath
V298W,0.9999,LPath
V298Y,0.9991,LPath
Y299A,0.9984,LPath
Y299C,0.9883,LPath
Y299D,0.9996,LPath
Y299E,0.9999,LPath
Y299F,0.6302,LPath
Y299G,0.9924,LPath
Y299H,0.9989,LPath
Y299I,0.9958,LPath
Y299K,0.9998,LPath
Y299L,0.9849,LPath
Y299M,0.9966,LPath
Y299N,0.998,LPath
Y299P,0.9986,LPath
Y299Q,0.9998,LPath
Y299R,0.9989,LPath
Y299S,0.992,LPath
Y299T,0.9982,LPath
Y299V,0.9831,LPath
Y299W,0.9598,LPath
G300A,0.9992,LPath
G300C,0.9998,LPath
G300D,1.0,LPath
G300E,1.0,LPath
G300F,0.9999,LPath
G300H,1.0,LPath
G300I,0.9999,LPath
G300K,1.0,LPath
G300L,0.9999,LPath
G300M,1.0,LPath
G300N,1.0,LPath
G300P,0.9999,LPath
G300Q,1.0,LPath
G300R,0.9999,LPath
G300S,0.9994,LPath
G300T,0.9997,LPath
G300V,0.9998,LPath
G300W,0.9999,LPath
G300Y,0.9999,LPath
G301A,0.9982,LPath
G301C,0.9997,LPath
G301D,0.9999,LPath
G301E,0.9999,LPath
G301F,0.9997,LPath
G301H,1.0,LPath
G301I,0.9997,LPath
G301K,0.9999,LPath
G301L,0.9997,LPath
G301M,0.9998,LPath
G301N,0.9998,LPath
G301P,0.9999,LPath
G301Q,0.9999,LPath
G301R,0.9998,LPath
G301S,0.9986,LPath
G301T,0.9994,LPath
G301V,0.9995,LPath
G301W,0.9998,LPath
G301Y,0.9999,LPath
A302C,0.8702,LPath
A302D,0.9967,LPath
A302E,0.989,LPath
A302F,0.9631,LPath
A302G,0.7755,LPath
A302H,0.978,LPath
A302I,0.9449,LPath
A302K,0.9942,LPath
A302L,0.8906,LPath
A302M,0.8416,LPath
A302N,0.9301,LPath
A302P,0.9982,LPath
A302Q,0.8944,LPath
A302R,0.9734,LPath
A302S,0.2562,LBen
A302T,0.5722,LPath
A302V,0.7937,LPath
A302W,0.9936,LPath
A302Y,0.9849,LPath
D303A,0.9513,LPath
D303C,0.986,LPath
D303E,0.7182,LPath
D303F,0.9957,LPath
D303G,0.9689,LPath
D303H,0.9848,LPath
D303I,0.9957,LPath
D303K,0.9957,LPath
D303L,0.9919,LPath
D303M,0.9967,LPath
D303N,0.8392,LPath
D303P,0.9776,LPath
D303Q,0.9855,LPath
D303R,0.9935,LPath
D303S,0.907,LPath
D303T,0.9876,LPath
D303V,0.9837,LPath
D303W,0.999,LPath
D303Y,0.9778,LPath
I304A,0.7175,LPath
I304C,0.9834,LPath
I304D,0.9983,LPath
I304E,0.9967,LPath
I304F,0.8001,LPath
I304G,0.977,LPath
I304H,0.997,LPath
I304K,0.9949,LPath
I304L,0.7352,LPath
I304M,0.4576,Amb
I304N,0.9799,LPath
I304P,0.8997,LPath
I304Q,0.9905,LPath
I304R,0.9895,LPath
I304S,0.8769,LPath
I304T,0.4046,Amb
I304V,0.232,LBen
I304W,0.9892,LPath
I304Y,0.9853,LPath
G305A,0.392,Amb
G305C,0.4889,Amb
G305D,0.9929,LPath
G305E,0.9874,LPath
G305F,0.8579,LPath
G305H,0.9228,LPath
G305I,0.5853,LPath
G305K,0.9915,LPath
G305L,0.8066,LPath
G305M,0.7471,LPath
G305N,0.7169,LPath
G305P,0.9554,LPath
G305Q,0.8814,LPath
G305R,0.9656,LPath
G305S,0.2253,LBen
G305T,0.4916,Amb
G305V,0.3906,Amb
G305W,0.8979,LPath
G305Y,0.8891,LPath
Q306A,0.141,LBen
Q306C,0.6943,LPath
Q306D,0.8606,LPath
Q306E,0.3733,Amb
Q306F,0.6619,LPath
Q306G,0.1761,LBen
Q306H,0.3868,Amb
Q306I,0.3838,Amb
Q306K,0.568,LPath
Q306L,0.1212,LBen
Q306M,0.1892,LBen
Q306N,0.2797,LBen
Q306P,0.462,Amb
Q306R,0.6043,LPath
Q306S,0.1298,LBen
Q306T,0.1798,LBen
Q306V,0.2158,LBen
Q306W,0.8353,LPath
Q306Y,0.6555,LPath
Q307A,0.9244,LPath
Q307C,0.9986,LPath
Q307D,0.9982,LPath
Q307E,0.9503,LPath
Q307F,0.9987,LPath
Q307G,0.9191,LPath
Q307H,0.9987,LPath
Q307I,0.9932,LPath
Q307K,0.9966,LPath
Q307L,0.9884,LPath
Q307M,0.9349,LPath
Q307N,0.9622,LPath
Q307P,0.999,LPath
Q307R,0.9983,LPath
Q307S,0.8951,LPath
Q307T,0.9208,LPath
Q307V,0.9846,LPath
Q307W,0.9997,LPath
Q307Y,0.9995,LPath
I308A,0.9807,LPath
I308C,0.9814,LPath
I308D,0.9994,LPath
I308E,0.9968,LPath
I308F,0.693,LPath
I308G,0.993,LPath
I308H,0.995,LPath
I308K,0.9901,LPath
I308L,0.2744,LBen
I308M,0.2609,LBen
I308N,0.9847,LPath
I308P,0.9984,LPath
I308Q,0.984,LPath
I308R,0.9832,LPath
I308S,0.9854,LPath
I308T,0.9875,LPath
I308V,0.4677,Amb
I308W,0.9745,LPath
I308Y,0.9549,LPath
R309A,0.9771,LPath
R309C,0.883,LPath
R309D,0.9939,LPath
R309E,0.982,LPath
R309F,0.9872,LPath
R309G,0.9264,LPath
R309H,0.7177,LPath
R309I,0.9806,LPath
R309K,0.5057,Amb
R309L,0.9534,LPath
R309M,0.9761,LPath
R309N,0.9858,LPath
R309P,0.9971,LPath
R309Q,0.725,LPath
R309S,0.9808,LPath
R309T,0.9836,LPath
R309V,0.9804,LPath
R309W,0.8856,LPath
R309Y,0.9569,LPath
D310A,0.7686,LPath
D310C,0.9586,LPath
D310E,0.2034,LBen
D310F,0.9646,LPath
D310G,0.875,LPath
D310H,0.9325,LPath
D310I,0.92,LPath
D310K,0.9668,LPath
D310L,0.9017,LPath
D310M,0.9513,LPath
D310N,0.5835,LPath
D310P,0.9982,LPath
D310Q,0.8573,LPath
D310R,0.9684,LPath
D310S,0.7144,LPath
D310T,0.8347,LPath
D310V,0.8125,LPath
D310W,0.9931,LPath
D310Y,0.8624,LPath
L311A,0.9551,LPath
L311C,0.9579,LPath
L311D,0.9998,LPath
L311E,0.9979,LPath
L311F,0.9739,LPath
L311G,0.9951,LPath
L311H,0.9983,LPath
L311I,0.269,LBen
L311K,0.9971,LPath
L311M,0.3875,Amb
L311N,0.9975,LPath
L311P,0.9994,LPath
L311Q,0.9933,LPath
L311R,0.9952,LPath
L311S,0.9952,LPath
L311T,0.9449,LPath
L311V,0.339,LBen
L311W,0.9969,LPath
L311Y,0.9979,LPath
E312A,0.9471,LPath
E312C,0.9935,LPath
E312D,0.4905,Amb
E312F,0.9981,LPath
E312G,0.8694,LPath
E312H,0.9929,LPath
E312I,0.9962,LPath
E312K,0.9916,LPath
E312L,0.99,LPath
E312M,0.9923,LPath
E312N,0.9579,LPath
E312P,0.9991,LPath
E312Q,0.8824,LPath
E312R,0.985,LPath
E312S,0.8963,LPath
E312T,0.9786,LPath
E312V,0.9856,LPath
E312W,0.9989,LPath
E312Y,0.9955,LPath
R313A,0.8317,LPath
R313C,0.4909,Amb
R313D,0.9148,LPath
R313E,0.8066,LPath
R313F,0.8919,LPath
R313G,0.6371,LPath
R313H,0.2504,LBen
R313I,0.838,LPath
R313K,0.1774,LBen
R313L,0.7136,LPath
R313M,0.7777,LPath
R313N,0.8239,LPath
R313P,0.9834,LPath
R313Q,0.261,LBen
R313S,0.8634,LPath
R313T,0.819,LPath
R313V,0.8466,LPath
R313W,0.5832,LPath
R313Y,0.7062,LPath
G314A,0.9543,LPath
G314C,0.9661,LPath
G314D,0.9804,LPath
G314E,0.992,LPath
G314F,0.9954,LPath
G314H,0.9935,LPath
G314I,0.9961,LPath
G314K,0.9956,LPath
G314L,0.9949,LPath
G314M,0.9957,LPath
G314N,0.9732,LPath
G314P,0.9984,LPath
G314Q,0.9872,LPath
G314R,0.9912,LPath
G314S,0.8706,LPath
G314T,0.9716,LPath
G314V,0.9914,LPath
G314W,0.9951,LPath
G314Y,0.9916,LPath
C315A,0.9242,LPath
C315D,0.9994,LPath
C315E,0.9998,LPath
C315F,0.9965,LPath
C315G,0.899,LPath
C315H,0.9993,LPath
C315I,0.9759,LPath
C315K,0.9999,LPath
C315L,0.9872,LPath
C315M,0.9937,LPath
C315N,0.9956,LPath
C315P,0.9971,LPath
C315Q,0.9993,LPath
C315R,0.9986,LPath
C315S,0.9263,LPath
C315T,0.9521,LPath
C315V,0.8748,LPath
C315W,0.9994,LPath
C315Y,0.999,LPath
H316A,0.9184,LPath
H316C,0.7095,LPath
H316D,0.5897,LPath
H316E,0.8935,LPath
H316F,0.9252,LPath
H316G,0.913,LPath
H316I,0.9657,LPath
H316K,0.9873,LPath
H316L,0.8633,LPath
H316M,0.9294,LPath
H316N,0.2753,LBen
H316P,0.9112,LPath
H316Q,0.7259,LPath
H316R,0.9702,LPath
H316S,0.6064,LPath
H316T,0.8896,LPath
H316V,0.9595,LPath
H316W,0.9635,LPath
H316Y,0.774,LPath
L317A,0.9671,LPath
L317C,0.8905,LPath
L317D,0.9997,LPath
L317E,0.9982,LPath
L317F,0.7827,LPath
L317G,0.9954,LPath
L317H,0.9933,LPath
L317I,0.1724,LBen
L317K,0.9981,LPath
L317M,0.3028,LBen
L317N,0.9964,LPath
L317P,0.9996,LPath
L317Q,0.9902,LPath
L317R,0.9964,LPath
L317S,0.9921,LPath
L317T,0.9582,LPath
L317V,0.1767,LBen
L317W,0.991,LPath
L317Y,0.9881,LPath
L318A,0.9693,LPath
L318C,0.9277,LPath
L318D,1.0,LPath
L318E,0.9997,LPath
L318F,0.9928,LPath
L318G,0.9976,LPath
L318H,0.9997,LPath
L318I,0.4818,Amb
L318K,0.9996,LPath
L318M,0.7337,LPath
L318N,0.9995,LPath
L318P,0.9997,LPath
L318Q,0.9988,LPath
L318R,0.9989,LPath
L318S,0.9984,LPath
L318T,0.9879,LPath
L318V,0.4548,Amb
L318W,0.9997,LPath
L318Y,0.9995,LPath
V319A,0.9388,LPath
V319C,0.976,LPath
V319D,0.9996,LPath
V319E,0.9988,LPath
V319F,0.9926,LPath
V319G,0.9788,LPath
V319H,0.9997,LPath
V319I,0.2302,LBen
V319K,0.9995,LPath
V319L,0.98,LPath
V319M,0.9775,LPath
V319N,0.9978,LPath
V319P,0.9983,LPath
V319Q,0.9985,LPath
V319R,0.9987,LPath
V319S,0.9501,LPath
V319T,0.8117,LPath
V319W,0.9999,LPath
V319Y,0.9996,LPath
A320C,0.9682,LPath
A320D,0.9999,LPath
A320E,0.9999,LPath
A320F,0.9993,LPath
A320G,0.5439,Amb
A320H,0.9999,LPath
A320I,0.9998,LPath
A320K,1.0,LPath
A320L,0.9951,LPath
A320M,0.999,LPath
A320N,0.9997,LPath
A320P,0.9996,LPath
A320Q,0.9994,LPath
A320R,0.9995,LPath
A320S,0.82,LPath
A320T,0.9974,LPath
A320V,0.9988,LPath
A320W,1.0,LPath
A320Y,0.9998,LPath
T321A,0.8965,LPath
T321C,0.9687,LPath
T321D,0.9998,LPath
T321E,0.9995,LPath
T321F,0.9991,LPath
T321G,0.9933,LPath
T321H,0.9991,LPath
T321I,0.9976,LPath
T321K,0.9991,LPath
T321L,0.9887,LPath
T321M,0.9879,LPath
T321N,0.9964,LPath
T321P,0.9255,LPath
T321Q,0.9988,LPath
T321R,0.9981,LPath
T321S,0.9712,LPath
T321V,0.9749,LPath
T321W,1.0,LPath
T321Y,0.9998,LPath
P322A,0.9903,LPath
P322C,0.9993,LPath
P322D,0.9999,LPath
P322E,0.9999,LPath
P322F,1.0,LPath
P322G,0.999,LPath
P322H,0.9999,LPath
P322I,0.9995,LPath
P322K,0.9999,LPath
P322L,0.9977,LPath
P322M,0.9996,LPath
P322N,0.9999,LPath
P322Q,0.9999,LPath
P322R,0.9996,LPath
P322S,0.9982,LPath
P322T,0.9898,LPath
P322V,0.9963,LPath
P322W,1.0,LPath
P322Y,1.0,LPath
G323A,0.9988,LPath
G323C,0.9998,LPath
G323D,1.0,LPath
G323E,1.0,LPath
G323F,0.9999,LPath
G323H,1.0,LPath
G323I,0.9999,LPath
G323K,1.0,LPath
G323L,0.9998,LPath
G323M,0.9999,LPath
G323N,1.0,LPath
G323P,0.9998,LPath
G323Q,1.0,LPath
G323R,0.9999,LPath
G323S,0.9991,LPath
G323T,0.9997,LPath
G323V,0.9997,LPath
G323W,0.9999,LPath
G323Y,1.0,LPath
R324A,0.9998,LPath
R324C,0.9995,LPath
R324D,0.9999,LPath
R324E,0.9991,LPath
R324F,0.9998,LPath
R324G,0.9996,LPath
R324H,0.999,LPath
R324I,0.9999,LPath
R324K,0.9981,LPath
R324L,0.9994,LPath
R324M,1.0,LPath
R324N,0.9998,LPath
R324P,0.9998,LPath
R324Q,0.9993,LPath
R324S,0.9999,LPath
R324T,1.0,LPath
R324V,0.9999,LPath
R324W,0.9997,LPath
R324Y,0.9998,LPath
L325A,0.9885,LPath
L325C,0.9903,LPath
L325D,0.9999,LPath
L325E,0.9997,LPath
L325F,0.9876,LPath
L325G,0.9965,LPath
L325H,0.9997,LPath
L325I,0.9555,LPath
L325K,0.9995,LPath
L325M,0.8638,LPath
L325N,0.9997,LPath
L325P,0.9999,LPath
L325Q,0.9994,LPath
L325R,0.9991,LPath
L325S,0.9995,LPath
L325T,0.9953,LPath
L325V,0.9504,LPath
L325W,0.9995,LPath
L325Y,0.9989,LPath
V326A,0.838,LPath
V326C,0.8924,LPath
V326D,0.9887,LPath
V326E,0.967,LPath
V326F,0.9018,LPath
V326G,0.8048,LPath
V326H,0.9869,LPath
V326I,0.3899,Amb
V326K,0.9859,LPath
V326L,0.9101,LPath
V326M,0.8405,LPath
V326N,0.8869,LPath
V326P,0.9984,LPath
V326Q,0.9521,LPath
V326R,0.9727,LPath
V326S,0.7737,LPath
V326T,0.6509,LPath
V326W,0.9954,LPath
V326Y,0.9763,LPath
D327A,0.9997,LPath
D327C,1.0,LPath
D327E,0.9995,LPath
D327F,0.9997,LPath
D327G,0.9996,LPath
D327H,0.9998,LPath
D327I,1.0,LPath
D327K,0.9999,LPath
D327L,0.9999,LPath
D327M,0.9999,LPath
D327N,0.9993,LPath
D327P,0.9999,LPath
D327Q,0.9999,LPath
D327R,0.9999,LPath
D327S,0.9993,LPath
D327T,0.9999,LPath
D327V,0.9999,LPath
D327W,0.9999,LPath
D327Y,0.9989,LPath
M328A,0.9907,LPath
M328C,0.934,LPath
M328D,0.9999,LPath
M328E,0.9988,LPath
M328F,0.8441,LPath
M328G,0.9979,LPath
M328H,0.9949,LPath
M328I,0.9517,LPath
M328K,0.9963,LPath
M328L,0.5762,LPath
M328N,0.9954,LPath
M328P,0.9999,LPath
M328Q,0.9879,LPath
M328R,0.9963,LPath
M328S,0.9948,LPath
M328T,0.9803,LPath
M328V,0.4614,Amb
M328W,0.997,LPath
M328Y,0.991,LPath
M329A,0.9636,LPath
M329C,0.9539,LPath
M329D,0.9992,LPath
M329E,0.9907,LPath
M329F,0.9576,LPath
M329G,0.9908,LPath
M329H,0.9953,LPath
M329I,0.7743,LPath
M329K,0.9617,LPath
M329L,0.2399,LBen
M329N,0.9893,LPath
M329P,0.9997,LPath
M329Q,0.9453,LPath
M329R,0.9743,LPath
M329S,0.9832,LPath
M329T,0.9099,LPath
M329V,0.4092,Amb
M329W,0.9948,LPath
M329Y,0.9925,LPath
E330A,0.9671,LPath
E330C,0.9964,LPath
E330D,0.7828,LPath
E330F,0.9992,LPath
E330G,0.881,LPath
E330H,0.9971,LPath
E330I,0.9975,LPath
E330K,0.9938,LPath
E330L,0.9945,LPath
E330M,0.9954,LPath
E330N,0.9794,LPath
E330P,0.9996,LPath
E330Q,0.9365,LPath
E330R,0.9908,LPath
E330S,0.9567,LPath
E330T,0.988,LPath
E330V,0.9904,LPath
E330W,0.9996,LPath
E330Y,0.9976,LPath
R331A,0.999,LPath
R331C,0.998,LPath
R331D,0.9987,LPath
R331E,0.9974,LPath
R331F,0.9994,LPath
R331G,0.9954,LPath
R331H,0.987,LPath
R331I,0.9994,LPath
R331K,0.9393,LPath
R331L,0.9975,LPath
R331M,0.9994,LPath
R331N,0.9988,LPath
R331P,0.9996,LPath
R331Q,0.9888,LPath
R331S,0.9994,LPath
R331T,0.9994,LPath
R331V,0.9993,LPath
R331W,0.9942,LPath
R331Y,0.9966,LPath
G332A,0.86,LPath
G332C,0.9007,LPath
G332D,0.9826,LPath
G332E,0.9818,LPath
G332F,0.9943,LPath
G332H,0.981,LPath
G332I,0.9963,LPath
G332K,0.9861,LPath
G332L,0.9901,LPath
G332M,0.9881,LPath
G332N,0.9325,LPath
G332P,0.9996,LPath
G332Q,0.9364,LPath
G332R,0.958,LPath
G332S,0.7584,LPath
G332T,0.9749,LPath
G332V,0.99,LPath
G332W,0.99,LPath
G332Y,0.9861,LPath
K333A,0.9868,LPath
K333C,0.9533,LPath
K333D,0.9978,LPath
K333E,0.9938,LPath
K333F,0.9942,LPath
K333G,0.9887,LPath
K333H,0.8903,LPath
K333I,0.9554,LPath
K333L,0.9617,LPath
K333M,0.9459,LPath
K333N,0.9926,LPath
K333P,0.9975,LPath
K333Q,0.9248,LPath
K333R,0.1337,LBen
K333S,0.9937,LPath
K333T,0.9692,LPath
K333V,0.9248,LPath
K333W,0.9846,LPath
K333Y,0.9716,LPath
I334A,0.9301,LPath
I334C,0.9787,LPath
I334D,0.9998,LPath
I334E,0.9993,LPath
I334F,0.9591,LPath
I334G,0.9958,LPath
I334H,0.9996,LPath
I334K,0.9992,LPath
I334L,0.4283,Amb
I334M,0.6319,LPath
I334N,0.9974,LPath
I334P,0.9978,LPath
I334Q,0.9993,LPath
I334R,0.9987,LPath
I334S,0.9882,LPath
I334T,0.8589,LPath
I334V,0.1205,LBen
I334W,0.999,LPath
I334Y,0.9973,LPath
G335A,0.4172,Amb
G335C,0.7507,LPath
G335D,0.986,LPath
G335E,0.9885,LPath
G335F,0.9864,LPath
G335H,0.9749,LPath
G335I,0.9842,LPath
G335K,0.993,LPath
G335L,0.9697,LPath
G335M,0.9728,LPath
G335N,0.9575,LPath
G335P,0.999,LPath
G335Q,0.9638,LPath
G335R,0.9763,LPath
G335S,0.3646,Amb
G335T,0.8689,LPath
G335V,0.9609,LPath
G335W,0.9857,LPath
G335Y,0.9829,LPath
L336A,0.98,LPath
L336C,0.9431,LPath
L336D,0.9998,LPath
L336E,0.9988,LPath
L336F,0.8401,LPath
L336G,0.9932,LPath
L336H,0.9969,LPath
L336I,0.7666,LPath
L336K,0.9973,LPath
L336M,0.3994,Amb
L336N,0.9972,LPath
L336P,0.9969,LPath
L336Q,0.9956,LPath
L336R,0.9958,LPath
L336S,0.9968,LPath
L336T,0.971,LPath
L336V,0.7396,LPath
L336W,0.9871,LPath
L336Y,0.9933,LPath
D337A,0.611,LPath
D337C,0.9054,LPath
D337E,0.3082,LBen
D337F,0.9534,LPath
D337G,0.6553,LPath
D337H,0.7428,LPath
D337I,0.8917,LPath
D337K,0.9197,LPath
D337L,0.8805,LPath
D337M,0.9319,LPath
D337N,0.3195,LBen
D337P,0.9808,LPath
D337Q,0.7371,LPath
D337R,0.8956,LPath
D337S,0.4225,Amb
D337T,0.7138,LPath
D337V,0.7643,LPath
D337W,0.9868,LPath
D337Y,0.775,LPath
F338A,0.5984,LPath
F338C,0.1512,LBen
F338D,0.821,LPath
F338E,0.862,LPath
F338G,0.7681,LPath
F338H,0.3046,LBen
F338I,0.4601,Amb
F338K,0.8419,LPath
F338L,0.8568,LPath
F338M,0.575,LPath
F338N,0.4926,Amb
F338P,0.9965,LPath
F338Q,0.6727,LPath
F338R,0.6709,LPath
F338S,0.4069,Amb
F338T,0.6738,LPath
F338V,0.3588,Amb
F338W,0.5089,Amb
F338Y,0.0816,LBen
C339A,0.9027,LPath
C339D,0.9991,LPath
C339E,0.9993,LPath
C339F,0.9901,LPath
C339G,0.9031,LPath
C339H,0.9987,LPath
C339I,0.6776,LPath
C339K,0.9997,LPath
C339L,0.7622,LPath
C339M,0.9448,LPath
C339N,0.9898,LPath
C339P,0.9972,LPath
C339Q,0.9977,LPath
C339R,0.9976,LPath
C339S,0.8815,LPath
C339T,0.7788,LPath
C339V,0.4883,Amb
C339W,0.9987,LPath
C339Y,0.9982,LPath
K340A,0.4237,Amb
K340C,0.4262,Amb
K340D,0.5378,Amb
K340E,0.2368,LBen
K340F,0.838,LPath
K340G,0.4323,Amb
K340H,0.1744,LBen
K340I,0.5713,LPath
K340L,0.4737,Amb
K340M,0.3775,Amb
K340N,0.3127,LBen
K340P,0.9246,LPath
K340Q,0.1014,LBen
K340R,0.0643,LBen
K340S,0.3299,LBen
K340T,0.2206,LBen
K340V,0.4729,Amb
K340W,0.7113,LPath
K340Y,0.601,LPath
Y341A,0.9702,LPath
Y341C,0.7035,LPath
Y341D,0.9755,LPath
Y341E,0.9936,LPath
Y341F,0.1032,LBen
Y341G,0.9535,LPath
Y341H,0.826,LPath
Y341I,0.912,LPath
Y341K,0.9947,LPath
Y341L,0.9139,LPath
Y341M,0.9296,LPath
Y341N,0.8317,LPath
Y341P,0.9989,LPath
Y341Q,0.9849,LPath
Y341R,0.9877,LPath
Y341S,0.9084,LPath
Y341T,0.9564,LPath
Y341V,0.8464,LPath
Y341W,0.7684,LPath
L342A,0.9844,LPath
L342C,0.9439,LPath
L342D,0.9999,LPath
L342E,0.9997,LPath
L342F,0.8357,LPath
L342G,0.9978,LPath
L342H,0.998,LPath
L342I,0.6461,LPath
L342K,0.9994,LPath
L342M,0.7163,LPath
L342N,0.9994,LPath
L342P,0.9997,LPath
L342Q,0.9987,LPath
L342R,0.9981,LPath
L342S,0.9988,LPath
L342T,0.9869,LPath
L342V,0.591,LPath
L342W,0.996,LPath
L342Y,0.994,LPath
V343A,0.9244,LPath
V343C,0.9373,LPath
V343D,0.9995,LPath
V343E,0.9989,LPath
V343F,0.9879,LPath
V343G,0.9754,LPath
V343H,0.9996,LPath
V343I,0.1615,LBen
V343K,0.9996,LPath
V343L,0.9516,LPath
V343M,0.9539,LPath
V343N,0.9966,LPath
V343P,0.999,LPath
V343Q,0.9983,LPath
V343R,0.9988,LPath
V343S,0.9608,LPath
V343T,0.8988,LPath
V343W,0.9999,LPath
V343Y,0.9992,LPath
L344A,0.986,LPath
L344C,0.9664,LPath
L344D,0.9999,LPath
L344E,0.9993,LPath
L344F,0.9206,LPath
L344G,0.9976,LPath
L344H,0.9991,LPath
L344I,0.8024,LPath
L344K,0.999,LPath
L344M,0.6323,LPath
L344N,0.9994,LPath
L344P,0.9996,LPath
L344Q,0.9988,LPath
L344R,0.9979,LPath
L344S,0.9988,LPath
L344T,0.994,LPath
L344V,0.8409,LPath
L344W,0.9949,LPath
L344Y,0.997,LPath
D345A,0.9995,LPath
D345C,0.9999,LPath
D345E,0.999,LPath
D345F,0.9999,LPath
D345G,0.9988,LPath
D345H,0.9993,LPath
D345I,0.9998,LPath
D345K,0.9997,LPath
D345L,0.9993,LPath
D345M,0.9999,LPath
D345N,0.9983,LPath
D345P,0.9999,LPath
D345Q,0.9997,LPath
D345R,0.9994,LPath
D345S,0.998,LPath
D345T,0.9997,LPath
D345V,0.9994,LPath
D345W,0.9998,LPath
D345Y,0.9991,LPath
E346A,0.9995,LPath
E346C,0.9997,LPath
E346D,0.9997,LPath
E346F,1.0,LPath
E346G,0.9991,LPath
E346H,0.9999,LPath
E346I,0.9999,LPath
E346K,0.9996,LPath
E346L,0.9999,LPath
E346M,0.9992,LPath
E346N,0.9996,LPath
E346P,1.0,LPath
E346Q,0.9995,LPath
E346R,0.9997,LPath
E346S,0.9997,LPath
E346T,0.9999,LPath
E346V,0.9997,LPath
E346W,1.0,LPath
E346Y,1.0,LPath
A347C,0.9894,LPath
A347D,0.9999,LPath
A347E,0.9997,LPath
A347F,0.9988,LPath
A347G,0.9542,LPath
A347H,0.9999,LPath
A347I,0.9994,LPath
A347K,0.9999,LPath
A347L,0.9947,LPath
A347M,0.998,LPath
A347N,0.9997,LPath
A347P,0.9994,LPath
A347Q,0.9993,LPath
A347R,0.9986,LPath
A347S,0.9404,LPath
A347T,0.9971,LPath
A347V,0.997,LPath
A347W,0.9999,LPath
A347Y,0.9996,LPath
D348A,1.0,LPath
D348C,1.0,LPath
D348E,0.9999,LPath
D348F,1.0,LPath
D348G,0.9999,LPath
D348H,1.0,LPath
D348I,1.0,LPath
D348K,1.0,LPath
D348L,1.0,LPath
D348M,1.0,LPath
D348N,0.9998,LPath
D348P,1.0,LPath
D348Q,1.0,LPath
D348R,0.9999,LPath
D348S,0.9999,LPath
D348T,1.0,LPath
D348V,1.0,LPath
D348W,1.0,LPath
D348Y,0.9999,LPath
R349A,0.999,LPath
R349C,0.996,LPath
R349D,0.9996,LPath
R349E,0.993,LPath
R349F,0.9998,LPath
R349G,0.9977,LPath
R349H,0.9956,LPath
R349I,0.9988,LPath
R349K,0.9901,LPath
R349L,0.996,LPath
R349M,0.9997,LPath
R349N,0.9993,LPath
R349P,0.9999,LPath
R349Q,0.9874,LPath
R349S,0.9993,LPath
R349T,0.9991,LPath
R349V,0.9985,LPath
R349W,0.9984,LPath
R349Y,0.9995,LPath
M350A,0.9993,LPath
M350C,0.996,LPath
M350D,1.0,LPath
M350E,0.9998,LPath
M350F,0.9968,LPath
M350G,0.9997,LPath
M350H,0.9998,LPath
M350I,0.9998,LPath
M350K,0.9998,LPath
M350L,0.9815,LPath
M350N,0.9997,LPath
M350P,1.0,LPath
M350Q,0.9967,LPath
M350R,0.9999,LPath
M350S,0.9993,LPath
M350T,0.9999,LPath
M350V,0.9986,LPath
M350W,0.9999,LPath
M350Y,0.9996,LPath
L351A,0.9974,LPath
L351C,0.9994,LPath
L351D,1.0,LPath
L351E,0.9998,LPath
L351F,0.9989,LPath
L351G,0.999,LPath
L351H,0.9998,LPath
L351I,0.9834,LPath
L351K,0.9993,LPath
L351M,0.9727,LPath
L351N,0.9997,LPath
L351P,1.0,LPath
L351Q,0.9998,LPath
L351R,0.9988,LPath
L351S,0.9998,LPath
L351T,0.9991,LPath
L351V,0.9933,LPath
L351W,0.9995,LPath
L351Y,0.9996,LPath
D352A,0.9993,LPath
D352C,0.9999,LPath
D352E,0.9993,LPath
D352F,0.9997,LPath
D352G,0.9989,LPath
D352H,0.9996,LPath
D352I,0.9999,LPath
D352K,0.9998,LPath
D352L,0.9995,LPath
D352M,0.9999,LPath
D352N,0.9985,LPath
D352P,0.9999,LPath
D352Q,0.9997,LPath
D352R,0.9996,LPath
D352S,0.9984,LPath
D352T,0.9998,LPath
D352V,0.9995,LPath
D352W,0.9999,LPath
D352Y,0.9982,LPath
M353A,0.9993,LPath
M353C,0.9973,LPath
M353D,0.9997,LPath
M353E,0.9988,LPath
M353F,0.9896,LPath
M353G,0.9987,LPath
M353H,0.9989,LPath
M353I,0.9998,LPath
M353K,0.9982,LPath
M353L,0.9657,LPath
M353N,0.9987,LPath
M353P,1.0,LPath
M353Q,0.994,LPath
M353R,0.9978,LPath
M353S,0.9985,LPath
M353T,0.9998,LPath
M353V,0.9959,LPath
M353W,0.9979,LPath
M353Y,0.9982,LPath
G354A,0.9988,LPath
G354C,0.9995,LPath
G354D,0.9998,LPath
G354E,0.9999,LPath
G354F,0.9999,LPath
G354H,1.0,LPath
G354I,0.9998,LPath
G354K,1.0,LPath
G354L,0.9998,LPath
G354M,0.9999,LPath
G354N,0.9998,LPath
G354P,0.9999,LPath
G354Q,0.9999,LPath
G354R,0.9999,LPath
G354S,0.999,LPath
G354T,0.9996,LPath
G354V,0.9997,LPath
G354W,1.0,LPath
G354Y,0.9998,LPath
F355A,0.9999,LPath
F355C,1.0,LPath
F355D,1.0,LPath
F355E,0.9999,LPath
F355G,0.9999,LPath
F355H,0.9999,LPath
F355I,0.9999,LPath
F355K,1.0,LPath
F355L,1.0,LPath
F355M,0.9998,LPath
F355N,0.9999,LPath
F355P,1.0,LPath
F355Q,0.9999,LPath
F355R,0.9999,LPath
F355S,1.0,LPath
F355T,1.0,LPath
F355V,0.9999,LPath
F355W,0.9962,LPath
F355Y,0.9968,LPath
E356A,0.9598,LPath
E356C,0.9963,LPath
E356D,0.9988,LPath
E356F,0.9987,LPath
E356G,0.9501,LPath
E356H,0.9988,LPath
E356I,0.9947,LPath
E356K,0.997,LPath
E356L,0.9914,LPath
E356M,0.9955,LPath
E356N,0.9995,LPath
E356P,0.9996,LPath
E356Q,0.9749,LPath
E356R,0.9951,LPath
E356S,0.9872,LPath
E356T,0.9961,LPath
E356V,0.9918,LPath
E356W,0.9998,LPath
E356Y,0.9984,LPath
P357A,0.9336,LPath
P357C,0.9968,LPath
P357D,0.9949,LPath
P357E,0.9896,LPath
P357F,0.9981,LPath
P357G,0.9652,LPath
P357H,0.987,LPath
P357I,0.9893,LPath
P357K,0.9899,LPath
P357L,0.9587,LPath
P357M,0.9876,LPath
P357N,0.9879,LPath
P357Q,0.9763,LPath
P357R,0.9847,LPath
P357S,0.9806,LPath
P357T,0.9592,LPath
P357V,0.9676,LPath
P357W,0.999,LPath
P357Y,0.9972,LPath
Q358A,0.6795,LPath
Q358C,0.9988,LPath
Q358D,0.9914,LPath
Q358E,0.9116,LPath
Q358F,0.9979,LPath
Q358G,0.9535,LPath
Q358H,0.9981,LPath
Q358I,0.9831,LPath
Q358K,0.9938,LPath
Q358L,0.9834,LPath
Q358M,0.94,LPath
Q358N,0.956,LPath
Q358P,0.9818,LPath
Q358R,0.9941,LPath
Q358S,0.746,LPath
Q358T,0.8755,LPath
Q358V,0.9351,LPath
Q358W,0.9994,LPath
Q358Y,0.9984,LPath
I359A,0.9994,LPath
I359C,0.9997,LPath
I359D,1.0,LPath
I359E,0.9998,LPath
I359F,0.9974,LPath
I359G,0.9999,LPath
I359H,1.0,LPath
I359K,0.9999,LPath
I359L,0.9522,LPath
I359M,0.9509,LPath
I359N,0.9997,LPath
I359P,0.9998,LPath
I359Q,0.9998,LPath
I359R,0.9997,LPath
I359S,0.9996,LPath
I359T,0.9993,LPath
I359V,0.7507,LPath
I359W,0.9999,LPath
I359Y,0.9997,LPath
R360A,0.9996,LPath
R360C,0.9891,LPath
R360D,0.9998,LPath
R360E,0.9979,LPath
R360F,0.9997,LPath
R360G,0.9988,LPath
R360H,0.9805,LPath
R360I,0.9992,LPath
R360K,0.9599,LPath
R360L,0.9961,LPath
R360M,0.9996,LPath
R360N,0.9996,LPath
R360P,0.9999,LPath
R360Q,0.9824,LPath
R360S,0.9996,LPath
R360T,0.9997,LPath
R360V,0.9991,LPath
R360W,0.9944,LPath
R360Y,0.9988,LPath
R361A,0.9829,LPath
R361C,0.8784,LPath
R361D,0.9893,LPath
R361E,0.9555,LPath
R361F,0.9889,LPath
R361G,0.963,LPath
R361H,0.6377,LPath
R361I,0.9848,LPath
R361K,0.5542,Amb
R361L,0.9436,LPath
R361M,0.9783,LPath
R361N,0.9788,LPath
R361P,0.9996,LPath
R361Q,0.6702,LPath
R361S,0.9857,LPath
R361T,0.9795,LPath
R361V,0.9796,LPath
R361W,0.924,LPath
R361Y,0.9536,LPath
I362A,0.9928,LPath
I362C,0.9978,LPath
I362D,0.9999,LPath
I362E,0.9995,LPath
I362F,0.9891,LPath
I362G,0.9994,LPath
I362H,0.9998,LPath
I362K,0.9995,LPath
I362L,0.7549,LPath
I362M,0.8194,LPath
I362N,0.9991,LPath
I362P,0.9995,LPath
I362Q,0.9995,LPath
I362R,0.9991,LPath
I362S,0.998,LPath
I362T,0.9906,LPath
I362V,0.5287,Amb
I362W,0.9996,LPath
I362Y,0.999,LPath
V363A,0.9817,LPath
V363C,0.9816,LPath
V363D,0.9997,LPath
V363E,0.999,LPath
V363F,0.9924,LPath
V363G,0.9898,LPath
V363H,0.9997,LPath
V363I,0.3529,Amb
V363K,0.9986,LPath
V363L,0.9708,LPath
V363M,0.9752,LPath
V363N,0.999,LPath
V363P,0.9996,LPath
V363Q,0.9985,LPath
V363R,0.9955,LPath
V363S,0.9906,LPath
V363T,0.945,LPath
V363W,0.9997,LPath
V363Y,0.9992,LPath
E364A,0.7624,LPath
E364C,0.9786,LPath
E364D,0.7259,LPath
E364F,0.9911,LPath
E364G,0.7726,LPath
E364H,0.9705,LPath
E364I,0.9592,LPath
E364K,0.9307,LPath
E364L,0.9081,LPath
E364M,0.9123,LPath
E364N,0.9032,LPath
E364P,0.9994,LPath
E364Q,0.434,Amb
E364R,0.937,LPath
E364S,0.7749,LPath
E364T,0.8769,LPath
E364V,0.8819,LPath
E364W,0.998,LPath
E364Y,0.9882,LPath
Q365A,0.3454,Amb
Q365C,0.8113,LPath
Q365D,0.662,LPath
Q365E,0.1508,LBen
Q365F,0.9273,LPath
Q365G,0.3036,LBen
Q365H,0.5278,Amb
Q365I,0.8038,LPath
Q365K,0.1538,LBen
Q365L,0.3697,Amb
Q365M,0.4543,Amb
Q365N,0.4533,Amb
Q365P,0.9835,LPath
Q365R,0.2277,LBen
Q365S,0.4028,Amb
Q365T,0.3845,Amb
Q365V,0.612,LPath
Q365W,0.9372,LPath
Q365Y,0.8446,LPath
D366A,0.9403,LPath
D366C,0.9811,LPath
D366E,0.8675,LPath
D366F,0.9854,LPath
D366G,0.8729,LPath
D366H,0.9646,LPath
D366I,0.9923,LPath
D366K,0.9884,LPath
D366L,0.9888,LPath
D366M,0.9925,LPath
D366N,0.7958,LPath
D366P,0.998,LPath
D366Q,0.9723,LPath
D366R,0.9878,LPath
D366S,0.8775,LPath
D366T,0.969,LPath
D366V,0.9697,LPath
D366W,0.997,LPath
D366Y,0.9144,LPath
T367A,0.1016,LBen
T367C,0.3021,LBen
T367D,0.4484,Amb
T367E,0.4714,Amb
T367F,0.4494,Amb
T367G,0.1771,LBen
T367H,0.3329,LBen
T367I,0.4586,Amb
T367K,0.3809,Amb
T367L,0.1992,LBen
T367M,0.1462,LBen
T367N,0.13,LBen
T367P,0.4482,Amb
T367Q,0.3195,LBen
T367R,0.3427,Amb
T367S,0.1086,LBen
T367V,0.2558,LBen
T367W,0.782,LPath
T367Y,0.488,Amb
M368A,0.9927,LPath
M368C,0.9464,LPath
M368D,0.9999,LPath
M368E,0.9995,LPath
M368F,0.9521,LPath
M368G,0.9985,LPath
M368H,0.9989,LPath
M368I,0.9883,LPath
M368K,0.9979,LPath
M368L,0.587,LPath
M368N,0.9985,LPath
M368P,0.9992,LPath
M368Q,0.9936,LPath
M368R,0.9984,LPath
M368S,0.995,LPath
M368T,0.9954,LPath
M368V,0.8654,LPath
M368W,0.9992,LPath
M368Y,0.9978,LPath
P369A,0.7922,LPath
P369C,0.9665,LPath
P369D,0.9966,LPath
P369E,0.9874,LPath
P369F,0.9942,LPath
P369G,0.9676,LPath
P369H,0.9737,LPath
P369I,0.9405,LPath
P369K,0.9829,LPath
P369L,0.8269,LPath
P369M,0.9572,LPath
P369N,0.987,LPath
P369Q,0.9617,LPath
P369R,0.962,LPath
P369S,0.9361,LPath
P369T,0.8715,LPath
P369V,0.8717,LPath
P369W,0.9971,LPath
P369Y,0.9936,LPath
P370A,0.0675,LBen
P370C,0.2872,LBen
P370D,0.3891,Amb
P370E,0.2065,LBen
P370F,0.4916,Amb
P370G,0.1967,LBen
P370H,0.1582,LBen
P370I,0.2767,LBen
P370K,0.2014,LBen
P370L,0.1241,LBen
P370M,0.2277,LBen
P370N,0.2273,LBen
P370Q,0.0968,LBen
P370R,0.1479,LBen
P370S,0.105,LBen
P370T,0.1158,LBen
P370V,0.1627,LBen
P370W,0.6673,LPath
P370Y,0.4411,Amb
K371A,0.566,LPath
K371C,0.7111,LPath
K371D,0.9552,LPath
K371E,0.7285,LPath
K371F,0.9883,LPath
K371G,0.7975,LPath
K371H,0.7154,LPath
K371I,0.7693,LPath
K371L,0.7801,LPath
K371M,0.6602,LPath
K371N,0.8817,LPath
K371P,0.7138,LPath
K371Q,0.3586,Amb
K371R,0.0936,LBen
K371S,0.7403,LPath
K371T,0.302,LBen
K371V,0.5429,Amb
K371W,0.98,LPath
K371Y,0.9674,LPath
G372A,0.5995,LPath
G372C,0.7631,LPath
G372D,0.7697,LPath
G372E,0.8159,LPath
G372F,0.9685,LPath
G372H,0.9139,LPath
G372I,0.948,LPath
G372K,0.9466,LPath
G372L,0.9389,LPath
G372M,0.9263,LPath
G372N,0.6493,LPath
G372P,0.9879,LPath
G372Q,0.8719,LPath
G372R,0.9227,LPath
G372S,0.4526,Amb
G372T,0.7047,LPath
G372V,0.8831,LPath
G372W,0.9663,LPath
G372Y,0.935,LPath
V373A,0.1156,LBen
V373C,0.3722,Amb
V373D,0.1665,LBen
V373E,0.1315,LBen
V373F,0.108,LBen
V373G,0.1429,LBen
V373H,0.268,LBen
V373I,0.0604,LBen
V373K,0.1843,LBen
V373L,0.09,LBen
V373M,0.0723,LBen
V373N,0.1081,LBen
V373P,0.6808,LPath
V373Q,0.128,LBen
V373R,0.1881,LBen
V373S,0.1035,LBen
V373T,0.1094,LBen
V373W,0.5762,LPath
V373Y,0.2859,LBen
R374A,0.9994,LPath
R374C,0.9763,LPath
R374D,0.9997,LPath
R374E,0.9976,LPath
R374F,0.9996,LPath
R374G,0.9983,LPath
R374H,0.9774,LPath
R374I,0.9984,LPath
R374K,0.9786,LPath
R374L,0.9943,LPath
R374M,0.9997,LPath
R374N,0.9995,LPath
R374P,0.9989,LPath
R374Q,0.9888,LPath
R374S,0.9996,LPath
R374T,0.9994,LPath
R374V,0.9984,LPath
R374W,0.9938,LPath
R374Y,0.9979,LPath
H375A,0.3974,Amb
H375C,0.1775,LBen
H375D,0.4603,Amb
H375E,0.3225,LBen
H375F,0.4682,Amb
H375G,0.4663,Amb
H375I,0.3972,Amb
H375K,0.349,Amb
H375L,0.1841,LBen
H375M,0.4457,Amb
H375N,0.1425,LBen
H375P,0.7716,LPath
H375Q,0.1056,LBen
H375R,0.1859,LBen
H375S,0.2692,LBen
H375T,0.3084,LBen
H375V,0.3118,LBen
H375W,0.5636,Amb
H375Y,0.1799,LBen
T376A,0.9594,LPath
T376C,0.9697,LPath
T376D,0.9982,LPath
T376E,0.9987,LPath
T376F,0.9984,LPath
T376G,0.9683,LPath
T376H,0.9954,LPath
T376I,0.9925,LPath
T376K,0.9981,LPath
T376L,0.978,LPath
T376M,0.9545,LPath
T376N,0.9758,LPath
T376P,0.9858,LPath
T376Q,0.9948,LPath
T376R,0.9974,LPath
T376S,0.8456,LPath
T376V,0.954,LPath
T376W,0.9997,LPath
T376Y,0.9991,LPath
M377A,0.8001,LPath
M377C,0.7916,LPath
M377D,0.9992,LPath
M377E,0.9928,LPath
M377F,0.8973,LPath
M377G,0.9662,LPath
M377H,0.9921,LPath
M377I,0.8327,LPath
M377K,0.982,LPath
M377L,0.1649,LBen
M377N,0.9818,LPath
M377P,0.9993,LPath
M377Q,0.954,LPath
M377R,0.9846,LPath
M377S,0.9257,LPath
M377T,0.8362,LPath
M377V,0.1773,LBen
M377W,0.9958,LPath
M377Y,0.9866,LPath
M378A,0.9968,LPath
M378C,0.9873,LPath
M378D,0.9999,LPath
M378E,0.9998,LPath
M378F,0.969,LPath
M378G,0.9981,LPath
M378H,0.9996,LPath
M378I,0.9976,LPath
M378K,0.9993,LPath
M378L,0.4892,Amb
M378N,0.999,LPath
M378P,0.9999,LPath
M378Q,0.9973,LPath
M378R,0.9993,LPath
M378S,0.9986,LPath
M378T,0.9991,LPath
M378V,0.9752,LPath
M378W,0.9997,LPath
M378Y,0.9981,LPath
F379A,0.9994,LPath
F379C,0.9973,LPath
F379D,0.9998,LPath
F379E,0.9999,LPath
F379G,0.9991,LPath
F379H,0.9989,LPath
F379I,0.9986,LPath
F379K,0.9999,LPath
F379L,0.9996,LPath
F379M,0.9975,LPath
F379N,0.9991,LPath
F379P,1.0,LPath
F379Q,0.9998,LPath
F379R,0.9996,LPath
F379S,0.9991,LPath
F379T,0.9995,LPath
F379V,0.9966,LPath
F379W,0.9883,LPath
F379Y,0.9075,LPath
S380A,0.9656,LPath
S380C,0.9956,LPath
S380D,0.9998,LPath
S380E,0.9992,LPath
S380F,0.9998,LPath
S380G,0.9942,LPath
S380H,0.9994,LPath
S380I,0.9997,LPath
S380K,1.0,LPath
S380L,0.9989,LPath
S380M,0.9993,LPath
S380N,0.9998,LPath
S380P,0.9996,LPath
S380Q,0.9994,LPath
S380R,0.9999,LPath
S380T,0.9719,LPath
S380V,0.9994,LPath
S380W,0.9992,LPath
S380Y,0.9997,LPath
A381C,0.9973,LPath
A381D,0.9999,LPath
A381E,0.9996,LPath
A381F,0.9984,LPath
A381G,0.9983,LPath
A381H,0.9998,LPath
A381I,0.9996,LPath
A381K,0.9999,LPath
A381L,0.9954,LPath
A381M,0.9993,LPath
A381N,0.9998,LPath
A381P,0.9995,LPath
A381Q,0.9994,LPath
A381R,0.9977,LPath
A381S,0.9592,LPath
A381T,0.9989,LPath
A381V,0.9993,LPath
A381W,0.9998,LPath
A381Y,0.9995,LPath
T382A,0.996,LPath
T382C,0.9992,LPath
T382D,0.9998,LPath
T382E,0.9994,LPath
T382F,0.9995,LPath
T382G,0.9982,LPath
T382H,0.9991,LPath
T382I,0.999,LPath
T382K,0.9991,LPath
T382L,0.9967,LPath
T382M,0.9975,LPath
T382N,0.9973,LPath
T382P,0.9956,LPath
T382Q,0.9992,LPath
T382R,0.9981,LPath
T382S,0.9929,LPath
T382V,0.9945,LPath
T382W,0.9999,LPath
T382Y,0.9996,LPath
F383A,0.9995,LPath
F383C,0.9994,LPath
F383D,0.9999,LPath
F383E,0.9999,LPath
F383G,0.9998,LPath
F383H,0.9992,LPath
F383I,0.9989,LPath
F383K,0.9999,LPath
F383L,0.9999,LPath
F383M,0.9984,LPath
F383N,0.9995,LPath
F383P,1.0,LPath
F383Q,0.9998,LPath
F383R,0.9996,LPath
F383S,0.9993,LPath
F383T,0.9998,LPath
F383V,0.9989,LPath
F383W,0.9891,LPath
F383Y,0.9295,LPath
P384A,0.9929,LPath
P384C,0.9996,LPath
P384D,0.9995,LPath
P384E,0.9992,LPath
P384F,0.9999,LPath
P384G,0.9972,LPath
P384H,0.9983,LPath
P384I,0.9999,LPath
P384K,0.999,LPath
P384L,0.998,LPath
P384M,0.9998,LPath
P384N,0.9992,LPath
P384Q,0.9982,LPath
P384R,0.9969,LPath
P384S,0.9955,LPath
P384T,0.9981,LPath
P384V,0.9996,LPath
P384W,0.9999,LPath
P384Y,0.9999,LPath
K385A,0.9116,LPath
K385C,0.9663,LPath
K385D,0.9734,LPath
K385E,0.8945,LPath
K385F,0.9931,LPath
K385G,0.9175,LPath
K385H,0.775,LPath
K385I,0.9629,LPath
K385L,0.9196,LPath
K385M,0.8964,LPath
K385N,0.9627,LPath
K385P,0.9418,LPath
K385Q,0.5891,LPath
K385R,0.0922,LBen
K385S,0.9357,LPath
K385T,0.8701,LPath
K385V,0.9019,LPath
K385W,0.9736,LPath
K385Y,0.9681,LPath
E386A,0.8062,LPath
E386C,0.996,LPath
E386D,0.6551,LPath
E386F,0.9979,LPath
E386G,0.8885,LPath
E386H,0.9824,LPath
E386I,0.987,LPath
E386K,0.9223,LPath
E386L,0.9886,LPath
E386M,0.9836,LPath
E386N,0.867,LPath
E386P,0.929,LPath
E386Q,0.6978,LPath
E386R,0.9345,LPath
E386S,0.8552,LPath
E386T,0.9386,LPath
E386V,0.9486,LPath
E386W,0.9994,LPath
E386Y,0.9926,LPath
I387A,0.9983,LPath
I387C,0.9997,LPath
I387D,0.9999,LPath
I387E,0.9995,LPath
I387F,0.9975,LPath
I387G,0.9998,LPath
I387H,1.0,LPath
I387K,0.9998,LPath
I387L,0.9848,LPath
I387M,0.9545,LPath
I387N,0.9992,LPath
I387P,0.9995,LPath
I387Q,0.9998,LPath
I387R,0.9997,LPath
I387S,0.9986,LPath
I387T,0.9983,LPath
I387V,0.761,LPath
I387W,0.9999,LPath
I387Y,0.9996,LPath
Q388A,0.9313,LPath
Q388C,0.9984,LPath
Q388D,0.9997,LPath
Q388E,0.9617,LPath
Q388F,0.9994,LPath
Q388G,0.9752,LPath
Q388H,0.9994,LPath
Q388I,0.995,LPath
Q388K,0.9821,LPath
Q388L,0.9903,LPath
Q388M,0.9807,LPath
Q388N,0.9964,LPath
Q388P,0.9983,LPath
Q388R,0.9631,LPath
Q388S,0.9504,LPath
Q388T,0.9742,LPath
Q388V,0.9852,LPath
Q388W,0.9996,LPath
Q388Y,0.9994,LPath
M389A,0.7454,LPath
M389C,0.7704,LPath
M389D,0.9791,LPath
M389E,0.8724,LPath
M389F,0.4303,Amb
M389G,0.9005,LPath
M389H,0.7182,LPath
M389I,0.1955,LBen
M389K,0.64,LPath
M389L,0.1485,LBen
M389N,0.7673,LPath
M389P,0.998,LPath
M389Q,0.5411,Amb
M389R,0.6579,LPath
M389S,0.8045,LPath
M389T,0.6599,LPath
M389V,0.0901,LBen
M389W,0.8434,LPath
M389Y,0.7137,LPath
L390A,0.9923,LPath
L390C,0.9978,LPath
L390D,0.9999,LPath
L390E,0.9994,LPath
L390F,0.9944,LPath
L390G,0.9988,LPath
L390H,0.9993,LPath
L390I,0.9673,LPath
L390K,0.9973,LPath
L390M,0.736,LPath
L390N,0.9993,LPath
L390P,0.9999,LPath
L390Q,0.9986,LPath
L390R,0.997,LPath
L390S,0.9995,LPath
L390T,0.9973,LPath
L390V,0.9771,LPath
L390W,0.999,LPath
L390Y,0.9987,LPath
A391C,0.9837,LPath
A391D,0.9999,LPath
A391E,0.9995,LPath
A391F,0.9989,LPath
A391G,0.9548,LPath
A391H,0.9995,LPath
A391I,0.9995,LPath
A391K,0.9999,LPath
A391L,0.991,LPath
A391M,0.9987,LPath
A391N,0.9997,LPath
A391P,0.999,LPath
A391Q,0.9978,LPath
A391R,0.9975,LPath
A391S,0.8832,LPath
A391T,0.998,LPath
A391V,0.9979,LPath
A391W,0.9998,LPath
A391Y,0.9995,LPath
R392A,0.8589,LPath
R392C,0.5717,LPath
R392D,0.9809,LPath
R392E,0.8852,LPath
R392F,0.9762,LPath
R392G,0.7299,LPath
R392H,0.4087,Amb
R392I,0.9508,LPath
R392K,0.2634,LBen
R392L,0.86,LPath
R392M,0.8833,LPath
R392N,0.9431,LPath
R392P,0.9981,LPath
R392Q,0.2959,LBen
R392S,0.876,LPath
R392T,0.8466,LPath
R392V,0.9235,LPath
R392W,0.8283,LPath
R392Y,0.9214,LPath
D393A,0.9652,LPath
D393C,0.9975,LPath
D393E,0.9141,LPath
D393F,0.9972,LPath
D393G,0.9752,LPath
D393H,0.987,LPath
D393I,0.9948,LPath
D393K,0.9922,LPath
D393L,0.9937,LPath
D393M,0.9974,LPath
D393N,0.8888,LPath
D393P,0.9995,LPath
D393Q,0.9832,LPath
D393R,0.9904,LPath
D393S,0.9224,LPath
D393T,0.9803,LPath
D393V,0.9828,LPath
D393W,0.9993,LPath
D393Y,0.9757,LPath
F394A,0.9997,LPath
F394C,0.9989,LPath
F394D,0.9998,LPath
F394E,0.9998,LPath
F394G,0.9998,LPath
F394H,0.9982,LPath
F394I,0.9965,LPath
F394K,0.9998,LPath
F394L,0.9998,LPath
F394M,0.9976,LPath
F394N,0.9993,LPath
F394P,1.0,LPath
F394Q,0.9997,LPath
F394R,0.9994,LPath
F394S,0.9996,LPath
F394T,0.9996,LPath
F394V,0.997,LPath
F394W,0.9924,LPath
F394Y,0.9357,LPath
L395A,0.991,LPath
L395C,0.9673,LPath
L395D,0.9999,LPath
L395E,0.9994,LPath
L395F,0.9975,LPath
L395G,0.997,LPath
L395H,0.9994,LPath
L395I,0.9732,LPath
L395K,0.9989,LPath
L395M,0.7332,LPath
L395N,0.9994,LPath
L395P,0.9999,LPath
L395Q,0.9975,LPath
L395R,0.9978,LPath
L395S,0.9991,LPath
L395T,0.9948,LPath
L395V,0.9666,LPath
L395W,0.9997,LPath
L395Y,0.9998,LPath
D396A,0.2839,LBen
D396C,0.6696,LPath
D396E,0.1066,LBen
D396F,0.7535,LPath
D396G,0.2996,LBen
D396H,0.2604,LBen
D396I,0.7384,LPath
D396K,0.5581,Amb
D396L,0.655,LPath
D396M,0.7724,LPath
D396N,0.1385,LBen
D396P,0.9669,LPath
D396Q,0.2999,LBen
D396R,0.5513,Amb
D396S,0.1456,LBen
D396T,0.3869,Amb
D396V,0.4786,Amb
D396W,0.9123,LPath
D396Y,0.3817,Amb
E397A,0.3863,Amb
E397C,0.8868,LPath
E397D,0.0623,LBen
E397F,0.9616,LPath
E397G,0.2795,LBen
E397H,0.5673,LPath
E397I,0.893,LPath
E397K,0.3954,Amb
E397L,0.8638,LPath
E397M,0.8547,LPath
E397N,0.1533,LBen
E397P,0.9599,LPath
E397Q,0.2066,LBen
E397R,0.5232,Amb
E397S,0.2028,LBen
E397T,0.4592,Amb
E397V,0.7511,LPath
E397W,0.9809,LPath
E397Y,0.8528,LPath
Y398A,0.9976,LPath
Y398C,0.9917,LPath
Y398D,0.9964,LPath
Y398E,0.9992,LPath
Y398F,0.7978,LPath
Y398G,0.9861,LPath
Y398H,0.9959,LPath
Y398I,0.9979,LPath
Y398K,0.9995,LPath
Y398L,0.993,LPath
Y398M,0.9974,LPath
Y398N,0.9872,LPath
Y398P,0.9947,LPath
Y398Q,0.9996,LPath
Y398R,0.9988,LPath
Y398S,0.9913,LPath
Y398T,0.9978,LPath
Y398V,0.9921,LPath
Y398W,0.9841,LPath
I399A,0.9868,LPath
I399C,0.971,LPath
I399D,0.9996,LPath
I399E,0.9988,LPath
I399F,0.9715,LPath
I399G,0.9984,LPath
I399H,0.9983,LPath
I399K,0.9976,LPath
I399L,0.5551,Amb
I399M,0.7825,LPath
I399N,0.991,LPath
I399P,0.9989,LPath
I399Q,0.9973,LPath
I399R,0.996,LPath
I399S,0.9871,LPath
I399T,0.9544,LPath
I399V,0.1115,LBen
I399W,0.9992,LPath
I399Y,0.9956,LPath
F400A,0.9996,LPath
F400C,0.9982,LPath
F400D,0.9999,LPath
F400E,0.9999,LPath
F400G,0.9997,LPath
F400H,0.9974,LPath
F400I,0.999,LPath
F400K,0.9998,LPath
F400L,0.9998,LPath
F400M,0.998,LPath
F400N,0.9993,LPath
F400P,1.0,LPath
F400Q,0.9995,LPath
F400R,0.9991,LPath
F400S,0.9992,LPath
F400T,0.9997,LPath
F400V,0.9988,LPath
F400W,0.9791,LPath
F400Y,0.8697,LPath
L401A,0.9948,LPath
L401C,0.9798,LPath
L401D,1.0,LPath
L401E,0.9997,LPath
L401F,0.9931,LPath
L401G,0.9995,LPath
L401H,0.9993,LPath
L401I,0.6389,LPath
L401K,0.9992,LPath
L401M,0.8817,LPath
L401N,0.9996,LPath
L401P,0.9998,LPath
L401Q,0.9991,LPath
L401R,0.9983,LPath
L401S,0.9995,LPath
L401T,0.9956,LPath
L401V,0.6274,LPath
L401W,0.9993,LPath
L401Y,0.9991,LPath
A402C,0.9044,LPath
A402D,0.9988,LPath
A402E,0.995,LPath
A402F,0.9855,LPath
A402G,0.8945,LPath
A402H,0.9906,LPath
A402I,0.9822,LPath
A402K,0.9957,LPath
A402L,0.9291,LPath
A402M,0.9224,LPath
A402N,0.9855,LPath
A402P,0.9991,LPath
A402Q,0.9625,LPath
A402R,0.9785,LPath
A402S,0.4866,Amb
A402T,0.5668,LPath
A402V,0.9113,LPath
A402W,0.9969,LPath
A402Y,0.992,LPath
V403A,0.9926,LPath
V403C,0.9976,LPath
V403D,0.9998,LPath
V403E,0.9992,LPath
V403F,0.9968,LPath
V403G,0.9964,LPath
V403H,0.9999,LPath
V403I,0.3234,LBen
V403K,0.9994,LPath
V403L,0.9949,LPath
V403M,0.9941,LPath
V403N,0.9993,LPath
V403P,0.9993,LPath
V403Q,0.9995,LPath
V403R,0.9981,LPath
V403S,0.9951,LPath
V403T,0.9797,LPath
V403W,0.9999,LPath
V403Y,0.9998,LPath
G404A,0.9983,LPath
G404C,0.9992,LPath
G404D,0.9997,LPath
G404E,0.9998,LPath
G404F,0.9999,LPath
G404H,1.0,LPath
G404I,0.9998,LPath
G404K,0.9999,LPath
G404L,0.9997,LPath
G404M,0.9999,LPath
G404N,0.9997,LPath
G404P,0.9999,LPath
G404Q,0.9998,LPath
G404R,0.9997,LPath
G404S,0.9973,LPath
G404T,0.9994,LPath
G404V,0.9997,LPath
G404W,0.9998,LPath
G404Y,0.9999,LPath
R405A,0.9948,LPath
R405C,0.9504,LPath
R405D,0.9975,LPath
R405E,0.9843,LPath
R405F,0.9962,LPath
R405G,0.9939,LPath
R405H,0.8972,LPath
R405I,0.9652,LPath
R405K,0.7535,LPath
R405L,0.9672,LPath
R405M,0.9852,LPath
R405N,0.9956,LPath
R405P,0.9982,LPath
R405Q,0.8641,LPath
R405S,0.9969,LPath
R405T,0.99,LPath
R405V,0.9664,LPath
R405W,0.9652,LPath
R405Y,0.9905,LPath
V406A,0.9893,LPath
V406C,0.9966,LPath
V406D,0.9988,LPath
V406E,0.9962,LPath
V406F,0.986,LPath
V406G,0.9697,LPath
V406H,0.9994,LPath
V406I,0.5383,Amb
V406K,0.9949,LPath
V406L,0.9896,LPath
V406M,0.9883,LPath
V406N,0.9973,LPath
V406P,0.9942,LPath
V406Q,0.9974,LPath
V406R,0.9881,LPath
V406S,0.9885,LPath
V406T,0.9663,LPath
V406W,0.9995,LPath
V406Y,0.9983,LPath
G407A,0.9947,LPath
G407C,0.9978,LPath
G407D,0.9996,LPath
G407E,0.9997,LPath
G407F,0.9995,LPath
G407H,0.9999,LPath
G407I,0.9993,LPath
G407K,0.9999,LPath
G407L,0.999,LPath
G407M,0.9996,LPath
G407N,0.9994,LPath
G407P,0.9998,LPath
G407Q,0.9997,LPath
G407R,0.9996,LPath
G407S,0.9941,LPath
G407T,0.9978,LPath
G407V,0.9987,LPath
G407W,0.9995,LPath
G407Y,0.9998,LPath
S408A,0.3466,Amb
S408C,0.7916,LPath
S408D,0.9968,LPath
S408E,0.996,LPath
S408F,0.9858,LPath
S408G,0.6505,LPath
S408H,0.9887,LPath
S408I,0.9921,LPath
S408K,0.999,LPath
S408L,0.9253,LPath
S408M,0.931,LPath
S408N,0.9764,LPath
S408P,0.9989,LPath
S408Q,0.9843,LPath
S408R,0.998,LPath
S408T,0.8859,LPath
S408V,0.9826,LPath
S408W,0.9917,LPath
S408Y,0.9828,LPath
T409A,0.7281,LPath
T409C,0.9772,LPath
T409D,0.9984,LPath
T409E,0.9982,LPath
T409F,0.9972,LPath
T409G,0.9711,LPath
T409H,0.9953,LPath
T409I,0.9923,LPath
T409K,0.9963,LPath
T409L,0.9468,LPath
T409M,0.944,LPath
T409N,0.9837,LPath
T409P,0.9098,LPath
T409Q,0.9932,LPath
T409R,0.9919,LPath
T409S,0.8623,LPath
T409V,0.9342,LPath
T409W,0.9996,LPath
T409Y,0.9985,LPath
S410A,0.6583,LPath
S410C,0.7598,LPath
S410D,0.9954,LPath
S410E,0.9963,LPath
S410F,0.9966,LPath
S410G,0.8452,LPath
S410H,0.9844,LPath
S410I,0.9913,LPath
S410K,0.9996,LPath
S410L,0.9603,LPath
S410M,0.9501,LPath
S410N,0.8738,LPath
S410P,0.9971,LPath
S410Q,0.9893,LPath
S410R,0.9992,LPath
S410T,0.6153,LPath
S410V,0.9746,LPath
S410W,0.9942,LPath
S410Y,0.9934,LPath
E411A,0.5451,Amb
E411C,0.9817,LPath
E411D,0.7265,LPath
E411F,0.9945,LPath
E411G,0.6654,LPath
E411H,0.9661,LPath
E411I,0.9263,LPath
E411K,0.7279,LPath
E411L,0.9454,LPath
E411M,0.9208,LPath
E411N,0.9076,LPath
E411P,0.9728,LPath
E411Q,0.4647,Amb
E411R,0.8178,LPath
E411S,0.6834,LPath
E411T,0.797,LPath
E411V,0.7649,LPath
E411W,0.9982,LPath
E411Y,0.9896,LPath
N412A,0.9747,LPath
N412C,0.9516,LPath
N412D,0.9038,LPath
N412E,0.9927,LPath
N412F,0.9694,LPath
N412G,0.9632,LPath
N412H,0.8688,LPath
N412I,0.9813,LPath
N412K,0.994,LPath
N412L,0.9315,LPath
N412M,0.947,LPath
N412P,0.9982,LPath
N412Q,0.9878,LPath
N412R,0.9917,LPath
N412S,0.8051,LPath
N412T,0.9423,LPath
N412V,0.9731,LPath
N412W,0.9949,LPath
N412Y,0.7967,LPath
I413A,0.9995,LPath
I413C,0.9997,LPath
I413D,1.0,LPath
I413E,0.9998,LPath
I413F,0.9996,LPath
I413G,0.9999,LPath
I413H,0.9999,LPath
I413K,0.9998,LPath
I413L,0.9896,LPath
I413M,0.9921,LPath
I413N,0.9994,LPath
I413P,0.9997,LPath
I413Q,0.9999,LPath
I413R,0.9994,LPath
I413S,0.9992,LPath
I413T,0.9984,LPath
I413V,0.6699,LPath
I413W,1.0,LPath
I413Y,0.9998,LPath
T414A,0.4928,Amb
T414C,0.8099,LPath
T414D,0.9552,LPath
T414E,0.8205,LPath
T414F,0.8216,LPath
T414G,0.8776,LPath
T414H,0.7312,LPath
T414I,0.4711,Amb
T414K,0.6705,LPath
T414L,0.4344,Amb
T414M,0.2795,LBen
T414N,0.7207,LPath
T414P,0.9746,LPath
T414Q,0.5608,Amb
T414R,0.6028,LPath
T414S,0.4489,Amb
T414V,0.3536,Amb
T414W,0.9474,LPath
T414Y,0.8574,LPath
Q415A,0.9675,LPath
Q415C,0.999,LPath
Q415D,0.9996,LPath
Q415E,0.9408,LPath
Q415F,0.9996,LPath
Q415G,0.976,LPath
Q415H,0.9985,LPath
Q415I,0.9959,LPath
Q415K,0.9944,LPath
Q415L,0.9867,LPath
Q415M,0.9724,LPath
Q415N,0.9883,LPath
Q415P,0.9957,LPath
Q415R,0.9962,LPath
Q415S,0.9398,LPath
Q415T,0.9688,LPath
Q415V,0.9905,LPath
Q415W,0.9998,LPath
Q415Y,0.9999,LPath
K416A,0.915,LPath
K416C,0.8933,LPath
K416D,0.9588,LPath
K416E,0.7372,LPath
K416F,0.9829,LPath
K416G,0.9538,LPath
K416H,0.5111,Amb
K416I,0.8625,LPath
K416L,0.8741,LPath
K416M,0.7039,LPath
K416N,0.877,LPath
K416P,0.9987,LPath
K416Q,0.3713,Amb
K416R,0.1072,LBen
K416S,0.9048,LPath
K416T,0.619,LPath
K416V,0.7901,LPath
K416W,0.9543,LPath
K416Y,0.9147,LPath
V417A,0.9217,LPath
V417C,0.9587,LPath
V417D,0.9989,LPath
V417E,0.9965,LPath
V417F,0.7619,LPath
V417G,0.9564,LPath
V417H,0.9988,LPath
V417I,0.0981,LBen
V417K,0.9978,LPath
V417L,0.6496,LPath
V417M,0.6399,LPath
V417N,0.9954,LPath
V417P,0.9976,LPath
V417Q,0.9967,LPath
V417R,0.9966,LPath
V417S,0.9834,LPath
V417T,0.9258,LPath
V417W,0.997,LPath
V417Y,0.9858,LPath
V418A,0.7096,LPath
V418C,0.7395,LPath
V418D,0.9607,LPath
V418E,0.739,LPath
V418F,0.3801,Amb
V418G,0.8567,LPath
V418H,0.9086,LPath
V418I,0.0866,LBen
V418K,0.8775,LPath
V418L,0.3685,Amb
V418M,0.2869,LBen
V418N,0.9031,LPath
V418P,0.998,LPath
V418Q,0.7453,LPath
V418R,0.8124,LPath
V418S,0.8217,LPath
V418T,0.7526,LPath
V418W,0.9488,LPath
V418Y,0.7991,LPath
W419A,0.9383,LPath
W419C,0.9364,LPath
W419D,0.9904,LPath
W419E,0.9847,LPath
W419F,0.4118,Amb
W419G,0.9172,LPath
W419H,0.9192,LPath
W419I,0.9548,LPath
W419K,0.9792,LPath
W419L,0.69,LPath
W419M,0.8631,LPath
W419N,0.9755,LPath
W419P,0.9919,LPath
W419Q,0.9777,LPath
W419R,0.9632,LPath
W419S,0.9301,LPath
W419T,0.9774,LPath
W419V,0.926,LPath
W419Y,0.473,Amb
V420A,0.8127,LPath
V420C,0.895,LPath
V420D,0.9982,LPath
V420E,0.9935,LPath
V420F,0.9947,LPath
V420G,0.9116,LPath
V420H,0.9988,LPath
V420I,0.4429,Amb
V420K,0.9941,LPath
V420L,0.9727,LPath
V420M,0.9664,LPath
V420N,0.9941,LPath
V420P,0.9988,LPath
V420Q,0.9915,LPath
V420R,0.9852,LPath
V420S,0.9425,LPath
V420T,0.8062,LPath
V420W,0.9998,LPath
V420Y,0.9987,LPath
E421A,0.3286,LBen
E421C,0.8857,LPath
E421D,0.1032,LBen
E421F,0.9657,LPath
E421G,0.2357,LBen
E421H,0.6418,LPath
E421I,0.9073,LPath
E421K,0.4132,Amb
E421L,0.7779,LPath
E421M,0.8206,LPath
E421N,0.2908,LBen
E421P,0.6326,LPath
E421Q,0.2308,LBen
E421R,0.4928,Amb
E421S,0.2588,LBen
E421T,0.4815,Amb
E421V,0.702,LPath
E421W,0.9776,LPath
E421Y,0.8947,LPath
D422A,0.5123,Amb
D422C,0.8959,LPath
D422E,0.1138,LBen
D422F,0.931,LPath
D422G,0.5118,Amb
D422H,0.7884,LPath
D422I,0.8132,LPath
D422K,0.836,LPath
D422L,0.8105,LPath
D422M,0.8755,LPath
D422N,0.3042,LBen
D422P,0.825,LPath
D422Q,0.6733,LPath
D422R,0.8725,LPath
D422S,0.4077,Amb
D422T,0.6009,LPath
D422V,0.6136,LPath
D422W,0.9772,LPath
D422Y,0.7171,LPath
L423A,0.0599,LBen
L423C,0.1751,LBen
L423D,0.2371,LBen
L423E,0.1655,LBen
L423F,0.0915,LBen
L423G,0.1067,LBen
L423H,0.091,LBen
L423I,0.0746,LBen
L423K,0.1266,LBen
L423M,0.0606,LBen
L423N,0.0865,LBen
L423P,0.1186,LBen
L423Q,0.075,LBen
L423R,0.117,LBen
L423S,0.0694,LBen
L423T,0.0655,LBen
L423V,0.0623,LBen
L423W,0.169,LBen
L423Y,0.1626,LBen
D424A,0.5849,LPath
D424C,0.8681,LPath
D424E,0.2321,LBen
D424F,0.9167,LPath
D424G,0.6327,LPath
D424H,0.6512,LPath
D424I,0.9054,LPath
D424K,0.8497,LPath
D424L,0.813,LPath
D424M,0.9062,LPath
D424N,0.3414,Amb
D424P,0.9849,LPath
D424Q,0.5495,Amb
D424R,0.8329,LPath
D424S,0.4399,Amb
D424T,0.783,LPath
D424V,0.74,LPath
D424W,0.9733,LPath
D424Y,0.6493,LPath
K425A,0.9989,LPath
K425C,0.9984,LPath
K425D,0.9997,LPath
K425E,0.9985,LPath
K425F,0.9999,LPath
K425G,0.9987,LPath
K425H,0.9953,LPath
K425I,0.999,LPath
K425L,0.9977,LPath
K425M,0.9969,LPath
K425N,0.9996,LPath
K425P,0.9985,LPath
K425Q,0.9911,LPath
K425R,0.5673,LPath
K425S,0.9992,LPath
K425T,0.9971,LPath
K425V,0.9981,LPath
K425W,0.9998,LPath
K425Y,0.9992,LPath
R426A,0.9403,LPath
R426C,0.5746,LPath
R426D,0.9741,LPath
R426E,0.8543,LPath
R426F,0.944,LPath
R426G,0.9029,LPath
R426H,0.3865,Amb
R426I,0.8229,LPath
R426K,0.254,LBen
R426L,0.8096,LPath
R426M,0.8632,LPath
R426N,0.9532,LPath
R426P,0.9093,LPath
R426Q,0.3267,LBen
R426S,0.9648,LPath
R426T,0.9075,LPath
R426V,0.8577,LPath
R426W,0.6681,LPath
R426Y,0.8221,LPath
S427A,0.1669,LBen
S427C,0.2675,LBen
S427D,0.594,LPath
S427E,0.7228,LPath
S427F,0.7167,LPath
S427G,0.1608,LBen
S427H,0.6154,LPath
S427I,0.6687,LPath
S427K,0.9026,LPath
S427L,0.3656,Amb
S427M,0.5056,Amb
S427N,0.3518,Amb
S427P,0.5606,Amb
S427Q,0.7022,LPath
S427R,0.8693,LPath
S427T,0.207,LBen
S427V,0.5567,Amb
S427W,0.7447,LPath
S427Y,0.5736,LPath
F428A,0.8054,LPath
F428C,0.3604,Amb
F428D,0.9864,LPath
F428E,0.9768,LPath
F428G,0.9616,LPath
F428H,0.7687,LPath
F428I,0.4984,Amb
F428K,0.9577,LPath
F428L,0.9497,LPath
F428M,0.6912,LPath
F428N,0.918,LPath
F428P,0.9993,LPath
F428Q,0.9109,LPath
F428R,0.897,LPath
F428S,0.7909,LPath
F428T,0.8345,LPath
F428V,0.3506,Amb
F428W,0.745,LPath
F428Y,0.1842,LBen
L429A,0.9831,LPath
L429C,0.9501,LPath
L429D,1.0,LPath
L429E,0.9997,LPath
L429F,0.9809,LPath
L429G,0.9982,LPath
L429H,0.9991,LPath
L429I,0.569,LPath
L429K,0.9993,LPath
L429M,0.8319,LPath
L429N,0.9996,LPath
L429P,0.9996,LPath
L429Q,0.998,LPath
L429R,0.9977,LPath
L429S,0.9984,LPath
L429T,0.9864,LPath
L429V,0.5394,Amb
L429W,0.9993,LPath
L429Y,0.999,LPath
L430A,0.8152,LPath
L430C,0.7222,LPath
L430D,0.9926,LPath
L430E,0.922,LPath
L430F,0.7989,LPath
L430G,0.9333,LPath
L430H,0.8498,LPath
L430I,0.3562,Amb
L430K,0.6618,LPath
L430M,0.2211,LBen
L430N,0.9355,LPath
L430P,0.9941,LPath
L430Q,0.6299,LPath
L430R,0.5692,LPath
L430S,0.913,LPath
L430T,0.7244,LPath
L430V,0.2847,LBen
L430W,0.8855,LPath
L430Y,0.9157,LPath
D431A,0.9333,LPath
D431C,0.9873,LPath
D431E,0.8949,LPath
D431F,0.9929,LPath
D431G,0.8911,LPath
D431H,0.9401,LPath
D431I,0.9927,LPath
D431K,0.975,LPath
D431L,0.9802,LPath
D431M,0.9935,LPath
D431N,0.7812,LPath
D431P,0.9979,LPath
D431Q,0.9446,LPath
D431R,0.9557,LPath
D431S,0.8344,LPath
D431T,0.9687,LPath
D431V,0.9686,LPath
D431W,0.9962,LPath
D431Y,0.9349,LPath
I432A,0.8876,LPath
I432C,0.8041,LPath
I432D,0.994,LPath
I432E,0.9691,LPath
I432F,0.5635,Amb
I432G,0.9824,LPath
I432H,0.9139,LPath
I432K,0.9294,LPath
I432L,0.0595,LBen
I432M,0.1855,LBen
I432N,0.9213,LPath
I432P,0.9973,LPath
I432Q,0.894,LPath
I432R,0.8889,LPath
I432S,0.9156,LPath
I432T,0.8121,LPath
I432V,0.1388,LBen
I432W,0.9419,LPath
I432Y,0.8773,LPath
L433A,0.9488,LPath
L433C,0.9437,LPath
L433D,0.9994,LPath
L433E,0.9958,LPath
L433F,0.8884,LPath
L433G,0.9943,LPath
L433H,0.9919,LPath
L433I,0.231,LBen
L433K,0.9894,LPath
L433M,0.4305,Amb
L433N,0.9966,LPath
L433P,0.9954,LPath
L433Q,0.9836,LPath
L433R,0.9803,LPath
L433S,0.9919,LPath
L433T,0.9257,LPath
L433V,0.361,Amb
L433W,0.9874,LPath
L433Y,0.9919,LPath
G434A,0.086,LBen
G434C,0.1244,LBen
G434D,0.1657,LBen
G434E,0.1472,LBen
G434F,0.4251,Amb
G434H,0.1886,LBen
G434I,0.2674,LBen
G434K,0.2824,LBen
G434L,0.2669,LBen
G434M,0.3061,LBen
G434N,0.1341,LBen
G434P,0.9325,LPath
G434Q,0.1777,LBen
G434R,0.2038,LBen
G434S,0.0738,LBen
G434T,0.1136,LBen
G434V,0.1713,LBen
G434W,0.3449,Amb
G434Y,0.2659,LBen
A435C,0.4149,Amb
A435D,0.5783,LPath
A435E,0.5014,Amb
A435F,0.4909,Amb
A435G,0.2192,LBen
A435H,0.5734,LPath
A435I,0.3793,Amb
A435K,0.6315,LPath
A435L,0.2957,LBen
A435M,0.3022,LBen
A435N,0.3445,Amb
A435P,0.7517,LPath
A435Q,0.4417,Amb
A435R,0.5253,Amb
A435S,0.1106,LBen
A435T,0.1323,LBen
A435V,0.1885,LBen
A435W,0.8586,LPath
A435Y,0.6145,LPath
T436A,0.0738,LBen
T436C,0.2919,LBen
T436D,0.4819,Amb
T436E,0.4114,Amb
T436F,0.3932,Amb
T436G,0.1813,LBen
T436H,0.3178,LBen
T436I,0.2778,LBen
T436K,0.3493,Amb
T436L,0.1481,LBen
T436M,0.1077,LBen
T436N,0.1714,LBen
T436P,0.2384,LBen
T436Q,0.2978,LBen
T436R,0.2866,LBen
T436S,0.1009,LBen
T436V,0.1736,LBen
T436W,0.6985,LPath
T436Y,0.4292,Amb
G437A,0.1358,LBen
G437C,0.1954,LBen
G437D,0.2294,LBen
G437E,0.2801,LBen
G437F,0.6569,LPath
G437H,0.3403,Amb
G437I,0.4039,Amb
G437K,0.3902,Amb
G437L,0.4851,Amb
G437M,0.5218,Amb
G437N,0.2378,LBen
G437P,0.5676,LPath
G437Q,0.2938,LBen
G437R,0.292,LBen
G437S,0.0891,LBen
G437T,0.1623,LBen
G437V,0.2547,LBen
G437W,0.5688,LPath
G437Y,0.512,Amb
S438A,0.0599,LBen
S438C,0.0712,LBen
S438D,0.1304,LBen
S438E,0.1106,LBen
S438F,0.2088,LBen
S438G,0.0533,LBen
S438H,0.078,LBen
S438I,0.1035,LBen
S438K,0.0669,LBen
S438L,0.0865,LBen
S438M,0.0977,LBen
S438N,0.0697,LBen
S438P,0.0661,LBen
S438Q,0.0797,LBen
S438R,0.0723,LBen
S438T,0.0555,LBen
S438V,0.0986,LBen
S438W,0.2037,LBen
S438Y,0.1486,LBen
D439A,0.1507,LBen
D439C,0.484,Amb
D439E,0.103,LBen
D439F,0.594,LPath
D439G,0.1172,LBen
D439H,0.2094,LBen
D439I,0.3888,Amb
D439K,0.2699,LBen
D439L,0.368,Amb
D439M,0.536,Amb
D439N,0.0871,LBen
D439P,0.4994,Amb
D439Q,0.2046,LBen
D439R,0.2871,LBen
D439S,0.0917,LBen
D439T,0.1699,LBen
D439V,0.2352,LBen
D439W,0.8569,LPath
D439Y,0.2976,LBen
S440A,0.0851,LBen
S440C,0.0855,LBen
S440D,0.5884,LPath
S440E,0.6963,LPath
S440F,0.3351,LBen
S440G,0.112,LBen
S440H,0.4504,Amb
S440I,0.3399,LBen
S440K,0.8371,LPath
S440L,0.1592,LBen
S440M,0.2682,LBen
S440N,0.2454,LBen
S440P,0.5757,LPath
S440Q,0.5862,LPath
S440R,0.7725,LPath
S440T,0.1106,LBen
S440V,0.2458,LBen
S440W,0.5427,Amb
S440Y,0.2852,LBen
L441A,0.9123,LPath
L441C,0.8834,LPath
L441D,0.996,LPath
L441E,0.9786,LPath
L441F,0.9141,LPath
L441G,0.9476,LPath
L441H,0.9082,LPath
L441I,0.8077,LPath
L441K,0.6276,LPath
L441M,0.6738,LPath
L441N,0.949,LPath
L441P,0.9666,LPath
L441Q,0.7653,LPath
L441R,0.3347,LBen
L441S,0.96,LPath
L441T,0.9317,LPath
L441V,0.7061,LPath
L441W,0.9623,LPath
L441Y,0.9538,LPath
T442A,0.4456,Amb
T442C,0.575,LPath
T442D,0.9842,LPath
T442E,0.9784,LPath
T442F,0.8829,LPath
T442G,0.8918,LPath
T442H,0.9078,LPath
T442I,0.2277,LBen
T442K,0.949,LPath
T442L,0.4686,Amb
T442M,0.3396,LBen
T442N,0.8185,LPath
T442P,0.959,LPath
T442Q,0.9101,LPath
T442R,0.9404,LPath
T442S,0.522,Amb
T442V,0.1793,LBen
T442W,0.9724,LPath
T442Y,0.9031,LPath
L443A,0.9889,LPath
L443C,0.9857,LPath
L443D,1.0,LPath
L443E,0.9997,LPath
L443F,0.9924,LPath
L443G,0.9991,LPath
L443H,0.9997,LPath
L443I,0.4139,Amb
L443K,0.9993,LPath
L443M,0.6515,LPath
L443N,0.9996,LPath
L443P,0.9998,LPath
L443Q,0.9991,LPath
L443R,0.9985,LPath
L443S,0.999,LPath
L443T,0.9928,LPath
L443V,0.493,Amb
L443W,0.9994,LPath
L443Y,0.9994,LPath
V444A,0.9679,LPath
V444C,0.9685,LPath
V444D,0.9996,LPath
V444E,0.9992,LPath
V444F,0.9821,LPath
V444G,0.9851,LPath
V444H,0.9997,LPath
V444I,0.1114,LBen
V444K,0.9993,LPath
V444L,0.872,LPath
V444M,0.941,LPath
V444N,0.9983,LPath
V444P,0.9991,LPath
V444Q,0.9987,LPath
V444R,0.9983,LPath
V444S,0.985,LPath
V444T,0.9424,LPath
V444W,0.9998,LPath
V444Y,0.9985,LPath
F445A,0.9995,LPath
F445C,0.9993,LPath
F445D,0.9998,LPath
F445E,0.9998,LPath
F445G,0.9996,LPath
F445H,0.9994,LPath
F445I,0.999,LPath
F445K,0.9999,LPath
F445L,0.9999,LPath
F445M,0.9987,LPath
F445N,0.9996,LPath
F445P,1.0,LPath
F445Q,0.9998,LPath
F445R,0.9995,LPath
F445S,0.9995,LPath
F445T,0.9996,LPath
F445V,0.999,LPath
F445W,0.9937,LPath
F445Y,0.9914,LPath
V446A,0.9397,LPath
V446C,0.8971,LPath
V446D,0.9995,LPath
V446E,0.998,LPath
V446F,0.9939,LPath
V446G,0.9568,LPath
V446H,0.9993,LPath
V446I,0.6616,LPath
V446K,0.998,LPath
V446L,0.981,LPath
V446M,0.9751,LPath
V446N,0.9964,LPath
V446P,0.9993,LPath
V446Q,0.9954,LPath
V446R,0.9928,LPath
V446S,0.9395,LPath
V446T,0.6362,LPath
V446W,0.9998,LPath
V446Y,0.9991,LPath
E447A,0.9609,LPath
E447C,0.9952,LPath
E447D,0.9617,LPath
E447F,0.9994,LPath
E447G,0.9399,LPath
E447H,0.9969,LPath
E447I,0.998,LPath
E447K,0.9885,LPath
E447L,0.9973,LPath
E447M,0.9951,LPath
E447N,0.985,LPath
E447P,0.9987,LPath
E447Q,0.8857,LPath
E447R,0.9809,LPath
E447S,0.9567,LPath
E447T,0.9884,LPath
E447V,0.9911,LPath
E447W,0.9997,LPath
E447Y,0.9986,LPath
T448A,0.9745,LPath
T448C,0.9893,LPath
T448D,0.9886,LPath
T448E,0.9783,LPath
T448F,0.9822,LPath
T448G,0.9349,LPath
T448H,0.9652,LPath
T448I,0.9974,LPath
T448K,0.8686,LPath
T448L,0.95,LPath
T448M,0.8294,LPath
T448N,0.8767,LPath
T448P,0.9944,LPath
T448Q,0.8941,LPath
T448R,0.8562,LPath
T448S,0.9235,LPath
T448V,0.9853,LPath
T448W,0.9922,LPath
T448Y,0.9757,LPath
K449A,0.9986,LPath
K449C,0.9994,LPath
K449D,0.9999,LPath
K449E,0.9992,LPath
K449F,1.0,LPath
K449G,0.9988,LPath
K449H,0.9981,LPath
K449I,0.9998,LPath
K449L,0.9993,LPath
K449M,0.999,LPath
K449N,0.9999,LPath
K449P,0.9982,LPath
K449Q,0.9951,LPath
K449R,0.5236,Amb
K449S,0.9994,LPath
K449T,0.9988,LPath
K449V,0.9992,LPath
K449W,0.9998,LPath
K449Y,0.9997,LPath
K450A,0.9744,LPath
K450C,0.9838,LPath
K450D,0.9952,LPath
K450E,0.9804,LPath
K450F,0.9962,LPath
K450G,0.9804,LPath
K450H,0.911,LPath
K450I,0.9818,LPath
K450L,0.9707,LPath
K450M,0.9549,LPath
K450N,0.992,LPath
K450P,0.994,LPath
K450Q,0.8303,LPath
K450R,0.0892,LBen
K450S,0.9917,LPath
K450T,0.9695,LPath
K450V,0.9635,LPath
K450W,0.9857,LPath
K450Y,0.981,LPath
G451A,0.4464,Amb
G451C,0.7694,LPath
G451D,0.9506,LPath
G451E,0.9343,LPath
G451F,0.9594,LPath
G451H,0.9633,LPath
G451I,0.9418,LPath
G451K,0.9788,LPath
G451L,0.8813,LPath
G451M,0.8006,LPath
G451N,0.7985,LPath
G451P,0.9998,LPath
G451Q,0.8961,LPath
G451R,0.9669,LPath
G451S,0.459,Amb
G451T,0.754,LPath
G451V,0.881,LPath
G451W,0.9606,LPath
G451Y,0.9332,LPath
A452C,0.6909,LPath
A452D,0.9997,LPath
A452E,0.9987,LPath
A452F,0.9995,LPath
A452G,0.9321,LPath
A452H,0.9995,LPath
A452I,0.9816,LPath
A452K,0.9996,LPath
A452L,0.962,LPath
A452M,0.9839,LPath
A452N,0.9969,LPath
A452P,0.9991,LPath
A452Q,0.9953,LPath
A452R,0.9936,LPath
A452S,0.7088,LPath
A452T,0.8455,LPath
A452V,0.8137,LPath
A452W,0.9998,LPath
A452Y,0.9997,LPath
D453A,0.9836,LPath
D453C,0.9984,LPath
D453E,0.983,LPath
D453F,0.9992,LPath
D453G,0.9858,LPath
D453H,0.997,LPath
D453I,0.9978,LPath
D453K,0.9984,LPath
D453L,0.9968,LPath
D453M,0.9991,LPath
D453N,0.868,LPath
D453P,0.9997,LPath
D453Q,0.9965,LPath
D453R,0.9966,LPath
D453S,0.9332,LPath
D453T,0.9882,LPath
D453V,0.9902,LPath
D453W,0.9997,LPath
D453Y,0.9929,LPath
S454A,0.0607,LBen
S454C,0.0831,LBen
S454D,0.7511,LPath
S454E,0.7869,LPath
S454F,0.2332,LBen
S454G,0.1238,LBen
S454H,0.5133,Amb
S454I,0.2892,LBen
S454K,0.917,LPath
S454L,0.1264,LBen
S454M,0.1581,LBen
S454N,0.2717,LBen
S454P,0.9873,LPath
S454Q,0.5778,LPath
S454R,0.8678,LPath
S454T,0.1318,LBen
S454V,0.2218,LBen
S454W,0.5398,Amb
S454Y,0.2594,LBen
L455A,0.9804,LPath
L455C,0.9833,LPath
L455D,0.9999,LPath
L455E,0.9989,LPath
L455F,0.9925,LPath
L455G,0.9985,LPath
L455H,0.9993,LPath
L455I,0.5052,Amb
L455K,0.9973,LPath
L455M,0.7551,LPath
L455N,0.9993,LPath
L455P,0.9997,LPath
L455Q,0.9973,LPath
L455R,0.995,LPath
L455S,0.9984,LPath
L455T,0.9627,LPath
L455V,0.4588,Amb
L455W,0.9985,LPath
L455Y,0.9991,LPath
E456A,0.6541,LPath
E456C,0.9177,LPath
E456D,0.8275,LPath
E456F,0.9972,LPath
E456G,0.7452,LPath
E456H,0.9719,LPath
E456I,0.9906,LPath
E456K,0.951,LPath
E456L,0.9816,LPath
E456M,0.9641,LPath
E456N,0.9491,LPath
E456P,0.9993,LPath
E456Q,0.5861,LPath
E456R,0.9339,LPath
E456S,0.7425,LPath
E456T,0.8701,LPath
E456V,0.9257,LPath
E456W,0.9989,LPath
E456Y,0.9936,LPath
D457A,0.3059,LBen
D457C,0.703,LPath
D457E,0.2153,LBen
D457F,0.6565,LPath
D457G,0.3288,LBen
D457H,0.4204,Amb
D457I,0.6224,LPath
D457K,0.7309,LPath
D457L,0.6035,LPath
D457M,0.6895,LPath
D457N,0.1417,LBen
D457P,0.9898,LPath
D457Q,0.4946,Amb
D457R,0.6863,LPath
D457S,0.2144,LBen
D457T,0.4228,Amb
D457V,0.4052,Amb
D457W,0.9088,LPath
D457Y,0.254,LBen
F458A,0.9904,LPath
F458C,0.9541,LPath
F458D,0.9959,LPath
F458E,0.997,LPath
F458G,0.9973,LPath
F458H,0.9301,LPath
F458I,0.8981,LPath
F458K,0.9963,LPath
F458L,0.9943,LPath
F458M,0.955,LPath
F458N,0.9897,LPath
F458P,1.0,LPath
F458Q,0.993,LPath
F458R,0.9907,LPath
F458S,0.9856,LPath
F458T,0.9824,LPath
F458V,0.8799,LPath
F458W,0.7856,LPath
F458Y,0.229,LBen
L459A,0.9955,LPath
L459C,0.9691,LPath
L459D,1.0,LPath
L459E,0.9998,LPath
L459F,0.9603,LPath
L459G,0.9991,LPath
L459H,0.9993,LPath
L459I,0.8064,LPath
L459K,0.9997,LPath
L459M,0.8266,LPath
L459N,0.9998,LPath
L459P,0.9997,LPath
L459Q,0.9992,LPath
L459R,0.9986,LPath
L459S,0.9995,LPath
L459T,0.9978,LPath
L459V,0.8901,LPath
L459W,0.9982,LPath
L459Y,0.9983,LPath
Y460A,0.4543,Amb
Y460C,0.1095,LBen
Y460D,0.5277,Amb
Y460E,0.6891,LPath
Y460F,0.0767,LBen
Y460G,0.4123,Amb
Y460H,0.1334,LBen
Y460I,0.4218,Amb
Y460K,0.5859,LPath
Y460L,0.3814,Amb
Y460M,0.5341,Amb
Y460N,0.2463,LBen
Y460P,0.984,LPath
Y460Q,0.3823,Amb
Y460R,0.3231,LBen
Y460S,0.233,LBen
Y460T,0.462,Amb
Y460V,0.3646,Amb
Y460W,0.311,LBen
H461A,0.1618,LBen
H461C,0.1021,LBen
H461D,0.2097,LBen
H461E,0.1696,LBen
H461F,0.2629,LBen
H461G,0.1499,LBen
H461I,0.2653,LBen
H461K,0.1111,LBen
H461L,0.1243,LBen
H461M,0.2645,LBen
H461N,0.0953,LBen
H461P,0.8454,LPath
H461Q,0.0783,LBen
H461R,0.0531,LBen
H461S,0.1325,LBen
H461T,0.1398,LBen
H461V,0.2097,LBen
H461W,0.3026,LBen
H461Y,0.1174,LBen
E462A,0.232,LBen
E462C,0.745,LPath
E462D,0.4232,Amb
E462F,0.9046,LPath
E462G,0.4047,Amb
E462H,0.4245,Amb
E462I,0.6851,LPath
E462K,0.2812,LBen
E462L,0.7075,LPath
E462M,0.6358,LPath
E462N,0.3341,LBen
E462P,0.9914,LPath
E462Q,0.1181,LBen
E462R,0.3485,Amb
E462S,0.235,LBen
E462T,0.467,Amb
E462V,0.4555,Amb
E462W,0.956,LPath
E462Y,0.769,LPath
G463A,0.4907,Amb
G463C,0.5552,Amb
G463D,0.4557,Amb
G463E,0.5662,LPath
G463F,0.9391,LPath
G463H,0.5428,Amb
G463I,0.9298,LPath
G463K,0.514,Amb
G463L,0.903,LPath
G463M,0.8751,LPath
G463N,0.329,LBen
G463P,0.9941,LPath
G463Q,0.4676,Amb
G463R,0.4631,Amb
G463S,0.2378,LBen
G463T,0.6688,LPath
G463V,0.8677,LPath
G463W,0.9023,LPath
G463Y,0.8302,LPath
Y464A,0.8654,LPath
Y464C,0.2048,LBen
Y464D,0.9392,LPath
Y464E,0.945,LPath
Y464F,0.0564,LBen
Y464G,0.9008,LPath
Y464H,0.3526,Amb
Y464I,0.5361,Amb
Y464K,0.8572,LPath
Y464L,0.5364,Amb
Y464M,0.6375,LPath
Y464N,0.6762,LPath
Y464P,0.9945,LPath
Y464Q,0.8109,LPath
Y464R,0.7603,LPath
Y464S,0.7596,LPath
Y464T,0.8814,LPath
Y464V,0.5254,Amb
Y464W,0.4352,Amb
A465C,0.235,LBen
A465D,0.2848,LBen
A465E,0.2837,LBen
A465F,0.3152,LBen
A465G,0.1331,LBen
A465H,0.2713,LBen
A465I,0.2631,LBen
A465K,0.3207,LBen
A465L,0.1494,LBen
A465M,0.2215,LBen
A465N,0.1962,LBen
A465P,0.0961,LBen
A465Q,0.219,LBen
A465R,0.2443,LBen
A465S,0.0818,LBen
A465T,0.1027,LBen
A465V,0.1407,LBen
A465W,0.6394,LPath
A465Y,0.36,Amb
C466A,0.5342,Amb
C466D,0.9989,LPath
C466E,0.9995,LPath
C466F,0.9819,LPath
C466G,0.7646,LPath
C466H,0.997,LPath
C466I,0.8985,LPath
C466K,0.9996,LPath
C466L,0.9739,LPath
C466M,0.9813,LPath
C466N,0.9919,LPath
C466P,0.9957,LPath
C466Q,0.9978,LPath
C466R,0.9951,LPath
C466S,0.5622,Amb
C466T,0.7157,LPath
C466V,0.5091,Amb
C466W,0.9974,LPath
C466Y,0.9953,LPath
T467A,0.1585,LBen
T467C,0.361,Amb
T467D,0.9484,LPath
T467E,0.9317,LPath
T467F,0.864,LPath
T467G,0.5912,LPath
T467H,0.8096,LPath
T467I,0.4949,Amb
T467K,0.8272,LPath
T467L,0.4281,Amb
T467M,0.3084,LBen
T467N,0.667,LPath
T467P,0.9341,LPath
T467Q,0.7398,LPath
T467R,0.6707,LPath
T467S,0.3016,LBen
T467V,0.2867,LBen
T467W,0.9629,LPath
T467Y,0.8898,LPath
S468A,0.174,LBen
S468C,0.3184,LBen
S468D,0.9939,LPath
S468E,0.9966,LPath
S468F,0.9915,LPath
S468G,0.5045,Amb
S468H,0.9884,LPath
S468I,0.9744,LPath
S468K,0.9992,LPath
S468L,0.9192,LPath
S468M,0.9442,LPath
S468N,0.9563,LPath
S468P,0.9939,LPath
S468Q,0.9906,LPath
S468R,0.9974,LPath
S468T,0.422,Amb
S468V,0.8979,LPath
S468W,0.9957,LPath
S468Y,0.9903,LPath
I469A,0.9983,LPath
I469C,0.9995,LPath
I469D,1.0,LPath
I469E,0.9999,LPath
I469F,0.9892,LPath
I469G,0.9999,LPath
I469H,0.9999,LPath
I469K,0.9998,LPath
I469L,0.7071,LPath
I469M,0.8988,LPath
I469N,0.9996,LPath
I469P,0.9994,LPath
I469Q,0.9998,LPath
I469R,0.9993,LPath
I469S,0.9986,LPath
I469T,0.9987,LPath
I469V,0.7725,LPath
I469W,0.9996,LPath
I469Y,0.9987,LPath
H470A,0.9992,LPath
H470C,0.9829,LPath
H470D,0.9991,LPath
H470E,0.9995,LPath
H470F,0.9973,LPath
H470G,0.9992,LPath
H470I,0.9998,LPath
H470K,0.9996,LPath
H470L,0.9966,LPath
H470M,0.9996,LPath
H470N,0.9965,LPath
H470P,0.9958,LPath
H470Q,0.9991,LPath
H470R,0.9984,LPath
H470S,0.9965,LPath
H470T,0.9996,LPath
H470V,0.9997,LPath
H470W,0.9889,LPath
H470Y,0.9968,LPath
G471A,0.9959,LPath
G471C,0.9992,LPath
G471D,0.9998,LPath
G471E,0.9999,LPath
G471F,0.9998,LPath
G471H,1.0,LPath
G471I,0.9997,LPath
G471K,0.9998,LPath
G471L,0.9996,LPath
G471M,0.9998,LPath
G471N,0.9999,LPath
G471P,0.9999,LPath
G471Q,0.9999,LPath
G471R,0.9995,LPath
G471S,0.9939,LPath
G471T,0.999,LPath
G471V,0.9994,LPath
G471W,0.9996,LPath
G471Y,0.9998,LPath
D472A,0.9939,LPath
D472C,0.9994,LPath
D472E,0.9941,LPath
D472F,0.9986,LPath
D472G,0.9821,LPath
D472H,0.9981,LPath
D472I,0.9991,LPath
D472K,0.9988,LPath
D472L,0.9981,LPath
D472M,0.9995,LPath
D472N,0.8956,LPath
D472P,0.9996,LPath
D472Q,0.9983,LPath
D472R,0.9978,LPath
D472S,0.9725,LPath
D472T,0.9979,LPath
D472V,0.9979,LPath
D472W,0.9996,LPath
D472Y,0.9892,LPath
R473A,0.9966,LPath
R473C,0.9187,LPath
R473D,0.9996,LPath
R473E,0.9953,LPath
R473F,0.9983,LPath
R473G,0.9955,LPath
R473H,0.9544,LPath
R473I,0.9922,LPath
R473K,0.8,LPath
R473L,0.9556,LPath
R473M,0.9945,LPath
R473N,0.9991,LPath
R473P,0.9998,LPath
R473Q,0.9403,LPath
R473S,0.9989,LPath
R473T,0.9979,LPath
R473V,0.9911,LPath
R473W,0.9856,LPath
R473Y,0.9949,LPath
S474A,0.2664,LBen
S474C,0.2393,LBen
S474D,0.8862,LPath
S474E,0.9548,LPath
S474F,0.8617,LPath
S474G,0.2526,LBen
S474H,0.811,LPath
S474I,0.7907,LPath
S474K,0.9725,LPath
S474L,0.388,Amb
S474M,0.457,Amb
S474N,0.3858,Amb
S474P,0.6561,LPath
S474Q,0.8737,LPath
S474R,0.9711,LPath
S474T,0.0986,LBen
S474V,0.6359,LPath
S474W,0.8765,LPath
S474Y,0.8052,LPath
Q475A,0.8824,LPath
Q475C,0.9997,LPath
Q475D,0.9976,LPath
Q475E,0.9388,LPath
Q475F,0.9968,LPath
Q475G,0.9293,LPath
Q475H,0.9986,LPath
Q475I,0.9889,LPath
Q475K,0.9893,LPath
Q475L,0.9741,LPath
Q475M,0.9579,LPath
Q475N,0.9762,LPath
Q475P,0.9455,LPath
Q475R,0.9831,LPath
Q475S,0.8733,LPath
Q475T,0.9351,LPath
Q475V,0.9767,LPath
Q475W,0.9983,LPath
Q475Y,0.9992,LPath
R476A,0.5444,Amb
R476C,0.3904,Amb
R476D,0.8508,LPath
R476E,0.5967,LPath
R476F,0.785,LPath
R476G,0.3964,Amb
R476H,0.1802,LBen
R476I,0.6107,LPath
R476K,0.0962,LBen
R476L,0.5297,Amb
R476M,0.5098,Amb
R476N,0.7813,LPath
R476P,0.8411,LPath
R476Q,0.1498,LBen
R476S,0.6896,LPath
R476T,0.5517,Amb
R476V,0.6306,LPath
R476W,0.351,Amb
R476Y,0.58,LPath
D477A,0.4711,Amb
D477C,0.8922,LPath
D477E,0.2728,LBen
D477F,0.9161,LPath
D477G,0.7327,LPath
D477H,0.7378,LPath
D477I,0.825,LPath
D477K,0.8737,LPath
D477L,0.8116,LPath
D477M,0.8763,LPath
D477N,0.4505,Amb
D477P,0.9912,LPath
D477Q,0.5979,LPath
D477R,0.8789,LPath
D477S,0.5048,Amb
D477T,0.7615,LPath
D477V,0.6319,LPath
D477W,0.981,LPath
D477Y,0.6937,LPath
R478A,0.9993,LPath
R478C,0.999,LPath
R478D,0.9998,LPath
R478E,0.9945,LPath
R478F,0.9999,LPath
R478G,0.9988,LPath
R478H,0.9994,LPath
R478I,0.9994,LPath
R478K,0.996,LPath
R478L,0.9978,LPath
R478M,0.9999,LPath
R478N,0.9999,LPath
R478P,0.9996,LPath
R478Q,0.9982,LPath
R478S,0.9998,LPath
R478T,0.9996,LPath
R478V,0.9993,LPath
R478W,0.9989,LPath
R478Y,0.9998,LPath
E479A,0.9621,LPath
E479C,0.9965,LPath
E479D,0.9685,LPath
E479F,0.9992,LPath
E479G,0.957,LPath
E479H,0.9965,LPath
E479I,0.9928,LPath
E479K,0.9778,LPath
E479L,0.9877,LPath
E479M,0.9841,LPath
E479N,0.987,LPath
E479P,0.9995,LPath
E479Q,0.9054,LPath
E479R,0.9761,LPath
E479S,0.9809,LPath
E479T,0.9795,LPath
E479V,0.972,LPath
E479W,0.9993,LPath
E479Y,0.998,LPath
E480A,0.1155,LBen
E480C,0.7331,LPath
E480D,0.1207,LBen
E480F,0.5594,Amb
E480G,0.2104,LBen
E480H,0.3424,Amb
E480I,0.2881,LBen
E480K,0.204,LBen
E480L,0.2576,LBen
E480M,0.2768,LBen
E480N,0.236,LBen
E480P,0.9876,LPath
E480Q,0.1194,LBen
E480R,0.2575,LBen
E480S,0.1901,LBen
E480T,0.193,LBen
E480V,0.1766,LBen
E480W,0.7837,LPath
E480Y,0.4189,Amb
A481C,0.9013,LPath
A481D,0.9949,LPath
A481E,0.9903,LPath
A481F,0.9777,LPath
A481G,0.8181,LPath
A481H,0.9778,LPath
A481I,0.9841,LPath
A481K,0.9971,LPath
A481L,0.9384,LPath
A481M,0.9514,LPath
A481N,0.9685,LPath
A481P,0.999,LPath
A481Q,0.9706,LPath
A481R,0.9834,LPath
A481S,0.3995,Amb
A481T,0.9338,LPath
A481V,0.9338,LPath
A481W,0.9954,LPath
A481Y,0.9807,LPath
L482A,0.9933,LPath
L482C,0.9959,LPath
L482D,0.9999,LPath
L482E,0.9993,LPath
L482F,0.9871,LPath
L482G,0.9981,LPath
L482H,0.9987,LPath
L482I,0.7765,LPath
L482K,0.9969,LPath
L482M,0.8468,LPath
L482N,0.9987,LPath
L482P,0.9993,LPath
L482Q,0.9974,LPath
L482R,0.9922,LPath
L482S,0.9985,LPath
L482T,0.995,LPath
L482V,0.882,LPath
L482W,0.9961,LPath
L482Y,0.9976,LPath
H483A,0.1556,LBen
H483C,0.1206,LBen
H483D,0.2914,LBen
H483E,0.2532,LBen
H483F,0.1869,LBen
H483G,0.1835,LBen
H483I,0.2319,LBen
H483K,0.2158,LBen
H483L,0.0986,LBen
H483M,0.2619,LBen
H483N,0.0932,LBen
H483P,0.8706,LPath
H483Q,0.098,LBen
H483R,0.0933,LBen
H483S,0.1289,LBen
H483T,0.187,LBen
H483V,0.1854,LBen
H483W,0.2595,LBen
H483Y,0.0816,LBen
Q484A,0.2076,LBen
Q484C,0.3431,Amb
Q484D,0.4315,Amb
Q484E,0.1385,LBen
Q484F,0.5694,LPath
Q484G,0.2825,LBen
Q484H,0.1578,LBen
Q484I,0.5083,Amb
Q484K,0.1603,LBen
Q484L,0.1143,LBen
Q484M,0.3115,LBen
Q484N,0.238,LBen
Q484P,0.9626,LPath
Q484R,0.119,LBen
Q484S,0.2081,LBen
Q484T,0.2482,LBen
Q484V,0.349,Amb
Q484W,0.5269,Amb
Q484Y,0.3422,Amb
F485A,0.9989,LPath
F485C,0.9975,LPath
F485D,0.9997,LPath
F485E,0.9995,LPath
F485G,0.9986,LPath
F485H,0.998,LPath
F485I,0.9955,LPath
F485K,0.9991,LPath
F485L,0.9987,LPath
F485M,0.9929,LPath
F485N,0.9991,LPath
F485P,1.0,LPath
F485Q,0.9989,LPath
F485R,0.9972,LPath
F485S,0.9995,LPath
F485T,0.9994,LPath
F485V,0.996,LPath
F485W,0.9859,LPath
F485Y,0.9436,LPath
R486A,0.9703,LPath
R486C,0.5351,Amb
R486D,0.9959,LPath
R486E,0.9692,LPath
R486F,0.9868,LPath
R486G,0.9358,LPath
R486H,0.4995,Amb
R486I,0.9308,LPath
R486K,0.3296,LBen
R486L,0.8817,LPath
R486M,0.963,LPath
R486N,0.9911,LPath
R486P,0.9965,LPath
R486Q,0.4326,Amb
R486S,0.9719,LPath
R486T,0.9451,LPath
R486V,0.942,LPath
R486W,0.8313,LPath
R486Y,0.9461,LPath
S487A,0.0933,LBen
S487C,0.0653,LBen
S487D,0.534,Amb
S487E,0.5684,LPath
S487F,0.3121,LBen
S487G,0.1071,LBen
S487H,0.3435,Amb
S487I,0.2607,LBen
S487K,0.6163,LPath
S487L,0.092,LBen
S487M,0.1411,LBen
S487N,0.1476,LBen
S487P,0.9752,LPath
S487Q,0.4187,Amb
S487R,0.5337,Amb
S487T,0.0834,LBen
S487V,0.2042,LBen
S487W,0.454,Amb
S487Y,0.3027,LBen
G488A,0.5788,LPath
G488C,0.6709,LPath
G488D,0.964,LPath
G488E,0.9401,LPath
G488F,0.9896,LPath
G488H,0.9006,LPath
G488I,0.9921,LPath
G488K,0.8685,LPath
G488L,0.9509,LPath
G488M,0.9627,LPath
G488N,0.85,LPath
G488P,0.9989,LPath
G488Q,0.7641,LPath
G488R,0.6988,LPath
G488S,0.4408,Amb
G488T,0.9152,LPath
G488V,0.9754,LPath
G488W,0.9797,LPath
G488Y,0.9768,LPath
K489A,0.31,LBen
K489C,0.3507,Amb
K489D,0.6146,LPath
K489E,0.2238,LBen
K489F,0.6954,LPath
K489G,0.4401,Amb
K489H,0.1895,LBen
K489I,0.2974,LBen
K489L,0.2973,LBen
K489M,0.2645,LBen
K489N,0.448,Amb
K489P,0.9473,LPath
K489Q,0.0977,LBen
K489R,0.058,LBen
K489S,0.3829,Amb
K489T,0.2269,LBen
K489V,0.2596,LBen
K489W,0.5898,LPath
K489Y,0.5123,Amb
S490A,0.0858,LBen
S490C,0.0322,LBen
S490D,0.7386,LPath
S490E,0.7242,LPath
S490F,0.2631,LBen
S490G,0.1759,LBen
S490H,0.269,LBen
S490I,0.247,LBen
S490K,0.5376,Amb
S490L,0.1579,LBen
S490M,0.1871,LBen
S490N,0.2051,LBen
S490P,0.9324,LPath
S490Q,0.4028,Amb
S490R,0.417,Amb
S490T,0.0875,LBen
S490V,0.2105,LBen
S490W,0.3685,Amb
S490Y,0.152,LBen
P491A,0.3755,Amb
P491C,0.7427,LPath
P491D,0.9093,LPath
P491E,0.8673,LPath
P491F,0.972,LPath
P491G,0.7008,LPath
P491H,0.5437,Amb
P491I,0.9507,LPath
P491K,0.6737,LPath
P491L,0.7339,LPath
P491M,0.9012,LPath
P491N,0.7082,LPath
P491Q,0.5004,Amb
P491R,0.3878,Amb
P491S,0.415,Amb
P491T,0.5437,Amb
P491V,0.8525,LPath
P491W,0.9733,LPath
P491Y,0.9371,LPath
I492A,0.9869,LPath
I492C,0.9674,LPath
I492D,0.9998,LPath
I492E,0.9992,LPath
I492F,0.8239,LPath
I492G,0.9984,LPath
I492H,0.9965,LPath
I492K,0.997,LPath
I492L,0.4368,Amb
I492M,0.6819,LPath
I492N,0.9953,LPath
I492P,0.9989,LPath
I492Q,0.9977,LPath
I492R,0.994,LPath
I492S,0.9902,LPath
I492T,0.9734,LPath
I492V,0.1059,LBen
I492W,0.9952,LPath
I492Y,0.9745,LPath
L493A,0.9812,LPath
L493C,0.9672,LPath
L493D,1.0,LPath
L493E,0.9995,LPath
L493F,0.9652,LPath
L493G,0.9983,LPath
L493H,0.9991,LPath
L493I,0.4915,Amb
L493K,0.9991,LPath
L493M,0.2298,LBen
L493N,0.9994,LPath
L493P,0.9997,LPath
L493Q,0.9952,LPath
L493R,0.9981,LPath
L493S,0.9976,LPath
L493T,0.9939,LPath
L493V,0.6295,LPath
L493W,0.9983,LPath
L493Y,0.9983,LPath
V494A,0.9828,LPath
V494C,0.985,LPath
V494D,0.9999,LPath
V494E,0.9994,LPath
V494F,0.9959,LPath
V494G,0.9927,LPath
V494H,0.9998,LPath
V494I,0.2467,LBen
V494K,0.9995,LPath
V494L,0.9684,LPath
V494M,0.9877,LPath
V494N,0.9994,LPath
V494P,0.9991,LPath
V494Q,0.9992,LPath
V494R,0.9984,LPath
V494S,0.9932,LPath
V494T,0.9746,LPath
V494W,0.9999,LPath
V494Y,0.9997,LPath
A495C,0.9487,LPath
A495D,0.9999,LPath
A495E,0.9997,LPath
A495F,0.998,LPath
A495G,0.9287,LPath
A495H,0.9997,LPath
A495I,0.9991,LPath
A495K,0.9999,LPath
A495L,0.9732,LPath
A495M,0.9954,LPath
A495N,0.9995,LPath
A495P,0.9997,LPath
A495Q,0.9985,LPath
A495R,0.9984,LPath
A495S,0.8867,LPath
A495T,0.9907,LPath
A495V,0.9954,LPath
A495W,0.9999,LPath
A495Y,0.9996,LPath
T496A,0.9969,LPath
T496C,0.9994,LPath
T496D,0.9997,LPath
T496E,0.9995,LPath
T496F,0.9996,LPath
T496G,0.9982,LPath
T496H,0.9994,LPath
T496I,0.9997,LPath
T496K,0.9978,LPath
T496L,0.9957,LPath
T496M,0.996,LPath
T496N,0.9987,LPath
T496P,0.9949,LPath
T496Q,0.9995,LPath
T496R,0.9981,LPath
T496S,0.9945,LPath
T496V,0.9968,LPath
T496W,0.9999,LPath
T496Y,0.9998,LPath
A497C,0.9836,LPath
A497D,0.9798,LPath
A497E,0.994,LPath
A497F,0.9932,LPath
A497G,0.8377,LPath
A497H,0.9938,LPath
A497I,0.9985,LPath
A497K,0.9991,LPath
A497L,0.9762,LPath
A497M,0.9825,LPath
A497N,0.9523,LPath
A497P,0.9949,LPath
A497Q,0.9768,LPath
A497R,0.9921,LPath
A497S,0.3664,Amb
A497T,0.9664,LPath
A497V,0.9919,LPath
A497W,0.9981,LPath
A497Y,0.9953,LPath
V498A,0.999,LPath
V498C,0.9997,LPath
V498D,0.9997,LPath
V498E,0.9991,LPath
V498F,0.9965,LPath
V498G,0.9952,LPath
V498H,0.9999,LPath
V498I,0.824,LPath
V498K,0.9993,LPath
V498L,0.998,LPath
V498M,0.997,LPath
V498N,0.9991,LPath
V498P,0.9993,LPath
V498Q,0.9995,LPath
V498R,0.9974,LPath
V498S,0.9964,LPath
V498T,0.9936,LPath
V498W,0.9999,LPath
V498Y,0.9996,LPath
A499C,0.9843,LPath
A499D,0.9999,LPath
A499E,0.9994,LPath
A499F,0.9975,LPath
A499G,0.9788,LPath
A499H,0.9996,LPath
A499I,0.9967,LPath
A499K,0.9999,LPath
A499L,0.9614,LPath
A499M,0.9938,LPath
A499N,0.9992,LPath
A499P,0.9984,LPath
A499Q,0.9979,LPath
A499R,0.9975,LPath
A499S,0.9087,LPath
A499T,0.9952,LPath
A499V,0.9856,LPath
A499W,0.9996,LPath
A499Y,0.9992,LPath
A500C,0.9747,LPath
A500D,0.9997,LPath
A500E,0.9983,LPath
A500F,0.9978,LPath
A500G,0.8633,LPath
A500H,0.9993,LPath
A500I,0.9991,LPath
A500K,0.9998,LPath
A500L,0.9836,LPath
A500M,0.9929,LPath
A500N,0.9984,LPath
A500P,0.9997,LPath
A500Q,0.9927,LPath
A500R,0.9977,LPath
A500S,0.3743,Amb
A500T,0.9876,LPath
A500V,0.9953,LPath
A500W,0.9995,LPath
A500Y,0.9989,LPath
R501A,0.9992,LPath
R501C,0.9981,LPath
R501D,0.9996,LPath
R501E,0.9969,LPath
R501F,0.9999,LPath
R501G,0.9975,LPath
R501H,0.9992,LPath
R501I,0.9999,LPath
R501K,0.9955,LPath
R501L,0.9987,LPath
R501M,0.9999,LPath
R501N,0.9998,LPath
R501P,0.9996,LPath
R501Q,0.9978,LPath
R501S,0.9996,LPath
R501T,0.9998,LPath
R501V,0.9997,LPath
R501W,0.9986,LPath
R501Y,0.9999,LPath
G502A,0.9983,LPath
G502C,0.9992,LPath
G502D,0.9997,LPath
G502E,0.9998,LPath
G502F,0.9998,LPath
G502H,1.0,LPath
G502I,0.9994,LPath
G502K,0.9999,LPath
G502L,0.9997,LPath
G502M,0.9998,LPath
G502N,0.9998,LPath
G502P,0.9999,LPath
G502Q,0.9999,LPath
G502R,0.9999,LPath
G502S,0.9984,LPath
G502T,0.9994,LPath
G502V,0.9993,LPath
G502W,0.9999,LPath
G502Y,0.9998,LPath
L503A,0.9965,LPath
L503C,0.998,LPath
L503D,0.9999,LPath
L503E,0.9994,LPath
L503F,0.9936,LPath
L503G,0.9991,LPath
L503H,0.9997,LPath
L503I,0.7804,LPath
L503K,0.9987,LPath
L503M,0.9031,LPath
L503N,0.9992,LPath
L503P,0.9998,LPath
L503Q,0.9994,LPath
L503R,0.9974,LPath
L503S,0.9996,LPath
L503T,0.997,LPath
L503V,0.9361,LPath
L503W,0.9964,LPath
L503Y,0.9985,LPath
D504A,0.9954,LPath
D504C,0.9995,LPath
D504E,0.9972,LPath
D504F,0.9979,LPath
D504G,0.9934,LPath
D504H,0.993,LPath
D504I,0.9992,LPath
D504K,0.9993,LPath
D504L,0.9979,LPath
D504M,0.9996,LPath
D504N,0.9886,LPath
D504P,0.9987,LPath
D504Q,0.998,LPath
D504R,0.9985,LPath
D504S,0.9898,LPath
D504T,0.9992,LPath
D504V,0.9973,LPath
D504W,0.9994,LPath
D504Y,0.9855,LPath
I505A,0.9972,LPath
I505C,0.9971,LPath
I505D,0.9997,LPath
I505E,0.9995,LPath
I505F,0.9731,LPath
I505G,0.9997,LPath
I505H,0.9993,LPath
I505K,0.9993,LPath
I505L,0.9249,LPath
I505M,0.9364,LPath
I505N,0.9974,LPath
I505P,0.999,LPath
I505Q,0.9993,LPath
I505R,0.998,LPath
I505S,0.9959,LPath
I505T,0.994,LPath
I505V,0.3743,Amb
I505W,0.9993,LPath
I505Y,0.9971,LPath
S506A,0.0867,LBen
S506C,0.0657,LBen
S506D,0.6891,LPath
S506E,0.7727,LPath
S506F,0.5118,Amb
S506G,0.0864,LBen
S506H,0.4547,Amb
S506I,0.4131,Amb
S506K,0.8257,LPath
S506L,0.1931,LBen
S506M,0.34,LBen
S506N,0.1891,LBen
S506P,0.1198,LBen
S506Q,0.5909,LPath
S506R,0.7328,LPath
S506T,0.1322,LBen
S506V,0.3344,LBen
S506W,0.6028,LPath
S506Y,0.4306,Amb
N507A,0.7038,LPath
N507C,0.5725,LPath
N507D,0.3391,LBen
N507E,0.8986,LPath
N507F,0.9249,LPath
N507G,0.4454,Amb
N507H,0.1581,LBen
N507I,0.9569,LPath
N507K,0.8238,LPath
N507L,0.8271,LPath
N507M,0.8737,LPath
N507P,0.9716,LPath
N507Q,0.7258,LPath
N507R,0.7502,LPath
N507S,0.1719,LBen
N507T,0.6635,LPath
N507V,0.9132,LPath
N507W,0.9675,LPath
N507Y,0.577,LPath
V508A,0.9969,LPath
V508C,0.9935,LPath
V508D,0.9998,LPath
V508E,0.9991,LPath
V508F,0.998,LPath
V508G,0.9942,LPath
V508H,0.9998,LPath
V508I,0.3772,Amb
V508K,0.9991,LPath
V508L,0.9908,LPath
V508M,0.9944,LPath
V508N,0.9989,LPath
V508P,0.9987,LPath
V508Q,0.999,LPath
V508R,0.9969,LPath
V508S,0.9965,LPath
V508T,0.985,LPath
V508W,1.0,LPath
V508Y,0.9996,LPath
R509A,0.6249,LPath
R509C,0.2849,LBen
R509D,0.9246,LPath
R509E,0.6031,LPath
R509F,0.894,LPath
R509G,0.4123,Amb
R509H,0.2254,LBen
R509I,0.6504,LPath
R509K,0.069,LBen
R509L,0.4993,Amb
R509M,0.4945,Amb
R509N,0.817,LPath
R509P,0.9696,LPath
R509Q,0.1261,LBen
R509S,0.6548,LPath
R509T,0.3651,Amb
R509V,0.6364,LPath
R509W,0.5975,LPath
R509Y,0.757,LPath
H510A,0.9901,LPath
H510C,0.6984,LPath
H510D,0.99,LPath
H510E,0.9883,LPath
H510F,0.9015,LPath
H510G,0.9928,LPath
H510I,0.9638,LPath
H510K,0.984,LPath
H510L,0.817,LPath
H510M,0.9519,LPath
H510N,0.8979,LPath
H510P,0.9972,LPath
H510Q,0.9564,LPath
H510R,0.9617,LPath
H510S,0.9781,LPath
H510T,0.9864,LPath
H510V,0.9529,LPath
H510W,0.8857,LPath
H510Y,0.805,LPath
V511A,0.9975,LPath
V511C,0.995,LPath
V511D,0.9998,LPath
V511E,0.9995,LPath
V511F,0.9994,LPath
V511G,0.9968,LPath
V511H,0.9999,LPath
V511I,0.557,Amb
V511K,0.9996,LPath
V511L,0.998,LPath
V511M,0.9981,LPath
V511N,0.999,LPath
V511P,0.9997,LPath
V511Q,0.9993,LPath
V511R,0.9982,LPath
V511S,0.9947,LPath
V511T,0.9847,LPath
V511W,1.0,LPath
V511Y,0.9998,LPath
I512A,0.9952,LPath
I512C,0.9903,LPath
I512D,0.9999,LPath
I512E,0.9997,LPath
I512F,0.9747,LPath
I512G,0.9996,LPath
I512H,0.9997,LPath
I512K,0.9994,LPath
I512L,0.7601,LPath
I512M,0.8797,LPath
I512N,0.9991,LPath
I512P,0.9997,LPath
I512Q,0.9995,LPath
I512R,0.9987,LPath
I512S,0.9978,LPath
I512T,0.995,LPath
I512V,0.1308,LBen
I512W,0.9996,LPath
I512Y,0.9976,LPath
N513A,0.96,LPath
N513C,0.782,LPath
N513D,0.9968,LPath
N513E,0.9987,LPath
N513F,0.9988,LPath
N513G,0.9818,LPath
N513H,0.984,LPath
N513I,0.9463,LPath
N513K,0.9997,LPath
N513L,0.871,LPath
N513M,0.96,LPath
N513P,0.9987,LPath
N513Q,0.989,LPath
N513R,0.9995,LPath
N513S,0.42,Amb
N513T,0.9223,LPath
N513V,0.93,LPath
N513W,0.9999,LPath
N513Y,0.996,LPath
F514A,0.9977,LPath
F514C,0.9802,LPath
F514D,0.9994,LPath
F514E,0.9995,LPath
F514G,0.9984,LPath
F514H,0.9858,LPath
F514I,0.9861,LPath
F514K,0.9995,LPath
F514L,0.998,LPath
F514M,0.9862,LPath
F514N,0.9965,LPath
F514P,1.0,LPath
F514Q,0.9989,LPath
F514R,0.9978,LPath
F514S,0.9961,LPath
F514T,0.9978,LPath
F514V,0.9779,LPath
F514W,0.8864,LPath
F514Y,0.2477,LBen
D515A,0.9966,LPath
D515C,0.9984,LPath
D515E,0.9902,LPath
D515F,0.9994,LPath
D515G,0.9976,LPath
D515H,0.9975,LPath
D515I,0.9995,LPath
D515K,0.9996,LPath
D515L,0.9983,LPath
D515M,0.9998,LPath
D515N,0.9788,LPath
D515P,0.9997,LPath
D515Q,0.9981,LPath
D515R,0.9986,LPath
D515S,0.984,LPath
D515T,0.9983,LPath
D515V,0.9979,LPath
D515W,0.9998,LPath
D515Y,0.9949,LPath
L516A,0.9877,LPath
L516C,0.9626,LPath
L516D,0.9999,LPath
L516E,0.9996,LPath
L516F,0.9149,LPath
L516G,0.9975,LPath
L516H,0.9985,LPath
L516I,0.7404,LPath
L516K,0.9992,LPath
L516M,0.4044,Amb
L516N,0.9987,LPath
L516P,0.9986,LPath
L516Q,0.9975,LPath
L516R,0.9987,LPath
L516S,0.9973,LPath
L516T,0.9921,LPath
L516V,0.8139,LPath
L516W,0.9967,LPath
L516Y,0.9943,LPath
P517A,0.9864,LPath
P517C,0.998,LPath
P517D,0.9998,LPath
P517E,0.9998,LPath
P517F,1.0,LPath
P517G,0.9981,LPath
P517H,0.9996,LPath
P517I,0.9997,LPath
P517K,0.9999,LPath
P517L,0.998,LPath
P517M,0.9998,LPath
P517N,0.9998,LPath
P517Q,0.9997,LPath
P517R,0.9995,LPath
P517S,0.9977,LPath
P517T,0.9976,LPath
P517V,0.9981,LPath
P517W,1.0,LPath
P517Y,1.0,LPath
S518A,0.1283,LBen
S518C,0.2362,LBen
S518D,0.9455,LPath
S518E,0.9627,LPath
S518F,0.8093,LPath
S518G,0.1057,LBen
S518H,0.886,LPath
S518I,0.7036,LPath
S518K,0.9872,LPath
S518L,0.3356,LBen
S518M,0.4087,Amb
S518N,0.3463,Amb
S518P,0.8347,LPath
S518Q,0.8807,LPath
S518R,0.9825,LPath
S518T,0.1449,LBen
S518V,0.5402,Amb
S518W,0.9219,LPath
S518Y,0.8245,LPath
D519A,0.9426,LPath
D519C,0.9827,LPath
D519E,0.8783,LPath
D519F,0.9916,LPath
D519G,0.9038,LPath
D519H,0.978,LPath
D519I,0.9912,LPath
D519K,0.9942,LPath
D519L,0.9857,LPath
D519M,0.9937,LPath
D519N,0.7599,LPath
D519P,0.9986,LPath
D519Q,0.9831,LPath
D519R,0.9906,LPath
D519S,0.8089,LPath
D519T,0.9418,LPath
D519V,0.9634,LPath
D519W,0.9989,LPath
D519Y,0.9664,LPath
I520A,0.7393,LPath
I520C,0.9511,LPath
I520D,0.9945,LPath
I520E,0.9841,LPath
I520F,0.8843,LPath
I520G,0.9809,LPath
I520H,0.9931,LPath
I520K,0.9781,LPath
I520L,0.6014,LPath
I520M,0.448,Amb
I520N,0.9618,LPath
I520P,0.9645,LPath
I520Q,0.9834,LPath
I520R,0.9676,LPath
I520S,0.8209,LPath
I520T,0.4689,Amb
I520V,0.0934,LBen
I520W,0.9923,LPath
I520Y,0.9836,LPath
E521A,0.9288,LPath
E521C,0.9965,LPath
E521D,0.6318,LPath
E521F,0.9992,LPath
E521G,0.9383,LPath
E521H,0.9927,LPath
E521I,0.9982,LPath
E521K,0.9806,LPath
E521L,0.9949,LPath
E521M,0.994,LPath
E521N,0.9748,LPath
E521P,0.9965,LPath
E521Q,0.9006,LPath
E521R,0.9772,LPath
E521S,0.9235,LPath
E521T,0.9808,LPath
E521V,0.9913,LPath
E521W,0.9993,LPath
E521Y,0.998,LPath
E522A,0.9839,LPath
E522C,0.9986,LPath
E522D,0.8927,LPath
E522F,0.9997,LPath
E522G,0.9751,LPath
E522H,0.9994,LPath
E522I,0.9974,LPath
E522K,0.9977,LPath
E522L,0.9983,LPath
E522M,0.9962,LPath
E522N,0.9912,LPath
E522P,0.9998,LPath
E522Q,0.9884,LPath
E522R,0.9975,LPath
E522S,0.9821,LPath
E522T,0.9912,LPath
E522V,0.9906,LPath
E522W,0.9998,LPath
E522Y,0.9986,LPath
Y523A,0.9996,LPath
Y523C,0.999,LPath
Y523D,0.9989,LPath
Y523E,0.9999,LPath
Y523F,0.7771,LPath
Y523G,0.9976,LPath
Y523H,0.9993,LPath
Y523I,0.9979,LPath
Y523K,0.9999,LPath
Y523L,0.9876,LPath
Y523M,0.9978,LPath
Y523N,0.9973,LPath
Y523P,0.9999,LPath
Y523Q,0.9999,LPath
Y523R,0.9998,LPath
Y523S,0.9986,LPath
Y523T,0.9994,LPath
Y523V,0.9945,LPath
Y523W,0.9804,LPath
V524A,0.9947,LPath
V524C,0.9932,LPath
V524D,0.9996,LPath
V524E,0.9981,LPath
V524F,0.989,LPath
V524G,0.9903,LPath
V524H,0.9993,LPath
V524I,0.4001,Amb
V524K,0.9981,LPath
V524L,0.9931,LPath
V524M,0.9894,LPath
V524N,0.9972,LPath
V524P,0.9992,LPath
V524Q,0.9958,LPath
V524R,0.9902,LPath
V524S,0.9853,LPath
V524T,0.8885,LPath
V524W,0.9997,LPath
V524Y,0.9985,LPath
H525A,0.9998,LPath
H525C,0.996,LPath
H525D,0.9998,LPath
H525E,0.9998,LPath
H525F,0.9957,LPath
H525G,0.9994,LPath
H525I,0.9998,LPath
H525K,0.9993,LPath
H525L,0.9959,LPath
H525M,0.9995,LPath
H525N,0.9993,LPath
H525P,0.9944,LPath
H525Q,0.9994,LPath
H525R,0.9992,LPath
H525S,0.9994,LPath
H525T,0.9999,LPath
H525V,0.9998,LPath
H525W,0.9772,LPath
H525Y,0.9973,LPath
R526A,0.9995,LPath
R526C,0.9951,LPath
R526D,0.9998,LPath
R526E,0.9986,LPath
R526F,0.9999,LPath
R526G,0.9992,LPath
R526H,0.9951,LPath
R526I,0.9996,LPath
R526K,0.9937,LPath
R526L,0.9976,LPath
R526M,0.9999,LPath
R526N,0.9997,LPath
R526P,0.9999,LPath
R526Q,0.9934,LPath
R526S,0.9997,LPath
R526T,0.9996,LPath
R526V,0.9994,LPath
R526W,0.999,LPath
R526Y,0.9996,LPath
I527A,0.9892,LPath
I527C,0.9986,LPath
I527D,1.0,LPath
I527E,0.9996,LPath
I527F,0.9987,LPath
I527G,0.9996,LPath
I527H,0.9999,LPath
I527K,0.9996,LPath
I527L,0.9706,LPath
I527M,0.9576,LPath
I527N,0.9995,LPath
I527P,0.9993,LPath
I527Q,0.9997,LPath
I527R,0.999,LPath
I527S,0.9961,LPath
I527T,0.9683,LPath
I527V,0.4958,Amb
I527W,0.9999,LPath
I527Y,0.9999,LPath
G528A,0.9978,LPath
G528C,0.9986,LPath
G528D,0.9999,LPath
G528E,0.9998,LPath
G528F,0.9998,LPath
G528H,1.0,LPath
G528I,0.9992,LPath
G528K,0.9999,LPath
G528L,0.9993,LPath
G528M,0.9998,LPath
G528N,0.9999,LPath
G528P,0.9999,LPath
G528Q,0.9998,LPath
G528R,0.9997,LPath
G528S,0.9967,LPath
G528T,0.9984,LPath
G528V,0.9988,LPath
G528W,0.9997,LPath
G528Y,0.9998,LPath
R529A,0.9995,LPath
R529C,0.9965,LPath
R529D,0.9997,LPath
R529E,0.9964,LPath
R529F,0.9997,LPath
R529G,0.9992,LPath
R529H,0.9987,LPath
R529I,0.9988,LPath
R529K,0.9963,LPath
R529L,0.9957,LPath
R529M,0.9998,LPath
R529N,0.9996,LPath
R529P,0.9996,LPath
R529Q,0.9978,LPath
R529S,0.9997,LPath
R529T,0.9997,LPath
R529V,0.9988,LPath
R529W,0.9988,LPath
R529Y,0.9995,LPath
T530A,0.9919,LPath
T530C,0.9944,LPath
T530D,0.9997,LPath
T530E,0.9994,LPath
T530F,0.9998,LPath
T530G,0.9918,LPath
T530H,0.999,LPath
T530I,0.9993,LPath
T530K,0.9982,LPath
T530L,0.9964,LPath
T530M,0.9949,LPath
T530N,0.998,LPath
T530P,0.9947,LPath
T530Q,0.999,LPath
T530R,0.9976,LPath
T530S,0.9878,LPath
T530V,0.9939,LPath
T530W,0.9999,LPath
T530Y,0.9997,LPath
G531A,0.9766,LPath
G531C,0.9983,LPath
G531D,0.9998,LPath
G531E,0.9999,LPath
G531F,0.9998,LPath
G531H,1.0,LPath
G531I,0.9998,LPath
G531K,0.9999,LPath
G531L,0.9995,LPath
G531M,0.9999,LPath
G531N,0.9999,LPath
G531P,0.9999,LPath
G531Q,0.9998,LPath
G531R,0.9994,LPath
G531S,0.9941,LPath
G531T,0.9993,LPath
G531V,0.9994,LPath
G531W,0.9998,LPath
G531Y,0.9999,LPath
R532A,0.9993,LPath
R532C,0.9982,LPath
R532D,0.9994,LPath
R532E,0.9952,LPath
R532F,0.9993,LPath
R532G,0.9983,LPath
R532H,0.9978,LPath
R532I,0.999,LPath
R532K,0.9947,LPath
R532L,0.9977,LPath
R532M,0.9998,LPath
R532N,0.9994,LPath
R532P,0.9989,LPath
R532Q,0.9964,LPath
R532S,0.9995,LPath
R532T,0.9995,LPath
R532V,0.9987,LPath
R532W,0.996,LPath
R532Y,0.999,LPath
V533A,0.6733,LPath
V533C,0.8051,LPath
V533D,0.9923,LPath
V533E,0.9762,LPath
V533F,0.7812,LPath
V533G,0.8344,LPath
V533H,0.9837,LPath
V533I,0.3621,Amb
V533K,0.9626,LPath
V533L,0.7705,LPath
V533M,0.5421,Amb
V533N,0.9683,LPath
V533P,0.9885,LPath
V533Q,0.9232,LPath
V533R,0.8986,LPath
V533S,0.8578,LPath
V533T,0.8833,LPath
V533W,0.9932,LPath
V533Y,0.9725,LPath
G534A,0.9954,LPath
G534C,0.9965,LPath
G534D,0.9992,LPath
G534E,0.9995,LPath
G534F,0.9996,LPath
G534H,0.9998,LPath
G534I,0.9995,LPath
G534K,0.9997,LPath
G534L,0.9991,LPath
G534M,0.9997,LPath
G534N,0.999,LPath
G534P,0.9996,LPath
G534Q,0.9994,LPath
G534R,0.9988,LPath
G534S,0.9912,LPath
G534T,0.9982,LPath
G534V,0.999,LPath
G534W,0.999,LPath
G534Y,0.9996,LPath
N535A,0.8962,LPath
N535C,0.5763,LPath
N535D,0.9012,LPath
N535E,0.9226,LPath
N535F,0.8963,LPath
N535G,0.8748,LPath
N535H,0.2042,LBen
N535I,0.8936,LPath
N535K,0.7975,LPath
N535L,0.8422,LPath
N535M,0.8718,LPath
N535P,0.9949,LPath
N535Q,0.7196,LPath
N535R,0.6916,LPath
N535S,0.4061,Amb
N535T,0.7701,LPath
N535V,0.8605,LPath
N535W,0.9668,LPath
N535Y,0.5576,Amb
L536A,0.6062,LPath
L536C,0.7498,LPath
L536D,0.951,LPath
L536E,0.7367,LPath
L536F,0.6577,LPath
L536G,0.886,LPath
L536H,0.668,LPath
L536I,0.1826,LBen
L536K,0.4257,Amb
L536M,0.2116,LBen
L536N,0.7867,LPath
L536P,0.7562,LPath
L536Q,0.4194,Amb
L536R,0.3577,Amb
L536S,0.7514,LPath
L536T,0.2689,LBen
L536V,0.1364,LBen
L536W,0.8195,LPath
L536Y,0.8638,LPath
G537A,0.997,LPath
G537C,0.9988,LPath
G537D,0.9998,LPath
G537E,0.9998,LPath
G537F,0.9997,LPath
G537H,0.9999,LPath
G537I,0.9998,LPath
G537K,0.9999,LPath
G537L,0.9996,LPath
G537M,0.9999,LPath
G537N,0.9999,LPath
G537P,0.9998,LPath
G537Q,0.9999,LPath
G537R,0.9997,LPath
G537S,0.9981,LPath
G537T,0.9996,LPath
G537V,0.9996,LPath
G537W,0.9998,LPath
G537Y,0.9998,LPath
L538A,0.6,LPath
L538C,0.5383,Amb
L538D,0.9446,LPath
L538E,0.6232,LPath
L538F,0.2535,LBen
L538G,0.8797,LPath
L538H,0.3875,Amb
L538I,0.1123,LBen
L538K,0.3576,Amb
L538M,0.1228,LBen
L538N,0.7135,LPath
L538P,0.9895,LPath
L538Q,0.2582,LBen
L538R,0.3015,LBen
L538S,0.6566,LPath
L538T,0.3989,Amb
L538V,0.104,LBen
L538W,0.4187,Amb
L538Y,0.4868,Amb
A539C,0.9738,LPath
A539D,0.9999,LPath
A539E,0.9994,LPath
A539F,0.9994,LPath
A539G,0.9486,LPath
A539H,0.9995,LPath
A539I,0.9994,LPath
A539K,0.9999,LPath
A539L,0.9922,LPath
A539M,0.9979,LPath
A539N,0.9993,LPath
A539P,0.9996,LPath
A539Q,0.9975,LPath
A539R,0.9991,LPath
A539S,0.505,Amb
A539T,0.9903,LPath
A539V,0.9952,LPath
A539W,0.9999,LPath
A539Y,0.9997,LPath
T540A,0.8612,LPath
T540C,0.9454,LPath
T540D,0.9973,LPath
T540E,0.9956,LPath
T540F,0.9586,LPath
T540G,0.9836,LPath
T540H,0.9615,LPath
T540I,0.7942,LPath
T540K,0.9944,LPath
T540L,0.7625,LPath
T540M,0.7305,LPath
T540N,0.9774,LPath
T540P,0.9887,LPath
T540Q,0.9898,LPath
T540R,0.9916,LPath
T540S,0.7479,LPath
T540V,0.5276,Amb
T540W,0.9836,LPath
T540Y,0.9618,LPath
S541A,0.3598,Amb
S541C,0.8099,LPath
S541D,0.9995,LPath
S541E,0.9998,LPath
S541F,0.9996,LPath
S541G,0.8373,LPath
S541H,0.999,LPath
S541I,0.9986,LPath
S541K,1.0,LPath
S541L,0.9891,LPath
S541M,0.9934,LPath
S541N,0.9972,LPath
S541P,0.9997,LPath
S541Q,0.9993,LPath
S541R,0.9999,LPath
S541T,0.6605,LPath
S541V,0.9928,LPath
S541W,0.9997,LPath
S541Y,0.9994,LPath
F542A,0.9977,LPath
F542C,0.9839,LPath
F542D,0.9999,LPath
F542E,0.9999,LPath
F542G,0.9988,LPath
F542H,0.9986,LPath
F542I,0.9771,LPath
F542K,0.9998,LPath
F542L,0.9835,LPath
F542M,0.9761,LPath
F542N,0.9993,LPath
F542P,0.9999,LPath
F542Q,0.9997,LPath
F542R,0.999,LPath
F542S,0.9987,LPath
F542T,0.9992,LPath
F542V,0.9741,LPath
F542W,0.9877,LPath
F542Y,0.9041,LPath
F543A,0.9935,LPath
F543C,0.9202,LPath
F543D,0.9997,LPath
F543E,0.9997,LPath
F543G,0.9975,LPath
F543H,0.9895,LPath
F543I,0.9108,LPath
F543K,0.9995,LPath
F543L,0.9924,LPath
F543M,0.9622,LPath
F543N,0.9986,LPath
F543P,0.9999,LPath
F543Q,0.9985,LPath
F543R,0.9976,LPath
F543S,0.995,LPath
F543T,0.9967,LPath
F543V,0.8584,LPath
F543W,0.8788,LPath
F543Y,0.4613,Amb
N544A,0.9191,LPath
N544C,0.4781,Amb
N544D,0.7542,LPath
N544E,0.9873,LPath
N544F,0.9902,LPath
N544G,0.7364,LPath
N544H,0.5798,LPath
N544I,0.9772,LPath
N544K,0.9896,LPath
N544L,0.9355,LPath
N544M,0.9488,LPath
N544P,0.9863,LPath
N544Q,0.9592,LPath
N544R,0.9769,LPath
N544S,0.1393,LBen
N544T,0.411,Amb
N544V,0.942,LPath
N544W,0.9932,LPath
N544Y,0.9245,LPath
E545A,0.354,Amb
E545C,0.8882,LPath
E545D,0.0703,LBen
E545F,0.9131,LPath
E545G,0.2789,LBen
E545H,0.5744,LPath
E545I,0.7275,LPath
E545K,0.4183,Amb
E545L,0.7507,LPath
E545M,0.7804,LPath
E545N,0.2829,LBen
E545P,0.6189,LPath
E545Q,0.2456,LBen
E545R,0.5201,Amb
E545S,0.256,LBen
E545T,0.4416,Amb
E545V,0.5383,Amb
E545W,0.9465,LPath
E545Y,0.7636,LPath
K546A,0.8624,LPath
K546C,0.8821,LPath
K546D,0.853,LPath
K546E,0.7548,LPath
K546F,0.9878,LPath
K546G,0.6881,LPath
K546H,0.55,Amb
K546I,0.9497,LPath
K546L,0.9062,LPath
K546M,0.8696,LPath
K546N,0.7721,LPath
K546P,0.9725,LPath
K546Q,0.3899,Amb
K546R,0.0716,LBen
K546S,0.8374,LPath
K546T,0.7834,LPath
K546V,0.9194,LPath
K546W,0.9407,LPath
K546Y,0.9184,LPath
N547A,0.9784,LPath
N547C,0.9246,LPath
N547D,0.7947,LPath
N547E,0.9901,LPath
N547F,0.9981,LPath
N547G,0.9414,LPath
N547H,0.9341,LPath
N547I,0.9914,LPath
N547K,0.9964,LPath
N547L,0.9895,LPath
N547M,0.9847,LPath
N547P,0.9971,LPath
N547Q,0.9872,LPath
N547R,0.9959,LPath
N547S,0.6527,LPath
N547T,0.9132,LPath
N547V,0.9797,LPath
N547W,0.999,LPath
N547Y,0.9622,LPath
M548A,0.1099,LBen
M548C,0.2876,LBen
M548D,0.6402,LPath
M548E,0.4432,Amb
M548F,0.1748,LBen
M548G,0.164,LBen
M548H,0.2604,LBen
M548I,0.0935,LBen
M548K,0.2104,LBen
M548L,0.0735,LBen
M548N,0.1593,LBen
M548P,0.6219,LPath
M548Q,0.1662,LBen
M548R,0.2127,LBen
M548S,0.1062,LBen
M548T,0.0845,LBen
M548V,0.0529,LBen
M548W,0.4481,Amb
M548Y,0.3253,LBen
N549A,0.3715,Amb
N549C,0.4745,Amb
N549D,0.7258,LPath
N549E,0.9231,LPath
N549F,0.7696,LPath
N549G,0.2519,LBen
N549H,0.3015,LBen
N549I,0.6029,LPath
N549K,0.883,LPath
N549L,0.5099,Amb
N549M,0.5729,LPath
N549P,0.4865,Amb
N549Q,0.6845,LPath
N549R,0.8634,LPath
N549S,0.159,LBen
N549T,0.3498,Amb
N549V,0.4962,Amb
N549W,0.9292,LPath
N549Y,0.4611,Amb
I550A,0.9362,LPath
I550C,0.902,LPath
I550D,0.9974,LPath
I550E,0.9943,LPath
I550F,0.8189,LPath
I550G,0.988,LPath
I550H,0.9883,LPath
I550K,0.9857,LPath
I550L,0.1531,LBen
I550M,0.2439,LBen
I550N,0.9533,LPath
I550P,0.9951,LPath
I550Q,0.9807,LPath
I550R,0.9809,LPath
I550S,0.9467,LPath
I550T,0.9028,LPath
I550V,0.1156,LBen
I550W,0.994,LPath
I550Y,0.9775,LPath
T551A,0.0956,LBen
T551C,0.1959,LBen
T551D,0.9471,LPath
T551E,0.8839,LPath
T551F,0.7402,LPath
T551G,0.2792,LBen
T551H,0.7318,LPath
T551I,0.3442,Amb
T551K,0.7783,LPath
T551L,0.2717,LBen
T551M,0.1756,LBen
T551N,0.5295,Amb
T551P,0.6964,LPath
T551Q,0.6139,LPath
T551R,0.6989,LPath
T551S,0.1544,LBen
T551V,0.1612,LBen
T551W,0.926,LPath
T551Y,0.777,LPath
K552A,0.7483,LPath
K552C,0.8763,LPath
K552D,0.9088,LPath
K552E,0.707,LPath
K552F,0.9797,LPath
K552G,0.6812,LPath
K552H,0.5612,Amb
K552I,0.9111,LPath
K552L,0.8691,LPath
K552M,0.8069,LPath
K552N,0.861,LPath
K552P,0.8924,LPath
K552Q,0.3285,LBen
K552R,0.0746,LBen
K552S,0.7759,LPath
K552T,0.6529,LPath
K552V,0.8157,LPath
K552W,0.9219,LPath
K552Y,0.9223,LPath
D553A,0.598,LPath
D553C,0.9439,LPath
D553E,0.3212,LBen
D553F,0.9595,LPath
D553G,0.4995,Amb
D553H,0.8662,LPath
D553I,0.9387,LPath
D553K,0.933,LPath
D553L,0.9212,LPath
D553M,0.965,LPath
D553N,0.5014,Amb
D553P,0.8853,LPath
D553Q,0.8355,LPath
D553R,0.9432,LPath
D553S,0.5016,Amb
D553T,0.8145,LPath
D553V,0.8191,LPath
D553W,0.9918,LPath
D553Y,0.7531,LPath
L554A,0.9904,LPath
L554C,0.9804,LPath
L554D,0.9999,LPath
L554E,0.9993,LPath
L554F,0.8048,LPath
L554G,0.9982,LPath
L554H,0.9973,LPath
L554I,0.5635,Amb
L554K,0.998,LPath
L554M,0.3379,LBen
L554N,0.9988,LPath
L554P,0.9998,LPath
L554Q,0.9963,LPath
L554R,0.9975,LPath
L554S,0.9982,LPath
L554T,0.9899,LPath
L554V,0.6683,LPath
L554W,0.9946,LPath
L554Y,0.9888,LPath
L555A,0.6078,LPath
L555C,0.5727,LPath
L555D,0.9903,LPath
L555E,0.9192,LPath
L555F,0.5107,Amb
L555G,0.8965,LPath
L555H,0.7039,LPath
L555I,0.1834,LBen
L555K,0.7293,LPath
L555M,0.1697,LBen
L555N,0.8767,LPath
L555P,0.9942,LPath
L555Q,0.5634,Amb
L555R,0.6309,LPath
L555S,0.7741,LPath
L555T,0.5203,Amb
L555V,0.1411,LBen
L555W,0.7228,LPath
L555Y,0.7283,LPath
D556A,0.565,LPath
D556C,0.9017,LPath
D556E,0.2236,LBen
D556F,0.9039,LPath
D556G,0.6057,LPath
D556H,0.7733,LPath
D556I,0.8134,LPath
D556K,0.8955,LPath
D556L,0.7609,LPath
D556M,0.875,LPath
D556N,0.4111,Amb
D556P,0.9797,LPath
D556Q,0.7248,LPath
D556R,0.8949,LPath
D556S,0.4269,Amb
D556T,0.6208,LPath
D556V,0.6096,LPath
D556W,0.9803,LPath
D556Y,0.6669,LPath
L557A,0.937,LPath
L557C,0.958,LPath
L557D,0.9984,LPath
L557E,0.99,LPath
L557F,0.9647,LPath
L557G,0.9912,LPath
L557H,0.9789,LPath
L557I,0.1137,LBen
L557K,0.9698,LPath
L557M,0.4984,Amb
L557N,0.9654,LPath
L557P,0.9983,LPath
L557Q,0.9693,LPath
L557R,0.9597,LPath
L557S,0.9795,LPath
L557T,0.8411,LPath
L557V,0.2871,LBen
L557W,0.9928,LPath
L557Y,0.9882,LPath
L558A,0.9701,LPath
L558C,0.9156,LPath
L558D,0.9998,LPath
L558E,0.9983,LPath
L558F,0.9476,LPath
L558G,0.9966,LPath
L558H,0.9964,LPath
L558I,0.5797,LPath
L558K,0.9969,LPath
L558M,0.3691,Amb
L558N,0.9979,LPath
L558P,0.9994,LPath
L558Q,0.9883,LPath
L558R,0.9946,LPath
L558S,0.9951,LPath
L558T,0.9767,LPath
L558V,0.585,LPath
L558W,0.9959,LPath
L558Y,0.9954,LPath
V559A,0.3224,LBen
V559C,0.6341,LPath
V559D,0.7621,LPath
V559E,0.5539,Amb
V559F,0.3164,LBen
V559G,0.3444,Amb
V559H,0.6892,LPath
V559I,0.0817,LBen
V559K,0.5416,Amb
V559L,0.2298,LBen
V559M,0.1766,LBen
V559N,0.414,Amb
V559P,0.9876,LPath
V559Q,0.4113,Amb
V559R,0.4843,Amb
V559S,0.3371,LBen
V559T,0.2317,LBen
V559W,0.8786,LPath
V559Y,0.6731,LPath
E560A,0.9461,LPath
E560C,0.9956,LPath
E560D,0.8083,LPath
E560F,0.9985,LPath
E560G,0.9241,LPath
E560H,0.9949,LPath
E560I,0.9951,LPath
E560K,0.9879,LPath
E560L,0.9936,LPath
E560M,0.9938,LPath
E560N,0.9865,LPath
E560P,0.9988,LPath
E560Q,0.9395,LPath
E560R,0.9851,LPath
E560S,0.9512,LPath
E560T,0.9829,LPath
E560V,0.9853,LPath
E560W,0.9994,LPath
E560Y,0.9968,LPath
A561C,0.7148,LPath
A561D,0.9907,LPath
A561E,0.9696,LPath
A561F,0.9859,LPath
A561G,0.6385,LPath
A561H,0.9782,LPath
A561I,0.9561,LPath
A561K,0.9942,LPath
A561L,0.8899,LPath
A561M,0.8656,LPath
A561N,0.8504,LPath
A561P,0.9992,LPath
A561Q,0.9325,LPath
A561R,0.9816,LPath
A561S,0.1887,LBen
A561T,0.3259,LBen
A561V,0.7232,LPath
A561W,0.9971,LPath
A561Y,0.9886,LPath
K562A,0.7881,LPath
K562C,0.7224,LPath
K562D,0.7406,LPath
K562E,0.4528,Amb
K562F,0.9784,LPath
K562G,0.4862,Amb
K562H,0.2599,LBen
K562I,0.951,LPath
K562L,0.8775,LPath
K562M,0.7554,LPath
K562N,0.454,Amb
K562P,0.9839,LPath
K562Q,0.2067,LBen
K562R,0.0904,LBen
K562S,0.5986,LPath
K562T,0.6965,LPath
K562V,0.8947,LPath
K562W,0.9464,LPath
K562Y,0.8764,LPath
Q563A,0.8492,LPath
Q563C,0.995,LPath
Q563D,0.9951,LPath
Q563E,0.8017,LPath
Q563F,0.9983,LPath
Q563G,0.8452,LPath
Q563H,0.9958,LPath
Q563I,0.9837,LPath
Q563K,0.9507,LPath
Q563L,0.9627,LPath
Q563M,0.8889,LPath
Q563N,0.9256,LPath
Q563P,0.9965,LPath
Q563R,0.9699,LPath
Q563S,0.8591,LPath
Q563T,0.9241,LPath
Q563V,0.9564,LPath
Q563W,0.9993,LPath
Q563Y,0.9987,LPath
E564A,0.3816,Amb
E564C,0.9457,LPath
E564D,0.1476,LBen
E564F,0.9555,LPath
E564G,0.5831,LPath
E564H,0.834,LPath
E564I,0.5993,LPath
E564K,0.5992,LPath
E564L,0.7552,LPath
E564M,0.7304,LPath
E564N,0.5183,Amb
E564P,0.7634,LPath
E564Q,0.3775,Amb
E564R,0.7369,LPath
E564S,0.4808,Amb
E564T,0.4333,Amb
E564V,0.3594,Amb
E564W,0.9874,LPath
E564Y,0.912,LPath
V565A,0.8564,LPath
V565C,0.8756,LPath
V565D,0.9959,LPath
V565E,0.9818,LPath
V565F,0.882,LPath
V565G,0.9377,LPath
V565H,0.9927,LPath
V565I,0.0933,LBen
V565K,0.9675,LPath
V565L,0.7187,LPath
V565M,0.6814,LPath
V565N,0.9799,LPath
V565P,0.922,LPath
V565Q,0.9738,LPath
V565R,0.966,LPath
V565S,0.953,LPath
V565T,0.832,LPath
V565W,0.9952,LPath
V565Y,0.9738,LPath
P566A,0.9733,LPath
P566C,0.9972,LPath
P566D,0.9973,LPath
P566E,0.9974,LPath
P566F,0.9996,LPath
P566G,0.9955,LPath
P566H,0.9942,LPath
P566I,0.9985,LPath
P566K,0.9987,LPath
P566L,0.9898,LPath
P566M,0.9983,LPath
P566N,0.9973,LPath
P566Q,0.9966,LPath
P566R,0.9967,LPath
P566S,0.9874,LPath
P566T,0.9911,LPath
P566V,0.9946,LPath
P566W,0.9996,LPath
P566Y,0.9992,LPath
S567A,0.0712,LBen
S567C,0.115,LBen
S567D,0.3511,Amb
S567E,0.4406,Amb
S567F,0.2362,LBen
S567G,0.0724,LBen
S567H,0.3268,LBen
S567I,0.1714,LBen
S567K,0.605,LPath
S567L,0.0865,LBen
S567M,0.1584,LBen
S567N,0.1291,LBen
S567P,0.0959,LBen
S567Q,0.3808,Amb
S567R,0.5988,LPath
S567T,0.0836,LBen
S567V,0.1332,LBen
S567W,0.4128,Amb
S567Y,0.2402,LBen
W568A,0.9957,LPath
W568C,0.9971,LPath
W568D,0.9985,LPath
W568E,0.9982,LPath
W568F,0.4354,Amb
W568G,0.9942,LPath
W568H,0.9931,LPath
W568I,0.9887,LPath
W568K,0.9997,LPath
W568L,0.9931,LPath
W568M,0.9934,LPath
W568N,0.9986,LPath
W568P,0.999,LPath
W568Q,0.9992,LPath
W568R,0.9992,LPath
W568S,0.9935,LPath
W568T,0.9949,LPath
W568V,0.9903,LPath
W568Y,0.9268,LPath
L569A,0.9826,LPath
L569C,0.9784,LPath
L569D,0.9998,LPath
L569E,0.9983,LPath
L569F,0.7674,LPath
L569G,0.9975,LPath
L569H,0.9979,LPath
L569I,0.4671,Amb
L569K,0.9967,LPath
L569M,0.366,Amb
L569N,0.9993,LPath
L569P,0.999,LPath
L569Q,0.9945,LPath
L569R,0.9957,LPath
L569S,0.9988,LPath
L569T,0.992,LPath
L569V,0.585,LPath
L569W,0.9791,LPath
L569Y,0.9852,LPath
E570A,0.4814,Amb
E570C,0.948,LPath
E570D,0.3516,Amb
E570F,0.9692,LPath
E570G,0.4705,Amb
E570H,0.8251,LPath
E570I,0.8204,LPath
E570K,0.6112,LPath
E570L,0.818,LPath
E570M,0.8236,LPath
E570N,0.6561,LPath
E570P,0.9759,LPath
E570Q,0.3072,LBen
E570R,0.671,LPath
E570S,0.4867,Amb
E570T,0.5978,LPath
E570V,0.5964,LPath
E570W,0.9816,LPath
E570Y,0.9162,LPath
N571A,0.1418,LBen
N571C,0.1955,LBen
N571D,0.1467,LBen
N571E,0.3352,LBen
N571F,0.515,Amb
N571G,0.1308,LBen
N571H,0.1106,LBen
N571I,0.3001,LBen
N571K,0.3073,LBen
N571L,0.2575,LBen
N571M,0.2701,LBen
N571P,0.8495,LPath
N571Q,0.2098,LBen
N571R,0.3278,LBen
N571S,0.0615,LBen
N571T,0.0885,LBen
N571V,0.2481,LBen
N571W,0.7171,LPath
N571Y,0.1891,LBen
M572A,0.397,Amb
M572C,0.6168,LPath
M572D,0.9566,LPath
M572E,0.7481,LPath
M572F,0.465,Amb
M572G,0.8147,LPath
M572H,0.6238,LPath
M572I,0.3399,LBen
M572K,0.3006,LBen
M572L,0.1018,LBen
M572N,0.7588,LPath
M572P,0.9885,LPath
M572Q,0.3654,Amb
M572R,0.3512,Amb
M572S,0.5622,Amb
M572T,0.2776,LBen
M572V,0.0993,LBen
M572W,0.7406,LPath
M572Y,0.6896,LPath
A573C,0.5428,Amb
A573D,0.9453,LPath
A573E,0.9063,LPath
A573F,0.737,LPath
A573G,0.2235,LBen
A573H,0.8616,LPath
A573I,0.6136,LPath
A573K,0.9575,LPath
A573L,0.5353,Amb
A573M,0.6006,LPath
A573N,0.7672,LPath
A573P,0.9579,LPath
A573Q,0.7811,LPath
A573R,0.9074,LPath
A573S,0.1442,LBen
A573T,0.3372,LBen
A573V,0.3076,LBen
A573W,0.9493,LPath
A573Y,0.7867,LPath
Y574A,0.3028,LBen
Y574C,0.1205,LBen
Y574D,0.423,Amb
Y574E,0.5826,LPath
Y574F,0.0722,LBen
Y574G,0.3095,LBen
Y574H,0.2233,LBen
Y574I,0.3838,Amb
Y574K,0.5906,LPath
Y574L,0.405,Amb
Y574M,0.3896,Amb
Y574N,0.2098,LBen
Y574P,0.8733,LPath
Y574Q,0.3766,Amb
Y574R,0.4066,Amb
Y574S,0.1777,LBen
Y574T,0.312,LBen
Y574V,0.2634,LBen
Y574W,0.2559,LBen
E575A,0.3852,Amb
E575C,0.9029,LPath
E575D,0.1131,LBen
E575F,0.9198,LPath
E575G,0.3308,LBen
E575H,0.6333,LPath
E575I,0.7545,LPath
E575K,0.4817,Amb
E575L,0.7496,LPath
E575M,0.778,LPath
E575N,0.3765,Amb
E575P,0.8691,LPath
E575Q,0.2266,LBen
E575R,0.5573,Amb
E575S,0.2743,LBen
E575T,0.4319,Amb
E575V,0.5769,LPath
E575W,0.963,LPath
E575Y,0.8037,LPath
H576A,0.1502,LBen
H576C,0.1294,LBen
H576D,0.256,LBen
H576E,0.2543,LBen
H576F,0.2067,LBen
H576G,0.1401,LBen
H576I,0.1889,LBen
H576K,0.2463,LBen
H576L,0.1095,LBen
H576M,0.2267,LBen
H576N,0.0641,LBen
H576P,0.2026,LBen
H576Q,0.1022,LBen
H576R,0.1558,LBen
H576S,0.1119,LBen
H576T,0.1266,LBen
H576V,0.1473,LBen
H576W,0.3709,Amb
H576Y,0.0935,LBen
H577A,0.1398,LBen
H577C,0.1218,LBen
H577D,0.2583,LBen
H577E,0.2682,LBen
H577F,0.2374,LBen
H577G,0.1313,LBen
H577I,0.204,LBen
H577K,0.2308,LBen
H577L,0.1261,LBen
H577M,0.2832,LBen
H577N,0.0716,LBen
H577P,0.1175,LBen
H577Q,0.0929,LBen
H577R,0.117,LBen
H577S,0.0968,LBen
H577T,0.1169,LBen
H577V,0.1546,LBen
H577W,0.3843,Amb
H577Y,0.1082,LBen
Y578A,0.1867,LBen
Y578C,0.0651,LBen
Y578D,0.3369,LBen
Y578E,0.4863,Amb
Y578F,0.0655,LBen
Y578G,0.1375,LBen
Y578H,0.0946,LBen
Y578I,0.2404,LBen
Y578K,0.4594,Amb
Y578L,0.2436,LBen
Y578M,0.3307,LBen
Y578N,0.104,LBen
Y578P,0.3215,LBen
Y578Q,0.1889,LBen
Y578R,0.2681,LBen
Y578S,0.0882,LBen
Y578T,0.1737,LBen
Y578V,0.1646,LBen
Y578W,0.2604,LBen
K579A,0.6015,LPath
K579C,0.7625,LPath
K579D,0.8362,LPath
K579E,0.6465,LPath
K579F,0.9114,LPath
K579G,0.4528,Amb
K579H,0.3933,Amb
K579I,0.787,LPath
K579L,0.7236,LPath
K579M,0.683,LPath
K579N,0.7494,LPath
K579P,0.6523,LPath
K579Q,0.2249,LBen
K579R,0.0693,LBen
K579S,0.613,LPath
K579T,0.4926,Amb
K579V,0.718,LPath
K579W,0.8305,LPath
K579Y,0.7994,LPath
G580A,0.0985,LBen
G580C,0.1483,LBen
G580D,0.5943,LPath
G580E,0.6129,LPath
G580F,0.4358,Amb
G580H,0.4418,Amb
G580I,0.2294,LBen
G580K,0.7967,LPath
G580L,0.3269,LBen
G580M,0.3034,LBen
G580N,0.2018,LBen
G580P,0.4805,Amb
G580Q,0.4589,Amb
G580R,0.7094,LPath
G580S,0.0799,LBen
G580T,0.0861,LBen
G580V,0.1313,LBen
G580W,0.4383,Amb
G580Y,0.3381,LBen
G581A,0.0889,LBen
G581C,0.1117,LBen
G581D,0.5811,LPath
G581E,0.6174,LPath
G581F,0.3518,Amb
G581H,0.3536,Amb
G581I,0.1739,LBen
G581K,0.7157,LPath
G581L,0.2471,LBen
G581M,0.2541,LBen
G581N,0.1542,LBen
G581P,0.3629,Amb
G581Q,0.3845,Amb
G581R,0.6104,LPath
G581S,0.0641,LBen
G581T,0.0752,LBen
G581V,0.1091,LBen
G581W,0.4257,Amb
G581Y,0.2979,LBen
S582A,0.0808,LBen
S582C,0.0968,LBen
S582D,0.6458,LPath
S582E,0.7367,LPath
S582F,0.1858,LBen
S582G,0.0566,LBen
S582H,0.2687,LBen
S582I,0.1479,LBen
S582K,0.7081,LPath
S582L,0.1288,LBen
S582M,0.147,LBen
S582N,0.0875,LBen
S582P,0.1462,LBen
S582Q,0.3561,Amb
S582R,0.6941,LPath
S582T,0.0684,LBen
S582V,0.1132,LBen
S582W,0.4138,Amb
S582Y,0.2104,LBen
R583A,0.6794,LPath
R583C,0.4972,Amb
R583D,0.9147,LPath
R583E,0.8691,LPath
R583F,0.7625,LPath
R583G,0.3566,Amb
R583H,0.2722,LBen
R583I,0.7852,LPath
R583K,0.1473,LBen
R583L,0.6883,LPath
R583M,0.7769,LPath
R583N,0.8185,LPath
R583P,0.6544,LPath
R583Q,0.2966,LBen
R583S,0.6976,LPath
R583T,0.6535,LPath
R583V,0.7459,LPath
R583W,0.4691,Amb
R583Y,0.6171,LPath
G584A,0.1908,LBen
G584C,0.2635,LBen
G584D,0.884,LPath
G584E,0.8893,LPath
G584F,0.5771,LPath
G584H,0.6432,LPath
G584I,0.4256,Amb
G584K,0.9134,LPath
G584L,0.5094,Amb
G584M,0.5168,Amb
G584N,0.3551,Amb
G584P,0.6741,LPath
G584Q,0.6257,LPath
G584R,0.8497,LPath
G584S,0.1152,LBen
G584T,0.1926,LBen
G584V,0.2533,LBen
G584W,0.624,LPath
G584Y,0.4955,Amb
R585A,0.7446,LPath
R585C,0.5177,Amb
R585D,0.9195,LPath
R585E,0.8826,LPath
R585F,0.7699,LPath
R585G,0.3963,Amb
R585H,0.2769,LBen
R585I,0.7767,LPath
R585K,0.1435,LBen
R585L,0.7164,LPath
R585M,0.8058,LPath
R585N,0.8034,LPath
R585P,0.6766,LPath
R585Q,0.2979,LBen
R585S,0.7553,LPath
R585T,0.7273,LPath
R585V,0.7686,LPath
R585W,0.5479,Amb
R585Y,0.6206,LPath
S586A,0.0797,LBen
S586C,0.1318,LBen
S586D,0.8548,LPath
S586E,0.8894,LPath
S586F,0.302,LBen
S586G,0.0591,LBen
S586H,0.4423,Amb
S586I,0.3436,Amb
S586K,0.854,LPath
S586L,0.2113,LBen
S586M,0.2475,LBen
S586N,0.1629,LBen
S586P,0.1344,LBen
S586Q,0.4624,Amb
S586R,0.8387,LPath
S586T,0.0856,LBen
S586V,0.2119,LBen
S586W,0.497,Amb
S586Y,0.3009,LBen
K587A,0.7173,LPath
K587C,0.8713,LPath
K587D,0.912,LPath
K587E,0.8823,LPath
K587F,0.955,LPath
K587G,0.4641,Amb
K587H,0.5388,Amb
K587I,0.9214,LPath
K587L,0.8636,LPath
K587M,0.8828,LPath
K587N,0.8276,LPath
K587P,0.6507,LPath
K587Q,0.3764,Amb
K587R,0.0644,LBen
K587S,0.6945,LPath
K587T,0.6856,LPath
K587V,0.8517,LPath
K587W,0.9123,LPath
K587Y,0.8669,LPath
S588A,0.0946,LBen
S588C,0.1664,LBen
S588D,0.757,LPath
S588E,0.8156,LPath
S588F,0.3697,Amb
S588G,0.0541,LBen
S588H,0.3389,LBen
S588I,0.3749,Amb
S588K,0.7092,LPath
S588L,0.2639,LBen
S588M,0.2721,LBen
S588N,0.1209,LBen
S588P,0.1532,LBen
S588Q,0.354,Amb
S588R,0.6822,LPath
S588T,0.0889,LBen
S588V,0.2347,LBen
S588W,0.5158,Amb
S588Y,0.3004,LBen
N589A,0.1056,LBen
N589C,0.1934,LBen
N589D,0.4227,Amb
N589E,0.6991,LPath
N589F,0.4277,Amb
N589G,0.0698,LBen
N589H,0.1084,LBen
N589I,0.3315,LBen
N589K,0.4356,Amb
N589L,0.232,LBen
N589M,0.3212,LBen
N589P,0.1453,LBen
N589Q,0.2241,LBen
N589R,0.4389,Amb
N589S,0.04,LBen
N589T,0.0788,LBen
N589V,0.2028,LBen
N589W,0.6824,LPath
N589Y,0.1964,LBen
R590A,0.8379,LPath
R590C,0.7219,LPath
R590D,0.943,LPath
R590E,0.9426,LPath
R590F,0.8817,LPath
R590G,0.5588,Amb
R590H,0.4108,Amb
R590I,0.8503,LPath
R590K,0.2294,LBen
R590L,0.8086,LPath
R590M,0.8907,LPath
R590N,0.8904,LPath
R590P,0.78,LPath
R590Q,0.467,Amb
R590S,0.8509,LPath
R590T,0.8146,LPath
R590V,0.8383,LPath
R590W,0.6963,LPath
R590Y,0.7206,LPath
F591A,0.826,LPath
F591C,0.7217,LPath
F591D,0.9727,LPath
F591E,0.9818,LPath
F591G,0.6934,LPath
F591H,0.8504,LPath
F591I,0.7071,LPath
F591K,0.9545,LPath
F591L,0.9544,LPath
F591M,0.7762,LPath
F591N,0.8583,LPath
F591P,0.9603,LPath
F591Q,0.8993,LPath
F591R,0.8779,LPath
F591S,0.7752,LPath
F591T,0.8826,LPath
F591V,0.6322,LPath
F591W,0.5392,Amb
F591Y,0.1841,LBen
S592A,0.0829,LBen
S592C,0.1662,LBen
S592D,0.9182,LPath
S592E,0.9238,LPath
S592F,0.3942,Amb
S592G,0.0748,LBen
S592H,0.5608,Amb
S592I,0.4524,Amb
S592K,0.9072,LPath
S592L,0.2348,LBen
S592M,0.316,LBen
S592N,0.3412,Amb
S592P,0.2857,LBen
S592Q,0.5874,LPath
S592R,0.8468,LPath
S592T,0.1227,LBen
S592V,0.2888,LBen
S592W,0.5332,Amb
S592Y,0.407,Amb
G593A,0.2629,LBen
G593C,0.4637,Amb
G593D,0.9498,LPath
G593E,0.9522,LPath
G593F,0.8521,LPath
G593H,0.8194,LPath
G593I,0.8197,LPath
G593K,0.9498,LPath
G593L,0.8138,LPath
G593M,0.8196,LPath
G593N,0.5985,LPath
G593P,0.8108,LPath
G593Q,0.7818,LPath
G593R,0.8716,LPath
G593S,0.1687,LBen
G593T,0.3439,Amb
G593V,0.5854,LPath
G593W,0.7969,LPath
G593Y,0.7976,LPath
G594A,0.2838,LBen
G594C,0.4317,Amb
G594D,0.9267,LPath
G594E,0.9354,LPath
G594F,0.8357,LPath
G594H,0.8131,LPath
G594I,0.6844,LPath
G594K,0.9269,LPath
G594L,0.8133,LPath
G594M,0.7829,LPath
G594N,0.5417,Amb
G594P,0.8737,LPath
G594Q,0.7699,LPath
G594R,0.8391,LPath
G594S,0.176,LBen
G594T,0.3169,LBen
G594V,0.4746,Amb
G594W,0.8283,LPath
G594Y,0.7456,LPath
F595A,0.9613,LPath
F595C,0.9684,LPath
F595D,0.9929,LPath
F595E,0.9951,LPath
F595G,0.9279,LPath
F595H,0.9809,LPath
F595I,0.9522,LPath
F595K,0.992,LPath
F595L,0.9956,LPath
F595M,0.9456,LPath
F595N,0.9735,LPath
F595P,0.9961,LPath
F595Q,0.9841,LPath
F595R,0.9697,LPath
F595S,0.9636,LPath
F595T,0.9814,LPath
F595V,0.9327,LPath
F595W,0.7852,LPath
F595Y,0.5456,Amb
G596A,0.3708,Amb
G596C,0.8066,LPath
G596D,0.9918,LPath
G596E,0.9911,LPath
G596F,0.9671,LPath
G596H,0.9757,LPath
G596I,0.9648,LPath
G596K,0.9918,LPath
G596L,0.9456,LPath
G596M,0.9602,LPath
G596N,0.946,LPath
G596P,0.9791,LPath
G596Q,0.9555,LPath
G596R,0.9632,LPath
G596S,0.4906,Amb
G596T,0.8309,LPath
G596V,0.8949,LPath
G596W,0.9611,LPath
G596Y,0.9702,LPath
A597C,0.7277,LPath
A597D,0.9729,LPath
A597E,0.9632,LPath
A597F,0.8314,LPath
A597G,0.1357,LBen
A597H,0.9069,LPath
A597I,0.9252,LPath
A597K,0.9753,LPath
A597L,0.7279,LPath
A597M,0.7727,LPath
A597N,0.7717,LPath
A597P,0.8523,LPath
A597Q,0.8372,LPath
A597R,0.9347,LPath
A597S,0.1146,LBen
A597T,0.4695,Amb
A597V,0.7307,LPath
A597W,0.9658,LPath
A597Y,0.8994,LPath
R598A,0.9484,LPath
R598C,0.858,LPath
R598D,0.9846,LPath
R598E,0.9414,LPath
R598F,0.9608,LPath
R598G,0.8653,LPath
R598H,0.638,LPath
R598I,0.9388,LPath
R598K,0.244,LBen
R598L,0.91,LPath
R598M,0.9279,LPath
R598N,0.9688,LPath
R598P,0.9743,LPath
R598Q,0.5663,LPath
R598S,0.9633,LPath
R598T,0.9157,LPath
R598V,0.9196,LPath
R598W,0.7914,LPath
R598Y,0.8894,LPath
D599A,0.998,LPath
D599C,0.9998,LPath
D599E,0.995,LPath
D599F,0.9991,LPath
D599G,0.9923,LPath
D599H,0.9991,LPath
D599I,0.9997,LPath
D599K,0.9992,LPath
D599L,0.9992,LPath
D599M,0.9999,LPath
D599N,0.9896,LPath
D599P,0.9987,LPath
D599Q,0.9994,LPath
D599R,0.9984,LPath
D599S,0.9949,LPath
D599T,0.9991,LPath
D599V,0.999,LPath
D599W,0.9998,LPath
D599Y,0.9914,LPath
Y600A,0.88,LPath
Y600C,0.5291,Amb
Y600D,0.971,LPath
Y600E,0.9869,LPath
Y600F,0.1147,LBen
Y600G,0.8446,LPath
Y600H,0.8456,LPath
Y600I,0.7666,LPath
Y600K,0.9819,LPath
Y600L,0.8205,LPath
Y600M,0.8336,LPath
Y600N,0.8595,LPath
Y600P,0.9759,LPath
Y600Q,0.9628,LPath
Y600R,0.9386,LPath
Y600S,0.7552,LPath
Y600T,0.9003,LPath
Y600V,0.5942,LPath
Y600W,0.6547,LPath
R601A,0.999,LPath
R601C,0.9953,LPath
R601D,0.9993,LPath
R601E,0.9966,LPath
R601F,0.9993,LPath
R601G,0.9952,LPath
R601H,0.9884,LPath
R601I,0.9988,LPath
R601K,0.9808,LPath
R601L,0.9944,LPath
R601M,0.9996,LPath
R601N,0.9984,LPath
R601P,0.9983,LPath
R601Q,0.9843,LPath
R601S,0.9988,LPath
R601T,0.9992,LPath
R601V,0.9988,LPath
R601W,0.9943,LPath
R601Y,0.9964,LPath
Q602A,0.1495,LBen
Q602C,0.6407,LPath
Q602D,0.7095,LPath
Q602E,0.2921,LBen
Q602F,0.6592,LPath
Q602G,0.1974,LBen
Q602H,0.3291,LBen
Q602I,0.3458,Amb
Q602K,0.3372,LBen
Q602L,0.1408,LBen
Q602M,0.2303,LBen
Q602N,0.2297,LBen
Q602P,0.2446,LBen
Q602R,0.3622,Amb
Q602S,0.121,LBen
Q602T,0.0868,LBen
Q602V,0.1741,LBen
Q602W,0.8258,LPath
Q602Y,0.5251,Amb
S603A,0.0781,LBen
S603C,0.1212,LBen
S603D,0.7113,LPath
S603E,0.7813,LPath
S603F,0.1931,LBen
S603G,0.0688,LBen
S603H,0.4036,Amb
S603I,0.2139,LBen
S603K,0.8716,LPath
S603L,0.145,LBen
S603M,0.1385,LBen
S603N,0.1296,LBen
S603P,0.2143,LBen
S603Q,0.4699,Amb
S603R,0.8595,LPath
S603T,0.0694,LBen
S603V,0.15,LBen
S603W,0.4241,Amb
S603Y,0.213,LBen
S604A,0.0634,LBen
S604C,0.1129,LBen
S604D,0.6821,LPath
S604E,0.7363,LPath
S604F,0.1735,LBen
S604G,0.0595,LBen
S604H,0.3502,Amb
S604I,0.212,LBen
S604K,0.8119,LPath
S604L,0.136,LBen
S604M,0.1667,LBen
S604N,0.1525,LBen
S604P,0.0995,LBen
S604Q,0.4016,Amb
S604R,0.7623,LPath
S604T,0.0728,LBen
S604V,0.1374,LBen
S604W,0.3914,Amb
S604Y,0.2195,LBen
G605A,0.0893,LBen
G605C,0.1298,LBen
G605D,0.5751,LPath
G605E,0.6112,LPath
G605F,0.2961,LBen
G605H,0.3556,Amb
G605I,0.1875,LBen
G605K,0.7238,LPath
G605L,0.2339,LBen
G605M,0.2701,LBen
G605N,0.1768,LBen
G605P,0.3073,LBen
G605Q,0.3908,Amb
G605R,0.5977,LPath
G605S,0.0711,LBen
G605T,0.0824,LBen
G605V,0.107,LBen
G605W,0.3798,Amb
G605Y,0.2596,LBen
S606A,0.0632,LBen
S606C,0.0924,LBen
S606D,0.5405,Amb
S606E,0.624,LPath
S606F,0.1102,LBen
S606G,0.051,LBen
S606H,0.2605,LBen
S606I,0.1316,LBen
S606K,0.7003,LPath
S606L,0.1052,LBen
S606M,0.1365,LBen
S606N,0.1028,LBen
S606P,0.1053,LBen
S606Q,0.3412,Amb
S606R,0.6467,LPath
S606T,0.0712,LBen
S606V,0.0961,LBen
S606W,0.2977,LBen
S606Y,0.1372,LBen
S607A,0.0711,LBen
S607C,0.1061,LBen
S607D,0.5821,LPath
S607E,0.6762,LPath
S607F,0.1499,LBen
S607G,0.0509,LBen
S607H,0.2867,LBen
S607I,0.1818,LBen
S607K,0.7421,LPath
S607L,0.1332,LBen
S607M,0.1797,LBen
S607N,0.111,LBen
S607P,0.1093,LBen
S607Q,0.3745,Amb
S607R,0.6796,LPath
S607T,0.0712,LBen
S607V,0.1222,LBen
S607W,0.3603,Amb
S607Y,0.184,LBen
S608A,0.0771,LBen
S608C,0.1166,LBen
S608D,0.5726,LPath
S608E,0.688,LPath
S608F,0.1745,LBen
S608G,0.0552,LBen
S608H,0.2748,LBen
S608I,0.2033,LBen
S608K,0.7329,LPath
S608L,0.1544,LBen
S608M,0.2049,LBen
S608N,0.1061,LBen
S608P,0.1134,LBen
S608Q,0.3626,Amb
S608R,0.6538,LPath
S608T,0.0746,LBen
S608V,0.1371,LBen
S608W,0.4103,Amb
S608Y,0.1965,LBen
S609A,0.0759,LBen
S609C,0.1166,LBen
S609D,0.6121,LPath
S609E,0.7087,LPath
S609F,0.1738,LBen
S609G,0.0513,LBen
S609H,0.3296,LBen
S609I,0.2402,LBen
S609K,0.7768,LPath
S609L,0.1535,LBen
S609M,0.2019,LBen
S609N,0.1317,LBen
S609P,0.1133,LBen
S609Q,0.4136,Amb
S609R,0.7041,LPath
S609T,0.0778,LBen
S609V,0.1558,LBen
S609W,0.3594,Amb
S609Y,0.2046,LBen
G610A,0.0953,LBen
G610C,0.1232,LBen
G610D,0.5255,Amb
G610E,0.5913,LPath
G610F,0.3571,Amb
G610H,0.3509,Amb
G610I,0.2209,LBen
G610K,0.7454,LPath
G610L,0.2874,LBen
G610M,0.3016,LBen
G610N,0.1555,LBen
G610P,0.3303,LBen
G610Q,0.3834,Amb
G610R,0.5936,LPath
G610S,0.0644,LBen
G610T,0.0843,LBen
G610V,0.1273,LBen
G610W,0.4066,Amb
G610Y,0.2782,LBen
F611A,0.3037,LBen
F611C,0.2546,LBen
F611D,0.788,LPath
F611E,0.8558,LPath
F611G,0.3084,LBen
F611H,0.5461,Amb
F611I,0.2499,LBen
F611K,0.839,LPath
F611L,0.7454,LPath
F611M,0.3644,Amb
F611N,0.4251,Amb
F611P,0.6783,LPath
F611Q,0.6343,LPath
F611R,0.7014,LPath
F611S,0.2552,LBen
F611T,0.3563,Amb
F611V,0.2222,LBen
F611W,0.2854,LBen
F611Y,0.1375,LBen
G612A,0.098,LBen
G612C,0.1361,LBen
G612D,0.5074,Amb
G612E,0.5681,LPath
G612F,0.329,LBen
G612H,0.3248,LBen
G612I,0.2463,LBen
G612K,0.7158,LPath
G612L,0.2667,LBen
G612M,0.301,LBen
G612N,0.1621,LBen
G612P,0.2791,LBen
G612Q,0.3724,Amb
G612R,0.5636,Amb
G612S,0.068,LBen
G612T,0.0854,LBen
G612V,0.1478,LBen
G612W,0.3797,Amb
G612Y,0.2676,LBen
A613C,0.1602,LBen
A613D,0.3941,Amb
A613E,0.4402,Amb
A613F,0.1501,LBen
A613G,0.0525,LBen
A613H,0.2706,LBen
A613I,0.1503,LBen
A613K,0.5997,LPath
A613L,0.114,LBen
A613M,0.1452,LBen
A613N,0.0976,LBen
A613P,0.0986,LBen
A613Q,0.2417,LBen
A613R,0.5107,Amb
A613S,0.0565,LBen
A613T,0.069,LBen
A613V,0.0894,LBen
A613W,0.4078,Amb
A613Y,0.1975,LBen
S614A,0.0908,LBen
S614C,0.1342,LBen
S614D,0.5177,Amb
S614E,0.6211,LPath
S614F,0.2215,LBen
S614G,0.0581,LBen
S614H,0.2919,LBen
S614I,0.2428,LBen
S614K,0.6994,LPath
S614L,0.1915,LBen
S614M,0.2343,LBen
S614N,0.0961,LBen
S614P,0.1172,LBen
S614Q,0.3386,LBen
S614R,0.6388,LPath
S614T,0.0827,LBen
S614V,0.1594,LBen
S614W,0.427,Amb
S614Y,0.2287,LBen
R615A,0.3661,Amb
R615C,0.3719,Amb
R615D,0.6739,LPath
R615E,0.6027,LPath
R615F,0.5155,Amb
R615G,0.1461,LBen
R615H,0.1627,LBen
R615I,0.6161,LPath
R615K,0.1273,LBen
R615L,0.4514,Amb
R615M,0.5743,LPath
R615N,0.4668,Amb
R615P,0.3,LBen
R615Q,0.1579,LBen
R615S,0.3398,LBen
R615T,0.351,Amb
R615V,0.5315,Amb
R615W,0.3323,LBen
R615Y,0.3642,Amb
G616A,0.0818,LBen
G616C,0.1537,LBen
G616D,0.4627,Amb
G616E,0.4737,Amb
G616F,0.2874,LBen
G616H,0.3333,LBen
G616I,0.2011,LBen
G616K,0.687,LPath
G616L,0.2299,LBen
G616M,0.2366,LBen
G616N,0.1384,LBen
G616P,0.1952,LBen
G616Q,0.3209,LBen
G616R,0.5737,LPath
G616S,0.0703,LBen
G616T,0.0779,LBen
G616V,0.1176,LBen
G616W,0.3785,Amb
G616Y,0.2395,LBen
S617A,0.08,LBen
S617C,0.1166,LBen
S617D,0.4963,Amb
S617E,0.6069,LPath
S617F,0.1568,LBen
S617G,0.0513,LBen
S617H,0.2502,LBen
S617I,0.1671,LBen
S617K,0.6579,LPath
S617L,0.1448,LBen
S617M,0.1783,LBen
S617N,0.0867,LBen
S617P,0.1172,LBen
S617Q,0.3138,LBen
S617R,0.5895,LPath
S617T,0.0745,LBen
S617V,0.1216,LBen
S617W,0.3541,Amb
S617Y,0.1744,LBen
S618A,0.0908,LBen
S618C,0.1441,LBen
S618D,0.6089,LPath
S618E,0.7194,LPath
S618F,0.1816,LBen
S618G,0.0594,LBen
S618H,0.2963,LBen
S618I,0.2477,LBen
S618K,0.7691,LPath
S618L,0.1776,LBen
S618M,0.241,LBen
S618N,0.1062,LBen
S618P,0.1178,LBen
S618Q,0.3801,Amb
S618R,0.6923,LPath
S618T,0.0829,LBen
S618V,0.161,LBen
S618W,0.4324,Amb
S618Y,0.2031,LBen
S619A,0.085,LBen
S619C,0.125,LBen
S619D,0.6034,LPath
S619E,0.6762,LPath
S619F,0.1574,LBen
S619G,0.0608,LBen
S619H,0.2968,LBen
S619I,0.2169,LBen
S619K,0.7653,LPath
S619L,0.1516,LBen
S619M,0.2075,LBen
S619N,0.1116,LBen
S619P,0.1104,LBen
S619Q,0.3589,Amb
S619R,0.6925,LPath
S619T,0.0802,LBen
S619V,0.1484,LBen
S619W,0.3804,Amb
S619Y,0.1883,LBen
R620A,0.3702,Amb
R620C,0.3314,LBen
R620D,0.6788,LPath
R620E,0.6189,LPath
R620F,0.4921,Amb
R620G,0.1628,LBen
R620H,0.1563,LBen
R620I,0.5254,Amb
R620K,0.1262,LBen
R620L,0.4157,Amb
R620M,0.5576,Amb
R620N,0.4461,Amb
R620P,0.29,LBen
R620Q,0.1525,LBen
R620S,0.3401,Amb
R620T,0.3436,Amb
R620V,0.4649,Amb
R620W,0.3521,Amb
R620Y,0.3517,Amb
S621A,0.0791,LBen
S621C,0.1167,LBen
S621D,0.5557,Amb
S621E,0.6011,LPath
S621F,0.1499,LBen
S621G,0.0503,LBen
S621H,0.2491,LBen
S621I,0.1972,LBen
S621K,0.6392,LPath
S621L,0.1509,LBen
S621M,0.1802,LBen
S621N,0.0985,LBen
S621P,0.0956,LBen
S621Q,0.2853,LBen
S621R,0.5579,Amb
S621T,0.074,LBen
S621V,0.1369,LBen
S621W,0.3041,LBen
S621Y,0.1611,LBen
G622A,0.0859,LBen
G622C,0.1278,LBen
G622D,0.4963,Amb
G622E,0.4748,Amb
G622F,0.2991,LBen
G622H,0.3265,LBen
G622I,0.2118,LBen
G622K,0.663,LPath
G622L,0.251,LBen
G622M,0.2666,LBen
G622N,0.1486,LBen
G622P,0.276,LBen
G622Q,0.3013,LBen
G622R,0.5094,Amb
G622S,0.0658,LBen
G622T,0.0791,LBen
G622V,0.1177,LBen
G622W,0.3293,LBen
G622Y,0.2445,LBen
G623A,0.0895,LBen
G623C,0.1282,LBen
G623D,0.5273,Amb
G623E,0.4872,Amb
G623F,0.3038,LBen
G623H,0.3709,Amb
G623I,0.2097,LBen
G623K,0.71,LPath
G623L,0.2615,LBen
G623M,0.2606,LBen
G623N,0.1617,LBen
G623P,0.3271,LBen
G623Q,0.3214,LBen
G623R,0.5684,LPath
G623S,0.0701,LBen
G623T,0.0833,LBen
G623V,0.1191,LBen
G623W,0.3735,Amb
G623Y,0.2666,LBen
G624A,0.0904,LBen
G624C,0.1276,LBen
G624D,0.5325,Amb
G624E,0.5128,Amb
G624F,0.3198,LBen
G624H,0.364,Amb
G624I,0.2161,LBen
G624K,0.7118,LPath
G624L,0.2704,LBen
G624M,0.2626,LBen
G624N,0.1546,LBen
G624P,0.344,Amb
G624Q,0.3309,LBen
G624R,0.5757,LPath
G624S,0.0707,LBen
G624T,0.0826,LBen
G624V,0.1224,LBen
G624W,0.3783,Amb
G624Y,0.2782,LBen
G625A,0.0967,LBen
G625C,0.1273,LBen
G625D,0.5222,Amb
G625E,0.5415,Amb
G625F,0.3353,LBen
G625H,0.3742,Amb
G625I,0.2071,LBen
G625K,0.7582,LPath
G625L,0.2913,LBen
G625M,0.2802,LBen
G625N,0.1364,LBen
G625P,0.3898,Amb
G625Q,0.3593,Amb
G625R,0.6329,LPath
G625S,0.0643,LBen
G625T,0.0852,LBen
G625V,0.1241,LBen
G625W,0.4224,Amb
G625Y,0.276,LBen
Y626A,0.1611,LBen
Y626C,0.0791,LBen
Y626D,0.4535,Amb
Y626E,0.5659,LPath
Y626F,0.0703,LBen
Y626G,0.1149,LBen
Y626H,0.1335,LBen
Y626I,0.2853,LBen
Y626K,0.5666,LPath
Y626L,0.2723,LBen
Y626M,0.3124,LBen
Y626N,0.1045,LBen
Y626P,0.2779,LBen
Y626Q,0.2319,LBen
Y626R,0.3603,Amb
Y626S,0.0848,LBen
Y626T,0.1701,LBen
Y626V,0.1847,LBen
Y626W,0.2934,LBen
G627A,0.1277,LBen
G627C,0.1806,LBen
G627D,0.6824,LPath
G627E,0.6887,LPath
G627F,0.5359,Amb
G627H,0.4798,Amb
G627I,0.3819,Amb
G627K,0.8499,LPath
G627L,0.4182,Amb
G627M,0.4448,Amb
G627N,0.1968,LBen
G627P,0.4913,Amb
G627Q,0.4331,Amb
G627R,0.7168,LPath
G627S,0.0715,LBen
G627T,0.1185,LBen
G627V,0.2223,LBen
G627W,0.5537,Amb
G627Y,0.4367,Amb
N628A,0.1161,LBen
N628C,0.2062,LBen
N628D,0.346,Amb
N628E,0.5941,LPath
N628F,0.4463,Amb
N628G,0.077,LBen
N628H,0.1678,LBen
N628I,0.3201,LBen
N628K,0.6618,LPath
N628L,0.2784,LBen
N628M,0.3457,Amb
N628P,0.1686,LBen
N628Q,0.2933,LBen
N628R,0.6348,LPath
N628S,0.0497,LBen
N628T,0.0971,LBen
N628V,0.2281,LBen
N628W,0.7556,LPath
N628Y,0.2172,LBen
S629A,0.1047,LBen
S629C,0.1553,LBen
S629D,0.613,LPath
S629E,0.7285,LPath
S629F,0.3405,Amb
S629G,0.0661,LBen
S629H,0.3362,LBen
S629I,0.3205,LBen
S629K,0.8355,LPath
S629L,0.258,LBen
S629M,0.2712,LBen
S629N,0.0899,LBen
S629P,0.1694,LBen
S629Q,0.4037,Amb
S629R,0.8087,LPath
S629T,0.0838,LBen
S629V,0.221,LBen
S629W,0.5951,LPath
S629Y,0.292,LBen
R630A,0.6758,LPath
R630C,0.6124,LPath
R630D,0.8536,LPath
R630E,0.7885,LPath
R630F,0.8312,LPath
R630G,0.3086,LBen
R630H,0.2935,LBen
R630I,0.8646,LPath
R630K,0.1699,LBen
R630L,0.7402,LPath
R630M,0.8147,LPath
R630N,0.7265,LPath
R630P,0.5491,Amb
R630Q,0.2474,LBen
R630S,0.6374,LPath
R630T,0.6616,LPath
R630V,0.8194,LPath
R630W,0.5911,LPath
R630Y,0.6709,LPath
G631A,0.1682,LBen
G631C,0.3082,LBen
G631D,0.7839,LPath
G631E,0.8121,LPath
G631F,0.6979,LPath
G631H,0.6862,LPath
G631I,0.5739,LPath
G631K,0.9419,LPath
G631L,0.6281,LPath
G631M,0.5848,LPath
G631N,0.2566,LBen
G631P,0.6077,LPath
G631Q,0.6205,LPath
G631R,0.8908,LPath
G631S,0.1021,LBen
G631T,0.1971,LBen
G631V,0.3303,LBen
G631W,0.7759,LPath
G631Y,0.5932,LPath
F632A,0.6956,LPath
F632C,0.5811,LPath
F632D,0.9602,LPath
F632E,0.9682,LPath
F632G,0.6768,LPath
F632H,0.8676,LPath
F632I,0.5492,Amb
F632K,0.979,LPath
F632L,0.933,LPath
F632M,0.6343,LPath
F632N,0.8114,LPath
F632P,0.94,LPath
F632Q,0.9053,LPath
F632R,0.9431,LPath
F632S,0.6678,LPath
F632T,0.7947,LPath
F632V,0.5025,Amb
F632W,0.5077,Amb
F632Y,0.2225,LBen
G633A,0.2442,LBen
G633C,0.3694,Amb
G633D,0.9203,LPath
G633E,0.9148,LPath
G633F,0.8153,LPath
G633H,0.7639,LPath
G633I,0.7964,LPath
G633K,0.9608,LPath
G633L,0.7538,LPath
G633M,0.7904,LPath
G633N,0.5097,Amb
G633P,0.7556,LPath
G633Q,0.6777,LPath
G633R,0.8625,LPath
G633S,0.1279,LBen
G633T,0.3227,LBen
G633V,0.5788,LPath
G633W,0.8111,LPath
G633Y,0.7551,LPath
G634A,0.1508,LBen
G634C,0.245,LBen
G634D,0.8284,LPath
G634E,0.8162,LPath
G634F,0.6771,LPath
G634H,0.6651,LPath
G634I,0.5796,LPath
G634K,0.9206,LPath
G634L,0.6307,LPath
G634M,0.5813,LPath
G634N,0.3052,LBen
G634P,0.6091,LPath
G634Q,0.5874,LPath
G634R,0.835,LPath
G634S,0.0922,LBen
G634T,0.1652,LBen
G634V,0.3298,LBen
G634W,0.7226,LPath
G634Y,0.5964,LPath
G635A,0.1329,LBen
G635C,0.2096,LBen
G635D,0.7743,LPath
G635E,0.7671,LPath
G635F,0.6291,LPath
G635H,0.6247,LPath
G635I,0.5168,Amb
G635K,0.9092,LPath
G635L,0.5687,LPath
G635M,0.4994,Amb
G635N,0.2525,LBen
G635P,0.5764,LPath
G635Q,0.5447,Amb
G635R,0.8191,LPath
G635S,0.0863,LBen
G635T,0.1529,LBen
G635V,0.2887,LBen
G635W,0.6721,LPath
G635Y,0.5406,Amb
G636A,0.1499,LBen
G636C,0.2043,LBen
G636D,0.7006,LPath
G636E,0.7337,LPath
G636F,0.6613,LPath
G636H,0.6034,LPath
G636I,0.5276,Amb
G636K,0.9207,LPath
G636L,0.5887,LPath
G636M,0.5402,Amb
G636N,0.2056,LBen
G636P,0.6185,LPath
G636Q,0.5425,Amb
G636R,0.8394,LPath
G636S,0.0698,LBen
G636T,0.1518,LBen
G636V,0.3068,LBen
G636W,0.7005,LPath
G636Y,0.5404,Amb
Y637A,0.4516,Amb
Y637C,0.1312,LBen
Y637D,0.7751,LPath
Y637E,0.8796,LPath
Y637F,0.092,LBen
Y637G,0.242,LBen
Y637H,0.522,Amb
Y637I,0.6426,LPath
Y637K,0.9098,LPath
Y637L,0.5414,Amb
Y637M,0.574,LPath
Y637N,0.3379,LBen
Y637P,0.6642,LPath
Y637Q,0.6938,LPath
Y637R,0.7833,LPath
Y637S,0.2306,LBen
Y637T,0.5115,Amb
Y637V,0.4283,Amb
Y637W,0.4115,Amb
G638A,0.2111,LBen
G638C,0.3915,Amb
G638D,0.8711,LPath
G638E,0.8828,LPath
G638F,0.8778,LPath
G638H,0.7423,LPath
G638I,0.8299,LPath
G638K,0.9492,LPath
G638L,0.7864,LPath
G638M,0.7744,LPath
G638N,0.3807,Amb
G638P,0.7337,LPath
G638Q,0.646,LPath
G638R,0.8766,LPath
G638S,0.1001,LBen
G638T,0.2552,LBen
G638V,0.5949,LPath
G638W,0.8602,LPath
G638Y,0.786,LPath
G639A,0.1665,LBen
G639C,0.2576,LBen
G639D,0.6868,LPath
G639E,0.7649,LPath
G639F,0.783,LPath
G639H,0.6183,LPath
G639I,0.6417,LPath
G639K,0.9278,LPath
G639L,0.6647,LPath
G639M,0.6138,LPath
G639N,0.17,LBen
G639P,0.6144,LPath
G639Q,0.576,LPath
G639R,0.8709,LPath
G639S,0.0765,LBen
G639T,0.1742,LBen
G639V,0.3963,Amb
G639W,0.7909,LPath
G639Y,0.6175,LPath
F640A,0.5382,Amb
F640C,0.322,LBen
F640D,0.8877,LPath
F640E,0.9336,LPath
F640G,0.5392,Amb
F640H,0.7606,LPath
F640I,0.3097,LBen
F640K,0.9595,LPath
F640L,0.8476,LPath
F640M,0.4598,Amb
F640N,0.5678,LPath
F640P,0.8786,LPath
F640Q,0.8191,LPath
F640R,0.9048,LPath
F640S,0.4464,Amb
F640T,0.6017,LPath
F640V,0.2788,LBen
F640W,0.52,Amb
F640Y,0.1705,LBen
Y641A,0.447,Amb
Y641C,0.1115,LBen
Y641D,0.7399,LPath
Y641E,0.853,LPath
Y641F,0.1367,LBen
Y641G,0.1956,LBen
Y641H,0.3649,Amb
Y641I,0.685,LPath
Y641K,0.8965,LPath
Y641L,0.5345,Amb
Y641M,0.6545,LPath
Y641N,0.2641,LBen
Y641P,0.5619,Amb
Y641Q,0.5683,LPath
Y641R,0.6849,LPath
Y641S,0.1511,LBen
Y641T,0.4635,Amb
Y641V,0.4403,Amb
Y641W,0.4455,Amb
N642A,0.1352,LBen
N642C,0.2002,LBen
N642D,0.3072,LBen
N642E,0.6168,LPath
N642F,0.5971,LPath
N642G,0.0877,LBen
N642H,0.1433,LBen
N642I,0.4316,Amb
N642K,0.6204,LPath
N642L,0.3198,LBen
N642M,0.4057,Amb
N642P,0.203,LBen
N642Q,0.3084,LBen
N642R,0.5964,LPath
N642S,0.0496,LBen
N642T,0.0921,LBen
N642V,0.3052,LBen
N642W,0.7955,LPath
N642Y,0.2666,LBen
S643A,0.112,LBen
S643C,0.1624,LBen
S643D,0.6054,LPath
S643E,0.7532,LPath
S643F,0.5168,Amb
S643G,0.0783,LBen
S643H,0.4064,Amb
S643I,0.4696,Amb
S643K,0.8541,LPath
S643L,0.3149,LBen
S643M,0.3112,LBen
S643N,0.1027,LBen
S643P,0.2695,LBen
S643Q,0.4848,Amb
S643R,0.842,LPath
S643T,0.0931,LBen
S643V,0.3188,LBen
S643W,0.6916,LPath
S643Y,0.4033,Amb
D644A,0.5559,Amb
D644C,0.8822,LPath
D644E,0.1243,LBen
D644F,0.9221,LPath
D644G,0.3729,Amb
D644H,0.7471,LPath
D644I,0.8988,LPath
D644K,0.8564,LPath
D644L,0.8832,LPath
D644M,0.9124,LPath
D644N,0.2491,LBen
D644P,0.8218,LPath
D644Q,0.6034,LPath
D644R,0.8339,LPath
D644S,0.2675,LBen
D644T,0.5908,LPath
D644V,0.7659,LPath
D644W,0.972,LPath
D644Y,0.7279,LPath
G645A,0.1735,LBen
G645C,0.2552,LBen
G645D,0.7867,LPath
G645E,0.7997,LPath
G645F,0.7324,LPath
G645H,0.6761,LPath
G645I,0.54,Amb
G645K,0.9382,LPath
G645L,0.6517,LPath
G645M,0.6051,LPath
G645N,0.2576,LBen
G645P,0.8199,LPath
G645Q,0.6407,LPath
G645R,0.8735,LPath
G645S,0.0857,LBen
G645T,0.1757,LBen
G645V,0.3159,LBen
G645W,0.7768,LPath
G645Y,0.6066,LPath
Y646A,0.5858,LPath
Y646C,0.2275,LBen
Y646D,0.7814,LPath
Y646E,0.8843,LPath
Y646F,0.1213,LBen
Y646G,0.3076,LBen
Y646H,0.6785,LPath
Y646I,0.7409,LPath
Y646K,0.9384,LPath
Y646L,0.6569,LPath
Y646M,0.6946,LPath
Y646N,0.3954,Amb
Y646P,0.7391,LPath
Y646Q,0.7927,LPath
Y646R,0.8431,LPath
Y646S,0.2983,LBen
Y646T,0.6465,LPath
Y646V,0.5266,Amb
Y646W,0.4778,Amb
G647A,0.3142,LBen
G647C,0.5171,Amb
G647D,0.9371,LPath
G647E,0.926,LPath
G647F,0.8775,LPath
G647H,0.8623,LPath
G647I,0.8455,LPath
G647K,0.9689,LPath
G647L,0.8391,LPath
G647M,0.8412,LPath
G647N,0.5941,LPath
G647P,0.8995,LPath
G647Q,0.788,LPath
G647R,0.9075,LPath
G647S,0.1715,LBen
G647T,0.4321,Amb
G647V,0.6633,LPath
G647W,0.8866,LPath
G647Y,0.8116,LPath
G648A,0.3194,LBen
G648C,0.4577,Amb
G648D,0.8863,LPath
G648E,0.8876,LPath
G648F,0.8484,LPath
G648H,0.8419,LPath
G648I,0.7798,LPath
G648K,0.9658,LPath
G648L,0.8202,LPath
G648M,0.796,LPath
G648N,0.4261,Amb
G648P,0.875,LPath
G648Q,0.7608,LPath
G648R,0.9161,LPath
G648S,0.1464,LBen
G648T,0.39,Amb
G648V,0.579,LPath
G648W,0.8605,LPath
G648Y,0.7718,LPath
N649A,0.2296,LBen
N649C,0.2396,LBen
N649D,0.4558,Amb
N649E,0.7781,LPath
N649F,0.6347,LPath
N649G,0.1756,LBen
N649H,0.2176,LBen
N649I,0.4386,Amb
N649K,0.7929,LPath
N649L,0.4191,Amb
N649M,0.4759,Amb
N649P,0.3773,Amb
N649Q,0.4664,Amb
N649R,0.7654,LPath
N649S,0.0673,LBen
N649T,0.1463,LBen
N649V,0.3234,LBen
N649W,0.868,LPath
N649Y,0.3252,LBen
Y650A,0.4659,Amb
Y650C,0.1521,LBen
Y650D,0.6444,LPath
Y650E,0.8176,LPath
Y650F,0.1562,LBen
Y650G,0.2374,LBen
Y650H,0.4682,Amb
Y650I,0.6551,LPath
Y650K,0.8707,LPath
Y650L,0.5547,Amb
Y650M,0.6347,LPath
Y650N,0.2579,LBen
Y650P,0.6301,LPath
Y650Q,0.6422,LPath
Y650R,0.7093,LPath
Y650S,0.1901,LBen
Y650T,0.4528,Amb
Y650V,0.4102,Amb
Y650W,0.4482,Amb
N651A,0.1323,LBen
N651C,0.153,LBen
N651D,0.3165,LBen
N651E,0.6535,LPath
N651F,0.5201,Amb
N651G,0.0955,LBen
N651H,0.1441,LBen
N651I,0.328,LBen
N651K,0.6859,LPath
N651L,0.2747,LBen
N651M,0.3574,Amb
N651P,0.2466,LBen
N651Q,0.3276,LBen
N651R,0.6654,LPath
N651S,0.0456,LBen
N651T,0.0877,LBen
N651V,0.238,LBen
N651W,0.7793,LPath
N651Y,0.2532,LBen
S652A,0.0892,LBen
S652C,0.1062,LBen
S652D,0.6786,LPath
S652E,0.7748,LPath
S652F,0.2483,LBen
S652G,0.0848,LBen
S652H,0.2864,LBen
S652I,0.3033,LBen
S652K,0.8834,LPath
S652L,0.1976,LBen
S652M,0.2197,LBen
S652N,0.1304,LBen
S652P,0.1976,LBen
S652Q,0.4298,Amb
S652R,0.8624,LPath
S652T,0.0854,LBen
S652V,0.2155,LBen
S652W,0.5276,Amb
S652Y,0.2599,LBen
Q653A,0.0855,LBen
Q653C,0.3662,Amb
Q653D,0.3229,LBen
Q653E,0.1513,LBen
Q653F,0.483,Amb
Q653G,0.0902,LBen
Q653H,0.1276,LBen
Q653I,0.3154,LBen
Q653K,0.2541,LBen
Q653L,0.1362,LBen
Q653M,0.222,LBen
Q653N,0.1012,LBen
Q653P,0.0637,LBen
Q653R,0.2492,LBen
Q653S,0.0572,LBen
Q653T,0.0848,LBen
Q653V,0.1784,LBen
Q653W,0.5973,LPath
Q653Y,0.3021,LBen
G654A,0.0977,LBen
G654C,0.2122,LBen
G654D,0.5773,LPath
G654E,0.4806,Amb
G654F,0.6785,LPath
G654H,0.533,Amb
G654I,0.3735,Amb
G654K,0.8119,LPath
G654L,0.4568,Amb
G654M,0.3817,Amb
G654N,0.2123,LBen
G654P,0.4621,Amb
G654Q,0.3661,Amb
G654R,0.7539,LPath
G654S,0.087,LBen
G654T,0.1133,LBen
G654V,0.1886,LBen
G654W,0.6712,LPath
G654Y,0.5694,LPath
V655A,0.2613,LBen
V655C,0.6055,LPath
V655D,0.6862,LPath
V655E,0.6215,LPath
V655F,0.2749,LBen
V655G,0.2255,LBen
V655H,0.7473,LPath
V655I,0.0984,LBen
V655K,0.7356,LPath
V655L,0.3171,LBen
V655M,0.2045,LBen
V655N,0.3199,LBen
V655P,0.3849,Amb
V655Q,0.4575,Amb
V655R,0.7123,LPath
V655S,0.2808,LBen
V655T,0.2016,LBen
V655W,0.8763,LPath
V655Y,0.6735,LPath
D656A,0.968,LPath
D656C,0.9935,LPath
D656E,0.8634,LPath
D656F,0.9934,LPath
D656G,0.9186,LPath
D656H,0.9895,LPath
D656I,0.9968,LPath
D656K,0.996,LPath
D656L,0.9912,LPath
D656M,0.9976,LPath
D656N,0.8844,LPath
D656P,0.9855,LPath
D656Q,0.9837,LPath
D656R,0.9912,LPath
D656S,0.8635,LPath
D656T,0.9781,LPath
D656V,0.9877,LPath
D656W,0.9973,LPath
D656Y,0.9674,LPath
W657A,0.9865,LPath
W657C,0.9973,LPath
W657D,0.9955,LPath
W657E,0.9984,LPath
W657F,0.6781,LPath
W657G,0.8952,LPath
W657H,0.9954,LPath
W657I,0.9812,LPath
W657K,0.9996,LPath
W657L,0.976,LPath
W657M,0.9901,LPath
W657N,0.9951,LPath
W657P,0.9883,LPath
W657Q,0.9992,LPath
W657R,0.9989,LPath
W657S,0.9628,LPath
W657T,0.9858,LPath
W657V,0.9831,LPath
W657Y,0.8888,LPath
W658A,0.9732,LPath
W658C,0.9944,LPath
W658D,0.9906,LPath
W658E,0.9947,LPath
W658F,0.612,LPath
W658G,0.8204,LPath
W658H,0.9896,LPath
W658I,0.9862,LPath
W658K,0.9986,LPath
W658L,0.9525,LPath
W658M,0.9827,LPath
W658N,0.9915,LPath
W658P,0.9848,LPath
W658Q,0.997,LPath
W658R,0.997,LPath
W658S,0.9635,LPath
W658T,0.98,LPath
W658V,0.9795,LPath
W658Y,0.8749,LPath
G659A,0.6368,LPath
G659C,0.8873,LPath
G659D,0.8676,LPath
G659E,0.9044,LPath
G659F,0.9707,LPath
G659H,0.9619,LPath
G659I,0.9678,LPath
G659K,0.9873,LPath
G659L,0.9616,LPath
G659M,0.9661,LPath
G659N,0.7667,LPath
G659P,0.9791,LPath
G659Q,0.9238,LPath
G659R,0.9761,LPath
G659S,0.4537,Amb
G659T,0.782,LPath
G659V,0.9168,LPath
G659W,0.9632,LPath
G659Y,0.9441,LPath
N660A,0.5042,Amb
N660C,0.4461,Amb
N660D,0.4493,Amb
N660E,0.7246,LPath
N660F,0.8437,LPath
N660G,0.3,LBen
N660H,0.3054,LBen
N660I,0.699,LPath
N660K,0.8178,LPath
N660L,0.6331,LPath
N660M,0.6899,LPath
N660P,0.6151,LPath
N660Q,0.5671,LPath
N660R,0.7796,LPath
N660S,0.1058,LBen
N660T,0.2764,LBen
N660V,0.5722,LPath
N660W,0.935,LPath
N660Y,0.5217,Amb
