protein_variant,am_pathogenicity,am_class
M1A,0.3303,LBen
M1C,0.2615,LBen
M1D,0.8984,LPath
M1E,0.757,LPath
M1F,0.1098,LBen
M1G,0.4284,Amb
M1H,0.6121,LPath
M1I,0.4404,Amb
M1K,0.6301,LPath
M1L,0.1332,LBen
M1N,0.6176,LPath
M1P,0.3942,Amb
M1Q,0.3073,LBen
M1R,0.4859,Amb
M1S,0.4055,Amb
M1T,0.5266,Amb
M1V,0.0993,LBen
M1W,0.5312,Amb
M1Y,0.3629,Amb
S2A,0.0922,LBen
S2C,0.3234,LBen
S2D,0.6276,LPath
S2E,0.6467,LPath
S2F,0.4828,Amb
S2G,0.078,LBen
S2H,0.4356,Amb
S2I,0.6002,LPath
S2K,0.7837,LPath
S2L,0.4557,Amb
S2M,0.4921,Amb
S2N,0.1894,LBen
S2P,0.0731,LBen
S2Q,0.3456,Amb
S2R,0.7112,LPath
S2T,0.1209,LBen
S2V,0.433,Amb
S2W,0.6859,LPath
S2Y,0.4256,Amb
G3A,0.139,LBen
G3C,0.3335,LBen
G3D,0.6129,LPath
G3E,0.6886,LPath
G3F,0.6146,LPath
G3H,0.6218,LPath
G3I,0.5534,Amb
G3K,0.9328,LPath
G3L,0.5633,Amb
G3M,0.6102,LPath
G3N,0.2524,LBen
G3P,0.455,Amb
G3Q,0.5724,LPath
G3R,0.854,LPath
G3S,0.0826,LBen
G3T,0.1538,LBen
G3V,0.3317,LBen
G3W,0.7185,LPath
G3Y,0.5467,Amb
Y4A,0.2723,LBen
Y4C,0.2129,LBen
Y4D,0.5731,LPath
Y4E,0.6945,LPath
Y4F,0.0602,LBen
Y4G,0.1693,LBen
Y4H,0.4511,Amb
Y4I,0.4659,Amb
Y4K,0.8325,LPath
Y4L,0.43,Amb
Y4M,0.5198,Amb
Y4N,0.2246,LBen
Y4P,0.4452,Amb
Y4Q,0.5617,Amb
Y4R,0.6481,LPath
Y4S,0.1641,LBen
Y4T,0.348,Amb
Y4V,0.278,LBen
Y4W,0.3739,Amb
S5A,0.11,LBen
S5C,0.2873,LBen
S5D,0.7563,LPath
S5E,0.8029,LPath
S5F,0.4025,Amb
S5G,0.0874,LBen
S5H,0.5696,LPath
S5I,0.5987,LPath
S5K,0.9542,LPath
S5L,0.4397,Amb
S5M,0.4993,Amb
S5N,0.2787,LBen
S5P,0.282,LBen
S5Q,0.578,LPath
S5R,0.9227,LPath
S5T,0.1386,LBen
S5V,0.3616,Amb
S5W,0.6825,LPath
S5Y,0.3979,Amb
S6A,0.1058,LBen
S6C,0.2936,LBen
S6D,0.681,LPath
S6E,0.7591,LPath
S6F,0.4683,Amb
S6G,0.0752,LBen
S6H,0.538,Amb
S6I,0.6193,LPath
S6K,0.928,LPath
S6L,0.4074,Amb
S6M,0.4716,Amb
S6N,0.1974,LBen
S6P,0.2266,LBen
S6Q,0.5319,Amb
S6R,0.8867,LPath
S6T,0.1283,LBen
S6V,0.3658,Amb
S6W,0.6538,LPath
S6Y,0.4201,Amb
D7A,0.9088,LPath
D7C,0.9804,LPath
D7E,0.3672,Amb
D7F,0.9679,LPath
D7G,0.7851,LPath
D7H,0.9629,LPath
D7I,0.9876,LPath
D7K,0.9841,LPath
D7L,0.9792,LPath
D7M,0.9928,LPath
D7N,0.8247,LPath
D7P,0.9579,LPath
D7Q,0.9198,LPath
D7R,0.9457,LPath
D7S,0.7561,LPath
D7T,0.9299,LPath
D7V,0.9575,LPath
D7W,0.9899,LPath
D7Y,0.8572,LPath
R8A,0.9539,LPath
R8C,0.9877,LPath
R8D,0.9432,LPath
R8E,0.9348,LPath
R8F,0.9733,LPath
R8G,0.7146,LPath
R8H,0.9159,LPath
R8I,0.9877,LPath
R8K,0.5629,Amb
R8L,0.9628,LPath
R8M,0.9905,LPath
R8N,0.9561,LPath
R8P,0.9315,LPath
R8Q,0.8665,LPath
R8S,0.9543,LPath
R8T,0.9692,LPath
R8V,0.9788,LPath
R8W,0.9691,LPath
R8Y,0.9408,LPath
D9A,0.9541,LPath
D9C,0.9912,LPath
D9E,0.5344,Amb
D9F,0.9781,LPath
D9G,0.8471,LPath
D9H,0.9789,LPath
D9I,0.9938,LPath
D9K,0.99,LPath
D9L,0.9877,LPath
D9M,0.9967,LPath
D9N,0.9061,LPath
D9P,0.9779,LPath
D9Q,0.952,LPath
D9R,0.9664,LPath
D9S,0.8629,LPath
D9T,0.9679,LPath
D9V,0.9799,LPath
D9W,0.9922,LPath
D9Y,0.8868,LPath
R10A,0.893,LPath
R10C,0.9562,LPath
R10D,0.9328,LPath
R10E,0.9252,LPath
R10F,0.8967,LPath
R10G,0.5551,Amb
R10H,0.8017,LPath
R10I,0.9638,LPath
R10K,0.4792,Amb
R10L,0.897,LPath
R10M,0.9716,LPath
R10N,0.923,LPath
R10P,0.8663,LPath
R10Q,0.7407,LPath
R10S,0.914,LPath
R10T,0.9315,LPath
R10V,0.9417,LPath
R10W,0.9199,LPath
R10Y,0.863,LPath
G11A,0.2161,LBen
G11C,0.4932,Amb
G11D,0.7333,LPath
G11E,0.8103,LPath
G11F,0.7714,LPath
G11H,0.8315,LPath
G11I,0.7618,LPath
G11K,0.9768,LPath
G11L,0.7502,LPath
G11M,0.7742,LPath
G11N,0.4323,Amb
G11P,0.6905,LPath
G11Q,0.7464,LPath
G11R,0.9547,LPath
G11S,0.1525,LBen
G11T,0.3448,Amb
G11V,0.5265,Amb
G11W,0.837,LPath
G11Y,0.7061,LPath
R12A,0.9477,LPath
R12C,0.9749,LPath
R12D,0.9585,LPath
R12E,0.9379,LPath
R12F,0.961,LPath
R12G,0.7056,LPath
R12H,0.8835,LPath
R12I,0.9852,LPath
R12K,0.5263,Amb
R12L,0.9507,LPath
R12M,0.986,LPath
R12N,0.9494,LPath
R12P,0.9111,LPath
R12Q,0.7993,LPath
R12S,0.9525,LPath
R12T,0.9692,LPath
R12V,0.975,LPath
R12W,0.9538,LPath
R12Y,0.9342,LPath
D13A,0.9494,LPath
D13C,0.9909,LPath
D13E,0.4348,Amb
D13F,0.9816,LPath
D13G,0.8538,LPath
D13H,0.9811,LPath
D13I,0.9919,LPath
D13K,0.9895,LPath
D13L,0.9856,LPath
D13M,0.9957,LPath
D13N,0.9038,LPath
D13P,0.9763,LPath
D13Q,0.9458,LPath
D13R,0.9675,LPath
D13S,0.875,LPath
D13T,0.9649,LPath
D13V,0.9754,LPath
D13W,0.9938,LPath
D13Y,0.9086,LPath
R14A,0.931,LPath
R14C,0.9657,LPath
R14D,0.9449,LPath
R14E,0.9419,LPath
R14F,0.947,LPath
R14G,0.5959,LPath
R14H,0.8283,LPath
R14I,0.9814,LPath
R14K,0.5456,Amb
R14L,0.941,LPath
R14M,0.9827,LPath
R14N,0.9278,LPath
R14P,0.8821,LPath
R14Q,0.7638,LPath
R14S,0.9252,LPath
R14T,0.9507,LPath
R14V,0.9684,LPath
R14W,0.9487,LPath
R14Y,0.9046,LPath
G15A,0.2735,LBen
G15C,0.5783,LPath
G15D,0.7976,LPath
G15E,0.8541,LPath
G15F,0.8315,LPath
G15H,0.8541,LPath
G15I,0.7948,LPath
G15K,0.9796,LPath
G15L,0.8271,LPath
G15M,0.8238,LPath
G15N,0.4337,Amb
G15P,0.7383,LPath
G15Q,0.7877,LPath
G15R,0.954,LPath
G15S,0.159,LBen
G15T,0.3365,LBen
G15V,0.5635,Amb
G15W,0.8953,LPath
G15Y,0.7487,LPath
F16A,0.5524,Amb
F16C,0.5605,Amb
F16D,0.9088,LPath
F16E,0.9206,LPath
F16G,0.4802,Amb
F16H,0.8014,LPath
F16I,0.5782,LPath
F16K,0.9554,LPath
F16L,0.9005,LPath
F16M,0.615,LPath
F16N,0.673,LPath
F16P,0.8522,LPath
F16Q,0.8137,LPath
F16R,0.8811,LPath
F16S,0.5235,Amb
F16T,0.6705,LPath
F16V,0.4496,Amb
F16W,0.5131,Amb
F16Y,0.1669,LBen
G17A,0.2328,LBen
G17C,0.5404,Amb
G17D,0.8797,LPath
G17E,0.8926,LPath
G17F,0.8097,LPath
G17H,0.8491,LPath
G17I,0.7944,LPath
G17K,0.9813,LPath
G17L,0.7793,LPath
G17M,0.8269,LPath
G17N,0.5661,LPath
G17P,0.6234,LPath
G17Q,0.7612,LPath
G17R,0.9408,LPath
G17S,0.1649,LBen
G17T,0.3441,Amb
G17V,0.5471,Amb
G17W,0.8875,LPath
G17Y,0.8056,LPath
A18C,0.5425,Amb
A18D,0.7966,LPath
A18E,0.7057,LPath
A18F,0.4583,Amb
A18G,0.0799,LBen
A18H,0.626,LPath
A18I,0.4078,Amb
A18K,0.8904,LPath
A18L,0.2541,LBen
A18M,0.3372,LBen
A18N,0.233,LBen
A18P,0.0926,LBen
A18Q,0.3435,Amb
A18R,0.8366,LPath
A18S,0.0762,LBen
A18T,0.1566,LBen
A18V,0.2125,LBen
A18W,0.8958,LPath
A18Y,0.5756,LPath
P19A,0.3365,LBen
P19C,0.9353,LPath
P19D,0.8892,LPath
P19E,0.8461,LPath
P19F,0.9561,LPath
P19G,0.3274,LBen
P19H,0.7673,LPath
P19I,0.9515,LPath
P19K,0.9405,LPath
P19L,0.8626,LPath
P19M,0.9085,LPath
P19N,0.5681,LPath
P19Q,0.5537,Amb
P19R,0.8467,LPath
P19S,0.3041,LBen
P19T,0.5328,Amb
P19V,0.8123,LPath
P19W,0.9839,LPath
P19Y,0.9208,LPath
R20A,0.9145,LPath
R20C,0.9387,LPath
R20D,0.9743,LPath
R20E,0.9676,LPath
R20F,0.9617,LPath
R20G,0.697,LPath
R20H,0.8009,LPath
R20I,0.966,LPath
R20K,0.5729,LPath
R20L,0.9206,LPath
R20M,0.976,LPath
R20N,0.9437,LPath
R20P,0.779,LPath
R20Q,0.7183,LPath
R20S,0.915,LPath
R20T,0.9494,LPath
R20V,0.9429,LPath
R20W,0.9539,LPath
R20Y,0.9224,LPath
F21A,0.8914,LPath
F21C,0.9049,LPath
F21D,0.9745,LPath
F21E,0.9791,LPath
F21G,0.7356,LPath
F21H,0.9487,LPath
F21I,0.9083,LPath
F21K,0.9867,LPath
F21L,0.9862,LPath
F21M,0.8869,LPath
F21N,0.9252,LPath
F21P,0.9695,LPath
F21Q,0.9455,LPath
F21R,0.9417,LPath
F21S,0.9006,LPath
F21T,0.9457,LPath
F21V,0.8584,LPath
F21W,0.6627,LPath
F21Y,0.3575,Amb
G22A,0.3383,LBen
G22C,0.6405,LPath
G22D,0.944,LPath
G22E,0.9561,LPath
G22F,0.8757,LPath
G22H,0.8867,LPath
G22I,0.8766,LPath
G22K,0.9863,LPath
G22L,0.8603,LPath
G22M,0.8961,LPath
G22N,0.6714,LPath
G22P,0.7762,LPath
G22Q,0.8273,LPath
G22R,0.9496,LPath
G22S,0.2012,LBen
G22T,0.4423,Amb
G22V,0.724,LPath
G22W,0.9117,LPath
G22Y,0.876,LPath
G23A,0.1801,LBen
G23C,0.4146,Amb
G23D,0.8748,LPath
G23E,0.9097,LPath
G23F,0.7366,LPath
G23H,0.7815,LPath
G23I,0.6546,LPath
G23K,0.9705,LPath
G23L,0.6867,LPath
G23M,0.6562,LPath
G23N,0.3417,Amb
G23P,0.6503,LPath
G23Q,0.7187,LPath
G23R,0.9404,LPath
G23S,0.1103,LBen
G23T,0.2268,LBen
G23V,0.4383,Amb
G23W,0.8497,LPath
G23Y,0.7236,LPath
S24A,0.1546,LBen
S24C,0.318,LBen
S24D,0.8499,LPath
S24E,0.9165,LPath
S24F,0.6084,LPath
S24G,0.0971,LBen
S24H,0.669,LPath
S24I,0.6106,LPath
S24K,0.9694,LPath
S24L,0.4589,Amb
S24M,0.4395,Amb
S24N,0.169,LBen
S24P,0.3066,LBen
S24Q,0.643,LPath
S24R,0.9655,LPath
S24T,0.1521,LBen
S24V,0.4407,Amb
S24W,0.8418,LPath
S24Y,0.6209,LPath
R25A,0.8203,LPath
R25C,0.875,LPath
R25D,0.9236,LPath
R25E,0.9166,LPath
R25F,0.9034,LPath
R25G,0.4852,Amb
R25H,0.5448,Amb
R25I,0.9285,LPath
R25K,0.2312,LBen
R25L,0.8748,LPath
R25M,0.9182,LPath
R25N,0.8648,LPath
R25P,0.7256,LPath
R25Q,0.4646,Amb
R25S,0.8254,LPath
R25T,0.8338,LPath
R25V,0.8944,LPath
R25W,0.861,LPath
R25Y,0.8185,LPath
A26C,0.2718,LBen
A26D,0.691,LPath
A26E,0.6722,LPath
A26F,0.3602,Amb
A26G,0.059,LBen
A26H,0.4994,Amb
A26I,0.2592,LBen
A26K,0.8711,LPath
A26L,0.2006,LBen
A26M,0.2022,LBen
A26N,0.1525,LBen
A26P,0.1564,LBen
A26Q,0.3377,LBen
A26R,0.8384,LPath
A26S,0.0665,LBen
A26T,0.0866,LBen
A26V,0.1348,LBen
A26W,0.7545,LPath
A26Y,0.4673,Amb
G27A,0.1207,LBen
G27C,0.3559,Amb
G27D,0.7916,LPath
G27E,0.797,LPath
G27F,0.5929,LPath
G27H,0.7185,LPath
G27I,0.3706,Amb
G27K,0.9291,LPath
G27L,0.4087,Amb
G27M,0.405,Amb
G27N,0.3198,LBen
G27P,0.3938,Amb
G27Q,0.5854,LPath
G27R,0.8943,LPath
G27S,0.1108,LBen
G27T,0.1667,LBen
G27V,0.2264,LBen
G27W,0.8119,LPath
G27Y,0.6162,LPath
P28A,0.0743,LBen
P28C,0.4789,Amb
P28D,0.6162,LPath
P28E,0.5348,Amb
P28F,0.4398,Amb
P28G,0.124,LBen
P28H,0.2977,LBen
P28I,0.3042,LBen
P28K,0.719,LPath
P28L,0.2135,LBen
P28M,0.2614,LBen
P28N,0.1567,LBen
P28Q,0.188,LBen
P28R,0.6206,LPath
P28S,0.0828,LBen
P28T,0.0946,LBen
P28V,0.1733,LBen
P28W,0.7905,LPath
P28Y,0.4447,Amb
L29A,0.0879,LBen
L29C,0.418,Amb
L29D,0.7388,LPath
L29E,0.6099,LPath
L29F,0.113,LBen
L29G,0.1943,LBen
L29H,0.3341,LBen
L29I,0.0796,LBen
L29K,0.6596,LPath
L29M,0.0752,LBen
L29N,0.1904,LBen
L29P,0.1078,LBen
L29Q,0.1992,LBen
L29R,0.5978,LPath
L29S,0.1365,LBen
L29T,0.1274,LBen
L29V,0.0619,LBen
L29W,0.4434,Amb
L29Y,0.2977,LBen
S30A,0.0706,LBen
S30C,0.195,LBen
S30D,0.7052,LPath
S30E,0.6997,LPath
S30F,0.354,Amb
S30G,0.0821,LBen
S30H,0.4092,Amb
S30I,0.2675,LBen
S30K,0.8547,LPath
S30L,0.1881,LBen
S30M,0.1948,LBen
S30N,0.1511,LBen
S30P,0.0964,LBen
S30Q,0.3352,LBen
S30R,0.8607,LPath
S30T,0.074,LBen
S30V,0.1744,LBen
S30W,0.6245,LPath
S30Y,0.392,Amb
G31A,0.1343,LBen
G31C,0.3097,LBen
G31D,0.7312,LPath
G31E,0.7311,LPath
G31F,0.6418,LPath
G31H,0.5916,LPath
G31I,0.4185,Amb
G31K,0.8829,LPath
G31L,0.4512,Amb
G31M,0.4587,Amb
G31N,0.2433,LBen
G31P,0.3218,LBen
G31Q,0.4726,Amb
G31R,0.8237,LPath
G31S,0.0976,LBen
G31T,0.1441,LBen
G31V,0.2441,LBen
G31W,0.7021,LPath
G31Y,0.5809,LPath
K32A,0.6084,LPath
K32C,0.8031,LPath
K32D,0.8163,LPath
K32E,0.7279,LPath
K32F,0.9015,LPath
K32G,0.316,LBen
K32H,0.4933,Amb
K32I,0.818,LPath
K32L,0.7035,LPath
K32M,0.7005,LPath
K32N,0.6712,LPath
K32P,0.5005,Amb
K32Q,0.2298,LBen
K32R,0.0756,LBen
K32S,0.6111,LPath
K32T,0.5755,LPath
K32V,0.7194,LPath
K32W,0.8845,LPath
K32Y,0.8005,LPath
K33A,0.7884,LPath
K33C,0.9226,LPath
K33D,0.9003,LPath
K33E,0.9282,LPath
K33F,0.9658,LPath
K33G,0.6321,LPath
K33H,0.5987,LPath
K33I,0.8914,LPath
K33L,0.8583,LPath
K33M,0.8495,LPath
K33N,0.8251,LPath
K33P,0.6695,LPath
K33Q,0.471,Amb
K33R,0.094,LBen
K33S,0.8094,LPath
K33T,0.7283,LPath
K33V,0.8238,LPath
K33W,0.9551,LPath
K33Y,0.8677,LPath
F34A,0.8531,LPath
F34C,0.821,LPath
F34D,0.951,LPath
F34E,0.968,LPath
F34G,0.8109,LPath
F34H,0.8645,LPath
F34I,0.8057,LPath
F34K,0.9615,LPath
F34L,0.978,LPath
F34M,0.7983,LPath
F34N,0.853,LPath
F34P,0.9646,LPath
F34Q,0.9123,LPath
F34R,0.921,LPath
F34S,0.8397,LPath
F34T,0.8784,LPath
F34V,0.7464,LPath
F34W,0.508,Amb
F34Y,0.119,LBen
G35A,0.3528,Amb
G35C,0.5583,Amb
G35D,0.928,LPath
G35E,0.9404,LPath
G35F,0.8939,LPath
G35H,0.8712,LPath
G35I,0.7874,LPath
G35K,0.9637,LPath
G35L,0.7977,LPath
G35M,0.8464,LPath
G35N,0.6638,LPath
G35P,0.8927,LPath
G35Q,0.7967,LPath
G35R,0.9184,LPath
G35S,0.2223,LBen
G35T,0.4551,Amb
G35V,0.6397,LPath
G35W,0.8811,LPath
G35Y,0.8748,LPath
N36A,0.35,Amb
N36C,0.3748,Amb
N36D,0.7598,LPath
N36E,0.8833,LPath
N36F,0.5854,LPath
N36G,0.4348,Amb
N36H,0.3251,LBen
N36I,0.3048,LBen
N36K,0.9056,LPath
N36L,0.3045,LBen
N36M,0.3382,LBen
N36P,0.6143,LPath
N36Q,0.5086,Amb
N36R,0.8971,LPath
N36S,0.1243,LBen
N36T,0.2487,LBen
N36V,0.2679,LBen
N36W,0.8978,LPath
N36Y,0.3622,Amb
P37A,0.6475,LPath
P37C,0.9732,LPath
P37D,0.9907,LPath
P37E,0.9836,LPath
P37F,0.9678,LPath
P37G,0.9188,LPath
P37H,0.94,LPath
P37I,0.9287,LPath
P37K,0.9823,LPath
P37L,0.7546,LPath
P37M,0.9419,LPath
P37N,0.9676,LPath
P37Q,0.9441,LPath
P37R,0.9436,LPath
P37S,0.9347,LPath
P37T,0.8787,LPath
P37V,0.8689,LPath
P37W,0.9885,LPath
P37Y,0.9704,LPath
G38A,0.9692,LPath
G38C,0.9948,LPath
G38D,0.9988,LPath
G38E,0.9991,LPath
G38F,0.9981,LPath
G38H,0.9996,LPath
G38I,0.9983,LPath
G38K,0.9993,LPath
G38L,0.9969,LPath
G38M,0.9985,LPath
G38N,0.9987,LPath
G38P,0.9986,LPath
G38Q,0.9987,LPath
G38R,0.9983,LPath
G38S,0.9841,LPath
G38T,0.9921,LPath
G38V,0.9959,LPath
G38W,0.9981,LPath
G38Y,0.9989,LPath
E39A,0.6246,LPath
E39C,0.9744,LPath
E39D,0.0914,LBen
E39F,0.9746,LPath
E39G,0.5298,Amb
E39H,0.9273,LPath
E39I,0.9181,LPath
E39K,0.8481,LPath
E39L,0.8924,LPath
E39M,0.9194,LPath
E39N,0.5853,LPath
E39P,0.9672,LPath
E39Q,0.5735,LPath
E39R,0.88,LPath
E39S,0.5413,Amb
E39T,0.7825,LPath
E39V,0.8219,LPath
E39W,0.9904,LPath
E39Y,0.9343,LPath
K40A,0.6591,LPath
K40C,0.7811,LPath
K40D,0.8123,LPath
K40E,0.7404,LPath
K40F,0.9312,LPath
K40G,0.4538,Amb
K40H,0.3663,Amb
K40I,0.835,LPath
K40L,0.6991,LPath
K40M,0.6662,LPath
K40N,0.5388,Amb
K40P,0.8527,LPath
K40Q,0.2618,LBen
K40R,0.0662,LBen
K40S,0.657,LPath
K40T,0.5212,Amb
K40V,0.7548,LPath
K40W,0.9017,LPath
K40Y,0.8101,LPath
L41A,0.983,LPath
L41C,0.9972,LPath
L41D,0.9994,LPath
L41E,0.9975,LPath
L41F,0.9817,LPath
L41G,0.9921,LPath
L41H,0.9983,LPath
L41I,0.8153,LPath
L41K,0.9935,LPath
L41M,0.7587,LPath
L41N,0.996,LPath
L41P,0.9972,LPath
L41Q,0.9964,LPath
L41R,0.9928,LPath
L41S,0.9984,LPath
L41T,0.9898,LPath
L41V,0.8975,LPath
L41W,0.9959,LPath
L41Y,0.993,LPath
V42A,0.1293,LBen
V42C,0.4075,Amb
V42D,0.6033,LPath
V42E,0.3943,Amb
V42F,0.1556,LBen
V42G,0.1643,LBen
V42H,0.3502,Amb
V42I,0.0719,LBen
V42K,0.3977,Amb
V42L,0.1202,LBen
V42M,0.1035,LBen
V42N,0.1836,LBen
V42P,0.4816,Amb
V42Q,0.1494,LBen
V42R,0.3166,LBen
V42S,0.1401,LBen
V42T,0.107,LBen
V42W,0.683,LPath
V42Y,0.3849,Amb
K43A,0.8023,LPath
K43C,0.8889,LPath
K43D,0.9601,LPath
K43E,0.8323,LPath
K43F,0.9796,LPath
K43G,0.869,LPath
K43H,0.6629,LPath
K43I,0.8968,LPath
K43L,0.8379,LPath
K43M,0.827,LPath
K43N,0.9342,LPath
K43P,0.7488,LPath
K43Q,0.3958,Amb
K43R,0.0957,LBen
K43S,0.8893,LPath
K43T,0.7654,LPath
K43V,0.8108,LPath
K43W,0.966,LPath
K43Y,0.9445,LPath
K44A,0.8368,LPath
K44C,0.8767,LPath
K44D,0.9674,LPath
K44E,0.7628,LPath
K44F,0.9786,LPath
K44G,0.8997,LPath
K44H,0.7084,LPath
K44I,0.7273,LPath
K44L,0.7469,LPath
K44M,0.7089,LPath
K44N,0.9213,LPath
K44P,0.6071,LPath
K44Q,0.3061,LBen
K44R,0.1007,LBen
K44S,0.9326,LPath
K44T,0.735,LPath
K44V,0.6453,LPath
K44W,0.9597,LPath
K44Y,0.9347,LPath
K45A,0.5622,Amb
K45C,0.6202,LPath
K45D,0.6822,LPath
K45E,0.4704,Amb
K45F,0.8324,LPath
K45G,0.6861,LPath
K45H,0.1874,LBen
K45I,0.5364,Amb
K45L,0.5789,LPath
K45M,0.488,Amb
K45N,0.5247,Amb
K45P,0.6913,LPath
K45Q,0.1742,LBen
K45R,0.0755,LBen
K45S,0.6043,LPath
K45T,0.3561,Amb
K45V,0.4287,Amb
K45W,0.7927,LPath
K45Y,0.6481,LPath
W46A,0.9975,LPath
W46C,0.9988,LPath
W46D,0.9991,LPath
W46E,0.9994,LPath
W46F,0.7011,LPath
W46G,0.9888,LPath
W46H,0.9964,LPath
W46I,0.9925,LPath
W46K,0.9997,LPath
W46L,0.9924,LPath
W46M,0.995,LPath
W46N,0.9985,LPath
W46P,0.9979,LPath
W46Q,0.9996,LPath
W46R,0.9995,LPath
W46S,0.9965,LPath
W46T,0.9975,LPath
W46V,0.9927,LPath
W46Y,0.8853,LPath
N47A,0.3479,Amb
N47C,0.2958,LBen
N47D,0.1363,LBen
N47E,0.5952,LPath
N47F,0.7589,LPath
N47G,0.604,LPath
N47H,0.1889,LBen
N47I,0.2668,LBen
N47K,0.6018,LPath
N47L,0.3644,Amb
N47M,0.4532,Amb
N47P,0.7668,LPath
N47Q,0.4592,Amb
N47R,0.609,LPath
N47S,0.1381,LBen
N47T,0.2659,LBen
N47V,0.2249,LBen
N47W,0.9045,LPath
N47Y,0.3682,Amb
L48A,0.46,Amb
L48C,0.7579,LPath
L48D,0.9213,LPath
L48E,0.7636,LPath
L48F,0.2955,LBen
L48G,0.7754,LPath
L48H,0.656,LPath
L48I,0.1502,LBen
L48K,0.7044,LPath
L48M,0.0969,LBen
L48N,0.6695,LPath
L48P,0.3872,Amb
L48Q,0.4866,Amb
L48R,0.6544,LPath
L48S,0.6333,LPath
L48T,0.3495,Amb
L48V,0.1454,LBen
L48W,0.5658,LPath
L48Y,0.6111,LPath
D49A,0.15,LBen
D49C,0.6305,LPath
D49E,0.0939,LBen
D49F,0.7079,LPath
D49G,0.1999,LBen
D49H,0.3582,Amb
D49I,0.5387,Amb
D49K,0.5178,Amb
D49L,0.4242,Amb
D49M,0.558,Amb
D49N,0.1193,LBen
D49P,0.729,LPath
D49Q,0.2799,LBen
D49R,0.5554,Amb
D49S,0.1042,LBen
D49T,0.2106,LBen
D49V,0.3263,LBen
D49W,0.8935,LPath
D49Y,0.4006,Amb
E50A,0.2492,LBen
E50C,0.9005,LPath
E50D,0.1027,LBen
E50F,0.9187,LPath
E50G,0.3931,Amb
E50H,0.7023,LPath
E50I,0.619,LPath
E50K,0.4965,Amb
E50L,0.6205,LPath
E50M,0.6691,LPath
E50N,0.3536,Amb
E50P,0.9629,LPath
E50Q,0.2642,LBen
E50R,0.6447,LPath
E50S,0.2701,LBen
E50T,0.3079,LBen
E50V,0.4373,Amb
E50W,0.9795,LPath
E50Y,0.8282,LPath
L51A,0.9724,LPath
L51C,0.9762,LPath
L51D,0.9989,LPath
L51E,0.9955,LPath
L51F,0.9306,LPath
L51G,0.993,LPath
L51H,0.9927,LPath
L51I,0.7734,LPath
L51K,0.9858,LPath
L51M,0.4629,Amb
L51N,0.9922,LPath
L51P,0.9973,LPath
L51Q,0.9828,LPath
L51R,0.9862,LPath
L51S,0.9951,LPath
L51T,0.9834,LPath
L51V,0.8253,LPath
L51W,0.9846,LPath
L51Y,0.9711,LPath
P52A,0.3824,Amb
P52C,0.9003,LPath
P52D,0.953,LPath
P52E,0.8216,LPath
P52F,0.9634,LPath
P52G,0.7951,LPath
P52H,0.8329,LPath
P52I,0.7815,LPath
P52K,0.8797,LPath
P52L,0.5742,LPath
P52M,0.7935,LPath
P52N,0.8793,LPath
P52Q,0.6153,LPath
P52R,0.7946,LPath
P52S,0.6207,LPath
P52T,0.4396,Amb
P52V,0.5853,LPath
P52W,0.9764,LPath
P52Y,0.9544,LPath
K53A,0.4279,Amb
K53C,0.6998,LPath
K53D,0.8283,LPath
K53E,0.5306,Amb
K53F,0.9112,LPath
K53G,0.6859,LPath
K53H,0.3703,Amb
K53I,0.538,Amb
K53L,0.4704,Amb
K53M,0.5138,Amb
K53N,0.7592,LPath
K53P,0.4621,Amb
K53Q,0.2278,LBen
K53R,0.0786,LBen
K53S,0.6267,LPath
K53T,0.3545,Amb
K53V,0.3381,LBen
K53W,0.9159,LPath
K53Y,0.8319,LPath
F54A,0.9818,LPath
F54C,0.9717,LPath
F54D,0.9978,LPath
F54E,0.9966,LPath
F54G,0.9934,LPath
F54H,0.991,LPath
F54I,0.7812,LPath
F54K,0.9964,LPath
F54L,0.9832,LPath
F54M,0.9099,LPath
F54N,0.9945,LPath
F54P,0.9984,LPath
F54Q,0.9936,LPath
F54R,0.9911,LPath
F54S,0.9929,LPath
F54T,0.9831,LPath
F54V,0.8541,LPath
F54W,0.8932,LPath
F54Y,0.8323,LPath
E55A,0.5392,Amb
E55C,0.9467,LPath
E55D,0.7223,LPath
E55F,0.9818,LPath
E55G,0.7472,LPath
E55H,0.8527,LPath
E55I,0.7621,LPath
E55K,0.5556,Amb
E55L,0.8385,LPath
E55M,0.843,LPath
E55N,0.833,LPath
E55P,0.9208,LPath
E55Q,0.1884,LBen
E55R,0.5936,LPath
E55S,0.6345,LPath
E55T,0.58,LPath
E55V,0.5398,Amb
E55W,0.9925,LPath
E55Y,0.9608,LPath
K56A,0.9921,LPath
K56C,0.991,LPath
K56D,0.9978,LPath
K56E,0.9936,LPath
K56F,0.9986,LPath
K56G,0.9895,LPath
K56H,0.964,LPath
K56I,0.9952,LPath
K56L,0.9833,LPath
K56M,0.9815,LPath
K56N,0.9962,LPath
K56P,0.9948,LPath
K56Q,0.9602,LPath
K56R,0.3973,Amb
K56S,0.996,LPath
K56T,0.9848,LPath
K56V,0.9894,LPath
K56W,0.9968,LPath
K56Y,0.9903,LPath
N57A,0.5478,Amb
N57C,0.353,Amb
N57D,0.1866,LBen
N57E,0.7178,LPath
N57F,0.784,LPath
N57G,0.725,LPath
N57H,0.2051,LBen
N57I,0.5029,Amb
N57K,0.7367,LPath
N57L,0.6133,LPath
N57M,0.6332,LPath
N57P,0.958,LPath
N57Q,0.5822,LPath
N57R,0.6948,LPath
N57S,0.175,LBen
N57T,0.3687,Amb
N57V,0.3964,Amb
N57W,0.9351,LPath
N57Y,0.3581,Amb
F58A,0.9914,LPath
F58C,0.9716,LPath
F58D,0.998,LPath
F58E,0.9983,LPath
F58G,0.9947,LPath
F58H,0.981,LPath
F58I,0.9192,LPath
F58K,0.9967,LPath
F58L,0.9875,LPath
F58M,0.9701,LPath
F58N,0.9928,LPath
F58P,0.9993,LPath
F58Q,0.9949,LPath
F58R,0.9878,LPath
F58S,0.9934,LPath
F58T,0.9915,LPath
F58V,0.9252,LPath
F58W,0.9348,LPath
F58Y,0.7481,LPath
Y59A,0.9608,LPath
Y59C,0.7596,LPath
Y59D,0.9825,LPath
Y59E,0.9939,LPath
Y59F,0.149,LBen
Y59G,0.9269,LPath
Y59H,0.8535,LPath
Y59I,0.9162,LPath
Y59K,0.9916,LPath
Y59L,0.7428,LPath
Y59M,0.9334,LPath
Y59N,0.8906,LPath
Y59P,0.9811,LPath
Y59Q,0.9756,LPath
Y59R,0.9587,LPath
Y59S,0.8644,LPath
Y59T,0.9574,LPath
Y59V,0.8538,LPath
Y59W,0.5778,LPath
Q60A,0.1754,LBen
Q60C,0.4131,Amb
Q60D,0.5592,Amb
Q60E,0.1311,LBen
Q60F,0.5709,LPath
Q60G,0.3822,Amb
Q60H,0.1738,LBen
Q60I,0.1999,LBen
Q60K,0.1025,LBen
Q60L,0.1259,LBen
Q60M,0.2567,LBen
Q60N,0.2915,LBen
Q60P,0.7186,LPath
Q60R,0.1014,LBen
Q60S,0.2149,LBen
Q60T,0.123,LBen
Q60V,0.1112,LBen
Q60W,0.6536,LPath
Q60Y,0.4492,Amb
E61A,0.2856,LBen
E61C,0.8916,LPath
E61D,0.6078,LPath
E61F,0.9688,LPath
E61G,0.5609,Amb
E61H,0.9112,LPath
E61I,0.4884,Amb
E61K,0.7215,LPath
E61L,0.5933,LPath
E61M,0.6737,LPath
E61N,0.7641,LPath
E61P,0.327,LBen
E61Q,0.2628,LBen
E61R,0.7846,LPath
E61S,0.5813,LPath
E61T,0.5487,Amb
E61V,0.3012,LBen
E61W,0.9945,LPath
E61Y,0.9572,LPath
H62A,0.5993,LPath
H62C,0.3315,LBen
H62D,0.6838,LPath
H62E,0.9058,LPath
H62F,0.7828,LPath
H62G,0.7895,LPath
H62I,0.7536,LPath
H62K,0.9012,LPath
H62L,0.4279,Amb
H62M,0.7906,LPath
H62N,0.2279,LBen
H62P,0.3768,Amb
H62Q,0.7558,LPath
H62R,0.8166,LPath
H62S,0.408,Amb
H62T,0.6912,LPath
H62V,0.7237,LPath
H62W,0.879,LPath
H62Y,0.4854,Amb
P63A,0.071,LBen
P63C,0.4236,Amb
P63D,0.4897,Amb
P63E,0.2822,LBen
P63F,0.4748,Amb
P63G,0.2245,LBen
P63H,0.2113,LBen
P63I,0.235,LBen
P63K,0.3318,LBen
P63L,0.1269,LBen
P63M,0.222,LBen
P63N,0.2603,LBen
P63Q,0.1346,LBen
P63R,0.2462,LBen
P63S,0.1246,LBen
P63T,0.1061,LBen
P63V,0.1393,LBen
P63W,0.6875,LPath
P63Y,0.4677,Amb
D64A,0.1843,LBen
D64C,0.7636,LPath
D64E,0.1168,LBen
D64F,0.7456,LPath
D64G,0.3283,LBen
D64H,0.4757,Amb
D64I,0.5312,Amb
D64K,0.7024,LPath
D64L,0.4561,Amb
D64M,0.6526,LPath
D64N,0.1444,LBen
D64P,0.9137,LPath
D64Q,0.3826,Amb
D64R,0.7325,LPath
D64S,0.1522,LBen
D64T,0.3015,LBen
D64V,0.3129,LBen
D64W,0.9577,LPath
D64Y,0.4683,Amb
L65A,0.1424,LBen
L65C,0.3905,Amb
L65D,0.8973,LPath
L65E,0.758,LPath
L65F,0.4649,Amb
L65G,0.4474,Amb
L65H,0.6025,LPath
L65I,0.0673,LBen
L65K,0.8393,LPath
L65M,0.1136,LBen
L65N,0.356,Amb
L65P,0.8335,LPath
L65Q,0.4108,Amb
L65R,0.7356,LPath
L65S,0.2195,LBen
L65T,0.0875,LBen
L65V,0.0553,LBen
L65W,0.8063,LPath
L65Y,0.7711,LPath
A66C,0.1609,LBen
A66D,0.4136,Amb
A66E,0.2644,LBen
A66F,0.2222,LBen
A66G,0.0827,LBen
A66H,0.2446,LBen
A66I,0.1092,LBen
A66K,0.3237,LBen
A66L,0.0739,LBen
A66M,0.1028,LBen
A66N,0.137,LBen
A66P,0.2838,LBen
A66Q,0.137,LBen
A66R,0.3126,LBen
A66S,0.0662,LBen
A66T,0.063,LBen
A66V,0.0689,LBen
A66W,0.5577,Amb
A66Y,0.3101,LBen
R67A,0.3835,Amb
R67C,0.1937,LBen
R67D,0.636,LPath
R67E,0.4575,Amb
R67F,0.6122,LPath
R67G,0.2326,LBen
R67H,0.1077,LBen
R67I,0.5214,Amb
R67K,0.1215,LBen
R67L,0.3327,LBen
R67M,0.439,Amb
R67N,0.4545,Amb
R67P,0.7861,LPath
R67Q,0.1112,LBen
R67S,0.4402,Amb
R67T,0.3704,Amb
R67V,0.4784,Amb
R67W,0.3454,Amb
R67Y,0.4181,Amb
R68A,0.922,LPath
R68C,0.5193,Amb
R68D,0.9809,LPath
R68E,0.9094,LPath
R68F,0.9314,LPath
R68G,0.8941,LPath
R68H,0.378,Amb
R68I,0.8651,LPath
R68K,0.2313,LBen
R68L,0.6154,LPath
R68M,0.7504,LPath
R68N,0.9694,LPath
R68P,0.9845,LPath
R68Q,0.3525,Amb
R68S,0.9624,LPath
R68T,0.9213,LPath
R68V,0.8602,LPath
R68W,0.6833,LPath
R68Y,0.8086,LPath
T69A,0.1293,LBen
T69C,0.3514,Amb
T69D,0.4403,Amb
T69E,0.5987,LPath
T69F,0.718,LPath
T69G,0.1142,LBen
T69H,0.3587,Amb
T69I,0.6897,LPath
T69K,0.5785,LPath
T69L,0.2689,LBen
T69M,0.2434,LBen
T69N,0.0979,LBen
T69P,0.0688,LBen
T69Q,0.3476,Amb
T69R,0.6063,LPath
T69S,0.0599,LBen
T69V,0.4623,Amb
T69W,0.8702,LPath
T69Y,0.6626,LPath
A70C,0.2041,LBen
A70D,0.2384,LBen
A70E,0.2052,LBen
A70F,0.1457,LBen
A70G,0.0814,LBen
A70H,0.1763,LBen
A70I,0.0924,LBen
A70K,0.345,Amb
A70L,0.0659,LBen
A70M,0.087,LBen
A70N,0.0915,LBen
A70P,0.06,LBen
A70Q,0.1197,LBen
A70R,0.3308,LBen
A70S,0.0635,LBen
A70T,0.0642,LBen
A70V,0.0694,LBen
A70W,0.3588,Amb
A70Y,0.1925,LBen
Q71A,0.0842,LBen
Q71C,0.5752,LPath
Q71D,0.2936,LBen
Q71E,0.1124,LBen
Q71F,0.4676,Amb
Q71G,0.1636,LBen
Q71H,0.1735,LBen
Q71I,0.2376,LBen
Q71K,0.1928,LBen
Q71L,0.1015,LBen
Q71M,0.2069,LBen
Q71N,0.1844,LBen
Q71P,0.1184,LBen
Q71R,0.1933,LBen
Q71S,0.1084,LBen
Q71T,0.1101,LBen
Q71V,0.1436,LBen
Q71W,0.6025,LPath
Q71Y,0.3659,Amb
E72A,0.4492,Amb
E72C,0.9689,LPath
E72D,0.1492,LBen
E72F,0.9574,LPath
E72G,0.7052,LPath
E72H,0.8874,LPath
E72I,0.7902,LPath
E72K,0.8474,LPath
E72L,0.8071,LPath
E72M,0.7914,LPath
E72N,0.7015,LPath
E72P,0.9927,LPath
E72Q,0.3955,Amb
E72R,0.9021,LPath
E72S,0.6476,LPath
E72T,0.6752,LPath
E72V,0.5955,LPath
E72W,0.9891,LPath
E72Y,0.9245,LPath
V73A,0.1852,LBen
V73C,0.6336,LPath
V73D,0.9038,LPath
V73E,0.6815,LPath
V73F,0.6143,LPath
V73G,0.4212,Amb
V73H,0.9141,LPath
V73I,0.0795,LBen
V73K,0.8963,LPath
V73L,0.3091,LBen
V73M,0.2236,LBen
V73N,0.6378,LPath
V73P,0.9658,LPath
V73Q,0.6488,LPath
V73R,0.8492,LPath
V73S,0.3589,Amb
V73T,0.1524,LBen
V73W,0.9531,LPath
V73Y,0.8623,LPath
E74A,0.2645,LBen
E74C,0.8836,LPath
E74D,0.0769,LBen
E74F,0.8822,LPath
E74G,0.3788,Amb
E74H,0.6726,LPath
E74I,0.6777,LPath
E74K,0.6565,LPath
E74L,0.599,LPath
E74M,0.6957,LPath
E74N,0.2981,LBen
E74P,0.9658,LPath
E74Q,0.2884,LBen
E74R,0.6935,LPath
E74S,0.2893,LBen
E74T,0.4127,Amb
E74V,0.4864,Amb
E74W,0.9599,LPath
E74Y,0.7621,LPath
T75A,0.0574,LBen
T75C,0.1633,LBen
T75D,0.1748,LBen
T75E,0.1484,LBen
T75F,0.1369,LBen
T75G,0.0901,LBen
T75H,0.1005,LBen
T75I,0.089,LBen
T75K,0.171,LBen
T75L,0.0573,LBen
T75M,0.0649,LBen
T75N,0.0541,LBen
T75P,0.4938,Amb
T75Q,0.0803,LBen
T75R,0.1588,LBen
T75S,0.0604,LBen
T75V,0.078,LBen
T75W,0.3727,Amb
T75Y,0.147,LBen
Y76A,0.918,LPath
Y76C,0.5249,Amb
Y76D,0.9613,LPath
Y76E,0.9808,LPath
Y76F,0.0572,LBen
Y76G,0.9389,LPath
Y76H,0.6057,LPath
Y76I,0.7131,LPath
Y76K,0.9819,LPath
Y76L,0.7005,LPath
Y76M,0.8093,LPath
Y76N,0.8825,LPath
Y76P,0.9963,LPath
Y76Q,0.9494,LPath
Y76R,0.9529,LPath
Y76S,0.8596,LPath
Y76T,0.9129,LPath
Y76V,0.6685,LPath
Y76W,0.2807,LBen
R77A,0.9269,LPath
R77C,0.2774,LBen
R77D,0.9936,LPath
R77E,0.9117,LPath
R77F,0.7909,LPath
R77G,0.8905,LPath
R77H,0.3372,LBen
R77I,0.6987,LPath
R77K,0.3305,LBen
R77L,0.4211,Amb
R77M,0.7251,LPath
R77N,0.9681,LPath
R77P,0.9969,LPath
R77Q,0.2897,LBen
R77S,0.9666,LPath
R77T,0.8931,LPath
R77V,0.7437,LPath
R77W,0.4908,Amb
R77Y,0.5918,LPath
R78A,0.3781,Amb
R78C,0.1849,LBen
R78D,0.7004,LPath
R78E,0.436,Amb
R78F,0.6165,LPath
R78G,0.3334,LBen
R78H,0.1119,LBen
R78I,0.3936,Amb
R78K,0.1041,LBen
R78L,0.2869,LBen
R78M,0.359,Amb
R78N,0.5219,Amb
R78P,0.9726,LPath
R78Q,0.1001,LBen
R78S,0.4691,Amb
R78T,0.3534,Amb
R78V,0.4025,Amb
R78W,0.3561,Amb
R78Y,0.4138,Amb
S79A,0.0796,LBen
S79C,0.1093,LBen
S79D,0.3649,Amb
S79E,0.3281,LBen
S79F,0.3238,LBen
S79G,0.0668,LBen
S79H,0.2595,LBen
S79I,0.2346,LBen
S79K,0.4864,Amb
S79L,0.1325,LBen
S79M,0.1576,LBen
S79N,0.0919,LBen
S79P,0.9342,LPath
S79Q,0.2235,LBen
S79R,0.4747,Amb
S79T,0.0744,LBen
S79V,0.1968,LBen
S79W,0.5467,Amb
S79Y,0.2981,LBen
K80A,0.8497,LPath
K80C,0.7188,LPath
K80D,0.9726,LPath
K80E,0.6979,LPath
K80F,0.9603,LPath
K80G,0.86,LPath
K80H,0.3696,Amb
K80I,0.9266,LPath
K80L,0.7837,LPath
K80M,0.6655,LPath
K80N,0.886,LPath
K80P,0.9941,LPath
K80Q,0.2468,LBen
K80R,0.0765,LBen
K80S,0.8782,LPath
K80T,0.8082,LPath
K80V,0.8493,LPath
K80W,0.9165,LPath
K80Y,0.891,LPath
E81A,0.2905,LBen
E81C,0.8983,LPath
E81D,0.2161,LBen
E81F,0.9416,LPath
E81G,0.3133,LBen
E81H,0.8033,LPath
E81I,0.7756,LPath
E81K,0.6654,LPath
E81L,0.7291,LPath
E81M,0.6867,LPath
E81N,0.4082,Amb
E81P,0.9782,LPath
E81Q,0.265,LBen
E81R,0.7687,LPath
E81S,0.3594,Amb
E81T,0.4497,Amb
E81V,0.521,Amb
E81W,0.9892,LPath
E81Y,0.8799,LPath
I82A,0.9392,LPath
I82C,0.9254,LPath
I82D,0.9985,LPath
I82E,0.9956,LPath
I82F,0.8991,LPath
I82G,0.9877,LPath
I82H,0.998,LPath
I82K,0.9966,LPath
I82L,0.5363,Amb
I82M,0.3151,LBen
I82N,0.9802,LPath
I82P,0.998,LPath
I82Q,0.9925,LPath
I82R,0.9952,LPath
I82S,0.9682,LPath
I82T,0.9572,LPath
I82V,0.0996,LBen
I82W,0.998,LPath
I82Y,0.9883,LPath
T83A,0.4498,Amb
T83C,0.7715,LPath
T83D,0.9569,LPath
T83E,0.9275,LPath
T83F,0.7777,LPath
T83G,0.6806,LPath
T83H,0.6998,LPath
T83I,0.7812,LPath
T83K,0.8558,LPath
T83L,0.5643,LPath
T83M,0.4188,Amb
T83N,0.6317,LPath
T83P,0.9651,LPath
T83Q,0.7084,LPath
T83R,0.7775,LPath
T83S,0.2977,LBen
T83V,0.5533,Amb
T83W,0.9422,LPath
T83Y,0.8521,LPath
V84A,0.6607,LPath
V84C,0.8066,LPath
V84D,0.9873,LPath
V84E,0.9587,LPath
V84F,0.6383,LPath
V84G,0.8304,LPath
V84H,0.9791,LPath
V84I,0.0752,LBen
V84K,0.975,LPath
V84L,0.3409,Amb
V84M,0.3715,Amb
V84N,0.9197,LPath
V84P,0.9825,LPath
V84Q,0.9196,LPath
V84R,0.9623,LPath
V84S,0.7804,LPath
V84T,0.4667,Amb
V84W,0.9865,LPath
V84Y,0.9472,LPath
R85A,0.7975,LPath
R85C,0.538,Amb
R85D,0.9075,LPath
R85E,0.7543,LPath
R85F,0.881,LPath
R85G,0.7199,LPath
R85H,0.2227,LBen
R85I,0.7588,LPath
R85K,0.1156,LBen
R85L,0.6692,LPath
R85M,0.7275,LPath
R85N,0.8576,LPath
R85P,0.9707,LPath
R85Q,0.2332,LBen
R85S,0.8091,LPath
R85T,0.6698,LPath
R85V,0.7498,LPath
R85W,0.597,LPath
R85Y,0.758,LPath
G86A,0.7069,LPath
G86C,0.8751,LPath
G86D,0.9549,LPath
G86E,0.9768,LPath
G86F,0.9782,LPath
G86H,0.9746,LPath
G86I,0.9744,LPath
G86K,0.9847,LPath
G86L,0.971,LPath
G86M,0.9806,LPath
G86N,0.912,LPath
G86P,0.9839,LPath
G86Q,0.965,LPath
G86R,0.973,LPath
G86S,0.5541,Amb
G86T,0.8657,LPath
G86V,0.9511,LPath
G86W,0.973,LPath
G86Y,0.9706,LPath
H87A,0.116,LBen
H87C,0.1256,LBen
H87D,0.1995,LBen
H87E,0.1998,LBen
H87F,0.1823,LBen
H87G,0.1504,LBen
H87I,0.1474,LBen
H87K,0.139,LBen
H87L,0.0822,LBen
H87M,0.2137,LBen
H87N,0.0691,LBen
H87P,0.1074,LBen
H87Q,0.0721,LBen
H87R,0.0713,LBen
H87S,0.1063,LBen
H87T,0.1105,LBen
H87V,0.1178,LBen
H87W,0.3202,LBen
H87Y,0.0942,LBen
N88A,0.1027,LBen
N88C,0.14,LBen
N88D,0.0971,LBen
N88E,0.2324,LBen
N88F,0.3318,LBen
N88G,0.1135,LBen
N88H,0.0789,LBen
N88I,0.1948,LBen
N88K,0.2186,LBen
N88L,0.1609,LBen
N88M,0.2493,LBen
N88P,0.4296,Amb
N88Q,0.1477,LBen
N88R,0.2148,LBen
N88S,0.0625,LBen
N88T,0.0884,LBen
N88V,0.1572,LBen
N88W,0.6332,LPath
N88Y,0.147,LBen
C89A,0.3674,Amb
C89D,0.9629,LPath
C89E,0.9668,LPath
C89F,0.5615,Amb
C89G,0.3757,Amb
C89H,0.9028,LPath
C89I,0.3344,LBen
C89K,0.9715,LPath
C89L,0.5062,Amb
C89M,0.6796,LPath
C89N,0.7945,LPath
C89P,0.6208,LPath
C89Q,0.8962,LPath
C89R,0.8949,LPath
C89S,0.3561,Amb
C89T,0.3913,Amb
C89V,0.2245,LBen
C89W,0.909,LPath
C89Y,0.7506,LPath
P90A,0.3363,LBen
P90C,0.7405,LPath
P90D,0.9769,LPath
P90E,0.912,LPath
P90F,0.898,LPath
P90G,0.8186,LPath
P90H,0.7239,LPath
P90I,0.6882,LPath
P90K,0.8778,LPath
P90L,0.4788,Amb
P90M,0.7701,LPath
P90N,0.9105,LPath
P90Q,0.6746,LPath
P90R,0.7319,LPath
P90S,0.6167,LPath
P90T,0.5793,LPath
P90V,0.4795,Amb
P90W,0.9686,LPath
P90Y,0.9133,LPath
K91A,0.4606,Amb
K91C,0.5889,LPath
K91D,0.7606,LPath
K91E,0.5558,Amb
K91F,0.817,LPath
K91G,0.538,Amb
K91H,0.2485,LBen
K91I,0.6292,LPath
K91L,0.4192,Amb
K91M,0.4447,Amb
K91N,0.4532,Amb
K91P,0.4665,Amb
K91Q,0.1832,LBen
K91R,0.0681,LBen
K91S,0.4965,Amb
K91T,0.4205,Amb
K91V,0.5067,Amb
K91W,0.7992,LPath
K91Y,0.6293,LPath
P92A,0.4958,Amb
P92C,0.9279,LPath
P92D,0.9968,LPath
P92E,0.9929,LPath
P92F,0.9955,LPath
P92G,0.922,LPath
P92H,0.9905,LPath
P92I,0.9471,LPath
P92K,0.9976,LPath
P92L,0.9034,LPath
P92M,0.9675,LPath
P92N,0.9922,LPath
P92Q,0.9855,LPath
P92R,0.993,LPath
P92S,0.9189,LPath
P92T,0.888,LPath
P92V,0.835,LPath
P92W,0.9989,LPath
P92Y,0.9959,LPath
V93A,0.3721,Amb
V93C,0.572,LPath
V93D,0.9585,LPath
V93E,0.9358,LPath
V93F,0.5125,Amb
V93G,0.5441,Amb
V93H,0.9339,LPath
V93I,0.0728,LBen
V93K,0.9651,LPath
V93L,0.1925,LBen
V93M,0.2212,LBen
V93N,0.6657,LPath
V93P,0.8747,LPath
V93Q,0.8618,LPath
V93R,0.9459,LPath
V93S,0.4312,Amb
V93T,0.3032,LBen
V93W,0.9769,LPath
V93Y,0.888,LPath
L94A,0.192,LBen
L94C,0.3741,Amb
L94D,0.8352,LPath
L94E,0.483,Amb
L94F,0.1394,LBen
L94G,0.404,Amb
L94H,0.349,Amb
L94I,0.0834,LBen
L94K,0.3673,Amb
L94M,0.0672,LBen
L94N,0.3686,Amb
L94P,0.4612,Amb
L94Q,0.1535,LBen
L94R,0.3317,LBen
L94S,0.271,LBen
L94T,0.125,LBen
L94V,0.0739,LBen
L94W,0.4234,Amb
L94Y,0.426,Amb
N95A,0.1642,LBen
N95C,0.1894,LBen
N95D,0.2087,LBen
N95E,0.3993,Amb
N95F,0.5515,Amb
N95G,0.1734,LBen
N95H,0.0676,LBen
N95I,0.5593,Amb
N95K,0.2566,LBen
N95L,0.3071,LBen
N95M,0.4018,Amb
N95P,0.8431,LPath
N95Q,0.1622,LBen
N95R,0.2528,LBen
N95S,0.0654,LBen
N95T,0.1242,LBen
N95V,0.4055,Amb
N95W,0.7934,LPath
N95Y,0.2327,LBen
F96A,0.9962,LPath
F96C,0.9913,LPath
F96D,0.9991,LPath
F96E,0.9996,LPath
F96G,0.9975,LPath
F96H,0.9926,LPath
F96I,0.9624,LPath
F96K,0.9993,LPath
F96L,0.9972,LPath
F96M,0.9837,LPath
F96N,0.9976,LPath
F96P,0.9993,LPath
F96Q,0.9986,LPath
F96R,0.998,LPath
F96S,0.9968,LPath
F96T,0.9967,LPath
F96V,0.9713,LPath
F96W,0.9146,LPath
F96Y,0.8503,LPath
Y97A,0.169,LBen
Y97C,0.0812,LBen
Y97D,0.2459,LBen
Y97E,0.3859,Amb
Y97F,0.0711,LBen
Y97G,0.1707,LBen
Y97H,0.0682,LBen
Y97I,0.3277,LBen
Y97K,0.4018,Amb
Y97L,0.296,LBen
Y97M,0.3459,Amb
Y97N,0.0966,LBen
Y97P,0.3384,LBen
Y97Q,0.1577,LBen
Y97R,0.2316,LBen
Y97S,0.0748,LBen
Y97T,0.1485,LBen
Y97V,0.2261,LBen
Y97W,0.2646,LBen
E98A,0.8806,LPath
E98C,0.9736,LPath
E98D,0.6256,LPath
E98F,0.9946,LPath
E98G,0.8879,LPath
E98H,0.9303,LPath
E98I,0.9836,LPath
E98K,0.9661,LPath
E98L,0.974,LPath
E98M,0.9706,LPath
E98N,0.9356,LPath
E98P,0.9973,LPath
E98Q,0.6339,LPath
E98R,0.9733,LPath
E98S,0.8967,LPath
E98T,0.9564,LPath
E98V,0.9574,LPath
E98W,0.998,LPath
E98Y,0.9884,LPath
A99C,0.374,Amb
A99D,0.9859,LPath
A99E,0.9845,LPath
A99F,0.8627,LPath
A99G,0.1582,LBen
A99H,0.9795,LPath
A99I,0.6122,LPath
A99K,0.9958,LPath
A99L,0.5764,LPath
A99M,0.6033,LPath
A99N,0.9016,LPath
A99P,0.9733,LPath
A99Q,0.9601,LPath
A99R,0.9894,LPath
A99S,0.1688,LBen
A99T,0.271,LBen
A99V,0.3345,LBen
A99W,0.9868,LPath
A99Y,0.9529,LPath
N100A,0.1117,LBen
N100C,0.0914,LBen
N100D,0.2435,LBen
N100E,0.5208,Amb
N100F,0.4785,Amb
N100G,0.1131,LBen
N100H,0.1079,LBen
N100I,0.3161,LBen
N100K,0.4377,Amb
N100L,0.2327,LBen
N100M,0.3032,LBen
N100P,0.4101,Amb
N100Q,0.243,LBen
N100R,0.383,Amb
N100S,0.0522,LBen
N100T,0.116,LBen
N100V,0.2093,LBen
N100W,0.7764,LPath
N100Y,0.2064,LBen
F101A,0.9937,LPath
F101C,0.9687,LPath
F101D,0.9995,LPath
F101E,0.9995,LPath
F101G,0.997,LPath
F101H,0.9952,LPath
F101I,0.7972,LPath
F101K,0.9995,LPath
F101L,0.9397,LPath
F101M,0.865,LPath
F101N,0.9979,LPath
F101P,0.9996,LPath
F101Q,0.9984,LPath
F101R,0.9988,LPath
F101S,0.9958,LPath
F101T,0.9958,LPath
F101V,0.8713,LPath
F101W,0.9025,LPath
F101Y,0.7064,LPath
P102A,0.8187,LPath
P102C,0.9822,LPath
P102D,0.9855,LPath
P102E,0.9835,LPath
P102F,0.9963,LPath
P102G,0.9397,LPath
P102H,0.9338,LPath
P102I,0.9932,LPath
P102K,0.9899,LPath
P102L,0.9476,LPath
P102M,0.9868,LPath
P102N,0.9738,LPath
P102Q,0.9421,LPath
P102R,0.9737,LPath
P102S,0.8261,LPath
P102T,0.8925,LPath
P102V,0.9773,LPath
P102W,0.9967,LPath
P102Y,0.9934,LPath
A103C,0.3814,Amb
A103D,0.3785,Amb
A103E,0.3538,Amb
A103F,0.4392,Amb
A103G,0.102,LBen
A103H,0.384,Amb
A103I,0.2331,LBen
A103K,0.5228,Amb
A103L,0.1532,LBen
A103M,0.2064,LBen
A103N,0.1401,LBen
A103P,0.1094,LBen
A103Q,0.2093,LBen
A103R,0.5322,Amb
A103S,0.0686,LBen
A103T,0.0807,LBen
A103V,0.1202,LBen
A103W,0.793,LPath
A103Y,0.5007,Amb
N104A,0.1421,LBen
N104C,0.1806,LBen
N104D,0.3725,Amb
N104E,0.6499,LPath
N104F,0.3902,Amb
N104G,0.1823,LBen
N104H,0.1217,LBen
N104I,0.272,LBen
N104K,0.7308,LPath
N104L,0.2739,LBen
N104M,0.3477,Amb
N104P,0.2897,LBen
N104Q,0.4062,Amb
N104R,0.6796,LPath
N104S,0.0704,LBen
N104T,0.1216,LBen
N104V,0.185,LBen
N104W,0.7235,LPath
N104Y,0.1379,LBen
V105A,0.8023,LPath
V105C,0.8238,LPath
V105D,0.9956,LPath
V105E,0.9881,LPath
V105F,0.8915,LPath
V105G,0.9134,LPath
V105H,0.9948,LPath
V105I,0.1137,LBen
V105K,0.9933,LPath
V105L,0.4043,Amb
V105M,0.6204,LPath
V105N,0.9784,LPath
V105P,0.9886,LPath
V105Q,0.9815,LPath
V105R,0.99,LPath
V105S,0.9344,LPath
V105T,0.7717,LPath
V105W,0.9973,LPath
V105Y,0.9864,LPath
M106A,0.7164,LPath
M106C,0.7859,LPath
M106D,0.9714,LPath
M106E,0.8761,LPath
M106F,0.6572,LPath
M106G,0.8364,LPath
M106H,0.825,LPath
M106I,0.6503,LPath
M106K,0.6654,LPath
M106L,0.1693,LBen
M106N,0.67,LPath
M106P,0.9892,LPath
M106Q,0.5183,Amb
M106R,0.6652,LPath
M106S,0.685,LPath
M106T,0.5018,Amb
M106V,0.2168,LBen
M106W,0.8898,LPath
M106Y,0.8732,LPath
D107A,0.3478,Amb
D107C,0.9214,LPath
D107E,0.0937,LBen
D107F,0.9432,LPath
D107G,0.3861,Amb
D107H,0.6881,LPath
D107I,0.8772,LPath
D107K,0.7472,LPath
D107L,0.7946,LPath
D107M,0.8634,LPath
D107N,0.2687,LBen
D107P,0.9661,LPath
D107Q,0.48,Amb
D107R,0.7846,LPath
D107S,0.3047,LBen
D107T,0.465,Amb
D107V,0.6912,LPath
D107W,0.9827,LPath
D107Y,0.7751,LPath
V108A,0.4334,Amb
V108C,0.6926,LPath
V108D,0.954,LPath
V108E,0.8174,LPath
V108F,0.568,LPath
V108G,0.6029,LPath
V108H,0.9295,LPath
V108I,0.0956,LBen
V108K,0.9339,LPath
V108L,0.5747,LPath
V108M,0.3276,LBen
V108N,0.6918,LPath
V108P,0.9852,LPath
V108Q,0.7471,LPath
V108R,0.9123,LPath
V108S,0.5476,Amb
V108T,0.3326,LBen
V108W,0.9836,LPath
V108Y,0.8975,LPath
I109A,0.8767,LPath
I109C,0.9471,LPath
I109D,0.9996,LPath
I109E,0.9974,LPath
I109F,0.6534,LPath
I109G,0.9939,LPath
I109H,0.9965,LPath
I109K,0.9962,LPath
I109L,0.1575,LBen
I109M,0.2785,LBen
I109N,0.9948,LPath
I109P,0.9952,LPath
I109Q,0.9928,LPath
I109R,0.9924,LPath
I109S,0.9811,LPath
I109T,0.8916,LPath
I109V,0.1227,LBen
I109W,0.991,LPath
I109Y,0.9861,LPath
A110C,0.2085,LBen
A110D,0.4947,Amb
A110E,0.2763,LBen
A110F,0.2439,LBen
A110G,0.0887,LBen
A110H,0.2133,LBen
A110I,0.1553,LBen
A110K,0.3029,LBen
A110L,0.1025,LBen
A110M,0.1213,LBen
A110N,0.1424,LBen
A110P,0.8899,LPath
A110Q,0.1046,LBen
A110R,0.2797,LBen
A110S,0.0657,LBen
A110T,0.0679,LBen
A110V,0.0972,LBen
A110W,0.5994,LPath
A110Y,0.2867,LBen
R111A,0.5287,Amb
R111C,0.4078,Amb
R111D,0.7782,LPath
R111E,0.5411,Amb
R111F,0.8601,LPath
R111G,0.4206,Amb
R111H,0.1717,LBen
R111I,0.7341,LPath
R111K,0.1028,LBen
R111L,0.5479,Amb
R111M,0.6319,LPath
R111N,0.6627,LPath
R111P,0.9713,LPath
R111Q,0.1305,LBen
R111S,0.5645,LPath
R111T,0.5079,Amb
R111V,0.6922,LPath
R111W,0.6269,LPath
R111Y,0.7007,LPath
Q112A,0.2828,LBen
Q112C,0.754,LPath
Q112D,0.861,LPath
Q112E,0.3355,LBen
Q112F,0.929,LPath
Q112G,0.3741,Amb
Q112H,0.6594,LPath
Q112I,0.8505,LPath
Q112K,0.6825,LPath
Q112L,0.2945,LBen
Q112M,0.4405,Amb
Q112N,0.3354,LBen
Q112P,0.9853,LPath
Q112R,0.7011,LPath
Q112S,0.2565,LBen
Q112T,0.4536,Amb
Q112V,0.6683,LPath
Q112W,0.9661,LPath
Q112Y,0.894,LPath
N113A,0.2498,LBen
N113C,0.2735,LBen
N113D,0.2647,LBen
N113E,0.5396,Amb
N113F,0.7876,LPath
N113G,0.1525,LBen
N113H,0.1274,LBen
N113I,0.6959,LPath
N113K,0.4267,Amb
N113L,0.5361,Amb
N113M,0.5474,Amb
N113P,0.8665,LPath
N113Q,0.2519,LBen
N113R,0.4611,Amb
N113S,0.1016,LBen
N113T,0.2707,LBen
N113V,0.5577,Amb
N113W,0.903,LPath
N113Y,0.3521,Amb
F114A,0.9979,LPath
F114C,0.9915,LPath
F114D,0.9985,LPath
F114E,0.9994,LPath
F114G,0.9971,LPath
F114H,0.9774,LPath
F114I,0.9782,LPath
F114K,0.999,LPath
F114L,0.9977,LPath
F114M,0.9852,LPath
F114N,0.9956,LPath
F114P,0.9998,LPath
F114Q,0.9979,LPath
F114R,0.9974,LPath
F114S,0.9966,LPath
F114T,0.9982,LPath
F114V,0.9842,LPath
F114W,0.3823,Amb
F114Y,0.2901,LBen
T115A,0.0674,LBen
T115C,0.2641,LBen
T115D,0.4881,Amb
T115E,0.3226,LBen
T115F,0.3648,Amb
T115G,0.1248,LBen
T115H,0.2204,LBen
T115I,0.1915,LBen
T115K,0.1757,LBen
T115L,0.0966,LBen
T115M,0.1134,LBen
T115N,0.1186,LBen
T115P,0.1224,LBen
T115Q,0.1377,LBen
T115R,0.1978,LBen
T115S,0.0777,LBen
T115V,0.1125,LBen
T115W,0.7149,LPath
T115Y,0.4213,Amb
E116A,0.2103,LBen
E116C,0.8081,LPath
E116D,0.1177,LBen
E116F,0.8006,LPath
E116G,0.399,Amb
E116H,0.5934,LPath
E116I,0.5459,Amb
E116K,0.5497,Amb
E116L,0.5815,LPath
E116M,0.584,LPath
E116N,0.3244,LBen
E116P,0.9828,LPath
E116Q,0.2167,LBen
E116R,0.6492,LPath
E116S,0.2061,LBen
E116T,0.2702,LBen
E116V,0.3478,Amb
E116W,0.9526,LPath
E116Y,0.7175,LPath
P117A,0.9127,LPath
P117C,0.992,LPath
P117D,0.9997,LPath
P117E,0.9992,LPath
P117F,0.9996,LPath
P117G,0.9933,LPath
P117H,0.999,LPath
P117I,0.9922,LPath
P117K,0.999,LPath
P117L,0.9613,LPath
P117M,0.9935,LPath
P117N,0.9994,LPath
P117Q,0.9983,LPath
P117R,0.9974,LPath
P117S,0.9956,LPath
P117T,0.9908,LPath
P117V,0.9768,LPath
P117W,0.9999,LPath
P117Y,0.9996,LPath
T118A,0.8547,LPath
T118C,0.9662,LPath
T118D,0.9932,LPath
T118E,0.9951,LPath
T118F,0.9898,LPath
T118G,0.9034,LPath
T118H,0.968,LPath
T118I,0.9964,LPath
T118K,0.9864,LPath
T118L,0.9086,LPath
T118M,0.8962,LPath
T118N,0.917,LPath
T118P,0.9506,LPath
T118Q,0.9776,LPath
T118R,0.9835,LPath
T118S,0.5335,Amb
T118V,0.9688,LPath
T118W,0.997,LPath
T118Y,0.9892,LPath
A119C,0.5087,Amb
A119D,0.9256,LPath
A119E,0.9014,LPath
A119F,0.8267,LPath
A119G,0.2194,LBen
A119H,0.8502,LPath
A119I,0.657,LPath
A119K,0.9619,LPath
A119L,0.5473,Amb
A119M,0.6283,LPath
A119N,0.6892,LPath
A119P,0.0807,LBen
A119Q,0.7656,LPath
A119R,0.9345,LPath
A119S,0.1229,LBen
A119T,0.3176,LBen
A119V,0.3752,Amb
A119W,0.9678,LPath
A119Y,0.9085,LPath
I120A,0.994,LPath
I120C,0.9977,LPath
I120D,1.0,LPath
I120E,0.9997,LPath
I120F,0.9933,LPath
I120G,0.9996,LPath
I120H,0.9999,LPath
I120K,0.9998,LPath
I120L,0.9119,LPath
I120M,0.9514,LPath
I120N,0.9993,LPath
I120P,0.9978,LPath
I120Q,0.9997,LPath
I120R,0.9994,LPath
I120S,0.9973,LPath
I120T,0.9967,LPath
I120V,0.4891,Amb
I120W,0.9998,LPath
I120Y,0.9994,LPath
Q121A,0.9107,LPath
Q121C,0.9985,LPath
Q121D,0.9998,LPath
Q121E,0.938,LPath
Q121F,0.9991,LPath
Q121G,0.9711,LPath
Q121H,0.9992,LPath
Q121I,0.9934,LPath
Q121K,0.9972,LPath
Q121L,0.9793,LPath
Q121M,0.9491,LPath
Q121N,0.9972,LPath
Q121P,0.9976,LPath
Q121R,0.9972,LPath
Q121S,0.955,LPath
Q121T,0.9766,LPath
Q121V,0.9876,LPath
Q121W,0.9998,LPath
Q121Y,0.9998,LPath
A122C,0.5859,LPath
A122D,0.9956,LPath
A122E,0.9855,LPath
A122F,0.9803,LPath
A122G,0.118,LBen
A122H,0.9839,LPath
A122I,0.9733,LPath
A122K,0.9954,LPath
A122L,0.8982,LPath
A122M,0.8923,LPath
A122N,0.9606,LPath
A122P,0.9991,LPath
A122Q,0.925,LPath
A122R,0.986,LPath
A122S,0.1065,LBen
A122T,0.717,LPath
A122V,0.8631,LPath
A122W,0.9976,LPath
A122Y,0.9885,LPath
Q123A,0.5548,Amb
Q123C,0.9288,LPath
Q123D,0.9957,LPath
Q123E,0.5708,LPath
Q123F,0.98,LPath
Q123G,0.9059,LPath
Q123H,0.9761,LPath
Q123I,0.6924,LPath
Q123K,0.9757,LPath
Q123L,0.7083,LPath
Q123M,0.501,Amb
Q123N,0.9101,LPath
Q123P,0.9872,LPath
Q123R,0.9767,LPath
Q123S,0.64,LPath
Q123T,0.6111,LPath
Q123V,0.4789,Amb
Q123W,0.9952,LPath
Q123Y,0.9938,LPath
G124A,0.6849,LPath
G124C,0.9636,LPath
G124D,0.9992,LPath
G124E,0.9994,LPath
G124F,0.9988,LPath
G124H,0.9997,LPath
G124I,0.9933,LPath
G124K,0.9999,LPath
G124L,0.9925,LPath
G124M,0.9959,LPath
G124N,0.998,LPath
G124P,0.9999,LPath
G124Q,0.9991,LPath
G124R,0.9996,LPath
G124S,0.7998,LPath
G124T,0.9638,LPath
G124V,0.9803,LPath
G124W,0.9995,LPath
G124Y,0.9994,LPath
W125A,0.9928,LPath
W125C,0.9921,LPath
W125D,0.9999,LPath
W125E,0.9998,LPath
W125F,0.2686,LBen
W125G,0.9843,LPath
W125H,0.9975,LPath
W125I,0.9479,LPath
W125K,0.9999,LPath
W125L,0.8862,LPath
W125M,0.9516,LPath
W125N,0.9994,LPath
W125P,0.9998,LPath
W125Q,0.9997,LPath
W125R,0.9998,LPath
W125S,0.9925,LPath
W125T,0.9944,LPath
W125V,0.9707,LPath
W125Y,0.8956,LPath
P126A,0.6589,LPath
P126C,0.9448,LPath
P126D,0.9973,LPath
P126E,0.9954,LPath
P126F,0.9987,LPath
P126G,0.9014,LPath
P126H,0.9878,LPath
P126I,0.9908,LPath
P126K,0.9971,LPath
P126L,0.9638,LPath
P126M,0.9867,LPath
P126N,0.9896,LPath
P126Q,0.984,LPath
P126R,0.9915,LPath
P126S,0.7853,LPath
P126T,0.8733,LPath
P126V,0.9452,LPath
P126W,0.9994,LPath
P126Y,0.9982,LPath
V127A,0.4624,Amb
V127C,0.8057,LPath
V127D,0.9953,LPath
V127E,0.9871,LPath
V127F,0.8324,LPath
V127G,0.8047,LPath
V127H,0.994,LPath
V127I,0.1008,LBen
V127K,0.991,LPath
V127L,0.3026,LBen
V127M,0.4864,Amb
V127N,0.9634,LPath
V127P,0.9189,LPath
V127Q,0.9743,LPath
V127R,0.9818,LPath
V127S,0.822,LPath
V127T,0.6249,LPath
V127W,0.9965,LPath
V127Y,0.9838,LPath
A128C,0.7054,LPath
A128D,0.9994,LPath
A128E,0.9982,LPath
A128F,0.9885,LPath
A128G,0.5902,LPath
A128H,0.998,LPath
A128I,0.8186,LPath
A128K,0.9995,LPath
A128L,0.7851,LPath
A128M,0.9158,LPath
A128N,0.9919,LPath
A128P,0.9929,LPath
A128Q,0.9907,LPath
A128R,0.9971,LPath
A128S,0.3785,Amb
A128T,0.7782,LPath
A128V,0.5206,Amb
A128W,0.9994,LPath
A128Y,0.9972,LPath
L129A,0.935,LPath
L129C,0.9195,LPath
L129D,0.9995,LPath
L129E,0.9956,LPath
L129F,0.875,LPath
L129G,0.9818,LPath
L129H,0.9917,LPath
L129I,0.7177,LPath
L129K,0.9941,LPath
L129M,0.2432,LBen
L129N,0.9892,LPath
L129P,0.9994,LPath
L129Q,0.9659,LPath
L129R,0.9895,LPath
L129S,0.9753,LPath
L129T,0.9575,LPath
L129V,0.6651,LPath
L129W,0.9901,LPath
L129Y,0.9872,LPath
S130A,0.1498,LBen
S130C,0.1886,LBen
S130D,0.9388,LPath
S130E,0.9132,LPath
S130F,0.9145,LPath
S130G,0.1077,LBen
S130H,0.8508,LPath
S130I,0.8335,LPath
S130K,0.8752,LPath
S130L,0.3535,Amb
S130M,0.4101,Amb
S130N,0.5864,LPath
S130P,0.997,LPath
S130Q,0.6634,LPath
S130R,0.8651,LPath
S130T,0.2512,LBen
S130V,0.7452,LPath
S130W,0.9507,LPath
S130Y,0.874,LPath
G131A,0.9791,LPath
G131C,0.9924,LPath
G131D,0.9992,LPath
G131E,0.9994,LPath
G131F,0.9997,LPath
G131H,0.9996,LPath
G131I,0.9998,LPath
G131K,0.9995,LPath
G131L,0.9993,LPath
G131M,0.9997,LPath
G131N,0.9986,LPath
G131P,0.9997,LPath
G131Q,0.999,LPath
G131R,0.9982,LPath
G131S,0.9746,LPath
G131T,0.998,LPath
G131V,0.9992,LPath
G131W,0.9996,LPath
G131Y,0.9996,LPath
L132A,0.158,LBen
L132C,0.2748,LBen
L132D,0.738,LPath
L132E,0.3299,LBen
L132F,0.1078,LBen
L132G,0.4591,Amb
L132H,0.1006,LBen
L132I,0.1402,LBen
L132K,0.1027,LBen
L132M,0.0709,LBen
L132N,0.2746,LBen
L132P,0.9698,LPath
L132Q,0.0548,LBen
L132R,0.0741,LBen
L132S,0.1941,LBen
L132T,0.18,LBen
L132V,0.1012,LBen
L132W,0.203,LBen
L132Y,0.1914,LBen
D133A,0.993,LPath
D133C,0.9982,LPath
D133E,0.9914,LPath
D133F,0.9997,LPath
D133G,0.9845,LPath
D133H,0.9959,LPath
D133I,0.9995,LPath
D133K,0.9991,LPath
D133L,0.9985,LPath
D133M,0.9998,LPath
D133N,0.7025,LPath
D133P,0.9974,LPath
D133Q,0.9977,LPath
D133R,0.9984,LPath
D133S,0.9488,LPath
D133T,0.995,LPath
D133V,0.998,LPath
D133W,0.9999,LPath
D133Y,0.9959,LPath
M134A,0.919,LPath
M134C,0.7452,LPath
M134D,0.9994,LPath
M134E,0.9964,LPath
M134F,0.7533,LPath
M134G,0.9829,LPath
M134H,0.9939,LPath
M134I,0.8083,LPath
M134K,0.9902,LPath
M134L,0.2256,LBen
M134N,0.9913,LPath
M134P,0.9997,LPath
M134Q,0.9768,LPath
M134R,0.9918,LPath
M134S,0.9726,LPath
M134T,0.8829,LPath
M134V,0.1972,LBen
M134W,0.9944,LPath
M134Y,0.9859,LPath
V135A,0.9631,LPath
V135C,0.9911,LPath
V135D,0.9993,LPath
V135E,0.9984,LPath
V135F,0.9951,LPath
V135G,0.9693,LPath
V135H,0.9997,LPath
V135I,0.4163,Amb
V135K,0.9988,LPath
V135L,0.9837,LPath
V135M,0.9877,LPath
V135N,0.9983,LPath
V135P,0.9983,LPath
V135Q,0.9982,LPath
V135R,0.9956,LPath
V135S,0.987,LPath
V135T,0.9345,LPath
V135W,0.9998,LPath
V135Y,0.9992,LPath
G136A,0.6824,LPath
G136C,0.9805,LPath
G136D,0.9996,LPath
G136E,0.9997,LPath
G136F,0.9994,LPath
G136H,0.9999,LPath
G136I,0.9979,LPath
G136K,0.9999,LPath
G136L,0.9964,LPath
G136M,0.9986,LPath
G136N,0.9994,LPath
G136P,0.9999,LPath
G136Q,0.9995,LPath
G136R,0.9993,LPath
G136S,0.9594,LPath
G136T,0.9933,LPath
G136V,0.9933,LPath
G136W,0.9997,LPath
G136Y,0.9997,LPath
V137A,0.9826,LPath
V137C,0.9777,LPath
V137D,0.9989,LPath
V137E,0.9957,LPath
V137F,0.9764,LPath
V137G,0.9733,LPath
V137H,0.9989,LPath
V137I,0.105,LBen
V137K,0.9951,LPath
V137L,0.8611,LPath
V137M,0.9131,LPath
V137N,0.9929,LPath
V137P,0.9983,LPath
V137Q,0.995,LPath
V137R,0.9911,LPath
V137S,0.9845,LPath
V137T,0.9482,LPath
V137W,0.9994,LPath
V137Y,0.9972,LPath
A138C,0.9832,LPath
A138D,0.9997,LPath
A138E,0.9994,LPath
A138F,0.9986,LPath
A138G,0.8477,LPath
A138H,0.9992,LPath
A138I,0.9998,LPath
A138K,0.9998,LPath
A138L,0.9933,LPath
A138M,0.9984,LPath
A138N,0.9992,LPath
A138P,0.9996,LPath
A138Q,0.9964,LPath
A138R,0.9976,LPath
A138S,0.5717,LPath
A138T,0.9965,LPath
A138V,0.999,LPath
A138W,0.9998,LPath
A138Y,0.9994,LPath
Q139A,0.4541,Amb
Q139C,0.9316,LPath
Q139D,0.9847,LPath
Q139E,0.5896,LPath
Q139F,0.9866,LPath
Q139G,0.809,LPath
Q139H,0.9285,LPath
Q139I,0.9718,LPath
Q139K,0.5897,LPath
Q139L,0.7225,LPath
Q139M,0.4856,Amb
Q139N,0.9146,LPath
Q139P,0.9603,LPath
Q139R,0.6566,LPath
Q139S,0.463,Amb
Q139T,0.7779,LPath
Q139V,0.8574,LPath
Q139W,0.9929,LPath
Q139Y,0.9836,LPath
T140A,0.9988,LPath
T140C,0.9999,LPath
T140D,0.9996,LPath
T140E,0.9985,LPath
T140F,0.9995,LPath
T140G,0.9975,LPath
T140H,0.9993,LPath
T140I,0.9997,LPath
T140K,0.9988,LPath
T140L,0.9991,LPath
T140M,0.9991,LPath
T140N,0.9988,LPath
T140P,0.996,LPath
T140Q,0.9995,LPath
T140R,0.9986,LPath
T140S,0.9983,LPath
T140V,0.998,LPath
T140W,0.9997,LPath
T140Y,0.9996,LPath
G141A,0.9989,LPath
G141C,0.9998,LPath
G141D,0.9999,LPath
G141E,1.0,LPath
G141F,0.9999,LPath
G141H,1.0,LPath
G141I,0.9999,LPath
G141K,1.0,LPath
G141L,0.9998,LPath
G141M,1.0,LPath
G141N,0.9999,LPath
G141P,0.9999,LPath
G141Q,0.9999,LPath
G141R,0.9998,LPath
G141S,0.9981,LPath
G141T,0.9996,LPath
G141V,0.9997,LPath
G141W,1.0,LPath
G141Y,1.0,LPath
S142A,0.9095,LPath
S142C,0.9237,LPath
S142D,0.9988,LPath
S142E,0.9983,LPath
S142F,0.998,LPath
S142G,0.9468,LPath
S142H,0.9944,LPath
S142I,0.9975,LPath
S142K,0.9996,LPath
S142L,0.9952,LPath
S142M,0.9915,LPath
S142N,0.9931,LPath
S142P,0.9996,LPath
S142Q,0.9964,LPath
S142R,0.9993,LPath
S142T,0.8542,LPath
S142V,0.9944,LPath
S142W,0.9945,LPath
S142Y,0.9971,LPath
G143A,0.9992,LPath
G143C,0.9996,LPath
G143D,0.9999,LPath
G143E,1.0,LPath
G143F,0.9999,LPath
G143H,1.0,LPath
G143I,1.0,LPath
G143K,1.0,LPath
G143L,0.9998,LPath
G143M,0.9999,LPath
G143N,0.9999,LPath
G143P,1.0,LPath
G143Q,0.9999,LPath
G143R,0.9998,LPath
G143S,0.9985,LPath
G143T,0.9997,LPath
G143V,0.9999,LPath
G143W,0.9999,LPath
G143Y,1.0,LPath
K144A,0.9998,LPath
K144C,1.0,LPath
K144D,0.9996,LPath
K144E,0.999,LPath
K144F,0.9999,LPath
K144G,0.9997,LPath
K144H,0.9995,LPath
K144I,0.9997,LPath
K144L,0.9998,LPath
K144M,0.9993,LPath
K144N,0.9995,LPath
K144P,0.9998,LPath
K144Q,0.9996,LPath
K144R,0.9676,LPath
K144S,0.9999,LPath
K144T,0.9986,LPath
K144V,0.9997,LPath
K144W,1.0,LPath
K144Y,0.9998,LPath
T145A,0.9988,LPath
T145C,0.9996,LPath
T145D,0.9994,LPath
T145E,0.9992,LPath
T145F,0.9996,LPath
T145G,0.9975,LPath
T145H,0.9987,LPath
T145I,0.9993,LPath
T145K,0.9986,LPath
T145L,0.9984,LPath
T145M,0.9985,LPath
T145N,0.9985,LPath
T145P,0.9965,LPath
T145Q,0.9991,LPath
T145R,0.9982,LPath
T145S,0.9922,LPath
T145V,0.9977,LPath
T145W,0.9998,LPath
T145Y,0.9994,LPath
L146A,0.8327,LPath
L146C,0.9226,LPath
L146D,0.9997,LPath
L146E,0.9979,LPath
L146F,0.9567,LPath
L146G,0.9873,LPath
L146H,0.9964,LPath
L146I,0.3533,Amb
L146K,0.9958,LPath
L146M,0.6083,LPath
L146N,0.9941,LPath
L146P,0.9983,LPath
L146Q,0.989,LPath
L146R,0.9905,LPath
L146S,0.9824,LPath
L146T,0.959,LPath
L146V,0.5167,Amb
L146W,0.9941,LPath
L146Y,0.9923,LPath
S147A,0.0854,LBen
S147C,0.3856,Amb
S147D,0.9983,LPath
S147E,0.9987,LPath
S147F,0.9954,LPath
S147G,0.1839,LBen
S147H,0.9968,LPath
S147I,0.9949,LPath
S147K,0.9998,LPath
S147L,0.9508,LPath
S147M,0.9754,LPath
S147N,0.9822,LPath
S147P,0.9968,LPath
S147Q,0.9937,LPath
S147R,0.9993,LPath
S147T,0.7022,LPath
S147V,0.9731,LPath
S147W,0.9989,LPath
S147Y,0.9968,LPath
Y148A,0.9977,LPath
Y148C,0.9729,LPath
Y148D,0.9985,LPath
Y148E,0.9998,LPath
Y148F,0.1647,LBen
Y148G,0.9911,LPath
Y148H,0.9975,LPath
Y148I,0.9938,LPath
Y148K,0.9998,LPath
Y148L,0.9783,LPath
Y148M,0.9938,LPath
Y148N,0.9956,LPath
Y148P,0.9991,LPath
Y148Q,0.9997,LPath
Y148R,0.9992,LPath
Y148S,0.9897,LPath
Y148T,0.9971,LPath
Y148V,0.9818,LPath
Y148W,0.9337,LPath
L149A,0.9169,LPath
L149C,0.8821,LPath
L149D,0.9995,LPath
L149E,0.9965,LPath
L149F,0.9206,LPath
L149G,0.9859,LPath
L149H,0.995,LPath
L149I,0.1955,LBen
L149K,0.9974,LPath
L149M,0.2851,LBen
L149N,0.9906,LPath
L149P,0.9992,LPath
L149Q,0.9844,LPath
L149R,0.9967,LPath
L149S,0.9717,LPath
L149T,0.7896,LPath
L149V,0.255,LBen
L149W,0.9959,LPath
L149Y,0.9951,LPath
L150A,0.9605,LPath
L150C,0.9593,LPath
L150D,0.9999,LPath
L150E,0.9993,LPath
L150F,0.8921,LPath
L150G,0.9934,LPath
L150H,0.9976,LPath
L150I,0.5094,Amb
L150K,0.9988,LPath
L150M,0.5229,Amb
L150N,0.9984,LPath
L150P,0.9969,LPath
L150Q,0.9951,LPath
L150R,0.9983,LPath
L150S,0.9955,LPath
L150T,0.9813,LPath
L150V,0.6076,LPath
L150W,0.993,LPath
L150Y,0.9927,LPath
P151A,0.9688,LPath
P151C,0.9965,LPath
P151D,0.9995,LPath
P151E,0.9995,LPath
P151F,0.9998,LPath
P151G,0.9908,LPath
P151H,0.9991,LPath
P151I,0.999,LPath
P151K,0.9996,LPath
P151L,0.989,LPath
P151M,0.999,LPath
P151N,0.9994,LPath
P151Q,0.9989,LPath
P151R,0.9987,LPath
P151S,0.9941,LPath
P151T,0.9937,LPath
P151V,0.9938,LPath
P151W,0.9999,LPath
P151Y,0.9998,LPath
A152C,0.8443,LPath
A152D,0.999,LPath
A152E,0.9987,LPath
A152F,0.9972,LPath
A152G,0.1262,LBen
A152H,0.9989,LPath
A152I,0.9939,LPath
A152K,0.9998,LPath
A152L,0.962,LPath
A152M,0.9741,LPath
A152N,0.993,LPath
A152P,0.9974,LPath
A152Q,0.9939,LPath
A152R,0.9991,LPath
A152S,0.1845,LBen
A152T,0.8769,LPath
A152V,0.9599,LPath
A152W,0.9998,LPath
A152Y,0.9992,LPath
I153A,0.6939,LPath
I153C,0.8845,LPath
I153D,0.9991,LPath
I153E,0.9959,LPath
I153F,0.6146,LPath
I153G,0.9804,LPath
I153H,0.9939,LPath
I153K,0.9955,LPath
I153L,0.2207,LBen
I153M,0.1925,LBen
I153N,0.9819,LPath
I153P,0.9984,LPath
I153Q,0.9887,LPath
I153R,0.993,LPath
I153S,0.9065,LPath
I153T,0.6932,LPath
I153V,0.0874,LBen
I153W,0.9926,LPath
I153Y,0.9764,LPath
V154A,0.9056,LPath
V154C,0.8993,LPath
V154D,0.9975,LPath
V154E,0.9853,LPath
V154F,0.8628,LPath
V154G,0.9485,LPath
V154H,0.9918,LPath
V154I,0.0967,LBen
V154K,0.9884,LPath
V154L,0.6325,LPath
V154M,0.6263,LPath
V154N,0.9754,LPath
V154P,0.9924,LPath
V154Q,0.9639,LPath
V154R,0.9756,LPath
V154S,0.9382,LPath
V154T,0.7925,LPath
V154W,0.9948,LPath
V154Y,0.9828,LPath
H155A,0.9973,LPath
H155C,0.9626,LPath
H155D,0.999,LPath
H155E,0.999,LPath
H155F,0.9856,LPath
H155G,0.9981,LPath
H155I,0.9988,LPath
H155K,0.999,LPath
H155L,0.9761,LPath
H155M,0.9953,LPath
H155N,0.9935,LPath
H155P,0.9982,LPath
H155Q,0.9949,LPath
H155R,0.9974,LPath
H155S,0.9946,LPath
H155T,0.9991,LPath
H155V,0.9985,LPath
H155W,0.9809,LPath
H155Y,0.9836,LPath
I156A,0.8905,LPath
I156C,0.9318,LPath
I156D,0.9995,LPath
I156E,0.9979,LPath
I156F,0.9817,LPath
I156G,0.992,LPath
I156H,0.999,LPath
I156K,0.9979,LPath
I156L,0.6325,LPath
I156M,0.6537,LPath
I156N,0.9911,LPath
I156P,0.9989,LPath
I156Q,0.9966,LPath
I156R,0.9962,LPath
I156S,0.9482,LPath
I156T,0.8781,LPath
I156V,0.1839,LBen
I156W,0.9994,LPath
I156Y,0.9981,LPath
N157A,0.3133,LBen
N157C,0.2228,LBen
N157D,0.6133,LPath
N157E,0.7551,LPath
N157F,0.7621,LPath
N157G,0.2789,LBen
N157H,0.1946,LBen
N157I,0.4295,Amb
N157K,0.7476,LPath
N157L,0.3271,LBen
N157M,0.4071,Amb
N157P,0.9593,LPath
N157Q,0.3845,Amb
N157R,0.698,LPath
N157S,0.0736,LBen
N157T,0.1584,LBen
N157V,0.383,Amb
N157W,0.8936,LPath
N157Y,0.369,Amb
H158A,0.8257,LPath
H158C,0.5189,Amb
H158D,0.9305,LPath
H158E,0.9452,LPath
H158F,0.7927,LPath
H158G,0.8545,LPath
H158I,0.9784,LPath
H158K,0.8612,LPath
H158L,0.8289,LPath
H158M,0.9543,LPath
H158N,0.4316,Amb
H158P,0.9907,LPath
H158Q,0.7227,LPath
H158R,0.551,Amb
H158S,0.6643,LPath
H158T,0.9388,LPath
H158V,0.9514,LPath
H158W,0.8617,LPath
H158Y,0.4255,Amb
Q159A,0.9549,LPath
Q159C,0.9982,LPath
Q159D,0.9995,LPath
Q159E,0.9329,LPath
Q159F,0.9981,LPath
Q159G,0.9677,LPath
Q159H,0.9978,LPath
Q159I,0.9916,LPath
Q159K,0.9925,LPath
Q159L,0.9661,LPath
Q159M,0.9602,LPath
Q159N,0.9876,LPath
Q159P,0.9972,LPath
Q159R,0.9899,LPath
Q159S,0.9288,LPath
Q159T,0.9703,LPath
Q159V,0.9838,LPath
Q159W,0.9996,LPath
Q159Y,0.9993,LPath
P160A,0.2458,LBen
P160C,0.8648,LPath
P160D,0.8287,LPath
P160E,0.7474,LPath
P160F,0.9696,LPath
P160G,0.5994,LPath
P160H,0.6986,LPath
P160I,0.9043,LPath
P160K,0.816,LPath
P160L,0.666,LPath
P160M,0.8511,LPath
P160N,0.7273,LPath
P160Q,0.5217,Amb
P160R,0.6714,LPath
P160S,0.4096,Amb
P160T,0.5009,Amb
P160V,0.7395,LPath
P160W,0.9786,LPath
P160Y,0.9403,LPath
F161A,0.9042,LPath
F161C,0.7663,LPath
F161D,0.971,LPath
F161E,0.9722,LPath
F161G,0.9601,LPath
F161H,0.8235,LPath
F161I,0.7564,LPath
F161K,0.968,LPath
F161L,0.9527,LPath
F161M,0.8341,LPath
F161N,0.9128,LPath
F161P,0.9609,LPath
F161Q,0.9267,LPath
F161R,0.914,LPath
F161S,0.9018,LPath
F161T,0.9412,LPath
F161V,0.7044,LPath
F161W,0.7084,LPath
F161Y,0.2003,LBen
L162A,0.9415,LPath
L162C,0.9484,LPath
L162D,0.9996,LPath
L162E,0.9949,LPath
L162F,0.988,LPath
L162G,0.9891,LPath
L162H,0.9949,LPath
L162I,0.5737,LPath
L162K,0.9908,LPath
L162M,0.7519,LPath
L162N,0.9911,LPath
L162P,0.9718,LPath
L162Q,0.9831,LPath
L162R,0.9721,LPath
L162S,0.9883,LPath
L162T,0.9247,LPath
L162V,0.602,LPath
L162W,0.9958,LPath
L162Y,0.9969,LPath
E163A,0.4631,Amb
E163C,0.9225,LPath
E163D,0.2267,LBen
E163F,0.9635,LPath
E163G,0.5084,Amb
E163H,0.8022,LPath
E163I,0.8506,LPath
E163K,0.7375,LPath
E163L,0.7775,LPath
E163M,0.8328,LPath
E163N,0.5464,Amb
E163P,0.9625,LPath
E163Q,0.267,LBen
E163R,0.7388,LPath
E163S,0.407,Amb
E163T,0.6048,LPath
E163V,0.6581,LPath
E163W,0.9875,LPath
E163Y,0.9236,LPath
R164A,0.8789,LPath
R164C,0.7236,LPath
R164D,0.9445,LPath
R164E,0.8498,LPath
R164F,0.8815,LPath
R164G,0.8098,LPath
R164H,0.2065,LBen
R164I,0.9172,LPath
R164K,0.2379,LBen
R164L,0.8719,LPath
R164M,0.8779,LPath
R164N,0.8666,LPath
R164P,0.6547,LPath
R164Q,0.3703,Amb
R164S,0.9075,LPath
R164T,0.8898,LPath
R164V,0.896,LPath
R164W,0.6445,LPath
R164Y,0.671,LPath
G165A,0.656,LPath
G165C,0.713,LPath
G165D,0.8115,LPath
G165E,0.893,LPath
G165F,0.9379,LPath
G165H,0.8434,LPath
G165I,0.9721,LPath
G165K,0.9468,LPath
G165L,0.923,LPath
G165M,0.9049,LPath
G165N,0.4748,Amb
G165P,0.9895,LPath
G165Q,0.7884,LPath
G165R,0.9147,LPath
G165S,0.3715,Amb
G165T,0.7091,LPath
G165V,0.9365,LPath
G165W,0.9278,LPath
G165Y,0.875,LPath
D166A,0.9672,LPath
D166C,0.991,LPath
D166E,0.7072,LPath
D166F,0.9945,LPath
D166G,0.9773,LPath
D166H,0.9846,LPath
D166I,0.9967,LPath
D166K,0.993,LPath
D166L,0.9937,LPath
D166M,0.9949,LPath
D166N,0.9068,LPath
D166P,0.999,LPath
D166Q,0.9711,LPath
D166R,0.9934,LPath
D166S,0.9329,LPath
D166T,0.9873,LPath
D166V,0.9893,LPath
D166W,0.9986,LPath
D166Y,0.9745,LPath
G167A,0.9938,LPath
G167C,0.9984,LPath
G167D,0.9998,LPath
G167E,0.9998,LPath
G167F,0.9991,LPath
G167H,0.9999,LPath
G167I,0.9995,LPath
G167K,0.9999,LPath
G167L,0.9993,LPath
G167M,0.9998,LPath
G167N,0.9997,LPath
G167P,0.9996,LPath
G167Q,0.9998,LPath
G167R,0.9997,LPath
G167S,0.9931,LPath
G167T,0.9986,LPath
G167V,0.9991,LPath
G167W,0.9994,LPath
G167Y,0.9995,LPath
P168A,0.9724,LPath
P168C,0.9896,LPath
P168D,0.9998,LPath
P168E,0.9997,LPath
P168F,0.9998,LPath
P168G,0.9972,LPath
P168H,0.9996,LPath
P168I,0.9967,LPath
P168K,0.9998,LPath
P168L,0.9929,LPath
P168M,0.9984,LPath
P168N,0.9995,LPath
P168Q,0.9995,LPath
P168R,0.9993,LPath
P168S,0.9966,LPath
P168T,0.9961,LPath
P168V,0.9898,LPath
P168W,1.0,LPath
P168Y,0.9999,LPath
I169A,0.9645,LPath
I169C,0.966,LPath
I169D,0.9994,LPath
I169E,0.9982,LPath
I169F,0.9726,LPath
I169G,0.9967,LPath
I169H,0.9984,LPath
I169K,0.9976,LPath
I169L,0.6158,LPath
I169M,0.7716,LPath
I169N,0.9927,LPath
I169P,0.9969,LPath
I169Q,0.9968,LPath
I169R,0.9948,LPath
I169S,0.9779,LPath
I169T,0.9526,LPath
I169V,0.1136,LBen
I169W,0.999,LPath
I169Y,0.996,LPath
C170A,0.5976,LPath
C170D,0.9997,LPath
C170E,0.9997,LPath
C170F,0.9855,LPath
C170G,0.8015,LPath
C170H,0.9995,LPath
C170I,0.8491,LPath
C170K,0.9999,LPath
C170L,0.8244,LPath
C170M,0.9478,LPath
C170N,0.9962,LPath
C170P,0.9995,LPath
C170Q,0.9991,LPath
C170R,0.9991,LPath
C170S,0.8738,LPath
C170T,0.8701,LPath
C170V,0.4139,Amb
C170W,0.9997,LPath
C170Y,0.9988,LPath
L171A,0.9889,LPath
L171C,0.9646,LPath
L171D,1.0,LPath
L171E,0.9998,LPath
L171F,0.9931,LPath
L171G,0.9988,LPath
L171H,0.9996,LPath
L171I,0.6873,LPath
L171K,0.9996,LPath
L171M,0.8433,LPath
L171N,0.9996,LPath
L171P,0.9999,LPath
L171Q,0.9993,LPath
L171R,0.9991,LPath
L171S,0.9994,LPath
L171T,0.9914,LPath
L171V,0.5726,LPath
L171W,0.9997,LPath
L171Y,0.9993,LPath
V172A,0.9821,LPath
V172C,0.9505,LPath
V172D,0.9997,LPath
V172E,0.9992,LPath
V172F,0.9852,LPath
V172G,0.9905,LPath
V172H,0.9996,LPath
V172I,0.1569,LBen
V172K,0.9996,LPath
V172L,0.9547,LPath
V172M,0.969,LPath
V172N,0.998,LPath
V172P,0.9988,LPath
V172Q,0.9985,LPath
V172R,0.9989,LPath
V172S,0.9895,LPath
V172T,0.9727,LPath
V172W,0.9998,LPath
V172Y,0.9989,LPath
L173A,0.986,LPath
L173C,0.9558,LPath
L173D,1.0,LPath
L173E,0.9996,LPath
L173F,0.993,LPath
L173G,0.9987,LPath
L173H,0.9997,LPath
L173I,0.5909,LPath
L173K,0.9995,LPath
L173M,0.6577,LPath
L173N,0.9996,LPath
L173P,0.9997,LPath
L173Q,0.9991,LPath
L173R,0.9992,LPath
L173S,0.999,LPath
L173T,0.9915,LPath
L173V,0.4823,Amb
L173W,0.9997,LPath
L173Y,0.9995,LPath
A174C,0.4393,Amb
A174D,0.9998,LPath
A174E,0.9989,LPath
A174F,0.9954,LPath
A174G,0.9256,LPath
A174H,0.9987,LPath
A174I,0.9444,LPath
A174K,0.9998,LPath
A174L,0.7176,LPath
A174M,0.9456,LPath
A174N,0.9956,LPath
A174P,0.9965,LPath
A174Q,0.9947,LPath
A174R,0.9981,LPath
A174S,0.5471,Amb
A174T,0.8521,LPath
A174V,0.7409,LPath
A174W,0.9998,LPath
A174Y,0.9988,LPath
P175A,0.9967,LPath
P175C,0.9998,LPath
P175D,0.9999,LPath
P175E,0.9999,LPath
P175F,1.0,LPath
P175G,0.9992,LPath
P175H,0.9999,LPath
P175I,1.0,LPath
P175K,1.0,LPath
P175L,0.9996,LPath
P175M,1.0,LPath
P175N,0.9999,LPath
P175Q,0.9999,LPath
P175R,0.9998,LPath
P175S,0.9994,LPath
P175T,0.9995,LPath
P175V,0.9995,LPath
P175W,1.0,LPath
P175Y,1.0,LPath
T176A,0.9892,LPath
T176C,0.9986,LPath
T176D,0.9998,LPath
T176E,0.9991,LPath
T176F,0.9994,LPath
T176G,0.9963,LPath
T176H,0.9995,LPath
T176I,0.9992,LPath
T176K,0.9993,LPath
T176L,0.995,LPath
T176M,0.9982,LPath
T176N,0.9989,LPath
T176P,0.9802,LPath
T176Q,0.9992,LPath
T176R,0.9985,LPath
T176S,0.9935,LPath
T176V,0.9891,LPath
T176W,0.9999,LPath
T176Y,0.9998,LPath
R177A,0.9999,LPath
R177C,0.9999,LPath
R177D,0.9999,LPath
R177E,0.9988,LPath
R177F,1.0,LPath
R177G,0.9998,LPath
R177H,0.9997,LPath
R177I,1.0,LPath
R177K,0.9984,LPath
R177L,0.9997,LPath
R177M,1.0,LPath
R177N,1.0,LPath
R177P,0.9998,LPath
R177Q,0.9996,LPath
R177S,0.9999,LPath
R177T,0.9999,LPath
R177V,0.9999,LPath
R177W,0.9998,LPath
R177Y,0.9999,LPath
E178A,0.9995,LPath
E178C,0.9996,LPath
E178D,0.9998,LPath
E178F,1.0,LPath
E178G,0.9994,LPath
E178H,0.9999,LPath
E178I,0.9998,LPath
E178K,0.9999,LPath
E178L,0.9999,LPath
E178M,0.9999,LPath
E178N,0.9999,LPath
E178P,0.9996,LPath
E178Q,0.9985,LPath
E178R,0.9997,LPath
E178S,0.9998,LPath
E178T,0.9999,LPath
E178V,0.9997,LPath
E178W,1.0,LPath
E178Y,1.0,LPath
L179A,0.9971,LPath
L179C,0.9995,LPath
L179D,1.0,LPath
L179E,0.9997,LPath
L179F,0.9996,LPath
L179G,0.9983,LPath
L179H,0.9998,LPath
L179I,0.9945,LPath
L179K,0.9977,LPath
L179M,0.9883,LPath
L179N,0.9992,LPath
L179P,1.0,LPath
L179Q,0.9999,LPath
L179R,0.9988,LPath
L179S,0.9999,LPath
L179T,0.9982,LPath
L179V,0.9958,LPath
L179W,0.9998,LPath
L179Y,0.9996,LPath
A180C,0.8555,LPath
A180D,0.9998,LPath
A180E,0.9994,LPath
A180F,0.9986,LPath
A180G,0.9229,LPath
A180H,0.9993,LPath
A180I,0.9954,LPath
A180K,0.9998,LPath
A180L,0.9626,LPath
A180M,0.9946,LPath
A180N,0.9986,LPath
A180P,0.9989,LPath
A180Q,0.9961,LPath
A180R,0.9966,LPath
A180S,0.7329,LPath
A180T,0.9771,LPath
A180V,0.9631,LPath
A180W,0.9998,LPath
A180Y,0.9992,LPath
Q181A,0.749,LPath
Q181C,0.9661,LPath
Q181D,0.9983,LPath
Q181E,0.912,LPath
Q181F,0.9895,LPath
Q181G,0.8279,LPath
Q181H,0.9956,LPath
Q181I,0.8095,LPath
Q181K,0.9677,LPath
Q181L,0.733,LPath
Q181M,0.5902,LPath
Q181N,0.923,LPath
Q181P,0.9978,LPath
Q181R,0.949,LPath
Q181S,0.7503,LPath
Q181T,0.7267,LPath
Q181V,0.5039,Amb
Q181W,0.996,LPath
Q181Y,0.9953,LPath
Q182A,0.9378,LPath
Q182C,0.9999,LPath
Q182D,0.9966,LPath
Q182E,0.969,LPath
Q182F,0.9992,LPath
Q182G,0.9054,LPath
Q182H,0.9997,LPath
Q182I,0.9945,LPath
Q182K,0.9964,LPath
Q182L,0.9909,LPath
Q182M,0.9751,LPath
Q182N,0.9862,LPath
Q182P,0.9989,LPath
Q182R,0.9985,LPath
Q182S,0.9451,LPath
Q182T,0.9607,LPath
Q182V,0.9882,LPath
Q182W,0.9999,LPath
Q182Y,0.9997,LPath
V183A,0.98,LPath
V183C,0.969,LPath
V183D,0.9979,LPath
V183E,0.995,LPath
V183F,0.9938,LPath
V183G,0.9389,LPath
V183H,0.999,LPath
V183I,0.391,Amb
V183K,0.9974,LPath
V183L,0.9873,LPath
V183M,0.9814,LPath
V183N,0.9875,LPath
V183P,0.9992,LPath
V183Q,0.9938,LPath
V183R,0.9955,LPath
V183S,0.9537,LPath
V183T,0.851,LPath
V183W,0.9998,LPath
V183Y,0.9983,LPath
Q184A,0.4538,Amb
Q184C,0.9289,LPath
Q184D,0.9895,LPath
Q184E,0.6661,LPath
Q184F,0.9371,LPath
Q184G,0.5743,LPath
Q184H,0.905,LPath
Q184I,0.905,LPath
Q184K,0.8966,LPath
Q184L,0.4768,Amb
Q184M,0.5577,Amb
Q184N,0.8452,LPath
Q184P,0.998,LPath
Q184R,0.8896,LPath
Q184S,0.484,Amb
Q184T,0.7489,LPath
Q184V,0.7707,LPath
Q184W,0.9849,LPath
Q184Y,0.9418,LPath
Q185A,0.1014,LBen
Q185C,0.7721,LPath
Q185D,0.7479,LPath
Q185E,0.2754,LBen
Q185F,0.722,LPath
Q185G,0.2043,LBen
Q185H,0.5642,LPath
Q185I,0.3757,Amb
Q185K,0.6512,LPath
Q185L,0.153,LBen
Q185M,0.1694,LBen
Q185N,0.2961,LBen
Q185P,0.9901,LPath
Q185R,0.7497,LPath
Q185S,0.1221,LBen
Q185T,0.098,LBen
Q185V,0.1959,LBen
Q185W,0.9377,LPath
Q185Y,0.7561,LPath
V186A,0.9481,LPath
V186C,0.9765,LPath
V186D,0.9955,LPath
V186E,0.9354,LPath
V186F,0.9624,LPath
V186G,0.917,LPath
V186H,0.9946,LPath
V186I,0.4591,Amb
V186K,0.9908,LPath
V186L,0.9899,LPath
V186M,0.9609,LPath
V186N,0.94,LPath
V186P,0.9964,LPath
V186Q,0.9433,LPath
V186R,0.9822,LPath
V186S,0.9274,LPath
V186T,0.7464,LPath
V186W,0.9991,LPath
V186Y,0.9936,LPath
A187C,0.5125,Amb
A187D,0.9973,LPath
A187E,0.9943,LPath
A187F,0.9722,LPath
A187G,0.3778,Amb
A187H,0.9918,LPath
A187I,0.9065,LPath
A187K,0.9988,LPath
A187L,0.8969,LPath
A187M,0.8778,LPath
A187N,0.9767,LPath
A187P,0.9989,LPath
A187Q,0.978,LPath
A187R,0.996,LPath
A187S,0.1814,LBen
A187T,0.3775,Amb
A187V,0.6257,LPath
A187W,0.9978,LPath
A187Y,0.9923,LPath
A188C,0.3748,Amb
A188D,0.8112,LPath
A188E,0.7488,LPath
A188F,0.3736,Amb
A188G,0.1461,LBen
A188H,0.5785,LPath
A188I,0.3785,Amb
A188K,0.9163,LPath
A188L,0.1997,LBen
A188M,0.2163,LBen
A188N,0.2838,LBen
A188P,0.9853,LPath
A188Q,0.4146,Amb
A188R,0.8786,LPath
A188S,0.0899,LBen
A188T,0.1354,LBen
A188V,0.2212,LBen
A188W,0.8287,LPath
A188Y,0.5139,Amb
E189A,0.6647,LPath
E189C,0.9818,LPath
E189D,0.1293,LBen
E189F,0.9849,LPath
E189G,0.7441,LPath
E189H,0.9458,LPath
E189I,0.9147,LPath
E189K,0.9091,LPath
E189L,0.9185,LPath
E189M,0.9414,LPath
E189N,0.6801,LPath
E189P,0.973,LPath
E189Q,0.6526,LPath
E189R,0.9327,LPath
E189S,0.6563,LPath
E189T,0.7133,LPath
E189V,0.816,LPath
E189W,0.996,LPath
E189Y,0.9659,LPath
Y190A,0.986,LPath
Y190C,0.9337,LPath
Y190D,0.9923,LPath
Y190E,0.9979,LPath
Y190F,0.154,LBen
Y190G,0.9748,LPath
Y190H,0.9742,LPath
Y190I,0.9306,LPath
Y190K,0.9984,LPath
Y190L,0.9207,LPath
Y190M,0.9548,LPath
Y190N,0.9584,LPath
Y190P,0.9981,LPath
Y190Q,0.9975,LPath
Y190R,0.9977,LPath
Y190S,0.9721,LPath
Y190T,0.9768,LPath
Y190V,0.88,LPath
Y190W,0.8547,LPath
C191A,0.2052,LBen
C191D,0.985,LPath
C191E,0.9922,LPath
C191F,0.9389,LPath
C191G,0.0644,LBen
C191H,0.9827,LPath
C191I,0.9539,LPath
C191K,0.997,LPath
C191L,0.8474,LPath
C191M,0.9034,LPath
C191N,0.8869,LPath
C191P,0.9928,LPath
C191Q,0.9702,LPath
C191R,0.988,LPath
C191S,0.1418,LBen
C191T,0.4603,Amb
C191V,0.8481,LPath
C191W,0.9926,LPath
C191Y,0.9813,LPath
R192A,0.8123,LPath
R192C,0.7042,LPath
R192D,0.9466,LPath
R192E,0.8695,LPath
R192F,0.9113,LPath
R192G,0.715,LPath
R192H,0.3087,LBen
R192I,0.8557,LPath
R192K,0.1676,LBen
R192L,0.7626,LPath
R192M,0.8404,LPath
R192N,0.8934,LPath
R192P,0.9577,LPath
R192Q,0.306,LBen
R192S,0.8544,LPath
R192T,0.8057,LPath
R192V,0.8293,LPath
R192W,0.7606,LPath
R192Y,0.8037,LPath
A193C,0.4157,Amb
A193D,0.8479,LPath
A193E,0.7892,LPath
A193F,0.6037,LPath
A193G,0.2515,LBen
A193H,0.6918,LPath
A193I,0.4149,Amb
A193K,0.9366,LPath
A193L,0.3896,Amb
A193M,0.4435,Amb
A193N,0.4614,Amb
A193P,0.5619,Amb
A193Q,0.631,LPath
A193R,0.9105,LPath
A193S,0.1201,LBen
A193T,0.1934,LBen
A193V,0.2287,LBen
A193W,0.9285,LPath
A193Y,0.7348,LPath
C194A,0.5237,Amb
C194D,0.9823,LPath
C194E,0.9902,LPath
C194F,0.7053,LPath
C194G,0.4382,Amb
C194H,0.9533,LPath
C194I,0.8491,LPath
C194K,0.9959,LPath
C194L,0.744,LPath
C194M,0.7857,LPath
C194N,0.8241,LPath
C194P,0.9878,LPath
C194Q,0.963,LPath
C194R,0.983,LPath
C194S,0.3468,Amb
C194T,0.562,Amb
C194V,0.626,LPath
C194W,0.9474,LPath
C194Y,0.895,LPath
R195A,0.9479,LPath
R195C,0.7009,LPath
R195D,0.9659,LPath
R195E,0.9404,LPath
R195F,0.9676,LPath
R195G,0.7691,LPath
R195H,0.3729,Amb
R195I,0.9759,LPath
R195K,0.327,LBen
R195L,0.9166,LPath
R195M,0.9519,LPath
R195N,0.9129,LPath
R195P,0.9628,LPath
R195Q,0.4303,Amb
R195S,0.9228,LPath
R195T,0.9489,LPath
R195V,0.967,LPath
R195W,0.8465,LPath
R195Y,0.8844,LPath
L196A,0.9204,LPath
L196C,0.862,LPath
L196D,0.9988,LPath
L196E,0.9886,LPath
L196F,0.8294,LPath
L196G,0.9788,LPath
L196H,0.9809,LPath
L196I,0.2044,LBen
L196K,0.975,LPath
L196M,0.3369,LBen
L196N,0.9837,LPath
L196P,0.9898,LPath
L196Q,0.9486,LPath
L196R,0.9667,LPath
L196S,0.984,LPath
L196T,0.9236,LPath
L196V,0.2807,LBen
L196W,0.9666,LPath
L196Y,0.9601,LPath
K197A,0.9609,LPath
K197C,0.9384,LPath
K197D,0.9892,LPath
K197E,0.9803,LPath
K197F,0.9915,LPath
K197G,0.9578,LPath
K197H,0.6349,LPath
K197I,0.9822,LPath
K197L,0.9559,LPath
K197M,0.9622,LPath
K197N,0.9722,LPath
K197P,0.9855,LPath
K197Q,0.7011,LPath
K197R,0.0914,LBen
K197S,0.9629,LPath
K197T,0.9359,LPath
K197V,0.9621,LPath
K197W,0.9828,LPath
K197Y,0.9601,LPath
S198A,0.2384,LBen
S198C,0.1994,LBen
S198D,0.9788,LPath
S198E,0.9863,LPath
S198F,0.946,LPath
S198G,0.3806,Amb
S198H,0.917,LPath
S198I,0.8133,LPath
S198K,0.9979,LPath
S198L,0.6994,LPath
S198M,0.6381,LPath
S198N,0.5441,Amb
S198P,0.9714,LPath
S198Q,0.9532,LPath
S198R,0.9975,LPath
S198T,0.1981,LBen
S198V,0.6553,LPath
S198W,0.976,LPath
S198Y,0.9174,LPath
T199A,0.3835,Amb
T199C,0.5073,Amb
T199D,0.9966,LPath
T199E,0.9945,LPath
T199F,0.9873,LPath
T199G,0.8351,LPath
T199H,0.9845,LPath
T199I,0.7672,LPath
T199K,0.9922,LPath
T199L,0.8,LPath
T199M,0.785,LPath
T199N,0.9376,LPath
T199P,0.9657,LPath
T199Q,0.9735,LPath
T199R,0.9859,LPath
T199S,0.5721,LPath
T199V,0.3107,LBen
T199W,0.9986,LPath
T199Y,0.9938,LPath
C200A,0.8536,LPath
C200D,0.9996,LPath
C200E,0.9999,LPath
C200F,0.9967,LPath
C200G,0.9605,LPath
C200H,0.9994,LPath
C200I,0.9923,LPath
C200K,0.9999,LPath
C200L,0.987,LPath
C200M,0.9925,LPath
C200N,0.9953,LPath
C200P,0.9947,LPath
C200Q,0.9993,LPath
C200R,0.9987,LPath
C200S,0.9504,LPath
C200T,0.9618,LPath
C200V,0.9302,LPath
C200W,0.9997,LPath
C200Y,0.9994,LPath
I201A,0.9672,LPath
I201C,0.9239,LPath
I201D,0.9999,LPath
I201E,0.9997,LPath
I201F,0.9902,LPath
I201G,0.9982,LPath
I201H,0.9998,LPath
I201K,0.9997,LPath
I201L,0.376,Amb
I201M,0.8432,LPath
I201N,0.9978,LPath
I201P,0.9985,LPath
I201Q,0.9995,LPath
I201R,0.9993,LPath
I201S,0.9931,LPath
I201T,0.9734,LPath
I201V,0.1076,LBen
I201W,0.9999,LPath
I201Y,0.9992,LPath
Y202A,0.9983,LPath
Y202C,0.9924,LPath
Y202D,0.9994,LPath
Y202E,0.9998,LPath
Y202F,0.3137,LBen
Y202G,0.9927,LPath
Y202H,0.9979,LPath
Y202I,0.9953,LPath
Y202K,0.9998,LPath
Y202L,0.9897,LPath
Y202M,0.9973,LPath
Y202N,0.9981,LPath
Y202P,0.9981,LPath
Y202Q,0.9998,LPath
Y202R,0.9984,LPath
Y202S,0.9924,LPath
Y202T,0.9982,LPath
Y202V,0.9866,LPath
Y202W,0.9245,LPath
G203A,0.9989,LPath
G203C,0.9998,LPath
G203D,1.0,LPath
G203E,1.0,LPath
G203F,0.9999,LPath
G203H,1.0,LPath
G203I,0.9998,LPath
G203K,1.0,LPath
G203L,0.9998,LPath
G203M,0.9999,LPath
G203N,1.0,LPath
G203P,0.9998,LPath
G203Q,1.0,LPath
G203R,0.9999,LPath
G203S,0.9993,LPath
G203T,0.9996,LPath
G203V,0.9997,LPath
G203W,0.9998,LPath
G203Y,0.9999,LPath
G204A,0.9987,LPath
G204C,0.9998,LPath
G204D,0.9999,LPath
G204E,0.9999,LPath
G204F,0.9997,LPath
G204H,1.0,LPath
G204I,0.9995,LPath
G204K,0.9999,LPath
G204L,0.9997,LPath
G204M,0.9998,LPath
G204N,0.9999,LPath
G204P,0.9998,LPath
G204Q,1.0,LPath
G204R,0.9999,LPath
G204S,0.999,LPath
G204T,0.9994,LPath
G204V,0.9994,LPath
G204W,0.9998,LPath
G204Y,0.9999,LPath
A205C,0.8908,LPath
A205D,0.999,LPath
A205E,0.9952,LPath
A205F,0.9641,LPath
A205G,0.9107,LPath
A205H,0.9921,LPath
A205I,0.9513,LPath
A205K,0.9982,LPath
A205L,0.8994,LPath
A205M,0.8895,LPath
A205N,0.9769,LPath
A205P,0.9974,LPath
A205Q,0.9479,LPath
A205R,0.9887,LPath
A205S,0.4024,Amb
A205T,0.8424,LPath
A205V,0.8148,LPath
A205W,0.9977,LPath
A205Y,0.988,LPath
P206A,0.6031,LPath
P206C,0.9822,LPath
P206D,0.9964,LPath
P206E,0.9951,LPath
P206F,0.9979,LPath
P206G,0.9417,LPath
P206H,0.9849,LPath
P206I,0.9964,LPath
P206K,0.9973,LPath
P206L,0.9694,LPath
P206M,0.9823,LPath
P206N,0.984,LPath
P206Q,0.9735,LPath
P206R,0.9922,LPath
P206S,0.7637,LPath
P206T,0.9604,LPath
P206V,0.9819,LPath
P206W,0.9989,LPath
P206Y,0.9969,LPath
K207A,0.9957,LPath
K207C,0.9982,LPath
K207D,0.9997,LPath
K207E,0.9993,LPath
K207F,0.9997,LPath
K207G,0.9976,LPath
K207H,0.9948,LPath
K207I,0.9978,LPath
K207L,0.9955,LPath
K207M,0.9948,LPath
K207N,0.9997,LPath
K207P,0.993,LPath
K207Q,0.9889,LPath
K207R,0.2411,LBen
K207S,0.9987,LPath
K207T,0.9965,LPath
K207V,0.9932,LPath
K207W,0.9995,LPath
K207Y,0.9983,LPath
G208A,0.8935,LPath
G208C,0.9819,LPath
G208D,0.9989,LPath
G208E,0.9982,LPath
G208F,0.9583,LPath
G208H,0.9976,LPath
G208I,0.9399,LPath
G208K,0.9991,LPath
G208L,0.9683,LPath
G208M,0.9752,LPath
G208N,0.9854,LPath
G208P,0.9878,LPath
G208Q,0.9953,LPath
G208R,0.9974,LPath
G208S,0.9233,LPath
G208T,0.9707,LPath
G208V,0.9337,LPath
G208W,0.9839,LPath
G208Y,0.9711,LPath
P209A,0.5088,Amb
P209C,0.9584,LPath
P209D,0.9957,LPath
P209E,0.9883,LPath
P209F,0.9745,LPath
P209G,0.6703,LPath
P209H,0.964,LPath
P209I,0.9504,LPath
P209K,0.9935,LPath
P209L,0.8884,LPath
P209M,0.8907,LPath
P209N,0.9358,LPath
P209Q,0.8826,LPath
P209R,0.9828,LPath
P209S,0.724,LPath
P209T,0.8541,LPath
P209V,0.882,LPath
P209W,0.9926,LPath
P209Y,0.9801,LPath
Q210A,0.9338,LPath
Q210C,0.9994,LPath
Q210D,0.9995,LPath
Q210E,0.974,LPath
Q210F,0.9993,LPath
Q210G,0.9623,LPath
Q210H,0.9997,LPath
Q210I,0.9962,LPath
Q210K,0.9989,LPath
Q210L,0.9925,LPath
Q210M,0.9566,LPath
Q210N,0.9884,LPath
Q210P,0.9968,LPath
Q210R,0.9991,LPath
Q210S,0.9387,LPath
Q210T,0.977,LPath
Q210V,0.9906,LPath
Q210W,0.9999,LPath
Q210Y,0.9998,LPath
I211A,0.8795,LPath
I211C,0.9333,LPath
I211D,0.9994,LPath
I211E,0.9929,LPath
I211F,0.8329,LPath
I211G,0.9819,LPath
I211H,0.9935,LPath
I211K,0.99,LPath
I211L,0.2236,LBen
I211M,0.2621,LBen
I211N,0.9778,LPath
I211P,0.9992,LPath
I211Q,0.9632,LPath
I211R,0.9842,LPath
I211S,0.9496,LPath
I211T,0.9464,LPath
I211V,0.2928,LBen
I211W,0.992,LPath
I211Y,0.9708,LPath
R212A,0.9957,LPath
R212C,0.9865,LPath
R212D,0.9985,LPath
R212E,0.9962,LPath
R212F,0.9982,LPath
R212G,0.9896,LPath
R212H,0.947,LPath
R212I,0.9984,LPath
R212K,0.9032,LPath
R212L,0.9937,LPath
R212M,0.998,LPath
R212N,0.9959,LPath
R212P,0.9995,LPath
R212Q,0.9601,LPath
R212S,0.9969,LPath
R212T,0.9982,LPath
R212V,0.9976,LPath
R212W,0.9873,LPath
R212Y,0.9897,LPath
D213A,0.9447,LPath
D213C,0.9937,LPath
D213E,0.8361,LPath
D213F,0.9963,LPath
D213G,0.9856,LPath
D213H,0.9932,LPath
D213I,0.997,LPath
D213K,0.9974,LPath
D213L,0.9907,LPath
D213M,0.9963,LPath
D213N,0.9544,LPath
D213P,0.9998,LPath
D213Q,0.9858,LPath
D213R,0.9963,LPath
D213S,0.9521,LPath
D213T,0.9894,LPath
D213V,0.9891,LPath
D213W,0.9993,LPath
D213Y,0.9796,LPath
L214A,0.9901,LPath
L214C,0.9874,LPath
L214D,1.0,LPath
L214E,0.9996,LPath
L214F,0.9914,LPath
L214G,0.9987,LPath
L214H,0.9997,LPath
L214I,0.7551,LPath
L214K,0.9994,LPath
L214M,0.7148,LPath
L214N,0.9996,LPath
L214P,0.9999,LPath
L214Q,0.9992,LPath
L214R,0.999,LPath
L214S,0.9995,LPath
L214T,0.9932,LPath
L214V,0.8363,LPath
L214W,0.9994,LPath
L214Y,0.9993,LPath
E215A,0.932,LPath
E215C,0.9927,LPath
E215D,0.7403,LPath
E215F,0.9982,LPath
E215G,0.9167,LPath
E215H,0.9922,LPath
E215I,0.9901,LPath
E215K,0.9876,LPath
E215L,0.9808,LPath
E215M,0.9829,LPath
E215N,0.9616,LPath
E215P,0.9995,LPath
E215Q,0.7896,LPath
E215R,0.9803,LPath
E215S,0.8932,LPath
E215T,0.9604,LPath
E215V,0.9728,LPath
E215W,0.9992,LPath
E215Y,0.9952,LPath
R216A,0.9597,LPath
R216C,0.8947,LPath
R216D,0.9808,LPath
R216E,0.9602,LPath
R216F,0.9837,LPath
R216G,0.9118,LPath
R216H,0.6585,LPath
R216I,0.984,LPath
R216K,0.407,Amb
R216L,0.9614,LPath
R216M,0.9672,LPath
R216N,0.9398,LPath
R216P,0.999,LPath
R216Q,0.6553,LPath
R216S,0.9717,LPath
R216T,0.9726,LPath
R216V,0.98,LPath
R216W,0.9378,LPath
R216Y,0.9274,LPath
G217A,0.9733,LPath
G217C,0.9892,LPath
G217D,0.9969,LPath
G217E,0.9984,LPath
G217F,0.9985,LPath
G217H,0.9986,LPath
G217I,0.9987,LPath
G217K,0.999,LPath
G217L,0.9981,LPath
G217M,0.9983,LPath
G217N,0.9946,LPath
G217P,0.9994,LPath
G217Q,0.9975,LPath
G217R,0.9981,LPath
G217S,0.9715,LPath
G217T,0.9924,LPath
G217V,0.9971,LPath
G217W,0.9986,LPath
G217Y,0.9975,LPath
V218A,0.6096,LPath
V218C,0.7709,LPath
V218D,0.9958,LPath
V218E,0.9889,LPath
V218F,0.9905,LPath
V218G,0.8853,LPath
V218H,0.9979,LPath
V218I,0.2581,LBen
V218K,0.9941,LPath
V218L,0.9615,LPath
V218M,0.9215,LPath
V218N,0.9678,LPath
V218P,0.977,LPath
V218Q,0.9783,LPath
V218R,0.9858,LPath
V218S,0.6718,LPath
V218T,0.5933,LPath
V218W,0.9996,LPath
V218Y,0.9981,LPath
E219A,0.987,LPath
E219C,0.9946,LPath
E219D,0.9178,LPath
E219F,0.9997,LPath
E219G,0.9815,LPath
E219H,0.9845,LPath
E219I,0.9995,LPath
E219K,0.9968,LPath
E219L,0.9993,LPath
E219M,0.999,LPath
E219N,0.9885,LPath
E219P,0.9988,LPath
E219Q,0.9505,LPath
E219R,0.9953,LPath
E219S,0.9758,LPath
E219T,0.9968,LPath
E219V,0.9984,LPath
E219W,0.9997,LPath
E219Y,0.999,LPath
I220A,0.9858,LPath
I220C,0.9625,LPath
I220D,0.9997,LPath
I220E,0.9994,LPath
I220F,0.8423,LPath
I220G,0.9978,LPath
I220H,0.999,LPath
I220K,0.9993,LPath
I220L,0.4158,Amb
I220M,0.4948,Amb
I220N,0.9943,LPath
I220P,0.9996,LPath
I220Q,0.999,LPath
I220R,0.9988,LPath
I220S,0.9936,LPath
I220T,0.9825,LPath
I220V,0.1551,LBen
I220W,0.9981,LPath
I220Y,0.9897,LPath
C221A,0.8428,LPath
C221D,0.9998,LPath
C221E,0.9998,LPath
C221F,0.9944,LPath
C221G,0.9629,LPath
C221H,0.9997,LPath
C221I,0.6842,LPath
C221K,0.9999,LPath
C221L,0.7633,LPath
C221M,0.9473,LPath
C221N,0.9972,LPath
C221P,0.9993,LPath
C221Q,0.9996,LPath
C221R,0.9996,LPath
C221S,0.9615,LPath
C221T,0.8979,LPath
C221V,0.2947,LBen
C221W,0.9998,LPath
C221Y,0.9995,LPath
I222A,0.9931,LPath
I222C,0.9918,LPath
I222D,0.9999,LPath
I222E,0.9996,LPath
I222F,0.9862,LPath
I222G,0.9995,LPath
I222H,0.9997,LPath
I222K,0.9996,LPath
I222L,0.9353,LPath
I222M,0.9442,LPath
I222N,0.999,LPath
I222P,0.999,LPath
I222Q,0.9995,LPath
I222R,0.9993,LPath
I222S,0.9962,LPath
I222T,0.9819,LPath
I222V,0.2672,LBen
I222W,0.9996,LPath
I222Y,0.9991,LPath
A223C,0.8475,LPath
A223D,0.9999,LPath
A223E,0.9999,LPath
A223F,0.9993,LPath
A223G,0.6122,LPath
A223H,0.9998,LPath
A223I,0.9997,LPath
A223K,1.0,LPath
A223L,0.9933,LPath
A223M,0.9989,LPath
A223N,0.9995,LPath
A223P,0.9996,LPath
A223Q,0.999,LPath
A223R,0.9993,LPath
A223S,0.7795,LPath
A223T,0.9949,LPath
A223V,0.998,LPath
A223W,1.0,LPath
A223Y,0.9998,LPath
T224A,0.9787,LPath
T224C,0.9264,LPath
T224D,0.9998,LPath
T224E,0.9994,LPath
T224F,0.9994,LPath
T224G,0.9947,LPath
T224H,0.9991,LPath
T224I,0.9986,LPath
T224K,0.9993,LPath
T224L,0.9933,LPath
T224M,0.9941,LPath
T224N,0.9971,LPath
T224P,0.9475,LPath
T224Q,0.999,LPath
T224R,0.9986,LPath
T224S,0.9889,LPath
T224V,0.9836,LPath
T224W,0.9999,LPath
T224Y,0.9997,LPath
P225A,0.997,LPath
P225C,0.9997,LPath
P225D,0.9999,LPath
P225E,0.9999,LPath
P225F,1.0,LPath
P225G,0.9994,LPath
P225H,0.9999,LPath
P225I,0.9998,LPath
P225K,0.9999,LPath
P225L,0.9992,LPath
P225M,0.9999,LPath
P225N,0.9999,LPath
P225Q,0.9999,LPath
P225R,0.9997,LPath
P225S,0.9994,LPath
P225T,0.9986,LPath
P225V,0.9989,LPath
P225W,1.0,LPath
P225Y,1.0,LPath
G226A,0.9985,LPath
G226C,0.9998,LPath
G226D,1.0,LPath
G226E,0.9999,LPath
G226F,0.9999,LPath
G226H,1.0,LPath
G226I,0.9999,LPath
G226K,1.0,LPath
G226L,0.9998,LPath
G226M,0.9999,LPath
G226N,1.0,LPath
G226P,0.9998,LPath
G226Q,1.0,LPath
G226R,0.9999,LPath
G226S,0.9988,LPath
G226T,0.9996,LPath
G226V,0.9996,LPath
G226W,0.9999,LPath
G226Y,1.0,LPath
R227A,0.9998,LPath
R227C,0.9991,LPath
R227D,0.9998,LPath
R227E,0.9985,LPath
R227F,0.9999,LPath
R227G,0.9996,LPath
R227H,0.9991,LPath
R227I,0.9997,LPath
R227K,0.9983,LPath
R227L,0.9989,LPath
R227M,1.0,LPath
R227N,0.9997,LPath
R227P,0.9998,LPath
R227Q,0.9991,LPath
R227S,0.9999,LPath
R227T,0.9999,LPath
R227V,0.9997,LPath
R227W,0.9997,LPath
R227Y,0.9998,LPath
L228A,0.9869,LPath
L228C,0.9759,LPath
L228D,0.9999,LPath
L228E,0.9996,LPath
L228F,0.9575,LPath
L228G,0.9961,LPath
L228H,0.9995,LPath
L228I,0.9267,LPath
L228K,0.9992,LPath
L228M,0.6833,LPath
L228N,0.9994,LPath
L228P,0.9999,LPath
L228Q,0.9988,LPath
L228R,0.999,LPath
L228S,0.9992,LPath
L228T,0.9948,LPath
L228V,0.9272,LPath
L228W,0.999,LPath
L228Y,0.9972,LPath
I229A,0.9853,LPath
I229C,0.998,LPath
I229D,0.9998,LPath
I229E,0.9983,LPath
I229F,0.9901,LPath
I229G,0.9974,LPath
I229H,0.9996,LPath
I229K,0.9986,LPath
I229L,0.4446,Amb
I229M,0.8028,LPath
I229N,0.9949,LPath
I229P,0.9994,LPath
I229Q,0.9981,LPath
I229R,0.9964,LPath
I229S,0.9937,LPath
I229T,0.981,LPath
I229V,0.8564,LPath
I229W,0.9985,LPath
I229Y,0.9983,LPath
D230A,0.9994,LPath
D230C,0.9999,LPath
D230E,0.9985,LPath
D230F,0.9997,LPath
D230G,0.9995,LPath
D230H,0.9996,LPath
D230I,0.9999,LPath
D230K,0.9999,LPath
D230L,0.9997,LPath
D230M,1.0,LPath
D230N,0.9985,LPath
D230P,0.9999,LPath
D230Q,0.9998,LPath
D230R,0.9998,LPath
D230S,0.9982,LPath
D230T,0.9997,LPath
D230V,0.9998,LPath
D230W,0.9999,LPath
D230Y,0.9978,LPath
F231A,0.9955,LPath
F231C,0.9582,LPath
F231D,0.9995,LPath
F231E,0.9994,LPath
F231G,0.9984,LPath
F231H,0.9863,LPath
F231I,0.9423,LPath
F231K,0.9994,LPath
F231L,0.9806,LPath
F231M,0.8258,LPath
F231N,0.9949,LPath
F231P,1.0,LPath
F231Q,0.9971,LPath
F231R,0.9984,LPath
F231S,0.997,LPath
F231T,0.9962,LPath
F231V,0.9613,LPath
F231W,0.9782,LPath
F231Y,0.7421,LPath
L232A,0.9855,LPath
L232C,0.9677,LPath
L232D,0.9999,LPath
L232E,0.9989,LPath
L232F,0.9954,LPath
L232G,0.9985,LPath
L232H,0.9992,LPath
L232I,0.4625,Amb
L232K,0.998,LPath
L232M,0.6715,LPath
L232N,0.999,LPath
L232P,0.9998,LPath
L232Q,0.9959,LPath
L232R,0.9963,LPath
L232S,0.9982,LPath
L232T,0.98,LPath
L232V,0.5309,Amb
L232W,0.9988,LPath
L232Y,0.999,LPath
E233A,0.9517,LPath
E233C,0.9919,LPath
E233D,0.9029,LPath
E233F,0.9994,LPath
E233G,0.9589,LPath
E233H,0.9966,LPath
E233I,0.9946,LPath
E233K,0.9961,LPath
E233L,0.9928,LPath
E233M,0.994,LPath
E233N,0.9832,LPath
E233P,0.9995,LPath
E233Q,0.9304,LPath
E233R,0.9926,LPath
E233S,0.9367,LPath
E233T,0.9737,LPath
E233V,0.9803,LPath
E233W,0.9996,LPath
E233Y,0.9979,LPath
C234A,0.1003,LBen
C234D,0.918,LPath
C234E,0.928,LPath
C234F,0.2826,LBen
C234G,0.1405,LBen
C234H,0.726,LPath
C234I,0.3125,LBen
C234K,0.9604,LPath
C234L,0.303,LBen
C234M,0.2147,LBen
C234N,0.3355,LBen
C234P,0.9933,LPath
C234Q,0.6286,LPath
C234R,0.897,LPath
C234S,0.1031,LBen
C234T,0.2005,LBen
C234V,0.1678,LBen
C234W,0.8254,LPath
C234Y,0.5656,LPath
G235A,0.5035,Amb
G235C,0.4943,Amb
G235D,0.7474,LPath
G235E,0.7578,LPath
G235F,0.9666,LPath
G235H,0.6327,LPath
G235I,0.9693,LPath
G235K,0.7902,LPath
G235L,0.9282,LPath
G235M,0.9102,LPath
G235N,0.3203,LBen
G235P,0.9927,LPath
G235Q,0.4162,Amb
G235R,0.6651,LPath
G235S,0.1957,LBen
G235T,0.7011,LPath
G235V,0.9215,LPath
G235W,0.9407,LPath
G235Y,0.8942,LPath
K236A,0.926,LPath
K236C,0.8732,LPath
K236D,0.9928,LPath
K236E,0.9736,LPath
K236F,0.984,LPath
K236G,0.9652,LPath
K236H,0.7179,LPath
K236I,0.8898,LPath
K236L,0.9296,LPath
K236M,0.8786,LPath
K236N,0.9774,LPath
K236P,0.9916,LPath
K236Q,0.7054,LPath
K236R,0.1377,LBen
K236S,0.9642,LPath
K236T,0.8488,LPath
K236V,0.7789,LPath
K236W,0.9799,LPath
K236Y,0.9456,LPath
T237A,0.8898,LPath
T237C,0.9007,LPath
T237D,0.9977,LPath
T237E,0.9967,LPath
T237F,0.9894,LPath
T237G,0.9546,LPath
T237H,0.994,LPath
T237I,0.8004,LPath
T237K,0.9952,LPath
T237L,0.6982,LPath
T237M,0.807,LPath
T237N,0.9796,LPath
T237P,0.9917,LPath
T237Q,0.991,LPath
T237R,0.995,LPath
T237S,0.9214,LPath
T237V,0.5543,Amb
T237W,0.9977,LPath
T237Y,0.9948,LPath
N238A,0.8181,LPath
N238C,0.5549,Amb
N238D,0.6831,LPath
N238E,0.9756,LPath
N238F,0.9768,LPath
N238G,0.7726,LPath
N238H,0.7019,LPath
N238I,0.8947,LPath
N238K,0.988,LPath
N238L,0.8676,LPath
N238M,0.9001,LPath
N238P,0.9691,LPath
N238Q,0.9426,LPath
N238R,0.9737,LPath
N238S,0.1462,LBen
N238T,0.3021,LBen
N238V,0.7714,LPath
N238W,0.9933,LPath
N238Y,0.9078,LPath
L239A,0.9856,LPath
L239C,0.9103,LPath
L239D,0.9999,LPath
L239E,0.9996,LPath
L239F,0.9311,LPath
L239G,0.9937,LPath
L239H,0.9987,LPath
L239I,0.8879,LPath
L239K,0.999,LPath
L239M,0.4588,Amb
L239N,0.9987,LPath
L239P,0.999,LPath
L239Q,0.9975,LPath
L239R,0.9985,LPath
L239S,0.9983,LPath
L239T,0.9823,LPath
L239V,0.8582,LPath
L239W,0.9978,LPath
L239Y,0.9969,LPath
R240A,0.7143,LPath
R240C,0.3653,Amb
R240D,0.9376,LPath
R240E,0.7357,LPath
R240F,0.8222,LPath
R240G,0.675,LPath
R240H,0.214,LBen
R240I,0.7488,LPath
R240K,0.1761,LBen
R240L,0.5715,LPath
R240M,0.6803,LPath
R240N,0.7795,LPath
R240P,0.9869,LPath
R240Q,0.1848,LBen
R240S,0.7665,LPath
R240T,0.6885,LPath
R240V,0.7218,LPath
R240W,0.5582,Amb
R240Y,0.6203,LPath
R241A,0.9981,LPath
R241C,0.9787,LPath
R241D,0.9988,LPath
R241E,0.9958,LPath
R241F,0.9994,LPath
R241G,0.9955,LPath
R241H,0.9729,LPath
R241I,0.9992,LPath
R241K,0.9647,LPath
R241L,0.9942,LPath
R241M,0.9994,LPath
R241N,0.9969,LPath
R241P,0.9994,LPath
R241Q,0.9771,LPath
R241S,0.9987,LPath
R241T,0.9993,LPath
R241V,0.9986,LPath
R241W,0.9939,LPath
R241Y,0.9962,LPath
T242A,0.346,Amb
T242C,0.0924,LBen
T242D,0.9957,LPath
T242E,0.9951,LPath
T242F,0.994,LPath
T242G,0.7992,LPath
T242H,0.9906,LPath
T242I,0.6588,LPath
T242K,0.9964,LPath
T242L,0.7314,LPath
T242M,0.7094,LPath
T242N,0.8976,LPath
T242P,0.9232,LPath
T242Q,0.9824,LPath
T242R,0.9931,LPath
T242S,0.5035,Amb
T242V,0.2153,LBen
T242W,0.9995,LPath
T242Y,0.9965,LPath
T243A,0.9723,LPath
T243C,0.9911,LPath
T243D,0.9984,LPath
T243E,0.9993,LPath
T243F,0.9995,LPath
T243G,0.9659,LPath
T243H,0.9938,LPath
T243I,0.9995,LPath
T243K,0.9992,LPath
T243L,0.9951,LPath
T243M,0.9948,LPath
T243N,0.9911,LPath
T243P,0.9939,LPath
T243Q,0.9975,LPath
T243R,0.9981,LPath
T243S,0.7051,LPath
T243V,0.9921,LPath
T243W,0.9997,LPath
T243Y,0.999,LPath
Y244A,0.9978,LPath
Y244C,0.9662,LPath
Y244D,0.9992,LPath
Y244E,0.9998,LPath
Y244F,0.1699,LBen
Y244G,0.9952,LPath
Y244H,0.9962,LPath
Y244I,0.985,LPath
Y244K,0.9998,LPath
Y244L,0.9331,LPath
Y244M,0.9822,LPath
Y244N,0.9945,LPath
Y244P,0.9996,LPath
Y244Q,0.9997,LPath
Y244R,0.9993,LPath
Y244S,0.9921,LPath
Y244T,0.9968,LPath
Y244V,0.961,LPath
Y244W,0.8855,LPath
L245A,0.9849,LPath
L245C,0.9252,LPath
L245D,1.0,LPath
L245E,0.9998,LPath
L245F,0.9605,LPath
L245G,0.9981,LPath
L245H,0.9991,LPath
L245I,0.7743,LPath
L245K,0.9995,LPath
L245M,0.7656,LPath
L245N,0.9996,LPath
L245P,0.9999,LPath
L245Q,0.999,LPath
L245R,0.9987,LPath
L245S,0.9991,LPath
L245T,0.9896,LPath
L245V,0.6561,LPath
L245W,0.9983,LPath
L245Y,0.9971,LPath
V246A,0.9833,LPath
V246C,0.9582,LPath
V246D,0.9998,LPath
V246E,0.9996,LPath
V246F,0.9982,LPath
V246G,0.9921,LPath
V246H,0.9999,LPath
V246I,0.4003,Amb
V246K,0.9998,LPath
V246L,0.9897,LPath
V246M,0.9949,LPath
V246N,0.9986,LPath
V246P,0.9989,LPath
V246Q,0.9992,LPath
V246R,0.999,LPath
V246S,0.988,LPath
V246T,0.9762,LPath
V246W,1.0,LPath
V246Y,0.9997,LPath
L247A,0.9918,LPath
L247C,0.9775,LPath
L247D,0.9999,LPath
L247E,0.9997,LPath
L247F,0.9676,LPath
L247G,0.9985,LPath
L247H,0.9996,LPath
L247I,0.9128,LPath
L247K,0.9993,LPath
L247M,0.6141,LPath
L247N,0.9996,LPath
L247P,0.9998,LPath
L247Q,0.9991,LPath
L247R,0.9988,LPath
L247S,0.9993,LPath
L247T,0.9969,LPath
L247V,0.9293,LPath
L247W,0.9973,LPath
L247Y,0.9981,LPath
D248A,0.9997,LPath
D248C,1.0,LPath
D248E,0.9996,LPath
D248F,0.9999,LPath
D248G,0.9993,LPath
D248H,0.9994,LPath
D248I,1.0,LPath
D248K,0.9999,LPath
D248L,0.9996,LPath
D248M,1.0,LPath
D248N,0.9996,LPath
D248P,0.9999,LPath
D248Q,0.9998,LPath
D248R,0.9996,LPath
D248S,0.9991,LPath
D248T,0.9999,LPath
D248V,0.9998,LPath
D248W,0.9999,LPath
D248Y,0.9995,LPath
E249A,0.9999,LPath
E249C,0.9999,LPath
E249D,0.9999,LPath
E249F,1.0,LPath
E249G,0.9997,LPath
E249H,0.9999,LPath
E249I,1.0,LPath
E249K,0.9999,LPath
E249L,1.0,LPath
E249M,0.9998,LPath
E249N,0.9999,LPath
E249P,1.0,LPath
E249Q,0.9997,LPath
E249R,0.9999,LPath
E249S,0.9999,LPath
E249T,0.9999,LPath
E249V,0.9999,LPath
E249W,1.0,LPath
E249Y,1.0,LPath
A250C,0.9861,LPath
A250D,0.9998,LPath
A250E,0.9996,LPath
A250F,0.9981,LPath
A250G,0.9425,LPath
A250H,0.9997,LPath
A250I,0.9992,LPath
A250K,0.9999,LPath
A250L,0.9904,LPath
A250M,0.9969,LPath
A250N,0.9996,LPath
A250P,0.9994,LPath
A250Q,0.9989,LPath
A250R,0.9977,LPath
A250S,0.9273,LPath
A250T,0.9964,LPath
A250V,0.9964,LPath
A250W,0.9997,LPath
A250Y,0.9992,LPath
D251A,1.0,LPath
D251C,1.0,LPath
D251E,0.9999,LPath
D251F,1.0,LPath
D251G,0.9999,LPath
D251H,1.0,LPath
D251I,1.0,LPath
D251K,1.0,LPath
D251L,1.0,LPath
D251M,1.0,LPath
D251N,0.9998,LPath
D251P,1.0,LPath
D251Q,1.0,LPath
D251R,0.9999,LPath
D251S,0.9999,LPath
D251T,1.0,LPath
D251V,1.0,LPath
D251W,1.0,LPath
D251Y,0.9998,LPath
R252A,0.9997,LPath
R252C,0.9994,LPath
R252D,0.9999,LPath
R252E,0.9985,LPath
R252F,1.0,LPath
R252G,0.9995,LPath
R252H,0.9992,LPath
R252I,0.9998,LPath
R252K,0.9935,LPath
R252L,0.9992,LPath
R252M,1.0,LPath
R252N,0.9999,LPath
R252P,1.0,LPath
R252Q,0.9977,LPath
R252S,0.9999,LPath
R252T,0.9998,LPath
R252V,0.9996,LPath
R252W,0.9998,LPath
R252Y,0.9999,LPath
M253A,0.9993,LPath
M253C,0.9949,LPath
M253D,1.0,LPath
M253E,0.9997,LPath
M253F,0.9951,LPath
M253G,0.9997,LPath
M253H,0.9997,LPath
M253I,0.9997,LPath
M253K,0.9996,LPath
M253L,0.9521,LPath
M253N,0.9996,LPath
M253P,1.0,LPath
M253Q,0.9963,LPath
M253R,0.9998,LPath
M253S,0.9993,LPath
M253T,0.9999,LPath
M253V,0.9984,LPath
M253W,0.9998,LPath
M253Y,0.9994,LPath
L254A,0.9973,LPath
L254C,0.9994,LPath
L254D,1.0,LPath
L254E,0.9998,LPath
L254F,0.9993,LPath
L254G,0.999,LPath
L254H,0.9999,LPath
L254I,0.9911,LPath
L254K,0.9991,LPath
L254M,0.9728,LPath
L254N,0.9997,LPath
L254P,1.0,LPath
L254Q,0.9997,LPath
L254R,0.9986,LPath
L254S,0.9999,LPath
L254T,0.9991,LPath
L254V,0.9959,LPath
L254W,0.9997,LPath
L254Y,0.9996,LPath
D255A,0.9995,LPath
D255C,1.0,LPath
D255E,0.9992,LPath
D255F,0.9998,LPath
D255G,0.9993,LPath
D255H,0.9997,LPath
D255I,1.0,LPath
D255K,0.9999,LPath
D255L,0.9996,LPath
D255M,1.0,LPath
D255N,0.9992,LPath
D255P,1.0,LPath
D255Q,0.9998,LPath
D255R,0.9997,LPath
D255S,0.9989,LPath
D255T,0.9999,LPath
D255V,0.9997,LPath
D255W,1.0,LPath
D255Y,0.9986,LPath
M256A,0.9997,LPath
M256C,0.9974,LPath
M256D,0.9999,LPath
M256E,0.9994,LPath
M256F,0.9892,LPath
M256G,0.9992,LPath
M256H,0.9989,LPath
M256I,0.9999,LPath
M256K,0.9982,LPath
M256L,0.9792,LPath
M256N,0.9991,LPath
M256P,1.0,LPath
M256Q,0.9971,LPath
M256R,0.9989,LPath
M256S,0.9994,LPath
M256T,0.9999,LPath
M256V,0.998,LPath
M256W,0.998,LPath
M256Y,0.9981,LPath
G257A,0.9993,LPath
G257C,0.9998,LPath
G257D,0.9999,LPath
G257E,1.0,LPath
G257F,0.9999,LPath
G257H,1.0,LPath
G257I,0.9999,LPath
G257K,1.0,LPath
G257L,0.9999,LPath
G257M,1.0,LPath
G257N,0.9999,LPath
G257P,0.9999,LPath
G257Q,1.0,LPath
G257R,0.9999,LPath
G257S,0.9995,LPath
G257T,0.9997,LPath
G257V,0.9997,LPath
G257W,1.0,LPath
G257Y,0.9999,LPath
F258A,1.0,LPath
F258C,1.0,LPath
F258D,1.0,LPath
F258E,0.9999,LPath
F258G,0.9999,LPath
F258H,0.9999,LPath
F258I,1.0,LPath
F258K,1.0,LPath
F258L,1.0,LPath
F258M,0.9999,LPath
F258N,0.9999,LPath
F258P,1.0,LPath
F258Q,0.9999,LPath
F258R,0.9999,LPath
F258S,1.0,LPath
F258T,1.0,LPath
F258V,0.9999,LPath
F258W,0.9971,LPath
F258Y,0.9978,LPath
E259A,0.9827,LPath
E259C,0.9988,LPath
E259D,0.9986,LPath
E259F,0.9992,LPath
E259G,0.9778,LPath
E259H,0.999,LPath
E259I,0.9971,LPath
E259K,0.9974,LPath
E259L,0.9957,LPath
E259M,0.9982,LPath
E259N,0.9996,LPath
E259P,0.9995,LPath
E259Q,0.9845,LPath
E259R,0.9961,LPath
E259S,0.9924,LPath
E259T,0.9969,LPath
E259V,0.9954,LPath
E259W,0.9998,LPath
E259Y,0.9987,LPath
P260A,0.9468,LPath
P260C,0.998,LPath
P260D,0.9938,LPath
P260E,0.9931,LPath
P260F,0.9977,LPath
P260G,0.9765,LPath
P260H,0.9879,LPath
P260I,0.9869,LPath
P260K,0.9894,LPath
P260L,0.9494,LPath
P260M,0.9879,LPath
P260N,0.9883,LPath
P260Q,0.9827,LPath
P260R,0.9843,LPath
P260S,0.9854,LPath
P260T,0.972,LPath
P260V,0.9688,LPath
P260W,0.9986,LPath
P260Y,0.9958,LPath
Q261A,0.8225,LPath
Q261C,0.9994,LPath
Q261D,0.9987,LPath
Q261E,0.9661,LPath
Q261F,0.9992,LPath
Q261G,0.9749,LPath
Q261H,0.9992,LPath
Q261I,0.9948,LPath
Q261K,0.9979,LPath
Q261L,0.992,LPath
Q261M,0.9635,LPath
Q261N,0.9785,LPath
Q261P,0.9759,LPath
Q261R,0.9981,LPath
Q261S,0.8252,LPath
Q261T,0.9525,LPath
Q261V,0.981,LPath
Q261W,0.9998,LPath
Q261Y,0.9995,LPath
I262A,0.9987,LPath
I262C,0.9995,LPath
I262D,1.0,LPath
I262E,0.9996,LPath
I262F,0.994,LPath
I262G,0.9997,LPath
I262H,0.9999,LPath
I262K,0.9997,LPath
I262L,0.6723,LPath
I262M,0.8748,LPath
I262N,0.9995,LPath
I262P,0.9998,LPath
I262Q,0.9997,LPath
I262R,0.9995,LPath
I262S,0.9994,LPath
I262T,0.9989,LPath
I262V,0.7967,LPath
I262W,0.9997,LPath
I262Y,0.9994,LPath
R263A,0.9993,LPath
R263C,0.9826,LPath
R263D,0.9999,LPath
R263E,0.9977,LPath
R263F,0.9996,LPath
R263G,0.9978,LPath
R263H,0.9775,LPath
R263I,0.9989,LPath
R263K,0.9076,LPath
R263L,0.9953,LPath
R263M,0.9991,LPath
R263N,0.9995,LPath
R263P,0.9999,LPath
R263Q,0.971,LPath
R263S,0.9995,LPath
R263T,0.9993,LPath
R263V,0.9986,LPath
R263W,0.9928,LPath
R263Y,0.9982,LPath
K264A,0.9585,LPath
K264C,0.9591,LPath
K264D,0.997,LPath
K264E,0.9914,LPath
K264F,0.9982,LPath
K264G,0.9833,LPath
K264H,0.902,LPath
K264I,0.989,LPath
K264L,0.9574,LPath
K264M,0.9397,LPath
K264N,0.9923,LPath
K264P,0.9995,LPath
K264Q,0.8652,LPath
K264R,0.269,LBen
K264S,0.9861,LPath
K264T,0.911,LPath
K264V,0.9648,LPath
K264W,0.997,LPath
K264Y,0.9903,LPath
I265A,0.9876,LPath
I265C,0.9972,LPath
I265D,0.9999,LPath
I265E,0.9996,LPath
I265F,0.998,LPath
I265G,0.9995,LPath
I265H,0.9999,LPath
I265K,0.9998,LPath
I265L,0.8919,LPath
I265M,0.9401,LPath
I265N,0.9992,LPath
I265P,0.9998,LPath
I265Q,0.9998,LPath
I265R,0.9996,LPath
I265S,0.997,LPath
I265T,0.9783,LPath
I265V,0.425,Amb
I265W,0.9999,LPath
I265Y,0.9997,LPath
V266A,0.8874,LPath
V266C,0.8733,LPath
V266D,0.9991,LPath
V266E,0.9961,LPath
V266F,0.9471,LPath
V266G,0.9627,LPath
V266H,0.9978,LPath
V266I,0.1422,LBen
V266K,0.9925,LPath
V266L,0.656,LPath
V266M,0.7014,LPath
V266N,0.9924,LPath
V266P,0.9993,LPath
V266Q,0.9895,LPath
V266R,0.9864,LPath
V266S,0.9557,LPath
V266T,0.7397,LPath
V266W,0.9982,LPath
V266Y,0.9935,LPath
D267A,0.7581,LPath
D267C,0.9624,LPath
D267E,0.2263,LBen
D267F,0.983,LPath
D267G,0.6581,LPath
D267H,0.9338,LPath
D267I,0.9856,LPath
D267K,0.966,LPath
D267L,0.9484,LPath
D267M,0.9738,LPath
D267N,0.5478,Amb
D267P,0.9976,LPath
D267Q,0.8568,LPath
D267R,0.9708,LPath
D267S,0.5191,Amb
D267T,0.8424,LPath
D267V,0.9485,LPath
D267W,0.9952,LPath
D267Y,0.9056,LPath
Q268A,0.8665,LPath
Q268C,0.9847,LPath
Q268D,0.9887,LPath
Q268E,0.8282,LPath
Q268F,0.984,LPath
Q268G,0.8776,LPath
Q268H,0.9713,LPath
Q268I,0.9824,LPath
Q268K,0.9801,LPath
Q268L,0.9536,LPath
Q268M,0.8536,LPath
Q268N,0.7854,LPath
Q268P,0.9992,LPath
Q268R,0.9724,LPath
Q268S,0.751,LPath
Q268T,0.8938,LPath
Q268V,0.9623,LPath
Q268W,0.9964,LPath
Q268Y,0.9883,LPath
I269A,0.9782,LPath
I269C,0.9716,LPath
I269D,0.9998,LPath
I269E,0.9992,LPath
I269F,0.9927,LPath
I269G,0.9982,LPath
I269H,0.9997,LPath
I269K,0.9992,LPath
I269L,0.7966,LPath
I269M,0.7679,LPath
I269N,0.9967,LPath
I269P,0.9995,LPath
I269Q,0.9987,LPath
I269R,0.9989,LPath
I269S,0.9871,LPath
I269T,0.8329,LPath
I269V,0.1912,LBen
I269W,0.9998,LPath
I269Y,0.9992,LPath
R270A,0.9988,LPath
R270C,0.9864,LPath
R270D,0.9997,LPath
R270E,0.9978,LPath
R270F,0.9998,LPath
R270G,0.9989,LPath
R270H,0.9871,LPath
R270I,0.9991,LPath
R270K,0.991,LPath
R270L,0.9961,LPath
R270M,0.9998,LPath
R270N,0.9992,LPath
R270P,0.9887,LPath
R270Q,0.9894,LPath
R270S,0.999,LPath
R270T,0.9997,LPath
R270V,0.9987,LPath
R270W,0.9974,LPath
R270Y,0.9989,LPath
P271A,0.8915,LPath
P271C,0.989,LPath
P271D,0.9901,LPath
P271E,0.974,LPath
P271F,0.9971,LPath
P271G,0.9619,LPath
P271H,0.9746,LPath
P271I,0.9874,LPath
P271K,0.9734,LPath
P271L,0.9444,LPath
P271M,0.9821,LPath
P271N,0.9885,LPath
P271Q,0.9552,LPath
P271R,0.9528,LPath
P271S,0.9506,LPath
P271T,0.9338,LPath
P271V,0.963,LPath
P271W,0.9972,LPath
P271Y,0.9946,LPath
D272A,0.992,LPath
D272C,0.997,LPath
D272E,0.9811,LPath
D272F,0.9991,LPath
D272G,0.9872,LPath
D272H,0.9971,LPath
D272I,0.9984,LPath
D272K,0.9983,LPath
D272L,0.9973,LPath
D272M,0.9993,LPath
D272N,0.951,LPath
D272P,0.9983,LPath
D272Q,0.9955,LPath
D272R,0.997,LPath
D272S,0.9747,LPath
D272T,0.9897,LPath
D272V,0.9949,LPath
D272W,0.9997,LPath
D272Y,0.9933,LPath
R273A,0.995,LPath
R273C,0.8248,LPath
R273D,0.9998,LPath
R273E,0.9979,LPath
R273F,0.9995,LPath
R273G,0.9961,LPath
R273H,0.9347,LPath
R273I,0.9976,LPath
R273K,0.8473,LPath
R273L,0.9944,LPath
R273M,0.9984,LPath
R273N,0.9991,LPath
R273P,0.9995,LPath
R273Q,0.952,LPath
R273S,0.9982,LPath
R273T,0.9971,LPath
R273V,0.9952,LPath
R273W,0.995,LPath
R273Y,0.997,LPath
Q274A,0.9691,LPath
Q274C,0.9989,LPath
Q274D,0.9995,LPath
Q274E,0.9525,LPath
Q274F,0.9994,LPath
Q274G,0.9873,LPath
Q274H,0.9989,LPath
Q274I,0.9917,LPath
Q274K,0.9921,LPath
Q274L,0.9864,LPath
Q274M,0.9571,LPath
Q274N,0.9902,LPath
Q274P,0.9971,LPath
Q274R,0.9958,LPath
Q274S,0.9651,LPath
Q274T,0.9685,LPath
Q274V,0.9839,LPath
Q274W,0.9999,LPath
Q274Y,0.9998,LPath
T275A,0.9067,LPath
T275C,0.8593,LPath
T275D,0.9985,LPath
T275E,0.9973,LPath
T275F,0.9896,LPath
T275G,0.9736,LPath
T275H,0.9915,LPath
T275I,0.8218,LPath
T275K,0.9946,LPath
T275L,0.8407,LPath
T275M,0.7318,LPath
T275N,0.9631,LPath
T275P,0.9938,LPath
T275Q,0.9876,LPath
T275R,0.9942,LPath
T275S,0.8603,LPath
T275V,0.4175,Amb
T275W,0.9983,LPath
T275Y,0.9943,LPath
L276A,0.9424,LPath
L276C,0.8346,LPath
L276D,0.9999,LPath
L276E,0.9988,LPath
L276F,0.9918,LPath
L276G,0.9937,LPath
L276H,0.9983,LPath
L276I,0.6417,LPath
L276K,0.9985,LPath
L276M,0.6558,LPath
L276N,0.9969,LPath
L276P,0.9998,LPath
L276Q,0.9935,LPath
L276R,0.9968,LPath
L276S,0.9928,LPath
L276T,0.9653,LPath
L276V,0.3675,Amb
L276W,0.9993,LPath
L276Y,0.9988,LPath
M277A,0.9977,LPath
M277C,0.9821,LPath
M277D,0.9999,LPath
M277E,0.9997,LPath
M277F,0.8586,LPath
M277G,0.998,LPath
M277H,0.999,LPath
M277I,0.998,LPath
M277K,0.9989,LPath
M277L,0.5663,LPath
M277N,0.9992,LPath
M277P,0.9999,LPath
M277Q,0.9953,LPath
M277R,0.9989,LPath
M277S,0.9976,LPath
M277T,0.9992,LPath
M277V,0.9793,LPath
M277W,0.998,LPath
M277Y,0.984,LPath
W278A,0.9981,LPath
W278C,0.9981,LPath
W278D,0.9998,LPath
W278E,0.9999,LPath
W278F,0.3938,Amb
W278G,0.9884,LPath
W278H,0.9978,LPath
W278I,0.9977,LPath
W278K,0.9999,LPath
W278L,0.9895,LPath
W278M,0.9967,LPath
W278N,0.9995,LPath
W278P,0.9999,LPath
W278Q,0.9999,LPath
W278R,0.9999,LPath
W278S,0.9969,LPath
W278T,0.9978,LPath
W278V,0.9959,LPath
W278Y,0.8744,LPath
S279A,0.9668,LPath
S279C,0.9927,LPath
S279D,0.9992,LPath
S279E,0.998,LPath
S279F,0.9998,LPath
S279G,0.987,LPath
S279H,0.9983,LPath
S279I,0.999,LPath
S279K,0.9998,LPath
S279L,0.9979,LPath
S279M,0.9963,LPath
S279N,0.9989,LPath
S279P,0.9997,LPath
S279Q,0.9985,LPath
S279R,0.9998,LPath
S279T,0.7496,LPath
S279V,0.9978,LPath
S279W,0.999,LPath
S279Y,0.9994,LPath
A280C,0.9961,LPath
A280D,1.0,LPath
A280E,0.9997,LPath
A280F,0.9981,LPath
A280G,0.9974,LPath
A280H,0.9997,LPath
A280I,0.9998,LPath
A280K,0.9999,LPath
A280L,0.9947,LPath
A280M,0.9994,LPath
A280N,0.9998,LPath
A280P,0.9996,LPath
A280Q,0.9992,LPath
A280R,0.9972,LPath
A280S,0.963,LPath
A280T,0.9992,LPath
A280V,0.9995,LPath
A280W,0.9998,LPath
A280Y,0.9994,LPath
T281A,0.9969,LPath
T281C,0.9991,LPath
T281D,0.9999,LPath
T281E,0.9993,LPath
T281F,0.9996,LPath
T281G,0.9979,LPath
T281H,0.9994,LPath
T281I,0.9992,LPath
T281K,0.9993,LPath
T281L,0.9971,LPath
T281M,0.9986,LPath
T281N,0.9983,LPath
T281P,0.9971,LPath
T281Q,0.999,LPath
T281R,0.9986,LPath
T281S,0.9949,LPath
T281V,0.9949,LPath
T281W,0.9999,LPath
T281Y,0.9998,LPath
W282A,0.9992,LPath
W282C,0.9996,LPath
W282D,0.9999,LPath
W282E,0.9999,LPath
W282F,0.8581,LPath
W282G,0.9976,LPath
W282H,0.9991,LPath
W282I,0.9986,LPath
W282K,1.0,LPath
W282L,0.9942,LPath
W282M,0.9983,LPath
W282N,0.9998,LPath
W282P,0.9997,LPath
W282Q,0.9999,LPath
W282R,0.9999,LPath
W282S,0.9981,LPath
W282T,0.9996,LPath
W282V,0.9983,LPath
W282Y,0.9704,LPath
P283A,0.9982,LPath
P283C,0.9998,LPath
P283D,0.9994,LPath
P283E,0.9995,LPath
P283F,1.0,LPath
P283G,0.9976,LPath
P283H,0.9993,LPath
P283I,0.9999,LPath
P283K,0.9993,LPath
P283L,0.9991,LPath
P283M,0.9999,LPath
P283N,0.9992,LPath
P283Q,0.9993,LPath
P283R,0.9984,LPath
P283S,0.9988,LPath
P283T,0.9987,LPath
P283V,0.9996,LPath
P283W,1.0,LPath
P283Y,1.0,LPath
K284A,0.9554,LPath
K284C,0.9816,LPath
K284D,0.9843,LPath
K284E,0.9622,LPath
K284F,0.9975,LPath
K284G,0.9562,LPath
K284H,0.8789,LPath
K284I,0.9837,LPath
K284L,0.9601,LPath
K284M,0.9687,LPath
K284N,0.9819,LPath
K284P,0.9672,LPath
K284Q,0.7605,LPath
K284R,0.0868,LBen
K284S,0.9731,LPath
K284T,0.956,LPath
K284V,0.949,LPath
K284W,0.9899,LPath
K284Y,0.9853,LPath
E285A,0.868,LPath
E285C,0.9975,LPath
E285D,0.6256,LPath
E285F,0.9993,LPath
E285G,0.94,LPath
E285H,0.9947,LPath
E285I,0.9913,LPath
E285K,0.9867,LPath
E285L,0.9948,LPath
E285M,0.9933,LPath
E285N,0.9648,LPath
E285P,0.9871,LPath
E285Q,0.8989,LPath
E285R,0.9878,LPath
E285S,0.9007,LPath
E285T,0.9577,LPath
E285V,0.9635,LPath
E285W,0.9997,LPath
E285Y,0.9977,LPath
V286A,0.9977,LPath
V286C,0.9985,LPath
V286D,0.9997,LPath
V286E,0.9988,LPath
V286F,0.9973,LPath
V286G,0.989,LPath
V286H,0.9999,LPath
V286I,0.4408,Amb
V286K,0.9993,LPath
V286L,0.9968,LPath
V286M,0.996,LPath
V286N,0.9983,LPath
V286P,0.9993,LPath
V286Q,0.9992,LPath
V286R,0.9987,LPath
V286S,0.9962,LPath
V286T,0.9876,LPath
V286W,0.9999,LPath
V286Y,0.9995,LPath
R287A,0.9619,LPath
R287C,0.7152,LPath
R287D,0.9981,LPath
R287E,0.9342,LPath
R287F,0.985,LPath
R287G,0.9602,LPath
R287H,0.6709,LPath
R287I,0.9405,LPath
R287K,0.3043,LBen
R287L,0.9273,LPath
R287M,0.9318,LPath
R287N,0.9916,LPath
R287P,0.999,LPath
R287Q,0.3108,LBen
R287S,0.9791,LPath
R287T,0.9683,LPath
R287V,0.9383,LPath
R287W,0.914,LPath
R287Y,0.9635,LPath
Q288A,0.1978,LBen
Q288C,0.7867,LPath
Q288D,0.9254,LPath
Q288E,0.472,Amb
Q288F,0.8515,LPath
Q288G,0.3689,Amb
Q288H,0.5461,Amb
Q288I,0.5426,Amb
Q288K,0.4849,Amb
Q288L,0.2142,LBen
Q288M,0.2622,LBen
Q288N,0.4243,Amb
Q288P,0.9892,LPath
Q288R,0.519,Amb
Q288S,0.2321,LBen
Q288T,0.2514,LBen
Q288V,0.3445,Amb
Q288W,0.9589,LPath
Q288Y,0.8283,LPath
L289A,0.9921,LPath
L289C,0.9978,LPath
L289D,0.9999,LPath
L289E,0.9993,LPath
L289F,0.9944,LPath
L289G,0.999,LPath
L289H,0.9992,LPath
L289I,0.9064,LPath
L289K,0.9976,LPath
L289M,0.7647,LPath
L289N,0.9992,LPath
L289P,0.9999,LPath
L289Q,0.9988,LPath
L289R,0.9977,LPath
L289S,0.9995,LPath
L289T,0.9957,LPath
L289V,0.9599,LPath
L289W,0.9988,LPath
L289Y,0.9988,LPath
A290C,0.9661,LPath
A290D,0.9998,LPath
A290E,0.9992,LPath
A290F,0.9993,LPath
A290G,0.8778,LPath
A290H,0.9992,LPath
A290I,0.9986,LPath
A290K,0.9996,LPath
A290L,0.9913,LPath
A290M,0.9964,LPath
A290N,0.9992,LPath
A290P,0.9995,LPath
A290Q,0.995,LPath
A290R,0.9962,LPath
A290S,0.6599,LPath
A290T,0.9805,LPath
A290V,0.9867,LPath
A290W,0.9998,LPath
A290Y,0.9995,LPath
E291A,0.6192,LPath
E291C,0.9637,LPath
E291D,0.621,LPath
E291F,0.9867,LPath
E291G,0.5464,Amb
E291H,0.9117,LPath
E291I,0.9565,LPath
E291K,0.8202,LPath
E291L,0.9376,LPath
E291M,0.9034,LPath
E291N,0.7495,LPath
E291P,0.9993,LPath
E291Q,0.4463,Amb
E291R,0.8221,LPath
E291S,0.5529,Amb
E291T,0.7685,LPath
E291V,0.867,LPath
E291W,0.9948,LPath
E291Y,0.971,LPath
D292A,0.9625,LPath
D292C,0.997,LPath
D292E,0.7938,LPath
D292F,0.9967,LPath
D292G,0.9763,LPath
D292H,0.991,LPath
D292I,0.9907,LPath
D292K,0.9941,LPath
D292L,0.9912,LPath
D292M,0.995,LPath
D292N,0.919,LPath
D292P,0.9998,LPath
D292Q,0.9846,LPath
D292R,0.9946,LPath
D292S,0.9316,LPath
D292T,0.9638,LPath
D292V,0.9692,LPath
D292W,0.9993,LPath
D292Y,0.9695,LPath
F293A,0.9986,LPath
F293C,0.9928,LPath
F293D,0.9995,LPath
F293E,0.9995,LPath
F293G,0.9989,LPath
F293H,0.9933,LPath
F293I,0.9883,LPath
F293K,0.9993,LPath
F293L,0.9985,LPath
F293M,0.9884,LPath
F293N,0.9963,LPath
F293P,1.0,LPath
F293Q,0.9986,LPath
F293R,0.9979,LPath
F293S,0.9981,LPath
F293T,0.9974,LPath
F293V,0.9863,LPath
F293W,0.9759,LPath
F293Y,0.6551,LPath
L294A,0.9417,LPath
L294C,0.8212,LPath
L294D,0.9997,LPath
L294E,0.9931,LPath
L294F,0.983,LPath
L294G,0.9733,LPath
L294H,0.9945,LPath
L294I,0.8389,LPath
L294K,0.992,LPath
L294M,0.525,Amb
L294N,0.9891,LPath
L294P,0.9995,LPath
L294Q,0.9116,LPath
L294R,0.9877,LPath
L294S,0.9862,LPath
L294T,0.9226,LPath
L294V,0.7585,LPath
L294W,0.9983,LPath
L294Y,0.9983,LPath
K295A,0.5443,Amb
K295C,0.5595,Amb
K295D,0.6799,LPath
K295E,0.3692,Amb
K295F,0.8672,LPath
K295G,0.4779,Amb
K295H,0.1897,LBen
K295I,0.6388,LPath
K295L,0.5829,LPath
K295M,0.5102,Amb
K295N,0.4881,Amb
K295P,0.9276,LPath
K295Q,0.1475,LBen
K295R,0.0683,LBen
K295S,0.4826,Amb
K295T,0.272,LBen
K295V,0.4855,Amb
K295W,0.7542,LPath
K295Y,0.7087,LPath
D296A,0.4226,Amb
D296C,0.8394,LPath
D296E,0.1263,LBen
D296F,0.9312,LPath
D296G,0.3367,LBen
D296H,0.5371,Amb
D296I,0.8202,LPath
D296K,0.6489,LPath
D296L,0.8299,LPath
D296M,0.8664,LPath
D296N,0.1335,LBen
D296P,0.8877,LPath
D296Q,0.404,Amb
D296R,0.7114,LPath
D296S,0.2217,LBen
D296T,0.4122,Amb
D296V,0.6288,LPath
D296W,0.9718,LPath
D296Y,0.6502,LPath
Y297A,0.8672,LPath
Y297C,0.4582,Amb
Y297D,0.9143,LPath
Y297E,0.9797,LPath
Y297F,0.2015,LBen
Y297G,0.8124,LPath
Y297H,0.6364,LPath
Y297I,0.9522,LPath
Y297K,0.9692,LPath
Y297L,0.9338,LPath
Y297M,0.9331,LPath
Y297N,0.6856,LPath
Y297P,0.831,LPath
Y297Q,0.9417,LPath
Y297R,0.9292,LPath
Y297S,0.6238,LPath
Y297T,0.8804,LPath
Y297V,0.8537,LPath
Y297W,0.7208,LPath
I298A,0.4989,Amb
I298C,0.5722,LPath
I298D,0.9803,LPath
I298E,0.9444,LPath
I298F,0.4946,Amb
I298G,0.8861,LPath
I298H,0.852,LPath
I298K,0.8721,LPath
I298L,0.1984,LBen
I298M,0.2143,LBen
I298N,0.7277,LPath
I298P,0.9706,LPath
I298Q,0.7886,LPath
I298R,0.7863,LPath
I298S,0.5665,LPath
I298T,0.2718,LBen
I298V,0.0542,LBen
I298W,0.961,LPath
I298Y,0.8269,LPath
H299A,0.887,LPath
H299C,0.5566,Amb
H299D,0.9654,LPath
H299E,0.9187,LPath
H299F,0.6513,LPath
H299G,0.9353,LPath
H299I,0.8804,LPath
H299K,0.919,LPath
H299L,0.6074,LPath
H299M,0.8126,LPath
H299N,0.6378,LPath
H299P,0.9664,LPath
H299Q,0.4454,Amb
H299R,0.8117,LPath
H299S,0.7667,LPath
H299T,0.8417,LPath
H299V,0.833,LPath
H299W,0.8342,LPath
H299Y,0.4925,Amb
I300A,0.9902,LPath
I300C,0.9635,LPath
I300D,0.9998,LPath
I300E,0.9992,LPath
I300F,0.9288,LPath
I300G,0.9986,LPath
I300H,0.999,LPath
I300K,0.9986,LPath
I300L,0.365,Amb
I300M,0.6277,LPath
I300N,0.9961,LPath
I300P,0.9989,LPath
I300Q,0.9982,LPath
I300R,0.9977,LPath
I300S,0.9943,LPath
I300T,0.9887,LPath
I300V,0.168,LBen
I300W,0.9985,LPath
I300Y,0.9955,LPath
N301A,0.905,LPath
N301C,0.6441,LPath
N301D,0.9681,LPath
N301E,0.9881,LPath
N301F,0.9748,LPath
N301G,0.9299,LPath
N301H,0.5721,LPath
N301I,0.9045,LPath
N301K,0.9879,LPath
N301L,0.9062,LPath
N301M,0.9184,LPath
N301P,0.9945,LPath
N301Q,0.8811,LPath
N301R,0.9588,LPath
N301S,0.2971,LBen
N301T,0.4529,Amb
N301V,0.8207,LPath
N301W,0.991,LPath
N301Y,0.8666,LPath
I302A,0.9225,LPath
I302C,0.9822,LPath
I302D,0.9993,LPath
I302E,0.9966,LPath
I302F,0.9808,LPath
I302G,0.9965,LPath
I302H,0.9987,LPath
I302K,0.9964,LPath
I302L,0.8556,LPath
I302M,0.8262,LPath
I302N,0.9916,LPath
I302P,0.9967,LPath
I302Q,0.996,LPath
I302R,0.9935,LPath
I302S,0.9593,LPath
I302T,0.6894,LPath
I302V,0.0714,LBen
I302W,0.9995,LPath
I302Y,0.9983,LPath
G303A,0.9929,LPath
G303C,0.9977,LPath
G303D,0.9994,LPath
G303E,0.9997,LPath
G303F,0.9997,LPath
G303H,0.9997,LPath
G303I,0.9996,LPath
G303K,0.9996,LPath
G303L,0.9993,LPath
G303M,0.9998,LPath
G303N,0.9992,LPath
G303P,0.9998,LPath
G303Q,0.9994,LPath
G303R,0.999,LPath
G303S,0.9903,LPath
G303T,0.9977,LPath
G303V,0.9991,LPath
G303W,0.9997,LPath
G303Y,0.9997,LPath
A304C,0.7846,LPath
A304D,0.9361,LPath
A304E,0.9367,LPath
A304F,0.9275,LPath
A304G,0.5789,LPath
A304H,0.7965,LPath
A304I,0.9679,LPath
A304K,0.9566,LPath
A304L,0.7569,LPath
A304M,0.8394,LPath
A304N,0.433,Amb
A304P,0.969,LPath
A304Q,0.7305,LPath
A304R,0.8793,LPath
A304S,0.129,LBen
A304T,0.5951,LPath
A304V,0.8573,LPath
A304W,0.9897,LPath
A304Y,0.9426,LPath
L305A,0.7562,LPath
L305C,0.9355,LPath
L305D,0.985,LPath
L305E,0.9244,LPath
L305F,0.8411,LPath
L305G,0.9266,LPath
L305H,0.9176,LPath
L305I,0.4848,Amb
L305K,0.8597,LPath
L305M,0.25,LBen
L305N,0.9153,LPath
L305P,0.9476,LPath
L305Q,0.7268,LPath
L305R,0.8089,LPath
L305S,0.8778,LPath
L305T,0.6134,LPath
L305V,0.3665,Amb
L305W,0.9303,LPath
L305Y,0.9575,LPath
E306A,0.507,Amb
E306C,0.9775,LPath
E306D,0.4022,Amb
E306F,0.9901,LPath
E306G,0.5692,LPath
E306H,0.8896,LPath
E306I,0.9637,LPath
E306K,0.8883,LPath
E306L,0.9353,LPath
E306M,0.93,LPath
E306N,0.6429,LPath
E306P,0.9915,LPath
E306Q,0.3098,LBen
E306R,0.9018,LPath
E306S,0.3677,Amb
E306T,0.569,LPath
E306V,0.8507,LPath
E306W,0.9974,LPath
E306Y,0.9767,LPath
L307A,0.9909,LPath
L307C,0.9982,LPath
L307D,0.9996,LPath
L307E,0.9992,LPath
L307F,0.9964,LPath
L307G,0.9953,LPath
L307H,0.9992,LPath
L307I,0.933,LPath
L307K,0.9964,LPath
L307M,0.9328,LPath
L307N,0.9932,LPath
L307P,0.9988,LPath
L307Q,0.9989,LPath
L307R,0.9965,LPath
L307S,0.9989,LPath
L307T,0.9906,LPath
L307V,0.9701,LPath
L307W,0.9988,LPath
L307Y,0.9978,LPath
S308A,0.1667,LBen
S308C,0.1116,LBen
S308D,0.9912,LPath
S308E,0.9763,LPath
S308F,0.9221,LPath
S308G,0.6175,LPath
S308H,0.6911,LPath
S308I,0.938,LPath
S308K,0.9836,LPath
S308L,0.7039,LPath
S308M,0.6992,LPath
S308N,0.8079,LPath
S308P,0.9974,LPath
S308Q,0.8383,LPath
S308R,0.9639,LPath
S308T,0.3011,LBen
S308V,0.8176,LPath
S308W,0.9511,LPath
S308Y,0.8969,LPath
A309C,0.9856,LPath
A309D,0.9999,LPath
A309E,0.9997,LPath
A309F,0.9986,LPath
A309G,0.9816,LPath
A309H,0.9996,LPath
A309I,0.9991,LPath
A309K,0.9998,LPath
A309L,0.9892,LPath
A309M,0.9987,LPath
A309N,0.9996,LPath
A309P,0.9979,LPath
A309Q,0.9988,LPath
A309R,0.9972,LPath
A309S,0.9111,LPath
A309T,0.9911,LPath
A309V,0.9959,LPath
A309W,0.9998,LPath
A309Y,0.9995,LPath
N310A,0.9921,LPath
N310C,0.8841,LPath
N310D,0.999,LPath
N310E,0.9996,LPath
N310F,0.9992,LPath
N310G,0.9951,LPath
N310H,0.9875,LPath
N310I,0.9976,LPath
N310K,0.9997,LPath
N310L,0.9955,LPath
N310M,0.9977,LPath
N310P,0.9943,LPath
N310Q,0.9981,LPath
N310R,0.9983,LPath
N310S,0.7622,LPath
N310T,0.9865,LPath
N310V,0.9923,LPath
N310W,0.9997,LPath
N310Y,0.9964,LPath
H311A,0.9933,LPath
H311C,0.9582,LPath
H311D,0.9946,LPath
H311E,0.9949,LPath
H311F,0.9914,LPath
H311G,0.9925,LPath
H311I,0.9983,LPath
H311K,0.9203,LPath
H311L,0.9814,LPath
H311M,0.9969,LPath
H311N,0.9664,LPath
H311P,0.9552,LPath
H311Q,0.9727,LPath
H311R,0.8917,LPath
H311S,0.9844,LPath
H311T,0.9932,LPath
H311V,0.9967,LPath
H311W,0.9849,LPath
H311Y,0.9713,LPath
N312A,0.8972,LPath
N312C,0.7851,LPath
N312D,0.9085,LPath
N312E,0.9826,LPath
N312F,0.9909,LPath
N312G,0.9276,LPath
N312H,0.5,Amb
N312I,0.9929,LPath
N312K,0.9224,LPath
N312L,0.9214,LPath
N312M,0.9739,LPath
N312P,0.9988,LPath
N312Q,0.8431,LPath
N312R,0.7194,LPath
N312S,0.4887,Amb
N312T,0.929,LPath
N312V,0.9794,LPath
N312W,0.996,LPath
N312Y,0.9175,LPath
I313A,0.9998,LPath
I313C,0.9999,LPath
I313D,1.0,LPath
I313E,0.9999,LPath
I313F,0.9998,LPath
I313G,1.0,LPath
I313H,1.0,LPath
I313K,1.0,LPath
I313L,0.9968,LPath
I313M,0.9986,LPath
I313N,0.9999,LPath
I313P,0.9999,LPath
I313Q,1.0,LPath
I313R,0.9998,LPath
I313S,0.9997,LPath
I313T,0.9996,LPath
I313V,0.8627,LPath
I313W,1.0,LPath
I313Y,0.9999,LPath
L314A,0.9913,LPath
L314C,0.9855,LPath
L314D,0.9997,LPath
L314E,0.9981,LPath
L314F,0.9628,LPath
L314G,0.9985,LPath
L314H,0.9919,LPath
L314I,0.8355,LPath
L314K,0.9805,LPath
L314M,0.8155,LPath
L314N,0.9977,LPath
L314P,0.9999,LPath
L314Q,0.9889,LPath
L314R,0.9713,LPath
L314S,0.9975,LPath
L314T,0.9651,LPath
L314V,0.8791,LPath
L314W,0.9923,LPath
L314Y,0.988,LPath
Q315A,0.9877,LPath
Q315C,0.9997,LPath
Q315D,0.9998,LPath
Q315E,0.9885,LPath
Q315F,0.9995,LPath
Q315G,0.9856,LPath
Q315H,0.9995,LPath
Q315I,0.999,LPath
Q315K,0.9992,LPath
Q315L,0.9955,LPath
Q315M,0.9873,LPath
Q315N,0.9949,LPath
Q315P,0.9993,LPath
Q315R,0.9995,LPath
Q315S,0.973,LPath
Q315T,0.9869,LPath
Q315V,0.9974,LPath
Q315W,0.9999,LPath
Q315Y,0.9999,LPath
I316A,0.9994,LPath
I316C,0.9998,LPath
I316D,0.9999,LPath
I316E,0.9996,LPath
I316F,0.9912,LPath
I316G,0.9999,LPath
I316H,0.9998,LPath
I316K,0.9997,LPath
I316L,0.9787,LPath
I316M,0.973,LPath
I316N,0.9995,LPath
I316P,0.9999,LPath
I316Q,0.9998,LPath
I316R,0.9991,LPath
I316S,0.9998,LPath
I316T,0.9995,LPath
I316V,0.8987,LPath
I316W,0.9993,LPath
I316Y,0.9981,LPath
V317A,0.994,LPath
V317C,0.9919,LPath
V317D,0.9999,LPath
V317E,0.9997,LPath
V317F,0.9917,LPath
V317G,0.9983,LPath
V317H,0.9999,LPath
V317I,0.1263,LBen
V317K,0.9998,LPath
V317L,0.9753,LPath
V317M,0.9788,LPath
V317N,0.9997,LPath
V317P,0.9996,LPath
V317Q,0.9997,LPath
V317R,0.9995,LPath
V317S,0.9975,LPath
V317T,0.976,LPath
V317W,0.9999,LPath
V317Y,0.9997,LPath
D318A,0.9957,LPath
D318C,0.9996,LPath
D318E,0.9836,LPath
D318F,0.9993,LPath
D318G,0.9977,LPath
D318H,0.9976,LPath
D318I,0.999,LPath
D318K,0.9995,LPath
D318L,0.9969,LPath
D318M,0.9994,LPath
D318N,0.9907,LPath
D318P,0.9999,LPath
D318Q,0.9987,LPath
D318R,0.9992,LPath
D318S,0.9926,LPath
D318T,0.9985,LPath
D318V,0.9975,LPath
D318W,0.9997,LPath
D318Y,0.9955,LPath
V319A,0.9881,LPath
V319C,0.9658,LPath
V319D,0.9997,LPath
V319E,0.9991,LPath
V319F,0.9575,LPath
V319G,0.994,LPath
V319H,0.9993,LPath
V319I,0.1697,LBen
V319K,0.9994,LPath
V319L,0.9585,LPath
V319M,0.93,LPath
V319N,0.9974,LPath
V319P,0.9989,LPath
V319Q,0.9984,LPath
V319R,0.9983,LPath
V319S,0.9919,LPath
V319T,0.9686,LPath
V319W,0.9994,LPath
V319Y,0.9959,LPath
C320A,0.9873,LPath
C320D,0.9999,LPath
C320E,0.9999,LPath
C320F,0.996,LPath
C320G,0.9895,LPath
C320H,0.9997,LPath
C320I,0.9362,LPath
C320K,1.0,LPath
C320L,0.949,LPath
C320M,0.9781,LPath
C320N,0.9992,LPath
C320P,0.9998,LPath
C320Q,0.9997,LPath
C320R,0.9995,LPath
C320S,0.9916,LPath
C320T,0.977,LPath
C320V,0.7444,LPath
C320W,0.9997,LPath
C320Y,0.9996,LPath
H321A,0.1227,LBen
H321C,0.113,LBen
H321D,0.3202,LBen
H321E,0.3606,Amb
H321F,0.2506,LBen
H321G,0.1592,LBen
H321I,0.2843,LBen
H321K,0.4137,Amb
H321L,0.0916,LBen
H321M,0.1935,LBen
H321N,0.0433,LBen
H321P,0.2181,LBen
H321Q,0.1031,LBen
H321R,0.2521,LBen
H321S,0.0724,LBen
H321T,0.0941,LBen
H321V,0.1789,LBen
H321W,0.5486,Amb
H321Y,0.1214,LBen
D322A,0.776,LPath
D322C,0.9707,LPath
D322E,0.1868,LBen
D322F,0.9819,LPath
D322G,0.8447,LPath
D322H,0.928,LPath
D322I,0.9431,LPath
D322K,0.9659,LPath
D322L,0.9206,LPath
D322M,0.9655,LPath
D322N,0.5119,Amb
D322P,0.9583,LPath
D322Q,0.8828,LPath
D322R,0.9685,LPath
D322S,0.6708,LPath
D322T,0.8241,LPath
D322V,0.8523,LPath
D322W,0.9958,LPath
D322Y,0.9159,LPath
V323A,0.0831,LBen
V323C,0.3345,LBen
V323D,0.4761,Amb
V323E,0.4658,Amb
V323F,0.1149,LBen
V323G,0.0778,LBen
V323H,0.313,LBen
V323I,0.0691,LBen
V323K,0.6457,LPath
V323L,0.0927,LBen
V323M,0.0778,LBen
V323N,0.1008,LBen
V323P,0.3519,Amb
V323Q,0.2514,LBen
V323R,0.5847,LPath
V323S,0.0793,LBen
V323T,0.0896,LBen
V323W,0.6449,LPath
V323Y,0.3243,LBen
E324A,0.9154,LPath
E324C,0.9901,LPath
E324D,0.6218,LPath
E324F,0.9976,LPath
E324G,0.9119,LPath
E324H,0.9842,LPath
E324I,0.9941,LPath
E324K,0.9822,LPath
E324L,0.9841,LPath
E324M,0.985,LPath
E324N,0.9539,LPath
E324P,0.9988,LPath
E324Q,0.6921,LPath
E324R,0.9794,LPath
E324S,0.9168,LPath
E324T,0.9774,LPath
E324V,0.9776,LPath
E324W,0.999,LPath
E324Y,0.9948,LPath
K325A,0.9994,LPath
K325C,0.9998,LPath
K325D,0.9998,LPath
K325E,0.9993,LPath
K325F,1.0,LPath
K325G,0.9992,LPath
K325H,0.9989,LPath
K325I,0.9995,LPath
K325L,0.9988,LPath
K325M,0.9983,LPath
K325N,0.9998,LPath
K325P,0.9996,LPath
K325Q,0.9983,LPath
K325R,0.7794,LPath
K325S,0.9999,LPath
K325T,0.9987,LPath
K325V,0.9991,LPath
K325W,1.0,LPath
K325Y,0.9998,LPath
D326A,0.8516,LPath
D326C,0.9784,LPath
D326E,0.2028,LBen
D326F,0.9763,LPath
D326G,0.8007,LPath
D326H,0.9176,LPath
D326I,0.9499,LPath
D326K,0.9648,LPath
D326L,0.9353,LPath
D326M,0.9629,LPath
D326N,0.4902,Amb
D326P,0.956,LPath
D326Q,0.8546,LPath
D326R,0.9701,LPath
D326S,0.7253,LPath
D326T,0.833,LPath
D326V,0.8843,LPath
D326W,0.9937,LPath
D326Y,0.9034,LPath
E327A,0.2497,LBen
E327C,0.8079,LPath
E327D,0.0575,LBen
E327F,0.802,LPath
E327G,0.2155,LBen
E327H,0.5396,Amb
E327I,0.538,Amb
E327K,0.5542,Amb
E327L,0.5284,Amb
E327M,0.5963,LPath
E327N,0.1756,LBen
E327P,0.801,LPath
E327Q,0.2412,LBen
E327R,0.6314,LPath
E327S,0.1887,LBen
E327T,0.2884,LBen
E327V,0.3781,Amb
E327W,0.9268,LPath
E327Y,0.6625,LPath
K328A,0.9934,LPath
K328C,0.9954,LPath
K328D,0.9985,LPath
K328E,0.9968,LPath
K328F,0.9989,LPath
K328G,0.9954,LPath
K328H,0.9693,LPath
K328I,0.9946,LPath
K328L,0.983,LPath
K328M,0.9817,LPath
K328N,0.9972,LPath
K328P,0.9989,LPath
K328Q,0.9876,LPath
K328R,0.4809,Amb
K328S,0.9984,LPath
K328T,0.9885,LPath
K328V,0.9878,LPath
K328W,0.9986,LPath
K328Y,0.9932,LPath
L329A,0.9716,LPath
L329C,0.8788,LPath
L329D,0.9999,LPath
L329E,0.9994,LPath
L329F,0.8292,LPath
L329G,0.9937,LPath
L329H,0.9979,LPath
L329I,0.7033,LPath
L329K,0.9989,LPath
L329M,0.4308,Amb
L329N,0.9986,LPath
L329P,0.9999,LPath
L329Q,0.996,LPath
L329R,0.9979,LPath
L329S,0.9977,LPath
L329T,0.9772,LPath
L329V,0.6225,LPath
L329W,0.9941,LPath
L329Y,0.9919,LPath
I330A,0.464,Amb
I330C,0.4871,Amb
I330D,0.9364,LPath
I330E,0.8252,LPath
I330F,0.1935,LBen
I330G,0.6313,LPath
I330H,0.6571,LPath
I330K,0.7603,LPath
I330L,0.0697,LBen
I330M,0.088,LBen
I330N,0.4492,Amb
I330P,0.9838,LPath
I330Q,0.5511,Amb
I330R,0.6958,LPath
I330S,0.4332,Amb
I330T,0.3206,LBen
I330V,0.0753,LBen
I330W,0.8164,LPath
I330Y,0.5755,LPath
R331A,0.8464,LPath
R331C,0.484,Amb
R331D,0.9542,LPath
R331E,0.8575,LPath
R331F,0.9256,LPath
R331G,0.7754,LPath
R331H,0.2217,LBen
R331I,0.8261,LPath
R331K,0.1924,LBen
R331L,0.6661,LPath
R331M,0.8001,LPath
R331N,0.8754,LPath
R331P,0.9955,LPath
R331Q,0.2546,LBen
R331S,0.8651,LPath
R331T,0.7259,LPath
R331V,0.82,LPath
R331W,0.7429,LPath
R331Y,0.8292,LPath
L332A,0.9971,LPath
L332C,0.9949,LPath
L332D,0.9999,LPath
L332E,0.9997,LPath
L332F,0.9961,LPath
L332G,0.9993,LPath
L332H,0.9982,LPath
L332I,0.9085,LPath
L332K,0.9972,LPath
L332M,0.9448,LPath
L332N,0.9993,LPath
L332P,0.9999,LPath
L332Q,0.9991,LPath
L332R,0.9969,LPath
L332S,0.9998,LPath
L332T,0.9972,LPath
L332V,0.9434,LPath
L332W,0.9991,LPath
L332Y,0.9989,LPath
M333A,0.9594,LPath
M333C,0.859,LPath
M333D,0.9997,LPath
M333E,0.9975,LPath
M333F,0.902,LPath
M333G,0.9916,LPath
M333H,0.9952,LPath
M333I,0.9085,LPath
M333K,0.9922,LPath
M333L,0.1241,LBen
M333N,0.9928,LPath
M333P,0.9998,LPath
M333Q,0.9794,LPath
M333R,0.9947,LPath
M333S,0.982,LPath
M333T,0.9223,LPath
M333V,0.5387,Amb
M333W,0.9963,LPath
M333Y,0.9942,LPath
E334A,0.836,LPath
E334C,0.9877,LPath
E334D,0.602,LPath
E334F,0.998,LPath
E334G,0.6624,LPath
E334H,0.9674,LPath
E334I,0.9879,LPath
E334K,0.9197,LPath
E334L,0.9805,LPath
E334M,0.9724,LPath
E334N,0.8551,LPath
E334P,0.9993,LPath
E334Q,0.6021,LPath
E334R,0.9321,LPath
E334S,0.7887,LPath
E334T,0.84,LPath
E334V,0.9556,LPath
E334W,0.998,LPath
E334Y,0.9918,LPath
E335A,0.992,LPath
E335C,0.9989,LPath
E335D,0.9799,LPath
E335F,0.9997,LPath
E335G,0.985,LPath
E335H,0.9989,LPath
E335I,0.9985,LPath
E335K,0.9968,LPath
E335L,0.9987,LPath
E335M,0.998,LPath
E335N,0.9968,LPath
E335P,1.0,LPath
E335Q,0.9838,LPath
E335R,0.9966,LPath
E335S,0.9961,LPath
E335T,0.9958,LPath
E335V,0.9957,LPath
E335W,0.9999,LPath
E335Y,0.999,LPath
I336A,0.9951,LPath
I336C,0.9991,LPath
I336D,0.9998,LPath
I336E,0.999,LPath
I336F,0.9941,LPath
I336G,0.9996,LPath
I336H,0.9999,LPath
I336K,0.9996,LPath
I336L,0.9397,LPath
I336M,0.9101,LPath
I336N,0.9988,LPath
I336P,0.9999,LPath
I336Q,0.9997,LPath
I336R,0.9991,LPath
I336S,0.9986,LPath
I336T,0.9986,LPath
I336V,0.871,LPath
I336W,0.9997,LPath
I336Y,0.9992,LPath
M337A,0.9505,LPath
M337C,0.9201,LPath
M337D,0.9984,LPath
M337E,0.9943,LPath
M337F,0.8699,LPath
M337G,0.9584,LPath
M337H,0.987,LPath
M337I,0.9845,LPath
M337K,0.9871,LPath
M337L,0.6265,LPath
M337N,0.9731,LPath
M337P,0.9996,LPath
M337Q,0.9279,LPath
M337R,0.9833,LPath
M337S,0.8901,LPath
M337T,0.9253,LPath
M337V,0.7398,LPath
M337W,0.9929,LPath
M337Y,0.9876,LPath
S338A,0.1166,LBen
S338C,0.381,Amb
S338D,0.93,LPath
S338E,0.9156,LPath
S338F,0.8985,LPath
S338G,0.1529,LBen
S338H,0.8701,LPath
S338I,0.8927,LPath
S338K,0.9822,LPath
S338L,0.4667,Amb
S338M,0.5356,Amb
S338N,0.4929,Amb
S338P,0.9971,LPath
S338Q,0.7642,LPath
S338R,0.971,LPath
S338T,0.3301,LBen
S338V,0.7958,LPath
S338W,0.9513,LPath
S338Y,0.8542,LPath
E339A,0.9862,LPath
E339C,0.9971,LPath
E339D,0.9872,LPath
E339F,0.9996,LPath
E339G,0.9698,LPath
E339H,0.9985,LPath
E339I,0.9981,LPath
E339K,0.9929,LPath
E339L,0.9976,LPath
E339M,0.9973,LPath
E339N,0.9958,LPath
E339P,0.9997,LPath
E339Q,0.9405,LPath
E339R,0.9898,LPath
E339S,0.9895,LPath
E339T,0.9924,LPath
E339V,0.9918,LPath
E339W,0.9998,LPath
E339Y,0.9993,LPath
K340A,0.8841,LPath
K340C,0.9746,LPath
K340D,0.9121,LPath
K340E,0.8335,LPath
K340F,0.997,LPath
K340G,0.8754,LPath
K340H,0.7559,LPath
K340I,0.9766,LPath
K340L,0.9566,LPath
K340M,0.9356,LPath
K340N,0.9074,LPath
K340P,0.8781,LPath
K340Q,0.4918,Amb
K340R,0.139,LBen
K340S,0.8874,LPath
K340T,0.8001,LPath
K340V,0.9394,LPath
K340W,0.9914,LPath
K340Y,0.9839,LPath
E341A,0.9508,LPath
E341C,0.9964,LPath
E341D,0.6787,LPath
E341F,0.999,LPath
E341G,0.9063,LPath
E341H,0.9955,LPath
E341I,0.9939,LPath
E341K,0.9894,LPath
E341L,0.996,LPath
E341M,0.9954,LPath
E341N,0.9625,LPath
E341P,0.9973,LPath
E341Q,0.9331,LPath
E341R,0.9889,LPath
E341S,0.9619,LPath
E341T,0.9753,LPath
E341V,0.9796,LPath
E341W,0.9994,LPath
E341Y,0.9964,LPath
N342A,0.9508,LPath
N342C,0.6133,LPath
N342D,0.9739,LPath
N342E,0.9928,LPath
N342F,0.9894,LPath
N342G,0.9225,LPath
N342H,0.9051,LPath
N342I,0.987,LPath
N342K,0.9944,LPath
N342L,0.9633,LPath
N342M,0.9496,LPath
N342P,0.9881,LPath
N342Q,0.9766,LPath
N342R,0.9882,LPath
N342S,0.7141,LPath
N342T,0.9137,LPath
N342V,0.9665,LPath
N342W,0.9956,LPath
N342Y,0.8968,LPath
K343A,0.9988,LPath
K343C,0.9978,LPath
K343D,0.9999,LPath
K343E,0.9997,LPath
K343F,0.9999,LPath
K343G,0.999,LPath
K343H,0.9948,LPath
K343I,0.9994,LPath
K343L,0.9971,LPath
K343M,0.9981,LPath
K343N,0.9998,LPath
K343P,0.9993,LPath
K343Q,0.9955,LPath
K343R,0.5315,Amb
K343S,0.9997,LPath
K343T,0.9973,LPath
K343V,0.9984,LPath
K343W,0.9999,LPath
K343Y,0.9996,LPath
T344A,0.8423,LPath
T344C,0.8597,LPath
T344D,0.9995,LPath
T344E,0.9995,LPath
T344F,0.9978,LPath
T344G,0.9727,LPath
T344H,0.9983,LPath
T344I,0.9239,LPath
T344K,0.9995,LPath
T344L,0.9385,LPath
T344M,0.8746,LPath
T344N,0.9892,LPath
T344P,0.999,LPath
T344Q,0.9976,LPath
T344R,0.9993,LPath
T344S,0.8405,LPath
T344V,0.7234,LPath
T344W,0.9997,LPath
T344Y,0.9989,LPath
I345A,0.9968,LPath
I345C,0.9991,LPath
I345D,1.0,LPath
I345E,0.9999,LPath
I345F,0.9903,LPath
I345G,0.9999,LPath
I345H,1.0,LPath
I345K,0.9999,LPath
I345L,0.2167,LBen
I345M,0.6347,LPath
I345N,0.9998,LPath
I345P,0.9999,LPath
I345Q,0.9999,LPath
I345R,0.9998,LPath
I345S,0.9995,LPath
I345T,0.9986,LPath
I345V,0.4641,Amb
I345W,0.9998,LPath
I345Y,0.9995,LPath
V346A,0.9816,LPath
V346C,0.9718,LPath
V346D,0.9999,LPath
V346E,0.9998,LPath
V346F,0.9708,LPath
V346G,0.9957,LPath
V346H,0.9999,LPath
V346I,0.0751,LBen
V346K,0.9999,LPath
V346L,0.7579,LPath
V346M,0.9124,LPath
V346N,0.9994,LPath
V346P,0.9996,LPath
V346Q,0.9996,LPath
V346R,0.9996,LPath
V346S,0.995,LPath
V346T,0.9805,LPath
V346W,0.9998,LPath
V346Y,0.9988,LPath
F347A,0.9999,LPath
F347C,0.9998,LPath
F347D,1.0,LPath
F347E,1.0,LPath
F347G,0.9999,LPath
F347H,0.9997,LPath
F347I,0.9998,LPath
F347K,1.0,LPath
F347L,1.0,LPath
F347M,0.9996,LPath
F347N,0.9999,LPath
F347P,1.0,LPath
F347Q,0.9999,LPath
F347R,0.9999,LPath
F347S,0.9999,LPath
F347T,0.9999,LPath
F347V,0.9998,LPath
F347W,0.9967,LPath
F347Y,0.9958,LPath
V348A,0.7573,LPath
V348C,0.7743,LPath
V348D,0.9994,LPath
V348E,0.9985,LPath
V348F,0.991,LPath
V348G,0.9122,LPath
V348H,0.9994,LPath
V348I,0.4631,Amb
V348K,0.9993,LPath
V348L,0.9699,LPath
V348M,0.9313,LPath
V348N,0.9946,LPath
V348P,0.9989,LPath
V348Q,0.9953,LPath
V348R,0.9971,LPath
V348S,0.8171,LPath
V348T,0.3347,LBen
V348W,0.9999,LPath
V348Y,0.9993,LPath
E349A,0.9347,LPath
E349C,0.9961,LPath
E349D,0.8775,LPath
E349F,0.9995,LPath
E349G,0.8738,LPath
E349H,0.9981,LPath
E349I,0.9986,LPath
E349K,0.9959,LPath
E349L,0.9968,LPath
E349M,0.9943,LPath
E349N,0.9759,LPath
E349P,0.9996,LPath
E349Q,0.9185,LPath
E349R,0.9946,LPath
E349S,0.919,LPath
E349T,0.9868,LPath
E349V,0.9942,LPath
E349W,0.9999,LPath
E349Y,0.9991,LPath
T350A,0.9934,LPath
T350C,0.9979,LPath
T350D,0.9974,LPath
T350E,0.9955,LPath
T350F,0.9955,LPath
T350G,0.9727,LPath
T350H,0.9895,LPath
T350I,0.9994,LPath
T350K,0.9797,LPath
T350L,0.9897,LPath
T350M,0.979,LPath
T350N,0.9586,LPath
T350P,0.9976,LPath
T350Q,0.9753,LPath
T350R,0.9714,LPath
T350S,0.9567,LPath
T350V,0.9956,LPath
T350W,0.9987,LPath
T350Y,0.9919,LPath
K351A,0.9995,LPath
K351C,1.0,LPath
K351D,1.0,LPath
K351E,0.9999,LPath
K351F,1.0,LPath
K351G,0.9996,LPath
K351H,0.9994,LPath
K351I,0.9999,LPath
K351L,0.9998,LPath
K351M,0.9997,LPath
K351N,1.0,LPath
K351P,0.9991,LPath
K351Q,0.9989,LPath
K351R,0.8397,LPath
K351S,0.9998,LPath
K351T,0.9995,LPath
K351V,0.9998,LPath
K351W,1.0,LPath
K351Y,0.9999,LPath
R352A,0.9848,LPath
R352C,0.9247,LPath
R352D,0.998,LPath
R352E,0.9912,LPath
R352F,0.9888,LPath
R352G,0.9744,LPath
R352H,0.7668,LPath
R352I,0.9566,LPath
R352K,0.2274,LBen
R352L,0.9456,LPath
R352M,0.9702,LPath
R352N,0.9928,LPath
R352P,0.9982,LPath
R352Q,0.7462,LPath
R352S,0.9937,LPath
R352T,0.9876,LPath
R352V,0.961,LPath
R352W,0.9472,LPath
R352Y,0.9617,LPath
R353A,0.9537,LPath
R353C,0.82,LPath
R353D,0.9901,LPath
R353E,0.9759,LPath
R353F,0.988,LPath
R353G,0.8235,LPath
R353H,0.6517,LPath
R353I,0.9738,LPath
R353K,0.2635,LBen
R353L,0.9195,LPath
R353M,0.9602,LPath
R353N,0.9748,LPath
R353P,0.999,LPath
R353Q,0.6468,LPath
R353S,0.9667,LPath
R353T,0.9569,LPath
R353V,0.9708,LPath
R353W,0.9557,LPath
R353Y,0.9622,LPath
C354A,0.8943,LPath
C354D,0.9999,LPath
C354E,0.9999,LPath
C354F,0.9993,LPath
C354G,0.9632,LPath
C354H,0.9998,LPath
C354I,0.9897,LPath
C354K,1.0,LPath
C354L,0.9953,LPath
C354M,0.995,LPath
C354N,0.9975,LPath
C354P,1.0,LPath
C354Q,0.9996,LPath
C354R,0.9994,LPath
C354S,0.939,LPath
C354T,0.8641,LPath
C354V,0.8006,LPath
C354W,0.9999,LPath
C354Y,0.9998,LPath
D355A,0.9963,LPath
D355C,0.9995,LPath
D355E,0.9556,LPath
D355F,0.9998,LPath
D355G,0.9959,LPath
D355H,0.9993,LPath
D355I,0.9992,LPath
D355K,0.9994,LPath
D355L,0.9984,LPath
D355M,0.9996,LPath
D355N,0.9664,LPath
D355P,0.9999,LPath
D355Q,0.9985,LPath
D355R,0.9989,LPath
D355S,0.9878,LPath
D355T,0.9959,LPath
D355V,0.9965,LPath
D355W,0.9999,LPath
D355Y,0.9985,LPath
E356A,0.6253,LPath
E356C,0.9656,LPath
E356D,0.0703,LBen
E356F,0.9339,LPath
E356G,0.7886,LPath
E356H,0.9189,LPath
E356I,0.8214,LPath
E356K,0.9422,LPath
E356L,0.8153,LPath
E356M,0.8589,LPath
E356N,0.5609,Amb
E356P,0.9985,LPath
E356Q,0.6839,LPath
E356R,0.9539,LPath
E356S,0.5947,LPath
E356T,0.6957,LPath
E356V,0.7064,LPath
E356W,0.9866,LPath
E356Y,0.8821,LPath
L357A,0.9753,LPath
L357C,0.9807,LPath
L357D,0.9996,LPath
L357E,0.9971,LPath
L357F,0.962,LPath
L357G,0.9972,LPath
L357H,0.9963,LPath
L357I,0.2284,LBen
L357K,0.9919,LPath
L357M,0.4914,Amb
L357N,0.9956,LPath
L357P,0.9998,LPath
L357Q,0.9908,LPath
L357R,0.9925,LPath
L357S,0.9975,LPath
L357T,0.9565,LPath
L357V,0.3701,Amb
L357W,0.9942,LPath
L357Y,0.9927,LPath
T358A,0.7542,LPath
T358C,0.7338,LPath
T358D,0.997,LPath
T358E,0.9884,LPath
T358F,0.9942,LPath
T358G,0.8532,LPath
T358H,0.9851,LPath
T358I,0.9638,LPath
T358K,0.9923,LPath
T358L,0.8749,LPath
T358M,0.8098,LPath
T358N,0.9103,LPath
T358P,0.991,LPath
T358Q,0.9387,LPath
T358R,0.9869,LPath
T358S,0.7273,LPath
T358V,0.738,LPath
T358W,0.9987,LPath
T358Y,0.9944,LPath
R359A,0.985,LPath
R359C,0.8879,LPath
R359D,0.9965,LPath
R359E,0.9845,LPath
R359F,0.9836,LPath
R359G,0.9585,LPath
R359H,0.7199,LPath
R359I,0.9819,LPath
R359K,0.388,Amb
R359L,0.9524,LPath
R359M,0.9743,LPath
R359N,0.9895,LPath
R359P,0.9994,LPath
R359Q,0.7122,LPath
R359S,0.9897,LPath
R359T,0.9848,LPath
R359V,0.975,LPath
R359W,0.901,LPath
R359Y,0.9396,LPath
K360A,0.8451,LPath
K360C,0.8208,LPath
K360D,0.9579,LPath
K360E,0.8332,LPath
K360F,0.9445,LPath
K360G,0.8661,LPath
K360H,0.5001,Amb
K360I,0.7847,LPath
K360L,0.7303,LPath
K360M,0.6587,LPath
K360N,0.8792,LPath
K360P,0.9974,LPath
K360Q,0.2947,LBen
K360R,0.0719,LBen
K360S,0.8733,LPath
K360T,0.6739,LPath
K360V,0.7544,LPath
K360W,0.8824,LPath
K360Y,0.8687,LPath
M361A,0.9875,LPath
M361C,0.9497,LPath
M361D,0.9999,LPath
M361E,0.9995,LPath
M361F,0.8874,LPath
M361G,0.9973,LPath
M361H,0.9989,LPath
M361I,0.9543,LPath
M361K,0.9981,LPath
M361L,0.1473,LBen
M361N,0.9986,LPath
M361P,0.9999,LPath
M361Q,0.9941,LPath
M361R,0.9986,LPath
M361S,0.9976,LPath
M361T,0.9936,LPath
M361V,0.7332,LPath
M361W,0.9969,LPath
M361Y,0.9917,LPath
R362A,0.9976,LPath
R362C,0.9804,LPath
R362D,0.9995,LPath
R362E,0.9953,LPath
R362F,0.999,LPath
R362G,0.9935,LPath
R362H,0.9684,LPath
R362I,0.9945,LPath
R362K,0.8625,LPath
R362L,0.9886,LPath
R362M,0.9972,LPath
R362N,0.9984,LPath
R362P,0.9998,LPath
R362Q,0.9435,LPath
R362S,0.9986,LPath
R362T,0.998,LPath
R362V,0.9939,LPath
R362W,0.9912,LPath
R362Y,0.9951,LPath
R363A,0.9604,LPath
R363C,0.8066,LPath
R363D,0.988,LPath
R363E,0.9499,LPath
R363F,0.9713,LPath
R363G,0.912,LPath
R363H,0.5299,Amb
R363I,0.9518,LPath
R363K,0.2845,LBen
R363L,0.9138,LPath
R363M,0.9092,LPath
R363N,0.9634,LPath
R363P,0.9992,LPath
R363Q,0.4668,Amb
R363S,0.9643,LPath
R363T,0.9507,LPath
R363V,0.9549,LPath
R363W,0.8431,LPath
R363Y,0.8994,LPath
D364A,0.888,LPath
D364C,0.9837,LPath
D364E,0.6127,LPath
D364F,0.9798,LPath
D364G,0.918,LPath
D364H,0.9551,LPath
D364I,0.9754,LPath
D364K,0.9828,LPath
D364L,0.9577,LPath
D364M,0.9774,LPath
D364N,0.7071,LPath
D364P,0.9996,LPath
D364Q,0.929,LPath
D364R,0.9773,LPath
D364S,0.8009,LPath
D364T,0.949,LPath
D364V,0.9408,LPath
D364W,0.9941,LPath
D364Y,0.8865,LPath
G365A,0.9889,LPath
G365C,0.9905,LPath
G365D,0.9982,LPath
G365E,0.9991,LPath
G365F,0.999,LPath
G365H,0.9982,LPath
G365I,0.9989,LPath
G365K,0.9983,LPath
G365L,0.9985,LPath
G365M,0.9989,LPath
G365N,0.9924,LPath
G365P,0.9999,LPath
G365Q,0.9968,LPath
G365R,0.9954,LPath
G365S,0.9702,LPath
G365T,0.9959,LPath
G365V,0.9983,LPath
G365W,0.9992,LPath
G365Y,0.9982,LPath
W366A,0.9994,LPath
W366C,0.9984,LPath
W366D,1.0,LPath
W366E,0.9999,LPath
W366F,0.6253,LPath
W366G,0.9979,LPath
W366H,0.9979,LPath
W366I,0.9949,LPath
W366K,0.9999,LPath
W366L,0.9901,LPath
W366M,0.9963,LPath
W366N,0.9998,LPath
W366P,1.0,LPath
W366Q,0.9999,LPath
W366R,0.9999,LPath
W366S,0.9992,LPath
W366T,0.9997,LPath
W366V,0.9962,LPath
W366Y,0.9264,LPath
P367A,0.8454,LPath
P367C,0.9869,LPath
P367D,0.9953,LPath
P367E,0.9933,LPath
P367F,0.9951,LPath
P367G,0.9667,LPath
P367H,0.9761,LPath
P367I,0.9901,LPath
P367K,0.9931,LPath
P367L,0.9331,LPath
P367M,0.9792,LPath
P367N,0.985,LPath
P367Q,0.9695,LPath
P367R,0.9741,LPath
P367S,0.9602,LPath
P367T,0.9715,LPath
P367V,0.9692,LPath
P367W,0.9971,LPath
P367Y,0.993,LPath
A368C,0.7535,LPath
A368D,0.9998,LPath
A368E,0.9996,LPath
A368F,0.999,LPath
A368G,0.8836,LPath
A368H,0.9996,LPath
A368I,0.9879,LPath
A368K,0.9999,LPath
A368L,0.98,LPath
A368M,0.9911,LPath
A368N,0.9985,LPath
A368P,0.9984,LPath
A368Q,0.9982,LPath
A368R,0.9993,LPath
A368S,0.4722,Amb
A368T,0.8872,LPath
A368V,0.8923,LPath
A368W,0.9999,LPath
A368Y,0.9996,LPath
M369A,0.9504,LPath
M369C,0.8823,LPath
M369D,0.999,LPath
M369E,0.9938,LPath
M369F,0.9099,LPath
M369G,0.9845,LPath
M369H,0.9955,LPath
M369I,0.9361,LPath
M369K,0.9864,LPath
M369L,0.505,Amb
M369N,0.9897,LPath
M369P,0.9994,LPath
M369Q,0.9697,LPath
M369R,0.987,LPath
M369S,0.9697,LPath
M369T,0.9618,LPath
M369V,0.5065,Amb
M369W,0.9927,LPath
M369Y,0.9895,LPath
G370A,0.4571,Amb
G370C,0.5741,LPath
G370D,0.9986,LPath
G370E,0.999,LPath
G370F,0.9988,LPath
G370H,0.9991,LPath
G370I,0.9943,LPath
G370K,0.9998,LPath
G370L,0.9934,LPath
G370M,0.9919,LPath
G370N,0.9926,LPath
G370P,0.9988,LPath
G370Q,0.9977,LPath
G370R,0.9991,LPath
G370S,0.6718,LPath
G370T,0.9349,LPath
G370V,0.9743,LPath
G370W,0.9994,LPath
G370Y,0.9984,LPath
I371A,0.9986,LPath
I371C,0.9993,LPath
I371D,1.0,LPath
I371E,0.9998,LPath
I371F,0.9915,LPath
I371G,0.9998,LPath
I371H,1.0,LPath
I371K,0.9998,LPath
I371L,0.6681,LPath
I371M,0.7751,LPath
I371N,0.9995,LPath
I371P,0.9997,LPath
I371Q,0.9998,LPath
I371R,0.9997,LPath
I371S,0.9988,LPath
I371T,0.999,LPath
I371V,0.8566,LPath
I371W,0.9996,LPath
I371Y,0.9991,LPath
H372A,0.9998,LPath
H372C,0.9941,LPath
H372D,0.9999,LPath
H372E,0.9999,LPath
H372F,0.9992,LPath
H372G,0.9998,LPath
H372I,1.0,LPath
H372K,0.9999,LPath
H372L,0.9993,LPath
H372M,0.9999,LPath
H372N,0.9995,LPath
H372P,0.9989,LPath
H372Q,0.9999,LPath
H372R,0.9998,LPath
H372S,0.999,LPath
H372T,0.9999,LPath
H372V,1.0,LPath
H372W,0.9958,LPath
H372Y,0.9991,LPath
G373A,0.9992,LPath
G373C,0.9999,LPath
G373D,1.0,LPath
G373E,1.0,LPath
G373F,1.0,LPath
G373H,1.0,LPath
G373I,1.0,LPath
G373K,1.0,LPath
G373L,0.9999,LPath
G373M,1.0,LPath
G373N,1.0,LPath
G373P,1.0,LPath
G373Q,1.0,LPath
G373R,1.0,LPath
G373S,0.999,LPath
G373T,0.9998,LPath
G373V,0.9999,LPath
G373W,0.9999,LPath
G373Y,1.0,LPath
D374A,0.998,LPath
D374C,0.9999,LPath
D374E,0.9978,LPath
D374F,0.9998,LPath
D374G,0.9957,LPath
D374H,0.9995,LPath
D374I,0.9998,LPath
D374K,0.9997,LPath
D374L,0.9994,LPath
D374M,0.9999,LPath
D374N,0.9427,LPath
D374P,0.9999,LPath
D374Q,0.9996,LPath
D374R,0.9994,LPath
D374S,0.9921,LPath
D374T,0.9994,LPath
D374V,0.9994,LPath
D374W,0.9999,LPath
D374Y,0.998,LPath
K375A,0.999,LPath
K375C,0.999,LPath
K375D,1.0,LPath
K375E,0.9999,LPath
K375F,0.9999,LPath
K375G,0.9995,LPath
K375H,0.9975,LPath
K375I,0.9992,LPath
K375L,0.9966,LPath
K375M,0.9963,LPath
K375N,0.9999,LPath
K375P,0.9999,LPath
K375Q,0.9979,LPath
K375R,0.7481,LPath
K375S,0.9998,LPath
K375T,0.9985,LPath
K375V,0.9981,LPath
K375W,0.9999,LPath
K375Y,0.9996,LPath
S376A,0.331,LBen
S376C,0.6476,LPath
S376D,0.9747,LPath
S376E,0.9821,LPath
S376F,0.9858,LPath
S376G,0.5012,Amb
S376H,0.9527,LPath
S376I,0.9302,LPath
S376K,0.9951,LPath
S376L,0.8151,LPath
S376M,0.7066,LPath
S376N,0.5276,Amb
S376P,0.9601,LPath
S376Q,0.9044,LPath
S376R,0.996,LPath
S376T,0.2169,LBen
S376V,0.8473,LPath
S376W,0.9918,LPath
S376Y,0.9762,LPath
Q377A,0.9442,LPath
Q377C,1.0,LPath
Q377D,0.9995,LPath
Q377E,0.9865,LPath
Q377F,0.9994,LPath
Q377G,0.9736,LPath
Q377H,0.9999,LPath
Q377I,0.9968,LPath
Q377K,0.9988,LPath
Q377L,0.9939,LPath
Q377M,0.9844,LPath
Q377N,0.9914,LPath
Q377P,0.9867,LPath
Q377R,0.9982,LPath
Q377S,0.9444,LPath
Q377T,0.9603,LPath
Q377V,0.9935,LPath
Q377W,0.9998,LPath
Q377Y,0.9999,LPath
Q378A,0.1248,LBen
Q378C,0.9169,LPath
Q378D,0.9221,LPath
Q378E,0.6135,LPath
Q378F,0.9322,LPath
Q378G,0.2882,LBen
Q378H,0.7833,LPath
Q378I,0.714,LPath
Q378K,0.8923,LPath
Q378L,0.4681,Amb
Q378M,0.3494,Amb
Q378N,0.3021,LBen
Q378P,0.149,LBen
Q378R,0.8806,LPath
Q378S,0.1252,LBen
Q378T,0.2704,LBen
Q378V,0.4299,Amb
Q378W,0.976,LPath
Q378Y,0.9152,LPath
E379A,0.9932,LPath
E379C,0.9996,LPath
E379D,0.9835,LPath
E379F,0.9999,LPath
E379G,0.9957,LPath
E379H,0.9998,LPath
E379I,0.9991,LPath
E379K,0.9992,LPath
E379L,0.9994,LPath
E379M,0.9992,LPath
E379N,0.999,LPath
E379P,0.9999,LPath
E379Q,0.9874,LPath
E379R,0.9988,LPath
E379S,0.998,LPath
E379T,0.9988,LPath
E379V,0.9977,LPath
E379W,1.0,LPath
E379Y,0.9997,LPath
R380A,0.9998,LPath
R380C,0.9998,LPath
R380D,0.9998,LPath
R380E,0.998,LPath
R380F,1.0,LPath
R380G,0.9993,LPath
R380H,0.9998,LPath
R380I,0.9999,LPath
R380K,0.9971,LPath
R380L,0.9996,LPath
R380M,1.0,LPath
R380N,0.9999,LPath
R380P,0.9999,LPath
R380Q,0.9995,LPath
R380S,0.9999,LPath
R380T,0.9999,LPath
R380V,0.9999,LPath
R380W,0.9998,LPath
R380Y,0.9999,LPath
D381A,0.9971,LPath
D381C,0.9998,LPath
D381E,0.9681,LPath
D381F,0.9996,LPath
D381G,0.9981,LPath
D381H,0.9994,LPath
D381I,0.9987,LPath
D381K,0.9995,LPath
D381L,0.9972,LPath
D381M,0.9994,LPath
D381N,0.976,LPath
D381P,1.0,LPath
D381Q,0.9986,LPath
D381R,0.9992,LPath
D381S,0.9946,LPath
D381T,0.9954,LPath
D381V,0.9957,LPath
D381W,0.9999,LPath
D381Y,0.9974,LPath
W382A,0.997,LPath
W382C,0.999,LPath
W382D,0.9998,LPath
W382E,0.9997,LPath
W382F,0.7649,LPath
W382G,0.994,LPath
W382H,0.9945,LPath
W382I,0.9979,LPath
W382K,0.9999,LPath
W382L,0.9952,LPath
W382M,0.9973,LPath
W382N,0.9993,LPath
W382P,1.0,LPath
W382Q,0.9997,LPath
W382R,0.9989,LPath
W382S,0.9968,LPath
W382T,0.9985,LPath
W382V,0.9966,LPath
W382Y,0.8979,LPath
V383A,0.9828,LPath
V383C,0.9863,LPath
V383D,0.9995,LPath
V383E,0.9989,LPath
V383F,0.9972,LPath
V383G,0.98,LPath
V383H,0.9994,LPath
V383I,0.8401,LPath
V383K,0.9995,LPath
V383L,0.9984,LPath
V383M,0.9975,LPath
V383N,0.996,LPath
V383P,0.9998,LPath
V383Q,0.9971,LPath
V383R,0.9965,LPath
V383S,0.9727,LPath
V383T,0.9435,LPath
V383W,0.9999,LPath
V383Y,0.9987,LPath
L384A,0.9969,LPath
L384C,0.9983,LPath
L384D,1.0,LPath
L384E,0.9997,LPath
L384F,0.9974,LPath
L384G,0.9992,LPath
L384H,0.9998,LPath
L384I,0.8923,LPath
L384K,0.9991,LPath
L384M,0.8613,LPath
L384N,0.9993,LPath
L384P,0.9999,LPath
L384Q,0.9993,LPath
L384R,0.9987,LPath
L384S,0.9996,LPath
L384T,0.9976,LPath
L384V,0.9679,LPath
L384W,0.9994,LPath
L384Y,0.9994,LPath
N385A,0.2323,LBen
N385C,0.3449,Amb
N385D,0.662,LPath
N385E,0.7835,LPath
N385F,0.7418,LPath
N385G,0.1418,LBen
N385H,0.2475,LBen
N385I,0.7696,LPath
N385K,0.892,LPath
N385L,0.421,Amb
N385M,0.4154,Amb
N385P,0.9948,LPath
N385Q,0.3908,Amb
N385R,0.8332,LPath
N385S,0.0759,LBen
N385T,0.1898,LBen
N385V,0.571,LPath
N385W,0.8852,LPath
N385Y,0.4454,Amb
E386A,0.9712,LPath
E386C,0.9956,LPath
E386D,0.9392,LPath
E386F,0.9996,LPath
E386G,0.9756,LPath
E386H,0.9963,LPath
E386I,0.9987,LPath
E386K,0.997,LPath
E386L,0.9986,LPath
E386M,0.9981,LPath
E386N,0.9808,LPath
E386P,0.9999,LPath
E386Q,0.8897,LPath
E386R,0.9907,LPath
E386S,0.9609,LPath
E386T,0.9854,LPath
E386V,0.9943,LPath
E386W,0.9997,LPath
E386Y,0.9978,LPath
F387A,0.9997,LPath
F387C,0.9995,LPath
F387D,0.9999,LPath
F387E,0.9998,LPath
F387G,0.9994,LPath
F387H,0.9993,LPath
F387I,0.999,LPath
F387K,0.9997,LPath
F387L,0.9999,LPath
F387M,0.9978,LPath
F387N,0.9996,LPath
F387P,1.0,LPath
F387Q,0.9997,LPath
F387R,0.9993,LPath
F387S,0.9999,LPath
F387T,0.9998,LPath
F387V,0.9991,LPath
F387W,0.9889,LPath
F387Y,0.9786,LPath
K388A,0.9893,LPath
K388C,0.9744,LPath
K388D,0.9989,LPath
K388E,0.9938,LPath
K388F,0.9991,LPath
K388G,0.9916,LPath
K388H,0.9381,LPath
K388I,0.9898,LPath
K388L,0.9799,LPath
K388M,0.9897,LPath
K388N,0.9981,LPath
K388P,0.998,LPath
K388Q,0.8715,LPath
K388R,0.069,LBen
K388S,0.9954,LPath
K388T,0.982,LPath
K388V,0.9797,LPath
K388W,0.9963,LPath
K388Y,0.9947,LPath
H389A,0.2792,LBen
H389C,0.17,LBen
H389D,0.7964,LPath
H389E,0.7253,LPath
H389F,0.1508,LBen
H389G,0.3599,Amb
H389I,0.5303,Amb
H389K,0.6724,LPath
H389L,0.2354,LBen
H389M,0.3208,LBen
H389N,0.1554,LBen
H389P,0.9808,LPath
H389Q,0.2399,LBen
H389R,0.453,Amb
H389S,0.2211,LBen
H389T,0.2507,LBen
H389V,0.3667,Amb
H389W,0.4117,Amb
H389Y,0.1054,LBen
G390A,0.9004,LPath
G390C,0.9443,LPath
G390D,0.9902,LPath
G390E,0.9951,LPath
G390F,0.9985,LPath
G390H,0.9892,LPath
G390I,0.9986,LPath
G390K,0.9959,LPath
G390L,0.9923,LPath
G390M,0.9945,LPath
G390N,0.9232,LPath
G390P,0.9997,LPath
G390Q,0.9669,LPath
G390R,0.9903,LPath
G390S,0.6811,LPath
G390T,0.972,LPath
G390V,0.9961,LPath
G390W,0.9984,LPath
G390Y,0.9972,LPath
K391A,0.9432,LPath
K391C,0.9566,LPath
K391D,0.9784,LPath
K391E,0.9723,LPath
K391F,0.9947,LPath
K391G,0.9386,LPath
K391H,0.7227,LPath
K391I,0.9722,LPath
K391L,0.9549,LPath
K391M,0.9535,LPath
K391N,0.9455,LPath
K391P,0.9872,LPath
K391Q,0.7227,LPath
K391R,0.109,LBen
K391S,0.9517,LPath
K391T,0.9267,LPath
K391V,0.9344,LPath
K391W,0.9907,LPath
K391Y,0.975,LPath
A392C,0.562,Amb
A392D,0.9949,LPath
A392E,0.9898,LPath
A392F,0.9097,LPath
A392G,0.7467,LPath
A392H,0.8916,LPath
A392I,0.9608,LPath
A392K,0.996,LPath
A392L,0.8799,LPath
A392M,0.8698,LPath
A392N,0.8851,LPath
A392P,0.9971,LPath
A392Q,0.9169,LPath
A392R,0.9874,LPath
A392S,0.1407,LBen
A392T,0.7126,LPath
A392V,0.8727,LPath
A392W,0.9868,LPath
A392Y,0.9213,LPath
P393A,0.757,LPath
P393C,0.9456,LPath
P393D,0.9952,LPath
P393E,0.996,LPath
P393F,0.9987,LPath
P393G,0.9363,LPath
P393H,0.9845,LPath
P393I,0.9968,LPath
P393K,0.9965,LPath
P393L,0.9734,LPath
P393M,0.9915,LPath
P393N,0.9709,LPath
P393Q,0.9782,LPath
P393R,0.9865,LPath
P393S,0.8833,LPath
P393T,0.9471,LPath
P393V,0.9837,LPath
P393W,0.9991,LPath
P393Y,0.9978,LPath
I394A,0.9965,LPath
I394C,0.9929,LPath
I394D,1.0,LPath
I394E,0.9998,LPath
I394F,0.9885,LPath
I394G,0.9997,LPath
I394H,0.9998,LPath
I394K,0.9998,LPath
I394L,0.7994,LPath
I394M,0.9234,LPath
I394N,0.999,LPath
I394P,0.9997,LPath
I394Q,0.9997,LPath
I394R,0.9996,LPath
I394S,0.9978,LPath
I394T,0.9939,LPath
I394V,0.1697,LBen
I394W,0.9998,LPath
I394Y,0.9991,LPath
L395A,0.9966,LPath
L395C,0.9887,LPath
L395D,1.0,LPath
L395E,0.9999,LPath
L395F,0.9973,LPath
L395G,0.9995,LPath
L395H,0.9999,LPath
L395I,0.9429,LPath
L395K,0.9999,LPath
L395M,0.7139,LPath
L395N,0.9999,LPath
L395P,1.0,LPath
L395Q,0.9996,LPath
L395R,0.9997,LPath
L395S,0.9997,LPath
L395T,0.9992,LPath
L395V,0.9477,LPath
L395W,0.9999,LPath
L395Y,0.9998,LPath
I396A,0.9833,LPath
I396C,0.974,LPath
I396D,0.9999,LPath
I396E,0.9998,LPath
I396F,0.9746,LPath
I396G,0.9991,LPath
I396H,0.9998,LPath
I396K,0.9998,LPath
I396L,0.4947,Amb
I396M,0.7675,LPath
I396N,0.9986,LPath
I396P,0.9995,LPath
I396Q,0.9996,LPath
I396R,0.9995,LPath
I396S,0.9957,LPath
I396T,0.956,LPath
I396V,0.1309,LBen
I396W,0.9997,LPath
I396Y,0.9992,LPath
A397C,0.963,LPath
A397D,1.0,LPath
A397E,0.9999,LPath
A397F,0.9995,LPath
A397G,0.9757,LPath
A397H,0.9999,LPath
A397I,0.9999,LPath
A397K,1.0,LPath
A397L,0.9936,LPath
A397M,0.9991,LPath
A397N,0.9999,LPath
A397P,0.9999,LPath
A397Q,0.9995,LPath
A397R,0.9996,LPath
A397S,0.9327,LPath
A397T,0.9978,LPath
A397V,0.9992,LPath
A397W,1.0,LPath
A397Y,0.9999,LPath
T398A,0.9988,LPath
T398C,0.9997,LPath
T398D,0.9999,LPath
T398E,0.9998,LPath
T398F,0.9999,LPath
T398G,0.9983,LPath
T398H,0.9997,LPath
T398I,0.9999,LPath
T398K,0.9995,LPath
T398L,0.999,LPath
T398M,0.9994,LPath
T398N,0.9994,LPath
T398P,0.9981,LPath
T398Q,0.9997,LPath
T398R,0.9992,LPath
T398S,0.9957,LPath
T398V,0.9991,LPath
T398W,0.9999,LPath
T398Y,0.9999,LPath
D399A,0.9948,LPath
D399C,0.9999,LPath
D399E,0.9986,LPath
D399F,0.9999,LPath
D399G,0.9984,LPath
D399H,0.9997,LPath
D399I,1.0,LPath
D399K,0.9999,LPath
D399L,0.9997,LPath
D399M,1.0,LPath
D399N,0.9915,LPath
D399P,0.9998,LPath
D399Q,0.9998,LPath
D399R,0.9998,LPath
D399S,0.9923,LPath
D399T,0.9996,LPath
D399V,0.9997,LPath
D399W,1.0,LPath
D399Y,0.9993,LPath
V400A,0.9996,LPath
V400C,0.9998,LPath
V400D,0.9998,LPath
V400E,0.9996,LPath
V400F,0.9989,LPath
V400G,0.9981,LPath
V400H,0.9999,LPath
V400I,0.8636,LPath
V400K,0.9995,LPath
V400L,0.9988,LPath
V400M,0.9988,LPath
V400N,0.9994,LPath
V400P,0.9999,LPath
V400Q,0.9997,LPath
V400R,0.9972,LPath
V400S,0.9983,LPath
V400T,0.9935,LPath
V400W,1.0,LPath
V400Y,0.9997,LPath
A401C,0.9958,LPath
A401D,1.0,LPath
A401E,0.9999,LPath
A401F,0.9993,LPath
A401G,0.9954,LPath
A401H,0.9999,LPath
A401I,0.9998,LPath
A401K,1.0,LPath
A401L,0.9915,LPath
A401M,0.9996,LPath
A401N,0.9999,LPath
A401P,0.9994,LPath
A401Q,0.9996,LPath
A401R,0.9993,LPath
A401S,0.9701,LPath
A401T,0.9994,LPath
A401V,0.9992,LPath
A401W,1.0,LPath
A401Y,0.9998,LPath
S402A,0.3072,LBen
S402C,0.959,LPath
S402D,0.9998,LPath
S402E,0.9994,LPath
S402F,0.9996,LPath
S402G,0.9423,LPath
S402H,0.9996,LPath
S402I,0.9996,LPath
S402K,1.0,LPath
S402L,0.9954,LPath
S402M,0.9963,LPath
S402N,0.999,LPath
S402P,0.9999,LPath
S402Q,0.9964,LPath
S402R,0.9998,LPath
S402T,0.9894,LPath
S402V,0.9986,LPath
S402W,0.9997,LPath
S402Y,0.9994,LPath
R403A,0.9998,LPath
R403C,0.9995,LPath
R403D,0.9999,LPath
R403E,0.999,LPath
R403F,1.0,LPath
R403G,0.9996,LPath
R403H,0.9998,LPath
R403I,1.0,LPath
R403K,0.9983,LPath
R403L,0.9995,LPath
R403M,1.0,LPath
R403N,1.0,LPath
R403P,0.9999,LPath
R403Q,0.9993,LPath
R403S,0.9999,LPath
R403T,0.9999,LPath
R403V,0.9999,LPath
R403W,0.9997,LPath
R403Y,0.9999,LPath
G404A,0.9995,LPath
G404C,0.9998,LPath
G404D,0.9999,LPath
G404E,1.0,LPath
G404F,0.9999,LPath
G404H,1.0,LPath
G404I,0.9997,LPath
G404K,1.0,LPath
G404L,0.9999,LPath
G404M,0.9999,LPath
G404N,1.0,LPath
G404P,1.0,LPath
G404Q,1.0,LPath
G404R,1.0,LPath
G404S,0.9997,LPath
G404T,0.9998,LPath
G404V,0.9997,LPath
G404W,1.0,LPath
G404Y,0.9999,LPath
L405A,0.9982,LPath
L405C,0.9996,LPath
L405D,1.0,LPath
L405E,0.9998,LPath
L405F,0.9987,LPath
L405G,0.9996,LPath
L405H,0.9999,LPath
L405I,0.7901,LPath
L405K,0.9997,LPath
L405M,0.9629,LPath
L405N,0.9997,LPath
L405P,0.9999,LPath
L405Q,0.9999,LPath
L405R,0.9994,LPath
L405S,0.9999,LPath
L405T,0.9986,LPath
L405V,0.9695,LPath
L405W,0.9995,LPath
L405Y,0.9997,LPath
D406A,0.9959,LPath
D406C,0.9997,LPath
D406E,0.9984,LPath
D406F,0.9982,LPath
D406G,0.9914,LPath
D406H,0.9981,LPath
D406I,0.9996,LPath
D406K,0.9996,LPath
D406L,0.9986,LPath
D406M,0.9997,LPath
D406N,0.9973,LPath
D406P,0.9993,LPath
D406Q,0.9992,LPath
D406R,0.9992,LPath
D406S,0.9957,LPath
D406T,0.9994,LPath
D406V,0.9985,LPath
D406W,0.9994,LPath
D406Y,0.9918,LPath
V407A,0.9973,LPath
V407C,0.9968,LPath
V407D,0.9997,LPath
V407E,0.9989,LPath
V407F,0.9935,LPath
V407G,0.9951,LPath
V407H,0.9998,LPath
V407I,0.4737,Amb
V407K,0.9993,LPath
V407L,0.9956,LPath
V407M,0.9893,LPath
V407N,0.9988,LPath
V407P,0.9997,LPath
V407Q,0.9987,LPath
V407R,0.9975,LPath
V407S,0.9965,LPath
V407T,0.9853,LPath
V407W,0.9998,LPath
V407Y,0.9993,LPath
E408A,0.8308,LPath
E408C,0.9889,LPath
E408D,0.3137,LBen
E408F,0.9971,LPath
E408G,0.8676,LPath
E408H,0.9679,LPath
E408I,0.986,LPath
E408K,0.9442,LPath
E408L,0.9808,LPath
E408M,0.9809,LPath
E408N,0.8557,LPath
E408P,0.9727,LPath
E408Q,0.8023,LPath
E408R,0.9557,LPath
E408S,0.783,LPath
E408T,0.8766,LPath
E408V,0.9527,LPath
E408W,0.998,LPath
E408Y,0.9906,LPath
D409A,0.9908,LPath
D409C,0.9994,LPath
D409E,0.9867,LPath
D409F,0.9991,LPath
D409G,0.935,LPath
D409H,0.998,LPath
D409I,0.9992,LPath
D409K,0.999,LPath
D409L,0.9984,LPath
D409M,0.9995,LPath
D409N,0.9453,LPath
D409P,0.9997,LPath
D409Q,0.9983,LPath
D409R,0.9989,LPath
D409S,0.9856,LPath
D409T,0.9958,LPath
D409V,0.9964,LPath
D409W,0.9998,LPath
D409Y,0.9925,LPath
V410A,0.9984,LPath
V410C,0.996,LPath
V410D,0.9999,LPath
V410E,0.9996,LPath
V410F,0.9989,LPath
V410G,0.9982,LPath
V410H,1.0,LPath
V410I,0.1613,LBen
V410K,0.9997,LPath
V410L,0.9848,LPath
V410M,0.9939,LPath
V410N,0.9995,LPath
V410P,0.9994,LPath
V410Q,0.9997,LPath
V410R,0.9993,LPath
V410S,0.9986,LPath
V410T,0.9916,LPath
V410W,1.0,LPath
V410Y,0.9998,LPath
K411A,0.9854,LPath
K411C,0.9806,LPath
K411D,0.9986,LPath
K411E,0.9975,LPath
K411F,0.9991,LPath
K411G,0.9831,LPath
K411H,0.949,LPath
K411I,0.9973,LPath
K411L,0.9875,LPath
K411M,0.977,LPath
K411N,0.9946,LPath
K411P,0.9988,LPath
K411Q,0.9202,LPath
K411R,0.3111,LBen
K411S,0.9904,LPath
K411T,0.9744,LPath
K411V,0.9918,LPath
K411W,0.999,LPath
K411Y,0.995,LPath
F412A,0.9995,LPath
F412C,0.9967,LPath
F412D,0.9998,LPath
F412E,0.9999,LPath
F412G,0.9996,LPath
F412H,0.9962,LPath
F412I,0.9987,LPath
F412K,0.9999,LPath
F412L,0.9999,LPath
F412M,0.9986,LPath
F412N,0.9988,LPath
F412P,1.0,LPath
F412Q,0.9998,LPath
F412R,0.9996,LPath
F412S,0.9996,LPath
F412T,0.9997,LPath
F412V,0.9971,LPath
F412W,0.9821,LPath
F412Y,0.7433,LPath
V413A,0.9988,LPath
V413C,0.9961,LPath
V413D,0.9999,LPath
V413E,0.9999,LPath
V413F,0.9996,LPath
V413G,0.9986,LPath
V413H,0.9999,LPath
V413I,0.7601,LPath
V413K,0.9999,LPath
V413L,0.9987,LPath
V413M,0.9996,LPath
V413N,0.9997,LPath
V413P,0.9998,LPath
V413Q,0.9997,LPath
V413R,0.999,LPath
V413S,0.9969,LPath
V413T,0.9911,LPath
V413W,1.0,LPath
V413Y,0.9999,LPath
I414A,0.9974,LPath
I414C,0.992,LPath
I414D,1.0,LPath
I414E,0.9999,LPath
I414F,0.9853,LPath
I414G,0.9998,LPath
I414H,0.9999,LPath
I414K,0.9999,LPath
I414L,0.7613,LPath
I414M,0.9216,LPath
I414N,0.9998,LPath
I414P,0.9999,LPath
I414Q,0.9999,LPath
I414R,0.9997,LPath
I414S,0.9993,LPath
I414T,0.9981,LPath
I414V,0.1616,LBen
I414W,0.9999,LPath
I414Y,0.9994,LPath
N415A,0.9961,LPath
N415C,0.9175,LPath
N415D,0.9997,LPath
N415E,0.9998,LPath
N415F,0.9998,LPath
N415G,0.9976,LPath
N415H,0.9978,LPath
N415I,0.9932,LPath
N415K,1.0,LPath
N415L,0.9885,LPath
N415M,0.9972,LPath
N415P,0.9989,LPath
N415Q,0.9993,LPath
N415R,0.9998,LPath
N415S,0.9231,LPath
N415T,0.9905,LPath
N415V,0.9887,LPath
N415W,1.0,LPath
N415Y,0.9992,LPath
Y416A,0.9943,LPath
Y416C,0.8555,LPath
Y416D,0.9988,LPath
Y416E,0.9994,LPath
Y416F,0.0857,LBen
Y416G,0.9948,LPath
Y416H,0.9599,LPath
Y416I,0.9596,LPath
Y416K,0.9991,LPath
Y416L,0.9246,LPath
Y416M,0.974,LPath
Y416N,0.9883,LPath
Y416P,0.9997,LPath
Y416Q,0.9982,LPath
Y416R,0.9964,LPath
Y416S,0.988,LPath
Y416T,0.9941,LPath
Y416V,0.9038,LPath
Y416W,0.823,LPath
D417A,0.9988,LPath
D417C,0.9997,LPath
D417E,0.9973,LPath
D417F,0.9999,LPath
D417G,0.9985,LPath
D417H,0.9995,LPath
D417I,0.9999,LPath
D417K,0.9999,LPath
D417L,0.9997,LPath
D417M,1.0,LPath
D417N,0.9917,LPath
D417P,1.0,LPath
D417Q,0.9996,LPath
D417R,0.9997,LPath
D417S,0.9923,LPath
D417T,0.9988,LPath
D417V,0.9996,LPath
D417W,1.0,LPath
D417Y,0.9993,LPath
Y418A,0.9984,LPath
Y418C,0.9849,LPath
Y418D,0.9995,LPath
Y418E,0.9999,LPath
Y418F,0.2326,LBen
Y418G,0.9969,LPath
Y418H,0.9982,LPath
Y418I,0.9945,LPath
Y418K,0.9998,LPath
Y418L,0.9759,LPath
Y418M,0.988,LPath
Y418N,0.997,LPath
Y418P,0.9982,LPath
Y418Q,0.9998,LPath
Y418R,0.9995,LPath
Y418S,0.9934,LPath
Y418T,0.9989,LPath
Y418V,0.9874,LPath
Y418W,0.9736,LPath
P419A,0.9865,LPath
P419C,0.9983,LPath
P419D,0.9999,LPath
P419E,0.9999,LPath
P419F,1.0,LPath
P419G,0.9982,LPath
P419H,0.9998,LPath
P419I,0.9999,LPath
P419K,0.9999,LPath
P419L,0.9993,LPath
P419M,0.9999,LPath
P419N,0.9999,LPath
P419Q,0.9998,LPath
P419R,0.9996,LPath
P419S,0.997,LPath
P419T,0.9988,LPath
P419V,0.9994,LPath
P419W,1.0,LPath
P419Y,1.0,LPath
N420A,0.2286,LBen
N420C,0.2259,LBen
N420D,0.8436,LPath
N420E,0.9597,LPath
N420F,0.8074,LPath
N420G,0.1856,LBen
N420H,0.3316,LBen
N420I,0.5599,Amb
N420K,0.9493,LPath
N420L,0.3792,Amb
N420M,0.442,Amb
N420P,0.8033,LPath
N420Q,0.6668,LPath
N420R,0.9405,LPath
N420S,0.0592,LBen
N420T,0.1837,LBen
N420V,0.381,Amb
N420W,0.9689,LPath
N420Y,0.6024,LPath
S421A,0.2535,LBen
S421C,0.0998,LBen
S421D,0.965,LPath
S421E,0.9862,LPath
S421F,0.9246,LPath
S421G,0.2299,LBen
S421H,0.8645,LPath
S421I,0.8688,LPath
S421K,0.9959,LPath
S421L,0.6496,LPath
S421M,0.6017,LPath
S421N,0.2583,LBen
S421P,0.9979,LPath
S421Q,0.9083,LPath
S421R,0.9929,LPath
S421T,0.1878,LBen
S421V,0.7513,LPath
S421W,0.9805,LPath
S421Y,0.907,LPath
S422A,0.4942,Amb
S422C,0.8226,LPath
S422D,0.9948,LPath
S422E,0.9953,LPath
S422F,0.9963,LPath
S422G,0.7175,LPath
S422H,0.9921,LPath
S422I,0.9805,LPath
S422K,0.9991,LPath
S422L,0.9596,LPath
S422M,0.9452,LPath
S422N,0.9688,LPath
S422P,0.9799,LPath
S422Q,0.9889,LPath
S422R,0.999,LPath
S422T,0.5159,Amb
S422V,0.9539,LPath
S422W,0.9975,LPath
S422Y,0.9956,LPath
E423A,0.9759,LPath
E423C,0.9984,LPath
E423D,0.9853,LPath
E423F,0.9999,LPath
E423G,0.9866,LPath
E423H,0.9994,LPath
E423I,0.9992,LPath
E423K,0.9954,LPath
E423L,0.9993,LPath
E423M,0.9988,LPath
E423N,0.9985,LPath
E423P,0.9993,LPath
E423Q,0.9827,LPath
E423R,0.995,LPath
E423S,0.9865,LPath
E423T,0.9948,LPath
E423V,0.9965,LPath
E423W,0.9999,LPath
E423Y,0.9998,LPath
D424A,0.9938,LPath
D424C,0.9995,LPath
D424E,0.9859,LPath
D424F,0.9994,LPath
D424G,0.9947,LPath
D424H,0.9987,LPath
D424I,0.999,LPath
D424K,0.9994,LPath
D424L,0.9981,LPath
D424M,0.9994,LPath
D424N,0.9696,LPath
D424P,0.9999,LPath
D424Q,0.9989,LPath
D424R,0.9995,LPath
D424S,0.9856,LPath
D424T,0.9964,LPath
D424V,0.9958,LPath
D424W,0.9999,LPath
D424Y,0.9946,LPath
Y425A,0.9995,LPath
Y425C,0.9984,LPath
Y425D,0.9992,LPath
Y425E,0.9999,LPath
Y425F,0.8596,LPath
Y425G,0.9972,LPath
Y425H,0.9995,LPath
Y425I,0.9983,LPath
Y425K,0.9999,LPath
Y425L,0.9816,LPath
Y425M,0.9989,LPath
Y425N,0.9983,LPath
Y425P,0.9997,LPath
Y425Q,1.0,LPath
Y425R,0.9995,LPath
Y425S,0.9978,LPath
Y425T,0.9992,LPath
Y425V,0.9943,LPath
Y425W,0.9893,LPath
I426A,0.9992,LPath
I426C,0.9985,LPath
I426D,1.0,LPath
I426E,0.9998,LPath
I426F,0.9972,LPath
I426G,0.9999,LPath
I426H,0.9999,LPath
I426K,0.9997,LPath
I426L,0.9741,LPath
I426M,0.9902,LPath
I426N,0.9994,LPath
I426P,0.9989,LPath
I426Q,0.9998,LPath
I426R,0.999,LPath
I426S,0.9984,LPath
I426T,0.9942,LPath
I426V,0.171,LBen
I426W,0.9999,LPath
I426Y,0.9996,LPath
H427A,1.0,LPath
H427C,0.9992,LPath
H427D,1.0,LPath
H427E,1.0,LPath
H427F,0.9987,LPath
H427G,0.9999,LPath
H427I,1.0,LPath
H427K,0.9998,LPath
H427L,0.9991,LPath
H427M,0.9999,LPath
H427N,0.9999,LPath
H427P,0.9991,LPath
H427Q,0.9998,LPath
H427R,0.9998,LPath
H427S,0.9999,LPath
H427T,1.0,LPath
H427V,1.0,LPath
H427W,0.9922,LPath
H427Y,0.9993,LPath
R428A,0.9999,LPath
R428C,0.9987,LPath
R428D,1.0,LPath
R428E,0.9995,LPath
R428F,1.0,LPath
R428G,0.9998,LPath
R428H,0.9993,LPath
R428I,0.9999,LPath
R428K,0.9984,LPath
R428L,0.9996,LPath
R428M,1.0,LPath
R428N,0.9999,LPath
R428P,1.0,LPath
R428Q,0.9982,LPath
R428S,0.9999,LPath
R428T,0.9999,LPath
R428V,0.9999,LPath
R428W,0.9999,LPath
R428Y,0.9999,LPath
I429A,0.9956,LPath
I429C,0.9995,LPath
I429D,1.0,LPath
I429E,0.9998,LPath
I429F,0.9993,LPath
I429G,0.9998,LPath
I429H,1.0,LPath
I429K,0.9999,LPath
I429L,0.9829,LPath
I429M,0.9832,LPath
I429N,0.9998,LPath
I429P,0.9998,LPath
I429Q,0.9999,LPath
I429R,0.9996,LPath
I429S,0.9987,LPath
I429T,0.988,LPath
I429V,0.7464,LPath
I429W,0.9999,LPath
I429Y,0.9999,LPath
G430A,0.9996,LPath
G430C,0.9998,LPath
G430D,1.0,LPath
G430E,1.0,LPath
G430F,1.0,LPath
G430H,1.0,LPath
G430I,0.9999,LPath
G430K,1.0,LPath
G430L,0.9999,LPath
G430M,1.0,LPath
G430N,1.0,LPath
G430P,1.0,LPath
G430Q,1.0,LPath
G430R,1.0,LPath
G430S,0.9995,LPath
G430T,0.9997,LPath
G430V,0.9999,LPath
G430W,1.0,LPath
G430Y,1.0,LPath
R431A,0.9999,LPath
R431C,0.9998,LPath
R431D,0.9999,LPath
R431E,0.9993,LPath
R431F,0.9999,LPath
R431G,0.9999,LPath
R431H,0.9998,LPath
R431I,0.9998,LPath
R431K,0.9987,LPath
R431L,0.9993,LPath
R431M,1.0,LPath
R431N,0.9999,LPath
R431P,0.9999,LPath
R431Q,0.9997,LPath
R431S,1.0,LPath
R431T,1.0,LPath
R431V,0.9998,LPath
R431W,0.9998,LPath
R431Y,0.9999,LPath
T432A,0.994,LPath
T432C,0.989,LPath
T432D,0.9998,LPath
T432E,0.9997,LPath
T432F,0.9997,LPath
T432G,0.989,LPath
T432H,0.9994,LPath
T432I,0.9997,LPath
T432K,0.999,LPath
T432L,0.9965,LPath
T432M,0.9977,LPath
T432N,0.9987,LPath
T432P,0.9962,LPath
T432Q,0.9995,LPath
T432R,0.9985,LPath
T432S,0.9942,LPath
T432V,0.9947,LPath
T432W,0.9999,LPath
T432Y,0.9998,LPath
A433C,0.9922,LPath
A433D,0.9998,LPath
A433E,0.9998,LPath
A433F,0.9983,LPath
A433G,0.3055,LBen
A433H,0.9995,LPath
A433I,0.9999,LPath
A433K,0.9998,LPath
A433L,0.9969,LPath
A433M,0.9994,LPath
A433N,0.9989,LPath
A433P,0.9992,LPath
A433Q,0.9974,LPath
A433R,0.9969,LPath
A433S,0.8384,LPath
A433T,0.9989,LPath
A433V,0.9996,LPath
A433W,0.9999,LPath
A433Y,0.9993,LPath
R434A,0.9996,LPath
R434C,0.9993,LPath
R434D,0.9997,LPath
R434E,0.9989,LPath
R434F,0.9999,LPath
R434G,0.9988,LPath
R434H,0.9993,LPath
R434I,0.9998,LPath
R434K,0.9969,LPath
R434L,0.9991,LPath
R434M,1.0,LPath
R434N,0.9998,LPath
R434P,0.9994,LPath
R434Q,0.9988,LPath
R434S,0.9997,LPath
R434T,0.9998,LPath
R434V,0.9997,LPath
R434W,0.9994,LPath
R434Y,0.9996,LPath
S435A,0.2857,LBen
S435C,0.2814,LBen
S435D,0.9871,LPath
S435E,0.9779,LPath
S435F,0.9756,LPath
S435G,0.3579,Amb
S435H,0.881,LPath
S435I,0.9731,LPath
S435K,0.9733,LPath
S435L,0.9126,LPath
S435M,0.8634,LPath
S435N,0.8655,LPath
S435P,0.9976,LPath
S435Q,0.8272,LPath
S435R,0.9446,LPath
S435T,0.7238,LPath
S435V,0.9403,LPath
S435W,0.983,LPath
S435Y,0.9573,LPath
T436A,0.1169,LBen
T436C,0.4129,Amb
T436D,0.513,Amb
T436E,0.4708,Amb
T436F,0.6668,LPath
T436G,0.146,LBen
T436H,0.2714,LBen
T436I,0.7325,LPath
T436K,0.4865,Amb
T436L,0.3089,LBen
T436M,0.2359,LBen
T436N,0.112,LBen
T436P,0.6215,LPath
T436Q,0.1654,LBen
T436R,0.5048,Amb
T436S,0.0651,LBen
T436V,0.4561,Amb
T436W,0.8885,LPath
T436Y,0.6324,LPath
K437A,0.7789,LPath
K437C,0.8501,LPath
K437D,0.9364,LPath
K437E,0.8761,LPath
K437F,0.9924,LPath
K437G,0.8731,LPath
K437H,0.5427,Amb
K437I,0.9639,LPath
K437L,0.8645,LPath
K437M,0.8481,LPath
K437N,0.5885,LPath
K437P,0.9958,LPath
K437Q,0.3184,LBen
K437R,0.0776,LBen
K437S,0.7961,LPath
K437T,0.7962,LPath
K437V,0.8869,LPath
K437W,0.9893,LPath
K437Y,0.9564,LPath
T438A,0.6698,LPath
T438C,0.9218,LPath
T438D,0.9716,LPath
T438E,0.9414,LPath
T438F,0.9548,LPath
T438G,0.7203,LPath
T438H,0.7501,LPath
T438I,0.9708,LPath
T438K,0.492,Amb
T438L,0.8427,LPath
T438M,0.7197,LPath
T438N,0.7985,LPath
T438P,0.9295,LPath
T438Q,0.6619,LPath
T438R,0.6504,LPath
T438S,0.5837,LPath
T438V,0.841,LPath
T438W,0.9864,LPath
T438Y,0.9199,LPath
G439A,0.9992,LPath
G439C,0.9999,LPath
G439D,1.0,LPath
G439E,1.0,LPath
G439F,1.0,LPath
G439H,1.0,LPath
G439I,1.0,LPath
G439K,1.0,LPath
G439L,1.0,LPath
G439M,1.0,LPath
G439N,1.0,LPath
G439P,1.0,LPath
G439Q,1.0,LPath
G439R,1.0,LPath
G439S,0.9996,LPath
G439T,0.9999,LPath
G439V,1.0,LPath
G439W,1.0,LPath
G439Y,1.0,LPath
T440A,0.9905,LPath
T440C,0.9975,LPath
T440D,0.9993,LPath
T440E,0.9991,LPath
T440F,0.9983,LPath
T440G,0.9962,LPath
T440H,0.9975,LPath
T440I,0.9941,LPath
T440K,0.997,LPath
T440L,0.9925,LPath
T440M,0.9882,LPath
T440N,0.9971,LPath
T440P,0.9977,LPath
T440Q,0.9982,LPath
T440R,0.9966,LPath
T440S,0.9906,LPath
T440V,0.9669,LPath
T440W,0.9992,LPath
T440Y,0.9986,LPath
A441C,0.9898,LPath
A441D,1.0,LPath
A441E,0.9999,LPath
A441F,0.9999,LPath
A441G,0.9782,LPath
A441H,0.9999,LPath
A441I,0.9999,LPath
A441K,1.0,LPath
A441L,0.9986,LPath
A441M,0.9996,LPath
A441N,0.9998,LPath
A441P,1.0,LPath
A441Q,0.9995,LPath
A441R,0.9998,LPath
A441S,0.5077,Amb
A441T,0.9967,LPath
A441V,0.9992,LPath
A441W,1.0,LPath
A441Y,1.0,LPath
Y442A,0.9993,LPath
Y442C,0.9895,LPath
Y442D,0.9999,LPath
Y442E,1.0,LPath
Y442F,0.6283,LPath
Y442G,0.9984,LPath
Y442H,0.999,LPath
Y442I,0.985,LPath
Y442K,0.9999,LPath
Y442L,0.9787,LPath
Y442M,0.9969,LPath
Y442N,0.9991,LPath
Y442P,0.9998,LPath
Y442Q,0.9999,LPath
Y442R,0.9994,LPath
Y442S,0.9976,LPath
Y442T,0.9985,LPath
Y442V,0.9606,LPath
Y442W,0.9574,LPath
T443A,0.7076,LPath
T443C,0.931,LPath
T443D,0.9996,LPath
T443E,0.9998,LPath
T443F,0.9995,LPath
T443G,0.9634,LPath
T443H,0.9985,LPath
T443I,0.9993,LPath
T443K,0.9998,LPath
T443L,0.9833,LPath
T443M,0.9883,LPath
T443N,0.9951,LPath
T443P,0.9992,LPath
T443Q,0.9988,LPath
T443R,0.999,LPath
T443S,0.7981,LPath
T443V,0.9853,LPath
T443W,1.0,LPath
T443Y,0.9996,LPath
F444A,0.9991,LPath
F444C,0.9948,LPath
F444D,1.0,LPath
F444E,1.0,LPath
F444G,0.9996,LPath
F444H,0.9993,LPath
F444I,0.9789,LPath
F444K,0.9999,LPath
F444L,0.9611,LPath
F444M,0.9717,LPath
F444N,0.9997,LPath
F444P,1.0,LPath
F444Q,0.9999,LPath
F444R,0.9997,LPath
F444S,0.9996,LPath
F444T,0.9997,LPath
F444V,0.9831,LPath
F444W,0.9896,LPath
F444Y,0.791,LPath
F445A,0.9987,LPath
F445C,0.9855,LPath
F445D,1.0,LPath
F445E,0.9999,LPath
F445G,0.9997,LPath
F445H,0.9987,LPath
F445I,0.9255,LPath
F445K,0.9999,LPath
F445L,0.9915,LPath
F445M,0.9738,LPath
F445N,0.9998,LPath
F445P,1.0,LPath
F445Q,0.9997,LPath
F445R,0.9996,LPath
F445S,0.9996,LPath
F445T,0.9993,LPath
F445V,0.918,LPath
F445W,0.99,LPath
F445Y,0.9323,LPath
T446A,0.9323,LPath
T446C,0.9307,LPath
T446D,0.9954,LPath
T446E,0.9965,LPath
T446F,0.9929,LPath
T446G,0.9267,LPath
T446H,0.9689,LPath
T446I,0.9897,LPath
T446K,0.994,LPath
T446L,0.936,LPath
T446M,0.9536,LPath
T446N,0.9131,LPath
T446P,0.9801,LPath
T446Q,0.9801,LPath
T446R,0.9881,LPath
T446S,0.6882,LPath
T446V,0.9433,LPath
T446W,0.9986,LPath
T446Y,0.9936,LPath
P447A,0.1775,LBen
P447C,0.8362,LPath
P447D,0.9195,LPath
P447E,0.8019,LPath
P447F,0.8414,LPath
P447G,0.5051,Amb
P447H,0.5201,Amb
P447I,0.7268,LPath
P447K,0.8564,LPath
P447L,0.4287,Amb
P447M,0.5769,LPath
P447N,0.6062,LPath
P447Q,0.3776,Amb
P447R,0.7369,LPath
P447S,0.2441,LBen
P447T,0.2858,LBen
P447V,0.5137,Amb
P447W,0.9337,LPath
P447Y,0.8169,LPath
N448A,0.0894,LBen
N448C,0.1865,LBen
N448D,0.4745,Amb
N448E,0.6865,LPath
N448F,0.5586,Amb
N448G,0.0648,LBen
N448H,0.1493,LBen
N448I,0.3878,Amb
N448K,0.7107,LPath
N448L,0.2306,LBen
N448M,0.2836,LBen
N448P,0.8169,LPath
N448Q,0.2714,LBen
N448R,0.7294,LPath
N448S,0.049,LBen
N448T,0.1192,LBen
N448V,0.2613,LBen
N448W,0.841,LPath
N448Y,0.3138,LBen
N449A,0.9594,LPath
N449C,0.8539,LPath
N449D,0.7973,LPath
N449E,0.9884,LPath
N449F,0.997,LPath
N449G,0.9319,LPath
N449H,0.8248,LPath
N449I,0.9901,LPath
N449K,0.9956,LPath
N449L,0.9842,LPath
N449M,0.9855,LPath
N449P,0.9983,LPath
N449Q,0.9586,LPath
N449R,0.9917,LPath
N449S,0.5211,Amb
N449T,0.9229,LPath
N449V,0.9749,LPath
N449W,0.9993,LPath
N449Y,0.9699,LPath
I450A,0.2773,LBen
I450C,0.3849,Amb
I450D,0.9674,LPath
I450E,0.9101,LPath
I450F,0.1737,LBen
I450G,0.5672,LPath
I450H,0.6364,LPath
I450K,0.7879,LPath
I450L,0.0894,LBen
I450M,0.0716,LBen
I450N,0.5406,Amb
I450P,0.8871,LPath
I450Q,0.5265,Amb
I450R,0.689,LPath
I450S,0.32,LBen
I450T,0.3757,Amb
I450V,0.067,LBen
I450W,0.7787,LPath
I450Y,0.5193,Amb
K451A,0.9735,LPath
K451C,0.9561,LPath
K451D,0.9898,LPath
K451E,0.9884,LPath
K451F,0.9961,LPath
K451G,0.9099,LPath
K451H,0.7499,LPath
K451I,0.9939,LPath
K451L,0.9793,LPath
K451M,0.9857,LPath
K451N,0.978,LPath
K451P,0.9637,LPath
K451Q,0.7745,LPath
K451R,0.0637,LBen
K451S,0.9693,LPath
K451T,0.9763,LPath
K451V,0.9854,LPath
K451W,0.9844,LPath
K451Y,0.9783,LPath
Q452A,0.4972,Amb
Q452C,0.9005,LPath
Q452D,0.9805,LPath
Q452E,0.7337,LPath
Q452F,0.929,LPath
Q452G,0.6386,LPath
Q452H,0.7227,LPath
Q452I,0.9392,LPath
Q452K,0.8529,LPath
Q452L,0.6689,LPath
Q452M,0.601,LPath
Q452N,0.5987,LPath
Q452P,0.9547,LPath
Q452R,0.9193,LPath
Q452S,0.4234,Amb
Q452T,0.7347,LPath
Q452V,0.8295,LPath
Q452W,0.9836,LPath
Q452Y,0.8996,LPath
V453A,0.2687,LBen
V453C,0.6923,LPath
V453D,0.9966,LPath
V453E,0.9923,LPath
V453F,0.964,LPath
V453G,0.7268,LPath
V453H,0.9939,LPath
V453I,0.248,LBen
V453K,0.9951,LPath
V453L,0.8522,LPath
V453M,0.8238,LPath
V453N,0.9809,LPath
V453P,0.9954,LPath
V453Q,0.9811,LPath
V453R,0.9874,LPath
V453S,0.5406,Amb
V453T,0.588,LPath
V453W,0.999,LPath
V453Y,0.9922,LPath
S454A,0.1043,LBen
S454C,0.1846,LBen
S454D,0.6454,LPath
S454E,0.7341,LPath
S454F,0.5241,Amb
S454G,0.0637,LBen
S454H,0.2065,LBen
S454I,0.4477,Amb
S454K,0.6935,LPath
S454L,0.3486,Amb
S454M,0.3051,LBen
S454N,0.071,LBen
S454P,0.1824,LBen
S454Q,0.2879,LBen
S454R,0.7063,LPath
S454T,0.0883,LBen
S454V,0.3206,LBen
S454W,0.6971,LPath
S454Y,0.3966,Amb
D455A,0.8143,LPath
D455C,0.9843,LPath
D455E,0.3284,LBen
D455F,0.9931,LPath
D455G,0.8785,LPath
D455H,0.9528,LPath
D455I,0.9888,LPath
D455K,0.9791,LPath
D455L,0.9731,LPath
D455M,0.9917,LPath
D455N,0.7399,LPath
D455P,0.986,LPath
D455Q,0.9181,LPath
D455R,0.9827,LPath
D455S,0.7312,LPath
D455T,0.9307,LPath
D455V,0.9573,LPath
D455W,0.9987,LPath
D455Y,0.962,LPath
L456A,0.9968,LPath
L456C,0.9978,LPath
L456D,0.9999,LPath
L456E,0.9997,LPath
L456F,0.9913,LPath
L456G,0.9992,LPath
L456H,0.9995,LPath
L456I,0.9292,LPath
L456K,0.999,LPath
L456M,0.9172,LPath
L456N,0.9996,LPath
L456P,1.0,LPath
L456Q,0.9995,LPath
L456R,0.9987,LPath
L456S,0.9998,LPath
L456T,0.9973,LPath
L456V,0.9547,LPath
L456W,0.9996,LPath
L456Y,0.9989,LPath
I457A,0.9021,LPath
I457C,0.86,LPath
I457D,0.9992,LPath
I457E,0.9935,LPath
I457F,0.9284,LPath
I457G,0.9909,LPath
I457H,0.995,LPath
I457K,0.9846,LPath
I457L,0.3006,LBen
I457M,0.4133,Amb
I457N,0.9852,LPath
I457P,0.9985,LPath
I457Q,0.9766,LPath
I457R,0.9814,LPath
I457S,0.9596,LPath
I457T,0.8067,LPath
I457V,0.0834,LBen
I457W,0.9983,LPath
I457Y,0.99,LPath
S458A,0.0683,LBen
S458C,0.1724,LBen
S458D,0.7253,LPath
S458E,0.7933,LPath
S458F,0.5569,Amb
S458G,0.0764,LBen
S458H,0.4956,Amb
S458I,0.6096,LPath
S458K,0.8786,LPath
S458L,0.2009,LBen
S458M,0.2643,LBen
S458N,0.1737,LBen
S458P,0.9807,LPath
S458Q,0.4816,Amb
S458R,0.8747,LPath
S458T,0.1205,LBen
S458V,0.4148,Amb
S458W,0.8327,LPath
S458Y,0.5863,LPath
V459A,0.9978,LPath
V459C,0.9951,LPath
V459D,0.9999,LPath
V459E,0.9997,LPath
V459F,0.9963,LPath
V459G,0.9963,LPath
V459H,0.9998,LPath
V459I,0.4099,Amb
V459K,0.9995,LPath
V459L,0.9893,LPath
V459M,0.9936,LPath
V459N,0.9988,LPath
V459P,0.9996,LPath
V459Q,0.9994,LPath
V459R,0.9987,LPath
V459S,0.9972,LPath
V459T,0.9844,LPath
V459W,0.9999,LPath
V459Y,0.9994,LPath
L460A,0.9976,LPath
L460C,0.9957,LPath
L460D,1.0,LPath
L460E,0.9997,LPath
L460F,0.9965,LPath
L460G,0.9995,LPath
L460H,0.9998,LPath
L460I,0.9462,LPath
L460K,0.9995,LPath
L460M,0.8538,LPath
L460N,0.9998,LPath
L460P,1.0,LPath
L460Q,0.9992,LPath
L460R,0.9993,LPath
L460S,0.9997,LPath
L460T,0.999,LPath
L460V,0.9795,LPath
L460W,0.9997,LPath
L460Y,0.9996,LPath
R461A,0.8899,LPath
R461C,0.6924,LPath
R461D,0.9548,LPath
R461E,0.5994,LPath
R461F,0.9785,LPath
R461G,0.7826,LPath
R461H,0.3526,Amb
R461I,0.8754,LPath
R461K,0.1334,LBen
R461L,0.8037,LPath
R461M,0.8255,LPath
R461N,0.8836,LPath
R461P,0.9984,LPath
R461Q,0.1533,LBen
R461S,0.8778,LPath
R461T,0.6566,LPath
R461V,0.8414,LPath
R461W,0.8409,LPath
R461Y,0.9139,LPath
E462A,0.9798,LPath
E462C,0.9981,LPath
E462D,0.9704,LPath
E462F,0.9997,LPath
E462G,0.9693,LPath
E462H,0.9979,LPath
E462I,0.9984,LPath
E462K,0.9934,LPath
E462L,0.9984,LPath
E462M,0.9981,LPath
E462N,0.996,LPath
E462P,0.9999,LPath
E462Q,0.9666,LPath
E462R,0.9934,LPath
E462S,0.9889,LPath
E462T,0.9935,LPath
E462V,0.9949,LPath
E462W,0.9998,LPath
E462Y,0.9991,LPath
A463C,0.9837,LPath
A463D,0.9996,LPath
A463E,0.9989,LPath
A463F,0.9991,LPath
A463G,0.9569,LPath
A463H,0.9979,LPath
A463I,0.9994,LPath
A463K,0.9996,LPath
A463L,0.9939,LPath
A463M,0.9979,LPath
A463N,0.9945,LPath
A463P,0.9999,LPath
A463Q,0.9959,LPath
A463R,0.9952,LPath
A463S,0.7196,LPath
A463T,0.9819,LPath
A463V,0.9962,LPath
A463W,0.9997,LPath
A463Y,0.9991,LPath
N464A,0.7418,LPath
N464C,0.5961,LPath
N464D,0.3627,Amb
N464E,0.7599,LPath
N464F,0.9853,LPath
N464G,0.2914,LBen
N464H,0.1681,LBen
N464I,0.9809,LPath
N464K,0.4145,Amb
N464L,0.9459,LPath
N464M,0.9442,LPath
N464P,0.9936,LPath
N464Q,0.4018,Amb
N464R,0.4173,Amb
N464S,0.1448,LBen
N464T,0.7642,LPath
N464V,0.9457,LPath
N464W,0.9856,LPath
N464Y,0.769,LPath
Q465A,0.9435,LPath
Q465C,0.9995,LPath
Q465D,0.9997,LPath
Q465E,0.9789,LPath
Q465F,0.9993,LPath
Q465G,0.979,LPath
Q465H,0.9996,LPath
Q465I,0.998,LPath
Q465K,0.9969,LPath
Q465L,0.997,LPath
Q465M,0.981,LPath
Q465N,0.9908,LPath
Q465P,0.9998,LPath
Q465R,0.9972,LPath
Q465S,0.9607,LPath
Q465T,0.9859,LPath
Q465V,0.9933,LPath
Q465W,0.9999,LPath
Q465Y,0.9998,LPath
A466C,0.7601,LPath
A466D,0.9836,LPath
A466E,0.9613,LPath
A466F,0.9284,LPath
A466G,0.8143,LPath
A466H,0.9395,LPath
A466I,0.7881,LPath
A466K,0.985,LPath
A466L,0.6896,LPath
A466M,0.696,LPath
A466N,0.8206,LPath
A466P,0.9557,LPath
A466Q,0.8224,LPath
A466R,0.9602,LPath
A466S,0.38,Amb
A466T,0.4603,Amb
A466V,0.5121,Amb
A466W,0.9905,LPath
A466Y,0.9489,LPath
I467A,0.9886,LPath
I467C,0.9856,LPath
I467D,0.9998,LPath
I467E,0.999,LPath
I467F,0.9743,LPath
I467G,0.9993,LPath
I467H,0.9995,LPath
I467K,0.9983,LPath
I467L,0.7106,LPath
I467M,0.8223,LPath
I467N,0.9979,LPath
I467P,0.9873,LPath
I467Q,0.9984,LPath
I467R,0.9975,LPath
I467S,0.9952,LPath
I467T,0.9801,LPath
I467V,0.0951,LBen
I467W,0.9995,LPath
I467Y,0.9977,LPath
N468A,0.9136,LPath
N468C,0.7846,LPath
N468D,0.9404,LPath
N468E,0.9938,LPath
N468F,0.9937,LPath
N468G,0.9709,LPath
N468H,0.6692,LPath
N468I,0.9708,LPath
N468K,0.9979,LPath
N468L,0.9502,LPath
N468M,0.9804,LPath
N468P,0.5934,LPath
N468Q,0.9803,LPath
N468R,0.9957,LPath
N468S,0.2364,LBen
N468T,0.8438,LPath
N468V,0.9607,LPath
N468W,0.9979,LPath
N468Y,0.9541,LPath
P469A,0.9511,LPath
P469C,0.9975,LPath
P469D,0.9959,LPath
P469E,0.9896,LPath
P469F,0.9992,LPath
P469G,0.987,LPath
P469H,0.9866,LPath
P469I,0.9966,LPath
P469K,0.9948,LPath
P469L,0.9796,LPath
P469M,0.9961,LPath
P469N,0.9937,LPath
P469Q,0.982,LPath
P469R,0.9838,LPath
P469S,0.9766,LPath
P469T,0.9805,LPath
P469V,0.9886,LPath
P469W,0.999,LPath
P469Y,0.9979,LPath
K470A,0.9705,LPath
K470C,0.9871,LPath
K470D,0.9941,LPath
K470E,0.9793,LPath
K470F,0.9983,LPath
K470G,0.9866,LPath
K470H,0.9187,LPath
K470I,0.9906,LPath
K470L,0.9707,LPath
K470M,0.9754,LPath
K470N,0.9924,LPath
K470P,0.994,LPath
K470Q,0.8185,LPath
K470R,0.1358,LBen
K470S,0.9882,LPath
K470T,0.9784,LPath
K470V,0.9704,LPath
K470W,0.9965,LPath
K470Y,0.9889,LPath
L471A,0.9952,LPath
L471C,0.9973,LPath
L471D,0.9999,LPath
L471E,0.9996,LPath
L471F,0.9947,LPath
L471G,0.999,LPath
L471H,0.9997,LPath
L471I,0.8031,LPath
L471K,0.9994,LPath
L471M,0.917,LPath
L471N,0.9995,LPath
L471P,0.9998,LPath
L471Q,0.9996,LPath
L471R,0.9993,LPath
L471S,0.9998,LPath
L471T,0.9985,LPath
L471V,0.8943,LPath
L471W,0.9996,LPath
L471Y,0.9988,LPath
L472A,0.6406,LPath
L472C,0.7578,LPath
L472D,0.986,LPath
L472E,0.8575,LPath
L472F,0.3764,Amb
L472G,0.9064,LPath
L472H,0.7217,LPath
L472I,0.1296,LBen
L472K,0.8434,LPath
L472M,0.1126,LBen
L472N,0.8055,LPath
L472P,0.9955,LPath
L472Q,0.4423,Amb
L472R,0.8002,LPath
L472S,0.7866,LPath
L472T,0.6667,LPath
L472V,0.1845,LBen
L472W,0.7298,LPath
L472Y,0.6617,LPath
Q473A,0.277,LBen
Q473C,0.9224,LPath
Q473D,0.8884,LPath
Q473E,0.389,Amb
Q473F,0.9575,LPath
Q473G,0.4623,Amb
Q473H,0.624,LPath
Q473I,0.8839,LPath
Q473K,0.7188,LPath
Q473L,0.5396,Amb
Q473M,0.578,LPath
Q473N,0.5508,Amb
Q473P,0.9804,LPath
Q473R,0.7052,LPath
Q473S,0.2334,LBen
Q473T,0.419,Amb
Q473V,0.7174,LPath
Q473W,0.978,LPath
Q473Y,0.9149,LPath
L474A,0.9158,LPath
L474C,0.9258,LPath
L474D,0.998,LPath
L474E,0.9894,LPath
L474F,0.5641,LPath
L474G,0.9862,LPath
L474H,0.9477,LPath
L474I,0.3497,Amb
L474K,0.9773,LPath
L474M,0.1462,LBen
L474N,0.9822,LPath
L474P,0.9981,LPath
L474Q,0.9131,LPath
L474R,0.973,LPath
L474S,0.9785,LPath
L474T,0.9549,LPath
L474V,0.4996,Amb
L474W,0.8717,LPath
L474Y,0.8383,LPath
V475A,0.1319,LBen
V475C,0.54,Amb
V475D,0.9117,LPath
V475E,0.7368,LPath
V475F,0.3871,Amb
V475G,0.4033,Amb
V475H,0.7726,LPath
V475I,0.0818,LBen
V475K,0.7973,LPath
V475L,0.1605,LBen
V475M,0.1261,LBen
V475N,0.5845,LPath
V475P,0.9247,LPath
V475Q,0.4696,Amb
V475R,0.7721,LPath
V475S,0.2412,LBen
V475T,0.1948,LBen
V475W,0.9081,LPath
V475Y,0.752,LPath
E476A,0.5646,LPath
E476C,0.9634,LPath
E476D,0.107,LBen
E476F,0.9791,LPath
E476G,0.4501,Amb
E476H,0.8554,LPath
E476I,0.9428,LPath
E476K,0.8079,LPath
E476L,0.9184,LPath
E476M,0.9304,LPath
E476N,0.5174,Amb
E476P,0.9424,LPath
E476Q,0.4459,Amb
E476R,0.8141,LPath
E476S,0.4403,Amb
E476T,0.6878,LPath
E476V,0.851,LPath
E476W,0.9871,LPath
E476Y,0.9346,LPath
D477A,0.6126,LPath
D477C,0.9119,LPath
D477E,0.1608,LBen
D477F,0.8889,LPath
D477G,0.5008,Amb
D477H,0.8134,LPath
D477I,0.8516,LPath
D477K,0.8895,LPath
D477L,0.8224,LPath
D477M,0.8487,LPath
D477N,0.359,Amb
D477P,0.9608,LPath
D477Q,0.6503,LPath
D477R,0.8907,LPath
D477S,0.4158,Amb
D477T,0.6244,LPath
D477V,0.7022,LPath
D477W,0.971,LPath
D477Y,0.6577,LPath
R478A,0.8563,LPath
R478C,0.7538,LPath
R478D,0.94,LPath
R478E,0.8945,LPath
R478F,0.9074,LPath
R478G,0.5498,Amb
R478H,0.4153,Amb
R478I,0.8951,LPath
R478K,0.1599,LBen
R478L,0.8624,LPath
R478M,0.8787,LPath
R478N,0.8966,LPath
R478P,0.8375,LPath
R478Q,0.3979,Amb
R478S,0.859,LPath
R478T,0.8293,LPath
R478V,0.8921,LPath
R478W,0.7286,LPath
R478Y,0.7889,LPath
G479A,0.1547,LBen
G479C,0.1885,LBen
G479D,0.8057,LPath
G479E,0.8065,LPath
G479F,0.484,Amb
G479H,0.5336,Amb
G479I,0.3818,Amb
G479K,0.889,LPath
G479L,0.4845,Amb
G479M,0.4565,Amb
G479N,0.2906,LBen
G479P,0.5991,LPath
G479Q,0.5399,Amb
G479R,0.7995,LPath
G479S,0.1026,LBen
G479T,0.1648,LBen
G479V,0.2155,LBen
G479W,0.5115,Amb
G479Y,0.3825,Amb
S480A,0.0718,LBen
S480C,0.0879,LBen
S480D,0.719,LPath
S480E,0.7325,LPath
S480F,0.1397,LBen
S480G,0.0537,LBen
S480H,0.3242,LBen
S480I,0.154,LBen
S480K,0.7676,LPath
S480L,0.1233,LBen
S480M,0.1291,LBen
S480N,0.1158,LBen
S480P,0.1392,LBen
S480Q,0.3522,Amb
S480R,0.7393,LPath
S480T,0.0743,LBen
S480V,0.1076,LBen
S480W,0.3204,LBen
S480Y,0.1912,LBen
G481A,0.1284,LBen
G481C,0.1633,LBen
G481D,0.8636,LPath
G481E,0.8535,LPath
G481F,0.3497,Amb
G481H,0.5346,Amb
G481I,0.2868,LBen
G481K,0.9143,LPath
G481L,0.3246,LBen
G481M,0.3352,LBen
G481N,0.2875,LBen
G481P,0.5291,Amb
G481Q,0.5203,Amb
G481R,0.8233,LPath
G481S,0.0846,LBen
G481T,0.1437,LBen
G481V,0.1637,LBen
G481W,0.4328,Amb
G481Y,0.322,LBen
R482A,0.8128,LPath
R482C,0.7369,LPath
R482D,0.9553,LPath
R482E,0.9447,LPath
R482F,0.7078,LPath
R482G,0.4439,Amb
R482H,0.3938,Amb
R482I,0.8306,LPath
R482K,0.1876,LBen
R482L,0.7875,LPath
R482M,0.8563,LPath
R482N,0.8533,LPath
R482P,0.7407,LPath
R482Q,0.4406,Amb
R482S,0.8057,LPath
R482T,0.8219,LPath
R482V,0.8111,LPath
R482W,0.6093,LPath
R482Y,0.5741,LPath
S483A,0.0995,LBen
S483C,0.138,LBen
S483D,0.8379,LPath
S483E,0.8596,LPath
S483F,0.1378,LBen
S483G,0.0699,LBen
S483H,0.3877,Amb
S483I,0.2615,LBen
S483K,0.9072,LPath
S483L,0.1909,LBen
S483M,0.1765,LBen
S483N,0.1394,LBen
S483P,0.19,LBen
S483Q,0.4457,Amb
S483R,0.8795,LPath
S483T,0.1057,LBen
S483V,0.1766,LBen
S483W,0.3873,Amb
S483Y,0.1845,LBen
R484A,0.7626,LPath
R484C,0.7117,LPath
R484D,0.9515,LPath
R484E,0.9361,LPath
R484F,0.6825,LPath
R484G,0.3552,Amb
R484H,0.4106,Amb
R484I,0.858,LPath
R484K,0.2208,LBen
R484L,0.7688,LPath
R484M,0.8493,LPath
R484N,0.8687,LPath
R484P,0.6839,LPath
R484Q,0.4409,Amb
R484S,0.7772,LPath
R484T,0.7995,LPath
R484V,0.81,LPath
R484W,0.4975,Amb
R484Y,0.5669,LPath
G485A,0.2246,LBen
G485C,0.3119,LBen
G485D,0.8546,LPath
G485E,0.8608,LPath
G485F,0.4209,Amb
G485H,0.6642,LPath
G485I,0.4983,Amb
G485K,0.9585,LPath
G485L,0.5628,Amb
G485M,0.5198,Amb
G485N,0.3606,Amb
G485P,0.7485,LPath
G485Q,0.6519,LPath
G485R,0.9182,LPath
G485S,0.1194,LBen
G485T,0.2524,LBen
G485V,0.3098,LBen
G485W,0.513,Amb
G485Y,0.3401,Amb
R486A,0.8372,LPath
R486C,0.7976,LPath
R486D,0.9471,LPath
R486E,0.9376,LPath
R486F,0.668,LPath
R486G,0.4524,Amb
R486H,0.4873,Amb
R486I,0.8675,LPath
R486K,0.2357,LBen
R486L,0.7896,LPath
R486M,0.8527,LPath
R486N,0.8683,LPath
R486P,0.7616,LPath
R486Q,0.4886,Amb
R486S,0.8386,LPath
R486T,0.8484,LPath
R486V,0.847,LPath
R486W,0.5395,Amb
R486Y,0.5646,LPath
G487A,0.1491,LBen
G487C,0.2641,LBen
G487D,0.8014,LPath
G487E,0.8124,LPath
G487F,0.3867,Amb
G487H,0.6185,LPath
G487I,0.42,Amb
G487K,0.9449,LPath
G487L,0.4928,Amb
G487M,0.4375,Amb
G487N,0.2993,LBen
G487P,0.6537,LPath
G487Q,0.6232,LPath
G487R,0.8934,LPath
G487S,0.0956,LBen
G487T,0.1543,LBen
G487V,0.2506,LBen
G487W,0.4391,Amb
G487Y,0.3169,LBen
G488A,0.11,LBen
G488C,0.1837,LBen
G488D,0.71,LPath
G488E,0.7251,LPath
G488F,0.3215,LBen
G488H,0.5441,Amb
G488I,0.2365,LBen
G488K,0.9117,LPath
G488L,0.3405,Amb
G488M,0.3012,LBen
G488N,0.1996,LBen
G488P,0.5403,Amb
G488Q,0.5176,Amb
G488R,0.844,LPath
G488S,0.081,LBen
G488T,0.12,LBen
G488V,0.143,LBen
G488W,0.4588,Amb
G488Y,0.2873,LBen
M489A,0.1734,LBen
M489C,0.362,Amb
M489D,0.8238,LPath
M489E,0.6969,LPath
M489F,0.0825,LBen
M489G,0.2141,LBen
M489H,0.3641,Amb
M489I,0.1464,LBen
M489K,0.6206,LPath
M489L,0.0855,LBen
M489N,0.2548,LBen
M489P,0.3052,LBen
M489Q,0.2391,LBen
M489R,0.5211,Amb
M489S,0.1805,LBen
M489T,0.2078,LBen
M489V,0.0629,LBen
M489W,0.3519,Amb
M489Y,0.1878,LBen
K490A,0.7064,LPath
K490C,0.8909,LPath
K490D,0.8385,LPath
K490E,0.782,LPath
K490F,0.9053,LPath
K490G,0.4967,Amb
K490H,0.4511,Amb
K490I,0.8706,LPath
K490L,0.7977,LPath
K490M,0.8012,LPath
K490N,0.7183,LPath
K490P,0.6517,LPath
K490Q,0.3057,LBen
K490R,0.0624,LBen
K490S,0.7135,LPath
K490T,0.6524,LPath
K490V,0.7852,LPath
K490W,0.8486,LPath
K490Y,0.761,LPath
D491A,0.8011,LPath
D491C,0.9619,LPath
D491E,0.2174,LBen
D491F,0.944,LPath
D491G,0.6771,LPath
D491H,0.9337,LPath
D491I,0.9519,LPath
D491K,0.9617,LPath
D491L,0.9323,LPath
D491M,0.9569,LPath
D491N,0.6277,LPath
D491P,0.9508,LPath
D491Q,0.8757,LPath
D491R,0.9462,LPath
D491S,0.6983,LPath
D491T,0.8406,LPath
D491V,0.8731,LPath
D491W,0.9824,LPath
D491Y,0.7661,LPath
D492A,0.8378,LPath
D492C,0.9612,LPath
D492E,0.2461,LBen
D492F,0.9445,LPath
D492G,0.749,LPath
D492H,0.9263,LPath
D492I,0.9463,LPath
D492K,0.9673,LPath
D492L,0.9358,LPath
D492M,0.9645,LPath
D492N,0.5783,LPath
D492P,0.9634,LPath
D492Q,0.8849,LPath
D492R,0.9494,LPath
D492S,0.6519,LPath
D492T,0.8539,LPath
D492V,0.8736,LPath
D492W,0.9859,LPath
D492Y,0.7761,LPath
R493A,0.8507,LPath
R493C,0.776,LPath
R493D,0.8855,LPath
R493E,0.8302,LPath
R493F,0.8477,LPath
R493G,0.5677,LPath
R493H,0.3541,Amb
R493I,0.8664,LPath
R493K,0.2192,LBen
R493L,0.816,LPath
R493M,0.8729,LPath
R493N,0.8161,LPath
R493P,0.8115,LPath
R493Q,0.3719,Amb
R493S,0.8211,LPath
R493T,0.8027,LPath
R493V,0.8606,LPath
R493W,0.6691,LPath
R493Y,0.6559,LPath
R494A,0.9411,LPath
R494C,0.9053,LPath
R494D,0.9658,LPath
R494E,0.9334,LPath
R494F,0.9315,LPath
R494G,0.6944,LPath
R494H,0.6225,LPath
R494I,0.965,LPath
R494K,0.3278,LBen
R494L,0.9139,LPath
R494M,0.9535,LPath
R494N,0.941,LPath
R494P,0.8962,LPath
R494Q,0.5767,LPath
R494S,0.9411,LPath
R494T,0.9388,LPath
R494V,0.9557,LPath
R494W,0.7003,LPath
R494Y,0.7998,LPath
D495A,0.9259,LPath
D495C,0.9816,LPath
D495E,0.4273,Amb
D495F,0.9726,LPath
D495G,0.8113,LPath
D495H,0.9621,LPath
D495I,0.9841,LPath
D495K,0.9845,LPath
D495L,0.9712,LPath
D495M,0.986,LPath
D495N,0.7301,LPath
D495P,0.9752,LPath
D495Q,0.9392,LPath
D495R,0.9752,LPath
D495S,0.7762,LPath
D495T,0.9438,LPath
D495V,0.9539,LPath
D495W,0.9907,LPath
D495Y,0.8483,LPath
R496A,0.9246,LPath
R496C,0.8714,LPath
R496D,0.9428,LPath
R496E,0.9343,LPath
R496F,0.9254,LPath
R496G,0.7166,LPath
R496H,0.438,Amb
R496I,0.9256,LPath
R496K,0.3369,LBen
R496L,0.895,LPath
R496M,0.9402,LPath
R496N,0.884,LPath
R496P,0.8914,LPath
R496Q,0.5299,Amb
R496S,0.8991,LPath
R496T,0.8923,LPath
R496V,0.9296,LPath
R496W,0.803,LPath
R496Y,0.7805,LPath
Y497A,0.5408,Amb
Y497C,0.3216,LBen
Y497D,0.6989,LPath
Y497E,0.8459,LPath
Y497F,0.0647,LBen
Y497G,0.3865,Amb
Y497H,0.4722,Amb
Y497I,0.5689,LPath
Y497K,0.9175,LPath
Y497L,0.5954,LPath
Y497M,0.599,LPath
Y497N,0.3447,Amb
Y497P,0.6549,LPath
Y497Q,0.7077,LPath
Y497R,0.8147,LPath
Y497S,0.3346,LBen
Y497T,0.5642,LPath
Y497V,0.4221,Amb
Y497W,0.4506,Amb
S498A,0.1232,LBen
S498C,0.3889,Amb
S498D,0.8874,LPath
S498E,0.9082,LPath
S498F,0.5679,LPath
S498G,0.1374,LBen
S498H,0.7681,LPath
S498I,0.5737,LPath
S498K,0.9797,LPath
S498L,0.3445,Amb
S498M,0.4158,Amb
S498N,0.3934,Amb
S498P,0.4264,Amb
S498Q,0.774,LPath
S498R,0.9746,LPath
S498T,0.1327,LBen
S498V,0.3829,Amb
S498W,0.807,LPath
S498Y,0.5841,LPath
A499C,0.4281,Amb
A499D,0.7158,LPath
A499E,0.708,LPath
A499F,0.3539,Amb
A499G,0.0973,LBen
A499H,0.5982,LPath
A499I,0.2627,LBen
A499K,0.9147,LPath
A499L,0.1878,LBen
A499M,0.2211,LBen
A499N,0.2114,LBen
A499P,0.1851,LBen
A499Q,0.4617,Amb
A499R,0.8904,LPath
A499S,0.0719,LBen
A499T,0.0852,LBen
A499V,0.1329,LBen
A499W,0.8114,LPath
A499Y,0.5014,Amb
G500A,0.1446,LBen
G500C,0.3738,Amb
G500D,0.7055,LPath
G500E,0.7325,LPath
G500F,0.7314,LPath
G500H,0.7192,LPath
G500I,0.5511,Amb
G500K,0.9433,LPath
G500L,0.5895,LPath
G500M,0.5792,LPath
G500N,0.2371,LBen
G500P,0.5717,LPath
G500Q,0.5921,LPath
G500R,0.8985,LPath
G500S,0.0829,LBen
G500T,0.1665,LBen
G500V,0.3336,LBen
G500W,0.7638,LPath
G500Y,0.6413,LPath
K501A,0.692,LPath
K501C,0.8694,LPath
K501D,0.7684,LPath
K501E,0.7265,LPath
K501F,0.9284,LPath
K501G,0.418,Amb
K501H,0.5029,Amb
K501I,0.8407,LPath
K501L,0.7902,LPath
K501M,0.7908,LPath
K501N,0.6598,LPath
K501P,0.5786,LPath
K501Q,0.2605,LBen
K501R,0.0733,LBen
K501S,0.6239,LPath
K501T,0.6121,LPath
K501V,0.764,LPath
K501W,0.9178,LPath
K501Y,0.8129,LPath
R502A,0.7492,LPath
R502C,0.8037,LPath
R502D,0.825,LPath
R502E,0.7669,LPath
R502F,0.842,LPath
R502G,0.3805,Amb
R502H,0.3974,Amb
R502I,0.8379,LPath
R502K,0.1657,LBen
R502L,0.7742,LPath
R502M,0.8249,LPath
R502N,0.732,LPath
R502P,0.6407,LPath
R502Q,0.3111,LBen
R502S,0.7321,LPath
R502T,0.6953,LPath
R502V,0.8171,LPath
R502W,0.7123,LPath
R502Y,0.6859,LPath
G503A,0.1331,LBen
G503C,0.3419,Amb
G503D,0.5094,Amb
G503E,0.5811,LPath
G503F,0.6787,LPath
G503H,0.652,LPath
G503I,0.4999,Amb
G503K,0.9145,LPath
G503L,0.5696,LPath
G503M,0.5386,Amb
G503N,0.2284,LBen
G503P,0.5252,Amb
G503Q,0.5625,Amb
G503R,0.8669,LPath
G503S,0.0864,LBen
G503T,0.1298,LBen
G503V,0.2842,LBen
G503W,0.7035,LPath
G503Y,0.5594,Amb
G504A,0.1233,LBen
G504C,0.2608,LBen
G504D,0.4197,Amb
G504E,0.5287,Amb
G504F,0.6052,LPath
G504H,0.5994,LPath
G504I,0.3616,Amb
G504K,0.9089,LPath
G504L,0.4865,Amb
G504M,0.448,Amb
G504N,0.1574,LBen
G504P,0.5764,LPath
G504Q,0.5193,Amb
G504R,0.8529,LPath
G504S,0.0688,LBen
G504T,0.1241,LBen
G504V,0.2156,LBen
G504W,0.6859,LPath
G504Y,0.4764,Amb
F505A,0.3193,LBen
F505C,0.3073,LBen
F505D,0.7168,LPath
F505E,0.7713,LPath
F505G,0.3706,Amb
F505H,0.5982,LPath
F505I,0.2229,LBen
F505K,0.8808,LPath
F505L,0.6848,LPath
F505M,0.305,LBen
F505N,0.3489,Amb
F505P,0.7218,LPath
F505Q,0.6168,LPath
F505R,0.7989,LPath
F505S,0.2673,LBen
F505T,0.3495,Amb
F505V,0.186,LBen
F505W,0.4064,Amb
F505Y,0.1288,LBen
N506A,0.1395,LBen
N506C,0.3669,Amb
N506D,0.2547,LBen
N506E,0.5187,Amb
N506F,0.657,LPath
N506G,0.112,LBen
N506H,0.1895,LBen
N506I,0.4444,Amb
N506K,0.7583,LPath
N506L,0.345,Amb
N506M,0.4482,Amb
N506P,0.1884,LBen
N506Q,0.3188,LBen
N506R,0.733,LPath
N506S,0.053,LBen
N506T,0.1003,LBen
N506V,0.31,LBen
N506W,0.8577,LPath
N506Y,0.332,LBen
T507A,0.071,LBen
T507C,0.428,Amb
T507D,0.5229,Amb
T507E,0.5917,LPath
T507F,0.4033,Amb
T507G,0.1021,LBen
T507H,0.3409,Amb
T507I,0.2911,LBen
T507K,0.7651,LPath
T507L,0.18,LBen
T507M,0.1884,LBen
T507N,0.0819,LBen
T507P,0.1035,LBen
T507Q,0.322,LBen
T507R,0.7357,LPath
T507S,0.0602,LBen
T507V,0.1683,LBen
T507W,0.8054,LPath
T507Y,0.3862,Amb
F508A,0.3487,Amb
F508C,0.4037,Amb
F508D,0.7683,LPath
F508E,0.8073,LPath
F508G,0.4536,Amb
F508H,0.626,LPath
F508I,0.2486,LBen
F508K,0.9105,LPath
F508L,0.7242,LPath
F508M,0.356,Amb
F508N,0.4302,Amb
F508P,0.7398,LPath
F508Q,0.6537,LPath
F508R,0.8444,LPath
F508S,0.2963,LBen
F508T,0.3871,Amb
F508V,0.1954,LBen
F508W,0.5488,Amb
F508Y,0.1367,LBen
R509A,0.7282,LPath
R509C,0.6996,LPath
R509D,0.8548,LPath
R509E,0.7514,LPath
R509F,0.8991,LPath
R509G,0.3882,Amb
R509H,0.3361,LBen
R509I,0.8805,LPath
R509K,0.1862,LBen
R509L,0.7616,LPath
R509M,0.8586,LPath
R509N,0.7833,LPath
R509P,0.6904,LPath
R509Q,0.2449,LBen
R509S,0.7199,LPath
R509T,0.7035,LPath
R509V,0.8401,LPath
R509W,0.6422,LPath
R509Y,0.739,LPath
D510A,0.8475,LPath
D510C,0.9748,LPath
D510E,0.1658,LBen
D510F,0.9798,LPath
D510G,0.6862,LPath
D510H,0.9287,LPath
D510I,0.9649,LPath
D510K,0.9503,LPath
D510L,0.9505,LPath
D510M,0.9763,LPath
D510N,0.5357,Amb
D510P,0.9473,LPath
D510Q,0.8377,LPath
D510R,0.9481,LPath
D510S,0.6921,LPath
D510T,0.8628,LPath
D510V,0.9006,LPath
D510W,0.9928,LPath
D510Y,0.8629,LPath
R511A,0.8124,LPath
R511C,0.8315,LPath
R511D,0.7954,LPath
R511E,0.7127,LPath
R511F,0.934,LPath
R511G,0.481,Amb
R511H,0.3804,Amb
R511I,0.8938,LPath
R511K,0.1409,LBen
R511L,0.8418,LPath
R511M,0.8721,LPath
R511N,0.7525,LPath
R511P,0.7695,LPath
R511Q,0.2692,LBen
R511S,0.7896,LPath
R511T,0.732,LPath
R511V,0.8748,LPath
R511W,0.7742,LPath
R511Y,0.8074,LPath
E512A,0.7446,LPath
E512C,0.9786,LPath
E512D,0.0766,LBen
E512F,0.9815,LPath
E512G,0.4683,Amb
E512H,0.9287,LPath
E512I,0.9496,LPath
E512K,0.8961,LPath
E512L,0.9408,LPath
E512M,0.9652,LPath
E512N,0.5482,Amb
E512P,0.876,LPath
E512Q,0.6185,LPath
E512R,0.8853,LPath
E512S,0.5743,LPath
E512T,0.7678,LPath
E512V,0.8633,LPath
E512W,0.9904,LPath
E512Y,0.9287,LPath
N513A,0.1722,LBen
N513C,0.3773,Amb
N513D,0.3345,LBen
N513E,0.5908,LPath
N513F,0.6554,LPath
N513G,0.1754,LBen
N513H,0.2531,LBen
N513I,0.3293,LBen
N513K,0.7807,LPath
N513L,0.3717,Amb
N513M,0.4018,Amb
N513P,0.3845,Amb
N513Q,0.4079,Amb
N513R,0.8047,LPath
N513S,0.0862,LBen
N513T,0.1127,LBen
N513V,0.254,LBen
N513W,0.8954,LPath
N513Y,0.3261,LBen
Y514A,0.1233,LBen
Y514C,0.082,LBen
Y514D,0.2413,LBen
Y514E,0.3893,Amb
Y514F,0.0728,LBen
Y514G,0.1191,LBen
Y514H,0.1747,LBen
Y514I,0.2395,LBen
Y514K,0.6452,LPath
Y514L,0.2599,LBen
Y514M,0.2765,LBen
Y514N,0.0722,LBen
Y514P,0.2856,LBen
Y514Q,0.2291,LBen
Y514R,0.493,Amb
Y514S,0.0639,LBen
Y514T,0.1047,LBen
Y514V,0.1444,LBen
Y514W,0.3468,Amb
D515A,0.7524,LPath
D515C,0.9588,LPath
D515E,0.1534,LBen
D515F,0.973,LPath
D515G,0.5993,LPath
D515H,0.8792,LPath
D515I,0.9425,LPath
D515K,0.9211,LPath
D515L,0.919,LPath
D515M,0.9654,LPath
D515N,0.4465,Amb
D515P,0.9157,LPath
D515Q,0.7517,LPath
D515R,0.9098,LPath
D515S,0.5246,Amb
D515T,0.7792,LPath
D515V,0.8518,LPath
D515W,0.9915,LPath
D515Y,0.8546,LPath
R516A,0.7762,LPath
R516C,0.7567,LPath
R516D,0.8186,LPath
R516E,0.7483,LPath
R516F,0.8985,LPath
R516G,0.4359,Amb
R516H,0.3545,Amb
R516I,0.8702,LPath
R516K,0.1761,LBen
R516L,0.7836,LPath
R516M,0.8594,LPath
R516N,0.7703,LPath
R516P,0.7482,LPath
R516Q,0.3027,LBen
R516S,0.7615,LPath
R516T,0.7196,LPath
R516V,0.8503,LPath
R516W,0.7527,LPath
R516Y,0.7758,LPath
G517A,0.1584,LBen
G517C,0.3303,LBen
G517D,0.522,Amb
G517E,0.5852,LPath
G517F,0.778,LPath
G517H,0.6395,LPath
G517I,0.5215,Amb
G517K,0.8985,LPath
G517L,0.6361,LPath
G517M,0.5833,LPath
G517N,0.1718,LBen
G517P,0.58,LPath
G517Q,0.5415,Amb
G517R,0.8708,LPath
G517S,0.0764,LBen
G517T,0.1237,LBen
G517V,0.3203,LBen
G517W,0.7917,LPath
G517Y,0.6333,LPath
Y518A,0.2684,LBen
Y518C,0.1301,LBen
Y518D,0.4089,Amb
Y518E,0.6129,LPath
Y518F,0.0751,LBen
Y518G,0.2054,LBen
Y518H,0.2905,LBen
Y518I,0.4093,Amb
Y518K,0.7578,LPath
Y518L,0.4385,Amb
Y518M,0.4134,Amb
Y518N,0.1298,LBen
Y518P,0.4585,Amb
Y518Q,0.4068,Amb
Y518R,0.6356,LPath
Y518S,0.1229,LBen
Y518T,0.2564,LBen
Y518V,0.2619,LBen
Y518W,0.428,Amb
S519A,0.0994,LBen
S519C,0.2333,LBen
S519D,0.5684,LPath
S519E,0.6914,LPath
S519F,0.4929,Amb
S519G,0.0654,LBen
S519H,0.4386,Amb
S519I,0.4088,Amb
S519K,0.8648,LPath
S519L,0.2947,LBen
S519M,0.3383,LBen
S519N,0.1096,LBen
S519P,0.1842,LBen
S519Q,0.48,Amb
S519R,0.8694,LPath
S519T,0.0837,LBen
S519V,0.2787,LBen
S519W,0.7482,LPath
S519Y,0.4611,Amb
S520A,0.0949,LBen
S520C,0.2549,LBen
S520D,0.6067,LPath
S520E,0.7239,LPath
S520F,0.47,Amb
S520G,0.0788,LBen
S520H,0.443,Amb
S520I,0.4342,Amb
S520K,0.885,LPath
S520L,0.289,LBen
S520M,0.3126,LBen
S520N,0.1084,LBen
S520P,0.1426,LBen
S520Q,0.4921,Amb
S520R,0.9025,LPath
S520T,0.0833,LBen
S520V,0.2766,LBen
S520W,0.7569,LPath
S520Y,0.4407,Amb
L521A,0.0779,LBen
L521C,0.3533,Amb
L521D,0.5201,Amb
L521E,0.439,Amb
L521F,0.0849,LBen
L521G,0.1576,LBen
L521H,0.2298,LBen
L521I,0.0671,LBen
L521K,0.4877,Amb
L521M,0.0651,LBen
L521N,0.1127,LBen
L521P,0.1264,LBen
L521Q,0.1481,LBen
L521R,0.4645,Amb
L521S,0.0927,LBen
L521T,0.086,LBen
L521V,0.0583,LBen
L521W,0.3578,Amb
L521Y,0.2068,LBen
L522A,0.0761,LBen
L522C,0.333,LBen
L522D,0.5967,LPath
L522E,0.4079,Amb
L522F,0.1021,LBen
L522G,0.138,LBen
L522H,0.2262,LBen
L522I,0.0838,LBen
L522K,0.4491,Amb
L522M,0.0695,LBen
L522N,0.1265,LBen
L522P,0.1138,LBen
L522Q,0.1133,LBen
L522R,0.4304,Amb
L522S,0.0946,LBen
L522T,0.0901,LBen
L522V,0.0656,LBen
L522W,0.3247,LBen
L522Y,0.2435,LBen
K523A,0.776,LPath
K523C,0.9088,LPath
K523D,0.7901,LPath
K523E,0.673,LPath
K523F,0.9772,LPath
K523G,0.5158,Amb
K523H,0.5136,Amb
K523I,0.9426,LPath
K523L,0.8858,LPath
K523M,0.8887,LPath
K523N,0.6841,LPath
K523P,0.52,Amb
K523Q,0.2531,LBen
K523R,0.0876,LBen
K523S,0.6774,LPath
K523T,0.6742,LPath
K523V,0.8899,LPath
K523W,0.9562,LPath
K523Y,0.9136,LPath
R524A,0.7625,LPath
R524C,0.7823,LPath
R524D,0.7673,LPath
R524E,0.6585,LPath
R524F,0.9487,LPath
R524G,0.3969,Amb
R524H,0.3279,LBen
R524I,0.8903,LPath
R524K,0.0929,LBen
R524L,0.8084,LPath
R524M,0.8408,LPath
R524N,0.7087,LPath
R524P,0.6015,LPath
R524Q,0.2379,LBen
R524S,0.7408,LPath
R524T,0.6547,LPath
R524V,0.8625,LPath
R524W,0.7831,LPath
R524Y,0.8333,LPath
D525A,0.7301,LPath
D525C,0.9601,LPath
D525E,0.2135,LBen
D525F,0.9727,LPath
D525G,0.5661,LPath
D525H,0.8692,LPath
D525I,0.921,LPath
D525K,0.9109,LPath
D525L,0.9299,LPath
D525M,0.9607,LPath
D525N,0.3721,Amb
D525P,0.8554,LPath
D525Q,0.7622,LPath
D525R,0.911,LPath
D525S,0.505,Amb
D525T,0.735,LPath
D525V,0.81,LPath
D525W,0.993,LPath
D525Y,0.8407,LPath
F526A,0.4802,Amb
F526C,0.4548,Amb
F526D,0.9023,LPath
F526E,0.9261,LPath
F526G,0.6339,LPath
F526H,0.726,LPath
F526I,0.3187,LBen
F526K,0.9365,LPath
F526L,0.8191,LPath
F526M,0.4233,Amb
F526N,0.6276,LPath
F526P,0.9107,LPath
F526Q,0.791,LPath
F526R,0.8856,LPath
F526S,0.4924,Amb
F526T,0.4709,Amb
F526V,0.2694,LBen
F526W,0.5264,Amb
F526Y,0.1923,LBen
G527A,0.1458,LBen
G527C,0.3032,LBen
G527D,0.7496,LPath
G527E,0.7503,LPath
G527F,0.741,LPath
G527H,0.6701,LPath
G527I,0.4813,Amb
G527K,0.9017,LPath
G527L,0.5651,LPath
G527M,0.5975,LPath
G527N,0.3205,LBen
G527P,0.6047,LPath
G527Q,0.5737,LPath
G527R,0.843,LPath
G527S,0.1077,LBen
G527T,0.1645,LBen
G527V,0.2961,LBen
G527W,0.7646,LPath
G527Y,0.6671,LPath
A528C,0.277,LBen
A528D,0.6009,LPath
A528E,0.5395,Amb
A528F,0.2851,LBen
A528G,0.0804,LBen
A528H,0.428,Amb
A528I,0.1714,LBen
A528K,0.731,LPath
A528L,0.1384,LBen
A528M,0.1573,LBen
A528N,0.1225,LBen
A528P,0.1428,LBen
A528Q,0.277,LBen
A528R,0.7189,LPath
A528S,0.0704,LBen
A528T,0.0706,LBen
A528V,0.099,LBen
A528W,0.7222,LPath
A528Y,0.3732,Amb
K529A,0.6148,LPath
K529C,0.8756,LPath
K529D,0.744,LPath
K529E,0.611,LPath
K529F,0.9557,LPath
K529G,0.4872,Amb
K529H,0.5361,Amb
K529I,0.8753,LPath
K529L,0.822,LPath
K529M,0.7972,LPath
K529N,0.6289,LPath
K529P,0.5953,LPath
K529Q,0.2562,LBen
K529R,0.0829,LBen
K529S,0.6023,LPath
K529T,0.5056,Amb
K529V,0.7596,LPath
K529W,0.9521,LPath
K529Y,0.8761,LPath
T530A,0.0777,LBen
T530C,0.424,Amb
T530D,0.6666,LPath
T530E,0.6126,LPath
T530F,0.4872,Amb
T530G,0.1162,LBen
T530H,0.3661,Amb
T530I,0.3853,Amb
T530K,0.6197,LPath
T530L,0.2454,LBen
T530M,0.1968,LBen
T530N,0.0967,LBen
T530P,0.0944,LBen
T530Q,0.2539,LBen
T530R,0.6443,LPath
T530S,0.0687,LBen
T530V,0.2116,LBen
T530W,0.8378,LPath
T530Y,0.458,Amb
Q531A,0.1693,LBen
Q531C,0.8028,LPath
Q531D,0.5034,Amb
Q531E,0.2048,LBen
Q531F,0.8842,LPath
Q531G,0.1722,LBen
Q531H,0.3489,Amb
Q531I,0.6696,LPath
Q531K,0.4016,Amb
Q531L,0.4293,Amb
Q531M,0.5387,Amb
Q531N,0.155,LBen
Q531P,0.0961,LBen
Q531R,0.3963,Amb
Q531S,0.0961,LBen
Q531T,0.1565,LBen
Q531V,0.4092,Amb
Q531W,0.9223,LPath
Q531Y,0.693,LPath
N532A,0.2933,LBen
N532C,0.4535,Amb
N532D,0.3891,Amb
N532E,0.7093,LPath
N532F,0.8116,LPath
N532G,0.179,LBen
N532H,0.2496,LBen
N532I,0.6829,LPath
N532K,0.735,LPath
N532L,0.6128,LPath
N532M,0.6396,LPath
N532P,0.36,Amb
N532Q,0.4206,Amb
N532R,0.7261,LPath
N532S,0.0993,LBen
N532T,0.1971,LBen
N532V,0.5354,Amb
N532W,0.9105,LPath
N532Y,0.3943,Amb
G533A,0.1893,LBen
G533C,0.3611,Amb
G533D,0.7072,LPath
G533E,0.7752,LPath
G533F,0.8285,LPath
G533H,0.6917,LPath
G533I,0.6577,LPath
G533K,0.9152,LPath
G533L,0.733,LPath
G533M,0.6844,LPath
G533N,0.2727,LBen
G533P,0.7062,LPath
G533Q,0.6275,LPath
G533R,0.8435,LPath
G533S,0.1068,LBen
G533T,0.21,LBen
G533V,0.4234,Amb
G533W,0.8187,LPath
G533Y,0.6704,LPath
V534A,0.0929,LBen
V534C,0.4195,Amb
V534D,0.5601,Amb
V534E,0.5622,Amb
V534F,0.103,LBen
V534G,0.0936,LBen
V534H,0.4938,Amb
V534I,0.0751,LBen
V534K,0.7055,LPath
V534L,0.1377,LBen
V534M,0.1094,LBen
V534N,0.1312,LBen
V534P,0.2424,LBen
V534Q,0.3182,LBen
V534R,0.6562,LPath
V534S,0.0956,LBen
V534T,0.1073,LBen
V534W,0.7412,LPath
V534Y,0.3307,LBen
Y535A,0.2225,LBen
Y535C,0.1058,LBen
Y535D,0.4772,Amb
Y535E,0.6606,LPath
Y535F,0.0805,LBen
Y535G,0.1809,LBen
Y535H,0.257,LBen
Y535I,0.3615,Amb
Y535K,0.7402,LPath
Y535L,0.3715,Amb
Y535M,0.3885,Amb
Y535N,0.1347,LBen
Y535P,0.3516,Amb
Y535Q,0.3742,Amb
Y535R,0.5736,LPath
Y535S,0.1094,LBen
Y535T,0.2059,LBen
Y535V,0.2153,LBen
Y535W,0.4334,Amb
S536A,0.1,LBen
S536C,0.2383,LBen
S536D,0.7028,LPath
S536E,0.7924,LPath
S536F,0.6153,LPath
S536G,0.0611,LBen
S536H,0.5186,Amb
S536I,0.5739,LPath
S536K,0.8933,LPath
S536L,0.3965,Amb
S536M,0.4072,Amb
S536N,0.1346,LBen
S536P,0.1866,LBen
S536Q,0.5255,Amb
S536R,0.8899,LPath
S536T,0.0949,LBen
S536V,0.3762,Amb
S536W,0.8081,LPath
S536Y,0.5322,Amb
A537C,0.3404,Amb
A537D,0.6437,LPath
A537E,0.6363,LPath
A537F,0.4436,Amb
A537G,0.0827,LBen
A537H,0.4677,Amb
A537I,0.321,LBen
A537K,0.7718,LPath
A537L,0.2319,LBen
A537M,0.224,LBen
A537N,0.1547,LBen
A537P,0.1396,LBen
A537Q,0.3155,LBen
A537R,0.7487,LPath
A537S,0.0647,LBen
A537T,0.0734,LBen
A537V,0.159,LBen
A537W,0.82,LPath
A537Y,0.4934,Amb
A538C,0.3332,LBen
A538D,0.5625,Amb
A538E,0.5252,Amb
A538F,0.4473,Amb
A538G,0.077,LBen
A538H,0.4414,Amb
A538I,0.2962,LBen
A538K,0.7262,LPath
A538L,0.2313,LBen
A538M,0.2275,LBen
A538N,0.1236,LBen
A538P,0.1455,LBen
A538Q,0.2322,LBen
A538R,0.7155,LPath
A538S,0.0595,LBen
A538T,0.071,LBen
A538V,0.1576,LBen
A538W,0.802,LPath
A538Y,0.4911,Amb
N539A,0.1266,LBen
N539C,0.2899,LBen
N539D,0.3234,LBen
N539E,0.6106,LPath
N539F,0.7083,LPath
N539G,0.0895,LBen
N539H,0.22,LBen
N539I,0.5045,Amb
N539K,0.6763,LPath
N539L,0.4352,Amb
N539M,0.4682,Amb
N539P,0.1654,LBen
N539Q,0.3253,LBen
N539R,0.6836,LPath
N539S,0.0489,LBen
N539T,0.0913,LBen
N539V,0.3453,Amb
N539W,0.8703,LPath
N539Y,0.3935,Amb
Y540A,0.1596,LBen
Y540C,0.0916,LBen
Y540D,0.3836,Amb
Y540E,0.5882,LPath
Y540F,0.0815,LBen
Y540G,0.1406,LBen
Y540H,0.2164,LBen
Y540I,0.3006,LBen
Y540K,0.6835,LPath
Y540L,0.3087,LBen
Y540M,0.3168,LBen
Y540N,0.0963,LBen
Y540P,0.3579,Amb
Y540Q,0.301,LBen
Y540R,0.5423,Amb
Y540S,0.0861,LBen
Y540T,0.1369,LBen
Y540V,0.1695,LBen
Y540W,0.4821,Amb
T541A,0.0718,LBen
T541C,0.3059,LBen
T541D,0.5017,Amb
T541E,0.5036,Amb
T541F,0.4759,Amb
T541G,0.0822,LBen
T541H,0.27,LBen
T541I,0.37,Amb
T541K,0.5462,Amb
T541L,0.2273,LBen
T541M,0.2193,LBen
T541N,0.0755,LBen
T541P,0.1035,LBen
T541Q,0.2078,LBen
T541R,0.5195,Amb
T541S,0.0519,LBen
T541V,0.2089,LBen
T541W,0.7675,LPath
T541Y,0.4022,Amb
N542A,0.1355,LBen
N542C,0.2985,LBen
N542D,0.3163,LBen
N542E,0.578,LPath
N542F,0.7166,LPath
N542G,0.0941,LBen
N542H,0.1952,LBen
N542I,0.5293,Amb
N542K,0.64,LPath
N542L,0.4374,Amb
N542M,0.485,Amb
N542P,0.1847,LBen
N542Q,0.2968,LBen
N542R,0.6244,LPath
N542S,0.053,LBen
N542T,0.1066,LBen
N542V,0.3565,Amb
N542W,0.864,LPath
N542Y,0.3554,Amb
G543A,0.1182,LBen
G543C,0.2294,LBen
G543D,0.5504,Amb
G543E,0.6186,LPath
G543F,0.6886,LPath
G543H,0.5057,Amb
G543I,0.4233,Amb
G543K,0.823,LPath
G543L,0.5079,Amb
G543M,0.4933,Amb
G543N,0.1413,LBen
G543P,0.519,Amb
G543Q,0.4448,Amb
G543R,0.7594,LPath
G543S,0.0665,LBen
G543T,0.1065,LBen
G543V,0.2453,LBen
G543W,0.7104,LPath
G543Y,0.4805,Amb
S544A,0.0912,LBen
S544C,0.1587,LBen
S544D,0.6491,LPath
S544E,0.7502,LPath
S544F,0.372,Amb
S544G,0.0775,LBen
S544H,0.4414,Amb
S544I,0.2875,LBen
S544K,0.8628,LPath
S544L,0.2221,LBen
S544M,0.2365,LBen
S544N,0.1035,LBen
S544P,0.1855,LBen
S544Q,0.4738,Amb
S544R,0.8572,LPath
S544T,0.0791,LBen
S544V,0.1977,LBen
S544W,0.7035,LPath
S544Y,0.3714,Amb
F545A,0.2445,LBen
F545C,0.2589,LBen
F545D,0.8356,LPath
F545E,0.8659,LPath
F545G,0.3759,Amb
F545H,0.5992,LPath
F545I,0.234,LBen
F545K,0.8994,LPath
F545L,0.6761,LPath
F545M,0.3149,LBen
F545N,0.4472,Amb
F545P,0.7266,LPath
F545Q,0.6522,LPath
F545R,0.8149,LPath
F545S,0.2401,LBen
F545T,0.2879,LBen
F545V,0.1762,LBen
F545W,0.4385,Amb
F545Y,0.1335,LBen
G546A,0.1466,LBen
G546C,0.2829,LBen
G546D,0.6216,LPath
G546E,0.6679,LPath
G546F,0.7628,LPath
G546H,0.5473,Amb
G546I,0.5883,LPath
G546K,0.8509,LPath
G546L,0.6074,LPath
G546M,0.6503,LPath
G546N,0.2102,LBen
G546P,0.4753,Amb
G546Q,0.4611,Amb
G546R,0.7489,LPath
G546S,0.0774,LBen
G546T,0.1602,LBen
G546V,0.3662,Amb
G546W,0.7612,LPath
G546Y,0.6071,LPath
S547A,0.1254,LBen
S547C,0.2522,LBen
S547D,0.5781,LPath
S547E,0.6967,LPath
S547F,0.6365,LPath
S547G,0.0781,LBen
S547H,0.4323,Amb
S547I,0.5654,LPath
S547K,0.821,LPath
S547L,0.3961,Amb
S547M,0.3968,Amb
S547N,0.0865,LBen
S547P,0.1812,LBen
S547Q,0.4287,Amb
S547R,0.8352,LPath
S547T,0.1015,LBen
S547V,0.3991,Amb
S547W,0.8051,LPath
S547Y,0.499,Amb
N548A,0.1967,LBen
N548C,0.3794,Amb
N548D,0.2789,LBen
N548E,0.5938,LPath
N548F,0.8004,LPath
N548G,0.1162,LBen
N548H,0.1831,LBen
N548I,0.6257,LPath
N548K,0.6494,LPath
N548L,0.547,Amb
N548M,0.6229,LPath
N548P,0.2085,LBen
N548Q,0.3191,LBen
N548R,0.6102,LPath
N548S,0.0561,LBen
N548T,0.134,LBen
N548V,0.4616,Amb
N548W,0.9063,LPath
N548Y,0.4011,Amb
F549A,0.2687,LBen
F549C,0.3392,LBen
F549D,0.7865,LPath
F549E,0.8365,LPath
F549G,0.3938,Amb
F549H,0.5659,LPath
F549I,0.2225,LBen
F549K,0.8838,LPath
F549L,0.6923,LPath
F549M,0.2984,LBen
F549N,0.3814,Amb
F549P,0.754,LPath
F549Q,0.6128,LPath
F549R,0.8035,LPath
F549S,0.2736,LBen
F549T,0.2844,LBen
F549V,0.1563,LBen
F549W,0.5867,LPath
F549Y,0.1265,LBen
V550A,0.0822,LBen
V550C,0.4072,Amb
V550D,0.5492,Amb
V550E,0.5293,Amb
V550F,0.1398,LBen
V550G,0.0962,LBen
V550H,0.4168,Amb
V550I,0.0904,LBen
V550K,0.6665,LPath
V550L,0.1234,LBen
V550M,0.1195,LBen
V550N,0.1304,LBen
V550P,0.1793,LBen
V550Q,0.2514,LBen
V550R,0.5882,LPath
V550S,0.0792,LBen
V550T,0.0875,LBen
V550W,0.7501,LPath
V550Y,0.3396,LBen
S551A,0.1078,LBen
S551C,0.3406,Amb
S551D,0.6409,LPath
S551E,0.7522,LPath
S551F,0.7427,LPath
S551G,0.0705,LBen
S551H,0.5121,Amb
S551I,0.6911,LPath
S551K,0.8827,LPath
S551L,0.4781,Amb
S551M,0.4715,Amb
S551N,0.1185,LBen
S551P,0.1225,LBen
S551Q,0.4736,Amb
S551R,0.8974,LPath
S551T,0.1072,LBen
S551V,0.4757,Amb
S551W,0.8799,LPath
S551Y,0.6451,LPath
A552C,0.3264,LBen
A552D,0.5734,LPath
A552E,0.5584,Amb
A552F,0.5082,Amb
A552G,0.0719,LBen
A552H,0.4222,Amb
A552I,0.4089,Amb
A552K,0.7359,LPath
A552L,0.251,LBen
A552M,0.2541,LBen
A552N,0.1354,LBen
A552P,0.118,LBen
A552Q,0.276,LBen
A552R,0.7049,LPath
A552S,0.0547,LBen
A552T,0.0717,LBen
A552V,0.2006,LBen
A552W,0.8074,LPath
A552Y,0.5077,Amb
G553A,0.1891,LBen
G553C,0.5105,Amb
G553D,0.618,LPath
G553E,0.7184,LPath
G553F,0.919,LPath
G553H,0.7054,LPath
G553I,0.812,LPath
G553K,0.9192,LPath
G553L,0.833,LPath
G553M,0.7715,LPath
G553N,0.1551,LBen
G553P,0.4922,Amb
G553Q,0.5509,Amb
G553R,0.8856,LPath
G553S,0.0853,LBen
G553T,0.2095,LBen
G553V,0.5887,LPath
G553W,0.9191,LPath
G553Y,0.8223,LPath
I554A,0.189,LBen
I554C,0.4832,Amb
I554D,0.77,LPath
I554E,0.6882,LPath
I554F,0.0948,LBen
I554G,0.3216,LBen
I554H,0.5087,Amb
I554K,0.6933,LPath
I554L,0.0779,LBen
I554M,0.0597,LBen
I554N,0.2166,LBen
I554P,0.3781,Amb
I554Q,0.3418,Amb
I554R,0.6283,LPath
I554S,0.199,LBen
I554T,0.2299,LBen
I554V,0.0706,LBen
I554W,0.6066,LPath
I554Y,0.3368,LBen
Q555A,0.2018,LBen
Q555C,0.8691,LPath
Q555D,0.4543,Amb
Q555E,0.2135,LBen
Q555F,0.9288,LPath
Q555G,0.1809,LBen
Q555H,0.346,Amb
Q555I,0.8139,LPath
Q555K,0.4895,Amb
Q555L,0.58,LPath
Q555M,0.6357,LPath
Q555N,0.1057,LBen
Q555P,0.0782,LBen
Q555R,0.4828,Amb
Q555S,0.0801,LBen
Q555T,0.1754,LBen
Q555V,0.5689,LPath
Q555W,0.964,LPath
Q555Y,0.7699,LPath
T556A,0.0871,LBen
T556C,0.535,Amb
T556D,0.5412,Amb
T556E,0.5837,LPath
T556F,0.7475,LPath
T556G,0.0788,LBen
T556H,0.3458,Amb
T556I,0.6646,LPath
T556K,0.6687,LPath
T556L,0.3899,Amb
T556M,0.3176,LBen
T556N,0.0695,LBen
T556P,0.0804,LBen
T556Q,0.2685,LBen
T556R,0.6942,LPath
T556S,0.0509,LBen
T556V,0.3987,Amb
T556W,0.9043,LPath
T556Y,0.5799,LPath
S557A,0.1125,LBen
S557C,0.3134,LBen
S557D,0.6782,LPath
S557E,0.813,LPath
S557F,0.7049,LPath
S557G,0.0733,LBen
S557H,0.5645,LPath
S557I,0.5683,LPath
S557K,0.924,LPath
S557L,0.4472,Amb
S557M,0.417,Amb
S557N,0.1069,LBen
S557P,0.1975,LBen
S557Q,0.5545,Amb
S557R,0.9256,LPath
S557T,0.098,LBen
S557V,0.3787,Amb
S557W,0.8872,LPath
S557Y,0.6357,LPath
F558A,0.4623,Amb
F558C,0.4238,Amb
F558D,0.8861,LPath
F558E,0.8925,LPath
F558G,0.5354,Amb
F558H,0.6446,LPath
F558I,0.3304,LBen
F558K,0.9138,LPath
F558L,0.7718,LPath
F558M,0.3959,Amb
F558N,0.5378,Amb
F558P,0.8234,LPath
F558Q,0.6707,LPath
F558R,0.8373,LPath
F558S,0.4126,Amb
F558T,0.5092,Amb
F558V,0.2761,LBen
F558W,0.5159,Amb
F558Y,0.153,LBen
R559A,0.5422,Amb
R559C,0.5322,Amb
R559D,0.7297,LPath
R559E,0.6231,LPath
R559F,0.8306,LPath
R559G,0.27,LBen
R559H,0.204,LBen
R559I,0.7487,LPath
R559K,0.1288,LBen
R559L,0.595,LPath
R559M,0.7186,LPath
R559N,0.5454,Amb
R559P,0.4263,Amb
R559Q,0.1484,LBen
R559S,0.5165,Amb
R559T,0.4758,Amb
R559V,0.6906,LPath
R559W,0.6733,LPath
R559Y,0.6524,LPath
T560A,0.0653,LBen
T560C,0.3577,Amb
T560D,0.57,LPath
T560E,0.5258,Amb
T560F,0.4004,Amb
T560G,0.0819,LBen
T560H,0.3015,LBen
T560I,0.3012,LBen
T560K,0.585,LPath
T560L,0.1813,LBen
T560M,0.1621,LBen
T560N,0.0894,LBen
T560P,0.0882,LBen
T560Q,0.2167,LBen
T560R,0.5658,LPath
T560S,0.0613,LBen
T560V,0.1673,LBen
T560W,0.7461,LPath
T560Y,0.3602,Amb
G561A,0.0979,LBen
G561C,0.2461,LBen
G561D,0.5746,LPath
G561E,0.5883,LPath
G561F,0.6216,LPath
G561H,0.5305,Amb
G561I,0.3303,LBen
G561K,0.8527,LPath
G561L,0.4004,Amb
G561M,0.3571,Amb
G561N,0.1446,LBen
G561P,0.3474,Amb
G561Q,0.3831,Amb
G561R,0.7806,LPath
G561S,0.0698,LBen
G561T,0.0958,LBen
G561V,0.1833,LBen
G561W,0.6786,LPath
G561Y,0.4804,Amb
N562A,0.1243,LBen
N562C,0.2592,LBen
N562D,0.396,Amb
N562E,0.5322,Amb
N562F,0.3641,Amb
N562G,0.1621,LBen
N562H,0.1708,LBen
N562I,0.1797,LBen
N562K,0.5954,LPath
N562L,0.1853,LBen
N562M,0.2182,LBen
N562P,0.2647,LBen
N562Q,0.2278,LBen
N562R,0.6086,LPath
N562S,0.0716,LBen
N562T,0.0933,LBen
N562V,0.1426,LBen
N562W,0.773,LPath
N562Y,0.196,LBen
P563A,0.0585,LBen
P563C,0.4153,Amb
P563D,0.4935,Amb
P563E,0.3605,Amb
P563F,0.4424,Amb
P563G,0.1151,LBen
P563H,0.1738,LBen
P563I,0.2672,LBen
P563K,0.4878,Amb
P563L,0.1937,LBen
P563M,0.221,LBen
P563N,0.1077,LBen
P563Q,0.0865,LBen
P563R,0.3795,Amb
P563S,0.0586,LBen
P563T,0.0604,LBen
P563V,0.1481,LBen
P563W,0.7304,LPath
P563Y,0.3405,Amb
T564A,0.0548,LBen
T564C,0.295,LBen
T564D,0.5597,Amb
T564E,0.4992,Amb
T564F,0.2453,LBen
T564G,0.0794,LBen
T564H,0.2627,LBen
T564I,0.1828,LBen
T564K,0.5331,Amb
T564L,0.1181,LBen
T564M,0.1212,LBen
T564N,0.09,LBen
T564P,0.0942,LBen
T564Q,0.1888,LBen
T564R,0.4825,Amb
T564S,0.0593,LBen
T564V,0.1002,LBen
T564W,0.6486,LPath
T564Y,0.2817,LBen
G565A,0.1,LBen
G565C,0.2394,LBen
G565D,0.617,LPath
G565E,0.6355,LPath
G565F,0.5918,LPath
G565H,0.5128,Amb
G565I,0.3558,Amb
G565K,0.8508,LPath
G565L,0.4173,Amb
G565M,0.3424,Amb
G565N,0.1643,LBen
G565P,0.3841,Amb
G565Q,0.4033,Amb
G565R,0.7837,LPath
G565S,0.0787,LBen
G565T,0.1081,LBen
G565V,0.185,LBen
G565W,0.6664,LPath
G565Y,0.4502,Amb
T566A,0.0642,LBen
T566C,0.2523,LBen
T566D,0.6753,LPath
T566E,0.6431,LPath
T566F,0.244,LBen
T566G,0.0827,LBen
T566H,0.2926,LBen
T566I,0.1879,LBen
T566K,0.6536,LPath
T566L,0.1271,LBen
T566M,0.1203,LBen
T566N,0.0876,LBen
T566P,0.1102,LBen
T566Q,0.2372,LBen
T566R,0.5951,LPath
T566S,0.0648,LBen
T566V,0.1103,LBen
T566W,0.6739,LPath
T566Y,0.2808,LBen
Y567A,0.2874,LBen
Y567C,0.157,LBen
Y567D,0.6735,LPath
Y567E,0.774,LPath
Y567F,0.0786,LBen
Y567G,0.2247,LBen
Y567H,0.3671,Amb
Y567I,0.4132,Amb
Y567K,0.8183,LPath
Y567L,0.3858,Amb
Y567M,0.4078,Amb
Y567N,0.2202,LBen
Y567P,0.4517,Amb
Y567Q,0.4388,Amb
Y567R,0.6278,LPath
Y567S,0.1551,LBen
Y567T,0.3026,LBen
Y567V,0.2414,LBen
Y567W,0.3812,Amb
Q568A,0.1756,LBen
Q568C,0.6984,LPath
Q568D,0.6415,LPath
Q568E,0.2905,LBen
Q568F,0.7857,LPath
Q568G,0.1474,LBen
Q568H,0.2741,LBen
Q568I,0.6201,LPath
Q568K,0.4452,Amb
Q568L,0.3651,Amb
Q568M,0.4532,Amb
Q568N,0.1467,LBen
Q568P,0.1153,LBen
Q568R,0.3749,Amb
Q568S,0.101,LBen
Q568T,0.1747,LBen
Q568V,0.3724,Amb
Q568W,0.8812,LPath
Q568Y,0.5885,LPath
N569A,0.2625,LBen
N569C,0.4528,Amb
N569D,0.5013,Amb
N569E,0.733,LPath
N569F,0.7905,LPath
N569G,0.159,LBen
N569H,0.2475,LBen
N569I,0.7233,LPath
N569K,0.7746,LPath
N569L,0.5899,LPath
N569M,0.6019,LPath
N569P,0.3312,LBen
N569Q,0.3421,Amb
N569R,0.72,LPath
N569S,0.0949,LBen
N569T,0.1939,LBen
N569V,0.5416,Amb
N569W,0.9107,LPath
N569Y,0.3963,Amb
G570A,0.1962,LBen
G570C,0.3922,Amb
G570D,0.8117,LPath
G570E,0.8503,LPath
G570F,0.8463,LPath
G570H,0.6753,LPath
G570I,0.6961,LPath
G570K,0.9404,LPath
G570L,0.7655,LPath
G570M,0.6908,LPath
G570N,0.2315,LBen
G570P,0.7003,LPath
G570Q,0.5554,Amb
G570R,0.8736,LPath
G570S,0.0964,LBen
G570T,0.2064,LBen
G570V,0.4594,Amb
G570W,0.8607,LPath
G570Y,0.6804,LPath
Y571A,0.3697,Amb
Y571C,0.1921,LBen
Y571D,0.6912,LPath
Y571E,0.7684,LPath
Y571F,0.0896,LBen
Y571G,0.253,LBen
Y571H,0.4577,Amb
Y571I,0.5429,Amb
Y571K,0.828,LPath
Y571L,0.4783,Amb
Y571M,0.4411,Amb
Y571N,0.2044,LBen
Y571P,0.5584,Amb
Y571Q,0.491,Amb
Y571R,0.6601,LPath
Y571S,0.2048,LBen
Y571T,0.3889,Amb
Y571V,0.3495,Amb
Y571W,0.3973,Amb
D572A,0.4578,Amb
D572C,0.904,LPath
D572E,0.1367,LBen
D572F,0.9163,LPath
D572G,0.3424,Amb
D572H,0.7033,LPath
D572I,0.866,LPath
D572K,0.8765,LPath
D572L,0.8235,LPath
D572M,0.8749,LPath
D572N,0.1875,LBen
D572P,0.6904,LPath
D572Q,0.4941,Amb
D572R,0.8556,LPath
D572S,0.2537,LBen
D572T,0.5073,Amb
D572V,0.7206,LPath
D572W,0.9794,LPath
D572Y,0.7167,LPath
S573A,0.0903,LBen
S573C,0.253,LBen
S573D,0.6476,LPath
S573E,0.7188,LPath
S573F,0.519,Amb
S573G,0.0812,LBen
S573H,0.4058,Amb
S573I,0.4695,Amb
S573K,0.8553,LPath
S573L,0.3307,LBen
S573M,0.2877,LBen
S573N,0.1106,LBen
S573P,0.1746,LBen
S573Q,0.3491,Amb
S573R,0.8515,LPath
S573T,0.0815,LBen
S573V,0.2762,LBen
S573W,0.8004,LPath
S573Y,0.4554,Amb
T574A,0.074,LBen
T574C,0.3877,Amb
T574D,0.6434,LPath
T574E,0.6154,LPath
T574F,0.4253,Amb
T574G,0.0826,LBen
T574H,0.2607,LBen
T574I,0.3946,Amb
T574K,0.6045,LPath
T574L,0.2163,LBen
T574M,0.2075,LBen
T574N,0.0881,LBen
T574P,0.0892,LBen
T574Q,0.1688,LBen
T574R,0.5473,Amb
T574S,0.0567,LBen
T574V,0.196,LBen
T574W,0.7876,LPath
T574Y,0.392,Amb
Q575A,0.1322,LBen
Q575C,0.7482,LPath
Q575D,0.5916,LPath
Q575E,0.3012,LBen
Q575F,0.7809,LPath
Q575G,0.141,LBen
Q575H,0.2597,LBen
Q575I,0.6272,LPath
Q575K,0.4454,Amb
Q575L,0.3479,Amb
Q575M,0.4181,Amb
Q575N,0.1199,LBen
Q575P,0.0764,LBen
Q575R,0.4032,Amb
Q575S,0.073,LBen
Q575T,0.1446,LBen
Q575V,0.3494,Amb
Q575W,0.8961,LPath
Q575Y,0.5915,LPath
Q576A,0.1286,LBen
Q576C,0.7318,LPath
Q576D,0.5253,Amb
Q576E,0.284,LBen
Q576F,0.7703,LPath
Q576G,0.133,LBen
Q576H,0.2591,LBen
Q576I,0.5602,Amb
Q576K,0.4562,Amb
Q576L,0.3338,LBen
Q576M,0.3724,Amb
Q576N,0.094,LBen
Q576P,0.0834,LBen
Q576R,0.4212,Amb
Q576S,0.0723,LBen
Q576T,0.1289,LBen
Q576V,0.3117,LBen
Q576W,0.9046,LPath
Q576Y,0.5679,LPath
Y577A,0.3452,Amb
Y577C,0.2376,LBen
Y577D,0.6665,LPath
Y577E,0.7686,LPath
Y577F,0.091,LBen
Y577G,0.221,LBen
Y577H,0.3695,Amb
Y577I,0.5366,Amb
Y577K,0.8147,LPath
Y577L,0.4744,Amb
Y577M,0.4274,Amb
Y577N,0.1581,LBen
Y577P,0.4696,Amb
Y577Q,0.4371,Amb
Y577R,0.651,LPath
Y577S,0.2082,LBen
Y577T,0.3623,Amb
Y577V,0.3477,Amb
Y577W,0.412,Amb
G578A,0.1424,LBen
G578C,0.3076,LBen
G578D,0.7355,LPath
G578E,0.7809,LPath
G578F,0.7276,LPath
G578H,0.5351,Amb
G578I,0.5657,LPath
G578K,0.8734,LPath
G578L,0.5875,LPath
G578M,0.5428,Amb
G578N,0.1998,LBen
G578P,0.401,Amb
G578Q,0.392,Amb
G578R,0.7889,LPath
G578S,0.0907,LBen
G578T,0.1544,LBen
G578V,0.3318,LBen
G578W,0.7913,LPath
G578Y,0.5808,LPath
S579A,0.0955,LBen
S579C,0.1816,LBen
S579D,0.6117,LPath
S579E,0.6888,LPath
S579F,0.4199,Amb
S579G,0.0748,LBen
S579H,0.3233,LBen
S579I,0.3755,Amb
S579K,0.8017,LPath
S579L,0.2814,LBen
S579M,0.2264,LBen
S579N,0.079,LBen
S579P,0.1541,LBen
S579Q,0.288,LBen
S579R,0.8012,LPath
S579T,0.0886,LBen
S579V,0.2314,LBen
S579W,0.7172,LPath
S579Y,0.3268,LBen
N580A,0.1077,LBen
N580C,0.2505,LBen
N580D,0.4073,Amb
N580E,0.6107,LPath
N580F,0.5155,Amb
N580G,0.102,LBen
N580H,0.164,LBen
N580I,0.3897,Amb
N580K,0.6341,LPath
N580L,0.3261,LBen
N580M,0.3158,LBen
N580P,0.17,LBen
N580Q,0.2258,LBen
N580R,0.5591,Amb
N580S,0.0585,LBen
N580T,0.0951,LBen
N580V,0.2207,LBen
N580W,0.7854,LPath
N580Y,0.2594,LBen
V581A,0.125,LBen
V581C,0.5104,Amb
V581D,0.669,LPath
V581E,0.5971,LPath
V581F,0.1268,LBen
V581G,0.144,LBen
V581H,0.4358,Amb
V581I,0.0736,LBen
V581K,0.6143,LPath
V581L,0.1127,LBen
V581M,0.093,LBen
V581N,0.1633,LBen
V581P,0.2014,LBen
V581Q,0.2291,LBen
V581R,0.5613,Amb
V581S,0.1449,LBen
V581T,0.1314,LBen
V581W,0.7445,LPath
V581Y,0.329,LBen
P582A,0.0747,LBen
P582C,0.5141,Amb
P582D,0.578,LPath
P582E,0.4541,Amb
P582F,0.6186,LPath
P582G,0.1163,LBen
P582H,0.2793,LBen
P582I,0.4644,Amb
P582K,0.5638,Amb
P582L,0.3132,LBen
P582M,0.3339,LBen
P582N,0.1437,LBen
P582Q,0.1259,LBen
P582R,0.4472,Amb
P582S,0.0796,LBen
P582T,0.104,LBen
P582V,0.2534,LBen
P582W,0.8326,LPath
P582Y,0.4982,Amb
N583A,0.084,LBen
N583C,0.2315,LBen
N583D,0.3591,Amb
N583E,0.5193,Amb
N583F,0.4148,Amb
N583G,0.0914,LBen
N583H,0.1576,LBen
N583I,0.2721,LBen
N583K,0.5654,LPath
N583L,0.2318,LBen
N583M,0.2454,LBen
N583P,0.1209,LBen
N583Q,0.1846,LBen
N583R,0.5401,Amb
N583S,0.0587,LBen
N583T,0.0857,LBen
N583V,0.1489,LBen
N583W,0.7482,LPath
N583Y,0.2337,LBen
M584A,0.1598,LBen
M584C,0.4363,Amb
M584D,0.7866,LPath
M584E,0.6825,LPath
M584F,0.1239,LBen
M584G,0.233,LBen
M584H,0.3163,LBen
M584I,0.178,LBen
M584K,0.5062,Amb
M584L,0.0872,LBen
M584N,0.2251,LBen
M584P,0.2241,LBen
M584Q,0.1899,LBen
M584R,0.4084,Amb
M584S,0.174,LBen
M584T,0.1816,LBen
M584V,0.0658,LBen
M584W,0.4973,Amb
M584Y,0.2347,LBen
H585A,0.1617,LBen
H585C,0.2646,LBen
H585D,0.4613,Amb
H585E,0.4011,Amb
H585F,0.3154,LBen
H585G,0.1214,LBen
H585I,0.4223,Amb
H585K,0.3205,LBen
H585L,0.2094,LBen
H585M,0.3148,LBen
H585N,0.0675,LBen
H585P,0.0743,LBen
H585Q,0.0733,LBen
H585R,0.1967,LBen
H585S,0.0995,LBen
H585T,0.1632,LBen
H585V,0.253,LBen
H585W,0.5635,Amb
H585Y,0.1598,LBen
N586A,0.224,LBen
N586C,0.3648,Amb
N586D,0.4857,Amb
N586E,0.73,LPath
N586F,0.796,LPath
N586G,0.1325,LBen
N586H,0.2253,LBen
N586I,0.7342,LPath
N586K,0.7665,LPath
N586L,0.5676,LPath
N586M,0.5942,LPath
N586P,0.2617,LBen
N586Q,0.2913,LBen
N586R,0.6763,LPath
N586S,0.0713,LBen
N586T,0.1939,LBen
N586V,0.521,Amb
N586W,0.9069,LPath
N586Y,0.4336,Amb
G587A,0.1417,LBen
G587C,0.3112,LBen
G587D,0.7033,LPath
G587E,0.755,LPath
G587F,0.6881,LPath
G587H,0.5413,Amb
G587I,0.5364,Amb
G587K,0.9054,LPath
G587L,0.5929,LPath
G587M,0.4691,Amb
G587N,0.1779,LBen
G587P,0.4306,Amb
G587Q,0.4278,Amb
G587R,0.8514,LPath
G587S,0.0861,LBen
G587T,0.1525,LBen
G587V,0.31,LBen
G587W,0.7959,LPath
G587Y,0.5674,LPath
M588A,0.2003,LBen
M588C,0.4753,Amb
M588D,0.8473,LPath
M588E,0.7322,LPath
M588F,0.1348,LBen
M588G,0.2875,LBen
M588H,0.4464,Amb
M588I,0.1679,LBen
M588K,0.5886,LPath
M588L,0.0942,LBen
M588N,0.2737,LBen
M588P,0.2723,LBen
M588Q,0.258,LBen
M588R,0.5261,Amb
M588S,0.236,LBen
M588T,0.2705,LBen
M588V,0.075,LBen
M588W,0.5104,Amb
M588Y,0.2928,LBen
N589A,0.1697,LBen
N589C,0.4255,Amb
N589D,0.4309,Amb
N589E,0.6,LPath
N589F,0.6782,LPath
N589G,0.1254,LBen
N589H,0.2054,LBen
N589I,0.5022,Amb
N589K,0.6875,LPath
N589L,0.4221,Amb
N589M,0.4105,Amb
N589P,0.1578,LBen
N589Q,0.2186,LBen
N589R,0.6843,LPath
N589S,0.0738,LBen
N589T,0.136,LBen
N589V,0.3365,LBen
N589W,0.8835,LPath
N589Y,0.3829,Amb
Q590A,0.1819,LBen
Q590C,0.8033,LPath
Q590D,0.516,Amb
Q590E,0.2558,LBen
Q590F,0.8696,LPath
Q590G,0.1715,LBen
Q590H,0.2131,LBen
Q590I,0.7441,LPath
Q590K,0.4367,Amb
Q590L,0.4628,Amb
Q590M,0.5266,Amb
Q590N,0.1179,LBen
Q590P,0.0706,LBen
Q590R,0.398,Amb
Q590S,0.0888,LBen
Q590T,0.1837,LBen
Q590V,0.493,Amb
Q590W,0.9315,LPath
Q590Y,0.6621,LPath
Q591A,0.1703,LBen
Q591C,0.8871,LPath
Q591D,0.5182,Amb
Q591E,0.2512,LBen
Q591F,0.9082,LPath
Q591G,0.1806,LBen
Q591H,0.3269,LBen
Q591I,0.8132,LPath
Q591K,0.5322,Amb
Q591L,0.561,Amb
Q591M,0.532,Amb
Q591N,0.1132,LBen
Q591P,0.0737,LBen
Q591R,0.5498,Amb
Q591S,0.0899,LBen
Q591T,0.1737,LBen
Q591V,0.5089,Amb
Q591W,0.9684,LPath
Q591Y,0.7663,LPath
A592C,0.4536,Amb
A592D,0.6825,LPath
A592E,0.5906,LPath
A592F,0.6093,LPath
A592G,0.0821,LBen
A592H,0.4195,Amb
A592I,0.4171,Amb
A592K,0.7848,LPath
A592L,0.2965,LBen
A592M,0.2433,LBen
A592N,0.1116,LBen
A592P,0.1122,LBen
A592Q,0.1586,LBen
A592R,0.7442,LPath
A592S,0.0579,LBen
A592T,0.0903,LBen
A592V,0.2005,LBen
A592W,0.9016,LPath
A592Y,0.581,LPath
Y593A,0.3323,LBen
Y593C,0.2375,LBen
Y593D,0.7491,LPath
Y593E,0.8168,LPath
Y593F,0.0633,LBen
Y593G,0.3012,LBen
Y593H,0.4848,Amb
Y593I,0.5192,Amb
Y593K,0.8831,LPath
Y593L,0.4586,Amb
Y593M,0.4014,Amb
Y593N,0.2669,LBen
Y593P,0.4489,Amb
Y593Q,0.5449,Amb
Y593R,0.7607,LPath
Y593S,0.2353,LBen
Y593T,0.3966,Amb
Y593V,0.2873,LBen
Y593W,0.4594,Amb
A594C,0.452,Amb
A594D,0.7743,LPath
A594E,0.7243,LPath
A594F,0.6767,LPath
A594G,0.1078,LBen
A594H,0.5206,Amb
A594I,0.4436,Amb
A594K,0.8761,LPath
A594L,0.2973,LBen
A594M,0.2768,LBen
A594N,0.1473,LBen
A594P,0.1554,LBen
A594Q,0.2592,LBen
A594R,0.8415,LPath
A594S,0.0656,LBen
A594T,0.0794,LBen
A594V,0.211,LBen
A594W,0.9494,LPath
A594Y,0.7296,LPath
Y595A,0.297,LBen
Y595C,0.244,LBen
Y595D,0.7741,LPath
Y595E,0.8022,LPath
Y595F,0.0675,LBen
Y595G,0.3152,LBen
Y595H,0.4626,Amb
Y595I,0.426,Amb
Y595K,0.8812,LPath
Y595L,0.3338,LBen
Y595M,0.3519,Amb
Y595N,0.2894,LBen
Y595P,0.3646,Amb
Y595Q,0.5151,Amb
Y595R,0.785,LPath
Y595S,0.2207,LBen
Y595T,0.3982,Amb
Y595V,0.2546,LBen
Y595W,0.4744,Amb
P596A,0.2323,LBen
P596C,0.8926,LPath
P596D,0.8046,LPath
P596E,0.7031,LPath
P596F,0.9624,LPath
P596G,0.3044,LBen
P596H,0.592,LPath
P596I,0.9223,LPath
P596K,0.8608,LPath
P596L,0.8086,LPath
P596M,0.8294,LPath
P596N,0.3722,Amb
P596Q,0.3122,LBen
P596R,0.7761,LPath
P596S,0.2129,LBen
P596T,0.3129,LBen
P596V,0.7284,LPath
P596W,0.9863,LPath
P596Y,0.9315,LPath
A597C,0.4912,Amb
A597D,0.678,LPath
A597E,0.5962,LPath
A597F,0.6506,LPath
A597G,0.1045,LBen
A597H,0.5153,Amb
A597I,0.4538,Amb
A597K,0.8307,LPath
A597L,0.298,LBen
A597M,0.2651,LBen
A597N,0.1473,LBen
A597P,0.1073,LBen
A597Q,0.2253,LBen
A597R,0.8168,LPath
A597S,0.0674,LBen
A597T,0.0989,LBen
A597V,0.1991,LBen
A597W,0.9429,LPath
A597Y,0.6963,LPath
T598A,0.0667,LBen
T598C,0.5031,Amb
T598D,0.5748,LPath
T598E,0.51,Amb
T598F,0.6507,LPath
T598G,0.0811,LBen
T598H,0.3548,Amb
T598I,0.5055,Amb
T598K,0.6298,LPath
T598L,0.3084,LBen
T598M,0.2267,LBen
T598N,0.0937,LBen
T598P,0.0713,LBen
T598Q,0.1902,LBen
T598R,0.6481,LPath
T598S,0.0617,LBen
T598V,0.2408,LBen
T598W,0.9066,LPath
T598Y,0.6213,LPath
A599C,0.3949,Amb
A599D,0.5547,Amb
A599E,0.4876,Amb
A599F,0.5609,Amb
A599G,0.0685,LBen
A599H,0.4782,Amb
A599I,0.381,Amb
A599K,0.7571,LPath
A599L,0.2643,LBen
A599M,0.2291,LBen
A599N,0.1482,LBen
A599P,0.105,LBen
A599Q,0.2429,LBen
A599R,0.7491,LPath
A599S,0.0706,LBen
A599T,0.0866,LBen
A599V,0.1738,LBen
A599W,0.8651,LPath
A599Y,0.5962,LPath
A600C,0.3868,Amb
A600D,0.5899,LPath
A600E,0.5205,Amb
A600F,0.5272,Amb
A600G,0.0843,LBen
A600H,0.4606,Amb
A600I,0.3588,Amb
A600K,0.7423,LPath
A600L,0.2532,LBen
A600M,0.2153,LBen
A600N,0.1467,LBen
A600P,0.0946,LBen
A600Q,0.2316,LBen
A600R,0.7215,LPath
A600S,0.0695,LBen
A600T,0.0749,LBen
A600V,0.1663,LBen
A600W,0.8714,LPath
A600Y,0.5939,LPath
A601C,0.4412,Amb
A601D,0.6561,LPath
A601E,0.5125,Amb
A601F,0.4912,Amb
A601G,0.1003,LBen
A601H,0.4933,Amb
A601I,0.3261,LBen
A601K,0.7499,LPath
A601L,0.2159,LBen
A601M,0.2021,LBen
A601N,0.1772,LBen
A601P,0.0923,LBen
A601Q,0.2086,LBen
A601R,0.7302,LPath
A601S,0.0752,LBen
A601T,0.0863,LBen
A601V,0.149,LBen
A601W,0.8856,LPath
A601Y,0.5721,LPath
P602A,0.2207,LBen
P602C,0.8818,LPath
P602D,0.6636,LPath
P602E,0.5802,LPath
P602F,0.9645,LPath
P602G,0.2415,LBen
P602H,0.5611,Amb
P602I,0.9256,LPath
P602K,0.7958,LPath
P602L,0.8118,LPath
P602M,0.8362,LPath
P602N,0.2969,LBen
P602Q,0.284,LBen
P602R,0.7124,LPath
P602S,0.1643,LBen
P602T,0.2875,LBen
P602V,0.7401,LPath
P602W,0.9805,LPath
P602Y,0.9213,LPath
M603A,0.16,LBen
M603C,0.54,Amb
M603D,0.8126,LPath
M603E,0.6514,LPath
M603F,0.2529,LBen
M603G,0.3277,LBen
M603H,0.4969,Amb
M603I,0.21,LBen
M603K,0.5705,LPath
M603L,0.0924,LBen
M603N,0.3173,LBen
M603P,0.226,LBen
M603Q,0.2517,LBen
M603R,0.5408,Amb
M603S,0.2336,LBen
M603T,0.2224,LBen
M603V,0.0576,LBen
M603W,0.7321,LPath
M603Y,0.4986,Amb
I604A,0.1312,LBen
I604C,0.53,Amb
I604D,0.8209,LPath
I604E,0.6837,LPath
I604F,0.0884,LBen
I604G,0.3495,Amb
I604H,0.5435,Amb
I604K,0.7277,LPath
I604L,0.0756,LBen
I604M,0.0542,LBen
I604N,0.3269,LBen
I604P,0.197,LBen
I604Q,0.3571,Amb
I604R,0.5827,LPath
I604S,0.241,LBen
I604T,0.1642,LBen
I604V,0.069,LBen
I604W,0.5942,LPath
I604Y,0.4003,Amb
G605A,0.1733,LBen
G605C,0.3742,Amb
G605D,0.6969,LPath
G605E,0.7328,LPath
G605F,0.8647,LPath
G605H,0.678,LPath
G605I,0.7197,LPath
G605K,0.9218,LPath
G605L,0.7406,LPath
G605M,0.7053,LPath
G605N,0.2718,LBen
G605P,0.2908,LBen
G605Q,0.5211,Amb
G605R,0.8455,LPath
G605S,0.0973,LBen
G605T,0.212,LBen
G605V,0.4829,Amb
G605W,0.8806,LPath
G605Y,0.7712,LPath
Y606A,0.4263,Amb
Y606C,0.2319,LBen
Y606D,0.7398,LPath
Y606E,0.7907,LPath
Y606F,0.0888,LBen
Y606G,0.3569,Amb
Y606H,0.4832,Amb
Y606I,0.5081,Amb
Y606K,0.8451,LPath
Y606L,0.3968,Amb
Y606M,0.4489,Amb
Y606N,0.3128,LBen
Y606P,0.455,Amb
Y606Q,0.5591,Amb
Y606R,0.7529,LPath
Y606S,0.2818,LBen
Y606T,0.4644,Amb
Y606V,0.3431,Amb
Y606W,0.5176,Amb
P607A,0.1147,LBen
P607C,0.6489,LPath
P607D,0.6052,LPath
P607E,0.4473,Amb
P607F,0.8206,LPath
P607G,0.174,LBen
P607H,0.3168,LBen
P607I,0.6812,LPath
P607K,0.6418,LPath
P607L,0.4941,Amb
P607M,0.5351,Amb
P607N,0.2093,LBen
P607Q,0.151,LBen
P607R,0.4757,Amb
P607S,0.0985,LBen
P607T,0.1385,LBen
P607V,0.4092,Amb
P607W,0.9212,LPath
P607Y,0.712,LPath
M608A,0.2709,LBen
M608C,0.7015,LPath
M608D,0.9232,LPath
M608E,0.7868,LPath
M608F,0.2711,LBen
M608G,0.4842,Amb
M608H,0.6944,LPath
M608I,0.2557,LBen
M608K,0.6492,LPath
M608L,0.0984,LBen
M608N,0.5763,LPath
M608P,0.2709,LBen
M608Q,0.3758,Amb
M608R,0.6242,LPath
M608S,0.3918,Amb
M608T,0.3761,Amb
M608V,0.0739,LBen
M608W,0.7985,LPath
M608Y,0.5735,LPath
P609A,0.1112,LBen
P609C,0.7117,LPath
P609D,0.6103,LPath
P609E,0.4542,Amb
P609F,0.7854,LPath
P609G,0.2136,LBen
P609H,0.3595,Amb
P609I,0.6246,LPath
P609K,0.6179,LPath
P609L,0.413,Amb
P609M,0.457,Amb
P609N,0.2583,LBen
P609Q,0.1794,LBen
P609R,0.5162,Amb
P609S,0.1411,LBen
P609T,0.1614,LBen
P609V,0.3579,Amb
P609W,0.9153,LPath
P609Y,0.6946,LPath
T610A,0.0487,LBen
T610C,0.2384,LBen
T610D,0.4398,Amb
T610E,0.3761,Amb
T610F,0.2858,LBen
T610G,0.0697,LBen
T610H,0.2271,LBen
T610I,0.1892,LBen
T610K,0.4604,Amb
T610L,0.1189,LBen
T610M,0.1174,LBen
T610N,0.0897,LBen
T610P,0.0587,LBen
T610Q,0.1637,LBen
T610R,0.42,Amb
T610S,0.0586,LBen
T610V,0.106,LBen
T610W,0.636,LPath
T610Y,0.3074,LBen
G611A,0.0692,LBen
G611C,0.1444,LBen
G611D,0.4056,Amb
G611E,0.4128,Amb
G611F,0.4277,Amb
G611H,0.3347,LBen
G611I,0.1914,LBen
G611K,0.714,LPath
G611L,0.2451,LBen
G611M,0.242,LBen
G611N,0.1209,LBen
G611P,0.1851,LBen
G611Q,0.2854,LBen
G611R,0.6548,LPath
G611S,0.0638,LBen
G611T,0.0714,LBen
G611V,0.1102,LBen
G611W,0.5526,Amb
G611Y,0.3535,Amb
Y612A,0.2056,LBen
Y612C,0.1055,LBen
Y612D,0.4165,Amb
Y612E,0.5476,Amb
Y612F,0.0561,LBen
Y612G,0.1921,LBen
Y612H,0.2642,LBen
Y612I,0.2519,LBen
Y612K,0.6916,LPath
Y612L,0.2649,LBen
Y612M,0.3126,LBen
Y612N,0.1619,LBen
Y612P,0.2877,LBen
Y612Q,0.3607,Amb
Y612R,0.5406,Amb
Y612S,0.1319,LBen
Y612T,0.2312,LBen
Y612V,0.1759,LBen
Y612W,0.3273,LBen
S613A,0.0777,LBen
S613C,0.1618,LBen
S613D,0.5703,LPath
S613E,0.554,Amb
S613F,0.3532,Amb
S613G,0.0901,LBen
S613H,0.3082,LBen
S613I,0.2742,LBen
S613K,0.7428,LPath
S613L,0.1982,LBen
S613M,0.223,LBen
S613N,0.1195,LBen
S613P,0.0893,LBen
S613Q,0.2479,LBen
S613R,0.7103,LPath
S613T,0.0727,LBen
S613V,0.1882,LBen
S613W,0.6559,LPath
S613Y,0.3612,Amb
Q614A,0.1099,LBen
Q614C,0.515,Amb
Q614D,0.3307,LBen
Q614E,0.1543,LBen
Q614F,0.5389,Amb
Q614G,0.1701,LBen
Q614H,0.1548,LBen
Q614I,0.4134,Amb
Q614K,0.2265,LBen
Q614L,0.1789,LBen
Q614M,0.2703,LBen
Q614N,0.121,LBen
Q614P,0.0673,LBen
Q614R,0.218,LBen
Q614S,0.0775,LBen
Q614T,0.1258,LBen
Q614V,0.2099,LBen
Q614W,0.7245,LPath
Q614Y,0.3781,Amb
