protein_variant,am_pathogenicity,am_class
M1A,0.1665,LBen
M1C,0.2304,LBen
M1D,0.6561,LPath
M1E,0.4574,Amb
M1F,0.1219,LBen
M1G,0.3239,LBen
M1H,0.4722,Amb
M1I,0.2705,LBen
M1K,0.3624,Amb
M1L,0.1072,LBen
M1N,0.392,Amb
M1P,0.3882,Amb
M1Q,0.2384,LBen
M1R,0.331,LBen
M1S,0.2719,LBen
M1T,0.2394,LBen
M1V,0.0808,LBen
M1W,0.4358,Amb
M1Y,0.3522,Amb
A2C,0.3562,Amb
A2D,0.2594,LBen
A2E,0.2384,LBen
A2F,0.3588,Amb
A2G,0.0932,LBen
A2H,0.3793,Amb
A2I,0.4107,Amb
A2K,0.3892,Amb
A2L,0.243,LBen
A2M,0.3578,Amb
A2N,0.1679,LBen
A2P,0.1543,LBen
A2Q,0.2251,LBen
A2R,0.3511,Amb
A2S,0.0883,LBen
A2T,0.117,LBen
A2V,0.2377,LBen
A2W,0.7275,LPath
A2Y,0.4495,Amb
T3A,0.0585,LBen
T3C,0.2838,LBen
T3D,0.2014,LBen
T3E,0.219,LBen
T3F,0.2786,LBen
T3G,0.0927,LBen
T3H,0.2392,LBen
T3I,0.2485,LBen
T3K,0.2456,LBen
T3L,0.1862,LBen
T3M,0.226,LBen
T3N,0.1109,LBen
T3P,0.1006,LBen
T3Q,0.177,LBen
T3R,0.227,LBen
T3S,0.0754,LBen
T3V,0.1573,LBen
T3W,0.635,LPath
T3Y,0.3403,Amb
T4A,0.0624,LBen
T4C,0.2989,LBen
T4D,0.2394,LBen
T4E,0.2233,LBen
T4F,0.2695,LBen
T4G,0.1025,LBen
T4H,0.2145,LBen
T4I,0.2434,LBen
T4K,0.2196,LBen
T4L,0.1766,LBen
T4M,0.1989,LBen
T4N,0.1274,LBen
T4P,0.0904,LBen
T4Q,0.1776,LBen
T4R,0.2039,LBen
T4S,0.0825,LBen
T4V,0.1552,LBen
T4W,0.5912,LPath
T4Y,0.3174,LBen
A5C,0.2834,LBen
A5D,0.2331,LBen
A5E,0.2232,LBen
A5F,0.2946,LBen
A5G,0.0879,LBen
A5H,0.3129,LBen
A5I,0.2763,LBen
A5K,0.3779,Amb
A5L,0.1826,LBen
A5M,0.2471,LBen
A5N,0.1563,LBen
A5P,0.1399,LBen
A5Q,0.2109,LBen
A5R,0.3448,Amb
A5S,0.0778,LBen
A5T,0.0822,LBen
A5V,0.1425,LBen
A5W,0.6525,LPath
A5Y,0.38,Amb
T6A,0.0605,LBen
T6C,0.3021,LBen
T6D,0.263,LBen
T6E,0.2353,LBen
T6F,0.2627,LBen
T6G,0.1009,LBen
T6H,0.238,LBen
T6I,0.2224,LBen
T6K,0.2315,LBen
T6L,0.1581,LBen
T6M,0.1941,LBen
T6N,0.1198,LBen
T6P,0.0955,LBen
T6Q,0.1827,LBen
T6R,0.2079,LBen
T6S,0.0829,LBen
T6V,0.1418,LBen
T6W,0.6023,LPath
T6Y,0.3345,LBen
M7A,0.0806,LBen
M7C,0.3162,LBen
M7D,0.3157,LBen
M7E,0.2285,LBen
M7F,0.1418,LBen
M7G,0.1201,LBen
M7H,0.2401,LBen
M7I,0.2111,LBen
M7K,0.1659,LBen
M7L,0.0882,LBen
M7N,0.2004,LBen
M7P,0.1489,LBen
M7Q,0.1362,LBen
M7R,0.165,LBen
M7S,0.1102,LBen
M7T,0.09,LBen
M7V,0.0609,LBen
M7W,0.4182,Amb
M7Y,0.3091,LBen
A8C,0.3627,Amb
A8D,0.2665,LBen
A8E,0.2302,LBen
A8F,0.3042,LBen
A8G,0.089,LBen
A8H,0.3456,Amb
A8I,0.3029,LBen
A8K,0.4007,Amb
A8L,0.1772,LBen
A8M,0.2745,LBen
A8N,0.1714,LBen
A8P,0.1401,LBen
A8Q,0.2139,LBen
A8R,0.3727,Amb
A8S,0.0881,LBen
A8T,0.1073,LBen
A8V,0.1599,LBen
A8W,0.676,LPath
A8Y,0.3951,Amb
T9A,0.0582,LBen
T9C,0.2501,LBen
T9D,0.2332,LBen
T9E,0.2328,LBen
T9F,0.1739,LBen
T9G,0.0916,LBen
T9H,0.192,LBen
T9I,0.1597,LBen
T9K,0.2658,LBen
T9L,0.1172,LBen
T9M,0.1518,LBen
T9N,0.0931,LBen
T9P,0.0827,LBen
T9Q,0.1724,LBen
T9R,0.2416,LBen
T9S,0.0698,LBen
T9V,0.1111,LBen
T9W,0.5042,Amb
T9Y,0.2357,LBen
S10A,0.0586,LBen
S10C,0.1243,LBen
S10D,0.2743,LBen
S10E,0.2816,LBen
S10F,0.2017,LBen
S10G,0.0652,LBen
S10H,0.238,LBen
S10I,0.1673,LBen
S10K,0.4103,Amb
S10L,0.1338,LBen
S10M,0.1798,LBen
S10N,0.1248,LBen
S10P,0.0949,LBen
S10Q,0.2374,LBen
S10R,0.3951,Amb
S10T,0.0614,LBen
S10V,0.1158,LBen
S10W,0.3723,Amb
S10Y,0.2169,LBen
G11A,0.0745,LBen
G11C,0.1539,LBen
G11D,0.2465,LBen
G11E,0.2564,LBen
G11F,0.2776,LBen
G11H,0.2877,LBen
G11I,0.1397,LBen
G11K,0.4692,Amb
G11L,0.1758,LBen
G11M,0.2403,LBen
G11N,0.1615,LBen
G11P,0.2087,LBen
G11Q,0.254,LBen
G11R,0.3926,Amb
G11S,0.0787,LBen
G11T,0.0752,LBen
G11V,0.0886,LBen
G11W,0.3606,Amb
G11Y,0.2732,LBen
S12A,0.0613,LBen
S12C,0.1174,LBen
S12D,0.2904,LBen
S12E,0.2979,LBen
S12F,0.1415,LBen
S12G,0.0656,LBen
S12H,0.2018,LBen
S12I,0.1149,LBen
S12K,0.381,Amb
S12L,0.0985,LBen
S12M,0.1405,LBen
S12N,0.1039,LBen
S12P,0.0881,LBen
S12Q,0.2188,LBen
S12R,0.3794,Amb
S12T,0.0625,LBen
S12V,0.0949,LBen
S12W,0.3077,LBen
S12Y,0.1713,LBen
A13C,0.2249,LBen
A13D,0.3069,LBen
A13E,0.2684,LBen
A13F,0.186,LBen
A13G,0.0692,LBen
A13H,0.228,LBen
A13I,0.1481,LBen
A13K,0.3576,Amb
A13L,0.1055,LBen
A13M,0.1697,LBen
A13N,0.1405,LBen
A13P,0.0957,LBen
A13Q,0.1611,LBen
A13R,0.3034,LBen
A13S,0.0665,LBen
A13T,0.0727,LBen
A13V,0.0918,LBen
A13W,0.4589,Amb
A13Y,0.2553,LBen
R14A,0.3054,LBen
R14C,0.5137,Amb
R14D,0.5368,Amb
R14E,0.3505,Amb
R14F,0.622,LPath
R14G,0.1792,LBen
R14H,0.3079,LBen
R14I,0.4583,Amb
R14K,0.1145,LBen
R14L,0.3442,Amb
R14M,0.5111,Amb
R14N,0.5688,LPath
R14P,0.3014,LBen
R14Q,0.1773,LBen
R14S,0.4316,Amb
R14T,0.3205,LBen
R14V,0.395,Amb
R14W,0.5361,Amb
R14Y,0.5894,LPath
K15A,0.4392,Amb
K15C,0.7318,LPath
K15D,0.5863,LPath
K15E,0.389,Amb
K15F,0.7945,LPath
K15G,0.3198,LBen
K15H,0.3776,Amb
K15I,0.6122,LPath
K15L,0.492,Amb
K15M,0.5766,LPath
K15N,0.5903,LPath
K15P,0.3666,Amb
K15Q,0.1866,LBen
K15R,0.0759,LBen
K15S,0.4995,Amb
K15T,0.3867,Amb
K15V,0.5136,Amb
K15W,0.804,LPath
K15Y,0.6923,LPath
R16A,0.3991,Amb
R16C,0.4937,Amb
R16D,0.5778,LPath
R16E,0.4453,Amb
R16F,0.5682,LPath
R16G,0.2937,LBen
R16H,0.2337,LBen
R16I,0.3614,Amb
R16K,0.1233,LBen
R16L,0.2816,LBen
R16M,0.4489,Amb
R16N,0.5512,Amb
R16P,0.343,Amb
R16Q,0.2018,LBen
R16S,0.532,Amb
R16T,0.3593,Amb
R16V,0.3526,Amb
R16W,0.4974,Amb
R16Y,0.5171,Amb
L17A,0.1341,LBen
L17C,0.3473,Amb
L17D,0.4678,Amb
L17E,0.3226,LBen
L17F,0.1044,LBen
L17G,0.2539,LBen
L17H,0.1992,LBen
L17I,0.0704,LBen
L17K,0.2485,LBen
L17M,0.0933,LBen
L17N,0.1945,LBen
L17P,0.1387,LBen
L17Q,0.1306,LBen
L17R,0.21,LBen
L17S,0.1809,LBen
L17T,0.1537,LBen
L17V,0.0711,LBen
L17W,0.2495,LBen
L17Y,0.2339,LBen
L18A,0.1394,LBen
L18C,0.3524,Amb
L18D,0.5336,Amb
L18E,0.3259,LBen
L18F,0.1232,LBen
L18G,0.2425,LBen
L18H,0.2309,LBen
L18I,0.1051,LBen
L18K,0.2798,LBen
L18M,0.0978,LBen
L18N,0.2582,LBen
L18P,0.1529,LBen
L18Q,0.1243,LBen
L18R,0.2295,LBen
L18S,0.1863,LBen
L18T,0.1605,LBen
L18V,0.0907,LBen
L18W,0.243,LBen
L18Y,0.2889,LBen
K19A,0.3357,LBen
K19C,0.6769,LPath
K19D,0.4907,Amb
K19E,0.2675,LBen
K19F,0.7842,LPath
K19G,0.3187,LBen
K19H,0.2877,LBen
K19I,0.5668,LPath
K19L,0.3956,Amb
K19M,0.4568,Amb
K19N,0.5275,Amb
K19P,0.3572,Amb
K19Q,0.143,LBen
K19R,0.067,LBen
K19S,0.4268,Amb
K19T,0.2811,LBen
K19V,0.4336,Amb
K19W,0.7302,LPath
K19Y,0.6934,LPath
E20A,0.2292,LBen
E20C,0.8169,LPath
E20D,0.0858,LBen
E20F,0.7712,LPath
E20G,0.1871,LBen
E20H,0.5589,Amb
E20I,0.5026,Amb
E20K,0.3795,Amb
E20L,0.4474,Amb
E20M,0.5811,LPath
E20N,0.2976,LBen
E20P,0.3916,Amb
E20Q,0.2362,LBen
E20R,0.4283,Amb
E20S,0.2611,LBen
E20T,0.2741,LBen
E20V,0.3305,LBen
E20W,0.8942,LPath
E20Y,0.6452,LPath
E21A,0.262,LBen
E21C,0.8598,LPath
E21D,0.0757,LBen
E21F,0.8083,LPath
E21G,0.2285,LBen
E21H,0.6098,LPath
E21I,0.5305,Amb
E21K,0.4415,Amb
E21L,0.5471,Amb
E21M,0.6247,LPath
E21N,0.2966,LBen
E21P,0.541,Amb
E21Q,0.2719,LBen
E21R,0.492,Amb
E21S,0.2808,LBen
E21T,0.3037,LBen
E21V,0.3684,Amb
E21W,0.9206,LPath
E21Y,0.696,LPath
D22A,0.2927,LBen
D22C,0.7826,LPath
D22E,0.1722,LBen
D22F,0.7005,LPath
D22G,0.281,LBen
D22H,0.5989,LPath
D22I,0.5002,Amb
D22K,0.6442,LPath
D22L,0.5151,Amb
D22M,0.6686,LPath
D22N,0.2252,LBen
D22P,0.662,LPath
D22Q,0.5119,Amb
D22R,0.6541,LPath
D22S,0.2836,LBen
D22T,0.3484,Amb
D22V,0.3372,LBen
D22W,0.9248,LPath
D22Y,0.4803,Amb
M23A,0.2639,LBen
M23C,0.5168,Amb
M23D,0.5508,Amb
M23E,0.4627,Amb
M23F,0.2456,LBen
M23G,0.4033,Amb
M23H,0.4922,Amb
M23I,0.2539,LBen
M23K,0.3713,Amb
M23L,0.0986,LBen
M23N,0.3632,Amb
M23P,0.3997,Amb
M23Q,0.3148,LBen
M23R,0.3722,Amb
M23S,0.3179,LBen
M23T,0.1993,LBen
M23V,0.0802,LBen
M23W,0.5998,LPath
M23Y,0.466,Amb
T24A,0.085,LBen
T24C,0.3427,Amb
T24D,0.3403,Amb
T24E,0.2366,LBen
T24F,0.42,Amb
T24G,0.1113,LBen
T24H,0.2502,LBen
T24I,0.3371,LBen
T24K,0.2553,LBen
T24L,0.1461,LBen
T24M,0.159,LBen
T24N,0.1283,LBen
T24P,0.1914,LBen
T24Q,0.1637,LBen
T24R,0.2635,LBen
T24S,0.0856,LBen
T24V,0.2002,LBen
T24W,0.7021,LPath
T24Y,0.4351,Amb
K25A,0.2717,LBen
K25C,0.6688,LPath
K25D,0.3939,Amb
K25E,0.2501,LBen
K25F,0.8065,LPath
K25G,0.3185,LBen
K25H,0.2709,LBen
K25I,0.5261,Amb
K25L,0.4178,Amb
K25M,0.4133,Amb
K25N,0.3768,Amb
K25P,0.5338,Amb
K25Q,0.1553,LBen
K25R,0.0827,LBen
K25S,0.3508,Amb
K25T,0.2266,LBen
K25V,0.3656,Amb
K25W,0.8117,LPath
K25Y,0.6821,LPath
V26A,0.5455,Amb
V26C,0.8525,LPath
V26D,0.835,LPath
V26E,0.7457,LPath
V26F,0.4841,Amb
V26G,0.5925,LPath
V26H,0.9212,LPath
V26I,0.0974,LBen
V26K,0.8432,LPath
V26L,0.401,Amb
V26M,0.3402,Amb
V26N,0.7349,LPath
V26P,0.7962,LPath
V26Q,0.7713,LPath
V26R,0.821,LPath
V26S,0.6974,LPath
V26T,0.4797,Amb
V26W,0.9344,LPath
V26Y,0.8262,LPath
E27A,0.3883,Amb
E27C,0.909,LPath
E27D,0.2471,LBen
E27F,0.9034,LPath
E27G,0.5867,LPath
E27H,0.8093,LPath
E27I,0.5825,LPath
E27K,0.7204,LPath
E27L,0.7231,LPath
E27M,0.7714,LPath
E27N,0.5972,LPath
E27P,0.8093,LPath
E27Q,0.4264,Amb
E27R,0.7022,LPath
E27S,0.4725,Amb
E27T,0.4187,Amb
E27V,0.3655,Amb
E27W,0.9809,LPath
E27Y,0.8903,LPath
F28A,0.9819,LPath
F28C,0.9908,LPath
F28D,0.9911,LPath
F28E,0.9876,LPath
F28G,0.9828,LPath
F28H,0.9929,LPath
F28I,0.902,LPath
F28K,0.9956,LPath
F28L,0.9952,LPath
F28M,0.955,LPath
F28N,0.9872,LPath
F28P,0.9986,LPath
F28Q,0.9942,LPath
F28R,0.9919,LPath
F28S,0.9905,LPath
F28T,0.9828,LPath
F28V,0.9293,LPath
F28W,0.8688,LPath
F28Y,0.6891,LPath
E29A,0.4453,Amb
E29C,0.9193,LPath
E29D,0.4369,Amb
E29F,0.9142,LPath
E29G,0.6349,LPath
E29H,0.7935,LPath
E29I,0.6987,LPath
E29K,0.7491,LPath
E29L,0.7868,LPath
E29M,0.801,LPath
E29N,0.7174,LPath
E29P,0.9733,LPath
E29Q,0.3517,Amb
E29R,0.7231,LPath
E29S,0.4819,Amb
E29T,0.4812,Amb
E29V,0.4764,Amb
E29W,0.9795,LPath
E29Y,0.9011,LPath
T30A,0.445,Amb
T30C,0.839,LPath
T30D,0.8838,LPath
T30E,0.882,LPath
T30F,0.907,LPath
T30G,0.65,LPath
T30H,0.9045,LPath
T30I,0.8769,LPath
T30K,0.9132,LPath
T30L,0.7019,LPath
T30M,0.6539,LPath
T30N,0.7135,LPath
T30P,0.736,LPath
T30Q,0.8873,LPath
T30R,0.9051,LPath
T30S,0.3979,Amb
T30V,0.6425,LPath
T30W,0.978,LPath
T30Y,0.9212,LPath
S31A,0.4057,Amb
S31C,0.7453,LPath
S31D,0.8748,LPath
S31E,0.9346,LPath
S31F,0.97,LPath
S31G,0.4568,Amb
S31H,0.9344,LPath
S31I,0.9317,LPath
S31K,0.9863,LPath
S31L,0.84,LPath
S31M,0.8509,LPath
S31N,0.7331,LPath
S31P,0.9476,LPath
S31Q,0.938,LPath
S31R,0.9831,LPath
S31T,0.2119,LBen
S31V,0.8602,LPath
S31W,0.9663,LPath
S31Y,0.946,LPath
E32A,0.3472,Amb
E32C,0.925,LPath
E32D,0.1881,LBen
E32F,0.94,LPath
E32G,0.3928,Amb
E32H,0.7712,LPath
E32I,0.7516,LPath
E32K,0.4591,Amb
E32L,0.7341,LPath
E32M,0.8085,LPath
E32N,0.5814,LPath
E32P,0.6731,LPath
E32Q,0.3377,LBen
E32R,0.536,Amb
E32S,0.4195,Amb
E32T,0.5031,Amb
E32V,0.5497,Amb
E32W,0.9738,LPath
E32Y,0.8989,LPath
E33A,0.2556,LBen
E33C,0.8839,LPath
E33D,0.1057,LBen
E33F,0.8635,LPath
E33G,0.2717,LBen
E33H,0.7122,LPath
E33I,0.6258,LPath
E33K,0.5478,Amb
E33L,0.6046,LPath
E33M,0.6806,LPath
E33N,0.3724,Amb
E33P,0.7676,LPath
E33Q,0.3667,Amb
E33R,0.628,LPath
E33S,0.3508,Amb
E33T,0.3612,Amb
E33V,0.4364,Amb
E33W,0.9548,LPath
E33Y,0.7829,LPath
V34A,0.7109,LPath
V34C,0.9095,LPath
V34D,0.9666,LPath
V34E,0.9436,LPath
V34F,0.8676,LPath
V34G,0.7666,LPath
V34H,0.9893,LPath
V34I,0.1664,LBen
V34K,0.9709,LPath
V34L,0.7328,LPath
V34M,0.7467,LPath
V34N,0.928,LPath
V34P,0.9598,LPath
V34Q,0.9643,LPath
V34R,0.9601,LPath
V34S,0.8703,LPath
V34T,0.5856,LPath
V34W,0.9921,LPath
V34Y,0.9735,LPath
D35A,0.2215,LBen
D35C,0.7513,LPath
D35E,0.1235,LBen
D35F,0.7221,LPath
D35G,0.3562,Amb
D35H,0.5387,Amb
D35I,0.4228,Amb
D35K,0.6347,LPath
D35L,0.4066,Amb
D35M,0.6117,LPath
D35N,0.2206,LBen
D35P,0.6586,LPath
D35Q,0.435,Amb
D35R,0.6515,LPath
D35S,0.2136,LBen
D35T,0.2824,LBen
D35V,0.2564,LBen
D35W,0.9422,LPath
D35Y,0.5295,Amb
V36A,0.5472,Amb
V36C,0.7875,LPath
V36D,0.9202,LPath
V36E,0.8741,LPath
V36F,0.6401,LPath
V36G,0.7247,LPath
V36H,0.9453,LPath
V36I,0.1028,LBen
V36K,0.9141,LPath
V36L,0.6063,LPath
V36M,0.5663,LPath
V36N,0.7989,LPath
V36P,0.7684,LPath
V36Q,0.8686,LPath
V36R,0.8843,LPath
V36S,0.6496,LPath
V36T,0.4963,Amb
V36W,0.9799,LPath
V36Y,0.9161,LPath
T37A,0.1195,LBen
T37C,0.2142,LBen
T37D,0.8038,LPath
T37E,0.6096,LPath
T37F,0.1815,LBen
T37G,0.5071,Amb
T37H,0.3759,Amb
T37I,0.1347,LBen
T37K,0.7396,LPath
T37L,0.1086,LBen
T37M,0.106,LBen
T37N,0.3009,LBen
T37P,0.6033,LPath
T37Q,0.4319,Amb
T37R,0.6658,LPath
T37S,0.172,LBen
T37V,0.1014,LBen
T37W,0.6481,LPath
T37Y,0.2793,LBen
P38A,0.0926,LBen
P38C,0.659,LPath
P38D,0.5646,LPath
P38E,0.4599,Amb
P38F,0.7412,LPath
P38G,0.2929,LBen
P38H,0.4239,Amb
P38I,0.5841,LPath
P38K,0.6464,LPath
P38L,0.2646,LBen
P38M,0.4605,Amb
P38N,0.3558,Amb
P38Q,0.3082,LBen
P38R,0.5495,Amb
P38S,0.1598,LBen
P38T,0.1737,LBen
P38V,0.3427,Amb
P38W,0.8883,LPath
P38Y,0.694,LPath
T39A,0.2028,LBen
T39C,0.5517,Amb
T39D,0.6793,LPath
T39E,0.8075,LPath
T39F,0.73,LPath
T39G,0.3003,LBen
T39H,0.5399,Amb
T39I,0.7664,LPath
T39K,0.7706,LPath
T39L,0.3823,Amb
T39M,0.3793,Amb
T39N,0.2317,LBen
T39P,0.8511,LPath
T39Q,0.5813,LPath
T39R,0.7148,LPath
T39S,0.1228,LBen
T39V,0.5094,Amb
T39W,0.9406,LPath
T39Y,0.7094,LPath
F40A,0.9982,LPath
F40C,0.9981,LPath
F40D,0.9994,LPath
F40E,0.9996,LPath
F40G,0.9988,LPath
F40H,0.9973,LPath
F40I,0.9951,LPath
F40K,0.9998,LPath
F40L,0.9993,LPath
F40M,0.9947,LPath
F40N,0.9992,LPath
F40P,0.9997,LPath
F40Q,0.9995,LPath
F40R,0.999,LPath
F40S,0.9983,LPath
F40T,0.9991,LPath
F40V,0.9935,LPath
F40W,0.7855,LPath
F40Y,0.8771,LPath
D41A,0.8543,LPath
D41C,0.988,LPath
D41E,0.6432,LPath
D41F,0.9863,LPath
D41G,0.8869,LPath
D41H,0.9489,LPath
D41I,0.9814,LPath
D41K,0.9703,LPath
D41L,0.966,LPath
D41M,0.9927,LPath
D41N,0.8444,LPath
D41P,0.9854,LPath
D41Q,0.9297,LPath
D41R,0.9528,LPath
D41S,0.8159,LPath
D41T,0.9425,LPath
D41V,0.9443,LPath
D41W,0.996,LPath
D41Y,0.9427,LPath
T42A,0.0691,LBen
T42C,0.2697,LBen
T42D,0.3251,LBen
T42E,0.3119,LBen
T42F,0.3523,Amb
T42G,0.1388,LBen
T42H,0.2366,LBen
T42I,0.2954,LBen
T42K,0.3609,Amb
T42L,0.1322,LBen
T42M,0.116,LBen
T42N,0.1132,LBen
T42P,0.849,LPath
T42Q,0.2046,LBen
T42R,0.3435,Amb
T42S,0.0763,LBen
T42V,0.18,LBen
T42W,0.757,LPath
T42Y,0.3921,Amb
M43A,0.9051,LPath
M43C,0.9084,LPath
M43D,0.9958,LPath
M43E,0.9872,LPath
M43F,0.7537,LPath
M43G,0.9759,LPath
M43H,0.988,LPath
M43I,0.9005,LPath
M43K,0.9853,LPath
M43L,0.2511,LBen
M43N,0.9826,LPath
M43P,0.9975,LPath
M43Q,0.9486,LPath
M43R,0.9835,LPath
M43S,0.9512,LPath
M43T,0.9356,LPath
M43V,0.5028,Amb
M43W,0.9784,LPath
M43Y,0.9695,LPath
G44A,0.3163,LBen
G44C,0.4297,Amb
G44D,0.5077,Amb
G44E,0.5653,LPath
G44F,0.9101,LPath
G44H,0.7367,LPath
G44I,0.8503,LPath
G44K,0.8369,LPath
G44L,0.7659,LPath
G44M,0.782,LPath
G44N,0.3785,Amb
G44P,0.9794,LPath
G44Q,0.5848,LPath
G44R,0.8053,LPath
G44S,0.2499,LBen
G44T,0.5694,LPath
G44V,0.6992,LPath
G44W,0.923,LPath
G44Y,0.8287,LPath
L45A,0.9852,LPath
L45C,0.9583,LPath
L45D,0.9996,LPath
L45E,0.9981,LPath
L45F,0.9144,LPath
L45G,0.9953,LPath
L45H,0.9975,LPath
L45I,0.4598,Amb
L45K,0.997,LPath
L45M,0.6617,LPath
L45N,0.9974,LPath
L45P,0.9976,LPath
L45Q,0.9959,LPath
L45R,0.9945,LPath
L45S,0.9985,LPath
L45T,0.9905,LPath
L45V,0.6309,LPath
L45W,0.9923,LPath
L45Y,0.9936,LPath
R46A,0.7891,LPath
R46C,0.6228,LPath
R46D,0.8302,LPath
R46E,0.6887,LPath
R46F,0.9633,LPath
R46G,0.6079,LPath
R46H,0.3352,LBen
R46I,0.9208,LPath
R46K,0.1701,LBen
R46L,0.753,LPath
R46M,0.872,LPath
R46N,0.8053,LPath
R46P,0.9087,LPath
R46Q,0.2596,LBen
R46S,0.7713,LPath
R46T,0.7832,LPath
R46V,0.8898,LPath
R46W,0.8088,LPath
R46Y,0.8917,LPath
E47A,0.6001,LPath
E47C,0.974,LPath
E47D,0.2123,LBen
E47F,0.9846,LPath
E47G,0.5367,Amb
E47H,0.9191,LPath
E47I,0.9351,LPath
E47K,0.8008,LPath
E47L,0.9236,LPath
E47M,0.9462,LPath
E47N,0.733,LPath
E47P,0.6612,LPath
E47Q,0.5826,LPath
E47R,0.8051,LPath
E47S,0.6165,LPath
E47T,0.7445,LPath
E47V,0.8158,LPath
E47W,0.9911,LPath
E47Y,0.9601,LPath
D48A,0.6731,LPath
D48C,0.9602,LPath
D48E,0.298,LBen
D48F,0.9612,LPath
D48G,0.7519,LPath
D48H,0.8873,LPath
D48I,0.924,LPath
D48K,0.9249,LPath
D48L,0.9241,LPath
D48M,0.9678,LPath
D48N,0.5092,Amb
D48P,0.8615,LPath
D48Q,0.8653,LPath
D48R,0.93,LPath
D48S,0.6588,LPath
D48T,0.8023,LPath
D48V,0.7989,LPath
D48W,0.9918,LPath
D48Y,0.8437,LPath
L49A,0.9555,LPath
L49C,0.9508,LPath
L49D,0.9994,LPath
L49E,0.9971,LPath
L49F,0.9795,LPath
L49G,0.9931,LPath
L49H,0.9964,LPath
L49I,0.3259,LBen
L49K,0.9967,LPath
L49M,0.7317,LPath
L49N,0.9924,LPath
L49P,0.9979,LPath
L49Q,0.9937,LPath
L49R,0.9938,LPath
L49S,0.9926,LPath
L49T,0.9291,LPath
L49V,0.3652,Amb
L49W,0.9978,LPath
L49Y,0.9971,LPath
L50A,0.938,LPath
L50C,0.9339,LPath
L50D,0.9989,LPath
L50E,0.9851,LPath
L50F,0.9776,LPath
L50G,0.979,LPath
L50H,0.9841,LPath
L50I,0.5949,LPath
L50K,0.946,LPath
L50M,0.6746,LPath
L50N,0.9853,LPath
L50P,0.9969,LPath
L50Q,0.9113,LPath
L50R,0.9167,LPath
L50S,0.9825,LPath
L50T,0.9279,LPath
L50V,0.5777,LPath
L50W,0.9912,LPath
L50Y,0.9909,LPath
R51A,0.9764,LPath
R51C,0.9527,LPath
R51D,0.9925,LPath
R51E,0.9585,LPath
R51F,0.9913,LPath
R51G,0.9632,LPath
R51H,0.8599,LPath
R51I,0.9904,LPath
R51K,0.7841,LPath
R51L,0.9527,LPath
R51M,0.9916,LPath
R51N,0.9927,LPath
R51P,0.9954,LPath
R51Q,0.8667,LPath
R51S,0.9897,LPath
R51T,0.9866,LPath
R51V,0.986,LPath
R51W,0.9509,LPath
R51Y,0.9822,LPath
G52A,0.9529,LPath
G52C,0.9947,LPath
G52D,0.9989,LPath
G52E,0.9988,LPath
G52F,0.9994,LPath
G52H,0.9997,LPath
G52I,0.999,LPath
G52K,0.9996,LPath
G52L,0.999,LPath
G52M,0.9995,LPath
G52N,0.9983,LPath
G52P,0.9998,LPath
G52Q,0.9992,LPath
G52R,0.999,LPath
G52S,0.9765,LPath
G52T,0.9969,LPath
G52V,0.9973,LPath
G52W,0.9992,LPath
G52Y,0.9992,LPath
I53A,0.9705,LPath
I53C,0.9601,LPath
I53D,0.9996,LPath
I53E,0.9987,LPath
I53F,0.9707,LPath
I53G,0.9966,LPath
I53H,0.9991,LPath
I53K,0.9984,LPath
I53L,0.577,LPath
I53M,0.7438,LPath
I53N,0.9932,LPath
I53P,0.998,LPath
I53Q,0.9984,LPath
I53R,0.9969,LPath
I53S,0.9863,LPath
I53T,0.9482,LPath
I53V,0.1464,LBen
I53W,0.9993,LPath
I53Y,0.9974,LPath
Y54A,0.9606,LPath
Y54C,0.8473,LPath
Y54D,0.9846,LPath
Y54E,0.9933,LPath
Y54F,0.2171,LBen
Y54G,0.9332,LPath
Y54H,0.9371,LPath
Y54I,0.9667,LPath
Y54K,0.9902,LPath
Y54L,0.8771,LPath
Y54M,0.9593,LPath
Y54N,0.9438,LPath
Y54P,0.9961,LPath
Y54Q,0.987,LPath
Y54R,0.9586,LPath
Y54S,0.9047,LPath
Y54T,0.9658,LPath
Y54V,0.9197,LPath
Y54W,0.7966,LPath
A55C,0.9022,LPath
A55D,0.9895,LPath
A55E,0.9835,LPath
A55F,0.9565,LPath
A55G,0.3613,Amb
A55H,0.97,LPath
A55I,0.9865,LPath
A55K,0.994,LPath
A55L,0.9066,LPath
A55M,0.9615,LPath
A55N,0.9136,LPath
A55P,0.997,LPath
A55Q,0.9149,LPath
A55R,0.9694,LPath
A55S,0.2176,LBen
A55T,0.8192,LPath
A55V,0.9474,LPath
A55W,0.9948,LPath
A55Y,0.9746,LPath
Y56A,0.8258,LPath
Y56C,0.4126,Amb
Y56D,0.9485,LPath
Y56E,0.9765,LPath
Y56F,0.1638,LBen
Y56G,0.7805,LPath
Y56H,0.7456,LPath
Y56I,0.914,LPath
Y56K,0.9716,LPath
Y56L,0.7558,LPath
Y56M,0.8549,LPath
Y56N,0.7773,LPath
Y56P,0.9945,LPath
Y56Q,0.9386,LPath
Y56R,0.9186,LPath
Y56S,0.6618,LPath
Y56T,0.8908,LPath
Y56V,0.7814,LPath
Y56W,0.6162,LPath
G57A,0.9692,LPath
G57C,0.9835,LPath
G57D,0.9965,LPath
G57E,0.9979,LPath
G57F,0.9979,LPath
G57H,0.9982,LPath
G57I,0.997,LPath
G57K,0.9987,LPath
G57L,0.996,LPath
G57M,0.9987,LPath
G57N,0.9932,LPath
G57P,0.9993,LPath
G57Q,0.9953,LPath
G57R,0.9949,LPath
G57S,0.9544,LPath
G57T,0.9905,LPath
G57V,0.9945,LPath
G57W,0.9976,LPath
G57Y,0.9968,LPath
F58A,0.9961,LPath
F58C,0.988,LPath
F58D,0.9988,LPath
F58E,0.9984,LPath
F58G,0.9959,LPath
F58H,0.9913,LPath
F58I,0.98,LPath
F58K,0.998,LPath
F58L,0.9966,LPath
F58M,0.9746,LPath
F58N,0.9953,LPath
F58P,0.9999,LPath
F58Q,0.9965,LPath
F58R,0.9955,LPath
F58S,0.996,LPath
F58T,0.9975,LPath
F58V,0.9817,LPath
F58W,0.8283,LPath
F58Y,0.5035,Amb
E59A,0.9376,LPath
E59C,0.991,LPath
E59D,0.8962,LPath
E59F,0.9968,LPath
E59G,0.9067,LPath
E59H,0.989,LPath
E59I,0.9869,LPath
E59K,0.9745,LPath
E59L,0.9846,LPath
E59M,0.9898,LPath
E59N,0.9788,LPath
E59P,0.9926,LPath
E59Q,0.8512,LPath
E59R,0.9542,LPath
E59S,0.9287,LPath
E59T,0.9508,LPath
E59V,0.9646,LPath
E59W,0.9982,LPath
E59Y,0.9948,LPath
K60A,0.8663,LPath
K60C,0.9217,LPath
K60D,0.9524,LPath
K60E,0.8718,LPath
K60F,0.9588,LPath
K60G,0.8816,LPath
K60H,0.6819,LPath
K60I,0.9019,LPath
K60L,0.8756,LPath
K60M,0.8103,LPath
K60N,0.8924,LPath
K60P,0.9884,LPath
K60Q,0.5943,LPath
K60R,0.1301,LBen
K60S,0.9098,LPath
K60T,0.7628,LPath
K60V,0.851,LPath
K60W,0.9673,LPath
K60Y,0.9027,LPath
P61A,0.9393,LPath
P61C,0.9948,LPath
P61D,0.9997,LPath
P61E,0.9993,LPath
P61F,0.9998,LPath
P61G,0.992,LPath
P61H,0.9992,LPath
P61I,0.9986,LPath
P61K,0.9995,LPath
P61L,0.9879,LPath
P61M,0.9982,LPath
P61N,0.9995,LPath
P61Q,0.9987,LPath
P61R,0.9977,LPath
P61S,0.9958,LPath
P61T,0.9935,LPath
P61V,0.9937,LPath
P61W,0.9999,LPath
P61Y,0.9998,LPath
S62A,0.68,LPath
S62C,0.9399,LPath
S62D,0.9974,LPath
S62E,0.9969,LPath
S62F,0.9953,LPath
S62G,0.8918,LPath
S62H,0.9934,LPath
S62I,0.9948,LPath
S62K,0.9994,LPath
S62L,0.9795,LPath
S62M,0.9854,LPath
S62N,0.9882,LPath
S62P,0.9917,LPath
S62Q,0.9948,LPath
S62R,0.9987,LPath
S62T,0.7956,LPath
S62V,0.9882,LPath
S62W,0.9938,LPath
S62Y,0.9949,LPath
A63C,0.8971,LPath
A63D,0.9791,LPath
A63E,0.9629,LPath
A63F,0.8881,LPath
A63G,0.7005,LPath
A63H,0.9533,LPath
A63I,0.8791,LPath
A63K,0.9824,LPath
A63L,0.6915,LPath
A63M,0.8496,LPath
A63N,0.9126,LPath
A63P,0.7741,LPath
A63Q,0.8969,LPath
A63R,0.936,LPath
A63S,0.3599,Amb
A63T,0.6899,LPath
A63V,0.722,LPath
A63W,0.987,LPath
A63Y,0.9494,LPath
I64A,0.9905,LPath
I64C,0.996,LPath
I64D,0.9998,LPath
I64E,0.9992,LPath
I64F,0.9759,LPath
I64G,0.9989,LPath
I64H,0.9997,LPath
I64K,0.9994,LPath
I64L,0.8538,LPath
I64M,0.9097,LPath
I64N,0.9974,LPath
I64P,0.9933,LPath
I64Q,0.9992,LPath
I64R,0.9987,LPath
I64S,0.9935,LPath
I64T,0.9889,LPath
I64V,0.2532,LBen
I64W,0.9994,LPath
I64Y,0.9984,LPath
Q65A,0.9508,LPath
Q65C,0.9984,LPath
Q65D,0.9997,LPath
Q65E,0.945,LPath
Q65F,0.9994,LPath
Q65G,0.9626,LPath
Q65H,0.9986,LPath
Q65I,0.9967,LPath
Q65K,0.9974,LPath
Q65L,0.9889,LPath
Q65M,0.9724,LPath
Q65N,0.9957,LPath
Q65P,0.9971,LPath
Q65R,0.9974,LPath
Q65S,0.9431,LPath
Q65T,0.9844,LPath
Q65V,0.9942,LPath
Q65W,0.9997,LPath
Q65Y,0.9998,LPath
Q66A,0.5665,LPath
Q66C,0.9644,LPath
Q66D,0.9952,LPath
Q66E,0.6879,LPath
Q66F,0.9953,LPath
Q66G,0.7084,LPath
Q66H,0.9821,LPath
Q66I,0.9773,LPath
Q66K,0.8666,LPath
Q66L,0.9182,LPath
Q66M,0.82,LPath
Q66N,0.9578,LPath
Q66P,0.9986,LPath
Q66R,0.859,LPath
Q66S,0.5987,LPath
Q66T,0.8625,LPath
Q66V,0.9315,LPath
Q66W,0.9966,LPath
Q66Y,0.9934,LPath
R67A,0.9816,LPath
R67C,0.9339,LPath
R67D,0.9963,LPath
R67E,0.9738,LPath
R67F,0.989,LPath
R67G,0.9686,LPath
R67H,0.8942,LPath
R67I,0.9678,LPath
R67K,0.7459,LPath
R67L,0.9229,LPath
R67M,0.9867,LPath
R67N,0.9929,LPath
R67P,0.9977,LPath
R67Q,0.9091,LPath
R67S,0.9945,LPath
R67T,0.985,LPath
R67V,0.9585,LPath
R67W,0.9581,LPath
R67Y,0.9732,LPath
A68C,0.7923,LPath
A68D,0.9986,LPath
A68E,0.9982,LPath
A68F,0.986,LPath
A68G,0.3104,LBen
A68H,0.9975,LPath
A68I,0.9764,LPath
A68K,0.9996,LPath
A68L,0.9296,LPath
A68M,0.954,LPath
A68N,0.9913,LPath
A68P,0.999,LPath
A68Q,0.9931,LPath
A68R,0.9983,LPath
A68S,0.2658,LBen
A68T,0.7802,LPath
A68V,0.8972,LPath
A68W,0.9992,LPath
A68Y,0.9973,LPath
I69A,0.8934,LPath
I69C,0.9301,LPath
I69D,0.9993,LPath
I69E,0.9972,LPath
I69F,0.8931,LPath
I69G,0.9881,LPath
I69H,0.9972,LPath
I69K,0.9974,LPath
I69L,0.4023,Amb
I69M,0.3889,Amb
I69N,0.9842,LPath
I69P,0.997,LPath
I69Q,0.9926,LPath
I69R,0.9956,LPath
I69S,0.9474,LPath
I69T,0.8619,LPath
I69V,0.1234,LBen
I69W,0.9968,LPath
I69Y,0.9928,LPath
K70A,0.6367,LPath
K70C,0.7061,LPath
K70D,0.9218,LPath
K70E,0.6678,LPath
K70F,0.921,LPath
K70G,0.645,LPath
K70H,0.4924,Amb
K70I,0.6025,LPath
K70L,0.5227,Amb
K70M,0.525,Amb
K70N,0.8268,LPath
K70P,0.6966,LPath
K70Q,0.2535,LBen
K70R,0.0919,LBen
K70S,0.7117,LPath
K70T,0.4512,Amb
K70V,0.4705,Amb
K70W,0.9002,LPath
K70Y,0.8444,LPath
Q71A,0.1842,LBen
Q71C,0.7437,LPath
Q71D,0.9332,LPath
Q71E,0.2671,LBen
Q71F,0.9127,LPath
Q71G,0.53,Amb
Q71H,0.7072,LPath
Q71I,0.7023,LPath
Q71K,0.8062,LPath
Q71L,0.4924,Amb
Q71M,0.5048,Amb
Q71N,0.5147,Amb
Q71P,0.0899,LBen
Q71R,0.7974,LPath
Q71S,0.3038,LBen
Q71T,0.4196,Amb
Q71V,0.4025,Amb
Q71W,0.9587,LPath
Q71Y,0.8745,LPath
I72A,0.8746,LPath
I72C,0.8622,LPath
I72D,0.9988,LPath
I72E,0.9971,LPath
I72F,0.8279,LPath
I72G,0.9788,LPath
I72H,0.9956,LPath
I72K,0.9973,LPath
I72L,0.4823,Amb
I72M,0.32,LBen
I72N,0.9691,LPath
I72P,0.9971,LPath
I72Q,0.9929,LPath
I72R,0.9956,LPath
I72S,0.9371,LPath
I72T,0.9042,LPath
I72V,0.1288,LBen
I72W,0.9969,LPath
I72Y,0.9884,LPath
I73A,0.5124,Amb
I73C,0.5637,Amb
I73D,0.9814,LPath
I73E,0.909,LPath
I73F,0.6196,LPath
I73G,0.7891,LPath
I73H,0.9038,LPath
I73K,0.8533,LPath
I73L,0.1489,LBen
I73M,0.1403,LBen
I73N,0.7302,LPath
I73P,0.9887,LPath
I73Q,0.7318,LPath
I73R,0.7961,LPath
I73S,0.526,Amb
I73T,0.2899,LBen
I73V,0.0856,LBen
I73W,0.9685,LPath
I73Y,0.916,LPath
K74A,0.4463,Amb
K74C,0.6254,LPath
K74D,0.7686,LPath
K74E,0.4893,Amb
K74F,0.8818,LPath
K74G,0.4958,Amb
K74H,0.3743,Amb
K74I,0.7115,LPath
K74L,0.4675,Amb
K74M,0.4793,Amb
K74N,0.6647,LPath
K74P,0.9745,LPath
K74Q,0.2087,LBen
K74R,0.0893,LBen
K74S,0.5693,LPath
K74T,0.4341,Amb
K74V,0.6081,LPath
K74W,0.8645,LPath
K74Y,0.7995,LPath
G75A,0.78,LPath
G75C,0.8624,LPath
G75D,0.9545,LPath
G75E,0.9318,LPath
G75F,0.9904,LPath
G75H,0.931,LPath
G75I,0.9933,LPath
G75K,0.8945,LPath
G75L,0.9745,LPath
G75M,0.9745,LPath
G75N,0.8794,LPath
G75P,0.9989,LPath
G75Q,0.8093,LPath
G75R,0.8767,LPath
G75S,0.6931,LPath
G75T,0.9311,LPath
G75V,0.9796,LPath
G75W,0.9861,LPath
G75Y,0.975,LPath
R76A,0.9631,LPath
R76C,0.7769,LPath
R76D,0.9796,LPath
R76E,0.9205,LPath
R76F,0.9658,LPath
R76G,0.897,LPath
R76H,0.4496,Amb
R76I,0.9555,LPath
R76K,0.3718,Amb
R76L,0.9131,LPath
R76M,0.9544,LPath
R76N,0.9441,LPath
R76P,0.9975,LPath
R76Q,0.5448,Amb
R76S,0.9634,LPath
R76T,0.9518,LPath
R76V,0.9485,LPath
R76W,0.8371,LPath
R76Y,0.9101,LPath
D77A,0.9974,LPath
D77C,0.9995,LPath
D77E,0.9973,LPath
D77F,0.9996,LPath
D77G,0.9957,LPath
D77H,0.9982,LPath
D77I,0.9998,LPath
D77K,0.9994,LPath
D77L,0.9995,LPath
D77M,0.9998,LPath
D77N,0.977,LPath
D77P,0.9994,LPath
D77Q,0.9993,LPath
D77R,0.9992,LPath
D77S,0.992,LPath
D77T,0.9987,LPath
D77V,0.9991,LPath
D77W,0.9999,LPath
D77Y,0.9969,LPath
V78A,0.8756,LPath
V78C,0.8697,LPath
V78D,0.9983,LPath
V78E,0.9966,LPath
V78F,0.9725,LPath
V78G,0.909,LPath
V78H,0.9988,LPath
V78I,0.1621,LBen
V78K,0.9981,LPath
V78L,0.7339,LPath
V78M,0.7987,LPath
V78N,0.9856,LPath
V78P,0.9992,LPath
V78Q,0.9954,LPath
V78R,0.9961,LPath
V78S,0.9393,LPath
V78T,0.6503,LPath
V78W,0.9996,LPath
V78Y,0.998,LPath
I79A,0.9772,LPath
I79C,0.9963,LPath
I79D,0.9998,LPath
I79E,0.9987,LPath
I79F,0.973,LPath
I79G,0.9987,LPath
I79H,0.9995,LPath
I79K,0.9988,LPath
I79L,0.7188,LPath
I79M,0.8307,LPath
I79N,0.9986,LPath
I79P,0.9991,LPath
I79Q,0.9986,LPath
I79R,0.9971,LPath
I79S,0.9945,LPath
I79T,0.9766,LPath
I79V,0.492,Amb
I79W,0.9984,LPath
I79Y,0.9975,LPath
A80C,0.7355,LPath
A80D,0.9995,LPath
A80E,0.9983,LPath
A80F,0.9665,LPath
A80G,0.5867,LPath
A80H,0.9983,LPath
A80I,0.8939,LPath
A80K,0.9996,LPath
A80L,0.7975,LPath
A80M,0.9182,LPath
A80N,0.9961,LPath
A80P,0.9983,LPath
A80Q,0.9901,LPath
A80R,0.9976,LPath
A80S,0.6414,LPath
A80T,0.8822,LPath
A80V,0.8082,LPath
A80W,0.9989,LPath
A80Y,0.9957,LPath
Q81A,0.8455,LPath
Q81C,0.9961,LPath
Q81D,0.9988,LPath
Q81E,0.904,LPath
Q81F,0.9974,LPath
Q81G,0.9148,LPath
Q81H,0.999,LPath
Q81I,0.9869,LPath
Q81K,0.9901,LPath
Q81L,0.9797,LPath
Q81M,0.9521,LPath
Q81N,0.9883,LPath
Q81P,0.9978,LPath
Q81R,0.9814,LPath
Q81S,0.88,LPath
Q81T,0.9342,LPath
Q81V,0.963,LPath
Q81W,0.9992,LPath
Q81Y,0.9991,LPath
S82A,0.1549,LBen
S82C,0.8296,LPath
S82D,0.9963,LPath
S82E,0.9945,LPath
S82F,0.9968,LPath
S82G,0.7143,LPath
S82H,0.9929,LPath
S82I,0.9982,LPath
S82K,0.9991,LPath
S82L,0.9846,LPath
S82M,0.9866,LPath
S82N,0.9914,LPath
S82P,0.9991,LPath
S82Q,0.9871,LPath
S82R,0.998,LPath
S82T,0.953,LPath
S82V,0.9938,LPath
S82W,0.9964,LPath
S82Y,0.9934,LPath
Q83A,0.7495,LPath
Q83C,0.9954,LPath
Q83D,0.9954,LPath
Q83E,0.8632,LPath
Q83F,0.9913,LPath
Q83G,0.8742,LPath
Q83H,0.9902,LPath
Q83I,0.979,LPath
Q83K,0.952,LPath
Q83L,0.9545,LPath
Q83M,0.9153,LPath
Q83N,0.963,LPath
Q83P,0.8481,LPath
Q83R,0.9427,LPath
Q83S,0.7964,LPath
Q83T,0.8413,LPath
Q83V,0.9359,LPath
Q83W,0.9958,LPath
Q83Y,0.9964,LPath
S84A,0.7626,LPath
S84C,0.9845,LPath
S84D,0.9956,LPath
S84E,0.9939,LPath
S84F,0.996,LPath
S84G,0.9448,LPath
S84H,0.9937,LPath
S84I,0.9926,LPath
S84K,0.999,LPath
S84L,0.9926,LPath
S84M,0.9865,LPath
S84N,0.9817,LPath
S84P,0.9876,LPath
S84Q,0.9915,LPath
S84R,0.9989,LPath
S84T,0.8971,LPath
S84V,0.9853,LPath
S84W,0.9928,LPath
S84Y,0.9923,LPath
G85A,0.9966,LPath
G85C,0.9992,LPath
G85D,0.9997,LPath
G85E,0.9998,LPath
G85F,0.9996,LPath
G85H,0.9999,LPath
G85I,0.9997,LPath
G85K,0.9998,LPath
G85L,0.9996,LPath
G85M,0.9998,LPath
G85N,0.9998,LPath
G85P,0.9998,LPath
G85Q,0.9998,LPath
G85R,0.9993,LPath
G85S,0.9966,LPath
G85T,0.9988,LPath
G85V,0.9991,LPath
G85W,0.9997,LPath
G85Y,0.9998,LPath
T86A,0.917,LPath
T86C,0.978,LPath
T86D,0.9902,LPath
T86E,0.983,LPath
T86F,0.9848,LPath
T86G,0.881,LPath
T86H,0.978,LPath
T86I,0.9949,LPath
T86K,0.9725,LPath
T86L,0.9644,LPath
T86M,0.9152,LPath
T86N,0.9573,LPath
T86P,0.9848,LPath
T86Q,0.9677,LPath
T86R,0.9644,LPath
T86S,0.8069,LPath
T86V,0.9647,LPath
T86W,0.994,LPath
T86Y,0.9904,LPath
G87A,0.9977,LPath
G87C,0.9989,LPath
G87D,0.9997,LPath
G87E,0.9997,LPath
G87F,0.9997,LPath
G87H,1.0,LPath
G87I,0.9997,LPath
G87K,0.9999,LPath
G87L,0.9993,LPath
G87M,0.9998,LPath
G87N,0.9998,LPath
G87P,0.9999,LPath
G87Q,0.9997,LPath
G87R,0.9995,LPath
G87S,0.9973,LPath
G87T,0.999,LPath
G87V,0.9992,LPath
G87W,0.9997,LPath
G87Y,0.9998,LPath
K88A,0.9997,LPath
K88C,1.0,LPath
K88D,0.9994,LPath
K88E,0.9986,LPath
K88F,1.0,LPath
K88G,0.9995,LPath
K88H,0.9993,LPath
K88I,0.9997,LPath
K88L,0.9998,LPath
K88M,0.9995,LPath
K88N,0.9995,LPath
K88P,0.9996,LPath
K88Q,0.9995,LPath
K88R,0.9639,LPath
K88S,0.9999,LPath
K88T,0.9983,LPath
K88V,0.9998,LPath
K88W,1.0,LPath
K88Y,0.9999,LPath
T89A,0.9797,LPath
T89C,0.9971,LPath
T89D,0.9937,LPath
T89E,0.9943,LPath
T89F,0.9937,LPath
T89G,0.9669,LPath
T89H,0.9887,LPath
T89I,0.9969,LPath
T89K,0.9903,LPath
T89L,0.9889,LPath
T89M,0.9725,LPath
T89N,0.9834,LPath
T89P,0.9853,LPath
T89Q,0.9893,LPath
T89R,0.9884,LPath
T89S,0.8577,LPath
T89V,0.9882,LPath
T89W,0.9968,LPath
T89Y,0.9953,LPath
A90C,0.8053,LPath
A90D,0.9981,LPath
A90E,0.9966,LPath
A90F,0.9315,LPath
A90G,0.3462,Amb
A90H,0.9919,LPath
A90I,0.9623,LPath
A90K,0.9985,LPath
A90L,0.809,LPath
A90M,0.8998,LPath
A90N,0.979,LPath
A90P,0.9939,LPath
A90Q,0.976,LPath
A90R,0.9926,LPath
A90S,0.4005,Amb
A90T,0.8123,LPath
A90V,0.8846,LPath
A90W,0.9949,LPath
A90Y,0.9863,LPath
T91A,0.2981,LBen
T91C,0.5681,LPath
T91D,0.9969,LPath
T91E,0.9968,LPath
T91F,0.9823,LPath
T91G,0.8015,LPath
T91H,0.9917,LPath
T91I,0.888,LPath
T91K,0.9971,LPath
T91L,0.6769,LPath
T91M,0.6095,LPath
T91N,0.9451,LPath
T91P,0.9546,LPath
T91Q,0.986,LPath
T91R,0.9925,LPath
T91S,0.5828,LPath
T91V,0.5116,Amb
T91W,0.9989,LPath
T91Y,0.9955,LPath
F92A,0.9648,LPath
F92C,0.8544,LPath
F92D,0.999,LPath
F92E,0.9987,LPath
F92G,0.9908,LPath
F92H,0.9868,LPath
F92I,0.7562,LPath
F92K,0.9984,LPath
F92L,0.9706,LPath
F92M,0.884,LPath
F92N,0.9919,LPath
F92P,0.9993,LPath
F92Q,0.996,LPath
F92R,0.9959,LPath
F92S,0.9796,LPath
F92T,0.9738,LPath
F92V,0.7394,LPath
F92W,0.9197,LPath
F92Y,0.6329,LPath
S93A,0.0862,LBen
S93C,0.0763,LBen
S93D,0.9713,LPath
S93E,0.977,LPath
S93F,0.8667,LPath
S93G,0.1344,LBen
S93H,0.9568,LPath
S93I,0.5133,Amb
S93K,0.9972,LPath
S93L,0.3923,Amb
S93M,0.4747,Amb
S93N,0.6981,LPath
S93P,0.9725,LPath
S93Q,0.948,LPath
S93R,0.994,LPath
S93T,0.1506,LBen
S93V,0.3744,Amb
S93W,0.9658,LPath
S93Y,0.9121,LPath
I94A,0.8667,LPath
I94C,0.8947,LPath
I94D,0.999,LPath
I94E,0.9973,LPath
I94F,0.8733,LPath
I94G,0.9858,LPath
I94H,0.9972,LPath
I94K,0.998,LPath
I94L,0.2968,LBen
I94M,0.4383,Amb
I94N,0.9833,LPath
I94P,0.9958,LPath
I94Q,0.9954,LPath
I94R,0.9968,LPath
I94S,0.9364,LPath
I94T,0.8507,LPath
I94V,0.1062,LBen
I94W,0.998,LPath
I94Y,0.9908,LPath
S95A,0.085,LBen
S95C,0.3917,Amb
S95D,0.9969,LPath
S95E,0.9977,LPath
S95F,0.9911,LPath
S95G,0.0958,LBen
S95H,0.9945,LPath
S95I,0.9779,LPath
S95K,0.9997,LPath
S95L,0.9293,LPath
S95M,0.9567,LPath
S95N,0.9649,LPath
S95P,0.9042,LPath
S95Q,0.9925,LPath
S95R,0.9989,LPath
S95T,0.6144,LPath
S95V,0.9307,LPath
S95W,0.9976,LPath
S95Y,0.9945,LPath
V96A,0.5632,Amb
V96C,0.8032,LPath
V96D,0.9958,LPath
V96E,0.9914,LPath
V96F,0.8981,LPath
V96G,0.8562,LPath
V96H,0.9965,LPath
V96I,0.0956,LBen
V96K,0.9965,LPath
V96L,0.4917,Amb
V96M,0.4695,Amb
V96N,0.969,LPath
V96P,0.9938,LPath
V96Q,0.9853,LPath
V96R,0.9941,LPath
V96S,0.7611,LPath
V96T,0.4774,Amb
V96W,0.9989,LPath
V96Y,0.9944,LPath
L97A,0.9601,LPath
L97C,0.9078,LPath
L97D,0.9997,LPath
L97E,0.9982,LPath
L97F,0.9479,LPath
L97G,0.9905,LPath
L97H,0.997,LPath
L97I,0.6981,LPath
L97K,0.9979,LPath
L97M,0.6153,LPath
L97N,0.9961,LPath
L97P,0.9971,LPath
L97Q,0.9931,LPath
L97R,0.9958,LPath
L97S,0.9931,LPath
L97T,0.9785,LPath
L97V,0.761,LPath
L97W,0.9957,LPath
L97Y,0.9952,LPath
Q98A,0.7377,LPath
Q98C,0.9563,LPath
Q98D,0.9092,LPath
Q98E,0.3215,LBen
Q98F,0.9893,LPath
Q98G,0.7268,LPath
Q98H,0.7911,LPath
Q98I,0.9894,LPath
Q98K,0.9762,LPath
Q98L,0.9421,LPath
Q98M,0.8838,LPath
Q98N,0.5432,Amb
Q98P,0.9886,LPath
Q98R,0.9602,LPath
Q98S,0.3726,Amb
Q98T,0.8659,LPath
Q98V,0.9645,LPath
Q98W,0.9931,LPath
Q98Y,0.9824,LPath
C99A,0.2878,LBen
C99D,0.8235,LPath
C99E,0.8202,LPath
C99F,0.4038,Amb
C99G,0.1892,LBen
C99H,0.5432,Amb
C99I,0.4682,Amb
C99K,0.7746,LPath
C99L,0.3703,Amb
C99M,0.4281,Amb
C99N,0.3169,LBen
C99P,0.9938,LPath
C99Q,0.4716,Amb
C99R,0.5093,Amb
C99S,0.1926,LBen
C99T,0.2779,LBen
C99V,0.294,LBen
C99W,0.7886,LPath
C99Y,0.5309,Amb
L100A,0.7841,LPath
L100C,0.7666,LPath
L100D,0.9985,LPath
L100E,0.9886,LPath
L100F,0.9308,LPath
L100G,0.9772,LPath
L100H,0.9897,LPath
L100I,0.1267,LBen
L100K,0.9905,LPath
L100M,0.2829,LBen
L100N,0.982,LPath
L100P,0.9916,LPath
L100Q,0.9596,LPath
L100R,0.9821,LPath
L100S,0.9437,LPath
L100T,0.6342,LPath
L100V,0.1496,LBen
L100W,0.9928,LPath
L100Y,0.9943,LPath
D101A,0.85,LPath
D101C,0.9598,LPath
D101E,0.5463,Amb
D101F,0.9884,LPath
D101G,0.901,LPath
D101H,0.8975,LPath
D101I,0.9569,LPath
D101K,0.9549,LPath
D101L,0.9463,LPath
D101M,0.9825,LPath
D101N,0.3919,Amb
D101P,0.9845,LPath
D101Q,0.8875,LPath
D101R,0.9469,LPath
D101S,0.6911,LPath
D101T,0.9158,LPath
D101V,0.8807,LPath
D101W,0.9968,LPath
D101Y,0.9168,LPath
I102A,0.2737,LBen
I102C,0.5152,Amb
I102D,0.8267,LPath
I102E,0.7424,LPath
I102F,0.2257,LBen
I102G,0.5041,Amb
I102H,0.6588,LPath
I102K,0.7359,LPath
I102L,0.0959,LBen
I102M,0.1084,LBen
I102N,0.348,Amb
I102P,0.332,LBen
I102Q,0.5869,LPath
I102R,0.6847,LPath
I102S,0.254,LBen
I102T,0.1263,LBen
I102V,0.0732,LBen
I102W,0.8324,LPath
I102Y,0.633,LPath
Q103A,0.117,LBen
Q103C,0.6456,LPath
Q103D,0.3982,Amb
Q103E,0.1528,LBen
Q103F,0.7459,LPath
Q103G,0.1353,LBen
Q103H,0.2308,LBen
Q103I,0.5453,Amb
Q103K,0.3,LBen
Q103L,0.1907,LBen
Q103M,0.3363,LBen
Q103N,0.1378,LBen
Q103P,0.4176,Amb
Q103R,0.3082,LBen
Q103S,0.0877,LBen
Q103T,0.0989,LBen
Q103V,0.3325,LBen
Q103W,0.8481,LPath
Q103Y,0.6285,LPath
V104A,0.2235,LBen
V104C,0.5681,LPath
V104D,0.6562,LPath
V104E,0.4951,Amb
V104F,0.2979,LBen
V104G,0.2482,LBen
V104H,0.6002,LPath
V104I,0.0802,LBen
V104K,0.5953,LPath
V104L,0.1498,LBen
V104M,0.1547,LBen
V104N,0.2345,LBen
V104P,0.9077,LPath
V104Q,0.3252,LBen
V104R,0.5892,LPath
V104S,0.2003,LBen
V104T,0.184,LBen
V104W,0.8955,LPath
V104Y,0.6493,LPath
R105A,0.9138,LPath
R105C,0.8321,LPath
R105D,0.9519,LPath
R105E,0.8772,LPath
R105F,0.9634,LPath
R105G,0.816,LPath
R105H,0.6274,LPath
R105I,0.9451,LPath
R105K,0.4256,Amb
R105L,0.8463,LPath
R105M,0.9316,LPath
R105N,0.926,LPath
R105P,0.8718,LPath
R105Q,0.5935,LPath
R105S,0.933,LPath
R105T,0.8938,LPath
R105V,0.9246,LPath
R105W,0.8335,LPath
R105Y,0.918,LPath
E106A,0.7809,LPath
E106C,0.9706,LPath
E106D,0.414,Amb
E106F,0.988,LPath
E106G,0.7247,LPath
E106H,0.9507,LPath
E106I,0.9718,LPath
E106K,0.9139,LPath
E106L,0.9724,LPath
E106M,0.9708,LPath
E106N,0.8521,LPath
E106P,0.9958,LPath
E106Q,0.6753,LPath
E106R,0.9078,LPath
E106S,0.7802,LPath
E106T,0.8839,LPath
E106V,0.914,LPath
E106W,0.9957,LPath
E106Y,0.9752,LPath
T107A,0.3177,LBen
T107C,0.3489,Amb
T107D,0.991,LPath
T107E,0.9887,LPath
T107F,0.987,LPath
T107G,0.7584,LPath
T107H,0.9813,LPath
T107I,0.7548,LPath
T107K,0.9901,LPath
T107L,0.6425,LPath
T107M,0.6161,LPath
T107N,0.7825,LPath
T107P,0.2783,LBen
T107Q,0.9679,LPath
T107R,0.985,LPath
T107S,0.4505,Amb
T107V,0.3905,Amb
T107W,0.9984,LPath
T107Y,0.9929,LPath
Q108A,0.8504,LPath
Q108C,0.9952,LPath
Q108D,0.9945,LPath
Q108E,0.7602,LPath
Q108F,0.9981,LPath
Q108G,0.8555,LPath
Q108H,0.9923,LPath
Q108I,0.9899,LPath
Q108K,0.9668,LPath
Q108L,0.9734,LPath
Q108M,0.9315,LPath
Q108N,0.9564,LPath
Q108P,0.9929,LPath
Q108R,0.9685,LPath
Q108S,0.8255,LPath
Q108T,0.9128,LPath
Q108V,0.9661,LPath
Q108W,0.9993,LPath
Q108Y,0.9988,LPath
A109C,0.4742,Amb
A109D,0.9977,LPath
A109E,0.9967,LPath
A109F,0.953,LPath
A109G,0.3081,LBen
A109H,0.9936,LPath
A109I,0.6944,LPath
A109K,0.9988,LPath
A109L,0.7892,LPath
A109M,0.8327,LPath
A109N,0.9787,LPath
A109P,0.9966,LPath
A109Q,0.9868,LPath
A109R,0.9955,LPath
A109S,0.2527,LBen
A109T,0.4521,Amb
A109V,0.3227,LBen
A109W,0.9981,LPath
A109Y,0.9892,LPath
L110A,0.9746,LPath
L110C,0.9509,LPath
L110D,0.9998,LPath
L110E,0.9991,LPath
L110F,0.9379,LPath
L110G,0.9972,LPath
L110H,0.9984,LPath
L110I,0.2925,LBen
L110K,0.9985,LPath
L110M,0.5121,Amb
L110N,0.9987,LPath
L110P,0.9988,LPath
L110Q,0.9972,LPath
L110R,0.9973,LPath
L110S,0.9978,LPath
L110T,0.9878,LPath
L110V,0.3568,Amb
L110W,0.9967,LPath
L110Y,0.9961,LPath
I111A,0.9609,LPath
I111C,0.8687,LPath
I111D,0.9995,LPath
I111E,0.9985,LPath
I111F,0.8416,LPath
I111G,0.9958,LPath
I111H,0.9973,LPath
I111K,0.9986,LPath
I111L,0.3973,Amb
I111M,0.5614,Amb
I111N,0.992,LPath
I111P,0.9978,LPath
I111Q,0.9971,LPath
I111R,0.9973,LPath
I111S,0.98,LPath
I111T,0.9661,LPath
I111V,0.1147,LBen
I111W,0.9975,LPath
I111Y,0.9902,LPath
L112A,0.9648,LPath
L112C,0.9121,LPath
L112D,0.9998,LPath
L112E,0.9985,LPath
L112F,0.9205,LPath
L112G,0.9961,LPath
L112H,0.9981,LPath
L112I,0.3605,Amb
L112K,0.9983,LPath
L112M,0.3805,Amb
L112N,0.9984,LPath
L112P,0.9984,LPath
L112Q,0.9946,LPath
L112R,0.9973,LPath
L112S,0.9948,LPath
L112T,0.9727,LPath
L112V,0.3538,Amb
L112W,0.9962,LPath
L112Y,0.9966,LPath
A113C,0.6177,LPath
A113D,0.9971,LPath
A113E,0.9925,LPath
A113F,0.9861,LPath
A113G,0.5854,LPath
A113H,0.9921,LPath
A113I,0.94,LPath
A113K,0.9988,LPath
A113L,0.8439,LPath
A113M,0.9439,LPath
A113N,0.9762,LPath
A113P,0.9881,LPath
A113Q,0.9791,LPath
A113R,0.9944,LPath
A113S,0.2047,LBen
A113T,0.609,LPath
A113V,0.7119,LPath
A113W,0.9991,LPath
A113Y,0.9949,LPath
P114A,0.9454,LPath
P114C,0.9935,LPath
P114D,0.9965,LPath
P114E,0.9963,LPath
P114F,0.9994,LPath
P114G,0.9813,LPath
P114H,0.9827,LPath
P114I,0.9988,LPath
P114K,0.9986,LPath
P114L,0.9914,LPath
P114M,0.9981,LPath
P114N,0.9895,LPath
P114Q,0.9944,LPath
P114R,0.9952,LPath
P114S,0.9663,LPath
P114T,0.9833,LPath
P114V,0.9943,LPath
P114W,0.9995,LPath
P114Y,0.999,LPath
T115A,0.8818,LPath
T115C,0.981,LPath
T115D,0.9929,LPath
T115E,0.9883,LPath
T115F,0.9929,LPath
T115G,0.9107,LPath
T115H,0.9879,LPath
T115I,0.992,LPath
T115K,0.9892,LPath
T115L,0.9628,LPath
T115M,0.9615,LPath
T115N,0.9535,LPath
T115P,0.9451,LPath
T115Q,0.9776,LPath
T115R,0.9826,LPath
T115S,0.8033,LPath
T115V,0.9469,LPath
T115W,0.9981,LPath
T115Y,0.9955,LPath
R116A,0.996,LPath
R116C,0.9876,LPath
R116D,0.9982,LPath
R116E,0.9896,LPath
R116F,0.9975,LPath
R116G,0.9877,LPath
R116H,0.9449,LPath
R116I,0.9983,LPath
R116K,0.9228,LPath
R116L,0.9927,LPath
R116M,0.9983,LPath
R116N,0.9979,LPath
R116P,0.9962,LPath
R116Q,0.9605,LPath
R116S,0.9966,LPath
R116T,0.9972,LPath
R116V,0.9969,LPath
R116W,0.9681,LPath
R116Y,0.9916,LPath
E117A,0.9868,LPath
E117C,0.9961,LPath
E117D,0.97,LPath
E117F,0.999,LPath
E117G,0.983,LPath
E117H,0.9979,LPath
E117I,0.9969,LPath
E117K,0.9969,LPath
E117L,0.9978,LPath
E117M,0.998,LPath
E117N,0.9965,LPath
E117P,0.996,LPath
E117Q,0.9825,LPath
E117R,0.9929,LPath
E117S,0.9899,LPath
E117T,0.9962,LPath
E117V,0.9927,LPath
E117W,0.9995,LPath
E117Y,0.9983,LPath
L118A,0.9688,LPath
L118C,0.9946,LPath
L118D,0.999,LPath
L118E,0.9932,LPath
L118F,0.9956,LPath
L118G,0.9823,LPath
L118H,0.9977,LPath
L118I,0.8969,LPath
L118K,0.9894,LPath
L118M,0.9059,LPath
L118N,0.986,LPath
L118P,0.9988,LPath
L118Q,0.9965,LPath
L118R,0.9893,LPath
L118S,0.9963,LPath
L118T,0.9794,LPath
L118V,0.9363,LPath
L118W,0.9979,LPath
L118Y,0.9971,LPath
A119C,0.7653,LPath
A119D,0.9978,LPath
A119E,0.9968,LPath
A119F,0.9963,LPath
A119G,0.6341,LPath
A119H,0.9975,LPath
A119I,0.9708,LPath
A119K,0.9994,LPath
A119L,0.9415,LPath
A119M,0.9719,LPath
A119N,0.9866,LPath
A119P,0.9959,LPath
A119Q,0.99,LPath
A119R,0.9961,LPath
A119S,0.3066,LBen
A119T,0.7876,LPath
A119V,0.8093,LPath
A119W,0.9996,LPath
A119Y,0.9983,LPath
V120A,0.2085,LBen
V120C,0.5789,LPath
V120D,0.7491,LPath
V120E,0.5815,LPath
V120F,0.2341,LBen
V120G,0.1271,LBen
V120H,0.6988,LPath
V120I,0.087,LBen
V120K,0.772,LPath
V120L,0.152,LBen
V120M,0.1402,LBen
V120N,0.2675,LBen
V120P,0.9708,LPath
V120Q,0.3636,Amb
V120R,0.7297,LPath
V120S,0.1715,LBen
V120T,0.1557,LBen
V120W,0.8742,LPath
V120Y,0.6528,LPath
Q121A,0.7886,LPath
Q121C,0.9962,LPath
Q121D,0.9797,LPath
Q121E,0.8093,LPath
Q121F,0.9896,LPath
Q121G,0.7688,LPath
Q121H,0.9935,LPath
Q121I,0.9778,LPath
Q121K,0.9768,LPath
Q121L,0.9342,LPath
Q121M,0.8754,LPath
Q121N,0.9226,LPath
Q121P,0.9792,LPath
Q121R,0.9839,LPath
Q121S,0.7064,LPath
Q121T,0.878,LPath
Q121V,0.9591,LPath
Q121W,0.9969,LPath
Q121Y,0.9953,LPath
I122A,0.8982,LPath
I122C,0.9446,LPath
I122D,0.9935,LPath
I122E,0.9853,LPath
I122F,0.9407,LPath
I122G,0.9737,LPath
I122H,0.9911,LPath
I122K,0.992,LPath
I122L,0.6576,LPath
I122M,0.509,Amb
I122N,0.878,LPath
I122P,0.9968,LPath
I122Q,0.9827,LPath
I122R,0.9903,LPath
I122S,0.8252,LPath
I122T,0.6285,LPath
I122V,0.2836,LBen
I122W,0.9966,LPath
I122Y,0.9876,LPath
Q123A,0.5786,LPath
Q123C,0.8538,LPath
Q123D,0.9718,LPath
Q123E,0.3473,Amb
Q123F,0.9536,LPath
Q123G,0.5912,LPath
Q123H,0.7409,LPath
Q123I,0.945,LPath
Q123K,0.6559,LPath
Q123L,0.7142,LPath
Q123M,0.799,LPath
Q123N,0.8047,LPath
Q123P,0.9788,LPath
Q123R,0.5349,Amb
Q123S,0.4966,Amb
Q123T,0.6774,LPath
Q123V,0.8079,LPath
Q123W,0.9676,LPath
Q123Y,0.9133,LPath
K124A,0.6776,LPath
K124C,0.8551,LPath
K124D,0.8,LPath
K124E,0.6215,LPath
K124F,0.9419,LPath
K124G,0.6035,LPath
K124H,0.5453,Amb
K124I,0.8809,LPath
K124L,0.7474,LPath
K124M,0.72,LPath
K124N,0.7656,LPath
K124P,0.9713,LPath
K124Q,0.3277,LBen
K124R,0.1114,LBen
K124S,0.7472,LPath
K124T,0.6151,LPath
K124V,0.7823,LPath
K124W,0.9094,LPath
K124Y,0.8601,LPath
G125A,0.2327,LBen
G125C,0.2917,LBen
G125D,0.8114,LPath
G125E,0.7309,LPath
G125F,0.8216,LPath
G125H,0.8814,LPath
G125I,0.3322,LBen
G125K,0.9628,LPath
G125L,0.7075,LPath
G125M,0.592,LPath
G125N,0.4781,Amb
G125P,0.9875,LPath
G125Q,0.7438,LPath
G125R,0.9359,LPath
G125S,0.194,LBen
G125T,0.1799,LBen
G125V,0.1469,LBen
G125W,0.9196,LPath
G125Y,0.8397,LPath
L126A,0.8273,LPath
L126C,0.7367,LPath
L126D,0.9968,LPath
L126E,0.9871,LPath
L126F,0.5697,LPath
L126G,0.966,LPath
L126H,0.9737,LPath
L126I,0.1181,LBen
L126K,0.9907,LPath
L126M,0.1896,LBen
L126N,0.9617,LPath
L126P,0.9935,LPath
L126Q,0.9573,LPath
L126R,0.9865,LPath
L126S,0.9352,LPath
L126T,0.7587,LPath
L126V,0.138,LBen
L126W,0.9609,LPath
L126Y,0.9604,LPath
L127A,0.5085,Amb
L127C,0.6916,LPath
L127D,0.9544,LPath
L127E,0.7954,LPath
L127F,0.5291,Amb
L127G,0.7357,LPath
L127H,0.6837,LPath
L127I,0.2621,LBen
L127K,0.7053,LPath
L127M,0.1729,LBen
L127N,0.6849,LPath
L127P,0.9806,LPath
L127Q,0.4339,Amb
L127R,0.628,LPath
L127S,0.6465,LPath
L127T,0.48,Amb
L127V,0.2326,LBen
L127W,0.7921,LPath
L127Y,0.7873,LPath
A128C,0.7016,LPath
A128D,0.9462,LPath
A128E,0.9203,LPath
A128F,0.7823,LPath
A128G,0.3606,Amb
A128H,0.843,LPath
A128I,0.8777,LPath
A128K,0.9652,LPath
A128L,0.6068,LPath
A128M,0.7567,LPath
A128N,0.7744,LPath
A128P,0.9739,LPath
A128Q,0.7599,LPath
A128R,0.9025,LPath
A128S,0.1996,LBen
A128T,0.581,LPath
A128V,0.6969,LPath
A128W,0.9623,LPath
A128Y,0.8733,LPath
L129A,0.9264,LPath
L129C,0.9473,LPath
L129D,0.9987,LPath
L129E,0.9937,LPath
L129F,0.7225,LPath
L129G,0.991,LPath
L129H,0.9874,LPath
L129I,0.2337,LBen
L129K,0.9898,LPath
L129M,0.373,Amb
L129N,0.9906,LPath
L129P,0.9925,LPath
L129Q,0.978,LPath
L129R,0.9843,LPath
L129S,0.9856,LPath
L129T,0.9146,LPath
L129V,0.3559,Amb
L129W,0.9611,LPath
L129Y,0.9729,LPath
G130A,0.7136,LPath
G130C,0.9764,LPath
G130D,0.9976,LPath
G130E,0.9977,LPath
G130F,0.9991,LPath
G130H,0.9992,LPath
G130I,0.9986,LPath
G130K,0.9991,LPath
G130L,0.997,LPath
G130M,0.9979,LPath
G130N,0.9974,LPath
G130P,0.9997,LPath
G130Q,0.9962,LPath
G130R,0.9969,LPath
G130S,0.7995,LPath
G130T,0.9764,LPath
G130V,0.9945,LPath
G130W,0.9989,LPath
G130Y,0.9993,LPath
D131A,0.8596,LPath
D131C,0.9828,LPath
D131E,0.7676,LPath
D131F,0.971,LPath
D131G,0.8304,LPath
D131H,0.9215,LPath
D131I,0.9661,LPath
D131K,0.9537,LPath
D131L,0.952,LPath
D131M,0.9805,LPath
D131N,0.667,LPath
D131P,0.992,LPath
D131Q,0.916,LPath
D131R,0.9319,LPath
D131S,0.7572,LPath
D131T,0.9056,LPath
D131V,0.918,LPath
D131W,0.9916,LPath
D131Y,0.8493,LPath
Y132A,0.9318,LPath
Y132C,0.643,LPath
Y132D,0.9444,LPath
Y132E,0.9831,LPath
Y132F,0.1303,LBen
Y132G,0.8652,LPath
Y132H,0.759,LPath
Y132I,0.9461,LPath
Y132K,0.9813,LPath
Y132L,0.9007,LPath
Y132M,0.9408,LPath
Y132N,0.8293,LPath
Y132P,0.9903,LPath
Y132Q,0.9683,LPath
Y132R,0.9445,LPath
Y132S,0.7924,LPath
Y132T,0.9298,LPath
Y132V,0.8708,LPath
Y132W,0.7838,LPath
M133A,0.8799,LPath
M133C,0.8368,LPath
M133D,0.9947,LPath
M133E,0.9648,LPath
M133F,0.865,LPath
M133G,0.9416,LPath
M133H,0.9757,LPath
M133I,0.9038,LPath
M133K,0.8921,LPath
M133L,0.1857,LBen
M133N,0.9588,LPath
M133P,0.9961,LPath
M133Q,0.7907,LPath
M133R,0.9005,LPath
M133S,0.8937,LPath
M133T,0.7733,LPath
M133V,0.4247,Amb
M133W,0.9811,LPath
M133Y,0.9758,LPath
N134A,0.2808,LBen
N134C,0.4084,Amb
N134D,0.4429,Amb
N134E,0.7574,LPath
N134F,0.8591,LPath
N134G,0.218,LBen
N134H,0.2871,LBen
N134I,0.7365,LPath
N134K,0.7665,LPath
N134L,0.564,Amb
N134M,0.5639,Amb
N134P,0.838,LPath
N134Q,0.5108,Amb
N134R,0.778,LPath
N134S,0.0953,LBen
N134T,0.2799,LBen
N134V,0.5869,LPath
N134W,0.9474,LPath
N134Y,0.574,LPath
V135A,0.7733,LPath
V135C,0.8564,LPath
V135D,0.9973,LPath
V135E,0.9939,LPath
V135F,0.9007,LPath
V135G,0.8997,LPath
V135H,0.9975,LPath
V135I,0.1139,LBen
V135K,0.9961,LPath
V135L,0.6703,LPath
V135M,0.7686,LPath
V135N,0.9867,LPath
V135P,0.9823,LPath
V135Q,0.9912,LPath
V135R,0.9915,LPath
V135S,0.9325,LPath
V135T,0.8339,LPath
V135W,0.9983,LPath
V135Y,0.9915,LPath
Q136A,0.2673,LBen
Q136C,0.8026,LPath
Q136D,0.8827,LPath
Q136E,0.4153,Amb
Q136F,0.8442,LPath
Q136G,0.4688,Amb
Q136H,0.5593,Amb
Q136I,0.6423,LPath
Q136K,0.6384,LPath
Q136L,0.3656,Amb
Q136M,0.48,Amb
Q136N,0.4849,Amb
Q136P,0.8693,LPath
Q136R,0.5697,LPath
Q136S,0.2363,LBen
Q136T,0.3161,LBen
Q136V,0.4603,Amb
Q136W,0.9388,LPath
Q136Y,0.8365,LPath
C137A,0.6328,LPath
C137D,0.9966,LPath
C137E,0.9982,LPath
C137F,0.9255,LPath
C137G,0.6319,LPath
C137H,0.9938,LPath
C137I,0.773,LPath
C137K,0.9992,LPath
C137L,0.8964,LPath
C137M,0.928,LPath
C137N,0.9616,LPath
C137P,0.9881,LPath
C137Q,0.9951,LPath
C137R,0.9952,LPath
C137S,0.6158,LPath
C137T,0.6797,LPath
C137V,0.4841,Amb
C137W,0.9924,LPath
C137Y,0.9812,LPath
H138A,0.9142,LPath
H138C,0.5123,Amb
H138D,0.9804,LPath
H138E,0.9662,LPath
H138F,0.6049,LPath
H138G,0.9419,LPath
H138I,0.8963,LPath
H138K,0.95,LPath
H138L,0.6232,LPath
H138M,0.8995,LPath
H138N,0.8467,LPath
H138P,0.9649,LPath
H138Q,0.8828,LPath
H138R,0.8331,LPath
H138S,0.8871,LPath
H138T,0.9445,LPath
H138V,0.8732,LPath
H138W,0.7226,LPath
H138Y,0.4725,Amb
A139C,0.4171,Amb
A139D,0.9753,LPath
A139E,0.9518,LPath
A139F,0.8593,LPath
A139G,0.348,Amb
A139H,0.9209,LPath
A139I,0.6704,LPath
A139K,0.9766,LPath
A139L,0.5361,Amb
A139M,0.6856,LPath
A139N,0.8018,LPath
A139P,0.75,LPath
A139Q,0.851,LPath
A139R,0.9459,LPath
A139S,0.1398,LBen
A139T,0.209,LBen
A139V,0.3714,Amb
A139W,0.9771,LPath
A139Y,0.9244,LPath
C140A,0.8556,LPath
C140D,0.9993,LPath
C140E,0.9997,LPath
C140F,0.962,LPath
C140G,0.9244,LPath
C140H,0.9984,LPath
C140I,0.9577,LPath
C140K,0.9999,LPath
C140L,0.8878,LPath
C140M,0.952,LPath
C140N,0.9931,LPath
C140P,0.9989,LPath
C140Q,0.9986,LPath
C140R,0.9985,LPath
C140S,0.8933,LPath
C140T,0.9529,LPath
C140V,0.8379,LPath
C140W,0.9977,LPath
C140Y,0.9955,LPath
I141A,0.7629,LPath
I141C,0.8892,LPath
I141D,0.9956,LPath
I141E,0.9822,LPath
I141F,0.4898,Amb
I141G,0.9584,LPath
I141H,0.966,LPath
I141K,0.9729,LPath
I141L,0.4339,Amb
I141M,0.343,Amb
I141N,0.9476,LPath
I141P,0.9748,LPath
I141Q,0.9597,LPath
I141R,0.9437,LPath
I141S,0.8101,LPath
I141T,0.35,Amb
I141V,0.0937,LBen
I141W,0.9501,LPath
I141Y,0.8767,LPath
G142A,0.9819,LPath
G142C,0.9969,LPath
G142D,0.999,LPath
G142E,0.9991,LPath
G142F,0.9987,LPath
G142H,0.9997,LPath
G142I,0.9982,LPath
G142K,0.9994,LPath
G142L,0.9986,LPath
G142M,0.9995,LPath
G142N,0.9994,LPath
G142P,0.9988,LPath
G142Q,0.9993,LPath
G142R,0.998,LPath
G142S,0.9855,LPath
G142T,0.9945,LPath
G142V,0.9967,LPath
G142W,0.9972,LPath
G142Y,0.9991,LPath
G143A,0.9703,LPath
G143C,0.992,LPath
G143D,0.9962,LPath
G143E,0.9965,LPath
G143F,0.9966,LPath
G143H,0.9985,LPath
G143I,0.996,LPath
G143K,0.996,LPath
G143L,0.9963,LPath
G143M,0.9969,LPath
G143N,0.9935,LPath
G143P,0.9994,LPath
G143Q,0.9955,LPath
G143R,0.994,LPath
G143S,0.9625,LPath
G143T,0.9892,LPath
G143V,0.9939,LPath
G143W,0.9966,LPath
G143Y,0.9972,LPath
T144A,0.3681,Amb
T144C,0.7554,LPath
T144D,0.9168,LPath
T144E,0.8454,LPath
T144F,0.8633,LPath
T144G,0.4237,Amb
T144H,0.7266,LPath
T144I,0.7792,LPath
T144K,0.6226,LPath
T144L,0.5272,Amb
T144M,0.4227,Amb
T144N,0.5011,Amb
T144P,0.8851,LPath
T144Q,0.5584,Amb
T144R,0.5961,LPath
T144S,0.3249,LBen
T144V,0.5586,Amb
T144W,0.9449,LPath
T144Y,0.8629,LPath
N145A,0.2515,LBen
N145C,0.3731,Amb
N145D,0.5873,LPath
N145E,0.8694,LPath
N145F,0.7977,LPath
N145G,0.3463,Amb
N145H,0.2839,LBen
N145I,0.5446,Amb
N145K,0.8412,LPath
N145L,0.3862,Amb
N145M,0.5351,Amb
N145P,0.5398,Amb
N145Q,0.6178,LPath
N145R,0.7695,LPath
N145S,0.0815,LBen
N145T,0.2696,LBen
N145V,0.3586,Amb
N145W,0.9311,LPath
N145Y,0.5269,Amb
V146A,0.7535,LPath
V146C,0.9455,LPath
V146D,0.9903,LPath
V146E,0.9715,LPath
V146F,0.7816,LPath
V146G,0.8413,LPath
V146H,0.9851,LPath
V146I,0.1246,LBen
V146K,0.9713,LPath
V146L,0.553,Amb
V146M,0.5683,LPath
V146N,0.9502,LPath
V146P,0.9163,LPath
V146Q,0.9419,LPath
V146R,0.9462,LPath
V146S,0.8781,LPath
V146T,0.6365,LPath
V146W,0.9896,LPath
V146Y,0.968,LPath
G147A,0.4584,Amb
G147C,0.8527,LPath
G147D,0.9512,LPath
G147E,0.9383,LPath
G147F,0.9494,LPath
G147H,0.9545,LPath
G147I,0.9116,LPath
G147K,0.9688,LPath
G147L,0.9042,LPath
G147M,0.9167,LPath
G147N,0.8511,LPath
G147P,0.974,LPath
G147Q,0.8924,LPath
G147R,0.9144,LPath
G147S,0.4433,Amb
G147T,0.7009,LPath
G147V,0.8248,LPath
G147W,0.9369,LPath
G147Y,0.9425,LPath
E148A,0.6672,LPath
E148C,0.9781,LPath
E148D,0.26,LBen
E148F,0.9779,LPath
E148G,0.7185,LPath
E148H,0.9352,LPath
E148I,0.8918,LPath
E148K,0.8292,LPath
E148L,0.8926,LPath
E148M,0.9087,LPath
E148N,0.7277,LPath
E148P,0.9792,LPath
E148Q,0.6476,LPath
E148R,0.8635,LPath
E148S,0.7025,LPath
E148T,0.7633,LPath
E148V,0.767,LPath
E148W,0.9902,LPath
E148Y,0.9601,LPath
D149A,0.9748,LPath
D149C,0.9923,LPath
D149E,0.9568,LPath
D149F,0.9985,LPath
D149G,0.9721,LPath
D149H,0.9956,LPath
D149I,0.9964,LPath
D149K,0.9978,LPath
D149L,0.9966,LPath
D149M,0.9978,LPath
D149N,0.9393,LPath
D149P,0.9995,LPath
D149Q,0.9947,LPath
D149R,0.998,LPath
D149S,0.9618,LPath
D149T,0.9866,LPath
D149V,0.9856,LPath
D149W,0.9996,LPath
D149Y,0.989,LPath
I150A,0.6906,LPath
I150C,0.84,LPath
I150D,0.9865,LPath
I150E,0.9312,LPath
I150F,0.5827,LPath
I150G,0.9088,LPath
I150H,0.9398,LPath
I150K,0.9031,LPath
I150L,0.2827,LBen
I150M,0.1762,LBen
I150N,0.8188,LPath
I150P,0.9943,LPath
I150Q,0.7966,LPath
I150R,0.8411,LPath
I150S,0.7212,LPath
I150T,0.6697,LPath
I150V,0.1682,LBen
I150W,0.9667,LPath
I150Y,0.9057,LPath
R151A,0.9171,LPath
R151C,0.7847,LPath
R151D,0.9817,LPath
R151E,0.9235,LPath
R151F,0.9732,LPath
R151G,0.8483,LPath
R151H,0.6066,LPath
R151I,0.9382,LPath
R151K,0.4022,Amb
R151L,0.8522,LPath
R151M,0.944,LPath
R151N,0.9686,LPath
R151P,0.9895,LPath
R151Q,0.5511,Amb
R151S,0.9483,LPath
R151T,0.9294,LPath
R151V,0.9299,LPath
R151W,0.8453,LPath
R151Y,0.9398,LPath
K152A,0.7538,LPath
K152C,0.8156,LPath
K152D,0.9476,LPath
K152E,0.809,LPath
K152F,0.9405,LPath
K152G,0.8499,LPath
K152H,0.5593,Amb
K152I,0.7978,LPath
K152L,0.7085,LPath
K152M,0.6686,LPath
K152N,0.8843,LPath
K152P,0.9847,LPath
K152Q,0.3808,Amb
K152R,0.1051,LBen
K152S,0.8727,LPath
K152T,0.7167,LPath
K152V,0.7161,LPath
K152W,0.9418,LPath
K152Y,0.8863,LPath
L153A,0.9552,LPath
L153C,0.9552,LPath
L153D,0.999,LPath
L153E,0.996,LPath
L153F,0.9235,LPath
L153G,0.9869,LPath
L153H,0.9935,LPath
L153I,0.5959,LPath
L153K,0.993,LPath
L153M,0.5778,LPath
L153N,0.9919,LPath
L153P,0.9971,LPath
L153Q,0.9906,LPath
L153R,0.9873,LPath
L153S,0.9943,LPath
L153T,0.9636,LPath
L153V,0.6931,LPath
L153W,0.9841,LPath
L153Y,0.9876,LPath
D154A,0.828,LPath
D154C,0.9758,LPath
D154E,0.4783,Amb
D154F,0.9754,LPath
D154G,0.7902,LPath
D154H,0.9139,LPath
D154I,0.9672,LPath
D154K,0.9499,LPath
D154L,0.9365,LPath
D154M,0.9794,LPath
D154N,0.6889,LPath
D154P,0.9886,LPath
D154Q,0.8634,LPath
D154R,0.9082,LPath
D154S,0.724,LPath
D154T,0.8911,LPath
D154V,0.9195,LPath
D154W,0.9909,LPath
D154Y,0.8956,LPath
Y155A,0.4226,Amb
Y155C,0.2224,LBen
Y155D,0.6096,LPath
Y155E,0.787,LPath
Y155F,0.0864,LBen
Y155G,0.3539,Amb
Y155H,0.3476,Amb
Y155I,0.6016,LPath
Y155K,0.7978,LPath
Y155L,0.4798,Amb
Y155M,0.5648,LPath
Y155N,0.3034,LBen
Y155P,0.9525,LPath
Y155Q,0.6387,LPath
Y155R,0.6164,LPath
Y155S,0.2594,LBen
Y155T,0.4772,Amb
Y155V,0.4396,Amb
Y155W,0.5158,Amb
G156A,0.8398,LPath
G156C,0.9101,LPath
G156D,0.9856,LPath
G156E,0.9877,LPath
G156F,0.991,LPath
G156H,0.9851,LPath
G156I,0.9896,LPath
G156K,0.9913,LPath
G156L,0.98,LPath
G156M,0.99,LPath
G156N,0.9676,LPath
G156P,0.9925,LPath
G156Q,0.9719,LPath
G156R,0.9729,LPath
G156S,0.7946,LPath
G156T,0.9577,LPath
G156V,0.9767,LPath
G156W,0.9909,LPath
G156Y,0.9889,LPath
Q157A,0.3021,LBen
Q157C,0.5301,Amb
Q157D,0.982,LPath
Q157E,0.5022,Amb
Q157F,0.9342,LPath
Q157G,0.7446,LPath
Q157H,0.8594,LPath
Q157I,0.3611,Amb
Q157K,0.7995,LPath
Q157L,0.469,Amb
Q157M,0.4344,Amb
Q157N,0.6713,LPath
Q157P,0.4881,Amb
Q157R,0.7573,LPath
Q157S,0.4108,Amb
Q157T,0.3679,Amb
Q157V,0.1696,LBen
Q157W,0.9793,LPath
Q157Y,0.9402,LPath
H158A,0.9245,LPath
H158C,0.8201,LPath
H158D,0.9058,LPath
H158E,0.9443,LPath
H158F,0.9389,LPath
H158G,0.9563,LPath
H158I,0.9714,LPath
H158K,0.9879,LPath
H158L,0.8926,LPath
H158M,0.911,LPath
H158N,0.6065,LPath
H158P,0.9095,LPath
H158Q,0.6982,LPath
H158R,0.9813,LPath
H158S,0.8455,LPath
H158T,0.9548,LPath
H158V,0.9635,LPath
H158W,0.9633,LPath
H158Y,0.9031,LPath
V159A,0.7794,LPath
V159C,0.8492,LPath
V159D,0.9991,LPath
V159E,0.9976,LPath
V159F,0.9382,LPath
V159G,0.9334,LPath
V159H,0.9989,LPath
V159I,0.1116,LBen
V159K,0.9985,LPath
V159L,0.7243,LPath
V159M,0.7928,LPath
V159N,0.9951,LPath
V159P,0.9987,LPath
V159Q,0.9958,LPath
V159R,0.9962,LPath
V159S,0.9565,LPath
V159T,0.8635,LPath
V159W,0.9993,LPath
V159Y,0.9963,LPath
V160A,0.8912,LPath
V160C,0.9529,LPath
V160D,0.9994,LPath
V160E,0.998,LPath
V160F,0.9751,LPath
V160G,0.9724,LPath
V160H,0.9993,LPath
V160I,0.1352,LBen
V160K,0.9987,LPath
V160L,0.814,LPath
V160M,0.9103,LPath
V160N,0.997,LPath
V160P,0.998,LPath
V160Q,0.9971,LPath
V160R,0.9967,LPath
V160S,0.9738,LPath
V160T,0.9053,LPath
V160W,0.9996,LPath
V160Y,0.9983,LPath
A161C,0.378,Amb
A161D,0.9906,LPath
A161E,0.9855,LPath
A161F,0.9539,LPath
A161G,0.5113,Amb
A161H,0.9852,LPath
A161I,0.5818,LPath
A161K,0.9967,LPath
A161L,0.6694,LPath
A161M,0.7844,LPath
A161N,0.9454,LPath
A161P,0.9705,LPath
A161Q,0.9703,LPath
A161R,0.9901,LPath
A161S,0.1366,LBen
A161T,0.2267,LBen
A161V,0.2587,LBen
A161W,0.9954,LPath
A161Y,0.9846,LPath
G162A,0.9333,LPath
G162C,0.9928,LPath
G162D,0.9995,LPath
G162E,0.9997,LPath
G162F,0.9995,LPath
G162H,0.9999,LPath
G162I,0.9994,LPath
G162K,0.9999,LPath
G162L,0.9989,LPath
G162M,0.9996,LPath
G162N,0.9998,LPath
G162P,0.9999,LPath
G162Q,0.9997,LPath
G162R,0.9993,LPath
G162S,0.9851,LPath
G162T,0.9979,LPath
G162V,0.9976,LPath
G162W,0.9998,LPath
G162Y,0.9998,LPath
T163A,0.96,LPath
T163C,0.9406,LPath
T163D,0.9977,LPath
T163E,0.9948,LPath
T163F,0.996,LPath
T163G,0.9796,LPath
T163H,0.9923,LPath
T163I,0.9944,LPath
T163K,0.9933,LPath
T163L,0.9838,LPath
T163M,0.974,LPath
T163N,0.9744,LPath
T163P,0.9297,LPath
T163Q,0.9939,LPath
T163R,0.9907,LPath
T163S,0.9198,LPath
T163V,0.9752,LPath
T163W,0.9993,LPath
T163Y,0.9969,LPath
P164A,0.9162,LPath
P164C,0.9935,LPath
P164D,0.9993,LPath
P164E,0.9986,LPath
P164F,0.9996,LPath
P164G,0.9907,LPath
P164H,0.9986,LPath
P164I,0.9941,LPath
P164K,0.9992,LPath
P164L,0.9819,LPath
P164M,0.9963,LPath
P164N,0.9988,LPath
P164Q,0.998,LPath
P164R,0.996,LPath
P164S,0.9878,LPath
P164T,0.9586,LPath
P164V,0.9763,LPath
P164W,0.9998,LPath
P164Y,0.9997,LPath
G165A,0.9923,LPath
G165C,0.9983,LPath
G165D,0.9996,LPath
G165E,0.9996,LPath
G165F,0.9993,LPath
G165H,0.9999,LPath
G165I,0.9993,LPath
G165K,0.9999,LPath
G165L,0.9989,LPath
G165M,0.9996,LPath
G165N,0.9997,LPath
G165P,0.9996,LPath
G165Q,0.9997,LPath
G165R,0.9994,LPath
G165S,0.9943,LPath
G165T,0.998,LPath
G165V,0.9979,LPath
G165W,0.9988,LPath
G165Y,0.9996,LPath
R166A,0.9976,LPath
R166C,0.9928,LPath
R166D,0.9987,LPath
R166E,0.9919,LPath
R166F,0.999,LPath
R166G,0.9956,LPath
R166H,0.9921,LPath
R166I,0.9975,LPath
R166K,0.9826,LPath
R166L,0.9943,LPath
R166M,0.9991,LPath
R166N,0.9985,LPath
R166P,0.9992,LPath
R166Q,0.9918,LPath
R166S,0.9989,LPath
R166T,0.9983,LPath
R166V,0.9968,LPath
R166W,0.9954,LPath
R166Y,0.9983,LPath
V167A,0.9487,LPath
V167C,0.9404,LPath
V167D,0.9981,LPath
V167E,0.9972,LPath
V167F,0.9801,LPath
V167G,0.9306,LPath
V167H,0.9991,LPath
V167I,0.2846,LBen
V167K,0.9986,LPath
V167L,0.9263,LPath
V167M,0.9499,LPath
V167N,0.9901,LPath
V167P,0.9979,LPath
V167Q,0.9963,LPath
V167R,0.9962,LPath
V167S,0.9653,LPath
V167T,0.8823,LPath
V167W,0.9996,LPath
V167Y,0.9975,LPath
F168A,0.8637,LPath
F168C,0.6995,LPath
F168D,0.9889,LPath
F168E,0.9876,LPath
F168G,0.9405,LPath
F168H,0.8464,LPath
F168I,0.9321,LPath
F168K,0.9896,LPath
F168L,0.9612,LPath
F168M,0.8676,LPath
F168N,0.9066,LPath
F168P,0.9997,LPath
F168Q,0.9464,LPath
F168R,0.9656,LPath
F168S,0.8833,LPath
F168T,0.9457,LPath
F168V,0.8879,LPath
F168W,0.7429,LPath
F168Y,0.2499,LBen
D169A,0.9957,LPath
D169C,0.9992,LPath
D169E,0.9938,LPath
D169F,0.9981,LPath
D169G,0.995,LPath
D169H,0.9951,LPath
D169I,0.9997,LPath
D169K,0.9994,LPath
D169L,0.9985,LPath
D169M,0.9997,LPath
D169N,0.9944,LPath
D169P,0.9998,LPath
D169Q,0.9981,LPath
D169R,0.9987,LPath
D169S,0.9908,LPath
D169T,0.999,LPath
D169V,0.9986,LPath
D169W,0.9992,LPath
D169Y,0.9885,LPath
M170A,0.9893,LPath
M170C,0.9198,LPath
M170D,0.9996,LPath
M170E,0.9968,LPath
M170F,0.9467,LPath
M170G,0.9958,LPath
M170H,0.9897,LPath
M170I,0.9889,LPath
M170K,0.9947,LPath
M170L,0.6689,LPath
M170N,0.9889,LPath
M170P,0.9999,LPath
M170Q,0.9703,LPath
M170R,0.9951,LPath
M170S,0.9911,LPath
M170T,0.9922,LPath
M170V,0.8117,LPath
M170W,0.9978,LPath
M170Y,0.9945,LPath
I171A,0.9825,LPath
I171C,0.9895,LPath
I171D,0.9998,LPath
I171E,0.9983,LPath
I171F,0.9591,LPath
I171G,0.9973,LPath
I171H,0.9992,LPath
I171K,0.9979,LPath
I171L,0.476,Amb
I171M,0.5492,Amb
I171N,0.9969,LPath
I171P,0.9993,LPath
I171Q,0.9968,LPath
I171R,0.9968,LPath
I171S,0.9931,LPath
I171T,0.989,LPath
I171V,0.5453,Amb
I171W,0.9986,LPath
I171Y,0.996,LPath
R172A,0.9512,LPath
R172C,0.804,LPath
R172D,0.9869,LPath
R172E,0.9385,LPath
R172F,0.988,LPath
R172G,0.8669,LPath
R172H,0.6476,LPath
R172I,0.9646,LPath
R172K,0.3409,Amb
R172L,0.9055,LPath
R172M,0.961,LPath
R172N,0.9594,LPath
R172P,0.9968,LPath
R172Q,0.5514,Amb
R172S,0.9516,LPath
R172T,0.939,LPath
R172V,0.9535,LPath
R172W,0.9257,LPath
R172Y,0.9646,LPath
R173A,0.9923,LPath
R173C,0.9652,LPath
R173D,0.9939,LPath
R173E,0.9818,LPath
R173F,0.9963,LPath
R173G,0.9659,LPath
R173H,0.909,LPath
R173I,0.9946,LPath
R173K,0.8085,LPath
R173L,0.982,LPath
R173M,0.9961,LPath
R173N,0.9919,LPath
R173P,0.9981,LPath
R173Q,0.8969,LPath
R173S,0.9933,LPath
R173T,0.9924,LPath
R173V,0.9941,LPath
R173W,0.9757,LPath
R173Y,0.9871,LPath
R174A,0.9736,LPath
R174C,0.9069,LPath
R174D,0.9753,LPath
R174E,0.9582,LPath
R174F,0.989,LPath
R174G,0.7573,LPath
R174H,0.7091,LPath
R174I,0.993,LPath
R174K,0.5897,LPath
R174L,0.9675,LPath
R174M,0.9892,LPath
R174N,0.9624,LPath
R174P,0.9921,LPath
R174Q,0.7637,LPath
R174S,0.9712,LPath
R174T,0.9838,LPath
R174V,0.9882,LPath
R174W,0.9465,LPath
R174Y,0.959,LPath
S175A,0.1598,LBen
S175C,0.136,LBen
S175D,0.9519,LPath
S175E,0.9308,LPath
S175F,0.71,LPath
S175G,0.3341,LBen
S175H,0.6181,LPath
S175I,0.5221,Amb
S175K,0.9714,LPath
S175L,0.589,LPath
S175M,0.544,Amb
S175N,0.386,Amb
S175P,0.9817,LPath
S175Q,0.7658,LPath
S175R,0.9428,LPath
S175T,0.2472,LBen
S175V,0.3972,Amb
S175W,0.83,LPath
S175Y,0.6121,LPath
L176A,0.9861,LPath
L176C,0.9719,LPath
L176D,0.9999,LPath
L176E,0.9991,LPath
L176F,0.8484,LPath
L176G,0.9971,LPath
L176H,0.9975,LPath
L176I,0.5201,Amb
L176K,0.9976,LPath
L176M,0.6138,LPath
L176N,0.9988,LPath
L176P,0.9984,LPath
L176Q,0.9966,LPath
L176R,0.9961,LPath
L176S,0.9985,LPath
L176T,0.9923,LPath
L176V,0.6622,LPath
L176W,0.9908,LPath
L176Y,0.9922,LPath
R177A,0.9395,LPath
R177C,0.8638,LPath
R177D,0.9635,LPath
R177E,0.9405,LPath
R177F,0.9734,LPath
R177G,0.8796,LPath
R177H,0.6635,LPath
R177I,0.9646,LPath
R177K,0.6101,LPath
R177L,0.9108,LPath
R177M,0.9705,LPath
R177N,0.9495,LPath
R177P,0.9483,LPath
R177Q,0.7028,LPath
R177S,0.9447,LPath
R177T,0.9307,LPath
R177V,0.9436,LPath
R177W,0.9048,LPath
R177Y,0.9476,LPath
T178A,0.662,LPath
T178C,0.7885,LPath
T178D,0.9893,LPath
T178E,0.9888,LPath
T178F,0.9762,LPath
T178G,0.799,LPath
T178H,0.9778,LPath
T178I,0.9213,LPath
T178K,0.9842,LPath
T178L,0.7577,LPath
T178M,0.8069,LPath
T178N,0.9221,LPath
T178P,0.5765,LPath
T178Q,0.97,LPath
T178R,0.9771,LPath
T178S,0.7404,LPath
T178V,0.683,LPath
T178W,0.9943,LPath
T178Y,0.9866,LPath
R179A,0.9154,LPath
R179C,0.9102,LPath
R179D,0.9339,LPath
R179E,0.9016,LPath
R179F,0.982,LPath
R179G,0.8073,LPath
R179H,0.729,LPath
R179I,0.9714,LPath
R179K,0.5219,Amb
R179L,0.9305,LPath
R179M,0.9731,LPath
R179N,0.9435,LPath
R179P,0.9642,LPath
R179Q,0.7285,LPath
R179S,0.9306,LPath
R179T,0.9211,LPath
R179V,0.9477,LPath
R179W,0.9279,LPath
R179Y,0.9532,LPath
A180C,0.4338,Amb
A180D,0.8213,LPath
A180E,0.8333,LPath
A180F,0.57,LPath
A180G,0.1609,LBen
A180H,0.563,Amb
A180I,0.8027,LPath
A180K,0.9151,LPath
A180L,0.4954,Amb
A180M,0.5068,Amb
A180N,0.2907,LBen
A180P,0.9308,LPath
A180Q,0.5197,Amb
A180R,0.8577,LPath
A180S,0.0946,LBen
A180T,0.2772,LBen
A180V,0.5349,Amb
A180W,0.9168,LPath
A180Y,0.6941,LPath
I181A,0.9615,LPath
I181C,0.9441,LPath
I181D,0.9996,LPath
I181E,0.9982,LPath
I181F,0.9735,LPath
I181G,0.9965,LPath
I181H,0.9993,LPath
I181K,0.9981,LPath
I181L,0.3882,Amb
I181M,0.4898,Amb
I181N,0.9929,LPath
I181P,0.9968,LPath
I181Q,0.9967,LPath
I181R,0.9973,LPath
I181S,0.9856,LPath
I181T,0.9415,LPath
I181V,0.1326,LBen
I181W,0.9994,LPath
I181Y,0.9983,LPath
K182A,0.9342,LPath
K182C,0.9209,LPath
K182D,0.9707,LPath
K182E,0.9019,LPath
K182F,0.9903,LPath
K182G,0.8909,LPath
K182H,0.6538,LPath
K182I,0.9764,LPath
K182L,0.9385,LPath
K182M,0.9338,LPath
K182N,0.9438,LPath
K182P,0.9917,LPath
K182Q,0.5033,Amb
K182R,0.1091,LBen
K182S,0.9098,LPath
K182T,0.8435,LPath
K182V,0.9446,LPath
K182W,0.9838,LPath
K182Y,0.9731,LPath
M183A,0.8958,LPath
M183C,0.8322,LPath
M183D,0.998,LPath
M183E,0.987,LPath
M183F,0.6931,LPath
M183G,0.9762,LPath
M183H,0.9734,LPath
M183I,0.6977,LPath
M183K,0.9539,LPath
M183L,0.2786,LBen
M183N,0.9574,LPath
M183P,0.9994,LPath
M183Q,0.8987,LPath
M183R,0.968,LPath
M183S,0.9168,LPath
M183T,0.7829,LPath
M183V,0.3162,LBen
M183W,0.9814,LPath
M183Y,0.9383,LPath
L184A,0.9612,LPath
L184C,0.9361,LPath
L184D,0.9997,LPath
L184E,0.9987,LPath
L184F,0.6008,LPath
L184G,0.9936,LPath
L184H,0.9949,LPath
L184I,0.4944,Amb
L184K,0.9979,LPath
L184M,0.4475,Amb
L184N,0.9976,LPath
L184P,0.9992,LPath
L184Q,0.9956,LPath
L184R,0.9955,LPath
L184S,0.9971,LPath
L184T,0.9819,LPath
L184V,0.5332,Amb
L184W,0.9782,LPath
L184Y,0.9811,LPath
V185A,0.9185,LPath
V185C,0.8522,LPath
V185D,0.9987,LPath
V185E,0.9976,LPath
V185F,0.9576,LPath
V185G,0.9614,LPath
V185H,0.9985,LPath
V185I,0.1408,LBen
V185K,0.999,LPath
V185L,0.8927,LPath
V185M,0.9333,LPath
V185N,0.993,LPath
V185P,0.9971,LPath
V185Q,0.9961,LPath
V185R,0.997,LPath
V185S,0.9563,LPath
V185T,0.9286,LPath
V185W,0.9994,LPath
V185Y,0.997,LPath
L186A,0.9772,LPath
L186C,0.9564,LPath
L186D,0.9998,LPath
L186E,0.999,LPath
L186F,0.9433,LPath
L186G,0.9967,LPath
L186H,0.9986,LPath
L186I,0.5764,LPath
L186K,0.9985,LPath
L186M,0.5895,LPath
L186N,0.9988,LPath
L186P,0.999,LPath
L186Q,0.9977,LPath
L186R,0.9973,LPath
L186S,0.998,LPath
L186T,0.9895,LPath
L186V,0.7181,LPath
L186W,0.9933,LPath
L186Y,0.9963,LPath
D187A,0.9983,LPath
D187C,0.9997,LPath
D187E,0.9981,LPath
D187F,0.9995,LPath
D187G,0.9971,LPath
D187H,0.9985,LPath
D187I,0.9994,LPath
D187K,0.9992,LPath
D187L,0.9983,LPath
D187M,0.9998,LPath
D187N,0.9972,LPath
D187P,0.9994,LPath
D187Q,0.9993,LPath
D187R,0.9985,LPath
D187S,0.9964,LPath
D187T,0.9991,LPath
D187V,0.9982,LPath
D187W,0.9993,LPath
D187Y,0.9971,LPath
E188A,0.9988,LPath
E188C,0.9995,LPath
E188D,0.9976,LPath
E188F,0.9999,LPath
E188G,0.9977,LPath
E188H,0.9996,LPath
E188I,0.9998,LPath
E188K,0.9988,LPath
E188L,0.9998,LPath
E188M,0.9993,LPath
E188N,0.9992,LPath
E188P,1.0,LPath
E188Q,0.9983,LPath
E188R,0.9985,LPath
E188S,0.9994,LPath
E188T,0.9997,LPath
E188V,0.9995,LPath
E188W,0.9999,LPath
E188Y,0.9999,LPath
A189C,0.9538,LPath
A189D,0.999,LPath
A189E,0.999,LPath
A189F,0.9929,LPath
A189G,0.7554,LPath
A189H,0.9988,LPath
A189I,0.9963,LPath
A189K,0.9997,LPath
A189L,0.9821,LPath
A189M,0.9872,LPath
A189N,0.9978,LPath
A189P,0.9987,LPath
A189Q,0.9969,LPath
A189R,0.9981,LPath
A189S,0.5673,LPath
A189T,0.9713,LPath
A189V,0.9808,LPath
A189W,0.9993,LPath
A189Y,0.9978,LPath
D190A,0.9993,LPath
D190C,0.9999,LPath
D190E,0.9991,LPath
D190F,0.9998,LPath
D190G,0.999,LPath
D190H,0.9997,LPath
D190I,0.9999,LPath
D190K,0.9998,LPath
D190L,0.9998,LPath
D190M,1.0,LPath
D190N,0.9989,LPath
D190P,0.9999,LPath
D190Q,0.9998,LPath
D190R,0.9995,LPath
D190S,0.9991,LPath
D190T,0.9998,LPath
D190V,0.9996,LPath
D190W,0.9999,LPath
D190Y,0.9991,LPath
E191A,0.9643,LPath
E191C,0.9974,LPath
E191D,0.9686,LPath
E191F,0.9985,LPath
E191G,0.978,LPath
E191H,0.998,LPath
E191I,0.9892,LPath
E191K,0.9921,LPath
E191L,0.9945,LPath
E191M,0.991,LPath
E191N,0.9907,LPath
E191P,0.9998,LPath
E191Q,0.9265,LPath
E191R,0.9874,LPath
E191S,0.983,LPath
E191T,0.9744,LPath
E191V,0.9672,LPath
E191W,0.9996,LPath
E191Y,0.9976,LPath
M192A,0.9961,LPath
M192C,0.9863,LPath
M192D,0.9997,LPath
M192E,0.9988,LPath
M192F,0.9915,LPath
M192G,0.9986,LPath
M192H,0.9993,LPath
M192I,0.9909,LPath
M192K,0.9986,LPath
M192L,0.7063,LPath
M192N,0.9969,LPath
M192P,0.9999,LPath
M192Q,0.9945,LPath
M192R,0.9992,LPath
M192S,0.9975,LPath
M192T,0.998,LPath
M192V,0.9556,LPath
M192W,0.9995,LPath
M192Y,0.9986,LPath
L193A,0.9891,LPath
L193C,0.9954,LPath
L193D,0.9997,LPath
L193E,0.9986,LPath
L193F,0.9805,LPath
L193G,0.9956,LPath
L193H,0.9986,LPath
L193I,0.9193,LPath
L193K,0.9973,LPath
L193M,0.8582,LPath
L193N,0.9979,LPath
L193P,0.9993,LPath
L193Q,0.9973,LPath
L193R,0.9948,LPath
L193S,0.9989,LPath
L193T,0.994,LPath
L193V,0.9593,LPath
L193W,0.9949,LPath
L193Y,0.997,LPath
N194A,0.3907,Amb
N194C,0.514,Amb
N194D,0.5205,Amb
N194E,0.7943,LPath
N194F,0.848,LPath
N194G,0.2963,LBen
N194H,0.4358,Amb
N194I,0.7788,LPath
N194K,0.9261,LPath
N194L,0.478,Amb
N194M,0.6348,LPath
N194P,0.9698,LPath
N194Q,0.6786,LPath
N194R,0.8821,LPath
N194S,0.1045,LBen
N194T,0.2893,LBen
N194V,0.6199,LPath
N194W,0.9452,LPath
N194Y,0.6154,LPath
K195A,0.8785,LPath
K195C,0.9221,LPath
K195D,0.9598,LPath
K195E,0.8973,LPath
K195F,0.9761,LPath
K195G,0.8526,LPath
K195H,0.6631,LPath
K195I,0.9451,LPath
K195L,0.8293,LPath
K195M,0.7976,LPath
K195N,0.9432,LPath
K195P,0.9832,LPath
K195Q,0.4461,Amb
K195R,0.0959,LBen
K195S,0.927,LPath
K195T,0.8705,LPath
K195V,0.8913,LPath
K195W,0.9618,LPath
K195Y,0.9361,LPath
G196A,0.9744,LPath
G196C,0.9938,LPath
G196D,0.991,LPath
G196E,0.9967,LPath
G196F,0.998,LPath
G196H,0.9989,LPath
G196I,0.9961,LPath
G196K,0.9991,LPath
G196L,0.9977,LPath
G196M,0.9985,LPath
G196N,0.9889,LPath
G196P,0.9986,LPath
G196Q,0.9979,LPath
G196R,0.9982,LPath
G196S,0.9711,LPath
G196T,0.9876,LPath
G196V,0.9919,LPath
G196W,0.9982,LPath
G196Y,0.9969,LPath
F197A,0.998,LPath
F197C,0.9961,LPath
F197D,0.9989,LPath
F197E,0.9985,LPath
F197G,0.9969,LPath
F197H,0.9956,LPath
F197I,0.9975,LPath
F197K,0.9987,LPath
F197L,0.9995,LPath
F197M,0.995,LPath
F197N,0.9964,LPath
F197P,0.9999,LPath
F197Q,0.9969,LPath
F197R,0.996,LPath
F197S,0.9985,LPath
F197T,0.9989,LPath
F197V,0.9969,LPath
F197W,0.9623,LPath
F197Y,0.9354,LPath
K198A,0.9379,LPath
K198C,0.9821,LPath
K198D,0.9909,LPath
K198E,0.9524,LPath
K198F,0.9956,LPath
K198G,0.9408,LPath
K198H,0.9299,LPath
K198I,0.9753,LPath
K198L,0.9468,LPath
K198M,0.9305,LPath
K198N,0.9929,LPath
K198P,0.9905,LPath
K198Q,0.7153,LPath
K198R,0.189,LBen
K198S,0.9686,LPath
K198T,0.8974,LPath
K198V,0.949,LPath
K198W,0.9903,LPath
K198Y,0.9882,LPath
E199A,0.8729,LPath
E199C,0.9948,LPath
E199D,0.3764,Amb
E199F,0.9954,LPath
E199G,0.7865,LPath
E199H,0.983,LPath
E199I,0.987,LPath
E199K,0.9518,LPath
E199L,0.9772,LPath
E199M,0.9828,LPath
E199N,0.9179,LPath
E199P,0.9729,LPath
E199Q,0.8354,LPath
E199R,0.9482,LPath
E199S,0.8766,LPath
E199T,0.9339,LPath
E199V,0.9552,LPath
E199W,0.9976,LPath
E199Y,0.9889,LPath
Q200A,0.6519,LPath
Q200C,0.9933,LPath
Q200D,0.9683,LPath
Q200E,0.713,LPath
Q200F,0.9933,LPath
Q200G,0.8409,LPath
Q200H,0.9789,LPath
Q200I,0.9397,LPath
Q200K,0.9547,LPath
Q200L,0.8864,LPath
Q200M,0.7594,LPath
Q200N,0.7667,LPath
Q200P,0.9473,LPath
Q200R,0.9753,LPath
Q200S,0.6584,LPath
Q200T,0.6124,LPath
Q200V,0.87,LPath
Q200W,0.9973,LPath
Q200Y,0.9933,LPath
I201A,0.9859,LPath
I201C,0.9943,LPath
I201D,0.9997,LPath
I201E,0.9988,LPath
I201F,0.9825,LPath
I201G,0.9982,LPath
I201H,0.9996,LPath
I201K,0.9992,LPath
I201L,0.5973,LPath
I201M,0.7582,LPath
I201N,0.9962,LPath
I201P,0.9993,LPath
I201Q,0.9989,LPath
I201R,0.9983,LPath
I201S,0.9938,LPath
I201T,0.9846,LPath
I201V,0.4719,Amb
I201W,0.9993,LPath
I201Y,0.9981,LPath
Y202A,0.9678,LPath
Y202C,0.9193,LPath
Y202D,0.9869,LPath
Y202E,0.9919,LPath
Y202F,0.5555,Amb
Y202G,0.9307,LPath
Y202H,0.9661,LPath
Y202I,0.9657,LPath
Y202K,0.9909,LPath
Y202L,0.886,LPath
Y202M,0.9723,LPath
Y202N,0.9507,LPath
Y202P,0.9966,LPath
Y202Q,0.9884,LPath
Y202R,0.9574,LPath
Y202S,0.9149,LPath
Y202T,0.9688,LPath
Y202V,0.9221,LPath
Y202W,0.8604,LPath
D203A,0.961,LPath
D203C,0.997,LPath
D203E,0.875,LPath
D203F,0.996,LPath
D203G,0.9738,LPath
D203H,0.9835,LPath
D203I,0.9974,LPath
D203K,0.9943,LPath
D203L,0.9923,LPath
D203M,0.9976,LPath
D203N,0.9202,LPath
D203P,0.9993,LPath
D203Q,0.9847,LPath
D203R,0.9905,LPath
D203S,0.9399,LPath
D203T,0.9857,LPath
D203V,0.9897,LPath
D203W,0.9983,LPath
D203Y,0.9788,LPath
V204A,0.9421,LPath
V204C,0.9416,LPath
V204D,0.9977,LPath
V204E,0.9961,LPath
V204F,0.9793,LPath
V204G,0.9575,LPath
V204H,0.999,LPath
V204I,0.1515,LBen
V204K,0.9984,LPath
V204L,0.8927,LPath
V204M,0.9087,LPath
V204N,0.9891,LPath
V204P,0.9983,LPath
V204Q,0.9961,LPath
V204R,0.9961,LPath
V204S,0.96,LPath
V204T,0.8196,LPath
V204W,0.9995,LPath
V204Y,0.9975,LPath
Y205A,0.9903,LPath
Y205C,0.9272,LPath
Y205D,0.997,LPath
Y205E,0.9984,LPath
Y205F,0.4075,Amb
Y205G,0.9724,LPath
Y205H,0.9878,LPath
Y205I,0.9697,LPath
Y205K,0.9972,LPath
Y205L,0.8973,LPath
Y205M,0.9815,LPath
Y205N,0.9869,LPath
Y205P,0.9974,LPath
Y205Q,0.9967,LPath
Y205R,0.9876,LPath
Y205S,0.9643,LPath
Y205T,0.9886,LPath
Y205V,0.9381,LPath
Y205W,0.9128,LPath
R206A,0.9877,LPath
R206C,0.9573,LPath
R206D,0.9961,LPath
R206E,0.9822,LPath
R206F,0.9976,LPath
R206G,0.9699,LPath
R206H,0.9302,LPath
R206I,0.992,LPath
R206K,0.8537,LPath
R206L,0.9717,LPath
R206M,0.9956,LPath
R206N,0.9937,LPath
R206P,0.9981,LPath
R206Q,0.888,LPath
R206S,0.991,LPath
R206T,0.9882,LPath
R206V,0.9901,LPath
R206W,0.985,LPath
R206Y,0.9884,LPath
Y207A,0.9503,LPath
Y207C,0.7499,LPath
Y207D,0.9736,LPath
Y207E,0.9884,LPath
Y207F,0.1921,LBen
Y207G,0.9169,LPath
Y207H,0.8208,LPath
Y207I,0.9441,LPath
Y207K,0.9858,LPath
Y207L,0.8616,LPath
Y207M,0.9251,LPath
Y207N,0.8463,LPath
Y207P,0.9975,LPath
Y207Q,0.9715,LPath
Y207R,0.9645,LPath
Y207S,0.853,LPath
Y207T,0.9432,LPath
Y207V,0.8927,LPath
Y207W,0.8406,LPath
L208A,0.9772,LPath
L208C,0.9476,LPath
L208D,0.9999,LPath
L208E,0.9991,LPath
L208F,0.9777,LPath
L208G,0.9962,LPath
L208H,0.9979,LPath
L208I,0.7289,LPath
L208K,0.9983,LPath
L208M,0.6577,LPath
L208N,0.9979,LPath
L208P,0.999,LPath
L208Q,0.9954,LPath
L208R,0.9965,LPath
L208S,0.9959,LPath
L208T,0.9782,LPath
L208V,0.7709,LPath
L208W,0.9982,LPath
L208Y,0.9983,LPath
P209A,0.8172,LPath
P209C,0.9701,LPath
P209D,0.9883,LPath
P209E,0.9848,LPath
P209F,0.995,LPath
P209G,0.9416,LPath
P209H,0.9416,LPath
P209I,0.9866,LPath
P209K,0.9873,LPath
P209L,0.8997,LPath
P209M,0.9827,LPath
P209N,0.9667,LPath
P209Q,0.9567,LPath
P209R,0.966,LPath
P209S,0.8813,LPath
P209T,0.9324,LPath
P209V,0.9631,LPath
P209W,0.9972,LPath
P209Y,0.9933,LPath
P210A,0.4655,Amb
P210C,0.9584,LPath
P210D,0.962,LPath
P210E,0.9244,LPath
P210F,0.9719,LPath
P210G,0.8259,LPath
P210H,0.8648,LPath
P210I,0.9459,LPath
P210K,0.9438,LPath
P210L,0.8052,LPath
P210M,0.9274,LPath
P210N,0.9214,LPath
P210Q,0.8511,LPath
P210R,0.858,LPath
P210S,0.7486,LPath
P210T,0.7783,LPath
P210V,0.8327,LPath
P210W,0.986,LPath
P210Y,0.9658,LPath
A211C,0.5221,Amb
A211D,0.8284,LPath
A211E,0.7614,LPath
A211F,0.7013,LPath
A211G,0.1871,LBen
A211H,0.691,LPath
A211I,0.7068,LPath
A211K,0.8863,LPath
A211L,0.4422,Amb
A211M,0.4575,Amb
A211N,0.3895,Amb
A211P,0.7963,LPath
A211Q,0.4452,Amb
A211R,0.8208,LPath
A211S,0.1232,LBen
A211T,0.2656,LBen
A211V,0.449,Amb
A211W,0.9464,LPath
A211Y,0.7908,LPath
T212A,0.2858,LBen
T212C,0.4751,Amb
T212D,0.9945,LPath
T212E,0.9907,LPath
T212F,0.9854,LPath
T212G,0.7856,LPath
T212H,0.9795,LPath
T212I,0.7525,LPath
T212K,0.983,LPath
T212L,0.5419,Amb
T212M,0.5923,LPath
T212N,0.9113,LPath
T212P,0.8875,LPath
T212Q,0.9575,LPath
T212R,0.9715,LPath
T212S,0.6087,LPath
T212V,0.3952,Amb
T212W,0.9977,LPath
T212Y,0.9904,LPath
Q213A,0.9093,LPath
Q213C,0.9963,LPath
Q213D,0.9966,LPath
Q213E,0.8626,LPath
Q213F,0.9988,LPath
Q213G,0.9399,LPath
Q213H,0.9903,LPath
Q213I,0.9906,LPath
Q213K,0.9529,LPath
Q213L,0.9806,LPath
Q213M,0.9525,LPath
Q213N,0.955,LPath
Q213P,0.9856,LPath
Q213R,0.9565,LPath
Q213S,0.8658,LPath
Q213T,0.9161,LPath
Q213V,0.9747,LPath
Q213W,0.9993,LPath
Q213Y,0.9993,LPath
V214A,0.9003,LPath
V214C,0.9232,LPath
V214D,0.9923,LPath
V214E,0.9869,LPath
V214F,0.93,LPath
V214G,0.8777,LPath
V214H,0.9914,LPath
V214I,0.3626,Amb
V214K,0.9873,LPath
V214L,0.949,LPath
V214M,0.9076,LPath
V214N,0.9502,LPath
V214P,0.9949,LPath
V214Q,0.9802,LPath
V214R,0.9685,LPath
V214S,0.8917,LPath
V214T,0.7742,LPath
V214W,0.997,LPath
V214Y,0.9883,LPath
V215A,0.6858,LPath
V215C,0.4869,Amb
V215D,0.9958,LPath
V215E,0.9939,LPath
V215F,0.9396,LPath
V215G,0.8188,LPath
V215H,0.9956,LPath
V215I,0.1519,LBen
V215K,0.9969,LPath
V215L,0.7481,LPath
V215M,0.8053,LPath
V215N,0.9667,LPath
V215P,0.9952,LPath
V215Q,0.9876,LPath
V215R,0.991,LPath
V215S,0.8204,LPath
V215T,0.7329,LPath
V215W,0.9984,LPath
V215Y,0.9931,LPath
L216A,0.9587,LPath
L216C,0.9087,LPath
L216D,0.9997,LPath
L216E,0.999,LPath
L216F,0.9618,LPath
L216G,0.9929,LPath
L216H,0.9982,LPath
L216I,0.5071,Amb
L216K,0.9985,LPath
L216M,0.6425,LPath
L216N,0.9967,LPath
L216P,0.999,LPath
L216Q,0.9971,LPath
L216R,0.9968,LPath
L216S,0.9954,LPath
L216T,0.9791,LPath
L216V,0.4876,Amb
L216W,0.9971,LPath
L216Y,0.9974,LPath
I217A,0.9149,LPath
I217C,0.8529,LPath
I217D,0.9968,LPath
I217E,0.9951,LPath
I217F,0.5142,Amb
I217G,0.9809,LPath
I217H,0.9894,LPath
I217K,0.9957,LPath
I217L,0.1878,LBen
I217M,0.3294,LBen
I217N,0.9627,LPath
I217P,0.995,LPath
I217Q,0.9886,LPath
I217R,0.992,LPath
I217S,0.9334,LPath
I217T,0.8887,LPath
I217V,0.1264,LBen
I217W,0.9869,LPath
I217Y,0.9544,LPath
S218A,0.9284,LPath
S218C,0.9867,LPath
S218D,0.9987,LPath
S218E,0.9983,LPath
S218F,0.9992,LPath
S218G,0.9508,LPath
S218H,0.998,LPath
S218I,0.9994,LPath
S218K,0.9998,LPath
S218L,0.997,LPath
S218M,0.9965,LPath
S218N,0.9984,LPath
S218P,0.9986,LPath
S218Q,0.9982,LPath
S218R,0.9997,LPath
S218T,0.8059,LPath
S218V,0.9983,LPath
S218W,0.9984,LPath
S218Y,0.999,LPath
A219C,0.9906,LPath
A219D,0.9995,LPath
A219E,0.9985,LPath
A219F,0.9921,LPath
A219G,0.9816,LPath
A219H,0.9981,LPath
A219I,0.9987,LPath
A219K,0.9995,LPath
A219L,0.9865,LPath
A219M,0.9964,LPath
A219N,0.9983,LPath
A219P,0.997,LPath
A219Q,0.9964,LPath
A219R,0.9931,LPath
A219S,0.8791,LPath
A219T,0.9873,LPath
A219V,0.9964,LPath
A219W,0.9993,LPath
A219Y,0.9977,LPath
T220A,0.9904,LPath
T220C,0.9978,LPath
T220D,0.9987,LPath
T220E,0.997,LPath
T220F,0.9975,LPath
T220G,0.9927,LPath
T220H,0.9966,LPath
T220I,0.9985,LPath
T220K,0.9959,LPath
T220L,0.9923,LPath
T220M,0.9933,LPath
T220N,0.9941,LPath
T220P,0.9803,LPath
T220Q,0.9954,LPath
T220R,0.9924,LPath
T220S,0.9846,LPath
T220V,0.9899,LPath
T220W,0.9994,LPath
T220Y,0.9987,LPath
L221A,0.9851,LPath
L221C,0.9815,LPath
L221D,0.9997,LPath
L221E,0.9988,LPath
L221F,0.9074,LPath
L221G,0.9981,LPath
L221H,0.9968,LPath
L221I,0.6963,LPath
L221K,0.9978,LPath
L221M,0.3967,Amb
L221N,0.9965,LPath
L221P,0.9991,LPath
L221Q,0.9945,LPath
L221R,0.9965,LPath
L221S,0.9968,LPath
L221T,0.9909,LPath
L221V,0.7974,LPath
L221W,0.9893,LPath
L221Y,0.9887,LPath
P222A,0.9553,LPath
P222C,0.9972,LPath
P222D,0.9897,LPath
P222E,0.9945,LPath
P222F,0.9995,LPath
P222G,0.9668,LPath
P222H,0.9876,LPath
P222I,0.999,LPath
P222K,0.9971,LPath
P222L,0.9883,LPath
P222M,0.9975,LPath
P222N,0.9822,LPath
P222Q,0.989,LPath
P222R,0.9936,LPath
P222S,0.9482,LPath
P222T,0.9546,LPath
P222V,0.9962,LPath
P222W,0.9996,LPath
P222Y,0.9992,LPath
H223A,0.4474,Amb
H223C,0.4782,Amb
H223D,0.7657,LPath
H223E,0.7613,LPath
H223F,0.4853,Amb
H223G,0.549,Amb
H223I,0.6883,LPath
H223K,0.7024,LPath
H223L,0.3162,LBen
H223M,0.5772,LPath
H223N,0.2604,LBen
H223P,0.3799,Amb
H223Q,0.4548,Amb
H223R,0.5319,Amb
H223S,0.4078,Amb
H223T,0.5543,Amb
H223V,0.5492,Amb
H223W,0.6274,LPath
H223Y,0.3012,LBen
E224A,0.8417,LPath
E224C,0.991,LPath
E224D,0.2323,LBen
E224F,0.9931,LPath
E224G,0.8207,LPath
E224H,0.9577,LPath
E224I,0.9713,LPath
E224K,0.9305,LPath
E224L,0.9773,LPath
E224M,0.9825,LPath
E224N,0.844,LPath
E224P,0.9714,LPath
E224Q,0.8003,LPath
E224R,0.9298,LPath
E224S,0.7906,LPath
E224T,0.8973,LPath
E224V,0.9302,LPath
E224W,0.9968,LPath
E224Y,0.9847,LPath
I225A,0.9717,LPath
I225C,0.9911,LPath
I225D,0.9977,LPath
I225E,0.9941,LPath
I225F,0.9487,LPath
I225G,0.9963,LPath
I225H,0.998,LPath
I225K,0.9978,LPath
I225L,0.806,LPath
I225M,0.7972,LPath
I225N,0.982,LPath
I225P,0.9974,LPath
I225Q,0.9965,LPath
I225R,0.9963,LPath
I225S,0.9795,LPath
I225T,0.9709,LPath
I225V,0.395,Amb
I225W,0.9977,LPath
I225Y,0.9921,LPath
L226A,0.9632,LPath
L226C,0.9886,LPath
L226D,0.9986,LPath
L226E,0.9905,LPath
L226F,0.9518,LPath
L226G,0.9896,LPath
L226H,0.9913,LPath
L226I,0.7355,LPath
L226K,0.9838,LPath
L226M,0.6885,LPath
L226N,0.9921,LPath
L226P,0.9981,LPath
L226Q,0.9825,LPath
L226R,0.97,LPath
L226S,0.9928,LPath
L226T,0.9623,LPath
L226V,0.7959,LPath
L226W,0.9774,LPath
L226Y,0.9875,LPath
E227A,0.7892,LPath
E227C,0.9873,LPath
E227D,0.5415,Amb
E227F,0.9921,LPath
E227G,0.8049,LPath
E227H,0.9657,LPath
E227I,0.9745,LPath
E227K,0.9497,LPath
E227L,0.9519,LPath
E227M,0.967,LPath
E227N,0.9143,LPath
E227P,0.9948,LPath
E227Q,0.7315,LPath
E227R,0.9295,LPath
E227S,0.8347,LPath
E227T,0.8984,LPath
E227V,0.9151,LPath
E227W,0.996,LPath
E227Y,0.9836,LPath
M228A,0.9716,LPath
M228C,0.9752,LPath
M228D,0.9966,LPath
M228E,0.9939,LPath
M228F,0.8977,LPath
M228G,0.9939,LPath
M228H,0.9948,LPath
M228I,0.7791,LPath
M228K,0.9904,LPath
M228L,0.5751,LPath
M228N,0.9844,LPath
M228P,0.9989,LPath
M228Q,0.9822,LPath
M228R,0.9939,LPath
M228S,0.9864,LPath
M228T,0.9734,LPath
M228V,0.5247,Amb
M228W,0.9932,LPath
M228Y,0.9875,LPath
T229A,0.7679,LPath
T229C,0.962,LPath
T229D,0.9954,LPath
T229E,0.9923,LPath
T229F,0.9951,LPath
T229G,0.8927,LPath
T229H,0.9906,LPath
T229I,0.991,LPath
T229K,0.9914,LPath
T229L,0.9672,LPath
T229M,0.9356,LPath
T229N,0.9762,LPath
T229P,0.9764,LPath
T229Q,0.9751,LPath
T229R,0.9843,LPath
T229S,0.8598,LPath
T229V,0.9421,LPath
T229W,0.9984,LPath
T229Y,0.9963,LPath
N230A,0.2858,LBen
N230C,0.3658,Amb
N230D,0.3598,Amb
N230E,0.6135,LPath
N230F,0.8295,LPath
N230G,0.1976,LBen
N230H,0.1816,LBen
N230I,0.6941,LPath
N230K,0.6946,LPath
N230L,0.5106,Amb
N230M,0.5691,LPath
N230P,0.9428,LPath
N230Q,0.4077,Amb
N230R,0.6163,LPath
N230S,0.0667,LBen
N230T,0.1628,LBen
N230V,0.5009,Amb
N230W,0.8978,LPath
N230Y,0.4504,Amb
K231A,0.9555,LPath
K231C,0.9548,LPath
K231D,0.9839,LPath
K231E,0.9778,LPath
K231F,0.9929,LPath
K231G,0.9698,LPath
K231H,0.8014,LPath
K231I,0.9698,LPath
K231L,0.9455,LPath
K231M,0.9389,LPath
K231N,0.9755,LPath
K231P,0.993,LPath
K231Q,0.8317,LPath
K231R,0.1728,LBen
K231S,0.9733,LPath
K231T,0.9062,LPath
K231V,0.9364,LPath
K231W,0.9892,LPath
K231Y,0.9589,LPath
F232A,0.9984,LPath
F232C,0.9971,LPath
F232D,0.9995,LPath
F232E,0.9993,LPath
F232G,0.9988,LPath
F232H,0.9975,LPath
F232I,0.9832,LPath
F232K,0.9994,LPath
F232L,0.999,LPath
F232M,0.9911,LPath
F232N,0.9985,LPath
F232P,1.0,LPath
F232Q,0.999,LPath
F232R,0.9978,LPath
F232S,0.9993,LPath
F232T,0.999,LPath
F232V,0.9894,LPath
F232W,0.9748,LPath
F232Y,0.9239,LPath
M233A,0.9867,LPath
M233C,0.9331,LPath
M233D,0.9997,LPath
M233E,0.9981,LPath
M233F,0.9799,LPath
M233G,0.994,LPath
M233H,0.9979,LPath
M233I,0.9976,LPath
M233K,0.9961,LPath
M233L,0.8223,LPath
M233N,0.9968,LPath
M233P,0.9998,LPath
M233Q,0.9631,LPath
M233R,0.9967,LPath
M233S,0.9828,LPath
M233T,0.944,LPath
M233V,0.9306,LPath
M233W,0.9994,LPath
M233Y,0.9991,LPath
T234A,0.367,Amb
T234C,0.7904,LPath
T234D,0.8282,LPath
T234E,0.792,LPath
T234F,0.8825,LPath
T234G,0.5149,Amb
T234H,0.6445,LPath
T234I,0.8364,LPath
T234K,0.7265,LPath
T234L,0.6196,LPath
T234M,0.5335,Amb
T234N,0.3453,Amb
T234P,0.8826,LPath
T234Q,0.5585,Amb
T234R,0.5706,LPath
T234S,0.3077,LBen
T234V,0.6059,LPath
T234W,0.9558,LPath
T234Y,0.8639,LPath
D235A,0.7916,LPath
D235C,0.9721,LPath
D235E,0.5,Amb
D235F,0.9811,LPath
D235G,0.8958,LPath
D235H,0.8519,LPath
D235I,0.974,LPath
D235K,0.9277,LPath
D235L,0.9481,LPath
D235M,0.9772,LPath
D235N,0.4536,Amb
D235P,0.9927,LPath
D235Q,0.8402,LPath
D235R,0.9141,LPath
D235S,0.6365,LPath
D235T,0.8656,LPath
D235V,0.9119,LPath
D235W,0.9952,LPath
D235Y,0.8771,LPath
P236A,0.9326,LPath
P236C,0.9949,LPath
P236D,0.9987,LPath
P236E,0.9983,LPath
P236F,0.9992,LPath
P236G,0.986,LPath
P236H,0.9944,LPath
P236I,0.9988,LPath
P236K,0.9982,LPath
P236L,0.9955,LPath
P236M,0.999,LPath
P236N,0.9982,LPath
P236Q,0.9974,LPath
P236R,0.9934,LPath
P236S,0.9885,LPath
P236T,0.9905,LPath
P236V,0.995,LPath
P236W,0.9996,LPath
P236Y,0.9985,LPath
I237A,0.8276,LPath
I237C,0.837,LPath
I237D,0.9916,LPath
I237E,0.9637,LPath
I237F,0.6953,LPath
I237G,0.9718,LPath
I237H,0.9561,LPath
I237K,0.9345,LPath
I237L,0.2877,LBen
I237M,0.3243,LBen
I237N,0.9102,LPath
I237P,0.9899,LPath
I237Q,0.92,LPath
I237R,0.9125,LPath
I237S,0.8709,LPath
I237T,0.6894,LPath
I237V,0.0739,LBen
I237W,0.9848,LPath
I237Y,0.9424,LPath
R238A,0.9786,LPath
R238C,0.8276,LPath
R238D,0.992,LPath
R238E,0.9535,LPath
R238F,0.9904,LPath
R238G,0.9665,LPath
R238H,0.7093,LPath
R238I,0.9743,LPath
R238K,0.5592,Amb
R238L,0.9439,LPath
R238M,0.979,LPath
R238N,0.9843,LPath
R238P,0.9934,LPath
R238Q,0.6836,LPath
R238S,0.9792,LPath
R238T,0.9579,LPath
R238V,0.9637,LPath
R238W,0.9308,LPath
R238Y,0.9703,LPath
I239A,0.9971,LPath
I239C,0.9907,LPath
I239D,0.9998,LPath
I239E,0.9993,LPath
I239F,0.9629,LPath
I239G,0.9993,LPath
I239H,0.9991,LPath
I239K,0.9992,LPath
I239L,0.7917,LPath
I239M,0.8884,LPath
I239N,0.9968,LPath
I239P,0.9991,LPath
I239Q,0.9992,LPath
I239R,0.9986,LPath
I239S,0.9973,LPath
I239T,0.9969,LPath
I239V,0.2773,LBen
I239W,0.999,LPath
I239Y,0.9954,LPath
L240A,0.9617,LPath
L240C,0.9812,LPath
L240D,0.999,LPath
L240E,0.9957,LPath
L240F,0.9495,LPath
L240G,0.9902,LPath
L240H,0.9903,LPath
L240I,0.8567,LPath
L240K,0.9851,LPath
L240M,0.7908,LPath
L240N,0.9909,LPath
L240P,0.9984,LPath
L240Q,0.9871,LPath
L240R,0.9657,LPath
L240S,0.9913,LPath
L240T,0.9504,LPath
L240V,0.8656,LPath
L240W,0.9863,LPath
L240Y,0.9854,LPath
V241A,0.9741,LPath
V241C,0.97,LPath
V241D,0.996,LPath
V241E,0.9899,LPath
V241F,0.9619,LPath
V241G,0.9267,LPath
V241H,0.9958,LPath
V241I,0.577,LPath
V241K,0.9904,LPath
V241L,0.933,LPath
V241M,0.9637,LPath
V241N,0.9831,LPath
V241P,0.991,LPath
V241Q,0.9757,LPath
V241R,0.9698,LPath
V241S,0.9606,LPath
V241T,0.9538,LPath
V241W,0.9982,LPath
V241Y,0.9912,LPath
K242A,0.9669,LPath
K242C,0.9875,LPath
K242D,0.9891,LPath
K242E,0.9639,LPath
K242F,0.9982,LPath
K242G,0.9661,LPath
K242H,0.9197,LPath
K242I,0.9941,LPath
K242L,0.9765,LPath
K242M,0.9722,LPath
K242N,0.9854,LPath
K242P,0.9626,LPath
K242Q,0.8108,LPath
K242R,0.2699,LBen
K242S,0.9786,LPath
K242T,0.9633,LPath
K242V,0.9855,LPath
K242W,0.9976,LPath
K242Y,0.9937,LPath
R243A,0.9799,LPath
R243C,0.9844,LPath
R243D,0.9822,LPath
R243E,0.9379,LPath
R243F,0.9974,LPath
R243G,0.9511,LPath
R243H,0.9137,LPath
R243I,0.993,LPath
R243K,0.6349,LPath
R243L,0.9776,LPath
R243M,0.9919,LPath
R243N,0.986,LPath
R243P,0.984,LPath
R243Q,0.8371,LPath
R243S,0.988,LPath
R243T,0.9824,LPath
R243V,0.9876,LPath
R243W,0.9803,LPath
R243Y,0.9878,LPath
D244A,0.9372,LPath
D244C,0.9972,LPath
D244E,0.8306,LPath
D244F,0.9965,LPath
D244G,0.9291,LPath
D244H,0.9833,LPath
D244I,0.996,LPath
D244K,0.9853,LPath
D244L,0.9907,LPath
D244M,0.9965,LPath
D244N,0.8845,LPath
D244P,0.9957,LPath
D244Q,0.9693,LPath
D244R,0.9833,LPath
D244S,0.9039,LPath
D244T,0.9763,LPath
D244V,0.9831,LPath
D244W,0.9982,LPath
D244Y,0.9803,LPath
E245A,0.8531,LPath
E245C,0.9899,LPath
E245D,0.9305,LPath
E245F,0.9954,LPath
E245G,0.9185,LPath
E245H,0.9867,LPath
E245I,0.9833,LPath
E245K,0.9512,LPath
E245L,0.9825,LPath
E245M,0.9745,LPath
E245N,0.9691,LPath
E245P,0.9985,LPath
E245Q,0.7894,LPath
E245R,0.9427,LPath
E245S,0.9217,LPath
E245T,0.9455,LPath
E245V,0.9505,LPath
E245W,0.999,LPath
E245Y,0.9928,LPath
L246A,0.9846,LPath
L246C,0.9971,LPath
L246D,0.9995,LPath
L246E,0.9967,LPath
L246F,0.9947,LPath
L246G,0.9964,LPath
L246H,0.9992,LPath
L246I,0.7667,LPath
L246K,0.995,LPath
L246M,0.8656,LPath
L246N,0.9948,LPath
L246P,0.9991,LPath
L246Q,0.9971,LPath
L246R,0.9939,LPath
L246S,0.9989,LPath
L246T,0.9888,LPath
L246V,0.8502,LPath
L246W,0.9985,LPath
L246Y,0.9975,LPath
T247A,0.9249,LPath
T247C,0.9907,LPath
T247D,0.9908,LPath
T247E,0.9905,LPath
T247F,0.9886,LPath
T247G,0.9511,LPath
T247H,0.9767,LPath
T247I,0.9929,LPath
T247K,0.9822,LPath
T247L,0.9519,LPath
T247M,0.9515,LPath
T247N,0.9465,LPath
T247P,0.9445,LPath
T247Q,0.9673,LPath
T247R,0.9742,LPath
T247S,0.8833,LPath
T247V,0.9628,LPath
T247W,0.9979,LPath
T247Y,0.9927,LPath
L248A,0.9835,LPath
L248C,0.9981,LPath
L248D,0.9997,LPath
L248E,0.9984,LPath
L248F,0.9957,LPath
L248G,0.9961,LPath
L248H,0.9994,LPath
L248I,0.9391,LPath
L248K,0.9971,LPath
L248M,0.9361,LPath
L248N,0.9975,LPath
L248P,0.9976,LPath
L248Q,0.9981,LPath
L248R,0.9948,LPath
L248S,0.9983,LPath
L248T,0.9869,LPath
L248V,0.9318,LPath
L248W,0.9988,LPath
L248Y,0.9991,LPath
E249A,0.8609,LPath
E249C,0.9941,LPath
E249D,0.6892,LPath
E249F,0.997,LPath
E249G,0.9024,LPath
E249H,0.9855,LPath
E249I,0.9898,LPath
E249K,0.9675,LPath
E249L,0.9843,LPath
E249M,0.9884,LPath
E249N,0.9655,LPath
E249P,0.9957,LPath
E249Q,0.8401,LPath
E249R,0.9596,LPath
E249S,0.9032,LPath
E249T,0.9518,LPath
E249V,0.962,LPath
E249W,0.9984,LPath
E249Y,0.9938,LPath
G250A,0.969,LPath
G250C,0.9921,LPath
G250D,0.9949,LPath
G250E,0.9964,LPath
G250F,0.998,LPath
G250H,0.9993,LPath
G250I,0.9964,LPath
G250K,0.9992,LPath
G250L,0.9972,LPath
G250M,0.9977,LPath
G250N,0.9923,LPath
G250P,0.9997,LPath
G250Q,0.9983,LPath
G250R,0.9986,LPath
G250S,0.9812,LPath
G250T,0.987,LPath
G250V,0.9904,LPath
G250W,0.9985,LPath
G250Y,0.9978,LPath
I251A,0.997,LPath
I251C,0.9988,LPath
I251D,0.9998,LPath
I251E,0.9985,LPath
I251F,0.9934,LPath
I251G,0.9993,LPath
I251H,0.9998,LPath
I251K,0.9989,LPath
I251L,0.7794,LPath
I251M,0.9312,LPath
I251N,0.9978,LPath
I251P,0.9988,LPath
I251Q,0.9992,LPath
I251R,0.9981,LPath
I251S,0.9984,LPath
I251T,0.9966,LPath
I251V,0.7644,LPath
I251W,0.9995,LPath
I251Y,0.9991,LPath
K252A,0.9748,LPath
K252C,0.9675,LPath
K252D,0.9944,LPath
K252E,0.9825,LPath
K252F,0.9972,LPath
K252G,0.9776,LPath
K252H,0.8728,LPath
K252I,0.9885,LPath
K252L,0.9705,LPath
K252M,0.9709,LPath
K252N,0.9915,LPath
K252P,0.9963,LPath
K252Q,0.7773,LPath
K252R,0.1498,LBen
K252S,0.9799,LPath
K252T,0.9404,LPath
K252V,0.9706,LPath
K252W,0.9937,LPath
K252Y,0.9887,LPath
Q253A,0.9282,LPath
Q253C,0.9978,LPath
Q253D,0.9967,LPath
Q253E,0.9104,LPath
Q253F,0.9986,LPath
Q253G,0.9523,LPath
Q253H,0.9964,LPath
Q253I,0.9949,LPath
Q253K,0.9957,LPath
Q253L,0.9882,LPath
Q253M,0.9608,LPath
Q253N,0.9196,LPath
Q253P,0.998,LPath
Q253R,0.997,LPath
Q253S,0.8778,LPath
Q253T,0.9366,LPath
Q253V,0.9883,LPath
Q253W,0.9995,LPath
Q253Y,0.9989,LPath
F254A,0.9982,LPath
F254C,0.9902,LPath
F254D,0.9994,LPath
F254E,0.9995,LPath
F254G,0.9979,LPath
F254H,0.9913,LPath
F254I,0.9971,LPath
F254K,0.9995,LPath
F254L,0.9996,LPath
F254M,0.9965,LPath
F254N,0.9959,LPath
F254P,1.0,LPath
F254Q,0.9984,LPath
F254R,0.9971,LPath
F254S,0.9979,LPath
F254T,0.9991,LPath
F254V,0.9948,LPath
F254W,0.9546,LPath
F254Y,0.5373,Amb
F255A,0.9932,LPath
F255C,0.9757,LPath
F255D,0.9991,LPath
F255E,0.9991,LPath
F255G,0.9969,LPath
F255H,0.9713,LPath
F255I,0.9912,LPath
F255K,0.9991,LPath
F255L,0.9987,LPath
F255M,0.9916,LPath
F255N,0.9959,LPath
F255P,0.9999,LPath
F255Q,0.9966,LPath
F255R,0.9943,LPath
F255S,0.9928,LPath
F255T,0.9964,LPath
F255V,0.9812,LPath
F255W,0.8867,LPath
F255Y,0.53,Amb
V256A,0.9898,LPath
V256C,0.9872,LPath
V256D,0.9997,LPath
V256E,0.9989,LPath
V256F,0.9871,LPath
V256G,0.9916,LPath
V256H,0.9997,LPath
V256I,0.286,LBen
V256K,0.9993,LPath
V256L,0.9365,LPath
V256M,0.9801,LPath
V256N,0.9988,LPath
V256P,0.9989,LPath
V256Q,0.9988,LPath
V256R,0.9972,LPath
V256S,0.9943,LPath
V256T,0.9823,LPath
V256W,0.9996,LPath
V256Y,0.9985,LPath
A257C,0.8372,LPath
A257D,0.9696,LPath
A257E,0.973,LPath
A257F,0.9201,LPath
A257G,0.6267,LPath
A257H,0.9505,LPath
A257I,0.9665,LPath
A257K,0.9925,LPath
A257L,0.8271,LPath
A257M,0.8745,LPath
A257N,0.7856,LPath
A257P,0.9473,LPath
A257Q,0.889,LPath
A257R,0.9698,LPath
A257S,0.2303,LBen
A257T,0.786,LPath
A257V,0.8663,LPath
A257W,0.9872,LPath
A257Y,0.9493,LPath
V258A,0.927,LPath
V258C,0.9179,LPath
V258D,0.9989,LPath
V258E,0.9962,LPath
V258F,0.9916,LPath
V258G,0.9633,LPath
V258H,0.9994,LPath
V258I,0.3062,LBen
V258K,0.9984,LPath
V258L,0.9278,LPath
V258M,0.9216,LPath
V258N,0.9932,LPath
V258P,0.9955,LPath
V258Q,0.9957,LPath
V258R,0.9962,LPath
V258S,0.9686,LPath
V258T,0.8046,LPath
V258W,0.9998,LPath
V258Y,0.9992,LPath
E259A,0.8954,LPath
E259C,0.9921,LPath
E259D,0.3848,Amb
E259F,0.9967,LPath
E259G,0.7493,LPath
E259H,0.9837,LPath
E259I,0.9924,LPath
E259K,0.9623,LPath
E259L,0.9858,LPath
E259M,0.9907,LPath
E259N,0.9039,LPath
E259P,0.9712,LPath
E259Q,0.824,LPath
E259R,0.9552,LPath
E259S,0.8544,LPath
E259T,0.9512,LPath
E259V,0.9738,LPath
E259W,0.9984,LPath
E259Y,0.9926,LPath
R260A,0.8572,LPath
R260C,0.6143,LPath
R260D,0.9201,LPath
R260E,0.7002,LPath
R260F,0.9509,LPath
R260G,0.8136,LPath
R260H,0.3701,Amb
R260I,0.8853,LPath
R260K,0.1355,LBen
R260L,0.788,LPath
R260M,0.8049,LPath
R260N,0.8695,LPath
R260P,0.9941,LPath
R260Q,0.2643,LBen
R260S,0.896,LPath
R260T,0.7935,LPath
R260V,0.8379,LPath
R260W,0.8374,LPath
R260Y,0.8647,LPath
E261A,0.9746,LPath
E261C,0.9973,LPath
E261D,0.7571,LPath
E261F,0.9993,LPath
E261G,0.962,LPath
E261H,0.9971,LPath
E261I,0.9969,LPath
E261K,0.9902,LPath
E261L,0.9959,LPath
E261M,0.996,LPath
E261N,0.9708,LPath
E261P,0.9884,LPath
E261Q,0.9626,LPath
E261R,0.9892,LPath
E261S,0.9726,LPath
E261T,0.9837,LPath
E261V,0.9897,LPath
E261W,0.9994,LPath
E261Y,0.9982,LPath
E262A,0.7039,LPath
E262C,0.9842,LPath
E262D,0.2433,LBen
E262F,0.9893,LPath
E262G,0.7955,LPath
E262H,0.9604,LPath
E262I,0.9324,LPath
E262K,0.9263,LPath
E262L,0.9546,LPath
E262M,0.9583,LPath
E262N,0.7977,LPath
E262P,0.9643,LPath
E262Q,0.7443,LPath
E262R,0.9332,LPath
E262S,0.7417,LPath
E262T,0.8484,LPath
E262V,0.8649,LPath
E262W,0.996,LPath
E262Y,0.9801,LPath
W263A,0.9922,LPath
W263C,0.995,LPath
W263D,0.9951,LPath
W263E,0.9971,LPath
W263F,0.7727,LPath
W263G,0.9728,LPath
W263H,0.9798,LPath
W263I,0.9967,LPath
W263K,0.9995,LPath
W263L,0.9887,LPath
W263M,0.9931,LPath
W263N,0.9909,LPath
W263P,0.9996,LPath
W263Q,0.9987,LPath
W263R,0.9989,LPath
W263S,0.9897,LPath
W263T,0.997,LPath
W263V,0.9941,LPath
W263Y,0.8277,LPath
K264A,0.9959,LPath
K264C,0.9968,LPath
K264D,0.999,LPath
K264E,0.998,LPath
K264F,0.9997,LPath
K264G,0.9968,LPath
K264H,0.9916,LPath
K264I,0.9973,LPath
K264L,0.9942,LPath
K264M,0.9935,LPath
K264N,0.9991,LPath
K264P,0.9985,LPath
K264Q,0.9912,LPath
K264R,0.7106,LPath
K264S,0.9989,LPath
K264T,0.9952,LPath
K264V,0.9946,LPath
K264W,0.9996,LPath
K264Y,0.998,LPath
F265A,0.9758,LPath
F265C,0.962,LPath
F265D,0.9961,LPath
F265E,0.9942,LPath
F265G,0.9844,LPath
F265H,0.9732,LPath
F265I,0.9203,LPath
F265K,0.9942,LPath
F265L,0.9607,LPath
F265M,0.9,LPath
F265N,0.9855,LPath
F265P,0.9989,LPath
F265Q,0.9909,LPath
F265R,0.9884,LPath
F265S,0.9895,LPath
F265T,0.9811,LPath
F265V,0.9115,LPath
F265W,0.8095,LPath
F265Y,0.4723,Amb
D266A,0.8737,LPath
D266C,0.9917,LPath
D266E,0.6319,LPath
D266F,0.99,LPath
D266G,0.8902,LPath
D266H,0.9731,LPath
D266I,0.9924,LPath
D266K,0.9852,LPath
D266L,0.9711,LPath
D266M,0.9937,LPath
D266N,0.8646,LPath
D266P,0.9666,LPath
D266Q,0.9551,LPath
D266R,0.9778,LPath
D266S,0.8457,LPath
D266T,0.9656,LPath
D266V,0.9723,LPath
D266W,0.9978,LPath
D266Y,0.9568,LPath
T267A,0.7896,LPath
T267C,0.8915,LPath
T267D,0.9966,LPath
T267E,0.9957,LPath
T267F,0.9911,LPath
T267G,0.9523,LPath
T267H,0.9917,LPath
T267I,0.962,LPath
T267K,0.9949,LPath
T267L,0.9323,LPath
T267M,0.9211,LPath
T267N,0.9705,LPath
T267P,0.9906,LPath
T267Q,0.9908,LPath
T267R,0.9883,LPath
T267S,0.8975,LPath
T267V,0.7824,LPath
T267W,0.9987,LPath
T267Y,0.9944,LPath
L268A,0.9761,LPath
L268C,0.9859,LPath
L268D,0.9999,LPath
L268E,0.9996,LPath
L268F,0.9885,LPath
L268G,0.9984,LPath
L268H,0.9994,LPath
L268I,0.6656,LPath
L268K,0.9995,LPath
L268M,0.8316,LPath
L268N,0.9992,LPath
L268P,0.9998,LPath
L268Q,0.999,LPath
L268R,0.9989,LPath
L268S,0.9985,LPath
L268T,0.9835,LPath
L268V,0.6885,LPath
L268W,0.9994,LPath
L268Y,0.9991,LPath
C269A,0.7578,LPath
C269D,0.994,LPath
C269E,0.9869,LPath
C269F,0.9497,LPath
C269G,0.7734,LPath
C269H,0.9779,LPath
C269I,0.8299,LPath
C269K,0.984,LPath
C269L,0.8003,LPath
C269M,0.8176,LPath
C269N,0.9242,LPath
C269P,0.9992,LPath
C269Q,0.9416,LPath
C269R,0.9411,LPath
C269S,0.7243,LPath
C269T,0.6322,LPath
C269V,0.5954,LPath
C269W,0.9881,LPath
C269Y,0.9776,LPath
D270A,0.9973,LPath
D270C,0.9995,LPath
D270E,0.9951,LPath
D270F,0.9989,LPath
D270G,0.9976,LPath
D270H,0.9973,LPath
D270I,0.9996,LPath
D270K,0.999,LPath
D270L,0.9983,LPath
D270M,0.9997,LPath
D270N,0.992,LPath
D270P,0.9998,LPath
D270Q,0.9987,LPath
D270R,0.9979,LPath
D270S,0.9949,LPath
D270T,0.9991,LPath
D270V,0.9983,LPath
D270W,0.9995,LPath
D270Y,0.9934,LPath
L271A,0.9893,LPath
L271C,0.9923,LPath
L271D,0.9997,LPath
L271E,0.9991,LPath
L271F,0.974,LPath
L271G,0.9986,LPath
L271H,0.9987,LPath
L271I,0.5616,Amb
L271K,0.9985,LPath
L271M,0.8169,LPath
L271N,0.9985,LPath
L271P,0.9997,LPath
L271Q,0.9987,LPath
L271R,0.9968,LPath
L271S,0.9988,LPath
L271T,0.9888,LPath
L271V,0.7918,LPath
L271W,0.9969,LPath
L271Y,0.9966,LPath
Y272A,0.9932,LPath
Y272C,0.9708,LPath
Y272D,0.9972,LPath
Y272E,0.9991,LPath
Y272F,0.4468,Amb
Y272G,0.9774,LPath
Y272H,0.9938,LPath
Y272I,0.9902,LPath
Y272K,0.9984,LPath
Y272L,0.9326,LPath
Y272M,0.9861,LPath
Y272N,0.989,LPath
Y272P,0.998,LPath
Y272Q,0.9986,LPath
Y272R,0.9933,LPath
Y272S,0.9816,LPath
Y272T,0.9924,LPath
Y272V,0.9715,LPath
Y272W,0.9317,LPath
D273A,0.9168,LPath
D273C,0.9946,LPath
D273E,0.7513,LPath
D273F,0.9927,LPath
D273G,0.8637,LPath
D273H,0.9623,LPath
D273I,0.9959,LPath
D273K,0.974,LPath
D273L,0.9833,LPath
D273M,0.9949,LPath
D273N,0.7716,LPath
D273P,0.9985,LPath
D273Q,0.9507,LPath
D273R,0.9626,LPath
D273S,0.8154,LPath
D273T,0.9638,LPath
D273V,0.9818,LPath
D273W,0.9982,LPath
D273Y,0.9519,LPath
T274A,0.6163,LPath
T274C,0.8658,LPath
T274D,0.9667,LPath
T274E,0.9484,LPath
T274F,0.9365,LPath
T274G,0.7582,LPath
T274H,0.8978,LPath
T274I,0.9094,LPath
T274K,0.9599,LPath
T274L,0.7708,LPath
T274M,0.6926,LPath
T274N,0.6854,LPath
T274P,0.982,LPath
T274Q,0.8739,LPath
T274R,0.9367,LPath
T274S,0.5463,Amb
T274V,0.7588,LPath
T274W,0.9887,LPath
T274Y,0.9461,LPath
L275A,0.9642,LPath
L275C,0.9743,LPath
L275D,0.9995,LPath
L275E,0.9975,LPath
L275F,0.9662,LPath
L275G,0.9956,LPath
L275H,0.9971,LPath
L275I,0.5996,LPath
L275K,0.9962,LPath
L275M,0.6237,LPath
L275N,0.9948,LPath
L275P,0.999,LPath
L275Q,0.993,LPath
L275R,0.9934,LPath
L275S,0.9943,LPath
L275T,0.9757,LPath
L275V,0.5926,LPath
L275W,0.9964,LPath
L275Y,0.9951,LPath
T276A,0.5848,LPath
T276C,0.9287,LPath
T276D,0.9769,LPath
T276E,0.9707,LPath
T276F,0.9612,LPath
T276G,0.8332,LPath
T276H,0.9456,LPath
T276I,0.9408,LPath
T276K,0.9762,LPath
T276L,0.8135,LPath
T276M,0.7843,LPath
T276N,0.7473,LPath
T276P,0.8732,LPath
T276Q,0.9148,LPath
T276R,0.9564,LPath
T276S,0.6555,LPath
T276V,0.7691,LPath
T276W,0.9946,LPath
T276Y,0.9778,LPath
I277A,0.9877,LPath
I277C,0.9966,LPath
I277D,0.9997,LPath
I277E,0.9992,LPath
I277F,0.9846,LPath
I277G,0.9991,LPath
I277H,0.9997,LPath
I277K,0.9995,LPath
I277L,0.8927,LPath
I277M,0.9133,LPath
I277N,0.9968,LPath
I277P,0.9966,LPath
I277Q,0.9993,LPath
I277R,0.9989,LPath
I277S,0.9947,LPath
I277T,0.9902,LPath
I277V,0.2928,LBen
I277W,0.9997,LPath
I277Y,0.9988,LPath
T278A,0.6649,LPath
T278C,0.9461,LPath
T278D,0.9891,LPath
T278E,0.9859,LPath
T278F,0.9658,LPath
T278G,0.8026,LPath
T278H,0.9463,LPath
T278I,0.986,LPath
T278K,0.9841,LPath
T278L,0.8867,LPath
T278M,0.8456,LPath
T278N,0.8336,LPath
T278P,0.854,LPath
T278Q,0.9079,LPath
T278R,0.968,LPath
T278S,0.6172,LPath
T278V,0.9261,LPath
T278W,0.9938,LPath
T278Y,0.9788,LPath
Q279A,0.7487,LPath
Q279C,0.9905,LPath
Q279D,0.9979,LPath
Q279E,0.892,LPath
Q279F,0.9975,LPath
Q279G,0.855,LPath
Q279H,0.9846,LPath
Q279I,0.9921,LPath
Q279K,0.9707,LPath
Q279L,0.9554,LPath
Q279M,0.9012,LPath
Q279N,0.9367,LPath
Q279P,0.9896,LPath
Q279R,0.9699,LPath
Q279S,0.6727,LPath
Q279T,0.8488,LPath
Q279V,0.9693,LPath
Q279W,0.9985,LPath
Q279Y,0.9978,LPath
A280C,0.8531,LPath
A280D,0.9989,LPath
A280E,0.9987,LPath
A280F,0.9961,LPath
A280G,0.7165,LPath
A280H,0.9982,LPath
A280I,0.9938,LPath
A280K,0.9997,LPath
A280L,0.9706,LPath
A280M,0.974,LPath
A280N,0.9935,LPath
A280P,0.9996,LPath
A280Q,0.995,LPath
A280R,0.9985,LPath
A280S,0.4527,Amb
A280T,0.8673,LPath
A280V,0.9586,LPath
A280W,0.9996,LPath
A280Y,0.9984,LPath
V281A,0.9719,LPath
V281C,0.957,LPath
V281D,0.9993,LPath
V281E,0.9983,LPath
V281F,0.985,LPath
V281G,0.9804,LPath
V281H,0.9994,LPath
V281I,0.262,LBen
V281K,0.9992,LPath
V281L,0.929,LPath
V281M,0.9274,LPath
V281N,0.9936,LPath
V281P,0.9991,LPath
V281Q,0.9973,LPath
V281R,0.9981,LPath
V281S,0.9816,LPath
V281T,0.9405,LPath
V281W,0.9998,LPath
V281Y,0.9988,LPath
I282A,0.9915,LPath
I282C,0.9909,LPath
I282D,0.9999,LPath
I282E,0.9998,LPath
I282F,0.9894,LPath
I282G,0.9993,LPath
I282H,0.9999,LPath
I282K,0.9998,LPath
I282L,0.6997,LPath
I282M,0.8983,LPath
I282N,0.9988,LPath
I282P,0.9997,LPath
I282Q,0.9998,LPath
I282R,0.9996,LPath
I282S,0.9968,LPath
I282T,0.9925,LPath
I282V,0.2574,LBen
I282W,0.9999,LPath
I282Y,0.9992,LPath
F283A,0.9992,LPath
F283C,0.9964,LPath
F283D,0.9999,LPath
F283E,0.9999,LPath
F283G,0.9993,LPath
F283H,0.9969,LPath
F283I,0.9978,LPath
F283K,0.9998,LPath
F283L,0.9995,LPath
F283M,0.997,LPath
F283N,0.999,LPath
F283P,1.0,LPath
F283Q,0.9996,LPath
F283R,0.9994,LPath
F283S,0.9988,LPath
F283T,0.9993,LPath
F283V,0.997,LPath
F283W,0.9733,LPath
F283Y,0.844,LPath
C284A,0.811,LPath
C284D,0.9997,LPath
C284E,0.9998,LPath
C284F,0.9967,LPath
C284G,0.9067,LPath
C284H,0.9996,LPath
C284I,0.9343,LPath
C284K,0.9999,LPath
C284L,0.9289,LPath
C284M,0.9822,LPath
C284N,0.9963,LPath
C284P,0.9993,LPath
C284Q,0.9993,LPath
C284R,0.9992,LPath
C284S,0.9161,LPath
C284T,0.8604,LPath
C284V,0.6899,LPath
C284W,0.9998,LPath
C284Y,0.9996,LPath
N285A,0.8024,LPath
N285C,0.6987,LPath
N285D,0.9354,LPath
N285E,0.9738,LPath
N285F,0.9864,LPath
N285G,0.7657,LPath
N285H,0.8506,LPath
N285I,0.9571,LPath
N285K,0.992,LPath
N285L,0.9007,LPath
N285M,0.9484,LPath
N285P,0.9789,LPath
N285Q,0.9408,LPath
N285R,0.9736,LPath
N285S,0.2796,LBen
N285T,0.7964,LPath
N285V,0.9114,LPath
N285W,0.9956,LPath
N285Y,0.9349,LPath
T286A,0.9232,LPath
T286C,0.9748,LPath
T286D,0.9898,LPath
T286E,0.9821,LPath
T286F,0.9756,LPath
T286G,0.8858,LPath
T286H,0.928,LPath
T286I,0.9951,LPath
T286K,0.9405,LPath
T286L,0.9505,LPath
T286M,0.9292,LPath
T286N,0.8806,LPath
T286P,0.9892,LPath
T286Q,0.8895,LPath
T286R,0.9084,LPath
T286S,0.7112,LPath
T286V,0.9682,LPath
T286W,0.9929,LPath
T286Y,0.9708,LPath
K287A,0.9796,LPath
K287C,0.9759,LPath
K287D,0.998,LPath
K287E,0.9892,LPath
K287F,0.9982,LPath
K287G,0.9848,LPath
K287H,0.9571,LPath
K287I,0.9735,LPath
K287L,0.9804,LPath
K287M,0.9746,LPath
K287N,0.997,LPath
K287P,0.9889,LPath
K287Q,0.8673,LPath
K287R,0.1225,LBen
K287S,0.9928,LPath
K287T,0.9704,LPath
K287V,0.9436,LPath
K287W,0.9961,LPath
K287Y,0.995,LPath
R288A,0.934,LPath
R288C,0.922,LPath
R288D,0.9728,LPath
R288E,0.9203,LPath
R288F,0.98,LPath
R288G,0.8742,LPath
R288H,0.7797,LPath
R288I,0.9523,LPath
R288K,0.4649,Amb
R288L,0.9096,LPath
R288M,0.9657,LPath
R288N,0.962,LPath
R288P,0.9878,LPath
R288Q,0.697,LPath
R288S,0.9659,LPath
R288T,0.9518,LPath
R288V,0.9346,LPath
R288W,0.9329,LPath
R288Y,0.9444,LPath
K289A,0.9817,LPath
K289C,0.9884,LPath
K289D,0.9952,LPath
K289E,0.9896,LPath
K289F,0.9982,LPath
K289G,0.978,LPath
K289H,0.9491,LPath
K289I,0.9935,LPath
K289L,0.9878,LPath
K289M,0.9698,LPath
K289N,0.9938,LPath
K289P,0.9983,LPath
K289Q,0.9469,LPath
K289R,0.431,Amb
K289S,0.9922,LPath
K289T,0.9486,LPath
K289V,0.9819,LPath
K289W,0.9978,LPath
K289Y,0.9932,LPath
V290A,0.8961,LPath
V290C,0.9439,LPath
V290D,0.9984,LPath
V290E,0.997,LPath
V290F,0.9979,LPath
V290G,0.872,LPath
V290H,0.9994,LPath
V290I,0.7865,LPath
V290K,0.9984,LPath
V290L,0.9926,LPath
V290M,0.9898,LPath
V290N,0.9862,LPath
V290P,0.999,LPath
V290Q,0.9955,LPath
V290R,0.9927,LPath
V290S,0.9302,LPath
V290T,0.7673,LPath
V290W,0.9999,LPath
V290Y,0.9993,LPath
D291A,0.8681,LPath
D291C,0.9844,LPath
D291E,0.5714,LPath
D291F,0.9777,LPath
D291G,0.9079,LPath
D291H,0.9677,LPath
D291I,0.9469,LPath
D291K,0.9775,LPath
D291L,0.9235,LPath
D291M,0.9748,LPath
D291N,0.6898,LPath
D291P,0.9983,LPath
D291Q,0.9381,LPath
D291R,0.9737,LPath
D291S,0.8264,LPath
D291T,0.884,LPath
D291V,0.8699,LPath
D291W,0.9961,LPath
D291Y,0.9319,LPath
W292A,0.9032,LPath
W292C,0.9767,LPath
W292D,0.971,LPath
W292E,0.9762,LPath
W292F,0.3227,LBen
W292G,0.8873,LPath
W292H,0.911,LPath
W292I,0.9258,LPath
W292K,0.9916,LPath
W292L,0.8611,LPath
W292M,0.895,LPath
W292N,0.964,LPath
W292P,0.9995,LPath
W292Q,0.9787,LPath
W292R,0.9839,LPath
W292S,0.8816,LPath
W292T,0.9143,LPath
W292V,0.8989,LPath
W292Y,0.5994,LPath
L293A,0.9861,LPath
L293C,0.9778,LPath
L293D,0.9999,LPath
L293E,0.999,LPath
L293F,0.9953,LPath
L293G,0.9977,LPath
L293H,0.9994,LPath
L293I,0.6567,LPath
L293K,0.9987,LPath
L293M,0.8107,LPath
L293N,0.9988,LPath
L293P,0.9998,LPath
L293Q,0.9986,LPath
L293R,0.9982,LPath
L293S,0.9993,LPath
L293T,0.9885,LPath
L293V,0.5991,LPath
L293W,0.9996,LPath
L293Y,0.9993,LPath
T294A,0.2212,LBen
T294C,0.4936,Amb
T294D,0.9396,LPath
T294E,0.8388,LPath
T294F,0.8589,LPath
T294G,0.3688,Amb
T294H,0.7793,LPath
T294I,0.9183,LPath
T294K,0.8804,LPath
T294L,0.7161,LPath
T294M,0.4507,Amb
T294N,0.6261,LPath
T294P,0.9845,LPath
T294Q,0.6373,LPath
T294R,0.8137,LPath
T294S,0.2634,LBen
T294V,0.6076,LPath
T294W,0.9649,LPath
T294Y,0.8456,LPath
E295A,0.2981,LBen
E295C,0.9132,LPath
E295D,0.1611,LBen
E295F,0.9217,LPath
E295G,0.2642,LBen
E295H,0.7412,LPath
E295I,0.7716,LPath
E295K,0.6024,LPath
E295L,0.6951,LPath
E295M,0.7541,LPath
E295N,0.397,Amb
E295P,0.9954,LPath
E295Q,0.2786,LBen
E295R,0.6598,LPath
E295S,0.3092,LBen
E295T,0.4241,Amb
E295V,0.5789,LPath
E295W,0.9765,LPath
E295Y,0.8746,LPath
K296A,0.8607,LPath
K296C,0.8472,LPath
K296D,0.9817,LPath
K296E,0.7936,LPath
K296F,0.9879,LPath
K296G,0.9208,LPath
K296H,0.6671,LPath
K296I,0.949,LPath
K296L,0.8724,LPath
K296M,0.7748,LPath
K296N,0.93,LPath
K296P,0.9987,LPath
K296Q,0.3586,Amb
K296R,0.1481,LBen
K296S,0.9346,LPath
K296T,0.8507,LPath
K296V,0.8914,LPath
K296W,0.9842,LPath
K296Y,0.9595,LPath
M297A,0.9913,LPath
M297C,0.961,LPath
M297D,0.9998,LPath
M297E,0.9988,LPath
M297F,0.9417,LPath
M297G,0.9951,LPath
M297H,0.9989,LPath
M297I,0.991,LPath
M297K,0.9978,LPath
M297L,0.3707,Amb
M297N,0.9984,LPath
M297P,0.9999,LPath
M297Q,0.9923,LPath
M297R,0.9985,LPath
M297S,0.9972,LPath
M297T,0.9964,LPath
M297V,0.9235,LPath
M297W,0.9988,LPath
M297Y,0.9967,LPath
R298A,0.7897,LPath
R298C,0.5809,LPath
R298D,0.9455,LPath
R298E,0.664,LPath
R298F,0.9111,LPath
R298G,0.6444,LPath
R298H,0.3441,Amb
R298I,0.6532,LPath
R298K,0.1586,LBen
R298L,0.526,Amb
R298M,0.6556,LPath
R298N,0.8636,LPath
R298P,0.9957,LPath
R298Q,0.2504,LBen
R298S,0.8604,LPath
R298T,0.5696,LPath
R298V,0.6435,LPath
R298W,0.7283,LPath
R298Y,0.8603,LPath
E299A,0.1883,LBen
E299C,0.8851,LPath
E299D,0.1815,LBen
E299F,0.9091,LPath
E299G,0.2386,LBen
E299H,0.714,LPath
E299I,0.7121,LPath
E299K,0.5757,LPath
E299L,0.5983,LPath
E299M,0.6656,LPath
E299N,0.3773,Amb
E299P,0.9942,LPath
E299Q,0.2637,LBen
E299R,0.6632,LPath
E299S,0.2524,LBen
E299T,0.3643,Amb
E299V,0.5221,Amb
E299W,0.9767,LPath
E299Y,0.858,LPath
A300C,0.4811,Amb
A300D,0.8068,LPath
A300E,0.6078,LPath
A300F,0.6288,LPath
A300G,0.2943,LBen
A300H,0.5367,Amb
A300I,0.7744,LPath
A300K,0.8228,LPath
A300L,0.5061,Amb
A300M,0.4961,Amb
A300N,0.2259,LBen
A300P,0.9955,LPath
A300Q,0.3438,Amb
A300R,0.6585,LPath
A300S,0.1104,LBen
A300T,0.351,Amb
A300V,0.4844,Amb
A300W,0.9013,LPath
A300Y,0.6191,LPath
N301A,0.5193,Amb
N301C,0.5852,LPath
N301D,0.4535,Amb
N301E,0.7897,LPath
N301F,0.9329,LPath
N301G,0.3564,Amb
N301H,0.3979,Amb
N301I,0.9173,LPath
N301K,0.8227,LPath
N301L,0.7782,LPath
N301M,0.8558,LPath
N301P,0.9611,LPath
N301Q,0.6909,LPath
N301R,0.7648,LPath
N301S,0.1551,LBen
N301T,0.5466,Amb
N301V,0.8048,LPath
N301W,0.979,LPath
N301Y,0.6864,LPath
F302A,0.9978,LPath
F302C,0.9796,LPath
F302D,0.9994,LPath
F302E,0.9991,LPath
F302G,0.9985,LPath
F302H,0.9221,LPath
F302I,0.9912,LPath
F302K,0.9984,LPath
F302L,0.9993,LPath
F302M,0.9932,LPath
F302N,0.996,LPath
F302P,1.0,LPath
F302Q,0.9963,LPath
F302R,0.9945,LPath
F302S,0.9979,LPath
F302T,0.9985,LPath
F302V,0.9883,LPath
F302W,0.9446,LPath
F302Y,0.7221,LPath
T303A,0.6586,LPath
T303C,0.9435,LPath
T303D,0.9888,LPath
T303E,0.9821,LPath
T303F,0.968,LPath
T303G,0.9184,LPath
T303H,0.9604,LPath
T303I,0.9318,LPath
T303K,0.9785,LPath
T303L,0.8515,LPath
T303M,0.8281,LPath
T303N,0.9116,LPath
T303P,0.8152,LPath
T303Q,0.9392,LPath
T303R,0.9583,LPath
T303S,0.7478,LPath
T303V,0.7489,LPath
T303W,0.9945,LPath
T303Y,0.9831,LPath
V304A,0.9337,LPath
V304C,0.9402,LPath
V304D,0.9991,LPath
V304E,0.9986,LPath
V304F,0.9907,LPath
V304G,0.9694,LPath
V304H,0.9993,LPath
V304I,0.4322,Amb
V304K,0.9992,LPath
V304L,0.978,LPath
V304M,0.9823,LPath
V304N,0.9946,LPath
V304P,0.9965,LPath
V304Q,0.9981,LPath
V304R,0.9975,LPath
V304S,0.9528,LPath
V304T,0.8904,LPath
V304W,0.9998,LPath
V304Y,0.9987,LPath
S305A,0.1301,LBen
S305C,0.2308,LBen
S305D,0.9717,LPath
S305E,0.968,LPath
S305F,0.8946,LPath
S305G,0.4722,Amb
S305H,0.9288,LPath
S305I,0.7707,LPath
S305K,0.9943,LPath
S305L,0.6155,LPath
S305M,0.6623,LPath
S305N,0.8532,LPath
S305P,0.9966,LPath
S305Q,0.9234,LPath
S305R,0.9896,LPath
S305T,0.3123,LBen
S305V,0.5807,LPath
S305W,0.9667,LPath
S305Y,0.9018,LPath
S306A,0.0739,LBen
S306C,0.1293,LBen
S306D,0.967,LPath
S306E,0.9405,LPath
S306F,0.7026,LPath
S306G,0.2555,LBen
S306H,0.8242,LPath
S306I,0.8192,LPath
S306K,0.9778,LPath
S306L,0.5147,Amb
S306M,0.5406,Amb
S306N,0.7316,LPath
S306P,0.9218,LPath
S306Q,0.8148,LPath
S306R,0.9641,LPath
S306T,0.3713,Amb
S306V,0.6241,LPath
S306W,0.9128,LPath
S306Y,0.7327,LPath
M307A,0.9176,LPath
M307C,0.9185,LPath
M307D,0.9993,LPath
M307E,0.9965,LPath
M307F,0.9109,LPath
M307G,0.9847,LPath
M307H,0.9968,LPath
M307I,0.8585,LPath
M307K,0.9949,LPath
M307L,0.4833,Amb
M307N,0.9921,LPath
M307P,0.9985,LPath
M307Q,0.9744,LPath
M307R,0.9953,LPath
M307S,0.9535,LPath
M307T,0.9151,LPath
M307V,0.4825,Amb
M307W,0.9959,LPath
M307Y,0.992,LPath
H308A,0.9942,LPath
H308C,0.9443,LPath
H308D,0.9949,LPath
H308E,0.9983,LPath
H308F,0.9816,LPath
H308G,0.9937,LPath
H308I,0.9986,LPath
H308K,0.9977,LPath
H308L,0.9863,LPath
H308M,0.9957,LPath
H308N,0.9701,LPath
H308P,0.9914,LPath
H308Q,0.9949,LPath
H308R,0.9944,LPath
H308S,0.9771,LPath
H308T,0.9952,LPath
H308V,0.9972,LPath
H308W,0.9617,LPath
H308Y,0.9702,LPath
G309A,0.8636,LPath
G309C,0.9906,LPath
G309D,0.9982,LPath
G309E,0.9984,LPath
G309F,0.9974,LPath
G309H,0.999,LPath
G309I,0.9972,LPath
G309K,0.9994,LPath
G309L,0.9962,LPath
G309M,0.9971,LPath
G309N,0.9967,LPath
G309P,0.9995,LPath
G309Q,0.9971,LPath
G309R,0.9979,LPath
G309S,0.8174,LPath
G309T,0.984,LPath
G309V,0.9939,LPath
G309W,0.9976,LPath
G309Y,0.9982,LPath
D310A,0.9203,LPath
D310C,0.9926,LPath
D310E,0.6263,LPath
D310F,0.9923,LPath
D310G,0.8778,LPath
D310H,0.9875,LPath
D310I,0.9904,LPath
D310K,0.9875,LPath
D310L,0.9784,LPath
D310M,0.9928,LPath
D310N,0.8116,LPath
D310P,0.9977,LPath
D310Q,0.9737,LPath
D310R,0.9872,LPath
D310S,0.8542,LPath
D310T,0.9567,LPath
D310V,0.9715,LPath
D310W,0.9986,LPath
D310Y,0.9725,LPath
M311A,0.9786,LPath
M311C,0.9638,LPath
M311D,0.9966,LPath
M311E,0.9838,LPath
M311F,0.9069,LPath
M311G,0.9902,LPath
M311H,0.9828,LPath
M311I,0.9532,LPath
M311K,0.9051,LPath
M311L,0.4397,Amb
M311N,0.9823,LPath
M311P,0.9995,LPath
M311Q,0.8942,LPath
M311R,0.9498,LPath
M311S,0.9784,LPath
M311T,0.9786,LPath
M311V,0.7148,LPath
M311W,0.9894,LPath
M311Y,0.9734,LPath
P312A,0.1319,LBen
P312C,0.7835,LPath
P312D,0.63,LPath
P312E,0.4793,Amb
P312F,0.8766,LPath
P312G,0.4691,Amb
P312H,0.6226,LPath
P312I,0.5193,Amb
P312K,0.7571,LPath
P312L,0.2641,LBen
P312M,0.4736,Amb
P312N,0.4641,Amb
P312Q,0.3902,Amb
P312R,0.7109,LPath
P312S,0.2853,LBen
P312T,0.232,LBen
P312V,0.2816,LBen
P312W,0.9573,LPath
P312Y,0.886,LPath
Q313A,0.4525,Amb
Q313C,0.9925,LPath
Q313D,0.9753,LPath
Q313E,0.6735,LPath
Q313F,0.9649,LPath
Q313G,0.6664,LPath
Q313H,0.979,LPath
Q313I,0.8683,LPath
Q313K,0.9296,LPath
Q313L,0.7418,LPath
Q313M,0.6384,LPath
Q313N,0.8542,LPath
Q313P,0.741,LPath
Q313R,0.9317,LPath
Q313S,0.5962,LPath
Q313T,0.6972,LPath
Q313V,0.7353,LPath
Q313W,0.9877,LPath
Q313Y,0.9849,LPath
K314A,0.5172,Amb
K314C,0.8676,LPath
K314D,0.7366,LPath
K314E,0.5369,Amb
K314F,0.9225,LPath
K314G,0.5403,Amb
K314H,0.5048,Amb
K314I,0.726,LPath
K314L,0.64,LPath
K314M,0.6312,LPath
K314N,0.7125,LPath
K314P,0.702,LPath
K314Q,0.2746,LBen
K314R,0.0924,LBen
K314S,0.6576,LPath
K314T,0.5133,Amb
K314V,0.5868,LPath
K314W,0.8982,LPath
K314Y,0.8488,LPath
E315A,0.7143,LPath
E315C,0.9841,LPath
E315D,0.3591,Amb
E315F,0.9838,LPath
E315G,0.8052,LPath
E315H,0.9506,LPath
E315I,0.8906,LPath
E315K,0.8741,LPath
E315L,0.9085,LPath
E315M,0.9338,LPath
E315N,0.8792,LPath
E315P,0.9837,LPath
E315Q,0.6126,LPath
E315R,0.8837,LPath
E315S,0.8283,LPath
E315T,0.8102,LPath
E315V,0.7474,LPath
E315W,0.9939,LPath
E315Y,0.9673,LPath
R316A,0.9977,LPath
R316C,0.9978,LPath
R316D,0.998,LPath
R316E,0.9833,LPath
R316F,0.9997,LPath
R316G,0.9931,LPath
R316H,0.996,LPath
R316I,0.9985,LPath
R316K,0.9736,LPath
R316L,0.996,LPath
R316M,0.9994,LPath
R316N,0.999,LPath
R316P,0.9992,LPath
R316Q,0.9901,LPath
R316S,0.9993,LPath
R316T,0.9988,LPath
R316V,0.9981,LPath
R316W,0.9966,LPath
R316Y,0.9985,LPath
E317A,0.7007,LPath
E317C,0.9805,LPath
E317D,0.1931,LBen
E317F,0.9778,LPath
E317G,0.743,LPath
E317H,0.9504,LPath
E317I,0.9095,LPath
E317K,0.9136,LPath
E317L,0.8926,LPath
E317M,0.915,LPath
E317N,0.6528,LPath
E317P,0.9968,LPath
E317Q,0.6766,LPath
E317R,0.9149,LPath
E317S,0.7211,LPath
E317T,0.7684,LPath
E317V,0.8017,LPath
E317W,0.993,LPath
E317Y,0.96,LPath
S318A,0.0626,LBen
S318C,0.1858,LBen
S318D,0.442,Amb
S318E,0.4171,Amb
S318F,0.3506,Amb
S318G,0.0813,LBen
S318H,0.4075,Amb
S318I,0.2155,LBen
S318K,0.7468,LPath
S318L,0.1385,LBen
S318M,0.1422,LBen
S318N,0.111,LBen
S318P,0.9778,LPath
S318Q,0.3357,LBen
S318R,0.7476,LPath
S318T,0.078,LBen
S318V,0.1747,LBen
S318W,0.6912,LPath
S318Y,0.3785,Amb
I319A,0.8441,LPath
I319C,0.9461,LPath
I319D,0.9912,LPath
I319E,0.9744,LPath
I319F,0.8897,LPath
I319G,0.9812,LPath
I319H,0.9817,LPath
I319K,0.9665,LPath
I319L,0.4534,Amb
I319M,0.6227,LPath
I319N,0.927,LPath
I319P,0.9966,LPath
I319Q,0.9684,LPath
I319R,0.9274,LPath
I319S,0.9148,LPath
I319T,0.7564,LPath
I319V,0.1422,LBen
I319W,0.9932,LPath
I319Y,0.9794,LPath
M320A,0.9591,LPath
M320C,0.9394,LPath
M320D,0.9982,LPath
M320E,0.9893,LPath
M320F,0.902,LPath
M320G,0.9751,LPath
M320H,0.9878,LPath
M320I,0.9731,LPath
M320K,0.9856,LPath
M320L,0.5998,LPath
M320N,0.9802,LPath
M320P,0.9984,LPath
M320Q,0.9189,LPath
M320R,0.9827,LPath
M320S,0.9547,LPath
M320T,0.9446,LPath
M320V,0.7095,LPath
M320W,0.9878,LPath
M320Y,0.9834,LPath
K321A,0.4735,Amb
K321C,0.7977,LPath
K321D,0.7521,LPath
K321E,0.5007,Amb
K321F,0.9316,LPath
K321G,0.4454,Amb
K321H,0.4085,Amb
K321I,0.8127,LPath
K321L,0.6363,LPath
K321M,0.5564,Amb
K321N,0.6567,LPath
K321P,0.9873,LPath
K321Q,0.1777,LBen
K321R,0.086,LBen
K321S,0.5967,LPath
K321T,0.4365,Amb
K321V,0.6694,LPath
K321W,0.8889,LPath
K321Y,0.8433,LPath
E322A,0.5046,Amb
E322C,0.9756,LPath
E322D,0.2345,LBen
E322F,0.9814,LPath
E322G,0.548,Amb
E322H,0.9283,LPath
E322I,0.9447,LPath
E322K,0.8853,LPath
E322L,0.9141,LPath
E322M,0.9265,LPath
E322N,0.6452,LPath
E322P,0.9963,LPath
E322Q,0.5267,Amb
E322R,0.8838,LPath
E322S,0.5732,LPath
E322T,0.7319,LPath
E322V,0.8443,LPath
E322W,0.9951,LPath
E322Y,0.9563,LPath
F323A,0.999,LPath
F323C,0.9981,LPath
F323D,0.9996,LPath
F323E,0.9995,LPath
F323G,0.9986,LPath
F323H,0.9976,LPath
F323I,0.995,LPath
F323K,0.9994,LPath
F323L,0.9994,LPath
F323M,0.9941,LPath
F323N,0.9986,LPath
F323P,1.0,LPath
F323Q,0.9993,LPath
F323R,0.9987,LPath
F323S,0.9994,LPath
F323T,0.9993,LPath
F323V,0.9951,LPath
F323W,0.9513,LPath
F323Y,0.7443,LPath
R324A,0.9788,LPath
R324C,0.876,LPath
R324D,0.9949,LPath
R324E,0.9736,LPath
R324F,0.9858,LPath
R324G,0.9573,LPath
R324H,0.7796,LPath
R324I,0.9593,LPath
R324K,0.6422,LPath
R324L,0.9307,LPath
R324M,0.9826,LPath
R324N,0.9918,LPath
R324P,0.9969,LPath
R324Q,0.7344,LPath
R324S,0.9843,LPath
R324T,0.974,LPath
R324V,0.9609,LPath
R324W,0.9224,LPath
R324Y,0.9603,LPath
S325A,0.0955,LBen
S325C,0.253,LBen
S325D,0.7332,LPath
S325E,0.7348,LPath
S325F,0.6477,LPath
S325G,0.1003,LBen
S325H,0.712,LPath
S325I,0.5756,LPath
S325K,0.927,LPath
S325L,0.2236,LBen
S325M,0.2837,LBen
S325N,0.2741,LBen
S325P,0.9902,LPath
S325Q,0.6209,LPath
S325R,0.9211,LPath
S325T,0.1292,LBen
S325V,0.4453,Amb
S325W,0.8671,LPath
S325Y,0.6734,LPath
G326A,0.8547,LPath
G326C,0.9567,LPath
G326D,0.9964,LPath
G326E,0.9962,LPath
G326F,0.9925,LPath
G326H,0.995,LPath
G326I,0.9941,LPath
G326K,0.9974,LPath
G326L,0.9845,LPath
G326M,0.9867,LPath
G326N,0.9806,LPath
G326P,0.9992,LPath
G326Q,0.9875,LPath
G326R,0.9917,LPath
G326S,0.8409,LPath
G326T,0.9324,LPath
G326V,0.9834,LPath
G326W,0.9954,LPath
G326Y,0.9946,LPath
A327C,0.4647,Amb
A327D,0.6916,LPath
A327E,0.559,Amb
A327F,0.5406,Amb
A327G,0.164,LBen
A327H,0.5798,LPath
A327I,0.3815,Amb
A327K,0.787,LPath
A327L,0.2848,LBen
A327M,0.2789,LBen
A327N,0.2561,LBen
A327P,0.9512,LPath
A327Q,0.3255,LBen
A327R,0.7672,LPath
A327S,0.0789,LBen
A327T,0.1008,LBen
A327V,0.213,LBen
A327W,0.9284,LPath
A327Y,0.709,LPath
S328A,0.2424,LBen
S328C,0.4293,Amb
S328D,0.9714,LPath
S328E,0.972,LPath
S328F,0.9314,LPath
S328G,0.4835,Amb
S328H,0.93,LPath
S328I,0.8923,LPath
S328K,0.9914,LPath
S328L,0.7887,LPath
S328M,0.7715,LPath
S328N,0.8093,LPath
S328P,0.9895,LPath
S328Q,0.93,LPath
S328R,0.9879,LPath
S328T,0.1901,LBen
S328V,0.7606,LPath
S328W,0.9714,LPath
S328Y,0.9184,LPath
R329A,0.9965,LPath
R329C,0.9959,LPath
R329D,0.9984,LPath
R329E,0.9934,LPath
R329F,0.9991,LPath
R329G,0.9945,LPath
R329H,0.9895,LPath
R329I,0.9986,LPath
R329K,0.9671,LPath
R329L,0.9942,LPath
R329M,0.9994,LPath
R329N,0.9988,LPath
R329P,0.9977,LPath
R329Q,0.9887,LPath
R329S,0.9982,LPath
R329T,0.9979,LPath
R329V,0.997,LPath
R329W,0.9958,LPath
R329Y,0.9977,LPath
V330A,0.9854,LPath
V330C,0.9779,LPath
V330D,0.9991,LPath
V330E,0.9979,LPath
V330F,0.9783,LPath
V330G,0.9713,LPath
V330H,0.9992,LPath
V330I,0.3729,Amb
V330K,0.9988,LPath
V330L,0.9366,LPath
V330M,0.9727,LPath
V330N,0.9922,LPath
V330P,0.9984,LPath
V330Q,0.9975,LPath
V330R,0.9965,LPath
V330S,0.9873,LPath
V330T,0.9745,LPath
V330W,0.9996,LPath
V330Y,0.9972,LPath
L331A,0.9882,LPath
L331C,0.981,LPath
L331D,0.9999,LPath
L331E,0.9996,LPath
L331F,0.9814,LPath
L331G,0.9977,LPath
L331H,0.9992,LPath
L331I,0.8563,LPath
L331K,0.9992,LPath
L331M,0.7628,LPath
L331N,0.9991,LPath
L331P,0.9998,LPath
L331Q,0.9985,LPath
L331R,0.9985,LPath
L331S,0.9991,LPath
L331T,0.997,LPath
L331V,0.8924,LPath
L331W,0.9988,LPath
L331Y,0.9981,LPath
I332A,0.9915,LPath
I332C,0.9906,LPath
I332D,0.9999,LPath
I332E,0.9997,LPath
I332F,0.9895,LPath
I332G,0.9994,LPath
I332H,0.9999,LPath
I332K,0.9998,LPath
I332L,0.7179,LPath
I332M,0.9143,LPath
I332N,0.9991,LPath
I332P,0.9993,LPath
I332Q,0.9997,LPath
I332R,0.9995,LPath
I332S,0.9976,LPath
I332T,0.9941,LPath
I332V,0.326,LBen
I332W,0.9999,LPath
I332Y,0.9995,LPath
S333A,0.1876,LBen
S333C,0.354,Amb
S333D,0.9979,LPath
S333E,0.9986,LPath
S333F,0.998,LPath
S333G,0.6013,LPath
S333H,0.9968,LPath
S333I,0.9907,LPath
S333K,0.9998,LPath
S333L,0.9499,LPath
S333M,0.9589,LPath
S333N,0.9843,LPath
S333P,0.9984,LPath
S333Q,0.9963,LPath
S333R,0.9994,LPath
S333T,0.2184,LBen
S333V,0.9497,LPath
S333W,0.9995,LPath
S333Y,0.9981,LPath
T334A,0.9843,LPath
T334C,0.9973,LPath
T334D,0.9981,LPath
T334E,0.9976,LPath
T334F,0.9993,LPath
T334G,0.98,LPath
T334H,0.9966,LPath
T334I,0.9997,LPath
T334K,0.9969,LPath
T334L,0.9951,LPath
T334M,0.9955,LPath
T334N,0.9922,LPath
T334P,0.988,LPath
T334Q,0.9964,LPath
T334R,0.9949,LPath
T334S,0.906,LPath
T334V,0.9962,LPath
T334W,0.9996,LPath
T334Y,0.9993,LPath
D335A,0.9935,LPath
D335C,0.9996,LPath
D335E,0.9871,LPath
D335F,0.9997,LPath
D335G,0.9935,LPath
D335H,0.9986,LPath
D335I,0.9996,LPath
D335K,0.9995,LPath
D335L,0.9988,LPath
D335M,0.9998,LPath
D335N,0.9442,LPath
D335P,0.999,LPath
D335Q,0.9988,LPath
D335R,0.9988,LPath
D335S,0.9793,LPath
D335T,0.9966,LPath
D335V,0.9982,LPath
D335W,0.9999,LPath
D335Y,0.9979,LPath
V336A,0.9614,LPath
V336C,0.9726,LPath
V336D,0.9959,LPath
V336E,0.9915,LPath
V336F,0.9412,LPath
V336G,0.9499,LPath
V336H,0.9965,LPath
V336I,0.1489,LBen
V336K,0.9926,LPath
V336L,0.6757,LPath
V336M,0.8631,LPath
V336N,0.9693,LPath
V336P,0.9935,LPath
V336Q,0.9829,LPath
V336R,0.9809,LPath
V336S,0.9615,LPath
V336T,0.9144,LPath
V336W,0.9976,LPath
V336Y,0.9893,LPath
W337A,0.8377,LPath
W337C,0.8984,LPath
W337D,0.9978,LPath
W337E,0.9977,LPath
W337F,0.3084,LBen
W337G,0.8394,LPath
W337H,0.9876,LPath
W337I,0.8384,LPath
W337K,0.9989,LPath
W337L,0.4458,Amb
W337M,0.7844,LPath
W337N,0.9939,LPath
W337P,0.9912,LPath
W337Q,0.9968,LPath
W337R,0.9976,LPath
W337S,0.9275,LPath
W337T,0.8763,LPath
W337V,0.7644,LPath
W337Y,0.8525,LPath
A338C,0.9586,LPath
A338D,0.9974,LPath
A338E,0.9926,LPath
A338F,0.9912,LPath
A338G,0.5092,Amb
A338H,0.9941,LPath
A338I,0.9972,LPath
A338K,0.9986,LPath
A338L,0.9689,LPath
A338M,0.9862,LPath
A338N,0.9868,LPath
A338P,0.9962,LPath
A338Q,0.9633,LPath
A338R,0.9917,LPath
A338S,0.3605,Amb
A338T,0.9698,LPath
A338V,0.9893,LPath
A338W,0.9986,LPath
A338Y,0.9944,LPath
R339A,0.9965,LPath
R339C,0.9958,LPath
R339D,0.9972,LPath
R339E,0.9897,LPath
R339F,0.9992,LPath
R339G,0.9884,LPath
R339H,0.9932,LPath
R339I,0.9991,LPath
R339K,0.9767,LPath
R339L,0.9913,LPath
R339M,0.9994,LPath
R339N,0.9987,LPath
R339P,0.9978,LPath
R339Q,0.9891,LPath
R339S,0.998,LPath
R339T,0.998,LPath
R339V,0.9978,LPath
R339W,0.9927,LPath
R339Y,0.9982,LPath
G340A,0.9932,LPath
G340C,0.9975,LPath
G340D,0.9985,LPath
G340E,0.9991,LPath
G340F,0.9989,LPath
G340H,0.9998,LPath
G340I,0.9981,LPath
G340K,0.9998,LPath
G340L,0.9987,LPath
G340M,0.9994,LPath
G340N,0.9995,LPath
G340P,0.9997,LPath
G340Q,0.9997,LPath
G340R,0.9995,LPath
G340S,0.9959,LPath
G340T,0.9972,LPath
G340V,0.9968,LPath
G340W,0.9992,LPath
G340Y,0.9992,LPath
L341A,0.9566,LPath
L341C,0.9866,LPath
L341D,0.9985,LPath
L341E,0.9929,LPath
L341F,0.9529,LPath
L341G,0.9913,LPath
L341H,0.9963,LPath
L341I,0.2337,LBen
L341K,0.989,LPath
L341M,0.5747,LPath
L341N,0.9879,LPath
L341P,0.995,LPath
L341Q,0.9896,LPath
L341R,0.985,LPath
L341S,0.9935,LPath
L341T,0.9622,LPath
L341V,0.5653,LPath
L341W,0.9879,LPath
L341Y,0.9918,LPath
D342A,0.9934,LPath
D342C,0.9994,LPath
D342E,0.9952,LPath
D342F,0.9982,LPath
D342G,0.9956,LPath
D342H,0.9962,LPath
D342I,0.9991,LPath
D342K,0.9993,LPath
D342L,0.9971,LPath
D342M,0.9996,LPath
D342N,0.9919,LPath
D342P,0.9981,LPath
D342Q,0.9981,LPath
D342R,0.998,LPath
D342S,0.9897,LPath
D342T,0.9985,LPath
D342V,0.997,LPath
D342W,0.9992,LPath
D342Y,0.9912,LPath
V343A,0.9782,LPath
V343C,0.9781,LPath
V343D,0.9965,LPath
V343E,0.9931,LPath
V343F,0.9538,LPath
V343G,0.9797,LPath
V343H,0.9977,LPath
V343I,0.2359,LBen
V343K,0.9967,LPath
V343L,0.9509,LPath
V343M,0.9494,LPath
V343N,0.9862,LPath
V343P,0.9958,LPath
V343Q,0.9917,LPath
V343R,0.9917,LPath
V343S,0.9722,LPath
V343T,0.9568,LPath
V343W,0.9989,LPath
V343Y,0.9948,LPath
P344A,0.3087,LBen
P344C,0.935,LPath
P344D,0.9591,LPath
P344E,0.8491,LPath
P344F,0.9738,LPath
P344G,0.6935,LPath
P344H,0.8508,LPath
P344I,0.9297,LPath
P344K,0.9408,LPath
P344L,0.7464,LPath
P344M,0.8489,LPath
P344N,0.7938,LPath
P344Q,0.408,Amb
P344R,0.8935,LPath
P344S,0.467,Amb
P344T,0.6106,LPath
P344V,0.8207,LPath
P344W,0.9854,LPath
P344Y,0.9636,LPath
Q345A,0.2143,LBen
Q345C,0.9149,LPath
Q345D,0.9419,LPath
Q345E,0.6066,LPath
Q345F,0.8968,LPath
Q345G,0.3696,Amb
Q345H,0.7994,LPath
Q345I,0.8208,LPath
Q345K,0.9228,LPath
Q345L,0.429,Amb
Q345M,0.3938,Amb
Q345N,0.4169,Amb
Q345P,0.8405,LPath
Q345R,0.9059,LPath
Q345S,0.187,LBen
Q345T,0.2549,LBen
Q345V,0.574,LPath
Q345W,0.9717,LPath
Q345Y,0.926,LPath
V346A,0.9775,LPath
V346C,0.9826,LPath
V346D,0.9975,LPath
V346E,0.9955,LPath
V346F,0.9906,LPath
V346G,0.9546,LPath
V346H,0.9992,LPath
V346I,0.3502,Amb
V346K,0.9974,LPath
V346L,0.9586,LPath
V346M,0.9778,LPath
V346N,0.9882,LPath
V346P,0.9938,LPath
V346Q,0.996,LPath
V346R,0.9943,LPath
V346S,0.9807,LPath
V346T,0.9522,LPath
V346W,0.9998,LPath
V346Y,0.9978,LPath
S347A,0.6265,LPath
S347C,0.895,LPath
S347D,0.9932,LPath
S347E,0.9926,LPath
S347F,0.9918,LPath
S347G,0.7735,LPath
S347H,0.9878,LPath
S347I,0.9885,LPath
S347K,0.9994,LPath
S347L,0.9769,LPath
S347M,0.9679,LPath
S347N,0.9501,LPath
S347P,0.9898,LPath
S347Q,0.9804,LPath
S347R,0.9985,LPath
S347T,0.8157,LPath
S347V,0.983,LPath
S347W,0.9929,LPath
S347Y,0.9892,LPath
L348A,0.9721,LPath
L348C,0.9595,LPath
L348D,0.9997,LPath
L348E,0.9988,LPath
L348F,0.9621,LPath
L348G,0.9948,LPath
L348H,0.9973,LPath
L348I,0.6484,LPath
L348K,0.9982,LPath
L348M,0.6638,LPath
L348N,0.9946,LPath
L348P,0.9996,LPath
L348Q,0.9961,LPath
L348R,0.9965,LPath
L348S,0.9956,LPath
L348T,0.9748,LPath
L348V,0.6363,LPath
L348W,0.9965,LPath
L348Y,0.9947,LPath
I349A,0.9845,LPath
I349C,0.9823,LPath
I349D,0.9994,LPath
I349E,0.9988,LPath
I349F,0.9915,LPath
I349G,0.9975,LPath
I349H,0.9994,LPath
I349K,0.9991,LPath
I349L,0.8941,LPath
I349M,0.9222,LPath
I349N,0.9904,LPath
I349P,0.9979,LPath
I349Q,0.9986,LPath
I349R,0.9985,LPath
I349S,0.9849,LPath
I349T,0.9477,LPath
I349V,0.1542,LBen
I349W,0.9998,LPath
I349Y,0.999,LPath
I350A,0.994,LPath
I350C,0.9868,LPath
I350D,0.9999,LPath
I350E,0.9997,LPath
I350F,0.9667,LPath
I350G,0.9993,LPath
I350H,0.9998,LPath
I350K,0.9997,LPath
I350L,0.6603,LPath
I350M,0.8402,LPath
I350N,0.9991,LPath
I350P,0.9996,LPath
I350Q,0.9996,LPath
I350R,0.9993,LPath
I350S,0.9977,LPath
I350T,0.9933,LPath
I350V,0.2787,LBen
I350W,0.9994,LPath
I350Y,0.9984,LPath
N351A,0.9627,LPath
N351C,0.467,Amb
N351D,0.995,LPath
N351E,0.9984,LPath
N351F,0.9984,LPath
N351G,0.9738,LPath
N351H,0.9793,LPath
N351I,0.9837,LPath
N351K,0.9997,LPath
N351L,0.9479,LPath
N351M,0.9833,LPath
N351P,0.9959,LPath
N351Q,0.9946,LPath
N351R,0.9989,LPath
N351S,0.6585,LPath
N351T,0.9499,LPath
N351V,0.9683,LPath
N351W,0.9997,LPath
N351Y,0.9956,LPath
Y352A,0.9972,LPath
Y352C,0.9696,LPath
Y352D,0.998,LPath
Y352E,0.9995,LPath
Y352F,0.1707,LBen
Y352G,0.9922,LPath
Y352H,0.9929,LPath
Y352I,0.9927,LPath
Y352K,0.9996,LPath
Y352L,0.9768,LPath
Y352M,0.9909,LPath
Y352N,0.9932,LPath
Y352P,0.9995,LPath
Y352Q,0.9994,LPath
Y352R,0.9984,LPath
Y352S,0.9925,LPath
Y352T,0.9974,LPath
Y352V,0.9809,LPath
Y352W,0.8629,LPath
D353A,0.996,LPath
D353C,0.9981,LPath
D353E,0.9603,LPath
D353F,0.9995,LPath
D353G,0.9961,LPath
D353H,0.9978,LPath
D353I,0.9996,LPath
D353K,0.9994,LPath
D353L,0.9991,LPath
D353M,0.9998,LPath
D353N,0.986,LPath
D353P,0.9998,LPath
D353Q,0.9979,LPath
D353R,0.9985,LPath
D353S,0.9893,LPath
D353T,0.9983,LPath
D353V,0.9983,LPath
D353W,0.9999,LPath
D353Y,0.9972,LPath
L354A,0.971,LPath
L354C,0.9713,LPath
L354D,0.9997,LPath
L354E,0.9986,LPath
L354F,0.945,LPath
L354G,0.996,LPath
L354H,0.9976,LPath
L354I,0.4759,Amb
L354K,0.9981,LPath
L354M,0.5587,Amb
L354N,0.9959,LPath
L354P,0.9912,LPath
L354Q,0.9965,LPath
L354R,0.9974,LPath
L354S,0.9955,LPath
L354T,0.9707,LPath
L354V,0.5829,LPath
L354W,0.9973,LPath
L354Y,0.9959,LPath
P355A,0.9545,LPath
P355C,0.9909,LPath
P355D,0.9994,LPath
P355E,0.9993,LPath
P355F,0.9999,LPath
P355G,0.9899,LPath
P355H,0.9988,LPath
P355I,0.9994,LPath
P355K,0.9997,LPath
P355L,0.997,LPath
P355M,0.9993,LPath
P355N,0.999,LPath
P355Q,0.999,LPath
P355R,0.9989,LPath
P355S,0.9902,LPath
P355T,0.9893,LPath
P355V,0.9961,LPath
P355W,0.9999,LPath
P355Y,0.9999,LPath
N356A,0.1926,LBen
N356C,0.3254,LBen
N356D,0.6795,LPath
N356E,0.81,LPath
N356F,0.6281,LPath
N356G,0.213,LBen
N356H,0.3724,Amb
N356I,0.3552,Amb
N356K,0.8514,LPath
N356L,0.2428,LBen
N356M,0.3822,Amb
N356P,0.5152,Amb
N356Q,0.5284,Amb
N356R,0.7854,LPath
N356S,0.0914,LBen
N356T,0.1641,LBen
N356V,0.2177,LBen
N356W,0.8881,LPath
N356Y,0.4243,Amb
N357A,0.4885,Amb
N357C,0.4405,Amb
N357D,0.5694,LPath
N357E,0.8644,LPath
N357F,0.8532,LPath
N357G,0.5941,LPath
N357H,0.4379,Amb
N357I,0.6623,LPath
N357K,0.9336,LPath
N357L,0.5677,LPath
N357M,0.6965,LPath
N357P,0.9687,LPath
N357Q,0.694,LPath
N357R,0.9027,LPath
N357S,0.135,LBen
N357T,0.3025,LBen
N357V,0.5003,Amb
N357W,0.9727,LPath
N357Y,0.6626,LPath
R358A,0.9907,LPath
R358C,0.9829,LPath
R358D,0.996,LPath
R358E,0.9729,LPath
R358F,0.9986,LPath
R358G,0.989,LPath
R358H,0.9657,LPath
R358I,0.9911,LPath
R358K,0.7516,LPath
R358L,0.9836,LPath
R358M,0.996,LPath
R358N,0.9972,LPath
R358P,0.9774,LPath
R358Q,0.9252,LPath
R358S,0.9963,LPath
R358T,0.9904,LPath
R358V,0.9866,LPath
R358W,0.991,LPath
R358Y,0.9943,LPath
E359A,0.9756,LPath
E359C,0.9977,LPath
E359D,0.935,LPath
E359F,0.9989,LPath
E359G,0.9736,LPath
E359H,0.9966,LPath
E359I,0.998,LPath
E359K,0.996,LPath
E359L,0.9972,LPath
E359M,0.998,LPath
E359N,0.9917,LPath
E359P,0.9972,LPath
E359Q,0.97,LPath
E359R,0.9913,LPath
E359S,0.9768,LPath
E359T,0.9927,LPath
E359V,0.9935,LPath
E359W,0.9996,LPath
E359Y,0.9974,LPath
L360A,0.669,LPath
L360C,0.8557,LPath
L360D,0.9602,LPath
L360E,0.9149,LPath
L360F,0.8631,LPath
L360G,0.8618,LPath
L360H,0.9078,LPath
L360I,0.5985,LPath
L360K,0.9345,LPath
L360M,0.4038,Amb
L360N,0.394,Amb
L360P,0.9969,LPath
L360Q,0.7878,LPath
L360R,0.9235,LPath
L360S,0.7762,LPath
L360T,0.6177,LPath
L360V,0.5514,Amb
L360W,0.9543,LPath
L360Y,0.8856,LPath
Y361A,0.9959,LPath
Y361C,0.9928,LPath
Y361D,0.9975,LPath
Y361E,0.9993,LPath
Y361F,0.6792,LPath
Y361G,0.9827,LPath
Y361H,0.9977,LPath
Y361I,0.9946,LPath
Y361K,0.9996,LPath
Y361L,0.9343,LPath
Y361M,0.995,LPath
Y361N,0.9925,LPath
Y361P,0.9954,LPath
Y361Q,0.9995,LPath
Y361R,0.9985,LPath
Y361S,0.9848,LPath
Y361T,0.9964,LPath
Y361V,0.9817,LPath
Y361W,0.968,LPath
I362A,0.9918,LPath
I362C,0.997,LPath
I362D,0.9998,LPath
I362E,0.999,LPath
I362F,0.9809,LPath
I362G,0.9987,LPath
I362H,0.9995,LPath
I362K,0.9985,LPath
I362L,0.4251,Amb
I362M,0.8847,LPath
I362N,0.9977,LPath
I362P,0.9952,LPath
I362Q,0.9986,LPath
I362R,0.9963,LPath
I362S,0.9956,LPath
I362T,0.9906,LPath
I362V,0.5985,LPath
I362W,0.999,LPath
I362Y,0.9973,LPath
H363A,0.999,LPath
H363C,0.9954,LPath
H363D,0.9994,LPath
H363E,0.9994,LPath
H363F,0.9935,LPath
H363G,0.9983,LPath
H363I,0.9997,LPath
H363K,0.9979,LPath
H363L,0.9933,LPath
H363M,0.9991,LPath
H363N,0.9983,LPath
H363P,0.9878,LPath
H363Q,0.9975,LPath
H363R,0.997,LPath
H363S,0.9981,LPath
H363T,0.9995,LPath
H363V,0.9996,LPath
H363W,0.9679,LPath
H363Y,0.9954,LPath
R364A,0.9994,LPath
R364C,0.9957,LPath
R364D,0.9996,LPath
R364E,0.9977,LPath
R364F,0.9999,LPath
R364G,0.9984,LPath
R364H,0.9959,LPath
R364I,0.9997,LPath
R364K,0.9912,LPath
R364L,0.9982,LPath
R364M,0.9999,LPath
R364N,0.9996,LPath
R364P,0.9997,LPath
R364Q,0.9956,LPath
R364S,0.9995,LPath
R364T,0.9997,LPath
R364V,0.9995,LPath
R364W,0.999,LPath
R364Y,0.9995,LPath
I365A,0.9418,LPath
I365C,0.9954,LPath
I365D,0.9996,LPath
I365E,0.9982,LPath
I365F,0.9944,LPath
I365G,0.9962,LPath
I365H,0.9997,LPath
I365K,0.9988,LPath
I365L,0.924,LPath
I365M,0.8974,LPath
I365N,0.9978,LPath
I365P,0.9978,LPath
I365Q,0.9987,LPath
I365R,0.9971,LPath
I365S,0.9821,LPath
I365T,0.9237,LPath
I365V,0.5332,Amb
I365W,0.9994,LPath
I365Y,0.9993,LPath
G366A,0.9967,LPath
G366C,0.999,LPath
G366D,0.9998,LPath
G366E,0.9998,LPath
G366F,0.9997,LPath
G366H,1.0,LPath
G366I,0.9995,LPath
G366K,0.9999,LPath
G366L,0.9994,LPath
G366M,0.9999,LPath
G366N,0.9999,LPath
G366P,0.9997,LPath
G366Q,0.9998,LPath
G366R,0.9996,LPath
G366S,0.9972,LPath
G366T,0.9987,LPath
G366V,0.999,LPath
G366W,0.9996,LPath
G366Y,0.9998,LPath
R367A,0.9985,LPath
R367C,0.9978,LPath
R367D,0.9986,LPath
R367E,0.9954,LPath
R367F,0.9986,LPath
R367G,0.9959,LPath
R367H,0.9966,LPath
R367I,0.9982,LPath
R367K,0.9903,LPath
R367L,0.9936,LPath
R367M,0.9996,LPath
R367N,0.999,LPath
R367P,0.9983,LPath
R367Q,0.9952,LPath
R367S,0.999,LPath
R367T,0.9993,LPath
R367V,0.9982,LPath
R367W,0.9959,LPath
R367Y,0.9981,LPath
S368A,0.355,Amb
S368C,0.7188,LPath
S368D,0.9962,LPath
S368E,0.9956,LPath
S368F,0.9967,LPath
S368G,0.2776,LBen
S368H,0.9945,LPath
S368I,0.9874,LPath
S368K,0.9989,LPath
S368L,0.9753,LPath
S368M,0.9691,LPath
S368N,0.98,LPath
S368P,0.9918,LPath
S368Q,0.9897,LPath
S368R,0.9981,LPath
S368T,0.6973,LPath
S368V,0.9755,LPath
S368W,0.9974,LPath
S368Y,0.9954,LPath
G369A,0.9762,LPath
G369C,0.9976,LPath
G369D,0.9996,LPath
G369E,0.9996,LPath
G369F,0.9992,LPath
G369H,0.9999,LPath
G369I,0.9995,LPath
G369K,0.9997,LPath
G369L,0.9988,LPath
G369M,0.9996,LPath
G369N,0.9995,LPath
G369P,0.9994,LPath
G369Q,0.9994,LPath
G369R,0.9989,LPath
G369S,0.9892,LPath
G369T,0.9977,LPath
G369V,0.9983,LPath
G369W,0.9994,LPath
G369Y,0.9996,LPath
R370A,0.9973,LPath
R370C,0.9974,LPath
R370D,0.9972,LPath
R370E,0.9917,LPath
R370F,0.9978,LPath
R370G,0.9914,LPath
R370H,0.9953,LPath
R370I,0.997,LPath
R370K,0.9846,LPath
R370L,0.9934,LPath
R370M,0.9995,LPath
R370N,0.9981,LPath
R370P,0.9956,LPath
R370Q,0.9936,LPath
R370S,0.9978,LPath
R370T,0.9983,LPath
R370V,0.9976,LPath
R370W,0.9938,LPath
R370Y,0.9966,LPath
Y371A,0.9541,LPath
Y371C,0.8456,LPath
Y371D,0.9634,LPath
Y371E,0.9926,LPath
Y371F,0.0912,LBen
Y371G,0.8498,LPath
Y371H,0.9023,LPath
Y371I,0.9788,LPath
Y371K,0.9917,LPath
Y371L,0.9354,LPath
Y371M,0.9571,LPath
Y371N,0.8879,LPath
Y371P,0.9895,LPath
Y371Q,0.9833,LPath
Y371R,0.9795,LPath
Y371S,0.8642,LPath
Y371T,0.9778,LPath
Y371V,0.9497,LPath
Y371W,0.6046,LPath
G372A,0.9771,LPath
G372C,0.993,LPath
G372D,0.9966,LPath
G372E,0.998,LPath
G372F,0.9972,LPath
G372H,0.9986,LPath
G372I,0.9983,LPath
G372K,0.9989,LPath
G372L,0.9957,LPath
G372M,0.9985,LPath
G372N,0.994,LPath
G372P,0.9989,LPath
G372Q,0.9963,LPath
G372R,0.9966,LPath
G372S,0.9612,LPath
G372T,0.9921,LPath
G372V,0.9965,LPath
G372W,0.9981,LPath
G372Y,0.998,LPath
R373A,0.9941,LPath
R373C,0.9841,LPath
R373D,0.9968,LPath
R373E,0.9855,LPath
R373F,0.9967,LPath
R373G,0.9786,LPath
R373H,0.9623,LPath
R373I,0.9952,LPath
R373K,0.8585,LPath
R373L,0.9815,LPath
R373M,0.997,LPath
R373N,0.996,LPath
R373P,0.9979,LPath
R373Q,0.9423,LPath
R373S,0.9964,LPath
R373T,0.9953,LPath
R373V,0.9937,LPath
R373W,0.9872,LPath
R373Y,0.9923,LPath
K374A,0.9746,LPath
K374C,0.9904,LPath
K374D,0.9929,LPath
K374E,0.9872,LPath
K374F,0.9975,LPath
K374G,0.9636,LPath
K374H,0.9562,LPath
K374I,0.9904,LPath
K374L,0.9821,LPath
K374M,0.9757,LPath
K374N,0.9927,LPath
K374P,0.9808,LPath
K374Q,0.9252,LPath
K374R,0.3242,LBen
K374S,0.9877,LPath
K374T,0.9538,LPath
K374V,0.9774,LPath
K374W,0.9965,LPath
K374Y,0.9921,LPath
G375A,0.986,LPath
G375C,0.9988,LPath
G375D,0.9995,LPath
G375E,0.9997,LPath
G375F,0.9996,LPath
G375H,0.9999,LPath
G375I,0.9993,LPath
G375K,0.9999,LPath
G375L,0.9996,LPath
G375M,0.9997,LPath
G375N,0.9997,LPath
G375P,0.9998,LPath
G375Q,0.9998,LPath
G375R,0.9998,LPath
G375S,0.9958,LPath
G375T,0.9974,LPath
G375V,0.9981,LPath
G375W,0.9998,LPath
G375Y,0.9997,LPath
V376A,0.9294,LPath
V376C,0.9641,LPath
V376D,0.9979,LPath
V376E,0.9945,LPath
V376F,0.9363,LPath
V376G,0.9347,LPath
V376H,0.9981,LPath
V376I,0.3487,Amb
V376K,0.9965,LPath
V376L,0.951,LPath
V376M,0.9362,LPath
V376N,0.9879,LPath
V376P,0.9981,LPath
V376Q,0.994,LPath
V376R,0.9891,LPath
V376S,0.96,LPath
V376T,0.8708,LPath
V376W,0.9981,LPath
V376Y,0.9936,LPath
A377C,0.9456,LPath
A377D,0.9994,LPath
A377E,0.9994,LPath
A377F,0.998,LPath
A377G,0.7334,LPath
A377H,0.9993,LPath
A377I,0.9957,LPath
A377K,0.9999,LPath
A377L,0.985,LPath
A377M,0.9932,LPath
A377N,0.9966,LPath
A377P,0.9992,LPath
A377Q,0.9968,LPath
A377R,0.9988,LPath
A377S,0.4268,Amb
A377T,0.9391,LPath
A377V,0.973,LPath
A377W,0.9998,LPath
A377Y,0.9994,LPath
I378A,0.995,LPath
I378C,0.9961,LPath
I378D,0.9999,LPath
I378E,0.9997,LPath
I378F,0.9812,LPath
I378G,0.9994,LPath
I378H,0.9999,LPath
I378K,0.9997,LPath
I378L,0.7929,LPath
I378M,0.9094,LPath
I378N,0.9994,LPath
I378P,0.9996,LPath
I378Q,0.9997,LPath
I378R,0.9993,LPath
I378S,0.9985,LPath
I378T,0.9969,LPath
I378V,0.3353,LBen
I378W,0.9994,LPath
I378Y,0.9986,LPath
N379A,0.8946,LPath
N379C,0.7056,LPath
N379D,0.9759,LPath
N379E,0.9985,LPath
N379F,0.9986,LPath
N379G,0.9393,LPath
N379H,0.9721,LPath
N379I,0.9822,LPath
N379K,0.9997,LPath
N379L,0.9602,LPath
N379M,0.9797,LPath
N379P,0.9972,LPath
N379Q,0.996,LPath
N379R,0.9994,LPath
N379S,0.2006,LBen
N379T,0.6193,LPath
N379V,0.9454,LPath
N379W,0.9997,LPath
N379Y,0.9943,LPath
F380A,0.9971,LPath
F380C,0.9901,LPath
F380D,0.9998,LPath
F380E,0.9998,LPath
F380G,0.9985,LPath
F380H,0.9987,LPath
F380I,0.9477,LPath
F380K,0.9998,LPath
F380L,0.9739,LPath
F380M,0.915,LPath
F380N,0.9993,LPath
F380P,0.9999,LPath
F380Q,0.9995,LPath
F380R,0.9993,LPath
F380S,0.9992,LPath
F380T,0.9985,LPath
F380V,0.9614,LPath
F380W,0.9837,LPath
F380Y,0.9421,LPath
V381A,0.9259,LPath
V381C,0.8904,LPath
V381D,0.9993,LPath
V381E,0.9981,LPath
V381F,0.9808,LPath
V381G,0.9539,LPath
V381H,0.999,LPath
V381I,0.3772,Amb
V381K,0.9982,LPath
V381L,0.915,LPath
V381M,0.9664,LPath
V381N,0.997,LPath
V381P,0.9955,LPath
V381Q,0.9954,LPath
V381R,0.9927,LPath
V381S,0.9748,LPath
V381T,0.9311,LPath
V381W,0.9993,LPath
V381Y,0.9968,LPath
K382A,0.8193,LPath
K382C,0.7345,LPath
K382D,0.9537,LPath
K382E,0.8836,LPath
K382F,0.99,LPath
K382G,0.8033,LPath
K382H,0.7106,LPath
K382I,0.9589,LPath
K382L,0.8837,LPath
K382M,0.8598,LPath
K382N,0.9145,LPath
K382P,0.9821,LPath
K382Q,0.5086,Amb
K382R,0.0975,LBen
K382S,0.848,LPath
K382T,0.4845,Amb
K382V,0.8624,LPath
K382W,0.9804,LPath
K382Y,0.9674,LPath
N383A,0.1128,LBen
N383C,0.3168,LBen
N383D,0.2819,LBen
N383E,0.413,Amb
N383F,0.5785,LPath
N383G,0.1491,LBen
N383H,0.1867,LBen
N383I,0.288,LBen
N383K,0.5365,Amb
N383L,0.256,LBen
N383M,0.2705,LBen
N383P,0.3338,LBen
N383Q,0.2605,LBen
N383R,0.5967,LPath
N383S,0.0701,LBen
N383T,0.0944,LBen
N383V,0.1926,LBen
N383W,0.8322,LPath
N383Y,0.3268,LBen
D384A,0.7225,LPath
D384C,0.9671,LPath
D384E,0.1961,LBen
D384F,0.9769,LPath
D384G,0.7234,LPath
D384H,0.9089,LPath
D384I,0.9481,LPath
D384K,0.935,LPath
D384L,0.9423,LPath
D384M,0.9683,LPath
D384N,0.5086,Amb
D384P,0.9748,LPath
D384Q,0.828,LPath
D384R,0.9351,LPath
D384S,0.5798,LPath
D384T,0.7358,LPath
D384V,0.875,LPath
D384W,0.9929,LPath
D384Y,0.9235,LPath
D385A,0.9846,LPath
D385C,0.9958,LPath
D385E,0.8296,LPath
D385F,0.9991,LPath
D385G,0.9868,LPath
D385H,0.994,LPath
D385I,0.9987,LPath
D385K,0.9967,LPath
D385L,0.9983,LPath
D385M,0.999,LPath
D385N,0.9485,LPath
D385P,0.9995,LPath
D385Q,0.9895,LPath
D385R,0.9962,LPath
D385S,0.9715,LPath
D385T,0.9921,LPath
D385V,0.9946,LPath
D385W,0.9998,LPath
D385Y,0.9949,LPath
I386A,0.8091,LPath
I386C,0.8898,LPath
I386D,0.9859,LPath
I386E,0.9583,LPath
I386F,0.6413,LPath
I386G,0.9351,LPath
I386H,0.9587,LPath
I386K,0.936,LPath
I386L,0.2487,LBen
I386M,0.3351,LBen
I386N,0.8835,LPath
I386P,0.9826,LPath
I386Q,0.9226,LPath
I386R,0.9009,LPath
I386S,0.8573,LPath
I386T,0.7415,LPath
I386V,0.108,LBen
I386W,0.9695,LPath
I386Y,0.9062,LPath
R387A,0.8467,LPath
R387C,0.8184,LPath
R387D,0.9343,LPath
R387E,0.874,LPath
R387F,0.9579,LPath
R387G,0.7068,LPath
R387H,0.4972,Amb
R387I,0.9213,LPath
R387K,0.2569,LBen
R387L,0.8511,LPath
R387M,0.9217,LPath
R387N,0.8928,LPath
R387P,0.916,LPath
R387Q,0.4915,Amb
R387S,0.8915,LPath
R387T,0.8532,LPath
R387V,0.8847,LPath
R387W,0.8918,LPath
R387Y,0.8994,LPath
I388A,0.702,LPath
I388C,0.9128,LPath
I388D,0.9708,LPath
I388E,0.9443,LPath
I388F,0.5214,Amb
I388G,0.9088,LPath
I388H,0.9409,LPath
I388K,0.946,LPath
I388L,0.2944,LBen
I388M,0.3337,LBen
I388N,0.77,LPath
I388P,0.9598,LPath
I388Q,0.895,LPath
I388R,0.9261,LPath
I388S,0.7667,LPath
I388T,0.6206,LPath
I388V,0.1715,LBen
I388W,0.9666,LPath
I388Y,0.8651,LPath
L389A,0.9664,LPath
L389C,0.9754,LPath
L389D,0.9998,LPath
L389E,0.9978,LPath
L389F,0.9593,LPath
L389G,0.995,LPath
L389H,0.9967,LPath
L389I,0.7227,LPath
L389K,0.9953,LPath
L389M,0.601,LPath
L389N,0.9974,LPath
L389P,0.9993,LPath
L389Q,0.9906,LPath
L389R,0.9924,LPath
L389S,0.996,LPath
L389T,0.9859,LPath
L389V,0.7893,LPath
L389W,0.9952,LPath
L389Y,0.9944,LPath
R390A,0.981,LPath
R390C,0.9412,LPath
R390D,0.9912,LPath
R390E,0.9548,LPath
R390F,0.99,LPath
R390G,0.9431,LPath
R390H,0.6566,LPath
R390I,0.9907,LPath
R390K,0.5695,LPath
R390L,0.9524,LPath
R390M,0.988,LPath
R390N,0.9826,LPath
R390P,0.9983,LPath
R390Q,0.7849,LPath
R390S,0.9862,LPath
R390T,0.9804,LPath
R390V,0.9852,LPath
R390W,0.9394,LPath
R390Y,0.9626,LPath
D391A,0.9723,LPath
D391C,0.9986,LPath
D391E,0.8442,LPath
D391F,0.9963,LPath
D391G,0.9642,LPath
D391H,0.9917,LPath
D391I,0.9972,LPath
D391K,0.9939,LPath
D391L,0.9925,LPath
D391M,0.9974,LPath
D391N,0.9125,LPath
D391P,0.9994,LPath
D391Q,0.9855,LPath
D391R,0.9927,LPath
D391S,0.9522,LPath
D391T,0.9872,LPath
D391V,0.9899,LPath
D391W,0.9992,LPath
D391Y,0.9788,LPath
I392A,0.9778,LPath
I392C,0.9958,LPath
I392D,0.9996,LPath
I392E,0.9984,LPath
I392F,0.9553,LPath
I392G,0.9986,LPath
I392H,0.9994,LPath
I392K,0.9984,LPath
I392L,0.5142,Amb
I392M,0.6866,LPath
I392N,0.997,LPath
I392P,0.9994,LPath
I392Q,0.9987,LPath
I392R,0.9974,LPath
I392S,0.994,LPath
I392T,0.9258,LPath
I392V,0.395,Amb
I392W,0.998,LPath
I392Y,0.9964,LPath
E393A,0.9658,LPath
E393C,0.9915,LPath
E393D,0.9982,LPath
E393F,0.9997,LPath
E393G,0.9724,LPath
E393H,0.9991,LPath
E393I,0.9983,LPath
E393K,0.9937,LPath
E393L,0.9985,LPath
E393M,0.9957,LPath
E393N,0.9987,LPath
E393P,0.9999,LPath
E393Q,0.8685,LPath
E393R,0.991,LPath
E393S,0.9795,LPath
E393T,0.9908,LPath
E393V,0.9943,LPath
E393W,0.9999,LPath
E393Y,0.9996,LPath
Q394A,0.3939,Amb
Q394C,0.9413,LPath
Q394D,0.9114,LPath
Q394E,0.5029,Amb
Q394F,0.9274,LPath
Q394G,0.5614,Amb
Q394H,0.8416,LPath
Q394I,0.8193,LPath
Q394K,0.7509,LPath
Q394L,0.5025,Amb
Q394M,0.4806,Amb
Q394N,0.5486,Amb
Q394P,0.9972,LPath
Q394R,0.7347,LPath
Q394S,0.4271,Amb
Q394T,0.3977,Amb
Q394V,0.6826,LPath
Q394W,0.9768,LPath
Q394Y,0.9175,LPath
Y395A,0.9928,LPath
Y395C,0.9697,LPath
Y395D,0.9935,LPath
Y395E,0.9974,LPath
Y395F,0.1985,LBen
Y395G,0.9842,LPath
Y395H,0.9488,LPath
Y395I,0.9871,LPath
Y395K,0.9956,LPath
Y395L,0.9812,LPath
Y395M,0.9882,LPath
Y395N,0.969,LPath
Y395P,0.9996,LPath
Y395Q,0.9961,LPath
Y395R,0.9902,LPath
Y395S,0.9846,LPath
Y395T,0.9904,LPath
Y395V,0.9727,LPath
Y395W,0.9115,LPath
Y396A,0.9953,LPath
Y396C,0.9768,LPath
Y396D,0.9979,LPath
Y396E,0.9994,LPath
Y396F,0.6282,LPath
Y396G,0.9742,LPath
Y396H,0.9967,LPath
Y396I,0.9955,LPath
Y396K,0.9994,LPath
Y396L,0.9474,LPath
Y396M,0.9961,LPath
Y396N,0.9917,LPath
Y396P,0.9976,LPath
Y396Q,0.9994,LPath
Y396R,0.996,LPath
Y396S,0.9856,LPath
Y396T,0.995,LPath
Y396V,0.9811,LPath
Y396W,0.9725,LPath
S397A,0.1753,LBen
S397C,0.5053,Amb
S397D,0.9172,LPath
S397E,0.8926,LPath
S397F,0.9008,LPath
S397G,0.2987,LBen
S397H,0.784,LPath
S397I,0.9524,LPath
S397K,0.9658,LPath
S397L,0.7725,LPath
S397M,0.7787,LPath
S397N,0.6344,LPath
S397P,0.9959,LPath
S397Q,0.7218,LPath
S397R,0.9414,LPath
S397T,0.5938,LPath
S397V,0.8858,LPath
S397W,0.9711,LPath
S397Y,0.856,LPath
T398A,0.7628,LPath
T398C,0.8708,LPath
T398D,0.9933,LPath
T398E,0.9885,LPath
T398F,0.9817,LPath
T398G,0.9293,LPath
T398H,0.9852,LPath
T398I,0.9106,LPath
T398K,0.9833,LPath
T398L,0.8587,LPath
T398M,0.8664,LPath
T398N,0.9576,LPath
T398P,0.987,LPath
T398Q,0.9703,LPath
T398R,0.9765,LPath
T398S,0.839,LPath
T398V,0.7007,LPath
T398W,0.9968,LPath
T398Y,0.9912,LPath
Q399A,0.5216,Amb
Q399C,0.9656,LPath
Q399D,0.9424,LPath
Q399E,0.5341,Amb
Q399F,0.9567,LPath
Q399G,0.7681,LPath
Q399H,0.9014,LPath
Q399I,0.8538,LPath
Q399K,0.7889,LPath
Q399L,0.8174,LPath
Q399M,0.7243,LPath
Q399N,0.7371,LPath
Q399P,0.9493,LPath
Q399R,0.7858,LPath
Q399S,0.4996,Amb
Q399T,0.4937,Amb
Q399V,0.6783,LPath
Q399W,0.9869,LPath
Q399Y,0.968,LPath
I400A,0.9901,LPath
I400C,0.9939,LPath
I400D,0.9998,LPath
I400E,0.9991,LPath
I400F,0.9815,LPath
I400G,0.9989,LPath
I400H,0.9998,LPath
I400K,0.9994,LPath
I400L,0.87,LPath
I400M,0.8367,LPath
I400N,0.9976,LPath
I400P,0.9976,LPath
I400Q,0.9993,LPath
I400R,0.999,LPath
I400S,0.9957,LPath
I400T,0.9818,LPath
I400V,0.1973,LBen
I400W,0.9994,LPath
I400Y,0.9988,LPath
D401A,0.8402,LPath
D401C,0.9887,LPath
D401E,0.6769,LPath
D401F,0.9849,LPath
D401G,0.9052,LPath
D401H,0.9588,LPath
D401I,0.9696,LPath
D401K,0.9669,LPath
D401L,0.9395,LPath
D401M,0.9817,LPath
D401N,0.8185,LPath
D401P,0.9772,LPath
D401Q,0.9335,LPath
D401R,0.9547,LPath
D401S,0.8056,LPath
D401T,0.9187,LPath
D401V,0.9117,LPath
D401W,0.9962,LPath
D401Y,0.9448,LPath
E402A,0.9524,LPath
E402C,0.9955,LPath
E402D,0.9808,LPath
E402F,0.9986,LPath
E402G,0.9781,LPath
E402H,0.9976,LPath
E402I,0.9941,LPath
E402K,0.9888,LPath
E402L,0.9958,LPath
E402M,0.9945,LPath
E402N,0.9951,LPath
E402P,0.9828,LPath
E402Q,0.9525,LPath
E402R,0.9806,LPath
E402S,0.9836,LPath
E402T,0.9886,LPath
E402V,0.9822,LPath
E402W,0.9997,LPath
E402Y,0.9981,LPath
M403A,0.9947,LPath
M403C,0.9788,LPath
M403D,0.9997,LPath
M403E,0.9991,LPath
M403F,0.9404,LPath
M403G,0.9974,LPath
M403H,0.9989,LPath
M403I,0.995,LPath
M403K,0.9981,LPath
M403L,0.6168,LPath
M403N,0.9979,LPath
M403P,0.9993,LPath
M403Q,0.9961,LPath
M403R,0.9988,LPath
M403S,0.9979,LPath
M403T,0.999,LPath
M403V,0.9587,LPath
M403W,0.9978,LPath
M403Y,0.9936,LPath
P404A,0.9877,LPath
P404C,0.9995,LPath
P404D,0.9976,LPath
P404E,0.9979,LPath
P404F,0.9998,LPath
P404G,0.992,LPath
P404H,0.9984,LPath
P404I,0.9993,LPath
P404K,0.9987,LPath
P404L,0.996,LPath
P404M,0.9992,LPath
P404N,0.9983,LPath
P404Q,0.9985,LPath
P404R,0.9968,LPath
P404S,0.997,LPath
P404T,0.9959,LPath
P404V,0.9971,LPath
P404W,0.9999,LPath
P404Y,0.9996,LPath
M405A,0.5597,Amb
M405C,0.7784,LPath
M405D,0.9291,LPath
M405E,0.8255,LPath
M405F,0.6779,LPath
M405G,0.7625,LPath
M405H,0.9226,LPath
M405I,0.7544,LPath
M405K,0.8781,LPath
M405L,0.2357,LBen
M405N,0.7717,LPath
M405P,0.9068,LPath
M405Q,0.6439,LPath
M405R,0.8355,LPath
M405S,0.6231,LPath
M405T,0.6911,LPath
M405V,0.155,LBen
M405W,0.9422,LPath
M405Y,0.8824,LPath
N406A,0.7137,LPath
N406C,0.8372,LPath
N406D,0.5331,Amb
N406E,0.8808,LPath
N406F,0.9573,LPath
N406G,0.7402,LPath
N406H,0.6651,LPath
N406I,0.8911,LPath
N406K,0.964,LPath
N406L,0.8465,LPath
N406M,0.8738,LPath
N406P,0.9515,LPath
N406Q,0.8756,LPath
N406R,0.9479,LPath
N406S,0.3345,LBen
N406T,0.6393,LPath
N406V,0.7872,LPath
N406W,0.9894,LPath
N406Y,0.8184,LPath
V407A,0.8804,LPath
V407C,0.9675,LPath
V407D,0.9832,LPath
V407E,0.9741,LPath
V407F,0.7806,LPath
V407G,0.8545,LPath
V407H,0.9935,LPath
V407I,0.2499,LBen
V407K,0.9875,LPath
V407L,0.7757,LPath
V407M,0.883,LPath
V407N,0.9769,LPath
V407P,0.9554,LPath
V407Q,0.9831,LPath
V407R,0.9704,LPath
V407S,0.9468,LPath
V407T,0.8977,LPath
V407W,0.9927,LPath
V407Y,0.973,LPath
A408C,0.8459,LPath
A408D,0.9202,LPath
A408E,0.8641,LPath
A408F,0.8943,LPath
A408G,0.4187,Amb
A408H,0.9046,LPath
A408I,0.9164,LPath
A408K,0.9509,LPath
A408L,0.7392,LPath
A408M,0.8135,LPath
A408N,0.7221,LPath
A408P,0.9423,LPath
A408Q,0.6941,LPath
A408R,0.8817,LPath
A408S,0.2211,LBen
A408T,0.4917,Amb
A408V,0.7572,LPath
A408W,0.984,LPath
A408Y,0.9361,LPath
D409A,0.8995,LPath
D409C,0.9936,LPath
D409E,0.6941,LPath
D409F,0.987,LPath
D409G,0.8418,LPath
D409H,0.9742,LPath
D409I,0.9903,LPath
D409K,0.9814,LPath
D409L,0.98,LPath
D409M,0.9939,LPath
D409N,0.8345,LPath
D409P,0.99,LPath
D409Q,0.9591,LPath
D409R,0.9749,LPath
D409S,0.8404,LPath
D409T,0.9397,LPath
D409V,0.9606,LPath
D409W,0.9966,LPath
D409Y,0.9447,LPath
L410A,0.8655,LPath
L410C,0.9584,LPath
L410D,0.9886,LPath
L410E,0.9736,LPath
L410F,0.7733,LPath
L410G,0.9624,LPath
L410H,0.9774,LPath
L410I,0.4857,Amb
L410K,0.9736,LPath
L410M,0.4624,Amb
L410N,0.9541,LPath
L410P,0.9967,LPath
L410Q,0.9605,LPath
L410R,0.9594,LPath
L410S,0.9703,LPath
L410T,0.8829,LPath
L410V,0.5584,Amb
L410W,0.9564,LPath
L410Y,0.9229,LPath
I411A,0.9061,LPath
I411C,0.9812,LPath
I411D,0.9934,LPath
I411E,0.9758,LPath
I411F,0.7659,LPath
I411G,0.9785,LPath
I411H,0.992,LPath
I411K,0.9857,LPath
I411L,0.2321,LBen
I411M,0.5441,Amb
I411N,0.9742,LPath
I411P,0.9616,LPath
I411Q,0.9762,LPath
I411R,0.9703,LPath
I411S,0.953,LPath
I411T,0.9422,LPath
I411V,0.2681,LBen
I411W,0.987,LPath
I411Y,0.9657,LPath
