protein_variant,am_pathogenicity,am_class
M1A,0.1881,LBen
M1C,0.1711,LBen
M1D,0.5543,Amb
M1E,0.4042,Amb
M1F,0.0872,LBen
M1G,0.2854,LBen
M1H,0.4198,Amb
M1I,0.3099,LBen
M1K,0.3693,Amb
M1L,0.1003,LBen
M1N,0.3854,Amb
M1P,0.2922,LBen
M1Q,0.2128,LBen
M1R,0.2941,LBen
M1S,0.2396,LBen
M1T,0.3293,LBen
M1V,0.0921,LBen
M1W,0.3337,LBen
M1Y,0.2153,LBen
S2A,0.0678,LBen
S2C,0.1541,LBen
S2D,0.2018,LBen
S2E,0.2059,LBen
S2F,0.2139,LBen
S2G,0.0911,LBen
S2H,0.2803,LBen
S2I,0.2517,LBen
S2K,0.418,Amb
S2L,0.2117,LBen
S2M,0.2614,LBen
S2N,0.1345,LBen
S2P,0.1246,LBen
S2Q,0.2808,LBen
S2R,0.4402,Amb
S2T,0.0832,LBen
S2V,0.2012,LBen
S2W,0.409,Amb
S2Y,0.2013,LBen
A3C,0.2524,LBen
A3D,0.1386,LBen
A3E,0.1647,LBen
A3F,0.1851,LBen
A3G,0.0848,LBen
A3H,0.252,LBen
A3I,0.2643,LBen
A3K,0.3448,Amb
A3L,0.1757,LBen
A3M,0.3217,LBen
A3N,0.1319,LBen
A3P,0.0961,LBen
A3Q,0.2084,LBen
A3R,0.277,LBen
A3S,0.067,LBen
A3T,0.1028,LBen
A3V,0.1604,LBen
A3W,0.5203,Amb
A3Y,0.2243,LBen
S4A,0.067,LBen
S4C,0.1109,LBen
S4D,0.1526,LBen
S4E,0.1576,LBen
S4F,0.1522,LBen
S4G,0.0802,LBen
S4H,0.2166,LBen
S4I,0.1495,LBen
S4K,0.3956,Amb
S4L,0.1455,LBen
S4M,0.229,LBen
S4N,0.1029,LBen
S4P,0.1003,LBen
S4Q,0.2254,LBen
S4R,0.3598,Amb
S4T,0.0753,LBen
S4V,0.1178,LBen
S4W,0.3147,LBen
S4Y,0.1584,LBen
Q5A,0.0726,LBen
Q5C,0.3259,LBen
Q5D,0.105,LBen
Q5E,0.064,LBen
Q5F,0.2379,LBen
Q5G,0.0811,LBen
Q5H,0.1099,LBen
Q5I,0.1777,LBen
Q5K,0.1033,LBen
Q5L,0.0999,LBen
Q5M,0.2262,LBen
Q5N,0.0971,LBen
Q5P,0.0705,LBen
Q5R,0.0969,LBen
Q5S,0.0678,LBen
Q5T,0.0807,LBen
Q5V,0.1209,LBen
Q5W,0.3493,Amb
Q5Y,0.184,LBen
D6A,0.1513,LBen
D6C,0.4517,Amb
D6E,0.0817,LBen
D6F,0.3447,Amb
D6G,0.1304,LBen
D6H,0.264,LBen
D6I,0.281,LBen
D6K,0.3984,Amb
D6L,0.2959,LBen
D6M,0.4959,Amb
D6N,0.1352,LBen
D6P,0.306,LBen
D6Q,0.2279,LBen
D6R,0.3575,Amb
D6S,0.1295,LBen
D6T,0.1747,LBen
D6V,0.183,LBen
D6W,0.689,LPath
D6Y,0.1976,LBen
S7A,0.0711,LBen
S7C,0.1073,LBen
S7D,0.1311,LBen
S7E,0.1484,LBen
S7F,0.1252,LBen
S7G,0.0717,LBen
S7H,0.1681,LBen
S7I,0.1265,LBen
S7K,0.3238,LBen
S7L,0.1119,LBen
S7M,0.1782,LBen
S7N,0.0815,LBen
S7P,0.0993,LBen
S7Q,0.1839,LBen
S7R,0.2878,LBen
S7T,0.0707,LBen
S7V,0.1051,LBen
S7W,0.2647,LBen
S7Y,0.1171,LBen
R8A,0.142,LBen
R8C,0.3872,Amb
R8D,0.1787,LBen
R8E,0.1574,LBen
R8F,0.2757,LBen
R8G,0.0891,LBen
R8H,0.204,LBen
R8I,0.1979,LBen
R8K,0.1079,LBen
R8L,0.1502,LBen
R8M,0.3026,LBen
R8N,0.2653,LBen
R8P,0.1634,LBen
R8Q,0.1427,LBen
R8S,0.1931,LBen
R8T,0.1569,LBen
R8V,0.1719,LBen
R8W,0.389,Amb
R8Y,0.2948,LBen
S9A,0.0719,LBen
S9C,0.1109,LBen
S9D,0.1695,LBen
S9E,0.1689,LBen
S9F,0.1373,LBen
S9G,0.0701,LBen
S9H,0.1725,LBen
S9I,0.1271,LBen
S9K,0.3372,LBen
S9L,0.1064,LBen
S9M,0.168,LBen
S9N,0.0832,LBen
S9P,0.0708,LBen
S9Q,0.1716,LBen
S9R,0.318,LBen
S9T,0.0712,LBen
S9V,0.1057,LBen
S9W,0.2712,LBen
S9Y,0.1332,LBen
R10A,0.2183,LBen
R10C,0.475,Amb
R10D,0.272,LBen
R10E,0.2052,LBen
R10F,0.4065,Amb
R10G,0.1394,LBen
R10H,0.23,LBen
R10I,0.2964,LBen
R10K,0.104,LBen
R10L,0.2216,LBen
R10M,0.3716,Amb
R10N,0.3698,Amb
R10P,0.2536,LBen
R10Q,0.1581,LBen
R10S,0.2812,LBen
R10T,0.2072,LBen
R10V,0.2648,LBen
R10W,0.4101,Amb
R10Y,0.3967,Amb
D11A,0.2067,LBen
D11C,0.5105,Amb
D11E,0.0918,LBen
D11F,0.4088,Amb
D11G,0.1473,LBen
D11H,0.3144,LBen
D11I,0.3564,Amb
D11K,0.4466,Amb
D11L,0.3544,Amb
D11M,0.5679,LPath
D11N,0.1496,LBen
D11P,0.419,Amb
D11Q,0.268,LBen
D11R,0.3872,Amb
D11S,0.1568,LBen
D11T,0.2382,LBen
D11V,0.2407,LBen
D11W,0.6928,LPath
D11Y,0.2138,LBen
N12A,0.0839,LBen
N12C,0.1319,LBen
N12D,0.1079,LBen
N12E,0.1853,LBen
N12F,0.1969,LBen
N12G,0.0917,LBen
N12H,0.0942,LBen
N12I,0.125,LBen
N12K,0.2542,LBen
N12L,0.1315,LBen
N12M,0.201,LBen
N12P,0.1873,LBen
N12Q,0.1726,LBen
N12R,0.2247,LBen
N12S,0.0613,LBen
N12T,0.077,LBen
N12V,0.1072,LBen
N12W,0.4555,Amb
N12Y,0.118,LBen
G13A,0.2055,LBen
G13C,0.3703,Amb
G13D,0.4788,Amb
G13E,0.4903,Amb
G13F,0.49,Amb
G13H,0.6091,LPath
G13I,0.3234,LBen
G13K,0.7278,LPath
G13L,0.3768,Amb
G13M,0.52,Amb
G13N,0.4355,Amb
G13P,0.6075,LPath
G13Q,0.5651,LPath
G13R,0.6451,LPath
G13S,0.2082,LBen
G13T,0.2355,LBen
G13V,0.2506,LBen
G13W,0.6248,LPath
G13Y,0.4964,Amb
P14A,0.1775,LBen
P14C,0.5953,LPath
P14D,0.5282,Amb
P14E,0.4168,Amb
P14F,0.5428,Amb
P14G,0.3212,LBen
P14H,0.4511,Amb
P14I,0.3744,Amb
P14K,0.5397,Amb
P14L,0.2642,LBen
P14M,0.4468,Amb
P14N,0.4842,Amb
P14Q,0.3818,Amb
P14R,0.4083,Amb
P14S,0.3284,LBen
P14T,0.2749,LBen
P14V,0.2485,LBen
P14W,0.7569,LPath
P14Y,0.6162,LPath
D15A,0.1444,LBen
D15C,0.5147,Amb
D15E,0.0704,LBen
D15F,0.4975,Amb
D15G,0.1648,LBen
D15H,0.3826,Amb
D15I,0.3523,Amb
D15K,0.4047,Amb
D15L,0.3207,LBen
D15M,0.5217,Amb
D15N,0.1826,LBen
D15P,0.3908,Amb
D15Q,0.2642,LBen
D15R,0.3916,Amb
D15S,0.1469,LBen
D15T,0.2339,LBen
D15V,0.2147,LBen
D15W,0.7965,LPath
D15Y,0.3204,LBen
G16A,0.2764,LBen
G16C,0.4299,Amb
G16D,0.4488,Amb
G16E,0.4711,Amb
G16F,0.6518,LPath
G16H,0.6781,LPath
G16I,0.4632,Amb
G16K,0.7725,LPath
G16L,0.5495,Amb
G16M,0.5927,LPath
G16N,0.3967,Amb
G16P,0.7719,LPath
G16Q,0.5976,LPath
G16R,0.6861,LPath
G16S,0.2436,LBen
G16T,0.2917,LBen
G16V,0.3647,Amb
G16W,0.7316,LPath
G16Y,0.6291,LPath
M17A,0.6084,LPath
M17C,0.7186,LPath
M17D,0.7377,LPath
M17E,0.6546,LPath
M17F,0.3962,Amb
M17G,0.6039,LPath
M17H,0.7887,LPath
M17I,0.6481,LPath
M17K,0.6367,LPath
M17L,0.2354,LBen
M17N,0.6403,LPath
M17P,0.7314,LPath
M17Q,0.5064,Amb
M17R,0.6238,LPath
M17S,0.6271,LPath
M17T,0.6656,LPath
M17V,0.2456,LBen
M17W,0.7418,LPath
M17Y,0.6518,LPath
E18A,0.2889,LBen
E18C,0.8385,LPath
E18D,0.0848,LBen
E18F,0.7372,LPath
E18G,0.345,Amb
E18H,0.6139,LPath
E18I,0.4573,Amb
E18K,0.5476,Amb
E18L,0.4092,Amb
E18M,0.5774,LPath
E18N,0.3003,LBen
E18P,0.5808,LPath
E18Q,0.283,LBen
E18R,0.5623,Amb
E18S,0.3094,LBen
E18T,0.3845,Amb
E18V,0.3156,LBen
E18W,0.9283,LPath
E18Y,0.6644,LPath
P19A,0.129,LBen
P19C,0.6348,LPath
P19D,0.5335,Amb
P19E,0.377,Amb
P19F,0.6761,LPath
P19G,0.3437,Amb
P19H,0.4591,Amb
P19I,0.355,Amb
P19K,0.5325,Amb
P19L,0.2494,LBen
P19M,0.3862,Amb
P19N,0.4327,Amb
P19Q,0.3197,LBen
P19R,0.446,Amb
P19S,0.262,LBen
P19T,0.1888,LBen
P19V,0.2249,LBen
P19W,0.8417,LPath
P19Y,0.6658,LPath
E20A,0.2549,LBen
E20C,0.7981,LPath
E20D,0.0745,LBen
E20F,0.7838,LPath
E20G,0.2082,LBen
E20H,0.5996,LPath
E20I,0.5817,LPath
E20K,0.4842,Amb
E20L,0.5126,Amb
E20M,0.6582,LPath
E20N,0.2781,LBen
E20P,0.6116,LPath
E20Q,0.2971,LBen
E20R,0.5191,Amb
E20S,0.2407,LBen
E20T,0.3288,LBen
E20V,0.3957,Amb
E20W,0.9248,LPath
E20Y,0.6899,LPath
G21A,0.4497,Amb
G21C,0.7449,LPath
G21D,0.72,LPath
G21E,0.772,LPath
G21F,0.8999,LPath
G21H,0.9108,LPath
G21I,0.8018,LPath
G21K,0.9365,LPath
G21L,0.8399,LPath
G21M,0.8337,LPath
G21N,0.6674,LPath
G21P,0.9441,LPath
G21Q,0.8639,LPath
G21R,0.9229,LPath
G21S,0.4786,Amb
G21T,0.5404,Amb
G21V,0.6577,LPath
G21W,0.932,LPath
G21Y,0.8733,LPath
V22A,0.4044,Amb
V22C,0.6902,LPath
V22D,0.5935,LPath
V22E,0.5161,Amb
V22F,0.2998,LBen
V22G,0.4413,Amb
V22H,0.7576,LPath
V22I,0.067,LBen
V22K,0.6631,LPath
V22L,0.2165,LBen
V22M,0.2092,LBen
V22N,0.3789,Amb
V22P,0.7542,LPath
V22Q,0.5291,Amb
V22R,0.6663,LPath
V22S,0.4274,Amb
V22T,0.2997,LBen
V22W,0.9081,LPath
V22Y,0.6869,LPath
I23A,0.8633,LPath
I23C,0.9801,LPath
I23D,0.985,LPath
I23E,0.9502,LPath
I23F,0.6412,LPath
I23G,0.9643,LPath
I23H,0.9886,LPath
I23K,0.9764,LPath
I23L,0.5052,Amb
I23M,0.5168,Amb
I23N,0.9663,LPath
I23P,0.9468,LPath
I23Q,0.9678,LPath
I23R,0.9501,LPath
I23S,0.9368,LPath
I23T,0.8625,LPath
I23V,0.3496,Amb
I23W,0.9682,LPath
I23Y,0.9521,LPath
E24A,0.5684,LPath
E24C,0.9511,LPath
E24D,0.4249,Amb
E24F,0.9388,LPath
E24G,0.7094,LPath
E24H,0.8796,LPath
E24I,0.7803,LPath
E24K,0.7943,LPath
E24L,0.8478,LPath
E24M,0.8918,LPath
E24N,0.8132,LPath
E24P,0.9385,LPath
E24Q,0.4251,Amb
E24R,0.786,LPath
E24S,0.6415,LPath
E24T,0.6209,LPath
E24V,0.5773,LPath
E24W,0.9864,LPath
E24Y,0.9238,LPath
S25A,0.4462,Amb
S25C,0.7172,LPath
S25D,0.8888,LPath
S25E,0.9451,LPath
S25F,0.9793,LPath
S25G,0.2411,LBen
S25H,0.9594,LPath
S25I,0.9675,LPath
S25K,0.9893,LPath
S25L,0.9233,LPath
S25M,0.8968,LPath
S25N,0.8128,LPath
S25P,0.9585,LPath
S25Q,0.9545,LPath
S25R,0.9911,LPath
S25T,0.2678,LBen
S25V,0.925,LPath
S25W,0.9803,LPath
S25Y,0.9549,LPath
N26A,0.7135,LPath
N26C,0.7788,LPath
N26D,0.4191,Amb
N26E,0.8829,LPath
N26F,0.9609,LPath
N26G,0.6473,LPath
N26H,0.719,LPath
N26I,0.8561,LPath
N26K,0.9537,LPath
N26L,0.8185,LPath
N26M,0.8886,LPath
N26P,0.8002,LPath
N26Q,0.8855,LPath
N26R,0.9364,LPath
N26S,0.1651,LBen
N26T,0.296,LBen
N26V,0.7455,LPath
N26W,0.9893,LPath
N26Y,0.8553,LPath
W27A,0.9668,LPath
W27C,0.966,LPath
W27D,0.9935,LPath
W27E,0.9948,LPath
W27F,0.4428,Amb
W27G,0.9306,LPath
W27H,0.9719,LPath
W27I,0.9638,LPath
W27K,0.9972,LPath
W27L,0.9262,LPath
W27M,0.968,LPath
W27N,0.99,LPath
W27P,0.997,LPath
W27Q,0.9957,LPath
W27R,0.9946,LPath
W27S,0.9512,LPath
W27T,0.9719,LPath
W27V,0.9426,LPath
W27Y,0.5549,Amb
N28A,0.1837,LBen
N28C,0.2899,LBen
N28D,0.109,LBen
N28E,0.2138,LBen
N28F,0.5662,LPath
N28G,0.1873,LBen
N28H,0.1127,LBen
N28I,0.3241,LBen
N28K,0.2645,LBen
N28L,0.2738,LBen
N28M,0.3163,LBen
N28P,0.4379,Amb
N28Q,0.2133,LBen
N28R,0.3446,Amb
N28S,0.0852,LBen
N28T,0.104,LBen
N28V,0.249,LBen
N28W,0.7539,LPath
N28Y,0.2703,LBen
E29A,0.3934,Amb
E29C,0.9191,LPath
E29D,0.2139,LBen
E29F,0.9197,LPath
E29G,0.6064,LPath
E29H,0.697,LPath
E29I,0.5526,Amb
E29K,0.4392,Amb
E29L,0.6619,LPath
E29M,0.6677,LPath
E29N,0.4533,Amb
E29P,0.978,LPath
E29Q,0.2111,LBen
E29R,0.5791,LPath
E29S,0.4489,Amb
E29T,0.3712,Amb
E29V,0.362,Amb
E29W,0.9815,LPath
E29Y,0.8652,LPath
I30A,0.5352,Amb
I30C,0.7889,LPath
I30D,0.9379,LPath
I30E,0.8586,LPath
I30F,0.4951,Amb
I30G,0.8579,LPath
I30H,0.8917,LPath
I30K,0.821,LPath
I30L,0.2903,LBen
I30M,0.2062,LBen
I30N,0.6695,LPath
I30P,0.8995,LPath
I30Q,0.813,LPath
I30R,0.7711,LPath
I30S,0.62,LPath
I30T,0.2816,LBen
I30V,0.0758,LBen
I30W,0.9427,LPath
I30Y,0.8618,LPath
V31A,0.4164,Amb
V31C,0.6115,LPath
V31D,0.977,LPath
V31E,0.9135,LPath
V31F,0.4947,Amb
V31G,0.7365,LPath
V31H,0.8889,LPath
V31I,0.1364,LBen
V31K,0.8833,LPath
V31L,0.6619,LPath
V31M,0.5232,Amb
V31N,0.8726,LPath
V31P,0.9791,LPath
V31Q,0.8095,LPath
V31R,0.8071,LPath
V31S,0.5767,LPath
V31T,0.2685,LBen
V31W,0.9591,LPath
V31Y,0.8601,LPath
D32A,0.6075,LPath
D32C,0.9376,LPath
D32E,0.273,LBen
D32F,0.9229,LPath
D32G,0.5798,LPath
D32H,0.8127,LPath
D32I,0.9114,LPath
D32K,0.8794,LPath
D32L,0.8267,LPath
D32M,0.9296,LPath
D32N,0.3981,Amb
D32P,0.8619,LPath
D32Q,0.777,LPath
D32R,0.8753,LPath
D32S,0.4402,Amb
D32T,0.6595,LPath
D32V,0.7788,LPath
D32W,0.9832,LPath
D32Y,0.7661,LPath
S33A,0.2563,LBen
S33C,0.1834,LBen
S33D,0.8532,LPath
S33E,0.9447,LPath
S33F,0.9014,LPath
S33G,0.2193,LBen
S33H,0.7074,LPath
S33I,0.8566,LPath
S33K,0.9566,LPath
S33L,0.6162,LPath
S33M,0.6615,LPath
S33N,0.257,LBen
S33P,0.9945,LPath
S33Q,0.8412,LPath
S33R,0.9419,LPath
S33T,0.1366,LBen
S33V,0.7394,LPath
S33W,0.9507,LPath
S33Y,0.807,LPath
F34A,0.9994,LPath
F34C,0.9996,LPath
F34D,0.9997,LPath
F34E,0.9998,LPath
F34G,0.9996,LPath
F34H,0.999,LPath
F34I,0.9985,LPath
F34K,0.9999,LPath
F34L,0.9998,LPath
F34M,0.9984,LPath
F34N,0.9997,LPath
F34P,0.9999,LPath
F34Q,0.9998,LPath
F34R,0.9996,LPath
F34S,0.9995,LPath
F34T,0.9997,LPath
F34V,0.9983,LPath
F34W,0.8925,LPath
F34Y,0.9451,LPath
D35A,0.9854,LPath
D35C,0.9987,LPath
D35E,0.9386,LPath
D35F,0.9982,LPath
D35G,0.983,LPath
D35H,0.9941,LPath
D35I,0.9982,LPath
D35K,0.9957,LPath
D35L,0.9954,LPath
D35M,0.999,LPath
D35N,0.9807,LPath
D35P,0.9982,LPath
D35Q,0.9938,LPath
D35R,0.9898,LPath
D35S,0.9772,LPath
D35T,0.9936,LPath
D35V,0.9944,LPath
D35W,0.9989,LPath
D35Y,0.9916,LPath
D36A,0.3266,LBen
D36C,0.8669,LPath
D36E,0.1835,LBen
D36F,0.8972,LPath
D36G,0.4466,Amb
D36H,0.6584,LPath
D36I,0.8505,LPath
D36K,0.7374,LPath
D36L,0.768,LPath
D36M,0.8501,LPath
D36N,0.2376,LBen
D36P,0.9942,LPath
D36Q,0.5344,Amb
D36R,0.7743,LPath
D36S,0.2541,LBen
D36T,0.5631,Amb
D36V,0.6744,LPath
D36W,0.984,LPath
D36Y,0.6943,LPath
M37A,0.9855,LPath
M37C,0.9419,LPath
M37D,0.9988,LPath
M37E,0.9969,LPath
M37F,0.87,LPath
M37G,0.9921,LPath
M37H,0.9961,LPath
M37I,0.9828,LPath
M37K,0.9923,LPath
M37L,0.3938,Amb
M37N,0.9923,LPath
M37P,0.9997,LPath
M37Q,0.983,LPath
M37R,0.9944,LPath
M37S,0.9897,LPath
M37T,0.9908,LPath
M37V,0.8621,LPath
M37W,0.9946,LPath
M37Y,0.9852,LPath
N38A,0.1691,LBen
N38C,0.1909,LBen
N38D,0.1428,LBen
N38E,0.3027,LBen
N38F,0.597,LPath
N38G,0.1363,LBen
N38H,0.1131,LBen
N38I,0.4684,Amb
N38K,0.2818,LBen
N38L,0.3183,LBen
N38M,0.3634,Amb
N38P,0.8874,LPath
N38Q,0.2143,LBen
N38R,0.3373,LBen
N38S,0.0856,LBen
N38T,0.1979,LBen
N38V,0.3463,Amb
N38W,0.8501,LPath
N38Y,0.2848,LBen
L39A,0.9907,LPath
L39C,0.9784,LPath
L39D,0.9998,LPath
L39E,0.9991,LPath
L39F,0.9612,LPath
L39G,0.9979,LPath
L39H,0.9988,LPath
L39I,0.5461,Amb
L39K,0.9984,LPath
L39M,0.7715,LPath
L39N,0.9988,LPath
L39P,0.9991,LPath
L39Q,0.9984,LPath
L39R,0.9973,LPath
L39S,0.9993,LPath
L39T,0.9939,LPath
L39V,0.7106,LPath
L39W,0.9984,LPath
L39Y,0.9973,LPath
S40A,0.1237,LBen
S40C,0.1069,LBen
S40D,0.3944,Amb
S40E,0.5357,Amb
S40F,0.6637,LPath
S40G,0.1133,LBen
S40H,0.249,LBen
S40I,0.5609,Amb
S40K,0.4806,Amb
S40L,0.2719,LBen
S40M,0.3619,Amb
S40N,0.1315,LBen
S40P,0.6198,LPath
S40Q,0.3189,LBen
S40R,0.4846,Amb
S40T,0.129,LBen
S40V,0.4101,Amb
S40W,0.687,LPath
S40Y,0.483,Amb
E41A,0.7705,LPath
E41C,0.9826,LPath
E41D,0.3401,Amb
E41F,0.9929,LPath
E41G,0.7741,LPath
E41H,0.9642,LPath
E41I,0.9624,LPath
E41K,0.8973,LPath
E41L,0.966,LPath
E41M,0.9716,LPath
E41N,0.8413,LPath
E41P,0.7916,LPath
E41Q,0.7495,LPath
E41R,0.9024,LPath
E41S,0.762,LPath
E41T,0.8417,LPath
E41V,0.8819,LPath
E41W,0.9973,LPath
E41Y,0.9844,LPath
S42A,0.0741,LBen
S42C,0.1719,LBen
S42D,0.4724,Amb
S42E,0.5003,Amb
S42F,0.5533,Amb
S42G,0.1088,LBen
S42H,0.4525,Amb
S42I,0.3927,Amb
S42K,0.7665,LPath
S42L,0.2158,LBen
S42M,0.2677,LBen
S42N,0.1342,LBen
S42P,0.1617,LBen
S42Q,0.4205,Amb
S42R,0.8019,LPath
S42T,0.1047,LBen
S42V,0.2772,LBen
S42W,0.7539,LPath
S42Y,0.462,Amb
L43A,0.9714,LPath
L43C,0.9791,LPath
L43D,0.9998,LPath
L43E,0.9986,LPath
L43F,0.9937,LPath
L43G,0.997,LPath
L43H,0.9984,LPath
L43I,0.4744,Amb
L43K,0.9977,LPath
L43M,0.847,LPath
L43N,0.9958,LPath
L43P,0.9988,LPath
L43Q,0.9965,LPath
L43R,0.996,LPath
L43S,0.9961,LPath
L43T,0.9584,LPath
L43V,0.4952,Amb
L43W,0.9994,LPath
L43Y,0.9991,LPath
L44A,0.9816,LPath
L44C,0.9805,LPath
L44D,0.9997,LPath
L44E,0.9956,LPath
L44F,0.994,LPath
L44G,0.9926,LPath
L44H,0.9958,LPath
L44I,0.8505,LPath
L44K,0.977,LPath
L44M,0.8315,LPath
L44N,0.9944,LPath
L44P,0.9995,LPath
L44Q,0.9741,LPath
L44R,0.9672,LPath
L44S,0.996,LPath
L44T,0.9802,LPath
L44V,0.8626,LPath
L44W,0.9979,LPath
L44Y,0.9971,LPath
R45A,0.9969,LPath
R45C,0.9904,LPath
R45D,0.9984,LPath
R45E,0.9903,LPath
R45F,0.9989,LPath
R45G,0.994,LPath
R45H,0.9722,LPath
R45I,0.9991,LPath
R45K,0.9422,LPath
R45L,0.9937,LPath
R45M,0.9992,LPath
R45N,0.9987,LPath
R45P,0.9994,LPath
R45Q,0.9714,LPath
R45S,0.9987,LPath
R45T,0.9984,LPath
R45V,0.9982,LPath
R45W,0.9908,LPath
R45Y,0.9957,LPath
G46A,0.9869,LPath
G46C,0.9991,LPath
G46D,0.9997,LPath
G46E,0.9998,LPath
G46F,0.9999,LPath
G46H,0.9999,LPath
G46I,0.9998,LPath
G46K,0.9999,LPath
G46L,0.9998,LPath
G46M,0.9999,LPath
G46N,0.9997,LPath
G46P,1.0,LPath
G46Q,0.9998,LPath
G46R,0.9998,LPath
G46S,0.9955,LPath
G46T,0.9993,LPath
G46V,0.9995,LPath
G46W,0.9999,LPath
G46Y,0.9999,LPath
I47A,0.9931,LPath
I47C,0.9909,LPath
I47D,0.9999,LPath
I47E,0.9997,LPath
I47F,0.9961,LPath
I47G,0.9994,LPath
I47H,0.9999,LPath
I47K,0.9997,LPath
I47L,0.8229,LPath
I47M,0.9152,LPath
I47N,0.9985,LPath
I47P,0.9994,LPath
I47Q,0.9997,LPath
I47R,0.9995,LPath
I47S,0.9968,LPath
I47T,0.9804,LPath
I47V,0.1837,LBen
I47W,0.9999,LPath
I47Y,0.9997,LPath
Y48A,0.9963,LPath
Y48C,0.9849,LPath
Y48D,0.9986,LPath
Y48E,0.9994,LPath
Y48F,0.3801,Amb
Y48G,0.9914,LPath
Y48H,0.9942,LPath
Y48I,0.9949,LPath
Y48K,0.999,LPath
Y48L,0.9728,LPath
Y48M,0.9927,LPath
Y48N,0.9924,LPath
Y48P,0.9995,LPath
Y48Q,0.9992,LPath
Y48R,0.995,LPath
Y48S,0.9886,LPath
Y48T,0.9971,LPath
Y48V,0.9874,LPath
Y48W,0.9398,LPath
A49C,0.9572,LPath
A49D,0.9981,LPath
A49E,0.9958,LPath
A49F,0.9867,LPath
A49G,0.6939,LPath
A49H,0.9909,LPath
A49I,0.9965,LPath
A49K,0.9986,LPath
A49L,0.9663,LPath
A49M,0.9854,LPath
A49N,0.9774,LPath
A49P,0.9994,LPath
A49Q,0.9697,LPath
A49R,0.9875,LPath
A49S,0.3764,Amb
A49T,0.9415,LPath
A49V,0.9843,LPath
A49W,0.9987,LPath
A49Y,0.9921,LPath
Y50A,0.9914,LPath
Y50C,0.9499,LPath
Y50D,0.9981,LPath
Y50E,0.9992,LPath
Y50F,0.3848,Amb
Y50G,0.9799,LPath
Y50H,0.9912,LPath
Y50I,0.9927,LPath
Y50K,0.9989,LPath
Y50L,0.9574,LPath
Y50M,0.9865,LPath
Y50N,0.9838,LPath
Y50P,0.9994,LPath
Y50Q,0.9988,LPath
Y50R,0.9955,LPath
Y50S,0.9754,LPath
Y50T,0.994,LPath
Y50V,0.9693,LPath
Y50W,0.9185,LPath
G51A,0.9965,LPath
G51C,0.9988,LPath
G51D,0.9997,LPath
G51E,0.9999,LPath
G51F,0.9998,LPath
G51H,0.9999,LPath
G51I,0.9997,LPath
G51K,0.9999,LPath
G51L,0.9997,LPath
G51M,0.9999,LPath
G51N,0.9995,LPath
G51P,0.9999,LPath
G51Q,0.9997,LPath
G51R,0.9995,LPath
G51S,0.9959,LPath
G51T,0.9991,LPath
G51V,0.9995,LPath
G51W,0.9998,LPath
G51Y,0.9997,LPath
F52A,0.9996,LPath
F52C,0.9996,LPath
F52D,0.9999,LPath
F52E,0.9998,LPath
F52G,0.9995,LPath
F52H,0.9993,LPath
F52I,0.9985,LPath
F52K,0.9998,LPath
F52L,0.9998,LPath
F52M,0.9973,LPath
F52N,0.9995,LPath
F52P,1.0,LPath
F52Q,0.9997,LPath
F52R,0.9995,LPath
F52S,0.9998,LPath
F52T,0.9998,LPath
F52V,0.9987,LPath
F52W,0.96,LPath
F52Y,0.8489,LPath
E53A,0.9917,LPath
E53C,0.9981,LPath
E53D,0.9848,LPath
E53F,0.9996,LPath
E53G,0.987,LPath
E53H,0.9988,LPath
E53I,0.9976,LPath
E53K,0.9966,LPath
E53L,0.9977,LPath
E53M,0.9983,LPath
E53N,0.9978,LPath
E53P,0.9991,LPath
E53Q,0.9688,LPath
E53R,0.9914,LPath
E53S,0.9908,LPath
E53T,0.9938,LPath
E53V,0.9936,LPath
E53W,0.9997,LPath
E53Y,0.9993,LPath
K54A,0.9639,LPath
K54C,0.9722,LPath
K54D,0.9881,LPath
K54E,0.966,LPath
K54F,0.9898,LPath
K54G,0.9669,LPath
K54H,0.8415,LPath
K54I,0.9731,LPath
K54L,0.9578,LPath
K54M,0.9372,LPath
K54N,0.9724,LPath
K54P,0.9971,LPath
K54Q,0.7863,LPath
K54R,0.164,LBen
K54S,0.9768,LPath
K54T,0.9325,LPath
K54V,0.9472,LPath
K54W,0.991,LPath
K54Y,0.967,LPath
P55A,0.9831,LPath
P55C,0.9989,LPath
P55D,0.9999,LPath
P55E,0.9998,LPath
P55F,1.0,LPath
P55G,0.9982,LPath
P55H,0.9999,LPath
P55I,0.9997,LPath
P55K,0.9999,LPath
P55L,0.9977,LPath
P55M,0.9996,LPath
P55N,0.9999,LPath
P55Q,0.9998,LPath
P55R,0.9995,LPath
P55S,0.9992,LPath
P55T,0.9989,LPath
P55V,0.9987,LPath
P55W,1.0,LPath
P55Y,1.0,LPath
S56A,0.8299,LPath
S56C,0.9909,LPath
S56D,0.9993,LPath
S56E,0.9988,LPath
S56F,0.9993,LPath
S56G,0.973,LPath
S56H,0.9985,LPath
S56I,0.999,LPath
S56K,0.9998,LPath
S56L,0.9973,LPath
S56M,0.9974,LPath
S56N,0.9977,LPath
S56P,0.9985,LPath
S56Q,0.9985,LPath
S56R,0.9997,LPath
S56T,0.935,LPath
S56V,0.9974,LPath
S56W,0.9986,LPath
S56Y,0.9991,LPath
A57C,0.9511,LPath
A57D,0.9948,LPath
A57E,0.9892,LPath
A57F,0.9533,LPath
A57G,0.8796,LPath
A57H,0.9812,LPath
A57I,0.9532,LPath
A57K,0.9944,LPath
A57L,0.8472,LPath
A57M,0.9371,LPath
A57N,0.9668,LPath
A57P,0.945,LPath
A57Q,0.9535,LPath
A57R,0.9728,LPath
A57S,0.51,Amb
A57T,0.8512,LPath
A57V,0.8798,LPath
A57W,0.9952,LPath
A57Y,0.9797,LPath
I58A,0.9984,LPath
I58C,0.9997,LPath
I58D,1.0,LPath
I58E,0.9998,LPath
I58F,0.998,LPath
I58G,0.9999,LPath
I58H,1.0,LPath
I58K,0.9999,LPath
I58L,0.9807,LPath
I58M,0.9907,LPath
I58N,0.9998,LPath
I58P,0.999,LPath
I58Q,0.9999,LPath
I58R,0.9998,LPath
I58S,0.9994,LPath
I58T,0.9986,LPath
I58V,0.6145,LPath
I58W,0.9999,LPath
I58Y,0.9999,LPath
Q59A,0.9663,LPath
Q59C,0.9997,LPath
Q59D,0.9999,LPath
Q59E,0.9847,LPath
Q59F,0.9997,LPath
Q59G,0.9749,LPath
Q59H,0.9998,LPath
Q59I,0.9985,LPath
Q59K,0.9992,LPath
Q59L,0.9954,LPath
Q59M,0.985,LPath
Q59N,0.9987,LPath
Q59P,0.9993,LPath
Q59R,0.9992,LPath
Q59S,0.9663,LPath
Q59T,0.9896,LPath
Q59V,0.9971,LPath
Q59W,0.9999,LPath
Q59Y,0.9999,LPath
Q60A,0.6569,LPath
Q60C,0.989,LPath
Q60D,0.9981,LPath
Q60E,0.8439,LPath
Q60F,0.9985,LPath
Q60G,0.7698,LPath
Q60H,0.9951,LPath
Q60I,0.9945,LPath
Q60K,0.913,LPath
Q60L,0.9767,LPath
Q60M,0.9068,LPath
Q60N,0.9852,LPath
Q60P,0.9997,LPath
Q60R,0.9151,LPath
Q60S,0.713,LPath
Q60T,0.9313,LPath
Q60V,0.9789,LPath
Q60W,0.9992,LPath
Q60Y,0.9981,LPath
R61A,0.9934,LPath
R61C,0.9743,LPath
R61D,0.9981,LPath
R61E,0.9852,LPath
R61F,0.9968,LPath
R61G,0.9912,LPath
R61H,0.9306,LPath
R61I,0.9887,LPath
R61K,0.777,LPath
R61L,0.9695,LPath
R61M,0.9941,LPath
R61N,0.9965,LPath
R61P,0.9996,LPath
R61Q,0.9241,LPath
R61S,0.9977,LPath
R61T,0.9941,LPath
R61V,0.9846,LPath
R61W,0.9845,LPath
R61Y,0.9891,LPath
A62C,0.9518,LPath
A62D,0.9997,LPath
A62E,0.9997,LPath
A62F,0.9964,LPath
A62G,0.4322,Amb
A62H,0.9996,LPath
A62I,0.9978,LPath
A62K,0.9999,LPath
A62L,0.9842,LPath
A62M,0.9931,LPath
A62N,0.9987,LPath
A62P,0.9998,LPath
A62Q,0.9984,LPath
A62R,0.9994,LPath
A62S,0.6189,LPath
A62T,0.9838,LPath
A62V,0.9891,LPath
A62W,0.9998,LPath
A62Y,0.9993,LPath
I63A,0.9881,LPath
I63C,0.9923,LPath
I63D,0.9999,LPath
I63E,0.9998,LPath
I63F,0.9854,LPath
I63G,0.9993,LPath
I63H,0.9998,LPath
I63K,0.9998,LPath
I63L,0.7363,LPath
I63M,0.8405,LPath
I63N,0.9984,LPath
I63P,0.9995,LPath
I63Q,0.9996,LPath
I63R,0.9996,LPath
I63S,0.9944,LPath
I63T,0.9843,LPath
I63V,0.229,LBen
I63W,0.9998,LPath
I63Y,0.9992,LPath
L64A,0.5145,Amb
L64C,0.7248,LPath
L64D,0.9771,LPath
L64E,0.8315,LPath
L64F,0.443,Amb
L64G,0.8188,LPath
L64H,0.6906,LPath
L64I,0.1104,LBen
L64K,0.577,LPath
L64M,0.1419,LBen
L64N,0.7658,LPath
L64P,0.8836,LPath
L64Q,0.4528,Amb
L64R,0.6168,LPath
L64S,0.686,LPath
L64T,0.4888,Amb
L64V,0.1064,LBen
L64W,0.7968,LPath
L64Y,0.742,LPath
P65A,0.8943,LPath
P65C,0.9943,LPath
P65D,0.9997,LPath
P65E,0.9989,LPath
P65F,0.9993,LPath
P65G,0.9849,LPath
P65H,0.9978,LPath
P65I,0.9956,LPath
P65K,0.9991,LPath
P65L,0.9866,LPath
P65M,0.9976,LPath
P65N,0.9982,LPath
P65Q,0.995,LPath
P65R,0.9976,LPath
P65S,0.991,LPath
P65T,0.9917,LPath
P65V,0.9838,LPath
P65W,0.9998,LPath
P65Y,0.999,LPath
C66A,0.6505,LPath
C66D,0.9987,LPath
C66E,0.9992,LPath
C66F,0.9386,LPath
C66G,0.7636,LPath
C66H,0.9972,LPath
C66I,0.7011,LPath
C66K,0.9998,LPath
C66L,0.8454,LPath
C66M,0.8545,LPath
C66N,0.9766,LPath
C66P,0.9989,LPath
C66Q,0.9971,LPath
C66R,0.9986,LPath
C66S,0.6628,LPath
C66T,0.7422,LPath
C66V,0.4665,Amb
C66W,0.9978,LPath
C66Y,0.9944,LPath
I67A,0.7027,LPath
I67C,0.699,LPath
I67D,0.9935,LPath
I67E,0.9593,LPath
I67F,0.8374,LPath
I67G,0.9302,LPath
I67H,0.9675,LPath
I67K,0.9066,LPath
I67L,0.1999,LBen
I67M,0.2387,LBen
I67N,0.8877,LPath
I67P,0.9971,LPath
I67Q,0.8749,LPath
I67R,0.8733,LPath
I67S,0.7367,LPath
I67T,0.4306,Amb
I67V,0.0833,LBen
I67W,0.9921,LPath
I67Y,0.9733,LPath
K68A,0.6271,LPath
K68C,0.7061,LPath
K68D,0.8047,LPath
K68E,0.3589,Amb
K68F,0.9367,LPath
K68G,0.6297,LPath
K68H,0.3555,Amb
K68I,0.8484,LPath
K68L,0.5977,LPath
K68M,0.5324,Amb
K68N,0.6474,LPath
K68P,0.9923,LPath
K68Q,0.1521,LBen
K68R,0.0815,LBen
K68S,0.6206,LPath
K68T,0.5539,Amb
K68V,0.7781,LPath
K68W,0.9127,LPath
K68Y,0.835,LPath
G69A,0.764,LPath
G69C,0.856,LPath
G69D,0.9187,LPath
G69E,0.9166,LPath
G69F,0.9925,LPath
G69H,0.9254,LPath
G69I,0.9941,LPath
G69K,0.8959,LPath
G69L,0.9776,LPath
G69M,0.9752,LPath
G69N,0.7914,LPath
G69P,0.9992,LPath
G69Q,0.8219,LPath
G69R,0.8824,LPath
G69S,0.5886,LPath
G69T,0.9201,LPath
G69V,0.9835,LPath
G69W,0.9911,LPath
G69Y,0.9772,LPath
Y70A,0.5209,Amb
Y70C,0.0964,LBen
Y70D,0.5922,LPath
Y70E,0.6635,LPath
Y70F,0.0808,LBen
Y70G,0.5303,Amb
Y70H,0.1148,LBen
Y70I,0.5968,LPath
Y70K,0.4692,Amb
Y70L,0.4837,Amb
Y70M,0.503,Amb
Y70N,0.1695,LBen
Y70P,0.9943,LPath
Y70Q,0.3536,Amb
Y70R,0.2602,LBen
Y70S,0.2819,LBen
Y70T,0.5346,Amb
Y70V,0.4593,Amb
Y70W,0.4038,Amb
D71A,0.9977,LPath
D71C,0.9994,LPath
D71E,0.997,LPath
D71F,0.9999,LPath
D71G,0.9963,LPath
D71H,0.9983,LPath
D71I,0.9999,LPath
D71K,0.9996,LPath
D71L,0.9997,LPath
D71M,0.9999,LPath
D71N,0.9777,LPath
D71P,0.9995,LPath
D71Q,0.9994,LPath
D71R,0.9993,LPath
D71S,0.9894,LPath
D71T,0.999,LPath
D71V,0.9995,LPath
D71W,0.9999,LPath
D71Y,0.9987,LPath
V72A,0.9444,LPath
V72C,0.9059,LPath
V72D,0.9994,LPath
V72E,0.9989,LPath
V72F,0.9932,LPath
V72G,0.9611,LPath
V72H,0.9997,LPath
V72I,0.2812,LBen
V72K,0.9994,LPath
V72L,0.9257,LPath
V72M,0.9476,LPath
V72N,0.9959,LPath
V72P,0.9997,LPath
V72Q,0.9986,LPath
V72R,0.9986,LPath
V72S,0.9752,LPath
V72T,0.8286,LPath
V72W,0.9999,LPath
V72Y,0.9994,LPath
I73A,0.9842,LPath
I73C,0.9963,LPath
I73D,0.9999,LPath
I73E,0.9992,LPath
I73F,0.9827,LPath
I73G,0.9994,LPath
I73H,0.9997,LPath
I73K,0.9991,LPath
I73L,0.7391,LPath
I73M,0.8465,LPath
I73N,0.9992,LPath
I73P,0.9995,LPath
I73Q,0.9991,LPath
I73R,0.9983,LPath
I73S,0.9971,LPath
I73T,0.98,LPath
I73V,0.4591,Amb
I73W,0.9991,LPath
I73Y,0.9984,LPath
A74C,0.9249,LPath
A74D,0.9998,LPath
A74E,0.9995,LPath
A74F,0.9935,LPath
A74G,0.6622,LPath
A74H,0.9996,LPath
A74I,0.992,LPath
A74K,0.9999,LPath
A74L,0.9677,LPath
A74M,0.9896,LPath
A74N,0.999,LPath
A74P,0.9996,LPath
A74Q,0.9957,LPath
A74R,0.9989,LPath
A74S,0.8182,LPath
A74T,0.9813,LPath
A74V,0.9789,LPath
A74W,0.9998,LPath
A74Y,0.9991,LPath
Q75A,0.8796,LPath
Q75C,0.9982,LPath
Q75D,0.9994,LPath
Q75E,0.9403,LPath
Q75F,0.9985,LPath
Q75G,0.9283,LPath
Q75H,0.9994,LPath
Q75I,0.9926,LPath
Q75K,0.9903,LPath
Q75L,0.9865,LPath
Q75M,0.9552,LPath
Q75N,0.9924,LPath
Q75P,0.9992,LPath
Q75R,0.9864,LPath
Q75S,0.9205,LPath
Q75T,0.9421,LPath
Q75V,0.9744,LPath
Q75W,0.9996,LPath
Q75Y,0.9996,LPath
A76C,0.99,LPath
A76D,0.9994,LPath
A76E,0.999,LPath
A76F,0.9988,LPath
A76G,0.9628,LPath
A76H,0.9987,LPath
A76I,0.9999,LPath
A76K,0.9998,LPath
A76L,0.997,LPath
A76M,0.9986,LPath
A76N,0.9992,LPath
A76P,0.9999,LPath
A76Q,0.9958,LPath
A76R,0.9976,LPath
A76S,0.6681,LPath
A76T,0.9974,LPath
A76V,0.9993,LPath
A76W,0.9997,LPath
A76Y,0.9991,LPath
Q77A,0.836,LPath
Q77C,0.9992,LPath
Q77D,0.9973,LPath
Q77E,0.9381,LPath
Q77F,0.9979,LPath
Q77G,0.8923,LPath
Q77H,0.9988,LPath
Q77I,0.9955,LPath
Q77K,0.9871,LPath
Q77L,0.9893,LPath
Q77M,0.973,LPath
Q77N,0.9763,LPath
Q77P,0.9388,LPath
Q77R,0.9842,LPath
Q77S,0.8155,LPath
Q77T,0.9147,LPath
Q77V,0.9816,LPath
Q77W,0.9991,LPath
Q77Y,0.9992,LPath
S78A,0.9282,LPath
S78C,0.9981,LPath
S78D,0.9982,LPath
S78E,0.997,LPath
S78F,0.9992,LPath
S78G,0.9843,LPath
S78H,0.9982,LPath
S78I,0.9989,LPath
S78K,0.9997,LPath
S78L,0.9995,LPath
S78M,0.9981,LPath
S78N,0.9956,LPath
S78P,0.9984,LPath
S78Q,0.9967,LPath
S78R,0.9997,LPath
S78T,0.9772,LPath
S78V,0.9979,LPath
S78W,0.9972,LPath
S78Y,0.9981,LPath
G79A,0.9992,LPath
G79C,0.9999,LPath
G79D,1.0,LPath
G79E,1.0,LPath
G79F,0.9999,LPath
G79H,1.0,LPath
G79I,0.9999,LPath
G79K,1.0,LPath
G79L,0.9999,LPath
G79M,1.0,LPath
G79N,1.0,LPath
G79P,0.9999,LPath
G79Q,1.0,LPath
G79R,0.9999,LPath
G79S,0.9994,LPath
G79T,0.9997,LPath
G79V,0.9998,LPath
G79W,1.0,LPath
G79Y,1.0,LPath
T80A,0.9849,LPath
T80C,0.9978,LPath
T80D,0.9983,LPath
T80E,0.9959,LPath
T80F,0.9974,LPath
T80G,0.9697,LPath
T80H,0.9961,LPath
T80I,0.9996,LPath
T80K,0.9948,LPath
T80L,0.9946,LPath
T80M,0.9868,LPath
T80N,0.9927,LPath
T80P,0.9971,LPath
T80Q,0.995,LPath
T80R,0.9926,LPath
T80S,0.9464,LPath
T80V,0.9947,LPath
T80W,0.9989,LPath
T80Y,0.9983,LPath
G81A,0.9997,LPath
G81C,0.9999,LPath
G81D,1.0,LPath
G81E,1.0,LPath
G81F,1.0,LPath
G81H,1.0,LPath
G81I,1.0,LPath
G81K,1.0,LPath
G81L,0.9999,LPath
G81M,1.0,LPath
G81N,1.0,LPath
G81P,1.0,LPath
G81Q,1.0,LPath
G81R,1.0,LPath
G81S,0.9998,LPath
G81T,0.9999,LPath
G81V,0.9999,LPath
G81W,1.0,LPath
G81Y,1.0,LPath
K82A,0.9999,LPath
K82C,1.0,LPath
K82D,0.9997,LPath
K82E,0.9996,LPath
K82F,1.0,LPath
K82G,0.9998,LPath
K82H,0.9997,LPath
K82I,0.9999,LPath
K82L,0.9999,LPath
K82M,0.9998,LPath
K82N,0.9999,LPath
K82P,0.9999,LPath
K82Q,0.9999,LPath
K82R,0.9835,LPath
K82S,0.9999,LPath
K82T,0.9993,LPath
K82V,0.9999,LPath
K82W,1.0,LPath
K82Y,0.9999,LPath
T83A,0.9985,LPath
T83C,0.9999,LPath
T83D,0.9992,LPath
T83E,0.999,LPath
T83F,0.9997,LPath
T83G,0.9965,LPath
T83H,0.9993,LPath
T83I,0.9997,LPath
T83K,0.9983,LPath
T83L,0.9994,LPath
T83M,0.9986,LPath
T83N,0.999,LPath
T83P,0.9981,LPath
T83Q,0.999,LPath
T83R,0.9982,LPath
T83S,0.9901,LPath
T83V,0.9982,LPath
T83W,0.9998,LPath
T83Y,0.9998,LPath
A84C,0.9834,LPath
A84D,0.9999,LPath
A84E,0.9998,LPath
A84F,0.9977,LPath
A84G,0.6764,LPath
A84H,0.9997,LPath
A84I,0.9992,LPath
A84K,0.9999,LPath
A84L,0.9881,LPath
A84M,0.997,LPath
A84N,0.9992,LPath
A84P,0.9994,LPath
A84Q,0.9985,LPath
A84R,0.9989,LPath
A84S,0.8455,LPath
A84T,0.992,LPath
A84V,0.9963,LPath
A84W,0.9999,LPath
A84Y,0.9996,LPath
T85A,0.5833,LPath
T85C,0.8655,LPath
T85D,0.9994,LPath
T85E,0.9994,LPath
T85F,0.9967,LPath
T85G,0.9087,LPath
T85H,0.9983,LPath
T85I,0.9919,LPath
T85K,0.9995,LPath
T85L,0.9415,LPath
T85M,0.9351,LPath
T85N,0.9886,LPath
T85P,0.9914,LPath
T85Q,0.9969,LPath
T85R,0.998,LPath
T85S,0.8054,LPath
T85V,0.8808,LPath
T85W,0.9998,LPath
T85Y,0.999,LPath
F86A,0.9932,LPath
F86C,0.983,LPath
F86D,0.9998,LPath
F86E,0.9997,LPath
F86G,0.9968,LPath
F86H,0.9972,LPath
F86I,0.9765,LPath
F86K,0.9996,LPath
F86L,0.9979,LPath
F86M,0.9791,LPath
F86N,0.9987,LPath
F86P,0.9999,LPath
F86Q,0.9993,LPath
F86R,0.999,LPath
F86S,0.9973,LPath
F86T,0.9966,LPath
F86V,0.9642,LPath
F86W,0.9737,LPath
F86Y,0.7952,LPath
A87C,0.655,LPath
A87D,0.9988,LPath
A87E,0.9979,LPath
A87F,0.9917,LPath
A87G,0.5635,Amb
A87H,0.9976,LPath
A87I,0.8536,LPath
A87K,0.9996,LPath
A87L,0.8709,LPath
A87M,0.9204,LPath
A87N,0.9866,LPath
A87P,0.9982,LPath
A87Q,0.9915,LPath
A87R,0.9983,LPath
A87S,0.1968,LBen
A87T,0.3864,Amb
A87V,0.5392,Amb
A87W,0.9995,LPath
A87Y,0.9982,LPath
I88A,0.9583,LPath
I88C,0.9734,LPath
I88D,0.9998,LPath
I88E,0.9995,LPath
I88F,0.9838,LPath
I88G,0.9973,LPath
I88H,0.9997,LPath
I88K,0.9996,LPath
I88L,0.6416,LPath
I88M,0.7728,LPath
I88N,0.9965,LPath
I88P,0.999,LPath
I88Q,0.9993,LPath
I88R,0.9994,LPath
I88S,0.9812,LPath
I88T,0.9337,LPath
I88V,0.123,LBen
I88W,0.9998,LPath
I88Y,0.9992,LPath
S89A,0.1051,LBen
S89C,0.4163,Amb
S89D,0.9988,LPath
S89E,0.999,LPath
S89F,0.9945,LPath
S89G,0.2332,LBen
S89H,0.9957,LPath
S89I,0.9899,LPath
S89K,0.9998,LPath
S89L,0.9478,LPath
S89M,0.9672,LPath
S89N,0.9815,LPath
S89P,0.9836,LPath
S89Q,0.9952,LPath
S89R,0.9995,LPath
S89T,0.6593,LPath
S89V,0.9549,LPath
S89W,0.9989,LPath
S89Y,0.9964,LPath
I90A,0.8069,LPath
I90C,0.8673,LPath
I90D,0.9992,LPath
I90E,0.998,LPath
I90F,0.9214,LPath
I90G,0.9881,LPath
I90H,0.9982,LPath
I90K,0.9986,LPath
I90L,0.3932,Amb
I90M,0.3315,LBen
I90N,0.9862,LPath
I90P,0.9984,LPath
I90Q,0.9953,LPath
I90R,0.9978,LPath
I90S,0.9122,LPath
I90T,0.7843,LPath
I90V,0.0999,LBen
I90W,0.9992,LPath
I90Y,0.9963,LPath
L91A,0.9786,LPath
L91C,0.911,LPath
L91D,0.9999,LPath
L91E,0.9992,LPath
L91F,0.9706,LPath
L91G,0.9956,LPath
L91H,0.9984,LPath
L91I,0.7837,LPath
L91K,0.9991,LPath
L91M,0.65,LPath
L91N,0.9982,LPath
L91P,0.9996,LPath
L91Q,0.9968,LPath
L91R,0.9985,LPath
L91S,0.9966,LPath
L91T,0.9877,LPath
L91V,0.8433,LPath
L91W,0.9985,LPath
L91Y,0.9979,LPath
Q92A,0.8091,LPath
Q92C,0.9764,LPath
Q92D,0.9671,LPath
Q92E,0.4096,Amb
Q92F,0.9969,LPath
Q92G,0.7741,LPath
Q92H,0.8961,LPath
Q92I,0.9972,LPath
Q92K,0.9753,LPath
Q92L,0.981,LPath
Q92M,0.951,LPath
Q92N,0.7221,LPath
Q92P,0.9977,LPath
Q92R,0.9652,LPath
Q92S,0.4464,Amb
Q92T,0.9412,LPath
Q92V,0.9873,LPath
Q92W,0.9976,LPath
Q92Y,0.993,LPath
Q93A,0.3995,Amb
Q93C,0.674,LPath
Q93D,0.7814,LPath
Q93E,0.2338,LBen
Q93F,0.9093,LPath
Q93G,0.4138,Amb
Q93H,0.4082,Amb
Q93I,0.7077,LPath
Q93K,0.2138,LBen
Q93L,0.3636,Amb
Q93M,0.4864,Amb
Q93N,0.3598,Amb
Q93P,0.9897,LPath
Q93R,0.2392,LBen
Q93S,0.3397,LBen
Q93T,0.3586,Amb
Q93V,0.5445,Amb
Q93W,0.9372,LPath
Q93Y,0.8373,LPath
I94A,0.7364,LPath
I94C,0.791,LPath
I94D,0.9974,LPath
I94E,0.9893,LPath
I94F,0.8833,LPath
I94G,0.9683,LPath
I94H,0.9934,LPath
I94K,0.9885,LPath
I94L,0.1325,LBen
I94M,0.1985,LBen
I94N,0.9572,LPath
I94P,0.9938,LPath
I94Q,0.9804,LPath
I94R,0.9835,LPath
I94S,0.8958,LPath
I94T,0.4828,Amb
I94V,0.0812,LBen
I94W,0.9959,LPath
I94Y,0.9904,LPath
E95A,0.2571,LBen
E95C,0.7143,LPath
E95D,0.0792,LBen
E95F,0.8998,LPath
E95G,0.4193,Amb
E95H,0.4007,Amb
E95I,0.5274,Amb
E95K,0.307,LBen
E95L,0.6072,LPath
E95M,0.6589,LPath
E95N,0.1587,LBen
E95P,0.8753,LPath
E95Q,0.1401,LBen
E95R,0.3785,Amb
E95S,0.1788,LBen
E95T,0.306,LBen
E95V,0.3298,LBen
E95W,0.958,LPath
E95Y,0.7716,LPath
L96A,0.2726,LBen
L96C,0.4982,Amb
L96D,0.8234,LPath
L96E,0.5178,Amb
L96F,0.3305,LBen
L96G,0.4977,Amb
L96H,0.5003,Amb
L96I,0.1122,LBen
L96K,0.411,Amb
L96M,0.0917,LBen
L96N,0.415,Amb
L96P,0.2378,LBen
L96Q,0.2868,LBen
L96R,0.4405,Amb
L96S,0.4169,Amb
L96T,0.1336,LBen
L96V,0.0905,LBen
L96W,0.6322,LPath
L96Y,0.6127,LPath
D97A,0.2954,LBen
D97C,0.7064,LPath
D97E,0.091,LBen
D97F,0.8584,LPath
D97G,0.2118,LBen
D97H,0.3571,Amb
D97I,0.7304,LPath
D97K,0.5085,Amb
D97L,0.6938,LPath
D97M,0.7644,LPath
D97N,0.1267,LBen
D97P,0.688,LPath
D97Q,0.3097,LBen
D97R,0.5781,LPath
D97S,0.1529,LBen
D97T,0.2871,LBen
D97V,0.5421,Amb
D97W,0.9463,LPath
D97Y,0.592,LPath
L98A,0.1959,LBen
L98C,0.3004,LBen
L98D,0.6551,LPath
L98E,0.2753,LBen
L98F,0.176,LBen
L98G,0.5352,Amb
L98H,0.2176,LBen
L98I,0.0793,LBen
L98K,0.2263,LBen
L98M,0.0786,LBen
L98N,0.2464,LBen
L98P,0.9014,LPath
L98Q,0.1049,LBen
L98R,0.2222,LBen
L98S,0.222,LBen
L98T,0.1679,LBen
L98V,0.0729,LBen
L98W,0.4436,Amb
L98Y,0.3276,LBen
K99A,0.6995,LPath
K99C,0.8274,LPath
K99D,0.7684,LPath
K99E,0.5295,Amb
K99F,0.9546,LPath
K99G,0.6933,LPath
K99H,0.4005,Amb
K99I,0.859,LPath
K99L,0.7355,LPath
K99M,0.7196,LPath
K99N,0.6951,LPath
K99P,0.5951,LPath
K99Q,0.236,LBen
K99R,0.0893,LBen
K99S,0.7006,LPath
K99T,0.5329,Amb
K99V,0.7446,LPath
K99W,0.9312,LPath
K99Y,0.8893,LPath
A100C,0.3023,LBen
A100D,0.7381,LPath
A100E,0.5226,Amb
A100F,0.634,LPath
A100G,0.126,LBen
A100H,0.6472,LPath
A100I,0.6192,LPath
A100K,0.8247,LPath
A100L,0.4937,Amb
A100M,0.3981,Amb
A100N,0.4032,Amb
A100P,0.9781,LPath
A100Q,0.4069,Amb
A100R,0.8143,LPath
A100S,0.1029,LBen
A100T,0.1931,LBen
A100V,0.3412,Amb
A100W,0.9408,LPath
A100Y,0.6852,LPath
T101A,0.2741,LBen
T101C,0.2344,LBen
T101D,0.9933,LPath
T101E,0.9918,LPath
T101F,0.985,LPath
T101G,0.6658,LPath
T101H,0.9748,LPath
T101I,0.8421,LPath
T101K,0.9922,LPath
T101L,0.7068,LPath
T101M,0.6703,LPath
T101N,0.815,LPath
T101P,0.2232,LBen
T101Q,0.9612,LPath
T101R,0.9883,LPath
T101S,0.3271,LBen
T101V,0.4821,Amb
T101W,0.9983,LPath
T101Y,0.9938,LPath
Q102A,0.8825,LPath
Q102C,0.9929,LPath
Q102D,0.9953,LPath
Q102E,0.75,LPath
Q102F,0.9981,LPath
Q102G,0.9094,LPath
Q102H,0.9913,LPath
Q102I,0.9908,LPath
Q102K,0.9735,LPath
Q102L,0.9782,LPath
Q102M,0.9228,LPath
Q102N,0.9527,LPath
Q102P,0.9954,LPath
Q102R,0.9769,LPath
Q102S,0.8344,LPath
Q102T,0.9193,LPath
Q102V,0.9672,LPath
Q102W,0.9995,LPath
Q102Y,0.9988,LPath
A103C,0.7239,LPath
A103D,0.9993,LPath
A103E,0.999,LPath
A103F,0.9864,LPath
A103G,0.3848,Amb
A103H,0.9981,LPath
A103I,0.9474,LPath
A103K,0.9996,LPath
A103L,0.9462,LPath
A103M,0.9661,LPath
A103N,0.9953,LPath
A103P,0.9991,LPath
A103Q,0.9953,LPath
A103R,0.998,LPath
A103S,0.4628,Amb
A103T,0.8446,LPath
A103V,0.7761,LPath
A103W,0.9994,LPath
A103Y,0.9962,LPath
L104A,0.9788,LPath
L104C,0.9449,LPath
L104D,0.9999,LPath
L104E,0.9996,LPath
L104F,0.9239,LPath
L104G,0.9984,LPath
L104H,0.9992,LPath
L104I,0.3822,Amb
L104K,0.9993,LPath
L104M,0.4346,Amb
L104N,0.9994,LPath
L104P,0.9997,LPath
L104Q,0.9984,LPath
L104R,0.999,LPath
L104S,0.9986,LPath
L104T,0.9925,LPath
L104V,0.4268,Amb
L104W,0.9974,LPath
L104Y,0.9973,LPath
V105A,0.9785,LPath
V105C,0.9397,LPath
V105D,0.9997,LPath
V105E,0.9992,LPath
V105F,0.9795,LPath
V105G,0.9868,LPath
V105H,0.9997,LPath
V105I,0.1296,LBen
V105K,0.9997,LPath
V105L,0.887,LPath
V105M,0.9541,LPath
V105N,0.9982,LPath
V105P,0.9991,LPath
V105Q,0.999,LPath
V105R,0.9991,LPath
V105S,0.9902,LPath
V105T,0.9792,LPath
V105W,0.9997,LPath
V105Y,0.9988,LPath
L106A,0.9793,LPath
L106C,0.9587,LPath
L106D,0.9999,LPath
L106E,0.9996,LPath
L106F,0.9886,LPath
L106G,0.9979,LPath
L106H,0.9997,LPath
L106I,0.6119,LPath
L106K,0.9996,LPath
L106M,0.6571,LPath
L106N,0.9995,LPath
L106P,0.9997,LPath
L106Q,0.9992,LPath
L106R,0.9993,LPath
L106S,0.9987,LPath
L106T,0.991,LPath
L106V,0.5651,LPath
L106W,0.9995,LPath
L106Y,0.9994,LPath
A107C,0.8597,LPath
A107D,0.9996,LPath
A107E,0.9983,LPath
A107F,0.9969,LPath
A107G,0.8715,LPath
A107H,0.9983,LPath
A107I,0.992,LPath
A107K,0.9998,LPath
A107L,0.9599,LPath
A107M,0.9928,LPath
A107N,0.997,LPath
A107P,0.9972,LPath
A107Q,0.9957,LPath
A107R,0.9975,LPath
A107S,0.5674,LPath
A107T,0.9478,LPath
A107V,0.9486,LPath
A107W,0.9998,LPath
A107Y,0.9988,LPath
P108A,0.9914,LPath
P108C,0.9989,LPath
P108D,0.9995,LPath
P108E,0.9995,LPath
P108F,0.9999,LPath
P108G,0.9961,LPath
P108H,0.9973,LPath
P108I,0.9998,LPath
P108K,0.9997,LPath
P108L,0.9988,LPath
P108M,0.9998,LPath
P108N,0.9984,LPath
P108Q,0.9994,LPath
P108R,0.9991,LPath
P108S,0.9957,LPath
P108T,0.9976,LPath
P108V,0.999,LPath
P108W,0.9999,LPath
P108Y,0.9999,LPath
T109A,0.9626,LPath
T109C,0.995,LPath
T109D,0.9977,LPath
T109E,0.9952,LPath
T109F,0.998,LPath
T109G,0.9638,LPath
T109H,0.9953,LPath
T109I,0.9987,LPath
T109K,0.9966,LPath
T109L,0.9914,LPath
T109M,0.9953,LPath
T109N,0.9829,LPath
T109P,0.9725,LPath
T109Q,0.993,LPath
T109R,0.9924,LPath
T109S,0.9284,LPath
T109V,0.982,LPath
T109W,0.9995,LPath
T109Y,0.9986,LPath
R110A,0.999,LPath
R110C,0.9987,LPath
R110D,0.9996,LPath
R110E,0.9966,LPath
R110F,0.9995,LPath
R110G,0.9979,LPath
R110H,0.9923,LPath
R110I,0.9997,LPath
R110K,0.9862,LPath
R110L,0.9985,LPath
R110M,0.9998,LPath
R110N,0.9996,LPath
R110P,0.9993,LPath
R110Q,0.9949,LPath
R110S,0.9994,LPath
R110T,0.9995,LPath
R110V,0.9993,LPath
R110W,0.9948,LPath
R110Y,0.9982,LPath
E111A,0.9977,LPath
E111C,0.9994,LPath
E111D,0.9978,LPath
E111F,0.9999,LPath
E111G,0.9978,LPath
E111H,0.9998,LPath
E111I,0.9995,LPath
E111K,0.9996,LPath
E111L,0.9997,LPath
E111M,0.9997,LPath
E111N,0.9996,LPath
E111P,0.9989,LPath
E111Q,0.9966,LPath
E111R,0.999,LPath
E111S,0.9988,LPath
E111T,0.9996,LPath
E111V,0.9989,LPath
E111W,1.0,LPath
E111Y,0.9998,LPath
L112A,0.9917,LPath
L112C,0.9994,LPath
L112D,0.9998,LPath
L112E,0.9984,LPath
L112F,0.9993,LPath
L112G,0.9957,LPath
L112H,0.9996,LPath
L112I,0.9727,LPath
L112K,0.9968,LPath
L112M,0.9779,LPath
L112N,0.9973,LPath
L112P,0.9999,LPath
L112Q,0.9996,LPath
L112R,0.9977,LPath
L112S,0.9996,LPath
L112T,0.9964,LPath
L112V,0.9879,LPath
L112W,0.9997,LPath
L112Y,0.9995,LPath
A113C,0.9116,LPath
A113D,0.9996,LPath
A113E,0.9991,LPath
A113F,0.999,LPath
A113G,0.8282,LPath
A113H,0.9993,LPath
A113I,0.997,LPath
A113K,0.9998,LPath
A113L,0.9858,LPath
A113M,0.9961,LPath
A113N,0.998,LPath
A113P,0.9991,LPath
A113Q,0.9956,LPath
A113R,0.9981,LPath
A113S,0.5361,Amb
A113T,0.9664,LPath
A113V,0.9731,LPath
A113W,0.9999,LPath
A113Y,0.9995,LPath
Q114A,0.2887,LBen
Q114C,0.8307,LPath
Q114D,0.9671,LPath
Q114E,0.5292,Amb
Q114F,0.8454,LPath
Q114G,0.3659,Amb
Q114H,0.825,LPath
Q114I,0.4599,Amb
Q114K,0.7726,LPath
Q114L,0.1749,LBen
Q114M,0.2345,LBen
Q114N,0.6063,LPath
Q114P,0.9912,LPath
Q114R,0.8162,LPath
Q114S,0.2995,LBen
Q114T,0.2137,LBen
Q114V,0.2671,LBen
Q114W,0.9561,LPath
Q114Y,0.9011,LPath
Q115A,0.9441,LPath
Q115C,0.9998,LPath
Q115D,0.9952,LPath
Q115E,0.9463,LPath
Q115F,0.9989,LPath
Q115G,0.9111,LPath
Q115H,0.9996,LPath
Q115I,0.997,LPath
Q115K,0.9954,LPath
Q115L,0.9943,LPath
Q115M,0.9763,LPath
Q115N,0.9795,LPath
Q115P,0.9983,LPath
Q115R,0.9984,LPath
Q115S,0.9319,LPath
Q115T,0.969,LPath
Q115V,0.9932,LPath
Q115W,0.9998,LPath
Q115Y,0.9995,LPath
I116A,0.9827,LPath
I116C,0.9941,LPath
I116D,0.9989,LPath
I116E,0.9971,LPath
I116F,0.9944,LPath
I116G,0.996,LPath
I116H,0.9994,LPath
I116K,0.9993,LPath
I116L,0.9389,LPath
I116M,0.8891,LPath
I116N,0.9859,LPath
I116P,0.9995,LPath
I116Q,0.998,LPath
I116R,0.9992,LPath
I116S,0.9711,LPath
I116T,0.8715,LPath
I116V,0.6191,LPath
I116W,0.9996,LPath
I116Y,0.9989,LPath
Q117A,0.6205,LPath
Q117C,0.8773,LPath
Q117D,0.9923,LPath
Q117E,0.5296,Amb
Q117F,0.9487,LPath
Q117G,0.6846,LPath
Q117H,0.8594,LPath
Q117I,0.9652,LPath
Q117K,0.859,LPath
Q117L,0.8049,LPath
Q117M,0.7699,LPath
Q117N,0.8882,LPath
Q117P,0.997,LPath
Q117R,0.7925,LPath
Q117S,0.6157,LPath
Q117T,0.7889,LPath
Q117V,0.8504,LPath
Q117W,0.9816,LPath
Q117Y,0.9427,LPath
K118A,0.9365,LPath
K118C,0.9721,LPath
K118D,0.9561,LPath
K118E,0.9621,LPath
K118F,0.9884,LPath
K118G,0.887,LPath
K118H,0.8523,LPath
K118I,0.9759,LPath
K118L,0.9448,LPath
K118M,0.916,LPath
K118N,0.9563,LPath
K118P,0.9954,LPath
K118Q,0.8498,LPath
K118R,0.2522,LBen
K118S,0.962,LPath
K118T,0.8942,LPath
K118V,0.9397,LPath
K118W,0.9886,LPath
K118Y,0.9632,LPath
V119A,0.9793,LPath
V119C,0.9888,LPath
V119D,0.9911,LPath
V119E,0.9868,LPath
V119F,0.9779,LPath
V119G,0.8153,LPath
V119H,0.9964,LPath
V119I,0.7905,LPath
V119K,0.9961,LPath
V119L,0.9954,LPath
V119M,0.9897,LPath
V119N,0.9398,LPath
V119P,0.9986,LPath
V119Q,0.987,LPath
V119R,0.9881,LPath
V119S,0.9445,LPath
V119T,0.8765,LPath
V119W,0.999,LPath
V119Y,0.9929,LPath
V120A,0.8396,LPath
V120C,0.7768,LPath
V120D,0.9986,LPath
V120E,0.9963,LPath
V120F,0.8022,LPath
V120G,0.9211,LPath
V120H,0.9981,LPath
V120I,0.1109,LBen
V120K,0.9986,LPath
V120L,0.6138,LPath
V120M,0.5462,Amb
V120N,0.9879,LPath
V120P,0.9992,LPath
V120Q,0.9933,LPath
V120R,0.9974,LPath
V120S,0.9187,LPath
V120T,0.7987,LPath
V120W,0.9981,LPath
V120Y,0.9925,LPath
M121A,0.5256,Amb
M121C,0.7012,LPath
M121D,0.97,LPath
M121E,0.8545,LPath
M121F,0.6424,LPath
M121G,0.7012,LPath
M121H,0.8496,LPath
M121I,0.4883,Amb
M121K,0.7342,LPath
M121L,0.1194,LBen
M121N,0.6857,LPath
M121P,0.9974,LPath
M121Q,0.5565,Amb
M121R,0.7804,LPath
M121S,0.5837,LPath
M121T,0.3797,Amb
M121V,0.149,LBen
M121W,0.9447,LPath
M121Y,0.8762,LPath
A122C,0.934,LPath
A122D,0.9956,LPath
A122E,0.9938,LPath
A122F,0.9716,LPath
A122G,0.7349,LPath
A122H,0.9752,LPath
A122I,0.9927,LPath
A122K,0.9979,LPath
A122L,0.9473,LPath
A122M,0.9652,LPath
A122N,0.9493,LPath
A122P,0.999,LPath
A122Q,0.9624,LPath
A122R,0.9889,LPath
A122S,0.4429,Amb
A122T,0.9348,LPath
A122V,0.9675,LPath
A122W,0.9969,LPath
A122Y,0.9832,LPath
L123A,0.9855,LPath
L123C,0.9881,LPath
L123D,0.9998,LPath
L123E,0.999,LPath
L123F,0.9605,LPath
L123G,0.9981,LPath
L123H,0.9987,LPath
L123I,0.4891,Amb
L123K,0.9983,LPath
L123M,0.6681,LPath
L123N,0.9984,LPath
L123P,0.9993,LPath
L123Q,0.9982,LPath
L123R,0.9979,LPath
L123S,0.9985,LPath
L123T,0.9858,LPath
L123V,0.715,LPath
L123W,0.9969,LPath
L123Y,0.9976,LPath
G124A,0.8589,LPath
G124C,0.9896,LPath
G124D,0.9993,LPath
G124E,0.9995,LPath
G124F,0.9996,LPath
G124H,0.9998,LPath
G124I,0.9995,LPath
G124K,0.9998,LPath
G124L,0.9988,LPath
G124M,0.9992,LPath
G124N,0.9991,LPath
G124P,0.9999,LPath
G124Q,0.9989,LPath
G124R,0.9992,LPath
G124S,0.9285,LPath
G124T,0.9915,LPath
G124V,0.998,LPath
G124W,0.9997,LPath
G124Y,0.9998,LPath
D125A,0.9622,LPath
D125C,0.9963,LPath
D125E,0.8901,LPath
D125F,0.9914,LPath
D125G,0.953,LPath
D125H,0.9793,LPath
D125I,0.9909,LPath
D125K,0.9886,LPath
D125L,0.9828,LPath
D125M,0.9948,LPath
D125N,0.8674,LPath
D125P,0.9987,LPath
D125Q,0.9793,LPath
D125R,0.982,LPath
D125S,0.9199,LPath
D125T,0.9764,LPath
D125V,0.9757,LPath
D125W,0.9979,LPath
D125Y,0.9495,LPath
Y126A,0.9902,LPath
Y126C,0.9271,LPath
Y126D,0.9896,LPath
Y126E,0.9969,LPath
Y126F,0.2633,LBen
Y126G,0.9696,LPath
Y126H,0.9617,LPath
Y126I,0.984,LPath
Y126K,0.9957,LPath
Y126L,0.964,LPath
Y126M,0.9806,LPath
Y126N,0.9595,LPath
Y126P,0.9967,LPath
Y126Q,0.9963,LPath
Y126R,0.9875,LPath
Y126S,0.9558,LPath
Y126T,0.9864,LPath
Y126V,0.9554,LPath
Y126W,0.9275,LPath
M127A,0.7959,LPath
M127C,0.7966,LPath
M127D,0.9912,LPath
M127E,0.9317,LPath
M127F,0.8431,LPath
M127G,0.9309,LPath
M127H,0.944,LPath
M127I,0.8541,LPath
M127K,0.7481,LPath
M127L,0.19,LBen
M127N,0.9283,LPath
M127P,0.9959,LPath
M127Q,0.6412,LPath
M127R,0.798,LPath
M127S,0.8055,LPath
M127T,0.6352,LPath
M127V,0.3362,LBen
M127W,0.9789,LPath
M127Y,0.9665,LPath
G128A,0.3346,LBen
G128C,0.5414,Amb
G128D,0.6334,LPath
G128E,0.6832,LPath
G128F,0.9467,LPath
G128H,0.7305,LPath
G128I,0.897,LPath
G128K,0.806,LPath
G128L,0.807,LPath
G128M,0.7923,LPath
G128N,0.3639,Amb
G128P,0.9836,LPath
G128Q,0.5277,Amb
G128R,0.7852,LPath
G128S,0.2209,LBen
G128T,0.5653,LPath
G128V,0.7698,LPath
G128W,0.9603,LPath
G128Y,0.8943,LPath
A129C,0.3991,Amb
A129D,0.9912,LPath
A129E,0.9825,LPath
A129F,0.8448,LPath
A129G,0.4727,Amb
A129H,0.9758,LPath
A129I,0.4191,Amb
A129K,0.9893,LPath
A129L,0.4202,Amb
A129M,0.6827,LPath
A129N,0.9438,LPath
A129P,0.8978,LPath
A129Q,0.9576,LPath
A129R,0.9757,LPath
A129S,0.3692,Amb
A129T,0.4001,Amb
A129V,0.2468,LBen
A129W,0.9909,LPath
A129Y,0.9493,LPath
S130A,0.0836,LBen
S130C,0.1053,LBen
S130D,0.7253,LPath
S130E,0.7244,LPath
S130F,0.3512,Amb
S130G,0.1104,LBen
S130H,0.4062,Amb
S130I,0.2062,LBen
S130K,0.7924,LPath
S130L,0.1541,LBen
S130M,0.181,LBen
S130N,0.16,LBen
S130P,0.8351,LPath
S130Q,0.4401,Amb
S130R,0.773,LPath
S130T,0.0649,LBen
S130V,0.1459,LBen
S130W,0.711,LPath
S130Y,0.3964,Amb
C131A,0.7121,LPath
C131D,0.9991,LPath
C131E,0.9995,LPath
C131F,0.9784,LPath
C131G,0.8255,LPath
C131H,0.9974,LPath
C131I,0.8841,LPath
C131K,0.9998,LPath
C131L,0.9593,LPath
C131M,0.9756,LPath
C131N,0.9864,LPath
C131P,0.9959,LPath
C131Q,0.9981,LPath
C131R,0.9982,LPath
C131S,0.6567,LPath
C131T,0.7677,LPath
C131V,0.6259,LPath
C131W,0.9977,LPath
C131Y,0.996,LPath
H132A,0.8138,LPath
H132C,0.3234,LBen
H132D,0.9606,LPath
H132E,0.9249,LPath
H132F,0.3229,LBen
H132G,0.9115,LPath
H132I,0.687,LPath
H132K,0.9052,LPath
H132L,0.3464,Amb
H132M,0.6927,LPath
H132N,0.6207,LPath
H132P,0.9758,LPath
H132Q,0.6986,LPath
H132R,0.7524,LPath
H132S,0.7371,LPath
H132T,0.8283,LPath
H132V,0.6284,LPath
H132W,0.6424,LPath
H132Y,0.2173,LBen
A133C,0.6539,LPath
A133D,0.9958,LPath
A133E,0.9923,LPath
A133F,0.9641,LPath
A133G,0.6571,LPath
A133H,0.985,LPath
A133I,0.9163,LPath
A133K,0.9961,LPath
A133L,0.7625,LPath
A133M,0.904,LPath
A133N,0.9584,LPath
A133P,0.9274,LPath
A133Q,0.9686,LPath
A133R,0.9858,LPath
A133S,0.3569,Amb
A133T,0.6616,LPath
A133V,0.761,LPath
A133W,0.9957,LPath
A133Y,0.9825,LPath
C134A,0.8691,LPath
C134D,0.9996,LPath
C134E,0.9997,LPath
C134F,0.9279,LPath
C134G,0.943,LPath
C134H,0.9989,LPath
C134I,0.9231,LPath
C134K,0.9999,LPath
C134L,0.801,LPath
C134M,0.9262,LPath
C134N,0.995,LPath
C134P,0.9992,LPath
C134Q,0.9991,LPath
C134R,0.9991,LPath
C134S,0.9364,LPath
C134T,0.9577,LPath
C134V,0.7622,LPath
C134W,0.9977,LPath
C134Y,0.9943,LPath
I135A,0.9556,LPath
I135C,0.9836,LPath
I135D,0.9993,LPath
I135E,0.9973,LPath
I135F,0.8691,LPath
I135G,0.993,LPath
I135H,0.9974,LPath
I135K,0.9957,LPath
I135L,0.8254,LPath
I135M,0.7829,LPath
I135N,0.9926,LPath
I135P,0.9941,LPath
I135Q,0.996,LPath
I135R,0.992,LPath
I135S,0.9634,LPath
I135T,0.7149,LPath
I135V,0.1846,LBen
I135W,0.994,LPath
I135Y,0.9855,LPath
G136A,0.995,LPath
G136C,0.9994,LPath
G136D,0.9998,LPath
G136E,0.9999,LPath
G136F,0.9995,LPath
G136H,0.9999,LPath
G136I,0.9996,LPath
G136K,0.9998,LPath
G136L,0.9996,LPath
G136M,0.9999,LPath
G136N,0.9999,LPath
G136P,0.9997,LPath
G136Q,0.9998,LPath
G136R,0.9994,LPath
G136S,0.9975,LPath
G136T,0.9988,LPath
G136V,0.9993,LPath
G136W,0.9991,LPath
G136Y,0.9997,LPath
G137A,0.995,LPath
G137C,0.9991,LPath
G137D,0.9995,LPath
G137E,0.9996,LPath
G137F,0.9993,LPath
G137H,0.9998,LPath
G137I,0.9994,LPath
G137K,0.9994,LPath
G137L,0.9995,LPath
G137M,0.9996,LPath
G137N,0.9992,LPath
G137P,0.9999,LPath
G137Q,0.9995,LPath
G137R,0.9991,LPath
G137S,0.9956,LPath
G137T,0.9982,LPath
G137V,0.999,LPath
G137W,0.9995,LPath
G137Y,0.9996,LPath
T138A,0.574,LPath
T138C,0.8573,LPath
T138D,0.9663,LPath
T138E,0.9323,LPath
T138F,0.9403,LPath
T138G,0.6546,LPath
T138H,0.8805,LPath
T138I,0.859,LPath
T138K,0.8243,LPath
T138L,0.715,LPath
T138M,0.6167,LPath
T138N,0.6985,LPath
T138P,0.9433,LPath
T138Q,0.7565,LPath
T138R,0.8356,LPath
T138S,0.5134,Amb
T138V,0.6413,LPath
T138W,0.9801,LPath
T138Y,0.9567,LPath
N139A,0.3388,LBen
N139C,0.5137,Amb
N139D,0.6529,LPath
N139E,0.9427,LPath
N139F,0.9051,LPath
N139G,0.4343,Amb
N139H,0.4573,Amb
N139I,0.7505,LPath
N139K,0.9597,LPath
N139L,0.5798,LPath
N139M,0.6968,LPath
N139P,0.6364,LPath
N139Q,0.8063,LPath
N139R,0.9429,LPath
N139S,0.0952,LBen
N139T,0.3797,Amb
N139V,0.5803,LPath
N139W,0.9758,LPath
N139Y,0.7263,LPath
V140A,0.9374,LPath
V140C,0.9736,LPath
V140D,0.9965,LPath
V140E,0.9888,LPath
V140F,0.8483,LPath
V140G,0.9354,LPath
V140H,0.9947,LPath
V140I,0.1407,LBen
V140K,0.987,LPath
V140L,0.6078,LPath
V140M,0.6859,LPath
V140N,0.9742,LPath
V140P,0.9636,LPath
V140Q,0.9745,LPath
V140R,0.9779,LPath
V140S,0.9568,LPath
V140T,0.8853,LPath
V140W,0.9953,LPath
V140Y,0.9821,LPath
R141A,0.9235,LPath
R141C,0.9096,LPath
R141D,0.9742,LPath
R141E,0.9365,LPath
R141F,0.9649,LPath
R141G,0.8329,LPath
R141H,0.7059,LPath
R141I,0.9554,LPath
R141K,0.463,Amb
R141L,0.9009,LPath
R141M,0.9551,LPath
R141N,0.9615,LPath
R141P,0.9672,LPath
R141Q,0.6789,LPath
R141S,0.9487,LPath
R141T,0.9425,LPath
R141V,0.9391,LPath
R141W,0.8827,LPath
R141Y,0.9232,LPath
A142C,0.468,Amb
A142D,0.6724,LPath
A142E,0.5828,LPath
A142F,0.5305,Amb
A142G,0.1579,LBen
A142H,0.5891,LPath
A142I,0.3166,LBen
A142K,0.8515,LPath
A142L,0.1743,LBen
A142M,0.1848,LBen
A142N,0.1875,LBen
A142P,0.882,LPath
A142Q,0.3641,Amb
A142R,0.8519,LPath
A142S,0.0873,LBen
A142T,0.1011,LBen
A142V,0.1675,LBen
A142W,0.898,LPath
A142Y,0.6464,LPath
E143A,0.8974,LPath
E143C,0.9865,LPath
E143D,0.339,LBen
E143F,0.9991,LPath
E143G,0.9245,LPath
E143H,0.9921,LPath
E143I,0.9946,LPath
E143K,0.9921,LPath
E143L,0.994,LPath
E143M,0.9915,LPath
E143N,0.9321,LPath
E143P,0.9983,LPath
E143Q,0.921,LPath
E143R,0.9902,LPath
E143S,0.9129,LPath
E143T,0.9648,LPath
E143V,0.975,LPath
E143W,0.9995,LPath
E143Y,0.9974,LPath
V144A,0.5284,Amb
V144C,0.7597,LPath
V144D,0.9859,LPath
V144E,0.9221,LPath
V144F,0.4687,Amb
V144G,0.6536,LPath
V144H,0.9559,LPath
V144I,0.1214,LBen
V144K,0.9442,LPath
V144L,0.5075,Amb
V144M,0.2449,LBen
V144N,0.879,LPath
V144P,0.9959,LPath
V144Q,0.7599,LPath
V144R,0.9222,LPath
V144S,0.6852,LPath
V144T,0.6236,LPath
V144W,0.9702,LPath
V144Y,0.8531,LPath
Q145A,0.1735,LBen
Q145C,0.7366,LPath
Q145D,0.7813,LPath
Q145E,0.2858,LBen
Q145F,0.8032,LPath
Q145G,0.2737,LBen
Q145H,0.3725,Amb
Q145I,0.4994,Amb
Q145K,0.436,Amb
Q145L,0.1854,LBen
Q145M,0.3107,LBen
Q145N,0.3105,LBen
Q145P,0.8107,LPath
Q145R,0.4544,Amb
Q145S,0.1928,LBen
Q145T,0.2173,LBen
Q145V,0.3205,LBen
Q145W,0.9045,LPath
Q145Y,0.7257,LPath
K146A,0.729,LPath
K146C,0.8341,LPath
K146D,0.9193,LPath
K146E,0.7628,LPath
K146F,0.9343,LPath
K146G,0.8363,LPath
K146H,0.5099,Amb
K146I,0.7131,LPath
K146L,0.6559,LPath
K146M,0.6039,LPath
K146N,0.8323,LPath
K146P,0.9876,LPath
K146Q,0.3387,LBen
K146R,0.0988,LBen
K146S,0.8482,LPath
K146T,0.6081,LPath
K146V,0.6262,LPath
K146W,0.933,LPath
K146Y,0.8734,LPath
L147A,0.963,LPath
L147C,0.9404,LPath
L147D,0.9988,LPath
L147E,0.9944,LPath
L147F,0.626,LPath
L147G,0.9886,LPath
L147H,0.9829,LPath
L147I,0.4274,Amb
L147K,0.9891,LPath
L147M,0.3682,Amb
L147N,0.9878,LPath
L147P,0.9976,LPath
L147Q,0.9789,LPath
L147R,0.9842,LPath
L147S,0.9926,LPath
L147T,0.9759,LPath
L147V,0.6029,LPath
L147W,0.9419,LPath
L147Y,0.9459,LPath
Q148A,0.2426,LBen
Q148C,0.7144,LPath
Q148D,0.8182,LPath
Q148E,0.2871,LBen
Q148F,0.8702,LPath
Q148G,0.3007,LBen
Q148H,0.4167,Amb
Q148I,0.6076,LPath
Q148K,0.4878,Amb
Q148L,0.2468,LBen
Q148M,0.3683,Amb
Q148N,0.303,LBen
Q148P,0.887,LPath
Q148R,0.5142,Amb
Q148S,0.2093,LBen
Q148T,0.2375,LBen
Q148V,0.4233,Amb
Q148W,0.9394,LPath
Q148Y,0.7917,LPath
M149A,0.1435,LBen
M149C,0.4199,Amb
M149D,0.7106,LPath
M149E,0.4913,Amb
M149F,0.338,LBen
M149G,0.2575,LBen
M149H,0.3886,Amb
M149I,0.2278,LBen
M149K,0.3617,Amb
M149L,0.0949,LBen
M149N,0.2082,LBen
M149P,0.9335,LPath
M149Q,0.1834,LBen
M149R,0.4041,Amb
M149S,0.1648,LBen
M149T,0.1292,LBen
M149V,0.0919,LBen
M149W,0.6993,LPath
M149Y,0.5138,Amb
E150A,0.393,Amb
E150C,0.8993,LPath
E150D,0.1092,LBen
E150F,0.9317,LPath
E150G,0.4018,Amb
E150H,0.7731,LPath
E150I,0.7496,LPath
E150K,0.7112,LPath
E150L,0.735,LPath
E150M,0.7884,LPath
E150N,0.406,Amb
E150P,0.948,LPath
E150Q,0.3666,Amb
E150R,0.7601,LPath
E150S,0.4045,Amb
E150T,0.482,Amb
E150V,0.5494,Amb
E150W,0.9806,LPath
E150Y,0.8748,LPath
A151C,0.2362,LBen
A151D,0.741,LPath
A151E,0.5888,LPath
A151F,0.5085,Amb
A151G,0.1536,LBen
A151H,0.5902,LPath
A151I,0.292,LBen
A151K,0.7545,LPath
A151L,0.2301,LBen
A151M,0.2081,LBen
A151N,0.2637,LBen
A151P,0.1958,LBen
A151Q,0.3601,Amb
A151R,0.7442,LPath
A151S,0.0858,LBen
A151T,0.1122,LBen
A151V,0.1591,LBen
A151W,0.8825,LPath
A151Y,0.5658,LPath
P152A,0.7433,LPath
P152C,0.9246,LPath
P152D,0.9968,LPath
P152E,0.989,LPath
P152F,0.9965,LPath
P152G,0.9682,LPath
P152H,0.9838,LPath
P152I,0.9597,LPath
P152K,0.9933,LPath
P152L,0.9513,LPath
P152M,0.9788,LPath
P152N,0.9837,LPath
P152Q,0.9653,LPath
P152R,0.9846,LPath
P152S,0.9156,LPath
P152T,0.8984,LPath
P152V,0.8799,LPath
P152W,0.9988,LPath
P152Y,0.9963,LPath
H153A,0.7832,LPath
H153C,0.6169,LPath
H153D,0.8526,LPath
H153E,0.9026,LPath
H153F,0.8903,LPath
H153G,0.8979,LPath
H153I,0.934,LPath
H153K,0.9732,LPath
H153L,0.7709,LPath
H153M,0.8346,LPath
H153N,0.2983,LBen
H153P,0.7868,LPath
H153Q,0.4942,Amb
H153R,0.952,LPath
H153S,0.5812,LPath
H153T,0.88,LPath
H153V,0.9006,LPath
H153W,0.9546,LPath
H153Y,0.7912,LPath
I154A,0.9691,LPath
I154C,0.9145,LPath
I154D,0.9999,LPath
I154E,0.9996,LPath
I154F,0.9387,LPath
I154G,0.9974,LPath
I154H,0.9994,LPath
I154K,0.9994,LPath
I154L,0.5563,Amb
I154M,0.6559,LPath
I154N,0.9975,LPath
I154P,0.9996,LPath
I154Q,0.9991,LPath
I154R,0.9989,LPath
I154S,0.9918,LPath
I154T,0.9693,LPath
I154V,0.0887,LBen
I154W,0.9994,LPath
I154Y,0.9974,LPath
I155A,0.8991,LPath
I155C,0.9169,LPath
I155D,0.9998,LPath
I155E,0.9992,LPath
I155F,0.9443,LPath
I155G,0.9957,LPath
I155H,0.9989,LPath
I155K,0.9989,LPath
I155L,0.4623,Amb
I155M,0.5997,LPath
I155N,0.996,LPath
I155P,0.9989,LPath
I155Q,0.9981,LPath
I155R,0.998,LPath
I155S,0.9781,LPath
I155T,0.8755,LPath
I155V,0.0786,LBen
I155W,0.9992,LPath
I155Y,0.9971,LPath
V156A,0.8835,LPath
V156C,0.9336,LPath
V156D,0.9993,LPath
V156E,0.9986,LPath
V156F,0.9961,LPath
V156G,0.9651,LPath
V156H,0.9995,LPath
V156I,0.4312,Amb
V156K,0.9995,LPath
V156L,0.9827,LPath
V156M,0.9878,LPath
V156N,0.9971,LPath
V156P,0.998,LPath
V156Q,0.9982,LPath
V156R,0.9978,LPath
V156S,0.8814,LPath
V156T,0.8264,LPath
V156W,0.9998,LPath
V156Y,0.9996,LPath
G157A,0.9772,LPath
G157C,0.9982,LPath
G157D,0.9999,LPath
G157E,1.0,LPath
G157F,0.9999,LPath
G157H,1.0,LPath
G157I,0.9999,LPath
G157K,1.0,LPath
G157L,0.9997,LPath
G157M,0.9999,LPath
G157N,0.9999,LPath
G157P,1.0,LPath
G157Q,1.0,LPath
G157R,0.9999,LPath
G157S,0.9965,LPath
G157T,0.9994,LPath
G157V,0.9996,LPath
G157W,1.0,LPath
G157Y,1.0,LPath
T158A,0.9833,LPath
T158C,0.9648,LPath
T158D,0.9993,LPath
T158E,0.9981,LPath
T158F,0.9991,LPath
T158G,0.9915,LPath
T158H,0.9978,LPath
T158I,0.9986,LPath
T158K,0.998,LPath
T158L,0.9962,LPath
T158M,0.9952,LPath
T158N,0.9915,LPath
T158P,0.9706,LPath
T158Q,0.9984,LPath
T158R,0.9971,LPath
T158S,0.9743,LPath
T158V,0.9911,LPath
T158W,0.9999,LPath
T158Y,0.9994,LPath
P159A,0.9697,LPath
P159C,0.9979,LPath
P159D,0.9998,LPath
P159E,0.9997,LPath
P159F,0.9999,LPath
P159G,0.9968,LPath
P159H,0.9997,LPath
P159I,0.998,LPath
P159K,0.9998,LPath
P159L,0.9953,LPath
P159M,0.9991,LPath
P159N,0.9997,LPath
P159Q,0.9996,LPath
P159R,0.9991,LPath
P159S,0.9966,LPath
P159T,0.9864,LPath
P159V,0.9916,LPath
P159W,1.0,LPath
P159Y,1.0,LPath
G160A,0.9957,LPath
G160C,0.9994,LPath
G160D,0.9999,LPath
G160E,0.9999,LPath
G160F,0.9997,LPath
G160H,1.0,LPath
G160I,0.9998,LPath
G160K,0.9999,LPath
G160L,0.9996,LPath
G160M,0.9998,LPath
G160N,0.9999,LPath
G160P,0.9998,LPath
G160Q,0.9999,LPath
G160R,0.9998,LPath
G160S,0.9975,LPath
G160T,0.999,LPath
G160V,0.9993,LPath
G160W,0.9994,LPath
G160Y,0.9998,LPath
R161A,0.9991,LPath
R161C,0.9982,LPath
R161D,0.9994,LPath
R161E,0.9969,LPath
R161F,0.9996,LPath
R161G,0.9984,LPath
R161H,0.9973,LPath
R161I,0.9995,LPath
R161K,0.9919,LPath
R161L,0.9984,LPath
R161M,0.9998,LPath
R161N,0.9994,LPath
R161P,0.9998,LPath
R161Q,0.9976,LPath
R161S,0.9997,LPath
R161T,0.9996,LPath
R161V,0.9991,LPath
R161W,0.9985,LPath
R161Y,0.9994,LPath
V162A,0.9717,LPath
V162C,0.9608,LPath
V162D,0.9991,LPath
V162E,0.9986,LPath
V162F,0.9838,LPath
V162G,0.9628,LPath
V162H,0.9996,LPath
V162I,0.2813,LBen
V162K,0.9993,LPath
V162L,0.9427,LPath
V162M,0.9574,LPath
V162N,0.9955,LPath
V162P,0.9991,LPath
V162Q,0.9985,LPath
V162R,0.9984,LPath
V162S,0.9828,LPath
V162T,0.9126,LPath
V162W,0.9998,LPath
V162Y,0.9984,LPath
F163A,0.8588,LPath
F163C,0.5339,Amb
F163D,0.9889,LPath
F163E,0.9892,LPath
F163G,0.9249,LPath
F163H,0.7344,LPath
F163I,0.9162,LPath
F163K,0.989,LPath
F163L,0.9603,LPath
F163M,0.8632,LPath
F163N,0.8396,LPath
F163P,0.9998,LPath
F163Q,0.9374,LPath
F163R,0.9653,LPath
F163S,0.8039,LPath
F163T,0.9536,LPath
F163V,0.866,LPath
F163W,0.6367,LPath
F163Y,0.1386,LBen
D164A,0.9983,LPath
D164C,0.9997,LPath
D164E,0.997,LPath
D164F,0.9991,LPath
D164G,0.9983,LPath
D164H,0.9975,LPath
D164I,0.9999,LPath
D164K,0.9997,LPath
D164L,0.9993,LPath
D164M,0.9999,LPath
D164N,0.9978,LPath
D164P,0.9999,LPath
D164Q,0.9991,LPath
D164R,0.9994,LPath
D164S,0.9963,LPath
D164T,0.9996,LPath
D164V,0.9994,LPath
D164W,0.9996,LPath
D164Y,0.9949,LPath
M165A,0.988,LPath
M165C,0.9117,LPath
M165D,0.9995,LPath
M165E,0.9972,LPath
M165F,0.8976,LPath
M165G,0.9956,LPath
M165H,0.986,LPath
M165I,0.9799,LPath
M165K,0.9948,LPath
M165L,0.5735,LPath
M165N,0.9852,LPath
M165P,0.9999,LPath
M165Q,0.9734,LPath
M165R,0.9947,LPath
M165S,0.9869,LPath
M165T,0.9889,LPath
M165V,0.7097,LPath
M165W,0.9964,LPath
M165Y,0.9871,LPath
L166A,0.9273,LPath
L166C,0.8709,LPath
L166D,0.9991,LPath
L166E,0.9944,LPath
L166F,0.8469,LPath
L166G,0.9877,LPath
L166H,0.9889,LPath
L166I,0.2321,LBen
L166K,0.9938,LPath
L166M,0.2571,LBen
L166N,0.9865,LPath
L166P,0.9992,LPath
L166Q,0.9716,LPath
L166R,0.9921,LPath
L166S,0.9811,LPath
L166T,0.9347,LPath
L166V,0.3538,Amb
L166W,0.9769,LPath
L166Y,0.9828,LPath
N167A,0.3086,LBen
N167C,0.2305,LBen
N167D,0.6775,LPath
N167E,0.767,LPath
N167F,0.8101,LPath
N167G,0.2409,LBen
N167H,0.1962,LBen
N167I,0.566,LPath
N167K,0.8162,LPath
N167L,0.4257,Amb
N167M,0.4552,Amb
N167P,0.981,LPath
N167Q,0.3922,Amb
N167R,0.7829,LPath
N167S,0.081,LBen
N167T,0.1729,LBen
N167V,0.4205,Amb
N167W,0.9197,LPath
N167Y,0.4832,Amb
R168A,0.9949,LPath
R168C,0.9764,LPath
R168D,0.9953,LPath
R168E,0.9887,LPath
R168F,0.9976,LPath
R168G,0.9773,LPath
R168H,0.9222,LPath
R168I,0.9973,LPath
R168K,0.7878,LPath
R168L,0.9877,LPath
R168M,0.9979,LPath
R168N,0.9948,LPath
R168P,0.9984,LPath
R168Q,0.9308,LPath
R168S,0.9956,LPath
R168T,0.9966,LPath
R168V,0.9968,LPath
R168W,0.982,LPath
R168Y,0.99,LPath
R169A,0.84,LPath
R169C,0.5352,Amb
R169D,0.8432,LPath
R169E,0.7587,LPath
R169F,0.9481,LPath
R169G,0.3545,Amb
R169H,0.2596,LBen
R169I,0.942,LPath
R169K,0.1478,LBen
R169L,0.8534,LPath
R169M,0.8711,LPath
R169N,0.7049,LPath
R169P,0.9568,LPath
R169Q,0.2492,LBen
R169S,0.7705,LPath
R169T,0.8461,LPath
R169V,0.9281,LPath
R169W,0.7924,LPath
R169Y,0.8275,LPath
Y170A,0.567,LPath
Y170C,0.1291,LBen
Y170D,0.8993,LPath
Y170E,0.9354,LPath
Y170F,0.0756,LBen
Y170G,0.7136,LPath
Y170H,0.2951,LBen
Y170I,0.4664,Amb
Y170K,0.9227,LPath
Y170L,0.5524,Amb
Y170M,0.6313,LPath
Y170N,0.3385,LBen
Y170P,0.9851,LPath
Y170Q,0.7461,LPath
Y170R,0.848,LPath
Y170S,0.382,Amb
Y170T,0.6417,LPath
Y170V,0.3589,Amb
Y170W,0.6169,LPath
L171A,0.96,LPath
L171C,0.8989,LPath
L171D,0.9996,LPath
L171E,0.9982,LPath
L171F,0.6804,LPath
L171G,0.9944,LPath
L171H,0.9922,LPath
L171I,0.2027,LBen
L171K,0.9964,LPath
L171M,0.4509,Amb
L171N,0.9966,LPath
L171P,0.9959,LPath
L171Q,0.9924,LPath
L171R,0.9943,LPath
L171S,0.9946,LPath
L171T,0.9734,LPath
L171V,0.2938,LBen
L171W,0.9808,LPath
L171Y,0.9784,LPath
S172A,0.1155,LBen
S172C,0.1261,LBen
S172D,0.6682,LPath
S172E,0.7911,LPath
S172F,0.4022,Amb
S172G,0.2813,LBen
S172H,0.4658,Amb
S172I,0.2899,LBen
S172K,0.915,LPath
S172L,0.1406,LBen
S172M,0.1957,LBen
S172N,0.1877,LBen
S172P,0.5235,Amb
S172Q,0.5635,Amb
S172R,0.9208,LPath
S172T,0.1182,LBen
S172V,0.2115,LBen
S172W,0.717,LPath
S172Y,0.3748,Amb
P173A,0.134,LBen
P173C,0.5996,LPath
P173D,0.9354,LPath
P173E,0.8909,LPath
P173F,0.9238,LPath
P173G,0.4801,Amb
P173H,0.7051,LPath
P173I,0.7955,LPath
P173K,0.9357,LPath
P173L,0.5743,LPath
P173M,0.7517,LPath
P173N,0.7526,LPath
P173Q,0.6709,LPath
P173R,0.894,LPath
P173S,0.2196,LBen
P173T,0.2314,LBen
P173V,0.5608,Amb
P173W,0.9601,LPath
P173Y,0.9164,LPath
K174A,0.5686,LPath
K174C,0.7856,LPath
K174D,0.6857,LPath
K174E,0.4735,Amb
K174F,0.9511,LPath
K174G,0.6301,LPath
K174H,0.4139,Amb
K174I,0.7674,LPath
K174L,0.715,LPath
K174M,0.6933,LPath
K174N,0.6554,LPath
K174P,0.9185,LPath
K174Q,0.2253,LBen
K174R,0.0785,LBen
K174S,0.5952,LPath
K174T,0.451,Amb
K174V,0.67,LPath
K174W,0.9279,LPath
K174Y,0.8489,LPath
Y175A,0.3722,Amb
Y175C,0.1303,LBen
Y175D,0.3728,Amb
Y175E,0.613,LPath
Y175F,0.071,LBen
Y175G,0.3774,Amb
Y175H,0.1358,LBen
Y175I,0.5628,Amb
Y175K,0.6693,LPath
Y175L,0.5051,Amb
Y175M,0.4931,Amb
Y175N,0.1178,LBen
Y175P,0.9481,LPath
Y175Q,0.4312,Amb
Y175R,0.549,Amb
Y175S,0.2005,LBen
Y175T,0.4036,Amb
Y175V,0.4044,Amb
Y175W,0.4019,Amb
I176A,0.9657,LPath
I176C,0.901,LPath
I176D,0.9996,LPath
I176E,0.9985,LPath
I176F,0.9458,LPath
I176G,0.9965,LPath
I176H,0.9987,LPath
I176K,0.9974,LPath
I176L,0.3011,LBen
I176M,0.4194,Amb
I176N,0.9912,LPath
I176P,0.996,LPath
I176Q,0.9953,LPath
I176R,0.9963,LPath
I176S,0.9819,LPath
I176T,0.933,LPath
I176V,0.1215,LBen
I176W,0.9991,LPath
I176Y,0.9972,LPath
K177A,0.8704,LPath
K177C,0.8769,LPath
K177D,0.905,LPath
K177E,0.6878,LPath
K177F,0.9861,LPath
K177G,0.808,LPath
K177H,0.4783,Amb
K177I,0.9469,LPath
K177L,0.8964,LPath
K177M,0.8766,LPath
K177N,0.8291,LPath
K177P,0.9907,LPath
K177Q,0.2859,LBen
K177R,0.0878,LBen
K177S,0.793,LPath
K177T,0.6806,LPath
K177V,0.8877,LPath
K177W,0.9723,LPath
K177Y,0.9555,LPath
M178A,0.8817,LPath
M178C,0.8118,LPath
M178D,0.9964,LPath
M178E,0.9831,LPath
M178F,0.7226,LPath
M178G,0.9711,LPath
M178H,0.9644,LPath
M178I,0.654,LPath
M178K,0.9332,LPath
M178L,0.2993,LBen
M178N,0.9289,LPath
M178P,0.9994,LPath
M178Q,0.8733,LPath
M178R,0.9597,LPath
M178S,0.8847,LPath
M178T,0.745,LPath
M178V,0.3022,LBen
M178W,0.9827,LPath
M178Y,0.9287,LPath
F179A,0.9789,LPath
F179C,0.9013,LPath
F179D,0.9993,LPath
F179E,0.9992,LPath
F179G,0.9929,LPath
F179H,0.9966,LPath
F179I,0.8362,LPath
F179K,0.9992,LPath
F179L,0.9505,LPath
F179M,0.8576,LPath
F179N,0.9975,LPath
F179P,0.9999,LPath
F179Q,0.9983,LPath
F179R,0.9978,LPath
F179S,0.9962,LPath
F179T,0.9898,LPath
F179V,0.7873,LPath
F179W,0.9702,LPath
F179Y,0.9039,LPath
V180A,0.8476,LPath
V180C,0.7842,LPath
V180D,0.9993,LPath
V180E,0.9988,LPath
V180F,0.9879,LPath
V180G,0.9659,LPath
V180H,0.9992,LPath
V180I,0.2765,LBen
V180K,0.9995,LPath
V180L,0.9704,LPath
V180M,0.98,LPath
V180N,0.9962,LPath
V180P,0.9984,LPath
V180Q,0.9975,LPath
V180R,0.9979,LPath
V180S,0.9193,LPath
V180T,0.8956,LPath
V180W,0.9998,LPath
V180Y,0.9989,LPath
L181A,0.9831,LPath
L181C,0.9584,LPath
L181D,0.9999,LPath
L181E,0.9996,LPath
L181F,0.985,LPath
L181G,0.9979,LPath
L181H,0.9996,LPath
L181I,0.767,LPath
L181K,0.9995,LPath
L181M,0.6468,LPath
L181N,0.9995,LPath
L181P,0.9997,LPath
L181Q,0.9991,LPath
L181R,0.999,LPath
L181S,0.9991,LPath
L181T,0.9946,LPath
L181V,0.8273,LPath
L181W,0.9985,LPath
L181Y,0.9991,LPath
D182A,0.9996,LPath
D182C,0.9999,LPath
D182E,0.9995,LPath
D182F,0.9999,LPath
D182G,0.9992,LPath
D182H,0.9997,LPath
D182I,0.9999,LPath
D182K,0.9998,LPath
D182L,0.9995,LPath
D182M,1.0,LPath
D182N,0.9995,LPath
D182P,0.9999,LPath
D182Q,0.9998,LPath
D182R,0.9995,LPath
D182S,0.9992,LPath
D182T,0.9998,LPath
D182V,0.9996,LPath
D182W,0.9998,LPath
D182Y,0.9994,LPath
E183A,0.9998,LPath
E183C,0.9999,LPath
E183D,0.9998,LPath
E183F,1.0,LPath
E183G,0.9997,LPath
E183H,0.9999,LPath
E183I,1.0,LPath
E183K,0.9998,LPath
E183L,1.0,LPath
E183M,0.9998,LPath
E183N,0.9999,LPath
E183P,1.0,LPath
E183Q,0.9998,LPath
E183R,0.9998,LPath
E183S,0.9999,LPath
E183T,1.0,LPath
E183V,0.9999,LPath
E183W,1.0,LPath
E183Y,1.0,LPath
A184C,0.9704,LPath
A184D,0.9996,LPath
A184E,0.9995,LPath
A184F,0.997,LPath
A184G,0.8886,LPath
A184H,0.9995,LPath
A184I,0.9987,LPath
A184K,0.9999,LPath
A184L,0.993,LPath
A184M,0.9944,LPath
A184N,0.9991,LPath
A184P,0.9996,LPath
A184Q,0.9985,LPath
A184R,0.9988,LPath
A184S,0.7306,LPath
A184T,0.9873,LPath
A184V,0.9916,LPath
A184W,0.9997,LPath
A184Y,0.999,LPath
D185A,0.9999,LPath
D185C,1.0,LPath
D185E,0.9998,LPath
D185F,1.0,LPath
D185G,0.9997,LPath
D185H,0.9999,LPath
D185I,1.0,LPath
D185K,0.9999,LPath
D185L,1.0,LPath
D185M,1.0,LPath
D185N,0.9997,LPath
D185P,1.0,LPath
D185Q,1.0,LPath
D185R,0.9998,LPath
D185S,0.9998,LPath
D185T,1.0,LPath
D185V,0.9999,LPath
D185W,1.0,LPath
D185Y,0.9998,LPath
E186A,0.9896,LPath
E186C,0.9991,LPath
E186D,0.9955,LPath
E186F,0.9996,LPath
E186G,0.994,LPath
E186H,0.9994,LPath
E186I,0.9983,LPath
E186K,0.9968,LPath
E186L,0.9988,LPath
E186M,0.9975,LPath
E186N,0.9986,LPath
E186P,1.0,LPath
E186Q,0.9752,LPath
E186R,0.9946,LPath
E186S,0.9967,LPath
E186T,0.9936,LPath
E186V,0.9932,LPath
E186W,0.9999,LPath
E186Y,0.9992,LPath
M187A,0.9978,LPath
M187C,0.9928,LPath
M187D,0.9999,LPath
M187E,0.9995,LPath
M187F,0.9952,LPath
M187G,0.9992,LPath
M187H,0.9997,LPath
M187I,0.9969,LPath
M187K,0.9994,LPath
M187L,0.8623,LPath
M187N,0.9987,LPath
M187P,1.0,LPath
M187Q,0.9974,LPath
M187R,0.9997,LPath
M187S,0.9989,LPath
M187T,0.9993,LPath
M187V,0.9859,LPath
M187W,0.9998,LPath
M187Y,0.9991,LPath
L188A,0.9927,LPath
L188C,0.9976,LPath
L188D,0.9998,LPath
L188E,0.9994,LPath
L188F,0.9897,LPath
L188G,0.9976,LPath
L188H,0.9994,LPath
L188I,0.9653,LPath
L188K,0.9987,LPath
L188M,0.9312,LPath
L188N,0.9988,LPath
L188P,0.9998,LPath
L188Q,0.9991,LPath
L188R,0.9976,LPath
L188S,0.9995,LPath
L188T,0.9969,LPath
L188V,0.981,LPath
L188W,0.9988,LPath
L188Y,0.9985,LPath
S189A,0.5643,LPath
S189C,0.8741,LPath
S189D,0.9658,LPath
S189E,0.9644,LPath
S189F,0.9898,LPath
S189G,0.5303,Amb
S189H,0.9705,LPath
S189I,0.9905,LPath
S189K,0.9969,LPath
S189L,0.9527,LPath
S189M,0.9478,LPath
S189N,0.8992,LPath
S189P,0.9976,LPath
S189Q,0.9504,LPath
S189R,0.995,LPath
S189T,0.8234,LPath
S189V,0.9802,LPath
S189W,0.9891,LPath
S189Y,0.9768,LPath
R190A,0.9621,LPath
R190C,0.9283,LPath
R190D,0.9767,LPath
R190E,0.9398,LPath
R190F,0.9833,LPath
R190G,0.8932,LPath
R190H,0.801,LPath
R190I,0.9799,LPath
R190K,0.5935,LPath
R190L,0.9055,LPath
R190M,0.9728,LPath
R190N,0.9779,LPath
R190P,0.988,LPath
R190Q,0.7539,LPath
R190S,0.974,LPath
R190T,0.9614,LPath
R190V,0.9679,LPath
R190W,0.9328,LPath
R190Y,0.9655,LPath
G191A,0.9931,LPath
G191C,0.9983,LPath
G191D,0.9977,LPath
G191E,0.999,LPath
G191F,0.9993,LPath
G191H,0.9997,LPath
G191I,0.999,LPath
G191K,0.9997,LPath
G191L,0.9993,LPath
G191M,0.9996,LPath
G191N,0.9975,LPath
G191P,0.9994,LPath
G191Q,0.9993,LPath
G191R,0.9992,LPath
G191S,0.9929,LPath
G191T,0.9961,LPath
G191V,0.9979,LPath
G191W,0.9995,LPath
G191Y,0.999,LPath
F192A,0.9993,LPath
F192C,0.9994,LPath
F192D,0.9995,LPath
F192E,0.9994,LPath
F192G,0.9988,LPath
F192H,0.9985,LPath
F192I,0.9992,LPath
F192K,0.9994,LPath
F192L,0.9999,LPath
F192M,0.9985,LPath
F192N,0.9988,LPath
F192P,1.0,LPath
F192Q,0.9989,LPath
F192R,0.9981,LPath
F192S,0.9996,LPath
F192T,0.9997,LPath
F192V,0.9992,LPath
F192W,0.9875,LPath
F192Y,0.9726,LPath
K193A,0.9584,LPath
K193C,0.9842,LPath
K193D,0.9951,LPath
K193E,0.9719,LPath
K193F,0.9975,LPath
K193G,0.9558,LPath
K193H,0.9412,LPath
K193I,0.9838,LPath
K193L,0.9723,LPath
K193M,0.9523,LPath
K193N,0.9943,LPath
K193P,0.9957,LPath
K193Q,0.7697,LPath
K193R,0.1889,LBen
K193S,0.9775,LPath
K193T,0.8994,LPath
K193V,0.9615,LPath
K193W,0.9935,LPath
K193Y,0.991,LPath
D194A,0.9513,LPath
D194C,0.9945,LPath
D194E,0.6381,LPath
D194F,0.9907,LPath
D194G,0.9276,LPath
D194H,0.9808,LPath
D194I,0.9891,LPath
D194K,0.9841,LPath
D194L,0.9772,LPath
D194M,0.991,LPath
D194N,0.8862,LPath
D194P,0.9915,LPath
D194Q,0.9715,LPath
D194R,0.9857,LPath
D194S,0.9356,LPath
D194T,0.9661,LPath
D194V,0.9602,LPath
D194W,0.9969,LPath
D194Y,0.9497,LPath
Q195A,0.7939,LPath
Q195C,0.9972,LPath
Q195D,0.9866,LPath
Q195E,0.8488,LPath
Q195F,0.9972,LPath
Q195G,0.9271,LPath
Q195H,0.9924,LPath
Q195I,0.978,LPath
Q195K,0.9767,LPath
Q195L,0.9719,LPath
Q195M,0.9042,LPath
Q195N,0.8953,LPath
Q195P,0.9896,LPath
Q195R,0.9854,LPath
Q195S,0.77,LPath
Q195T,0.7859,LPath
Q195V,0.9502,LPath
Q195W,0.9991,LPath
Q195Y,0.9977,LPath
I196A,0.9912,LPath
I196C,0.9968,LPath
I196D,0.9998,LPath
I196E,0.9993,LPath
I196F,0.992,LPath
I196G,0.9991,LPath
I196H,0.9998,LPath
I196K,0.9995,LPath
I196L,0.7653,LPath
I196M,0.8556,LPath
I196N,0.9976,LPath
I196P,0.9994,LPath
I196Q,0.9993,LPath
I196R,0.999,LPath
I196S,0.9964,LPath
I196T,0.9888,LPath
I196V,0.5637,Amb
I196W,0.9998,LPath
I196Y,0.9991,LPath
Y197A,0.9361,LPath
Y197C,0.7543,LPath
Y197D,0.9771,LPath
Y197E,0.9851,LPath
Y197F,0.3767,Amb
Y197G,0.8716,LPath
Y197H,0.847,LPath
Y197I,0.9547,LPath
Y197K,0.9767,LPath
Y197L,0.8642,LPath
Y197M,0.9515,LPath
Y197N,0.8709,LPath
Y197P,0.9965,LPath
Y197Q,0.9661,LPath
Y197R,0.9221,LPath
Y197S,0.8301,LPath
Y197T,0.9362,LPath
Y197V,0.8787,LPath
Y197W,0.801,LPath
D198A,0.8242,LPath
D198C,0.9766,LPath
D198E,0.3821,Amb
D198F,0.9731,LPath
D198G,0.8864,LPath
D198H,0.9302,LPath
D198I,0.9718,LPath
D198K,0.9599,LPath
D198L,0.9393,LPath
D198M,0.9761,LPath
D198N,0.7303,LPath
D198P,0.9975,LPath
D198Q,0.9025,LPath
D198R,0.9578,LPath
D198S,0.7852,LPath
D198T,0.9008,LPath
D198V,0.9144,LPath
D198W,0.9938,LPath
D198Y,0.8886,LPath
I199A,0.9835,LPath
I199C,0.9806,LPath
I199D,0.9995,LPath
I199E,0.9992,LPath
I199F,0.9928,LPath
I199G,0.9981,LPath
I199H,0.9996,LPath
I199K,0.9995,LPath
I199L,0.8109,LPath
I199M,0.8872,LPath
I199N,0.9929,LPath
I199P,0.9993,LPath
I199Q,0.9993,LPath
I199R,0.999,LPath
I199S,0.986,LPath
I199T,0.9352,LPath
I199V,0.1998,LBen
I199W,0.9998,LPath
I199Y,0.9991,LPath
F200A,0.9951,LPath
F200C,0.9681,LPath
F200D,0.9994,LPath
F200E,0.999,LPath
F200G,0.9967,LPath
F200H,0.9859,LPath
F200I,0.9865,LPath
F200K,0.9983,LPath
F200L,0.9982,LPath
F200M,0.9881,LPath
F200N,0.9971,LPath
F200P,0.9999,LPath
F200Q,0.9948,LPath
F200R,0.9926,LPath
F200S,0.9946,LPath
F200T,0.9958,LPath
F200V,0.9836,LPath
F200W,0.9359,LPath
F200Y,0.7816,LPath
Q201A,0.492,Amb
Q201C,0.8109,LPath
Q201D,0.9639,LPath
Q201E,0.4854,Amb
Q201F,0.9769,LPath
Q201G,0.5121,Amb
Q201H,0.7997,LPath
Q201I,0.8516,LPath
Q201K,0.4789,Amb
Q201L,0.4355,Amb
Q201M,0.6164,LPath
Q201N,0.7684,LPath
Q201P,0.9702,LPath
Q201R,0.4615,Amb
Q201S,0.4868,Amb
Q201T,0.4222,Amb
Q201V,0.6296,LPath
Q201W,0.9818,LPath
Q201Y,0.9596,LPath
K202A,0.7689,LPath
K202C,0.7057,LPath
K202D,0.9269,LPath
K202E,0.7422,LPath
K202F,0.8358,LPath
K202G,0.7486,LPath
K202H,0.3195,LBen
K202I,0.7644,LPath
K202L,0.5838,LPath
K202M,0.4878,Amb
K202N,0.7772,LPath
K202P,0.9904,LPath
K202Q,0.2799,LBen
K202R,0.1015,LBen
K202S,0.7903,LPath
K202T,0.5885,LPath
K202V,0.6764,LPath
K202W,0.8577,LPath
K202Y,0.6575,LPath
L203A,0.9375,LPath
L203C,0.8651,LPath
L203D,0.9989,LPath
L203E,0.9924,LPath
L203F,0.8692,LPath
L203G,0.9822,LPath
L203H,0.9894,LPath
L203I,0.4302,Amb
L203K,0.9903,LPath
L203M,0.2829,LBen
L203N,0.9823,LPath
L203P,0.9966,LPath
L203Q,0.9677,LPath
L203R,0.9886,LPath
L203S,0.984,LPath
L203T,0.909,LPath
L203V,0.5024,Amb
L203W,0.9855,LPath
L203Y,0.9876,LPath
N204A,0.1484,LBen
N204C,0.1747,LBen
N204D,0.1941,LBen
N204E,0.4783,Amb
N204F,0.6445,LPath
N204G,0.1296,LBen
N204H,0.1231,LBen
N204I,0.3492,Amb
N204K,0.5032,Amb
N204L,0.3196,LBen
N204M,0.4052,Amb
N204P,0.1341,LBen
N204Q,0.2841,LBen
N204R,0.5129,Amb
N204S,0.0632,LBen
N204T,0.1071,LBen
N204V,0.273,LBen
N204W,0.8315,LPath
N204Y,0.313,LBen
S205A,0.0692,LBen
S205C,0.0871,LBen
S205D,0.4634,Amb
S205E,0.4926,Amb
S205F,0.3192,LBen
S205G,0.0622,LBen
S205H,0.3003,LBen
S205I,0.1546,LBen
S205K,0.6196,LPath
S205L,0.1211,LBen
S205M,0.1468,LBen
S205N,0.1031,LBen
S205P,0.1041,LBen
S205Q,0.3256,LBen
S205R,0.6392,LPath
S205T,0.0665,LBen
S205V,0.1287,LBen
S205W,0.5291,Amb
S205Y,0.3113,LBen
N206A,0.1193,LBen
N206C,0.1678,LBen
N206D,0.122,LBen
N206E,0.2858,LBen
N206F,0.493,Amb
N206G,0.1274,LBen
N206H,0.1018,LBen
N206I,0.2862,LBen
N206K,0.3422,Amb
N206L,0.2331,LBen
N206M,0.2845,LBen
N206P,0.5211,Amb
N206Q,0.1962,LBen
N206R,0.3778,Amb
N206S,0.0574,LBen
N206T,0.082,LBen
N206V,0.2076,LBen
N206W,0.7734,LPath
N206Y,0.2433,LBen
T207A,0.2727,LBen
T207C,0.3407,Amb
T207D,0.9895,LPath
T207E,0.9817,LPath
T207F,0.952,LPath
T207G,0.8269,LPath
T207H,0.9465,LPath
T207I,0.2719,LBen
T207K,0.9563,LPath
T207L,0.3649,Amb
T207M,0.3537,Amb
T207N,0.8329,LPath
T207P,0.7977,LPath
T207Q,0.9104,LPath
T207R,0.9424,LPath
T207S,0.5048,Amb
T207V,0.1657,LBen
T207W,0.9928,LPath
T207Y,0.9691,LPath
Q208A,0.9059,LPath
Q208C,0.9957,LPath
Q208D,0.9958,LPath
Q208E,0.8653,LPath
Q208F,0.9989,LPath
Q208G,0.9445,LPath
Q208H,0.9908,LPath
Q208I,0.9912,LPath
Q208K,0.9516,LPath
Q208L,0.9823,LPath
Q208M,0.9492,LPath
Q208N,0.9518,LPath
Q208P,0.9845,LPath
Q208R,0.965,LPath
Q208S,0.8449,LPath
Q208T,0.8874,LPath
Q208V,0.9742,LPath
Q208W,0.9995,LPath
Q208Y,0.9994,LPath
V209A,0.9372,LPath
V209C,0.939,LPath
V209D,0.998,LPath
V209E,0.996,LPath
V209F,0.9686,LPath
V209G,0.9323,LPath
V209H,0.9978,LPath
V209I,0.3527,Amb
V209K,0.9957,LPath
V209L,0.9668,LPath
V209M,0.9455,LPath
V209N,0.9865,LPath
V209P,0.9982,LPath
V209Q,0.9939,LPath
V209R,0.9889,LPath
V209S,0.9481,LPath
V209T,0.877,LPath
V209W,0.999,LPath
V209Y,0.9954,LPath
V210A,0.8867,LPath
V210C,0.8042,LPath
V210D,0.9986,LPath
V210E,0.9972,LPath
V210F,0.9399,LPath
V210G,0.9286,LPath
V210H,0.9979,LPath
V210I,0.1202,LBen
V210K,0.9983,LPath
V210L,0.7629,LPath
V210M,0.8215,LPath
V210N,0.9827,LPath
V210P,0.9984,LPath
V210Q,0.9936,LPath
V210R,0.9962,LPath
V210S,0.9409,LPath
V210T,0.8819,LPath
V210W,0.999,LPath
V210Y,0.9945,LPath
L211A,0.9832,LPath
L211C,0.9624,LPath
L211D,0.9999,LPath
L211E,0.9997,LPath
L211F,0.9762,LPath
L211G,0.9975,LPath
L211H,0.9993,LPath
L211I,0.6887,LPath
L211K,0.9994,LPath
L211M,0.7857,LPath
L211N,0.9989,LPath
L211P,0.9998,LPath
L211Q,0.9991,LPath
L211R,0.9988,LPath
L211S,0.9985,LPath
L211T,0.9926,LPath
L211V,0.6929,LPath
L211W,0.9989,LPath
L211Y,0.9983,LPath
L212A,0.9647,LPath
L212C,0.9011,LPath
L212D,0.9996,LPath
L212E,0.9987,LPath
L212F,0.8431,LPath
L212G,0.9931,LPath
L212H,0.9946,LPath
L212I,0.629,LPath
L212K,0.9978,LPath
L212M,0.6022,LPath
L212N,0.9942,LPath
L212P,0.999,LPath
L212Q,0.9948,LPath
L212R,0.9957,LPath
L212S,0.9935,LPath
L212T,0.9629,LPath
L212V,0.5688,LPath
L212W,0.992,LPath
L212Y,0.9885,LPath
S213A,0.9464,LPath
S213C,0.9921,LPath
S213D,0.9989,LPath
S213E,0.9985,LPath
S213F,0.9996,LPath
S213G,0.9801,LPath
S213H,0.9984,LPath
S213I,0.9997,LPath
S213K,0.9999,LPath
S213L,0.999,LPath
S213M,0.9984,LPath
S213N,0.9994,LPath
S213P,0.9995,LPath
S213Q,0.9985,LPath
S213R,0.9998,LPath
S213T,0.9344,LPath
S213V,0.9992,LPath
S213W,0.9988,LPath
S213Y,0.9994,LPath
A214C,0.9959,LPath
A214D,0.9999,LPath
A214E,0.9994,LPath
A214F,0.9962,LPath
A214G,0.9959,LPath
A214H,0.9993,LPath
A214I,0.9996,LPath
A214K,0.9998,LPath
A214L,0.9939,LPath
A214M,0.999,LPath
A214N,0.9996,LPath
A214P,0.9991,LPath
A214Q,0.9986,LPath
A214R,0.9959,LPath
A214S,0.9597,LPath
A214T,0.9974,LPath
A214V,0.999,LPath
A214W,0.9997,LPath
A214Y,0.999,LPath
T215A,0.9936,LPath
T215C,0.9992,LPath
T215D,0.9992,LPath
T215E,0.998,LPath
T215F,0.9991,LPath
T215G,0.9948,LPath
T215H,0.9984,LPath
T215I,0.9996,LPath
T215K,0.9973,LPath
T215L,0.9977,LPath
T215M,0.9978,LPath
T215N,0.9967,LPath
T215P,0.9929,LPath
T215Q,0.9975,LPath
T215R,0.995,LPath
T215S,0.989,LPath
T215V,0.9957,LPath
T215W,0.9997,LPath
T215Y,0.9995,LPath
M216A,0.9937,LPath
M216C,0.9766,LPath
M216D,0.9998,LPath
M216E,0.9991,LPath
M216F,0.9207,LPath
M216G,0.9992,LPath
M216H,0.9988,LPath
M216I,0.9297,LPath
M216K,0.9982,LPath
M216L,0.4517,Amb
M216N,0.9977,LPath
M216P,0.9992,LPath
M216Q,0.9952,LPath
M216R,0.9977,LPath
M216S,0.9956,LPath
M216T,0.9945,LPath
M216V,0.5719,LPath
M216W,0.997,LPath
M216Y,0.9923,LPath
P217A,0.9427,LPath
P217C,0.998,LPath
P217D,0.9896,LPath
P217E,0.9948,LPath
P217F,0.9996,LPath
P217G,0.9715,LPath
P217H,0.9897,LPath
P217I,0.9991,LPath
P217K,0.9973,LPath
P217L,0.9919,LPath
P217M,0.9981,LPath
P217N,0.9847,LPath
P217Q,0.9928,LPath
P217R,0.9945,LPath
P217S,0.9667,LPath
P217T,0.9664,LPath
P217V,0.9954,LPath
P217W,0.9998,LPath
P217Y,0.9993,LPath
S218A,0.0578,LBen
S218C,0.1601,LBen
S218D,0.5003,Amb
S218E,0.5063,Amb
S218F,0.3476,Amb
S218G,0.0902,LBen
S218H,0.383,Amb
S218I,0.188,LBen
S218K,0.6985,LPath
S218L,0.0975,LBen
S218M,0.1081,LBen
S218N,0.1168,LBen
S218P,0.1588,LBen
S218Q,0.334,LBen
S218R,0.7387,LPath
S218T,0.0723,LBen
S218V,0.1353,LBen
S218W,0.6323,LPath
S218Y,0.3658,Amb
D219A,0.8359,LPath
D219C,0.9818,LPath
D219E,0.2715,LBen
D219F,0.9853,LPath
D219G,0.9114,LPath
D219H,0.9534,LPath
D219I,0.9656,LPath
D219K,0.9663,LPath
D219L,0.9583,LPath
D219M,0.9804,LPath
D219N,0.7626,LPath
D219P,0.9809,LPath
D219Q,0.9302,LPath
D219R,0.9655,LPath
D219S,0.8049,LPath
D219T,0.8978,LPath
D219V,0.9027,LPath
D219W,0.9956,LPath
D219Y,0.944,LPath
V220A,0.9647,LPath
V220C,0.9784,LPath
V220D,0.9975,LPath
V220E,0.9957,LPath
V220F,0.9737,LPath
V220G,0.9765,LPath
V220H,0.9984,LPath
V220I,0.3926,Amb
V220K,0.998,LPath
V220L,0.9777,LPath
V220M,0.969,LPath
V220N,0.9917,LPath
V220P,0.9987,LPath
V220Q,0.9954,LPath
V220R,0.9945,LPath
V220S,0.9715,LPath
V220T,0.9211,LPath
V220W,0.9994,LPath
V220Y,0.9963,LPath
L221A,0.9399,LPath
L221C,0.9767,LPath
L221D,0.9957,LPath
L221E,0.9741,LPath
L221F,0.8708,LPath
L221G,0.985,LPath
L221H,0.9784,LPath
L221I,0.5967,LPath
L221K,0.9593,LPath
L221M,0.44,Amb
L221N,0.9802,LPath
L221P,0.9974,LPath
L221Q,0.9479,LPath
L221R,0.9482,LPath
L221S,0.9848,LPath
L221T,0.9333,LPath
L221V,0.6567,LPath
L221W,0.9542,LPath
L221Y,0.9672,LPath
E222A,0.5988,LPath
E222C,0.9758,LPath
E222D,0.1697,LBen
E222F,0.9791,LPath
E222G,0.6964,LPath
E222H,0.9278,LPath
E222I,0.928,LPath
E222K,0.9035,LPath
E222L,0.8869,LPath
E222M,0.9139,LPath
E222N,0.7476,LPath
E222P,0.9926,LPath
E222Q,0.6548,LPath
E222R,0.9047,LPath
E222S,0.6664,LPath
E222T,0.785,LPath
E222V,0.8132,LPath
E222W,0.9914,LPath
E222Y,0.9619,LPath
V223A,0.9667,LPath
V223C,0.9735,LPath
V223D,0.9927,LPath
V223E,0.9866,LPath
V223F,0.8984,LPath
V223G,0.9326,LPath
V223H,0.9954,LPath
V223I,0.3538,Amb
V223K,0.9924,LPath
V223L,0.904,LPath
V223M,0.8624,LPath
V223N,0.9782,LPath
V223P,0.9966,LPath
V223Q,0.9874,LPath
V223R,0.9864,LPath
V223S,0.9745,LPath
V223T,0.9413,LPath
V223W,0.997,LPath
V223Y,0.9837,LPath
T224A,0.7617,LPath
T224C,0.9509,LPath
T224D,0.9956,LPath
T224E,0.9901,LPath
T224F,0.9939,LPath
T224G,0.8836,LPath
T224H,0.9903,LPath
T224I,0.9903,LPath
T224K,0.9926,LPath
T224L,0.9686,LPath
T224M,0.9317,LPath
T224N,0.9763,LPath
T224P,0.9809,LPath
T224Q,0.9728,LPath
T224R,0.9885,LPath
T224S,0.7394,LPath
T224V,0.9427,LPath
T224W,0.9986,LPath
T224Y,0.9965,LPath
K225A,0.5251,Amb
K225C,0.7689,LPath
K225D,0.6686,LPath
K225E,0.2801,LBen
K225F,0.9563,LPath
K225G,0.4671,Amb
K225H,0.3752,Amb
K225I,0.8375,LPath
K225L,0.7073,LPath
K225M,0.5789,LPath
K225N,0.5442,Amb
K225P,0.9738,LPath
K225Q,0.1443,LBen
K225R,0.09,LBen
K225S,0.4494,Amb
K225T,0.2302,LBen
K225V,0.669,LPath
K225W,0.9268,LPath
K225Y,0.8766,LPath
K226A,0.8625,LPath
K226C,0.8194,LPath
K226D,0.9547,LPath
K226E,0.9128,LPath
K226F,0.9708,LPath
K226G,0.906,LPath
K226H,0.6108,LPath
K226I,0.8783,LPath
K226L,0.8232,LPath
K226M,0.7529,LPath
K226N,0.8934,LPath
K226P,0.9868,LPath
K226Q,0.5609,Amb
K226R,0.1304,LBen
K226S,0.922,LPath
K226T,0.7291,LPath
K226V,0.7701,LPath
K226W,0.9705,LPath
K226Y,0.8716,LPath
F227A,0.9978,LPath
F227C,0.9945,LPath
F227D,0.9994,LPath
F227E,0.999,LPath
F227G,0.9983,LPath
F227H,0.9958,LPath
F227I,0.9798,LPath
F227K,0.9991,LPath
F227L,0.9988,LPath
F227M,0.9881,LPath
F227N,0.9978,LPath
F227P,0.9999,LPath
F227Q,0.9982,LPath
F227R,0.997,LPath
F227S,0.9992,LPath
F227T,0.9986,LPath
F227V,0.9864,LPath
F227W,0.9699,LPath
F227Y,0.9121,LPath
M228A,0.9865,LPath
M228C,0.9294,LPath
M228D,0.9996,LPath
M228E,0.998,LPath
M228F,0.982,LPath
M228G,0.9916,LPath
M228H,0.9983,LPath
M228I,0.9968,LPath
M228K,0.9965,LPath
M228L,0.7347,LPath
M228N,0.9974,LPath
M228P,0.9998,LPath
M228Q,0.9659,LPath
M228R,0.9972,LPath
M228S,0.9833,LPath
M228T,0.9664,LPath
M228V,0.9349,LPath
M228W,0.9995,LPath
M228Y,0.9992,LPath
R229A,0.9515,LPath
R229C,0.8528,LPath
R229D,0.9505,LPath
R229E,0.8856,LPath
R229F,0.9874,LPath
R229G,0.9096,LPath
R229H,0.5915,LPath
R229I,0.9437,LPath
R229K,0.4381,Amb
R229L,0.9092,LPath
R229M,0.955,LPath
R229N,0.9075,LPath
R229P,0.9932,LPath
R229Q,0.5478,Amb
R229S,0.9433,LPath
R229T,0.8724,LPath
R229V,0.9267,LPath
R229W,0.9204,LPath
R229Y,0.9637,LPath
D230A,0.5288,Amb
D230C,0.8755,LPath
D230E,0.1435,LBen
D230F,0.9347,LPath
D230G,0.6895,LPath
D230H,0.6622,LPath
D230I,0.8523,LPath
D230K,0.7274,LPath
D230L,0.8239,LPath
D230M,0.8768,LPath
D230N,0.1846,LBen
D230P,0.9768,LPath
D230Q,0.5382,Amb
D230R,0.7927,LPath
D230S,0.33,LBen
D230T,0.5701,LPath
D230V,0.6801,LPath
D230W,0.986,LPath
D230Y,0.7183,LPath
P231A,0.8829,LPath
P231C,0.9931,LPath
P231D,0.9983,LPath
P231E,0.9972,LPath
P231F,0.9993,LPath
P231G,0.9842,LPath
P231H,0.994,LPath
P231I,0.9982,LPath
P231K,0.9981,LPath
P231L,0.9963,LPath
P231M,0.9988,LPath
P231N,0.9978,LPath
P231Q,0.9963,LPath
P231R,0.9945,LPath
P231S,0.9837,LPath
P231T,0.9857,LPath
P231V,0.9921,LPath
P231W,0.9996,LPath
P231Y,0.9986,LPath
I232A,0.8803,LPath
I232C,0.8459,LPath
I232D,0.9962,LPath
I232E,0.9721,LPath
I232F,0.8298,LPath
I232G,0.9887,LPath
I232H,0.9643,LPath
I232K,0.8786,LPath
I232L,0.4069,Amb
I232M,0.4361,Amb
I232N,0.9537,LPath
I232P,0.9932,LPath
I232Q,0.9146,LPath
I232R,0.8638,LPath
I232S,0.9291,LPath
I232T,0.7335,LPath
I232V,0.0616,LBen
I232W,0.9924,LPath
I232Y,0.9636,LPath
R233A,0.9312,LPath
R233C,0.6004,LPath
R233D,0.9704,LPath
R233E,0.8448,LPath
R233F,0.9727,LPath
R233G,0.9094,LPath
R233H,0.428,Amb
R233I,0.9129,LPath
R233K,0.3461,Amb
R233L,0.8546,LPath
R233M,0.9052,LPath
R233N,0.9244,LPath
R233P,0.9898,LPath
R233Q,0.3702,Amb
R233S,0.9132,LPath
R233T,0.7754,LPath
R233V,0.8844,LPath
R233W,0.836,LPath
R233Y,0.9181,LPath
I234A,0.999,LPath
I234C,0.9977,LPath
I234D,0.9999,LPath
I234E,0.9997,LPath
I234F,0.9794,LPath
I234G,0.9998,LPath
I234H,0.9997,LPath
I234K,0.9997,LPath
I234L,0.9009,LPath
I234M,0.9461,LPath
I234N,0.9989,LPath
I234P,0.9997,LPath
I234Q,0.9997,LPath
I234R,0.9995,LPath
I234S,0.9992,LPath
I234T,0.999,LPath
I234V,0.5763,LPath
I234W,0.9995,LPath
I234Y,0.9977,LPath
L235A,0.9715,LPath
L235C,0.9878,LPath
L235D,0.9992,LPath
L235E,0.9963,LPath
L235F,0.9524,LPath
L235G,0.9934,LPath
L235H,0.9928,LPath
L235I,0.8854,LPath
L235K,0.9891,LPath
L235M,0.7782,LPath
L235N,0.9909,LPath
L235P,0.9994,LPath
L235Q,0.9893,LPath
L235R,0.9825,LPath
L235S,0.9937,LPath
L235T,0.9493,LPath
L235V,0.8954,LPath
L235W,0.9909,LPath
L235Y,0.9887,LPath
V236A,0.9917,LPath
V236C,0.9871,LPath
V236D,0.9985,LPath
V236E,0.9958,LPath
V236F,0.9768,LPath
V236G,0.9669,LPath
V236H,0.9984,LPath
V236I,0.6552,LPath
V236K,0.9968,LPath
V236L,0.9666,LPath
V236M,0.9833,LPath
V236N,0.9929,LPath
V236P,0.9959,LPath
V236Q,0.9907,LPath
V236R,0.988,LPath
V236S,0.9844,LPath
V236T,0.9782,LPath
V236W,0.9991,LPath
V236Y,0.9958,LPath
K237A,0.9541,LPath
K237C,0.9827,LPath
K237D,0.9863,LPath
K237E,0.9568,LPath
K237F,0.9978,LPath
K237G,0.9562,LPath
K237H,0.8972,LPath
K237I,0.9924,LPath
K237L,0.9637,LPath
K237M,0.9617,LPath
K237N,0.9824,LPath
K237P,0.9602,LPath
K237Q,0.7526,LPath
K237R,0.2181,LBen
K237S,0.975,LPath
K237T,0.9446,LPath
K237V,0.9771,LPath
K237W,0.9966,LPath
K237Y,0.9922,LPath
K238A,0.9271,LPath
K238C,0.9895,LPath
K238D,0.9666,LPath
K238E,0.8973,LPath
K238F,0.998,LPath
K238G,0.9415,LPath
K238H,0.8912,LPath
K238I,0.9876,LPath
K238L,0.9681,LPath
K238M,0.9506,LPath
K238N,0.9707,LPath
K238P,0.9546,LPath
K238Q,0.6178,LPath
K238R,0.1538,LBen
K238S,0.9606,LPath
K238T,0.8977,LPath
K238V,0.9604,LPath
K238W,0.9948,LPath
K238Y,0.9905,LPath
E239A,0.8901,LPath
E239C,0.9979,LPath
E239D,0.6047,LPath
E239F,0.9992,LPath
E239G,0.8788,LPath
E239H,0.992,LPath
E239I,0.9953,LPath
E239K,0.9657,LPath
E239L,0.9946,LPath
E239M,0.9934,LPath
E239N,0.947,LPath
E239P,0.9937,LPath
E239Q,0.8675,LPath
E239R,0.9695,LPath
E239S,0.9134,LPath
E239T,0.9573,LPath
E239V,0.979,LPath
E239W,0.9993,LPath
E239Y,0.9975,LPath
E240A,0.8037,LPath
E240C,0.9921,LPath
E240D,0.8868,LPath
E240F,0.9958,LPath
E240G,0.8817,LPath
E240H,0.9857,LPath
E240I,0.9825,LPath
E240K,0.9625,LPath
E240L,0.9805,LPath
E240M,0.972,LPath
E240N,0.9494,LPath
E240P,0.9983,LPath
E240Q,0.7407,LPath
E240R,0.956,LPath
E240S,0.9078,LPath
E240T,0.9387,LPath
E240V,0.9418,LPath
E240W,0.999,LPath
E240Y,0.992,LPath
L241A,0.986,LPath
L241C,0.9968,LPath
L241D,0.9996,LPath
L241E,0.9974,LPath
L241F,0.9949,LPath
L241G,0.9967,LPath
L241H,0.9991,LPath
L241I,0.8213,LPath
L241K,0.9954,LPath
L241M,0.8795,LPath
L241N,0.9941,LPath
L241P,0.9993,LPath
L241Q,0.9972,LPath
L241R,0.9943,LPath
L241S,0.999,LPath
L241T,0.9879,LPath
L241V,0.8395,LPath
L241W,0.9985,LPath
L241Y,0.9978,LPath
T242A,0.9354,LPath
T242C,0.994,LPath
T242D,0.991,LPath
T242E,0.9927,LPath
T242F,0.9919,LPath
T242G,0.9573,LPath
T242H,0.9777,LPath
T242I,0.9954,LPath
T242K,0.9837,LPath
T242L,0.9669,LPath
T242M,0.9606,LPath
T242N,0.9391,LPath
T242P,0.9616,LPath
T242Q,0.9709,LPath
T242R,0.9772,LPath
T242S,0.8399,LPath
T242V,0.9736,LPath
T242W,0.9985,LPath
T242Y,0.9951,LPath
L243A,0.9891,LPath
L243C,0.9984,LPath
L243D,0.9999,LPath
L243E,0.9992,LPath
L243F,0.998,LPath
L243G,0.9982,LPath
L243H,0.9997,LPath
L243I,0.9564,LPath
L243K,0.9983,LPath
L243M,0.9558,LPath
L243N,0.9986,LPath
L243P,0.9989,LPath
L243Q,0.9991,LPath
L243R,0.9966,LPath
L243S,0.9992,LPath
L243T,0.9904,LPath
L243V,0.9465,LPath
L243W,0.9994,LPath
L243Y,0.9996,LPath
E244A,0.9012,LPath
E244C,0.9967,LPath
E244D,0.7516,LPath
E244F,0.9981,LPath
E244G,0.9316,LPath
E244H,0.9906,LPath
E244I,0.9931,LPath
E244K,0.9782,LPath
E244L,0.988,LPath
E244M,0.9916,LPath
E244N,0.9792,LPath
E244P,0.9972,LPath
E244Q,0.8702,LPath
E244R,0.9697,LPath
E244S,0.9354,LPath
E244T,0.9638,LPath
E244V,0.973,LPath
E244W,0.9989,LPath
E244Y,0.9964,LPath
G245A,0.98,LPath
G245C,0.9971,LPath
G245D,0.9987,LPath
G245E,0.9989,LPath
G245F,0.999,LPath
G245H,0.9998,LPath
G245I,0.9978,LPath
G245K,0.9997,LPath
G245L,0.999,LPath
G245M,0.9988,LPath
G245N,0.9969,LPath
G245P,0.9999,LPath
G245Q,0.9993,LPath
G245R,0.9995,LPath
G245S,0.9919,LPath
G245T,0.9927,LPath
G245V,0.995,LPath
G245W,0.9995,LPath
G245Y,0.9992,LPath
I246A,0.9984,LPath
I246C,0.9995,LPath
I246D,0.9999,LPath
I246E,0.9994,LPath
I246F,0.9954,LPath
I246G,0.9997,LPath
I246H,0.9999,LPath
I246K,0.9994,LPath
I246L,0.9069,LPath
I246M,0.9774,LPath
I246N,0.9991,LPath
I246P,0.9993,LPath
I246Q,0.9996,LPath
I246R,0.9987,LPath
I246S,0.9991,LPath
I246T,0.9988,LPath
I246V,0.8994,LPath
I246W,0.9996,LPath
I246Y,0.9994,LPath
R247A,0.9531,LPath
R247C,0.7877,LPath
R247D,0.9882,LPath
R247E,0.9395,LPath
R247F,0.9929,LPath
R247G,0.9334,LPath
R247H,0.6244,LPath
R247I,0.9665,LPath
R247K,0.203,LBen
R247L,0.9176,LPath
R247M,0.969,LPath
R247N,0.9835,LPath
R247P,0.9957,LPath
R247Q,0.5128,Amb
R247S,0.9663,LPath
R247T,0.9344,LPath
R247V,0.9548,LPath
R247W,0.9513,LPath
R247Y,0.9746,LPath
Q248A,0.9476,LPath
Q248C,0.9977,LPath
Q248D,0.9982,LPath
Q248E,0.9511,LPath
Q248F,0.9985,LPath
Q248G,0.9579,LPath
Q248H,0.9964,LPath
Q248I,0.9959,LPath
Q248K,0.9959,LPath
Q248L,0.9897,LPath
Q248M,0.9653,LPath
Q248N,0.9428,LPath
Q248P,0.9975,LPath
Q248R,0.9968,LPath
Q248S,0.899,LPath
Q248T,0.9437,LPath
Q248V,0.9909,LPath
Q248W,0.9994,LPath
Q248Y,0.9991,LPath
F249A,0.9985,LPath
F249C,0.9882,LPath
F249D,0.9996,LPath
F249E,0.9996,LPath
F249G,0.9981,LPath
F249H,0.9895,LPath
F249I,0.9967,LPath
F249K,0.9995,LPath
F249L,0.9995,LPath
F249M,0.9958,LPath
F249N,0.9971,LPath
F249P,1.0,LPath
F249Q,0.9986,LPath
F249R,0.9979,LPath
F249S,0.9982,LPath
F249T,0.9992,LPath
F249V,0.9949,LPath
F249W,0.9325,LPath
F249Y,0.5155,Amb
Y250A,0.9556,LPath
Y250C,0.525,Amb
Y250D,0.9918,LPath
Y250E,0.9951,LPath
Y250F,0.0915,LBen
Y250G,0.9614,LPath
Y250H,0.6981,LPath
Y250I,0.9422,LPath
Y250K,0.9919,LPath
Y250L,0.9064,LPath
Y250M,0.946,LPath
Y250N,0.9305,LPath
Y250P,0.9989,LPath
Y250Q,0.9703,LPath
Y250R,0.9552,LPath
Y250S,0.874,LPath
Y250T,0.9629,LPath
Y250V,0.8569,LPath
Y250W,0.5754,LPath
I251A,0.9859,LPath
I251C,0.9568,LPath
I251D,0.9997,LPath
I251E,0.9989,LPath
I251F,0.9668,LPath
I251G,0.998,LPath
I251H,0.9991,LPath
I251K,0.9987,LPath
I251L,0.6614,LPath
I251M,0.7935,LPath
I251N,0.9962,LPath
I251P,0.9991,LPath
I251Q,0.9981,LPath
I251R,0.9974,LPath
I251S,0.9923,LPath
I251T,0.9773,LPath
I251V,0.1251,LBen
I251W,0.9988,LPath
I251Y,0.9968,LPath
N252A,0.1868,LBen
N252C,0.2211,LBen
N252D,0.2865,LBen
N252E,0.6765,LPath
N252F,0.5692,LPath
N252G,0.3065,LBen
N252H,0.1669,LBen
N252I,0.5971,LPath
N252K,0.7881,LPath
N252L,0.3349,LBen
N252M,0.415,Amb
N252P,0.6028,LPath
N252Q,0.4327,Amb
N252R,0.6959,LPath
N252S,0.0849,LBen
N252T,0.288,LBen
N252V,0.4256,Amb
N252W,0.8125,LPath
N252Y,0.2958,LBen
V253A,0.8657,LPath
V253C,0.7988,LPath
V253D,0.9984,LPath
V253E,0.9952,LPath
V253F,0.9865,LPath
V253G,0.9485,LPath
V253H,0.9987,LPath
V253I,0.1763,LBen
V253K,0.9975,LPath
V253L,0.8569,LPath
V253M,0.875,LPath
V253N,0.9881,LPath
V253P,0.9928,LPath
V253Q,0.9936,LPath
V253R,0.9945,LPath
V253S,0.9486,LPath
V253T,0.6572,LPath
V253W,0.9996,LPath
V253Y,0.9986,LPath
E254A,0.6097,LPath
E254C,0.9573,LPath
E254D,0.2536,LBen
E254F,0.9858,LPath
E254G,0.5098,Amb
E254H,0.9328,LPath
E254I,0.9554,LPath
E254K,0.862,LPath
E254L,0.9111,LPath
E254M,0.9344,LPath
E254N,0.7654,LPath
E254P,0.9078,LPath
E254Q,0.5409,Amb
E254R,0.8727,LPath
E254S,0.6097,LPath
E254T,0.776,LPath
E254V,0.8614,LPath
E254W,0.9944,LPath
E254Y,0.9768,LPath
R255A,0.7341,LPath
R255C,0.4339,Amb
R255D,0.8628,LPath
R255E,0.5363,Amb
R255F,0.8982,LPath
R255G,0.6667,LPath
R255H,0.2591,LBen
R255I,0.8151,LPath
R255K,0.0967,LBen
R255L,0.6083,LPath
R255M,0.657,LPath
R255N,0.8033,LPath
R255P,0.9866,LPath
R255Q,0.1642,LBen
R255S,0.8102,LPath
R255T,0.6609,LPath
R255V,0.7365,LPath
R255W,0.7152,LPath
R255Y,0.7804,LPath
E256A,0.9243,LPath
E256C,0.9942,LPath
E256D,0.6532,LPath
E256F,0.998,LPath
E256G,0.9069,LPath
E256H,0.9906,LPath
E256I,0.9911,LPath
E256K,0.9761,LPath
E256L,0.9875,LPath
E256M,0.9879,LPath
E256N,0.9266,LPath
E256P,0.9571,LPath
E256Q,0.8972,LPath
E256R,0.974,LPath
E256S,0.9291,LPath
E256T,0.9552,LPath
E256V,0.9714,LPath
E256W,0.9987,LPath
E256Y,0.9952,LPath
E257A,0.5165,Amb
E257C,0.9635,LPath
E257D,0.1648,LBen
E257F,0.9715,LPath
E257G,0.6065,LPath
E257H,0.9073,LPath
E257I,0.864,LPath
E257K,0.8663,LPath
E257L,0.8911,LPath
E257M,0.9021,LPath
E257N,0.6675,LPath
E257P,0.9181,LPath
E257Q,0.591,LPath
E257R,0.8856,LPath
E257S,0.5835,LPath
E257T,0.723,LPath
E257V,0.7488,LPath
E257W,0.9892,LPath
E257Y,0.9514,LPath
W258A,0.9873,LPath
W258C,0.992,LPath
W258D,0.9904,LPath
W258E,0.9954,LPath
W258F,0.7385,LPath
W258G,0.9516,LPath
W258H,0.975,LPath
W258I,0.996,LPath
W258K,0.9991,LPath
W258L,0.9821,LPath
W258M,0.989,LPath
W258N,0.9812,LPath
W258P,0.9996,LPath
W258Q,0.9973,LPath
W258R,0.998,LPath
W258S,0.9817,LPath
W258T,0.9952,LPath
W258V,0.9914,LPath
W258Y,0.7999,LPath
K259A,0.9971,LPath
K259C,0.9976,LPath
K259D,0.9994,LPath
K259E,0.9982,LPath
K259F,0.9997,LPath
K259G,0.9977,LPath
K259H,0.9928,LPath
K259I,0.9979,LPath
K259L,0.9946,LPath
K259M,0.9932,LPath
K259N,0.9994,LPath
K259P,0.9989,LPath
K259Q,0.9912,LPath
K259R,0.7188,LPath
K259S,0.9993,LPath
K259T,0.9968,LPath
K259V,0.9959,LPath
K259W,0.9997,LPath
K259Y,0.9987,LPath
L260A,0.9287,LPath
L260C,0.9474,LPath
L260D,0.9974,LPath
L260E,0.9806,LPath
L260F,0.5085,Amb
L260G,0.9762,LPath
L260H,0.9697,LPath
L260I,0.5821,LPath
L260K,0.9739,LPath
L260M,0.3841,Amb
L260N,0.9825,LPath
L260P,0.9929,LPath
L260Q,0.9527,LPath
L260R,0.961,LPath
L260S,0.9901,LPath
L260T,0.9292,LPath
L260V,0.5995,LPath
L260W,0.8982,LPath
L260Y,0.8774,LPath
D261A,0.8969,LPath
D261C,0.9941,LPath
D261E,0.6867,LPath
D261F,0.9947,LPath
D261G,0.9215,LPath
D261H,0.9842,LPath
D261I,0.9945,LPath
D261K,0.9913,LPath
D261L,0.9791,LPath
D261M,0.9952,LPath
D261N,0.9147,LPath
D261P,0.9808,LPath
D261Q,0.9707,LPath
D261R,0.9877,LPath
D261S,0.9114,LPath
D261T,0.9774,LPath
D261V,0.9779,LPath
D261W,0.9987,LPath
D261Y,0.9756,LPath
T262A,0.6804,LPath
T262C,0.8191,LPath
T262D,0.997,LPath
T262E,0.996,LPath
T262F,0.99,LPath
T262G,0.931,LPath
T262H,0.9903,LPath
T262I,0.9592,LPath
T262K,0.995,LPath
T262L,0.9162,LPath
T262M,0.8991,LPath
T262N,0.9659,LPath
T262P,0.9931,LPath
T262Q,0.9887,LPath
T262R,0.9884,LPath
T262S,0.8535,LPath
T262V,0.7452,LPath
T262W,0.9984,LPath
T262Y,0.9935,LPath
L263A,0.9832,LPath
L263C,0.985,LPath
L263D,0.9999,LPath
L263E,0.9997,LPath
L263F,0.9816,LPath
L263G,0.9989,LPath
L263H,0.9994,LPath
L263I,0.6163,LPath
L263K,0.9995,LPath
L263M,0.81,LPath
L263N,0.9994,LPath
L263P,0.9998,LPath
L263Q,0.9992,LPath
L263R,0.999,LPath
L263S,0.999,LPath
L263T,0.9869,LPath
L263V,0.6811,LPath
L263W,0.9992,LPath
L263Y,0.9989,LPath
C264A,0.823,LPath
C264D,0.9963,LPath
C264E,0.9949,LPath
C264F,0.9328,LPath
C264G,0.7806,LPath
C264H,0.9913,LPath
C264I,0.9194,LPath
C264K,0.9976,LPath
C264L,0.8572,LPath
C264M,0.8802,LPath
C264N,0.9729,LPath
C264P,0.9995,LPath
C264Q,0.9826,LPath
C264R,0.9865,LPath
C264S,0.8108,LPath
C264T,0.7765,LPath
C264V,0.7699,LPath
C264W,0.9888,LPath
C264Y,0.9853,LPath
D265A,0.9972,LPath
D265C,0.9994,LPath
D265E,0.9946,LPath
D265F,0.9989,LPath
D265G,0.9976,LPath
D265H,0.9964,LPath
D265I,0.9995,LPath
D265K,0.9991,LPath
D265L,0.9983,LPath
D265M,0.9997,LPath
D265N,0.9916,LPath
D265P,0.9999,LPath
D265Q,0.9987,LPath
D265R,0.9979,LPath
D265S,0.9945,LPath
D265T,0.999,LPath
D265V,0.9985,LPath
D265W,0.9996,LPath
D265Y,0.9932,LPath
L266A,0.9907,LPath
L266C,0.9916,LPath
L266D,0.9998,LPath
L266E,0.9994,LPath
L266F,0.9718,LPath
L266G,0.9989,LPath
L266H,0.999,LPath
L266I,0.5546,Amb
L266K,0.9989,LPath
L266M,0.7912,LPath
L266N,0.9989,LPath
L266P,0.9998,LPath
L266Q,0.9989,LPath
L266R,0.9977,LPath
L266S,0.9991,LPath
L266T,0.9914,LPath
L266V,0.7671,LPath
L266W,0.9976,LPath
L266Y,0.9972,LPath
Y267A,0.9947,LPath
Y267C,0.9853,LPath
Y267D,0.9976,LPath
Y267E,0.9991,LPath
Y267F,0.5658,LPath
Y267G,0.9784,LPath
Y267H,0.997,LPath
Y267I,0.9931,LPath
Y267K,0.9987,LPath
Y267L,0.9294,LPath
Y267M,0.9883,LPath
Y267N,0.9931,LPath
Y267P,0.9982,LPath
Y267Q,0.9989,LPath
Y267R,0.9955,LPath
Y267S,0.9867,LPath
Y267T,0.995,LPath
Y267V,0.9796,LPath
Y267W,0.9507,LPath
E268A,0.9292,LPath
E268C,0.9962,LPath
E268D,0.6753,LPath
E268F,0.9991,LPath
E268G,0.841,LPath
E268H,0.9891,LPath
E268I,0.998,LPath
E268K,0.971,LPath
E268L,0.9941,LPath
E268M,0.9947,LPath
E268N,0.952,LPath
E268P,0.9991,LPath
E268Q,0.8562,LPath
E268R,0.9605,LPath
E268S,0.8916,LPath
E268T,0.9717,LPath
E268V,0.9906,LPath
E268W,0.9994,LPath
E268Y,0.9966,LPath
T269A,0.761,LPath
T269C,0.9289,LPath
T269D,0.9747,LPath
T269E,0.9564,LPath
T269F,0.9583,LPath
T269G,0.8406,LPath
T269H,0.9286,LPath
T269I,0.9488,LPath
T269K,0.9655,LPath
T269L,0.827,LPath
T269M,0.7468,LPath
T269N,0.766,LPath
T269P,0.9893,LPath
T269Q,0.917,LPath
T269R,0.9481,LPath
T269S,0.7523,LPath
T269V,0.8134,LPath
T269W,0.9915,LPath
T269Y,0.9569,LPath
L270A,0.9596,LPath
L270C,0.9616,LPath
L270D,0.9996,LPath
L270E,0.9976,LPath
L270F,0.98,LPath
L270G,0.9948,LPath
L270H,0.9979,LPath
L270I,0.6178,LPath
L270K,0.9968,LPath
L270M,0.6786,LPath
L270N,0.9951,LPath
L270P,0.9992,LPath
L270Q,0.9937,LPath
L270R,0.9946,LPath
L270S,0.9941,LPath
L270T,0.9697,LPath
L270V,0.5273,Amb
L270W,0.9978,LPath
L270Y,0.9971,LPath
T271A,0.6671,LPath
T271C,0.9519,LPath
T271D,0.9707,LPath
T271E,0.9728,LPath
T271F,0.9766,LPath
T271G,0.8276,LPath
T271H,0.9473,LPath
T271I,0.9764,LPath
T271K,0.9814,LPath
T271L,0.8803,LPath
T271M,0.8584,LPath
T271N,0.7188,LPath
T271P,0.8741,LPath
T271Q,0.9098,LPath
T271R,0.9663,LPath
T271S,0.6274,LPath
T271V,0.8733,LPath
T271W,0.9963,LPath
T271Y,0.9844,LPath
I272A,0.9892,LPath
I272C,0.9974,LPath
I272D,0.9997,LPath
I272E,0.9992,LPath
I272F,0.9875,LPath
I272G,0.9993,LPath
I272H,0.9998,LPath
I272K,0.9996,LPath
I272L,0.9405,LPath
I272M,0.9487,LPath
I272N,0.998,LPath
I272P,0.9971,LPath
I272Q,0.9993,LPath
I272R,0.9989,LPath
I272S,0.996,LPath
I272T,0.9922,LPath
I272V,0.3772,Amb
I272W,0.9997,LPath
I272Y,0.999,LPath
T273A,0.795,LPath
T273C,0.9758,LPath
T273D,0.9936,LPath
T273E,0.9913,LPath
T273F,0.9826,LPath
T273G,0.8932,LPath
T273H,0.9714,LPath
T273I,0.9937,LPath
T273K,0.9907,LPath
T273L,0.944,LPath
T273M,0.9361,LPath
T273N,0.9108,LPath
T273P,0.9425,LPath
T273Q,0.9546,LPath
T273R,0.9799,LPath
T273S,0.7493,LPath
T273V,0.9592,LPath
T273W,0.9971,LPath
T273Y,0.9915,LPath
Q274A,0.861,LPath
Q274C,0.9982,LPath
Q274D,0.9992,LPath
Q274E,0.957,LPath
Q274F,0.9992,LPath
Q274G,0.9142,LPath
Q274H,0.9976,LPath
Q274I,0.9982,LPath
Q274K,0.9869,LPath
Q274L,0.9905,LPath
Q274M,0.9693,LPath
Q274N,0.9787,LPath
Q274P,0.9975,LPath
Q274R,0.9863,LPath
Q274S,0.8229,LPath
Q274T,0.9267,LPath
Q274V,0.9898,LPath
Q274W,0.9995,LPath
Q274Y,0.9995,LPath
A275C,0.881,LPath
A275D,0.9992,LPath
A275E,0.999,LPath
A275F,0.9969,LPath
A275G,0.8035,LPath
A275H,0.9984,LPath
A275I,0.9967,LPath
A275K,0.9998,LPath
A275L,0.9795,LPath
A275M,0.9837,LPath
A275N,0.9951,LPath
A275P,0.9998,LPath
A275Q,0.9954,LPath
A275R,0.9985,LPath
A275S,0.5116,Amb
A275T,0.9218,LPath
A275V,0.9776,LPath
A275W,0.9997,LPath
A275Y,0.9987,LPath
V276A,0.9903,LPath
V276C,0.9772,LPath
V276D,0.9997,LPath
V276E,0.9992,LPath
V276F,0.9909,LPath
V276G,0.9917,LPath
V276H,0.9997,LPath
V276I,0.3738,Amb
V276K,0.9996,LPath
V276L,0.9634,LPath
V276M,0.9696,LPath
V276N,0.9975,LPath
V276P,0.9993,LPath
V276Q,0.9986,LPath
V276R,0.9984,LPath
V276S,0.9923,LPath
V276T,0.9793,LPath
V276W,0.9999,LPath
V276Y,0.9993,LPath
I277A,0.9948,LPath
I277C,0.9886,LPath
I277D,0.9999,LPath
I277E,0.9999,LPath
I277F,0.9914,LPath
I277G,0.9996,LPath
I277H,0.9999,LPath
I277K,0.9999,LPath
I277L,0.7426,LPath
I277M,0.9218,LPath
I277N,0.9991,LPath
I277P,0.9997,LPath
I277Q,0.9998,LPath
I277R,0.9997,LPath
I277S,0.9977,LPath
I277T,0.9959,LPath
I277V,0.3481,Amb
I277W,0.9998,LPath
I277Y,0.9992,LPath
F278A,0.9996,LPath
F278C,0.9987,LPath
F278D,0.9999,LPath
F278E,0.9999,LPath
F278G,0.9995,LPath
F278H,0.9985,LPath
F278I,0.9994,LPath
F278K,0.9999,LPath
F278L,0.9999,LPath
F278M,0.9992,LPath
F278N,0.9994,LPath
F278P,1.0,LPath
F278Q,0.9998,LPath
F278R,0.9996,LPath
F278S,0.9993,LPath
F278T,0.9997,LPath
F278V,0.999,LPath
F278W,0.9869,LPath
F278Y,0.8796,LPath
I279A,0.6291,LPath
I279C,0.3874,Amb
I279D,0.9983,LPath
I279E,0.9966,LPath
I279F,0.9682,LPath
I279G,0.9396,LPath
I279H,0.9968,LPath
I279K,0.9978,LPath
I279L,0.2422,LBen
I279M,0.5023,Amb
I279N,0.9669,LPath
I279P,0.9962,LPath
I279Q,0.9911,LPath
I279R,0.9948,LPath
I279S,0.8312,LPath
I279T,0.604,LPath
I279V,0.1033,LBen
I279W,0.9991,LPath
I279Y,0.9963,LPath
N280A,0.883,LPath
N280C,0.7767,LPath
N280D,0.9664,LPath
N280E,0.9865,LPath
N280F,0.995,LPath
N280G,0.8213,LPath
N280H,0.8969,LPath
N280I,0.9876,LPath
N280K,0.9946,LPath
N280L,0.9508,LPath
N280M,0.9812,LPath
N280P,0.981,LPath
N280Q,0.957,LPath
N280R,0.9794,LPath
N280S,0.3469,Amb
N280T,0.8844,LPath
N280V,0.9684,LPath
N280W,0.998,LPath
N280Y,0.9723,LPath
T281A,0.899,LPath
T281C,0.9682,LPath
T281D,0.9878,LPath
T281E,0.979,LPath
T281F,0.9741,LPath
T281G,0.8928,LPath
T281H,0.9191,LPath
T281I,0.9939,LPath
T281K,0.9493,LPath
T281L,0.9377,LPath
T281M,0.916,LPath
T281N,0.8531,LPath
T281P,0.9817,LPath
T281Q,0.8835,LPath
T281R,0.9247,LPath
T281S,0.6523,LPath
T281V,0.9674,LPath
T281W,0.992,LPath
T281Y,0.9705,LPath
R282A,0.992,LPath
R282C,0.9744,LPath
R282D,0.9988,LPath
R282E,0.9911,LPath
R282F,0.9983,LPath
R282G,0.9876,LPath
R282H,0.9665,LPath
R282I,0.9877,LPath
R282K,0.6958,LPath
R282L,0.9861,LPath
R282M,0.997,LPath
R282N,0.9985,LPath
R282P,0.9914,LPath
R282Q,0.9249,LPath
R282S,0.9968,LPath
R282T,0.9932,LPath
R282V,0.9828,LPath
R282W,0.9903,LPath
R282Y,0.9957,LPath
R283A,0.9677,LPath
R283C,0.9419,LPath
R283D,0.9865,LPath
R283E,0.9508,LPath
R283F,0.989,LPath
R283G,0.9288,LPath
R283H,0.8382,LPath
R283I,0.9787,LPath
R283K,0.6362,LPath
R283L,0.9404,LPath
R283M,0.9843,LPath
R283N,0.9825,LPath
R283P,0.9908,LPath
R283Q,0.7883,LPath
R283S,0.9825,LPath
R283T,0.9804,LPath
R283V,0.9718,LPath
R283W,0.9513,LPath
R283Y,0.9659,LPath
K284A,0.9647,LPath
K284C,0.98,LPath
K284D,0.9921,LPath
K284E,0.9833,LPath
K284F,0.9969,LPath
K284G,0.9603,LPath
K284H,0.9233,LPath
K284I,0.9921,LPath
K284L,0.9772,LPath
K284M,0.9606,LPath
K284N,0.9913,LPath
K284P,0.9978,LPath
K284Q,0.8896,LPath
K284R,0.3037,LBen
K284S,0.9855,LPath
K284T,0.9456,LPath
K284V,0.9764,LPath
K284W,0.9961,LPath
K284Y,0.9901,LPath
V285A,0.8968,LPath
V285C,0.9466,LPath
V285D,0.9986,LPath
V285E,0.9972,LPath
V285F,0.9979,LPath
V285G,0.8695,LPath
V285H,0.9995,LPath
V285I,0.796,LPath
V285K,0.9984,LPath
V285L,0.9928,LPath
V285M,0.9911,LPath
V285N,0.9899,LPath
V285P,0.9991,LPath
V285Q,0.9962,LPath
V285R,0.993,LPath
V285S,0.9379,LPath
V285T,0.8229,LPath
V285W,0.9999,LPath
V285Y,0.9993,LPath
D286A,0.9345,LPath
D286C,0.9926,LPath
D286E,0.7812,LPath
D286F,0.9906,LPath
D286G,0.9467,LPath
D286H,0.9827,LPath
D286I,0.9787,LPath
D286K,0.9886,LPath
D286L,0.9603,LPath
D286M,0.9894,LPath
D286N,0.8081,LPath
D286P,0.9978,LPath
D286Q,0.9705,LPath
D286R,0.9851,LPath
D286S,0.9013,LPath
D286T,0.9426,LPath
D286V,0.9441,LPath
D286W,0.9979,LPath
D286Y,0.9659,LPath
W287A,0.9083,LPath
W287C,0.9805,LPath
W287D,0.9695,LPath
W287E,0.9739,LPath
W287F,0.3444,Amb
W287G,0.8967,LPath
W287H,0.9244,LPath
W287I,0.9354,LPath
W287K,0.9924,LPath
W287L,0.8641,LPath
W287M,0.9006,LPath
W287N,0.9687,LPath
W287P,0.9995,LPath
W287Q,0.9797,LPath
W287R,0.9858,LPath
W287S,0.8972,LPath
W287T,0.9215,LPath
W287V,0.9078,LPath
W287Y,0.6229,LPath
L288A,0.9809,LPath
L288C,0.9779,LPath
L288D,0.9999,LPath
L288E,0.999,LPath
L288F,0.9884,LPath
L288G,0.9968,LPath
L288H,0.999,LPath
L288I,0.7035,LPath
L288K,0.9983,LPath
L288M,0.7855,LPath
L288N,0.9987,LPath
L288P,0.9997,LPath
L288Q,0.998,LPath
L288R,0.9975,LPath
L288S,0.9992,LPath
L288T,0.9887,LPath
L288V,0.6591,LPath
L288W,0.9991,LPath
L288Y,0.9985,LPath
T289A,0.2947,LBen
T289C,0.5137,Amb
T289D,0.9578,LPath
T289E,0.866,LPath
T289F,0.8478,LPath
T289G,0.4864,Amb
T289H,0.714,LPath
T289I,0.9121,LPath
T289K,0.8371,LPath
T289L,0.6689,LPath
T289M,0.3913,Amb
T289N,0.6386,LPath
T289P,0.9847,LPath
T289Q,0.5846,LPath
T289R,0.7691,LPath
T289S,0.339,LBen
T289V,0.5937,LPath
T289W,0.9484,LPath
T289Y,0.8392,LPath
E290A,0.4909,Amb
E290C,0.964,LPath
E290D,0.1782,LBen
E290F,0.9798,LPath
E290G,0.4045,Amb
E290H,0.8417,LPath
E290I,0.9285,LPath
E290K,0.7066,LPath
E290L,0.8725,LPath
E290M,0.8944,LPath
E290N,0.5865,LPath
E290P,0.9963,LPath
E290Q,0.3411,Amb
E290R,0.7492,LPath
E290S,0.4615,Amb
E290T,0.6622,LPath
E290V,0.8127,LPath
E290W,0.9903,LPath
E290Y,0.9505,LPath
K291A,0.7547,LPath
K291C,0.7555,LPath
K291D,0.9667,LPath
K291E,0.6671,LPath
K291F,0.9822,LPath
K291G,0.8718,LPath
K291H,0.5525,Amb
K291I,0.9049,LPath
K291L,0.8325,LPath
K291M,0.6371,LPath
K291N,0.8688,LPath
K291P,0.998,LPath
K291Q,0.1841,LBen
K291R,0.1265,LBen
K291S,0.8752,LPath
K291T,0.7207,LPath
K291V,0.802,LPath
K291W,0.9696,LPath
K291Y,0.9298,LPath
M292A,0.996,LPath
M292C,0.9707,LPath
M292D,0.9999,LPath
M292E,0.9994,LPath
M292F,0.9406,LPath
M292G,0.9978,LPath
M292H,0.9993,LPath
M292I,0.9936,LPath
M292K,0.9988,LPath
M292L,0.3917,Amb
M292N,0.999,LPath
M292P,0.9999,LPath
M292Q,0.9963,LPath
M292R,0.9991,LPath
M292S,0.9988,LPath
M292T,0.9985,LPath
M292V,0.952,LPath
M292W,0.999,LPath
M292Y,0.9975,LPath
H293A,0.4047,Amb
H293C,0.2705,LBen
H293D,0.7614,LPath
H293E,0.5732,LPath
H293F,0.496,Amb
H293G,0.4195,Amb
H293I,0.5269,Amb
H293K,0.3841,Amb
H293L,0.2132,LBen
H293M,0.4163,Amb
H293N,0.2391,LBen
H293P,0.9833,LPath
H293Q,0.2203,LBen
H293R,0.2432,LBen
H293S,0.3707,Amb
H293T,0.302,LBen
H293V,0.4044,Amb
H293W,0.6426,LPath
H293Y,0.2839,LBen
A294C,0.3812,Amb
A294D,0.5755,LPath
A294E,0.3774,Amb
A294F,0.5835,LPath
A294G,0.1177,LBen
A294H,0.4827,Amb
A294I,0.4213,Amb
A294K,0.6921,LPath
A294L,0.1927,LBen
A294M,0.2171,LBen
A294N,0.2377,LBen
A294P,0.9914,LPath
A294Q,0.2202,LBen
A294R,0.6685,LPath
A294S,0.0773,LBen
A294T,0.1202,LBen
A294V,0.2554,LBen
A294W,0.9161,LPath
A294Y,0.6943,LPath
R295A,0.9387,LPath
R295C,0.8451,LPath
R295D,0.9797,LPath
R295E,0.9029,LPath
R295F,0.9905,LPath
R295G,0.9134,LPath
R295H,0.6649,LPath
R295I,0.9812,LPath
R295K,0.4035,Amb
R295L,0.9043,LPath
R295M,0.9602,LPath
R295N,0.9612,LPath
R295P,0.9976,LPath
R295Q,0.5518,Amb
R295S,0.9658,LPath
R295T,0.9659,LPath
R295V,0.9709,LPath
R295W,0.9254,LPath
R295Y,0.9645,LPath
D296A,0.9087,LPath
D296C,0.9915,LPath
D296E,0.7258,LPath
D296F,0.9917,LPath
D296G,0.7456,LPath
D296H,0.9555,LPath
D296I,0.9939,LPath
D296K,0.972,LPath
D296L,0.9754,LPath
D296M,0.9922,LPath
D296N,0.649,LPath
D296P,0.9974,LPath
D296Q,0.9357,LPath
D296R,0.9661,LPath
D296S,0.7813,LPath
D296T,0.9503,LPath
D296V,0.9792,LPath
D296W,0.9983,LPath
D296Y,0.9494,LPath
F297A,0.9988,LPath
F297C,0.9905,LPath
F297D,0.9996,LPath
F297E,0.9994,LPath
F297G,0.9993,LPath
F297H,0.9628,LPath
F297I,0.995,LPath
F297K,0.9991,LPath
F297L,0.9997,LPath
F297M,0.9959,LPath
F297N,0.9977,LPath
F297P,1.0,LPath
F297Q,0.9978,LPath
F297R,0.9968,LPath
F297S,0.9991,LPath
F297T,0.9992,LPath
F297V,0.9936,LPath
F297W,0.9516,LPath
F297Y,0.7845,LPath
T298A,0.7716,LPath
T298C,0.9649,LPath
T298D,0.9912,LPath
T298E,0.9856,LPath
T298F,0.9825,LPath
T298G,0.9413,LPath
T298H,0.9712,LPath
T298I,0.9556,LPath
T298K,0.9839,LPath
T298L,0.9039,LPath
T298M,0.8856,LPath
T298N,0.9399,LPath
T298P,0.8884,LPath
T298Q,0.949,LPath
T298R,0.9701,LPath
T298S,0.8368,LPath
T298V,0.8121,LPath
T298W,0.9962,LPath
T298Y,0.9898,LPath
V299A,0.9598,LPath
V299C,0.9415,LPath
V299D,0.9995,LPath
V299E,0.999,LPath
V299F,0.9918,LPath
V299G,0.9837,LPath
V299H,0.9995,LPath
V299I,0.3524,Amb
V299K,0.9994,LPath
V299L,0.981,LPath
V299M,0.9833,LPath
V299N,0.9967,LPath
V299P,0.9973,LPath
V299Q,0.9985,LPath
V299R,0.9981,LPath
V299S,0.9743,LPath
V299T,0.9326,LPath
V299W,0.9998,LPath
V299Y,0.9989,LPath
S300A,0.4032,Amb
S300C,0.7103,LPath
S300D,0.9855,LPath
S300E,0.9829,LPath
S300F,0.9767,LPath
S300G,0.7568,LPath
S300H,0.9644,LPath
S300I,0.9671,LPath
S300K,0.9968,LPath
S300L,0.925,LPath
S300M,0.9219,LPath
S300N,0.9593,LPath
S300P,0.9972,LPath
S300Q,0.9675,LPath
S300R,0.9941,LPath
S300T,0.6719,LPath
S300V,0.9222,LPath
S300W,0.9807,LPath
S300Y,0.9688,LPath
A301C,0.511,Amb
A301D,0.9912,LPath
A301E,0.9767,LPath
A301F,0.8946,LPath
A301G,0.5291,Amb
A301H,0.9181,LPath
A301I,0.9656,LPath
A301K,0.9878,LPath
A301L,0.8798,LPath
A301M,0.8729,LPath
A301N,0.9188,LPath
A301P,0.976,LPath
A301Q,0.8727,LPath
A301R,0.9591,LPath
A301S,0.1588,LBen
A301T,0.7108,LPath
A301V,0.8536,LPath
A301W,0.9835,LPath
A301Y,0.9368,LPath
M302A,0.9589,LPath
M302C,0.9449,LPath
M302D,0.9996,LPath
M302E,0.998,LPath
M302F,0.9524,LPath
M302G,0.994,LPath
M302H,0.9984,LPath
M302I,0.8602,LPath
M302K,0.9969,LPath
M302L,0.2419,LBen
M302N,0.9956,LPath
M302P,0.9991,LPath
M302Q,0.9881,LPath
M302R,0.9975,LPath
M302S,0.9857,LPath
M302T,0.9394,LPath
M302V,0.4799,Amb
M302W,0.9981,LPath
M302Y,0.9961,LPath
H303A,0.9959,LPath
H303C,0.9388,LPath
H303D,0.9967,LPath
H303E,0.9988,LPath
H303F,0.9798,LPath
H303G,0.994,LPath
H303I,0.9992,LPath
H303K,0.9982,LPath
H303L,0.9864,LPath
H303M,0.9965,LPath
H303N,0.984,LPath
H303P,0.9905,LPath
H303Q,0.9968,LPath
H303R,0.9956,LPath
H303S,0.986,LPath
H303T,0.9972,LPath
H303V,0.9979,LPath
H303W,0.9599,LPath
H303Y,0.9645,LPath
G304A,0.9202,LPath
G304C,0.9962,LPath
G304D,0.9991,LPath
G304E,0.9992,LPath
G304F,0.9991,LPath
G304H,0.9996,LPath
G304I,0.9992,LPath
G304K,0.9997,LPath
G304L,0.9987,LPath
G304M,0.9991,LPath
G304N,0.9989,LPath
G304P,0.9996,LPath
G304Q,0.9988,LPath
G304R,0.9989,LPath
G304S,0.9206,LPath
G304T,0.9943,LPath
G304V,0.9979,LPath
G304W,0.9988,LPath
G304Y,0.9992,LPath
D305A,0.9634,LPath
D305C,0.9967,LPath
D305E,0.6444,LPath
D305F,0.9958,LPath
D305G,0.951,LPath
D305H,0.9932,LPath
D305I,0.9958,LPath
D305K,0.9931,LPath
D305L,0.9896,LPath
D305M,0.9965,LPath
D305N,0.9109,LPath
D305P,0.9986,LPath
D305Q,0.9867,LPath
D305R,0.992,LPath
D305S,0.9459,LPath
D305T,0.9834,LPath
D305V,0.9864,LPath
D305W,0.9989,LPath
D305Y,0.9823,LPath
M306A,0.9721,LPath
M306C,0.9311,LPath
M306D,0.9957,LPath
M306E,0.9845,LPath
M306F,0.932,LPath
M306G,0.9837,LPath
M306H,0.9774,LPath
M306I,0.984,LPath
M306K,0.8826,LPath
M306L,0.5913,LPath
M306N,0.9832,LPath
M306P,0.9995,LPath
M306Q,0.8655,LPath
M306R,0.9157,LPath
M306S,0.9761,LPath
M306T,0.9715,LPath
M306V,0.7715,LPath
M306W,0.9817,LPath
M306Y,0.9794,LPath
D307A,0.5794,LPath
D307C,0.9408,LPath
D307E,0.2158,LBen
D307F,0.973,LPath
D307G,0.6304,LPath
D307H,0.9083,LPath
D307I,0.9175,LPath
D307K,0.9278,LPath
D307L,0.8344,LPath
D307M,0.934,LPath
D307N,0.5082,Amb
D307P,0.8035,LPath
D307Q,0.8068,LPath
D307R,0.9281,LPath
D307S,0.5308,Amb
D307T,0.6497,LPath
D307V,0.7663,LPath
D307W,0.9941,LPath
D307Y,0.9113,LPath
Q308A,0.7101,LPath
Q308C,0.9985,LPath
Q308D,0.9947,LPath
Q308E,0.891,LPath
Q308F,0.9936,LPath
Q308G,0.8359,LPath
Q308H,0.9967,LPath
Q308I,0.9764,LPath
Q308K,0.9751,LPath
Q308L,0.9574,LPath
Q308M,0.851,LPath
Q308N,0.9426,LPath
Q308P,0.9469,LPath
Q308R,0.9778,LPath
Q308S,0.7767,LPath
Q308T,0.8442,LPath
Q308V,0.9412,LPath
Q308W,0.9976,LPath
Q308Y,0.9974,LPath
K309A,0.6692,LPath
K309C,0.8967,LPath
K309D,0.8529,LPath
K309E,0.7161,LPath
K309F,0.9663,LPath
K309G,0.6371,LPath
K309H,0.554,Amb
K309I,0.8743,LPath
K309L,0.7822,LPath
K309M,0.7454,LPath
K309N,0.8073,LPath
K309P,0.8707,LPath
K309Q,0.3249,LBen
K309R,0.0919,LBen
K309S,0.781,LPath
K309T,0.6532,LPath
K309V,0.7626,LPath
K309W,0.9412,LPath
K309Y,0.9141,LPath
E310A,0.6951,LPath
E310C,0.9898,LPath
E310D,0.2597,LBen
E310F,0.9893,LPath
E310G,0.7941,LPath
E310H,0.953,LPath
E310I,0.9328,LPath
E310K,0.8867,LPath
E310L,0.9314,LPath
E310M,0.9334,LPath
E310N,0.8342,LPath
E310P,0.9914,LPath
E310Q,0.5473,Amb
E310R,0.9043,LPath
E310S,0.776,LPath
E310T,0.7665,LPath
E310V,0.8175,LPath
E310W,0.9961,LPath
E310Y,0.9794,LPath
R311A,0.9992,LPath
R311C,0.9989,LPath
R311D,0.9991,LPath
R311E,0.995,LPath
R311F,0.9999,LPath
R311G,0.9972,LPath
R311H,0.9982,LPath
R311I,0.9997,LPath
R311K,0.9887,LPath
R311L,0.9987,LPath
R311M,0.9999,LPath
R311N,0.9996,LPath
R311P,0.9997,LPath
R311Q,0.9969,LPath
R311S,0.9997,LPath
R311T,0.9996,LPath
R311V,0.9995,LPath
R311W,0.9987,LPath
R311Y,0.9993,LPath
D312A,0.9461,LPath
D312C,0.9965,LPath
D312E,0.6314,LPath
D312F,0.9954,LPath
D312G,0.9611,LPath
D312H,0.9904,LPath
D312I,0.9914,LPath
D312K,0.9928,LPath
D312L,0.9796,LPath
D312M,0.9917,LPath
D312N,0.7938,LPath
D312P,0.9996,LPath
D312Q,0.9786,LPath
D312R,0.9918,LPath
D312S,0.9231,LPath
D312T,0.9503,LPath
D312V,0.9698,LPath
D312W,0.9986,LPath
D312Y,0.9786,LPath
V313A,0.3463,Amb
V313C,0.682,LPath
V313D,0.7738,LPath
V313E,0.6774,LPath
V313F,0.3943,Amb
V313G,0.3548,Amb
V313H,0.7496,LPath
V313I,0.0822,LBen
V313K,0.7628,LPath
V313L,0.1482,LBen
V313M,0.144,LBen
V313N,0.3808,Amb
V313P,0.9942,LPath
V313Q,0.4984,Amb
V313R,0.7179,LPath
V313S,0.403,Amb
V313T,0.2539,LBen
V313W,0.9347,LPath
V313Y,0.7592,LPath
I314A,0.951,LPath
I314C,0.9834,LPath
I314D,0.9985,LPath
I314E,0.9939,LPath
I314F,0.9623,LPath
I314G,0.9954,LPath
I314H,0.9953,LPath
I314K,0.9909,LPath
I314L,0.6876,LPath
I314M,0.781,LPath
I314N,0.9834,LPath
I314P,0.9984,LPath
I314Q,0.9897,LPath
I314R,0.9775,LPath
I314S,0.9796,LPath
I314T,0.8954,LPath
I314V,0.2575,LBen
I314W,0.9973,LPath
I314Y,0.9925,LPath
M315A,0.9947,LPath
M315C,0.9807,LPath
M315D,0.9997,LPath
M315E,0.9986,LPath
M315F,0.9579,LPath
M315G,0.9955,LPath
M315H,0.9974,LPath
M315I,0.994,LPath
M315K,0.9978,LPath
M315L,0.7104,LPath
M315N,0.9948,LPath
M315P,0.9997,LPath
M315Q,0.9841,LPath
M315R,0.9976,LPath
M315S,0.9907,LPath
M315T,0.9889,LPath
M315V,0.9078,LPath
M315W,0.9965,LPath
M315Y,0.9949,LPath
R316A,0.9044,LPath
R316C,0.8503,LPath
R316D,0.9587,LPath
R316E,0.8825,LPath
R316F,0.9849,LPath
R316G,0.7431,LPath
R316H,0.5673,LPath
R316I,0.9706,LPath
R316K,0.1933,LBen
R316L,0.8848,LPath
R316M,0.9325,LPath
R316N,0.9435,LPath
R316P,0.9963,LPath
R316Q,0.4436,Amb
R316S,0.9397,LPath
R316T,0.9026,LPath
R316V,0.9552,LPath
R316W,0.9076,LPath
R316Y,0.9518,LPath
E317A,0.7838,LPath
E317C,0.988,LPath
E317D,0.8625,LPath
E317F,0.9977,LPath
E317G,0.8611,LPath
E317H,0.9812,LPath
E317I,0.9948,LPath
E317K,0.9808,LPath
E317L,0.9881,LPath
E317M,0.9882,LPath
E317N,0.9205,LPath
E317P,0.9995,LPath
E317Q,0.7336,LPath
E317R,0.9657,LPath
E317S,0.8525,LPath
E317T,0.9493,LPath
E317V,0.9808,LPath
E317W,0.9991,LPath
E317Y,0.9935,LPath
F318A,0.9997,LPath
F318C,0.9996,LPath
F318D,0.9998,LPath
F318E,0.9997,LPath
F318G,0.9994,LPath
F318H,0.999,LPath
F318I,0.9991,LPath
F318K,0.9996,LPath
F318L,0.9999,LPath
F318M,0.9986,LPath
F318N,0.9995,LPath
F318P,1.0,LPath
F318Q,0.9996,LPath
F318R,0.9991,LPath
F318S,0.9998,LPath
F318T,0.9998,LPath
F318V,0.9992,LPath
F318W,0.9841,LPath
F318Y,0.9237,LPath
R319A,0.9963,LPath
R319C,0.9822,LPath
R319D,0.9993,LPath
R319E,0.9968,LPath
R319F,0.9983,LPath
R319G,0.9939,LPath
R319H,0.9756,LPath
R319I,0.9961,LPath
R319K,0.9447,LPath
R319L,0.9865,LPath
R319M,0.999,LPath
R319N,0.9991,LPath
R319P,0.9992,LPath
R319Q,0.9707,LPath
R319S,0.9979,LPath
R319T,0.9977,LPath
R319V,0.9954,LPath
R319W,0.9901,LPath
R319Y,0.9956,LPath
S320A,0.4496,Amb
S320C,0.8013,LPath
S320D,0.9744,LPath
S320E,0.9636,LPath
S320F,0.9745,LPath
S320G,0.5091,Amb
S320H,0.9571,LPath
S320I,0.9692,LPath
S320K,0.9925,LPath
S320L,0.8577,LPath
S320M,0.8473,LPath
S320N,0.8525,LPath
S320P,0.9989,LPath
S320Q,0.9242,LPath
S320R,0.9899,LPath
S320T,0.3047,LBen
S320V,0.9356,LPath
S320W,0.978,LPath
S320Y,0.9641,LPath
G321A,0.9885,LPath
G321C,0.9981,LPath
G321D,0.9997,LPath
G321E,0.9998,LPath
G321F,0.9993,LPath
G321H,0.9998,LPath
G321I,0.9997,LPath
G321K,0.9998,LPath
G321L,0.9993,LPath
G321M,0.9996,LPath
G321N,0.9992,LPath
G321P,0.9999,LPath
G321Q,0.9995,LPath
G321R,0.9993,LPath
G321S,0.9919,LPath
G321T,0.9967,LPath
G321V,0.9991,LPath
G321W,0.9997,LPath
G321Y,0.9997,LPath
S322A,0.3582,Amb
S322C,0.7941,LPath
S322D,0.9839,LPath
S322E,0.9713,LPath
S322F,0.9644,LPath
S322G,0.6856,LPath
S322H,0.9391,LPath
S322I,0.9476,LPath
S322K,0.9913,LPath
S322L,0.9056,LPath
S322M,0.8928,LPath
S322N,0.9039,LPath
S322P,0.9969,LPath
S322Q,0.9289,LPath
S322R,0.986,LPath
S322T,0.6349,LPath
S322V,0.908,LPath
S322W,0.9784,LPath
S322Y,0.958,LPath
S323A,0.4976,Amb
S323C,0.7521,LPath
S323D,0.9931,LPath
S323E,0.9913,LPath
S323F,0.9909,LPath
S323G,0.8351,LPath
S323H,0.9781,LPath
S323I,0.985,LPath
S323K,0.9978,LPath
S323L,0.9645,LPath
S323M,0.9585,LPath
S323N,0.9608,LPath
S323P,0.9976,LPath
S323Q,0.9749,LPath
S323R,0.9959,LPath
S323T,0.5261,Amb
S323V,0.9534,LPath
S323W,0.9927,LPath
S323Y,0.9858,LPath
R324A,0.9984,LPath
R324C,0.9986,LPath
R324D,0.9993,LPath
R324E,0.997,LPath
R324F,0.9997,LPath
R324G,0.9978,LPath
R324H,0.9953,LPath
R324I,0.9996,LPath
R324K,0.9821,LPath
R324L,0.9976,LPath
R324M,0.9998,LPath
R324N,0.9995,LPath
R324P,0.9987,LPath
R324Q,0.9946,LPath
R324S,0.9994,LPath
R324T,0.9992,LPath
R324V,0.999,LPath
R324W,0.9984,LPath
R324Y,0.9993,LPath
V325A,0.9908,LPath
V325C,0.9752,LPath
V325D,0.9992,LPath
V325E,0.9984,LPath
V325F,0.9864,LPath
V325G,0.9737,LPath
V325H,0.9991,LPath
V325I,0.5116,Amb
V325K,0.999,LPath
V325L,0.9752,LPath
V325M,0.9874,LPath
V325N,0.9935,LPath
V325P,0.999,LPath
V325Q,0.9978,LPath
V325R,0.9965,LPath
V325S,0.9893,LPath
V325T,0.9766,LPath
V325W,0.9997,LPath
V325Y,0.9971,LPath
L326A,0.9941,LPath
L326C,0.9931,LPath
L326D,1.0,LPath
L326E,0.9998,LPath
L326F,0.9947,LPath
L326G,0.9988,LPath
L326H,0.9997,LPath
L326I,0.9465,LPath
L326K,0.9995,LPath
L326M,0.8965,LPath
L326N,0.9996,LPath
L326P,0.9999,LPath
L326Q,0.9995,LPath
L326R,0.9991,LPath
L326S,0.9996,LPath
L326T,0.9989,LPath
L326V,0.9638,LPath
L326W,0.9995,LPath
L326Y,0.9992,LPath
I327A,0.9893,LPath
I327C,0.9875,LPath
I327D,0.9999,LPath
I327E,0.9997,LPath
I327F,0.9903,LPath
I327G,0.9992,LPath
I327H,0.9999,LPath
I327K,0.9997,LPath
I327L,0.6878,LPath
I327M,0.8704,LPath
I327N,0.9989,LPath
I327P,0.9992,LPath
I327Q,0.9996,LPath
I327R,0.9995,LPath
I327S,0.9976,LPath
I327T,0.9949,LPath
I327V,0.3749,Amb
I327W,0.9999,LPath
I327Y,0.9993,LPath
T328A,0.5123,Amb
T328C,0.8298,LPath
T328D,0.9983,LPath
T328E,0.9989,LPath
T328F,0.9987,LPath
T328G,0.8743,LPath
T328H,0.9963,LPath
T328I,0.9986,LPath
T328K,0.9991,LPath
T328L,0.9823,LPath
T328M,0.9795,LPath
T328N,0.9849,LPath
T328P,0.9927,LPath
T328Q,0.9955,LPath
T328R,0.997,LPath
T328S,0.5786,LPath
T328V,0.973,LPath
T328W,0.9998,LPath
T328Y,0.9993,LPath
T329A,0.9908,LPath
T329C,0.9991,LPath
T329D,0.9992,LPath
T329E,0.999,LPath
T329F,0.9997,LPath
T329G,0.9888,LPath
T329H,0.9981,LPath
T329I,0.9999,LPath
T329K,0.9984,LPath
T329L,0.9982,LPath
T329M,0.9983,LPath
T329N,0.9961,LPath
T329P,0.9942,LPath
T329Q,0.9982,LPath
T329R,0.9974,LPath
T329S,0.9448,LPath
T329V,0.9983,LPath
T329W,0.9998,LPath
T329Y,0.9997,LPath
D330A,0.9974,LPath
D330C,0.9998,LPath
D330E,0.995,LPath
D330F,0.9998,LPath
D330G,0.9969,LPath
D330H,0.9993,LPath
D330I,0.9999,LPath
D330K,0.9998,LPath
D330L,0.9995,LPath
D330M,0.9999,LPath
D330N,0.9769,LPath
D330P,0.9994,LPath
D330Q,0.9994,LPath
D330R,0.9994,LPath
D330S,0.9892,LPath
D330T,0.9989,LPath
D330V,0.9994,LPath
D330W,1.0,LPath
D330Y,0.9986,LPath
L331A,0.9882,LPath
L331C,0.9968,LPath
L331D,0.9997,LPath
L331E,0.9988,LPath
L331F,0.9919,LPath
L331G,0.9979,LPath
L331H,0.999,LPath
L331I,0.5681,LPath
L331K,0.998,LPath
L331M,0.8673,LPath
L331N,0.9961,LPath
L331P,0.9992,LPath
L331Q,0.9981,LPath
L331R,0.9954,LPath
L331S,0.9984,LPath
L331T,0.9896,LPath
L331V,0.6983,LPath
L331W,0.9985,LPath
L331Y,0.9977,LPath
L332A,0.9725,LPath
L332C,0.991,LPath
L332D,0.9998,LPath
L332E,0.9995,LPath
L332F,0.9808,LPath
L332G,0.9951,LPath
L332H,0.9987,LPath
L332I,0.9496,LPath
L332K,0.9991,LPath
L332M,0.886,LPath
L332N,0.9984,LPath
L332P,0.9988,LPath
L332Q,0.9984,LPath
L332R,0.9979,LPath
L332S,0.9977,LPath
L332T,0.9853,LPath
L332V,0.9435,LPath
L332W,0.9834,LPath
L332Y,0.996,LPath
A333C,0.9872,LPath
A333D,0.9997,LPath
A333E,0.9985,LPath
A333F,0.9973,LPath
A333G,0.85,LPath
A333H,0.999,LPath
A333I,0.9998,LPath
A333K,0.9998,LPath
A333L,0.9927,LPath
A333M,0.9982,LPath
A333N,0.9987,LPath
A333P,0.9993,LPath
A333Q,0.9896,LPath
A333R,0.9974,LPath
A333S,0.6636,LPath
A333T,0.9974,LPath
A333V,0.999,LPath
A333W,0.9995,LPath
A333Y,0.9986,LPath
R334A,0.9992,LPath
R334C,0.9995,LPath
R334D,0.9993,LPath
R334E,0.9964,LPath
R334F,0.9999,LPath
R334G,0.9979,LPath
R334H,0.9991,LPath
R334I,0.9999,LPath
R334K,0.9952,LPath
R334L,0.9987,LPath
R334M,0.9999,LPath
R334N,0.9998,LPath
R334P,0.9997,LPath
R334Q,0.998,LPath
R334S,0.9997,LPath
R334T,0.9998,LPath
R334V,0.9997,LPath
R334W,0.9989,LPath
R334Y,0.9997,LPath
G335A,0.9993,LPath
G335C,0.9999,LPath
G335D,0.9999,LPath
G335E,0.9999,LPath
G335F,0.9999,LPath
G335H,1.0,LPath
G335I,0.9999,LPath
G335K,1.0,LPath
G335L,0.9999,LPath
G335M,1.0,LPath
G335N,1.0,LPath
G335P,1.0,LPath
G335Q,1.0,LPath
G335R,1.0,LPath
G335S,0.9998,LPath
G335T,0.9997,LPath
G335V,0.9998,LPath
G335W,1.0,LPath
G335Y,1.0,LPath
I336A,0.996,LPath
I336C,0.9997,LPath
I336D,0.9998,LPath
I336E,0.9991,LPath
I336F,0.9903,LPath
I336G,0.9994,LPath
I336H,0.9999,LPath
I336K,0.9996,LPath
I336L,0.7968,LPath
I336M,0.9436,LPath
I336N,0.9992,LPath
I336P,0.9994,LPath
I336Q,0.9997,LPath
I336R,0.999,LPath
I336S,0.9989,LPath
I336T,0.9972,LPath
I336V,0.8222,LPath
I336W,0.9989,LPath
I336Y,0.9989,LPath
D337A,0.9995,LPath
D337C,1.0,LPath
D337E,0.9997,LPath
D337F,0.9998,LPath
D337G,0.9997,LPath
D337H,0.9997,LPath
D337I,0.9999,LPath
D337K,0.9999,LPath
D337L,0.9998,LPath
D337M,1.0,LPath
D337N,0.9991,LPath
D337P,0.9997,LPath
D337Q,0.9999,LPath
D337R,0.9998,LPath
D337S,0.9991,LPath
D337T,0.9999,LPath
D337V,0.9998,LPath
D337W,0.9999,LPath
D337Y,0.9992,LPath
V338A,0.9977,LPath
V338C,0.9956,LPath
V338D,0.9996,LPath
V338E,0.999,LPath
V338F,0.9952,LPath
V338G,0.9956,LPath
V338H,0.9997,LPath
V338I,0.6292,LPath
V338K,0.9995,LPath
V338L,0.9974,LPath
V338M,0.9966,LPath
V338N,0.9979,LPath
V338P,0.9993,LPath
V338Q,0.9985,LPath
V338R,0.9977,LPath
V338S,0.9945,LPath
V338T,0.988,LPath
V338W,0.9998,LPath
V338Y,0.9991,LPath
Q339A,0.815,LPath
Q339C,0.9981,LPath
Q339D,0.9974,LPath
Q339E,0.9365,LPath
Q339F,0.997,LPath
Q339G,0.9267,LPath
Q339H,0.996,LPath
Q339I,0.9956,LPath
Q339K,0.9937,LPath
Q339L,0.9746,LPath
Q339M,0.9557,LPath
Q339N,0.9588,LPath
Q339P,0.9224,LPath
Q339R,0.9897,LPath
Q339S,0.7816,LPath
Q339T,0.9207,LPath
Q339V,0.9855,LPath
Q339W,0.9979,LPath
Q339Y,0.9982,LPath
Q340A,0.6521,LPath
Q340C,0.9952,LPath
Q340D,0.9894,LPath
Q340E,0.8717,LPath
Q340F,0.9878,LPath
Q340G,0.7273,LPath
Q340H,0.9801,LPath
Q340I,0.9858,LPath
Q340K,0.9844,LPath
Q340L,0.9354,LPath
Q340M,0.8059,LPath
Q340N,0.7855,LPath
Q340P,0.9905,LPath
Q340R,0.9829,LPath
Q340S,0.6014,LPath
Q340T,0.6977,LPath
Q340V,0.9471,LPath
Q340W,0.9945,LPath
Q340Y,0.9926,LPath
V341A,0.9959,LPath
V341C,0.9942,LPath
V341D,0.9993,LPath
V341E,0.9988,LPath
V341F,0.9966,LPath
V341G,0.9826,LPath
V341H,0.9998,LPath
V341I,0.5911,LPath
V341K,0.9992,LPath
V341L,0.9884,LPath
V341M,0.9954,LPath
V341N,0.9964,LPath
V341P,0.9985,LPath
V341Q,0.9989,LPath
V341R,0.9978,LPath
V341S,0.9957,LPath
V341T,0.9884,LPath
V341W,0.9999,LPath
V341Y,0.9992,LPath
S342A,0.7569,LPath
S342C,0.9502,LPath
S342D,0.9957,LPath
S342E,0.9935,LPath
S342F,0.9966,LPath
S342G,0.8871,LPath
S342H,0.9931,LPath
S342I,0.9959,LPath
S342K,0.9996,LPath
S342L,0.9914,LPath
S342M,0.9833,LPath
S342N,0.9688,LPath
S342P,0.9968,LPath
S342Q,0.9831,LPath
S342R,0.9991,LPath
S342T,0.91,LPath
S342V,0.9925,LPath
S342W,0.9963,LPath
S342Y,0.995,LPath
L343A,0.9748,LPath
L343C,0.9707,LPath
L343D,0.9998,LPath
L343E,0.9991,LPath
L343F,0.9732,LPath
L343G,0.9963,LPath
L343H,0.9981,LPath
L343I,0.7304,LPath
L343K,0.9986,LPath
L343M,0.7007,LPath
L343N,0.9974,LPath
L343P,0.9998,LPath
L343Q,0.9976,LPath
L343R,0.9974,LPath
L343S,0.9973,LPath
L343T,0.9762,LPath
L343V,0.6609,LPath
L343W,0.9976,LPath
L343Y,0.997,LPath
V344A,0.9966,LPath
V344C,0.9926,LPath
V344D,0.9994,LPath
V344E,0.9992,LPath
V344F,0.9973,LPath
V344G,0.9897,LPath
V344H,0.9997,LPath
V344I,0.6203,LPath
V344K,0.9995,LPath
V344L,0.9962,LPath
V344M,0.9977,LPath
V344N,0.9969,LPath
V344P,0.9989,LPath
V344Q,0.9986,LPath
V344R,0.9976,LPath
V344S,0.9895,LPath
V344T,0.9801,LPath
V344W,0.9999,LPath
V344Y,0.9995,LPath
I345A,0.9959,LPath
I345C,0.9869,LPath
I345D,0.9999,LPath
I345E,0.9997,LPath
I345F,0.9456,LPath
I345G,0.9994,LPath
I345H,0.9998,LPath
I345K,0.9997,LPath
I345L,0.6974,LPath
I345M,0.8235,LPath
I345N,0.9991,LPath
I345P,0.9997,LPath
I345Q,0.9996,LPath
I345R,0.9993,LPath
I345S,0.9982,LPath
I345T,0.9961,LPath
I345V,0.2903,LBen
I345W,0.9989,LPath
I345Y,0.9975,LPath
N346A,0.9823,LPath
N346C,0.6734,LPath
N346D,0.9983,LPath
N346E,0.9993,LPath
N346F,0.9988,LPath
N346G,0.987,LPath
N346H,0.9906,LPath
N346I,0.9924,LPath
N346K,0.9999,LPath
N346L,0.9763,LPath
N346M,0.9923,LPath
N346P,0.9966,LPath
N346Q,0.9972,LPath
N346R,0.9994,LPath
N346S,0.7545,LPath
N346T,0.9743,LPath
N346V,0.9833,LPath
N346W,0.9998,LPath
N346Y,0.9973,LPath
Y347A,0.9944,LPath
Y347C,0.9345,LPath
Y347D,0.9977,LPath
Y347E,0.9994,LPath
Y347F,0.1315,LBen
Y347G,0.9867,LPath
Y347H,0.9897,LPath
Y347I,0.9867,LPath
Y347K,0.9995,LPath
Y347L,0.9633,LPath
Y347M,0.984,LPath
Y347N,0.9913,LPath
Y347P,0.9993,LPath
Y347Q,0.9991,LPath
Y347R,0.998,LPath
Y347S,0.9877,LPath
Y347T,0.995,LPath
Y347V,0.9674,LPath
Y347W,0.8198,LPath
D348A,0.9935,LPath
D348C,0.9974,LPath
D348E,0.9672,LPath
D348F,0.9993,LPath
D348G,0.9935,LPath
D348H,0.9975,LPath
D348I,0.9995,LPath
D348K,0.9995,LPath
D348L,0.9985,LPath
D348M,0.9997,LPath
D348N,0.9857,LPath
D348P,0.9997,LPath
D348Q,0.9974,LPath
D348R,0.9986,LPath
D348S,0.986,LPath
D348T,0.9979,LPath
D348V,0.9977,LPath
D348W,0.9999,LPath
D348Y,0.9967,LPath
L349A,0.9656,LPath
L349C,0.9465,LPath
L349D,0.9997,LPath
L349E,0.9986,LPath
L349F,0.8872,LPath
L349G,0.9951,LPath
L349H,0.9964,LPath
L349I,0.3206,LBen
L349K,0.9979,LPath
L349M,0.4634,Amb
L349N,0.9951,LPath
L349P,0.9841,LPath
L349Q,0.9943,LPath
L349R,0.997,LPath
L349S,0.9939,LPath
L349T,0.9613,LPath
L349V,0.4121,Amb
L349W,0.9933,LPath
L349Y,0.9927,LPath
P350A,0.9702,LPath
P350C,0.9962,LPath
P350D,0.9996,LPath
P350E,0.9996,LPath
P350F,0.9999,LPath
P350G,0.9936,LPath
P350H,0.9992,LPath
P350I,0.9997,LPath
P350K,0.9998,LPath
P350L,0.998,LPath
P350M,0.9996,LPath
P350N,0.9994,LPath
P350Q,0.9995,LPath
P350R,0.9993,LPath
P350S,0.9944,LPath
P350T,0.9943,LPath
P350V,0.9977,LPath
P350W,1.0,LPath
P350Y,0.9999,LPath
T351A,0.1376,LBen
T351C,0.5645,LPath
T351D,0.9363,LPath
T351E,0.9185,LPath
T351F,0.7388,LPath
T351G,0.2053,LBen
T351H,0.7492,LPath
T351I,0.5994,LPath
T351K,0.8959,LPath
T351L,0.2672,LBen
T351M,0.2705,LBen
T351N,0.3355,LBen
T351P,0.4571,Amb
T351Q,0.5925,LPath
T351R,0.8596,LPath
T351S,0.1514,LBen
T351V,0.3086,LBen
T351W,0.9498,LPath
T351Y,0.821,LPath
N352A,0.4198,Amb
N352C,0.4052,Amb
N352D,0.753,LPath
N352E,0.9126,LPath
N352F,0.8298,LPath
N352G,0.5269,Amb
N352H,0.4672,Amb
N352I,0.5886,LPath
N352K,0.9481,LPath
N352L,0.4204,Amb
N352M,0.63,LPath
N352P,0.9595,LPath
N352Q,0.7326,LPath
N352R,0.9095,LPath
N352S,0.1332,LBen
N352T,0.3206,LBen
N352V,0.4072,Amb
N352W,0.9649,LPath
N352Y,0.6323,LPath
R353A,0.9846,LPath
R353C,0.9644,LPath
R353D,0.9964,LPath
R353E,0.97,LPath
R353F,0.9976,LPath
R353G,0.9856,LPath
R353H,0.9346,LPath
R353I,0.9829,LPath
R353K,0.6107,LPath
R353L,0.9709,LPath
R353M,0.9911,LPath
R353N,0.997,LPath
R353P,0.9676,LPath
R353Q,0.8576,LPath
R353S,0.9948,LPath
R353T,0.9873,LPath
R353V,0.9751,LPath
R353W,0.9827,LPath
R353Y,0.9928,LPath
E354A,0.9832,LPath
E354C,0.9982,LPath
E354D,0.9578,LPath
E354F,0.9995,LPath
E354G,0.9771,LPath
E354H,0.9983,LPath
E354I,0.9984,LPath
E354K,0.9963,LPath
E354L,0.9981,LPath
E354M,0.9984,LPath
E354N,0.9949,LPath
E354P,0.9983,LPath
E354Q,0.9742,LPath
E354R,0.9929,LPath
E354S,0.9878,LPath
E354T,0.9946,LPath
E354V,0.9943,LPath
E354W,0.9997,LPath
E354Y,0.9987,LPath
N355A,0.8218,LPath
N355C,0.8494,LPath
N355D,0.9584,LPath
N355E,0.9867,LPath
N355F,0.978,LPath
N355G,0.8627,LPath
N355H,0.9254,LPath
N355I,0.9127,LPath
N355K,0.9945,LPath
N355L,0.8246,LPath
N355M,0.8877,LPath
N355P,0.9971,LPath
N355Q,0.9684,LPath
N355R,0.9925,LPath
N355S,0.5354,Amb
N355T,0.6893,LPath
N355V,0.8351,LPath
N355W,0.9958,LPath
N355Y,0.9039,LPath
Y356A,0.9983,LPath
Y356C,0.997,LPath
Y356D,0.9987,LPath
Y356E,0.9998,LPath
Y356F,0.7697,LPath
Y356G,0.9939,LPath
Y356H,0.9991,LPath
Y356I,0.9959,LPath
Y356K,0.9998,LPath
Y356L,0.9659,LPath
Y356M,0.9979,LPath
Y356N,0.996,LPath
Y356P,0.9981,LPath
Y356Q,0.9999,LPath
Y356R,0.9993,LPath
Y356S,0.9939,LPath
Y356T,0.9979,LPath
Y356V,0.9851,LPath
Y356W,0.9831,LPath
I357A,0.9963,LPath
I357C,0.9989,LPath
I357D,0.9999,LPath
I357E,0.9995,LPath
I357F,0.9918,LPath
I357G,0.9995,LPath
I357H,0.9998,LPath
I357K,0.9994,LPath
I357L,0.6326,LPath
I357M,0.9565,LPath
I357N,0.9993,LPath
I357P,0.9974,LPath
I357Q,0.9994,LPath
I357R,0.9978,LPath
I357S,0.9979,LPath
I357T,0.9962,LPath
I357V,0.7349,LPath
I357W,0.9993,LPath
I357Y,0.9987,LPath
H358A,0.9998,LPath
H358C,0.9983,LPath
H358D,0.9999,LPath
H358E,0.9999,LPath
H358F,0.9962,LPath
H358G,0.9995,LPath
H358I,0.9999,LPath
H358K,0.9996,LPath
H358L,0.998,LPath
H358M,0.9997,LPath
H358N,0.9997,LPath
H358P,0.9967,LPath
H358Q,0.9995,LPath
H358R,0.9994,LPath
H358S,0.9995,LPath
H358T,0.9999,LPath
H358V,0.9999,LPath
H358W,0.9766,LPath
H358Y,0.9981,LPath
R359A,0.9996,LPath
R359C,0.9977,LPath
R359D,0.9998,LPath
R359E,0.9989,LPath
R359F,1.0,LPath
R359G,0.9992,LPath
R359H,0.998,LPath
R359I,0.9998,LPath
R359K,0.9966,LPath
R359L,0.9987,LPath
R359M,1.0,LPath
R359N,0.9998,LPath
R359P,0.9998,LPath
R359Q,0.9979,LPath
R359S,0.9998,LPath
R359T,0.9999,LPath
R359V,0.9996,LPath
R359W,0.9995,LPath
R359Y,0.9997,LPath
I360A,0.9801,LPath
I360C,0.9986,LPath
I360D,0.9999,LPath
I360E,0.9992,LPath
I360F,0.9983,LPath
I360G,0.9989,LPath
I360H,0.9999,LPath
I360K,0.9996,LPath
I360L,0.9769,LPath
I360M,0.9637,LPath
I360N,0.9994,LPath
I360P,0.9992,LPath
I360Q,0.9996,LPath
I360R,0.9989,LPath
I360S,0.9948,LPath
I360T,0.9766,LPath
I360V,0.6797,LPath
I360W,0.9998,LPath
I360Y,0.9998,LPath
G361A,0.9983,LPath
G361C,0.9996,LPath
G361D,0.9999,LPath
G361E,0.9999,LPath
G361F,0.9999,LPath
G361H,1.0,LPath
G361I,0.9998,LPath
G361K,1.0,LPath
G361L,0.9998,LPath
G361M,1.0,LPath
G361N,1.0,LPath
G361P,0.9999,LPath
G361Q,0.9999,LPath
G361R,0.9999,LPath
G361S,0.9988,LPath
G361T,0.9993,LPath
G361V,0.9997,LPath
G361W,0.9999,LPath
G361Y,0.9999,LPath
R362A,0.9996,LPath
R362C,0.9998,LPath
R362D,0.9997,LPath
R362E,0.9983,LPath
R362F,0.9998,LPath
R362G,0.999,LPath
R362H,0.9996,LPath
R362I,0.9998,LPath
R362K,0.9977,LPath
R362L,0.999,LPath
R362M,1.0,LPath
R362N,0.9999,LPath
R362P,0.9997,LPath
R362Q,0.9994,LPath
R362S,0.9999,LPath
R362T,0.9999,LPath
R362V,0.9998,LPath
R362W,0.9995,LPath
R362Y,0.9998,LPath
G363A,0.7208,LPath
G363C,0.9513,LPath
G363D,0.999,LPath
G363E,0.9993,LPath
G363F,0.9994,LPath
G363H,0.9995,LPath
G363I,0.9969,LPath
G363K,0.9998,LPath
G363L,0.9972,LPath
G363M,0.9964,LPath
G363N,0.998,LPath
G363P,0.9995,LPath
G363Q,0.9986,LPath
G363R,0.9995,LPath
G363S,0.6359,LPath
G363T,0.8715,LPath
G363V,0.9866,LPath
G363W,0.9995,LPath
G363Y,0.9995,LPath
G364A,0.9927,LPath
G364C,0.9993,LPath
G364D,0.9998,LPath
G364E,0.9998,LPath
G364F,0.9995,LPath
G364H,1.0,LPath
G364I,0.9997,LPath
G364K,0.9999,LPath
G364L,0.9995,LPath
G364M,0.9998,LPath
G364N,0.9998,LPath
G364P,0.9998,LPath
G364Q,0.9998,LPath
G364R,0.9996,LPath
G364S,0.9979,LPath
G364T,0.9991,LPath
G364V,0.9993,LPath
G364W,0.9997,LPath
G364Y,0.9998,LPath
R365A,0.9995,LPath
R365C,0.9998,LPath
R365D,0.9993,LPath
R365E,0.998,LPath
R365F,0.9997,LPath
R365G,0.9987,LPath
R365H,0.9995,LPath
R365I,0.9997,LPath
R365K,0.9958,LPath
R365L,0.999,LPath
R365M,1.0,LPath
R365N,0.9997,LPath
R365P,0.9987,LPath
R365Q,0.999,LPath
R365S,0.9997,LPath
R365T,0.9998,LPath
R365V,0.9997,LPath
R365W,0.9994,LPath
R365Y,0.9995,LPath
F366A,0.9991,LPath
F366C,0.9994,LPath
F366D,0.9996,LPath
F366E,0.9998,LPath
F366G,0.9977,LPath
F366H,0.9953,LPath
F366I,0.9997,LPath
F366K,0.9997,LPath
F366L,0.9999,LPath
F366M,0.999,LPath
F366N,0.9984,LPath
F366P,1.0,LPath
F366Q,0.9993,LPath
F366R,0.9989,LPath
F366S,0.9991,LPath
F366T,0.9997,LPath
F366V,0.9995,LPath
F366W,0.9305,LPath
F366Y,0.7587,LPath
G367A,0.9959,LPath
G367C,0.999,LPath
G367D,0.9997,LPath
G367E,0.9998,LPath
G367F,0.9994,LPath
G367H,0.9999,LPath
G367I,0.9998,LPath
G367K,0.9999,LPath
G367L,0.9991,LPath
G367M,0.9999,LPath
G367N,0.9996,LPath
G367P,0.9996,LPath
G367Q,0.9995,LPath
G367R,0.9993,LPath
G367S,0.9956,LPath
G367T,0.999,LPath
G367V,0.9995,LPath
G367W,0.9996,LPath
G367Y,0.9997,LPath
R368A,0.9981,LPath
R368C,0.9962,LPath
R368D,0.9987,LPath
R368E,0.9939,LPath
R368F,0.9989,LPath
R368G,0.993,LPath
R368H,0.9883,LPath
R368I,0.999,LPath
R368K,0.9324,LPath
R368L,0.9948,LPath
R368M,0.9994,LPath
R368N,0.9989,LPath
R368P,0.9993,LPath
R368Q,0.9818,LPath
R368S,0.999,LPath
R368T,0.9989,LPath
R368V,0.9985,LPath
R368W,0.9958,LPath
R368Y,0.9973,LPath
K369A,0.988,LPath
K369C,0.9946,LPath
K369D,0.9968,LPath
K369E,0.9942,LPath
K369F,0.9986,LPath
K369G,0.9823,LPath
K369H,0.9692,LPath
K369I,0.9959,LPath
K369L,0.9901,LPath
K369M,0.9881,LPath
K369N,0.9969,LPath
K369P,0.9886,LPath
K369Q,0.9535,LPath
K369R,0.3502,Amb
K369S,0.9946,LPath
K369T,0.9797,LPath
K369V,0.99,LPath
K369W,0.9975,LPath
K369Y,0.9948,LPath
G370A,0.985,LPath
G370C,0.9985,LPath
G370D,0.9995,LPath
G370E,0.9997,LPath
G370F,0.9996,LPath
G370H,0.9999,LPath
G370I,0.9993,LPath
G370K,0.9999,LPath
G370L,0.9996,LPath
G370M,0.9996,LPath
G370N,0.9997,LPath
G370P,0.9999,LPath
G370Q,0.9998,LPath
G370R,0.9997,LPath
G370S,0.9959,LPath
G370T,0.9964,LPath
G370V,0.9977,LPath
G370W,0.9997,LPath
G370Y,0.9997,LPath
V371A,0.9292,LPath
V371C,0.9516,LPath
V371D,0.9984,LPath
V371E,0.9959,LPath
V371F,0.9337,LPath
V371G,0.9515,LPath
V371H,0.9981,LPath
V371I,0.3621,Amb
V371K,0.9968,LPath
V371L,0.9626,LPath
V371M,0.9448,LPath
V371N,0.9905,LPath
V371P,0.9987,LPath
V371Q,0.994,LPath
V371R,0.9905,LPath
V371S,0.9666,LPath
V371T,0.8892,LPath
V371W,0.9978,LPath
V371Y,0.9924,LPath
A372C,0.9576,LPath
A372D,0.9997,LPath
A372E,0.9996,LPath
A372F,0.998,LPath
A372G,0.7548,LPath
A372H,0.9994,LPath
A372I,0.9983,LPath
A372K,0.9999,LPath
A372L,0.9918,LPath
A372M,0.9967,LPath
A372N,0.9981,LPath
A372P,0.9995,LPath
A372Q,0.9975,LPath
A372R,0.9991,LPath
A372S,0.4811,Amb
A372T,0.9773,LPath
A372V,0.9896,LPath
A372W,0.9998,LPath
A372Y,0.9995,LPath
I373A,0.9953,LPath
I373C,0.994,LPath
I373D,0.9999,LPath
I373E,0.9998,LPath
I373F,0.9735,LPath
I373G,0.9995,LPath
I373H,0.9999,LPath
I373K,0.9998,LPath
I373L,0.75,LPath
I373M,0.897,LPath
I373N,0.9996,LPath
I373P,0.9997,LPath
I373Q,0.9998,LPath
I373R,0.9994,LPath
I373S,0.9986,LPath
I373T,0.9976,LPath
I373V,0.2803,LBen
I373W,0.9991,LPath
I373Y,0.9982,LPath
N374A,0.9163,LPath
N374C,0.6869,LPath
N374D,0.9771,LPath
N374E,0.9983,LPath
N374F,0.9981,LPath
N374G,0.9348,LPath
N374H,0.9558,LPath
N374I,0.9851,LPath
N374K,0.9997,LPath
N374L,0.9586,LPath
N374M,0.9765,LPath
N374P,0.9976,LPath
N374Q,0.9944,LPath
N374R,0.9993,LPath
N374S,0.2094,LBen
N374T,0.6162,LPath
N374V,0.9494,LPath
N374W,0.9996,LPath
N374Y,0.9942,LPath
M375A,0.9513,LPath
M375C,0.8323,LPath
M375D,0.9995,LPath
M375E,0.9978,LPath
M375F,0.1791,LBen
M375G,0.9901,LPath
M375H,0.9914,LPath
M375I,0.713,LPath
M375K,0.9953,LPath
M375L,0.186,LBen
M375N,0.9948,LPath
M375P,0.9986,LPath
M375Q,0.9849,LPath
M375R,0.9938,LPath
M375S,0.9887,LPath
M375T,0.9439,LPath
M375V,0.3039,LBen
M375W,0.9643,LPath
M375Y,0.9334,LPath
V376A,0.833,LPath
V376C,0.843,LPath
V376D,0.9984,LPath
V376E,0.9932,LPath
V376F,0.8933,LPath
V376G,0.9326,LPath
V376H,0.9965,LPath
V376I,0.1163,LBen
V376K,0.9954,LPath
V376L,0.522,Amb
V376M,0.6355,LPath
V376N,0.9878,LPath
V376P,0.9974,LPath
V376Q,0.985,LPath
V376R,0.9907,LPath
V376S,0.9577,LPath
V376T,0.8602,LPath
V376W,0.997,LPath
V376Y,0.9854,LPath
T377A,0.3698,Amb
T377C,0.419,Amb
T377D,0.9483,LPath
T377E,0.9375,LPath
T377F,0.9462,LPath
T377G,0.5152,Amb
T377H,0.8627,LPath
T377I,0.8698,LPath
T377K,0.8481,LPath
T377L,0.5558,Amb
T377M,0.4719,Amb
T377N,0.6477,LPath
T377P,0.882,LPath
T377Q,0.7767,LPath
T377R,0.7812,LPath
T377S,0.3505,Amb
T377V,0.5773,LPath
T377W,0.9778,LPath
T377Y,0.9547,LPath
E378A,0.1739,LBen
E378C,0.826,LPath
E378D,0.0851,LBen
E378F,0.8547,LPath
E378G,0.2127,LBen
E378H,0.5905,LPath
E378I,0.5145,Amb
E378K,0.4277,Amb
E378L,0.474,Amb
E378M,0.5722,LPath
E378N,0.2424,LBen
E378P,0.5828,LPath
E378Q,0.2388,LBen
E378R,0.5321,Amb
E378S,0.2062,LBen
E378T,0.2494,LBen
E378V,0.3358,LBen
E378W,0.9406,LPath
E378Y,0.7631,LPath
E379A,0.3585,Amb
E379C,0.9248,LPath
E379D,0.0727,LBen
E379F,0.9202,LPath
E379G,0.3662,Amb
E379H,0.7974,LPath
E379I,0.7708,LPath
E379K,0.6617,LPath
E379L,0.7473,LPath
E379M,0.7871,LPath
E379N,0.4063,Amb
E379P,0.8885,LPath
E379Q,0.4552,Amb
E379R,0.7249,LPath
E379S,0.4203,Amb
E379T,0.4681,Amb
E379V,0.6077,LPath
E379W,0.9632,LPath
E379Y,0.8442,LPath
D380A,0.9791,LPath
D380C,0.9905,LPath
D380E,0.723,LPath
D380F,0.9983,LPath
D380G,0.9645,LPath
D380H,0.991,LPath
D380I,0.9975,LPath
D380K,0.9944,LPath
D380L,0.996,LPath
D380M,0.9968,LPath
D380N,0.9037,LPath
D380P,0.9995,LPath
D380Q,0.9789,LPath
D380R,0.9951,LPath
D380S,0.9677,LPath
D380T,0.9879,LPath
D380V,0.99,LPath
D380W,0.9994,LPath
D380Y,0.9887,LPath
K381A,0.4636,Amb
K381C,0.5555,Amb
K381D,0.8485,LPath
K381E,0.436,Amb
K381F,0.8018,LPath
K381G,0.5417,Amb
K381H,0.3552,Amb
K381I,0.4475,Amb
K381L,0.4282,Amb
K381M,0.3683,Amb
K381N,0.7436,LPath
K381P,0.9768,LPath
K381Q,0.1509,LBen
K381R,0.0765,LBen
K381S,0.6078,LPath
K381T,0.3305,LBen
K381V,0.3523,Amb
K381W,0.7755,LPath
K381Y,0.7183,LPath
R382A,0.734,LPath
R382C,0.6599,LPath
R382D,0.8767,LPath
R382E,0.7771,LPath
R382F,0.8743,LPath
R382G,0.5941,LPath
R382H,0.3748,Amb
R382I,0.7983,LPath
R382K,0.2389,LBen
R382L,0.6835,LPath
R382M,0.7962,LPath
R382N,0.835,LPath
R382P,0.8488,LPath
R382Q,0.3748,Amb
R382S,0.8413,LPath
R382T,0.7704,LPath
R382V,0.7474,LPath
R382W,0.6851,LPath
R382Y,0.7698,LPath
T383A,0.1222,LBen
T383C,0.287,LBen
T383D,0.8224,LPath
T383E,0.7677,LPath
T383F,0.3147,LBen
T383G,0.2806,LBen
T383H,0.5134,Amb
T383I,0.1415,LBen
T383K,0.7995,LPath
T383L,0.1022,LBen
T383M,0.0994,LBen
T383N,0.1807,LBen
T383P,0.6019,LPath
T383Q,0.4268,Amb
T383R,0.7664,LPath
T383S,0.163,LBen
T383V,0.1045,LBen
T383W,0.7912,LPath
T383Y,0.4431,Amb
L384A,0.9484,LPath
L384C,0.9333,LPath
L384D,0.9997,LPath
L384E,0.9962,LPath
L384F,0.8775,LPath
L384G,0.9933,LPath
L384H,0.9925,LPath
L384I,0.3857,Amb
L384K,0.9915,LPath
L384M,0.2995,LBen
L384N,0.9955,LPath
L384P,0.999,LPath
L384Q,0.9693,LPath
L384R,0.986,LPath
L384S,0.9926,LPath
L384T,0.9688,LPath
L384V,0.3887,Amb
L384W,0.9832,LPath
L384Y,0.9847,LPath
R385A,0.4816,Amb
R385C,0.3519,Amb
R385D,0.8128,LPath
R385E,0.5338,Amb
R385F,0.731,LPath
R385G,0.43,Amb
R385H,0.1275,LBen
R385I,0.5883,LPath
R385K,0.1085,LBen
R385L,0.4072,Amb
R385M,0.5037,Amb
R385N,0.6869,LPath
R385P,0.9836,LPath
R385Q,0.1463,LBen
R385S,0.6217,LPath
R385T,0.4616,Amb
R385V,0.553,Amb
R385W,0.4988,Amb
R385Y,0.5973,LPath
D386A,0.8933,LPath
D386C,0.9904,LPath
D386E,0.6232,LPath
D386F,0.9847,LPath
D386G,0.8924,LPath
D386H,0.9662,LPath
D386I,0.9876,LPath
D386K,0.9823,LPath
D386L,0.9694,LPath
D386M,0.9874,LPath
D386N,0.7931,LPath
D386P,0.9987,LPath
D386Q,0.9503,LPath
D386R,0.9789,LPath
D386S,0.8579,LPath
D386T,0.9544,LPath
D386V,0.9597,LPath
D386W,0.9972,LPath
D386Y,0.9316,LPath
I387A,0.9774,LPath
I387C,0.9909,LPath
I387D,0.9996,LPath
I387E,0.9985,LPath
I387F,0.9422,LPath
I387G,0.9986,LPath
I387H,0.9992,LPath
I387K,0.9985,LPath
I387L,0.4089,Amb
I387M,0.5718,LPath
I387N,0.9969,LPath
I387P,0.9993,LPath
I387Q,0.9985,LPath
I387R,0.9974,LPath
I387S,0.9927,LPath
I387T,0.9126,LPath
I387V,0.3061,LBen
I387W,0.9965,LPath
I387Y,0.9943,LPath
E388A,0.8668,LPath
E388C,0.9773,LPath
E388D,0.9956,LPath
E388F,0.9992,LPath
E388G,0.9308,LPath
E388H,0.9973,LPath
E388I,0.9922,LPath
E388K,0.9812,LPath
E388L,0.9946,LPath
E388M,0.9707,LPath
E388N,0.995,LPath
E388P,0.9998,LPath
E388Q,0.5879,LPath
E388R,0.9727,LPath
E388S,0.9257,LPath
E388T,0.9623,LPath
E388V,0.9718,LPath
E388W,0.9999,LPath
E388Y,0.9992,LPath
T389A,0.0716,LBen
T389C,0.2641,LBen
T389D,0.4898,Amb
T389E,0.3547,Amb
T389F,0.3204,LBen
T389G,0.1453,LBen
T389H,0.2325,LBen
T389I,0.202,LBen
T389K,0.378,Amb
T389L,0.1078,LBen
T389M,0.0917,LBen
T389N,0.0925,LBen
T389P,0.9688,LPath
T389Q,0.1575,LBen
T389R,0.3738,Amb
T389S,0.0841,LBen
T389V,0.1318,LBen
T389W,0.7782,LPath
T389Y,0.3691,Amb
F390A,0.9959,LPath
F390C,0.9702,LPath
F390D,0.9992,LPath
F390E,0.9988,LPath
F390G,0.9986,LPath
F390H,0.8441,LPath
F390I,0.9885,LPath
F390K,0.9985,LPath
F390L,0.9988,LPath
F390M,0.9892,LPath
F390N,0.9933,LPath
F390P,1.0,LPath
F390Q,0.9959,LPath
F390R,0.9948,LPath
F390S,0.9952,LPath
F390T,0.9949,LPath
F390V,0.9805,LPath
F390W,0.7887,LPath
F390Y,0.2755,LBen
Y391A,0.997,LPath
Y391C,0.9585,LPath
Y391D,0.999,LPath
Y391E,0.9995,LPath
Y391F,0.716,LPath
Y391G,0.9782,LPath
Y391H,0.9969,LPath
Y391I,0.9969,LPath
Y391K,0.9995,LPath
Y391L,0.9452,LPath
Y391M,0.9969,LPath
Y391N,0.9934,LPath
Y391P,0.9981,LPath
Y391Q,0.9995,LPath
Y391R,0.9965,LPath
Y391S,0.9872,LPath
Y391T,0.9963,LPath
Y391V,0.987,LPath
Y391W,0.9525,LPath
N392A,0.3182,LBen
N392C,0.273,LBen
N392D,0.435,Amb
N392E,0.6662,LPath
N392F,0.8287,LPath
N392G,0.2638,LBen
N392H,0.1433,LBen
N392I,0.8519,LPath
N392K,0.666,LPath
N392L,0.5504,Amb
N392M,0.6504,LPath
N392P,0.9835,LPath
N392Q,0.357,Amb
N392R,0.5194,Amb
N392S,0.0922,LBen
N392T,0.3557,Amb
N392V,0.6922,LPath
N392W,0.9404,LPath
N392Y,0.4952,Amb
T393A,0.7673,LPath
T393C,0.7646,LPath
T393D,0.9938,LPath
T393E,0.9918,LPath
T393F,0.9829,LPath
T393G,0.9328,LPath
T393H,0.9798,LPath
T393I,0.9175,LPath
T393K,0.982,LPath
T393L,0.8841,LPath
T393M,0.8847,LPath
T393N,0.9608,LPath
T393P,0.9835,LPath
T393Q,0.9685,LPath
T393R,0.969,LPath
T393S,0.8605,LPath
T393V,0.7217,LPath
T393W,0.9972,LPath
T393Y,0.9905,LPath
S394A,0.0687,LBen
S394C,0.1235,LBen
S394D,0.5003,Amb
S394E,0.4121,Amb
S394F,0.3649,Amb
S394G,0.1359,LBen
S394H,0.2355,LBen
S394I,0.211,LBen
S394K,0.5022,Amb
S394L,0.1704,LBen
S394M,0.1704,LBen
S394N,0.1273,LBen
S394P,0.8354,LPath
S394Q,0.2233,LBen
S394R,0.4972,Amb
S394T,0.0546,LBen
S394V,0.1311,LBen
S394W,0.6736,LPath
S394Y,0.3446,Amb
I395A,0.9669,LPath
I395C,0.9734,LPath
I395D,0.9996,LPath
I395E,0.9985,LPath
I395F,0.9437,LPath
I395G,0.9972,LPath
I395H,0.9992,LPath
I395K,0.9985,LPath
I395L,0.6758,LPath
I395M,0.6871,LPath
I395N,0.9962,LPath
I395P,0.9895,LPath
I395Q,0.9977,LPath
I395R,0.9971,LPath
I395S,0.9869,LPath
I395T,0.9568,LPath
I395V,0.1086,LBen
I395W,0.9984,LPath
I395Y,0.9973,LPath
E396A,0.4761,Amb
E396C,0.9524,LPath
E396D,0.1851,LBen
E396F,0.9678,LPath
E396G,0.6085,LPath
E396H,0.8623,LPath
E396I,0.7733,LPath
E396K,0.6823,LPath
E396L,0.7629,LPath
E396M,0.8232,LPath
E396N,0.6367,LPath
E396P,0.9358,LPath
E396Q,0.3899,Amb
E396R,0.7409,LPath
E396S,0.5157,Amb
E396T,0.5174,Amb
E396V,0.5666,LPath
E396W,0.9893,LPath
E396Y,0.9525,LPath
E397A,0.7821,LPath
E397C,0.9896,LPath
E397D,0.8667,LPath
E397F,0.9971,LPath
E397G,0.8979,LPath
E397H,0.9912,LPath
E397I,0.9694,LPath
E397K,0.9498,LPath
E397L,0.9733,LPath
E397M,0.9713,LPath
E397N,0.9642,LPath
E397P,0.8329,LPath
E397Q,0.7834,LPath
E397R,0.9494,LPath
E397S,0.9361,LPath
E397T,0.9489,LPath
E397V,0.9054,LPath
E397W,0.9993,LPath
E397Y,0.9951,LPath
M398A,0.9907,LPath
M398C,0.9577,LPath
M398D,0.9998,LPath
M398E,0.9991,LPath
M398F,0.9311,LPath
M398G,0.9966,LPath
M398H,0.9987,LPath
M398I,0.9913,LPath
M398K,0.9976,LPath
M398L,0.5298,Amb
M398N,0.9979,LPath
M398P,0.9992,LPath
M398Q,0.9953,LPath
M398R,0.9985,LPath
M398S,0.9975,LPath
M398T,0.9977,LPath
M398V,0.9255,LPath
M398W,0.9976,LPath
M398Y,0.9941,LPath
P399A,0.9852,LPath
P399C,0.9989,LPath
P399D,0.9949,LPath
P399E,0.9964,LPath
P399F,0.9996,LPath
P399G,0.988,LPath
P399H,0.9962,LPath
P399I,0.9991,LPath
P399K,0.9975,LPath
P399L,0.9945,LPath
P399M,0.9989,LPath
P399N,0.9966,LPath
P399Q,0.9972,LPath
P399R,0.9946,LPath
P399S,0.9936,LPath
P399T,0.9934,LPath
P399V,0.9965,LPath
P399W,0.9997,LPath
P399Y,0.9993,LPath
L400A,0.2564,LBen
L400C,0.5991,LPath
L400D,0.8105,LPath
L400E,0.6338,LPath
L400F,0.4191,Amb
L400G,0.5097,Amb
L400H,0.5932,LPath
L400I,0.2656,LBen
L400K,0.6749,LPath
L400M,0.0928,LBen
L400N,0.4078,Amb
L400P,0.5798,LPath
L400Q,0.2973,LBen
L400R,0.6294,LPath
L400S,0.3537,Amb
L400T,0.3448,Amb
L400V,0.1657,LBen
L400W,0.7393,LPath
L400Y,0.6691,LPath
N401A,0.6784,LPath
N401C,0.7341,LPath
N401D,0.3347,LBen
N401E,0.8473,LPath
N401F,0.9499,LPath
N401G,0.6808,LPath
N401H,0.518,Amb
N401I,0.9101,LPath
N401K,0.9592,LPath
N401L,0.816,LPath
N401M,0.883,LPath
N401P,0.9007,LPath
N401Q,0.8451,LPath
N401R,0.9277,LPath
N401S,0.2432,LBen
N401T,0.6163,LPath
N401V,0.8196,LPath
N401W,0.9849,LPath
N401Y,0.7922,LPath
V402A,0.9487,LPath
V402C,0.9811,LPath
V402D,0.996,LPath
V402E,0.9916,LPath
V402F,0.874,LPath
V402G,0.9546,LPath
V402H,0.9973,LPath
V402I,0.2958,LBen
V402K,0.9945,LPath
V402L,0.8824,LPath
V402M,0.9292,LPath
V402N,0.9936,LPath
V402P,0.9812,LPath
V402Q,0.9933,LPath
V402R,0.986,LPath
V402S,0.982,LPath
V402T,0.9483,LPath
V402W,0.9966,LPath
V402Y,0.9855,LPath
A403C,0.9171,LPath
A403D,0.9734,LPath
A403E,0.9445,LPath
A403F,0.9447,LPath
A403G,0.6255,LPath
A403H,0.9599,LPath
A403I,0.9671,LPath
A403K,0.9789,LPath
A403L,0.863,LPath
A403M,0.9276,LPath
A403N,0.9153,LPath
A403P,0.9737,LPath
A403Q,0.8694,LPath
A403R,0.919,LPath
A403S,0.3953,Amb
A403T,0.7893,LPath
A403V,0.8948,LPath
A403W,0.9891,LPath
A403Y,0.9648,LPath
D404A,0.9525,LPath
D404C,0.9968,LPath
D404E,0.8125,LPath
D404F,0.9935,LPath
D404G,0.9229,LPath
D404H,0.9813,LPath
D404I,0.9955,LPath
D404K,0.9895,LPath
D404L,0.9891,LPath
D404M,0.9971,LPath
D404N,0.8611,LPath
D404P,0.9954,LPath
D404Q,0.9763,LPath
D404R,0.985,LPath
D404S,0.8868,LPath
D404T,0.9709,LPath
D404V,0.9808,LPath
D404W,0.9982,LPath
D404Y,0.9689,LPath
L405A,0.9366,LPath
L405C,0.9675,LPath
L405D,0.9946,LPath
L405E,0.9852,LPath
L405F,0.8063,LPath
L405G,0.9823,LPath
L405H,0.983,LPath
L405I,0.5684,LPath
L405K,0.9776,LPath
L405M,0.4911,Amb
L405N,0.9773,LPath
L405P,0.9984,LPath
L405Q,0.9735,LPath
L405R,0.9711,LPath
L405S,0.9896,LPath
L405T,0.9487,LPath
L405V,0.6467,LPath
L405W,0.9659,LPath
L405Y,0.9286,LPath
I406A,0.9294,LPath
I406C,0.9844,LPath
I406D,0.9961,LPath
I406E,0.9828,LPath
I406F,0.8421,LPath
I406G,0.9848,LPath
I406H,0.995,LPath
I406K,0.9884,LPath
I406L,0.2906,LBen
I406M,0.6195,LPath
I406N,0.9863,LPath
I406P,0.9721,LPath
I406Q,0.9839,LPath
I406R,0.9756,LPath
I406S,0.9721,LPath
I406T,0.9606,LPath
I406V,0.3,LBen
I406W,0.9899,LPath
I406Y,0.9757,LPath
