protein_variant,am_pathogenicity,am_class
M1A,0.7925,LPath
M1C,0.6505,LPath
M1D,0.9864,LPath
M1E,0.9605,LPath
M1F,0.4882,Amb
M1G,0.8907,LPath
M1H,0.9202,LPath
M1I,0.8087,LPath
M1K,0.825,LPath
M1L,0.3044,LBen
M1N,0.9282,LPath
M1P,0.9277,LPath
M1Q,0.7411,LPath
M1R,0.7484,LPath
M1S,0.8267,LPath
M1T,0.8725,LPath
M1V,0.2528,LBen
M1W,0.8666,LPath
M1Y,0.8436,LPath
F2A,0.9262,LPath
F2C,0.9552,LPath
F2D,0.9758,LPath
F2E,0.9806,LPath
F2G,0.9598,LPath
F2H,0.9648,LPath
F2I,0.8534,LPath
F2K,0.9861,LPath
F2L,0.9841,LPath
F2M,0.9287,LPath
F2N,0.9558,LPath
F2P,0.9891,LPath
F2Q,0.985,LPath
F2R,0.968,LPath
F2S,0.9398,LPath
F2T,0.9483,LPath
F2V,0.87,LPath
F2W,0.83,LPath
F2Y,0.5658,LPath
V3A,0.4347,Amb
V3C,0.6962,LPath
V3D,0.7997,LPath
V3E,0.6578,LPath
V3F,0.1511,LBen
V3G,0.4766,Amb
V3H,0.7516,LPath
V3I,0.0846,LBen
V3K,0.6213,LPath
V3L,0.1349,LBen
V3M,0.1956,LBen
V3N,0.649,LPath
V3P,0.7819,LPath
V3Q,0.5402,Amb
V3R,0.5046,Amb
V3S,0.469,Amb
V3T,0.4637,Amb
V3W,0.7675,LPath
V3Y,0.5628,Amb
P4A,0.5131,Amb
P4C,0.9427,LPath
P4D,0.9641,LPath
P4E,0.8896,LPath
P4F,0.9688,LPath
P4G,0.8726,LPath
P4H,0.8124,LPath
P4I,0.9497,LPath
P4K,0.8812,LPath
P4L,0.7532,LPath
P4M,0.9398,LPath
P4N,0.9436,LPath
P4Q,0.7543,LPath
P4R,0.698,LPath
P4S,0.7001,LPath
P4T,0.7603,LPath
P4V,0.8752,LPath
P4W,0.9759,LPath
P4Y,0.9551,LPath
R5A,0.9317,LPath
R5C,0.8044,LPath
R5D,0.9803,LPath
R5E,0.8841,LPath
R5F,0.9667,LPath
R5G,0.8762,LPath
R5H,0.741,LPath
R5I,0.9115,LPath
R5K,0.6105,LPath
R5L,0.8632,LPath
R5M,0.9634,LPath
R5N,0.9793,LPath
R5P,0.9023,LPath
R5Q,0.683,LPath
R5S,0.9639,LPath
R5T,0.9583,LPath
R5V,0.9197,LPath
R5W,0.7897,LPath
R5Y,0.9198,LPath
S6A,0.077,LBen
S6C,0.142,LBen
S6D,0.6639,LPath
S6E,0.6959,LPath
S6F,0.3164,LBen
S6G,0.1573,LBen
S6H,0.5392,Amb
S6I,0.3799,Amb
S6K,0.8345,LPath
S6L,0.206,LBen
S6M,0.3489,Amb
S6N,0.298,LBen
S6P,0.3597,Amb
S6Q,0.6487,LPath
S6R,0.7909,LPath
S6T,0.1206,LBen
S6V,0.2959,LBen
S6W,0.5225,Amb
S6Y,0.2834,LBen
L7A,0.3333,LBen
L7C,0.5049,Amb
L7D,0.8436,LPath
L7E,0.5254,Amb
L7F,0.1534,LBen
L7G,0.5659,LPath
L7H,0.3875,Amb
L7I,0.0941,LBen
L7K,0.349,Amb
L7M,0.1233,LBen
L7N,0.5784,LPath
L7P,0.5175,Amb
L7Q,0.2384,LBen
L7R,0.2644,LBen
L7S,0.4064,Amb
L7T,0.3475,Amb
L7V,0.0865,LBen
L7W,0.283,LBen
L7Y,0.4302,Amb
K8A,0.6597,LPath
K8C,0.8277,LPath
K8D,0.8547,LPath
K8E,0.5665,LPath
K8F,0.8912,LPath
K8G,0.6742,LPath
K8H,0.5305,Amb
K8I,0.6321,LPath
K8L,0.5802,LPath
K8M,0.5171,Amb
K8N,0.7239,LPath
K8P,0.7162,LPath
K8Q,0.3017,LBen
K8R,0.1077,LBen
K8S,0.7424,LPath
K8T,0.4752,Amb
K8V,0.608,LPath
K8W,0.8742,LPath
K8Y,0.8009,LPath
I9A,0.2712,LBen
I9C,0.3997,Amb
I9D,0.4677,Amb
I9E,0.3433,Amb
I9F,0.0983,LBen
I9G,0.3455,Amb
I9H,0.3126,LBen
I9K,0.2159,LBen
I9L,0.0764,LBen
I9M,0.078,LBen
I9N,0.1603,LBen
I9P,0.409,Amb
I9Q,0.2347,LBen
I9R,0.1569,LBen
I9S,0.2233,LBen
I9T,0.2394,LBen
I9V,0.0663,LBen
I9W,0.4552,Amb
I9Y,0.2736,LBen
K10A,0.5441,Amb
K10C,0.7195,LPath
K10D,0.7687,LPath
K10E,0.3321,LBen
K10F,0.8447,LPath
K10G,0.5234,Amb
K10H,0.4382,Amb
K10I,0.519,Amb
K10L,0.5157,Amb
K10M,0.4388,Amb
K10N,0.6549,LPath
K10P,0.6094,LPath
K10Q,0.1793,LBen
K10R,0.0809,LBen
K10S,0.5903,LPath
K10T,0.3494,Amb
K10V,0.511,Amb
K10W,0.7809,LPath
K10Y,0.7392,LPath
R11A,0.3934,Amb
R11C,0.2152,LBen
R11D,0.5462,Amb
R11E,0.2902,LBen
R11F,0.5603,Amb
R11G,0.1833,LBen
R11H,0.1537,LBen
R11I,0.3274,LBen
R11K,0.0972,LBen
R11L,0.3109,LBen
R11M,0.3361,LBen
R11N,0.4914,Amb
R11P,0.418,Amb
R11Q,0.1212,LBen
R11S,0.4898,Amb
R11T,0.3167,LBen
R11V,0.402,Amb
R11W,0.188,LBen
R11Y,0.375,Amb
N12A,0.0864,LBen
N12C,0.099,LBen
N12D,0.0755,LBen
N12E,0.139,LBen
N12F,0.1756,LBen
N12G,0.1119,LBen
N12H,0.068,LBen
N12I,0.0805,LBen
N12K,0.1042,LBen
N12L,0.1014,LBen
N12M,0.1426,LBen
N12P,0.1443,LBen
N12Q,0.1326,LBen
N12R,0.1192,LBen
N12S,0.0657,LBen
N12T,0.0666,LBen
N12V,0.086,LBen
N12W,0.3367,LBen
N12Y,0.075,LBen
A13C,0.1754,LBen
A13D,0.112,LBen
A13E,0.1273,LBen
A13F,0.1485,LBen
A13G,0.0792,LBen
A13H,0.197,LBen
A13I,0.1065,LBen
A13K,0.1714,LBen
A13L,0.0997,LBen
A13M,0.1284,LBen
A13N,0.1064,LBen
A13P,0.0984,LBen
A13Q,0.1637,LBen
A13R,0.1695,LBen
A13S,0.0725,LBen
A13T,0.0656,LBen
A13V,0.079,LBen
A13W,0.3175,LBen
A13Y,0.1674,LBen
N14A,0.0703,LBen
N14C,0.0849,LBen
N14D,0.0572,LBen
N14E,0.1086,LBen
N14F,0.1585,LBen
N14G,0.0891,LBen
N14H,0.0661,LBen
N14I,0.0738,LBen
N14K,0.086,LBen
N14L,0.0926,LBen
N14M,0.1374,LBen
N14P,0.1494,LBen
N14Q,0.1123,LBen
N14R,0.0951,LBen
N14S,0.0556,LBen
N14T,0.0605,LBen
N14V,0.0739,LBen
N14W,0.3013,LBen
N14Y,0.0752,LBen
D15A,0.0851,LBen
D15C,0.1972,LBen
D15E,0.0752,LBen
D15F,0.2258,LBen
D15G,0.0745,LBen
D15H,0.1228,LBen
D15I,0.1295,LBen
D15K,0.1353,LBen
D15L,0.1516,LBen
D15M,0.2449,LBen
D15N,0.0787,LBen
D15P,0.2665,LBen
D15Q,0.1388,LBen
D15R,0.1403,LBen
D15S,0.078,LBen
D15T,0.1026,LBen
D15V,0.095,LBen
D15W,0.4727,Amb
D15Y,0.1059,LBen
D16A,0.0809,LBen
D16C,0.184,LBen
D16E,0.0839,LBen
D16F,0.1978,LBen
D16G,0.0743,LBen
D16H,0.1081,LBen
D16I,0.1189,LBen
D16K,0.1292,LBen
D16L,0.1465,LBen
D16M,0.2398,LBen
D16N,0.0735,LBen
D16P,0.2545,LBen
D16Q,0.1318,LBen
D16R,0.1292,LBen
D16S,0.0755,LBen
D16T,0.0976,LBen
D16V,0.0912,LBen
D16W,0.4638,Amb
D16Y,0.0968,LBen
G17A,0.0736,LBen
G17C,0.0865,LBen
G17D,0.0808,LBen
G17E,0.0857,LBen
G17F,0.1668,LBen
G17H,0.12,LBen
G17I,0.0868,LBen
G17K,0.109,LBen
G17L,0.1191,LBen
G17M,0.1423,LBen
G17N,0.0958,LBen
G17P,0.2191,LBen
G17Q,0.1032,LBen
G17R,0.0882,LBen
G17S,0.0647,LBen
G17T,0.0734,LBen
G17V,0.0714,LBen
G17W,0.1321,LBen
G17Y,0.1254,LBen
K18A,0.1529,LBen
K18C,0.2996,LBen
K18D,0.1911,LBen
K18E,0.093,LBen
K18F,0.3397,LBen
K18G,0.1476,LBen
K18H,0.1546,LBen
K18I,0.1601,LBen
K18L,0.1553,LBen
K18M,0.1388,LBen
K18N,0.1454,LBen
K18P,0.229,LBen
K18Q,0.0882,LBen
K18R,0.0677,LBen
K18S,0.1536,LBen
K18T,0.1091,LBen
K18V,0.1577,LBen
K18W,0.384,Amb
K18Y,0.2558,LBen
S19A,0.0733,LBen
S19C,0.0662,LBen
S19D,0.126,LBen
S19E,0.1795,LBen
S19F,0.1116,LBen
S19G,0.0604,LBen
S19H,0.1266,LBen
S19I,0.0835,LBen
S19K,0.1957,LBen
S19L,0.0885,LBen
S19M,0.1385,LBen
S19N,0.0652,LBen
S19P,0.0881,LBen
S19Q,0.183,LBen
S19R,0.1673,LBen
S19T,0.0708,LBen
S19V,0.0971,LBen
S19W,0.1613,LBen
S19Y,0.0919,LBen
C20A,0.1076,LBen
C20D,0.125,LBen
C20E,0.2275,LBen
C20F,0.0742,LBen
C20G,0.0633,LBen
C20H,0.1285,LBen
C20I,0.1646,LBen
C20K,0.2116,LBen
C20L,0.1662,LBen
C20M,0.2783,LBen
C20N,0.1134,LBen
C20P,0.1704,LBen
C20Q,0.1672,LBen
C20R,0.0996,LBen
C20S,0.0807,LBen
C20T,0.1306,LBen
C20V,0.1495,LBen
C20W,0.1376,LBen
C20Y,0.0807,LBen
V21A,0.068,LBen
V21C,0.3073,LBen
V21D,0.1219,LBen
V21E,0.1221,LBen
V21F,0.0814,LBen
V21G,0.0824,LBen
V21H,0.1841,LBen
V21I,0.0689,LBen
V21K,0.1081,LBen
V21L,0.0902,LBen
V21M,0.0859,LBen
V21N,0.1069,LBen
V21P,0.1195,LBen
V21Q,0.1212,LBen
V21R,0.1015,LBen
V21S,0.0858,LBen
V21T,0.0791,LBen
V21W,0.3474,Amb
V21Y,0.2097,LBen
A22C,0.2887,LBen
A22D,0.1742,LBen
A22E,0.1644,LBen
A22F,0.241,LBen
A22G,0.0905,LBen
A22H,0.282,LBen
A22I,0.1813,LBen
A22K,0.2038,LBen
A22L,0.1364,LBen
A22M,0.1795,LBen
A22N,0.1653,LBen
A22P,0.1031,LBen
A22Q,0.1973,LBen
A22R,0.1984,LBen
A22S,0.0833,LBen
A22T,0.0716,LBen
A22V,0.1061,LBen
A22W,0.4616,Amb
A22Y,0.2874,LBen
K23A,0.3458,Amb
K23C,0.7137,LPath
K23D,0.4629,Amb
K23E,0.1953,LBen
K23F,0.8129,LPath
K23G,0.3256,LBen
K23H,0.3955,Amb
K23I,0.5321,Amb
K23L,0.4748,Amb
K23M,0.3585,Amb
K23N,0.4164,Amb
K23P,0.5437,Amb
K23Q,0.1857,LBen
K23R,0.0887,LBen
K23S,0.4282,Amb
K23T,0.2588,LBen
K23V,0.4307,Amb
K23W,0.7648,LPath
K23Y,0.6858,LPath
I24A,0.137,LBen
I24C,0.3393,LBen
I24D,0.2793,LBen
I24E,0.1908,LBen
I24F,0.1175,LBen
I24G,0.2403,LBen
I24H,0.1501,LBen
I24K,0.0562,LBen
I24L,0.0876,LBen
I24M,0.0675,LBen
I24N,0.0895,LBen
I24P,0.2415,LBen
I24Q,0.1083,LBen
I24R,0.0566,LBen
I24S,0.1284,LBen
I24T,0.1084,LBen
I24V,0.0754,LBen
I24W,0.4189,Amb
I24Y,0.2238,LBen
I25A,0.1093,LBen
I25C,0.247,LBen
I25D,0.2374,LBen
I25E,0.1977,LBen
I25F,0.0789,LBen
I25G,0.199,LBen
I25H,0.1621,LBen
I25K,0.1086,LBen
I25L,0.0738,LBen
I25M,0.0732,LBen
I25N,0.0887,LBen
I25P,0.1705,LBen
I25Q,0.1274,LBen
I25R,0.0802,LBen
I25S,0.0957,LBen
I25T,0.0861,LBen
I25V,0.0682,LBen
I25W,0.3306,LBen
I25Y,0.2177,LBen
K26A,0.3092,LBen
K26C,0.5589,Amb
K26D,0.4695,Amb
K26E,0.1874,LBen
K26F,0.585,LPath
K26G,0.3394,LBen
K26H,0.2671,LBen
K26I,0.2878,LBen
K26L,0.2809,LBen
K26M,0.237,LBen
K26N,0.3854,Amb
K26P,0.3936,Amb
K26Q,0.1351,LBen
K26R,0.0827,LBen
K26S,0.3619,Amb
K26T,0.1844,LBen
K26V,0.298,LBen
K26W,0.6263,LPath
K26Y,0.4818,Amb
P27A,0.0619,LBen
P27C,0.1909,LBen
P27D,0.1589,LBen
P27E,0.1226,LBen
P27F,0.2177,LBen
P27G,0.1267,LBen
P27H,0.0986,LBen
P27I,0.1492,LBen
P27K,0.1102,LBen
P27L,0.0871,LBen
P27M,0.1653,LBen
P27N,0.1319,LBen
P27Q,0.0869,LBen
P27R,0.0885,LBen
P27S,0.0818,LBen
P27T,0.0647,LBen
P27V,0.1096,LBen
P27W,0.2553,LBen
P27Y,0.1886,LBen
D28A,0.0712,LBen
D28C,0.1659,LBen
D28E,0.065,LBen
D28F,0.1728,LBen
D28G,0.074,LBen
D28H,0.0948,LBen
D28I,0.1037,LBen
D28K,0.0871,LBen
D28L,0.1026,LBen
D28M,0.2043,LBen
D28N,0.0676,LBen
D28P,0.1766,LBen
D28Q,0.0887,LBen
D28R,0.1001,LBen
D28S,0.0724,LBen
D28T,0.094,LBen
D28V,0.0742,LBen
D28W,0.3985,Amb
D28Y,0.0885,LBen
P29A,0.0507,LBen
P29C,0.1359,LBen
P29D,0.1062,LBen
P29E,0.0886,LBen
P29F,0.1328,LBen
P29G,0.0947,LBen
P29H,0.0849,LBen
P29I,0.097,LBen
P29K,0.0827,LBen
P29L,0.0687,LBen
P29M,0.1097,LBen
P29N,0.101,LBen
P29Q,0.0764,LBen
P29R,0.0743,LBen
P29S,0.0636,LBen
P29T,0.0547,LBen
P29V,0.0777,LBen
P29W,0.1964,LBen
P29Y,0.1287,LBen
E30A,0.0852,LBen
E30C,0.3959,Amb
E30D,0.0858,LBen
E30F,0.342,Amb
E30G,0.0749,LBen
E30H,0.1891,LBen
E30I,0.1702,LBen
E30K,0.0698,LBen
E30L,0.1658,LBen
E30M,0.2195,LBen
E30N,0.1325,LBen
E30P,0.2368,LBen
E30Q,0.0869,LBen
E30R,0.1062,LBen
E30S,0.1082,LBen
E30T,0.1154,LBen
E30V,0.1131,LBen
E30W,0.4546,Amb
E30Y,0.2626,LBen
D31A,0.0787,LBen
D31C,0.1747,LBen
D31E,0.0872,LBen
D31F,0.1716,LBen
D31G,0.0733,LBen
D31H,0.1042,LBen
D31I,0.1028,LBen
D31K,0.1213,LBen
D31L,0.1256,LBen
D31M,0.2123,LBen
D31N,0.0686,LBen
D31P,0.2072,LBen
D31Q,0.1252,LBen
D31R,0.1334,LBen
D31S,0.0814,LBen
D31T,0.0998,LBen
D31V,0.0772,LBen
D31W,0.4144,Amb
D31Y,0.0782,LBen
L32A,0.0787,LBen
L32C,0.1434,LBen
L32D,0.1386,LBen
L32E,0.1038,LBen
L32F,0.0621,LBen
L32G,0.1224,LBen
L32H,0.0749,LBen
L32I,0.0639,LBen
L32K,0.0827,LBen
L32M,0.0802,LBen
L32N,0.1042,LBen
L32P,0.0655,LBen
L32Q,0.0622,LBen
L32R,0.064,LBen
L32S,0.0734,LBen
L32T,0.0795,LBen
L32V,0.0636,LBen
L32W,0.0874,LBen
L32Y,0.1117,LBen
Q33A,0.0881,LBen
Q33C,0.1833,LBen
Q33D,0.1118,LBen
Q33E,0.0665,LBen
Q33F,0.2076,LBen
Q33G,0.099,LBen
Q33H,0.0801,LBen
Q33I,0.1294,LBen
Q33K,0.0716,LBen
Q33L,0.0661,LBen
Q33M,0.1707,LBen
Q33N,0.1133,LBen
Q33P,0.0546,LBen
Q33R,0.0727,LBen
Q33S,0.0909,LBen
Q33T,0.0907,LBen
Q33V,0.1001,LBen
Q33W,0.1593,LBen
Q33Y,0.1384,LBen
L34A,0.073,LBen
L34C,0.1563,LBen
L34D,0.1337,LBen
L34E,0.0973,LBen
L34F,0.0667,LBen
L34G,0.1128,LBen
L34H,0.0783,LBen
L34I,0.0691,LBen
L34K,0.0837,LBen
L34M,0.0753,LBen
L34N,0.1032,LBen
L34P,0.0622,LBen
L34Q,0.064,LBen
L34R,0.0668,LBen
L34S,0.0763,LBen
L34T,0.0753,LBen
L34V,0.0637,LBen
L34W,0.0763,LBen
L34Y,0.1118,LBen
D35A,0.0824,LBen
D35C,0.1789,LBen
D35E,0.0704,LBen
D35F,0.2021,LBen
D35G,0.064,LBen
D35H,0.0988,LBen
D35I,0.1317,LBen
D35K,0.1117,LBen
D35L,0.1241,LBen
D35M,0.2411,LBen
D35N,0.0759,LBen
D35P,0.1666,LBen
D35Q,0.1005,LBen
D35R,0.1138,LBen
D35S,0.0795,LBen
D35T,0.1103,LBen
D35V,0.0914,LBen
D35W,0.3678,Amb
D35Y,0.0931,LBen
K36A,0.1049,LBen
K36C,0.2585,LBen
K36D,0.1167,LBen
K36E,0.0673,LBen
K36F,0.2844,LBen
K36G,0.1091,LBen
K36H,0.1306,LBen
K36I,0.1406,LBen
K36L,0.1333,LBen
K36M,0.1247,LBen
K36N,0.1096,LBen
K36P,0.1692,LBen
K36Q,0.0806,LBen
K36R,0.0689,LBen
K36S,0.1122,LBen
K36T,0.08,LBen
K36V,0.1277,LBen
K36W,0.3416,Amb
K36Y,0.2159,LBen
S37A,0.0714,LBen
S37C,0.0642,LBen
S37D,0.0745,LBen
S37E,0.0999,LBen
S37F,0.1112,LBen
S37G,0.0534,LBen
S37H,0.1019,LBen
S37I,0.0804,LBen
S37K,0.1235,LBen
S37L,0.0909,LBen
S37M,0.1342,LBen
S37N,0.0621,LBen
S37P,0.0895,LBen
S37Q,0.1217,LBen
S37R,0.1057,LBen
S37T,0.0702,LBen
S37V,0.0895,LBen
S37W,0.1268,LBen
S37Y,0.0824,LBen
R38A,0.0949,LBen
R38C,0.0939,LBen
R38D,0.13,LBen
R38E,0.0986,LBen
R38F,0.189,LBen
R38G,0.0627,LBen
R38H,0.0802,LBen
R38I,0.1039,LBen
R38K,0.0691,LBen
R38L,0.0984,LBen
R38M,0.1207,LBen
R38N,0.1595,LBen
R38P,0.1299,LBen
R38Q,0.0695,LBen
R38S,0.1149,LBen
R38T,0.0825,LBen
R38V,0.1167,LBen
R38W,0.0911,LBen
R38Y,0.1467,LBen
D39A,0.0709,LBen
D39C,0.1715,LBen
D39E,0.074,LBen
D39F,0.1762,LBen
D39G,0.0681,LBen
D39H,0.1006,LBen
D39I,0.1112,LBen
D39K,0.1118,LBen
D39L,0.1206,LBen
D39M,0.2084,LBen
D39N,0.0723,LBen
D39P,0.1802,LBen
D39Q,0.1155,LBen
D39R,0.1154,LBen
D39S,0.0783,LBen
D39T,0.0937,LBen
D39V,0.0771,LBen
D39W,0.387,Amb
D39Y,0.0873,LBen
V40A,0.0709,LBen
V40C,0.2123,LBen
V40D,0.0733,LBen
V40E,0.0929,LBen
V40F,0.0659,LBen
V40G,0.0751,LBen
V40H,0.1349,LBen
V40I,0.0651,LBen
V40K,0.0988,LBen
V40L,0.0751,LBen
V40M,0.084,LBen
V40N,0.0794,LBen
V40P,0.1286,LBen
V40Q,0.1055,LBen
V40R,0.0889,LBen
V40S,0.0763,LBen
V40T,0.08,LBen
V40W,0.2708,LBen
V40Y,0.1413,LBen
P41A,0.0568,LBen
P41C,0.1572,LBen
P41D,0.1338,LBen
P41E,0.1126,LBen
P41F,0.1469,LBen
P41G,0.1264,LBen
P41H,0.0929,LBen
P41I,0.1129,LBen
P41K,0.1189,LBen
P41L,0.0727,LBen
P41M,0.1419,LBen
P41N,0.13,LBen
P41Q,0.0917,LBen
P41R,0.09,LBen
P41S,0.0732,LBen
P41T,0.0624,LBen
P41V,0.0926,LBen
P41W,0.2141,LBen
P41Y,0.1487,LBen
V42A,0.0582,LBen
V42C,0.2499,LBen
V42D,0.0845,LBen
V42E,0.0866,LBen
V42F,0.0743,LBen
V42G,0.0686,LBen
V42H,0.1495,LBen
V42I,0.069,LBen
V42K,0.0874,LBen
V42L,0.0727,LBen
V42M,0.0767,LBen
V42N,0.0876,LBen
V42P,0.0983,LBen
V42Q,0.0982,LBen
V42R,0.0791,LBen
V42S,0.0722,LBen
V42T,0.0674,LBen
V42W,0.2618,LBen
V42Y,0.17,LBen
D43A,0.0686,LBen
D43C,0.182,LBen
D43E,0.0796,LBen
D43F,0.1839,LBen
D43G,0.0682,LBen
D43H,0.0957,LBen
D43I,0.1234,LBen
D43K,0.1141,LBen
D43L,0.1231,LBen
D43M,0.2339,LBen
D43N,0.0716,LBen
D43P,0.1532,LBen
D43Q,0.1193,LBen
D43R,0.1153,LBen
D43S,0.0725,LBen
D43T,0.0939,LBen
D43V,0.0831,LBen
D43W,0.4372,Amb
D43Y,0.0909,LBen
A44C,0.2025,LBen
A44D,0.0945,LBen
A44E,0.1083,LBen
A44F,0.1311,LBen
A44G,0.0863,LBen
A44H,0.1699,LBen
A44I,0.1035,LBen
A44K,0.1433,LBen
A44L,0.0902,LBen
A44M,0.1141,LBen
A44N,0.1159,LBen
A44P,0.0827,LBen
A44Q,0.1535,LBen
A44R,0.131,LBen
A44S,0.0774,LBen
A44T,0.0653,LBen
A44V,0.076,LBen
A44W,0.2966,LBen
A44Y,0.1634,LBen
V45A,0.0604,LBen
V45C,0.2419,LBen
V45D,0.088,LBen
V45E,0.0845,LBen
V45F,0.066,LBen
V45G,0.0688,LBen
V45H,0.1354,LBen
V45I,0.066,LBen
V45K,0.086,LBen
V45L,0.0647,LBen
V45M,0.0747,LBen
V45N,0.0891,LBen
V45P,0.0863,LBen
V45Q,0.0916,LBen
V45R,0.0792,LBen
V45S,0.0715,LBen
V45T,0.0705,LBen
V45W,0.2212,LBen
V45Y,0.1592,LBen
A46C,0.1923,LBen
A46D,0.0895,LBen
A46E,0.0929,LBen
A46F,0.1131,LBen
A46G,0.0725,LBen
A46H,0.1639,LBen
A46I,0.0871,LBen
A46K,0.1251,LBen
A46L,0.0761,LBen
A46M,0.1033,LBen
A46N,0.1039,LBen
A46P,0.0727,LBen
A46Q,0.1231,LBen
A46R,0.1184,LBen
A46S,0.074,LBen
A46T,0.0646,LBen
A46V,0.066,LBen
A46W,0.2668,LBen
A46Y,0.1589,LBen
T47A,0.0584,LBen
T47C,0.1882,LBen
T47D,0.1282,LBen
T47E,0.1029,LBen
T47F,0.1271,LBen
T47G,0.0966,LBen
T47H,0.1258,LBen
T47I,0.0966,LBen
T47K,0.0853,LBen
T47L,0.0774,LBen
T47M,0.0814,LBen
T47N,0.086,LBen
T47P,0.0643,LBen
T47Q,0.1066,LBen
T47R,0.0749,LBen
T47S,0.0768,LBen
T47V,0.0828,LBen
T47W,0.2479,LBen
T47Y,0.1426,LBen
E48A,0.0817,LBen
E48C,0.3984,Amb
E48D,0.0784,LBen
E48F,0.3448,Amb
E48G,0.0696,LBen
E48H,0.1779,LBen
E48I,0.1874,LBen
E48K,0.0724,LBen
E48L,0.1748,LBen
E48M,0.2329,LBen
E48N,0.1202,LBen
E48P,0.167,LBen
E48Q,0.0907,LBen
E48R,0.1097,LBen
E48S,0.103,LBen
E48T,0.1055,LBen
E48V,0.1198,LBen
E48W,0.4799,Amb
E48Y,0.2528,LBen
A49C,0.2435,LBen
A49D,0.0876,LBen
A49E,0.0838,LBen
A49F,0.1506,LBen
A49G,0.0771,LBen
A49H,0.1845,LBen
A49I,0.1149,LBen
A49K,0.1248,LBen
A49L,0.0982,LBen
A49M,0.1151,LBen
A49N,0.1118,LBen
A49P,0.0816,LBen
A49Q,0.1316,LBen
A49R,0.1291,LBen
A49S,0.0794,LBen
A49T,0.0658,LBen
A49V,0.0783,LBen
A49W,0.3086,LBen
A49Y,0.1807,LBen
A50C,0.2395,LBen
A50D,0.0979,LBen
A50E,0.0998,LBen
A50F,0.1484,LBen
A50G,0.0809,LBen
A50H,0.1958,LBen
A50I,0.1132,LBen
A50K,0.1386,LBen
A50L,0.0952,LBen
A50M,0.1202,LBen
A50N,0.1179,LBen
A50P,0.0844,LBen
A50Q,0.1431,LBen
A50R,0.1354,LBen
A50S,0.0802,LBen
A50T,0.0658,LBen
A50V,0.0789,LBen
A50W,0.3197,LBen
A50Y,0.1874,LBen
T51A,0.0557,LBen
T51C,0.1774,LBen
T51D,0.1163,LBen
T51E,0.1077,LBen
T51F,0.1127,LBen
T51G,0.0947,LBen
T51H,0.115,LBen
T51I,0.0848,LBen
T51K,0.091,LBen
T51L,0.0733,LBen
T51M,0.0812,LBen
T51N,0.0765,LBen
T51P,0.0632,LBen
T51Q,0.1053,LBen
T51R,0.079,LBen
T51S,0.0735,LBen
T51V,0.0751,LBen
T51W,0.2471,LBen
T51Y,0.1308,LBen
I52A,0.0494,LBen
I52C,0.1686,LBen
I52D,0.0884,LBen
I52E,0.0787,LBen
I52F,0.0648,LBen
I52G,0.0933,LBen
I52H,0.0983,LBen
I52K,0.0658,LBen
I52L,0.0593,LBen
I52M,0.0606,LBen
I52N,0.0597,LBen
I52P,0.0646,LBen
I52Q,0.0759,LBen
I52R,0.0518,LBen
I52S,0.0589,LBen
I52T,0.0485,LBen
I52V,0.0544,LBen
I52W,0.2023,LBen
I52Y,0.1288,LBen
D53A,0.0798,LBen
D53C,0.1869,LBen
D53E,0.0802,LBen
D53F,0.1992,LBen
D53G,0.0672,LBen
D53H,0.0961,LBen
D53I,0.1378,LBen
D53K,0.1135,LBen
D53L,0.1352,LBen
D53M,0.2677,LBen
D53N,0.0734,LBen
D53P,0.1463,LBen
D53Q,0.1063,LBen
D53R,0.1096,LBen
D53S,0.0717,LBen
D53T,0.1001,LBen
D53V,0.0965,LBen
D53W,0.4253,Amb
D53Y,0.0994,LBen
R54A,0.0911,LBen
R54C,0.0828,LBen
R54D,0.1105,LBen
R54E,0.0919,LBen
R54F,0.1657,LBen
R54G,0.0594,LBen
R54H,0.0702,LBen
R54I,0.1018,LBen
R54K,0.071,LBen
R54L,0.0918,LBen
R54M,0.1226,LBen
R54N,0.1315,LBen
R54P,0.1077,LBen
R54Q,0.0656,LBen
R54S,0.0966,LBen
R54T,0.0788,LBen
R54V,0.1096,LBen
R54W,0.0906,LBen
R54Y,0.1238,LBen
H55A,0.0728,LBen
H55C,0.072,LBen
H55D,0.0603,LBen
H55E,0.0824,LBen
H55F,0.1237,LBen
H55G,0.0777,LBen
H55I,0.1054,LBen
H55K,0.0829,LBen
H55L,0.0682,LBen
H55M,0.1717,LBen
H55N,0.0555,LBen
H55P,0.0509,LBen
H55Q,0.0675,LBen
H55R,0.0583,LBen
H55S,0.0683,LBen
H55T,0.0762,LBen
H55V,0.0851,LBen
H55W,0.1577,LBen
H55Y,0.0673,LBen
I56A,0.0655,LBen
I56C,0.1153,LBen
I56D,0.0944,LBen
I56E,0.104,LBen
I56F,0.0613,LBen
I56G,0.0994,LBen
I56H,0.0803,LBen
I56K,0.0784,LBen
I56L,0.0599,LBen
I56M,0.0792,LBen
I56N,0.0609,LBen
I56P,0.0839,LBen
I56Q,0.081,LBen
I56R,0.0564,LBen
I56S,0.056,LBen
I56T,0.066,LBen
I56V,0.0615,LBen
I56W,0.1908,LBen
I56Y,0.1044,LBen
S57A,0.0594,LBen
S57C,0.0739,LBen
S57D,0.1111,LBen
S57E,0.1377,LBen
S57F,0.0982,LBen
S57G,0.0634,LBen
S57H,0.115,LBen
S57I,0.0906,LBen
S57K,0.1654,LBen
S57L,0.0717,LBen
S57M,0.1372,LBen
S57N,0.0839,LBen
S57P,0.0571,LBen
S57Q,0.1553,LBen
S57R,0.1282,LBen
S57T,0.0626,LBen
S57V,0.0917,LBen
S57W,0.1219,LBen
S57Y,0.0899,LBen
E58A,0.0773,LBen
E58C,0.3133,LBen
E58D,0.0688,LBen
E58F,0.2516,LBen
E58G,0.0651,LBen
E58H,0.1368,LBen
E58I,0.1407,LBen
E58K,0.0717,LBen
E58L,0.137,LBen
E58M,0.1989,LBen
E58N,0.1052,LBen
E58P,0.1305,LBen
E58Q,0.0784,LBen
E58R,0.0964,LBen
E58S,0.0867,LBen
E58T,0.0943,LBen
E58V,0.1,LBen
E58W,0.3679,Amb
E58Y,0.1742,LBen
S59A,0.0615,LBen
S59C,0.0754,LBen
S59D,0.1093,LBen
S59E,0.1342,LBen
S59F,0.0849,LBen
S59G,0.0702,LBen
S59H,0.1093,LBen
S59I,0.083,LBen
S59K,0.1654,LBen
S59L,0.0732,LBen
S59M,0.1342,LBen
S59N,0.0779,LBen
S59P,0.0559,LBen
S59Q,0.1453,LBen
S59R,0.1328,LBen
S59T,0.0653,LBen
S59V,0.0873,LBen
S59W,0.1299,LBen
S59Y,0.081,LBen
C60A,0.0977,LBen
C60D,0.0884,LBen
C60E,0.1498,LBen
C60F,0.0639,LBen
C60G,0.0666,LBen
C60H,0.0872,LBen
C60I,0.1168,LBen
C60K,0.1416,LBen
C60L,0.1133,LBen
C60M,0.2242,LBen
C60N,0.0991,LBen
C60P,0.1212,LBen
C60Q,0.1115,LBen
C60R,0.0771,LBen
C60S,0.0742,LBen
C60T,0.1124,LBen
C60V,0.1122,LBen
C60W,0.114,LBen
C60Y,0.0665,LBen
P61A,0.0598,LBen
P61C,0.1291,LBen
P61D,0.1237,LBen
P61E,0.1099,LBen
P61F,0.1227,LBen
P61G,0.1092,LBen
P61H,0.078,LBen
P61I,0.0989,LBen
P61K,0.1208,LBen
P61L,0.0667,LBen
P61M,0.1418,LBen
P61N,0.1238,LBen
P61Q,0.0822,LBen
P61R,0.0773,LBen
P61S,0.0642,LBen
P61T,0.0647,LBen
P61V,0.0823,LBen
P61W,0.1827,LBen
P61Y,0.1277,LBen
F62A,0.0867,LBen
F62C,0.0817,LBen
F62D,0.1334,LBen
F62E,0.18,LBen
F62G,0.1562,LBen
F62H,0.1441,LBen
F62I,0.0629,LBen
F62K,0.1801,LBen
F62L,0.2096,LBen
F62M,0.1552,LBen
F62N,0.1316,LBen
F62P,0.1643,LBen
F62Q,0.1545,LBen
F62R,0.1391,LBen
F62S,0.0663,LBen
F62T,0.1038,LBen
F62V,0.0612,LBen
F62W,0.1617,LBen
F62Y,0.0854,LBen
P63A,0.0637,LBen
P63C,0.1416,LBen
P63D,0.148,LBen
P63E,0.1185,LBen
P63F,0.1368,LBen
P63G,0.1241,LBen
P63H,0.0841,LBen
P63I,0.1099,LBen
P63K,0.1292,LBen
P63L,0.07,LBen
P63M,0.1547,LBen
P63N,0.1463,LBen
P63Q,0.0831,LBen
P63R,0.0815,LBen
P63S,0.0706,LBen
P63T,0.0695,LBen
P63V,0.0907,LBen
P63W,0.1919,LBen
P63Y,0.1419,LBen
S64A,0.0657,LBen
S64C,0.064,LBen
S64D,0.1032,LBen
S64E,0.1317,LBen
S64F,0.0855,LBen
S64G,0.0615,LBen
S64H,0.0973,LBen
S64I,0.0729,LBen
S64K,0.14,LBen
S64L,0.0688,LBen
S64M,0.1333,LBen
S64N,0.0773,LBen
S64P,0.0769,LBen
S64Q,0.1303,LBen
S64R,0.1067,LBen
S64T,0.0705,LBen
S64V,0.0788,LBen
S64W,0.1336,LBen
S64Y,0.0819,LBen
P65A,0.0572,LBen
P65C,0.1412,LBen
P65D,0.1316,LBen
P65E,0.1023,LBen
P65F,0.1319,LBen
P65G,0.1081,LBen
P65H,0.0798,LBen
P65I,0.114,LBen
P65K,0.1065,LBen
P65L,0.0678,LBen
P65M,0.1386,LBen
P65N,0.1301,LBen
P65Q,0.0777,LBen
P65R,0.0719,LBen
P65S,0.0687,LBen
P65T,0.063,LBen
P65V,0.0894,LBen
P65W,0.1813,LBen
P65Y,0.1432,LBen
G66A,0.0578,LBen
G66C,0.0841,LBen
G66D,0.0702,LBen
G66E,0.076,LBen
G66F,0.1362,LBen
G66H,0.1075,LBen
G66I,0.0901,LBen
G66K,0.0967,LBen
G66L,0.0979,LBen
G66M,0.1315,LBen
G66N,0.0941,LBen
G66P,0.1312,LBen
G66Q,0.0973,LBen
G66R,0.0789,LBen
G66S,0.0657,LBen
G66T,0.0643,LBen
G66V,0.0704,LBen
G66W,0.1341,LBen
G66Y,0.1045,LBen
G67A,0.0725,LBen
G67C,0.0796,LBen
G67D,0.0657,LBen
G67E,0.0758,LBen
G67F,0.1308,LBen
G67H,0.0989,LBen
G67I,0.086,LBen
G67K,0.1014,LBen
G67L,0.1051,LBen
G67M,0.1502,LBen
G67N,0.091,LBen
G67P,0.1655,LBen
G67Q,0.0968,LBen
G67R,0.0837,LBen
G67S,0.0663,LBen
G67T,0.0762,LBen
G67V,0.0718,LBen
G67W,0.1229,LBen
G67Y,0.0957,LBen
Q68A,0.0941,LBen
Q68C,0.1882,LBen
Q68D,0.1117,LBen
Q68E,0.0679,LBen
Q68F,0.2143,LBen
Q68G,0.0999,LBen
Q68H,0.0861,LBen
Q68I,0.1383,LBen
Q68K,0.0724,LBen
Q68L,0.0752,LBen
Q68M,0.1742,LBen
Q68N,0.1131,LBen
Q68P,0.0612,LBen
Q68R,0.07,LBen
Q68S,0.0905,LBen
Q68T,0.093,LBen
Q68V,0.111,LBen
Q68W,0.1696,LBen
Q68Y,0.1467,LBen
L69A,0.0693,LBen
L69C,0.1515,LBen
L69D,0.1402,LBen
L69E,0.1002,LBen
L69F,0.0651,LBen
L69G,0.1165,LBen
L69H,0.0803,LBen
L69I,0.0685,LBen
L69K,0.0831,LBen
L69M,0.0741,LBen
L69N,0.1054,LBen
L69P,0.0585,LBen
L69Q,0.0672,LBen
L69R,0.0678,LBen
L69S,0.073,LBen
L69T,0.0728,LBen
L69V,0.0629,LBen
L69W,0.0812,LBen
L69Y,0.1164,LBen
A70C,0.2157,LBen
A70D,0.0971,LBen
A70E,0.101,LBen
A70F,0.1508,LBen
A70G,0.08,LBen
A70H,0.1765,LBen
A70I,0.1267,LBen
A70K,0.143,LBen
A70L,0.0869,LBen
A70M,0.1275,LBen
A70N,0.1257,LBen
A70P,0.0746,LBen
A70Q,0.1366,LBen
A70R,0.1269,LBen
A70S,0.0755,LBen
A70T,0.0698,LBen
A70V,0.0834,LBen
A70W,0.282,LBen
A70Y,0.1884,LBen
E71A,0.0695,LBen
E71C,0.3376,LBen
E71D,0.072,LBen
E71F,0.2765,LBen
E71G,0.0677,LBen
E71H,0.1492,LBen
E71I,0.1462,LBen
E71K,0.0675,LBen
E71L,0.135,LBen
E71M,0.1816,LBen
E71N,0.1021,LBen
E71P,0.1539,LBen
E71Q,0.0818,LBen
E71R,0.0962,LBen
E71S,0.0872,LBen
E71T,0.093,LBen
E71V,0.0961,LBen
E71W,0.4087,Amb
E71Y,0.2135,LBen
V72A,0.0743,LBen
V72C,0.2701,LBen
V72D,0.0758,LBen
V72E,0.0879,LBen
V72F,0.0736,LBen
V72G,0.0606,LBen
V72H,0.1726,LBen
V72I,0.0723,LBen
V72K,0.0991,LBen
V72L,0.0892,LBen
V72M,0.0855,LBen
V72N,0.0839,LBen
V72P,0.1144,LBen
V72Q,0.1149,LBen
V72R,0.0968,LBen
V72S,0.0766,LBen
V72T,0.0866,LBen
V72W,0.2705,LBen
V72Y,0.1651,LBen
H73A,0.0613,LBen
H73C,0.0583,LBen
H73D,0.0551,LBen
H73E,0.0812,LBen
H73F,0.1042,LBen
H73G,0.0663,LBen
H73I,0.0845,LBen
H73K,0.0805,LBen
H73L,0.061,LBen
H73M,0.1534,LBen
H73N,0.0545,LBen
H73P,0.0507,LBen
H73Q,0.0646,LBen
H73R,0.0569,LBen
H73S,0.0569,LBen
H73T,0.0642,LBen
H73V,0.0719,LBen
H73W,0.1277,LBen
H73Y,0.0582,LBen
S74A,0.0581,LBen
S74C,0.0683,LBen
S74D,0.1038,LBen
S74E,0.1216,LBen
S74F,0.0827,LBen
S74G,0.0654,LBen
S74H,0.0964,LBen
S74I,0.0792,LBen
S74K,0.1432,LBen
S74L,0.0615,LBen
S74M,0.1093,LBen
S74N,0.0823,LBen
S74P,0.0615,LBen
S74Q,0.1304,LBen
S74R,0.1192,LBen
S74T,0.0629,LBen
S74V,0.0779,LBen
S74W,0.0981,LBen
S74Y,0.0803,LBen
V75A,0.0645,LBen
V75C,0.2195,LBen
V75D,0.0772,LBen
V75E,0.0853,LBen
V75F,0.071,LBen
V75G,0.0642,LBen
V75H,0.1409,LBen
V75I,0.0698,LBen
V75K,0.0908,LBen
V75L,0.0777,LBen
V75M,0.0865,LBen
V75N,0.0847,LBen
V75P,0.097,LBen
V75Q,0.0986,LBen
V75R,0.0857,LBen
V75S,0.0687,LBen
V75T,0.0755,LBen
V75W,0.2476,LBen
V75Y,0.1559,LBen
S76A,0.0647,LBen
S76C,0.0625,LBen
S76D,0.0734,LBen
S76E,0.0947,LBen
S76F,0.0875,LBen
S76G,0.0521,LBen
S76H,0.0905,LBen
S76I,0.0711,LBen
S76K,0.1198,LBen
S76L,0.0717,LBen
S76M,0.1212,LBen
S76N,0.068,LBen
S76P,0.0771,LBen
S76Q,0.1158,LBen
S76R,0.1032,LBen
S76T,0.067,LBen
S76V,0.0756,LBen
S76W,0.1225,LBen
S76Y,0.0765,LBen
P77A,0.0562,LBen
P77C,0.1215,LBen
P77D,0.1094,LBen
P77E,0.0887,LBen
P77F,0.1315,LBen
P77G,0.0933,LBen
P77H,0.0787,LBen
P77I,0.1054,LBen
P77K,0.09,LBen
P77L,0.0684,LBen
P77M,0.12,LBen
P77N,0.1059,LBen
P77Q,0.0729,LBen
P77R,0.072,LBen
P77S,0.0638,LBen
P77T,0.0605,LBen
P77V,0.0847,LBen
P77W,0.1555,LBen
P77Y,0.1266,LBen
E78A,0.0797,LBen
E78C,0.283,LBen
E78D,0.0779,LBen
E78F,0.2309,LBen
E78G,0.0631,LBen
E78H,0.1389,LBen
E78I,0.1196,LBen
E78K,0.0677,LBen
E78L,0.1157,LBen
E78M,0.1761,LBen
E78N,0.108,LBen
E78P,0.1433,LBen
E78Q,0.0723,LBen
E78R,0.0917,LBen
E78S,0.087,LBen
E78T,0.0966,LBen
E78V,0.0883,LBen
E78W,0.3496,Amb
E78Y,0.1838,LBen
Q79A,0.0719,LBen
Q79C,0.1686,LBen
Q79D,0.0914,LBen
Q79E,0.0569,LBen
Q79F,0.2115,LBen
Q79G,0.0767,LBen
Q79H,0.0868,LBen
Q79I,0.1191,LBen
Q79K,0.0614,LBen
Q79L,0.0689,LBen
Q79M,0.1461,LBen
Q79N,0.0947,LBen
Q79P,0.0543,LBen
Q79R,0.068,LBen
Q79S,0.0798,LBen
Q79T,0.0743,LBen
Q79V,0.0918,LBen
Q79W,0.1518,LBen
Q79Y,0.1391,LBen
G80A,0.0659,LBen
G80C,0.0912,LBen
G80D,0.0615,LBen
G80E,0.0651,LBen
G80F,0.1499,LBen
G80H,0.1075,LBen
G80I,0.0852,LBen
G80K,0.0988,LBen
G80L,0.1158,LBen
G80M,0.1403,LBen
G80N,0.0903,LBen
G80P,0.1668,LBen
G80Q,0.0989,LBen
G80R,0.0897,LBen
G80S,0.0725,LBen
G80T,0.0717,LBen
G80V,0.0681,LBen
G80W,0.1291,LBen
G80Y,0.1034,LBen
A81C,0.1637,LBen
A81D,0.0774,LBen
A81E,0.077,LBen
A81F,0.1057,LBen
A81G,0.0694,LBen
A81H,0.1417,LBen
A81I,0.0852,LBen
A81K,0.0985,LBen
A81L,0.0722,LBen
A81M,0.094,LBen
A81N,0.0884,LBen
A81P,0.078,LBen
A81Q,0.1063,LBen
A81R,0.0968,LBen
A81S,0.0677,LBen
A81T,0.0631,LBen
A81V,0.0676,LBen
A81W,0.22,LBen
A81Y,0.1377,LBen
K82A,0.091,LBen
K82C,0.2793,LBen
K82D,0.1236,LBen
K82E,0.06,LBen
K82F,0.2811,LBen
K82G,0.0986,LBen
K82H,0.1595,LBen
K82I,0.1263,LBen
K82L,0.1216,LBen
K82M,0.113,LBen
K82N,0.1121,LBen
K82P,0.1696,LBen
K82Q,0.0827,LBen
K82R,0.0692,LBen
K82S,0.1039,LBen
K82T,0.0781,LBen
K82V,0.1112,LBen
K82W,0.339,LBen
K82Y,0.2491,LBen
D83A,0.0826,LBen
D83C,0.2165,LBen
D83E,0.0818,LBen
D83F,0.2014,LBen
D83G,0.0684,LBen
D83H,0.1291,LBen
D83I,0.1197,LBen
D83K,0.1462,LBen
D83L,0.1394,LBen
D83M,0.2509,LBen
D83N,0.0765,LBen
D83P,0.2144,LBen
D83Q,0.1461,LBen
D83R,0.1577,LBen
D83S,0.0827,LBen
D83T,0.1077,LBen
D83V,0.0843,LBen
D83W,0.4827,Amb
D83Y,0.0953,LBen
S84A,0.0715,LBen
S84C,0.0629,LBen
S84D,0.0839,LBen
S84E,0.124,LBen
S84F,0.0972,LBen
S84G,0.0605,LBen
S84H,0.1092,LBen
S84I,0.0729,LBen
S84K,0.1618,LBen
S84L,0.0802,LBen
S84M,0.1279,LBen
S84N,0.0662,LBen
S84P,0.0982,LBen
S84Q,0.1573,LBen
S84R,0.1328,LBen
S84T,0.0681,LBen
S84V,0.0847,LBen
S84W,0.1428,LBen
S84Y,0.0843,LBen
H85A,0.0736,LBen
H85C,0.0714,LBen
H85D,0.0573,LBen
H85E,0.0828,LBen
H85F,0.1029,LBen
H85G,0.0884,LBen
H85I,0.0808,LBen
H85K,0.089,LBen
H85L,0.0591,LBen
H85M,0.1561,LBen
H85N,0.0591,LBen
H85P,0.0654,LBen
H85Q,0.0713,LBen
H85R,0.0694,LBen
H85S,0.0656,LBen
H85T,0.0737,LBen
H85V,0.0734,LBen
H85W,0.1623,LBen
H85Y,0.0635,LBen
P86A,0.0615,LBen
P86C,0.1237,LBen
P86D,0.1167,LBen
P86E,0.1006,LBen
P86F,0.1073,LBen
P86G,0.1176,LBen
P86H,0.0759,LBen
P86I,0.0811,LBen
P86K,0.1113,LBen
P86L,0.0592,LBen
P86M,0.1206,LBen
P86N,0.1099,LBen
P86Q,0.0804,LBen
P86R,0.0862,LBen
P86S,0.0651,LBen
P86T,0.0644,LBen
P86V,0.0738,LBen
P86W,0.1556,LBen
P86Y,0.1148,LBen
S87A,0.0562,LBen
S87C,0.0827,LBen
S87D,0.1271,LBen
S87E,0.136,LBen
S87F,0.0857,LBen
S87G,0.0793,LBen
S87H,0.1559,LBen
S87I,0.0841,LBen
S87K,0.2119,LBen
S87L,0.0653,LBen
S87M,0.1225,LBen
S87N,0.0995,LBen
S87P,0.0677,LBen
S87Q,0.1802,LBen
S87R,0.1981,LBen
S87T,0.0666,LBen
S87V,0.0815,LBen
S87W,0.1341,LBen
S87Y,0.0952,LBen
E88A,0.1639,LBen
E88C,0.7161,LPath
E88D,0.1011,LBen
E88F,0.6357,LPath
E88G,0.1332,LBen
E88H,0.4141,Amb
E88I,0.3345,LBen
E88K,0.1336,LBen
E88L,0.3129,LBen
E88M,0.4177,Amb
E88N,0.249,LBen
E88P,0.4185,Amb
E88Q,0.1563,LBen
E88R,0.2167,LBen
E88S,0.1941,LBen
E88T,0.2249,LBen
E88V,0.1961,LBen
E88W,0.7721,LPath
E88Y,0.5071,Amb
E89A,0.1663,LBen
E89C,0.75,LPath
E89D,0.1039,LBen
E89F,0.6014,LPath
E89G,0.1557,LBen
E89H,0.5082,Amb
E89I,0.2813,LBen
E89K,0.2111,LBen
E89L,0.2971,LBen
E89M,0.3824,Amb
E89N,0.2479,LBen
E89P,0.4746,Amb
E89Q,0.1876,LBen
E89R,0.3517,Amb
E89S,0.226,LBen
E89T,0.2466,LBen
E89V,0.1735,LBen
E89W,0.8508,LPath
E89Y,0.4736,Amb
P90A,0.0949,LBen
P90C,0.5168,Amb
P90D,0.4134,Amb
P90E,0.2513,LBen
P90F,0.5019,Amb
P90G,0.3714,Amb
P90H,0.272,LBen
P90I,0.2906,LBen
P90K,0.2868,LBen
P90L,0.1369,LBen
P90M,0.2896,LBen
P90N,0.3847,Amb
P90Q,0.21,LBen
P90R,0.2099,LBen
P90S,0.1949,LBen
P90T,0.1246,LBen
P90V,0.2018,LBen
P90W,0.6546,LPath
P90Y,0.4604,Amb
V91A,0.7453,LPath
V91C,0.9297,LPath
V91D,0.9618,LPath
V91E,0.8851,LPath
V91F,0.5694,LPath
V91G,0.8344,LPath
V91H,0.9714,LPath
V91I,0.0805,LBen
V91K,0.9037,LPath
V91L,0.4299,Amb
V91M,0.461,Amb
V91N,0.9248,LPath
V91P,0.8187,LPath
V91Q,0.902,LPath
V91R,0.8729,LPath
V91S,0.8757,LPath
V91T,0.7705,LPath
V91W,0.971,LPath
V91Y,0.9173,LPath
K92A,0.8138,LPath
K92C,0.8369,LPath
K92D,0.9842,LPath
K92E,0.7301,LPath
K92F,0.9526,LPath
K92G,0.9497,LPath
K92H,0.7684,LPath
K92I,0.4001,Amb
K92L,0.6101,LPath
K92M,0.5194,Amb
K92N,0.9296,LPath
K92P,0.928,LPath
K92Q,0.4584,Amb
K92R,0.1518,LBen
K92S,0.9353,LPath
K92T,0.6282,LPath
K92V,0.3559,Amb
K92W,0.9637,LPath
K92Y,0.9153,LPath
S93A,0.124,LBen
S93C,0.1974,LBen
S93D,0.7289,LPath
S93E,0.7014,LPath
S93F,0.4564,Amb
S93G,0.2171,LBen
S93H,0.6379,LPath
S93I,0.322,LBen
S93K,0.8827,LPath
S93L,0.2059,LBen
S93M,0.3339,LBen
S93N,0.3327,LBen
S93P,0.3946,Amb
S93Q,0.7127,LPath
S93R,0.8484,LPath
S93T,0.1546,LBen
S93V,0.312,LBen
S93W,0.5551,Amb
S93Y,0.3083,LBen
F94A,0.8107,LPath
F94C,0.5171,Amb
F94D,0.9401,LPath
F94E,0.9402,LPath
F94G,0.9159,LPath
F94H,0.7184,LPath
F94I,0.5282,Amb
F94K,0.9042,LPath
F94L,0.923,LPath
F94M,0.7891,LPath
F94N,0.8341,LPath
F94P,0.9944,LPath
F94Q,0.8812,LPath
F94R,0.7641,LPath
F94S,0.6596,LPath
F94T,0.8135,LPath
F94V,0.4488,Amb
F94W,0.6156,LPath
F94Y,0.1799,LBen
S95A,0.0999,LBen
S95C,0.0565,LBen
S95D,0.8447,LPath
S95E,0.7623,LPath
S95F,0.4757,Amb
S95G,0.1298,LBen
S95H,0.4747,Amb
S95I,0.4182,Amb
S95K,0.6918,LPath
S95L,0.2279,LBen
S95M,0.3812,Amb
S95N,0.4329,Amb
S95P,0.5011,Amb
S95Q,0.5247,Amb
S95R,0.5087,Amb
S95T,0.2435,LBen
S95V,0.3859,Amb
S95W,0.4842,Amb
S95Y,0.3511,Amb
K96A,0.5995,LPath
K96C,0.8216,LPath
K96D,0.8501,LPath
K96E,0.4164,Amb
K96F,0.9116,LPath
K96G,0.6654,LPath
K96H,0.5622,Amb
K96I,0.674,LPath
K96L,0.6148,LPath
K96M,0.4862,Amb
K96N,0.7828,LPath
K96P,0.8671,LPath
K96Q,0.2762,LBen
K96R,0.0955,LBen
K96S,0.6947,LPath
K96T,0.4339,Amb
K96V,0.5676,LPath
K96W,0.8701,LPath
K96Y,0.8012,LPath
T97A,0.0876,LBen
T97C,0.3067,LBen
T97D,0.2236,LBen
T97E,0.1936,LBen
T97F,0.1737,LBen
T97G,0.1804,LBen
T97H,0.1715,LBen
T97I,0.2046,LBen
T97K,0.1792,LBen
T97L,0.0981,LBen
T97M,0.0805,LBen
T97N,0.0818,LBen
T97P,0.4155,Amb
T97Q,0.1639,LBen
T97R,0.1449,LBen
T97S,0.0801,LBen
T97V,0.1652,LBen
T97W,0.4182,Amb
T97Y,0.1796,LBen
Q98A,0.8117,LPath
Q98C,0.9915,LPath
Q98D,0.9909,LPath
Q98E,0.4868,Amb
Q98F,0.9946,LPath
Q98G,0.8797,LPath
Q98H,0.9858,LPath
Q98I,0.9565,LPath
Q98K,0.869,LPath
Q98L,0.8746,LPath
Q98M,0.8869,LPath
Q98N,0.9493,LPath
Q98P,0.9387,LPath
Q98R,0.8571,LPath
Q98S,0.8747,LPath
Q98T,0.9136,LPath
Q98V,0.9,LPath
Q98W,0.9961,LPath
Q98Y,0.9948,LPath
R99A,0.9785,LPath
R99C,0.7846,LPath
R99D,0.9757,LPath
R99E,0.879,LPath
R99F,0.9861,LPath
R99G,0.9219,LPath
R99H,0.6593,LPath
R99I,0.951,LPath
R99K,0.5937,LPath
R99L,0.9346,LPath
R99M,0.9717,LPath
R99N,0.976,LPath
R99P,0.96,LPath
R99Q,0.5995,LPath
R99S,0.9782,LPath
R99T,0.9723,LPath
R99V,0.9623,LPath
R99W,0.7954,LPath
R99Y,0.9327,LPath
W100A,0.517,Amb
W100C,0.7707,LPath
W100D,0.778,LPath
W100E,0.7152,LPath
W100F,0.3553,Amb
W100G,0.4712,Amb
W100H,0.7705,LPath
W100I,0.6237,LPath
W100K,0.7938,LPath
W100L,0.3991,Amb
W100M,0.6332,LPath
W100N,0.8015,LPath
W100P,0.6527,LPath
W100Q,0.7725,LPath
W100R,0.7721,LPath
W100S,0.5563,Amb
W100T,0.6459,LPath
W100V,0.556,Amb
W100Y,0.4843,Amb
A101C,0.6384,LPath
A101D,0.8989,LPath
A101E,0.7939,LPath
A101F,0.8633,LPath
A101G,0.2353,LBen
A101H,0.8927,LPath
A101I,0.7041,LPath
A101K,0.8955,LPath
A101L,0.6106,LPath
A101M,0.7201,LPath
A101N,0.8285,LPath
A101P,0.0762,LBen
A101Q,0.7935,LPath
A101R,0.8258,LPath
A101S,0.2216,LBen
A101T,0.4222,Amb
A101V,0.384,Amb
A101W,0.9487,LPath
A101Y,0.8826,LPath
E102A,0.1099,LBen
E102C,0.6716,LPath
E102D,0.1506,LBen
E102F,0.5023,Amb
E102G,0.1178,LBen
E102H,0.3456,Amb
E102I,0.2149,LBen
E102K,0.087,LBen
E102L,0.1718,LBen
E102M,0.2733,LBen
E102N,0.2105,LBen
E102P,0.6048,LPath
E102Q,0.0994,LBen
E102R,0.1603,LBen
E102S,0.162,LBen
E102T,0.1809,LBen
E102V,0.1341,LBen
E102W,0.7913,LPath
E102Y,0.4289,Amb
P103A,0.0838,LBen
P103C,0.4293,Amb
P103D,0.3006,LBen
P103E,0.1849,LBen
P103F,0.3854,Amb
P103G,0.3419,Amb
P103H,0.2024,LBen
P103I,0.2239,LBen
P103K,0.2338,LBen
P103L,0.1066,LBen
P103M,0.235,LBen
P103N,0.2819,LBen
P103Q,0.1634,LBen
P103R,0.1765,LBen
P103S,0.1549,LBen
P103T,0.1143,LBen
P103V,0.1665,LBen
P103W,0.5153,Amb
P103Y,0.3577,Amb
G104A,0.3757,Amb
G104C,0.4936,Amb
G104D,0.3319,LBen
G104E,0.3474,Amb
G104F,0.8006,LPath
G104H,0.645,LPath
G104I,0.8035,LPath
G104K,0.6694,LPath
G104L,0.7258,LPath
G104M,0.7402,LPath
G104N,0.4391,Amb
G104P,0.969,LPath
G104Q,0.5123,Amb
G104R,0.5321,Amb
G104S,0.2392,LBen
G104T,0.4317,Amb
G104V,0.6677,LPath
G104W,0.6172,LPath
G104Y,0.6614,LPath
E105A,0.8708,LPath
E105C,0.9723,LPath
E105D,0.6744,LPath
E105F,0.9856,LPath
E105G,0.8861,LPath
E105H,0.957,LPath
E105I,0.9691,LPath
E105K,0.8631,LPath
E105L,0.9666,LPath
E105M,0.9502,LPath
E105N,0.9258,LPath
E105P,0.9961,LPath
E105Q,0.6986,LPath
E105R,0.933,LPath
E105S,0.8899,LPath
E105T,0.9547,LPath
E105V,0.9261,LPath
E105W,0.9953,LPath
E105Y,0.9673,LPath
P106A,0.7072,LPath
P106C,0.9665,LPath
P106D,0.9726,LPath
P106E,0.9356,LPath
P106F,0.9791,LPath
P106G,0.9424,LPath
P106H,0.923,LPath
P106I,0.9452,LPath
P106K,0.9563,LPath
P106L,0.8492,LPath
P106M,0.944,LPath
P106N,0.9622,LPath
P106Q,0.9284,LPath
P106R,0.8954,LPath
P106S,0.9103,LPath
P106T,0.8735,LPath
P106V,0.8851,LPath
P106W,0.9852,LPath
P106Y,0.961,LPath
I107A,0.1243,LBen
I107C,0.3852,Amb
I107D,0.3812,Amb
I107E,0.2362,LBen
I107F,0.1145,LBen
I107G,0.2464,LBen
I107H,0.3144,LBen
I107K,0.1635,LBen
I107L,0.0945,LBen
I107M,0.0932,LBen
I107N,0.1647,LBen
I107P,0.5671,LPath
I107Q,0.2016,LBen
I107R,0.1232,LBen
I107S,0.1381,LBen
I107T,0.1096,LBen
I107V,0.0474,LBen
I107W,0.6496,LPath
I107Y,0.3311,LBen
C108A,0.995,LPath
C108D,0.9983,LPath
C108E,0.9996,LPath
C108F,0.988,LPath
C108G,0.9811,LPath
C108H,0.9972,LPath
C108I,0.9983,LPath
C108K,0.9999,LPath
C108L,0.9934,LPath
C108M,0.9981,LPath
C108N,0.9993,LPath
C108P,0.9991,LPath
C108Q,0.9997,LPath
C108R,0.9979,LPath
C108S,0.9943,LPath
C108T,0.9986,LPath
C108V,0.9961,LPath
C108W,0.9953,LPath
C108Y,0.9947,LPath
V109A,0.1766,LBen
V109C,0.6826,LPath
V109D,0.6719,LPath
V109E,0.5205,Amb
V109F,0.3366,LBen
V109G,0.386,Amb
V109H,0.7455,LPath
V109I,0.0795,LBen
V109K,0.4853,Amb
V109L,0.4185,Amb
V109M,0.2388,LBen
V109N,0.5152,Amb
V109P,0.7794,LPath
V109Q,0.5417,Amb
V109R,0.4194,Amb
V109S,0.2707,LBen
V109T,0.2256,LBen
V109W,0.9017,LPath
V109Y,0.755,LPath
V110A,0.3503,Amb
V110C,0.6696,LPath
V110D,0.7484,LPath
V110E,0.5257,Amb
V110F,0.1775,LBen
V110G,0.4957,Amb
V110H,0.6426,LPath
V110I,0.074,LBen
V110K,0.5502,Amb
V110L,0.2424,LBen
V110M,0.1591,LBen
V110N,0.5197,Amb
V110P,0.9399,LPath
V110Q,0.4789,Amb
V110R,0.4698,Amb
V110S,0.392,Amb
V110T,0.3596,Amb
V110W,0.7827,LPath
V110Y,0.5305,Amb
C111A,0.9955,LPath
C111D,0.9957,LPath
C111E,0.9991,LPath
C111F,0.9891,LPath
C111G,0.9717,LPath
C111H,0.9941,LPath
C111I,0.9987,LPath
C111K,0.9997,LPath
C111L,0.9949,LPath
C111M,0.9975,LPath
C111N,0.9983,LPath
C111P,0.9989,LPath
C111Q,0.9994,LPath
C111R,0.996,LPath
C111S,0.9923,LPath
C111T,0.9977,LPath
C111V,0.9971,LPath
C111W,0.9902,LPath
C111Y,0.9925,LPath
G112A,0.3544,Amb
G112C,0.3833,Amb
G112D,0.4608,Amb
G112E,0.4054,Amb
G112F,0.8053,LPath
G112H,0.4108,Amb
G112I,0.8378,LPath
G112K,0.3875,Amb
G112L,0.6987,LPath
G112M,0.7337,LPath
G112N,0.3468,Amb
G112P,0.9879,LPath
G112Q,0.2919,LBen
G112R,0.2697,LBen
G112S,0.1521,LBen
G112T,0.5236,Amb
G112V,0.7629,LPath
G112W,0.6867,LPath
G112Y,0.6467,LPath
R113A,0.9664,LPath
R113C,0.4793,Amb
R113D,0.995,LPath
R113E,0.9388,LPath
R113F,0.9537,LPath
R113G,0.9278,LPath
R113H,0.4364,Amb
R113I,0.9328,LPath
R113K,0.3122,LBen
R113L,0.8221,LPath
R113M,0.9091,LPath
R113N,0.9778,LPath
R113P,0.9956,LPath
R113Q,0.409,Amb
R113S,0.9822,LPath
R113T,0.9703,LPath
R113V,0.952,LPath
R113W,0.6813,LPath
R113Y,0.8658,LPath
Y114A,0.965,LPath
Y114C,0.7532,LPath
Y114D,0.9441,LPath
Y114E,0.9848,LPath
Y114F,0.1191,LBen
Y114G,0.9417,LPath
Y114H,0.8222,LPath
Y114I,0.9358,LPath
Y114K,0.9803,LPath
Y114L,0.9048,LPath
Y114M,0.9484,LPath
Y114N,0.879,LPath
Y114P,0.987,LPath
Y114Q,0.9795,LPath
Y114R,0.9474,LPath
Y114S,0.9169,LPath
Y114T,0.9734,LPath
Y114V,0.8966,LPath
Y114W,0.6187,LPath
G115A,0.6833,LPath
G115C,0.9518,LPath
G115D,0.9927,LPath
G115E,0.9886,LPath
G115F,0.9973,LPath
G115H,0.9974,LPath
G115I,0.9885,LPath
G115K,0.9931,LPath
G115L,0.9899,LPath
G115M,0.9948,LPath
G115N,0.9946,LPath
G115P,0.996,LPath
G115Q,0.9892,LPath
G115R,0.973,LPath
G115S,0.818,LPath
G115T,0.9678,LPath
G115V,0.9677,LPath
G115W,0.9916,LPath
G115Y,0.9958,LPath
E116A,0.3934,Amb
E116C,0.9627,LPath
E116D,0.8379,LPath
E116F,0.9811,LPath
E116G,0.661,LPath
E116H,0.9515,LPath
E116I,0.9053,LPath
E116K,0.7033,LPath
E116L,0.9305,LPath
E116M,0.8873,LPath
E116N,0.9109,LPath
E116P,0.9878,LPath
E116Q,0.4908,Amb
E116R,0.7947,LPath
E116S,0.7138,LPath
E116T,0.8702,LPath
E116V,0.7928,LPath
E116W,0.9947,LPath
E116Y,0.9644,LPath
Y117A,0.9942,LPath
Y117C,0.9612,LPath
Y117D,0.9837,LPath
Y117E,0.9962,LPath
Y117F,0.3922,Amb
Y117G,0.983,LPath
Y117H,0.9834,LPath
Y117I,0.9713,LPath
Y117K,0.9969,LPath
Y117L,0.9572,LPath
Y117M,0.9807,LPath
Y117N,0.9575,LPath
Y117P,0.999,LPath
Y117Q,0.9979,LPath
Y117R,0.9932,LPath
Y117S,0.9861,LPath
Y117T,0.9944,LPath
Y117V,0.9532,LPath
Y117W,0.8947,LPath
I118A,0.9398,LPath
I118C,0.9412,LPath
I118D,0.9906,LPath
I118E,0.9764,LPath
I118F,0.6393,LPath
I118G,0.9833,LPath
I118H,0.9507,LPath
I118K,0.9336,LPath
I118L,0.4179,Amb
I118M,0.5146,Amb
I118N,0.9255,LPath
I118P,0.9869,LPath
I118Q,0.9465,LPath
I118R,0.8607,LPath
I118S,0.9115,LPath
I118T,0.8861,LPath
I118V,0.1562,LBen
I118W,0.9621,LPath
I118Y,0.8942,LPath
C119A,0.8671,LPath
C119D,0.9732,LPath
C119E,0.9897,LPath
C119F,0.8316,LPath
C119G,0.7807,LPath
C119H,0.9545,LPath
C119I,0.8206,LPath
C119K,0.9962,LPath
C119L,0.7782,LPath
C119M,0.918,LPath
C119N,0.8821,LPath
C119P,0.9968,LPath
C119Q,0.9821,LPath
C119R,0.9556,LPath
C119S,0.7238,LPath
C119T,0.8574,LPath
C119V,0.6803,LPath
C119W,0.9204,LPath
C119Y,0.8951,LPath
D120A,0.6461,LPath
D120C,0.8882,LPath
D120E,0.5663,LPath
D120F,0.9099,LPath
D120G,0.5277,Amb
D120H,0.6642,LPath
D120I,0.8623,LPath
D120K,0.8556,LPath
D120L,0.8346,LPath
D120M,0.9273,LPath
D120N,0.183,LBen
D120P,0.9365,LPath
D120Q,0.7984,LPath
D120R,0.8264,LPath
D120S,0.2916,LBen
D120T,0.6186,LPath
D120V,0.7165,LPath
D120W,0.9651,LPath
D120Y,0.6193,LPath
K121A,0.1385,LBen
K121C,0.3938,Amb
K121D,0.2191,LBen
K121E,0.0683,LBen
K121F,0.5154,Amb
K121G,0.2233,LBen
K121H,0.189,LBen
K121I,0.1783,LBen
K121L,0.1688,LBen
K121M,0.1278,LBen
K121N,0.1883,LBen
K121P,0.7102,LPath
K121Q,0.0808,LBen
K121R,0.0773,LBen
K121S,0.167,LBen
K121T,0.0911,LBen
K121V,0.1582,LBen
K121W,0.554,Amb
K121Y,0.3759,Amb
T122A,0.6825,LPath
T122C,0.9211,LPath
T122D,0.862,LPath
T122E,0.8783,LPath
T122F,0.9453,LPath
T122G,0.7881,LPath
T122H,0.8443,LPath
T122I,0.9331,LPath
T122K,0.8586,LPath
T122L,0.7302,LPath
T122M,0.461,Amb
T122N,0.6334,LPath
T122P,0.918,LPath
T122Q,0.8814,LPath
T122R,0.8249,LPath
T122S,0.4634,Amb
T122V,0.8521,LPath
T122W,0.9471,LPath
T122Y,0.9121,LPath
D123A,0.4,Amb
D123C,0.8097,LPath
D123E,0.2727,LBen
D123F,0.8246,LPath
D123G,0.2716,LBen
D123H,0.5919,LPath
D123I,0.8,LPath
D123K,0.6503,LPath
D123L,0.66,LPath
D123M,0.7889,LPath
D123N,0.129,LBen
D123P,0.9515,LPath
D123Q,0.6072,LPath
D123R,0.6445,LPath
D123S,0.231,LBen
D123T,0.558,Amb
D123V,0.6051,LPath
D123W,0.9272,LPath
D123Y,0.4551,Amb
E124A,0.1485,LBen
E124C,0.7846,LPath
E124D,0.199,LBen
E124F,0.7793,LPath
E124G,0.2196,LBen
E124H,0.446,Amb
E124I,0.4982,Amb
E124K,0.1273,LBen
E124L,0.455,Amb
E124M,0.4196,Amb
E124N,0.2517,LBen
E124P,0.9828,LPath
E124Q,0.1373,LBen
E124R,0.2158,LBen
E124S,0.2202,LBen
E124T,0.2708,LBen
E124V,0.286,LBen
E124W,0.9084,LPath
E124Y,0.6172,LPath
D125A,0.9594,LPath
D125C,0.9953,LPath
D125E,0.9703,LPath
D125F,0.9895,LPath
D125G,0.9674,LPath
D125H,0.9804,LPath
D125I,0.9812,LPath
D125K,0.9923,LPath
D125L,0.981,LPath
D125M,0.9937,LPath
D125N,0.8928,LPath
D125P,0.9946,LPath
D125Q,0.9957,LPath
D125R,0.9927,LPath
D125S,0.9619,LPath
D125T,0.9834,LPath
D125V,0.9481,LPath
D125W,0.9957,LPath
D125Y,0.8779,LPath
V126A,0.9417,LPath
V126C,0.9704,LPath
V126D,0.996,LPath
V126E,0.9895,LPath
V126F,0.913,LPath
V126G,0.9647,LPath
V126H,0.997,LPath
V126I,0.092,LBen
V126K,0.9922,LPath
V126L,0.7966,LPath
V126M,0.8168,LPath
V126N,0.9882,LPath
V126P,0.997,LPath
V126Q,0.9919,LPath
V126R,0.9832,LPath
V126S,0.9682,LPath
V126T,0.8784,LPath
V126W,0.9977,LPath
V126Y,0.9882,LPath
C127A,0.9943,LPath
C127D,0.9987,LPath
C127E,0.9997,LPath
C127F,0.9867,LPath
C127G,0.9809,LPath
C127H,0.9976,LPath
C127I,0.9978,LPath
C127K,0.9998,LPath
C127L,0.9935,LPath
C127M,0.9983,LPath
C127N,0.9993,LPath
C127P,0.9987,LPath
C127Q,0.9996,LPath
C127R,0.9972,LPath
C127S,0.9944,LPath
C127T,0.9988,LPath
C127V,0.9959,LPath
C127W,0.9952,LPath
C127Y,0.9934,LPath
S128A,0.6915,LPath
S128C,0.7369,LPath
S128D,0.9954,LPath
S128E,0.9975,LPath
S128F,0.9903,LPath
S128G,0.7993,LPath
S128H,0.9869,LPath
S128I,0.9869,LPath
S128K,0.9994,LPath
S128L,0.959,LPath
S128M,0.9855,LPath
S128N,0.9756,LPath
S128P,0.9926,LPath
S128Q,0.9966,LPath
S128R,0.9979,LPath
S128T,0.7599,LPath
S128V,0.9761,LPath
S128W,0.9838,LPath
S128Y,0.9771,LPath
L129A,0.6753,LPath
L129C,0.8742,LPath
L129D,0.9795,LPath
L129E,0.7723,LPath
L129F,0.4759,Amb
L129G,0.9278,LPath
L129H,0.7585,LPath
L129I,0.2036,LBen
L129K,0.5581,Amb
L129M,0.1924,LBen
L129N,0.9201,LPath
L129P,0.9367,LPath
L129Q,0.5223,Amb
L129R,0.4443,Amb
L129S,0.8147,LPath
L129T,0.621,LPath
L129V,0.198,LBen
L129W,0.5352,Amb
L129Y,0.7811,LPath
E130A,0.5765,LPath
E130C,0.9828,LPath
E130D,0.8663,LPath
E130F,0.9858,LPath
E130G,0.7733,LPath
E130H,0.9536,LPath
E130I,0.9352,LPath
E130K,0.8515,LPath
E130L,0.942,LPath
E130M,0.9375,LPath
E130N,0.9407,LPath
E130P,0.9804,LPath
E130Q,0.417,Amb
E130R,0.8738,LPath
E130S,0.7934,LPath
E130T,0.8895,LPath
E130V,0.8417,LPath
E130W,0.9962,LPath
E130Y,0.9686,LPath
C131A,0.9955,LPath
C131D,0.9971,LPath
C131E,0.9991,LPath
C131F,0.9882,LPath
C131G,0.9703,LPath
C131H,0.9959,LPath
C131I,0.998,LPath
C131K,0.9996,LPath
C131L,0.994,LPath
C131M,0.9955,LPath
C131N,0.9981,LPath
C131P,0.9998,LPath
C131Q,0.9993,LPath
C131R,0.9973,LPath
C131S,0.9962,LPath
C131T,0.9988,LPath
C131V,0.9958,LPath
C131W,0.992,LPath
C131Y,0.9866,LPath
K132A,0.9321,LPath
K132C,0.9584,LPath
K132D,0.9954,LPath
K132E,0.8526,LPath
K132F,0.9884,LPath
K132G,0.9681,LPath
K132H,0.9004,LPath
K132I,0.9381,LPath
K132L,0.8623,LPath
K132M,0.7612,LPath
K132N,0.9861,LPath
K132P,0.9969,LPath
K132Q,0.6691,LPath
K132R,0.1812,LBen
K132S,0.9734,LPath
K132T,0.8983,LPath
K132V,0.8917,LPath
K132W,0.9841,LPath
K132Y,0.9574,LPath
A133C,0.8292,LPath
A133D,0.8515,LPath
A133E,0.6945,LPath
A133F,0.7456,LPath
A133G,0.2963,LBen
A133H,0.8765,LPath
A133I,0.7359,LPath
A133K,0.8594,LPath
A133L,0.522,Amb
A133M,0.5554,Amb
A133N,0.7595,LPath
A133P,0.9801,LPath
A133Q,0.7292,LPath
A133R,0.776,LPath
A133S,0.2672,LBen
A133T,0.4074,Amb
A133V,0.44,Amb
A133W,0.9184,LPath
A133Y,0.7768,LPath
K134A,0.2972,LBen
K134C,0.5332,Amb
K134D,0.6573,LPath
K134E,0.1842,LBen
K134F,0.6454,LPath
K134G,0.3992,Amb
K134H,0.2835,LBen
K134I,0.27,LBen
K134L,0.2549,LBen
K134M,0.1972,LBen
K134N,0.4127,Amb
K134P,0.9543,LPath
K134Q,0.1238,LBen
K134R,0.0684,LBen
K134S,0.3853,Amb
K134T,0.1866,LBen
K134V,0.2651,LBen
K134W,0.576,LPath
K134Y,0.5082,Amb
H135A,0.613,LPath
H135C,0.2866,LBen
H135D,0.6516,LPath
H135E,0.6853,LPath
H135F,0.3914,Amb
H135G,0.7217,LPath
H135I,0.3962,Amb
H135K,0.5988,LPath
H135L,0.1741,LBen
H135M,0.6201,LPath
H135N,0.174,LBen
H135P,0.8564,LPath
H135Q,0.4868,Amb
H135R,0.3353,LBen
H135S,0.5456,Amb
H135T,0.5767,LPath
H135V,0.3718,Amb
H135W,0.5248,Amb
H135Y,0.111,LBen
L136A,0.547,Amb
L136C,0.6127,LPath
L136D,0.8986,LPath
L136E,0.6077,LPath
L136F,0.2195,LBen
L136G,0.8034,LPath
L136H,0.4207,Amb
L136I,0.1022,LBen
L136K,0.5545,Amb
L136M,0.1391,LBen
L136N,0.689,LPath
L136P,0.935,LPath
L136Q,0.3322,LBen
L136R,0.3818,Amb
L136S,0.6011,LPath
L136T,0.4856,Amb
L136V,0.1296,LBen
L136W,0.3897,Amb
L136Y,0.5059,Amb
L137A,0.1551,LBen
L137C,0.2963,LBen
L137D,0.4895,Amb
L137E,0.2201,LBen
L137F,0.1077,LBen
L137G,0.2989,LBen
L137H,0.152,LBen
L137I,0.086,LBen
L137K,0.1586,LBen
L137M,0.0952,LBen
L137N,0.2779,LBen
L137P,0.547,Amb
L137Q,0.0948,LBen
L137R,0.11,LBen
L137S,0.1572,LBen
L137T,0.1756,LBen
L137V,0.0866,LBen
L137W,0.1507,LBen
L137Y,0.2299,LBen
Q138A,0.1024,LBen
Q138C,0.232,LBen
Q138D,0.1691,LBen
Q138E,0.0677,LBen
Q138F,0.2843,LBen
Q138G,0.1241,LBen
Q138H,0.097,LBen
Q138I,0.1737,LBen
Q138K,0.0652,LBen
Q138L,0.0681,LBen
Q138M,0.1817,LBen
Q138N,0.14,LBen
Q138P,0.1391,LBen
Q138R,0.0662,LBen
Q138S,0.132,LBen
Q138T,0.1055,LBen
Q138V,0.1302,LBen
Q138W,0.1682,LBen
Q138Y,0.171,LBen
V139A,0.1051,LBen
V139C,0.3932,Amb
V139D,0.1355,LBen
V139E,0.1153,LBen
V139F,0.0909,LBen
V139G,0.0918,LBen
V139H,0.2586,LBen
V139I,0.0732,LBen
V139K,0.1375,LBen
V139L,0.1077,LBen
V139M,0.0883,LBen
V139N,0.1158,LBen
V139P,0.3943,Amb
V139Q,0.14,LBen
V139R,0.1374,LBen
V139S,0.1077,LBen
V139T,0.1224,LBen
V139W,0.399,Amb
V139Y,0.2385,LBen
K140A,0.1216,LBen
K140C,0.32,LBen
K140D,0.1911,LBen
K140E,0.07,LBen
K140F,0.3907,Amb
K140G,0.1339,LBen
K140H,0.1745,LBen
K140I,0.1605,LBen
K140L,0.1442,LBen
K140M,0.1146,LBen
K140N,0.1432,LBen
K140P,0.2388,LBen
K140Q,0.0781,LBen
K140R,0.0712,LBen
K140S,0.1371,LBen
K140T,0.0802,LBen
K140V,0.1513,LBen
K140W,0.3669,Amb
K140Y,0.3163,LBen
E141A,0.0851,LBen
E141C,0.3815,Amb
E141D,0.0925,LBen
E141F,0.3466,Amb
E141G,0.0555,LBen
E141H,0.2091,LBen
E141I,0.1506,LBen
E141K,0.0799,LBen
E141L,0.1527,LBen
E141M,0.2038,LBen
E141N,0.1261,LBen
E141P,0.2142,LBen
E141Q,0.0885,LBen
E141R,0.1143,LBen
E141S,0.109,LBen
E141T,0.1083,LBen
E141V,0.097,LBen
E141W,0.3906,Amb
E141Y,0.246,LBen
K142A,0.0997,LBen
K142C,0.3047,LBen
K142D,0.1313,LBen
K142E,0.0625,LBen
K142F,0.3011,LBen
K142G,0.1072,LBen
K142H,0.1661,LBen
K142I,0.1171,LBen
K142L,0.1184,LBen
K142M,0.0926,LBen
K142N,0.1006,LBen
K142P,0.1949,LBen
K142Q,0.0835,LBen
K142R,0.0764,LBen
K142S,0.1113,LBen
K142T,0.0694,LBen
K142V,0.1117,LBen
K142W,0.3313,LBen
K142Y,0.2478,LBen
E143A,0.0799,LBen
E143C,0.385,Amb
E143D,0.0918,LBen
E143F,0.3167,LBen
E143G,0.0683,LBen
E143H,0.1912,LBen
E143I,0.1343,LBen
E143K,0.0703,LBen
E143L,0.1376,LBen
E143M,0.1798,LBen
E143N,0.1206,LBen
E143P,0.1838,LBen
E143Q,0.0901,LBen
E143R,0.1077,LBen
E143S,0.1051,LBen
E143T,0.0931,LBen
E143V,0.0925,LBen
E143W,0.384,Amb
E143Y,0.2419,LBen
E144A,0.0823,LBen
E144C,0.3634,Amb
E144D,0.0855,LBen
E144F,0.2996,LBen
E144G,0.0582,LBen
E144H,0.1938,LBen
E144I,0.1266,LBen
E144K,0.0684,LBen
E144L,0.1424,LBen
E144M,0.1797,LBen
E144N,0.1098,LBen
E144P,0.1853,LBen
E144Q,0.0879,LBen
E144R,0.1043,LBen
E144S,0.1015,LBen
E144T,0.0968,LBen
E144V,0.0899,LBen
E144W,0.3633,Amb
E144Y,0.2137,LBen
K145A,0.0896,LBen
K145C,0.222,LBen
K145D,0.1194,LBen
K145E,0.0694,LBen
K145F,0.192,LBen
K145G,0.1062,LBen
K145H,0.125,LBen
K145I,0.0799,LBen
K145L,0.0937,LBen
K145M,0.0832,LBen
K145N,0.0814,LBen
K145P,0.143,LBen
K145Q,0.0797,LBen
K145R,0.0716,LBen
K145S,0.0899,LBen
K145T,0.0619,LBen
K145V,0.0899,LBen
K145W,0.2751,LBen
K145Y,0.1635,LBen
S146A,0.0603,LBen
S146C,0.0727,LBen
S146D,0.1048,LBen
S146E,0.0931,LBen
S146F,0.076,LBen
S146G,0.073,LBen
S146H,0.0902,LBen
S146I,0.0672,LBen
S146K,0.1018,LBen
S146L,0.0531,LBen
S146M,0.0886,LBen
S146N,0.0743,LBen
S146P,0.0588,LBen
S146Q,0.0966,LBen
S146R,0.0964,LBen
S146T,0.0619,LBen
S146V,0.0687,LBen
S146W,0.0762,LBen
S146Y,0.0714,LBen
K147A,0.0891,LBen
K147C,0.2039,LBen
K147D,0.1194,LBen
K147E,0.0685,LBen
K147F,0.1834,LBen
K147G,0.1089,LBen
K147H,0.1093,LBen
K147I,0.0856,LBen
K147L,0.0893,LBen
K147M,0.0932,LBen
K147N,0.0941,LBen
K147P,0.1407,LBen
K147Q,0.0749,LBen
K147R,0.0656,LBen
K147S,0.0926,LBen
K147T,0.0693,LBen
K147V,0.086,LBen
K147W,0.2688,LBen
K147Y,0.1644,LBen
L148A,0.068,LBen
L148C,0.125,LBen
L148D,0.1123,LBen
L148E,0.0917,LBen
L148F,0.0622,LBen
L148G,0.1095,LBen
L148H,0.0712,LBen
L148I,0.062,LBen
L148K,0.0762,LBen
L148M,0.0781,LBen
L148N,0.0868,LBen
L148P,0.0534,LBen
L148Q,0.0647,LBen
L148R,0.0636,LBen
L148S,0.0639,LBen
L148T,0.0668,LBen
L148V,0.0607,LBen
L148W,0.0785,LBen
L148Y,0.094,LBen
S149A,0.0636,LBen
S149C,0.0557,LBen
S149D,0.0943,LBen
S149E,0.1196,LBen
S149F,0.0824,LBen
S149G,0.0603,LBen
S149H,0.0962,LBen
S149I,0.0722,LBen
S149K,0.1308,LBen
S149L,0.0682,LBen
S149M,0.1234,LBen
S149N,0.0669,LBen
S149P,0.0621,LBen
S149Q,0.1284,LBen
S149R,0.1028,LBen
S149T,0.0647,LBen
S149V,0.0835,LBen
S149W,0.0941,LBen
S149Y,0.0699,LBen
N150A,0.0616,LBen
N150C,0.0652,LBen
N150D,0.0586,LBen
N150E,0.0867,LBen
N150F,0.104,LBen
N150G,0.0804,LBen
N150H,0.0527,LBen
N150I,0.0559,LBen
N150K,0.0663,LBen
N150L,0.061,LBen
N150M,0.1105,LBen
N150P,0.0946,LBen
N150Q,0.0847,LBen
N150R,0.0697,LBen
N150S,0.0523,LBen
N150T,0.0575,LBen
N150V,0.0592,LBen
N150W,0.1988,LBen
N150Y,0.0505,LBen
P151A,0.0613,LBen
P151C,0.1218,LBen
P151D,0.1219,LBen
P151E,0.0956,LBen
P151F,0.1155,LBen
P151G,0.1128,LBen
P151H,0.0739,LBen
P151I,0.0819,LBen
P151K,0.0875,LBen
P151L,0.061,LBen
P151M,0.1162,LBen
P151N,0.1065,LBen
P151Q,0.072,LBen
P151R,0.0682,LBen
P151S,0.0672,LBen
P151T,0.0577,LBen
P151V,0.0778,LBen
P151W,0.148,LBen
P151Y,0.1105,LBen
Q152A,0.0939,LBen
Q152C,0.1814,LBen
Q152D,0.1366,LBen
Q152E,0.0642,LBen
Q152F,0.2326,LBen
Q152G,0.0935,LBen
Q152H,0.0984,LBen
Q152I,0.1371,LBen
Q152K,0.0676,LBen
Q152L,0.0756,LBen
Q152M,0.1733,LBen
Q152N,0.1351,LBen
Q152P,0.0664,LBen
Q152R,0.0665,LBen
Q152S,0.0996,LBen
Q152T,0.0965,LBen
Q152V,0.1062,LBen
Q152W,0.1403,LBen
Q152Y,0.1551,LBen
K153A,0.0941,LBen
K153C,0.2555,LBen
K153D,0.141,LBen
K153E,0.0653,LBen
K153F,0.23,LBen
K153G,0.1135,LBen
K153H,0.1349,LBen
K153I,0.1002,LBen
K153L,0.1044,LBen
K153M,0.087,LBen
K153N,0.102,LBen
K153P,0.163,LBen
K153Q,0.0803,LBen
K153R,0.0711,LBen
K153S,0.1095,LBen
K153T,0.0724,LBen
K153V,0.1002,LBen
K153W,0.3038,LBen
K153Y,0.194,LBen
A154C,0.2018,LBen
A154D,0.084,LBen
A154E,0.0869,LBen
A154F,0.1212,LBen
A154G,0.0748,LBen
A154H,0.1641,LBen
A154I,0.0999,LBen
A154K,0.1132,LBen
A154L,0.0865,LBen
A154M,0.1057,LBen
A154N,0.1056,LBen
A154P,0.0814,LBen
A154Q,0.1342,LBen
A154R,0.11,LBen
A154S,0.0758,LBen
A154T,0.0657,LBen
A154V,0.0723,LBen
A154W,0.2407,LBen
A154Y,0.1422,LBen
D155A,0.0576,LBen
D155C,0.1176,LBen
D155E,0.0797,LBen
D155F,0.1289,LBen
D155G,0.0596,LBen
D155H,0.0804,LBen
D155I,0.0749,LBen
D155K,0.0878,LBen
D155L,0.0912,LBen
D155M,0.1694,LBen
D155N,0.0627,LBen
D155P,0.137,LBen
D155Q,0.0996,LBen
D155R,0.0881,LBen
D155S,0.0596,LBen
D155T,0.0743,LBen
D155V,0.0605,LBen
D155W,0.3179,LBen
D155Y,0.0688,LBen
S156A,0.0594,LBen
S156C,0.071,LBen
S156D,0.124,LBen
S156E,0.1529,LBen
S156F,0.0767,LBen
S156G,0.0751,LBen
S156H,0.131,LBen
S156I,0.0757,LBen
S156K,0.1803,LBen
S156L,0.0639,LBen
S156M,0.1224,LBen
S156N,0.0907,LBen
S156P,0.0707,LBen
S156Q,0.1859,LBen
S156R,0.1461,LBen
S156T,0.0624,LBen
S156V,0.0839,LBen
S156W,0.1147,LBen
S156Y,0.0753,LBen
E157A,0.0691,LBen
E157C,0.2748,LBen
E157D,0.0848,LBen
E157F,0.1715,LBen
E157G,0.0686,LBen
E157H,0.1362,LBen
E157I,0.0915,LBen
E157K,0.0612,LBen
E157L,0.0975,LBen
E157M,0.1362,LBen
E157N,0.1073,LBen
E157P,0.1446,LBen
E157Q,0.0759,LBen
E157R,0.0847,LBen
E157S,0.0858,LBen
E157T,0.0829,LBen
E157V,0.0759,LBen
E157W,0.3102,LBen
E157Y,0.1547,LBen
P158A,0.0587,LBen
P158C,0.1556,LBen
P158D,0.1208,LBen
P158E,0.0912,LBen
P158F,0.1279,LBen
P158G,0.1145,LBen
P158H,0.0884,LBen
P158I,0.0954,LBen
P158K,0.0861,LBen
P158L,0.0643,LBen
P158M,0.1112,LBen
P158N,0.1116,LBen
P158Q,0.0792,LBen
P158R,0.0768,LBen
P158S,0.0724,LBen
P158T,0.0581,LBen
P158V,0.0836,LBen
P158W,0.1732,LBen
P158Y,0.1283,LBen
E159A,0.0639,LBen
E159C,0.2757,LBen
E159D,0.0829,LBen
E159F,0.1956,LBen
E159G,0.0666,LBen
E159H,0.1458,LBen
E159I,0.0994,LBen
E159K,0.0652,LBen
E159L,0.1087,LBen
E159M,0.1498,LBen
E159N,0.1048,LBen
E159P,0.143,LBen
E159Q,0.0781,LBen
E159R,0.09,LBen
E159S,0.0819,LBen
E159T,0.0815,LBen
E159V,0.0762,LBen
E159W,0.3186,LBen
E159Y,0.1606,LBen
S160A,0.0652,LBen
S160C,0.0673,LBen
S160D,0.1113,LBen
S160E,0.1433,LBen
S160F,0.0687,LBen
S160G,0.0761,LBen
S160H,0.1049,LBen
S160I,0.0678,LBen
S160K,0.155,LBen
S160L,0.0633,LBen
S160M,0.1115,LBen
S160N,0.0739,LBen
S160P,0.068,LBen
S160Q,0.156,LBen
S160R,0.1353,LBen
S160T,0.0655,LBen
S160V,0.0802,LBen
S160W,0.1209,LBen
S160Y,0.0612,LBen
P161A,0.0615,LBen
P161C,0.1186,LBen
P161D,0.1156,LBen
P161E,0.1016,LBen
P161F,0.1012,LBen
P161G,0.1151,LBen
P161H,0.069,LBen
P161I,0.0842,LBen
P161K,0.094,LBen
P161L,0.0584,LBen
P161M,0.1191,LBen
P161N,0.105,LBen
P161Q,0.0746,LBen
P161R,0.0712,LBen
P161S,0.0643,LBen
P161T,0.0621,LBen
P161V,0.0773,LBen
P161W,0.1502,LBen
P161Y,0.1076,LBen
L162A,0.0731,LBen
L162C,0.1203,LBen
L162D,0.139,LBen
L162E,0.0952,LBen
L162F,0.0623,LBen
L162G,0.1147,LBen
L162H,0.0752,LBen
L162I,0.0654,LBen
L162K,0.0802,LBen
L162M,0.0803,LBen
L162N,0.1078,LBen
L162P,0.061,LBen
L162Q,0.0615,LBen
L162R,0.0642,LBen
L162S,0.0665,LBen
L162T,0.0771,LBen
L162V,0.0623,LBen
L162W,0.0672,LBen
L162Y,0.1053,LBen
N163A,0.0714,LBen
N163C,0.09,LBen
N163D,0.0578,LBen
N163E,0.0912,LBen
N163F,0.1473,LBen
N163G,0.0915,LBen
N163H,0.0567,LBen
N163I,0.0795,LBen
N163K,0.0774,LBen
N163L,0.0812,LBen
N163M,0.1311,LBen
N163P,0.0939,LBen
N163Q,0.0963,LBen
N163R,0.0793,LBen
N163S,0.0604,LBen
N163T,0.0644,LBen
N163V,0.0757,LBen
N163W,0.2448,LBen
N163Y,0.0656,LBen
A164C,0.1709,LBen
A164D,0.0846,LBen
A164E,0.0965,LBen
A164F,0.1119,LBen
A164G,0.0837,LBen
A164H,0.1373,LBen
A164I,0.087,LBen
A164K,0.1151,LBen
A164L,0.0855,LBen
A164M,0.1089,LBen
A164N,0.0984,LBen
A164P,0.0825,LBen
A164Q,0.1289,LBen
A164R,0.1086,LBen
A164S,0.0732,LBen
A164T,0.0626,LBen
A164V,0.0695,LBen
A164W,0.2472,LBen
A164Y,0.1307,LBen
S165A,0.0612,LBen
S165C,0.0651,LBen
S165D,0.1219,LBen
S165E,0.1555,LBen
S165F,0.0688,LBen
S165G,0.0807,LBen
S165H,0.1075,LBen
S165I,0.0767,LBen
S165K,0.1724,LBen
S165L,0.0769,LBen
S165M,0.1346,LBen
S165N,0.0893,LBen
S165P,0.0605,LBen
S165Q,0.1566,LBen
S165R,0.1335,LBen
S165T,0.069,LBen
S165V,0.0826,LBen
S165W,0.11,LBen
S165Y,0.0728,LBen
Y166A,0.2806,LBen
Y166C,0.0915,LBen
Y166D,0.2049,LBen
Y166E,0.4495,Amb
Y166F,0.0865,LBen
Y166G,0.2495,LBen
Y166H,0.1761,LBen
Y166I,0.3289,LBen
Y166K,0.4943,Amb
Y166L,0.327,LBen
Y166M,0.4782,Amb
Y166N,0.1742,LBen
Y166P,0.3672,Amb
Y166Q,0.404,Amb
Y166R,0.3234,LBen
Y166S,0.1564,LBen
Y166T,0.272,LBen
Y166V,0.2441,LBen
Y166W,0.2662,LBen
V167A,0.0716,LBen
V167C,0.251,LBen
V167D,0.0858,LBen
V167E,0.0883,LBen
V167F,0.0705,LBen
V167G,0.0826,LBen
V167H,0.1369,LBen
V167I,0.0675,LBen
V167K,0.0926,LBen
V167L,0.0872,LBen
V167M,0.0899,LBen
V167N,0.0829,LBen
V167P,0.161,LBen
V167Q,0.1019,LBen
V167R,0.0796,LBen
V167S,0.073,LBen
V167T,0.0787,LBen
V167W,0.305,LBen
V167Y,0.1598,LBen
Y168A,0.8654,LPath
Y168C,0.3927,Amb
Y168D,0.8372,LPath
Y168E,0.9206,LPath
Y168F,0.1789,LBen
Y168G,0.753,LPath
Y168H,0.618,LPath
Y168I,0.8197,LPath
Y168K,0.9293,LPath
Y168L,0.6657,LPath
Y168M,0.8754,LPath
Y168N,0.6951,LPath
Y168P,0.7537,LPath
Y168Q,0.8888,LPath
Y168R,0.824,LPath
Y168S,0.6989,LPath
Y168T,0.8852,LPath
Y168V,0.7394,LPath
Y168W,0.4501,Amb
K169A,0.1664,LBen
K169C,0.3606,Amb
K169D,0.2579,LBen
K169E,0.0652,LBen
K169F,0.4825,Amb
K169G,0.2003,LBen
K169H,0.1813,LBen
K169I,0.2026,LBen
K169L,0.1981,LBen
K169M,0.1422,LBen
K169N,0.194,LBen
K169P,0.5329,Amb
K169Q,0.0834,LBen
K169R,0.069,LBen
K169S,0.1822,LBen
K169T,0.0982,LBen
K169V,0.1768,LBen
K169W,0.4597,Amb
K169Y,0.3649,Amb
E170A,0.2081,LBen
E170C,0.8524,LPath
E170D,0.2432,LBen
E170F,0.8832,LPath
E170G,0.257,LBen
E170H,0.7422,LPath
E170I,0.4535,Amb
E170K,0.3464,Amb
E170L,0.5263,Amb
E170M,0.6031,LPath
E170N,0.4375,Amb
E170P,0.3022,LBen
E170Q,0.2358,LBen
E170R,0.4979,Amb
E170S,0.3511,Amb
E170T,0.4061,Amb
E170V,0.2639,LBen
E170W,0.9585,LPath
E170Y,0.782,LPath
H171A,0.4812,Amb
H171C,0.3094,LBen
H171D,0.1893,LBen
H171E,0.5974,LPath
H171F,0.6806,LPath
H171G,0.6521,LPath
H171I,0.5712,LPath
H171K,0.734,LPath
H171L,0.3055,LBen
H171M,0.7181,LPath
H171N,0.1169,LBen
H171P,0.1758,LBen
H171Q,0.5825,LPath
H171R,0.6683,LPath
H171S,0.2854,LBen
H171T,0.5073,Amb
H171V,0.5797,LPath
H171W,0.781,LPath
H171Y,0.2082,LBen
P172A,0.0697,LBen
P172C,0.2128,LBen
P172D,0.1536,LBen
P172E,0.1316,LBen
P172F,0.2518,LBen
P172G,0.1717,LBen
P172H,0.1013,LBen
P172I,0.1671,LBen
P172K,0.1411,LBen
P172L,0.0951,LBen
P172M,0.2104,LBen
P172N,0.1492,LBen
P172Q,0.1069,LBen
P172R,0.0969,LBen
P172S,0.0806,LBen
P172T,0.0805,LBen
P172V,0.1242,LBen
P172W,0.3068,LBen
P172Y,0.1958,LBen
F173A,0.4865,Amb
F173C,0.3676,Amb
F173D,0.6751,LPath
F173E,0.7253,LPath
F173G,0.7146,LPath
F173H,0.5847,LPath
F173I,0.258,LBen
F173K,0.8278,LPath
F173L,0.7681,LPath
F173M,0.5158,Amb
F173N,0.6337,LPath
F173P,0.9586,LPath
F173Q,0.7086,LPath
F173R,0.6966,LPath
F173S,0.3868,Amb
F173T,0.5239,Amb
F173V,0.2029,LBen
F173W,0.5503,Amb
F173Y,0.1905,LBen
I174A,0.7885,LPath
I174C,0.8356,LPath
I174D,0.9769,LPath
I174E,0.9625,LPath
I174F,0.3278,LBen
I174G,0.9369,LPath
I174H,0.8955,LPath
I174K,0.9404,LPath
I174L,0.1032,LBen
I174M,0.1911,LBen
I174N,0.7639,LPath
I174P,0.9303,LPath
I174Q,0.907,LPath
I174R,0.8861,LPath
I174S,0.7313,LPath
I174T,0.6346,LPath
I174V,0.1133,LBen
I174W,0.9345,LPath
I174Y,0.8174,LPath
L175A,0.0614,LBen
L175C,0.1264,LBen
L175D,0.2371,LBen
L175E,0.1159,LBen
L175F,0.0882,LBen
L175G,0.1319,LBen
L175H,0.0949,LBen
L175I,0.0786,LBen
L175K,0.095,LBen
L175M,0.0728,LBen
L175N,0.1365,LBen
L175P,0.4334,Amb
L175Q,0.0709,LBen
L175R,0.0737,LBen
L175S,0.0601,LBen
L175T,0.0695,LBen
L175V,0.0672,LBen
L175W,0.0983,LBen
L175Y,0.127,LBen
N176A,0.0889,LBen
N176C,0.0995,LBen
N176D,0.0714,LBen
N176E,0.141,LBen
N176F,0.2519,LBen
N176G,0.0974,LBen
N176H,0.0597,LBen
N176I,0.1431,LBen
N176K,0.1074,LBen
N176L,0.1186,LBen
N176M,0.1762,LBen
N176P,0.3535,Amb
N176Q,0.1225,LBen
N176R,0.1133,LBen
N176S,0.0547,LBen
N176T,0.0712,LBen
N176V,0.1403,LBen
N176W,0.3967,Amb
N176Y,0.089,LBen
L177A,0.7096,LPath
L177C,0.6898,LPath
L177D,0.973,LPath
L177E,0.8314,LPath
L177F,0.2632,LBen
L177G,0.894,LPath
L177H,0.6536,LPath
L177I,0.155,LBen
L177K,0.7231,LPath
L177M,0.1277,LBen
L177N,0.8901,LPath
L177P,0.9207,LPath
L177Q,0.4974,Amb
L177R,0.5486,Amb
L177S,0.7945,LPath
L177T,0.6778,LPath
L177V,0.2085,LBen
L177W,0.4699,Amb
L177Y,0.6496,LPath
Q178A,0.1344,LBen
Q178C,0.2516,LBen
Q178D,0.1761,LBen
Q178E,0.0716,LBen
Q178F,0.4408,Amb
Q178G,0.1046,LBen
Q178H,0.102,LBen
Q178I,0.3275,LBen
Q178K,0.0616,LBen
Q178L,0.1114,LBen
Q178M,0.2793,LBen
Q178N,0.1591,LBen
Q178P,0.0915,LBen
Q178R,0.0604,LBen
Q178S,0.1265,LBen
Q178T,0.1221,LBen
Q178V,0.2119,LBen
Q178W,0.2123,LBen
Q178Y,0.2382,LBen
E179A,0.0856,LBen
E179C,0.4587,Amb
E179D,0.0707,LBen
E179F,0.4412,Amb
E179G,0.0744,LBen
E179H,0.2054,LBen
E179I,0.1885,LBen
E179K,0.0752,LBen
E179L,0.209,LBen
E179M,0.2405,LBen
E179N,0.1149,LBen
E179P,0.1892,LBen
E179Q,0.0946,LBen
E179R,0.1261,LBen
E179S,0.1067,LBen
E179T,0.1136,LBen
E179V,0.1215,LBen
E179W,0.547,Amb
E179Y,0.2848,LBen
D180A,0.0744,LBen
D180C,0.192,LBen
D180E,0.0719,LBen
D180F,0.2052,LBen
D180G,0.0676,LBen
D180H,0.0884,LBen
D180I,0.1092,LBen
D180K,0.1011,LBen
D180L,0.141,LBen
D180M,0.2176,LBen
D180N,0.0668,LBen
D180P,0.2673,LBen
D180Q,0.1055,LBen
D180R,0.1141,LBen
D180S,0.0728,LBen
D180T,0.0951,LBen
D180V,0.0795,LBen
D180W,0.4432,Amb
D180Y,0.0843,LBen
Q181A,0.4723,Amb
Q181C,0.7961,LPath
Q181D,0.5589,Amb
Q181E,0.1181,LBen
Q181F,0.9124,LPath
Q181G,0.4968,Amb
Q181H,0.4766,Amb
Q181I,0.6863,LPath
Q181K,0.1453,LBen
Q181L,0.411,Amb
Q181M,0.6187,LPath
Q181N,0.5275,Amb
Q181P,0.5841,LPath
Q181R,0.1717,LBen
Q181S,0.5134,Amb
Q181T,0.4197,Amb
Q181V,0.5087,Amb
Q181W,0.802,LPath
Q181Y,0.7361,LPath
I182A,0.139,LBen
I182C,0.5899,LPath
I182D,0.684,LPath
I182E,0.458,Amb
I182F,0.2341,LBen
I182G,0.4526,Amb
I182H,0.5461,Amb
I182K,0.3257,LBen
I182L,0.1173,LBen
I182M,0.0838,LBen
I182N,0.3309,LBen
I182P,0.7256,LPath
I182Q,0.3918,Amb
I182R,0.2512,LBen
I182S,0.226,LBen
I182T,0.0722,LBen
I182V,0.0574,LBen
I182W,0.6997,LPath
I182Y,0.5713,LPath
E183A,0.0841,LBen
E183C,0.3947,Amb
E183D,0.0985,LBen
E183F,0.3732,Amb
E183G,0.0793,LBen
E183H,0.1739,LBen
E183I,0.1561,LBen
E183K,0.0695,LBen
E183L,0.1534,LBen
E183M,0.1975,LBen
E183N,0.113,LBen
E183P,0.5774,LPath
E183Q,0.0712,LBen
E183R,0.0975,LBen
E183S,0.0997,LBen
E183T,0.1001,LBen
E183V,0.119,LBen
E183W,0.4578,Amb
E183Y,0.2614,LBen
N184A,0.1237,LBen
N184C,0.1388,LBen
N184D,0.116,LBen
N184E,0.1939,LBen
N184F,0.249,LBen
N184G,0.1834,LBen
N184H,0.0687,LBen
N184I,0.0985,LBen
N184K,0.1247,LBen
N184L,0.1291,LBen
N184M,0.1609,LBen
N184P,0.6885,LPath
N184Q,0.1573,LBen
N184R,0.1459,LBen
N184S,0.0846,LBen
N184T,0.0812,LBen
N184V,0.1208,LBen
N184W,0.4542,Amb
N184Y,0.0795,LBen
L185A,0.7535,LPath
L185C,0.703,LPath
L185D,0.9876,LPath
L185E,0.9109,LPath
L185F,0.2467,LBen
L185G,0.9478,LPath
L185H,0.7586,LPath
L185I,0.0956,LBen
L185K,0.8114,LPath
L185M,0.1411,LBen
L185N,0.9364,LPath
L185P,0.9858,LPath
L185Q,0.68,LPath
L185R,0.6927,LPath
L185S,0.8862,LPath
L185T,0.6481,LPath
L185V,0.1157,LBen
L185W,0.5046,Amb
L185Y,0.6641,LPath
K186A,0.5704,LPath
K186C,0.4456,Amb
K186D,0.9184,LPath
K186E,0.2795,LBen
K186F,0.7365,LPath
K186G,0.6359,LPath
K186H,0.3301,LBen
K186I,0.3905,Amb
K186L,0.2981,LBen
K186M,0.2474,LBen
K186N,0.7154,LPath
K186P,0.9511,LPath
K186Q,0.1182,LBen
K186R,0.0665,LBen
K186S,0.6482,LPath
K186T,0.3091,LBen
K186V,0.415,Amb
K186W,0.601,LPath
K186Y,0.5538,Amb
Q187A,0.1368,LBen
Q187C,0.1895,LBen
Q187D,0.2045,LBen
Q187E,0.0772,LBen
Q187F,0.2963,LBen
Q187G,0.1177,LBen
Q187H,0.0954,LBen
Q187I,0.1885,LBen
Q187K,0.0672,LBen
Q187L,0.0771,LBen
Q187M,0.1852,LBen
Q187N,0.1456,LBen
Q187P,0.4805,Amb
Q187R,0.0673,LBen
Q187S,0.1366,LBen
Q187T,0.1217,LBen
Q187V,0.1549,LBen
Q187W,0.1658,LBen
Q187Y,0.1659,LBen
Q188A,0.3458,Amb
Q188C,0.6712,LPath
Q188D,0.4354,Amb
Q188E,0.0976,LBen
Q188F,0.8087,LPath
Q188G,0.3683,Amb
Q188H,0.2825,LBen
Q188I,0.528,Amb
Q188K,0.1351,LBen
Q188L,0.2499,LBen
Q188M,0.4747,Amb
Q188N,0.3221,LBen
Q188P,0.7047,LPath
Q188R,0.1431,LBen
Q188S,0.3315,LBen
Q188T,0.2925,LBen
Q188V,0.3999,Amb
Q188W,0.6927,LPath
Q188Y,0.5036,Amb
L189A,0.4569,Amb
L189C,0.615,LPath
L189D,0.9322,LPath
L189E,0.7065,LPath
L189F,0.2229,LBen
L189G,0.7799,LPath
L189H,0.3816,Amb
L189I,0.1724,LBen
L189K,0.6052,LPath
L189M,0.1478,LBen
L189N,0.6898,LPath
L189P,0.943,LPath
L189Q,0.3861,Amb
L189R,0.4273,Amb
L189S,0.6067,LPath
L189T,0.4508,Amb
L189V,0.1835,LBen
L189W,0.2963,LBen
L189Y,0.5068,Amb
G190A,0.16,LBen
G190C,0.2057,LBen
G190D,0.1532,LBen
G190E,0.1935,LBen
G190F,0.6749,LPath
G190H,0.2806,LBen
G190I,0.5634,Amb
G190K,0.3085,LBen
G190L,0.5031,Amb
G190M,0.568,LPath
G190N,0.1999,LBen
G190P,0.9317,LPath
G190Q,0.2305,LBen
G190R,0.225,LBen
G190S,0.1222,LBen
G190T,0.2983,LBen
G190V,0.4054,Amb
G190W,0.5174,Amb
G190Y,0.45,Amb
I191A,0.9035,LPath
I191C,0.867,LPath
I191D,0.9876,LPath
I191E,0.9828,LPath
I191F,0.3514,Amb
I191G,0.9605,LPath
I191H,0.9595,LPath
I191K,0.9663,LPath
I191L,0.1657,LBen
I191M,0.1721,LBen
I191N,0.8725,LPath
I191P,0.9821,LPath
I191Q,0.9614,LPath
I191R,0.9467,LPath
I191S,0.8815,LPath
I191T,0.9141,LPath
I191V,0.1595,LBen
I191W,0.9533,LPath
I191Y,0.8414,LPath
L192A,0.0516,LBen
L192C,0.113,LBen
L192D,0.1348,LBen
L192E,0.0915,LBen
L192F,0.057,LBen
L192G,0.1335,LBen
L192H,0.0629,LBen
L192I,0.0507,LBen
L192K,0.0785,LBen
L192M,0.0633,LBen
L192N,0.0853,LBen
L192P,0.445,Amb
L192Q,0.062,LBen
L192R,0.0631,LBen
L192S,0.0525,LBen
L192T,0.048,LBen
L192V,0.0474,LBen
L192W,0.0871,LBen
L192Y,0.0936,LBen
V193A,0.1755,LBen
V193C,0.6161,LPath
V193D,0.5946,LPath
V193E,0.4942,Amb
V193F,0.2629,LBen
V193G,0.2737,LBen
V193H,0.7157,LPath
V193I,0.0796,LBen
V193K,0.6056,LPath
V193L,0.2269,LBen
V193M,0.2118,LBen
V193N,0.4376,Amb
V193P,0.6635,LPath
V193Q,0.5068,Amb
V193R,0.5621,Amb
V193S,0.2273,LBen
V193T,0.1682,LBen
V193W,0.8648,LPath
V193Y,0.6736,LPath
Q194A,0.1424,LBen
Q194C,0.2718,LBen
Q194D,0.1702,LBen
Q194E,0.0625,LBen
Q194F,0.3625,Amb
Q194G,0.1624,LBen
Q194H,0.1014,LBen
Q194I,0.2244,LBen
Q194K,0.0723,LBen
Q194L,0.0966,LBen
Q194M,0.2456,LBen
Q194N,0.1734,LBen
Q194P,0.2902,LBen
Q194R,0.072,LBen
Q194S,0.1407,LBen
Q194T,0.1182,LBen
Q194V,0.1617,LBen
Q194W,0.2177,LBen
Q194Y,0.2043,LBen
G195A,0.4459,Amb
G195C,0.6414,LPath
G195D,0.6537,LPath
G195E,0.7113,LPath
G195F,0.9308,LPath
G195H,0.8924,LPath
G195I,0.8437,LPath
G195K,0.8967,LPath
G195L,0.8944,LPath
G195M,0.9197,LPath
G195N,0.7564,LPath
G195P,0.9407,LPath
G195Q,0.8393,LPath
G195R,0.8397,LPath
G195S,0.3021,LBen
G195T,0.6457,LPath
G195V,0.7356,LPath
G195W,0.8495,LPath
G195Y,0.8623,LPath
Q196A,0.115,LBen
Q196C,0.2343,LBen
Q196D,0.1264,LBen
Q196E,0.0624,LBen
Q196F,0.3271,LBen
Q196G,0.1036,LBen
Q196H,0.1007,LBen
Q196I,0.1943,LBen
Q196K,0.0623,LBen
Q196L,0.0911,LBen
Q196M,0.2097,LBen
Q196N,0.1235,LBen
Q196P,0.0841,LBen
Q196R,0.0664,LBen
Q196S,0.1137,LBen
Q196T,0.1033,LBen
Q196V,0.1488,LBen
Q196W,0.19,LBen
Q196Y,0.1966,LBen
E197A,0.0758,LBen
E197C,0.3185,LBen
E197D,0.0633,LBen
E197F,0.3331,LBen
E197G,0.0633,LBen
E197H,0.1562,LBen
E197I,0.1718,LBen
E197K,0.0794,LBen
E197L,0.1649,LBen
E197M,0.2022,LBen
E197N,0.0877,LBen
E197P,0.2622,LBen
E197Q,0.0863,LBen
E197R,0.1151,LBen
E197S,0.0946,LBen
E197T,0.1055,LBen
E197V,0.1105,LBen
E197W,0.4466,Amb
E197Y,0.205,LBen
V198A,0.1643,LBen
V198C,0.6412,LPath
V198D,0.3336,LBen
V198E,0.3337,LBen
V198F,0.2194,LBen
V198G,0.1968,LBen
V198H,0.6489,LPath
V198I,0.0797,LBen
V198K,0.413,Amb
V198L,0.2506,LBen
V198M,0.1643,LBen
V198N,0.2656,LBen
V198P,0.3079,LBen
V198Q,0.4573,Amb
V198R,0.4235,Amb
V198S,0.2386,LBen
V198T,0.194,LBen
V198W,0.8143,LPath
V198Y,0.5673,LPath
T199A,0.0579,LBen
T199C,0.1415,LBen
T199D,0.2037,LBen
T199E,0.1621,LBen
T199F,0.1466,LBen
T199G,0.126,LBen
T199H,0.1342,LBen
T199I,0.0909,LBen
T199K,0.1175,LBen
T199L,0.0756,LBen
T199M,0.0765,LBen
T199N,0.086,LBen
T199P,0.0507,LBen
T199Q,0.1302,LBen
T199R,0.0951,LBen
T199S,0.0741,LBen
T199V,0.0833,LBen
T199W,0.3333,LBen
T199Y,0.1607,LBen
R200A,0.478,Amb
R200C,0.1631,LBen
R200D,0.796,LPath
R200E,0.5314,Amb
R200F,0.7222,LPath
R200G,0.302,LBen
R200H,0.1296,LBen
R200I,0.6065,LPath
R200K,0.1324,LBen
R200L,0.3711,Amb
R200M,0.5235,Amb
R200N,0.6472,LPath
R200P,0.4145,Amb
R200Q,0.1362,LBen
R200S,0.5586,Amb
R200T,0.5084,Amb
R200V,0.6253,LPath
R200W,0.2702,LBen
R200Y,0.4626,Amb
P201A,0.5165,Amb
P201C,0.8925,LPath
P201D,0.9922,LPath
P201E,0.9767,LPath
P201F,0.9573,LPath
P201G,0.9285,LPath
P201H,0.9559,LPath
P201I,0.7594,LPath
P201K,0.9879,LPath
P201L,0.4414,Amb
P201M,0.8187,LPath
P201N,0.9771,LPath
P201Q,0.9426,LPath
P201R,0.9686,LPath
P201S,0.8613,LPath
P201T,0.7386,LPath
P201V,0.6346,LPath
P201W,0.9869,LPath
P201Y,0.9741,LPath
I202A,0.6475,LPath
I202C,0.8304,LPath
I202D,0.99,LPath
I202E,0.9809,LPath
I202F,0.5221,Amb
I202G,0.9396,LPath
I202H,0.9759,LPath
I202K,0.9782,LPath
I202L,0.1985,LBen
I202M,0.1805,LBen
I202N,0.8778,LPath
I202P,0.9731,LPath
I202Q,0.9656,LPath
I202R,0.9637,LPath
I202S,0.7869,LPath
I202T,0.7013,LPath
I202V,0.0661,LBen
I202W,0.9817,LPath
I202Y,0.9405,LPath
I203A,0.2913,LBen
I203C,0.6983,LPath
I203D,0.9249,LPath
I203E,0.8602,LPath
I203F,0.2151,LBen
I203G,0.7479,LPath
I203H,0.8311,LPath
I203K,0.737,LPath
I203L,0.1058,LBen
I203M,0.1081,LBen
I203N,0.6873,LPath
I203P,0.8305,LPath
I203Q,0.7716,LPath
I203R,0.6243,LPath
I203S,0.4501,Amb
I203T,0.1397,LBen
I203V,0.0613,LBen
I203W,0.7924,LPath
I203Y,0.7239,LPath
D204A,0.1974,LBen
D204C,0.5415,Amb
D204E,0.1629,LBen
D204F,0.6922,LPath
D204G,0.2295,LBen
D204H,0.3511,Amb
D204I,0.5264,Amb
D204K,0.6003,LPath
D204L,0.4959,Amb
D204M,0.7136,LPath
D204N,0.1425,LBen
D204P,0.9577,LPath
D204Q,0.4385,Amb
D204R,0.5327,Amb
D204S,0.1298,LBen
D204T,0.3097,LBen
D204V,0.3226,LBen
D204W,0.9162,LPath
D204Y,0.2921,LBen
F205A,0.9835,LPath
F205C,0.9648,LPath
F205D,0.996,LPath
F205E,0.9968,LPath
F205G,0.9915,LPath
F205H,0.9799,LPath
F205I,0.8312,LPath
F205K,0.9971,LPath
F205L,0.9783,LPath
F205M,0.9003,LPath
F205N,0.9899,LPath
F205P,0.9979,LPath
F205Q,0.9952,LPath
F205R,0.9925,LPath
F205S,0.9739,LPath
F205T,0.9772,LPath
F205V,0.8631,LPath
F205W,0.6639,LPath
F205Y,0.5851,LPath
E206A,0.1307,LBen
E206C,0.6186,LPath
E206D,0.1666,LBen
E206F,0.6211,LPath
E206G,0.1168,LBen
E206H,0.3044,LBen
E206I,0.2995,LBen
E206K,0.114,LBen
E206L,0.3135,LBen
E206M,0.3956,Amb
E206N,0.252,LBen
E206P,0.5307,Amb
E206Q,0.0999,LBen
E206R,0.1769,LBen
E206S,0.1436,LBen
E206T,0.1941,LBen
E206V,0.2015,LBen
E206W,0.756,LPath
E206Y,0.4793,Amb
H207A,0.7159,LPath
H207C,0.4333,Amb
H207D,0.3733,Amb
H207E,0.6661,LPath
H207F,0.6352,LPath
H207G,0.7645,LPath
H207I,0.7629,LPath
H207K,0.8962,LPath
H207L,0.4152,Amb
H207M,0.6773,LPath
H207N,0.1757,LBen
H207P,0.7968,LPath
H207Q,0.4969,Amb
H207R,0.8305,LPath
H207S,0.527,Amb
H207T,0.7568,LPath
H207V,0.7637,LPath
H207W,0.8332,LPath
H207Y,0.2363,LBen
C208A,0.4848,Amb
C208D,0.9557,LPath
C208E,0.9785,LPath
C208F,0.2862,LBen
C208G,0.2534,LBen
C208H,0.9083,LPath
C208I,0.5402,Amb
C208K,0.9869,LPath
C208L,0.3953,Amb
C208M,0.6934,LPath
C208N,0.8619,LPath
C208P,0.9774,LPath
C208Q,0.9463,LPath
C208R,0.9182,LPath
C208S,0.409,Amb
C208T,0.5706,LPath
C208V,0.4672,Amb
C208W,0.7739,LPath
C208Y,0.6307,LPath
S209A,0.074,LBen
S209C,0.0592,LBen
S209D,0.0772,LBen
S209E,0.1172,LBen
S209F,0.1348,LBen
S209G,0.0483,LBen
S209H,0.0958,LBen
S209I,0.1133,LBen
S209K,0.1473,LBen
S209L,0.1068,LBen
S209M,0.171,LBen
S209N,0.0709,LBen
S209P,0.2067,LBen
S209Q,0.1225,LBen
S209R,0.1013,LBen
S209T,0.0919,LBen
S209V,0.1116,LBen
S209W,0.1536,LBen
S209Y,0.0902,LBen
L210A,0.4569,Amb
L210C,0.2996,LBen
L210D,0.9198,LPath
L210E,0.8508,LPath
L210F,0.036,LBen
L210G,0.6762,LPath
L210H,0.5335,Amb
L210I,0.0764,LBen
L210K,0.8223,LPath
L210M,0.0949,LBen
L210N,0.7361,LPath
L210P,0.6958,LPath
L210Q,0.6147,LPath
L210R,0.7285,LPath
L210S,0.5392,Amb
L210T,0.4756,Amb
L210V,0.0911,LBen
L210W,0.2104,LBen
L210Y,0.2307,LBen
P211A,0.2216,LBen
P211C,0.6685,LPath
P211D,0.6241,LPath
P211E,0.5641,LPath
P211F,0.7605,LPath
P211G,0.5009,Amb
P211H,0.3872,Amb
P211I,0.7138,LPath
P211K,0.6273,LPath
P211L,0.2614,LBen
P211M,0.5686,LPath
P211N,0.5351,Amb
P211Q,0.4158,Amb
P211R,0.4834,Amb
P211S,0.2311,LBen
P211T,0.2378,LBen
P211V,0.5375,Amb
P211W,0.7923,LPath
P211Y,0.7225,LPath
E212A,0.0891,LBen
E212C,0.529,Amb
E212D,0.0842,LBen
E212F,0.4503,Amb
E212G,0.093,LBen
E212H,0.2175,LBen
E212I,0.2043,LBen
E212K,0.0811,LBen
E212L,0.1995,LBen
E212M,0.2483,LBen
E212N,0.1463,LBen
E212P,0.2025,LBen
E212Q,0.1004,LBen
E212R,0.1231,LBen
E212S,0.1162,LBen
E212T,0.1284,LBen
E212V,0.125,LBen
E212W,0.5759,LPath
E212Y,0.3055,LBen
V213A,0.0634,LBen
V213C,0.3584,Amb
V213D,0.1061,LBen
V213E,0.1107,LBen
V213F,0.1036,LBen
V213G,0.1002,LBen
V213H,0.2134,LBen
V213I,0.0649,LBen
V213K,0.1178,LBen
V213L,0.1034,LBen
V213M,0.0873,LBen
V213N,0.1003,LBen
V213P,0.1266,LBen
V213Q,0.1395,LBen
V213R,0.1211,LBen
V213S,0.0802,LBen
V213T,0.0705,LBen
V213W,0.4259,Amb
V213Y,0.2108,LBen
L214A,0.7382,LPath
L214C,0.7426,LPath
L214D,0.992,LPath
L214E,0.9511,LPath
L214F,0.2748,LBen
L214G,0.9439,LPath
L214H,0.9128,LPath
L214I,0.0925,LBen
L214K,0.9526,LPath
L214M,0.1704,LBen
L214N,0.9604,LPath
L214P,0.9159,LPath
L214Q,0.8474,LPath
L214R,0.9144,LPath
L214S,0.8986,LPath
L214T,0.7005,LPath
L214V,0.1185,LBen
L214W,0.6476,LPath
L214Y,0.8405,LPath
N215A,0.13,LBen
N215C,0.1038,LBen
N215D,0.1358,LBen
N215E,0.2297,LBen
N215F,0.2406,LBen
N215G,0.1612,LBen
N215H,0.0628,LBen
N215I,0.09,LBen
N215K,0.1423,LBen
N215L,0.1043,LBen
N215M,0.1801,LBen
N215P,0.5708,LPath
N215Q,0.1696,LBen
N215R,0.1453,LBen
N215S,0.0697,LBen
N215T,0.0894,LBen
N215V,0.1184,LBen
N215W,0.4156,Amb
N215Y,0.072,LBen
H216A,0.0922,LBen
H216C,0.0678,LBen
H216D,0.0723,LBen
H216E,0.0951,LBen
H216F,0.143,LBen
H216G,0.1008,LBen
H216I,0.1171,LBen
H216K,0.0979,LBen
H216L,0.0749,LBen
H216M,0.1878,LBen
H216N,0.059,LBen
H216P,0.3651,Amb
H216Q,0.0712,LBen
H216R,0.0588,LBen
H216S,0.0779,LBen
H216T,0.0866,LBen
H216V,0.1053,LBen
H216W,0.1917,LBen
H216Y,0.0653,LBen
N217A,0.6375,LPath
N217C,0.3592,Amb
N217D,0.7686,LPath
N217E,0.9015,LPath
N217F,0.9126,LPath
N217G,0.6465,LPath
N217H,0.2814,LBen
N217I,0.5769,LPath
N217K,0.879,LPath
N217L,0.6175,LPath
N217M,0.8302,LPath
N217P,0.9527,LPath
N217Q,0.772,LPath
N217R,0.7443,LPath
N217S,0.1577,LBen
N217T,0.4741,Amb
N217V,0.5722,LPath
N217W,0.9569,LPath
N217Y,0.5389,Amb
L218A,0.8076,LPath
L218C,0.7545,LPath
L218D,0.9983,LPath
L218E,0.9788,LPath
L218F,0.4115,Amb
L218G,0.9674,LPath
L218H,0.9586,LPath
L218I,0.0949,LBen
L218K,0.965,LPath
L218M,0.1311,LBen
L218N,0.9851,LPath
L218P,0.9908,LPath
L218Q,0.8766,LPath
L218R,0.922,LPath
L218S,0.9384,LPath
L218T,0.7689,LPath
L218V,0.1172,LBen
L218W,0.7885,LPath
L218Y,0.9132,LPath
K219A,0.3349,LBen
K219C,0.4841,Amb
K219D,0.6743,LPath
K219E,0.1501,LBen
K219F,0.6503,LPath
K219G,0.3781,Amb
K219H,0.2868,LBen
K219I,0.2861,LBen
K219L,0.24,LBen
K219M,0.1783,LBen
K219N,0.4914,Amb
K219P,0.8923,LPath
K219Q,0.0969,LBen
K219R,0.0741,LBen
K219S,0.4077,Amb
K219T,0.2108,LBen
K219V,0.2783,LBen
K219W,0.557,Amb
K219Y,0.5223,Amb
K220A,0.1011,LBen
K220C,0.2011,LBen
K220D,0.191,LBen
K220E,0.0817,LBen
K220F,0.282,LBen
K220G,0.1543,LBen
K220H,0.1159,LBen
K220I,0.109,LBen
K220L,0.1023,LBen
K220M,0.0784,LBen
K220N,0.101,LBen
K220P,0.6993,LPath
K220Q,0.0685,LBen
K220R,0.0656,LBen
K220S,0.1137,LBen
K220T,0.0682,LBen
K220V,0.1065,LBen
K220W,0.3457,Amb
K220Y,0.1972,LBen
S221A,0.0516,LBen
S221C,0.0583,LBen
S221D,0.4232,Amb
S221E,0.4473,Amb
S221F,0.1386,LBen
S221G,0.0881,LBen
S221H,0.2924,LBen
S221I,0.1479,LBen
S221K,0.6183,LPath
S221L,0.0776,LBen
S221M,0.1424,LBen
S221N,0.1494,LBen
S221P,0.7184,LPath
S221Q,0.4116,Amb
S221R,0.515,Amb
S221T,0.089,LBen
S221V,0.1262,LBen
S221W,0.1909,LBen
S221Y,0.121,LBen
G222A,0.3316,LBen
G222C,0.3498,Amb
G222D,0.4609,Amb
G222E,0.5199,Amb
G222F,0.8608,LPath
G222H,0.5591,Amb
G222I,0.7819,LPath
G222K,0.5375,Amb
G222L,0.7538,LPath
G222M,0.7823,LPath
G222N,0.4179,Amb
G222P,0.9709,LPath
G222Q,0.4566,Amb
G222R,0.3835,Amb
G222S,0.1809,LBen
G222T,0.5095,Amb
G222V,0.6859,LPath
G222W,0.7571,LPath
G222Y,0.7491,LPath
Y223A,0.9637,LPath
Y223C,0.4729,Amb
Y223D,0.9312,LPath
Y223E,0.9813,LPath
Y223F,0.1161,LBen
Y223G,0.9355,LPath
Y223H,0.8388,LPath
Y223I,0.8286,LPath
Y223K,0.9794,LPath
Y223L,0.7434,LPath
Y223M,0.8445,LPath
Y223N,0.8404,LPath
Y223P,0.9949,LPath
Y223Q,0.9698,LPath
Y223R,0.9544,LPath
Y223S,0.8932,LPath
Y223T,0.9622,LPath
Y223V,0.8148,LPath
Y223W,0.499,Amb
E224A,0.1756,LBen
E224C,0.7787,LPath
E224D,0.1593,LBen
E224F,0.7539,LPath
E224G,0.228,LBen
E224H,0.4603,Amb
E224I,0.3128,LBen
E224K,0.1605,LBen
E224L,0.3672,Amb
E224M,0.409,Amb
E224N,0.3039,LBen
E224P,0.799,LPath
E224Q,0.1569,LBen
E224R,0.266,LBen
E224S,0.2351,LBen
E224T,0.2171,LBen
E224V,0.1836,LBen
E224W,0.9055,LPath
E224Y,0.6261,LPath
V225A,0.2648,LBen
V225C,0.7436,LPath
V225D,0.611,LPath
V225E,0.5478,Amb
V225F,0.2028,LBen
V225G,0.3176,LBen
V225H,0.7237,LPath
V225I,0.0889,LBen
V225K,0.6081,LPath
V225L,0.3172,LBen
V225M,0.174,LBen
V225N,0.3991,Amb
V225P,0.9256,LPath
V225Q,0.5512,Amb
V225R,0.5814,LPath
V225S,0.2919,LBen
V225T,0.268,LBen
V225W,0.853,LPath
V225Y,0.5779,LPath
P226A,0.4494,Amb
P226C,0.8951,LPath
P226D,0.9992,LPath
P226E,0.9961,LPath
P226F,0.9912,LPath
P226G,0.964,LPath
P226H,0.9919,LPath
P226I,0.9523,LPath
P226K,0.9969,LPath
P226L,0.6368,LPath
P226M,0.9149,LPath
P226N,0.997,LPath
P226Q,0.9802,LPath
P226R,0.9871,LPath
P226S,0.9224,LPath
P226T,0.9113,LPath
P226V,0.88,LPath
P226W,0.9979,LPath
P226Y,0.9969,LPath
T227A,0.3943,Amb
T227C,0.855,LPath
T227D,0.9501,LPath
T227E,0.9301,LPath
T227F,0.7753,LPath
T227G,0.7063,LPath
T227H,0.7581,LPath
T227I,0.8914,LPath
T227K,0.8112,LPath
T227L,0.4281,Amb
T227M,0.288,LBen
T227N,0.588,LPath
T227P,0.7538,LPath
T227Q,0.8069,LPath
T227R,0.7875,LPath
T227S,0.2279,LBen
T227V,0.7627,LPath
T227W,0.9603,LPath
T227Y,0.8383,LPath
P228A,0.1146,LBen
P228C,0.6351,LPath
P228D,0.89,LPath
P228E,0.7384,LPath
P228F,0.8548,LPath
P228G,0.5445,Amb
P228H,0.563,Amb
P228I,0.6949,LPath
P228K,0.7591,LPath
P228L,0.3649,Amb
P228M,0.6517,LPath
P228N,0.7352,LPath
P228Q,0.4692,Amb
P228R,0.5117,Amb
P228S,0.2178,LBen
P228T,0.2711,LBen
P228V,0.4572,Amb
P228W,0.9221,LPath
P228Y,0.8502,LPath
I229A,0.7844,LPath
I229C,0.9121,LPath
I229D,0.9957,LPath
I229E,0.9884,LPath
I229F,0.7255,LPath
I229G,0.9689,LPath
I229H,0.9859,LPath
I229K,0.985,LPath
I229L,0.3093,LBen
I229M,0.3114,LBen
I229N,0.9257,LPath
I229P,0.9529,LPath
I229Q,0.9773,LPath
I229R,0.9782,LPath
I229S,0.8341,LPath
I229T,0.6723,LPath
I229V,0.0705,LBen
I229W,0.9937,LPath
I229Y,0.9763,LPath
Q230A,0.8839,LPath
Q230C,0.9925,LPath
Q230D,0.9978,LPath
Q230E,0.5864,LPath
Q230F,0.9968,LPath
Q230G,0.9401,LPath
Q230H,0.9859,LPath
Q230I,0.9701,LPath
Q230K,0.9638,LPath
Q230L,0.8795,LPath
Q230M,0.8571,LPath
Q230N,0.984,LPath
Q230P,0.9776,LPath
Q230R,0.9786,LPath
Q230S,0.9287,LPath
Q230T,0.9477,LPath
Q230V,0.9552,LPath
Q230W,0.9992,LPath
Q230Y,0.9982,LPath
M231A,0.9127,LPath
M231C,0.9133,LPath
M231D,0.9982,LPath
M231E,0.9703,LPath
M231F,0.9035,LPath
M231G,0.9699,LPath
M231H,0.9831,LPath
M231I,0.9303,LPath
M231K,0.8515,LPath
M231L,0.6413,LPath
M231N,0.9781,LPath
M231P,0.9994,LPath
M231Q,0.7375,LPath
M231R,0.8191,LPath
M231S,0.9015,LPath
M231T,0.9319,LPath
M231V,0.6213,LPath
M231W,0.9881,LPath
M231Y,0.9751,LPath
Q232A,0.4662,Amb
Q232C,0.8629,LPath
Q232D,0.9544,LPath
Q232E,0.205,LBen
Q232F,0.9538,LPath
Q232G,0.7182,LPath
Q232H,0.8059,LPath
Q232I,0.7,LPath
Q232K,0.6278,LPath
Q232L,0.367,Amb
Q232M,0.5111,Amb
Q232N,0.7696,LPath
Q232P,0.9064,LPath
Q232R,0.6841,LPath
Q232S,0.6279,LPath
Q232T,0.5942,LPath
Q232V,0.5063,Amb
Q232W,0.9724,LPath
Q232Y,0.9277,LPath
M233A,0.6837,LPath
M233C,0.8634,LPath
M233D,0.9964,LPath
M233E,0.9789,LPath
M233F,0.7591,LPath
M233G,0.9003,LPath
M233H,0.9893,LPath
M233I,0.5951,LPath
M233K,0.9639,LPath
M233L,0.1942,LBen
M233N,0.9545,LPath
M233P,0.9972,LPath
M233Q,0.9338,LPath
M233R,0.9656,LPath
M233S,0.8128,LPath
M233T,0.5503,Amb
M233V,0.175,LBen
M233W,0.9864,LPath
M233Y,0.9747,LPath
I234A,0.7536,LPath
I234C,0.8959,LPath
I234D,0.9932,LPath
I234E,0.9869,LPath
I234F,0.341,Amb
I234G,0.9319,LPath
I234H,0.9703,LPath
I234K,0.9784,LPath
I234L,0.1247,LBen
I234M,0.1364,LBen
I234N,0.8626,LPath
I234P,0.9815,LPath
I234Q,0.9653,LPath
I234R,0.9726,LPath
I234S,0.8055,LPath
I234T,0.5991,LPath
I234V,0.1291,LBen
I234W,0.9456,LPath
I234Y,0.8728,LPath
P235A,0.5104,Amb
P235C,0.9251,LPath
P235D,0.9934,LPath
P235E,0.9704,LPath
P235F,0.9906,LPath
P235G,0.8984,LPath
P235H,0.9347,LPath
P235I,0.9385,LPath
P235K,0.9788,LPath
P235L,0.797,LPath
P235M,0.9533,LPath
P235N,0.9739,LPath
P235Q,0.9048,LPath
P235R,0.9258,LPath
P235S,0.6803,LPath
P235T,0.617,LPath
P235V,0.8347,LPath
P235W,0.9956,LPath
P235Y,0.9898,LPath
V236A,0.1216,LBen
V236C,0.709,LPath
V236D,0.7841,LPath
V236E,0.6126,LPath
V236F,0.3845,Amb
V236G,0.3662,Amb
V236H,0.8212,LPath
V236I,0.0768,LBen
V236K,0.7503,LPath
V236L,0.2204,LBen
V236M,0.1717,LBen
V236N,0.5193,Amb
V236P,0.7315,LPath
V236Q,0.6231,LPath
V236R,0.6833,LPath
V236S,0.2525,LBen
V236T,0.1409,LBen
V236W,0.9318,LPath
V236Y,0.8371,LPath
G237A,0.1097,LBen
G237C,0.2477,LBen
G237D,0.97,LPath
G237E,0.9581,LPath
G237F,0.891,LPath
G237H,0.9762,LPath
G237I,0.4845,Amb
G237K,0.9933,LPath
G237L,0.6533,LPath
G237M,0.728,LPath
G237N,0.9146,LPath
G237P,0.9905,LPath
G237Q,0.9631,LPath
G237R,0.9806,LPath
G237S,0.15,LBen
G237T,0.3845,Amb
G237V,0.3331,LBen
G237W,0.9412,LPath
G237Y,0.9316,LPath
L238A,0.7201,LPath
L238C,0.6289,LPath
L238D,0.9801,LPath
L238E,0.8987,LPath
L238F,0.215,LBen
L238G,0.8686,LPath
L238H,0.6924,LPath
L238I,0.1591,LBen
L238K,0.835,LPath
L238M,0.1306,LBen
L238N,0.828,LPath
L238P,0.9734,LPath
L238Q,0.5776,LPath
L238R,0.7127,LPath
L238S,0.7637,LPath
L238T,0.716,LPath
L238V,0.2044,LBen
L238W,0.5423,Amb
L238Y,0.6353,LPath
L239A,0.0895,LBen
L239C,0.1958,LBen
L239D,0.3227,LBen
L239E,0.1341,LBen
L239F,0.0944,LBen
L239G,0.1926,LBen
L239H,0.0937,LBen
L239I,0.0934,LBen
L239K,0.0999,LBen
L239M,0.0808,LBen
L239N,0.1688,LBen
L239P,0.5913,LPath
L239Q,0.0582,LBen
L239R,0.072,LBen
L239S,0.0827,LBen
L239T,0.0813,LBen
L239V,0.0863,LBen
L239W,0.1263,LBen
L239Y,0.1978,LBen
G240A,0.2854,LBen
G240C,0.2796,LBen
G240D,0.2797,LBen
G240E,0.2268,LBen
G240F,0.807,LPath
G240H,0.372,Amb
G240I,0.8286,LPath
G240K,0.34,LBen
G240L,0.7011,LPath
G240M,0.7322,LPath
G240N,0.3327,LBen
G240P,0.9609,LPath
G240Q,0.2306,LBen
G240R,0.2371,LBen
G240S,0.1551,LBen
G240T,0.4826,Amb
G240V,0.688,LPath
G240W,0.5777,LPath
G240Y,0.5851,LPath
R241A,0.5476,Amb
R241C,0.1489,LBen
R241D,0.7819,LPath
R241E,0.397,Amb
R241F,0.6402,LPath
R241G,0.3703,Amb
R241H,0.1179,LBen
R241I,0.4307,Amb
R241K,0.0992,LBen
R241L,0.3581,Amb
R241M,0.3619,Amb
R241N,0.6132,LPath
R241P,0.9479,LPath
R241Q,0.0999,LBen
R241S,0.605,LPath
R241T,0.4027,Amb
R241V,0.4938,Amb
R241W,0.2142,LBen
R241Y,0.4393,Amb
D242A,0.8812,LPath
D242C,0.9621,LPath
D242E,0.8855,LPath
D242F,0.9909,LPath
D242G,0.7483,LPath
D242H,0.8591,LPath
D242I,0.9844,LPath
D242K,0.9634,LPath
D242L,0.9864,LPath
D242M,0.991,LPath
D242N,0.2669,LBen
D242P,0.9819,LPath
D242Q,0.9451,LPath
D242R,0.966,LPath
D242S,0.5214,Amb
D242T,0.9017,LPath
D242V,0.9497,LPath
D242W,0.9966,LPath
D242Y,0.9005,LPath
I243A,0.541,Amb
I243C,0.6512,LPath
I243D,0.9698,LPath
I243E,0.9583,LPath
I243F,0.3914,Amb
I243G,0.8451,LPath
I243H,0.92,LPath
I243K,0.9301,LPath
I243L,0.1299,LBen
I243M,0.1426,LBen
I243N,0.731,LPath
I243P,0.9764,LPath
I243Q,0.9173,LPath
I243R,0.8993,LPath
I243S,0.5785,LPath
I243T,0.4466,Amb
I243V,0.0753,LBen
I243W,0.9622,LPath
I243Y,0.8588,LPath
L244A,0.4268,Amb
L244C,0.5387,Amb
L244D,0.9685,LPath
L244E,0.7626,LPath
L244F,0.2009,LBen
L244G,0.8476,LPath
L244H,0.5716,LPath
L244I,0.0798,LBen
L244K,0.6999,LPath
L244M,0.103,LBen
L244N,0.8598,LPath
L244P,0.9651,LPath
L244Q,0.4553,Amb
L244R,0.5823,LPath
L244S,0.5374,Amb
L244T,0.3495,Amb
L244V,0.0781,LBen
L244W,0.4408,Amb
L244Y,0.5814,LPath
A245C,0.5861,LPath
A245D,0.9864,LPath
A245E,0.9821,LPath
A245F,0.8732,LPath
A245G,0.1925,LBen
A245H,0.9881,LPath
A245I,0.5106,Amb
A245K,0.995,LPath
A245L,0.5169,Amb
A245M,0.6982,LPath
A245N,0.9607,LPath
A245P,0.9517,LPath
A245Q,0.9702,LPath
A245R,0.9864,LPath
A245S,0.2591,LBen
A245T,0.3142,LBen
A245V,0.231,LBen
A245W,0.9927,LPath
A245Y,0.9727,LPath
S246A,0.071,LBen
S246C,0.103,LBen
S246D,0.9017,LPath
S246E,0.8693,LPath
S246F,0.4134,Amb
S246G,0.1274,LBen
S246H,0.7783,LPath
S246I,0.2883,LBen
S246K,0.9351,LPath
S246L,0.1398,LBen
S246M,0.2634,LBen
S246N,0.4835,Amb
S246P,0.941,LPath
S246Q,0.807,LPath
S246R,0.8793,LPath
S246T,0.0931,LBen
S246V,0.2314,LBen
S246W,0.6755,LPath
S246Y,0.45,Amb
A247C,0.845,LPath
A247D,0.9897,LPath
A247E,0.9905,LPath
A247F,0.989,LPath
A247G,0.4278,Amb
A247H,0.9908,LPath
A247I,0.9912,LPath
A247K,0.9968,LPath
A247L,0.9572,LPath
A247M,0.9553,LPath
A247N,0.9813,LPath
A247P,0.9964,LPath
A247Q,0.9781,LPath
A247R,0.9844,LPath
A247S,0.1916,LBen
A247T,0.7076,LPath
A247V,0.9256,LPath
A247W,0.9982,LPath
A247Y,0.9949,LPath
D248A,0.2316,LBen
D248C,0.7583,LPath
D248E,0.2717,LBen
D248F,0.7894,LPath
D248G,0.2663,LBen
D248H,0.4536,Amb
D248I,0.6315,LPath
D248K,0.5817,LPath
D248L,0.6299,LPath
D248M,0.7929,LPath
D248N,0.1272,LBen
D248P,0.6774,LPath
D248Q,0.4985,Amb
D248R,0.5892,LPath
D248S,0.1587,LBen
D248T,0.4256,Amb
D248V,0.3983,Amb
D248W,0.9644,LPath
D248Y,0.3951,Amb
T249A,0.8803,LPath
T249C,0.9885,LPath
T249D,0.9873,LPath
T249E,0.9812,LPath
T249F,0.9865,LPath
T249G,0.9406,LPath
T249H,0.9761,LPath
T249I,0.9789,LPath
T249K,0.965,LPath
T249L,0.9363,LPath
T249M,0.8161,LPath
T249N,0.939,LPath
T249P,0.8621,LPath
T249Q,0.9804,LPath
T249R,0.9556,LPath
T249S,0.7934,LPath
T249V,0.9415,LPath
T249W,0.9975,LPath
T249Y,0.9932,LPath
G250A,0.7578,LPath
G250C,0.8862,LPath
G250D,0.9843,LPath
G250E,0.9824,LPath
G250F,0.9889,LPath
G250H,0.9885,LPath
G250I,0.9765,LPath
G250K,0.9884,LPath
G250L,0.9797,LPath
G250M,0.9845,LPath
G250N,0.9751,LPath
G250P,0.9974,LPath
G250Q,0.9718,LPath
G250R,0.9482,LPath
G250S,0.5565,Amb
G250T,0.9142,LPath
G250V,0.9381,LPath
G250W,0.9844,LPath
G250Y,0.9879,LPath
S251A,0.4148,Amb
S251C,0.37,Amb
S251D,0.9848,LPath
S251E,0.9827,LPath
S251F,0.9001,LPath
S251G,0.4615,Amb
S251H,0.953,LPath
S251I,0.9093,LPath
S251K,0.9931,LPath
S251L,0.62,LPath
S251M,0.7518,LPath
S251N,0.8719,LPath
S251P,0.9919,LPath
S251Q,0.9698,LPath
S251R,0.9865,LPath
S251T,0.2285,LBen
S251V,0.8589,LPath
S251W,0.9326,LPath
S251Y,0.902,LPath
G252A,0.9697,LPath
G252C,0.9723,LPath
G252D,0.9955,LPath
G252E,0.9945,LPath
G252F,0.9975,LPath
G252H,0.9979,LPath
G252I,0.997,LPath
G252K,0.9953,LPath
G252L,0.9933,LPath
G252M,0.9964,LPath
G252N,0.9962,LPath
G252P,0.9994,LPath
G252Q,0.9911,LPath
G252R,0.982,LPath
G252S,0.9204,LPath
G252T,0.9897,LPath
G252V,0.9925,LPath
G252W,0.993,LPath
G252Y,0.9969,LPath
K253A,0.9974,LPath
K253C,0.9983,LPath
K253D,0.9965,LPath
K253E,0.9843,LPath
K253F,0.9995,LPath
K253G,0.9978,LPath
K253H,0.9937,LPath
K253I,0.9944,LPath
K253L,0.9976,LPath
K253M,0.9898,LPath
K253N,0.9907,LPath
K253P,0.9987,LPath
K253Q,0.9883,LPath
K253R,0.7749,LPath
K253S,0.9972,LPath
K253T,0.9863,LPath
K253V,0.9963,LPath
K253W,0.9995,LPath
K253Y,0.9979,LPath
T254A,0.9409,LPath
T254C,0.9937,LPath
T254D,0.9904,LPath
T254E,0.9882,LPath
T254F,0.9945,LPath
T254G,0.9628,LPath
T254H,0.9828,LPath
T254I,0.9878,LPath
T254K,0.983,LPath
T254L,0.9666,LPath
T254M,0.8408,LPath
T254N,0.9662,LPath
T254P,0.9698,LPath
T254Q,0.9849,LPath
T254R,0.9849,LPath
T254S,0.7802,LPath
T254V,0.9702,LPath
T254W,0.998,LPath
T254Y,0.9939,LPath
A255C,0.5212,Amb
A255D,0.9749,LPath
A255E,0.9462,LPath
A255F,0.6233,LPath
A255G,0.2868,LBen
A255H,0.9644,LPath
A255I,0.2497,LBen
A255K,0.9769,LPath
A255L,0.2316,LBen
A255M,0.2849,LBen
A255N,0.8907,LPath
A255P,0.8844,LPath
A255Q,0.9168,LPath
A255R,0.9471,LPath
A255S,0.2412,LBen
A255T,0.1937,LBen
A255V,0.1224,LBen
A255W,0.9622,LPath
A255Y,0.9085,LPath
A256C,0.8694,LPath
A256D,0.9939,LPath
A256E,0.995,LPath
A256F,0.982,LPath
A256G,0.1858,LBen
A256H,0.9954,LPath
A256I,0.9726,LPath
A256K,0.999,LPath
A256L,0.9409,LPath
A256M,0.9433,LPath
A256N,0.9775,LPath
A256P,0.9867,LPath
A256Q,0.9873,LPath
A256R,0.9951,LPath
A256S,0.1453,LBen
A256T,0.5985,LPath
A256V,0.8508,LPath
A256W,0.9987,LPath
A256Y,0.9946,LPath
F257A,0.9837,LPath
F257C,0.8895,LPath
F257D,0.9989,LPath
F257E,0.9991,LPath
F257G,0.9939,LPath
F257H,0.9835,LPath
F257I,0.8001,LPath
F257K,0.9989,LPath
F257L,0.9861,LPath
F257M,0.9384,LPath
F257N,0.9911,LPath
F257P,0.9993,LPath
F257Q,0.9974,LPath
F257R,0.9967,LPath
F257S,0.9664,LPath
F257T,0.9857,LPath
F257V,0.7763,LPath
F257W,0.9041,LPath
F257Y,0.3835,Amb
L258A,0.7824,LPath
L258C,0.7623,LPath
L258D,0.9977,LPath
L258E,0.9837,LPath
L258F,0.5904,LPath
L258G,0.9508,LPath
L258H,0.9606,LPath
L258I,0.1385,LBen
L258K,0.9909,LPath
L258M,0.2265,LBen
L258N,0.9689,LPath
L258P,0.9917,LPath
L258Q,0.9129,LPath
L258R,0.9794,LPath
L258S,0.8293,LPath
L258T,0.6915,LPath
L258V,0.169,LBen
L258W,0.9405,LPath
L258Y,0.9595,LPath
L259A,0.713,LPath
L259C,0.7397,LPath
L259D,0.996,LPath
L259E,0.9764,LPath
L259F,0.2337,LBen
L259G,0.9333,LPath
L259H,0.9065,LPath
L259I,0.0755,LBen
L259K,0.9784,LPath
L259M,0.1927,LBen
L259N,0.9581,LPath
L259P,0.8428,LPath
L259Q,0.8986,LPath
L259R,0.9645,LPath
L259S,0.866,LPath
L259T,0.6885,LPath
L259V,0.096,LBen
L259W,0.6889,LPath
L259Y,0.8105,LPath
P260A,0.4658,Amb
P260C,0.8802,LPath
P260D,0.9905,LPath
P260E,0.9829,LPath
P260F,0.9698,LPath
P260G,0.8649,LPath
P260H,0.9357,LPath
P260I,0.8932,LPath
P260K,0.9913,LPath
P260L,0.6038,LPath
P260M,0.8988,LPath
P260N,0.9595,LPath
P260Q,0.9334,LPath
P260R,0.9723,LPath
P260S,0.6828,LPath
P260T,0.5764,LPath
P260V,0.7344,LPath
P260W,0.9913,LPath
P260Y,0.9782,LPath
V261A,0.2436,LBen
V261C,0.7986,LPath
V261D,0.963,LPath
V261E,0.9264,LPath
V261F,0.642,LPath
V261G,0.4793,Amb
V261H,0.9826,LPath
V261I,0.0859,LBen
V261K,0.9754,LPath
V261L,0.3448,Amb
V261M,0.2507,LBen
V261N,0.8551,LPath
V261P,0.9179,LPath
V261Q,0.9296,LPath
V261R,0.9676,LPath
V261S,0.4438,Amb
V261T,0.2817,LBen
V261W,0.9926,LPath
V261Y,0.9702,LPath
I262A,0.4922,Amb
I262C,0.753,LPath
I262D,0.9848,LPath
I262E,0.9639,LPath
I262F,0.3388,LBen
I262G,0.8612,LPath
I262H,0.9517,LPath
I262K,0.9453,LPath
I262L,0.1502,LBen
I262M,0.1201,LBen
I262N,0.8156,LPath
I262P,0.9724,LPath
I262Q,0.9223,LPath
I262R,0.9278,LPath
I262S,0.6139,LPath
I262T,0.3893,Amb
I262V,0.0854,LBen
I262W,0.9611,LPath
I262Y,0.8961,LPath
M263A,0.1656,LBen
M263C,0.4331,Amb
M263D,0.6544,LPath
M263E,0.3317,LBen
M263F,0.2244,LBen
M263G,0.3459,Amb
M263H,0.3609,Amb
M263I,0.1074,LBen
M263K,0.1777,LBen
M263L,0.0881,LBen
M263N,0.2883,LBen
M263P,0.7158,LPath
M263Q,0.1926,LBen
M263R,0.1828,LBen
M263S,0.1771,LBen
M263T,0.0923,LBen
M263V,0.0656,LBen
M263W,0.5118,Amb
M263Y,0.4244,Amb
R264A,0.1677,LBen
R264C,0.1045,LBen
R264D,0.3136,LBen
R264E,0.1544,LBen
R264F,0.3025,LBen
R264G,0.1083,LBen
R264H,0.0766,LBen
R264I,0.2017,LBen
R264K,0.0739,LBen
R264L,0.1294,LBen
R264M,0.1748,LBen
R264N,0.2416,LBen
R264P,0.4632,Amb
R264Q,0.0701,LBen
R264S,0.2075,LBen
R264T,0.13,LBen
R264V,0.22,LBen
R264W,0.1103,LBen
R264Y,0.1796,LBen
A265C,0.2986,LBen
A265D,0.5764,LPath
A265E,0.5321,Amb
A265F,0.4963,Amb
A265G,0.1546,LBen
A265H,0.6882,LPath
A265I,0.1899,LBen
A265K,0.7701,LPath
A265L,0.2316,LBen
A265M,0.2576,LBen
A265N,0.3914,Amb
A265P,0.69,LPath
A265Q,0.6211,LPath
A265R,0.7248,LPath
A265S,0.0967,LBen
A265T,0.0913,LBen
A265V,0.0938,LBen
A265W,0.8618,LPath
A265Y,0.6174,LPath
L266A,0.147,LBen
L266C,0.2629,LBen
L266D,0.5137,Amb
L266E,0.2797,LBen
L266F,0.1078,LBen
L266G,0.3251,LBen
L266H,0.1545,LBen
L266I,0.0765,LBen
L266K,0.216,LBen
L266M,0.0923,LBen
L266N,0.2458,LBen
L266P,0.4872,Amb
L266Q,0.1179,LBen
L266R,0.1421,LBen
L266S,0.1296,LBen
L266T,0.1349,LBen
L266V,0.0743,LBen
L266W,0.1942,LBen
L266Y,0.2134,LBen
F267A,0.0807,LBen
F267C,0.0703,LBen
F267D,0.1422,LBen
F267E,0.1789,LBen
F267G,0.1423,LBen
F267H,0.1217,LBen
F267I,0.0681,LBen
F267K,0.1642,LBen
F267L,0.2278,LBen
F267M,0.1522,LBen
F267N,0.1177,LBen
F267P,0.2165,LBen
F267Q,0.1501,LBen
F267R,0.1196,LBen
F267S,0.0622,LBen
F267T,0.0794,LBen
F267V,0.0629,LBen
F267W,0.13,LBen
F267Y,0.0758,LBen
E268A,0.118,LBen
E268C,0.4943,Amb
E268D,0.1174,LBen
E268F,0.4797,Amb
E268G,0.1052,LBen
E268H,0.2232,LBen
E268I,0.2496,LBen
E268K,0.1138,LBen
E268L,0.2292,LBen
E268M,0.3361,LBen
E268N,0.2012,LBen
E268P,0.3299,LBen
E268Q,0.0924,LBen
E268R,0.1478,LBen
E268S,0.1349,LBen
E268T,0.1609,LBen
E268V,0.1603,LBen
E268W,0.6636,LPath
E268Y,0.3484,Amb
S269A,0.0761,LBen
S269C,0.072,LBen
S269D,0.0969,LBen
S269E,0.1205,LBen
S269F,0.1473,LBen
S269G,0.0637,LBen
S269H,0.1106,LBen
S269I,0.1121,LBen
S269K,0.1329,LBen
S269L,0.098,LBen
S269M,0.1312,LBen
S269N,0.0665,LBen
S269P,0.082,LBen
S269Q,0.1295,LBen
S269R,0.1151,LBen
S269T,0.0707,LBen
S269V,0.1155,LBen
S269W,0.1468,LBen
S269Y,0.0962,LBen
K270A,0.129,LBen
K270C,0.2818,LBen
K270D,0.1467,LBen
K270E,0.0671,LBen
K270F,0.3903,Amb
K270G,0.14,LBen
K270H,0.146,LBen
K270I,0.1819,LBen
K270L,0.1865,LBen
K270M,0.1389,LBen
K270N,0.1205,LBen
K270P,0.228,LBen
K270Q,0.0827,LBen
K270R,0.0666,LBen
K270S,0.1253,LBen
K270T,0.0898,LBen
K270V,0.1563,LBen
K270W,0.408,Amb
K270Y,0.2698,LBen
T271A,0.0692,LBen
T271C,0.1798,LBen
T271D,0.2024,LBen
T271E,0.1578,LBen
T271F,0.1193,LBen
T271G,0.1367,LBen
T271H,0.1311,LBen
T271I,0.0947,LBen
T271K,0.1201,LBen
T271L,0.0818,LBen
T271M,0.0725,LBen
T271N,0.0825,LBen
T271P,0.0856,LBen
T271Q,0.1319,LBen
T271R,0.0947,LBen
T271S,0.0808,LBen
T271V,0.0876,LBen
T271W,0.3111,LBen
T271Y,0.1212,LBen
P272A,0.1942,LBen
P272C,0.5899,LPath
P272D,0.9025,LPath
P272E,0.772,LPath
P272F,0.7719,LPath
P272G,0.716,LPath
P272H,0.5998,LPath
P272I,0.3668,Amb
P272K,0.7376,LPath
P272L,0.2567,LBen
P272M,0.5812,LPath
P272N,0.7808,LPath
P272Q,0.5626,Amb
P272R,0.5285,Amb
P272S,0.3981,Amb
P272T,0.2379,LBen
P272V,0.2537,LBen
P272W,0.9073,LPath
P272Y,0.7862,LPath
S273A,0.0631,LBen
S273C,0.0623,LBen
S273D,0.4921,Amb
S273E,0.5794,LPath
S273F,0.17,LBen
S273G,0.0923,LBen
S273H,0.3917,Amb
S273I,0.1335,LBen
S273K,0.6757,LPath
S273L,0.0967,LBen
S273M,0.1992,LBen
S273N,0.1942,LBen
S273P,0.344,Amb
S273Q,0.5355,Amb
S273R,0.5389,Amb
S273T,0.0794,LBen
S273V,0.1128,LBen
S273W,0.2994,LBen
S273Y,0.167,LBen
A274C,0.4954,Amb
A274D,0.9733,LPath
A274E,0.9712,LPath
A274F,0.8137,LPath
A274G,0.1664,LBen
A274H,0.9656,LPath
A274I,0.5166,Amb
A274K,0.9891,LPath
A274L,0.6409,LPath
A274M,0.6518,LPath
A274N,0.9284,LPath
A274P,0.9407,LPath
A274Q,0.95,LPath
A274R,0.971,LPath
A274S,0.1562,LBen
A274T,0.2267,LBen
A274V,0.2526,LBen
A274W,0.9837,LPath
A274Y,0.9411,LPath
L275A,0.6804,LPath
L275C,0.6656,LPath
L275D,0.9979,LPath
L275E,0.9866,LPath
L275F,0.3928,Amb
L275G,0.9579,LPath
L275H,0.9631,LPath
L275I,0.0676,LBen
L275K,0.9811,LPath
L275M,0.1608,LBen
L275N,0.9833,LPath
L275P,0.9895,LPath
L275Q,0.9397,LPath
L275R,0.9639,LPath
L275S,0.9201,LPath
L275T,0.7628,LPath
L275V,0.066,LBen
L275W,0.8903,LPath
L275Y,0.9187,LPath
I276A,0.9293,LPath
I276C,0.902,LPath
I276D,0.9979,LPath
I276E,0.9951,LPath
I276F,0.6193,LPath
I276G,0.9875,LPath
I276H,0.9874,LPath
I276K,0.9917,LPath
I276L,0.2811,LBen
I276M,0.3995,Amb
I276N,0.9712,LPath
I276P,0.9931,LPath
I276Q,0.9877,LPath
I276R,0.9858,LPath
I276S,0.944,LPath
I276T,0.9293,LPath
I276V,0.0989,LBen
I276W,0.9903,LPath
I276Y,0.9568,LPath
L277A,0.8697,LPath
L277C,0.7519,LPath
L277D,0.999,LPath
L277E,0.992,LPath
L277F,0.4795,Amb
L277G,0.9852,LPath
L277H,0.982,LPath
L277I,0.1082,LBen
L277K,0.9911,LPath
L277M,0.1691,LBen
L277N,0.9924,LPath
L277P,0.992,LPath
L277Q,0.9611,LPath
L277R,0.9824,LPath
L277S,0.9652,LPath
L277T,0.9014,LPath
L277V,0.1285,LBen
L277W,0.944,LPath
L277Y,0.9601,LPath
T278A,0.0914,LBen
T278C,0.2979,LBen
T278D,0.9777,LPath
T278E,0.9493,LPath
T278F,0.8661,LPath
T278G,0.5836,LPath
T278H,0.8994,LPath
T278I,0.4475,Amb
T278K,0.9554,LPath
T278L,0.2592,LBen
T278M,0.1996,LBen
T278N,0.6517,LPath
T278P,0.4999,Amb
T278Q,0.8835,LPath
T278R,0.9245,LPath
T278S,0.1875,LBen
T278V,0.2467,LBen
T278W,0.9893,LPath
T278Y,0.9408,LPath
P279A,0.7652,LPath
P279C,0.9817,LPath
P279D,0.9973,LPath
P279E,0.992,LPath
P279F,0.9979,LPath
P279G,0.9757,LPath
P279H,0.9829,LPath
P279I,0.9908,LPath
P279K,0.9956,LPath
P279L,0.9236,LPath
P279M,0.9887,LPath
P279N,0.9933,LPath
P279Q,0.9774,LPath
P279R,0.9804,LPath
P279S,0.9026,LPath
P279T,0.9088,LPath
P279V,0.9626,LPath
P279W,0.9992,LPath
P279Y,0.9976,LPath
T280A,0.3311,LBen
T280C,0.8784,LPath
T280D,0.9837,LPath
T280E,0.9592,LPath
T280F,0.9293,LPath
T280G,0.7801,LPath
T280H,0.9308,LPath
T280I,0.8157,LPath
T280K,0.9347,LPath
T280L,0.6018,LPath
T280M,0.3746,Amb
T280N,0.786,LPath
T280P,0.8188,LPath
T280Q,0.8778,LPath
T280R,0.894,LPath
T280S,0.4449,Amb
T280V,0.5875,LPath
T280W,0.9912,LPath
T280Y,0.9638,LPath
R281A,0.9866,LPath
R281C,0.8842,LPath
R281D,0.9962,LPath
R281E,0.9587,LPath
R281F,0.9945,LPath
R281G,0.9746,LPath
R281H,0.8384,LPath
R281I,0.9878,LPath
R281K,0.8222,LPath
R281L,0.9689,LPath
R281M,0.9842,LPath
R281N,0.9931,LPath
R281P,0.9922,LPath
R281Q,0.7843,LPath
R281S,0.9843,LPath
R281T,0.9773,LPath
R281V,0.9804,LPath
R281W,0.8061,LPath
R281Y,0.9781,LPath
E282A,0.9684,LPath
E282C,0.9965,LPath
E282D,0.9336,LPath
E282F,0.9977,LPath
E282G,0.967,LPath
E282H,0.9944,LPath
E282I,0.9894,LPath
E282K,0.9851,LPath
E282L,0.992,LPath
E282M,0.9931,LPath
E282N,0.9914,LPath
E282P,0.9929,LPath
E282Q,0.9521,LPath
E282R,0.9843,LPath
E282S,0.9758,LPath
E282T,0.9916,LPath
E282V,0.9733,LPath
E282W,0.9992,LPath
E282Y,0.996,LPath
L283A,0.9497,LPath
L283C,0.9814,LPath
L283D,0.9973,LPath
L283E,0.9794,LPath
L283F,0.952,LPath
L283G,0.9735,LPath
L283H,0.9805,LPath
L283I,0.7823,LPath
L283K,0.9539,LPath
L283M,0.6673,LPath
L283N,0.972,LPath
L283P,0.9951,LPath
L283Q,0.9785,LPath
L283R,0.9534,LPath
L283S,0.9893,LPath
L283T,0.9607,LPath
L283V,0.8085,LPath
L283W,0.9834,LPath
L283Y,0.9861,LPath
A284C,0.6906,LPath
A284D,0.9875,LPath
A284E,0.9896,LPath
A284F,0.99,LPath
A284G,0.2859,LBen
A284H,0.9952,LPath
A284I,0.9648,LPath
A284K,0.9984,LPath
A284L,0.9014,LPath
A284M,0.9211,LPath
A284N,0.9665,LPath
A284P,0.9906,LPath
A284Q,0.9787,LPath
A284R,0.9935,LPath
A284S,0.1931,LBen
A284T,0.5869,LPath
A284V,0.771,LPath
A284W,0.9989,LPath
A284Y,0.9958,LPath
I285A,0.4149,Amb
I285C,0.6004,LPath
I285D,0.8214,LPath
I285E,0.6962,LPath
I285F,0.1681,LBen
I285G,0.6365,LPath
I285H,0.6563,LPath
I285K,0.638,LPath
I285L,0.0996,LBen
I285M,0.0875,LBen
I285N,0.4089,Amb
I285P,0.9388,LPath
I285Q,0.567,LPath
I285R,0.5116,Amb
I285S,0.3774,Amb
I285T,0.3381,LBen
I285V,0.0732,LBen
I285W,0.7637,LPath
I285Y,0.5626,Amb
Q286A,0.89,LPath
Q286C,0.9955,LPath
Q286D,0.9767,LPath
Q286E,0.5963,LPath
Q286F,0.991,LPath
Q286G,0.8654,LPath
Q286H,0.9796,LPath
Q286I,0.9534,LPath
Q286K,0.8809,LPath
Q286L,0.8409,LPath
Q286M,0.8928,LPath
Q286N,0.9382,LPath
Q286P,0.9386,LPath
Q286R,0.9211,LPath
Q286S,0.8525,LPath
Q286T,0.8923,LPath
Q286V,0.934,LPath
Q286W,0.9969,LPath
Q286Y,0.9937,LPath
I287A,0.5777,LPath
I287C,0.922,LPath
I287D,0.9889,LPath
I287E,0.9535,LPath
I287F,0.8478,LPath
I287G,0.9308,LPath
I287H,0.9829,LPath
I287K,0.955,LPath
I287L,0.3331,LBen
I287M,0.1672,LBen
I287N,0.8409,LPath
I287P,0.9909,LPath
I287Q,0.9464,LPath
I287R,0.9451,LPath
I287S,0.6763,LPath
I287T,0.2166,LBen
I287V,0.127,LBen
I287W,0.989,LPath
I287Y,0.9794,LPath
E288A,0.8629,LPath
E288C,0.9746,LPath
E288D,0.8859,LPath
E288F,0.9893,LPath
E288G,0.7169,LPath
E288H,0.9535,LPath
E288I,0.9896,LPath
E288K,0.8694,LPath
E288L,0.9818,LPath
E288M,0.9807,LPath
E288N,0.9459,LPath
E288P,0.9987,LPath
E288Q,0.6179,LPath
E288R,0.8958,LPath
E288S,0.8343,LPath
E288T,0.9543,LPath
E288V,0.958,LPath
E288W,0.9968,LPath
E288Y,0.9777,LPath
R289A,0.1964,LBen
R289C,0.1246,LBen
R289D,0.342,Amb
R289E,0.1608,LBen
R289F,0.3425,Amb
R289G,0.1023,LBen
R289H,0.0904,LBen
R289I,0.1731,LBen
R289K,0.0626,LBen
R289L,0.1648,LBen
R289M,0.1306,LBen
R289N,0.2424,LBen
R289P,0.9061,LPath
R289Q,0.0699,LBen
R289S,0.2032,LBen
R289T,0.1215,LBen
R289V,0.2161,LBen
R289W,0.1392,LBen
R289Y,0.2186,LBen
Q290A,0.4821,Amb
Q290C,0.8494,LPath
Q290D,0.7755,LPath
Q290E,0.1174,LBen
Q290F,0.8852,LPath
Q290G,0.5945,LPath
Q290H,0.5647,LPath
Q290I,0.5336,Amb
Q290K,0.324,LBen
Q290L,0.332,LBen
Q290M,0.5499,Amb
Q290N,0.547,Amb
Q290P,0.8104,LPath
Q290R,0.3724,Amb
Q290S,0.5738,LPath
Q290T,0.4548,Amb
Q290V,0.4141,Amb
Q290W,0.8916,LPath
Q290Y,0.801,LPath
A291C,0.419,Amb
A291D,0.9645,LPath
A291E,0.9481,LPath
A291F,0.7563,LPath
A291G,0.2309,LBen
A291H,0.971,LPath
A291I,0.4347,Amb
A291K,0.9852,LPath
A291L,0.4232,Amb
A291M,0.3618,Amb
A291N,0.8714,LPath
A291P,0.9923,LPath
A291Q,0.9345,LPath
A291R,0.9731,LPath
A291S,0.1528,LBen
A291T,0.0999,LBen
A291V,0.1785,LBen
A291W,0.9765,LPath
A291Y,0.9417,LPath
K292A,0.8359,LPath
K292C,0.8922,LPath
K292D,0.9655,LPath
K292E,0.6228,LPath
K292F,0.9825,LPath
K292G,0.8344,LPath
K292H,0.7786,LPath
K292I,0.8739,LPath
K292L,0.8287,LPath
K292M,0.7017,LPath
K292N,0.9301,LPath
K292P,0.9898,LPath
K292Q,0.4376,Amb
K292R,0.1219,LBen
K292S,0.898,LPath
K292T,0.7236,LPath
K292V,0.795,LPath
K292W,0.9357,LPath
K292Y,0.9414,LPath
E293A,0.1716,LBen
E293C,0.7873,LPath
E293D,0.1453,LBen
E293F,0.7158,LPath
E293G,0.2247,LBen
E293H,0.5528,Amb
E293I,0.3335,LBen
E293K,0.2856,LBen
E293L,0.3617,Amb
E293M,0.4217,Amb
E293N,0.3397,LBen
E293P,0.9589,LPath
E293Q,0.1841,LBen
E293R,0.4554,Amb
E293S,0.2773,LBen
E293T,0.2713,LBen
E293V,0.196,LBen
E293W,0.9167,LPath
E293Y,0.5774,LPath
L294A,0.8471,LPath
L294C,0.8351,LPath
L294D,0.9932,LPath
L294E,0.9621,LPath
L294F,0.1726,LBen
L294G,0.9572,LPath
L294H,0.8904,LPath
L294I,0.1655,LBen
L294K,0.9514,LPath
L294M,0.161,LBen
L294N,0.9598,LPath
L294P,0.9857,LPath
L294Q,0.8741,LPath
L294R,0.9201,LPath
L294S,0.9468,LPath
L294T,0.853,LPath
L294V,0.2321,LBen
L294W,0.5408,Amb
L294Y,0.6244,LPath
M295A,0.4879,Amb
M295C,0.7045,LPath
M295D,0.9869,LPath
M295E,0.9355,LPath
M295F,0.6181,LPath
M295G,0.7435,LPath
M295H,0.9526,LPath
M295I,0.5682,LPath
M295K,0.8693,LPath
M295L,0.2323,LBen
M295N,0.8978,LPath
M295P,0.9825,LPath
M295Q,0.7656,LPath
M295R,0.8521,LPath
M295S,0.58,LPath
M295T,0.3996,Amb
M295V,0.1479,LBen
M295W,0.9585,LPath
M295Y,0.9456,LPath
S296A,0.0619,LBen
S296C,0.0567,LBen
S296D,0.1696,LBen
S296E,0.1932,LBen
S296F,0.1078,LBen
S296G,0.0645,LBen
S296H,0.1169,LBen
S296I,0.0776,LBen
S296K,0.1699,LBen
S296L,0.0752,LBen
S296M,0.1062,LBen
S296N,0.0706,LBen
S296P,0.4378,Amb
S296Q,0.1695,LBen
S296R,0.13,LBen
S296T,0.0702,LBen
S296V,0.0919,LBen
S296W,0.1385,LBen
S296Y,0.0771,LBen
G297A,0.2302,LBen
G297C,0.2413,LBen
G297D,0.2868,LBen
G297E,0.3271,LBen
G297F,0.5868,LPath
G297H,0.3734,Amb
G297I,0.5386,Amb
G297K,0.4521,Amb
G297L,0.5605,Amb
G297M,0.5955,LPath
G297N,0.2913,LBen
G297P,0.9203,LPath
G297Q,0.3652,Amb
G297R,0.3338,LBen
G297S,0.1297,LBen
G297T,0.2943,LBen
G297V,0.4128,Amb
G297W,0.5125,Amb
G297Y,0.4616,Amb
L298A,0.7208,LPath
L298C,0.6883,LPath
L298D,0.9756,LPath
L298E,0.8619,LPath
L298F,0.2102,LBen
L298G,0.918,LPath
L298H,0.6677,LPath
L298I,0.0876,LBen
L298K,0.7898,LPath
L298M,0.1464,LBen
L298N,0.8265,LPath
L298P,0.9274,LPath
L298Q,0.5841,LPath
L298R,0.71,LPath
L298S,0.7705,LPath
L298T,0.6719,LPath
L298V,0.144,LBen
L298W,0.5799,LPath
L298Y,0.6453,LPath
P299A,0.1126,LBen
P299C,0.3676,Amb
P299D,0.4248,Amb
P299E,0.2643,LBen
P299F,0.4493,Amb
P299G,0.2847,LBen
P299H,0.1681,LBen
P299I,0.3823,Amb
P299K,0.2594,LBen
P299L,0.1379,LBen
P299M,0.3711,Amb
P299N,0.3198,LBen
P299Q,0.1453,LBen
P299R,0.149,LBen
P299S,0.1266,LBen
P299T,0.1349,LBen
P299V,0.2532,LBen
P299W,0.5091,Amb
P299Y,0.3716,Amb
R300A,0.1377,LBen
R300C,0.0785,LBen
R300D,0.2051,LBen
R300E,0.1524,LBen
R300F,0.22,LBen
R300G,0.0729,LBen
R300H,0.0706,LBen
R300I,0.1864,LBen
R300K,0.0799,LBen
R300L,0.1287,LBen
R300M,0.1594,LBen
R300N,0.1628,LBen
R300P,0.3164,LBen
R300Q,0.0717,LBen
R300S,0.1484,LBen
R300T,0.1223,LBen
R300V,0.1944,LBen
R300W,0.108,LBen
R300Y,0.1385,LBen
M301A,0.8135,LPath
M301C,0.8685,LPath
M301D,0.9917,LPath
M301E,0.9469,LPath
M301F,0.6385,LPath
M301G,0.9099,LPath
M301H,0.9639,LPath
M301I,0.7463,LPath
M301K,0.8463,LPath
M301L,0.2709,LBen
M301N,0.94,LPath
M301P,0.9594,LPath
M301Q,0.757,LPath
M301R,0.8505,LPath
M301S,0.8868,LPath
M301T,0.7674,LPath
M301V,0.2853,LBen
M301W,0.9131,LPath
M301Y,0.9167,LPath
K302A,0.7099,LPath
K302C,0.7891,LPath
K302D,0.8575,LPath
K302E,0.4656,Amb
K302F,0.948,LPath
K302G,0.6732,LPath
K302H,0.4427,Amb
K302I,0.7939,LPath
K302L,0.739,LPath
K302M,0.6062,LPath
K302N,0.7015,LPath
K302P,0.9233,LPath
K302Q,0.2307,LBen
K302R,0.0688,LBen
K302S,0.7267,LPath
K302T,0.5119,Amb
K302V,0.7292,LPath
K302W,0.8714,LPath
K302Y,0.8249,LPath
T303A,0.326,LBen
T303C,0.6206,LPath
T303D,0.9599,LPath
T303E,0.962,LPath
T303F,0.949,LPath
T303G,0.7046,LPath
T303H,0.8972,LPath
T303I,0.7943,LPath
T303K,0.9576,LPath
T303L,0.6348,LPath
T303M,0.3177,LBen
T303N,0.595,LPath
T303P,0.7232,LPath
T303Q,0.9304,LPath
T303R,0.9352,LPath
T303S,0.3029,LBen
T303V,0.5447,Amb
T303W,0.9849,LPath
T303Y,0.9409,LPath
V304A,0.141,LBen
V304C,0.7485,LPath
V304D,0.9037,LPath
V304E,0.872,LPath
V304F,0.6962,LPath
V304G,0.3966,Amb
V304H,0.958,LPath
V304I,0.1222,LBen
V304K,0.937,LPath
V304L,0.4593,Amb
V304M,0.3435,Amb
V304N,0.7646,LPath
V304P,0.9758,LPath
V304Q,0.8553,LPath
V304R,0.8902,LPath
V304S,0.31,LBen
V304T,0.2378,LBen
V304W,0.9907,LPath
V304Y,0.9525,LPath
L305A,0.6603,LPath
L305C,0.7016,LPath
L305D,0.9931,LPath
L305E,0.9487,LPath
L305F,0.733,LPath
L305G,0.9233,LPath
L305H,0.8877,LPath
L305I,0.3096,LBen
L305K,0.9154,LPath
L305M,0.3244,LBen
L305N,0.9204,LPath
L305P,0.9062,LPath
L305Q,0.7318,LPath
L305R,0.804,LPath
L305S,0.7561,LPath
L305T,0.6698,LPath
L305V,0.2615,LBen
L305W,0.9289,LPath
L305Y,0.9422,LPath
L306A,0.6894,LPath
L306C,0.7457,LPath
L306D,0.9988,LPath
L306E,0.9921,LPath
L306F,0.6682,LPath
L306G,0.9748,LPath
L306H,0.9823,LPath
L306I,0.1567,LBen
L306K,0.9946,LPath
L306M,0.3097,LBen
L306N,0.9909,LPath
L306P,0.9795,LPath
L306Q,0.9683,LPath
L306R,0.9839,LPath
L306S,0.9367,LPath
L306T,0.8183,LPath
L306V,0.1302,LBen
L306W,0.9588,LPath
L306Y,0.9742,LPath
V307A,0.4921,Amb
V307C,0.8897,LPath
V307D,0.9867,LPath
V307E,0.9684,LPath
V307F,0.6538,LPath
V307G,0.7488,LPath
V307H,0.9823,LPath
V307I,0.1361,LBen
V307K,0.9842,LPath
V307L,0.6784,LPath
V307M,0.6348,LPath
V307N,0.967,LPath
V307P,0.9675,LPath
V307Q,0.9598,LPath
V307R,0.9564,LPath
V307S,0.7428,LPath
V307T,0.5521,Amb
V307W,0.9813,LPath
V307Y,0.9458,LPath
G308A,0.845,LPath
G308C,0.9256,LPath
G308D,0.9819,LPath
G308E,0.9861,LPath
G308F,0.9933,LPath
G308H,0.9927,LPath
G308I,0.9836,LPath
G308K,0.992,LPath
G308L,0.9882,LPath
G308M,0.9921,LPath
G308N,0.9909,LPath
G308P,0.9958,LPath
G308Q,0.9879,LPath
G308R,0.9715,LPath
G308S,0.7919,LPath
G308T,0.9598,LPath
G308V,0.9624,LPath
G308W,0.9626,LPath
G308Y,0.9906,LPath
G309A,0.8709,LPath
G309C,0.9069,LPath
G309D,0.9548,LPath
G309E,0.9617,LPath
G309F,0.9808,LPath
G309H,0.9852,LPath
G309I,0.9455,LPath
G309K,0.9857,LPath
G309L,0.9764,LPath
G309M,0.9784,LPath
G309N,0.9554,LPath
G309P,0.9961,LPath
G309Q,0.9741,LPath
G309R,0.9659,LPath
G309S,0.6911,LPath
G309T,0.9312,LPath
G309V,0.9301,LPath
G309W,0.9705,LPath
G309Y,0.9758,LPath
L310A,0.4312,Amb
L310C,0.5781,LPath
L310D,0.7605,LPath
L310E,0.4678,Amb
L310F,0.138,LBen
L310G,0.751,LPath
L310H,0.3184,LBen
L310I,0.126,LBen
L310K,0.449,Amb
L310M,0.0974,LBen
L310N,0.5044,Amb
L310P,0.9021,LPath
L310Q,0.1879,LBen
L310R,0.3702,Amb
L310S,0.3555,Amb
L310T,0.3877,Amb
L310V,0.1374,LBen
L310W,0.2866,LBen
L310Y,0.364,Amb
P311A,0.2331,LBen
P311C,0.7998,LPath
P311D,0.9542,LPath
P311E,0.909,LPath
P311F,0.9253,LPath
P311G,0.7989,LPath
P311H,0.6655,LPath
P311I,0.8748,LPath
P311K,0.9081,LPath
P311L,0.498,Amb
P311M,0.8021,LPath
P311N,0.881,LPath
P311Q,0.6724,LPath
P311R,0.7207,LPath
P311S,0.4283,Amb
P311T,0.5942,LPath
P311V,0.7292,LPath
P311W,0.9624,LPath
P311Y,0.9082,LPath
L312A,0.383,Amb
L312C,0.6688,LPath
L312D,0.936,LPath
L312E,0.6893,LPath
L312F,0.1822,LBen
L312G,0.7492,LPath
L312H,0.4128,Amb
L312I,0.1098,LBen
L312K,0.445,Amb
L312M,0.0962,LBen
L312N,0.696,LPath
L312P,0.5276,Amb
L312Q,0.2708,LBen
L312R,0.3661,Amb
L312S,0.4709,Amb
L312T,0.3989,Amb
L312V,0.1102,LBen
L312W,0.3853,Amb
L312Y,0.4461,Amb
P313A,0.1846,LBen
P313C,0.8011,LPath
P313D,0.9658,LPath
P313E,0.8514,LPath
P313F,0.7719,LPath
P313G,0.6951,LPath
P313H,0.5511,Amb
P313I,0.6403,LPath
P313K,0.808,LPath
P313L,0.3246,LBen
P313M,0.6577,LPath
P313N,0.8679,LPath
P313Q,0.514,Amb
P313R,0.5992,LPath
P313S,0.4075,Amb
P313T,0.4545,Amb
P313V,0.4868,Amb
P313W,0.9215,LPath
P313Y,0.7541,LPath
P314A,0.1029,LBen
P314C,0.507,Amb
P314D,0.6895,LPath
P314E,0.3976,Amb
P314F,0.5731,LPath
P314G,0.3544,Amb
P314H,0.2547,LBen
P314I,0.362,Amb
P314K,0.3847,Amb
P314L,0.1567,LBen
P314M,0.3515,Amb
P314N,0.3975,Amb
P314Q,0.1363,LBen
P314R,0.2239,LBen
P314S,0.1537,LBen
P314T,0.1523,LBen
P314V,0.2429,LBen
P314W,0.7038,LPath
P314Y,0.484,Amb
Q315A,0.8102,LPath
Q315C,0.987,LPath
Q315D,0.975,LPath
Q315E,0.5267,Amb
Q315F,0.9933,LPath
Q315G,0.8963,LPath
Q315H,0.9411,LPath
Q315I,0.9243,LPath
Q315K,0.9374,LPath
Q315L,0.7643,LPath
Q315M,0.8173,LPath
Q315N,0.852,LPath
Q315P,0.9173,LPath
Q315R,0.9556,LPath
Q315S,0.7418,LPath
Q315T,0.878,LPath
Q315V,0.8828,LPath
Q315W,0.9973,LPath
Q315Y,0.9907,LPath
L316A,0.3511,Amb
L316C,0.3709,Amb
L316D,0.8296,LPath
L316E,0.4373,Amb
L316F,0.1691,LBen
L316G,0.6208,LPath
L316H,0.2185,LBen
L316I,0.0796,LBen
L316K,0.201,LBen
L316M,0.1005,LBen
L316N,0.4604,Amb
L316P,0.9594,LPath
L316Q,0.1283,LBen
L316R,0.1231,LBen
L316S,0.4149,Amb
L316T,0.3075,LBen
L316V,0.0981,LBen
L316W,0.2468,LBen
L316Y,0.3302,LBen
Y317A,0.6242,LPath
Y317C,0.1609,LBen
Y317D,0.6289,LPath
Y317E,0.7872,LPath
Y317F,0.1273,LBen
Y317G,0.5606,Amb
Y317H,0.0698,LBen
Y317I,0.7144,LPath
Y317K,0.6098,LPath
Y317L,0.5865,LPath
Y317M,0.8131,LPath
Y317N,0.3076,LBen
Y317P,0.8546,LPath
Y317Q,0.4365,Amb
Y317R,0.2901,LBen
Y317S,0.3562,Amb
Y317T,0.7334,LPath
Y317V,0.6213,LPath
Y317W,0.3416,Amb
R318A,0.9253,LPath
R318C,0.4229,Amb
R318D,0.9676,LPath
R318E,0.8521,LPath
R318F,0.9361,LPath
R318G,0.8566,LPath
R318H,0.3317,LBen
R318I,0.8671,LPath
R318K,0.4455,Amb
R318L,0.7325,LPath
R318M,0.8846,LPath
R318N,0.9496,LPath
R318P,0.9841,LPath
R318Q,0.3305,LBen
R318S,0.9326,LPath
R318T,0.9235,LPath
R318V,0.904,LPath
R318W,0.5302,Amb
R318Y,0.8004,LPath
L319A,0.7659,LPath
L319C,0.7636,LPath
L319D,0.9926,LPath
L319E,0.9459,LPath
L319F,0.4082,Amb
L319G,0.9411,LPath
L319H,0.8501,LPath
L319I,0.159,LBen
L319K,0.8675,LPath
L319M,0.1958,LBen
L319N,0.9551,LPath
L319P,0.9756,LPath
L319Q,0.7222,LPath
L319R,0.7842,LPath
L319S,0.8876,LPath
L319T,0.7982,LPath
L319V,0.2024,LBen
L319W,0.7008,LPath
L319Y,0.8143,LPath
Q320A,0.2277,LBen
Q320C,0.265,LBen
Q320D,0.34,LBen
Q320E,0.101,LBen
Q320F,0.5488,Amb
Q320G,0.1418,LBen
Q320H,0.1243,LBen
Q320I,0.4424,Amb
Q320K,0.0725,LBen
Q320L,0.1468,LBen
Q320M,0.3675,Amb
Q320N,0.2399,LBen
Q320P,0.3451,Amb
Q320R,0.0617,LBen
Q320S,0.2024,LBen
Q320T,0.2246,LBen
Q320V,0.3453,Amb
Q320W,0.2725,LBen
Q320Y,0.3017,LBen
Q321A,0.3399,LBen
Q321C,0.4935,Amb
Q321D,0.4489,Amb
Q321E,0.1078,LBen
Q321F,0.7673,LPath
Q321G,0.2417,LBen
Q321H,0.2354,LBen
Q321I,0.5823,LPath
Q321K,0.0982,LBen
Q321L,0.2006,LBen
Q321M,0.4402,Amb
Q321N,0.2661,LBen
Q321P,0.4467,Amb
Q321R,0.1042,LBen
Q321S,0.3002,LBen
Q321T,0.3236,LBen
Q321V,0.4372,Amb
Q321W,0.5693,LPath
Q321Y,0.4726,Amb
H322A,0.1284,LBen
H322C,0.0815,LBen
H322D,0.0901,LBen
H322E,0.1347,LBen
H322F,0.2245,LBen
H322G,0.0956,LBen
H322I,0.2484,LBen
H322K,0.0985,LBen
H322L,0.1168,LBen
H322M,0.2974,LBen
H322N,0.0635,LBen
H322P,0.1116,LBen
H322Q,0.0821,LBen
H322R,0.057,LBen
H322S,0.1057,LBen
H322T,0.133,LBen
H322V,0.1982,LBen
H322W,0.2171,LBen
H322Y,0.0826,LBen
V323A,0.3294,LBen
V323C,0.6997,LPath
V323D,0.8592,LPath
V323E,0.8023,LPath
V323F,0.6447,LPath
V323G,0.4307,Amb
V323H,0.9289,LPath
V323I,0.1002,LBen
V323K,0.8344,LPath
V323L,0.562,Amb
V323M,0.4139,Amb
V323N,0.6934,LPath
V323P,0.6194,LPath
V323Q,0.7651,LPath
V323R,0.7704,LPath
V323S,0.4498,Amb
V323T,0.3717,Amb
V323W,0.9781,LPath
V323Y,0.9291,LPath
K324A,0.4515,Amb
K324C,0.6829,LPath
K324D,0.5628,Amb
K324E,0.193,LBen
K324F,0.9414,LPath
K324G,0.5057,Amb
K324H,0.3463,Amb
K324I,0.7435,LPath
K324L,0.6662,LPath
K324M,0.4142,Amb
K324N,0.4464,Amb
K324P,0.8591,LPath
K324Q,0.1286,LBen
K324R,0.1043,LBen
K324S,0.4202,Amb
K324T,0.2515,LBen
K324V,0.6501,LPath
K324W,0.874,LPath
K324Y,0.8198,LPath
V325A,0.6307,LPath
V325C,0.8345,LPath
V325D,0.9798,LPath
V325E,0.9638,LPath
V325F,0.3318,LBen
V325G,0.7306,LPath
V325H,0.985,LPath
V325I,0.0845,LBen
V325K,0.983,LPath
V325L,0.2284,LBen
V325M,0.2427,LBen
V325N,0.9455,LPath
V325P,0.985,LPath
V325Q,0.9693,LPath
V325R,0.9754,LPath
V325S,0.8813,LPath
V325T,0.772,LPath
V325W,0.9623,LPath
V325Y,0.876,LPath
I326A,0.6286,LPath
I326C,0.7789,LPath
I326D,0.9901,LPath
I326E,0.981,LPath
I326F,0.4513,Amb
I326G,0.9286,LPath
I326H,0.9708,LPath
I326K,0.9596,LPath
I326L,0.1566,LBen
I326M,0.1551,LBen
I326N,0.9056,LPath
I326P,0.9825,LPath
I326Q,0.9582,LPath
I326R,0.9405,LPath
I326S,0.7962,LPath
I326T,0.7019,LPath
I326V,0.0805,LBen
I326W,0.9716,LPath
I326Y,0.9075,LPath
I327A,0.7221,LPath
I327C,0.8993,LPath
I327D,0.9958,LPath
I327E,0.9897,LPath
I327F,0.5811,LPath
I327G,0.9702,LPath
I327H,0.9856,LPath
I327K,0.9847,LPath
I327L,0.3303,LBen
I327M,0.2927,LBen
I327N,0.9504,LPath
I327P,0.9816,LPath
I327Q,0.9832,LPath
I327R,0.975,LPath
I327S,0.8255,LPath
I327T,0.4364,Amb
I327V,0.0812,LBen
I327W,0.9868,LPath
I327Y,0.9686,LPath
A328C,0.8327,LPath
A328D,0.9937,LPath
A328E,0.9971,LPath
A328F,0.9918,LPath
A328G,0.1556,LBen
A328H,0.9973,LPath
A328I,0.9867,LPath
A328K,0.9991,LPath
A328L,0.9533,LPath
A328M,0.9688,LPath
A328N,0.9882,LPath
A328P,0.9933,LPath
A328Q,0.9927,LPath
A328R,0.996,LPath
A328S,0.2433,LBen
A328T,0.6865,LPath
A328V,0.9231,LPath
A328W,0.9994,LPath
A328Y,0.9969,LPath
T329A,0.6275,LPath
T329C,0.8404,LPath
T329D,0.9963,LPath
T329E,0.9895,LPath
T329F,0.9805,LPath
T329G,0.9572,LPath
T329H,0.9779,LPath
T329I,0.9025,LPath
T329K,0.9812,LPath
T329L,0.7606,LPath
T329M,0.5397,Amb
T329N,0.9052,LPath
T329P,0.6581,LPath
T329Q,0.9728,LPath
T329R,0.9758,LPath
T329S,0.7106,LPath
T329V,0.7721,LPath
T329W,0.9985,LPath
T329Y,0.9929,LPath
P330A,0.5502,Amb
P330C,0.9494,LPath
P330D,0.9973,LPath
P330E,0.9907,LPath
P330F,0.9952,LPath
P330G,0.9548,LPath
P330H,0.9827,LPath
P330I,0.9465,LPath
P330K,0.9939,LPath
P330L,0.8102,LPath
P330M,0.9599,LPath
P330N,0.9904,LPath
P330Q,0.972,LPath
P330R,0.9743,LPath
P330S,0.8164,LPath
P330T,0.6554,LPath
P330V,0.8434,LPath
P330W,0.9981,LPath
P330Y,0.9972,LPath
G331A,0.7025,LPath
G331C,0.8872,LPath
G331D,0.984,LPath
G331E,0.9648,LPath
G331F,0.984,LPath
G331H,0.9861,LPath
G331I,0.9652,LPath
G331K,0.9809,LPath
G331L,0.9564,LPath
G331M,0.9734,LPath
G331N,0.975,LPath
G331P,0.9942,LPath
G331Q,0.9529,LPath
G331R,0.9337,LPath
G331S,0.6069,LPath
G331T,0.9181,LPath
G331V,0.9115,LPath
G331W,0.9587,LPath
G331Y,0.9833,LPath
R332A,0.9948,LPath
R332C,0.8614,LPath
R332D,0.9978,LPath
R332E,0.9763,LPath
R332F,0.9902,LPath
R332G,0.986,LPath
R332H,0.8353,LPath
R332I,0.9697,LPath
R332K,0.8575,LPath
R332L,0.956,LPath
R332M,0.9866,LPath
R332N,0.9924,LPath
R332P,0.9964,LPath
R332Q,0.826,LPath
R332S,0.9944,LPath
R332T,0.993,LPath
R332V,0.981,LPath
R332W,0.8977,LPath
R332Y,0.9792,LPath
L333A,0.7949,LPath
L333C,0.7088,LPath
L333D,0.9988,LPath
L333E,0.9924,LPath
L333F,0.2493,LBen
L333G,0.9506,LPath
L333H,0.9716,LPath
L333I,0.1944,LBen
L333K,0.9905,LPath
L333M,0.1811,LBen
L333N,0.9902,LPath
L333P,0.9948,LPath
L333Q,0.9557,LPath
L333R,0.9799,LPath
L333S,0.9469,LPath
L333T,0.8543,LPath
L333V,0.203,LBen
L333W,0.8322,LPath
L333Y,0.8691,LPath
L334A,0.2239,LBen
L334C,0.4125,Amb
L334D,0.7549,LPath
L334E,0.4027,Amb
L334F,0.1928,LBen
L334G,0.4517,Amb
L334H,0.222,LBen
L334I,0.1008,LBen
L334K,0.2393,LBen
L334M,0.1112,LBen
L334N,0.3983,Amb
L334P,0.8669,LPath
L334Q,0.1278,LBen
L334R,0.163,LBen
L334S,0.244,LBen
L334T,0.2081,LBen
L334V,0.1139,LBen
L334W,0.2181,LBen
L334Y,0.3799,Amb
D335A,0.427,Amb
D335C,0.8049,LPath
D335E,0.2026,LBen
D335F,0.8707,LPath
D335G,0.422,Amb
D335H,0.5722,LPath
D335I,0.845,LPath
D335K,0.8039,LPath
D335L,0.765,LPath
D335M,0.8749,LPath
D335N,0.2958,LBen
D335P,0.9652,LPath
D335Q,0.573,LPath
D335R,0.8074,LPath
D335S,0.3077,LBen
D335T,0.6062,LPath
D335V,0.6281,LPath
D335W,0.96,LPath
D335Y,0.511,Amb
I336A,0.616,LPath
I336C,0.7134,LPath
I336D,0.9668,LPath
I336E,0.9319,LPath
I336F,0.385,Amb
I336G,0.8853,LPath
I336H,0.8495,LPath
I336K,0.8581,LPath
I336L,0.1698,LBen
I336M,0.1291,LBen
I336N,0.6538,LPath
I336P,0.9859,LPath
I336Q,0.8731,LPath
I336R,0.7818,LPath
I336S,0.6516,LPath
I336T,0.5165,Amb
I336V,0.0918,LBen
I336W,0.9551,LPath
I336Y,0.8436,LPath
I337A,0.2269,LBen
I337C,0.4145,Amb
I337D,0.6873,LPath
I337E,0.4348,Amb
I337F,0.1332,LBen
I337G,0.4721,Amb
I337H,0.3841,Amb
I337K,0.2134,LBen
I337L,0.0641,LBen
I337M,0.0607,LBen
I337N,0.2863,LBen
I337P,0.8643,LPath
I337Q,0.2287,LBen
I337R,0.1621,LBen
I337S,0.2251,LBen
I337T,0.1692,LBen
I337V,0.0744,LBen
I337W,0.5516,Amb
I337Y,0.4009,Amb
K338A,0.2832,LBen
K338C,0.4237,Amb
K338D,0.4242,Amb
K338E,0.1293,LBen
K338F,0.681,LPath
K338G,0.2333,LBen
K338H,0.1899,LBen
K338I,0.4171,Amb
K338L,0.315,LBen
K338M,0.2354,LBen
K338N,0.2738,LBen
K338P,0.7582,LPath
K338Q,0.0903,LBen
K338R,0.0684,LBen
K338S,0.2466,LBen
K338T,0.1662,LBen
K338V,0.3849,Amb
K338W,0.5602,Amb
K338Y,0.4718,Amb
Q339A,0.2904,LBen
Q339C,0.5461,Amb
Q339D,0.3476,Amb
Q339E,0.1042,LBen
Q339F,0.6805,LPath
Q339G,0.2475,LBen
Q339H,0.2198,LBen
Q339I,0.4295,Amb
Q339K,0.1006,LBen
Q339L,0.1596,LBen
Q339M,0.3868,Amb
Q339N,0.239,LBen
Q339P,0.3734,Amb
Q339R,0.1077,LBen
Q339S,0.2813,LBen
Q339T,0.2448,LBen
Q339V,0.328,LBen
Q339W,0.5452,Amb
Q339Y,0.4049,Amb
S340A,0.0921,LBen
S340C,0.0674,LBen
S340D,0.0992,LBen
S340E,0.1618,LBen
S340F,0.204,LBen
S340G,0.0648,LBen
S340H,0.0904,LBen
S340I,0.1409,LBen
S340K,0.1386,LBen
S340L,0.1535,LBen
S340M,0.1874,LBen
S340N,0.0579,LBen
S340P,0.2384,LBen
S340Q,0.1486,LBen
S340R,0.1173,LBen
S340T,0.0842,LBen
S340V,0.1582,LBen
S340W,0.2284,LBen
S340Y,0.0995,LBen
S341A,0.0643,LBen
S341C,0.087,LBen
S341D,0.2581,LBen
S341E,0.3334,LBen
S341F,0.154,LBen
S341G,0.0998,LBen
S341H,0.2194,LBen
S341I,0.1487,LBen
S341K,0.3732,Amb
S341L,0.0945,LBen
S341M,0.1779,LBen
S341N,0.1415,LBen
S341P,0.2048,LBen
S341Q,0.3254,LBen
S341R,0.3244,LBen
S341T,0.0775,LBen
S341V,0.1285,LBen
S341W,0.2175,LBen
S341Y,0.1198,LBen
V342A,0.1141,LBen
V342C,0.5813,LPath
V342D,0.4035,Amb
V342E,0.3425,Amb
V342F,0.1467,LBen
V342G,0.191,LBen
V342H,0.5768,LPath
V342I,0.0742,LBen
V342K,0.3465,Amb
V342L,0.1482,LBen
V342M,0.1055,LBen
V342N,0.3354,LBen
V342P,0.4424,Amb
V342Q,0.3779,Amb
V342R,0.3171,LBen
V342S,0.204,LBen
V342T,0.1266,LBen
V342W,0.6679,LPath
V342Y,0.5152,Amb
E343A,0.078,LBen
E343C,0.3608,Amb
E343D,0.0693,LBen
E343F,0.3589,Amb
E343G,0.0874,LBen
E343H,0.1454,LBen
E343I,0.1658,LBen
E343K,0.0668,LBen
E343L,0.1645,LBen
E343M,0.1975,LBen
E343N,0.0921,LBen
E343P,0.2006,LBen
E343Q,0.0724,LBen
E343R,0.0948,LBen
E343S,0.0833,LBen
E343T,0.0942,LBen
E343V,0.1133,LBen
E343W,0.4713,Amb
E343Y,0.2217,LBen
L344A,0.5541,Amb
L344C,0.6056,LPath
L344D,0.9149,LPath
L344E,0.8377,LPath
L344F,0.1446,LBen
L344G,0.7449,LPath
L344H,0.6753,LPath
L344I,0.1204,LBen
L344K,0.7657,LPath
L344M,0.1402,LBen
L344N,0.7561,LPath
L344P,0.4173,Amb
L344Q,0.6431,LPath
L344R,0.6621,LPath
L344S,0.6937,LPath
L344T,0.4547,Amb
L344V,0.1469,LBen
L344W,0.361,Amb
L344Y,0.5035,Amb
C345A,0.0956,LBen
C345D,0.0901,LBen
C345E,0.1569,LBen
C345F,0.0809,LBen
C345G,0.0556,LBen
C345H,0.0741,LBen
C345I,0.173,LBen
C345K,0.1288,LBen
C345L,0.1432,LBen
C345M,0.2561,LBen
C345N,0.0858,LBen
C345P,0.1921,LBen
C345Q,0.1072,LBen
C345R,0.0651,LBen
C345S,0.0636,LBen
C345T,0.1101,LBen
C345V,0.167,LBen
C345W,0.1159,LBen
C345Y,0.0721,LBen
G346A,0.0827,LBen
G346C,0.112,LBen
G346D,0.0838,LBen
G346E,0.1205,LBen
G346F,0.307,LBen
G346H,0.1431,LBen
G346I,0.2162,LBen
G346K,0.163,LBen
G346L,0.2355,LBen
G346M,0.2796,LBen
G346N,0.1172,LBen
G346P,0.4655,Amb
G346Q,0.152,LBen
G346R,0.1134,LBen
G346S,0.0682,LBen
G346T,0.1058,LBen
G346V,0.1621,LBen
G346W,0.2247,LBen
G346Y,0.1911,LBen
V347A,0.3212,LBen
V347C,0.5904,LPath
V347D,0.7415,LPath
V347E,0.6943,LPath
V347F,0.2616,LBen
V347G,0.4307,Amb
V347H,0.8258,LPath
V347I,0.0547,LBen
V347K,0.6809,LPath
V347L,0.1293,LBen
V347M,0.1188,LBen
V347N,0.43,Amb
V347P,0.7153,LPath
V347Q,0.6537,LPath
V347R,0.6119,LPath
V347S,0.3668,Amb
V347T,0.2667,LBen
V347W,0.8806,LPath
V347Y,0.7191,LPath
K348A,0.2976,LBen
K348C,0.4931,Amb
K348D,0.3031,LBen
K348E,0.1128,LBen
K348F,0.7505,LPath
K348G,0.2764,LBen
K348H,0.2008,LBen
K348I,0.466,Amb
K348L,0.4039,Amb
K348M,0.2632,LBen
K348N,0.1962,LBen
K348P,0.7079,LPath
K348Q,0.0991,LBen
K348R,0.0793,LBen
K348S,0.2211,LBen
K348T,0.1585,LBen
K348V,0.4242,Amb
K348W,0.6645,LPath
K348Y,0.5306,Amb
I349A,0.2523,LBen
I349C,0.6478,LPath
I349D,0.9022,LPath
I349E,0.8207,LPath
I349F,0.1603,LBen
I349G,0.6858,LPath
I349H,0.72,LPath
I349K,0.7068,LPath
I349L,0.1497,LBen
I349M,0.0736,LBen
I349N,0.4749,Amb
I349P,0.932,LPath
I349Q,0.7104,LPath
I349R,0.5894,LPath
I349S,0.3307,LBen
I349T,0.1325,LBen
I349V,0.0733,LBen
I349W,0.771,LPath
I349Y,0.5398,Amb
V350A,0.1514,LBen
V350C,0.656,LPath
V350D,0.9109,LPath
V350E,0.8668,LPath
V350F,0.2918,LBen
V350G,0.4042,Amb
V350H,0.9069,LPath
V350I,0.0805,LBen
V350K,0.8563,LPath
V350L,0.2058,LBen
V350M,0.1507,LBen
V350N,0.7582,LPath
V350P,0.9496,LPath
V350Q,0.8109,LPath
V350R,0.8029,LPath
V350S,0.4013,Amb
V350T,0.2238,LBen
V350W,0.9139,LPath
V350Y,0.8123,LPath
V351A,0.4343,Amb
V351C,0.9083,LPath
V351D,0.9925,LPath
V351E,0.9862,LPath
V351F,0.8441,LPath
V351G,0.8373,LPath
V351H,0.9951,LPath
V351I,0.0923,LBen
V351K,0.9941,LPath
V351L,0.6853,LPath
V351M,0.5736,LPath
V351N,0.9683,LPath
V351P,0.9876,LPath
V351Q,0.985,LPath
V351R,0.9875,LPath
V351S,0.7676,LPath
V351T,0.5552,Amb
V351W,0.9972,LPath
V351Y,0.9904,LPath
V352A,0.5175,Amb
V352C,0.8472,LPath
V352D,0.988,LPath
V352E,0.9697,LPath
V352F,0.4245,Amb
V352G,0.8114,LPath
V352H,0.988,LPath
V352I,0.0725,LBen
V352K,0.9794,LPath
V352L,0.2346,LBen
V352M,0.2334,LBen
V352N,0.9635,LPath
V352P,0.9839,LPath
V352Q,0.9633,LPath
V352R,0.9671,LPath
V352S,0.8601,LPath
V352T,0.6521,LPath
V352W,0.9605,LPath
V352Y,0.9326,LPath
D353A,0.9875,LPath
D353C,0.997,LPath
D353E,0.9856,LPath
D353F,0.9968,LPath
D353G,0.9771,LPath
D353H,0.9923,LPath
D353I,0.992,LPath
D353K,0.9956,LPath
D353L,0.9842,LPath
D353M,0.9961,LPath
D353N,0.9558,LPath
D353P,0.9984,LPath
D353Q,0.9964,LPath
D353R,0.9941,LPath
D353S,0.9646,LPath
D353T,0.9893,LPath
D353V,0.9821,LPath
D353W,0.9972,LPath
D353Y,0.982,LPath
E354A,0.9909,LPath
E354C,0.9972,LPath
E354D,0.9881,LPath
E354F,0.9992,LPath
E354G,0.9866,LPath
E354H,0.9977,LPath
E354I,0.9973,LPath
E354K,0.9845,LPath
E354L,0.9965,LPath
E354M,0.9811,LPath
E354N,0.993,LPath
E354P,0.9999,LPath
E354Q,0.9787,LPath
E354R,0.9912,LPath
E354S,0.9943,LPath
E354T,0.9958,LPath
E354V,0.993,LPath
E354W,0.9998,LPath
E354Y,0.9992,LPath
A355C,0.573,LPath
A355D,0.9817,LPath
A355E,0.9579,LPath
A355F,0.7253,LPath
A355G,0.3787,Amb
A355H,0.9849,LPath
A355I,0.3349,LBen
A355K,0.9895,LPath
A355L,0.3867,Amb
A355M,0.3519,Amb
A355N,0.9522,LPath
A355P,0.9647,LPath
A355Q,0.9512,LPath
A355R,0.9759,LPath
A355S,0.2924,LBen
A355T,0.2068,LBen
A355V,0.1208,LBen
A355W,0.9755,LPath
A355Y,0.9361,LPath
D356A,0.9891,LPath
D356C,0.9987,LPath
D356E,0.9924,LPath
D356F,0.9981,LPath
D356G,0.9905,LPath
D356H,0.9956,LPath
D356I,0.9972,LPath
D356K,0.9978,LPath
D356L,0.9974,LPath
D356M,0.999,LPath
D356N,0.9638,LPath
D356P,0.9993,LPath
D356Q,0.9979,LPath
D356R,0.9964,LPath
D356S,0.9767,LPath
D356T,0.9961,LPath
D356V,0.9906,LPath
D356W,0.9997,LPath
D356Y,0.9911,LPath
T357A,0.1243,LBen
T357C,0.4021,Amb
T357D,0.8341,LPath
T357E,0.6958,LPath
T357F,0.5558,Amb
T357G,0.4241,Amb
T357H,0.508,Amb
T357I,0.3117,LBen
T357K,0.5702,LPath
T357L,0.1927,LBen
T357M,0.1213,LBen
T357N,0.2828,LBen
T357P,0.7871,LPath
T357Q,0.4754,Amb
T357R,0.3968,Amb
T357S,0.2113,LBen
T357V,0.1991,LBen
T357W,0.8707,LPath
T357Y,0.5733,LPath
M358A,0.9387,LPath
M358C,0.949,LPath
M358D,0.9994,LPath
M358E,0.9953,LPath
M358F,0.9112,LPath
M358G,0.9924,LPath
M358H,0.9949,LPath
M358I,0.8897,LPath
M358K,0.9867,LPath
M358L,0.295,LBen
M358N,0.9933,LPath
M358P,0.9977,LPath
M358Q,0.9667,LPath
M358R,0.9867,LPath
M358S,0.9671,LPath
M358T,0.9261,LPath
M358V,0.3838,Amb
M358W,0.9953,LPath
M358Y,0.9928,LPath
L359A,0.8734,LPath
L359C,0.8602,LPath
L359D,0.9921,LPath
L359E,0.9491,LPath
L359F,0.3659,Amb
L359G,0.9386,LPath
L359H,0.8788,LPath
L359I,0.3021,LBen
L359K,0.9151,LPath
L359M,0.2524,LBen
L359N,0.9529,LPath
L359P,0.9811,LPath
L359Q,0.7639,LPath
L359R,0.8248,LPath
L359S,0.9367,LPath
L359T,0.8862,LPath
L359V,0.3371,LBen
L359W,0.6094,LPath
L359Y,0.8387,LPath
K360A,0.729,LPath
K360C,0.8243,LPath
K360D,0.8696,LPath
K360E,0.5345,Amb
K360F,0.9567,LPath
K360G,0.7244,LPath
K360H,0.4691,Amb
K360I,0.8647,LPath
K360L,0.6779,LPath
K360M,0.5899,LPath
K360N,0.7611,LPath
K360P,0.9667,LPath
K360Q,0.2181,LBen
K360R,0.1132,LBen
K360S,0.7351,LPath
K360T,0.5333,Amb
K360V,0.7968,LPath
K360W,0.9196,LPath
K360Y,0.8865,LPath
M361A,0.7636,LPath
M361C,0.8636,LPath
M361D,0.9427,LPath
M361E,0.8173,LPath
M361F,0.5274,Amb
M361G,0.8563,LPath
M361H,0.7979,LPath
M361I,0.7236,LPath
M361K,0.5426,Amb
M361L,0.1841,LBen
M361N,0.7591,LPath
M361P,0.9828,LPath
M361Q,0.5722,LPath
M361R,0.5036,Amb
M361S,0.7801,LPath
M361T,0.6983,LPath
M361V,0.3101,LBen
M361W,0.7803,LPath
M361Y,0.7632,LPath
G362A,0.8294,LPath
G362C,0.8626,LPath
G362D,0.8734,LPath
G362E,0.941,LPath
G362F,0.9878,LPath
G362H,0.9656,LPath
G362I,0.97,LPath
G362K,0.9743,LPath
G362L,0.9734,LPath
G362M,0.9804,LPath
G362N,0.8782,LPath
G362P,0.9939,LPath
G362Q,0.9452,LPath
G362R,0.9491,LPath
G362S,0.6381,LPath
G362T,0.9156,LPath
G362V,0.9373,LPath
G362W,0.9748,LPath
G362Y,0.9654,LPath
F363A,0.9943,LPath
F363C,0.9565,LPath
F363D,0.9971,LPath
F363E,0.997,LPath
F363G,0.9941,LPath
F363H,0.9826,LPath
F363I,0.9693,LPath
F363K,0.9957,LPath
F363L,0.9961,LPath
F363M,0.9681,LPath
F363N,0.9841,LPath
F363P,0.9998,LPath
F363Q,0.9925,LPath
F363R,0.9892,LPath
F363S,0.9864,LPath
F363T,0.9959,LPath
F363V,0.9718,LPath
F363W,0.9397,LPath
F363Y,0.7511,LPath
Q364A,0.5115,Amb
Q364C,0.7924,LPath
Q364D,0.8598,LPath
Q364E,0.1401,LBen
Q364F,0.8941,LPath
Q364G,0.4212,Amb
Q364H,0.4276,Amb
Q364I,0.7445,LPath
Q364K,0.1703,LBen
Q364L,0.3159,LBen
Q364M,0.7133,LPath
Q364N,0.7314,LPath
Q364P,0.4392,Amb
Q364R,0.1279,LBen
Q364S,0.5058,Amb
Q364T,0.5162,Amb
Q364V,0.6197,LPath
Q364W,0.7272,LPath
Q364Y,0.7031,LPath
Q365A,0.296,LBen
Q365C,0.7177,LPath
Q365D,0.3878,Amb
Q365E,0.0832,LBen
Q365F,0.8297,LPath
Q365G,0.2782,LBen
Q365H,0.3235,LBen
Q365I,0.5518,Amb
Q365K,0.1183,LBen
Q365L,0.2209,LBen
Q365M,0.5025,Amb
Q365N,0.3788,Amb
Q365P,0.2049,LBen
Q365R,0.1321,LBen
Q365S,0.3356,LBen
Q365T,0.3111,LBen
Q365V,0.3862,Amb
Q365W,0.6531,LPath
Q365Y,0.5813,LPath
Q366A,0.43,Amb
Q366C,0.956,LPath
Q366D,0.6119,LPath
Q366E,0.1494,LBen
Q366F,0.9762,LPath
Q366G,0.6567,LPath
Q366H,0.7309,LPath
Q366I,0.8132,LPath
Q366K,0.4421,Amb
Q366L,0.5021,Amb
Q366M,0.6715,LPath
Q366N,0.6442,LPath
Q366P,0.34,Amb
Q366R,0.5811,LPath
Q366S,0.5809,LPath
Q366T,0.6527,LPath
Q366V,0.6653,LPath
Q366W,0.9688,LPath
Q366Y,0.9235,LPath
V367A,0.6688,LPath
V367C,0.9037,LPath
V367D,0.9792,LPath
V367E,0.9534,LPath
V367F,0.5023,Amb
V367G,0.7446,LPath
V367H,0.9829,LPath
V367I,0.1127,LBen
V367K,0.9746,LPath
V367L,0.4816,Amb
V367M,0.3781,Amb
V367N,0.935,LPath
V367P,0.9914,LPath
V367Q,0.9501,LPath
V367R,0.9677,LPath
V367S,0.8305,LPath
V367T,0.6784,LPath
V367W,0.9836,LPath
V367Y,0.924,LPath
L368A,0.2808,LBen
L368C,0.4649,Amb
L368D,0.8029,LPath
L368E,0.4322,Amb
L368F,0.1558,LBen
L368G,0.5414,Amb
L368H,0.2573,LBen
L368I,0.1198,LBen
L368K,0.2775,LBen
L368M,0.0936,LBen
L368N,0.4877,Amb
L368P,0.8852,LPath
L368Q,0.1615,LBen
L368R,0.1787,LBen
L368S,0.3193,LBen
L368T,0.2246,LBen
L368V,0.1198,LBen
L368W,0.1884,LBen
L368Y,0.3883,Amb
D369A,0.1393,LBen
D369C,0.4445,Amb
D369E,0.148,LBen
D369F,0.5286,Amb
D369G,0.1745,LBen
D369H,0.2072,LBen
D369I,0.3882,Amb
D369K,0.3634,Amb
D369L,0.3541,Amb
D369M,0.5336,Amb
D369N,0.1128,LBen
D369P,0.9244,LPath
D369Q,0.2616,LBen
D369R,0.3546,Amb
D369S,0.128,LBen
D369T,0.2174,LBen
D369V,0.215,LBen
D369W,0.8055,LPath
D369Y,0.1784,LBen
I370A,0.6829,LPath
I370C,0.7596,LPath
I370D,0.9757,LPath
I370E,0.9645,LPath
I370F,0.5087,Amb
I370G,0.9185,LPath
I370H,0.9419,LPath
I370K,0.95,LPath
I370L,0.1903,LBen
I370M,0.2084,LBen
I370N,0.7929,LPath
I370P,0.9807,LPath
I370Q,0.9454,LPath
I370R,0.9299,LPath
I370S,0.7036,LPath
I370T,0.5214,Amb
I370V,0.0754,LBen
I370W,0.978,LPath
I370Y,0.9007,LPath
L371A,0.3989,Amb
L371C,0.5522,Amb
L371D,0.9505,LPath
L371E,0.6855,LPath
L371F,0.1716,LBen
L371G,0.7576,LPath
L371H,0.4729,Amb
L371I,0.1156,LBen
L371K,0.4892,Amb
L371M,0.1047,LBen
L371N,0.7966,LPath
L371P,0.9158,LPath
L371Q,0.32,LBen
L371R,0.3688,Amb
L371S,0.5114,Amb
L371T,0.3138,LBen
L371V,0.1262,LBen
L371W,0.3087,LBen
L371Y,0.6074,LPath
E372A,0.152,LBen
E372C,0.646,LPath
E372D,0.1406,LBen
E372F,0.74,LPath
E372G,0.0903,LBen
E372H,0.3168,LBen
E372I,0.4567,Amb
E372K,0.1006,LBen
E372L,0.3588,Amb
E372M,0.4722,Amb
E372N,0.2303,LBen
E372P,0.6863,LPath
E372Q,0.1009,LBen
E372R,0.1648,LBen
E372S,0.1812,LBen
E372T,0.2408,LBen
E372V,0.2666,LBen
E372W,0.7814,LPath
E372Y,0.5283,Amb
N373A,0.1155,LBen
N373C,0.1206,LBen
N373D,0.0821,LBen
N373E,0.1501,LBen
N373F,0.2402,LBen
N373G,0.1526,LBen
N373H,0.0654,LBen
N373I,0.1039,LBen
N373K,0.1041,LBen
N373L,0.1453,LBen
N373M,0.1621,LBen
N373P,0.5134,Amb
N373Q,0.1311,LBen
N373R,0.1235,LBen
N373S,0.0772,LBen
N373T,0.0861,LBen
N373V,0.1148,LBen
N373W,0.4066,Amb
N373Y,0.0753,LBen
I374A,0.1784,LBen
I374C,0.3696,Amb
I374D,0.6002,LPath
I374E,0.546,Amb
I374F,0.1473,LBen
I374G,0.3696,Amb
I374H,0.4196,Amb
I374K,0.3355,LBen
I374L,0.0806,LBen
I374M,0.0759,LBen
I374N,0.2086,LBen
I374P,0.5487,Amb
I374Q,0.3639,Amb
I374R,0.2636,LBen
I374S,0.1712,LBen
I374T,0.1019,LBen
I374V,0.0578,LBen
I374W,0.7207,LPath
I374Y,0.432,Amb
P375A,0.1154,LBen
P375C,0.297,LBen
P375D,0.2817,LBen
P375E,0.2341,LBen
P375F,0.4853,Amb
P375G,0.2175,LBen
P375H,0.1526,LBen
P375I,0.4062,Amb
P375K,0.2011,LBen
P375L,0.2066,LBen
P375M,0.3762,Amb
P375N,0.2422,LBen
P375Q,0.1446,LBen
P375R,0.1355,LBen
P375S,0.1016,LBen
P375T,0.1154,LBen
P375V,0.2878,LBen
P375W,0.4861,Amb
P375Y,0.3772,Amb
N376A,0.0668,LBen
N376C,0.0812,LBen
N376D,0.0575,LBen
N376E,0.0876,LBen
N376F,0.1829,LBen
N376G,0.0813,LBen
N376H,0.0514,LBen
N376I,0.0819,LBen
N376K,0.0614,LBen
N376L,0.0923,LBen
N376M,0.136,LBen
N376P,0.1172,LBen
N376Q,0.0833,LBen
N376R,0.0657,LBen
N376S,0.0532,LBen
N376T,0.0631,LBen
N376V,0.08,LBen
N376W,0.2532,LBen
N376Y,0.0703,LBen
D377A,0.0892,LBen
D377C,0.2112,LBen
D377E,0.0974,LBen
D377F,0.2826,LBen
D377G,0.0813,LBen
D377H,0.0985,LBen
D377I,0.1529,LBen
D377K,0.1243,LBen
D377L,0.1902,LBen
D377M,0.3203,LBen
D377N,0.068,LBen
D377P,0.3718,Amb
D377Q,0.1305,LBen
D377R,0.1207,LBen
D377S,0.0738,LBen
D377T,0.108,LBen
D377V,0.1082,LBen
D377W,0.5758,LPath
D377Y,0.1073,LBen
C378A,0.2182,LBen
C378D,0.4713,Amb
C378E,0.5669,LPath
C378F,0.1573,LBen
C378G,0.115,LBen
C378H,0.1724,LBen
C378I,0.3345,LBen
C378K,0.3663,Amb
C378L,0.3696,Amb
C378M,0.5361,Amb
C378N,0.283,LBen
C378P,0.5886,LPath
C378Q,0.3048,LBen
C378R,0.1341,LBen
C378S,0.1393,LBen
C378T,0.2433,LBen
C378V,0.292,LBen
C378W,0.3142,LBen
C378Y,0.1431,LBen
Q379A,0.7874,LPath
Q379C,0.9615,LPath
Q379D,0.9496,LPath
Q379E,0.2965,LBen
Q379F,0.9844,LPath
Q379G,0.8068,LPath
Q379H,0.882,LPath
Q379I,0.8739,LPath
Q379K,0.527,Amb
Q379L,0.6885,LPath
Q379M,0.7955,LPath
Q379N,0.8513,LPath
Q379P,0.6515,LPath
Q379R,0.5756,LPath
Q379S,0.7573,LPath
Q379T,0.736,LPath
Q379V,0.8128,LPath
Q379W,0.9869,LPath
Q379Y,0.981,LPath
T380A,0.1362,LBen
T380C,0.3538,Amb
T380D,0.7585,LPath
T380E,0.6442,LPath
T380F,0.4117,Amb
T380G,0.4138,Amb
T380H,0.3533,Amb
T380I,0.2566,LBen
T380K,0.2392,LBen
T380L,0.1616,LBen
T380M,0.0966,LBen
T380N,0.2145,LBen
T380P,0.6079,LPath
T380Q,0.3499,Amb
T380R,0.1964,LBen
T380S,0.1701,LBen
T380V,0.1897,LBen
T380W,0.7195,LPath
T380Y,0.3873,Amb
I381A,0.4896,Amb
I381C,0.6141,LPath
I381D,0.9656,LPath
I381E,0.935,LPath
I381F,0.2168,LBen
I381G,0.8361,LPath
I381H,0.8606,LPath
I381K,0.9114,LPath
I381L,0.091,LBen
I381M,0.094,LBen
I381N,0.7045,LPath
I381P,0.9753,LPath
I381Q,0.861,LPath
I381R,0.8723,LPath
I381S,0.555,Amb
I381T,0.4949,Amb
I381V,0.0661,LBen
I381W,0.9049,LPath
I381Y,0.7026,LPath
L382A,0.8016,LPath
L382C,0.7306,LPath
L382D,0.9977,LPath
L382E,0.9851,LPath
L382F,0.15,LBen
L382G,0.9627,LPath
L382H,0.9141,LPath
L382I,0.1924,LBen
L382K,0.9797,LPath
L382M,0.131,LBen
L382N,0.9829,LPath
L382P,0.9883,LPath
L382Q,0.921,LPath
L382R,0.9547,LPath
L382S,0.9199,LPath
L382T,0.8502,LPath
L382V,0.1979,LBen
L382W,0.6555,LPath
L382Y,0.7639,LPath
V383A,0.2298,LBen
V383C,0.6828,LPath
V383D,0.9467,LPath
V383E,0.9396,LPath
V383F,0.3549,Amb
V383G,0.4339,Amb
V383H,0.9545,LPath
V383I,0.1417,LBen
V383K,0.9763,LPath
V383L,0.4018,Amb
V383M,0.4029,Amb
V383N,0.7935,LPath
V383P,0.9438,LPath
V383Q,0.9258,LPath
V383R,0.9451,LPath
V383S,0.38,Amb
V383T,0.2606,LBen
V383W,0.978,LPath
V383Y,0.8953,LPath
S384A,0.7289,LPath
S384C,0.8071,LPath
S384D,0.9947,LPath
S384E,0.9965,LPath
S384F,0.9887,LPath
S384G,0.7331,LPath
S384H,0.9933,LPath
S384I,0.9901,LPath
S384K,0.9995,LPath
S384L,0.9185,LPath
S384M,0.9417,LPath
S384N,0.9834,LPath
S384P,0.9889,LPath
S384Q,0.9961,LPath
S384R,0.9989,LPath
S384T,0.2807,LBen
S384V,0.9737,LPath
S384W,0.9892,LPath
S384Y,0.9886,LPath
A385C,0.9503,LPath
A385D,0.993,LPath
A385E,0.9863,LPath
A385F,0.9678,LPath
A385G,0.8619,LPath
A385H,0.9851,LPath
A385I,0.9815,LPath
A385K,0.9938,LPath
A385L,0.9201,LPath
A385M,0.9447,LPath
A385N,0.972,LPath
A385P,0.9842,LPath
A385Q,0.9671,LPath
A385R,0.962,LPath
A385S,0.4376,Amb
A385T,0.8287,LPath
A385V,0.9291,LPath
A385W,0.9964,LPath
A385Y,0.986,LPath
T386A,0.6076,LPath
T386C,0.9404,LPath
T386D,0.9859,LPath
T386E,0.9709,LPath
T386F,0.9668,LPath
T386G,0.9027,LPath
T386H,0.9452,LPath
T386I,0.9388,LPath
T386K,0.9442,LPath
T386L,0.8359,LPath
T386M,0.5555,Amb
T386N,0.8813,LPath
T386P,0.9517,LPath
T386Q,0.9197,LPath
T386R,0.9109,LPath
T386S,0.6471,LPath
T386V,0.7945,LPath
T386W,0.9932,LPath
T386Y,0.9812,LPath
I387A,0.6884,LPath
I387C,0.8186,LPath
I387D,0.9608,LPath
I387E,0.9284,LPath
I387F,0.2082,LBen
I387G,0.9298,LPath
I387H,0.8322,LPath
I387K,0.8533,LPath
I387L,0.1275,LBen
I387M,0.1106,LBen
I387N,0.7039,LPath
I387P,0.9322,LPath
I387Q,0.8242,LPath
I387R,0.7679,LPath
I387S,0.6671,LPath
I387T,0.6091,LPath
I387V,0.0858,LBen
I387W,0.8805,LPath
I387Y,0.7021,LPath
P388A,0.3414,Amb
P388C,0.9049,LPath
P388D,0.881,LPath
P388E,0.8267,LPath
P388F,0.95,LPath
P388G,0.7216,LPath
P388H,0.6332,LPath
P388I,0.9138,LPath
P388K,0.8349,LPath
P388L,0.5968,LPath
P388M,0.8465,LPath
P388N,0.7755,LPath
P388Q,0.6038,LPath
P388R,0.7035,LPath
P388S,0.3654,Amb
P388T,0.3599,Amb
P388V,0.8047,LPath
P388W,0.973,LPath
P388Y,0.938,LPath
T389A,0.0517,LBen
T389C,0.1558,LBen
T389D,0.1229,LBen
T389E,0.1279,LBen
T389F,0.1037,LBen
T389G,0.0834,LBen
T389H,0.1007,LBen
T389I,0.0734,LBen
T389K,0.0919,LBen
T389L,0.0635,LBen
T389M,0.0705,LBen
T389N,0.0647,LBen
T389P,0.0589,LBen
T389Q,0.1033,LBen
T389R,0.0883,LBen
T389S,0.0644,LBen
T389V,0.0677,LBen
T389W,0.2717,LBen
T389Y,0.1136,LBen
S390A,0.0771,LBen
S390C,0.0877,LBen
S390D,0.2783,LBen
S390E,0.3709,Amb
S390F,0.3125,LBen
S390G,0.0555,LBen
S390H,0.2233,LBen
S390I,0.1491,LBen
S390K,0.4021,Amb
S390L,0.174,LBen
S390M,0.2171,LBen
S390N,0.0926,LBen
S390P,0.1778,LBen
S390Q,0.3227,LBen
S390R,0.3152,LBen
S390T,0.0757,LBen
S390V,0.1516,LBen
S390W,0.4195,Amb
S390Y,0.2337,LBen
I391A,0.2246,LBen
I391C,0.7546,LPath
I391D,0.8872,LPath
I391E,0.7669,LPath
I391F,0.2884,LBen
I391G,0.6995,LPath
I391H,0.7779,LPath
I391K,0.6692,LPath
I391L,0.1641,LBen
I391M,0.0711,LBen
I391N,0.593,LPath
I391P,0.8246,LPath
I391Q,0.6613,LPath
I391R,0.5796,LPath
I391S,0.3332,LBen
I391T,0.1008,LBen
I391V,0.0675,LBen
I391W,0.8483,LPath
I391Y,0.7782,LPath
E392A,0.216,LBen
E392C,0.8204,LPath
E392D,0.2229,LBen
E392F,0.7787,LPath
E392G,0.1895,LBen
E392H,0.4419,Amb
E392I,0.4526,Amb
E392K,0.1767,LBen
E392L,0.4051,Amb
E392M,0.511,Amb
E392N,0.3311,LBen
E392P,0.8737,LPath
E392Q,0.1204,LBen
E392R,0.2685,LBen
E392S,0.2301,LBen
E392T,0.2758,LBen
E392V,0.2906,LBen
E392W,0.9055,LPath
E392Y,0.6528,LPath
Q393A,0.1543,LBen
Q393C,0.3292,LBen
Q393D,0.1883,LBen
Q393E,0.0794,LBen
Q393F,0.3944,Amb
Q393G,0.1504,LBen
Q393H,0.1035,LBen
Q393I,0.2285,LBen
Q393K,0.0746,LBen
Q393L,0.0875,LBen
Q393M,0.243,LBen
Q393N,0.1442,LBen
Q393P,0.1977,LBen
Q393R,0.0839,LBen
Q393S,0.1672,LBen
Q393T,0.1353,LBen
Q393V,0.1734,LBen
Q393W,0.2851,LBen
Q393Y,0.2059,LBen
L394A,0.6354,LPath
L394C,0.7726,LPath
L394D,0.9698,LPath
L394E,0.8584,LPath
L394F,0.1652,LBen
L394G,0.9057,LPath
L394H,0.679,LPath
L394I,0.1385,LBen
L394K,0.75,LPath
L394M,0.126,LBen
L394N,0.8941,LPath
L394P,0.9385,LPath
L394Q,0.5863,LPath
L394R,0.6675,LPath
L394S,0.8243,LPath
L394T,0.5435,Amb
L394V,0.1629,LBen
L394W,0.3798,Amb
L394Y,0.591,LPath
A395C,0.4609,Amb
A395D,0.803,LPath
A395E,0.7011,LPath
A395F,0.6823,LPath
A395G,0.1602,LBen
A395H,0.7895,LPath
A395I,0.4557,Amb
A395K,0.8006,LPath
A395L,0.4591,Amb
A395M,0.4433,Amb
A395N,0.661,LPath
A395P,0.8639,LPath
A395Q,0.6126,LPath
A395R,0.7212,LPath
A395S,0.0984,LBen
A395T,0.1337,LBen
A395V,0.2178,LBen
A395W,0.9217,LPath
A395Y,0.7854,LPath
S396A,0.0757,LBen
S396C,0.0663,LBen
S396D,0.1065,LBen
S396E,0.1683,LBen
S396F,0.1319,LBen
S396G,0.062,LBen
S396H,0.107,LBen
S396I,0.0907,LBen
S396K,0.1576,LBen
S396L,0.098,LBen
S396M,0.1437,LBen
S396N,0.0684,LBen
S396P,0.4758,Amb
S396Q,0.1578,LBen
S396R,0.1293,LBen
S396T,0.0747,LBen
S396V,0.1065,LBen
S396W,0.2064,LBen
S396Y,0.0951,LBen
Q397A,0.2259,LBen
Q397C,0.3703,Amb
Q397D,0.2835,LBen
Q397E,0.0931,LBen
Q397F,0.5385,Amb
Q397G,0.2024,LBen
Q397H,0.1282,LBen
Q397I,0.3373,LBen
Q397K,0.0772,LBen
Q397L,0.1349,LBen
Q397M,0.3514,Amb
Q397N,0.2153,LBen
Q397P,0.2454,LBen
Q397R,0.0691,LBen
Q397S,0.1938,LBen
Q397T,0.1707,LBen
Q397V,0.2517,LBen
Q397W,0.3372,LBen
Q397Y,0.29,LBen
L398A,0.536,Amb
L398C,0.5096,Amb
L398D,0.9209,LPath
L398E,0.6932,LPath
L398F,0.1242,LBen
L398G,0.7761,LPath
L398H,0.3322,LBen
L398I,0.1115,LBen
L398K,0.4617,Amb
L398M,0.1292,LBen
L398N,0.6832,LPath
L398P,0.88,LPath
L398Q,0.3219,LBen
L398R,0.3275,LBen
L398S,0.6062,LPath
L398T,0.5067,Amb
L398V,0.1338,LBen
L398W,0.2396,LBen
L398Y,0.3465,Amb
L399A,0.4953,Amb
L399C,0.488,Amb
L399D,0.9649,LPath
L399E,0.8484,LPath
L399F,0.5156,Amb
L399G,0.6873,LPath
L399H,0.7341,LPath
L399I,0.2079,LBen
L399K,0.7887,LPath
L399M,0.1753,LBen
L399N,0.7969,LPath
L399P,0.8822,LPath
L399Q,0.4666,Amb
L399R,0.6563,LPath
L399S,0.5566,Amb
L399T,0.3083,LBen
L399V,0.1581,LBen
L399W,0.842,LPath
L399Y,0.8912,LPath
H400A,0.1387,LBen
H400C,0.0803,LBen
H400D,0.1079,LBen
H400E,0.1247,LBen
H400F,0.2004,LBen
H400G,0.126,LBen
H400I,0.1678,LBen
H400K,0.0943,LBen
H400L,0.0894,LBen
H400M,0.2722,LBen
H400N,0.0777,LBen
H400P,0.1839,LBen
H400Q,0.0765,LBen
H400R,0.0565,LBen
H400S,0.1111,LBen
H400T,0.1206,LBen
H400V,0.1406,LBen
H400W,0.1912,LBen
H400Y,0.0832,LBen
N401A,0.1463,LBen
N401C,0.1326,LBen
N401D,0.0592,LBen
N401E,0.1645,LBen
N401F,0.333,LBen
N401G,0.2095,LBen
N401H,0.0702,LBen
N401I,0.1728,LBen
N401K,0.1347,LBen
N401L,0.1844,LBen
N401M,0.2474,LBen
N401P,0.5557,Amb
N401Q,0.1485,LBen
N401R,0.1473,LBen
N401S,0.0737,LBen
N401T,0.1055,LBen
N401V,0.1698,LBen
N401W,0.537,Amb
N401Y,0.1086,LBen
P402A,0.1231,LBen
P402C,0.4625,Amb
P402D,0.7427,LPath
P402E,0.5927,LPath
P402F,0.5591,Amb
P402G,0.4345,Amb
P402H,0.3082,LBen
P402I,0.6032,LPath
P402K,0.5795,LPath
P402L,0.3507,Amb
P402M,0.5554,Amb
P402N,0.596,LPath
P402Q,0.3769,Amb
P402R,0.3772,Amb
P402S,0.2011,LBen
P402T,0.206,LBen
P402V,0.3922,Amb
P402W,0.6829,LPath
P402Y,0.4806,Amb
V403A,0.3216,LBen
V403C,0.8001,LPath
V403D,0.9049,LPath
V403E,0.7529,LPath
V403F,0.5268,Amb
V403G,0.5928,LPath
V403H,0.9164,LPath
V403I,0.0805,LBen
V403K,0.8224,LPath
V403L,0.3294,LBen
V403M,0.2646,LBen
V403N,0.7553,LPath
V403P,0.9455,LPath
V403Q,0.7423,LPath
V403R,0.7849,LPath
V403S,0.514,Amb
V403T,0.3232,LBen
V403W,0.9693,LPath
V403Y,0.878,LPath
R404A,0.2627,LBen
R404C,0.1035,LBen
R404D,0.5105,Amb
R404E,0.2097,LBen
R404F,0.3425,Amb
R404G,0.2084,LBen
R404H,0.0811,LBen
R404I,0.1844,LBen
R404K,0.0766,LBen
R404L,0.1706,LBen
R404M,0.1857,LBen
R404N,0.3701,Amb
R404P,0.7848,LPath
R404Q,0.0803,LBen
R404S,0.2895,LBen
R404T,0.1436,LBen
R404V,0.2236,LBen
R404W,0.1305,LBen
R404Y,0.2135,LBen
I405A,0.9176,LPath
I405C,0.8913,LPath
I405D,0.9949,LPath
I405E,0.9872,LPath
I405F,0.6014,LPath
I405G,0.9754,LPath
I405H,0.9829,LPath
I405K,0.9801,LPath
I405L,0.2527,LBen
I405M,0.2798,LBen
I405N,0.934,LPath
I405P,0.9847,LPath
I405Q,0.9793,LPath
I405R,0.9711,LPath
I405S,0.9429,LPath
I405T,0.9316,LPath
I405V,0.0958,LBen
I405W,0.9816,LPath
I405Y,0.929,LPath
I406A,0.1217,LBen
I406C,0.3128,LBen
I406D,0.3291,LBen
I406E,0.2543,LBen
I406F,0.0934,LBen
I406G,0.2899,LBen
I406H,0.2029,LBen
I406K,0.1656,LBen
I406L,0.088,LBen
I406M,0.071,LBen
I406N,0.111,LBen
I406P,0.726,LPath
I406Q,0.174,LBen
I406R,0.1189,LBen
I406S,0.1037,LBen
I406T,0.0723,LBen
I406V,0.0611,LBen
I406W,0.5089,Amb
I406Y,0.2707,LBen
T407A,0.0585,LBen
T407C,0.1617,LBen
T407D,0.4796,Amb
T407E,0.4012,Amb
T407F,0.2626,LBen
T407G,0.1891,LBen
T407H,0.3016,LBen
T407I,0.1004,LBen
T407K,0.3074,LBen
T407L,0.0985,LBen
T407M,0.0873,LBen
T407N,0.1627,LBen
T407P,0.2027,LBen
T407Q,0.2972,LBen
T407R,0.2318,LBen
T407S,0.096,LBen
T407V,0.0911,LBen
T407W,0.5686,LPath
T407Y,0.2872,LBen
G408A,0.2999,LBen
G408C,0.5523,Amb
G408D,0.6242,LPath
G408E,0.6239,LPath
G408F,0.9246,LPath
G408H,0.7533,LPath
G408I,0.8339,LPath
G408K,0.6391,LPath
G408L,0.8205,LPath
G408M,0.8457,LPath
G408N,0.6078,LPath
G408P,0.936,LPath
G408Q,0.6191,LPath
G408R,0.4794,Amb
G408S,0.1896,LBen
G408T,0.4409,Amb
G408V,0.6747,LPath
G408W,0.8055,LPath
G408Y,0.8673,LPath
E409A,0.1272,LBen
E409C,0.654,LPath
E409D,0.1057,LBen
E409F,0.6301,LPath
E409G,0.1126,LBen
E409H,0.2898,LBen
E409I,0.272,LBen
E409K,0.0836,LBen
E409L,0.3,LBen
E409M,0.34,Amb
E409N,0.1745,LBen
E409P,0.3237,LBen
E409Q,0.0846,LBen
E409R,0.1378,LBen
E409S,0.1412,LBen
E409T,0.1602,LBen
E409V,0.1643,LBen
E409W,0.7657,LPath
E409Y,0.486,Amb
K410A,0.3782,Amb
K410C,0.6977,LPath
K410D,0.5472,Amb
K410E,0.1747,LBen
K410F,0.8611,LPath
K410G,0.4057,Amb
K410H,0.3911,Amb
K410I,0.451,Amb
K410L,0.4231,Amb
K410M,0.265,LBen
K410N,0.4053,Amb
K410P,0.4822,Amb
K410Q,0.1339,LBen
K410R,0.0877,LBen
K410S,0.4279,Amb
K410T,0.2195,LBen
K410V,0.4161,Amb
K410W,0.8056,LPath
K410Y,0.6868,LPath
N411A,0.3953,Amb
N411C,0.4078,Amb
N411D,0.307,LBen
N411E,0.5966,LPath
N411F,0.6996,LPath
N411G,0.4,Amb
N411H,0.2352,LBen
N411I,0.3706,Amb
N411K,0.5607,Amb
N411L,0.4131,Amb
N411M,0.4727,Amb
N411P,0.646,LPath
N411Q,0.527,Amb
N411R,0.6027,LPath
N411S,0.1531,LBen
N411T,0.2293,LBen
N411V,0.3784,Amb
N411W,0.8547,LPath
N411Y,0.2568,LBen
L412A,0.1386,LBen
L412C,0.2857,LBen
L412D,0.5049,Amb
L412E,0.1796,LBen
L412F,0.1159,LBen
L412G,0.323,LBen
L412H,0.1334,LBen
L412I,0.0859,LBen
L412K,0.1228,LBen
L412M,0.0849,LBen
L412N,0.2561,LBen
L412P,0.4485,Amb
L412Q,0.0704,LBen
L412R,0.0916,LBen
L412S,0.1493,LBen
L412T,0.1212,LBen
L412V,0.0764,LBen
L412W,0.1845,LBen
L412Y,0.2297,LBen
P413A,0.3414,Amb
P413C,0.8572,LPath
P413D,0.9865,LPath
P413E,0.9536,LPath
P413F,0.9553,LPath
P413G,0.8621,LPath
P413H,0.8788,LPath
P413I,0.8141,LPath
P413K,0.9652,LPath
P413L,0.495,Amb
P413M,0.8858,LPath
P413N,0.9586,LPath
P413Q,0.8526,LPath
P413R,0.885,LPath
P413S,0.6551,LPath
P413T,0.5775,LPath
P413V,0.6603,LPath
P413W,0.9859,LPath
P413Y,0.9683,LPath
C414A,0.2876,LBen
C414D,0.6588,LPath
C414E,0.7905,LPath
C414F,0.2511,LBen
C414G,0.1441,LBen
C414H,0.511,Amb
C414I,0.5559,Amb
C414K,0.7809,LPath
C414L,0.4653,Amb
C414M,0.6147,LPath
C414N,0.3556,Amb
C414P,0.6663,LPath
C414Q,0.5868,LPath
C414R,0.4432,Amb
C414S,0.184,LBen
C414T,0.3424,Amb
C414V,0.3886,Amb
C414W,0.6275,LPath
C414Y,0.3926,Amb
A415C,0.1667,LBen
A415D,0.1848,LBen
A415E,0.1697,LBen
A415F,0.1862,LBen
A415G,0.0984,LBen
A415H,0.2014,LBen
A415I,0.1309,LBen
A415K,0.2106,LBen
A415L,0.1011,LBen
A415M,0.1386,LBen
A415N,0.1246,LBen
A415P,0.0708,LBen
A415Q,0.159,LBen
A415R,0.2049,LBen
A415S,0.0708,LBen
A415T,0.0662,LBen
A415V,0.092,LBen
A415W,0.403,Amb
A415Y,0.2125,LBen
N416A,0.0795,LBen
N416C,0.1059,LBen
N416D,0.0936,LBen
N416E,0.2331,LBen
N416F,0.2751,LBen
N416G,0.1031,LBen
N416H,0.078,LBen
N416I,0.1619,LBen
N416K,0.1699,LBen
N416L,0.1383,LBen
N416M,0.1762,LBen
N416P,0.3515,Amb
N416Q,0.1842,LBen
N416R,0.1785,LBen
N416S,0.0495,LBen
N416T,0.0613,LBen
N416V,0.1436,LBen
N416W,0.5002,Amb
N416Y,0.1169,LBen
V417A,0.796,LPath
V417C,0.9384,LPath
V417D,0.986,LPath
V417E,0.9677,LPath
V417F,0.9089,LPath
V417G,0.8626,LPath
V417H,0.9911,LPath
V417I,0.082,LBen
V417K,0.9697,LPath
V417L,0.7083,LPath
V417M,0.6203,LPath
V417N,0.9398,LPath
V417P,0.9772,LPath
V417Q,0.9624,LPath
V417R,0.9641,LPath
V417S,0.8626,LPath
V417T,0.6183,LPath
V417W,0.9978,LPath
V417Y,0.9894,LPath
R418A,0.8982,LPath
R418C,0.3694,Amb
R418D,0.95,LPath
R418E,0.7587,LPath
R418F,0.9208,LPath
R418G,0.7861,LPath
R418H,0.2364,LBen
R418I,0.789,LPath
R418K,0.1672,LBen
R418L,0.7042,LPath
R418M,0.7738,LPath
R418N,0.8987,LPath
R418P,0.9773,LPath
R418Q,0.1881,LBen
R418S,0.8802,LPath
R418T,0.7267,LPath
R418V,0.8289,LPath
R418W,0.4816,Amb
R418Y,0.7741,LPath
Q419A,0.8969,LPath
Q419C,0.9853,LPath
Q419D,0.9792,LPath
Q419E,0.5078,Amb
Q419F,0.9956,LPath
Q419G,0.913,LPath
Q419H,0.8519,LPath
Q419I,0.9735,LPath
Q419K,0.8914,LPath
Q419L,0.9004,LPath
Q419M,0.8877,LPath
Q419N,0.801,LPath
Q419P,0.8999,LPath
Q419R,0.9339,LPath
Q419S,0.7827,LPath
Q419T,0.875,LPath
Q419V,0.9504,LPath
Q419W,0.9955,LPath
Q419Y,0.9927,LPath
I420A,0.9398,LPath
I420C,0.9353,LPath
I420D,0.9861,LPath
I420E,0.965,LPath
I420F,0.5752,LPath
I420G,0.9824,LPath
I420H,0.9215,LPath
I420K,0.9134,LPath
I420L,0.2943,LBen
I420M,0.2634,LBen
I420N,0.8508,LPath
I420P,0.9952,LPath
I420Q,0.9316,LPath
I420R,0.8824,LPath
I420S,0.9196,LPath
I420T,0.9067,LPath
I420V,0.2418,LBen
I420W,0.9489,LPath
I420Y,0.8643,LPath
I421A,0.7335,LPath
I421C,0.776,LPath
I421D,0.9934,LPath
I421E,0.9907,LPath
I421F,0.3702,Amb
I421G,0.9483,LPath
I421H,0.9708,LPath
I421K,0.986,LPath
I421L,0.1442,LBen
I421M,0.2197,LBen
I421N,0.9119,LPath
I421P,0.9318,LPath
I421Q,0.9752,LPath
I421R,0.9755,LPath
I421S,0.8375,LPath
I421T,0.7231,LPath
I421V,0.0658,LBen
I421W,0.9785,LPath
I421Y,0.9127,LPath
L422A,0.8986,LPath
L422C,0.7852,LPath
L422D,0.9949,LPath
L422E,0.9586,LPath
L422F,0.4831,Amb
L422G,0.9786,LPath
L422H,0.8381,LPath
L422I,0.1726,LBen
L422K,0.9484,LPath
L422M,0.2287,LBen
L422N,0.9565,LPath
L422P,0.9932,LPath
L422Q,0.8093,LPath
L422R,0.8856,LPath
L422S,0.9212,LPath
L422T,0.852,LPath
L422V,0.2597,LBen
L422W,0.8061,LPath
L422Y,0.8446,LPath
W423A,0.9854,LPath
W423C,0.9876,LPath
W423D,0.9984,LPath
W423E,0.9979,LPath
W423F,0.6995,LPath
W423G,0.9704,LPath
W423H,0.9843,LPath
W423I,0.9835,LPath
W423K,0.9989,LPath
W423L,0.9322,LPath
W423M,0.9804,LPath
W423N,0.9967,LPath
W423P,0.9952,LPath
W423Q,0.9977,LPath
W423R,0.9972,LPath
W423S,0.9769,LPath
W423T,0.9924,LPath
W423V,0.9786,LPath
W423Y,0.8724,LPath
V424A,0.5722,LPath
V424C,0.8605,LPath
V424D,0.9839,LPath
V424E,0.9474,LPath
V424F,0.8798,LPath
V424G,0.8222,LPath
V424H,0.9899,LPath
V424I,0.0868,LBen
V424K,0.9803,LPath
V424L,0.5085,Amb
V424M,0.3999,Amb
V424N,0.9339,LPath
V424P,0.9914,LPath
V424Q,0.9461,LPath
V424R,0.9659,LPath
V424S,0.7998,LPath
V424T,0.4851,Amb
V424W,0.9952,LPath
V424Y,0.9858,LPath
E425A,0.7898,LPath
E425C,0.9865,LPath
E425D,0.5037,Amb
E425F,0.9963,LPath
E425G,0.7151,LPath
E425H,0.9704,LPath
E425I,0.9786,LPath
E425K,0.829,LPath
E425L,0.9671,LPath
E425M,0.9713,LPath
E425N,0.8732,LPath
E425P,0.9273,LPath
E425Q,0.6727,LPath
E425R,0.8762,LPath
E425S,0.788,LPath
E425T,0.8926,LPath
E425V,0.92,LPath
E425W,0.9982,LPath
E425Y,0.9926,LPath
D426A,0.3919,Amb
D426C,0.8272,LPath
D426E,0.0945,LBen
D426F,0.8341,LPath
D426G,0.4627,Amb
D426H,0.6922,LPath
D426I,0.6075,LPath
D426K,0.7356,LPath
D426L,0.624,LPath
D426M,0.7621,LPath
D426N,0.2509,LBen
D426P,0.7998,LPath
D426Q,0.5778,LPath
D426R,0.7829,LPath
D426S,0.3433,Amb
D426T,0.5025,Amb
D426V,0.3982,Amb
D426W,0.9624,LPath
D426Y,0.5068,Amb
P427A,0.0861,LBen
P427C,0.5366,Amb
P427D,0.7049,LPath
P427E,0.5038,Amb
P427F,0.6224,LPath
P427G,0.3993,Amb
P427H,0.2592,LBen
P427I,0.3329,LBen
P427K,0.4186,Amb
P427L,0.1509,LBen
P427M,0.3287,LBen
P427N,0.4084,Amb
P427Q,0.2135,LBen
P427R,0.2828,LBen
P427S,0.1775,LBen
P427T,0.1198,LBen
P427V,0.2087,LBen
P427W,0.832,LPath
P427Y,0.5802,LPath
A428C,0.4804,Amb
A428D,0.6381,LPath
A428E,0.6079,LPath
A428F,0.503,Amb
A428G,0.2005,LBen
A428H,0.6771,LPath
A428I,0.4581,Amb
A428K,0.8436,LPath
A428L,0.2887,LBen
A428M,0.3107,LBen
A428N,0.3879,Amb
A428P,0.9099,LPath
A428Q,0.5067,Amb
A428R,0.7958,LPath
A428S,0.098,LBen
A428T,0.1331,LBen
A428V,0.2149,LBen
A428W,0.8885,LPath
A428Y,0.6444,LPath
K429A,0.9883,LPath
K429C,0.9867,LPath
K429D,0.9985,LPath
K429E,0.9809,LPath
K429F,0.9991,LPath
K429G,0.9901,LPath
K429H,0.9732,LPath
K429I,0.9913,LPath
K429L,0.9748,LPath
K429M,0.9673,LPath
K429N,0.9967,LPath
K429P,0.9955,LPath
K429Q,0.8749,LPath
K429R,0.2042,LBen
K429S,0.9949,LPath
K429T,0.9862,LPath
K429V,0.9795,LPath
K429W,0.9973,LPath
K429Y,0.995,LPath
K430A,0.9752,LPath
K430C,0.9736,LPath
K430D,0.9938,LPath
K430E,0.9525,LPath
K430F,0.9962,LPath
K430G,0.9723,LPath
K430H,0.9575,LPath
K430I,0.9508,LPath
K430L,0.9375,LPath
K430M,0.8675,LPath
K430N,0.9852,LPath
K430P,0.9806,LPath
K430Q,0.8027,LPath
K430R,0.2709,LBen
K430S,0.9853,LPath
K430T,0.905,LPath
K430V,0.9279,LPath
K430W,0.9915,LPath
K430Y,0.9818,LPath
K431A,0.8692,LPath
K431C,0.921,LPath
K431D,0.945,LPath
K431E,0.725,LPath
K431F,0.9759,LPath
K431G,0.8622,LPath
K431H,0.7174,LPath
K431I,0.8233,LPath
K431L,0.7723,LPath
K431M,0.6566,LPath
K431N,0.8595,LPath
K431P,0.972,LPath
K431Q,0.3396,LBen
K431R,0.1176,LBen
K431S,0.9028,LPath
K431T,0.7344,LPath
K431V,0.793,LPath
K431W,0.9393,LPath
K431Y,0.904,LPath
K432A,0.8686,LPath
K432C,0.8672,LPath
K432D,0.9889,LPath
K432E,0.8873,LPath
K432F,0.9512,LPath
K432G,0.9452,LPath
K432H,0.6341,LPath
K432I,0.7305,LPath
K432L,0.6444,LPath
K432M,0.5135,Amb
K432N,0.9367,LPath
K432P,0.9929,LPath
K432Q,0.5005,Amb
K432R,0.1429,LBen
K432S,0.9488,LPath
K432T,0.69,LPath
K432V,0.67,LPath
K432W,0.947,LPath
K432Y,0.8481,LPath
L433A,0.944,LPath
L433C,0.8363,LPath
L433D,0.9997,LPath
L433E,0.9983,LPath
L433F,0.7168,LPath
L433G,0.9916,LPath
L433H,0.9922,LPath
L433I,0.3004,LBen
L433K,0.9973,LPath
L433M,0.3944,Amb
L433N,0.9963,LPath
L433P,0.9987,LPath
L433Q,0.9914,LPath
L433R,0.9931,LPath
L433S,0.9927,LPath
L433T,0.9345,LPath
L433V,0.3339,LBen
L433W,0.9823,LPath
L433Y,0.9768,LPath
F434A,0.9617,LPath
F434C,0.8886,LPath
F434D,0.9939,LPath
F434E,0.9899,LPath
F434G,0.9789,LPath
F434H,0.948,LPath
F434I,0.8747,LPath
F434K,0.9886,LPath
F434L,0.9785,LPath
F434M,0.8787,LPath
F434N,0.9747,LPath
F434P,0.9996,LPath
F434Q,0.9686,LPath
F434R,0.9625,LPath
F434S,0.9433,LPath
F434T,0.9529,LPath
F434V,0.8705,LPath
F434W,0.8312,LPath
F434Y,0.5626,Amb
E435A,0.5069,Amb
E435C,0.9585,LPath
E435D,0.3645,Amb
E435F,0.9744,LPath
E435G,0.5825,LPath
E435H,0.8715,LPath
E435I,0.9117,LPath
E435K,0.7687,LPath
E435L,0.8828,LPath
E435M,0.8755,LPath
E435N,0.7483,LPath
E435P,0.9953,LPath
E435Q,0.3616,Amb
E435R,0.8217,LPath
E435S,0.506,Amb
E435T,0.7062,LPath
E435V,0.7762,LPath
E435W,0.9908,LPath
E435Y,0.9449,LPath
I436A,0.9515,LPath
I436C,0.9194,LPath
I436D,0.9968,LPath
I436E,0.9926,LPath
I436F,0.5494,Amb
I436G,0.9897,LPath
I436H,0.9795,LPath
I436K,0.9855,LPath
I436L,0.2336,LBen
I436M,0.2922,LBen
I436N,0.9514,LPath
I436P,0.998,LPath
I436Q,0.9858,LPath
I436R,0.9797,LPath
I436S,0.9608,LPath
I436T,0.9308,LPath
I436V,0.1553,LBen
I436W,0.9749,LPath
I436Y,0.897,LPath
L437A,0.9498,LPath
L437C,0.8408,LPath
L437D,0.9996,LPath
L437E,0.9965,LPath
L437F,0.5921,LPath
L437G,0.9933,LPath
L437H,0.9894,LPath
L437I,0.1828,LBen
L437K,0.9938,LPath
L437M,0.2605,LBen
L437N,0.9963,LPath
L437P,0.9981,LPath
L437Q,0.9815,LPath
L437R,0.9868,LPath
L437S,0.9905,LPath
L437T,0.9407,LPath
L437V,0.2887,LBen
L437W,0.9479,LPath
L437Y,0.9764,LPath
N438A,0.2284,LBen
N438C,0.1878,LBen
N438D,0.2092,LBen
N438E,0.3698,Amb
N438F,0.5875,LPath
N438G,0.2118,LBen
N438H,0.0844,LBen
N438I,0.3374,LBen
N438K,0.2411,LBen
N438L,0.246,LBen
N438M,0.301,LBen
N438P,0.9533,LPath
N438Q,0.2309,LBen
N438R,0.2434,LBen
N438S,0.0804,LBen
N438T,0.1318,LBen
N438V,0.3128,LBen
N438W,0.714,LPath
N438Y,0.1772,LBen
D439A,0.813,LPath
D439C,0.9108,LPath
D439E,0.7108,LPath
D439F,0.962,LPath
D439G,0.8485,LPath
D439H,0.8523,LPath
D439I,0.9215,LPath
D439K,0.9489,LPath
D439L,0.9231,LPath
D439M,0.9681,LPath
D439N,0.5039,Amb
D439P,0.99,LPath
D439Q,0.8776,LPath
D439R,0.9344,LPath
D439S,0.5515,Amb
D439T,0.8623,LPath
D439V,0.7754,LPath
D439W,0.9901,LPath
D439Y,0.7641,LPath
K440A,0.2273,LBen
K440C,0.4723,Amb
K440D,0.3245,LBen
K440E,0.107,LBen
K440F,0.7083,LPath
K440G,0.2243,LBen
K440H,0.2372,LBen
K440I,0.345,Amb
K440L,0.3332,LBen
K440M,0.2474,LBen
K440N,0.258,LBen
K440P,0.262,LBen
K440Q,0.0993,LBen
K440R,0.0757,LBen
K440S,0.214,LBen
K440T,0.1381,LBen
K440V,0.2942,LBen
K440W,0.6501,LPath
K440Y,0.5344,Amb
K441A,0.7474,LPath
K441C,0.8304,LPath
K441D,0.8577,LPath
K441E,0.6843,LPath
K441F,0.9308,LPath
K441G,0.7784,LPath
K441H,0.4822,Amb
K441I,0.7105,LPath
K441L,0.6682,LPath
K441M,0.5491,Amb
K441N,0.7229,LPath
K441P,0.918,LPath
K441Q,0.3556,Amb
K441R,0.118,LBen
K441S,0.785,LPath
K441T,0.5142,Amb
K441V,0.6424,LPath
K441W,0.9006,LPath
K441Y,0.7817,LPath
L442A,0.7886,LPath
L442C,0.7376,LPath
L442D,0.9666,LPath
L442E,0.9101,LPath
L442F,0.2753,LBen
L442G,0.9165,LPath
L442H,0.4881,Amb
L442I,0.1901,LBen
L442K,0.8225,LPath
L442M,0.2238,LBen
L442N,0.7591,LPath
L442P,0.949,LPath
L442Q,0.6224,LPath
L442R,0.6488,LPath
L442S,0.8401,LPath
L442T,0.7484,LPath
L442V,0.2662,LBen
L442W,0.5085,Amb
L442Y,0.4742,Amb
F443A,0.9579,LPath
F443C,0.7146,LPath
F443D,0.9887,LPath
F443E,0.9876,LPath
F443G,0.9682,LPath
F443H,0.8232,LPath
F443I,0.8422,LPath
F443K,0.9821,LPath
F443L,0.969,LPath
F443M,0.9026,LPath
F443N,0.9472,LPath
F443P,0.9976,LPath
F443Q,0.9571,LPath
F443R,0.9426,LPath
F443S,0.9103,LPath
F443T,0.9596,LPath
F443V,0.8087,LPath
F443W,0.6388,LPath
F443Y,0.1726,LBen
K444A,0.2619,LBen
K444C,0.3023,LBen
K444D,0.5407,Amb
K444E,0.1465,LBen
K444F,0.5158,Amb
K444G,0.4423,Amb
K444H,0.1512,LBen
K444I,0.2042,LBen
K444L,0.2058,LBen
K444M,0.149,LBen
K444N,0.3057,LBen
K444P,0.7686,LPath
K444Q,0.082,LBen
K444R,0.072,LBen
K444S,0.2574,LBen
K444T,0.1198,LBen
K444V,0.1874,LBen
K444W,0.5322,Amb
K444Y,0.3749,Amb
P445A,0.2332,LBen
P445C,0.7747,LPath
P445D,0.9224,LPath
P445E,0.8059,LPath
P445F,0.9051,LPath
P445G,0.6832,LPath
P445H,0.6482,LPath
P445I,0.8068,LPath
P445K,0.7678,LPath
P445L,0.4925,Amb
P445M,0.7618,LPath
P445N,0.8164,LPath
P445Q,0.5889,LPath
P445R,0.6526,LPath
P445S,0.4223,Amb
P445T,0.4885,Amb
P445V,0.6637,LPath
P445W,0.9518,LPath
P445Y,0.8595,LPath
P446A,0.5433,Amb
P446C,0.9068,LPath
P446D,0.9766,LPath
P446E,0.9417,LPath
P446F,0.9814,LPath
P446G,0.8856,LPath
P446H,0.861,LPath
P446I,0.9394,LPath
P446K,0.9372,LPath
P446L,0.7579,LPath
P446M,0.9279,LPath
P446N,0.927,LPath
P446Q,0.8284,LPath
P446R,0.8221,LPath
P446S,0.7402,LPath
P446T,0.7254,LPath
P446V,0.8678,LPath
P446W,0.9878,LPath
P446Y,0.9685,LPath
V447A,0.3601,Amb
V447C,0.7929,LPath
V447D,0.9902,LPath
V447E,0.9771,LPath
V447F,0.7979,LPath
V447G,0.7492,LPath
V447H,0.9906,LPath
V447I,0.0962,LBen
V447K,0.9872,LPath
V447L,0.471,Amb
V447M,0.3715,Amb
V447N,0.9375,LPath
V447P,0.988,LPath
V447Q,0.9617,LPath
V447R,0.9777,LPath
V447S,0.5835,LPath
V447T,0.373,Amb
V447W,0.9973,LPath
V447Y,0.9828,LPath
L448A,0.8088,LPath
L448C,0.8164,LPath
L448D,0.999,LPath
L448E,0.9911,LPath
L448F,0.7625,LPath
L448G,0.9837,LPath
L448H,0.9829,LPath
L448I,0.0895,LBen
L448K,0.9909,LPath
L448M,0.2441,LBen
L448N,0.9877,LPath
L448P,0.9927,LPath
L448Q,0.9654,LPath
L448R,0.9845,LPath
L448S,0.959,LPath
L448T,0.8222,LPath
L448V,0.0847,LBen
L448W,0.9789,LPath
L448Y,0.9816,LPath
V449A,0.8579,LPath
V449C,0.9216,LPath
V449D,0.9991,LPath
V449E,0.9979,LPath
V449F,0.9039,LPath
V449G,0.9583,LPath
V449H,0.9989,LPath
V449I,0.0926,LBen
V449K,0.9988,LPath
V449L,0.6084,LPath
V449M,0.732,LPath
V449N,0.9953,LPath
V449P,0.9974,LPath
V449Q,0.9965,LPath
V449R,0.9973,LPath
V449S,0.9585,LPath
V449T,0.8888,LPath
V449W,0.9989,LPath
V449Y,0.9945,LPath
F450A,0.9926,LPath
F450C,0.9714,LPath
F450D,0.9984,LPath
F450E,0.9989,LPath
F450G,0.9954,LPath
F450H,0.9853,LPath
F450I,0.9687,LPath
F450K,0.9989,LPath
F450L,0.9946,LPath
F450M,0.9715,LPath
F450N,0.9911,LPath
F450P,0.9998,LPath
F450Q,0.9978,LPath
F450R,0.9967,LPath
F450S,0.9799,LPath
F450T,0.9922,LPath
F450V,0.9618,LPath
F450W,0.9335,LPath
F450Y,0.6027,LPath
V451A,0.545,Amb
V451C,0.8798,LPath
V451D,0.9926,LPath
V451E,0.9842,LPath
V451F,0.9675,LPath
V451G,0.7567,LPath
V451H,0.9952,LPath
V451I,0.2647,LBen
V451K,0.9899,LPath
V451L,0.906,LPath
V451M,0.8356,LPath
V451N,0.9656,LPath
V451P,0.9954,LPath
V451Q,0.9785,LPath
V451R,0.9744,LPath
V451S,0.6364,LPath
V451T,0.3177,LBen
V451W,0.9993,LPath
V451Y,0.9971,LPath
D452A,0.2177,LBen
D452C,0.6495,LPath
D452E,0.1739,LBen
D452F,0.7891,LPath
D452G,0.1663,LBen
D452H,0.4545,Amb
D452I,0.6657,LPath
D452K,0.6561,LPath
D452L,0.6159,LPath
D452M,0.7896,LPath
D452N,0.1481,LBen
D452P,0.8888,LPath
D452Q,0.4544,Amb
D452R,0.611,LPath
D452S,0.136,LBen
D452T,0.3919,Amb
D452V,0.4575,Amb
D452W,0.938,LPath
D452Y,0.4034,Amb
C453A,0.7111,LPath
C453D,0.9267,LPath
C453E,0.9685,LPath
C453F,0.5707,LPath
C453G,0.3601,Amb
C453H,0.8273,LPath
C453I,0.9102,LPath
C453K,0.9679,LPath
C453L,0.8399,LPath
C453M,0.8401,LPath
C453N,0.7334,LPath
C453P,0.9947,LPath
C453Q,0.8636,LPath
C453R,0.8173,LPath
C453S,0.3546,Amb
C453T,0.6441,LPath
C453V,0.7906,LPath
C453W,0.8427,LPath
C453Y,0.7126,LPath
K454A,0.78,LPath
K454C,0.7446,LPath
K454D,0.9668,LPath
K454E,0.7039,LPath
K454F,0.9457,LPath
K454G,0.818,LPath
K454H,0.5006,Amb
K454I,0.692,LPath
K454L,0.7519,LPath
K454M,0.5969,LPath
K454N,0.8925,LPath
K454P,0.9038,LPath
K454Q,0.2411,LBen
K454R,0.0695,LBen
K454S,0.8179,LPath
K454T,0.6273,LPath
K454V,0.6594,LPath
K454W,0.8951,LPath
K454Y,0.8655,LPath
L455A,0.3263,LBen
L455C,0.6896,LPath
L455D,0.873,LPath
L455E,0.618,LPath
L455F,0.3025,LBen
L455G,0.7164,LPath
L455H,0.4716,Amb
L455I,0.1189,LBen
L455K,0.4349,Amb
L455M,0.1301,LBen
L455N,0.6393,LPath
L455P,0.5711,LPath
L455Q,0.3266,LBen
L455R,0.3339,LBen
L455S,0.5424,Amb
L455T,0.3447,Amb
L455V,0.1244,LBen
L455W,0.3954,Amb
L455Y,0.5252,Amb
G456A,0.73,LPath
G456C,0.9153,LPath
G456D,0.9851,LPath
G456E,0.9776,LPath
G456F,0.9892,LPath
G456H,0.9918,LPath
G456I,0.9671,LPath
G456K,0.9892,LPath
G456L,0.9718,LPath
G456M,0.9736,LPath
G456N,0.9817,LPath
G456P,0.9955,LPath
G456Q,0.9752,LPath
G456R,0.9737,LPath
G456S,0.7727,LPath
G456T,0.8992,LPath
G456V,0.9249,LPath
G456W,0.9818,LPath
G456Y,0.9877,LPath
A457C,0.6782,LPath
A457D,0.9937,LPath
A457E,0.9902,LPath
A457F,0.9941,LPath
A457G,0.3577,Amb
A457H,0.9964,LPath
A457I,0.9217,LPath
A457K,0.9977,LPath
A457L,0.9017,LPath
A457M,0.9094,LPath
A457N,0.9674,LPath
A457P,0.996,LPath
A457Q,0.9814,LPath
A457R,0.9913,LPath
A457S,0.1707,LBen
A457T,0.3616,Amb
A457V,0.5725,LPath
A457W,0.9993,LPath
A457Y,0.9974,LPath
D458A,0.6623,LPath
D458C,0.9162,LPath
D458E,0.4952,Amb
D458F,0.9536,LPath
D458G,0.6533,LPath
D458H,0.8363,LPath
D458I,0.8219,LPath
D458K,0.8948,LPath
D458L,0.8566,LPath
D458M,0.9219,LPath
D458N,0.2085,LBen
D458P,0.9951,LPath
D458Q,0.836,LPath
D458R,0.9074,LPath
D458S,0.3655,Amb
D458T,0.6166,LPath
D458V,0.6186,LPath
D458W,0.9929,LPath
D458Y,0.7869,LPath
L459A,0.916,LPath
L459C,0.9161,LPath
L459D,0.9932,LPath
L459E,0.9728,LPath
L459F,0.5208,Amb
L459G,0.9787,LPath
L459H,0.8723,LPath
L459I,0.3667,Amb
L459K,0.9141,LPath
L459M,0.229,LBen
L459N,0.9583,LPath
L459P,0.9974,LPath
L459Q,0.8476,LPath
L459R,0.8373,LPath
L459S,0.9552,LPath
L459T,0.9158,LPath
L459V,0.4386,Amb
L459W,0.8463,LPath
L459Y,0.8406,LPath
L460A,0.9764,LPath
L460C,0.9596,LPath
L460D,0.9998,LPath
L460E,0.9984,LPath
L460F,0.9372,LPath
L460G,0.997,LPath
L460H,0.9954,LPath
L460I,0.4304,Amb
L460K,0.9961,LPath
L460M,0.6776,LPath
L460N,0.9977,LPath
L460P,0.9988,LPath
L460Q,0.9917,LPath
L460R,0.9906,LPath
L460S,0.996,LPath
L460T,0.973,LPath
L460V,0.4776,Amb
L460W,0.9944,LPath
L460Y,0.9945,LPath
S461A,0.0713,LBen
S461C,0.0761,LBen
S461D,0.8522,LPath
S461E,0.8536,LPath
S461F,0.5654,LPath
S461G,0.1063,LBen
S461H,0.6639,LPath
S461I,0.6438,LPath
S461K,0.9351,LPath
S461L,0.29,LBen
S461M,0.4414,Amb
S461N,0.4266,Amb
S461P,0.979,LPath
S461Q,0.7716,LPath
S461R,0.8653,LPath
S461T,0.1436,LBen
S461V,0.4379,Amb
S461W,0.74,LPath
S461Y,0.5103,Amb
E462A,0.1579,LBen
E462C,0.7252,LPath
E462D,0.1028,LBen
E462F,0.67,LPath
E462G,0.1688,LBen
E462H,0.3667,Amb
E462I,0.3514,Amb
E462K,0.1408,LBen
E462L,0.3453,Amb
E462M,0.4003,Amb
E462N,0.191,LBen
E462P,0.9631,LPath
E462Q,0.1313,LBen
E462R,0.2508,LBen
E462S,0.1756,LBen
E462T,0.2042,LBen
E462V,0.2101,LBen
E462W,0.8591,LPath
E462Y,0.5227,Amb
A463C,0.8976,LPath
A463D,0.9843,LPath
A463E,0.9759,LPath
A463F,0.9403,LPath
A463G,0.5693,LPath
A463H,0.9742,LPath
A463I,0.9275,LPath
A463K,0.9898,LPath
A463L,0.8525,LPath
A463M,0.8352,LPath
A463N,0.9377,LPath
A463P,0.9971,LPath
A463Q,0.9575,LPath
A463R,0.9763,LPath
A463S,0.3427,Amb
A463T,0.6335,LPath
A463V,0.7537,LPath
A463W,0.9909,LPath
A463Y,0.9625,LPath
V464A,0.7486,LPath
V464C,0.8824,LPath
V464D,0.9952,LPath
V464E,0.9856,LPath
V464F,0.7004,LPath
V464G,0.8867,LPath
V464H,0.9944,LPath
V464I,0.0821,LBen
V464K,0.9922,LPath
V464L,0.4896,Amb
V464M,0.3935,Amb
V464N,0.9713,LPath
V464P,0.9973,LPath
V464Q,0.9801,LPath
V464R,0.9875,LPath
V464S,0.8813,LPath
V464T,0.682,LPath
V464W,0.9954,LPath
V464Y,0.9827,LPath
Q465A,0.1642,LBen
Q465C,0.3281,LBen
Q465D,0.2428,LBen
Q465E,0.0693,LBen
Q465F,0.4008,Amb
Q465G,0.1391,LBen
Q465H,0.1264,LBen
Q465I,0.3148,LBen
Q465K,0.0941,LBen
Q465L,0.11,LBen
Q465M,0.265,LBen
Q465N,0.1929,LBen
Q465P,0.6465,LPath
Q465R,0.0926,LBen
Q465S,0.1756,LBen
Q465T,0.1556,LBen
Q465V,0.219,LBen
Q465W,0.321,LBen
Q465Y,0.2382,LBen
K466A,0.5798,LPath
K466C,0.7367,LPath
K466D,0.7558,LPath
K466E,0.3459,Amb
K466F,0.9094,LPath
K466G,0.6502,LPath
K466H,0.3961,Amb
K466I,0.5434,Amb
K466L,0.5502,Amb
K466M,0.3472,Amb
K466N,0.5298,Amb
K466P,0.9806,LPath
K466Q,0.2113,LBen
K466R,0.1109,LBen
K466S,0.6133,LPath
K466T,0.2457,LBen
K466V,0.4407,Amb
K466W,0.8913,LPath
K466Y,0.7887,LPath
I467A,0.4454,Amb
I467C,0.5759,LPath
I467D,0.7926,LPath
I467E,0.6541,LPath
I467F,0.193,LBen
I467G,0.6757,LPath
I467H,0.5555,Amb
I467K,0.4587,Amb
I467L,0.1595,LBen
I467M,0.1093,LBen
I467N,0.2989,LBen
I467P,0.9487,LPath
I467Q,0.5124,Amb
I467R,0.3868,Amb
I467S,0.3762,Amb
I467T,0.294,LBen
I467V,0.0702,LBen
I467W,0.7993,LPath
I467Y,0.5233,Amb
T468A,0.172,LBen
T468C,0.2579,LBen
T468D,0.8793,LPath
T468E,0.808,LPath
T468F,0.6885,LPath
T468G,0.4336,Amb
T468H,0.6457,LPath
T468I,0.4363,Amb
T468K,0.6118,LPath
T468L,0.1748,LBen
T468M,0.1062,LBen
T468N,0.4158,Amb
T468P,0.7143,LPath
T468Q,0.584,LPath
T468R,0.5019,Amb
T468S,0.2226,LBen
T468V,0.2721,LBen
T468W,0.871,LPath
T468Y,0.7435,LPath
G469A,0.1562,LBen
G469C,0.1973,LBen
G469D,0.1689,LBen
G469E,0.2082,LBen
G469F,0.5838,LPath
G469H,0.2736,LBen
G469I,0.4686,Amb
G469K,0.2806,LBen
G469L,0.4363,Amb
G469M,0.4759,Amb
G469N,0.1783,LBen
G469P,0.9017,LPath
G469Q,0.2003,LBen
G469R,0.2125,LBen
G469S,0.099,LBen
G469T,0.2503,LBen
G469V,0.337,LBen
G469W,0.5033,Amb
G469Y,0.4067,Amb
L470A,0.5345,Amb
L470C,0.4462,Amb
L470D,0.9377,LPath
L470E,0.6432,LPath
L470F,0.161,LBen
L470G,0.7994,LPath
L470H,0.3707,Amb
L470I,0.1104,LBen
L470K,0.392,Amb
L470M,0.1224,LBen
L470N,0.7182,LPath
L470P,0.9454,LPath
L470Q,0.242,LBen
L470R,0.3057,LBen
L470S,0.6307,LPath
L470T,0.5129,Amb
L470V,0.1279,LBen
L470W,0.296,LBen
L470Y,0.425,Amb
K471A,0.1796,LBen
K471C,0.2768,LBen
K471D,0.2745,LBen
K471E,0.1221,LBen
K471F,0.4961,Amb
K471G,0.2267,LBen
K471H,0.1303,LBen
K471I,0.2353,LBen
K471L,0.1997,LBen
K471M,0.1652,LBen
K471N,0.1502,LBen
K471P,0.3153,LBen
K471Q,0.0844,LBen
K471R,0.0692,LBen
K471S,0.1711,LBen
K471T,0.1039,LBen
K471V,0.211,LBen
K471W,0.4779,Amb
K471Y,0.3174,LBen
S472A,0.0708,LBen
S472C,0.0615,LBen
S472D,0.9342,LPath
S472E,0.9701,LPath
S472F,0.781,LPath
S472G,0.126,LBen
S472H,0.9176,LPath
S472I,0.3913,Amb
S472K,0.9919,LPath
S472L,0.3733,Amb
S472M,0.5087,Amb
S472N,0.5395,Amb
S472P,0.5923,LPath
S472Q,0.9605,LPath
S472R,0.9836,LPath
S472T,0.0853,LBen
S472V,0.2314,LBen
S472W,0.9235,LPath
S472Y,0.7869,LPath
I473A,0.0816,LBen
I473C,0.232,LBen
I473D,0.2786,LBen
I473E,0.2416,LBen
I473F,0.1248,LBen
I473G,0.2318,LBen
I473H,0.2288,LBen
I473K,0.1565,LBen
I473L,0.091,LBen
I473M,0.0761,LBen
I473N,0.1148,LBen
I473P,0.7149,LPath
I473Q,0.1803,LBen
I473R,0.1267,LBen
I473S,0.097,LBen
I473T,0.0556,LBen
I473V,0.0539,LBen
I473W,0.5984,LPath
I473Y,0.293,LBen
S474A,0.0569,LBen
S474C,0.111,LBen
S474D,0.9556,LPath
S474E,0.9612,LPath
S474F,0.799,LPath
S474G,0.1716,LBen
S474H,0.8993,LPath
S474I,0.778,LPath
S474K,0.9898,LPath
S474L,0.5597,Amb
S474M,0.7456,LPath
S474N,0.785,LPath
S474P,0.3654,Amb
S474Q,0.9322,LPath
S474R,0.9751,LPath
S474T,0.2222,LBen
S474V,0.5513,Amb
S474W,0.9107,LPath
S474Y,0.7887,LPath
I475A,0.6815,LPath
I475C,0.752,LPath
I475D,0.99,LPath
I475E,0.9768,LPath
I475F,0.2934,LBen
I475G,0.9345,LPath
I475H,0.953,LPath
I475K,0.9582,LPath
I475L,0.1193,LBen
I475M,0.081,LBen
I475N,0.8983,LPath
I475P,0.984,LPath
I475Q,0.9234,LPath
I475R,0.9342,LPath
I475S,0.7784,LPath
I475T,0.6701,LPath
I475V,0.0766,LBen
I475W,0.9437,LPath
I475Y,0.8431,LPath
H476A,0.9598,LPath
H476C,0.7,LPath
H476D,0.9174,LPath
H476E,0.9861,LPath
H476F,0.9358,LPath
H476G,0.9563,LPath
H476I,0.9811,LPath
H476K,0.9901,LPath
H476L,0.8914,LPath
H476M,0.9843,LPath
H476N,0.6171,LPath
H476P,0.9241,LPath
H476Q,0.9537,LPath
H476R,0.9516,LPath
H476S,0.7649,LPath
H476T,0.9561,LPath
H476V,0.9734,LPath
H476W,0.9614,LPath
H476Y,0.777,LPath
S477A,0.0793,LBen
S477C,0.203,LBen
S477D,0.9449,LPath
S477E,0.9506,LPath
S477F,0.6534,LPath
S477G,0.1021,LBen
S477H,0.8681,LPath
S477I,0.6968,LPath
S477K,0.9836,LPath
S477L,0.3045,LBen
S477M,0.4755,Amb
S477N,0.6473,LPath
S477P,0.5911,LPath
S477Q,0.9051,LPath
S477R,0.9666,LPath
S477T,0.2289,LBen
S477V,0.5703,LPath
S477W,0.8201,LPath
S477Y,0.6327,LPath
E478A,0.3238,LBen
E478C,0.9114,LPath
E478D,0.1047,LBen
E478F,0.9218,LPath
E478G,0.1806,LBen
E478H,0.6838,LPath
E478I,0.8019,LPath
E478K,0.3531,Amb
E478L,0.7266,LPath
E478M,0.7527,LPath
E478N,0.3145,LBen
E478P,0.9392,LPath
E478Q,0.2605,LBen
E478R,0.5078,Amb
E478S,0.2723,LBen
E478T,0.4647,Amb
E478V,0.5928,LPath
E478W,0.9687,LPath
E478Y,0.8391,LPath
K479A,0.873,LPath
K479C,0.8421,LPath
K479D,0.981,LPath
K479E,0.7823,LPath
K479F,0.9546,LPath
K479G,0.9452,LPath
K479H,0.74,LPath
K479I,0.6729,LPath
K479L,0.565,LPath
K479M,0.3962,Amb
K479N,0.9243,LPath
K479P,0.9957,LPath
K479Q,0.4149,Amb
K479R,0.1401,LBen
K479S,0.9471,LPath
K479T,0.7245,LPath
K479V,0.6222,LPath
K479W,0.965,LPath
K479Y,0.8849,LPath
S480A,0.0898,LBen
S480C,0.104,LBen
S480D,0.2321,LBen
S480E,0.3391,LBen
S480F,0.2763,LBen
S480G,0.09,LBen
S480H,0.2558,LBen
S480I,0.242,LBen
S480K,0.3905,Amb
S480L,0.0956,LBen
S480M,0.1524,LBen
S480N,0.0869,LBen
S480P,0.0785,LBen
S480Q,0.305,LBen
S480R,0.412,Amb
S480T,0.0693,LBen
S480V,0.206,LBen
S480W,0.3702,Amb
S480Y,0.2032,LBen
Q481A,0.454,Amb
Q481C,0.9608,LPath
Q481D,0.8731,LPath
Q481E,0.2533,LBen
Q481F,0.9094,LPath
Q481G,0.6128,LPath
Q481H,0.7385,LPath
Q481I,0.639,LPath
Q481K,0.5698,LPath
Q481L,0.3055,LBen
Q481M,0.428,Amb
Q481N,0.6523,LPath
Q481P,0.2945,LBen
Q481R,0.6013,LPath
Q481S,0.4918,Amb
Q481T,0.5279,Amb
Q481V,0.5023,Amb
Q481W,0.9413,LPath
Q481Y,0.8956,LPath
I482A,0.0668,LBen
I482C,0.2534,LBen
I482D,0.1592,LBen
I482E,0.1247,LBen
I482F,0.0858,LBen
I482G,0.1349,LBen
I482H,0.1366,LBen
I482K,0.0965,LBen
I482L,0.0651,LBen
I482M,0.055,LBen
I482N,0.074,LBen
I482P,0.1731,LBen
I482Q,0.0975,LBen
I482R,0.0737,LBen
I482S,0.0729,LBen
I482T,0.058,LBen
I482V,0.058,LBen
I482W,0.2786,LBen
I482Y,0.1769,LBen
E483A,0.1978,LBen
E483C,0.8242,LPath
E483D,0.1546,LBen
E483F,0.7685,LPath
E483G,0.2758,LBen
E483H,0.4975,Amb
E483I,0.3882,Amb
E483K,0.2147,LBen
E483L,0.4045,Amb
E483M,0.4548,Amb
E483N,0.3601,Amb
E483P,0.9131,LPath
E483Q,0.1287,LBen
E483R,0.3472,Amb
E483S,0.2675,LBen
E483T,0.2798,LBen
E483V,0.2517,LBen
E483W,0.9037,LPath
E483Y,0.6546,LPath
R484A,0.9932,LPath
R484C,0.9185,LPath
R484D,0.9961,LPath
R484E,0.9282,LPath
R484F,0.9977,LPath
R484G,0.9731,LPath
R484H,0.9237,LPath
R484I,0.9775,LPath
R484K,0.7987,LPath
R484L,0.9659,LPath
R484M,0.9852,LPath
R484N,0.9926,LPath
R484P,0.9986,LPath
R484Q,0.7699,LPath
R484S,0.9954,LPath
R484T,0.9905,LPath
R484V,0.9831,LPath
R484W,0.9284,LPath
R484Y,0.9814,LPath
K485A,0.2506,LBen
K485C,0.4784,Amb
K485D,0.3937,Amb
K485E,0.1078,LBen
K485F,0.699,LPath
K485G,0.2654,LBen
K485H,0.2511,LBen
K485I,0.2825,LBen
K485L,0.2856,LBen
K485M,0.1702,LBen
K485N,0.2245,LBen
K485P,0.9265,LPath
K485Q,0.085,LBen
K485R,0.0746,LBen
K485S,0.2399,LBen
K485T,0.1038,LBen
K485V,0.2675,LBen
K485W,0.6118,LPath
K485Y,0.4721,Amb
N486A,0.0831,LBen
N486C,0.0939,LBen
N486D,0.0711,LBen
N486E,0.1052,LBen
N486F,0.1885,LBen
N486G,0.1265,LBen
N486H,0.0618,LBen
N486I,0.0822,LBen
N486K,0.0865,LBen
N486L,0.1061,LBen
N486M,0.1181,LBen
N486P,0.7496,LPath
N486Q,0.095,LBen
N486R,0.0964,LBen
N486S,0.066,LBen
N486T,0.0645,LBen
N486V,0.0874,LBen
N486W,0.3612,Amb
N486Y,0.0737,LBen
I487A,0.3341,LBen
I487C,0.5741,LPath
I487D,0.83,LPath
I487E,0.8002,LPath
I487F,0.2958,LBen
I487G,0.7054,LPath
I487H,0.6229,LPath
I487K,0.6705,LPath
I487L,0.1632,LBen
I487M,0.1478,LBen
I487N,0.313,LBen
I487P,0.974,LPath
I487Q,0.6573,LPath
I487R,0.5413,Amb
I487S,0.2719,LBen
I487T,0.1868,LBen
I487V,0.0827,LBen
I487W,0.8936,LPath
I487Y,0.6581,LPath
L488A,0.7788,LPath
L488C,0.7844,LPath
L488D,0.9915,LPath
L488E,0.9131,LPath
L488F,0.3397,LBen
L488G,0.9429,LPath
L488H,0.8105,LPath
L488I,0.1185,LBen
L488K,0.8786,LPath
L488M,0.1387,LBen
L488N,0.9357,LPath
L488P,0.9832,LPath
L488Q,0.6638,LPath
L488R,0.809,LPath
L488S,0.8474,LPath
L488T,0.658,LPath
L488V,0.1499,LBen
L488W,0.6501,LPath
L488Y,0.8193,LPath
K489A,0.1264,LBen
K489C,0.2666,LBen
K489D,0.2319,LBen
K489E,0.0779,LBen
K489F,0.4299,Amb
K489G,0.1701,LBen
K489H,0.1314,LBen
K489I,0.1923,LBen
K489L,0.1456,LBen
K489M,0.1173,LBen
K489N,0.1539,LBen
K489P,0.738,LPath
K489Q,0.0706,LBen
K489R,0.0663,LBen
K489S,0.1479,LBen
K489T,0.0888,LBen
K489V,0.1725,LBen
K489W,0.3708,Amb
K489Y,0.2999,LBen
G490A,0.1565,LBen
G490C,0.2733,LBen
G490D,0.3936,Amb
G490E,0.3364,LBen
G490F,0.7351,LPath
G490H,0.5236,Amb
G490I,0.6136,LPath
G490K,0.5394,Amb
G490L,0.5692,LPath
G490M,0.5963,LPath
G490N,0.4125,Amb
G490P,0.9822,LPath
G490Q,0.4433,Amb
G490R,0.4791,Amb
G490S,0.1613,LBen
G490T,0.3537,Amb
G490V,0.4354,Amb
G490W,0.6733,LPath
G490Y,0.539,Amb
L491A,0.8806,LPath
L491C,0.8009,LPath
L491D,0.9969,LPath
L491E,0.9806,LPath
L491F,0.2093,LBen
L491G,0.9739,LPath
L491H,0.8811,LPath
L491I,0.1593,LBen
L491K,0.9513,LPath
L491M,0.1947,LBen
L491N,0.9707,LPath
L491P,0.9905,LPath
L491Q,0.8952,LPath
L491R,0.9217,LPath
L491S,0.9528,LPath
L491T,0.8856,LPath
L491V,0.2302,LBen
L491W,0.7079,LPath
L491Y,0.7784,LPath
L492A,0.255,LBen
L492C,0.4752,Amb
L492D,0.7945,LPath
L492E,0.3933,Amb
L492F,0.1689,LBen
L492G,0.5316,Amb
L492H,0.2746,LBen
L492I,0.117,LBen
L492K,0.2883,LBen
L492M,0.1066,LBen
L492N,0.4937,Amb
L492P,0.843,LPath
L492Q,0.156,LBen
L492R,0.1966,LBen
L492S,0.3206,LBen
L492T,0.2287,LBen
L492V,0.1235,LBen
L492W,0.2522,LBen
L492Y,0.4269,Amb
E493A,0.0867,LBen
E493C,0.3712,Amb
E493D,0.0739,LBen
E493F,0.4143,Amb
E493G,0.0866,LBen
E493H,0.1776,LBen
E493I,0.206,LBen
E493K,0.0884,LBen
E493L,0.1626,LBen
E493M,0.2417,LBen
E493N,0.1051,LBen
E493P,0.7554,LPath
E493Q,0.0803,LBen
E493R,0.1234,LBen
E493S,0.0967,LBen
E493T,0.1203,LBen
E493V,0.1278,LBen
E493W,0.592,LPath
E493Y,0.2913,LBen
G494A,0.1888,LBen
G494C,0.2367,LBen
G494D,0.1843,LBen
G494E,0.1892,LBen
G494F,0.7177,LPath
G494H,0.3677,Amb
G494I,0.5969,LPath
G494K,0.286,LBen
G494L,0.5727,LPath
G494M,0.5452,Amb
G494N,0.2221,LBen
G494P,0.9487,LPath
G494Q,0.2578,LBen
G494R,0.2363,LBen
G494S,0.1313,LBen
G494T,0.2848,LBen
G494V,0.4401,Amb
G494W,0.524,Amb
G494Y,0.4795,Amb
D495A,0.0823,LBen
D495C,0.1952,LBen
D495E,0.074,LBen
D495F,0.2604,LBen
D495G,0.0932,LBen
D495H,0.1045,LBen
D495I,0.1197,LBen
D495K,0.1038,LBen
D495L,0.1663,LBen
D495M,0.2413,LBen
D495N,0.0565,LBen
D495P,0.5941,LPath
D495Q,0.1061,LBen
D495R,0.1186,LBen
D495S,0.0651,LBen
D495T,0.0935,LBen
D495V,0.0896,LBen
D495W,0.5837,LPath
D495Y,0.1121,LBen
Y496A,0.3522,Amb
Y496C,0.0646,LBen
Y496D,0.331,LBen
Y496E,0.5453,Amb
Y496F,0.065,LBen
Y496G,0.413,Amb
Y496H,0.1391,LBen
Y496I,0.2756,LBen
Y496K,0.5278,Amb
Y496L,0.4152,Amb
Y496M,0.4385,Amb
Y496N,0.1637,LBen
Y496P,0.888,LPath
Y496Q,0.3908,Amb
Y496R,0.3801,Amb
Y496S,0.1687,LBen
Y496T,0.2601,LBen
Y496V,0.2199,LBen
Y496W,0.3139,LBen
E497A,0.1771,LBen
E497C,0.7581,LPath
E497D,0.0809,LBen
E497F,0.8517,LPath
E497G,0.2132,LBen
E497H,0.4027,Amb
E497I,0.6092,LPath
E497K,0.2081,LBen
E497L,0.5492,Amb
E497M,0.5757,LPath
E497N,0.2042,LBen
E497P,0.5467,Amb
E497Q,0.1531,LBen
E497R,0.3316,LBen
E497S,0.1694,LBen
E497T,0.2898,LBen
E497V,0.3826,Amb
E497W,0.9252,LPath
E497Y,0.6923,LPath
V498A,0.5959,LPath
V498C,0.9231,LPath
V498D,0.995,LPath
V498E,0.99,LPath
V498F,0.8599,LPath
V498G,0.8425,LPath
V498H,0.9969,LPath
V498I,0.1095,LBen
V498K,0.9955,LPath
V498L,0.7032,LPath
V498M,0.6401,LPath
V498N,0.9771,LPath
V498P,0.996,LPath
V498Q,0.9924,LPath
V498R,0.9923,LPath
V498S,0.901,LPath
V498T,0.6393,LPath
V498W,0.9976,LPath
V498Y,0.9845,LPath
V499A,0.4792,Amb
V499C,0.883,LPath
V499D,0.9958,LPath
V499E,0.9895,LPath
V499F,0.6716,LPath
V499G,0.8386,LPath
V499H,0.9952,LPath
V499I,0.0777,LBen
V499K,0.9937,LPath
V499L,0.3186,LBen
V499M,0.3523,Amb
V499N,0.9801,LPath
V499P,0.9903,LPath
V499Q,0.9849,LPath
V499R,0.9883,LPath
V499S,0.8858,LPath
V499T,0.7018,LPath
V499W,0.9938,LPath
V499Y,0.9761,LPath
V500A,0.8748,LPath
V500C,0.9434,LPath
V500D,0.9983,LPath
V500E,0.9961,LPath
V500F,0.9139,LPath
V500G,0.9617,LPath
V500H,0.9984,LPath
V500I,0.0803,LBen
V500K,0.9979,LPath
V500L,0.7366,LPath
V500M,0.7954,LPath
V500N,0.9895,LPath
V500P,0.9928,LPath
V500Q,0.9954,LPath
V500R,0.9962,LPath
V500S,0.9458,LPath
V500T,0.8303,LPath
V500W,0.9991,LPath
V500Y,0.9959,LPath
S501A,0.1148,LBen
S501C,0.147,LBen
S501D,0.9954,LPath
S501E,0.9975,LPath
S501F,0.9855,LPath
S501G,0.2884,LBen
S501H,0.993,LPath
S501I,0.973,LPath
S501K,0.9997,LPath
S501L,0.7886,LPath
S501M,0.922,LPath
S501N,0.9545,LPath
S501P,0.9926,LPath
S501Q,0.9948,LPath
S501R,0.9987,LPath
S501T,0.4485,Amb
S501V,0.9067,LPath
S501W,0.9957,LPath
S501Y,0.9855,LPath
T502A,0.7939,LPath
T502C,0.9714,LPath
T502D,0.9909,LPath
T502E,0.9905,LPath
T502F,0.9875,LPath
T502G,0.9141,LPath
T502H,0.9726,LPath
T502I,0.9864,LPath
T502K,0.9666,LPath
T502L,0.9149,LPath
T502M,0.789,LPath
T502N,0.9295,LPath
T502P,0.8254,LPath
T502Q,0.9722,LPath
T502R,0.9555,LPath
T502S,0.61,LPath
T502V,0.9348,LPath
T502W,0.9961,LPath
T502Y,0.9891,LPath
G503A,0.1897,LBen
G503C,0.3684,Amb
G503D,0.7217,LPath
G503E,0.7039,LPath
G503F,0.9063,LPath
G503H,0.7822,LPath
G503I,0.8172,LPath
G503K,0.8582,LPath
G503L,0.7717,LPath
G503M,0.7811,LPath
G503N,0.5578,Amb
G503P,0.9672,LPath
G503Q,0.6708,LPath
G503R,0.6539,LPath
G503S,0.139,LBen
G503T,0.4008,Amb
G503V,0.6353,LPath
G503W,0.8162,LPath
G503Y,0.8362,LPath
V504A,0.8543,LPath
V504C,0.9326,LPath
V504D,0.9745,LPath
V504E,0.9509,LPath
V504F,0.558,Amb
V504G,0.832,LPath
V504H,0.9839,LPath
V504I,0.0752,LBen
V504K,0.9704,LPath
V504L,0.4709,Amb
V504M,0.4377,Amb
V504N,0.8981,LPath
V504P,0.9782,LPath
V504Q,0.9524,LPath
V504R,0.9582,LPath
V504S,0.8675,LPath
V504T,0.8044,LPath
V504W,0.9868,LPath
V504Y,0.944,LPath
L505A,0.7557,LPath
L505C,0.8756,LPath
L505D,0.999,LPath
L505E,0.9948,LPath
L505F,0.6647,LPath
L505G,0.9663,LPath
L505H,0.988,LPath
L505I,0.3809,Amb
L505K,0.9953,LPath
L505M,0.3555,Amb
L505N,0.993,LPath
L505P,0.9726,LPath
L505Q,0.9804,LPath
L505R,0.9859,LPath
L505S,0.954,LPath
L505T,0.8853,LPath
L505V,0.3889,Amb
L505W,0.9307,LPath
L505Y,0.9765,LPath
G506A,0.4292,Amb
G506C,0.7735,LPath
G506D,0.9744,LPath
G506E,0.9526,LPath
G506F,0.9905,LPath
G506H,0.9855,LPath
G506I,0.9741,LPath
G506K,0.9884,LPath
G506L,0.9659,LPath
G506M,0.9778,LPath
G506N,0.9597,LPath
G506P,0.9969,LPath
G506Q,0.9458,LPath
G506R,0.9596,LPath
G506S,0.3593,Amb
G506T,0.8685,LPath
G506V,0.933,LPath
G506W,0.9759,LPath
G506Y,0.9851,LPath
R507A,0.9882,LPath
R507C,0.8229,LPath
R507D,0.9929,LPath
R507E,0.9529,LPath
R507F,0.9909,LPath
R507G,0.9547,LPath
R507H,0.8048,LPath
R507I,0.9837,LPath
R507K,0.755,LPath
R507L,0.9591,LPath
R507M,0.9822,LPath
R507N,0.9911,LPath
R507P,0.993,LPath
R507Q,0.7204,LPath
R507S,0.9862,LPath
R507T,0.9858,LPath
R507V,0.9843,LPath
R507W,0.7891,LPath
R507Y,0.9793,LPath
G508A,0.9625,LPath
G508C,0.9719,LPath
G508D,0.9883,LPath
G508E,0.9918,LPath
G508F,0.9942,LPath
G508H,0.9979,LPath
G508I,0.9737,LPath
G508K,0.997,LPath
G508L,0.9918,LPath
G508M,0.9928,LPath
G508N,0.9945,LPath
G508P,0.9976,LPath
G508Q,0.9968,LPath
G508R,0.995,LPath
G508S,0.9417,LPath
G508T,0.9817,LPath
G508V,0.9693,LPath
G508W,0.9933,LPath
G508Y,0.9931,LPath
L509A,0.8465,LPath
L509C,0.8918,LPath
L509D,0.9938,LPath
L509E,0.9482,LPath
L509F,0.5148,Amb
L509G,0.9696,LPath
L509H,0.9099,LPath
L509I,0.1229,LBen
L509K,0.9055,LPath
L509M,0.1906,LBen
L509N,0.9575,LPath
L509P,0.9862,LPath
L509Q,0.8273,LPath
L509R,0.8573,LPath
L509S,0.9293,LPath
L509T,0.8111,LPath
L509V,0.1914,LBen
L509W,0.7739,LPath
L509Y,0.9049,LPath
D510A,0.9453,LPath
D510C,0.9884,LPath
D510E,0.9347,LPath
D510F,0.9797,LPath
D510G,0.9478,LPath
D510H,0.9348,LPath
D510I,0.9845,LPath
D510K,0.9916,LPath
D510L,0.9735,LPath
D510M,0.995,LPath
D510N,0.7962,LPath
D510P,0.9884,LPath
D510Q,0.9746,LPath
D510R,0.9839,LPath
D510S,0.8523,LPath
D510T,0.9819,LPath
D510V,0.9542,LPath
D510W,0.9933,LPath
D510Y,0.8935,LPath
L511A,0.9336,LPath
L511C,0.8998,LPath
L511D,0.9943,LPath
L511E,0.9815,LPath
L511F,0.495,Amb
L511G,0.9806,LPath
L511H,0.9505,LPath
L511I,0.2537,LBen
L511K,0.97,LPath
L511M,0.2556,LBen
L511N,0.9654,LPath
L511P,0.9895,LPath
L511Q,0.9509,LPath
L511R,0.9437,LPath
L511S,0.9718,LPath
L511T,0.92,LPath
L511V,0.3184,LBen
L511W,0.8903,LPath
L511Y,0.9278,LPath
I512A,0.1886,LBen
I512C,0.4535,Amb
I512D,0.4225,Amb
I512E,0.3679,Amb
I512F,0.1315,LBen
I512G,0.3327,LBen
I512H,0.3357,LBen
I512K,0.2341,LBen
I512L,0.0837,LBen
I512M,0.0897,LBen
I512N,0.1538,LBen
I512P,0.3429,Amb
I512Q,0.2709,LBen
I512R,0.185,LBen
I512S,0.1747,LBen
I512T,0.144,LBen
I512V,0.0618,LBen
I512W,0.6954,LPath
I512Y,0.3993,Amb
S513A,0.081,LBen
S513C,0.0877,LBen
S513D,0.1923,LBen
S513E,0.3629,Amb
S513F,0.2956,LBen
S513G,0.0602,LBen
S513H,0.1909,LBen
S513I,0.272,LBen
S513K,0.3195,LBen
S513L,0.1614,LBen
S513M,0.2117,LBen
S513N,0.0737,LBen
S513P,0.4046,Amb
S513Q,0.295,LBen
S513R,0.2772,LBen
S513T,0.0833,LBen
S513V,0.2588,LBen
S513W,0.3745,Amb
S513Y,0.1908,LBen
V514A,0.7033,LPath
V514C,0.8913,LPath
V514D,0.9819,LPath
V514E,0.9648,LPath
V514F,0.8654,LPath
V514G,0.8081,LPath
V514H,0.9918,LPath
V514I,0.1109,LBen
V514K,0.9713,LPath
V514L,0.6828,LPath
V514M,0.6038,LPath
V514N,0.9247,LPath
V514P,0.9573,LPath
V514Q,0.9591,LPath
V514R,0.9615,LPath
V514S,0.8039,LPath
V514T,0.6577,LPath
V514W,0.9977,LPath
V514Y,0.9877,LPath
R515A,0.2718,LBen
R515C,0.2035,LBen
R515D,0.4526,Amb
R515E,0.2258,LBen
R515F,0.623,LPath
R515G,0.1491,LBen
R515H,0.1222,LBen
R515I,0.3439,Amb
R515K,0.0542,LBen
R515L,0.2853,LBen
R515M,0.2297,LBen
R515N,0.2859,LBen
R515P,0.6941,LPath
R515Q,0.084,LBen
R515S,0.2387,LBen
R515T,0.1399,LBen
R515V,0.3456,Amb
R515W,0.3023,LBen
R515Y,0.4324,Amb
L516A,0.5263,Amb
L516C,0.6155,LPath
L516D,0.9791,LPath
L516E,0.8228,LPath
L516F,0.4057,Amb
L516G,0.851,LPath
L516H,0.6668,LPath
L516I,0.1349,LBen
L516K,0.8542,LPath
L516M,0.0996,LBen
L516N,0.7245,LPath
L516P,0.9938,LPath
L516Q,0.4067,Amb
L516R,0.8007,LPath
L516S,0.6506,LPath
L516T,0.3648,Amb
L516V,0.1302,LBen
L516W,0.7815,LPath
L516Y,0.7746,LPath
V517A,0.6199,LPath
V517C,0.9459,LPath
V517D,0.9948,LPath
V517E,0.9883,LPath
V517F,0.95,LPath
V517G,0.8558,LPath
V517H,0.9963,LPath
V517I,0.1575,LBen
V517K,0.9918,LPath
V517L,0.8281,LPath
V517M,0.8045,LPath
V517N,0.9799,LPath
V517P,0.9951,LPath
V517Q,0.9835,LPath
V517R,0.9841,LPath
V517S,0.8335,LPath
V517T,0.6061,LPath
V517W,0.9992,LPath
V517Y,0.996,LPath
V518A,0.821,LPath
V518C,0.9031,LPath
V518D,0.9982,LPath
V518E,0.9939,LPath
V518F,0.7329,LPath
V518G,0.944,LPath
V518H,0.9971,LPath
V518I,0.0762,LBen
V518K,0.9962,LPath
V518L,0.4255,Amb
V518M,0.5287,Amb
V518N,0.9908,LPath
V518P,0.9974,LPath
V518Q,0.9921,LPath
V518R,0.9932,LPath
V518S,0.9587,LPath
V518T,0.8825,LPath
V518W,0.9956,LPath
V518Y,0.981,LPath
N519A,0.7665,LPath
N519C,0.4251,Amb
N519D,0.933,LPath
N519E,0.9874,LPath
N519F,0.9733,LPath
N519G,0.891,LPath
N519H,0.7201,LPath
N519I,0.3518,Amb
N519K,0.9831,LPath
N519L,0.4532,Amb
N519M,0.7022,LPath
N519P,0.9879,LPath
N519Q,0.9472,LPath
N519R,0.9867,LPath
N519S,0.2486,LBen
N519T,0.549,Amb
N519V,0.3566,Amb
N519W,0.9966,LPath
N519Y,0.8883,LPath
F520A,0.9894,LPath
F520C,0.9477,LPath
F520D,0.9984,LPath
F520E,0.9983,LPath
F520G,0.9947,LPath
F520H,0.974,LPath
F520I,0.9339,LPath
F520K,0.9984,LPath
F520L,0.9932,LPath
F520M,0.957,LPath
F520N,0.9913,LPath
F520P,0.9998,LPath
F520Q,0.9966,LPath
F520R,0.9942,LPath
F520S,0.983,LPath
F520T,0.99,LPath
F520V,0.9152,LPath
F520W,0.8355,LPath
F520Y,0.354,Amb
D521A,0.9281,LPath
D521C,0.9798,LPath
D521E,0.8952,LPath
D521F,0.9926,LPath
D521G,0.9251,LPath
D521H,0.9605,LPath
D521I,0.99,LPath
D521K,0.9921,LPath
D521L,0.9805,LPath
D521M,0.9948,LPath
D521N,0.7589,LPath
D521P,0.9982,LPath
D521Q,0.9662,LPath
D521R,0.9822,LPath
D521S,0.7419,LPath
D521T,0.9523,LPath
D521V,0.9646,LPath
D521W,0.998,LPath
D521Y,0.9604,LPath
M522A,0.816,LPath
M522C,0.8667,LPath
M522D,0.997,LPath
M522E,0.984,LPath
M522F,0.5699,LPath
M522G,0.9502,LPath
M522H,0.9778,LPath
M522I,0.6785,LPath
M522K,0.9446,LPath
M522L,0.2565,LBen
M522N,0.9659,LPath
M522P,0.9255,LPath
M522Q,0.9028,LPath
M522R,0.9493,LPath
M522S,0.8755,LPath
M522T,0.7467,LPath
M522V,0.2151,LBen
M522W,0.9718,LPath
M522Y,0.955,LPath
P523A,0.3038,LBen
P523C,0.9097,LPath
P523D,0.9961,LPath
P523E,0.9883,LPath
P523F,0.9952,LPath
P523G,0.9162,LPath
P523H,0.9733,LPath
P523I,0.9798,LPath
P523K,0.9945,LPath
P523L,0.8857,LPath
P523M,0.976,LPath
P523N,0.9833,LPath
P523Q,0.9662,LPath
P523R,0.9793,LPath
P523S,0.6941,LPath
P523T,0.8042,LPath
P523V,0.9115,LPath
P523W,0.9985,LPath
P523Y,0.9954,LPath
S524A,0.0598,LBen
S524C,0.0911,LBen
S524D,0.522,Amb
S524E,0.651,LPath
S524F,0.1742,LBen
S524G,0.0685,LBen
S524H,0.3506,Amb
S524I,0.1421,LBen
S524K,0.6858,LPath
S524L,0.0807,LBen
S524M,0.1648,LBen
S524N,0.1117,LBen
S524P,0.1142,LBen
S524Q,0.467,Amb
S524R,0.6256,LPath
S524T,0.0739,LBen
S524V,0.131,LBen
S524W,0.4158,Amb
S524Y,0.1965,LBen
S525A,0.1603,LBen
S525C,0.0978,LBen
S525D,0.6827,LPath
S525E,0.8862,LPath
S525F,0.5329,Amb
S525G,0.1328,LBen
S525H,0.6069,LPath
S525I,0.5463,Amb
S525K,0.9316,LPath
S525L,0.2116,LBen
S525M,0.3621,Amb
S525N,0.2012,LBen
S525P,0.928,LPath
S525Q,0.8189,LPath
S525R,0.9017,LPath
S525T,0.0783,LBen
S525V,0.4227,Amb
S525W,0.7189,LPath
S525Y,0.4632,Amb
M526A,0.6687,LPath
M526C,0.9009,LPath
M526D,0.9824,LPath
M526E,0.9211,LPath
M526F,0.6889,LPath
M526G,0.9087,LPath
M526H,0.9658,LPath
M526I,0.5899,LPath
M526K,0.8383,LPath
M526L,0.2291,LBen
M526N,0.9273,LPath
M526P,0.8686,LPath
M526Q,0.8269,LPath
M526R,0.8376,LPath
M526S,0.7921,LPath
M526T,0.4503,Amb
M526V,0.1206,LBen
M526W,0.9335,LPath
M526Y,0.9464,LPath
D527A,0.5552,Amb
D527C,0.9396,LPath
D527E,0.3565,Amb
D527F,0.9468,LPath
D527G,0.5631,Amb
D527H,0.7923,LPath
D527I,0.8719,LPath
D527K,0.8541,LPath
D527L,0.8493,LPath
D527M,0.9278,LPath
D527N,0.3723,Amb
D527P,0.9482,LPath
D527Q,0.7712,LPath
D527R,0.8506,LPath
D527S,0.4651,Amb
D527T,0.6966,LPath
D527V,0.6426,LPath
D527W,0.9796,LPath
D527Y,0.6899,LPath
E528A,0.6017,LPath
E528C,0.9744,LPath
E528D,0.3007,LBen
E528F,0.9841,LPath
E528G,0.626,LPath
E528H,0.9179,LPath
E528I,0.9059,LPath
E528K,0.7142,LPath
E528L,0.9201,LPath
E528M,0.8989,LPath
E528N,0.7168,LPath
E528P,0.9942,LPath
E528Q,0.5071,Amb
E528R,0.8197,LPath
E528S,0.6174,LPath
E528T,0.7519,LPath
E528V,0.7783,LPath
E528W,0.9936,LPath
E528Y,0.9594,LPath
Y529A,0.9911,LPath
Y529C,0.9611,LPath
Y529D,0.9882,LPath
Y529E,0.9977,LPath
Y529F,0.3601,Amb
Y529G,0.9844,LPath
Y529H,0.9754,LPath
Y529I,0.9689,LPath
Y529K,0.9988,LPath
Y529L,0.8964,LPath
Y529M,0.9637,LPath
Y529N,0.9645,LPath
Y529P,0.9992,LPath
Y529Q,0.9981,LPath
Y529R,0.9973,LPath
Y529S,0.9839,LPath
Y529T,0.9902,LPath
Y529V,0.9355,LPath
Y529W,0.9021,LPath
V530A,0.859,LPath
V530C,0.9401,LPath
V530D,0.9862,LPath
V530E,0.9556,LPath
V530F,0.733,LPath
V530G,0.888,LPath
V530H,0.9838,LPath
V530I,0.0995,LBen
V530K,0.9673,LPath
V530L,0.7775,LPath
V530M,0.6373,LPath
V530N,0.9461,LPath
V530P,0.9924,LPath
V530Q,0.9396,LPath
V530R,0.9347,LPath
V530S,0.8645,LPath
V530T,0.6358,LPath
V530W,0.9926,LPath
V530Y,0.9727,LPath
H531A,0.9955,LPath
H531C,0.9614,LPath
H531D,0.9943,LPath
H531E,0.9957,LPath
H531F,0.9761,LPath
H531G,0.9939,LPath
H531I,0.9965,LPath
H531K,0.9912,LPath
H531L,0.9592,LPath
H531M,0.9953,LPath
H531N,0.982,LPath
H531P,0.9713,LPath
H531Q,0.9834,LPath
H531R,0.9738,LPath
H531S,0.9902,LPath
H531T,0.9979,LPath
H531V,0.9966,LPath
H531W,0.9275,LPath
H531Y,0.9417,LPath
Q532A,0.734,LPath
Q532C,0.8812,LPath
Q532D,0.9773,LPath
Q532E,0.32,LBen
Q532F,0.9679,LPath
Q532G,0.8382,LPath
Q532H,0.8317,LPath
Q532I,0.8329,LPath
Q532K,0.5142,Amb
Q532L,0.4968,Amb
Q532M,0.7375,LPath
Q532N,0.8563,LPath
Q532P,0.9818,LPath
Q532R,0.379,Amb
Q532S,0.7675,LPath
Q532T,0.7141,LPath
Q532V,0.6964,LPath
Q532W,0.9726,LPath
Q532Y,0.9543,LPath
I533A,0.4265,Amb
I533C,0.8514,LPath
I533D,0.9852,LPath
I533E,0.9629,LPath
I533F,0.7748,LPath
I533G,0.8902,LPath
I533H,0.9811,LPath
I533K,0.9683,LPath
I533L,0.417,Amb
I533M,0.2661,LBen
I533N,0.8851,LPath
I533P,0.9807,LPath
I533Q,0.9495,LPath
I533R,0.9383,LPath
I533S,0.6289,LPath
I533T,0.2236,LBen
I533V,0.0544,LBen
I533W,0.9865,LPath
I533Y,0.9718,LPath
G534A,0.9225,LPath
G534C,0.9593,LPath
G534D,0.9944,LPath
G534E,0.9896,LPath
G534F,0.9963,LPath
G534H,0.9967,LPath
G534I,0.9878,LPath
G534K,0.995,LPath
G534L,0.9883,LPath
G534M,0.9948,LPath
G534N,0.9934,LPath
G534P,0.9987,LPath
G534Q,0.9886,LPath
G534R,0.9839,LPath
G534S,0.8509,LPath
G534T,0.9644,LPath
G534V,0.9772,LPath
G534W,0.9902,LPath
G534Y,0.9955,LPath
R535A,0.9945,LPath
R535C,0.97,LPath
R535D,0.9978,LPath
R535E,0.9722,LPath
R535F,0.9966,LPath
R535G,0.9878,LPath
R535H,0.9735,LPath
R535I,0.9797,LPath
R535K,0.9461,LPath
R535L,0.9797,LPath
R535M,0.995,LPath
R535N,0.9966,LPath
R535P,0.9961,LPath
R535Q,0.9517,LPath
R535S,0.9965,LPath
R535T,0.9958,LPath
R535V,0.9854,LPath
R535W,0.9714,LPath
R535Y,0.9946,LPath
V536A,0.1526,LBen
V536C,0.8108,LPath
V536D,0.9446,LPath
V536E,0.9344,LPath
V536F,0.9309,LPath
V536G,0.3382,LBen
V536H,0.9831,LPath
V536I,0.2707,LBen
V536K,0.9674,LPath
V536L,0.8535,LPath
V536M,0.7717,LPath
V536N,0.8634,LPath
V536P,0.9438,LPath
V536Q,0.941,LPath
V536R,0.9347,LPath
V536S,0.252,LBen
V536T,0.182,LBen
V536W,0.9974,LPath
V536Y,0.9884,LPath
G537A,0.4481,Amb
G537C,0.7474,LPath
G537D,0.959,LPath
G537E,0.9555,LPath
G537F,0.9887,LPath
G537H,0.9806,LPath
G537I,0.9803,LPath
G537K,0.9831,LPath
G537L,0.9658,LPath
G537M,0.9807,LPath
G537N,0.9385,LPath
G537P,0.9937,LPath
G537Q,0.9421,LPath
G537R,0.9434,LPath
G537S,0.3333,LBen
G537T,0.8669,LPath
G537V,0.9468,LPath
G537W,0.9743,LPath
G537Y,0.9827,LPath
R538A,0.9641,LPath
R538C,0.782,LPath
R538D,0.978,LPath
R538E,0.8925,LPath
R538F,0.96,LPath
R538G,0.893,LPath
R538H,0.7219,LPath
R538I,0.9148,LPath
R538K,0.6872,LPath
R538L,0.8856,LPath
R538M,0.953,LPath
R538N,0.9673,LPath
R538P,0.9608,LPath
R538Q,0.6094,LPath
R538S,0.9616,LPath
R538T,0.9549,LPath
R538V,0.9338,LPath
R538W,0.773,LPath
R538Y,0.9254,LPath
L539A,0.4532,Amb
L539C,0.7051,LPath
L539D,0.9171,LPath
L539E,0.7061,LPath
L539F,0.2809,LBen
L539G,0.6736,LPath
L539H,0.5609,Amb
L539I,0.2439,LBen
L539K,0.5378,Amb
L539M,0.1518,LBen
L539N,0.7335,LPath
L539P,0.7749,LPath
L539Q,0.3756,Amb
L539R,0.4025,Amb
L539S,0.6023,LPath
L539T,0.5488,Amb
L539V,0.2316,LBen
L539W,0.4402,Amb
L539Y,0.6303,LPath
G540A,0.4896,Amb
G540C,0.6011,LPath
G540D,0.6176,LPath
G540E,0.653,LPath
G540F,0.8922,LPath
G540H,0.7386,LPath
G540I,0.8836,LPath
G540K,0.8034,LPath
G540L,0.8256,LPath
G540M,0.8755,LPath
G540N,0.5821,LPath
G540P,0.9688,LPath
G540Q,0.6295,LPath
G540R,0.6631,LPath
G540S,0.264,LBen
G540T,0.6731,LPath
G540V,0.8037,LPath
G540W,0.8263,LPath
G540Y,0.8265,LPath
Q541A,0.2055,LBen
Q541C,0.3821,Amb
Q541D,0.2626,LBen
Q541E,0.0796,LBen
Q541F,0.5021,Amb
Q541G,0.1951,LBen
Q541H,0.1331,LBen
Q541I,0.3204,LBen
Q541K,0.0811,LBen
Q541L,0.1299,LBen
Q541M,0.2917,LBen
Q541N,0.1739,LBen
Q541P,0.3547,Amb
Q541R,0.089,LBen
Q541S,0.2056,LBen
Q541T,0.1865,LBen
Q541V,0.2352,LBen
Q541W,0.4099,Amb
Q541Y,0.298,LBen
N542A,0.0827,LBen
N542C,0.0919,LBen
N542D,0.1006,LBen
N542E,0.1501,LBen
N542F,0.2126,LBen
N542G,0.116,LBen
N542H,0.0603,LBen
N542I,0.0981,LBen
N542K,0.0951,LBen
N542L,0.1179,LBen
N542M,0.1382,LBen
N542P,0.1965,LBen
N542Q,0.1069,LBen
N542R,0.1056,LBen
N542S,0.0595,LBen
N542T,0.0607,LBen
N542V,0.0978,LBen
N542W,0.3951,Amb
N542Y,0.0829,LBen
G543A,0.747,LPath
G543C,0.9338,LPath
G543D,0.9863,LPath
G543E,0.9895,LPath
G543F,0.9952,LPath
G543H,0.9935,LPath
G543I,0.9862,LPath
G543K,0.9924,LPath
G543L,0.9923,LPath
G543M,0.9937,LPath
G543N,0.9845,LPath
G543P,0.9966,LPath
G543Q,0.987,LPath
G543R,0.9777,LPath
G543S,0.7214,LPath
G543T,0.949,LPath
G543V,0.9714,LPath
G543W,0.9911,LPath
G543Y,0.9928,LPath
T544A,0.1639,LBen
T544C,0.4091,Amb
T544D,0.7636,LPath
T544E,0.6516,LPath
T544F,0.3288,LBen
T544G,0.577,LPath
T544H,0.434,Amb
T544I,0.2054,LBen
T544K,0.5194,Amb
T544L,0.1526,LBen
T544M,0.0991,LBen
T544N,0.291,LBen
T544P,0.7149,LPath
T544Q,0.4596,Amb
T544R,0.423,Amb
T544S,0.2154,LBen
T544V,0.1461,LBen
T544W,0.5679,LPath
T544Y,0.3432,Amb
A545C,0.826,LPath
A545D,0.9973,LPath
A545E,0.9965,LPath
A545F,0.9928,LPath
A545G,0.4114,Amb
A545H,0.9968,LPath
A545I,0.9676,LPath
A545K,0.9992,LPath
A545L,0.9505,LPath
A545M,0.9548,LPath
A545N,0.9859,LPath
A545P,0.9976,LPath
A545Q,0.9899,LPath
A545R,0.9969,LPath
A545S,0.1772,LBen
A545T,0.6394,LPath
A545V,0.8185,LPath
A545W,0.9995,LPath
A545Y,0.9974,LPath
I546A,0.9372,LPath
I546C,0.9272,LPath
I546D,0.9993,LPath
I546E,0.9969,LPath
I546F,0.4183,Amb
I546G,0.9944,LPath
I546H,0.9891,LPath
I546K,0.9921,LPath
I546L,0.2078,LBen
I546M,0.2172,LBen
I546N,0.9884,LPath
I546P,0.998,LPath
I546Q,0.9922,LPath
I546R,0.9861,LPath
I546S,0.9726,LPath
I546T,0.9321,LPath
I546V,0.0841,LBen
I546W,0.9622,LPath
I546Y,0.881,LPath
T547A,0.4323,Amb
T547C,0.743,LPath
T547D,0.9897,LPath
T547E,0.9957,LPath
T547F,0.9837,LPath
T547G,0.8015,LPath
T547H,0.9657,LPath
T547I,0.9342,LPath
T547K,0.997,LPath
T547L,0.7843,LPath
T547M,0.6537,LPath
T547N,0.817,LPath
T547P,0.9763,LPath
T547Q,0.9817,LPath
T547R,0.9932,LPath
T547S,0.2137,LBen
T547V,0.7897,LPath
T547W,0.9972,LPath
T547Y,0.9888,LPath
F548A,0.9816,LPath
F548C,0.8546,LPath
F548D,0.9992,LPath
F548E,0.9991,LPath
F548G,0.9924,LPath
F548H,0.9915,LPath
F548I,0.6342,LPath
F548K,0.9988,LPath
F548L,0.7199,LPath
F548M,0.6798,LPath
F548N,0.9948,LPath
F548P,0.9991,LPath
F548Q,0.9975,LPath
F548R,0.9967,LPath
F548S,0.9893,LPath
F548T,0.9894,LPath
F548V,0.6746,LPath
F548W,0.8966,LPath
F548Y,0.5998,LPath
I549A,0.7641,LPath
I549C,0.7532,LPath
I549D,0.9976,LPath
I549E,0.9931,LPath
I549F,0.4758,Amb
I549G,0.9652,LPath
I549H,0.9828,LPath
I549K,0.9865,LPath
I549L,0.117,LBen
I549M,0.1662,LBen
I549N,0.9683,LPath
I549P,0.987,LPath
I549Q,0.9773,LPath
I549R,0.9748,LPath
I549S,0.8983,LPath
I549T,0.7466,LPath
I549V,0.0759,LBen
I549W,0.9695,LPath
I549Y,0.9381,LPath
N550A,0.8656,LPath
N550C,0.6015,LPath
N550D,0.5714,LPath
N550E,0.9673,LPath
N550F,0.9899,LPath
N550G,0.573,LPath
N550H,0.5614,Amb
N550I,0.9657,LPath
N550K,0.969,LPath
N550L,0.9326,LPath
N550M,0.9585,LPath
N550P,0.9744,LPath
N550Q,0.9284,LPath
N550R,0.9463,LPath
N550S,0.129,LBen
N550T,0.4736,Amb
N550V,0.9408,LPath
N550W,0.993,LPath
N550Y,0.9024,LPath
N551A,0.3289,LBen
N551C,0.336,LBen
N551D,0.2561,LBen
N551E,0.5819,LPath
N551F,0.7632,LPath
N551G,0.3,LBen
N551H,0.1528,LBen
N551I,0.437,Amb
N551K,0.5358,Amb
N551L,0.3989,Amb
N551M,0.5223,Amb
N551P,0.6294,LPath
N551Q,0.41,Amb
N551R,0.5215,Amb
N551S,0.0895,LBen
N551T,0.2179,LBen
N551V,0.4024,Amb
N551W,0.8576,LPath
N551Y,0.2907,LBen
N552A,0.1291,LBen
N552C,0.1234,LBen
N552D,0.1753,LBen
N552E,0.4228,Amb
N552F,0.3735,Amb
N552G,0.1372,LBen
N552H,0.0789,LBen
N552I,0.1683,LBen
N552K,0.3202,LBen
N552L,0.1841,LBen
N552M,0.2446,LBen
N552P,0.643,LPath
N552Q,0.2513,LBen
N552R,0.3236,LBen
N552S,0.0561,LBen
N552T,0.0824,LBen
N552V,0.1736,LBen
N552W,0.661,LPath
N552Y,0.1301,LBen
S553A,0.154,LBen
S553C,0.0886,LBen
S553D,0.514,Amb
S553E,0.8489,LPath
S553F,0.5745,LPath
S553G,0.1122,LBen
S553H,0.4517,Amb
S553I,0.5661,LPath
S553K,0.9341,LPath
S553L,0.3618,Amb
S553M,0.4577,Amb
S553N,0.1446,LBen
S553P,0.9323,LPath
S553Q,0.7527,LPath
S553R,0.9036,LPath
S553T,0.1283,LBen
S553V,0.4732,Amb
S553W,0.6724,LPath
S553Y,0.4159,Amb
K554A,0.904,LPath
K554C,0.9114,LPath
K554D,0.9787,LPath
K554E,0.8123,LPath
K554F,0.982,LPath
K554G,0.8933,LPath
K554H,0.75,LPath
K554I,0.9249,LPath
K554L,0.9001,LPath
K554M,0.8555,LPath
K554N,0.96,LPath
K554P,0.9448,LPath
K554Q,0.4413,Amb
K554R,0.0988,LBen
K554S,0.9092,LPath
K554T,0.8318,LPath
K554V,0.8924,LPath
K554W,0.9408,LPath
K554Y,0.9356,LPath
R555A,0.4883,Amb
R555C,0.2097,LBen
R555D,0.7072,LPath
R555E,0.5014,Amb
R555F,0.5623,Amb
R555G,0.2782,LBen
R555H,0.1174,LBen
R555I,0.4033,Amb
R555K,0.0821,LBen
R555L,0.3643,Amb
R555M,0.3776,Amb
R555N,0.5567,Amb
R555P,0.5538,Amb
R555Q,0.1278,LBen
R555S,0.5452,Amb
R555T,0.4034,Amb
R555V,0.4563,Amb
R555W,0.2299,LBen
R555Y,0.3641,Amb
L556A,0.5216,Amb
L556C,0.5305,Amb
L556D,0.9006,LPath
L556E,0.7295,LPath
L556F,0.2153,LBen
L556G,0.7634,LPath
L556H,0.3088,LBen
L556I,0.1295,LBen
L556K,0.5599,Amb
L556M,0.1558,LBen
L556N,0.5282,Amb
L556P,0.8791,LPath
L556Q,0.2696,LBen
L556R,0.4042,Amb
L556S,0.5336,Amb
L556T,0.476,Amb
L556V,0.1429,LBen
L556W,0.3982,Amb
L556Y,0.4241,Amb
F557A,0.9748,LPath
F557C,0.9174,LPath
F557D,0.9981,LPath
F557E,0.9981,LPath
F557G,0.9884,LPath
F557H,0.9798,LPath
F557I,0.8605,LPath
F557K,0.9975,LPath
F557L,0.9611,LPath
F557M,0.8984,LPath
F557N,0.989,LPath
F557P,0.9991,LPath
F557Q,0.9916,LPath
F557R,0.9916,LPath
F557S,0.9723,LPath
F557T,0.9873,LPath
F557V,0.8855,LPath
F557W,0.9158,LPath
F557Y,0.6178,LPath
W558A,0.3086,LBen
W558C,0.4581,Amb
W558D,0.8239,LPath
W558E,0.7481,LPath
W558F,0.2515,LBen
W558G,0.1882,LBen
W558H,0.5644,LPath
W558I,0.4075,Amb
W558K,0.5815,LPath
W558L,0.1233,LBen
W558M,0.3958,Amb
W558N,0.7283,LPath
W558P,0.7176,LPath
W558Q,0.5242,Amb
W558R,0.4743,Amb
W558S,0.2877,LBen
W558T,0.4075,Amb
W558V,0.3345,LBen
W558Y,0.3667,Amb
D559A,0.2652,LBen
D559C,0.7313,LPath
D559E,0.1346,LBen
D559F,0.808,LPath
D559G,0.2641,LBen
D559H,0.4323,Amb
D559I,0.6372,LPath
D559K,0.6084,LPath
D559L,0.6203,LPath
D559M,0.7492,LPath
D559N,0.1515,LBen
D559P,0.723,LPath
D559Q,0.4504,Amb
D559R,0.67,LPath
D559S,0.2149,LBen
D559T,0.4179,Amb
D559V,0.4078,Amb
D559W,0.9369,LPath
D559Y,0.395,Amb
I560A,0.491,Amb
I560C,0.7927,LPath
I560D,0.9876,LPath
I560E,0.9763,LPath
I560F,0.3096,LBen
I560G,0.9263,LPath
I560H,0.9622,LPath
I560K,0.9667,LPath
I560L,0.1271,LBen
I560M,0.1209,LBen
I560N,0.9074,LPath
I560P,0.9735,LPath
I560Q,0.9615,LPath
I560R,0.9499,LPath
I560S,0.7714,LPath
I560T,0.3557,Amb
I560V,0.0599,LBen
I560W,0.9542,LPath
I560Y,0.8936,LPath
A561C,0.3736,Amb
A561D,0.8148,LPath
A561E,0.6435,LPath
A561F,0.4603,Amb
A561G,0.2801,LBen
A561H,0.7016,LPath
A561I,0.2252,LBen
A561K,0.7796,LPath
A561L,0.2713,LBen
A561M,0.2905,LBen
A561N,0.5759,LPath
A561P,0.8972,LPath
A561Q,0.5597,Amb
A561R,0.6771,LPath
A561S,0.1146,LBen
A561T,0.1096,LBen
A561V,0.0953,LBen
A561W,0.861,LPath
A561Y,0.6086,LPath
K562A,0.3051,LBen
K562C,0.4764,Amb
K562D,0.6487,LPath
K562E,0.1739,LBen
K562F,0.7797,LPath
K562G,0.3804,Amb
K562H,0.2848,LBen
K562I,0.3866,Amb
K562L,0.3125,LBen
K562M,0.2443,LBen
K562N,0.4109,Amb
K562P,0.8818,LPath
K562Q,0.1007,LBen
K562R,0.0722,LBen
K562S,0.3542,Amb
K562T,0.1936,LBen
K562V,0.3119,LBen
K562W,0.6749,LPath
K562Y,0.6113,LPath
R563A,0.6564,LPath
R563C,0.3445,Amb
R563D,0.8815,LPath
R563E,0.5835,LPath
R563F,0.7843,LPath
R563G,0.5952,LPath
R563H,0.2369,LBen
R563I,0.4257,Amb
R563K,0.1928,LBen
R563L,0.378,Amb
R563M,0.4636,Amb
R563N,0.802,LPath
R563P,0.9715,LPath
R563Q,0.1873,LBen
R563S,0.7739,LPath
R563T,0.4457,Amb
R563V,0.5161,Amb
R563W,0.3528,Amb
R563Y,0.5936,LPath
V564A,0.67,LPath
V564C,0.8585,LPath
V564D,0.9765,LPath
V564E,0.9373,LPath
V564F,0.5991,LPath
V564G,0.7011,LPath
V564H,0.9761,LPath
V564I,0.112,LBen
V564K,0.9627,LPath
V564L,0.488,Amb
V564M,0.4645,Amb
V564N,0.914,LPath
V564P,0.9824,LPath
V564Q,0.9297,LPath
V564R,0.946,LPath
V564S,0.8111,LPath
V564T,0.7274,LPath
V564W,0.9821,LPath
V564Y,0.9442,LPath
K565A,0.3992,Amb
K565C,0.6511,LPath
K565D,0.8005,LPath
K565E,0.2537,LBen
K565F,0.7485,LPath
K565G,0.4727,Amb
K565H,0.3313,LBen
K565I,0.3703,Amb
K565L,0.3478,Amb
K565M,0.2686,LBen
K565N,0.577,LPath
K565P,0.8047,LPath
K565Q,0.1179,LBen
K565R,0.0894,LBen
K565S,0.4657,Amb
K565T,0.2424,LBen
K565V,0.3725,Amb
K565W,0.7334,LPath
K565Y,0.6088,LPath
P566A,0.1688,LBen
P566C,0.6598,LPath
P566D,0.6427,LPath
P566E,0.4414,Amb
P566F,0.7019,LPath
P566G,0.437,Amb
P566H,0.3647,Amb
P566I,0.493,Amb
P566K,0.4028,Amb
P566L,0.2497,LBen
P566M,0.4948,Amb
P566N,0.5195,Amb
P566Q,0.2756,LBen
P566R,0.306,LBen
P566S,0.2691,LBen
P566T,0.2093,LBen
P566V,0.3215,LBen
P566W,0.8345,LPath
P566Y,0.6411,LPath
T567A,0.1039,LBen
T567C,0.5092,Amb
T567D,0.8078,LPath
T567E,0.7109,LPath
T567F,0.5727,LPath
T567G,0.2948,LBen
T567H,0.5777,LPath
T567I,0.5285,Amb
T567K,0.4971,Amb
T567L,0.2149,LBen
T567M,0.1496,LBen
T567N,0.3432,Amb
T567P,0.3567,Amb
T567Q,0.4823,Amb
T567R,0.3929,Amb
T567S,0.1596,LBen
T567V,0.3217,LBen
T567W,0.8718,LPath
T567Y,0.7054,LPath
G568A,0.34,Amb
G568C,0.4436,Amb
G568D,0.6272,LPath
G568E,0.6303,LPath
G568F,0.9025,LPath
G568H,0.6622,LPath
G568I,0.8093,LPath
G568K,0.6413,LPath
G568L,0.8186,LPath
G568M,0.8279,LPath
G568N,0.494,Amb
G568P,0.9709,LPath
G568Q,0.5312,Amb
G568R,0.4929,Amb
G568S,0.2087,LBen
G568T,0.5654,LPath
G568V,0.6966,LPath
G568W,0.8507,LPath
G568Y,0.806,LPath
S569A,0.1051,LBen
S569C,0.1061,LBen
S569D,0.9045,LPath
S569E,0.9362,LPath
S569F,0.5717,LPath
S569G,0.1543,LBen
S569H,0.8115,LPath
S569I,0.4003,Amb
S569K,0.9719,LPath
S569L,0.2193,LBen
S569M,0.2923,LBen
S569N,0.3808,Amb
S569P,0.8652,LPath
S569Q,0.8685,LPath
S569R,0.9521,LPath
S569T,0.0721,LBen
S569V,0.2855,LBen
S569W,0.7615,LPath
S569Y,0.5782,LPath
I570A,0.4315,Amb
I570C,0.6298,LPath
I570D,0.8341,LPath
I570E,0.7681,LPath
I570F,0.1782,LBen
I570G,0.7147,LPath
I570H,0.524,Amb
I570K,0.5544,Amb
I570L,0.0715,LBen
I570M,0.1094,LBen
I570N,0.3978,Amb
I570P,0.6361,LPath
I570Q,0.491,Amb
I570R,0.4449,Amb
I570S,0.4106,Amb
I570T,0.4289,Amb
I570V,0.0927,LBen
I570W,0.7093,LPath
I570Y,0.4964,Amb
L571A,0.905,LPath
L571C,0.8486,LPath
L571D,0.9985,LPath
L571E,0.9887,LPath
L571F,0.4916,Amb
L571G,0.9854,LPath
L571H,0.9614,LPath
L571I,0.1532,LBen
L571K,0.9793,LPath
L571M,0.2959,LBen
L571N,0.9856,LPath
L571P,0.8386,LPath
L571Q,0.9458,LPath
L571R,0.9606,LPath
L571S,0.9634,LPath
L571T,0.8859,LPath
L571V,0.216,LBen
L571W,0.8712,LPath
L571Y,0.9073,LPath
P572A,0.8608,LPath
P572C,0.9782,LPath
P572D,0.9959,LPath
P572E,0.9932,LPath
P572F,0.9956,LPath
P572G,0.9874,LPath
P572H,0.9542,LPath
P572I,0.984,LPath
P572K,0.997,LPath
P572L,0.9091,LPath
P572M,0.9854,LPath
P572N,0.9904,LPath
P572Q,0.9832,LPath
P572R,0.9905,LPath
P572S,0.9177,LPath
P572T,0.9351,LPath
P572V,0.9651,LPath
P572W,0.9981,LPath
P572Y,0.9958,LPath
P573A,0.1455,LBen
P573C,0.7139,LPath
P573D,0.8208,LPath
P573E,0.6098,LPath
P573F,0.752,LPath
P573G,0.5516,Amb
P573H,0.3883,Amb
P573I,0.5535,Amb
P573K,0.6259,LPath
P573L,0.2543,LBen
P573M,0.5363,Amb
P573N,0.6004,LPath
P573Q,0.2993,LBen
P573R,0.402,Amb
P573S,0.2412,LBen
P573T,0.2601,LBen
P573V,0.3538,Amb
P573W,0.8458,LPath
P573Y,0.6962,LPath
Q574A,0.2731,LBen
Q574C,0.8894,LPath
Q574D,0.9164,LPath
Q574E,0.1849,LBen
Q574F,0.9108,LPath
Q574G,0.7141,LPath
Q574H,0.6296,LPath
Q574I,0.5602,Amb
Q574K,0.5043,Amb
Q574L,0.3502,Amb
Q574M,0.5556,Amb
Q574N,0.6771,LPath
Q574P,0.149,LBen
Q574R,0.5191,Amb
Q574S,0.4658,Amb
Q574T,0.4963,Amb
Q574V,0.3836,Amb
Q574W,0.9474,LPath
Q574Y,0.8322,LPath
L575A,0.9715,LPath
L575C,0.9538,LPath
L575D,0.9997,LPath
L575E,0.9976,LPath
L575F,0.7544,LPath
L575G,0.9961,LPath
L575H,0.9949,LPath
L575I,0.1948,LBen
L575K,0.9966,LPath
L575M,0.4487,Amb
L575N,0.9979,LPath
L575P,0.9962,LPath
L575Q,0.9935,LPath
L575R,0.9932,LPath
L575S,0.9971,LPath
L575T,0.9859,LPath
L575V,0.2633,LBen
L575W,0.9671,LPath
L575Y,0.9689,LPath
L576A,0.4009,Amb
L576C,0.5329,Amb
L576D,0.8982,LPath
L576E,0.5501,Amb
L576F,0.293,LBen
L576G,0.7122,LPath
L576H,0.4483,Amb
L576I,0.1242,LBen
L576K,0.4233,Amb
L576M,0.1394,LBen
L576N,0.6001,LPath
L576P,0.9253,LPath
L576Q,0.2063,LBen
L576R,0.2965,LBen
L576S,0.474,Amb
L576T,0.329,LBen
L576V,0.1338,LBen
L576W,0.4235,Amb
L576Y,0.5516,Amb
N577A,0.4496,Amb
N577C,0.3782,Amb
N577D,0.5511,Amb
N577E,0.7813,LPath
N577F,0.7293,LPath
N577G,0.4182,Amb
N577H,0.1518,LBen
N577I,0.5982,LPath
N577K,0.6641,LPath
N577L,0.4352,Amb
N577M,0.6083,LPath
N577P,0.8948,LPath
N577Q,0.5169,Amb
N577R,0.5707,LPath
N577S,0.1317,LBen
N577T,0.34,Amb
N577V,0.5538,Amb
N577W,0.871,LPath
N577Y,0.2702,LBen
S578A,0.4908,Amb
S578C,0.3468,Amb
S578D,0.9773,LPath
S578E,0.9904,LPath
S578F,0.9119,LPath
S578G,0.7733,LPath
S578H,0.8235,LPath
S578I,0.8955,LPath
S578K,0.998,LPath
S578L,0.6943,LPath
S578M,0.8584,LPath
S578N,0.8457,LPath
S578P,0.9814,LPath
S578Q,0.9785,LPath
S578R,0.9964,LPath
S578T,0.6111,LPath
S578V,0.886,LPath
S578W,0.9034,LPath
S578Y,0.8141,LPath
P579A,0.2106,LBen
P579C,0.7234,LPath
P579D,0.8631,LPath
P579E,0.6713,LPath
P579F,0.8037,LPath
P579G,0.6556,LPath
P579H,0.3804,Amb
P579I,0.6044,LPath
P579K,0.5872,LPath
P579L,0.3526,Amb
P579M,0.6789,LPath
P579N,0.7051,LPath
P579Q,0.3562,Amb
P579R,0.3164,LBen
P579S,0.317,LBen
P579T,0.2939,LBen
P579V,0.4447,Amb
P579W,0.8641,LPath
P579Y,0.7344,LPath
Y580A,0.6368,LPath
Y580C,0.2262,LBen
Y580D,0.7102,LPath
Y580E,0.8875,LPath
Y580F,0.0974,LBen
Y580G,0.7333,LPath
Y580H,0.2094,LBen
Y580I,0.6688,LPath
Y580K,0.9117,LPath
Y580L,0.6493,LPath
Y580M,0.7923,LPath
Y580N,0.4096,Amb
Y580P,0.9031,LPath
Y580Q,0.7489,LPath
Y580R,0.7633,LPath
Y580S,0.3922,Amb
Y580T,0.6929,LPath
Y580V,0.538,Amb
Y580W,0.4013,Amb
L581A,0.782,LPath
L581C,0.7651,LPath
L581D,0.9961,LPath
L581E,0.961,LPath
L581F,0.3001,LBen
L581G,0.9346,LPath
L581H,0.803,LPath
L581I,0.2167,LBen
L581K,0.8816,LPath
L581M,0.2852,LBen
L581N,0.9599,LPath
L581P,0.9811,LPath
L581Q,0.7537,LPath
L581R,0.7341,LPath
L581S,0.8905,LPath
L581T,0.8268,LPath
L581V,0.2294,LBen
L581W,0.5847,LPath
L581Y,0.6507,LPath
H582A,0.2977,LBen
H582C,0.1924,LBen
H582D,0.3993,Amb
H582E,0.3705,Amb
H582F,0.2585,LBen
H582G,0.3613,Amb
H582I,0.3152,LBen
H582K,0.2558,LBen
H582L,0.1275,LBen
H582M,0.4075,Amb
H582N,0.1463,LBen
H582P,0.3114,LBen
H582Q,0.166,LBen
H582R,0.1183,LBen
H582S,0.2814,LBen
H582T,0.3332,LBen
H582V,0.2654,LBen
H582W,0.2907,LBen
H582Y,0.1046,LBen
D583A,0.1732,LBen
D583C,0.5062,Amb
D583E,0.0712,LBen
D583F,0.465,Amb
D583G,0.1995,LBen
D583H,0.2574,LBen
D583I,0.2786,LBen
D583K,0.36,Amb
D583L,0.3086,LBen
D583M,0.4584,Amb
D583N,0.1188,LBen
D583P,0.8265,LPath
D583Q,0.2183,LBen
D583R,0.3738,Amb
D583S,0.1307,LBen
D583T,0.2195,LBen
D583V,0.1923,LBen
D583W,0.7973,LPath
D583Y,0.1994,LBen
Q584A,0.4965,Amb
Q584C,0.8441,LPath
Q584D,0.9132,LPath
Q584E,0.2266,LBen
Q584F,0.922,LPath
Q584G,0.6105,LPath
Q584H,0.697,LPath
Q584I,0.6614,LPath
Q584K,0.2361,LBen
Q584L,0.3391,LBen
Q584M,0.546,Amb
Q584N,0.7411,LPath
Q584P,0.8647,LPath
Q584R,0.2379,LBen
Q584S,0.6864,LPath
Q584T,0.606,LPath
Q584V,0.5372,Amb
Q584W,0.8719,LPath
Q584Y,0.8349,LPath
K585A,0.4086,Amb
K585C,0.5587,Amb
K585D,0.7989,LPath
K585E,0.2107,LBen
K585F,0.6734,LPath
K585G,0.5347,Amb
K585H,0.3062,LBen
K585I,0.2803,LBen
K585L,0.2793,LBen
K585M,0.1972,LBen
K585N,0.5638,Amb
K585P,0.8938,LPath
K585Q,0.0944,LBen
K585R,0.0764,LBen
K585S,0.544,Amb
K585T,0.2934,LBen
K585V,0.3042,LBen
K585W,0.5539,Amb
K585Y,0.5189,Amb
R586A,0.4952,Amb
R586C,0.2312,LBen
R586D,0.7393,LPath
R586E,0.3684,Amb
R586F,0.5852,LPath
R586G,0.3198,LBen
R586H,0.1465,LBen
R586I,0.3226,LBen
R586K,0.0872,LBen
R586L,0.3053,LBen
R586M,0.3065,LBen
R586N,0.6423,LPath
R586P,0.8699,LPath
R586Q,0.1065,LBen
R586S,0.6449,LPath
R586T,0.4287,Amb
R586V,0.42,Amb
R586W,0.1944,LBen
R586Y,0.4015,Amb
K587A,0.45,Amb
K587C,0.6848,LPath
K587D,0.7578,LPath
K587E,0.2862,LBen
K587F,0.7924,LPath
K587G,0.4949,Amb
K587H,0.3634,Amb
K587I,0.4591,Amb
K587L,0.4081,Amb
K587M,0.3225,LBen
K587N,0.6087,LPath
K587P,0.8626,LPath
K587Q,0.1564,LBen
K587R,0.0665,LBen
K587S,0.5882,LPath
K587T,0.3559,Amb
K587V,0.4588,Amb
K587W,0.5973,LPath
K587Y,0.6256,LPath
E588A,0.0965,LBen
E588C,0.6679,LPath
E588D,0.1523,LBen
E588F,0.5226,Amb
E588G,0.1139,LBen
E588H,0.3591,Amb
E588I,0.2235,LBen
E588K,0.1574,LBen
E588L,0.2359,LBen
E588M,0.2731,LBen
E588N,0.2282,LBen
E588P,0.7328,LPath
E588Q,0.096,LBen
E588R,0.2237,LBen
E588S,0.166,LBen
E588T,0.1704,LBen
E588V,0.145,LBen
E588W,0.7485,LPath
E588Y,0.4048,Amb
Q589A,0.1399,LBen
Q589C,0.3082,LBen
Q589D,0.2701,LBen
Q589E,0.0903,LBen
Q589F,0.3639,Amb
Q589G,0.1649,LBen
Q589H,0.1335,LBen
Q589I,0.1821,LBen
Q589K,0.0731,LBen
Q589L,0.0865,LBen
Q589M,0.1977,LBen
Q589N,0.1802,LBen
Q589P,0.1947,LBen
Q589R,0.081,LBen
Q589S,0.1816,LBen
Q589T,0.1443,LBen
Q589V,0.1523,LBen
Q589W,0.2574,LBen
Q589Y,0.2215,LBen
Q590A,0.1624,LBen
Q590C,0.3185,LBen
Q590D,0.3013,LBen
Q590E,0.0946,LBen
Q590F,0.4195,Amb
Q590G,0.1667,LBen
Q590H,0.1458,LBen
Q590I,0.2144,LBen
Q590K,0.0802,LBen
Q590L,0.0942,LBen
Q590M,0.2188,LBen
Q590N,0.2073,LBen
Q590P,0.1933,LBen
Q590R,0.0874,LBen
Q590S,0.2089,LBen
Q590T,0.1765,LBen
Q590V,0.1717,LBen
Q590W,0.2697,LBen
Q590Y,0.2485,LBen
K591A,0.2058,LBen
K591C,0.4364,Amb
K591D,0.3676,Amb
K591E,0.1341,LBen
K591F,0.5224,Amb
K591G,0.1986,LBen
K591H,0.1923,LBen
K591I,0.2409,LBen
K591L,0.2253,LBen
K591M,0.1704,LBen
K591N,0.2523,LBen
K591P,0.4605,Amb
K591Q,0.0995,LBen
K591R,0.0638,LBen
K591S,0.2617,LBen
K591T,0.1485,LBen
K591V,0.2496,LBen
K591W,0.381,Amb
K591Y,0.3892,Amb
D592A,0.0694,LBen
D592C,0.1771,LBen
D592E,0.0647,LBen
D592F,0.1893,LBen
D592G,0.062,LBen
D592H,0.0992,LBen
D592I,0.1012,LBen
D592K,0.0973,LBen
D592L,0.1155,LBen
D592M,0.1772,LBen
D592N,0.0639,LBen
D592P,0.2512,LBen
D592Q,0.0901,LBen
D592R,0.1088,LBen
D592S,0.0678,LBen
D592T,0.0851,LBen
D592V,0.0746,LBen
D592W,0.3893,Amb
D592Y,0.0853,LBen
K593A,0.2192,LBen
K593C,0.4098,Amb
K593D,0.3606,Amb
K593E,0.1322,LBen
K593F,0.4868,Amb
K593G,0.2233,LBen
K593H,0.1823,LBen
K593I,0.2176,LBen
K593L,0.2254,LBen
K593M,0.1908,LBen
K593N,0.2585,LBen
K593P,0.4246,Amb
K593Q,0.0964,LBen
K593R,0.0657,LBen
K593S,0.2392,LBen
K593T,0.1375,LBen
K593V,0.2365,LBen
K593W,0.4235,Amb
K593Y,0.3595,Amb
Q594A,0.1183,LBen
Q594C,0.2448,LBen
Q594D,0.177,LBen
Q594E,0.0828,LBen
Q594F,0.3063,LBen
Q594G,0.1343,LBen
Q594H,0.0996,LBen
Q594I,0.1654,LBen
Q594K,0.066,LBen
Q594L,0.0902,LBen
Q594M,0.1826,LBen
Q594N,0.1379,LBen
Q594P,0.0986,LBen
Q594R,0.0743,LBen
Q594S,0.1361,LBen
Q594T,0.1063,LBen
Q594V,0.1322,LBen
Q594W,0.208,LBen
Q594Y,0.1868,LBen
T595A,0.0606,LBen
T595C,0.1448,LBen
T595D,0.1402,LBen
T595E,0.1163,LBen
T595F,0.0961,LBen
T595G,0.1013,LBen
T595H,0.0866,LBen
T595I,0.0722,LBen
T595K,0.0745,LBen
T595L,0.0632,LBen
T595M,0.067,LBen
T595N,0.0677,LBen
T595P,0.0752,LBen
T595Q,0.0844,LBen
T595R,0.0663,LBen
T595S,0.0715,LBen
T595V,0.0757,LBen
T595W,0.1959,LBen
T595Y,0.1043,LBen
Q596A,0.1148,LBen
Q596C,0.2451,LBen
Q596D,0.1466,LBen
Q596E,0.0698,LBen
Q596F,0.3512,Amb
Q596G,0.1166,LBen
Q596H,0.0994,LBen
Q596I,0.1974,LBen
Q596K,0.0638,LBen
Q596L,0.1066,LBen
Q596M,0.2234,LBen
Q596N,0.1312,LBen
Q596P,0.0852,LBen
Q596R,0.0677,LBen
Q596S,0.1171,LBen
Q596T,0.1082,LBen
Q596V,0.1541,LBen
Q596W,0.2113,LBen
Q596Y,0.2069,LBen
N597A,0.093,LBen
N597C,0.1043,LBen
N597D,0.0709,LBen
N597E,0.1407,LBen
N597F,0.2364,LBen
N597G,0.109,LBen
N597H,0.0647,LBen
N597I,0.1025,LBen
N597K,0.0944,LBen
N597L,0.1273,LBen
N597M,0.1593,LBen
N597P,0.1961,LBen
N597Q,0.1274,LBen
N597R,0.1125,LBen
N597S,0.0666,LBen
N597T,0.0692,LBen
N597V,0.1048,LBen
N597W,0.3254,LBen
N597Y,0.0852,LBen
D598A,0.0848,LBen
D598C,0.194,LBen
D598E,0.1004,LBen
D598F,0.2246,LBen
D598G,0.0813,LBen
D598H,0.0984,LBen
D598I,0.1194,LBen
D598K,0.145,LBen
D598L,0.15,LBen
D598M,0.2492,LBen
D598N,0.0672,LBen
D598P,0.2684,LBen
D598Q,0.1348,LBen
D598R,0.1414,LBen
D598S,0.067,LBen
D598T,0.0888,LBen
D598V,0.093,LBen
D598W,0.5135,Amb
D598Y,0.0918,LBen
L599A,0.1207,LBen
L599C,0.2724,LBen
L599D,0.3547,Amb
L599E,0.2021,LBen
L599F,0.0836,LBen
L599G,0.2834,LBen
L599H,0.1382,LBen
L599I,0.0656,LBen
L599K,0.1461,LBen
L599M,0.0794,LBen
L599N,0.2258,LBen
L599P,0.2511,LBen
L599Q,0.1158,LBen
L599R,0.1091,LBen
L599S,0.14,LBen
L599T,0.1078,LBen
L599V,0.0675,LBen
L599W,0.1247,LBen
L599Y,0.1935,LBen
V600A,0.6996,LPath
V600C,0.94,LPath
V600D,0.9331,LPath
V600E,0.8701,LPath
V600F,0.4338,Amb
V600G,0.7244,LPath
V600H,0.9393,LPath
V600I,0.1385,LBen
V600K,0.8706,LPath
V600L,0.5357,Amb
V600M,0.5896,LPath
V600N,0.9032,LPath
V600P,0.786,LPath
V600Q,0.8665,LPath
V600R,0.8149,LPath
V600S,0.8412,LPath
V600T,0.8102,LPath
V600W,0.9609,LPath
V600Y,0.8698,LPath
T601A,0.1956,LBen
T601C,0.5848,LPath
T601D,0.4628,Amb
T601E,0.4841,Amb
T601F,0.5217,Amb
T601G,0.349,Amb
T601H,0.3658,Amb
T601I,0.5739,LPath
T601K,0.312,LBen
T601L,0.2885,LBen
T601M,0.1856,LBen
T601N,0.1842,LBen
T601P,0.4626,Amb
T601Q,0.3632,Amb
T601R,0.2402,LBen
T601S,0.15,LBen
T601V,0.4189,Amb
T601W,0.7179,LPath
T601Y,0.4935,Amb
G602A,0.0793,LBen
G602C,0.2087,LBen
G602D,0.2104,LBen
G602E,0.1118,LBen
G602F,0.5356,Amb
G602H,0.3076,LBen
G602I,0.2271,LBen
G602K,0.2028,LBen
G602L,0.3563,Amb
G602M,0.3552,Amb
G602N,0.2687,LBen
G602P,0.5472,Amb
G602Q,0.1868,LBen
G602R,0.1629,LBen
G602S,0.0868,LBen
G602T,0.1011,LBen
G602V,0.1364,LBen
G602W,0.3536,Amb
G602Y,0.351,Amb
A603C,0.384,Amb
A603D,0.1161,LBen
A603E,0.1354,LBen
A603F,0.2555,LBen
A603G,0.1111,LBen
A603H,0.3027,LBen
A603I,0.2156,LBen
A603K,0.2311,LBen
A603L,0.1752,LBen
A603M,0.2152,LBen
A603N,0.1346,LBen
A603P,0.2262,LBen
A603Q,0.2099,LBen
A603R,0.2395,LBen
A603S,0.0848,LBen
A603T,0.0774,LBen
A603V,0.1214,LBen
A603W,0.5704,LPath
A603Y,0.3063,LBen
N604A,0.3602,Amb
N604C,0.3689,Amb
N604D,0.1653,LBen
N604E,0.593,LPath
N604F,0.7069,LPath
N604G,0.3882,Amb
N604H,0.1563,LBen
N604I,0.4174,Amb
N604K,0.5173,Amb
N604L,0.4131,Amb
N604M,0.538,Amb
N604P,0.7918,LPath
N604Q,0.5195,Amb
N604R,0.4811,Amb
N604S,0.0931,LBen
N604T,0.1788,LBen
N604V,0.3519,Amb
N604W,0.8612,LPath
N604Y,0.2725,LBen
L605A,0.8725,LPath
L605C,0.9146,LPath
L605D,0.9916,LPath
L605E,0.9651,LPath
L605F,0.3747,Amb
L605G,0.9789,LPath
L605H,0.9189,LPath
L605I,0.0718,LBen
L605K,0.9095,LPath
L605M,0.2175,LBen
L605N,0.9703,LPath
L605P,0.944,LPath
L605Q,0.9065,LPath
L605R,0.8657,LPath
L605S,0.9578,LPath
L605T,0.8515,LPath
L605V,0.1358,LBen
L605W,0.7197,LPath
L605Y,0.8449,LPath
M606A,0.6545,LPath
M606C,0.8913,LPath
M606D,0.9438,LPath
M606E,0.7521,LPath
M606F,0.4352,Amb
M606G,0.8404,LPath
M606H,0.7692,LPath
M606I,0.3944,Amb
M606K,0.3555,Amb
M606L,0.1237,LBen
M606N,0.8444,LPath
M606P,0.8433,LPath
M606Q,0.5276,Amb
M606R,0.3649,Amb
M606S,0.7702,LPath
M606T,0.476,Amb
M606V,0.1533,LBen
M606W,0.6313,LPath
M606Y,0.7588,LPath
D607A,0.1684,LBen
D607C,0.7127,LPath
D607E,0.1702,LBen
D607F,0.6665,LPath
D607G,0.1853,LBen
D607H,0.3175,LBen
D607I,0.566,LPath
D607K,0.4789,Amb
D607L,0.5095,Amb
D607M,0.6508,LPath
D607N,0.1277,LBen
D607P,0.9043,LPath
D607Q,0.3658,Amb
D607R,0.5011,Amb
D607S,0.1648,LBen
D607T,0.2993,LBen
D607V,0.3111,LBen
D607W,0.8983,LPath
D607Y,0.2616,LBen
I608A,0.6864,LPath
I608C,0.845,LPath
I608D,0.9138,LPath
I608E,0.8668,LPath
I608F,0.2927,LBen
I608G,0.9185,LPath
I608H,0.8103,LPath
I608K,0.7074,LPath
I608L,0.1586,LBen
I608M,0.1621,LBen
I608N,0.688,LPath
I608P,0.9803,LPath
I608Q,0.8119,LPath
I608R,0.6144,LPath
I608S,0.7248,LPath
I608T,0.5782,LPath
I608V,0.1045,LBen
I608W,0.8553,LPath
I608Y,0.6891,LPath
I609A,0.9134,LPath
I609C,0.9635,LPath
I609D,0.9934,LPath
I609E,0.9743,LPath
I609F,0.4338,Amb
I609G,0.9812,LPath
I609H,0.9599,LPath
I609K,0.9146,LPath
I609L,0.2462,LBen
I609M,0.3022,LBen
I609N,0.9557,LPath
I609P,0.9726,LPath
I609Q,0.9338,LPath
I609R,0.8594,LPath
I609S,0.9292,LPath
I609T,0.9274,LPath
I609V,0.3307,LBen
I609W,0.9174,LPath
I609Y,0.8778,LPath
R610A,0.5451,Amb
R610C,0.2708,LBen
R610D,0.8432,LPath
R610E,0.4186,Amb
R610F,0.6749,LPath
R610G,0.3245,LBen
R610H,0.1712,LBen
R610I,0.4432,Amb
R610K,0.0784,LBen
R610L,0.345,Amb
R610M,0.3767,Amb
R610N,0.7287,LPath
R610P,0.9231,LPath
R610Q,0.1074,LBen
R610S,0.6505,LPath
R610T,0.4349,Amb
R610V,0.5181,Amb
R610W,0.237,LBen
R610Y,0.541,Amb
K611A,0.5534,Amb
K611C,0.7224,LPath
K611D,0.7335,LPath
K611E,0.3371,LBen
K611F,0.8336,LPath
K611G,0.5477,Amb
K611H,0.3644,Amb
K611I,0.5431,Amb
K611L,0.4826,Amb
K611M,0.3838,Amb
K611N,0.5629,Amb
K611P,0.9136,LPath
K611Q,0.1622,LBen
K611R,0.0847,LBen
K611S,0.5936,LPath
K611T,0.3659,Amb
K611V,0.5523,Amb
K611W,0.7408,LPath
K611Y,0.6662,LPath
H612A,0.6485,LPath
H612C,0.3971,Amb
H612D,0.5442,Amb
H612E,0.5938,LPath
H612F,0.4933,Amb
H612G,0.5736,LPath
H612I,0.6781,LPath
H612K,0.4135,Amb
H612L,0.3965,Amb
H612M,0.739,LPath
H612N,0.2182,LBen
H612P,0.5434,Amb
H612Q,0.3823,Amb
H612R,0.2303,LBen
H612S,0.5542,Amb
H612T,0.6003,LPath
H612V,0.604,LPath
H612W,0.5063,Amb
H612Y,0.1526,LBen
D613A,0.1999,LBen
D613C,0.4835,Amb
D613E,0.1395,LBen
D613F,0.554,Amb
D613G,0.1427,LBen
D613H,0.1989,LBen
D613I,0.388,Amb
D613K,0.2584,LBen
D613L,0.4073,Amb
D613M,0.6086,LPath
D613N,0.1022,LBen
D613P,0.6463,LPath
D613Q,0.2205,LBen
D613R,0.2445,LBen
D613S,0.1136,LBen
D613T,0.2334,LBen
D613V,0.2565,LBen
D613W,0.7795,LPath
D613Y,0.2024,LBen
K614A,0.3249,LBen
K614C,0.5718,LPath
K614D,0.5066,Amb
K614E,0.1922,LBen
K614F,0.6392,LPath
K614G,0.3417,Amb
K614H,0.2563,LBen
K614I,0.3148,LBen
K614L,0.3451,Amb
K614M,0.2887,LBen
K614N,0.3992,Amb
K614P,0.6189,LPath
K614Q,0.1343,LBen
K614R,0.0692,LBen
K614S,0.3905,Amb
K614T,0.2021,LBen
K614V,0.3362,LBen
K614W,0.6081,LPath
K614Y,0.4986,Amb
S615A,0.088,LBen
S615C,0.0706,LBen
S615D,0.1632,LBen
S615E,0.2457,LBen
S615F,0.1773,LBen
S615G,0.0626,LBen
S615H,0.1423,LBen
S615I,0.11,LBen
S615K,0.2095,LBen
S615L,0.1262,LBen
S615M,0.162,LBen
S615N,0.0635,LBen
S615P,0.2076,LBen
S615Q,0.2051,LBen
S615R,0.1816,LBen
S615T,0.0743,LBen
S615V,0.1238,LBen
S615W,0.2053,LBen
S615Y,0.1165,LBen
N616A,0.0805,LBen
N616C,0.0869,LBen
N616D,0.0793,LBen
N616E,0.1586,LBen
N616F,0.1567,LBen
N616G,0.104,LBen
N616H,0.0568,LBen
N616I,0.0751,LBen
N616K,0.0996,LBen
N616L,0.0974,LBen
N616M,0.1642,LBen
N616P,0.1493,LBen
N616Q,0.1225,LBen
N616R,0.1043,LBen
N616S,0.0565,LBen
N616T,0.0638,LBen
N616V,0.0827,LBen
N616W,0.3212,LBen
N616Y,0.0681,LBen
S617A,0.0617,LBen
S617C,0.0688,LBen
S617D,0.2098,LBen
S617E,0.2795,LBen
S617F,0.0947,LBen
S617G,0.0866,LBen
S617H,0.1701,LBen
S617I,0.087,LBen
S617K,0.2981,LBen
S617L,0.0737,LBen
S617M,0.1495,LBen
S617N,0.0994,LBen
S617P,0.1011,LBen
S617Q,0.2429,LBen
S617R,0.2625,LBen
S617T,0.067,LBen
S617V,0.0999,LBen
S617W,0.1588,LBen
S617Y,0.0901,LBen
Q618A,0.1356,LBen
Q618C,0.3074,LBen
Q618D,0.222,LBen
Q618E,0.0865,LBen
Q618F,0.38,Amb
Q618G,0.138,LBen
Q618H,0.1235,LBen
Q618I,0.2277,LBen
Q618K,0.0708,LBen
Q618L,0.1149,LBen
Q618M,0.2412,LBen
Q618N,0.1728,LBen
Q618P,0.0953,LBen
Q618R,0.0754,LBen
Q618S,0.1439,LBen
Q618T,0.1315,LBen
Q618V,0.174,LBen
Q618W,0.2311,LBen
Q618Y,0.2406,LBen
K619A,0.2253,LBen
K619C,0.43,Amb
K619D,0.351,Amb
K619E,0.1306,LBen
K619F,0.5052,Amb
K619G,0.2411,LBen
K619H,0.2209,LBen
K619I,0.2423,LBen
K619L,0.2186,LBen
K619M,0.1848,LBen
K619N,0.2207,LBen
K619P,0.3588,Amb
K619Q,0.1002,LBen
K619R,0.072,LBen
K619S,0.242,LBen
K619T,0.1452,LBen
K619V,0.2284,LBen
K619W,0.5611,Amb
K619Y,0.3881,Amb
