protein_variant,am_pathogenicity,am_class
M1A,0.8499,LPath
M1C,0.6621,LPath
M1D,0.9963,LPath
M1E,0.9776,LPath
M1F,0.3765,Amb
M1G,0.8501,LPath
M1H,0.9469,LPath
M1I,0.8622,LPath
M1K,0.9153,LPath
M1L,0.3391,LBen
M1N,0.9598,LPath
M1P,0.9518,LPath
M1Q,0.7698,LPath
M1R,0.864,LPath
M1S,0.8755,LPath
M1T,0.9277,LPath
M1V,0.2643,LBen
M1W,0.829,LPath
M1Y,0.8505,LPath
N2A,0.6327,LPath
N2C,0.7293,LPath
N2D,0.7686,LPath
N2E,0.9389,LPath
N2F,0.8577,LPath
N2G,0.506,Amb
N2H,0.4719,Amb
N2I,0.775,LPath
N2K,0.9045,LPath
N2L,0.7433,LPath
N2M,0.7986,LPath
N2P,0.6997,LPath
N2Q,0.7624,LPath
N2R,0.866,LPath
N2S,0.2095,LBen
N2T,0.4755,Amb
N2V,0.7215,LPath
N2W,0.959,LPath
N2Y,0.61,LPath
W3A,0.9537,LPath
W3C,0.9792,LPath
W3D,0.9939,LPath
W3E,0.9955,LPath
W3F,0.3672,Amb
W3G,0.7476,LPath
W3H,0.9797,LPath
W3I,0.9507,LPath
W3K,0.995,LPath
W3L,0.8762,LPath
W3M,0.953,LPath
W3N,0.9825,LPath
W3P,0.9797,LPath
W3Q,0.9934,LPath
W3R,0.989,LPath
W3S,0.9277,LPath
W3T,0.96,LPath
W3V,0.9293,LPath
W3Y,0.6313,LPath
N4A,0.4923,Amb
N4C,0.5353,Amb
N4D,0.7426,LPath
N4E,0.8954,LPath
N4F,0.849,LPath
N4G,0.3066,LBen
N4H,0.2724,LBen
N4I,0.7548,LPath
N4K,0.8564,LPath
N4L,0.6824,LPath
N4M,0.7336,LPath
N4P,0.7217,LPath
N4Q,0.5925,LPath
N4R,0.8467,LPath
N4S,0.1136,LBen
N4T,0.3259,LBen
N4V,0.6491,LPath
N4W,0.9273,LPath
N4Y,0.5339,Amb
K5A,0.9292,LPath
K5C,0.9847,LPath
K5D,0.9802,LPath
K5E,0.9659,LPath
K5F,0.9916,LPath
K5G,0.8253,LPath
K5H,0.8868,LPath
K5I,0.9811,LPath
K5L,0.9646,LPath
K5M,0.965,LPath
K5N,0.9705,LPath
K5P,0.9274,LPath
K5Q,0.8039,LPath
K5R,0.1473,LBen
K5S,0.9419,LPath
K5T,0.9064,LPath
K5V,0.9617,LPath
K5W,0.9892,LPath
K5Y,0.978,LPath
G6A,0.6705,LPath
G6C,0.9364,LPath
G6D,0.9739,LPath
G6E,0.977,LPath
G6F,0.968,LPath
G6H,0.9834,LPath
G6I,0.9567,LPath
G6K,0.9878,LPath
G6L,0.9698,LPath
G6M,0.9759,LPath
G6N,0.9355,LPath
G6P,0.9723,LPath
G6Q,0.9726,LPath
G6R,0.9739,LPath
G6S,0.7151,LPath
G6T,0.8437,LPath
G6V,0.8901,LPath
G6W,0.97,LPath
G6Y,0.9599,LPath
G7A,0.3714,Amb
G7C,0.6293,LPath
G7D,0.9296,LPath
G7E,0.9192,LPath
G7F,0.784,LPath
G7H,0.9049,LPath
G7I,0.6319,LPath
G7K,0.9461,LPath
G7L,0.7565,LPath
G7M,0.8073,LPath
G7N,0.692,LPath
G7P,0.905,LPath
G7Q,0.8561,LPath
G7R,0.9145,LPath
G7S,0.2814,LBen
G7T,0.4813,Amb
G7V,0.5104,Amb
G7W,0.8751,LPath
G7Y,0.8344,LPath
P8A,0.0908,LBen
P8C,0.6224,LPath
P8D,0.6581,LPath
P8E,0.5176,Amb
P8F,0.5946,LPath
P8G,0.1611,LBen
P8H,0.3426,Amb
P8I,0.421,Amb
P8K,0.5727,LPath
P8L,0.2495,LBen
P8M,0.3844,Amb
P8N,0.2798,LBen
P8Q,0.2024,LBen
P8R,0.4977,Amb
P8S,0.1223,LBen
P8T,0.1174,LBen
P8V,0.2662,LBen
P8W,0.8399,LPath
P8Y,0.6453,LPath
G9A,0.1609,LBen
G9C,0.4148,Amb
G9D,0.8116,LPath
G9E,0.8026,LPath
G9F,0.7733,LPath
G9H,0.789,LPath
G9I,0.4971,Amb
G9K,0.9196,LPath
G9L,0.6036,LPath
G9M,0.6246,LPath
G9N,0.4053,Amb
G9P,0.7472,LPath
G9Q,0.6908,LPath
G9R,0.8788,LPath
G9S,0.1261,LBen
G9T,0.2038,LBen
G9V,0.2897,LBen
G9W,0.8462,LPath
G9Y,0.7852,LPath
T10A,0.065,LBen
T10C,0.3188,LBen
T10D,0.6868,LPath
T10E,0.6436,LPath
T10F,0.3513,Amb
T10G,0.0853,LBen
T10H,0.3394,LBen
T10I,0.2123,LBen
T10K,0.5453,Amb
T10L,0.1521,LBen
T10M,0.1444,LBen
T10N,0.1123,LBen
T10P,0.0979,LBen
T10Q,0.2533,LBen
T10R,0.5519,Amb
T10S,0.0762,LBen
T10V,0.1335,LBen
T10W,0.7318,LPath
T10Y,0.4531,Amb
K11A,0.8464,LPath
K11C,0.962,LPath
K11D,0.9638,LPath
K11E,0.9165,LPath
K11F,0.9888,LPath
K11G,0.7135,LPath
K11H,0.8091,LPath
K11I,0.956,LPath
K11L,0.9197,LPath
K11M,0.9313,LPath
K11N,0.9236,LPath
K11P,0.7024,LPath
K11Q,0.5066,Amb
K11R,0.1064,LBen
K11S,0.8569,LPath
K11T,0.8182,LPath
K11V,0.8986,LPath
K11W,0.9864,LPath
K11Y,0.9739,LPath
R12A,0.9631,LPath
R12C,0.9729,LPath
R12D,0.9836,LPath
R12E,0.9646,LPath
R12F,0.985,LPath
R12G,0.7567,LPath
R12H,0.882,LPath
R12I,0.9817,LPath
R12K,0.3953,Amb
R12L,0.9547,LPath
R12M,0.9819,LPath
R12N,0.9817,LPath
R12P,0.9214,LPath
R12Q,0.8127,LPath
R12S,0.9812,LPath
R12T,0.9704,LPath
R12V,0.9762,LPath
R12W,0.9546,LPath
R12Y,0.969,LPath
G13A,0.8747,LPath
G13C,0.971,LPath
G13D,0.9938,LPath
G13E,0.9966,LPath
G13F,0.9818,LPath
G13H,0.9935,LPath
G13I,0.9789,LPath
G13K,0.9963,LPath
G13L,0.987,LPath
G13M,0.991,LPath
G13N,0.9709,LPath
G13P,0.9884,LPath
G13Q,0.9912,LPath
G13R,0.9918,LPath
G13S,0.8395,LPath
G13T,0.931,LPath
G13V,0.9598,LPath
G13W,0.9868,LPath
G13Y,0.9789,LPath
F14A,0.9858,LPath
F14C,0.9924,LPath
F14D,0.9982,LPath
F14E,0.9984,LPath
F14G,0.9771,LPath
F14H,0.9954,LPath
F14I,0.9626,LPath
F14K,0.9972,LPath
F14L,0.9964,LPath
F14M,0.9718,LPath
F14N,0.9951,LPath
F14P,0.9982,LPath
F14Q,0.9962,LPath
F14R,0.9886,LPath
F14S,0.994,LPath
F14T,0.995,LPath
F14V,0.97,LPath
F14W,0.8935,LPath
F14Y,0.8555,LPath
G15A,0.6479,LPath
G15C,0.8976,LPath
G15D,0.9924,LPath
G15E,0.9944,LPath
G15F,0.973,LPath
G15H,0.9804,LPath
G15I,0.9496,LPath
G15K,0.995,LPath
G15L,0.9468,LPath
G15M,0.9757,LPath
G15N,0.9354,LPath
G15P,0.9765,LPath
G15Q,0.9578,LPath
G15R,0.9821,LPath
G15S,0.5638,Amb
G15T,0.81,LPath
G15V,0.8984,LPath
G15W,0.9816,LPath
G15Y,0.9751,LPath
F16A,0.9753,LPath
F16C,0.9785,LPath
F16D,0.9966,LPath
F16E,0.997,LPath
F16G,0.9553,LPath
F16H,0.9901,LPath
F16I,0.9395,LPath
F16K,0.995,LPath
F16L,0.995,LPath
F16M,0.9556,LPath
F16N,0.9904,LPath
F16P,0.997,LPath
F16Q,0.993,LPath
F16R,0.9829,LPath
F16S,0.9855,LPath
F16T,0.9884,LPath
F16V,0.935,LPath
F16W,0.8799,LPath
F16Y,0.6997,LPath
G17A,0.3086,LBen
G17C,0.714,LPath
G17D,0.9533,LPath
G17E,0.9457,LPath
G17F,0.9483,LPath
G17H,0.9223,LPath
G17I,0.8823,LPath
G17K,0.9684,LPath
G17L,0.8775,LPath
G17M,0.905,LPath
G17N,0.7927,LPath
G17P,0.8946,LPath
G17Q,0.8384,LPath
G17R,0.9279,LPath
G17S,0.2449,LBen
G17T,0.4289,Amb
G17V,0.7345,LPath
G17W,0.9422,LPath
G17Y,0.9459,LPath
G18A,0.4098,Amb
G18C,0.7633,LPath
G18D,0.9635,LPath
G18E,0.98,LPath
G18F,0.9628,LPath
G18H,0.9545,LPath
G18I,0.8935,LPath
G18K,0.9866,LPath
G18L,0.9337,LPath
G18M,0.9342,LPath
G18N,0.7785,LPath
G18P,0.9411,LPath
G18Q,0.9393,LPath
G18R,0.9679,LPath
G18S,0.2466,LBen
G18T,0.5453,Amb
G18V,0.7847,LPath
G18W,0.9686,LPath
G18Y,0.9505,LPath
F19A,0.9832,LPath
F19C,0.9831,LPath
F19D,0.9971,LPath
F19E,0.9972,LPath
F19G,0.9791,LPath
F19H,0.9904,LPath
F19I,0.9371,LPath
F19K,0.9959,LPath
F19L,0.9959,LPath
F19M,0.9621,LPath
F19N,0.9916,LPath
F19P,0.9979,LPath
F19Q,0.9929,LPath
F19R,0.9878,LPath
F19S,0.9898,LPath
F19T,0.9916,LPath
F19V,0.9412,LPath
F19W,0.9173,LPath
F19Y,0.7595,LPath
A20C,0.4874,Amb
A20D,0.7911,LPath
A20E,0.7665,LPath
A20F,0.5729,LPath
A20G,0.1416,LBen
A20H,0.636,LPath
A20I,0.4489,Amb
A20K,0.8689,LPath
A20L,0.3209,LBen
A20M,0.3518,Amb
A20N,0.3173,LBen
A20P,0.4528,Amb
A20Q,0.4582,Amb
A20R,0.8374,LPath
A20S,0.0815,LBen
A20T,0.1012,LBen
A20V,0.2079,LBen
A20W,0.9148,LPath
A20Y,0.7249,LPath
I21A,0.6189,LPath
I21C,0.8379,LPath
I21D,0.9773,LPath
I21E,0.9722,LPath
I21F,0.1758,LBen
I21G,0.843,LPath
I21H,0.9118,LPath
I21K,0.9437,LPath
I21L,0.0754,LBen
I21M,0.1301,LBen
I21N,0.8483,LPath
I21P,0.7303,LPath
I21Q,0.8916,LPath
I21R,0.8922,LPath
I21S,0.7667,LPath
I21T,0.8219,LPath
I21V,0.0836,LBen
I21W,0.8465,LPath
I21Y,0.741,LPath
S22A,0.054,LBen
S22C,0.1202,LBen
S22D,0.6289,LPath
S22E,0.7169,LPath
S22F,0.2958,LBen
S22G,0.0558,LBen
S22H,0.3697,Amb
S22I,0.2163,LBen
S22K,0.7354,LPath
S22L,0.1288,LBen
S22M,0.1726,LBen
S22N,0.132,LBen
S22P,0.1093,LBen
S22Q,0.4351,Amb
S22R,0.7275,LPath
S22T,0.0572,LBen
S22V,0.1471,LBen
S22W,0.5256,Amb
S22Y,0.3333,LBen
A23C,0.2498,LBen
A23D,0.4875,Amb
A23E,0.479,Amb
A23F,0.3269,LBen
A23G,0.0721,LBen
A23H,0.33,LBen
A23I,0.1794,LBen
A23K,0.5511,Amb
A23L,0.1328,LBen
A23M,0.1566,LBen
A23N,0.1564,LBen
A23P,0.0888,LBen
A23Q,0.2496,LBen
A23R,0.552,Amb
A23S,0.0746,LBen
A23T,0.0659,LBen
A23V,0.1051,LBen
A23W,0.6489,LPath
A23Y,0.4224,Amb
G24A,0.0957,LBen
G24C,0.1823,LBen
G24D,0.4494,Amb
G24E,0.4216,Amb
G24F,0.5777,LPath
G24H,0.4479,Amb
G24I,0.2425,LBen
G24K,0.6148,LPath
G24L,0.3296,LBen
G24M,0.3806,Amb
G24N,0.2313,LBen
G24P,0.4073,Amb
G24Q,0.3657,Amb
G24R,0.5129,Amb
G24S,0.0857,LBen
G24T,0.1054,LBen
G24V,0.14,LBen
G24W,0.5438,Amb
G24Y,0.514,Amb
K25A,0.6701,LPath
K25C,0.8695,LPath
K25D,0.8406,LPath
K25E,0.5925,LPath
K25F,0.9594,LPath
K25G,0.5512,Amb
K25H,0.5533,Amb
K25I,0.8195,LPath
K25L,0.7585,LPath
K25M,0.7421,LPath
K25N,0.73,LPath
K25P,0.6535,LPath
K25Q,0.2454,LBen
K25R,0.0865,LBen
K25S,0.6896,LPath
K25T,0.5712,LPath
K25V,0.7475,LPath
K25W,0.9308,LPath
K25Y,0.9046,LPath
K26A,0.788,LPath
K26C,0.9533,LPath
K26D,0.8861,LPath
K26E,0.6746,LPath
K26F,0.9826,LPath
K26G,0.7294,LPath
K26H,0.7211,LPath
K26I,0.884,LPath
K26L,0.8491,LPath
K26M,0.8114,LPath
K26N,0.8708,LPath
K26P,0.7839,LPath
K26Q,0.3706,Amb
K26R,0.1056,LBen
K26S,0.8641,LPath
K26T,0.6777,LPath
K26V,0.8267,LPath
K26W,0.9627,LPath
K26Y,0.9474,LPath
E27A,0.4032,Amb
E27C,0.953,LPath
E27D,0.1141,LBen
E27F,0.9625,LPath
E27G,0.348,Amb
E27H,0.842,LPath
E27I,0.7687,LPath
E27K,0.6367,LPath
E27L,0.7767,LPath
E27M,0.8379,LPath
E27N,0.5301,Amb
E27P,0.7236,LPath
E27Q,0.4132,Amb
E27R,0.7215,LPath
E27S,0.4681,Amb
E27T,0.5197,Amb
E27V,0.5382,Amb
E27W,0.9842,LPath
E27Y,0.9081,LPath
E28A,0.2897,LBen
E28C,0.9075,LPath
E28D,0.0828,LBen
E28F,0.8596,LPath
E28G,0.2859,LBen
E28H,0.7348,LPath
E28I,0.4979,Amb
E28K,0.5338,Amb
E28L,0.558,Amb
E28M,0.6541,LPath
E28N,0.3339,LBen
E28P,0.5709,LPath
E28Q,0.3103,LBen
E28R,0.6612,LPath
E28S,0.3339,LBen
E28T,0.3704,Amb
E28V,0.3365,LBen
E28W,0.9696,LPath
E28Y,0.7634,LPath
P29A,0.0839,LBen
P29C,0.4817,Amb
P29D,0.453,Amb
P29E,0.2934,LBen
P29F,0.5017,Amb
P29G,0.221,LBen
P29H,0.2121,LBen
P29I,0.2421,LBen
P29K,0.3277,LBen
P29L,0.1399,LBen
P29M,0.259,LBen
P29N,0.2224,LBen
P29Q,0.1364,LBen
P29R,0.2603,LBen
P29S,0.1287,LBen
P29T,0.0958,LBen
P29V,0.1552,LBen
P29W,0.6922,LPath
P29Y,0.4528,Amb
K30A,0.1864,LBen
K30C,0.4889,Amb
K30D,0.4627,Amb
K30E,0.2071,LBen
K30F,0.6047,LPath
K30G,0.2529,LBen
K30H,0.2049,LBen
K30I,0.2725,LBen
K30L,0.2373,LBen
K30M,0.2535,LBen
K30N,0.3381,LBen
K30P,0.259,LBen
K30Q,0.1011,LBen
K30R,0.0694,LBen
K30S,0.258,LBen
K30T,0.1486,LBen
K30V,0.2146,LBen
K30W,0.67,LPath
K30Y,0.5101,Amb
L31A,0.1367,LBen
L31C,0.373,Amb
L31D,0.4913,Amb
L31E,0.2716,LBen
L31F,0.112,LBen
L31G,0.2426,LBen
L31H,0.1773,LBen
L31I,0.0779,LBen
L31K,0.227,LBen
L31M,0.0892,LBen
L31N,0.1947,LBen
L31P,0.1223,LBen
L31Q,0.11,LBen
L31R,0.2053,LBen
L31S,0.1629,LBen
L31T,0.1383,LBen
L31V,0.0756,LBen
L31W,0.2428,LBen
L31Y,0.2297,LBen
P32A,0.0683,LBen
P32C,0.3698,Amb
P32D,0.4117,Amb
P32E,0.2727,LBen
P32F,0.405,Amb
P32G,0.177,LBen
P32H,0.1468,LBen
P32I,0.2247,LBen
P32K,0.3168,LBen
P32L,0.1266,LBen
P32M,0.2577,LBen
P32N,0.1743,LBen
P32Q,0.1092,LBen
P32R,0.2413,LBen
P32S,0.0811,LBen
P32T,0.0751,LBen
P32V,0.149,LBen
P32W,0.6054,LPath
P32Y,0.3799,Amb
Q33A,0.1164,LBen
Q33C,0.5314,Amb
Q33D,0.2846,LBen
Q33E,0.1008,LBen
Q33F,0.551,Amb
Q33G,0.1659,LBen
Q33H,0.1453,LBen
Q33I,0.2821,LBen
Q33K,0.1119,LBen
Q33L,0.1201,LBen
Q33M,0.2949,LBen
Q33N,0.1777,LBen
Q33P,0.077,LBen
Q33R,0.1269,LBen
Q33S,0.1148,LBen
Q33T,0.1259,LBen
Q33V,0.1678,LBen
Q33W,0.6177,LPath
Q33Y,0.3865,Amb
Q34A,0.0972,LBen
Q34C,0.5043,Amb
Q34D,0.2436,LBen
Q34E,0.1014,LBen
Q34F,0.5197,Amb
Q34G,0.1531,LBen
Q34H,0.1229,LBen
Q34I,0.2462,LBen
Q34K,0.1036,LBen
Q34L,0.1143,LBen
Q34M,0.2682,LBen
Q34N,0.1392,LBen
Q34P,0.0635,LBen
Q34R,0.1371,LBen
Q34S,0.1031,LBen
Q34T,0.0993,LBen
Q34V,0.1531,LBen
Q34W,0.6292,LPath
Q34Y,0.3488,Amb
S35A,0.0842,LBen
S35C,0.2076,LBen
S35D,0.7121,LPath
S35E,0.7167,LPath
S35F,0.4358,Amb
S35G,0.1303,LBen
S35H,0.5393,Amb
S35I,0.3581,Amb
S35K,0.8521,LPath
S35L,0.2091,LBen
S35M,0.3197,LBen
S35N,0.2507,LBen
S35P,0.1593,LBen
S35Q,0.5652,LPath
S35R,0.8668,LPath
S35T,0.0967,LBen
S35V,0.25,LBen
S35W,0.6755,LPath
S35Y,0.4401,Amb
H36A,0.3247,LBen
H36C,0.3494,Amb
H36D,0.4822,Amb
H36E,0.5766,LPath
H36F,0.4377,Amb
H36G,0.3212,LBen
H36I,0.5012,Amb
H36K,0.5133,Amb
H36L,0.2083,LBen
H36M,0.5729,LPath
H36N,0.1446,LBen
H36P,0.1406,LBen
H36Q,0.2645,LBen
H36R,0.2791,LBen
H36S,0.2313,LBen
H36T,0.3326,LBen
H36V,0.3725,Amb
H36W,0.6797,LPath
H36Y,0.2205,LBen
S37A,0.0974,LBen
S37C,0.1955,LBen
S37D,0.7642,LPath
S37E,0.8309,LPath
S37F,0.4445,Amb
S37G,0.1062,LBen
S37H,0.5516,Amb
S37I,0.372,Amb
S37K,0.9038,LPath
S37L,0.1925,LBen
S37M,0.3163,LBen
S37N,0.2491,LBen
S37P,0.251,LBen
S37Q,0.6762,LPath
S37R,0.8866,LPath
S37T,0.0835,LBen
S37V,0.2707,LBen
S37W,0.6643,LPath
S37Y,0.4486,Amb
A38C,0.5002,Amb
A38D,0.7446,LPath
A38E,0.7631,LPath
A38F,0.453,Amb
A38G,0.1611,LBen
A38H,0.5995,LPath
A38I,0.3132,LBen
A38K,0.8649,LPath
A38L,0.229,LBen
A38M,0.3123,LBen
A38N,0.313,LBen
A38P,0.2126,LBen
A38Q,0.5337,Amb
A38R,0.81,LPath
A38S,0.0839,LBen
A38T,0.091,LBen
A38V,0.1479,LBen
A38W,0.8936,LPath
A38Y,0.6419,LPath
F39A,0.5931,LPath
F39C,0.6137,LPath
F39D,0.9523,LPath
F39E,0.955,LPath
F39G,0.7632,LPath
F39H,0.8745,LPath
F39I,0.504,Amb
F39K,0.9591,LPath
F39L,0.9221,LPath
F39M,0.6775,LPath
F39N,0.8858,LPath
F39P,0.9241,LPath
F39Q,0.8979,LPath
F39R,0.9066,LPath
F39S,0.6102,LPath
F39T,0.693,LPath
F39V,0.4204,Amb
F39W,0.6007,LPath
F39Y,0.3869,Amb
G40A,0.1528,LBen
G40C,0.2902,LBen
G40D,0.7617,LPath
G40E,0.7349,LPath
G40F,0.7177,LPath
G40H,0.6372,LPath
G40I,0.4266,Amb
G40K,0.8435,LPath
G40L,0.4875,Amb
G40M,0.5828,LPath
G40N,0.481,Amb
G40P,0.6681,LPath
G40Q,0.5682,LPath
G40R,0.7194,LPath
G40S,0.1271,LBen
G40T,0.1797,LBen
G40V,0.2591,LBen
G40W,0.6991,LPath
G40Y,0.7045,LPath
A41C,0.3025,LBen
A41D,0.5132,Amb
A41E,0.5197,Amb
A41F,0.3005,LBen
A41G,0.0777,LBen
A41H,0.4237,Amb
A41I,0.2024,LBen
A41K,0.6595,LPath
A41L,0.1543,LBen
A41M,0.1856,LBen
A41N,0.1779,LBen
A41P,0.1166,LBen
A41Q,0.3495,Amb
A41R,0.6355,LPath
A41S,0.0767,LBen
A41T,0.068,LBen
A41V,0.1122,LBen
A41W,0.7084,LPath
A41Y,0.442,Amb
T42A,0.0568,LBen
T42C,0.2656,LBen
T42D,0.5257,Amb
T42E,0.5614,Amb
T42F,0.2685,LBen
T42G,0.0918,LBen
T42H,0.2453,LBen
T42I,0.2072,LBen
T42K,0.4826,Amb
T42L,0.127,LBen
T42M,0.1395,LBen
T42N,0.1061,LBen
T42P,0.0744,LBen
T42Q,0.2582,LBen
T42R,0.4579,Amb
T42S,0.0667,LBen
T42V,0.1294,LBen
T42W,0.6542,LPath
T42Y,0.3522,Amb
S43A,0.0729,LBen
S43C,0.1218,LBen
S43D,0.6633,LPath
S43E,0.7742,LPath
S43F,0.318,LBen
S43G,0.0541,LBen
S43H,0.416,Amb
S43I,0.24,LBen
S43K,0.858,LPath
S43L,0.1744,LBen
S43M,0.2706,LBen
S43N,0.1415,LBen
S43P,0.1188,LBen
S43Q,0.5358,Amb
S43R,0.8287,LPath
S43T,0.0751,LBen
S43V,0.1712,LBen
S43W,0.5748,LPath
S43Y,0.3729,Amb
S44A,0.0709,LBen
S44C,0.126,LBen
S44D,0.7323,LPath
S44E,0.8089,LPath
S44F,0.2473,LBen
S44G,0.0749,LBen
S44H,0.4233,Amb
S44I,0.2581,LBen
S44K,0.8765,LPath
S44L,0.1537,LBen
S44M,0.2464,LBen
S44N,0.1785,LBen
S44P,0.1048,LBen
S44Q,0.5499,Amb
S44R,0.8554,LPath
S44T,0.0713,LBen
S44V,0.1817,LBen
S44W,0.5445,Amb
S44Y,0.3314,LBen
S45A,0.0661,LBen
S45C,0.1157,LBen
S45D,0.7158,LPath
S45E,0.7994,LPath
S45F,0.2308,LBen
S45G,0.0684,LBen
S45H,0.4038,Amb
S45I,0.2244,LBen
S45K,0.8502,LPath
S45L,0.1423,LBen
S45M,0.2257,LBen
S45N,0.178,LBen
S45P,0.1087,LBen
S45Q,0.5203,Amb
S45R,0.839,LPath
S45T,0.0739,LBen
S45V,0.1552,LBen
S45W,0.514,Amb
S45Y,0.3086,LBen
S46A,0.0617,LBen
S46C,0.1096,LBen
S46D,0.7467,LPath
S46E,0.8191,LPath
S46F,0.2684,LBen
S46G,0.0585,LBen
S46H,0.4257,Amb
S46I,0.2417,LBen
S46K,0.8712,LPath
S46L,0.14,LBen
S46M,0.2201,LBen
S46N,0.1837,LBen
S46P,0.1235,LBen
S46Q,0.5479,Amb
S46R,0.8513,LPath
S46T,0.0752,LBen
S46V,0.1669,LBen
S46W,0.5,Amb
S46Y,0.3338,LBen
G47A,0.11,LBen
G47C,0.2059,LBen
G47D,0.7615,LPath
G47E,0.7764,LPath
G47F,0.6039,LPath
G47H,0.5979,LPath
G47I,0.3027,LBen
G47K,0.8867,LPath
G47L,0.4152,Amb
G47M,0.4524,Amb
G47N,0.3281,LBen
G47P,0.5673,LPath
G47Q,0.5939,LPath
G47R,0.8041,LPath
G47S,0.0875,LBen
G47T,0.1199,LBen
G47V,0.1758,LBen
G47W,0.6734,LPath
G47Y,0.5855,LPath
F48A,0.5438,Amb
F48C,0.4127,Amb
F48D,0.9002,LPath
F48E,0.9222,LPath
F48G,0.6475,LPath
F48H,0.7372,LPath
F48I,0.304,LBen
F48K,0.9159,LPath
F48L,0.8415,LPath
F48M,0.5152,Amb
F48N,0.7064,LPath
F48P,0.8761,LPath
F48Q,0.8247,LPath
F48R,0.8677,LPath
F48S,0.5178,Amb
F48T,0.5551,Amb
F48V,0.291,LBen
F48W,0.4704,Amb
F48Y,0.1465,LBen
G49A,0.1623,LBen
G49C,0.2545,LBen
G49D,0.8079,LPath
G49E,0.7798,LPath
G49F,0.7402,LPath
G49H,0.6297,LPath
G49I,0.4717,Amb
G49K,0.8943,LPath
G49L,0.4966,Amb
G49M,0.5997,LPath
G49N,0.4093,Amb
G49P,0.6615,LPath
G49Q,0.5586,Amb
G49R,0.7893,LPath
G49S,0.1058,LBen
G49T,0.1889,LBen
G49V,0.2978,LBen
G49W,0.6983,LPath
G49Y,0.7037,LPath
K50A,0.6308,LPath
K50C,0.8536,LPath
K50D,0.845,LPath
K50E,0.7201,LPath
K50F,0.9245,LPath
K50G,0.5151,Amb
K50H,0.48,Amb
K50I,0.808,LPath
K50L,0.7164,LPath
K50M,0.7126,LPath
K50N,0.6986,LPath
K50P,0.6363,LPath
K50Q,0.2883,LBen
K50R,0.0921,LBen
K50S,0.6341,LPath
K50T,0.5092,Amb
K50V,0.7369,LPath
K50W,0.9308,LPath
K50Y,0.8444,LPath
S51A,0.0664,LBen
S51C,0.1271,LBen
S51D,0.6836,LPath
S51E,0.7591,LPath
S51F,0.2833,LBen
S51G,0.0698,LBen
S51H,0.4071,Amb
S51I,0.193,LBen
S51K,0.8305,LPath
S51L,0.1354,LBen
S51M,0.1654,LBen
S51N,0.1107,LBen
S51P,0.1283,LBen
S51Q,0.4836,Amb
S51R,0.8475,LPath
S51T,0.0625,LBen
S51V,0.1435,LBen
S51W,0.5607,Amb
S51Y,0.3322,LBen
A52C,0.2995,LBen
A52D,0.6505,LPath
A52E,0.6101,LPath
A52F,0.3016,LBen
A52G,0.0807,LBen
A52H,0.4368,Amb
A52I,0.1591,LBen
A52K,0.7575,LPath
A52L,0.123,LBen
A52M,0.1611,LBen
A52N,0.1934,LBen
A52P,0.1179,LBen
A52Q,0.3015,LBen
A52R,0.7407,LPath
A52S,0.0761,LBen
A52T,0.0699,LBen
A52V,0.0892,LBen
A52W,0.7458,LPath
A52Y,0.4744,Amb
P53A,0.0517,LBen
P53C,0.3944,Amb
P53D,0.6771,LPath
P53E,0.5173,Amb
P53F,0.403,Amb
P53G,0.152,LBen
P53H,0.2173,LBen
P53I,0.1799,LBen
P53K,0.5629,Amb
P53L,0.1165,LBen
P53M,0.1836,LBen
P53N,0.2013,LBen
P53Q,0.129,LBen
P53R,0.4707,Amb
P53S,0.0714,LBen
P53T,0.0632,LBen
P53V,0.1125,LBen
P53W,0.7422,LPath
P53Y,0.4529,Amb
P54A,0.0586,LBen
P54C,0.4182,Amb
P54D,0.6929,LPath
P54E,0.5113,Amb
P54F,0.549,Amb
P54G,0.1663,LBen
P54H,0.2301,LBen
P54I,0.2851,LBen
P54K,0.5794,LPath
P54L,0.1503,LBen
P54M,0.2606,LBen
P54N,0.2316,LBen
P54Q,0.1219,LBen
P54R,0.4593,Amb
P54S,0.0823,LBen
P54T,0.0798,LBen
P54V,0.1559,LBen
P54W,0.7984,LPath
P54Y,0.545,Amb
Q55A,0.1369,LBen
Q55C,0.8038,LPath
Q55D,0.7446,LPath
Q55E,0.3173,LBen
Q55F,0.8212,LPath
Q55G,0.2537,LBen
Q55H,0.3338,LBen
Q55I,0.4321,Amb
Q55K,0.4478,Amb
Q55L,0.1882,LBen
Q55M,0.368,Amb
Q55N,0.2518,LBen
Q55P,0.0736,LBen
Q55R,0.4978,Amb
Q55S,0.1227,LBen
Q55T,0.1753,LBen
Q55V,0.2341,LBen
Q55W,0.9329,LPath
Q55Y,0.7232,LPath
L56A,0.4554,Amb
L56C,0.8187,LPath
L56D,0.9443,LPath
L56E,0.838,LPath
L56F,0.3084,LBen
L56G,0.6307,LPath
L56H,0.6161,LPath
L56I,0.1644,LBen
L56K,0.7211,LPath
L56M,0.1395,LBen
L56N,0.5452,Amb
L56P,0.4653,Amb
L56Q,0.4131,Amb
L56R,0.7079,LPath
L56S,0.5603,Amb
L56T,0.463,Amb
L56V,0.1706,LBen
L56W,0.6656,LPath
L56Y,0.6268,LPath
P57A,0.284,LBen
P57C,0.9218,LPath
P57D,0.9519,LPath
P57E,0.9095,LPath
P57F,0.9646,LPath
P57G,0.5326,Amb
P57H,0.6819,LPath
P57I,0.9316,LPath
P57K,0.931,LPath
P57L,0.7044,LPath
P57M,0.8828,LPath
P57N,0.7219,LPath
P57Q,0.5284,Amb
P57R,0.8418,LPath
P57S,0.3056,LBen
P57T,0.4344,Amb
P57V,0.78,LPath
P57W,0.9866,LPath
P57Y,0.95,LPath
S58A,0.0796,LBen
S58C,0.2415,LBen
S58D,0.9635,LPath
S58E,0.9733,LPath
S58F,0.7249,LPath
S58G,0.1419,LBen
S58H,0.8789,LPath
S58I,0.6621,LPath
S58K,0.9915,LPath
S58L,0.3392,LBen
S58M,0.4786,Amb
S58N,0.5175,Amb
S58P,0.3761,Amb
S58Q,0.8815,LPath
S58R,0.9881,LPath
S58T,0.1749,LBen
S58V,0.4222,Amb
S58W,0.9001,LPath
S58Y,0.767,LPath
F59A,0.9489,LPath
F59C,0.9132,LPath
F59D,0.9941,LPath
F59E,0.9954,LPath
F59G,0.9646,LPath
F59H,0.961,LPath
F59I,0.8171,LPath
F59K,0.9945,LPath
F59L,0.9864,LPath
F59M,0.9209,LPath
F59N,0.9696,LPath
F59P,0.9929,LPath
F59Q,0.9798,LPath
F59R,0.9779,LPath
F59S,0.9342,LPath
F59T,0.9618,LPath
F59V,0.7676,LPath
F59W,0.8736,LPath
F59Y,0.509,Amb
Y60A,0.9098,LPath
Y60C,0.5839,LPath
Y60D,0.9732,LPath
Y60E,0.9886,LPath
Y60F,0.2578,LBen
Y60G,0.7348,LPath
Y60H,0.8654,LPath
Y60I,0.9192,LPath
Y60K,0.9831,LPath
Y60L,0.7059,LPath
Y60M,0.9309,LPath
Y60N,0.8521,LPath
Y60P,0.897,LPath
Y60Q,0.9524,LPath
Y60R,0.9339,LPath
Y60S,0.6812,LPath
Y60T,0.9121,LPath
Y60V,0.7936,LPath
Y60W,0.7646,LPath
K61A,0.9618,LPath
K61C,0.975,LPath
K61D,0.9894,LPath
K61E,0.981,LPath
K61F,0.9944,LPath
K61G,0.9251,LPath
K61H,0.8012,LPath
K61I,0.9816,LPath
K61L,0.9609,LPath
K61M,0.9609,LPath
K61N,0.9711,LPath
K61P,0.9615,LPath
K61Q,0.7379,LPath
K61R,0.1339,LBen
K61S,0.9645,LPath
K61T,0.9252,LPath
K61V,0.9556,LPath
K61W,0.9912,LPath
K61Y,0.9799,LPath
I62A,0.8627,LPath
I62C,0.9903,LPath
I62D,0.9946,LPath
I62E,0.9882,LPath
I62F,0.622,LPath
I62G,0.9647,LPath
I62H,0.99,LPath
I62K,0.9822,LPath
I62L,0.4178,Amb
I62M,0.4343,Amb
I62N,0.9669,LPath
I62P,0.9055,LPath
I62Q,0.9804,LPath
I62R,0.9655,LPath
I62S,0.9481,LPath
I62T,0.8927,LPath
I62V,0.3098,LBen
I62W,0.9687,LPath
I62Y,0.9478,LPath
G63A,0.77,LPath
G63C,0.931,LPath
G63D,0.9957,LPath
G63E,0.9971,LPath
G63F,0.9842,LPath
G63H,0.9911,LPath
G63I,0.9749,LPath
G63K,0.9974,LPath
G63L,0.9754,LPath
G63M,0.9876,LPath
G63N,0.9714,LPath
G63P,0.9711,LPath
G63Q,0.9827,LPath
G63R,0.9904,LPath
G63S,0.6708,LPath
G63T,0.8947,LPath
G63V,0.9528,LPath
G63W,0.9892,LPath
G63Y,0.9907,LPath
S64A,0.2641,LBen
S64C,0.5302,Amb
S64D,0.98,LPath
S64E,0.9805,LPath
S64F,0.9188,LPath
S64G,0.2455,LBen
S64H,0.9096,LPath
S64I,0.8735,LPath
S64K,0.9861,LPath
S64L,0.6517,LPath
S64M,0.6785,LPath
S64N,0.652,LPath
S64P,0.8203,LPath
S64Q,0.8929,LPath
S64R,0.985,LPath
S64T,0.1365,LBen
S64V,0.7311,LPath
S64W,0.9406,LPath
S64Y,0.8922,LPath
K65A,0.9822,LPath
K65C,0.9911,LPath
K65D,0.9971,LPath
K65E,0.9929,LPath
K65F,0.9979,LPath
K65G,0.9728,LPath
K65H,0.9436,LPath
K65I,0.9904,LPath
K65L,0.9761,LPath
K65M,0.9833,LPath
K65N,0.994,LPath
K65P,0.9638,LPath
K65Q,0.888,LPath
K65R,0.1518,LBen
K65S,0.9853,LPath
K65T,0.974,LPath
K65V,0.977,LPath
K65W,0.9965,LPath
K65Y,0.9929,LPath
R66A,0.9943,LPath
R66C,0.9898,LPath
R66D,0.9969,LPath
R66E,0.991,LPath
R66F,0.9967,LPath
R66G,0.9809,LPath
R66H,0.9373,LPath
R66I,0.9929,LPath
R66K,0.7082,LPath
R66L,0.9832,LPath
R66M,0.9955,LPath
R66N,0.9969,LPath
R66P,0.9872,LPath
R66Q,0.9424,LPath
R66S,0.9976,LPath
R66T,0.9959,LPath
R66V,0.991,LPath
R66W,0.9818,LPath
R66Y,0.9909,LPath
A67C,0.8028,LPath
A67D,0.9553,LPath
A67E,0.9323,LPath
A67F,0.8923,LPath
A67G,0.3613,Amb
A67H,0.8746,LPath
A67I,0.819,LPath
A67K,0.9659,LPath
A67L,0.6194,LPath
A67M,0.719,LPath
A67N,0.648,LPath
A67P,0.3107,LBen
A67Q,0.687,LPath
A67R,0.9297,LPath
A67S,0.1695,LBen
A67T,0.3419,Amb
A67V,0.5268,Amb
A67W,0.9797,LPath
A67Y,0.9284,LPath
N68A,0.4454,Amb
N68C,0.5889,LPath
N68D,0.7459,LPath
N68E,0.9551,LPath
N68F,0.9038,LPath
N68G,0.5325,Amb
N68H,0.4196,Amb
N68I,0.5858,LPath
N68K,0.9474,LPath
N68L,0.5317,Amb
N68M,0.7206,LPath
N68P,0.705,LPath
N68Q,0.8227,LPath
N68R,0.9246,LPath
N68S,0.1231,LBen
N68T,0.2961,LBen
N68V,0.4154,Amb
N68W,0.9762,LPath
N68Y,0.657,LPath
F69A,0.9422,LPath
F69C,0.9601,LPath
F69D,0.9603,LPath
F69E,0.9768,LPath
F69G,0.9649,LPath
F69H,0.9585,LPath
F69I,0.7728,LPath
F69K,0.9858,LPath
F69L,0.9752,LPath
F69M,0.8432,LPath
F69N,0.9406,LPath
F69P,0.9961,LPath
F69Q,0.9684,LPath
F69R,0.9681,LPath
F69S,0.94,LPath
F69T,0.9337,LPath
F69V,0.781,LPath
F69W,0.8797,LPath
F69Y,0.538,Amb
D70A,0.96,LPath
D70C,0.9959,LPath
D70E,0.8621,LPath
D70F,0.9914,LPath
D70G,0.9497,LPath
D70H,0.9796,LPath
D70I,0.9924,LPath
D70K,0.9924,LPath
D70L,0.9656,LPath
D70M,0.9957,LPath
D70N,0.9012,LPath
D70P,0.9912,LPath
D70Q,0.9801,LPath
D70R,0.9808,LPath
D70S,0.9012,LPath
D70T,0.9742,LPath
D70V,0.973,LPath
D70W,0.9979,LPath
D70Y,0.9704,LPath
E71A,0.9397,LPath
E71C,0.9984,LPath
E71D,0.6859,LPath
E71F,0.9988,LPath
E71G,0.9249,LPath
E71H,0.9956,LPath
E71I,0.9918,LPath
E71K,0.967,LPath
E71L,0.988,LPath
E71M,0.9897,LPath
E71N,0.9808,LPath
E71P,0.9929,LPath
E71Q,0.9352,LPath
E71R,0.9743,LPath
E71S,0.9543,LPath
E71T,0.9651,LPath
E71V,0.9675,LPath
E71W,0.9994,LPath
E71Y,0.9971,LPath
E72A,0.9802,LPath
E72C,0.9993,LPath
E72D,0.8497,LPath
E72F,0.9995,LPath
E72G,0.9584,LPath
E72H,0.9991,LPath
E72I,0.9964,LPath
E72K,0.9914,LPath
E72L,0.9965,LPath
E72M,0.9968,LPath
E72N,0.9908,LPath
E72P,0.9974,LPath
E72Q,0.9805,LPath
E72R,0.9924,LPath
E72S,0.9884,LPath
E72T,0.9918,LPath
E72V,0.9886,LPath
E72W,0.9998,LPath
E72Y,0.9985,LPath
N73A,0.929,LPath
N73C,0.9622,LPath
N73D,0.809,LPath
N73E,0.9452,LPath
N73F,0.9816,LPath
N73G,0.9005,LPath
N73H,0.8474,LPath
N73I,0.9462,LPath
N73K,0.9865,LPath
N73L,0.9074,LPath
N73M,0.8976,LPath
N73P,0.9839,LPath
N73Q,0.9596,LPath
N73R,0.9873,LPath
N73S,0.6452,LPath
N73T,0.804,LPath
N73V,0.9162,LPath
N73W,0.9951,LPath
N73Y,0.8488,LPath
A74C,0.9139,LPath
A74D,0.9602,LPath
A74E,0.94,LPath
A74F,0.9187,LPath
A74G,0.7852,LPath
A74H,0.9564,LPath
A74I,0.9254,LPath
A74K,0.9897,LPath
A74L,0.7533,LPath
A74M,0.8788,LPath
A74N,0.8564,LPath
A74P,0.9717,LPath
A74Q,0.8973,LPath
A74R,0.9531,LPath
A74S,0.3313,LBen
A74T,0.7185,LPath
A74V,0.8178,LPath
A74W,0.988,LPath
A74Y,0.9283,LPath
Y75A,0.9948,LPath
Y75C,0.9866,LPath
Y75D,0.9925,LPath
Y75E,0.9988,LPath
Y75F,0.7273,LPath
Y75G,0.9903,LPath
Y75H,0.9983,LPath
Y75I,0.9875,LPath
Y75K,0.9998,LPath
Y75L,0.9694,LPath
Y75M,0.9942,LPath
Y75N,0.9894,LPath
Y75P,0.9937,LPath
Y75Q,0.9997,LPath
Y75R,0.9987,LPath
Y75S,0.9733,LPath
Y75T,0.9958,LPath
Y75V,0.9704,LPath
Y75W,0.9441,LPath
F76A,0.9969,LPath
F76C,0.9984,LPath
F76D,0.993,LPath
F76E,0.9927,LPath
F76G,0.996,LPath
F76H,0.9952,LPath
F76I,0.9937,LPath
F76K,0.9989,LPath
F76L,0.9989,LPath
F76M,0.9927,LPath
F76N,0.9963,LPath
F76P,0.9998,LPath
F76Q,0.996,LPath
F76R,0.9951,LPath
F76S,0.997,LPath
F76T,0.9978,LPath
F76V,0.9938,LPath
F76W,0.9662,LPath
F76Y,0.8993,LPath
E77A,0.933,LPath
E77C,0.9927,LPath
E77D,0.3369,LBen
E77F,0.9954,LPath
E77G,0.892,LPath
E77H,0.986,LPath
E77I,0.9874,LPath
E77K,0.9741,LPath
E77L,0.9752,LPath
E77M,0.9851,LPath
E77N,0.9486,LPath
E77P,0.993,LPath
E77Q,0.8862,LPath
E77R,0.9656,LPath
E77S,0.9237,LPath
E77T,0.9674,LPath
E77V,0.9606,LPath
E77W,0.9976,LPath
E77Y,0.991,LPath
D78A,0.8952,LPath
D78C,0.991,LPath
D78E,0.6172,LPath
D78F,0.981,LPath
D78G,0.8098,LPath
D78H,0.9787,LPath
D78I,0.969,LPath
D78K,0.979,LPath
D78L,0.9419,LPath
D78M,0.9721,LPath
D78N,0.7514,LPath
D78P,0.9908,LPath
D78Q,0.9587,LPath
D78R,0.9781,LPath
D78S,0.8397,LPath
D78T,0.9219,LPath
D78V,0.9003,LPath
D78W,0.9952,LPath
D78Y,0.9202,LPath
E79A,0.7306,LPath
E79C,0.9745,LPath
E79D,0.1034,LBen
E79F,0.9807,LPath
E79G,0.5912,LPath
E79H,0.9534,LPath
E79I,0.9225,LPath
E79K,0.8697,LPath
E79L,0.9066,LPath
E79M,0.9312,LPath
E79N,0.7172,LPath
E79P,0.9586,LPath
E79Q,0.7486,LPath
E79R,0.884,LPath
E79S,0.6938,LPath
E79T,0.7825,LPath
E79V,0.7982,LPath
E79W,0.9918,LPath
E79Y,0.9589,LPath
E80A,0.6148,LPath
E80C,0.9708,LPath
E80D,0.1094,LBen
E80F,0.9695,LPath
E80G,0.4637,Amb
E80H,0.9399,LPath
E80I,0.8734,LPath
E80K,0.8289,LPath
E80L,0.8404,LPath
E80M,0.8959,LPath
E80N,0.6685,LPath
E80P,0.9213,LPath
E80Q,0.6798,LPath
E80R,0.8662,LPath
E80S,0.6509,LPath
E80T,0.7161,LPath
E80V,0.6886,LPath
E80W,0.9896,LPath
E80Y,0.9377,LPath
E81A,0.4698,Amb
E81C,0.9531,LPath
E81D,0.0949,LBen
E81F,0.9496,LPath
E81G,0.3549,Amb
E81H,0.9008,LPath
E81I,0.7996,LPath
E81K,0.7252,LPath
E81L,0.8077,LPath
E81M,0.8478,LPath
E81N,0.5257,Amb
E81P,0.8666,LPath
E81Q,0.5695,LPath
E81R,0.8055,LPath
E81S,0.4945,Amb
E81T,0.5605,Amb
E81V,0.5858,LPath
E81W,0.9857,LPath
E81Y,0.9064,LPath
D82A,0.2061,LBen
D82C,0.6807,LPath
D82E,0.1205,LBen
D82F,0.684,LPath
D82G,0.1942,LBen
D82H,0.5171,Amb
D82I,0.4185,Amb
D82K,0.6064,LPath
D82L,0.4498,Amb
D82M,0.6086,LPath
D82N,0.1376,LBen
D82P,0.5817,LPath
D82Q,0.4273,Amb
D82R,0.6675,LPath
D82S,0.1395,LBen
D82T,0.2326,LBen
D82V,0.2386,LBen
D82W,0.9347,LPath
D82Y,0.3939,Amb
S83A,0.0834,LBen
S83C,0.1255,LBen
S83D,0.3977,Amb
S83E,0.5631,Amb
S83F,0.3283,LBen
S83G,0.0764,LBen
S83H,0.4014,Amb
S83I,0.2018,LBen
S83K,0.7785,LPath
S83L,0.1537,LBen
S83M,0.2237,LBen
S83N,0.107,LBen
S83P,0.2369,LBen
S83Q,0.5208,Amb
S83R,0.771,LPath
S83T,0.0703,LBen
S83V,0.1747,LBen
S83W,0.6364,LPath
S83Y,0.3425,Amb
S84A,0.0836,LBen
S84C,0.1461,LBen
S84D,0.4989,Amb
S84E,0.6122,LPath
S84F,0.41,Amb
S84G,0.0792,LBen
S84H,0.4931,Amb
S84I,0.2944,LBen
S84K,0.821,LPath
S84L,0.1699,LBen
S84M,0.2685,LBen
S84N,0.1428,LBen
S84P,0.2053,LBen
S84Q,0.5489,Amb
S84R,0.8095,LPath
S84T,0.0813,LBen
S84V,0.2233,LBen
S84W,0.6558,LPath
S84Y,0.427,Amb
N85A,0.1236,LBen
N85C,0.2054,LBen
N85D,0.1767,LBen
N85E,0.419,Amb
N85F,0.4956,Amb
N85G,0.1718,LBen
N85H,0.1318,LBen
N85I,0.1842,LBen
N85K,0.456,Amb
N85L,0.1998,LBen
N85M,0.2616,LBen
N85P,0.3108,LBen
N85Q,0.3279,LBen
N85R,0.4908,Amb
N85S,0.0607,LBen
N85T,0.077,LBen
N85V,0.142,LBen
N85W,0.8021,LPath
N85Y,0.2479,LBen
V86A,0.1412,LBen
V86C,0.6167,LPath
V86D,0.3367,LBen
V86E,0.3404,Amb
V86F,0.2072,LBen
V86G,0.1697,LBen
V86H,0.5313,Amb
V86I,0.0822,LBen
V86K,0.4828,Amb
V86L,0.186,LBen
V86M,0.1248,LBen
V86N,0.1859,LBen
V86P,0.42,Amb
V86Q,0.3265,LBen
V86R,0.4504,Amb
V86S,0.1616,LBen
V86T,0.1332,LBen
V86W,0.8042,LPath
V86Y,0.5519,Amb
D87A,0.4936,Amb
D87C,0.8966,LPath
D87E,0.1546,LBen
D87F,0.9114,LPath
D87G,0.538,Amb
D87H,0.7628,LPath
D87I,0.7723,LPath
D87K,0.8245,LPath
D87L,0.7427,LPath
D87M,0.8829,LPath
D87N,0.3124,LBen
D87P,0.8358,LPath
D87Q,0.6526,LPath
D87R,0.8385,LPath
D87S,0.357,Amb
D87T,0.5836,LPath
D87V,0.5783,LPath
D87W,0.9815,LPath
D87Y,0.7122,LPath
L88A,0.9196,LPath
L88C,0.9784,LPath
L88D,0.9933,LPath
L88E,0.976,LPath
L88F,0.858,LPath
L88G,0.9669,LPath
L88H,0.9706,LPath
L88I,0.5832,LPath
L88K,0.9298,LPath
L88M,0.5225,Amb
L88N,0.9603,LPath
L88P,0.9835,LPath
L88Q,0.9358,LPath
L88R,0.9223,LPath
L88S,0.97,LPath
L88T,0.9258,LPath
L88V,0.6623,LPath
L88W,0.9669,LPath
L88Y,0.9462,LPath
P89A,0.5392,Amb
P89C,0.9881,LPath
P89D,0.9745,LPath
P89E,0.928,LPath
P89F,0.9971,LPath
P89G,0.9541,LPath
P89H,0.9565,LPath
P89I,0.987,LPath
P89K,0.9819,LPath
P89L,0.88,LPath
P89M,0.9825,LPath
P89N,0.9731,LPath
P89Q,0.9097,LPath
P89R,0.9494,LPath
P89S,0.8717,LPath
P89T,0.9203,LPath
P89V,0.9553,LPath
P89W,0.9986,LPath
P89Y,0.9943,LPath
Y90A,0.9982,LPath
Y90C,0.9955,LPath
Y90D,0.9985,LPath
Y90E,0.9996,LPath
Y90F,0.8179,LPath
Y90G,0.9946,LPath
Y90H,0.9993,LPath
Y90I,0.9959,LPath
Y90K,0.9998,LPath
Y90L,0.9817,LPath
Y90M,0.998,LPath
Y90N,0.9971,LPath
Y90P,0.9951,LPath
Y90Q,0.9999,LPath
Y90R,0.999,LPath
Y90S,0.992,LPath
Y90T,0.9988,LPath
Y90V,0.9826,LPath
Y90W,0.9752,LPath
I91A,0.9924,LPath
I91C,0.9991,LPath
I91D,0.9991,LPath
I91E,0.9925,LPath
I91F,0.9333,LPath
I91G,0.9993,LPath
I91H,0.9975,LPath
I91K,0.9954,LPath
I91L,0.8799,LPath
I91M,0.8705,LPath
I91N,0.9908,LPath
I91P,0.9979,LPath
I91Q,0.9576,LPath
I91R,0.991,LPath
I91S,0.9902,LPath
I91T,0.9942,LPath
I91V,0.8162,LPath
I91W,0.9972,LPath
I91Y,0.9892,LPath
P92A,0.9728,LPath
P92C,0.9993,LPath
P92D,0.9995,LPath
P92E,0.9983,LPath
P92F,0.9997,LPath
P92G,0.9972,LPath
P92H,0.9985,LPath
P92I,0.9988,LPath
P92K,0.9988,LPath
P92L,0.9896,LPath
P92M,0.9989,LPath
P92N,0.9996,LPath
P92Q,0.9979,LPath
P92R,0.9958,LPath
P92S,0.9968,LPath
P92T,0.9969,LPath
P92V,0.9956,LPath
P92W,0.9998,LPath
P92Y,0.9996,LPath
A93C,0.9801,LPath
A93D,0.9979,LPath
A93E,0.9944,LPath
A93F,0.9892,LPath
A93G,0.9255,LPath
A93H,0.9943,LPath
A93I,0.9966,LPath
A93K,0.9982,LPath
A93L,0.9431,LPath
A93M,0.9853,LPath
A93N,0.9938,LPath
A93P,0.9697,LPath
A93Q,0.9869,LPath
A93R,0.9854,LPath
A93S,0.6969,LPath
A93T,0.9773,LPath
A93V,0.9818,LPath
A93W,0.9979,LPath
A93Y,0.9943,LPath
E94A,0.7008,LPath
E94C,0.9917,LPath
E94D,0.6361,LPath
E94F,0.9972,LPath
E94G,0.7621,LPath
E94H,0.978,LPath
E94I,0.9636,LPath
E94K,0.8437,LPath
E94L,0.9662,LPath
E94M,0.9761,LPath
E94N,0.916,LPath
E94P,0.8307,LPath
E94Q,0.6519,LPath
E94R,0.9087,LPath
E94S,0.7947,LPath
E94T,0.8976,LPath
E94V,0.8747,LPath
E94W,0.9989,LPath
E94Y,0.9932,LPath
N95A,0.8609,LPath
N95C,0.8939,LPath
N95D,0.5377,Amb
N95E,0.9289,LPath
N95F,0.962,LPath
N95G,0.6247,LPath
N95H,0.5443,Amb
N95I,0.9328,LPath
N95K,0.8945,LPath
N95L,0.8896,LPath
N95M,0.8962,LPath
N95P,0.9834,LPath
N95Q,0.889,LPath
N95R,0.9349,LPath
N95S,0.447,Amb
N95T,0.7025,LPath
N95V,0.9207,LPath
N95W,0.9919,LPath
N95Y,0.7144,LPath
S96A,0.9017,LPath
S96C,0.9727,LPath
S96D,0.9976,LPath
S96E,0.9978,LPath
S96F,0.998,LPath
S96G,0.9791,LPath
S96H,0.9884,LPath
S96I,0.9947,LPath
S96K,0.9997,LPath
S96L,0.9913,LPath
S96M,0.9958,LPath
S96N,0.9948,LPath
S96P,0.997,LPath
S96Q,0.9971,LPath
S96R,0.9996,LPath
S96T,0.9518,LPath
S96V,0.996,LPath
S96W,0.9938,LPath
S96Y,0.9934,LPath
P97A,0.9621,LPath
P97C,0.9988,LPath
P97D,0.9963,LPath
P97E,0.9926,LPath
P97F,0.9987,LPath
P97G,0.9902,LPath
P97H,0.9897,LPath
P97I,0.9944,LPath
P97K,0.992,LPath
P97L,0.9769,LPath
P97M,0.9969,LPath
P97N,0.9962,LPath
P97Q,0.9899,LPath
P97R,0.9765,LPath
P97S,0.987,LPath
P97T,0.986,LPath
P97V,0.9816,LPath
P97W,0.9993,LPath
P97Y,0.9981,LPath
T98A,0.5545,Amb
T98C,0.9758,LPath
T98D,0.9817,LPath
T98E,0.9735,LPath
T98F,0.9726,LPath
T98G,0.5448,Amb
T98H,0.9585,LPath
T98I,0.982,LPath
T98K,0.9623,LPath
T98L,0.8261,LPath
T98M,0.8095,LPath
T98N,0.891,LPath
T98P,0.8971,LPath
T98Q,0.9281,LPath
T98R,0.9494,LPath
T98S,0.4524,Amb
T98V,0.871,LPath
T98W,0.9942,LPath
T98Y,0.9747,LPath
R99A,0.9446,LPath
R99C,0.7879,LPath
R99D,0.9886,LPath
R99E,0.9272,LPath
R99F,0.9635,LPath
R99G,0.9028,LPath
R99H,0.565,LPath
R99I,0.9413,LPath
R99K,0.473,Amb
R99L,0.8551,LPath
R99M,0.9403,LPath
R99N,0.9742,LPath
R99P,0.9901,LPath
R99Q,0.5243,Amb
R99S,0.9677,LPath
R99T,0.9672,LPath
R99V,0.938,LPath
R99W,0.7819,LPath
R99Y,0.8442,LPath
Q100A,0.2645,LBen
Q100C,0.7388,LPath
Q100D,0.6132,LPath
Q100E,0.1382,LBen
Q100F,0.8388,LPath
Q100G,0.3927,Amb
Q100H,0.3356,LBen
Q100I,0.4504,Amb
Q100K,0.0913,LBen
Q100L,0.1567,LBen
Q100M,0.3771,Amb
Q100N,0.4059,Amb
Q100P,0.4955,Amb
Q100R,0.144,LBen
Q100S,0.3361,LBen
Q100T,0.2777,LBen
Q100V,0.2895,LBen
Q100W,0.8549,LPath
Q100Y,0.7098,LPath
Q101A,0.2481,LBen
Q101C,0.8362,LPath
Q101D,0.5218,Amb
Q101E,0.1514,LBen
Q101F,0.8697,LPath
Q101G,0.372,Amb
Q101H,0.3355,LBen
Q101I,0.539,Amb
Q101K,0.193,LBen
Q101L,0.2206,LBen
Q101M,0.4286,Amb
Q101N,0.2995,LBen
Q101P,0.3047,LBen
Q101R,0.2518,LBen
Q101S,0.2769,LBen
Q101T,0.2632,LBen
Q101V,0.3712,Amb
Q101W,0.9155,LPath
Q101Y,0.7297,LPath
F102A,0.5213,Amb
F102C,0.274,LBen
F102D,0.7448,LPath
F102E,0.7431,LPath
F102G,0.6238,LPath
F102H,0.4922,Amb
F102I,0.2138,LBen
F102K,0.7725,LPath
F102L,0.704,LPath
F102M,0.2438,LBen
F102N,0.4822,Amb
F102P,0.9215,LPath
F102Q,0.5245,Amb
F102R,0.7047,LPath
F102S,0.412,Amb
F102T,0.5336,Amb
F102V,0.229,LBen
F102W,0.4417,Amb
F102Y,0.1412,LBen
H103A,0.1011,LBen
H103C,0.117,LBen
H103D,0.1133,LBen
H103E,0.1459,LBen
H103F,0.2649,LBen
H103G,0.1297,LBen
H103I,0.1506,LBen
H103K,0.1129,LBen
H103L,0.0852,LBen
H103M,0.2407,LBen
H103N,0.0569,LBen
H103P,0.1136,LBen
H103Q,0.075,LBen
H103R,0.0749,LBen
H103S,0.0825,LBen
H103T,0.0942,LBen
H103V,0.1128,LBen
H103W,0.44,Amb
H103Y,0.1183,LBen
S104A,0.0663,LBen
S104C,0.1025,LBen
S104D,0.3207,LBen
S104E,0.3684,Amb
S104F,0.2386,LBen
S104G,0.0755,LBen
S104H,0.2489,LBen
S104I,0.1766,LBen
S104K,0.4396,Amb
S104L,0.0993,LBen
S104M,0.1664,LBen
S104N,0.114,LBen
S104P,0.1356,LBen
S104Q,0.2994,LBen
S104R,0.4547,Amb
S104T,0.0724,LBen
S104V,0.1343,LBen
S104W,0.4416,Amb
S104Y,0.2282,LBen
K105A,0.3174,LBen
K105C,0.6875,LPath
K105D,0.5116,Amb
K105E,0.2428,LBen
K105F,0.8301,LPath
K105G,0.3251,LBen
K105H,0.3061,LBen
K105I,0.4676,Amb
K105L,0.4028,Amb
K105M,0.3719,Amb
K105N,0.3853,Amb
K105P,0.481,Amb
K105Q,0.1215,LBen
K105R,0.0928,LBen
K105S,0.3299,LBen
K105T,0.2062,LBen
K105V,0.3904,Amb
K105W,0.8834,LPath
K105Y,0.7405,LPath
P106A,0.0484,LBen
P106C,0.241,LBen
P106D,0.1796,LBen
P106E,0.1509,LBen
P106F,0.3346,LBen
P106G,0.1003,LBen
P106H,0.1152,LBen
P106I,0.1714,LBen
P106K,0.1567,LBen
P106L,0.1039,LBen
P106M,0.1455,LBen
P106N,0.1032,LBen
P106Q,0.0894,LBen
P106R,0.1512,LBen
P106S,0.0617,LBen
P106T,0.0519,LBen
P106V,0.1072,LBen
P106W,0.5459,Amb
P106Y,0.3152,LBen
V107A,0.0543,LBen
V107C,0.3373,LBen
V107D,0.1072,LBen
V107E,0.1172,LBen
V107F,0.1297,LBen
V107G,0.0611,LBen
V107H,0.2041,LBen
V107I,0.0805,LBen
V107K,0.1449,LBen
V107L,0.0923,LBen
V107M,0.0853,LBen
V107N,0.0716,LBen
V107P,0.1329,LBen
V107Q,0.1111,LBen
V107R,0.1579,LBen
V107S,0.0546,LBen
V107T,0.0658,LBen
V107W,0.5783,LPath
V107Y,0.3284,LBen
D108A,0.1815,LBen
D108C,0.6146,LPath
D108E,0.1312,LBen
D108F,0.6754,LPath
D108G,0.1633,LBen
D108H,0.4263,Amb
D108I,0.4169,Amb
D108K,0.5599,Amb
D108L,0.4322,Amb
D108M,0.6251,LPath
D108N,0.1422,LBen
D108P,0.5383,Amb
D108Q,0.3816,Amb
D108R,0.5812,LPath
D108S,0.1267,LBen
D108T,0.2417,LBen
D108V,0.2399,LBen
D108W,0.9309,LPath
D108Y,0.3958,Amb
S109A,0.1602,LBen
S109C,0.3362,LBen
S109D,0.5514,Amb
S109E,0.7138,LPath
S109F,0.7431,LPath
S109G,0.1629,LBen
S109H,0.7825,LPath
S109I,0.6463,LPath
S109K,0.944,LPath
S109L,0.3333,LBen
S109M,0.4785,Amb
S109N,0.3622,Amb
S109P,0.5629,Amb
S109Q,0.8339,LPath
S109R,0.9474,LPath
S109T,0.1057,LBen
S109V,0.482,Amb
S109W,0.881,LPath
S109Y,0.7091,LPath
D110A,0.6971,LPath
D110C,0.9492,LPath
D110E,0.5105,Amb
D110F,0.9508,LPath
D110G,0.6022,LPath
D110H,0.8984,LPath
D110I,0.9224,LPath
D110K,0.9465,LPath
D110L,0.902,LPath
D110M,0.9632,LPath
D110N,0.4621,Amb
D110P,0.9482,LPath
D110Q,0.8913,LPath
D110R,0.9389,LPath
D110S,0.4443,Amb
D110T,0.7745,LPath
D110V,0.7973,LPath
D110W,0.9937,LPath
D110Y,0.8321,LPath
S111A,0.2507,LBen
S111C,0.4835,Amb
S111D,0.6078,LPath
S111E,0.765,LPath
S111F,0.8887,LPath
S111G,0.249,LBen
S111H,0.892,LPath
S111I,0.8489,LPath
S111K,0.9841,LPath
S111L,0.5372,Amb
S111M,0.6618,LPath
S111N,0.5931,LPath
S111P,0.8634,LPath
S111Q,0.9179,LPath
S111R,0.9837,LPath
S111T,0.1952,LBen
S111V,0.7364,LPath
S111W,0.9425,LPath
S111Y,0.8694,LPath
D112A,0.554,Amb
D112C,0.902,LPath
D112E,0.1238,LBen
D112F,0.9512,LPath
D112G,0.5176,Amb
D112H,0.8589,LPath
D112I,0.873,LPath
D112K,0.8423,LPath
D112L,0.811,LPath
D112M,0.9164,LPath
D112N,0.4107,Amb
D112P,0.9365,LPath
D112Q,0.7375,LPath
D112R,0.8675,LPath
D112S,0.3576,Amb
D112T,0.6334,LPath
D112V,0.6913,LPath
D112W,0.9874,LPath
D112Y,0.8246,LPath
D113A,0.6498,LPath
D113C,0.9422,LPath
D113E,0.2163,LBen
D113F,0.9461,LPath
D113G,0.7032,LPath
D113H,0.897,LPath
D113I,0.7726,LPath
D113K,0.896,LPath
D113L,0.8118,LPath
D113M,0.9133,LPath
D113N,0.5045,Amb
D113P,0.9609,LPath
D113Q,0.8371,LPath
D113R,0.9167,LPath
D113S,0.5476,Amb
D113T,0.7129,LPath
D113V,0.5868,LPath
D113W,0.9907,LPath
D113Y,0.7958,LPath
D114A,0.996,LPath
D114C,0.9989,LPath
D114E,0.9951,LPath
D114F,0.9987,LPath
D114G,0.9979,LPath
D114H,0.9976,LPath
D114I,0.9984,LPath
D114K,0.999,LPath
D114L,0.9927,LPath
D114M,0.9994,LPath
D114N,0.9856,LPath
D114P,0.9982,LPath
D114Q,0.9993,LPath
D114R,0.9987,LPath
D114S,0.9921,LPath
D114T,0.9987,LPath
D114V,0.9964,LPath
D114W,0.9998,LPath
D114Y,0.9896,LPath
P115A,0.8429,LPath
P115C,0.997,LPath
P115D,0.9841,LPath
P115E,0.9522,LPath
P115F,0.9991,LPath
P115G,0.9838,LPath
P115H,0.9792,LPath
P115I,0.9935,LPath
P115K,0.9885,LPath
P115L,0.9755,LPath
P115M,0.9936,LPath
P115N,0.9909,LPath
P115Q,0.968,LPath
P115R,0.9764,LPath
P115S,0.9456,LPath
P115T,0.9485,LPath
P115V,0.9771,LPath
P115W,0.9995,LPath
P115Y,0.998,LPath
L116A,0.9952,LPath
L116C,0.9999,LPath
L116D,0.9999,LPath
L116E,0.9991,LPath
L116F,0.9985,LPath
L116G,0.9993,LPath
L116H,0.9999,LPath
L116I,0.9709,LPath
L116K,0.9987,LPath
L116M,0.966,LPath
L116N,0.9998,LPath
L116P,0.9997,LPath
L116Q,0.9998,LPath
L116R,0.9988,LPath
L116S,0.9998,LPath
L116T,0.9956,LPath
L116V,0.9795,LPath
L116W,0.9994,LPath
L116Y,0.9997,LPath
E117A,0.9454,LPath
E117C,0.9985,LPath
E117D,0.1917,LBen
E117F,0.9993,LPath
E117G,0.9632,LPath
E117H,0.9954,LPath
E117I,0.9968,LPath
E117K,0.9884,LPath
E117L,0.9874,LPath
E117M,0.9939,LPath
E117N,0.9719,LPath
E117P,0.9982,LPath
E117Q,0.9586,LPath
E117R,0.987,LPath
E117S,0.9613,LPath
E117T,0.9885,LPath
E117V,0.9848,LPath
E117W,0.9995,LPath
E117Y,0.9971,LPath
A118C,0.9532,LPath
A118D,0.9674,LPath
A118E,0.8614,LPath
A118F,0.96,LPath
A118G,0.8415,LPath
A118H,0.9414,LPath
A118I,0.9169,LPath
A118K,0.9231,LPath
A118L,0.7052,LPath
A118M,0.7349,LPath
A118N,0.8822,LPath
A118P,0.9994,LPath
A118Q,0.6483,LPath
A118R,0.8886,LPath
A118S,0.4352,Amb
A118T,0.6713,LPath
A118V,0.7449,LPath
A118W,0.9961,LPath
A118Y,0.9641,LPath
F119A,0.9995,LPath
F119C,0.9997,LPath
F119D,0.9998,LPath
F119E,0.9998,LPath
F119G,0.9998,LPath
F119H,0.9989,LPath
F119I,0.9987,LPath
F119K,0.9997,LPath
F119L,0.9999,LPath
F119M,0.9988,LPath
F119N,0.9998,LPath
F119P,1.0,LPath
F119Q,0.9998,LPath
F119R,0.9989,LPath
F119S,0.9998,LPath
F119T,0.9999,LPath
F119V,0.9977,LPath
F119W,0.9842,LPath
F119Y,0.5551,Amb
M120A,0.9996,LPath
M120C,0.9991,LPath
M120D,1.0,LPath
M120E,0.9997,LPath
M120F,0.9892,LPath
M120G,0.9999,LPath
M120H,0.9994,LPath
M120I,0.9997,LPath
M120K,0.9991,LPath
M120L,0.9637,LPath
M120N,0.9999,LPath
M120P,1.0,LPath
M120Q,0.9968,LPath
M120R,0.999,LPath
M120S,0.9997,LPath
M120T,0.9998,LPath
M120V,0.9937,LPath
M120W,0.9992,LPath
M120Y,0.9994,LPath
A121C,0.9395,LPath
A121D,0.9655,LPath
A121E,0.8382,LPath
A121F,0.9502,LPath
A121G,0.7574,LPath
A121H,0.9319,LPath
A121I,0.9374,LPath
A121K,0.912,LPath
A121L,0.6719,LPath
A121M,0.714,LPath
A121N,0.8848,LPath
A121P,0.9997,LPath
A121Q,0.6216,LPath
A121R,0.8136,LPath
A121S,0.406,Amb
A121T,0.6741,LPath
A121V,0.7474,LPath
A121W,0.992,LPath
A121Y,0.9594,LPath
E122A,0.3825,Amb
E122C,0.9823,LPath
E122D,0.5037,Amb
E122F,0.991,LPath
E122G,0.4577,Amb
E122H,0.897,LPath
E122I,0.9311,LPath
E122K,0.5924,LPath
E122L,0.9054,LPath
E122M,0.8736,LPath
E122N,0.7074,LPath
E122P,0.9979,LPath
E122Q,0.2828,LBen
E122R,0.7747,LPath
E122S,0.4821,Amb
E122T,0.5711,LPath
E122V,0.7432,LPath
E122W,0.9979,LPath
E122Y,0.9783,LPath
V123A,0.9839,LPath
V123C,0.9962,LPath
V123D,0.9988,LPath
V123E,0.9922,LPath
V123F,0.9865,LPath
V123G,0.977,LPath
V123H,0.9985,LPath
V123I,0.509,Amb
V123K,0.9931,LPath
V123L,0.9779,LPath
V123M,0.9524,LPath
V123N,0.9914,LPath
V123P,0.9993,LPath
V123Q,0.9907,LPath
V123R,0.9877,LPath
V123S,0.9924,LPath
V123T,0.9714,LPath
V123W,0.9986,LPath
V123Y,0.9957,LPath
E124A,0.8962,LPath
E124C,0.9962,LPath
E124D,0.9093,LPath
E124F,0.999,LPath
E124G,0.9019,LPath
E124H,0.9861,LPath
E124I,0.9942,LPath
E124K,0.945,LPath
E124L,0.9906,LPath
E124M,0.9889,LPath
E124N,0.9462,LPath
E124P,0.9993,LPath
E124Q,0.787,LPath
E124R,0.953,LPath
E124S,0.902,LPath
E124T,0.9267,LPath
E124V,0.964,LPath
E124W,0.9993,LPath
E124Y,0.9966,LPath
D125A,0.3093,LBen
D125C,0.8832,LPath
D125E,0.2887,LBen
D125F,0.8515,LPath
D125G,0.336,LBen
D125H,0.5725,LPath
D125I,0.7433,LPath
D125K,0.6379,LPath
D125L,0.6581,LPath
D125M,0.8116,LPath
D125N,0.1773,LBen
D125P,0.9961,LPath
D125Q,0.4916,Amb
D125R,0.7026,LPath
D125S,0.204,LBen
D125T,0.4215,Amb
D125V,0.4634,Amb
D125W,0.9743,LPath
D125Y,0.5264,Amb
Q126A,0.6175,LPath
Q126C,0.9957,LPath
Q126D,0.9689,LPath
Q126E,0.3782,Amb
Q126F,0.9955,LPath
Q126G,0.9236,LPath
Q126H,0.9405,LPath
Q126I,0.9367,LPath
Q126K,0.5161,Amb
Q126L,0.8402,LPath
Q126M,0.8154,LPath
Q126N,0.9066,LPath
Q126P,0.9977,LPath
Q126R,0.6569,LPath
Q126S,0.8041,LPath
Q126T,0.5462,Amb
Q126V,0.7987,LPath
Q126W,0.997,LPath
Q126Y,0.9944,LPath
A127C,0.9837,LPath
A127D,0.9993,LPath
A127E,0.9944,LPath
A127F,0.9814,LPath
A127G,0.964,LPath
A127H,0.993,LPath
A127I,0.9745,LPath
A127K,0.9969,LPath
A127L,0.8665,LPath
A127M,0.9454,LPath
A127N,0.9966,LPath
A127P,0.999,LPath
A127Q,0.9873,LPath
A127R,0.9852,LPath
A127S,0.91,LPath
A127T,0.9608,LPath
A127V,0.807,LPath
A127W,0.9986,LPath
A127Y,0.9907,LPath
A128C,0.8037,LPath
A128D,0.9148,LPath
A128E,0.6665,LPath
A128F,0.7866,LPath
A128G,0.5058,Amb
A128H,0.7705,LPath
A128I,0.6295,LPath
A128K,0.765,LPath
A128L,0.4183,Amb
A128M,0.5013,Amb
A128N,0.6819,LPath
A128P,0.9969,LPath
A128Q,0.4233,Amb
A128R,0.635,LPath
A128S,0.1804,LBen
A128T,0.2711,LBen
A128V,0.3483,Amb
A128W,0.9711,LPath
A128Y,0.8621,LPath
R129A,0.6003,LPath
R129C,0.3797,Amb
R129D,0.914,LPath
R129E,0.5766,LPath
R129F,0.8719,LPath
R129G,0.6078,LPath
R129H,0.2084,LBen
R129I,0.5298,Amb
R129K,0.0845,LBen
R129L,0.4049,Amb
R129M,0.4797,Amb
R129N,0.8126,LPath
R129P,0.9929,LPath
R129Q,0.1359,LBen
R129S,0.7702,LPath
R129T,0.5243,Amb
R129V,0.5697,LPath
R129W,0.5656,LPath
R129Y,0.7692,LPath
D130A,0.9845,LPath
D130C,0.9992,LPath
D130E,0.9269,LPath
D130F,0.9959,LPath
D130G,0.9886,LPath
D130H,0.99,LPath
D130I,0.9966,LPath
D130K,0.9943,LPath
D130L,0.9899,LPath
D130M,0.9976,LPath
D130N,0.9503,LPath
D130P,0.9998,LPath
D130Q,0.9858,LPath
D130R,0.9947,LPath
D130S,0.9826,LPath
D130T,0.9935,LPath
D130V,0.9851,LPath
D130W,0.9992,LPath
D130Y,0.9715,LPath
M131A,0.8655,LPath
M131C,0.9448,LPath
M131D,0.9927,LPath
M131E,0.9277,LPath
M131F,0.7797,LPath
M131G,0.9658,LPath
M131H,0.9383,LPath
M131I,0.6139,LPath
M131K,0.6449,LPath
M131L,0.213,LBen
M131N,0.9366,LPath
M131P,0.998,LPath
M131Q,0.6802,LPath
M131R,0.6982,LPath
M131S,0.9159,LPath
M131T,0.8302,LPath
M131V,0.2041,LBen
M131W,0.9452,LPath
M131Y,0.937,LPath
K132A,0.5893,LPath
K132C,0.8321,LPath
K132D,0.9203,LPath
K132E,0.4764,Amb
K132F,0.9427,LPath
K132G,0.7379,LPath
K132H,0.4745,Amb
K132I,0.6319,LPath
K132L,0.5187,Amb
K132M,0.4662,Amb
K132N,0.7919,LPath
K132P,0.9828,LPath
K132Q,0.1451,LBen
K132R,0.0761,LBen
K132S,0.764,LPath
K132T,0.5185,Amb
K132V,0.5627,Amb
K132W,0.9213,LPath
K132Y,0.8839,LPath
R133A,0.5547,Amb
R133C,0.3282,LBen
R133D,0.8336,LPath
R133E,0.5586,Amb
R133F,0.7535,LPath
R133G,0.519,Amb
R133H,0.1565,LBen
R133I,0.3523,Amb
R133K,0.0957,LBen
R133L,0.2896,LBen
R133M,0.3687,Amb
R133N,0.6904,LPath
R133P,0.9676,LPath
R133Q,0.1399,LBen
R133S,0.699,LPath
R133T,0.4512,Amb
R133V,0.4329,Amb
R133W,0.4762,Amb
R133Y,0.6006,LPath
L134A,0.6007,LPath
L134C,0.9208,LPath
L134D,0.9724,LPath
L134E,0.8086,LPath
L134F,0.6158,LPath
L134G,0.8893,LPath
L134H,0.7851,LPath
L134I,0.2073,LBen
L134K,0.7243,LPath
L134M,0.1638,LBen
L134N,0.8547,LPath
L134P,0.9602,LPath
L134Q,0.5078,Amb
L134R,0.6944,LPath
L134S,0.8049,LPath
L134T,0.7196,LPath
L134V,0.2565,LBen
L134W,0.7435,LPath
L134Y,0.8494,LPath
E135A,0.3045,LBen
E135C,0.9547,LPath
E135D,0.1749,LBen
E135F,0.9544,LPath
E135G,0.3392,LBen
E135H,0.8014,LPath
E135I,0.7329,LPath
E135K,0.5654,LPath
E135L,0.6473,LPath
E135M,0.7759,LPath
E135N,0.5763,LPath
E135P,0.9402,LPath
E135Q,0.3025,LBen
E135R,0.663,LPath
E135S,0.4235,Amb
E135T,0.5405,Amb
E135V,0.5052,Amb
E135W,0.9803,LPath
E135Y,0.9094,LPath
E136A,0.2149,LBen
E136C,0.8258,LPath
E136D,0.0722,LBen
E136F,0.8051,LPath
E136G,0.1986,LBen
E136H,0.623,LPath
E136I,0.408,Amb
E136K,0.3869,Amb
E136L,0.42,Amb
E136M,0.5196,Amb
E136N,0.2352,LBen
E136P,0.8621,LPath
E136Q,0.2464,LBen
E136R,0.5537,Amb
E136S,0.2475,LBen
E136T,0.3075,LBen
E136V,0.2657,LBen
E136W,0.9259,LPath
E136Y,0.6554,LPath
K137A,0.709,LPath
K137C,0.9535,LPath
K137D,0.8272,LPath
K137E,0.5152,Amb
K137F,0.9816,LPath
K137G,0.7323,LPath
K137H,0.6541,LPath
K137I,0.8153,LPath
K137L,0.7814,LPath
K137M,0.6855,LPath
K137N,0.7589,LPath
K137P,0.9397,LPath
K137Q,0.2988,LBen
K137R,0.1199,LBen
K137S,0.8015,LPath
K137T,0.5538,Amb
K137V,0.7644,LPath
K137W,0.9646,LPath
K137Y,0.9432,LPath
D138A,0.4,Amb
D138C,0.8895,LPath
D138E,0.1265,LBen
D138F,0.8818,LPath
D138G,0.3067,LBen
D138H,0.6718,LPath
D138I,0.6682,LPath
D138K,0.6881,LPath
D138L,0.6523,LPath
D138M,0.795,LPath
D138N,0.2482,LBen
D138P,0.877,LPath
D138Q,0.5074,Amb
D138R,0.746,LPath
D138S,0.3225,LBen
D138T,0.4898,Amb
D138V,0.4311,Amb
D138W,0.9627,LPath
D138Y,0.5801,LPath
K139A,0.3643,Amb
K139C,0.7533,LPath
K139D,0.6384,LPath
K139E,0.2259,LBen
K139F,0.8732,LPath
K139G,0.4364,Amb
K139H,0.3906,Amb
K139I,0.4444,Amb
K139L,0.4378,Amb
K139M,0.3486,Amb
K139N,0.5461,Amb
K139P,0.7778,LPath
K139Q,0.1424,LBen
K139R,0.0848,LBen
K139S,0.4845,Amb
K139T,0.2361,LBen
K139V,0.3771,Amb
K139W,0.8411,LPath
K139Y,0.7908,LPath
E140A,0.2157,LBen
E140C,0.873,LPath
E140D,0.0954,LBen
E140F,0.8596,LPath
E140G,0.2048,LBen
E140H,0.6448,LPath
E140I,0.4606,Amb
E140K,0.3925,Amb
E140L,0.4722,Amb
E140M,0.5944,LPath
E140N,0.3031,LBen
E140P,0.6802,LPath
E140Q,0.2272,LBen
E140R,0.5509,Amb
E140S,0.2533,LBen
E140T,0.3017,LBen
E140V,0.282,LBen
E140W,0.9587,LPath
E140Y,0.7662,LPath
R141A,0.5487,Amb
R141C,0.4085,Amb
R141D,0.7084,LPath
R141E,0.4249,Amb
R141F,0.8257,LPath
R141G,0.3574,Amb
R141H,0.1931,LBen
R141I,0.479,Amb
R141K,0.0697,LBen
R141L,0.3993,Amb
R141M,0.4441,Amb
R141N,0.6424,LPath
R141P,0.6446,LPath
R141Q,0.1386,LBen
R141S,0.6533,LPath
R141T,0.4192,Amb
R141V,0.5143,Amb
R141W,0.4901,Amb
R141Y,0.671,LPath
K142A,0.4014,Amb
K142C,0.7593,LPath
K142D,0.5855,LPath
K142E,0.2843,LBen
K142F,0.8961,LPath
K142G,0.4048,Amb
K142H,0.3655,Amb
K142I,0.5407,Amb
K142L,0.5035,Amb
K142M,0.4437,Amb
K142N,0.4514,Amb
K142P,0.5738,LPath
K142Q,0.1449,LBen
K142R,0.0963,LBen
K142S,0.4478,Amb
K142T,0.273,LBen
K142V,0.462,Amb
K142W,0.8738,LPath
K142Y,0.8011,LPath
N143A,0.0932,LBen
N143C,0.1751,LBen
N143D,0.1299,LBen
N143E,0.2611,LBen
N143F,0.3685,Amb
N143G,0.148,LBen
N143H,0.0996,LBen
N143I,0.11,LBen
N143K,0.2568,LBen
N143L,0.1427,LBen
N143M,0.163,LBen
N143P,0.2609,LBen
N143Q,0.1959,LBen
N143R,0.337,LBen
N143S,0.0702,LBen
N143T,0.0658,LBen
N143V,0.0968,LBen
N143W,0.6226,LPath
N143Y,0.1543,LBen
V144A,0.0842,LBen
V144C,0.4644,Amb
V144D,0.2263,LBen
V144E,0.2286,LBen
V144F,0.1565,LBen
V144G,0.102,LBen
V144H,0.3379,LBen
V144I,0.0708,LBen
V144K,0.3006,LBen
V144L,0.1221,LBen
V144M,0.0986,LBen
V144N,0.116,LBen
V144P,0.2728,LBen
V144Q,0.183,LBen
V144R,0.3229,LBen
V144S,0.0894,LBen
V144T,0.0922,LBen
V144W,0.6944,LPath
V144Y,0.4104,Amb
K145A,0.8527,LPath
K145C,0.9583,LPath
K145D,0.9507,LPath
K145E,0.8405,LPath
K145F,0.9852,LPath
K145G,0.8498,LPath
K145H,0.7322,LPath
K145I,0.931,LPath
K145L,0.8644,LPath
K145M,0.8678,LPath
K145N,0.947,LPath
K145P,0.9069,LPath
K145Q,0.5027,Amb
K145R,0.1098,LBen
K145S,0.9151,LPath
K145T,0.7736,LPath
K145V,0.8737,LPath
K145W,0.9729,LPath
K145Y,0.9651,LPath
G146A,0.6598,LPath
G146C,0.9538,LPath
G146D,0.9722,LPath
G146E,0.9779,LPath
G146F,0.981,LPath
G146H,0.9902,LPath
G146I,0.944,LPath
G146K,0.9935,LPath
G146L,0.9676,LPath
G146M,0.9663,LPath
G146N,0.9308,LPath
G146P,0.9926,LPath
G146Q,0.9835,LPath
G146R,0.9905,LPath
G146S,0.7634,LPath
G146T,0.8772,LPath
G146V,0.8886,LPath
G146W,0.986,LPath
G146Y,0.9743,LPath
I147A,0.9517,LPath
I147C,0.9748,LPath
I147D,0.9928,LPath
I147E,0.9796,LPath
I147F,0.5493,Amb
I147G,0.983,LPath
I147H,0.9741,LPath
I147K,0.9454,LPath
I147L,0.4534,Amb
I147M,0.4161,Amb
I147N,0.9353,LPath
I147P,0.9861,LPath
I147Q,0.9577,LPath
I147R,0.9276,LPath
I147S,0.9434,LPath
I147T,0.8583,LPath
I147V,0.1818,LBen
I147W,0.9666,LPath
I147Y,0.9177,LPath
R148A,0.9996,LPath
R148C,0.998,LPath
R148D,0.9997,LPath
R148E,0.9974,LPath
R148F,0.9998,LPath
R148G,0.9991,LPath
R148H,0.9962,LPath
R148I,0.9995,LPath
R148K,0.9897,LPath
R148L,0.998,LPath
R148M,0.9998,LPath
R148N,0.9998,LPath
R148P,0.9995,LPath
R148Q,0.9956,LPath
R148S,0.9998,LPath
R148T,0.9996,LPath
R148V,0.9995,LPath
R148W,0.9923,LPath
R148Y,0.9989,LPath
D149A,0.8279,LPath
D149C,0.9903,LPath
D149E,0.7924,LPath
D149F,0.9796,LPath
D149G,0.7449,LPath
D149H,0.9641,LPath
D149I,0.9797,LPath
D149K,0.9825,LPath
D149L,0.9354,LPath
D149M,0.9743,LPath
D149N,0.7033,LPath
D149P,0.9977,LPath
D149Q,0.9467,LPath
D149R,0.9817,LPath
D149S,0.7616,LPath
D149T,0.911,LPath
D149V,0.9207,LPath
D149W,0.9956,LPath
D149Y,0.9124,LPath
D150A,0.9993,LPath
D150C,0.9999,LPath
D150E,0.9987,LPath
D150F,0.9993,LPath
D150G,0.9989,LPath
D150H,0.9995,LPath
D150I,0.9995,LPath
D150K,0.9997,LPath
D150L,0.9993,LPath
D150M,0.9999,LPath
D150N,0.9935,LPath
D150P,0.9999,LPath
D150Q,0.9998,LPath
D150R,0.9995,LPath
D150S,0.9987,LPath
D150T,0.9995,LPath
D150V,0.9988,LPath
D150W,0.9999,LPath
D150Y,0.997,LPath
I151A,0.9962,LPath
I151C,0.9999,LPath
I151D,0.9996,LPath
I151E,0.9983,LPath
I151F,0.9766,LPath
I151G,0.9997,LPath
I151H,0.9998,LPath
I151K,0.9986,LPath
I151L,0.7089,LPath
I151M,0.8661,LPath
I151N,0.9991,LPath
I151P,0.9991,LPath
I151Q,0.9994,LPath
I151R,0.9976,LPath
I151S,0.9987,LPath
I151T,0.9945,LPath
I151V,0.8329,LPath
I151W,0.9974,LPath
I151Y,0.9973,LPath
E152A,0.9856,LPath
E152C,0.9989,LPath
E152D,0.823,LPath
E152F,0.9994,LPath
E152G,0.9763,LPath
E152H,0.9986,LPath
E152I,0.9983,LPath
E152K,0.9938,LPath
E152L,0.9949,LPath
E152M,0.996,LPath
E152N,0.997,LPath
E152P,0.9992,LPath
E152Q,0.9805,LPath
E152R,0.9923,LPath
E152S,0.9913,LPath
E152T,0.9954,LPath
E152V,0.9937,LPath
E152W,0.9993,LPath
E152Y,0.9989,LPath
E153A,0.7284,LPath
E153C,0.9933,LPath
E153D,0.5037,Amb
E153F,0.9939,LPath
E153G,0.6667,LPath
E153H,0.9796,LPath
E153I,0.9628,LPath
E153K,0.9025,LPath
E153L,0.9414,LPath
E153M,0.9354,LPath
E153N,0.8723,LPath
E153P,0.9984,LPath
E153Q,0.719,LPath
E153R,0.9396,LPath
E153S,0.8437,LPath
E153T,0.8844,LPath
E153V,0.8716,LPath
E153W,0.9979,LPath
E153Y,0.9866,LPath
E154A,0.9033,LPath
E154C,0.9965,LPath
E154D,0.9568,LPath
E154F,0.9976,LPath
E154G,0.9338,LPath
E154H,0.9975,LPath
E154I,0.9851,LPath
E154K,0.9784,LPath
E154L,0.9738,LPath
E154M,0.9598,LPath
E154N,0.9919,LPath
E154P,0.9994,LPath
E154Q,0.9336,LPath
E154R,0.9868,LPath
E154S,0.9839,LPath
E154T,0.9781,LPath
E154V,0.9485,LPath
E154W,0.9994,LPath
E154Y,0.9958,LPath
D155A,0.9983,LPath
D155C,0.9998,LPath
D155E,0.9964,LPath
D155F,0.9995,LPath
D155G,0.9962,LPath
D155H,0.9994,LPath
D155I,0.9995,LPath
D155K,0.9995,LPath
D155L,0.9981,LPath
D155M,0.9995,LPath
D155N,0.9903,LPath
D155P,0.9998,LPath
D155Q,0.9996,LPath
D155R,0.9994,LPath
D155S,0.997,LPath
D155T,0.9989,LPath
D155V,0.9984,LPath
D155W,0.9996,LPath
D155Y,0.9961,LPath
D156A,0.7064,LPath
D156C,0.9721,LPath
D156E,0.2616,LBen
D156F,0.9171,LPath
D156G,0.8512,LPath
D156H,0.9071,LPath
D156I,0.6769,LPath
D156K,0.9237,LPath
D156L,0.757,LPath
D156M,0.8837,LPath
D156N,0.5335,Amb
D156P,0.9704,LPath
D156Q,0.8411,LPath
D156R,0.9298,LPath
D156S,0.6401,LPath
D156T,0.7359,LPath
D156V,0.4882,Amb
D156W,0.9878,LPath
D156Y,0.8006,LPath
Q157A,0.5785,LPath
Q157C,0.9813,LPath
Q157D,0.9697,LPath
Q157E,0.3388,LBen
Q157F,0.9681,LPath
Q157G,0.8852,LPath
Q157H,0.8743,LPath
Q157I,0.8682,LPath
Q157K,0.8638,LPath
Q157L,0.6926,LPath
Q157M,0.5503,Amb
Q157N,0.8677,LPath
Q157P,0.9647,LPath
Q157R,0.8519,LPath
Q157S,0.7203,LPath
Q157T,0.5947,LPath
Q157V,0.6716,LPath
Q157W,0.9837,LPath
Q157Y,0.9628,LPath
E158A,0.9875,LPath
E158C,0.9997,LPath
E158D,0.9966,LPath
E158F,0.9998,LPath
E158G,0.9931,LPath
E158H,0.9997,LPath
E158I,0.9983,LPath
E158K,0.9972,LPath
E158L,0.9983,LPath
E158M,0.9973,LPath
E158N,0.9996,LPath
E158P,0.9998,LPath
E158Q,0.9927,LPath
E158R,0.9982,LPath
E158S,0.9987,LPath
E158T,0.998,LPath
E158V,0.994,LPath
E158W,0.9999,LPath
E158Y,0.9995,LPath
A159C,0.9652,LPath
A159D,0.9797,LPath
A159E,0.9261,LPath
A159F,0.9811,LPath
A159G,0.8054,LPath
A159H,0.9702,LPath
A159I,0.984,LPath
A159K,0.984,LPath
A159L,0.8766,LPath
A159M,0.9064,LPath
A159N,0.9207,LPath
A159P,0.9993,LPath
A159Q,0.8505,LPath
A159R,0.9599,LPath
A159S,0.308,LBen
A159T,0.8105,LPath
A159V,0.932,LPath
A159W,0.9965,LPath
A159Y,0.9788,LPath
Y160A,0.9987,LPath
Y160C,0.9964,LPath
Y160D,0.9995,LPath
Y160E,0.9999,LPath
Y160F,0.4608,Amb
Y160G,0.9983,LPath
Y160H,0.9985,LPath
Y160I,0.9956,LPath
Y160K,0.9998,LPath
Y160L,0.9802,LPath
Y160M,0.9951,LPath
Y160N,0.9985,LPath
Y160P,0.9996,LPath
Y160Q,0.9999,LPath
Y160R,0.9992,LPath
Y160S,0.9972,LPath
Y160T,0.9991,LPath
Y160V,0.9866,LPath
Y160W,0.9396,LPath
F161A,0.9979,LPath
F161C,0.9935,LPath
F161D,0.9996,LPath
F161E,0.9988,LPath
F161G,0.999,LPath
F161H,0.994,LPath
F161I,0.9827,LPath
F161K,0.9991,LPath
F161L,0.9958,LPath
F161M,0.969,LPath
F161N,0.9983,LPath
F161P,1.0,LPath
F161Q,0.9966,LPath
F161R,0.9957,LPath
F161S,0.9987,LPath
F161T,0.9991,LPath
F161V,0.9835,LPath
F161W,0.9586,LPath
F161Y,0.6534,LPath
R162A,0.9933,LPath
R162C,0.9538,LPath
R162D,0.9966,LPath
R162E,0.9823,LPath
R162F,0.9984,LPath
R162G,0.9923,LPath
R162H,0.7963,LPath
R162I,0.9919,LPath
R162K,0.6837,LPath
R162L,0.9584,LPath
R162M,0.9938,LPath
R162N,0.9937,LPath
R162P,0.9997,LPath
R162Q,0.7928,LPath
R162S,0.9953,LPath
R162T,0.9945,LPath
R162V,0.9927,LPath
R162W,0.9766,LPath
R162Y,0.9894,LPath
Y163A,0.9974,LPath
Y163C,0.9909,LPath
Y163D,0.9978,LPath
Y163E,0.9994,LPath
Y163F,0.3321,LBen
Y163G,0.9962,LPath
Y163H,0.9804,LPath
Y163I,0.9945,LPath
Y163K,0.9994,LPath
Y163L,0.9851,LPath
Y163M,0.9945,LPath
Y163N,0.9944,LPath
Y163P,0.9999,LPath
Y163Q,0.9992,LPath
Y163R,0.998,LPath
Y163S,0.9941,LPath
Y163T,0.9988,LPath
Y163V,0.987,LPath
Y163W,0.7965,LPath
M164A,0.9903,LPath
M164C,0.9874,LPath
M164D,0.9999,LPath
M164E,0.997,LPath
M164F,0.9754,LPath
M164G,0.9994,LPath
M164H,0.9979,LPath
M164I,0.9501,LPath
M164K,0.9864,LPath
M164L,0.6454,LPath
M164N,0.9985,LPath
M164P,0.9999,LPath
M164Q,0.9696,LPath
M164R,0.983,LPath
M164S,0.9969,LPath
M164T,0.9957,LPath
M164V,0.5356,Amb
M164W,0.9984,LPath
M164Y,0.9966,LPath
A165C,0.9155,LPath
A165D,0.9646,LPath
A165E,0.6402,LPath
A165F,0.947,LPath
A165G,0.7223,LPath
A165H,0.9065,LPath
A165I,0.9015,LPath
A165K,0.8845,LPath
A165L,0.6186,LPath
A165M,0.6272,LPath
A165N,0.8716,LPath
A165P,0.9993,LPath
A165Q,0.4649,Amb
A165R,0.8094,LPath
A165S,0.3159,LBen
A165T,0.6343,LPath
A165V,0.7113,LPath
A165W,0.9873,LPath
A165Y,0.9426,LPath
E166A,0.8798,LPath
E166C,0.9973,LPath
E166D,0.7043,LPath
E166F,0.9991,LPath
E166G,0.9075,LPath
E166H,0.9934,LPath
E166I,0.9934,LPath
E166K,0.9653,LPath
E166L,0.9833,LPath
E166M,0.9854,LPath
E166N,0.9543,LPath
E166P,0.9996,LPath
E166Q,0.8295,LPath
E166R,0.975,LPath
E166S,0.921,LPath
E166T,0.9731,LPath
E166V,0.9776,LPath
E166W,0.9996,LPath
E166Y,0.9976,LPath
N167A,0.9929,LPath
N167C,0.9732,LPath
N167D,0.993,LPath
N167E,0.9877,LPath
N167F,0.9778,LPath
N167G,0.9967,LPath
N167H,0.607,LPath
N167I,0.9815,LPath
N167K,0.9885,LPath
N167L,0.9881,LPath
N167M,0.9666,LPath
N167P,0.9993,LPath
N167Q,0.9745,LPath
N167R,0.9836,LPath
N167S,0.9395,LPath
N167T,0.9738,LPath
N167V,0.9763,LPath
N167W,0.9974,LPath
N167Y,0.8352,LPath
P168A,0.9349,LPath
P168C,0.9979,LPath
P168D,0.9934,LPath
P168E,0.9767,LPath
P168F,0.9987,LPath
P168G,0.9837,LPath
P168H,0.9821,LPath
P168I,0.9909,LPath
P168K,0.9733,LPath
P168L,0.9687,LPath
P168M,0.9912,LPath
P168N,0.9933,LPath
P168Q,0.9654,LPath
P168R,0.9496,LPath
P168S,0.9748,LPath
P168T,0.9653,LPath
P168V,0.9778,LPath
P168W,0.9992,LPath
P168Y,0.9975,LPath
T169A,0.1193,LBen
T169C,0.6454,LPath
T169D,0.5831,LPath
T169E,0.5374,Amb
T169F,0.4816,Amb
T169G,0.184,LBen
T169H,0.2916,LBen
T169I,0.7138,LPath
T169K,0.4842,Amb
T169L,0.1825,LBen
T169M,0.1226,LBen
T169N,0.1328,LBen
T169P,0.8451,LPath
T169Q,0.261,LBen
T169R,0.4134,Amb
T169S,0.1287,LBen
T169V,0.418,Amb
T169W,0.8052,LPath
T169Y,0.4653,Amb
A170C,0.9153,LPath
A170D,0.9965,LPath
A170E,0.9863,LPath
A170F,0.9159,LPath
A170G,0.8598,LPath
A170H,0.9742,LPath
A170I,0.8654,LPath
A170K,0.9922,LPath
A170L,0.6927,LPath
A170M,0.7954,LPath
A170N,0.9768,LPath
A170P,0.995,LPath
A170Q,0.9498,LPath
A170R,0.9682,LPath
A170S,0.5907,LPath
A170T,0.8417,LPath
A170V,0.6683,LPath
A170W,0.9866,LPath
A170Y,0.9543,LPath
G171A,0.9267,LPath
G171C,0.9861,LPath
G171D,0.9937,LPath
G171E,0.9955,LPath
G171F,0.9948,LPath
G171H,0.9977,LPath
G171I,0.9937,LPath
G171K,0.9983,LPath
G171L,0.9908,LPath
G171M,0.9909,LPath
G171N,0.9829,LPath
G171P,0.9981,LPath
G171Q,0.9939,LPath
G171R,0.9961,LPath
G171S,0.9216,LPath
G171T,0.969,LPath
G171V,0.9865,LPath
G171W,0.9956,LPath
G171Y,0.9956,LPath
V172A,0.419,Amb
V172C,0.7979,LPath
V172D,0.8287,LPath
V172E,0.607,LPath
V172F,0.2578,LBen
V172G,0.4922,Amb
V172H,0.7648,LPath
V172I,0.0729,LBen
V172K,0.572,LPath
V172L,0.1377,LBen
V172M,0.1176,LBen
V172N,0.5608,Amb
V172P,0.9379,LPath
V172Q,0.4429,Amb
V172R,0.5486,Amb
V172S,0.5453,Amb
V172T,0.4399,Amb
V172W,0.8604,LPath
V172Y,0.6701,LPath
V173A,0.1858,LBen
V173C,0.6532,LPath
V173D,0.4646,Amb
V173E,0.3725,Amb
V173F,0.1645,LBen
V173G,0.1959,LBen
V173H,0.5439,Amb
V173I,0.0657,LBen
V173K,0.5485,Amb
V173L,0.1354,LBen
V173M,0.11,LBen
V173N,0.1985,LBen
V173P,0.4017,Amb
V173Q,0.3005,LBen
V173R,0.5439,Amb
V173S,0.1651,LBen
V173T,0.1491,LBen
V173W,0.8175,LPath
V173Y,0.548,Amb
Q174A,0.0805,LBen
Q174C,0.5753,LPath
Q174D,0.4051,Amb
Q174E,0.1299,LBen
Q174F,0.556,Amb
Q174G,0.1951,LBen
Q174H,0.2129,LBen
Q174I,0.1952,LBen
Q174K,0.1916,LBen
Q174L,0.0792,LBen
Q174M,0.152,LBen
Q174N,0.1999,LBen
Q174P,0.0787,LBen
Q174R,0.2204,LBen
Q174S,0.1064,LBen
Q174T,0.0968,LBen
Q174V,0.109,LBen
Q174W,0.6986,LPath
Q174Y,0.4852,Amb
E175A,0.3746,Amb
E175C,0.9434,LPath
E175D,0.1114,LBen
E175F,0.9267,LPath
E175G,0.3301,LBen
E175H,0.8469,LPath
E175I,0.6727,LPath
E175K,0.6573,LPath
E175L,0.6403,LPath
E175M,0.7279,LPath
E175N,0.5115,Amb
E175P,0.7088,LPath
E175Q,0.4206,Amb
E175R,0.7506,LPath
E175S,0.4345,Amb
E175T,0.4701,Amb
E175V,0.4365,Amb
E175W,0.9785,LPath
E175Y,0.8824,LPath
E176A,0.4193,Amb
E176C,0.9411,LPath
E176D,0.0935,LBen
E176F,0.9261,LPath
E176G,0.3456,Amb
E176H,0.8726,LPath
E176I,0.7133,LPath
E176K,0.7107,LPath
E176L,0.6997,LPath
E176M,0.7716,LPath
E176N,0.4887,Amb
E176P,0.8116,LPath
E176Q,0.5161,Amb
E176R,0.7889,LPath
E176S,0.4665,Amb
E176T,0.499,Amb
E176V,0.4982,Amb
E176W,0.9751,LPath
E176Y,0.8752,LPath
E177A,0.4447,Amb
E177C,0.9434,LPath
E177D,0.1059,LBen
E177F,0.9451,LPath
E177G,0.3866,Amb
E177H,0.8749,LPath
E177I,0.7714,LPath
E177K,0.7519,LPath
E177L,0.7359,LPath
E177M,0.8052,LPath
E177N,0.5368,Amb
E177P,0.8406,LPath
E177Q,0.529,Amb
E177R,0.8117,LPath
E177S,0.4671,Amb
E177T,0.5324,Amb
E177V,0.5567,Amb
E177W,0.9774,LPath
E177Y,0.893,LPath
E178A,0.4443,Amb
E178C,0.9352,LPath
E178D,0.0778,LBen
E178F,0.9229,LPath
E178G,0.3765,Amb
E178H,0.8752,LPath
E178I,0.7172,LPath
E178K,0.7561,LPath
E178L,0.7253,LPath
E178M,0.7783,LPath
E178N,0.4828,Amb
E178P,0.8534,LPath
E178Q,0.5546,Amb
E178R,0.8128,LPath
E178S,0.4744,Amb
E178T,0.514,Amb
E178V,0.5119,Amb
E178W,0.9722,LPath
E178Y,0.8579,LPath
D179A,0.3897,Amb
D179C,0.8394,LPath
D179E,0.1216,LBen
D179F,0.7874,LPath
D179G,0.3345,LBen
D179H,0.7482,LPath
D179I,0.5356,Amb
D179K,0.7953,LPath
D179L,0.5608,Amb
D179M,0.7109,LPath
D179N,0.2684,LBen
D179P,0.823,LPath
D179Q,0.6001,LPath
D179R,0.8199,LPath
D179S,0.3424,Amb
D179T,0.4459,Amb
D179V,0.3524,Amb
D179W,0.9497,LPath
D179Y,0.5124,Amb
N180A,0.1494,LBen
N180C,0.209,LBen
N180D,0.1695,LBen
N180E,0.3431,Amb
N180F,0.3985,Amb
N180G,0.2206,LBen
N180H,0.1354,LBen
N180I,0.1181,LBen
N180K,0.5771,LPath
N180L,0.1509,LBen
N180M,0.2163,LBen
N180P,0.354,Amb
N180Q,0.3111,LBen
N180R,0.5843,LPath
N180S,0.071,LBen
N180T,0.0885,LBen
N180V,0.108,LBen
N180W,0.7598,LPath
N180Y,0.2121,LBen
L181A,0.5112,Amb
L181C,0.7569,LPath
L181D,0.9524,LPath
L181E,0.8031,LPath
L181F,0.2872,LBen
L181G,0.8425,LPath
L181H,0.7406,LPath
L181I,0.0864,LBen
L181K,0.8401,LPath
L181M,0.1242,LBen
L181N,0.777,LPath
L181P,0.6888,LPath
L181Q,0.5709,LPath
L181R,0.7952,LPath
L181S,0.7197,LPath
L181T,0.4565,Amb
L181V,0.088,LBen
L181W,0.5809,LPath
L181Y,0.6141,LPath
E182A,0.6951,LPath
E182C,0.9706,LPath
E182D,0.1541,LBen
E182F,0.9672,LPath
E182G,0.8146,LPath
E182H,0.9445,LPath
E182I,0.8201,LPath
E182K,0.9378,LPath
E182L,0.8387,LPath
E182M,0.8968,LPath
E182N,0.7849,LPath
E182P,0.9599,LPath
E182Q,0.6777,LPath
E182R,0.9323,LPath
E182S,0.7365,LPath
E182T,0.7882,LPath
E182V,0.6719,LPath
E182W,0.9917,LPath
E182Y,0.9463,LPath
Y183A,0.9989,LPath
Y183C,0.9973,LPath
Y183D,0.9968,LPath
Y183E,0.9989,LPath
Y183F,0.7893,LPath
Y183G,0.992,LPath
Y183H,0.9993,LPath
Y183I,0.993,LPath
Y183K,0.9996,LPath
Y183L,0.9806,LPath
Y183M,0.9941,LPath
Y183N,0.9942,LPath
Y183P,0.9983,LPath
Y183Q,0.9998,LPath
Y183R,0.999,LPath
Y183S,0.9971,LPath
Y183T,0.9983,LPath
Y183V,0.9856,LPath
Y183W,0.966,LPath
D184A,0.9983,LPath
D184C,0.9995,LPath
D184E,0.9977,LPath
D184F,0.9995,LPath
D184G,0.9974,LPath
D184H,0.9991,LPath
D184I,0.9997,LPath
D184K,0.9997,LPath
D184L,0.9978,LPath
D184M,0.9998,LPath
D184N,0.9756,LPath
D184P,0.9996,LPath
D184Q,0.9995,LPath
D184R,0.9991,LPath
D184S,0.9919,LPath
D184T,0.9985,LPath
D184V,0.9989,LPath
D184W,0.9999,LPath
D184Y,0.9972,LPath
S185A,0.1433,LBen
S185C,0.3635,Amb
S185D,0.8697,LPath
S185E,0.7112,LPath
S185F,0.8997,LPath
S185G,0.3178,LBen
S185H,0.8846,LPath
S185I,0.7604,LPath
S185K,0.9836,LPath
S185L,0.5274,Amb
S185M,0.5409,Amb
S185N,0.6039,LPath
S185P,0.9166,LPath
S185Q,0.8034,LPath
S185R,0.9778,LPath
S185T,0.2637,LBen
S185V,0.6721,LPath
S185W,0.9479,LPath
S185Y,0.8899,LPath
D186A,0.9774,LPath
D186C,0.9949,LPath
D186E,0.848,LPath
D186F,0.9926,LPath
D186G,0.99,LPath
D186H,0.9921,LPath
D186I,0.9974,LPath
D186K,0.997,LPath
D186L,0.9843,LPath
D186M,0.9961,LPath
D186N,0.9453,LPath
D186P,0.9996,LPath
D186Q,0.9912,LPath
D186R,0.9933,LPath
D186S,0.9646,LPath
D186T,0.9934,LPath
D186V,0.99,LPath
D186W,0.9981,LPath
D186Y,0.961,LPath
G187A,0.9964,LPath
G187C,0.9984,LPath
G187D,0.998,LPath
G187E,0.9993,LPath
G187F,0.9995,LPath
G187H,0.9999,LPath
G187I,0.9996,LPath
G187K,0.9999,LPath
G187L,0.9988,LPath
G187M,0.9995,LPath
G187N,0.9981,LPath
G187P,1.0,LPath
G187Q,0.9995,LPath
G187R,0.9996,LPath
G187S,0.9925,LPath
G187T,0.9982,LPath
G187V,0.9994,LPath
G187W,0.9996,LPath
G187Y,0.9993,LPath
N188A,0.9971,LPath
N188C,0.9833,LPath
N188D,0.9952,LPath
N188E,0.9964,LPath
N188F,0.9891,LPath
N188G,0.9971,LPath
N188H,0.9811,LPath
N188I,0.9698,LPath
N188K,0.9987,LPath
N188L,0.9702,LPath
N188M,0.9845,LPath
N188P,0.9994,LPath
N188Q,0.9957,LPath
N188R,0.9974,LPath
N188S,0.9561,LPath
N188T,0.9878,LPath
N188V,0.9842,LPath
N188W,0.9989,LPath
N188Y,0.9514,LPath
P189A,0.7015,LPath
P189C,0.9846,LPath
P189D,0.999,LPath
P189E,0.9949,LPath
P189F,0.9922,LPath
P189G,0.9887,LPath
P189H,0.9925,LPath
P189I,0.8426,LPath
P189K,0.9965,LPath
P189L,0.8328,LPath
P189M,0.9515,LPath
P189N,0.9974,LPath
P189Q,0.9878,LPath
P189R,0.9857,LPath
P189S,0.9828,LPath
P189T,0.9624,LPath
P189V,0.7894,LPath
P189W,0.9981,LPath
P189Y,0.9933,LPath
I190A,0.7625,LPath
I190C,0.9256,LPath
I190D,0.995,LPath
I190E,0.9712,LPath
I190F,0.637,LPath
I190G,0.9752,LPath
I190H,0.9701,LPath
I190K,0.9464,LPath
I190L,0.1852,LBen
I190M,0.239,LBen
I190N,0.9536,LPath
I190P,0.9794,LPath
I190Q,0.9287,LPath
I190R,0.9208,LPath
I190S,0.8998,LPath
I190T,0.7231,LPath
I190V,0.0787,LBen
I190W,0.9792,LPath
I190Y,0.9381,LPath
A191C,0.5707,LPath
A191D,0.9162,LPath
A191E,0.8244,LPath
A191F,0.5,Amb
A191G,0.2635,LBen
A191H,0.7128,LPath
A191I,0.2703,LBen
A191K,0.9127,LPath
A191L,0.1721,LBen
A191M,0.2662,LBen
A191N,0.482,Amb
A191P,0.0998,LBen
A191Q,0.5394,Amb
A191R,0.8723,LPath
A191S,0.1455,LBen
A191T,0.1805,LBen
A191V,0.1524,LBen
A191W,0.9089,LPath
A191Y,0.7034,LPath
P192A,0.0828,LBen
P192C,0.5668,LPath
P192D,0.7767,LPath
P192E,0.5832,LPath
P192F,0.5918,LPath
P192G,0.2706,LBen
P192H,0.3747,Amb
P192I,0.3113,LBen
P192K,0.6239,LPath
P192L,0.1619,LBen
P192M,0.2544,LBen
P192N,0.3482,Amb
P192Q,0.2387,LBen
P192R,0.5421,Amb
P192S,0.1335,LBen
P192T,0.095,LBen
P192V,0.1762,LBen
P192W,0.8337,LPath
P192Y,0.6479,LPath
T193A,0.0605,LBen
T193C,0.1812,LBen
T193D,0.4754,Amb
T193E,0.4283,Amb
T193F,0.2543,LBen
T193G,0.0997,LBen
T193H,0.2865,LBen
T193I,0.1377,LBen
T193K,0.4984,Amb
T193L,0.0895,LBen
T193M,0.0962,LBen
T193N,0.1053,LBen
T193P,0.0969,LBen
T193Q,0.2448,LBen
T193R,0.5342,Amb
T193S,0.0642,LBen
T193V,0.0924,LBen
T193W,0.5719,LPath
T193Y,0.3021,LBen
K194A,0.9066,LPath
K194C,0.9451,LPath
K194D,0.975,LPath
K194E,0.9254,LPath
K194F,0.9928,LPath
K194G,0.8778,LPath
K194H,0.7081,LPath
K194I,0.9679,LPath
K194L,0.9312,LPath
K194M,0.9449,LPath
K194N,0.9632,LPath
K194P,0.8768,LPath
K194Q,0.578,LPath
K194R,0.0791,LBen
K194S,0.9316,LPath
K194T,0.8922,LPath
K194V,0.9203,LPath
K194W,0.9742,LPath
K194Y,0.9674,LPath
K195A,0.9772,LPath
K195C,0.9803,LPath
K195D,0.9896,LPath
K195E,0.9811,LPath
K195F,0.9949,LPath
K195G,0.9677,LPath
K195H,0.8166,LPath
K195I,0.973,LPath
K195L,0.9621,LPath
K195M,0.9593,LPath
K195N,0.9803,LPath
K195P,0.973,LPath
K195Q,0.8043,LPath
K195R,0.1007,LBen
K195S,0.9865,LPath
K195T,0.9591,LPath
K195V,0.9495,LPath
K195W,0.9864,LPath
K195Y,0.9732,LPath
I196A,0.6107,LPath
I196C,0.7719,LPath
I196D,0.873,LPath
I196E,0.7901,LPath
I196F,0.2325,LBen
I196G,0.8184,LPath
I196H,0.7296,LPath
I196K,0.7571,LPath
I196L,0.1808,LBen
I196M,0.1394,LBen
I196N,0.484,Amb
I196P,0.7782,LPath
I196Q,0.6857,LPath
I196R,0.7194,LPath
I196S,0.6037,LPath
I196T,0.5433,Amb
I196V,0.0886,LBen
I196W,0.8383,LPath
I196Y,0.5756,LPath
I197A,0.9727,LPath
I197C,0.9957,LPath
I197D,0.9994,LPath
I197E,0.9981,LPath
I197F,0.9012,LPath
I197G,0.9971,LPath
I197H,0.9971,LPath
I197K,0.9922,LPath
I197L,0.76,LPath
I197M,0.7354,LPath
I197N,0.9942,LPath
I197P,0.984,LPath
I197Q,0.9946,LPath
I197R,0.981,LPath
I197S,0.986,LPath
I197T,0.963,LPath
I197V,0.5514,Amb
I197W,0.9907,LPath
I197Y,0.9874,LPath
D198A,0.4614,Amb
D198C,0.8972,LPath
D198E,0.3616,Amb
D198F,0.6811,LPath
D198G,0.7999,LPath
D198H,0.7639,LPath
D198I,0.4886,Amb
D198K,0.874,LPath
D198L,0.2748,LBen
D198M,0.4196,Amb
D198N,0.4216,Amb
D198P,0.9306,LPath
D198Q,0.6635,LPath
D198R,0.8938,LPath
D198S,0.4635,Amb
D198T,0.6008,LPath
D198V,0.3538,Amb
D198W,0.9448,LPath
D198Y,0.4637,Amb
P199A,0.6122,LPath
P199C,0.964,LPath
P199D,0.9982,LPath
P199E,0.9914,LPath
P199F,0.9922,LPath
P199G,0.9759,LPath
P199H,0.9779,LPath
P199I,0.9459,LPath
P199K,0.9925,LPath
P199L,0.8789,LPath
P199M,0.9592,LPath
P199N,0.9927,LPath
P199Q,0.9759,LPath
P199R,0.9763,LPath
P199S,0.9378,LPath
P199T,0.9151,LPath
P199V,0.8788,LPath
P199W,0.998,LPath
P199Y,0.9927,LPath
L200A,0.9941,LPath
L200C,0.9959,LPath
L200D,1.0,LPath
L200E,0.9997,LPath
L200F,0.9845,LPath
L200G,0.9993,LPath
L200H,0.9996,LPath
L200I,0.7278,LPath
L200K,0.9992,LPath
L200M,0.8397,LPath
L200N,0.9995,LPath
L200P,0.9989,LPath
L200Q,0.9992,LPath
L200R,0.9986,LPath
L200S,0.9994,LPath
L200T,0.9977,LPath
L200V,0.8882,LPath
L200W,0.9988,LPath
L200Y,0.9982,LPath
P201A,0.2411,LBen
P201C,0.9088,LPath
P201D,0.927,LPath
P201E,0.7965,LPath
P201F,0.9237,LPath
P201G,0.7461,LPath
P201H,0.7825,LPath
P201I,0.7566,LPath
P201K,0.8684,LPath
P201L,0.3803,Amb
P201M,0.7055,LPath
P201N,0.8372,LPath
P201Q,0.5932,LPath
P201R,0.8175,LPath
P201S,0.4779,Amb
P201T,0.5086,Amb
P201V,0.591,LPath
P201W,0.9795,LPath
P201Y,0.9323,LPath
P202A,0.0722,LBen
P202C,0.6341,LPath
P202D,0.8592,LPath
P202E,0.6856,LPath
P202F,0.8334,LPath
P202G,0.4462,Amb
P202H,0.521,Amb
P202I,0.5887,LPath
P202K,0.7685,LPath
P202L,0.3214,LBen
P202M,0.4886,Amb
P202N,0.5714,LPath
P202Q,0.358,Amb
P202R,0.6275,LPath
P202S,0.1866,LBen
P202T,0.2415,LBen
P202V,0.3358,LBen
P202W,0.9437,LPath
P202Y,0.8353,LPath
I203A,0.6478,LPath
I203C,0.8536,LPath
I203D,0.9952,LPath
I203E,0.9667,LPath
I203F,0.6242,LPath
I203G,0.9657,LPath
I203H,0.9679,LPath
I203K,0.9311,LPath
I203L,0.177,LBen
I203M,0.198,LBen
I203N,0.9535,LPath
I203P,0.9465,LPath
I203Q,0.9217,LPath
I203R,0.9026,LPath
I203S,0.8813,LPath
I203T,0.482,Amb
I203V,0.0632,LBen
I203W,0.9755,LPath
I203Y,0.9425,LPath
D204A,0.8988,LPath
D204C,0.9473,LPath
D204E,0.8653,LPath
D204F,0.9605,LPath
D204G,0.9804,LPath
D204H,0.9347,LPath
D204I,0.8745,LPath
D204K,0.9859,LPath
D204L,0.8856,LPath
D204M,0.9648,LPath
D204N,0.5072,Amb
D204P,0.9813,LPath
D204Q,0.9604,LPath
D204R,0.9778,LPath
D204S,0.7624,LPath
D204T,0.9432,LPath
D204V,0.7633,LPath
D204W,0.9946,LPath
D204Y,0.7712,LPath
H205A,0.9983,LPath
H205C,0.9713,LPath
H205D,0.9967,LPath
H205E,0.9987,LPath
H205F,0.9803,LPath
H205G,0.9984,LPath
H205I,0.9987,LPath
H205K,0.9974,LPath
H205L,0.9873,LPath
H205M,0.998,LPath
H205N,0.9775,LPath
H205P,0.974,LPath
H205Q,0.9966,LPath
H205R,0.9939,LPath
H205S,0.9945,LPath
H205T,0.9986,LPath
H205V,0.9985,LPath
H205W,0.9692,LPath
H205Y,0.9607,LPath
S206A,0.1171,LBen
S206C,0.2898,LBen
S206D,0.6547,LPath
S206E,0.6746,LPath
S206F,0.7236,LPath
S206G,0.1387,LBen
S206H,0.6207,LPath
S206I,0.7217,LPath
S206K,0.8614,LPath
S206L,0.286,LBen
S206M,0.3417,Amb
S206N,0.3342,LBen
S206P,0.9849,LPath
S206Q,0.6227,LPath
S206R,0.8454,LPath
S206T,0.0879,LBen
S206V,0.5463,Amb
S206W,0.875,LPath
S206Y,0.7222,LPath
E207A,0.3205,LBen
E207C,0.9032,LPath
E207D,0.2621,LBen
E207F,0.9349,LPath
E207G,0.4361,Amb
E207H,0.8069,LPath
E207I,0.6396,LPath
E207K,0.4993,Amb
E207L,0.5662,LPath
E207M,0.6279,LPath
E207N,0.5439,Amb
E207P,0.9888,LPath
E207Q,0.286,LBen
E207R,0.6957,LPath
E207S,0.3811,Amb
E207T,0.3478,Amb
E207V,0.4287,Amb
E207W,0.9889,LPath
E207Y,0.9017,LPath
I208A,0.7613,LPath
I208C,0.8761,LPath
I208D,0.9907,LPath
I208E,0.9239,LPath
I208F,0.4386,Amb
I208G,0.9758,LPath
I208H,0.9378,LPath
I208K,0.9059,LPath
I208L,0.2644,LBen
I208M,0.1526,LBen
I208N,0.8965,LPath
I208P,0.9939,LPath
I208Q,0.8516,LPath
I208R,0.868,LPath
I208S,0.8695,LPath
I208T,0.5264,Amb
I208V,0.1016,LBen
I208W,0.9381,LPath
I208Y,0.8654,LPath
D209A,0.1154,LBen
D209C,0.4543,Amb
D209E,0.0693,LBen
D209F,0.5531,Amb
D209G,0.2525,LBen
D209H,0.2485,LBen
D209I,0.1751,LBen
D209K,0.2699,LBen
D209L,0.234,LBen
D209M,0.3458,Amb
D209N,0.0895,LBen
D209P,0.4023,Amb
D209Q,0.1607,LBen
D209R,0.3291,LBen
D209S,0.0938,LBen
D209T,0.1192,LBen
D209V,0.1071,LBen
D209W,0.8744,LPath
D209Y,0.3008,LBen
Y210A,0.9955,LPath
Y210C,0.966,LPath
Y210D,0.9939,LPath
Y210E,0.9981,LPath
Y210F,0.5771,LPath
Y210G,0.9814,LPath
Y210H,0.9921,LPath
Y210I,0.9699,LPath
Y210K,0.9972,LPath
Y210L,0.7911,LPath
Y210M,0.9814,LPath
Y210N,0.9747,LPath
Y210P,0.9902,LPath
Y210Q,0.9985,LPath
Y210R,0.9943,LPath
Y210S,0.9792,LPath
Y210T,0.9902,LPath
Y210V,0.9511,LPath
Y210W,0.9365,LPath
P211A,0.0591,LBen
P211C,0.3213,LBen
P211D,0.3642,Amb
P211E,0.1599,LBen
P211F,0.279,LBen
P211G,0.2542,LBen
P211H,0.1783,LBen
P211I,0.1369,LBen
P211K,0.2566,LBen
P211L,0.0705,LBen
P211M,0.1384,LBen
P211N,0.2361,LBen
P211Q,0.1005,LBen
P211R,0.2067,LBen
P211S,0.1011,LBen
P211T,0.0872,LBen
P211V,0.097,LBen
P211W,0.5264,Amb
P211Y,0.3186,LBen
P212A,0.0526,LBen
P212C,0.3386,LBen
P212D,0.257,LBen
P212E,0.1811,LBen
P212F,0.4492,Amb
P212G,0.2356,LBen
P212H,0.1601,LBen
P212I,0.2153,LBen
P212K,0.2089,LBen
P212L,0.1128,LBen
P212M,0.2324,LBen
P212N,0.2184,LBen
P212Q,0.1167,LBen
P212R,0.171,LBen
P212S,0.0935,LBen
P212T,0.0908,LBen
P212V,0.1246,LBen
P212W,0.7018,LPath
P212Y,0.4321,Amb
F213A,0.958,LPath
F213C,0.8424,LPath
F213D,0.9986,LPath
F213E,0.9971,LPath
F213G,0.9918,LPath
F213H,0.9816,LPath
F213I,0.4699,Amb
F213K,0.9972,LPath
F213L,0.9206,LPath
F213M,0.737,LPath
F213N,0.9928,LPath
F213P,0.9986,LPath
F213Q,0.9911,LPath
F213R,0.9904,LPath
F213S,0.9763,LPath
F213T,0.9527,LPath
F213V,0.484,Amb
F213W,0.8463,LPath
F213Y,0.6118,LPath
E214A,0.4584,Amb
E214C,0.8953,LPath
E214D,0.5655,LPath
E214F,0.9662,LPath
E214G,0.6131,LPath
E214H,0.8254,LPath
E214I,0.7136,LPath
E214K,0.6393,LPath
E214L,0.7902,LPath
E214M,0.8195,LPath
E214N,0.6363,LPath
E214P,0.9712,LPath
E214Q,0.2827,LBen
E214R,0.6535,LPath
E214S,0.498,Amb
E214T,0.4251,Amb
E214V,0.4603,Amb
E214W,0.9903,LPath
E214Y,0.939,LPath
K215A,0.9819,LPath
K215C,0.9646,LPath
K215D,0.996,LPath
K215E,0.9804,LPath
K215F,0.9978,LPath
K215G,0.9781,LPath
K215H,0.9002,LPath
K215I,0.9927,LPath
K215L,0.9792,LPath
K215M,0.9706,LPath
K215N,0.9917,LPath
K215P,0.9957,LPath
K215Q,0.8475,LPath
K215R,0.1436,LBen
K215S,0.9876,LPath
K215T,0.9751,LPath
K215V,0.9847,LPath
K215W,0.9927,LPath
K215Y,0.9866,LPath
N216A,0.6754,LPath
N216C,0.398,Amb
N216D,0.3756,Amb
N216E,0.888,LPath
N216F,0.8595,LPath
N216G,0.8236,LPath
N216H,0.4974,Amb
N216I,0.6178,LPath
N216K,0.9409,LPath
N216L,0.7317,LPath
N216M,0.7555,LPath
N216P,0.9872,LPath
N216Q,0.8453,LPath
N216R,0.9039,LPath
N216S,0.2894,LBen
N216T,0.5742,LPath
N216V,0.5221,Amb
N216W,0.968,LPath
N216Y,0.4963,Amb
F217A,0.9945,LPath
F217C,0.9795,LPath
F217D,0.9985,LPath
F217E,0.9985,LPath
F217G,0.9968,LPath
F217H,0.9846,LPath
F217I,0.9109,LPath
F217K,0.9976,LPath
F217L,0.9882,LPath
F217M,0.9682,LPath
F217N,0.9944,LPath
F217P,0.9996,LPath
F217Q,0.9962,LPath
F217R,0.9912,LPath
F217S,0.9952,LPath
F217T,0.9933,LPath
F217V,0.9295,LPath
F217W,0.9372,LPath
F217Y,0.7627,LPath
Y218A,0.9505,LPath
Y218C,0.7025,LPath
Y218D,0.9709,LPath
Y218E,0.9914,LPath
Y218F,0.1377,LBen
Y218G,0.8905,LPath
Y218H,0.8131,LPath
Y218I,0.9196,LPath
Y218K,0.9937,LPath
Y218L,0.7159,LPath
Y218M,0.9106,LPath
Y218N,0.8632,LPath
Y218P,0.9825,LPath
Y218Q,0.9771,LPath
Y218R,0.9693,LPath
Y218S,0.8356,LPath
Y218T,0.9472,LPath
Y218V,0.8556,LPath
Y218W,0.4614,Amb
N219A,0.0824,LBen
N219C,0.1157,LBen
N219D,0.0786,LBen
N219E,0.1088,LBen
N219F,0.2502,LBen
N219G,0.2,LBen
N219H,0.0676,LBen
N219I,0.0596,LBen
N219K,0.1624,LBen
N219L,0.0986,LBen
N219M,0.1254,LBen
N219P,0.739,LPath
N219Q,0.0988,LBen
N219R,0.1779,LBen
N219S,0.0608,LBen
N219T,0.0513,LBen
N219V,0.0545,LBen
N219W,0.5464,Amb
N219Y,0.1291,LBen
E220A,0.4591,Amb
E220C,0.9422,LPath
E220D,0.8023,LPath
E220F,0.9939,LPath
E220G,0.8499,LPath
E220H,0.9759,LPath
E220I,0.7061,LPath
E220K,0.8957,LPath
E220L,0.8893,LPath
E220M,0.8859,LPath
E220N,0.9336,LPath
E220P,0.5653,LPath
E220Q,0.449,Amb
E220R,0.9164,LPath
E220S,0.771,LPath
E220T,0.754,LPath
E220V,0.4988,Amb
E220W,0.9989,LPath
E220Y,0.9919,LPath
H221A,0.9352,LPath
H221C,0.7291,LPath
H221D,0.8601,LPath
H221E,0.9791,LPath
H221F,0.9704,LPath
H221G,0.9658,LPath
H221I,0.9868,LPath
H221K,0.9895,LPath
H221L,0.9336,LPath
H221M,0.9761,LPath
H221N,0.6194,LPath
H221P,0.7711,LPath
H221Q,0.9635,LPath
H221R,0.982,LPath
H221S,0.8095,LPath
H221T,0.9729,LPath
H221V,0.9765,LPath
H221W,0.9693,LPath
H221Y,0.914,LPath
E222A,0.2222,LBen
E222C,0.8477,LPath
E222D,0.0937,LBen
E222F,0.8982,LPath
E222G,0.3323,LBen
E222H,0.6392,LPath
E222I,0.4482,Amb
E222K,0.3815,Amb
E222L,0.5094,Amb
E222M,0.6114,LPath
E222N,0.3686,Amb
E222P,0.3971,Amb
E222Q,0.2558,LBen
E222R,0.553,Amb
E222S,0.2744,LBen
E222T,0.2999,LBen
E222V,0.2909,LBen
E222W,0.96,LPath
E222Y,0.8121,LPath
E223A,0.8468,LPath
E223C,0.9955,LPath
E223D,0.2073,LBen
E223F,0.9974,LPath
E223G,0.9073,LPath
E223H,0.9903,LPath
E223I,0.9834,LPath
E223K,0.9813,LPath
E223L,0.9851,LPath
E223M,0.9853,LPath
E223N,0.9085,LPath
E223P,0.9965,LPath
E223Q,0.9126,LPath
E223R,0.9844,LPath
E223S,0.893,LPath
E223T,0.9507,LPath
E223V,0.9496,LPath
E223W,0.9993,LPath
E223Y,0.9925,LPath
I224A,0.9138,LPath
I224C,0.9245,LPath
I224D,0.9962,LPath
I224E,0.99,LPath
I224F,0.8022,LPath
I224G,0.9831,LPath
I224H,0.9882,LPath
I224K,0.9897,LPath
I224L,0.1573,LBen
I224M,0.2271,LBen
I224N,0.8863,LPath
I224P,0.9955,LPath
I224Q,0.9811,LPath
I224R,0.9866,LPath
I224S,0.9353,LPath
I224T,0.787,LPath
I224V,0.1367,LBen
I224W,0.9923,LPath
I224Y,0.9738,LPath
T225A,0.0528,LBen
T225C,0.1495,LBen
T225D,0.3796,Amb
T225E,0.2387,LBen
T225F,0.2508,LBen
T225G,0.0945,LBen
T225H,0.1809,LBen
T225I,0.1516,LBen
T225K,0.1803,LBen
T225L,0.0818,LBen
T225M,0.0921,LBen
T225N,0.0987,LBen
T225P,0.7308,LPath
T225Q,0.1298,LBen
T225R,0.1539,LBen
T225S,0.0645,LBen
T225V,0.107,LBen
T225W,0.6057,LPath
T225Y,0.2908,LBen
N226A,0.0558,LBen
N226C,0.0973,LBen
N226D,0.1589,LBen
N226E,0.2437,LBen
N226F,0.2965,LBen
N226G,0.0791,LBen
N226H,0.0923,LBen
N226I,0.135,LBen
N226K,0.2206,LBen
N226L,0.0974,LBen
N226M,0.1331,LBen
N226P,0.7766,LPath
N226Q,0.1411,LBen
N226R,0.2664,LBen
N226S,0.0485,LBen
N226T,0.0566,LBen
N226V,0.1029,LBen
N226W,0.6377,LPath
N226Y,0.1667,LBen
L227A,0.8192,LPath
L227C,0.7982,LPath
L227D,0.9941,LPath
L227E,0.9696,LPath
L227F,0.586,LPath
L227G,0.9642,LPath
L227H,0.9158,LPath
L227I,0.4133,Amb
L227K,0.9383,LPath
L227M,0.144,LBen
L227N,0.9502,LPath
L227P,0.9966,LPath
L227Q,0.7711,LPath
L227R,0.9098,LPath
L227S,0.9256,LPath
L227T,0.854,LPath
L227V,0.4414,Amb
L227W,0.8957,LPath
L227Y,0.866,LPath
T228A,0.1439,LBen
T228C,0.5716,LPath
T228D,0.4072,Amb
T228E,0.527,Amb
T228F,0.7234,LPath
T228G,0.1631,LBen
T228H,0.3698,Amb
T228I,0.6889,LPath
T228K,0.4996,Amb
T228L,0.2036,LBen
T228M,0.2065,LBen
T228N,0.0884,LBen
T228P,0.1934,LBen
T228Q,0.3017,LBen
T228R,0.6106,LPath
T228S,0.0615,LBen
T228V,0.4912,Amb
T228W,0.9306,LPath
T228Y,0.6354,LPath
P229A,0.0563,LBen
P229C,0.4375,Amb
P229D,0.3425,Amb
P229E,0.2431,LBen
P229F,0.4556,Amb
P229G,0.1296,LBen
P229H,0.1545,LBen
P229I,0.2511,LBen
P229K,0.3959,Amb
P229L,0.1318,LBen
P229M,0.1999,LBen
P229N,0.136,LBen
P229Q,0.1009,LBen
P229R,0.349,Amb
P229S,0.0709,LBen
P229T,0.0763,LBen
P229V,0.1513,LBen
P229W,0.7113,LPath
P229Y,0.4035,Amb
Q230A,0.0923,LBen
Q230C,0.5693,LPath
Q230D,0.2874,LBen
Q230E,0.1075,LBen
Q230F,0.5989,LPath
Q230G,0.1798,LBen
Q230H,0.201,LBen
Q230I,0.2111,LBen
Q230K,0.1646,LBen
Q230L,0.1374,LBen
Q230M,0.2192,LBen
Q230N,0.1821,LBen
Q230P,0.1978,LBen
Q230R,0.2103,LBen
Q230S,0.1128,LBen
Q230T,0.0963,LBen
Q230V,0.1331,LBen
Q230W,0.7509,LPath
Q230Y,0.4399,Amb
Q231A,0.1846,LBen
Q231C,0.8702,LPath
Q231D,0.5477,Amb
Q231E,0.1161,LBen
Q231F,0.9253,LPath
Q231G,0.2487,LBen
Q231H,0.5579,Amb
Q231I,0.7777,LPath
Q231K,0.4329,Amb
Q231L,0.3786,Amb
Q231M,0.4522,Amb
Q231N,0.3185,LBen
Q231P,0.875,LPath
Q231R,0.6248,LPath
Q231S,0.2607,LBen
Q231T,0.3473,Amb
Q231V,0.5326,Amb
Q231W,0.978,LPath
Q231Y,0.8608,LPath
L232A,0.3404,Amb
L232C,0.4379,Amb
L232D,0.9547,LPath
L232E,0.7288,LPath
L232F,0.5918,LPath
L232G,0.755,LPath
L232H,0.7387,LPath
L232I,0.0783,LBen
L232K,0.8307,LPath
L232M,0.1196,LBen
L232N,0.596,LPath
L232P,0.9924,LPath
L232Q,0.4133,Amb
L232R,0.7864,LPath
L232S,0.5379,Amb
L232T,0.2159,LBen
L232V,0.0564,LBen
L232W,0.8829,LPath
L232Y,0.8029,LPath
I233A,0.0948,LBen
I233C,0.3228,LBen
I233D,0.4999,Amb
I233E,0.424,Amb
I233F,0.1215,LBen
I233G,0.2137,LBen
I233H,0.2708,LBen
I233K,0.4326,Amb
I233L,0.0631,LBen
I233M,0.0598,LBen
I233N,0.1226,LBen
I233P,0.8043,LPath
I233Q,0.2135,LBen
I233R,0.3656,Amb
I233S,0.1054,LBen
I233T,0.0838,LBen
I233V,0.0581,LBen
I233W,0.6034,LPath
I233Y,0.3547,Amb
D234A,0.3456,Amb
D234C,0.8583,LPath
D234E,0.096,LBen
D234F,0.8807,LPath
D234G,0.5138,Amb
D234H,0.6568,LPath
D234I,0.6674,LPath
D234K,0.7607,LPath
D234L,0.624,LPath
D234M,0.7501,LPath
D234N,0.2545,LBen
D234P,0.983,LPath
D234Q,0.4801,Amb
D234R,0.8221,LPath
D234S,0.2747,LBen
D234T,0.4048,Amb
D234V,0.4733,Amb
D234W,0.9788,LPath
D234Y,0.6802,LPath
L235A,0.9557,LPath
L235C,0.9492,LPath
L235D,0.9987,LPath
L235E,0.9901,LPath
L235F,0.6756,LPath
L235G,0.9923,LPath
L235H,0.9627,LPath
L235I,0.383,Amb
L235K,0.9699,LPath
L235M,0.3817,Amb
L235N,0.9867,LPath
L235P,0.9997,LPath
L235Q,0.9497,LPath
L235R,0.9585,LPath
L235S,0.9879,LPath
L235T,0.9124,LPath
L235V,0.4801,Amb
L235W,0.9434,LPath
L235Y,0.8903,LPath
R236A,0.9865,LPath
R236C,0.6903,LPath
R236D,0.998,LPath
R236E,0.9668,LPath
R236F,0.982,LPath
R236G,0.9707,LPath
R236H,0.5935,LPath
R236I,0.9473,LPath
R236K,0.4383,Amb
R236L,0.8531,LPath
R236M,0.9533,LPath
R236N,0.9886,LPath
R236P,0.9993,LPath
R236Q,0.4685,Amb
R236S,0.9899,LPath
R236T,0.9714,LPath
R236V,0.9566,LPath
R236W,0.8514,LPath
R236Y,0.9186,LPath
H237A,0.1062,LBen
H237C,0.144,LBen
H237D,0.269,LBen
H237E,0.1623,LBen
H237F,0.2376,LBen
H237G,0.1606,LBen
H237I,0.17,LBen
H237K,0.133,LBen
H237L,0.0863,LBen
H237M,0.1744,LBen
H237N,0.0637,LBen
H237P,0.9223,LPath
H237Q,0.0611,LBen
H237R,0.1034,LBen
H237S,0.0972,LBen
H237T,0.0866,LBen
H237V,0.1337,LBen
H237W,0.4872,Amb
H237Y,0.1185,LBen
K238A,0.8252,LPath
K238C,0.8981,LPath
K238D,0.9228,LPath
K238E,0.7858,LPath
K238F,0.9853,LPath
K238G,0.8877,LPath
K238H,0.5496,Amb
K238I,0.8751,LPath
K238L,0.8349,LPath
K238M,0.7739,LPath
K238N,0.8511,LPath
K238P,0.9963,LPath
K238Q,0.3645,Amb
K238R,0.1185,LBen
K238S,0.8073,LPath
K238T,0.4509,Amb
K238V,0.8006,LPath
K238W,0.9821,LPath
K238Y,0.951,LPath
L239A,0.9401,LPath
L239C,0.8372,LPath
L239D,0.9953,LPath
L239E,0.9781,LPath
L239F,0.5883,LPath
L239G,0.9602,LPath
L239H,0.8522,LPath
L239I,0.7069,LPath
L239K,0.9492,LPath
L239M,0.3436,Amb
L239N,0.892,LPath
L239P,0.9987,LPath
L239Q,0.8515,LPath
L239R,0.9166,LPath
L239S,0.9627,LPath
L239T,0.9592,LPath
L239V,0.7499,LPath
L239W,0.8312,LPath
L239Y,0.7306,LPath
N240A,0.4638,Amb
N240C,0.4227,Amb
N240D,0.3496,Amb
N240E,0.8217,LPath
N240F,0.8969,LPath
N240G,0.2387,LBen
N240H,0.2895,LBen
N240I,0.8821,LPath
N240K,0.8264,LPath
N240L,0.6894,LPath
N240M,0.7555,LPath
N240P,0.9841,LPath
N240Q,0.5916,LPath
N240R,0.8418,LPath
N240S,0.1124,LBen
N240T,0.5395,Amb
N240V,0.8147,LPath
N240W,0.9732,LPath
N240Y,0.6475,LPath
L241A,0.9686,LPath
L241C,0.9196,LPath
L241D,0.9997,LPath
L241E,0.9975,LPath
L241F,0.9655,LPath
L241G,0.9953,LPath
L241H,0.9977,LPath
L241I,0.1239,LBen
L241K,0.9974,LPath
L241M,0.3424,Amb
L241N,0.995,LPath
L241P,0.9993,LPath
L241Q,0.9907,LPath
L241R,0.9963,LPath
L241S,0.9938,LPath
L241T,0.9472,LPath
L241V,0.182,LBen
L241W,0.9979,LPath
L241Y,0.9964,LPath
R242A,0.9523,LPath
R242C,0.7406,LPath
R242D,0.9824,LPath
R242E,0.9278,LPath
R242F,0.9761,LPath
R242G,0.9381,LPath
R242H,0.3515,Amb
R242I,0.8993,LPath
R242K,0.1667,LBen
R242L,0.8852,LPath
R242M,0.9167,LPath
R242N,0.953,LPath
R242P,0.997,LPath
R242Q,0.3858,Amb
R242S,0.9492,LPath
R242T,0.8546,LPath
R242V,0.8946,LPath
R242W,0.8528,LPath
R242Y,0.929,LPath
V243A,0.9366,LPath
V243C,0.9177,LPath
V243D,0.9992,LPath
V243E,0.9975,LPath
V243F,0.9765,LPath
V243G,0.9716,LPath
V243H,0.999,LPath
V243I,0.1542,LBen
V243K,0.9987,LPath
V243L,0.9203,LPath
V243M,0.9394,LPath
V243N,0.9936,LPath
V243P,0.9956,LPath
V243Q,0.9965,LPath
V243R,0.9975,LPath
V243S,0.9662,LPath
V243T,0.8458,LPath
V243W,0.9995,LPath
V243Y,0.9973,LPath
S244A,0.4145,Amb
S244C,0.6384,LPath
S244D,0.9908,LPath
S244E,0.9893,LPath
S244F,0.8999,LPath
S244G,0.5995,LPath
S244H,0.9258,LPath
S244I,0.8971,LPath
S244K,0.9967,LPath
S244L,0.75,LPath
S244M,0.7057,LPath
S244N,0.8703,LPath
S244P,0.9976,LPath
S244Q,0.9442,LPath
S244R,0.994,LPath
S244T,0.2786,LBen
S244V,0.8509,LPath
S244W,0.9339,LPath
S244Y,0.9028,LPath
G245A,0.987,LPath
G245C,0.9979,LPath
G245D,0.9997,LPath
G245E,0.9999,LPath
G245F,0.9997,LPath
G245H,0.9999,LPath
G245I,0.9997,LPath
G245K,0.9999,LPath
G245L,0.9995,LPath
G245M,0.9998,LPath
G245N,0.9997,LPath
G245P,0.9996,LPath
G245Q,0.9998,LPath
G245R,0.9997,LPath
G245S,0.9893,LPath
G245T,0.9984,LPath
G245V,0.999,LPath
G245W,0.9997,LPath
G245Y,0.9998,LPath
A246C,0.7107,LPath
A246D,0.9873,LPath
A246E,0.9775,LPath
A246F,0.7041,LPath
A246G,0.5825,LPath
A246H,0.9389,LPath
A246I,0.6395,LPath
A246K,0.9901,LPath
A246L,0.4573,Amb
A246M,0.611,LPath
A246N,0.8714,LPath
A246P,0.5489,Amb
A246Q,0.9183,LPath
A246R,0.9723,LPath
A246S,0.3435,Amb
A246T,0.5546,Amb
A246V,0.4416,Amb
A246W,0.9763,LPath
A246Y,0.8889,LPath
A247C,0.3122,LBen
A247D,0.529,Amb
A247E,0.5277,Amb
A247F,0.3665,Amb
A247G,0.3032,LBen
A247H,0.5727,LPath
A247I,0.2912,LBen
A247K,0.8009,LPath
A247L,0.1741,LBen
A247M,0.1806,LBen
A247N,0.2563,LBen
A247P,0.9291,LPath
A247Q,0.3913,Amb
A247R,0.7658,LPath
A247S,0.0892,LBen
A247T,0.1314,LBen
A247V,0.1546,LBen
A247W,0.8846,LPath
A247Y,0.5356,Amb
P248A,0.2107,LBen
P248C,0.6594,LPath
P248D,0.9968,LPath
P248E,0.9811,LPath
P248F,0.9763,LPath
P248G,0.9294,LPath
P248H,0.961,LPath
P248I,0.5623,Amb
P248K,0.9884,LPath
P248L,0.6556,LPath
P248M,0.8188,LPath
P248N,0.9793,LPath
P248Q,0.9127,LPath
P248R,0.9731,LPath
P248S,0.6924,LPath
P248T,0.5188,Amb
P248V,0.3425,Amb
P248W,0.9954,LPath
P248Y,0.9852,LPath
P249A,0.3023,LBen
P249C,0.8157,LPath
P249D,0.9961,LPath
P249E,0.9803,LPath
P249F,0.9855,LPath
P249G,0.9217,LPath
P249H,0.9624,LPath
P249I,0.8479,LPath
P249K,0.9879,LPath
P249L,0.7023,LPath
P249M,0.9146,LPath
P249N,0.985,LPath
P249Q,0.9314,LPath
P249R,0.9681,LPath
P249S,0.7654,LPath
P249T,0.7453,LPath
P249V,0.6415,LPath
P249W,0.9966,LPath
P249Y,0.9896,LPath
R250A,0.5964,LPath
R250C,0.254,LBen
R250D,0.956,LPath
R250E,0.8496,LPath
R250F,0.8303,LPath
R250G,0.5652,LPath
R250H,0.1985,LBen
R250I,0.7494,LPath
R250K,0.1047,LBen
R250L,0.5213,Amb
R250M,0.6669,LPath
R250N,0.7717,LPath
R250P,0.6758,LPath
R250Q,0.2321,LBen
R250S,0.7346,LPath
R250T,0.7485,LPath
R250V,0.7232,LPath
R250W,0.6399,LPath
R250Y,0.6478,LPath
P251A,0.6736,LPath
P251C,0.908,LPath
P251D,0.9987,LPath
P251E,0.9955,LPath
P251F,0.9908,LPath
P251G,0.9736,LPath
P251H,0.9934,LPath
P251I,0.8349,LPath
P251K,0.9975,LPath
P251L,0.7674,LPath
P251M,0.9307,LPath
P251N,0.9963,LPath
P251Q,0.9899,LPath
P251R,0.9948,LPath
P251S,0.966,LPath
P251T,0.8834,LPath
P251V,0.7105,LPath
P251W,0.9988,LPath
P251Y,0.9967,LPath
G252A,0.0706,LBen
G252C,0.0912,LBen
G252D,0.9749,LPath
G252E,0.9783,LPath
G252F,0.9625,LPath
G252H,0.9802,LPath
G252I,0.4073,Amb
G252K,0.9967,LPath
G252L,0.7362,LPath
G252M,0.7619,LPath
G252N,0.8466,LPath
G252P,0.9616,LPath
G252Q,0.9679,LPath
G252R,0.988,LPath
G252S,0.1093,LBen
G252T,0.1822,LBen
G252V,0.2005,LBen
G252W,0.987,LPath
G252Y,0.9732,LPath
S253A,0.0965,LBen
S253C,0.0881,LBen
S253D,0.9746,LPath
S253E,0.9651,LPath
S253F,0.6246,LPath
S253G,0.2373,LBen
S253H,0.8607,LPath
S253I,0.3065,LBen
S253K,0.9845,LPath
S253L,0.2188,LBen
S253M,0.253,LBen
S253N,0.5607,Amb
S253P,0.8185,LPath
S253Q,0.8677,LPath
S253R,0.9796,LPath
S253T,0.0828,LBen
S253V,0.2407,LBen
S253W,0.8772,LPath
S253Y,0.7098,LPath
S254A,0.5997,LPath
S254C,0.6807,LPath
S254D,0.9983,LPath
S254E,0.9983,LPath
S254F,0.9923,LPath
S254G,0.8309,LPath
S254H,0.9866,LPath
S254I,0.9906,LPath
S254K,0.9996,LPath
S254L,0.97,LPath
S254M,0.9732,LPath
S254N,0.979,LPath
S254P,0.9992,LPath
S254Q,0.9927,LPath
S254R,0.9989,LPath
S254T,0.7949,LPath
S254V,0.9752,LPath
S254W,0.995,LPath
S254Y,0.9883,LPath
F255A,0.9997,LPath
F255C,0.9997,LPath
F255D,0.9999,LPath
F255E,1.0,LPath
F255G,0.9998,LPath
F255H,0.9993,LPath
F255I,0.9985,LPath
F255K,1.0,LPath
F255L,0.9998,LPath
F255M,0.9986,LPath
F255N,0.9998,LPath
F255P,1.0,LPath
F255Q,0.9999,LPath
F255R,0.9998,LPath
F255S,0.9997,LPath
F255T,0.9998,LPath
F255V,0.9985,LPath
F255W,0.9646,LPath
F255Y,0.9757,LPath
A256C,0.9062,LPath
A256D,0.9991,LPath
A256E,0.9977,LPath
A256F,0.9674,LPath
A256G,0.3274,LBen
A256H,0.9918,LPath
A256I,0.9826,LPath
A256K,0.9987,LPath
A256L,0.8948,LPath
A256M,0.9609,LPath
A256N,0.9906,LPath
A256P,0.9591,LPath
A256Q,0.9842,LPath
A256R,0.9935,LPath
A256S,0.4832,Amb
A256T,0.9433,LPath
A256V,0.9452,LPath
A256W,0.9969,LPath
A256Y,0.989,LPath
H257A,0.9612,LPath
H257C,0.7258,LPath
H257D,0.9726,LPath
H257E,0.9862,LPath
H257F,0.9237,LPath
H257G,0.984,LPath
H257I,0.9839,LPath
H257K,0.9971,LPath
H257L,0.9104,LPath
H257M,0.9611,LPath
H257N,0.7841,LPath
H257P,0.9864,LPath
H257Q,0.9214,LPath
H257R,0.991,LPath
H257S,0.8882,LPath
H257T,0.9868,LPath
H257V,0.9791,LPath
H257W,0.9468,LPath
H257Y,0.7837,LPath
F258A,0.9847,LPath
F258C,0.8195,LPath
F258D,0.9991,LPath
F258E,0.9991,LPath
F258G,0.9867,LPath
F258H,0.9833,LPath
F258I,0.958,LPath
F258K,0.9994,LPath
F258L,0.956,LPath
F258M,0.868,LPath
F258N,0.9914,LPath
F258P,0.9999,LPath
F258Q,0.9961,LPath
F258R,0.9979,LPath
F258S,0.9851,LPath
F258T,0.9906,LPath
F258V,0.9462,LPath
F258W,0.8838,LPath
F258Y,0.5773,LPath
G259A,0.2234,LBen
G259C,0.2253,LBen
G259D,0.6355,LPath
G259E,0.7076,LPath
G259F,0.8587,LPath
G259H,0.6203,LPath
G259I,0.7597,LPath
G259K,0.8677,LPath
G259L,0.663,LPath
G259M,0.6824,LPath
G259N,0.2834,LBen
G259P,0.9866,LPath
G259Q,0.53,Amb
G259R,0.7414,LPath
G259S,0.115,LBen
G259T,0.3699,Amb
G259V,0.6245,LPath
G259W,0.875,LPath
G259Y,0.7656,LPath
F260A,0.9938,LPath
F260C,0.971,LPath
F260D,0.9995,LPath
F260E,0.9994,LPath
F260G,0.9959,LPath
F260H,0.9966,LPath
F260I,0.9417,LPath
F260K,0.9995,LPath
F260L,0.9602,LPath
F260M,0.8653,LPath
F260N,0.9974,LPath
F260P,0.9998,LPath
F260Q,0.9979,LPath
F260R,0.9986,LPath
F260S,0.9972,LPath
F260T,0.9966,LPath
F260V,0.9473,LPath
F260W,0.935,LPath
F260Y,0.8586,LPath
D261A,0.9732,LPath
D261C,0.9857,LPath
D261E,0.9065,LPath
D261F,0.9991,LPath
D261G,0.9323,LPath
D261H,0.9826,LPath
D261I,0.9985,LPath
D261K,0.9966,LPath
D261L,0.9942,LPath
D261M,0.9986,LPath
D261N,0.8417,LPath
D261P,0.977,LPath
D261Q,0.9889,LPath
D261R,0.9944,LPath
D261S,0.8278,LPath
D261T,0.9582,LPath
D261V,0.9929,LPath
D261W,0.9995,LPath
D261Y,0.993,LPath
E262A,0.8681,LPath
E262C,0.9953,LPath
E262D,0.2548,LBen
E262F,0.9968,LPath
E262G,0.8446,LPath
E262H,0.9784,LPath
E262I,0.974,LPath
E262K,0.9343,LPath
E262L,0.9734,LPath
E262M,0.9811,LPath
E262N,0.8698,LPath
E262P,0.9588,LPath
E262Q,0.8208,LPath
E262R,0.9576,LPath
E262S,0.8096,LPath
E262T,0.9049,LPath
E262V,0.9408,LPath
E262W,0.9987,LPath
E262Y,0.9902,LPath
Q263A,0.1069,LBen
Q263C,0.7792,LPath
Q263D,0.7514,LPath
Q263E,0.2943,LBen
Q263F,0.7633,LPath
Q263G,0.324,LBen
Q263H,0.4277,Amb
Q263I,0.3044,LBen
Q263K,0.413,Amb
Q263L,0.1052,LBen
Q263M,0.2206,LBen
Q263N,0.2609,LBen
Q263P,0.1293,LBen
Q263R,0.5049,Amb
Q263S,0.1758,LBen
Q263T,0.1511,LBen
Q263V,0.1879,LBen
Q263W,0.9292,LPath
Q263Y,0.6915,LPath
L264A,0.9797,LPath
L264C,0.9756,LPath
L264D,0.9998,LPath
L264E,0.9982,LPath
L264F,0.9484,LPath
L264G,0.9966,LPath
L264H,0.9978,LPath
L264I,0.536,Amb
L264K,0.998,LPath
L264M,0.4813,Amb
L264N,0.9979,LPath
L264P,0.9994,LPath
L264Q,0.9945,LPath
L264R,0.9975,LPath
L264S,0.998,LPath
L264T,0.9785,LPath
L264V,0.5663,LPath
L264W,0.9958,LPath
L264Y,0.9957,LPath
M265A,0.9697,LPath
M265C,0.9406,LPath
M265D,0.9989,LPath
M265E,0.9918,LPath
M265F,0.8837,LPath
M265G,0.9861,LPath
M265H,0.9866,LPath
M265I,0.8573,LPath
M265K,0.9824,LPath
M265L,0.203,LBen
M265N,0.969,LPath
M265P,0.9994,LPath
M265Q,0.9208,LPath
M265R,0.9831,LPath
M265S,0.9596,LPath
M265T,0.9329,LPath
M265V,0.5412,Amb
M265W,0.9893,LPath
M265Y,0.9825,LPath
H266A,0.2865,LBen
H266C,0.2567,LBen
H266D,0.6856,LPath
H266E,0.6845,LPath
H266F,0.337,LBen
H266G,0.2906,LBen
H266I,0.4765,Amb
H266K,0.5687,LPath
H266L,0.1619,LBen
H266M,0.3924,Amb
H266N,0.116,LBen
H266P,0.9497,LPath
H266Q,0.2068,LBen
H266R,0.3888,Amb
H266S,0.2184,LBen
H266T,0.2619,LBen
H266V,0.3821,Amb
H266W,0.6773,LPath
H266Y,0.1788,LBen
Q267A,0.1272,LBen
Q267C,0.4045,Amb
Q267D,0.9714,LPath
Q267E,0.4469,Amb
Q267F,0.729,LPath
Q267G,0.4713,Amb
Q267H,0.4544,Amb
Q267I,0.2561,LBen
Q267K,0.7665,LPath
Q267L,0.1416,LBen
Q267M,0.1762,LBen
Q267N,0.4173,Amb
Q267P,0.9777,LPath
Q267R,0.7412,LPath
Q267S,0.1807,LBen
Q267T,0.1236,LBen
Q267V,0.1417,LBen
Q267W,0.9159,LPath
Q267Y,0.7141,LPath
I268A,0.9956,LPath
I268C,0.9952,LPath
I268D,1.0,LPath
I268E,0.9999,LPath
I268F,0.995,LPath
I268G,0.9997,LPath
I268H,0.9999,LPath
I268K,0.9999,LPath
I268L,0.7815,LPath
I268M,0.8677,LPath
I268N,0.9995,LPath
I268P,0.9998,LPath
I268Q,0.9998,LPath
I268R,0.9997,LPath
I268S,0.9989,LPath
I268T,0.997,LPath
I268V,0.2894,LBen
I268W,0.9999,LPath
I268Y,0.9996,LPath
R269A,0.9945,LPath
R269C,0.9429,LPath
R269D,0.9997,LPath
R269E,0.9941,LPath
R269F,0.9984,LPath
R269G,0.9939,LPath
R269H,0.9693,LPath
R269I,0.9803,LPath
R269K,0.915,LPath
R269L,0.9813,LPath
R269M,0.9943,LPath
R269N,0.9991,LPath
R269P,0.9997,LPath
R269Q,0.9128,LPath
R269S,0.9972,LPath
R269T,0.9951,LPath
R269V,0.9858,LPath
R269W,0.9762,LPath
R269Y,0.995,LPath
K270A,0.9868,LPath
K270C,0.9834,LPath
K270D,0.9967,LPath
K270E,0.9912,LPath
K270F,0.9984,LPath
K270G,0.9859,LPath
K270H,0.8982,LPath
K270I,0.9907,LPath
K270L,0.9734,LPath
K270M,0.9801,LPath
K270N,0.992,LPath
K270P,0.999,LPath
K270Q,0.8769,LPath
K270R,0.1278,LBen
K270S,0.9917,LPath
K270T,0.9831,LPath
K270V,0.9816,LPath
K270W,0.9946,LPath
K270Y,0.9903,LPath
S271A,0.153,LBen
S271C,0.2188,LBen
S271D,0.9802,LPath
S271E,0.9777,LPath
S271F,0.7646,LPath
S271G,0.28,LBen
S271H,0.8201,LPath
S271I,0.8878,LPath
S271K,0.9957,LPath
S271L,0.4102,Amb
S271M,0.4609,Amb
S271N,0.5513,Amb
S271P,0.9989,LPath
S271Q,0.8768,LPath
S271R,0.9935,LPath
S271T,0.4451,Amb
S271V,0.7918,LPath
S271W,0.8878,LPath
S271Y,0.7426,LPath
E272A,0.8105,LPath
E272C,0.9872,LPath
E272D,0.514,Amb
E272F,0.9975,LPath
E272G,0.503,Amb
E272H,0.9804,LPath
E272I,0.9928,LPath
E272K,0.949,LPath
E272L,0.9825,LPath
E272M,0.9822,LPath
E272N,0.8334,LPath
E272P,0.9954,LPath
E272Q,0.7869,LPath
E272R,0.9591,LPath
E272S,0.7419,LPath
E272T,0.9418,LPath
E272V,0.9725,LPath
E272W,0.9992,LPath
E272Y,0.9924,LPath
Y273A,0.9995,LPath
Y273C,0.9976,LPath
Y273D,0.9987,LPath
Y273E,0.9998,LPath
Y273F,0.2249,LBen
Y273G,0.9975,LPath
Y273H,0.998,LPath
Y273I,0.9954,LPath
Y273K,0.9997,LPath
Y273L,0.989,LPath
Y273M,0.9952,LPath
Y273N,0.9964,LPath
Y273P,0.9999,LPath
Y273Q,0.9999,LPath
Y273R,0.9995,LPath
Y273S,0.9988,LPath
Y273T,0.9996,LPath
Y273V,0.9942,LPath
Y273W,0.9321,LPath
T274A,0.3885,Amb
T274C,0.8223,LPath
T274D,0.969,LPath
T274E,0.9251,LPath
T274F,0.9137,LPath
T274G,0.7138,LPath
T274H,0.8936,LPath
T274I,0.6655,LPath
T274K,0.9333,LPath
T274L,0.5137,Amb
T274M,0.3726,Amb
T274N,0.685,LPath
T274P,0.8924,LPath
T274Q,0.7832,LPath
T274R,0.9281,LPath
T274S,0.3229,LBen
T274V,0.4651,Amb
T274W,0.9863,LPath
T274Y,0.9482,LPath
Q275A,0.2112,LBen
Q275C,0.8235,LPath
Q275D,0.943,LPath
Q275E,0.4311,Amb
Q275F,0.8721,LPath
Q275G,0.5888,LPath
Q275H,0.5474,Amb
Q275I,0.6639,LPath
Q275K,0.452,Amb
Q275L,0.3164,LBen
Q275M,0.3628,Amb
Q275N,0.542,Amb
Q275P,0.9843,LPath
Q275R,0.5654,LPath
Q275S,0.2152,LBen
Q275T,0.1878,LBen
Q275V,0.3805,Amb
Q275W,0.9649,LPath
Q275Y,0.8577,LPath
P276A,0.9626,LPath
P276C,0.9948,LPath
P276D,0.9999,LPath
P276E,0.9999,LPath
P276F,0.9998,LPath
P276G,0.9977,LPath
P276H,0.9997,LPath
P276I,0.998,LPath
P276K,0.9998,LPath
P276L,0.9813,LPath
P276M,0.9964,LPath
P276N,0.9998,LPath
P276Q,0.9995,LPath
P276R,0.9995,LPath
P276S,0.9985,LPath
P276T,0.9985,LPath
P276V,0.9935,LPath
P276W,1.0,LPath
P276Y,0.9999,LPath
T277A,0.838,LPath
T277C,0.9819,LPath
T277D,0.9968,LPath
T277E,0.9973,LPath
T277F,0.9762,LPath
T277G,0.9133,LPath
T277H,0.9755,LPath
T277I,0.9938,LPath
T277K,0.9915,LPath
T277L,0.8359,LPath
T277M,0.7979,LPath
T277N,0.9391,LPath
T277P,0.9736,LPath
T277Q,0.9823,LPath
T277R,0.9921,LPath
T277S,0.5661,LPath
T277V,0.9692,LPath
T277W,0.9972,LPath
T277Y,0.9887,LPath
P278A,0.3215,LBen
P278C,0.9745,LPath
P278D,0.9955,LPath
P278E,0.99,LPath
P278F,0.9973,LPath
P278G,0.8656,LPath
P278H,0.9834,LPath
P278I,0.9912,LPath
P278K,0.9958,LPath
P278L,0.9517,LPath
P278M,0.9819,LPath
P278N,0.9802,LPath
P278Q,0.9674,LPath
P278R,0.9874,LPath
P278S,0.6579,LPath
P278T,0.9028,LPath
P278V,0.9571,LPath
P278W,0.9991,LPath
P278Y,0.9979,LPath
I279A,0.9965,LPath
I279C,0.9989,LPath
I279D,1.0,LPath
I279E,0.9999,LPath
I279F,0.9961,LPath
I279G,0.9998,LPath
I279H,1.0,LPath
I279K,0.9999,LPath
I279L,0.9143,LPath
I279M,0.9589,LPath
I279N,0.9996,LPath
I279P,0.9987,LPath
I279Q,0.9998,LPath
I279R,0.9998,LPath
I279S,0.9983,LPath
I279T,0.997,LPath
I279V,0.3229,LBen
I279W,0.9999,LPath
I279Y,0.9998,LPath
Q280A,0.9367,LPath
Q280C,0.9989,LPath
Q280D,0.9998,LPath
Q280E,0.9645,LPath
Q280F,0.9991,LPath
Q280G,0.9746,LPath
Q280H,0.9995,LPath
Q280I,0.9916,LPath
Q280K,0.9991,LPath
Q280L,0.9818,LPath
Q280M,0.9522,LPath
Q280N,0.9968,LPath
Q280P,0.9985,LPath
Q280R,0.9989,LPath
Q280S,0.9557,LPath
Q280T,0.9831,LPath
Q280V,0.9899,LPath
Q280W,0.9999,LPath
Q280Y,0.9999,LPath
C281A,0.5518,Amb
C281D,0.9982,LPath
C281E,0.9964,LPath
C281F,0.944,LPath
C281G,0.6474,LPath
C281H,0.9857,LPath
C281I,0.9512,LPath
C281K,0.996,LPath
C281L,0.9244,LPath
C281M,0.8798,LPath
C281N,0.962,LPath
C281P,0.9998,LPath
C281Q,0.9569,LPath
C281R,0.9768,LPath
C281S,0.4898,Amb
C281T,0.8398,LPath
C281V,0.8428,LPath
C281W,0.9917,LPath
C281Y,0.9784,LPath
Q282A,0.3694,Amb
Q282C,0.9083,LPath
Q282D,0.9941,LPath
Q282E,0.6533,LPath
Q282F,0.9764,LPath
Q282G,0.8412,LPath
Q282H,0.98,LPath
Q282I,0.7585,LPath
Q282K,0.9843,LPath
Q282L,0.717,LPath
Q282M,0.5212,Amb
Q282N,0.9242,LPath
Q282P,0.989,LPath
Q282R,0.9792,LPath
Q282S,0.5334,Amb
Q282T,0.6205,LPath
Q282V,0.5813,LPath
Q282W,0.9961,LPath
Q282Y,0.9934,LPath
G283A,0.4187,Amb
G283C,0.963,LPath
G283D,0.9995,LPath
G283E,0.9997,LPath
G283F,0.999,LPath
G283H,0.9998,LPath
G283I,0.9959,LPath
G283K,0.9999,LPath
G283L,0.9942,LPath
G283M,0.9952,LPath
G283N,0.9986,LPath
G283P,0.9999,LPath
G283Q,0.9995,LPath
G283R,0.9997,LPath
G283S,0.7464,LPath
G283T,0.9569,LPath
G283V,0.9837,LPath
G283W,0.9997,LPath
G283Y,0.9996,LPath
V284A,0.9172,LPath
V284C,0.9414,LPath
V284D,0.9994,LPath
V284E,0.9981,LPath
V284F,0.919,LPath
V284G,0.9457,LPath
V284H,0.9992,LPath
V284I,0.0836,LBen
V284K,0.999,LPath
V284L,0.6461,LPath
V284M,0.743,LPath
V284N,0.9923,LPath
V284P,0.997,LPath
V284Q,0.9971,LPath
V284R,0.9984,LPath
V284S,0.9673,LPath
V284T,0.8862,LPath
V284W,0.999,LPath
V284Y,0.9966,LPath
P285A,0.6614,LPath
P285C,0.9486,LPath
P285D,0.9987,LPath
P285E,0.9971,LPath
P285F,0.9975,LPath
P285G,0.9454,LPath
P285H,0.9932,LPath
P285I,0.9828,LPath
P285K,0.9985,LPath
P285L,0.9298,LPath
P285M,0.9809,LPath
P285N,0.9942,LPath
P285Q,0.9881,LPath
P285R,0.9939,LPath
P285S,0.9002,LPath
P285T,0.9349,LPath
P285V,0.9338,LPath
P285W,0.9993,LPath
P285Y,0.9982,LPath
V286A,0.5498,Amb
V286C,0.8385,LPath
V286D,0.9963,LPath
V286E,0.9902,LPath
V286F,0.934,LPath
V286G,0.8865,LPath
V286H,0.9975,LPath
V286I,0.0807,LBen
V286K,0.9968,LPath
V286L,0.5154,Amb
V286M,0.549,Amb
V286N,0.9671,LPath
V286P,0.987,LPath
V286Q,0.9876,LPath
V286R,0.9941,LPath
V286S,0.7921,LPath
V286T,0.5627,Amb
V286W,0.9991,LPath
V286Y,0.9951,LPath
A287C,0.6946,LPath
A287D,0.9996,LPath
A287E,0.9988,LPath
A287F,0.9883,LPath
A287G,0.5203,Amb
A287H,0.9987,LPath
A287I,0.7756,LPath
A287K,0.9998,LPath
A287L,0.8435,LPath
A287M,0.9025,LPath
A287N,0.9938,LPath
A287P,0.998,LPath
A287Q,0.9941,LPath
A287R,0.9987,LPath
A287S,0.3372,LBen
A287T,0.7482,LPath
A287V,0.5988,LPath
A287W,0.9996,LPath
A287Y,0.9978,LPath
L288A,0.8773,LPath
L288C,0.8355,LPath
L288D,0.9989,LPath
L288E,0.9885,LPath
L288F,0.8261,LPath
L288G,0.9675,LPath
L288H,0.9834,LPath
L288I,0.6153,LPath
L288K,0.9875,LPath
L288M,0.1362,LBen
L288N,0.9773,LPath
L288P,0.9992,LPath
L288Q,0.9151,LPath
L288R,0.9817,LPath
L288S,0.9505,LPath
L288T,0.9126,LPath
L288V,0.545,Amb
L288W,0.9834,LPath
L288Y,0.9767,LPath
S289A,0.1232,LBen
S289C,0.1485,LBen
S289D,0.9419,LPath
S289E,0.9316,LPath
S289F,0.8688,LPath
S289G,0.0985,LBen
S289H,0.8766,LPath
S289I,0.8526,LPath
S289K,0.9824,LPath
S289L,0.3866,Amb
S289M,0.4133,Amb
S289N,0.5073,Amb
S289P,0.998,LPath
S289Q,0.8025,LPath
S289R,0.9719,LPath
S289T,0.3535,Amb
S289V,0.7699,LPath
S289W,0.9503,LPath
S289Y,0.8784,LPath
G290A,0.9708,LPath
G290C,0.9919,LPath
G290D,0.9994,LPath
G290E,0.9992,LPath
G290F,0.9997,LPath
G290H,0.9996,LPath
G290I,0.9998,LPath
G290K,0.9995,LPath
G290L,0.9993,LPath
G290M,0.9996,LPath
G290N,0.9986,LPath
G290P,0.9998,LPath
G290Q,0.9983,LPath
G290R,0.9981,LPath
G290S,0.9649,LPath
G290T,0.9977,LPath
G290V,0.9993,LPath
G290W,0.9997,LPath
G290Y,0.9997,LPath
R291A,0.9982,LPath
R291C,0.9719,LPath
R291D,0.999,LPath
R291E,0.9927,LPath
R291F,0.9989,LPath
R291G,0.9958,LPath
R291H,0.9378,LPath
R291I,0.9975,LPath
R291K,0.9142,LPath
R291L,0.9939,LPath
R291M,0.9983,LPath
R291N,0.997,LPath
R291P,0.9998,LPath
R291Q,0.944,LPath
R291S,0.9985,LPath
R291T,0.9983,LPath
R291V,0.9971,LPath
R291W,0.9853,LPath
R291Y,0.9949,LPath
D292A,0.9986,LPath
D292C,0.9996,LPath
D292E,0.9959,LPath
D292F,0.9999,LPath
D292G,0.9962,LPath
D292H,0.9992,LPath
D292I,0.9999,LPath
D292K,0.9997,LPath
D292L,0.9997,LPath
D292M,0.9999,LPath
D292N,0.9226,LPath
D292P,0.9997,LPath
D292Q,0.9994,LPath
D292R,0.9996,LPath
D292S,0.9891,LPath
D292T,0.9988,LPath
D292V,0.9994,LPath
D292W,1.0,LPath
D292Y,0.9989,LPath
M293A,0.9052,LPath
M293C,0.8071,LPath
M293D,0.9995,LPath
M293E,0.9957,LPath
M293F,0.8793,LPath
M293G,0.9881,LPath
M293H,0.9968,LPath
M293I,0.5248,Amb
M293K,0.9934,LPath
M293L,0.2516,LBen
M293N,0.9896,LPath
M293P,0.9997,LPath
M293Q,0.9772,LPath
M293R,0.9947,LPath
M293S,0.962,LPath
M293T,0.8594,LPath
M293V,0.1785,LBen
M293W,0.9964,LPath
M293Y,0.9928,LPath
I294A,0.9856,LPath
I294C,0.9983,LPath
I294D,0.9999,LPath
I294E,0.9994,LPath
I294F,0.9893,LPath
I294G,0.9993,LPath
I294H,0.9998,LPath
I294K,0.9995,LPath
I294L,0.7226,LPath
I294M,0.8482,LPath
I294N,0.9992,LPath
I294P,0.9991,LPath
I294Q,0.9995,LPath
I294R,0.9988,LPath
I294S,0.9974,LPath
I294T,0.9787,LPath
I294V,0.4465,Amb
I294W,0.9994,LPath
I294Y,0.9989,LPath
G295A,0.795,LPath
G295C,0.9806,LPath
G295D,0.9998,LPath
G295E,0.9998,LPath
G295F,0.9993,LPath
G295H,0.9999,LPath
G295I,0.9977,LPath
G295K,0.9999,LPath
G295L,0.9969,LPath
G295M,0.9988,LPath
G295N,0.9996,LPath
G295P,0.9999,LPath
G295Q,0.9996,LPath
G295R,0.9995,LPath
G295S,0.9692,LPath
G295T,0.9952,LPath
G295V,0.9949,LPath
G295W,0.9998,LPath
G295Y,0.9998,LPath
I296A,0.9963,LPath
I296C,0.9978,LPath
I296D,0.9999,LPath
I296E,0.9995,LPath
I296F,0.9948,LPath
I296G,0.9995,LPath
I296H,0.9999,LPath
I296K,0.9995,LPath
I296L,0.961,LPath
I296M,0.9308,LPath
I296N,0.9989,LPath
I296P,0.9997,LPath
I296Q,0.9995,LPath
I296R,0.999,LPath
I296S,0.9974,LPath
I296T,0.9878,LPath
I296V,0.3723,Amb
I296W,0.9997,LPath
I296Y,0.9994,LPath
A297C,0.9857,LPath
A297D,0.9998,LPath
A297E,0.9997,LPath
A297F,0.9991,LPath
A297G,0.834,LPath
A297H,0.9997,LPath
A297I,0.9999,LPath
A297K,0.9999,LPath
A297L,0.9961,LPath
A297M,0.9994,LPath
A297N,0.9996,LPath
A297P,0.9997,LPath
A297Q,0.9973,LPath
A297R,0.9982,LPath
A297S,0.7456,LPath
A297T,0.9984,LPath
A297V,0.9996,LPath
A297W,0.9999,LPath
A297Y,0.9997,LPath
K298A,0.955,LPath
K298C,0.9875,LPath
K298D,0.9985,LPath
K298E,0.9781,LPath
K298F,0.9994,LPath
K298G,0.9855,LPath
K298H,0.9766,LPath
K298I,0.9955,LPath
K298L,0.9867,LPath
K298M,0.9638,LPath
K298N,0.9968,LPath
K298P,0.9902,LPath
K298Q,0.7123,LPath
K298R,0.2806,LBen
K298S,0.9858,LPath
K298T,0.9774,LPath
K298V,0.9829,LPath
K298W,0.9993,LPath
K298Y,0.9983,LPath
T299A,0.9989,LPath
T299C,0.9999,LPath
T299D,0.9996,LPath
T299E,0.9979,LPath
T299F,0.9997,LPath
T299G,0.9977,LPath
T299H,0.9996,LPath
T299I,0.9998,LPath
T299K,0.9987,LPath
T299L,0.9993,LPath
T299M,0.9993,LPath
T299N,0.999,LPath
T299P,0.9952,LPath
T299Q,0.9997,LPath
T299R,0.9989,LPath
T299S,0.9989,LPath
T299V,0.9987,LPath
T299W,0.9998,LPath
T299Y,0.9997,LPath
G300A,0.9993,LPath
G300C,0.9999,LPath
G300D,1.0,LPath
G300E,1.0,LPath
G300F,0.9999,LPath
G300H,1.0,LPath
G300I,0.9999,LPath
G300K,1.0,LPath
G300L,0.9999,LPath
G300M,1.0,LPath
G300N,1.0,LPath
G300P,0.9998,LPath
G300Q,1.0,LPath
G300R,0.9999,LPath
G300S,0.9988,LPath
G300T,0.9997,LPath
G300V,0.9997,LPath
G300W,1.0,LPath
G300Y,1.0,LPath
S301A,0.9282,LPath
S301C,0.9638,LPath
S301D,0.9991,LPath
S301E,0.9981,LPath
S301F,0.9982,LPath
S301G,0.9583,LPath
S301H,0.9964,LPath
S301I,0.9984,LPath
S301K,0.9997,LPath
S301L,0.9976,LPath
S301M,0.9942,LPath
S301N,0.9959,LPath
S301P,0.9998,LPath
S301Q,0.9976,LPath
S301R,0.9995,LPath
S301T,0.9155,LPath
S301V,0.9966,LPath
S301W,0.9929,LPath
S301Y,0.9973,LPath
G302A,0.9994,LPath
G302C,0.9997,LPath
G302D,1.0,LPath
G302E,1.0,LPath
G302F,0.9999,LPath
G302H,1.0,LPath
G302I,1.0,LPath
G302K,1.0,LPath
G302L,0.9998,LPath
G302M,1.0,LPath
G302N,1.0,LPath
G302P,1.0,LPath
G302Q,0.9999,LPath
G302R,0.9999,LPath
G302S,0.999,LPath
G302T,0.9997,LPath
G302V,0.9999,LPath
G302W,1.0,LPath
G302Y,1.0,LPath
K303A,0.9997,LPath
K303C,1.0,LPath
K303D,0.9994,LPath
K303E,0.9986,LPath
K303F,0.9999,LPath
K303G,0.9996,LPath
K303H,0.9996,LPath
K303I,0.9997,LPath
K303L,0.9999,LPath
K303M,0.9995,LPath
K303N,0.9995,LPath
K303P,0.9998,LPath
K303Q,0.9996,LPath
K303R,0.9679,LPath
K303S,0.9998,LPath
K303T,0.9984,LPath
K303V,0.9998,LPath
K303W,1.0,LPath
K303Y,0.9999,LPath
T304A,0.999,LPath
T304C,0.9999,LPath
T304D,0.9996,LPath
T304E,0.9994,LPath
T304F,0.9999,LPath
T304G,0.9984,LPath
T304H,0.9995,LPath
T304I,0.9996,LPath
T304K,0.999,LPath
T304L,0.9992,LPath
T304M,0.9985,LPath
T304N,0.9992,LPath
T304P,0.9974,LPath
T304Q,0.9996,LPath
T304R,0.9991,LPath
T304S,0.995,LPath
T304V,0.9985,LPath
T304W,0.9999,LPath
T304Y,0.9999,LPath
A305C,0.6867,LPath
A305D,0.9996,LPath
A305E,0.9985,LPath
A305F,0.9779,LPath
A305G,0.7773,LPath
A305H,0.9976,LPath
A305I,0.7883,LPath
A305K,0.9994,LPath
A305L,0.6497,LPath
A305M,0.8225,LPath
A305N,0.9882,LPath
A305P,0.9975,LPath
A305Q,0.9857,LPath
A305R,0.9962,LPath
A305S,0.5507,Amb
A305T,0.8137,LPath
A305V,0.5048,Amb
A305W,0.9988,LPath
A305Y,0.9955,LPath
A306C,0.8722,LPath
A306D,0.9997,LPath
A306E,0.9996,LPath
A306F,0.9981,LPath
A306G,0.6283,LPath
A306H,0.9994,LPath
A306I,0.9953,LPath
A306K,0.9999,LPath
A306L,0.9746,LPath
A306M,0.982,LPath
A306N,0.9955,LPath
A306P,0.9995,LPath
A306Q,0.9968,LPath
A306R,0.9993,LPath
A306S,0.2383,LBen
A306T,0.7858,LPath
A306V,0.9601,LPath
A306W,0.9999,LPath
A306Y,0.9996,LPath
F307A,0.9993,LPath
F307C,0.998,LPath
F307D,0.9999,LPath
F307E,0.9999,LPath
F307G,0.9995,LPath
F307H,0.9988,LPath
F307I,0.9984,LPath
F307K,0.9999,LPath
F307L,0.9998,LPath
F307M,0.9979,LPath
F307N,0.9994,LPath
F307P,1.0,LPath
F307Q,0.9998,LPath
F307R,0.9997,LPath
F307S,0.9991,LPath
F307T,0.9997,LPath
F307V,0.9966,LPath
F307W,0.9817,LPath
F307Y,0.7061,LPath
I308A,0.9126,LPath
I308C,0.9364,LPath
I308D,0.9996,LPath
I308E,0.999,LPath
I308F,0.9474,LPath
I308G,0.9905,LPath
I308H,0.9988,LPath
I308K,0.9989,LPath
I308L,0.1932,LBen
I308M,0.4837,Amb
I308N,0.9891,LPath
I308P,0.9986,LPath
I308Q,0.9972,LPath
I308R,0.9983,LPath
I308S,0.951,LPath
I308T,0.8192,LPath
I308V,0.1353,LBen
I308W,0.9995,LPath
I308Y,0.9971,LPath
W309A,0.9956,LPath
W309C,0.9959,LPath
W309D,0.9999,LPath
W309E,0.9999,LPath
W309F,0.622,LPath
W309G,0.9911,LPath
W309H,0.9987,LPath
W309I,0.9375,LPath
W309K,0.9999,LPath
W309L,0.6411,LPath
W309M,0.9756,LPath
W309N,0.9998,LPath
W309P,0.9988,LPath
W309Q,0.9999,LPath
W309R,0.9999,LPath
W309S,0.9962,LPath
W309T,0.9965,LPath
W309V,0.9707,LPath
W309Y,0.9502,LPath
P310A,0.9773,LPath
P310C,0.9984,LPath
P310D,0.9995,LPath
P310E,0.9996,LPath
P310F,0.9999,LPath
P310G,0.9899,LPath
P310H,0.9994,LPath
P310I,0.9993,LPath
P310K,0.9997,LPath
P310L,0.9948,LPath
P310M,0.9994,LPath
P310N,0.9993,LPath
P310Q,0.9992,LPath
P310R,0.9993,LPath
P310S,0.9944,LPath
P310T,0.996,LPath
P310V,0.9968,LPath
P310W,1.0,LPath
P310Y,0.9999,LPath
M311A,0.5302,Amb
M311C,0.7899,LPath
M311D,0.9994,LPath
M311E,0.9964,LPath
M311F,0.9736,LPath
M311G,0.9426,LPath
M311H,0.9986,LPath
M311I,0.7936,LPath
M311K,0.9973,LPath
M311L,0.2216,LBen
M311N,0.9898,LPath
M311P,0.999,LPath
M311Q,0.9785,LPath
M311R,0.9977,LPath
M311S,0.8198,LPath
M311T,0.6492,LPath
M311V,0.2701,LBen
M311W,0.9996,LPath
M311Y,0.999,LPath
L312A,0.9742,LPath
L312C,0.9483,LPath
L312D,0.9998,LPath
L312E,0.9988,LPath
L312F,0.8406,LPath
L312G,0.9963,LPath
L312H,0.9969,LPath
L312I,0.3691,Amb
L312K,0.9987,LPath
L312M,0.3721,Amb
L312N,0.9962,LPath
L312P,0.9995,LPath
L312Q,0.9939,LPath
L312R,0.9977,LPath
L312S,0.9964,LPath
L312T,0.9779,LPath
L312V,0.5259,Amb
L312W,0.9928,LPath
L312Y,0.9905,LPath
I313A,0.5881,LPath
I313C,0.6435,LPath
I313D,0.969,LPath
I313E,0.9,LPath
I313F,0.4085,Amb
I313G,0.8068,LPath
I313H,0.8306,LPath
I313K,0.7973,LPath
I313L,0.156,LBen
I313M,0.1505,LBen
I313N,0.6692,LPath
I313P,0.9059,LPath
I313Q,0.7209,LPath
I313R,0.7254,LPath
I313S,0.5875,LPath
I313T,0.3465,Amb
I313V,0.0679,LBen
I313W,0.918,LPath
I313Y,0.8086,LPath
H314A,0.9917,LPath
H314C,0.9191,LPath
H314D,0.9961,LPath
H314E,0.9959,LPath
H314F,0.9683,LPath
H314G,0.9938,LPath
H314I,0.9977,LPath
H314K,0.9973,LPath
H314L,0.9604,LPath
H314M,0.9877,LPath
H314N,0.9552,LPath
H314P,0.998,LPath
H314Q,0.9605,LPath
H314R,0.9917,LPath
H314S,0.9739,LPath
H314T,0.9965,LPath
H314V,0.9969,LPath
H314W,0.9695,LPath
H314Y,0.9497,LPath
I315A,0.8025,LPath
I315C,0.8648,LPath
I315D,0.9995,LPath
I315E,0.9982,LPath
I315F,0.9763,LPath
I315G,0.9907,LPath
I315H,0.9988,LPath
I315K,0.9983,LPath
I315L,0.3669,Amb
I315M,0.4256,Amb
I315N,0.9913,LPath
I315P,0.9993,LPath
I315Q,0.9966,LPath
I315R,0.997,LPath
I315S,0.9407,LPath
I315T,0.8128,LPath
I315V,0.1158,LBen
I315W,0.9996,LPath
I315Y,0.9979,LPath
M316A,0.8953,LPath
M316C,0.8708,LPath
M316D,0.9964,LPath
M316E,0.9707,LPath
M316F,0.9202,LPath
M316G,0.9595,LPath
M316H,0.9821,LPath
M316I,0.9741,LPath
M316K,0.9124,LPath
M316L,0.4846,Amb
M316N,0.9687,LPath
M316P,0.9995,LPath
M316Q,0.8292,LPath
M316R,0.902,LPath
M316S,0.9118,LPath
M316T,0.9108,LPath
M316V,0.6182,LPath
M316W,0.988,LPath
M316Y,0.9829,LPath
D317A,0.7968,LPath
D317C,0.9792,LPath
D317E,0.9111,LPath
D317F,0.9882,LPath
D317G,0.8217,LPath
D317H,0.8893,LPath
D317I,0.9895,LPath
D317K,0.9828,LPath
D317L,0.975,LPath
D317M,0.9929,LPath
D317N,0.7158,LPath
D317P,0.9986,LPath
D317Q,0.9507,LPath
D317R,0.9749,LPath
D317S,0.7275,LPath
D317T,0.9653,LPath
D317V,0.9513,LPath
D317W,0.9956,LPath
D317Y,0.882,LPath
Q318A,0.8955,LPath
Q318C,0.9886,LPath
Q318D,0.9979,LPath
Q318E,0.7656,LPath
Q318F,0.9972,LPath
Q318G,0.9274,LPath
Q318H,0.9899,LPath
Q318I,0.9743,LPath
Q318K,0.9605,LPath
Q318L,0.8916,LPath
Q318M,0.8327,LPath
Q318N,0.9362,LPath
Q318P,0.9972,LPath
Q318R,0.953,LPath
Q318S,0.867,LPath
Q318T,0.9055,LPath
Q318V,0.9357,LPath
Q318W,0.9988,LPath
Q318Y,0.9986,LPath
K319A,0.3601,Amb
K319C,0.7042,LPath
K319D,0.6369,LPath
K319E,0.2263,LBen
K319F,0.9268,LPath
K319G,0.4951,Amb
K319H,0.3715,Amb
K319I,0.6009,LPath
K319L,0.4679,Amb
K319M,0.4314,Amb
K319N,0.5898,LPath
K319P,0.3059,LBen
K319Q,0.1355,LBen
K319R,0.0791,LBen
K319S,0.4998,Amb
K319T,0.2488,LBen
K319V,0.4472,Amb
K319W,0.8762,LPath
K319Y,0.8339,LPath
E320A,0.3705,Amb
E320C,0.9322,LPath
E320D,0.1722,LBen
E320F,0.9342,LPath
E320G,0.5287,Amb
E320H,0.8621,LPath
E320I,0.698,LPath
E320K,0.737,LPath
E320L,0.7152,LPath
E320M,0.7777,LPath
E320N,0.6066,LPath
E320P,0.5468,Amb
E320Q,0.4385,Amb
E320R,0.7931,LPath
E320S,0.535,Amb
E320T,0.5748,LPath
E320V,0.4819,Amb
E320W,0.9825,LPath
E320Y,0.8584,LPath
L321A,0.8263,LPath
L321C,0.8375,LPath
L321D,0.9983,LPath
L321E,0.9801,LPath
L321F,0.9611,LPath
L321G,0.9714,LPath
L321H,0.9833,LPath
L321I,0.231,LBen
L321K,0.9596,LPath
L321M,0.4301,Amb
L321N,0.9689,LPath
L321P,0.8909,LPath
L321Q,0.9373,LPath
L321R,0.9083,LPath
L321S,0.9733,LPath
L321T,0.7699,LPath
L321V,0.2314,LBen
L321W,0.9835,LPath
L321Y,0.988,LPath
E322A,0.1096,LBen
E322C,0.6157,LPath
E322D,0.1276,LBen
E322F,0.6553,LPath
E322G,0.1666,LBen
E322H,0.398,Amb
E322I,0.2227,LBen
E322K,0.2137,LBen
E322L,0.1845,LBen
E322M,0.2657,LBen
E322N,0.1965,LBen
E322P,0.8499,LPath
E322Q,0.095,LBen
E322R,0.3182,LBen
E322S,0.1311,LBen
E322T,0.1518,LBen
E322V,0.1333,LBen
E322W,0.9048,LPath
E322Y,0.5766,LPath
P323A,0.047,LBen
P323C,0.325,LBen
P323D,0.381,Amb
P323E,0.1994,LBen
P323F,0.2952,LBen
P323G,0.1966,LBen
P323H,0.1694,LBen
P323I,0.1151,LBen
P323K,0.2744,LBen
P323L,0.0686,LBen
P323M,0.1102,LBen
P323N,0.1582,LBen
P323Q,0.0957,LBen
P323R,0.2466,LBen
P323S,0.088,LBen
P323T,0.0648,LBen
P323V,0.0793,LBen
P323W,0.566,LPath
P323Y,0.3235,LBen
G324A,0.3269,LBen
G324C,0.4779,Amb
G324D,0.6895,LPath
G324E,0.692,LPath
G324F,0.8274,LPath
G324H,0.753,LPath
G324I,0.8528,LPath
G324K,0.8825,LPath
G324L,0.6712,LPath
G324M,0.6475,LPath
G324N,0.3488,Amb
G324P,0.9828,LPath
G324Q,0.6264,LPath
G324R,0.8411,LPath
G324S,0.1952,LBen
G324T,0.3626,Amb
G324V,0.7318,LPath
G324W,0.8633,LPath
G324Y,0.7885,LPath
D325A,0.5977,LPath
D325C,0.8436,LPath
D325E,0.185,LBen
D325F,0.9069,LPath
D325G,0.7803,LPath
D325H,0.7644,LPath
D325I,0.9084,LPath
D325K,0.9318,LPath
D325L,0.8964,LPath
D325M,0.8691,LPath
D325N,0.3611,Amb
D325P,0.9966,LPath
D325Q,0.6994,LPath
D325R,0.9522,LPath
D325S,0.4302,Amb
D325T,0.7703,LPath
D325V,0.7657,LPath
D325W,0.9841,LPath
D325Y,0.7173,LPath
G326A,0.9802,LPath
G326C,0.9936,LPath
G326D,0.9995,LPath
G326E,0.9996,LPath
G326F,0.9987,LPath
G326H,0.9996,LPath
G326I,0.9986,LPath
G326K,0.9997,LPath
G326L,0.9983,LPath
G326M,0.9992,LPath
G326N,0.9989,LPath
G326P,0.9991,LPath
G326Q,0.9995,LPath
G326R,0.9991,LPath
G326S,0.9685,LPath
G326T,0.9962,LPath
G326V,0.9978,LPath
G326W,0.999,LPath
G326Y,0.999,LPath
P327A,0.872,LPath
P327C,0.9679,LPath
P327D,0.9996,LPath
P327E,0.9993,LPath
P327F,0.9994,LPath
P327G,0.9881,LPath
P327H,0.9987,LPath
P327I,0.9918,LPath
P327K,0.9996,LPath
P327L,0.9728,LPath
P327M,0.9873,LPath
P327N,0.9989,LPath
P327Q,0.9979,LPath
P327R,0.9989,LPath
P327S,0.9798,LPath
P327T,0.984,LPath
P327V,0.9756,LPath
P327W,0.9999,LPath
P327Y,0.9998,LPath
I328A,0.7245,LPath
I328C,0.8859,LPath
I328D,0.9984,LPath
I328E,0.9903,LPath
I328F,0.8902,LPath
I328G,0.9798,LPath
I328H,0.9918,LPath
I328K,0.9858,LPath
I328L,0.2878,LBen
I328M,0.2874,LBen
I328N,0.9706,LPath
I328P,0.9933,LPath
I328Q,0.9769,LPath
I328R,0.9743,LPath
I328S,0.8953,LPath
I328T,0.6723,LPath
I328V,0.0698,LBen
I328W,0.9961,LPath
I328Y,0.9872,LPath
A329C,0.7967,LPath
A329D,0.9992,LPath
A329E,0.9992,LPath
A329F,0.997,LPath
A329G,0.1299,LBen
A329H,0.9989,LPath
A329I,0.9843,LPath
A329K,0.9998,LPath
A329L,0.9743,LPath
A329M,0.9783,LPath
A329N,0.9955,LPath
A329P,0.9991,LPath
A329Q,0.9959,LPath
A329R,0.9991,LPath
A329S,0.2397,LBen
A329T,0.82,LPath
A329V,0.9116,LPath
A329W,0.9998,LPath
A329Y,0.9992,LPath
V330A,0.8288,LPath
V330C,0.8292,LPath
V330D,0.9991,LPath
V330E,0.9962,LPath
V330F,0.8751,LPath
V330G,0.9586,LPath
V330H,0.9986,LPath
V330I,0.0757,LBen
V330K,0.9982,LPath
V330L,0.2119,LBen
V330M,0.3712,Amb
V330N,0.9917,LPath
V330P,0.9983,LPath
V330Q,0.9941,LPath
V330R,0.9974,LPath
V330S,0.9665,LPath
V330T,0.8685,LPath
V330W,0.9987,LPath
V330Y,0.994,LPath
I331A,0.9095,LPath
I331C,0.9427,LPath
I331D,0.9998,LPath
I331E,0.9993,LPath
I331F,0.9351,LPath
I331G,0.9962,LPath
I331H,0.9992,LPath
I331K,0.9994,LPath
I331L,0.4938,Amb
I331M,0.5406,Amb
I331N,0.9961,LPath
I331P,0.9988,LPath
I331Q,0.9986,LPath
I331R,0.9989,LPath
I331S,0.9796,LPath
I331T,0.8969,LPath
I331V,0.084,LBen
I331W,0.9992,LPath
I331Y,0.9973,LPath
V332A,0.7596,LPath
V332C,0.6884,LPath
V332D,0.9991,LPath
V332E,0.9985,LPath
V332F,0.9672,LPath
V332G,0.9147,LPath
V332H,0.9993,LPath
V332I,0.1793,LBen
V332K,0.9993,LPath
V332L,0.7178,LPath
V332M,0.8254,LPath
V332N,0.9907,LPath
V332P,0.9955,LPath
V332Q,0.9965,LPath
V332R,0.9978,LPath
V332S,0.9178,LPath
V332T,0.8011,LPath
V332W,0.9998,LPath
V332Y,0.9983,LPath
C333A,0.6869,LPath
C333D,0.9999,LPath
C333E,0.9999,LPath
C333F,0.9982,LPath
C333G,0.9148,LPath
C333H,0.9998,LPath
C333I,0.9835,LPath
C333K,1.0,LPath
C333L,0.984,LPath
C333M,0.9921,LPath
C333N,0.9981,LPath
C333P,0.9995,LPath
C333Q,0.9998,LPath
C333R,0.9997,LPath
C333S,0.7922,LPath
C333T,0.8487,LPath
C333V,0.8709,LPath
C333W,0.9999,LPath
C333Y,0.9998,LPath
P334A,0.9952,LPath
P334C,0.9996,LPath
P334D,0.9999,LPath
P334E,0.9998,LPath
P334F,1.0,LPath
P334G,0.9987,LPath
P334H,0.9998,LPath
P334I,0.9999,LPath
P334K,0.9999,LPath
P334L,0.9991,LPath
P334M,0.9999,LPath
P334N,0.9998,LPath
P334Q,0.9998,LPath
P334R,0.9995,LPath
P334S,0.9987,LPath
P334T,0.9991,LPath
P334V,0.9993,LPath
P334W,1.0,LPath
P334Y,1.0,LPath
T335A,0.9186,LPath
T335C,0.9968,LPath
T335D,0.9996,LPath
T335E,0.9987,LPath
T335F,0.999,LPath
T335G,0.9874,LPath
T335H,0.9992,LPath
T335I,0.9985,LPath
T335K,0.999,LPath
T335L,0.9867,LPath
T335M,0.9905,LPath
T335N,0.9964,LPath
T335P,0.9715,LPath
T335Q,0.9979,LPath
T335R,0.9975,LPath
T335S,0.9681,LPath
T335V,0.9798,LPath
T335W,0.9999,LPath
T335Y,0.9997,LPath
R336A,0.9998,LPath
R336C,0.9998,LPath
R336D,0.9999,LPath
R336E,0.9987,LPath
R336F,1.0,LPath
R336G,0.9997,LPath
R336H,0.9991,LPath
R336I,1.0,LPath
R336K,0.9968,LPath
R336L,0.9995,LPath
R336M,1.0,LPath
R336N,0.9999,LPath
R336P,0.9998,LPath
R336Q,0.9992,LPath
R336S,0.9999,LPath
R336T,0.9999,LPath
R336V,0.9998,LPath
R336W,0.9993,LPath
R336Y,0.9998,LPath
E337A,0.9991,LPath
E337C,0.9998,LPath
E337D,0.9993,LPath
E337F,1.0,LPath
E337G,0.999,LPath
E337H,0.9999,LPath
E337I,0.9998,LPath
E337K,0.9998,LPath
E337L,0.9998,LPath
E337M,0.9998,LPath
E337N,0.9998,LPath
E337P,0.9997,LPath
E337Q,0.9986,LPath
E337R,0.9997,LPath
E337S,0.9994,LPath
E337T,0.9998,LPath
E337V,0.9994,LPath
E337W,1.0,LPath
E337Y,0.9999,LPath
L338A,0.9973,LPath
L338C,0.9995,LPath
L338D,1.0,LPath
L338E,0.9995,LPath
L338F,0.9993,LPath
L338G,0.9978,LPath
L338H,0.9998,LPath
L338I,0.9918,LPath
L338K,0.9988,LPath
L338M,0.9904,LPath
L338N,0.9989,LPath
L338P,0.9999,LPath
L338Q,0.9999,LPath
L338R,0.9988,LPath
L338S,0.9998,LPath
L338T,0.9987,LPath
L338V,0.9958,LPath
L338W,0.9997,LPath
L338Y,0.9995,LPath
C339A,0.7941,LPath
C339D,0.9998,LPath
C339E,0.9999,LPath
C339F,0.9988,LPath
C339G,0.8905,LPath
C339H,0.9997,LPath
C339I,0.9957,LPath
C339K,1.0,LPath
C339L,0.9916,LPath
C339M,0.9954,LPath
C339N,0.9977,LPath
C339P,0.9998,LPath
C339Q,0.9995,LPath
C339R,0.9996,LPath
C339S,0.8184,LPath
C339T,0.9606,LPath
C339V,0.9537,LPath
C339W,0.9998,LPath
C339Y,0.9997,LPath
Q340A,0.4959,Amb
Q340C,0.8957,LPath
Q340D,0.9946,LPath
Q340E,0.7274,LPath
Q340F,0.9167,LPath
Q340G,0.6128,LPath
Q340H,0.9038,LPath
Q340I,0.3878,Amb
Q340K,0.9074,LPath
Q340L,0.1494,LBen
Q340M,0.2658,LBen
Q340N,0.7764,LPath
Q340P,0.991,LPath
Q340R,0.9045,LPath
Q340S,0.4605,Amb
Q340T,0.3922,Amb
Q340V,0.2824,LBen
Q340W,0.977,LPath
Q340Y,0.9562,LPath
Q341A,0.9521,LPath
Q341C,0.9998,LPath
Q341D,0.997,LPath
Q341E,0.9524,LPath
Q341F,0.998,LPath
Q341G,0.9131,LPath
Q341H,0.9988,LPath
Q341I,0.9953,LPath
Q341K,0.9924,LPath
Q341L,0.9855,LPath
Q341M,0.9643,LPath
Q341N,0.9839,LPath
Q341P,0.998,LPath
Q341R,0.997,LPath
Q341S,0.9383,LPath
Q341T,0.9684,LPath
Q341V,0.9908,LPath
Q341W,0.9996,LPath
Q341Y,0.999,LPath
I342A,0.9912,LPath
I342C,0.9963,LPath
I342D,0.9997,LPath
I342E,0.9991,LPath
I342F,0.9962,LPath
I342G,0.9983,LPath
I342H,0.9997,LPath
I342K,0.9994,LPath
I342L,0.8706,LPath
I342M,0.8845,LPath
I342N,0.993,LPath
I342P,0.9995,LPath
I342Q,0.9991,LPath
I342R,0.9992,LPath
I342S,0.9882,LPath
I342T,0.935,LPath
I342V,0.4622,Amb
I342W,0.9998,LPath
I342Y,0.9994,LPath
H343A,0.6575,LPath
H343C,0.3965,Amb
H343D,0.8973,LPath
H343E,0.9403,LPath
H343F,0.3049,LBen
H343G,0.6193,LPath
H343I,0.9004,LPath
H343K,0.9691,LPath
H343L,0.494,Amb
H343M,0.7772,LPath
H343N,0.2814,LBen
H343P,0.9874,LPath
H343Q,0.6434,LPath
H343R,0.877,LPath
H343S,0.4356,Amb
H343T,0.7538,LPath
H343V,0.7901,LPath
H343W,0.7155,LPath
H343Y,0.1485,LBen
A344C,0.2801,LBen
A344D,0.8847,LPath
A344E,0.8252,LPath
A344F,0.3404,Amb
A344G,0.1104,LBen
A344H,0.6078,LPath
A344I,0.2261,LBen
A344K,0.919,LPath
A344L,0.124,LBen
A344M,0.121,LBen
A344N,0.2149,LBen
A344P,0.9886,LPath
A344Q,0.4758,Amb
A344R,0.9024,LPath
A344S,0.0675,LBen
A344T,0.0692,LBen
A344V,0.1293,LBen
A344W,0.8272,LPath
A344Y,0.5411,Amb
E345A,0.9665,LPath
E345C,0.9964,LPath
E345D,0.9442,LPath
E345F,0.9986,LPath
E345G,0.9841,LPath
E345H,0.9979,LPath
E345I,0.9936,LPath
E345K,0.9972,LPath
E345L,0.9971,LPath
E345M,0.9966,LPath
E345N,0.988,LPath
E345P,0.9996,LPath
E345Q,0.9543,LPath
E345R,0.9952,LPath
E345S,0.9701,LPath
E345T,0.9851,LPath
E345V,0.9723,LPath
E345W,0.9997,LPath
E345Y,0.9979,LPath
C346A,0.592,LPath
C346D,0.9991,LPath
C346E,0.9995,LPath
C346F,0.9748,LPath
C346G,0.7106,LPath
C346H,0.9987,LPath
C346I,0.8887,LPath
C346K,0.9999,LPath
C346L,0.9325,LPath
C346M,0.9177,LPath
C346N,0.9865,LPath
C346P,0.9999,LPath
C346Q,0.9982,LPath
C346R,0.999,LPath
C346S,0.5659,LPath
C346T,0.6305,LPath
C346V,0.6644,LPath
C346W,0.9983,LPath
C346Y,0.9968,LPath
K347A,0.9679,LPath
K347C,0.923,LPath
K347D,0.996,LPath
K347E,0.9784,LPath
K347F,0.9947,LPath
K347G,0.9581,LPath
K347H,0.8126,LPath
K347I,0.9573,LPath
K347L,0.926,LPath
K347M,0.9438,LPath
K347N,0.9877,LPath
K347P,0.997,LPath
K347Q,0.653,LPath
K347R,0.0718,LBen
K347S,0.978,LPath
K347T,0.9524,LPath
K347V,0.9304,LPath
K347W,0.9746,LPath
K347Y,0.9809,LPath
R348A,0.9878,LPath
R348C,0.9279,LPath
R348D,0.9959,LPath
R348E,0.9899,LPath
R348F,0.9925,LPath
R348G,0.9725,LPath
R348H,0.7361,LPath
R348I,0.976,LPath
R348K,0.2672,LBen
R348L,0.9559,LPath
R348M,0.9841,LPath
R348N,0.9894,LPath
R348P,0.996,LPath
R348Q,0.8269,LPath
R348S,0.9927,LPath
R348T,0.9835,LPath
R348V,0.9766,LPath
R348W,0.9614,LPath
R348Y,0.9697,LPath
F349A,0.9973,LPath
F349C,0.9957,LPath
F349D,0.9997,LPath
F349E,0.9997,LPath
F349G,0.9984,LPath
F349H,0.9928,LPath
F349I,0.9903,LPath
F349K,0.9997,LPath
F349L,0.9979,LPath
F349M,0.9871,LPath
F349N,0.998,LPath
F349P,0.9999,LPath
F349Q,0.999,LPath
F349R,0.999,LPath
F349S,0.9981,LPath
F349T,0.9983,LPath
F349V,0.9892,LPath
F349W,0.9145,LPath
F349Y,0.6972,LPath
G350A,0.5232,Amb
G350C,0.879,LPath
G350D,0.9992,LPath
G350E,0.9992,LPath
G350F,0.9984,LPath
G350H,0.9993,LPath
G350I,0.9959,LPath
G350K,0.9997,LPath
G350L,0.9872,LPath
G350M,0.9941,LPath
G350N,0.9966,LPath
G350P,0.9997,LPath
G350Q,0.9967,LPath
G350R,0.9987,LPath
G350S,0.6131,LPath
G350T,0.9156,LPath
G350V,0.9858,LPath
G350W,0.9993,LPath
G350Y,0.9993,LPath
K351A,0.9802,LPath
K351C,0.985,LPath
K351D,0.9954,LPath
K351E,0.9917,LPath
K351F,0.9973,LPath
K351G,0.9667,LPath
K351H,0.9018,LPath
K351I,0.9891,LPath
K351L,0.978,LPath
K351M,0.9758,LPath
K351N,0.9907,LPath
K351P,0.9951,LPath
K351Q,0.8859,LPath
K351R,0.1174,LBen
K351S,0.9868,LPath
K351T,0.9766,LPath
K351V,0.9753,LPath
K351W,0.9916,LPath
K351Y,0.9882,LPath
A352C,0.4745,Amb
A352D,0.9854,LPath
A352E,0.978,LPath
A352F,0.8394,LPath
A352G,0.3806,Amb
A352H,0.949,LPath
A352I,0.3461,Amb
A352K,0.9922,LPath
A352L,0.5233,Amb
A352M,0.5562,Amb
A352N,0.7951,LPath
A352P,0.4903,Amb
A352Q,0.9086,LPath
A352R,0.984,LPath
A352S,0.2004,LBen
A352T,0.2438,LBen
A352V,0.1369,LBen
A352W,0.9878,LPath
A352Y,0.9355,LPath
Y353A,0.98,LPath
Y353C,0.7138,LPath
Y353D,0.9943,LPath
Y353E,0.998,LPath
Y353F,0.2407,LBen
Y353G,0.9367,LPath
Y353H,0.9579,LPath
Y353I,0.9861,LPath
Y353K,0.9971,LPath
Y353L,0.8718,LPath
Y353M,0.9739,LPath
Y353N,0.9509,LPath
Y353P,0.9961,LPath
Y353Q,0.9944,LPath
Y353R,0.9861,LPath
Y353S,0.9278,LPath
Y353T,0.9841,LPath
Y353V,0.947,LPath
Y353W,0.6995,LPath
N354A,0.1721,LBen
N354C,0.1562,LBen
N354D,0.3566,Amb
N354E,0.6885,LPath
N354F,0.6231,LPath
N354G,0.1067,LBen
N354H,0.1353,LBen
N354I,0.5177,Amb
N354K,0.7009,LPath
N354L,0.3036,LBen
N354M,0.3694,Amb
N354P,0.9256,LPath
N354Q,0.3202,LBen
N354R,0.7073,LPath
N354S,0.0542,LBen
N354T,0.1657,LBen
N354V,0.4187,Amb
N354W,0.8671,LPath
N354Y,0.3213,LBen
L355A,0.9174,LPath
L355C,0.8328,LPath
L355D,0.9996,LPath
L355E,0.9952,LPath
L355F,0.7858,LPath
L355G,0.9919,LPath
L355H,0.9895,LPath
L355I,0.1205,LBen
L355K,0.9931,LPath
L355M,0.3109,LBen
L355N,0.9933,LPath
L355P,0.9971,LPath
L355Q,0.9772,LPath
L355R,0.9869,LPath
L355S,0.9873,LPath
L355T,0.9227,LPath
L355V,0.1762,LBen
L355W,0.9832,LPath
L355Y,0.9796,LPath
R356A,0.8234,LPath
R356C,0.3536,Amb
R356D,0.932,LPath
R356E,0.8339,LPath
R356F,0.8934,LPath
R356G,0.6971,LPath
R356H,0.1569,LBen
R356I,0.7997,LPath
R356K,0.1795,LBen
R356L,0.7178,LPath
R356M,0.8215,LPath
R356N,0.8184,LPath
R356P,0.9674,LPath
R356Q,0.2101,LBen
R356S,0.7965,LPath
R356T,0.6557,LPath
R356V,0.7842,LPath
R356W,0.6077,LPath
R356Y,0.742,LPath
S357A,0.1576,LBen
S357C,0.1224,LBen
S357D,0.9918,LPath
S357E,0.9951,LPath
S357F,0.9703,LPath
S357G,0.3899,Amb
S357H,0.9741,LPath
S357I,0.749,LPath
S357K,0.9994,LPath
S357L,0.7542,LPath
S357M,0.7619,LPath
S357N,0.8075,LPath
S357P,0.8712,LPath
S357Q,0.985,LPath
S357R,0.9989,LPath
S357T,0.1877,LBen
S357V,0.4611,Amb
S357W,0.9893,LPath
S357Y,0.9688,LPath
V358A,0.6222,LPath
V358C,0.8329,LPath
V358D,0.9976,LPath
V358E,0.9897,LPath
V358F,0.9407,LPath
V358G,0.9215,LPath
V358H,0.9951,LPath
V358I,0.1388,LBen
V358K,0.9935,LPath
V358L,0.8419,LPath
V358M,0.7268,LPath
V358N,0.975,LPath
V358P,0.9976,LPath
V358Q,0.9766,LPath
V358R,0.9883,LPath
V358S,0.8242,LPath
V358T,0.5541,Amb
V358W,0.999,LPath
V358Y,0.9937,LPath
A359C,0.6015,LPath
A359D,0.9992,LPath
A359E,0.9984,LPath
A359F,0.9893,LPath
A359G,0.5267,Amb
A359H,0.9963,LPath
A359I,0.9796,LPath
A359K,0.9994,LPath
A359L,0.9351,LPath
A359M,0.9608,LPath
A359N,0.9862,LPath
A359P,0.85,LPath
A359Q,0.9877,LPath
A359R,0.997,LPath
A359S,0.4109,Amb
A359T,0.8557,LPath
A359V,0.8762,LPath
A359W,0.9991,LPath
A359Y,0.996,LPath
V360A,0.8149,LPath
V360C,0.9005,LPath
V360D,0.9997,LPath
V360E,0.9992,LPath
V360F,0.9933,LPath
V360G,0.9541,LPath
V360H,0.9998,LPath
V360I,0.2396,LBen
V360K,0.9997,LPath
V360L,0.8964,LPath
V360M,0.9471,LPath
V360N,0.9967,LPath
V360P,0.9981,LPath
V360Q,0.9987,LPath
V360R,0.9988,LPath
V360S,0.9535,LPath
V360T,0.8899,LPath
V360W,0.9999,LPath
V360Y,0.9995,LPath
Y361A,0.9888,LPath
Y361C,0.9383,LPath
Y361D,0.9988,LPath
Y361E,0.9996,LPath
Y361F,0.2028,LBen
Y361G,0.9788,LPath
Y361H,0.9936,LPath
Y361I,0.9785,LPath
Y361K,0.9995,LPath
Y361L,0.9491,LPath
Y361M,0.9784,LPath
Y361N,0.9917,LPath
Y361P,0.9973,LPath
Y361Q,0.999,LPath
Y361R,0.9978,LPath
Y361S,0.9707,LPath
Y361T,0.9885,LPath
Y361V,0.9292,LPath
Y361W,0.8934,LPath
G362A,0.9984,LPath
G362C,0.9998,LPath
G362D,1.0,LPath
G362E,1.0,LPath
G362F,0.9998,LPath
G362H,1.0,LPath
G362I,0.9997,LPath
G362K,0.9999,LPath
G362L,0.9998,LPath
G362M,0.9999,LPath
G362N,1.0,LPath
G362P,0.9998,LPath
G362Q,1.0,LPath
G362R,0.9999,LPath
G362S,0.9987,LPath
G362T,0.9993,LPath
G362V,0.9996,LPath
G362W,0.9998,LPath
G362Y,0.9999,LPath
G363A,0.9984,LPath
G363C,0.9997,LPath
G363D,0.9999,LPath
G363E,1.0,LPath
G363F,0.9996,LPath
G363H,1.0,LPath
G363I,0.9996,LPath
G363K,0.9999,LPath
G363L,0.9998,LPath
G363M,0.9998,LPath
G363N,0.9999,LPath
G363P,0.9999,LPath
G363Q,0.9999,LPath
G363R,0.9999,LPath
G363S,0.9984,LPath
G363T,0.9991,LPath
G363V,0.9995,LPath
G363W,0.9997,LPath
G363Y,0.9998,LPath
G364A,0.8564,LPath
G364C,0.9637,LPath
G364D,0.9985,LPath
G364E,0.998,LPath
G364F,0.9948,LPath
G364H,0.998,LPath
G364I,0.9773,LPath
G364K,0.999,LPath
G364L,0.9886,LPath
G364M,0.9845,LPath
G364N,0.9874,LPath
G364P,0.9988,LPath
G364Q,0.9949,LPath
G364R,0.9977,LPath
G364S,0.8465,LPath
G364T,0.9486,LPath
G364V,0.9503,LPath
G364W,0.9966,LPath
G364Y,0.9965,LPath
S365A,0.7949,LPath
S365C,0.9011,LPath
S365D,0.9968,LPath
S365E,0.9988,LPath
S365F,0.9973,LPath
S365G,0.8155,LPath
S365H,0.9888,LPath
S365I,0.9902,LPath
S365K,0.9996,LPath
S365L,0.9754,LPath
S365M,0.9678,LPath
S365N,0.7648,LPath
S365P,0.9822,LPath
S365Q,0.9925,LPath
S365R,0.9995,LPath
S365T,0.9,LPath
S365V,0.9851,LPath
S365W,0.9966,LPath
S365Y,0.9945,LPath
M366A,0.9763,LPath
M366C,0.9874,LPath
M366D,0.9998,LPath
M366E,0.9989,LPath
M366F,0.9148,LPath
M366G,0.9908,LPath
M366H,0.9937,LPath
M366I,0.9893,LPath
M366K,0.9586,LPath
M366L,0.585,LPath
M366N,0.9913,LPath
M366P,0.9959,LPath
M366Q,0.9237,LPath
M366R,0.9803,LPath
M366S,0.9774,LPath
M366T,0.9824,LPath
M366V,0.7948,LPath
M366W,0.9959,LPath
M366Y,0.9834,LPath
W367A,0.998,LPath
W367C,0.9997,LPath
W367D,0.9999,LPath
W367E,0.9999,LPath
W367F,0.8107,LPath
W367G,0.9879,LPath
W367H,0.9926,LPath
W367I,0.9988,LPath
W367K,0.9998,LPath
W367L,0.9887,LPath
W367M,0.9971,LPath
W367N,0.9993,LPath
W367P,0.9996,LPath
W367Q,0.9998,LPath
W367R,0.9995,LPath
W367S,0.9963,LPath
W367T,0.9991,LPath
W367V,0.9979,LPath
W367Y,0.8159,LPath
E368A,0.9927,LPath
E368C,0.9994,LPath
E368D,0.9452,LPath
E368F,0.9997,LPath
E368G,0.9864,LPath
E368H,0.9993,LPath
E368I,0.9983,LPath
E368K,0.998,LPath
E368L,0.9965,LPath
E368M,0.9983,LPath
E368N,0.9975,LPath
E368P,0.9991,LPath
E368Q,0.9836,LPath
E368R,0.9975,LPath
E368S,0.9952,LPath
E368T,0.9978,LPath
E368V,0.9949,LPath
E368W,0.9998,LPath
E368Y,0.9991,LPath
Q369A,0.9405,LPath
Q369C,0.9991,LPath
Q369D,0.9935,LPath
Q369E,0.8913,LPath
Q369F,0.9995,LPath
Q369G,0.9241,LPath
Q369H,0.9985,LPath
Q369I,0.9942,LPath
Q369K,0.9961,LPath
Q369L,0.9914,LPath
Q369M,0.9264,LPath
Q369N,0.9093,LPath
Q369P,0.9994,LPath
Q369R,0.9986,LPath
Q369S,0.8957,LPath
Q369T,0.9351,LPath
Q369V,0.9894,LPath
Q369W,0.9998,LPath
Q369Y,0.9997,LPath
A370C,0.8113,LPath
A370D,0.9976,LPath
A370E,0.9868,LPath
A370F,0.8209,LPath
A370G,0.3819,Amb
A370H,0.9495,LPath
A370I,0.9485,LPath
A370K,0.9953,LPath
A370L,0.8388,LPath
A370M,0.7264,LPath
A370N,0.9001,LPath
A370P,0.9997,LPath
A370Q,0.7775,LPath
A370R,0.9851,LPath
A370S,0.1618,LBen
A370T,0.5097,Amb
A370V,0.8223,LPath
A370W,0.9842,LPath
A370Y,0.9079,LPath
K371A,0.9638,LPath
K371C,0.9683,LPath
K371D,0.9981,LPath
K371E,0.9808,LPath
K371F,0.9982,LPath
K371G,0.974,LPath
K371H,0.904,LPath
K371I,0.9796,LPath
K371L,0.9066,LPath
K371M,0.9223,LPath
K371N,0.9827,LPath
K371P,0.9991,LPath
K371Q,0.7754,LPath
K371R,0.1843,LBen
K371S,0.9853,LPath
K371T,0.9599,LPath
K371V,0.9415,LPath
K371W,0.9955,LPath
K371Y,0.9923,LPath
A372C,0.7453,LPath
A372D,0.933,LPath
A372E,0.9279,LPath
A372F,0.8002,LPath
A372G,0.3092,LBen
A372H,0.9145,LPath
A372I,0.8843,LPath
A372K,0.9899,LPath
A372L,0.5656,LPath
A372M,0.5838,LPath
A372N,0.6722,LPath
A372P,0.9985,LPath
A372Q,0.8007,LPath
A372R,0.9817,LPath
A372S,0.1942,LBen
A372T,0.5808,LPath
A372V,0.6609,LPath
A372W,0.9844,LPath
A372Y,0.906,LPath
L373A,0.986,LPath
L373C,0.9148,LPath
L373D,1.0,LPath
L373E,0.9997,LPath
L373F,0.9803,LPath
L373G,0.9974,LPath
L373H,0.9996,LPath
L373I,0.79,LPath
L373K,0.9996,LPath
L373M,0.6449,LPath
L373N,0.9992,LPath
L373P,0.9998,LPath
L373Q,0.9989,LPath
L373R,0.9991,LPath
L373S,0.9988,LPath
L373T,0.9926,LPath
L373V,0.7853,LPath
L373W,0.9994,LPath
L373Y,0.9989,LPath
Q374A,0.2945,LBen
Q374C,0.8814,LPath
Q374D,0.9681,LPath
Q374E,0.3318,LBen
Q374F,0.9622,LPath
Q374G,0.4572,Amb
Q374H,0.7412,LPath
Q374I,0.7637,LPath
Q374K,0.5552,Amb
Q374L,0.3571,Amb
Q374M,0.4718,Amb
Q374N,0.7343,LPath
Q374P,0.9918,LPath
Q374R,0.579,LPath
Q374S,0.3588,Amb
Q374T,0.3862,Amb
Q374V,0.5553,Amb
Q374W,0.9827,LPath
Q374Y,0.9396,LPath
E375A,0.4605,Amb
E375C,0.9438,LPath
E375D,0.1897,LBen
E375F,0.9699,LPath
E375G,0.4253,Amb
E375H,0.9186,LPath
E375I,0.874,LPath
E375K,0.85,LPath
E375L,0.827,LPath
E375M,0.8614,LPath
E375N,0.6452,LPath
E375P,0.9945,LPath
E375Q,0.5277,Amb
E375R,0.8977,LPath
E375S,0.5171,Amb
E375T,0.6657,LPath
E375V,0.7203,LPath
E375W,0.992,LPath
E375Y,0.9377,LPath
G376A,0.8417,LPath
G376C,0.9061,LPath
G376D,0.9792,LPath
G376E,0.9803,LPath
G376F,0.9878,LPath
G376H,0.9836,LPath
G376I,0.9848,LPath
G376K,0.9854,LPath
G376L,0.9861,LPath
G376M,0.9756,LPath
G376N,0.9362,LPath
G376P,0.9986,LPath
G376Q,0.9693,LPath
G376R,0.9808,LPath
G376S,0.7551,LPath
G376T,0.8797,LPath
G376V,0.9655,LPath
G376W,0.9901,LPath
G376Y,0.9793,LPath
A377C,0.4892,Amb
A377D,0.996,LPath
A377E,0.9924,LPath
A377F,0.9925,LPath
A377G,0.4483,Amb
A377H,0.9937,LPath
A377I,0.8777,LPath
A377K,0.9971,LPath
A377L,0.901,LPath
A377M,0.9011,LPath
A377N,0.9606,LPath
A377P,0.8967,LPath
A377Q,0.9708,LPath
A377R,0.9916,LPath
A377S,0.1994,LBen
A377T,0.3421,Amb
A377V,0.4799,Amb
A377W,0.999,LPath
A377Y,0.9963,LPath
E378A,0.9716,LPath
E378C,0.9955,LPath
E378D,0.7385,LPath
E378F,0.9995,LPath
E378G,0.967,LPath
E378H,0.9848,LPath
E378I,0.9985,LPath
E378K,0.9919,LPath
E378L,0.9982,LPath
E378M,0.9974,LPath
E378N,0.9662,LPath
E378P,0.9985,LPath
E378Q,0.9077,LPath
E378R,0.9913,LPath
E378S,0.9468,LPath
E378T,0.9907,LPath
E378V,0.9945,LPath
E378W,0.9997,LPath
E378Y,0.9988,LPath
I379A,0.9557,LPath
I379C,0.9717,LPath
I379D,0.9999,LPath
I379E,0.9996,LPath
I379F,0.9137,LPath
I379G,0.9979,LPath
I379H,0.9995,LPath
I379K,0.9996,LPath
I379L,0.5343,Amb
I379M,0.5206,Amb
I379N,0.9972,LPath
I379P,0.9996,LPath
I379Q,0.9994,LPath
I379R,0.9993,LPath
I379S,0.9925,LPath
I379T,0.9611,LPath
I379V,0.1463,LBen
I379W,0.999,LPath
I379Y,0.9958,LPath
V380A,0.7718,LPath
V380C,0.8865,LPath
V380D,0.9996,LPath
V380E,0.999,LPath
V380F,0.9887,LPath
V380G,0.9688,LPath
V380H,0.9997,LPath
V380I,0.1475,LBen
V380K,0.9995,LPath
V380L,0.7584,LPath
V380M,0.879,LPath
V380N,0.9976,LPath
V380P,0.9987,LPath
V380Q,0.9985,LPath
V380R,0.9987,LPath
V380S,0.9652,LPath
V380T,0.8285,LPath
V380W,0.9998,LPath
V380Y,0.9992,LPath
V381A,0.9618,LPath
V381C,0.9581,LPath
V381D,0.9998,LPath
V381E,0.9995,LPath
V381F,0.9951,LPath
V381G,0.9866,LPath
V381H,0.9998,LPath
V381I,0.1924,LBen
V381K,0.9998,LPath
V381L,0.9748,LPath
V381M,0.9843,LPath
V381N,0.9981,LPath
V381P,0.997,LPath
V381Q,0.9991,LPath
V381R,0.9992,LPath
V381S,0.977,LPath
V381T,0.9376,LPath
V381W,0.9999,LPath
V381Y,0.9996,LPath
C382A,0.6436,LPath
C382D,0.9998,LPath
C382E,1.0,LPath
C382F,0.9976,LPath
C382G,0.5723,LPath
C382H,0.9997,LPath
C382I,0.999,LPath
C382K,1.0,LPath
C382L,0.9943,LPath
C382M,0.9962,LPath
C382N,0.9982,LPath
C382P,0.9999,LPath
C382Q,0.9997,LPath
C382R,0.9996,LPath
C382S,0.855,LPath
C382T,0.9585,LPath
C382V,0.9891,LPath
C382W,0.9999,LPath
C382Y,0.9997,LPath
T383A,0.9902,LPath
T383C,0.9958,LPath
T383D,0.9997,LPath
T383E,0.9992,LPath
T383F,0.9991,LPath
T383G,0.9963,LPath
T383H,0.9986,LPath
T383I,0.9981,LPath
T383K,0.9985,LPath
T383L,0.9954,LPath
T383M,0.9963,LPath
T383N,0.9964,LPath
T383P,0.9412,LPath
T383Q,0.9989,LPath
T383R,0.9979,LPath
T383S,0.9851,LPath
T383V,0.9926,LPath
T383W,0.9999,LPath
T383Y,0.9997,LPath
P384A,0.9735,LPath
P384C,0.9988,LPath
P384D,0.9999,LPath
P384E,0.9998,LPath
P384F,1.0,LPath
P384G,0.9967,LPath
P384H,0.9999,LPath
P384I,0.9992,LPath
P384K,0.9999,LPath
P384L,0.9975,LPath
P384M,0.9995,LPath
P384N,0.9998,LPath
P384Q,0.9998,LPath
P384R,0.9995,LPath
P384S,0.9963,LPath
P384T,0.9917,LPath
P384V,0.9942,LPath
P384W,1.0,LPath
P384Y,1.0,LPath
G385A,0.998,LPath
G385C,0.9997,LPath
G385D,1.0,LPath
G385E,0.9999,LPath
G385F,0.9998,LPath
G385H,1.0,LPath
G385I,0.9997,LPath
G385K,1.0,LPath
G385L,0.9994,LPath
G385M,0.9998,LPath
G385N,1.0,LPath
G385P,0.9998,LPath
G385Q,1.0,LPath
G385R,0.9999,LPath
G385S,0.9986,LPath
G385T,0.9995,LPath
G385V,0.9989,LPath
G385W,0.9998,LPath
G385Y,0.9999,LPath
R386A,0.9998,LPath
R386C,0.9991,LPath
R386D,0.9999,LPath
R386E,0.9987,LPath
R386F,0.9997,LPath
R386G,0.9991,LPath
R386H,0.9985,LPath
R386I,0.9996,LPath
R386K,0.9966,LPath
R386L,0.9988,LPath
R386M,0.9999,LPath
R386N,0.9996,LPath
R386P,0.9999,LPath
R386Q,0.9986,LPath
R386S,0.9998,LPath
R386T,0.9999,LPath
R386V,0.9996,LPath
R386W,0.9993,LPath
R386Y,0.9996,LPath
L387A,0.9619,LPath
L387C,0.9411,LPath
L387D,0.9999,LPath
L387E,0.9994,LPath
L387F,0.889,LPath
L387G,0.9941,LPath
L387H,0.999,LPath
L387I,0.5192,Amb
L387K,0.9992,LPath
L387M,0.3095,LBen
L387N,0.9989,LPath
L387P,0.9998,LPath
L387Q,0.9968,LPath
L387R,0.9988,LPath
L387S,0.9974,LPath
L387T,0.9869,LPath
L387V,0.606,LPath
L387W,0.9961,LPath
L387Y,0.9947,LPath
I388A,0.9844,LPath
I388C,0.9986,LPath
I388D,0.9999,LPath
I388E,0.999,LPath
I388F,0.9904,LPath
I388G,0.9982,LPath
I388H,0.9997,LPath
I388K,0.9991,LPath
I388L,0.8297,LPath
I388M,0.8093,LPath
I388N,0.9974,LPath
I388P,0.9993,LPath
I388Q,0.9986,LPath
I388R,0.9981,LPath
I388S,0.9934,LPath
I388T,0.9765,LPath
I388V,0.8103,LPath
I388W,0.9993,LPath
I388Y,0.9992,LPath
D389A,0.9971,LPath
D389C,0.9996,LPath
D389E,0.9901,LPath
D389F,0.9983,LPath
D389G,0.9985,LPath
D389H,0.9987,LPath
D389I,0.9992,LPath
D389K,0.9996,LPath
D389L,0.9981,LPath
D389M,0.9996,LPath
D389N,0.9951,LPath
D389P,0.9999,LPath
D389Q,0.9985,LPath
D389R,0.9992,LPath
D389S,0.9926,LPath
D389T,0.9985,LPath
D389V,0.9977,LPath
D389W,0.9993,LPath
D389Y,0.9903,LPath
H390A,0.9862,LPath
H390C,0.5544,Amb
H390D,0.9988,LPath
H390E,0.998,LPath
H390F,0.8839,LPath
H390G,0.9951,LPath
H390I,0.9695,LPath
H390K,0.9978,LPath
H390L,0.6916,LPath
H390M,0.8614,LPath
H390N,0.951,LPath
H390P,0.9991,LPath
H390Q,0.9862,LPath
H390R,0.9967,LPath
H390S,0.988,LPath
H390T,0.9933,LPath
H390V,0.9694,LPath
H390W,0.9738,LPath
H390Y,0.9113,LPath
V391A,0.9784,LPath
V391C,0.957,LPath
V391D,0.9996,LPath
V391E,0.9976,LPath
V391F,0.9747,LPath
V391G,0.9828,LPath
V391H,0.9989,LPath
V391I,0.14,LBen
V391K,0.9975,LPath
V391L,0.8965,LPath
V391M,0.9205,LPath
V391N,0.9964,LPath
V391P,0.9998,LPath
V391Q,0.9953,LPath
V391R,0.9946,LPath
V391S,0.9878,LPath
V391T,0.9398,LPath
V391W,0.9994,LPath
V391Y,0.9962,LPath
K392A,0.9933,LPath
K392C,0.9829,LPath
K392D,0.9991,LPath
K392E,0.9934,LPath
K392F,0.9991,LPath
K392G,0.9897,LPath
K392H,0.9578,LPath
K392I,0.9926,LPath
K392L,0.9778,LPath
K392M,0.9786,LPath
K392N,0.997,LPath
K392P,0.9993,LPath
K392Q,0.8863,LPath
K392R,0.151,LBen
K392S,0.9955,LPath
K392T,0.9865,LPath
K392V,0.9837,LPath
K392W,0.9965,LPath
K392Y,0.9958,LPath
K393A,0.9812,LPath
K393C,0.9623,LPath
K393D,0.996,LPath
K393E,0.9909,LPath
K393F,0.9957,LPath
K393G,0.9333,LPath
K393H,0.9172,LPath
K393I,0.9863,LPath
K393L,0.9529,LPath
K393M,0.9175,LPath
K393N,0.9838,LPath
K393P,0.9974,LPath
K393Q,0.8629,LPath
K393R,0.1855,LBen
K393S,0.9849,LPath
K393T,0.9805,LPath
K393V,0.9756,LPath
K393W,0.9927,LPath
K393Y,0.9803,LPath
K394A,0.9664,LPath
K394C,0.9627,LPath
K394D,0.9792,LPath
K394E,0.9552,LPath
K394F,0.9962,LPath
K394G,0.7561,LPath
K394H,0.7464,LPath
K394I,0.9934,LPath
K394L,0.9765,LPath
K394M,0.956,LPath
K394N,0.9518,LPath
K394P,0.9927,LPath
K394Q,0.6507,LPath
K394R,0.1649,LBen
K394S,0.9664,LPath
K394T,0.9631,LPath
K394V,0.9825,LPath
K394W,0.9931,LPath
K394Y,0.9828,LPath
A395C,0.7051,LPath
A395D,0.9974,LPath
A395E,0.9944,LPath
A395F,0.9214,LPath
A395G,0.5798,LPath
A395H,0.9642,LPath
A395I,0.9186,LPath
A395K,0.9979,LPath
A395L,0.883,LPath
A395M,0.8573,LPath
A395N,0.8932,LPath
A395P,0.9974,LPath
A395Q,0.9471,LPath
A395R,0.9925,LPath
A395S,0.2373,LBen
A395T,0.6893,LPath
A395V,0.7322,LPath
A395W,0.993,LPath
A395Y,0.9577,LPath
T396A,0.5687,LPath
T396C,0.6335,LPath
T396D,0.9972,LPath
T396E,0.9978,LPath
T396F,0.9806,LPath
T396G,0.8421,LPath
T396H,0.9928,LPath
T396I,0.8395,LPath
T396K,0.9961,LPath
T396L,0.6231,LPath
T396M,0.6602,LPath
T396N,0.9665,LPath
T396P,0.985,LPath
T396Q,0.9897,LPath
T396R,0.994,LPath
T396S,0.6752,LPath
T396V,0.5124,Amb
T396W,0.9978,LPath
T396Y,0.9958,LPath
N397A,0.3682,Amb
N397C,0.2318,LBen
N397D,0.3468,Amb
N397E,0.8788,LPath
N397F,0.8518,LPath
N397G,0.3714,Amb
N397H,0.2865,LBen
N397I,0.6571,LPath
N397K,0.8768,LPath
N397L,0.5458,Amb
N397M,0.6083,LPath
N397P,0.9716,LPath
N397Q,0.7214,LPath
N397R,0.8572,LPath
N397S,0.058,LBen
N397T,0.1306,LBen
N397V,0.4505,Amb
N397W,0.9624,LPath
N397Y,0.5808,LPath
L398A,0.9768,LPath
L398C,0.8175,LPath
L398D,0.9997,LPath
L398E,0.9991,LPath
L398F,0.556,Amb
L398G,0.9904,LPath
L398H,0.9956,LPath
L398I,0.6727,LPath
L398K,0.9985,LPath
L398M,0.3116,LBen
L398N,0.9964,LPath
L398P,0.9968,LPath
L398Q,0.9947,LPath
L398R,0.9966,LPath
L398S,0.9954,LPath
L398T,0.9538,LPath
L398V,0.6593,LPath
L398W,0.9781,LPath
L398Y,0.9782,LPath
Q399A,0.2272,LBen
Q399C,0.5657,LPath
Q399D,0.743,LPath
Q399E,0.1683,LBen
Q399F,0.6733,LPath
Q399G,0.3223,LBen
Q399H,0.2895,LBen
Q399I,0.422,Amb
Q399K,0.1905,LBen
Q399L,0.1158,LBen
Q399M,0.2755,LBen
Q399N,0.4119,Amb
Q399P,0.7931,LPath
Q399R,0.1775,LBen
Q399S,0.2312,LBen
Q399T,0.1961,LBen
Q399V,0.2601,LBen
Q399W,0.7882,LPath
Q399Y,0.552,Amb
R400A,0.9838,LPath
R400C,0.8623,LPath
R400D,0.9925,LPath
R400E,0.9725,LPath
R400F,0.9959,LPath
R400G,0.9651,LPath
R400H,0.727,LPath
R400I,0.9907,LPath
R400K,0.6295,LPath
R400L,0.9625,LPath
R400M,0.9864,LPath
R400N,0.9716,LPath
R400P,0.9981,LPath
R400Q,0.7094,LPath
R400S,0.9872,LPath
R400T,0.9846,LPath
R400V,0.9866,LPath
R400W,0.9546,LPath
R400Y,0.9791,LPath
V401A,0.5461,Amb
V401C,0.7773,LPath
V401D,0.9968,LPath
V401E,0.9959,LPath
V401F,0.9955,LPath
V401G,0.8367,LPath
V401H,0.999,LPath
V401I,0.2948,LBen
V401K,0.998,LPath
V401L,0.9584,LPath
V401M,0.9537,LPath
V401N,0.9804,LPath
V401P,0.9894,LPath
V401Q,0.9931,LPath
V401R,0.9951,LPath
V401S,0.7019,LPath
V401T,0.3353,LBen
V401W,0.9999,LPath
V401Y,0.9993,LPath
S402A,0.5313,Amb
S402C,0.5109,Amb
S402D,0.9618,LPath
S402E,0.9933,LPath
S402F,0.9956,LPath
S402G,0.4107,Amb
S402H,0.9647,LPath
S402I,0.9902,LPath
S402K,0.9979,LPath
S402L,0.9445,LPath
S402M,0.9161,LPath
S402N,0.8148,LPath
S402P,0.9816,LPath
S402Q,0.9841,LPath
S402R,0.997,LPath
S402T,0.0464,LBen
S402V,0.9515,LPath
S402W,0.9959,LPath
S402Y,0.9893,LPath
Y403A,0.991,LPath
Y403C,0.8189,LPath
Y403D,0.9979,LPath
Y403E,0.9994,LPath
Y403F,0.0496,LBen
Y403G,0.9857,LPath
Y403H,0.9845,LPath
Y403I,0.9413,LPath
Y403K,0.9994,LPath
Y403L,0.8902,LPath
Y403M,0.9275,LPath
Y403N,0.9831,LPath
Y403P,0.9992,LPath
Y403Q,0.9985,LPath
Y403R,0.9981,LPath
Y403S,0.9752,LPath
Y403T,0.9854,LPath
Y403V,0.8768,LPath
Y403W,0.7464,LPath
L404A,0.9607,LPath
L404C,0.8257,LPath
L404D,0.9999,LPath
L404E,0.9993,LPath
L404F,0.8923,LPath
L404G,0.9972,LPath
L404H,0.9979,LPath
L404I,0.3418,Amb
L404K,0.999,LPath
L404M,0.3738,Amb
L404N,0.9988,LPath
L404P,0.9997,LPath
L404Q,0.9958,LPath
L404R,0.9979,LPath
L404S,0.9964,LPath
L404T,0.9652,LPath
L404V,0.2631,LBen
L404W,0.9954,LPath
L404Y,0.9947,LPath
V405A,0.9583,LPath
V405C,0.9316,LPath
V405D,0.9997,LPath
V405E,0.9995,LPath
V405F,0.9973,LPath
V405G,0.9828,LPath
V405H,0.9998,LPath
V405I,0.3247,LBen
V405K,0.9998,LPath
V405L,0.9832,LPath
V405M,0.9896,LPath
V405N,0.9976,LPath
V405P,0.999,LPath
V405Q,0.9991,LPath
V405R,0.999,LPath
V405S,0.9764,LPath
V405T,0.9277,LPath
V405W,1.0,LPath
V405Y,0.9997,LPath
F406A,0.9955,LPath
F406C,0.9482,LPath
F406D,0.9997,LPath
F406E,0.9996,LPath
F406G,0.9982,LPath
F406H,0.9982,LPath
F406I,0.9535,LPath
F406K,0.9997,LPath
F406L,0.9509,LPath
F406M,0.9054,LPath
F406N,0.9989,LPath
F406P,0.9999,LPath
F406Q,0.9991,LPath
F406R,0.9988,LPath
F406S,0.9982,LPath
F406T,0.9982,LPath
F406V,0.9566,LPath
F406W,0.9572,LPath
F406Y,0.8322,LPath
D407A,0.9998,LPath
D407C,0.9999,LPath
D407E,0.9994,LPath
D407F,0.9999,LPath
D407G,0.9996,LPath
D407H,0.9996,LPath
D407I,0.9999,LPath
D407K,0.9998,LPath
D407L,0.9995,LPath
D407M,1.0,LPath
D407N,0.9993,LPath
D407P,0.9999,LPath
D407Q,0.9999,LPath
D407R,0.9996,LPath
D407S,0.9991,LPath
D407T,0.9998,LPath
D407V,0.9997,LPath
D407W,0.9999,LPath
D407Y,0.9995,LPath
E408A,0.9998,LPath
E408C,0.9998,LPath
E408D,0.9998,LPath
E408F,1.0,LPath
E408G,0.9996,LPath
E408H,0.9999,LPath
E408I,1.0,LPath
E408K,0.9998,LPath
E408L,1.0,LPath
E408M,0.9996,LPath
E408N,0.9998,LPath
E408P,1.0,LPath
E408Q,0.9997,LPath
E408R,0.9998,LPath
E408S,0.9999,LPath
E408T,0.9999,LPath
E408V,0.9999,LPath
E408W,1.0,LPath
E408Y,1.0,LPath
A409C,0.9423,LPath
A409D,0.9997,LPath
A409E,0.9995,LPath
A409F,0.9963,LPath
A409G,0.9129,LPath
A409H,0.9996,LPath
A409I,0.9966,LPath
A409K,0.9998,LPath
A409L,0.9771,LPath
A409M,0.9881,LPath
A409N,0.9993,LPath
A409P,0.9993,LPath
A409Q,0.9985,LPath
A409R,0.9982,LPath
A409S,0.8534,LPath
A409T,0.9843,LPath
A409V,0.986,LPath
A409W,0.9996,LPath
A409Y,0.9987,LPath
D410A,0.9999,LPath
D410C,1.0,LPath
D410E,0.9998,LPath
D410F,1.0,LPath
D410G,0.9998,LPath
D410H,0.9999,LPath
D410I,1.0,LPath
D410K,1.0,LPath
D410L,1.0,LPath
D410M,1.0,LPath
D410N,0.9997,LPath
D410P,1.0,LPath
D410Q,1.0,LPath
D410R,0.9999,LPath
D410S,0.9998,LPath
D410T,1.0,LPath
D410V,0.9999,LPath
D410W,1.0,LPath
D410Y,0.9998,LPath
R411A,0.9988,LPath
R411C,0.9973,LPath
R411D,0.9998,LPath
R411E,0.998,LPath
R411F,0.9998,LPath
R411G,0.9983,LPath
R411H,0.9961,LPath
R411I,0.9992,LPath
R411K,0.9689,LPath
R411L,0.9973,LPath
R411M,0.9996,LPath
R411N,0.9996,LPath
R411P,0.9999,LPath
R411Q,0.9883,LPath
R411S,0.9995,LPath
R411T,0.9993,LPath
R411V,0.9989,LPath
R411W,0.9991,LPath
R411Y,0.9996,LPath
M412A,0.9983,LPath
M412C,0.9807,LPath
M412D,0.9999,LPath
M412E,0.9996,LPath
M412F,0.9916,LPath
M412G,0.9993,LPath
M412H,0.9994,LPath
M412I,0.9995,LPath
M412K,0.9995,LPath
M412L,0.9614,LPath
M412N,0.9989,LPath
M412P,0.9999,LPath
M412Q,0.993,LPath
M412R,0.9995,LPath
M412S,0.9978,LPath
M412T,0.9996,LPath
M412V,0.996,LPath
M412W,0.9997,LPath
M412Y,0.999,LPath
F413A,0.9982,LPath
F413C,0.9978,LPath
F413D,0.9997,LPath
F413E,0.9996,LPath
F413G,0.9974,LPath
F413H,0.9979,LPath
F413I,0.9971,LPath
F413K,0.9995,LPath
F413L,0.9981,LPath
F413M,0.9906,LPath
F413N,0.9987,LPath
F413P,1.0,LPath
F413Q,0.9989,LPath
F413R,0.9977,LPath
F413S,0.9992,LPath
F413T,0.999,LPath
F413V,0.9964,LPath
F413W,0.9753,LPath
F413Y,0.966,LPath
D414A,0.9842,LPath
D414C,0.9983,LPath
D414E,0.9456,LPath
D414F,0.9975,LPath
D414G,0.9898,LPath
D414H,0.9891,LPath
D414I,0.9988,LPath
D414K,0.9984,LPath
D414L,0.9945,LPath
D414M,0.999,LPath
D414N,0.9692,LPath
D414P,0.9997,LPath
D414Q,0.9917,LPath
D414R,0.9962,LPath
D414S,0.9633,LPath
D414T,0.9938,LPath
D414V,0.9953,LPath
D414W,0.9993,LPath
D414Y,0.9864,LPath
M415A,0.995,LPath
M415C,0.975,LPath
M415D,0.9991,LPath
M415E,0.9976,LPath
M415F,0.9701,LPath
M415G,0.9925,LPath
M415H,0.9964,LPath
M415I,0.9985,LPath
M415K,0.9863,LPath
M415L,0.6633,LPath
M415N,0.9926,LPath
M415P,0.9999,LPath
M415Q,0.9834,LPath
M415R,0.9908,LPath
M415S,0.9943,LPath
M415T,0.997,LPath
M415V,0.9735,LPath
M415W,0.9965,LPath
M415Y,0.9943,LPath
G416A,0.997,LPath
G416C,0.9988,LPath
G416D,0.9996,LPath
G416E,0.9998,LPath
G416F,0.9996,LPath
G416H,0.9999,LPath
G416I,0.9997,LPath
G416K,0.9999,LPath
G416L,0.9995,LPath
G416M,0.9997,LPath
G416N,0.9992,LPath
G416P,0.9999,LPath
G416Q,0.9997,LPath
G416R,0.9997,LPath
G416S,0.9968,LPath
G416T,0.9988,LPath
G416V,0.9993,LPath
G416W,0.9999,LPath
G416Y,0.9996,LPath
F417A,0.9998,LPath
F417C,0.9998,LPath
F417D,0.9999,LPath
F417E,0.9998,LPath
F417G,0.9995,LPath
F417H,0.9997,LPath
F417I,0.9999,LPath
F417K,0.9999,LPath
F417L,1.0,LPath
F417M,0.9995,LPath
F417N,0.9996,LPath
F417P,1.0,LPath
F417Q,0.9998,LPath
F417R,0.9995,LPath
F417S,0.9998,LPath
F417T,0.9999,LPath
F417V,0.9998,LPath
F417W,0.9921,LPath
F417Y,0.993,LPath
E418A,0.9467,LPath
E418C,0.9932,LPath
E418D,0.9874,LPath
E418F,0.9982,LPath
E418G,0.8788,LPath
E418H,0.9967,LPath
E418I,0.9952,LPath
E418K,0.9951,LPath
E418L,0.9964,LPath
E418M,0.9962,LPath
E418N,0.9969,LPath
E418P,0.9966,LPath
E418Q,0.9389,LPath
E418R,0.9873,LPath
E418S,0.9475,LPath
E418T,0.9896,LPath
E418V,0.9916,LPath
E418W,0.9993,LPath
E418Y,0.9961,LPath
Y419A,0.64,LPath
Y419C,0.5706,LPath
Y419D,0.8451,LPath
Y419E,0.9481,LPath
Y419F,0.1555,LBen
Y419G,0.6755,LPath
Y419H,0.7042,LPath
Y419I,0.8157,LPath
Y419K,0.9516,LPath
Y419L,0.6418,LPath
Y419M,0.7746,LPath
Y419N,0.5468,Amb
Y419P,0.5625,Amb
Y419Q,0.892,LPath
Y419R,0.9249,LPath
Y419S,0.5194,Amb
Y419T,0.7187,LPath
Y419V,0.594,LPath
Y419W,0.719,LPath
Q420A,0.9108,LPath
Q420C,0.9994,LPath
Q420D,0.999,LPath
Q420E,0.9588,LPath
Q420F,0.999,LPath
Q420G,0.9619,LPath
Q420H,0.9989,LPath
Q420I,0.9964,LPath
Q420K,0.9963,LPath
Q420L,0.9932,LPath
Q420M,0.9782,LPath
Q420N,0.9902,LPath
Q420P,0.9639,LPath
Q420R,0.9953,LPath
Q420S,0.9118,LPath
Q420T,0.9699,LPath
Q420V,0.9888,LPath
Q420W,0.9997,LPath
Q420Y,0.9994,LPath
V421A,0.9922,LPath
V421C,0.99,LPath
V421D,0.9995,LPath
V421E,0.9986,LPath
V421F,0.9925,LPath
V421G,0.9655,LPath
V421H,0.9997,LPath
V421I,0.527,Amb
V421K,0.9991,LPath
V421L,0.9876,LPath
V421M,0.9868,LPath
V421N,0.9976,LPath
V421P,0.9993,LPath
V421Q,0.9984,LPath
V421R,0.998,LPath
V421S,0.9916,LPath
V421T,0.9716,LPath
V421W,0.9998,LPath
V421Y,0.9985,LPath
R422A,0.9967,LPath
R422C,0.9517,LPath
R422D,0.9989,LPath
R422E,0.9926,LPath
R422F,0.9971,LPath
R422G,0.9904,LPath
R422H,0.8978,LPath
R422I,0.9941,LPath
R422K,0.8177,LPath
R422L,0.975,LPath
R422M,0.9941,LPath
R422N,0.9966,LPath
R422P,0.9994,LPath
R422Q,0.9027,LPath
R422S,0.9964,LPath
R422T,0.9937,LPath
R422V,0.9927,LPath
R422W,0.9732,LPath
R422Y,0.9898,LPath
S423A,0.7357,LPath
S423C,0.8806,LPath
S423D,0.9973,LPath
S423E,0.9968,LPath
S423F,0.9973,LPath
S423G,0.8945,LPath
S423H,0.9904,LPath
S423I,0.9957,LPath
S423K,0.9994,LPath
S423L,0.991,LPath
S423M,0.9854,LPath
S423N,0.9889,LPath
S423P,0.9994,LPath
S423Q,0.9931,LPath
S423R,0.9992,LPath
S423T,0.8854,LPath
S423V,0.9893,LPath
S423W,0.9946,LPath
S423Y,0.9918,LPath
I424A,0.9645,LPath
I424C,0.9844,LPath
I424D,0.9998,LPath
I424E,0.9993,LPath
I424F,0.98,LPath
I424G,0.9984,LPath
I424H,0.9997,LPath
I424K,0.9993,LPath
I424L,0.5593,Amb
I424M,0.7059,LPath
I424N,0.9979,LPath
I424P,0.9989,LPath
I424Q,0.9992,LPath
I424R,0.999,LPath
I424S,0.9906,LPath
I424T,0.9155,LPath
I424V,0.0825,LBen
I424W,0.9997,LPath
I424Y,0.9989,LPath
A425C,0.7906,LPath
A425D,0.9994,LPath
A425E,0.9985,LPath
A425F,0.9882,LPath
A425G,0.5744,LPath
A425H,0.9956,LPath
A425I,0.9737,LPath
A425K,0.9994,LPath
A425L,0.9416,LPath
A425M,0.9659,LPath
A425N,0.9944,LPath
A425P,0.9985,LPath
A425Q,0.9877,LPath
A425R,0.9957,LPath
A425S,0.3538,Amb
A425T,0.8423,LPath
A425V,0.8791,LPath
A425W,0.999,LPath
A425Y,0.995,LPath
S426A,0.1372,LBen
S426C,0.2053,LBen
S426D,0.6815,LPath
S426E,0.8845,LPath
S426F,0.6934,LPath
S426G,0.098,LBen
S426H,0.6368,LPath
S426I,0.7636,LPath
S426K,0.9705,LPath
S426L,0.3406,Amb
S426M,0.42,Amb
S426N,0.1514,LBen
S426P,0.9927,LPath
S426Q,0.7356,LPath
S426R,0.9585,LPath
S426T,0.2111,LBen
S426V,0.6519,LPath
S426W,0.8703,LPath
S426Y,0.6022,LPath
H427A,0.9516,LPath
H427C,0.6398,LPath
H427D,0.9939,LPath
H427E,0.9916,LPath
H427F,0.9281,LPath
H427G,0.96,LPath
H427I,0.9878,LPath
H427K,0.993,LPath
H427L,0.914,LPath
H427M,0.9667,LPath
H427N,0.7146,LPath
H427P,0.9963,LPath
H427Q,0.9411,LPath
H427R,0.9771,LPath
H427S,0.8706,LPath
H427T,0.9737,LPath
H427V,0.9768,LPath
H427W,0.9523,LPath
H427Y,0.8694,LPath
V428A,0.8486,LPath
V428C,0.8651,LPath
V428D,0.9988,LPath
V428E,0.9965,LPath
V428F,0.9826,LPath
V428G,0.9322,LPath
V428H,0.999,LPath
V428I,0.1136,LBen
V428K,0.9985,LPath
V428L,0.8877,LPath
V428M,0.8376,LPath
V428N,0.9908,LPath
V428P,0.9981,LPath
V428Q,0.9935,LPath
V428R,0.997,LPath
V428S,0.8915,LPath
V428T,0.6197,LPath
V428W,0.9997,LPath
V428Y,0.9985,LPath
R429A,0.9923,LPath
R429C,0.9163,LPath
R429D,0.9993,LPath
R429E,0.9902,LPath
R429F,0.999,LPath
R429G,0.996,LPath
R429H,0.9262,LPath
R429I,0.9955,LPath
R429K,0.934,LPath
R429L,0.9826,LPath
R429M,0.9966,LPath
R429N,0.997,LPath
R429P,0.989,LPath
R429Q,0.8466,LPath
R429S,0.9956,LPath
R429T,0.9976,LPath
R429V,0.9939,LPath
R429W,0.9864,LPath
R429Y,0.9964,LPath
P430A,0.8392,LPath
P430C,0.9861,LPath
P430D,0.9867,LPath
P430E,0.9538,LPath
P430F,0.9962,LPath
P430G,0.9577,LPath
P430H,0.955,LPath
P430I,0.9869,LPath
P430K,0.9512,LPath
P430L,0.9303,LPath
P430M,0.9757,LPath
P430N,0.9814,LPath
P430Q,0.916,LPath
P430R,0.922,LPath
P430S,0.9335,LPath
P430T,0.9187,LPath
P430V,0.9628,LPath
P430W,0.9973,LPath
P430Y,0.9932,LPath
D431A,0.8456,LPath
D431C,0.9402,LPath
D431E,0.5551,Amb
D431F,0.988,LPath
D431G,0.7362,LPath
D431H,0.9408,LPath
D431I,0.9716,LPath
D431K,0.9748,LPath
D431L,0.9636,LPath
D431M,0.9756,LPath
D431N,0.4209,Amb
D431P,0.9918,LPath
D431Q,0.8779,LPath
D431R,0.9731,LPath
D431S,0.5379,Amb
D431T,0.7835,LPath
D431V,0.93,LPath
D431W,0.9965,LPath
D431Y,0.9491,LPath
R432A,0.9917,LPath
R432C,0.8435,LPath
R432D,0.9996,LPath
R432E,0.997,LPath
R432F,0.9996,LPath
R432G,0.9933,LPath
R432H,0.956,LPath
R432I,0.9979,LPath
R432K,0.8412,LPath
R432L,0.9949,LPath
R432M,0.9986,LPath
R432N,0.9991,LPath
R432P,0.9994,LPath
R432Q,0.9372,LPath
R432S,0.9975,LPath
R432T,0.9963,LPath
R432V,0.9956,LPath
R432W,0.9963,LPath
R432Y,0.9978,LPath
Q433A,0.9256,LPath
Q433C,0.9973,LPath
Q433D,0.9987,LPath
Q433E,0.9217,LPath
Q433F,0.9989,LPath
Q433G,0.9677,LPath
Q433H,0.997,LPath
Q433I,0.9877,LPath
Q433K,0.9852,LPath
Q433L,0.9723,LPath
Q433M,0.945,LPath
Q433N,0.9847,LPath
Q433P,0.9937,LPath
Q433R,0.9908,LPath
Q433S,0.9311,LPath
Q433T,0.9409,LPath
Q433V,0.9737,LPath
Q433W,0.9997,LPath
Q433Y,0.9995,LPath
T434A,0.5208,Amb
T434C,0.495,Amb
T434D,0.9968,LPath
T434E,0.9967,LPath
T434F,0.9915,LPath
T434G,0.7916,LPath
T434H,0.9874,LPath
T434I,0.9643,LPath
T434K,0.9941,LPath
T434L,0.8676,LPath
T434M,0.8367,LPath
T434N,0.938,LPath
T434P,0.9881,LPath
T434Q,0.9814,LPath
T434R,0.9905,LPath
T434S,0.6537,LPath
T434V,0.7125,LPath
T434W,0.999,LPath
T434Y,0.9947,LPath
L435A,0.8998,LPath
L435C,0.747,LPath
L435D,0.9998,LPath
L435E,0.9972,LPath
L435F,0.9403,LPath
L435G,0.988,LPath
L435H,0.9928,LPath
L435I,0.464,Amb
L435K,0.9973,LPath
L435M,0.3666,Amb
L435N,0.9923,LPath
L435P,0.9997,LPath
L435Q,0.977,LPath
L435R,0.9946,LPath
L435S,0.9793,LPath
L435T,0.9585,LPath
L435V,0.3543,Amb
L435W,0.9959,LPath
L435Y,0.9921,LPath
L436A,0.9923,LPath
L436C,0.9749,LPath
L436D,0.9999,LPath
L436E,0.9998,LPath
L436F,0.9405,LPath
L436G,0.9979,LPath
L436H,0.9988,LPath
L436I,0.9335,LPath
L436K,0.9995,LPath
L436M,0.601,LPath
L436N,0.9993,LPath
L436P,0.9997,LPath
L436Q,0.9986,LPath
L436R,0.9987,LPath
L436S,0.9988,LPath
L436T,0.9976,LPath
L436V,0.9483,LPath
L436W,0.997,LPath
L436Y,0.994,LPath
F437A,0.9997,LPath
F437C,0.9973,LPath
F437D,0.9999,LPath
F437E,0.9999,LPath
F437G,0.9996,LPath
F437H,0.9981,LPath
F437I,0.9984,LPath
F437K,1.0,LPath
F437L,0.9996,LPath
F437M,0.998,LPath
F437N,0.9995,LPath
F437P,1.0,LPath
F437Q,0.9998,LPath
F437R,0.9998,LPath
F437S,0.9993,LPath
F437T,0.9997,LPath
F437V,0.9978,LPath
F437W,0.9175,LPath
F437Y,0.8294,LPath
S438A,0.9666,LPath
S438C,0.9929,LPath
S438D,0.9997,LPath
S438E,0.9994,LPath
S438F,0.9997,LPath
S438G,0.9872,LPath
S438H,0.9988,LPath
S438I,0.9995,LPath
S438K,0.9999,LPath
S438L,0.998,LPath
S438M,0.9983,LPath
S438N,0.9996,LPath
S438P,0.9995,LPath
S438Q,0.9992,LPath
S438R,0.9999,LPath
S438T,0.8383,LPath
S438V,0.9991,LPath
S438W,0.999,LPath
S438Y,0.9996,LPath
A439C,0.9959,LPath
A439D,0.9999,LPath
A439E,0.9996,LPath
A439F,0.9973,LPath
A439G,0.9961,LPath
A439H,0.9995,LPath
A439I,0.9997,LPath
A439K,0.9999,LPath
A439L,0.9941,LPath
A439M,0.9992,LPath
A439N,0.9997,LPath
A439P,0.9994,LPath
A439Q,0.9988,LPath
A439R,0.9961,LPath
A439S,0.9441,LPath
A439T,0.9983,LPath
A439V,0.9992,LPath
A439W,0.9998,LPath
A439Y,0.9993,LPath
T440A,0.9957,LPath
T440C,0.999,LPath
T440D,0.9998,LPath
T440E,0.9995,LPath
T440F,0.9993,LPath
T440G,0.9968,LPath
T440H,0.9988,LPath
T440I,0.9991,LPath
T440K,0.9991,LPath
T440L,0.9967,LPath
T440M,0.9981,LPath
T440N,0.9975,LPath
T440P,0.9943,LPath
T440Q,0.9989,LPath
T440R,0.9977,LPath
T440S,0.9915,LPath
T440V,0.9931,LPath
T440W,0.9998,LPath
T440Y,0.9995,LPath
F441A,0.999,LPath
F441C,0.9956,LPath
F441D,0.9999,LPath
F441E,0.9999,LPath
F441G,0.9993,LPath
F441H,0.9984,LPath
F441I,0.9981,LPath
F441K,0.9999,LPath
F441L,0.9995,LPath
F441M,0.9854,LPath
F441N,0.9991,LPath
F441P,0.9999,LPath
F441Q,0.9989,LPath
F441R,0.9993,LPath
F441S,0.9989,LPath
F441T,0.9996,LPath
F441V,0.9962,LPath
F441W,0.973,LPath
F441Y,0.9556,LPath
R442A,0.9906,LPath
R442C,0.9474,LPath
R442D,0.9986,LPath
R442E,0.9934,LPath
R442F,0.9989,LPath
R442G,0.9783,LPath
R442H,0.8918,LPath
R442I,0.9956,LPath
R442K,0.4918,Amb
R442L,0.978,LPath
R442M,0.9963,LPath
R442N,0.9973,LPath
R442P,0.9585,LPath
R442Q,0.8119,LPath
R442S,0.994,LPath
R442T,0.9924,LPath
R442V,0.9933,LPath
R442W,0.9843,LPath
R442Y,0.9953,LPath
K443A,0.9722,LPath
K443C,0.9667,LPath
K443D,0.9931,LPath
K443E,0.9868,LPath
K443F,0.994,LPath
K443G,0.9298,LPath
K443H,0.7993,LPath
K443I,0.9904,LPath
K443L,0.9639,LPath
K443M,0.9753,LPath
K443N,0.9855,LPath
K443P,0.9435,LPath
K443Q,0.7534,LPath
K443R,0.0906,LBen
K443S,0.9754,LPath
K443T,0.9655,LPath
K443V,0.9742,LPath
K443W,0.9722,LPath
K443Y,0.9663,LPath
K444A,0.9837,LPath
K444C,0.9908,LPath
K444D,0.9925,LPath
K444E,0.9909,LPath
K444F,0.9983,LPath
K444G,0.9796,LPath
K444H,0.8921,LPath
K444I,0.9898,LPath
K444L,0.9846,LPath
K444M,0.9814,LPath
K444N,0.9795,LPath
K444P,0.9738,LPath
K444Q,0.8495,LPath
K444R,0.1161,LBen
K444S,0.9888,LPath
K444T,0.9694,LPath
K444V,0.977,LPath
K444W,0.9947,LPath
K444Y,0.9867,LPath
I445A,0.9861,LPath
I445C,0.9971,LPath
I445D,0.9997,LPath
I445E,0.9986,LPath
I445F,0.99,LPath
I445G,0.9984,LPath
I445H,0.9998,LPath
I445K,0.9991,LPath
I445L,0.8591,LPath
I445M,0.7999,LPath
I445N,0.9971,LPath
I445P,0.9973,LPath
I445Q,0.999,LPath
I445R,0.9986,LPath
I445S,0.9938,LPath
I445T,0.9448,LPath
I445V,0.1783,LBen
I445W,0.9994,LPath
I445Y,0.9991,LPath
E446A,0.9901,LPath
E446C,0.9986,LPath
E446D,0.9939,LPath
E446F,0.9998,LPath
E446G,0.9856,LPath
E446H,0.9995,LPath
E446I,0.9993,LPath
E446K,0.9976,LPath
E446L,0.999,LPath
E446M,0.999,LPath
E446N,0.9992,LPath
E446P,0.9998,LPath
E446Q,0.9605,LPath
E446R,0.9949,LPath
E446S,0.9923,LPath
E446T,0.9974,LPath
E446V,0.9974,LPath
E446W,0.9998,LPath
E446Y,0.9996,LPath
K447A,0.9064,LPath
K447C,0.8887,LPath
K447D,0.9845,LPath
K447E,0.9571,LPath
K447F,0.9693,LPath
K447G,0.8982,LPath
K447H,0.6205,LPath
K447I,0.8963,LPath
K447L,0.8505,LPath
K447M,0.8267,LPath
K447N,0.9435,LPath
K447P,0.9949,LPath
K447Q,0.5415,Amb
K447R,0.0758,LBen
K447S,0.9469,LPath
K447T,0.8381,LPath
K447V,0.8359,LPath
K447W,0.9333,LPath
K447Y,0.8927,LPath
L448A,0.989,LPath
L448C,0.9974,LPath
L448D,0.9999,LPath
L448E,0.9993,LPath
L448F,0.9913,LPath
L448G,0.9984,LPath
L448H,0.9991,LPath
L448I,0.9151,LPath
L448K,0.9982,LPath
L448M,0.8798,LPath
L448N,0.9989,LPath
L448P,0.9998,LPath
L448Q,0.999,LPath
L448R,0.9975,LPath
L448S,0.9995,LPath
L448T,0.9927,LPath
L448V,0.9374,LPath
L448W,0.9985,LPath
L448Y,0.9982,LPath
A449C,0.8632,LPath
A449D,0.9999,LPath
A449E,0.9997,LPath
A449F,0.9973,LPath
A449G,0.9318,LPath
A449H,0.9994,LPath
A449I,0.9905,LPath
A449K,0.9999,LPath
A449L,0.9581,LPath
A449M,0.9863,LPath
A449N,0.9994,LPath
A449P,0.9995,LPath
A449Q,0.9963,LPath
A449R,0.9983,LPath
A449S,0.6993,LPath
A449T,0.9673,LPath
A449V,0.9576,LPath
A449W,0.9997,LPath
A449Y,0.9992,LPath
R450A,0.9949,LPath
R450C,0.9668,LPath
R450D,0.9991,LPath
R450E,0.9941,LPath
R450F,0.9982,LPath
R450G,0.9846,LPath
R450H,0.9249,LPath
R450I,0.9967,LPath
R450K,0.7696,LPath
R450L,0.9811,LPath
R450M,0.9949,LPath
R450N,0.9977,LPath
R450P,0.9998,LPath
R450Q,0.9077,LPath
R450S,0.9965,LPath
R450T,0.9955,LPath
R450V,0.9944,LPath
R450W,0.9726,LPath
R450Y,0.9923,LPath
D451A,0.9864,LPath
D451C,0.9983,LPath
D451E,0.8844,LPath
D451F,0.9971,LPath
D451G,0.9905,LPath
D451H,0.9927,LPath
D451I,0.997,LPath
D451K,0.9976,LPath
D451L,0.9956,LPath
D451M,0.9977,LPath
D451N,0.9525,LPath
D451P,0.9999,LPath
D451Q,0.9896,LPath
D451R,0.997,LPath
D451S,0.9702,LPath
D451T,0.9888,LPath
D451V,0.9906,LPath
D451W,0.9993,LPath
D451Y,0.9808,LPath
I452A,0.9546,LPath
I452C,0.9589,LPath
I452D,0.9992,LPath
I452E,0.9981,LPath
I452F,0.9422,LPath
I452G,0.9969,LPath
I452H,0.9975,LPath
I452K,0.9985,LPath
I452L,0.6993,LPath
I452M,0.7386,LPath
I452N,0.9852,LPath
I452P,0.9988,LPath
I452Q,0.9974,LPath
I452R,0.9964,LPath
I452S,0.9573,LPath
I452T,0.9266,LPath
I452V,0.2651,LBen
I452W,0.998,LPath
I452Y,0.9936,LPath
L453A,0.9824,LPath
L453C,0.9071,LPath
L453D,0.9999,LPath
L453E,0.9997,LPath
L453F,0.9988,LPath
L453G,0.993,LPath
L453H,0.9996,LPath
L453I,0.9644,LPath
L453K,0.9996,LPath
L453M,0.8653,LPath
L453N,0.9984,LPath
L453P,0.9999,LPath
L453Q,0.9987,LPath
L453R,0.999,LPath
L453S,0.9976,LPath
L453T,0.9405,LPath
L453V,0.9209,LPath
L453W,0.9999,LPath
L453Y,0.9999,LPath
I454A,0.2541,LBen
I454C,0.4552,Amb
I454D,0.7974,LPath
I454E,0.6254,LPath
I454F,0.263,LBen
I454G,0.5598,Amb
I454H,0.5226,Amb
I454K,0.5348,Amb
I454L,0.1166,LBen
I454M,0.0973,LBen
I454N,0.2879,LBen
I454P,0.9594,LPath
I454Q,0.418,Amb
I454R,0.4439,Amb
I454S,0.2317,LBen
I454T,0.1064,LBen
I454V,0.0599,LBen
I454W,0.861,LPath
I454Y,0.6753,LPath
D455A,0.9846,LPath
D455C,0.9974,LPath
D455E,0.9764,LPath
D455F,0.9977,LPath
D455G,0.9956,LPath
D455H,0.9939,LPath
D455I,0.9985,LPath
D455K,0.9983,LPath
D455L,0.9932,LPath
D455M,0.9991,LPath
D455N,0.963,LPath
D455P,0.9989,LPath
D455Q,0.9959,LPath
D455R,0.9967,LPath
D455S,0.9635,LPath
D455T,0.9947,LPath
D455V,0.9951,LPath
D455W,0.9994,LPath
D455Y,0.9833,LPath
P456A,0.9786,LPath
P456C,0.9983,LPath
P456D,0.9998,LPath
P456E,0.9997,LPath
P456F,0.9997,LPath
P456G,0.9945,LPath
P456H,0.999,LPath
P456I,0.9997,LPath
P456K,0.9997,LPath
P456L,0.9986,LPath
P456M,0.9997,LPath
P456N,0.9996,LPath
P456Q,0.9995,LPath
P456R,0.9987,LPath
P456S,0.9964,LPath
P456T,0.9978,LPath
P456V,0.9986,LPath
P456W,0.9999,LPath
P456Y,0.9994,LPath
I457A,0.9738,LPath
I457C,0.9577,LPath
I457D,0.9998,LPath
I457E,0.9985,LPath
I457F,0.9784,LPath
I457G,0.998,LPath
I457H,0.9991,LPath
I457K,0.9986,LPath
I457L,0.6477,LPath
I457M,0.7672,LPath
I457N,0.9947,LPath
I457P,0.9985,LPath
I457Q,0.9975,LPath
I457R,0.9978,LPath
I457S,0.9857,LPath
I457T,0.9392,LPath
I457V,0.0758,LBen
I457W,0.9996,LPath
I457Y,0.9973,LPath
R458A,0.9979,LPath
R458C,0.97,LPath
R458D,0.9997,LPath
R458E,0.9962,LPath
R458F,0.9985,LPath
R458G,0.997,LPath
R458H,0.9484,LPath
R458I,0.9945,LPath
R458K,0.7924,LPath
R458L,0.9856,LPath
R458M,0.9975,LPath
R458N,0.9994,LPath
R458P,0.9995,LPath
R458Q,0.9503,LPath
R458S,0.9987,LPath
R458T,0.9968,LPath
R458V,0.9928,LPath
R458W,0.9851,LPath
R458Y,0.9958,LPath
V459A,0.9796,LPath
V459C,0.9771,LPath
V459D,0.9997,LPath
V459E,0.9988,LPath
V459F,0.9855,LPath
V459G,0.9875,LPath
V459H,0.9997,LPath
V459I,0.1227,LBen
V459K,0.9995,LPath
V459L,0.8892,LPath
V459M,0.9318,LPath
V459N,0.9984,LPath
V459P,0.9993,LPath
V459Q,0.9988,LPath
V459R,0.9988,LPath
V459S,0.9931,LPath
V459T,0.9756,LPath
V459W,0.9998,LPath
V459Y,0.9988,LPath
V460A,0.9502,LPath
V460C,0.9649,LPath
V460D,0.9978,LPath
V460E,0.9859,LPath
V460F,0.9173,LPath
V460G,0.9639,LPath
V460H,0.994,LPath
V460I,0.1561,LBen
V460K,0.9932,LPath
V460L,0.9152,LPath
V460M,0.8133,LPath
V460N,0.9686,LPath
V460P,0.9992,LPath
V460Q,0.9507,LPath
V460R,0.9872,LPath
V460S,0.8968,LPath
V460T,0.7479,LPath
V460W,0.9978,LPath
V460Y,0.9887,LPath
Q461A,0.4964,Amb
Q461C,0.9205,LPath
Q461D,0.9906,LPath
Q461E,0.478,Amb
Q461F,0.9858,LPath
Q461G,0.919,LPath
Q461H,0.9264,LPath
Q461I,0.7215,LPath
Q461K,0.9511,LPath
Q461L,0.8784,LPath
Q461M,0.7406,LPath
Q461N,0.8911,LPath
Q461P,0.9845,LPath
Q461R,0.947,LPath
Q461S,0.6516,LPath
Q461T,0.5939,LPath
Q461V,0.485,Amb
Q461W,0.9932,LPath
Q461Y,0.9874,LPath
G462A,0.9948,LPath
G462C,0.9987,LPath
G462D,0.9991,LPath
G462E,0.9997,LPath
G462F,0.9997,LPath
G462H,0.9998,LPath
G462I,0.9995,LPath
G462K,0.9998,LPath
G462L,0.9994,LPath
G462M,0.9996,LPath
G462N,0.9991,LPath
G462P,0.9999,LPath
G462Q,0.9997,LPath
G462R,0.9997,LPath
G462S,0.9943,LPath
G462T,0.998,LPath
G462V,0.9985,LPath
G462W,0.9995,LPath
G462Y,0.9996,LPath
D463A,0.8795,LPath
D463C,0.9918,LPath
D463E,0.6439,LPath
D463F,0.9862,LPath
D463G,0.8769,LPath
D463H,0.9633,LPath
D463I,0.9765,LPath
D463K,0.9798,LPath
D463L,0.967,LPath
D463M,0.9869,LPath
D463N,0.6796,LPath
D463P,0.9948,LPath
D463Q,0.9498,LPath
D463R,0.9765,LPath
D463S,0.7918,LPath
D463T,0.9189,LPath
D463V,0.9287,LPath
D463W,0.9981,LPath
D463Y,0.9474,LPath
I464A,0.6818,LPath
I464C,0.9407,LPath
I464D,0.9946,LPath
I464E,0.9842,LPath
I464F,0.7708,LPath
I464G,0.9675,LPath
I464H,0.9854,LPath
I464K,0.9732,LPath
I464L,0.2711,LBen
I464M,0.3681,Amb
I464N,0.9524,LPath
I464P,0.9574,LPath
I464Q,0.9736,LPath
I464R,0.9461,LPath
I464S,0.8662,LPath
I464T,0.4823,Amb
I464V,0.0931,LBen
I464W,0.983,LPath
I464Y,0.9738,LPath
G465A,0.9722,LPath
G465C,0.9861,LPath
G465D,0.9982,LPath
G465E,0.9989,LPath
G465F,0.9983,LPath
G465H,0.9984,LPath
G465I,0.9987,LPath
G465K,0.9997,LPath
G465L,0.9952,LPath
G465M,0.9977,LPath
G465N,0.9861,LPath
G465P,0.9997,LPath
G465Q,0.9972,LPath
G465R,0.9984,LPath
G465S,0.9225,LPath
G465T,0.988,LPath
G465V,0.9969,LPath
G465W,0.997,LPath
G465Y,0.998,LPath
E466A,0.8918,LPath
E466C,0.992,LPath
E466D,0.9541,LPath
E466F,0.9964,LPath
E466G,0.9384,LPath
E466H,0.9942,LPath
E466I,0.9685,LPath
E466K,0.968,LPath
E466L,0.9865,LPath
E466M,0.9625,LPath
E466N,0.9878,LPath
E466P,0.9993,LPath
E466Q,0.8004,LPath
E466R,0.97,LPath
E466S,0.9373,LPath
E466T,0.9422,LPath
E466V,0.887,LPath
E466W,0.999,LPath
E466Y,0.9962,LPath
A467C,0.9895,LPath
A467D,0.9993,LPath
A467E,0.9986,LPath
A467F,0.9958,LPath
A467G,0.9672,LPath
A467H,0.9992,LPath
A467I,0.9959,LPath
A467K,0.9997,LPath
A467L,0.985,LPath
A467M,0.9934,LPath
A467N,0.9975,LPath
A467P,0.9968,LPath
A467Q,0.9969,LPath
A467R,0.9967,LPath
A467S,0.8655,LPath
A467T,0.9811,LPath
A467V,0.9822,LPath
A467W,0.9995,LPath
A467Y,0.9982,LPath
N468A,0.8768,LPath
N468C,0.6745,LPath
N468D,0.987,LPath
N468E,0.9979,LPath
N468F,0.9977,LPath
N468G,0.9391,LPath
N468H,0.9626,LPath
N468I,0.9904,LPath
N468K,0.999,LPath
N468L,0.9697,LPath
N468M,0.9716,LPath
N468P,0.9853,LPath
N468Q,0.9939,LPath
N468R,0.9967,LPath
N468S,0.2741,LBen
N468T,0.8062,LPath
N468V,0.9529,LPath
N468W,0.9991,LPath
N468Y,0.9906,LPath
E469A,0.6652,LPath
E469C,0.9889,LPath
E469D,0.7969,LPath
E469F,0.9974,LPath
E469G,0.8217,LPath
E469H,0.98,LPath
E469I,0.9642,LPath
E469K,0.8916,LPath
E469L,0.9699,LPath
E469M,0.9507,LPath
E469N,0.9399,LPath
E469P,0.9934,LPath
E469Q,0.604,LPath
E469R,0.9202,LPath
E469S,0.7676,LPath
E469T,0.7133,LPath
E469V,0.8696,LPath
E469W,0.9992,LPath
E469Y,0.9954,LPath
D470A,0.9828,LPath
D470C,0.9991,LPath
D470E,0.9618,LPath
D470F,0.9978,LPath
D470G,0.9885,LPath
D470H,0.9951,LPath
D470I,0.9973,LPath
D470K,0.9974,LPath
D470L,0.9941,LPath
D470M,0.9979,LPath
D470N,0.9245,LPath
D470P,0.9998,LPath
D470Q,0.9959,LPath
D470R,0.9968,LPath
D470S,0.9768,LPath
D470T,0.9898,LPath
D470V,0.988,LPath
D470W,0.9995,LPath
D470Y,0.9824,LPath
V471A,0.9981,LPath
V471C,0.9988,LPath
V471D,0.9998,LPath
V471E,0.9992,LPath
V471F,0.999,LPath
V471G,0.9984,LPath
V471H,0.9999,LPath
V471I,0.1165,LBen
V471K,0.9995,LPath
V471L,0.993,LPath
V471M,0.9936,LPath
V471N,0.9992,LPath
V471P,0.9996,LPath
V471Q,0.9996,LPath
V471R,0.9989,LPath
V471S,0.9979,LPath
V471T,0.9913,LPath
V471W,1.0,LPath
V471Y,0.9998,LPath
T472A,0.1806,LBen
T472C,0.5005,Amb
T472D,0.6795,LPath
T472E,0.4105,Amb
T472F,0.5523,Amb
T472G,0.5074,Amb
T472H,0.3859,Amb
T472I,0.3721,Amb
T472K,0.3966,Amb
T472L,0.2097,LBen
T472M,0.1476,LBen
T472N,0.2492,LBen
T472P,0.9554,LPath
T472Q,0.2701,LBen
T472R,0.3674,Amb
T472S,0.1503,LBen
T472V,0.2529,LBen
T472W,0.8641,LPath
T472Y,0.6035,LPath
Q473A,0.9555,LPath
Q473C,0.9989,LPath
Q473D,0.9992,LPath
Q473E,0.9414,LPath
Q473F,0.9991,LPath
Q473G,0.957,LPath
Q473H,0.9985,LPath
Q473I,0.9938,LPath
Q473K,0.9972,LPath
Q473L,0.9863,LPath
Q473M,0.956,LPath
Q473N,0.9738,LPath
Q473P,0.9969,LPath
Q473R,0.9979,LPath
Q473S,0.8721,LPath
Q473T,0.9471,LPath
Q473V,0.9856,LPath
Q473W,0.9997,LPath
Q473Y,0.9997,LPath
I474A,0.3649,Amb
I474C,0.4844,Amb
I474D,0.8128,LPath
I474E,0.5155,Amb
I474F,0.13,LBen
I474G,0.7973,LPath
I474H,0.297,LBen
I474K,0.3189,LBen
I474L,0.1175,LBen
I474M,0.0872,LBen
I474N,0.3222,LBen
I474P,0.9926,LPath
I474Q,0.3079,LBen
I474R,0.2583,LBen
I474S,0.3663,Amb
I474T,0.2152,LBen
I474V,0.0701,LBen
I474W,0.6573,LPath
I474Y,0.4006,Amb
V475A,0.7163,LPath
V475C,0.9311,LPath
V475D,0.9992,LPath
V475E,0.9976,LPath
V475F,0.9708,LPath
V475G,0.958,LPath
V475H,0.9992,LPath
V475I,0.1747,LBen
V475K,0.9988,LPath
V475L,0.9485,LPath
V475M,0.9136,LPath
V475N,0.9961,LPath
V475P,0.9693,LPath
V475Q,0.996,LPath
V475R,0.9967,LPath
V475S,0.9345,LPath
V475T,0.7959,LPath
V475W,0.9994,LPath
V475Y,0.9981,LPath
E476A,0.47,Amb
E476C,0.8802,LPath
E476D,0.3369,LBen
E476F,0.9192,LPath
E476G,0.7658,LPath
E476H,0.6193,LPath
E476I,0.6182,LPath
E476K,0.5373,Amb
E476L,0.683,LPath
E476M,0.7139,LPath
E476N,0.5667,LPath
E476P,0.9964,LPath
E476Q,0.246,LBen
E476R,0.6677,LPath
E476S,0.5106,Amb
E476T,0.52,Amb
E476V,0.41,Amb
E476W,0.9809,LPath
E476Y,0.8691,LPath
I477A,0.8108,LPath
I477C,0.7448,LPath
I477D,0.9821,LPath
I477E,0.955,LPath
I477F,0.4302,Amb
I477G,0.9404,LPath
I477H,0.9281,LPath
I477K,0.927,LPath
I477L,0.1256,LBen
I477M,0.1554,LBen
I477N,0.7886,LPath
I477P,0.9346,LPath
I477Q,0.8942,LPath
I477R,0.9162,LPath
I477S,0.8204,LPath
I477T,0.7255,LPath
I477V,0.083,LBen
I477W,0.96,LPath
I477Y,0.8549,LPath
L478A,0.6539,LPath
L478C,0.295,LBen
L478D,0.9833,LPath
L478E,0.8788,LPath
L478F,0.0968,LBen
L478G,0.9161,LPath
L478H,0.5412,Amb
L478I,0.1271,LBen
L478K,0.8528,LPath
L478M,0.0986,LBen
L478N,0.8403,LPath
L478P,0.9671,LPath
L478Q,0.5038,Amb
L478R,0.7499,LPath
L478S,0.7803,LPath
L478T,0.6069,LPath
L478V,0.1148,LBen
L478W,0.5555,Amb
L478Y,0.5098,Amb
H479A,0.0774,LBen
H479C,0.1275,LBen
H479D,0.1549,LBen
H479E,0.1853,LBen
H479F,0.2047,LBen
H479G,0.1184,LBen
H479I,0.1514,LBen
H479K,0.2379,LBen
H479L,0.0619,LBen
H479M,0.1917,LBen
H479N,0.0561,LBen
H479P,0.0376,LBen
H479Q,0.0848,LBen
H479R,0.1389,LBen
H479S,0.0735,LBen
H479T,0.0829,LBen
H479V,0.1007,LBen
H479W,0.3852,Amb
H479Y,0.1044,LBen
S480A,0.0852,LBen
S480C,0.1161,LBen
S480D,0.6052,LPath
S480E,0.802,LPath
S480F,0.388,Amb
S480G,0.0971,LBen
S480H,0.5003,Amb
S480I,0.3442,Amb
S480K,0.9224,LPath
S480L,0.134,LBen
S480M,0.2051,LBen
S480N,0.1556,LBen
S480P,0.7056,LPath
S480Q,0.6426,LPath
S480R,0.9102,LPath
S480T,0.0804,LBen
S480V,0.2388,LBen
S480W,0.6479,LPath
S480Y,0.426,Amb
G481A,0.1729,LBen
G481C,0.5056,Amb
G481D,0.9284,LPath
G481E,0.9105,LPath
G481F,0.7918,LPath
G481H,0.8926,LPath
G481I,0.4528,Amb
G481K,0.9813,LPath
G481L,0.5349,Amb
G481M,0.6287,LPath
G481N,0.5872,LPath
G481P,0.5909,LPath
G481Q,0.844,LPath
G481R,0.9671,LPath
G481S,0.1838,LBen
G481T,0.3161,LBen
G481V,0.3304,LBen
G481W,0.8661,LPath
G481Y,0.8197,LPath
P482A,0.0797,LBen
P482C,0.5343,Amb
P482D,0.567,LPath
P482E,0.4182,Amb
P482F,0.4849,Amb
P482G,0.237,LBen
P482H,0.2626,LBen
P482I,0.2383,LBen
P482K,0.5756,LPath
P482L,0.1308,LBen
P482M,0.2386,LBen
P482N,0.248,LBen
P482Q,0.1794,LBen
P482R,0.4766,Amb
P482S,0.1115,LBen
P482T,0.1011,LBen
P482V,0.1638,LBen
P482W,0.7635,LPath
P482Y,0.5107,Amb
S483A,0.0649,LBen
S483C,0.102,LBen
S483D,0.2718,LBen
S483E,0.4108,Amb
S483F,0.2368,LBen
S483G,0.0827,LBen
S483H,0.2694,LBen
S483I,0.223,LBen
S483K,0.7062,LPath
S483L,0.1192,LBen
S483M,0.1588,LBen
S483N,0.1127,LBen
S483P,0.8,LPath
S483Q,0.3404,Amb
S483R,0.6776,LPath
S483T,0.0942,LBen
S483V,0.167,LBen
S483W,0.4271,Amb
S483Y,0.2202,LBen
K484A,0.9979,LPath
K484C,0.9981,LPath
K484D,0.9997,LPath
K484E,0.999,LPath
K484F,0.9999,LPath
K484G,0.9986,LPath
K484H,0.9956,LPath
K484I,0.9981,LPath
K484L,0.9952,LPath
K484M,0.9963,LPath
K484N,0.9996,LPath
K484P,0.9977,LPath
K484Q,0.9926,LPath
K484R,0.5172,Amb
K484S,0.9994,LPath
K484T,0.9965,LPath
K484V,0.9957,LPath
K484W,0.9999,LPath
K484Y,0.9994,LPath
W485A,0.9941,LPath
W485C,0.9973,LPath
W485D,0.9988,LPath
W485E,0.9981,LPath
W485F,0.6484,LPath
W485G,0.9698,LPath
W485H,0.9907,LPath
W485I,0.9916,LPath
W485K,0.9987,LPath
W485L,0.9621,LPath
W485M,0.9834,LPath
W485N,0.997,LPath
W485P,0.9997,LPath
W485Q,0.9976,LPath
W485R,0.9974,LPath
W485S,0.9916,LPath
W485T,0.9961,LPath
W485V,0.9895,LPath
W485Y,0.8114,LPath
N486A,0.09,LBen
N486C,0.1598,LBen
N486D,0.1446,LBen
N486E,0.2588,LBen
N486F,0.3091,LBen
N486G,0.1227,LBen
N486H,0.0948,LBen
N486I,0.1161,LBen
N486K,0.2612,LBen
N486L,0.1086,LBen
N486M,0.1546,LBen
N486P,0.3935,Amb
N486Q,0.1692,LBen
N486R,0.2881,LBen
N486S,0.0674,LBen
N486T,0.0751,LBen
N486V,0.1072,LBen
N486W,0.5832,LPath
N486Y,0.154,LBen
W487A,0.9861,LPath
W487C,0.9906,LPath
W487D,0.9984,LPath
W487E,0.998,LPath
W487F,0.4813,Amb
W487G,0.9824,LPath
W487H,0.9704,LPath
W487I,0.9817,LPath
W487K,0.9978,LPath
W487L,0.9553,LPath
W487M,0.9846,LPath
W487N,0.9979,LPath
W487P,0.9996,LPath
W487Q,0.9975,LPath
W487R,0.9939,LPath
W487S,0.987,LPath
W487T,0.9896,LPath
W487V,0.9704,LPath
W487Y,0.7628,LPath
L488A,0.9075,LPath
L488C,0.8638,LPath
L488D,0.9998,LPath
L488E,0.9982,LPath
L488F,0.8767,LPath
L488G,0.9907,LPath
L488H,0.997,LPath
L488I,0.2609,LBen
L488K,0.9978,LPath
L488M,0.2781,LBen
L488N,0.9972,LPath
L488P,0.9994,LPath
L488Q,0.9903,LPath
L488R,0.9966,LPath
L488S,0.9914,LPath
L488T,0.9149,LPath
L488V,0.2091,LBen
L488W,0.9964,LPath
L488Y,0.9953,LPath
T489A,0.1765,LBen
T489C,0.2472,LBen
T489D,0.9037,LPath
T489E,0.7341,LPath
T489F,0.7239,LPath
T489G,0.3474,Amb
T489H,0.6356,LPath
T489I,0.2761,LBen
T489K,0.5388,Amb
T489L,0.127,LBen
T489M,0.1244,LBen
T489N,0.3253,LBen
T489P,0.9043,LPath
T489Q,0.3801,Amb
T489R,0.5327,Amb
T489S,0.2102,LBen
T489V,0.1644,LBen
T489W,0.9196,LPath
T489Y,0.763,LPath
R490A,0.2538,LBen
R490C,0.1369,LBen
R490D,0.4066,Amb
R490E,0.221,LBen
R490F,0.5058,Amb
R490G,0.1395,LBen
R490H,0.0814,LBen
R490I,0.3597,Amb
R490K,0.0728,LBen
R490L,0.2214,LBen
R490M,0.2523,LBen
R490N,0.2778,LBen
R490P,0.9286,LPath
R490Q,0.0705,LBen
R490S,0.24,LBen
R490T,0.172,LBen
R490V,0.3488,Amb
R490W,0.2616,LBen
R490Y,0.3274,LBen
R491A,0.8513,LPath
R491C,0.3022,LBen
R491D,0.9113,LPath
R491E,0.6069,LPath
R491F,0.8766,LPath
R491G,0.6807,LPath
R491H,0.0949,LBen
R491I,0.8176,LPath
R491K,0.1624,LBen
R491L,0.6536,LPath
R491M,0.7255,LPath
R491N,0.6198,LPath
R491P,0.9921,LPath
R491Q,0.1478,LBen
R491S,0.7938,LPath
R491T,0.7562,LPath
R491V,0.8079,LPath
R491W,0.5632,Amb
R491Y,0.6737,LPath
L492A,0.9281,LPath
L492C,0.9363,LPath
L492D,0.9994,LPath
L492E,0.9954,LPath
L492F,0.7586,LPath
L492G,0.9924,LPath
L492H,0.9917,LPath
L492I,0.1945,LBen
L492K,0.994,LPath
L492M,0.2217,LBen
L492N,0.9941,LPath
L492P,0.9989,LPath
L492Q,0.9809,LPath
L492R,0.9912,LPath
L492S,0.9846,LPath
L492T,0.8901,LPath
L492V,0.2371,LBen
L492W,0.9741,LPath
L492Y,0.9812,LPath
V493A,0.8038,LPath
V493C,0.9537,LPath
V493D,0.9825,LPath
V493E,0.9541,LPath
V493F,0.8806,LPath
V493G,0.7965,LPath
V493H,0.9862,LPath
V493I,0.2141,LBen
V493K,0.974,LPath
V493L,0.8784,LPath
V493M,0.8091,LPath
V493N,0.9626,LPath
V493P,0.8986,LPath
V493Q,0.9503,LPath
V493R,0.9467,LPath
V493S,0.8733,LPath
V493T,0.6825,LPath
V493W,0.9927,LPath
V493Y,0.9836,LPath
E494A,0.2499,LBen
E494C,0.9215,LPath
E494D,0.2552,LBen
E494F,0.9148,LPath
E494G,0.3449,Amb
E494H,0.7018,LPath
E494I,0.6834,LPath
E494K,0.546,Amb
E494L,0.689,LPath
E494M,0.6969,LPath
E494N,0.5249,Amb
E494P,0.8831,LPath
E494Q,0.2266,LBen
E494R,0.6435,LPath
E494S,0.2948,LBen
E494T,0.388,Amb
E494V,0.485,Amb
E494W,0.9791,LPath
E494Y,0.8396,LPath
F495A,0.9813,LPath
F495C,0.8677,LPath
F495D,0.9974,LPath
F495E,0.9973,LPath
F495G,0.9912,LPath
F495H,0.9744,LPath
F495I,0.8826,LPath
F495K,0.9979,LPath
F495L,0.9198,LPath
F495M,0.7594,LPath
F495N,0.9852,LPath
F495P,0.9999,LPath
F495Q,0.9937,LPath
F495R,0.9954,LPath
F495S,0.9895,LPath
F495T,0.9919,LPath
F495V,0.8923,LPath
F495W,0.8815,LPath
F495Y,0.4462,Amb
T496A,0.1618,LBen
T496C,0.3036,LBen
T496D,0.9418,LPath
T496E,0.8317,LPath
T496F,0.7886,LPath
T496G,0.3648,Amb
T496H,0.7567,LPath
T496I,0.4107,Amb
T496K,0.7682,LPath
T496L,0.1582,LBen
T496M,0.1454,LBen
T496N,0.4429,Amb
T496P,0.8604,LPath
T496Q,0.5889,LPath
T496R,0.7284,LPath
T496S,0.196,LBen
T496V,0.2476,LBen
T496W,0.9649,LPath
T496Y,0.8287,LPath
S497A,0.1635,LBen
S497C,0.4352,Amb
S497D,0.9702,LPath
S497E,0.9583,LPath
S497F,0.9375,LPath
S497G,0.3771,Amb
S497H,0.9435,LPath
S497I,0.8403,LPath
S497K,0.9932,LPath
S497L,0.6301,LPath
S497M,0.7114,LPath
S497N,0.8539,LPath
S497P,0.9935,LPath
S497Q,0.9421,LPath
S497R,0.9877,LPath
S497T,0.277,LBen
S497V,0.6783,LPath
S497W,0.978,LPath
S497Y,0.9285,LPath
S498A,0.0567,LBen
S498C,0.0808,LBen
S498D,0.3324,LBen
S498E,0.3543,Amb
S498F,0.1519,LBen
S498G,0.0778,LBen
S498H,0.2312,LBen
S498I,0.1262,LBen
S498K,0.428,Amb
S498L,0.0673,LBen
S498M,0.1024,LBen
S498N,0.1011,LBen
S498P,0.8338,LPath
S498Q,0.2617,LBen
S498R,0.3894,Amb
S498T,0.0594,LBen
S498V,0.1074,LBen
S498W,0.3903,Amb
S498Y,0.1863,LBen
G499A,0.9739,LPath
G499C,0.9922,LPath
G499D,0.9976,LPath
G499E,0.9989,LPath
G499F,0.9994,LPath
G499H,0.9989,LPath
G499I,0.9993,LPath
G499K,0.9991,LPath
G499L,0.9992,LPath
G499M,0.9995,LPath
G499N,0.9956,LPath
G499P,0.9995,LPath
G499Q,0.9976,LPath
G499R,0.9973,LPath
G499S,0.9517,LPath
G499T,0.9934,LPath
G499V,0.9981,LPath
G499W,0.9994,LPath
G499Y,0.9992,LPath
S500A,0.191,LBen
S500C,0.2765,LBen
S500D,0.9435,LPath
S500E,0.9685,LPath
S500F,0.8696,LPath
S500G,0.3399,LBen
S500H,0.8588,LPath
S500I,0.8501,LPath
S500K,0.985,LPath
S500L,0.4852,Amb
S500M,0.591,LPath
S500N,0.5187,Amb
S500P,0.9157,LPath
S500Q,0.8728,LPath
S500R,0.98,LPath
S500T,0.3562,Amb
S500V,0.742,LPath
S500W,0.9075,LPath
S500Y,0.8017,LPath
V501A,0.7507,LPath
V501C,0.8642,LPath
V501D,0.9983,LPath
V501E,0.9964,LPath
V501F,0.9639,LPath
V501G,0.9123,LPath
V501H,0.9985,LPath
V501I,0.1165,LBen
V501K,0.9981,LPath
V501L,0.5204,Amb
V501M,0.7062,LPath
V501N,0.9819,LPath
V501P,0.9982,LPath
V501Q,0.9941,LPath
V501R,0.9967,LPath
V501S,0.8749,LPath
V501T,0.6204,LPath
V501W,0.9996,LPath
V501Y,0.9976,LPath
L502A,0.9945,LPath
L502C,0.9917,LPath
L502D,1.0,LPath
L502E,0.9998,LPath
L502F,0.9938,LPath
L502G,0.9995,LPath
L502H,0.9997,LPath
L502I,0.5102,Amb
L502K,0.9997,LPath
L502M,0.8466,LPath
L502N,0.9996,LPath
L502P,0.9999,LPath
L502Q,0.9995,LPath
L502R,0.9994,LPath
L502S,0.9995,LPath
L502T,0.9973,LPath
L502V,0.7999,LPath
L502W,0.9997,LPath
L502Y,0.9996,LPath
L503A,0.8075,LPath
L503C,0.6629,LPath
L503D,0.999,LPath
L503E,0.9946,LPath
L503F,0.5934,LPath
L503G,0.9763,LPath
L503H,0.9854,LPath
L503I,0.0826,LBen
L503K,0.9959,LPath
L503M,0.2364,LBen
L503N,0.9878,LPath
L503P,0.9966,LPath
L503Q,0.9809,LPath
L503R,0.9922,LPath
L503S,0.9558,LPath
L503T,0.8328,LPath
L503V,0.0819,LBen
L503W,0.9759,LPath
L503Y,0.9625,LPath
F504A,0.9998,LPath
F504C,0.9997,LPath
F504D,0.9999,LPath
F504E,0.9999,LPath
F504G,0.9998,LPath
F504H,0.9995,LPath
F504I,0.9995,LPath
F504K,1.0,LPath
F504L,0.9999,LPath
F504M,0.9994,LPath
F504N,0.9998,LPath
F504P,1.0,LPath
F504Q,0.9999,LPath
F504R,0.9998,LPath
F504S,0.9998,LPath
F504T,0.9998,LPath
F504V,0.9994,LPath
F504W,0.9952,LPath
F504Y,0.9914,LPath
V505A,0.9433,LPath
V505C,0.9241,LPath
V505D,0.9995,LPath
V505E,0.999,LPath
V505F,0.9949,LPath
V505G,0.9705,LPath
V505H,0.9995,LPath
V505I,0.4933,Amb
V505K,0.9995,LPath
V505L,0.9852,LPath
V505M,0.991,LPath
V505N,0.9966,LPath
V505P,0.9986,LPath
V505Q,0.9978,LPath
V505R,0.9972,LPath
V505S,0.946,LPath
V505T,0.8854,LPath
V505W,0.9999,LPath
V505Y,0.9995,LPath
T506A,0.9154,LPath
T506C,0.9705,LPath
T506D,0.9911,LPath
T506E,0.9823,LPath
T506F,0.9915,LPath
T506G,0.8604,LPath
T506H,0.981,LPath
T506I,0.9944,LPath
T506K,0.9911,LPath
T506L,0.9249,LPath
T506M,0.9032,LPath
T506N,0.8846,LPath
T506P,0.9621,LPath
T506Q,0.9609,LPath
T506R,0.9808,LPath
T506S,0.8138,LPath
T506V,0.965,LPath
T506W,0.9968,LPath
T506Y,0.9932,LPath
K507A,0.9925,LPath
K507C,0.9888,LPath
K507D,0.9992,LPath
K507E,0.9961,LPath
K507F,0.9993,LPath
K507G,0.9895,LPath
K507H,0.9487,LPath
K507I,0.9978,LPath
K507L,0.991,LPath
K507M,0.9871,LPath
K507N,0.9975,LPath
K507P,0.999,LPath
K507Q,0.8844,LPath
K507R,0.11,LBen
K507S,0.9936,LPath
K507T,0.966,LPath
K507V,0.9912,LPath
K507W,0.9974,LPath
K507Y,0.9964,LPath
K508A,0.9951,LPath
K508C,0.9993,LPath
K508D,0.9996,LPath
K508E,0.9984,LPath
K508F,0.9994,LPath
K508G,0.9968,LPath
K508H,0.9935,LPath
K508I,0.992,LPath
K508L,0.9956,LPath
K508M,0.9797,LPath
K508N,0.999,LPath
K508P,0.9982,LPath
K508Q,0.984,LPath
K508R,0.711,LPath
K508S,0.999,LPath
K508T,0.9918,LPath
K508V,0.9907,LPath
K508W,0.9996,LPath
K508Y,0.9984,LPath
A509C,0.5927,LPath
A509D,0.9327,LPath
A509E,0.88,LPath
A509F,0.6191,LPath
A509G,0.196,LBen
A509H,0.8283,LPath
A509I,0.2601,LBen
A509K,0.9549,LPath
A509L,0.1735,LBen
A509M,0.2134,LBen
A509N,0.3511,Amb
A509P,0.9205,LPath
A509Q,0.5797,LPath
A509R,0.9424,LPath
A509S,0.1352,LBen
A509T,0.1261,LBen
A509V,0.1409,LBen
A509W,0.957,LPath
A509Y,0.8162,LPath
N510A,0.4973,Amb
N510C,0.5719,LPath
N510D,0.5646,LPath
N510E,0.9526,LPath
N510F,0.88,LPath
N510G,0.4896,Amb
N510H,0.3246,LBen
N510I,0.8616,LPath
N510K,0.9671,LPath
N510L,0.683,LPath
N510M,0.7921,LPath
N510P,0.9844,LPath
N510Q,0.8426,LPath
N510R,0.9489,LPath
N510S,0.1464,LBen
N510T,0.5456,Amb
N510V,0.7038,LPath
N510W,0.975,LPath
N510Y,0.6142,LPath
A511C,0.3704,Amb
A511D,0.9985,LPath
A511E,0.9968,LPath
A511F,0.9981,LPath
A511G,0.5423,Amb
A511H,0.9981,LPath
A511I,0.9727,LPath
A511K,0.9997,LPath
A511L,0.964,LPath
A511M,0.967,LPath
A511N,0.9884,LPath
A511P,0.9997,LPath
A511Q,0.9914,LPath
A511R,0.998,LPath
A511S,0.1594,LBen
A511T,0.5206,Amb
A511V,0.75,LPath
A511W,0.9998,LPath
A511Y,0.9989,LPath
E512A,0.4709,Amb
E512C,0.9439,LPath
E512D,0.2022,LBen
E512F,0.9549,LPath
E512G,0.5212,Amb
E512H,0.8926,LPath
E512I,0.6331,LPath
E512K,0.7093,LPath
E512L,0.718,LPath
E512M,0.7326,LPath
E512N,0.5562,Amb
E512P,0.9975,LPath
E512Q,0.4172,Amb
E512R,0.8201,LPath
E512S,0.5044,Amb
E512T,0.5277,Amb
E512V,0.4289,Amb
E512W,0.9881,LPath
E512Y,0.9406,LPath
E513A,0.8115,LPath
E513C,0.9888,LPath
E513D,0.3818,Amb
E513F,0.9846,LPath
E513G,0.832,LPath
E513H,0.9798,LPath
E513I,0.8797,LPath
E513K,0.9584,LPath
E513L,0.9088,LPath
E513M,0.9044,LPath
E513N,0.8864,LPath
E513P,0.9993,LPath
E513Q,0.8008,LPath
E513R,0.9682,LPath
E513S,0.8784,LPath
E513T,0.8325,LPath
E513V,0.7739,LPath
E513W,0.9971,LPath
E513Y,0.9736,LPath
L514A,0.9031,LPath
L514C,0.9134,LPath
L514D,0.9995,LPath
L514E,0.9963,LPath
L514F,0.9635,LPath
L514G,0.9874,LPath
L514H,0.9948,LPath
L514I,0.3348,LBen
L514K,0.9937,LPath
L514M,0.4866,Amb
L514N,0.9922,LPath
L514P,0.9996,LPath
L514Q,0.9876,LPath
L514R,0.9916,LPath
L514S,0.9919,LPath
L514T,0.6892,LPath
L514V,0.1892,LBen
L514W,0.9963,LPath
L514Y,0.9956,LPath
A515C,0.3835,Amb
A515D,0.9437,LPath
A515E,0.8924,LPath
A515F,0.6696,LPath
A515G,0.2125,LBen
A515H,0.712,LPath
A515I,0.8942,LPath
A515K,0.963,LPath
A515L,0.7592,LPath
A515M,0.7144,LPath
A515N,0.7695,LPath
A515P,0.9991,LPath
A515Q,0.6936,LPath
A515R,0.8838,LPath
A515S,0.0929,LBen
A515T,0.351,Amb
A515V,0.5602,Amb
A515W,0.9346,LPath
A515Y,0.6842,LPath
N516A,0.0688,LBen
N516C,0.1012,LBen
N516D,0.2098,LBen
N516E,0.3308,LBen
N516F,0.2238,LBen
N516G,0.0869,LBen
N516H,0.0826,LBen
N516I,0.1231,LBen
N516K,0.2821,LBen
N516L,0.1058,LBen
N516M,0.1339,LBen
N516P,0.9753,LPath
N516Q,0.1599,LBen
N516R,0.288,LBen
N516S,0.0499,LBen
N516T,0.0549,LBen
N516V,0.0994,LBen
N516W,0.5685,LPath
N516Y,0.1256,LBen
N517A,0.5265,Amb
N517C,0.4199,Amb
N517D,0.6627,LPath
N517E,0.9163,LPath
N517F,0.7979,LPath
N517G,0.5192,Amb
N517H,0.2083,LBen
N517I,0.6858,LPath
N517K,0.8445,LPath
N517L,0.4738,Amb
N517M,0.6563,LPath
N517P,0.9968,LPath
N517Q,0.6472,LPath
N517R,0.774,LPath
N517S,0.1411,LBen
N517T,0.3997,Amb
N517V,0.6299,LPath
N517W,0.9428,LPath
N517Y,0.4189,Amb
L518A,0.9831,LPath
L518C,0.9388,LPath
L518D,0.9999,LPath
L518E,0.9993,LPath
L518F,0.912,LPath
L518G,0.9975,LPath
L518H,0.9985,LPath
L518I,0.4336,Amb
L518K,0.9991,LPath
L518M,0.419,Amb
L518N,0.9992,LPath
L518P,0.9999,LPath
L518Q,0.9971,LPath
L518R,0.9981,LPath
L518S,0.9984,LPath
L518T,0.9886,LPath
L518V,0.5419,Amb
L518W,0.995,LPath
L518Y,0.9956,LPath
K519A,0.3095,LBen
K519C,0.4445,Amb
K519D,0.6738,LPath
K519E,0.2537,LBen
K519F,0.6406,LPath
K519G,0.3437,Amb
K519H,0.1959,LBen
K519I,0.2673,LBen
K519L,0.2297,LBen
K519M,0.1907,LBen
K519N,0.3979,Amb
K519P,0.9619,LPath
K519Q,0.0997,LBen
K519R,0.0711,LBen
K519S,0.3339,LBen
K519T,0.1675,LBen
K519V,0.2675,LBen
K519W,0.5917,LPath
K519Y,0.5208,Amb
Q520A,0.1527,LBen
Q520C,0.5891,LPath
Q520D,0.4715,Amb
Q520E,0.1314,LBen
Q520F,0.6452,LPath
Q520G,0.2329,LBen
Q520H,0.2304,LBen
Q520I,0.2561,LBen
Q520K,0.1662,LBen
Q520L,0.0854,LBen
Q520M,0.1953,LBen
Q520N,0.228,LBen
Q520P,0.8409,LPath
Q520R,0.1932,LBen
Q520S,0.1904,LBen
Q520T,0.1478,LBen
Q520V,0.1794,LBen
Q520W,0.7444,LPath
Q520Y,0.4997,Amb
E521A,0.253,LBen
E521C,0.8574,LPath
E521D,0.1783,LBen
E521F,0.8583,LPath
E521G,0.3516,Amb
E521H,0.644,LPath
E521I,0.6225,LPath
E521K,0.5037,Amb
E521L,0.6169,LPath
E521M,0.6712,LPath
E521N,0.4052,Amb
E521P,0.9848,LPath
E521Q,0.2534,LBen
E521R,0.6011,LPath
E521S,0.331,LBen
E521T,0.4443,Amb
E521V,0.4349,Amb
E521W,0.9543,LPath
E521Y,0.7618,LPath
G522A,0.3136,LBen
G522C,0.404,Amb
G522D,0.2459,LBen
G522E,0.4464,Amb
G522F,0.8599,LPath
G522H,0.6361,LPath
G522I,0.8125,LPath
G522K,0.8144,LPath
G522L,0.7546,LPath
G522M,0.7524,LPath
G522N,0.2359,LBen
G522P,0.9871,LPath
G522Q,0.5253,Amb
G522R,0.7383,LPath
G522S,0.1567,LBen
G522T,0.4892,Amb
G522V,0.6926,LPath
G522W,0.8356,LPath
G522Y,0.7197,LPath
H523A,0.4988,Amb
H523C,0.1568,LBen
H523D,0.6732,LPath
H523E,0.5782,LPath
H523F,0.1479,LBen
H523G,0.6237,LPath
H523I,0.2751,LBen
H523K,0.5573,Amb
H523L,0.1614,LBen
H523M,0.4115,Amb
H523N,0.2229,LBen
H523P,0.8244,LPath
H523Q,0.2823,LBen
H523R,0.3139,LBen
H523S,0.4404,Amb
H523T,0.4526,Amb
H523V,0.2761,LBen
H523W,0.3391,LBen
H523Y,0.0658,LBen
N524A,0.0974,LBen
N524C,0.0925,LBen
N524D,0.12,LBen
N524E,0.2238,LBen
N524F,0.2828,LBen
N524G,0.1442,LBen
N524H,0.0633,LBen
N524I,0.0999,LBen
N524K,0.1776,LBen
N524L,0.1105,LBen
N524M,0.1734,LBen
N524P,0.2009,LBen
N524Q,0.1363,LBen
N524R,0.193,LBen
N524S,0.0603,LBen
N524T,0.0645,LBen
N524V,0.0953,LBen
N524W,0.5547,Amb
N524Y,0.1202,LBen
L525A,0.4711,Amb
L525C,0.5716,LPath
L525D,0.9905,LPath
L525E,0.9526,LPath
L525F,0.7403,LPath
L525G,0.916,LPath
L525H,0.9234,LPath
L525I,0.1135,LBen
L525K,0.9602,LPath
L525M,0.2801,LBen
L525N,0.9168,LPath
L525P,0.8916,LPath
L525Q,0.8652,LPath
L525R,0.9255,LPath
L525S,0.7594,LPath
L525T,0.3723,Amb
L525V,0.0942,LBen
L525W,0.9503,LPath
L525Y,0.9444,LPath
G526A,0.4573,Amb
G526C,0.7895,LPath
G526D,0.9863,LPath
G526E,0.9762,LPath
G526F,0.9801,LPath
G526H,0.9859,LPath
G526I,0.9513,LPath
G526K,0.9911,LPath
G526L,0.9268,LPath
G526M,0.9616,LPath
G526N,0.9778,LPath
G526P,0.9978,LPath
G526Q,0.9658,LPath
G526R,0.9761,LPath
G526S,0.7113,LPath
G526T,0.9097,LPath
G526V,0.8907,LPath
G526W,0.9881,LPath
G526Y,0.9794,LPath
L527A,0.8725,LPath
L527C,0.7804,LPath
L527D,0.9969,LPath
L527E,0.9766,LPath
L527F,0.8171,LPath
L527G,0.9668,LPath
L527H,0.9547,LPath
L527I,0.4169,Amb
L527K,0.9594,LPath
L527M,0.3669,Amb
L527N,0.9574,LPath
L527P,0.9894,LPath
L527Q,0.9058,LPath
L527R,0.9442,LPath
L527S,0.9363,LPath
L527T,0.8544,LPath
L527V,0.3526,Amb
L527W,0.9667,LPath
L527Y,0.9556,LPath
L528A,0.9967,LPath
L528C,0.9953,LPath
L528D,1.0,LPath
L528E,0.9998,LPath
L528F,0.9949,LPath
L528G,0.9997,LPath
L528H,0.9997,LPath
L528I,0.546,Amb
L528K,0.9997,LPath
L528M,0.8535,LPath
L528N,0.9997,LPath
L528P,0.9998,LPath
L528Q,0.9995,LPath
L528R,0.9993,LPath
L528S,0.9996,LPath
L528T,0.998,LPath
L528V,0.8727,LPath
L528W,0.9993,LPath
L528Y,0.9994,LPath
H529A,0.999,LPath
H529C,0.9707,LPath
H529D,0.999,LPath
H529E,0.9996,LPath
H529F,0.9829,LPath
H529G,0.9988,LPath
H529I,0.9994,LPath
H529K,0.9995,LPath
H529L,0.9893,LPath
H529M,0.9984,LPath
H529N,0.9909,LPath
H529P,0.9974,LPath
H529Q,0.9985,LPath
H529R,0.9984,LPath
H529S,0.9948,LPath
H529T,0.9994,LPath
H529V,0.9991,LPath
H529W,0.957,LPath
H529Y,0.9652,LPath
G530A,0.9984,LPath
G530C,0.9997,LPath
G530D,0.9999,LPath
G530E,1.0,LPath
G530F,0.9999,LPath
G530H,1.0,LPath
G530I,0.9998,LPath
G530K,0.9999,LPath
G530L,0.9998,LPath
G530M,0.9999,LPath
G530N,0.9999,LPath
G530P,0.9999,LPath
G530Q,1.0,LPath
G530R,0.9999,LPath
G530S,0.9981,LPath
G530T,0.9995,LPath
G530V,0.9997,LPath
G530W,0.9998,LPath
G530Y,0.9999,LPath
D531A,0.996,LPath
D531C,0.9998,LPath
D531E,0.9946,LPath
D531F,0.9993,LPath
D531G,0.9876,LPath
D531H,0.9994,LPath
D531I,0.9997,LPath
D531K,0.9996,LPath
D531L,0.9989,LPath
D531M,0.9998,LPath
D531N,0.9787,LPath
D531P,0.9998,LPath
D531Q,0.9994,LPath
D531R,0.9994,LPath
D531S,0.9906,LPath
D531T,0.999,LPath
D531V,0.9991,LPath
D531W,0.9999,LPath
D531Y,0.9969,LPath
M532A,0.9693,LPath
M532C,0.9286,LPath
M532D,0.9988,LPath
M532E,0.9905,LPath
M532F,0.943,LPath
M532G,0.992,LPath
M532H,0.9883,LPath
M532I,0.9184,LPath
M532K,0.8211,LPath
M532L,0.4616,Amb
M532N,0.9906,LPath
M532P,0.9998,LPath
M532Q,0.8917,LPath
M532R,0.898,LPath
M532S,0.9825,LPath
M532T,0.9462,LPath
M532V,0.5319,Amb
M532W,0.9886,LPath
M532Y,0.9818,LPath
D533A,0.8737,LPath
D533C,0.9816,LPath
D533E,0.6913,LPath
D533F,0.9833,LPath
D533G,0.8734,LPath
D533H,0.9319,LPath
D533I,0.9791,LPath
D533K,0.9869,LPath
D533L,0.9273,LPath
D533M,0.9755,LPath
D533N,0.7504,LPath
D533P,0.9842,LPath
D533Q,0.9544,LPath
D533R,0.9858,LPath
D533S,0.789,LPath
D533T,0.922,LPath
D533V,0.9317,LPath
D533W,0.996,LPath
D533Y,0.9235,LPath
Q534A,0.9275,LPath
Q534C,1.0,LPath
Q534D,0.9983,LPath
Q534E,0.9736,LPath
Q534F,0.9974,LPath
Q534G,0.9616,LPath
Q534H,0.9997,LPath
Q534I,0.9887,LPath
Q534K,0.996,LPath
Q534L,0.9897,LPath
Q534M,0.969,LPath
Q534N,0.9741,LPath
Q534P,0.9856,LPath
Q534R,0.9954,LPath
Q534S,0.9085,LPath
Q534T,0.9298,LPath
Q534V,0.9848,LPath
Q534W,0.9994,LPath
Q534Y,0.9992,LPath
S535A,0.1235,LBen
S535C,0.355,Amb
S535D,0.9243,LPath
S535E,0.9362,LPath
S535F,0.5662,LPath
S535G,0.1428,LBen
S535H,0.7084,LPath
S535I,0.4479,Amb
S535K,0.9793,LPath
S535L,0.2974,LBen
S535M,0.2643,LBen
S535N,0.2753,LBen
S535P,0.8417,LPath
S535Q,0.7775,LPath
S535R,0.9726,LPath
S535T,0.1371,LBen
S535V,0.3767,Amb
S535W,0.7887,LPath
S535Y,0.5687,LPath
E536A,0.6271,LPath
E536C,0.9891,LPath
E536D,0.2748,LBen
E536F,0.9863,LPath
E536G,0.7514,LPath
E536H,0.9498,LPath
E536I,0.9052,LPath
E536K,0.8612,LPath
E536L,0.9051,LPath
E536M,0.9099,LPath
E536N,0.8126,LPath
E536P,0.9983,LPath
E536Q,0.5365,Amb
E536R,0.9189,LPath
E536S,0.6613,LPath
E536T,0.73,LPath
E536V,0.7655,LPath
E536W,0.997,LPath
E536Y,0.9804,LPath
R537A,0.9996,LPath
R537C,0.9991,LPath
R537D,0.9997,LPath
R537E,0.997,LPath
R537F,0.9999,LPath
R537G,0.9985,LPath
R537H,0.999,LPath
R537I,0.9996,LPath
R537K,0.991,LPath
R537L,0.9991,LPath
R537M,0.9999,LPath
R537N,0.9997,LPath
R537P,0.9999,LPath
R537Q,0.9978,LPath
R537S,0.9998,LPath
R537T,0.9997,LPath
R537V,0.9996,LPath
R537W,0.9986,LPath
R537Y,0.9996,LPath
N538A,0.8936,LPath
N538C,0.8888,LPath
N538D,0.8867,LPath
N538E,0.9826,LPath
N538F,0.9784,LPath
N538G,0.7883,LPath
N538H,0.8706,LPath
N538I,0.9082,LPath
N538K,0.9929,LPath
N538L,0.805,LPath
N538M,0.8276,LPath
N538P,0.9979,LPath
N538Q,0.953,LPath
N538R,0.9915,LPath
N538S,0.3336,LBen
N538T,0.504,Amb
N538V,0.825,LPath
N538W,0.9939,LPath
N538Y,0.8732,LPath
K539A,0.635,LPath
K539C,0.8391,LPath
K539D,0.8774,LPath
K539E,0.5249,Amb
K539F,0.9595,LPath
K539G,0.7067,LPath
K539H,0.464,Amb
K539I,0.7374,LPath
K539L,0.7167,LPath
K539M,0.5427,Amb
K539N,0.7713,LPath
K539P,0.9966,LPath
K539Q,0.1942,LBen
K539R,0.093,LBen
K539S,0.7109,LPath
K539T,0.4069,Amb
K539V,0.6322,LPath
K539W,0.9323,LPath
K539Y,0.9157,LPath
V540A,0.9227,LPath
V540C,0.9678,LPath
V540D,0.9961,LPath
V540E,0.9891,LPath
V540F,0.9258,LPath
V540G,0.9542,LPath
V540H,0.9924,LPath
V540I,0.1851,LBen
V540K,0.9905,LPath
V540L,0.9518,LPath
V540M,0.8565,LPath
V540N,0.9611,LPath
V540P,0.9998,LPath
V540Q,0.9805,LPath
V540R,0.9828,LPath
V540S,0.9434,LPath
V540T,0.7151,LPath
V540W,0.9978,LPath
V540Y,0.9865,LPath
I541A,0.9959,LPath
I541C,0.9987,LPath
I541D,0.9999,LPath
I541E,0.9996,LPath
I541F,0.9609,LPath
I541G,0.9994,LPath
I541H,0.9994,LPath
I541K,0.9989,LPath
I541L,0.4761,Amb
I541M,0.7541,LPath
I541N,0.9982,LPath
I541P,0.999,LPath
I541Q,0.9989,LPath
I541R,0.9978,LPath
I541S,0.9974,LPath
I541T,0.9955,LPath
I541V,0.6492,LPath
I541W,0.9988,LPath
I541Y,0.9975,LPath
S542A,0.0565,LBen
S542C,0.0992,LBen
S542D,0.8669,LPath
S542E,0.8688,LPath
S542F,0.2493,LBen
S542G,0.0836,LBen
S542H,0.5266,Amb
S542I,0.2409,LBen
S542K,0.9176,LPath
S542L,0.0889,LBen
S542M,0.111,LBen
S542N,0.2026,LBen
S542P,0.9866,LPath
S542Q,0.5896,LPath
S542R,0.8822,LPath
S542T,0.0693,LBen
S542V,0.1771,LBen
S542W,0.5749,LPath
S542Y,0.3195,LBen
D543A,0.1294,LBen
D543C,0.6231,LPath
D543E,0.1245,LBen
D543F,0.7189,LPath
D543G,0.2351,LBen
D543H,0.3666,Amb
D543I,0.5744,LPath
D543K,0.5369,Amb
D543L,0.4302,Amb
D543M,0.5553,Amb
D543N,0.0922,LBen
D543P,0.9945,LPath
D543Q,0.2834,LBen
D543R,0.5609,Amb
D543S,0.0937,LBen
D543T,0.2297,LBen
D543V,0.3701,Amb
D543W,0.9445,LPath
D543Y,0.4074,Amb
F544A,0.9991,LPath
F544C,0.9962,LPath
F544D,0.9999,LPath
F544E,0.9999,LPath
F544G,0.9993,LPath
F544H,0.9982,LPath
F544I,0.9927,LPath
F544K,0.9997,LPath
F544L,0.9986,LPath
F544M,0.9914,LPath
F544N,0.9995,LPath
F544P,1.0,LPath
F544Q,0.9995,LPath
F544R,0.9986,LPath
F544S,0.9995,LPath
F544T,0.9991,LPath
F544V,0.9911,LPath
F544W,0.9849,LPath
F544Y,0.8877,LPath
K545A,0.9964,LPath
K545C,0.9894,LPath
K545D,0.9997,LPath
K545E,0.9971,LPath
K545F,0.9995,LPath
K545G,0.9925,LPath
K545H,0.9595,LPath
K545I,0.997,LPath
K545L,0.9884,LPath
K545M,0.9924,LPath
K545N,0.999,LPath
K545P,0.9987,LPath
K545Q,0.9067,LPath
K545R,0.1019,LBen
K545S,0.9972,LPath
K545T,0.9935,LPath
K545V,0.9939,LPath
K545W,0.9967,LPath
K545Y,0.9963,LPath
K546A,0.9078,LPath
K546C,0.903,LPath
K546D,0.9495,LPath
K546E,0.8476,LPath
K546F,0.9863,LPath
K546G,0.8329,LPath
K546H,0.6078,LPath
K546I,0.9545,LPath
K546L,0.8788,LPath
K546M,0.8493,LPath
K546N,0.8668,LPath
K546P,0.9938,LPath
K546Q,0.4233,Amb
K546R,0.0776,LBen
K546S,0.9021,LPath
K546T,0.8595,LPath
K546V,0.9255,LPath
K546W,0.964,LPath
K546Y,0.9485,LPath
K547A,0.6722,LPath
K547C,0.7987,LPath
K547D,0.7753,LPath
K547E,0.5225,Amb
K547F,0.9673,LPath
K547G,0.3385,LBen
K547H,0.4364,Amb
K547I,0.9277,LPath
K547L,0.7853,LPath
K547M,0.6354,LPath
K547N,0.5678,LPath
K547P,0.9593,LPath
K547Q,0.1913,LBen
K547R,0.1074,LBen
K547S,0.644,LPath
K547T,0.597,LPath
K547V,0.8673,LPath
K547W,0.9318,LPath
K547Y,0.89,LPath
D548A,0.1172,LBen
D548C,0.4694,Amb
D548E,0.0852,LBen
D548F,0.5481,Amb
D548G,0.1438,LBen
D548H,0.302,LBen
D548I,0.2319,LBen
D548K,0.44,Amb
D548L,0.3216,LBen
D548M,0.3653,Amb
D548N,0.0765,LBen
D548P,0.9323,LPath
D548Q,0.2363,LBen
D548R,0.4733,Amb
D548S,0.0896,LBen
D548T,0.1278,LBen
D548V,0.1486,LBen
D548W,0.8613,LPath
D548Y,0.2813,LBen
I549A,0.6982,LPath
I549C,0.6143,LPath
I549D,0.9643,LPath
I549E,0.9326,LPath
I549F,0.176,LBen
I549G,0.8974,LPath
I549H,0.7678,LPath
I549K,0.8146,LPath
I549L,0.1031,LBen
I549M,0.1245,LBen
I549N,0.6277,LPath
I549P,0.9846,LPath
I549Q,0.7867,LPath
I549R,0.7486,LPath
I549S,0.6143,LPath
I549T,0.4638,Amb
I549V,0.0948,LBen
I549W,0.8487,LPath
I549Y,0.6274,LPath
P550A,0.145,LBen
P550C,0.7063,LPath
P550D,0.6751,LPath
P550E,0.6516,LPath
P550F,0.8895,LPath
P550G,0.4109,Amb
P550H,0.4625,Amb
P550I,0.8299,LPath
P550K,0.7226,LPath
P550L,0.4261,Amb
P550M,0.6799,LPath
P550N,0.4453,Amb
P550Q,0.3417,Amb
P550R,0.5629,Amb
P550S,0.1786,LBen
P550T,0.2747,LBen
P550V,0.6322,LPath
P550W,0.9461,LPath
P550Y,0.8663,LPath
V551A,0.7589,LPath
V551C,0.8168,LPath
V551D,0.9965,LPath
V551E,0.9901,LPath
V551F,0.6394,LPath
V551G,0.9163,LPath
V551H,0.9922,LPath
V551I,0.0594,LBen
V551K,0.9939,LPath
V551L,0.2197,LBen
V551M,0.3151,LBen
V551N,0.9643,LPath
V551P,0.9953,LPath
V551Q,0.9839,LPath
V551R,0.9912,LPath
V551S,0.8946,LPath
V551T,0.7065,LPath
V551W,0.9918,LPath
V551Y,0.9647,LPath
L552A,0.9839,LPath
L552C,0.9593,LPath
L552D,1.0,LPath
L552E,0.9997,LPath
L552F,0.9764,LPath
L552G,0.998,LPath
L552H,0.9995,LPath
L552I,0.7425,LPath
L552K,0.9995,LPath
L552M,0.3315,LBen
L552N,0.9995,LPath
L552P,0.9999,LPath
L552Q,0.9979,LPath
L552R,0.9991,LPath
L552S,0.9986,LPath
L552T,0.9948,LPath
L552V,0.684,LPath
L552W,0.9993,LPath
L552Y,0.9989,LPath
V553A,0.9502,LPath
V553C,0.9744,LPath
V553D,0.9998,LPath
V553E,0.9993,LPath
V553F,0.9947,LPath
V553G,0.9855,LPath
V553H,0.9998,LPath
V553I,0.1524,LBen
V553K,0.9997,LPath
V553L,0.9105,LPath
V553M,0.9699,LPath
V553N,0.9991,LPath
V553P,0.9985,LPath
V553Q,0.9992,LPath
V553R,0.999,LPath
V553S,0.9875,LPath
V553T,0.9207,LPath
V553W,0.9999,LPath
V553Y,0.9996,LPath
A554C,0.9345,LPath
A554D,0.9999,LPath
A554E,0.9999,LPath
A554F,0.9992,LPath
A554G,0.9405,LPath
A554H,0.9998,LPath
A554I,0.9993,LPath
A554K,1.0,LPath
A554L,0.9897,LPath
A554M,0.9972,LPath
A554N,0.9996,LPath
A554P,0.9999,LPath
A554Q,0.9992,LPath
A554R,0.9995,LPath
A554S,0.8205,LPath
A554T,0.9908,LPath
A554V,0.9958,LPath
A554W,1.0,LPath
A554Y,0.9998,LPath
T555A,0.9964,LPath
T555C,0.9995,LPath
T555D,0.9998,LPath
T555E,0.9997,LPath
T555F,0.9998,LPath
T555G,0.9967,LPath
T555H,0.9996,LPath
T555I,0.9998,LPath
T555K,0.9991,LPath
T555L,0.997,LPath
T555M,0.9978,LPath
T555N,0.9987,LPath
T555P,0.997,LPath
T555Q,0.9996,LPath
T555R,0.9988,LPath
T555S,0.99,LPath
T555V,0.9975,LPath
T555W,0.9999,LPath
T555Y,0.9999,LPath
D556A,0.9977,LPath
D556C,1.0,LPath
D556E,0.9983,LPath
D556F,0.9999,LPath
D556G,0.9993,LPath
D556H,0.9997,LPath
D556I,0.9999,LPath
D556K,0.9999,LPath
D556L,0.9998,LPath
D556M,1.0,LPath
D556N,0.9966,LPath
D556P,0.9997,LPath
D556Q,0.9998,LPath
D556R,0.9998,LPath
D556S,0.9913,LPath
D556T,0.9993,LPath
D556V,0.9996,LPath
D556W,1.0,LPath
D556Y,0.9996,LPath
V557A,0.9995,LPath
V557C,0.9998,LPath
V557D,0.9998,LPath
V557E,0.9996,LPath
V557F,0.9983,LPath
V557G,0.9979,LPath
V557H,0.9999,LPath
V557I,0.6771,LPath
V557K,0.9993,LPath
V557L,0.9973,LPath
V557M,0.9974,LPath
V557N,0.9993,LPath
V557P,0.9998,LPath
V557Q,0.9997,LPath
V557R,0.998,LPath
V557S,0.9982,LPath
V557T,0.9917,LPath
V557W,1.0,LPath
V557Y,0.9997,LPath
A558C,0.9413,LPath
A558D,0.9999,LPath
A558E,0.9998,LPath
A558F,0.9984,LPath
A558G,0.9795,LPath
A558H,0.9998,LPath
A558I,0.999,LPath
A558K,1.0,LPath
A558L,0.9743,LPath
A558M,0.9966,LPath
A558N,0.9995,LPath
A558P,0.9993,LPath
A558Q,0.9991,LPath
A558R,0.9991,LPath
A558S,0.9207,LPath
A558T,0.998,LPath
A558V,0.9962,LPath
A558W,0.9998,LPath
A558Y,0.9995,LPath
A559C,0.9865,LPath
A559D,0.9998,LPath
A559E,0.9994,LPath
A559F,0.9988,LPath
A559G,0.8925,LPath
A559H,0.9996,LPath
A559I,0.9997,LPath
A559K,0.9999,LPath
A559L,0.9925,LPath
A559M,0.9975,LPath
A559N,0.9993,LPath
A559P,0.9998,LPath
A559Q,0.9973,LPath
A559R,0.9987,LPath
A559S,0.4481,Amb
A559T,0.9938,LPath
A559V,0.9978,LPath
A559W,0.9998,LPath
A559Y,0.9993,LPath
R560A,0.9996,LPath
R560C,0.9991,LPath
R560D,0.9999,LPath
R560E,0.9983,LPath
R560F,0.9999,LPath
R560G,0.9989,LPath
R560H,0.9996,LPath
R560I,0.9999,LPath
R560K,0.9973,LPath
R560L,0.999,LPath
R560M,1.0,LPath
R560N,0.9999,LPath
R560P,0.9999,LPath
R560Q,0.9991,LPath
R560S,0.9998,LPath
R560T,0.9998,LPath
R560V,0.9997,LPath
R560W,0.9989,LPath
R560Y,0.9999,LPath
G561A,0.9995,LPath
G561C,0.9998,LPath
G561D,0.9999,LPath
G561E,0.9999,LPath
G561F,0.9999,LPath
G561H,1.0,LPath
G561I,0.9995,LPath
G561K,1.0,LPath
G561L,0.9998,LPath
G561M,0.9999,LPath
G561N,1.0,LPath
G561P,1.0,LPath
G561Q,1.0,LPath
G561R,1.0,LPath
G561S,0.9997,LPath
G561T,0.9997,LPath
G561V,0.9997,LPath
G561W,0.9999,LPath
G561Y,0.9999,LPath
L562A,0.9978,LPath
L562C,0.9992,LPath
L562D,1.0,LPath
L562E,0.9998,LPath
L562F,0.9963,LPath
L562G,0.9995,LPath
L562H,0.9999,LPath
L562I,0.8546,LPath
L562K,0.9994,LPath
L562M,0.9428,LPath
L562N,0.9996,LPath
L562P,0.9999,LPath
L562Q,0.9998,LPath
L562R,0.9989,LPath
L562S,0.9998,LPath
L562T,0.9984,LPath
L562V,0.9681,LPath
L562W,0.999,LPath
L562Y,0.9993,LPath
D563A,0.9988,LPath
D563C,0.9999,LPath
D563E,0.9994,LPath
D563F,0.9994,LPath
D563G,0.9989,LPath
D563H,0.9994,LPath
D563I,0.9997,LPath
D563K,0.9999,LPath
D563L,0.9992,LPath
D563M,0.9999,LPath
D563N,0.996,LPath
D563P,0.9997,LPath
D563Q,0.9996,LPath
D563R,0.9997,LPath
D563S,0.9972,LPath
D563T,0.9997,LPath
D563V,0.9991,LPath
D563W,0.9999,LPath
D563Y,0.9967,LPath
I564A,0.9991,LPath
I564C,0.9995,LPath
I564D,0.9998,LPath
I564E,0.9997,LPath
I564F,0.9827,LPath
I564G,0.9999,LPath
I564H,0.9997,LPath
I564K,0.9997,LPath
I564L,0.9563,LPath
I564M,0.9655,LPath
I564N,0.998,LPath
I564P,0.9997,LPath
I564Q,0.9997,LPath
I564R,0.9993,LPath
I564S,0.9976,LPath
I564T,0.9976,LPath
I564V,0.657,LPath
I564W,0.9997,LPath
I564Y,0.9986,LPath
P565A,0.3968,Amb
P565C,0.9595,LPath
P565D,0.9888,LPath
P565E,0.967,LPath
P565F,0.9814,LPath
P565G,0.8621,LPath
P565H,0.8014,LPath
P565I,0.9316,LPath
P565K,0.941,LPath
P565L,0.7111,LPath
P565M,0.9196,LPath
P565N,0.9302,LPath
P565Q,0.7789,LPath
P565R,0.8811,LPath
P565S,0.6167,LPath
P565T,0.5522,Amb
P565V,0.8289,LPath
P565W,0.9932,LPath
P565Y,0.9794,LPath
S566A,0.1239,LBen
S566C,0.2252,LBen
S566D,0.9115,LPath
S566E,0.9422,LPath
S566F,0.5854,LPath
S566G,0.2088,LBen
S566H,0.5598,Amb
S566I,0.7237,LPath
S566K,0.9828,LPath
S566L,0.2747,LBen
S566M,0.3956,Amb
S566N,0.4441,Amb
S566P,0.921,LPath
S566Q,0.8377,LPath
S566R,0.9773,LPath
S566T,0.1681,LBen
S566V,0.5445,Amb
S566W,0.8065,LPath
S566Y,0.5779,LPath
I567A,0.9951,LPath
I567C,0.9944,LPath
I567D,0.9999,LPath
I567E,0.9997,LPath
I567F,0.998,LPath
I567G,0.9996,LPath
I567H,0.9999,LPath
I567K,0.9996,LPath
I567L,0.7953,LPath
I567M,0.9283,LPath
I567N,0.9988,LPath
I567P,0.9987,LPath
I567Q,0.9996,LPath
I567R,0.9994,LPath
I567S,0.9976,LPath
I567T,0.9905,LPath
I567V,0.1648,LBen
I567W,0.9999,LPath
I567Y,0.9998,LPath
K568A,0.9353,LPath
K568C,0.848,LPath
K568D,0.9893,LPath
K568E,0.9144,LPath
K568F,0.9891,LPath
K568G,0.914,LPath
K568H,0.5777,LPath
K568I,0.951,LPath
K568L,0.9101,LPath
K568M,0.876,LPath
K568N,0.9574,LPath
K568P,0.9948,LPath
K568Q,0.4383,Amb
K568R,0.0733,LBen
K568S,0.9461,LPath
K568T,0.8554,LPath
K568V,0.9112,LPath
K568W,0.973,LPath
K568Y,0.962,LPath
T569A,0.6069,LPath
T569C,0.6918,LPath
T569D,0.9634,LPath
T569E,0.9708,LPath
T569F,0.858,LPath
T569G,0.8625,LPath
T569H,0.7198,LPath
T569I,0.7828,LPath
T569K,0.9705,LPath
T569L,0.651,LPath
T569M,0.391,Amb
T569N,0.3051,LBen
T569P,0.9914,LPath
T569Q,0.898,LPath
T569R,0.9484,LPath
T569S,0.4451,Amb
T569V,0.5008,Amb
T569W,0.9386,LPath
T569Y,0.7489,LPath
V570A,0.9962,LPath
V570C,0.9944,LPath
V570D,0.9999,LPath
V570E,0.9997,LPath
V570F,0.9993,LPath
V570G,0.9956,LPath
V570H,0.9999,LPath
V570I,0.6912,LPath
V570K,0.9998,LPath
V570L,0.9974,LPath
V570M,0.9977,LPath
V570N,0.999,LPath
V570P,0.9997,LPath
V570Q,0.9996,LPath
V570R,0.9992,LPath
V570S,0.9941,LPath
V570T,0.978,LPath
V570W,1.0,LPath
V570Y,0.9999,LPath
I571A,0.9595,LPath
I571C,0.9415,LPath
I571D,0.9999,LPath
I571E,0.9995,LPath
I571F,0.9221,LPath
I571G,0.9968,LPath
I571H,0.9994,LPath
I571K,0.9993,LPath
I571L,0.3799,Amb
I571M,0.6401,LPath
I571N,0.998,LPath
I571P,0.9993,LPath
I571Q,0.999,LPath
I571R,0.9987,LPath
I571S,0.9914,LPath
I571T,0.966,LPath
I571V,0.0733,LBen
I571W,0.9991,LPath
I571Y,0.9963,LPath
N572A,0.9836,LPath
N572C,0.8042,LPath
N572D,0.9986,LPath
N572E,0.9995,LPath
N572F,0.9995,LPath
N572G,0.9885,LPath
N572H,0.9909,LPath
N572I,0.9851,LPath
N572K,0.9999,LPath
N572L,0.9735,LPath
N572M,0.9912,LPath
N572P,0.9987,LPath
N572Q,0.9976,LPath
N572R,0.9997,LPath
N572S,0.6353,LPath
N572T,0.9703,LPath
N572V,0.971,LPath
N572W,0.9999,LPath
N572Y,0.9976,LPath
Y573A,0.9922,LPath
Y573C,0.8721,LPath
Y573D,0.9958,LPath
Y573E,0.9988,LPath
Y573F,0.0945,LBen
Y573G,0.9855,LPath
Y573H,0.9584,LPath
Y573I,0.9562,LPath
Y573K,0.9988,LPath
Y573L,0.921,LPath
Y573M,0.9555,LPath
Y573N,0.9751,LPath
Y573P,0.999,LPath
Y573Q,0.9974,LPath
Y573R,0.9961,LPath
Y573S,0.9782,LPath
Y573T,0.989,LPath
Y573V,0.9225,LPath
Y573W,0.7234,LPath
D574A,0.9933,LPath
D574C,0.9973,LPath
D574E,0.9399,LPath
D574F,0.9996,LPath
D574G,0.9951,LPath
D574H,0.9967,LPath
D574I,0.9993,LPath
D574K,0.9994,LPath
D574L,0.9984,LPath
D574M,0.9994,LPath
D574N,0.9767,LPath
D574P,0.9999,LPath
D574Q,0.997,LPath
D574R,0.9985,LPath
D574S,0.9799,LPath
D574T,0.9915,LPath
D574V,0.9964,LPath
D574W,0.9999,LPath
D574Y,0.9969,LPath
V575A,0.7282,LPath
V575C,0.8882,LPath
V575D,0.996,LPath
V575E,0.9919,LPath
V575F,0.9467,LPath
V575G,0.9013,LPath
V575H,0.9968,LPath
V575I,0.1599,LBen
V575K,0.9951,LPath
V575L,0.882,LPath
V575M,0.7765,LPath
V575N,0.9652,LPath
V575P,0.9253,LPath
V575Q,0.9856,LPath
V575R,0.9915,LPath
V575S,0.8498,LPath
V575T,0.6647,LPath
V575W,0.9987,LPath
V575Y,0.9943,LPath
A576C,0.9598,LPath
A576D,0.9998,LPath
A576E,0.9994,LPath
A576F,0.9991,LPath
A576G,0.9236,LPath
A576H,0.9994,LPath
A576I,0.9997,LPath
A576K,0.9999,LPath
A576L,0.9939,LPath
A576M,0.9988,LPath
A576N,0.999,LPath
A576P,0.9354,LPath
A576Q,0.998,LPath
A576R,0.999,LPath
A576S,0.6651,LPath
A576T,0.9946,LPath
A576V,0.9978,LPath
A576W,0.9998,LPath
A576Y,0.9995,LPath
R577A,0.9965,LPath
R577C,0.9833,LPath
R577D,0.9989,LPath
R577E,0.9964,LPath
R577F,0.9989,LPath
R577G,0.9896,LPath
R577H,0.9639,LPath
R577I,0.9968,LPath
R577K,0.7927,LPath
R577L,0.9861,LPath
R577M,0.9973,LPath
R577N,0.9975,LPath
R577P,0.9981,LPath
R577Q,0.9664,LPath
R577S,0.9973,LPath
R577T,0.9962,LPath
R577V,0.9948,LPath
R577W,0.984,LPath
R577Y,0.9948,LPath
D578A,0.997,LPath
D578C,0.9983,LPath
D578E,0.9853,LPath
D578F,0.9991,LPath
D578G,0.9918,LPath
D578H,0.9955,LPath
D578I,0.9993,LPath
D578K,0.9993,LPath
D578L,0.9982,LPath
D578M,0.9994,LPath
D578N,0.9469,LPath
D578P,0.9999,LPath
D578Q,0.9984,LPath
D578R,0.9989,LPath
D578S,0.9869,LPath
D578T,0.9941,LPath
D578V,0.9972,LPath
D578W,0.9998,LPath
D578Y,0.9929,LPath
I579A,0.968,LPath
I579C,0.9974,LPath
I579D,0.9995,LPath
I579E,0.998,LPath
I579F,0.9425,LPath
I579G,0.9966,LPath
I579H,0.9991,LPath
I579K,0.9973,LPath
I579L,0.7952,LPath
I579M,0.6571,LPath
I579N,0.9957,LPath
I579P,0.9924,LPath
I579Q,0.9982,LPath
I579R,0.9948,LPath
I579S,0.9818,LPath
I579T,0.9667,LPath
I579V,0.6004,LPath
I579W,0.9939,LPath
I579Y,0.9931,LPath
D580A,0.9922,LPath
D580C,0.9994,LPath
D580E,0.9636,LPath
D580F,0.9988,LPath
D580G,0.996,LPath
D580H,0.9977,LPath
D580I,0.9988,LPath
D580K,0.9992,LPath
D580L,0.997,LPath
D580M,0.9994,LPath
D580N,0.9838,LPath
D580P,0.9995,LPath
D580Q,0.9977,LPath
D580R,0.9984,LPath
D580S,0.9849,LPath
D580T,0.9944,LPath
D580V,0.996,LPath
D580W,0.9998,LPath
D580Y,0.9942,LPath
T581A,0.9294,LPath
T581C,0.9922,LPath
T581D,0.9856,LPath
T581E,0.9953,LPath
T581F,0.9926,LPath
T581G,0.9614,LPath
T581H,0.9923,LPath
T581I,0.9868,LPath
T581K,0.9971,LPath
T581L,0.9522,LPath
T581M,0.8997,LPath
T581N,0.9451,LPath
T581P,0.995,LPath
T581Q,0.9892,LPath
T581R,0.9943,LPath
T581S,0.8287,LPath
T581V,0.9518,LPath
T581W,0.9981,LPath
T581Y,0.9929,LPath
H582A,0.998,LPath
H582C,0.9629,LPath
H582D,0.9995,LPath
H582E,0.9994,LPath
H582F,0.9814,LPath
H582G,0.9992,LPath
H582I,0.9987,LPath
H582K,0.9996,LPath
H582L,0.9623,LPath
H582M,0.9967,LPath
H582N,0.9935,LPath
H582P,0.9975,LPath
H582Q,0.9985,LPath
H582R,0.9988,LPath
H582S,0.996,LPath
H582T,0.9991,LPath
H582V,0.9972,LPath
H582W,0.9852,LPath
H582Y,0.9434,LPath
T583A,0.9781,LPath
T583C,0.9882,LPath
T583D,0.9998,LPath
T583E,0.9991,LPath
T583F,0.998,LPath
T583G,0.9959,LPath
T583H,0.998,LPath
T583I,0.8382,LPath
T583K,0.9983,LPath
T583L,0.9681,LPath
T583M,0.9668,LPath
T583N,0.9936,LPath
T583P,0.9838,LPath
T583Q,0.9963,LPath
T583R,0.9953,LPath
T583S,0.9793,LPath
T583V,0.5611,Amb
T583W,0.9994,LPath
T583Y,0.9983,LPath
H584A,0.9999,LPath
H584C,0.9992,LPath
H584D,1.0,LPath
H584E,1.0,LPath
H584F,0.9987,LPath
H584G,0.9999,LPath
H584I,0.9999,LPath
H584K,0.9998,LPath
H584L,0.9989,LPath
H584M,0.9999,LPath
H584N,0.9998,LPath
H584P,0.9992,LPath
H584Q,0.9998,LPath
H584R,0.9997,LPath
H584S,0.9998,LPath
H584T,1.0,LPath
H584V,0.9999,LPath
H584W,0.9957,LPath
H584Y,0.9992,LPath
R585A,0.9997,LPath
R585C,0.9976,LPath
R585D,0.9999,LPath
R585E,0.9992,LPath
R585F,1.0,LPath
R585G,0.9997,LPath
R585H,0.9987,LPath
R585I,0.9998,LPath
R585K,0.9973,LPath
R585L,0.9988,LPath
R585M,1.0,LPath
R585N,0.9999,LPath
R585P,0.9999,LPath
R585Q,0.9972,LPath
R585S,0.9999,LPath
R585T,0.9998,LPath
R585V,0.9997,LPath
R585W,0.9997,LPath
R585Y,0.9999,LPath
I586A,0.9727,LPath
I586C,0.9952,LPath
I586D,0.9999,LPath
I586E,0.9996,LPath
I586F,0.9976,LPath
I586G,0.9992,LPath
I586H,0.9999,LPath
I586K,0.9997,LPath
I586L,0.9505,LPath
I586M,0.9395,LPath
I586N,0.999,LPath
I586P,0.9991,LPath
I586Q,0.9996,LPath
I586R,0.9991,LPath
I586S,0.9915,LPath
I586T,0.9309,LPath
I586V,0.1749,LBen
I586W,0.9999,LPath
I586Y,0.9998,LPath
G587A,0.999,LPath
G587C,0.9994,LPath
G587D,1.0,LPath
G587E,0.9999,LPath
G587F,0.9999,LPath
G587H,1.0,LPath
G587I,0.9996,LPath
G587K,1.0,LPath
G587L,0.9996,LPath
G587M,0.9999,LPath
G587N,1.0,LPath
G587P,0.9999,LPath
G587Q,0.9999,LPath
G587R,0.9999,LPath
G587S,0.9988,LPath
G587T,0.9991,LPath
G587V,0.9994,LPath
G587W,0.9998,LPath
G587Y,0.9999,LPath
R588A,0.9999,LPath
R588C,0.9993,LPath
R588D,0.9999,LPath
R588E,0.998,LPath
R588F,0.9999,LPath
R588G,0.9997,LPath
R588H,0.9996,LPath
R588I,0.9997,LPath
R588K,0.997,LPath
R588L,0.9989,LPath
R588M,1.0,LPath
R588N,0.9999,LPath
R588P,0.9999,LPath
R588Q,0.9992,LPath
R588S,0.9999,LPath
R588T,0.9999,LPath
R588V,0.9996,LPath
R588W,0.9996,LPath
R588Y,0.9998,LPath
T589A,0.984,LPath
T589C,0.983,LPath
T589D,0.9998,LPath
T589E,0.9997,LPath
T589F,0.9998,LPath
T589G,0.9862,LPath
T589H,0.9995,LPath
T589I,0.9986,LPath
T589K,0.9988,LPath
T589L,0.9934,LPath
T589M,0.9932,LPath
T589N,0.9981,LPath
T589P,0.9946,LPath
T589Q,0.9993,LPath
T589R,0.998,LPath
T589S,0.9856,LPath
T589V,0.9838,LPath
T589W,0.9999,LPath
T589Y,0.9998,LPath
G590A,0.9615,LPath
G590C,0.9975,LPath
G590D,0.9999,LPath
G590E,0.9999,LPath
G590F,0.9998,LPath
G590H,1.0,LPath
G590I,0.9998,LPath
G590K,0.9999,LPath
G590L,0.9994,LPath
G590M,0.9998,LPath
G590N,0.9999,LPath
G590P,0.9999,LPath
G590Q,0.9998,LPath
G590R,0.9996,LPath
G590S,0.9934,LPath
G590T,0.9992,LPath
G590V,0.9993,LPath
G590W,0.9999,LPath
G590Y,0.9999,LPath
R591A,0.9998,LPath
R591C,0.9995,LPath
R591D,0.9997,LPath
R591E,0.9977,LPath
R591F,0.9998,LPath
R591G,0.9994,LPath
R591H,0.9993,LPath
R591I,0.9997,LPath
R591K,0.9971,LPath
R591L,0.9991,LPath
R591M,0.9999,LPath
R591N,0.9998,LPath
R591P,0.9998,LPath
R591Q,0.9989,LPath
R591S,0.9999,LPath
R591T,0.9999,LPath
R591V,0.9996,LPath
R591W,0.9984,LPath
R591Y,0.9996,LPath
A592C,0.966,LPath
A592D,0.9992,LPath
A592E,0.9989,LPath
A592F,0.9672,LPath
A592G,0.8628,LPath
A592H,0.9938,LPath
A592I,0.9975,LPath
A592K,0.9983,LPath
A592L,0.938,LPath
A592M,0.9704,LPath
A592N,0.9934,LPath
A592P,0.9993,LPath
A592Q,0.9841,LPath
A592R,0.9795,LPath
A592S,0.7975,LPath
A592T,0.9944,LPath
A592V,0.9904,LPath
A592W,0.9968,LPath
A592Y,0.9881,LPath
G593A,0.9845,LPath
G593C,0.9957,LPath
G593D,0.9984,LPath
G593E,0.9988,LPath
G593F,0.9992,LPath
G593H,0.9994,LPath
G593I,0.9989,LPath
G593K,0.999,LPath
G593L,0.9972,LPath
G593M,0.9984,LPath
G593N,0.9958,LPath
G593P,0.9997,LPath
G593Q,0.998,LPath
G593R,0.9974,LPath
G593S,0.9675,LPath
G593T,0.9918,LPath
G593V,0.9971,LPath
G593W,0.9988,LPath
G593Y,0.9993,LPath
E594A,0.5837,LPath
E594C,0.9538,LPath
E594D,0.4756,Amb
E594F,0.9603,LPath
E594G,0.6696,LPath
E594H,0.8989,LPath
E594I,0.7371,LPath
E594K,0.7085,LPath
E594L,0.8231,LPath
E594M,0.7432,LPath
E594N,0.6323,LPath
E594P,0.9975,LPath
E594Q,0.3903,Amb
E594R,0.7867,LPath
E594S,0.6051,LPath
E594T,0.6122,LPath
E594V,0.5141,Amb
E594W,0.9926,LPath
E594Y,0.952,LPath
K595A,0.8839,LPath
K595C,0.962,LPath
K595D,0.9708,LPath
K595E,0.8839,LPath
K595F,0.9898,LPath
K595G,0.9337,LPath
K595H,0.773,LPath
K595I,0.9266,LPath
K595L,0.8886,LPath
K595M,0.8095,LPath
K595N,0.9428,LPath
K595P,0.9404,LPath
K595Q,0.5781,LPath
K595R,0.1902,LBen
K595S,0.9328,LPath
K595T,0.6797,LPath
K595V,0.8721,LPath
K595W,0.9856,LPath
K595Y,0.9718,LPath
G596A,0.9964,LPath
G596C,0.9995,LPath
G596D,0.9998,LPath
G596E,0.9999,LPath
G596F,0.9999,LPath
G596H,1.0,LPath
G596I,0.9999,LPath
G596K,1.0,LPath
G596L,0.9998,LPath
G596M,0.9999,LPath
G596N,0.9999,LPath
G596P,0.9999,LPath
G596Q,1.0,LPath
G596R,0.9999,LPath
G596S,0.9983,LPath
G596T,0.9993,LPath
G596V,0.9996,LPath
G596W,0.9999,LPath
G596Y,0.9999,LPath
V597A,0.2833,LBen
V597C,0.6079,LPath
V597D,0.6359,LPath
V597E,0.4445,Amb
V597F,0.1726,LBen
V597G,0.5028,Amb
V597H,0.5486,Amb
V597I,0.062,LBen
V597K,0.436,Amb
V597L,0.168,LBen
V597M,0.1012,LBen
V597N,0.3313,LBen
V597P,0.9774,LPath
V597Q,0.3475,Amb
V597R,0.4242,Amb
V597S,0.2742,LBen
V597T,0.1139,LBen
V597W,0.7717,LPath
V597Y,0.5181,Amb
A598C,0.9657,LPath
A598D,0.9999,LPath
A598E,0.9998,LPath
A598F,0.9994,LPath
A598G,0.8847,LPath
A598H,0.9997,LPath
A598I,0.9995,LPath
A598K,1.0,LPath
A598L,0.9955,LPath
A598M,0.9989,LPath
A598N,0.9992,LPath
A598P,0.9997,LPath
A598Q,0.9989,LPath
A598R,0.9995,LPath
A598S,0.5849,LPath
A598T,0.9933,LPath
A598V,0.9972,LPath
A598W,0.9999,LPath
A598Y,0.9998,LPath
Y599A,0.9531,LPath
Y599C,0.2958,LBen
Y599D,0.9941,LPath
Y599E,0.9941,LPath
Y599F,0.0617,LBen
Y599G,0.9811,LPath
Y599H,0.5117,Amb
Y599I,0.6324,LPath
Y599K,0.9876,LPath
Y599L,0.7892,LPath
Y599M,0.8347,LPath
Y599N,0.916,LPath
Y599P,0.999,LPath
Y599Q,0.9734,LPath
Y599R,0.9553,LPath
Y599S,0.8929,LPath
Y599T,0.9111,LPath
Y599V,0.5219,Amb
Y599W,0.2717,LBen
T600A,0.9599,LPath
T600C,0.9852,LPath
T600D,0.999,LPath
T600E,0.9995,LPath
T600F,0.999,LPath
T600G,0.9772,LPath
T600H,0.9963,LPath
T600I,0.9976,LPath
T600K,0.9997,LPath
T600L,0.9839,LPath
T600M,0.9795,LPath
T600N,0.9899,LPath
T600P,0.9977,LPath
T600Q,0.9981,LPath
T600R,0.9994,LPath
T600S,0.7095,LPath
T600V,0.9809,LPath
T600W,0.9998,LPath
T600Y,0.9991,LPath
L601A,0.9898,LPath
L601C,0.9766,LPath
L601D,1.0,LPath
L601E,0.9998,LPath
L601F,0.7575,LPath
L601G,0.9986,LPath
L601H,0.9989,LPath
L601I,0.5662,LPath
L601K,0.9996,LPath
L601M,0.6265,LPath
L601N,0.9996,LPath
L601P,0.9991,LPath
L601Q,0.9992,LPath
L601R,0.9988,LPath
L601S,0.9992,LPath
L601T,0.9959,LPath
L601V,0.6482,LPath
L601W,0.9947,LPath
L601Y,0.9909,LPath
L602A,0.9567,LPath
L602C,0.8534,LPath
L602D,0.9999,LPath
L602E,0.9989,LPath
L602F,0.8315,LPath
L602G,0.9968,LPath
L602H,0.9966,LPath
L602I,0.1903,LBen
L602K,0.9985,LPath
L602M,0.236,LBen
L602N,0.9985,LPath
L602P,0.9994,LPath
L602Q,0.9927,LPath
L602R,0.9975,LPath
L602S,0.9947,LPath
L602T,0.9646,LPath
L602V,0.161,LBen
L602W,0.9937,LPath
L602Y,0.9918,LPath
T603A,0.4669,Amb
T603C,0.6239,LPath
T603D,0.9651,LPath
T603E,0.9588,LPath
T603F,0.8308,LPath
T603G,0.5783,LPath
T603H,0.8612,LPath
T603I,0.7352,LPath
T603K,0.9693,LPath
T603L,0.234,LBen
T603M,0.2411,LBen
T603N,0.5362,Amb
T603P,0.9122,LPath
T603Q,0.8394,LPath
T603R,0.9593,LPath
T603S,0.3485,Amb
T603V,0.5193,Amb
T603W,0.9748,LPath
T603Y,0.9088,LPath
P604A,0.0714,LBen
P604C,0.4314,Amb
P604D,0.4958,Amb
P604E,0.3494,Amb
P604F,0.4676,Amb
P604G,0.2081,LBen
P604H,0.1749,LBen
P604I,0.2897,LBen
P604K,0.5095,Amb
P604L,0.1254,LBen
P604M,0.2299,LBen
P604N,0.1907,LBen
P604Q,0.1374,LBen
P604R,0.3769,Amb
P604S,0.0955,LBen
P604T,0.1023,LBen
P604V,0.1813,LBen
P604W,0.6949,LPath
P604Y,0.4281,Amb
K605A,0.8516,LPath
K605C,0.9583,LPath
K605D,0.9469,LPath
K605E,0.9097,LPath
K605F,0.9929,LPath
K605G,0.8279,LPath
K605H,0.7509,LPath
K605I,0.9707,LPath
K605L,0.9355,LPath
K605M,0.9287,LPath
K605N,0.9294,LPath
K605P,0.9789,LPath
K605Q,0.5907,LPath
K605R,0.1032,LBen
K605S,0.8888,LPath
K605T,0.8408,LPath
K605V,0.9304,LPath
K605W,0.9805,LPath
K605Y,0.9693,LPath
D606A,0.9936,LPath
D606C,0.9962,LPath
D606E,0.808,LPath
D606F,0.9992,LPath
D606G,0.9907,LPath
D606H,0.9967,LPath
D606I,0.9987,LPath
D606K,0.9986,LPath
D606L,0.9984,LPath
D606M,0.999,LPath
D606N,0.966,LPath
D606P,0.9998,LPath
D606Q,0.9936,LPath
D606R,0.9984,LPath
D606S,0.99,LPath
D606T,0.9969,LPath
D606V,0.9949,LPath
D606W,0.9998,LPath
D606Y,0.991,LPath
S607A,0.0823,LBen
S607C,0.0909,LBen
S607D,0.8758,LPath
S607E,0.8814,LPath
S607F,0.3849,Amb
S607G,0.0965,LBen
S607H,0.5336,Amb
S607I,0.163,LBen
S607K,0.9239,LPath
S607L,0.1542,LBen
S607M,0.1615,LBen
S607N,0.1727,LBen
S607P,0.5946,LPath
S607Q,0.6177,LPath
S607R,0.9044,LPath
S607T,0.0797,LBen
S607V,0.1408,LBen
S607W,0.6816,LPath
S607Y,0.4352,Amb
N608A,0.1396,LBen
N608C,0.198,LBen
N608D,0.7111,LPath
N608E,0.9062,LPath
N608F,0.5784,LPath
N608G,0.1579,LBen
N608H,0.1869,LBen
N608I,0.2384,LBen
N608K,0.9071,LPath
N608L,0.2143,LBen
N608M,0.2701,LBen
N608P,0.4954,Amb
N608Q,0.503,Amb
N608R,0.892,LPath
N608S,0.0571,LBen
N608T,0.0939,LBen
N608V,0.1731,LBen
N608W,0.8881,LPath
N608Y,0.364,Amb
F609A,0.9973,LPath
F609C,0.9951,LPath
F609D,0.9994,LPath
F609E,0.9993,LPath
F609G,0.9984,LPath
F609H,0.9923,LPath
F609I,0.988,LPath
F609K,0.9992,LPath
F609L,0.9989,LPath
F609M,0.9815,LPath
F609N,0.9962,LPath
F609P,0.9999,LPath
F609Q,0.9972,LPath
F609R,0.9981,LPath
F609S,0.9972,LPath
F609T,0.9965,LPath
F609V,0.9844,LPath
F609W,0.9784,LPath
F609Y,0.8602,LPath
A610C,0.8832,LPath
A610D,0.9998,LPath
A610E,0.9996,LPath
A610F,0.9977,LPath
A610G,0.6356,LPath
A610H,0.9992,LPath
A610I,0.9851,LPath
A610K,0.9999,LPath
A610L,0.9743,LPath
A610M,0.9861,LPath
A610N,0.9987,LPath
A610P,0.9979,LPath
A610Q,0.9971,LPath
A610R,0.9992,LPath
A610S,0.3027,LBen
A610T,0.8888,LPath
A610V,0.9219,LPath
A610W,0.9998,LPath
A610Y,0.9992,LPath
G611A,0.558,Amb
G611C,0.9413,LPath
G611D,0.9992,LPath
G611E,0.9986,LPath
G611F,0.9971,LPath
G611H,0.999,LPath
G611I,0.9874,LPath
G611K,0.9993,LPath
G611L,0.995,LPath
G611M,0.9934,LPath
G611N,0.995,LPath
G611P,0.9515,LPath
G611Q,0.9961,LPath
G611R,0.9972,LPath
G611S,0.7771,LPath
G611T,0.9623,LPath
G611V,0.956,LPath
G611W,0.9967,LPath
G611Y,0.9977,LPath
D612A,0.9531,LPath
D612C,0.9877,LPath
D612E,0.8403,LPath
D612F,0.9825,LPath
D612G,0.9783,LPath
D612H,0.939,LPath
D612I,0.9843,LPath
D612K,0.9947,LPath
D612L,0.9716,LPath
D612M,0.9919,LPath
D612N,0.8762,LPath
D612P,0.9959,LPath
D612Q,0.9835,LPath
D612R,0.9944,LPath
D612S,0.9219,LPath
D612T,0.9815,LPath
D612V,0.9643,LPath
D612W,0.9962,LPath
D612Y,0.9023,LPath
L613A,0.9848,LPath
L613C,0.9837,LPath
L613D,0.9999,LPath
L613E,0.9994,LPath
L613F,0.983,LPath
L613G,0.999,LPath
L613H,0.9991,LPath
L613I,0.2956,LBen
L613K,0.999,LPath
L613M,0.5962,LPath
L613N,0.9991,LPath
L613P,0.9999,LPath
L613Q,0.9986,LPath
L613R,0.9985,LPath
L613S,0.9987,LPath
L613T,0.9826,LPath
L613V,0.4434,Amb
L613W,0.9985,LPath
L613Y,0.9982,LPath
V614A,0.9466,LPath
V614C,0.9368,LPath
V614D,0.9998,LPath
V614E,0.9987,LPath
V614F,0.9833,LPath
V614G,0.9629,LPath
V614H,0.9992,LPath
V614I,0.3641,Amb
V614K,0.9986,LPath
V614L,0.8654,LPath
V614M,0.9588,LPath
V614N,0.9985,LPath
V614P,0.9996,LPath
V614Q,0.9963,LPath
V614R,0.9954,LPath
V614S,0.9798,LPath
V614T,0.9474,LPath
V614W,0.9996,LPath
V614Y,0.9964,LPath
R615A,0.9976,LPath
R615C,0.9684,LPath
R615D,0.9993,LPath
R615E,0.9963,LPath
R615F,0.9985,LPath
R615G,0.9938,LPath
R615H,0.9332,LPath
R615I,0.9973,LPath
R615K,0.8092,LPath
R615L,0.9864,LPath
R615M,0.9976,LPath
R615N,0.9978,LPath
R615P,0.9996,LPath
R615Q,0.9413,LPath
R615S,0.9983,LPath
R615T,0.9981,LPath
R615V,0.9969,LPath
R615W,0.9755,LPath
R615Y,0.9909,LPath
N616A,0.9609,LPath
N616C,0.7659,LPath
N616D,0.9944,LPath
N616E,0.9975,LPath
N616F,0.9743,LPath
N616G,0.9538,LPath
N616H,0.7232,LPath
N616I,0.9619,LPath
N616K,0.998,LPath
N616L,0.9066,LPath
N616M,0.9617,LPath
N616P,0.997,LPath
N616Q,0.9895,LPath
N616R,0.9965,LPath
N616S,0.616,LPath
N616T,0.9205,LPath
N616V,0.9486,LPath
N616W,0.9923,LPath
N616Y,0.8865,LPath
L617A,0.9834,LPath
L617C,0.9445,LPath
L617D,0.9999,LPath
L617E,0.9985,LPath
L617F,0.9106,LPath
L617G,0.9967,LPath
L617H,0.996,LPath
L617I,0.8611,LPath
L617K,0.995,LPath
L617M,0.3433,Amb
L617N,0.9982,LPath
L617P,0.9999,LPath
L617Q,0.9903,LPath
L617R,0.9931,LPath
L617S,0.9978,LPath
L617T,0.9871,LPath
L617V,0.8336,LPath
L617W,0.9923,LPath
L617Y,0.9896,LPath
E618A,0.9779,LPath
E618C,0.9964,LPath
E618D,0.9881,LPath
E618F,0.9996,LPath
E618G,0.9846,LPath
E618H,0.9978,LPath
E618I,0.9916,LPath
E618K,0.9922,LPath
E618L,0.9947,LPath
E618M,0.9942,LPath
E618N,0.9981,LPath
E618P,0.9998,LPath
E618Q,0.9433,LPath
E618R,0.9886,LPath
E618S,0.9894,LPath
E618T,0.987,LPath
E618V,0.9802,LPath
E618W,0.9997,LPath
E618Y,0.9991,LPath
G619A,0.6115,LPath
G619C,0.9361,LPath
G619D,0.9852,LPath
G619E,0.9782,LPath
G619F,0.9819,LPath
G619H,0.9928,LPath
G619I,0.9166,LPath
G619K,0.9958,LPath
G619L,0.9434,LPath
G619M,0.9331,LPath
G619N,0.9372,LPath
G619P,0.9998,LPath
G619Q,0.9755,LPath
G619R,0.9932,LPath
G619S,0.7217,LPath
G619T,0.8258,LPath
G619V,0.8596,LPath
G619W,0.9893,LPath
G619Y,0.9804,LPath
A620C,0.8645,LPath
A620D,0.9981,LPath
A620E,0.9959,LPath
A620F,0.9855,LPath
A620G,0.8281,LPath
A620H,0.9912,LPath
A620I,0.9579,LPath
A620K,0.9981,LPath
A620L,0.9194,LPath
A620M,0.9506,LPath
A620N,0.9678,LPath
A620P,0.9977,LPath
A620Q,0.9779,LPath
A620R,0.9862,LPath
A620S,0.3946,Amb
A620T,0.855,LPath
A620V,0.835,LPath
A620W,0.9976,LPath
A620Y,0.9944,LPath
N621A,0.4091,Amb
N621C,0.3498,Amb
N621D,0.3667,Amb
N621E,0.7843,LPath
N621F,0.8786,LPath
N621G,0.2368,LBen
N621H,0.196,LBen
N621I,0.8616,LPath
N621K,0.7485,LPath
N621L,0.6781,LPath
N621M,0.7282,LPath
N621P,0.9752,LPath
N621Q,0.5284,Amb
N621R,0.6929,LPath
N621S,0.0882,LBen
N621T,0.4503,Amb
N621V,0.7193,LPath
N621W,0.941,LPath
N621Y,0.5101,Amb
Q622A,0.8766,LPath
Q622C,0.9937,LPath
Q622D,0.9983,LPath
Q622E,0.935,LPath
Q622F,0.9976,LPath
Q622G,0.8703,LPath
Q622H,0.9969,LPath
Q622I,0.9835,LPath
Q622K,0.9792,LPath
Q622L,0.9495,LPath
Q622M,0.936,LPath
Q622N,0.9496,LPath
Q622P,0.9988,LPath
Q622R,0.9675,LPath
Q622S,0.8761,LPath
Q622T,0.9349,LPath
Q622V,0.9606,LPath
Q622W,0.9992,LPath
Q622Y,0.9986,LPath
H623A,0.1027,LBen
H623C,0.1062,LBen
H623D,0.1477,LBen
H623E,0.1645,LBen
H623F,0.1279,LBen
H623G,0.1856,LBen
H623I,0.1303,LBen
H623K,0.1827,LBen
H623L,0.0889,LBen
H623M,0.1977,LBen
H623N,0.065,LBen
H623P,0.1106,LBen
H623Q,0.0916,LBen
H623R,0.1163,LBen
H623S,0.1003,LBen
H623T,0.092,LBen
H623V,0.0933,LBen
H623W,0.3037,LBen
H623Y,0.0693,LBen
V624A,0.8498,LPath
V624C,0.9214,LPath
V624D,0.999,LPath
V624E,0.9971,LPath
V624F,0.9842,LPath
V624G,0.9592,LPath
V624H,0.9981,LPath
V624I,0.2477,LBen
V624K,0.9969,LPath
V624L,0.9741,LPath
V624M,0.9716,LPath
V624N,0.9946,LPath
V624P,0.9008,LPath
V624Q,0.9932,LPath
V624R,0.9921,LPath
V624S,0.9399,LPath
V624T,0.8771,LPath
V624W,0.9996,LPath
V624Y,0.9974,LPath
S625A,0.2137,LBen
S625C,0.1817,LBen
S625D,0.6616,LPath
S625E,0.8858,LPath
S625F,0.9253,LPath
S625G,0.1439,LBen
S625H,0.7392,LPath
S625I,0.8729,LPath
S625K,0.9537,LPath
S625L,0.6031,LPath
S625M,0.6935,LPath
S625N,0.3101,LBen
S625P,0.0871,LBen
S625Q,0.8436,LPath
S625R,0.952,LPath
S625T,0.1346,LBen
S625V,0.7603,LPath
S625W,0.9022,LPath
S625Y,0.8533,LPath
K626A,0.438,Amb
K626C,0.8564,LPath
K626D,0.6435,LPath
K626E,0.3026,LBen
K626F,0.9697,LPath
K626G,0.4828,Amb
K626H,0.5072,Amb
K626I,0.7741,LPath
K626L,0.704,LPath
K626M,0.5711,LPath
K626N,0.614,LPath
K626P,0.4713,Amb
K626Q,0.1606,LBen
K626R,0.0939,LBen
K626S,0.5016,Amb
K626T,0.3434,Amb
K626V,0.6089,LPath
K626W,0.9376,LPath
K626Y,0.9169,LPath
E627A,0.2002,LBen
E627C,0.8986,LPath
E627D,0.0835,LBen
E627F,0.9145,LPath
E627G,0.3153,LBen
E627H,0.6943,LPath
E627I,0.6185,LPath
E627K,0.5185,Amb
E627L,0.6264,LPath
E627M,0.712,LPath
E627N,0.3389,LBen
E627P,0.4282,Amb
E627Q,0.2777,LBen
E627R,0.652,LPath
E627S,0.2791,LBen
E627T,0.361,Amb
E627V,0.3719,Amb
E627W,0.9684,LPath
E627Y,0.7874,LPath
L628A,0.9539,LPath
L628C,0.9373,LPath
L628D,0.9998,LPath
L628E,0.9987,LPath
L628F,0.9824,LPath
L628G,0.9946,LPath
L628H,0.9986,LPath
L628I,0.4139,Amb
L628K,0.9987,LPath
L628M,0.6623,LPath
L628N,0.9976,LPath
L628P,0.9993,LPath
L628Q,0.9967,LPath
L628R,0.998,LPath
L628S,0.9971,LPath
L628T,0.9575,LPath
L628V,0.294,LBen
L628W,0.9985,LPath
L628Y,0.9975,LPath
L629A,0.7397,LPath
L629C,0.8092,LPath
L629D,0.99,LPath
L629E,0.8927,LPath
L629F,0.4676,Amb
L629G,0.9187,LPath
L629H,0.7489,LPath
L629I,0.2792,LBen
L629K,0.8484,LPath
L629M,0.0976,LBen
L629N,0.8565,LPath
L629P,0.9956,LPath
L629Q,0.5393,Amb
L629R,0.8,LPath
L629S,0.8284,LPath
L629T,0.6385,LPath
L629V,0.252,LBen
L629W,0.711,LPath
L629Y,0.7579,LPath
D630A,0.7842,LPath
D630C,0.9824,LPath
D630E,0.4062,Amb
D630F,0.9816,LPath
D630G,0.8441,LPath
D630H,0.9087,LPath
D630I,0.9666,LPath
D630K,0.9598,LPath
D630L,0.9328,LPath
D630M,0.9733,LPath
D630N,0.5304,Amb
D630P,0.9974,LPath
D630Q,0.8687,LPath
D630R,0.9623,LPath
D630S,0.6742,LPath
D630T,0.8375,LPath
D630V,0.8896,LPath
D630W,0.9965,LPath
D630Y,0.9085,LPath
L631A,0.9156,LPath
L631C,0.9209,LPath
L631D,0.9989,LPath
L631E,0.988,LPath
L631F,0.7343,LPath
L631G,0.9938,LPath
L631H,0.9637,LPath
L631I,0.2081,LBen
L631K,0.9719,LPath
L631M,0.2399,LBen
L631N,0.9866,LPath
L631P,0.9994,LPath
L631Q,0.9341,LPath
L631R,0.9622,LPath
L631S,0.98,LPath
L631T,0.8436,LPath
L631V,0.2381,LBen
L631W,0.9578,LPath
L631Y,0.9478,LPath
A632C,0.9858,LPath
A632D,0.9999,LPath
A632E,0.9997,LPath
A632F,0.9994,LPath
A632G,0.8155,LPath
A632H,0.9997,LPath
A632I,0.9995,LPath
A632K,0.9999,LPath
A632L,0.9947,LPath
A632M,0.999,LPath
A632N,0.9997,LPath
A632P,0.999,LPath
A632Q,0.9987,LPath
A632R,0.9991,LPath
A632S,0.7614,LPath
A632T,0.9966,LPath
A632V,0.9954,LPath
A632W,0.9999,LPath
A632Y,0.9996,LPath
M633A,0.7891,LPath
M633C,0.8378,LPath
M633D,0.987,LPath
M633E,0.9372,LPath
M633F,0.7433,LPath
M633G,0.798,LPath
M633H,0.8989,LPath
M633I,0.9338,LPath
M633K,0.9036,LPath
M633L,0.1563,LBen
M633N,0.6669,LPath
M633P,0.9989,LPath
M633Q,0.6652,LPath
M633R,0.8991,LPath
M633S,0.6209,LPath
M633T,0.706,LPath
M633V,0.3648,Amb
M633W,0.9637,LPath
M633Y,0.9001,LPath
Q634A,0.4984,Amb
Q634C,0.9416,LPath
Q634D,0.8901,LPath
Q634E,0.3288,LBen
Q634F,0.9904,LPath
Q634G,0.3376,LBen
Q634H,0.7477,LPath
Q634I,0.9622,LPath
Q634K,0.3585,Amb
Q634L,0.65,LPath
Q634M,0.7933,LPath
Q634N,0.5779,LPath
Q634P,0.9584,LPath
Q634R,0.4959,Amb
Q634S,0.4276,Amb
Q634T,0.486,Amb
Q634V,0.8481,LPath
Q634W,0.9908,LPath
Q634Y,0.9676,LPath
N635A,0.8163,LPath
N635C,0.4565,Amb
N635D,0.8753,LPath
N635E,0.9824,LPath
N635F,0.9694,LPath
N635G,0.8592,LPath
N635H,0.5097,Amb
N635I,0.9012,LPath
N635K,0.9866,LPath
N635L,0.9076,LPath
N635M,0.8921,LPath
N635P,0.9863,LPath
N635Q,0.9167,LPath
N635R,0.9843,LPath
N635S,0.2388,LBen
N635T,0.6395,LPath
N635V,0.787,LPath
N635W,0.9879,LPath
N635Y,0.7621,LPath
A636C,0.6281,LPath
A636D,0.9346,LPath
A636E,0.9199,LPath
A636F,0.8202,LPath
A636G,0.1794,LBen
A636H,0.7406,LPath
A636I,0.4949,Amb
A636K,0.9683,LPath
A636L,0.3767,Amb
A636M,0.4137,Amb
A636N,0.34,Amb
A636P,0.0948,LBen
A636Q,0.5618,Amb
A636R,0.9539,LPath
A636S,0.0882,LBen
A636T,0.1421,LBen
A636V,0.2509,LBen
A636W,0.9676,LPath
A636Y,0.8759,LPath
W637A,0.959,LPath
W637C,0.9918,LPath
W637D,0.9981,LPath
W637E,0.9989,LPath
W637F,0.6776,LPath
W637G,0.9298,LPath
W637H,0.9556,LPath
W637I,0.99,LPath
W637K,0.9971,LPath
W637L,0.9697,LPath
W637M,0.9874,LPath
W637N,0.9925,LPath
W637P,0.9917,LPath
W637Q,0.9952,LPath
W637R,0.9904,LPath
W637S,0.9452,LPath
W637T,0.9798,LPath
W637V,0.9784,LPath
W637Y,0.8226,LPath
F638A,0.9997,LPath
F638C,0.9996,LPath
F638D,0.9999,LPath
F638E,0.9998,LPath
F638G,0.999,LPath
F638H,0.9986,LPath
F638I,0.9989,LPath
F638K,0.9997,LPath
F638L,0.9999,LPath
F638M,0.9988,LPath
F638N,0.9995,LPath
F638P,1.0,LPath
F638Q,0.9996,LPath
F638R,0.9992,LPath
F638S,0.9998,LPath
F638T,0.9999,LPath
F638V,0.9985,LPath
F638W,0.9848,LPath
F638Y,0.8627,LPath
R639A,0.9899,LPath
R639C,0.8952,LPath
R639D,0.9993,LPath
R639E,0.9908,LPath
R639F,0.997,LPath
R639G,0.9792,LPath
R639H,0.8239,LPath
R639I,0.9914,LPath
R639K,0.4032,Amb
R639L,0.9738,LPath
R639M,0.9923,LPath
R639N,0.9979,LPath
R639P,0.9987,LPath
R639Q,0.6811,LPath
R639S,0.994,LPath
R639T,0.9943,LPath
R639V,0.9889,LPath
R639W,0.9597,LPath
R639Y,0.9863,LPath
K640A,0.9559,LPath
K640C,0.9835,LPath
K640D,0.9764,LPath
K640E,0.9754,LPath
K640F,0.9981,LPath
K640G,0.9238,LPath
K640H,0.8389,LPath
K640I,0.9932,LPath
K640L,0.9803,LPath
K640M,0.9755,LPath
K640N,0.925,LPath
K640P,0.9925,LPath
K640Q,0.7592,LPath
K640R,0.1946,LBen
K640S,0.9393,LPath
K640T,0.9279,LPath
K640V,0.9814,LPath
K640W,0.9961,LPath
K640Y,0.987,LPath
S641A,0.5212,Amb
S641C,0.8081,LPath
S641D,0.9867,LPath
S641E,0.9718,LPath
S641F,0.9745,LPath
S641G,0.606,LPath
S641H,0.949,LPath
S641I,0.951,LPath
S641K,0.995,LPath
S641L,0.9184,LPath
S641M,0.8299,LPath
S641N,0.8088,LPath
S641P,0.9979,LPath
S641Q,0.8821,LPath
S641R,0.9959,LPath
S641T,0.4503,Amb
S641V,0.9174,LPath
S641W,0.9753,LPath
S641Y,0.9397,LPath
R642A,0.9995,LPath
R642C,0.9963,LPath
R642D,0.9997,LPath
R642E,0.9987,LPath
R642F,0.9997,LPath
R642G,0.9982,LPath
R642H,0.9885,LPath
R642I,0.9991,LPath
R642K,0.9622,LPath
R642L,0.9976,LPath
R642M,0.9998,LPath
R642N,0.9994,LPath
R642P,0.9986,LPath
R642Q,0.9899,LPath
R642S,0.9996,LPath
R642T,0.9996,LPath
R642V,0.9991,LPath
R642W,0.9957,LPath
R642Y,0.9973,LPath
F643A,0.9915,LPath
F643C,0.9649,LPath
F643D,0.9959,LPath
F643E,0.9956,LPath
F643G,0.9796,LPath
F643H,0.9571,LPath
F643I,0.9817,LPath
F643K,0.9948,LPath
F643L,0.9966,LPath
F643M,0.9737,LPath
F643N,0.9799,LPath
F643P,0.9994,LPath
F643Q,0.9842,LPath
F643R,0.9865,LPath
F643S,0.9845,LPath
F643T,0.9921,LPath
F643V,0.9659,LPath
F643W,0.8597,LPath
F643Y,0.3492,Amb
K644A,0.9679,LPath
K644C,0.9765,LPath
K644D,0.9952,LPath
K644E,0.9895,LPath
K644F,0.9972,LPath
K644G,0.9418,LPath
K644H,0.8626,LPath
K644I,0.9883,LPath
K644L,0.9672,LPath
K644M,0.9751,LPath
K644N,0.9887,LPath
K644P,0.98,LPath
K644Q,0.7796,LPath
K644R,0.1273,LBen
K644S,0.9733,LPath
K644T,0.9599,LPath
K644V,0.9765,LPath
K644W,0.9918,LPath
K644Y,0.9884,LPath
G645A,0.0943,LBen
G645C,0.2131,LBen
G645D,0.8563,LPath
G645E,0.7855,LPath
G645F,0.7206,LPath
G645H,0.6748,LPath
G645I,0.3337,LBen
G645K,0.9096,LPath
G645L,0.4675,Amb
G645M,0.381,Amb
G645N,0.3059,LBen
G645P,0.8321,LPath
G645Q,0.5697,LPath
G645R,0.8822,LPath
G645S,0.0871,LBen
G645T,0.1054,LBen
G645V,0.1807,LBen
G645W,0.7526,LPath
G645Y,0.685,LPath
G646A,0.3678,Amb
G646C,0.524,Amb
G646D,0.9405,LPath
G646E,0.9338,LPath
G646F,0.9068,LPath
G646H,0.8719,LPath
G646I,0.7435,LPath
G646K,0.9593,LPath
G646L,0.8268,LPath
G646M,0.8164,LPath
G646N,0.6035,LPath
G646P,0.9295,LPath
G646Q,0.7951,LPath
G646R,0.9274,LPath
G646S,0.2124,LBen
G646T,0.4093,Amb
G646V,0.5909,LPath
G646W,0.9095,LPath
G646Y,0.8972,LPath
K647A,0.9185,LPath
K647C,0.965,LPath
K647D,0.976,LPath
K647E,0.9584,LPath
K647F,0.9923,LPath
K647G,0.8473,LPath
K647H,0.7928,LPath
K647I,0.9661,LPath
K647L,0.9468,LPath
K647M,0.9327,LPath
K647N,0.9389,LPath
K647P,0.9381,LPath
K647Q,0.6586,LPath
K647R,0.1296,LBen
K647S,0.9189,LPath
K647T,0.8635,LPath
K647V,0.9433,LPath
K647W,0.9843,LPath
K647Y,0.9765,LPath
G648A,0.4987,Amb
G648C,0.8845,LPath
G648D,0.9879,LPath
G648E,0.9846,LPath
G648F,0.9821,LPath
G648H,0.9854,LPath
G648I,0.9423,LPath
G648K,0.9923,LPath
G648L,0.9593,LPath
G648M,0.9518,LPath
G648N,0.9085,LPath
G648P,0.9857,LPath
G648Q,0.9667,LPath
G648R,0.9864,LPath
G648S,0.5122,Amb
G648T,0.7645,LPath
G648V,0.8597,LPath
G648W,0.9849,LPath
G648Y,0.9766,LPath
K649A,0.9655,LPath
K649C,0.9716,LPath
K649D,0.9891,LPath
K649E,0.9717,LPath
K649F,0.9961,LPath
K649G,0.8989,LPath
K649H,0.8667,LPath
K649I,0.9823,LPath
K649L,0.9632,LPath
K649M,0.9647,LPath
K649N,0.9724,LPath
K649P,0.9591,LPath
K649Q,0.7037,LPath
K649R,0.1267,LBen
K649S,0.9656,LPath
K649T,0.9465,LPath
K649V,0.9645,LPath
K649W,0.9903,LPath
K649Y,0.9849,LPath
K650A,0.8644,LPath
K650C,0.9231,LPath
K650D,0.9638,LPath
K650E,0.9363,LPath
K650F,0.9798,LPath
K650G,0.8033,LPath
K650H,0.6444,LPath
K650I,0.9124,LPath
K650L,0.889,LPath
K650M,0.8507,LPath
K650N,0.8831,LPath
K650P,0.8863,LPath
K650Q,0.4889,Amb
K650R,0.0984,LBen
K650S,0.8908,LPath
K650T,0.7842,LPath
K650V,0.8561,LPath
K650W,0.9675,LPath
K650Y,0.9368,LPath
L651A,0.7781,LPath
L651C,0.8534,LPath
L651D,0.9916,LPath
L651E,0.972,LPath
L651F,0.5333,Amb
L651G,0.9057,LPath
L651H,0.9147,LPath
L651I,0.1982,LBen
L651K,0.9361,LPath
L651M,0.1491,LBen
L651N,0.9001,LPath
L651P,0.7681,LPath
L651Q,0.8104,LPath
L651R,0.9113,LPath
L651S,0.9146,LPath
L651T,0.8257,LPath
L651V,0.2214,LBen
L651W,0.7914,LPath
L651Y,0.8506,LPath
N652A,0.7522,LPath
N652C,0.7272,LPath
N652D,0.9207,LPath
N652E,0.9901,LPath
N652F,0.9623,LPath
N652G,0.7088,LPath
N652H,0.5812,LPath
N652I,0.8702,LPath
N652K,0.9831,LPath
N652L,0.7592,LPath
N652M,0.8711,LPath
N652P,0.7964,LPath
N652Q,0.901,LPath
N652R,0.9647,LPath
N652S,0.2575,LBen
N652T,0.6278,LPath
N652V,0.7821,LPath
N652W,0.985,LPath
N652Y,0.8048,LPath
I653A,0.8256,LPath
I653C,0.9669,LPath
I653D,0.9962,LPath
I653E,0.9929,LPath
I653F,0.6056,LPath
I653G,0.9657,LPath
I653H,0.9871,LPath
I653K,0.9833,LPath
I653L,0.3937,Amb
I653M,0.4405,Amb
I653N,0.9619,LPath
I653P,0.9521,LPath
I653Q,0.9794,LPath
I653R,0.9626,LPath
I653S,0.9124,LPath
I653T,0.7805,LPath
I653V,0.1311,LBen
I653W,0.9731,LPath
I653Y,0.9544,LPath
G654A,0.8321,LPath
G654C,0.9403,LPath
G654D,0.9971,LPath
G654E,0.9973,LPath
G654F,0.9856,LPath
G654H,0.994,LPath
G654I,0.9819,LPath
G654K,0.997,LPath
G654L,0.9787,LPath
G654M,0.9868,LPath
G654N,0.9875,LPath
G654P,0.9905,LPath
G654Q,0.985,LPath
G654R,0.9873,LPath
G654S,0.8085,LPath
G654T,0.9141,LPath
G654V,0.9637,LPath
G654W,0.9869,LPath
G654Y,0.9913,LPath
G655A,0.8026,LPath
G655C,0.9154,LPath
G655D,0.9959,LPath
G655E,0.9958,LPath
G655F,0.9578,LPath
G655H,0.9889,LPath
G655I,0.9667,LPath
G655K,0.9942,LPath
G655L,0.9768,LPath
G655M,0.9763,LPath
G655N,0.9797,LPath
G655P,0.9943,LPath
G655Q,0.9822,LPath
G655R,0.9784,LPath
G655S,0.7705,LPath
G655T,0.9061,LPath
G655V,0.94,LPath
G655W,0.9631,LPath
G655Y,0.9691,LPath
G656A,0.3669,Amb
G656C,0.5969,LPath
G656D,0.9851,LPath
G656E,0.979,LPath
G656F,0.9096,LPath
G656H,0.9402,LPath
G656I,0.8062,LPath
G656K,0.9766,LPath
G656L,0.8699,LPath
G656M,0.8532,LPath
G656N,0.8679,LPath
G656P,0.9831,LPath
G656Q,0.8941,LPath
G656R,0.9296,LPath
G656S,0.3361,LBen
G656T,0.5451,Amb
G656V,0.6518,LPath
G656W,0.914,LPath
G656Y,0.9141,LPath
G657A,0.9334,LPath
G657C,0.9703,LPath
G657D,0.9977,LPath
G657E,0.9981,LPath
G657F,0.9814,LPath
G657H,0.9971,LPath
G657I,0.9781,LPath
G657K,0.9984,LPath
G657L,0.9865,LPath
G657M,0.9903,LPath
G657N,0.9911,LPath
G657P,0.996,LPath
G657Q,0.9951,LPath
G657R,0.9951,LPath
G657S,0.9102,LPath
G657T,0.9585,LPath
G657V,0.9665,LPath
G657W,0.9905,LPath
G657Y,0.99,LPath
L658A,0.9893,LPath
L658C,0.9955,LPath
L658D,0.9997,LPath
L658E,0.9992,LPath
L658F,0.8224,LPath
L658G,0.9919,LPath
L658H,0.996,LPath
L658I,0.7783,LPath
L658K,0.993,LPath
L658M,0.753,LPath
L658N,0.998,LPath
L658P,0.9959,LPath
L658Q,0.9964,LPath
L658R,0.9841,LPath
L658S,0.9984,LPath
L658T,0.9943,LPath
L658V,0.9158,LPath
L658W,0.9629,LPath
L658Y,0.9819,LPath
G659A,0.9712,LPath
G659C,0.9861,LPath
G659D,0.9991,LPath
G659E,0.9994,LPath
G659F,0.9966,LPath
G659H,0.999,LPath
G659I,0.9951,LPath
G659K,0.9995,LPath
G659L,0.9938,LPath
G659M,0.9974,LPath
G659N,0.997,LPath
G659P,0.9981,LPath
G659Q,0.9974,LPath
G659R,0.9981,LPath
G659S,0.9616,LPath
G659T,0.9836,LPath
G659V,0.9913,LPath
G659W,0.9978,LPath
G659Y,0.9975,LPath
Y660A,0.9941,LPath
Y660C,0.9249,LPath
Y660D,0.9954,LPath
Y660E,0.9987,LPath
Y660F,0.2428,LBen
Y660G,0.9583,LPath
Y660H,0.9896,LPath
Y660I,0.9817,LPath
Y660K,0.9977,LPath
Y660L,0.9556,LPath
Y660M,0.98,LPath
Y660N,0.977,LPath
Y660P,0.9943,LPath
Y660Q,0.9973,LPath
Y660R,0.9923,LPath
Y660S,0.9718,LPath
Y660T,0.9934,LPath
Y660V,0.9559,LPath
Y660W,0.8921,LPath
R661A,0.9926,LPath
R661C,0.9544,LPath
R661D,0.9979,LPath
R661E,0.9908,LPath
R661F,0.9975,LPath
R661G,0.9664,LPath
R661H,0.8508,LPath
R661I,0.9923,LPath
R661K,0.3407,Amb
R661L,0.9813,LPath
R661M,0.9919,LPath
R661N,0.9955,LPath
R661P,0.9951,LPath
R661Q,0.7873,LPath
R661S,0.9942,LPath
R661T,0.9886,LPath
R661V,0.9905,LPath
R661W,0.9691,LPath
R661Y,0.99,LPath
E662A,0.9584,LPath
E662C,0.9973,LPath
E662D,0.9021,LPath
E662F,0.9989,LPath
E662G,0.9292,LPath
E662H,0.9979,LPath
E662I,0.9961,LPath
E662K,0.9942,LPath
E662L,0.9951,LPath
E662M,0.9959,LPath
E662N,0.9899,LPath
E662P,0.991,LPath
E662Q,0.9311,LPath
E662R,0.9914,LPath
E662S,0.9662,LPath
E662T,0.9882,LPath
E662V,0.9843,LPath
E662W,0.9998,LPath
E662Y,0.9978,LPath
R663A,0.9983,LPath
R663C,0.9939,LPath
R663D,0.9984,LPath
R663E,0.9959,LPath
R663F,0.9977,LPath
R663G,0.9914,LPath
R663H,0.9762,LPath
R663I,0.9958,LPath
R663K,0.8671,LPath
R663L,0.9902,LPath
R663M,0.998,LPath
R663N,0.9976,LPath
R663P,0.9919,LPath
R663Q,0.9799,LPath
R663S,0.9989,LPath
R663T,0.9984,LPath
R663V,0.996,LPath
R663W,0.9881,LPath
R663Y,0.9912,LPath
P664A,0.8952,LPath
P664C,0.9965,LPath
P664D,0.9975,LPath
P664E,0.9936,LPath
P664F,0.9974,LPath
P664G,0.9564,LPath
P664H,0.9879,LPath
P664I,0.9932,LPath
P664K,0.9943,LPath
P664L,0.9656,LPath
P664M,0.9924,LPath
P664N,0.9945,LPath
P664Q,0.9801,LPath
P664R,0.9768,LPath
P664S,0.9751,LPath
P664T,0.9697,LPath
P664V,0.9787,LPath
P664W,0.9984,LPath
P664Y,0.9958,LPath
G665A,0.9263,LPath
G665C,0.9772,LPath
G665D,0.9975,LPath
G665E,0.9978,LPath
G665F,0.9921,LPath
G665H,0.9981,LPath
G665I,0.9889,LPath
G665K,0.9992,LPath
G665L,0.9875,LPath
G665M,0.9935,LPath
G665N,0.9924,LPath
G665P,0.996,LPath
G665Q,0.9961,LPath
G665R,0.9971,LPath
G665S,0.9098,LPath
G665T,0.9746,LPath
G665V,0.9735,LPath
G665W,0.9959,LPath
G665Y,0.9944,LPath
L666A,0.9699,LPath
L666C,0.9893,LPath
L666D,0.999,LPath
L666E,0.9956,LPath
L666F,0.8497,LPath
L666G,0.9789,LPath
L666H,0.9925,LPath
L666I,0.645,LPath
L666K,0.9891,LPath
L666M,0.6286,LPath
L666N,0.9931,LPath
L666P,0.9866,LPath
L666Q,0.9877,LPath
L666R,0.9763,LPath
L666S,0.995,LPath
L666T,0.9842,LPath
L666V,0.7727,LPath
L666W,0.9677,LPath
L666Y,0.9737,LPath
G667A,0.8996,LPath
G667C,0.9767,LPath
G667D,0.9934,LPath
G667E,0.9964,LPath
G667F,0.9916,LPath
G667H,0.9969,LPath
G667I,0.992,LPath
G667K,0.9986,LPath
G667L,0.9859,LPath
G667M,0.9939,LPath
G667N,0.9877,LPath
G667P,0.9869,LPath
G667Q,0.9935,LPath
G667R,0.9951,LPath
G667S,0.891,LPath
G667T,0.9712,LPath
G667V,0.9807,LPath
G667W,0.9959,LPath
G667Y,0.9936,LPath
S668A,0.0665,LBen
S668C,0.1301,LBen
S668D,0.8726,LPath
S668E,0.9069,LPath
S668F,0.394,Amb
S668G,0.1016,LBen
S668H,0.7077,LPath
S668I,0.4085,Amb
S668K,0.9695,LPath
S668L,0.1597,LBen
S668M,0.2441,LBen
S668N,0.3003,LBen
S668P,0.5676,LPath
S668Q,0.7666,LPath
S668R,0.9592,LPath
S668T,0.1152,LBen
S668V,0.2567,LBen
S668W,0.7253,LPath
S668Y,0.4771,Amb
E669A,0.6196,LPath
E669C,0.9411,LPath
E669D,0.0675,LBen
E669F,0.9653,LPath
E669G,0.4414,Amb
E669H,0.8805,LPath
E669I,0.8911,LPath
E669K,0.7826,LPath
E669L,0.882,LPath
E669M,0.9231,LPath
E669N,0.4879,Amb
E669P,0.8596,LPath
E669Q,0.5498,Amb
E669R,0.8121,LPath
E669S,0.4551,Amb
E669T,0.6702,LPath
E669V,0.7536,LPath
E669W,0.9859,LPath
E669Y,0.912,LPath
N670A,0.1065,LBen
N670C,0.1356,LBen
N670D,0.282,LBen
N670E,0.5414,Amb
N670F,0.3706,Amb
N670G,0.1152,LBen
N670H,0.1406,LBen
N670I,0.1638,LBen
N670K,0.5865,LPath
N670L,0.1907,LBen
N670M,0.1979,LBen
N670P,0.2801,LBen
N670Q,0.296,LBen
N670R,0.6451,LPath
N670S,0.0609,LBen
N670T,0.0683,LBen
N670V,0.1342,LBen
N670W,0.7047,LPath
N670Y,0.1813,LBen
M671A,0.0602,LBen
M671C,0.2268,LBen
M671D,0.48,Amb
M671E,0.4236,Amb
M671F,0.1749,LBen
M671G,0.1037,LBen
M671H,0.2348,LBen
M671I,0.0997,LBen
M671K,0.3715,Amb
M671L,0.0731,LBen
M671N,0.0991,LBen
M671P,0.1624,LBen
M671Q,0.1795,LBen
M671R,0.3846,Amb
M671S,0.0593,LBen
M671T,0.0457,LBen
M671V,0.0609,LBen
M671W,0.4654,Amb
M671Y,0.2891,LBen
D672A,0.4921,Amb
D672C,0.8305,LPath
D672E,0.1012,LBen
D672F,0.8658,LPath
D672G,0.3948,Amb
D672H,0.7423,LPath
D672I,0.7547,LPath
D672K,0.8177,LPath
D672L,0.7247,LPath
D672M,0.8476,LPath
D672N,0.3254,LBen
D672P,0.7808,LPath
D672Q,0.5847,LPath
D672R,0.8067,LPath
D672S,0.364,Amb
D672T,0.5392,Amb
D672V,0.563,Amb
D672W,0.9613,LPath
D672Y,0.6776,LPath
R673A,0.496,Amb
R673C,0.3429,Amb
R673D,0.6634,LPath
R673E,0.5143,Amb
R673F,0.693,LPath
R673G,0.2797,LBen
R673H,0.1644,LBen
R673I,0.5566,Amb
R673K,0.0981,LBen
R673L,0.4963,Amb
R673M,0.5424,Amb
R673N,0.576,LPath
R673P,0.5499,Amb
R673Q,0.1638,LBen
R673S,0.5469,Amb
R673T,0.4137,Amb
R673V,0.5621,Amb
R673W,0.4235,Amb
R673Y,0.5361,Amb
G674A,0.0902,LBen
G674C,0.1017,LBen
G674D,0.4914,Amb
G674E,0.4875,Amb
G674F,0.4283,Amb
G674H,0.4164,Amb
G674I,0.1768,LBen
G674K,0.7682,LPath
G674L,0.2506,LBen
G674M,0.2532,LBen
G674N,0.1405,LBen
G674P,0.4178,Amb
G674Q,0.391,Amb
G674R,0.707,LPath
G674S,0.0643,LBen
G674T,0.076,LBen
G674V,0.1104,LBen
G674W,0.4787,Amb
G674Y,0.3507,Amb
N675A,0.0858,LBen
N675C,0.091,LBen
N675D,0.2213,LBen
N675E,0.3984,Amb
N675F,0.2869,LBen
N675G,0.0835,LBen
N675H,0.1086,LBen
N675I,0.1218,LBen
N675K,0.4196,Amb
N675L,0.1393,LBen
N675M,0.1706,LBen
N675P,0.1669,LBen
N675Q,0.2035,LBen
N675R,0.4478,Amb
N675S,0.0531,LBen
N675T,0.0615,LBen
N675V,0.1026,LBen
N675W,0.5636,Amb
N675Y,0.1399,LBen
N676A,0.0809,LBen
N676C,0.0867,LBen
N676D,0.228,LBen
N676E,0.4249,Amb
N676F,0.2916,LBen
N676G,0.0801,LBen
N676H,0.1009,LBen
N676I,0.1283,LBen
N676K,0.4312,Amb
N676L,0.1332,LBen
N676M,0.172,LBen
N676P,0.171,LBen
N676Q,0.2004,LBen
N676R,0.4419,Amb
N676S,0.0504,LBen
N676T,0.056,LBen
N676V,0.1025,LBen
N676W,0.5612,Amb
N676Y,0.1382,LBen
N677A,0.0719,LBen
N677C,0.0891,LBen
N677D,0.2456,LBen
N677E,0.4666,Amb
N677F,0.2468,LBen
N677G,0.0896,LBen
N677H,0.1039,LBen
N677I,0.1139,LBen
N677K,0.4736,Amb
N677L,0.1214,LBen
N677M,0.1463,LBen
N677P,0.1651,LBen
N677Q,0.2191,LBen
N677R,0.4934,Amb
N677S,0.0508,LBen
N677T,0.0525,LBen
N677V,0.0916,LBen
N677W,0.5504,Amb
N677Y,0.1294,LBen
V678A,0.1409,LBen
V678C,0.4838,Amb
V678D,0.5645,LPath
V678E,0.5836,LPath
V678F,0.1472,LBen
V678G,0.1578,LBen
V678H,0.5596,Amb
V678I,0.0719,LBen
V678K,0.6915,LPath
V678L,0.1314,LBen
V678M,0.1046,LBen
V678N,0.2132,LBen
V678P,0.3166,LBen
V678Q,0.4015,Amb
V678R,0.6849,LPath
V678S,0.1488,LBen
V678T,0.1513,LBen
V678W,0.79,LPath
V678Y,0.4705,Amb
M679A,0.2428,LBen
M679C,0.5213,Amb
M679D,0.8638,LPath
M679E,0.7618,LPath
M679F,0.2072,LBen
M679G,0.3996,Amb
M679H,0.5311,Amb
M679I,0.2361,LBen
M679K,0.5244,Amb
M679L,0.0776,LBen
M679N,0.4515,Amb
M679P,0.4201,Amb
M679Q,0.3675,Amb
M679R,0.5136,Amb
M679S,0.2763,LBen
M679T,0.2248,LBen
M679V,0.08,LBen
M679W,0.6282,LPath
M679Y,0.475,Amb
S680A,0.0894,LBen
S680C,0.1677,LBen
S680D,0.7509,LPath
S680E,0.829,LPath
S680F,0.4867,Amb
S680G,0.0629,LBen
S680H,0.6044,LPath
S680I,0.3527,Amb
S680K,0.9194,LPath
S680L,0.208,LBen
S680M,0.2548,LBen
S680N,0.1571,LBen
S680P,0.2162,LBen
S680Q,0.654,LPath
S680R,0.9216,LPath
S680T,0.0878,LBen
S680V,0.2402,LBen
S680W,0.7308,LPath
S680Y,0.5027,Amb
N681A,0.1832,LBen
N681C,0.2639,LBen
N681D,0.3849,Amb
N681E,0.7637,LPath
N681F,0.6861,LPath
N681G,0.1668,LBen
N681H,0.1933,LBen
N681I,0.3872,Amb
N681K,0.7835,LPath
N681L,0.3654,Amb
N681M,0.4449,Amb
N681P,0.3199,LBen
N681Q,0.4842,Amb
N681R,0.7811,LPath
N681S,0.0599,LBen
N681T,0.1038,LBen
N681V,0.2695,LBen
N681W,0.8896,LPath
N681Y,0.3699,Amb
Y682A,0.4728,Amb
Y682C,0.2062,LBen
Y682D,0.5929,LPath
Y682E,0.7684,LPath
Y682F,0.0827,LBen
Y682G,0.4136,Amb
Y682H,0.4234,Amb
Y682I,0.4389,Amb
Y682K,0.8276,LPath
Y682L,0.4363,Amb
Y682M,0.4745,Amb
Y682N,0.3391,LBen
Y682P,0.6993,LPath
Y682Q,0.6444,LPath
Y682R,0.7147,LPath
Y682S,0.2758,LBen
Y682T,0.4083,Amb
Y682V,0.3089,LBen
Y682W,0.4353,Amb
E683A,0.6451,LPath
E683C,0.9782,LPath
E683D,0.1004,LBen
E683F,0.9806,LPath
E683G,0.5811,LPath
E683H,0.9036,LPath
E683I,0.9201,LPath
E683K,0.8127,LPath
E683L,0.9128,LPath
E683M,0.9401,LPath
E683N,0.5984,LPath
E683P,0.8948,LPath
E683Q,0.5653,LPath
E683R,0.8612,LPath
E683S,0.5438,Amb
E683T,0.7208,LPath
E683V,0.7982,LPath
E683W,0.9949,LPath
E683Y,0.9566,LPath
A684C,0.5474,Amb
A684D,0.7326,LPath
A684E,0.7579,LPath
A684F,0.578,LPath
A684G,0.1111,LBen
A684H,0.7128,LPath
A684I,0.3706,Amb
A684K,0.8875,LPath
A684L,0.2862,LBen
A684M,0.2918,LBen
A684N,0.2764,LBen
A684P,0.2641,LBen
A684Q,0.5743,LPath
A684R,0.8761,LPath
A684S,0.0954,LBen
A684T,0.1049,LBen
A684V,0.1741,LBen
A684W,0.9264,LPath
A684Y,0.6957,LPath
Y685A,0.4094,Amb
Y685C,0.1501,LBen
Y685D,0.6724,LPath
Y685E,0.8008,LPath
Y685F,0.0711,LBen
Y685G,0.3739,Amb
Y685H,0.4156,Amb
Y685I,0.416,Amb
Y685K,0.8381,LPath
Y685L,0.4256,Amb
Y685M,0.4856,Amb
Y685N,0.3382,LBen
Y685P,0.6447,LPath
Y685Q,0.6259,LPath
Y685R,0.7201,LPath
Y685S,0.2409,LBen
Y685T,0.4215,Amb
Y685V,0.2611,LBen
Y685W,0.3569,Amb
K686A,0.7716,LPath
K686C,0.8937,LPath
K686D,0.9323,LPath
K686E,0.7675,LPath
K686F,0.9722,LPath
K686G,0.7389,LPath
K686H,0.5716,LPath
K686I,0.8299,LPath
K686L,0.7901,LPath
K686M,0.7737,LPath
K686N,0.8535,LPath
K686P,0.8278,LPath
K686Q,0.2944,LBen
K686R,0.0982,LBen
K686S,0.7829,LPath
K686T,0.6035,LPath
K686V,0.7588,LPath
K686W,0.9605,LPath
K686Y,0.9307,LPath
P687A,0.1738,LBen
P687C,0.8428,LPath
P687D,0.8662,LPath
P687E,0.736,LPath
P687F,0.8916,LPath
P687G,0.4142,Amb
P687H,0.5171,Amb
P687I,0.7012,LPath
P687K,0.6616,LPath
P687L,0.4563,Amb
P687M,0.6367,LPath
P687N,0.5415,Amb
P687Q,0.3326,LBen
P687R,0.6137,LPath
P687S,0.2633,LBen
P687T,0.2251,LBen
P687V,0.4463,Amb
P687W,0.9627,LPath
P687Y,0.8494,LPath
S688A,0.0694,LBen
S688C,0.2028,LBen
S688D,0.8677,LPath
S688E,0.8898,LPath
S688F,0.5382,Amb
S688G,0.0958,LBen
S688H,0.6691,LPath
S688I,0.3769,Amb
S688K,0.9349,LPath
S688L,0.2086,LBen
S688M,0.2559,LBen
S688N,0.2441,LBen
S688P,0.171,LBen
S688Q,0.6566,LPath
S688R,0.9386,LPath
S688T,0.0768,LBen
S688V,0.2244,LBen
S688W,0.8229,LPath
S688Y,0.6095,LPath
T689A,0.0672,LBen
T689C,0.2913,LBen
T689D,0.6883,LPath
T689E,0.6942,LPath
T689F,0.4585,Amb
T689G,0.0842,LBen
T689H,0.3725,Amb
T689I,0.3827,Amb
T689K,0.5798,LPath
T689L,0.1879,LBen
T689M,0.1597,LBen
T689N,0.144,LBen
T689P,0.1124,LBen
T689Q,0.3407,Amb
T689R,0.5722,LPath
T689S,0.0627,LBen
T689V,0.2062,LBen
T689W,0.7765,LPath
T689Y,0.5053,Amb
G690A,0.5004,Amb
G690C,0.8413,LPath
G690D,0.979,LPath
G690E,0.9819,LPath
G690F,0.9768,LPath
G690H,0.9762,LPath
G690I,0.9372,LPath
G690K,0.99,LPath
G690L,0.946,LPath
G690M,0.9454,LPath
G690N,0.8813,LPath
G690P,0.957,LPath
G690Q,0.9565,LPath
G690R,0.9754,LPath
G690S,0.4054,Amb
G690T,0.6467,LPath
G690V,0.8129,LPath
G690W,0.9812,LPath
G690Y,0.9748,LPath
A691C,0.7666,LPath
A691D,0.9731,LPath
A691E,0.9604,LPath
A691F,0.833,LPath
A691G,0.4064,Amb
A691H,0.912,LPath
A691I,0.7649,LPath
A691K,0.9793,LPath
A691L,0.52,Amb
A691M,0.6296,LPath
A691N,0.7333,LPath
A691P,0.4767,Amb
A691Q,0.824,LPath
A691R,0.9548,LPath
A691S,0.2144,LBen
A691T,0.3999,Amb
A691V,0.4552,Amb
A691W,0.9869,LPath
A691Y,0.9261,LPath
M692A,0.5253,Amb
M692C,0.8408,LPath
M692D,0.9888,LPath
M692E,0.959,LPath
M692F,0.5381,Amb
M692G,0.7682,LPath
M692H,0.9117,LPath
M692I,0.7263,LPath
M692K,0.8409,LPath
M692L,0.1746,LBen
M692N,0.8897,LPath
M692P,0.9031,LPath
M692Q,0.6792,LPath
M692R,0.8287,LPath
M692S,0.7036,LPath
M692T,0.5915,LPath
M692V,0.1509,LBen
M692W,0.9291,LPath
M692Y,0.8934,LPath
G693A,0.5292,Amb
G693C,0.852,LPath
G693D,0.9648,LPath
G693E,0.9693,LPath
G693F,0.9889,LPath
G693H,0.9772,LPath
G693I,0.9693,LPath
G693K,0.9903,LPath
G693L,0.9631,LPath
G693M,0.9569,LPath
G693N,0.8337,LPath
G693P,0.9822,LPath
G693Q,0.9469,LPath
G693R,0.9821,LPath
G693S,0.3485,Amb
G693T,0.588,LPath
G693V,0.8781,LPath
G693W,0.9848,LPath
G693Y,0.9824,LPath
D694A,0.9601,LPath
D694C,0.9906,LPath
D694E,0.7852,LPath
D694F,0.9957,LPath
D694G,0.9061,LPath
D694H,0.9813,LPath
D694I,0.9951,LPath
D694K,0.9911,LPath
D694L,0.9866,LPath
D694M,0.9948,LPath
D694N,0.6176,LPath
D694P,0.9933,LPath
D694Q,0.9731,LPath
D694R,0.99,LPath
D694S,0.8021,LPath
D694T,0.9492,LPath
D694V,0.9809,LPath
D694W,0.9989,LPath
D694Y,0.9716,LPath
R695A,0.9974,LPath
R695C,0.9943,LPath
R695D,0.9954,LPath
R695E,0.9902,LPath
R695F,0.999,LPath
R695G,0.991,LPath
R695H,0.9663,LPath
R695I,0.9983,LPath
R695K,0.8985,LPath
R695L,0.9949,LPath
R695M,0.9989,LPath
R695N,0.9975,LPath
R695P,0.9939,LPath
R695Q,0.9626,LPath
R695S,0.9971,LPath
R695T,0.9971,LPath
R695V,0.9978,LPath
R695W,0.9934,LPath
R695Y,0.9953,LPath
L696A,0.8237,LPath
L696C,0.9336,LPath
L696D,0.9956,LPath
L696E,0.9802,LPath
L696F,0.4213,Amb
L696G,0.9622,LPath
L696H,0.9168,LPath
L696I,0.2712,LBen
L696K,0.9408,LPath
L696M,0.1605,LBen
L696N,0.9536,LPath
L696P,0.968,LPath
L696Q,0.8573,LPath
L696R,0.9233,LPath
L696S,0.9438,LPath
L696T,0.8943,LPath
L696V,0.2748,LBen
L696W,0.817,LPath
L696Y,0.8051,LPath
T697A,0.0707,LBen
T697C,0.4401,Amb
T697D,0.8174,LPath
T697E,0.8037,LPath
T697F,0.6318,LPath
T697G,0.1419,LBen
T697H,0.4624,Amb
T697I,0.6398,LPath
T697K,0.769,LPath
T697L,0.215,LBen
T697M,0.1639,LBen
T697N,0.1751,LBen
T697P,0.7474,LPath
T697Q,0.4007,Amb
T697R,0.7458,LPath
T697S,0.0659,LBen
T697V,0.3566,Amb
T697W,0.8919,LPath
T697Y,0.67,LPath
A698C,0.9585,LPath
A698D,0.9984,LPath
A698E,0.9954,LPath
A698F,0.9888,LPath
A698G,0.8148,LPath
A698H,0.9885,LPath
A698I,0.9854,LPath
A698K,0.9981,LPath
A698L,0.9005,LPath
A698M,0.9223,LPath
A698N,0.9628,LPath
A698P,0.9976,LPath
A698Q,0.9548,LPath
A698R,0.9917,LPath
A698S,0.3825,Amb
A698T,0.7522,LPath
A698V,0.8741,LPath
A698W,0.9991,LPath
A698Y,0.9938,LPath
M699A,0.9548,LPath
M699C,0.9767,LPath
M699D,0.9998,LPath
M699E,0.9987,LPath
M699F,0.8791,LPath
M699G,0.9944,LPath
M699H,0.9981,LPath
M699I,0.9061,LPath
M699K,0.9905,LPath
M699L,0.1742,LBen
M699N,0.9979,LPath
M699P,0.9991,LPath
M699Q,0.9839,LPath
M699R,0.9877,LPath
M699S,0.9918,LPath
M699T,0.9774,LPath
M699V,0.2787,LBen
M699W,0.9935,LPath
M699Y,0.9885,LPath
K700A,0.9904,LPath
K700C,0.996,LPath
K700D,0.9983,LPath
K700E,0.9916,LPath
K700F,0.9995,LPath
K700G,0.9863,LPath
K700H,0.9657,LPath
K700I,0.9979,LPath
K700L,0.9901,LPath
K700M,0.9877,LPath
K700N,0.9968,LPath
K700P,0.9981,LPath
K700Q,0.8771,LPath
K700R,0.1872,LBen
K700S,0.9961,LPath
K700T,0.9883,LPath
K700V,0.9919,LPath
K700W,0.9988,LPath
K700Y,0.9968,LPath
A701C,0.8084,LPath
A701D,0.9024,LPath
A701E,0.6893,LPath
A701F,0.8635,LPath
A701G,0.4443,Amb
A701H,0.745,LPath
A701I,0.8625,LPath
A701K,0.9363,LPath
A701L,0.5274,Amb
A701M,0.4321,Amb
A701N,0.4204,Amb
A701P,0.9989,LPath
A701Q,0.3246,LBen
A701R,0.9205,LPath
A701S,0.1164,LBen
A701T,0.2826,LBen
A701V,0.5407,Amb
A701W,0.976,LPath
A701Y,0.8626,LPath
A702C,0.9613,LPath
A702D,0.9995,LPath
A702E,0.9982,LPath
A702F,0.9777,LPath
A702G,0.9238,LPath
A702H,0.9894,LPath
A702I,0.9901,LPath
A702K,0.9987,LPath
A702L,0.8964,LPath
A702M,0.9426,LPath
A702N,0.9863,LPath
A702P,0.9993,LPath
A702Q,0.9778,LPath
A702R,0.9906,LPath
A702S,0.6361,LPath
A702T,0.8726,LPath
A702V,0.9242,LPath
A702W,0.9988,LPath
A702Y,0.9906,LPath
F703A,0.9993,LPath
F703C,0.9987,LPath
F703D,1.0,LPath
F703E,0.9999,LPath
F703G,0.9996,LPath
F703H,0.9992,LPath
F703I,0.9969,LPath
F703K,0.9999,LPath
F703L,0.9996,LPath
F703M,0.9931,LPath
F703N,0.9998,LPath
F703P,1.0,LPath
F703Q,0.9996,LPath
F703R,0.9991,LPath
F703S,0.9995,LPath
F703T,0.9998,LPath
F703V,0.9934,LPath
F703W,0.9755,LPath
F703Y,0.8523,LPath
Q704A,0.4182,Amb
Q704C,0.941,LPath
Q704D,0.9865,LPath
Q704E,0.6082,LPath
Q704F,0.974,LPath
Q704G,0.655,LPath
Q704H,0.7354,LPath
Q704I,0.9367,LPath
Q704K,0.6981,LPath
Q704L,0.6063,LPath
Q704M,0.6847,LPath
Q704N,0.8149,LPath
Q704P,0.992,LPath
Q704R,0.6256,LPath
Q704S,0.3745,Amb
Q704T,0.5493,Amb
Q704V,0.7662,LPath
Q704W,0.9888,LPath
Q704Y,0.9477,LPath
S705A,0.1322,LBen
S705C,0.5016,Amb
S705D,0.9601,LPath
S705E,0.9579,LPath
S705F,0.8811,LPath
S705G,0.2715,LBen
S705H,0.7994,LPath
S705I,0.9197,LPath
S705K,0.9886,LPath
S705L,0.6027,LPath
S705M,0.5921,LPath
S705N,0.4618,Amb
S705P,0.996,LPath
S705Q,0.7482,LPath
S705R,0.9859,LPath
S705T,0.2846,LBen
S705V,0.78,LPath
S705W,0.9497,LPath
S705Y,0.8246,LPath
Q706A,0.7205,LPath
Q706C,0.9904,LPath
Q706D,0.9899,LPath
Q706E,0.7864,LPath
Q706F,0.9962,LPath
Q706G,0.8166,LPath
Q706H,0.918,LPath
Q706I,0.9887,LPath
Q706K,0.9225,LPath
Q706L,0.9362,LPath
Q706M,0.893,LPath
Q706N,0.8158,LPath
Q706P,0.9859,LPath
Q706R,0.89,LPath
Q706S,0.5019,Amb
Q706T,0.7092,LPath
Q706V,0.9404,LPath
Q706W,0.998,LPath
Q706Y,0.9925,LPath
Y707A,0.9985,LPath
Y707C,0.9947,LPath
Y707D,0.9994,LPath
Y707E,0.9996,LPath
Y707F,0.5038,Amb
Y707G,0.9883,LPath
Y707H,0.9981,LPath
Y707I,0.9955,LPath
Y707K,0.999,LPath
Y707L,0.9784,LPath
Y707M,0.9902,LPath
Y707N,0.9962,LPath
Y707P,0.9994,LPath
Y707Q,0.9992,LPath
Y707R,0.9971,LPath
Y707S,0.9961,LPath
Y707T,0.9989,LPath
Y707V,0.984,LPath
Y707W,0.9708,LPath
K708A,0.9616,LPath
K708C,0.9639,LPath
K708D,0.9934,LPath
K708E,0.9573,LPath
K708F,0.997,LPath
K708G,0.9485,LPath
K708H,0.7947,LPath
K708I,0.9872,LPath
K708L,0.9545,LPath
K708M,0.9293,LPath
K708N,0.9715,LPath
K708P,0.9965,LPath
K708Q,0.4559,Amb
K708R,0.1095,LBen
K708S,0.9581,LPath
K708T,0.9032,LPath
K708V,0.9642,LPath
K708W,0.9938,LPath
K708Y,0.9851,LPath
S709A,0.2035,LBen
S709C,0.3383,LBen
S709D,0.8712,LPath
S709E,0.9219,LPath
S709F,0.8895,LPath
S709G,0.1329,LBen
S709H,0.6823,LPath
S709I,0.858,LPath
S709K,0.9598,LPath
S709L,0.583,LPath
S709M,0.5594,Amb
S709N,0.1538,LBen
S709P,0.985,LPath
S709Q,0.6872,LPath
S709R,0.9565,LPath
S709T,0.1533,LBen
S709V,0.7523,LPath
S709W,0.9412,LPath
S709Y,0.7831,LPath
H710A,0.8291,LPath
H710C,0.5306,Amb
H710D,0.9279,LPath
H710E,0.9413,LPath
H710F,0.8687,LPath
H710G,0.7996,LPath
H710I,0.9481,LPath
H710K,0.817,LPath
H710L,0.718,LPath
H710M,0.8925,LPath
H710N,0.4206,Amb
H710P,0.939,LPath
H710Q,0.5893,LPath
H710R,0.5786,LPath
H710S,0.6073,LPath
H710T,0.7913,LPath
H710V,0.8775,LPath
H710W,0.9272,LPath
H710Y,0.5546,Amb
F711A,0.999,LPath
F711C,0.9991,LPath
F711D,0.9998,LPath
F711E,0.9997,LPath
F711G,0.9988,LPath
F711H,0.9977,LPath
F711I,0.9966,LPath
F711K,0.9995,LPath
F711L,0.9998,LPath
F711M,0.9968,LPath
F711N,0.9994,LPath
F711P,1.0,LPath
F711Q,0.9989,LPath
F711R,0.9972,LPath
F711S,0.9993,LPath
F711T,0.9992,LPath
F711V,0.9952,LPath
F711W,0.9858,LPath
F711Y,0.9453,LPath
V712A,0.8493,LPath
V712C,0.939,LPath
V712D,0.9956,LPath
V712E,0.9551,LPath
V712F,0.8476,LPath
V712G,0.9426,LPath
V712H,0.9703,LPath
V712I,0.1481,LBen
V712K,0.878,LPath
V712L,0.7857,LPath
V712M,0.6391,LPath
V712N,0.9617,LPath
V712P,0.9951,LPath
V712Q,0.7439,LPath
V712R,0.8208,LPath
V712S,0.8974,LPath
V712T,0.6601,LPath
V712W,0.995,LPath
V712Y,0.9754,LPath
A713C,0.9338,LPath
A713D,0.9881,LPath
A713E,0.9613,LPath
A713F,0.9777,LPath
A713G,0.6558,LPath
A713H,0.9588,LPath
A713I,0.9699,LPath
A713K,0.9642,LPath
A713L,0.8402,LPath
A713M,0.887,LPath
A713N,0.8817,LPath
A713P,0.6783,LPath
A713Q,0.7908,LPath
A713R,0.93,LPath
A713S,0.2576,LBen
A713T,0.6956,LPath
A713V,0.8248,LPath
A713W,0.9974,LPath
A713Y,0.9849,LPath
A714C,0.967,LPath
A714D,0.9983,LPath
A714E,0.9963,LPath
A714F,0.9926,LPath
A714G,0.7878,LPath
A714H,0.9913,LPath
A714I,0.9975,LPath
A714K,0.9976,LPath
A714L,0.9692,LPath
A714M,0.9858,LPath
A714N,0.9851,LPath
A714P,0.9897,LPath
A714Q,0.974,LPath
A714R,0.9893,LPath
A714S,0.3855,Amb
A714T,0.9455,LPath
A714V,0.9772,LPath
A714W,0.9994,LPath
A714Y,0.9954,LPath
S715A,0.194,LBen
S715C,0.4141,Amb
S715D,0.9091,LPath
S715E,0.921,LPath
S715F,0.8454,LPath
S715G,0.1769,LBen
S715H,0.8232,LPath
S715I,0.8437,LPath
S715K,0.9729,LPath
S715L,0.5889,LPath
S715M,0.6567,LPath
S715N,0.491,Amb
S715P,0.7934,LPath
S715Q,0.8197,LPath
S715R,0.9725,LPath
S715T,0.1309,LBen
S715V,0.6441,LPath
S715W,0.926,LPath
S715Y,0.8257,LPath
L716A,0.183,LBen
L716C,0.522,Amb
L716D,0.7402,LPath
L716E,0.5657,LPath
L716F,0.1364,LBen
L716G,0.3436,Amb
L716H,0.2667,LBen
L716I,0.1032,LBen
L716K,0.4519,Amb
L716M,0.0936,LBen
L716N,0.3012,LBen
L716P,0.3266,LBen
L716Q,0.1814,LBen
L716R,0.3929,Amb
L716S,0.1987,LBen
L716T,0.1923,LBen
L716V,0.0835,LBen
L716W,0.3796,Amb
L716Y,0.3788,Amb
S717A,0.0907,LBen
S717C,0.1468,LBen
S717D,0.5486,Amb
S717E,0.6676,LPath
S717F,0.3953,Amb
S717G,0.0765,LBen
S717H,0.319,LBen
S717I,0.2832,LBen
S717K,0.7526,LPath
S717L,0.1853,LBen
S717M,0.2493,LBen
S717N,0.0918,LBen
S717P,0.1776,LBen
S717Q,0.4198,Amb
S717R,0.741,LPath
S717T,0.0669,LBen
S717V,0.2247,LBen
S717W,0.6096,LPath
S717Y,0.3838,Amb
N718A,0.1506,LBen
N718C,0.2713,LBen
N718D,0.2578,LBen
N718E,0.5496,Amb
N718F,0.6184,LPath
N718G,0.1502,LBen
N718H,0.1166,LBen
N718I,0.293,LBen
N718K,0.5019,Amb
N718L,0.2554,LBen
N718M,0.3969,Amb
N718P,0.1983,LBen
N718Q,0.2986,LBen
N718R,0.5347,Amb
N718S,0.0603,LBen
N718T,0.0957,LBen
N718V,0.2155,LBen
N718W,0.8416,LPath
N718Y,0.2865,LBen
Q719A,0.227,LBen
Q719C,0.7941,LPath
Q719D,0.4947,Amb
Q719E,0.1554,LBen
Q719F,0.8703,LPath
Q719G,0.2328,LBen
Q719H,0.2284,LBen
Q719I,0.5977,LPath
Q719K,0.1868,LBen
Q719L,0.2988,LBen
Q719M,0.5307,Amb
Q719N,0.2435,LBen
Q719P,0.1055,LBen
Q719R,0.2143,LBen
Q719S,0.1812,LBen
Q719T,0.1877,LBen
Q719V,0.3977,Amb
Q719W,0.8445,LPath
Q719Y,0.6905,LPath
K720A,0.6475,LPath
K720C,0.9103,LPath
K720D,0.7942,LPath
K720E,0.5806,LPath
K720F,0.9623,LPath
K720G,0.5818,LPath
K720H,0.4681,Amb
K720I,0.8146,LPath
K720L,0.7747,LPath
K720M,0.6839,LPath
K720N,0.6635,LPath
K720P,0.6321,LPath
K720Q,0.2375,LBen
K720R,0.1092,LBen
K720S,0.6839,LPath
K720T,0.4606,Amb
K720V,0.7409,LPath
K720W,0.9553,LPath
K720Y,0.9046,LPath
A721C,0.4157,Amb
A721D,0.4178,Amb
A721E,0.3927,Amb
A721F,0.3398,LBen
A721G,0.0959,LBen
A721H,0.394,Amb
A721I,0.1893,LBen
A721K,0.5292,Amb
A721L,0.1471,LBen
A721M,0.1747,LBen
A721N,0.1668,LBen
A721P,0.1249,LBen
A721Q,0.2996,LBen
A721R,0.5259,Amb
A721S,0.078,LBen
A721T,0.0647,LBen
A721V,0.1037,LBen
A721W,0.6809,LPath
A721Y,0.4288,Amb
G722A,0.1114,LBen
G722C,0.2431,LBen
G722D,0.5073,Amb
G722E,0.5155,Amb
G722F,0.6459,LPath
G722H,0.5462,Amb
G722I,0.3005,LBen
G722K,0.7498,LPath
G722L,0.4291,Amb
G722M,0.4786,Amb
G722N,0.2727,LBen
G722P,0.571,LPath
G722Q,0.4797,Amb
G722R,0.6427,LPath
G722S,0.0802,LBen
G722T,0.1038,LBen
G722V,0.165,LBen
G722W,0.6598,LPath
G722Y,0.5766,LPath
S723A,0.086,LBen
S723C,0.1443,LBen
S723D,0.6048,LPath
S723E,0.7109,LPath
S723F,0.2466,LBen
S723G,0.0833,LBen
S723H,0.4035,Amb
S723I,0.1847,LBen
S723K,0.7868,LPath
S723L,0.1368,LBen
S723M,0.2221,LBen
S723N,0.1263,LBen
S723P,0.1626,LBen
S723Q,0.5141,Amb
S723R,0.7818,LPath
S723T,0.0709,LBen
S723V,0.1574,LBen
S723W,0.5311,Amb
S723Y,0.307,LBen
S724A,0.0729,LBen
S724C,0.1694,LBen
S724D,0.5989,LPath
S724E,0.6861,LPath
S724F,0.2765,LBen
S724G,0.0832,LBen
S724H,0.4045,Amb
S724I,0.2291,LBen
S724K,0.7339,LPath
S724L,0.1285,LBen
S724M,0.2332,LBen
S724N,0.1605,LBen
S724P,0.1368,LBen
S724Q,0.4821,Amb
S724R,0.7242,LPath
S724T,0.0707,LBen
S724V,0.1591,LBen
S724W,0.5505,Amb
S724Y,0.3265,LBen
A725C,0.5098,Amb
A725D,0.528,Amb
A725E,0.5158,Amb
A725F,0.384,Amb
A725G,0.1238,LBen
A725H,0.4911,Amb
A725I,0.2631,LBen
A725K,0.6741,LPath
A725L,0.187,LBen
A725M,0.2334,LBen
A725N,0.2417,LBen
A725P,0.1712,LBen
A725Q,0.3767,Amb
A725R,0.632,LPath
A725S,0.0796,LBen
A725T,0.0753,LBen
A725V,0.1198,LBen
A725W,0.8186,LPath
A725Y,0.5719,LPath
A726C,0.475,Amb
A726D,0.4736,Amb
A726E,0.459,Amb
A726F,0.3938,Amb
A726G,0.1079,LBen
A726H,0.4832,Amb
A726I,0.2713,LBen
A726K,0.6312,LPath
A726L,0.1934,LBen
A726M,0.2485,LBen
A726N,0.2141,LBen
A726P,0.1767,LBen
A726Q,0.3468,Amb
A726R,0.5881,LPath
A726S,0.0755,LBen
A726T,0.0781,LBen
A726V,0.128,LBen
A726W,0.7846,LPath
A726Y,0.5487,Amb
G727A,0.1212,LBen
G727C,0.2895,LBen
G727D,0.6058,LPath
G727E,0.5948,LPath
G727F,0.7277,LPath
G727H,0.6153,LPath
G727I,0.4138,Amb
G727K,0.808,LPath
G727L,0.514,Amb
G727M,0.5193,Amb
G727N,0.2971,LBen
G727P,0.6927,LPath
G727Q,0.5357,Amb
G727R,0.7128,LPath
G727S,0.0912,LBen
G727T,0.13,LBen
G727V,0.2186,LBen
G727W,0.7131,LPath
G727Y,0.6726,LPath
A728C,0.5112,Amb
A728D,0.628,LPath
A728E,0.6079,LPath
A728F,0.4146,Amb
A728G,0.1361,LBen
A728H,0.5494,Amb
A728I,0.3134,LBen
A728K,0.7444,LPath
A728L,0.2142,LBen
A728M,0.273,LBen
A728N,0.2542,LBen
A728P,0.2192,LBen
A728Q,0.4218,Amb
A728R,0.6949,LPath
A728S,0.0801,LBen
A728T,0.0843,LBen
A728V,0.1436,LBen
A728W,0.8632,LPath
A728Y,0.6055,LPath
S729A,0.123,LBen
S729C,0.3108,LBen
S729D,0.8818,LPath
S729E,0.915,LPath
S729F,0.6327,LPath
S729G,0.1302,LBen
S729H,0.7925,LPath
S729I,0.6608,LPath
S729K,0.9644,LPath
S729L,0.3132,LBen
S729M,0.4663,Amb
S729N,0.4271,Amb
S729P,0.3373,LBen
S729Q,0.8163,LPath
S729R,0.954,LPath
S729T,0.1255,LBen
S729V,0.4567,Amb
S729W,0.8049,LPath
S729Y,0.6899,LPath
G730A,0.3052,LBen
G730C,0.4483,Amb
G730D,0.8978,LPath
G730E,0.9033,LPath
G730F,0.8847,LPath
G730H,0.8664,LPath
G730I,0.7313,LPath
G730K,0.962,LPath
G730L,0.7954,LPath
G730M,0.8081,LPath
G730N,0.6093,LPath
G730P,0.9117,LPath
G730Q,0.8044,LPath
G730R,0.9046,LPath
G730S,0.177,LBen
G730T,0.3887,Amb
G730V,0.5279,Amb
G730W,0.8784,LPath
G730Y,0.8681,LPath
W731A,0.967,LPath
W731C,0.9924,LPath
W731D,0.9952,LPath
W731E,0.9962,LPath
W731F,0.4605,Amb
W731G,0.868,LPath
W731H,0.9915,LPath
W731I,0.9634,LPath
W731K,0.9982,LPath
W731L,0.9013,LPath
W731M,0.9643,LPath
W731N,0.9908,LPath
W731P,0.9938,LPath
W731Q,0.9969,LPath
W731R,0.9964,LPath
W731S,0.9514,LPath
W731T,0.9756,LPath
W731V,0.9483,LPath
W731Y,0.8435,LPath
T732A,0.4945,Amb
T732C,0.9021,LPath
T732D,0.956,LPath
T732E,0.9214,LPath
T732F,0.9309,LPath
T732G,0.6588,LPath
T732H,0.8237,LPath
T732I,0.9011,LPath
T732K,0.7621,LPath
T732L,0.6827,LPath
T732M,0.5919,LPath
T732N,0.6466,LPath
T732P,0.7189,LPath
T732Q,0.7158,LPath
T732R,0.7646,LPath
T732S,0.5253,Amb
T732V,0.7073,LPath
T732W,0.9815,LPath
T732Y,0.9401,LPath
S733A,0.4393,Amb
S733C,0.869,LPath
S733D,0.9859,LPath
S733E,0.9887,LPath
S733F,0.9785,LPath
S733G,0.5929,LPath
S733H,0.9735,LPath
S733I,0.98,LPath
S733K,0.997,LPath
S733L,0.8869,LPath
S733M,0.9135,LPath
S733N,0.9289,LPath
S733P,0.9509,LPath
S733Q,0.9723,LPath
S733R,0.9962,LPath
S733T,0.5381,Amb
S733V,0.9386,LPath
S733W,0.9847,LPath
S733Y,0.9716,LPath
A734C,0.908,LPath
A734D,0.9909,LPath
A734E,0.9814,LPath
A734F,0.9307,LPath
A734G,0.5885,LPath
A734H,0.9684,LPath
A734I,0.9658,LPath
A734K,0.987,LPath
A734L,0.7778,LPath
A734M,0.9012,LPath
A734N,0.9519,LPath
A734P,0.8966,LPath
A734Q,0.9367,LPath
A734R,0.9544,LPath
A734S,0.4246,Amb
A734T,0.7797,LPath
A734V,0.8492,LPath
A734W,0.9913,LPath
A734Y,0.9692,LPath
G735A,0.7085,LPath
G735C,0.9341,LPath
G735D,0.9872,LPath
G735E,0.9884,LPath
G735F,0.9871,LPath
G735H,0.9903,LPath
G735I,0.9807,LPath
G735K,0.9944,LPath
G735L,0.9741,LPath
G735M,0.9821,LPath
G735N,0.9637,LPath
G735P,0.9892,LPath
G735Q,0.9767,LPath
G735R,0.985,LPath
G735S,0.6485,LPath
G735T,0.8845,LPath
G735V,0.937,LPath
G735W,0.9889,LPath
G735Y,0.9883,LPath
S736A,0.3719,Amb
S736C,0.6393,LPath
S736D,0.9677,LPath
S736E,0.9795,LPath
S736F,0.8817,LPath
S736G,0.4401,Amb
S736H,0.9089,LPath
S736I,0.8937,LPath
S736K,0.994,LPath
S736L,0.7511,LPath
S736M,0.7623,LPath
S736N,0.7226,LPath
S736P,0.9093,LPath
S736Q,0.9389,LPath
S736R,0.9931,LPath
S736T,0.3346,LBen
S736V,0.8174,LPath
S736W,0.9471,LPath
S736Y,0.8849,LPath
L737A,0.9026,LPath
L737C,0.9599,LPath
L737D,0.9934,LPath
L737E,0.9761,LPath
L737F,0.6691,LPath
L737G,0.9524,LPath
L737H,0.9589,LPath
L737I,0.4169,Amb
L737K,0.9527,LPath
L737M,0.3956,Amb
L737N,0.9688,LPath
L737P,0.9309,LPath
L737Q,0.916,LPath
L737R,0.9153,LPath
L737S,0.9583,LPath
L737T,0.9193,LPath
L737V,0.471,Amb
L737W,0.8639,LPath
L737Y,0.9198,LPath
N738A,0.2487,LBen
N738C,0.303,LBen
N738D,0.425,Amb
N738E,0.7917,LPath
N738F,0.7762,LPath
N738G,0.2095,LBen
N738H,0.1728,LBen
N738I,0.5659,LPath
N738K,0.7579,LPath
N738L,0.4217,Amb
N738M,0.5611,Amb
N738P,0.4876,Amb
N738Q,0.4852,Amb
N738R,0.7558,LPath
N738S,0.0632,LBen
N738T,0.1403,LBen
N738V,0.4415,Amb
N738W,0.9134,LPath
N738Y,0.4151,Amb
S739A,0.1252,LBen
S739C,0.2832,LBen
S739D,0.8918,LPath
S739E,0.9266,LPath
S739F,0.6561,LPath
S739G,0.1739,LBen
S739H,0.7588,LPath
S739I,0.5354,Amb
S739K,0.9714,LPath
S739L,0.3268,LBen
S739M,0.3967,Amb
S739N,0.4288,Amb
S739P,0.5904,LPath
S739Q,0.838,LPath
S739R,0.9606,LPath
S739T,0.1075,LBen
S739V,0.3932,Amb
S739W,0.8115,LPath
S739Y,0.6532,LPath
V740A,0.485,Amb
V740C,0.8484,LPath
V740D,0.8969,LPath
V740E,0.8439,LPath
V740F,0.2498,LBen
V740G,0.537,Amb
V740H,0.8878,LPath
V740I,0.0803,LBen
V740K,0.8771,LPath
V740L,0.1815,LBen
V740M,0.2121,LBen
V740N,0.6994,LPath
V740P,0.7365,LPath
V740Q,0.7389,LPath
V740R,0.8396,LPath
V740S,0.5713,LPath
V740T,0.544,Amb
V740W,0.9314,LPath
V740Y,0.7867,LPath
P741A,0.2672,LBen
P741C,0.9049,LPath
P741D,0.8589,LPath
P741E,0.75,LPath
P741F,0.9243,LPath
P741G,0.6214,LPath
P741H,0.5999,LPath
P741I,0.842,LPath
P741K,0.7878,LPath
P741L,0.6019,LPath
P741M,0.8147,LPath
P741N,0.7292,LPath
P741Q,0.4734,Amb
P741R,0.6223,LPath
P741S,0.381,Amb
P741T,0.3983,Amb
P741V,0.6479,LPath
P741W,0.9732,LPath
P741Y,0.9057,LPath
T742A,0.0725,LBen
T742C,0.3167,LBen
T742D,0.484,Amb
T742E,0.4983,Amb
T742F,0.4212,Amb
T742G,0.0913,LBen
T742H,0.3445,Amb
T742I,0.3719,Amb
T742K,0.514,Amb
T742L,0.1936,LBen
T742M,0.1913,LBen
T742N,0.1464,LBen
T742P,0.1204,LBen
T742Q,0.3153,LBen
T742R,0.4654,Amb
T742S,0.0624,LBen
T742V,0.2015,LBen
T742W,0.6958,LPath
T742Y,0.442,Amb
N743A,0.0718,LBen
N743C,0.1194,LBen
N743D,0.1219,LBen
N743E,0.2501,LBen
N743F,0.2639,LBen
N743G,0.0848,LBen
N743H,0.0942,LBen
N743I,0.1257,LBen
N743K,0.2792,LBen
N743L,0.1221,LBen
N743M,0.1942,LBen
N743P,0.1299,LBen
N743Q,0.1788,LBen
N743R,0.2833,LBen
N743S,0.0517,LBen
N743T,0.0585,LBen
N743V,0.101,LBen
N743W,0.5158,Amb
N743Y,0.1294,LBen
S744A,0.058,LBen
S744C,0.1141,LBen
S744D,0.3582,Amb
S744E,0.4523,Amb
S744F,0.1657,LBen
S744G,0.0708,LBen
S744H,0.2496,LBen
S744I,0.1346,LBen
S744K,0.5982,LPath
S744L,0.096,LBen
S744M,0.1568,LBen
S744N,0.106,LBen
S744P,0.0932,LBen
S744Q,0.3433,Amb
S744R,0.5663,LPath
S744T,0.0582,LBen
S744V,0.1085,LBen
S744W,0.3749,Amb
S744Y,0.185,LBen
A745C,0.2564,LBen
A745D,0.2452,LBen
A745E,0.2552,LBen
A745F,0.1775,LBen
A745G,0.0811,LBen
A745H,0.239,LBen
A745I,0.1211,LBen
A745K,0.3782,Amb
A745L,0.0961,LBen
A745M,0.138,LBen
A745N,0.1249,LBen
A745P,0.0876,LBen
A745Q,0.1914,LBen
A745R,0.3468,Amb
A745S,0.0642,LBen
A745T,0.0641,LBen
A745V,0.0782,LBen
A745W,0.4766,Amb
A745Y,0.2486,LBen
Q746A,0.1014,LBen
Q746C,0.3759,Amb
Q746D,0.1967,LBen
Q746E,0.094,LBen
Q746F,0.3794,Amb
Q746G,0.1185,LBen
Q746H,0.1113,LBen
Q746I,0.1976,LBen
Q746K,0.1118,LBen
Q746L,0.1011,LBen
Q746M,0.2334,LBen
Q746N,0.1276,LBen
Q746P,0.069,LBen
Q746R,0.1121,LBen
Q746S,0.0911,LBen
Q746T,0.1037,LBen
Q746V,0.1348,LBen
Q746W,0.4096,Amb
Q746Y,0.2628,LBen
Q747A,0.0891,LBen
Q747C,0.3455,Amb
Q747D,0.1575,LBen
Q747E,0.0823,LBen
Q747F,0.3626,Amb
Q747G,0.106,LBen
Q747H,0.0963,LBen
Q747I,0.1926,LBen
Q747K,0.0903,LBen
Q747L,0.0971,LBen
Q747M,0.2139,LBen
Q747N,0.1039,LBen
Q747P,0.0619,LBen
Q747R,0.0989,LBen
Q747S,0.0904,LBen
Q747T,0.0894,LBen
Q747V,0.1349,LBen
Q747W,0.3826,Amb
Q747Y,0.2233,LBen
G748A,0.0718,LBen
G748C,0.0903,LBen
G748D,0.1235,LBen
G748E,0.1293,LBen
G748F,0.1923,LBen
G748H,0.142,LBen
G748I,0.0919,LBen
G748K,0.2297,LBen
G748L,0.129,LBen
G748M,0.1588,LBen
G748N,0.0858,LBen
G748P,0.1953,LBen
G748Q,0.1432,LBen
G748R,0.1967,LBen
G748S,0.0626,LBen
G748T,0.0668,LBen
G748V,0.0702,LBen
G748W,0.2003,LBen
G748Y,0.138,LBen
H749A,0.0695,LBen
H749C,0.0903,LBen
H749D,0.0956,LBen
H749E,0.1035,LBen
H749F,0.1307,LBen
H749G,0.0799,LBen
H749I,0.0968,LBen
H749K,0.0914,LBen
H749L,0.0676,LBen
H749M,0.1519,LBen
H749N,0.0541,LBen
H749P,0.0608,LBen
H749Q,0.0588,LBen
H749R,0.0641,LBen
H749S,0.0649,LBen
H749T,0.0684,LBen
H749V,0.0839,LBen
H749W,0.1878,LBen
H749Y,0.076,LBen
N750A,0.0588,LBen
N750C,0.0884,LBen
N750D,0.0919,LBen
N750E,0.1577,LBen
N750F,0.153,LBen
N750G,0.079,LBen
N750H,0.0634,LBen
N750I,0.0743,LBen
N750K,0.1251,LBen
N750L,0.0772,LBen
N750M,0.1344,LBen
N750P,0.0959,LBen
N750Q,0.1017,LBen
N750R,0.1202,LBen
N750S,0.0511,LBen
N750T,0.0528,LBen
N750V,0.0671,LBen
N750W,0.3114,LBen
N750Y,0.0783,LBen
S751A,0.0627,LBen
S751C,0.0824,LBen
S751D,0.1807,LBen
S751E,0.2277,LBen
S751F,0.1065,LBen
S751G,0.0652,LBen
S751H,0.1039,LBen
S751I,0.0718,LBen
S751K,0.2193,LBen
S751L,0.0718,LBen
S751M,0.114,LBen
S751N,0.0659,LBen
S751P,0.0905,LBen
S751Q,0.1462,LBen
S751R,0.205,LBen
S751T,0.0587,LBen
S751V,0.0718,LBen
S751W,0.2251,LBen
S751Y,0.0996,LBen
P752A,0.0498,LBen
P752C,0.1862,LBen
P752D,0.177,LBen
P752E,0.1353,LBen
P752F,0.1534,LBen
P752G,0.0932,LBen
P752H,0.0747,LBen
P752I,0.1068,LBen
P752K,0.1242,LBen
P752L,0.073,LBen
P752M,0.1272,LBen
P752N,0.1007,LBen
P752Q,0.0659,LBen
P752R,0.0926,LBen
P752S,0.0556,LBen
P752T,0.0524,LBen
P752V,0.0841,LBen
P752W,0.2568,LBen
P752Y,0.1567,LBen
D753A,0.0843,LBen
D753C,0.3082,LBen
D753E,0.0755,LBen
D753F,0.2828,LBen
D753G,0.086,LBen
D753H,0.1534,LBen
D753I,0.1604,LBen
D753K,0.2256,LBen
D753L,0.1687,LBen
D753M,0.289,LBen
D753N,0.0772,LBen
D753P,0.2183,LBen
D753Q,0.1353,LBen
D753R,0.2299,LBen
D753S,0.0742,LBen
D753T,0.1082,LBen
D753V,0.1089,LBen
D753W,0.6292,LPath
D753Y,0.1523,LBen
S754A,0.0617,LBen
S754C,0.0874,LBen
S754D,0.2401,LBen
S754E,0.3027,LBen
S754F,0.1086,LBen
S754G,0.0684,LBen
S754H,0.1588,LBen
S754I,0.0818,LBen
S754K,0.3554,Amb
S754L,0.0712,LBen
S754M,0.1196,LBen
S754N,0.0821,LBen
S754P,0.096,LBen
S754Q,0.227,LBen
S754R,0.3408,Amb
S754T,0.0601,LBen
S754V,0.079,LBen
S754W,0.2629,LBen
S754Y,0.1162,LBen
P755A,0.0504,LBen
P755C,0.2299,LBen
P755D,0.2266,LBen
P755E,0.1714,LBen
P755F,0.1801,LBen
P755G,0.1129,LBen
P755H,0.0877,LBen
P755I,0.1234,LBen
P755K,0.1654,LBen
P755L,0.0793,LBen
P755M,0.1389,LBen
P755N,0.1203,LBen
P755Q,0.0795,LBen
P755R,0.1162,LBen
P755S,0.0604,LBen
P755T,0.0542,LBen
P755V,0.0892,LBen
P755W,0.3421,Amb
P755Y,0.1918,LBen
V756A,0.0746,LBen
V756C,0.3669,Amb
V756D,0.1895,LBen
V756E,0.181,LBen
V756F,0.0793,LBen
V756G,0.0814,LBen
V756H,0.207,LBen
V756I,0.0682,LBen
V756K,0.1842,LBen
V756L,0.0778,LBen
V756M,0.08,LBen
V756N,0.1016,LBen
V756P,0.1262,LBen
V756Q,0.1352,LBen
V756R,0.1634,LBen
V756S,0.0816,LBen
V756T,0.09,LBen
V756W,0.4015,Amb
V756Y,0.2171,LBen
T757A,0.0558,LBen
T757C,0.2021,LBen
T757D,0.2483,LBen
T757E,0.2337,LBen
T757F,0.1222,LBen
T757G,0.0905,LBen
T757H,0.1339,LBen
T757I,0.0942,LBen
T757K,0.1886,LBen
T757L,0.0737,LBen
T757M,0.0899,LBen
T757N,0.0816,LBen
T757P,0.067,LBen
T757Q,0.1408,LBen
T757R,0.1661,LBen
T757S,0.0688,LBen
T757V,0.0771,LBen
T757W,0.3274,LBen
T757Y,0.1465,LBen
S758A,0.054,LBen
S758C,0.1085,LBen
S758D,0.3109,LBen
S758E,0.3732,Amb
S758F,0.1322,LBen
S758G,0.0651,LBen
S758H,0.2163,LBen
S758I,0.1128,LBen
S758K,0.4442,Amb
S758L,0.08,LBen
S758M,0.1275,LBen
S758N,0.0968,LBen
S758P,0.0809,LBen
S758Q,0.2748,LBen
S758R,0.4209,Amb
S758T,0.0594,LBen
S758V,0.0919,LBen
S758W,0.2781,LBen
S758Y,0.1558,LBen
A759C,0.276,LBen
A759D,0.2717,LBen
A759E,0.2638,LBen
A759F,0.1801,LBen
A759G,0.0865,LBen
A759H,0.2619,LBen
A759I,0.1297,LBen
A759K,0.3578,Amb
A759L,0.0967,LBen
A759M,0.1267,LBen
A759N,0.1546,LBen
A759P,0.0936,LBen
A759Q,0.214,LBen
A759R,0.3295,LBen
A759S,0.0772,LBen
A759T,0.0662,LBen
A759V,0.0806,LBen
A759W,0.4615,Amb
A759Y,0.2589,LBen
A760C,0.2694,LBen
A760D,0.3054,LBen
A760E,0.2718,LBen
A760F,0.2023,LBen
A760G,0.0793,LBen
A760H,0.2772,LBen
A760I,0.1454,LBen
A760K,0.3482,Amb
A760L,0.1089,LBen
A760M,0.1383,LBen
A760N,0.1525,LBen
A760P,0.0975,LBen
A760Q,0.1964,LBen
A760R,0.3097,LBen
A760S,0.0746,LBen
A760T,0.0661,LBen
A760V,0.0892,LBen
A760W,0.4718,Amb
A760Y,0.2815,LBen
K761A,0.1993,LBen
K761C,0.5803,LPath
K761D,0.4558,Amb
K761E,0.1981,LBen
K761F,0.6618,LPath
K761G,0.194,LBen
K761H,0.2512,LBen
K761I,0.4174,Amb
K761L,0.3366,LBen
K761M,0.2832,LBen
K761N,0.3399,LBen
K761P,0.3163,LBen
K761Q,0.1078,LBen
K761R,0.0723,LBen
K761S,0.2527,LBen
K761T,0.1593,LBen
K761V,0.3403,Amb
K761W,0.6592,LPath
K761Y,0.557,Amb
G762A,0.0879,LBen
G762C,0.1676,LBen
G762D,0.2583,LBen
G762E,0.2579,LBen
G762F,0.4062,Amb
G762H,0.3189,LBen
G762I,0.1708,LBen
G762K,0.4736,Amb
G762L,0.2564,LBen
G762M,0.2784,LBen
G762N,0.1575,LBen
G762P,0.4173,Amb
G762Q,0.2962,LBen
G762R,0.4048,Amb
G762S,0.0835,LBen
G762T,0.0891,LBen
G762V,0.0992,LBen
G762W,0.3921,Amb
G762Y,0.2833,LBen
I763A,0.2852,LBen
I763C,0.4668,Amb
I763D,0.6409,LPath
I763E,0.5983,LPath
I763F,0.0686,LBen
I763G,0.3788,Amb
I763H,0.3766,Amb
I763K,0.4262,Amb
I763L,0.0716,LBen
I763M,0.0771,LBen
I763N,0.2028,LBen
I763P,0.3798,Amb
I763Q,0.334,LBen
I763R,0.3571,Amb
I763S,0.2293,LBen
I763T,0.3175,LBen
I763V,0.0851,LBen
I763W,0.4959,Amb
I763Y,0.2757,LBen
P764A,0.0601,LBen
P764C,0.2953,LBen
P764D,0.3972,Amb
P764E,0.2897,LBen
P764F,0.2767,LBen
P764G,0.1376,LBen
P764H,0.1222,LBen
P764I,0.2009,LBen
P764K,0.2861,LBen
P764L,0.1082,LBen
P764M,0.211,LBen
P764N,0.1826,LBen
P764Q,0.1054,LBen
P764R,0.1681,LBen
P764S,0.0715,LBen
P764T,0.0687,LBen
P764V,0.1315,LBen
P764W,0.4472,Amb
P764Y,0.2771,LBen
G765A,0.0847,LBen
G765C,0.1408,LBen
G765D,0.3944,Amb
G765E,0.4163,Amb
G765F,0.3772,Amb
G765H,0.3528,Amb
G765I,0.1817,LBen
G765K,0.6006,LPath
G765L,0.2477,LBen
G765M,0.3104,LBen
G765N,0.2168,LBen
G765P,0.432,Amb
G765Q,0.3617,Amb
G765R,0.4356,Amb
G765S,0.0785,LBen
G765T,0.0995,LBen
G765V,0.1066,LBen
G765W,0.4065,Amb
G765Y,0.3136,LBen
F766A,0.3804,Amb
F766C,0.2775,LBen
F766D,0.7915,LPath
F766E,0.8347,LPath
F766G,0.5493,Amb
F766H,0.6072,LPath
F766I,0.1906,LBen
F766K,0.8485,LPath
F766L,0.7672,LPath
F766M,0.4027,Amb
F766N,0.5808,LPath
F766P,0.8091,LPath
F766Q,0.7151,LPath
F766R,0.7466,LPath
F766S,0.3239,LBen
F766T,0.3838,Amb
F766V,0.2099,LBen
F766W,0.3512,Amb
F766Y,0.1792,LBen
G767A,0.0856,LBen
G767C,0.0973,LBen
G767D,0.3517,Amb
G767E,0.3201,LBen
G767F,0.325,LBen
G767H,0.275,LBen
G767I,0.1442,LBen
G767K,0.479,Amb
G767L,0.1986,LBen
G767M,0.251,LBen
G767N,0.1848,LBen
G767P,0.3636,Amb
G767Q,0.269,LBen
G767R,0.32,LBen
G767S,0.0713,LBen
G767T,0.0782,LBen
G767V,0.0972,LBen
G767W,0.2739,LBen
G767Y,0.261,LBen
N768A,0.0815,LBen
N768C,0.1034,LBen
N768D,0.1721,LBen
N768E,0.3352,LBen
N768F,0.2446,LBen
N768G,0.0872,LBen
N768H,0.0908,LBen
N768I,0.1298,LBen
N768K,0.2722,LBen
N768L,0.1181,LBen
N768M,0.1839,LBen
N768P,0.1436,LBen
N768Q,0.1863,LBen
N768R,0.2734,LBen
N768S,0.0482,LBen
N768T,0.062,LBen
N768V,0.1127,LBen
N768W,0.4949,Amb
N768Y,0.1064,LBen
T769A,0.0565,LBen
T769C,0.2137,LBen
T769D,0.3644,Amb
T769E,0.3567,Amb
T769F,0.1759,LBen
T769G,0.0994,LBen
T769H,0.1735,LBen
T769I,0.1329,LBen
T769K,0.2633,LBen
T769L,0.0963,LBen
T769M,0.0974,LBen
T769N,0.1016,LBen
T769P,0.0854,LBen
T769Q,0.1935,LBen
T769R,0.2101,LBen
T769S,0.076,LBen
T769V,0.1032,LBen
T769W,0.4239,Amb
T769Y,0.2057,LBen
G770A,0.1065,LBen
G770C,0.1811,LBen
G770D,0.3587,Amb
G770E,0.3478,Amb
G770F,0.5136,Amb
G770H,0.3968,Amb
G770I,0.2741,LBen
G770K,0.555,Amb
G770L,0.3447,Amb
G770M,0.385,Amb
G770N,0.2129,LBen
G770P,0.5039,Amb
G770Q,0.3244,LBen
G770R,0.3985,Amb
G770S,0.0834,LBen
G770T,0.1231,LBen
G770V,0.1538,LBen
G770W,0.4043,Amb
G770Y,0.3967,Amb
N771A,0.0991,LBen
N771C,0.1219,LBen
N771D,0.1477,LBen
N771E,0.2993,LBen
N771F,0.2415,LBen
N771G,0.1176,LBen
N771H,0.0885,LBen
N771I,0.1277,LBen
N771K,0.2572,LBen
N771L,0.1313,LBen
N771M,0.1962,LBen
N771P,0.197,LBen
N771Q,0.1928,LBen
N771R,0.257,LBen
N771S,0.0623,LBen
N771T,0.0737,LBen
N771V,0.112,LBen
N771W,0.5137,Amb
N771Y,0.1108,LBen
I772A,0.1669,LBen
I772C,0.3553,Amb
I772D,0.4998,Amb
I772E,0.4884,Amb
I772F,0.0645,LBen
I772G,0.2733,LBen
I772H,0.2547,LBen
I772K,0.3949,Amb
I772L,0.0631,LBen
I772M,0.077,LBen
I772N,0.1599,LBen
I772P,0.2663,LBen
I772Q,0.2609,LBen
I772R,0.2633,LBen
I772S,0.1537,LBen
I772T,0.1687,LBen
I772V,0.0702,LBen
I772W,0.3932,Amb
I772Y,0.234,LBen
S773A,0.0767,LBen
S773C,0.1125,LBen
S773D,0.536,Amb
S773E,0.6259,LPath
S773F,0.1982,LBen
S773G,0.0784,LBen
S773H,0.3387,LBen
S773I,0.2104,LBen
S773K,0.7394,LPath
S773L,0.1236,LBen
S773M,0.2358,LBen
S773N,0.1611,LBen
S773P,0.106,LBen
S773Q,0.4759,Amb
S773R,0.6505,LPath
S773T,0.0762,LBen
S773V,0.1749,LBen
S773W,0.3735,Amb
S773Y,0.2297,LBen
G774A,0.0686,LBen
G774C,0.1177,LBen
G774D,0.2796,LBen
G774E,0.2714,LBen
G774F,0.3303,LBen
G774H,0.2946,LBen
G774I,0.1592,LBen
G774K,0.4691,Amb
G774L,0.2022,LBen
G774M,0.235,LBen
G774N,0.1595,LBen
G774P,0.2778,LBen
G774Q,0.2811,LBen
G774R,0.3454,Amb
G774S,0.0662,LBen
G774T,0.0685,LBen
G774V,0.0986,LBen
G774W,0.3253,LBen
G774Y,0.2712,LBen
A775C,0.2516,LBen
A775D,0.2698,LBen
A775E,0.2582,LBen
A775F,0.1515,LBen
A775G,0.0855,LBen
A775H,0.2914,LBen
A775I,0.1016,LBen
A775K,0.3868,Amb
A775L,0.0896,LBen
A775M,0.1164,LBen
A775N,0.1381,LBen
A775P,0.1015,LBen
A775Q,0.2157,LBen
A775R,0.3561,Amb
A775S,0.0758,LBen
A775T,0.0671,LBen
A775V,0.0696,LBen
A775W,0.5039,Amb
A775Y,0.2434,LBen
P776A,0.0531,LBen
P776C,0.3323,LBen
P776D,0.3189,LBen
P776E,0.2458,LBen
P776F,0.3301,LBen
P776G,0.1231,LBen
P776H,0.1412,LBen
P776I,0.2264,LBen
P776K,0.2797,LBen
P776L,0.1327,LBen
P776M,0.2184,LBen
P776N,0.1481,LBen
P776Q,0.1025,LBen
P776R,0.1879,LBen
P776S,0.0657,LBen
P776T,0.0619,LBen
P776V,0.1374,LBen
P776W,0.5336,Amb
P776Y,0.3097,LBen
V777A,0.0812,LBen
V777C,0.4643,Amb
V777D,0.2657,LBen
V777E,0.2627,LBen
V777F,0.0977,LBen
V777G,0.0884,LBen
V777H,0.3347,LBen
V777I,0.0797,LBen
V777K,0.3579,Amb
V777L,0.1034,LBen
V777M,0.1031,LBen
V777N,0.1329,LBen
V777P,0.1535,LBen
V777Q,0.2012,LBen
V777R,0.3232,LBen
V777S,0.0976,LBen
V777T,0.1026,LBen
V777W,0.5715,LPath
V777Y,0.3169,LBen
T778A,0.0592,LBen
T778C,0.2345,LBen
T778D,0.32,LBen
T778E,0.3184,LBen
T778F,0.177,LBen
T778G,0.0838,LBen
T778H,0.183,LBen
T778I,0.1374,LBen
T778K,0.2914,LBen
T778L,0.1004,LBen
T778M,0.1193,LBen
T778N,0.0806,LBen
T778P,0.0694,LBen
T778Q,0.181,LBen
T778R,0.2371,LBen
T778S,0.0687,LBen
T778V,0.1005,LBen
T778W,0.4447,Amb
T778Y,0.1999,LBen
Y779A,0.1519,LBen
Y779C,0.0903,LBen
Y779D,0.237,LBen
Y779E,0.3958,Amb
Y779F,0.0672,LBen
Y779G,0.1618,LBen
Y779H,0.1603,LBen
Y779I,0.1719,LBen
Y779K,0.4846,Amb
Y779L,0.2162,LBen
Y779M,0.2793,LBen
Y779N,0.1066,LBen
Y779P,0.255,LBen
Y779Q,0.2481,LBen
Y779R,0.3519,Amb
Y779S,0.0867,LBen
Y779T,0.1489,LBen
Y779V,0.1247,LBen
Y779W,0.2916,LBen
P780A,0.0686,LBen
P780C,0.3328,LBen
P780D,0.375,Amb
P780E,0.2867,LBen
P780F,0.3035,LBen
P780G,0.14,LBen
P780H,0.1284,LBen
P780I,0.2315,LBen
P780K,0.3314,LBen
P780L,0.1271,LBen
P780M,0.26,LBen
P780N,0.1659,LBen
P780Q,0.1068,LBen
P780R,0.19,LBen
P780S,0.066,LBen
P780T,0.0675,LBen
P780V,0.1522,LBen
P780W,0.5173,Amb
P780Y,0.2873,LBen
S781A,0.06,LBen
S781C,0.1244,LBen
S781D,0.4032,Amb
S781E,0.4394,Amb
S781F,0.1449,LBen
S781G,0.0702,LBen
S781H,0.2641,LBen
S781I,0.1328,LBen
S781K,0.6245,LPath
S781L,0.0943,LBen
S781M,0.1615,LBen
S781N,0.112,LBen
S781P,0.084,LBen
S781Q,0.3124,LBen
S781R,0.5754,LPath
S781T,0.0655,LBen
S781V,0.1038,LBen
S781W,0.3482,Amb
S781Y,0.2004,LBen
A782C,0.2368,LBen
A782D,0.2735,LBen
A782E,0.2579,LBen
A782F,0.1521,LBen
A782G,0.0785,LBen
A782H,0.2479,LBen
A782I,0.1164,LBen
A782K,0.3811,Amb
A782L,0.0937,LBen
A782M,0.1241,LBen
A782N,0.1395,LBen
A782P,0.0881,LBen
A782Q,0.2,LBen
A782R,0.3144,LBen
A782S,0.0725,LBen
A782T,0.0656,LBen
A782V,0.0777,LBen
A782W,0.4051,Amb
A782Y,0.2347,LBen
G783A,0.0728,LBen
G783C,0.143,LBen
G783D,0.2293,LBen
G783E,0.2142,LBen
G783F,0.2883,LBen
G783H,0.2886,LBen
G783I,0.1352,LBen
G783K,0.4502,Amb
G783L,0.1872,LBen
G783M,0.2205,LBen
G783N,0.1438,LBen
G783P,0.2836,LBen
G783Q,0.2495,LBen
G783R,0.3395,LBen
G783S,0.0714,LBen
G783T,0.0723,LBen
G783V,0.0826,LBen
G783W,0.3123,LBen
G783Y,0.2701,LBen
A784C,0.2048,LBen
A784D,0.2108,LBen
A784E,0.2037,LBen
A784F,0.116,LBen
A784G,0.0713,LBen
A784H,0.2029,LBen
A784I,0.092,LBen
A784K,0.3212,LBen
A784L,0.075,LBen
A784M,0.1034,LBen
A784N,0.102,LBen
A784P,0.08,LBen
A784Q,0.1622,LBen
A784R,0.2724,LBen
A784S,0.0641,LBen
A784T,0.0621,LBen
A784V,0.0691,LBen
A784W,0.353,Amb
A784Y,0.1837,LBen
Q785A,0.0926,LBen
Q785C,0.3886,Amb
Q785D,0.2286,LBen
Q785E,0.0997,LBen
Q785F,0.368,Amb
Q785G,0.1198,LBen
Q785H,0.1118,LBen
Q785I,0.234,LBen
Q785K,0.1279,LBen
Q785L,0.1119,LBen
Q785M,0.244,LBen
Q785N,0.13,LBen
Q785P,0.065,LBen
Q785R,0.1188,LBen
Q785S,0.0918,LBen
Q785T,0.1063,LBen
Q785V,0.1531,LBen
Q785W,0.3855,Amb
Q785Y,0.2471,LBen
G786A,0.0741,LBen
G786C,0.1389,LBen
G786D,0.1989,LBen
G786E,0.1954,LBen
G786F,0.2671,LBen
G786H,0.248,LBen
G786I,0.1357,LBen
G786K,0.4462,Amb
G786L,0.178,LBen
G786M,0.2093,LBen
G786N,0.1238,LBen
G786P,0.2772,LBen
G786Q,0.2434,LBen
G786R,0.3504,Amb
G786S,0.0745,LBen
G786T,0.0752,LBen
G786V,0.0843,LBen
G786W,0.2692,LBen
G786Y,0.2083,LBen
V787A,0.0936,LBen
V787C,0.3138,LBen
V787D,0.1767,LBen
V787E,0.1806,LBen
V787F,0.0586,LBen
V787G,0.0792,LBen
V787H,0.2272,LBen
V787I,0.0647,LBen
V787K,0.2696,LBen
V787L,0.0871,LBen
V787M,0.0834,LBen
V787N,0.0956,LBen
V787P,0.1587,LBen
V787Q,0.1485,LBen
V787R,0.2138,LBen
V787S,0.0882,LBen
V787T,0.1037,LBen
V787W,0.3229,LBen
V787Y,0.1804,LBen
N788A,0.1008,LBen
N788C,0.133,LBen
N788D,0.1372,LBen
N788E,0.2612,LBen
N788F,0.2511,LBen
N788G,0.105,LBen
N788H,0.0923,LBen
N788I,0.1337,LBen
N788K,0.2583,LBen
N788L,0.1235,LBen
N788M,0.2173,LBen
N788P,0.139,LBen
N788Q,0.1742,LBen
N788R,0.2416,LBen
N788S,0.0604,LBen
N788T,0.0763,LBen
N788V,0.1231,LBen
N788W,0.4697,Amb
N788Y,0.1104,LBen
N789A,0.0914,LBen
N789C,0.1341,LBen
N789D,0.1274,LBen
N789E,0.2694,LBen
N789F,0.2364,LBen
N789G,0.1052,LBen
N789H,0.0857,LBen
N789I,0.1248,LBen
N789K,0.2709,LBen
N789L,0.1179,LBen
N789M,0.2092,LBen
N789P,0.1466,LBen
N789Q,0.1828,LBen
N789R,0.2426,LBen
N789S,0.0589,LBen
N789T,0.0695,LBen
N789V,0.1106,LBen
N789W,0.4951,Amb
N789Y,0.0994,LBen
T790A,0.0589,LBen
T790C,0.2075,LBen
T790D,0.2623,LBen
T790E,0.2635,LBen
T790F,0.1258,LBen
T790G,0.094,LBen
T790H,0.1462,LBen
T790I,0.1032,LBen
T790K,0.2602,LBen
T790L,0.0762,LBen
T790M,0.0951,LBen
T790N,0.0812,LBen
T790P,0.0769,LBen
T790Q,0.1666,LBen
T790R,0.2053,LBen
T790S,0.0726,LBen
T790V,0.0848,LBen
T790W,0.3435,Amb
T790Y,0.1532,LBen
A791C,0.2054,LBen
A791D,0.2034,LBen
A791E,0.2329,LBen
A791F,0.1312,LBen
A791G,0.0759,LBen
A791H,0.2189,LBen
A791I,0.1015,LBen
A791K,0.3931,Amb
A791L,0.0853,LBen
A791M,0.13,LBen
A791N,0.108,LBen
A791P,0.0845,LBen
A791Q,0.1991,LBen
A791R,0.3339,LBen
A791S,0.068,LBen
A791T,0.0638,LBen
A791V,0.0713,LBen
A791W,0.3756,Amb
A791Y,0.1962,LBen
S792A,0.0604,LBen
S792C,0.0965,LBen
S792D,0.2751,LBen
S792E,0.3324,LBen
S792F,0.1034,LBen
S792G,0.0631,LBen
S792H,0.2046,LBen
S792I,0.1061,LBen
S792K,0.4624,Amb
S792L,0.0785,LBen
S792M,0.143,LBen
S792N,0.0891,LBen
S792P,0.0829,LBen
S792Q,0.2665,LBen
S792R,0.4054,Amb
S792T,0.0656,LBen
S792V,0.0963,LBen
S792W,0.212,LBen
S792Y,0.1322,LBen
G793A,0.0788,LBen
G793C,0.1024,LBen
G793D,0.1579,LBen
G793E,0.1574,LBen
G793F,0.2062,LBen
G793H,0.1881,LBen
G793I,0.1159,LBen
G793K,0.3151,LBen
G793L,0.1402,LBen
G793M,0.2016,LBen
G793N,0.1063,LBen
G793P,0.2257,LBen
G793Q,0.1789,LBen
G793R,0.2225,LBen
G793S,0.0634,LBen
G793T,0.0747,LBen
G793V,0.0821,LBen
G793W,0.1901,LBen
G793Y,0.1708,LBen
N794A,0.0872,LBen
N794C,0.114,LBen
N794D,0.1082,LBen
N794E,0.1913,LBen
N794F,0.1796,LBen
N794G,0.0956,LBen
N794H,0.0892,LBen
N794I,0.101,LBen
N794K,0.2059,LBen
N794L,0.1085,LBen
N794M,0.176,LBen
N794P,0.1375,LBen
N794Q,0.1489,LBen
N794R,0.202,LBen
N794S,0.0606,LBen
N794T,0.072,LBen
N794V,0.0961,LBen
N794W,0.3671,Amb
N794Y,0.0915,LBen
N795A,0.087,LBen
N795C,0.1207,LBen
N795D,0.1173,LBen
N795E,0.2465,LBen
N795F,0.188,LBen
N795G,0.105,LBen
N795H,0.0835,LBen
N795I,0.095,LBen
N795K,0.2495,LBen
N795L,0.1014,LBen
N795M,0.1866,LBen
N795P,0.1439,LBen
N795Q,0.1745,LBen
N795R,0.2251,LBen
N795S,0.0597,LBen
N795T,0.0677,LBen
N795V,0.0927,LBen
N795W,0.436,Amb
N795Y,0.0951,LBen
S796A,0.0758,LBen
S796C,0.0828,LBen
S796D,0.2214,LBen
S796E,0.2935,LBen
S796F,0.1249,LBen
S796G,0.0673,LBen
S796H,0.1498,LBen
S796I,0.0965,LBen
S796K,0.4315,Amb
S796L,0.0908,LBen
S796M,0.1487,LBen
S796N,0.0647,LBen
S796P,0.1013,LBen
S796Q,0.2226,LBen
S796R,0.3759,Amb
S796T,0.0649,LBen
S796V,0.0979,LBen
S796W,0.2359,LBen
S796Y,0.1227,LBen
R797A,0.2302,LBen
R797C,0.2073,LBen
R797D,0.3691,Amb
R797E,0.2206,LBen
R797F,0.3666,Amb
R797G,0.1169,LBen
R797H,0.1114,LBen
R797I,0.2599,LBen
R797K,0.096,LBen
R797L,0.1962,LBen
R797M,0.2787,LBen
R797N,0.3598,Amb
R797P,0.2258,LBen
R797Q,0.0957,LBen
R797S,0.2825,LBen
R797T,0.1842,LBen
R797V,0.265,LBen
R797W,0.1585,LBen
R797Y,0.2999,LBen
E798A,0.1949,LBen
E798C,0.6888,LPath
E798D,0.0682,LBen
E798F,0.5957,LPath
E798G,0.1342,LBen
E798H,0.3999,Amb
E798I,0.4134,Amb
E798K,0.3559,Amb
E798L,0.399,Amb
E798M,0.5375,Amb
E798N,0.2107,LBen
E798P,0.3952,Amb
E798Q,0.2001,LBen
E798R,0.3868,Amb
E798S,0.1909,LBen
E798T,0.2431,LBen
E798V,0.2832,LBen
E798W,0.7799,LPath
E798Y,0.4354,Amb
G799A,0.0886,LBen
G799C,0.1367,LBen
G799D,0.1469,LBen
G799E,0.1557,LBen
G799F,0.2514,LBen
G799H,0.2586,LBen
G799I,0.1226,LBen
G799K,0.4346,Amb
G799L,0.1912,LBen
G799M,0.2037,LBen
G799N,0.1049,LBen
G799P,0.3548,Amb
G799Q,0.2534,LBen
G799R,0.3622,Amb
G799S,0.076,LBen
G799T,0.0824,LBen
G799V,0.0849,LBen
G799W,0.2758,LBen
G799Y,0.1966,LBen
T800A,0.0587,LBen
T800C,0.1649,LBen
T800D,0.1975,LBen
T800E,0.1825,LBen
T800F,0.094,LBen
T800G,0.0795,LBen
T800H,0.132,LBen
T800I,0.079,LBen
T800K,0.2039,LBen
T800L,0.0692,LBen
T800M,0.0838,LBen
T800N,0.0688,LBen
T800P,0.0724,LBen
T800Q,0.1393,LBen
T800R,0.1612,LBen
T800S,0.0665,LBen
T800V,0.0764,LBen
T800W,0.2438,LBen
T800Y,0.1246,LBen
G801A,0.0783,LBen
G801C,0.1237,LBen
G801D,0.1819,LBen
G801E,0.1801,LBen
G801F,0.2337,LBen
G801H,0.2292,LBen
G801I,0.1354,LBen
G801K,0.393,Amb
G801L,0.1648,LBen
G801M,0.2183,LBen
G801N,0.1305,LBen
G801P,0.2495,LBen
G801Q,0.2253,LBen
G801R,0.2761,LBen
G801S,0.0716,LBen
G801T,0.0784,LBen
G801V,0.0922,LBen
G801W,0.2248,LBen
G801Y,0.2076,LBen
G802A,0.0868,LBen
G802C,0.1028,LBen
G802D,0.1447,LBen
G802E,0.1614,LBen
G802F,0.1914,LBen
G802H,0.1941,LBen
G802I,0.1053,LBen
G802K,0.3706,Amb
G802L,0.1506,LBen
G802M,0.194,LBen
G802N,0.1025,LBen
G802P,0.2633,LBen
G802Q,0.2077,LBen
G802R,0.2736,LBen
G802S,0.068,LBen
G802T,0.0794,LBen
G802V,0.0818,LBen
G802W,0.214,LBen
G802Y,0.1655,LBen
S803A,0.0757,LBen
S803C,0.0863,LBen
S803D,0.2202,LBen
S803E,0.2613,LBen
S803F,0.1386,LBen
S803G,0.0583,LBen
S803H,0.194,LBen
S803I,0.1069,LBen
S803K,0.4398,Amb
S803L,0.1071,LBen
S803M,0.1628,LBen
S803N,0.0732,LBen
S803P,0.1157,LBen
S803Q,0.2452,LBen
S803R,0.3645,Amb
S803T,0.0703,LBen
S803V,0.0984,LBen
S803W,0.2316,LBen
S803Y,0.1429,LBen
N804A,0.0801,LBen
N804C,0.1218,LBen
N804D,0.1084,LBen
N804E,0.2041,LBen
N804F,0.2113,LBen
N804G,0.0886,LBen
N804H,0.0837,LBen
N804I,0.1184,LBen
N804K,0.2454,LBen
N804L,0.1128,LBen
N804M,0.1998,LBen
N804P,0.1215,LBen
N804Q,0.1652,LBen
N804R,0.2152,LBen
N804S,0.0566,LBen
N804T,0.0695,LBen
N804V,0.1044,LBen
N804W,0.3936,Amb
N804Y,0.0991,LBen
G805A,0.105,LBen
G805C,0.1337,LBen
G805D,0.2099,LBen
G805E,0.2062,LBen
G805F,0.3054,LBen
G805H,0.2511,LBen
G805I,0.153,LBen
G805K,0.4931,Amb
G805L,0.2012,LBen
G805M,0.2726,LBen
G805N,0.128,LBen
G805P,0.3353,LBen
G805Q,0.2455,LBen
G805R,0.3488,Amb
G805S,0.0717,LBen
G805T,0.093,LBen
G805V,0.109,LBen
G805W,0.2646,LBen
G805Y,0.2362,LBen
K806A,0.1929,LBen
K806C,0.4019,Amb
K806D,0.2913,LBen
K806E,0.1671,LBen
K806F,0.4768,Amb
K806G,0.1556,LBen
K806H,0.1578,LBen
K806I,0.2414,LBen
K806L,0.237,LBen
K806M,0.2341,LBen
K806N,0.1906,LBen
K806P,0.2192,LBen
K806Q,0.0873,LBen
K806R,0.0662,LBen
K806S,0.1833,LBen
K806T,0.1362,LBen
K806V,0.2285,LBen
K806W,0.5196,Amb
K806Y,0.3474,Amb
R807A,0.3902,Amb
R807C,0.4513,Amb
R807D,0.5212,Amb
R807E,0.3199,LBen
R807F,0.6682,LPath
R807G,0.1696,LBen
R807H,0.1976,LBen
R807I,0.507,Amb
R807K,0.1122,LBen
R807L,0.3739,Amb
R807M,0.4806,Amb
R807N,0.5319,Amb
R807P,0.323,LBen
R807Q,0.1411,LBen
R807S,0.4977,Amb
R807T,0.3356,LBen
R807V,0.4867,Amb
R807W,0.3616,Amb
R807Y,0.5137,Amb
E808A,0.4913,Amb
E808C,0.9008,LPath
E808D,0.0825,LBen
E808F,0.8881,LPath
E808G,0.2728,LBen
E808H,0.7253,LPath
E808I,0.7666,LPath
E808K,0.7044,LPath
E808L,0.7246,LPath
E808M,0.8521,LPath
E808N,0.4282,Amb
E808P,0.6448,LPath
E808Q,0.3688,Amb
E808R,0.6929,LPath
E808S,0.4041,Amb
E808T,0.5663,LPath
E808V,0.5902,LPath
E808W,0.9497,LPath
E808Y,0.7597,LPath
R809A,0.4476,Amb
R809C,0.3547,Amb
R809D,0.5107,Amb
R809E,0.4201,Amb
R809F,0.5805,LPath
R809G,0.202,LBen
R809H,0.1666,LBen
R809I,0.382,Amb
R809K,0.1297,LBen
R809L,0.3326,LBen
R809M,0.4703,Amb
R809N,0.4672,Amb
R809P,0.3789,Amb
R809Q,0.1694,LBen
R809S,0.4955,Amb
R809T,0.3719,Amb
R809V,0.4257,Amb
R809W,0.3458,Amb
R809Y,0.4003,Amb
Y810A,0.2855,LBen
Y810C,0.1121,LBen
Y810D,0.2035,LBen
Y810E,0.4012,Amb
Y810F,0.0956,LBen
Y810G,0.1871,LBen
Y810H,0.1724,LBen
Y810I,0.3431,Amb
Y810K,0.5914,LPath
Y810L,0.3384,LBen
Y810M,0.4726,Amb
Y810N,0.0934,LBen
Y810P,0.3504,Amb
Y810Q,0.3418,Amb
Y810R,0.4269,Amb
Y810S,0.1327,LBen
Y810T,0.27,LBen
Y810V,0.2553,LBen
Y810W,0.3676,Amb
T811A,0.0638,LBen
T811C,0.247,LBen
T811D,0.2872,LBen
T811E,0.2731,LBen
T811F,0.1896,LBen
T811G,0.0831,LBen
T811H,0.175,LBen
T811I,0.162,LBen
T811K,0.344,Amb
T811L,0.1001,LBen
T811M,0.1258,LBen
T811N,0.0799,LBen
T811P,0.067,LBen
T811Q,0.181,LBen
T811R,0.252,LBen
T811S,0.0687,LBen
T811V,0.1212,LBen
T811W,0.4072,Amb
T811Y,0.2177,LBen
E812A,0.3591,Amb
E812C,0.8688,LPath
E812D,0.0588,LBen
E812F,0.8636,LPath
E812G,0.2065,LBen
E812H,0.6173,LPath
E812I,0.7126,LPath
E812K,0.5459,Amb
E812L,0.6926,LPath
E812M,0.8021,LPath
E812N,0.3012,LBen
E812P,0.6051,LPath
E812Q,0.3138,LBen
E812R,0.5532,Amb
E812S,0.2859,LBen
E812T,0.4369,Amb
E812V,0.5333,Amb
E812W,0.9242,LPath
E812Y,0.7015,LPath
N813A,0.1656,LBen
N813C,0.2635,LBen
N813D,0.1632,LBen
N813E,0.3123,LBen
N813F,0.4441,Amb
N813G,0.1547,LBen
N813H,0.1374,LBen
N813I,0.2117,LBen
N813K,0.4403,Amb
N813L,0.243,LBen
N813M,0.3189,LBen
N813P,0.2444,LBen
N813Q,0.2667,LBen
N813R,0.4801,Amb
N813S,0.0882,LBen
N813T,0.111,LBen
N813V,0.1966,LBen
N813W,0.6992,LPath
N813Y,0.1639,LBen
R814A,0.3603,Amb
R814C,0.302,LBen
R814D,0.4723,Amb
R814E,0.3687,Amb
R814F,0.5415,Amb
R814G,0.1581,LBen
R814H,0.128,LBen
R814I,0.4233,Amb
R814K,0.1187,LBen
R814L,0.3246,LBen
R814M,0.4546,Amb
R814N,0.461,Amb
R814P,0.3235,LBen
R814Q,0.1328,LBen
R814S,0.4102,Amb
R814T,0.3012,LBen
R814V,0.4403,Amb
R814W,0.2764,LBen
R814Y,0.4092,Amb
G815A,0.0977,LBen
G815C,0.1418,LBen
G815D,0.189,LBen
G815E,0.214,LBen
G815F,0.295,LBen
G815H,0.2487,LBen
G815I,0.1617,LBen
G815K,0.617,LPath
G815L,0.225,LBen
G815M,0.2978,LBen
G815N,0.1173,LBen
G815P,0.3047,LBen
G815Q,0.2754,LBen
G815R,0.4999,Amb
G815S,0.0737,LBen
G815T,0.0955,LBen
G815V,0.1097,LBen
G815W,0.285,LBen
G815Y,0.209,LBen
S816A,0.0856,LBen
S816C,0.1059,LBen
S816D,0.3057,LBen
S816E,0.4032,Amb
S816F,0.1649,LBen
S816G,0.0615,LBen
S816H,0.2615,LBen
S816I,0.144,LBen
S816K,0.6895,LPath
S816L,0.1359,LBen
S816M,0.2054,LBen
S816N,0.0846,LBen
S816P,0.1321,LBen
S816Q,0.3631,Amb
S816R,0.6192,LPath
S816T,0.08,LBen
S816V,0.1284,LBen
S816W,0.3331,LBen
S816Y,0.1894,LBen
S817A,0.0882,LBen
S817C,0.1208,LBen
S817D,0.3202,LBen
S817E,0.4233,Amb
S817F,0.1737,LBen
S817G,0.069,LBen
S817H,0.2465,LBen
S817I,0.1833,LBen
S817K,0.701,LPath
S817L,0.1299,LBen
S817M,0.2265,LBen
S817N,0.0896,LBen
S817P,0.1034,LBen
S817Q,0.3375,LBen
S817R,0.6215,LPath
S817T,0.0813,LBen
S817V,0.1501,LBen
S817W,0.3337,LBen
S817Y,0.1943,LBen
R818A,0.3461,Amb
R818C,0.2494,LBen
R818D,0.4947,Amb
R818E,0.3788,Amb
R818F,0.4486,Amb
R818G,0.1477,LBen
R818H,0.1199,LBen
R818I,0.3654,Amb
R818K,0.1411,LBen
R818L,0.2619,LBen
R818M,0.4489,Amb
R818N,0.4456,Amb
R818P,0.261,LBen
R818Q,0.1251,LBen
R818S,0.3586,Amb
R818T,0.3153,LBen
R818V,0.384,Amb
R818W,0.2514,LBen
R818Y,0.3539,Amb
H819A,0.144,LBen
H819C,0.1919,LBen
H819D,0.1445,LBen
H819E,0.1905,LBen
H819F,0.2054,LBen
H819G,0.1216,LBen
H819I,0.2344,LBen
H819K,0.3312,LBen
H819L,0.112,LBen
H819M,0.3374,LBen
H819N,0.0568,LBen
H819P,0.0756,LBen
H819Q,0.1128,LBen
H819R,0.1734,LBen
H819S,0.1015,LBen
H819T,0.149,LBen
H819V,0.1709,LBen
H819W,0.3791,Amb
H819Y,0.0936,LBen
S820A,0.0904,LBen
S820C,0.0997,LBen
S820D,0.3356,LBen
S820E,0.4235,Amb
S820F,0.1689,LBen
S820G,0.0633,LBen
S820H,0.2222,LBen
S820I,0.1473,LBen
S820K,0.6632,LPath
S820L,0.1262,LBen
S820M,0.2136,LBen
S820N,0.0833,LBen
S820P,0.1264,LBen
S820Q,0.3182,LBen
S820R,0.5546,Amb
S820T,0.0768,LBen
S820V,0.1342,LBen
S820W,0.3198,LBen
S820Y,0.1794,LBen
H821A,0.1122,LBen
H821C,0.1463,LBen
H821D,0.1393,LBen
H821E,0.1691,LBen
H821F,0.1737,LBen
H821G,0.1051,LBen
H821I,0.2155,LBen
H821K,0.2891,LBen
H821L,0.1043,LBen
H821M,0.2932,LBen
H821N,0.0572,LBen
H821P,0.076,LBen
H821Q,0.1039,LBen
H821R,0.1408,LBen
H821S,0.0816,LBen
H821T,0.1214,LBen
H821V,0.1524,LBen
H821W,0.2953,LBen
H821Y,0.0837,LBen
G822A,0.1046,LBen
G822C,0.1465,LBen
G822D,0.2908,LBen
G822E,0.2675,LBen
G822F,0.3789,Amb
G822H,0.2981,LBen
G822I,0.2181,LBen
G822K,0.5952,LPath
G822L,0.2488,LBen
G822M,0.3147,LBen
G822N,0.1692,LBen
G822P,0.4027,Amb
G822Q,0.2958,LBen
G822R,0.4128,Amb
G822S,0.0746,LBen
G822T,0.0982,LBen
G822V,0.1354,LBen
G822W,0.2935,LBen
G822Y,0.2771,LBen
E823A,0.3235,LBen
E823C,0.8082,LPath
E823D,0.0527,LBen
E823F,0.7583,LPath
E823G,0.2096,LBen
E823H,0.5266,Amb
E823I,0.6053,LPath
E823K,0.5064,Amb
E823L,0.5877,LPath
E823M,0.7066,LPath
E823N,0.2244,LBen
E823P,0.5606,Amb
E823Q,0.2753,LBen
E823R,0.5282,Amb
E823S,0.2309,LBen
E823T,0.3697,Amb
E823V,0.4389,Amb
E823W,0.91,LPath
E823Y,0.5955,LPath
T824A,0.0644,LBen
T824C,0.2175,LBen
T824D,0.2205,LBen
T824E,0.2321,LBen
T824F,0.1791,LBen
T824G,0.0791,LBen
T824H,0.1678,LBen
T824I,0.155,LBen
T824K,0.3231,LBen
T824L,0.1075,LBen
T824M,0.1186,LBen
T824N,0.0664,LBen
T824P,0.0839,LBen
T824Q,0.1826,LBen
T824R,0.2712,LBen
T824S,0.0664,LBen
T824V,0.1181,LBen
T824W,0.4066,Amb
T824Y,0.1759,LBen
G825A,0.0926,LBen
G825C,0.1385,LBen
G825D,0.2166,LBen
G825E,0.2236,LBen
G825F,0.3321,LBen
G825H,0.2554,LBen
G825I,0.1949,LBen
G825K,0.5409,Amb
G825L,0.23,LBen
G825M,0.2869,LBen
G825N,0.1268,LBen
G825P,0.2957,LBen
G825Q,0.262,LBen
G825R,0.3884,Amb
G825S,0.069,LBen
G825T,0.0927,LBen
G825V,0.1202,LBen
G825W,0.2731,LBen
G825Y,0.2365,LBen
N826A,0.1079,LBen
N826C,0.1413,LBen
N826D,0.1484,LBen
N826E,0.2534,LBen
N826F,0.2565,LBen
N826G,0.1033,LBen
N826H,0.0995,LBen
N826I,0.157,LBen
N826K,0.3545,Amb
N826L,0.1377,LBen
N826M,0.2341,LBen
N826P,0.1514,LBen
N826Q,0.177,LBen
N826R,0.3202,LBen
N826S,0.0626,LBen
N826T,0.0898,LBen
N826V,0.1379,LBen
N826W,0.4731,Amb
N826Y,0.1157,LBen
R827A,0.5049,Amb
R827C,0.3218,LBen
R827D,0.5977,LPath
R827E,0.4758,Amb
R827F,0.5748,LPath
R827G,0.2154,LBen
R827H,0.1442,LBen
R827I,0.4749,Amb
R827K,0.1523,LBen
R827L,0.3545,Amb
R827M,0.5629,Amb
R827N,0.5491,Amb
R827P,0.4327,Amb
R827Q,0.1536,LBen
R827S,0.4953,Amb
R827T,0.4464,Amb
R827V,0.496,Amb
R827W,0.3231,LBen
R827Y,0.4037,Amb
H828A,0.1494,LBen
H828C,0.1653,LBen
H828D,0.1876,LBen
H828E,0.2191,LBen
H828F,0.1644,LBen
H828G,0.1267,LBen
H828I,0.2219,LBen
H828K,0.336,LBen
H828L,0.1123,LBen
H828M,0.3253,LBen
H828N,0.0645,LBen
H828P,0.0813,LBen
H828Q,0.1218,LBen
H828R,0.1735,LBen
H828S,0.1059,LBen
H828T,0.1608,LBen
H828V,0.1661,LBen
H828W,0.3167,LBen
H828Y,0.0779,LBen
S829A,0.0829,LBen
S829C,0.0996,LBen
S829D,0.3451,Amb
S829E,0.4033,Amb
S829F,0.2104,LBen
S829G,0.0536,LBen
S829H,0.232,LBen
S829I,0.179,LBen
S829K,0.6089,LPath
S829L,0.1376,LBen
S829M,0.2183,LBen
S829N,0.1008,LBen
S829P,0.146,LBen
S829Q,0.3316,LBen
S829R,0.5022,Amb
S829T,0.0752,LBen
S829V,0.1428,LBen
S829W,0.3183,LBen
S829Y,0.2033,LBen
D830A,0.2617,LBen
D830C,0.601,LPath
D830E,0.1001,LBen
D830F,0.6415,LPath
D830G,0.2038,LBen
D830H,0.4075,Amb
D830I,0.5555,Amb
D830K,0.668,LPath
D830L,0.5075,Amb
D830M,0.7081,LPath
D830N,0.1704,LBen
D830P,0.549,Amb
D830Q,0.3654,Amb
D830R,0.5779,LPath
D830S,0.1648,LBen
D830T,0.3086,LBen
D830V,0.3879,Amb
D830W,0.876,LPath
D830Y,0.3667,Amb
S831A,0.0727,LBen
S831C,0.1007,LBen
S831D,0.3124,LBen
S831E,0.3576,Amb
S831F,0.1275,LBen
S831G,0.0618,LBen
S831H,0.2001,LBen
S831I,0.1035,LBen
S831K,0.5675,LPath
S831L,0.0931,LBen
S831M,0.14,LBen
S831N,0.0831,LBen
S831P,0.1205,LBen
S831Q,0.2658,LBen
S831R,0.502,Amb
S831T,0.0669,LBen
S831V,0.09,LBen
S831W,0.3128,LBen
S831Y,0.1463,LBen
P832A,0.0666,LBen
P832C,0.229,LBen
P832D,0.248,LBen
P832E,0.1933,LBen
P832F,0.1995,LBen
P832G,0.1016,LBen
P832H,0.0931,LBen
P832I,0.1683,LBen
P832K,0.3337,LBen
P832L,0.1035,LBen
P832M,0.1978,LBen
P832N,0.1105,LBen
P832Q,0.0795,LBen
P832R,0.1951,LBen
P832S,0.0621,LBen
P832T,0.0712,LBen
P832V,0.1186,LBen
P832W,0.3362,LBen
P832Y,0.1834,LBen
R833A,0.3602,Amb
R833C,0.2533,LBen
R833D,0.551,Amb
R833E,0.3894,Amb
R833F,0.425,Amb
R833G,0.1789,LBen
R833H,0.1222,LBen
R833I,0.3906,Amb
R833K,0.1415,LBen
R833L,0.266,LBen
R833M,0.4762,Amb
R833N,0.4881,Amb
R833P,0.287,LBen
R833Q,0.1316,LBen
R833S,0.404,Amb
R833T,0.391,Amb
R833V,0.3661,Amb
R833W,0.2712,LBen
R833Y,0.3216,LBen
H834A,0.1202,LBen
H834C,0.1324,LBen
H834D,0.1694,LBen
H834E,0.1682,LBen
H834F,0.1465,LBen
H834G,0.1061,LBen
H834I,0.2004,LBen
H834K,0.245,LBen
H834L,0.1013,LBen
H834M,0.2791,LBen
H834N,0.0722,LBen
H834P,0.0748,LBen
H834Q,0.0928,LBen
H834R,0.1105,LBen
H834S,0.1027,LBen
H834T,0.1366,LBen
H834V,0.1501,LBen
H834W,0.2179,LBen
H834Y,0.0733,LBen
G835A,0.0986,LBen
G835C,0.1266,LBen
G835D,0.3088,LBen
G835E,0.2916,LBen
G835F,0.323,LBen
G835H,0.2444,LBen
G835I,0.1891,LBen
G835K,0.5381,Amb
G835L,0.2189,LBen
G835M,0.2792,LBen
G835N,0.1621,LBen
G835P,0.3175,LBen
G835Q,0.2681,LBen
G835R,0.3465,Amb
G835S,0.0748,LBen
G835T,0.093,LBen
G835V,0.1238,LBen
G835W,0.2595,LBen
G835Y,0.2385,LBen
D836A,0.211,LBen
D836C,0.5053,Amb
D836E,0.0841,LBen
D836F,0.4959,Amb
D836G,0.1605,LBen
D836H,0.3108,LBen
D836I,0.4293,Amb
D836K,0.5089,Amb
D836L,0.3955,Amb
D836M,0.5752,LPath
D836N,0.1372,LBen
D836P,0.4654,Amb
D836Q,0.2718,LBen
D836R,0.4347,Amb
D836S,0.1386,LBen
D836T,0.2587,LBen
D836V,0.3087,LBen
D836W,0.7756,LPath
D836Y,0.2548,LBen
G837A,0.0833,LBen
G837C,0.1128,LBen
G837D,0.2113,LBen
G837E,0.2083,LBen
G837F,0.2629,LBen
G837H,0.215,LBen
G837I,0.1608,LBen
G837K,0.4354,Amb
G837L,0.1978,LBen
G837M,0.2328,LBen
G837N,0.1277,LBen
G837P,0.2926,LBen
G837Q,0.2297,LBen
G837R,0.2874,LBen
G837S,0.0695,LBen
G837T,0.0776,LBen
G837V,0.1029,LBen
G837W,0.2446,LBen
G837Y,0.1947,LBen
G838A,0.0944,LBen
G838C,0.1024,LBen
G838D,0.2041,LBen
G838E,0.1827,LBen
G838F,0.2109,LBen
G838H,0.1937,LBen
G838I,0.1341,LBen
G838K,0.4342,Amb
G838L,0.1629,LBen
G838M,0.2107,LBen
G838N,0.1137,LBen
G838P,0.2431,LBen
G838Q,0.1859,LBen
G838R,0.3005,LBen
G838S,0.0702,LBen
G838T,0.0921,LBen
G838V,0.0944,LBen
G838W,0.2031,LBen
G838Y,0.1584,LBen
R839A,0.4347,Amb
R839C,0.2528,LBen
R839D,0.5443,Amb
R839E,0.3968,Amb
R839F,0.4233,Amb
R839G,0.1886,LBen
R839H,0.1309,LBen
R839I,0.385,Amb
R839K,0.1388,LBen
R839L,0.2731,LBen
R839M,0.4458,Amb
R839N,0.4782,Amb
R839P,0.3448,Amb
R839Q,0.13,LBen
R839S,0.4368,Amb
R839T,0.403,Amb
R839V,0.4144,Amb
R839W,0.2616,LBen
R839Y,0.3334,LBen
H840A,0.1363,LBen
H840C,0.1409,LBen
H840D,0.1879,LBen
H840E,0.1908,LBen
H840F,0.1466,LBen
H840G,0.1156,LBen
H840I,0.2218,LBen
H840K,0.276,LBen
H840L,0.1114,LBen
H840M,0.309,LBen
H840N,0.0718,LBen
H840P,0.0836,LBen
H840Q,0.1054,LBen
H840R,0.1313,LBen
H840S,0.1021,LBen
H840T,0.149,LBen
H840V,0.167,LBen
H840W,0.2471,LBen
H840Y,0.0703,LBen
G841A,0.1026,LBen
G841C,0.136,LBen
G841D,0.2931,LBen
G841E,0.2952,LBen
G841F,0.3588,Amb
G841H,0.2676,LBen
G841I,0.2134,LBen
G841K,0.5447,Amb
G841L,0.2443,LBen
G841M,0.3022,LBen
G841N,0.1605,LBen
G841P,0.3335,LBen
G841Q,0.2872,LBen
G841R,0.3667,Amb
G841S,0.0741,LBen
G841T,0.0955,LBen
G841V,0.1369,LBen
G841W,0.2997,LBen
G841Y,0.2596,LBen
D842A,0.293,LBen
D842C,0.6478,LPath
D842E,0.1016,LBen
D842F,0.643,LPath
D842G,0.2104,LBen
D842H,0.4216,Amb
D842I,0.592,LPath
D842K,0.6123,LPath
D842L,0.5433,Amb
D842M,0.6995,LPath
D842N,0.1634,LBen
D842P,0.6059,LPath
D842Q,0.3775,Amb
D842R,0.5423,Amb
D842S,0.1787,LBen
D842T,0.3527,Amb
D842V,0.433,Amb
D842W,0.8623,LPath
D842Y,0.343,Amb
G843A,0.0895,LBen
G843C,0.1228,LBen
G843D,0.2583,LBen
G843E,0.2875,LBen
G843F,0.3051,LBen
G843H,0.2586,LBen
G843I,0.1484,LBen
G843K,0.5566,Amb
G843L,0.234,LBen
G843M,0.2627,LBen
G843N,0.1309,LBen
G843P,0.3505,Amb
G843Q,0.3023,LBen
G843R,0.3976,Amb
G843S,0.066,LBen
G843T,0.0816,LBen
G843V,0.1003,LBen
G843W,0.3087,LBen
G843Y,0.2191,LBen
Y844A,0.1566,LBen
Y844C,0.0839,LBen
Y844D,0.1318,LBen
Y844E,0.2298,LBen
Y844F,0.0703,LBen
Y844G,0.117,LBen
Y844H,0.1231,LBen
Y844I,0.2055,LBen
Y844K,0.3712,Amb
Y844L,0.2008,LBen
Y844M,0.2894,LBen
Y844N,0.0665,LBen
Y844P,0.2111,LBen
Y844Q,0.1713,LBen
Y844R,0.2668,LBen
Y844S,0.0721,LBen
Y844T,0.1518,LBen
Y844V,0.1581,LBen
Y844W,0.2534,LBen
R845A,0.3887,Amb
R845C,0.2258,LBen
R845D,0.523,Amb
R845E,0.3789,Amb
R845F,0.4624,Amb
R845G,0.1757,LBen
R845H,0.1045,LBen
R845I,0.38,Amb
R845K,0.1491,LBen
R845L,0.2595,LBen
R845M,0.4766,Amb
R845N,0.4641,Amb
R845P,0.3012,LBen
R845Q,0.1141,LBen
R845S,0.372,Amb
R845T,0.3316,LBen
R845V,0.3927,Amb
R845W,0.2379,LBen
R845Y,0.3381,LBen
H846A,0.1324,LBen
H846C,0.1473,LBen
H846D,0.1598,LBen
H846E,0.1807,LBen
H846F,0.1228,LBen
H846G,0.1286,LBen
H846I,0.16,LBen
H846K,0.2522,LBen
H846L,0.0954,LBen
H846M,0.2481,LBen
H846N,0.07,LBen
H846P,0.082,LBen
H846Q,0.1011,LBen
H846R,0.1474,LBen
H846S,0.0984,LBen
H846T,0.1313,LBen
H846V,0.1332,LBen
H846W,0.2531,LBen
H846Y,0.0677,LBen
P847A,0.0588,LBen
P847C,0.2535,LBen
P847D,0.2537,LBen
P847E,0.1843,LBen
P847F,0.2176,LBen
P847G,0.0766,LBen
P847H,0.0947,LBen
P847I,0.1698,LBen
P847K,0.2524,LBen
P847L,0.1004,LBen
P847M,0.1748,LBen
P847N,0.1095,LBen
P847Q,0.0831,LBen
P847R,0.1558,LBen
P847S,0.0608,LBen
P847T,0.0639,LBen
P847V,0.1214,LBen
P847W,0.3221,LBen
P847Y,0.1982,LBen
E848A,0.2157,LBen
E848C,0.7258,LPath
E848D,0.0605,LBen
E848F,0.6569,LPath
E848G,0.1489,LBen
E848H,0.3822,Amb
E848I,0.5154,Amb
E848K,0.4056,Amb
E848L,0.4625,Amb
E848M,0.6369,LPath
E848N,0.2047,LBen
E848P,0.3806,Amb
E848Q,0.1872,LBen
E848R,0.3803,Amb
E848S,0.1649,LBen
E848T,0.2836,LBen
E848V,0.3455,Amb
E848W,0.8354,LPath
E848Y,0.4795,Amb
S849A,0.0819,LBen
S849C,0.1285,LBen
S849D,0.2433,LBen
S849E,0.329,LBen
S849F,0.1905,LBen
S849G,0.0591,LBen
S849H,0.2139,LBen
S849I,0.1574,LBen
S849K,0.59,LPath
S849L,0.1474,LBen
S849M,0.1915,LBen
S849N,0.0728,LBen
S849P,0.1277,LBen
S849Q,0.2989,LBen
S849R,0.5424,Amb
S849T,0.0727,LBen
S849V,0.1315,LBen
S849W,0.3558,Amb
S849Y,0.1652,LBen
S850A,0.0804,LBen
S850C,0.137,LBen
S850D,0.3256,LBen
S850E,0.4328,Amb
S850F,0.1923,LBen
S850G,0.0663,LBen
S850H,0.2499,LBen
S850I,0.213,LBen
S850K,0.7089,LPath
S850L,0.149,LBen
S850M,0.236,LBen
S850N,0.0975,LBen
S850P,0.1052,LBen
S850Q,0.3508,Amb
S850R,0.6312,LPath
S850T,0.0798,LBen
S850V,0.1589,LBen
S850W,0.3957,Amb
S850Y,0.2088,LBen
S851A,0.0905,LBen
S851C,0.1299,LBen
S851D,0.3687,Amb
S851E,0.4769,Amb
S851F,0.2007,LBen
S851G,0.0659,LBen
S851H,0.2491,LBen
S851I,0.2175,LBen
S851K,0.7387,LPath
S851L,0.1587,LBen
S851M,0.2565,LBen
S851N,0.0965,LBen
S851P,0.1298,LBen
S851Q,0.3539,Amb
S851R,0.6429,LPath
S851T,0.0887,LBen
S851V,0.165,LBen
S851W,0.3669,Amb
S851Y,0.2182,LBen
R852A,0.4975,Amb
R852C,0.394,Amb
R852D,0.6428,LPath
R852E,0.5149,Amb
R852F,0.5711,LPath
R852G,0.2204,LBen
R852H,0.1719,LBen
R852I,0.5385,Amb
R852K,0.1739,LBen
R852L,0.3565,Amb
R852M,0.5961,LPath
R852N,0.5978,LPath
R852P,0.3824,Amb
R852Q,0.1765,LBen
R852S,0.4996,Amb
R852T,0.4735,Amb
R852V,0.5214,Amb
R852W,0.3234,LBen
R852Y,0.4536,Amb
H853A,0.1788,LBen
H853C,0.2167,LBen
H853D,0.1975,LBen
H853E,0.2636,LBen
H853F,0.1838,LBen
H853G,0.1462,LBen
H853I,0.2761,LBen
H853K,0.3914,Amb
H853L,0.1428,LBen
H853M,0.3633,Amb
H853N,0.0649,LBen
H853P,0.1013,LBen
H853Q,0.1425,LBen
H853R,0.2108,LBen
H853S,0.123,LBen
H853T,0.1845,LBen
H853V,0.2024,LBen
H853W,0.3836,Amb
H853Y,0.0861,LBen
T854A,0.0627,LBen
T854C,0.242,LBen
T854D,0.3043,LBen
T854E,0.3093,LBen
T854F,0.203,LBen
T854G,0.0581,LBen
T854H,0.1672,LBen
T854I,0.1862,LBen
T854K,0.3777,Amb
T854L,0.1121,LBen
T854M,0.1428,LBen
T854N,0.0774,LBen
T854P,0.073,LBen
T854Q,0.179,LBen
T854R,0.2777,LBen
T854S,0.0597,LBen
T854V,0.1279,LBen
T854W,0.4429,Amb
T854Y,0.2132,LBen
D855A,0.3227,LBen
D855C,0.7698,LPath
D855E,0.1015,LBen
D855F,0.7896,LPath
D855G,0.2576,LBen
D855H,0.54,Amb
D855I,0.7278,LPath
D855K,0.7571,LPath
D855L,0.6735,LPath
D855M,0.8057,LPath
D855N,0.2204,LBen
D855P,0.6767,LPath
D855Q,0.4697,Amb
D855R,0.6834,LPath
D855S,0.2161,LBen
D855T,0.4235,Amb
D855V,0.5339,Amb
D855W,0.9272,LPath
D855Y,0.4861,Amb
G856A,0.0869,LBen
G856C,0.1318,LBen
G856D,0.3207,LBen
G856E,0.3389,LBen
G856F,0.3213,LBen
G856H,0.3007,LBen
G856I,0.1596,LBen
G856K,0.6539,LPath
G856L,0.2371,LBen
G856M,0.2758,LBen
G856N,0.1297,LBen
G856P,0.3505,Amb
G856Q,0.3318,LBen
G856R,0.4997,Amb
G856S,0.0624,LBen
G856T,0.0796,LBen
G856V,0.1053,LBen
G856W,0.3516,Amb
G856Y,0.2493,LBen
H857A,0.1193,LBen
H857C,0.1641,LBen
H857D,0.1601,LBen
H857E,0.1816,LBen
H857F,0.1514,LBen
H857G,0.1077,LBen
H857I,0.1825,LBen
H857K,0.2814,LBen
H857L,0.096,LBen
H857M,0.2724,LBen
H857N,0.0539,LBen
H857P,0.0713,LBen
H857Q,0.0938,LBen
H857R,0.1445,LBen
H857S,0.0794,LBen
H857T,0.1258,LBen
H857V,0.1439,LBen
H857W,0.2987,LBen
H857Y,0.0833,LBen
R858A,0.5562,Amb
R858C,0.3639,Amb
R858D,0.6913,LPath
R858E,0.5462,Amb
R858F,0.5868,LPath
R858G,0.2435,LBen
R858H,0.1509,LBen
R858I,0.518,Amb
R858K,0.1925,LBen
R858L,0.3756,Amb
R858M,0.6222,LPath
R858N,0.628,LPath
R858P,0.4603,Amb
R858Q,0.1614,LBen
R858S,0.5382,Amb
R858T,0.5041,Amb
R858V,0.5438,Amb
R858W,0.3208,LBen
R858Y,0.4576,Amb
H859A,0.2237,LBen
H859C,0.2393,LBen
H859D,0.2374,LBen
H859E,0.3017,LBen
H859F,0.22,LBen
H859G,0.1638,LBen
H859I,0.3774,Amb
H859K,0.4438,Amb
H859L,0.1607,LBen
H859M,0.4615,Amb
H859N,0.0809,LBen
H859P,0.101,LBen
H859Q,0.175,LBen
H859R,0.2235,LBen
H859S,0.1492,LBen
H859T,0.252,LBen
H859V,0.2909,LBen
H859W,0.367,Amb
H859Y,0.1004,LBen
G860A,0.1114,LBen
G860C,0.1728,LBen
G860D,0.4059,Amb
G860E,0.3972,Amb
G860F,0.4495,Amb
G860H,0.3727,Amb
G860I,0.2701,LBen
G860K,0.7073,LPath
G860L,0.3089,LBen
G860M,0.383,Amb
G860N,0.1983,LBen
G860P,0.4035,Amb
G860Q,0.3755,Amb
G860R,0.5229,Amb
G860S,0.0786,LBen
G860T,0.1091,LBen
G860V,0.1649,LBen
G860W,0.3781,Amb
G860Y,0.3622,Amb
E861A,0.4078,Amb
E861C,0.8745,LPath
E861D,0.0599,LBen
E861F,0.8379,LPath
E861G,0.2337,LBen
E861H,0.6503,LPath
E861I,0.7178,LPath
E861K,0.5998,LPath
E861L,0.707,LPath
E861M,0.8044,LPath
E861N,0.2892,LBen
E861P,0.6492,LPath
E861Q,0.3358,LBen
E861R,0.5946,LPath
E861S,0.272,LBen
E861T,0.4633,Amb
E861V,0.5457,Amb
E861W,0.9293,LPath
E861Y,0.6924,LPath
N862A,0.1334,LBen
N862C,0.2023,LBen
N862D,0.1898,LBen
N862E,0.3392,LBen
N862F,0.3452,Amb
N862G,0.114,LBen
N862H,0.1332,LBen
N862I,0.1864,LBen
N862K,0.4276,Amb
N862L,0.1935,LBen
N862M,0.2743,LBen
N862P,0.231,LBen
N862Q,0.2558,LBen
N862R,0.4654,Amb
N862S,0.0709,LBen
N862T,0.0952,LBen
N862V,0.1668,LBen
N862W,0.625,LPath
N862Y,0.1433,LBen
R863A,0.4717,Amb
R863C,0.34,LBen
R863D,0.598,LPath
R863E,0.4925,Amb
R863F,0.5668,LPath
R863G,0.2027,LBen
R863H,0.1533,LBen
R863I,0.4415,Amb
R863K,0.1529,LBen
R863L,0.3406,Amb
R863M,0.5458,Amb
R863N,0.5427,Amb
R863P,0.4048,Amb
R863Q,0.1623,LBen
R863S,0.4692,Amb
R863T,0.4096,Amb
R863V,0.4788,Amb
R863W,0.3176,LBen
R863Y,0.4282,Amb
H864A,0.1507,LBen
H864C,0.1934,LBen
H864D,0.1953,LBen
H864E,0.2263,LBen
H864F,0.1875,LBen
H864G,0.1209,LBen
H864I,0.2514,LBen
H864K,0.293,LBen
H864L,0.1174,LBen
H864M,0.3436,Amb
H864N,0.0628,LBen
H864P,0.0819,LBen
H864Q,0.1257,LBen
H864R,0.1537,LBen
H864S,0.1062,LBen
H864T,0.1658,LBen
H864V,0.1889,LBen
H864W,0.3165,LBen
H864Y,0.0942,LBen
G865A,0.0927,LBen
G865C,0.1222,LBen
G865D,0.3165,LBen
G865E,0.3082,LBen
G865F,0.3036,LBen
G865H,0.2611,LBen
G865I,0.1921,LBen
G865K,0.6144,LPath
G865L,0.2242,LBen
G865M,0.3046,LBen
G865N,0.1656,LBen
G865P,0.3105,LBen
G865Q,0.2992,LBen
G865R,0.4283,Amb
G865S,0.0785,LBen
G865T,0.0973,LBen
G865V,0.1208,LBen
G865W,0.2851,LBen
G865Y,0.2493,LBen
G866A,0.0878,LBen
G866C,0.1301,LBen
G866D,0.1884,LBen
G866E,0.201,LBen
G866F,0.2584,LBen
G866H,0.2537,LBen
G866I,0.148,LBen
G866K,0.5364,Amb
G866L,0.1893,LBen
G866M,0.2455,LBen
G866N,0.1127,LBen
G866P,0.2698,LBen
G866Q,0.2616,LBen
G866R,0.4209,Amb
G866S,0.0697,LBen
G866T,0.0871,LBen
G866V,0.0969,LBen
G866W,0.3028,LBen
G866Y,0.2209,LBen
S867A,0.0775,LBen
S867C,0.0932,LBen
S867D,0.2647,LBen
S867E,0.3412,Amb
S867F,0.1484,LBen
S867G,0.0603,LBen
S867H,0.2021,LBen
S867I,0.1421,LBen
S867K,0.5882,LPath
S867L,0.1236,LBen
S867M,0.1737,LBen
S867N,0.0734,LBen
S867P,0.1146,LBen
S867Q,0.2969,LBen
S867R,0.5343,Amb
S867T,0.0733,LBen
S867V,0.1191,LBen
S867W,0.3351,LBen
S867Y,0.1614,LBen
A868C,0.1904,LBen
A868D,0.2584,LBen
A868E,0.2679,LBen
A868F,0.1731,LBen
A868G,0.0591,LBen
A868H,0.2284,LBen
A868I,0.1529,LBen
A868K,0.5016,Amb
A868L,0.1073,LBen
A868M,0.1643,LBen
A868N,0.1098,LBen
A868P,0.0895,LBen
A868Q,0.2052,LBen
A868R,0.3956,Amb
A868S,0.0636,LBen
A868T,0.0689,LBen
A868V,0.0944,LBen
A868W,0.4189,Amb
A868Y,0.2284,LBen
G869A,0.0818,LBen
G869C,0.1311,LBen
G869D,0.2992,LBen
G869E,0.2962,LBen
G869F,0.276,LBen
G869H,0.2811,LBen
G869I,0.1527,LBen
G869K,0.6325,LPath
G869L,0.1928,LBen
G869M,0.2468,LBen
G869N,0.1337,LBen
G869P,0.2612,LBen
G869Q,0.2869,LBen
G869R,0.5005,Amb
G869S,0.0703,LBen
G869T,0.0856,LBen
G869V,0.0954,LBen
G869W,0.3266,LBen
G869Y,0.2536,LBen
R870A,0.3692,Amb
R870C,0.3046,LBen
R870D,0.4822,Amb
R870E,0.3589,Amb
R870F,0.4322,Amb
R870G,0.1623,LBen
R870H,0.1481,LBen
R870I,0.3615,Amb
R870K,0.1239,LBen
R870L,0.2653,LBen
R870M,0.4446,Amb
R870N,0.4301,Amb
R870P,0.3046,LBen
R870Q,0.1405,LBen
R870S,0.3868,Amb
R870T,0.3538,Amb
R870V,0.3767,Amb
R870W,0.2917,LBen
R870Y,0.3672,Amb
H871A,0.134,LBen
H871C,0.1638,LBen
H871D,0.1853,LBen
H871E,0.209,LBen
H871F,0.1615,LBen
H871G,0.1081,LBen
H871I,0.2275,LBen
H871K,0.3086,LBen
H871L,0.1141,LBen
H871M,0.3057,LBen
H871N,0.0605,LBen
H871P,0.0775,LBen
H871Q,0.1216,LBen
H871R,0.1713,LBen
H871S,0.0987,LBen
H871T,0.1411,LBen
H871V,0.1754,LBen
H871W,0.3128,LBen
H871Y,0.0906,LBen
G872A,0.0956,LBen
G872C,0.1383,LBen
G872D,0.3461,Amb
G872E,0.3211,LBen
G872F,0.326,LBen
G872H,0.3056,LBen
G872I,0.197,LBen
G872K,0.614,LPath
G872L,0.2149,LBen
G872M,0.2793,LBen
G872N,0.1608,LBen
G872P,0.3352,LBen
G872Q,0.3112,LBen
G872R,0.4693,Amb
G872S,0.0766,LBen
G872T,0.0924,LBen
G872V,0.1241,LBen
G872W,0.3376,LBen
G872Y,0.2935,LBen
E873A,0.2735,LBen
E873C,0.7299,LPath
E873D,0.0542,LBen
E873F,0.6906,LPath
E873G,0.1675,LBen
E873H,0.4907,Amb
E873I,0.5382,Amb
E873K,0.4652,Amb
E873L,0.5115,Amb
E873M,0.658,LPath
E873N,0.2005,LBen
E873P,0.4998,Amb
E873Q,0.2493,LBen
E873R,0.4732,Amb
E873S,0.1958,LBen
E873T,0.3226,LBen
E873V,0.3867,Amb
E873W,0.8556,LPath
E873Y,0.5315,Amb
N874A,0.1023,LBen
N874C,0.1388,LBen
N874D,0.184,LBen
N874E,0.289,LBen
N874F,0.2754,LBen
N874G,0.0962,LBen
N874H,0.1292,LBen
N874I,0.1389,LBen
N874K,0.3642,Amb
N874L,0.1529,LBen
N874M,0.2072,LBen
N874P,0.1843,LBen
N874Q,0.218,LBen
N874R,0.3987,Amb
N874S,0.0642,LBen
N874T,0.0763,LBen
N874V,0.1273,LBen
N874W,0.5478,Amb
N874Y,0.1306,LBen
R875A,0.345,Amb
R875C,0.3428,Amb
R875D,0.47,Amb
R875E,0.3593,Amb
R875F,0.5336,Amb
R875G,0.1631,LBen
R875H,0.1594,LBen
R875I,0.4408,Amb
R875K,0.1102,LBen
R875L,0.322,LBen
R875M,0.489,Amb
R875N,0.4798,Amb
R875P,0.3344,LBen
R875Q,0.1508,LBen
R875S,0.4163,Amb
R875T,0.328,LBen
R875V,0.4309,Amb
R875W,0.3575,Amb
R875Y,0.4656,Amb
G876A,0.0763,LBen
G876C,0.1125,LBen
G876D,0.2221,LBen
G876E,0.2223,LBen
G876F,0.2116,LBen
G876H,0.2015,LBen
G876I,0.1223,LBen
G876K,0.5128,Amb
G876L,0.1665,LBen
G876M,0.2021,LBen
G876N,0.0992,LBen
G876P,0.2253,LBen
G876Q,0.2385,LBen
G876R,0.4203,Amb
G876S,0.0705,LBen
G876T,0.0789,LBen
G876V,0.0828,LBen
G876W,0.2704,LBen
G876Y,0.178,LBen
A877C,0.1504,LBen
A877D,0.2544,LBen
A877E,0.2599,LBen
A877F,0.1361,LBen
A877G,0.0578,LBen
A877H,0.2044,LBen
A877I,0.1137,LBen
A877K,0.4715,Amb
A877L,0.0986,LBen
A877M,0.1365,LBen
A877N,0.0878,LBen
A877P,0.0984,LBen
A877Q,0.1863,LBen
A877R,0.4143,Amb
A877S,0.063,LBen
A877T,0.066,LBen
A877V,0.0837,LBen
A877W,0.3774,Amb
A877Y,0.1974,LBen
N878A,0.0651,LBen
N878C,0.1176,LBen
N878D,0.1485,LBen
N878E,0.2335,LBen
N878F,0.2217,LBen
N878G,0.0697,LBen
N878H,0.1083,LBen
N878I,0.1315,LBen
N878K,0.3049,LBen
N878L,0.121,LBen
N878M,0.1849,LBen
N878P,0.117,LBen
N878Q,0.1781,LBen
N878R,0.2805,LBen
N878S,0.051,LBen
N878T,0.0631,LBen
N878V,0.098,LBen
N878W,0.4397,Amb
N878Y,0.1294,LBen
D879A,0.2304,LBen
D879C,0.5614,Amb
D879E,0.0829,LBen
D879F,0.5829,LPath
D879G,0.1889,LBen
D879H,0.4034,Amb
D879I,0.4805,Amb
D879K,0.5973,LPath
D879L,0.468,Amb
D879M,0.6553,LPath
D879N,0.1653,LBen
D879P,0.5463,Amb
D879Q,0.3398,LBen
D879R,0.5228,Amb
D879S,0.1682,LBen
D879T,0.2737,LBen
D879V,0.3415,Amb
D879W,0.8467,LPath
D879Y,0.3514,Amb
G880A,0.0892,LBen
G880C,0.0985,LBen
G880D,0.272,LBen
G880E,0.2539,LBen
G880F,0.236,LBen
G880H,0.2372,LBen
G880I,0.1219,LBen
G880K,0.4864,Amb
G880L,0.1833,LBen
G880M,0.2102,LBen
G880N,0.112,LBen
G880P,0.3147,LBen
G880Q,0.2456,LBen
G880R,0.3729,Amb
G880S,0.0679,LBen
G880T,0.0801,LBen
G880V,0.089,LBen
G880W,0.2738,LBen
G880Y,0.1898,LBen
R881A,0.3308,LBen
R881C,0.288,LBen
R881D,0.4463,Amb
R881E,0.2878,LBen
R881F,0.4482,Amb
R881G,0.1665,LBen
R881H,0.1601,LBen
R881I,0.3546,Amb
R881K,0.0959,LBen
R881L,0.2887,LBen
R881M,0.4004,Amb
R881N,0.4272,Amb
R881P,0.3302,LBen
R881Q,0.1275,LBen
R881S,0.3955,Amb
R881T,0.3229,LBen
R881V,0.3613,Amb
R881W,0.2796,LBen
R881Y,0.3551,Amb
N882A,0.107,LBen
N882C,0.1362,LBen
N882D,0.1451,LBen
N882E,0.2255,LBen
N882F,0.2256,LBen
N882G,0.1045,LBen
N882H,0.0992,LBen
N882I,0.1442,LBen
N882K,0.2553,LBen
N882L,0.147,LBen
N882M,0.2136,LBen
N882P,0.1818,LBen
N882Q,0.1754,LBen
N882R,0.2422,LBen
N882S,0.0735,LBen
N882T,0.0905,LBen
N882V,0.1273,LBen
N882W,0.416,Amb
N882Y,0.1029,LBen
G883A,0.1054,LBen
G883C,0.1545,LBen
G883D,0.3427,Amb
G883E,0.2896,LBen
G883F,0.3267,LBen
G883H,0.3114,LBen
G883I,0.1817,LBen
G883K,0.498,Amb
G883L,0.2283,LBen
G883M,0.2651,LBen
G883N,0.1795,LBen
G883P,0.3955,Amb
G883Q,0.272,LBen
G883R,0.3611,Amb
G883S,0.0895,LBen
G883T,0.1059,LBen
G883V,0.1222,LBen
G883W,0.295,LBen
G883Y,0.2631,LBen
E884A,0.1901,LBen
E884C,0.6388,LPath
E884D,0.0526,LBen
E884F,0.5377,Amb
E884G,0.1401,LBen
E884H,0.3799,Amb
E884I,0.3605,Amb
E884K,0.3308,LBen
E884L,0.3978,Amb
E884M,0.5153,Amb
E884N,0.1593,LBen
E884P,0.4102,Amb
E884Q,0.1886,LBen
E884R,0.353,Amb
E884S,0.1573,LBen
E884T,0.2352,LBen
E884V,0.2602,LBen
E884W,0.7832,LPath
E884Y,0.397,Amb
S885A,0.0726,LBen
S885C,0.0884,LBen
S885D,0.2815,LBen
S885E,0.336,LBen
S885F,0.154,LBen
S885G,0.0624,LBen
S885H,0.2262,LBen
S885I,0.1131,LBen
S885K,0.5023,Amb
S885L,0.1053,LBen
S885M,0.1343,LBen
S885N,0.0639,LBen
S885P,0.1183,LBen
S885Q,0.2678,LBen
S885R,0.5008,Amb
S885T,0.0662,LBen
S885V,0.1008,LBen
S885W,0.3177,LBen
S885Y,0.1497,LBen
R886A,0.4156,Amb
R886C,0.3735,Amb
R886D,0.5493,Amb
R886E,0.3517,Amb
R886F,0.5651,LPath
R886G,0.216,LBen
R886H,0.2215,LBen
R886I,0.4501,Amb
R886K,0.1056,LBen
R886L,0.3636,Amb
R886M,0.4937,Amb
R886N,0.5692,LPath
R886P,0.3863,Amb
R886Q,0.152,LBen
R886S,0.4925,Amb
R886T,0.4,Amb
R886V,0.4368,Amb
R886W,0.3557,Amb
R886Y,0.4786,Amb
K887A,0.3879,Amb
K887C,0.7174,LPath
K887D,0.4781,Amb
K887E,0.2588,LBen
K887F,0.7897,LPath
K887G,0.2657,LBen
K887H,0.3554,Amb
K887I,0.5502,Amb
K887L,0.471,Amb
K887M,0.4434,Amb
K887N,0.4555,Amb
K887P,0.423,Amb
K887Q,0.1596,LBen
K887R,0.07,LBen
K887S,0.4406,Amb
K887T,0.303,LBen
K887V,0.4751,Amb
K887W,0.7063,LPath
K887Y,0.6316,LPath
E888A,0.1893,LBen
E888C,0.715,LPath
E888D,0.0598,LBen
E888F,0.6478,LPath
E888G,0.153,LBen
E888H,0.4544,Amb
E888I,0.3974,Amb
E888K,0.3648,Amb
E888L,0.401,Amb
E888M,0.5083,Amb
E888N,0.1962,LBen
E888P,0.4125,Amb
E888Q,0.2211,LBen
E888R,0.4083,Amb
E888S,0.2053,LBen
E888T,0.2422,LBen
E888V,0.2538,LBen
E888W,0.8284,LPath
E888Y,0.4744,Amb
A889C,0.1737,LBen
A889D,0.2266,LBen
A889E,0.2414,LBen
A889F,0.1664,LBen
A889G,0.0678,LBen
A889H,0.2355,LBen
A889I,0.0999,LBen
A889K,0.3857,Amb
A889L,0.1036,LBen
A889M,0.1263,LBen
A889N,0.0939,LBen
A889P,0.1048,LBen
A889Q,0.1982,LBen
A889R,0.3586,Amb
A889S,0.0725,LBen
A889T,0.0681,LBen
A889V,0.0743,LBen
A889W,0.4129,Amb
A889Y,0.1862,LBen
F890A,0.0936,LBen
F890C,0.0782,LBen
F890D,0.2132,LBen
F890E,0.2738,LBen
F890G,0.1116,LBen
F890H,0.194,LBen
F890I,0.0875,LBen
F890K,0.2951,LBen
F890L,0.2483,LBen
F890M,0.1542,LBen
F890N,0.1075,LBen
F890P,0.2361,LBen
F890Q,0.1893,LBen
F890R,0.2312,LBen
F890S,0.0819,LBen
F890T,0.1074,LBen
F890V,0.079,LBen
F890W,0.1516,LBen
F890Y,0.0931,LBen
N891A,0.0791,LBen
N891C,0.09,LBen
N891D,0.1363,LBen
N891E,0.2121,LBen
N891F,0.1905,LBen
N891G,0.0846,LBen
N891H,0.0752,LBen
N891I,0.0967,LBen
N891K,0.1962,LBen
N891L,0.0944,LBen
N891M,0.1724,LBen
N891P,0.1078,LBen
N891Q,0.1286,LBen
N891R,0.1841,LBen
N891S,0.0549,LBen
N891T,0.0653,LBen
N891V,0.0879,LBen
N891W,0.3562,Amb
N891Y,0.0962,LBen
R892A,0.3048,LBen
R892C,0.3113,LBen
R892D,0.382,Amb
R892E,0.2413,LBen
R892F,0.5276,Amb
R892G,0.161,LBen
R892H,0.1654,LBen
R892I,0.3618,Amb
R892K,0.0829,LBen
R892L,0.296,LBen
R892M,0.3743,Amb
R892N,0.4344,Amb
R892P,0.3042,LBen
R892Q,0.1227,LBen
R892S,0.3723,Amb
R892T,0.2555,LBen
R892V,0.3424,Amb
R892W,0.29,LBen
R892Y,0.3996,Amb
E893A,0.1594,LBen
E893C,0.5766,LPath
E893D,0.0546,LBen
E893F,0.4967,Amb
E893G,0.112,LBen
E893H,0.3046,LBen
E893I,0.2739,LBen
E893K,0.2212,LBen
E893L,0.2989,LBen
E893M,0.3979,Amb
E893N,0.1281,LBen
E893P,0.2758,LBen
E893Q,0.1443,LBen
E893R,0.2874,LBen
E893S,0.1338,LBen
E893T,0.1706,LBen
E893V,0.1951,LBen
E893W,0.7252,LPath
E893Y,0.34,LBen
S894A,0.0661,LBen
S894C,0.0842,LBen
S894D,0.1563,LBen
S894E,0.1777,LBen
S894F,0.1471,LBen
S894G,0.062,LBen
S894H,0.1558,LBen
S894I,0.1042,LBen
S894K,0.2343,LBen
S894L,0.0942,LBen
S894M,0.1184,LBen
S894N,0.0616,LBen
S894P,0.084,LBen
S894Q,0.1671,LBen
S894R,0.2489,LBen
S894T,0.0653,LBen
S894V,0.0929,LBen
S894W,0.2122,LBen
S894Y,0.1227,LBen
K895A,0.1796,LBen
K895C,0.4344,Amb
K895D,0.2781,LBen
K895E,0.1451,LBen
K895F,0.498,Amb
K895G,0.1845,LBen
K895H,0.1977,LBen
K895I,0.25,LBen
K895L,0.2398,LBen
K895M,0.2454,LBen
K895N,0.2495,LBen
K895P,0.2551,LBen
K895Q,0.1036,LBen
K895R,0.0657,LBen
K895S,0.2166,LBen
K895T,0.1426,LBen
K895V,0.2142,LBen
K895W,0.5224,Amb
K895Y,0.3938,Amb
M896A,0.0842,LBen
M896C,0.2787,LBen
M896D,0.2172,LBen
M896E,0.1332,LBen
M896F,0.1388,LBen
M896G,0.123,LBen
M896H,0.1551,LBen
M896I,0.0946,LBen
M896K,0.0738,LBen
M896L,0.0769,LBen
M896N,0.1039,LBen
M896P,0.1136,LBen
M896Q,0.0899,LBen
M896R,0.0801,LBen
M896S,0.0915,LBen
M896T,0.0641,LBen
M896V,0.0591,LBen
M896W,0.2178,LBen
M896Y,0.1988,LBen
E897A,0.1196,LBen
E897C,0.4713,Amb
E897D,0.0599,LBen
E897F,0.3905,Amb
E897G,0.1106,LBen
E897H,0.2575,LBen
E897I,0.1828,LBen
E897K,0.1793,LBen
E897L,0.1885,LBen
E897M,0.2621,LBen
E897N,0.1192,LBen
E897P,0.2405,LBen
E897Q,0.1142,LBen
E897R,0.2447,LBen
E897S,0.1184,LBen
E897T,0.1324,LBen
E897V,0.1296,LBen
E897W,0.6673,LPath
E897Y,0.2808,LBen
P898A,0.0582,LBen
P898C,0.1768,LBen
P898D,0.1442,LBen
P898E,0.1025,LBen
P898F,0.1987,LBen
P898G,0.0891,LBen
P898H,0.0938,LBen
P898I,0.1229,LBen
P898K,0.1015,LBen
P898L,0.0843,LBen
P898M,0.1301,LBen
P898N,0.0899,LBen
P898Q,0.0662,LBen
P898R,0.0963,LBen
P898S,0.0684,LBen
P898T,0.0582,LBen
P898V,0.0892,LBen
P898W,0.2667,LBen
P898Y,0.1531,LBen
K899A,0.1438,LBen
K899C,0.3961,Amb
K899D,0.242,LBen
K899E,0.1161,LBen
K899F,0.4395,Amb
K899G,0.166,LBen
K899H,0.1947,LBen
K899I,0.1959,LBen
K899L,0.2079,LBen
K899M,0.1939,LBen
K899N,0.2015,LBen
K899P,0.2228,LBen
K899Q,0.0959,LBen
K899R,0.0691,LBen
K899S,0.1827,LBen
K899T,0.1236,LBen
K899V,0.1677,LBen
K899W,0.5055,Amb
K899Y,0.3618,Amb
M900A,0.0791,LBen
M900C,0.2446,LBen
M900D,0.2182,LBen
M900E,0.1305,LBen
M900F,0.1279,LBen
M900G,0.1192,LBen
M900H,0.1535,LBen
M900I,0.0878,LBen
M900K,0.0796,LBen
M900L,0.0718,LBen
M900N,0.1022,LBen
M900P,0.1034,LBen
M900Q,0.0883,LBen
M900R,0.0816,LBen
M900S,0.0898,LBen
M900T,0.0643,LBen
M900V,0.0579,LBen
M900W,0.2036,LBen
M900Y,0.188,LBen
E901A,0.1147,LBen
E901C,0.4707,Amb
E901D,0.0604,LBen
E901F,0.3935,Amb
E901G,0.1097,LBen
E901H,0.2604,LBen
E901I,0.1754,LBen
E901K,0.1701,LBen
E901L,0.1869,LBen
E901M,0.253,LBen
E901N,0.1194,LBen
E901P,0.2423,LBen
E901Q,0.111,LBen
E901R,0.2424,LBen
E901S,0.1173,LBen
E901T,0.1266,LBen
E901V,0.1227,LBen
E901W,0.6857,LPath
E901Y,0.2914,LBen
P902A,0.0579,LBen
P902C,0.1618,LBen
P902D,0.146,LBen
P902E,0.1124,LBen
P902F,0.1939,LBen
P902G,0.0899,LBen
P902H,0.0917,LBen
P902I,0.1249,LBen
P902K,0.1082,LBen
P902L,0.0866,LBen
P902M,0.1279,LBen
P902N,0.0856,LBen
P902Q,0.0699,LBen
P902R,0.1079,LBen
P902S,0.0668,LBen
P902T,0.0582,LBen
P902V,0.0893,LBen
P902W,0.2796,LBen
P902Y,0.1489,LBen
K903A,0.1438,LBen
K903C,0.4227,Amb
K903D,0.2503,LBen
K903E,0.122,LBen
K903F,0.4553,Amb
K903G,0.181,LBen
K903H,0.2009,LBen
K903I,0.2033,LBen
K903L,0.2087,LBen
K903M,0.2005,LBen
K903N,0.2219,LBen
K903P,0.2489,LBen
K903Q,0.1037,LBen
K903R,0.0702,LBen
K903S,0.1921,LBen
K903T,0.1234,LBen
K903V,0.1635,LBen
K903W,0.5488,Amb
K903Y,0.39,Amb
V904A,0.068,LBen
V904C,0.2754,LBen
V904D,0.115,LBen
V904E,0.1124,LBen
V904F,0.0903,LBen
V904G,0.0662,LBen
V904H,0.188,LBen
V904I,0.072,LBen
V904K,0.1261,LBen
V904L,0.086,LBen
V904M,0.0827,LBen
V904N,0.0826,LBen
V904P,0.1134,LBen
V904Q,0.1185,LBen
V904R,0.1309,LBen
V904S,0.074,LBen
V904T,0.0733,LBen
V904W,0.3241,LBen
V904Y,0.1924,LBen
D905A,0.1144,LBen
D905C,0.293,LBen
D905E,0.087,LBen
D905F,0.3103,LBen
D905G,0.1079,LBen
D905H,0.1922,LBen
D905I,0.1843,LBen
D905K,0.2417,LBen
D905L,0.2091,LBen
D905M,0.3144,LBen
D905N,0.0865,LBen
D905P,0.2487,LBen
D905Q,0.1863,LBen
D905R,0.2723,LBen
D905S,0.0926,LBen
D905T,0.1294,LBen
D905V,0.1316,LBen
D905W,0.6521,LPath
D905Y,0.1598,LBen
S906A,0.0632,LBen
S906C,0.0799,LBen
S906D,0.1432,LBen
S906E,0.1932,LBen
S906F,0.1166,LBen
S906G,0.0636,LBen
S906H,0.1437,LBen
S906I,0.0868,LBen
S906K,0.2162,LBen
S906L,0.084,LBen
S906M,0.125,LBen
S906N,0.0718,LBen
S906P,0.0868,LBen
S906Q,0.1844,LBen
S906R,0.2302,LBen
S906T,0.0587,LBen
S906V,0.0814,LBen
S906W,0.2404,LBen
S906Y,0.1062,LBen
S907A,0.0678,LBen
S907C,0.0781,LBen
S907D,0.1407,LBen
S907E,0.1707,LBen
S907F,0.1335,LBen
S907G,0.0626,LBen
S907H,0.133,LBen
S907I,0.0953,LBen
S907K,0.176,LBen
S907L,0.0818,LBen
S907M,0.1266,LBen
S907N,0.0715,LBen
S907P,0.0877,LBen
S907Q,0.1533,LBen
S907R,0.1841,LBen
S907T,0.0647,LBen
S907V,0.0869,LBen
S907W,0.2,LBen
S907Y,0.1184,LBen
K908A,0.1616,LBen
K908C,0.3778,Amb
K908D,0.235,LBen
K908E,0.1294,LBen
K908F,0.4438,Amb
K908G,0.1661,LBen
K908H,0.176,LBen
K908I,0.2125,LBen
K908L,0.2052,LBen
K908M,0.203,LBen
K908N,0.2002,LBen
K908P,0.2536,LBen
K908Q,0.0978,LBen
K908R,0.0704,LBen
K908S,0.1783,LBen
K908T,0.1227,LBen
K908V,0.1836,LBen
K908W,0.4961,Amb
K908Y,0.3534,Amb
M909A,0.0888,LBen
M909C,0.2598,LBen
M909D,0.1927,LBen
M909E,0.1332,LBen
M909F,0.1272,LBen
M909G,0.1247,LBen
M909H,0.1497,LBen
M909I,0.0902,LBen
M909K,0.0725,LBen
M909L,0.0753,LBen
M909N,0.0927,LBen
M909P,0.1211,LBen
M909Q,0.0941,LBen
M909R,0.0822,LBen
M909S,0.0891,LBen
M909T,0.0654,LBen
M909V,0.0613,LBen
M909W,0.2229,LBen
M909Y,0.1825,LBen
D910A,0.1173,LBen
D910C,0.3293,LBen
D910E,0.0717,LBen
D910F,0.3517,Amb
D910G,0.0952,LBen
D910H,0.2016,LBen
D910I,0.1982,LBen
D910K,0.2152,LBen
D910L,0.2041,LBen
D910M,0.2989,LBen
D910N,0.0824,LBen
D910P,0.2536,LBen
D910Q,0.1577,LBen
D910R,0.2597,LBen
D910S,0.0941,LBen
D910T,0.1313,LBen
D910V,0.1344,LBen
D910W,0.631,LPath
D910Y,0.1812,LBen
K911A,0.1464,LBen
K911C,0.3877,Amb
K911D,0.2131,LBen
K911E,0.1212,LBen
K911F,0.4757,Amb
K911G,0.1626,LBen
K911H,0.1728,LBen
K911I,0.2154,LBen
K911L,0.2167,LBen
K911M,0.1881,LBen
K911N,0.1874,LBen
K911P,0.2701,LBen
K911Q,0.1046,LBen
K911R,0.0727,LBen
K911S,0.1829,LBen
K911T,0.1056,LBen
K911V,0.1784,LBen
K911W,0.5281,Amb
K911Y,0.3544,Amb
V912A,0.0654,LBen
V912C,0.2743,LBen
V912D,0.1067,LBen
V912E,0.1052,LBen
V912F,0.0935,LBen
V912G,0.062,LBen
V912H,0.1729,LBen
V912I,0.068,LBen
V912K,0.1042,LBen
V912L,0.0831,LBen
V912M,0.0763,LBen
V912N,0.0713,LBen
V912P,0.107,LBen
V912Q,0.1042,LBen
V912R,0.1131,LBen
V912S,0.0658,LBen
V912T,0.0652,LBen
V912W,0.3094,LBen
V912Y,0.1898,LBen
D913A,0.109,LBen
D913C,0.3042,LBen
D913E,0.0841,LBen
D913F,0.2947,LBen
D913G,0.1033,LBen
D913H,0.1874,LBen
D913I,0.1664,LBen
D913K,0.2329,LBen
D913L,0.1951,LBen
D913M,0.2939,LBen
D913N,0.0835,LBen
D913P,0.2409,LBen
D913Q,0.1789,LBen
D913R,0.2662,LBen
D913S,0.0892,LBen
D913T,0.1203,LBen
D913V,0.1218,LBen
D913W,0.6235,LPath
D913Y,0.154,LBen
S914A,0.0624,LBen
S914C,0.0803,LBen
S914D,0.1607,LBen
S914E,0.1934,LBen
S914F,0.1175,LBen
S914G,0.0636,LBen
S914H,0.1483,LBen
S914I,0.0878,LBen
S914K,0.2084,LBen
S914L,0.0735,LBen
S914M,0.1142,LBen
S914N,0.0739,LBen
S914P,0.0862,LBen
S914Q,0.1763,LBen
S914R,0.2225,LBen
S914T,0.0599,LBen
S914V,0.0814,LBen
S914W,0.1981,LBen
S914Y,0.1105,LBen
K915A,0.1748,LBen
K915C,0.4602,Amb
K915D,0.2539,LBen
K915E,0.1382,LBen
K915F,0.5349,Amb
K915G,0.1798,LBen
K915H,0.2014,LBen
K915I,0.263,LBen
K915L,0.2516,LBen
K915M,0.2371,LBen
K915N,0.229,LBen
K915P,0.2793,LBen
K915Q,0.1068,LBen
K915R,0.072,LBen
K915S,0.2027,LBen
K915T,0.1345,LBen
K915V,0.2152,LBen
K915W,0.5849,LPath
K915Y,0.4145,Amb
T916A,0.0611,LBen
T916C,0.1972,LBen
T916D,0.1556,LBen
T916E,0.141,LBen
T916F,0.1699,LBen
T916G,0.0856,LBen
T916H,0.1332,LBen
T916I,0.1039,LBen
T916K,0.1107,LBen
T916L,0.0837,LBen
T916M,0.0858,LBen
T916N,0.0711,LBen
T916P,0.0705,LBen
T916Q,0.1109,LBen
T916R,0.119,LBen
T916S,0.069,LBen
T916V,0.0846,LBen
T916W,0.3085,LBen
T916Y,0.1572,LBen
D917A,0.1125,LBen
D917C,0.2944,LBen
D917E,0.0706,LBen
D917F,0.353,Amb
D917G,0.0895,LBen
D917H,0.2002,LBen
D917I,0.1974,LBen
D917K,0.201,LBen
D917L,0.2078,LBen
D917M,0.3126,LBen
D917N,0.0842,LBen
D917P,0.2779,LBen
D917Q,0.1556,LBen
D917R,0.2372,LBen
D917S,0.0873,LBen
D917T,0.1283,LBen
D917V,0.1336,LBen
D917W,0.6297,LPath
D917Y,0.1844,LBen
K918A,0.1871,LBen
K918C,0.441,Amb
K918D,0.2529,LBen
K918E,0.1442,LBen
K918F,0.5282,Amb
K918G,0.1835,LBen
K918H,0.1967,LBen
K918I,0.2508,LBen
K918L,0.2556,LBen
K918M,0.2275,LBen
K918N,0.2181,LBen
K918P,0.3316,LBen
K918Q,0.1085,LBen
K918R,0.0723,LBen
K918S,0.2125,LBen
K918T,0.1291,LBen
K918V,0.2177,LBen
K918W,0.5694,LPath
K918Y,0.4012,Amb
T919A,0.0577,LBen
T919C,0.1919,LBen
T919D,0.1706,LBen
T919E,0.1544,LBen
T919F,0.15,LBen
T919G,0.0915,LBen
T919H,0.1285,LBen
T919I,0.0945,LBen
T919K,0.1184,LBen
T919L,0.0781,LBen
T919M,0.0802,LBen
T919N,0.0713,LBen
T919P,0.0646,LBen
T919Q,0.1133,LBen
T919R,0.121,LBen
T919S,0.0695,LBen
T919V,0.0776,LBen
T919W,0.3365,LBen
T919Y,0.1549,LBen
A920C,0.2175,LBen
A920D,0.1506,LBen
A920E,0.1546,LBen
A920F,0.2059,LBen
A920G,0.0761,LBen
A920H,0.2312,LBen
A920I,0.1275,LBen
A920K,0.2275,LBen
A920L,0.1045,LBen
A920M,0.1282,LBen
A920N,0.1179,LBen
A920P,0.0976,LBen
A920Q,0.1703,LBen
A920R,0.2411,LBen
A920S,0.0715,LBen
A920T,0.0645,LBen
A920V,0.0835,LBen
A920W,0.4083,Amb
A920Y,0.2419,LBen
D921A,0.1584,LBen
D921C,0.5336,Amb
D921E,0.1037,LBen
D921F,0.5201,Amb
D921G,0.1416,LBen
D921H,0.3534,Amb
D921I,0.3679,Amb
D921K,0.4084,Amb
D921L,0.3623,Amb
D921M,0.5264,Amb
D921N,0.1246,LBen
D921P,0.4421,Amb
D921Q,0.3176,LBen
D921R,0.4243,Amb
D921S,0.1219,LBen
D921T,0.206,LBen
D921V,0.2222,LBen
D921W,0.8241,LPath
D921Y,0.2963,LBen
G922A,0.104,LBen
G922C,0.1495,LBen
G922D,0.3462,Amb
G922E,0.3744,Amb
G922F,0.4501,Amb
G922H,0.4062,Amb
G922I,0.1713,LBen
G922K,0.5837,LPath
G922L,0.3071,LBen
G922M,0.3361,LBen
G922N,0.2112,LBen
G922P,0.5057,Amb
G922Q,0.4093,Amb
G922R,0.4893,Amb
G922S,0.0859,LBen
G922T,0.0977,LBen
G922V,0.1218,LBen
G922W,0.4546,Amb
G922Y,0.378,Amb
F923A,0.9072,LPath
F923C,0.8653,LPath
F923D,0.949,LPath
F923E,0.9536,LPath
F923G,0.9277,LPath
F923H,0.927,LPath
F923I,0.6378,LPath
F923K,0.9723,LPath
F923L,0.9698,LPath
F923M,0.8284,LPath
F923N,0.9221,LPath
F923P,0.9837,LPath
F923Q,0.9554,LPath
F923R,0.9465,LPath
F923S,0.9048,LPath
F923T,0.9266,LPath
F923V,0.6686,LPath
F923W,0.7065,LPath
F923Y,0.3434,Amb
A924C,0.5315,Amb
A924D,0.6603,LPath
A924E,0.5896,LPath
A924F,0.5089,Amb
A924G,0.2625,LBen
A924H,0.622,LPath
A924I,0.4058,Amb
A924K,0.7541,LPath
A924L,0.2888,LBen
A924M,0.409,Amb
A924N,0.452,Amb
A924P,0.3576,Amb
A924Q,0.4633,Amb
A924R,0.6301,LPath
A924S,0.1366,LBen
A924T,0.1879,LBen
A924V,0.211,LBen
A924W,0.8631,LPath
A924Y,0.638,LPath
V925A,0.6034,LPath
V925C,0.8568,LPath
V925D,0.9313,LPath
V925E,0.8662,LPath
V925F,0.3816,Amb
V925G,0.7135,LPath
V925H,0.9382,LPath
V925I,0.0821,LBen
V925K,0.8651,LPath
V925L,0.3045,LBen
V925M,0.3553,Amb
V925N,0.8465,LPath
V925P,0.625,LPath
V925Q,0.8406,LPath
V925R,0.8288,LPath
V925S,0.7501,LPath
V925T,0.6961,LPath
V925W,0.9457,LPath
V925Y,0.8411,LPath
P926A,0.4004,Amb
P926C,0.9454,LPath
P926D,0.9452,LPath
P926E,0.8311,LPath
P926F,0.9495,LPath
P926G,0.807,LPath
P926H,0.8314,LPath
P926I,0.834,LPath
P926K,0.8658,LPath
P926L,0.632,LPath
P926M,0.8522,LPath
P926N,0.9301,LPath
P926Q,0.7272,LPath
P926R,0.7274,LPath
P926S,0.7279,LPath
P926T,0.6412,LPath
P926V,0.6695,LPath
P926W,0.9751,LPath
P926Y,0.9433,LPath
E927A,0.2482,LBen
E927C,0.8274,LPath
E927D,0.076,LBen
E927F,0.7703,LPath
E927G,0.3317,LBen
E927H,0.642,LPath
E927I,0.4201,Amb
E927K,0.4632,Amb
E927L,0.4473,Amb
E927M,0.614,LPath
E927N,0.3341,LBen
E927P,0.4452,Amb
E927Q,0.2621,LBen
E927R,0.537,Amb
E927S,0.2739,LBen
E927T,0.335,LBen
E927V,0.2751,LBen
E927W,0.9358,LPath
E927Y,0.6881,LPath
P928A,0.0953,LBen
P928C,0.5904,LPath
P928D,0.7497,LPath
P928E,0.4492,Amb
P928F,0.4644,Amb
P928G,0.3766,Amb
P928H,0.342,Amb
P928I,0.1754,LBen
P928K,0.4375,Amb
P928L,0.1117,LBen
P928M,0.2277,LBen
P928N,0.4466,Amb
P928Q,0.2231,LBen
P928R,0.3595,Amb
P928S,0.221,LBen
P928T,0.1477,LBen
P928V,0.129,LBen
P928W,0.7778,LPath
P928Y,0.4959,Amb
P929A,0.1201,LBen
P929C,0.6531,LPath
P929D,0.7825,LPath
P929E,0.5118,Amb
P929F,0.671,LPath
P929G,0.4116,Amb
P929H,0.414,Amb
P929I,0.3523,Amb
P929K,0.5006,Amb
P929L,0.2314,LBen
P929M,0.456,Amb
P929N,0.557,Amb
P929Q,0.2536,LBen
P929R,0.3774,Amb
P929S,0.2424,LBen
P929T,0.2049,LBen
P929V,0.2116,LBen
P929W,0.8559,LPath
P929Y,0.679,LPath
K930A,0.4335,Amb
K930C,0.776,LPath
K930D,0.8235,LPath
K930E,0.4767,Amb
K930F,0.8604,LPath
K930G,0.5111,Amb
K930H,0.508,Amb
K930I,0.5074,Amb
K930L,0.4735,Amb
K930M,0.5336,Amb
K930N,0.7608,LPath
K930P,0.4037,Amb
K930Q,0.2224,LBen
K930R,0.0777,LBen
K930S,0.6065,LPath
K930T,0.4289,Amb
K930V,0.3866,Amb
K930W,0.8748,LPath
K930Y,0.7995,LPath
R931A,0.675,LPath
R931C,0.6381,LPath
R931D,0.8772,LPath
R931E,0.6308,LPath
R931F,0.8238,LPath
R931G,0.4857,Amb
R931H,0.4352,Amb
R931I,0.6081,LPath
R931K,0.1338,LBen
R931L,0.491,Amb
R931M,0.7091,LPath
R931N,0.8562,LPath
R931P,0.5076,Amb
R931Q,0.2933,LBen
R931S,0.8314,LPath
R931T,0.6883,LPath
R931V,0.5851,LPath
R931W,0.6508,LPath
R931Y,0.7532,LPath
K932A,0.6537,LPath
K932C,0.8231,LPath
K932D,0.8805,LPath
K932E,0.6294,LPath
K932F,0.918,LPath
K932G,0.5715,LPath
K932H,0.546,Amb
K932I,0.6938,LPath
K932L,0.6135,LPath
K932M,0.6936,LPath
K932N,0.8089,LPath
K932P,0.5402,Amb
K932Q,0.2763,LBen
K932R,0.0689,LBen
K932S,0.748,LPath
K932T,0.5654,LPath
K932V,0.5996,LPath
K932W,0.882,LPath
K932Y,0.8327,LPath
K933A,0.5846,LPath
K933C,0.8616,LPath
K933D,0.8406,LPath
K933E,0.655,LPath
K933F,0.8999,LPath
K933G,0.5889,LPath
K933H,0.5451,Amb
K933I,0.6804,LPath
K933L,0.6136,LPath
K933M,0.6169,LPath
K933N,0.7639,LPath
K933P,0.51,Amb
K933Q,0.305,LBen
K933R,0.0924,LBen
K933S,0.7172,LPath
K933T,0.4946,Amb
K933V,0.5768,LPath
K933W,0.9082,LPath
K933Y,0.8154,LPath
S934A,0.227,LBen
S934C,0.3358,LBen
S934D,0.8508,LPath
S934E,0.9012,LPath
S934F,0.7756,LPath
S934G,0.2189,LBen
S934H,0.7913,LPath
S934I,0.7247,LPath
S934K,0.9472,LPath
S934L,0.5491,Amb
S934M,0.671,LPath
S934N,0.4648,Amb
S934P,0.4736,Amb
S934Q,0.8406,LPath
S934R,0.9466,LPath
S934T,0.2275,LBen
S934V,0.6185,LPath
S934W,0.7985,LPath
S934Y,0.68,LPath
R935A,0.9124,LPath
R935C,0.9017,LPath
R935D,0.9606,LPath
R935E,0.9099,LPath
R935F,0.9486,LPath
R935G,0.8729,LPath
R935H,0.7846,LPath
R935I,0.8601,LPath
R935K,0.5031,Amb
R935L,0.8105,LPath
R935M,0.9564,LPath
R935N,0.9615,LPath
R935P,0.8467,LPath
R935Q,0.721,LPath
R935S,0.9474,LPath
R935T,0.9339,LPath
R935V,0.8782,LPath
R935W,0.8935,LPath
R935Y,0.9162,LPath
W936A,0.945,LPath
W936C,0.9868,LPath
W936D,0.9831,LPath
W936E,0.9854,LPath
W936F,0.5661,LPath
W936G,0.8247,LPath
W936H,0.9733,LPath
W936I,0.9573,LPath
W936K,0.9915,LPath
W936L,0.896,LPath
W936M,0.9629,LPath
W936N,0.9808,LPath
W936P,0.9857,LPath
W936Q,0.9907,LPath
W936R,0.9881,LPath
W936S,0.9306,LPath
W936T,0.9511,LPath
W936V,0.9465,LPath
W936Y,0.8075,LPath
D937A,0.7085,LPath
D937C,0.9521,LPath
D937E,0.3445,Amb
D937F,0.916,LPath
D937G,0.62,LPath
D937H,0.8505,LPath
D937I,0.8786,LPath
D937K,0.927,LPath
D937L,0.8626,LPath
D937M,0.9506,LPath
D937N,0.5095,Amb
D937P,0.9562,LPath
D937Q,0.8101,LPath
D937R,0.9058,LPath
D937S,0.5948,LPath
D937T,0.7726,LPath
D937V,0.7692,LPath
D937W,0.9767,LPath
D937Y,0.7702,LPath
S938A,0.0948,LBen
S938C,0.1218,LBen
S938D,0.3934,Amb
S938E,0.5659,LPath
S938F,0.324,LBen
S938G,0.0828,LBen
S938H,0.3425,Amb
S938I,0.2195,LBen
S938K,0.7261,LPath
S938L,0.1756,LBen
S938M,0.2239,LBen
S938N,0.0797,LBen
S938P,0.3479,Amb
S938Q,0.4472,Amb
S938R,0.7177,LPath
S938T,0.0738,LBen
S938V,0.1838,LBen
S938W,0.5985,LPath
S938Y,0.314,LBen
