protein_variant,am_pathogenicity,am_class
M1A,0.2979,LBen
M1C,0.3416,Amb
M1D,0.8079,LPath
M1E,0.5541,Amb
M1F,0.2513,LBen
M1G,0.4676,Amb
M1H,0.567,LPath
M1I,0.5019,Amb
M1K,0.3058,LBen
M1L,0.1798,LBen
M1N,0.6431,LPath
M1P,0.4749,Amb
M1Q,0.2572,LBen
M1R,0.2395,LBen
M1S,0.4748,Amb
M1T,0.4022,Amb
M1V,0.1196,LBen
M1W,0.4032,Amb
M1Y,0.5384,Amb
A2C,0.5909,LPath
A2D,0.2395,LBen
A2E,0.2236,LBen
A2F,0.4697,Amb
A2G,0.1197,LBen
A2H,0.4998,Amb
A2I,0.6373,LPath
A2K,0.3957,Amb
A2L,0.3614,Amb
A2M,0.6695,LPath
A2N,0.341,Amb
A2P,0.1556,LBen
A2Q,0.3599,Amb
A2R,0.2507,LBen
A2S,0.1369,LBen
A2T,0.2354,LBen
A2V,0.3798,Amb
A2W,0.6958,LPath
A2Y,0.54,Amb
A3C,0.4458,Amb
A3D,0.1685,LBen
A3E,0.1657,LBen
A3F,0.3728,Amb
A3G,0.0927,LBen
A3H,0.3985,Amb
A3I,0.4562,Amb
A3K,0.2794,LBen
A3L,0.2975,LBen
A3M,0.5418,Amb
A3N,0.2962,LBen
A3P,0.1585,LBen
A3Q,0.2787,LBen
A3R,0.1694,LBen
A3S,0.1084,LBen
A3T,0.1383,LBen
A3V,0.2202,LBen
A3W,0.5343,Amb
A3Y,0.4817,Amb
D4A,0.0684,LBen
D4C,0.2121,LBen
D4E,0.0986,LBen
D4F,0.3057,LBen
D4G,0.0432,LBen
D4H,0.1801,LBen
D4I,0.2352,LBen
D4K,0.2129,LBen
D4L,0.1947,LBen
D4M,0.4867,Amb
D4N,0.1304,LBen
D4P,0.1777,LBen
D4Q,0.1573,LBen
D4R,0.1297,LBen
D4S,0.0824,LBen
D4T,0.1325,LBen
D4V,0.1251,LBen
D4W,0.3901,Amb
D4Y,0.1541,LBen
K5A,0.0795,LBen
K5C,0.3567,Amb
K5D,0.2038,LBen
K5E,0.0829,LBen
K5F,0.4049,Amb
K5G,0.0984,LBen
K5H,0.2159,LBen
K5I,0.2089,LBen
K5L,0.1884,LBen
K5M,0.2031,LBen
K5N,0.1874,LBen
K5P,0.1458,LBen
K5Q,0.0976,LBen
K5R,0.0569,LBen
K5S,0.1274,LBen
K5T,0.0675,LBen
K5V,0.1721,LBen
K5W,0.4107,Amb
K5Y,0.3735,Amb
G6A,0.0829,LBen
G6C,0.2156,LBen
G6D,0.1173,LBen
G6E,0.0981,LBen
G6F,0.2768,LBen
G6H,0.2248,LBen
G6I,0.17,LBen
G6K,0.1493,LBen
G6L,0.1475,LBen
G6M,0.3351,LBen
G6N,0.2203,LBen
G6P,0.186,LBen
G6Q,0.1571,LBen
G6R,0.0896,LBen
G6S,0.1377,LBen
G6T,0.1281,LBen
G6V,0.1097,LBen
G6W,0.236,LBen
G6Y,0.2554,LBen
P7A,0.045,LBen
P7C,0.1889,LBen
P7D,0.1424,LBen
P7E,0.0954,LBen
P7F,0.1731,LBen
P7G,0.0859,LBen
P7H,0.1043,LBen
P7I,0.1432,LBen
P7K,0.1142,LBen
P7L,0.1,LBen
P7M,0.2099,LBen
P7N,0.1598,LBen
P7Q,0.0852,LBen
P7R,0.0625,LBen
P7S,0.0723,LBen
P7T,0.0611,LBen
P7V,0.0921,LBen
P7W,0.1862,LBen
P7Y,0.1816,LBen
A8C,0.3024,LBen
A8D,0.1476,LBen
A8E,0.1363,LBen
A8F,0.2312,LBen
A8G,0.0771,LBen
A8H,0.281,LBen
A8I,0.274,LBen
A8K,0.2626,LBen
A8L,0.1644,LBen
A8M,0.3607,Amb
A8N,0.261,LBen
A8P,0.0943,LBen
A8Q,0.2028,LBen
A8R,0.1497,LBen
A8S,0.1052,LBen
A8T,0.1175,LBen
A8V,0.1234,LBen
A8W,0.3584,Amb
A8Y,0.3066,LBen
A9C,0.2971,LBen
A9D,0.1577,LBen
A9E,0.1351,LBen
A9F,0.2375,LBen
A9G,0.0771,LBen
A9H,0.2723,LBen
A9I,0.2935,LBen
A9K,0.235,LBen
A9L,0.1763,LBen
A9M,0.3836,Amb
A9N,0.2562,LBen
A9P,0.0817,LBen
A9Q,0.1927,LBen
A9R,0.1303,LBen
A9S,0.1015,LBen
A9T,0.1173,LBen
A9V,0.1359,LBen
A9W,0.3477,Amb
A9Y,0.3216,LBen
G10A,0.0666,LBen
G10C,0.173,LBen
G10D,0.126,LBen
G10E,0.1067,LBen
G10F,0.2087,LBen
G10H,0.2604,LBen
G10I,0.1573,LBen
G10K,0.2562,LBen
G10L,0.152,LBen
G10M,0.3079,LBen
G10N,0.2543,LBen
G10P,0.1674,LBen
G10Q,0.2098,LBen
G10R,0.1774,LBen
G10S,0.1205,LBen
G10T,0.117,LBen
G10V,0.09,LBen
G10W,0.1935,LBen
G10Y,0.2385,LBen
P11A,0.0585,LBen
P11C,0.1929,LBen
P11D,0.1664,LBen
P11E,0.1086,LBen
P11F,0.1832,LBen
P11G,0.0897,LBen
P11H,0.0976,LBen
P11I,0.189,LBen
P11K,0.1356,LBen
P11L,0.1244,LBen
P11M,0.2898,LBen
P11N,0.1745,LBen
P11Q,0.0805,LBen
P11R,0.0603,LBen
P11S,0.0728,LBen
P11T,0.0788,LBen
P11V,0.1293,LBen
P11W,0.1947,LBen
P11Y,0.1869,LBen
R12A,0.1029,LBen
R12C,0.2947,LBen
R12D,0.2509,LBen
R12E,0.1972,LBen
R12F,0.2814,LBen
R12G,0.0787,LBen
R12H,0.2301,LBen
R12I,0.2002,LBen
R12K,0.1281,LBen
R12L,0.1204,LBen
R12M,0.3663,Amb
R12N,0.3639,Amb
R12P,0.0907,LBen
R12Q,0.1704,LBen
R12S,0.189,LBen
R12T,0.1624,LBen
R12V,0.1687,LBen
R12W,0.2528,LBen
R12Y,0.3816,Amb
S13A,0.0925,LBen
S13C,0.1068,LBen
S13D,0.2899,LBen
S13E,0.2344,LBen
S13F,0.2122,LBen
S13G,0.0883,LBen
S13H,0.2422,LBen
S13I,0.2865,LBen
S13K,0.3935,Amb
S13L,0.2696,LBen
S13M,0.4463,Amb
S13N,0.2037,LBen
S13P,0.0826,LBen
S13Q,0.2692,LBen
S13R,0.2814,LBen
S13T,0.1273,LBen
S13V,0.2424,LBen
S13W,0.1776,LBen
S13Y,0.1823,LBen
R14A,0.0966,LBen
R14C,0.3039,LBen
R14D,0.24,LBen
R14E,0.1673,LBen
R14F,0.345,Amb
R14G,0.0782,LBen
R14H,0.2114,LBen
R14I,0.2599,LBen
R14K,0.1214,LBen
R14L,0.1472,LBen
R14M,0.3652,Amb
R14N,0.3584,Amb
R14P,0.084,LBen
R14Q,0.1399,LBen
R14S,0.1871,LBen
R14T,0.1432,LBen
R14V,0.1959,LBen
R14W,0.2629,LBen
R14Y,0.4031,Amb
A15C,0.311,LBen
A15D,0.1419,LBen
A15E,0.1107,LBen
A15F,0.239,LBen
A15G,0.0732,LBen
A15H,0.2489,LBen
A15I,0.2828,LBen
A15K,0.2233,LBen
A15L,0.178,LBen
A15M,0.3273,LBen
A15N,0.2197,LBen
A15P,0.0816,LBen
A15Q,0.1747,LBen
A15R,0.1544,LBen
A15S,0.0976,LBen
A15T,0.1025,LBen
A15V,0.1292,LBen
A15W,0.345,Amb
A15Y,0.2924,LBen
A16C,0.2976,LBen
A16D,0.1646,LBen
A16E,0.1519,LBen
A16F,0.2222,LBen
A16G,0.0892,LBen
A16H,0.2684,LBen
A16I,0.2302,LBen
A16K,0.2496,LBen
A16L,0.1579,LBen
A16M,0.2622,LBen
A16N,0.1975,LBen
A16P,0.096,LBen
A16Q,0.1892,LBen
A16R,0.1688,LBen
A16S,0.0915,LBen
A16T,0.0868,LBen
A16V,0.1112,LBen
A16W,0.3768,Amb
A16Y,0.309,LBen
M17A,0.2311,LBen
M17C,0.6953,LPath
M17D,0.7465,LPath
M17E,0.4626,Amb
M17F,0.4125,Amb
M17G,0.3251,LBen
M17H,0.5869,LPath
M17I,0.6224,LPath
M17K,0.2179,LBen
M17L,0.1891,LBen
M17N,0.6407,LPath
M17P,0.3063,LBen
M17Q,0.2678,LBen
M17R,0.1836,LBen
M17S,0.3788,Amb
M17T,0.265,LBen
M17V,0.0952,LBen
M17W,0.5775,LPath
M17Y,0.626,LPath
A18C,0.4112,Amb
A18D,0.2265,LBen
A18E,0.1664,LBen
A18F,0.3181,LBen
A18G,0.0795,LBen
A18H,0.3166,LBen
A18I,0.3406,Amb
A18K,0.2583,LBen
A18L,0.191,LBen
A18M,0.3241,LBen
A18N,0.2437,LBen
A18P,0.123,LBen
A18Q,0.1895,LBen
A18R,0.1835,LBen
A18S,0.1001,LBen
A18T,0.1223,LBen
A18V,0.1534,LBen
A18W,0.4601,Amb
A18Y,0.3708,Amb
Q19A,0.0774,LBen
Q19C,0.3636,Amb
Q19D,0.2333,LBen
Q19E,0.0915,LBen
Q19F,0.4031,Amb
Q19G,0.1091,LBen
Q19H,0.1468,LBen
Q19I,0.2582,LBen
Q19K,0.1011,LBen
Q19L,0.107,LBen
Q19M,0.3029,LBen
Q19N,0.206,LBen
Q19P,0.0504,LBen
Q19R,0.0771,LBen
Q19S,0.0964,LBen
Q19T,0.1167,LBen
Q19V,0.1425,LBen
Q19W,0.2664,LBen
Q19Y,0.304,LBen
W20A,0.1973,LBen
W20C,0.3727,Amb
W20D,0.4451,Amb
W20E,0.3483,Amb
W20F,0.1734,LBen
W20G,0.0955,LBen
W20H,0.3476,Amb
W20I,0.3218,LBen
W20K,0.2962,LBen
W20L,0.1824,LBen
W20M,0.3827,Amb
W20N,0.4047,Amb
W20P,0.2968,LBen
W20Q,0.3097,LBen
W20R,0.2364,LBen
W20S,0.1959,LBen
W20T,0.2363,LBen
W20V,0.2326,LBen
W20Y,0.2521,LBen
R21A,0.2948,LBen
R21C,0.3681,Amb
R21D,0.5519,Amb
R21E,0.253,LBen
R21F,0.6099,LPath
R21G,0.1361,LBen
R21H,0.2481,LBen
R21I,0.3576,Amb
R21K,0.0688,LBen
R21L,0.2532,LBen
R21M,0.3492,Amb
R21N,0.4994,Amb
R21P,0.2638,LBen
R21Q,0.1221,LBen
R21S,0.4055,Amb
R21T,0.2993,LBen
R21V,0.343,Amb
R21W,0.2666,LBen
R21Y,0.5337,Amb
K22A,0.3744,Amb
K22C,0.6987,LPath
K22D,0.6879,LPath
K22E,0.2851,LBen
K22F,0.8119,LPath
K22G,0.2428,LBen
K22H,0.4527,Amb
K22I,0.5917,LPath
K22L,0.4449,Amb
K22M,0.4676,Amb
K22N,0.5896,LPath
K22P,0.3692,Amb
K22Q,0.1668,LBen
K22R,0.0724,LBen
K22S,0.4765,Amb
K22T,0.348,Amb
K22V,0.4806,Amb
K22W,0.6486,LPath
K22Y,0.6817,LPath
K23A,0.3674,Amb
K23C,0.732,LPath
K23D,0.6116,LPath
K23E,0.2644,LBen
K23F,0.8244,LPath
K23G,0.2469,LBen
K23H,0.4722,Amb
K23I,0.5459,Amb
K23L,0.4796,Amb
K23M,0.418,Amb
K23N,0.4888,Amb
K23P,0.3686,Amb
K23Q,0.1791,LBen
K23R,0.0821,LBen
K23S,0.4647,Amb
K23T,0.3019,LBen
K23V,0.4561,Amb
K23W,0.7061,LPath
K23Y,0.6639,LPath
K24A,0.189,LBen
K24C,0.5963,LPath
K24D,0.4385,Amb
K24E,0.1968,LBen
K24F,0.6322,LPath
K24G,0.1744,LBen
K24H,0.3024,LBen
K24I,0.3485,Amb
K24L,0.3062,LBen
K24M,0.2674,LBen
K24N,0.3368,LBen
K24P,0.2315,LBen
K24Q,0.137,LBen
K24R,0.0706,LBen
K24S,0.2937,LBen
K24T,0.1544,LBen
K24V,0.2985,LBen
K24W,0.5431,Amb
K24Y,0.4817,Amb
G25A,0.078,LBen
G25C,0.147,LBen
G25D,0.1551,LBen
G25E,0.1381,LBen
G25F,0.2468,LBen
G25H,0.2119,LBen
G25I,0.1383,LBen
G25K,0.2472,LBen
G25L,0.2011,LBen
G25M,0.2772,LBen
G25N,0.1897,LBen
G25P,0.2428,LBen
G25Q,0.2138,LBen
G25R,0.1714,LBen
G25S,0.104,LBen
G25T,0.1026,LBen
G25V,0.0887,LBen
G25W,0.1789,LBen
G25Y,0.1961,LBen
L26A,0.0854,LBen
L26C,0.1792,LBen
L26D,0.2806,LBen
L26E,0.161,LBen
L26F,0.068,LBen
L26G,0.1173,LBen
L26H,0.1016,LBen
L26I,0.0831,LBen
L26K,0.1116,LBen
L26M,0.1027,LBen
L26N,0.1737,LBen
L26P,0.0626,LBen
L26Q,0.0706,LBen
L26R,0.0598,LBen
L26S,0.1014,LBen
L26T,0.1126,LBen
L26V,0.072,LBen
L26W,0.0701,LBen
L26Y,0.1521,LBen
R27A,0.2838,LBen
R27C,0.2742,LBen
R27D,0.6293,LPath
R27E,0.3366,LBen
R27F,0.5222,Amb
R27G,0.1299,LBen
R27H,0.2256,LBen
R27I,0.3683,Amb
R27K,0.1181,LBen
R27L,0.2171,LBen
R27M,0.4044,Amb
R27N,0.633,LPath
R27P,0.1955,LBen
R27Q,0.1287,LBen
R27S,0.4532,Amb
R27T,0.3292,LBen
R27V,0.3414,Amb
R27W,0.1884,LBen
R27Y,0.4852,Amb
K28A,0.2236,LBen
K28C,0.5256,Amb
K28D,0.5043,Amb
K28E,0.1972,LBen
K28F,0.5889,LPath
K28G,0.1743,LBen
K28H,0.2768,LBen
K28I,0.3411,Amb
K28L,0.2587,LBen
K28M,0.2733,LBen
K28N,0.39,Amb
K28P,0.2227,LBen
K28Q,0.1167,LBen
K28R,0.0645,LBen
K28S,0.3038,LBen
K28T,0.1935,LBen
K28V,0.2887,LBen
K28W,0.4724,Amb
K28Y,0.4848,Amb
R29A,0.199,LBen
R29C,0.2109,LBen
R29D,0.3618,Amb
R29E,0.2372,LBen
R29F,0.3862,Amb
R29G,0.0994,LBen
R29H,0.1486,LBen
R29I,0.2349,LBen
R29K,0.1082,LBen
R29L,0.1651,LBen
R29M,0.3017,LBen
R29N,0.3725,Amb
R29P,0.1427,LBen
R29Q,0.114,LBen
R29S,0.2872,LBen
R29T,0.1983,LBen
R29V,0.2315,LBen
R29W,0.169,LBen
R29Y,0.3051,LBen
R30A,0.1374,LBen
R30C,0.2001,LBen
R30D,0.295,LBen
R30E,0.1827,LBen
R30F,0.3277,LBen
R30G,0.0827,LBen
R30H,0.129,LBen
R30I,0.2341,LBen
R30K,0.1001,LBen
R30L,0.1442,LBen
R30M,0.2771,LBen
R30N,0.3206,LBen
R30P,0.109,LBen
R30Q,0.0974,LBen
R30S,0.2117,LBen
R30T,0.1474,LBen
R30V,0.2088,LBen
R30W,0.1433,LBen
R30Y,0.299,LBen
G31A,0.0662,LBen
G31C,0.1213,LBen
G31D,0.0952,LBen
G31E,0.0979,LBen
G31F,0.2158,LBen
G31H,0.158,LBen
G31I,0.141,LBen
G31K,0.1875,LBen
G31L,0.1515,LBen
G31M,0.2299,LBen
G31N,0.1457,LBen
G31P,0.1556,LBen
G31Q,0.1588,LBen
G31R,0.1346,LBen
G31S,0.0851,LBen
G31T,0.0826,LBen
G31V,0.0861,LBen
G31W,0.1546,LBen
G31Y,0.1771,LBen
A32C,0.2234,LBen
A32D,0.114,LBen
A32E,0.1139,LBen
A32F,0.1446,LBen
A32G,0.0631,LBen
A32H,0.1788,LBen
A32I,0.1534,LBen
A32K,0.1701,LBen
A32L,0.1068,LBen
A32M,0.17,LBen
A32N,0.1473,LBen
A32P,0.0794,LBen
A32Q,0.1401,LBen
A32R,0.123,LBen
A32S,0.0835,LBen
A32T,0.0771,LBen
A32V,0.0911,LBen
A32W,0.2368,LBen
A32Y,0.2078,LBen
A33C,0.2414,LBen
A33D,0.1177,LBen
A33E,0.1252,LBen
A33F,0.155,LBen
A33G,0.0731,LBen
A33H,0.2068,LBen
A33I,0.1461,LBen
A33K,0.1941,LBen
A33L,0.1099,LBen
A33M,0.1873,LBen
A33N,0.1519,LBen
A33P,0.0763,LBen
A33Q,0.1596,LBen
A33R,0.139,LBen
A33S,0.0807,LBen
A33T,0.0803,LBen
A33V,0.0842,LBen
A33W,0.2963,LBen
A33Y,0.2322,LBen
S34A,0.0641,LBen
S34C,0.0902,LBen
S34D,0.1857,LBen
S34E,0.2022,LBen
S34F,0.1101,LBen
S34G,0.0697,LBen
S34H,0.1728,LBen
S34I,0.132,LBen
S34K,0.3056,LBen
S34L,0.1,LBen
S34M,0.2072,LBen
S34N,0.1308,LBen
S34P,0.0635,LBen
S34Q,0.2187,LBen
S34R,0.2076,LBen
S34T,0.0813,LBen
S34V,0.1157,LBen
S34W,0.1325,LBen
S34Y,0.125,LBen
Q35A,0.0773,LBen
Q35C,0.3122,LBen
Q35D,0.1336,LBen
Q35E,0.0646,LBen
Q35F,0.3302,LBen
Q35G,0.0872,LBen
Q35H,0.1105,LBen
Q35I,0.2156,LBen
Q35K,0.0761,LBen
Q35L,0.0893,LBen
Q35M,0.2292,LBen
Q35N,0.162,LBen
Q35P,0.0535,LBen
Q35R,0.0641,LBen
Q35S,0.0959,LBen
Q35T,0.0968,LBen
Q35V,0.1234,LBen
Q35W,0.1935,LBen
Q35Y,0.2284,LBen
A36C,0.2104,LBen
A36D,0.0922,LBen
A36E,0.0907,LBen
A36F,0.1561,LBen
A36G,0.0675,LBen
A36H,0.167,LBen
A36I,0.1423,LBen
A36K,0.1523,LBen
A36L,0.105,LBen
A36M,0.1595,LBen
A36N,0.1209,LBen
A36P,0.0757,LBen
A36Q,0.1235,LBen
A36R,0.1242,LBen
A36S,0.0729,LBen
A36T,0.0712,LBen
A36V,0.0842,LBen
A36W,0.2483,LBen
A36Y,0.1877,LBen
R37A,0.0858,LBen
R37C,0.1194,LBen
R37D,0.139,LBen
R37E,0.1048,LBen
R37F,0.2038,LBen
R37G,0.0637,LBen
R37H,0.0917,LBen
R37I,0.1613,LBen
R37K,0.0998,LBen
R37L,0.0989,LBen
R37M,0.1927,LBen
R37N,0.1912,LBen
R37P,0.0841,LBen
R37Q,0.0785,LBen
R37S,0.1195,LBen
R37T,0.0997,LBen
R37V,0.1415,LBen
R37W,0.1009,LBen
R37Y,0.184,LBen
G38A,0.0686,LBen
G38C,0.0782,LBen
G38D,0.0604,LBen
G38E,0.0766,LBen
G38F,0.1618,LBen
G38H,0.1087,LBen
G38I,0.1026,LBen
G38K,0.1604,LBen
G38L,0.1207,LBen
G38M,0.194,LBen
G38N,0.1035,LBen
G38P,0.1377,LBen
G38Q,0.119,LBen
G38R,0.1086,LBen
G38S,0.0674,LBen
G38T,0.08,LBen
G38V,0.0741,LBen
G38W,0.1348,LBen
G38Y,0.1131,LBen
S39A,0.069,LBen
S39C,0.0889,LBen
S39D,0.1619,LBen
S39E,0.2068,LBen
S39F,0.1268,LBen
S39G,0.0657,LBen
S39H,0.2336,LBen
S39I,0.1355,LBen
S39K,0.3859,Amb
S39L,0.0942,LBen
S39M,0.1868,LBen
S39N,0.1269,LBen
S39P,0.0905,LBen
S39Q,0.3014,LBen
S39R,0.2899,LBen
S39T,0.0781,LBen
S39V,0.1265,LBen
S39W,0.1475,LBen
S39Y,0.1302,LBen
D40A,0.114,LBen
D40C,0.3363,LBen
D40E,0.1255,LBen
D40F,0.3142,LBen
D40G,0.1099,LBen
D40H,0.1839,LBen
D40I,0.2277,LBen
D40K,0.3106,LBen
D40L,0.2361,LBen
D40M,0.472,Amb
D40N,0.1108,LBen
D40P,0.305,LBen
D40Q,0.2324,LBen
D40R,0.2365,LBen
D40S,0.1019,LBen
D40T,0.173,LBen
D40V,0.1381,LBen
D40W,0.6098,LPath
D40Y,0.1456,LBen
S41A,0.0826,LBen
S41C,0.141,LBen
S41D,0.2459,LBen
S41E,0.2825,LBen
S41F,0.2202,LBen
S41G,0.0953,LBen
S41H,0.3993,Amb
S41I,0.2589,LBen
S41K,0.6056,LPath
S41L,0.1326,LBen
S41M,0.2571,LBen
S41N,0.2433,LBen
S41P,0.1441,LBen
S41Q,0.4814,Amb
S41R,0.5198,Amb
S41T,0.0951,LBen
S41V,0.2009,LBen
S41W,0.2416,LBen
S41Y,0.2065,LBen
E42A,0.1066,LBen
E42C,0.5446,Amb
E42D,0.0742,LBen
E42F,0.5112,Amb
E42G,0.0896,LBen
E42H,0.2427,LBen
E42I,0.3224,LBen
E42K,0.1281,LBen
E42L,0.2352,LBen
E42M,0.3665,Amb
E42N,0.1733,LBen
E42P,0.213,LBen
E42Q,0.1032,LBen
E42R,0.1408,LBen
E42S,0.1189,LBen
E42T,0.1519,LBen
E42V,0.1772,LBen
E42W,0.5722,LPath
E42Y,0.3751,Amb
D43A,0.0988,LBen
D43C,0.3668,Amb
D43E,0.1106,LBen
D43F,0.3423,Amb
D43G,0.0808,LBen
D43H,0.2157,LBen
D43I,0.2343,LBen
D43K,0.2832,LBen
D43L,0.2464,LBen
D43M,0.4209,Amb
D43N,0.1066,LBen
D43P,0.3434,Amb
D43Q,0.2409,LBen
D43R,0.2361,LBen
D43S,0.1092,LBen
D43T,0.1507,LBen
D43V,0.1355,LBen
D43W,0.5709,LPath
D43Y,0.1401,LBen
G44A,0.114,LBen
G44C,0.1958,LBen
G44D,0.147,LBen
G44E,0.133,LBen
G44F,0.4619,Amb
G44H,0.3279,LBen
G44I,0.263,LBen
G44K,0.3148,LBen
G44L,0.3214,LBen
G44M,0.3797,Amb
G44N,0.2681,LBen
G44P,0.5099,Amb
G44Q,0.2513,LBen
G44R,0.198,LBen
G44S,0.1055,LBen
G44T,0.143,LBen
G44V,0.1646,LBen
G44W,0.2446,LBen
G44Y,0.3451,Amb
E45A,0.1445,LBen
E45C,0.6768,LPath
E45D,0.1067,LBen
E45F,0.5755,LPath
E45G,0.1473,LBen
E45H,0.3702,Amb
E45I,0.3389,LBen
E45K,0.2146,LBen
E45L,0.3333,LBen
E45M,0.4184,Amb
E45N,0.2495,LBen
E45P,0.3533,Amb
E45Q,0.1566,LBen
E45R,0.2351,LBen
E45S,0.1877,LBen
E45T,0.2264,LBen
E45V,0.2183,LBen
E45W,0.7383,LPath
E45Y,0.4418,Amb
F46A,0.4334,Amb
F46C,0.5402,Amb
F46D,0.4178,Amb
F46E,0.4241,Amb
F46G,0.5262,Amb
F46H,0.7226,LPath
F46I,0.3084,LBen
F46K,0.7595,LPath
F46L,0.881,LPath
F46M,0.519,Amb
F46N,0.5297,Amb
F46P,0.8811,LPath
F46Q,0.6818,LPath
F46R,0.6484,LPath
F46S,0.4375,Amb
F46T,0.4588,Amb
F46V,0.3058,LBen
F46W,0.3302,LBen
F46Y,0.1821,LBen
E47A,0.1625,LBen
E47C,0.7135,LPath
E47D,0.1585,LBen
E47F,0.6812,LPath
E47G,0.1696,LBen
E47H,0.3924,Amb
E47I,0.3924,Amb
E47K,0.2145,LBen
E47L,0.3708,Amb
E47M,0.4771,Amb
E47N,0.3428,Amb
E47P,0.4727,Amb
E47Q,0.1274,LBen
E47R,0.2354,LBen
E47S,0.2314,LBen
E47T,0.2513,LBen
E47V,0.2315,LBen
E47W,0.8152,LPath
E47Y,0.5496,Amb
I48A,0.2937,LBen
I48C,0.5221,Amb
I48D,0.3706,Amb
I48E,0.3164,LBen
I48F,0.1156,LBen
I48G,0.3663,Amb
I48H,0.3869,Amb
I48K,0.343,Amb
I48L,0.0961,LBen
I48M,0.0954,LBen
I48N,0.1761,LBen
I48P,0.3854,Amb
I48Q,0.3243,LBen
I48R,0.2522,LBen
I48S,0.2262,LBen
I48T,0.304,LBen
I48V,0.1074,LBen
I48W,0.4655,Amb
I48Y,0.2997,LBen
Q49A,0.0994,LBen
Q49C,0.3647,Amb
Q49D,0.1786,LBen
Q49E,0.0672,LBen
Q49F,0.4176,Amb
Q49G,0.1235,LBen
Q49H,0.1378,LBen
Q49I,0.2434,LBen
Q49K,0.0863,LBen
Q49L,0.0947,LBen
Q49M,0.2662,LBen
Q49N,0.2172,LBen
Q49P,0.0681,LBen
Q49R,0.0718,LBen
Q49S,0.1432,LBen
Q49T,0.1202,LBen
Q49V,0.1553,LBen
Q49W,0.2508,LBen
Q49Y,0.2698,LBen
A50C,0.3985,Amb
A50D,0.1361,LBen
A50E,0.1159,LBen
A50F,0.2783,LBen
A50G,0.0926,LBen
A50H,0.2942,LBen
A50I,0.22,LBen
A50K,0.2381,LBen
A50L,0.1442,LBen
A50M,0.1966,LBen
A50N,0.1851,LBen
A50P,0.0908,LBen
A50Q,0.1826,LBen
A50R,0.1995,LBen
A50S,0.0927,LBen
A50T,0.0855,LBen
A50V,0.1034,LBen
A50W,0.4488,Amb
A50Y,0.3442,Amb
E51A,0.0985,LBen
E51C,0.6403,LPath
E51D,0.098,LBen
E51F,0.5715,LPath
E51G,0.0831,LBen
E51H,0.3001,LBen
E51I,0.3215,LBen
E51K,0.1023,LBen
E51L,0.2677,LBen
E51M,0.3655,Amb
E51N,0.2119,LBen
E51P,0.2689,LBen
E51Q,0.1108,LBen
E51R,0.1446,LBen
E51S,0.1443,LBen
E51T,0.1566,LBen
E51V,0.1721,LBen
E51W,0.672,LPath
E51Y,0.4535,Amb
D52A,0.092,LBen
D52C,0.3239,LBen
D52E,0.0873,LBen
D52F,0.3107,LBen
D52G,0.0657,LBen
D52H,0.1695,LBen
D52I,0.1946,LBen
D52K,0.1848,LBen
D52L,0.2205,LBen
D52M,0.3549,Amb
D52N,0.0882,LBen
D52P,0.2734,LBen
D52Q,0.1872,LBen
D52R,0.1784,LBen
D52S,0.0968,LBen
D52T,0.1308,LBen
D52V,0.1176,LBen
D52W,0.5287,Amb
D52Y,0.1224,LBen
D53A,0.0848,LBen
D53C,0.2863,LBen
D53E,0.0932,LBen
D53F,0.2734,LBen
D53G,0.079,LBen
D53H,0.1283,LBen
D53I,0.1762,LBen
D53K,0.1772,LBen
D53L,0.1869,LBen
D53M,0.3419,Amb
D53N,0.0848,LBen
D53P,0.2462,LBen
D53Q,0.1697,LBen
D53R,0.1524,LBen
D53S,0.0861,LBen
D53T,0.1175,LBen
D53V,0.1148,LBen
D53W,0.5484,Amb
D53Y,0.1232,LBen
A54C,0.2052,LBen
A54D,0.0876,LBen
A54E,0.0954,LBen
A54F,0.1388,LBen
A54G,0.076,LBen
A54H,0.1542,LBen
A54I,0.116,LBen
A54K,0.1369,LBen
A54L,0.0944,LBen
A54M,0.1323,LBen
A54N,0.1092,LBen
A54P,0.0797,LBen
A54Q,0.1268,LBen
A54R,0.1097,LBen
A54S,0.0745,LBen
A54T,0.0641,LBen
A54V,0.0825,LBen
A54W,0.2597,LBen
A54Y,0.175,LBen
R55A,0.1043,LBen
R55C,0.1496,LBen
R55D,0.2069,LBen
R55E,0.1205,LBen
R55F,0.279,LBen
R55G,0.0711,LBen
R55H,0.1083,LBen
R55I,0.1534,LBen
R55K,0.0865,LBen
R55L,0.1106,LBen
R55M,0.1618,LBen
R55N,0.2544,LBen
R55P,0.1146,LBen
R55Q,0.0792,LBen
R55S,0.1722,LBen
R55T,0.1022,LBen
R55V,0.1471,LBen
R55W,0.1199,LBen
R55Y,0.252,LBen
A56C,0.2257,LBen
A56D,0.0982,LBen
A56E,0.0937,LBen
A56F,0.1557,LBen
A56G,0.074,LBen
A56H,0.1754,LBen
A56I,0.139,LBen
A56K,0.1573,LBen
A56L,0.102,LBen
A56M,0.1568,LBen
A56N,0.126,LBen
A56P,0.077,LBen
A56Q,0.1281,LBen
A56R,0.1305,LBen
A56S,0.0761,LBen
A56T,0.0715,LBen
A56V,0.0839,LBen
A56W,0.2838,LBen
A56Y,0.1971,LBen
R57A,0.1113,LBen
R57C,0.1017,LBen
R57D,0.1935,LBen
R57E,0.1005,LBen
R57F,0.2313,LBen
R57G,0.0681,LBen
R57H,0.091,LBen
R57I,0.1672,LBen
R57K,0.082,LBen
R57L,0.1004,LBen
R57M,0.1803,LBen
R57N,0.1983,LBen
R57P,0.1007,LBen
R57Q,0.0597,LBen
R57S,0.1431,LBen
R57T,0.1147,LBen
R57V,0.1514,LBen
R57W,0.0866,LBen
R57Y,0.1741,LBen
K58A,0.1468,LBen
K58C,0.424,Amb
K58D,0.2174,LBen
K58E,0.1014,LBen
K58F,0.4163,Amb
K58G,0.1522,LBen
K58H,0.1941,LBen
K58I,0.2048,LBen
K58L,0.1666,LBen
K58M,0.1785,LBen
K58N,0.207,LBen
K58P,0.1578,LBen
K58Q,0.0961,LBen
K58R,0.0766,LBen
K58S,0.1888,LBen
K58T,0.1146,LBen
K58V,0.1745,LBen
K58W,0.519,Amb
K58Y,0.3683,Amb
L59A,0.055,LBen
L59C,0.158,LBen
L59D,0.1267,LBen
L59E,0.0839,LBen
L59F,0.0756,LBen
L59G,0.0952,LBen
L59H,0.0713,LBen
L59I,0.0784,LBen
L59K,0.0812,LBen
L59M,0.082,LBen
L59N,0.0997,LBen
L59P,0.044,LBen
L59Q,0.0552,LBen
L59R,0.0529,LBen
L59S,0.0632,LBen
L59T,0.0594,LBen
L59V,0.0642,LBen
L59W,0.0794,LBen
L59Y,0.1254,LBen
G60A,0.075,LBen
G60C,0.1078,LBen
G60D,0.0917,LBen
G60E,0.0873,LBen
G60F,0.1905,LBen
G60H,0.1479,LBen
G60I,0.1062,LBen
G60K,0.1689,LBen
G60L,0.1289,LBen
G60M,0.207,LBen
G60N,0.1523,LBen
G60P,0.1697,LBen
G60Q,0.1369,LBen
G60R,0.1274,LBen
G60S,0.0822,LBen
G60T,0.088,LBen
G60V,0.0777,LBen
G60W,0.1655,LBen
G60Y,0.1591,LBen
P61A,0.0597,LBen
P61C,0.1676,LBen
P61D,0.1453,LBen
P61E,0.1095,LBen
P61F,0.1561,LBen
P61G,0.1144,LBen
P61H,0.0852,LBen
P61I,0.1388,LBen
P61K,0.1232,LBen
P61L,0.0752,LBen
P61M,0.1636,LBen
P61N,0.1471,LBen
P61Q,0.079,LBen
P61R,0.0691,LBen
P61S,0.0726,LBen
P61T,0.0691,LBen
P61V,0.1038,LBen
P61W,0.181,LBen
P61Y,0.1706,LBen
G62A,0.072,LBen
G62C,0.0928,LBen
G62D,0.0925,LBen
G62E,0.0925,LBen
G62F,0.2022,LBen
G62H,0.1388,LBen
G62I,0.1157,LBen
G62K,0.1448,LBen
G62L,0.148,LBen
G62M,0.208,LBen
G62N,0.1325,LBen
G62P,0.1874,LBen
G62Q,0.1239,LBen
G62R,0.1049,LBen
G62S,0.0729,LBen
G62T,0.0833,LBen
G62V,0.0807,LBen
G62W,0.1611,LBen
G62Y,0.1591,LBen
R63A,0.1157,LBen
R63C,0.1083,LBen
R63D,0.213,LBen
R63E,0.1177,LBen
R63F,0.1915,LBen
R63G,0.0804,LBen
R63H,0.0861,LBen
R63I,0.1098,LBen
R63K,0.0643,LBen
R63L,0.0928,LBen
R63M,0.1212,LBen
R63N,0.1916,LBen
R63P,0.1302,LBen
R63Q,0.0686,LBen
R63S,0.1383,LBen
R63T,0.0982,LBen
R63V,0.1204,LBen
R63W,0.1061,LBen
R63Y,0.1674,LBen
P64A,0.0548,LBen
P64C,0.1647,LBen
P64D,0.1569,LBen
P64E,0.1195,LBen
P64F,0.1709,LBen
P64G,0.119,LBen
P64H,0.0837,LBen
P64I,0.127,LBen
P64K,0.1164,LBen
P64L,0.0766,LBen
P64M,0.1655,LBen
P64N,0.1355,LBen
P64Q,0.0787,LBen
P64R,0.0755,LBen
P64S,0.0697,LBen
P64T,0.0684,LBen
P64V,0.0928,LBen
P64W,0.2361,LBen
P64Y,0.1595,LBen
L65A,0.1655,LBen
L65C,0.3488,Amb
L65D,0.535,Amb
L65E,0.2545,LBen
L65F,0.0984,LBen
L65G,0.3087,LBen
L65H,0.1828,LBen
L65I,0.1064,LBen
L65K,0.232,LBen
L65M,0.1319,LBen
L65N,0.3801,Amb
L65P,0.1184,LBen
L65Q,0.1314,LBen
L65R,0.1316,LBen
L65S,0.1796,LBen
L65T,0.2114,LBen
L65V,0.0906,LBen
L65W,0.1559,LBen
L65Y,0.2558,LBen
P66A,0.0805,LBen
P66C,0.2878,LBen
P66D,0.3199,LBen
P66E,0.1852,LBen
P66F,0.2859,LBen
P66G,0.2228,LBen
P66H,0.1394,LBen
P66I,0.2211,LBen
P66K,0.2226,LBen
P66L,0.0912,LBen
P66M,0.2327,LBen
P66N,0.2939,LBen
P66Q,0.1182,LBen
P66R,0.122,LBen
P66S,0.1151,LBen
P66T,0.1084,LBen
P66V,0.1445,LBen
P66W,0.325,LBen
P66Y,0.2758,LBen
T67A,0.0527,LBen
T67C,0.1717,LBen
T67D,0.1419,LBen
T67E,0.1549,LBen
T67F,0.1253,LBen
T67G,0.093,LBen
T67H,0.1293,LBen
T67I,0.0997,LBen
T67K,0.1442,LBen
T67L,0.0767,LBen
T67M,0.094,LBen
T67N,0.0851,LBen
T67P,0.0645,LBen
T67Q,0.1435,LBen
T67R,0.107,LBen
T67S,0.0668,LBen
T67V,0.0771,LBen
T67W,0.2927,LBen
T67Y,0.146,LBen
F68A,0.644,LPath
F68C,0.531,Amb
F68D,0.8398,LPath
F68E,0.8492,LPath
F68G,0.7906,LPath
F68H,0.7625,LPath
F68I,0.3414,Amb
F68K,0.8961,LPath
F68L,0.8613,LPath
F68M,0.6569,LPath
F68N,0.7843,LPath
F68P,0.8596,LPath
F68Q,0.8349,LPath
F68R,0.7977,LPath
F68S,0.5499,Amb
F68T,0.7262,LPath
F68V,0.3409,Amb
F68W,0.5381,Amb
F68Y,0.2784,LBen
P69A,0.1199,LBen
P69C,0.44,Amb
P69D,0.5249,Amb
P69E,0.3502,Amb
P69F,0.4762,Amb
P69G,0.3649,Amb
P69H,0.228,LBen
P69I,0.415,Amb
P69K,0.4224,Amb
P69L,0.1622,LBen
P69M,0.4445,Amb
P69N,0.509,Amb
P69Q,0.2129,LBen
P69R,0.1946,LBen
P69S,0.1582,LBen
P69T,0.1642,LBen
P69V,0.2781,LBen
P69W,0.5706,LPath
P69Y,0.4805,Amb
T70A,0.0507,LBen
T70C,0.2114,LBen
T70D,0.142,LBen
T70E,0.1453,LBen
T70F,0.1372,LBen
T70G,0.1001,LBen
T70H,0.14,LBen
T70I,0.1128,LBen
T70K,0.1362,LBen
T70L,0.0753,LBen
T70M,0.0926,LBen
T70N,0.0929,LBen
T70P,0.0615,LBen
T70Q,0.1405,LBen
T70R,0.1088,LBen
T70S,0.07,LBen
T70V,0.0874,LBen
T70W,0.3207,LBen
T70Y,0.1587,LBen
S71A,0.0571,LBen
S71C,0.1046,LBen
S71D,0.2122,LBen
S71E,0.2278,LBen
S71F,0.1507,LBen
S71G,0.089,LBen
S71H,0.2377,LBen
S71I,0.1557,LBen
S71K,0.3993,Amb
S71L,0.0807,LBen
S71M,0.162,LBen
S71N,0.1642,LBen
S71P,0.0683,LBen
S71Q,0.2659,LBen
S71R,0.3286,LBen
S71T,0.0762,LBen
S71V,0.1151,LBen
S71W,0.1655,LBen
S71Y,0.1532,LBen
E72A,0.1046,LBen
E72C,0.5653,LPath
E72D,0.064,LBen
E72F,0.5036,Amb
E72G,0.096,LBen
E72H,0.259,LBen
E72I,0.2819,LBen
E72K,0.1426,LBen
E72L,0.2594,LBen
E72M,0.3895,Amb
E72N,0.1609,LBen
E72P,0.2114,LBen
E72Q,0.1203,LBen
E72R,0.1816,LBen
E72S,0.1222,LBen
E72T,0.1537,LBen
E72V,0.1643,LBen
E72W,0.6763,LPath
E72Y,0.3742,Amb
C73A,0.1243,LBen
C73D,0.1132,LBen
C73E,0.2228,LBen
C73F,0.081,LBen
C73G,0.0592,LBen
C73H,0.1708,LBen
C73I,0.1991,LBen
C73K,0.3446,Amb
C73L,0.2131,LBen
C73M,0.2795,LBen
C73N,0.1225,LBen
C73P,0.2641,LBen
C73Q,0.2203,LBen
C73R,0.1725,LBen
C73S,0.0942,LBen
C73T,0.1615,LBen
C73V,0.1653,LBen
C73W,0.1577,LBen
C73Y,0.0718,LBen
T74A,0.058,LBen
T74C,0.1953,LBen
T74D,0.1253,LBen
T74E,0.1266,LBen
T74F,0.1306,LBen
T74G,0.1015,LBen
T74H,0.128,LBen
T74I,0.0904,LBen
T74K,0.1384,LBen
T74L,0.0708,LBen
T74M,0.084,LBen
T74N,0.0875,LBen
T74P,0.0566,LBen
T74Q,0.1276,LBen
T74R,0.1047,LBen
T74S,0.0762,LBen
T74V,0.0824,LBen
T74W,0.2619,LBen
T74Y,0.1593,LBen
S75A,0.0814,LBen
S75C,0.1807,LBen
S75D,0.3504,Amb
S75E,0.4541,Amb
S75F,0.3335,LBen
S75G,0.1036,LBen
S75H,0.5737,LPath
S75I,0.4022,Amb
S75K,0.8205,LPath
S75L,0.1506,LBen
S75M,0.3143,LBen
S75N,0.3512,Amb
S75P,0.1481,LBen
S75Q,0.6445,LPath
S75R,0.7517,LPath
S75T,0.1077,LBen
S75V,0.2692,LBen
S75W,0.3467,Amb
S75Y,0.3374,LBen
D76A,0.2431,LBen
D76C,0.6796,LPath
D76E,0.2134,LBen
D76F,0.6755,LPath
D76G,0.2552,LBen
D76H,0.4445,Amb
D76I,0.5401,Amb
D76K,0.6432,LPath
D76L,0.5069,Amb
D76M,0.7216,LPath
D76N,0.1895,LBen
D76P,0.6649,LPath
D76Q,0.5248,Amb
D76R,0.57,LPath
D76S,0.2103,LBen
D76T,0.368,Amb
D76V,0.3117,LBen
D76W,0.8863,LPath
D76Y,0.3439,Amb
V77A,0.1064,LBen
V77C,0.6472,LPath
V77D,0.2054,LBen
V77E,0.1711,LBen
V77F,0.1559,LBen
V77G,0.1542,LBen
V77H,0.4869,Amb
V77I,0.0817,LBen
V77K,0.3066,LBen
V77L,0.1586,LBen
V77M,0.1067,LBen
V77N,0.2638,LBen
V77P,0.386,Amb
V77Q,0.2669,LBen
V77R,0.2439,LBen
V77S,0.1746,LBen
V77T,0.1243,LBen
V77W,0.5994,LPath
V77Y,0.4876,Amb
E78A,0.2243,LBen
E78C,0.8469,LPath
E78D,0.2809,LBen
E78F,0.7782,LPath
E78G,0.3042,LBen
E78H,0.6637,LPath
E78I,0.4291,Amb
E78K,0.362,Amb
E78L,0.3953,Amb
E78M,0.5159,Amb
E78N,0.5859,LPath
E78P,0.5447,Amb
E78Q,0.2219,LBen
E78R,0.4789,Amb
E78S,0.363,Amb
E78T,0.3623,Amb
E78V,0.2522,LBen
E78W,0.9259,LPath
E78Y,0.7106,LPath
P79A,0.0843,LBen
P79C,0.3924,Amb
P79D,0.3367,LBen
P79E,0.1585,LBen
P79F,0.3372,LBen
P79G,0.2575,LBen
P79H,0.207,LBen
P79I,0.172,LBen
P79K,0.2335,LBen
P79L,0.068,LBen
P79M,0.1648,LBen
P79N,0.3362,LBen
P79Q,0.1421,LBen
P79R,0.1632,LBen
P79S,0.169,LBen
P79T,0.1114,LBen
P79V,0.119,LBen
P79W,0.3412,Amb
P79Y,0.3542,Amb
D80A,0.2754,LBen
D80C,0.6686,LPath
D80E,0.3142,LBen
D80F,0.7377,LPath
D80G,0.3096,LBen
D80H,0.4789,Amb
D80I,0.5471,Amb
D80K,0.6571,LPath
D80L,0.5494,Amb
D80M,0.7531,LPath
D80N,0.1184,LBen
D80P,0.7485,LPath
D80Q,0.5368,Amb
D80R,0.6088,LPath
D80S,0.1885,LBen
D80T,0.4566,Amb
D80V,0.3096,LBen
D80W,0.9237,LPath
D80Y,0.3442,Amb
T81A,0.1812,LBen
T81C,0.7212,LPath
T81D,0.7474,LPath
T81E,0.6298,LPath
T81F,0.4586,Amb
T81G,0.4836,Amb
T81H,0.6312,LPath
T81I,0.2705,LBen
T81K,0.6156,LPath
T81L,0.1773,LBen
T81M,0.143,LBen
T81N,0.4423,Amb
T81P,0.2893,LBen
T81Q,0.5836,LPath
T81R,0.5256,Amb
T81S,0.2841,LBen
T81V,0.2068,LBen
T81W,0.7789,LPath
T81Y,0.5925,LPath
R82A,0.2281,LBen
R82C,0.1773,LBen
R82D,0.5727,LPath
R82E,0.1968,LBen
R82F,0.5499,Amb
R82G,0.1656,LBen
R82H,0.1419,LBen
R82I,0.3591,Amb
R82K,0.115,LBen
R82L,0.1986,LBen
R82M,0.292,LBen
R82N,0.5495,Amb
R82P,0.5406,Amb
R82Q,0.0722,LBen
R82S,0.3539,Amb
R82T,0.209,LBen
R82V,0.3044,LBen
R82W,0.1269,LBen
R82Y,0.3846,Amb
E83A,0.0985,LBen
E83C,0.7375,LPath
E83D,0.1257,LBen
E83F,0.6572,LPath
E83G,0.147,LBen
E83H,0.3523,Amb
E83I,0.3197,LBen
E83K,0.1346,LBen
E83L,0.2308,LBen
E83M,0.3217,LBen
E83N,0.2297,LBen
E83P,0.6659,LPath
E83Q,0.0982,LBen
E83R,0.2002,LBen
E83S,0.1775,LBen
E83T,0.1929,LBen
E83V,0.1714,LBen
E83W,0.7857,LPath
E83Y,0.4971,Amb
M84A,0.5685,LPath
M84C,0.8996,LPath
M84D,0.9106,LPath
M84E,0.7275,LPath
M84F,0.526,Amb
M84G,0.8446,LPath
M84H,0.7718,LPath
M84I,0.4791,Amb
M84K,0.3963,Amb
M84L,0.0927,LBen
M84N,0.7861,LPath
M84P,0.9517,LPath
M84Q,0.5098,Amb
M84R,0.4494,Amb
M84S,0.7638,LPath
M84T,0.5346,Amb
M84V,0.2097,LBen
M84W,0.6106,LPath
M84Y,0.6846,LPath
V85A,0.644,LPath
V85C,0.921,LPath
V85D,0.9151,LPath
V85E,0.7683,LPath
V85F,0.5179,Amb
V85G,0.6253,LPath
V85H,0.9324,LPath
V85I,0.1055,LBen
V85K,0.8225,LPath
V85L,0.39,Amb
V85M,0.3726,Amb
V85N,0.7928,LPath
V85P,0.9497,LPath
V85Q,0.7317,LPath
V85R,0.7504,LPath
V85S,0.7786,LPath
V85T,0.7376,LPath
V85W,0.9441,LPath
V85Y,0.8706,LPath
R86A,0.3004,LBen
R86C,0.1736,LBen
R86D,0.7471,LPath
R86E,0.3301,LBen
R86F,0.5286,Amb
R86G,0.2914,LBen
R86H,0.1349,LBen
R86I,0.2911,LBen
R86K,0.1139,LBen
R86L,0.1973,LBen
R86M,0.2569,LBen
R86N,0.6623,LPath
R86P,0.8732,LPath
R86Q,0.0954,LBen
R86S,0.5018,Amb
R86T,0.2503,LBen
R86V,0.3248,LBen
R86W,0.17,LBen
R86Y,0.4321,Amb
A87C,0.4013,Amb
A87D,0.24,LBen
A87E,0.1502,LBen
A87F,0.2555,LBen
A87G,0.1652,LBen
A87H,0.3465,Amb
A87I,0.1793,LBen
A87K,0.305,LBen
A87L,0.1238,LBen
A87M,0.1501,LBen
A87N,0.2042,LBen
A87P,0.8362,LPath
A87Q,0.1752,LBen
A87R,0.2553,LBen
A87S,0.0999,LBen
A87T,0.0905,LBen
A87V,0.1011,LBen
A87W,0.5886,LPath
A87Y,0.3711,Amb
Q88A,0.2424,LBen
Q88C,0.7339,LPath
Q88D,0.8168,LPath
Q88E,0.173,LBen
Q88F,0.8312,LPath
Q88G,0.3924,Amb
Q88H,0.4719,Amb
Q88I,0.6159,LPath
Q88K,0.2123,LBen
Q88L,0.2282,LBen
Q88M,0.4346,Amb
Q88N,0.6029,LPath
Q88P,0.6619,LPath
Q88R,0.1728,LBen
Q88S,0.4548,Amb
Q88T,0.4388,Amb
Q88V,0.3837,Amb
Q88W,0.6866,LPath
Q88Y,0.6653,LPath
N89A,0.827,LPath
N89C,0.7447,LPath
N89D,0.8574,LPath
N89E,0.8725,LPath
N89F,0.9463,LPath
N89G,0.7302,LPath
N89H,0.6148,LPath
N89I,0.7303,LPath
N89K,0.8371,LPath
N89L,0.6693,LPath
N89M,0.7426,LPath
N89P,0.9504,LPath
N89Q,0.7601,LPath
N89R,0.8062,LPath
N89S,0.5348,Amb
N89T,0.711,LPath
N89V,0.7111,LPath
N89W,0.9569,LPath
N89Y,0.6219,LPath
K90A,0.4895,Amb
K90C,0.6738,LPath
K90D,0.9066,LPath
K90E,0.3989,Amb
K90F,0.8928,LPath
K90G,0.5272,Amb
K90H,0.4469,Amb
K90I,0.5341,Amb
K90L,0.4418,Amb
K90M,0.3801,Amb
K90N,0.7711,LPath
K90P,0.8369,LPath
K90Q,0.1285,LBen
K90R,0.0673,LBen
K90S,0.6501,LPath
K90T,0.3635,Amb
K90V,0.4561,Amb
K90W,0.7749,LPath
K90Y,0.7834,LPath
K91A,0.7214,LPath
K91C,0.8682,LPath
K91D,0.9215,LPath
K91E,0.7327,LPath
K91F,0.9606,LPath
K91G,0.5989,LPath
K91H,0.614,LPath
K91I,0.8021,LPath
K91L,0.6873,LPath
K91M,0.6206,LPath
K91N,0.758,LPath
K91P,0.8761,LPath
K91Q,0.3295,LBen
K91R,0.1138,LBen
K91S,0.7783,LPath
K91T,0.6027,LPath
K91V,0.7268,LPath
K91W,0.9202,LPath
K91Y,0.8658,LPath
K92A,0.5053,Amb
K92C,0.725,LPath
K92D,0.8204,LPath
K92E,0.4882,Amb
K92F,0.8851,LPath
K92G,0.367,Amb
K92H,0.3607,Amb
K92I,0.7008,LPath
K92L,0.5432,Amb
K92M,0.4128,Amb
K92N,0.5214,Amb
K92P,0.8044,LPath
K92Q,0.1572,LBen
K92R,0.0987,LBen
K92S,0.5506,Amb
K92T,0.3848,Amb
K92V,0.5794,LPath
K92W,0.8308,LPath
K92Y,0.7014,LPath
K93A,0.7373,LPath
K93C,0.8504,LPath
K93D,0.9636,LPath
K93E,0.8295,LPath
K93F,0.9584,LPath
K93G,0.669,LPath
K93H,0.6706,LPath
K93I,0.803,LPath
K93L,0.6911,LPath
K93M,0.6388,LPath
K93N,0.8639,LPath
K93P,0.8661,LPath
K93Q,0.363,Amb
K93R,0.1023,LBen
K93S,0.8356,LPath
K93T,0.6733,LPath
K93V,0.7099,LPath
K93W,0.9133,LPath
K93Y,0.8621,LPath
K94A,0.6747,LPath
K94C,0.842,LPath
K94D,0.9544,LPath
K94E,0.8667,LPath
K94F,0.9533,LPath
K94G,0.6113,LPath
K94H,0.6152,LPath
K94I,0.7994,LPath
K94L,0.7463,LPath
K94M,0.6473,LPath
K94N,0.8335,LPath
K94P,0.8205,LPath
K94Q,0.421,Amb
K94R,0.1212,LBen
K94S,0.7397,LPath
K94T,0.562,Amb
K94V,0.698,LPath
K94W,0.933,LPath
K94Y,0.8569,LPath
S95A,0.2136,LBen
S95C,0.4234,Amb
S95D,0.9841,LPath
S95E,0.983,LPath
S95F,0.8567,LPath
S95G,0.2629,LBen
S95H,0.9317,LPath
S95I,0.8427,LPath
S95K,0.9867,LPath
S95L,0.6656,LPath
S95M,0.7124,LPath
S95N,0.8602,LPath
S95P,0.8372,LPath
S95Q,0.9443,LPath
S95R,0.9778,LPath
S95T,0.4271,Amb
S95V,0.7694,LPath
S95W,0.8111,LPath
S95Y,0.7866,LPath
G96A,0.6773,LPath
G96C,0.8316,LPath
G96D,0.9927,LPath
G96E,0.9927,LPath
G96F,0.9707,LPath
G96H,0.9868,LPath
G96I,0.9412,LPath
G96K,0.9873,LPath
G96L,0.9653,LPath
G96M,0.9697,LPath
G96N,0.9827,LPath
G96P,0.9895,LPath
G96Q,0.9793,LPath
G96R,0.9496,LPath
G96S,0.6516,LPath
G96T,0.876,LPath
G96V,0.8874,LPath
G96W,0.9291,LPath
G96Y,0.9729,LPath
G97A,0.6735,LPath
G97C,0.806,LPath
G97D,0.9901,LPath
G97E,0.9916,LPath
G97F,0.9721,LPath
G97H,0.987,LPath
G97I,0.9076,LPath
G97K,0.9924,LPath
G97L,0.9575,LPath
G97M,0.9627,LPath
G97N,0.9634,LPath
G97P,0.9931,LPath
G97Q,0.9843,LPath
G97R,0.9757,LPath
G97S,0.5189,Amb
G97T,0.7218,LPath
G97V,0.8464,LPath
G97W,0.9531,LPath
G97Y,0.9681,LPath
F98A,0.9986,LPath
F98C,0.9936,LPath
F98D,0.9997,LPath
F98E,0.9997,LPath
F98G,0.9992,LPath
F98H,0.9966,LPath
F98I,0.9786,LPath
F98K,0.9997,LPath
F98L,0.9984,LPath
F98M,0.9911,LPath
F98N,0.999,LPath
F98P,0.9997,LPath
F98Q,0.9995,LPath
F98R,0.999,LPath
F98S,0.9979,LPath
F98T,0.9991,LPath
F98V,0.987,LPath
F98W,0.7705,LPath
F98Y,0.7919,LPath
Q99A,0.623,LPath
Q99C,0.9802,LPath
Q99D,0.9946,LPath
Q99E,0.6393,LPath
Q99F,0.9807,LPath
Q99G,0.8582,LPath
Q99H,0.962,LPath
Q99I,0.9285,LPath
Q99K,0.9156,LPath
Q99L,0.7546,LPath
Q99M,0.856,LPath
Q99N,0.9659,LPath
Q99P,0.686,LPath
Q99R,0.8257,LPath
Q99S,0.7165,LPath
Q99T,0.8657,LPath
Q99V,0.8553,LPath
Q99W,0.9881,LPath
Q99Y,0.9795,LPath
S100A,0.1244,LBen
S100C,0.2428,LBen
S100D,0.9796,LPath
S100E,0.9767,LPath
S100F,0.7385,LPath
S100G,0.2425,LBen
S100H,0.9054,LPath
S100I,0.6756,LPath
S100K,0.9935,LPath
S100L,0.3954,Amb
S100M,0.5072,Amb
S100N,0.7379,LPath
S100P,0.9688,LPath
S100Q,0.9329,LPath
S100R,0.9861,LPath
S100T,0.2954,LBen
S100V,0.4876,Amb
S100W,0.8483,LPath
S100Y,0.7564,LPath
M101A,0.8909,LPath
M101C,0.9137,LPath
M101D,0.9981,LPath
M101E,0.9872,LPath
M101F,0.4478,Amb
M101G,0.9766,LPath
M101H,0.9803,LPath
M101I,0.8458,LPath
M101K,0.955,LPath
M101L,0.2304,LBen
M101N,0.985,LPath
M101P,0.9968,LPath
M101Q,0.9252,LPath
M101R,0.9437,LPath
M101S,0.9355,LPath
M101T,0.8596,LPath
M101V,0.3354,LBen
M101W,0.8899,LPath
M101Y,0.9369,LPath
G102A,0.5706,LPath
G102C,0.6442,LPath
G102D,0.8662,LPath
G102E,0.8962,LPath
G102F,0.9628,LPath
G102H,0.939,LPath
G102I,0.9427,LPath
G102K,0.9664,LPath
G102L,0.9211,LPath
G102M,0.9384,LPath
G102N,0.8116,LPath
G102P,0.9957,LPath
G102Q,0.9059,LPath
G102R,0.9293,LPath
G102S,0.5329,Amb
G102T,0.8886,LPath
G102V,0.8729,LPath
G102W,0.9443,LPath
G102Y,0.914,LPath
L103A,0.9609,LPath
L103C,0.8643,LPath
L103D,0.9991,LPath
L103E,0.9971,LPath
L103F,0.1158,LBen
L103G,0.9874,LPath
L103H,0.9805,LPath
L103I,0.2388,LBen
L103K,0.9938,LPath
L103M,0.2821,LBen
L103N,0.9946,LPath
L103P,0.9894,LPath
L103Q,0.9853,LPath
L103R,0.9828,LPath
L103S,0.9919,LPath
L103T,0.9773,LPath
L103V,0.3746,Amb
L103W,0.7523,LPath
L103Y,0.8299,LPath
S104A,0.2162,LBen
S104C,0.154,LBen
S104D,0.7089,LPath
S104E,0.899,LPath
S104F,0.7477,LPath
S104G,0.1127,LBen
S104H,0.7186,LPath
S104I,0.6958,LPath
S104K,0.9699,LPath
S104L,0.4168,Amb
S104M,0.6256,LPath
S104N,0.3651,Amb
S104P,0.6433,LPath
S104Q,0.8707,LPath
S104R,0.9343,LPath
S104T,0.1624,LBen
S104V,0.6221,LPath
S104W,0.7843,LPath
S104Y,0.6999,LPath
Y105A,0.5885,LPath
Y105C,0.2042,LBen
Y105D,0.6847,LPath
Y105E,0.8737,LPath
Y105F,0.0861,LBen
Y105G,0.5474,Amb
Y105H,0.2879,LBen
Y105I,0.6284,LPath
Y105K,0.8474,LPath
Y105L,0.5451,Amb
Y105M,0.6659,LPath
Y105N,0.4041,Amb
Y105P,0.6676,LPath
Y105Q,0.7021,LPath
Y105R,0.7173,LPath
Y105S,0.3372,LBen
Y105T,0.6167,LPath
Y105V,0.4833,Amb
Y105W,0.3562,Amb
P106A,0.0588,LBen
P106C,0.2887,LBen
P106D,0.4532,Amb
P106E,0.2892,LBen
P106F,0.3624,Amb
P106G,0.1841,LBen
P106H,0.1513,LBen
P106I,0.2879,LBen
P106K,0.3758,Amb
P106L,0.0983,LBen
P106M,0.2309,LBen
P106N,0.2336,LBen
P106Q,0.1403,LBen
P106R,0.1926,LBen
P106S,0.0864,LBen
P106T,0.097,LBen
P106V,0.1701,LBen
P106W,0.4312,Amb
P106Y,0.3536,Amb
V107A,0.6273,LPath
V107C,0.911,LPath
V107D,0.9907,LPath
V107E,0.975,LPath
V107F,0.7862,LPath
V107G,0.8123,LPath
V107H,0.9897,LPath
V107I,0.0844,LBen
V107K,0.9883,LPath
V107L,0.2949,LBen
V107M,0.4015,Amb
V107N,0.9303,LPath
V107P,0.9711,LPath
V107Q,0.9683,LPath
V107R,0.9795,LPath
V107S,0.8077,LPath
V107T,0.5595,Amb
V107W,0.9954,LPath
V107Y,0.9815,LPath
F108A,0.9445,LPath
F108C,0.6732,LPath
F108D,0.9967,LPath
F108E,0.9941,LPath
F108G,0.9728,LPath
F108H,0.9197,LPath
F108I,0.7198,LPath
F108K,0.9914,LPath
F108L,0.8973,LPath
F108M,0.7975,LPath
F108N,0.9746,LPath
F108P,0.9991,LPath
F108Q,0.9726,LPath
F108R,0.9682,LPath
F108S,0.9246,LPath
F108T,0.9628,LPath
F108V,0.7046,LPath
F108W,0.6779,LPath
F108Y,0.1651,LBen
K109A,0.6993,LPath
K109C,0.6674,LPath
K109D,0.9514,LPath
K109E,0.6094,LPath
K109F,0.9655,LPath
K109G,0.7443,LPath
K109H,0.4354,Amb
K109I,0.8483,LPath
K109L,0.6488,LPath
K109M,0.5941,LPath
K109N,0.8427,LPath
K109P,0.9734,LPath
K109Q,0.201,LBen
K109R,0.0656,LBen
K109S,0.7575,LPath
K109T,0.6166,LPath
K109V,0.7814,LPath
K109W,0.8282,LPath
K109Y,0.8618,LPath
G110A,0.3392,LBen
G110C,0.8568,LPath
G110D,0.9921,LPath
G110E,0.9878,LPath
G110F,0.9949,LPath
G110H,0.9943,LPath
G110I,0.9843,LPath
G110K,0.9977,LPath
G110L,0.9844,LPath
G110M,0.9849,LPath
G110N,0.9692,LPath
G110P,0.9989,LPath
G110Q,0.9892,LPath
G110R,0.9918,LPath
G110S,0.4811,Amb
G110T,0.9336,LPath
G110V,0.9522,LPath
G110W,0.9899,LPath
G110Y,0.9888,LPath
I111A,0.7937,LPath
I111C,0.8734,LPath
I111D,0.9982,LPath
I111E,0.9951,LPath
I111F,0.8508,LPath
I111G,0.9686,LPath
I111H,0.9943,LPath
I111K,0.9934,LPath
I111L,0.3868,Amb
I111M,0.3947,Amb
I111N,0.9681,LPath
I111P,0.9922,LPath
I111Q,0.9901,LPath
I111R,0.9871,LPath
I111S,0.8848,LPath
I111T,0.6875,LPath
I111V,0.0677,LBen
I111W,0.9954,LPath
I111Y,0.9858,LPath
M112A,0.5198,Amb
M112C,0.763,LPath
M112D,0.9912,LPath
M112E,0.8604,LPath
M112F,0.6094,LPath
M112G,0.7617,LPath
M112H,0.8556,LPath
M112I,0.4738,Amb
M112K,0.5949,LPath
M112L,0.1448,LBen
M112N,0.8353,LPath
M112P,0.9908,LPath
M112Q,0.4058,Amb
M112R,0.5739,LPath
M112S,0.5737,LPath
M112T,0.3102,LBen
M112V,0.1256,LBen
M112W,0.8697,LPath
M112Y,0.8832,LPath
K113A,0.8334,LPath
K113C,0.8298,LPath
K113D,0.9808,LPath
K113E,0.8082,LPath
K113F,0.9725,LPath
K113G,0.8294,LPath
K113H,0.5215,Amb
K113I,0.9036,LPath
K113L,0.7703,LPath
K113M,0.6993,LPath
K113N,0.9254,LPath
K113P,0.9906,LPath
K113Q,0.3182,LBen
K113R,0.0671,LBen
K113S,0.9041,LPath
K113T,0.7983,LPath
K113V,0.8345,LPath
K113W,0.8905,LPath
K113Y,0.8918,LPath
K114A,0.87,LPath
K114C,0.8187,LPath
K114D,0.9914,LPath
K114E,0.8838,LPath
K114F,0.9726,LPath
K114G,0.9168,LPath
K114H,0.7503,LPath
K114I,0.8872,LPath
K114L,0.7047,LPath
K114M,0.5038,Amb
K114N,0.9561,LPath
K114P,0.995,LPath
K114Q,0.4682,Amb
K114R,0.1023,LBen
K114S,0.945,LPath
K114T,0.8257,LPath
K114V,0.829,LPath
K114W,0.947,LPath
K114Y,0.9112,LPath
G115A,0.8416,LPath
G115C,0.8849,LPath
G115D,0.9406,LPath
G115E,0.9683,LPath
G115F,0.99,LPath
G115H,0.9752,LPath
G115I,0.9666,LPath
G115K,0.9717,LPath
G115L,0.9792,LPath
G115M,0.9779,LPath
G115N,0.9197,LPath
G115P,0.9975,LPath
G115Q,0.9608,LPath
G115R,0.9518,LPath
G115S,0.6871,LPath
G115T,0.9285,LPath
G115V,0.947,LPath
G115W,0.9786,LPath
G115Y,0.9709,LPath
Y116A,0.9939,LPath
Y116C,0.8547,LPath
Y116D,0.9912,LPath
Y116E,0.9979,LPath
Y116F,0.2374,LBen
Y116G,0.9779,LPath
Y116H,0.981,LPath
Y116I,0.9804,LPath
Y116K,0.9969,LPath
Y116L,0.9372,LPath
Y116M,0.9742,LPath
Y116N,0.9722,LPath
Y116P,0.9977,LPath
Y116Q,0.996,LPath
Y116R,0.9895,LPath
Y116S,0.9745,LPath
Y116T,0.9952,LPath
Y116V,0.9686,LPath
Y116W,0.7263,LPath
K117A,0.7367,LPath
K117C,0.8388,LPath
K117D,0.9406,LPath
K117E,0.7464,LPath
K117F,0.9683,LPath
K117G,0.8136,LPath
K117H,0.5211,Amb
K117I,0.8394,LPath
K117L,0.7531,LPath
K117M,0.6445,LPath
K117N,0.8242,LPath
K117P,0.9493,LPath
K117Q,0.3224,LBen
K117R,0.0851,LBen
K117S,0.7765,LPath
K117T,0.5146,Amb
K117V,0.7371,LPath
K117W,0.9171,LPath
K117Y,0.8858,LPath
V118A,0.7168,LPath
V118C,0.946,LPath
V118D,0.9761,LPath
V118E,0.9161,LPath
V118F,0.5451,Amb
V118G,0.7917,LPath
V118H,0.9647,LPath
V118I,0.0713,LBen
V118K,0.943,LPath
V118L,0.4053,Amb
V118M,0.2976,LBen
V118N,0.8138,LPath
V118P,0.9817,LPath
V118Q,0.7524,LPath
V118R,0.9297,LPath
V118S,0.7521,LPath
V118T,0.6392,LPath
V118W,0.9758,LPath
V118Y,0.9083,LPath
P119A,0.7566,LPath
P119C,0.9792,LPath
P119D,0.9997,LPath
P119E,0.9988,LPath
P119F,0.9988,LPath
P119G,0.991,LPath
P119H,0.9976,LPath
P119I,0.9921,LPath
P119K,0.9993,LPath
P119L,0.9076,LPath
P119M,0.9883,LPath
P119N,0.9993,LPath
P119Q,0.9951,LPath
P119R,0.9956,LPath
P119S,0.9783,LPath
P119T,0.9797,LPath
P119V,0.975,LPath
P119W,0.9995,LPath
P119Y,0.9991,LPath
T120A,0.7513,LPath
T120C,0.9772,LPath
T120D,0.9966,LPath
T120E,0.9939,LPath
T120F,0.9743,LPath
T120G,0.9469,LPath
T120H,0.9758,LPath
T120I,0.9717,LPath
T120K,0.9816,LPath
T120L,0.7742,LPath
T120M,0.7684,LPath
T120N,0.9404,LPath
T120P,0.85,LPath
T120Q,0.9815,LPath
T120R,0.9801,LPath
T120S,0.6944,LPath
T120V,0.9146,LPath
T120W,0.9965,LPath
T120Y,0.9848,LPath
P121A,0.7351,LPath
P121C,0.9921,LPath
P121D,0.9983,LPath
P121E,0.9941,LPath
P121F,0.9937,LPath
P121G,0.9823,LPath
P121H,0.9774,LPath
P121I,0.9701,LPath
P121K,0.9917,LPath
P121L,0.8731,LPath
P121M,0.9768,LPath
P121N,0.9937,LPath
P121Q,0.9708,LPath
P121R,0.96,LPath
P121S,0.9392,LPath
P121T,0.9082,LPath
P121V,0.9025,LPath
P121W,0.9975,LPath
P121Y,0.9922,LPath
I122A,0.9757,LPath
I122C,0.9927,LPath
I122D,0.9999,LPath
I122E,0.9996,LPath
I122F,0.9796,LPath
I122G,0.9986,LPath
I122H,0.9997,LPath
I122K,0.9996,LPath
I122L,0.6432,LPath
I122M,0.7525,LPath
I122N,0.9978,LPath
I122P,0.996,LPath
I122Q,0.9992,LPath
I122R,0.999,LPath
I122S,0.9887,LPath
I122T,0.9842,LPath
I122V,0.1531,LBen
I122W,0.9997,LPath
I122Y,0.9986,LPath
Q123A,0.9316,LPath
Q123C,0.9966,LPath
Q123D,0.9995,LPath
Q123E,0.8224,LPath
Q123F,0.9982,LPath
Q123G,0.9626,LPath
Q123H,0.9975,LPath
Q123I,0.9725,LPath
Q123K,0.9914,LPath
Q123L,0.9255,LPath
Q123M,0.8991,LPath
Q123N,0.9949,LPath
Q123P,0.9916,LPath
Q123R,0.9935,LPath
Q123S,0.9582,LPath
Q123T,0.974,LPath
Q123V,0.9707,LPath
Q123W,0.9996,LPath
Q123Y,0.9993,LPath
R124A,0.993,LPath
R124C,0.8834,LPath
R124D,0.9979,LPath
R124E,0.9783,LPath
R124F,0.9961,LPath
R124G,0.9782,LPath
R124H,0.8737,LPath
R124I,0.9847,LPath
R124K,0.7807,LPath
R124L,0.9632,LPath
R124M,0.9862,LPath
R124N,0.995,LPath
R124P,0.9988,LPath
R124Q,0.7966,LPath
R124S,0.9962,LPath
R124T,0.9954,LPath
R124V,0.9867,LPath
R124W,0.9021,LPath
R124Y,0.9723,LPath
K125A,0.8565,LPath
K125C,0.8561,LPath
K125D,0.9879,LPath
K125E,0.8419,LPath
K125F,0.9818,LPath
K125G,0.9111,LPath
K125H,0.6776,LPath
K125I,0.8838,LPath
K125L,0.7813,LPath
K125M,0.6795,LPath
K125N,0.9446,LPath
K125P,0.9954,LPath
K125Q,0.3676,Amb
K125R,0.0946,LBen
K125S,0.9153,LPath
K125T,0.7978,LPath
K125V,0.8277,LPath
K125W,0.9542,LPath
K125Y,0.9301,LPath
T126A,0.0754,LBen
T126C,0.3454,Amb
T126D,0.975,LPath
T126E,0.9639,LPath
T126F,0.9176,LPath
T126G,0.4123,Amb
T126H,0.9532,LPath
T126I,0.4474,Amb
T126K,0.9794,LPath
T126L,0.4028,Amb
T126M,0.2252,LBen
T126N,0.721,LPath
T126P,0.9507,LPath
T126Q,0.927,LPath
T126R,0.9637,LPath
T126S,0.1632,LBen
T126V,0.1894,LBen
T126W,0.9899,LPath
T126Y,0.961,LPath
I127A,0.8664,LPath
I127C,0.9387,LPath
I127D,0.9991,LPath
I127E,0.9972,LPath
I127F,0.6384,LPath
I127G,0.9849,LPath
I127H,0.9946,LPath
I127K,0.996,LPath
I127L,0.2003,LBen
I127M,0.1891,LBen
I127N,0.9755,LPath
I127P,0.9956,LPath
I127Q,0.9922,LPath
I127R,0.9932,LPath
I127S,0.9238,LPath
I127T,0.8849,LPath
I127V,0.0934,LBen
I127W,0.9919,LPath
I127Y,0.9709,LPath
P128A,0.3913,Amb
P128C,0.884,LPath
P128D,0.9644,LPath
P128E,0.9014,LPath
P128F,0.9489,LPath
P128G,0.7289,LPath
P128H,0.7379,LPath
P128I,0.9063,LPath
P128K,0.8939,LPath
P128L,0.5811,LPath
P128M,0.869,LPath
P128N,0.9226,LPath
P128Q,0.6825,LPath
P128R,0.7007,LPath
P128S,0.554,Amb
P128T,0.5176,Amb
P128V,0.7706,LPath
P128W,0.9606,LPath
P128Y,0.9348,LPath
V129A,0.1184,LBen
V129C,0.4913,Amb
V129D,0.4077,Amb
V129E,0.2759,LBen
V129F,0.1528,LBen
V129G,0.1668,LBen
V129H,0.4258,Amb
V129I,0.0781,LBen
V129K,0.288,LBen
V129L,0.0975,LBen
V129M,0.0836,LBen
V129N,0.2617,LBen
V129P,0.3306,LBen
V129Q,0.2389,LBen
V129R,0.2532,LBen
V129S,0.1669,LBen
V129T,0.1573,LBen
V129W,0.6473,LPath
V129Y,0.4428,Amb
I130A,0.6082,LPath
I130C,0.8105,LPath
I130D,0.9958,LPath
I130E,0.9931,LPath
I130F,0.5785,LPath
I130G,0.9477,LPath
I130H,0.9836,LPath
I130K,0.9925,LPath
I130L,0.1327,LBen
I130M,0.1826,LBen
I130N,0.9399,LPath
I130P,0.9819,LPath
I130Q,0.9801,LPath
I130R,0.9832,LPath
I130S,0.7659,LPath
I130T,0.7655,LPath
I130V,0.1208,LBen
I130W,0.9862,LPath
I130Y,0.9522,LPath
L131A,0.4287,Amb
L131C,0.5741,LPath
L131D,0.9637,LPath
L131E,0.7514,LPath
L131F,0.3531,Amb
L131G,0.7258,LPath
L131H,0.6068,LPath
L131I,0.1462,LBen
L131K,0.6792,LPath
L131M,0.083,LBen
L131N,0.7873,LPath
L131P,0.9714,LPath
L131Q,0.3381,LBen
L131R,0.4839,Amb
L131S,0.5369,Amb
L131T,0.3236,LBen
L131V,0.1266,LBen
L131W,0.5471,Amb
L131Y,0.7696,LPath
D132A,0.1054,LBen
D132C,0.3802,Amb
D132E,0.0996,LBen
D132F,0.555,Amb
D132G,0.0979,LBen
D132H,0.1817,LBen
D132I,0.4371,Amb
D132K,0.2798,LBen
D132L,0.3021,LBen
D132M,0.5011,Amb
D132N,0.0908,LBen
D132P,0.839,LPath
D132Q,0.1624,LBen
D132R,0.2201,LBen
D132S,0.0806,LBen
D132T,0.202,LBen
D132V,0.2339,LBen
D132W,0.7253,LPath
D132Y,0.219,LBen
G133A,0.2811,LBen
G133C,0.2522,LBen
G133D,0.2654,LBen
G133E,0.2883,LBen
G133F,0.7853,LPath
G133H,0.292,LBen
G133I,0.8059,LPath
G133K,0.2881,LBen
G133L,0.6811,LPath
G133M,0.6733,LPath
G133N,0.2601,LBen
G133P,0.9743,LPath
G133Q,0.2262,LBen
G133R,0.1938,LBen
G133S,0.1243,LBen
G133T,0.3955,Amb
G133V,0.6676,LPath
G133W,0.5845,LPath
G133Y,0.5839,LPath
K134A,0.4591,Amb
K134C,0.5341,Amb
K134D,0.7434,LPath
K134E,0.249,LBen
K134F,0.8413,LPath
K134G,0.4945,Amb
K134H,0.2829,LBen
K134I,0.5696,LPath
K134L,0.4588,Amb
K134M,0.3107,LBen
K134N,0.5528,Amb
K134P,0.9464,LPath
K134Q,0.1322,LBen
K134R,0.0681,LBen
K134S,0.5,Amb
K134T,0.3354,LBen
K134V,0.4684,Amb
K134W,0.6657,LPath
K134Y,0.6793,LPath
D135A,0.9275,LPath
D135C,0.9885,LPath
D135E,0.9402,LPath
D135F,0.995,LPath
D135G,0.8877,LPath
D135H,0.9632,LPath
D135I,0.9885,LPath
D135K,0.9897,LPath
D135L,0.9889,LPath
D135M,0.9935,LPath
D135N,0.5531,Amb
D135P,0.9901,LPath
D135Q,0.9836,LPath
D135R,0.9892,LPath
D135S,0.8001,LPath
D135T,0.9548,LPath
D135V,0.9569,LPath
D135W,0.998,LPath
D135Y,0.9361,LPath
V136A,0.2839,LBen
V136C,0.7117,LPath
V136D,0.9599,LPath
V136E,0.9019,LPath
V136F,0.5615,Amb
V136G,0.5563,Amb
V136H,0.9644,LPath
V136I,0.0855,LBen
V136K,0.9242,LPath
V136L,0.2843,LBen
V136M,0.1358,LBen
V136N,0.8517,LPath
V136P,0.9812,LPath
V136Q,0.8703,LPath
V136R,0.8916,LPath
V136S,0.5136,Amb
V136T,0.2168,LBen
V136W,0.9781,LPath
V136Y,0.9413,LPath
V137A,0.8187,LPath
V137C,0.9659,LPath
V137D,0.9988,LPath
V137E,0.9957,LPath
V137F,0.9379,LPath
V137G,0.9464,LPath
V137H,0.9988,LPath
V137I,0.2205,LBen
V137K,0.9976,LPath
V137L,0.8613,LPath
V137M,0.8541,LPath
V137N,0.9967,LPath
V137P,0.9966,LPath
V137Q,0.995,LPath
V137R,0.9922,LPath
V137S,0.9613,LPath
V137T,0.8877,LPath
V137W,0.9988,LPath
V137Y,0.996,LPath
A138C,0.8699,LPath
A138D,0.9984,LPath
A138E,0.9976,LPath
A138F,0.9878,LPath
A138G,0.2608,LBen
A138H,0.9987,LPath
A138I,0.9601,LPath
A138K,0.9995,LPath
A138L,0.8836,LPath
A138M,0.9525,LPath
A138N,0.9946,LPath
A138P,0.9939,LPath
A138Q,0.9939,LPath
A138R,0.9967,LPath
A138S,0.427,Amb
A138T,0.8174,LPath
A138V,0.806,LPath
A138W,0.9994,LPath
A138Y,0.9973,LPath
M139A,0.9497,LPath
M139C,0.9681,LPath
M139D,0.9998,LPath
M139E,0.9958,LPath
M139F,0.952,LPath
M139G,0.9867,LPath
M139H,0.998,LPath
M139I,0.9909,LPath
M139K,0.9931,LPath
M139L,0.8466,LPath
M139N,0.9974,LPath
M139P,0.9994,LPath
M139Q,0.9646,LPath
M139R,0.9869,LPath
M139S,0.9698,LPath
M139T,0.9734,LPath
M139V,0.6689,LPath
M139W,0.9963,LPath
M139Y,0.9969,LPath
A140C,0.9703,LPath
A140D,0.9981,LPath
A140E,0.9964,LPath
A140F,0.9967,LPath
A140G,0.6953,LPath
A140H,0.9979,LPath
A140I,0.9982,LPath
A140K,0.9995,LPath
A140L,0.9747,LPath
A140M,0.9891,LPath
A140N,0.9952,LPath
A140P,0.9984,LPath
A140Q,0.9903,LPath
A140R,0.9961,LPath
A140S,0.3124,LBen
A140T,0.9517,LPath
A140V,0.985,LPath
A140W,0.9994,LPath
A140Y,0.9982,LPath
R141A,0.9807,LPath
R141C,0.8333,LPath
R141D,0.9989,LPath
R141E,0.9882,LPath
R141F,0.9969,LPath
R141G,0.9633,LPath
R141H,0.8987,LPath
R141I,0.9869,LPath
R141K,0.689,LPath
R141L,0.9524,LPath
R141M,0.9884,LPath
R141N,0.9973,LPath
R141P,0.9842,LPath
R141Q,0.7587,LPath
R141S,0.9909,LPath
R141T,0.9902,LPath
R141V,0.9755,LPath
R141W,0.9566,LPath
R141Y,0.9912,LPath
T142A,0.987,LPath
T142C,0.9986,LPath
T142D,0.9985,LPath
T142E,0.9931,LPath
T142F,0.997,LPath
T142G,0.9873,LPath
T142H,0.9965,LPath
T142I,0.9966,LPath
T142K,0.9955,LPath
T142L,0.9895,LPath
T142M,0.9833,LPath
T142N,0.9933,LPath
T142P,0.9646,LPath
T142Q,0.9975,LPath
T142R,0.9949,LPath
T142S,0.9835,LPath
T142V,0.9881,LPath
T142W,0.999,LPath
T142Y,0.9983,LPath
G143A,0.9862,LPath
G143C,0.9964,LPath
G143D,0.9993,LPath
G143E,0.9992,LPath
G143F,0.9994,LPath
G143H,0.9998,LPath
G143I,0.9981,LPath
G143K,0.9996,LPath
G143L,0.9981,LPath
G143M,0.9995,LPath
G143N,0.9993,LPath
G143P,0.9993,LPath
G143Q,0.9994,LPath
G143R,0.9978,LPath
G143S,0.9777,LPath
G143T,0.9965,LPath
G143V,0.9944,LPath
G143W,0.9993,LPath
G143Y,0.9995,LPath
S144A,0.7553,LPath
S144C,0.7158,LPath
S144D,0.9981,LPath
S144E,0.9967,LPath
S144F,0.9844,LPath
S144G,0.8445,LPath
S144H,0.9912,LPath
S144I,0.9827,LPath
S144K,0.9995,LPath
S144L,0.9513,LPath
S144M,0.9594,LPath
S144N,0.9767,LPath
S144P,0.9979,LPath
S144Q,0.9955,LPath
S144R,0.9984,LPath
S144T,0.7608,LPath
S144V,0.9676,LPath
S144W,0.9723,LPath
S144Y,0.9804,LPath
G145A,0.9917,LPath
G145C,0.9946,LPath
G145D,0.9992,LPath
G145E,0.9989,LPath
G145F,0.9994,LPath
G145H,0.9998,LPath
G145I,0.9991,LPath
G145K,0.9994,LPath
G145L,0.9977,LPath
G145M,0.999,LPath
G145N,0.9994,LPath
G145P,0.9998,LPath
G145Q,0.9986,LPath
G145R,0.9966,LPath
G145S,0.9815,LPath
G145T,0.9976,LPath
G145V,0.9976,LPath
G145W,0.9987,LPath
G145Y,0.9995,LPath
K146A,0.9994,LPath
K146C,0.9997,LPath
K146D,0.9987,LPath
K146E,0.9964,LPath
K146F,0.9999,LPath
K146G,0.999,LPath
K146H,0.9979,LPath
K146I,0.9991,LPath
K146L,0.9995,LPath
K146M,0.9977,LPath
K146N,0.9977,LPath
K146P,0.9995,LPath
K146Q,0.9979,LPath
K146R,0.8894,LPath
K146S,0.9993,LPath
K146T,0.9963,LPath
K146V,0.9993,LPath
K146W,0.9999,LPath
K146Y,0.9995,LPath
T147A,0.9797,LPath
T147C,0.998,LPath
T147D,0.997,LPath
T147E,0.9961,LPath
T147F,0.9982,LPath
T147G,0.9854,LPath
T147H,0.9944,LPath
T147I,0.9954,LPath
T147K,0.9951,LPath
T147L,0.9873,LPath
T147M,0.9423,LPath
T147N,0.9896,LPath
T147P,0.9903,LPath
T147Q,0.9952,LPath
T147R,0.9949,LPath
T147S,0.8829,LPath
T147V,0.9873,LPath
T147W,0.999,LPath
T147Y,0.9974,LPath
A148C,0.8139,LPath
A148D,0.9976,LPath
A148E,0.9966,LPath
A148F,0.9331,LPath
A148G,0.2594,LBen
A148H,0.9962,LPath
A148I,0.8633,LPath
A148K,0.9989,LPath
A148L,0.6302,LPath
A148M,0.8392,LPath
A148N,0.9834,LPath
A148P,0.9819,LPath
A148Q,0.989,LPath
A148R,0.9933,LPath
A148S,0.3686,Amb
A148T,0.6337,LPath
A148V,0.623,LPath
A148W,0.9972,LPath
A148Y,0.9904,LPath
C149A,0.2768,LBen
C149D,0.9968,LPath
C149E,0.9992,LPath
C149F,0.9818,LPath
C149G,0.2513,LBen
C149H,0.9959,LPath
C149I,0.9836,LPath
C149K,0.9998,LPath
C149L,0.9635,LPath
C149M,0.9861,LPath
C149N,0.9832,LPath
C149P,0.9946,LPath
C149Q,0.9964,LPath
C149R,0.9951,LPath
C149S,0.2538,LBen
C149T,0.8217,LPath
C149V,0.9059,LPath
C149W,0.9975,LPath
C149Y,0.9946,LPath
F150A,0.9858,LPath
F150C,0.9132,LPath
F150D,0.9995,LPath
F150E,0.9995,LPath
F150G,0.995,LPath
F150H,0.9872,LPath
F150I,0.9058,LPath
F150K,0.9994,LPath
F150L,0.9895,LPath
F150M,0.9593,LPath
F150N,0.9961,LPath
F150P,0.9995,LPath
F150Q,0.9982,LPath
F150R,0.9974,LPath
F150S,0.9827,LPath
F150T,0.992,LPath
F150V,0.8766,LPath
F150W,0.9509,LPath
F150Y,0.5868,LPath
L151A,0.8353,LPath
L151C,0.8385,LPath
L151D,0.9991,LPath
L151E,0.9925,LPath
L151F,0.8465,LPath
L151G,0.9769,LPath
L151H,0.982,LPath
L151I,0.2013,LBen
L151K,0.9958,LPath
L151M,0.4046,Amb
L151N,0.9873,LPath
L151P,0.9933,LPath
L151Q,0.9545,LPath
L151R,0.9864,LPath
L151S,0.9236,LPath
L151T,0.8038,LPath
L151V,0.1972,LBen
L151W,0.9808,LPath
L151Y,0.987,LPath
L152A,0.5546,Amb
L152C,0.6981,LPath
L152D,0.9922,LPath
L152E,0.9709,LPath
L152F,0.3327,LBen
L152G,0.8731,LPath
L152H,0.9091,LPath
L152I,0.056,LBen
L152K,0.9672,LPath
L152M,0.1652,LBen
L152N,0.9105,LPath
L152P,0.7965,LPath
L152Q,0.8975,LPath
L152R,0.9458,LPath
L152S,0.7876,LPath
L152T,0.5878,LPath
L152V,0.0817,LBen
L152W,0.8407,LPath
L152Y,0.8456,LPath
P153A,0.6726,LPath
P153C,0.9597,LPath
P153D,0.9973,LPath
P153E,0.9949,LPath
P153F,0.996,LPath
P153G,0.919,LPath
P153H,0.9867,LPath
P153I,0.9794,LPath
P153K,0.997,LPath
P153L,0.8946,LPath
P153M,0.9852,LPath
P153N,0.9943,LPath
P153Q,0.9835,LPath
P153R,0.9887,LPath
P153S,0.884,LPath
P153T,0.8771,LPath
P153V,0.9175,LPath
P153W,0.9983,LPath
P153Y,0.9957,LPath
M154A,0.5021,Amb
M154C,0.7724,LPath
M154D,0.9984,LPath
M154E,0.9878,LPath
M154F,0.8134,LPath
M154G,0.9033,LPath
M154H,0.9914,LPath
M154I,0.4941,Amb
M154K,0.9758,LPath
M154L,0.0916,LBen
M154N,0.9841,LPath
M154P,0.9776,LPath
M154Q,0.9386,LPath
M154R,0.9711,LPath
M154S,0.8423,LPath
M154T,0.5158,Amb
M154V,0.0798,LBen
M154W,0.9883,LPath
M154Y,0.9862,LPath
F155A,0.7563,LPath
F155C,0.5852,LPath
F155D,0.9925,LPath
F155E,0.9856,LPath
F155G,0.9383,LPath
F155H,0.9461,LPath
F155I,0.3591,Amb
F155K,0.9884,LPath
F155L,0.5796,LPath
F155M,0.4094,Amb
F155N,0.9639,LPath
F155P,0.9967,LPath
F155Q,0.9647,LPath
F155R,0.9734,LPath
F155S,0.8824,LPath
F155T,0.798,LPath
F155V,0.3968,Amb
F155W,0.6238,LPath
F155Y,0.4273,Amb
E156A,0.7199,LPath
E156C,0.9436,LPath
E156D,0.7479,LPath
E156F,0.9863,LPath
E156G,0.7694,LPath
E156H,0.8296,LPath
E156I,0.9536,LPath
E156K,0.8813,LPath
E156L,0.9394,LPath
E156M,0.9478,LPath
E156N,0.8314,LPath
E156P,0.9938,LPath
E156Q,0.3477,Amb
E156R,0.8689,LPath
E156S,0.6304,LPath
E156T,0.8909,LPath
E156V,0.8479,LPath
E156W,0.9931,LPath
E156Y,0.9694,LPath
R157A,0.4011,Amb
R157C,0.1525,LBen
R157D,0.7756,LPath
R157E,0.3889,Amb
R157F,0.5242,Amb
R157G,0.3246,LBen
R157H,0.0996,LBen
R157I,0.2464,LBen
R157K,0.069,LBen
R157L,0.2036,LBen
R157M,0.2345,LBen
R157N,0.5843,LPath
R157P,0.9352,LPath
R157Q,0.0973,LBen
R157S,0.5038,Amb
R157T,0.273,LBen
R157V,0.3081,LBen
R157W,0.2048,LBen
R157Y,0.3643,Amb
L158A,0.9232,LPath
L158C,0.8552,LPath
L158D,0.9981,LPath
L158E,0.9804,LPath
L158F,0.67,LPath
L158G,0.9703,LPath
L158H,0.9618,LPath
L158I,0.4349,Amb
L158K,0.961,LPath
L158M,0.3678,Amb
L158N,0.9822,LPath
L158P,0.989,LPath
L158Q,0.9135,LPath
L158R,0.9215,LPath
L158S,0.9785,LPath
L158T,0.9294,LPath
L158V,0.479,Amb
L158W,0.898,LPath
L158Y,0.9535,LPath
K159A,0.3927,Amb
K159C,0.5134,Amb
K159D,0.7173,LPath
K159E,0.2464,LBen
K159F,0.8672,LPath
K159G,0.3224,LBen
K159H,0.2995,LBen
K159I,0.655,LPath
K159L,0.4289,Amb
K159M,0.3215,LBen
K159N,0.5189,Amb
K159P,0.7595,LPath
K159Q,0.1091,LBen
K159R,0.081,LBen
K159S,0.4589,Amb
K159T,0.2996,LBen
K159V,0.5216,Amb
K159W,0.7685,LPath
K159Y,0.7365,LPath
T160A,0.0559,LBen
T160C,0.1746,LBen
T160D,0.1991,LBen
T160E,0.1633,LBen
T160F,0.1355,LBen
T160G,0.0807,LBen
T160H,0.1456,LBen
T160I,0.1003,LBen
T160K,0.1426,LBen
T160L,0.0769,LBen
T160M,0.0704,LBen
T160N,0.0781,LBen
T160P,0.1966,LBen
T160Q,0.1247,LBen
T160R,0.1125,LBen
T160S,0.0677,LBen
T160V,0.0771,LBen
T160W,0.36,Amb
T160Y,0.1699,LBen
H161A,0.2418,LBen
H161C,0.129,LBen
H161D,0.4249,Amb
H161E,0.4486,Amb
H161F,0.5202,Amb
H161G,0.2025,LBen
H161I,0.5566,Amb
H161K,0.2476,LBen
H161L,0.2146,LBen
H161M,0.6866,LPath
H161N,0.2453,LBen
H161P,0.0685,LBen
H161Q,0.1824,LBen
H161R,0.0545,LBen
H161S,0.2463,LBen
H161T,0.325,LBen
H161V,0.3869,Amb
H161W,0.3586,Amb
H161Y,0.1887,LBen
S162A,0.0751,LBen
S162C,0.0746,LBen
S162D,0.3416,Amb
S162E,0.4468,Amb
S162F,0.1658,LBen
S162G,0.0916,LBen
S162H,0.2267,LBen
S162I,0.1476,LBen
S162K,0.4904,Amb
S162L,0.0814,LBen
S162M,0.1719,LBen
S162N,0.1459,LBen
S162P,0.2928,LBen
S162Q,0.339,LBen
S162R,0.3523,Amb
S162T,0.0796,LBen
S162V,0.1214,LBen
S162W,0.2441,LBen
S162Y,0.1661,LBen
A163C,0.3306,LBen
A163D,0.3841,Amb
A163E,0.317,LBen
A163F,0.2778,LBen
A163G,0.1041,LBen
A163H,0.3857,Amb
A163I,0.1967,LBen
A163K,0.4197,Amb
A163L,0.1375,LBen
A163M,0.1921,LBen
A163N,0.2626,LBen
A163P,0.1019,LBen
A163Q,0.2877,LBen
A163R,0.3242,LBen
A163S,0.0803,LBen
A163T,0.0819,LBen
A163V,0.0936,LBen
A163W,0.6286,LPath
A163Y,0.4485,Amb
Q164A,0.1282,LBen
Q164C,0.4196,Amb
Q164D,0.3086,LBen
Q164E,0.0908,LBen
Q164F,0.5737,LPath
Q164G,0.1344,LBen
Q164H,0.1622,LBen
Q164I,0.3368,LBen
Q164K,0.0814,LBen
Q164L,0.1207,LBen
Q164M,0.2977,LBen
Q164N,0.2542,LBen
Q164P,0.1086,LBen
Q164R,0.0732,LBen
Q164S,0.1592,LBen
Q164T,0.1444,LBen
Q164V,0.1892,LBen
Q164W,0.3824,Amb
Q164Y,0.3683,Amb
T165A,0.0647,LBen
T165C,0.2604,LBen
T165D,0.3543,Amb
T165E,0.3,LBen
T165F,0.2128,LBen
T165G,0.1134,LBen
T165H,0.2058,LBen
T165I,0.1908,LBen
T165K,0.1872,LBen
T165L,0.1061,LBen
T165M,0.0838,LBen
T165N,0.1183,LBen
T165P,0.0995,LBen
T165Q,0.1905,LBen
T165R,0.1463,LBen
T165S,0.0857,LBen
T165V,0.13,LBen
T165W,0.4292,Amb
T165Y,0.2423,LBen
G166A,0.2898,LBen
G166C,0.4749,Amb
G166D,0.7776,LPath
G166E,0.7621,LPath
G166F,0.8947,LPath
G166H,0.8018,LPath
G166I,0.8073,LPath
G166K,0.8333,LPath
G166L,0.8263,LPath
G166M,0.8314,LPath
G166N,0.7383,LPath
G166P,0.9051,LPath
G166Q,0.7248,LPath
G166R,0.6527,LPath
G166S,0.2252,LBen
G166T,0.454,Amb
G166V,0.6008,LPath
G166W,0.7913,LPath
G166Y,0.8327,LPath
A167C,0.474,Amb
A167D,0.9608,LPath
A167E,0.9335,LPath
A167F,0.7423,LPath
A167G,0.3167,LBen
A167H,0.944,LPath
A167I,0.3163,LBen
A167K,0.9721,LPath
A167L,0.3726,Amb
A167M,0.4554,Amb
A167N,0.8525,LPath
A167P,0.2581,LBen
A167Q,0.8931,LPath
A167R,0.9352,LPath
A167S,0.171,LBen
A167T,0.1783,LBen
A167V,0.1494,LBen
A167W,0.9701,LPath
A167Y,0.9291,LPath
R168A,0.9073,LPath
R168C,0.4145,Amb
R168D,0.9893,LPath
R168E,0.9238,LPath
R168F,0.9747,LPath
R168G,0.8294,LPath
R168H,0.382,Amb
R168I,0.947,LPath
R168K,0.3146,LBen
R168L,0.8691,LPath
R168M,0.9325,LPath
R168N,0.9749,LPath
R168P,0.9841,LPath
R168Q,0.3506,Amb
R168S,0.933,LPath
R168T,0.8955,LPath
R168V,0.913,LPath
R168W,0.7637,LPath
R168Y,0.9384,LPath
A169C,0.6596,LPath
A169D,0.9941,LPath
A169E,0.9946,LPath
A169F,0.9714,LPath
A169G,0.1053,LBen
A169H,0.9933,LPath
A169I,0.9136,LPath
A169K,0.998,LPath
A169L,0.8653,LPath
A169M,0.9015,LPath
A169N,0.9769,LPath
A169P,0.9915,LPath
A169Q,0.9869,LPath
A169R,0.9921,LPath
A169S,0.1826,LBen
A169T,0.538,Amb
A169V,0.669,LPath
A169W,0.9978,LPath
A169Y,0.9901,LPath
L170A,0.8427,LPath
L170C,0.7831,LPath
L170D,0.9995,LPath
L170E,0.9955,LPath
L170F,0.5639,Amb
L170G,0.9845,LPath
L170H,0.9894,LPath
L170I,0.0963,LBen
L170K,0.9947,LPath
L170M,0.2046,LBen
L170N,0.9955,LPath
L170P,0.9955,LPath
L170Q,0.9784,LPath
L170R,0.987,LPath
L170S,0.9777,LPath
L170T,0.9141,LPath
L170V,0.0939,LBen
L170W,0.9508,LPath
L170Y,0.9657,LPath
I171A,0.9039,LPath
I171C,0.8937,LPath
I171D,0.9981,LPath
I171E,0.9954,LPath
I171F,0.6724,LPath
I171G,0.9823,LPath
I171H,0.9899,LPath
I171K,0.9935,LPath
I171L,0.1442,LBen
I171M,0.3456,Amb
I171N,0.9779,LPath
I171P,0.9924,LPath
I171Q,0.9884,LPath
I171R,0.988,LPath
I171S,0.9438,LPath
I171T,0.9292,LPath
I171V,0.0872,LBen
I171W,0.989,LPath
I171Y,0.9633,LPath
L172A,0.8462,LPath
L172C,0.6701,LPath
L172D,0.9994,LPath
L172E,0.9952,LPath
L172F,0.2837,LBen
L172G,0.9806,LPath
L172H,0.9805,LPath
L172I,0.1321,LBen
L172K,0.9955,LPath
L172M,0.1794,LBen
L172N,0.9944,LPath
L172P,0.9894,LPath
L172Q,0.973,LPath
L172R,0.9863,LPath
L172S,0.9657,LPath
L172T,0.9102,LPath
L172V,0.1501,LBen
L172W,0.9261,LPath
L172Y,0.9371,LPath
S173A,0.0955,LBen
S173C,0.0937,LBen
S173D,0.994,LPath
S173E,0.9766,LPath
S173F,0.8979,LPath
S173G,0.4902,Amb
S173H,0.9726,LPath
S173I,0.5396,Amb
S173K,0.9987,LPath
S173L,0.2318,LBen
S173M,0.5021,Amb
S173N,0.8948,LPath
S173P,0.9115,LPath
S173Q,0.9734,LPath
S173R,0.9964,LPath
S173T,0.1185,LBen
S173V,0.351,Amb
S173W,0.9753,LPath
S173Y,0.9366,LPath
P174A,0.8597,LPath
P174C,0.9918,LPath
P174D,0.9987,LPath
P174E,0.997,LPath
P174F,0.9995,LPath
P174G,0.9814,LPath
P174H,0.9952,LPath
P174I,0.9974,LPath
P174K,0.9989,LPath
P174L,0.975,LPath
P174M,0.9974,LPath
P174N,0.9977,LPath
P174Q,0.9939,LPath
P174R,0.9924,LPath
P174S,0.9523,LPath
P174T,0.9635,LPath
P174V,0.9839,LPath
P174W,0.9998,LPath
P174Y,0.9994,LPath
T175A,0.6616,LPath
T175C,0.9615,LPath
T175D,0.9919,LPath
T175E,0.988,LPath
T175F,0.9914,LPath
T175G,0.8345,LPath
T175H,0.9798,LPath
T175I,0.9847,LPath
T175K,0.9907,LPath
T175L,0.8593,LPath
T175M,0.8079,LPath
T175N,0.8487,LPath
T175P,0.9126,LPath
T175Q,0.9608,LPath
T175R,0.9825,LPath
T175S,0.4295,Amb
T175V,0.9108,LPath
T175W,0.9983,LPath
T175Y,0.9923,LPath
R176A,0.9956,LPath
R176C,0.9822,LPath
R176D,0.9983,LPath
R176E,0.9886,LPath
R176F,0.999,LPath
R176G,0.9882,LPath
R176H,0.9591,LPath
R176I,0.9983,LPath
R176K,0.9126,LPath
R176L,0.9901,LPath
R176M,0.9976,LPath
R176N,0.9977,LPath
R176P,0.9956,LPath
R176Q,0.9225,LPath
R176S,0.9953,LPath
R176T,0.9961,LPath
R176V,0.9965,LPath
R176W,0.9662,LPath
R176Y,0.9948,LPath
E177A,0.9683,LPath
E177C,0.9979,LPath
E177D,0.8694,LPath
E177F,0.9988,LPath
E177G,0.9645,LPath
E177H,0.9956,LPath
E177I,0.9968,LPath
E177K,0.9924,LPath
E177L,0.9964,LPath
E177M,0.9971,LPath
E177N,0.9888,LPath
E177P,0.9961,LPath
E177Q,0.9627,LPath
E177R,0.9893,LPath
E177S,0.9696,LPath
E177T,0.9929,LPath
E177V,0.9897,LPath
E177W,0.9994,LPath
E177Y,0.9972,LPath
L178A,0.9768,LPath
L178C,0.9955,LPath
L178D,0.9993,LPath
L178E,0.9948,LPath
L178F,0.9928,LPath
L178G,0.9894,LPath
L178H,0.9973,LPath
L178I,0.8351,LPath
L178K,0.9933,LPath
L178M,0.8702,LPath
L178N,0.9891,LPath
L178P,0.9987,LPath
L178Q,0.9967,LPath
L178R,0.9914,LPath
L178S,0.9972,LPath
L178T,0.9818,LPath
L178V,0.8984,LPath
L178W,0.9967,LPath
L178Y,0.9972,LPath
A179C,0.7989,LPath
A179D,0.9972,LPath
A179E,0.995,LPath
A179F,0.9897,LPath
A179G,0.4783,Amb
A179H,0.9964,LPath
A179I,0.9526,LPath
A179K,0.9993,LPath
A179L,0.8272,LPath
A179M,0.9231,LPath
A179N,0.9869,LPath
A179P,0.9951,LPath
A179Q,0.986,LPath
A179R,0.9951,LPath
A179S,0.2579,LBen
A179T,0.649,LPath
A179V,0.7415,LPath
A179W,0.9991,LPath
A179Y,0.9967,LPath
L180A,0.4422,Amb
L180C,0.6606,LPath
L180D,0.9637,LPath
L180E,0.7109,LPath
L180F,0.2613,LBen
L180G,0.7288,LPath
L180H,0.5432,Amb
L180I,0.1063,LBen
L180K,0.6712,LPath
L180M,0.0988,LBen
L180N,0.7016,LPath
L180P,0.9836,LPath
L180Q,0.2973,LBen
L180R,0.533,Amb
L180S,0.4616,Amb
L180T,0.3377,LBen
L180V,0.104,LBen
L180W,0.5235,Amb
L180Y,0.6701,LPath
Q181A,0.8887,LPath
Q181C,0.9981,LPath
Q181D,0.9931,LPath
Q181E,0.8297,LPath
Q181F,0.9964,LPath
Q181G,0.8942,LPath
Q181H,0.9942,LPath
Q181I,0.9816,LPath
Q181K,0.9658,LPath
Q181L,0.9007,LPath
Q181M,0.9354,LPath
Q181N,0.9716,LPath
Q181P,0.9755,LPath
Q181R,0.9692,LPath
Q181S,0.8808,LPath
Q181T,0.9415,LPath
Q181V,0.9672,LPath
Q181W,0.9985,LPath
Q181Y,0.9975,LPath
T182A,0.6728,LPath
T182C,0.831,LPath
T182D,0.9905,LPath
T182E,0.9832,LPath
T182F,0.9738,LPath
T182G,0.9062,LPath
T182H,0.9652,LPath
T182I,0.5951,LPath
T182K,0.9852,LPath
T182L,0.5115,Amb
T182M,0.3822,Amb
T182N,0.8271,LPath
T182P,0.9715,LPath
T182Q,0.9653,LPath
T182R,0.987,LPath
T182S,0.6121,LPath
T182V,0.4963,Amb
T182W,0.9955,LPath
T182Y,0.9788,LPath
L183A,0.3047,LBen
L183C,0.3433,Amb
L183D,0.8864,LPath
L183E,0.5737,LPath
L183F,0.1468,LBen
L183G,0.4578,Amb
L183H,0.2112,LBen
L183I,0.2441,LBen
L183K,0.348,Amb
L183M,0.0649,LBen
L183N,0.4951,Amb
L183P,0.9514,LPath
L183Q,0.1483,LBen
L183R,0.27,LBen
L183S,0.3079,LBen
L183T,0.3778,Amb
L183V,0.1474,LBen
L183W,0.1943,LBen
L183Y,0.2649,LBen
K184A,0.5712,LPath
K184C,0.6202,LPath
K184D,0.9033,LPath
K184E,0.6625,LPath
K184F,0.9099,LPath
K184G,0.6172,LPath
K184H,0.2673,LBen
K184I,0.7138,LPath
K184L,0.5802,LPath
K184M,0.5263,Amb
K184N,0.7169,LPath
K184P,0.9587,LPath
K184Q,0.1982,LBen
K184R,0.0665,LBen
K184S,0.6245,LPath
K184T,0.4219,Amb
K184V,0.6334,LPath
K184W,0.8181,LPath
K184Y,0.7509,LPath
F185A,0.9396,LPath
F185C,0.8314,LPath
F185D,0.9876,LPath
F185E,0.9787,LPath
F185G,0.9773,LPath
F185H,0.9449,LPath
F185I,0.7807,LPath
F185K,0.9908,LPath
F185L,0.9939,LPath
F185M,0.8851,LPath
F185N,0.9014,LPath
F185P,0.9997,LPath
F185Q,0.953,LPath
F185R,0.9804,LPath
F185S,0.9239,LPath
F185T,0.913,LPath
F185V,0.5787,LPath
F185W,0.9192,LPath
F185Y,0.4959,Amb
T186A,0.0859,LBen
T186C,0.2748,LBen
T186D,0.9795,LPath
T186E,0.9596,LPath
T186F,0.6765,LPath
T186G,0.3739,Amb
T186H,0.8877,LPath
T186I,0.3505,Amb
T186K,0.9519,LPath
T186L,0.2449,LBen
T186M,0.1738,LBen
T186N,0.733,LPath
T186P,0.8913,LPath
T186Q,0.8613,LPath
T186R,0.9077,LPath
T186S,0.1956,LBen
T186V,0.1874,LBen
T186W,0.9563,LPath
T186Y,0.8818,LPath
K187A,0.6274,LPath
K187C,0.7681,LPath
K187D,0.9217,LPath
K187E,0.4214,Amb
K187F,0.9438,LPath
K187G,0.5815,LPath
K187H,0.4947,Amb
K187I,0.7641,LPath
K187L,0.6511,LPath
K187M,0.5179,Amb
K187N,0.8254,LPath
K187P,0.9847,LPath
K187Q,0.2036,LBen
K187R,0.0728,LBen
K187S,0.732,LPath
K187T,0.4763,Amb
K187V,0.6135,LPath
K187W,0.8255,LPath
K187Y,0.8582,LPath
E188A,0.4749,Amb
E188C,0.9696,LPath
E188D,0.2612,LBen
E188F,0.9651,LPath
E188G,0.5085,Amb
E188H,0.9334,LPath
E188I,0.8347,LPath
E188K,0.8178,LPath
E188L,0.8519,LPath
E188M,0.8299,LPath
E188N,0.7281,LPath
E188P,0.9937,LPath
E188Q,0.4619,Amb
E188R,0.8879,LPath
E188S,0.5678,LPath
E188T,0.6611,LPath
E188V,0.6566,LPath
E188W,0.9895,LPath
E188Y,0.9224,LPath
L189A,0.7693,LPath
L189C,0.8854,LPath
L189D,0.9977,LPath
L189E,0.9825,LPath
L189F,0.4919,Amb
L189G,0.9753,LPath
L189H,0.9682,LPath
L189I,0.1307,LBen
L189K,0.986,LPath
L189M,0.1656,LBen
L189N,0.9801,LPath
L189P,0.989,LPath
L189Q,0.9416,LPath
L189R,0.9724,LPath
L189S,0.9518,LPath
L189T,0.7129,LPath
L189V,0.2121,LBen
L189W,0.8526,LPath
L189Y,0.9255,LPath
G190A,0.3027,LBen
G190C,0.5877,LPath
G190D,0.9805,LPath
G190E,0.9707,LPath
G190F,0.9844,LPath
G190H,0.9832,LPath
G190I,0.9574,LPath
G190K,0.9916,LPath
G190L,0.9306,LPath
G190M,0.9508,LPath
G190N,0.9459,LPath
G190P,0.9968,LPath
G190Q,0.9563,LPath
G190R,0.9723,LPath
G190S,0.2776,LBen
G190T,0.7726,LPath
G190V,0.8939,LPath
G190W,0.9702,LPath
G190Y,0.9801,LPath
K191A,0.5898,LPath
K191C,0.5084,Amb
K191D,0.9092,LPath
K191E,0.5708,LPath
K191F,0.8512,LPath
K191G,0.5743,LPath
K191H,0.2846,LBen
K191I,0.6224,LPath
K191L,0.5958,LPath
K191M,0.4765,Amb
K191N,0.761,LPath
K191P,0.9096,LPath
K191Q,0.2097,LBen
K191R,0.054,LBen
K191S,0.6635,LPath
K191T,0.4708,Amb
K191V,0.5466,Amb
K191W,0.6835,LPath
K191Y,0.6572,LPath
F192A,0.8548,LPath
F192C,0.5546,Amb
F192D,0.9068,LPath
F192E,0.9451,LPath
F192G,0.8572,LPath
F192H,0.6309,LPath
F192I,0.7525,LPath
F192K,0.9649,LPath
F192L,0.9625,LPath
F192M,0.8395,LPath
F192N,0.7395,LPath
F192P,0.9917,LPath
F192Q,0.9139,LPath
F192R,0.9346,LPath
F192S,0.7221,LPath
F192T,0.8867,LPath
F192V,0.7127,LPath
F192W,0.5013,Amb
F192Y,0.1108,LBen
T193A,0.1264,LBen
T193C,0.2633,LBen
T193D,0.9327,LPath
T193E,0.8722,LPath
T193F,0.7289,LPath
T193G,0.4075,Amb
T193H,0.7502,LPath
T193I,0.3865,Amb
T193K,0.799,LPath
T193L,0.13,LBen
T193M,0.1221,LBen
T193N,0.5657,LPath
T193P,0.6099,LPath
T193Q,0.6689,LPath
T193R,0.658,LPath
T193S,0.1919,LBen
T193V,0.2255,LBen
T193W,0.9073,LPath
T193Y,0.8384,LPath
G194A,0.1594,LBen
G194C,0.2356,LBen
G194D,0.2116,LBen
G194E,0.2599,LBen
G194F,0.6991,LPath
G194H,0.3222,LBen
G194I,0.526,Amb
G194K,0.3756,Amb
G194L,0.4975,Amb
G194M,0.5339,Amb
G194N,0.2197,LBen
G194P,0.8064,LPath
G194Q,0.2681,LBen
G194R,0.2567,LBen
G194S,0.0982,LBen
G194T,0.1803,LBen
G194V,0.3431,Amb
G194W,0.5602,Amb
G194Y,0.5292,Amb
L195A,0.9117,LPath
L195C,0.8078,LPath
L195D,0.9986,LPath
L195E,0.9886,LPath
L195F,0.5746,LPath
L195G,0.9757,LPath
L195H,0.9606,LPath
L195I,0.2389,LBen
L195K,0.9678,LPath
L195M,0.326,LBen
L195N,0.9807,LPath
L195P,0.9703,LPath
L195Q,0.9213,LPath
L195R,0.9247,LPath
L195S,0.9742,LPath
L195T,0.9245,LPath
L195V,0.3093,LBen
L195W,0.8648,LPath
L195Y,0.9372,LPath
K196A,0.6206,LPath
K196C,0.5764,LPath
K196D,0.8817,LPath
K196E,0.4072,Amb
K196F,0.9191,LPath
K196G,0.6471,LPath
K196H,0.2791,LBen
K196I,0.6647,LPath
K196L,0.5832,LPath
K196M,0.4849,Amb
K196N,0.7076,LPath
K196P,0.9453,LPath
K196Q,0.1415,LBen
K196R,0.0633,LBen
K196S,0.6241,LPath
K196T,0.3568,Amb
K196V,0.5526,Amb
K196W,0.8115,LPath
K196Y,0.8062,LPath
T197A,0.0705,LBen
T197C,0.2364,LBen
T197D,0.8251,LPath
T197E,0.7145,LPath
T197F,0.3354,LBen
T197G,0.2634,LBen
T197H,0.4867,Amb
T197I,0.202,LBen
T197K,0.5988,LPath
T197L,0.1288,LBen
T197M,0.0822,LBen
T197N,0.2852,LBen
T197P,0.2006,LBen
T197Q,0.4998,Amb
T197R,0.5226,Amb
T197S,0.1253,LBen
T197V,0.1334,LBen
T197W,0.6954,LPath
T197Y,0.4054,Amb
A198C,0.4037,Amb
A198D,0.859,LPath
A198E,0.7134,LPath
A198F,0.6971,LPath
A198G,0.3018,LBen
A198H,0.8073,LPath
A198I,0.3153,LBen
A198K,0.8555,LPath
A198L,0.3927,Amb
A198M,0.3342,LBen
A198N,0.6526,LPath
A198P,0.9768,LPath
A198Q,0.6498,LPath
A198R,0.7587,LPath
A198S,0.121,LBen
A198T,0.1042,LBen
A198V,0.1365,LBen
A198W,0.9567,LPath
A198Y,0.8594,LPath
L199A,0.4123,Amb
L199C,0.5669,LPath
L199D,0.988,LPath
L199E,0.9077,LPath
L199F,0.6152,LPath
L199G,0.8175,LPath
L199H,0.8444,LPath
L199I,0.1478,LBen
L199K,0.8848,LPath
L199M,0.2106,LBen
L199N,0.8701,LPath
L199P,0.8398,LPath
L199Q,0.6281,LPath
L199R,0.7579,LPath
L199S,0.6432,LPath
L199T,0.4342,Amb
L199V,0.093,LBen
L199W,0.8747,LPath
L199Y,0.9014,LPath
I200A,0.9711,LPath
I200C,0.9579,LPath
I200D,0.9995,LPath
I200E,0.9987,LPath
I200F,0.7822,LPath
I200G,0.9962,LPath
I200H,0.9962,LPath
I200K,0.998,LPath
I200L,0.257,LBen
I200M,0.5711,LPath
I200N,0.9915,LPath
I200P,0.9941,LPath
I200Q,0.9965,LPath
I200R,0.9962,LPath
I200S,0.9803,LPath
I200T,0.9742,LPath
I200V,0.1271,LBen
I200W,0.9959,LPath
I200Y,0.9824,LPath
L201A,0.7936,LPath
L201C,0.818,LPath
L201D,0.998,LPath
L201E,0.9859,LPath
L201F,0.7509,LPath
L201G,0.9652,LPath
L201H,0.9458,LPath
L201I,0.2472,LBen
L201K,0.9774,LPath
L201M,0.447,Amb
L201N,0.9836,LPath
L201P,0.9705,LPath
L201Q,0.9285,LPath
L201R,0.9192,LPath
L201S,0.9039,LPath
L201T,0.6516,LPath
L201V,0.1884,LBen
L201W,0.8993,LPath
L201Y,0.9618,LPath
G202A,0.9584,LPath
G202C,0.9907,LPath
G202D,0.9965,LPath
G202E,0.9975,LPath
G202F,0.9981,LPath
G202H,0.999,LPath
G202I,0.9947,LPath
G202K,0.9989,LPath
G202L,0.9958,LPath
G202M,0.9984,LPath
G202N,0.999,LPath
G202P,0.9977,LPath
G202Q,0.9982,LPath
G202R,0.9961,LPath
G202S,0.9696,LPath
G202T,0.9907,LPath
G202V,0.9912,LPath
G202W,0.9935,LPath
G202Y,0.9977,LPath
G203A,0.9363,LPath
G203C,0.9738,LPath
G203D,0.9867,LPath
G203E,0.9889,LPath
G203F,0.9956,LPath
G203H,0.9961,LPath
G203I,0.9879,LPath
G203K,0.9942,LPath
G203L,0.9938,LPath
G203M,0.9936,LPath
G203N,0.9878,LPath
G203P,0.9987,LPath
G203Q,0.9914,LPath
G203R,0.9832,LPath
G203S,0.8548,LPath
G203T,0.9703,LPath
G203V,0.9822,LPath
G203W,0.9838,LPath
G203Y,0.995,LPath
D204A,0.7322,LPath
D204C,0.9509,LPath
D204E,0.4819,Amb
D204F,0.9476,LPath
D204G,0.6534,LPath
D204H,0.857,LPath
D204I,0.9255,LPath
D204K,0.9248,LPath
D204L,0.9031,LPath
D204M,0.9606,LPath
D204N,0.4117,Amb
D204P,0.9832,LPath
D204Q,0.8401,LPath
D204R,0.9128,LPath
D204S,0.5029,Amb
D204T,0.8344,LPath
D204V,0.8248,LPath
D204W,0.9859,LPath
D204Y,0.7545,LPath
R205A,0.4304,Amb
R205C,0.3121,LBen
R205D,0.7708,LPath
R205E,0.552,Amb
R205F,0.896,LPath
R205G,0.2476,LBen
R205H,0.1787,LBen
R205I,0.7212,LPath
R205K,0.0731,LBen
R205L,0.5209,Amb
R205M,0.5125,Amb
R205N,0.599,LPath
R205P,0.7601,LPath
R205Q,0.1371,LBen
R205S,0.3578,Amb
R205T,0.3501,Amb
R205V,0.6824,LPath
R205W,0.4989,Amb
R205Y,0.7635,LPath
M206A,0.9615,LPath
M206C,0.9911,LPath
M206D,0.9963,LPath
M206E,0.9718,LPath
M206F,0.8105,LPath
M206G,0.9902,LPath
M206H,0.9876,LPath
M206I,0.7083,LPath
M206K,0.9237,LPath
M206L,0.2732,LBen
M206N,0.9804,LPath
M206P,0.9731,LPath
M206Q,0.908,LPath
M206R,0.9293,LPath
M206S,0.9801,LPath
M206T,0.9192,LPath
M206V,0.4122,Amb
M206W,0.9642,LPath
M206Y,0.9698,LPath
E207A,0.4359,Amb
E207C,0.9845,LPath
E207D,0.1997,LBen
E207F,0.9863,LPath
E207G,0.5049,Amb
E207H,0.9163,LPath
E207I,0.9088,LPath
E207K,0.6427,LPath
E207L,0.9136,LPath
E207M,0.9016,LPath
E207N,0.6807,LPath
E207P,0.9302,LPath
E207Q,0.4471,Amb
E207R,0.7725,LPath
E207S,0.563,Amb
E207T,0.6845,LPath
E207V,0.7377,LPath
E207W,0.989,LPath
E207Y,0.9607,LPath
D208A,0.353,Amb
D208C,0.8752,LPath
D208E,0.2161,LBen
D208F,0.8189,LPath
D208G,0.3582,Amb
D208H,0.5932,LPath
D208I,0.6664,LPath
D208K,0.7132,LPath
D208L,0.6547,LPath
D208M,0.8023,LPath
D208N,0.2259,LBen
D208P,0.9675,LPath
D208Q,0.5713,LPath
D208R,0.7616,LPath
D208S,0.2934,LBen
D208T,0.4763,Amb
D208V,0.4041,Amb
D208W,0.9531,LPath
D208Y,0.4142,Amb
Q209A,0.7673,LPath
Q209C,0.987,LPath
Q209D,0.8521,LPath
Q209E,0.4836,Amb
Q209F,0.9963,LPath
Q209G,0.8414,LPath
Q209H,0.884,LPath
Q209I,0.9699,LPath
Q209K,0.9591,LPath
Q209L,0.9407,LPath
Q209M,0.8996,LPath
Q209N,0.5563,Amb
Q209P,0.967,LPath
Q209R,0.96,LPath
Q209S,0.5867,LPath
Q209T,0.7887,LPath
Q209V,0.9478,LPath
Q209W,0.9975,LPath
Q209Y,0.9937,LPath
F210A,0.9922,LPath
F210C,0.9918,LPath
F210D,0.9979,LPath
F210E,0.9971,LPath
F210G,0.9968,LPath
F210H,0.9923,LPath
F210I,0.9755,LPath
F210K,0.9975,LPath
F210L,0.9975,LPath
F210M,0.975,LPath
F210N,0.996,LPath
F210P,0.9998,LPath
F210Q,0.997,LPath
F210R,0.9939,LPath
F210S,0.9965,LPath
F210T,0.9967,LPath
F210V,0.9805,LPath
F210W,0.9313,LPath
F210Y,0.7778,LPath
A211C,0.5134,Amb
A211D,0.6478,LPath
A211E,0.351,Amb
A211F,0.5166,Amb
A211G,0.2105,LBen
A211H,0.6061,LPath
A211I,0.4535,Amb
A211K,0.6791,LPath
A211L,0.2687,LBen
A211M,0.2644,LBen
A211N,0.4667,Amb
A211P,0.9284,LPath
A211Q,0.3813,Amb
A211R,0.5599,Amb
A211S,0.0894,LBen
A211T,0.1257,LBen
A211V,0.2193,LBen
A211W,0.8497,LPath
A211Y,0.6656,LPath
A212C,0.5452,Amb
A212D,0.7454,LPath
A212E,0.6332,LPath
A212F,0.5091,Amb
A212G,0.3907,Amb
A212H,0.7474,LPath
A212I,0.3504,Amb
A212K,0.8255,LPath
A212L,0.2414,LBen
A212M,0.2688,LBen
A212N,0.5705,LPath
A212P,0.9769,LPath
A212Q,0.5809,LPath
A212R,0.7124,LPath
A212S,0.135,LBen
A212T,0.1467,LBen
A212V,0.1599,LBen
A212W,0.9133,LPath
A212Y,0.7481,LPath
L213A,0.9175,LPath
L213C,0.9109,LPath
L213D,0.9995,LPath
L213E,0.9943,LPath
L213F,0.6008,LPath
L213G,0.9929,LPath
L213H,0.9857,LPath
L213I,0.1387,LBen
L213K,0.9914,LPath
L213M,0.2077,LBen
L213N,0.9958,LPath
L213P,0.9935,LPath
L213Q,0.9667,LPath
L213R,0.9767,LPath
L213S,0.9811,LPath
L213T,0.938,LPath
L213V,0.188,LBen
L213W,0.9209,LPath
L213Y,0.9674,LPath
H214A,0.8762,LPath
H214C,0.6343,LPath
H214D,0.9193,LPath
H214E,0.9336,LPath
H214F,0.8928,LPath
H214G,0.8794,LPath
H214I,0.9659,LPath
H214K,0.8868,LPath
H214L,0.6457,LPath
H214M,0.9314,LPath
H214N,0.7132,LPath
H214P,0.9202,LPath
H214Q,0.8044,LPath
H214R,0.6307,LPath
H214S,0.7906,LPath
H214T,0.9258,LPath
H214V,0.9305,LPath
H214W,0.797,LPath
H214Y,0.5996,LPath
E215A,0.2662,LBen
E215C,0.8929,LPath
E215D,0.2744,LBen
E215F,0.9519,LPath
E215G,0.2024,LBen
E215H,0.6555,LPath
E215I,0.7981,LPath
E215K,0.2581,LBen
E215L,0.7171,LPath
E215M,0.7403,LPath
E215N,0.4464,Amb
E215P,0.9711,LPath
E215Q,0.1748,LBen
E215R,0.3716,Amb
E215S,0.2988,LBen
E215T,0.3965,Amb
E215V,0.5524,Amb
E215W,0.9746,LPath
E215Y,0.8812,LPath
N216A,0.6506,LPath
N216C,0.4277,Amb
N216D,0.5119,Amb
N216E,0.8059,LPath
N216F,0.8425,LPath
N216G,0.6941,LPath
N216H,0.2985,LBen
N216I,0.4655,Amb
N216K,0.5972,LPath
N216L,0.5477,Amb
N216M,0.5108,Amb
N216P,0.9613,LPath
N216Q,0.664,LPath
N216R,0.6895,LPath
N216S,0.2709,LBen
N216T,0.4156,Amb
N216V,0.5312,Amb
N216W,0.9359,LPath
N216Y,0.356,Amb
P217A,0.6924,LPath
P217C,0.9571,LPath
P217D,0.9961,LPath
P217E,0.9918,LPath
P217F,0.9968,LPath
P217G,0.9762,LPath
P217H,0.9806,LPath
P217I,0.9589,LPath
P217K,0.9909,LPath
P217L,0.8966,LPath
P217M,0.9738,LPath
P217N,0.9918,LPath
P217Q,0.9755,LPath
P217R,0.9653,LPath
P217S,0.9107,LPath
P217T,0.8218,LPath
P217V,0.894,LPath
P217W,0.997,LPath
P217Y,0.9952,LPath
D218A,0.8917,LPath
D218C,0.98,LPath
D218E,0.9115,LPath
D218F,0.9947,LPath
D218G,0.9027,LPath
D218H,0.937,LPath
D218I,0.9917,LPath
D218K,0.9928,LPath
D218L,0.9826,LPath
D218M,0.9944,LPath
D218N,0.6921,LPath
D218P,0.9965,LPath
D218Q,0.9726,LPath
D218R,0.9881,LPath
D218S,0.7441,LPath
D218T,0.9665,LPath
D218V,0.9613,LPath
D218W,0.9985,LPath
D218Y,0.95,LPath
I219A,0.9019,LPath
I219C,0.8607,LPath
I219D,0.9985,LPath
I219E,0.9968,LPath
I219F,0.7611,LPath
I219G,0.9856,LPath
I219H,0.993,LPath
I219K,0.9947,LPath
I219L,0.3076,LBen
I219M,0.3271,LBen
I219N,0.9802,LPath
I219P,0.9978,LPath
I219Q,0.9942,LPath
I219R,0.9888,LPath
I219S,0.9498,LPath
I219T,0.9075,LPath
I219V,0.0888,LBen
I219W,0.9923,LPath
I219Y,0.9706,LPath
I220A,0.9351,LPath
I220C,0.9343,LPath
I220D,0.9993,LPath
I220E,0.998,LPath
I220F,0.6866,LPath
I220G,0.9939,LPath
I220H,0.9944,LPath
I220K,0.9957,LPath
I220L,0.1329,LBen
I220M,0.2766,LBen
I220N,0.9911,LPath
I220P,0.9969,LPath
I220Q,0.9954,LPath
I220R,0.9921,LPath
I220S,0.9739,LPath
I220T,0.929,LPath
I220V,0.116,LBen
I220W,0.9881,LPath
I220Y,0.9643,LPath
I221A,0.8506,LPath
I221C,0.9439,LPath
I221D,0.9994,LPath
I221E,0.9979,LPath
I221F,0.7407,LPath
I221G,0.9922,LPath
I221H,0.9968,LPath
I221K,0.9972,LPath
I221L,0.3341,LBen
I221M,0.3632,Amb
I221N,0.9913,LPath
I221P,0.9946,LPath
I221Q,0.996,LPath
I221R,0.9942,LPath
I221S,0.9545,LPath
I221T,0.7778,LPath
I221V,0.1099,LBen
I221W,0.9949,LPath
I221Y,0.9869,LPath
A222C,0.8756,LPath
A222D,0.997,LPath
A222E,0.9985,LPath
A222F,0.9947,LPath
A222G,0.1193,LBen
A222H,0.9984,LPath
A222I,0.9949,LPath
A222K,0.9996,LPath
A222L,0.9722,LPath
A222M,0.9862,LPath
A222N,0.9947,LPath
A222P,0.9969,LPath
A222Q,0.9958,LPath
A222R,0.9977,LPath
A222S,0.2811,LBen
A222T,0.8509,LPath
A222V,0.9628,LPath
A222W,0.9997,LPath
A222Y,0.9984,LPath
T223A,0.8286,LPath
T223C,0.9813,LPath
T223D,0.9983,LPath
T223E,0.9949,LPath
T223F,0.9947,LPath
T223G,0.9793,LPath
T223H,0.9942,LPath
T223I,0.9719,LPath
T223K,0.9928,LPath
T223L,0.9042,LPath
T223M,0.8708,LPath
T223N,0.9745,LPath
T223P,0.8499,LPath
T223Q,0.9925,LPath
T223R,0.9904,LPath
T223S,0.8428,LPath
T223V,0.9086,LPath
T223W,0.9995,LPath
T223Y,0.9977,LPath
P224A,0.8247,LPath
P224C,0.9926,LPath
P224D,0.9989,LPath
P224E,0.997,LPath
P224F,0.9993,LPath
P224G,0.9869,LPath
P224H,0.9967,LPath
P224I,0.9913,LPath
P224K,0.998,LPath
P224L,0.9488,LPath
P224M,0.9941,LPath
P224N,0.9981,LPath
P224Q,0.9931,LPath
P224R,0.9876,LPath
P224S,0.9578,LPath
P224T,0.9386,LPath
P224V,0.9654,LPath
P224W,0.9997,LPath
P224Y,0.9995,LPath
G225A,0.9145,LPath
G225C,0.9828,LPath
G225D,0.9962,LPath
G225E,0.9947,LPath
G225F,0.9972,LPath
G225H,0.9982,LPath
G225I,0.9937,LPath
G225K,0.9979,LPath
G225L,0.9909,LPath
G225M,0.9956,LPath
G225N,0.995,LPath
G225P,0.9981,LPath
G225Q,0.9941,LPath
G225R,0.9895,LPath
G225S,0.8636,LPath
G225T,0.9828,LPath
G225V,0.9816,LPath
G225W,0.9924,LPath
G225Y,0.9968,LPath
R226A,0.9981,LPath
R226C,0.9721,LPath
R226D,0.9987,LPath
R226E,0.9894,LPath
R226F,0.998,LPath
R226G,0.9943,LPath
R226H,0.9698,LPath
R226I,0.9945,LPath
R226K,0.9844,LPath
R226L,0.9891,LPath
R226M,0.9985,LPath
R226N,0.9958,LPath
R226P,0.9981,LPath
R226Q,0.9726,LPath
R226S,0.9977,LPath
R226T,0.9987,LPath
R226V,0.9965,LPath
R226W,0.9801,LPath
R226Y,0.9953,LPath
L227A,0.8751,LPath
L227C,0.8736,LPath
L227D,0.9996,LPath
L227E,0.9971,LPath
L227F,0.2425,LBen
L227G,0.9803,LPath
L227H,0.9894,LPath
L227I,0.4124,Amb
L227K,0.9967,LPath
L227M,0.2457,LBen
L227N,0.9978,LPath
L227P,0.9977,LPath
L227Q,0.9846,LPath
L227R,0.989,LPath
L227S,0.9863,LPath
L227T,0.9308,LPath
L227V,0.3664,Amb
L227W,0.8366,LPath
L227Y,0.9252,LPath
V228A,0.258,LBen
V228C,0.6665,LPath
V228D,0.8877,LPath
V228E,0.6203,LPath
V228F,0.3538,Amb
V228G,0.3356,LBen
V228H,0.8429,LPath
V228I,0.1528,LBen
V228K,0.768,LPath
V228L,0.1509,LBen
V228M,0.088,LBen
V228N,0.6779,LPath
V228P,0.9645,LPath
V228Q,0.4774,Amb
V228R,0.6918,LPath
V228S,0.3657,Amb
V228T,0.3284,LBen
V228W,0.901,LPath
V228Y,0.8032,LPath
H229A,0.9861,LPath
H229C,0.9328,LPath
H229D,0.9844,LPath
H229E,0.9945,LPath
H229F,0.9582,LPath
H229G,0.99,LPath
H229I,0.9962,LPath
H229K,0.9914,LPath
H229L,0.9434,LPath
H229M,0.9866,LPath
H229N,0.9564,LPath
H229P,0.9803,LPath
H229Q,0.9705,LPath
H229R,0.972,LPath
H229S,0.9742,LPath
H229T,0.9951,LPath
H229V,0.9945,LPath
H229W,0.9373,LPath
H229Y,0.8924,LPath
V230A,0.6199,LPath
V230C,0.8878,LPath
V230D,0.9946,LPath
V230E,0.9724,LPath
V230F,0.8218,LPath
V230G,0.8831,LPath
V230H,0.9847,LPath
V230I,0.0956,LBen
V230K,0.9878,LPath
V230L,0.3433,Amb
V230M,0.4176,Amb
V230N,0.9715,LPath
V230P,0.9968,LPath
V230Q,0.9691,LPath
V230R,0.981,LPath
V230S,0.8983,LPath
V230T,0.635,LPath
V230W,0.9935,LPath
V230Y,0.9838,LPath
A231C,0.4411,Amb
A231D,0.9184,LPath
A231E,0.8352,LPath
A231F,0.6717,LPath
A231G,0.34,Amb
A231H,0.9259,LPath
A231I,0.2517,LBen
A231K,0.9543,LPath
A231L,0.2157,LBen
A231M,0.211,LBen
A231N,0.802,LPath
A231P,0.9838,LPath
A231Q,0.8089,LPath
A231R,0.925,LPath
A231S,0.1645,LBen
A231T,0.13,LBen
A231V,0.1158,LBen
A231W,0.949,LPath
A231Y,0.879,LPath
V232A,0.3635,Amb
V232C,0.8838,LPath
V232D,0.9058,LPath
V232E,0.6493,LPath
V232F,0.461,Amb
V232G,0.5069,Amb
V232H,0.8899,LPath
V232I,0.1041,LBen
V232K,0.6351,LPath
V232L,0.296,LBen
V232M,0.135,LBen
V232N,0.773,LPath
V232P,0.9847,LPath
V232Q,0.5546,Amb
V232R,0.5819,LPath
V232S,0.5721,LPath
V232T,0.322,LBen
V232W,0.9396,LPath
V232Y,0.8924,LPath
E233A,0.8261,LPath
E233C,0.9814,LPath
E233D,0.9271,LPath
E233F,0.9979,LPath
E233G,0.865,LPath
E233H,0.9881,LPath
E233I,0.9868,LPath
E233K,0.9619,LPath
E233L,0.9817,LPath
E233M,0.9792,LPath
E233N,0.9642,LPath
E233P,0.9963,LPath
E233Q,0.7645,LPath
E233R,0.964,LPath
E233S,0.8963,LPath
E233T,0.953,LPath
E233V,0.9419,LPath
E233W,0.9991,LPath
E233Y,0.995,LPath
M234A,0.9103,LPath
M234C,0.9473,LPath
M234D,0.9943,LPath
M234E,0.9818,LPath
M234F,0.9324,LPath
M234G,0.9521,LPath
M234H,0.9883,LPath
M234I,0.9617,LPath
M234K,0.9315,LPath
M234L,0.7215,LPath
M234N,0.9511,LPath
M234P,0.9977,LPath
M234Q,0.9043,LPath
M234R,0.9426,LPath
M234S,0.9149,LPath
M234T,0.8588,LPath
M234V,0.6942,LPath
M234W,0.9918,LPath
M234Y,0.9816,LPath
S235A,0.1132,LBen
S235C,0.1227,LBen
S235D,0.0866,LBen
S235E,0.1907,LBen
S235F,0.4598,Amb
S235G,0.0753,LBen
S235H,0.1193,LBen
S235I,0.3477,Amb
S235K,0.1892,LBen
S235L,0.2605,LBen
S235M,0.2876,LBen
S235N,0.0481,LBen
S235P,0.6586,LPath
S235Q,0.1685,LBen
S235R,0.2086,LBen
S235T,0.1295,LBen
S235V,0.3161,LBen
S235W,0.4909,Amb
S235Y,0.233,LBen
L236A,0.7241,LPath
L236C,0.6727,LPath
L236D,0.9787,LPath
L236E,0.8324,LPath
L236F,0.2281,LBen
L236G,0.8756,LPath
L236H,0.6848,LPath
L236I,0.2503,LBen
L236K,0.7014,LPath
L236M,0.1379,LBen
L236N,0.9093,LPath
L236P,0.9563,LPath
L236Q,0.4455,Amb
L236R,0.5494,Amb
L236S,0.8145,LPath
L236T,0.7309,LPath
L236V,0.2208,LBen
L236W,0.4191,Amb
L236Y,0.6595,LPath
K237A,0.5353,Amb
K237C,0.6832,LPath
K237D,0.694,LPath
K237E,0.4027,Amb
K237F,0.91,LPath
K237G,0.5539,Amb
K237H,0.265,LBen
K237I,0.7302,LPath
K237L,0.5723,LPath
K237M,0.4714,Amb
K237N,0.5337,Amb
K237P,0.64,LPath
K237Q,0.1545,LBen
K237R,0.085,LBen
K237S,0.4934,Amb
K237T,0.326,LBen
K237V,0.6325,LPath
K237W,0.8202,LPath
K237Y,0.7704,LPath
L238A,0.9441,LPath
L238C,0.901,LPath
L238D,0.9967,LPath
L238E,0.9879,LPath
L238F,0.3049,LBen
L238G,0.9642,LPath
L238H,0.9729,LPath
L238I,0.3996,Amb
L238K,0.9851,LPath
L238M,0.2298,LBen
L238N,0.9835,LPath
L238P,0.9394,LPath
L238Q,0.9558,LPath
L238R,0.9716,LPath
L238S,0.9819,LPath
L238T,0.9361,LPath
L238V,0.4956,Amb
L238W,0.6513,LPath
L238Y,0.8555,LPath
Q239A,0.1412,LBen
Q239C,0.3278,LBen
Q239D,0.2108,LBen
Q239E,0.0985,LBen
Q239F,0.4968,Amb
Q239G,0.1351,LBen
Q239H,0.092,LBen
Q239I,0.3759,Amb
Q239K,0.1041,LBen
Q239L,0.1267,LBen
Q239M,0.3323,LBen
Q239N,0.1512,LBen
Q239P,0.1234,LBen
Q239R,0.0817,LBen
Q239S,0.1218,LBen
Q239T,0.1473,LBen
Q239V,0.2317,LBen
Q239W,0.3215,LBen
Q239Y,0.2596,LBen
S240A,0.0701,LBen
S240C,0.0927,LBen
S240D,0.2957,LBen
S240E,0.4203,Amb
S240F,0.212,LBen
S240G,0.0671,LBen
S240H,0.2281,LBen
S240I,0.2749,LBen
S240K,0.4477,Amb
S240L,0.1191,LBen
S240M,0.1582,LBen
S240N,0.0996,LBen
S240P,0.5184,Amb
S240Q,0.3392,LBen
S240R,0.3811,Amb
S240T,0.0776,LBen
S240V,0.2138,LBen
S240W,0.2671,LBen
S240Y,0.1651,LBen
V241A,0.418,Amb
V241C,0.8111,LPath
V241D,0.9851,LPath
V241E,0.9472,LPath
V241F,0.7818,LPath
V241G,0.7721,LPath
V241H,0.9885,LPath
V241I,0.1042,LBen
V241K,0.9586,LPath
V241L,0.3736,Amb
V241M,0.177,LBen
V241N,0.9398,LPath
V241P,0.9599,LPath
V241Q,0.9127,LPath
V241R,0.9433,LPath
V241S,0.7086,LPath
V241T,0.3695,Amb
V241W,0.9917,LPath
V241Y,0.983,LPath
E242A,0.1964,LBen
E242C,0.7536,LPath
E242D,0.2128,LBen
E242F,0.8651,LPath
E242G,0.2387,LBen
E242H,0.4111,Amb
E242I,0.5769,LPath
E242K,0.1811,LBen
E242L,0.553,Amb
E242M,0.5904,LPath
E242N,0.3236,LBen
E242P,0.9308,LPath
E242Q,0.0926,LBen
E242R,0.2215,LBen
E242S,0.1945,LBen
E242T,0.2544,LBen
E242V,0.3602,Amb
E242W,0.9147,LPath
E242Y,0.7206,LPath
Y243A,0.8255,LPath
Y243C,0.4408,Amb
Y243D,0.9291,LPath
Y243E,0.9739,LPath
Y243F,0.1291,LBen
Y243G,0.8558,LPath
Y243H,0.887,LPath
Y243I,0.557,Amb
Y243K,0.9831,LPath
Y243L,0.5744,LPath
Y243M,0.5166,Amb
Y243N,0.7371,LPath
Y243P,0.996,LPath
Y243Q,0.9636,LPath
Y243R,0.9754,LPath
Y243S,0.7403,LPath
Y243T,0.7107,LPath
Y243V,0.4369,Amb
Y243W,0.7648,LPath
V244A,0.1725,LBen
V244C,0.665,LPath
V244D,0.9744,LPath
V244E,0.9439,LPath
V244F,0.5648,LPath
V244G,0.5398,Amb
V244H,0.9748,LPath
V244I,0.0992,LBen
V244K,0.9661,LPath
V244L,0.3122,LBen
V244M,0.2327,LBen
V244N,0.8982,LPath
V244P,0.9824,LPath
V244Q,0.9215,LPath
V244R,0.9394,LPath
V244S,0.5004,Amb
V244T,0.2809,LBen
V244W,0.984,LPath
V244Y,0.9457,LPath
V245A,0.7308,LPath
V245C,0.8903,LPath
V245D,0.9979,LPath
V245E,0.9962,LPath
V245F,0.9666,LPath
V245G,0.9178,LPath
V245H,0.9986,LPath
V245I,0.1559,LBen
V245K,0.9986,LPath
V245L,0.8929,LPath
V245M,0.8918,LPath
V245N,0.9885,LPath
V245P,0.9948,LPath
V245Q,0.9951,LPath
V245R,0.9957,LPath
V245S,0.8699,LPath
V245T,0.8113,LPath
V245W,0.9996,LPath
V245Y,0.9978,LPath
F246A,0.9474,LPath
F246C,0.6825,LPath
F246D,0.9992,LPath
F246E,0.9989,LPath
F246G,0.9875,LPath
F246H,0.9908,LPath
F246I,0.7985,LPath
F246K,0.9992,LPath
F246L,0.9255,LPath
F246M,0.8013,LPath
F246N,0.9952,LPath
F246P,0.9996,LPath
F246Q,0.9972,LPath
F246R,0.9964,LPath
F246S,0.9706,LPath
F246T,0.9833,LPath
F246V,0.7613,LPath
F246W,0.8581,LPath
F246Y,0.6057,LPath
D247A,0.9967,LPath
D247C,0.9988,LPath
D247E,0.9937,LPath
D247F,0.9991,LPath
D247G,0.9946,LPath
D247H,0.9963,LPath
D247I,0.9988,LPath
D247K,0.9987,LPath
D247L,0.9941,LPath
D247M,0.9996,LPath
D247N,0.9887,LPath
D247P,0.9994,LPath
D247Q,0.9986,LPath
D247R,0.9963,LPath
D247S,0.9889,LPath
D247T,0.9978,LPath
D247V,0.9965,LPath
D247W,0.9989,LPath
D247Y,0.9932,LPath
E248A,0.9966,LPath
E248C,0.9991,LPath
E248D,0.9967,LPath
E248F,0.9999,LPath
E248G,0.994,LPath
E248H,0.9995,LPath
E248I,0.9996,LPath
E248K,0.9968,LPath
E248L,0.999,LPath
E248M,0.9968,LPath
E248N,0.9985,LPath
E248P,1.0,LPath
E248Q,0.9954,LPath
E248R,0.9972,LPath
E248S,0.9982,LPath
E248T,0.9991,LPath
E248V,0.9983,LPath
E248W,0.9999,LPath
E248Y,0.9998,LPath
A249C,0.8087,LPath
A249D,0.9972,LPath
A249E,0.9976,LPath
A249F,0.9887,LPath
A249G,0.4182,Amb
A249H,0.9987,LPath
A249I,0.9908,LPath
A249K,0.9996,LPath
A249L,0.9349,LPath
A249M,0.9403,LPath
A249N,0.9944,LPath
A249P,0.9979,LPath
A249Q,0.9955,LPath
A249R,0.997,LPath
A249S,0.5514,Amb
A249T,0.8933,LPath
A249V,0.9315,LPath
A249W,0.9991,LPath
A249Y,0.9965,LPath
D250A,0.9979,LPath
D250C,0.9997,LPath
D250E,0.9971,LPath
D250F,0.9992,LPath
D250G,0.9961,LPath
D250H,0.999,LPath
D250I,0.9996,LPath
D250K,0.9995,LPath
D250L,0.999,LPath
D250M,0.9998,LPath
D250N,0.9949,LPath
D250P,0.9995,LPath
D250Q,0.9992,LPath
D250R,0.9983,LPath
D250S,0.9952,LPath
D250T,0.9996,LPath
D250V,0.9983,LPath
D250W,0.9998,LPath
D250Y,0.9959,LPath
R251A,0.9154,LPath
R251C,0.4594,Amb
R251D,0.9896,LPath
R251E,0.9139,LPath
R251F,0.9664,LPath
R251G,0.8189,LPath
R251H,0.6174,LPath
R251I,0.8999,LPath
R251K,0.7699,LPath
R251L,0.8125,LPath
R251M,0.9137,LPath
R251N,0.9642,LPath
R251P,0.9959,LPath
R251Q,0.3995,Amb
R251S,0.9034,LPath
R251T,0.9173,LPath
R251V,0.8982,LPath
R251W,0.7706,LPath
R251Y,0.9143,LPath
L252A,0.9712,LPath
L252C,0.9638,LPath
L252D,0.9995,LPath
L252E,0.9973,LPath
L252F,0.9524,LPath
L252G,0.9954,LPath
L252H,0.9939,LPath
L252I,0.4701,Amb
L252K,0.9971,LPath
L252M,0.5263,Amb
L252N,0.9952,LPath
L252P,0.9969,LPath
L252Q,0.9869,LPath
L252R,0.9918,LPath
L252S,0.9922,LPath
L252T,0.9785,LPath
L252V,0.6416,LPath
L252W,0.9924,LPath
L252Y,0.9929,LPath
F253A,0.9704,LPath
F253C,0.9647,LPath
F253D,0.9982,LPath
F253E,0.9967,LPath
F253G,0.9847,LPath
F253H,0.9854,LPath
F253I,0.9626,LPath
F253K,0.9974,LPath
F253L,0.9813,LPath
F253M,0.9389,LPath
F253N,0.9952,LPath
F253P,0.9991,LPath
F253Q,0.9907,LPath
F253R,0.9884,LPath
F253S,0.9753,LPath
F253T,0.9858,LPath
F253V,0.94,LPath
F253W,0.8868,LPath
F253Y,0.8563,LPath
E254A,0.8472,LPath
E254C,0.9877,LPath
E254D,0.9314,LPath
E254F,0.9973,LPath
E254G,0.8194,LPath
E254H,0.9881,LPath
E254I,0.9923,LPath
E254K,0.9731,LPath
E254L,0.9825,LPath
E254M,0.9875,LPath
E254N,0.9842,LPath
E254P,0.9968,LPath
E254Q,0.7723,LPath
E254R,0.9549,LPath
E254S,0.8128,LPath
E254T,0.9588,LPath
E254V,0.9681,LPath
E254W,0.9989,LPath
E254Y,0.9952,LPath
M255A,0.8901,LPath
M255C,0.9665,LPath
M255D,0.9799,LPath
M255E,0.9415,LPath
M255F,0.8804,LPath
M255G,0.9363,LPath
M255H,0.9703,LPath
M255I,0.9126,LPath
M255K,0.919,LPath
M255L,0.2273,LBen
M255N,0.9008,LPath
M255P,0.9968,LPath
M255Q,0.8247,LPath
M255R,0.9206,LPath
M255S,0.9045,LPath
M255T,0.8869,LPath
M255V,0.6178,LPath
M255W,0.9581,LPath
M255Y,0.9581,LPath
G256A,0.8268,LPath
G256C,0.9159,LPath
G256D,0.8648,LPath
G256E,0.9366,LPath
G256F,0.9949,LPath
G256H,0.9738,LPath
G256I,0.9847,LPath
G256K,0.981,LPath
G256L,0.9824,LPath
G256M,0.9883,LPath
G256N,0.8796,LPath
G256P,0.9965,LPath
G256Q,0.9563,LPath
G256R,0.961,LPath
G256S,0.6703,LPath
G256T,0.9398,LPath
G256V,0.9627,LPath
G256W,0.9887,LPath
G256Y,0.9812,LPath
F257A,0.9853,LPath
F257C,0.9549,LPath
F257D,0.9966,LPath
F257E,0.9956,LPath
F257G,0.9906,LPath
F257H,0.9762,LPath
F257I,0.9562,LPath
F257K,0.9954,LPath
F257L,0.9757,LPath
F257M,0.8933,LPath
F257N,0.9821,LPath
F257P,0.9997,LPath
F257Q,0.9896,LPath
F257R,0.9887,LPath
F257S,0.9876,LPath
F257T,0.9933,LPath
F257V,0.951,LPath
F257W,0.8892,LPath
F257Y,0.7234,LPath
A258C,0.557,Amb
A258D,0.6598,LPath
A258E,0.3627,Amb
A258F,0.5201,Amb
A258G,0.1486,LBen
A258H,0.5802,LPath
A258I,0.4388,Amb
A258K,0.5814,LPath
A258L,0.2918,LBen
A258M,0.2821,LBen
A258N,0.5157,Amb
A258P,0.8267,LPath
A258Q,0.3111,LBen
A258R,0.4416,Amb
A258S,0.0942,LBen
A258T,0.1289,LBen
A258V,0.2014,LBen
A258W,0.8287,LPath
A258Y,0.6754,LPath
E259A,0.2132,LBen
E259C,0.9135,LPath
E259D,0.1833,LBen
E259F,0.8928,LPath
E259G,0.205,LBen
E259H,0.6546,LPath
E259I,0.5454,Amb
E259K,0.2807,LBen
E259L,0.5002,Amb
E259M,0.6085,LPath
E259N,0.4704,Amb
E259P,0.6383,LPath
E259Q,0.1762,LBen
E259R,0.3829,Amb
E259S,0.2809,LBen
E259T,0.3488,Amb
E259V,0.2802,LBen
E259W,0.9496,LPath
E259Y,0.8466,LPath
Q260A,0.3786,Amb
Q260C,0.9679,LPath
Q260D,0.9064,LPath
Q260E,0.2889,LBen
Q260F,0.9772,LPath
Q260G,0.705,LPath
Q260H,0.7932,LPath
Q260I,0.8905,LPath
Q260K,0.8504,LPath
Q260L,0.7063,LPath
Q260M,0.7671,LPath
Q260N,0.6846,LPath
Q260P,0.3066,LBen
Q260R,0.8811,LPath
Q260S,0.4932,Amb
Q260T,0.7559,LPath
Q260V,0.7915,LPath
Q260W,0.988,LPath
Q260Y,0.9511,LPath
L261A,0.8949,LPath
L261C,0.8502,LPath
L261D,0.9986,LPath
L261E,0.9833,LPath
L261F,0.8266,LPath
L261G,0.9754,LPath
L261H,0.9789,LPath
L261I,0.1972,LBen
L261K,0.9828,LPath
L261M,0.241,LBen
L261N,0.9823,LPath
L261P,0.9961,LPath
L261Q,0.9264,LPath
L261R,0.9693,LPath
L261S,0.9647,LPath
L261T,0.8518,LPath
L261V,0.2428,LBen
L261W,0.9536,LPath
L261Y,0.9794,LPath
Q262A,0.2328,LBen
Q262C,0.619,LPath
Q262D,0.4174,Amb
Q262E,0.0965,LBen
Q262F,0.779,LPath
Q262G,0.1655,LBen
Q262H,0.2137,LBen
Q262I,0.6336,LPath
Q262K,0.1077,LBen
Q262L,0.1795,LBen
Q262M,0.4705,Amb
Q262N,0.3058,LBen
Q262P,0.5019,Amb
Q262R,0.0902,LBen
Q262S,0.2485,LBen
Q262T,0.2261,LBen
Q262V,0.4002,Amb
Q262W,0.5325,Amb
Q262Y,0.5481,Amb
E263A,0.5471,Amb
E263C,0.9696,LPath
E263D,0.4236,Amb
E263F,0.978,LPath
E263G,0.5851,LPath
E263H,0.9187,LPath
E263I,0.9031,LPath
E263K,0.8265,LPath
E263L,0.8949,LPath
E263M,0.8963,LPath
E263N,0.7805,LPath
E263P,0.9944,LPath
E263Q,0.5732,LPath
E263R,0.8928,LPath
E263S,0.722,LPath
E263T,0.7744,LPath
E263V,0.7211,LPath
E263W,0.9908,LPath
E263Y,0.9377,LPath
I264A,0.8146,LPath
I264C,0.9034,LPath
I264D,0.9938,LPath
I264E,0.9854,LPath
I264F,0.759,LPath
I264G,0.9573,LPath
I264H,0.9888,LPath
I264K,0.9861,LPath
I264L,0.2481,LBen
I264M,0.1829,LBen
I264N,0.8834,LPath
I264P,0.9964,LPath
I264Q,0.9827,LPath
I264R,0.9837,LPath
I264S,0.8575,LPath
I264T,0.634,LPath
I264V,0.1549,LBen
I264W,0.9904,LPath
I264Y,0.9675,LPath
I265A,0.2206,LBen
I265C,0.6695,LPath
I265D,0.926,LPath
I265E,0.7903,LPath
I265F,0.2363,LBen
I265G,0.6525,LPath
I265H,0.706,LPath
I265K,0.5854,LPath
I265L,0.0617,LBen
I265M,0.0755,LBen
I265N,0.5902,LPath
I265P,0.8891,LPath
I265Q,0.5965,LPath
I265R,0.4928,Amb
I265S,0.3663,Amb
I265T,0.1387,LBen
I265V,0.0853,LBen
I265W,0.8203,LPath
I265Y,0.7233,LPath
A266C,0.1839,LBen
A266D,0.1686,LBen
A266E,0.1634,LBen
A266F,0.2044,LBen
A266G,0.0589,LBen
A266H,0.2173,LBen
A266I,0.1875,LBen
A266K,0.2716,LBen
A266L,0.1263,LBen
A266M,0.1754,LBen
A266N,0.1278,LBen
A266P,0.5346,Amb
A266Q,0.1861,LBen
A266R,0.1992,LBen
A266S,0.0641,LBen
A266T,0.0688,LBen
A266V,0.1035,LBen
A266W,0.3913,Amb
A266Y,0.2478,LBen
R267A,0.6691,LPath
R267C,0.2076,LBen
R267D,0.9018,LPath
R267E,0.7331,LPath
R267F,0.7555,LPath
R267G,0.4865,Amb
R267H,0.1693,LBen
R267I,0.6576,LPath
R267K,0.2445,LBen
R267L,0.4193,Amb
R267M,0.6513,LPath
R267N,0.8274,LPath
R267P,0.9191,LPath
R267Q,0.1759,LBen
R267S,0.7225,LPath
R267T,0.6725,LPath
R267V,0.6902,LPath
R267W,0.3038,LBen
R267Y,0.5917,LPath
L268A,0.769,LPath
L268C,0.6758,LPath
L268D,0.9951,LPath
L268E,0.9591,LPath
L268F,0.4113,Amb
L268G,0.9374,LPath
L268H,0.867,LPath
L268I,0.1462,LBen
L268K,0.9212,LPath
L268M,0.1695,LBen
L268N,0.9455,LPath
L268P,0.9738,LPath
L268Q,0.7581,LPath
L268R,0.8558,LPath
L268S,0.8633,LPath
L268T,0.702,LPath
L268V,0.1645,LBen
L268W,0.8265,LPath
L268Y,0.8904,LPath
P269A,0.2169,LBen
P269C,0.6802,LPath
P269D,0.6963,LPath
P269E,0.548,Amb
P269F,0.889,LPath
P269G,0.4034,Amb
P269H,0.3694,Amb
P269I,0.824,LPath
P269K,0.5463,Amb
P269L,0.4704,Amb
P269M,0.7704,LPath
P269N,0.5883,LPath
P269Q,0.3439,Amb
P269R,0.3426,Amb
P269S,0.2123,LBen
P269T,0.2527,LBen
P269V,0.6418,LPath
P269W,0.8714,LPath
P269Y,0.8267,LPath
G270A,0.0791,LBen
G270C,0.1152,LBen
G270D,0.1038,LBen
G270E,0.0935,LBen
G270F,0.3107,LBen
G270H,0.167,LBen
G270I,0.16,LBen
G270K,0.171,LBen
G270L,0.1989,LBen
G270M,0.2593,LBen
G270N,0.1627,LBen
G270P,0.2698,LBen
G270Q,0.1365,LBen
G270R,0.1198,LBen
G270S,0.0796,LBen
G270T,0.101,LBen
G270V,0.1013,LBen
G270W,0.2227,LBen
G270Y,0.2344,LBen
G271A,0.082,LBen
G271C,0.0914,LBen
G271D,0.0997,LBen
G271E,0.1065,LBen
G271F,0.2612,LBen
G271H,0.148,LBen
G271I,0.1318,LBen
G271K,0.1768,LBen
G271L,0.1956,LBen
G271M,0.2229,LBen
G271N,0.1171,LBen
G271P,0.4261,Amb
G271Q,0.1376,LBen
G271R,0.1277,LBen
G271S,0.0652,LBen
G271T,0.0873,LBen
G271V,0.0954,LBen
G271W,0.2192,LBen
G271Y,0.1966,LBen
H272A,0.288,LBen
H272C,0.1098,LBen
H272D,0.4483,Amb
H272E,0.3752,Amb
H272F,0.3036,LBen
H272G,0.2792,LBen
H272I,0.364,Amb
H272K,0.2424,LBen
H272L,0.1539,LBen
H272M,0.4915,Amb
H272N,0.1576,LBen
H272P,0.2033,LBen
H272Q,0.1592,LBen
H272R,0.0868,LBen
H272S,0.2373,LBen
H272T,0.2821,LBen
H272V,0.2859,LBen
H272W,0.3589,Amb
H272Y,0.1011,LBen
Q273A,0.7576,LPath
Q273C,0.9558,LPath
Q273D,0.9692,LPath
Q273E,0.4356,Amb
Q273F,0.9906,LPath
Q273G,0.7935,LPath
Q273H,0.9067,LPath
Q273I,0.9104,LPath
Q273K,0.5383,Amb
Q273L,0.7162,LPath
Q273M,0.8172,LPath
Q273N,0.8873,LPath
Q273P,0.7517,LPath
Q273R,0.5168,Amb
Q273S,0.771,LPath
Q273T,0.729,LPath
Q273V,0.8126,LPath
Q273W,0.9911,LPath
Q273Y,0.9882,LPath
T274A,0.1363,LBen
T274C,0.4357,Amb
T274D,0.8843,LPath
T274E,0.7925,LPath
T274F,0.5702,LPath
T274G,0.4923,Amb
T274H,0.5453,Amb
T274I,0.3886,Amb
T274K,0.5237,Amb
T274L,0.2057,LBen
T274M,0.0935,LBen
T274N,0.3707,Amb
T274P,0.7457,LPath
T274Q,0.5068,Amb
T274R,0.4228,Amb
T274S,0.1986,LBen
T274V,0.2167,LBen
T274W,0.8388,LPath
T274Y,0.6349,LPath
V275A,0.2984,LBen
V275C,0.7167,LPath
V275D,0.976,LPath
V275E,0.9339,LPath
V275F,0.6323,LPath
V275G,0.5654,LPath
V275H,0.9729,LPath
V275I,0.1011,LBen
V275K,0.9673,LPath
V275L,0.1242,LBen
V275M,0.1878,LBen
V275N,0.8752,LPath
V275P,0.9789,LPath
V275Q,0.906,LPath
V275R,0.9476,LPath
V275S,0.589,LPath
V275T,0.4767,Amb
V275W,0.9881,LPath
V275Y,0.9518,LPath
L276A,0.9196,LPath
L276C,0.8467,LPath
L276D,0.9997,LPath
L276E,0.998,LPath
L276F,0.7638,LPath
L276G,0.9852,LPath
L276H,0.9913,LPath
L276I,0.4755,Amb
L276K,0.9972,LPath
L276M,0.3605,Amb
L276N,0.9971,LPath
L276P,0.9957,LPath
L276Q,0.9843,LPath
L276R,0.9883,LPath
L276S,0.9823,LPath
L276T,0.9729,LPath
L276V,0.5014,Amb
L276W,0.9759,LPath
L276Y,0.9797,LPath
F277A,0.968,LPath
F277C,0.706,LPath
F277D,0.9993,LPath
F277E,0.9992,LPath
F277G,0.992,LPath
F277H,0.991,LPath
F277I,0.6353,LPath
F277K,0.9995,LPath
F277L,0.9576,LPath
F277M,0.8834,LPath
F277N,0.9943,LPath
F277P,0.9994,LPath
F277Q,0.9975,LPath
F277R,0.9979,LPath
F277S,0.9697,LPath
F277T,0.9732,LPath
F277V,0.519,Amb
F277W,0.9688,LPath
F277Y,0.796,LPath
S278A,0.8681,LPath
S278C,0.9149,LPath
S278D,0.9994,LPath
S278E,0.9984,LPath
S278F,0.9975,LPath
S278G,0.9397,LPath
S278H,0.9969,LPath
S278I,0.9968,LPath
S278K,0.9999,LPath
S278L,0.9765,LPath
S278M,0.991,LPath
S278N,0.9981,LPath
S278P,0.9958,LPath
S278Q,0.9982,LPath
S278R,0.9995,LPath
S278T,0.8161,LPath
S278V,0.9936,LPath
S278W,0.9941,LPath
S278Y,0.997,LPath
A279C,0.9811,LPath
A279D,0.9994,LPath
A279E,0.9969,LPath
A279F,0.986,LPath
A279G,0.9723,LPath
A279H,0.9971,LPath
A279I,0.994,LPath
A279K,0.9992,LPath
A279L,0.951,LPath
A279M,0.9863,LPath
A279N,0.9964,LPath
A279P,0.9969,LPath
A279Q,0.9929,LPath
A279R,0.9855,LPath
A279S,0.751,LPath
A279T,0.9739,LPath
A279V,0.9769,LPath
A279W,0.9985,LPath
A279Y,0.9955,LPath
T280A,0.9471,LPath
T280C,0.9924,LPath
T280D,0.9991,LPath
T280E,0.9958,LPath
T280F,0.9931,LPath
T280G,0.9899,LPath
T280H,0.9927,LPath
T280I,0.9818,LPath
T280K,0.9947,LPath
T280L,0.9438,LPath
T280M,0.8965,LPath
T280N,0.9845,LPath
T280P,0.9792,LPath
T280Q,0.9898,LPath
T280R,0.9913,LPath
T280S,0.9409,LPath
T280V,0.9391,LPath
T280W,0.9986,LPath
T280Y,0.996,LPath
L281A,0.9535,LPath
L281C,0.973,LPath
L281D,0.9996,LPath
L281E,0.996,LPath
L281F,0.836,LPath
L281G,0.9951,LPath
L281H,0.9893,LPath
L281I,0.5665,LPath
L281K,0.9882,LPath
L281M,0.3228,LBen
L281N,0.9957,LPath
L281P,0.9932,LPath
L281Q,0.9655,LPath
L281R,0.9682,LPath
L281S,0.9841,LPath
L281T,0.9635,LPath
L281V,0.5292,Amb
L281W,0.9571,LPath
L281Y,0.981,LPath
P282A,0.9483,LPath
P282C,0.9975,LPath
P282D,0.9945,LPath
P282E,0.9916,LPath
P282F,0.9992,LPath
P282G,0.9783,LPath
P282H,0.9852,LPath
P282I,0.9986,LPath
P282K,0.9963,LPath
P282L,0.9676,LPath
P282M,0.9962,LPath
P282N,0.9922,LPath
P282Q,0.9815,LPath
P282R,0.9873,LPath
P282S,0.9485,LPath
P282T,0.9553,LPath
P282V,0.9946,LPath
P282W,0.9992,LPath
P282Y,0.9989,LPath
K283A,0.3845,Amb
K283C,0.7573,LPath
K283D,0.7807,LPath
K283E,0.3329,LBen
K283F,0.9242,LPath
K283G,0.387,Amb
K283H,0.3707,Amb
K283I,0.7315,LPath
K283L,0.5485,Amb
K283M,0.4416,Amb
K283N,0.6431,LPath
K283P,0.6633,LPath
K283Q,0.1606,LBen
K283R,0.0749,LBen
K283S,0.4354,Amb
K283T,0.294,LBen
K283V,0.5463,Amb
K283W,0.8561,LPath
K283Y,0.8196,LPath
L284A,0.23,LBen
L284C,0.5484,Amb
L284D,0.7681,LPath
L284E,0.4133,Amb
L284F,0.2287,LBen
L284G,0.4053,Amb
L284H,0.3015,LBen
L284I,0.1453,LBen
L284K,0.3158,LBen
L284M,0.0691,LBen
L284N,0.4249,Amb
L284P,0.3924,Amb
L284Q,0.1383,LBen
L284R,0.251,LBen
L284S,0.27,LBen
L284T,0.2419,LBen
L284V,0.0923,LBen
L284W,0.3,LBen
L284Y,0.4562,Amb
L285A,0.8471,LPath
L285C,0.9612,LPath
L285D,0.9988,LPath
L285E,0.9893,LPath
L285F,0.8928,LPath
L285G,0.9858,LPath
L285H,0.9888,LPath
L285I,0.2685,LBen
L285K,0.9919,LPath
L285M,0.3379,LBen
L285N,0.9936,LPath
L285P,0.9679,LPath
L285Q,0.9625,LPath
L285R,0.9794,LPath
L285S,0.9698,LPath
L285T,0.8752,LPath
L285V,0.2699,LBen
L285W,0.9706,LPath
L285Y,0.9926,LPath
V286A,0.3668,Amb
V286C,0.9158,LPath
V286D,0.9624,LPath
V286E,0.8556,LPath
V286F,0.5473,Amb
V286G,0.4982,Amb
V286H,0.9474,LPath
V286I,0.1538,LBen
V286K,0.8572,LPath
V286L,0.3264,LBen
V286M,0.291,LBen
V286N,0.9039,LPath
V286P,0.9426,LPath
V286Q,0.7902,LPath
V286R,0.7823,LPath
V286S,0.6474,LPath
V286T,0.4451,Amb
V286W,0.9423,LPath
V286Y,0.9236,LPath
E287A,0.326,LBen
E287C,0.9515,LPath
E287D,0.1681,LBen
E287F,0.9665,LPath
E287G,0.3861,Amb
E287H,0.7698,LPath
E287I,0.8627,LPath
E287K,0.5472,Amb
E287L,0.8113,LPath
E287M,0.821,LPath
E287N,0.4804,Amb
E287P,0.9401,LPath
E287Q,0.2522,LBen
E287R,0.6228,LPath
E287S,0.3552,Amb
E287T,0.5306,Amb
E287V,0.6501,LPath
E287W,0.983,LPath
E287Y,0.9076,LPath
F288A,0.9852,LPath
F288C,0.9874,LPath
F288D,0.9976,LPath
F288E,0.9963,LPath
F288G,0.9945,LPath
F288H,0.9909,LPath
F288I,0.9578,LPath
F288K,0.9966,LPath
F288L,0.9971,LPath
F288M,0.9555,LPath
F288N,0.9942,LPath
F288P,0.9999,LPath
F288Q,0.9952,LPath
F288R,0.9935,LPath
F288S,0.9922,LPath
F288T,0.985,LPath
F288V,0.9451,LPath
F288W,0.9251,LPath
F288Y,0.763,LPath
A289C,0.6483,LPath
A289D,0.9944,LPath
A289E,0.9701,LPath
A289F,0.8795,LPath
A289G,0.5895,LPath
A289H,0.969,LPath
A289I,0.6122,LPath
A289K,0.9878,LPath
A289L,0.5084,Amb
A289M,0.5897,LPath
A289N,0.9649,LPath
A289P,0.9829,LPath
A289Q,0.898,LPath
A289R,0.953,LPath
A289S,0.2202,LBen
A289T,0.21,LBen
A289V,0.2805,LBen
A289W,0.9836,LPath
A289Y,0.9655,LPath
R290A,0.3384,LBen
R290C,0.172,LBen
R290D,0.7734,LPath
R290E,0.3196,LBen
R290F,0.7327,LPath
R290G,0.2092,LBen
R290H,0.1284,LBen
R290I,0.5618,Amb
R290K,0.1178,LBen
R290L,0.3054,LBen
R290M,0.4126,Amb
R290N,0.6396,LPath
R290P,0.9102,LPath
R290Q,0.0763,LBen
R290S,0.4259,Amb
R290T,0.2961,LBen
R290V,0.4996,Amb
R290W,0.2201,LBen
R290Y,0.5467,Amb
A291C,0.7309,LPath
A291D,0.9465,LPath
A291E,0.8967,LPath
A291F,0.7318,LPath
A291G,0.5123,Amb
A291H,0.8848,LPath
A291I,0.6771,LPath
A291K,0.9471,LPath
A291L,0.4898,Amb
A291M,0.5265,Amb
A291N,0.8596,LPath
A291P,0.9715,LPath
A291Q,0.8383,LPath
A291R,0.8657,LPath
A291S,0.2822,LBen
A291T,0.4643,Amb
A291V,0.3418,Amb
A291W,0.9353,LPath
A291Y,0.8839,LPath
G292A,0.4562,Amb
G292C,0.5762,LPath
G292D,0.8611,LPath
G292E,0.8253,LPath
G292F,0.9337,LPath
G292H,0.8534,LPath
G292I,0.8383,LPath
G292K,0.9025,LPath
G292L,0.8971,LPath
G292M,0.8807,LPath
G292N,0.7804,LPath
G292P,0.9896,LPath
G292Q,0.772,LPath
G292R,0.7636,LPath
G292S,0.275,LBen
G292T,0.6033,LPath
G292V,0.7134,LPath
G292W,0.8659,LPath
G292Y,0.8943,LPath
L293A,0.9189,LPath
L293C,0.9027,LPath
L293D,0.998,LPath
L293E,0.9857,LPath
L293F,0.7416,LPath
L293G,0.9723,LPath
L293H,0.9726,LPath
L293I,0.4191,Amb
L293K,0.97,LPath
L293M,0.3338,LBen
L293N,0.9859,LPath
L293P,0.9885,LPath
L293Q,0.931,LPath
L293R,0.9352,LPath
L293S,0.9794,LPath
L293T,0.9439,LPath
L293V,0.4251,Amb
L293W,0.9466,LPath
L293Y,0.9773,LPath
T294A,0.0802,LBen
T294C,0.2861,LBen
T294D,0.3536,Amb
T294E,0.2274,LBen
T294F,0.2628,LBen
T294G,0.1716,LBen
T294H,0.1711,LBen
T294I,0.1874,LBen
T294K,0.1278,LBen
T294L,0.0907,LBen
T294M,0.0718,LBen
T294N,0.1219,LBen
T294P,0.2693,LBen
T294Q,0.13,LBen
T294R,0.0905,LBen
T294S,0.0997,LBen
T294V,0.1181,LBen
T294W,0.4381,Amb
T294Y,0.3125,LBen
E295A,0.1794,LBen
E295C,0.8468,LPath
E295D,0.0976,LBen
E295F,0.8699,LPath
E295G,0.2177,LBen
E295H,0.4267,Amb
E295I,0.6899,LPath
E295K,0.1575,LBen
E295L,0.5891,LPath
E295M,0.6027,LPath
E295N,0.2083,LBen
E295P,0.8576,LPath
E295Q,0.1301,LBen
E295R,0.2534,LBen
E295S,0.182,LBen
E295T,0.2981,LBen
E295V,0.4113,Amb
E295W,0.9293,LPath
E295Y,0.6962,LPath
P296A,0.5044,Amb
P296C,0.964,LPath
P296D,0.9814,LPath
P296E,0.9675,LPath
P296F,0.9859,LPath
P296G,0.9057,LPath
P296H,0.9442,LPath
P296I,0.9673,LPath
P296K,0.9737,LPath
P296L,0.8257,LPath
P296M,0.9447,LPath
P296N,0.9738,LPath
P296Q,0.9471,LPath
P296R,0.9334,LPath
P296S,0.8538,LPath
P296T,0.7883,LPath
P296V,0.9015,LPath
P296W,0.9897,LPath
P296Y,0.9703,LPath
V297A,0.1353,LBen
V297C,0.5122,Amb
V297D,0.4256,Amb
V297E,0.2259,LBen
V297F,0.1678,LBen
V297G,0.2363,LBen
V297H,0.4382,Amb
V297I,0.0823,LBen
V297K,0.2723,LBen
V297L,0.1459,LBen
V297M,0.0824,LBen
V297N,0.272,LBen
V297P,0.8767,LPath
V297Q,0.2185,LBen
V297R,0.2298,LBen
V297S,0.1473,LBen
V297T,0.1142,LBen
V297W,0.6887,LPath
V297Y,0.4977,Amb
L298A,0.92,LPath
L298C,0.8466,LPath
L298D,0.9981,LPath
L298E,0.9865,LPath
L298F,0.5401,Amb
L298G,0.976,LPath
L298H,0.934,LPath
L298I,0.4449,Amb
L298K,0.9502,LPath
L298M,0.3232,LBen
L298N,0.9844,LPath
L298P,0.9852,LPath
L298Q,0.9163,LPath
L298R,0.8865,LPath
L298S,0.9738,LPath
L298T,0.9271,LPath
L298V,0.4017,Amb
L298W,0.8056,LPath
L298Y,0.9099,LPath
I299A,0.9337,LPath
I299C,0.8726,LPath
I299D,0.9976,LPath
I299E,0.9873,LPath
I299F,0.532,Amb
I299G,0.9883,LPath
I299H,0.9634,LPath
I299K,0.9724,LPath
I299L,0.1325,LBen
I299M,0.2241,LBen
I299N,0.9566,LPath
I299P,0.9937,LPath
I299Q,0.958,LPath
I299R,0.9534,LPath
I299S,0.9427,LPath
I299T,0.9078,LPath
I299V,0.1217,LBen
I299W,0.9591,LPath
I299Y,0.903,LPath
R300A,0.9908,LPath
R300C,0.704,LPath
R300D,0.9982,LPath
R300E,0.9864,LPath
R300F,0.991,LPath
R300G,0.9775,LPath
R300H,0.665,LPath
R300I,0.9813,LPath
R300K,0.7877,LPath
R300L,0.9445,LPath
R300M,0.9841,LPath
R300N,0.9951,LPath
R300P,0.9919,LPath
R300Q,0.6424,LPath
R300S,0.988,LPath
R300T,0.9851,LPath
R300V,0.982,LPath
R300W,0.8114,LPath
R300Y,0.9671,LPath
L301A,0.9639,LPath
L301C,0.9775,LPath
L301D,0.999,LPath
L301E,0.9917,LPath
L301F,0.9534,LPath
L301G,0.9897,LPath
L301H,0.9909,LPath
L301I,0.7378,LPath
L301K,0.9876,LPath
L301M,0.5877,LPath
L301N,0.9915,LPath
L301P,0.996,LPath
L301Q,0.9732,LPath
L301R,0.9737,LPath
L301S,0.9911,LPath
L301T,0.964,LPath
L301V,0.7252,LPath
L301W,0.977,LPath
L301Y,0.989,LPath
D302A,0.9071,LPath
D302C,0.993,LPath
D302E,0.9527,LPath
D302F,0.9897,LPath
D302G,0.9085,LPath
D302H,0.9759,LPath
D302I,0.9884,LPath
D302K,0.9937,LPath
D302L,0.9705,LPath
D302M,0.9937,LPath
D302N,0.8571,LPath
D302P,0.9915,LPath
D302Q,0.9835,LPath
D302R,0.9886,LPath
D302S,0.8604,LPath
D302T,0.9714,LPath
D302V,0.9551,LPath
D302W,0.9972,LPath
D302Y,0.9489,LPath
V303A,0.3179,LBen
V303C,0.9069,LPath
V303D,0.8953,LPath
V303E,0.7784,LPath
V303F,0.5531,Amb
V303G,0.4683,Amb
V303H,0.9248,LPath
V303I,0.1095,LBen
V303K,0.7785,LPath
V303L,0.3803,Amb
V303M,0.2213,LBen
V303N,0.7243,LPath
V303P,0.9637,LPath
V303Q,0.7125,LPath
V303R,0.725,LPath
V303S,0.4549,Amb
V303T,0.245,LBen
V303W,0.972,LPath
V303Y,0.9266,LPath
D304A,0.5343,Amb
D304C,0.9202,LPath
D304E,0.1852,LBen
D304F,0.9254,LPath
D304G,0.5408,Amb
D304H,0.7753,LPath
D304I,0.8636,LPath
D304K,0.8796,LPath
D304L,0.8367,LPath
D304M,0.9247,LPath
D304N,0.3671,Amb
D304P,0.9514,LPath
D304Q,0.735,LPath
D304R,0.8817,LPath
D304S,0.4138,Amb
D304T,0.6844,LPath
D304V,0.6711,LPath
D304W,0.9842,LPath
D304Y,0.7342,LPath
T305A,0.0557,LBen
T305C,0.2421,LBen
T305D,0.3067,LBen
T305E,0.2788,LBen
T305F,0.2219,LBen
T305G,0.1154,LBen
T305H,0.2209,LBen
T305I,0.2098,LBen
T305K,0.2868,LBen
T305L,0.1131,LBen
T305M,0.0907,LBen
T305N,0.1047,LBen
T305P,0.348,Amb
T305Q,0.2064,LBen
T305R,0.2248,LBen
T305S,0.0664,LBen
T305V,0.1234,LBen
T305W,0.4701,Amb
T305Y,0.2482,LBen
K306A,0.631,LPath
K306C,0.8107,LPath
K306D,0.9446,LPath
K306E,0.6192,LPath
K306F,0.951,LPath
K306G,0.7856,LPath
K306H,0.5329,Amb
K306I,0.6992,LPath
K306L,0.6268,LPath
K306M,0.4836,Amb
K306N,0.8673,LPath
K306P,0.8797,LPath
K306Q,0.2224,LBen
K306R,0.0898,LBen
K306S,0.7534,LPath
K306T,0.4023,Amb
K306V,0.5331,Amb
K306W,0.9163,LPath
K306Y,0.8978,LPath
L307A,0.7757,LPath
L307C,0.8099,LPath
L307D,0.9788,LPath
L307E,0.8784,LPath
L307F,0.4441,Amb
L307G,0.9167,LPath
L307H,0.8279,LPath
L307I,0.1339,LBen
L307K,0.8283,LPath
L307M,0.1891,LBen
L307N,0.9105,LPath
L307P,0.8006,LPath
L307Q,0.6605,LPath
L307R,0.7212,LPath
L307S,0.9009,LPath
L307T,0.7415,LPath
L307V,0.1618,LBen
L307W,0.5879,LPath
L307Y,0.7958,LPath
N308A,0.3606,Amb
N308C,0.3093,LBen
N308D,0.3085,LBen
N308E,0.775,LPath
N308F,0.8724,LPath
N308G,0.3177,LBen
N308H,0.185,LBen
N308I,0.5798,LPath
N308K,0.7452,LPath
N308L,0.459,Amb
N308M,0.5917,LPath
N308P,0.2779,LBen
N308Q,0.587,LPath
N308R,0.7278,LPath
N308S,0.0707,LBen
N308T,0.2075,LBen
N308V,0.4906,Amb
N308W,0.9147,LPath
N308Y,0.4934,Amb
E309A,0.1684,LBen
E309C,0.781,LPath
E309D,0.0804,LBen
E309F,0.8109,LPath
E309G,0.1398,LBen
E309H,0.396,Amb
E309I,0.5083,Amb
E309K,0.1623,LBen
E309L,0.4334,Amb
E309M,0.5452,Amb
E309N,0.2353,LBen
E309P,0.3102,LBen
E309Q,0.1429,LBen
E309R,0.2528,LBen
E309S,0.1665,LBen
E309T,0.2447,LBen
E309V,0.2977,LBen
E309W,0.8673,LPath
E309Y,0.634,LPath
Q310A,0.1981,LBen
Q310C,0.5313,Amb
Q310D,0.2677,LBen
Q310E,0.0915,LBen
Q310F,0.6346,LPath
Q310G,0.2046,LBen
Q310H,0.2029,LBen
Q310I,0.4585,Amb
Q310K,0.1112,LBen
Q310L,0.1191,LBen
Q310M,0.3112,LBen
Q310N,0.1769,LBen
Q310P,0.3585,Amb
Q310R,0.117,LBen
Q310S,0.2272,LBen
Q310T,0.199,LBen
Q310V,0.2934,LBen
Q310W,0.5383,Amb
Q310Y,0.3808,Amb
L311A,0.8832,LPath
L311C,0.8497,LPath
L311D,0.9972,LPath
L311E,0.9698,LPath
L311F,0.9002,LPath
L311G,0.9585,LPath
L311H,0.9757,LPath
L311I,0.3122,LBen
L311K,0.9639,LPath
L311M,0.417,Amb
L311N,0.9729,LPath
L311P,0.9846,LPath
L311Q,0.8976,LPath
L311R,0.9207,LPath
L311S,0.9685,LPath
L311T,0.8863,LPath
L311V,0.3272,LBen
L311W,0.9577,LPath
L311Y,0.98,LPath
K312A,0.3133,LBen
K312C,0.4796,Amb
K312D,0.5912,LPath
K312E,0.1485,LBen
K312F,0.7549,LPath
K312G,0.4103,Amb
K312H,0.2272,LBen
K312I,0.4384,Amb
K312L,0.3387,LBen
K312M,0.2245,LBen
K312N,0.4326,Amb
K312P,0.8882,LPath
K312Q,0.0864,LBen
K312R,0.0796,LBen
K312S,0.349,Amb
K312T,0.1609,LBen
K312V,0.3441,Amb
K312W,0.6449,LPath
K312Y,0.6119,LPath
T313A,0.1125,LBen
T313C,0.3083,LBen
T313D,0.6329,LPath
T313E,0.5362,Amb
T313F,0.3662,Amb
T313G,0.306,LBen
T313H,0.433,Amb
T313I,0.1878,LBen
T313K,0.5067,Amb
T313L,0.0673,LBen
T313M,0.0712,LBen
T313N,0.1671,LBen
T313P,0.2698,LBen
T313Q,0.3724,Amb
T313R,0.4278,Amb
T313S,0.1452,LBen
T313V,0.1514,LBen
T313W,0.6884,LPath
T313Y,0.3902,Amb
S314A,0.0662,LBen
S314C,0.0726,LBen
S314D,0.5976,LPath
S314E,0.6533,LPath
S314F,0.1948,LBen
S314G,0.1087,LBen
S314H,0.3793,Amb
S314I,0.1914,LBen
S314K,0.8162,LPath
S314L,0.1312,LBen
S314M,0.2162,LBen
S314N,0.2534,LBen
S314P,0.8235,LPath
S314Q,0.5625,Amb
S314R,0.6896,LPath
S314T,0.0911,LBen
S314V,0.1438,LBen
S314W,0.2761,LBen
S314Y,0.1839,LBen
F315A,0.8936,LPath
F315C,0.4475,Amb
F315D,0.985,LPath
F315E,0.9937,LPath
F315G,0.9496,LPath
F315H,0.804,LPath
F315I,0.6169,LPath
F315K,0.9948,LPath
F315L,0.955,LPath
F315M,0.8656,LPath
F315N,0.9227,LPath
F315P,0.9969,LPath
F315Q,0.9801,LPath
F315R,0.9772,LPath
F315S,0.7666,LPath
F315T,0.9007,LPath
F315V,0.53,Amb
F315W,0.6287,LPath
F315Y,0.1538,LBen
F316A,0.7735,LPath
F316C,0.3349,LBen
F316D,0.9862,LPath
F316E,0.9871,LPath
F316G,0.903,LPath
F316H,0.8741,LPath
F316I,0.1689,LBen
F316K,0.9856,LPath
F316L,0.348,Amb
F316M,0.4311,Amb
F316N,0.9568,LPath
F316P,0.969,LPath
F316Q,0.9598,LPath
F316R,0.9543,LPath
F316S,0.8363,LPath
F316T,0.8707,LPath
F316V,0.1911,LBen
F316W,0.5226,Amb
F316Y,0.2605,LBen
L317A,0.1924,LBen
L317C,0.2594,LBen
L317D,0.6745,LPath
L317E,0.4014,Amb
L317F,0.0888,LBen
L317G,0.4,Amb
L317H,0.1133,LBen
L317I,0.0952,LBen
L317K,0.3416,Amb
L317M,0.1073,LBen
L317N,0.3475,Amb
L317P,0.3408,Amb
L317Q,0.1419,LBen
L317R,0.171,LBen
L317S,0.2025,LBen
L317T,0.1788,LBen
L317V,0.0781,LBen
L317W,0.112,LBen
L317Y,0.1909,LBen
V318A,0.1932,LBen
V318C,0.62,LPath
V318D,0.8675,LPath
V318E,0.7885,LPath
V318F,0.4698,Amb
V318G,0.313,LBen
V318H,0.8902,LPath
V318I,0.1086,LBen
V318K,0.8726,LPath
V318L,0.2036,LBen
V318M,0.2564,LBen
V318N,0.7203,LPath
V318P,0.7867,LPath
V318Q,0.729,LPath
V318R,0.8004,LPath
V318S,0.3417,Amb
V318T,0.2311,LBen
V318W,0.9482,LPath
V318Y,0.8901,LPath
R319A,0.63,LPath
R319C,0.2664,LBen
R319D,0.8052,LPath
R319E,0.5393,Amb
R319F,0.8658,LPath
R319G,0.3307,LBen
R319H,0.1896,LBen
R319I,0.8417,LPath
R319K,0.2013,LBen
R319L,0.5392,Amb
R319M,0.6825,LPath
R319N,0.8168,LPath
R319P,0.4852,Amb
R319Q,0.137,LBen
R319S,0.695,LPath
R319T,0.585,LPath
R319V,0.805,LPath
R319W,0.2356,LBen
R319Y,0.6887,LPath
E320A,0.1208,LBen
E320C,0.6901,LPath
E320D,0.1254,LBen
E320F,0.7315,LPath
E320G,0.0956,LBen
E320H,0.363,Amb
E320I,0.4495,Amb
E320K,0.1211,LBen
E320L,0.3826,Amb
E320M,0.4302,Amb
E320N,0.2387,LBen
E320P,0.2497,LBen
E320Q,0.1152,LBen
E320R,0.1778,LBen
E320S,0.1607,LBen
E320T,0.2031,LBen
E320V,0.2286,LBen
E320W,0.7873,LPath
E320Y,0.5671,LPath
D321A,0.1951,LBen
D321C,0.5841,LPath
D321E,0.1569,LBen
D321F,0.6228,LPath
D321G,0.1262,LBen
D321H,0.3082,LBen
D321I,0.435,Amb
D321K,0.3677,Amb
D321L,0.503,Amb
D321M,0.6342,LPath
D321N,0.1055,LBen
D321P,0.6181,LPath
D321Q,0.3382,LBen
D321R,0.4005,Amb
D321S,0.1534,LBen
D321T,0.274,LBen
D321V,0.2464,LBen
D321W,0.8672,LPath
D321Y,0.2745,LBen
T322A,0.0597,LBen
T322C,0.1838,LBen
T322D,0.1988,LBen
T322E,0.1886,LBen
T322F,0.208,LBen
T322G,0.1304,LBen
T322H,0.1769,LBen
T322I,0.1483,LBen
T322K,0.1692,LBen
T322L,0.1038,LBen
T322M,0.0922,LBen
T322N,0.0956,LBen
T322P,0.2895,LBen
T322Q,0.1682,LBen
T322R,0.123,LBen
T322S,0.0791,LBen
T322V,0.1098,LBen
T322W,0.3916,Amb
T322Y,0.2153,LBen
K323A,0.9353,LPath
K323C,0.9736,LPath
K323D,0.9886,LPath
K323E,0.8716,LPath
K323F,0.9972,LPath
K323G,0.9566,LPath
K323H,0.9175,LPath
K323I,0.9734,LPath
K323L,0.927,LPath
K323M,0.9013,LPath
K323N,0.9841,LPath
K323P,0.9561,LPath
K323Q,0.7196,LPath
K323R,0.1488,LBen
K323S,0.9717,LPath
K323T,0.8838,LPath
K323V,0.9275,LPath
K323W,0.992,LPath
K323Y,0.989,LPath
A324C,0.4244,Amb
A324D,0.2744,LBen
A324E,0.2386,LBen
A324F,0.4017,Amb
A324G,0.1303,LBen
A324H,0.4662,Amb
A324I,0.246,LBen
A324K,0.4732,Amb
A324L,0.1823,LBen
A324M,0.2173,LBen
A324N,0.2935,LBen
A324P,0.0938,LBen
A324Q,0.3378,LBen
A324R,0.4418,Amb
A324S,0.1127,LBen
A324T,0.0972,LBen
A324V,0.1134,LBen
A324W,0.6552,LPath
A324Y,0.4857,Amb
A325C,0.6014,LPath
A325D,0.8703,LPath
A325E,0.8221,LPath
A325F,0.8512,LPath
A325G,0.1653,LBen
A325H,0.8822,LPath
A325I,0.7134,LPath
A325K,0.9208,LPath
A325L,0.6559,LPath
A325M,0.6338,LPath
A325N,0.7852,LPath
A325P,0.3838,Amb
A325Q,0.8025,LPath
A325R,0.8406,LPath
A325S,0.1274,LBen
A325T,0.2262,LBen
A325V,0.3479,Amb
A325W,0.945,LPath
A325Y,0.9088,LPath
V326A,0.1973,LBen
V326C,0.7287,LPath
V326D,0.9425,LPath
V326E,0.8778,LPath
V326F,0.3257,LBen
V326G,0.3994,Amb
V326H,0.9442,LPath
V326I,0.0888,LBen
V326K,0.9408,LPath
V326L,0.1714,LBen
V326M,0.1549,LBen
V326N,0.819,LPath
V326P,0.8936,LPath
V326Q,0.8572,LPath
V326R,0.9059,LPath
V326S,0.4137,Amb
V326T,0.2785,LBen
V326W,0.9457,LPath
V326Y,0.884,LPath
L327A,0.7931,LPath
L327C,0.8133,LPath
L327D,0.9979,LPath
L327E,0.989,LPath
L327F,0.3667,Amb
L327G,0.9493,LPath
L327H,0.9703,LPath
L327I,0.2428,LBen
L327K,0.9862,LPath
L327M,0.2973,LBen
L327N,0.9899,LPath
L327P,0.9695,LPath
L327Q,0.9445,LPath
L327R,0.9601,LPath
L327S,0.9443,LPath
L327T,0.8051,LPath
L327V,0.2026,LBen
L327W,0.8668,LPath
L327Y,0.9412,LPath
L328A,0.4129,Amb
L328C,0.4713,Amb
L328D,0.91,LPath
L328E,0.659,LPath
L328F,0.1961,LBen
L328G,0.6332,LPath
L328H,0.3457,Amb
L328I,0.1301,LBen
L328K,0.4142,Amb
L328M,0.1683,LBen
L328N,0.6783,LPath
L328P,0.8473,LPath
L328Q,0.2214,LBen
L328R,0.2201,LBen
L328S,0.4755,Amb
L328T,0.4243,Amb
L328V,0.1201,LBen
L328W,0.2423,LBen
L328Y,0.4577,Amb
H329A,0.4312,Amb
H329C,0.1496,LBen
H329D,0.4961,Amb
H329E,0.5601,Amb
H329F,0.2229,LBen
H329G,0.4643,Amb
H329I,0.5511,Amb
H329K,0.5612,Amb
H329L,0.2476,LBen
H329M,0.7047,LPath
H329N,0.2333,LBen
H329P,0.5946,LPath
H329Q,0.3237,LBen
H329R,0.2087,LBen
H329S,0.3161,LBen
H329T,0.4942,Amb
H329V,0.4213,Amb
H329W,0.2593,LBen
H329Y,0.0618,LBen
L330A,0.7409,LPath
L330C,0.7161,LPath
L330D,0.995,LPath
L330E,0.973,LPath
L330F,0.2852,LBen
L330G,0.9433,LPath
L330H,0.9127,LPath
L330I,0.0942,LBen
L330K,0.9677,LPath
L330M,0.1564,LBen
L330N,0.9697,LPath
L330P,0.9773,LPath
L330Q,0.888,LPath
L330R,0.9253,LPath
L330S,0.9005,LPath
L330T,0.6916,LPath
L330V,0.1006,LBen
L330W,0.7384,LPath
L330Y,0.8633,LPath
L331A,0.7828,LPath
L331C,0.7363,LPath
L331D,0.9918,LPath
L331E,0.9522,LPath
L331F,0.3857,Amb
L331G,0.9353,LPath
L331H,0.8655,LPath
L331I,0.1713,LBen
L331K,0.9116,LPath
L331M,0.2329,LBen
L331N,0.9544,LPath
L331P,0.9393,LPath
L331Q,0.7522,LPath
L331R,0.8204,LPath
L331S,0.8972,LPath
L331T,0.7726,LPath
L331V,0.2094,LBen
L331W,0.7048,LPath
L331Y,0.8894,LPath
H332A,0.1601,LBen
H332C,0.0806,LBen
H332D,0.1789,LBen
H332E,0.1658,LBen
H332F,0.2769,LBen
H332G,0.1021,LBen
H332I,0.2853,LBen
H332K,0.1173,LBen
H332L,0.0948,LBen
H332M,0.3334,LBen
H332N,0.1278,LBen
H332P,0.4008,Amb
H332Q,0.0755,LBen
H332R,0.0482,LBen
H332S,0.1427,LBen
H332T,0.1731,LBen
H332V,0.2286,LBen
H332W,0.1363,LBen
H332Y,0.1043,LBen
N333A,0.1072,LBen
N333C,0.1237,LBen
N333D,0.081,LBen
N333E,0.1783,LBen
N333F,0.3217,LBen
N333G,0.1353,LBen
N333H,0.0616,LBen
N333I,0.1999,LBen
N333K,0.1359,LBen
N333L,0.1898,LBen
N333M,0.2259,LBen
N333P,0.6563,LPath
N333Q,0.1491,LBen
N333R,0.122,LBen
N333S,0.06,LBen
N333T,0.0802,LBen
N333V,0.1729,LBen
N333W,0.4581,Amb
N333Y,0.1229,LBen
V334A,0.1266,LBen
V334C,0.5353,Amb
V334D,0.3757,Amb
V334E,0.283,LBen
V334F,0.1473,LBen
V334G,0.2101,LBen
V334H,0.4344,Amb
V334I,0.0735,LBen
V334K,0.3097,LBen
V334L,0.1323,LBen
V334M,0.0936,LBen
V334N,0.3166,LBen
V334P,0.6494,LPath
V334Q,0.3043,LBen
V334R,0.2487,LBen
V334S,0.2048,LBen
V334T,0.1382,LBen
V334W,0.5908,LPath
V334Y,0.4557,Amb
V335A,0.2215,LBen
V335C,0.7034,LPath
V335D,0.7909,LPath
V335E,0.6662,LPath
V335F,0.3169,LBen
V335G,0.3073,LBen
V335H,0.8287,LPath
V335I,0.0904,LBen
V335K,0.7178,LPath
V335L,0.1778,LBen
V335M,0.2228,LBen
V335N,0.6696,LPath
V335P,0.6726,LPath
V335Q,0.6197,LPath
V335R,0.6177,LPath
V335S,0.3656,Amb
V335T,0.3303,LBen
V335W,0.8728,LPath
V335Y,0.8188,LPath
R336A,0.1876,LBen
R336C,0.0987,LBen
R336D,0.3274,LBen
R336E,0.2102,LBen
R336F,0.3309,LBen
R336G,0.1009,LBen
R336H,0.0778,LBen
R336I,0.2334,LBen
R336K,0.0915,LBen
R336L,0.127,LBen
R336M,0.2026,LBen
R336N,0.2858,LBen
R336P,0.192,LBen
R336Q,0.0774,LBen
R336S,0.1972,LBen
R336T,0.1559,LBen
R336V,0.2482,LBen
R336W,0.1188,LBen
R336Y,0.2328,LBen
P337A,0.0938,LBen
P337C,0.357,Amb
P337D,0.3618,Amb
P337E,0.2207,LBen
P337F,0.4148,Amb
P337G,0.246,LBen
P337H,0.1606,LBen
P337I,0.3142,LBen
P337K,0.2135,LBen
P337L,0.1102,LBen
P337M,0.2858,LBen
P337N,0.3042,LBen
P337Q,0.1326,LBen
P337R,0.1225,LBen
P337S,0.1163,LBen
P337T,0.121,LBen
P337V,0.2071,LBen
P337W,0.4224,Amb
P337Y,0.3787,Amb
Q338A,0.1374,LBen
Q338C,0.4237,Amb
Q338D,0.2045,LBen
Q338E,0.0695,LBen
Q338F,0.5856,LPath
Q338G,0.1222,LBen
Q338H,0.1592,LBen
Q338I,0.3998,Amb
Q338K,0.0856,LBen
Q338L,0.1383,LBen
Q338M,0.3377,LBen
Q338N,0.2155,LBen
Q338P,0.1303,LBen
Q338R,0.0749,LBen
Q338S,0.1595,LBen
Q338T,0.1468,LBen
Q338V,0.2396,LBen
Q338W,0.306,LBen
Q338Y,0.3685,Amb
D339A,0.2088,LBen
D339C,0.5935,LPath
D339E,0.1833,LBen
D339F,0.6969,LPath
D339G,0.2212,LBen
D339H,0.3405,Amb
D339I,0.5955,LPath
D339K,0.5261,Amb
D339L,0.5406,Amb
D339M,0.7015,LPath
D339N,0.1566,LBen
D339P,0.8813,LPath
D339Q,0.3285,LBen
D339R,0.543,Amb
D339S,0.1749,LBen
D339T,0.404,Amb
D339V,0.338,LBen
D339W,0.8848,LPath
D339Y,0.2746,LBen
Q340A,0.3058,LBen
Q340C,0.6571,LPath
Q340D,0.7711,LPath
Q340E,0.2205,LBen
Q340F,0.8776,LPath
Q340G,0.3292,LBen
Q340H,0.3897,Amb
Q340I,0.7121,LPath
Q340K,0.1149,LBen
Q340L,0.2001,LBen
Q340M,0.4566,Amb
Q340N,0.4709,Amb
Q340P,0.2296,LBen
Q340R,0.1153,LBen
Q340S,0.3525,Amb
Q340T,0.3438,Amb
Q340V,0.5035,Amb
Q340W,0.7973,LPath
Q340Y,0.759,LPath
T341A,0.1868,LBen
T341C,0.5446,Amb
T341D,0.9594,LPath
T341E,0.9495,LPath
T341F,0.8823,LPath
T341G,0.6971,LPath
T341H,0.8908,LPath
T341I,0.5183,Amb
T341K,0.9321,LPath
T341L,0.4113,Amb
T341M,0.1846,LBen
T341N,0.6588,LPath
T341P,0.9103,LPath
T341Q,0.8641,LPath
T341R,0.8927,LPath
T341S,0.2674,LBen
T341V,0.2707,LBen
T341W,0.9692,LPath
T341Y,0.9225,LPath
V342A,0.5715,LPath
V342C,0.9383,LPath
V342D,0.9946,LPath
V342E,0.9804,LPath
V342F,0.6722,LPath
V342G,0.8683,LPath
V342H,0.9943,LPath
V342I,0.0863,LBen
V342K,0.9873,LPath
V342L,0.2438,LBen
V342M,0.2336,LBen
V342N,0.979,LPath
V342P,0.9881,LPath
V342Q,0.9735,LPath
V342R,0.9786,LPath
V342S,0.8932,LPath
V342T,0.7499,LPath
V342W,0.9923,LPath
V342Y,0.979,LPath
V343A,0.7285,LPath
V343C,0.9146,LPath
V343D,0.9953,LPath
V343E,0.9882,LPath
V343F,0.6619,LPath
V343G,0.871,LPath
V343H,0.9947,LPath
V343I,0.0691,LBen
V343K,0.9928,LPath
V343L,0.2794,LBen
V343M,0.445,Amb
V343N,0.9821,LPath
V343P,0.9846,LPath
V343Q,0.9851,LPath
V343R,0.9851,LPath
V343S,0.9163,LPath
V343T,0.832,LPath
V343W,0.9899,LPath
V343Y,0.9728,LPath
F344A,0.9959,LPath
F344C,0.9867,LPath
F344D,0.9992,LPath
F344E,0.9989,LPath
F344G,0.9974,LPath
F344H,0.9939,LPath
F344I,0.9854,LPath
F344K,0.9992,LPath
F344L,0.998,LPath
F344M,0.9893,LPath
F344N,0.9971,LPath
F344P,0.9997,LPath
F344Q,0.9984,LPath
F344R,0.9965,LPath
F344S,0.9925,LPath
F344T,0.9957,LPath
F344V,0.9805,LPath
F344W,0.9569,LPath
F344Y,0.9168,LPath
V345A,0.3148,LBen
V345C,0.8525,LPath
V345D,0.9923,LPath
V345E,0.9785,LPath
V345F,0.7909,LPath
V345G,0.6785,LPath
V345H,0.9929,LPath
V345I,0.1823,LBen
V345K,0.99,LPath
V345L,0.5715,LPath
V345M,0.5455,Amb
V345N,0.9732,LPath
V345P,0.9798,LPath
V345Q,0.967,LPath
V345R,0.9719,LPath
V345S,0.6892,LPath
V345T,0.3306,LBen
V345W,0.9969,LPath
V345Y,0.9897,LPath
A346C,0.64,LPath
A346D,0.8373,LPath
A346E,0.6993,LPath
A346F,0.8687,LPath
A346G,0.2436,LBen
A346H,0.8856,LPath
A346I,0.8554,LPath
A346K,0.951,LPath
A346L,0.6671,LPath
A346M,0.6507,LPath
A346N,0.7215,LPath
A346P,0.2956,LBen
A346Q,0.7115,LPath
A346R,0.8941,LPath
A346S,0.1306,LBen
A346T,0.3331,LBen
A346V,0.5356,Amb
A346W,0.975,LPath
A346Y,0.928,LPath
T347A,0.6824,LPath
T347C,0.9139,LPath
T347D,0.9758,LPath
T347E,0.9717,LPath
T347F,0.9719,LPath
T347G,0.7824,LPath
T347H,0.9332,LPath
T347I,0.9849,LPath
T347K,0.934,LPath
T347L,0.7657,LPath
T347M,0.6541,LPath
T347N,0.8548,LPath
T347P,0.8164,LPath
T347Q,0.9031,LPath
T347R,0.8812,LPath
T347S,0.5169,Amb
T347V,0.9184,LPath
T347W,0.9814,LPath
T347Y,0.973,LPath
K348A,0.8133,LPath
K348C,0.7847,LPath
K348D,0.9909,LPath
K348E,0.7786,LPath
K348F,0.9745,LPath
K348G,0.8235,LPath
K348H,0.6874,LPath
K348I,0.9052,LPath
K348L,0.7743,LPath
K348M,0.5688,LPath
K348N,0.9602,LPath
K348P,0.9165,LPath
K348Q,0.2581,LBen
K348R,0.0693,LBen
K348S,0.8815,LPath
K348T,0.7812,LPath
K348V,0.8201,LPath
K348W,0.9067,LPath
K348Y,0.9228,LPath
H349A,0.9359,LPath
H349C,0.632,LPath
H349D,0.943,LPath
H349E,0.964,LPath
H349F,0.5355,Amb
H349G,0.9251,LPath
H349I,0.9345,LPath
H349K,0.8622,LPath
H349L,0.6516,LPath
H349M,0.9327,LPath
H349N,0.687,LPath
H349P,0.8226,LPath
H349Q,0.8384,LPath
H349R,0.6565,LPath
H349S,0.8983,LPath
H349T,0.957,LPath
H349V,0.916,LPath
H349W,0.5949,LPath
H349Y,0.1611,LBen
H350A,0.717,LPath
H350C,0.4999,Amb
H350D,0.6375,LPath
H350E,0.7055,LPath
H350F,0.686,LPath
H350G,0.7468,LPath
H350I,0.7842,LPath
H350K,0.7558,LPath
H350L,0.3524,Amb
H350M,0.795,LPath
H350N,0.4164,Amb
H350P,0.8368,LPath
H350Q,0.4613,Amb
H350R,0.4095,Amb
H350S,0.6067,LPath
H350T,0.7159,LPath
H350V,0.7097,LPath
H350W,0.6929,LPath
H350Y,0.3292,LBen
A351C,0.4437,Amb
A351D,0.9437,LPath
A351E,0.9017,LPath
A351F,0.8979,LPath
A351G,0.2838,LBen
A351H,0.9564,LPath
A351I,0.4398,Amb
A351K,0.9634,LPath
A351L,0.4257,Amb
A351M,0.4639,Amb
A351N,0.8381,LPath
A351P,0.9225,LPath
A351Q,0.8834,LPath
A351R,0.9083,LPath
A351S,0.1656,LBen
A351T,0.0862,LBen
A351V,0.119,LBen
A351W,0.9832,LPath
A351Y,0.9601,LPath
E352A,0.3818,Amb
E352C,0.9629,LPath
E352D,0.4963,Amb
E352F,0.9741,LPath
E352G,0.5609,Amb
E352H,0.8873,LPath
E352I,0.8574,LPath
E352K,0.6111,LPath
E352L,0.8196,LPath
E352M,0.843,LPath
E352N,0.7398,LPath
E352P,0.9857,LPath
E352Q,0.3465,Amb
E352R,0.6891,LPath
E352S,0.5687,LPath
E352T,0.67,LPath
E352V,0.6557,LPath
E352W,0.9921,LPath
E352Y,0.9633,LPath
Y353A,0.8355,LPath
Y353C,0.4188,Amb
Y353D,0.891,LPath
Y353E,0.9582,LPath
Y353F,0.1053,LBen
Y353G,0.7795,LPath
Y353H,0.5924,LPath
Y353I,0.779,LPath
Y353K,0.9371,LPath
Y353L,0.5797,LPath
Y353M,0.7592,LPath
Y353N,0.7073,LPath
Y353P,0.9927,LPath
Y353Q,0.9052,LPath
Y353R,0.8835,LPath
Y353S,0.7304,LPath
Y353T,0.8502,LPath
Y353V,0.6818,LPath
Y353W,0.5469,Amb
L354A,0.7005,LPath
L354C,0.7125,LPath
L354D,0.9932,LPath
L354E,0.938,LPath
L354F,0.2856,LBen
L354G,0.941,LPath
L354H,0.8645,LPath
L354I,0.1073,LBen
L354K,0.9362,LPath
L354M,0.1703,LBen
L354N,0.9537,LPath
L354P,0.9806,LPath
L354Q,0.7623,LPath
L354R,0.8646,LPath
L354S,0.883,LPath
L354T,0.6873,LPath
L354V,0.1051,LBen
L354W,0.6761,LPath
L354Y,0.8247,LPath
T355A,0.0617,LBen
T355C,0.1572,LBen
T355D,0.3122,LBen
T355E,0.2322,LBen
T355F,0.2063,LBen
T355G,0.1043,LBen
T355H,0.1369,LBen
T355I,0.1815,LBen
T355K,0.1526,LBen
T355L,0.091,LBen
T355M,0.08,LBen
T355N,0.103,LBen
T355P,0.3698,Amb
T355Q,0.1428,LBen
T355R,0.1113,LBen
T355S,0.0704,LBen
T355V,0.1279,LBen
T355W,0.3225,LBen
T355Y,0.181,LBen
E356A,0.1105,LBen
E356C,0.6767,LPath
E356D,0.2221,LBen
E356F,0.6697,LPath
E356G,0.1603,LBen
E356H,0.2888,LBen
E356I,0.4006,Amb
E356K,0.1359,LBen
E356L,0.2836,LBen
E356M,0.3533,Amb
E356N,0.2748,LBen
E356P,0.9102,LPath
E356Q,0.0926,LBen
E356R,0.1764,LBen
E356S,0.157,LBen
E356T,0.1809,LBen
E356V,0.2118,LBen
E356W,0.8131,LPath
E356Y,0.5245,Amb
L357A,0.5883,LPath
L357C,0.6141,LPath
L357D,0.9802,LPath
L357E,0.859,LPath
L357F,0.2598,LBen
L357G,0.8732,LPath
L357H,0.7059,LPath
L357I,0.1016,LBen
L357K,0.7515,LPath
L357M,0.1351,LBen
L357N,0.8994,LPath
L357P,0.9695,LPath
L357Q,0.5397,Amb
L357R,0.5976,LPath
L357S,0.8075,LPath
L357T,0.6274,LPath
L357V,0.1089,LBen
L357W,0.4197,Amb
L357Y,0.566,LPath
L358A,0.7789,LPath
L358C,0.7352,LPath
L358D,0.9954,LPath
L358E,0.9794,LPath
L358F,0.2831,LBen
L358G,0.9211,LPath
L358H,0.9364,LPath
L358I,0.3085,LBen
L358K,0.9766,LPath
L358M,0.2646,LBen
L358N,0.9779,LPath
L358P,0.9676,LPath
L358Q,0.9072,LPath
L358R,0.9292,LPath
L358S,0.9285,LPath
L358T,0.8528,LPath
L358V,0.278,LBen
L358W,0.8067,LPath
L358Y,0.917,LPath
T359A,0.0638,LBen
T359C,0.2132,LBen
T359D,0.2211,LBen
T359E,0.1585,LBen
T359F,0.1696,LBen
T359G,0.1098,LBen
T359H,0.124,LBen
T359I,0.1207,LBen
T359K,0.1018,LBen
T359L,0.0686,LBen
T359M,0.0687,LBen
T359N,0.0917,LBen
T359P,0.2705,LBen
T359Q,0.102,LBen
T359R,0.0745,LBen
T359S,0.0817,LBen
T359V,0.0942,LBen
T359W,0.2952,LBen
T359Y,0.1901,LBen
T360A,0.056,LBen
T360C,0.1707,LBen
T360D,0.1878,LBen
T360E,0.1448,LBen
T360F,0.1295,LBen
T360G,0.1036,LBen
T360H,0.118,LBen
T360I,0.0976,LBen
T360K,0.1081,LBen
T360L,0.0673,LBen
T360M,0.0695,LBen
T360N,0.0873,LBen
T360P,0.1871,LBen
T360Q,0.1086,LBen
T360R,0.0822,LBen
T360S,0.0699,LBen
T360V,0.0845,LBen
T360W,0.2698,LBen
T360Y,0.1534,LBen
Q361A,0.2308,LBen
Q361C,0.3766,Amb
Q361D,0.4438,Amb
Q361E,0.1001,LBen
Q361F,0.6042,LPath
Q361G,0.2032,LBen
Q361H,0.1752,LBen
Q361I,0.4792,Amb
Q361K,0.1143,LBen
Q361L,0.1354,LBen
Q361M,0.3843,Amb
Q361N,0.328,LBen
Q361P,0.2867,LBen
Q361R,0.0755,LBen
Q361S,0.2606,LBen
Q361T,0.2614,LBen
Q361V,0.3083,LBen
Q361W,0.3299,LBen
Q361Y,0.3525,Amb
R362A,0.1006,LBen
R362C,0.1026,LBen
R362D,0.1436,LBen
R362E,0.1144,LBen
R362F,0.2464,LBen
R362G,0.0482,LBen
R362H,0.0656,LBen
R362I,0.2164,LBen
R362K,0.0715,LBen
R362L,0.1214,LBen
R362M,0.1369,LBen
R362N,0.132,LBen
R362P,0.2571,LBen
R362Q,0.0664,LBen
R362S,0.1053,LBen
R362T,0.0938,LBen
R362V,0.1819,LBen
R362W,0.1073,LBen
R362Y,0.1726,LBen
V363A,0.2511,LBen
V363C,0.6075,LPath
V363D,0.6011,LPath
V363E,0.4025,Amb
V363F,0.1265,LBen
V363G,0.2717,LBen
V363H,0.5342,Amb
V363I,0.0748,LBen
V363K,0.3919,Amb
V363L,0.1266,LBen
V363M,0.0994,LBen
V363N,0.4622,Amb
V363P,0.7426,LPath
V363Q,0.3498,Amb
V363R,0.3301,LBen
V363S,0.3635,Amb
V363T,0.3267,LBen
V363W,0.5601,Amb
V363Y,0.4142,Amb
S364A,0.0762,LBen
S364C,0.0709,LBen
S364D,0.1527,LBen
S364E,0.2586,LBen
S364F,0.1595,LBen
S364G,0.0696,LBen
S364H,0.1514,LBen
S364I,0.1316,LBen
S364K,0.2648,LBen
S364L,0.1019,LBen
S364M,0.1827,LBen
S364N,0.0825,LBen
S364P,0.0768,LBen
S364Q,0.2183,LBen
S364R,0.1838,LBen
S364T,0.081,LBen
S364V,0.1428,LBen
S364W,0.213,LBen
S364Y,0.1439,LBen
C365A,0.3903,Amb
C365D,0.9443,LPath
C365E,0.9746,LPath
C365F,0.5791,LPath
C365G,0.2318,LBen
C365H,0.8297,LPath
C365I,0.6912,LPath
C365K,0.9752,LPath
C365L,0.7042,LPath
C365M,0.873,LPath
C365N,0.7376,LPath
C365P,0.7892,LPath
C365Q,0.9145,LPath
C365R,0.8249,LPath
C365S,0.2663,LBen
C365T,0.4757,Amb
C365V,0.4585,Amb
C365W,0.8452,LPath
C365Y,0.7603,LPath
A366C,0.247,LBen
A366D,0.5456,Amb
A366E,0.4981,Amb
A366F,0.5148,Amb
A366G,0.1666,LBen
A366H,0.585,LPath
A366I,0.2782,LBen
A366K,0.6561,LPath
A366L,0.2491,LBen
A366M,0.2211,LBen
A366N,0.3703,Amb
A366P,0.7389,LPath
A366Q,0.4553,Amb
A366R,0.5143,Amb
A366S,0.0859,LBen
A366T,0.0611,LBen
A366V,0.122,LBen
A366W,0.8277,LPath
A366Y,0.6483,LPath
H367A,0.2248,LBen
H367C,0.1063,LBen
H367D,0.4189,Amb
H367E,0.5117,Amb
H367F,0.262,LBen
H367G,0.2838,LBen
H367I,0.3693,Amb
H367K,0.4521,Amb
H367L,0.147,LBen
H367M,0.5027,Amb
H367N,0.1248,LBen
H367P,0.1391,LBen
H367Q,0.2379,LBen
H367R,0.1748,LBen
H367S,0.177,LBen
H367T,0.2468,LBen
H367V,0.2467,LBen
H367W,0.403,Amb
H367Y,0.0909,LBen
I368A,0.6401,LPath
I368C,0.7643,LPath
I368D,0.9929,LPath
I368E,0.9907,LPath
I368F,0.6912,LPath
I368G,0.9335,LPath
I368H,0.9749,LPath
I368K,0.9887,LPath
I368L,0.1734,LBen
I368M,0.3306,LBen
I368N,0.9038,LPath
I368P,0.9818,LPath
I368Q,0.9746,LPath
I368R,0.9681,LPath
I368S,0.7143,LPath
I368T,0.7183,LPath
I368V,0.1049,LBen
I368W,0.9889,LPath
I368Y,0.953,LPath
Y369A,0.9132,LPath
Y369C,0.39,Amb
Y369D,0.9037,LPath
Y369E,0.9884,LPath
Y369F,0.1483,LBen
Y369G,0.8623,LPath
Y369H,0.3054,LBen
Y369I,0.9571,LPath
Y369K,0.9917,LPath
Y369L,0.9011,LPath
Y369M,0.9727,LPath
Y369N,0.6866,LPath
Y369P,0.9802,LPath
Y369Q,0.9521,LPath
Y369R,0.9343,LPath
Y369S,0.5066,Amb
Y369T,0.9008,LPath
Y369V,0.9016,LPath
Y369W,0.5428,Amb
S370A,0.3578,Amb
S370C,0.5903,LPath
S370D,0.9834,LPath
S370E,0.9907,LPath
S370F,0.9481,LPath
S370G,0.1573,LBen
S370H,0.9335,LPath
S370I,0.9508,LPath
S370K,0.9971,LPath
S370L,0.7471,LPath
S370M,0.9016,LPath
S370N,0.8342,LPath
S370P,0.8211,LPath
S370Q,0.9706,LPath
S370R,0.9881,LPath
S370T,0.6421,LPath
S370V,0.9313,LPath
S370W,0.9476,LPath
S370Y,0.9034,LPath
A371C,0.4398,Amb
A371D,0.3993,Amb
A371E,0.4706,Amb
A371F,0.4866,Amb
A371G,0.1212,LBen
A371H,0.5387,Amb
A371I,0.5017,Amb
A371K,0.752,LPath
A371L,0.2831,LBen
A371M,0.2708,LBen
A371N,0.2452,LBen
A371P,0.7827,LPath
A371Q,0.42,Amb
A371R,0.6728,LPath
A371S,0.0611,LBen
A371T,0.0902,LBen
A371V,0.2035,LBen
A371W,0.8795,LPath
A371Y,0.6711,LPath
L372A,0.5757,LPath
L372C,0.8046,LPath
L372D,0.9855,LPath
L372E,0.8496,LPath
L372F,0.7061,LPath
L372G,0.8794,LPath
L372H,0.8451,LPath
L372I,0.543,Amb
L372K,0.7747,LPath
L372M,0.164,LBen
L372N,0.9236,LPath
L372P,0.9756,LPath
L372Q,0.405,Amb
L372R,0.6287,LPath
L372S,0.7176,LPath
L372T,0.7123,LPath
L372V,0.368,Amb
L372W,0.8525,LPath
L372Y,0.927,LPath
D373A,0.7965,LPath
D373C,0.9402,LPath
D373E,0.8415,LPath
D373F,0.9693,LPath
D373G,0.9274,LPath
D373H,0.795,LPath
D373I,0.9619,LPath
D373K,0.9848,LPath
D373L,0.9095,LPath
D373M,0.984,LPath
D373N,0.7648,LPath
D373P,0.9488,LPath
D373Q,0.9499,LPath
D373R,0.9793,LPath
D373S,0.6857,LPath
D373T,0.951,LPath
D373V,0.9116,LPath
D373W,0.9944,LPath
D373Y,0.8181,LPath
P374A,0.074,LBen
P374C,0.5738,LPath
P374D,0.7658,LPath
P374E,0.3851,Amb
P374F,0.6094,LPath
P374G,0.295,LBen
P374H,0.2398,LBen
P374I,0.3836,Amb
P374K,0.539,Amb
P374L,0.1609,LBen
P374M,0.2607,LBen
P374N,0.3877,Amb
P374Q,0.0858,LBen
P374R,0.4204,Amb
P374S,0.113,LBen
P374T,0.1152,LBen
P374V,0.2232,LBen
P374W,0.731,LPath
P374Y,0.6213,LPath
T375A,0.0647,LBen
T375C,0.4695,Amb
T375D,0.5605,Amb
T375E,0.4269,Amb
T375F,0.3894,Amb
T375G,0.2735,LBen
T375H,0.4176,Amb
T375I,0.1972,LBen
T375K,0.4223,Amb
T375L,0.1206,LBen
T375M,0.0879,LBen
T375N,0.2274,LBen
T375P,0.3464,Amb
T375Q,0.3127,LBen
T375R,0.3356,LBen
T375S,0.127,LBen
T375V,0.1075,LBen
T375W,0.7629,LPath
T375Y,0.5004,Amb
A376C,0.8057,LPath
A376D,0.8983,LPath
A376E,0.7794,LPath
A376F,0.8601,LPath
A376G,0.497,Amb
A376H,0.8951,LPath
A376I,0.7483,LPath
A376K,0.9361,LPath
A376L,0.5105,Amb
A376M,0.5332,Amb
A376N,0.7489,LPath
A376P,0.9786,LPath
A376Q,0.6631,LPath
A376R,0.839,LPath
A376S,0.1781,LBen
A376T,0.3211,LBen
A376V,0.3989,Amb
A376W,0.9702,LPath
A376Y,0.9203,LPath
R377A,0.9903,LPath
R377C,0.8499,LPath
R377D,0.999,LPath
R377E,0.9833,LPath
R377F,0.9975,LPath
R377G,0.965,LPath
R377H,0.8783,LPath
R377I,0.9944,LPath
R377K,0.8671,LPath
R377L,0.9687,LPath
R377M,0.9949,LPath
R377N,0.9971,LPath
R377P,0.9977,LPath
R377Q,0.7336,LPath
R377S,0.9932,LPath
R377T,0.9947,LPath
R377V,0.9909,LPath
R377W,0.9143,LPath
R377Y,0.9846,LPath
K378A,0.7328,LPath
K378C,0.8346,LPath
K378D,0.906,LPath
K378E,0.5694,LPath
K378F,0.9655,LPath
K378G,0.7425,LPath
K378H,0.463,Amb
K378I,0.7969,LPath
K378L,0.7029,LPath
K378M,0.4847,Amb
K378N,0.668,LPath
K378P,0.9874,LPath
K378Q,0.2151,LBen
K378R,0.09,LBen
K378S,0.7247,LPath
K378T,0.4525,Amb
K378V,0.7408,LPath
K378W,0.9192,LPath
K378Y,0.8609,LPath
I379A,0.7912,LPath
I379C,0.8855,LPath
I379D,0.9211,LPath
I379E,0.7907,LPath
I379F,0.3941,Amb
I379G,0.9077,LPath
I379H,0.7965,LPath
I379K,0.7513,LPath
I379L,0.2173,LBen
I379M,0.1118,LBen
I379N,0.5719,LPath
I379P,0.9826,LPath
I379Q,0.7072,LPath
I379R,0.6116,LPath
I379S,0.7396,LPath
I379T,0.849,LPath
I379V,0.3059,LBen
I379W,0.8503,LPath
I379Y,0.6762,LPath
N380A,0.2873,LBen
N380C,0.1754,LBen
N380D,0.656,LPath
N380E,0.7906,LPath
N380F,0.7629,LPath
N380G,0.4459,Amb
N380H,0.1007,LBen
N380I,0.6185,LPath
N380K,0.8023,LPath
N380L,0.4922,Amb
N380M,0.6081,LPath
N380P,0.9738,LPath
N380Q,0.4847,Amb
N380R,0.6923,LPath
N380S,0.0704,LBen
N380T,0.3311,LBen
N380V,0.5629,Amb
N380W,0.8964,LPath
N380Y,0.295,LBen
L381A,0.5101,Amb
L381C,0.7858,LPath
L381D,0.9856,LPath
L381E,0.8889,LPath
L381F,0.3727,Amb
L381G,0.8747,LPath
L381H,0.6751,LPath
L381I,0.0927,LBen
L381K,0.7824,LPath
L381M,0.1174,LBen
L381N,0.8477,LPath
L381P,0.984,LPath
L381Q,0.5014,Amb
L381R,0.6588,LPath
L381S,0.6867,LPath
L381T,0.3824,Amb
L381V,0.1042,LBen
L381W,0.7213,LPath
L381Y,0.7926,LPath
A382C,0.5229,Amb
A382D,0.7606,LPath
A382E,0.6535,LPath
A382F,0.5901,LPath
A382G,0.1229,LBen
A382H,0.5927,LPath
A382I,0.6404,LPath
A382K,0.7754,LPath
A382L,0.3359,LBen
A382M,0.3828,Amb
A382N,0.4516,Amb
A382P,0.9338,LPath
A382Q,0.4343,Amb
A382R,0.6281,LPath
A382S,0.1058,LBen
A382T,0.196,LBen
A382V,0.3424,Amb
A382W,0.8733,LPath
A382Y,0.7009,LPath
K383A,0.2942,LBen
K383C,0.452,Amb
K383D,0.7047,LPath
K383E,0.2481,LBen
K383F,0.8151,LPath
K383G,0.3723,Amb
K383H,0.2615,LBen
K383I,0.5098,Amb
K383L,0.2872,LBen
K383M,0.2467,LBen
K383N,0.4768,Amb
K383P,0.9142,LPath
K383Q,0.1159,LBen
K383R,0.0586,LBen
K383S,0.3977,Amb
K383T,0.2239,LBen
K383V,0.407,Amb
K383W,0.6413,LPath
K383Y,0.6339,LPath
F384A,0.9951,LPath
F384C,0.9796,LPath
F384D,0.9989,LPath
F384E,0.9988,LPath
F384G,0.9956,LPath
F384H,0.9852,LPath
F384I,0.9581,LPath
F384K,0.9974,LPath
F384L,0.9957,LPath
F384M,0.9688,LPath
F384N,0.995,LPath
F384P,0.9998,LPath
F384Q,0.9968,LPath
F384R,0.9928,LPath
F384S,0.9962,LPath
F384T,0.9968,LPath
F384V,0.954,LPath
F384W,0.9251,LPath
F384Y,0.6795,LPath
T385A,0.071,LBen
T385C,0.2035,LBen
T385D,0.4831,Amb
T385E,0.35,Amb
T385F,0.1635,LBen
T385G,0.1538,LBen
T385H,0.166,LBen
T385I,0.0886,LBen
T385K,0.1942,LBen
T385L,0.0591,LBen
T385M,0.0647,LBen
T385N,0.0967,LBen
T385P,0.3419,Amb
T385Q,0.1586,LBen
T385R,0.138,LBen
T385S,0.0785,LBen
T385V,0.0787,LBen
T385W,0.4548,Amb
T385Y,0.2171,LBen
L386A,0.1051,LBen
L386C,0.1571,LBen
L386D,0.3591,Amb
L386E,0.2072,LBen
L386F,0.0868,LBen
L386G,0.187,LBen
L386H,0.0533,LBen
L386I,0.1054,LBen
L386K,0.1488,LBen
L386M,0.096,LBen
L386N,0.1179,LBen
L386P,0.5702,LPath
L386Q,0.0635,LBen
L386R,0.0761,LBen
L386S,0.1098,LBen
L386T,0.1148,LBen
L386V,0.088,LBen
L386W,0.1263,LBen
L386Y,0.139,LBen
G387A,0.1921,LBen
G387C,0.1977,LBen
G387D,0.262,LBen
G387E,0.2683,LBen
G387F,0.748,LPath
G387H,0.2285,LBen
G387I,0.7008,LPath
G387K,0.2505,LBen
G387L,0.5566,Amb
G387M,0.6358,LPath
G387N,0.2133,LBen
G387P,0.9214,LPath
G387Q,0.1826,LBen
G387R,0.1521,LBen
G387S,0.1157,LBen
G387T,0.3408,Amb
G387V,0.5301,Amb
G387W,0.4689,Amb
G387Y,0.4949,Amb
K388A,0.3808,Amb
K388C,0.5191,Amb
K388D,0.7055,LPath
K388E,0.2492,LBen
K388F,0.715,LPath
K388G,0.5246,Amb
K388H,0.227,LBen
K388I,0.3094,LBen
K388L,0.2753,LBen
K388M,0.2173,LBen
K388N,0.4957,Amb
K388P,0.8896,LPath
K388Q,0.1148,LBen
K388R,0.0828,LBen
K388S,0.4347,Amb
K388T,0.2192,LBen
K388V,0.2959,LBen
K388W,0.6896,LPath
K388Y,0.546,Amb
C389A,0.3358,LBen
C389D,0.7966,LPath
C389E,0.8125,LPath
C389F,0.3264,LBen
C389G,0.2416,LBen
C389H,0.558,Amb
C389I,0.3825,Amb
C389K,0.8154,LPath
C389L,0.4916,Amb
C389M,0.6728,LPath
C389N,0.5215,Amb
C389P,0.9519,LPath
C389Q,0.6304,LPath
C389R,0.4693,Amb
C389S,0.234,LBen
C389T,0.3457,Amb
C389V,0.2708,LBen
C389W,0.5971,LPath
C389Y,0.3638,Amb
S390A,0.0743,LBen
S390C,0.0832,LBen
S390D,0.3303,LBen
S390E,0.4371,Amb
S390F,0.173,LBen
S390G,0.0908,LBen
S390H,0.195,LBen
S390I,0.2852,LBen
S390K,0.4096,Amb
S390L,0.1174,LBen
S390M,0.2226,LBen
S390N,0.1436,LBen
S390P,0.0957,LBen
S390Q,0.284,LBen
S390R,0.2924,LBen
S390T,0.0997,LBen
S390V,0.2237,LBen
S390W,0.2234,LBen
S390Y,0.1541,LBen
T391A,0.0526,LBen
T391C,0.2087,LBen
T391D,0.842,LPath
T391E,0.7935,LPath
T391F,0.3314,LBen
T391G,0.2625,LBen
T391H,0.58,LPath
T391I,0.1301,LBen
T391K,0.7332,LPath
T391L,0.1105,LBen
T391M,0.1118,LBen
T391N,0.4029,Amb
T391P,0.4909,Amb
T391Q,0.6179,LPath
T391R,0.6215,LPath
T391S,0.1223,LBen
T391V,0.0746,LBen
T391W,0.7809,LPath
T391Y,0.4955,Amb
L392A,0.9258,LPath
L392C,0.9058,LPath
L392D,0.9995,LPath
L392E,0.9965,LPath
L392F,0.6518,LPath
L392G,0.9859,LPath
L392H,0.9896,LPath
L392I,0.4496,Amb
L392K,0.9933,LPath
L392M,0.2036,LBen
L392N,0.996,LPath
L392P,0.9948,LPath
L392Q,0.9681,LPath
L392R,0.982,LPath
L392S,0.9869,LPath
L392T,0.9772,LPath
L392V,0.3757,Amb
L392W,0.9609,LPath
L392Y,0.9775,LPath
I393A,0.8077,LPath
I393C,0.9252,LPath
I393D,0.9979,LPath
I393E,0.994,LPath
I393F,0.5601,Amb
I393G,0.98,LPath
I393H,0.989,LPath
I393K,0.9896,LPath
I393L,0.1292,LBen
I393M,0.248,LBen
I393N,0.9762,LPath
I393P,0.9785,LPath
I393Q,0.9861,LPath
I393R,0.9809,LPath
I393S,0.9353,LPath
I393T,0.7778,LPath
I393V,0.0948,LBen
I393W,0.9806,LPath
I393Y,0.9641,LPath
V394A,0.6296,LPath
V394C,0.9052,LPath
V394D,0.9957,LPath
V394E,0.9891,LPath
V394F,0.9409,LPath
V394G,0.8311,LPath
V394H,0.9968,LPath
V394I,0.3117,LBen
V394K,0.9941,LPath
V394L,0.8972,LPath
V394M,0.8165,LPath
V394N,0.9827,LPath
V394P,0.9948,LPath
V394Q,0.9807,LPath
V394R,0.9831,LPath
V394S,0.7724,LPath
V394T,0.4711,Amb
V394W,0.9995,LPath
V394Y,0.9972,LPath
T395A,0.9351,LPath
T395C,0.9756,LPath
T395D,0.9942,LPath
T395E,0.9927,LPath
T395F,0.9929,LPath
T395G,0.9628,LPath
T395H,0.9845,LPath
T395I,0.9912,LPath
T395K,0.9825,LPath
T395L,0.8784,LPath
T395M,0.7902,LPath
T395N,0.9521,LPath
T395P,0.8768,LPath
T395Q,0.984,LPath
T395R,0.9752,LPath
T395S,0.8363,LPath
T395V,0.9719,LPath
T395W,0.9961,LPath
T395Y,0.9941,LPath
D396A,0.9901,LPath
D396C,0.9993,LPath
D396E,0.9816,LPath
D396F,0.9991,LPath
D396G,0.9906,LPath
D396H,0.9927,LPath
D396I,0.999,LPath
D396K,0.9986,LPath
D396L,0.9969,LPath
D396M,0.9997,LPath
D396N,0.9112,LPath
D396P,0.9974,LPath
D396Q,0.9974,LPath
D396R,0.9967,LPath
D396S,0.946,LPath
D396T,0.9953,LPath
D396V,0.9957,LPath
D396W,0.9998,LPath
D396Y,0.9898,LPath
L397A,0.7829,LPath
L397C,0.8987,LPath
L397D,0.9918,LPath
L397E,0.9407,LPath
L397F,0.6778,LPath
L397G,0.9554,LPath
L397H,0.8841,LPath
L397I,0.0984,LBen
L397K,0.8609,LPath
L397M,0.263,LBen
L397N,0.9541,LPath
L397P,0.9313,LPath
L397Q,0.7705,LPath
L397R,0.7293,LPath
L397S,0.9165,LPath
L397T,0.6438,LPath
L397V,0.0768,LBen
L397W,0.8239,LPath
L397Y,0.9323,LPath
A398C,0.9572,LPath
A398D,0.9962,LPath
A398E,0.9928,LPath
A398F,0.9864,LPath
A398G,0.7036,LPath
A398H,0.9932,LPath
A398I,0.9899,LPath
A398K,0.9986,LPath
A398L,0.8836,LPath
A398M,0.9679,LPath
A398N,0.9919,LPath
A398P,0.9791,LPath
A398Q,0.9788,LPath
A398R,0.9915,LPath
A398S,0.5325,Amb
A398T,0.9339,LPath
A398V,0.9298,LPath
A398W,0.9983,LPath
A398Y,0.994,LPath
A399C,0.9074,LPath
A399D,0.9981,LPath
A399E,0.994,LPath
A399F,0.9856,LPath
A399G,0.6261,LPath
A399H,0.9967,LPath
A399I,0.9837,LPath
A399K,0.9989,LPath
A399L,0.8835,LPath
A399M,0.9331,LPath
A399N,0.9919,LPath
A399P,0.9971,LPath
A399Q,0.9821,LPath
A399R,0.9937,LPath
A399S,0.2537,LBen
A399T,0.8616,LPath
A399V,0.8988,LPath
A399W,0.9982,LPath
A399Y,0.9961,LPath
R400A,0.992,LPath
R400C,0.942,LPath
R400D,0.9977,LPath
R400E,0.9784,LPath
R400F,0.9985,LPath
R400G,0.9761,LPath
R400H,0.9716,LPath
R400I,0.9973,LPath
R400K,0.969,LPath
R400L,0.9805,LPath
R400M,0.9972,LPath
R400N,0.998,LPath
R400P,0.9943,LPath
R400Q,0.9313,LPath
R400S,0.9934,LPath
R400T,0.9947,LPath
R400V,0.9936,LPath
R400W,0.9189,LPath
R400Y,0.9957,LPath
G401A,0.9818,LPath
G401C,0.9902,LPath
G401D,0.9959,LPath
G401E,0.9972,LPath
G401F,0.9981,LPath
G401H,0.9992,LPath
G401I,0.994,LPath
G401K,0.9993,LPath
G401L,0.996,LPath
G401M,0.9981,LPath
G401N,0.9979,LPath
G401P,0.9994,LPath
G401Q,0.9987,LPath
G401R,0.9983,LPath
G401S,0.972,LPath
G401T,0.9936,LPath
G401V,0.9908,LPath
G401W,0.9977,LPath
G401Y,0.9977,LPath
L402A,0.867,LPath
L402C,0.9143,LPath
L402D,0.9982,LPath
L402E,0.9821,LPath
L402F,0.6349,LPath
L402G,0.9827,LPath
L402H,0.9705,LPath
L402I,0.0922,LBen
L402K,0.972,LPath
L402M,0.222,LBen
L402N,0.9827,LPath
L402P,0.9894,LPath
L402Q,0.9203,LPath
L402R,0.9499,LPath
L402S,0.9631,LPath
L402T,0.8613,LPath
L402V,0.1444,LBen
L402W,0.8932,LPath
L402Y,0.9568,LPath
D403A,0.9846,LPath
D403C,0.9987,LPath
D403E,0.9887,LPath
D403F,0.9962,LPath
D403G,0.9861,LPath
D403H,0.988,LPath
D403I,0.9965,LPath
D403K,0.9982,LPath
D403L,0.9925,LPath
D403M,0.9989,LPath
D403N,0.9628,LPath
D403P,0.9961,LPath
D403Q,0.9944,LPath
D403R,0.9957,LPath
D403S,0.966,LPath
D403T,0.9966,LPath
D403V,0.9881,LPath
D403W,0.9994,LPath
D403Y,0.9759,LPath
I404A,0.9585,LPath
I404C,0.9663,LPath
I404D,0.9966,LPath
I404E,0.9934,LPath
I404F,0.5891,LPath
I404G,0.9941,LPath
I404H,0.9804,LPath
I404K,0.9805,LPath
I404L,0.222,LBen
I404M,0.2887,LBen
I404N,0.9485,LPath
I404P,0.9931,LPath
I404Q,0.9826,LPath
I404R,0.9704,LPath
I404S,0.9431,LPath
I404T,0.9309,LPath
I404V,0.1927,LBen
I404W,0.9831,LPath
I404Y,0.9448,LPath
P405A,0.5105,Amb
P405C,0.9303,LPath
P405D,0.9782,LPath
P405E,0.9395,LPath
P405F,0.9721,LPath
P405G,0.888,LPath
P405H,0.8061,LPath
P405I,0.9422,LPath
P405K,0.9357,LPath
P405L,0.6216,LPath
P405M,0.9172,LPath
P405N,0.953,LPath
P405Q,0.7477,LPath
P405R,0.7924,LPath
P405S,0.6659,LPath
P405T,0.6787,LPath
P405V,0.8584,LPath
P405W,0.9832,LPath
P405Y,0.9627,LPath
L406A,0.3011,LBen
L406C,0.4947,Amb
L406D,0.8161,LPath
L406E,0.5401,Amb
L406F,0.162,LBen
L406G,0.5237,Amb
L406H,0.2431,LBen
L406I,0.2015,LBen
L406K,0.4373,Amb
L406M,0.0992,LBen
L406N,0.482,Amb
L406P,0.5905,LPath
L406Q,0.1709,LBen
L406R,0.2896,LBen
L406S,0.282,LBen
L406T,0.3533,Amb
L406V,0.1404,LBen
L406W,0.2727,LBen
L406Y,0.392,Amb
L407A,0.8657,LPath
L407C,0.9046,LPath
L407D,0.9983,LPath
L407E,0.9861,LPath
L407F,0.9313,LPath
L407G,0.9775,LPath
L407H,0.9834,LPath
L407I,0.3969,Amb
L407K,0.9764,LPath
L407M,0.5336,Amb
L407N,0.9898,LPath
L407P,0.9156,LPath
L407Q,0.9402,LPath
L407R,0.932,LPath
L407S,0.969,LPath
L407T,0.8662,LPath
L407V,0.3561,Amb
L407W,0.9694,LPath
L407Y,0.992,LPath
D408A,0.613,LPath
D408C,0.9163,LPath
D408E,0.5682,LPath
D408F,0.9706,LPath
D408G,0.4694,Amb
D408H,0.7131,LPath
D408I,0.9489,LPath
D408K,0.8581,LPath
D408L,0.9195,LPath
D408M,0.9684,LPath
D408N,0.2105,LBen
D408P,0.9736,LPath
D408Q,0.7154,LPath
D408R,0.8239,LPath
D408S,0.3274,LBen
D408T,0.7274,LPath
D408V,0.8391,LPath
D408W,0.9888,LPath
D408Y,0.8018,LPath
N409A,0.4776,Amb
N409C,0.2202,LBen
N409D,0.6182,LPath
N409E,0.8598,LPath
N409F,0.6964,LPath
N409G,0.6067,LPath
N409H,0.1363,LBen
N409I,0.4034,Amb
N409K,0.7586,LPath
N409L,0.5319,Amb
N409M,0.5661,LPath
N409P,0.9868,LPath
N409Q,0.6746,LPath
N409R,0.6532,LPath
N409S,0.1134,LBen
N409T,0.2137,LBen
N409V,0.3346,LBen
N409W,0.8881,LPath
N409Y,0.3246,LBen
V410A,0.5498,Amb
V410C,0.9004,LPath
V410D,0.9922,LPath
V410E,0.9836,LPath
V410F,0.9755,LPath
V410G,0.833,LPath
V410H,0.9961,LPath
V410I,0.2867,LBen
V410K,0.9917,LPath
V410L,0.9229,LPath
V410M,0.8915,LPath
V410N,0.9706,LPath
V410P,0.9963,LPath
V410Q,0.9804,LPath
V410R,0.9776,LPath
V410S,0.7846,LPath
V410T,0.6955,LPath
V410W,0.9995,LPath
V410Y,0.9965,LPath
I411A,0.9636,LPath
I411C,0.961,LPath
I411D,0.9992,LPath
I411E,0.9972,LPath
I411F,0.7537,LPath
I411G,0.9949,LPath
I411H,0.9957,LPath
I411K,0.995,LPath
I411L,0.3758,Amb
I411M,0.4865,Amb
I411N,0.9917,LPath
I411P,0.9965,LPath
I411Q,0.9941,LPath
I411R,0.9899,LPath
I411S,0.98,LPath
I411T,0.9668,LPath
I411V,0.1305,LBen
I411W,0.9897,LPath
I411Y,0.9763,LPath
N412A,0.9225,LPath
N412C,0.5765,LPath
N412D,0.9704,LPath
N412E,0.9941,LPath
N412F,0.9855,LPath
N412G,0.9345,LPath
N412H,0.7205,LPath
N412I,0.8567,LPath
N412K,0.9964,LPath
N412L,0.7543,LPath
N412M,0.9258,LPath
N412P,0.9757,LPath
N412Q,0.9759,LPath
N412R,0.9931,LPath
N412S,0.3065,LBen
N412T,0.7972,LPath
N412V,0.8569,LPath
N412W,0.9966,LPath
N412Y,0.9297,LPath
Y413A,0.8601,LPath
Y413C,0.269,LBen
Y413D,0.9088,LPath
Y413E,0.972,LPath
Y413F,0.0635,LBen
Y413G,0.8501,LPath
Y413H,0.5047,Amb
Y413I,0.6764,LPath
Y413K,0.9728,LPath
Y413L,0.6655,LPath
Y413M,0.8135,LPath
Y413N,0.7646,LPath
Y413P,0.978,LPath
Y413Q,0.9337,LPath
Y413R,0.9298,LPath
Y413S,0.7267,LPath
Y413T,0.856,LPath
Y413V,0.5432,Amb
Y413W,0.4507,Amb
S414A,0.2299,LBen
S414C,0.1293,LBen
S414D,0.5648,LPath
S414E,0.9354,LPath
S414F,0.758,LPath
S414G,0.1468,LBen
S414H,0.5327,Amb
S414I,0.6498,LPath
S414K,0.9862,LPath
S414L,0.4796,Amb
S414M,0.6598,LPath
S414N,0.1855,LBen
S414P,0.9115,LPath
S414Q,0.8902,LPath
S414R,0.9654,LPath
S414T,0.1682,LBen
S414V,0.61,LPath
S414W,0.791,LPath
S414Y,0.6384,LPath
F415A,0.9871,LPath
F415C,0.9193,LPath
F415D,0.9991,LPath
F415E,0.9992,LPath
F415G,0.995,LPath
F415H,0.9883,LPath
F415I,0.8881,LPath
F415K,0.9991,LPath
F415L,0.9718,LPath
F415M,0.9342,LPath
F415N,0.9946,LPath
F415P,0.9968,LPath
F415Q,0.9971,LPath
F415R,0.9968,LPath
F415S,0.9793,LPath
F415T,0.991,LPath
F415V,0.8676,LPath
F415W,0.9249,LPath
F415Y,0.7646,LPath
P416A,0.7065,LPath
P416C,0.9423,LPath
P416D,0.9989,LPath
P416E,0.9957,LPath
P416F,0.9978,LPath
P416G,0.9814,LPath
P416H,0.9913,LPath
P416I,0.9622,LPath
P416K,0.9984,LPath
P416L,0.8748,LPath
P416M,0.986,LPath
P416N,0.9974,LPath
P416Q,0.987,LPath
P416R,0.9893,LPath
P416S,0.9214,LPath
P416T,0.8687,LPath
P416V,0.8683,LPath
P416W,0.999,LPath
P416Y,0.9986,LPath
A417C,0.4752,Amb
A417D,0.7952,LPath
A417E,0.7685,LPath
A417F,0.6749,LPath
A417G,0.1321,LBen
A417H,0.8026,LPath
A417I,0.6149,LPath
A417K,0.9384,LPath
A417L,0.4735,Amb
A417M,0.564,LPath
A417N,0.6447,LPath
A417P,0.1265,LBen
A417Q,0.7143,LPath
A417R,0.869,LPath
A417S,0.1086,LBen
A417T,0.1987,LBen
A417V,0.2734,LBen
A417W,0.9208,LPath
A417Y,0.8325,LPath
K418A,0.6295,LPath
K418C,0.8432,LPath
K418D,0.922,LPath
K418E,0.6043,LPath
K418F,0.9742,LPath
K418G,0.6183,LPath
K418H,0.5574,Amb
K418I,0.8824,LPath
K418L,0.7615,LPath
K418M,0.6532,LPath
K418N,0.8114,LPath
K418P,0.9141,LPath
K418Q,0.2348,LBen
K418R,0.0863,LBen
K418S,0.6681,LPath
K418T,0.4296,Amb
K418V,0.7762,LPath
K418W,0.91,LPath
K418Y,0.9149,LPath
G419A,0.1037,LBen
G419C,0.205,LBen
G419D,0.6647,LPath
G419E,0.5682,LPath
G419F,0.8925,LPath
G419H,0.7522,LPath
G419I,0.5153,Amb
G419K,0.8667,LPath
G419L,0.6526,LPath
G419M,0.7034,LPath
G419N,0.4954,Amb
G419P,0.3518,Amb
G419Q,0.6683,LPath
G419R,0.7716,LPath
G419S,0.0871,LBen
G419T,0.2203,LBen
G419V,0.2907,LBen
G419W,0.7706,LPath
G419Y,0.7745,LPath
K420A,0.9589,LPath
K420C,0.976,LPath
K420D,0.987,LPath
K420E,0.9511,LPath
K420F,0.9941,LPath
K420G,0.9591,LPath
K420H,0.8687,LPath
K420I,0.9716,LPath
K420L,0.9349,LPath
K420M,0.9204,LPath
K420N,0.9726,LPath
K420P,0.935,LPath
K420Q,0.7663,LPath
K420R,0.17,LBen
K420S,0.9592,LPath
K420T,0.9171,LPath
K420V,0.9573,LPath
K420W,0.985,LPath
K420Y,0.9775,LPath
L421A,0.8376,LPath
L421C,0.9236,LPath
L421D,0.9901,LPath
L421E,0.9584,LPath
L421F,0.8461,LPath
L421G,0.9406,LPath
L421H,0.9212,LPath
L421I,0.2153,LBen
L421K,0.9562,LPath
L421M,0.3914,Amb
L421N,0.8806,LPath
L421P,0.9664,LPath
L421Q,0.816,LPath
L421R,0.888,LPath
L421S,0.9149,LPath
L421T,0.7324,LPath
L421V,0.2267,LBen
L421W,0.9276,LPath
L421Y,0.9349,LPath
F422A,0.9943,LPath
F422C,0.9716,LPath
F422D,0.9991,LPath
F422E,0.9994,LPath
F422G,0.9965,LPath
F422H,0.9819,LPath
F422I,0.9775,LPath
F422K,0.9996,LPath
F422L,0.993,LPath
F422M,0.9849,LPath
F422N,0.9966,LPath
F422P,0.9997,LPath
F422Q,0.998,LPath
F422R,0.9979,LPath
F422S,0.9885,LPath
F422T,0.9969,LPath
F422V,0.9689,LPath
F422W,0.8859,LPath
F422Y,0.4364,Amb
L423A,0.8706,LPath
L423C,0.8683,LPath
L423D,0.9984,LPath
L423E,0.9835,LPath
L423F,0.6794,LPath
L423G,0.9747,LPath
L423H,0.9306,LPath
L423I,0.1572,LBen
L423K,0.9671,LPath
L423M,0.3322,LBen
L423N,0.9728,LPath
L423P,0.9696,LPath
L423Q,0.8403,LPath
L423R,0.9013,LPath
L423S,0.9208,LPath
L423T,0.781,LPath
L423V,0.1494,LBen
L423W,0.888,LPath
L423Y,0.9537,LPath
H424A,0.9992,LPath
H424C,0.991,LPath
H424D,0.9992,LPath
H424E,0.9993,LPath
H424F,0.9913,LPath
H424G,0.9983,LPath
H424I,0.9995,LPath
H424K,0.9981,LPath
H424L,0.9804,LPath
H424M,0.9992,LPath
H424N,0.9976,LPath
H424P,0.9814,LPath
H424Q,0.9961,LPath
H424R,0.9943,LPath
H424S,0.9979,LPath
H424T,0.9997,LPath
H424V,0.9995,LPath
H424W,0.9517,LPath
H424Y,0.9803,LPath
R425A,0.9972,LPath
R425C,0.9249,LPath
R425D,0.999,LPath
R425E,0.9898,LPath
R425F,0.9996,LPath
R425G,0.9917,LPath
R425H,0.9506,LPath
R425I,0.9969,LPath
R425K,0.977,LPath
R425L,0.9838,LPath
R425M,0.9987,LPath
R425N,0.9987,LPath
R425P,0.9953,LPath
R425Q,0.9464,LPath
R425S,0.9966,LPath
R425T,0.9967,LPath
R425V,0.9958,LPath
R425W,0.9726,LPath
R425Y,0.9968,LPath
V426A,0.4527,Amb
V426C,0.9192,LPath
V426D,0.9947,LPath
V426E,0.9788,LPath
V426F,0.9534,LPath
V426G,0.7869,LPath
V426H,0.9952,LPath
V426I,0.2848,LBen
V426K,0.9905,LPath
V426L,0.9266,LPath
V426M,0.8278,LPath
V426N,0.9764,LPath
V426P,0.9954,LPath
V426Q,0.9714,LPath
V426R,0.9776,LPath
V426S,0.658,LPath
V426T,0.5025,Amb
V426W,0.9986,LPath
V426Y,0.9957,LPath
G427A,0.9685,LPath
G427C,0.9837,LPath
G427D,0.9962,LPath
G427E,0.9954,LPath
G427F,0.9975,LPath
G427H,0.999,LPath
G427I,0.9938,LPath
G427K,0.9985,LPath
G427L,0.9922,LPath
G427M,0.9977,LPath
G427N,0.9977,LPath
G427P,0.999,LPath
G427Q,0.9967,LPath
G427R,0.9946,LPath
G427S,0.9458,LPath
G427T,0.9889,LPath
G427V,0.9862,LPath
G427W,0.9939,LPath
G427Y,0.9976,LPath
R428A,0.9914,LPath
R428C,0.935,LPath
R428D,0.9951,LPath
R428E,0.9691,LPath
R428F,0.9938,LPath
R428G,0.9795,LPath
R428H,0.954,LPath
R428I,0.9809,LPath
R428K,0.9528,LPath
R428L,0.9528,LPath
R428M,0.9919,LPath
R428N,0.9932,LPath
R428P,0.9891,LPath
R428Q,0.9187,LPath
R428S,0.9926,LPath
R428T,0.9918,LPath
R428V,0.983,LPath
R428W,0.9332,LPath
R428Y,0.9908,LPath
V429A,0.443,Amb
V429C,0.9216,LPath
V429D,0.9914,LPath
V429E,0.9769,LPath
V429F,0.9743,LPath
V429G,0.6379,LPath
V429H,0.9963,LPath
V429I,0.4861,Amb
V429K,0.9864,LPath
V429L,0.9455,LPath
V429M,0.8928,LPath
V429N,0.9635,LPath
V429P,0.9835,LPath
V429Q,0.9757,LPath
V429R,0.9662,LPath
V429S,0.6415,LPath
V429T,0.3884,Amb
V429W,0.9994,LPath
V429Y,0.997,LPath
A430C,0.9191,LPath
A430D,0.9956,LPath
A430E,0.9937,LPath
A430F,0.9847,LPath
A430G,0.2185,LBen
A430H,0.9938,LPath
A430I,0.9971,LPath
A430K,0.9969,LPath
A430L,0.9377,LPath
A430M,0.9788,LPath
A430N,0.9843,LPath
A430P,0.9852,LPath
A430Q,0.9706,LPath
A430R,0.978,LPath
A430S,0.3904,Amb
A430T,0.9475,LPath
A430V,0.9803,LPath
A430W,0.9977,LPath
A430Y,0.9926,LPath
R431A,0.9942,LPath
R431C,0.9667,LPath
R431D,0.9982,LPath
R431E,0.9841,LPath
R431F,0.9968,LPath
R431G,0.9852,LPath
R431H,0.9725,LPath
R431I,0.9947,LPath
R431K,0.9641,LPath
R431L,0.9741,LPath
R431M,0.9961,LPath
R431N,0.9981,LPath
R431P,0.9916,LPath
R431Q,0.9476,LPath
R431S,0.9955,LPath
R431T,0.9961,LPath
R431V,0.9902,LPath
R431W,0.9253,LPath
R431Y,0.9929,LPath
A432C,0.7932,LPath
A432D,0.9684,LPath
A432E,0.9004,LPath
A432F,0.769,LPath
A432G,0.4367,Amb
A432H,0.9204,LPath
A432I,0.8918,LPath
A432K,0.9615,LPath
A432L,0.574,LPath
A432M,0.4884,Amb
A432N,0.7792,LPath
A432P,0.9877,LPath
A432Q,0.5655,LPath
A432R,0.87,LPath
A432S,0.2302,LBen
A432T,0.6956,LPath
A432V,0.6383,LPath
A432W,0.9719,LPath
A432Y,0.9085,LPath
G433A,0.7709,LPath
G433C,0.8074,LPath
G433D,0.8584,LPath
G433E,0.9033,LPath
G433F,0.9842,LPath
G433H,0.9332,LPath
G433I,0.9842,LPath
G433K,0.9521,LPath
G433L,0.9605,LPath
G433M,0.9696,LPath
G433N,0.7796,LPath
G433P,0.9955,LPath
G433Q,0.8667,LPath
G433R,0.8835,LPath
G433S,0.4139,Amb
G433T,0.8845,LPath
G433V,0.9575,LPath
G433W,0.9536,LPath
G433Y,0.9675,LPath
R434A,0.9064,LPath
R434C,0.3369,LBen
R434D,0.9702,LPath
R434E,0.8614,LPath
R434F,0.9114,LPath
R434G,0.7615,LPath
R434H,0.2404,LBen
R434I,0.8633,LPath
R434K,0.3185,LBen
R434L,0.7087,LPath
R434M,0.8588,LPath
R434N,0.8912,LPath
R434P,0.9855,LPath
R434Q,0.2224,LBen
R434S,0.9109,LPath
R434T,0.9021,LPath
R434V,0.8803,LPath
R434W,0.5582,Amb
R434Y,0.7797,LPath
S435A,0.0797,LBen
S435C,0.0837,LBen
S435D,0.2828,LBen
S435E,0.2831,LBen
S435F,0.1802,LBen
S435G,0.0689,LBen
S435H,0.2084,LBen
S435I,0.1457,LBen
S435K,0.2943,LBen
S435L,0.1094,LBen
S435M,0.1725,LBen
S435N,0.1088,LBen
S435P,0.134,LBen
S435Q,0.2507,LBen
S435R,0.2363,LBen
S435T,0.0708,LBen
S435V,0.1447,LBen
S435W,0.2477,LBen
S435Y,0.1868,LBen
G436A,0.8076,LPath
G436C,0.9506,LPath
G436D,0.9897,LPath
G436E,0.9903,LPath
G436F,0.9958,LPath
G436H,0.9949,LPath
G436I,0.9919,LPath
G436K,0.9921,LPath
G436L,0.9923,LPath
G436M,0.9962,LPath
G436N,0.9926,LPath
G436P,0.9961,LPath
G436Q,0.9889,LPath
G436R,0.9706,LPath
G436S,0.8187,LPath
G436T,0.9737,LPath
G436V,0.9751,LPath
G436W,0.9901,LPath
G436Y,0.9955,LPath
T437A,0.0891,LBen
T437C,0.2287,LBen
T437D,0.4567,Amb
T437E,0.3104,LBen
T437F,0.1632,LBen
T437G,0.3027,LBen
T437H,0.1972,LBen
T437I,0.1116,LBen
T437K,0.1947,LBen
T437L,0.0985,LBen
T437M,0.0761,LBen
T437N,0.1428,LBen
T437P,0.6236,LPath
T437Q,0.1959,LBen
T437R,0.1235,LBen
T437S,0.1209,LBen
T437V,0.0937,LBen
T437W,0.3885,Amb
T437Y,0.2322,LBen
A438C,0.6499,LPath
A438D,0.9905,LPath
A438E,0.9861,LPath
A438F,0.9696,LPath
A438G,0.4449,Amb
A438H,0.9899,LPath
A438I,0.8079,LPath
A438K,0.997,LPath
A438L,0.8064,LPath
A438M,0.8421,LPath
A438N,0.961,LPath
A438P,0.986,LPath
A438Q,0.9773,LPath
A438R,0.9874,LPath
A438S,0.1559,LBen
A438T,0.2048,LBen
A438V,0.4222,Amb
A438W,0.9975,LPath
A438Y,0.9911,LPath
Y439A,0.8828,LPath
Y439C,0.1994,LBen
Y439D,0.9708,LPath
Y439E,0.9903,LPath
Y439F,0.0717,LBen
Y439G,0.9146,LPath
Y439H,0.624,LPath
Y439I,0.533,Amb
Y439K,0.9848,LPath
Y439L,0.5389,Amb
Y439M,0.7549,LPath
Y439N,0.8589,LPath
Y439P,0.9919,LPath
Y439Q,0.964,LPath
Y439R,0.9471,LPath
Y439S,0.7528,LPath
Y439T,0.8728,LPath
Y439V,0.4724,Amb
Y439W,0.2689,LBen
S440A,0.4371,Amb
S440C,0.235,LBen
S440D,0.977,LPath
S440E,0.9914,LPath
S440F,0.9594,LPath
S440G,0.4929,Amb
S440H,0.9585,LPath
S440I,0.8449,LPath
S440K,0.9994,LPath
S440L,0.6881,LPath
S440M,0.8185,LPath
S440N,0.564,Amb
S440P,0.99,LPath
S440Q,0.9828,LPath
S440R,0.998,LPath
S440T,0.2673,LBen
S440V,0.7509,LPath
S440W,0.9778,LPath
S440Y,0.9579,LPath
L441A,0.8713,LPath
L441C,0.85,LPath
L441D,0.9984,LPath
L441E,0.991,LPath
L441F,0.1317,LBen
L441G,0.9792,LPath
L441H,0.966,LPath
L441I,0.1345,LBen
L441K,0.9882,LPath
L441M,0.1618,LBen
L441N,0.9917,LPath
L441P,0.9444,LPath
L441Q,0.9576,LPath
L441R,0.9658,LPath
L441S,0.9706,LPath
L441T,0.9023,LPath
L441V,0.1567,LBen
L441W,0.713,LPath
L441Y,0.8953,LPath
V442A,0.4783,Amb
V442C,0.8964,LPath
V442D,0.9908,LPath
V442E,0.9743,LPath
V442F,0.5942,LPath
V442G,0.7064,LPath
V442H,0.9879,LPath
V442I,0.1078,LBen
V442K,0.9848,LPath
V442L,0.2861,LBen
V442M,0.4269,Amb
V442N,0.9736,LPath
V442P,0.9466,LPath
V442Q,0.9636,LPath
V442R,0.9663,LPath
V442S,0.8237,LPath
V442T,0.6088,LPath
V442W,0.9843,LPath
V442Y,0.9652,LPath
A443C,0.3566,Amb
A443D,0.4765,Amb
A443E,0.5131,Amb
A443F,0.5022,Amb
A443G,0.1104,LBen
A443H,0.6012,LPath
A443I,0.4769,Amb
A443K,0.7522,LPath
A443L,0.3026,LBen
A443M,0.3284,LBen
A443N,0.4284,Amb
A443P,0.653,LPath
A443Q,0.5315,Amb
A443R,0.6377,LPath
A443S,0.077,LBen
A443T,0.1184,LBen
A443V,0.1967,LBen
A443W,0.8443,LPath
A443Y,0.6644,LPath
P444A,0.0701,LBen
P444C,0.3409,Amb
P444D,0.4355,Amb
P444E,0.2641,LBen
P444F,0.3747,Amb
P444G,0.1983,LBen
P444H,0.1569,LBen
P444I,0.2786,LBen
P444K,0.2633,LBen
P444L,0.0944,LBen
P444M,0.2197,LBen
P444N,0.2615,LBen
P444Q,0.1295,LBen
P444R,0.1335,LBen
P444S,0.0947,LBen
P444T,0.0909,LBen
P444V,0.1608,LBen
P444W,0.3997,Amb
P444Y,0.3876,Amb
D445A,0.2082,LBen
D445C,0.6673,LPath
D445E,0.1589,LBen
D445F,0.7883,LPath
D445G,0.2008,LBen
D445H,0.3794,Amb
D445I,0.6091,LPath
D445K,0.5088,Amb
D445L,0.5388,Amb
D445M,0.7246,LPath
D445N,0.1283,LBen
D445P,0.7397,LPath
D445Q,0.3805,Amb
D445R,0.511,Amb
D445S,0.1343,LBen
D445T,0.3036,LBen
D445V,0.3532,Amb
D445W,0.9146,LPath
D445Y,0.4071,Amb
E446A,0.9353,LPath
E446C,0.9929,LPath
E446D,0.5639,Amb
E446F,0.9991,LPath
E446G,0.8889,LPath
E446H,0.9872,LPath
E446I,0.9961,LPath
E446K,0.9261,LPath
E446L,0.9949,LPath
E446M,0.9895,LPath
E446N,0.9426,LPath
E446P,0.9986,LPath
E446Q,0.8097,LPath
E446R,0.9547,LPath
E446S,0.9176,LPath
E446T,0.9717,LPath
E446V,0.9825,LPath
E446W,0.9994,LPath
E446Y,0.997,LPath
I447A,0.326,LBen
I447C,0.6028,LPath
I447D,0.8204,LPath
I447E,0.6936,LPath
I447F,0.142,LBen
I447G,0.4964,Amb
I447H,0.613,LPath
I447K,0.5344,Amb
I447L,0.0767,LBen
I447M,0.0796,LBen
I447N,0.3761,Amb
I447P,0.8847,LPath
I447Q,0.5532,Amb
I447R,0.4863,Amb
I447S,0.3381,LBen
I447T,0.2411,LBen
I447V,0.0719,LBen
I447W,0.6645,LPath
I447Y,0.4409,Amb
P448A,0.0909,LBen
P448C,0.4776,Amb
P448D,0.966,LPath
P448E,0.9174,LPath
P448F,0.9062,LPath
P448G,0.3462,Amb
P448H,0.7182,LPath
P448I,0.8659,LPath
P448K,0.9479,LPath
P448L,0.5868,LPath
P448M,0.8685,LPath
P448N,0.8794,LPath
P448Q,0.7125,LPath
P448R,0.7641,LPath
P448S,0.189,LBen
P448T,0.4073,Amb
P448V,0.6581,LPath
P448W,0.9427,LPath
P448Y,0.8962,LPath
Y449A,0.6454,LPath
Y449C,0.1474,LBen
Y449D,0.8156,LPath
Y449E,0.9463,LPath
Y449F,0.1029,LBen
Y449G,0.6025,LPath
Y449H,0.2661,LBen
Y449I,0.82,LPath
Y449K,0.9665,LPath
Y449L,0.5254,Amb
Y449M,0.7968,LPath
Y449N,0.4177,Amb
Y449P,0.9167,LPath
Y449Q,0.8154,LPath
Y449R,0.8624,LPath
Y449S,0.3364,LBen
Y449T,0.7446,LPath
Y449V,0.6578,LPath
Y449W,0.3585,Amb
L450A,0.591,LPath
L450C,0.6182,LPath
L450D,0.9969,LPath
L450E,0.9717,LPath
L450F,0.3429,Amb
L450G,0.8984,LPath
L450H,0.9212,LPath
L450I,0.1363,LBen
L450K,0.976,LPath
L450M,0.1703,LBen
L450N,0.9747,LPath
L450P,0.9835,LPath
L450Q,0.8425,LPath
L450R,0.9299,LPath
L450S,0.8427,LPath
L450T,0.6412,LPath
L450V,0.084,LBen
L450W,0.8004,LPath
L450Y,0.86,LPath
L451A,0.3628,Amb
L451C,0.4433,Amb
L451D,0.9174,LPath
L451E,0.6645,LPath
L451F,0.1531,LBen
L451G,0.6718,LPath
L451H,0.4114,Amb
L451I,0.1264,LBen
L451K,0.5816,LPath
L451M,0.1287,LBen
L451N,0.7119,LPath
L451P,0.8557,LPath
L451Q,0.2982,LBen
L451R,0.3718,Amb
L451S,0.5041,Amb
L451T,0.3349,LBen
L451V,0.1025,LBen
L451W,0.2019,LBen
L451Y,0.4033,Amb
D452A,0.9104,LPath
D452C,0.9828,LPath
D452E,0.8198,LPath
D452F,0.9913,LPath
D452G,0.9085,LPath
D452H,0.9518,LPath
D452I,0.987,LPath
D452K,0.9905,LPath
D452L,0.9769,LPath
D452M,0.9958,LPath
D452N,0.8325,LPath
D452P,0.9923,LPath
D452Q,0.9616,LPath
D452R,0.9787,LPath
D452S,0.7806,LPath
D452T,0.9646,LPath
D452V,0.9513,LPath
D452W,0.9971,LPath
D452Y,0.9252,LPath
L453A,0.8044,LPath
L453C,0.7662,LPath
L453D,0.9968,LPath
L453E,0.9686,LPath
L453F,0.6407,LPath
L453G,0.9504,LPath
L453H,0.9138,LPath
L453I,0.2247,LBen
L453K,0.9625,LPath
L453M,0.3241,LBen
L453N,0.9586,LPath
L453P,0.9918,LPath
L453Q,0.8391,LPath
L453R,0.8926,LPath
L453S,0.9102,LPath
L453T,0.6436,LPath
L453V,0.1858,LBen
L453W,0.8782,LPath
L453Y,0.9253,LPath
H454A,0.6293,LPath
H454C,0.2046,LBen
H454D,0.7498,LPath
H454E,0.6368,LPath
H454F,0.3536,Amb
H454G,0.6326,LPath
H454I,0.6966,LPath
H454K,0.7359,LPath
H454L,0.255,LBen
H454M,0.6717,LPath
H454N,0.3032,LBen
H454P,0.7189,LPath
H454Q,0.3826,Amb
H454R,0.4127,Amb
H454S,0.4772,Amb
H454T,0.6773,LPath
H454V,0.6033,LPath
H454W,0.4467,Amb
H454Y,0.1274,LBen
L455A,0.6483,LPath
L455C,0.6572,LPath
L455D,0.9586,LPath
L455E,0.8439,LPath
L455F,0.3468,Amb
L455G,0.8007,LPath
L455H,0.5618,Amb
L455I,0.1604,LBen
L455K,0.7599,LPath
L455M,0.2364,LBen
L455N,0.7982,LPath
L455P,0.9602,LPath
L455Q,0.4763,Amb
L455R,0.4373,Amb
L455S,0.7068,LPath
L455T,0.5858,LPath
L455V,0.1483,LBen
L455W,0.6004,LPath
L455Y,0.7075,LPath
F456A,0.9713,LPath
F456C,0.9353,LPath
F456D,0.9942,LPath
F456E,0.9935,LPath
F456G,0.9838,LPath
F456H,0.9388,LPath
F456I,0.9082,LPath
F456K,0.9935,LPath
F456L,0.9867,LPath
F456M,0.9536,LPath
F456N,0.979,LPath
F456P,0.9988,LPath
F456Q,0.9764,LPath
F456R,0.975,LPath
F456S,0.9388,LPath
F456T,0.9729,LPath
F456V,0.8795,LPath
F456W,0.8835,LPath
F456Y,0.514,Amb
L457A,0.4995,Amb
L457C,0.7003,LPath
L457D,0.976,LPath
L457E,0.8603,LPath
L457F,0.3985,Amb
L457G,0.8291,LPath
L457H,0.6931,LPath
L457I,0.1674,LBen
L457K,0.8606,LPath
L457M,0.2308,LBen
L457N,0.8721,LPath
L457P,0.9035,LPath
L457Q,0.5427,Amb
L457R,0.6743,LPath
L457S,0.5763,LPath
L457T,0.3239,LBen
L457V,0.161,LBen
L457W,0.6266,LPath
L457Y,0.8617,LPath
G458A,0.3446,Amb
G458C,0.3898,Amb
G458D,0.4672,Amb
G458E,0.5506,Amb
G458F,0.9292,LPath
G458H,0.6744,LPath
G458I,0.8879,LPath
G458K,0.7952,LPath
G458L,0.805,LPath
G458M,0.8684,LPath
G458N,0.4739,Amb
G458P,0.9596,LPath
G458Q,0.5266,Amb
G458R,0.6095,LPath
G458S,0.1749,LBen
G458T,0.5633,Amb
G458V,0.7414,LPath
G458W,0.8112,LPath
G458Y,0.8414,LPath
R459A,0.4199,Amb
R459C,0.1194,LBen
R459D,0.6073,LPath
R459E,0.3792,Amb
R459F,0.4842,Amb
R459G,0.2383,LBen
R459H,0.0884,LBen
R459I,0.4036,Amb
R459K,0.1475,LBen
R459L,0.2644,LBen
R459M,0.4633,Amb
R459N,0.5158,Amb
R459P,0.7013,LPath
R459Q,0.0976,LBen
R459S,0.4248,Amb
R459T,0.3402,Amb
R459V,0.4245,Amb
R459W,0.1734,LBen
R459Y,0.3172,LBen
S460A,0.0657,LBen
S460C,0.0794,LBen
S460D,0.1734,LBen
S460E,0.1861,LBen
S460F,0.1347,LBen
S460G,0.0723,LBen
S460H,0.1438,LBen
S460I,0.1373,LBen
S460K,0.2461,LBen
S460L,0.1005,LBen
S460M,0.1623,LBen
S460N,0.104,LBen
S460P,0.0599,LBen
S460Q,0.1895,LBen
S460R,0.1953,LBen
S460T,0.0714,LBen
S460V,0.1166,LBen
S460W,0.157,LBen
S460Y,0.1096,LBen
L461A,0.4385,Amb
L461C,0.5297,Amb
L461D,0.9332,LPath
L461E,0.7815,LPath
L461F,0.1573,LBen
L461G,0.7321,LPath
L461H,0.6179,LPath
L461I,0.0986,LBen
L461K,0.7044,LPath
L461M,0.137,LBen
L461N,0.8096,LPath
L461P,0.2615,LBen
L461Q,0.511,Amb
L461R,0.5411,Amb
L461S,0.6523,LPath
L461T,0.4961,Amb
L461V,0.0854,LBen
L461W,0.3328,LBen
L461Y,0.5752,LPath
T462A,0.0638,LBen
T462C,0.1777,LBen
T462D,0.1755,LBen
T462E,0.1462,LBen
T462F,0.1083,LBen
T462G,0.132,LBen
T462H,0.1095,LBen
T462I,0.0781,LBen
T462K,0.1211,LBen
T462L,0.0626,LBen
T462M,0.0761,LBen
T462N,0.0798,LBen
T462P,0.0813,LBen
T462Q,0.1184,LBen
T462R,0.0962,LBen
T462S,0.0758,LBen
T462V,0.0727,LBen
T462W,0.2602,LBen
T462Y,0.1344,LBen
L463A,0.1149,LBen
L463C,0.2666,LBen
L463D,0.5112,Amb
L463E,0.22,LBen
L463F,0.0818,LBen
L463G,0.2757,LBen
L463H,0.149,LBen
L463I,0.0887,LBen
L463K,0.1643,LBen
L463M,0.0934,LBen
L463N,0.3454,Amb
L463P,0.0954,LBen
L463Q,0.0987,LBen
L463R,0.0923,LBen
L463S,0.1665,LBen
L463T,0.1219,LBen
L463V,0.0656,LBen
L463W,0.1119,LBen
L463Y,0.239,LBen
A464C,0.4343,Amb
A464D,0.6149,LPath
A464E,0.5637,Amb
A464F,0.5302,Amb
A464G,0.1638,LBen
A464H,0.7113,LPath
A464I,0.3573,Amb
A464K,0.7905,LPath
A464L,0.2605,LBen
A464M,0.3961,Amb
A464N,0.5672,LPath
A464P,0.3625,Amb
A464Q,0.583,LPath
A464R,0.6496,LPath
A464S,0.1186,LBen
A464T,0.1561,LBen
A464V,0.1475,LBen
A464W,0.8331,LPath
A464Y,0.6862,LPath
R465A,0.0967,LBen
R465C,0.0766,LBen
R465D,0.1691,LBen
R465E,0.1133,LBen
R465F,0.1932,LBen
R465G,0.0647,LBen
R465H,0.0665,LBen
R465I,0.1439,LBen
R465K,0.0889,LBen
R465L,0.0828,LBen
R465M,0.1533,LBen
R465N,0.1781,LBen
R465P,0.1029,LBen
R465Q,0.0656,LBen
R465S,0.1084,LBen
R465T,0.093,LBen
R465V,0.1297,LBen
R465W,0.0835,LBen
R465Y,0.1414,LBen
P466A,0.0726,LBen
P466C,0.237,LBen
P466D,0.1909,LBen
P466E,0.1538,LBen
P466F,0.245,LBen
P466G,0.1511,LBen
P466H,0.1123,LBen
P466I,0.1879,LBen
P466K,0.1983,LBen
P466L,0.0885,LBen
P466M,0.2092,LBen
P466N,0.1739,LBen
P466Q,0.1085,LBen
P466R,0.1142,LBen
P466S,0.081,LBen
P466T,0.0783,LBen
P466V,0.1229,LBen
P466W,0.2954,LBen
P466Y,0.2181,LBen
L467A,0.0711,LBen
L467C,0.1205,LBen
L467D,0.1304,LBen
L467E,0.0829,LBen
L467F,0.075,LBen
L467G,0.103,LBen
L467H,0.0615,LBen
L467I,0.0832,LBen
L467K,0.0931,LBen
L467M,0.0924,LBen
L467N,0.0961,LBen
L467P,0.0561,LBen
L467Q,0.0509,LBen
L467R,0.0589,LBen
L467S,0.0718,LBen
L467T,0.087,LBen
L467V,0.0628,LBen
L467W,0.0689,LBen
L467Y,0.113,LBen
K468A,0.0965,LBen
K468C,0.2894,LBen
K468D,0.1455,LBen
K468E,0.0545,LBen
K468F,0.4683,Amb
K468G,0.0947,LBen
K468H,0.1367,LBen
K468I,0.2065,LBen
K468L,0.1383,LBen
K468M,0.1366,LBen
K468N,0.1632,LBen
K468P,0.1358,LBen
K468Q,0.0639,LBen
K468R,0.0643,LBen
K468S,0.1262,LBen
K468T,0.085,LBen
K468V,0.1401,LBen
K468W,0.3561,Amb
K468Y,0.3122,LBen
E469A,0.0768,LBen
E469C,0.4684,Amb
E469D,0.0684,LBen
E469F,0.3523,Amb
E469G,0.0676,LBen
E469H,0.1828,LBen
E469I,0.1674,LBen
E469K,0.0936,LBen
E469L,0.1521,LBen
E469M,0.2093,LBen
E469N,0.1257,LBen
E469P,0.174,LBen
E469Q,0.0883,LBen
E469R,0.1313,LBen
E469S,0.1049,LBen
E469T,0.1101,LBen
E469V,0.092,LBen
E469W,0.4995,Amb
E469Y,0.2441,LBen
P470A,0.0606,LBen
P470C,0.2149,LBen
P470D,0.1319,LBen
P470E,0.1177,LBen
P470F,0.1916,LBen
P470G,0.1184,LBen
P470H,0.1032,LBen
P470I,0.1381,LBen
P470K,0.1376,LBen
P470L,0.0766,LBen
P470M,0.1586,LBen
P470N,0.1368,LBen
P470Q,0.0959,LBen
P470R,0.0943,LBen
P470S,0.074,LBen
P470T,0.0665,LBen
P470V,0.0976,LBen
P470W,0.24,LBen
P470Y,0.1871,LBen
S471A,0.0569,LBen
S471C,0.0782,LBen
S471D,0.1356,LBen
S471E,0.1452,LBen
S471F,0.1045,LBen
S471G,0.0659,LBen
S471H,0.1461,LBen
S471I,0.1074,LBen
S471K,0.2368,LBen
S471L,0.0702,LBen
S471M,0.1409,LBen
S471N,0.1096,LBen
S471P,0.0687,LBen
S471Q,0.1875,LBen
S471R,0.1811,LBen
S471T,0.0701,LBen
S471V,0.0925,LBen
S471W,0.1119,LBen
S471Y,0.1074,LBen
G472A,0.0698,LBen
G472C,0.0981,LBen
G472D,0.0733,LBen
G472E,0.0832,LBen
G472F,0.2229,LBen
G472H,0.124,LBen
G472I,0.1286,LBen
G472K,0.1495,LBen
G472L,0.1518,LBen
G472M,0.1984,LBen
G472N,0.1323,LBen
G472P,0.1941,LBen
G472Q,0.1237,LBen
G472R,0.0966,LBen
G472S,0.0724,LBen
G472T,0.0845,LBen
G472V,0.0849,LBen
G472W,0.134,LBen
G472Y,0.156,LBen
V473A,0.0616,LBen
V473C,0.3011,LBen
V473D,0.0865,LBen
V473E,0.0904,LBen
V473F,0.0861,LBen
V473G,0.0694,LBen
V473H,0.1775,LBen
V473I,0.0791,LBen
V473K,0.1126,LBen
V473L,0.0849,LBen
V473M,0.0808,LBen
V473N,0.0994,LBen
V473P,0.1032,LBen
V473Q,0.1148,LBen
V473R,0.0991,LBen
V473S,0.0768,LBen
V473T,0.0775,LBen
V473W,0.2984,LBen
V473Y,0.2135,LBen
A474C,0.1931,LBen
A474D,0.0919,LBen
A474E,0.0933,LBen
A474F,0.1351,LBen
A474G,0.0718,LBen
A474H,0.1693,LBen
A474I,0.1059,LBen
A474K,0.1495,LBen
A474L,0.082,LBen
A474M,0.1056,LBen
A474N,0.1234,LBen
A474P,0.0717,LBen
A474Q,0.1333,LBen
A474R,0.1256,LBen
A474S,0.0731,LBen
A474T,0.0658,LBen
A474V,0.0671,LBen
A474W,0.238,LBen
A474Y,0.1967,LBen
G475A,0.0657,LBen
G475C,0.0932,LBen
G475D,0.079,LBen
G475E,0.0921,LBen
G475F,0.2174,LBen
G475H,0.1414,LBen
G475I,0.1253,LBen
G475K,0.1668,LBen
G475L,0.1512,LBen
G475M,0.1864,LBen
G475N,0.1308,LBen
G475P,0.19,LBen
G475Q,0.1376,LBen
G475R,0.1136,LBen
G475S,0.0686,LBen
G475T,0.0782,LBen
G475V,0.0829,LBen
G475W,0.1465,LBen
G475Y,0.1713,LBen
V476A,0.0651,LBen
V476C,0.309,LBen
V476D,0.0967,LBen
V476E,0.0856,LBen
V476F,0.096,LBen
V476G,0.06,LBen
V476H,0.1923,LBen
V476I,0.0815,LBen
V476K,0.1044,LBen
V476L,0.0913,LBen
V476M,0.0806,LBen
V476N,0.1084,LBen
V476P,0.1259,LBen
V476Q,0.1088,LBen
V476R,0.0869,LBen
V476S,0.0814,LBen
V476T,0.0755,LBen
V476W,0.2628,LBen
V476Y,0.2369,LBen
D477A,0.1736,LBen
D477C,0.4779,Amb
D477E,0.1787,LBen
D477F,0.577,LPath
D477G,0.137,LBen
D477H,0.2674,LBen
D477I,0.4435,Amb
D477K,0.4377,Amb
D477L,0.4074,Amb
D477M,0.6395,LPath
D477N,0.1224,LBen
D477P,0.4142,Amb
D477Q,0.3388,LBen
D477R,0.3758,Amb
D477S,0.1217,LBen
D477T,0.2452,LBen
D477V,0.2632,LBen
D477W,0.7861,LPath
D477Y,0.2506,LBen
G478A,0.1668,LBen
G478C,0.2065,LBen
G478D,0.2778,LBen
G478E,0.3056,LBen
G478F,0.5664,LPath
G478H,0.4321,Amb
G478I,0.3887,Amb
G478K,0.5642,LPath
G478L,0.4807,Amb
G478M,0.5255,Amb
G478N,0.3323,LBen
G478P,0.7924,LPath
G478Q,0.4169,Amb
G478R,0.3639,Amb
G478S,0.1114,LBen
G478T,0.2049,LBen
G478V,0.2721,LBen
G478W,0.3927,Amb
G478Y,0.4555,Amb
M479A,0.1832,LBen
M479C,0.4132,Amb
M479D,0.5065,Amb
M479E,0.2677,LBen
M479F,0.1988,LBen
M479G,0.263,LBen
M479H,0.3398,LBen
M479I,0.1146,LBen
M479K,0.1672,LBen
M479L,0.089,LBen
M479N,0.2925,LBen
M479P,0.5352,Amb
M479Q,0.1922,LBen
M479R,0.1483,LBen
M479S,0.2124,LBen
M479T,0.1153,LBen
M479V,0.0489,LBen
M479W,0.4256,Amb
M479Y,0.3746,Amb
L480A,0.4479,Amb
L480C,0.69,LPath
L480D,0.9876,LPath
L480E,0.9439,LPath
L480F,0.1916,LBen
L480G,0.8183,LPath
L480H,0.8818,LPath
L480I,0.1255,LBen
L480K,0.9452,LPath
L480M,0.1694,LBen
L480N,0.9587,LPath
L480P,0.7853,LPath
L480Q,0.8436,LPath
L480R,0.8634,LPath
L480S,0.8431,LPath
L480T,0.568,LPath
L480V,0.1029,LBen
L480W,0.4393,Amb
L480Y,0.6468,LPath
G481A,0.6494,LPath
G481C,0.8028,LPath
G481D,0.9675,LPath
G481E,0.9665,LPath
G481F,0.9803,LPath
G481H,0.985,LPath
G481I,0.96,LPath
G481K,0.9877,LPath
G481L,0.9354,LPath
G481M,0.9825,LPath
G481N,0.9854,LPath
G481P,0.9902,LPath
G481Q,0.9725,LPath
G481R,0.9509,LPath
G481S,0.6877,LPath
G481T,0.9371,LPath
G481V,0.9031,LPath
G481W,0.9399,LPath
G481Y,0.9708,LPath
R482A,0.338,LBen
R482C,0.1185,LBen
R482D,0.682,LPath
R482E,0.3677,Amb
R482F,0.4982,Amb
R482G,0.1988,LBen
R482H,0.1185,LBen
R482I,0.3377,LBen
R482K,0.1405,LBen
R482L,0.2226,LBen
R482M,0.3183,LBen
R482N,0.5813,LPath
R482P,0.6539,LPath
R482Q,0.0948,LBen
R482S,0.4033,Amb
R482T,0.2535,LBen
R482V,0.339,LBen
R482W,0.1435,LBen
R482Y,0.3706,Amb
V483A,0.4972,Amb
V483C,0.8704,LPath
V483D,0.9854,LPath
V483E,0.9604,LPath
V483F,0.4217,Amb
V483G,0.6346,LPath
V483H,0.9841,LPath
V483I,0.1118,LBen
V483K,0.9795,LPath
V483L,0.392,Amb
V483M,0.3643,Amb
V483N,0.9581,LPath
V483P,0.7219,LPath
V483Q,0.9564,LPath
V483R,0.9612,LPath
V483S,0.7957,LPath
V483T,0.7556,LPath
V483W,0.9685,LPath
V483Y,0.9259,LPath
P484A,0.4462,Amb
P484C,0.855,LPath
P484D,0.9681,LPath
P484E,0.929,LPath
P484F,0.9498,LPath
P484G,0.8662,LPath
P484H,0.8203,LPath
P484I,0.8712,LPath
P484K,0.9477,LPath
P484L,0.5057,Amb
P484M,0.8712,LPath
P484N,0.9575,LPath
P484Q,0.8502,LPath
P484R,0.8401,LPath
P484S,0.636,LPath
P484T,0.6999,LPath
P484V,0.753,LPath
P484W,0.9359,LPath
P484Y,0.943,LPath
Q485A,0.1838,LBen
Q485C,0.6216,LPath
Q485D,0.4953,Amb
Q485E,0.1186,LBen
Q485F,0.7479,LPath
Q485G,0.2304,LBen
Q485H,0.3575,Amb
Q485I,0.4466,Amb
Q485K,0.1486,LBen
Q485L,0.1706,LBen
Q485M,0.4214,Amb
Q485N,0.4677,Amb
Q485P,0.1204,LBen
Q485R,0.1006,LBen
Q485S,0.2667,LBen
Q485T,0.255,LBen
Q485V,0.2367,LBen
Q485W,0.4382,Amb
Q485Y,0.5853,LPath
S486A,0.0827,LBen
S486C,0.0783,LBen
S486D,0.1293,LBen
S486E,0.2011,LBen
S486F,0.2476,LBen
S486G,0.0624,LBen
S486H,0.1457,LBen
S486I,0.1092,LBen
S486K,0.2638,LBen
S486L,0.1356,LBen
S486M,0.1539,LBen
S486N,0.0752,LBen
S486P,0.2548,LBen
S486Q,0.2342,LBen
S486R,0.207,LBen
S486T,0.0814,LBen
S486V,0.1187,LBen
S486W,0.2259,LBen
S486Y,0.1633,LBen
V487A,0.1376,LBen
V487C,0.6279,LPath
V487D,0.4451,Amb
V487E,0.3072,LBen
V487F,0.1578,LBen
V487G,0.2583,LBen
V487H,0.5785,LPath
V487I,0.074,LBen
V487K,0.3937,Amb
V487L,0.1237,LBen
V487M,0.1014,LBen
V487N,0.4164,Amb
V487P,0.6452,LPath
V487Q,0.3816,Amb
V487R,0.3253,LBen
V487S,0.241,LBen
V487T,0.1652,LBen
V487W,0.6323,LPath
V487Y,0.5519,Amb
V488A,0.1497,LBen
V488C,0.7302,LPath
V488D,0.6855,LPath
V488E,0.4572,Amb
V488F,0.2753,LBen
V488G,0.2645,LBen
V488H,0.7698,LPath
V488I,0.0838,LBen
V488K,0.5679,LPath
V488L,0.1676,LBen
V488M,0.1399,LBen
V488N,0.577,LPath
V488P,0.7299,LPath
V488Q,0.4864,Amb
V488R,0.4739,Amb
V488S,0.3075,LBen
V488T,0.1728,LBen
V488W,0.776,LPath
V488Y,0.739,LPath
D489A,0.2886,LBen
D489C,0.7062,LPath
D489E,0.3047,LBen
D489F,0.7151,LPath
D489G,0.2585,LBen
D489H,0.532,Amb
D489I,0.6364,LPath
D489K,0.7022,LPath
D489L,0.5191,Amb
D489M,0.7373,LPath
D489N,0.1966,LBen
D489P,0.93,LPath
D489Q,0.5595,Amb
D489R,0.605,LPath
D489S,0.2136,LBen
D489T,0.4439,Amb
D489V,0.3801,Amb
D489W,0.8758,LPath
D489Y,0.3243,LBen
E490A,0.1049,LBen
E490C,0.4836,Amb
E490D,0.0699,LBen
E490F,0.5192,Amb
E490G,0.0919,LBen
E490H,0.2299,LBen
E490I,0.2726,LBen
E490K,0.0999,LBen
E490L,0.2464,LBen
E490M,0.3128,LBen
E490N,0.1333,LBen
E490P,0.5483,Amb
E490Q,0.1082,LBen
E490R,0.1268,LBen
E490S,0.1186,LBen
E490T,0.15,LBen
E490V,0.1548,LBen
E490W,0.612,LPath
E490Y,0.3205,LBen
E491A,0.0965,LBen
E491C,0.6295,LPath
E491D,0.256,LBen
E491F,0.643,LPath
E491G,0.1365,LBen
E491H,0.4274,Amb
E491I,0.2838,LBen
E491K,0.1919,LBen
E491L,0.3052,LBen
E491M,0.3231,LBen
E491N,0.3608,Amb
E491P,0.8177,LPath
E491Q,0.1327,LBen
E491R,0.2582,LBen
E491S,0.2288,LBen
E491T,0.1946,LBen
E491V,0.1321,LBen
E491W,0.7866,LPath
E491Y,0.4819,Amb
D492A,0.0983,LBen
D492C,0.2907,LBen
D492E,0.105,LBen
D492F,0.2924,LBen
D492G,0.088,LBen
D492H,0.1475,LBen
D492I,0.1709,LBen
D492K,0.2088,LBen
D492L,0.2016,LBen
D492M,0.3368,LBen
D492N,0.0804,LBen
D492P,0.7381,LPath
D492Q,0.1823,LBen
D492R,0.2146,LBen
D492S,0.0919,LBen
D492T,0.1413,LBen
D492V,0.1073,LBen
D492W,0.5931,LPath
D492Y,0.104,LBen
S493A,0.0694,LBen
S493C,0.0571,LBen
S493D,0.1518,LBen
S493E,0.2173,LBen
S493F,0.1457,LBen
S493G,0.0488,LBen
S493H,0.1544,LBen
S493I,0.1078,LBen
S493K,0.2937,LBen
S493L,0.1157,LBen
S493M,0.1717,LBen
S493N,0.1035,LBen
S493P,0.3171,LBen
S493Q,0.2391,LBen
S493R,0.1771,LBen
S493T,0.0799,LBen
S493V,0.1112,LBen
S493W,0.1446,LBen
S493Y,0.1196,LBen
G494A,0.0752,LBen
G494C,0.0749,LBen
G494D,0.1037,LBen
G494E,0.1133,LBen
G494F,0.1609,LBen
G494H,0.1004,LBen
G494I,0.1022,LBen
G494K,0.1514,LBen
G494L,0.1273,LBen
G494M,0.183,LBen
G494N,0.1159,LBen
G494P,0.4272,Amb
G494Q,0.1241,LBen
G494R,0.0903,LBen
G494S,0.061,LBen
G494T,0.0817,LBen
G494V,0.0822,LBen
G494W,0.1234,LBen
G494Y,0.1241,LBen
L495A,0.4891,Amb
L495C,0.5185,Amb
L495D,0.9039,LPath
L495E,0.6234,LPath
L495F,0.155,LBen
L495G,0.6892,LPath
L495H,0.4095,Amb
L495I,0.1,LBen
L495K,0.5041,Amb
L495M,0.161,LBen
L495N,0.7095,LPath
L495P,0.6349,LPath
L495Q,0.3005,LBen
L495R,0.303,LBen
L495S,0.5784,LPath
L495T,0.467,Amb
L495V,0.1192,LBen
L495W,0.2383,LBen
L495Y,0.4601,Amb
Q496A,0.1338,LBen
Q496C,0.174,LBen
Q496D,0.2765,LBen
Q496E,0.099,LBen
Q496F,0.3395,LBen
Q496G,0.1129,LBen
Q496H,0.0973,LBen
Q496I,0.2336,LBen
Q496K,0.0824,LBen
Q496L,0.0826,LBen
Q496M,0.2538,LBen
Q496N,0.217,LBen
Q496P,0.1828,LBen
Q496R,0.0547,LBen
Q496S,0.1501,LBen
Q496T,0.1404,LBen
Q496V,0.1657,LBen
Q496W,0.1436,LBen
Q496Y,0.2116,LBen
S497A,0.067,LBen
S497C,0.0667,LBen
S497D,0.1192,LBen
S497E,0.1661,LBen
S497F,0.1421,LBen
S497G,0.0553,LBen
S497H,0.1044,LBen
S497I,0.1051,LBen
S497K,0.1784,LBen
S497L,0.0978,LBen
S497M,0.1318,LBen
S497N,0.0595,LBen
S497P,0.2814,LBen
S497Q,0.1654,LBen
S497R,0.1336,LBen
S497T,0.0718,LBen
S497V,0.11,LBen
S497W,0.147,LBen
S497Y,0.0966,LBen
T498A,0.0576,LBen
T498C,0.1637,LBen
T498D,0.1625,LBen
T498E,0.1675,LBen
T498F,0.1183,LBen
T498G,0.1247,LBen
T498H,0.1153,LBen
T498I,0.0936,LBen
T498K,0.1338,LBen
T498L,0.0677,LBen
T498M,0.0792,LBen
T498N,0.0917,LBen
T498P,0.1439,LBen
T498Q,0.1339,LBen
T498R,0.0956,LBen
T498S,0.0723,LBen
T498V,0.0808,LBen
T498W,0.2593,LBen
T498Y,0.1411,LBen
L499A,0.122,LBen
L499C,0.3413,Amb
L499D,0.5138,Amb
L499E,0.1876,LBen
L499F,0.1118,LBen
L499G,0.2583,LBen
L499H,0.1379,LBen
L499I,0.0983,LBen
L499K,0.1389,LBen
L499M,0.0946,LBen
L499N,0.3351,LBen
L499P,0.2892,LBen
L499Q,0.0864,LBen
L499R,0.0791,LBen
L499S,0.1647,LBen
L499T,0.1236,LBen
L499V,0.0757,LBen
L499W,0.1287,LBen
L499Y,0.2773,LBen
E500A,0.0732,LBen
E500C,0.4209,Amb
E500D,0.0916,LBen
E500F,0.4232,Amb
E500G,0.069,LBen
E500H,0.1696,LBen
E500I,0.235,LBen
E500K,0.0851,LBen
E500L,0.1608,LBen
E500M,0.2335,LBen
E500N,0.1404,LBen
E500P,0.3135,LBen
E500Q,0.0766,LBen
E500R,0.1005,LBen
E500S,0.101,LBen
E500T,0.1156,LBen
E500V,0.1285,LBen
E500W,0.4603,Amb
E500Y,0.2955,LBen
A501C,0.2522,LBen
A501D,0.1055,LBen
A501E,0.1176,LBen
A501F,0.1724,LBen
A501G,0.0771,LBen
A501H,0.2107,LBen
A501I,0.144,LBen
A501K,0.1859,LBen
A501L,0.1078,LBen
A501M,0.1284,LBen
A501N,0.1165,LBen
A501P,0.2268,LBen
A501Q,0.1713,LBen
A501R,0.1607,LBen
A501S,0.0774,LBen
A501T,0.0677,LBen
A501V,0.0798,LBen
A501W,0.3564,Amb
A501Y,0.2173,LBen
S502A,0.0976,LBen
S502C,0.0833,LBen
S502D,0.2605,LBen
S502E,0.4277,Amb
S502F,0.1954,LBen
S502G,0.1008,LBen
S502H,0.2492,LBen
S502I,0.2307,LBen
S502K,0.545,Amb
S502L,0.1422,LBen
S502M,0.2343,LBen
S502N,0.1334,LBen
S502P,0.4089,Amb
S502Q,0.4,Amb
S502R,0.4163,Amb
S502T,0.0974,LBen
S502V,0.188,LBen
S502W,0.2438,LBen
S502Y,0.1783,LBen
L503A,0.0913,LBen
L503C,0.3219,LBen
L503D,0.3562,Amb
L503E,0.1462,LBen
L503F,0.1213,LBen
L503G,0.1775,LBen
L503H,0.1328,LBen
L503I,0.1052,LBen
L503K,0.1464,LBen
L503M,0.0964,LBen
L503N,0.2468,LBen
L503P,0.0755,LBen
L503Q,0.0745,LBen
L503R,0.0888,LBen
L503S,0.1084,LBen
L503T,0.0944,LBen
L503V,0.0725,LBen
L503W,0.1151,LBen
L503Y,0.2819,LBen
E504A,0.1475,LBen
E504C,0.7203,LPath
E504D,0.0885,LBen
E504F,0.6625,LPath
E504G,0.143,LBen
E504H,0.3393,LBen
E504I,0.4767,Amb
E504K,0.2867,LBen
E504L,0.3685,Amb
E504M,0.5375,Amb
E504N,0.2562,LBen
E504P,0.3369,LBen
E504Q,0.1426,LBen
E504R,0.2938,LBen
E504S,0.1766,LBen
E504T,0.2504,LBen
E504V,0.2453,LBen
E504W,0.7819,LPath
E504Y,0.5312,Amb
L505A,0.5555,Amb
L505C,0.6832,LPath
L505D,0.9341,LPath
L505E,0.7515,LPath
L505F,0.3372,LBen
L505G,0.7132,LPath
L505H,0.664,LPath
L505I,0.1306,LBen
L505K,0.6798,LPath
L505M,0.1709,LBen
L505N,0.7647,LPath
L505P,0.7616,LPath
L505Q,0.4684,Amb
L505R,0.5104,Amb
L505S,0.7257,LPath
L505T,0.568,LPath
L505V,0.133,LBen
L505W,0.4285,Amb
L505Y,0.6491,LPath
R506A,0.1151,LBen
R506C,0.0911,LBen
R506D,0.2438,LBen
R506E,0.137,LBen
R506F,0.2646,LBen
R506G,0.0766,LBen
R506H,0.0776,LBen
R506I,0.1811,LBen
R506K,0.0828,LBen
R506L,0.1005,LBen
R506M,0.1644,LBen
R506N,0.2292,LBen
R506P,0.2572,LBen
R506Q,0.0681,LBen
R506S,0.145,LBen
R506T,0.1069,LBen
R506V,0.1699,LBen
R506W,0.0952,LBen
R506Y,0.1874,LBen
G507A,0.1037,LBen
G507C,0.125,LBen
G507D,0.1957,LBen
G507E,0.2062,LBen
G507F,0.4507,Amb
G507H,0.2828,LBen
G507I,0.2224,LBen
G507K,0.4584,Amb
G507L,0.2701,LBen
G507M,0.3642,Amb
G507N,0.1885,LBen
G507P,0.6292,LPath
G507Q,0.2903,LBen
G507R,0.3184,LBen
G507S,0.0762,LBen
G507T,0.1191,LBen
G507V,0.1332,LBen
G507W,0.3,LBen
G507Y,0.3002,LBen
L508A,0.3074,LBen
L508C,0.5756,LPath
L508D,0.8629,LPath
L508E,0.5261,Amb
L508F,0.2058,LBen
L508G,0.5783,LPath
L508H,0.3569,Amb
L508I,0.1968,LBen
L508K,0.3585,Amb
L508M,0.1197,LBen
L508N,0.5994,LPath
L508P,0.5886,LPath
L508Q,0.1732,LBen
L508R,0.2214,LBen
L508S,0.3857,Amb
L508T,0.3749,Amb
L508V,0.1569,LBen
L508W,0.2958,LBen
L508Y,0.5222,Amb
A509C,0.1386,LBen
A509D,0.1563,LBen
A509E,0.1162,LBen
A509F,0.1418,LBen
A509G,0.0582,LBen
A509H,0.1543,LBen
A509I,0.1292,LBen
A509K,0.1452,LBen
A509L,0.0926,LBen
A509M,0.1434,LBen
A509N,0.139,LBen
A509P,0.3295,LBen
A509Q,0.1164,LBen
A509R,0.103,LBen
A509S,0.072,LBen
A509T,0.0738,LBen
A509V,0.0779,LBen
A509W,0.2038,LBen
A509Y,0.1712,LBen
R510A,0.1865,LBen
R510C,0.1145,LBen
R510D,0.3872,Amb
R510E,0.2543,LBen
R510F,0.3214,LBen
R510G,0.1171,LBen
R510H,0.0796,LBen
R510I,0.2542,LBen
R510K,0.1083,LBen
R510L,0.1444,LBen
R510M,0.2473,LBen
R510N,0.3417,Amb
R510P,0.4565,Amb
R510Q,0.0884,LBen
R510S,0.2472,LBen
R510T,0.1839,LBen
R510V,0.2314,LBen
R510W,0.1145,LBen
R510Y,0.2425,LBen
V511A,0.3023,LBen
V511C,0.9013,LPath
V511D,0.8162,LPath
V511E,0.7031,LPath
V511F,0.5481,Amb
V511G,0.3611,Amb
V511H,0.8815,LPath
V511I,0.1255,LBen
V511K,0.7186,LPath
V511L,0.5477,Amb
V511M,0.3101,LBen
V511N,0.6811,LPath
V511P,0.7892,LPath
V511Q,0.6355,LPath
V511R,0.6384,LPath
V511S,0.4,Amb
V511T,0.2969,LBen
V511W,0.9582,LPath
V511Y,0.911,LPath
A512C,0.382,Amb
A512D,0.8888,LPath
A512E,0.764,LPath
A512F,0.7047,LPath
A512G,0.2542,LBen
A512H,0.846,LPath
A512I,0.4555,Amb
A512K,0.8413,LPath
A512L,0.4185,Amb
A512M,0.3158,LBen
A512N,0.7811,LPath
A512P,0.9371,LPath
A512Q,0.6795,LPath
A512R,0.6973,LPath
A512S,0.1223,LBen
A512T,0.142,LBen
A512V,0.1517,LBen
A512W,0.9111,LPath
A512Y,0.8431,LPath
D513A,0.0632,LBen
D513C,0.171,LBen
D513E,0.0876,LBen
D513F,0.2242,LBen
D513G,0.0616,LBen
D513H,0.0865,LBen
D513I,0.1435,LBen
D513K,0.1131,LBen
D513L,0.146,LBen
D513M,0.249,LBen
D513N,0.0614,LBen
D513P,0.6639,LPath
D513Q,0.1049,LBen
D513R,0.0978,LBen
D513S,0.0574,LBen
D513T,0.0882,LBen
D513V,0.0986,LBen
D513W,0.4326,Amb
D513Y,0.0988,LBen
N514A,0.466,Amb
N514C,0.3806,Amb
N514D,0.5725,LPath
N514E,0.8208,LPath
N514F,0.7925,LPath
N514G,0.4536,Amb
N514H,0.0991,LBen
N514I,0.5184,Amb
N514K,0.3098,LBen
N514L,0.3915,Amb
N514M,0.644,LPath
N514P,0.9208,LPath
N514Q,0.5039,Amb
N514R,0.2155,LBen
N514S,0.1589,LBen
N514T,0.3568,Amb
N514V,0.4811,Amb
N514W,0.8916,LPath
N514Y,0.3518,Amb
A515C,0.8649,LPath
A515D,0.9754,LPath
A515E,0.9673,LPath
A515F,0.9446,LPath
A515G,0.1789,LBen
A515H,0.9578,LPath
A515I,0.9612,LPath
A515K,0.9722,LPath
A515L,0.8432,LPath
A515M,0.8961,LPath
A515N,0.9484,LPath
A515P,0.9714,LPath
A515Q,0.9052,LPath
A515R,0.8984,LPath
A515S,0.1912,LBen
A515T,0.6554,LPath
A515V,0.8165,LPath
A515W,0.9867,LPath
A515Y,0.9674,LPath
Q516A,0.2946,LBen
Q516C,0.4725,Amb
Q516D,0.6438,LPath
Q516E,0.127,LBen
Q516F,0.5416,Amb
Q516G,0.2452,LBen
Q516H,0.1993,LBen
Q516I,0.5148,Amb
Q516K,0.1642,LBen
Q516L,0.1061,LBen
Q516M,0.3658,Amb
Q516N,0.4285,Amb
Q516P,0.6378,LPath
Q516R,0.099,LBen
Q516S,0.3164,LBen
Q516T,0.336,LBen
Q516V,0.326,LBen
Q516W,0.3339,LBen
Q516Y,0.3322,LBen
Q517A,0.179,LBen
Q517C,0.4137,Amb
Q517D,0.5127,Amb
Q517E,0.1294,LBen
Q517F,0.6188,LPath
Q517G,0.1712,LBen
Q517H,0.2,LBen
Q517I,0.3585,Amb
Q517K,0.0742,LBen
Q517L,0.0995,LBen
Q517M,0.2979,LBen
Q517N,0.3506,Amb
Q517P,0.3706,Amb
Q517R,0.0713,LBen
Q517S,0.2642,LBen
Q517T,0.2278,LBen
Q517V,0.2216,LBen
Q517W,0.3776,Amb
Q517Y,0.4052,Amb
Q518A,0.3114,LBen
Q518C,0.7303,LPath
Q518D,0.8037,LPath
Q518E,0.2747,LBen
Q518F,0.8677,LPath
Q518G,0.4045,Amb
Q518H,0.4198,Amb
Q518I,0.6745,LPath
Q518K,0.1476,LBen
Q518L,0.1662,LBen
Q518M,0.45,Amb
Q518N,0.5251,Amb
Q518P,0.5765,LPath
Q518R,0.1504,LBen
Q518S,0.4468,Amb
Q518T,0.4658,Amb
Q518V,0.4557,Amb
Q518W,0.7762,LPath
Q518Y,0.6606,LPath
Y519A,0.9504,LPath
Y519C,0.8604,LPath
Y519D,0.9559,LPath
Y519E,0.988,LPath
Y519F,0.222,LBen
Y519G,0.9185,LPath
Y519H,0.8989,LPath
Y519I,0.9321,LPath
Y519K,0.9902,LPath
Y519L,0.8459,LPath
Y519M,0.9253,LPath
Y519N,0.9031,LPath
Y519P,0.9949,LPath
Y519Q,0.9821,LPath
Y519R,0.971,LPath
Y519S,0.9203,LPath
Y519T,0.9647,LPath
Y519V,0.8342,LPath
Y519W,0.766,LPath
V520A,0.1169,LBen
V520C,0.398,Amb
V520D,0.3492,Amb
V520E,0.2048,LBen
V520F,0.11,LBen
V520G,0.1189,LBen
V520H,0.2991,LBen
V520I,0.0695,LBen
V520K,0.185,LBen
V520L,0.0816,LBen
V520M,0.0879,LBen
V520N,0.1925,LBen
V520P,0.7515,LPath
V520Q,0.1453,LBen
V520R,0.1363,LBen
V520S,0.1375,LBen
V520T,0.1273,LBen
V520W,0.4182,Amb
V520Y,0.3348,LBen
R521A,0.5898,LPath
R521C,0.1879,LBen
R521D,0.8766,LPath
R521E,0.7216,LPath
R521F,0.7462,LPath
R521G,0.4008,Amb
R521H,0.1433,LBen
R521I,0.5425,Amb
R521K,0.1326,LBen
R521L,0.3568,Amb
R521M,0.6064,LPath
R521N,0.7818,LPath
R521P,0.8649,LPath
R521Q,0.1584,LBen
R521S,0.6925,LPath
R521T,0.5804,LPath
R521V,0.5778,LPath
R521W,0.2964,LBen
R521Y,0.5524,Amb
S522A,0.2177,LBen
S522C,0.1461,LBen
S522D,0.9522,LPath
S522E,0.9606,LPath
S522F,0.4636,Amb
S522G,0.1926,LBen
S522H,0.7282,LPath
S522I,0.5773,LPath
S522K,0.979,LPath
S522L,0.3175,LBen
S522M,0.4485,Amb
S522N,0.6247,LPath
S522P,0.9495,LPath
S522Q,0.8829,LPath
S522R,0.9554,LPath
S522T,0.1573,LBen
S522V,0.5137,Amb
S522W,0.4346,Amb
S522Y,0.4397,Amb
R523A,0.9222,LPath
R523C,0.3331,LBen
R523D,0.9967,LPath
R523E,0.9551,LPath
R523F,0.9555,LPath
R523G,0.8732,LPath
R523H,0.5263,Amb
R523I,0.8737,LPath
R523K,0.4193,Amb
R523L,0.6861,LPath
R523M,0.8983,LPath
R523N,0.9882,LPath
R523P,0.975,LPath
R523Q,0.3224,LBen
R523S,0.9577,LPath
R523T,0.9509,LPath
R523V,0.882,LPath
R523W,0.619,LPath
R523Y,0.9004,LPath
P524A,0.1166,LBen
P524C,0.6702,LPath
P524D,0.8194,LPath
P524E,0.5648,LPath
P524F,0.7247,LPath
P524G,0.3808,Amb
P524H,0.4824,Amb
P524I,0.4296,Amb
P524K,0.6587,LPath
P524L,0.1617,LBen
P524M,0.3818,Amb
P524N,0.6196,LPath
P524Q,0.3105,LBen
P524R,0.4782,Amb
P524S,0.2276,LBen
P524T,0.1733,LBen
P524V,0.2589,LBen
P524W,0.8498,LPath
P524Y,0.7679,LPath
A525C,0.3371,LBen
A525D,0.4107,Amb
A525E,0.3512,Amb
A525F,0.2699,LBen
A525G,0.088,LBen
A525H,0.4033,Amb
A525I,0.1573,LBen
A525K,0.4307,Amb
A525L,0.104,LBen
A525M,0.1423,LBen
A525N,0.2044,LBen
A525P,0.0993,LBen
A525Q,0.2834,LBen
A525R,0.3886,Amb
A525S,0.0836,LBen
A525T,0.0791,LBen
A525V,0.0815,LBen
A525W,0.6309,LPath
A525Y,0.4256,Amb
P526A,0.0696,LBen
P526C,0.5749,LPath
P526D,0.9884,LPath
P526E,0.9595,LPath
P526F,0.9304,LPath
P526G,0.5998,LPath
P526H,0.838,LPath
P526I,0.8537,LPath
P526K,0.9682,LPath
P526L,0.5709,LPath
P526M,0.8566,LPath
P526N,0.954,LPath
P526Q,0.8314,LPath
P526R,0.8419,LPath
P526S,0.248,LBen
P526T,0.481,Amb
P526V,0.5631,Amb
P526W,0.9604,LPath
P526Y,0.9396,LPath
S527A,0.0879,LBen
S527C,0.2106,LBen
S527D,0.9687,LPath
S527E,0.9699,LPath
S527F,0.6728,LPath
S527G,0.2585,LBen
S527H,0.8933,LPath
S527I,0.7056,LPath
S527K,0.9907,LPath
S527L,0.2153,LBen
S527M,0.5152,Amb
S527N,0.8031,LPath
S527P,0.7229,LPath
S527Q,0.939,LPath
S527R,0.9785,LPath
S527T,0.2639,LBen
S527V,0.523,Amb
S527W,0.8411,LPath
S527Y,0.7509,LPath
P528A,0.0601,LBen
P528C,0.423,Amb
P528D,0.6667,LPath
P528E,0.3778,Amb
P528F,0.4078,Amb
P528G,0.2288,LBen
P528H,0.1947,LBen
P528I,0.225,LBen
P528K,0.2649,LBen
P528L,0.0849,LBen
P528M,0.2107,LBen
P528N,0.3649,Amb
P528Q,0.1276,LBen
P528R,0.1402,LBen
P528S,0.1007,LBen
P528T,0.085,LBen
P528V,0.1288,LBen
P528W,0.5015,Amb
P528Y,0.4633,Amb
E529A,0.112,LBen
E529C,0.8862,LPath
E529D,0.2932,LBen
E529F,0.8794,LPath
E529G,0.2573,LBen
E529H,0.6637,LPath
E529I,0.5242,Amb
E529K,0.2895,LBen
E529L,0.5008,Amb
E529M,0.5784,LPath
E529N,0.5479,Amb
E529P,0.6373,LPath
E529Q,0.1622,LBen
E529R,0.4024,Amb
E529S,0.2705,LBen
E529T,0.3308,LBen
E529V,0.2551,LBen
E529W,0.9547,LPath
E529Y,0.7872,LPath
S530A,0.1724,LBen
S530C,0.3934,Amb
S530D,0.9759,LPath
S530E,0.9736,LPath
S530F,0.9403,LPath
S530G,0.1962,LBen
S530H,0.9619,LPath
S530I,0.9189,LPath
S530K,0.9951,LPath
S530L,0.7185,LPath
S530M,0.7767,LPath
S530N,0.8295,LPath
S530P,0.9779,LPath
S530Q,0.9682,LPath
S530R,0.9896,LPath
S530T,0.5633,Amb
S530V,0.8446,LPath
S530W,0.9504,LPath
S530Y,0.8938,LPath
I531A,0.4933,Amb
I531C,0.6082,LPath
I531D,0.9282,LPath
I531E,0.8388,LPath
I531F,0.2207,LBen
I531G,0.7028,LPath
I531H,0.6328,LPath
I531K,0.6332,LPath
I531L,0.1615,LBen
I531M,0.1276,LBen
I531N,0.3895,Amb
I531P,0.9388,LPath
I531Q,0.5814,LPath
I531R,0.4214,Amb
I531S,0.4412,Amb
I531T,0.5398,Amb
I531V,0.0772,LBen
I531W,0.7099,LPath
I531Y,0.5546,Amb
K532A,0.3023,LBen
K532C,0.5334,Amb
K532D,0.7993,LPath
K532E,0.2794,LBen
K532F,0.7855,LPath
K532G,0.3602,Amb
K532H,0.2965,LBen
K532I,0.426,Amb
K532L,0.3388,LBen
K532M,0.2704,LBen
K532N,0.5916,LPath
K532P,0.8282,LPath
K532Q,0.1117,LBen
K532R,0.0631,LBen
K532S,0.4164,Amb
K532T,0.1913,LBen
K532V,0.3496,Amb
K532W,0.6592,LPath
K532Y,0.6672,LPath
R533A,0.5381,Amb
R533C,0.2469,LBen
R533D,0.8567,LPath
R533E,0.4804,Amb
R533F,0.7264,LPath
R533G,0.4593,Amb
R533H,0.1709,LBen
R533I,0.5032,Amb
R533K,0.1891,LBen
R533L,0.2941,LBen
R533M,0.418,Amb
R533N,0.7992,LPath
R533P,0.9383,LPath
R533Q,0.1249,LBen
R533S,0.7474,LPath
R533T,0.5184,Amb
R533V,0.5395,Amb
R533W,0.2029,LBen
R533Y,0.5269,Amb
A534C,0.3129,LBen
A534D,0.7439,LPath
A534E,0.59,LPath
A534F,0.4194,Amb
A534G,0.1278,LBen
A534H,0.688,LPath
A534I,0.2811,LBen
A534K,0.7503,LPath
A534L,0.2703,LBen
A534M,0.2133,LBen
A534N,0.5123,Amb
A534P,0.8754,LPath
A534Q,0.535,Amb
A534R,0.6186,LPath
A534S,0.0975,LBen
A534T,0.0957,LBen
A534V,0.1089,LBen
A534W,0.7466,LPath
A534Y,0.6142,LPath
K535A,0.7827,LPath
K535C,0.9226,LPath
K535D,0.9605,LPath
K535E,0.6024,LPath
K535F,0.9877,LPath
K535G,0.6866,LPath
K535H,0.7569,LPath
K535I,0.9416,LPath
K535L,0.8492,LPath
K535M,0.7622,LPath
K535N,0.9306,LPath
K535P,0.9427,LPath
K535Q,0.3753,Amb
K535R,0.0841,LBen
K535S,0.8608,LPath
K535T,0.7353,LPath
K535V,0.8655,LPath
K535W,0.9316,LPath
K535Y,0.9591,LPath
E536A,0.0821,LBen
E536C,0.5831,LPath
E536D,0.0975,LBen
E536F,0.5311,Amb
E536G,0.0741,LBen
E536H,0.2569,LBen
E536I,0.2663,LBen
E536K,0.1017,LBen
E536L,0.2313,LBen
E536M,0.2823,LBen
E536N,0.1599,LBen
E536P,0.5173,Amb
E536Q,0.0905,LBen
E536R,0.1423,LBen
E536S,0.1277,LBen
E536T,0.1315,LBen
E536V,0.1355,LBen
E536W,0.634,LPath
E536Y,0.3827,Amb
M537A,0.2498,LBen
M537C,0.5075,Amb
M537D,0.6752,LPath
M537E,0.3721,Amb
M537F,0.1902,LBen
M537G,0.3961,Amb
M537H,0.3618,Amb
M537I,0.1403,LBen
M537K,0.2189,LBen
M537L,0.0693,LBen
M537N,0.411,Amb
M537P,0.6158,LPath
M537Q,0.2235,LBen
M537R,0.1895,LBen
M537S,0.3578,Amb
M537T,0.1695,LBen
M537V,0.0886,LBen
M537W,0.2495,LBen
M537Y,0.3905,Amb
D538A,0.1195,LBen
D538C,0.3637,Amb
D538E,0.1469,LBen
D538F,0.4187,Amb
D538G,0.1171,LBen
D538H,0.1639,LBen
D538I,0.2562,LBen
D538K,0.2485,LBen
D538L,0.2432,LBen
D538M,0.434,Amb
D538N,0.0846,LBen
D538P,0.2648,LBen
D538Q,0.2097,LBen
D538R,0.2225,LBen
D538S,0.1083,LBen
D538T,0.2014,LBen
D538V,0.1415,LBen
D538W,0.6802,LPath
D538Y,0.1492,LBen
L539A,0.1047,LBen
L539C,0.2916,LBen
L539D,0.3702,Amb
L539E,0.23,LBen
L539F,0.09,LBen
L539G,0.2107,LBen
L539H,0.1567,LBen
L539I,0.0849,LBen
L539K,0.2046,LBen
L539M,0.0927,LBen
L539N,0.2617,LBen
L539P,0.0761,LBen
L539Q,0.1323,LBen
L539R,0.1212,LBen
L539S,0.1475,LBen
L539T,0.1066,LBen
L539V,0.0688,LBen
L539W,0.1149,LBen
L539Y,0.2239,LBen
V540A,0.047,LBen
V540C,0.2852,LBen
V540D,0.0968,LBen
V540E,0.1012,LBen
V540F,0.1031,LBen
V540G,0.0582,LBen
V540H,0.1703,LBen
V540I,0.085,LBen
V540K,0.1213,LBen
V540L,0.0794,LBen
V540M,0.0862,LBen
V540N,0.0938,LBen
V540P,0.0856,LBen
V540Q,0.114,LBen
V540R,0.1005,LBen
V540S,0.0563,LBen
V540T,0.0614,LBen
V540W,0.2846,LBen
V540Y,0.2253,LBen
G541A,0.0724,LBen
G541C,0.1093,LBen
G541D,0.0885,LBen
G541E,0.0875,LBen
G541F,0.2208,LBen
G541H,0.1291,LBen
G541I,0.1405,LBen
G541K,0.1373,LBen
G541L,0.1496,LBen
G541M,0.2076,LBen
G541N,0.1388,LBen
G541P,0.2706,LBen
G541Q,0.1114,LBen
G541R,0.0926,LBen
G541S,0.0734,LBen
G541T,0.0853,LBen
G541V,0.0932,LBen
G541W,0.1324,LBen
G541Y,0.1612,LBen
L542A,0.2256,LBen
L542C,0.4594,Amb
L542D,0.8126,LPath
L542E,0.5403,Amb
L542F,0.1558,LBen
L542G,0.5065,Amb
L542H,0.4244,Amb
L542I,0.1089,LBen
L542K,0.5165,Amb
L542M,0.1207,LBen
L542N,0.6026,LPath
L542P,0.2978,LBen
L542Q,0.3007,LBen
L542R,0.3622,Amb
L542S,0.3657,Amb
L542T,0.2326,LBen
L542V,0.0997,LBen
L542W,0.2499,LBen
L542Y,0.479,Amb
G543A,0.1418,LBen
G543C,0.2086,LBen
G543D,0.3465,Amb
G543E,0.3399,LBen
G543F,0.6832,LPath
G543H,0.5124,Amb
G543I,0.4877,Amb
G543K,0.6278,LPath
G543L,0.487,Amb
G543M,0.6286,LPath
G543N,0.5034,Amb
G543P,0.6138,LPath
G543Q,0.439,Amb
G543R,0.4377,Amb
G543S,0.1257,LBen
G543T,0.2878,LBen
G543V,0.308,LBen
G543W,0.5062,Amb
G543Y,0.5477,Amb
L544A,0.3312,LBen
L544C,0.4339,Amb
L544D,0.7189,LPath
L544E,0.4162,Amb
L544F,0.1452,LBen
L544G,0.5588,Amb
L544H,0.3259,LBen
L544I,0.0853,LBen
L544K,0.4186,Amb
L544M,0.1439,LBen
L544N,0.5117,Amb
L544P,0.1882,LBen
L544Q,0.2308,LBen
L544R,0.2475,LBen
L544S,0.3826,Amb
L544T,0.3059,LBen
L544V,0.0921,LBen
L544W,0.2158,LBen
L544Y,0.3893,Amb
H545A,0.8987,LPath
H545C,0.5045,Amb
H545D,0.8998,LPath
H545E,0.9424,LPath
H545F,0.8081,LPath
H545G,0.9384,LPath
H545I,0.8233,LPath
H545K,0.983,LPath
H545L,0.4193,Amb
H545M,0.8925,LPath
H545N,0.4634,Amb
H545P,0.3767,Amb
H545Q,0.894,LPath
H545R,0.9495,LPath
H545S,0.7214,LPath
H545T,0.9269,LPath
H545V,0.8718,LPath
H545W,0.8425,LPath
H545Y,0.5031,Amb
P546A,0.1817,LBen
P546C,0.5108,Amb
P546D,0.7103,LPath
P546E,0.511,Amb
P546F,0.6184,LPath
P546G,0.4743,Amb
P546H,0.3062,LBen
P546I,0.4581,Amb
P546K,0.5919,LPath
P546L,0.2092,LBen
P546M,0.5116,Amb
P546N,0.6303,LPath
P546Q,0.3402,Amb
P546R,0.3063,LBen
P546S,0.2269,LBen
P546T,0.2038,LBen
P546V,0.2913,LBen
P546W,0.659,LPath
P546Y,0.5877,LPath
L547A,0.1979,LBen
L547C,0.3211,LBen
L547D,0.5782,LPath
L547E,0.3448,Amb
L547F,0.1048,LBen
L547G,0.45,Amb
L547H,0.191,LBen
L547I,0.0831,LBen
L547K,0.3304,LBen
L547M,0.1159,LBen
L547N,0.3953,Amb
L547P,0.4373,Amb
L547Q,0.1624,LBen
L547R,0.1831,LBen
L547S,0.2248,LBen
L547T,0.231,LBen
L547V,0.0732,LBen
L547W,0.1662,LBen
L547Y,0.2394,LBen
F548A,0.8905,LPath
F548C,0.6496,LPath
F548D,0.9745,LPath
F548E,0.979,LPath
F548G,0.9278,LPath
F548H,0.9005,LPath
F548I,0.4928,Amb
F548K,0.9855,LPath
F548L,0.8124,LPath
F548M,0.7789,LPath
F548N,0.9587,LPath
F548P,0.9734,LPath
F548Q,0.965,LPath
F548R,0.9583,LPath
F548S,0.8634,LPath
F548T,0.9206,LPath
F548V,0.4968,Amb
F548W,0.6653,LPath
F548Y,0.4143,Amb
S549A,0.0743,LBen
S549C,0.0828,LBen
S549D,0.3295,LBen
S549E,0.4193,Amb
S549F,0.1435,LBen
S549G,0.0723,LBen
S549H,0.2661,LBen
S549I,0.1467,LBen
S549K,0.5799,LPath
S549L,0.0869,LBen
S549M,0.2276,LBen
S549N,0.1863,LBen
S549P,0.211,LBen
S549Q,0.3992,Amb
S549R,0.3718,Amb
S549T,0.0923,LBen
S549V,0.1516,LBen
S549W,0.1935,LBen
S549Y,0.1371,LBen
S550A,0.07,LBen
S550C,0.0892,LBen
S550D,0.1846,LBen
S550E,0.2221,LBen
S550F,0.129,LBen
S550G,0.0693,LBen
S550H,0.1911,LBen
S550I,0.156,LBen
S550K,0.351,Amb
S550L,0.0821,LBen
S550M,0.18,LBen
S550N,0.1378,LBen
S550P,0.1099,LBen
S550Q,0.2608,LBen
S550R,0.2604,LBen
S550T,0.0835,LBen
S550V,0.1305,LBen
S550W,0.1359,LBen
S550Y,0.1284,LBen
R551A,0.1032,LBen
R551C,0.0722,LBen
R551D,0.1358,LBen
R551E,0.1268,LBen
R551F,0.1672,LBen
R551G,0.0639,LBen
R551H,0.0648,LBen
R551I,0.1314,LBen
R551K,0.1052,LBen
R551L,0.0906,LBen
R551M,0.1757,LBen
R551N,0.1547,LBen
R551P,0.1258,LBen
R551Q,0.0715,LBen
R551S,0.0995,LBen
R551T,0.0956,LBen
R551V,0.1299,LBen
R551W,0.088,LBen
R551Y,0.1203,LBen
F552A,0.2075,LBen
F552C,0.167,LBen
F552D,0.332,LBen
F552E,0.3755,Amb
F552G,0.2958,LBen
F552H,0.3463,Amb
F552I,0.1295,LBen
F552K,0.4627,Amb
F552L,0.5167,Amb
F552M,0.2719,LBen
F552N,0.3614,Amb
F552P,0.5417,Amb
F552Q,0.3639,Amb
F552R,0.3304,LBen
F552S,0.1763,LBen
F552T,0.2165,LBen
F552V,0.1202,LBen
F552W,0.186,LBen
F552Y,0.1236,LBen
E553A,0.1025,LBen
E553C,0.5561,Amb
E553D,0.122,LBen
E553F,0.61,LPath
E553G,0.077,LBen
E553H,0.2176,LBen
E553I,0.3517,Amb
E553K,0.0859,LBen
E553L,0.2247,LBen
E553M,0.3112,LBen
E553N,0.229,LBen
E553P,0.1905,LBen
E553Q,0.079,LBen
E553R,0.1046,LBen
E553S,0.122,LBen
E553T,0.1373,LBen
E553V,0.1795,LBen
E553W,0.5534,Amb
E553Y,0.4664,Amb
E554A,0.0773,LBen
E554C,0.5884,LPath
E554D,0.0838,LBen
E554F,0.5379,Amb
E554G,0.0626,LBen
E554H,0.2386,LBen
E554I,0.2599,LBen
E554K,0.0754,LBen
E554L,0.2027,LBen
E554M,0.2534,LBen
E554N,0.1478,LBen
E554P,0.1731,LBen
E554Q,0.0948,LBen
E554R,0.113,LBen
E554S,0.1165,LBen
E554T,0.117,LBen
E554V,0.1289,LBen
E554W,0.5604,Amb
E554Y,0.3622,Amb
E555A,0.0766,LBen
E555C,0.4971,Amb
E555D,0.0924,LBen
E555F,0.505,Amb
E555G,0.0615,LBen
E555H,0.2153,LBen
E555I,0.2343,LBen
E555K,0.0693,LBen
E555L,0.1936,LBen
E555M,0.2251,LBen
E555N,0.1396,LBen
E555P,0.2066,LBen
E555Q,0.0881,LBen
E555R,0.1041,LBen
E555S,0.111,LBen
E555T,0.1035,LBen
E555V,0.1242,LBen
E555W,0.4758,Amb
E555Y,0.3351,LBen
E556A,0.1256,LBen
E556C,0.745,LPath
E556D,0.1401,LBen
E556F,0.7153,LPath
E556G,0.1464,LBen
E556H,0.4153,Amb
E556I,0.3702,Amb
E556K,0.195,LBen
E556L,0.3601,Amb
E556M,0.423,Amb
E556N,0.2802,LBen
E556P,0.4807,Amb
E556Q,0.1487,LBen
E556R,0.2769,LBen
E556S,0.2141,LBen
E556T,0.2082,LBen
E556V,0.1847,LBen
E556W,0.8219,LPath
E556Y,0.5157,Amb
L557A,0.2016,LBen
L557C,0.381,Amb
L557D,0.4608,Amb
L557E,0.1897,LBen
L557F,0.1424,LBen
L557G,0.2728,LBen
L557H,0.1951,LBen
L557I,0.1026,LBen
L557K,0.1654,LBen
L557M,0.0953,LBen
L557N,0.2936,LBen
L557P,0.3076,LBen
L557Q,0.0981,LBen
L557R,0.1061,LBen
L557S,0.2404,LBen
L557T,0.196,LBen
L557V,0.0919,LBen
L557W,0.1169,LBen
L557Y,0.2537,LBen
Q558A,0.1451,LBen
Q558C,0.3733,Amb
Q558D,0.227,LBen
Q558E,0.0715,LBen
Q558F,0.5743,LPath
Q558G,0.1341,LBen
Q558H,0.158,LBen
Q558I,0.3737,Amb
Q558K,0.0928,LBen
Q558L,0.109,LBen
Q558M,0.3288,LBen
Q558N,0.2345,LBen
Q558P,0.1174,LBen
Q558R,0.0775,LBen
Q558S,0.17,LBen
Q558T,0.1775,LBen
Q558V,0.2185,LBen
Q558W,0.2584,LBen
Q558Y,0.3434,Amb
R559A,0.2369,LBen
R559C,0.1039,LBen
R559D,0.4618,Amb
R559E,0.2401,LBen
R559F,0.3926,Amb
R559G,0.1361,LBen
R559H,0.0869,LBen
R559I,0.2737,LBen
R559K,0.1305,LBen
R559L,0.1521,LBen
R559M,0.2608,LBen
R559N,0.3673,Amb
R559P,0.465,Amb
R559Q,0.0736,LBen
R559S,0.2725,LBen
R559T,0.1988,LBen
R559V,0.2674,LBen
R559W,0.107,LBen
R559Y,0.2323,LBen
L560A,0.2624,LBen
L560C,0.4254,Amb
L560D,0.6369,LPath
L560E,0.264,LBen
L560F,0.1631,LBen
L560G,0.3829,Amb
L560H,0.2333,LBen
L560I,0.1363,LBen
L560K,0.2824,LBen
L560M,0.1042,LBen
L560N,0.4099,Amb
L560P,0.5704,LPath
L560Q,0.1075,LBen
L560R,0.1656,LBen
L560S,0.2696,LBen
L560T,0.2966,LBen
L560V,0.1124,LBen
L560W,0.1622,LBen
L560Y,0.3545,Amb
R561A,0.1287,LBen
R561C,0.0965,LBen
R561D,0.2754,LBen
R561E,0.1427,LBen
R561F,0.2752,LBen
R561G,0.0881,LBen
R561H,0.0751,LBen
R561I,0.1699,LBen
R561K,0.0806,LBen
R561L,0.0933,LBen
R561M,0.1424,LBen
R561N,0.237,LBen
R561P,0.3307,LBen
R561Q,0.0658,LBen
R561S,0.156,LBen
R561T,0.111,LBen
R561V,0.1693,LBen
R561W,0.0979,LBen
R561Y,0.1914,LBen
L562A,0.3957,Amb
L562C,0.6054,LPath
L562D,0.887,LPath
L562E,0.6156,LPath
L562F,0.133,LBen
L562G,0.7095,LPath
L562H,0.4229,Amb
L562I,0.1118,LBen
L562K,0.5212,Amb
L562M,0.1024,LBen
L562N,0.7789,LPath
L562P,0.7029,LPath
L562Q,0.3158,LBen
L562R,0.3464,Amb
L562S,0.627,LPath
L562T,0.4108,Amb
L562V,0.1003,LBen
L562W,0.1698,LBen
L562Y,0.4321,Amb
V563A,0.1972,LBen
V563C,0.8184,LPath
V563D,0.7263,LPath
V563E,0.5241,Amb
V563F,0.3245,LBen
V563G,0.3044,LBen
V563H,0.7812,LPath
V563I,0.1116,LBen
V563K,0.5708,LPath
V563L,0.2148,LBen
V563M,0.1961,LBen
V563N,0.6868,LPath
V563P,0.7579,LPath
V563Q,0.5019,Amb
V563R,0.4688,Amb
V563S,0.4187,Amb
V563T,0.2858,LBen
V563W,0.8022,LPath
V563Y,0.7735,LPath
D564A,0.2631,LBen
D564C,0.7026,LPath
D564E,0.2788,LBen
D564F,0.8037,LPath
D564G,0.2115,LBen
D564H,0.3479,Amb
D564I,0.7268,LPath
D564K,0.5476,Amb
D564L,0.6343,LPath
D564M,0.8356,LPath
D564N,0.1455,LBen
D564P,0.9093,LPath
D564Q,0.426,Amb
D564R,0.4539,Amb
D564S,0.1852,LBen
D564T,0.4151,Amb
D564V,0.4805,Amb
D564W,0.9011,LPath
D564Y,0.3489,Amb
S565A,0.0844,LBen
S565C,0.0928,LBen
S565D,0.1882,LBen
S565E,0.3141,LBen
S565F,0.3431,Amb
S565G,0.0603,LBen
S565H,0.2135,LBen
S565I,0.2105,LBen
S565K,0.3624,Amb
S565L,0.1997,LBen
S565M,0.2528,LBen
S565N,0.1096,LBen
S565P,0.7675,LPath
S565Q,0.2961,LBen
S565R,0.2635,LBen
S565T,0.0907,LBen
S565V,0.216,LBen
S565W,0.3389,LBen
S565Y,0.2483,LBen
I566A,0.8356,LPath
I566C,0.8958,LPath
I566D,0.982,LPath
I566E,0.9513,LPath
I566F,0.3619,Amb
I566G,0.9545,LPath
I566H,0.9266,LPath
I566K,0.8592,LPath
I566L,0.154,LBen
I566M,0.1329,LBen
I566N,0.8956,LPath
I566P,0.9461,LPath
I566Q,0.8614,LPath
I566R,0.7583,LPath
I566S,0.858,LPath
I566T,0.8768,LPath
I566V,0.1754,LBen
I566W,0.8159,LPath
I566Y,0.8305,LPath
K567A,0.5089,Amb
K567C,0.576,LPath
K567D,0.8724,LPath
K567E,0.3532,Amb
K567F,0.9135,LPath
K567G,0.4366,Amb
K567H,0.3747,Amb
K567I,0.6774,LPath
K567L,0.5234,Amb
K567M,0.4335,Amb
K567N,0.7225,LPath
K567P,0.87,LPath
K567Q,0.1394,LBen
K567R,0.0648,LBen
K567S,0.5838,LPath
K567T,0.3449,Amb
K567V,0.5951,LPath
K567W,0.6948,LPath
K567Y,0.7833,LPath
N568A,0.1219,LBen
N568C,0.1558,LBen
N568D,0.1104,LBen
N568E,0.1958,LBen
N568F,0.4326,Amb
N568G,0.1303,LBen
N568H,0.0771,LBen
N568I,0.2038,LBen
N568K,0.1195,LBen
N568L,0.1947,LBen
N568M,0.2279,LBen
N568P,0.5944,LPath
N568Q,0.141,LBen
N568R,0.1347,LBen
N568S,0.0764,LBen
N568T,0.0931,LBen
N568V,0.1807,LBen
N568W,0.4673,Amb
N568Y,0.1228,LBen
Y569A,0.8033,LPath
Y569C,0.2975,LBen
Y569D,0.734,LPath
Y569E,0.9251,LPath
Y569F,0.1543,LBen
Y569G,0.6979,LPath
Y569H,0.4351,Amb
Y569I,0.7544,LPath
Y569K,0.8451,LPath
Y569L,0.6552,LPath
Y569M,0.8271,LPath
Y569N,0.6265,LPath
Y569P,0.942,LPath
Y569Q,0.7942,LPath
Y569R,0.6488,LPath
Y569S,0.5453,Amb
Y569T,0.7583,LPath
Y569V,0.6303,LPath
Y569W,0.4667,Amb
R570A,0.4824,Amb
R570C,0.1567,LBen
R570D,0.7903,LPath
R570E,0.5318,Amb
R570F,0.6954,LPath
R570G,0.2743,LBen
R570H,0.1176,LBen
R570I,0.496,Amb
R570K,0.155,LBen
R570L,0.3441,Amb
R570M,0.5629,Amb
R570N,0.7117,LPath
R570P,0.4955,Amb
R570Q,0.1115,LBen
R570S,0.5177,Amb
R570T,0.3579,Amb
R570V,0.4763,Amb
R570W,0.2071,LBen
R570Y,0.4753,Amb
S571A,0.0606,LBen
S571C,0.1022,LBen
S571D,0.6897,LPath
S571E,0.689,LPath
S571F,0.3773,Amb
S571G,0.1088,LBen
S571H,0.5139,Amb
S571I,0.3286,LBen
S571K,0.7871,LPath
S571L,0.1486,LBen
S571M,0.2833,LBen
S571N,0.323,LBen
S571P,0.1003,LBen
S571Q,0.5897,LPath
S571R,0.7115,LPath
S571T,0.1003,LBen
S571V,0.1963,LBen
S571W,0.3722,Amb
S571Y,0.3099,LBen
R572A,0.2272,LBen
R572C,0.1557,LBen
R572D,0.5132,Amb
R572E,0.2769,LBen
R572F,0.5448,Amb
R572G,0.1184,LBen
R572H,0.1062,LBen
R572I,0.3754,Amb
R572K,0.0976,LBen
R572L,0.2139,LBen
R572M,0.3048,LBen
R572N,0.4697,Amb
R572P,0.1892,LBen
R572Q,0.0874,LBen
R572S,0.3068,LBen
R572T,0.1862,LBen
R572V,0.3385,LBen
R572W,0.1454,LBen
R572Y,0.3832,Amb
A573C,0.3764,Amb
A573D,0.3001,LBen
A573E,0.2447,LBen
A573F,0.405,Amb
A573G,0.1256,LBen
A573H,0.4378,Amb
A573I,0.3096,LBen
A573K,0.4271,Amb
A573L,0.2113,LBen
A573M,0.2129,LBen
A573N,0.244,LBen
A573P,0.4741,Amb
A573Q,0.2783,LBen
A573R,0.3513,Amb
A573S,0.0905,LBen
A573T,0.0768,LBen
A573V,0.1267,LBen
A573W,0.6873,LPath
A573Y,0.4911,Amb
T574A,0.5375,Amb
T574C,0.9107,LPath
T574D,0.9351,LPath
T574E,0.9505,LPath
T574F,0.928,LPath
T574G,0.7631,LPath
T574H,0.8699,LPath
T574I,0.9489,LPath
T574K,0.8721,LPath
T574L,0.6923,LPath
T574M,0.46,Amb
T574N,0.7617,LPath
T574P,0.6485,LPath
T574Q,0.8831,LPath
T574R,0.8256,LPath
T574S,0.4031,Amb
T574V,0.8293,LPath
T574W,0.9647,LPath
T574Y,0.9459,LPath
I575A,0.8848,LPath
I575C,0.9525,LPath
I575D,0.9928,LPath
I575E,0.9922,LPath
I575F,0.7094,LPath
I575G,0.9858,LPath
I575H,0.9818,LPath
I575K,0.9814,LPath
I575L,0.4468,Amb
I575M,0.5234,Amb
I575N,0.951,LPath
I575P,0.9317,LPath
I575Q,0.9857,LPath
I575R,0.9432,LPath
I575S,0.9028,LPath
I575T,0.9223,LPath
I575V,0.1281,LBen
I575W,0.9779,LPath
I575Y,0.9465,LPath
F576A,0.951,LPath
F576C,0.8817,LPath
F576D,0.9921,LPath
F576E,0.9901,LPath
F576G,0.967,LPath
F576H,0.9625,LPath
F576I,0.8611,LPath
F576K,0.9889,LPath
F576L,0.9554,LPath
F576M,0.8681,LPath
F576N,0.9869,LPath
F576P,0.9967,LPath
F576Q,0.979,LPath
F576R,0.9571,LPath
F576S,0.9392,LPath
F576T,0.953,LPath
F576V,0.8331,LPath
F576W,0.6992,LPath
F576Y,0.7038,LPath
E577A,0.8497,LPath
E577C,0.9779,LPath
E577D,0.8979,LPath
E577F,0.9938,LPath
E577G,0.8616,LPath
E577H,0.9489,LPath
E577I,0.9857,LPath
E577K,0.8466,LPath
E577L,0.9702,LPath
E577M,0.973,LPath
E577N,0.9682,LPath
E577P,0.9886,LPath
E577Q,0.5909,LPath
E577R,0.8343,LPath
E577S,0.9001,LPath
E577T,0.95,LPath
E577V,0.9466,LPath
E577W,0.9958,LPath
E577Y,0.9873,LPath
I578A,0.685,LPath
I578C,0.753,LPath
I578D,0.8456,LPath
I578E,0.7953,LPath
I578F,0.261,LBen
I578G,0.7892,LPath
I578H,0.7318,LPath
I578K,0.6584,LPath
I578L,0.1937,LBen
I578M,0.1016,LBen
I578N,0.4227,Amb
I578P,0.9305,LPath
I578Q,0.6781,LPath
I578R,0.5492,Amb
I578S,0.5901,LPath
I578T,0.6058,LPath
I578V,0.1494,LBen
I578W,0.6884,LPath
I578Y,0.5805,LPath
N579A,0.2456,LBen
N579C,0.235,LBen
N579D,0.1705,LBen
N579E,0.4808,Amb
N579F,0.6919,LPath
N579G,0.195,LBen
N579H,0.1016,LBen
N579I,0.4501,Amb
N579K,0.3461,Amb
N579L,0.3356,LBen
N579M,0.4642,Amb
N579P,0.4288,Amb
N579Q,0.3515,Amb
N579R,0.3206,LBen
N579S,0.0698,LBen
N579T,0.1552,LBen
N579V,0.4,Amb
N579W,0.7522,LPath
N579Y,0.253,LBen
A580C,0.344,Amb
A580D,0.2919,LBen
A580E,0.337,LBen
A580F,0.3573,Amb
A580G,0.1169,LBen
A580H,0.4128,Amb
A580I,0.2572,LBen
A580K,0.4582,Amb
A580L,0.2158,LBen
A580M,0.2488,LBen
A580N,0.2455,LBen
A580P,0.2598,LBen
A580Q,0.367,Amb
A580R,0.3448,Amb
A580S,0.0871,LBen
A580T,0.0775,LBen
A580V,0.115,LBen
A580W,0.6815,LPath
A580Y,0.4583,Amb
S581A,0.0876,LBen
S581C,0.1115,LBen
S581D,0.4295,Amb
S581E,0.6282,LPath
S581F,0.2541,LBen
S581G,0.0726,LBen
S581H,0.3465,Amb
S581I,0.2551,LBen
S581K,0.6319,LPath
S581L,0.1365,LBen
S581M,0.279,LBen
S581N,0.1655,LBen
S581P,0.1376,LBen
S581Q,0.5237,Amb
S581R,0.4962,Amb
S581T,0.0801,LBen
S581V,0.2102,LBen
S581W,0.3007,LBen
S581Y,0.2393,LBen
S582A,0.0911,LBen
S582C,0.1072,LBen
S582D,0.3818,Amb
S582E,0.5076,Amb
S582F,0.2662,LBen
S582G,0.0739,LBen
S582H,0.2841,LBen
S582I,0.2434,LBen
S582K,0.5316,Amb
S582L,0.1438,LBen
S582M,0.2848,LBen
S582N,0.1365,LBen
S582P,0.1201,LBen
S582Q,0.4015,Amb
S582R,0.3864,Amb
S582T,0.0881,LBen
S582V,0.2109,LBen
S582W,0.2632,LBen
S582Y,0.2292,LBen
R583A,0.1777,LBen
R583C,0.136,LBen
R583D,0.3585,Amb
R583E,0.1905,LBen
R583F,0.4605,Amb
R583G,0.0845,LBen
R583H,0.0905,LBen
R583I,0.2999,LBen
R583K,0.0875,LBen
R583L,0.1814,LBen
R583M,0.246,LBen
R583N,0.3277,LBen
R583P,0.2147,LBen
R583Q,0.0738,LBen
R583S,0.2179,LBen
R583T,0.1325,LBen
R583V,0.2827,LBen
R583W,0.1122,LBen
R583Y,0.2993,LBen
D584A,0.2026,LBen
D584C,0.5516,Amb
D584E,0.2469,LBen
D584F,0.5801,LPath
D584G,0.1773,LBen
D584H,0.2409,LBen
D584I,0.4026,Amb
D584K,0.4479,Amb
D584L,0.4022,Amb
D584M,0.6431,LPath
D584N,0.1172,LBen
D584P,0.5495,Amb
D584Q,0.3733,Amb
D584R,0.4136,Amb
D584S,0.1385,LBen
D584T,0.2633,LBen
D584V,0.2349,LBen
D584W,0.836,LPath
D584Y,0.2197,LBen
L585A,0.0849,LBen
L585C,0.2354,LBen
L585D,0.2558,LBen
L585E,0.165,LBen
L585F,0.0937,LBen
L585G,0.1765,LBen
L585H,0.1075,LBen
L585I,0.073,LBen
L585K,0.1545,LBen
L585M,0.1037,LBen
L585N,0.1792,LBen
L585P,0.0494,LBen
L585Q,0.0899,LBen
L585R,0.0806,LBen
L585S,0.1049,LBen
L585T,0.0947,LBen
L585V,0.0624,LBen
L585W,0.1173,LBen
L585Y,0.196,LBen
C586A,0.1039,LBen
C586D,0.279,LBen
C586E,0.462,Amb
C586F,0.138,LBen
C586G,0.0536,LBen
C586H,0.1844,LBen
C586I,0.2945,LBen
C586K,0.418,Amb
C586L,0.2275,LBen
C586M,0.4367,Amb
C586N,0.169,LBen
C586P,0.1406,LBen
C586Q,0.2969,LBen
C586R,0.1892,LBen
C586S,0.0643,LBen
C586T,0.1425,LBen
C586V,0.2273,LBen
C586W,0.2208,LBen
C586Y,0.1399,LBen
S587A,0.1149,LBen
S587C,0.0796,LBen
S587D,0.571,LPath
S587E,0.6711,LPath
S587F,0.2411,LBen
S587G,0.0828,LBen
S587H,0.3458,Amb
S587I,0.2343,LBen
S587K,0.7212,LPath
S587L,0.1528,LBen
S587M,0.3349,LBen
S587N,0.2418,LBen
S587P,0.3062,LBen
S587Q,0.5261,Amb
S587R,0.5159,Amb
S587T,0.1356,LBen
S587V,0.2395,LBen
S587W,0.2557,LBen
S587Y,0.2297,LBen
Q588A,0.1261,LBen
Q588C,0.4353,Amb
Q588D,0.2219,LBen
Q588E,0.0659,LBen
Q588F,0.5991,LPath
Q588G,0.142,LBen
Q588H,0.1608,LBen
Q588I,0.3283,LBen
Q588K,0.0801,LBen
Q588L,0.1108,LBen
Q588M,0.2999,LBen
Q588N,0.243,LBen
Q588P,0.1467,LBen
Q588R,0.0664,LBen
Q588S,0.1743,LBen
Q588T,0.1421,LBen
Q588V,0.1777,LBen
Q588W,0.2795,LBen
Q588Y,0.3758,Amb
V589A,0.2892,LBen
V589C,0.863,LPath
V589D,0.6848,LPath
V589E,0.4671,Amb
V589F,0.321,LBen
V589G,0.3468,Amb
V589H,0.7892,LPath
V589I,0.1338,LBen
V589K,0.5576,Amb
V589L,0.2956,LBen
V589M,0.1444,LBen
V589N,0.6164,LPath
V589P,0.8732,LPath
V589Q,0.4721,Amb
V589R,0.5004,Amb
V589S,0.452,Amb
V589T,0.4063,Amb
V589W,0.8395,LPath
V589Y,0.7413,LPath
M590A,0.9202,LPath
M590C,0.969,LPath
M590D,0.9965,LPath
M590E,0.951,LPath
M590F,0.8266,LPath
M590G,0.9716,LPath
M590H,0.9642,LPath
M590I,0.8772,LPath
M590K,0.7979,LPath
M590L,0.4707,Amb
M590N,0.9724,LPath
M590P,0.9659,LPath
M590Q,0.7142,LPath
M590R,0.7903,LPath
M590S,0.9263,LPath
M590T,0.9066,LPath
M590V,0.4117,Amb
M590W,0.9424,LPath
M590Y,0.9682,LPath
R591A,0.353,Amb
R591C,0.1777,LBen
R591D,0.7946,LPath
R591E,0.3744,Amb
R591F,0.5874,LPath
R591G,0.2783,LBen
R591H,0.134,LBen
R591I,0.3336,LBen
R591K,0.1264,LBen
R591L,0.1934,LBen
R591M,0.3032,LBen
R591N,0.7004,LPath
R591P,0.8403,LPath
R591Q,0.0951,LBen
R591S,0.586,LPath
R591T,0.3404,Amb
R591V,0.3405,Amb
R591W,0.1586,LBen
R591Y,0.398,Amb
A592C,0.3546,Amb
A592D,0.1717,LBen
A592E,0.1311,LBen
A592F,0.2886,LBen
A592G,0.1149,LBen
A592H,0.3012,LBen
A592I,0.2199,LBen
A592K,0.2066,LBen
A592L,0.1407,LBen
A592M,0.1631,LBen
A592N,0.1737,LBen
A592P,0.7246,LPath
A592Q,0.1706,LBen
A592R,0.1727,LBen
A592S,0.0934,LBen
A592T,0.0784,LBen
A592V,0.1107,LBen
A592W,0.4776,Amb
A592Y,0.3396,LBen
K593A,0.8109,LPath
K593C,0.8812,LPath
K593D,0.9886,LPath
K593E,0.791,LPath
K593F,0.979,LPath
K593G,0.8874,LPath
K593H,0.7784,LPath
K593I,0.8478,LPath
K593L,0.7857,LPath
K593M,0.6023,LPath
K593N,0.9552,LPath
K593P,0.9851,LPath
K593Q,0.4559,Amb
K593R,0.1399,LBen
K593S,0.9038,LPath
K593T,0.5239,Amb
K593V,0.7388,LPath
K593W,0.9503,LPath
K593Y,0.9452,LPath
R594A,0.8808,LPath
R594C,0.3731,Amb
R594D,0.9696,LPath
R594E,0.7697,LPath
R594F,0.8995,LPath
R594G,0.7134,LPath
R594H,0.2932,LBen
R594I,0.7558,LPath
R594K,0.3623,Amb
R594L,0.5917,LPath
R594M,0.7881,LPath
R594N,0.9368,LPath
R594P,0.931,LPath
R594Q,0.2115,LBen
R594S,0.9257,LPath
R594T,0.8686,LPath
R594V,0.8164,LPath
R594W,0.2571,LBen
R594Y,0.6801,LPath
Q595A,0.1669,LBen
Q595C,0.4067,Amb
Q595D,0.299,LBen
Q595E,0.0782,LBen
Q595F,0.5666,LPath
Q595G,0.1624,LBen
Q595H,0.1738,LBen
Q595I,0.331,LBen
Q595K,0.082,LBen
Q595L,0.1049,LBen
Q595M,0.2939,LBen
Q595N,0.2686,LBen
Q595P,0.3024,LBen
Q595R,0.0752,LBen
Q595S,0.2329,LBen
Q595T,0.2083,LBen
Q595V,0.2049,LBen
Q595W,0.256,LBen
Q595Y,0.3522,Amb
K596A,0.2087,LBen
K596C,0.5245,Amb
K596D,0.5384,Amb
K596E,0.1343,LBen
K596F,0.6588,LPath
K596G,0.2806,LBen
K596H,0.2507,LBen
K596I,0.2693,LBen
K596L,0.2528,LBen
K596M,0.1555,LBen
K596N,0.3307,LBen
K596P,0.7706,LPath
K596Q,0.1035,LBen
K596R,0.0667,LBen
K596S,0.3313,LBen
K596T,0.1365,LBen
K596V,0.248,LBen
K596W,0.5117,Amb
K596Y,0.4904,Amb
D597A,0.5392,Amb
D597C,0.8028,LPath
D597E,0.5266,Amb
D597F,0.799,LPath
D597G,0.4448,Amb
D597H,0.355,Amb
D597I,0.7622,LPath
D597K,0.7863,LPath
D597L,0.75,LPath
D597M,0.8941,LPath
D597N,0.3515,Amb
D597P,0.9419,LPath
D597Q,0.6581,LPath
D597R,0.7722,LPath
D597S,0.5101,Amb
D597T,0.7356,LPath
D597V,0.5282,Amb
D597W,0.8969,LPath
D597Y,0.3132,LBen
R598A,0.1374,LBen
R598C,0.0754,LBen
R598D,0.1917,LBen
R598E,0.1653,LBen
R598F,0.2117,LBen
R598G,0.0785,LBen
R598H,0.0662,LBen
R598I,0.1813,LBen
R598K,0.1145,LBen
R598L,0.1139,LBen
R598M,0.224,LBen
R598N,0.1903,LBen
R598P,0.3338,LBen
R598Q,0.073,LBen
R598S,0.1403,LBen
R598T,0.1365,LBen
R598V,0.1783,LBen
R598W,0.1024,LBen
R598Y,0.1338,LBen
K599A,0.1439,LBen
K599C,0.4658,Amb
K599D,0.2945,LBen
K599E,0.0964,LBen
K599F,0.558,Amb
K599G,0.1902,LBen
K599H,0.2239,LBen
K599I,0.2333,LBen
K599L,0.1793,LBen
K599M,0.142,LBen
K599N,0.2542,LBen
K599P,0.2808,LBen
K599Q,0.0963,LBen
K599R,0.076,LBen
K599S,0.2282,LBen
K599T,0.1112,LBen
K599V,0.1862,LBen
K599W,0.4672,Amb
K599Y,0.4447,Amb
A600C,0.3586,Amb
A600D,0.1671,LBen
A600E,0.1649,LBen
A600F,0.2603,LBen
A600G,0.1157,LBen
A600H,0.3427,Amb
A600I,0.1793,LBen
A600K,0.2956,LBen
A600L,0.1517,LBen
A600M,0.1783,LBen
A600N,0.1802,LBen
A600P,0.3536,Amb
A600Q,0.2449,LBen
A600R,0.2482,LBen
A600S,0.0971,LBen
A600T,0.0854,LBen
A600V,0.0875,LBen
A600W,0.5232,Amb
A600Y,0.3217,LBen
I601A,0.349,Amb
I601C,0.8495,LPath
I601D,0.9271,LPath
I601E,0.8016,LPath
I601F,0.3126,LBen
I601G,0.7933,LPath
I601H,0.8131,LPath
I601K,0.6323,LPath
I601L,0.1712,LBen
I601M,0.1368,LBen
I601N,0.6778,LPath
I601P,0.8001,LPath
I601Q,0.689,LPath
I601R,0.5081,Amb
I601S,0.532,Amb
I601T,0.3621,Amb
I601V,0.0919,LBen
I601W,0.8106,LPath
I601Y,0.7793,LPath
A602C,0.2569,LBen
A602D,0.1233,LBen
A602E,0.1197,LBen
A602F,0.1684,LBen
A602G,0.1042,LBen
A602H,0.2162,LBen
A602I,0.1356,LBen
A602K,0.2021,LBen
A602L,0.0981,LBen
A602M,0.1511,LBen
A602N,0.1489,LBen
A602P,0.3418,Amb
A602Q,0.1535,LBen
A602R,0.1471,LBen
A602S,0.0807,LBen
A602T,0.0706,LBen
A602V,0.0885,LBen
A602W,0.3347,LBen
A602Y,0.2331,LBen
R603A,0.0819,LBen
R603C,0.0784,LBen
R603D,0.1889,LBen
R603E,0.161,LBen
R603F,0.1999,LBen
R603G,0.0676,LBen
R603H,0.0682,LBen
R603I,0.107,LBen
R603K,0.0906,LBen
R603L,0.0863,LBen
R603M,0.1294,LBen
R603N,0.1501,LBen
R603P,0.2306,LBen
R603Q,0.0798,LBen
R603S,0.0868,LBen
R603T,0.0781,LBen
R603V,0.1178,LBen
R603W,0.1009,LBen
R603Y,0.1442,LBen
F604A,0.5046,Amb
F604C,0.2889,LBen
F604D,0.7119,LPath
F604E,0.7176,LPath
F604G,0.6604,LPath
F604H,0.3759,Amb
F604I,0.2143,LBen
F604K,0.6544,LPath
F604L,0.797,LPath
F604M,0.5753,LPath
F604N,0.5804,LPath
F604P,0.9432,LPath
F604Q,0.5516,Amb
F604R,0.4416,Amb
F604S,0.4032,Amb
F604T,0.5807,LPath
F604V,0.2468,LBen
F604W,0.2603,LBen
F604Y,0.1048,LBen
Q605A,0.1873,LBen
Q605C,0.3324,LBen
Q605D,0.4294,Amb
Q605E,0.1071,LBen
Q605F,0.4843,Amb
Q605G,0.1738,LBen
Q605H,0.1561,LBen
Q605I,0.2989,LBen
Q605K,0.1076,LBen
Q605L,0.0977,LBen
Q605M,0.3504,Amb
Q605N,0.3594,Amb
Q605P,0.1694,LBen
Q605R,0.0648,LBen
Q605S,0.219,LBen
Q605T,0.2057,LBen
Q605V,0.1987,LBen
Q605W,0.1948,LBen
Q605Y,0.3074,LBen
Q606A,0.1032,LBen
Q606C,0.3048,LBen
Q606D,0.1892,LBen
Q606E,0.0684,LBen
Q606F,0.4418,Amb
Q606G,0.1068,LBen
Q606H,0.1333,LBen
Q606I,0.2385,LBen
Q606K,0.0766,LBen
Q606L,0.0847,LBen
Q606M,0.2356,LBen
Q606N,0.195,LBen
Q606P,0.1088,LBen
Q606R,0.0661,LBen
Q606S,0.1461,LBen
Q606T,0.1314,LBen
Q606V,0.1474,LBen
Q606W,0.2012,LBen
Q606Y,0.2634,LBen
G607A,0.0851,LBen
G607C,0.1164,LBen
G607D,0.1003,LBen
G607E,0.0763,LBen
G607F,0.248,LBen
G607H,0.1426,LBen
G607I,0.1196,LBen
G607K,0.112,LBen
G607L,0.1528,LBen
G607M,0.1998,LBen
G607N,0.1463,LBen
G607P,0.3596,Amb
G607Q,0.1052,LBen
G607R,0.0959,LBen
G607S,0.0907,LBen
G607T,0.0983,LBen
G607V,0.0847,LBen
G607W,0.1342,LBen
G607Y,0.1633,LBen
Q608A,0.1252,LBen
Q608C,0.1989,LBen
Q608D,0.2582,LBen
Q608E,0.0912,LBen
Q608F,0.3266,LBen
Q608G,0.0969,LBen
Q608H,0.1237,LBen
Q608I,0.1985,LBen
Q608K,0.0775,LBen
Q608L,0.0792,LBen
Q608M,0.2334,LBen
Q608N,0.2193,LBen
Q608P,0.0839,LBen
Q608R,0.0563,LBen
Q608S,0.1386,LBen
Q608T,0.1374,LBen
Q608V,0.1503,LBen
Q608W,0.1272,LBen
Q608Y,0.2299,LBen
Q609A,0.0875,LBen
Q609C,0.2857,LBen
Q609D,0.1655,LBen
Q609E,0.067,LBen
Q609F,0.3903,Amb
Q609G,0.0944,LBen
Q609H,0.1237,LBen
Q609I,0.1921,LBen
Q609K,0.0714,LBen
Q609L,0.0849,LBen
Q609M,0.2043,LBen
Q609N,0.168,LBen
Q609P,0.0764,LBen
Q609R,0.0678,LBen
Q609S,0.1244,LBen
Q609T,0.1059,LBen
Q609V,0.1263,LBen
Q609W,0.1869,LBen
Q609Y,0.2428,LBen
G610A,0.0769,LBen
G610C,0.1184,LBen
G610D,0.0838,LBen
G610E,0.0552,LBen
G610F,0.2291,LBen
G610H,0.1278,LBen
G610I,0.1126,LBen
G610K,0.0884,LBen
G610L,0.124,LBen
G610M,0.1673,LBen
G610N,0.1295,LBen
G610P,0.2164,LBen
G610Q,0.0822,LBen
G610R,0.0841,LBen
G610S,0.0901,LBen
G610T,0.0898,LBen
G610V,0.0772,LBen
G610W,0.1182,LBen
G610Y,0.1539,LBen
R611A,0.1194,LBen
R611C,0.103,LBen
R611D,0.1906,LBen
R611E,0.1089,LBen
R611F,0.1928,LBen
R611G,0.0743,LBen
R611H,0.086,LBen
R611I,0.0976,LBen
R611K,0.0701,LBen
R611L,0.083,LBen
R611M,0.1233,LBen
R611N,0.21,LBen
R611P,0.1274,LBen
R611Q,0.0656,LBen
R611S,0.1435,LBen
R611T,0.1006,LBen
R611V,0.124,LBen
R611W,0.0848,LBen
R611Y,0.1761,LBen
Q612A,0.1024,LBen
Q612C,0.2973,LBen
Q612D,0.1843,LBen
Q612E,0.0659,LBen
Q612F,0.4173,Amb
Q612G,0.0942,LBen
Q612H,0.1372,LBen
Q612I,0.2128,LBen
Q612K,0.0692,LBen
Q612L,0.0871,LBen
Q612M,0.2248,LBen
Q612N,0.2032,LBen
Q612P,0.0707,LBen
Q612R,0.0648,LBen
Q612S,0.1396,LBen
Q612T,0.116,LBen
Q612V,0.1398,LBen
Q612W,0.1778,LBen
Q612Y,0.2721,LBen
E613A,0.0717,LBen
E613C,0.3773,Amb
E613D,0.0962,LBen
E613F,0.3405,Amb
E613G,0.0556,LBen
E613H,0.1697,LBen
E613I,0.1532,LBen
E613K,0.0745,LBen
E613L,0.1347,LBen
E613M,0.2124,LBen
E613N,0.1439,LBen
E613P,0.1594,LBen
E613Q,0.0714,LBen
E613R,0.0941,LBen
E613S,0.1076,LBen
E613T,0.1074,LBen
E613V,0.0941,LBen
E613W,0.3849,Amb
E613Y,0.2466,LBen
Q614A,0.0869,LBen
Q614C,0.1847,LBen
Q614D,0.1242,LBen
Q614E,0.0653,LBen
Q614F,0.267,LBen
Q614G,0.0781,LBen
Q614H,0.0968,LBen
Q614I,0.1552,LBen
Q614K,0.0712,LBen
Q614L,0.0778,LBen
Q614M,0.1852,LBen
Q614N,0.1264,LBen
Q614P,0.0646,LBen
Q614R,0.0633,LBen
Q614S,0.101,LBen
Q614T,0.0956,LBen
Q614V,0.1105,LBen
Q614W,0.1297,LBen
Q614Y,0.1665,LBen
Q615A,0.0795,LBen
Q615C,0.2558,LBen
Q615D,0.1463,LBen
Q615E,0.061,LBen
Q615F,0.3368,LBen
Q615G,0.0823,LBen
Q615H,0.118,LBen
Q615I,0.1705,LBen
Q615K,0.0693,LBen
Q615L,0.074,LBen
Q615M,0.1794,LBen
Q615N,0.162,LBen
Q615P,0.0611,LBen
Q615R,0.0659,LBen
Q615S,0.1137,LBen
Q615T,0.0939,LBen
Q615V,0.1067,LBen
Q615W,0.1505,LBen
Q615Y,0.2165,LBen
E616A,0.065,LBen
E616C,0.3905,Amb
E616D,0.0849,LBen
E616F,0.3338,LBen
E616G,0.0646,LBen
E616H,0.1712,LBen
E616I,0.1519,LBen
E616K,0.0794,LBen
E616L,0.1368,LBen
E616M,0.1887,LBen
E616N,0.1338,LBen
E616P,0.1466,LBen
E616Q,0.0795,LBen
E616R,0.1024,LBen
E616S,0.1028,LBen
E616T,0.0966,LBen
E616V,0.0898,LBen
E616W,0.3882,Amb
E616Y,0.2431,LBen
G617A,0.0729,LBen
G617C,0.1035,LBen
G617D,0.0743,LBen
G617E,0.0714,LBen
G617F,0.1787,LBen
G617H,0.1278,LBen
G617I,0.0917,LBen
G617K,0.1092,LBen
G617L,0.1234,LBen
G617M,0.1505,LBen
G617N,0.1167,LBen
G617P,0.1919,LBen
G617Q,0.1122,LBen
G617R,0.0982,LBen
G617S,0.0796,LBen
G617T,0.0807,LBen
G617V,0.0696,LBen
G617W,0.1224,LBen
G617Y,0.1283,LBen
P618A,0.0546,LBen
P618C,0.1619,LBen
P618D,0.1252,LBen
P618E,0.0973,LBen
P618F,0.136,LBen
P618G,0.1081,LBen
P618H,0.0879,LBen
P618I,0.1088,LBen
P618K,0.1086,LBen
P618L,0.0632,LBen
P618M,0.1236,LBen
P618N,0.1369,LBen
P618Q,0.0807,LBen
P618R,0.0724,LBen
P618S,0.0724,LBen
P618T,0.0629,LBen
P618V,0.0828,LBen
P618W,0.149,LBen
P618Y,0.1641,LBen
V619A,0.0517,LBen
V619C,0.2736,LBen
V619D,0.0838,LBen
V619E,0.071,LBen
V619F,0.0908,LBen
V619G,0.0614,LBen
V619H,0.1542,LBen
V619I,0.0825,LBen
V619K,0.0814,LBen
V619L,0.0775,LBen
V619M,0.0878,LBen
V619N,0.1034,LBen
V619P,0.0826,LBen
V619Q,0.0871,LBen
V619R,0.0716,LBen
V619S,0.0678,LBen
V619T,0.0686,LBen
V619W,0.2223,LBen
V619Y,0.1921,LBen
G620A,0.0695,LBen
G620C,0.0914,LBen
G620D,0.0761,LBen
G620E,0.0779,LBen
G620F,0.1566,LBen
G620H,0.1185,LBen
G620I,0.0888,LBen
G620K,0.124,LBen
G620L,0.1079,LBen
G620M,0.153,LBen
G620N,0.1304,LBen
G620P,0.1488,LBen
G620Q,0.1086,LBen
G620R,0.0956,LBen
G620S,0.0766,LBen
G620T,0.0815,LBen
G620V,0.0677,LBen
G620W,0.1133,LBen
G620Y,0.128,LBen
P621A,0.0554,LBen
P621C,0.1652,LBen
P621D,0.1315,LBen
P621E,0.0981,LBen
P621F,0.1343,LBen
P621G,0.1095,LBen
P621H,0.0879,LBen
P621I,0.1123,LBen
P621K,0.1065,LBen
P621L,0.0624,LBen
P621M,0.1259,LBen
P621N,0.1449,LBen
P621Q,0.0792,LBen
P621R,0.0724,LBen
P621S,0.0735,LBen
P621T,0.0639,LBen
P621V,0.0842,LBen
P621W,0.1513,LBen
P621Y,0.157,LBen
A622C,0.2031,LBen
A622D,0.097,LBen
A622E,0.0945,LBen
A622F,0.126,LBen
A622G,0.0804,LBen
A622H,0.1672,LBen
A622I,0.1072,LBen
A622K,0.1434,LBen
A622L,0.0813,LBen
A622M,0.1193,LBen
A622N,0.1321,LBen
A622P,0.0756,LBen
A622Q,0.128,LBen
A622R,0.1207,LBen
A622S,0.0794,LBen
A622T,0.0694,LBen
A622V,0.0689,LBen
A622W,0.2512,LBen
A622Y,0.1757,LBen
P623A,0.0524,LBen
P623C,0.1407,LBen
P623D,0.1309,LBen
P623E,0.0986,LBen
P623F,0.1305,LBen
P623G,0.0997,LBen
P623H,0.0808,LBen
P623I,0.109,LBen
P623K,0.1099,LBen
P623L,0.0641,LBen
P623M,0.1422,LBen
P623N,0.142,LBen
P623Q,0.0731,LBen
P623R,0.0651,LBen
P623S,0.0664,LBen
P623T,0.0673,LBen
P623V,0.079,LBen
P623W,0.1371,LBen
P623Y,0.1485,LBen
S624A,0.0617,LBen
S624C,0.0651,LBen
S624D,0.1012,LBen
S624E,0.1063,LBen
S624F,0.1105,LBen
S624G,0.0527,LBen
S624H,0.0986,LBen
S624I,0.0863,LBen
S624K,0.1355,LBen
S624L,0.0795,LBen
S624M,0.1416,LBen
S624N,0.0867,LBen
S624P,0.0644,LBen
S624Q,0.1116,LBen
S624R,0.0908,LBen
S624T,0.0749,LBen
S624V,0.0854,LBen
S624W,0.0925,LBen
S624Y,0.0969,LBen
R625A,0.0757,LBen
R625C,0.0635,LBen
R625D,0.1086,LBen
R625E,0.1009,LBen
R625F,0.108,LBen
R625G,0.0588,LBen
R625H,0.064,LBen
R625I,0.0843,LBen
R625K,0.092,LBen
R625L,0.062,LBen
R625M,0.1236,LBen
R625N,0.1296,LBen
R625P,0.0769,LBen
R625Q,0.0664,LBen
R625S,0.0825,LBen
R625T,0.0819,LBen
R625V,0.0843,LBen
R625W,0.0703,LBen
R625Y,0.0934,LBen
P626A,0.0554,LBen
P626C,0.1912,LBen
P626D,0.1378,LBen
P626E,0.095,LBen
P626F,0.1662,LBen
P626G,0.1102,LBen
P626H,0.0899,LBen
P626I,0.1326,LBen
P626K,0.1159,LBen
P626L,0.0668,LBen
P626M,0.1478,LBen
P626N,0.154,LBen
P626Q,0.0761,LBen
P626R,0.0747,LBen
P626S,0.0722,LBen
P626T,0.0646,LBen
P626V,0.0911,LBen
P626W,0.168,LBen
P626Y,0.172,LBen
A627C,0.1971,LBen
A627D,0.0886,LBen
A627E,0.0924,LBen
A627F,0.1198,LBen
A627G,0.0804,LBen
A627H,0.1456,LBen
A627I,0.1011,LBen
A627K,0.1404,LBen
A627L,0.0794,LBen
A627M,0.1249,LBen
A627N,0.1205,LBen
A627P,0.0642,LBen
A627Q,0.1203,LBen
A627R,0.1079,LBen
A627S,0.0766,LBen
A627T,0.0681,LBen
A627V,0.0703,LBen
A627W,0.219,LBen
A627Y,0.1608,LBen
L628A,0.0604,LBen
L628C,0.1568,LBen
L628D,0.1441,LBen
L628E,0.0816,LBen
L628F,0.0735,LBen
L628G,0.1039,LBen
L628H,0.0783,LBen
L628I,0.0779,LBen
L628K,0.0906,LBen
L628M,0.0955,LBen
L628N,0.1291,LBen
L628P,0.0411,LBen
L628Q,0.055,LBen
L628R,0.0531,LBen
L628S,0.0659,LBen
L628T,0.0758,LBen
L628V,0.0633,LBen
L628W,0.0694,LBen
L628Y,0.1379,LBen
Q629A,0.0833,LBen
Q629C,0.2728,LBen
Q629D,0.1552,LBen
Q629E,0.059,LBen
Q629F,0.3585,Amb
Q629G,0.0937,LBen
Q629H,0.1213,LBen
Q629I,0.1916,LBen
Q629K,0.0759,LBen
Q629L,0.0749,LBen
Q629M,0.2083,LBen
Q629N,0.1894,LBen
Q629P,0.0507,LBen
Q629R,0.0665,LBen
Q629S,0.1139,LBen
Q629T,0.1008,LBen
Q629V,0.1166,LBen
Q629W,0.1438,LBen
Q629Y,0.2346,LBen
E630A,0.0892,LBen
E630C,0.4509,Amb
E630D,0.0984,LBen
E630F,0.3768,Amb
E630G,0.0583,LBen
E630H,0.2042,LBen
E630I,0.1798,LBen
E630K,0.0764,LBen
E630L,0.154,LBen
E630M,0.2179,LBen
E630N,0.1543,LBen
E630P,0.1558,LBen
E630Q,0.0823,LBen
E630R,0.0998,LBen
E630S,0.1247,LBen
E630T,0.1249,LBen
E630V,0.1045,LBen
E630W,0.3669,Amb
E630Y,0.2673,LBen
K631A,0.0957,LBen
K631C,0.2942,LBen
K631D,0.1292,LBen
K631E,0.0532,LBen
K631F,0.3026,LBen
K631G,0.0938,LBen
K631H,0.1536,LBen
K631I,0.1231,LBen
K631L,0.1189,LBen
K631M,0.1037,LBen
K631N,0.1076,LBen
K631P,0.1368,LBen
K631Q,0.0723,LBen
K631R,0.0725,LBen
K631S,0.1129,LBen
K631T,0.078,LBen
K631V,0.1075,LBen
K631W,0.3029,LBen
K631Y,0.2128,LBen
Q632A,0.081,LBen
Q632C,0.2463,LBen
Q632D,0.1271,LBen
Q632E,0.0614,LBen
Q632F,0.2593,LBen
Q632G,0.0963,LBen
Q632H,0.1054,LBen
Q632I,0.1252,LBen
Q632K,0.0715,LBen
Q632L,0.0685,LBen
Q632M,0.1607,LBen
Q632N,0.1314,LBen
Q632P,0.0583,LBen
Q632R,0.0732,LBen
Q632S,0.0967,LBen
Q632T,0.0839,LBen
Q632V,0.092,LBen
Q632W,0.1473,LBen
Q632Y,0.1738,LBen
P633A,0.0589,LBen
P633C,0.2162,LBen
P633D,0.1292,LBen
P633E,0.0836,LBen
P633F,0.1861,LBen
P633G,0.1112,LBen
P633H,0.0987,LBen
P633I,0.1345,LBen
P633K,0.0995,LBen
P633L,0.0697,LBen
P633M,0.1383,LBen
P633N,0.1448,LBen
P633Q,0.0718,LBen
P633R,0.0751,LBen
P633S,0.0745,LBen
P633T,0.0643,LBen
P633V,0.0954,LBen
P633W,0.1561,LBen
P633Y,0.1866,LBen
E634A,0.0802,LBen
E634C,0.3977,Amb
E634D,0.11,LBen
E634F,0.3473,Amb
E634G,0.0631,LBen
E634H,0.1998,LBen
E634I,0.166,LBen
E634K,0.0736,LBen
E634L,0.1379,LBen
E634M,0.2042,LBen
E634N,0.173,LBen
E634P,0.1583,LBen
E634Q,0.0767,LBen
E634R,0.0872,LBen
E634S,0.1164,LBen
E634T,0.118,LBen
E634V,0.1016,LBen
E634W,0.3286,LBen
E634Y,0.2749,LBen
K635A,0.0926,LBen
K635C,0.3921,Amb
K635D,0.1411,LBen
K635E,0.055,LBen
K635F,0.3891,Amb
K635G,0.0985,LBen
K635H,0.1928,LBen
K635I,0.1538,LBen
K635L,0.1392,LBen
K635M,0.1114,LBen
K635N,0.1234,LBen
K635P,0.1575,LBen
K635Q,0.0822,LBen
K635R,0.0765,LBen
K635S,0.1295,LBen
K635T,0.0775,LBen
K635V,0.121,LBen
K635W,0.3423,Amb
K635Y,0.2924,LBen
E636A,0.0809,LBen
E636C,0.5207,Amb
E636D,0.1069,LBen
E636F,0.4224,Amb
E636G,0.0685,LBen
E636H,0.2426,LBen
E636I,0.1898,LBen
E636K,0.0813,LBen
E636L,0.1645,LBen
E636M,0.2299,LBen
E636N,0.1733,LBen
E636P,0.1771,LBen
E636Q,0.0971,LBen
E636R,0.1137,LBen
E636S,0.1341,LBen
E636T,0.1161,LBen
E636V,0.1116,LBen
E636W,0.4397,Amb
E636Y,0.3238,LBen
E637A,0.0769,LBen
E637C,0.4783,Amb
E637D,0.1037,LBen
E637F,0.3796,Amb
E637G,0.066,LBen
E637H,0.2261,LBen
E637I,0.176,LBen
E637K,0.075,LBen
E637L,0.1538,LBen
E637M,0.2039,LBen
E637N,0.1602,LBen
E637P,0.1762,LBen
E637Q,0.0961,LBen
E637R,0.1075,LBen
E637S,0.1239,LBen
E637T,0.1083,LBen
E637V,0.1057,LBen
E637W,0.3981,Amb
E637Y,0.2931,LBen
E638A,0.0784,LBen
E638C,0.4901,Amb
E638D,0.1045,LBen
E638F,0.3841,Amb
E638G,0.0679,LBen
E638H,0.2301,LBen
E638I,0.1795,LBen
E638K,0.0751,LBen
E638L,0.1556,LBen
E638M,0.2052,LBen
E638N,0.164,LBen
E638P,0.1736,LBen
E638Q,0.097,LBen
E638R,0.1064,LBen
E638S,0.1272,LBen
E638T,0.1093,LBen
E638V,0.1088,LBen
E638W,0.4002,Amb
E638Y,0.298,LBen
E639A,0.0731,LBen
E639C,0.4647,Amb
E639D,0.1042,LBen
E639F,0.3514,Amb
E639G,0.0625,LBen
E639H,0.2174,LBen
E639I,0.1717,LBen
E639K,0.0745,LBen
E639L,0.1417,LBen
E639M,0.1893,LBen
E639N,0.1547,LBen
E639P,0.1721,LBen
E639Q,0.0932,LBen
E639R,0.103,LBen
E639S,0.1187,LBen
E639T,0.1027,LBen
E639V,0.1035,LBen
E639W,0.3798,Amb
E639Y,0.2786,LBen
E640A,0.0561,LBen
E640C,0.3784,Amb
E640D,0.0787,LBen
E640F,0.2526,LBen
E640G,0.0675,LBen
E640H,0.1707,LBen
E640I,0.1224,LBen
E640K,0.0778,LBen
E640L,0.119,LBen
E640M,0.1508,LBen
E640N,0.1155,LBen
E640P,0.1603,LBen
E640Q,0.0916,LBen
E640R,0.1048,LBen
E640S,0.0938,LBen
E640T,0.0809,LBen
E640V,0.0806,LBen
E640W,0.3537,Amb
E640Y,0.2045,LBen
A641C,0.2398,LBen
A641D,0.0855,LBen
A641E,0.0733,LBen
A641F,0.137,LBen
A641G,0.0733,LBen
A641H,0.1711,LBen
A641I,0.1057,LBen
A641K,0.1093,LBen
A641L,0.0873,LBen
A641M,0.0985,LBen
A641N,0.1151,LBen
A641P,0.0812,LBen
A641Q,0.1174,LBen
A641R,0.1063,LBen
A641S,0.0774,LBen
A641T,0.0634,LBen
A641V,0.0711,LBen
A641W,0.2077,LBen
A641Y,0.1736,LBen
G642A,0.0638,LBen
G642C,0.1137,LBen
G642D,0.0811,LBen
G642E,0.0629,LBen
G642F,0.1918,LBen
G642H,0.1344,LBen
G642I,0.1116,LBen
G642K,0.092,LBen
G642L,0.1205,LBen
G642M,0.1484,LBen
G642N,0.1379,LBen
G642P,0.1615,LBen
G642Q,0.0929,LBen
G642R,0.077,LBen
G642S,0.0773,LBen
G642T,0.0726,LBen
G642V,0.0749,LBen
G642W,0.106,LBen
G642Y,0.1538,LBen
E643A,0.0852,LBen
E643C,0.3889,Amb
E643D,0.0807,LBen
E643F,0.2939,LBen
E643G,0.0712,LBen
E643H,0.1715,LBen
E643I,0.1569,LBen
E643K,0.074,LBen
E643L,0.1524,LBen
E643M,0.204,LBen
E643N,0.1308,LBen
E643P,0.2056,LBen
E643Q,0.0871,LBen
E643R,0.1002,LBen
E643S,0.1072,LBen
E643T,0.1134,LBen
E643V,0.1045,LBen
E643W,0.3884,Amb
E643Y,0.2235,LBen
S644A,0.0676,LBen
S644C,0.0798,LBen
S644D,0.0936,LBen
S644E,0.1325,LBen
S644F,0.1487,LBen
S644G,0.0602,LBen
S644H,0.117,LBen
S644I,0.0945,LBen
S644K,0.1606,LBen
S644L,0.1055,LBen
S644M,0.1233,LBen
S644N,0.0657,LBen
S644P,0.1066,LBen
S644Q,0.1607,LBen
S644R,0.138,LBen
S644T,0.0656,LBen
S644V,0.1009,LBen
S644W,0.1534,LBen
S644Y,0.1085,LBen
V645A,0.0878,LBen
V645C,0.4882,Amb
V645D,0.2041,LBen
V645E,0.1327,LBen
V645F,0.1078,LBen
V645G,0.1075,LBen
V645H,0.313,LBen
V645I,0.077,LBen
V645K,0.1527,LBen
V645L,0.0985,LBen
V645M,0.0784,LBen
V645N,0.2101,LBen
V645P,0.1776,LBen
V645Q,0.165,LBen
V645R,0.1329,LBen
V645S,0.1336,LBen
V645T,0.1037,LBen
V645W,0.3521,Amb
V645Y,0.3224,LBen
E646A,0.0898,LBen
E646C,0.5307,Amb
E646D,0.11,LBen
E646F,0.4777,Amb
E646G,0.0786,LBen
E646H,0.2303,LBen
E646I,0.2532,LBen
E646K,0.0828,LBen
E646L,0.2058,LBen
E646M,0.2603,LBen
E646N,0.1827,LBen
E646P,0.2522,LBen
E646Q,0.0944,LBen
E646R,0.1147,LBen
E646S,0.1178,LBen
E646T,0.1232,LBen
E646V,0.1439,LBen
E646W,0.5381,Amb
E646Y,0.3585,Amb
D647A,0.0746,LBen
D647C,0.2415,LBen
D647E,0.0889,LBen
D647F,0.2405,LBen
D647G,0.0621,LBen
D647H,0.1176,LBen
D647I,0.1565,LBen
D647K,0.1364,LBen
D647L,0.1633,LBen
D647M,0.2381,LBen
D647N,0.0721,LBen
D647P,0.3212,LBen
D647Q,0.1339,LBen
D647R,0.1321,LBen
D647S,0.08,LBen
D647T,0.1033,LBen
D647V,0.0973,LBen
D647W,0.4199,Amb
D647Y,0.1005,LBen
I648A,0.1317,LBen
I648C,0.3556,Amb
I648D,0.2832,LBen
I648E,0.317,LBen
I648F,0.1056,LBen
I648G,0.2481,LBen
I648H,0.2892,LBen
I648K,0.294,LBen
I648L,0.0779,LBen
I648M,0.0999,LBen
I648N,0.1673,LBen
I648P,0.3727,Amb
I648Q,0.3062,LBen
I648R,0.1858,LBen
I648S,0.1472,LBen
I648T,0.1437,LBen
I648V,0.0561,LBen
I648W,0.4725,Amb
I648Y,0.2725,LBen
F649A,0.6729,LPath
F649C,0.5558,Amb
F649D,0.8447,LPath
F649E,0.8768,LPath
F649G,0.8113,LPath
F649H,0.7992,LPath
F649I,0.3245,LBen
F649K,0.9232,LPath
F649L,0.8569,LPath
F649M,0.689,LPath
F649N,0.837,LPath
F649P,0.9227,LPath
F649Q,0.8648,LPath
F649R,0.7993,LPath
F649S,0.6068,LPath
F649T,0.7022,LPath
F649V,0.3217,LBen
F649W,0.6344,LPath
F649Y,0.3858,Amb
S650A,0.0621,LBen
S650C,0.091,LBen
S650D,0.1881,LBen
S650E,0.193,LBen
S650F,0.1401,LBen
S650G,0.0684,LBen
S650H,0.1604,LBen
S650I,0.1443,LBen
S650K,0.2254,LBen
S650L,0.078,LBen
S650M,0.13,LBen
S650N,0.1135,LBen
S650P,0.1227,LBen
S650Q,0.2123,LBen
S650R,0.1678,LBen
S650T,0.0624,LBen
S650V,0.125,LBen
S650W,0.1423,LBen
S650Y,0.1205,LBen
E651A,0.0887,LBen
E651C,0.5567,Amb
E651D,0.1119,LBen
E651F,0.5028,Amb
E651G,0.1023,LBen
E651H,0.2078,LBen
E651I,0.2629,LBen
E651K,0.0788,LBen
E651L,0.2191,LBen
E651M,0.2585,LBen
E651N,0.1782,LBen
E651P,0.3771,Amb
E651Q,0.0907,LBen
E651R,0.1081,LBen
E651S,0.1247,LBen
E651T,0.1201,LBen
E651V,0.1439,LBen
E651W,0.5764,LPath
E651Y,0.3729,Amb
V652A,0.1352,LBen
V652C,0.7735,LPath
V652D,0.3487,Amb
V652E,0.2866,LBen
V652F,0.1843,LBen
V652G,0.1947,LBen
V652H,0.6012,LPath
V652I,0.0842,LBen
V652K,0.3755,Amb
V652L,0.2279,LBen
V652M,0.1421,LBen
V652N,0.3259,LBen
V652P,0.4924,Amb
V652Q,0.4128,Amb
V652R,0.3468,Amb
V652S,0.237,LBen
V652T,0.1723,LBen
V652W,0.704,LPath
V652Y,0.5241,Amb
V653A,0.0871,LBen
V653C,0.4952,Amb
V653D,0.2982,LBen
V653E,0.1732,LBen
V653F,0.118,LBen
V653G,0.1294,LBen
V653H,0.3199,LBen
V653I,0.082,LBen
V653K,0.1594,LBen
V653L,0.1016,LBen
V653M,0.0809,LBen
V653N,0.2527,LBen
V653P,0.2625,LBen
V653Q,0.1618,LBen
V653R,0.1242,LBen
V653S,0.1374,LBen
V653T,0.1001,LBen
V653W,0.3917,Amb
V653Y,0.3717,Amb
G654A,0.1157,LBen
G654C,0.1663,LBen
G654D,0.1405,LBen
G654E,0.1324,LBen
G654F,0.3738,Amb
G654H,0.2397,LBen
G654I,0.2184,LBen
G654K,0.2368,LBen
G654L,0.2599,LBen
G654M,0.3681,Amb
G654N,0.2257,LBen
G654P,0.475,Amb
G654Q,0.1964,LBen
G654R,0.166,LBen
G654S,0.0969,LBen
G654T,0.149,LBen
G654V,0.1501,LBen
G654W,0.2247,LBen
G654Y,0.2659,LBen
R655A,0.1219,LBen
R655C,0.1074,LBen
R655D,0.2214,LBen
R655E,0.1071,LBen
R655F,0.2506,LBen
R655G,0.0651,LBen
R655H,0.0876,LBen
R655I,0.1644,LBen
R655K,0.0708,LBen
R655L,0.1091,LBen
R655M,0.1557,LBen
R655N,0.2102,LBen
R655P,0.1232,LBen
R655Q,0.0602,LBen
R655S,0.1492,LBen
R655T,0.1122,LBen
R655V,0.1603,LBen
R655W,0.0833,LBen
R655Y,0.1813,LBen
K656A,0.3498,Amb
K656C,0.6472,LPath
K656D,0.4926,Amb
K656E,0.1615,LBen
K656F,0.7456,LPath
K656G,0.2966,LBen
K656H,0.3232,LBen
K656I,0.4215,Amb
K656L,0.3754,Amb
K656M,0.2875,LBen
K656N,0.4022,Amb
K656P,0.3697,Amb
K656Q,0.1294,LBen
K656R,0.0818,LBen
K656S,0.3705,Amb
K656T,0.2397,LBen
K656V,0.3942,Amb
K656W,0.6115,LPath
K656Y,0.5967,LPath
R657A,0.1735,LBen
R657C,0.1315,LBen
R657D,0.3105,LBen
R657E,0.1621,LBen
R657F,0.2985,LBen
R657G,0.0892,LBen
R657H,0.0923,LBen
R657I,0.1629,LBen
R657K,0.0906,LBen
R657L,0.1371,LBen
R657M,0.1907,LBen
R657N,0.284,LBen
R657P,0.1471,LBen
R657Q,0.0777,LBen
R657S,0.2195,LBen
R657T,0.14,LBen
R657V,0.1929,LBen
R657W,0.0953,LBen
R657Y,0.2076,LBen
Q658A,0.0952,LBen
Q658C,0.2574,LBen
Q658D,0.1772,LBen
Q658E,0.0734,LBen
Q658F,0.3124,LBen
Q658G,0.1007,LBen
Q658H,0.1097,LBen
Q658I,0.1978,LBen
Q658K,0.0732,LBen
Q658L,0.0856,LBen
Q658M,0.2278,LBen
Q658N,0.166,LBen
Q658P,0.0528,LBen
Q658R,0.0623,LBen
Q658S,0.103,LBen
Q658T,0.1135,LBen
Q658V,0.1287,LBen
Q658W,0.1688,LBen
Q658Y,0.2046,LBen
R659A,0.0909,LBen
R659C,0.0877,LBen
R659D,0.1554,LBen
R659E,0.1067,LBen
R659F,0.1793,LBen
R659G,0.0628,LBen
R659H,0.0713,LBen
R659I,0.1131,LBen
R659K,0.08,LBen
R659L,0.0807,LBen
R659M,0.1397,LBen
R659N,0.1546,LBen
R659P,0.0838,LBen
R659Q,0.0618,LBen
R659S,0.1092,LBen
R659T,0.0886,LBen
R659V,0.1159,LBen
R659W,0.0757,LBen
R659Y,0.132,LBen
S660A,0.057,LBen
S660C,0.0791,LBen
S660D,0.1192,LBen
S660E,0.1194,LBen
S660F,0.0971,LBen
S660G,0.0667,LBen
S660H,0.0971,LBen
S660I,0.0914,LBen
S660K,0.1549,LBen
S660L,0.0685,LBen
S660M,0.1313,LBen
S660N,0.0893,LBen
S660P,0.0493,LBen
S660Q,0.119,LBen
S660R,0.1092,LBen
S660T,0.0692,LBen
S660V,0.0866,LBen
S660W,0.0909,LBen
S660Y,0.0919,LBen
G661A,0.0736,LBen
G661C,0.1076,LBen
G661D,0.0794,LBen
G661E,0.0807,LBen
G661F,0.1808,LBen
G661H,0.1148,LBen
G661I,0.1026,LBen
G661K,0.1195,LBen
G661L,0.1306,LBen
G661M,0.1891,LBen
G661N,0.1368,LBen
G661P,0.1951,LBen
G661Q,0.1096,LBen
G661R,0.0833,LBen
G661S,0.0781,LBen
G661T,0.0886,LBen
G661V,0.0779,LBen
G661W,0.1277,LBen
G661Y,0.1433,LBen
P662A,0.0639,LBen
P662C,0.2073,LBen
P662D,0.1396,LBen
P662E,0.0963,LBen
P662F,0.1782,LBen
P662G,0.1111,LBen
P662H,0.1037,LBen
P662I,0.143,LBen
P662K,0.1067,LBen
P662L,0.082,LBen
P662M,0.1667,LBen
P662N,0.148,LBen
P662Q,0.0792,LBen
P662R,0.0752,LBen
P662S,0.0767,LBen
P662T,0.0721,LBen
P662V,0.1076,LBen
P662W,0.1902,LBen
P662Y,0.1956,LBen
N663A,0.0621,LBen
N663C,0.1031,LBen
N663D,0.0508,LBen
N663E,0.0778,LBen
N663F,0.1909,LBen
N663G,0.0754,LBen
N663H,0.0622,LBen
N663I,0.0986,LBen
N663K,0.0826,LBen
N663L,0.0975,LBen
N663M,0.181,LBen
N663P,0.1132,LBen
N663Q,0.0838,LBen
N663R,0.0731,LBen
N663S,0.0535,LBen
N663T,0.0731,LBen
N663V,0.0766,LBen
N663W,0.2504,LBen
N663Y,0.0804,LBen
R664A,0.0808,LBen
R664C,0.1033,LBen
R664D,0.1386,LBen
R664E,0.0922,LBen
R664F,0.2035,LBen
R664G,0.0556,LBen
R664H,0.079,LBen
R664I,0.1244,LBen
R664K,0.0787,LBen
R664L,0.0922,LBen
R664M,0.1422,LBen
R664N,0.1746,LBen
R664P,0.0909,LBen
R664Q,0.067,LBen
R664S,0.11,LBen
R664T,0.0797,LBen
R664V,0.1161,LBen
R664W,0.0812,LBen
R664Y,0.1523,LBen
G665A,0.0689,LBen
G665C,0.1479,LBen
G665D,0.0849,LBen
G665E,0.0765,LBen
G665F,0.2436,LBen
G665H,0.1471,LBen
G665I,0.1275,LBen
G665K,0.1254,LBen
G665L,0.1555,LBen
G665M,0.2008,LBen
G665N,0.1407,LBen
G665P,0.1885,LBen
G665Q,0.1237,LBen
G665R,0.0979,LBen
G665S,0.0814,LBen
G665T,0.0833,LBen
G665V,0.0835,LBen
G665W,0.1479,LBen
G665Y,0.176,LBen
A666C,0.2809,LBen
A666D,0.1118,LBen
A666E,0.0939,LBen
A666F,0.1684,LBen
A666G,0.0757,LBen
A666H,0.1961,LBen
A666I,0.1331,LBen
A666K,0.1302,LBen
A666L,0.1018,LBen
A666M,0.1379,LBen
A666N,0.1354,LBen
A666P,0.0829,LBen
A666Q,0.1248,LBen
A666R,0.1101,LBen
A666S,0.0798,LBen
A666T,0.0696,LBen
A666V,0.0816,LBen
A666W,0.2707,LBen
A666Y,0.2285,LBen
K667A,0.1858,LBen
K667C,0.619,LPath
K667D,0.4095,Amb
K667E,0.1206,LBen
K667F,0.659,LPath
K667G,0.1736,LBen
K667H,0.3378,LBen
K667I,0.3316,LBen
K667L,0.278,LBen
K667M,0.2458,LBen
K667N,0.3662,Amb
K667P,0.2696,LBen
K667Q,0.121,LBen
K667R,0.0697,LBen
K667S,0.2603,LBen
K667T,0.1625,LBen
K667V,0.2595,LBen
K667W,0.5578,Amb
K667Y,0.5787,LPath
R668A,0.14,LBen
R668C,0.1643,LBen
R668D,0.3023,LBen
R668E,0.1486,LBen
R668F,0.3229,LBen
R668G,0.0759,LBen
R668H,0.1092,LBen
R668I,0.1478,LBen
R668K,0.0688,LBen
R668L,0.1229,LBen
R668M,0.1562,LBen
R668N,0.2726,LBen
R668P,0.1414,LBen
R668Q,0.0789,LBen
R668S,0.2014,LBen
R668T,0.1197,LBen
R668V,0.1651,LBen
R668W,0.1144,LBen
R668Y,0.2631,LBen
R669A,0.1481,LBen
R669C,0.1382,LBen
R669D,0.2862,LBen
R669E,0.1473,LBen
R669F,0.2985,LBen
R669G,0.078,LBen
R669H,0.1003,LBen
R669I,0.1684,LBen
R669K,0.0829,LBen
R669L,0.1168,LBen
R669M,0.1852,LBen
R669N,0.2816,LBen
R669P,0.1232,LBen
R669Q,0.0719,LBen
R669S,0.1976,LBen
R669T,0.1331,LBen
R669V,0.1789,LBen
R669W,0.0926,LBen
R669Y,0.2326,LBen
R670A,0.1277,LBen
R670C,0.2254,LBen
R670D,0.3061,LBen
R670E,0.1349,LBen
R670F,0.3764,Amb
R670G,0.0758,LBen
R670H,0.139,LBen
R670I,0.1782,LBen
R670K,0.0714,LBen
R670L,0.1355,LBen
R670M,0.1583,LBen
R670N,0.321,LBen
R670P,0.1372,LBen
R670Q,0.0819,LBen
R670S,0.2098,LBen
R670T,0.1058,LBen
R670V,0.1785,LBen
R670W,0.119,LBen
R670Y,0.326,LBen
E671A,0.0777,LBen
E671C,0.5911,LPath
E671D,0.1169,LBen
E671F,0.4655,Amb
E671G,0.0717,LBen
E671H,0.252,LBen
E671I,0.2201,LBen
E671K,0.0793,LBen
E671L,0.1668,LBen
E671M,0.2397,LBen
E671N,0.1866,LBen
E671P,0.1701,LBen
E671Q,0.0909,LBen
E671R,0.1083,LBen
E671S,0.123,LBen
E671T,0.1171,LBen
E671V,0.1185,LBen
E671W,0.4626,Amb
E671Y,0.3812,Amb
E672A,0.0662,LBen
E672C,0.5944,LPath
E672D,0.1012,LBen
E672F,0.4134,Amb
E672G,0.0757,LBen
E672H,0.2395,LBen
E672I,0.1916,LBen
E672K,0.0896,LBen
E672L,0.177,LBen
E672M,0.2359,LBen
E672N,0.1634,LBen
E672P,0.1759,LBen
E672Q,0.1024,LBen
E672R,0.1259,LBen
E672S,0.1223,LBen
E672T,0.1098,LBen
E672V,0.1041,LBen
E672W,0.5075,Amb
E672Y,0.3349,LBen
A673C,0.2607,LBen
A673D,0.0899,LBen
A673E,0.0881,LBen
A673F,0.1461,LBen
A673G,0.0752,LBen
A673H,0.1837,LBen
A673I,0.1099,LBen
A673K,0.1345,LBen
A673L,0.0932,LBen
A673M,0.1178,LBen
A673N,0.107,LBen
A673P,0.0841,LBen
A673Q,0.1218,LBen
A673R,0.1195,LBen
A673S,0.076,LBen
A673T,0.0692,LBen
A673V,0.0703,LBen
A673W,0.2501,LBen
A673Y,0.1968,LBen
R674A,0.1011,LBen
R674C,0.1067,LBen
R674D,0.1969,LBen
R674E,0.1131,LBen
R674F,0.1985,LBen
R674G,0.0678,LBen
R674H,0.0929,LBen
R674I,0.1255,LBen
R674K,0.0812,LBen
R674L,0.0909,LBen
R674M,0.1496,LBen
R674N,0.2117,LBen
R674P,0.1111,LBen
R674Q,0.068,LBen
R674S,0.132,LBen
R674T,0.0983,LBen
R674V,0.1257,LBen
R674W,0.0781,LBen
R674Y,0.1725,LBen
Q675A,0.1116,LBen
Q675C,0.28,LBen
Q675D,0.1821,LBen
Q675E,0.0743,LBen
Q675F,0.3582,Amb
Q675G,0.1048,LBen
Q675H,0.1243,LBen
Q675I,0.2271,LBen
Q675K,0.0799,LBen
Q675L,0.0906,LBen
Q675M,0.2552,LBen
Q675N,0.1822,LBen
Q675P,0.0659,LBen
Q675R,0.0686,LBen
Q675S,0.1251,LBen
Q675T,0.1296,LBen
Q675V,0.148,LBen
Q675W,0.1779,LBen
Q675Y,0.2311,LBen
R676A,0.1234,LBen
R676C,0.124,LBen
R676D,0.2538,LBen
R676E,0.1196,LBen
R676F,0.3111,LBen
R676G,0.0864,LBen
R676H,0.0885,LBen
R676I,0.1604,LBen
R676K,0.0785,LBen
R676L,0.1218,LBen
R676M,0.1635,LBen
R676N,0.26,LBen
R676P,0.1396,LBen
R676Q,0.0657,LBen
R676S,0.1897,LBen
R676T,0.1093,LBen
R676V,0.1558,LBen
R676W,0.0937,LBen
R676Y,0.2032,LBen
D677A,0.1437,LBen
D677C,0.4673,Amb
D677E,0.1352,LBen
D677F,0.4974,Amb
D677G,0.1314,LBen
D677H,0.2179,LBen
D677I,0.2994,LBen
D677K,0.2675,LBen
D677L,0.2894,LBen
D677M,0.5145,Amb
D677N,0.1019,LBen
D677P,0.3635,Amb
D677Q,0.2196,LBen
D677R,0.2614,LBen
D677S,0.1185,LBen
D677T,0.2282,LBen
D677V,0.1818,LBen
D677W,0.6968,LPath
D677Y,0.1967,LBen
Q678A,0.0944,LBen
Q678C,0.3528,Amb
Q678D,0.1407,LBen
Q678E,0.0544,LBen
Q678F,0.51,Amb
Q678G,0.0954,LBen
Q678H,0.14,LBen
Q678I,0.2791,LBen
Q678K,0.0659,LBen
Q678L,0.1104,LBen
Q678M,0.2521,LBen
Q678N,0.1849,LBen
Q678P,0.062,LBen
Q678R,0.0627,LBen
Q678S,0.1139,LBen
Q678T,0.1032,LBen
Q678V,0.1578,LBen
Q678W,0.2279,LBen
Q678Y,0.3286,LBen
E679A,0.0723,LBen
E679C,0.5416,Amb
E679D,0.065,LBen
E679F,0.4729,Amb
E679G,0.1011,LBen
E679H,0.2375,LBen
E679I,0.2093,LBen
E679K,0.1269,LBen
E679L,0.2184,LBen
E679M,0.2719,LBen
E679N,0.1219,LBen
E679P,0.2521,LBen
E679Q,0.1068,LBen
E679R,0.1588,LBen
E679S,0.1094,LBen
E679T,0.1223,LBen
E679V,0.1099,LBen
E679W,0.6532,LPath
E679Y,0.3176,LBen
F680A,0.4625,Amb
F680C,0.2095,LBen
F680D,0.5367,Amb
F680E,0.7073,LPath
F680G,0.5708,LPath
F680H,0.4033,Amb
F680I,0.2232,LBen
F680K,0.7734,LPath
F680L,0.8664,LPath
F680M,0.5457,Amb
F680N,0.2818,LBen
F680P,0.9089,LPath
F680Q,0.676,LPath
F680R,0.6057,LPath
F680S,0.3282,LBen
F680T,0.4887,Amb
F680V,0.2113,LBen
F680W,0.3195,LBen
F680Y,0.0775,LBen
Y681A,0.7271,LPath
Y681C,0.1887,LBen
Y681D,0.6522,LPath
Y681E,0.8957,LPath
Y681F,0.1009,LBen
Y681G,0.7039,LPath
Y681H,0.3112,LBen
Y681I,0.7315,LPath
Y681K,0.8896,LPath
Y681L,0.6788,LPath
Y681M,0.8393,LPath
Y681N,0.5454,Amb
Y681P,0.8914,LPath
Y681Q,0.7693,LPath
Y681R,0.6442,LPath
Y681S,0.4317,Amb
Y681T,0.7383,LPath
Y681V,0.5888,LPath
Y681W,0.451,Amb
I682A,0.7836,LPath
I682C,0.802,LPath
I682D,0.9542,LPath
I682E,0.9112,LPath
I682F,0.3197,LBen
I682G,0.919,LPath
I682H,0.8451,LPath
I682K,0.8629,LPath
I682L,0.1481,LBen
I682M,0.2077,LBen
I682N,0.7586,LPath
I682P,0.8849,LPath
I682Q,0.8384,LPath
I682R,0.775,LPath
I682S,0.7379,LPath
I682T,0.7646,LPath
I682V,0.0758,LBen
I682W,0.8806,LPath
I682Y,0.7191,LPath
P683A,0.1043,LBen
P683C,0.5118,Amb
P683D,0.5309,Amb
P683E,0.4107,Amb
P683F,0.6535,LPath
P683G,0.3609,Amb
P683H,0.2352,LBen
P683I,0.6385,LPath
P683K,0.5606,Amb
P683L,0.2135,LBen
P683M,0.6153,LPath
P683N,0.4876,Amb
P683Q,0.2667,LBen
P683R,0.2278,LBen
P683S,0.1346,LBen
P683T,0.1811,LBen
P683V,0.4388,Amb
P683W,0.7027,LPath
P683Y,0.6108,LPath
Y684A,0.6537,LPath
Y684C,0.1956,LBen
Y684D,0.7207,LPath
Y684E,0.8981,LPath
Y684F,0.1925,LBen
Y684G,0.5679,LPath
Y684H,0.3602,Amb
Y684I,0.8055,LPath
Y684K,0.9183,LPath
Y684L,0.644,LPath
Y684M,0.866,LPath
Y684N,0.5669,LPath
Y684P,0.6669,LPath
Y684Q,0.8082,LPath
Y684R,0.7352,LPath
Y684S,0.3321,LBen
Y684T,0.7637,LPath
Y684V,0.6034,LPath
Y684W,0.3588,Amb
R685A,0.3578,Amb
R685C,0.1109,LBen
R685D,0.8159,LPath
R685E,0.3479,Amb
R685F,0.4477,Amb
R685G,0.2795,LBen
R685H,0.1043,LBen
R685I,0.2372,LBen
R685K,0.1186,LBen
R685L,0.173,LBen
R685M,0.277,LBen
R685N,0.6884,LPath
R685P,0.764,LPath
R685Q,0.0799,LBen
R685S,0.4501,Amb
R685T,0.2555,LBen
R685V,0.2657,LBen
R685W,0.1256,LBen
R685Y,0.3171,LBen
P686A,0.1789,LBen
P686C,0.7678,LPath
P686D,0.8823,LPath
P686E,0.6655,LPath
P686F,0.923,LPath
P686G,0.598,LPath
P686H,0.5266,Amb
P686I,0.8543,LPath
P686K,0.6677,LPath
P686L,0.3859,Amb
P686M,0.7248,LPath
P686N,0.8045,LPath
P686Q,0.3383,LBen
P686R,0.3949,Amb
P686S,0.298,LBen
P686T,0.3952,Amb
P686V,0.6442,LPath
P686W,0.9026,LPath
P686Y,0.8879,LPath
K687A,0.1885,LBen
K687C,0.6918,LPath
K687D,0.5261,Amb
K687E,0.1268,LBen
K687F,0.8415,LPath
K687G,0.2544,LBen
K687H,0.398,Amb
K687I,0.4413,Amb
K687L,0.3367,LBen
K687M,0.2497,LBen
K687N,0.4625,Amb
K687P,0.4209,Amb
K687Q,0.1254,LBen
K687R,0.0808,LBen
K687S,0.2991,LBen
K687T,0.1572,LBen
K687V,0.3094,LBen
K687W,0.7507,LPath
K687Y,0.7427,LPath
D688A,0.5466,Amb
D688C,0.916,LPath
D688E,0.6037,LPath
D688F,0.8598,LPath
D688G,0.3621,Amb
D688H,0.756,LPath
D688I,0.794,LPath
D688K,0.9118,LPath
D688L,0.794,LPath
D688M,0.924,LPath
D688N,0.2789,LBen
D688P,0.96,LPath
D688Q,0.858,LPath
D688R,0.885,LPath
D688S,0.4399,Amb
D688T,0.6668,LPath
D688V,0.5644,LPath
D688W,0.9723,LPath
D688Y,0.457,Amb
F689A,0.2998,LBen
F689C,0.3188,LBen
F689D,0.722,LPath
F689E,0.7657,LPath
F689G,0.6761,LPath
F689H,0.4755,Amb
F689I,0.2456,LBen
F689K,0.7878,LPath
F689L,0.81,LPath
F689M,0.4977,Amb
F689N,0.6899,LPath
F689P,0.9595,LPath
F689Q,0.6714,LPath
F689R,0.5731,LPath
F689S,0.2833,LBen
F689T,0.4205,Amb
F689V,0.2015,LBen
F689W,0.3799,Amb
F689Y,0.1628,LBen
D690A,0.111,LBen
D690C,0.4216,Amb
D690E,0.1443,LBen
D690F,0.3996,Amb
D690G,0.1588,LBen
D690H,0.147,LBen
D690I,0.2617,LBen
D690K,0.3632,Amb
D690L,0.2501,LBen
D690M,0.5302,Amb
D690N,0.0877,LBen
D690P,0.555,Amb
D690Q,0.2331,LBen
D690R,0.2723,LBen
D690S,0.0959,LBen
D690T,0.2071,LBen
D690V,0.1597,LBen
D690W,0.7402,LPath
D690Y,0.1397,LBen
S691A,0.0939,LBen
S691C,0.1759,LBen
S691D,0.6154,LPath
S691E,0.5748,LPath
S691F,0.3199,LBen
S691G,0.132,LBen
S691H,0.5288,Amb
S691I,0.3685,Amb
S691K,0.7768,LPath
S691L,0.1547,LBen
S691M,0.2804,LBen
S691N,0.3502,Amb
S691P,0.7206,LPath
S691Q,0.6012,LPath
S691R,0.6565,LPath
S691T,0.0996,LBen
S691V,0.2918,LBen
S691W,0.3672,Amb
S691Y,0.3098,LBen
E692A,0.6896,LPath
E692C,0.9791,LPath
E692D,0.6874,LPath
E692F,0.9882,LPath
E692G,0.6286,LPath
E692H,0.9428,LPath
E692I,0.9418,LPath
E692K,0.6493,LPath
E692L,0.9063,LPath
E692M,0.9253,LPath
E692N,0.894,LPath
E692P,0.974,LPath
E692Q,0.4951,Amb
E692R,0.7234,LPath
E692S,0.7397,LPath
E692T,0.8566,LPath
E692V,0.8161,LPath
E692W,0.9924,LPath
E692Y,0.9753,LPath
R693A,0.2648,LBen
R693C,0.1591,LBen
R693D,0.6188,LPath
R693E,0.2667,LBen
R693F,0.5474,Amb
R693G,0.1862,LBen
R693H,0.1109,LBen
R693I,0.2903,LBen
R693K,0.0932,LBen
R693L,0.1901,LBen
R693M,0.2337,LBen
R693N,0.5051,Amb
R693P,0.7496,LPath
R693Q,0.0841,LBen
R693S,0.3928,Amb
R693T,0.2192,LBen
R693V,0.3195,LBen
R693W,0.1412,LBen
R693Y,0.3572,Amb
G694A,0.2545,LBen
G694C,0.3863,Amb
G694D,0.6754,LPath
G694E,0.5625,Amb
G694F,0.7841,LPath
G694H,0.7326,LPath
G694I,0.6012,LPath
G694K,0.8199,LPath
G694L,0.7004,LPath
G694M,0.7152,LPath
G694N,0.6425,LPath
G694P,0.9649,LPath
G694Q,0.6361,LPath
G694R,0.6998,LPath
G694S,0.2016,LBen
G694T,0.4415,Amb
G694V,0.4427,Amb
G694W,0.664,LPath
G694Y,0.7102,LPath
L695A,0.8475,LPath
L695C,0.8405,LPath
L695D,0.9808,LPath
L695E,0.9204,LPath
L695F,0.1847,LBen
L695G,0.9058,LPath
L695H,0.7647,LPath
L695I,0.271,LBen
L695K,0.8521,LPath
L695M,0.2176,LBen
L695N,0.924,LPath
L695P,0.9244,LPath
L695Q,0.7167,LPath
L695R,0.6694,LPath
L695S,0.899,LPath
L695T,0.8738,LPath
L695V,0.326,LBen
L695W,0.3524,Amb
L695Y,0.4725,Amb
S696A,0.0788,LBen
S696C,0.0822,LBen
S696D,0.4158,Amb
S696E,0.5263,Amb
S696F,0.235,LBen
S696G,0.0715,LBen
S696H,0.339,LBen
S696I,0.2568,LBen
S696K,0.6494,LPath
S696L,0.1239,LBen
S696M,0.2372,LBen
S696N,0.1559,LBen
S696P,0.5583,Amb
S696Q,0.4502,Amb
S696R,0.4613,Amb
S696T,0.1071,LBen
S696V,0.2233,LBen
S696W,0.3014,LBen
S696Y,0.2143,LBen
I697A,0.3868,Amb
I697C,0.6249,LPath
I697D,0.7947,LPath
I697E,0.7662,LPath
I697F,0.1558,LBen
I697G,0.5649,LPath
I697H,0.7033,LPath
I697K,0.7064,LPath
I697L,0.0907,LBen
I697M,0.1174,LBen
I697N,0.4724,Amb
I697P,0.6543,LPath
I697Q,0.675,LPath
I697R,0.5659,LPath
I697S,0.4322,Amb
I697T,0.458,Amb
I697V,0.0562,LBen
I697W,0.7453,LPath
I697Y,0.551,Amb
S698A,0.0754,LBen
S698C,0.0691,LBen
S698D,0.1643,LBen
S698E,0.2237,LBen
S698F,0.1977,LBen
S698G,0.0477,LBen
S698H,0.1601,LBen
S698I,0.1346,LBen
S698K,0.2797,LBen
S698L,0.1345,LBen
S698M,0.2002,LBen
S698N,0.0991,LBen
S698P,0.1979,LBen
S698Q,0.2268,LBen
S698R,0.1823,LBen
S698T,0.0774,LBen
S698V,0.128,LBen
S698W,0.1846,LBen
S698Y,0.1521,LBen
G699A,0.0827,LBen
G699C,0.1408,LBen
G699D,0.1354,LBen
G699E,0.1216,LBen
G699F,0.3584,Amb
G699H,0.1769,LBen
G699I,0.191,LBen
G699K,0.1595,LBen
G699L,0.213,LBen
G699M,0.2538,LBen
G699N,0.1783,LBen
G699P,0.3927,Amb
G699Q,0.147,LBen
G699R,0.1021,LBen
G699S,0.0763,LBen
G699T,0.0931,LBen
G699V,0.1167,LBen
G699W,0.201,LBen
G699Y,0.2571,LBen
E700A,0.0716,LBen
E700C,0.389,Amb
E700D,0.0654,LBen
E700F,0.357,Amb
E700G,0.0721,LBen
E700H,0.1594,LBen
E700I,0.196,LBen
E700K,0.0833,LBen
E700L,0.1787,LBen
E700M,0.2273,LBen
E700N,0.103,LBen
E700P,0.1838,LBen
E700Q,0.0811,LBen
E700R,0.105,LBen
E700S,0.078,LBen
E700T,0.0956,LBen
E700V,0.1144,LBen
E700W,0.483,Amb
E700Y,0.2638,LBen
G701A,0.0688,LBen
G701C,0.1271,LBen
G701D,0.103,LBen
G701E,0.0907,LBen
G701F,0.3056,LBen
G701H,0.1556,LBen
G701I,0.1498,LBen
G701K,0.1356,LBen
G701L,0.1877,LBen
G701M,0.1994,LBen
G701N,0.1478,LBen
G701P,0.3322,LBen
G701Q,0.1223,LBen
G701R,0.0963,LBen
G701S,0.0782,LBen
G701T,0.0779,LBen
G701V,0.0892,LBen
G701W,0.1794,LBen
G701Y,0.2015,LBen
G702A,0.0739,LBen
G702C,0.103,LBen
G702D,0.1108,LBen
G702E,0.1143,LBen
G702F,0.2654,LBen
G702H,0.163,LBen
G702I,0.1366,LBen
G702K,0.1817,LBen
G702L,0.17,LBen
G702M,0.2011,LBen
G702N,0.1332,LBen
G702P,0.3367,LBen
G702Q,0.162,LBen
G702R,0.1205,LBen
G702S,0.0662,LBen
G702T,0.0785,LBen
G702V,0.0906,LBen
G702W,0.1908,LBen
G702Y,0.1931,LBen
A703C,0.276,LBen
A703D,0.1441,LBen
A703E,0.1807,LBen
A703F,0.1645,LBen
A703G,0.0892,LBen
A703H,0.2168,LBen
A703I,0.1327,LBen
A703K,0.2655,LBen
A703L,0.1,LBen
A703M,0.1422,LBen
A703N,0.1321,LBen
A703P,0.1073,LBen
A703Q,0.2037,LBen
A703R,0.2025,LBen
A703S,0.0747,LBen
A703T,0.0699,LBen
A703V,0.0821,LBen
A703W,0.4203,Amb
A703Y,0.2594,LBen
F704A,0.7526,LPath
F704C,0.8672,LPath
F704D,0.9603,LPath
F704E,0.9532,LPath
F704G,0.8833,LPath
F704H,0.9529,LPath
F704I,0.5577,Amb
F704K,0.9715,LPath
F704L,0.9384,LPath
F704M,0.7504,LPath
F704N,0.9498,LPath
F704P,0.9762,LPath
F704Q,0.9463,LPath
F704R,0.9242,LPath
F704S,0.7661,LPath
F704T,0.8168,LPath
F704V,0.5043,Amb
F704W,0.5867,LPath
F704Y,0.5767,LPath
E705A,0.163,LBen
E705C,0.8083,LPath
E705D,0.1781,LBen
E705F,0.7503,LPath
E705G,0.1588,LBen
E705H,0.3948,Amb
E705I,0.4677,Amb
E705K,0.2059,LBen
E705L,0.3589,Amb
E705M,0.5144,Amb
E705N,0.3493,Amb
E705P,0.605,LPath
E705Q,0.1104,LBen
E705R,0.2445,LBen
E705S,0.1782,LBen
E705T,0.2713,LBen
E705V,0.2712,LBen
E705W,0.866,LPath
E705Y,0.6309,LPath
Q706A,0.1852,LBen
Q706C,0.549,Amb
Q706D,0.3428,Amb
Q706E,0.0958,LBen
Q706F,0.6646,LPath
Q706G,0.1676,LBen
Q706H,0.1983,LBen
Q706I,0.4058,Amb
Q706K,0.0943,LBen
Q706L,0.1282,LBen
Q706M,0.3358,LBen
Q706N,0.2752,LBen
Q706P,0.1871,LBen
Q706R,0.087,LBen
Q706S,0.2152,LBen
Q706T,0.2001,LBen
Q706V,0.2541,LBen
Q706W,0.4017,Amb
Q706Y,0.3957,Amb
Q707A,0.213,LBen
Q707C,0.7442,LPath
Q707D,0.4464,Amb
Q707E,0.1018,LBen
Q707F,0.8085,LPath
Q707G,0.2844,LBen
Q707H,0.3041,LBen
Q707I,0.544,Amb
Q707K,0.1306,LBen
Q707L,0.1557,LBen
Q707M,0.3986,Amb
Q707N,0.4242,Amb
Q707P,0.3613,Amb
Q707R,0.1361,LBen
Q707S,0.3127,LBen
Q707T,0.2879,LBen
Q707V,0.3233,LBen
Q707W,0.6515,LPath
Q707Y,0.5873,LPath
A708C,0.5887,LPath
A708D,0.7706,LPath
A708E,0.5289,Amb
A708F,0.3968,Amb
A708G,0.2191,LBen
A708H,0.7585,LPath
A708I,0.1431,LBen
A708K,0.7349,LPath
A708L,0.1473,LBen
A708M,0.1263,LBen
A708N,0.5854,LPath
A708P,0.6841,LPath
A708Q,0.5249,Amb
A708R,0.6546,LPath
A708S,0.1675,LBen
A708T,0.1296,LBen
A708V,0.0566,LBen
A708W,0.8341,LPath
A708Y,0.7345,LPath
A709C,0.3552,Amb
A709D,0.23,LBen
A709E,0.1915,LBen
A709F,0.2807,LBen
A709G,0.1066,LBen
A709H,0.3565,Amb
A709I,0.1932,LBen
A709K,0.296,LBen
A709L,0.1409,LBen
A709M,0.1554,LBen
A709N,0.1957,LBen
A709P,0.3691,Amb
A709Q,0.2343,LBen
A709R,0.25,LBen
A709S,0.0826,LBen
A709T,0.0748,LBen
A709V,0.0955,LBen
A709W,0.5491,Amb
A709Y,0.4052,Amb
G710A,0.0778,LBen
G710C,0.1523,LBen
G710D,0.151,LBen
G710E,0.1595,LBen
G710F,0.4439,Amb
G710H,0.2271,LBen
G710I,0.2455,LBen
G710K,0.2723,LBen
G710L,0.2735,LBen
G710M,0.3212,LBen
G710N,0.1852,LBen
G710P,0.7566,LPath
G710Q,0.2025,LBen
G710R,0.1788,LBen
G710S,0.0718,LBen
G710T,0.1013,LBen
G710V,0.1365,LBen
G710W,0.3076,LBen
G710Y,0.3259,LBen
A711C,0.6305,LPath
A711D,0.8305,LPath
A711E,0.6216,LPath
A711F,0.6031,LPath
A711G,0.3822,Amb
A711H,0.7894,LPath
A711I,0.3776,Amb
A711K,0.8406,LPath
A711L,0.2921,LBen
A711M,0.2618,LBen
A711N,0.6581,LPath
A711P,0.896,LPath
A711Q,0.6179,LPath
A711R,0.7528,LPath
A711S,0.1723,LBen
A711T,0.1792,LBen
A711V,0.1317,LBen
A711W,0.914,LPath
A711Y,0.8127,LPath
V712A,0.2068,LBen
V712C,0.8116,LPath
V712D,0.691,LPath
V712E,0.4553,Amb
V712F,0.2088,LBen
V712G,0.2983,LBen
V712H,0.773,LPath
V712I,0.092,LBen
V712K,0.606,LPath
V712L,0.2109,LBen
V712M,0.1059,LBen
V712N,0.5028,Amb
V712P,0.8169,LPath
V712Q,0.4082,Amb
V712R,0.5268,Amb
V712S,0.2753,LBen
V712T,0.2446,LBen
V712W,0.8661,LPath
V712Y,0.7466,LPath
L713A,0.7548,LPath
L713C,0.8746,LPath
L713D,0.9901,LPath
L713E,0.9383,LPath
L713F,0.263,LBen
L713G,0.9287,LPath
L713H,0.8699,LPath
L713I,0.2381,LBen
L713K,0.9125,LPath
L713M,0.1507,LBen
L713N,0.9728,LPath
L713P,0.8832,LPath
L713Q,0.7509,LPath
L713R,0.7729,LPath
L713S,0.908,LPath
L713T,0.8004,LPath
L713V,0.2224,LBen
L713W,0.4428,Amb
L713Y,0.8113,LPath
D714A,0.6649,LPath
D714C,0.9302,LPath
D714E,0.5507,Amb
D714F,0.9249,LPath
D714G,0.6476,LPath
D714H,0.7352,LPath
D714I,0.9204,LPath
D714K,0.9479,LPath
D714L,0.8379,LPath
D714M,0.9475,LPath
D714N,0.3817,Amb
D714P,0.9513,LPath
D714Q,0.7994,LPath
D714R,0.9155,LPath
D714S,0.3973,Amb
D714T,0.7904,LPath
D714V,0.7588,LPath
D714W,0.9787,LPath
D714Y,0.6797,LPath
L715A,0.8089,LPath
L715C,0.8884,LPath
L715D,0.986,LPath
L715E,0.9489,LPath
L715F,0.2444,LBen
L715G,0.9425,LPath
L715H,0.896,LPath
L715I,0.1192,LBen
L715K,0.9434,LPath
L715M,0.1744,LBen
L715N,0.9587,LPath
L715P,0.9165,LPath
L715Q,0.8482,LPath
L715R,0.8518,LPath
L715S,0.9321,LPath
L715T,0.8139,LPath
L715V,0.1597,LBen
L715W,0.5833,LPath
L715Y,0.8202,LPath
M716A,0.3243,LBen
M716C,0.7624,LPath
M716D,0.8377,LPath
M716E,0.5576,Amb
M716F,0.4289,Amb
M716G,0.5453,Amb
M716H,0.5681,LPath
M716I,0.4549,Amb
M716K,0.3251,LBen
M716L,0.1082,LBen
M716N,0.6189,LPath
M716P,0.6667,LPath
M716Q,0.2947,LBen
M716R,0.2572,LBen
M716S,0.4113,Amb
M716T,0.1893,LBen
M716V,0.118,LBen
M716W,0.6728,LPath
M716Y,0.7404,LPath
G717A,0.1605,LBen
G717C,0.4119,Amb
G717D,0.3243,LBen
G717E,0.3342,LBen
G717F,0.8388,LPath
G717H,0.6648,LPath
G717I,0.5634,Amb
G717K,0.7131,LPath
G717L,0.6133,LPath
G717M,0.6591,LPath
G717N,0.4394,Amb
G717P,0.8586,LPath
G717Q,0.5373,Amb
G717R,0.568,LPath
G717S,0.1544,LBen
G717T,0.2852,LBen
G717V,0.3398,LBen
G717W,0.6234,LPath
G717Y,0.7074,LPath
D718A,0.5912,LPath
D718C,0.9125,LPath
D718E,0.4056,Amb
D718F,0.9017,LPath
D718G,0.4999,Amb
D718H,0.7685,LPath
D718I,0.831,LPath
D718K,0.8229,LPath
D718L,0.7738,LPath
D718M,0.8921,LPath
D718N,0.3199,LBen
D718P,0.921,LPath
D718Q,0.7598,LPath
D718R,0.7874,LPath
D718S,0.4136,Amb
D718T,0.6673,LPath
D718V,0.6527,LPath
D718W,0.9609,LPath
D718Y,0.6627,LPath
E719A,0.1885,LBen
E719C,0.8934,LPath
E719D,0.1048,LBen
E719F,0.8729,LPath
E719G,0.1709,LBen
E719H,0.4713,Amb
E719I,0.6115,LPath
E719K,0.1783,LBen
E719L,0.5783,LPath
E719M,0.5856,LPath
E719N,0.2672,LBen
E719P,0.661,LPath
E719Q,0.1619,LBen
E719R,0.2811,LBen
E719S,0.2108,LBen
E719T,0.2475,LBen
E719V,0.3477,Amb
E719W,0.937,LPath
E719Y,0.7516,LPath
A720C,0.3135,LBen
A720D,0.1149,LBen
A720E,0.1192,LBen
A720F,0.196,LBen
A720G,0.0714,LBen
A720H,0.2302,LBen
A720I,0.1389,LBen
A720K,0.2023,LBen
A720L,0.1127,LBen
A720M,0.1209,LBen
A720N,0.1095,LBen
A720P,0.1145,LBen
A720Q,0.1553,LBen
A720R,0.1864,LBen
A720S,0.0714,LBen
A720T,0.0621,LBen
A720V,0.0788,LBen
A720W,0.3835,Amb
A720Y,0.2583,LBen
Q721A,0.1123,LBen
Q721C,0.3214,LBen
Q721D,0.174,LBen
Q721E,0.0734,LBen
Q721F,0.4501,Amb
Q721G,0.1045,LBen
Q721H,0.1173,LBen
Q721I,0.2799,LBen
Q721K,0.0788,LBen
Q721L,0.1068,LBen
Q721M,0.2602,LBen
Q721N,0.1628,LBen
Q721P,0.0774,LBen
Q721R,0.0709,LBen
Q721S,0.1264,LBen
Q721T,0.1276,LBen
Q721V,0.1737,LBen
Q721W,0.2334,LBen
Q721Y,0.2676,LBen
N722A,0.0948,LBen
N722C,0.1535,LBen
N722D,0.0942,LBen
N722E,0.1911,LBen
N722F,0.2982,LBen
N722G,0.1238,LBen
N722H,0.0761,LBen
N722I,0.1368,LBen
N722K,0.1676,LBen
N722L,0.1429,LBen
N722M,0.1938,LBen
N722P,0.1982,LBen
N722Q,0.1505,LBen
N722R,0.1874,LBen
N722S,0.069,LBen
N722T,0.0769,LBen
N722V,0.126,LBen
N722W,0.44,Amb
N722Y,0.1102,LBen
L723A,0.1705,LBen
L723C,0.4027,Amb
L723D,0.551,Amb
L723E,0.2953,LBen
L723F,0.1133,LBen
L723G,0.3072,LBen
L723H,0.1757,LBen
L723I,0.0935,LBen
L723K,0.215,LBen
L723M,0.0735,LBen
L723N,0.318,LBen
L723P,0.2499,LBen
L723Q,0.1112,LBen
L723R,0.126,LBen
L723S,0.2098,LBen
L723T,0.1834,LBen
L723V,0.0831,LBen
L723W,0.1469,LBen
L723Y,0.2783,LBen
T724A,0.0646,LBen
T724C,0.2084,LBen
T724D,0.1916,LBen
T724E,0.1782,LBen
T724F,0.1522,LBen
T724G,0.1084,LBen
T724H,0.1131,LBen
T724I,0.1241,LBen
T724K,0.1307,LBen
T724L,0.0817,LBen
T724M,0.0852,LBen
T724N,0.0722,LBen
T724P,0.0742,LBen
T724Q,0.116,LBen
T724R,0.1,LBen
T724S,0.0677,LBen
T724V,0.1055,LBen
T724W,0.2701,LBen
T724Y,0.1607,LBen
R725A,0.1207,LBen
R725C,0.1465,LBen
R725D,0.3375,LBen
R725E,0.1735,LBen
R725F,0.3551,Amb
R725G,0.0779,LBen
R725H,0.0987,LBen
R725I,0.1943,LBen
R725K,0.0654,LBen
R725L,0.1326,LBen
R725M,0.1626,LBen
R725N,0.2657,LBen
R725P,0.1821,LBen
R725Q,0.0752,LBen
R725S,0.1742,LBen
R725T,0.1085,LBen
R725V,0.1847,LBen
R725W,0.1126,LBen
R725Y,0.2623,LBen
G726A,0.0885,LBen
G726C,0.1106,LBen
G726D,0.1314,LBen
G726E,0.128,LBen
G726F,0.3481,Amb
G726H,0.1742,LBen
G726I,0.1644,LBen
G726K,0.2176,LBen
G726L,0.2363,LBen
G726M,0.2933,LBen
G726N,0.1379,LBen
G726P,0.3767,Amb
G726Q,0.1705,LBen
G726R,0.1637,LBen
G726S,0.0691,LBen
G726T,0.0971,LBen
G726V,0.1047,LBen
G726W,0.2111,LBen
G726Y,0.2118,LBen
R727A,0.1639,LBen
R727C,0.1026,LBen
R727D,0.3395,LBen
R727E,0.1661,LBen
R727F,0.3391,LBen
R727G,0.0814,LBen
R727H,0.0816,LBen
R727I,0.2256,LBen
R727K,0.0788,LBen
R727L,0.1399,LBen
R727M,0.2148,LBen
R727N,0.2511,LBen
R727P,0.1681,LBen
R727Q,0.0587,LBen
R727S,0.1739,LBen
R727T,0.1318,LBen
R727V,0.2175,LBen
R727W,0.0973,LBen
R727Y,0.2232,LBen
Q728A,0.1773,LBen
Q728C,0.4141,Amb
Q728D,0.3396,LBen
Q728E,0.1117,LBen
Q728F,0.5943,LPath
Q728G,0.15,LBen
Q728H,0.1498,LBen
Q728I,0.376,Amb
Q728K,0.0894,LBen
Q728L,0.1286,LBen
Q728M,0.3357,LBen
Q728N,0.2475,LBen
Q728P,0.0993,LBen
Q728R,0.0812,LBen
Q728S,0.1772,LBen
Q728T,0.1796,LBen
Q728V,0.2409,LBen
Q728W,0.321,LBen
Q728Y,0.3485,Amb
Q729A,0.1439,LBen
Q729C,0.3531,Amb
Q729D,0.3431,Amb
Q729E,0.1111,LBen
Q729F,0.4697,Amb
Q729G,0.1661,LBen
Q729H,0.1343,LBen
Q729I,0.2194,LBen
Q729K,0.0908,LBen
Q729L,0.0811,LBen
Q729M,0.2151,LBen
Q729N,0.2279,LBen
Q729P,0.1067,LBen
Q729R,0.0812,LBen
Q729S,0.181,LBen
Q729T,0.1448,LBen
Q729V,0.1443,LBen
Q729W,0.278,LBen
Q729Y,0.2808,LBen
L730A,0.4388,Amb
L730C,0.5363,Amb
L730D,0.9105,LPath
L730E,0.6249,LPath
L730F,0.2073,LBen
L730G,0.6192,LPath
L730H,0.3521,Amb
L730I,0.1623,LBen
L730K,0.2338,LBen
L730M,0.0924,LBen
L730N,0.6704,LPath
L730P,0.5316,Amb
L730Q,0.1458,LBen
L730R,0.1529,LBen
L730S,0.5636,Amb
L730T,0.4618,Amb
L730V,0.1309,LBen
L730W,0.189,LBen
L730Y,0.3628,Amb
K731A,0.5319,Amb
K731C,0.5672,LPath
K731D,0.9422,LPath
K731E,0.5339,Amb
K731F,0.8195,LPath
K731G,0.7198,LPath
K731H,0.293,LBen
K731I,0.3303,LBen
K731L,0.3768,Amb
K731M,0.3087,LBen
K731N,0.7597,LPath
K731P,0.8829,LPath
K731Q,0.1464,LBen
K731R,0.0682,LBen
K731S,0.6659,LPath
K731T,0.2959,LBen
K731V,0.3005,LBen
K731W,0.7031,LPath
K731Y,0.7101,LPath
W732A,0.993,LPath
W732C,0.9982,LPath
W732D,0.9984,LPath
W732E,0.9979,LPath
W732F,0.9318,LPath
W732G,0.9552,LPath
W732H,0.9958,LPath
W732I,0.992,LPath
W732K,0.998,LPath
W732L,0.982,LPath
W732M,0.993,LPath
W732N,0.9984,LPath
W732P,0.996,LPath
W732Q,0.9987,LPath
W732R,0.997,LPath
W732S,0.9921,LPath
W732T,0.9946,LPath
W732V,0.9901,LPath
W732Y,0.9514,LPath
D733A,0.907,LPath
D733C,0.9632,LPath
D733E,0.8453,LPath
D733F,0.9854,LPath
D733G,0.9442,LPath
D733H,0.9115,LPath
D733I,0.9511,LPath
D733K,0.9795,LPath
D733L,0.94,LPath
D733M,0.9814,LPath
D733N,0.5482,Amb
D733P,0.995,LPath
D733Q,0.9386,LPath
D733R,0.9736,LPath
D733S,0.75,LPath
D733T,0.9673,LPath
D733V,0.8612,LPath
D733W,0.9926,LPath
D733Y,0.8401,LPath
R734A,0.8723,LPath
R734C,0.4043,Amb
R734D,0.974,LPath
R734E,0.8773,LPath
R734F,0.9435,LPath
R734G,0.7196,LPath
R734H,0.3447,Amb
R734I,0.8384,LPath
R734K,0.3188,LBen
R734L,0.754,LPath
R734M,0.8683,LPath
R734N,0.9517,LPath
R734P,0.8004,LPath
R734Q,0.2796,LBen
R734S,0.906,LPath
R734T,0.8237,LPath
R734V,0.8448,LPath
R734W,0.4046,Amb
R734Y,0.8223,LPath
K735A,0.909,LPath
K735C,0.9208,LPath
K735D,0.9858,LPath
K735E,0.8385,LPath
K735F,0.9879,LPath
K735G,0.8985,LPath
K735H,0.7682,LPath
K735I,0.8884,LPath
K735L,0.86,LPath
K735M,0.8107,LPath
K735N,0.9503,LPath
K735P,0.967,LPath
K735Q,0.3894,Amb
K735R,0.098,LBen
K735S,0.9307,LPath
K735T,0.8054,LPath
K735V,0.8509,LPath
K735W,0.9494,LPath
K735Y,0.9531,LPath
K736A,0.7463,LPath
K736C,0.8186,LPath
K736D,0.9591,LPath
K736E,0.6393,LPath
K736F,0.9569,LPath
K736G,0.6931,LPath
K736H,0.5275,Amb
K736I,0.8238,LPath
K736L,0.5701,LPath
K736M,0.5353,Amb
K736N,0.7954,LPath
K736P,0.9608,LPath
K736Q,0.2284,LBen
K736R,0.0677,LBen
K736S,0.8234,LPath
K736T,0.5922,LPath
K736V,0.7726,LPath
K736W,0.8477,LPath
K736Y,0.8437,LPath
K737A,0.9072,LPath
K737C,0.8486,LPath
K737D,0.975,LPath
K737E,0.8803,LPath
K737F,0.9727,LPath
K737G,0.6904,LPath
K737H,0.4759,Amb
K737I,0.9609,LPath
K737L,0.8483,LPath
K737M,0.7412,LPath
K737N,0.8628,LPath
K737P,0.9726,LPath
K737Q,0.4115,Amb
K737R,0.1341,LBen
K737S,0.9113,LPath
K737T,0.9047,LPath
K737V,0.9417,LPath
K737W,0.929,LPath
K737Y,0.855,LPath
R738A,0.6451,LPath
R738C,0.1612,LBen
R738D,0.8956,LPath
R738E,0.768,LPath
R738F,0.7546,LPath
R738G,0.4523,Amb
R738H,0.1467,LBen
R738I,0.4877,Amb
R738K,0.1371,LBen
R738L,0.3608,Amb
R738M,0.5118,Amb
R738N,0.7076,LPath
R738P,0.955,LPath
R738Q,0.1646,LBen
R738S,0.7192,LPath
R738T,0.5675,LPath
R738V,0.5272,Amb
R738W,0.2936,LBen
R738Y,0.4832,Amb
F739A,0.9768,LPath
F739C,0.9431,LPath
F739D,0.9956,LPath
F739E,0.9952,LPath
F739G,0.9885,LPath
F739H,0.9679,LPath
F739I,0.8562,LPath
F739K,0.9883,LPath
F739L,0.9856,LPath
F739M,0.8559,LPath
F739N,0.9842,LPath
F739P,0.9959,LPath
F739Q,0.9846,LPath
F739R,0.9642,LPath
F739S,0.9782,LPath
F739T,0.9879,LPath
F739V,0.8657,LPath
F739W,0.6952,LPath
F739Y,0.2632,LBen
V740A,0.4224,Amb
V740C,0.8915,LPath
V740D,0.9535,LPath
V740E,0.8798,LPath
V740F,0.5858,LPath
V740G,0.6527,LPath
V740H,0.9117,LPath
V740I,0.1141,LBen
V740K,0.7881,LPath
V740L,0.5297,Amb
V740M,0.452,Amb
V740N,0.9015,LPath
V740P,0.9406,LPath
V740Q,0.7452,LPath
V740R,0.6265,LPath
V740S,0.558,Amb
V740T,0.2857,LBen
V740W,0.9549,LPath
V740Y,0.9254,LPath
G741A,0.1389,LBen
G741C,0.196,LBen
G741D,0.4205,Amb
G741E,0.3331,LBen
G741F,0.5206,Amb
G741H,0.2995,LBen
G741I,0.3227,LBen
G741K,0.294,LBen
G741L,0.347,Amb
G741M,0.4584,Amb
G741N,0.3537,Amb
G741P,0.7666,LPath
G741Q,0.2346,LBen
G741R,0.1657,LBen
G741S,0.1113,LBen
G741T,0.1771,LBen
G741V,0.2031,LBen
G741W,0.3098,LBen
G741Y,0.4029,Amb
Q742A,0.1055,LBen
Q742C,0.2721,LBen
Q742D,0.1911,LBen
Q742E,0.0884,LBen
Q742F,0.3651,Amb
Q742G,0.1276,LBen
Q742H,0.104,LBen
Q742I,0.2005,LBen
Q742K,0.0785,LBen
Q742L,0.0832,LBen
Q742M,0.2116,LBen
Q742N,0.1424,LBen
Q742P,0.0847,LBen
Q742R,0.0759,LBen
Q742S,0.111,LBen
Q742T,0.1068,LBen
Q742V,0.1352,LBen
Q742W,0.2411,LBen
Q742Y,0.2248,LBen
S743A,0.0629,LBen
S743C,0.0828,LBen
S743D,0.1885,LBen
S743E,0.25,LBen
S743F,0.1381,LBen
S743G,0.0622,LBen
S743H,0.1722,LBen
S743I,0.1201,LBen
S743K,0.2879,LBen
S743L,0.0828,LBen
S743M,0.1351,LBen
S743N,0.087,LBen
S743P,0.123,LBen
S743Q,0.2367,LBen
S743R,0.2416,LBen
S743T,0.0652,LBen
S743V,0.1139,LBen
S743W,0.1555,LBen
S743Y,0.1197,LBen
G744A,0.133,LBen
G744C,0.1885,LBen
G744D,0.2183,LBen
G744E,0.2104,LBen
G744F,0.4945,Amb
G744H,0.2665,LBen
G744I,0.2378,LBen
G744K,0.2976,LBen
G744L,0.3234,LBen
G744M,0.4048,Amb
G744N,0.2498,LBen
G744P,0.5433,Amb
G744Q,0.21,LBen
G744R,0.1771,LBen
G744S,0.0877,LBen
G744T,0.1505,LBen
G744V,0.164,LBen
G744W,0.2716,LBen
G744Y,0.3897,Amb
Q745A,0.1334,LBen
Q745C,0.4351,Amb
Q745D,0.2457,LBen
Q745E,0.0847,LBen
Q745F,0.5413,Amb
Q745G,0.1372,LBen
Q745H,0.1537,LBen
Q745I,0.2825,LBen
Q745K,0.0766,LBen
Q745L,0.1024,LBen
Q745M,0.2621,LBen
Q745N,0.2155,LBen
Q745P,0.0953,LBen
Q745R,0.077,LBen
Q745S,0.1661,LBen
Q745T,0.1313,LBen
Q745V,0.1884,LBen
Q745W,0.2952,LBen
Q745Y,0.3631,Amb
E746A,0.1077,LBen
E746C,0.7387,LPath
E746D,0.0824,LBen
E746F,0.681,LPath
E746G,0.0913,LBen
E746H,0.3749,Amb
E746I,0.3287,LBen
E746K,0.1441,LBen
E746L,0.2919,LBen
E746M,0.3578,Amb
E746N,0.1944,LBen
E746P,0.3141,LBen
E746Q,0.1301,LBen
E746R,0.2241,LBen
E746S,0.1505,LBen
E746T,0.1605,LBen
E746V,0.172,LBen
E746W,0.7766,LPath
E746Y,0.541,Amb
D747A,0.1267,LBen
D747C,0.4762,Amb
D747E,0.1042,LBen
D747F,0.498,Amb
D747G,0.0816,LBen
D747H,0.2325,LBen
D747I,0.2454,LBen
D747K,0.2439,LBen
D747L,0.2922,LBen
D747M,0.4474,Amb
D747N,0.085,LBen
D747P,0.4017,Amb
D747Q,0.2164,LBen
D747R,0.2812,LBen
D747S,0.1051,LBen
D747T,0.1608,LBen
D747V,0.1482,LBen
D747W,0.738,LPath
D747Y,0.1948,LBen
K748A,0.3476,Amb
K748C,0.6503,LPath
K748D,0.6111,LPath
K748E,0.2279,LBen
K748F,0.8482,LPath
K748G,0.3244,LBen
K748H,0.3677,Amb
K748I,0.4554,Amb
K748L,0.4481,Amb
K748M,0.338,LBen
K748N,0.476,Amb
K748P,0.5414,Amb
K748Q,0.1351,LBen
K748R,0.0778,LBen
K748S,0.4117,Amb
K748T,0.2061,LBen
K748V,0.397,Amb
K748W,0.7076,LPath
K748Y,0.7076,LPath
K749A,0.6387,LPath
K749C,0.837,LPath
K749D,0.8482,LPath
K749E,0.5147,Amb
K749F,0.9409,LPath
K749G,0.486,Amb
K749H,0.5129,Amb
K749I,0.7298,LPath
K749L,0.6434,LPath
K749M,0.5153,Amb
K749N,0.6581,LPath
K749P,0.7296,LPath
K749Q,0.2433,LBen
K749R,0.0939,LBen
K749S,0.6872,LPath
K749T,0.453,Amb
K749V,0.6619,LPath
K749W,0.848,LPath
K749Y,0.8125,LPath
K750A,0.7412,LPath
K750C,0.8155,LPath
K750D,0.9229,LPath
K750E,0.6599,LPath
K750F,0.8411,LPath
K750G,0.7627,LPath
K750H,0.4974,Amb
K750I,0.5579,Amb
K750L,0.4733,Amb
K750M,0.2808,LBen
K750N,0.7425,LPath
K750P,0.8791,LPath
K750Q,0.2849,LBen
K750R,0.0895,LBen
K750S,0.8139,LPath
K750T,0.4954,Amb
K750V,0.5404,Amb
K750W,0.7132,LPath
K750Y,0.6154,LPath
I751A,0.8566,LPath
I751C,0.8764,LPath
I751D,0.9723,LPath
I751E,0.8976,LPath
I751F,0.3222,LBen
I751G,0.9296,LPath
I751H,0.8477,LPath
I751K,0.7181,LPath
I751L,0.2199,LBen
I751M,0.1396,LBen
I751N,0.7567,LPath
I751P,0.9636,LPath
I751Q,0.7728,LPath
I751R,0.633,LPath
I751S,0.8349,LPath
I751T,0.7811,LPath
I751V,0.1191,LBen
I751W,0.8081,LPath
I751Y,0.6886,LPath
K752A,0.7637,LPath
K752C,0.7232,LPath
K752D,0.9858,LPath
K752E,0.7086,LPath
K752F,0.9198,LPath
K752G,0.9113,LPath
K752H,0.5897,LPath
K752I,0.5276,Amb
K752L,0.535,Amb
K752M,0.4227,Amb
K752N,0.9433,LPath
K752P,0.898,LPath
K752Q,0.2757,LBen
K752R,0.0668,LBen
K752S,0.9083,LPath
K752T,0.5439,Amb
K752V,0.4714,Amb
K752W,0.8318,LPath
K752Y,0.8596,LPath
T753A,0.489,Amb
T753C,0.9364,LPath
T753D,0.7834,LPath
T753E,0.9002,LPath
T753F,0.9128,LPath
T753G,0.5578,Amb
T753H,0.8873,LPath
T753I,0.8675,LPath
T753K,0.836,LPath
T753L,0.4439,Amb
T753M,0.2681,LBen
T753N,0.3902,Amb
T753P,0.851,LPath
T753Q,0.859,LPath
T753R,0.8462,LPath
T753S,0.4416,Amb
T753V,0.7567,LPath
T753W,0.945,LPath
T753Y,0.8961,LPath
E754A,0.6229,LPath
E754C,0.9899,LPath
E754D,0.4727,Amb
E754F,0.992,LPath
E754G,0.6722,LPath
E754H,0.9538,LPath
E754I,0.9471,LPath
E754K,0.7391,LPath
E754L,0.959,LPath
E754M,0.961,LPath
E754N,0.8814,LPath
E754P,0.9227,LPath
E754Q,0.5947,LPath
E754R,0.7989,LPath
E754S,0.7173,LPath
E754T,0.853,LPath
E754V,0.8361,LPath
E754W,0.9962,LPath
E754Y,0.9815,LPath
S755A,0.1769,LBen
S755C,0.2716,LBen
S755D,0.554,Amb
S755E,0.8438,LPath
S755F,0.5936,LPath
S755G,0.1224,LBen
S755H,0.655,LPath
S755I,0.6211,LPath
S755K,0.9415,LPath
S755L,0.3414,Amb
S755M,0.452,Amb
S755N,0.238,LBen
S755P,0.9396,LPath
S755Q,0.8465,LPath
S755R,0.9139,LPath
S755T,0.1616,LBen
S755V,0.6208,LPath
S755W,0.6123,LPath
S755Y,0.4829,Amb
G756A,0.7855,LPath
G756C,0.7881,LPath
G756D,0.8722,LPath
G756E,0.9184,LPath
G756F,0.9822,LPath
G756H,0.9211,LPath
G756I,0.9736,LPath
G756K,0.9245,LPath
G756L,0.956,LPath
G756M,0.9682,LPath
G756N,0.83,LPath
G756P,0.9921,LPath
G756Q,0.8613,LPath
G756R,0.8227,LPath
G756S,0.4597,Amb
G756T,0.8771,LPath
G756V,0.9412,LPath
G756W,0.9297,LPath
G756Y,0.9603,LPath
R757A,0.1974,LBen
R757C,0.0979,LBen
R757D,0.5381,Amb
R757E,0.3209,LBen
R757F,0.3881,Amb
R757G,0.1568,LBen
R757H,0.0784,LBen
R757I,0.1963,LBen
R757K,0.0988,LBen
R757L,0.1712,LBen
R757M,0.2383,LBen
R757N,0.3204,LBen
R757P,0.7812,LPath
R757Q,0.0796,LBen
R757S,0.2265,LBen
R757T,0.147,LBen
R757V,0.2291,LBen
R757W,0.1633,LBen
R757Y,0.2593,LBen
Y758A,0.5066,Amb
Y758C,0.134,LBen
Y758D,0.5858,LPath
Y758E,0.7961,LPath
Y758F,0.0933,LBen
Y758G,0.5445,Amb
Y758H,0.2566,LBen
Y758I,0.3523,Amb
Y758K,0.6239,LPath
Y758L,0.3153,LBen
Y758M,0.4744,Amb
Y758N,0.3084,LBen
Y758P,0.7647,LPath
Y758Q,0.5643,LPath
Y758R,0.4412,Amb
Y758S,0.3377,LBen
Y758T,0.4825,Amb
Y758V,0.2471,LBen
Y758W,0.3066,LBen
I759A,0.9132,LPath
I759C,0.9464,LPath
I759D,0.9955,LPath
I759E,0.9893,LPath
I759F,0.4608,Amb
I759G,0.9809,LPath
I759H,0.9594,LPath
I759K,0.9577,LPath
I759L,0.2034,LBen
I759M,0.3965,Amb
I759N,0.9645,LPath
I759P,0.9699,LPath
I759Q,0.9607,LPath
I759R,0.8977,LPath
I759S,0.9296,LPath
I759T,0.9148,LPath
I759V,0.1348,LBen
I759W,0.9484,LPath
I759Y,0.8806,LPath
S760A,0.1007,LBen
S760C,0.1187,LBen
S760D,0.4868,Amb
S760E,0.7249,LPath
S760F,0.3781,Amb
S760G,0.1026,LBen
S760H,0.3139,LBen
S760I,0.3037,LBen
S760K,0.6782,LPath
S760L,0.1918,LBen
S760M,0.371,Amb
S760N,0.1587,LBen
S760P,0.1401,LBen
S760Q,0.5159,Amb
S760R,0.5524,Amb
S760T,0.1255,LBen
S760V,0.2847,LBen
S760W,0.4618,Amb
S760Y,0.3048,LBen
S761A,0.08,LBen
S761C,0.1242,LBen
S761D,0.6174,LPath
S761E,0.7496,LPath
S761F,0.4432,Amb
S761G,0.0699,LBen
S761H,0.4033,Amb
S761I,0.2763,LBen
S761K,0.6285,LPath
S761L,0.2069,LBen
S761M,0.369,Amb
S761N,0.2011,LBen
S761P,0.3078,LBen
S761Q,0.5303,Amb
S761R,0.5083,Amb
S761T,0.1299,LBen
S761V,0.2561,LBen
S761W,0.5123,Amb
S761Y,0.3473,Amb
S762A,0.1885,LBen
S762C,0.4026,Amb
S762D,0.8143,LPath
S762E,0.9142,LPath
S762F,0.6693,LPath
S762G,0.1595,LBen
S762H,0.657,LPath
S762I,0.6464,LPath
S762K,0.8874,LPath
S762L,0.3682,Amb
S762M,0.6014,LPath
S762N,0.456,Amb
S762P,0.7023,LPath
S762Q,0.8135,LPath
S762R,0.8467,LPath
S762T,0.0937,LBen
S762V,0.5186,Amb
S762W,0.7176,LPath
S762Y,0.5729,LPath
Y763A,0.8144,LPath
Y763C,0.3294,LBen
Y763D,0.7969,LPath
Y763E,0.9474,LPath
Y763F,0.1593,LBen
Y763G,0.7355,LPath
Y763H,0.6192,LPath
Y763I,0.8293,LPath
Y763K,0.8989,LPath
Y763L,0.6126,LPath
Y763M,0.7987,LPath
Y763N,0.6717,LPath
Y763P,0.944,LPath
Y763Q,0.8567,LPath
Y763R,0.7761,LPath
Y763S,0.5749,LPath
Y763T,0.8137,LPath
Y763V,0.653,LPath
Y763W,0.3881,Amb
K764A,0.8398,LPath
K764C,0.8733,LPath
K764D,0.9622,LPath
K764E,0.677,LPath
K764F,0.9781,LPath
K764G,0.8365,LPath
K764H,0.5561,Amb
K764I,0.8711,LPath
K764L,0.8025,LPath
K764M,0.7738,LPath
K764N,0.9051,LPath
K764P,0.9368,LPath
K764Q,0.2238,LBen
K764R,0.0868,LBen
K764S,0.8407,LPath
K764T,0.6581,LPath
K764V,0.8048,LPath
K764W,0.9242,LPath
K764Y,0.9237,LPath
R765A,0.2075,LBen
R765C,0.1639,LBen
R765D,0.4276,Amb
R765E,0.2417,LBen
R765F,0.6066,LPath
R765G,0.0896,LBen
R765H,0.0925,LBen
R765I,0.4012,Amb
R765K,0.0761,LBen
R765L,0.2205,LBen
R765M,0.2523,LBen
R765N,0.2735,LBen
R765P,0.4472,Amb
R765Q,0.0747,LBen
R765S,0.2001,LBen
R765T,0.1163,LBen
R765V,0.3715,Amb
R765W,0.1697,LBen
R765Y,0.3796,Amb
D766A,0.2494,LBen
D766C,0.6639,LPath
D766E,0.2445,LBen
D766F,0.6707,LPath
D766G,0.1499,LBen
D766H,0.3019,LBen
D766I,0.5524,Amb
D766K,0.48,Amb
D766L,0.4992,Amb
D766M,0.7073,LPath
D766N,0.0945,LBen
D766P,0.7277,LPath
D766Q,0.3812,Amb
D766R,0.4853,Amb
D766S,0.1537,LBen
D766T,0.3535,Amb
D766V,0.3388,LBen
D766W,0.8843,LPath
D766Y,0.2661,LBen
L767A,0.2807,LBen
L767C,0.5011,Amb
L767D,0.7324,LPath
L767E,0.5238,Amb
L767F,0.151,LBen
L767G,0.5767,LPath
L767H,0.2588,LBen
L767I,0.0866,LBen
L767K,0.4023,Amb
L767M,0.1403,LBen
L767N,0.4664,Amb
L767P,0.5532,Amb
L767Q,0.2137,LBen
L767R,0.184,LBen
L767S,0.3608,Amb
L767T,0.2791,LBen
L767V,0.092,LBen
L767W,0.2237,LBen
L767Y,0.3738,Amb
Y768A,0.9864,LPath
Y768C,0.9178,LPath
Y768D,0.9848,LPath
Y768E,0.9944,LPath
Y768F,0.429,Amb
Y768G,0.9617,LPath
Y768H,0.9305,LPath
Y768I,0.9787,LPath
Y768K,0.9921,LPath
Y768L,0.8802,LPath
Y768M,0.9866,LPath
Y768N,0.9695,LPath
Y768P,0.9777,LPath
Y768Q,0.9893,LPath
Y768R,0.9706,LPath
Y768S,0.9561,LPath
Y768T,0.9922,LPath
Y768V,0.9588,LPath
Y768W,0.8043,LPath
Q769A,0.1658,LBen
Q769C,0.5551,Amb
Q769D,0.3087,LBen
Q769E,0.0827,LBen
Q769F,0.6957,LPath
Q769G,0.1743,LBen
Q769H,0.1792,LBen
Q769I,0.4102,Amb
Q769K,0.0825,LBen
Q769L,0.1337,LBen
Q769M,0.3601,Amb
Q769N,0.264,LBen
Q769P,0.1855,LBen
Q769R,0.0855,LBen
Q769S,0.204,LBen
Q769T,0.1853,LBen
Q769V,0.2489,LBen
Q769W,0.4179,Amb
Q769Y,0.4575,Amb
K770A,0.2825,LBen
K770C,0.661,LPath
K770D,0.4857,Amb
K770E,0.1685,LBen
K770F,0.7929,LPath
K770G,0.4245,Amb
K770H,0.2777,LBen
K770I,0.3632,Amb
K770L,0.3128,LBen
K770M,0.2192,LBen
K770N,0.3425,Amb
K770P,0.827,LPath
K770Q,0.0975,LBen
K770R,0.0872,LBen
K770S,0.3667,Amb
K770T,0.1725,LBen
K770V,0.3295,LBen
K770W,0.7181,LPath
K770Y,0.6149,LPath
W771A,0.9896,LPath
W771C,0.9961,LPath
W771D,0.9967,LPath
W771E,0.9948,LPath
W771F,0.8309,LPath
W771G,0.9456,LPath
W771H,0.9869,LPath
W771I,0.9856,LPath
W771K,0.9973,LPath
W771L,0.9625,LPath
W771M,0.9867,LPath
W771N,0.9951,LPath
W771P,0.9991,LPath
W771Q,0.9966,LPath
W771R,0.9954,LPath
W771S,0.9844,LPath
W771T,0.9926,LPath
W771V,0.9857,LPath
W771Y,0.8743,LPath
K772A,0.7789,LPath
K772C,0.7168,LPath
K772D,0.9901,LPath
K772E,0.6212,LPath
K772F,0.9639,LPath
K772G,0.9122,LPath
K772H,0.72,LPath
K772I,0.4964,Amb
K772L,0.3856,Amb
K772M,0.3183,LBen
K772N,0.9371,LPath
K772P,0.9898,LPath
K772Q,0.1779,LBen
K772R,0.11,LBen
K772S,0.8941,LPath
K772T,0.599,LPath
K772V,0.4729,Amb
K772W,0.9212,LPath
K772Y,0.9035,LPath
Q773A,0.1984,LBen
Q773C,0.558,Amb
Q773D,0.4181,Amb
Q773E,0.0895,LBen
Q773F,0.7346,LPath
Q773G,0.2296,LBen
Q773H,0.2367,LBen
Q773I,0.4058,Amb
Q773K,0.0781,LBen
Q773L,0.1278,LBen
Q773M,0.3359,LBen
Q773N,0.3083,LBen
Q773P,0.4792,Amb
Q773R,0.0926,LBen
Q773S,0.2909,LBen
Q773T,0.2412,LBen
Q773V,0.2749,LBen
Q773W,0.4684,Amb
Q773Y,0.4803,Amb
K774A,0.501,Amb
K774C,0.7624,LPath
K774D,0.7729,LPath
K774E,0.3219,LBen
K774F,0.9002,LPath
K774G,0.568,LPath
K774H,0.3443,Amb
K774I,0.5884,LPath
K774L,0.5061,Amb
K774M,0.3586,Amb
K774N,0.5724,LPath
K774P,0.93,LPath
K774Q,0.1265,LBen
K774R,0.0843,LBen
K774S,0.5653,LPath
K774T,0.333,LBen
K774V,0.5723,LPath
K774W,0.7937,LPath
K774Y,0.7366,LPath
Q775A,0.3241,LBen
Q775C,0.4936,Amb
Q775D,0.6503,LPath
Q775E,0.1203,LBen
Q775F,0.6775,LPath
Q775G,0.2906,LBen
Q775H,0.1726,LBen
Q775I,0.5502,Amb
Q775K,0.1628,LBen
Q775L,0.1721,LBen
Q775M,0.3796,Amb
Q775N,0.2029,LBen
Q775P,0.5849,LPath
Q775R,0.1295,LBen
Q775S,0.3082,LBen
Q775T,0.2945,LBen
Q775V,0.3557,Amb
Q775W,0.4451,Amb
Q775Y,0.3004,LBen
K776A,0.5251,Amb
K776C,0.6933,LPath
K776D,0.6755,LPath
K776E,0.3503,Amb
K776F,0.8735,LPath
K776G,0.4259,Amb
K776H,0.2407,LBen
K776I,0.6189,LPath
K776L,0.5386,Amb
K776M,0.3492,Amb
K776N,0.429,Amb
K776P,0.831,LPath
K776Q,0.1667,LBen
K776R,0.0791,LBen
K776S,0.6077,LPath
K776T,0.4072,Amb
K776V,0.568,LPath
K776W,0.7664,LPath
K776Y,0.653,LPath
I777A,0.1715,LBen
I777C,0.682,LPath
I777D,0.621,LPath
I777E,0.4749,Amb
I777F,0.1454,LBen
I777G,0.4935,Amb
I777H,0.5102,Amb
I777K,0.422,Amb
I777L,0.1143,LBen
I777M,0.0691,LBen
I777N,0.2942,LBen
I777P,0.5946,LPath
I777Q,0.4035,Amb
I777R,0.2884,LBen
I777S,0.2431,LBen
I777T,0.1137,LBen
I777V,0.0843,LBen
I777W,0.5397,Amb
I777Y,0.4674,Amb
D778A,0.0999,LBen
D778C,0.3323,LBen
D778E,0.1043,LBen
D778F,0.3777,Amb
D778G,0.083,LBen
D778H,0.1564,LBen
D778I,0.2381,LBen
D778K,0.2167,LBen
D778L,0.2275,LBen
D778M,0.4068,Amb
D778N,0.093,LBen
D778P,0.351,Amb
D778Q,0.1794,LBen
D778R,0.1879,LBen
D778S,0.0793,LBen
D778T,0.139,LBen
D778V,0.146,LBen
D778W,0.5827,LPath
D778Y,0.1579,LBen
D779A,0.1278,LBen
D779C,0.3603,Amb
D779E,0.1082,LBen
D779F,0.3473,Amb
D779G,0.1051,LBen
D779H,0.1743,LBen
D779I,0.2373,LBen
D779K,0.2769,LBen
D779L,0.2494,LBen
D779M,0.439,Amb
D779N,0.1039,LBen
D779P,0.432,Amb
D779Q,0.2023,LBen
D779R,0.2354,LBen
D779S,0.0975,LBen
D779T,0.1675,LBen
D779V,0.1503,LBen
D779W,0.6345,LPath
D779Y,0.1417,LBen
R780A,0.1388,LBen
R780C,0.1165,LBen
R780D,0.2012,LBen
R780E,0.1454,LBen
R780F,0.2911,LBen
R780G,0.0792,LBen
R780H,0.0783,LBen
R780I,0.1749,LBen
R780K,0.099,LBen
R780L,0.1339,LBen
R780M,0.2028,LBen
R780N,0.2521,LBen
R780P,0.1761,LBen
R780Q,0.0768,LBen
R780S,0.1804,LBen
R780T,0.1174,LBen
R780V,0.1873,LBen
R780W,0.0946,LBen
R780Y,0.1965,LBen
D781A,0.1161,LBen
D781C,0.3366,LBen
D781E,0.1259,LBen
D781F,0.2826,LBen
D781G,0.0941,LBen
D781H,0.1732,LBen
D781I,0.1824,LBen
D781K,0.2811,LBen
D781L,0.2033,LBen
D781M,0.3981,Amb
D781N,0.1012,LBen
D781P,0.3392,LBen
D781Q,0.2187,LBen
D781R,0.2435,LBen
D781S,0.1005,LBen
D781T,0.1642,LBen
D781V,0.116,LBen
D781W,0.5653,LPath
D781Y,0.1172,LBen
S782A,0.0692,LBen
S782C,0.101,LBen
S782D,0.168,LBen
S782E,0.2402,LBen
S782F,0.1499,LBen
S782G,0.0661,LBen
S782H,0.2535,LBen
S782I,0.1553,LBen
S782K,0.4655,Amb
S782L,0.0986,LBen
S782M,0.1926,LBen
S782N,0.1344,LBen
S782P,0.1103,LBen
S782Q,0.3534,Amb
S782R,0.358,Amb
S782T,0.0783,LBen
S782V,0.1367,LBen
S782W,0.1709,LBen
S782Y,0.1407,LBen
D783A,0.089,LBen
D783C,0.2897,LBen
D783E,0.0538,LBen
D783F,0.3459,Amb
D783G,0.0742,LBen
D783H,0.154,LBen
D783I,0.2174,LBen
D783K,0.1401,LBen
D783L,0.1682,LBen
D783M,0.2981,LBen
D783N,0.0973,LBen
D783P,0.2363,LBen
D783Q,0.1151,LBen
D783R,0.1423,LBen
D783S,0.0839,LBen
D783T,0.1267,LBen
D783V,0.1213,LBen
D783W,0.4805,Amb
D783Y,0.163,LBen
E784A,0.1009,LBen
E784C,0.4888,Amb
E784D,0.0789,LBen
E784F,0.4543,Amb
E784G,0.0839,LBen
E784H,0.21,LBen
E784I,0.2222,LBen
E784K,0.0939,LBen
E784L,0.2064,LBen
E784M,0.2582,LBen
E784N,0.1575,LBen
E784P,0.3084,LBen
E784Q,0.1003,LBen
E784R,0.1193,LBen
E784S,0.1191,LBen
E784T,0.1195,LBen
E784V,0.1392,LBen
E784W,0.5088,Amb
E784Y,0.3274,LBen
E785A,0.0915,LBen
E785C,0.568,LPath
E785D,0.0668,LBen
E785F,0.446,Amb
E785G,0.0869,LBen
E785H,0.2725,LBen
E785I,0.2178,LBen
E785K,0.1343,LBen
E785L,0.228,LBen
E785M,0.2929,LBen
E785N,0.1427,LBen
E785P,0.2645,LBen
E785Q,0.1298,LBen
E785R,0.1849,LBen
E785S,0.1226,LBen
E785T,0.125,LBen
E785V,0.1366,LBen
E785W,0.6077,LPath
E785Y,0.3274,LBen
G786A,0.0641,LBen
G786C,0.1262,LBen
G786D,0.0784,LBen
G786E,0.0762,LBen
G786F,0.2058,LBen
G786H,0.1572,LBen
G786I,0.1058,LBen
G786K,0.1628,LBen
G786L,0.1458,LBen
G786M,0.1631,LBen
G786N,0.1172,LBen
G786P,0.2227,LBen
G786Q,0.1414,LBen
G786R,0.1337,LBen
G786S,0.0744,LBen
G786T,0.0714,LBen
G786V,0.0732,LBen
G786W,0.1549,LBen
G786Y,0.1552,LBen
A787C,0.1544,LBen
A787D,0.0819,LBen
A787E,0.0843,LBen
A787F,0.1081,LBen
A787G,0.0665,LBen
A787H,0.1252,LBen
A787I,0.0902,LBen
A787K,0.1142,LBen
A787L,0.0738,LBen
A787M,0.1051,LBen
A787N,0.0903,LBen
A787P,0.056,LBen
A787Q,0.1011,LBen
A787R,0.0973,LBen
A787S,0.0674,LBen
A787T,0.0614,LBen
A787V,0.0696,LBen
A787W,0.1834,LBen
A787Y,0.1323,LBen
S788A,0.0546,LBen
S788C,0.0802,LBen
S788D,0.119,LBen
S788E,0.1445,LBen
S788F,0.0785,LBen
S788G,0.0609,LBen
S788H,0.1323,LBen
S788I,0.0941,LBen
S788K,0.2004,LBen
S788L,0.0788,LBen
S788M,0.1318,LBen
S788N,0.0903,LBen
S788P,0.0689,LBen
S788Q,0.1727,LBen
S788R,0.1479,LBen
S788T,0.0653,LBen
S788V,0.0868,LBen
S788W,0.1027,LBen
S788Y,0.0877,LBen
D789A,0.0718,LBen
D789C,0.1818,LBen
D789E,0.0674,LBen
D789F,0.1836,LBen
D789G,0.0639,LBen
D789H,0.0884,LBen
D789I,0.1318,LBen
D789K,0.1197,LBen
D789L,0.1185,LBen
D789M,0.2499,LBen
D789N,0.0757,LBen
D789P,0.1348,LBen
D789Q,0.0919,LBen
D789R,0.0947,LBen
D789S,0.0648,LBen
D789T,0.0973,LBen
D789V,0.0879,LBen
D789W,0.3065,LBen
D789Y,0.0918,LBen
R790A,0.0972,LBen
R790C,0.0938,LBen
R790D,0.1416,LBen
R790E,0.1074,LBen
R790F,0.1687,LBen
R790G,0.0645,LBen
R790H,0.0737,LBen
R790I,0.1194,LBen
R790K,0.0848,LBen
R790L,0.0924,LBen
R790M,0.1529,LBen
R790N,0.1597,LBen
R790P,0.0906,LBen
R790Q,0.0685,LBen
R790S,0.1129,LBen
R790T,0.0934,LBen
R790V,0.1195,LBen
R790W,0.0784,LBen
R790Y,0.1291,LBen
R791A,0.0967,LBen
R791C,0.128,LBen
R791D,0.171,LBen
R791E,0.1207,LBen
R791F,0.2047,LBen
R791G,0.0616,LBen
R791H,0.0884,LBen
R791I,0.137,LBen
R791K,0.0834,LBen
R791L,0.0978,LBen
R791M,0.1526,LBen
R791N,0.1926,LBen
R791P,0.0937,LBen
R791Q,0.0759,LBen
R791S,0.1303,LBen
R791T,0.096,LBen
R791V,0.1319,LBen
R791W,0.0872,LBen
R791Y,0.1677,LBen
G792A,0.0876,LBen
G792C,0.1373,LBen
G792D,0.1067,LBen
G792E,0.0975,LBen
G792F,0.194,LBen
G792H,0.1499,LBen
G792I,0.1159,LBen
G792K,0.1574,LBen
G792L,0.1442,LBen
G792M,0.2092,LBen
G792N,0.155,LBen
G792P,0.2128,LBen
G792Q,0.1414,LBen
G792R,0.1193,LBen
G792S,0.0884,LBen
G792T,0.1017,LBen
G792V,0.0853,LBen
G792W,0.1396,LBen
G792Y,0.1556,LBen
P793A,0.0609,LBen
P793C,0.2162,LBen
P793D,0.1734,LBen
P793E,0.1201,LBen
P793F,0.1645,LBen
P793G,0.1001,LBen
P793H,0.0929,LBen
P793I,0.1567,LBen
P793K,0.1132,LBen
P793L,0.0776,LBen
P793M,0.1618,LBen
P793N,0.1567,LBen
P793Q,0.0782,LBen
P793R,0.0647,LBen
P793S,0.0741,LBen
P793T,0.0674,LBen
P793V,0.111,LBen
P793W,0.1651,LBen
P793Y,0.1835,LBen
E794A,0.0675,LBen
E794C,0.3815,Amb
E794D,0.0881,LBen
E794F,0.2772,LBen
E794G,0.0613,LBen
E794H,0.1496,LBen
E794I,0.1628,LBen
E794K,0.0821,LBen
E794L,0.1286,LBen
E794M,0.2117,LBen
E794N,0.1381,LBen
E794P,0.1094,LBen
E794Q,0.068,LBen
E794R,0.082,LBen
E794S,0.0883,LBen
E794T,0.102,LBen
E794V,0.0942,LBen
E794W,0.329,LBen
E794Y,0.2412,LBen
R795A,0.1201,LBen
R795C,0.1147,LBen
R795D,0.2151,LBen
R795E,0.1469,LBen
R795F,0.2026,LBen
R795G,0.0688,LBen
R795H,0.0831,LBen
R795I,0.1431,LBen
R795K,0.088,LBen
R795L,0.1009,LBen
R795M,0.1622,LBen
R795N,0.2054,LBen
R795P,0.1003,LBen
R795Q,0.075,LBen
R795S,0.1555,LBen
R795T,0.1147,LBen
R795V,0.1449,LBen
R795W,0.0838,LBen
R795Y,0.1561,LBen
R796A,0.1342,LBen
R796C,0.1467,LBen
R796D,0.2578,LBen
R796E,0.1699,LBen
R796F,0.238,LBen
R796G,0.0757,LBen
R796H,0.0953,LBen
R796I,0.168,LBen
R796K,0.0977,LBen
R796L,0.1235,LBen
R796M,0.1885,LBen
R796N,0.266,LBen
R796P,0.1138,LBen
R796Q,0.0887,LBen
R796S,0.1852,LBen
R796T,0.1219,LBen
R796V,0.1777,LBen
R796W,0.0891,LBen
R796Y,0.2072,LBen
G797A,0.0714,LBen
G797C,0.1103,LBen
G797D,0.0968,LBen
G797E,0.1045,LBen
G797F,0.1974,LBen
G797H,0.1239,LBen
G797I,0.1298,LBen
G797K,0.1352,LBen
G797L,0.1478,LBen
G797M,0.2038,LBen
G797N,0.1286,LBen
G797P,0.1733,LBen
G797Q,0.1247,LBen
G797R,0.087,LBen
G797S,0.0756,LBen
G797T,0.0844,LBen
G797V,0.0897,LBen
G797W,0.1159,LBen
G797Y,0.1378,LBen
G798A,0.1048,LBen
G798C,0.1418,LBen
G798D,0.1299,LBen
G798E,0.1084,LBen
G798F,0.2263,LBen
G798H,0.1456,LBen
G798I,0.1568,LBen
G798K,0.1199,LBen
G798L,0.1739,LBen
G798M,0.2264,LBen
G798N,0.1744,LBen
G798P,0.2507,LBen
G798Q,0.1114,LBen
G798R,0.0785,LBen
G798S,0.1001,LBen
G798T,0.1162,LBen
G798V,0.116,LBen
G798W,0.0875,LBen
G798Y,0.1763,LBen
K799A,0.2122,LBen
K799C,0.4425,Amb
K799D,0.3713,Amb
K799E,0.1546,LBen
K799F,0.463,Amb
K799G,0.1572,LBen
K799H,0.2119,LBen
K799I,0.2743,LBen
K799L,0.238,LBen
K799M,0.2183,LBen
K799N,0.2861,LBen
K799P,0.2449,LBen
K799Q,0.1047,LBen
K799R,0.0608,LBen
K799S,0.2483,LBen
K799T,0.1725,LBen
K799V,0.2596,LBen
K799W,0.3548,Amb
K799Y,0.3818,Amb
R800A,0.1263,LBen
R800C,0.1408,LBen
R800D,0.2407,LBen
R800E,0.1695,LBen
R800F,0.2489,LBen
R800G,0.0685,LBen
R800H,0.0869,LBen
R800I,0.1729,LBen
R800K,0.0917,LBen
R800L,0.1296,LBen
R800M,0.1846,LBen
R800N,0.2231,LBen
R800P,0.113,LBen
R800Q,0.0873,LBen
R800S,0.1739,LBen
R800T,0.1153,LBen
R800V,0.1748,LBen
R800W,0.0849,LBen
R800Y,0.1789,LBen
D801A,0.073,LBen
D801C,0.1557,LBen
D801E,0.0854,LBen
D801F,0.1908,LBen
D801G,0.044,LBen
D801H,0.0903,LBen
D801I,0.1413,LBen
D801K,0.1282,LBen
D801L,0.1293,LBen
D801M,0.2699,LBen
D801N,0.0845,LBen
D801P,0.1382,LBen
D801Q,0.1039,LBen
D801R,0.0866,LBen
D801S,0.0691,LBen
D801T,0.1076,LBen
D801V,0.0909,LBen
D801W,0.2208,LBen
D801Y,0.0842,LBen
R802A,0.1262,LBen
R802C,0.1281,LBen
R802D,0.2442,LBen
R802E,0.1823,LBen
R802F,0.2549,LBen
R802G,0.074,LBen
R802H,0.0842,LBen
R802I,0.1721,LBen
R802K,0.1046,LBen
R802L,0.1347,LBen
R802M,0.2112,LBen
R802N,0.2524,LBen
R802P,0.1247,LBen
R802Q,0.0895,LBen
R802S,0.173,LBen
R802T,0.1212,LBen
R802V,0.1763,LBen
R802W,0.0969,LBen
R802Y,0.2024,LBen
G803A,0.0867,LBen
G803C,0.1119,LBen
G803D,0.1134,LBen
G803E,0.1244,LBen
G803F,0.2145,LBen
G803H,0.1307,LBen
G803I,0.1388,LBen
G803K,0.1564,LBen
G803L,0.1643,LBen
G803M,0.2485,LBen
G803N,0.1481,LBen
G803P,0.1978,LBen
G803Q,0.1391,LBen
G803R,0.0978,LBen
G803S,0.0769,LBen
G803T,0.0998,LBen
G803V,0.0965,LBen
G803W,0.1338,LBen
G803Y,0.1528,LBen
Q804A,0.0888,LBen
Q804C,0.2405,LBen
Q804D,0.1721,LBen
Q804E,0.0825,LBen
Q804F,0.3033,LBen
Q804G,0.0859,LBen
Q804H,0.0906,LBen
Q804I,0.21,LBen
Q804K,0.0771,LBen
Q804L,0.0932,LBen
Q804M,0.246,LBen
Q804N,0.1594,LBen
Q804P,0.055,LBen
Q804R,0.0534,LBen
Q804S,0.1029,LBen
Q804T,0.1055,LBen
Q804V,0.1404,LBen
Q804W,0.1489,LBen
Q804Y,0.19,LBen
G805A,0.0741,LBen
G805C,0.143,LBen
G805D,0.1014,LBen
G805E,0.1032,LBen
G805F,0.242,LBen
G805H,0.1487,LBen
G805I,0.1513,LBen
G805K,0.1533,LBen
G805L,0.1755,LBen
G805M,0.2231,LBen
G805N,0.1495,LBen
G805P,0.1977,LBen
G805Q,0.1466,LBen
G805R,0.108,LBen
G805S,0.0885,LBen
G805T,0.0914,LBen
G805V,0.0915,LBen
G805W,0.1513,LBen
G805Y,0.1741,LBen
A806C,0.2007,LBen
A806D,0.1085,LBen
A806E,0.1142,LBen
A806F,0.1215,LBen
A806G,0.0689,LBen
A806H,0.1434,LBen
A806I,0.1066,LBen
A806K,0.1357,LBen
A806L,0.0827,LBen
A806M,0.1167,LBen
A806N,0.1155,LBen
A806P,0.0658,LBen
A806Q,0.116,LBen
A806R,0.1,LBen
A806S,0.0735,LBen
A806T,0.0668,LBen
A806V,0.0722,LBen
A806W,0.209,LBen
A806Y,0.1648,LBen
S807A,0.0648,LBen
S807C,0.091,LBen
S807D,0.2063,LBen
S807E,0.2362,LBen
S807F,0.1,LBen
S807G,0.0689,LBen
S807H,0.1527,LBen
S807I,0.128,LBen
S807K,0.269,LBen
S807L,0.0898,LBen
S807M,0.1903,LBen
S807N,0.1204,LBen
S807P,0.0625,LBen
S807Q,0.197,LBen
S807R,0.1638,LBen
S807T,0.0859,LBen
S807V,0.1091,LBen
S807W,0.1071,LBen
S807Y,0.1084,LBen
R808A,0.1019,LBen
R808C,0.0947,LBen
R808D,0.2094,LBen
R808E,0.1386,LBen
R808F,0.1866,LBen
R808G,0.0671,LBen
R808H,0.0732,LBen
R808I,0.1351,LBen
R808K,0.0965,LBen
R808L,0.0826,LBen
R808M,0.1658,LBen
R808N,0.1854,LBen
R808P,0.0838,LBen
R808Q,0.0667,LBen
R808S,0.1186,LBen
R808T,0.1025,LBen
R808V,0.1257,LBen
R808W,0.0793,LBen
R808Y,0.1424,LBen
P809A,0.0611,LBen
P809C,0.1965,LBen
P809D,0.1724,LBen
P809E,0.1338,LBen
P809F,0.1616,LBen
P809G,0.1009,LBen
P809H,0.0833,LBen
P809I,0.1445,LBen
P809K,0.1273,LBen
P809L,0.0763,LBen
P809M,0.1725,LBen
P809N,0.1409,LBen
P809Q,0.075,LBen
P809R,0.0674,LBen
P809S,0.0662,LBen
P809T,0.0686,LBen
P809V,0.1053,LBen
P809W,0.1788,LBen
P809Y,0.167,LBen
H810A,0.0651,LBen
H810C,0.0872,LBen
H810D,0.0937,LBen
H810E,0.1171,LBen
H810F,0.1517,LBen
H810G,0.0649,LBen
H810I,0.1566,LBen
H810K,0.1073,LBen
H810L,0.0643,LBen
H810M,0.2221,LBen
H810N,0.0827,LBen
H810P,0.0507,LBen
H810Q,0.0701,LBen
H810R,0.0485,LBen
H810S,0.0728,LBen
H810T,0.0922,LBen
H810V,0.1017,LBen
H810W,0.1137,LBen
H810Y,0.0827,LBen
A811C,0.1772,LBen
A811D,0.1141,LBen
A811E,0.1209,LBen
A811F,0.1244,LBen
A811G,0.0716,LBen
A811H,0.1317,LBen
A811I,0.1049,LBen
A811K,0.1365,LBen
A811L,0.0766,LBen
A811M,0.1178,LBen
A811N,0.1171,LBen
A811P,0.0676,LBen
A811Q,0.1153,LBen
A811R,0.0974,LBen
A811S,0.0721,LBen
A811T,0.065,LBen
A811V,0.0712,LBen
A811W,0.2224,LBen
A811Y,0.1585,LBen
P812A,0.0495,LBen
P812C,0.187,LBen
P812D,0.1587,LBen
P812E,0.1207,LBen
P812F,0.1752,LBen
P812G,0.0948,LBen
P812H,0.0889,LBen
P812I,0.148,LBen
P812K,0.1177,LBen
P812L,0.0768,LBen
P812M,0.1611,LBen
P812N,0.1497,LBen
P812Q,0.0775,LBen
P812R,0.066,LBen
P812S,0.0653,LBen
P812T,0.0618,LBen
P812V,0.0986,LBen
P812W,0.1906,LBen
P812Y,0.1848,LBen
G813A,0.0731,LBen
G813C,0.1079,LBen
G813D,0.0946,LBen
G813E,0.1033,LBen
G813F,0.2403,LBen
G813H,0.1364,LBen
G813I,0.1391,LBen
G813K,0.156,LBen
G813L,0.1659,LBen
G813M,0.228,LBen
G813N,0.1375,LBen
G813P,0.1782,LBen
G813Q,0.1326,LBen
G813R,0.0987,LBen
G813S,0.077,LBen
G813T,0.0899,LBen
G813V,0.0886,LBen
G813W,0.1591,LBen
G813Y,0.1742,LBen
T814A,0.0558,LBen
T814C,0.1829,LBen
T814D,0.1371,LBen
T814E,0.1267,LBen
T814F,0.097,LBen
T814G,0.0798,LBen
T814H,0.0996,LBen
T814I,0.0797,LBen
T814K,0.0879,LBen
T814L,0.0652,LBen
T814M,0.0793,LBen
T814N,0.0747,LBen
T814P,0.0559,LBen
T814Q,0.0939,LBen
T814R,0.0721,LBen
T814S,0.0694,LBen
T814V,0.0706,LBen
T814W,0.1946,LBen
T814Y,0.1179,LBen
P815A,0.0471,LBen
P815C,0.2,LBen
P815D,0.16,LBen
P815E,0.1231,LBen
P815F,0.1645,LBen
P815G,0.0965,LBen
P815H,0.086,LBen
P815I,0.1325,LBen
P815K,0.1201,LBen
P815L,0.0716,LBen
P815M,0.1468,LBen
P815N,0.1486,LBen
P815Q,0.0776,LBen
P815R,0.0673,LBen
P815S,0.0665,LBen
P815T,0.0594,LBen
P815V,0.0861,LBen
P815W,0.1916,LBen
P815Y,0.1781,LBen
A816C,0.2244,LBen
A816D,0.1298,LBen
A816E,0.1171,LBen
A816F,0.1583,LBen
A816G,0.0732,LBen
A816H,0.1629,LBen
A816I,0.1408,LBen
A816K,0.1497,LBen
A816L,0.0966,LBen
A816M,0.138,LBen
A816N,0.1365,LBen
A816P,0.0684,LBen
A816Q,0.1211,LBen
A816R,0.1079,LBen
A816S,0.0775,LBen
A816T,0.0695,LBen
A816V,0.0827,LBen
A816W,0.2426,LBen
A816Y,0.2086,LBen
G817A,0.0841,LBen
G817C,0.1412,LBen
G817D,0.1309,LBen
G817E,0.1309,LBen
G817F,0.3048,LBen
G817H,0.1707,LBen
G817I,0.1727,LBen
G817K,0.1848,LBen
G817L,0.205,LBen
G817M,0.2886,LBen
G817N,0.1832,LBen
G817P,0.2328,LBen
G817Q,0.1617,LBen
G817R,0.1175,LBen
G817S,0.0857,LBen
G817T,0.1042,LBen
G817V,0.1058,LBen
G817W,0.1963,LBen
G817Y,0.2308,LBen
R818A,0.1152,LBen
R818C,0.1103,LBen
R818D,0.2361,LBen
R818E,0.1805,LBen
R818F,0.2261,LBen
R818G,0.078,LBen
R818H,0.0767,LBen
R818I,0.1683,LBen
R818K,0.0982,LBen
R818L,0.1169,LBen
R818M,0.1905,LBen
R818N,0.2079,LBen
R818P,0.1004,LBen
R818Q,0.0825,LBen
R818S,0.1591,LBen
R818T,0.1148,LBen
R818V,0.1573,LBen
R818W,0.1025,LBen
R818Y,0.1815,LBen
V819A,0.1083,LBen
V819C,0.4273,Amb
V819D,0.2112,LBen
V819E,0.1603,LBen
V819F,0.108,LBen
V819G,0.0894,LBen
V819H,0.2663,LBen
V819I,0.0872,LBen
V819K,0.1652,LBen
V819L,0.1037,LBen
V819M,0.1125,LBen
V819N,0.181,LBen
V819P,0.1378,LBen
V819Q,0.1414,LBen
V819R,0.1169,LBen
V819S,0.1274,LBen
V819T,0.1521,LBen
V819W,0.3653,Amb
V819Y,0.3008,LBen
R820A,0.1763,LBen
R820C,0.1029,LBen
R820D,0.3866,Amb
R820E,0.2671,LBen
R820F,0.2538,LBen
R820G,0.1205,LBen
R820H,0.0769,LBen
R820I,0.1899,LBen
R820K,0.1149,LBen
R820L,0.1123,LBen
R820M,0.2557,LBen
R820N,0.305,LBen
R820P,0.1293,LBen
R820Q,0.0911,LBen
R820S,0.2209,LBen
R820T,0.1681,LBen
R820V,0.1921,LBen
R820W,0.1087,LBen
R820Y,0.1905,LBen
P821A,0.0543,LBen
P821C,0.2079,LBen
P821D,0.21,LBen
P821E,0.166,LBen
P821F,0.2874,LBen
P821G,0.0972,LBen
P821H,0.0999,LBen
P821I,0.2906,LBen
P821K,0.1656,LBen
P821L,0.1047,LBen
P821M,0.2044,LBen
P821N,0.1476,LBen
P821Q,0.093,LBen
P821R,0.0969,LBen
P821S,0.0523,LBen
P821T,0.0652,LBen
P821V,0.1661,LBen
P821W,0.2619,LBen
P821Y,0.2447,LBen
E822A,0.2639,LBen
E822C,0.8936,LPath
E822D,0.3399,LBen
E822F,0.8675,LPath
E822G,0.2536,LBen
E822H,0.6436,LPath
E822I,0.6855,LPath
E822K,0.404,Amb
E822L,0.6361,LPath
E822M,0.7433,LPath
E822N,0.6179,LPath
E822P,0.5432,Amb
E822Q,0.2184,LBen
E822R,0.4102,Amb
E822S,0.3795,Amb
E822T,0.5157,Amb
E822V,0.4527,Amb
E822W,0.9385,LPath
E822Y,0.7912,LPath
L823A,0.6691,LPath
L823C,0.7036,LPath
L823D,0.9425,LPath
L823E,0.7232,LPath
L823F,0.3102,LBen
L823G,0.7503,LPath
L823H,0.6359,LPath
L823I,0.1748,LBen
L823K,0.5186,Amb
L823M,0.1652,LBen
L823N,0.8151,LPath
L823P,0.6239,LPath
L823Q,0.4387,Amb
L823R,0.3359,LBen
L823S,0.8484,LPath
L823T,0.6918,LPath
L823V,0.1905,LBen
L823W,0.2961,LBen
L823Y,0.5519,Amb
K824A,0.679,LPath
K824C,0.7615,LPath
K824D,0.9476,LPath
K824E,0.5902,LPath
K824F,0.8935,LPath
K824G,0.7153,LPath
K824H,0.4729,Amb
K824I,0.7441,LPath
K824L,0.4256,Amb
K824M,0.4405,Amb
K824N,0.8602,LPath
K824P,0.8242,LPath
K824Q,0.2238,LBen
K824R,0.0779,LBen
K824S,0.8375,LPath
K824T,0.6307,LPath
K824V,0.6651,LPath
K824W,0.7676,LPath
K824Y,0.7703,LPath
T825A,0.1632,LBen
T825C,0.547,Amb
T825D,0.1927,LBen
T825E,0.3374,LBen
T825F,0.5816,LPath
T825G,0.1658,LBen
T825H,0.2487,LBen
T825I,0.6862,LPath
T825K,0.2441,LBen
T825L,0.287,LBen
T825M,0.1957,LBen
T825N,0.0603,LBen
T825P,0.2007,LBen
T825Q,0.2445,LBen
T825R,0.193,LBen
T825S,0.0763,LBen
T825V,0.5304,Amb
T825W,0.5997,LPath
T825Y,0.3947,Amb
K826A,0.3515,Amb
K826C,0.7888,LPath
K826D,0.7564,LPath
K826E,0.2657,LBen
K826F,0.9091,LPath
K826G,0.427,Amb
K826H,0.4913,Amb
K826I,0.6116,LPath
K826L,0.5089,Amb
K826M,0.4256,Amb
K826N,0.6842,LPath
K826P,0.3598,Amb
K826Q,0.1702,LBen
K826R,0.0834,LBen
K826S,0.4715,Amb
K826T,0.2321,LBen
K826V,0.438,Amb
K826W,0.8414,LPath
K826Y,0.7967,LPath
Q827A,0.153,LBen
Q827C,0.7286,LPath
Q827D,0.2477,LBen
Q827E,0.068,LBen
Q827F,0.7278,LPath
Q827G,0.2105,LBen
Q827H,0.2551,LBen
Q827I,0.4544,Amb
Q827K,0.1177,LBen
Q827L,0.1611,LBen
Q827M,0.4163,Amb
Q827N,0.2965,LBen
Q827P,0.1388,LBen
Q827R,0.1201,LBen
Q827S,0.2151,LBen
Q827T,0.2052,LBen
Q827V,0.2604,LBen
Q827W,0.5032,Amb
Q827Y,0.4807,Amb
Q828A,0.3889,Amb
Q828C,0.9224,LPath
Q828D,0.5434,Amb
Q828E,0.0969,LBen
Q828F,0.9246,LPath
Q828G,0.5466,Amb
Q828H,0.5587,Amb
Q828I,0.725,LPath
Q828K,0.2359,LBen
Q828L,0.387,Amb
Q828M,0.5606,Amb
Q828N,0.5932,LPath
Q828P,0.7761,LPath
Q828R,0.2774,LBen
Q828S,0.62,LPath
Q828T,0.5438,Amb
Q828V,0.5036,Amb
Q828W,0.84,LPath
Q828Y,0.7769,LPath
I829A,0.9145,LPath
I829C,0.9646,LPath
I829D,0.9669,LPath
I829E,0.9377,LPath
I829F,0.5022,Amb
I829G,0.9689,LPath
I829H,0.8704,LPath
I829K,0.8527,LPath
I829L,0.324,LBen
I829M,0.3025,LBen
I829N,0.7515,LPath
I829P,0.9729,LPath
I829Q,0.8659,LPath
I829R,0.7578,LPath
I829S,0.8837,LPath
I829T,0.9448,LPath
I829V,0.3564,Amb
I829W,0.9065,LPath
I829Y,0.7375,LPath
L830A,0.3555,Amb
L830C,0.5632,Amb
L830D,0.8907,LPath
L830E,0.4774,Amb
L830F,0.1662,LBen
L830G,0.6702,LPath
L830H,0.3468,Amb
L830I,0.1496,LBen
L830K,0.3398,LBen
L830M,0.144,LBen
L830N,0.7343,LPath
L830P,0.8143,LPath
L830Q,0.1617,LBen
L830R,0.159,LBen
L830S,0.5301,Amb
L830T,0.4622,Amb
L830V,0.1257,LBen
L830W,0.2002,LBen
L830Y,0.4074,Amb
K831A,0.5823,LPath
K831C,0.8256,LPath
K831D,0.8669,LPath
K831E,0.4655,Amb
K831F,0.9238,LPath
K831G,0.6541,LPath
K831H,0.4103,Amb
K831I,0.7184,LPath
K831L,0.5471,Amb
K831M,0.5163,Amb
K831N,0.7523,LPath
K831P,0.9206,LPath
K831Q,0.1725,LBen
K831R,0.0961,LBen
K831S,0.6912,LPath
K831T,0.4807,Amb
K831V,0.6784,LPath
K831W,0.8126,LPath
K831Y,0.793,LPath
Q832A,0.1998,LBen
Q832C,0.6636,LPath
Q832D,0.3417,Amb
Q832E,0.083,LBen
Q832F,0.7237,LPath
Q832G,0.2186,LBen
Q832H,0.2273,LBen
Q832I,0.4986,Amb
Q832K,0.1205,LBen
Q832L,0.1534,LBen
Q832M,0.3913,Amb
Q832N,0.2954,LBen
Q832P,0.5447,Amb
Q832R,0.1142,LBen
Q832S,0.2686,LBen
Q832T,0.2545,LBen
Q832V,0.3235,LBen
Q832W,0.4798,Amb
Q832Y,0.467,Amb
R833A,0.8635,LPath
R833C,0.4574,Amb
R833D,0.9396,LPath
R833E,0.6903,LPath
R833F,0.9151,LPath
R833G,0.6935,LPath
R833H,0.2325,LBen
R833I,0.777,LPath
R833K,0.3436,Amb
R833L,0.5954,LPath
R833M,0.7916,LPath
R833N,0.89,LPath
R833P,0.9458,LPath
R833Q,0.1822,LBen
R833S,0.9078,LPath
R833T,0.849,LPath
R833V,0.8214,LPath
R833W,0.3318,LBen
R833Y,0.653,LPath
R834A,0.3081,LBen
R834C,0.1408,LBen
R834D,0.6359,LPath
R834E,0.3217,LBen
R834F,0.4378,Amb
R834G,0.2037,LBen
R834H,0.096,LBen
R834I,0.2564,LBen
R834K,0.0993,LBen
R834L,0.1463,LBen
R834M,0.2961,LBen
R834N,0.4714,Amb
R834P,0.6895,LPath
R834Q,0.0844,LBen
R834S,0.3861,Amb
R834T,0.2954,LBen
R834V,0.2871,LBen
R834W,0.1429,LBen
R834Y,0.2851,LBen
R835A,0.1539,LBen
R835C,0.1304,LBen
R835D,0.4064,Amb
R835E,0.1888,LBen
R835F,0.3405,Amb
R835G,0.1355,LBen
R835H,0.0827,LBen
R835I,0.2192,LBen
R835K,0.0903,LBen
R835L,0.1214,LBen
R835M,0.2078,LBen
R835N,0.3124,LBen
R835P,0.4727,Amb
R835Q,0.0691,LBen
R835S,0.234,LBen
R835T,0.1519,LBen
R835V,0.2107,LBen
R835W,0.1212,LBen
R835Y,0.2296,LBen
A836C,0.4133,Amb
A836D,0.1628,LBen
A836E,0.1154,LBen
A836F,0.2378,LBen
A836G,0.1191,LBen
A836H,0.2235,LBen
A836I,0.1696,LBen
A836K,0.1418,LBen
A836L,0.1107,LBen
A836M,0.133,LBen
A836N,0.1374,LBen
A836P,0.4779,Amb
A836Q,0.112,LBen
A836R,0.1291,LBen
A836S,0.0804,LBen
A836T,0.0688,LBen
A836V,0.0947,LBen
A836W,0.4294,Amb
A836Y,0.2951,LBen
Q837A,0.1588,LBen
Q837C,0.6487,LPath
Q837D,0.2958,LBen
Q837E,0.0785,LBen
Q837F,0.8042,LPath
Q837G,0.1631,LBen
Q837H,0.2554,LBen
Q837I,0.6212,LPath
Q837K,0.0915,LBen
Q837L,0.2049,LBen
Q837M,0.4537,Amb
Q837N,0.3099,LBen
Q837P,0.2997,LBen
Q837R,0.0802,LBen
Q837S,0.2189,LBen
Q837T,0.2664,LBen
Q837V,0.3629,Amb
Q837W,0.5264,Amb
Q837Y,0.5662,LPath
K838A,0.6561,LPath
K838C,0.8401,LPath
K838D,0.8755,LPath
K838E,0.5507,Amb
K838F,0.9132,LPath
K838G,0.6921,LPath
K838H,0.4001,Amb
K838I,0.6752,LPath
K838L,0.5921,LPath
K838M,0.4723,Amb
K838N,0.7278,LPath
K838P,0.8966,LPath
K838Q,0.222,LBen
K838R,0.104,LBen
K838S,0.7522,LPath
K838T,0.4616,Amb
K838V,0.6246,LPath
K838W,0.845,LPath
K838Y,0.7243,LPath
L839A,0.1314,LBen
L839C,0.2929,LBen
L839D,0.4474,Amb
L839E,0.1805,LBen
L839F,0.1206,LBen
L839G,0.2491,LBen
L839H,0.1173,LBen
L839I,0.0965,LBen
L839K,0.1081,LBen
L839M,0.0617,LBen
L839N,0.2186,LBen
L839P,0.3857,Amb
L839Q,0.0576,LBen
L839R,0.0724,LBen
L839S,0.1618,LBen
L839T,0.1387,LBen
L839V,0.0783,LBen
L839W,0.1051,LBen
L839Y,0.1798,LBen
H840A,0.1152,LBen
H840C,0.0897,LBen
H840D,0.1864,LBen
H840E,0.2028,LBen
H840F,0.2612,LBen
H840G,0.1103,LBen
H840I,0.2517,LBen
H840K,0.1285,LBen
H840L,0.0897,LBen
H840M,0.3391,LBen
H840N,0.1222,LBen
H840P,0.214,LBen
H840Q,0.0792,LBen
H840R,0.0481,LBen
H840S,0.1186,LBen
H840T,0.1541,LBen
H840V,0.1852,LBen
H840W,0.1578,LBen
H840Y,0.1104,LBen
F841A,0.7335,LPath
F841C,0.5803,LPath
F841D,0.8989,LPath
F841E,0.928,LPath
F841G,0.8592,LPath
F841H,0.6355,LPath
F841I,0.3857,Amb
F841K,0.8926,LPath
F841L,0.8854,LPath
F841M,0.7357,LPath
F841N,0.8572,LPath
F841P,0.9832,LPath
F841Q,0.8162,LPath
F841R,0.7147,LPath
F841S,0.6999,LPath
F841T,0.7937,LPath
F841V,0.3614,Amb
F841W,0.5711,LPath
F841Y,0.2293,LBen
L842A,0.4603,Amb
L842C,0.6006,LPath
L842D,0.9486,LPath
L842E,0.697,LPath
L842F,0.1701,LBen
L842G,0.7468,LPath
L842H,0.3302,LBen
L842I,0.1522,LBen
L842K,0.4253,Amb
L842M,0.1661,LBen
L842N,0.8063,LPath
L842P,0.6435,LPath
L842Q,0.1907,LBen
L842R,0.186,LBen
L842S,0.57,LPath
L842T,0.5599,Amb
L842V,0.1486,LBen
L842W,0.2011,LBen
L842Y,0.4735,Amb
Q843A,0.5013,Amb
Q843C,0.8541,LPath
Q843D,0.8177,LPath
Q843E,0.2183,LBen
Q843F,0.9291,LPath
Q843G,0.4207,Amb
Q843H,0.4489,Amb
Q843I,0.8774,LPath
Q843K,0.2062,LBen
Q843L,0.4266,Amb
Q843M,0.774,LPath
Q843N,0.6457,LPath
Q843P,0.5565,Amb
Q843R,0.143,LBen
Q843S,0.4929,Amb
Q843T,0.6212,LPath
Q843V,0.7254,LPath
Q843W,0.7855,LPath
Q843Y,0.7963,LPath
R844A,0.2382,LBen
R844C,0.1905,LBen
R844D,0.5218,Amb
R844E,0.3017,LBen
R844F,0.5783,LPath
R844G,0.1155,LBen
R844H,0.0962,LBen
R844I,0.4043,Amb
R844K,0.089,LBen
R844L,0.2404,LBen
R844M,0.2919,LBen
R844N,0.3964,Amb
R844P,0.5597,Amb
R844Q,0.0895,LBen
R844S,0.2671,LBen
R844T,0.1895,LBen
R844V,0.3932,Amb
R844W,0.2163,LBen
R844Y,0.4133,Amb
G845A,0.315,LBen
G845C,0.4353,Amb
G845D,0.469,Amb
G845E,0.4895,Amb
G845F,0.8517,LPath
G845H,0.5744,LPath
G845I,0.7453,LPath
G845K,0.5236,Amb
G845L,0.8024,LPath
G845M,0.7994,LPath
G845N,0.505,Amb
G845P,0.8664,LPath
G845Q,0.4746,Amb
G845R,0.3929,Amb
G845S,0.213,LBen
G845T,0.4344,Amb
G845V,0.5765,LPath
G845W,0.5898,LPath
G845Y,0.6786,LPath
G846A,0.1524,LBen
G846C,0.2754,LBen
G846D,0.5447,Amb
G846E,0.4958,Amb
G846F,0.6692,LPath
G846H,0.455,Amb
G846I,0.405,Amb
G846K,0.4791,Amb
G846L,0.5611,Amb
G846M,0.6031,LPath
G846N,0.4701,Amb
G846P,0.8013,LPath
G846Q,0.426,Amb
G846R,0.3153,LBen
G846S,0.1128,LBen
G846T,0.2527,LBen
G846V,0.2795,LBen
G846W,0.4936,Amb
G846Y,0.5303,Amb
L847A,0.3745,Amb
L847C,0.5314,Amb
L847D,0.8485,LPath
L847E,0.525,Amb
L847F,0.15,LBen
L847G,0.5028,Amb
L847H,0.3242,LBen
L847I,0.1357,LBen
L847K,0.2299,LBen
L847M,0.098,LBen
L847N,0.6254,LPath
L847P,0.3293,LBen
L847Q,0.1688,LBen
L847R,0.1441,LBen
L847S,0.4746,Amb
L847T,0.4452,Amb
L847V,0.128,LBen
L847W,0.138,LBen
L847Y,0.3901,Amb
K848A,0.5024,Amb
K848C,0.7076,LPath
K848D,0.8523,LPath
K848E,0.4159,Amb
K848F,0.8825,LPath
K848G,0.482,Amb
K848H,0.3519,Amb
K848I,0.7142,LPath
K848L,0.5171,Amb
K848M,0.5115,Amb
K848N,0.6912,LPath
K848P,0.6572,LPath
K848Q,0.1372,LBen
K848R,0.0761,LBen
K848S,0.579,LPath
K848T,0.4291,Amb
K848V,0.6411,LPath
K848W,0.7454,LPath
K848Y,0.7457,LPath
Q849A,0.1636,LBen
Q849C,0.4801,Amb
Q849D,0.3726,Amb
Q849E,0.1244,LBen
Q849F,0.5752,LPath
Q849G,0.17,LBen
Q849H,0.1481,LBen
Q849I,0.3918,Amb
Q849K,0.0778,LBen
Q849L,0.138,LBen
Q849M,0.3422,Amb
Q849N,0.2235,LBen
Q849P,0.1386,LBen
Q849R,0.0706,LBen
Q849S,0.1946,LBen
Q849T,0.1832,LBen
Q849V,0.2484,LBen
Q849W,0.3326,LBen
Q849Y,0.3299,LBen
L850A,0.3346,LBen
L850C,0.4977,Amb
L850D,0.8452,LPath
L850E,0.5773,LPath
L850F,0.1736,LBen
L850G,0.5803,LPath
L850H,0.2802,LBen
L850I,0.1004,LBen
L850K,0.2525,LBen
L850M,0.1308,LBen
L850N,0.6084,LPath
L850P,0.4293,Amb
L850Q,0.1875,LBen
L850R,0.1387,LBen
L850S,0.5267,Amb
L850T,0.4746,Amb
L850V,0.1141,LBen
L850W,0.1608,LBen
L850Y,0.324,LBen
S851A,0.0778,LBen
S851C,0.126,LBen
S851D,0.5605,Amb
S851E,0.5984,LPath
S851F,0.265,LBen
S851G,0.0837,LBen
S851H,0.2499,LBen
S851I,0.273,LBen
S851K,0.3511,Amb
S851L,0.1455,LBen
S851M,0.2668,LBen
S851N,0.2015,LBen
S851P,0.1794,LBen
S851Q,0.3401,Amb
S851R,0.2739,LBen
S851T,0.1026,LBen
S851V,0.2317,LBen
S851W,0.2565,LBen
S851Y,0.202,LBen
A852C,0.3404,Amb
A852D,0.2376,LBen
A852E,0.218,LBen
A852F,0.228,LBen
A852G,0.095,LBen
A852H,0.2613,LBen
A852I,0.1974,LBen
A852K,0.2322,LBen
A852L,0.131,LBen
A852M,0.191,LBen
A852N,0.182,LBen
A852P,0.2612,LBen
A852Q,0.1824,LBen
A852R,0.1689,LBen
A852S,0.0809,LBen
A852T,0.0817,LBen
A852V,0.0999,LBen
A852W,0.4682,Amb
A852Y,0.3122,LBen
R853A,0.3104,LBen
R853C,0.1992,LBen
R853D,0.6511,LPath
R853E,0.3838,Amb
R853F,0.5981,LPath
R853G,0.1512,LBen
R853H,0.1426,LBen
R853I,0.3791,Amb
R853K,0.0981,LBen
R853L,0.2674,LBen
R853M,0.3837,Amb
R853N,0.5714,LPath
R853P,0.4051,Amb
R853Q,0.1077,LBen
R853S,0.4517,Amb
R853T,0.3182,LBen
R853V,0.3942,Amb
R853W,0.1748,LBen
R853Y,0.4308,Amb
N854A,0.2824,LBen
N854C,0.3088,LBen
N854D,0.2155,LBen
N854E,0.4139,Amb
N854F,0.6611,LPath
N854G,0.1678,LBen
N854H,0.0987,LBen
N854I,0.399,Amb
N854K,0.2118,LBen
N854L,0.3808,Amb
N854M,0.4972,Amb
N854P,0.3788,Amb
N854Q,0.2408,LBen
N854R,0.2284,LBen
N854S,0.094,LBen
N854T,0.1902,LBen
N854V,0.3865,Amb
N854W,0.6442,LPath
N854Y,0.1977,LBen
R855A,0.4198,Amb
R855C,0.179,LBen
R855D,0.7366,LPath
R855E,0.4741,Amb
R855F,0.5795,LPath
R855G,0.2027,LBen
R855H,0.1206,LBen
R855I,0.4126,Amb
R855K,0.1268,LBen
R855L,0.2714,LBen
R855M,0.4624,Amb
R855N,0.6227,LPath
R855P,0.5142,Amb
R855Q,0.1081,LBen
R855S,0.5074,Amb
R855T,0.4068,Amb
R855V,0.4529,Amb
R855W,0.1692,LBen
R855Y,0.3978,Amb
R856A,0.2008,LBen
R856C,0.0951,LBen
R856D,0.3915,Amb
R856E,0.2614,LBen
R856F,0.2798,LBen
R856G,0.1197,LBen
R856H,0.0738,LBen
R856I,0.2338,LBen
R856K,0.1054,LBen
R856L,0.1276,LBen
R856M,0.2887,LBen
R856N,0.2918,LBen
R856P,0.2467,LBen
R856Q,0.078,LBen
R856S,0.2308,LBen
R856T,0.2093,LBen
R856V,0.234,LBen
R856W,0.1122,LBen
R856Y,0.1866,LBen
R857A,0.2409,LBen
R857C,0.1357,LBen
R857D,0.4833,Amb
R857E,0.3322,LBen
R857F,0.3119,LBen
R857G,0.1471,LBen
R857H,0.0779,LBen
R857I,0.3093,LBen
R857K,0.1452,LBen
R857L,0.1712,LBen
R857M,0.35,Amb
R857N,0.3602,Amb
R857P,0.3048,LBen
R857Q,0.0989,LBen
R857S,0.3028,LBen
R857T,0.2611,LBen
R857V,0.2904,LBen
R857W,0.1151,LBen
R857Y,0.212,LBen
V858A,0.0556,LBen
V858C,0.398,Amb
V858D,0.1992,LBen
V858E,0.1567,LBen
V858F,0.1112,LBen
V858G,0.0738,LBen
V858H,0.2473,LBen
V858I,0.0943,LBen
V858K,0.1394,LBen
V858L,0.0933,LBen
V858M,0.1021,LBen
V858N,0.141,LBen
V858P,0.1896,LBen
V858Q,0.1172,LBen
V858R,0.1116,LBen
V858S,0.0818,LBen
V858T,0.0924,LBen
V858W,0.3775,Amb
V858Y,0.2871,LBen
Q859A,0.1244,LBen
Q859C,0.3256,LBen
Q859D,0.3198,LBen
Q859E,0.0991,LBen
Q859F,0.5019,Amb
Q859G,0.1133,LBen
Q859H,0.1345,LBen
Q859I,0.3511,Amb
Q859K,0.0707,LBen
Q859L,0.1213,LBen
Q859M,0.3038,LBen
Q859N,0.2537,LBen
Q859P,0.1075,LBen
Q859R,0.0531,LBen
Q859S,0.1643,LBen
Q859T,0.1535,LBen
Q859V,0.2144,LBen
Q859W,0.1734,LBen
Q859Y,0.3062,LBen
E860A,0.0912,LBen
E860C,0.6546,LPath
E860D,0.119,LBen
E860F,0.5686,LPath
E860G,0.106,LBen
E860H,0.2862,LBen
E860I,0.3173,LBen
E860K,0.1499,LBen
E860L,0.2704,LBen
E860M,0.3302,LBen
E860N,0.1975,LBen
E860P,0.4239,Amb
E860Q,0.0925,LBen
E860R,0.1884,LBen
E860S,0.1409,LBen
E860T,0.1609,LBen
E860V,0.163,LBen
E860W,0.724,LPath
E860Y,0.4367,Amb
L861A,0.246,LBen
L861C,0.415,Amb
L861D,0.6809,LPath
L861E,0.3374,LBen
L861F,0.1247,LBen
L861G,0.3819,Amb
L861H,0.2182,LBen
L861I,0.101,LBen
L861K,0.2017,LBen
L861M,0.0882,LBen
L861N,0.4303,Amb
L861P,0.3529,Amb
L861Q,0.1161,LBen
L861R,0.1155,LBen
L861S,0.3422,Amb
L861T,0.2948,LBen
L861V,0.0986,LBen
L861W,0.1138,LBen
L861Y,0.2742,LBen
Q862A,0.1741,LBen
Q862C,0.2667,LBen
Q862D,0.4358,Amb
Q862E,0.1289,LBen
Q862F,0.4998,Amb
Q862G,0.136,LBen
Q862H,0.1349,LBen
Q862I,0.3871,Amb
Q862K,0.081,LBen
Q862L,0.126,LBen
Q862M,0.3422,Amb
Q862N,0.2967,LBen
Q862P,0.1002,LBen
Q862R,0.0557,LBen
Q862S,0.1891,LBen
Q862T,0.1912,LBen
Q862V,0.2503,LBen
Q862W,0.1901,LBen
Q862Y,0.2929,LBen
Q863A,0.1171,LBen
Q863C,0.2906,LBen
Q863D,0.2919,LBen
Q863E,0.0993,LBen
Q863F,0.4829,Amb
Q863G,0.1058,LBen
Q863H,0.1206,LBen
Q863I,0.3283,LBen
Q863K,0.068,LBen
Q863L,0.1118,LBen
Q863M,0.2771,LBen
Q863N,0.2248,LBen
Q863P,0.0999,LBen
Q863R,0.0562,LBen
Q863S,0.1529,LBen
Q863T,0.1424,LBen
Q863V,0.2001,LBen
Q863W,0.1952,LBen
Q863Y,0.2855,LBen
G864A,0.0772,LBen
G864C,0.1335,LBen
G864D,0.1727,LBen
G864E,0.1467,LBen
G864F,0.3693,Amb
G864H,0.2038,LBen
G864I,0.2026,LBen
G864K,0.2203,LBen
G864L,0.2403,LBen
G864M,0.2661,LBen
G864N,0.181,LBen
G864P,0.5095,Amb
G864Q,0.1797,LBen
G864R,0.1496,LBen
G864S,0.0836,LBen
G864T,0.0977,LBen
G864V,0.1119,LBen
G864W,0.2023,LBen
G864Y,0.2373,LBen
A865C,0.4132,Amb
A865D,0.5297,Amb
A865E,0.545,Amb
A865F,0.3273,LBen
A865G,0.1115,LBen
A865H,0.5274,Amb
A865I,0.272,LBen
A865K,0.5656,LPath
A865L,0.2069,LBen
A865M,0.2949,LBen
A865N,0.3848,Amb
A865P,0.1806,LBen
A865Q,0.4798,Amb
A865R,0.3917,Amb
A865S,0.1251,LBen
A865T,0.1307,LBen
A865V,0.1349,LBen
A865W,0.653,LPath
A865Y,0.5028,Amb
F866A,0.403,Amb
F866C,0.3109,LBen
F866D,0.8299,LPath
F866E,0.8496,LPath
F866G,0.5527,Amb
F866H,0.6252,LPath
F866I,0.3977,Amb
F866K,0.7864,LPath
F866L,0.871,LPath
F866M,0.5879,LPath
F866N,0.7683,LPath
F866P,0.8309,LPath
F866Q,0.6926,LPath
F866R,0.5391,Amb
F866S,0.3566,Amb
F866T,0.5616,Amb
F866V,0.3172,LBen
F866W,0.2638,LBen
F866Y,0.2738,LBen
G867A,0.2294,LBen
G867C,0.2294,LBen
G867D,0.554,Amb
G867E,0.5146,Amb
G867F,0.6247,LPath
G867H,0.4311,Amb
G867I,0.4743,Amb
G867K,0.556,Amb
G867L,0.5044,Amb
G867M,0.694,LPath
G867N,0.5462,Amb
G867P,0.7264,LPath
G867Q,0.395,Amb
G867R,0.2947,LBen
G867S,0.1542,LBen
G867T,0.3434,Amb
G867V,0.3487,Amb
G867W,0.3683,Amb
G867Y,0.5535,Amb
R868A,0.3452,Amb
R868C,0.1854,LBen
R868D,0.6297,LPath
R868E,0.3853,Amb
R868F,0.4849,Amb
R868G,0.1615,LBen
R868H,0.1346,LBen
R868I,0.4231,Amb
R868K,0.133,LBen
R868L,0.2673,LBen
R868M,0.407,Amb
R868N,0.5494,Amb
R868P,0.2911,LBen
R868Q,0.1135,LBen
R868S,0.4379,Amb
R868T,0.3242,LBen
R868V,0.4269,Amb
R868W,0.1513,LBen
R868Y,0.4061,Amb
G869A,0.0977,LBen
G869C,0.1805,LBen
G869D,0.2271,LBen
G869E,0.1883,LBen
G869F,0.3857,Amb
G869H,0.2604,LBen
G869I,0.2089,LBen
G869K,0.2458,LBen
G869L,0.2842,LBen
G869M,0.3292,LBen
G869N,0.2503,LBen
G869P,0.3985,Amb
G869Q,0.2234,LBen
G869R,0.1555,LBen
G869S,0.1115,LBen
G869T,0.1284,LBen
G869V,0.1189,LBen
G869W,0.2431,LBen
G869Y,0.3116,LBen
A870C,0.1874,LBen
A870D,0.1375,LBen
A870E,0.1343,LBen
A870F,0.1445,LBen
A870G,0.0655,LBen
A870H,0.1767,LBen
A870I,0.13,LBen
A870K,0.1628,LBen
A870L,0.099,LBen
A870M,0.1427,LBen
A870N,0.1245,LBen
A870P,0.0742,LBen
A870Q,0.1333,LBen
A870R,0.1252,LBen
A870S,0.0707,LBen
A870T,0.0679,LBen
A870V,0.0797,LBen
A870W,0.2598,LBen
A870Y,0.21,LBen
R871A,0.1025,LBen
R871C,0.0804,LBen
R871D,0.2225,LBen
R871E,0.1935,LBen
R871F,0.1696,LBen
R871G,0.0739,LBen
R871H,0.0671,LBen
R871I,0.1563,LBen
R871K,0.1129,LBen
R871L,0.0988,LBen
R871M,0.2169,LBen
R871N,0.1871,LBen
R871P,0.0731,LBen
R871Q,0.079,LBen
R871S,0.1253,LBen
R871T,0.1168,LBen
R871V,0.14,LBen
R871W,0.0859,LBen
R871Y,0.1298,LBen
S872A,0.0739,LBen
S872C,0.0623,LBen
S872D,0.2221,LBen
S872E,0.2794,LBen
S872F,0.1412,LBen
S872G,0.0582,LBen
S872H,0.1622,LBen
S872I,0.1281,LBen
S872K,0.2918,LBen
S872L,0.1059,LBen
S872M,0.18,LBen
S872N,0.0848,LBen
S872P,0.0776,LBen
S872Q,0.2211,LBen
S872R,0.2073,LBen
S872T,0.0806,LBen
S872V,0.1223,LBen
S872W,0.1307,LBen
S872Y,0.1214,LBen
K873A,0.2928,LBen
K873C,0.5123,Amb
K873D,0.6341,LPath
K873E,0.2322,LBen
K873F,0.7654,LPath
K873G,0.2147,LBen
K873H,0.3127,LBen
K873I,0.4693,Amb
K873L,0.3728,Amb
K873M,0.3615,Amb
K873N,0.4685,Amb
K873P,0.3217,LBen
K873Q,0.1202,LBen
K873R,0.0604,LBen
K873S,0.3535,Amb
K873T,0.2323,LBen
K873V,0.3903,Amb
K873W,0.5416,Amb
K873Y,0.629,LPath
K874A,0.4046,Amb
K874C,0.7739,LPath
K874D,0.7069,LPath
K874E,0.3455,Amb
K874F,0.8629,LPath
K874G,0.3694,Amb
K874H,0.4867,Amb
K874I,0.5539,Amb
K874L,0.5625,Amb
K874M,0.4069,Amb
K874N,0.5318,Amb
K874P,0.4768,Amb
K874Q,0.2174,LBen
K874R,0.0954,LBen
K874S,0.528,Amb
K874T,0.274,LBen
K874V,0.5315,Amb
K874W,0.775,LPath
K874Y,0.7226,LPath
G875A,0.3137,LBen
G875C,0.4238,Amb
G875D,0.6072,LPath
G875E,0.5303,Amb
G875F,0.8164,LPath
G875H,0.7008,LPath
G875I,0.6224,LPath
G875K,0.6152,LPath
G875L,0.7221,LPath
G875M,0.7561,LPath
G875N,0.6049,LPath
G875P,0.8536,LPath
G875Q,0.5997,LPath
G875R,0.4887,Amb
G875S,0.2862,LBen
G875T,0.47,Amb
G875V,0.4319,Amb
G875W,0.4931,Amb
G875Y,0.6566,LPath
K876A,0.4479,Amb
K876C,0.6669,LPath
K876D,0.776,LPath
K876E,0.3934,Amb
K876F,0.794,LPath
K876G,0.4109,Amb
K876H,0.4328,Amb
K876I,0.4917,Amb
K876L,0.4679,Amb
K876M,0.3878,Amb
K876N,0.5786,LPath
K876P,0.5774,LPath
K876Q,0.2097,LBen
K876R,0.0803,LBen
K876S,0.5494,Amb
K876T,0.3458,Amb
K876V,0.457,Amb
K876W,0.6894,LPath
K876Y,0.6878,LPath
M877A,0.5606,Amb
M877C,0.6955,LPath
M877D,0.8927,LPath
M877E,0.704,LPath
M877F,0.3713,Amb
M877G,0.5493,Amb
M877H,0.5893,LPath
M877I,0.4647,Amb
M877K,0.2388,LBen
M877L,0.1198,LBen
M877N,0.5959,LPath
M877P,0.4815,Amb
M877Q,0.3125,LBen
M877R,0.2261,LBen
M877S,0.5839,LPath
M877T,0.5114,Amb
M877V,0.1878,LBen
M877W,0.4728,Amb
M877Y,0.5576,Amb
R878A,0.4214,Amb
R878C,0.2341,LBen
R878D,0.8064,LPath
R878E,0.4748,Amb
R878F,0.6584,LPath
R878G,0.1729,LBen
R878H,0.2039,LBen
R878I,0.4498,Amb
R878K,0.1081,LBen
R878L,0.2906,LBen
R878M,0.4249,Amb
R878N,0.7014,LPath
R878P,0.3636,Amb
R878Q,0.1234,LBen
R878S,0.6204,LPath
R878T,0.4263,Amb
R878V,0.4589,Amb
R878W,0.2146,LBen
R878Y,0.5165,Amb
K879A,0.6475,LPath
K879C,0.804,LPath
K879D,0.8846,LPath
K879E,0.5535,Amb
K879F,0.9124,LPath
K879G,0.5037,Amb
K879H,0.5932,LPath
K879I,0.7462,LPath
K879L,0.6264,LPath
K879M,0.6049,LPath
K879N,0.7479,LPath
K879P,0.6045,LPath
K879Q,0.2631,LBen
K879R,0.1017,LBen
K879S,0.7001,LPath
K879T,0.5476,Amb
K879V,0.689,LPath
K879W,0.8347,LPath
K879Y,0.8321,LPath
R880A,0.1713,LBen
R880C,0.1922,LBen
R880D,0.4788,Amb
R880E,0.2959,LBen
R880F,0.4169,Amb
R880G,0.1009,LBen
R880H,0.1358,LBen
R880I,0.2366,LBen
R880K,0.083,LBen
R880L,0.1938,LBen
R880M,0.2378,LBen
R880N,0.3212,LBen
R880P,0.2072,LBen
R880Q,0.1058,LBen
R880S,0.2439,LBen
R880T,0.1448,LBen
R880V,0.2467,LBen
R880W,0.2002,LBen
R880Y,0.3391,LBen
M881A,0.355,Amb
M881C,0.3461,Amb
M881D,0.833,LPath
M881E,0.6007,LPath
M881F,0.2235,LBen
M881G,0.429,Amb
M881H,0.466,Amb
M881I,0.2178,LBen
M881K,0.246,LBen
M881L,0.082,LBen
M881N,0.498,Amb
M881P,0.4428,Amb
M881Q,0.2296,LBen
M881R,0.2002,LBen
M881S,0.4203,Amb
M881T,0.3251,LBen
M881V,0.0868,LBen
M881W,0.2945,LBen
M881Y,0.4109,Amb
