protein_variant,am_pathogenicity,am_class
M1A,0.4473,Amb
M1C,0.3754,Amb
M1D,0.8181,LPath
M1E,0.6412,LPath
M1F,0.1874,LBen
M1G,0.5483,Amb
M1H,0.6181,LPath
M1I,0.4306,Amb
M1K,0.4031,Amb
M1L,0.1496,LBen
M1N,0.5709,LPath
M1P,0.5611,Amb
M1Q,0.3559,Amb
M1R,0.4214,Amb
M1S,0.4512,Amb
M1T,0.5615,Amb
M1V,0.1554,LBen
M1W,0.6295,LPath
M1Y,0.4713,Amb
P2A,0.1515,LBen
P2C,0.5987,LPath
P2D,0.3097,LBen
P2E,0.2307,LBen
P2F,0.6615,LPath
P2G,0.2281,LBen
P2H,0.3147,LBen
P2I,0.6008,LPath
P2K,0.2887,LBen
P2L,0.4228,Amb
P2M,0.6284,LPath
P2N,0.3409,Amb
P2Q,0.2341,LBen
P2R,0.2294,LBen
P2S,0.2056,LBen
P2T,0.2125,LBen
P2V,0.4522,Amb
P2W,0.727,LPath
P2Y,0.5543,Amb
G3A,0.1816,LBen
G3C,0.2944,LBen
G3D,0.2613,LBen
G3E,0.2058,LBen
G3F,0.628,LPath
G3H,0.5637,Amb
G3I,0.4572,Amb
G3K,0.4841,Amb
G3L,0.4609,Amb
G3M,0.5959,LPath
G3N,0.3841,Amb
G3P,0.5308,Amb
G3Q,0.3767,Amb
G3R,0.402,Amb
G3S,0.1866,LBen
G3T,0.2654,LBen
G3V,0.2982,LBen
G3W,0.5378,Amb
G3Y,0.542,Amb
K4A,0.2512,LBen
K4C,0.5727,LPath
K4D,0.2259,LBen
K4E,0.1434,LBen
K4F,0.5141,Amb
K4G,0.2312,LBen
K4H,0.2577,LBen
K4I,0.3149,LBen
K4L,0.3184,LBen
K4M,0.3224,LBen
K4N,0.2297,LBen
K4P,0.3251,LBen
K4Q,0.1563,LBen
K4R,0.0964,LBen
K4S,0.2664,LBen
K4T,0.1877,LBen
K4V,0.3044,LBen
K4W,0.7627,LPath
K4Y,0.4396,Amb
L5A,0.1573,LBen
L5C,0.3063,LBen
L5D,0.2864,LBen
L5E,0.1755,LBen
L5F,0.1149,LBen
L5G,0.2228,LBen
L5H,0.2003,LBen
L5I,0.0971,LBen
L5K,0.1497,LBen
L5M,0.1244,LBen
L5N,0.1863,LBen
L5P,0.169,LBen
L5Q,0.1487,LBen
L5R,0.1467,LBen
L5S,0.2053,LBen
L5T,0.1695,LBen
L5V,0.0965,LBen
L5W,0.2269,LBen
L5Y,0.2149,LBen
L6A,0.129,LBen
L6C,0.2561,LBen
L6D,0.2468,LBen
L6E,0.1581,LBen
L6F,0.1024,LBen
L6G,0.1874,LBen
L6H,0.1533,LBen
L6I,0.1085,LBen
L6K,0.1251,LBen
L6M,0.1348,LBen
L6N,0.1779,LBen
L6P,0.1202,LBen
L6Q,0.1005,LBen
L6R,0.1055,LBen
L6S,0.1436,LBen
L6T,0.1425,LBen
L6V,0.0964,LBen
L6W,0.1981,LBen
L6Y,0.2253,LBen
W7A,0.1476,LBen
W7C,0.3654,Amb
W7D,0.2375,LBen
W7E,0.256,LBen
W7F,0.1177,LBen
W7G,0.1027,LBen
W7H,0.3523,Amb
W7I,0.2937,LBen
W7K,0.3936,Amb
W7L,0.1428,LBen
W7M,0.3076,LBen
W7N,0.3156,LBen
W7P,0.2514,LBen
W7Q,0.3714,Amb
W7R,0.3837,Amb
W7S,0.1489,LBen
W7T,0.1715,LBen
W7V,0.2114,LBen
W7Y,0.2498,LBen
G8A,0.1466,LBen
G8C,0.2341,LBen
G8D,0.1497,LBen
G8E,0.1431,LBen
G8F,0.5482,Amb
G8H,0.3673,Amb
G8I,0.3627,Amb
G8K,0.3415,Amb
G8L,0.3775,Amb
G8M,0.4447,Amb
G8N,0.2249,LBen
G8P,0.4332,Amb
G8Q,0.2817,LBen
G8R,0.3151,LBen
G8S,0.1333,LBen
G8T,0.1877,LBen
G8V,0.2341,LBen
G8W,0.4062,Amb
G8Y,0.4094,Amb
D9A,0.2941,LBen
D9C,0.618,LPath
D9E,0.1717,LBen
D9F,0.6371,LPath
D9G,0.1928,LBen
D9H,0.3347,LBen
D9I,0.5586,Amb
D9K,0.3972,Amb
D9L,0.549,Amb
D9M,0.7193,LPath
D9N,0.1567,LBen
D9P,0.5096,Amb
D9Q,0.3494,Amb
D9R,0.4062,Amb
D9S,0.2009,LBen
D9T,0.3659,Amb
D9V,0.3932,Amb
D9W,0.836,LPath
D9Y,0.3171,LBen
I10A,0.1651,LBen
I10C,0.3147,LBen
I10D,0.2365,LBen
I10E,0.2258,LBen
I10F,0.1042,LBen
I10G,0.2808,LBen
I10H,0.2761,LBen
I10K,0.2268,LBen
I10L,0.0917,LBen
I10M,0.0963,LBen
I10N,0.1427,LBen
I10P,0.3412,Amb
I10Q,0.2374,LBen
I10R,0.1792,LBen
I10S,0.147,LBen
I10T,0.1639,LBen
I10V,0.0763,LBen
I10W,0.4416,Amb
I10Y,0.2733,LBen
M11A,0.2142,LBen
M11C,0.4219,Amb
M11D,0.4027,Amb
M11E,0.2072,LBen
M11F,0.2659,LBen
M11G,0.2663,LBen
M11H,0.3483,Amb
M11I,0.2854,LBen
M11K,0.1428,LBen
M11L,0.1023,LBen
M11N,0.3328,LBen
M11P,0.2654,LBen
M11Q,0.1685,LBen
M11R,0.1577,LBen
M11S,0.2515,LBen
M11T,0.1377,LBen
M11V,0.0929,LBen
M11W,0.3966,Amb
M11Y,0.4162,Amb
E12A,0.203,LBen
E12C,0.7224,LPath
E12D,0.0988,LBen
E12F,0.6434,LPath
E12G,0.1696,LBen
E12H,0.4446,Amb
E12I,0.4691,Amb
E12K,0.3476,Amb
E12L,0.4148,Amb
E12M,0.5543,Amb
E12N,0.2793,LBen
E12P,0.3682,Amb
E12Q,0.2061,LBen
E12R,0.3992,Amb
E12S,0.2528,LBen
E12T,0.3165,LBen
E12V,0.2979,LBen
E12W,0.8444,LPath
E12Y,0.5438,Amb
L13A,0.1185,LBen
L13C,0.3793,Amb
L13D,0.2601,LBen
L13E,0.1305,LBen
L13F,0.1329,LBen
L13G,0.2057,LBen
L13H,0.219,LBen
L13I,0.1008,LBen
L13K,0.1439,LBen
L13M,0.0918,LBen
L13N,0.2054,LBen
L13P,0.1339,LBen
L13Q,0.1277,LBen
L13R,0.1606,LBen
L13S,0.1646,LBen
L13T,0.1192,LBen
L13V,0.0867,LBen
L13W,0.1874,LBen
L13Y,0.2723,LBen
E14A,0.1841,LBen
E14C,0.6856,LPath
E14D,0.1172,LBen
E14F,0.72,LPath
E14G,0.1623,LBen
E14H,0.4154,Amb
E14I,0.4909,Amb
E14K,0.2381,LBen
E14L,0.4364,Amb
E14M,0.5603,Amb
E14N,0.2935,LBen
E14P,0.3247,LBen
E14Q,0.1634,LBen
E14R,0.3009,LBen
E14S,0.2147,LBen
E14T,0.2636,LBen
E14V,0.3053,LBen
E14W,0.8384,LPath
E14Y,0.5777,LPath
A15C,0.2212,LBen
A15D,0.1153,LBen
A15E,0.1066,LBen
A15F,0.1615,LBen
A15G,0.0869,LBen
A15H,0.2134,LBen
A15I,0.1223,LBen
A15K,0.1737,LBen
A15L,0.1043,LBen
A15M,0.1354,LBen
A15N,0.1218,LBen
A15P,0.0977,LBen
A15Q,0.1594,LBen
A15R,0.1927,LBen
A15S,0.0798,LBen
A15T,0.0729,LBen
A15V,0.08,LBen
A15W,0.3857,Amb
A15Y,0.1881,LBen
P16A,0.0725,LBen
P16C,0.2308,LBen
P16D,0.1658,LBen
P16E,0.1256,LBen
P16F,0.2734,LBen
P16G,0.1539,LBen
P16H,0.115,LBen
P16I,0.1676,LBen
P16K,0.1382,LBen
P16L,0.1201,LBen
P16M,0.2366,LBen
P16N,0.152,LBen
P16Q,0.1013,LBen
P16R,0.1137,LBen
P16S,0.0847,LBen
P16T,0.0776,LBen
P16V,0.1239,LBen
P16W,0.4144,Amb
P16Y,0.2369,LBen
L17A,0.0676,LBen
L17C,0.221,LBen
L17D,0.1882,LBen
L17E,0.0937,LBen
L17F,0.088,LBen
L17G,0.1415,LBen
L17H,0.1096,LBen
L17I,0.0735,LBen
L17K,0.0892,LBen
L17M,0.079,LBen
L17N,0.1526,LBen
L17P,0.072,LBen
L17Q,0.068,LBen
L17R,0.0854,LBen
L17S,0.0774,LBen
L17T,0.0729,LBen
L17V,0.0598,LBen
L17W,0.1161,LBen
L17Y,0.1879,LBen
E18A,0.1086,LBen
E18C,0.474,Amb
E18D,0.1061,LBen
E18F,0.4248,Amb
E18G,0.0931,LBen
E18H,0.2361,LBen
E18I,0.2179,LBen
E18K,0.1066,LBen
E18L,0.1868,LBen
E18M,0.2865,LBen
E18N,0.2035,LBen
E18P,0.2058,LBen
E18Q,0.096,LBen
E18R,0.142,LBen
E18S,0.14,LBen
E18T,0.147,LBen
E18V,0.1381,LBen
E18W,0.5472,Amb
E18Y,0.3421,Amb
E19A,0.093,LBen
E19C,0.4262,Amb
E19D,0.0707,LBen
E19F,0.337,LBen
E19G,0.0799,LBen
E19H,0.2251,LBen
E19I,0.1528,LBen
E19K,0.112,LBen
E19L,0.1853,LBen
E19M,0.2554,LBen
E19N,0.1272,LBen
E19P,0.1894,LBen
E19Q,0.1156,LBen
E19R,0.1691,LBen
E19S,0.104,LBen
E19T,0.1111,LBen
E19V,0.1093,LBen
E19W,0.5497,Amb
E19Y,0.2575,LBen
S20A,0.0666,LBen
S20C,0.0922,LBen
S20D,0.1423,LBen
S20E,0.1455,LBen
S20F,0.156,LBen
S20G,0.0683,LBen
S20H,0.1684,LBen
S20I,0.1069,LBen
S20K,0.1871,LBen
S20L,0.0932,LBen
S20M,0.1412,LBen
S20N,0.0816,LBen
S20P,0.0768,LBen
S20Q,0.1872,LBen
S20R,0.1964,LBen
S20T,0.0608,LBen
S20V,0.1015,LBen
S20W,0.1939,LBen
S20Y,0.1264,LBen
E21A,0.0922,LBen
E21C,0.4303,Amb
E21D,0.0738,LBen
E21F,0.3522,Amb
E21G,0.0858,LBen
E21H,0.1976,LBen
E21I,0.1554,LBen
E21K,0.0995,LBen
E21L,0.1824,LBen
E21M,0.2767,LBen
E21N,0.1418,LBen
E21P,0.1828,LBen
E21Q,0.1019,LBen
E21R,0.1406,LBen
E21S,0.1007,LBen
E21T,0.1087,LBen
E21V,0.1091,LBen
E21W,0.5724,LPath
E21Y,0.2704,LBen
S22A,0.0665,LBen
S22C,0.0727,LBen
S22D,0.1308,LBen
S22E,0.1417,LBen
S22F,0.1057,LBen
S22G,0.0691,LBen
S22H,0.1216,LBen
S22I,0.0713,LBen
S22K,0.1618,LBen
S22L,0.0741,LBen
S22M,0.1233,LBen
S22N,0.0663,LBen
S22P,0.07,LBen
S22Q,0.1496,LBen
S22R,0.1642,LBen
S22T,0.0611,LBen
S22V,0.0804,LBen
S22W,0.1553,LBen
S22Y,0.0882,LBen
Q23A,0.1154,LBen
Q23C,0.2741,LBen
Q23D,0.1759,LBen
Q23E,0.0763,LBen
Q23F,0.3277,LBen
Q23G,0.1232,LBen
Q23H,0.1139,LBen
Q23I,0.1699,LBen
Q23K,0.0701,LBen
Q23L,0.0967,LBen
Q23M,0.227,LBen
Q23N,0.16,LBen
Q23P,0.0768,LBen
Q23R,0.0739,LBen
Q23S,0.1187,LBen
Q23T,0.1099,LBen
Q23V,0.1258,LBen
Q23W,0.2455,LBen
Q23Y,0.2173,LBen
K24A,0.2155,LBen
K24C,0.3997,Amb
K24D,0.29,LBen
K24E,0.1078,LBen
K24F,0.4913,Amb
K24G,0.1785,LBen
K24H,0.2236,LBen
K24I,0.1979,LBen
K24L,0.2079,LBen
K24M,0.1919,LBen
K24N,0.2454,LBen
K24P,0.2576,LBen
K24Q,0.0994,LBen
K24R,0.0663,LBen
K24S,0.2579,LBen
K24T,0.1534,LBen
K24V,0.197,LBen
K24W,0.4062,Amb
K24Y,0.3703,Amb
K25A,0.2153,LBen
K25C,0.5667,LPath
K25D,0.3134,LBen
K25E,0.1143,LBen
K25F,0.593,LPath
K25G,0.2237,LBen
K25H,0.2878,LBen
K25I,0.2428,LBen
K25L,0.2669,LBen
K25M,0.2059,LBen
K25N,0.2725,LBen
K25P,0.309,LBen
K25Q,0.1224,LBen
K25R,0.0792,LBen
K25S,0.2821,LBen
K25T,0.1393,LBen
K25V,0.225,LBen
K25W,0.5425,Amb
K25Y,0.4625,Amb
E26A,0.1174,LBen
E26C,0.4893,Amb
E26D,0.0935,LBen
E26F,0.4472,Amb
E26G,0.0851,LBen
E26H,0.2445,LBen
E26I,0.1895,LBen
E26K,0.1118,LBen
E26L,0.2162,LBen
E26M,0.3124,LBen
E26N,0.162,LBen
E26P,0.219,LBen
E26Q,0.1049,LBen
E26R,0.1609,LBen
E26S,0.1353,LBen
E26T,0.1418,LBen
E26V,0.1275,LBen
E26W,0.5664,LPath
E26Y,0.2938,LBen
R27A,0.1944,LBen
R27C,0.1598,LBen
R27D,0.2725,LBen
R27E,0.1578,LBen
R27F,0.3207,LBen
R27G,0.1205,LBen
R27H,0.1074,LBen
R27I,0.1244,LBen
R27K,0.0651,LBen
R27L,0.1394,LBen
R27M,0.1667,LBen
R27N,0.2701,LBen
R27P,0.2192,LBen
R27Q,0.0888,LBen
R27S,0.2378,LBen
R27T,0.1326,LBen
R27V,0.1652,LBen
R27W,0.1553,LBen
R27Y,0.2512,LBen
Q28A,0.1429,LBen
Q28C,0.3427,Amb
Q28D,0.2318,LBen
Q28E,0.0815,LBen
Q28F,0.4163,Amb
Q28G,0.1383,LBen
Q28H,0.1391,LBen
Q28I,0.2052,LBen
Q28K,0.0736,LBen
Q28L,0.1101,LBen
Q28M,0.2581,LBen
Q28N,0.1829,LBen
Q28P,0.0814,LBen
Q28R,0.0899,LBen
Q28S,0.1469,LBen
Q28T,0.1329,LBen
Q28V,0.1532,LBen
Q28W,0.3004,LBen
Q28Y,0.2849,LBen
K29A,0.2742,LBen
K29C,0.5897,LPath
K29D,0.3675,Amb
K29E,0.1899,LBen
K29F,0.6005,LPath
K29G,0.2796,LBen
K29H,0.2793,LBen
K29I,0.2651,LBen
K29L,0.3003,LBen
K29M,0.274,LBen
K29N,0.3302,LBen
K29P,0.3466,Amb
K29Q,0.1546,LBen
K29R,0.0884,LBen
K29S,0.343,Amb
K29T,0.1891,LBen
K29V,0.2575,LBen
K29W,0.6391,LPath
K29Y,0.4758,Amb
S30A,0.0714,LBen
S30C,0.0871,LBen
S30D,0.1615,LBen
S30E,0.187,LBen
S30F,0.1588,LBen
S30G,0.0679,LBen
S30H,0.147,LBen
S30I,0.107,LBen
S30K,0.1733,LBen
S30L,0.098,LBen
S30M,0.1482,LBen
S30N,0.0715,LBen
S30P,0.0886,LBen
S30Q,0.1899,LBen
S30R,0.184,LBen
S30T,0.0635,LBen
S30V,0.1098,LBen
S30W,0.1956,LBen
S30Y,0.121,LBen
D31A,0.1273,LBen
D31C,0.2939,LBen
D31E,0.0952,LBen
D31F,0.3245,LBen
D31G,0.107,LBen
D31H,0.144,LBen
D31I,0.187,LBen
D31K,0.1646,LBen
D31L,0.1985,LBen
D31M,0.3973,Amb
D31N,0.0983,LBen
D31P,0.2793,LBen
D31Q,0.1571,LBen
D31R,0.1686,LBen
D31S,0.097,LBen
D31T,0.1481,LBen
D31V,0.133,LBen
D31W,0.5766,LPath
D31Y,0.1442,LBen
R32A,0.2711,LBen
R32C,0.2166,LBen
R32D,0.3485,Amb
R32E,0.2157,LBen
R32F,0.4178,Amb
R32G,0.1498,LBen
R32H,0.1376,LBen
R32I,0.1859,LBen
R32K,0.0756,LBen
R32L,0.1972,LBen
R32M,0.2507,LBen
R32N,0.3713,Amb
R32P,0.3179,LBen
R32Q,0.1125,LBen
R32S,0.3164,LBen
R32T,0.1924,LBen
R32V,0.2402,LBen
R32W,0.2114,LBen
R32Y,0.3377,LBen
R33A,0.305,LBen
R33C,0.2428,LBen
R33D,0.3988,Amb
R33E,0.2089,LBen
R33F,0.4659,Amb
R33G,0.1558,LBen
R33H,0.1524,LBen
R33I,0.2173,LBen
R33K,0.076,LBen
R33L,0.2012,LBen
R33M,0.2694,LBen
R33N,0.4252,Amb
R33P,0.2777,LBen
R33Q,0.1108,LBen
R33S,0.3654,Amb
R33T,0.2319,LBen
R33V,0.2633,LBen
R33W,0.2162,LBen
R33Y,0.3804,Amb
K34A,0.2497,LBen
K34C,0.5415,Amb
K34D,0.3162,LBen
K34E,0.166,LBen
K34F,0.5297,Amb
K34G,0.2462,LBen
K34H,0.2568,LBen
K34I,0.2318,LBen
K34L,0.2586,LBen
K34M,0.24,LBen
K34N,0.2674,LBen
K34P,0.3012,LBen
K34Q,0.1421,LBen
K34R,0.0847,LBen
K34S,0.2798,LBen
K34T,0.1595,LBen
K34V,0.2368,LBen
K34W,0.5912,LPath
K34Y,0.4234,Amb
S35A,0.0835,LBen
S35C,0.0957,LBen
S35D,0.1967,LBen
S35E,0.2255,LBen
S35F,0.1718,LBen
S35G,0.0845,LBen
S35H,0.1785,LBen
S35I,0.1367,LBen
S35K,0.2514,LBen
S35L,0.1139,LBen
S35M,0.1923,LBen
S35N,0.0978,LBen
S35P,0.0859,LBen
S35Q,0.2281,LBen
S35R,0.2469,LBen
S35T,0.0785,LBen
S35V,0.1347,LBen
S35W,0.2283,LBen
S35Y,0.1247,LBen
R36A,0.266,LBen
R36C,0.1719,LBen
R36D,0.3466,Amb
R36E,0.2353,LBen
R36F,0.4041,Amb
R36G,0.1496,LBen
R36H,0.1158,LBen
R36I,0.1908,LBen
R36K,0.0905,LBen
R36L,0.1895,LBen
R36M,0.261,LBen
R36N,0.3886,Amb
R36P,0.2599,LBen
R36Q,0.1062,LBen
R36S,0.2981,LBen
R36T,0.1997,LBen
R36V,0.2418,LBen
R36W,0.1825,LBen
R36Y,0.3233,LBen
H37A,0.1723,LBen
H37C,0.1263,LBen
H37D,0.1261,LBen
H37E,0.1695,LBen
H37F,0.227,LBen
H37G,0.1645,LBen
H37I,0.1933,LBen
H37K,0.1193,LBen
H37L,0.1062,LBen
H37M,0.3182,LBen
H37N,0.0885,LBen
H37P,0.0967,LBen
H37Q,0.1137,LBen
H37R,0.081,LBen
H37S,0.1379,LBen
H37T,0.165,LBen
H37V,0.1633,LBen
H37W,0.2765,LBen
H37Y,0.0987,LBen
H38A,0.1234,LBen
H38C,0.1043,LBen
H38D,0.0905,LBen
H38E,0.1384,LBen
H38F,0.1979,LBen
H38G,0.1307,LBen
H38I,0.1436,LBen
H38K,0.1148,LBen
H38L,0.0933,LBen
H38M,0.2782,LBen
H38N,0.0719,LBen
H38P,0.0912,LBen
H38Q,0.1015,LBen
H38R,0.07,LBen
H38S,0.1028,LBen
H38T,0.1158,LBen
H38V,0.1246,LBen
H38W,0.2773,LBen
H38Y,0.0923,LBen
Y39A,0.1214,LBen
Y39C,0.0654,LBen
Y39D,0.0685,LBen
Y39E,0.1605,LBen
Y39F,0.0853,LBen
Y39G,0.0896,LBen
Y39H,0.094,LBen
Y39I,0.1566,LBen
Y39K,0.1398,LBen
Y39L,0.1672,LBen
Y39M,0.2551,LBen
Y39N,0.0592,LBen
Y39P,0.2056,LBen
Y39Q,0.15,LBen
Y39R,0.114,LBen
Y39S,0.056,LBen
Y39T,0.1033,LBen
Y39V,0.12,LBen
Y39W,0.2184,LBen
D40A,0.1013,LBen
D40C,0.2147,LBen
D40E,0.1045,LBen
D40F,0.2491,LBen
D40G,0.0942,LBen
D40H,0.106,LBen
D40I,0.1384,LBen
D40K,0.1402,LBen
D40L,0.1507,LBen
D40M,0.3276,LBen
D40N,0.0855,LBen
D40P,0.2432,LBen
D40Q,0.1443,LBen
D40R,0.1374,LBen
D40S,0.084,LBen
D40T,0.1216,LBen
D40V,0.1014,LBen
D40W,0.5196,Amb
D40Y,0.1061,LBen
S41A,0.0707,LBen
S41C,0.0907,LBen
S41D,0.1501,LBen
S41E,0.2011,LBen
S41F,0.1517,LBen
S41G,0.0749,LBen
S41H,0.1699,LBen
S41I,0.1082,LBen
S41K,0.2248,LBen
S41L,0.0885,LBen
S41M,0.1643,LBen
S41N,0.0944,LBen
S41P,0.0978,LBen
S41Q,0.2456,LBen
S41R,0.2119,LBen
S41T,0.0639,LBen
S41V,0.1127,LBen
S41W,0.2223,LBen
S41Y,0.1288,LBen
D42A,0.0911,LBen
D42C,0.2248,LBen
D42E,0.0837,LBen
D42F,0.2839,LBen
D42G,0.0809,LBen
D42H,0.118,LBen
D42I,0.1573,LBen
D42K,0.1085,LBen
D42L,0.1581,LBen
D42M,0.2965,LBen
D42N,0.0795,LBen
D42P,0.2452,LBen
D42Q,0.1302,LBen
D42R,0.1235,LBen
D42S,0.0751,LBen
D42T,0.1071,LBen
D42V,0.1049,LBen
D42W,0.526,Amb
D42Y,0.1202,LBen
E43A,0.121,LBen
E43C,0.4811,Amb
E43D,0.079,LBen
E43F,0.454,Amb
E43G,0.0816,LBen
E43H,0.2152,LBen
E43I,0.2009,LBen
E43K,0.083,LBen
E43L,0.2213,LBen
E43M,0.2971,LBen
E43N,0.1519,LBen
E43P,0.3033,LBen
E43Q,0.0985,LBen
E43R,0.128,LBen
E43S,0.1233,LBen
E43T,0.1344,LBen
E43V,0.1422,LBen
E43W,0.5965,LPath
E43Y,0.323,LBen
K44A,0.1976,LBen
K44C,0.4808,Amb
K44D,0.2257,LBen
K44E,0.1138,LBen
K44F,0.4992,Amb
K44G,0.2347,LBen
K44H,0.2271,LBen
K44I,0.1735,LBen
K44L,0.2249,LBen
K44M,0.175,LBen
K44N,0.1862,LBen
K44P,0.3178,LBen
K44Q,0.1231,LBen
K44R,0.0956,LBen
K44S,0.2378,LBen
K44T,0.1084,LBen
K44V,0.186,LBen
K44W,0.6274,LPath
K44Y,0.3958,Amb
S45A,0.0655,LBen
S45C,0.0924,LBen
S45D,0.1836,LBen
S45E,0.1998,LBen
S45F,0.1536,LBen
S45G,0.0788,LBen
S45H,0.1919,LBen
S45I,0.1073,LBen
S45K,0.2594,LBen
S45L,0.0842,LBen
S45M,0.1403,LBen
S45N,0.0857,LBen
S45P,0.0872,LBen
S45Q,0.2379,LBen
S45R,0.276,LBen
S45T,0.0599,LBen
S45V,0.1091,LBen
S45W,0.2269,LBen
S45Y,0.1324,LBen
E46A,0.1076,LBen
E46C,0.5158,Amb
E46D,0.0794,LBen
E46F,0.4435,Amb
E46G,0.0992,LBen
E46H,0.2429,LBen
E46I,0.1924,LBen
E46K,0.1086,LBen
E46L,0.2251,LBen
E46M,0.2975,LBen
E46N,0.1664,LBen
E46P,0.2756,LBen
E46Q,0.1123,LBen
E46R,0.1683,LBen
E46S,0.1294,LBen
E46T,0.1338,LBen
E46V,0.1288,LBen
E46W,0.6456,LPath
E46Y,0.3417,Amb
T47A,0.0722,LBen
T47C,0.2172,LBen
T47D,0.1686,LBen
T47E,0.1379,LBen
T47F,0.1558,LBen
T47G,0.1341,LBen
T47H,0.1426,LBen
T47I,0.1048,LBen
T47K,0.1103,LBen
T47L,0.086,LBen
T47M,0.0864,LBen
T47N,0.0766,LBen
T47P,0.0827,LBen
T47Q,0.1263,LBen
T47R,0.1129,LBen
T47S,0.0845,LBen
T47V,0.1029,LBen
T47W,0.3367,LBen
T47Y,0.1651,LBen
R48A,0.1597,LBen
R48C,0.148,LBen
R48D,0.2348,LBen
R48E,0.1388,LBen
R48F,0.3521,Amb
R48G,0.1122,LBen
R48H,0.1095,LBen
R48I,0.1378,LBen
R48K,0.0748,LBen
R48L,0.1319,LBen
R48M,0.1644,LBen
R48N,0.2845,LBen
R48P,0.2092,LBen
R48Q,0.0859,LBen
R48S,0.218,LBen
R48T,0.1193,LBen
R48V,0.1638,LBen
R48W,0.1563,LBen
R48Y,0.2887,LBen
E49A,0.1803,LBen
E49C,0.6149,LPath
E49D,0.093,LBen
E49F,0.6182,LPath
E49G,0.1121,LBen
E49H,0.3583,Amb
E49I,0.3101,LBen
E49K,0.1509,LBen
E49L,0.3332,LBen
E49M,0.4273,Amb
E49N,0.2227,LBen
E49P,0.3762,Amb
E49Q,0.1389,LBen
E49R,0.2285,LBen
E49S,0.1957,LBen
E49T,0.2226,LBen
E49V,0.2052,LBen
E49W,0.7347,LPath
E49Y,0.4408,Amb
N50A,0.1435,LBen
N50C,0.1704,LBen
N50D,0.1009,LBen
N50E,0.2116,LBen
N50F,0.3593,Amb
N50G,0.1855,LBen
N50H,0.1176,LBen
N50I,0.1405,LBen
N50K,0.1838,LBen
N50L,0.188,LBen
N50M,0.2212,LBen
N50P,0.2952,LBen
N50Q,0.243,LBen
N50R,0.2385,LBen
N50S,0.0912,LBen
N50T,0.0963,LBen
N50V,0.1552,LBen
N50W,0.5327,Amb
N50Y,0.1209,LBen
G51A,0.0889,LBen
G51C,0.1178,LBen
G51D,0.1147,LBen
G51E,0.1096,LBen
G51F,0.3208,LBen
G51H,0.2144,LBen
G51I,0.1286,LBen
G51K,0.2194,LBen
G51L,0.1971,LBen
G51M,0.2573,LBen
G51N,0.1799,LBen
G51P,0.3847,Amb
G51Q,0.1908,LBen
G51R,0.1707,LBen
G51S,0.0929,LBen
G51T,0.0916,LBen
G51V,0.0937,LBen
G51W,0.2341,LBen
G51Y,0.2299,LBen
V52A,0.1092,LBen
V52C,0.3687,Amb
V52D,0.1022,LBen
V52E,0.1212,LBen
V52F,0.0892,LBen
V52G,0.101,LBen
V52H,0.2475,LBen
V52I,0.0682,LBen
V52K,0.1553,LBen
V52L,0.1038,LBen
V52M,0.0996,LBen
V52N,0.1125,LBen
V52P,0.2112,LBen
V52Q,0.1603,LBen
V52R,0.162,LBen
V52S,0.1101,LBen
V52T,0.1231,LBen
V52W,0.4579,Amb
V52Y,0.2561,LBen
T53A,0.0664,LBen
T53C,0.2115,LBen
T53D,0.1663,LBen
T53E,0.1482,LBen
T53F,0.1715,LBen
T53G,0.1351,LBen
T53H,0.161,LBen
T53I,0.1165,LBen
T53K,0.132,LBen
T53L,0.0915,LBen
T53M,0.0891,LBen
T53N,0.0939,LBen
T53P,0.0834,LBen
T53Q,0.1512,LBen
T53R,0.1242,LBen
T53S,0.0814,LBen
T53V,0.1098,LBen
T53W,0.3383,LBen
T53Y,0.1961,LBen
D54A,0.1063,LBen
D54C,0.3006,LBen
D54E,0.0962,LBen
D54F,0.4024,Amb
D54G,0.0955,LBen
D54H,0.1918,LBen
D54I,0.2389,LBen
D54K,0.1981,LBen
D54L,0.2316,LBen
D54M,0.3907,Amb
D54N,0.1003,LBen
D54P,0.3407,Amb
D54Q,0.1998,LBen
D54R,0.2183,LBen
D54S,0.0985,LBen
D54T,0.1479,LBen
D54V,0.1397,LBen
D54W,0.6377,LPath
D54Y,0.1562,LBen
D55A,0.1456,LBen
D55C,0.3084,LBen
D55E,0.1122,LBen
D55F,0.3586,Amb
D55G,0.1253,LBen
D55H,0.1929,LBen
D55I,0.1981,LBen
D55K,0.2418,LBen
D55L,0.233,LBen
D55M,0.4057,Amb
D55N,0.1064,LBen
D55P,0.4142,Amb
D55Q,0.2271,LBen
D55R,0.2592,LBen
D55S,0.1202,LBen
D55T,0.1688,LBen
D55V,0.1418,LBen
D55W,0.6856,LPath
D55Y,0.1349,LBen
L56A,0.089,LBen
L56C,0.2146,LBen
L56D,0.212,LBen
L56E,0.1409,LBen
L56F,0.0948,LBen
L56G,0.1752,LBen
L56H,0.1212,LBen
L56I,0.0668,LBen
L56K,0.1304,LBen
L56M,0.0818,LBen
L56N,0.1553,LBen
L56P,0.117,LBen
L56Q,0.0948,LBen
L56R,0.1182,LBen
L56S,0.0937,LBen
L56T,0.0812,LBen
L56V,0.0645,LBen
L56W,0.1514,LBen
L56Y,0.1912,LBen
D57A,0.0874,LBen
D57C,0.2462,LBen
D57E,0.0784,LBen
D57F,0.2813,LBen
D57G,0.0977,LBen
D57H,0.1471,LBen
D57I,0.1319,LBen
D57K,0.1713,LBen
D57L,0.1484,LBen
D57M,0.293,LBen
D57N,0.0936,LBen
D57P,0.2246,LBen
D57Q,0.1537,LBen
D57R,0.1979,LBen
D57S,0.0937,LBen
D57T,0.117,LBen
D57V,0.0878,LBen
D57W,0.5888,LPath
D57Y,0.1216,LBen
A58C,0.2499,LBen
A58D,0.1818,LBen
A58E,0.1638,LBen
A58F,0.1759,LBen
A58G,0.1138,LBen
A58H,0.2435,LBen
A58I,0.1142,LBen
A58K,0.2386,LBen
A58L,0.1018,LBen
A58M,0.1507,LBen
A58N,0.1669,LBen
A58P,0.0833,LBen
A58Q,0.1955,LBen
A58R,0.2505,LBen
A58S,0.0848,LBen
A58T,0.0721,LBen
A58V,0.0799,LBen
A58W,0.4995,Amb
A58Y,0.221,LBen
P59A,0.0972,LBen
P59C,0.4377,Amb
P59D,0.418,Amb
P59E,0.2451,LBen
P59F,0.5362,Amb
P59G,0.2502,LBen
P59H,0.2296,LBen
P59I,0.2774,LBen
P59K,0.1999,LBen
P59L,0.1657,LBen
P59M,0.3493,Amb
P59N,0.3473,Amb
P59Q,0.1484,LBen
P59R,0.1737,LBen
P59S,0.1548,LBen
P59T,0.119,LBen
P59V,0.185,LBen
P59W,0.6404,LPath
P59Y,0.4726,Amb
K60A,0.2367,LBen
K60C,0.613,LPath
K60D,0.526,Amb
K60E,0.191,LBen
K60F,0.6811,LPath
K60G,0.3674,Amb
K60H,0.3432,Amb
K60I,0.2821,LBen
K60L,0.2916,LBen
K60M,0.2735,LBen
K60N,0.4798,Amb
K60P,0.3832,Amb
K60Q,0.1555,LBen
K60R,0.084,LBen
K60S,0.3938,Amb
K60T,0.1941,LBen
K60V,0.2322,LBen
K60W,0.7488,LPath
K60Y,0.6168,LPath
A61C,0.1889,LBen
A61D,0.1901,LBen
A61E,0.1498,LBen
A61F,0.1976,LBen
A61G,0.0884,LBen
A61H,0.2167,LBen
A61I,0.1113,LBen
A61K,0.2043,LBen
A61L,0.0941,LBen
A61M,0.1328,LBen
A61N,0.1235,LBen
A61P,0.0768,LBen
A61Q,0.1484,LBen
A61R,0.2288,LBen
A61S,0.0769,LBen
A61T,0.0668,LBen
A61V,0.0792,LBen
A61W,0.3905,Amb
A61Y,0.2123,LBen
K62A,0.5868,LPath
K62C,0.8209,LPath
K62D,0.7947,LPath
K62E,0.4596,Amb
K62F,0.9161,LPath
K62G,0.533,Amb
K62H,0.6048,LPath
K62I,0.6832,LPath
K62L,0.6416,LPath
K62M,0.6446,LPath
K62N,0.7871,LPath
K62P,0.6077,LPath
K62Q,0.2855,LBen
K62R,0.0836,LBen
K62S,0.6846,LPath
K62T,0.5221,Amb
K62V,0.5699,LPath
K62W,0.8841,LPath
K62Y,0.8411,LPath
K63A,0.4246,Amb
K63C,0.739,LPath
K63D,0.6153,LPath
K63E,0.3908,Amb
K63F,0.7968,LPath
K63G,0.4309,Amb
K63H,0.3934,Amb
K63I,0.425,Amb
K63L,0.473,Amb
K63M,0.4176,Amb
K63N,0.5094,Amb
K63P,0.4611,Amb
K63Q,0.2242,LBen
K63R,0.0968,LBen
K63S,0.5252,Amb
K63T,0.2784,LBen
K63V,0.3992,Amb
K63W,0.8295,LPath
K63Y,0.6568,LPath
S64A,0.0572,LBen
S64C,0.0871,LBen
S64D,0.2222,LBen
S64E,0.2252,LBen
S64F,0.1484,LBen
S64G,0.067,LBen
S64H,0.1695,LBen
S64I,0.0928,LBen
S64K,0.231,LBen
S64L,0.0771,LBen
S64M,0.1097,LBen
S64N,0.0801,LBen
S64P,0.0753,LBen
S64Q,0.1697,LBen
S64R,0.2445,LBen
S64T,0.0598,LBen
S64V,0.0866,LBen
S64W,0.2405,LBen
S64Y,0.1367,LBen
K65A,0.3526,Amb
K65C,0.659,LPath
K65D,0.5646,LPath
K65E,0.3129,LBen
K65F,0.7612,LPath
K65G,0.3961,Amb
K65H,0.3569,Amb
K65I,0.4133,Amb
K65L,0.4044,Amb
K65M,0.403,Amb
K65N,0.539,Amb
K65P,0.51,Amb
K65Q,0.1911,LBen
K65R,0.0806,LBen
K65S,0.4644,Amb
K65T,0.2723,LBen
K65V,0.3397,LBen
K65W,0.7633,LPath
K65Y,0.6668,LPath
M66A,0.1196,LBen
M66C,0.3172,LBen
M66D,0.3255,LBen
M66E,0.1748,LBen
M66F,0.2026,LBen
M66G,0.1654,LBen
M66H,0.1861,LBen
M66I,0.1228,LBen
M66K,0.0715,LBen
M66L,0.0817,LBen
M66N,0.1437,LBen
M66P,0.1654,LBen
M66Q,0.0901,LBen
M66R,0.0848,LBen
M66S,0.1315,LBen
M66T,0.0896,LBen
M66V,0.0642,LBen
M66W,0.3201,LBen
M66Y,0.2697,LBen
K67A,0.3264,LBen
K67C,0.6961,LPath
K67D,0.4618,Amb
K67E,0.1868,LBen
K67F,0.7956,LPath
K67G,0.3271,LBen
K67H,0.3695,Amb
K67I,0.4235,Amb
K67L,0.4019,Amb
K67M,0.3404,Amb
K67N,0.4327,Amb
K67P,0.4099,Amb
K67Q,0.1535,LBen
K67R,0.0849,LBen
K67S,0.4132,Amb
K67T,0.2207,LBen
K67V,0.3657,Amb
K67W,0.7541,LPath
K67Y,0.6908,LPath
E68A,0.1663,LBen
E68C,0.6552,LPath
E68D,0.0879,LBen
E68F,0.6751,LPath
E68G,0.1132,LBen
E68H,0.3914,Amb
E68I,0.3263,LBen
E68K,0.1686,LBen
E68L,0.3265,LBen
E68M,0.4203,Amb
E68N,0.2152,LBen
E68P,0.3532,Amb
E68Q,0.1379,LBen
E68R,0.267,LBen
E68S,0.194,LBen
E68T,0.2056,LBen
E68V,0.19,LBen
E68W,0.7876,LPath
E68Y,0.4861,Amb
K69A,0.2466,LBen
K69C,0.5336,Amb
K69D,0.306,LBen
K69E,0.1633,LBen
K69F,0.6035,LPath
K69G,0.2798,LBen
K69H,0.2431,LBen
K69I,0.2265,LBen
K69L,0.2714,LBen
K69M,0.2092,LBen
K69N,0.2468,LBen
K69P,0.3602,Amb
K69Q,0.1279,LBen
K69R,0.0896,LBen
K69S,0.2936,LBen
K69T,0.136,LBen
K69V,0.2132,LBen
K69W,0.6862,LPath
K69Y,0.4776,Amb
L70A,0.0972,LBen
L70C,0.1981,LBen
L70D,0.2395,LBen
L70E,0.1382,LBen
L70F,0.0985,LBen
L70G,0.1594,LBen
L70H,0.1059,LBen
L70I,0.0681,LBen
L70K,0.0978,LBen
L70M,0.0728,LBen
L70N,0.1318,LBen
L70P,0.0923,LBen
L70Q,0.0672,LBen
L70R,0.0927,LBen
L70S,0.1012,LBen
L70T,0.0916,LBen
L70V,0.0629,LBen
L70W,0.1304,LBen
L70Y,0.1746,LBen
N71A,0.1128,LBen
N71C,0.1226,LBen
N71D,0.0993,LBen
N71E,0.1812,LBen
N71F,0.2942,LBen
N71G,0.1336,LBen
N71H,0.0763,LBen
N71I,0.1189,LBen
N71K,0.139,LBen
N71L,0.1295,LBen
N71M,0.1944,LBen
N71P,0.1821,LBen
N71Q,0.154,LBen
N71R,0.1593,LBen
N71S,0.0694,LBen
N71T,0.0822,LBen
N71V,0.1207,LBen
N71W,0.4534,Amb
N71Y,0.1177,LBen
G72A,0.1023,LBen
G72C,0.1233,LBen
G72D,0.1451,LBen
G72E,0.1366,LBen
G72F,0.3488,Amb
G72H,0.2342,LBen
G72I,0.1465,LBen
G72K,0.2004,LBen
G72L,0.2232,LBen
G72M,0.2566,LBen
G72N,0.1766,LBen
G72P,0.4272,Amb
G72Q,0.193,LBen
G72R,0.18,LBen
G72S,0.0969,LBen
G72T,0.0936,LBen
G72V,0.1061,LBen
G72W,0.2601,LBen
G72Y,0.2495,LBen
D73A,0.123,LBen
D73C,0.2842,LBen
D73E,0.0954,LBen
D73F,0.3106,LBen
D73G,0.1153,LBen
D73H,0.1651,LBen
D73I,0.1643,LBen
D73K,0.1767,LBen
D73L,0.21,LBen
D73M,0.3245,LBen
D73N,0.0835,LBen
D73P,0.3529,Amb
D73Q,0.1736,LBen
D73R,0.2159,LBen
D73S,0.1074,LBen
D73T,0.1399,LBen
D73V,0.1171,LBen
D73W,0.6665,LPath
D73Y,0.1503,LBen
T74A,0.0673,LBen
T74C,0.1883,LBen
T74D,0.1577,LBen
T74E,0.1327,LBen
T74F,0.1646,LBen
T74G,0.1174,LBen
T74H,0.14,LBen
T74I,0.0994,LBen
T74K,0.103,LBen
T74L,0.0846,LBen
T74M,0.0855,LBen
T74N,0.087,LBen
T74P,0.0886,LBen
T74Q,0.1354,LBen
T74R,0.1035,LBen
T74S,0.0772,LBen
T74V,0.0912,LBen
T74W,0.3457,Amb
T74Y,0.1724,LBen
E75A,0.1069,LBen
E75C,0.4913,Amb
E75D,0.0959,LBen
E75F,0.5227,Amb
E75G,0.0966,LBen
E75H,0.2422,LBen
E75I,0.2081,LBen
E75K,0.0799,LBen
E75L,0.2207,LBen
E75M,0.2716,LBen
E75N,0.1521,LBen
E75P,0.2841,LBen
E75Q,0.1012,LBen
E75R,0.1378,LBen
E75S,0.1206,LBen
E75T,0.121,LBen
E75V,0.1394,LBen
E75W,0.6702,LPath
E75Y,0.3772,Amb
E76A,0.1068,LBen
E76C,0.488,Amb
E76D,0.0684,LBen
E76F,0.4695,Amb
E76G,0.0967,LBen
E76H,0.2758,LBen
E76I,0.2075,LBen
E76K,0.1258,LBen
E76L,0.2423,LBen
E76M,0.288,LBen
E76N,0.1426,LBen
E76P,0.3144,LBen
E76Q,0.1354,LBen
E76R,0.2053,LBen
E76S,0.1314,LBen
E76T,0.1317,LBen
E76V,0.1379,LBen
E76W,0.6782,LPath
E76Y,0.3363,LBen
G77A,0.0842,LBen
G77C,0.1054,LBen
G77D,0.0984,LBen
G77E,0.1063,LBen
G77F,0.2743,LBen
G77H,0.1878,LBen
G77I,0.1097,LBen
G77K,0.174,LBen
G77L,0.1878,LBen
G77M,0.2059,LBen
G77N,0.1126,LBen
G77P,0.2911,LBen
G77Q,0.1761,LBen
G77R,0.175,LBen
G77S,0.0774,LBen
G77T,0.0777,LBen
G77V,0.0834,LBen
G77W,0.2455,LBen
G77Y,0.1743,LBen
F78A,0.1278,LBen
F78C,0.0763,LBen
F78D,0.1538,LBen
F78E,0.1944,LBen
F78G,0.1771,LBen
F78H,0.1943,LBen
F78I,0.0763,LBen
F78K,0.1856,LBen
F78L,0.3163,LBen
F78M,0.1582,LBen
F78N,0.1259,LBen
F78P,0.3602,Amb
F78Q,0.1961,LBen
F78R,0.1896,LBen
F78S,0.0933,LBen
F78T,0.112,LBen
F78V,0.0763,LBen
F78W,0.178,LBen
F78Y,0.0816,LBen
N79A,0.0929,LBen
N79C,0.0836,LBen
N79D,0.0736,LBen
N79E,0.1288,LBen
N79F,0.1977,LBen
N79G,0.1062,LBen
N79H,0.0602,LBen
N79I,0.0926,LBen
N79K,0.1039,LBen
N79L,0.0952,LBen
N79M,0.1733,LBen
N79P,0.136,LBen
N79Q,0.1114,LBen
N79R,0.1169,LBen
N79S,0.0573,LBen
N79T,0.069,LBen
N79V,0.0891,LBen
N79W,0.3363,LBen
N79Y,0.0879,LBen
R80A,0.1715,LBen
R80C,0.1209,LBen
R80D,0.2244,LBen
R80E,0.1555,LBen
R80F,0.2703,LBen
R80G,0.1121,LBen
R80H,0.0879,LBen
R80I,0.1218,LBen
R80K,0.0718,LBen
R80L,0.1239,LBen
R80M,0.1574,LBen
R80N,0.225,LBen
R80P,0.2194,LBen
R80Q,0.0837,LBen
R80S,0.1884,LBen
R80T,0.1174,LBen
R80V,0.1483,LBen
R80W,0.1624,LBen
R80Y,0.2098,LBen
L81A,0.1372,LBen
L81C,0.2339,LBen
L81D,0.2471,LBen
L81E,0.1713,LBen
L81F,0.0845,LBen
L81G,0.2265,LBen
L81H,0.1287,LBen
L81I,0.0723,LBen
L81K,0.1318,LBen
L81M,0.0954,LBen
L81N,0.1597,LBen
L81P,0.1165,LBen
L81Q,0.1016,LBen
L81R,0.1246,LBen
L81S,0.1316,LBen
L81T,0.1337,LBen
L81V,0.0728,LBen
L81W,0.153,LBen
L81Y,0.1673,LBen
S82A,0.0674,LBen
S82C,0.0987,LBen
S82D,0.1566,LBen
S82E,0.1852,LBen
S82F,0.1736,LBen
S82G,0.078,LBen
S82H,0.1655,LBen
S82I,0.1281,LBen
S82K,0.2118,LBen
S82L,0.097,LBen
S82M,0.1742,LBen
S82N,0.0947,LBen
S82P,0.0656,LBen
S82Q,0.2005,LBen
S82R,0.2121,LBen
S82T,0.0645,LBen
S82V,0.121,LBen
S82W,0.2528,LBen
S82Y,0.1463,LBen
D83A,0.0847,LBen
D83C,0.2274,LBen
D83E,0.072,LBen
D83F,0.286,LBen
D83G,0.0759,LBen
D83H,0.1184,LBen
D83I,0.1543,LBen
D83K,0.1094,LBen
D83L,0.1566,LBen
D83M,0.2751,LBen
D83N,0.0758,LBen
D83P,0.2133,LBen
D83Q,0.1261,LBen
D83R,0.1332,LBen
D83S,0.0738,LBen
D83T,0.0964,LBen
D83V,0.1012,LBen
D83W,0.5204,Amb
D83Y,0.1254,LBen
E84A,0.1079,LBen
E84C,0.4719,Amb
E84D,0.0616,LBen
E84F,0.4245,Amb
E84G,0.0896,LBen
E84H,0.2146,LBen
E84I,0.1747,LBen
E84K,0.1025,LBen
E84L,0.2409,LBen
E84M,0.3022,LBen
E84N,0.1192,LBen
E84P,0.2872,LBen
E84Q,0.1127,LBen
E84R,0.1586,LBen
E84S,0.1071,LBen
E84T,0.1096,LBen
E84V,0.1288,LBen
E84W,0.6627,LPath
E84Y,0.2753,LBen
F85A,0.1296,LBen
F85C,0.1089,LBen
F85D,0.134,LBen
F85E,0.2029,LBen
F85G,0.2157,LBen
F85H,0.2225,LBen
F85I,0.0594,LBen
F85K,0.2158,LBen
F85L,0.425,Amb
F85M,0.2035,LBen
F85N,0.1144,LBen
F85P,0.3641,Amb
F85Q,0.2524,LBen
F85R,0.2363,LBen
F85S,0.0936,LBen
F85T,0.1088,LBen
F85V,0.0677,LBen
F85W,0.2748,LBen
F85Y,0.076,LBen
S86A,0.071,LBen
S86C,0.0821,LBen
S86D,0.2074,LBen
S86E,0.2189,LBen
S86F,0.1395,LBen
S86G,0.0834,LBen
S86H,0.1721,LBen
S86I,0.1062,LBen
S86K,0.2625,LBen
S86L,0.0797,LBen
S86M,0.1692,LBen
S86N,0.1097,LBen
S86P,0.0737,LBen
S86Q,0.2123,LBen
S86R,0.2387,LBen
S86T,0.0683,LBen
S86V,0.1083,LBen
S86W,0.2298,LBen
S86Y,0.1269,LBen
K87A,0.1626,LBen
K87C,0.4224,Amb
K87D,0.2265,LBen
K87E,0.1112,LBen
K87F,0.4432,Amb
K87G,0.1922,LBen
K87H,0.1986,LBen
K87I,0.1857,LBen
K87L,0.2097,LBen
K87M,0.2056,LBen
K87N,0.2192,LBen
K87P,0.2264,LBen
K87Q,0.1076,LBen
K87R,0.0723,LBen
K87S,0.1925,LBen
K87T,0.1167,LBen
K87V,0.1653,LBen
K87W,0.5466,Amb
K87Y,0.3655,Amb
S88A,0.0743,LBen
S88C,0.088,LBen
S88D,0.1749,LBen
S88E,0.2022,LBen
S88F,0.1421,LBen
S88G,0.0774,LBen
S88H,0.1564,LBen
S88I,0.0999,LBen
S88K,0.2103,LBen
S88L,0.0935,LBen
S88M,0.1612,LBen
S88N,0.081,LBen
S88P,0.0727,LBen
S88Q,0.1988,LBen
S88R,0.2227,LBen
S88T,0.0632,LBen
S88V,0.1077,LBen
S88W,0.2457,LBen
S88Y,0.1146,LBen
H89A,0.1135,LBen
H89C,0.1159,LBen
H89D,0.1001,LBen
H89E,0.1164,LBen
H89F,0.2067,LBen
H89G,0.1189,LBen
H89I,0.1559,LBen
H89K,0.0829,LBen
H89L,0.0952,LBen
H89M,0.2539,LBen
H89N,0.0688,LBen
H89P,0.0746,LBen
H89Q,0.0771,LBen
H89R,0.061,LBen
H89S,0.0948,LBen
H89T,0.1076,LBen
H89V,0.1244,LBen
H89W,0.2652,LBen
H89Y,0.0966,LBen
K90A,0.2407,LBen
K90C,0.5123,Amb
K90D,0.3557,Amb
K90E,0.1768,LBen
K90F,0.5448,Amb
K90G,0.259,LBen
K90H,0.2326,LBen
K90I,0.2346,LBen
K90L,0.2808,LBen
K90M,0.2773,LBen
K90N,0.3248,LBen
K90P,0.3274,LBen
K90Q,0.1262,LBen
K90R,0.0753,LBen
K90S,0.2818,LBen
K90T,0.1545,LBen
K90V,0.2305,LBen
K90W,0.6241,LPath
K90Y,0.4432,Amb
S91A,0.0631,LBen
S91C,0.0913,LBen
S91D,0.1845,LBen
S91E,0.1985,LBen
S91F,0.1385,LBen
S91G,0.0773,LBen
S91H,0.1639,LBen
S91I,0.0941,LBen
S91K,0.2028,LBen
S91L,0.0847,LBen
S91M,0.1416,LBen
S91N,0.0822,LBen
S91P,0.0747,LBen
S91Q,0.1877,LBen
S91R,0.2257,LBen
S91T,0.0635,LBen
S91V,0.0904,LBen
S91W,0.236,LBen
S91Y,0.1144,LBen
R92A,0.2358,LBen
R92C,0.1785,LBen
R92D,0.3433,Amb
R92E,0.1966,LBen
R92F,0.3703,Amb
R92G,0.1421,LBen
R92H,0.1172,LBen
R92I,0.17,LBen
R92K,0.0737,LBen
R92L,0.1758,LBen
R92M,0.2315,LBen
R92N,0.3365,LBen
R92P,0.2371,LBen
R92Q,0.0962,LBen
R92S,0.2754,LBen
R92T,0.1788,LBen
R92V,0.2071,LBen
R92W,0.1947,LBen
R92Y,0.3039,LBen
R93A,0.2753,LBen
R93C,0.2214,LBen
R93D,0.3798,Amb
R93E,0.1962,LBen
R93F,0.4396,Amb
R93G,0.1469,LBen
R93H,0.1441,LBen
R93I,0.2013,LBen
R93K,0.0731,LBen
R93L,0.1984,LBen
R93M,0.2445,LBen
R93N,0.3703,Amb
R93P,0.2609,LBen
R93Q,0.1011,LBen
R93S,0.3212,LBen
R93T,0.2064,LBen
R93V,0.2468,LBen
R93W,0.2288,LBen
R93Y,0.3529,Amb
K94A,0.2204,LBen
K94C,0.5258,Amb
K94D,0.2783,LBen
K94E,0.1174,LBen
K94F,0.5617,Amb
K94G,0.2172,LBen
K94H,0.2573,LBen
K94I,0.2481,LBen
K94L,0.2724,LBen
K94M,0.2222,LBen
K94N,0.2497,LBen
K94P,0.3268,LBen
K94Q,0.1222,LBen
K94R,0.0759,LBen
K94S,0.2526,LBen
K94T,0.1413,LBen
K94V,0.2329,LBen
K94W,0.5857,LPath
K94Y,0.4476,Amb
D95A,0.094,LBen
D95C,0.2413,LBen
D95E,0.0844,LBen
D95F,0.249,LBen
D95G,0.0826,LBen
D95H,0.149,LBen
D95I,0.1287,LBen
D95K,0.1801,LBen
D95L,0.1554,LBen
D95M,0.2983,LBen
D95N,0.0806,LBen
D95P,0.2473,LBen
D95Q,0.1641,LBen
D95R,0.1981,LBen
D95S,0.0861,LBen
D95T,0.1132,LBen
D95V,0.0873,LBen
D95W,0.5795,LPath
D95Y,0.1078,LBen
L96A,0.0939,LBen
L96C,0.1994,LBen
L96D,0.2095,LBen
L96E,0.145,LBen
L96F,0.0694,LBen
L96G,0.1757,LBen
L96H,0.0939,LBen
L96I,0.0557,LBen
L96K,0.105,LBen
L96M,0.0786,LBen
L96N,0.1105,LBen
L96P,0.1282,LBen
L96Q,0.0827,LBen
L96R,0.1023,LBen
L96S,0.0784,LBen
L96T,0.0797,LBen
L96V,0.0602,LBen
L96W,0.1572,LBen
L96Y,0.1388,LBen
P97A,0.0696,LBen
P97C,0.1988,LBen
P97D,0.1863,LBen
P97E,0.141,LBen
P97F,0.2353,LBen
P97G,0.1447,LBen
P97H,0.1044,LBen
P97I,0.1352,LBen
P97K,0.1336,LBen
P97L,0.0917,LBen
P97M,0.1905,LBen
P97N,0.144,LBen
P97Q,0.0918,LBen
P97R,0.1171,LBen
P97S,0.0805,LBen
P97T,0.0711,LBen
P97V,0.1082,LBen
P97W,0.3413,Amb
P97Y,0.2145,LBen
N98A,0.0864,LBen
N98C,0.1047,LBen
N98D,0.0788,LBen
N98E,0.1404,LBen
N98F,0.2294,LBen
N98G,0.1189,LBen
N98H,0.0739,LBen
N98I,0.088,LBen
N98K,0.104,LBen
N98L,0.1115,LBen
N98M,0.1684,LBen
N98P,0.1954,LBen
N98Q,0.1454,LBen
N98R,0.1194,LBen
N98S,0.0615,LBen
N98T,0.0675,LBen
N98V,0.0855,LBen
N98W,0.4334,Amb
N98Y,0.0896,LBen
G99A,0.0952,LBen
G99C,0.1193,LBen
G99D,0.1192,LBen
G99E,0.1128,LBen
G99F,0.3374,LBen
G99H,0.2096,LBen
G99I,0.1308,LBen
G99K,0.1783,LBen
G99L,0.2121,LBen
G99M,0.2521,LBen
G99N,0.1611,LBen
G99P,0.4485,Amb
G99Q,0.1837,LBen
G99R,0.1507,LBen
G99S,0.0893,LBen
G99T,0.0904,LBen
G99V,0.0957,LBen
G99W,0.2489,LBen
G99Y,0.2231,LBen
D100A,0.101,LBen
D100C,0.2163,LBen
D100E,0.087,LBen
D100F,0.2314,LBen
D100G,0.0942,LBen
D100H,0.1276,LBen
D100I,0.1157,LBen
D100K,0.1404,LBen
D100L,0.1568,LBen
D100M,0.267,LBen
D100N,0.0707,LBen
D100P,0.3121,LBen
D100Q,0.1499,LBen
D100R,0.1593,LBen
D100S,0.0868,LBen
D100T,0.1116,LBen
D100V,0.088,LBen
D100W,0.5608,Amb
D100Y,0.1,LBen
I101A,0.0722,LBen
I101C,0.2224,LBen
I101D,0.1363,LBen
I101E,0.1295,LBen
I101F,0.0734,LBen
I101G,0.1472,LBen
I101H,0.1393,LBen
I101K,0.0871,LBen
I101L,0.0732,LBen
I101M,0.0667,LBen
I101N,0.0739,LBen
I101P,0.1632,LBen
I101Q,0.1227,LBen
I101R,0.0718,LBen
I101S,0.0705,LBen
I101T,0.0542,LBen
I101V,0.0618,LBen
I101W,0.2949,LBen
I101Y,0.1897,LBen
D102A,0.0745,LBen
D102C,0.1812,LBen
D102E,0.078,LBen
D102F,0.2064,LBen
D102G,0.0707,LBen
D102H,0.1025,LBen
D102I,0.1104,LBen
D102K,0.1089,LBen
D102L,0.1158,LBen
D102M,0.2302,LBen
D102N,0.0739,LBen
D102P,0.2005,LBen
D102Q,0.1189,LBen
D102R,0.1155,LBen
D102S,0.0676,LBen
D102T,0.0874,LBen
D102V,0.0815,LBen
D102W,0.4383,Amb
D102Y,0.0929,LBen
E103A,0.093,LBen
E103C,0.3926,Amb
E103D,0.0677,LBen
E103F,0.3614,Amb
E103G,0.0777,LBen
E103H,0.1847,LBen
E103I,0.1417,LBen
E103K,0.0832,LBen
E103L,0.1792,LBen
E103M,0.2438,LBen
E103N,0.1121,LBen
E103P,0.2603,LBen
E103Q,0.1002,LBen
E103R,0.1309,LBen
E103S,0.0992,LBen
E103T,0.0991,LBen
E103V,0.1077,LBen
E103W,0.581,LPath
E103Y,0.2469,LBen
Y104A,0.1188,LBen
Y104C,0.0653,LBen
Y104D,0.0649,LBen
Y104E,0.1309,LBen
Y104F,0.0855,LBen
Y104G,0.1077,LBen
Y104H,0.0977,LBen
Y104I,0.1282,LBen
Y104K,0.1287,LBen
Y104L,0.1711,LBen
Y104M,0.2076,LBen
Y104N,0.0522,LBen
Y104P,0.1984,LBen
Y104Q,0.1376,LBen
Y104R,0.1235,LBen
Y104S,0.0686,LBen
Y104T,0.0895,LBen
Y104V,0.1069,LBen
Y104W,0.2222,LBen
E105A,0.1319,LBen
E105C,0.4756,Amb
E105D,0.1003,LBen
E105F,0.4965,Amb
E105G,0.09,LBen
E105H,0.2219,LBen
E105I,0.2044,LBen
E105K,0.0885,LBen
E105L,0.2257,LBen
E105M,0.3279,LBen
E105N,0.1685,LBen
E105P,0.2913,LBen
E105Q,0.0894,LBen
E105R,0.1273,LBen
E105S,0.1295,LBen
E105T,0.1438,LBen
E105V,0.1443,LBen
E105W,0.6566,LPath
E105Y,0.349,Amb
K106A,0.2011,LBen
K106C,0.4613,Amb
K106D,0.2329,LBen
K106E,0.0955,LBen
K106F,0.5301,Amb
K106G,0.1936,LBen
K106H,0.2521,LBen
K106I,0.2058,LBen
K106L,0.2177,LBen
K106M,0.1762,LBen
K106N,0.1997,LBen
K106P,0.2913,LBen
K106Q,0.1107,LBen
K106R,0.0819,LBen
K106S,0.2272,LBen
K106T,0.1212,LBen
K106V,0.1943,LBen
K106W,0.5518,Amb
K106Y,0.396,Amb
K107A,0.1681,LBen
K107C,0.4456,Amb
K107D,0.2101,LBen
K107E,0.1069,LBen
K107F,0.4707,Amb
K107G,0.1865,LBen
K107H,0.206,LBen
K107I,0.1669,LBen
K107L,0.2028,LBen
K107M,0.1648,LBen
K107N,0.1692,LBen
K107P,0.213,LBen
K107Q,0.1076,LBen
K107R,0.0803,LBen
K107S,0.1869,LBen
K107T,0.094,LBen
K107V,0.1727,LBen
K107W,0.566,LPath
K107Y,0.3607,Amb
S108A,0.0782,LBen
S108C,0.0966,LBen
S108D,0.1855,LBen
S108E,0.2006,LBen
S108F,0.1769,LBen
S108G,0.079,LBen
S108H,0.1907,LBen
S108I,0.1257,LBen
S108K,0.263,LBen
S108L,0.0979,LBen
S108M,0.1695,LBen
S108N,0.082,LBen
S108P,0.0768,LBen
S108Q,0.2295,LBen
S108R,0.2711,LBen
S108T,0.0705,LBen
S108V,0.1262,LBen
S108W,0.2368,LBen
S108Y,0.1259,LBen
K109A,0.1925,LBen
K109C,0.4379,Amb
K109D,0.2593,LBen
K109E,0.1026,LBen
K109F,0.5275,Amb
K109G,0.1961,LBen
K109H,0.224,LBen
K109I,0.223,LBen
K109L,0.2298,LBen
K109M,0.2009,LBen
K109N,0.2371,LBen
K109P,0.2866,LBen
K109Q,0.0993,LBen
K109R,0.0724,LBen
K109S,0.2112,LBen
K109T,0.1255,LBen
K109V,0.2037,LBen
K109W,0.5738,LPath
K109Y,0.4302,Amb
R110A,0.1362,LBen
R110C,0.1371,LBen
R110D,0.1959,LBen
R110E,0.1402,LBen
R110F,0.2811,LBen
R110G,0.0922,LBen
R110H,0.0913,LBen
R110I,0.1079,LBen
R110K,0.0736,LBen
R110L,0.1209,LBen
R110M,0.1376,LBen
R110N,0.2018,LBen
R110P,0.1497,LBen
R110Q,0.087,LBen
R110S,0.1775,LBen
R110T,0.0891,LBen
R110V,0.1364,LBen
R110W,0.1576,LBen
R110Y,0.2167,LBen
V111A,0.087,LBen
V111C,0.3446,Amb
V111D,0.0908,LBen
V111E,0.1083,LBen
V111F,0.0877,LBen
V111G,0.0823,LBen
V111H,0.199,LBen
V111I,0.0714,LBen
V111K,0.1281,LBen
V111L,0.1026,LBen
V111M,0.1056,LBen
V111N,0.0895,LBen
V111P,0.1389,LBen
V111Q,0.1363,LBen
V111R,0.1296,LBen
V111S,0.0827,LBen
V111T,0.0937,LBen
V111W,0.4312,Amb
V111Y,0.2143,LBen
S112A,0.0711,LBen
S112C,0.0832,LBen
S112D,0.1694,LBen
S112E,0.2448,LBen
S112F,0.1176,LBen
S112G,0.0813,LBen
S112H,0.1774,LBen
S112I,0.1011,LBen
S112K,0.315,LBen
S112L,0.0832,LBen
S112M,0.1644,LBen
S112N,0.0926,LBen
S112P,0.0754,LBen
S112Q,0.2708,LBen
S112R,0.2878,LBen
S112T,0.0671,LBen
S112V,0.1096,LBen
S112W,0.2424,LBen
S112Y,0.1117,LBen
S113A,0.0729,LBen
S113C,0.0829,LBen
S113D,0.1838,LBen
S113E,0.2599,LBen
S113F,0.1158,LBen
S113G,0.0836,LBen
S113H,0.1779,LBen
S113I,0.1002,LBen
S113K,0.3439,Amb
S113L,0.0796,LBen
S113M,0.1658,LBen
S113N,0.1016,LBen
S113P,0.0775,LBen
S113Q,0.2876,LBen
S113R,0.3108,LBen
S113T,0.0682,LBen
S113V,0.1052,LBen
S113W,0.2491,LBen
S113Y,0.1122,LBen
L114A,0.0689,LBen
L114C,0.1697,LBen
L114D,0.156,LBen
L114E,0.1065,LBen
L114F,0.0717,LBen
L114G,0.1339,LBen
L114H,0.0808,LBen
L114I,0.0633,LBen
L114K,0.0938,LBen
L114M,0.0773,LBen
L114N,0.1067,LBen
L114P,0.0686,LBen
L114Q,0.0685,LBen
L114R,0.0855,LBen
L114S,0.0598,LBen
L114T,0.0637,LBen
L114V,0.0595,LBen
L114W,0.1104,LBen
L114Y,0.1468,LBen
D115A,0.1094,LBen
D115C,0.2867,LBen
D115E,0.0943,LBen
D115F,0.3301,LBen
D115G,0.0946,LBen
D115H,0.1404,LBen
D115I,0.188,LBen
D115K,0.1988,LBen
D115L,0.194,LBen
D115M,0.3596,Amb
D115N,0.0878,LBen
D115P,0.2516,LBen
D115Q,0.1651,LBen
D115R,0.2132,LBen
D115S,0.0934,LBen
D115T,0.1353,LBen
D115V,0.1203,LBen
D115W,0.6512,LPath
D115Y,0.1309,LBen
T116A,0.0657,LBen
T116C,0.1457,LBen
T116D,0.1269,LBen
T116E,0.1677,LBen
T116F,0.1297,LBen
T116G,0.1003,LBen
T116H,0.1421,LBen
T116I,0.0961,LBen
T116K,0.1635,LBen
T116L,0.0861,LBen
T116M,0.1094,LBen
T116N,0.0707,LBen
T116P,0.08,LBen
T116Q,0.1817,LBen
T116R,0.1526,LBen
T116S,0.0635,LBen
T116V,0.0972,LBen
T116W,0.3349,LBen
T116Y,0.1206,LBen
S117A,0.0678,LBen
S117C,0.0955,LBen
S117D,0.1501,LBen
S117E,0.2172,LBen
S117F,0.1413,LBen
S117G,0.0803,LBen
S117H,0.2018,LBen
S117I,0.1148,LBen
S117K,0.3241,LBen
S117L,0.0937,LBen
S117M,0.1684,LBen
S117N,0.0906,LBen
S117P,0.0867,LBen
S117Q,0.2834,LBen
S117R,0.3181,LBen
S117T,0.0655,LBen
S117V,0.1114,LBen
S117W,0.279,LBen
S117Y,0.1353,LBen
T118A,0.0635,LBen
T118C,0.1738,LBen
T118D,0.1342,LBen
T118E,0.1342,LBen
T118F,0.1282,LBen
T118G,0.1123,LBen
T118H,0.1248,LBen
T118I,0.0889,LBen
T118K,0.1233,LBen
T118L,0.0757,LBen
T118M,0.0924,LBen
T118N,0.0741,LBen
T118P,0.0731,LBen
T118Q,0.1301,LBen
T118R,0.1093,LBen
T118S,0.0674,LBen
T118V,0.0879,LBen
T118W,0.3205,LBen
T118Y,0.1432,LBen
H119A,0.0892,LBen
H119C,0.0841,LBen
H119D,0.0655,LBen
H119E,0.0879,LBen
H119F,0.1858,LBen
H119G,0.0984,LBen
H119I,0.1283,LBen
H119K,0.0924,LBen
H119L,0.078,LBen
H119M,0.2087,LBen
H119N,0.0537,LBen
H119P,0.0691,LBen
H119Q,0.0743,LBen
H119R,0.0688,LBen
H119S,0.0756,LBen
H119T,0.0836,LBen
H119V,0.0995,LBen
H119W,0.242,LBen
H119Y,0.0832,LBen
K120A,0.1351,LBen
K120C,0.3188,LBen
K120D,0.1663,LBen
K120E,0.0785,LBen
K120F,0.4124,Amb
K120G,0.1632,LBen
K120H,0.1593,LBen
K120I,0.1453,LBen
K120L,0.172,LBen
K120M,0.1534,LBen
K120N,0.1509,LBen
K120P,0.2349,LBen
K120Q,0.0841,LBen
K120R,0.0768,LBen
K120S,0.1468,LBen
K120T,0.0821,LBen
K120V,0.1472,LBen
K120W,0.5197,Amb
K120Y,0.3176,LBen
S121A,0.0728,LBen
S121C,0.0883,LBen
S121D,0.1363,LBen
S121E,0.1882,LBen
S121F,0.1421,LBen
S121G,0.0786,LBen
S121H,0.1767,LBen
S121I,0.0979,LBen
S121K,0.2843,LBen
S121L,0.088,LBen
S121M,0.1581,LBen
S121N,0.0804,LBen
S121P,0.084,LBen
S121Q,0.2445,LBen
S121R,0.2845,LBen
S121T,0.067,LBen
S121V,0.1051,LBen
S121W,0.2638,LBen
S121Y,0.119,LBen
S122A,0.0746,LBen
S122C,0.0927,LBen
S122D,0.1535,LBen
S122E,0.2036,LBen
S122F,0.1583,LBen
S122G,0.0782,LBen
S122H,0.2056,LBen
S122I,0.1212,LBen
S122K,0.3094,LBen
S122L,0.0927,LBen
S122M,0.1758,LBen
S122N,0.0991,LBen
S122P,0.0988,LBen
S122Q,0.282,LBen
S122R,0.2939,LBen
S122T,0.067,LBen
S122V,0.1193,LBen
S122W,0.257,LBen
S122Y,0.1427,LBen
D123A,0.121,LBen
D123C,0.2903,LBen
D123E,0.088,LBen
D123F,0.3827,Amb
D123G,0.0961,LBen
D123H,0.1749,LBen
D123I,0.2047,LBen
D123K,0.1997,LBen
D123L,0.2393,LBen
D123M,0.408,Amb
D123N,0.0849,LBen
D123P,0.3465,Amb
D123Q,0.1815,LBen
D123R,0.2162,LBen
D123S,0.0893,LBen
D123T,0.1427,LBen
D123V,0.1381,LBen
D123W,0.6708,LPath
D123Y,0.1563,LBen
N124A,0.1013,LBen
N124C,0.1174,LBen
N124D,0.0595,LBen
N124E,0.1167,LBen
N124F,0.2794,LBen
N124G,0.1248,LBen
N124H,0.078,LBen
N124I,0.0973,LBen
N124K,0.1231,LBen
N124L,0.1153,LBen
N124M,0.1831,LBen
N124P,0.1891,LBen
N124Q,0.1481,LBen
N124R,0.1523,LBen
N124S,0.0608,LBen
N124T,0.0678,LBen
N124V,0.0989,LBen
N124W,0.4722,Amb
N124Y,0.0997,LBen
K125A,0.1424,LBen
K125C,0.3624,Amb
K125D,0.1576,LBen
K125E,0.0783,LBen
K125F,0.4584,Amb
K125G,0.1896,LBen
K125H,0.1594,LBen
K125I,0.1452,LBen
K125L,0.1715,LBen
K125M,0.146,LBen
K125N,0.1525,LBen
K125P,0.2374,LBen
K125Q,0.0872,LBen
K125R,0.0807,LBen
K125S,0.1639,LBen
K125T,0.0795,LBen
K125V,0.1394,LBen
K125W,0.5775,LPath
K125Y,0.3495,Amb
L126A,0.0741,LBen
L126C,0.2262,LBen
L126D,0.1442,LBen
L126E,0.0858,LBen
L126F,0.0976,LBen
L126G,0.1458,LBen
L126H,0.0993,LBen
L126I,0.0699,LBen
L126K,0.0853,LBen
L126M,0.0767,LBen
L126N,0.1057,LBen
L126P,0.0631,LBen
L126Q,0.067,LBen
L126R,0.0878,LBen
L126S,0.0768,LBen
L126T,0.0701,LBen
L126V,0.0646,LBen
L126W,0.1313,LBen
L126Y,0.1793,LBen
E127A,0.1368,LBen
E127C,0.6244,LPath
E127D,0.0962,LBen
E127F,0.628,LPath
E127G,0.1112,LBen
E127H,0.3159,LBen
E127I,0.282,LBen
E127K,0.1394,LBen
E127L,0.2576,LBen
E127M,0.3801,Amb
E127N,0.215,LBen
E127P,0.2705,LBen
E127Q,0.1234,LBen
E127R,0.2143,LBen
E127S,0.1705,LBen
E127T,0.1775,LBen
E127V,0.1688,LBen
E127W,0.739,LPath
E127Y,0.4842,Amb
E128A,0.1291,LBen
E128C,0.6864,LPath
E128D,0.0749,LBen
E128F,0.6535,LPath
E128G,0.1045,LBen
E128H,0.3728,Amb
E128I,0.2826,LBen
E128K,0.1467,LBen
E128L,0.3029,LBen
E128M,0.3778,Amb
E128N,0.1647,LBen
E128P,0.3075,LBen
E128Q,0.1429,LBen
E128R,0.265,LBen
E128S,0.1617,LBen
E128T,0.1639,LBen
E128V,0.1607,LBen
E128W,0.83,LPath
E128Y,0.4691,Amb
T129A,0.0688,LBen
T129C,0.2235,LBen
T129D,0.1273,LBen
T129E,0.1006,LBen
T129F,0.1682,LBen
T129G,0.123,LBen
T129H,0.1481,LBen
T129I,0.0963,LBen
T129K,0.1134,LBen
T129L,0.0926,LBen
T129M,0.0836,LBen
T129N,0.0669,LBen
T129P,0.0703,LBen
T129Q,0.1231,LBen
T129R,0.1267,LBen
T129S,0.0797,LBen
T129V,0.087,LBen
T129W,0.4171,Amb
T129Y,0.1757,LBen
L130A,0.1345,LBen
L130C,0.353,Amb
L130D,0.4134,Amb
L130E,0.1461,LBen
L130F,0.1256,LBen
L130G,0.307,LBen
L130H,0.2219,LBen
L130I,0.0941,LBen
L130K,0.1745,LBen
L130M,0.091,LBen
L130N,0.2885,LBen
L130P,0.1468,LBen
L130Q,0.1093,LBen
L130R,0.1767,LBen
L130S,0.1788,LBen
L130T,0.1519,LBen
L130V,0.0719,LBen
L130W,0.234,LBen
L130Y,0.2702,LBen
T131A,0.2219,LBen
T131C,0.582,LPath
T131D,0.3931,Amb
T131E,0.4547,Amb
T131F,0.6654,LPath
T131G,0.2894,LBen
T131H,0.4209,Amb
T131I,0.7045,LPath
T131K,0.4479,Amb
T131L,0.277,LBen
T131M,0.2961,LBen
T131N,0.1582,LBen
T131P,0.1685,LBen
T131Q,0.3558,Amb
T131R,0.4063,Amb
T131S,0.1041,LBen
T131V,0.5506,Amb
T131W,0.8126,LPath
T131Y,0.6026,LPath
R132A,0.0972,LBen
R132C,0.1091,LBen
R132D,0.1894,LBen
R132E,0.1097,LBen
R132F,0.2924,LBen
R132G,0.1039,LBen
R132H,0.0825,LBen
R132I,0.1056,LBen
R132K,0.0659,LBen
R132L,0.0995,LBen
R132M,0.1246,LBen
R132N,0.1868,LBen
R132P,0.1047,LBen
R132Q,0.0662,LBen
R132S,0.1478,LBen
R132T,0.086,LBen
R132V,0.1108,LBen
R132W,0.1404,LBen
R132Y,0.204,LBen
E133A,0.5102,Amb
E133C,0.9725,LPath
E133D,0.4604,Amb
E133F,0.9757,LPath
E133G,0.6556,LPath
E133H,0.9291,LPath
E133I,0.8208,LPath
E133K,0.7539,LPath
E133L,0.8386,LPath
E133M,0.9089,LPath
E133N,0.8751,LPath
E133P,0.8968,LPath
E133Q,0.5345,Amb
E133R,0.8126,LPath
E133S,0.7548,LPath
E133T,0.7827,LPath
E133V,0.7009,LPath
E133W,0.9905,LPath
E133Y,0.9485,LPath
Q134A,0.4155,Amb
Q134C,0.9467,LPath
Q134D,0.8901,LPath
Q134E,0.1048,LBen
Q134F,0.9702,LPath
Q134G,0.6534,LPath
Q134H,0.8576,LPath
Q134I,0.8566,LPath
Q134K,0.3118,LBen
Q134L,0.5854,LPath
Q134M,0.5785,LPath
Q134N,0.8218,LPath
Q134P,0.9316,LPath
Q134R,0.4779,Amb
Q134S,0.7786,LPath
Q134T,0.7636,LPath
Q134V,0.7283,LPath
Q134W,0.9741,LPath
Q134Y,0.9399,LPath
K135A,0.3992,Amb
K135C,0.7061,LPath
K135D,0.7598,LPath
K135E,0.1412,LBen
K135F,0.8442,LPath
K135G,0.6493,LPath
K135H,0.418,Amb
K135I,0.312,LBen
K135L,0.3275,LBen
K135M,0.2008,LBen
K135N,0.6264,LPath
K135P,0.9806,LPath
K135Q,0.1033,LBen
K135R,0.0769,LBen
K135S,0.6015,LPath
K135T,0.241,LBen
K135V,0.281,LBen
K135W,0.7852,LPath
K135Y,0.709,LPath
E136A,0.2324,LBen
E136C,0.9259,LPath
E136D,0.1556,LBen
E136F,0.8941,LPath
E136G,0.4151,Amb
E136H,0.7636,LPath
E136I,0.5519,Amb
E136K,0.4562,Amb
E136L,0.533,Amb
E136M,0.6495,LPath
E136N,0.4942,Amb
E136P,0.9477,LPath
E136Q,0.3063,LBen
E136R,0.5927,LPath
E136S,0.4249,Amb
E136T,0.4478,Amb
E136V,0.3753,Amb
E136W,0.9602,LPath
E136Y,0.8143,LPath
G137A,0.921,LPath
G137C,0.9923,LPath
G137D,0.9964,LPath
G137E,0.996,LPath
G137F,0.9976,LPath
G137H,0.9994,LPath
G137I,0.9962,LPath
G137K,0.9993,LPath
G137L,0.9967,LPath
G137M,0.9973,LPath
G137N,0.9966,LPath
G137P,0.9997,LPath
G137Q,0.9987,LPath
G137R,0.9985,LPath
G137S,0.9801,LPath
G137T,0.9921,LPath
G137V,0.991,LPath
G137W,0.9979,LPath
G137Y,0.9965,LPath
A138C,0.5661,LPath
A138D,0.2018,LBen
A138E,0.4492,Amb
A138F,0.6656,LPath
A138G,0.3893,Amb
A138H,0.5682,LPath
A138I,0.6781,LPath
A138K,0.7522,LPath
A138L,0.3656,Amb
A138M,0.5169,Amb
A138N,0.2812,LBen
A138P,0.9555,LPath
A138Q,0.4455,Amb
A138R,0.6395,LPath
A138S,0.1024,LBen
A138T,0.319,LBen
A138V,0.4395,Amb
A138W,0.925,LPath
A138Y,0.6378,LPath
F139A,0.9913,LPath
F139C,0.9764,LPath
F139D,0.9988,LPath
F139E,0.9987,LPath
F139G,0.9971,LPath
F139H,0.9952,LPath
F139I,0.8641,LPath
F139K,0.9988,LPath
F139L,0.977,LPath
F139M,0.9566,LPath
F139N,0.9969,LPath
F139P,0.9977,LPath
F139Q,0.9981,LPath
F139R,0.9961,LPath
F139S,0.9951,LPath
F139T,0.9931,LPath
F139V,0.8502,LPath
F139W,0.9406,LPath
F139Y,0.8372,LPath
S140A,0.0704,LBen
S140C,0.121,LBen
S140D,0.3712,Amb
S140E,0.3511,Amb
S140F,0.3252,LBen
S140G,0.1276,LBen
S140H,0.3455,Amb
S140I,0.3029,LBen
S140K,0.6416,LPath
S140L,0.1426,LBen
S140M,0.2785,LBen
S140N,0.2386,LBen
S140P,0.5795,LPath
S140Q,0.4174,Amb
S140R,0.592,LPath
S140T,0.0914,LBen
S140V,0.2487,LBen
S140W,0.4605,Amb
S140Y,0.2913,LBen
N141A,0.2553,LBen
N141C,0.2313,LBen
N141D,0.2298,LBen
N141E,0.4202,Amb
N141F,0.6496,LPath
N141G,0.3447,Amb
N141H,0.1084,LBen
N141I,0.4213,Amb
N141K,0.286,LBen
N141L,0.2779,LBen
N141M,0.4443,Amb
N141P,0.9375,LPath
N141Q,0.2955,LBen
N141R,0.2478,LBen
N141S,0.1033,LBen
N141T,0.2149,LBen
N141V,0.3237,LBen
N141W,0.8512,LPath
N141Y,0.2303,LBen
F142A,0.9948,LPath
F142C,0.9386,LPath
F142D,0.9985,LPath
F142E,0.9982,LPath
F142G,0.9961,LPath
F142H,0.9241,LPath
F142I,0.9375,LPath
F142K,0.9963,LPath
F142L,0.9901,LPath
F142M,0.9753,LPath
F142N,0.9869,LPath
F142P,0.9998,LPath
F142Q,0.9935,LPath
F142R,0.9901,LPath
F142S,0.9863,LPath
F142T,0.9919,LPath
F142V,0.9346,LPath
F142W,0.879,LPath
F142Y,0.3857,Amb
P143A,0.0998,LBen
P143C,0.3139,LBen
P143D,0.305,LBen
P143E,0.2544,LBen
P143F,0.4954,Amb
P143G,0.2601,LBen
P143H,0.1477,LBen
P143I,0.3871,Amb
P143K,0.232,LBen
P143L,0.1718,LBen
P143M,0.3813,Amb
P143N,0.2437,LBen
P143Q,0.1395,LBen
P143R,0.1309,LBen
P143S,0.125,LBen
P143T,0.1396,LBen
P143V,0.2557,LBen
P143W,0.5881,LPath
P143Y,0.384,Amb
I144A,0.963,LPath
I144C,0.9706,LPath
I144D,0.9995,LPath
I144E,0.9985,LPath
I144F,0.8084,LPath
I144G,0.9969,LPath
I144H,0.9981,LPath
I144K,0.997,LPath
I144L,0.1564,LBen
I144M,0.445,Amb
I144N,0.9954,LPath
I144P,0.9928,LPath
I144Q,0.9975,LPath
I144R,0.9944,LPath
I144S,0.9913,LPath
I144T,0.9798,LPath
I144V,0.1082,LBen
I144W,0.9974,LPath
I144Y,0.9909,LPath
S145A,0.2476,LBen
S145C,0.2154,LBen
S145D,0.8522,LPath
S145E,0.9142,LPath
S145F,0.9107,LPath
S145G,0.2375,LBen
S145H,0.7459,LPath
S145I,0.9063,LPath
S145K,0.948,LPath
S145L,0.5253,Amb
S145M,0.719,LPath
S145N,0.5778,LPath
S145P,0.877,LPath
S145Q,0.861,LPath
S145R,0.9197,LPath
S145T,0.1554,LBen
S145V,0.8146,LPath
S145W,0.9193,LPath
S145Y,0.8394,LPath
E146A,0.1146,LBen
E146C,0.7748,LPath
E146D,0.0828,LBen
E146F,0.7859,LPath
E146G,0.1305,LBen
E146H,0.3892,Amb
E146I,0.3754,Amb
E146K,0.1159,LBen
E146L,0.3367,LBen
E146M,0.4175,Amb
E146N,0.1793,LBen
E146P,0.2098,LBen
E146Q,0.1232,LBen
E146R,0.2116,LBen
E146S,0.1407,LBen
E146T,0.1724,LBen
E146V,0.2216,LBen
E146W,0.8731,LPath
E146Y,0.6176,LPath
E147A,0.1543,LBen
E147C,0.8486,LPath
E147D,0.0879,LBen
E147F,0.7901,LPath
E147G,0.1751,LBen
E147H,0.5575,Amb
E147I,0.4207,Amb
E147K,0.3194,LBen
E147L,0.5071,Amb
E147M,0.5498,Amb
E147N,0.2147,LBen
E147P,0.5543,Amb
E147Q,0.2209,LBen
E147R,0.4832,Amb
E147S,0.2044,LBen
E147T,0.2194,LBen
E147V,0.2683,LBen
E147W,0.9252,LPath
E147Y,0.6229,LPath
T148A,0.5679,LPath
T148C,0.8836,LPath
T148D,0.9871,LPath
T148E,0.9791,LPath
T148F,0.9851,LPath
T148G,0.8541,LPath
T148H,0.9655,LPath
T148I,0.823,LPath
T148K,0.9741,LPath
T148L,0.7113,LPath
T148M,0.5229,Amb
T148N,0.7935,LPath
T148P,0.9762,LPath
T148Q,0.9456,LPath
T148R,0.9714,LPath
T148S,0.5605,Amb
T148V,0.5776,LPath
T148W,0.9949,LPath
T148Y,0.984,LPath
I149A,0.3357,LBen
I149C,0.5911,LPath
I149D,0.931,LPath
I149E,0.5624,Amb
I149F,0.5993,LPath
I149G,0.6976,LPath
I149H,0.7704,LPath
I149K,0.2917,LBen
I149L,0.1965,LBen
I149M,0.1532,LBen
I149N,0.575,LPath
I149P,0.9817,LPath
I149Q,0.3465,Amb
I149R,0.2551,LBen
I149S,0.4135,Amb
I149T,0.2335,LBen
I149V,0.0546,LBen
I149W,0.9488,LPath
I149Y,0.843,LPath
K150A,0.1768,LBen
K150C,0.4573,Amb
K150D,0.3114,LBen
K150E,0.1349,LBen
K150F,0.6584,LPath
K150G,0.2378,LBen
K150H,0.1696,LBen
K150I,0.2943,LBen
K150L,0.2748,LBen
K150M,0.2038,LBen
K150N,0.198,LBen
K150P,0.933,LPath
K150Q,0.0791,LBen
K150R,0.0686,LBen
K150S,0.1926,LBen
K150T,0.0992,LBen
K150V,0.2555,LBen
K150W,0.6865,LPath
K150Y,0.5033,Amb
L151A,0.3515,Amb
L151C,0.4361,Amb
L151D,0.9045,LPath
L151E,0.6935,LPath
L151F,0.2832,LBen
L151G,0.5953,LPath
L151H,0.297,LBen
L151I,0.2759,LBen
L151K,0.3546,Amb
L151M,0.1921,LBen
L151N,0.3977,Amb
L151P,0.9799,LPath
L151Q,0.216,LBen
L151R,0.2604,LBen
L151S,0.4389,Amb
L151T,0.5112,Amb
L151V,0.2681,LBen
L151W,0.4825,Amb
L151Y,0.3829,Amb
L152A,0.9862,LPath
L152C,0.9665,LPath
L152D,0.9999,LPath
L152E,0.9988,LPath
L152F,0.9713,LPath
L152G,0.997,LPath
L152H,0.9985,LPath
L152I,0.7798,LPath
L152K,0.9983,LPath
L152M,0.7916,LPath
L152N,0.999,LPath
L152P,0.9993,LPath
L152Q,0.9964,LPath
L152R,0.9953,LPath
L152S,0.9985,LPath
L152T,0.9918,LPath
L152V,0.8126,LPath
L152W,0.9955,LPath
L152Y,0.9974,LPath
K153A,0.3275,LBen
K153C,0.5911,LPath
K153D,0.7036,LPath
K153E,0.1179,LBen
K153F,0.8224,LPath
K153G,0.4825,Amb
K153H,0.2636,LBen
K153I,0.3566,Amb
K153L,0.3514,Amb
K153M,0.2512,LBen
K153N,0.4726,Amb
K153P,0.9791,LPath
K153Q,0.0795,LBen
K153R,0.0775,LBen
K153S,0.406,Amb
K153T,0.1805,LBen
K153V,0.3336,LBen
K153W,0.7718,LPath
K153Y,0.683,LPath
G154A,0.0752,LBen
G154C,0.2543,LBen
G154D,0.2925,LBen
G154E,0.2314,LBen
G154F,0.6672,LPath
G154H,0.4833,Amb
G154I,0.3363,LBen
G154K,0.484,Amb
G154L,0.3367,LBen
G154M,0.3864,Amb
G154N,0.247,LBen
G154P,0.9825,LPath
G154Q,0.3116,LBen
G154R,0.4457,Amb
G154S,0.0949,LBen
G154T,0.1434,LBen
G154V,0.207,LBen
G154W,0.6633,LPath
G154Y,0.5101,Amb
R155A,0.9773,LPath
R155C,0.8727,LPath
R155D,0.9912,LPath
R155E,0.9596,LPath
R155F,0.9887,LPath
R155G,0.9561,LPath
R155H,0.6889,LPath
R155I,0.969,LPath
R155K,0.4223,Amb
R155L,0.9327,LPath
R155M,0.9696,LPath
R155N,0.9831,LPath
R155P,0.9965,LPath
R155Q,0.6803,LPath
R155S,0.9852,LPath
R155T,0.9799,LPath
R155V,0.976,LPath
R155W,0.896,LPath
R155Y,0.967,LPath
G156A,0.8178,LPath
G156C,0.8981,LPath
G156D,0.8321,LPath
G156E,0.9219,LPath
G156F,0.9933,LPath
G156H,0.9368,LPath
G156I,0.9912,LPath
G156K,0.9424,LPath
G156L,0.9848,LPath
G156M,0.9831,LPath
G156N,0.7202,LPath
G156P,0.9994,LPath
G156Q,0.8989,LPath
G156R,0.9283,LPath
G156S,0.5851,LPath
G156T,0.945,LPath
G156V,0.9793,LPath
G156W,0.9881,LPath
G156Y,0.9785,LPath
V157A,0.9316,LPath
V157C,0.9696,LPath
V157D,0.9958,LPath
V157E,0.9911,LPath
V157F,0.8501,LPath
V157G,0.9456,LPath
V157H,0.9938,LPath
V157I,0.1604,LBen
V157K,0.9886,LPath
V157L,0.9187,LPath
V157M,0.8686,LPath
V157N,0.9783,LPath
V157P,0.9955,LPath
V157Q,0.9866,LPath
V157R,0.978,LPath
V157S,0.9655,LPath
V157T,0.9384,LPath
V157W,0.9969,LPath
V157Y,0.9778,LPath
T158A,0.1004,LBen
T158C,0.3673,Amb
T158D,0.3004,LBen
T158E,0.2633,LBen
T158F,0.3927,Amb
T158G,0.2092,LBen
T158H,0.2518,LBen
T158I,0.283,LBen
T158K,0.2262,LBen
T158L,0.1678,LBen
T158M,0.1318,LBen
T158N,0.0891,LBen
T158P,0.3608,Amb
T158Q,0.2229,LBen
T158R,0.2332,LBen
T158S,0.0835,LBen
T158V,0.2042,LBen
T158W,0.7528,LPath
T158Y,0.3804,Amb
Y159A,0.7789,LPath
Y159C,0.2681,LBen
Y159D,0.8863,LPath
Y159E,0.9437,LPath
Y159F,0.0894,LBen
Y159G,0.8104,LPath
Y159H,0.2812,LBen
Y159I,0.8882,LPath
Y159K,0.9418,LPath
Y159L,0.8864,LPath
Y159M,0.8731,LPath
Y159N,0.5848,LPath
Y159P,0.9967,LPath
Y159Q,0.8742,LPath
Y159R,0.8482,LPath
Y159S,0.418,Amb
Y159T,0.7526,LPath
Y159V,0.7689,LPath
Y159W,0.4648,Amb
L160A,0.9755,LPath
L160C,0.9292,LPath
L160D,0.9999,LPath
L160E,0.9996,LPath
L160F,0.8625,LPath
L160G,0.996,LPath
L160H,0.9971,LPath
L160I,0.8707,LPath
L160K,0.9989,LPath
L160M,0.6571,LPath
L160N,0.9988,LPath
L160P,0.992,LPath
L160Q,0.997,LPath
L160R,0.9962,LPath
L160S,0.9977,LPath
L160T,0.9912,LPath
L160V,0.8654,LPath
L160W,0.9934,LPath
L160Y,0.9938,LPath
F161A,0.9969,LPath
F161C,0.9945,LPath
F161D,0.9979,LPath
F161E,0.9985,LPath
F161G,0.9968,LPath
F161H,0.9755,LPath
F161I,0.997,LPath
F161K,0.9981,LPath
F161L,0.9982,LPath
F161M,0.9897,LPath
F161N,0.9915,LPath
F161P,0.9997,LPath
F161Q,0.9939,LPath
F161R,0.9948,LPath
F161S,0.9802,LPath
F161T,0.9892,LPath
F161V,0.9952,LPath
F161W,0.9572,LPath
F161Y,0.7909,LPath
P162A,0.4791,Amb
P162C,0.9729,LPath
P162D,0.6945,LPath
P162E,0.7677,LPath
P162F,0.992,LPath
P162G,0.7726,LPath
P162H,0.819,LPath
P162I,0.9858,LPath
P162K,0.9315,LPath
P162L,0.8703,LPath
P162M,0.9701,LPath
P162N,0.806,LPath
P162Q,0.7343,LPath
P162R,0.8809,LPath
P162S,0.5425,Amb
P162T,0.772,LPath
P162V,0.9502,LPath
P162W,0.9911,LPath
P162Y,0.9837,LPath
I163A,0.9784,LPath
I163C,0.9862,LPath
I163D,0.9996,LPath
I163E,0.9986,LPath
I163F,0.9827,LPath
I163G,0.9978,LPath
I163H,0.9994,LPath
I163K,0.9991,LPath
I163L,0.8224,LPath
I163M,0.8731,LPath
I163N,0.9938,LPath
I163P,0.9901,LPath
I163Q,0.9985,LPath
I163R,0.9982,LPath
I163S,0.9809,LPath
I163T,0.9711,LPath
I163V,0.1003,LBen
I163W,0.9997,LPath
I163Y,0.9987,LPath
Q164A,0.9149,LPath
Q164C,0.9984,LPath
Q164D,0.9994,LPath
Q164E,0.9142,LPath
Q164F,0.9994,LPath
Q164G,0.969,LPath
Q164H,0.9981,LPath
Q164I,0.9918,LPath
Q164K,0.9963,LPath
Q164L,0.9818,LPath
Q164M,0.9526,LPath
Q164N,0.9942,LPath
Q164P,0.9942,LPath
Q164R,0.9966,LPath
Q164S,0.9294,LPath
Q164T,0.9636,LPath
Q164V,0.9866,LPath
Q164W,0.9998,LPath
Q164Y,0.9998,LPath
V165A,0.1694,LBen
V165C,0.6,LPath
V165D,0.8081,LPath
V165E,0.4616,Amb
V165F,0.2398,LBen
V165G,0.2855,LBen
V165H,0.697,LPath
V165I,0.1556,LBen
V165K,0.6014,LPath
V165L,0.5288,Amb
V165M,0.2695,LBen
V165N,0.5633,Amb
V165P,0.9912,LPath
V165Q,0.3743,Amb
V165R,0.5051,Amb
V165S,0.1798,LBen
V165T,0.2965,LBen
V165W,0.8942,LPath
V165Y,0.5443,Amb
K166A,0.4648,Amb
K166C,0.7533,LPath
K166D,0.8473,LPath
K166E,0.2926,LBen
K166F,0.932,LPath
K166G,0.7342,LPath
K166H,0.4077,Amb
K166I,0.7145,LPath
K166L,0.5321,Amb
K166M,0.3424,Amb
K166N,0.6833,LPath
K166P,0.9848,LPath
K166Q,0.1161,LBen
K166R,0.096,LBen
K166S,0.5829,LPath
K166T,0.3379,LBen
K166V,0.6027,LPath
K166W,0.9295,LPath
K166Y,0.8643,LPath
T167A,0.2682,LBen
T167C,0.6,LPath
T167D,0.996,LPath
T167E,0.995,LPath
T167F,0.9915,LPath
T167G,0.7124,LPath
T167H,0.9873,LPath
T167I,0.9313,LPath
T167K,0.9966,LPath
T167L,0.8704,LPath
T167M,0.7116,LPath
T167N,0.9327,LPath
T167P,0.9881,LPath
T167Q,0.9847,LPath
T167R,0.9929,LPath
T167S,0.3314,LBen
T167V,0.6669,LPath
T167W,0.999,LPath
T167Y,0.9933,LPath
F168A,0.9911,LPath
F168C,0.9783,LPath
F168D,0.9995,LPath
F168E,0.9993,LPath
F168G,0.9971,LPath
F168H,0.9859,LPath
F168I,0.9348,LPath
F168K,0.9991,LPath
F168L,0.9867,LPath
F168M,0.9527,LPath
F168N,0.9975,LPath
F168P,0.9999,LPath
F168Q,0.9979,LPath
F168R,0.9963,LPath
F168S,0.9919,LPath
F168T,0.9949,LPath
F168V,0.9268,LPath
F168W,0.7736,LPath
F168Y,0.4563,Amb
G169A,0.0709,LBen
G169C,0.0826,LBen
G169D,0.1476,LBen
G169E,0.1027,LBen
G169F,0.2284,LBen
G169H,0.1351,LBen
G169I,0.1004,LBen
G169K,0.1435,LBen
G169L,0.1225,LBen
G169M,0.183,LBen
G169N,0.1295,LBen
G169P,0.4495,Amb
G169Q,0.1149,LBen
G169R,0.1233,LBen
G169S,0.0738,LBen
G169T,0.0749,LBen
G169V,0.0756,LBen
G169W,0.1937,LBen
G169Y,0.159,LBen
P170A,0.0975,LBen
P170C,0.2717,LBen
P170D,0.5905,LPath
P170E,0.4939,Amb
P170F,0.3644,Amb
P170G,0.4349,Amb
P170H,0.1501,LBen
P170I,0.2761,LBen
P170K,0.456,Amb
P170L,0.1354,LBen
P170M,0.2853,LBen
P170N,0.3562,Amb
P170Q,0.2737,LBen
P170R,0.346,Amb
P170S,0.1628,LBen
P170T,0.1536,LBen
P170V,0.1994,LBen
P170W,0.5512,Amb
P170Y,0.3179,LBen
V171A,0.6445,LPath
V171C,0.8868,LPath
V171D,0.9957,LPath
V171E,0.9905,LPath
V171F,0.9275,LPath
V171G,0.86,LPath
V171H,0.9971,LPath
V171I,0.0938,LBen
V171K,0.996,LPath
V171L,0.6272,LPath
V171M,0.6741,LPath
V171N,0.9712,LPath
V171P,0.9919,LPath
V171Q,0.9882,LPath
V171R,0.9918,LPath
V171S,0.8369,LPath
V171T,0.7301,LPath
V171W,0.9991,LPath
V171Y,0.9945,LPath
Y172A,0.6332,LPath
Y172C,0.1583,LBen
Y172D,0.742,LPath
Y172E,0.8496,LPath
Y172F,0.0986,LBen
Y172G,0.7007,LPath
Y172H,0.2859,LBen
Y172I,0.6105,LPath
Y172K,0.8065,LPath
Y172L,0.4788,Amb
Y172M,0.569,LPath
Y172N,0.3989,Amb
Y172P,0.9937,LPath
Y172Q,0.6609,LPath
Y172R,0.6245,LPath
Y172S,0.364,Amb
Y172T,0.6903,LPath
Y172V,0.4971,Amb
Y172W,0.4201,Amb
E173A,0.1236,LBen
E173C,0.6551,LPath
E173D,0.0926,LBen
E173F,0.7038,LPath
E173G,0.1352,LBen
E173H,0.3282,LBen
E173I,0.508,Amb
E173K,0.1595,LBen
E173L,0.3506,Amb
E173M,0.4266,Amb
E173N,0.1491,LBen
E173P,0.957,LPath
E173Q,0.1035,LBen
E173R,0.2122,LBen
E173S,0.1186,LBen
E173T,0.2126,LBen
E173V,0.3388,LBen
E173W,0.8513,LPath
E173Y,0.5553,Amb
G174A,0.7257,LPath
G174C,0.8226,LPath
G174D,0.8078,LPath
G174E,0.7475,LPath
G174F,0.9899,LPath
G174H,0.9372,LPath
G174I,0.9926,LPath
G174K,0.9011,LPath
G174L,0.9759,LPath
G174M,0.969,LPath
G174N,0.7725,LPath
G174P,0.999,LPath
G174Q,0.7884,LPath
G174R,0.8607,LPath
G174S,0.5186,Amb
G174T,0.9147,LPath
G174V,0.9775,LPath
G174W,0.9751,LPath
G174Y,0.9728,LPath
K175A,0.4912,Amb
K175C,0.5573,Amb
K175D,0.6662,LPath
K175E,0.2351,LBen
K175F,0.7803,LPath
K175G,0.5589,Amb
K175H,0.2636,LBen
K175I,0.49,Amb
K175L,0.509,Amb
K175M,0.3259,LBen
K175N,0.4428,Amb
K175P,0.9834,LPath
K175Q,0.1396,LBen
K175R,0.0718,LBen
K175S,0.489,Amb
K175T,0.2704,LBen
K175V,0.4189,Amb
K175W,0.7319,LPath
K175Y,0.6353,LPath
D176A,0.9981,LPath
D176C,0.9992,LPath
D176E,0.9963,LPath
D176F,0.9996,LPath
D176G,0.9954,LPath
D176H,0.998,LPath
D176I,0.9997,LPath
D176K,0.9994,LPath
D176L,0.9995,LPath
D176M,0.9998,LPath
D176N,0.97,LPath
D176P,0.9995,LPath
D176Q,0.9994,LPath
D176R,0.9994,LPath
D176S,0.9929,LPath
D176T,0.9989,LPath
D176V,0.9988,LPath
D176W,0.9998,LPath
D176Y,0.9938,LPath
L177A,0.7696,LPath
L177C,0.6269,LPath
L177D,0.9981,LPath
L177E,0.9886,LPath
L177F,0.8075,LPath
L177G,0.9601,LPath
L177H,0.977,LPath
L177I,0.0888,LBen
L177K,0.9857,LPath
L177M,0.2235,LBen
L177N,0.9803,LPath
L177P,0.9977,LPath
L177Q,0.9556,LPath
L177R,0.9713,LPath
L177S,0.945,LPath
L177T,0.7423,LPath
L177V,0.0632,LBen
L177W,0.9776,LPath
L177Y,0.9738,LPath
I178A,0.9272,LPath
I178C,0.9676,LPath
I178D,0.9989,LPath
I178E,0.9952,LPath
I178F,0.8298,LPath
I178G,0.9932,LPath
I178H,0.9934,LPath
I178K,0.9909,LPath
I178L,0.4135,Amb
I178M,0.4893,Amb
I178N,0.9877,LPath
I178P,0.9963,LPath
I178Q,0.9903,LPath
I178R,0.9822,LPath
I178S,0.9667,LPath
I178T,0.8105,LPath
I178V,0.0958,LBen
I178W,0.992,LPath
I178Y,0.9832,LPath
A179C,0.8111,LPath
A179D,0.9992,LPath
A179E,0.9986,LPath
A179F,0.9878,LPath
A179G,0.1911,LBen
A179H,0.9987,LPath
A179I,0.9388,LPath
A179K,0.9994,LPath
A179L,0.8907,LPath
A179M,0.9635,LPath
A179N,0.9964,LPath
A179P,0.9956,LPath
A179Q,0.9946,LPath
A179R,0.9965,LPath
A179S,0.5459,Amb
A179T,0.807,LPath
A179V,0.7835,LPath
A179W,0.9994,LPath
A179Y,0.9974,LPath
Q180A,0.735,LPath
Q180C,0.9702,LPath
Q180D,0.998,LPath
Q180E,0.7339,LPath
Q180F,0.9922,LPath
Q180G,0.8936,LPath
Q180H,0.9816,LPath
Q180I,0.9286,LPath
Q180K,0.7734,LPath
Q180L,0.7695,LPath
Q180M,0.7878,LPath
Q180N,0.9637,LPath
Q180P,0.9928,LPath
Q180R,0.7056,LPath
Q180S,0.8203,LPath
Q180T,0.7559,LPath
Q180V,0.8126,LPath
Q180W,0.9947,LPath
Q180Y,0.9954,LPath
A181C,0.9636,LPath
A181D,0.9929,LPath
A181E,0.9939,LPath
A181F,0.9928,LPath
A181G,0.7662,LPath
A181H,0.9949,LPath
A181I,0.9988,LPath
A181K,0.999,LPath
A181L,0.9822,LPath
A181M,0.992,LPath
A181N,0.992,LPath
A181P,0.9988,LPath
A181Q,0.9862,LPath
A181R,0.9923,LPath
A181S,0.4388,Amb
A181T,0.9795,LPath
A181V,0.994,LPath
A181W,0.9985,LPath
A181Y,0.995,LPath
R182A,0.9794,LPath
R182C,0.8986,LPath
R182D,0.9973,LPath
R182E,0.969,LPath
R182F,0.9924,LPath
R182G,0.9704,LPath
R182H,0.879,LPath
R182I,0.9772,LPath
R182K,0.6442,LPath
R182L,0.945,LPath
R182M,0.9792,LPath
R182N,0.9945,LPath
R182P,0.9851,LPath
R182Q,0.7034,LPath
R182S,0.9902,LPath
R182T,0.9844,LPath
R182V,0.9734,LPath
R182W,0.9115,LPath
R182Y,0.9776,LPath
T183A,0.9974,LPath
T183C,0.9997,LPath
T183D,0.9991,LPath
T183E,0.9967,LPath
T183F,0.9991,LPath
T183G,0.9939,LPath
T183H,0.9982,LPath
T183I,0.9994,LPath
T183K,0.9973,LPath
T183L,0.9981,LPath
T183M,0.9986,LPath
T183N,0.9974,LPath
T183P,0.9923,LPath
T183Q,0.9988,LPath
T183R,0.9963,LPath
T183S,0.9947,LPath
T183V,0.9972,LPath
T183W,0.9994,LPath
T183Y,0.9993,LPath
G184A,0.9985,LPath
G184C,0.9997,LPath
G184D,0.9999,LPath
G184E,0.9999,LPath
G184F,0.9999,LPath
G184H,1.0,LPath
G184I,0.9998,LPath
G184K,1.0,LPath
G184L,0.9998,LPath
G184M,0.9999,LPath
G184N,0.9999,LPath
G184P,0.9999,LPath
G184Q,0.9999,LPath
G184R,0.9998,LPath
G184S,0.9981,LPath
G184T,0.9994,LPath
G184V,0.9993,LPath
G184W,0.9999,LPath
G184Y,1.0,LPath
T185A,0.9157,LPath
T185C,0.959,LPath
T185D,0.9944,LPath
T185E,0.9726,LPath
T185F,0.9882,LPath
T185G,0.913,LPath
T185H,0.9744,LPath
T185I,0.9951,LPath
T185K,0.9796,LPath
T185L,0.9693,LPath
T185M,0.8545,LPath
T185N,0.9528,LPath
T185P,0.9901,LPath
T185Q,0.9335,LPath
T185R,0.9723,LPath
T185S,0.746,LPath
T185V,0.9724,LPath
T185W,0.9941,LPath
T185Y,0.9893,LPath
G186A,0.9983,LPath
G186C,0.9993,LPath
G186D,0.9998,LPath
G186E,0.9998,LPath
G186F,0.9999,LPath
G186H,1.0,LPath
G186I,0.9998,LPath
G186K,0.9999,LPath
G186L,0.9996,LPath
G186M,0.9999,LPath
G186N,0.9999,LPath
G186P,0.9999,LPath
G186Q,0.9998,LPath
G186R,0.9995,LPath
G186S,0.9976,LPath
G186T,0.9994,LPath
G186V,0.9995,LPath
G186W,0.9998,LPath
G186Y,0.9999,LPath
K187A,0.9997,LPath
K187C,0.9999,LPath
K187D,0.9993,LPath
K187E,0.9974,LPath
K187F,0.9999,LPath
K187G,0.9996,LPath
K187H,0.9992,LPath
K187I,0.9994,LPath
K187L,0.9997,LPath
K187M,0.9988,LPath
K187N,0.9992,LPath
K187P,0.9995,LPath
K187Q,0.9993,LPath
K187R,0.9466,LPath
K187S,0.9997,LPath
K187T,0.9976,LPath
K187V,0.9996,LPath
K187W,0.9999,LPath
K187Y,0.9997,LPath
T188A,0.9969,LPath
T188C,0.9991,LPath
T188D,0.9988,LPath
T188E,0.9988,LPath
T188F,0.9993,LPath
T188G,0.9953,LPath
T188H,0.9976,LPath
T188I,0.9975,LPath
T188K,0.998,LPath
T188L,0.9961,LPath
T188M,0.9951,LPath
T188N,0.9952,LPath
T188P,0.994,LPath
T188Q,0.9987,LPath
T188R,0.996,LPath
T188S,0.9827,LPath
T188V,0.9945,LPath
T188W,0.9997,LPath
T188Y,0.9988,LPath
F189A,0.9586,LPath
F189C,0.8735,LPath
F189D,0.9988,LPath
F189E,0.9987,LPath
F189G,0.9898,LPath
F189H,0.9857,LPath
F189I,0.8457,LPath
F189K,0.9976,LPath
F189L,0.9031,LPath
F189M,0.8587,LPath
F189N,0.9917,LPath
F189P,0.9996,LPath
F189Q,0.9945,LPath
F189R,0.9905,LPath
F189S,0.9731,LPath
F189T,0.9854,LPath
F189V,0.8331,LPath
F189W,0.9221,LPath
F189Y,0.6131,LPath
S190A,0.1724,LBen
S190C,0.632,LPath
S190D,0.9993,LPath
S190E,0.9995,LPath
S190F,0.998,LPath
S190G,0.3747,Amb
S190H,0.9982,LPath
S190I,0.9973,LPath
S190K,0.9999,LPath
S190L,0.9767,LPath
S190M,0.9934,LPath
S190N,0.9948,LPath
S190P,0.9949,LPath
S190Q,0.9978,LPath
S190R,0.9996,LPath
S190T,0.9084,LPath
S190V,0.9921,LPath
S190W,0.9992,LPath
S190Y,0.998,LPath
F191A,0.9984,LPath
F191C,0.9949,LPath
F191D,0.9998,LPath
F191E,0.9998,LPath
F191G,0.9992,LPath
F191H,0.997,LPath
F191I,0.9928,LPath
F191K,0.9998,LPath
F191L,0.9994,LPath
F191M,0.9945,LPath
F191N,0.9991,LPath
F191P,0.9999,LPath
F191Q,0.9996,LPath
F191R,0.9991,LPath
F191S,0.9977,LPath
F191T,0.9991,LPath
F191V,0.9867,LPath
F191W,0.9671,LPath
F191Y,0.7892,LPath
A192C,0.8252,LPath
A192D,0.9991,LPath
A192E,0.9984,LPath
A192F,0.9913,LPath
A192G,0.4281,Amb
A192H,0.9984,LPath
A192I,0.9142,LPath
A192K,0.9996,LPath
A192L,0.9183,LPath
A192M,0.9387,LPath
A192N,0.9934,LPath
A192P,0.9978,LPath
A192Q,0.9926,LPath
A192R,0.9981,LPath
A192S,0.2734,LBen
A192T,0.6602,LPath
A192V,0.7356,LPath
A192W,0.9995,LPath
A192Y,0.998,LPath
I193A,0.9415,LPath
I193C,0.9747,LPath
I193D,0.9997,LPath
I193E,0.999,LPath
I193F,0.894,LPath
I193G,0.9948,LPath
I193H,0.9989,LPath
I193K,0.9982,LPath
I193L,0.1995,LBen
I193M,0.5093,Amb
I193N,0.9933,LPath
I193P,0.9957,LPath
I193Q,0.9982,LPath
I193R,0.9977,LPath
I193S,0.9823,LPath
I193T,0.9544,LPath
I193V,0.1067,LBen
I193W,0.9987,LPath
I193Y,0.9947,LPath
P194A,0.9511,LPath
P194C,0.9959,LPath
P194D,0.9997,LPath
P194E,0.9996,LPath
P194F,0.9996,LPath
P194G,0.9875,LPath
P194H,0.9988,LPath
P194I,0.9978,LPath
P194K,0.9997,LPath
P194L,0.9878,LPath
P194M,0.9989,LPath
P194N,0.9994,LPath
P194Q,0.9988,LPath
P194R,0.9988,LPath
P194S,0.9885,LPath
P194T,0.9927,LPath
P194V,0.992,LPath
P194W,0.9999,LPath
P194Y,0.9997,LPath
L195A,0.9077,LPath
L195C,0.9203,LPath
L195D,0.9997,LPath
L195E,0.9973,LPath
L195F,0.9561,LPath
L195G,0.9934,LPath
L195H,0.9971,LPath
L195I,0.2209,LBen
L195K,0.9982,LPath
L195M,0.4164,Amb
L195N,0.9951,LPath
L195P,0.9977,LPath
L195Q,0.9914,LPath
L195R,0.9967,LPath
L195S,0.9824,LPath
L195T,0.9011,LPath
L195V,0.2537,LBen
L195W,0.9969,LPath
L195Y,0.9971,LPath
I196A,0.3279,LBen
I196C,0.8202,LPath
I196D,0.9937,LPath
I196E,0.9738,LPath
I196F,0.7347,LPath
I196G,0.8937,LPath
I196H,0.9796,LPath
I196K,0.9624,LPath
I196L,0.2658,LBen
I196M,0.2066,LBen
I196N,0.9052,LPath
I196P,0.9924,LPath
I196Q,0.9474,LPath
I196R,0.942,LPath
I196S,0.5816,LPath
I196T,0.1475,LBen
I196V,0.0688,LBen
I196W,0.9873,LPath
I196Y,0.9745,LPath
E197A,0.9714,LPath
E197C,0.9884,LPath
E197D,0.9651,LPath
E197F,0.9994,LPath
E197G,0.9706,LPath
E197H,0.9938,LPath
E197I,0.9956,LPath
E197K,0.9914,LPath
E197L,0.9957,LPath
E197M,0.9958,LPath
E197N,0.9879,LPath
E197P,0.9996,LPath
E197Q,0.8825,LPath
E197R,0.99,LPath
E197S,0.9649,LPath
E197T,0.9899,LPath
E197V,0.9858,LPath
E197W,0.9995,LPath
E197Y,0.9982,LPath
R198A,0.4962,Amb
R198C,0.2272,LBen
R198D,0.8151,LPath
R198E,0.4954,Amb
R198F,0.6913,LPath
R198G,0.4119,Amb
R198H,0.1793,LBen
R198I,0.2433,LBen
R198K,0.0863,LBen
R198L,0.2612,LBen
R198M,0.2618,LBen
R198N,0.6328,LPath
R198P,0.982,LPath
R198Q,0.1256,LBen
R198S,0.5739,LPath
R198T,0.3093,LBen
R198V,0.3354,LBen
R198W,0.4042,Amb
R198Y,0.5169,Amb
L199A,0.9063,LPath
L199C,0.8765,LPath
L199D,0.9955,LPath
L199E,0.9594,LPath
L199F,0.5734,LPath
L199G,0.9815,LPath
L199H,0.9381,LPath
L199I,0.1662,LBen
L199K,0.9664,LPath
L199M,0.2713,LBen
L199N,0.9662,LPath
L199P,0.9957,LPath
L199Q,0.8865,LPath
L199R,0.9523,LPath
L199S,0.9616,LPath
L199T,0.8973,LPath
L199V,0.3028,LBen
L199W,0.8861,LPath
L199Y,0.915,LPath
Q200A,0.3296,LBen
Q200C,0.638,LPath
Q200D,0.6903,LPath
Q200E,0.1583,LBen
Q200F,0.7315,LPath
Q200G,0.3546,Amb
Q200H,0.3464,Amb
Q200I,0.4019,Amb
Q200K,0.2119,LBen
Q200L,0.1537,LBen
Q200M,0.3528,Amb
Q200N,0.4111,Amb
Q200P,0.8924,LPath
Q200R,0.2203,LBen
Q200S,0.3338,LBen
Q200T,0.2804,LBen
Q200V,0.3231,LBen
Q200W,0.7258,LPath
Q200Y,0.5924,LPath
R201A,0.1819,LBen
R201C,0.1283,LBen
R201D,0.3263,LBen
R201E,0.1899,LBen
R201F,0.3815,Amb
R201G,0.1028,LBen
R201H,0.0891,LBen
R201I,0.1669,LBen
R201K,0.0697,LBen
R201L,0.1487,LBen
R201M,0.1565,LBen
R201N,0.2366,LBen
R201P,0.6798,LPath
R201Q,0.075,LBen
R201S,0.2046,LBen
R201T,0.132,LBen
R201V,0.2049,LBen
R201W,0.1874,LBen
R201Y,0.2808,LBen
N202A,0.1419,LBen
N202C,0.152,LBen
N202D,0.0789,LBen
N202E,0.1508,LBen
N202F,0.3162,LBen
N202G,0.1516,LBen
N202H,0.0848,LBen
N202I,0.1399,LBen
N202K,0.173,LBen
N202L,0.1715,LBen
N202M,0.2346,LBen
N202P,0.3282,LBen
N202Q,0.1449,LBen
N202R,0.2082,LBen
N202S,0.0725,LBen
N202T,0.0892,LBen
N202V,0.1371,LBen
N202W,0.5432,Amb
N202Y,0.1287,LBen
Q203A,0.122,LBen
Q203C,0.3503,Amb
Q203D,0.1752,LBen
Q203E,0.0764,LBen
Q203F,0.4595,Amb
Q203G,0.1237,LBen
Q203H,0.1178,LBen
Q203I,0.226,LBen
Q203K,0.0901,LBen
Q203L,0.1193,LBen
Q203M,0.2423,LBen
Q203N,0.1334,LBen
Q203P,0.0788,LBen
Q203R,0.0971,LBen
Q203S,0.1077,LBen
Q203T,0.0952,LBen
Q203V,0.1628,LBen
Q203W,0.3885,Amb
Q203Y,0.2751,LBen
E204A,0.1315,LBen
E204C,0.6002,LPath
E204D,0.0648,LBen
E204F,0.5603,Amb
E204G,0.105,LBen
E204H,0.3038,LBen
E204I,0.2222,LBen
E204K,0.1717,LBen
E204L,0.2594,LBen
E204M,0.3352,LBen
E204N,0.1364,LBen
E204P,0.3593,Amb
E204Q,0.1283,LBen
E204R,0.2678,LBen
E204S,0.1418,LBen
E204T,0.1447,LBen
E204V,0.1482,LBen
E204W,0.7619,LPath
E204Y,0.3913,Amb
T205A,0.0665,LBen
T205C,0.2229,LBen
T205D,0.193,LBen
T205E,0.1715,LBen
T205F,0.1617,LBen
T205G,0.1204,LBen
T205H,0.1507,LBen
T205I,0.0917,LBen
T205K,0.1612,LBen
T205L,0.0812,LBen
T205M,0.0745,LBen
T205N,0.0605,LBen
T205P,0.0695,LBen
T205Q,0.1421,LBen
T205R,0.1655,LBen
T205S,0.0784,LBen
T205V,0.083,LBen
T205W,0.4298,Amb
T205Y,0.1775,LBen
I206A,0.0933,LBen
I206C,0.2834,LBen
I206D,0.2887,LBen
I206E,0.2449,LBen
I206F,0.0762,LBen
I206G,0.1558,LBen
I206H,0.1849,LBen
I206K,0.189,LBen
I206L,0.0724,LBen
I206M,0.066,LBen
I206N,0.0843,LBen
I206P,0.1451,LBen
I206Q,0.1425,LBen
I206R,0.1525,LBen
I206S,0.0834,LBen
I206T,0.0899,LBen
I206V,0.0581,LBen
I206W,0.3565,Amb
I206Y,0.2179,LBen
K207A,0.3733,Amb
K207C,0.613,LPath
K207D,0.6522,LPath
K207E,0.3044,LBen
K207F,0.7601,LPath
K207G,0.365,Amb
K207H,0.2925,LBen
K207I,0.4214,Amb
K207L,0.4406,Amb
K207M,0.3957,Amb
K207N,0.5127,Amb
K207P,0.4699,Amb
K207Q,0.1266,LBen
K207R,0.0706,LBen
K207S,0.4209,Amb
K207T,0.2315,LBen
K207V,0.3934,Amb
K207W,0.699,LPath
K207Y,0.632,LPath
K208A,0.6056,LPath
K208C,0.7845,LPath
K208D,0.7862,LPath
K208E,0.6222,LPath
K208F,0.8612,LPath
K208G,0.5095,Amb
K208H,0.4264,Amb
K208I,0.6697,LPath
K208L,0.665,LPath
K208M,0.6144,LPath
K208N,0.6549,LPath
K208P,0.5521,Amb
K208Q,0.2792,LBen
K208R,0.0726,LBen
K208S,0.6811,LPath
K208T,0.4963,Amb
K208V,0.6329,LPath
K208W,0.8272,LPath
K208Y,0.6574,LPath
S209A,0.0897,LBen
S209C,0.0902,LBen
S209D,0.6082,LPath
S209E,0.7021,LPath
S209F,0.2927,LBen
S209G,0.0542,LBen
S209H,0.3634,Amb
S209I,0.2691,LBen
S209K,0.7903,LPath
S209L,0.1719,LBen
S209M,0.2046,LBen
S209N,0.1023,LBen
S209P,0.2981,LBen
S209Q,0.4553,Amb
S209R,0.7501,LPath
S209T,0.103,LBen
S209V,0.2346,LBen
S209W,0.4846,Amb
S209Y,0.2389,LBen
R210A,0.8258,LPath
R210C,0.4937,Amb
R210D,0.9168,LPath
R210E,0.8245,LPath
R210F,0.9078,LPath
R210G,0.6348,LPath
R210H,0.3818,Amb
R210I,0.73,LPath
R210K,0.2576,LBen
R210L,0.7573,LPath
R210M,0.8617,LPath
R210N,0.8757,LPath
R210P,0.8757,LPath
R210Q,0.3417,Amb
R210S,0.8589,LPath
R210T,0.7613,LPath
R210V,0.7639,LPath
R210W,0.7343,LPath
R210Y,0.8011,LPath
S211A,0.058,LBen
S211C,0.0718,LBen
S211D,0.6517,LPath
S211E,0.6559,LPath
S211F,0.1644,LBen
S211G,0.0963,LBen
S211H,0.3143,LBen
S211I,0.1589,LBen
S211K,0.6893,LPath
S211L,0.0917,LBen
S211M,0.167,LBen
S211N,0.1821,LBen
S211P,0.0675,LBen
S211Q,0.4295,Amb
S211R,0.6595,LPath
S211T,0.0906,LBen
S211V,0.1495,LBen
S211W,0.4157,Amb
S211Y,0.1889,LBen
P212A,0.8073,LPath
P212C,0.9725,LPath
P212D,0.9998,LPath
P212E,0.9992,LPath
P212F,0.9992,LPath
P212G,0.991,LPath
P212H,0.9989,LPath
P212I,0.9442,LPath
P212K,0.9993,LPath
P212L,0.945,LPath
P212M,0.9899,LPath
P212N,0.9991,LPath
P212Q,0.9972,LPath
P212R,0.9977,LPath
P212S,0.9824,LPath
P212T,0.9263,LPath
P212V,0.8469,LPath
P212W,0.9999,LPath
P212Y,0.9997,LPath
K213A,0.3968,Amb
K213C,0.5954,LPath
K213D,0.8823,LPath
K213E,0.3424,Amb
K213F,0.8544,LPath
K213G,0.651,LPath
K213H,0.4148,Amb
K213I,0.4114,Amb
K213L,0.4074,Amb
K213M,0.2633,LBen
K213N,0.7164,LPath
K213P,0.9706,LPath
K213Q,0.1201,LBen
K213R,0.0805,LBen
K213S,0.5257,Amb
K213T,0.2285,LBen
K213V,0.3081,LBen
K213W,0.8411,LPath
K213Y,0.7526,LPath
V214A,0.8575,LPath
V214C,0.9173,LPath
V214D,0.9991,LPath
V214E,0.9981,LPath
V214F,0.9619,LPath
V214G,0.9261,LPath
V214H,0.9994,LPath
V214I,0.1625,LBen
V214K,0.9992,LPath
V214L,0.8817,LPath
V214M,0.902,LPath
V214N,0.9953,LPath
V214P,0.9989,LPath
V214Q,0.9976,LPath
V214R,0.9978,LPath
V214S,0.9636,LPath
V214T,0.9301,LPath
V214W,0.9996,LPath
V214Y,0.9968,LPath
L215A,0.9709,LPath
L215C,0.9585,LPath
L215D,1.0,LPath
L215E,0.9996,LPath
L215F,0.9322,LPath
L215G,0.9984,LPath
L215H,0.9992,LPath
L215I,0.1989,LBen
L215K,0.9993,LPath
L215M,0.506,Amb
L215N,0.9996,LPath
L215P,0.9995,LPath
L215Q,0.9982,LPath
L215R,0.9986,LPath
L215S,0.9983,LPath
L215T,0.9889,LPath
L215V,0.3178,LBen
L215W,0.9966,LPath
L215Y,0.997,LPath
V216A,0.892,LPath
V216C,0.8747,LPath
V216D,0.9997,LPath
V216E,0.9991,LPath
V216F,0.9872,LPath
V216G,0.9706,LPath
V216H,0.9997,LPath
V216I,0.1792,LBen
V216K,0.9997,LPath
V216L,0.9418,LPath
V216M,0.9619,LPath
V216N,0.998,LPath
V216P,0.9992,LPath
V216Q,0.9985,LPath
V216R,0.9989,LPath
V216S,0.9626,LPath
V216T,0.9386,LPath
V216W,0.9999,LPath
V216Y,0.9992,LPath
L217A,0.9848,LPath
L217C,0.9661,LPath
L217D,0.9999,LPath
L217E,0.9995,LPath
L217F,0.9428,LPath
L217G,0.9985,LPath
L217H,0.9993,LPath
L217I,0.6196,LPath
L217K,0.9992,LPath
L217M,0.4295,Amb
L217N,0.9995,LPath
L217P,0.9996,LPath
L217Q,0.9977,LPath
L217R,0.9987,LPath
L217S,0.9984,LPath
L217T,0.9932,LPath
L217V,0.654,LPath
L217W,0.9984,LPath
L217Y,0.9982,LPath
A218C,0.292,LBen
A218D,0.9988,LPath
A218E,0.9903,LPath
A218F,0.9918,LPath
A218G,0.835,LPath
A218H,0.9967,LPath
A218I,0.7964,LPath
A218K,0.999,LPath
A218L,0.4967,Amb
A218M,0.7949,LPath
A218N,0.9813,LPath
A218P,0.9936,LPath
A218Q,0.9848,LPath
A218R,0.9967,LPath
A218S,0.3914,Amb
A218T,0.1405,LBen
A218V,0.3683,Amb
A218W,0.9997,LPath
A218Y,0.9977,LPath
P219A,0.9887,LPath
P219C,0.9993,LPath
P219D,0.9998,LPath
P219E,0.9997,LPath
P219F,1.0,LPath
P219G,0.9978,LPath
P219H,0.9997,LPath
P219I,0.9998,LPath
P219K,0.9998,LPath
P219L,0.998,LPath
P219M,0.9998,LPath
P219N,0.9997,LPath
P219Q,0.9996,LPath
P219R,0.9992,LPath
P219S,0.9971,LPath
P219T,0.9985,LPath
P219V,0.9987,LPath
P219W,1.0,LPath
P219Y,1.0,LPath
T220A,0.9752,LPath
T220C,0.9967,LPath
T220D,0.9994,LPath
T220E,0.9979,LPath
T220F,0.9989,LPath
T220G,0.9875,LPath
T220H,0.9978,LPath
T220I,0.9985,LPath
T220K,0.9977,LPath
T220L,0.9883,LPath
T220M,0.9921,LPath
T220N,0.9944,LPath
T220P,0.9818,LPath
T220Q,0.9967,LPath
T220R,0.9959,LPath
T220S,0.9686,LPath
T220V,0.9889,LPath
T220W,0.9998,LPath
T220Y,0.9994,LPath
R221A,0.9997,LPath
R221C,0.9994,LPath
R221D,0.9998,LPath
R221E,0.998,LPath
R221F,0.9999,LPath
R221G,0.9994,LPath
R221H,0.9989,LPath
R221I,0.9999,LPath
R221K,0.9939,LPath
R221L,0.9992,LPath
R221M,0.9999,LPath
R221N,0.9999,LPath
R221P,0.9996,LPath
R221Q,0.9983,LPath
R221S,0.9997,LPath
R221T,0.9998,LPath
R221V,0.9996,LPath
R221W,0.9982,LPath
R221Y,0.9998,LPath
E222A,0.9986,LPath
E222C,0.9996,LPath
E222D,0.9977,LPath
E222F,0.9999,LPath
E222G,0.9987,LPath
E222H,0.9997,LPath
E222I,0.9997,LPath
E222K,0.9997,LPath
E222L,0.9998,LPath
E222M,0.9998,LPath
E222N,0.9996,LPath
E222P,0.9997,LPath
E222Q,0.9973,LPath
E222R,0.9993,LPath
E222S,0.9991,LPath
E222T,0.9998,LPath
E222V,0.9992,LPath
E222W,1.0,LPath
E222Y,0.9999,LPath
L223A,0.9959,LPath
L223C,0.9993,LPath
L223D,0.9999,LPath
L223E,0.999,LPath
L223F,0.9991,LPath
L223G,0.9974,LPath
L223H,0.9996,LPath
L223I,0.9817,LPath
L223K,0.997,LPath
L223M,0.9723,LPath
L223N,0.9986,LPath
L223P,0.9999,LPath
L223Q,0.9996,LPath
L223R,0.998,LPath
L223S,0.9997,LPath
L223T,0.9972,LPath
L223V,0.988,LPath
L223W,0.9995,LPath
L223Y,0.9994,LPath
A224C,0.896,LPath
A224D,0.9997,LPath
A224E,0.9993,LPath
A224F,0.9995,LPath
A224G,0.8323,LPath
A224H,0.9996,LPath
A224I,0.9971,LPath
A224K,0.9998,LPath
A224L,0.9837,LPath
A224M,0.9957,LPath
A224N,0.9984,LPath
A224P,0.9995,LPath
A224Q,0.996,LPath
A224R,0.9982,LPath
A224S,0.5679,LPath
A224T,0.9653,LPath
A224V,0.9698,LPath
A224W,0.9999,LPath
A224Y,0.9997,LPath
N225A,0.1742,LBen
N225C,0.1297,LBen
N225D,0.5535,Amb
N225E,0.7227,LPath
N225F,0.4318,Amb
N225G,0.2433,LBen
N225H,0.1465,LBen
N225I,0.0912,LBen
N225K,0.538,Amb
N225L,0.1218,LBen
N225M,0.1297,LBen
N225P,0.9862,LPath
N225Q,0.3592,Amb
N225R,0.586,LPath
N225S,0.068,LBen
N225T,0.0962,LBen
N225V,0.0911,LBen
N225W,0.8069,LPath
N225Y,0.1942,LBen
Q226A,0.9543,LPath
Q226C,0.9999,LPath
Q226D,0.9977,LPath
Q226E,0.9562,LPath
Q226F,0.9986,LPath
Q226G,0.948,LPath
Q226H,0.9995,LPath
Q226I,0.9914,LPath
Q226K,0.9932,LPath
Q226L,0.9871,LPath
Q226M,0.9752,LPath
Q226N,0.9908,LPath
Q226P,0.9994,LPath
Q226R,0.996,LPath
Q226S,0.9493,LPath
Q226T,0.9557,LPath
Q226V,0.9871,LPath
Q226W,0.9998,LPath
Q226Y,0.9997,LPath
V227A,0.9658,LPath
V227C,0.9915,LPath
V227D,0.9984,LPath
V227E,0.9963,LPath
V227F,0.9953,LPath
V227G,0.9701,LPath
V227H,0.9995,LPath
V227I,0.2586,LBen
V227K,0.9987,LPath
V227L,0.9865,LPath
V227M,0.9782,LPath
V227N,0.9928,LPath
V227P,0.9995,LPath
V227Q,0.9975,LPath
V227R,0.9977,LPath
V227S,0.9646,LPath
V227T,0.9011,LPath
V227W,0.9999,LPath
V227Y,0.9993,LPath
A228C,0.3295,LBen
A228D,0.9021,LPath
A228E,0.7977,LPath
A228F,0.5126,Amb
A228G,0.1356,LBen
A228H,0.6416,LPath
A228I,0.9168,LPath
A228K,0.9533,LPath
A228L,0.7186,LPath
A228M,0.595,LPath
A228N,0.6279,LPath
A228P,0.9984,LPath
A228Q,0.5704,LPath
A228R,0.8832,LPath
A228S,0.0659,LBen
A228T,0.2581,LBen
A228V,0.6392,LPath
A228W,0.8978,LPath
A228Y,0.59,LPath
K229A,0.5073,Amb
K229C,0.7668,LPath
K229D,0.7653,LPath
K229E,0.4492,Amb
K229F,0.9388,LPath
K229G,0.5055,Amb
K229H,0.4566,Amb
K229I,0.7185,LPath
K229L,0.6959,LPath
K229M,0.5553,Amb
K229N,0.5792,LPath
K229P,0.9902,LPath
K229Q,0.2201,LBen
K229R,0.0691,LBen
K229S,0.5659,LPath
K229T,0.3593,Amb
K229V,0.6091,LPath
K229W,0.8898,LPath
K229Y,0.8599,LPath
D230A,0.978,LPath
D230C,0.9966,LPath
D230E,0.8593,LPath
D230F,0.9961,LPath
D230G,0.9849,LPath
D230H,0.9915,LPath
D230I,0.9902,LPath
D230K,0.9969,LPath
D230L,0.9952,LPath
D230M,0.9985,LPath
D230N,0.9331,LPath
D230P,0.9993,LPath
D230Q,0.993,LPath
D230R,0.9961,LPath
D230S,0.9598,LPath
D230T,0.984,LPath
D230V,0.9659,LPath
D230W,0.9992,LPath
D230Y,0.9594,LPath
F231A,0.9937,LPath
F231C,0.9158,LPath
F231D,0.9999,LPath
F231E,0.9998,LPath
F231G,0.9983,LPath
F231H,0.9981,LPath
F231I,0.682,LPath
F231K,0.9998,LPath
F231L,0.9777,LPath
F231M,0.8647,LPath
F231N,0.999,LPath
F231P,1.0,LPath
F231Q,0.9993,LPath
F231R,0.9994,LPath
F231S,0.9956,LPath
F231T,0.9931,LPath
F231V,0.7335,LPath
F231W,0.9662,LPath
F231Y,0.8825,LPath
K232A,0.4696,Amb
K232C,0.6524,LPath
K232D,0.7968,LPath
K232E,0.3265,LBen
K232F,0.8917,LPath
K232G,0.4481,Amb
K232H,0.3417,Amb
K232I,0.6754,LPath
K232L,0.6287,LPath
K232M,0.4612,Amb
K232N,0.5997,LPath
K232P,0.9814,LPath
K232Q,0.148,LBen
K232R,0.0747,LBen
K232S,0.4629,Amb
K232T,0.2987,LBen
K232V,0.6002,LPath
K232W,0.8054,LPath
K232Y,0.76,LPath
D233A,0.5533,Amb
D233C,0.9272,LPath
D233E,0.4589,Amb
D233F,0.8552,LPath
D233G,0.5917,LPath
D233H,0.7835,LPath
D233I,0.8483,LPath
D233K,0.92,LPath
D233L,0.8237,LPath
D233M,0.9004,LPath
D233N,0.3838,Amb
D233P,0.9946,LPath
D233Q,0.8389,LPath
D233R,0.9313,LPath
D233S,0.4764,Amb
D233T,0.6597,LPath
D233V,0.6631,LPath
D233W,0.9764,LPath
D233Y,0.5376,Amb
I234A,0.7419,LPath
I234C,0.7995,LPath
I234D,0.9918,LPath
I234E,0.9845,LPath
I234F,0.5569,Amb
I234G,0.945,LPath
I234H,0.9722,LPath
I234K,0.9739,LPath
I234L,0.1938,LBen
I234M,0.2069,LBen
I234N,0.881,LPath
I234P,0.9904,LPath
I234Q,0.9691,LPath
I234R,0.9663,LPath
I234S,0.7965,LPath
I234T,0.5686,LPath
I234V,0.0759,LBen
I234W,0.9833,LPath
I234Y,0.9403,LPath
T235A,0.2749,LBen
T235C,0.4735,Amb
T235D,0.9485,LPath
T235E,0.9651,LPath
T235F,0.9313,LPath
T235G,0.48,Amb
T235H,0.8469,LPath
T235I,0.8739,LPath
T235K,0.9419,LPath
T235L,0.7056,LPath
T235M,0.5872,LPath
T235N,0.6115,LPath
T235P,0.8507,LPath
T235Q,0.8738,LPath
T235R,0.9151,LPath
T235S,0.1817,LBen
T235V,0.6725,LPath
T235W,0.9822,LPath
T235Y,0.9506,LPath
R236A,0.5898,LPath
R236C,0.3653,Amb
R236D,0.7812,LPath
R236E,0.5556,Amb
R236F,0.8471,LPath
R236G,0.2941,LBen
R236H,0.1785,LBen
R236I,0.6909,LPath
R236K,0.0788,LBen
R236L,0.5761,LPath
R236M,0.5963,LPath
R236N,0.6658,LPath
R236P,0.5738,LPath
R236Q,0.1522,LBen
R236S,0.5985,LPath
R236T,0.439,Amb
R236V,0.6653,LPath
R236W,0.4405,Amb
R236Y,0.6753,LPath
K237A,0.6018,LPath
K237C,0.7649,LPath
K237D,0.6793,LPath
K237E,0.4891,Amb
K237F,0.8641,LPath
K237G,0.5044,Amb
K237H,0.3245,LBen
K237I,0.6618,LPath
K237L,0.6634,LPath
K237M,0.5382,Amb
K237N,0.5187,Amb
K237P,0.8472,LPath
K237Q,0.2198,LBen
K237R,0.0798,LBen
K237S,0.552,Amb
K237T,0.3315,LBen
K237V,0.6013,LPath
K237W,0.8013,LPath
K237Y,0.6941,LPath
L238A,0.8164,LPath
L238C,0.7523,LPath
L238D,0.9957,LPath
L238E,0.9764,LPath
L238F,0.4046,Amb
L238G,0.9602,LPath
L238H,0.9018,LPath
L238I,0.1902,LBen
L238K,0.9509,LPath
L238M,0.2714,LBen
L238N,0.9492,LPath
L238P,0.9821,LPath
L238Q,0.8967,LPath
L238R,0.9268,LPath
L238S,0.9383,LPath
L238T,0.8091,LPath
L238V,0.1846,LBen
L238W,0.825,LPath
L238Y,0.7658,LPath
S239A,0.0764,LBen
S239C,0.1106,LBen
S239D,0.691,LPath
S239E,0.7324,LPath
S239F,0.2981,LBen
S239G,0.1316,LBen
S239H,0.4113,Amb
S239I,0.2542,LBen
S239K,0.7647,LPath
S239L,0.1381,LBen
S239M,0.1937,LBen
S239N,0.1821,LBen
S239P,0.7911,LPath
S239Q,0.5175,Amb
S239R,0.7371,LPath
S239T,0.077,LBen
S239V,0.1901,LBen
S239W,0.5554,Amb
S239Y,0.2912,LBen
V240A,0.804,LPath
V240C,0.9255,LPath
V240D,0.9973,LPath
V240E,0.9899,LPath
V240F,0.89,LPath
V240G,0.9352,LPath
V240H,0.996,LPath
V240I,0.0954,LBen
V240K,0.9938,LPath
V240L,0.6983,LPath
V240M,0.6752,LPath
V240N,0.9775,LPath
V240P,0.9921,LPath
V240Q,0.9876,LPath
V240R,0.9913,LPath
V240S,0.8771,LPath
V240T,0.5554,Amb
V240W,0.998,LPath
V240Y,0.9926,LPath
A241C,0.3819,Amb
A241D,0.8662,LPath
A241E,0.8367,LPath
A241F,0.631,LPath
A241G,0.2595,LBen
A241H,0.7865,LPath
A241I,0.5868,LPath
A241K,0.9404,LPath
A241L,0.5305,Amb
A241M,0.5006,Amb
A241N,0.6598,LPath
A241P,0.9901,LPath
A241Q,0.7276,LPath
A241R,0.9086,LPath
A241S,0.1201,LBen
A241T,0.1492,LBen
A241V,0.3042,LBen
A241W,0.9529,LPath
A241Y,0.7781,LPath
C242A,0.7652,LPath
C242D,0.9985,LPath
C242E,0.999,LPath
C242F,0.9794,LPath
C242G,0.8247,LPath
C242H,0.9953,LPath
C242I,0.9629,LPath
C242K,0.9991,LPath
C242L,0.9262,LPath
C242M,0.9688,LPath
C242N,0.9607,LPath
C242P,0.9802,LPath
C242Q,0.9943,LPath
C242R,0.9927,LPath
C242S,0.7304,LPath
C242T,0.7482,LPath
C242V,0.8138,LPath
C242W,0.9978,LPath
C242Y,0.9932,LPath
F243A,0.9973,LPath
F243C,0.9533,LPath
F243D,0.9999,LPath
F243E,0.9999,LPath
F243G,0.9994,LPath
F243H,0.9978,LPath
F243I,0.7875,LPath
F243K,0.9999,LPath
F243L,0.9889,LPath
F243M,0.9704,LPath
F243N,0.9991,LPath
F243P,0.9999,LPath
F243Q,0.9996,LPath
F243R,0.9995,LPath
F243S,0.9981,LPath
F243T,0.9978,LPath
F243V,0.8034,LPath
F243W,0.9787,LPath
F243Y,0.8218,LPath
Y244A,0.9732,LPath
Y244C,0.6458,LPath
Y244D,0.9972,LPath
Y244E,0.9985,LPath
Y244F,0.2835,LBen
Y244G,0.9635,LPath
Y244H,0.9524,LPath
Y244I,0.9072,LPath
Y244K,0.9977,LPath
Y244L,0.9085,LPath
Y244M,0.9645,LPath
Y244N,0.9748,LPath
Y244P,0.9914,LPath
Y244Q,0.9928,LPath
Y244R,0.9876,LPath
Y244S,0.8711,LPath
Y244T,0.9476,LPath
Y244V,0.7262,LPath
Y244W,0.8662,LPath
G245A,0.9982,LPath
G245C,0.9998,LPath
G245D,0.9999,LPath
G245E,0.9999,LPath
G245F,0.9999,LPath
G245H,1.0,LPath
G245I,0.9998,LPath
G245K,0.9999,LPath
G245L,0.9998,LPath
G245M,0.9999,LPath
G245N,0.9999,LPath
G245P,0.9998,LPath
G245Q,0.9999,LPath
G245R,0.9998,LPath
G245S,0.9984,LPath
G245T,0.9995,LPath
G245V,0.9996,LPath
G245W,0.9998,LPath
G245Y,0.9999,LPath
G246A,0.9968,LPath
G246C,0.9995,LPath
G246D,0.9996,LPath
G246E,0.9996,LPath
G246F,0.9997,LPath
G246H,0.9999,LPath
G246I,0.9996,LPath
G246K,0.9995,LPath
G246L,0.9996,LPath
G246M,0.9997,LPath
G246N,0.999,LPath
G246P,0.9999,LPath
G246Q,0.9996,LPath
G246R,0.9992,LPath
G246S,0.9946,LPath
G246T,0.9989,LPath
G246V,0.9993,LPath
G246W,0.9997,LPath
G246Y,0.9998,LPath
T247A,0.1653,LBen
T247C,0.6364,LPath
T247D,0.9483,LPath
T247E,0.8642,LPath
T247F,0.8488,LPath
T247G,0.6805,LPath
T247H,0.82,LPath
T247I,0.5484,Amb
T247K,0.8374,LPath
T247L,0.5637,Amb
T247M,0.2515,LBen
T247N,0.4913,Amb
T247P,0.9582,LPath
T247Q,0.6063,LPath
T247R,0.8246,LPath
T247S,0.1996,LBen
T247V,0.2685,LBen
T247W,0.9824,LPath
T247Y,0.905,LPath
S248A,0.1114,LBen
S248C,0.4502,Amb
S248D,0.9052,LPath
S248E,0.9665,LPath
S248F,0.919,LPath
S248G,0.2293,LBen
S248H,0.8456,LPath
S248I,0.8891,LPath
S248K,0.9859,LPath
S248L,0.6036,LPath
S248M,0.7153,LPath
S248N,0.4674,Amb
S248P,0.1455,LBen
S248Q,0.8675,LPath
S248R,0.9828,LPath
S248T,0.3782,Amb
S248V,0.7743,LPath
S248W,0.9615,LPath
S248Y,0.9016,LPath
Y249A,0.9809,LPath
Y249C,0.9449,LPath
Y249D,0.9917,LPath
Y249E,0.9963,LPath
Y249F,0.28,LBen
Y249G,0.9767,LPath
Y249H,0.9782,LPath
Y249I,0.7992,LPath
Y249K,0.9877,LPath
Y249L,0.7483,LPath
Y249M,0.8515,LPath
Y249N,0.9521,LPath
Y249P,0.9754,LPath
Y249Q,0.9874,LPath
Y249R,0.9781,LPath
Y249S,0.9344,LPath
Y249T,0.9818,LPath
Y249V,0.8027,LPath
Y249W,0.8805,LPath
Q250A,0.1274,LBen
Q250C,0.7838,LPath
Q250D,0.5492,Amb
Q250E,0.2118,LBen
Q250F,0.6537,LPath
Q250G,0.1538,LBen
Q250H,0.2484,LBen
Q250I,0.288,LBen
Q250K,0.3633,Amb
Q250L,0.172,LBen
Q250M,0.2481,LBen
Q250N,0.119,LBen
Q250P,0.1972,LBen
Q250R,0.3926,Amb
Q250S,0.0951,LBen
Q250T,0.1062,LBen
Q250V,0.1917,LBen
Q250W,0.8088,LPath
Q250Y,0.5041,Amb
S251A,0.0784,LBen
S251C,0.2062,LBen
S251D,0.6202,LPath
S251E,0.7041,LPath
S251F,0.3597,Amb
S251G,0.0668,LBen
S251H,0.4345,Amb
S251I,0.1886,LBen
S251K,0.8302,LPath
S251L,0.1429,LBen
S251M,0.1608,LBen
S251N,0.1047,LBen
S251P,0.2267,LBen
S251Q,0.462,Amb
S251R,0.8458,LPath
S251T,0.0819,LBen
S251V,0.1661,LBen
S251W,0.6009,LPath
S251Y,0.3364,LBen
Q252A,0.9492,LPath
Q252C,0.9993,LPath
Q252D,0.9962,LPath
Q252E,0.7649,LPath
Q252F,0.9997,LPath
Q252G,0.9655,LPath
Q252H,0.9979,LPath
Q252I,0.9978,LPath
Q252K,0.9949,LPath
Q252L,0.9936,LPath
Q252M,0.978,LPath
Q252N,0.9777,LPath
Q252P,0.9932,LPath
Q252R,0.9966,LPath
Q252S,0.9288,LPath
Q252T,0.9765,LPath
Q252V,0.9948,LPath
Q252W,0.9999,LPath
Q252Y,0.9998,LPath
I253A,0.4858,Amb
I253C,0.6576,LPath
I253D,0.9426,LPath
I253E,0.8055,LPath
I253F,0.2622,LBen
I253G,0.7795,LPath
I253H,0.7237,LPath
I253K,0.7552,LPath
I253L,0.1138,LBen
I253M,0.0983,LBen
I253N,0.4327,Amb
I253P,0.9939,LPath
I253Q,0.5574,Amb
I253R,0.7324,LPath
I253S,0.5044,Amb
I253T,0.3832,Amb
I253V,0.0972,LBen
I253W,0.862,LPath
I253Y,0.6496,LPath
N254A,0.2094,LBen
N254C,0.2912,LBen
N254D,0.3648,Amb
N254E,0.6394,LPath
N254F,0.4181,Amb
N254G,0.179,LBen
N254H,0.1361,LBen
N254I,0.2688,LBen
N254K,0.714,LPath
N254L,0.2384,LBen
N254M,0.2809,LBen
N254P,0.9509,LPath
N254Q,0.3197,LBen
N254R,0.6646,LPath
N254S,0.0665,LBen
N254T,0.1179,LBen
N254V,0.2529,LBen
N254W,0.7659,LPath
N254Y,0.1831,LBen
H255A,0.1192,LBen
H255C,0.1214,LBen
H255D,0.2987,LBen
H255E,0.3842,Amb
H255F,0.2233,LBen
H255G,0.2353,LBen
H255I,0.2505,LBen
H255K,0.3633,Amb
H255L,0.0885,LBen
H255M,0.2267,LBen
H255N,0.0705,LBen
H255P,0.9374,LPath
H255Q,0.1236,LBen
H255R,0.209,LBen
H255S,0.1025,LBen
H255T,0.1373,LBen
H255V,0.1854,LBen
H255W,0.5602,Amb
H255Y,0.1085,LBen
I256A,0.8937,LPath
I256C,0.9103,LPath
I256D,0.9982,LPath
I256E,0.9899,LPath
I256F,0.5542,Amb
I256G,0.9855,LPath
I256H,0.9832,LPath
I256K,0.9778,LPath
I256L,0.1343,LBen
I256M,0.1554,LBen
I256N,0.9696,LPath
I256P,0.9955,LPath
I256Q,0.9523,LPath
I256R,0.9685,LPath
I256S,0.9315,LPath
I256T,0.912,LPath
I256V,0.2174,LBen
I256W,0.9802,LPath
I256Y,0.9472,LPath
R257A,0.9117,LPath
R257C,0.6461,LPath
R257D,0.9655,LPath
R257E,0.8599,LPath
R257F,0.953,LPath
R257G,0.7965,LPath
R257H,0.3511,Amb
R257I,0.8796,LPath
R257K,0.1892,LBen
R257L,0.8662,LPath
R257M,0.8771,LPath
R257N,0.9205,LPath
R257P,0.993,LPath
R257Q,0.3132,LBen
R257S,0.9176,LPath
R257T,0.8852,LPath
R257V,0.9107,LPath
R257W,0.6588,LPath
R257Y,0.8449,LPath
N258A,0.1993,LBen
N258C,0.2015,LBen
N258D,0.3354,LBen
N258E,0.6043,LPath
N258F,0.5628,Amb
N258G,0.1626,LBen
N258H,0.139,LBen
N258I,0.4134,Amb
N258K,0.5643,LPath
N258L,0.3127,LBen
N258M,0.3148,LBen
N258P,0.9703,LPath
N258Q,0.3398,LBen
N258R,0.544,Amb
N258S,0.0733,LBen
N258T,0.1401,LBen
N258V,0.353,Amb
N258W,0.7393,LPath
N258Y,0.2102,LBen
G259A,0.9609,LPath
G259C,0.9788,LPath
G259D,0.9941,LPath
G259E,0.9963,LPath
G259F,0.9989,LPath
G259H,0.9959,LPath
G259I,0.9986,LPath
G259K,0.9962,LPath
G259L,0.9987,LPath
G259M,0.9987,LPath
G259N,0.9883,LPath
G259P,0.9993,LPath
G259Q,0.9916,LPath
G259R,0.9894,LPath
G259S,0.9246,LPath
G259T,0.9889,LPath
G259V,0.9963,LPath
G259W,0.9975,LPath
G259Y,0.9973,LPath
I260A,0.8537,LPath
I260C,0.8934,LPath
I260D,0.9978,LPath
I260E,0.993,LPath
I260F,0.8374,LPath
I260G,0.9872,LPath
I260H,0.9945,LPath
I260K,0.9861,LPath
I260L,0.2392,LBen
I260M,0.3181,LBen
I260N,0.9666,LPath
I260P,0.985,LPath
I260Q,0.988,LPath
I260R,0.9817,LPath
I260S,0.9398,LPath
I260T,0.7124,LPath
I260V,0.1221,LBen
I260W,0.9939,LPath
I260Y,0.9834,LPath
D261A,0.9915,LPath
D261C,0.9968,LPath
D261E,0.9587,LPath
D261F,0.9993,LPath
D261G,0.9828,LPath
D261H,0.9728,LPath
D261I,0.9994,LPath
D261K,0.9984,LPath
D261L,0.9986,LPath
D261M,0.9995,LPath
D261N,0.8824,LPath
D261P,0.9992,LPath
D261Q,0.9895,LPath
D261R,0.9979,LPath
D261S,0.9496,LPath
D261T,0.9946,LPath
D261V,0.9979,LPath
D261W,0.9998,LPath
D261Y,0.9941,LPath
I262A,0.9743,LPath
I262C,0.9464,LPath
I262D,0.9997,LPath
I262E,0.9994,LPath
I262F,0.852,LPath
I262G,0.9965,LPath
I262H,0.9989,LPath
I262K,0.9992,LPath
I262L,0.613,LPath
I262M,0.7267,LPath
I262N,0.9953,LPath
I262P,0.9994,LPath
I262Q,0.9991,LPath
I262R,0.9982,LPath
I262S,0.9881,LPath
I262T,0.9773,LPath
I262V,0.0976,LBen
I262W,0.9987,LPath
I262Y,0.9917,LPath
L263A,0.9469,LPath
L263C,0.9357,LPath
L263D,1.0,LPath
L263E,0.9997,LPath
L263F,0.9731,LPath
L263G,0.9983,LPath
L263H,0.9995,LPath
L263I,0.2329,LBen
L263K,0.9996,LPath
L263M,0.7337,LPath
L263N,0.9997,LPath
L263P,0.9995,LPath
L263Q,0.999,LPath
L263R,0.999,LPath
L263S,0.9979,LPath
L263T,0.9803,LPath
L263V,0.1902,LBen
L263W,0.999,LPath
L263Y,0.9989,LPath
V264A,0.9174,LPath
V264C,0.9795,LPath
V264D,0.9997,LPath
V264E,0.9989,LPath
V264F,0.9964,LPath
V264G,0.9852,LPath
V264H,0.9998,LPath
V264I,0.1848,LBen
V264K,0.9996,LPath
V264L,0.982,LPath
V264M,0.9891,LPath
V264N,0.9989,LPath
V264P,0.9982,LPath
V264Q,0.9989,LPath
V264R,0.9986,LPath
V264S,0.9685,LPath
V264T,0.8774,LPath
V264W,0.9999,LPath
V264Y,0.9997,LPath
G265A,0.9527,LPath
G265C,0.9979,LPath
G265D,0.9999,LPath
G265E,0.9999,LPath
G265F,0.9999,LPath
G265H,1.0,LPath
G265I,0.9999,LPath
G265K,1.0,LPath
G265L,0.9997,LPath
G265M,0.9999,LPath
G265N,1.0,LPath
G265P,1.0,LPath
G265Q,0.9999,LPath
G265R,0.9999,LPath
G265S,0.995,LPath
G265T,0.9996,LPath
G265V,0.9995,LPath
G265W,1.0,LPath
G265Y,1.0,LPath
T266A,0.9595,LPath
T266C,0.9791,LPath
T266D,0.9993,LPath
T266E,0.998,LPath
T266F,0.999,LPath
T266G,0.9932,LPath
T266H,0.9976,LPath
T266I,0.9974,LPath
T266K,0.9969,LPath
T266L,0.9921,LPath
T266M,0.9898,LPath
T266N,0.9918,LPath
T266P,0.9631,LPath
T266Q,0.998,LPath
T266R,0.9957,LPath
T266S,0.9716,LPath
T266V,0.9876,LPath
T266W,0.9999,LPath
T266Y,0.9994,LPath
P267A,0.9795,LPath
P267C,0.9983,LPath
P267D,0.9999,LPath
P267E,0.9998,LPath
P267F,1.0,LPath
P267G,0.9982,LPath
P267H,0.9998,LPath
P267I,0.998,LPath
P267K,0.9999,LPath
P267L,0.996,LPath
P267M,0.9994,LPath
P267N,0.9998,LPath
P267Q,0.9997,LPath
P267R,0.9992,LPath
P267S,0.9968,LPath
P267T,0.9851,LPath
P267V,0.9886,LPath
P267W,1.0,LPath
P267Y,1.0,LPath
G268A,0.9968,LPath
G268C,0.9994,LPath
G268D,0.9999,LPath
G268E,0.9998,LPath
G268F,0.9997,LPath
G268H,1.0,LPath
G268I,0.9995,LPath
G268K,0.9999,LPath
G268L,0.9994,LPath
G268M,0.9998,LPath
G268N,0.9999,LPath
G268P,0.9998,LPath
G268Q,0.9998,LPath
G268R,0.9998,LPath
G268S,0.9969,LPath
G268T,0.9991,LPath
G268V,0.999,LPath
G268W,0.9996,LPath
G268Y,0.9999,LPath
R269A,0.9999,LPath
R269C,0.9993,LPath
R269D,0.9999,LPath
R269E,0.9984,LPath
R269F,0.9999,LPath
R269G,0.9997,LPath
R269H,0.9988,LPath
R269I,0.9996,LPath
R269K,0.9967,LPath
R269L,0.9992,LPath
R269M,0.9999,LPath
R269N,0.9998,LPath
R269P,0.9999,LPath
R269Q,0.9988,LPath
R269S,0.9999,LPath
R269T,0.9999,LPath
R269V,0.9997,LPath
R269W,0.9995,LPath
R269Y,0.9998,LPath
I270A,0.9883,LPath
I270C,0.9845,LPath
I270D,0.9998,LPath
I270E,0.999,LPath
I270F,0.9689,LPath
I270G,0.998,LPath
I270H,0.9996,LPath
I270K,0.9985,LPath
I270L,0.4593,Amb
I270M,0.5978,LPath
I270N,0.9962,LPath
I270P,0.9995,LPath
I270Q,0.9985,LPath
I270R,0.9983,LPath
I270S,0.9931,LPath
I270T,0.9623,LPath
I270V,0.1404,LBen
I270W,0.9994,LPath
I270Y,0.9981,LPath
K271A,0.8941,LPath
K271C,0.9328,LPath
K271D,0.9912,LPath
K271E,0.877,LPath
K271F,0.9873,LPath
K271G,0.9115,LPath
K271H,0.7591,LPath
K271I,0.8889,LPath
K271L,0.8147,LPath
K271M,0.7381,LPath
K271N,0.9613,LPath
K271P,0.9989,LPath
K271Q,0.4112,Amb
K271R,0.0986,LBen
K271S,0.9359,LPath
K271T,0.8805,LPath
K271V,0.8755,LPath
K271W,0.9748,LPath
K271Y,0.9533,LPath
D272A,0.9989,LPath
D272C,0.9998,LPath
D272E,0.9983,LPath
D272F,0.9993,LPath
D272G,0.9985,LPath
D272H,0.9985,LPath
D272I,0.9997,LPath
D272K,0.9994,LPath
D272L,0.9993,LPath
D272M,0.9998,LPath
D272N,0.996,LPath
D272P,0.9999,LPath
D272Q,0.9994,LPath
D272R,0.9993,LPath
D272S,0.9983,LPath
D272T,0.9997,LPath
D272V,0.999,LPath
D272W,0.9997,LPath
D272Y,0.9905,LPath
H273A,0.9859,LPath
H273C,0.6306,LPath
H273D,0.9976,LPath
H273E,0.995,LPath
H273F,0.7189,LPath
H273G,0.994,LPath
H273I,0.9281,LPath
H273K,0.9951,LPath
H273L,0.3548,Amb
H273M,0.8622,LPath
H273N,0.9017,LPath
H273P,0.9976,LPath
H273Q,0.9709,LPath
H273R,0.9903,LPath
H273S,0.9853,LPath
H273T,0.9896,LPath
H273V,0.9533,LPath
H273W,0.9258,LPath
H273Y,0.7209,LPath
L274A,0.8274,LPath
L274C,0.7394,LPath
L274D,0.9951,LPath
L274E,0.9485,LPath
L274F,0.5566,Amb
L274G,0.9706,LPath
L274H,0.8341,LPath
L274I,0.0878,LBen
L274K,0.7795,LPath
L274M,0.1619,LBen
L274N,0.9508,LPath
L274P,0.9984,LPath
L274Q,0.6696,LPath
L274R,0.761,LPath
L274S,0.9178,LPath
L274T,0.8062,LPath
L274V,0.134,LBen
L274W,0.8227,LPath
L274Y,0.8345,LPath
Q275A,0.2195,LBen
Q275C,0.7382,LPath
Q275D,0.5218,Amb
Q275E,0.1144,LBen
Q275F,0.8381,LPath
Q275G,0.3633,Amb
Q275H,0.3424,Amb
Q275I,0.4471,Amb
Q275K,0.235,LBen
Q275L,0.1726,LBen
Q275M,0.3522,Amb
Q275N,0.3077,LBen
Q275P,0.9573,LPath
Q275R,0.2597,LBen
Q275S,0.251,LBen
Q275T,0.2465,LBen
Q275V,0.3149,LBen
Q275W,0.9085,LPath
Q275Y,0.7282,LPath
S276A,0.118,LBen
S276C,0.165,LBen
S276D,0.8255,LPath
S276E,0.8813,LPath
S276F,0.6025,LPath
S276G,0.0926,LBen
S276H,0.5809,LPath
S276I,0.5716,LPath
S276K,0.9302,LPath
S276L,0.2701,LBen
S276M,0.3011,LBen
S276N,0.1215,LBen
S276P,0.9877,LPath
S276Q,0.6471,LPath
S276R,0.9142,LPath
S276T,0.1797,LBen
S276V,0.5194,Amb
S276W,0.8035,LPath
S276Y,0.5359,Amb
G277A,0.42,Amb
G277C,0.4269,Amb
G277D,0.4538,Amb
G277E,0.4759,Amb
G277F,0.9144,LPath
G277H,0.4433,Amb
G277I,0.9065,LPath
G277K,0.4181,Amb
G277L,0.8586,LPath
G277M,0.8348,LPath
G277N,0.3193,LBen
G277P,0.9878,LPath
G277Q,0.3233,LBen
G277R,0.3553,Amb
G277S,0.1982,LBen
G277T,0.611,LPath
G277V,0.8248,LPath
G277W,0.851,LPath
G277Y,0.7833,LPath
R278A,0.8915,LPath
R278C,0.5597,Amb
R278D,0.9629,LPath
R278E,0.8737,LPath
R278F,0.9471,LPath
R278G,0.8097,LPath
R278H,0.2985,LBen
R278I,0.774,LPath
R278K,0.1358,LBen
R278L,0.7885,LPath
R278M,0.83,LPath
R278N,0.8852,LPath
R278P,0.989,LPath
R278Q,0.3226,LBen
R278S,0.8885,LPath
R278T,0.7579,LPath
R278V,0.8208,LPath
R278W,0.753,LPath
R278Y,0.8519,LPath
L279A,0.9696,LPath
L279C,0.9455,LPath
L279D,0.9997,LPath
L279E,0.9982,LPath
L279F,0.9167,LPath
L279G,0.996,LPath
L279H,0.9975,LPath
L279I,0.2549,LBen
L279K,0.9972,LPath
L279M,0.5114,Amb
L279N,0.998,LPath
L279P,0.9982,LPath
L279Q,0.9952,LPath
L279R,0.995,LPath
L279S,0.9975,LPath
L279T,0.9691,LPath
L279V,0.3575,Amb
L279W,0.9928,LPath
L279Y,0.9945,LPath
D280A,0.5431,Amb
D280C,0.7418,LPath
D280E,0.3231,LBen
D280F,0.8873,LPath
D280G,0.7346,LPath
D280H,0.568,LPath
D280I,0.559,Amb
D280K,0.7457,LPath
D280L,0.7234,LPath
D280M,0.8265,LPath
D280N,0.157,LBen
D280P,0.9482,LPath
D280Q,0.5773,LPath
D280R,0.7665,LPath
D280S,0.3261,LBen
D280T,0.6097,LPath
D280V,0.3793,Amb
D280W,0.9787,LPath
D280Y,0.5315,Amb
L281A,0.9398,LPath
L281C,0.8913,LPath
L281D,0.9987,LPath
L281E,0.997,LPath
L281F,0.4952,Amb
L281G,0.9856,LPath
L281H,0.9886,LPath
L281I,0.2112,LBen
L281K,0.9925,LPath
L281M,0.3421,Amb
L281N,0.9906,LPath
L281P,0.9748,LPath
L281Q,0.9889,LPath
L281R,0.9875,LPath
L281S,0.987,LPath
L281T,0.8168,LPath
L281V,0.2868,LBen
L281W,0.9627,LPath
L281Y,0.9687,LPath
S282A,0.1105,LBen
S282C,0.1588,LBen
S282D,0.4829,Amb
S282E,0.493,Amb
S282F,0.4933,Amb
S282G,0.0848,LBen
S282H,0.3646,Amb
S282I,0.5604,Amb
S282K,0.4856,Amb
S282L,0.2339,LBen
S282M,0.3328,LBen
S282N,0.2258,LBen
S282P,0.7976,LPath
S282Q,0.4053,Amb
S282R,0.4381,Amb
S282T,0.0798,LBen
S282V,0.435,Amb
S282W,0.6312,LPath
S282Y,0.4254,Amb
K283A,0.2275,LBen
K283C,0.4099,Amb
K283D,0.3192,LBen
K283E,0.137,LBen
K283F,0.6793,LPath
K283G,0.2303,LBen
K283H,0.1711,LBen
K283I,0.4286,Amb
K283L,0.3273,LBen
K283M,0.2449,LBen
K283N,0.2224,LBen
K283P,0.8103,LPath
K283Q,0.0825,LBen
K283R,0.0812,LBen
K283S,0.2061,LBen
K283T,0.1487,LBen
K283V,0.3102,LBen
K283W,0.743,LPath
K283Y,0.5147,Amb
L284A,0.8726,LPath
L284C,0.7958,LPath
L284D,0.9992,LPath
L284E,0.994,LPath
L284F,0.9868,LPath
L284G,0.9825,LPath
L284H,0.9967,LPath
L284I,0.1474,LBen
L284K,0.9936,LPath
L284M,0.5431,Amb
L284N,0.9834,LPath
L284P,0.9913,LPath
L284Q,0.9827,LPath
L284R,0.9898,LPath
L284S,0.9779,LPath
L284T,0.7141,LPath
L284V,0.1033,LBen
L284W,0.9981,LPath
L284Y,0.9975,LPath
R285A,0.3582,Amb
R285C,0.1486,LBen
R285D,0.5515,Amb
R285E,0.2413,LBen
R285F,0.6058,LPath
R285G,0.2757,LBen
R285H,0.0935,LBen
R285I,0.2657,LBen
R285K,0.0691,LBen
R285L,0.2334,LBen
R285M,0.2647,LBen
R285N,0.4229,Amb
R285P,0.9312,LPath
R285Q,0.0719,LBen
R285S,0.3157,LBen
R285T,0.1638,LBen
R285V,0.3026,LBen
R285W,0.3016,LBen
R285Y,0.4319,Amb
H286A,0.951,LPath
H286C,0.4706,Amb
H286D,0.9749,LPath
H286E,0.9872,LPath
H286F,0.6185,LPath
H286G,0.9748,LPath
H286I,0.9407,LPath
H286K,0.9902,LPath
H286L,0.8166,LPath
H286M,0.9232,LPath
H286N,0.786,LPath
H286P,0.9955,LPath
H286Q,0.9506,LPath
H286R,0.9706,LPath
H286S,0.9112,LPath
H286T,0.9493,LPath
H286V,0.9037,LPath
H286W,0.8475,LPath
H286Y,0.4497,Amb
V287A,0.8594,LPath
V287C,0.9186,LPath
V287D,0.9988,LPath
V287E,0.9957,LPath
V287F,0.8273,LPath
V287G,0.9469,LPath
V287H,0.9969,LPath
V287I,0.1465,LBen
V287K,0.994,LPath
V287L,0.7141,LPath
V287M,0.7334,LPath
V287N,0.9932,LPath
V287P,0.9995,LPath
V287Q,0.99,LPath
V287R,0.9838,LPath
V287S,0.9676,LPath
V287T,0.8778,LPath
V287W,0.9969,LPath
V287Y,0.988,LPath
V288A,0.976,LPath
V288C,0.9724,LPath
V288D,0.9997,LPath
V288E,0.9992,LPath
V288F,0.9946,LPath
V288G,0.9915,LPath
V288H,0.9997,LPath
V288I,0.1731,LBen
V288K,0.9996,LPath
V288L,0.9809,LPath
V288M,0.9878,LPath
V288N,0.9984,LPath
V288P,0.9992,LPath
V288Q,0.9989,LPath
V288R,0.9987,LPath
V288S,0.9849,LPath
V288T,0.9692,LPath
V288W,0.9999,LPath
V288Y,0.9995,LPath
L289A,0.9901,LPath
L289C,0.9783,LPath
L289D,0.9999,LPath
L289E,0.9995,LPath
L289F,0.959,LPath
L289G,0.9983,LPath
L289H,0.9994,LPath
L289I,0.7557,LPath
L289K,0.9991,LPath
L289M,0.7758,LPath
L289N,0.9996,LPath
L289P,0.9995,LPath
L289Q,0.999,LPath
L289R,0.9981,LPath
L289S,0.9993,LPath
L289T,0.9967,LPath
L289V,0.8661,LPath
L289W,0.9936,LPath
L289Y,0.9973,LPath
D290A,0.9994,LPath
D290C,0.9999,LPath
D290E,0.9991,LPath
D290F,0.9999,LPath
D290G,0.9988,LPath
D290H,0.9994,LPath
D290I,0.9998,LPath
D290K,0.9997,LPath
D290L,0.9986,LPath
D290M,0.9999,LPath
D290N,0.9985,LPath
D290P,0.9998,LPath
D290Q,0.9998,LPath
D290R,0.9994,LPath
D290S,0.9984,LPath
D290T,0.9997,LPath
D290V,0.9992,LPath
D290W,0.9998,LPath
D290Y,0.999,LPath
E291A,0.9997,LPath
E291C,0.9998,LPath
E291D,0.9997,LPath
E291F,1.0,LPath
E291G,0.9995,LPath
E291H,0.9999,LPath
E291I,0.9999,LPath
E291K,0.9998,LPath
E291L,1.0,LPath
E291M,0.9997,LPath
E291N,0.9997,LPath
E291P,1.0,LPath
E291Q,0.9993,LPath
E291R,0.9996,LPath
E291S,0.9998,LPath
E291T,0.9999,LPath
E291V,0.9998,LPath
E291W,1.0,LPath
E291Y,1.0,LPath
V292A,0.8076,LPath
V292C,0.9785,LPath
V292D,0.9984,LPath
V292E,0.9973,LPath
V292F,0.985,LPath
V292G,0.9101,LPath
V292H,0.9995,LPath
V292I,0.7138,LPath
V292K,0.9988,LPath
V292L,0.9935,LPath
V292M,0.9824,LPath
V292N,0.9966,LPath
V292P,0.9981,LPath
V292Q,0.9971,LPath
V292R,0.9955,LPath
V292S,0.9391,LPath
V292T,0.915,LPath
V292W,0.9995,LPath
V292Y,0.9985,LPath
D293A,0.9996,LPath
D293C,0.9999,LPath
D293E,0.9995,LPath
D293F,0.9998,LPath
D293G,0.9992,LPath
D293H,0.9996,LPath
D293I,0.9999,LPath
D293K,0.9999,LPath
D293L,0.9997,LPath
D293M,1.0,LPath
D293N,0.9991,LPath
D293P,0.9998,LPath
D293Q,0.9999,LPath
D293R,0.9997,LPath
D293S,0.999,LPath
D293T,0.9999,LPath
D293V,0.9998,LPath
D293W,0.9999,LPath
D293Y,0.999,LPath
Q294A,0.6696,LPath
Q294C,0.9368,LPath
Q294D,0.9857,LPath
Q294E,0.3941,Amb
Q294F,0.9684,LPath
Q294G,0.8299,LPath
Q294H,0.7908,LPath
Q294I,0.9454,LPath
Q294K,0.8128,LPath
Q294L,0.7815,LPath
Q294M,0.6803,LPath
Q294N,0.7956,LPath
Q294P,0.9956,LPath
Q294R,0.6825,LPath
Q294S,0.6597,LPath
Q294T,0.6201,LPath
Q294V,0.8222,LPath
Q294W,0.9757,LPath
Q294Y,0.9658,LPath
M295A,0.9987,LPath
M295C,0.9968,LPath
M295D,0.9999,LPath
M295E,0.9993,LPath
M295F,0.992,LPath
M295G,0.9996,LPath
M295H,0.9994,LPath
M295I,0.9972,LPath
M295K,0.9993,LPath
M295L,0.924,LPath
M295N,0.999,LPath
M295P,1.0,LPath
M295Q,0.995,LPath
M295R,0.9996,LPath
M295S,0.9988,LPath
M295T,0.9997,LPath
M295V,0.9913,LPath
M295W,0.9997,LPath
M295Y,0.9991,LPath
L296A,0.9836,LPath
L296C,0.9924,LPath
L296D,0.9996,LPath
L296E,0.9976,LPath
L296F,0.9876,LPath
L296G,0.9938,LPath
L296H,0.998,LPath
L296I,0.9572,LPath
L296K,0.994,LPath
L296M,0.8463,LPath
L296N,0.9973,LPath
L296P,0.9994,LPath
L296Q,0.9956,LPath
L296R,0.9911,LPath
L296S,0.9983,LPath
L296T,0.9933,LPath
L296V,0.9696,LPath
L296W,0.9936,LPath
L296Y,0.9962,LPath
D297A,0.9063,LPath
D297C,0.9912,LPath
D297E,0.8725,LPath
D297F,0.9886,LPath
D297G,0.937,LPath
D297H,0.9588,LPath
D297I,0.9931,LPath
D297K,0.988,LPath
D297L,0.9646,LPath
D297M,0.9942,LPath
D297N,0.8377,LPath
D297P,0.9979,LPath
D297Q,0.9686,LPath
D297R,0.98,LPath
D297S,0.8345,LPath
D297T,0.9775,LPath
D297V,0.9715,LPath
D297W,0.9972,LPath
D297Y,0.9314,LPath
L298A,0.9184,LPath
L298C,0.956,LPath
L298D,0.9915,LPath
L298E,0.9768,LPath
L298F,0.7625,LPath
L298G,0.9773,LPath
L298H,0.9549,LPath
L298I,0.5801,LPath
L298K,0.945,LPath
L298M,0.1209,LBen
L298N,0.9593,LPath
L298P,0.997,LPath
L298Q,0.8923,LPath
L298R,0.9298,LPath
L298S,0.9667,LPath
L298T,0.9373,LPath
L298V,0.6403,LPath
L298W,0.9208,LPath
L298Y,0.9426,LPath
G299A,0.9943,LPath
G299C,0.9954,LPath
G299D,0.9979,LPath
G299E,0.9992,LPath
G299F,0.9995,LPath
G299H,0.9997,LPath
G299I,0.9993,LPath
G299K,0.9997,LPath
G299L,0.9988,LPath
G299M,0.9996,LPath
G299N,0.9987,LPath
G299P,0.9991,LPath
G299Q,0.9992,LPath
G299R,0.9991,LPath
G299S,0.9925,LPath
G299T,0.998,LPath
G299V,0.9985,LPath
G299W,0.9996,LPath
G299Y,0.9993,LPath
F300A,0.9995,LPath
F300C,0.9994,LPath
F300D,0.9997,LPath
F300E,0.9995,LPath
F300G,0.9995,LPath
F300H,0.9987,LPath
F300I,0.9992,LPath
F300K,0.9997,LPath
F300L,0.9999,LPath
F300M,0.9983,LPath
F300N,0.9991,LPath
F300P,1.0,LPath
F300Q,0.9993,LPath
F300R,0.9989,LPath
F300S,0.9997,LPath
F300T,0.9998,LPath
F300V,0.9991,LPath
F300W,0.9872,LPath
F300Y,0.9824,LPath
A301C,0.843,LPath
A301D,0.9433,LPath
A301E,0.7634,LPath
A301F,0.8984,LPath
A301G,0.6494,LPath
A301H,0.8852,LPath
A301I,0.8412,LPath
A301K,0.9187,LPath
A301L,0.7552,LPath
A301M,0.7565,LPath
A301N,0.8996,LPath
A301P,0.9859,LPath
A301Q,0.5442,Amb
A301R,0.8163,LPath
A301S,0.2268,LBen
A301T,0.4805,Amb
A301V,0.632,LPath
A301W,0.9738,LPath
A301Y,0.9308,LPath
E302A,0.57,LPath
E302C,0.974,LPath
E302D,0.098,LBen
E302F,0.983,LPath
E302G,0.5546,Amb
E302H,0.8781,LPath
E302I,0.9008,LPath
E302K,0.6728,LPath
E302L,0.896,LPath
E302M,0.9273,LPath
E302N,0.5973,LPath
E302P,0.9063,LPath
E302Q,0.4805,Amb
E302R,0.7763,LPath
E302S,0.521,Amb
E302T,0.7353,LPath
E302V,0.761,LPath
E302W,0.9921,LPath
E302Y,0.9596,LPath
Q303A,0.327,LBen
Q303C,0.9774,LPath
Q303D,0.6666,LPath
Q303E,0.3126,LBen
Q303F,0.9881,LPath
Q303G,0.8042,LPath
Q303H,0.8953,LPath
Q303I,0.8372,LPath
Q303K,0.8364,LPath
Q303L,0.7042,LPath
Q303M,0.6585,LPath
Q303N,0.6099,LPath
Q303P,0.7806,LPath
Q303R,0.9152,LPath
Q303S,0.4633,Amb
Q303T,0.6082,LPath
Q303V,0.7153,LPath
Q303W,0.9926,LPath
Q303Y,0.9772,LPath
V304A,0.9746,LPath
V304C,0.9915,LPath
V304D,0.9988,LPath
V304E,0.9957,LPath
V304F,0.9827,LPath
V304G,0.9682,LPath
V304H,0.9996,LPath
V304I,0.4748,Amb
V304K,0.9983,LPath
V304L,0.9798,LPath
V304M,0.9448,LPath
V304N,0.9976,LPath
V304P,0.9995,LPath
V304Q,0.9962,LPath
V304R,0.9958,LPath
V304S,0.9894,LPath
V304T,0.942,LPath
V304W,0.9994,LPath
V304Y,0.9982,LPath
E305A,0.9227,LPath
E305C,0.9957,LPath
E305D,0.7903,LPath
E305F,0.9984,LPath
E305G,0.8799,LPath
E305H,0.9907,LPath
E305I,0.9932,LPath
E305K,0.9593,LPath
E305L,0.9908,LPath
E305M,0.9893,LPath
E305N,0.9675,LPath
E305P,0.9994,LPath
E305Q,0.8705,LPath
E305R,0.9627,LPath
E305S,0.9401,LPath
E305T,0.9662,LPath
E305V,0.9754,LPath
E305W,0.9991,LPath
E305Y,0.9968,LPath
D306A,0.3307,LBen
D306C,0.8477,LPath
D306E,0.146,LBen
D306F,0.8063,LPath
D306G,0.453,Amb
D306H,0.6323,LPath
D306I,0.707,LPath
D306K,0.7299,LPath
D306L,0.6664,LPath
D306M,0.756,LPath
D306N,0.2448,LBen
D306P,0.9965,LPath
D306Q,0.5384,Amb
D306R,0.7955,LPath
D306S,0.283,LBen
D306T,0.4394,Amb
D306V,0.4913,Amb
D306W,0.9607,LPath
D306Y,0.5208,Amb
I307A,0.987,LPath
I307C,0.9932,LPath
I307D,0.9994,LPath
I307E,0.9986,LPath
I307F,0.9823,LPath
I307G,0.999,LPath
I307H,0.9995,LPath
I307K,0.999,LPath
I307L,0.7213,LPath
I307M,0.8039,LPath
I307N,0.9955,LPath
I307P,0.9995,LPath
I307Q,0.9991,LPath
I307R,0.9978,LPath
I307S,0.9929,LPath
I307T,0.9828,LPath
I307V,0.3974,Amb
I307W,0.9995,LPath
I307Y,0.9985,LPath
I308A,0.9772,LPath
I308C,0.9729,LPath
I308D,0.9995,LPath
I308E,0.9979,LPath
I308F,0.6439,LPath
I308G,0.9968,LPath
I308H,0.9965,LPath
I308K,0.9949,LPath
I308L,0.0792,LBen
I308M,0.3117,LBen
I308N,0.9943,LPath
I308P,0.9978,LPath
I308Q,0.993,LPath
I308R,0.9905,LPath
I308S,0.9903,LPath
I308T,0.9755,LPath
I308V,0.3565,Amb
I308W,0.9896,LPath
I308Y,0.9833,LPath
H309A,0.1556,LBen
H309C,0.1347,LBen
H309D,0.2589,LBen
H309E,0.2061,LBen
H309F,0.3256,LBen
H309G,0.1813,LBen
H309I,0.3653,Amb
H309K,0.1265,LBen
H309L,0.1311,LBen
H309M,0.3454,Amb
H309N,0.1143,LBen
H309P,0.8791,LPath
H309Q,0.085,LBen
H309R,0.0645,LBen
H309S,0.1335,LBen
H309T,0.1868,LBen
H309V,0.267,LBen
H309W,0.4885,Amb
H309Y,0.1314,LBen
E310A,0.0866,LBen
E310C,0.5271,Amb
E310D,0.1415,LBen
E310F,0.5171,Amb
E310G,0.1537,LBen
E310H,0.2378,LBen
E310I,0.2706,LBen
E310K,0.1403,LBen
E310L,0.2909,LBen
E310M,0.3417,Amb
E310N,0.1955,LBen
E310P,0.9495,LPath
E310Q,0.096,LBen
E310R,0.2106,LBen
E310S,0.1204,LBen
E310T,0.1339,LBen
E310V,0.1704,LBen
E310W,0.8198,LPath
E310Y,0.3908,Amb
S311A,0.0654,LBen
S311C,0.1006,LBen
S311D,0.9591,LPath
S311E,0.9397,LPath
S311F,0.7608,LPath
S311G,0.1913,LBen
S311H,0.8232,LPath
S311I,0.464,Amb
S311K,0.9569,LPath
S311L,0.3813,Amb
S311M,0.4806,Amb
S311N,0.6233,LPath
S311P,0.9374,LPath
S311Q,0.8483,LPath
S311R,0.9236,LPath
S311T,0.1485,LBen
S311V,0.3396,LBen
S311W,0.8861,LPath
S311Y,0.6976,LPath
Y312A,0.974,LPath
Y312C,0.7174,LPath
Y312D,0.9765,LPath
Y312E,0.9877,LPath
Y312F,0.326,LBen
Y312G,0.9056,LPath
Y312H,0.9144,LPath
Y312I,0.9619,LPath
Y312K,0.9776,LPath
Y312L,0.8965,LPath
Y312M,0.9661,LPath
Y312N,0.9128,LPath
Y312P,0.9891,LPath
Y312Q,0.9771,LPath
Y312R,0.9291,LPath
Y312S,0.8889,LPath
Y312T,0.9695,LPath
Y312V,0.8947,LPath
Y312W,0.7931,LPath
K313A,0.3426,Amb
K313C,0.5678,LPath
K313D,0.5043,Amb
K313E,0.1949,LBen
K313F,0.836,LPath
K313G,0.4029,Amb
K313H,0.2698,LBen
K313I,0.458,Amb
K313L,0.4263,Amb
K313M,0.3541,Amb
K313N,0.388,Amb
K313P,0.8119,LPath
K313Q,0.1099,LBen
K313R,0.0801,LBen
K313S,0.3524,Amb
K313T,0.1898,LBen
K313V,0.346,Amb
K313W,0.8499,LPath
K313Y,0.7292,LPath
T314A,0.0648,LBen
T314C,0.2238,LBen
T314D,0.2374,LBen
T314E,0.159,LBen
T314F,0.257,LBen
T314G,0.1402,LBen
T314H,0.1514,LBen
T314I,0.1337,LBen
T314K,0.0918,LBen
T314L,0.086,LBen
T314M,0.0767,LBen
T314N,0.0845,LBen
T314P,0.0723,LBen
T314Q,0.1152,LBen
T314R,0.0986,LBen
T314S,0.0844,LBen
T314V,0.1017,LBen
T314W,0.4777,Amb
T314Y,0.239,LBen
D315A,0.1761,LBen
D315C,0.4975,Amb
D315E,0.1445,LBen
D315F,0.5719,LPath
D315G,0.0941,LBen
D315H,0.2911,LBen
D315I,0.3814,Amb
D315K,0.3795,Amb
D315L,0.4029,Amb
D315M,0.6008,LPath
D315N,0.0968,LBen
D315P,0.5932,LPath
D315Q,0.3189,LBen
D315R,0.4091,Amb
D315S,0.1106,LBen
D315T,0.2014,LBen
D315V,0.2378,LBen
D315W,0.8626,LPath
D315Y,0.3055,LBen
S316A,0.0745,LBen
S316C,0.0912,LBen
S316D,0.3878,Amb
S316E,0.4626,Amb
S316F,0.3779,Amb
S316G,0.0934,LBen
S316H,0.379,Amb
S316I,0.2467,LBen
S316K,0.5264,Amb
S316L,0.1311,LBen
S316M,0.2248,LBen
S316N,0.1655,LBen
S316P,0.3804,Amb
S316Q,0.4437,Amb
S316R,0.489,Amb
S316T,0.0816,LBen
S316V,0.1892,LBen
S316W,0.5178,Amb
S316Y,0.3347,LBen
E317A,0.1192,LBen
E317C,0.6712,LPath
E317D,0.0851,LBen
E317F,0.6718,LPath
E317G,0.132,LBen
E317H,0.3504,Amb
E317I,0.271,LBen
E317K,0.1047,LBen
E317L,0.3069,LBen
E317M,0.3639,Amb
E317N,0.1782,LBen
E317P,0.261,LBen
E317Q,0.1328,LBen
E317R,0.2003,LBen
E317S,0.1337,LBen
E317T,0.1446,LBen
E317V,0.1737,LBen
E317W,0.8203,LPath
E317Y,0.547,Amb
D318A,0.1293,LBen
D318C,0.422,Amb
D318E,0.1005,LBen
D318F,0.4485,Amb
D318G,0.1206,LBen
D318H,0.2248,LBen
D318I,0.2602,LBen
D318K,0.2724,LBen
D318L,0.2902,LBen
D318M,0.4117,Amb
D318N,0.084,LBen
D318P,0.6938,LPath
D318Q,0.2139,LBen
D318R,0.3266,LBen
D318S,0.1034,LBen
D318T,0.1509,LBen
D318V,0.1553,LBen
D318W,0.8026,LPath
D318Y,0.2008,LBen
N319A,0.457,Amb
N319C,0.289,LBen
N319D,0.4959,Amb
N319E,0.7677,LPath
N319F,0.7951,LPath
N319G,0.4701,Amb
N319H,0.2309,LBen
N319I,0.4135,Amb
N319K,0.4859,Amb
N319L,0.4064,Amb
N319M,0.5718,LPath
N319P,0.5956,LPath
N319Q,0.5562,Amb
N319R,0.519,Amb
N319S,0.1454,LBen
N319T,0.3007,LBen
N319V,0.4328,Amb
N319W,0.9204,LPath
N319Y,0.351,Amb
P320A,0.8795,LPath
P320C,0.979,LPath
P320D,0.9993,LPath
P320E,0.9978,LPath
P320F,0.9979,LPath
P320G,0.9895,LPath
P320H,0.9877,LPath
P320I,0.9767,LPath
P320K,0.9912,LPath
P320L,0.9639,LPath
P320M,0.9937,LPath
P320N,0.998,LPath
P320Q,0.9917,LPath
P320R,0.9721,LPath
P320S,0.982,LPath
P320T,0.969,LPath
P320V,0.9427,LPath
P320W,0.9992,LPath
P320Y,0.9973,LPath
Q321A,0.9093,LPath
Q321C,0.9969,LPath
Q321D,0.9974,LPath
Q321E,0.8346,LPath
Q321F,0.9989,LPath
Q321G,0.964,LPath
Q321H,0.9968,LPath
Q321I,0.9883,LPath
Q321K,0.97,LPath
Q321L,0.9731,LPath
Q321M,0.9561,LPath
Q321N,0.9778,LPath
Q321P,0.9624,LPath
Q321R,0.9744,LPath
Q321S,0.904,LPath
Q321T,0.9428,LPath
Q321V,0.9683,LPath
Q321W,0.9996,LPath
Q321Y,0.9995,LPath
T322A,0.9252,LPath
T322C,0.9418,LPath
T322D,0.9944,LPath
T322E,0.9948,LPath
T322F,0.9792,LPath
T322G,0.9695,LPath
T322H,0.9665,LPath
T322I,0.9177,LPath
T322K,0.9777,LPath
T322L,0.8563,LPath
T322M,0.726,LPath
T322N,0.9442,LPath
T322P,0.9872,LPath
T322Q,0.9808,LPath
T322R,0.9799,LPath
T322S,0.8783,LPath
T322V,0.7686,LPath
T322W,0.9954,LPath
T322Y,0.9883,LPath
L323A,0.9362,LPath
L323C,0.8389,LPath
L323D,0.9998,LPath
L323E,0.9985,LPath
L323F,0.8786,LPath
L323G,0.9921,LPath
L323H,0.9946,LPath
L323I,0.4829,Amb
L323K,0.9974,LPath
L323M,0.3528,Amb
L323N,0.9969,LPath
L323P,0.9995,LPath
L323Q,0.9897,LPath
L323R,0.9942,LPath
L323S,0.9898,LPath
L323T,0.9822,LPath
L323V,0.4296,Amb
L323W,0.9924,LPath
L323Y,0.9887,LPath
L324A,0.9866,LPath
L324C,0.9483,LPath
L324D,0.9998,LPath
L324E,0.9992,LPath
L324F,0.7384,LPath
L324G,0.9949,LPath
L324H,0.9925,LPath
L324I,0.8828,LPath
L324K,0.9981,LPath
L324M,0.6708,LPath
L324N,0.9981,LPath
L324P,0.9991,LPath
L324Q,0.996,LPath
L324R,0.9946,LPath
L324S,0.9975,LPath
L324T,0.9959,LPath
L324V,0.9126,LPath
L324W,0.9839,LPath
L324Y,0.9769,LPath
F325A,0.9991,LPath
F325C,0.9941,LPath
F325D,0.9998,LPath
F325E,0.9998,LPath
F325G,0.9993,LPath
F325H,0.9968,LPath
F325I,0.9942,LPath
F325K,0.9999,LPath
F325L,0.999,LPath
F325M,0.9958,LPath
F325N,0.9991,LPath
F325P,1.0,LPath
F325Q,0.9996,LPath
F325R,0.9994,LPath
F325S,0.9983,LPath
F325T,0.9992,LPath
F325V,0.9907,LPath
F325W,0.9671,LPath
F325Y,0.8731,LPath
S326A,0.9007,LPath
S326C,0.9697,LPath
S326D,0.9993,LPath
S326E,0.9983,LPath
S326F,0.9986,LPath
S326G,0.9764,LPath
S326H,0.9971,LPath
S326I,0.9983,LPath
S326K,0.9998,LPath
S326L,0.9928,LPath
S326M,0.9947,LPath
S326N,0.9989,LPath
S326P,0.999,LPath
S326Q,0.9976,LPath
S326R,0.9996,LPath
S326T,0.7685,LPath
S326V,0.9963,LPath
S326W,0.9956,LPath
S326Y,0.9982,LPath
A327C,0.9944,LPath
A327D,0.9996,LPath
A327E,0.9982,LPath
A327F,0.9942,LPath
A327G,0.9881,LPath
A327H,0.9984,LPath
A327I,0.9989,LPath
A327K,0.9995,LPath
A327L,0.9876,LPath
A327M,0.9975,LPath
A327N,0.9986,LPath
A327P,0.9977,LPath
A327Q,0.9959,LPath
A327R,0.9898,LPath
A327S,0.8744,LPath
A327T,0.9949,LPath
A327V,0.9971,LPath
A327W,0.9994,LPath
A327Y,0.9985,LPath
T328A,0.984,LPath
T328C,0.9965,LPath
T328D,0.9988,LPath
T328E,0.9966,LPath
T328F,0.9976,LPath
T328G,0.9926,LPath
T328H,0.994,LPath
T328I,0.9968,LPath
T328K,0.9949,LPath
T328L,0.9912,LPath
T328M,0.9912,LPath
T328N,0.9924,LPath
T328P,0.9874,LPath
T328Q,0.9937,LPath
T328R,0.9874,LPath
T328S,0.9703,LPath
T328V,0.9813,LPath
T328W,0.9991,LPath
T328Y,0.9983,LPath
C329A,0.9283,LPath
C329D,0.9994,LPath
C329E,0.9993,LPath
C329F,0.8968,LPath
C329G,0.9608,LPath
C329H,0.9949,LPath
C329I,0.8736,LPath
C329K,0.9989,LPath
C329L,0.7486,LPath
C329M,0.8522,LPath
C329N,0.991,LPath
C329P,0.9982,LPath
C329Q,0.9942,LPath
C329R,0.9922,LPath
C329S,0.9479,LPath
C329T,0.9334,LPath
C329V,0.7139,LPath
C329W,0.9893,LPath
C329Y,0.9765,LPath
P330A,0.983,LPath
P330C,0.9988,LPath
P330D,0.997,LPath
P330E,0.9966,LPath
P330F,0.9998,LPath
P330G,0.9935,LPath
P330H,0.9919,LPath
P330I,0.9993,LPath
P330K,0.9969,LPath
P330L,0.993,LPath
P330M,0.9991,LPath
P330N,0.9957,LPath
P330Q,0.9938,LPath
P330R,0.9914,LPath
P330S,0.9829,LPath
P330T,0.9886,LPath
P330V,0.9978,LPath
P330W,0.9998,LPath
P330Y,0.9996,LPath
Q331A,0.0978,LBen
Q331C,0.6646,LPath
Q331D,0.2263,LBen
Q331E,0.1042,LBen
Q331F,0.6512,LPath
Q331G,0.151,LBen
Q331H,0.1467,LBen
Q331I,0.392,Amb
Q331K,0.2301,LBen
Q331L,0.1383,LBen
Q331M,0.2993,LBen
Q331N,0.1121,LBen
Q331P,0.0509,LBen
Q331R,0.2484,LBen
Q331S,0.0664,LBen
Q331T,0.1227,LBen
Q331V,0.2253,LBen
Q331W,0.7449,LPath
Q331Y,0.4536,Amb
W332A,0.992,LPath
W332C,0.999,LPath
W332D,0.9966,LPath
W332E,0.9961,LPath
W332F,0.9266,LPath
W332G,0.9861,LPath
W332H,0.9946,LPath
W332I,0.9951,LPath
W332K,0.9997,LPath
W332L,0.9945,LPath
W332M,0.996,LPath
W332N,0.9973,LPath
W332P,0.9979,LPath
W332Q,0.9991,LPath
W332R,0.9993,LPath
W332S,0.9857,LPath
W332T,0.9918,LPath
W332V,0.9944,LPath
W332Y,0.9763,LPath
V333A,0.9301,LPath
V333C,0.9648,LPath
V333D,0.9981,LPath
V333E,0.9934,LPath
V333F,0.9293,LPath
V333G,0.9183,LPath
V333H,0.998,LPath
V333I,0.2982,LBen
V333K,0.9959,LPath
V333L,0.908,LPath
V333M,0.8854,LPath
V333N,0.9931,LPath
V333P,0.9955,LPath
V333Q,0.99,LPath
V333R,0.9889,LPath
V333S,0.9683,LPath
V333T,0.9498,LPath
V333W,0.9986,LPath
V333Y,0.9912,LPath
Y334A,0.7823,LPath
Y334C,0.2997,LBen
Y334D,0.755,LPath
Y334E,0.8473,LPath
Y334F,0.1207,LBen
Y334G,0.6533,LPath
Y334H,0.3332,LBen
Y334I,0.7433,LPath
Y334K,0.7527,LPath
Y334L,0.6021,LPath
Y334M,0.7287,LPath
Y334N,0.4348,Amb
Y334P,0.9713,LPath
Y334Q,0.656,LPath
Y334R,0.6118,LPath
Y334S,0.4961,Amb
Y334T,0.7382,LPath
Y334V,0.5978,LPath
Y334W,0.4833,Amb
K335A,0.4047,Amb
K335C,0.7812,LPath
K335D,0.3451,Amb
K335E,0.2458,LBen
K335F,0.9394,LPath
K335G,0.4123,Amb
K335H,0.2815,LBen
K335I,0.7022,LPath
K335L,0.6392,LPath
K335M,0.498,Amb
K335N,0.3012,LBen
K335P,0.9496,LPath
K335Q,0.1296,LBen
K335R,0.0839,LBen
K335S,0.3406,Amb
K335T,0.2119,LBen
K335V,0.5754,LPath
K335W,0.9043,LPath
K335Y,0.8108,LPath
V336A,0.82,LPath
V336C,0.9751,LPath
V336D,0.992,LPath
V336E,0.9621,LPath
V336F,0.8665,LPath
V336G,0.889,LPath
V336H,0.9886,LPath
V336I,0.2161,LBen
V336K,0.9793,LPath
V336L,0.884,LPath
V336M,0.7456,LPath
V336N,0.9576,LPath
V336P,0.9973,LPath
V336Q,0.9566,LPath
V336R,0.9703,LPath
V336S,0.9036,LPath
V336T,0.5162,Amb
V336W,0.9955,LPath
V336Y,0.9793,LPath
A337C,0.9457,LPath
A337D,0.9993,LPath
A337E,0.9967,LPath
A337F,0.992,LPath
A337G,0.6356,LPath
A337H,0.9969,LPath
A337I,0.9883,LPath
A337K,0.9985,LPath
A337L,0.9679,LPath
A337M,0.9727,LPath
A337N,0.9963,LPath
A337P,0.9987,LPath
A337Q,0.9796,LPath
A337R,0.993,LPath
A337S,0.4011,Amb
A337T,0.8905,LPath
A337V,0.9539,LPath
A337W,0.9986,LPath
A337Y,0.9964,LPath
K338A,0.6301,LPath
K338C,0.8198,LPath
K338D,0.8661,LPath
K338E,0.3445,Amb
K338F,0.9726,LPath
K338G,0.5852,LPath
K338H,0.5377,Amb
K338I,0.8333,LPath
K338L,0.7378,LPath
K338M,0.6078,LPath
K338N,0.7781,LPath
K338P,0.9806,LPath
K338Q,0.1522,LBen
K338R,0.0859,LBen
K338S,0.6611,LPath
K338T,0.4871,Amb
K338V,0.7133,LPath
K338W,0.9352,LPath
K338Y,0.9119,LPath
K339A,0.9168,LPath
K339C,0.9494,LPath
K339D,0.9287,LPath
K339E,0.7961,LPath
K339F,0.9917,LPath
K339G,0.9403,LPath
K339H,0.7238,LPath
K339I,0.9187,LPath
K339L,0.893,LPath
K339M,0.7896,LPath
K339N,0.8343,LPath
K339P,0.9953,LPath
K339Q,0.4348,Amb
K339R,0.1455,LBen
K339S,0.9278,LPath
K339T,0.6605,LPath
K339V,0.8967,LPath
K339W,0.9852,LPath
K339Y,0.9516,LPath
Y340A,0.9962,LPath
Y340C,0.9421,LPath
Y340D,0.9961,LPath
Y340E,0.9975,LPath
Y340F,0.4048,Amb
Y340G,0.9847,LPath
Y340H,0.9141,LPath
Y340I,0.9898,LPath
Y340K,0.9958,LPath
Y340L,0.9822,LPath
Y340M,0.9931,LPath
Y340N,0.962,LPath
Y340P,0.9995,LPath
Y340Q,0.9955,LPath
Y340R,0.9905,LPath
Y340S,0.988,LPath
Y340T,0.9945,LPath
Y340V,0.9715,LPath
Y340W,0.8988,LPath
M341A,0.9736,LPath
M341C,0.9316,LPath
M341D,0.9997,LPath
M341E,0.9939,LPath
M341F,0.9544,LPath
M341G,0.9801,LPath
M341H,0.9968,LPath
M341I,0.9868,LPath
M341K,0.9774,LPath
M341L,0.4998,Amb
M341N,0.9934,LPath
M341P,0.9994,LPath
M341Q,0.863,LPath
M341R,0.9807,LPath
M341S,0.9764,LPath
M341T,0.957,LPath
M341V,0.7605,LPath
M341W,0.9984,LPath
M341Y,0.9973,LPath
K342A,0.7738,LPath
K342C,0.8525,LPath
K342D,0.8618,LPath
K342E,0.6765,LPath
K342F,0.9686,LPath
K342G,0.718,LPath
K342H,0.4702,Amb
K342I,0.8668,LPath
K342L,0.7984,LPath
K342M,0.7467,LPath
K342N,0.7077,LPath
K342P,0.9551,LPath
K342Q,0.3055,LBen
K342R,0.0915,LBen
K342S,0.7564,LPath
K342T,0.5878,LPath
K342V,0.7917,LPath
K342W,0.9601,LPath
K342Y,0.914,LPath
S343A,0.0785,LBen
S343C,0.1223,LBen
S343D,0.1852,LBen
S343E,0.2475,LBen
S343F,0.2737,LBen
S343G,0.0773,LBen
S343H,0.2301,LBen
S343I,0.1914,LBen
S343K,0.3156,LBen
S343L,0.1193,LBen
S343M,0.1876,LBen
S343N,0.0814,LBen
S343P,0.0674,LBen
S343Q,0.2695,LBen
S343R,0.3536,Amb
S343T,0.0771,LBen
S343V,0.1712,LBen
S343W,0.4098,Amb
S343Y,0.2197,LBen
R344A,0.1642,LBen
R344C,0.1587,LBen
R344D,0.2097,LBen
R344E,0.1399,LBen
R344F,0.511,Amb
R344G,0.1011,LBen
R344H,0.0881,LBen
R344I,0.2443,LBen
R344K,0.0667,LBen
R344L,0.23,LBen
R344M,0.2094,LBen
R344N,0.187,LBen
R344P,0.4062,Amb
R344Q,0.0711,LBen
R344S,0.1439,LBen
R344T,0.0859,LBen
R344V,0.2436,LBen
R344W,0.2615,LBen
R344Y,0.3747,Amb
Y345A,0.709,LPath
Y345C,0.1678,LBen
Y345D,0.8396,LPath
Y345E,0.9006,LPath
Y345F,0.0962,LBen
Y345G,0.6421,LPath
Y345H,0.4552,Amb
Y345I,0.6281,LPath
Y345K,0.7968,LPath
Y345L,0.6137,LPath
Y345M,0.7025,LPath
Y345N,0.551,Amb
Y345P,0.8054,LPath
Y345Q,0.7772,LPath
Y345R,0.6874,LPath
Y345S,0.5433,Amb
Y345T,0.6372,LPath
Y345V,0.4389,Amb
Y345W,0.4769,Amb
E346A,0.2872,LBen
E346C,0.7861,LPath
E346D,0.369,Amb
E346F,0.8222,LPath
E346G,0.5047,Amb
E346H,0.5207,Amb
E346I,0.2739,LBen
E346K,0.226,LBen
E346L,0.4199,Amb
E346M,0.4849,Amb
E346N,0.5598,Amb
E346P,0.976,LPath
E346Q,0.1281,LBen
E346R,0.35,Amb
E346S,0.3686,Amb
E346T,0.314,LBen
E346V,0.1669,LBen
E346W,0.9575,LPath
E346Y,0.775,LPath
Q347A,0.344,Amb
Q347C,0.7768,LPath
Q347D,0.7092,LPath
Q347E,0.1495,LBen
Q347F,0.8045,LPath
Q347G,0.6158,LPath
Q347H,0.2801,LBen
Q347I,0.4887,Amb
Q347K,0.1703,LBen
Q347L,0.2772,LBen
Q347M,0.3967,Amb
Q347N,0.4276,Amb
Q347P,0.579,LPath
Q347R,0.2065,LBen
Q347S,0.3898,Amb
Q347T,0.2157,LBen
Q347V,0.3136,LBen
Q347W,0.8091,LPath
Q347Y,0.6687,LPath
V348A,0.7116,LPath
V348C,0.8978,LPath
V348D,0.9836,LPath
V348E,0.9274,LPath
V348F,0.5155,Amb
V348G,0.8942,LPath
V348H,0.9621,LPath
V348I,0.0767,LBen
V348K,0.9379,LPath
V348L,0.598,LPath
V348M,0.4511,Amb
V348N,0.9443,LPath
V348P,0.9913,LPath
V348Q,0.9195,LPath
V348R,0.9161,LPath
V348S,0.886,LPath
V348T,0.6902,LPath
V348W,0.9673,LPath
V348Y,0.9024,LPath
D349A,0.9656,LPath
D349C,0.9932,LPath
D349E,0.9721,LPath
D349F,0.9927,LPath
D349G,0.9633,LPath
D349H,0.9754,LPath
D349I,0.9912,LPath
D349K,0.9941,LPath
D349L,0.9824,LPath
D349M,0.9966,LPath
D349N,0.6514,LPath
D349P,0.9956,LPath
D349Q,0.99,LPath
D349R,0.9912,LPath
D349S,0.8327,LPath
D349T,0.9664,LPath
D349V,0.9731,LPath
D349W,0.9984,LPath
D349Y,0.9485,LPath
L350A,0.9084,LPath
L350C,0.9417,LPath
L350D,0.9951,LPath
L350E,0.9777,LPath
L350F,0.8186,LPath
L350G,0.9839,LPath
L350H,0.9708,LPath
L350I,0.4549,Amb
L350K,0.9741,LPath
L350M,0.3349,LBen
L350N,0.9796,LPath
L350P,0.9958,LPath
L350Q,0.9487,LPath
L350R,0.958,LPath
L350S,0.9716,LPath
L350T,0.848,LPath
L350V,0.435,Amb
L350W,0.9635,LPath
L350Y,0.9678,LPath
V351A,0.9107,LPath
V351C,0.9831,LPath
V351D,0.9938,LPath
V351E,0.9858,LPath
V351F,0.9307,LPath
V351G,0.906,LPath
V351H,0.9953,LPath
V351I,0.1502,LBen
V351K,0.9847,LPath
V351L,0.8934,LPath
V351M,0.9264,LPath
V351N,0.9875,LPath
V351P,0.9659,LPath
V351Q,0.9839,LPath
V351R,0.9579,LPath
V351S,0.9392,LPath
V351T,0.7802,LPath
V351W,0.9964,LPath
V351Y,0.9927,LPath
G352A,0.8852,LPath
G352C,0.9594,LPath
G352D,0.9707,LPath
G352E,0.9787,LPath
G352F,0.9955,LPath
G352H,0.9891,LPath
G352I,0.9925,LPath
G352K,0.9838,LPath
G352L,0.9893,LPath
G352M,0.9935,LPath
G352N,0.9684,LPath
G352P,0.9956,LPath
G352Q,0.9698,LPath
G352R,0.9729,LPath
G352S,0.7871,LPath
G352T,0.9442,LPath
G352V,0.9819,LPath
G352W,0.9905,LPath
G352Y,0.9946,LPath
K353A,0.7787,LPath
K353C,0.8893,LPath
K353D,0.7842,LPath
K353E,0.5879,LPath
K353F,0.9638,LPath
K353G,0.7484,LPath
K353H,0.4843,Amb
K353I,0.8487,LPath
K353L,0.7934,LPath
K353M,0.7231,LPath
K353N,0.7145,LPath
K353P,0.8709,LPath
K353Q,0.31,LBen
K353R,0.1,LBen
K353S,0.7673,LPath
K353T,0.556,Amb
K353V,0.7663,LPath
K353W,0.9442,LPath
K353Y,0.8922,LPath
M354A,0.3625,Amb
M354C,0.72,LPath
M354D,0.7735,LPath
M354E,0.4871,Amb
M354F,0.4651,Amb
M354G,0.5084,Amb
M354H,0.4055,Amb
M354I,0.438,Amb
M354K,0.164,LBen
M354L,0.1434,LBen
M354N,0.3626,Amb
M354P,0.8915,LPath
M354Q,0.1639,LBen
M354R,0.1942,LBen
M354S,0.3753,Amb
M354T,0.2735,LBen
M354V,0.1266,LBen
M354W,0.7391,LPath
M354Y,0.5938,LPath
T355A,0.1933,LBen
T355C,0.7088,LPath
T355D,0.718,LPath
T355E,0.6102,LPath
T355F,0.725,LPath
T355G,0.3175,LBen
T355H,0.4577,Amb
T355I,0.7057,LPath
T355K,0.4954,Amb
T355L,0.391,Amb
T355M,0.2534,LBen
T355N,0.2693,LBen
T355P,0.4696,Amb
T355Q,0.3412,Amb
T355R,0.4994,Amb
T355S,0.1402,LBen
T355V,0.475,Amb
T355W,0.8954,LPath
T355Y,0.7086,LPath
Q356A,0.3233,LBen
Q356C,0.891,LPath
Q356D,0.8542,LPath
Q356E,0.2603,LBen
Q356F,0.9538,LPath
Q356G,0.5091,Amb
Q356H,0.6462,LPath
Q356I,0.8099,LPath
Q356K,0.2799,LBen
Q356L,0.3932,Amb
Q356M,0.5297,Amb
Q356N,0.5457,Amb
Q356P,0.7103,LPath
Q356R,0.324,LBen
Q356S,0.3539,Amb
Q356T,0.3462,Amb
Q356V,0.5281,Amb
Q356W,0.9484,LPath
Q356Y,0.9191,LPath
K357A,0.9586,LPath
K357C,0.9829,LPath
K357D,0.9929,LPath
K357E,0.9646,LPath
K357F,0.9964,LPath
K357G,0.9671,LPath
K357H,0.9011,LPath
K357I,0.9729,LPath
K357L,0.9447,LPath
K357M,0.908,LPath
K357N,0.9872,LPath
K357P,0.9879,LPath
K357Q,0.7054,LPath
K357R,0.1645,LBen
K357S,0.9869,LPath
K357T,0.9363,LPath
K357V,0.9497,LPath
K357W,0.9933,LPath
K357Y,0.985,LPath
A358C,0.9199,LPath
A358D,0.9981,LPath
A358E,0.994,LPath
A358F,0.9887,LPath
A358G,0.8252,LPath
A358H,0.9955,LPath
A358I,0.971,LPath
A358K,0.997,LPath
A358L,0.8536,LPath
A358M,0.8914,LPath
A358N,0.986,LPath
A358P,0.9891,LPath
A358Q,0.9824,LPath
A358R,0.9905,LPath
A358S,0.5988,LPath
A358T,0.2728,LBen
A358V,0.8133,LPath
A358W,0.9986,LPath
A358Y,0.9953,LPath
A359C,0.9847,LPath
A359D,0.9991,LPath
A359E,0.998,LPath
A359F,0.9959,LPath
A359G,0.9547,LPath
A359H,0.9966,LPath
A359I,0.9974,LPath
A359K,0.9996,LPath
A359L,0.9764,LPath
A359M,0.9896,LPath
A359N,0.9823,LPath
A359P,0.9871,LPath
A359Q,0.9888,LPath
A359R,0.9971,LPath
A359S,0.38,Amb
A359T,0.9664,LPath
A359V,0.9815,LPath
A359W,0.9995,LPath
A359Y,0.9984,LPath
T360A,0.1291,LBen
T360C,0.6662,LPath
T360D,0.7819,LPath
T360E,0.6246,LPath
T360F,0.6468,LPath
T360G,0.4494,Amb
T360H,0.5945,LPath
T360I,0.3238,LBen
T360K,0.4825,Amb
T360L,0.1783,LBen
T360M,0.1248,LBen
T360N,0.2827,LBen
T360P,0.7111,LPath
T360Q,0.3976,Amb
T360R,0.4958,Amb
T360S,0.202,LBen
T360V,0.1748,LBen
T360W,0.9204,LPath
T360Y,0.7381,LPath
T361A,0.8196,LPath
T361C,0.9907,LPath
T361D,0.9769,LPath
T361E,0.9875,LPath
T361F,0.991,LPath
T361G,0.8418,LPath
T361H,0.9686,LPath
T361I,0.9933,LPath
T361K,0.9808,LPath
T361L,0.9175,LPath
T361M,0.8529,LPath
T361N,0.8148,LPath
T361P,0.9759,LPath
T361Q,0.9545,LPath
T361R,0.9767,LPath
T361S,0.5703,LPath
T361V,0.9633,LPath
T361W,0.9977,LPath
T361Y,0.9917,LPath
V362A,0.9964,LPath
V362C,0.9984,LPath
V362D,0.9998,LPath
V362E,0.999,LPath
V362F,0.9989,LPath
V362G,0.9954,LPath
V362H,0.9999,LPath
V362I,0.4779,Amb
V362K,0.9993,LPath
V362L,0.9976,LPath
V362M,0.9959,LPath
V362N,0.9991,LPath
V362P,0.9993,LPath
V362Q,0.999,LPath
V362R,0.9981,LPath
V362S,0.9968,LPath
V362T,0.9777,LPath
V362W,1.0,LPath
V362Y,0.9998,LPath
E363A,0.8572,LPath
E363C,0.9906,LPath
E363D,0.6064,LPath
E363F,0.9963,LPath
E363G,0.9459,LPath
E363H,0.952,LPath
E363I,0.9548,LPath
E363K,0.7974,LPath
E363L,0.9627,LPath
E363M,0.9649,LPath
E363N,0.8759,LPath
E363P,0.9994,LPath
E363Q,0.4461,Amb
E363R,0.8616,LPath
E363S,0.8069,LPath
E363T,0.7795,LPath
E363V,0.88,LPath
E363W,0.9984,LPath
E363Y,0.9895,LPath
H364A,0.9993,LPath
H364C,0.9879,LPath
H364D,0.9981,LPath
H364E,0.9983,LPath
H364F,0.9838,LPath
H364G,0.999,LPath
H364I,0.9991,LPath
H364K,0.9989,LPath
H364L,0.9921,LPath
H364M,0.9979,LPath
H364N,0.9914,LPath
H364P,0.9964,LPath
H364Q,0.9971,LPath
H364R,0.9986,LPath
H364S,0.998,LPath
H364T,0.9995,LPath
H364V,0.9993,LPath
H364W,0.9814,LPath
H364Y,0.9857,LPath
L365A,0.9567,LPath
L365C,0.8972,LPath
L365D,0.9989,LPath
L365E,0.9834,LPath
L365F,0.4187,Amb
L365G,0.9952,LPath
L365H,0.8502,LPath
L365I,0.38,Amb
L365K,0.8979,LPath
L365M,0.2686,LBen
L365N,0.9904,LPath
L365P,0.9998,LPath
L365Q,0.8869,LPath
L365R,0.8692,LPath
L365S,0.9838,LPath
L365T,0.9671,LPath
L365V,0.4751,Amb
L365W,0.7283,LPath
L365Y,0.6473,LPath
A366C,0.8733,LPath
A366D,0.9993,LPath
A366E,0.9982,LPath
A366F,0.9909,LPath
A366G,0.7668,LPath
A366H,0.9979,LPath
A366I,0.9881,LPath
A366K,0.9996,LPath
A366L,0.9562,LPath
A366M,0.9821,LPath
A366N,0.9977,LPath
A366P,0.9996,LPath
A366Q,0.9938,LPath
A366R,0.9972,LPath
A366S,0.6127,LPath
A366T,0.9687,LPath
A366V,0.941,LPath
A366W,0.9988,LPath
A366Y,0.9946,LPath
I367A,0.9926,LPath
I367C,0.9902,LPath
I367D,0.9999,LPath
I367E,0.9991,LPath
I367F,0.8847,LPath
I367G,0.9992,LPath
I367H,0.9993,LPath
I367K,0.9987,LPath
I367L,0.3747,Amb
I367M,0.4889,Amb
I367N,0.9984,LPath
I367P,0.9996,LPath
I367Q,0.998,LPath
I367R,0.9974,LPath
I367S,0.9962,LPath
I367T,0.9941,LPath
I367V,0.2673,LBen
I367W,0.9976,LPath
I367Y,0.9919,LPath
Q368A,0.2474,LBen
Q368C,0.7684,LPath
Q368D,0.8765,LPath
Q368E,0.1252,LBen
Q368F,0.9248,LPath
Q368G,0.62,LPath
Q368H,0.6502,LPath
Q368I,0.7285,LPath
Q368K,0.4338,Amb
Q368L,0.3043,LBen
Q368M,0.5206,Amb
Q368N,0.6663,LPath
Q368P,0.2913,LBen
Q368R,0.4147,Amb
Q368S,0.3657,Amb
Q368T,0.4614,Amb
Q368V,0.5311,Amb
Q368W,0.9419,LPath
Q368Y,0.8744,LPath
C369A,0.9558,LPath
C369D,0.9997,LPath
C369E,0.9999,LPath
C369F,0.9967,LPath
C369G,0.9486,LPath
C369H,0.9995,LPath
C369I,0.9921,LPath
C369K,1.0,LPath
C369L,0.9923,LPath
C369M,0.9953,LPath
C369N,0.9977,LPath
C369P,0.9998,LPath
C369Q,0.9997,LPath
C369R,0.9996,LPath
C369S,0.9339,LPath
C369T,0.9633,LPath
C369V,0.9468,LPath
C369W,0.9995,LPath
C369Y,0.9991,LPath
H370A,0.8246,LPath
H370C,0.6981,LPath
H370D,0.8763,LPath
H370E,0.9627,LPath
H370F,0.8248,LPath
H370G,0.8117,LPath
H370I,0.9443,LPath
H370K,0.9341,LPath
H370L,0.6923,LPath
H370M,0.9334,LPath
H370N,0.4146,Amb
H370P,0.3151,LBen
H370Q,0.8335,LPath
H370R,0.8217,LPath
H370S,0.5523,Amb
H370T,0.8832,LPath
H370V,0.928,LPath
H370W,0.891,LPath
H370Y,0.5499,Amb
W371A,0.8058,LPath
W371C,0.9351,LPath
W371D,0.9806,LPath
W371E,0.9817,LPath
W371F,0.3388,LBen
W371G,0.6479,LPath
W371H,0.8876,LPath
W371I,0.9181,LPath
W371K,0.9895,LPath
W371L,0.8506,LPath
W371M,0.9167,LPath
W371N,0.9458,LPath
W371P,0.9088,LPath
W371Q,0.9699,LPath
W371R,0.9662,LPath
W371S,0.6382,LPath
W371T,0.8793,LPath
W371V,0.8719,LPath
W371Y,0.4954,Amb
S372A,0.2029,LBen
S372C,0.3919,Amb
S372D,0.8721,LPath
S372E,0.8681,LPath
S372F,0.6866,LPath
S372G,0.2675,LBen
S372H,0.6745,LPath
S372I,0.718,LPath
S372K,0.9612,LPath
S372L,0.4607,Amb
S372M,0.4192,Amb
S372N,0.4101,Amb
S372P,0.8872,LPath
S372Q,0.7054,LPath
S372R,0.9516,LPath
S372T,0.1416,LBen
S372V,0.596,LPath
S372W,0.7506,LPath
S372Y,0.6254,LPath
Q373A,0.4968,Amb
Q373C,0.923,LPath
Q373D,0.7836,LPath
Q373E,0.147,LBen
Q373F,0.969,LPath
Q373G,0.7252,LPath
Q373H,0.7529,LPath
Q373I,0.8903,LPath
Q373K,0.6234,LPath
Q373L,0.5157,Amb
Q373M,0.6452,LPath
Q373N,0.6418,LPath
Q373P,0.985,LPath
Q373R,0.6892,LPath
Q373S,0.4916,Amb
Q373T,0.6551,LPath
Q373V,0.7078,LPath
Q373W,0.9802,LPath
Q373Y,0.9518,LPath
R374A,0.9845,LPath
R374C,0.8854,LPath
R374D,0.9968,LPath
R374E,0.9681,LPath
R374F,0.9871,LPath
R374G,0.9729,LPath
R374H,0.8476,LPath
R374I,0.8502,LPath
R374K,0.4002,Amb
R374L,0.8519,LPath
R374M,0.9351,LPath
R374N,0.9941,LPath
R374P,0.9974,LPath
R374Q,0.706,LPath
R374S,0.9944,LPath
R374T,0.9744,LPath
R374V,0.9009,LPath
R374W,0.9163,LPath
R374Y,0.9651,LPath
P375A,0.104,LBen
P375C,0.8201,LPath
P375D,0.8995,LPath
P375E,0.7845,LPath
P375F,0.9294,LPath
P375G,0.4762,Amb
P375H,0.6974,LPath
P375I,0.8455,LPath
P375K,0.922,LPath
P375L,0.6046,LPath
P375M,0.7346,LPath
P375N,0.7297,LPath
P375Q,0.5601,Amb
P375R,0.8557,LPath
P375S,0.2249,LBen
P375T,0.3634,Amb
P375V,0.6597,LPath
P375W,0.9674,LPath
P375Y,0.9151,LPath
A376C,0.716,LPath
A376D,0.576,LPath
A376E,0.5388,Amb
A376F,0.7648,LPath
A376G,0.2624,LBen
A376H,0.792,LPath
A376I,0.6728,LPath
A376K,0.9228,LPath
A376L,0.3956,Amb
A376M,0.4583,Amb
A376N,0.4625,Amb
A376P,0.7654,LPath
A376Q,0.5835,LPath
A376R,0.8925,LPath
A376S,0.1078,LBen
A376T,0.2199,LBen
A376V,0.3848,Amb
A376W,0.958,LPath
A376Y,0.8487,LPath
V377A,0.7357,LPath
V377C,0.9528,LPath
V377D,0.9973,LPath
V377E,0.9943,LPath
V377F,0.981,LPath
V377G,0.9298,LPath
V377H,0.9989,LPath
V377I,0.2716,LBen
V377K,0.9983,LPath
V377L,0.9169,LPath
V377M,0.869,LPath
V377N,0.9862,LPath
V377P,0.9993,LPath
V377Q,0.9934,LPath
V377R,0.9963,LPath
V377S,0.9008,LPath
V377T,0.6142,LPath
V377W,0.9998,LPath
V377Y,0.9982,LPath
I378A,0.8402,LPath
I378C,0.9766,LPath
I378D,0.9994,LPath
I378E,0.9962,LPath
I378F,0.8648,LPath
I378G,0.9956,LPath
I378H,0.9985,LPath
I378K,0.9969,LPath
I378L,0.2293,LBen
I378M,0.2536,LBen
I378N,0.9933,LPath
I378P,0.9984,LPath
I378Q,0.9947,LPath
I378R,0.9954,LPath
I378S,0.965,LPath
I378T,0.6282,LPath
I378V,0.2075,LBen
I378W,0.9973,LPath
I378Y,0.9929,LPath
G379A,0.3583,Amb
G379C,0.894,LPath
G379D,0.9843,LPath
G379E,0.9705,LPath
G379F,0.9959,LPath
G379H,0.9927,LPath
G379I,0.9884,LPath
G379K,0.9948,LPath
G379L,0.9867,LPath
G379M,0.9879,LPath
G379N,0.9671,LPath
G379P,0.9988,LPath
G379Q,0.9713,LPath
G379R,0.9781,LPath
G379S,0.4491,Amb
G379T,0.8836,LPath
G379V,0.9656,LPath
G379W,0.9938,LPath
G379Y,0.9936,LPath
D380A,0.9801,LPath
D380C,0.9981,LPath
D380E,0.975,LPath
D380F,0.9987,LPath
D380G,0.9881,LPath
D380H,0.9933,LPath
D380I,0.9988,LPath
D380K,0.9986,LPath
D380L,0.9963,LPath
D380M,0.9992,LPath
D380N,0.9266,LPath
D380P,0.9997,LPath
D380Q,0.9971,LPath
D380R,0.9977,LPath
D380S,0.9623,LPath
D380T,0.9939,LPath
D380V,0.9949,LPath
D380W,0.9996,LPath
D380Y,0.9876,LPath
V381A,0.9646,LPath
V381C,0.9728,LPath
V381D,0.9995,LPath
V381E,0.9986,LPath
V381F,0.9786,LPath
V381G,0.9886,LPath
V381H,0.9996,LPath
V381I,0.1191,LBen
V381K,0.9993,LPath
V381L,0.881,LPath
V381M,0.9105,LPath
V381N,0.9978,LPath
V381P,0.9998,LPath
V381Q,0.9989,LPath
V381R,0.9986,LPath
V381S,0.9881,LPath
V381T,0.8978,LPath
V381W,0.9998,LPath
V381Y,0.9983,LPath
L382A,0.9691,LPath
L382C,0.9341,LPath
L382D,0.9997,LPath
L382E,0.997,LPath
L382F,0.9585,LPath
L382G,0.9973,LPath
L382H,0.997,LPath
L382I,0.1432,LBen
L382K,0.9963,LPath
L382M,0.4199,Amb
L382N,0.9972,LPath
L382P,0.9989,LPath
L382Q,0.9897,LPath
L382R,0.9943,LPath
L382S,0.9951,LPath
L382T,0.955,LPath
L382V,0.2094,LBen
L382W,0.9958,LPath
L382Y,0.9962,LPath
Q383A,0.3298,LBen
Q383C,0.8731,LPath
Q383D,0.7689,LPath
Q383E,0.165,LBen
Q383F,0.9574,LPath
Q383G,0.5004,Amb
Q383H,0.603,LPath
Q383I,0.8642,LPath
Q383K,0.4124,Amb
Q383L,0.384,Amb
Q383M,0.5806,LPath
Q383N,0.5479,Amb
Q383P,0.9674,LPath
Q383R,0.4198,Amb
Q383S,0.3632,Amb
Q383T,0.3751,Amb
Q383V,0.6913,LPath
Q383W,0.9522,LPath
Q383Y,0.9099,LPath
V384A,0.8515,LPath
V384C,0.803,LPath
V384D,0.9907,LPath
V384E,0.9638,LPath
V384F,0.7086,LPath
V384G,0.879,LPath
V384H,0.9748,LPath
V384I,0.2274,LBen
V384K,0.9744,LPath
V384L,0.8371,LPath
V384M,0.5717,LPath
V384N,0.9396,LPath
V384P,0.9985,LPath
V384Q,0.9378,LPath
V384R,0.9586,LPath
V384S,0.8999,LPath
V384T,0.8087,LPath
V384W,0.9922,LPath
V384Y,0.9198,LPath
Y385A,0.9956,LPath
Y385C,0.8675,LPath
Y385D,0.9973,LPath
Y385E,0.9979,LPath
Y385F,0.3622,Amb
Y385G,0.9876,LPath
Y385H,0.9106,LPath
Y385I,0.9879,LPath
Y385K,0.9962,LPath
Y385L,0.9497,LPath
Y385M,0.9877,LPath
Y385N,0.9793,LPath
Y385P,0.999,LPath
Y385Q,0.9956,LPath
Y385R,0.986,LPath
Y385S,0.9799,LPath
Y385T,0.9935,LPath
Y385V,0.9731,LPath
Y385W,0.8077,LPath
S386A,0.1369,LBen
S386C,0.1311,LBen
S386D,0.9903,LPath
S386E,0.9906,LPath
S386F,0.9669,LPath
S386G,0.2135,LBen
S386H,0.9679,LPath
S386I,0.889,LPath
S386K,0.9965,LPath
S386L,0.6247,LPath
S386M,0.7793,LPath
S386N,0.9073,LPath
S386P,0.9895,LPath
S386Q,0.9689,LPath
S386R,0.9911,LPath
S386T,0.3743,Amb
S386V,0.7848,LPath
S386W,0.9862,LPath
S386Y,0.9629,LPath
G387A,0.9161,LPath
G387C,0.9628,LPath
G387D,0.9827,LPath
G387E,0.9926,LPath
G387F,0.9962,LPath
G387H,0.9911,LPath
G387I,0.996,LPath
G387K,0.9899,LPath
G387L,0.9924,LPath
G387M,0.9963,LPath
G387N,0.9754,LPath
G387P,0.9951,LPath
G387Q,0.9834,LPath
G387R,0.9736,LPath
G387S,0.827,LPath
G387T,0.976,LPath
G387V,0.9891,LPath
G387W,0.9951,LPath
G387Y,0.9954,LPath
S388A,0.0902,LBen
S388C,0.1169,LBen
S388D,0.4745,Amb
S388E,0.4973,Amb
S388F,0.3426,Amb
S388G,0.109,LBen
S388H,0.3465,Amb
S388I,0.2131,LBen
S388K,0.5824,LPath
S388L,0.1488,LBen
S388M,0.2131,LBen
S388N,0.1369,LBen
S388P,0.3476,Amb
S388Q,0.4218,Amb
S388R,0.5294,Amb
S388T,0.0951,LBen
S388V,0.2055,LBen
S388W,0.5186,Amb
S388Y,0.3213,LBen
E389A,0.1881,LBen
E389C,0.7132,LPath
E389D,0.092,LBen
E389F,0.7452,LPath
E389G,0.1675,LBen
E389H,0.2739,LBen
E389I,0.5786,LPath
E389K,0.2106,LBen
E389L,0.4611,Amb
E389M,0.5587,Amb
E389N,0.1742,LBen
E389P,0.8317,LPath
E389Q,0.1272,LBen
E389R,0.3015,LBen
E389S,0.1486,LBen
E389T,0.2413,LBen
E389V,0.3656,Amb
E389W,0.8868,LPath
E389Y,0.5686,LPath
G390A,0.6796,LPath
G390C,0.921,LPath
G390D,0.9745,LPath
G390E,0.9783,LPath
G390F,0.9945,LPath
G390H,0.9883,LPath
G390I,0.9921,LPath
G390K,0.9839,LPath
G390L,0.9908,LPath
G390M,0.9881,LPath
G390N,0.9502,LPath
G390P,0.9987,LPath
G390Q,0.9722,LPath
G390R,0.9758,LPath
G390S,0.6164,LPath
G390T,0.9097,LPath
G390V,0.976,LPath
G390W,0.9938,LPath
G390Y,0.9891,LPath
R391A,0.979,LPath
R391C,0.8271,LPath
R391D,0.994,LPath
R391E,0.9688,LPath
R391F,0.994,LPath
R391G,0.958,LPath
R391H,0.7819,LPath
R391I,0.9793,LPath
R391K,0.3944,Amb
R391L,0.9048,LPath
R391M,0.9704,LPath
R391N,0.9845,LPath
R391P,0.9929,LPath
R391Q,0.688,LPath
R391S,0.985,LPath
R391T,0.9667,LPath
R391V,0.9769,LPath
R391W,0.9466,LPath
R391Y,0.9817,LPath
A392C,0.5769,LPath
A392D,0.9948,LPath
A392E,0.9944,LPath
A392F,0.9898,LPath
A392G,0.4466,Amb
A392H,0.992,LPath
A392I,0.9379,LPath
A392K,0.9982,LPath
A392L,0.9319,LPath
A392M,0.9219,LPath
A392N,0.9709,LPath
A392P,0.9971,LPath
A392Q,0.9846,LPath
A392R,0.9941,LPath
A392S,0.1981,LBen
A392T,0.2084,LBen
A392V,0.6594,LPath
A392W,0.999,LPath
A392Y,0.9947,LPath
I393A,0.9924,LPath
I393C,0.9962,LPath
I393D,0.9998,LPath
I393E,0.9993,LPath
I393F,0.9748,LPath
I393G,0.9995,LPath
I393H,0.9998,LPath
I393K,0.9993,LPath
I393L,0.5196,Amb
I393M,0.6107,LPath
I393N,0.9988,LPath
I393P,0.9996,LPath
I393Q,0.9992,LPath
I393R,0.9986,LPath
I393S,0.9968,LPath
I393T,0.9974,LPath
I393V,0.4204,Amb
I393W,0.9993,LPath
I393Y,0.9984,LPath
I394A,0.9853,LPath
I394C,0.9732,LPath
I394D,0.9999,LPath
I394E,0.9997,LPath
I394F,0.9458,LPath
I394G,0.9989,LPath
I394H,0.9995,LPath
I394K,0.9996,LPath
I394L,0.6037,LPath
I394M,0.7905,LPath
I394N,0.9979,LPath
I394P,0.9995,LPath
I394Q,0.9994,LPath
I394R,0.999,LPath
I394S,0.9941,LPath
I394T,0.9877,LPath
I394V,0.0965,LBen
I394W,0.9995,LPath
I394Y,0.9969,LPath
F395A,0.9997,LPath
F395C,0.9991,LPath
F395D,0.9999,LPath
F395E,0.9999,LPath
F395G,0.9996,LPath
F395H,0.9989,LPath
F395I,0.9989,LPath
F395K,0.9999,LPath
F395L,0.9999,LPath
F395M,0.9995,LPath
F395N,0.9997,LPath
F395P,1.0,LPath
F395Q,0.9998,LPath
F395R,0.9994,LPath
F395S,0.9995,LPath
F395T,0.9997,LPath
F395V,0.999,LPath
F395W,0.9918,LPath
F395Y,0.9864,LPath
C396A,0.7142,LPath
C396D,0.9961,LPath
C396E,0.998,LPath
C396F,0.9356,LPath
C396G,0.604,LPath
C396H,0.9908,LPath
C396I,0.9762,LPath
C396K,0.9995,LPath
C396L,0.9507,LPath
C396M,0.9683,LPath
C396N,0.9675,LPath
C396P,0.9991,LPath
C396Q,0.9932,LPath
C396R,0.994,LPath
C396S,0.6519,LPath
C396T,0.7322,LPath
C396V,0.8728,LPath
C396W,0.9951,LPath
C396Y,0.989,LPath
E397A,0.8812,LPath
E397C,0.9939,LPath
E397D,0.4517,Amb
E397F,0.9978,LPath
E397G,0.8547,LPath
E397H,0.9695,LPath
E397I,0.9889,LPath
E397K,0.9284,LPath
E397L,0.9837,LPath
E397M,0.987,LPath
E397N,0.8215,LPath
E397P,0.9635,LPath
E397Q,0.6933,LPath
E397R,0.9292,LPath
E397S,0.8219,LPath
E397T,0.9287,LPath
E397V,0.9623,LPath
E397W,0.9987,LPath
E397Y,0.9929,LPath
T398A,0.9019,LPath
T398C,0.9682,LPath
T398D,0.9194,LPath
T398E,0.9209,LPath
T398F,0.9691,LPath
T398G,0.8415,LPath
T398H,0.867,LPath
T398I,0.992,LPath
T398K,0.7634,LPath
T398L,0.9114,LPath
T398M,0.8153,LPath
T398N,0.5827,LPath
T398P,0.9828,LPath
T398Q,0.7856,LPath
T398R,0.7462,LPath
T398S,0.688,LPath
T398V,0.9639,LPath
T398W,0.9827,LPath
T398Y,0.9265,LPath
K399A,0.9952,LPath
K399C,0.9968,LPath
K399D,0.9996,LPath
K399E,0.998,LPath
K399F,0.9998,LPath
K399G,0.9955,LPath
K399H,0.9918,LPath
K399I,0.9991,LPath
K399L,0.9972,LPath
K399M,0.9962,LPath
K399N,0.9995,LPath
K399P,0.9965,LPath
K399Q,0.9771,LPath
K399R,0.2958,LBen
K399S,0.9982,LPath
K399T,0.996,LPath
K399V,0.9969,LPath
K399W,0.9995,LPath
K399Y,0.9989,LPath
K400A,0.8193,LPath
K400C,0.929,LPath
K400D,0.9575,LPath
K400E,0.8111,LPath
K400F,0.986,LPath
K400G,0.8379,LPath
K400H,0.698,LPath
K400I,0.8862,LPath
K400L,0.8746,LPath
K400M,0.8132,LPath
K400N,0.8906,LPath
K400P,0.9897,LPath
K400Q,0.3577,Amb
K400R,0.0725,LBen
K400S,0.8925,LPath
K400T,0.804,LPath
K400V,0.8543,LPath
K400W,0.9531,LPath
K400Y,0.9468,LPath
N401A,0.1909,LBen
N401C,0.3302,LBen
N401D,0.1873,LBen
N401E,0.4347,Amb
N401F,0.6022,LPath
N401G,0.2903,LBen
N401H,0.2038,LBen
N401I,0.2985,LBen
N401K,0.7453,LPath
N401L,0.2885,LBen
N401M,0.2784,LBen
N401P,0.9778,LPath
N401Q,0.4014,Amb
N401R,0.7915,LPath
N401S,0.0975,LBen
N401T,0.1516,LBen
N401V,0.2767,LBen
N401W,0.8754,LPath
N401Y,0.27,LBen
V402A,0.3874,Amb
V402C,0.7691,LPath
V402D,0.9943,LPath
V402E,0.9931,LPath
V402F,0.9978,LPath
V402G,0.8213,LPath
V402H,0.9988,LPath
V402I,0.6901,LPath
V402K,0.9983,LPath
V402L,0.9864,LPath
V402M,0.9751,LPath
V402N,0.9798,LPath
V402P,0.9979,LPath
V402Q,0.989,LPath
V402R,0.992,LPath
V402S,0.6832,LPath
V402T,0.5272,Amb
V402W,1.0,LPath
V402Y,0.9994,LPath
T403A,0.1173,LBen
T403C,0.5435,Amb
T403D,0.6349,LPath
T403E,0.6588,LPath
T403F,0.5488,Amb
T403G,0.2444,LBen
T403H,0.3824,Amb
T403I,0.5125,Amb
T403K,0.7496,LPath
T403L,0.2221,LBen
T403M,0.1457,LBen
T403N,0.1072,LBen
T403P,0.8188,LPath
T403Q,0.3827,Amb
T403R,0.7035,LPath
T403S,0.0981,LBen
T403V,0.3315,LBen
T403W,0.8578,LPath
T403Y,0.5566,Amb
E404A,0.7892,LPath
E404C,0.9918,LPath
E404D,0.2573,LBen
E404F,0.9905,LPath
E404G,0.8375,LPath
E404H,0.9666,LPath
E404I,0.949,LPath
E404K,0.9042,LPath
E404L,0.9462,LPath
E404M,0.9524,LPath
E404N,0.8349,LPath
E404P,0.9976,LPath
E404Q,0.6896,LPath
E404R,0.9306,LPath
E404S,0.8081,LPath
E404T,0.8797,LPath
E404V,0.8759,LPath
E404W,0.9968,LPath
E404Y,0.9801,LPath
M405A,0.9107,LPath
M405C,0.9288,LPath
M405D,0.9952,LPath
M405E,0.9757,LPath
M405F,0.6507,LPath
M405G,0.9887,LPath
M405H,0.9802,LPath
M405I,0.4459,Amb
M405K,0.9745,LPath
M405L,0.1037,LBen
M405N,0.9668,LPath
M405P,0.9987,LPath
M405Q,0.9473,LPath
M405R,0.978,LPath
M405S,0.9631,LPath
M405T,0.8134,LPath
M405V,0.2061,LBen
M405W,0.9663,LPath
M405Y,0.9359,LPath
A406C,0.5929,LPath
A406D,0.9851,LPath
A406E,0.9646,LPath
A406F,0.9132,LPath
A406G,0.4186,Amb
A406H,0.9638,LPath
A406I,0.6642,LPath
A406K,0.9918,LPath
A406L,0.687,LPath
A406M,0.6538,LPath
A406N,0.8864,LPath
A406P,0.9957,LPath
A406Q,0.9105,LPath
A406R,0.9826,LPath
A406S,0.1443,LBen
A406T,0.304,LBen
A406V,0.3095,LBen
A406W,0.992,LPath
A406Y,0.9589,LPath
M407A,0.4888,Amb
M407C,0.7198,LPath
M407D,0.9633,LPath
M407E,0.8632,LPath
M407F,0.6218,LPath
M407G,0.6658,LPath
M407H,0.8761,LPath
M407I,0.4613,Amb
M407K,0.7632,LPath
M407L,0.1098,LBen
M407N,0.7294,LPath
M407P,0.986,LPath
M407Q,0.5497,Amb
M407R,0.7517,LPath
M407S,0.5634,Amb
M407T,0.3752,Amb
M407V,0.1187,LBen
M407W,0.9235,LPath
M407Y,0.8805,LPath
N408A,0.7087,LPath
N408C,0.4246,Amb
N408D,0.5234,Amb
N408E,0.9159,LPath
N408F,0.8701,LPath
N408G,0.7936,LPath
N408H,0.1481,LBen
N408I,0.7609,LPath
N408K,0.9658,LPath
N408L,0.723,LPath
N408M,0.7774,LPath
N408P,0.9796,LPath
N408Q,0.8564,LPath
N408R,0.9706,LPath
N408S,0.183,LBen
N408T,0.5739,LPath
N408V,0.804,LPath
N408W,0.9583,LPath
N408Y,0.4492,Amb
P409A,0.1219,LBen
P409C,0.6413,LPath
P409D,0.5656,LPath
P409E,0.3691,Amb
P409F,0.8408,LPath
P409G,0.367,Amb
P409H,0.3827,Amb
P409I,0.5868,LPath
P409K,0.541,Amb
P409L,0.3241,LBen
P409M,0.5037,Amb
P409N,0.353,Amb
P409Q,0.258,LBen
P409R,0.4506,Amb
P409S,0.1484,LBen
P409T,0.1351,LBen
P409V,0.4163,Amb
P409W,0.9237,LPath
P409Y,0.8045,LPath
H410A,0.1954,LBen
H410C,0.1471,LBen
H410D,0.3028,LBen
H410E,0.4454,Amb
H410F,0.2296,LBen
H410G,0.3324,LBen
H410I,0.3482,Amb
H410K,0.5185,Amb
H410L,0.1569,LBen
H410M,0.3973,Amb
H410N,0.0869,LBen
H410P,0.7903,LPath
H410Q,0.2118,LBen
H410R,0.2946,LBen
H410S,0.142,LBen
H410T,0.2548,LBen
H410V,0.2459,LBen
H410W,0.5457,Amb
H410Y,0.1008,LBen
I411A,0.968,LPath
I411C,0.9489,LPath
I411D,0.9977,LPath
I411E,0.9943,LPath
I411F,0.5173,Amb
I411G,0.9915,LPath
I411H,0.9915,LPath
I411K,0.9902,LPath
I411L,0.1527,LBen
I411M,0.2516,LBen
I411N,0.9714,LPath
I411P,0.9912,LPath
I411Q,0.9848,LPath
I411R,0.9823,LPath
I411S,0.9689,LPath
I411T,0.9634,LPath
I411V,0.1919,LBen
I411W,0.977,LPath
I411Y,0.9558,LPath
K412A,0.7732,LPath
K412C,0.8851,LPath
K412D,0.9452,LPath
K412E,0.7242,LPath
K412F,0.9728,LPath
K412G,0.7814,LPath
K412H,0.6153,LPath
K412I,0.8311,LPath
K412L,0.7712,LPath
K412M,0.7168,LPath
K412N,0.8874,LPath
K412P,0.8894,LPath
K412Q,0.2946,LBen
K412R,0.1102,LBen
K412S,0.7876,LPath
K412T,0.5614,Amb
K412V,0.7707,LPath
K412W,0.9675,LPath
K412Y,0.9357,LPath
Q413A,0.3901,Amb
Q413C,0.9244,LPath
Q413D,0.7561,LPath
Q413E,0.2163,LBen
Q413F,0.9079,LPath
Q413G,0.3725,Amb
Q413H,0.8185,LPath
Q413I,0.689,LPath
Q413K,0.6355,LPath
Q413L,0.4138,Amb
Q413M,0.5101,Amb
Q413N,0.5553,Amb
Q413P,0.6136,LPath
Q413R,0.6828,LPath
Q413S,0.4157,Amb
Q413T,0.4263,Amb
Q413V,0.5219,Amb
Q413W,0.9443,LPath
Q413Y,0.8933,LPath
N414A,0.2399,LBen
N414C,0.3477,Amb
N414D,0.1028,LBen
N414E,0.3734,Amb
N414F,0.7449,LPath
N414G,0.2212,LBen
N414H,0.1794,LBen
N414I,0.4777,Amb
N414K,0.5484,Amb
N414L,0.4514,Amb
N414M,0.4711,Amb
N414P,0.523,Amb
N414Q,0.3994,Amb
N414R,0.6303,LPath
N414S,0.0811,LBen
N414T,0.1731,LBen
N414V,0.4035,Amb
N414W,0.9053,LPath
N414Y,0.3624,Amb
A415C,0.3222,LBen
A415D,0.9909,LPath
A415E,0.9879,LPath
A415F,0.9413,LPath
A415G,0.4524,Amb
A415H,0.9751,LPath
A415I,0.7283,LPath
A415K,0.9949,LPath
A415L,0.8086,LPath
A415M,0.8178,LPath
A415N,0.9528,LPath
A415P,0.9358,LPath
A415Q,0.9663,LPath
A415R,0.9834,LPath
A415S,0.1478,LBen
A415T,0.1989,LBen
A415V,0.363,Amb
A415W,0.9935,LPath
A415Y,0.975,LPath
Q416A,0.3937,Amb
Q416C,0.8951,LPath
Q416D,0.9493,LPath
Q416E,0.3439,Amb
Q416F,0.9587,LPath
Q416G,0.6735,LPath
Q416H,0.7611,LPath
Q416I,0.856,LPath
Q416K,0.5074,Amb
Q416L,0.5911,LPath
Q416M,0.6605,LPath
Q416N,0.7779,LPath
Q416P,0.9522,LPath
Q416R,0.4982,Amb
Q416S,0.5163,Amb
Q416T,0.6316,LPath
Q416V,0.6418,LPath
Q416W,0.9837,LPath
Q416Y,0.9368,LPath
C417A,0.4851,Amb
C417D,0.9896,LPath
C417E,0.9897,LPath
C417F,0.6688,LPath
C417G,0.4793,Amb
C417H,0.9464,LPath
C417I,0.7827,LPath
C417K,0.9943,LPath
C417L,0.794,LPath
C417M,0.8202,LPath
C417N,0.883,LPath
C417P,0.7895,LPath
C417Q,0.9573,LPath
C417R,0.9744,LPath
C417S,0.4101,Amb
C417T,0.7253,LPath
C417V,0.5816,LPath
C417W,0.9397,LPath
C417Y,0.8317,LPath
L418A,0.9971,LPath
L418C,0.9971,LPath
L418D,0.9999,LPath
L418E,0.9996,LPath
L418F,0.9773,LPath
L418G,0.9996,LPath
L418H,0.9992,LPath
L418I,0.5242,Amb
L418K,0.9991,LPath
L418M,0.8202,LPath
L418N,0.9995,LPath
L418P,0.9995,LPath
L418Q,0.9989,LPath
L418R,0.9979,LPath
L418S,0.9993,LPath
L418T,0.9978,LPath
L418V,0.8767,LPath
L418W,0.998,LPath
L418Y,0.9979,LPath
H419A,0.9984,LPath
H419C,0.9794,LPath
H419D,0.9971,LPath
H419E,0.9995,LPath
H419F,0.9953,LPath
H419G,0.9979,LPath
H419I,0.9997,LPath
H419K,0.9997,LPath
H419L,0.9935,LPath
H419M,0.9987,LPath
H419N,0.9759,LPath
H419P,0.9971,LPath
H419Q,0.998,LPath
H419R,0.999,LPath
H419S,0.9799,LPath
H419T,0.9987,LPath
H419V,0.9995,LPath
H419W,0.9896,LPath
H419Y,0.9894,LPath
G420A,0.9983,LPath
G420C,0.9998,LPath
G420D,0.9999,LPath
G420E,0.9999,LPath
G420F,0.9999,LPath
G420H,1.0,LPath
G420I,0.9999,LPath
G420K,0.9999,LPath
G420L,0.9999,LPath
G420M,0.9999,LPath
G420N,0.9999,LPath
G420P,0.9999,LPath
G420Q,0.9999,LPath
G420R,0.9998,LPath
G420S,0.9963,LPath
G420T,0.9995,LPath
G420V,0.9998,LPath
G420W,0.9998,LPath
G420Y,0.9999,LPath
D421A,0.9946,LPath
D421C,0.9996,LPath
D421E,0.983,LPath
D421F,0.9995,LPath
D421G,0.9839,LPath
D421H,0.9987,LPath
D421I,0.9996,LPath
D421K,0.9992,LPath
D421L,0.9988,LPath
D421M,0.9997,LPath
D421N,0.9222,LPath
D421P,0.9998,LPath
D421Q,0.9986,LPath
D421R,0.9988,LPath
D421S,0.9819,LPath
D421T,0.9979,LPath
D421V,0.9987,LPath
D421W,0.9999,LPath
D421Y,0.9963,LPath
I422A,0.9769,LPath
I422C,0.9909,LPath
I422D,0.9995,LPath
I422E,0.9968,LPath
I422F,0.9121,LPath
I422G,0.9985,LPath
I422H,0.9969,LPath
I422K,0.9899,LPath
I422L,0.5562,Amb
I422M,0.4488,Amb
I422N,0.9914,LPath
I422P,0.999,LPath
I422Q,0.9918,LPath
I422R,0.9855,LPath
I422S,0.9872,LPath
I422T,0.9529,LPath
I422V,0.2252,LBen
I422W,0.9963,LPath
I422Y,0.9874,LPath
A423C,0.8577,LPath
A423D,0.9637,LPath
A423E,0.9042,LPath
A423F,0.9478,LPath
A423G,0.5623,Amb
A423H,0.9107,LPath
A423I,0.7456,LPath
A423K,0.9604,LPath
A423L,0.5513,Amb
A423M,0.5691,LPath
A423N,0.7001,LPath
A423P,0.1637,LBen
A423Q,0.5722,LPath
A423R,0.947,LPath
A423S,0.1689,LBen
A423T,0.3178,LBen
A423V,0.4477,Amb
A423W,0.9931,LPath
A423Y,0.9757,LPath
Q424A,0.9281,LPath
Q424C,0.9999,LPath
Q424D,0.9994,LPath
Q424E,0.9662,LPath
Q424F,0.9994,LPath
Q424G,0.9778,LPath
Q424H,0.9998,LPath
Q424I,0.9957,LPath
Q424K,0.9962,LPath
Q424L,0.9934,LPath
Q424M,0.9767,LPath
Q424N,0.9889,LPath
Q424P,0.9834,LPath
Q424R,0.9963,LPath
Q424S,0.9462,LPath
Q424T,0.9711,LPath
Q424V,0.9893,LPath
Q424W,0.9998,LPath
Q424Y,0.9999,LPath
S425A,0.0888,LBen
S425C,0.22,LBen
S425D,0.759,LPath
S425E,0.7714,LPath
S425F,0.5309,Amb
S425G,0.096,LBen
S425H,0.3979,Amb
S425I,0.3473,Amb
S425K,0.7442,LPath
S425L,0.2248,LBen
S425M,0.253,LBen
S425N,0.1234,LBen
S425P,0.504,Amb
S425Q,0.4159,Amb
S425R,0.7725,LPath
S425T,0.1029,LBen
S425V,0.283,LBen
S425W,0.753,LPath
S425Y,0.4764,Amb
Q426A,0.6304,LPath
Q426C,0.9836,LPath
Q426D,0.9694,LPath
Q426E,0.5758,LPath
Q426F,0.9919,LPath
Q426G,0.8967,LPath
Q426H,0.908,LPath
Q426I,0.8992,LPath
Q426K,0.6627,LPath
Q426L,0.7152,LPath
Q426M,0.7339,LPath
Q426N,0.852,LPath
Q426P,0.9851,LPath
Q426R,0.7432,LPath
Q426S,0.6241,LPath
Q426T,0.4429,Amb
Q426V,0.6918,LPath
Q426W,0.9946,LPath
Q426Y,0.9858,LPath
R427A,0.9997,LPath
R427C,0.9995,LPath
R427D,0.9998,LPath
R427E,0.9964,LPath
R427F,1.0,LPath
R427G,0.9993,LPath
R427H,0.9995,LPath
R427I,0.9997,LPath
R427K,0.9953,LPath
R427L,0.9988,LPath
R427M,1.0,LPath
R427N,0.9999,LPath
R427P,0.9999,LPath
R427Q,0.9986,LPath
R427S,0.9999,LPath
R427T,0.9999,LPath
R427V,0.9996,LPath
R427W,0.9994,LPath
R427Y,0.9998,LPath
E428A,0.973,LPath
E428C,0.998,LPath
E428D,0.896,LPath
E428F,0.9994,LPath
E428G,0.9691,LPath
E428H,0.9973,LPath
E428I,0.9944,LPath
E428K,0.9887,LPath
E428L,0.9945,LPath
E428M,0.99,LPath
E428N,0.9682,LPath
E428P,0.9999,LPath
E428Q,0.9328,LPath
E428R,0.9898,LPath
E428S,0.974,LPath
E428T,0.9727,LPath
E428V,0.9814,LPath
E428W,0.9997,LPath
E428Y,0.9986,LPath
I429A,0.4678,Amb
I429C,0.7585,LPath
I429D,0.9358,LPath
I429E,0.8482,LPath
I429F,0.3501,Amb
I429G,0.7875,LPath
I429H,0.7561,LPath
I429K,0.5994,LPath
I429L,0.1366,LBen
I429M,0.0938,LBen
I429N,0.4701,Amb
I429P,0.996,LPath
I429Q,0.607,LPath
I429R,0.5388,Amb
I429S,0.5086,Amb
I429T,0.3723,Amb
I429V,0.0796,LBen
I429W,0.9195,LPath
I429Y,0.6991,LPath
T430A,0.6226,LPath
T430C,0.8924,LPath
T430D,0.9983,LPath
T430E,0.9958,LPath
T430F,0.9826,LPath
T430G,0.9685,LPath
T430H,0.9869,LPath
T430I,0.7949,LPath
T430K,0.9941,LPath
T430L,0.7976,LPath
T430M,0.7302,LPath
T430N,0.9577,LPath
T430P,0.991,LPath
T430Q,0.9763,LPath
T430R,0.9878,LPath
T430S,0.789,LPath
T430V,0.5533,Amb
T430W,0.9973,LPath
T430Y,0.9885,LPath
L431A,0.9904,LPath
L431C,0.9926,LPath
L431D,0.9999,LPath
L431E,0.9989,LPath
L431F,0.9697,LPath
L431G,0.998,LPath
L431H,0.9982,LPath
L431I,0.7506,LPath
L431K,0.9961,LPath
L431M,0.5724,LPath
L431N,0.9983,LPath
L431P,0.9997,LPath
L431Q,0.9946,LPath
L431R,0.9932,LPath
L431S,0.9976,LPath
L431T,0.9919,LPath
L431V,0.828,LPath
L431W,0.9952,LPath
L431Y,0.9962,LPath
K432A,0.7136,LPath
K432C,0.8807,LPath
K432D,0.9138,LPath
K432E,0.6263,LPath
K432F,0.9819,LPath
K432G,0.7835,LPath
K432H,0.5579,Amb
K432I,0.9173,LPath
K432L,0.8358,LPath
K432M,0.7312,LPath
K432N,0.7694,LPath
K432P,0.9967,LPath
K432Q,0.2405,LBen
K432R,0.087,LBen
K432S,0.7884,LPath
K432T,0.6866,LPath
K432V,0.8794,LPath
K432W,0.9556,LPath
K432Y,0.9422,LPath
G433A,0.3404,Amb
G433C,0.7258,LPath
G433D,0.8788,LPath
G433E,0.8914,LPath
G433F,0.9799,LPath
G433H,0.9302,LPath
G433I,0.9772,LPath
G433K,0.9598,LPath
G433L,0.916,LPath
G433M,0.9291,LPath
G433N,0.7642,LPath
G433P,0.9997,LPath
G433Q,0.8353,LPath
G433R,0.9279,LPath
G433S,0.3675,Amb
G433T,0.8413,LPath
G433V,0.9315,LPath
G433W,0.9732,LPath
G433Y,0.9372,LPath
F434A,0.9996,LPath
F434C,0.9984,LPath
F434D,0.9999,LPath
F434E,0.9999,LPath
F434G,0.9996,LPath
F434H,0.999,LPath
F434I,0.9968,LPath
F434K,0.9998,LPath
F434L,0.9995,LPath
F434M,0.9969,LPath
F434N,0.9996,LPath
F434P,1.0,LPath
F434Q,0.9997,LPath
F434R,0.9992,LPath
F434S,0.9997,LPath
F434T,0.9998,LPath
F434V,0.9972,LPath
F434W,0.9787,LPath
F434Y,0.9119,LPath
R435A,0.9978,LPath
R435C,0.9713,LPath
R435D,0.9994,LPath
R435E,0.9939,LPath
R435F,0.9994,LPath
R435G,0.9932,LPath
R435H,0.9565,LPath
R435I,0.9965,LPath
R435K,0.7819,LPath
R435L,0.9894,LPath
R435M,0.9978,LPath
R435N,0.9991,LPath
R435P,0.9996,LPath
R435Q,0.9048,LPath
R435S,0.998,LPath
R435T,0.9972,LPath
R435V,0.9966,LPath
R435W,0.981,LPath
R435Y,0.9967,LPath
E436A,0.296,LBen
E436C,0.908,LPath
E436D,0.0936,LBen
E436F,0.9465,LPath
E436G,0.278,LBen
E436H,0.7518,LPath
E436I,0.8214,LPath
E436K,0.5582,Amb
E436L,0.7122,LPath
E436M,0.7633,LPath
E436N,0.2219,LBen
E436P,0.995,LPath
E436Q,0.2865,LBen
E436R,0.6709,LPath
E436S,0.2193,LBen
E436T,0.4115,Amb
E436V,0.6354,LPath
E436W,0.9846,LPath
E436Y,0.8747,LPath
G437A,0.7984,LPath
G437C,0.9123,LPath
G437D,0.7954,LPath
G437E,0.9272,LPath
G437F,0.996,LPath
G437H,0.9637,LPath
G437I,0.9945,LPath
G437K,0.9685,LPath
G437L,0.9891,LPath
G437M,0.9889,LPath
G437N,0.745,LPath
G437P,0.9996,LPath
G437Q,0.925,LPath
G437R,0.9431,LPath
G437S,0.6067,LPath
G437T,0.9474,LPath
G437V,0.9829,LPath
G437W,0.993,LPath
G437Y,0.9857,LPath
S438A,0.0791,LBen
S438C,0.0948,LBen
S438D,0.3728,Amb
S438E,0.4946,Amb
S438F,0.3122,LBen
S438G,0.0972,LBen
S438H,0.2616,LBen
S438I,0.1567,LBen
S438K,0.5129,Amb
S438L,0.1306,LBen
S438M,0.1712,LBen
S438N,0.0898,LBen
S438P,0.9256,LPath
S438Q,0.3361,LBen
S438R,0.4788,Amb
S438T,0.072,LBen
S438V,0.1435,LBen
S438W,0.58,LPath
S438Y,0.265,LBen
F439A,0.9944,LPath
F439C,0.9322,LPath
F439D,0.9993,LPath
F439E,0.9989,LPath
F439G,0.9971,LPath
F439H,0.9808,LPath
F439I,0.8817,LPath
F439K,0.9986,LPath
F439L,0.995,LPath
F439M,0.9645,LPath
F439N,0.9942,LPath
F439P,0.9998,LPath
F439Q,0.9955,LPath
F439R,0.9956,LPath
F439S,0.9908,LPath
F439T,0.9876,LPath
F439V,0.8483,LPath
F439W,0.9258,LPath
F439Y,0.7171,LPath
K440A,0.518,Amb
K440C,0.7097,LPath
K440D,0.6805,LPath
K440E,0.2561,LBen
K440F,0.9691,LPath
K440G,0.419,Amb
K440H,0.3743,Amb
K440I,0.8843,LPath
K440L,0.7495,LPath
K440M,0.5882,LPath
K440N,0.5322,Amb
K440P,0.8283,LPath
K440Q,0.1406,LBen
K440R,0.0898,LBen
K440S,0.4554,Amb
K440T,0.3487,Amb
K440V,0.7986,LPath
K440W,0.9473,LPath
K440Y,0.9044,LPath
V441A,0.899,LPath
V441C,0.8528,LPath
V441D,0.9971,LPath
V441E,0.9946,LPath
V441F,0.8883,LPath
V441G,0.8997,LPath
V441H,0.9969,LPath
V441I,0.1535,LBen
V441K,0.9971,LPath
V441L,0.8255,LPath
V441M,0.8514,LPath
V441N,0.9776,LPath
V441P,0.9982,LPath
V441Q,0.9941,LPath
V441R,0.994,LPath
V441S,0.9453,LPath
V441T,0.8087,LPath
V441W,0.9983,LPath
V441Y,0.9831,LPath
L442A,0.9905,LPath
L442C,0.9916,LPath
L442D,0.9999,LPath
L442E,0.9993,LPath
L442F,0.9919,LPath
L442G,0.9985,LPath
L442H,0.9994,LPath
L442I,0.7894,LPath
L442K,0.9988,LPath
L442M,0.8254,LPath
L442N,0.9994,LPath
L442P,0.9994,LPath
L442Q,0.9988,LPath
L442R,0.9977,LPath
L442S,0.9992,LPath
L442T,0.9967,LPath
L442V,0.881,LPath
L442W,0.9991,LPath
L442Y,0.9992,LPath
V443A,0.9335,LPath
V443C,0.9536,LPath
V443D,0.9993,LPath
V443E,0.9978,LPath
V443F,0.956,LPath
V443G,0.9787,LPath
V443H,0.9992,LPath
V443I,0.1149,LBen
V443K,0.9988,LPath
V443L,0.8023,LPath
V443M,0.9119,LPath
V443N,0.9971,LPath
V443P,0.9971,LPath
V443Q,0.9973,LPath
V443R,0.997,LPath
V443S,0.9815,LPath
V443T,0.9399,LPath
V443W,0.9993,LPath
V443Y,0.997,LPath
A444C,0.7572,LPath
A444D,0.9998,LPath
A444E,0.9997,LPath
A444F,0.9992,LPath
A444G,0.9321,LPath
A444H,0.9996,LPath
A444I,0.999,LPath
A444K,0.9999,LPath
A444L,0.9786,LPath
A444M,0.9932,LPath
A444N,0.9992,LPath
A444P,0.9996,LPath
A444Q,0.9985,LPath
A444R,0.9986,LPath
A444S,0.8513,LPath
A444T,0.8781,LPath
A444V,0.9898,LPath
A444W,0.9999,LPath
A444Y,0.9997,LPath
T445A,0.9942,LPath
T445C,0.9989,LPath
T445D,0.999,LPath
T445E,0.9986,LPath
T445F,0.9996,LPath
T445G,0.9905,LPath
T445H,0.9983,LPath
T445I,0.9998,LPath
T445K,0.997,LPath
T445L,0.9972,LPath
T445M,0.9977,LPath
T445N,0.9958,LPath
T445P,0.9949,LPath
T445Q,0.9979,LPath
T445R,0.9956,LPath
T445S,0.9706,LPath
T445V,0.998,LPath
T445W,0.9998,LPath
T445Y,0.9996,LPath
N446A,0.929,LPath
N446C,0.9664,LPath
N446D,0.3259,LBen
N446E,0.9872,LPath
N446F,0.9989,LPath
N446G,0.928,LPath
N446H,0.8949,LPath
N446I,0.9949,LPath
N446K,0.9971,LPath
N446L,0.9875,LPath
N446M,0.9936,LPath
N446P,0.9858,LPath
N446Q,0.9879,LPath
N446R,0.9944,LPath
N446S,0.2702,LBen
N446T,0.8973,LPath
N446V,0.9854,LPath
N446W,0.9993,LPath
N446Y,0.9832,LPath
V447A,0.9983,LPath
V447C,0.9991,LPath
V447D,0.9994,LPath
V447E,0.9984,LPath
V447F,0.9939,LPath
V447G,0.9935,LPath
V447H,0.9994,LPath
V447I,0.6689,LPath
V447K,0.9982,LPath
V447L,0.9936,LPath
V447M,0.9957,LPath
V447N,0.9982,LPath
V447P,0.9991,LPath
V447Q,0.998,LPath
V447R,0.9908,LPath
V447S,0.9957,LPath
V447T,0.9884,LPath
V447W,0.9997,LPath
V447Y,0.9983,LPath
A448C,0.9669,LPath
A448D,0.9999,LPath
A448E,0.9995,LPath
A448F,0.9966,LPath
A448G,0.9838,LPath
A448H,0.9994,LPath
A448I,0.9959,LPath
A448K,0.9999,LPath
A448L,0.868,LPath
A448M,0.9898,LPath
A448N,0.9993,LPath
A448P,0.9978,LPath
A448Q,0.9979,LPath
A448R,0.9977,LPath
A448S,0.9243,LPath
A448T,0.995,LPath
A448V,0.9844,LPath
A448W,0.9997,LPath
A448Y,0.9989,LPath
A449C,0.9801,LPath
A449D,0.9998,LPath
A449E,0.9992,LPath
A449F,0.9986,LPath
A449G,0.9168,LPath
A449H,0.9995,LPath
A449I,0.9993,LPath
A449K,0.9999,LPath
A449L,0.9865,LPath
A449M,0.9963,LPath
A449N,0.9994,LPath
A449P,0.9996,LPath
A449Q,0.997,LPath
A449R,0.9986,LPath
A449S,0.457,Amb
A449T,0.9929,LPath
A449V,0.9958,LPath
A449W,0.9997,LPath
A449Y,0.9993,LPath
R450A,0.9995,LPath
R450C,0.9984,LPath
R450D,0.9996,LPath
R450E,0.9969,LPath
R450F,0.9999,LPath
R450G,0.9985,LPath
R450H,0.9985,LPath
R450I,0.9999,LPath
R450K,0.9957,LPath
R450L,0.9984,LPath
R450M,0.9999,LPath
R450N,0.9998,LPath
R450P,0.9998,LPath
R450Q,0.9968,LPath
R450S,0.9997,LPath
R450T,0.9998,LPath
R450V,0.9995,LPath
R450W,0.9968,LPath
R450Y,0.9997,LPath
G451A,0.999,LPath
G451C,0.9997,LPath
G451D,0.9999,LPath
G451E,0.9999,LPath
G451F,0.9999,LPath
G451H,1.0,LPath
G451I,0.9996,LPath
G451K,1.0,LPath
G451L,0.9998,LPath
G451M,0.9999,LPath
G451N,1.0,LPath
G451P,0.9999,LPath
G451Q,1.0,LPath
G451R,0.9999,LPath
G451S,0.9994,LPath
G451T,0.9997,LPath
G451V,0.9995,LPath
G451W,0.9999,LPath
G451Y,0.9999,LPath
L452A,0.9971,LPath
L452C,0.9989,LPath
L452D,0.9999,LPath
L452E,0.9995,LPath
L452F,0.9946,LPath
L452G,0.9995,LPath
L452H,0.9997,LPath
L452I,0.629,LPath
L452K,0.9989,LPath
L452M,0.9138,LPath
L452N,0.9995,LPath
L452P,0.9998,LPath
L452Q,0.9995,LPath
L452R,0.9978,LPath
L452S,0.9997,LPath
L452T,0.9972,LPath
L452V,0.91,LPath
L452W,0.9979,LPath
L452Y,0.9991,LPath
D453A,0.9983,LPath
D453C,0.9999,LPath
D453E,0.9993,LPath
D453F,0.999,LPath
D453G,0.9983,LPath
D453H,0.9967,LPath
D453I,0.9998,LPath
D453K,0.9997,LPath
D453L,0.9989,LPath
D453M,0.9999,LPath
D453N,0.9953,LPath
D453P,0.9993,LPath
D453Q,0.9996,LPath
D453R,0.9995,LPath
D453S,0.9962,LPath
D453T,0.9998,LPath
D453V,0.9993,LPath
D453W,0.9997,LPath
D453Y,0.9947,LPath
I454A,0.9985,LPath
I454C,0.9987,LPath
I454D,0.9996,LPath
I454E,0.9992,LPath
I454F,0.9591,LPath
I454G,0.9998,LPath
I454H,0.9995,LPath
I454K,0.9993,LPath
I454L,0.8653,LPath
I454M,0.9415,LPath
I454N,0.9975,LPath
I454P,0.9989,LPath
I454Q,0.9995,LPath
I454R,0.9985,LPath
I454S,0.9971,LPath
I454T,0.9976,LPath
I454V,0.4897,Amb
I454W,0.9988,LPath
I454Y,0.9963,LPath
P455A,0.8063,LPath
P455C,0.9928,LPath
P455D,0.9838,LPath
P455E,0.9728,LPath
P455F,0.9987,LPath
P455G,0.9691,LPath
P455H,0.9751,LPath
P455I,0.9949,LPath
P455K,0.9847,LPath
P455L,0.9402,LPath
P455M,0.9887,LPath
P455N,0.9808,LPath
P455Q,0.9545,LPath
P455R,0.965,LPath
P455S,0.913,LPath
P455T,0.9134,LPath
P455V,0.9832,LPath
P455W,0.9987,LPath
P455Y,0.9977,LPath
E456A,0.7152,LPath
E456C,0.9733,LPath
E456D,0.7534,LPath
E456F,0.9902,LPath
E456G,0.7406,LPath
E456H,0.9632,LPath
E456I,0.9774,LPath
E456K,0.9126,LPath
E456L,0.9564,LPath
E456M,0.9324,LPath
E456N,0.8793,LPath
E456P,0.9967,LPath
E456Q,0.6569,LPath
E456R,0.9202,LPath
E456S,0.7648,LPath
E456T,0.9172,LPath
E456V,0.916,LPath
E456W,0.9968,LPath
E456Y,0.981,LPath
V457A,0.9942,LPath
V457C,0.9961,LPath
V457D,0.9996,LPath
V457E,0.9989,LPath
V457F,0.9981,LPath
V457G,0.9917,LPath
V457H,0.9999,LPath
V457I,0.2974,LBen
V457K,0.9995,LPath
V457L,0.9868,LPath
V457M,0.9898,LPath
V457N,0.9985,LPath
V457P,0.9989,LPath
V457Q,0.9995,LPath
V457R,0.9989,LPath
V457S,0.9968,LPath
V457T,0.9777,LPath
V457W,0.9999,LPath
V457Y,0.9997,LPath
D458A,0.9881,LPath
D458C,0.9986,LPath
D458E,0.9465,LPath
D458F,0.999,LPath
D458G,0.9852,LPath
D458H,0.9917,LPath
D458I,0.9992,LPath
D458K,0.9977,LPath
D458L,0.9972,LPath
D458M,0.9992,LPath
D458N,0.9337,LPath
D458P,0.9994,LPath
D458Q,0.992,LPath
D458R,0.9978,LPath
D458S,0.9475,LPath
D458T,0.993,LPath
D458V,0.9966,LPath
D458W,0.9998,LPath
D458Y,0.9941,LPath
L459A,0.9821,LPath
L459C,0.9397,LPath
L459D,0.9998,LPath
L459E,0.9993,LPath
L459F,0.9746,LPath
L459G,0.9973,LPath
L459H,0.9963,LPath
L459I,0.5939,LPath
L459K,0.9979,LPath
L459M,0.7369,LPath
L459N,0.9986,LPath
L459P,0.9999,LPath
L459Q,0.998,LPath
L459R,0.9959,LPath
L459S,0.9986,LPath
L459T,0.9811,LPath
L459V,0.5603,Amb
L459W,0.9974,LPath
L459Y,0.997,LPath
V460A,0.9974,LPath
V460C,0.9962,LPath
V460D,0.9997,LPath
V460E,0.9994,LPath
V460F,0.9984,LPath
V460G,0.9964,LPath
V460H,0.9999,LPath
V460I,0.385,Amb
V460K,0.9997,LPath
V460L,0.9945,LPath
V460M,0.9974,LPath
V460N,0.999,LPath
V460P,0.9993,LPath
V460Q,0.9994,LPath
V460R,0.9988,LPath
V460S,0.996,LPath
V460T,0.991,LPath
V460W,0.9999,LPath
V460Y,0.9997,LPath
I461A,0.9903,LPath
I461C,0.9813,LPath
I461D,0.9999,LPath
I461E,0.9995,LPath
I461F,0.9145,LPath
I461G,0.9989,LPath
I461H,0.9996,LPath
I461K,0.9994,LPath
I461L,0.5366,Amb
I461M,0.7819,LPath
I461N,0.9986,LPath
I461P,0.9993,LPath
I461Q,0.9993,LPath
I461R,0.9988,LPath
I461S,0.9962,LPath
I461T,0.9923,LPath
I461V,0.1234,LBen
I461W,0.9991,LPath
I461Y,0.9959,LPath
Q462A,0.8097,LPath
Q462C,0.9003,LPath
Q462D,0.9968,LPath
Q462E,0.8122,LPath
Q462F,0.9825,LPath
Q462G,0.9238,LPath
Q462H,0.957,LPath
Q462I,0.8912,LPath
Q462K,0.9928,LPath
Q462L,0.6603,LPath
Q462M,0.5052,Amb
Q462N,0.6286,LPath
Q462P,0.9951,LPath
Q462R,0.9916,LPath
Q462S,0.6614,LPath
Q462T,0.8303,LPath
Q462V,0.8416,LPath
Q462W,0.9966,LPath
Q462Y,0.9954,LPath
S463A,0.1626,LBen
S463C,0.0906,LBen
S463D,0.9238,LPath
S463E,0.9583,LPath
S463F,0.7009,LPath
S463G,0.1753,LBen
S463H,0.8273,LPath
S463I,0.5622,Amb
S463K,0.9956,LPath
S463L,0.4505,Amb
S463M,0.4719,Amb
S463N,0.3902,Amb
S463P,0.9645,LPath
S463Q,0.9233,LPath
S463R,0.9928,LPath
S463T,0.2052,LBen
S463V,0.5049,Amb
S463W,0.871,LPath
S463Y,0.6378,LPath
S464A,0.1031,LBen
S464C,0.0802,LBen
S464D,0.8705,LPath
S464E,0.8438,LPath
S464F,0.4373,Amb
S464G,0.2406,LBen
S464H,0.6513,LPath
S464I,0.616,LPath
S464K,0.9766,LPath
S464L,0.338,LBen
S464M,0.3629,Amb
S464N,0.4,Amb
S464P,0.9909,LPath
S464Q,0.7217,LPath
S464R,0.9608,LPath
S464T,0.2086,LBen
S464V,0.4802,Amb
S464W,0.7816,LPath
S464Y,0.5037,Amb
P465A,0.8647,LPath
P465C,0.9813,LPath
P465D,0.9997,LPath
P465E,0.9992,LPath
P465F,0.9989,LPath
P465G,0.9954,LPath
P465H,0.9985,LPath
P465I,0.9607,LPath
P465K,0.9994,LPath
P465L,0.9441,LPath
P465M,0.9919,LPath
P465N,0.9993,LPath
P465Q,0.9986,LPath
P465R,0.9981,LPath
P465S,0.9896,LPath
P465T,0.9812,LPath
P465V,0.9229,LPath
P465W,0.9998,LPath
P465Y,0.9994,LPath
P466A,0.9607,LPath
P466C,0.9908,LPath
P466D,0.9994,LPath
P466E,0.9991,LPath
P466F,0.9998,LPath
P466G,0.9941,LPath
P466H,0.9983,LPath
P466I,0.9982,LPath
P466K,0.9995,LPath
P466L,0.994,LPath
P466M,0.999,LPath
P466N,0.999,LPath
P466Q,0.9986,LPath
P466R,0.9983,LPath
P466S,0.9876,LPath
P466T,0.9813,LPath
P466V,0.9907,LPath
P466W,0.9999,LPath
P466Y,0.9998,LPath
Q467A,0.1239,LBen
Q467C,0.6921,LPath
Q467D,0.5117,Amb
Q467E,0.1723,LBen
Q467F,0.7583,LPath
Q467G,0.1917,LBen
Q467H,0.3018,LBen
Q467I,0.494,Amb
Q467K,0.2295,LBen
Q467L,0.1801,LBen
Q467M,0.3044,LBen
Q467N,0.1967,LBen
Q467P,0.1768,LBen
Q467R,0.2855,LBen
Q467S,0.1125,LBen
Q467T,0.1361,LBen
Q467V,0.2827,LBen
Q467W,0.8182,LPath
Q467Y,0.6511,LPath
D468A,0.9608,LPath
D468C,0.9872,LPath
D468E,0.9142,LPath
D468F,0.9907,LPath
D468G,0.9297,LPath
D468H,0.9828,LPath
D468I,0.989,LPath
D468K,0.9919,LPath
D468L,0.9849,LPath
D468M,0.993,LPath
D468N,0.8251,LPath
D468P,0.9976,LPath
D468Q,0.9863,LPath
D468R,0.9916,LPath
D468S,0.9175,LPath
D468T,0.9516,LPath
D468V,0.959,LPath
D468W,0.998,LPath
D468Y,0.9415,LPath
V469A,0.7449,LPath
V469C,0.9078,LPath
V469D,0.9786,LPath
V469E,0.9595,LPath
V469F,0.8504,LPath
V469G,0.877,LPath
V469H,0.9795,LPath
V469I,0.1992,LBen
V469K,0.981,LPath
V469L,0.9256,LPath
V469M,0.826,LPath
V469N,0.9556,LPath
V469P,0.8756,LPath
V469Q,0.9689,LPath
V469R,0.9686,LPath
V469S,0.8129,LPath
V469T,0.5904,LPath
V469W,0.9826,LPath
V469Y,0.9573,LPath
E470A,0.9654,LPath
E470C,0.9981,LPath
E470D,0.3377,LBen
E470F,0.9992,LPath
E470G,0.9778,LPath
E470H,0.9966,LPath
E470I,0.998,LPath
E470K,0.9929,LPath
E470L,0.9963,LPath
E470M,0.9977,LPath
E470N,0.9777,LPath
E470P,0.9943,LPath
E470Q,0.9712,LPath
E470R,0.9893,LPath
E470S,0.9645,LPath
E470T,0.9899,LPath
E470V,0.9916,LPath
E470W,0.9995,LPath
E470Y,0.9975,LPath
S471A,0.2377,LBen
S471C,0.6974,LPath
S471D,0.9342,LPath
S471E,0.9739,LPath
S471F,0.9449,LPath
S471G,0.54,Amb
S471H,0.9616,LPath
S471I,0.9596,LPath
S471K,0.998,LPath
S471L,0.8319,LPath
S471M,0.7885,LPath
S471N,0.7989,LPath
S471P,0.9982,LPath
S471Q,0.9575,LPath
S471R,0.9975,LPath
S471T,0.5313,Amb
S471V,0.9243,LPath
S471W,0.9648,LPath
S471Y,0.8985,LPath
Y472A,0.9988,LPath
Y472C,0.9953,LPath
Y472D,0.9974,LPath
Y472E,0.9997,LPath
Y472F,0.6532,LPath
Y472G,0.9958,LPath
Y472H,0.9989,LPath
Y472I,0.9962,LPath
Y472K,0.9999,LPath
Y472L,0.9766,LPath
Y472M,0.9979,LPath
Y472N,0.997,LPath
Y472P,0.9988,LPath
Y472Q,0.9999,LPath
Y472R,0.9994,LPath
Y472S,0.9932,LPath
Y472T,0.9987,LPath
Y472V,0.9877,LPath
Y472W,0.9595,LPath
I473A,0.9991,LPath
I473C,0.9994,LPath
I473D,1.0,LPath
I473E,0.9997,LPath
I473F,0.9925,LPath
I473G,0.9998,LPath
I473H,0.9999,LPath
I473K,0.9996,LPath
I473L,0.9256,LPath
I473M,0.9789,LPath
I473N,0.9993,LPath
I473P,0.9994,LPath
I473Q,0.9996,LPath
I473R,0.9987,LPath
I473S,0.9988,LPath
I473T,0.9956,LPath
I473V,0.6736,LPath
I473W,0.9994,LPath
I473Y,0.9989,LPath
H474A,0.9998,LPath
H474C,0.9983,LPath
H474D,0.9999,LPath
H474E,0.9999,LPath
H474F,0.9973,LPath
H474G,0.9997,LPath
H474I,0.9999,LPath
H474K,0.9996,LPath
H474L,0.9979,LPath
H474M,0.9998,LPath
H474N,0.9998,LPath
H474P,0.9975,LPath
H474Q,0.9996,LPath
H474R,0.9993,LPath
H474S,0.9996,LPath
H474T,0.9999,LPath
H474V,0.9999,LPath
H474W,0.9853,LPath
H474Y,0.9982,LPath
R475A,0.9992,LPath
R475C,0.9938,LPath
R475D,0.9998,LPath
R475E,0.9987,LPath
R475F,0.9999,LPath
R475G,0.999,LPath
R475H,0.9967,LPath
R475I,0.9996,LPath
R475K,0.9965,LPath
R475L,0.9972,LPath
R475M,0.9999,LPath
R475N,0.9998,LPath
R475P,0.9997,LPath
R475Q,0.9956,LPath
R475S,0.9996,LPath
R475T,0.9998,LPath
R475V,0.9994,LPath
R475W,0.9989,LPath
R475Y,0.9995,LPath
S476A,0.289,LBen
S476C,0.7828,LPath
S476D,0.9995,LPath
S476E,0.9981,LPath
S476F,0.9985,LPath
S476G,0.8761,LPath
S476H,0.9979,LPath
S476I,0.9879,LPath
S476K,0.9998,LPath
S476L,0.9837,LPath
S476M,0.9832,LPath
S476N,0.9961,LPath
S476P,0.9994,LPath
S476Q,0.9955,LPath
S476R,0.9994,LPath
S476T,0.8874,LPath
S476V,0.9754,LPath
S476W,0.9983,LPath
S476Y,0.9976,LPath
G477A,0.9982,LPath
G477C,0.9996,LPath
G477D,0.9999,LPath
G477E,0.9999,LPath
G477F,0.9999,LPath
G477H,1.0,LPath
G477I,0.9996,LPath
G477K,0.9999,LPath
G477L,0.9997,LPath
G477M,0.9999,LPath
G477N,0.9999,LPath
G477P,0.9998,LPath
G477Q,0.9999,LPath
G477R,0.9997,LPath
G477S,0.9983,LPath
G477T,0.9992,LPath
G477V,0.9991,LPath
G477W,0.9998,LPath
G477Y,0.9999,LPath
R478A,0.9996,LPath
R478C,0.9988,LPath
R478D,0.9998,LPath
R478E,0.9982,LPath
R478F,0.9998,LPath
R478G,0.9995,LPath
R478H,0.9994,LPath
R478I,0.9992,LPath
R478K,0.9966,LPath
R478L,0.9975,LPath
R478M,0.9999,LPath
R478N,0.9998,LPath
R478P,0.9997,LPath
R478Q,0.9987,LPath
R478S,0.9999,LPath
R478T,0.9998,LPath
R478V,0.9992,LPath
R478W,0.9994,LPath
R478Y,0.9997,LPath
T479A,0.9924,LPath
T479C,0.9951,LPath
T479D,0.9997,LPath
T479E,0.9994,LPath
T479F,0.9997,LPath
T479G,0.9911,LPath
T479H,0.9992,LPath
T479I,0.9992,LPath
T479K,0.9985,LPath
T479L,0.9956,LPath
T479M,0.9966,LPath
T479N,0.9984,LPath
T479P,0.9935,LPath
T479Q,0.9991,LPath
T479R,0.997,LPath
T479S,0.9905,LPath
T479V,0.9918,LPath
T479W,0.9999,LPath
T479Y,0.9997,LPath
G480A,0.9819,LPath
G480C,0.9991,LPath
G480D,0.9999,LPath
G480E,0.9999,LPath
G480F,0.9998,LPath
G480H,1.0,LPath
G480I,0.9999,LPath
G480K,0.9999,LPath
G480L,0.9996,LPath
G480M,0.9999,LPath
G480N,0.9999,LPath
G480P,0.9999,LPath
G480Q,0.9998,LPath
G480R,0.9996,LPath
G480S,0.9964,LPath
G480T,0.9994,LPath
G480V,0.9995,LPath
G480W,0.9999,LPath
G480Y,0.9999,LPath
R481A,0.9997,LPath
R481C,0.9997,LPath
R481D,0.9997,LPath
R481E,0.9971,LPath
R481F,0.9998,LPath
R481G,0.9994,LPath
R481H,0.9995,LPath
R481I,0.9997,LPath
R481K,0.9969,LPath
R481L,0.9991,LPath
R481M,1.0,LPath
R481N,0.9999,LPath
R481P,0.9997,LPath
R481Q,0.9989,LPath
R481S,0.9999,LPath
R481T,0.9999,LPath
R481V,0.9996,LPath
R481W,0.9992,LPath
R481Y,0.9997,LPath
A482C,0.9868,LPath
A482D,0.9994,LPath
A482E,0.9987,LPath
A482F,0.9783,LPath
A482G,0.9525,LPath
A482H,0.9963,LPath
A482I,0.9977,LPath
A482K,0.9989,LPath
A482L,0.96,LPath
A482M,0.9889,LPath
A482N,0.997,LPath
A482P,0.9988,LPath
A482Q,0.9912,LPath
A482R,0.983,LPath
A482S,0.8655,LPath
A482T,0.9967,LPath
A482V,0.9932,LPath
A482W,0.9976,LPath
A482Y,0.9914,LPath
G483A,0.9761,LPath
G483C,0.9895,LPath
G483D,0.9932,LPath
G483E,0.9949,LPath
G483F,0.9978,LPath
G483H,0.9957,LPath
G483I,0.9988,LPath
G483K,0.9967,LPath
G483L,0.996,LPath
G483M,0.9972,LPath
G483N,0.9724,LPath
G483P,0.9998,LPath
G483Q,0.9896,LPath
G483R,0.9921,LPath
G483S,0.9174,LPath
G483T,0.9909,LPath
G483V,0.9969,LPath
G483W,0.9975,LPath
G483Y,0.9973,LPath
R484A,0.9944,LPath
R484C,0.9667,LPath
R484D,0.9971,LPath
R484E,0.9842,LPath
R484F,0.998,LPath
R484G,0.9878,LPath
R484H,0.9049,LPath
R484I,0.9957,LPath
R484K,0.7216,LPath
R484L,0.9843,LPath
R484M,0.9959,LPath
R484N,0.9899,LPath
R484P,0.9997,LPath
R484Q,0.8861,LPath
R484S,0.9966,LPath
R484T,0.997,LPath
R484V,0.9956,LPath
R484W,0.9862,LPath
R484Y,0.9931,LPath
T485A,0.1533,LBen
T485C,0.5712,LPath
T485D,0.5246,Amb
T485E,0.3972,Amb
T485F,0.7248,LPath
T485G,0.3066,LBen
T485H,0.328,LBen
T485I,0.6675,LPath
T485K,0.2237,LBen
T485L,0.3328,LBen
T485M,0.2037,LBen
T485N,0.1607,LBen
T485P,0.3956,Amb
T485Q,0.2345,LBen
T485R,0.2584,LBen
T485S,0.1174,LBen
T485V,0.4399,Amb
T485W,0.897,LPath
T485Y,0.6698,LPath
G486A,0.9977,LPath
G486C,0.9997,LPath
G486D,0.9998,LPath
G486E,0.9999,LPath
G486F,1.0,LPath
G486H,1.0,LPath
G486I,0.9999,LPath
G486K,0.9999,LPath
G486L,0.9999,LPath
G486M,1.0,LPath
G486N,0.9999,LPath
G486P,0.9999,LPath
G486Q,0.9999,LPath
G486R,0.9998,LPath
G486S,0.998,LPath
G486T,0.9996,LPath
G486V,0.9998,LPath
G486W,1.0,LPath
G486Y,1.0,LPath
I487A,0.8883,LPath
I487C,0.8479,LPath
I487D,0.987,LPath
I487E,0.9616,LPath
I487F,0.5884,LPath
I487G,0.9823,LPath
I487H,0.9284,LPath
I487K,0.8471,LPath
I487L,0.3485,Amb
I487M,0.2837,LBen
I487N,0.8592,LPath
I487P,0.9972,LPath
I487Q,0.9092,LPath
I487R,0.8235,LPath
I487S,0.8666,LPath
I487T,0.4821,Amb
I487V,0.0743,LBen
I487W,0.9685,LPath
I487Y,0.8891,LPath
C488A,0.8768,LPath
C488D,0.9995,LPath
C488E,0.9999,LPath
C488F,0.9989,LPath
C488G,0.962,LPath
C488H,0.9996,LPath
C488I,0.9989,LPath
C488K,1.0,LPath
C488L,0.997,LPath
C488M,0.998,LPath
C488N,0.994,LPath
C488P,0.9999,LPath
C488Q,0.9996,LPath
C488R,0.9997,LPath
C488S,0.8418,LPath
C488T,0.982,LPath
C488V,0.9905,LPath
C488W,0.9999,LPath
C488Y,0.9997,LPath
I489A,0.988,LPath
I489C,0.9792,LPath
I489D,0.9999,LPath
I489E,0.9997,LPath
I489F,0.9655,LPath
I489G,0.999,LPath
I489H,0.9996,LPath
I489K,0.9993,LPath
I489L,0.5621,Amb
I489M,0.8521,LPath
I489N,0.9988,LPath
I489P,0.9994,LPath
I489Q,0.9994,LPath
I489R,0.9985,LPath
I489S,0.996,LPath
I489T,0.9906,LPath
I489V,0.138,LBen
I489W,0.9994,LPath
I489Y,0.9973,LPath
C490A,0.8931,LPath
C490D,0.9993,LPath
C490E,0.9998,LPath
C490F,0.9906,LPath
C490G,0.9276,LPath
C490H,0.999,LPath
C490I,0.9176,LPath
C490K,0.9999,LPath
C490L,0.842,LPath
C490M,0.9563,LPath
C490N,0.99,LPath
C490P,0.9996,LPath
C490Q,0.9991,LPath
C490R,0.9993,LPath
C490S,0.8734,LPath
C490T,0.7491,LPath
C490V,0.699,LPath
C490W,0.9994,LPath
C490Y,0.9984,LPath
F491A,0.9947,LPath
F491C,0.9366,LPath
F491D,0.9998,LPath
F491E,0.9998,LPath
F491G,0.9976,LPath
F491H,0.9976,LPath
F491I,0.8907,LPath
F491K,0.9998,LPath
F491L,0.9331,LPath
F491M,0.9107,LPath
F491N,0.9989,LPath
F491P,0.9997,LPath
F491Q,0.9993,LPath
F491R,0.999,LPath
F491S,0.9972,LPath
F491T,0.997,LPath
F491V,0.9005,LPath
F491W,0.981,LPath
F491Y,0.9217,LPath
Y492A,0.9909,LPath
Y492C,0.7302,LPath
Y492D,0.9947,LPath
Y492E,0.9982,LPath
Y492F,0.1343,LBen
Y492G,0.9849,LPath
Y492H,0.8114,LPath
Y492I,0.9701,LPath
Y492K,0.9986,LPath
Y492L,0.9539,LPath
Y492M,0.9865,LPath
Y492N,0.9748,LPath
Y492P,0.9985,LPath
Y492Q,0.995,LPath
Y492R,0.9917,LPath
Y492S,0.9499,LPath
Y492T,0.9911,LPath
Y492V,0.9334,LPath
Y492W,0.6902,LPath
Q493A,0.4667,Amb
Q493C,0.9279,LPath
Q493D,0.9078,LPath
Q493E,0.2922,LBen
Q493F,0.9453,LPath
Q493G,0.4624,Amb
Q493H,0.6956,LPath
Q493I,0.8554,LPath
Q493K,0.5506,Amb
Q493L,0.4004,Amb
Q493M,0.6028,LPath
Q493N,0.6488,LPath
Q493P,0.7943,LPath
Q493R,0.6147,LPath
Q493S,0.3399,LBen
Q493T,0.3334,LBen
Q493V,0.6891,LPath
Q493W,0.9757,LPath
Q493Y,0.9327,LPath
P494A,0.2156,LBen
P494C,0.8696,LPath
P494D,0.7558,LPath
P494E,0.6035,LPath
P494F,0.8061,LPath
P494G,0.506,Amb
P494H,0.3873,Amb
P494I,0.7454,LPath
P494K,0.7091,LPath
P494L,0.4466,Amb
P494M,0.6471,LPath
P494N,0.4706,Amb
P494Q,0.2947,LBen
P494R,0.4955,Amb
P494S,0.2593,LBen
P494T,0.3632,Amb
P494V,0.5798,LPath
P494W,0.8574,LPath
P494Y,0.6988,LPath
R495A,0.7561,LPath
R495C,0.6919,LPath
R495D,0.8949,LPath
R495E,0.7294,LPath
R495F,0.9158,LPath
R495G,0.5498,Amb
R495H,0.3368,LBen
R495I,0.8092,LPath
R495K,0.1278,LBen
R495L,0.7684,LPath
R495M,0.7436,LPath
R495N,0.8214,LPath
R495P,0.8904,LPath
R495Q,0.2589,LBen
R495S,0.793,LPath
R495T,0.7334,LPath
R495V,0.809,LPath
R495W,0.5485,Amb
R495Y,0.7838,LPath
E496A,0.9763,LPath
E496C,0.9956,LPath
E496D,0.6983,LPath
E496F,0.9982,LPath
E496G,0.9605,LPath
E496H,0.9919,LPath
E496I,0.9972,LPath
E496K,0.9871,LPath
E496L,0.9938,LPath
E496M,0.992,LPath
E496N,0.9793,LPath
E496P,0.9994,LPath
E496Q,0.7837,LPath
E496R,0.9871,LPath
E496S,0.9802,LPath
E496T,0.9915,LPath
E496V,0.9902,LPath
E496W,0.9987,LPath
E496Y,0.9951,LPath
R497A,0.5075,Amb
R497C,0.4263,Amb
R497D,0.8476,LPath
R497E,0.5023,Amb
R497F,0.7313,LPath
R497G,0.5098,Amb
R497H,0.2219,LBen
R497I,0.4037,Amb
R497K,0.1051,LBen
R497L,0.3883,Amb
R497M,0.4084,Amb
R497N,0.7649,LPath
R497P,0.9567,LPath
R497Q,0.1393,LBen
R497S,0.6513,LPath
R497T,0.4602,Amb
R497V,0.4617,Amb
R497W,0.3895,Amb
R497Y,0.5915,LPath
G498A,0.1172,LBen
G498C,0.2255,LBen
G498D,0.4284,Amb
G498E,0.3667,Amb
G498F,0.3964,Amb
G498H,0.3251,LBen
G498I,0.3156,LBen
G498K,0.7429,LPath
G498L,0.3958,Amb
G498M,0.3811,Amb
G498N,0.2022,LBen
G498P,0.6385,LPath
G498Q,0.3127,LBen
G498R,0.5702,LPath
G498S,0.0812,LBen
G498T,0.1744,LBen
G498V,0.2028,LBen
G498W,0.2853,LBen
G498Y,0.2347,LBen
Q499A,0.2311,LBen
Q499C,0.8009,LPath
Q499D,0.6852,LPath
Q499E,0.2373,LBen
Q499F,0.7045,LPath
Q499G,0.4818,Amb
Q499H,0.4111,Amb
Q499I,0.4112,Amb
Q499K,0.4036,Amb
Q499L,0.1237,LBen
Q499M,0.2362,LBen
Q499N,0.3404,Amb
Q499P,0.3449,Amb
Q499R,0.458,Amb
Q499S,0.2656,LBen
Q499T,0.3035,LBen
Q499V,0.2903,LBen
Q499W,0.792,LPath
Q499Y,0.594,LPath
L500A,0.9867,LPath
L500C,0.9823,LPath
L500D,0.9998,LPath
L500E,0.9976,LPath
L500F,0.9826,LPath
L500G,0.9967,LPath
L500H,0.9984,LPath
L500I,0.4851,Amb
L500K,0.9962,LPath
L500M,0.6836,LPath
L500N,0.9984,LPath
L500P,0.9988,LPath
L500Q,0.9942,LPath
L500R,0.9934,LPath
L500S,0.9988,LPath
L500T,0.9913,LPath
L500V,0.5739,LPath
L500W,0.9956,LPath
L500Y,0.9964,LPath
R501A,0.5571,Amb
R501C,0.31,LBen
R501D,0.8729,LPath
R501E,0.6187,LPath
R501F,0.7439,LPath
R501G,0.4397,Amb
R501H,0.1711,LBen
R501I,0.4861,Amb
R501K,0.104,LBen
R501L,0.4038,Amb
R501M,0.4585,Amb
R501N,0.7415,LPath
R501P,0.9243,LPath
R501Q,0.1393,LBen
R501S,0.6544,LPath
R501T,0.5112,Amb
R501V,0.5509,Amb
R501W,0.369,Amb
R501Y,0.5814,LPath
Y502A,0.3952,Amb
Y502C,0.2371,LBen
Y502D,0.603,LPath
Y502E,0.7489,LPath
Y502F,0.0702,LBen
Y502G,0.4682,Amb
Y502H,0.2839,LBen
Y502I,0.3972,Amb
Y502K,0.7793,LPath
Y502L,0.3651,Amb
Y502M,0.3884,Amb
Y502N,0.2537,LBen
Y502P,0.9691,LPath
Y502Q,0.4797,Amb
Y502R,0.6075,LPath
Y502S,0.2704,LBen
Y502T,0.4235,Amb
Y502V,0.3069,LBen
Y502W,0.3817,Amb
V503A,0.9772,LPath
V503C,0.9836,LPath
V503D,0.9994,LPath
V503E,0.9971,LPath
V503F,0.9784,LPath
V503G,0.9792,LPath
V503H,0.9992,LPath
V503I,0.3127,LBen
V503K,0.9977,LPath
V503L,0.9649,LPath
V503M,0.966,LPath
V503N,0.9978,LPath
V503P,0.9987,LPath
V503Q,0.9957,LPath
V503R,0.9918,LPath
V503S,0.9903,LPath
V503T,0.9361,LPath
V503W,0.999,LPath
V503Y,0.9975,LPath
E504A,0.964,LPath
E504C,0.9956,LPath
E504D,0.9987,LPath
E504F,0.9998,LPath
E504G,0.9767,LPath
E504H,0.9993,LPath
E504I,0.9989,LPath
E504K,0.996,LPath
E504L,0.9991,LPath
E504M,0.9964,LPath
E504N,0.9991,LPath
E504P,0.9999,LPath
E504Q,0.8369,LPath
E504R,0.9934,LPath
E504S,0.9813,LPath
E504T,0.9961,LPath
E504V,0.9959,LPath
E504W,0.9999,LPath
E504Y,0.9997,LPath
Q505A,0.3352,LBen
Q505C,0.8477,LPath
Q505D,0.6624,LPath
Q505E,0.1865,LBen
Q505F,0.9022,LPath
Q505G,0.3687,Amb
Q505H,0.3173,LBen
Q505I,0.7706,LPath
Q505K,0.2918,LBen
Q505L,0.4144,Amb
Q505M,0.4859,Amb
Q505N,0.2553,LBen
Q505P,0.9804,LPath
Q505R,0.2963,LBen
Q505S,0.2452,LBen
Q505T,0.3449,Amb
Q505V,0.59,LPath
Q505W,0.8791,LPath
Q505Y,0.7088,LPath
K506A,0.8534,LPath
K506C,0.8855,LPath
K506D,0.9746,LPath
K506E,0.8033,LPath
K506F,0.9857,LPath
K506G,0.9309,LPath
K506H,0.6123,LPath
K506I,0.8816,LPath
K506L,0.8708,LPath
K506M,0.7457,LPath
K506N,0.9302,LPath
K506P,0.9971,LPath
K506Q,0.3422,Amb
K506R,0.1064,LBen
K506S,0.9242,LPath
K506T,0.7562,LPath
K506V,0.7962,LPath
K506W,0.9667,LPath
K506Y,0.9303,LPath
A507C,0.8673,LPath
A507D,0.9989,LPath
A507E,0.9961,LPath
A507F,0.9936,LPath
A507G,0.7757,LPath
A507H,0.9955,LPath
A507I,0.9574,LPath
A507K,0.9989,LPath
A507L,0.9179,LPath
A507M,0.9619,LPath
A507N,0.9926,LPath
A507P,0.999,LPath
A507Q,0.991,LPath
A507R,0.9942,LPath
A507S,0.4812,Amb
A507T,0.8085,LPath
A507V,0.8494,LPath
A507W,0.998,LPath
A507Y,0.9947,LPath
G508A,0.8602,LPath
G508C,0.8634,LPath
G508D,0.9648,LPath
G508E,0.9729,LPath
G508F,0.996,LPath
G508H,0.9643,LPath
G508I,0.9942,LPath
G508K,0.9414,LPath
G508L,0.9864,LPath
G508M,0.987,LPath
G508N,0.9224,LPath
G508P,0.9992,LPath
G508Q,0.9098,LPath
G508R,0.9024,LPath
G508S,0.7951,LPath
G508T,0.9682,LPath
G508V,0.9832,LPath
G508W,0.9939,LPath
G508Y,0.9903,LPath
I509A,0.9889,LPath
I509C,0.9706,LPath
I509D,0.9992,LPath
I509E,0.998,LPath
I509F,0.7581,LPath
I509G,0.995,LPath
I509H,0.9965,LPath
I509K,0.9927,LPath
I509L,0.5054,Amb
I509M,0.5794,LPath
I509N,0.9874,LPath
I509P,0.9991,LPath
I509Q,0.9946,LPath
I509R,0.9888,LPath
I509S,0.9926,LPath
I509T,0.9887,LPath
I509V,0.3999,Amb
I509W,0.9924,LPath
I509Y,0.9817,LPath
T510A,0.1105,LBen
T510C,0.3495,Amb
T510D,0.717,LPath
T510E,0.5186,Amb
T510F,0.5041,Amb
T510G,0.4025,Amb
T510H,0.2274,LBen
T510I,0.251,LBen
T510K,0.1894,LBen
T510L,0.1831,LBen
T510M,0.1408,LBen
T510N,0.1953,LBen
T510P,0.5343,Amb
T510Q,0.1933,LBen
T510R,0.2025,LBen
T510S,0.1249,LBen
T510V,0.1648,LBen
T510W,0.8192,LPath
T510Y,0.4988,Amb
F511A,0.9994,LPath
F511C,0.9964,LPath
F511D,0.9999,LPath
F511E,0.9999,LPath
F511G,0.9993,LPath
F511H,0.9995,LPath
F511I,0.9954,LPath
F511K,0.9999,LPath
F511L,0.999,LPath
F511M,0.9906,LPath
F511N,0.9998,LPath
F511P,1.0,LPath
F511Q,0.9997,LPath
F511R,0.9995,LPath
F511S,0.9996,LPath
F511T,0.9998,LPath
F511V,0.9951,LPath
F511W,0.9838,LPath
F511Y,0.9719,LPath
K512A,0.8976,LPath
K512C,0.8859,LPath
K512D,0.9594,LPath
K512E,0.5484,Amb
K512F,0.9875,LPath
K512G,0.9554,LPath
K512H,0.509,Amb
K512I,0.7907,LPath
K512L,0.8374,LPath
K512M,0.7681,LPath
K512N,0.8839,LPath
K512P,0.9927,LPath
K512Q,0.2069,LBen
K512R,0.0797,LBen
K512S,0.8899,LPath
K512T,0.5861,LPath
K512V,0.7436,LPath
K512W,0.9651,LPath
K512Y,0.9539,LPath
R513A,0.944,LPath
R513C,0.6012,LPath
R513D,0.9706,LPath
R513E,0.8437,LPath
R513F,0.899,LPath
R513G,0.9375,LPath
R513H,0.2902,LBen
R513I,0.8108,LPath
R513K,0.3044,LBen
R513L,0.721,LPath
R513M,0.7912,LPath
R513N,0.9457,LPath
R513P,0.9411,LPath
R513Q,0.3542,Amb
R513S,0.9634,LPath
R513T,0.878,LPath
R513V,0.8367,LPath
R513W,0.4938,Amb
R513Y,0.7681,LPath
V514A,0.6712,LPath
V514C,0.927,LPath
V514D,0.9804,LPath
V514E,0.911,LPath
V514F,0.7839,LPath
V514G,0.8592,LPath
V514H,0.9849,LPath
V514I,0.1017,LBen
V514K,0.9367,LPath
V514L,0.7491,LPath
V514M,0.5779,LPath
V514N,0.9666,LPath
V514P,0.9946,LPath
V514Q,0.9162,LPath
V514R,0.9185,LPath
V514S,0.8751,LPath
V514T,0.5481,Amb
V514W,0.991,LPath
V514Y,0.9714,LPath
G515A,0.4711,Amb
G515C,0.849,LPath
G515D,0.9515,LPath
G515E,0.969,LPath
G515F,0.9911,LPath
G515H,0.9868,LPath
G515I,0.9821,LPath
G515K,0.9936,LPath
G515L,0.9819,LPath
G515M,0.9828,LPath
G515N,0.9354,LPath
G515P,0.9631,LPath
G515Q,0.976,LPath
G515R,0.9787,LPath
G515S,0.4263,Amb
G515T,0.8311,LPath
G515V,0.9448,LPath
G515W,0.9833,LPath
G515Y,0.9884,LPath
V516A,0.6991,LPath
V516C,0.9055,LPath
V516D,0.9908,LPath
V516E,0.9796,LPath
V516F,0.8118,LPath
V516G,0.8542,LPath
V516H,0.993,LPath
V516I,0.138,LBen
V516K,0.9901,LPath
V516L,0.8422,LPath
V516M,0.7756,LPath
V516N,0.9654,LPath
V516P,0.7632,LPath
V516Q,0.9758,LPath
V516R,0.9809,LPath
V516S,0.8397,LPath
V516T,0.8205,LPath
V516W,0.9967,LPath
V516Y,0.9829,LPath
P517A,0.9846,LPath
P517C,0.9986,LPath
P517D,0.9996,LPath
P517E,0.9994,LPath
P517F,0.9996,LPath
P517G,0.9973,LPath
P517H,0.999,LPath
P517I,0.9982,LPath
P517K,0.9996,LPath
P517L,0.9874,LPath
P517M,0.9991,LPath
P517N,0.9997,LPath
P517Q,0.9992,LPath
P517R,0.9979,LPath
P517S,0.9981,LPath
P517T,0.9975,LPath
P517V,0.9948,LPath
P517W,0.9999,LPath
P517Y,0.9997,LPath
S518A,0.2275,LBen
S518C,0.3104,LBen
S518D,0.8142,LPath
S518E,0.9132,LPath
S518F,0.9234,LPath
S518G,0.1865,LBen
S518H,0.8624,LPath
S518I,0.9151,LPath
S518K,0.9657,LPath
S518L,0.5431,Amb
S518M,0.6992,LPath
S518N,0.427,Amb
S518P,0.8475,LPath
S518Q,0.836,LPath
S518R,0.9468,LPath
S518T,0.1267,LBen
S518V,0.7901,LPath
S518W,0.9434,LPath
S518Y,0.8531,LPath
T519A,0.0732,LBen
T519C,0.5624,Amb
T519D,0.745,LPath
T519E,0.6263,LPath
T519F,0.6911,LPath
T519G,0.3678,Amb
T519H,0.5229,Amb
T519I,0.4136,Amb
T519K,0.5538,Amb
T519L,0.2367,LBen
T519M,0.1841,LBen
T519N,0.2685,LBen
T519P,0.1018,LBen
T519Q,0.3877,Amb
T519R,0.4698,Amb
T519S,0.1516,LBen
T519V,0.231,LBen
T519W,0.9079,LPath
T519Y,0.6753,LPath
M520A,0.1508,LBen
M520C,0.6787,LPath
M520D,0.5588,Amb
M520E,0.3013,LBen
M520F,0.4221,Amb
M520G,0.4151,Amb
M520H,0.4369,Amb
M520I,0.2308,LBen
M520K,0.1747,LBen
M520L,0.1156,LBen
M520N,0.3117,LBen
M520P,0.6883,LPath
M520Q,0.1978,LBen
M520R,0.1978,LBen
M520S,0.2123,LBen
M520T,0.0972,LBen
M520V,0.0701,LBen
M520W,0.6991,LPath
M520Y,0.6115,LPath
D521A,0.8263,LPath
D521C,0.9655,LPath
D521E,0.3622,Amb
D521F,0.9661,LPath
D521G,0.9074,LPath
D521H,0.8929,LPath
D521I,0.9666,LPath
D521K,0.9654,LPath
D521L,0.936,LPath
D521M,0.9748,LPath
D521N,0.7552,LPath
D521P,0.9977,LPath
D521Q,0.8603,LPath
D521R,0.9659,LPath
D521S,0.8277,LPath
D521T,0.9231,LPath
D521V,0.88,LPath
D521W,0.994,LPath
D521Y,0.8124,LPath
L522A,0.8734,LPath
L522C,0.9419,LPath
L522D,0.9933,LPath
L522E,0.9621,LPath
L522F,0.817,LPath
L522G,0.9844,LPath
L522H,0.9527,LPath
L522I,0.1103,LBen
L522K,0.9401,LPath
L522M,0.2539,LBen
L522N,0.958,LPath
L522P,0.9967,LPath
L522Q,0.9011,LPath
L522R,0.9105,LPath
L522S,0.9637,LPath
L522T,0.8162,LPath
L522V,0.1644,LBen
L522W,0.9472,LPath
L522Y,0.9574,LPath
V523A,0.7992,LPath
V523C,0.9398,LPath
V523D,0.994,LPath
V523E,0.9693,LPath
V523F,0.8023,LPath
V523G,0.8881,LPath
V523H,0.9913,LPath
V523I,0.1605,LBen
V523K,0.9834,LPath
V523L,0.5999,LPath
V523M,0.7009,LPath
V523N,0.9799,LPath
V523P,0.9927,LPath
V523Q,0.9389,LPath
V523R,0.9562,LPath
V523S,0.926,LPath
V523T,0.9092,LPath
V523W,0.9916,LPath
V523Y,0.9713,LPath
K524A,0.6121,LPath
K524C,0.8584,LPath
K524D,0.8571,LPath
K524E,0.3516,Amb
K524F,0.9464,LPath
K524G,0.7896,LPath
K524H,0.4392,Amb
K524I,0.7381,LPath
K524L,0.6744,LPath
K524M,0.5213,Amb
K524N,0.7149,LPath
K524P,0.9852,LPath
K524Q,0.1638,LBen
K524R,0.0889,LBen
K524S,0.7123,LPath
K524T,0.4117,Amb
K524V,0.6796,LPath
K524W,0.937,LPath
K524Y,0.8547,LPath
S525A,0.0919,LBen
S525C,0.2308,LBen
S525D,0.965,LPath
S525E,0.927,LPath
S525F,0.8433,LPath
S525G,0.3147,LBen
S525H,0.8491,LPath
S525I,0.8062,LPath
S525K,0.9808,LPath
S525L,0.5977,LPath
S525M,0.635,LPath
S525N,0.7105,LPath
S525P,0.9927,LPath
S525Q,0.8656,LPath
S525R,0.9657,LPath
S525T,0.3377,LBen
S525V,0.6542,LPath
S525W,0.9008,LPath
S525Y,0.756,LPath
K526A,0.4139,Amb
K526C,0.5595,Amb
K526D,0.9356,LPath
K526E,0.77,LPath
K526F,0.9472,LPath
K526G,0.693,LPath
K526H,0.3633,Amb
K526I,0.8127,LPath
K526L,0.7446,LPath
K526M,0.6079,LPath
K526N,0.7675,LPath
K526P,0.9879,LPath
K526Q,0.2245,LBen
K526R,0.084,LBen
K526S,0.406,Amb
K526T,0.3121,LBen
K526V,0.6281,LPath
K526W,0.9374,LPath
K526Y,0.8233,LPath
S527A,0.1696,LBen
S527C,0.3539,Amb
S527D,0.9883,LPath
S527E,0.9582,LPath
S527F,0.9709,LPath
S527G,0.2369,LBen
S527H,0.9657,LPath
S527I,0.9002,LPath
S527K,0.9953,LPath
S527L,0.8575,LPath
S527M,0.8122,LPath
S527N,0.8634,LPath
S527P,0.9954,LPath
S527Q,0.94,LPath
S527R,0.9919,LPath
S527T,0.317,LBen
S527V,0.8048,LPath
S527W,0.9856,LPath
S527Y,0.9463,LPath
M528A,0.196,LBen
M528C,0.6472,LPath
M528D,0.5584,Amb
M528E,0.2871,LBen
M528F,0.5032,Amb
M528G,0.4315,Amb
M528H,0.3512,Amb
M528I,0.3647,Amb
M528K,0.14,LBen
M528L,0.1373,LBen
M528N,0.2833,LBen
M528P,0.9878,LPath
M528Q,0.1282,LBen
M528R,0.1641,LBen
M528S,0.2322,LBen
M528T,0.1396,LBen
M528V,0.0972,LBen
M528W,0.7332,LPath
M528Y,0.618,LPath
D529A,0.8719,LPath
D529C,0.9897,LPath
D529E,0.8514,LPath
D529F,0.9871,LPath
D529G,0.8877,LPath
D529H,0.9665,LPath
D529I,0.9831,LPath
D529K,0.9864,LPath
D529L,0.9628,LPath
D529M,0.9915,LPath
D529N,0.8698,LPath
D529P,0.9986,LPath
D529Q,0.9723,LPath
D529R,0.984,LPath
D529S,0.907,LPath
D529T,0.9557,LPath
D529V,0.9244,LPath
D529W,0.998,LPath
D529Y,0.9378,LPath
A530C,0.8524,LPath
A530D,0.994,LPath
A530E,0.9893,LPath
A530F,0.9768,LPath
A530G,0.7852,LPath
A530H,0.9893,LPath
A530I,0.9068,LPath
A530K,0.9977,LPath
A530L,0.8928,LPath
A530M,0.877,LPath
A530N,0.9716,LPath
A530P,0.9988,LPath
A530Q,0.9789,LPath
A530R,0.9892,LPath
A530S,0.371,Amb
A530T,0.4794,Amb
A530V,0.6492,LPath
A530W,0.9983,LPath
A530Y,0.9926,LPath
I531A,0.4754,Amb
I531C,0.7661,LPath
I531D,0.9778,LPath
I531E,0.8266,LPath
I531F,0.4814,Amb
I531G,0.8931,LPath
I531H,0.9137,LPath
I531K,0.7871,LPath
I531L,0.2001,LBen
I531M,0.1469,LBen
I531N,0.8472,LPath
I531P,0.9924,LPath
I531Q,0.6955,LPath
I531R,0.7655,LPath
I531S,0.6172,LPath
I531T,0.5351,Amb
I531V,0.0832,LBen
I531W,0.9632,LPath
I531Y,0.8671,LPath
R532A,0.6487,LPath
R532C,0.442,Amb
R532D,0.7865,LPath
R532E,0.5841,LPath
R532F,0.9076,LPath
R532G,0.4749,Amb
R532H,0.1994,LBen
R532I,0.7516,LPath
R532K,0.1317,LBen
R532L,0.6013,LPath
R532M,0.7281,LPath
R532N,0.7036,LPath
R532P,0.9789,LPath
R532Q,0.1701,LBen
R532S,0.6671,LPath
R532T,0.5683,LPath
R532V,0.7543,LPath
R532W,0.6669,LPath
R532Y,0.7795,LPath
S533A,0.1097,LBen
S533C,0.0888,LBen
S533D,0.6028,LPath
S533E,0.6848,LPath
S533F,0.2452,LBen
S533G,0.1336,LBen
S533H,0.3551,Amb
S533I,0.4229,Amb
S533K,0.8501,LPath
S533L,0.2019,LBen
S533M,0.2688,LBen
S533N,0.2111,LBen
S533P,0.9872,LPath
S533Q,0.5485,Amb
S533R,0.8138,LPath
S533T,0.1348,LBen
S533V,0.3337,LBen
S533W,0.495,Amb
S533Y,0.2215,LBen
L534A,0.9721,LPath
L534C,0.9844,LPath
L534D,0.9997,LPath
L534E,0.9981,LPath
L534F,0.9445,LPath
L534G,0.9974,LPath
L534H,0.9981,LPath
L534I,0.3443,Amb
L534K,0.9977,LPath
L534M,0.5536,Amb
L534N,0.9982,LPath
L534P,0.9983,LPath
L534Q,0.9961,LPath
L534R,0.9956,LPath
L534S,0.9967,LPath
L534T,0.9709,LPath
L534V,0.3918,Amb
L534W,0.9962,LPath
L534Y,0.9967,LPath
A535C,0.4926,Amb
A535D,0.1689,LBen
A535E,0.1993,LBen
A535F,0.6354,LPath
A535G,0.1069,LBen
A535H,0.408,Amb
A535I,0.5767,LPath
A535K,0.5706,LPath
A535L,0.3483,Amb
A535M,0.4333,Amb
A535N,0.1679,LBen
A535P,0.764,LPath
A535Q,0.2401,LBen
A535R,0.5133,Amb
A535S,0.06,LBen
A535T,0.1096,LBen
A535V,0.3041,LBen
A535W,0.8704,LPath
A535Y,0.6171,LPath
S536A,0.0728,LBen
S536C,0.1161,LBen
S536D,0.366,Amb
S536E,0.4658,Amb
S536F,0.3521,Amb
S536G,0.0702,LBen
S536H,0.3861,Amb
S536I,0.4157,Amb
S536K,0.678,LPath
S536L,0.1696,LBen
S536M,0.2497,LBen
S536N,0.1633,LBen
S536P,0.8603,LPath
S536Q,0.4614,Amb
S536R,0.647,LPath
S536T,0.0879,LBen
S536V,0.2756,LBen
S536W,0.583,LPath
S536Y,0.3256,LBen
V537A,0.9273,LPath
V537C,0.9596,LPath
V537D,0.9942,LPath
V537E,0.9888,LPath
V537F,0.9363,LPath
V537G,0.9505,LPath
V537H,0.9971,LPath
V537I,0.114,LBen
V537K,0.9928,LPath
V537L,0.888,LPath
V537M,0.8802,LPath
V537N,0.9819,LPath
V537P,0.9895,LPath
V537Q,0.9883,LPath
V537R,0.9894,LPath
V537S,0.9551,LPath
V537T,0.867,LPath
V537W,0.9992,LPath
V537Y,0.9944,LPath
S538A,0.2924,LBen
S538C,0.4243,Amb
S538D,0.5453,Amb
S538E,0.8015,LPath
S538F,0.9683,LPath
S538G,0.3,LBen
S538H,0.6551,LPath
S538I,0.9466,LPath
S538K,0.9503,LPath
S538L,0.8816,LPath
S538M,0.9013,LPath
S538N,0.3355,LBen
S538P,0.1076,LBen
S538Q,0.7591,LPath
S538R,0.9509,LPath
S538T,0.2822,LBen
S538V,0.8884,LPath
S538W,0.9579,LPath
S538Y,0.9021,LPath
Y539A,0.1277,LBen
Y539C,0.0935,LBen
Y539D,0.1,LBen
Y539E,0.2594,LBen
Y539F,0.0975,LBen
Y539G,0.1523,LBen
Y539H,0.1183,LBen
Y539I,0.3045,LBen
Y539K,0.3563,Amb
Y539L,0.3128,LBen
Y539M,0.3748,Amb
Y539N,0.0874,LBen
Y539P,0.118,LBen
Y539Q,0.227,LBen
Y539R,0.2685,LBen
Y539S,0.0631,LBen
Y539T,0.1446,LBen
Y539V,0.1622,LBen
Y539W,0.386,Amb
A540C,0.5813,LPath
A540D,0.4155,Amb
A540E,0.3076,LBen
A540F,0.7338,LPath
A540G,0.2549,LBen
A540H,0.5225,Amb
A540I,0.5225,Amb
A540K,0.5487,Amb
A540L,0.3613,Amb
A540M,0.415,Amb
A540N,0.3488,Amb
A540P,0.4271,Amb
A540Q,0.3277,LBen
A540R,0.5162,Amb
A540S,0.1034,LBen
A540T,0.1219,LBen
A540V,0.2598,LBen
A540W,0.929,LPath
A540Y,0.7545,LPath
A541C,0.7808,LPath
A541D,0.9877,LPath
A541E,0.9787,LPath
A541F,0.9719,LPath
A541G,0.7676,LPath
A541H,0.9781,LPath
A541I,0.8818,LPath
A541K,0.9953,LPath
A541L,0.8231,LPath
A541M,0.8369,LPath
A541N,0.9527,LPath
A541P,0.9812,LPath
A541Q,0.9482,LPath
A541R,0.9852,LPath
A541S,0.2949,LBen
A541T,0.4956,Amb
A541V,0.5562,Amb
A541W,0.996,LPath
A541Y,0.985,LPath
V542A,0.6215,LPath
V542C,0.9422,LPath
V542D,0.9873,LPath
V542E,0.9177,LPath
V542F,0.8652,LPath
V542G,0.8366,LPath
V542H,0.9888,LPath
V542I,0.1052,LBen
V542K,0.9207,LPath
V542L,0.5468,Amb
V542M,0.4918,Amb
V542N,0.9555,LPath
V542P,0.9931,LPath
V542Q,0.8996,LPath
V542R,0.8947,LPath
V542S,0.8315,LPath
V542T,0.5361,Amb
V542W,0.9933,LPath
V542Y,0.9769,LPath
D543A,0.4881,Amb
D543C,0.9356,LPath
D543E,0.2454,LBen
D543F,0.98,LPath
D543G,0.4055,Amb
D543H,0.7583,LPath
D543I,0.9377,LPath
D543K,0.8217,LPath
D543L,0.9059,LPath
D543M,0.9638,LPath
D543N,0.2736,LBen
D543P,0.8828,LPath
D543Q,0.6889,LPath
D543R,0.8447,LPath
D543S,0.3463,Amb
D543T,0.6947,LPath
D543V,0.8152,LPath
D543W,0.9934,LPath
D543Y,0.8426,LPath
F544A,0.9202,LPath
F544C,0.6575,LPath
F544D,0.9881,LPath
F544E,0.9875,LPath
F544G,0.9891,LPath
F544H,0.7809,LPath
F544I,0.6466,LPath
F544K,0.9887,LPath
F544L,0.9728,LPath
F544M,0.8729,LPath
F544N,0.9354,LPath
F544P,0.9991,LPath
F544Q,0.9711,LPath
F544R,0.9665,LPath
F544S,0.9386,LPath
F544T,0.9326,LPath
F544V,0.6107,LPath
F544W,0.8093,LPath
F544Y,0.1342,LBen
F545A,0.9991,LPath
F545C,0.9959,LPath
F545D,0.9998,LPath
F545E,0.9996,LPath
F545G,0.9991,LPath
F545H,0.9957,LPath
F545I,0.9977,LPath
F545K,0.9997,LPath
F545L,0.9986,LPath
F545M,0.9975,LPath
F545N,0.9995,LPath
F545P,1.0,LPath
F545Q,0.9988,LPath
F545R,0.9979,LPath
F545S,0.9992,LPath
F545T,0.9994,LPath
F545V,0.9963,LPath
F545W,0.9777,LPath
F545Y,0.9173,LPath
R546A,0.9357,LPath
R546C,0.7628,LPath
R546D,0.9927,LPath
R546E,0.8294,LPath
R546F,0.9361,LPath
R546G,0.8625,LPath
R546H,0.5205,Amb
R546I,0.7639,LPath
R546K,0.1633,LBen
R546L,0.6727,LPath
R546M,0.828,LPath
R546N,0.981,LPath
R546P,0.9977,LPath
R546Q,0.3442,Amb
R546S,0.9594,LPath
R546T,0.8446,LPath
R546V,0.8256,LPath
R546W,0.6891,LPath
R546Y,0.8565,LPath
P547A,0.2136,LBen
P547C,0.8741,LPath
P547D,0.4656,Amb
P547E,0.3303,LBen
P547F,0.9147,LPath
P547G,0.4546,Amb
P547H,0.5268,Amb
P547I,0.7135,LPath
P547K,0.5573,Amb
P547L,0.4794,Amb
P547M,0.7523,LPath
P547N,0.5541,Amb
P547Q,0.344,Amb
P547R,0.535,Amb
P547S,0.3041,LBen
P547T,0.2721,LBen
P547V,0.5107,Amb
P547W,0.948,LPath
P547Y,0.8569,LPath
S548A,0.0829,LBen
S548C,0.2998,LBen
S548D,0.9093,LPath
S548E,0.8468,LPath
S548F,0.7132,LPath
S548G,0.4308,Amb
S548H,0.7691,LPath
S548I,0.6981,LPath
S548K,0.9812,LPath
S548L,0.5138,Amb
S548M,0.5544,Amb
S548N,0.7054,LPath
S548P,0.7752,LPath
S548Q,0.8096,LPath
S548R,0.972,LPath
S548T,0.2219,LBen
S548V,0.5016,Amb
S548W,0.8297,LPath
S548Y,0.5996,LPath
A549C,0.9834,LPath
A549D,0.9999,LPath
A549E,0.9992,LPath
A549F,0.999,LPath
A549G,0.9247,LPath
A549H,0.9997,LPath
A549I,0.9971,LPath
A549K,0.9999,LPath
A549L,0.9896,LPath
A549M,0.9979,LPath
A549N,0.9998,LPath
A549P,0.9995,LPath
A549Q,0.9979,LPath
A549R,0.9977,LPath
A549S,0.8444,LPath
A549T,0.9912,LPath
A549V,0.9802,LPath
A549W,0.9999,LPath
A549Y,0.9996,LPath
Q550A,0.3731,Amb
Q550C,0.8526,LPath
Q550D,0.8658,LPath
Q550E,0.0836,LBen
Q550F,0.9308,LPath
Q550G,0.6022,LPath
Q550H,0.5847,LPath
Q550I,0.5971,LPath
Q550K,0.1805,LBen
Q550L,0.3128,LBen
Q550M,0.4879,Amb
Q550N,0.6577,LPath
Q550P,0.9963,LPath
Q550R,0.1932,LBen
Q550S,0.5292,Amb
Q550T,0.4084,Amb
Q550V,0.4086,Amb
Q550W,0.9302,LPath
Q550Y,0.8774,LPath
R551A,0.4048,Amb
R551C,0.2991,LBen
R551D,0.7384,LPath
R551E,0.3377,LBen
R551F,0.7044,LPath
R551G,0.4482,Amb
R551H,0.1416,LBen
R551I,0.3392,LBen
R551K,0.0881,LBen
R551L,0.2518,LBen
R551M,0.2704,LBen
R551N,0.6327,LPath
R551P,0.9896,LPath
R551Q,0.0901,LBen
R551S,0.5628,Amb
R551T,0.3286,LBen
R551V,0.4188,Amb
R551W,0.3978,Amb
R551Y,0.5541,Amb
L552A,0.9866,LPath
L552C,0.9924,LPath
L552D,0.9997,LPath
L552E,0.9977,LPath
L552F,0.9312,LPath
L552G,0.9985,LPath
L552H,0.9959,LPath
L552I,0.5663,LPath
L552K,0.9965,LPath
L552M,0.6798,LPath
L552N,0.9988,LPath
L552P,0.9998,LPath
L552Q,0.9958,LPath
L552R,0.9943,LPath
L552S,0.999,LPath
L552T,0.9959,LPath
L552V,0.77,LPath
L552W,0.9873,LPath
L552Y,0.9808,LPath
I553A,0.9245,LPath
I553C,0.987,LPath
I553D,0.9996,LPath
I553E,0.9937,LPath
I553F,0.9888,LPath
I553G,0.9961,LPath
I553H,0.9995,LPath
I553K,0.9975,LPath
I553L,0.6138,LPath
I553M,0.6919,LPath
I553N,0.997,LPath
I553P,0.999,LPath
I553Q,0.9959,LPath
I553R,0.9948,LPath
I553S,0.9838,LPath
I553T,0.8982,LPath
I553V,0.2793,LBen
I553W,0.9994,LPath
I553Y,0.9989,LPath
E554A,0.3054,LBen
E554C,0.9541,LPath
E554D,0.1638,LBen
E554F,0.9723,LPath
E554G,0.4379,Amb
E554H,0.74,LPath
E554I,0.855,LPath
E554K,0.3798,Amb
E554L,0.7731,LPath
E554M,0.8262,LPath
E554N,0.4629,Amb
E554P,0.997,LPath
E554Q,0.25,LBen
E554R,0.5006,Amb
E554S,0.4116,Amb
E554T,0.5733,LPath
E554V,0.6947,LPath
E554W,0.9851,LPath
E554Y,0.9227,LPath
E555A,0.7069,LPath
E555C,0.9918,LPath
E555D,0.4255,Amb
E555F,0.9949,LPath
E555G,0.7285,LPath
E555H,0.9423,LPath
E555I,0.9503,LPath
E555K,0.7254,LPath
E555L,0.9466,LPath
E555M,0.9449,LPath
E555N,0.8324,LPath
E555P,0.9991,LPath
E555Q,0.4577,Amb
E555R,0.8504,LPath
E555S,0.7481,LPath
E555T,0.8114,LPath
E555V,0.8765,LPath
E555W,0.9966,LPath
E555Y,0.981,LPath
K556A,0.9528,LPath
K556C,0.9443,LPath
K556D,0.9758,LPath
K556E,0.8393,LPath
K556F,0.9721,LPath
K556G,0.9473,LPath
K556H,0.6206,LPath
K556I,0.92,LPath
K556L,0.862,LPath
K556M,0.7343,LPath
K556N,0.9201,LPath
K556P,0.9983,LPath
K556Q,0.4856,Amb
K556R,0.1325,LBen
K556S,0.9642,LPath
K556T,0.8544,LPath
K556V,0.8868,LPath
K556W,0.9534,LPath
K556Y,0.8694,LPath
G557A,0.9734,LPath
G557C,0.993,LPath
G557D,0.9318,LPath
G557E,0.9838,LPath
G557F,0.9993,LPath
G557H,0.9977,LPath
G557I,0.9979,LPath
G557K,0.9971,LPath
G557L,0.9979,LPath
G557M,0.9981,LPath
G557N,0.9787,LPath
G557P,0.9982,LPath
G557Q,0.9954,LPath
G557R,0.9967,LPath
G557S,0.9189,LPath
G557T,0.9731,LPath
G557V,0.9933,LPath
G557W,0.9991,LPath
G557Y,0.9983,LPath
A558C,0.9476,LPath
A558D,0.9782,LPath
A558E,0.9738,LPath
A558F,0.9879,LPath
A558G,0.679,LPath
A558H,0.9842,LPath
A558I,0.9855,LPath
A558K,0.9952,LPath
A558L,0.9595,LPath
A558M,0.9816,LPath
A558N,0.9769,LPath
A558P,0.328,LBen
A558Q,0.9743,LPath
A558R,0.9845,LPath
A558S,0.4898,Amb
A558T,0.9275,LPath
A558V,0.9262,LPath
A558W,0.9974,LPath
A558Y,0.9906,LPath
V559A,0.5341,Amb
V559C,0.9471,LPath
V559D,0.9126,LPath
V559E,0.5252,Amb
V559F,0.8306,LPath
V559G,0.7933,LPath
V559H,0.9776,LPath
V559I,0.1114,LBen
V559K,0.8741,LPath
V559L,0.526,Amb
V559M,0.4289,Amb
V559N,0.8913,LPath
V559P,0.9422,LPath
V559Q,0.7826,LPath
V559R,0.8948,LPath
V559S,0.7668,LPath
V559T,0.3234,LBen
V559W,0.994,LPath
V559Y,0.9772,LPath
D560A,0.6822,LPath
D560C,0.9706,LPath
D560E,0.2795,LBen
D560F,0.972,LPath
D560G,0.8027,LPath
D560H,0.8835,LPath
D560I,0.9339,LPath
D560K,0.938,LPath
D560L,0.9,LPath
D560M,0.9757,LPath
D560N,0.5306,Amb
D560P,0.9389,LPath
D560Q,0.8783,LPath
D560R,0.9446,LPath
D560S,0.6994,LPath
D560T,0.8389,LPath
D560V,0.805,LPath
D560W,0.9949,LPath
D560Y,0.8618,LPath
A561C,0.9181,LPath
A561D,0.9977,LPath
A561E,0.9967,LPath
A561F,0.9919,LPath
A561G,0.8497,LPath
A561H,0.9973,LPath
A561I,0.978,LPath
A561K,0.9995,LPath
A561L,0.9326,LPath
A561M,0.9792,LPath
A561N,0.9939,LPath
A561P,0.9987,LPath
A561Q,0.9943,LPath
A561R,0.9959,LPath
A561S,0.5944,LPath
A561T,0.9156,LPath
A561V,0.9064,LPath
A561W,0.9995,LPath
A561Y,0.9964,LPath
L562A,0.9809,LPath
L562C,0.994,LPath
L562D,0.9999,LPath
L562E,0.9996,LPath
L562F,0.9878,LPath
L562G,0.9989,LPath
L562H,0.9998,LPath
L562I,0.6343,LPath
L562K,0.9994,LPath
L562M,0.8944,LPath
L562N,0.9998,LPath
L562P,0.9997,LPath
L562Q,0.9996,LPath
L562R,0.9987,LPath
L562S,0.9994,LPath
L562T,0.9883,LPath
L562V,0.3563,Amb
L562W,0.9996,LPath
L562Y,0.9995,LPath
A563C,0.9608,LPath
A563D,0.9996,LPath
A563E,0.9976,LPath
A563F,0.9988,LPath
A563G,0.7857,LPath
A563H,0.9989,LPath
A563I,0.9992,LPath
A563K,0.9997,LPath
A563L,0.9918,LPath
A563M,0.9972,LPath
A563N,0.9991,LPath
A563P,0.9994,LPath
A563Q,0.9939,LPath
A563R,0.9974,LPath
A563S,0.5411,Amb
A563T,0.9914,LPath
A563V,0.9927,LPath
A563W,0.9998,LPath
A563Y,0.999,LPath
A564C,0.877,LPath
A564D,0.9943,LPath
A564E,0.9789,LPath
A564F,0.9446,LPath
A564G,0.7445,LPath
A564H,0.9783,LPath
A564I,0.9858,LPath
A564K,0.9913,LPath
A564L,0.8461,LPath
A564M,0.9114,LPath
A564N,0.9796,LPath
A564P,0.9995,LPath
A564Q,0.935,LPath
A564R,0.9627,LPath
A564S,0.4422,Amb
A564T,0.8915,LPath
A564V,0.9226,LPath
A564W,0.9942,LPath
A564Y,0.9705,LPath
A565C,0.9455,LPath
A565D,0.9998,LPath
A565E,0.9996,LPath
A565F,0.9976,LPath
A565G,0.8923,LPath
A565H,0.9995,LPath
A565I,0.9978,LPath
A565K,0.9999,LPath
A565L,0.9768,LPath
A565M,0.9932,LPath
A565N,0.9994,LPath
A565P,0.9998,LPath
A565Q,0.9985,LPath
A565R,0.999,LPath
A565S,0.7438,LPath
A565T,0.972,LPath
A565V,0.9849,LPath
A565W,0.9999,LPath
A565Y,0.9994,LPath
L566A,0.994,LPath
L566C,0.9977,LPath
L566D,0.9999,LPath
L566E,0.9995,LPath
L566F,0.9732,LPath
L566G,0.9995,LPath
L566H,0.9996,LPath
L566I,0.6862,LPath
L566K,0.999,LPath
L566M,0.8118,LPath
L566N,0.9997,LPath
L566P,0.9998,LPath
L566Q,0.9993,LPath
L566R,0.9985,LPath
L566S,0.9995,LPath
L566T,0.997,LPath
L566V,0.8531,LPath
L566W,0.9977,LPath
L566Y,0.9982,LPath
A567C,0.9664,LPath
A567D,0.9996,LPath
A567E,0.999,LPath
A567F,0.9969,LPath
A567G,0.7983,LPath
A567H,0.999,LPath
A567I,0.9984,LPath
A567K,0.9996,LPath
A567L,0.9698,LPath
A567M,0.9954,LPath
A567N,0.9989,LPath
A567P,0.9996,LPath
A567Q,0.9962,LPath
A567R,0.9963,LPath
A567S,0.7919,LPath
A567T,0.9947,LPath
A567V,0.9919,LPath
A567W,0.9997,LPath
A567Y,0.998,LPath
H568A,0.8259,LPath
H568C,0.3905,Amb
H568D,0.9604,LPath
H568E,0.921,LPath
H568F,0.4978,Amb
H568G,0.9576,LPath
H568I,0.7895,LPath
H568K,0.8388,LPath
H568L,0.4997,Amb
H568M,0.809,LPath
H568N,0.6716,LPath
H568P,0.9966,LPath
H568Q,0.7278,LPath
H568R,0.6693,LPath
H568S,0.814,LPath
H568T,0.8557,LPath
H568V,0.603,LPath
H568W,0.7189,LPath
H568Y,0.2311,LBen
I569A,0.9666,LPath
I569C,0.9845,LPath
I569D,0.9993,LPath
I569E,0.9972,LPath
I569F,0.8211,LPath
I569G,0.9976,LPath
I569H,0.9972,LPath
I569K,0.9969,LPath
I569L,0.3743,Amb
I569M,0.4517,Amb
I569N,0.9942,LPath
I569P,0.9995,LPath
I569Q,0.995,LPath
I569R,0.9933,LPath
I569S,0.9815,LPath
I569T,0.9874,LPath
I569V,0.4595,Amb
I569W,0.9952,LPath
I569Y,0.9856,LPath
S570A,0.2585,LBen
S570C,0.414,Amb
S570D,0.9985,LPath
S570E,0.9977,LPath
S570F,0.9901,LPath
S570G,0.6553,LPath
S570H,0.9926,LPath
S570I,0.9577,LPath
S570K,0.9997,LPath
S570L,0.8978,LPath
S570M,0.9374,LPath
S570N,0.9879,LPath
S570P,0.9986,LPath
S570Q,0.9942,LPath
S570R,0.9986,LPath
S570T,0.4848,Amb
S570V,0.8973,LPath
S570W,0.9916,LPath
S570Y,0.9904,LPath
G571A,0.9503,LPath
G571C,0.9724,LPath
G571D,0.9674,LPath
G571E,0.9837,LPath
G571F,0.9982,LPath
G571H,0.9911,LPath
G571I,0.9978,LPath
G571K,0.9904,LPath
G571L,0.9936,LPath
G571M,0.9965,LPath
G571N,0.9634,LPath
G571P,0.9996,LPath
G571Q,0.9725,LPath
G571R,0.9763,LPath
G571S,0.8763,LPath
G571T,0.9816,LPath
G571V,0.9929,LPath
G571W,0.9974,LPath
G571Y,0.9965,LPath
A572C,0.6136,LPath
A572D,0.947,LPath
A572E,0.9063,LPath
A572F,0.6373,LPath
A572G,0.604,LPath
A572H,0.8442,LPath
A572I,0.7656,LPath
A572K,0.9716,LPath
A572L,0.6213,LPath
A572M,0.6754,LPath
A572N,0.832,LPath
A572P,0.987,LPath
A572Q,0.8136,LPath
A572R,0.9068,LPath
A572S,0.2561,LBen
A572T,0.3906,Amb
A572V,0.5159,Amb
A572W,0.9477,LPath
A572Y,0.7917,LPath
S573A,0.1074,LBen
S573C,0.2076,LBen
S573D,0.6627,LPath
S573E,0.6997,LPath
S573F,0.6197,LPath
S573G,0.1716,LBen
S573H,0.5798,LPath
S573I,0.4791,Amb
S573K,0.7973,LPath
S573L,0.2814,LBen
S573M,0.4111,Amb
S573N,0.3211,LBen
S573P,0.5802,LPath
S573Q,0.6159,LPath
S573R,0.7635,LPath
S573T,0.0872,LBen
S573V,0.3582,Amb
S573W,0.7759,LPath
S573Y,0.555,Amb
S574A,0.083,LBen
S574C,0.101,LBen
S574D,0.4727,Amb
S574E,0.5424,Amb
S574F,0.2514,LBen
S574G,0.1357,LBen
S574H,0.309,LBen
S574I,0.2188,LBen
S574K,0.7304,LPath
S574L,0.1523,LBen
S574M,0.2272,LBen
S574N,0.16,LBen
S574P,0.7853,LPath
S574Q,0.4225,Amb
S574R,0.6341,LPath
S574T,0.0733,LBen
S574V,0.1718,LBen
S574W,0.5286,Amb
S574Y,0.27,LBen
F575A,0.9181,LPath
F575C,0.823,LPath
F575D,0.9835,LPath
F575E,0.9773,LPath
F575G,0.9702,LPath
F575H,0.9538,LPath
F575I,0.434,Amb
F575K,0.9811,LPath
F575L,0.891,LPath
F575M,0.6996,LPath
F575N,0.9678,LPath
F575P,0.9742,LPath
F575Q,0.9663,LPath
F575R,0.9615,LPath
F575S,0.9391,LPath
F575T,0.9084,LPath
F575V,0.4731,Amb
F575W,0.7374,LPath
F575Y,0.5609,Amb
E576A,0.4282,Amb
E576C,0.9181,LPath
E576D,0.3268,LBen
E576F,0.9182,LPath
E576G,0.5622,Amb
E576H,0.7589,LPath
E576I,0.623,LPath
E576K,0.5439,Amb
E576L,0.6703,LPath
E576M,0.7631,LPath
E576N,0.7064,LPath
E576P,0.8319,LPath
E576Q,0.2592,LBen
E576R,0.6535,LPath
E576S,0.459,Amb
E576T,0.4791,Amb
E576V,0.4119,Amb
E576W,0.9796,LPath
E576Y,0.8735,LPath
P577A,0.1115,LBen
P577C,0.6692,LPath
P577D,0.6413,LPath
P577E,0.3457,Amb
P577F,0.8613,LPath
P577G,0.4295,Amb
P577H,0.3687,Amb
P577I,0.6816,LPath
P577K,0.3802,Amb
P577L,0.3287,LBen
P577M,0.568,LPath
P577N,0.4417,Amb
P577Q,0.1744,LBen
P577R,0.2743,LBen
P577S,0.1891,LBen
P577T,0.1999,LBen
P577V,0.47,Amb
P577W,0.9193,LPath
P577Y,0.7655,LPath
R578A,0.988,LPath
R578C,0.8877,LPath
R578D,0.9964,LPath
R578E,0.9759,LPath
R578F,0.9925,LPath
R578G,0.9839,LPath
R578H,0.8518,LPath
R578I,0.9767,LPath
R578K,0.8066,LPath
R578L,0.9641,LPath
R578M,0.9923,LPath
R578N,0.9951,LPath
R578P,0.9939,LPath
R578Q,0.8698,LPath
R578S,0.9927,LPath
R578T,0.9872,LPath
R578V,0.9672,LPath
R578W,0.9303,LPath
R578Y,0.9691,LPath
S579A,0.7947,LPath
S579C,0.9353,LPath
S579D,0.9972,LPath
S579E,0.9977,LPath
S579F,0.999,LPath
S579G,0.6571,LPath
S579H,0.9951,LPath
S579I,0.9983,LPath
S579K,0.9994,LPath
S579L,0.9925,LPath
S579M,0.997,LPath
S579N,0.9918,LPath
S579P,0.9974,LPath
S579Q,0.9973,LPath
S579R,0.9988,LPath
S579T,0.9547,LPath
S579V,0.9968,LPath
S579W,0.9983,LPath
S579Y,0.9969,LPath
L580A,0.8832,LPath
L580C,0.9431,LPath
L580D,0.9964,LPath
L580E,0.9772,LPath
L580F,0.7789,LPath
L580G,0.9789,LPath
L580H,0.9566,LPath
L580I,0.4131,Amb
L580K,0.9535,LPath
L580M,0.3247,LBen
L580N,0.9655,LPath
L580P,0.9806,LPath
L580Q,0.8777,LPath
L580R,0.9293,LPath
L580S,0.9557,LPath
L580T,0.9272,LPath
L580V,0.4796,Amb
L580W,0.9473,LPath
L580Y,0.9528,LPath
I581A,0.9411,LPath
I581C,0.9726,LPath
I581D,0.9981,LPath
I581E,0.9924,LPath
I581F,0.5765,LPath
I581G,0.9917,LPath
I581H,0.9845,LPath
I581K,0.9733,LPath
I581L,0.0728,LBen
I581M,0.1873,LBen
I581N,0.9697,LPath
I581P,0.9946,LPath
I581Q,0.9691,LPath
I581R,0.9625,LPath
I581S,0.9704,LPath
I581T,0.9562,LPath
I581V,0.2487,LBen
I581W,0.975,LPath
I581Y,0.9335,LPath
T582A,0.461,Amb
T582C,0.6127,LPath
T582D,0.8507,LPath
T582E,0.9645,LPath
T582F,0.9276,LPath
T582G,0.5235,Amb
T582H,0.6319,LPath
T582I,0.9606,LPath
T582K,0.9392,LPath
T582L,0.7757,LPath
T582M,0.6692,LPath
T582N,0.1839,LBen
T582P,0.9491,LPath
T582Q,0.845,LPath
T582R,0.8686,LPath
T582S,0.1147,LBen
T582V,0.8809,LPath
T582W,0.9687,LPath
T582Y,0.8615,LPath
S583A,0.1701,LBen
S583C,0.3031,LBen
S583D,0.9857,LPath
S583E,0.9881,LPath
S583F,0.9391,LPath
S583G,0.1772,LBen
S583H,0.9629,LPath
S583I,0.9698,LPath
S583K,0.9977,LPath
S583L,0.7244,LPath
S583M,0.8055,LPath
S583N,0.8649,LPath
S583P,0.9892,LPath
S583Q,0.9674,LPath
S583R,0.9943,LPath
S583T,0.6313,LPath
S583V,0.9241,LPath
S583W,0.9589,LPath
S583Y,0.9219,LPath
D584A,0.552,Amb
D584C,0.9045,LPath
D584E,0.2292,LBen
D584F,0.9058,LPath
D584G,0.6569,LPath
D584H,0.7045,LPath
D584I,0.8451,LPath
D584K,0.7944,LPath
D584L,0.8078,LPath
D584M,0.8894,LPath
D584N,0.273,LBen
D584P,0.9939,LPath
D584Q,0.5729,LPath
D584R,0.8026,LPath
D584S,0.3677,Amb
D584T,0.6632,LPath
D584V,0.6804,LPath
D584W,0.9805,LPath
D584Y,0.6471,LPath
K585A,0.2867,LBen
K585C,0.6803,LPath
K585D,0.6271,LPath
K585E,0.1752,LBen
K585F,0.8769,LPath
K585G,0.5712,LPath
K585H,0.4364,Amb
K585I,0.3625,Amb
K585L,0.4644,Amb
K585M,0.3297,LBen
K585N,0.5128,Amb
K585P,0.5796,LPath
K585Q,0.1492,LBen
K585R,0.0846,LBen
K585S,0.4189,Amb
K585T,0.1867,LBen
K585V,0.2797,LBen
K585W,0.9035,LPath
K585Y,0.7807,LPath
G586A,0.7845,LPath
G586C,0.8551,LPath
G586D,0.5762,LPath
G586E,0.8463,LPath
G586F,0.9837,LPath
G586H,0.9448,LPath
G586I,0.9795,LPath
G586K,0.9797,LPath
G586L,0.9709,LPath
G586M,0.9765,LPath
G586N,0.5913,LPath
G586P,0.9967,LPath
G586Q,0.9304,LPath
G586R,0.9598,LPath
G586S,0.5439,Amb
G586T,0.8872,LPath
G586V,0.9529,LPath
G586W,0.972,LPath
G586Y,0.9405,LPath
F587A,0.9615,LPath
F587C,0.5003,Amb
F587D,0.9904,LPath
F587E,0.9898,LPath
F587G,0.9795,LPath
F587H,0.7798,LPath
F587I,0.8836,LPath
F587K,0.9787,LPath
F587L,0.9786,LPath
F587M,0.8385,LPath
F587N,0.9215,LPath
F587P,0.9999,LPath
F587Q,0.9532,LPath
F587R,0.9498,LPath
F587S,0.8994,LPath
F587T,0.9639,LPath
F587V,0.8228,LPath
F587W,0.5547,Amb
F587Y,0.1173,LBen
V588A,0.508,Amb
V588C,0.8011,LPath
V588D,0.91,LPath
V588E,0.6974,LPath
V588F,0.4806,Amb
V588G,0.7467,LPath
V588H,0.8598,LPath
V588I,0.0954,LBen
V588K,0.6917,LPath
V588L,0.4196,Amb
V588M,0.306,LBen
V588N,0.785,LPath
V588P,0.9962,LPath
V588Q,0.5849,LPath
V588R,0.6145,LPath
V588S,0.572,LPath
V588T,0.2757,LBen
V588W,0.966,LPath
V588Y,0.8594,LPath
T589A,0.8159,LPath
T589C,0.9655,LPath
T589D,0.9978,LPath
T589E,0.9977,LPath
T589F,0.9984,LPath
T589G,0.9516,LPath
T589H,0.9959,LPath
T589I,0.9983,LPath
T589K,0.9979,LPath
T589L,0.9773,LPath
T589M,0.9586,LPath
T589N,0.9856,LPath
T589P,0.9836,LPath
T589Q,0.9943,LPath
T589R,0.9964,LPath
T589S,0.7444,LPath
T589V,0.9786,LPath
T589W,0.9997,LPath
T589Y,0.9987,LPath
M590A,0.9092,LPath
M590C,0.8515,LPath
M590D,0.9993,LPath
M590E,0.9913,LPath
M590F,0.3306,LBen
M590G,0.9841,LPath
M590H,0.9679,LPath
M590I,0.6624,LPath
M590K,0.9446,LPath
M590L,0.1996,LBen
M590N,0.9908,LPath
M590P,0.9996,LPath
M590Q,0.9337,LPath
M590R,0.9413,LPath
M590S,0.9747,LPath
M590T,0.9385,LPath
M590V,0.168,LBen
M590W,0.8976,LPath
M590Y,0.7722,LPath
T591A,0.1178,LBen
T591C,0.2273,LBen
T591D,0.7307,LPath
T591E,0.4061,Amb
T591F,0.2775,LBen
T591G,0.444,Amb
T591H,0.2274,LBen
T591I,0.0938,LBen
T591K,0.1846,LBen
T591L,0.0731,LBen
T591M,0.0668,LBen
T591N,0.1883,LBen
T591P,0.8785,LPath
T591Q,0.1818,LBen
T591R,0.1628,LBen
T591S,0.1684,LBen
T591V,0.0846,LBen
T591W,0.6558,LPath
T591Y,0.2976,LBen
L592A,0.891,LPath
L592C,0.8699,LPath
L592D,0.9997,LPath
L592E,0.997,LPath
L592F,0.5705,LPath
L592G,0.9868,LPath
L592H,0.9922,LPath
L592I,0.3268,LBen
L592K,0.9938,LPath
L592M,0.1988,LBen
L592N,0.9979,LPath
L592P,0.9986,LPath
L592Q,0.9824,LPath
L592R,0.9877,LPath
L592S,0.9906,LPath
L592T,0.9786,LPath
L592V,0.331,LBen
L592W,0.9506,LPath
L592Y,0.9551,LPath
E593A,0.229,LBen
E593C,0.6981,LPath
E593D,0.2616,LBen
E593F,0.7383,LPath
E593G,0.3435,Amb
E593H,0.3083,LBen
E593I,0.3404,Amb
E593K,0.1463,LBen
E593L,0.3874,Amb
E593M,0.4687,Amb
E593N,0.3083,LBen
E593P,0.9578,LPath
E593Q,0.0899,LBen
E593R,0.2049,LBen
E593S,0.2348,LBen
E593T,0.1834,LBen
E593V,0.1977,LBen
E593W,0.8703,LPath
E593Y,0.5795,LPath
S594A,0.1134,LBen
S594C,0.0756,LBen
S594D,0.886,LPath
S594E,0.9272,LPath
S594F,0.7222,LPath
S594G,0.159,LBen
S594H,0.7377,LPath
S594I,0.5245,Amb
S594K,0.9214,LPath
S594L,0.3852,Amb
S594M,0.4777,Amb
S594N,0.4276,Amb
S594P,0.8377,LPath
S594Q,0.8423,LPath
S594R,0.891,LPath
S594T,0.1613,LBen
S594V,0.415,Amb
S594W,0.8176,LPath
S594Y,0.5884,LPath
L595A,0.068,LBen
L595C,0.2989,LBen
L595D,0.298,LBen
L595E,0.1422,LBen
L595F,0.1245,LBen
L595G,0.1965,LBen
L595H,0.1093,LBen
L595I,0.0902,LBen
L595K,0.0813,LBen
L595M,0.0807,LBen
L595N,0.152,LBen
L595P,0.0674,LBen
L595Q,0.0628,LBen
L595R,0.0723,LBen
L595S,0.0738,LBen
L595T,0.0648,LBen
L595V,0.0731,LBen
L595W,0.1978,LBen
L595Y,0.2394,LBen
E596A,0.207,LBen
E596C,0.7038,LPath
E596D,0.1435,LBen
E596F,0.732,LPath
E596G,0.1881,LBen
E596H,0.3179,LBen
E596I,0.4122,Amb
E596K,0.1321,LBen
E596L,0.4185,Amb
E596M,0.5034,Amb
E596N,0.2493,LBen
E596P,0.7756,LPath
E596Q,0.1071,LBen
E596R,0.1821,LBen
E596S,0.2034,LBen
E596T,0.2111,LBen
E596V,0.2379,LBen
E596W,0.8102,LPath
E596Y,0.5561,Amb
E597A,0.1654,LBen
E597C,0.7956,LPath
E597D,0.1956,LBen
E597F,0.8467,LPath
E597G,0.21,LBen
E597H,0.5583,Amb
E597I,0.4173,Amb
E597K,0.1622,LBen
E597L,0.4769,Amb
E597M,0.5044,Amb
E597N,0.2922,LBen
E597P,0.2402,LBen
E597Q,0.1491,LBen
E597R,0.2802,LBen
E597S,0.262,LBen
E597T,0.2533,LBen
E597V,0.2272,LBen
E597W,0.9405,LPath
E597Y,0.7119,LPath
I598A,0.8643,LPath
I598C,0.8642,LPath
I598D,0.9802,LPath
I598E,0.9514,LPath
I598F,0.256,LBen
I598G,0.9499,LPath
I598H,0.9111,LPath
I598K,0.8825,LPath
I598L,0.1412,LBen
I598M,0.1137,LBen
I598N,0.8018,LPath
I598P,0.9338,LPath
I598Q,0.8679,LPath
I598R,0.836,LPath
I598S,0.8616,LPath
I598T,0.8357,LPath
I598V,0.1868,LBen
I598W,0.8923,LPath
I598Y,0.7754,LPath
Q599A,0.2062,LBen
Q599C,0.621,LPath
Q599D,0.2971,LBen
Q599E,0.0931,LBen
Q599F,0.7406,LPath
Q599G,0.199,LBen
Q599H,0.1755,LBen
Q599I,0.544,Amb
Q599K,0.0927,LBen
Q599L,0.2673,LBen
Q599M,0.4847,Amb
Q599N,0.2171,LBen
Q599P,0.0976,LBen
Q599R,0.0894,LBen
Q599S,0.1595,LBen
Q599T,0.172,LBen
Q599V,0.3622,Amb
Q599W,0.5539,Amb
Q599Y,0.5009,Amb
D600A,0.5422,Amb
D600C,0.8207,LPath
D600E,0.4149,Amb
D600F,0.8719,LPath
D600G,0.3044,LBen
D600H,0.5333,Amb
D600I,0.862,LPath
D600K,0.8255,LPath
D600L,0.8321,LPath
D600M,0.8848,LPath
D600N,0.1796,LBen
D600P,0.9367,LPath
D600Q,0.6974,LPath
D600R,0.8115,LPath
D600S,0.2501,LBen
D600T,0.4408,Amb
D600V,0.6746,LPath
D600W,0.9594,LPath
D600Y,0.52,Amb
V601A,0.3123,LBen
V601C,0.7213,LPath
V601D,0.7923,LPath
V601E,0.6724,LPath
V601F,0.3084,LBen
V601G,0.4606,Amb
V601H,0.7985,LPath
V601I,0.0799,LBen
V601K,0.6006,LPath
V601L,0.2513,LBen
V601M,0.1846,LBen
V601N,0.5761,LPath
V601P,0.4856,Amb
V601Q,0.5736,LPath
V601R,0.5565,Amb
V601S,0.4129,Amb
V601T,0.2984,LBen
V601W,0.8603,LPath
V601Y,0.6921,LPath
S602A,0.1717,LBen
S602C,0.2649,LBen
S602D,0.8113,LPath
S602E,0.841,LPath
S602F,0.5855,LPath
S602G,0.1095,LBen
S602H,0.5427,Amb
S602I,0.599,LPath
S602K,0.8834,LPath
S602L,0.4275,Amb
S602M,0.4788,Amb
S602N,0.293,LBen
S602P,0.4587,Amb
S602Q,0.6321,LPath
S602R,0.814,LPath
S602T,0.1606,LBen
S602V,0.5314,Amb
S602W,0.647,LPath
S602Y,0.47,Amb
C603A,0.197,LBen
C603D,0.4175,Amb
C603E,0.5254,Amb
C603F,0.0801,LBen
C603G,0.1184,LBen
C603H,0.2151,LBen
C603I,0.2775,LBen
C603K,0.4808,Amb
C603L,0.2675,LBen
C603M,0.3477,Amb
C603N,0.2565,LBen
C603P,0.867,LPath
C603Q,0.315,LBen
C603R,0.1996,LBen
C603S,0.1401,LBen
C603T,0.2138,LBen
C603V,0.2054,LBen
C603W,0.1815,LBen
C603Y,0.0875,LBen
A604C,0.5073,Amb
A604D,0.9923,LPath
A604E,0.9817,LPath
A604F,0.6998,LPath
A604G,0.3778,Amb
A604H,0.968,LPath
A604I,0.3954,Amb
A604K,0.9876,LPath
A604L,0.5028,Amb
A604M,0.6791,LPath
A604N,0.972,LPath
A604P,0.6765,LPath
A604Q,0.9464,LPath
A604R,0.9659,LPath
A604S,0.3866,Amb
A604T,0.4305,Amb
A604V,0.1895,LBen
A604W,0.9685,LPath
A604Y,0.911,LPath
W605A,0.9675,LPath
W605C,0.9745,LPath
W605D,0.9976,LPath
W605E,0.9922,LPath
W605F,0.5085,Amb
W605G,0.9258,LPath
W605H,0.9632,LPath
W605I,0.9508,LPath
W605K,0.9821,LPath
W605L,0.862,LPath
W605M,0.9319,LPath
W605N,0.991,LPath
W605P,0.9982,LPath
W605Q,0.9769,LPath
W605R,0.9561,LPath
W605S,0.9507,LPath
W605T,0.9744,LPath
W605V,0.9264,LPath
W605Y,0.6498,LPath
K606A,0.7651,LPath
K606C,0.8947,LPath
K606D,0.8561,LPath
K606E,0.5216,Amb
K606F,0.9657,LPath
K606G,0.6711,LPath
K606H,0.5677,LPath
K606I,0.8619,LPath
K606L,0.8212,LPath
K606M,0.675,LPath
K606N,0.7571,LPath
K606P,0.9802,LPath
K606Q,0.2658,LBen
K606R,0.0774,LBen
K606S,0.792,LPath
K606T,0.6451,LPath
K606V,0.8115,LPath
K606W,0.8807,LPath
K606Y,0.8575,LPath
E607A,0.2396,LBen
E607C,0.8738,LPath
E607D,0.5759,LPath
E607F,0.8424,LPath
E607G,0.4213,Amb
E607H,0.7351,LPath
E607I,0.5187,Amb
E607K,0.583,LPath
E607L,0.5875,LPath
E607M,0.6261,LPath
E607N,0.6361,LPath
E607P,0.9752,LPath
E607Q,0.2786,LBen
E607R,0.6548,LPath
E607S,0.4968,Amb
E607T,0.4537,Amb
E607V,0.3307,LBen
E607W,0.9589,LPath
E607Y,0.7558,LPath
L608A,0.9551,LPath
L608C,0.9503,LPath
L608D,0.9992,LPath
L608E,0.9953,LPath
L608F,0.7932,LPath
L608G,0.992,LPath
L608H,0.995,LPath
L608I,0.2204,LBen
L608K,0.9906,LPath
L608M,0.3474,Amb
L608N,0.9959,LPath
L608P,0.9976,LPath
L608Q,0.9882,LPath
L608R,0.9866,LPath
L608S,0.9958,LPath
L608T,0.9695,LPath
L608V,0.3713,Amb
L608W,0.9758,LPath
L608Y,0.9839,LPath
N609A,0.3583,Amb
N609C,0.2655,LBen
N609D,0.3892,Amb
N609E,0.494,Amb
N609F,0.8412,LPath
N609G,0.225,LBen
N609H,0.113,LBen
N609I,0.6205,LPath
N609K,0.3534,Amb
N609L,0.5251,Amb
N609M,0.571,LPath
N609P,0.9373,LPath
N609Q,0.2185,LBen
N609R,0.328,LBen
N609S,0.0792,LBen
N609T,0.1962,LBen
N609V,0.5232,Amb
N609W,0.8604,LPath
N609Y,0.3123,LBen
R610A,0.551,Amb
R610C,0.3101,LBen
R610D,0.6719,LPath
R610E,0.3907,Amb
R610F,0.791,LPath
R610G,0.3116,LBen
R610H,0.1646,LBen
R610I,0.5396,Amb
R610K,0.1262,LBen
R610L,0.4603,Amb
R610M,0.504,Amb
R610N,0.5862,LPath
R610P,0.9663,LPath
R610Q,0.124,LBen
R610S,0.5545,Amb
R610T,0.4037,Amb
R610V,0.6076,LPath
R610W,0.3813,Amb
R610Y,0.6028,LPath
K611A,0.8054,LPath
K611C,0.739,LPath
K611D,0.9352,LPath
K611E,0.5411,Amb
K611F,0.8753,LPath
K611G,0.8614,LPath
K611H,0.2564,LBen
K611I,0.6011,LPath
K611L,0.6536,LPath
K611M,0.5078,Amb
K611N,0.6715,LPath
K611P,0.9901,LPath
K611Q,0.1815,LBen
K611R,0.1003,LBen
K611S,0.82,LPath
K611T,0.5604,Amb
K611V,0.5788,LPath
K611W,0.8768,LPath
K611Y,0.6919,LPath
L612A,0.8614,LPath
L612C,0.8427,LPath
L612D,0.9958,LPath
L612E,0.9863,LPath
L612F,0.4514,Amb
L612G,0.9569,LPath
L612H,0.9506,LPath
L612I,0.2036,LBen
L612K,0.9664,LPath
L612M,0.3048,LBen
L612N,0.9768,LPath
L612P,0.9873,LPath
L612Q,0.938,LPath
L612R,0.9405,LPath
L612S,0.9682,LPath
L612T,0.8858,LPath
L612V,0.2336,LBen
L612W,0.8737,LPath
L612Y,0.9021,LPath
S613A,0.1842,LBen
S613C,0.2472,LBen
S613D,0.3147,LBen
S613E,0.637,LPath
S613F,0.8158,LPath
S613G,0.076,LBen
S613H,0.4914,Amb
S613I,0.7836,LPath
S613K,0.7798,LPath
S613L,0.5086,Amb
S613M,0.6988,LPath
S613N,0.1843,LBen
S613P,0.0892,LBen
S613Q,0.598,LPath
S613R,0.7779,LPath
S613T,0.1567,LBen
S613V,0.6891,LPath
S613W,0.825,LPath
S613Y,0.6854,LPath
S614A,0.0782,LBen
S614C,0.1369,LBen
S614D,0.2695,LBen
S614E,0.3154,LBen
S614F,0.3497,Amb
S614G,0.0699,LBen
S614H,0.2636,LBen
S614I,0.2,LBen
S614K,0.4643,Amb
S614L,0.1592,LBen
S614M,0.2304,LBen
S614N,0.098,LBen
S614P,0.0828,LBen
S614Q,0.2826,LBen
S614R,0.4383,Amb
S614T,0.0843,LBen
S614V,0.1748,LBen
S614W,0.4552,Amb
S614Y,0.2889,LBen
N615A,0.1096,LBen
N615C,0.24,LBen
N615D,0.0719,LBen
N615E,0.1498,LBen
N615F,0.4627,Amb
N615G,0.1549,LBen
N615H,0.0904,LBen
N615I,0.1957,LBen
N615K,0.1711,LBen
N615L,0.1932,LBen
N615M,0.2808,LBen
N615P,0.2781,LBen
N615Q,0.1739,LBen
N615R,0.2111,LBen
N615S,0.0599,LBen
N615T,0.0808,LBen
N615V,0.158,LBen
N615W,0.6897,LPath
N615Y,0.1997,LBen
A616C,0.3442,Amb
A616D,0.4055,Amb
A616E,0.4071,Amb
A616F,0.4225,Amb
A616G,0.2544,LBen
A616H,0.4852,Amb
A616I,0.2121,LBen
A616K,0.6102,LPath
A616L,0.2301,LBen
A616M,0.2463,LBen
A616N,0.3648,Amb
A616P,0.692,LPath
A616Q,0.4242,Amb
A616R,0.5282,Amb
A616S,0.1127,LBen
A616T,0.0839,LBen
A616V,0.1172,LBen
A616W,0.763,LPath
A616Y,0.5153,Amb
V617A,0.2418,LBen
V617C,0.7577,LPath
V617D,0.8383,LPath
V617E,0.7039,LPath
V617F,0.4759,Amb
V617G,0.4478,Amb
V617H,0.8703,LPath
V617I,0.1151,LBen
V617K,0.6523,LPath
V617L,0.3395,LBen
V617M,0.3076,LBen
V617N,0.6583,LPath
V617P,0.8561,LPath
V617Q,0.5797,LPath
V617R,0.5926,LPath
V617S,0.3905,Amb
V617T,0.3085,LBen
V617W,0.9582,LPath
V617Y,0.8449,LPath
S618A,0.0956,LBen
S618C,0.1501,LBen
S618D,0.3305,LBen
S618E,0.3852,Amb
S618F,0.3874,Amb
S618G,0.0842,LBen
S618H,0.3262,LBen
S618I,0.3863,Amb
S618K,0.5666,LPath
S618L,0.1843,LBen
S618M,0.2818,LBen
S618N,0.1174,LBen
S618P,0.4102,Amb
S618Q,0.3368,LBen
S618R,0.4998,Amb
S618T,0.1189,LBen
S618V,0.3334,LBen
S618W,0.5403,Amb
S618Y,0.3128,LBen
Q619A,0.2667,LBen
Q619C,0.5911,LPath
Q619D,0.4504,Amb
Q619E,0.1106,LBen
Q619F,0.8213,LPath
Q619G,0.2922,LBen
Q619H,0.2299,LBen
Q619I,0.6043,LPath
Q619K,0.0971,LBen
Q619L,0.2508,LBen
Q619M,0.4654,Amb
Q619N,0.2813,LBen
Q619P,0.7261,LPath
Q619R,0.1211,LBen
Q619S,0.2561,LBen
Q619T,0.2602,LBen
Q619V,0.4236,Amb
Q619W,0.7669,LPath
Q619Y,0.6136,LPath
I620A,0.9365,LPath
I620C,0.9244,LPath
I620D,0.9979,LPath
I620E,0.9949,LPath
I620F,0.6897,LPath
I620G,0.9893,LPath
I620H,0.994,LPath
I620K,0.9902,LPath
I620L,0.4997,Amb
I620M,0.4001,Amb
I620N,0.9721,LPath
I620P,0.9919,LPath
I620Q,0.9909,LPath
I620R,0.9863,LPath
I620S,0.9715,LPath
I620T,0.9433,LPath
I620V,0.1153,LBen
I620W,0.9916,LPath
I620Y,0.9722,LPath
T621A,0.1347,LBen
T621C,0.3701,Amb
T621D,0.5236,Amb
T621E,0.3794,Amb
T621F,0.4124,Amb
T621G,0.2352,LBen
T621H,0.1633,LBen
T621I,0.3556,Amb
T621K,0.1549,LBen
T621L,0.2182,LBen
T621M,0.175,LBen
T621N,0.1118,LBen
T621P,0.5487,Amb
T621Q,0.1469,LBen
T621R,0.1393,LBen
T621S,0.089,LBen
T621V,0.2458,LBen
T621W,0.6637,LPath
T621Y,0.3248,LBen
R622A,0.8145,LPath
R622C,0.6265,LPath
R622D,0.887,LPath
R622E,0.8043,LPath
R622F,0.957,LPath
R622G,0.421,Amb
R622H,0.2842,LBen
R622I,0.9512,LPath
R622K,0.2521,LBen
R622L,0.8993,LPath
R622M,0.9136,LPath
R622N,0.8037,LPath
R622P,0.9823,LPath
R622Q,0.288,LBen
R622S,0.7657,LPath
R622T,0.8436,LPath
R622V,0.9379,LPath
R622W,0.7405,LPath
R622Y,0.8399,LPath
M623A,0.9635,LPath
M623C,0.9309,LPath
M623D,0.9981,LPath
M623E,0.9922,LPath
M623F,0.6414,LPath
M623G,0.9837,LPath
M623H,0.985,LPath
M623I,0.8301,LPath
M623K,0.944,LPath
M623L,0.3203,LBen
M623N,0.9836,LPath
M623P,0.9909,LPath
M623Q,0.9418,LPath
M623R,0.9541,LPath
M623S,0.9805,LPath
M623T,0.961,LPath
M623V,0.39,Amb
M623W,0.9674,LPath
M623Y,0.9517,LPath
C624A,0.5292,Amb
C624D,0.8967,LPath
C624E,0.8694,LPath
C624F,0.3266,LBen
C624G,0.3751,Amb
C624H,0.5272,Amb
C624I,0.5426,Amb
C624K,0.8021,LPath
C624L,0.5809,LPath
C624M,0.6427,LPath
C624N,0.6328,LPath
C624P,0.9972,LPath
C624Q,0.5299,Amb
C624R,0.4351,Amb
C624S,0.3833,Amb
C624T,0.388,Amb
C624V,0.3598,Amb
C624W,0.7004,LPath
C624Y,0.4297,Amb
L625A,0.6672,LPath
L625C,0.6967,LPath
L625D,0.9683,LPath
L625E,0.8416,LPath
L625F,0.1613,LBen
L625G,0.8907,LPath
L625H,0.467,Amb
L625I,0.1712,LBen
L625K,0.3688,Amb
L625M,0.1707,LBen
L625N,0.8124,LPath
L625P,0.5106,Amb
L625Q,0.3596,Amb
L625R,0.2955,LBen
L625S,0.79,LPath
L625T,0.6377,LPath
L625V,0.1725,LBen
L625W,0.4505,Amb
L625Y,0.5061,Amb
L626A,0.9308,LPath
L626C,0.859,LPath
L626D,0.9969,LPath
L626E,0.9687,LPath
L626F,0.6955,LPath
L626G,0.979,LPath
L626H,0.9043,LPath
L626I,0.2746,LBen
L626K,0.8409,LPath
L626M,0.26,LBen
L626N,0.968,LPath
L626P,0.99,LPath
L626Q,0.7532,LPath
L626R,0.81,LPath
L626S,0.9618,LPath
L626T,0.8038,LPath
L626V,0.3359,LBen
L626W,0.9042,LPath
L626Y,0.9295,LPath
K627A,0.6564,LPath
K627C,0.9069,LPath
K627D,0.8809,LPath
K627E,0.4045,Amb
K627F,0.9797,LPath
K627G,0.8262,LPath
K627H,0.6038,LPath
K627I,0.8816,LPath
K627L,0.823,LPath
K627M,0.7461,LPath
K627N,0.8046,LPath
K627P,0.9532,LPath
K627Q,0.244,LBen
K627R,0.1059,LBen
K627S,0.7424,LPath
K627T,0.6356,LPath
K627V,0.8154,LPath
K627W,0.9656,LPath
K627Y,0.9289,LPath
G628A,0.5654,LPath
G628C,0.6649,LPath
G628D,0.2093,LBen
G628E,0.4739,Amb
G628F,0.9654,LPath
G628H,0.7867,LPath
G628I,0.9465,LPath
G628K,0.822,LPath
G628L,0.9418,LPath
G628M,0.9429,LPath
G628N,0.3443,Amb
G628P,0.986,LPath
G628Q,0.736,LPath
G628R,0.7597,LPath
G628S,0.2342,LBen
G628T,0.6089,LPath
G628V,0.8642,LPath
G628W,0.8925,LPath
G628Y,0.8725,LPath
N629A,0.3413,Amb
N629C,0.2331,LBen
N629D,0.1902,LBen
N629E,0.3219,LBen
N629F,0.7074,LPath
N629G,0.2041,LBen
N629H,0.0857,LBen
N629I,0.6109,LPath
N629K,0.1108,LBen
N629L,0.4937,Amb
N629M,0.5183,Amb
N629P,0.7743,LPath
N629Q,0.1818,LBen
N629R,0.1198,LBen
N629S,0.1001,LBen
N629T,0.2656,LBen
N629V,0.5387,Amb
N629W,0.7913,LPath
N629Y,0.2279,LBen
M630A,0.2728,LBen
M630C,0.5193,Amb
M630D,0.7254,LPath
M630E,0.3385,LBen
M630F,0.3528,Amb
M630G,0.4383,Amb
M630H,0.2812,LBen
M630I,0.3905,Amb
M630K,0.0539,LBen
M630L,0.1342,LBen
M630N,0.3418,Amb
M630P,0.9255,LPath
M630Q,0.1274,LBen
M630R,0.0632,LBen
M630S,0.2893,LBen
M630T,0.0952,LBen
M630V,0.0904,LBen
M630W,0.5844,LPath
M630Y,0.4976,Amb
G631A,0.7431,LPath
G631C,0.9802,LPath
G631D,0.9934,LPath
G631E,0.9936,LPath
G631F,0.998,LPath
G631H,0.9982,LPath
G631I,0.9966,LPath
G631K,0.9966,LPath
G631L,0.9957,LPath
G631M,0.996,LPath
G631N,0.9962,LPath
G631P,0.9997,LPath
G631Q,0.9943,LPath
G631R,0.9929,LPath
G631S,0.9133,LPath
G631T,0.9826,LPath
G631V,0.9882,LPath
G631W,0.9973,LPath
G631Y,0.9964,LPath
V632A,0.6579,LPath
V632C,0.8555,LPath
V632D,0.9978,LPath
V632E,0.9956,LPath
V632F,0.7834,LPath
V632G,0.8449,LPath
V632H,0.9974,LPath
V632I,0.1904,LBen
V632K,0.9964,LPath
V632L,0.8069,LPath
V632M,0.8512,LPath
V632N,0.9919,LPath
V632P,0.9981,LPath
V632Q,0.9935,LPath
V632R,0.9857,LPath
V632S,0.9353,LPath
V632T,0.9201,LPath
V632W,0.9963,LPath
V632Y,0.9741,LPath
C633A,0.8609,LPath
C633D,0.9997,LPath
C633E,0.9998,LPath
C633F,0.8939,LPath
C633G,0.9184,LPath
C633H,0.998,LPath
C633I,0.8348,LPath
C633K,0.9999,LPath
C633L,0.8846,LPath
C633M,0.9672,LPath
C633N,0.9983,LPath
C633P,0.9997,LPath
C633Q,0.9991,LPath
C633R,0.9977,LPath
C633S,0.9532,LPath
C633T,0.9595,LPath
C633V,0.6491,LPath
C633W,0.9925,LPath
C633Y,0.9746,LPath
F634A,0.996,LPath
F634C,0.9765,LPath
F634D,0.9999,LPath
F634E,0.9999,LPath
F634G,0.9981,LPath
F634H,0.999,LPath
F634I,0.9597,LPath
F634K,0.9999,LPath
F634L,0.9964,LPath
F634M,0.981,LPath
F634N,0.9997,LPath
F634P,1.0,LPath
F634Q,0.9997,LPath
F634R,0.9991,LPath
F634S,0.9985,LPath
F634T,0.9986,LPath
F634V,0.9369,LPath
F634W,0.969,LPath
F634Y,0.9462,LPath
D635A,0.9943,LPath
D635C,0.9985,LPath
D635E,0.979,LPath
D635F,0.9992,LPath
D635G,0.9949,LPath
D635H,0.9975,LPath
D635I,0.9982,LPath
D635K,0.9991,LPath
D635L,0.9963,LPath
D635M,0.9996,LPath
D635N,0.9868,LPath
D635P,0.9994,LPath
D635Q,0.9987,LPath
D635R,0.9982,LPath
D635S,0.9883,LPath
D635T,0.9973,LPath
D635V,0.9937,LPath
D635W,0.9997,LPath
D635Y,0.9949,LPath
V636A,0.8521,LPath
V636C,0.9151,LPath
V636D,0.9988,LPath
V636E,0.9959,LPath
V636F,0.7433,LPath
V636G,0.9432,LPath
V636H,0.9976,LPath
V636I,0.0896,LBen
V636K,0.9954,LPath
V636L,0.5,Amb
V636M,0.6406,LPath
V636N,0.9953,LPath
V636P,0.9984,LPath
V636Q,0.9931,LPath
V636R,0.9902,LPath
V636S,0.9694,LPath
V636T,0.9096,LPath
V636W,0.9949,LPath
V636Y,0.9801,LPath
P637A,0.2646,LBen
P637C,0.8228,LPath
P637D,0.8211,LPath
P637E,0.6968,LPath
P637F,0.9512,LPath
P637G,0.738,LPath
P637H,0.6181,LPath
P637I,0.8947,LPath
P637K,0.5982,LPath
P637L,0.4782,Amb
P637M,0.823,LPath
P637N,0.7423,LPath
P637Q,0.4945,Amb
P637R,0.4808,Amb
P637S,0.4284,Amb
P637T,0.5618,Amb
P637V,0.7581,LPath
P637W,0.9693,LPath
P637Y,0.9277,LPath
T638A,0.0599,LBen
T638C,0.3598,Amb
T638D,0.569,LPath
T638E,0.3448,Amb
T638F,0.377,Amb
T638G,0.2533,LBen
T638H,0.3873,Amb
T638I,0.1771,LBen
T638K,0.2873,LBen
T638L,0.1184,LBen
T638M,0.107,LBen
T638N,0.2136,LBen
T638P,0.3672,Amb
T638Q,0.2551,LBen
T638R,0.2624,LBen
T638S,0.1142,LBen
T638V,0.0995,LBen
T638W,0.7691,LPath
T638Y,0.4418,Amb
T639A,0.0589,LBen
T639C,0.2474,LBen
T639D,0.1859,LBen
T639E,0.142,LBen
T639F,0.2227,LBen
T639G,0.1195,LBen
T639H,0.1615,LBen
T639I,0.1431,LBen
T639K,0.1311,LBen
T639L,0.0926,LBen
T639M,0.0925,LBen
T639N,0.0938,LBen
T639P,0.1724,LBen
T639Q,0.1403,LBen
T639R,0.1292,LBen
T639S,0.0713,LBen
T639V,0.1067,LBen
T639W,0.4604,Amb
T639Y,0.262,LBen
E640A,0.1841,LBen
E640C,0.7631,LPath
E640D,0.21,LBen
E640F,0.7186,LPath
E640G,0.3909,Amb
E640H,0.5152,Amb
E640I,0.3777,Amb
E640K,0.3801,Amb
E640L,0.4369,Amb
E640M,0.5107,Amb
E640N,0.4128,Amb
E640P,0.9403,LPath
E640Q,0.2314,LBen
E640R,0.5694,LPath
E640S,0.2942,LBen
E640T,0.3483,Amb
E640V,0.2224,LBen
E640W,0.8967,LPath
E640Y,0.606,LPath
S641A,0.0529,LBen
S641C,0.0669,LBen
S641D,0.6811,LPath
S641E,0.4872,Amb
S641F,0.2917,LBen
S641G,0.1175,LBen
S641H,0.3529,Amb
S641I,0.1102,LBen
S641K,0.4696,Amb
S641L,0.0884,LBen
S641M,0.1386,LBen
S641N,0.2255,LBen
S641P,0.7601,LPath
S641Q,0.3705,Amb
S641R,0.4371,Amb
S641T,0.0709,LBen
S641V,0.0887,LBen
S641W,0.3889,Amb
S641Y,0.1994,LBen
E642A,0.1307,LBen
E642C,0.7303,LPath
E642D,0.1259,LBen
E642F,0.7562,LPath
E642G,0.1393,LBen
E642H,0.3669,Amb
E642I,0.3487,Amb
E642K,0.1261,LBen
E642L,0.3297,LBen
E642M,0.4623,Amb
E642N,0.2476,LBen
E642P,0.4395,Amb
E642Q,0.1157,LBen
E642R,0.2127,LBen
E642S,0.1702,LBen
E642T,0.2082,LBen
E642V,0.2113,LBen
E642W,0.8711,LPath
E642Y,0.611,LPath
R643A,0.2648,LBen
R643C,0.1973,LBen
R643D,0.4878,Amb
R643E,0.2695,LBen
R643F,0.4373,Amb
R643G,0.2148,LBen
R643H,0.1058,LBen
R643I,0.1829,LBen
R643K,0.0803,LBen
R643L,0.1723,LBen
R643M,0.2099,LBen
R643N,0.3519,Amb
R643P,0.7693,LPath
R643Q,0.0956,LBen
R643S,0.3281,LBen
R643T,0.1715,LBen
R643V,0.2445,LBen
R643W,0.2318,LBen
R643Y,0.3479,Amb
L644A,0.923,LPath
L644C,0.9073,LPath
L644D,0.9962,LPath
L644E,0.9774,LPath
L644F,0.3036,LBen
L644G,0.9869,LPath
L644H,0.9452,LPath
L644I,0.1265,LBen
L644K,0.9613,LPath
L644M,0.2052,LBen
L644N,0.9827,LPath
L644P,0.9896,LPath
L644Q,0.9246,LPath
L644R,0.9463,LPath
L644S,0.9791,LPath
L644T,0.9405,LPath
L644V,0.24,LBen
L644W,0.6864,LPath
L644Y,0.8127,LPath
Q645A,0.315,LBen
Q645C,0.7033,LPath
Q645D,0.7551,LPath
Q645E,0.1194,LBen
Q645F,0.8255,LPath
Q645G,0.4923,Amb
Q645H,0.4041,Amb
Q645I,0.4336,Amb
Q645K,0.087,LBen
Q645L,0.1627,LBen
Q645M,0.4051,Amb
Q645N,0.5598,Amb
Q645P,0.8028,LPath
Q645R,0.1124,LBen
Q645S,0.4931,Amb
Q645T,0.3167,LBen
Q645V,0.3117,LBen
Q645W,0.7956,LPath
Q645Y,0.7031,LPath
A646C,0.4308,Amb
A646D,0.1619,LBen
A646E,0.1089,LBen
A646F,0.4402,Amb
A646G,0.1197,LBen
A646H,0.3269,LBen
A646I,0.2972,LBen
A646K,0.1953,LBen
A646L,0.1728,LBen
A646M,0.1926,LBen
A646N,0.153,LBen
A646P,0.8584,LPath
A646Q,0.1515,LBen
A646R,0.1887,LBen
A646S,0.0816,LBen
A646T,0.0871,LBen
A646V,0.1512,LBen
A646W,0.6701,LPath
A646Y,0.457,Amb
E647A,0.1792,LBen
E647C,0.8387,LPath
E647D,0.176,LBen
E647F,0.8489,LPath
E647G,0.2426,LBen
E647H,0.5912,LPath
E647I,0.5154,Amb
E647K,0.2878,LBen
E647L,0.449,Amb
E647M,0.5211,Amb
E647N,0.3146,LBen
E647P,0.9611,LPath
E647Q,0.1698,LBen
E647R,0.4364,Amb
E647S,0.2631,LBen
E647T,0.2911,LBen
E647V,0.3502,Amb
E647W,0.9534,LPath
E647Y,0.7713,LPath
W648A,0.9901,LPath
W648C,0.9951,LPath
W648D,0.998,LPath
W648E,0.9978,LPath
W648F,0.6598,LPath
W648G,0.9458,LPath
W648H,0.9959,LPath
W648I,0.9736,LPath
W648K,0.999,LPath
W648L,0.9636,LPath
W648M,0.9844,LPath
W648N,0.9974,LPath
W648P,0.9992,LPath
W648Q,0.9989,LPath
W648R,0.9986,LPath
W648S,0.9911,LPath
W648T,0.9938,LPath
W648V,0.982,LPath
W648Y,0.8867,LPath
H649A,0.2023,LBen
H649C,0.1456,LBen
H649D,0.1554,LBen
H649E,0.1379,LBen
H649F,0.3497,Amb
H649G,0.2277,LBen
H649I,0.2336,LBen
H649K,0.1004,LBen
H649L,0.133,LBen
H649M,0.337,LBen
H649N,0.0789,LBen
H649P,0.4174,Amb
H649Q,0.0846,LBen
H649R,0.0693,LBen
H649S,0.1554,LBen
H649T,0.1372,LBen
H649V,0.1749,LBen
H649W,0.4307,Amb
H649Y,0.1471,LBen
D650A,0.5834,LPath
D650C,0.8681,LPath
D650E,0.7069,LPath
D650F,0.9675,LPath
D650G,0.4208,Amb
D650H,0.7286,LPath
D650I,0.9397,LPath
D650K,0.883,LPath
D650L,0.8972,LPath
D650M,0.9753,LPath
D650N,0.2675,LBen
D650P,0.9098,LPath
D650Q,0.8404,LPath
D650R,0.8522,LPath
D650S,0.3333,LBen
D650T,0.7448,LPath
D650V,0.8275,LPath
D650W,0.9893,LPath
D650Y,0.7878,LPath
S651A,0.1041,LBen
S651C,0.1413,LBen
S651D,0.3409,Amb
S651E,0.4495,Amb
S651F,0.4085,Amb
S651G,0.0957,LBen
S651H,0.3486,Amb
S651I,0.3528,Amb
S651K,0.5106,Amb
S651L,0.1828,LBen
S651M,0.2982,LBen
S651N,0.1536,LBen
S651P,0.195,LBen
S651Q,0.4333,Amb
S651R,0.4465,Amb
S651T,0.0904,LBen
S651V,0.304,LBen
S651W,0.5204,Amb
S651Y,0.3221,LBen
D652A,0.1885,LBen
D652C,0.5075,Amb
D652E,0.1253,LBen
D652F,0.656,LPath
D652G,0.1311,LBen
D652H,0.2073,LBen
D652I,0.4953,Amb
D652K,0.2309,LBen
D652L,0.4219,Amb
D652M,0.65,LPath
D652N,0.0849,LBen
D652P,0.6557,LPath
D652Q,0.2093,LBen
D652R,0.223,LBen
D652S,0.0998,LBen
D652T,0.2363,LBen
D652V,0.3273,LBen
D652W,0.832,LPath
D652Y,0.2959,LBen
W653A,0.946,LPath
W653C,0.9174,LPath
W653D,0.9831,LPath
W653E,0.989,LPath
W653F,0.4019,Amb
W653G,0.7943,LPath
W653H,0.9644,LPath
W653I,0.909,LPath
W653K,0.9927,LPath
W653L,0.7925,LPath
W653M,0.8924,LPath
W653N,0.9747,LPath
W653P,0.9979,LPath
W653Q,0.991,LPath
W653R,0.9858,LPath
W653S,0.9012,LPath
W653T,0.9196,LPath
W653V,0.8684,LPath
W653Y,0.6191,LPath
I654A,0.2724,LBen
I654C,0.4336,Amb
I654D,0.4947,Amb
I654E,0.2908,LBen
I654F,0.1499,LBen
I654G,0.5184,Amb
I654H,0.1966,LBen
I654K,0.1106,LBen
I654L,0.113,LBen
I654M,0.0935,LBen
I654N,0.1379,LBen
I654P,0.8934,LPath
I654Q,0.1506,LBen
I654R,0.1062,LBen
I654S,0.2011,LBen
I654T,0.1547,LBen
I654V,0.0763,LBen
I654W,0.6848,LPath
I654Y,0.3715,Amb
L655A,0.9571,LPath
L655C,0.9355,LPath
L655D,0.9989,LPath
L655E,0.9947,LPath
L655F,0.5302,Amb
L655G,0.9914,LPath
L655H,0.9854,LPath
L655I,0.2725,LBen
L655K,0.9867,LPath
L655M,0.442,Amb
L655N,0.9954,LPath
L655P,0.9872,LPath
L655Q,0.9816,LPath
L655R,0.9751,LPath
L655S,0.9931,LPath
L655T,0.9777,LPath
L655V,0.4021,Amb
L655W,0.9387,LPath
L655Y,0.9568,LPath
S656A,0.0892,LBen
S656C,0.1052,LBen
S656D,0.457,Amb
S656E,0.4321,Amb
S656F,0.3138,LBen
S656G,0.1528,LBen
S656H,0.2498,LBen
S656I,0.3062,LBen
S656K,0.4549,Amb
S656L,0.1649,LBen
S656M,0.2501,LBen
S656N,0.1747,LBen
S656P,0.9666,LPath
S656Q,0.3571,Amb
S656R,0.3871,Amb
S656T,0.0702,LBen
S656V,0.2429,LBen
S656W,0.4752,Amb
S656Y,0.2693,LBen
V657A,0.2831,LBen
V657C,0.7176,LPath
V657D,0.6902,LPath
V657E,0.3887,Amb
V657F,0.2728,LBen
V657G,0.4838,Amb
V657H,0.6877,LPath
V657I,0.0765,LBen
V657K,0.3425,Amb
V657L,0.195,LBen
V657M,0.176,LBen
V657N,0.5258,Amb
V657P,0.643,LPath
V657Q,0.3484,Amb
V657R,0.3603,Amb
V657S,0.4033,Amb
V657T,0.2701,LBen
V657W,0.8964,LPath
V657Y,0.722,LPath
P658A,0.1607,LBen
P658C,0.6933,LPath
P658D,0.985,LPath
P658E,0.9599,LPath
P658F,0.9853,LPath
P658G,0.8396,LPath
P658H,0.9444,LPath
P658I,0.8617,LPath
P658K,0.9797,LPath
P658L,0.662,LPath
P658M,0.9192,LPath
P658N,0.9649,LPath
P658Q,0.9215,LPath
P658R,0.9383,LPath
P658S,0.6581,LPath
P658T,0.5936,LPath
P658V,0.6353,LPath
P658W,0.9966,LPath
P658Y,0.9869,LPath
A659C,0.3599,Amb
A659D,0.1482,LBen
A659E,0.1128,LBen
A659F,0.4298,Amb
A659G,0.1205,LBen
A659H,0.3456,Amb
A659I,0.2276,LBen
A659K,0.2403,LBen
A659L,0.1591,LBen
A659M,0.2169,LBen
A659N,0.1611,LBen
A659P,0.199,LBen
A659Q,0.1739,LBen
A659R,0.2638,LBen
A659S,0.0707,LBen
A659T,0.0684,LBen
A659V,0.1198,LBen
A659W,0.7168,LPath
A659Y,0.4639,Amb
K660A,0.207,LBen
K660C,0.4824,Amb
K660D,0.3579,Amb
K660E,0.0908,LBen
K660F,0.6876,LPath
K660G,0.3862,Amb
K660H,0.2305,LBen
K660I,0.2439,LBen
K660L,0.3343,LBen
K660M,0.2123,LBen
K660N,0.2816,LBen
K660P,0.8442,LPath
K660Q,0.0855,LBen
K660R,0.081,LBen
K660S,0.2384,LBen
K660T,0.094,LBen
K660V,0.1822,LBen
K660W,0.7908,LPath
K660Y,0.5609,Amb
L661A,0.9001,LPath
L661C,0.9633,LPath
L661D,0.9944,LPath
L661E,0.9505,LPath
L661F,0.7826,LPath
L661G,0.9733,LPath
L661H,0.9633,LPath
L661I,0.3896,Amb
L661K,0.9076,LPath
L661M,0.4203,Amb
L661N,0.9673,LPath
L661P,0.9058,LPath
L661Q,0.8494,LPath
L661R,0.8954,LPath
L661S,0.9762,LPath
L661T,0.9199,LPath
L661V,0.5327,Amb
L661W,0.9285,LPath
L661Y,0.9298,LPath
P662A,0.8973,LPath
P662C,0.9903,LPath
P662D,0.9934,LPath
P662E,0.9838,LPath
P662F,0.9979,LPath
P662G,0.9751,LPath
P662H,0.9859,LPath
P662I,0.9832,LPath
P662K,0.9861,LPath
P662L,0.9298,LPath
P662M,0.9899,LPath
P662N,0.9944,LPath
P662Q,0.9809,LPath
P662R,0.9725,LPath
P662S,0.9746,LPath
P662T,0.9627,LPath
P662V,0.9518,LPath
P662W,0.9977,LPath
P662Y,0.9974,LPath
E663A,0.2205,LBen
E663C,0.8953,LPath
E663D,0.1165,LBen
E663F,0.8995,LPath
E663G,0.3605,Amb
E663H,0.7325,LPath
E663I,0.5536,Amb
E663K,0.3946,Amb
E663L,0.5337,Amb
E663M,0.6673,LPath
E663N,0.4049,Amb
E663P,0.4099,Amb
E663Q,0.2722,LBen
E663R,0.5473,Amb
E663S,0.3407,Amb
E663T,0.4129,Amb
E663V,0.317,LBen
E663W,0.9686,LPath
E663Y,0.8191,LPath
I664A,0.5342,Amb
I664C,0.8612,LPath
I664D,0.9353,LPath
I664E,0.8035,LPath
I664F,0.2941,LBen
I664G,0.8594,LPath
I664H,0.8833,LPath
I664K,0.696,LPath
I664L,0.0793,LBen
I664M,0.0789,LBen
I664N,0.7158,LPath
I664P,0.8075,LPath
I664Q,0.7195,LPath
I664R,0.6348,LPath
I664S,0.7186,LPath
I664T,0.3327,LBen
I664V,0.1237,LBen
I664W,0.8188,LPath
I664Y,0.7417,LPath
E665A,0.2342,LBen
E665C,0.8585,LPath
E665D,0.4224,Amb
E665F,0.8884,LPath
E665G,0.3665,Amb
E665H,0.7231,LPath
E665I,0.458,Amb
E665K,0.275,LBen
E665L,0.4562,Amb
E665M,0.5455,Amb
E665N,0.5785,LPath
E665P,0.8655,LPath
E665Q,0.1692,LBen
E665R,0.3925,Amb
E665S,0.3705,Amb
E665T,0.346,Amb
E665V,0.2622,LBen
E665W,0.954,LPath
E665Y,0.8378,LPath
E666A,0.2794,LBen
E666C,0.8615,LPath
E666D,0.093,LBen
E666F,0.8612,LPath
E666G,0.2203,LBen
E666H,0.6799,LPath
E666I,0.5901,LPath
E666K,0.477,Amb
E666L,0.6156,LPath
E666M,0.6918,LPath
E666N,0.3164,LBen
E666P,0.5808,LPath
E666Q,0.2882,LBen
E666R,0.5547,Amb
E666S,0.2928,LBen
E666T,0.3741,Amb
E666V,0.3952,Amb
E666W,0.9331,LPath
E666Y,0.7323,LPath
Y667A,0.2476,LBen
Y667C,0.1266,LBen
Y667D,0.1771,LBen
Y667E,0.3832,Amb
Y667F,0.0948,LBen
Y667G,0.1765,LBen
Y667H,0.2033,LBen
Y667I,0.2714,LBen
Y667K,0.4424,Amb
Y667L,0.33,LBen
Y667M,0.3865,Amb
Y667N,0.0941,LBen
Y667P,0.4105,Amb
Y667Q,0.3189,LBen
Y667R,0.325,LBen
Y667S,0.1086,LBen
Y667T,0.201,LBen
Y667V,0.1997,LBen
Y667W,0.3407,Amb
Y668A,0.1733,LBen
Y668C,0.0787,LBen
Y668D,0.1337,LBen
Y668E,0.2556,LBen
Y668F,0.0826,LBen
Y668G,0.1232,LBen
Y668H,0.1195,LBen
Y668I,0.2483,LBen
Y668K,0.2856,LBen
Y668L,0.2393,LBen
Y668M,0.3364,LBen
Y668N,0.0808,LBen
Y668P,0.2728,LBen
Y668Q,0.1734,LBen
Y668R,0.1598,LBen
Y668S,0.0693,LBen
Y668T,0.1453,LBen
Y668V,0.1699,LBen
Y668W,0.2132,LBen
D669A,0.247,LBen
D669C,0.5732,LPath
D669E,0.1202,LBen
D669F,0.5841,LPath
D669G,0.1779,LBen
D669H,0.3272,LBen
D669I,0.4698,Amb
D669K,0.4748,Amb
D669L,0.4406,Amb
D669M,0.6506,LPath
D669N,0.1555,LBen
D669P,0.5204,Amb
D669Q,0.3054,LBen
D669R,0.3936,Amb
D669S,0.1505,LBen
D669T,0.2852,LBen
D669V,0.319,LBen
D669W,0.788,LPath
D669Y,0.273,LBen
G670A,0.1297,LBen
G670C,0.1616,LBen
G670D,0.2615,LBen
G670E,0.2299,LBen
G670F,0.431,Amb
G670H,0.3244,LBen
G670I,0.2281,LBen
G670K,0.4381,Amb
G670L,0.3425,Amb
G670M,0.3612,Amb
G670N,0.1945,LBen
G670P,0.4985,Amb
G670Q,0.2616,LBen
G670R,0.2751,LBen
G670S,0.0872,LBen
G670T,0.123,LBen
G670V,0.1509,LBen
G670W,0.3052,LBen
G670Y,0.289,LBen
N671A,0.1488,LBen
N671C,0.1976,LBen
N671D,0.1599,LBen
N671E,0.2932,LBen
N671F,0.3247,LBen
N671G,0.1474,LBen
N671H,0.1162,LBen
N671I,0.1717,LBen
N671K,0.2818,LBen
N671L,0.2013,LBen
N671M,0.2699,LBen
N671P,0.2479,LBen
N671Q,0.2106,LBen
N671R,0.2534,LBen
N671S,0.0722,LBen
N671T,0.1059,LBen
N671V,0.1561,LBen
N671W,0.5458,Amb
N671Y,0.126,LBen
T672A,0.0673,LBen
T672C,0.199,LBen
T672D,0.2357,LBen
T672E,0.2346,LBen
T672F,0.1254,LBen
T672G,0.092,LBen
T672H,0.1284,LBen
T672I,0.1102,LBen
T672K,0.1688,LBen
T672L,0.0933,LBen
T672M,0.1073,LBen
T672N,0.0773,LBen
T672P,0.0775,LBen
T672Q,0.1287,LBen
T672R,0.1123,LBen
T672S,0.0671,LBen
T672V,0.0963,LBen
T672W,0.2986,LBen
T672Y,0.1264,LBen
S673A,0.0809,LBen
S673C,0.1131,LBen
S673D,0.3602,Amb
S673E,0.4609,Amb
S673F,0.1529,LBen
S673G,0.0669,LBen
S673H,0.2529,LBen
S673I,0.1587,LBen
S673K,0.5683,LPath
S673L,0.1359,LBen
S673M,0.2064,LBen
S673N,0.101,LBen
S673P,0.1055,LBen
S673Q,0.3132,LBen
S673R,0.445,Amb
S673T,0.0804,LBen
S673V,0.1335,LBen
S673W,0.2632,LBen
S673Y,0.1497,LBen
S674A,0.0904,LBen
S674C,0.1217,LBen
S674D,0.3702,Amb
S674E,0.4421,Amb
S674F,0.1599,LBen
S674G,0.0686,LBen
S674H,0.2864,LBen
S674I,0.1985,LBen
S674K,0.5988,LPath
S674L,0.1499,LBen
S674M,0.224,LBen
S674N,0.1113,LBen
S674P,0.1197,LBen
S674Q,0.3264,LBen
S674R,0.4702,Amb
S674T,0.0872,LBen
S674V,0.1622,LBen
S674W,0.244,LBen
S674Y,0.1598,LBen
N675A,0.1298,LBen
N675C,0.2067,LBen
N675D,0.1797,LBen
N675E,0.3808,Amb
N675F,0.2704,LBen
N675G,0.1151,LBen
N675H,0.1204,LBen
N675I,0.1912,LBen
N675K,0.3883,Amb
N675L,0.1923,LBen
N675M,0.3128,LBen
N675P,0.1785,LBen
N675Q,0.2431,LBen
N675R,0.297,LBen
N675S,0.0586,LBen
N675T,0.1025,LBen
N675V,0.1576,LBen
N675W,0.5003,Amb
N675Y,0.1176,LBen
S676A,0.093,LBen
S676C,0.1323,LBen
S676D,0.4141,Amb
S676E,0.4776,Amb
S676F,0.1714,LBen
S676G,0.0774,LBen
S676H,0.2579,LBen
S676I,0.1933,LBen
S676K,0.631,LPath
S676L,0.16,LBen
S676M,0.2211,LBen
S676N,0.104,LBen
S676P,0.1133,LBen
S676Q,0.296,LBen
S676R,0.5145,Amb
S676T,0.0834,LBen
S676V,0.1638,LBen
S676W,0.2947,LBen
S676Y,0.1628,LBen
R677A,0.3222,LBen
R677C,0.3302,LBen
R677D,0.5023,Amb
R677E,0.3746,Amb
R677F,0.4208,Amb
R677G,0.1239,LBen
R677H,0.1688,LBen
R677I,0.3784,Amb
R677K,0.1384,LBen
R677L,0.3102,LBen
R677M,0.4202,Amb
R677N,0.3958,Amb
R677P,0.27,LBen
R677Q,0.1188,LBen
R677S,0.296,LBen
R677T,0.2674,LBen
R677V,0.368,Amb
R677W,0.239,LBen
R677Y,0.3412,Amb
Q678A,0.1657,LBen
Q678C,0.7161,LPath
Q678D,0.2945,LBen
Q678E,0.1248,LBen
Q678F,0.5411,Amb
Q678G,0.1134,LBen
Q678H,0.2414,LBen
Q678I,0.3938,Amb
Q678K,0.2423,LBen
Q678L,0.2006,LBen
Q678M,0.3949,Amb
Q678N,0.1446,LBen
Q678P,0.0756,LBen
Q678R,0.2058,LBen
Q678S,0.0895,LBen
Q678T,0.1634,LBen
Q678V,0.2682,LBen
Q678W,0.5869,LPath
Q678Y,0.383,Amb
R679A,0.3593,Amb
R679C,0.3781,Amb
R679D,0.517,Amb
R679E,0.3985,Amb
R679F,0.4456,Amb
R679G,0.1429,LBen
R679H,0.1836,LBen
R679I,0.3328,LBen
R679K,0.1343,LBen
R679L,0.3177,LBen
R679M,0.3901,Amb
R679N,0.4145,Amb
R679P,0.2723,LBen
R679Q,0.1351,LBen
R679S,0.3476,Amb
R679T,0.2768,LBen
R679V,0.3604,Amb
R679W,0.2728,LBen
R679Y,0.367,Amb
S680A,0.1116,LBen
S680C,0.1916,LBen
S680D,0.4273,Amb
S680E,0.4851,Amb
S680F,0.2253,LBen
S680G,0.0713,LBen
S680H,0.3459,Amb
S680I,0.3066,LBen
S680K,0.7057,LPath
S680L,0.2257,LBen
S680M,0.2785,LBen
S680N,0.1141,LBen
S680P,0.1347,LBen
S680Q,0.3466,Amb
S680R,0.5948,LPath
S680T,0.103,LBen
S680V,0.2385,LBen
S680W,0.3113,LBen
S680Y,0.2054,LBen
G681A,0.1341,LBen
G681C,0.1585,LBen
G681D,0.3112,LBen
G681E,0.3477,Amb
G681F,0.3555,Amb
G681H,0.372,Amb
G681I,0.2489,LBen
G681K,0.6886,LPath
G681L,0.3503,Amb
G681M,0.4222,Amb
G681N,0.1812,LBen
G681P,0.4399,Amb
G681Q,0.3202,LBen
G681R,0.4363,Amb
G681S,0.0724,LBen
G681T,0.1328,LBen
G681V,0.159,LBen
G681W,0.3356,LBen
G681Y,0.2966,LBen
W682A,0.2655,LBen
W682C,0.5027,Amb
W682D,0.4818,Amb
W682E,0.5203,Amb
W682F,0.1021,LBen
W682G,0.0963,LBen
W682H,0.4625,Amb
W682I,0.3014,LBen
W682K,0.6937,LPath
W682L,0.2589,LBen
W682M,0.3715,Amb
W682N,0.2985,LBen
W682P,0.4743,Amb
W682Q,0.462,Amb
W682R,0.5294,Amb
W682S,0.1326,LBen
W682T,0.2172,LBen
W682V,0.2576,LBen
W682Y,0.2045,LBen
S683A,0.1316,LBen
S683C,0.1841,LBen
S683D,0.4288,Amb
S683E,0.4876,Amb
S683F,0.1906,LBen
S683G,0.0778,LBen
S683H,0.3454,Amb
S683I,0.2652,LBen
S683K,0.7316,LPath
S683L,0.223,LBen
S683M,0.294,LBen
S683N,0.1181,LBen
S683P,0.1631,LBen
S683Q,0.3545,Amb
S683R,0.5932,LPath
S683T,0.1169,LBen
S683V,0.2347,LBen
S683W,0.3172,LBen
S683Y,0.1819,LBen
S684A,0.114,LBen
S684C,0.1694,LBen
S684D,0.3738,Amb
S684E,0.4753,Amb
S684F,0.2253,LBen
S684G,0.0644,LBen
S684H,0.3512,Amb
S684I,0.2659,LBen
S684K,0.6943,LPath
S684L,0.2143,LBen
S684M,0.2859,LBen
S684N,0.1154,LBen
S684P,0.1613,LBen
S684Q,0.3896,Amb
S684R,0.5462,Amb
S684T,0.1047,LBen
S684V,0.2177,LBen
S684W,0.3284,LBen
S684Y,0.2196,LBen
G685A,0.159,LBen
G685C,0.2346,LBen
G685D,0.3263,LBen
G685E,0.3241,LBen
G685F,0.3911,Amb
G685H,0.4456,Amb
G685I,0.3151,LBen
G685K,0.7269,LPath
G685L,0.4141,Amb
G685M,0.4871,Amb
G685N,0.2165,LBen
G685P,0.4908,Amb
G685Q,0.3496,Amb
G685R,0.4773,Amb
G685S,0.0797,LBen
G685T,0.1533,LBen
G685V,0.1959,LBen
G685W,0.3477,Amb
G685Y,0.3303,LBen
R686A,0.3612,Amb
R686C,0.4052,Amb
R686D,0.5614,Amb
R686E,0.4299,Amb
R686F,0.3559,Amb
R686G,0.1389,LBen
R686H,0.1966,LBen
R686I,0.3276,LBen
R686K,0.1686,LBen
R686L,0.3273,LBen
R686M,0.4293,Amb
R686N,0.4189,Amb
R686P,0.3001,LBen
R686Q,0.1346,LBen
R686S,0.3218,LBen
R686T,0.2844,LBen
R686V,0.3721,Amb
R686W,0.2343,LBen
R686Y,0.3345,LBen
S687A,0.1117,LBen
S687C,0.1883,LBen
S687D,0.4375,Amb
S687E,0.4563,Amb
S687F,0.1679,LBen
S687G,0.0735,LBen
S687H,0.3724,Amb
S687I,0.2786,LBen
S687K,0.7353,LPath
S687L,0.2127,LBen
S687M,0.2687,LBen
S687N,0.1312,LBen
S687P,0.1408,LBen
S687Q,0.3541,Amb
S687R,0.602,LPath
S687T,0.1059,LBen
S687V,0.2327,LBen
S687W,0.2447,LBen
S687Y,0.1731,LBen
G688A,0.1692,LBen
G688C,0.2558,LBen
G688D,0.3455,Amb
G688E,0.333,LBen
G688F,0.4021,Amb
G688H,0.4746,Amb
G688I,0.3411,Amb
G688K,0.7596,LPath
G688L,0.4313,Amb
G688M,0.4965,Amb
G688N,0.2333,LBen
G688P,0.5141,Amb
G688Q,0.3691,Amb
G688R,0.5114,Amb
G688S,0.0869,LBen
G688T,0.1719,LBen
G688V,0.2056,LBen
G688W,0.3489,Amb
G688Y,0.3466,Amb
R689A,0.3079,LBen
R689C,0.378,Amb
R689D,0.4544,Amb
R689E,0.3812,Amb
R689F,0.2851,LBen
R689G,0.1158,LBen
R689H,0.1895,LBen
R689I,0.2796,LBen
R689K,0.1661,LBen
R689L,0.2957,LBen
R689M,0.3709,Amb
R689N,0.3382,LBen
R689P,0.2661,LBen
R689Q,0.1374,LBen
R689S,0.2642,LBen
R689T,0.2389,LBen
R689V,0.3131,LBen
R689W,0.2343,LBen
R689Y,0.2837,LBen
S690A,0.1228,LBen
S690C,0.2037,LBen
S690D,0.4329,Amb
S690E,0.4614,Amb
S690F,0.178,LBen
S690G,0.0747,LBen
S690H,0.3705,Amb
S690I,0.2787,LBen
S690K,0.7172,LPath
S690L,0.2227,LBen
S690M,0.288,LBen
S690N,0.1309,LBen
S690P,0.1375,LBen
S690Q,0.3497,Amb
S690R,0.5803,LPath
S690T,0.1087,LBen
S690V,0.2388,LBen
S690W,0.2481,LBen
S690Y,0.1843,LBen
G691A,0.163,LBen
G691C,0.253,LBen
G691D,0.3118,LBen
G691E,0.2898,LBen
G691F,0.3807,Amb
G691H,0.4465,Amb
G691I,0.3226,LBen
G691K,0.7218,LPath
G691L,0.4063,Amb
G691M,0.4818,Amb
G691N,0.2188,LBen
G691P,0.4661,Amb
G691Q,0.3386,LBen
G691R,0.4712,Amb
G691S,0.0835,LBen
G691T,0.1602,LBen
G691V,0.1983,LBen
G691W,0.3352,LBen
G691Y,0.3263,LBen
R692A,0.2965,LBen
R692C,0.3948,Amb
R692D,0.4611,Amb
R692E,0.3829,Amb
R692F,0.2606,LBen
R692G,0.1145,LBen
R692H,0.2016,LBen
R692I,0.2482,LBen
R692K,0.1851,LBen
R692L,0.2703,LBen
R692M,0.3633,Amb
R692N,0.3396,LBen
R692P,0.2623,LBen
R692Q,0.1462,LBen
R692S,0.2533,LBen
R692T,0.231,LBen
R692V,0.2837,LBen
R692W,0.2243,LBen
R692Y,0.2803,LBen
S693A,0.1281,LBen
S693C,0.2408,LBen
S693D,0.475,Amb
S693E,0.5013,Amb
S693F,0.1941,LBen
S693G,0.0829,LBen
S693H,0.4073,Amb
S693I,0.3041,LBen
S693K,0.7647,LPath
S693L,0.2397,LBen
S693M,0.3292,LBen
S693N,0.1486,LBen
S693P,0.1507,LBen
S693Q,0.3769,Amb
S693R,0.6278,LPath
S693T,0.1144,LBen
S693V,0.2567,LBen
S693W,0.2896,LBen
S693Y,0.1949,LBen
G694A,0.1408,LBen
G694C,0.2731,LBen
G694D,0.3017,LBen
G694E,0.3171,LBen
G694F,0.3872,Amb
G694H,0.4355,Amb
G694I,0.3675,Amb
G694K,0.7065,LPath
G694L,0.4347,Amb
G694M,0.4857,Amb
G694N,0.2109,LBen
G694P,0.4653,Amb
G694Q,0.3221,LBen
G694R,0.4452,Amb
G694S,0.0722,LBen
G694T,0.1445,LBen
G694V,0.2249,LBen
G694W,0.3495,Amb
G694Y,0.3427,Amb
G695A,0.1621,LBen
G695C,0.2342,LBen
G695D,0.3089,LBen
G695E,0.2885,LBen
G695F,0.3059,LBen
G695H,0.4345,Amb
G695I,0.2712,LBen
G695K,0.7149,LPath
G695L,0.379,Amb
G695M,0.4147,Amb
G695N,0.1785,LBen
G695P,0.4954,Amb
G695Q,0.3237,LBen
G695R,0.488,Amb
G695S,0.0764,LBen
G695T,0.1512,LBen
G695V,0.1811,LBen
G695W,0.32,LBen
G695Y,0.272,LBen
R696A,0.3095,LBen
R696C,0.4426,Amb
R696D,0.4445,Amb
R696E,0.3691,Amb
R696F,0.2706,LBen
R696G,0.1206,LBen
R696H,0.209,LBen
R696I,0.257,LBen
R696K,0.1849,LBen
R696L,0.2697,LBen
R696M,0.3751,Amb
R696N,0.3282,LBen
R696P,0.2694,LBen
R696Q,0.1454,LBen
R696S,0.246,LBen
R696T,0.2358,LBen
R696V,0.295,LBen
R696W,0.2432,LBen
R696Y,0.2879,LBen
S697A,0.1252,LBen
S697C,0.224,LBen
S697D,0.4599,Amb
S697E,0.4725,Amb
S697F,0.1961,LBen
S697G,0.0792,LBen
S697H,0.399,Amb
S697I,0.3023,LBen
S697K,0.7605,LPath
S697L,0.2527,LBen
S697M,0.3405,Amb
S697N,0.1468,LBen
S697P,0.1593,LBen
S697Q,0.3508,Amb
S697R,0.6025,LPath
S697T,0.1134,LBen
S697V,0.2512,LBen
S697W,0.2898,LBen
S697Y,0.189,LBen
G698A,0.1501,LBen
G698C,0.2922,LBen
G698D,0.3523,Amb
G698E,0.35,Amb
G698F,0.4218,Amb
G698H,0.4762,Amb
G698I,0.3791,Amb
G698K,0.7439,LPath
G698L,0.4711,Amb
G698M,0.5273,Amb
G698N,0.2404,LBen
G698P,0.5091,Amb
G698Q,0.3735,Amb
G698R,0.4608,Amb
G698S,0.0804,LBen
G698T,0.1591,LBen
G698V,0.2274,LBen
G698W,0.3702,Amb
G698Y,0.378,Amb
G699A,0.149,LBen
G699C,0.2087,LBen
G699D,0.2796,LBen
G699E,0.2754,LBen
G699F,0.3141,LBen
G699H,0.3948,Amb
G699I,0.253,LBen
G699K,0.6621,LPath
G699L,0.3688,Amb
G699M,0.4053,Amb
G699N,0.1569,LBen
G699P,0.4709,Amb
G699Q,0.3071,LBen
G699R,0.4384,Amb
G699S,0.0687,LBen
G699T,0.135,LBen
G699V,0.1676,LBen
G699W,0.306,LBen
G699Y,0.2665,LBen
R700A,0.2833,LBen
R700C,0.3706,Amb
R700D,0.4136,Amb
R700E,0.3435,Amb
R700F,0.2762,LBen
R700G,0.1083,LBen
R700H,0.1835,LBen
R700I,0.2387,LBen
R700K,0.1791,LBen
R700L,0.2466,LBen
R700M,0.3497,Amb
R700N,0.3104,LBen
R700P,0.2437,LBen
R700Q,0.1344,LBen
R700S,0.2363,LBen
R700T,0.2156,LBen
R700V,0.2739,LBen
R700W,0.2292,LBen
R700Y,0.2932,LBen
S701A,0.125,LBen
S701C,0.2225,LBen
S701D,0.399,Amb
S701E,0.4436,Amb
S701F,0.2093,LBen
S701G,0.0788,LBen
S701H,0.3882,Amb
S701I,0.2784,LBen
S701K,0.7376,LPath
S701L,0.2257,LBen
S701M,0.3261,LBen
S701N,0.1264,LBen
S701P,0.1494,LBen
S701Q,0.3797,Amb
S701R,0.5895,LPath
S701T,0.111,LBen
S701V,0.2461,LBen
S701W,0.2865,LBen
S701Y,0.2002,LBen
G702A,0.1633,LBen
G702C,0.2633,LBen
G702D,0.2654,LBen
G702E,0.2708,LBen
G702F,0.3934,Amb
G702H,0.4293,Amb
G702I,0.314,LBen
G702K,0.6802,LPath
G702L,0.4005,Amb
G702M,0.5005,Amb
G702N,0.2072,LBen
G702P,0.4399,Amb
G702Q,0.3322,LBen
G702R,0.4193,Amb
G702S,0.0825,LBen
G702T,0.1669,LBen
G702V,0.1843,LBen
G702W,0.3406,Amb
G702Y,0.3483,Amb
R703A,0.2816,LBen
R703C,0.3656,Amb
R703D,0.396,Amb
R703E,0.3071,LBen
R703F,0.3095,LBen
R703G,0.0936,LBen
R703H,0.1877,LBen
R703I,0.2564,LBen
R703K,0.1619,LBen
R703L,0.2457,LBen
R703M,0.3516,Amb
R703N,0.2829,LBen
R703P,0.2433,LBen
R703Q,0.1168,LBen
R703S,0.2126,LBen
R703T,0.2081,LBen
R703V,0.2916,LBen
R703W,0.2382,LBen
R703Y,0.3021,LBen
Q704A,0.1342,LBen
Q704C,0.6899,LPath
Q704D,0.2026,LBen
Q704E,0.0988,LBen
Q704F,0.4436,Amb
Q704G,0.1032,LBen
Q704H,0.201,LBen
Q704I,0.3391,LBen
Q704K,0.2452,LBen
Q704L,0.1771,LBen
Q704M,0.3875,Amb
Q704N,0.1169,LBen
Q704P,0.0666,LBen
Q704R,0.1791,LBen
Q704S,0.0729,LBen
Q704T,0.1309,LBen
Q704V,0.2306,LBen
Q704W,0.539,Amb
Q704Y,0.3262,LBen
S705A,0.1381,LBen
S705C,0.211,LBen
S705D,0.2901,LBen
S705E,0.3581,Amb
S705F,0.2337,LBen
S705G,0.0774,LBen
S705H,0.3173,LBen
S705I,0.2601,LBen
S705K,0.6663,LPath
S705L,0.2375,LBen
S705M,0.3157,LBen
S705N,0.0848,LBen
S705P,0.1392,LBen
S705Q,0.3161,LBen
S705R,0.5519,Amb
S705T,0.1173,LBen
S705V,0.2358,LBen
S705W,0.3317,LBen
S705Y,0.199,LBen
R706A,0.2476,LBen
R706C,0.3433,Amb
R706D,0.4015,Amb
R706E,0.3252,LBen
R706F,0.349,Amb
R706G,0.0866,LBen
R706H,0.1834,LBen
R706I,0.2775,LBen
R706K,0.1728,LBen
R706L,0.2407,LBen
R706M,0.3784,Amb
R706N,0.3274,LBen
R706P,0.1806,LBen
R706Q,0.1205,LBen
R706S,0.2123,LBen
R706T,0.2034,LBen
R706V,0.2801,LBen
R706W,0.2461,LBen
R706Y,0.3271,LBen
Q707A,0.1074,LBen
Q707C,0.6418,LPath
Q707D,0.1805,LBen
Q707E,0.0794,LBen
Q707F,0.4173,Amb
Q707G,0.0877,LBen
Q707H,0.2082,LBen
Q707I,0.316,LBen
Q707K,0.2343,LBen
Q707L,0.1773,LBen
Q707M,0.3421,Amb
Q707N,0.1139,LBen
Q707P,0.0682,LBen
Q707R,0.1803,LBen
Q707S,0.0615,LBen
Q707T,0.1034,LBen
Q707V,0.2079,LBen
Q707W,0.46,Amb
Q707Y,0.2985,LBen
G708A,0.1466,LBen
G708C,0.2743,LBen
G708D,0.1849,LBen
G708E,0.2149,LBen
G708F,0.4042,Amb
G708H,0.3725,Amb
G708I,0.2791,LBen
G708K,0.5952,LPath
G708L,0.3778,Amb
G708M,0.4506,Amb
G708N,0.1609,LBen
G708P,0.4062,Amb
G708Q,0.3021,LBen
G708R,0.4162,Amb
G708S,0.088,LBen
G708T,0.1456,LBen
G708V,0.1734,LBen
G708W,0.3384,LBen
G708Y,0.2828,LBen
S709A,0.1319,LBen
S709C,0.162,LBen
S709D,0.329,LBen
S709E,0.3922,Amb
S709F,0.1748,LBen
S709G,0.0742,LBen
S709H,0.3164,LBen
S709I,0.2154,LBen
S709K,0.6685,LPath
S709L,0.1946,LBen
S709M,0.275,LBen
S709N,0.0932,LBen
S709P,0.1476,LBen
S709Q,0.3361,LBen
S709R,0.5576,Amb
S709T,0.1117,LBen
S709V,0.1931,LBen
S709W,0.2881,LBen
S709Y,0.1797,LBen
R710A,0.2586,LBen
R710C,0.3408,Amb
R710D,0.4053,Amb
R710E,0.3588,Amb
R710F,0.3223,LBen
R710G,0.0994,LBen
R710H,0.1746,LBen
R710I,0.2767,LBen
R710K,0.1858,LBen
R710L,0.2489,LBen
R710M,0.4027,Amb
R710N,0.328,LBen
R710P,0.2102,LBen
R710Q,0.1359,LBen
R710S,0.2226,LBen
R710T,0.2081,LBen
R710V,0.2736,LBen
R710W,0.2524,LBen
R710Y,0.3013,LBen
S711A,0.1168,LBen
S711C,0.1939,LBen
S711D,0.3759,Amb
S711E,0.4184,Amb
S711F,0.1957,LBen
S711G,0.074,LBen
S711H,0.3581,Amb
S711I,0.2652,LBen
S711K,0.6948,LPath
S711L,0.2068,LBen
S711M,0.3012,LBen
S711N,0.1247,LBen
S711P,0.1327,LBen
S711Q,0.3716,Amb
S711R,0.5594,Amb
S711T,0.097,LBen
S711V,0.2245,LBen
S711W,0.2768,LBen
S711Y,0.1829,LBen
G712A,0.1281,LBen
G712C,0.2184,LBen
G712D,0.2225,LBen
G712E,0.2421,LBen
G712F,0.3433,Amb
G712H,0.3314,LBen
G712I,0.2412,LBen
G712K,0.5691,LPath
G712L,0.3367,LBen
G712M,0.4184,Amb
G712N,0.1651,LBen
G712P,0.3749,Amb
G712Q,0.2719,LBen
G712R,0.329,LBen
G712S,0.0757,LBen
G712T,0.1295,LBen
G712V,0.1547,LBen
G712W,0.2867,LBen
G712Y,0.2741,LBen
S713A,0.127,LBen
S713C,0.1533,LBen
S713D,0.319,LBen
S713E,0.3702,Amb
S713F,0.1594,LBen
S713G,0.0738,LBen
S713H,0.3107,LBen
S713I,0.2183,LBen
S713K,0.6668,LPath
S713L,0.189,LBen
S713M,0.2729,LBen
S713N,0.0978,LBen
S713P,0.1352,LBen
S713Q,0.3288,LBen
S713R,0.536,Amb
S713T,0.1095,LBen
S713V,0.1892,LBen
S713W,0.2563,LBen
S713Y,0.1666,LBen
R714A,0.3048,LBen
R714C,0.3927,Amb
R714D,0.4128,Amb
R714E,0.334,LBen
R714F,0.3701,Amb
R714G,0.1153,LBen
R714H,0.1915,LBen
R714I,0.3089,LBen
R714K,0.1696,LBen
R714L,0.2651,LBen
R714M,0.4159,Amb
R714N,0.3473,Amb
R714P,0.2362,LBen
R714Q,0.1299,LBen
R714S,0.251,LBen
R714T,0.2432,LBen
R714V,0.3164,LBen
R714W,0.2658,LBen
R714Y,0.3279,LBen
Q715A,0.1189,LBen
Q715C,0.6724,LPath
Q715D,0.1665,LBen
Q715E,0.0702,LBen
Q715F,0.4904,Amb
Q715G,0.0948,LBen
Q715H,0.203,LBen
Q715I,0.3522,Amb
Q715K,0.2221,LBen
Q715L,0.1819,LBen
Q715M,0.3453,Amb
Q715N,0.1134,LBen
Q715P,0.0802,LBen
Q715R,0.1725,LBen
Q715S,0.0783,LBen
Q715T,0.114,LBen
Q715V,0.2214,LBen
Q715W,0.5145,Amb
Q715Y,0.337,LBen
D716A,0.3049,LBen
D716C,0.7413,LPath
D716E,0.1325,LBen
D716F,0.6642,LPath
D716G,0.1848,LBen
D716H,0.4999,Amb
D716I,0.6395,LPath
D716K,0.6938,LPath
D716L,0.636,LPath
D716M,0.7835,LPath
D716N,0.1943,LBen
D716P,0.604,LPath
D716Q,0.4075,Amb
D716R,0.5801,LPath
D716S,0.192,LBen
D716T,0.3711,Amb
D716V,0.442,Amb
D716W,0.8377,LPath
D716Y,0.331,LBen
G717A,0.1377,LBen
G717C,0.2012,LBen
G717D,0.1842,LBen
G717E,0.211,LBen
G717F,0.354,Amb
G717H,0.3187,LBen
G717I,0.2377,LBen
G717K,0.563,Amb
G717L,0.3389,LBen
G717M,0.3776,Amb
G717N,0.1212,LBen
G717P,0.3822,Amb
G717Q,0.2617,LBen
G717R,0.3863,Amb
G717S,0.0703,LBen
G717T,0.1122,LBen
G717V,0.1632,LBen
G717W,0.2943,LBen
G717Y,0.2413,LBen
R718A,0.255,LBen
R718C,0.3896,Amb
R718D,0.332,LBen
R718E,0.2596,LBen
R718F,0.3281,LBen
R718G,0.0939,LBen
R718H,0.1736,LBen
R718I,0.2771,LBen
R718K,0.1226,LBen
R718L,0.2461,LBen
R718M,0.3359,LBen
R718N,0.2323,LBen
R718P,0.2078,LBen
R718Q,0.106,LBen
R718S,0.1987,LBen
R718T,0.2035,LBen
R718V,0.2781,LBen
R718W,0.2527,LBen
R718Y,0.2848,LBen
R719A,0.2697,LBen
R719C,0.4385,Amb
R719D,0.3925,Amb
R719E,0.3134,LBen
R719F,0.3394,LBen
R719G,0.0898,LBen
R719H,0.188,LBen
R719I,0.285,LBen
R719K,0.126,LBen
R719L,0.2316,LBen
R719M,0.3612,Amb
R719N,0.2683,LBen
R719P,0.1753,LBen
R719Q,0.1191,LBen
R719S,0.215,LBen
R719T,0.2122,LBen
R719V,0.2792,LBen
R719W,0.2732,LBen
R719Y,0.3045,LBen
R720A,0.2047,LBen
R720C,0.3696,Amb
R720D,0.3368,LBen
R720E,0.3005,LBen
R720F,0.2833,LBen
R720G,0.0777,LBen
R720H,0.163,LBen
R720I,0.2333,LBen
R720K,0.1451,LBen
R720L,0.2005,LBen
R720M,0.323,LBen
R720N,0.2418,LBen
R720P,0.1452,LBen
R720Q,0.119,LBen
R720S,0.1842,LBen
R720T,0.1734,LBen
R720V,0.227,LBen
R720W,0.2348,LBen
R720Y,0.2536,LBen
S721A,0.108,LBen
S721C,0.1933,LBen
S721D,0.3135,LBen
S721E,0.3566,Amb
S721F,0.2,LBen
S721G,0.0671,LBen
S721H,0.3188,LBen
S721I,0.2679,LBen
S721K,0.678,LPath
S721L,0.2258,LBen
S721M,0.2844,LBen
S721N,0.103,LBen
S721P,0.124,LBen
S721Q,0.3163,LBen
S721R,0.5781,LPath
S721T,0.0936,LBen
S721V,0.2046,LBen
S721W,0.2898,LBen
S721Y,0.1897,LBen
G722A,0.1217,LBen
G722C,0.2175,LBen
G722D,0.2389,LBen
G722E,0.2657,LBen
G722F,0.3379,LBen
G722H,0.3247,LBen
G722I,0.2685,LBen
G722K,0.6175,LPath
G722L,0.3164,LBen
G722M,0.3782,Amb
G722N,0.1361,LBen
G722P,0.3281,LBen
G722Q,0.2519,LBen
G722R,0.4111,Amb
G722S,0.0719,LBen
G722T,0.1116,LBen
G722V,0.1711,LBen
G722W,0.2822,LBen
G722Y,0.2629,LBen
N723A,0.1633,LBen
N723C,0.2637,LBen
N723D,0.1662,LBen
N723E,0.2818,LBen
N723F,0.3179,LBen
N723G,0.122,LBen
N723H,0.1594,LBen
N723I,0.2376,LBen
N723K,0.4512,Amb
N723L,0.2473,LBen
N723M,0.3451,Amb
N723P,0.212,LBen
N723Q,0.2291,LBen
N723R,0.3622,Amb
N723S,0.0661,LBen
N723T,0.1255,LBen
N723V,0.1983,LBen
N723W,0.5099,Amb
N723Y,0.1466,LBen
R724A,0.2636,LBen
R724C,0.3865,Amb
R724D,0.3483,Amb
R724E,0.3103,LBen
R724F,0.403,Amb
R724G,0.0904,LBen
R724H,0.168,LBen
R724I,0.3218,LBen
R724K,0.1239,LBen
R724L,0.2912,LBen
R724M,0.3832,Amb
R724N,0.2557,LBen
R724P,0.2282,LBen
R724Q,0.1188,LBen
R724S,0.2194,LBen
R724T,0.2008,LBen
R724V,0.3139,LBen
R724W,0.2539,LBen
R724Y,0.3069,LBen
N725A,0.1768,LBen
N725C,0.2733,LBen
N725D,0.1824,LBen
N725E,0.2749,LBen
N725F,0.3611,Amb
N725G,0.1309,LBen
N725H,0.1547,LBen
N725I,0.2648,LBen
N725K,0.4159,Amb
N725L,0.2574,LBen
N725M,0.369,Amb
N725P,0.1937,LBen
N725Q,0.215,LBen
N725R,0.3441,Amb
N725S,0.0746,LBen
N725T,0.13,LBen
N725V,0.2212,LBen
N725W,0.527,Amb
N725Y,0.1438,LBen
R726A,0.2439,LBen
R726C,0.3641,Amb
R726D,0.3545,Amb
R726E,0.3356,LBen
R726F,0.3009,LBen
R726G,0.093,LBen
R726H,0.158,LBen
R726I,0.2686,LBen
R726K,0.1348,LBen
R726L,0.2449,LBen
R726M,0.3547,Amb
R726N,0.2673,LBen
R726P,0.2064,LBen
R726Q,0.1327,LBen
R726S,0.2195,LBen
R726T,0.1908,LBen
R726V,0.273,LBen
R726W,0.2455,LBen
R726Y,0.2699,LBen
S727A,0.1136,LBen
S727C,0.1397,LBen
S727D,0.3228,LBen
S727E,0.3648,Amb
S727F,0.1628,LBen
S727G,0.0779,LBen
S727H,0.2511,LBen
S727I,0.2359,LBen
S727K,0.6211,LPath
S727L,0.203,LBen
S727M,0.2675,LBen
S727N,0.0879,LBen
S727P,0.1171,LBen
S727Q,0.2646,LBen
S727R,0.5311,Amb
S727T,0.0969,LBen
S727V,0.193,LBen
S727W,0.281,LBen
S727Y,0.1573,LBen
R728A,0.2152,LBen
R728C,0.3042,LBen
R728D,0.3624,Amb
R728E,0.3307,LBen
R728F,0.2864,LBen
R728G,0.099,LBen
R728H,0.1445,LBen
R728I,0.2579,LBen
R728K,0.1264,LBen
R728L,0.223,LBen
R728M,0.3418,Amb
R728N,0.279,LBen
R728P,0.1878,LBen
R728Q,0.123,LBen
R728S,0.2142,LBen
R728T,0.1908,LBen
R728V,0.2424,LBen
R728W,0.2275,LBen
R728Y,0.267,LBen
S729A,0.0884,LBen
S729C,0.133,LBen
S729D,0.2828,LBen
S729E,0.3148,LBen
S729F,0.1475,LBen
S729G,0.0635,LBen
S729H,0.2202,LBen
S729I,0.1914,LBen
S729K,0.4792,Amb
S729L,0.1653,LBen
S729M,0.2232,LBen
S729N,0.088,LBen
S729P,0.1076,LBen
S729Q,0.2378,LBen
S729R,0.3827,Amb
S729T,0.0767,LBen
S729V,0.1556,LBen
S729W,0.2372,LBen
S729Y,0.1437,LBen
G730A,0.0947,LBen
G730C,0.1896,LBen
G730D,0.259,LBen
G730E,0.2311,LBen
G730F,0.3103,LBen
G730H,0.2684,LBen
G730I,0.209,LBen
G730K,0.3693,Amb
G730L,0.2725,LBen
G730M,0.3097,LBen
G730N,0.1684,LBen
G730P,0.2527,LBen
G730Q,0.2021,LBen
G730R,0.2406,LBen
G730S,0.0806,LBen
G730T,0.0897,LBen
G730V,0.1296,LBen
G730W,0.2561,LBen
G730Y,0.2529,LBen
G731A,0.113,LBen
G731C,0.1457,LBen
G731D,0.2594,LBen
G731E,0.2564,LBen
G731F,0.25,LBen
G731H,0.2866,LBen
G731I,0.1775,LBen
G731K,0.4856,Amb
G731L,0.2707,LBen
G731M,0.2871,LBen
G731N,0.1462,LBen
G731P,0.3227,LBen
G731Q,0.2601,LBen
G731R,0.348,Amb
G731S,0.0831,LBen
G731T,0.1019,LBen
G731V,0.1284,LBen
G731W,0.2635,LBen
G731Y,0.2116,LBen
H732A,0.1447,LBen
H732C,0.1751,LBen
H732D,0.1916,LBen
H732E,0.1693,LBen
H732F,0.1793,LBen
H732G,0.1162,LBen
H732I,0.2392,LBen
H732K,0.1738,LBen
H732L,0.1444,LBen
H732M,0.2865,LBen
H732N,0.0672,LBen
H732P,0.0827,LBen
H732Q,0.0841,LBen
H732R,0.107,LBen
H732S,0.0986,LBen
H732T,0.1367,LBen
H732V,0.1708,LBen
H732W,0.2888,LBen
H732Y,0.1003,LBen
K733A,0.6141,LPath
K733C,0.7924,LPath
K733D,0.7068,LPath
K733E,0.5571,Amb
K733F,0.8526,LPath
K733G,0.3689,Amb
K733H,0.4309,Amb
K733I,0.743,LPath
K733L,0.705,LPath
K733M,0.744,LPath
K733N,0.664,LPath
K733P,0.5502,Amb
K733Q,0.2435,LBen
K733R,0.0716,LBen
K733S,0.557,Amb
K733T,0.5145,Amb
K733V,0.6855,LPath
K733W,0.8588,LPath
K733Y,0.7183,LPath
R734A,0.6653,LPath
R734C,0.8017,LPath
R734D,0.7507,LPath
R734E,0.5798,LPath
R734F,0.7594,LPath
R734G,0.3498,Amb
R734H,0.4799,Amb
R734I,0.6984,LPath
R734K,0.1919,LBen
R734L,0.6279,LPath
R734M,0.7895,LPath
R734N,0.7367,LPath
R734P,0.5895,LPath
R734Q,0.3375,LBen
R734S,0.7335,LPath
R734T,0.642,LPath
R734V,0.684,LPath
R734W,0.6949,LPath
R734Y,0.6961,LPath
S735A,0.1258,LBen
S735C,0.182,LBen
S735D,0.4619,Amb
S735E,0.5944,LPath
S735F,0.3395,LBen
S735G,0.0969,LBen
S735H,0.3659,Amb
S735I,0.309,LBen
S735K,0.6952,LPath
S735L,0.3104,LBen
S735M,0.3473,Amb
S735N,0.1217,LBen
S735P,0.2472,LBen
S735Q,0.4672,Amb
S735R,0.6695,LPath
S735T,0.0983,LBen
S735V,0.2509,LBen
S735W,0.5223,Amb
S735Y,0.2777,LBen
F736A,0.5146,Amb
F736C,0.5008,Amb
F736D,0.687,LPath
F736E,0.7004,LPath
F736G,0.523,Amb
F736H,0.6333,LPath
F736I,0.4711,Amb
F736K,0.7437,LPath
F736L,0.8692,LPath
F736M,0.6038,LPath
F736N,0.6018,LPath
F736P,0.8751,LPath
F736Q,0.6805,LPath
F736R,0.6116,LPath
F736S,0.4311,Amb
F736T,0.5375,Amb
F736V,0.4071,Amb
F736W,0.2838,LBen
F736Y,0.2079,LBen
D737A,0.3447,Amb
D737C,0.7341,LPath
D737E,0.1618,LBen
D737F,0.6442,LPath
D737G,0.2503,LBen
D737H,0.4382,Amb
D737I,0.649,LPath
D737K,0.6596,LPath
D737L,0.5542,Amb
D737M,0.8062,LPath
D737N,0.2011,LBen
D737P,0.5095,Amb
D737Q,0.3923,Amb
D737R,0.5868,LPath
D737S,0.1823,LBen
D737T,0.3943,Amb
D737V,0.4976,Amb
D737W,0.8822,LPath
D737Y,0.3854,Amb
