protein_variant,am_pathogenicity,am_class
M1A,0.7472,LPath
M1C,0.5409,Amb
M1D,0.9747,LPath
M1E,0.8643,LPath
M1F,0.4866,Amb
M1G,0.8004,LPath
M1H,0.8426,LPath
M1I,0.6598,LPath
M1K,0.525,Amb
M1L,0.2378,LBen
M1N,0.8634,LPath
M1P,0.9102,LPath
M1Q,0.4797,Amb
M1R,0.5092,Amb
M1S,0.7713,LPath
M1T,0.7244,LPath
M1V,0.1829,LBen
M1W,0.6192,LPath
M1Y,0.7365,LPath
K2A,0.3489,Amb
K2C,0.6903,LPath
K2D,0.5135,Amb
K2E,0.235,LBen
K2F,0.6246,LPath
K2G,0.4148,Amb
K2H,0.3468,Amb
K2I,0.3157,LBen
K2L,0.3394,LBen
K2M,0.2625,LBen
K2N,0.3184,LBen
K2P,0.4604,Amb
K2Q,0.1797,LBen
K2R,0.0997,LBen
K2S,0.402,Amb
K2T,0.2079,LBen
K2V,0.355,Amb
K2W,0.7594,LPath
K2Y,0.5491,Amb
L3A,0.0932,LBen
L3C,0.1906,LBen
L3D,0.2369,LBen
L3E,0.118,LBen
L3F,0.082,LBen
L3G,0.1453,LBen
L3H,0.095,LBen
L3I,0.0713,LBen
L3K,0.0732,LBen
L3M,0.0819,LBen
L3N,0.1332,LBen
L3P,0.0787,LBen
L3Q,0.0619,LBen
L3R,0.0652,LBen
L3S,0.089,LBen
L3T,0.0858,LBen
L3V,0.0697,LBen
L3W,0.0892,LBen
L3Y,0.157,LBen
K4A,0.2721,LBen
K4C,0.6411,LPath
K4D,0.4264,Amb
K4E,0.1378,LBen
K4F,0.6777,LPath
K4G,0.2903,LBen
K4H,0.3378,LBen
K4I,0.349,Amb
K4L,0.3282,LBen
K4M,0.2611,LBen
K4N,0.3425,Amb
K4P,0.3991,Amb
K4Q,0.1365,LBen
K4R,0.0861,LBen
K4S,0.3352,LBen
K4T,0.1644,LBen
K4V,0.344,Amb
K4W,0.6556,LPath
K4Y,0.6022,LPath
D5A,0.0831,LBen
D5C,0.249,LBen
D5E,0.06,LBen
D5F,0.2807,LBen
D5G,0.0657,LBen
D5H,0.126,LBen
D5I,0.1561,LBen
D5K,0.0952,LBen
D5L,0.1689,LBen
D5M,0.2654,LBen
D5N,0.078,LBen
D5P,0.185,LBen
D5Q,0.1099,LBen
D5R,0.1285,LBen
D5S,0.0909,LBen
D5T,0.11,LBen
D5V,0.0986,LBen
D5W,0.4664,Amb
D5Y,0.113,LBen
T6A,0.0702,LBen
T6C,0.253,LBen
T6D,0.1812,LBen
T6E,0.13,LBen
T6F,0.1793,LBen
T6G,0.1311,LBen
T6H,0.1507,LBen
T6I,0.1241,LBen
T6K,0.0761,LBen
T6L,0.1121,LBen
T6M,0.1034,LBen
T6N,0.0967,LBen
T6P,0.0978,LBen
T6Q,0.1178,LBen
T6R,0.0763,LBen
T6S,0.0896,LBen
T6V,0.1145,LBen
T6W,0.3345,LBen
T6Y,0.1893,LBen
K7A,0.1201,LBen
K7C,0.4235,Amb
K7D,0.206,LBen
K7E,0.0853,LBen
K7F,0.3884,Amb
K7G,0.1597,LBen
K7H,0.1969,LBen
K7I,0.1564,LBen
K7L,0.1784,LBen
K7M,0.1581,LBen
K7N,0.1535,LBen
K7P,0.2159,LBen
K7Q,0.0992,LBen
K7R,0.0737,LBen
K7S,0.1465,LBen
K7T,0.0871,LBen
K7V,0.1444,LBen
K7W,0.515,Amb
K7Y,0.3297,LBen
S8A,0.0706,LBen
S8C,0.081,LBen
S8D,0.1801,LBen
S8E,0.1962,LBen
S8F,0.0999,LBen
S8G,0.0806,LBen
S8H,0.1616,LBen
S8I,0.108,LBen
S8K,0.2175,LBen
S8L,0.0843,LBen
S8M,0.1532,LBen
S8N,0.0964,LBen
S8P,0.0793,LBen
S8Q,0.216,LBen
S8R,0.204,LBen
S8T,0.0732,LBen
S8V,0.1091,LBen
S8W,0.1357,LBen
S8Y,0.0875,LBen
R9A,0.1149,LBen
R9C,0.1228,LBen
R9D,0.2195,LBen
R9E,0.1335,LBen
R9F,0.1859,LBen
R9G,0.0717,LBen
R9H,0.097,LBen
R9I,0.0943,LBen
R9K,0.0665,LBen
R9L,0.1019,LBen
R9M,0.125,LBen
R9N,0.1951,LBen
R9P,0.1525,LBen
R9Q,0.0795,LBen
R9S,0.14,LBen
R9T,0.0925,LBen
R9V,0.1219,LBen
R9W,0.1106,LBen
R9Y,0.1728,LBen
P10A,0.0765,LBen
P10C,0.2032,LBen
P10D,0.1863,LBen
P10E,0.1163,LBen
P10F,0.2075,LBen
P10G,0.1371,LBen
P10H,0.0964,LBen
P10I,0.1551,LBen
P10K,0.1007,LBen
P10L,0.09,LBen
P10M,0.1927,LBen
P10N,0.1488,LBen
P10Q,0.0797,LBen
P10R,0.078,LBen
P10S,0.0904,LBen
P10T,0.0775,LBen
P10V,0.1256,LBen
P10W,0.2371,LBen
P10Y,0.1822,LBen
K11A,0.1411,LBen
K11C,0.3611,Amb
K11D,0.2559,LBen
K11E,0.0979,LBen
K11F,0.3125,LBen
K11G,0.1585,LBen
K11H,0.187,LBen
K11I,0.1403,LBen
K11L,0.1521,LBen
K11M,0.142,LBen
K11N,0.181,LBen
K11P,0.2043,LBen
K11Q,0.0897,LBen
K11R,0.0665,LBen
K11S,0.1589,LBen
K11T,0.1042,LBen
K11V,0.1419,LBen
K11W,0.3924,Amb
K11Y,0.2836,LBen
Q12A,0.066,LBen
Q12C,0.1815,LBen
Q12D,0.114,LBen
Q12E,0.0655,LBen
Q12F,0.1895,LBen
Q12G,0.0885,LBen
Q12H,0.0822,LBen
Q12I,0.1192,LBen
Q12K,0.0628,LBen
Q12L,0.0707,LBen
Q12M,0.1527,LBen
Q12N,0.1003,LBen
Q12P,0.0452,LBen
Q12R,0.0683,LBen
Q12S,0.0674,LBen
Q12T,0.0669,LBen
Q12V,0.0922,LBen
Q12W,0.1601,LBen
Q12Y,0.1317,LBen
S13A,0.0618,LBen
S13C,0.0763,LBen
S13D,0.1405,LBen
S13E,0.1491,LBen
S13F,0.0961,LBen
S13G,0.0751,LBen
S13H,0.1019,LBen
S13I,0.0887,LBen
S13K,0.1458,LBen
S13L,0.0763,LBen
S13M,0.1398,LBen
S13N,0.0885,LBen
S13P,0.0513,LBen
S13Q,0.1312,LBen
S13R,0.1201,LBen
S13T,0.0684,LBen
S13V,0.0907,LBen
S13W,0.1157,LBen
S13Y,0.0783,LBen
S14A,0.0751,LBen
S14C,0.0661,LBen
S14D,0.1152,LBen
S14E,0.1756,LBen
S14F,0.1024,LBen
S14G,0.0648,LBen
S14H,0.0929,LBen
S14I,0.0833,LBen
S14K,0.151,LBen
S14L,0.0898,LBen
S14M,0.1604,LBen
S14N,0.073,LBen
S14P,0.0868,LBen
S14Q,0.1549,LBen
S14R,0.1148,LBen
S14T,0.0706,LBen
S14V,0.0976,LBen
S14W,0.1428,LBen
S14Y,0.0822,LBen
C15A,0.0979,LBen
C15D,0.0884,LBen
C15E,0.1434,LBen
C15F,0.0675,LBen
C15G,0.0606,LBen
C15H,0.0719,LBen
C15I,0.125,LBen
C15K,0.1111,LBen
C15L,0.1143,LBen
C15M,0.2273,LBen
C15N,0.0856,LBen
C15P,0.1094,LBen
C15Q,0.0948,LBen
C15R,0.058,LBen
C15S,0.0706,LBen
C15T,0.1055,LBen
C15V,0.125,LBen
C15W,0.1024,LBen
C15Y,0.0544,LBen
G16A,0.094,LBen
G16C,0.1066,LBen
G16D,0.0963,LBen
G16E,0.0926,LBen
G16F,0.2084,LBen
G16H,0.1287,LBen
G16I,0.1178,LBen
G16K,0.1027,LBen
G16L,0.1499,LBen
G16M,0.2111,LBen
G16N,0.1358,LBen
G16P,0.2352,LBen
G16Q,0.1063,LBen
G16R,0.0769,LBen
G16S,0.0817,LBen
G16T,0.098,LBen
G16V,0.0951,LBen
G16W,0.1347,LBen
G16Y,0.1479,LBen
K17A,0.1388,LBen
K17C,0.3264,LBen
K17D,0.2,LBen
K17E,0.1006,LBen
K17F,0.3037,LBen
K17G,0.148,LBen
K17H,0.1581,LBen
K17I,0.1278,LBen
K17L,0.1536,LBen
K17M,0.1229,LBen
K17N,0.1384,LBen
K17P,0.2197,LBen
K17Q,0.1003,LBen
K17R,0.0637,LBen
K17S,0.1468,LBen
K17T,0.0844,LBen
K17V,0.1367,LBen
K17W,0.3453,Amb
K17Y,0.2336,LBen
F18A,0.1697,LBen
F18C,0.0954,LBen
F18D,0.2315,LBen
F18E,0.2895,LBen
F18G,0.2463,LBen
F18H,0.2105,LBen
F18I,0.0742,LBen
F18K,0.2242,LBen
F18L,0.3835,Amb
F18M,0.211,LBen
F18N,0.1639,LBen
F18P,0.3266,LBen
F18Q,0.2388,LBen
F18R,0.1867,LBen
F18S,0.1064,LBen
F18T,0.1523,LBen
F18V,0.0906,LBen
F18W,0.1634,LBen
F18Y,0.076,LBen
Q19A,0.1266,LBen
Q19C,0.2921,LBen
Q19D,0.1975,LBen
Q19E,0.0783,LBen
Q19F,0.3766,Amb
Q19G,0.1412,LBen
Q19H,0.1116,LBen
Q19I,0.225,LBen
Q19K,0.0674,LBen
Q19L,0.1043,LBen
Q19M,0.2303,LBen
Q19N,0.1758,LBen
Q19P,0.0749,LBen
Q19R,0.0704,LBen
Q19S,0.1289,LBen
Q19T,0.1191,LBen
Q19V,0.158,LBen
Q19W,0.2309,LBen
Q19Y,0.2274,LBen
T20A,0.0782,LBen
T20C,0.278,LBen
T20D,0.278,LBen
T20E,0.1312,LBen
T20F,0.2085,LBen
T20G,0.1451,LBen
T20H,0.1562,LBen
T20I,0.142,LBen
T20K,0.064,LBen
T20L,0.093,LBen
T20M,0.0729,LBen
T20N,0.1116,LBen
T20P,0.0982,LBen
T20Q,0.0936,LBen
T20R,0.053,LBen
T20S,0.1087,LBen
T20V,0.1122,LBen
T20W,0.2746,LBen
T20Y,0.1838,LBen
K21A,0.2653,LBen
K21C,0.6683,LPath
K21D,0.5144,Amb
K21E,0.1435,LBen
K21F,0.7693,LPath
K21G,0.3526,Amb
K21H,0.3711,Amb
K21I,0.4116,Amb
K21L,0.3765,Amb
K21M,0.2474,LBen
K21N,0.4207,Amb
K21P,0.5342,Amb
K21Q,0.1535,LBen
K21R,0.077,LBen
K21S,0.3693,Amb
K21T,0.1726,LBen
K21V,0.3326,LBen
K21W,0.714,LPath
K21Y,0.6104,LPath
G22A,0.1926,LBen
G22C,0.3082,LBen
G22D,0.3483,Amb
G22E,0.3182,LBen
G22F,0.6958,LPath
G22H,0.5591,Amb
G22I,0.4396,Amb
G22K,0.5171,Amb
G22L,0.6072,LPath
G22M,0.5528,Amb
G22N,0.4188,Amb
G22P,0.8715,LPath
G22Q,0.4625,Amb
G22R,0.436,Amb
G22S,0.1686,LBen
G22T,0.265,LBen
G22V,0.2949,LBen
G22W,0.5057,Amb
G22Y,0.4841,Amb
I23A,0.8723,LPath
I23C,0.866,LPath
I23D,0.9722,LPath
I23E,0.9297,LPath
I23F,0.2088,LBen
I23G,0.9333,LPath
I23H,0.8869,LPath
I23K,0.765,LPath
I23L,0.2296,LBen
I23M,0.1634,LBen
I23N,0.8069,LPath
I23P,0.9309,LPath
I23Q,0.8585,LPath
I23R,0.6854,LPath
I23S,0.8613,LPath
I23T,0.8827,LPath
I23V,0.1858,LBen
I23W,0.7339,LPath
I23Y,0.6221,LPath
K24A,0.2433,LBen
K24C,0.4494,Amb
K24D,0.4635,Amb
K24E,0.122,LBen
K24F,0.6098,LPath
K24G,0.3803,Amb
K24H,0.2152,LBen
K24I,0.2531,LBen
K24L,0.233,LBen
K24M,0.1624,LBen
K24N,0.3132,LBen
K24P,0.7722,LPath
K24Q,0.1064,LBen
K24R,0.0694,LBen
K24S,0.2975,LBen
K24T,0.1302,LBen
K24V,0.2168,LBen
K24W,0.5552,Amb
K24Y,0.4537,Amb
V25A,0.2936,LBen
V25C,0.8108,LPath
V25D,0.7099,LPath
V25E,0.4862,Amb
V25F,0.2828,LBen
V25G,0.4227,Amb
V25H,0.8101,LPath
V25I,0.0946,LBen
V25K,0.5444,Amb
V25L,0.3538,Amb
V25M,0.1961,LBen
V25N,0.6128,LPath
V25P,0.7021,LPath
V25Q,0.5799,LPath
V25R,0.5339,Amb
V25S,0.4907,Amb
V25T,0.3055,LBen
V25W,0.8427,LPath
V25Y,0.676,LPath
V26A,0.0993,LBen
V26C,0.5,Amb
V26D,0.2879,LBen
V26E,0.1574,LBen
V26F,0.1209,LBen
V26G,0.1891,LBen
V26H,0.3104,LBen
V26I,0.0755,LBen
V26K,0.1248,LBen
V26L,0.1367,LBen
V26M,0.0915,LBen
V26N,0.2153,LBen
V26P,0.6503,LPath
V26Q,0.1588,LBen
V26R,0.1143,LBen
V26S,0.1395,LBen
V26T,0.0933,LBen
V26W,0.4823,Amb
V26Y,0.3686,Amb
G27A,0.569,LPath
G27C,0.8401,LPath
G27D,0.9472,LPath
G27E,0.9413,LPath
G27F,0.9826,LPath
G27H,0.9795,LPath
G27I,0.9694,LPath
G27K,0.9562,LPath
G27L,0.9579,LPath
G27M,0.9748,LPath
G27N,0.9583,LPath
G27P,0.9881,LPath
G27Q,0.9514,LPath
G27R,0.9195,LPath
G27S,0.634,LPath
G27T,0.9093,LPath
G27V,0.9301,LPath
G27W,0.9526,LPath
G27Y,0.9682,LPath
K28A,0.2239,LBen
K28C,0.412,Amb
K28D,0.3191,LBen
K28E,0.0932,LBen
K28F,0.5434,Amb
K28G,0.2926,LBen
K28H,0.209,LBen
K28I,0.2244,LBen
K28L,0.2405,LBen
K28M,0.1587,LBen
K28N,0.1913,LBen
K28P,0.735,LPath
K28Q,0.0995,LBen
K28R,0.0834,LBen
K28S,0.2087,LBen
K28T,0.1085,LBen
K28V,0.2059,LBen
K28W,0.5879,LPath
K28Y,0.4092,Amb
W29A,0.9886,LPath
W29C,0.9944,LPath
W29D,0.9976,LPath
W29E,0.9959,LPath
W29F,0.8399,LPath
W29G,0.9481,LPath
W29H,0.9954,LPath
W29I,0.9783,LPath
W29K,0.9971,LPath
W29L,0.9473,LPath
W29M,0.9823,LPath
W29N,0.997,LPath
W29P,0.9961,LPath
W29Q,0.998,LPath
W29R,0.9961,LPath
W29S,0.9874,LPath
W29T,0.9916,LPath
W29V,0.9779,LPath
W29Y,0.9111,LPath
K30A,0.4686,Amb
K30C,0.6678,LPath
K30D,0.6906,LPath
K30E,0.1476,LBen
K30F,0.8492,LPath
K30G,0.619,LPath
K30H,0.3534,Amb
K30I,0.4341,Amb
K30L,0.4431,Amb
K30M,0.2662,LBen
K30N,0.4521,Amb
K30P,0.9698,LPath
K30Q,0.1355,LBen
K30R,0.0895,LBen
K30S,0.524,Amb
K30T,0.2613,LBen
K30V,0.3654,Amb
K30W,0.8037,LPath
K30Y,0.7015,LPath
E31A,0.0934,LBen
E31C,0.4732,Amb
E31D,0.1866,LBen
E31F,0.6018,LPath
E31G,0.1126,LBen
E31H,0.2393,LBen
E31I,0.266,LBen
E31K,0.0777,LBen
E31L,0.1755,LBen
E31M,0.2587,LBen
E31N,0.198,LBen
E31P,0.1525,LBen
E31Q,0.0657,LBen
E31R,0.0985,LBen
E31S,0.1569,LBen
E31T,0.1363,LBen
E31V,0.1576,LBen
E31W,0.5709,LPath
E31Y,0.3997,Amb
V32A,0.5707,LPath
V32C,0.864,LPath
V32D,0.8961,LPath
V32E,0.735,LPath
V32F,0.5034,Amb
V32G,0.5905,LPath
V32H,0.9237,LPath
V32I,0.1011,LBen
V32K,0.7239,LPath
V32L,0.4703,Amb
V32M,0.327,LBen
V32N,0.7896,LPath
V32P,0.9595,LPath
V32Q,0.7571,LPath
V32R,0.7264,LPath
V32S,0.7748,LPath
V32T,0.6007,LPath
V32W,0.9419,LPath
V32Y,0.8544,LPath
K33A,0.1207,LBen
K33C,0.3547,Amb
K33D,0.1758,LBen
K33E,0.0695,LBen
K33F,0.442,Amb
K33G,0.1827,LBen
K33H,0.1792,LBen
K33I,0.1702,LBen
K33L,0.1576,LBen
K33M,0.1242,LBen
K33N,0.132,LBen
K33P,0.1999,LBen
K33Q,0.0868,LBen
K33R,0.0847,LBen
K33S,0.14,LBen
K33T,0.0785,LBen
K33V,0.139,LBen
K33W,0.4948,Amb
K33Y,0.3432,Amb
I34A,0.4586,Amb
I34C,0.8017,LPath
I34D,0.9181,LPath
I34E,0.8199,LPath
I34F,0.1988,LBen
I34G,0.8261,LPath
I34H,0.8302,LPath
I34K,0.7256,LPath
I34L,0.1128,LBen
I34M,0.0972,LBen
I34N,0.6866,LPath
I34P,0.7858,LPath
I34Q,0.7736,LPath
I34R,0.6213,LPath
I34S,0.6475,LPath
I34T,0.367,Amb
I34V,0.0998,LBen
I34W,0.7728,LPath
I34Y,0.6502,LPath
D35A,0.2326,LBen
D35C,0.6306,LPath
D35E,0.2879,LBen
D35F,0.6514,LPath
D35G,0.4753,Amb
D35H,0.3004,LBen
D35I,0.4653,Amb
D35K,0.6089,LPath
D35L,0.4862,Amb
D35M,0.7219,LPath
D35N,0.1197,LBen
D35P,0.5703,LPath
D35Q,0.469,Amb
D35R,0.5839,LPath
D35S,0.1558,LBen
D35T,0.4102,Amb
D35V,0.327,LBen
D35W,0.927,LPath
D35Y,0.2686,LBen
P36A,0.1222,LBen
P36C,0.5336,Amb
P36D,0.4974,Amb
P36E,0.2771,LBen
P36F,0.6611,LPath
P36G,0.4215,Amb
P36H,0.2394,LBen
P36I,0.4548,Amb
P36K,0.2533,LBen
P36L,0.2189,LBen
P36M,0.4393,Amb
P36N,0.4414,Amb
P36Q,0.1941,LBen
P36R,0.1646,LBen
P36S,0.1713,LBen
P36T,0.1464,LBen
P36V,0.3308,LBen
P36W,0.7165,LPath
P36Y,0.5554,Amb
N37A,0.0695,LBen
N37C,0.1005,LBen
N37D,0.0639,LBen
N37E,0.1172,LBen
N37F,0.2092,LBen
N37G,0.095,LBen
N37H,0.071,LBen
N37I,0.1071,LBen
N37K,0.0998,LBen
N37L,0.1042,LBen
N37M,0.1598,LBen
N37P,0.3422,Amb
N37Q,0.1212,LBen
N37R,0.1167,LBen
N37S,0.0506,LBen
N37T,0.0661,LBen
N37V,0.095,LBen
N37W,0.3981,Amb
N37Y,0.0863,LBen
M38A,0.182,LBen
M38C,0.3861,Amb
M38D,0.4789,Amb
M38E,0.2814,LBen
M38F,0.1536,LBen
M38G,0.3279,LBen
M38H,0.2973,LBen
M38I,0.0885,LBen
M38K,0.146,LBen
M38L,0.0709,LBen
M38N,0.2994,LBen
M38P,0.4462,Amb
M38Q,0.1946,LBen
M38R,0.1343,LBen
M38S,0.2438,LBen
M38T,0.1264,LBen
M38V,0.0524,LBen
M38W,0.3107,LBen
M38Y,0.2976,LBen
F39A,0.7013,LPath
F39C,0.6702,LPath
F39D,0.8792,LPath
F39E,0.8994,LPath
F39G,0.8528,LPath
F39H,0.8186,LPath
F39I,0.4105,Amb
F39K,0.9338,LPath
F39L,0.8713,LPath
F39M,0.6614,LPath
F39N,0.8383,LPath
F39P,0.9477,LPath
F39Q,0.8919,LPath
F39R,0.8723,LPath
F39S,0.6919,LPath
F39T,0.7367,LPath
F39V,0.4353,Amb
F39W,0.5729,LPath
F39Y,0.325,LBen
A40C,0.287,LBen
A40D,0.1949,LBen
A40E,0.1716,LBen
A40F,0.2352,LBen
A40G,0.1083,LBen
A40H,0.2947,LBen
A40I,0.1507,LBen
A40K,0.2491,LBen
A40L,0.1275,LBen
A40M,0.1606,LBen
A40N,0.1985,LBen
A40P,0.1935,LBen
A40Q,0.2162,LBen
A40R,0.2139,LBen
A40S,0.0781,LBen
A40T,0.0835,LBen
A40V,0.0867,LBen
A40W,0.5351,Amb
A40Y,0.3306,LBen
D41A,0.1167,LBen
D41C,0.3598,Amb
D41E,0.1017,LBen
D41F,0.423,Amb
D41G,0.0989,LBen
D41H,0.1917,LBen
D41I,0.2737,LBen
D41K,0.2356,LBen
D41L,0.3072,LBen
D41M,0.4493,Amb
D41N,0.0832,LBen
D41P,0.4325,Amb
D41Q,0.2232,LBen
D41R,0.2617,LBen
D41S,0.0868,LBen
D41T,0.1604,LBen
D41V,0.1632,LBen
D41W,0.7447,LPath
D41Y,0.18,LBen
G42A,0.1324,LBen
G42C,0.1693,LBen
G42D,0.1606,LBen
G42E,0.1365,LBen
G42F,0.4546,Amb
G42H,0.2801,LBen
G42I,0.2464,LBen
G42K,0.2686,LBen
G42L,0.3695,Amb
G42M,0.395,Amb
G42N,0.2164,LBen
G42P,0.6771,LPath
G42Q,0.2201,LBen
G42R,0.19,LBen
G42S,0.0917,LBen
G42T,0.155,LBen
G42V,0.1784,LBen
G42W,0.3175,LBen
G42Y,0.3139,LBen
Q43A,0.1366,LBen
Q43C,0.3377,LBen
Q43D,0.1568,LBen
Q43E,0.0671,LBen
Q43F,0.427,Amb
Q43G,0.1494,LBen
Q43H,0.1332,LBen
Q43I,0.2349,LBen
Q43K,0.0733,LBen
Q43L,0.1063,LBen
Q43M,0.2181,LBen
Q43N,0.1475,LBen
Q43P,0.097,LBen
Q43R,0.0894,LBen
Q43S,0.1459,LBen
Q43T,0.1406,LBen
Q43V,0.1641,LBen
Q43W,0.3265,LBen
Q43Y,0.2507,LBen
M44A,0.5423,Amb
M44C,0.8185,LPath
M44D,0.8607,LPath
M44E,0.633,LPath
M44F,0.3145,LBen
M44G,0.6997,LPath
M44H,0.7025,LPath
M44I,0.4149,Amb
M44K,0.3734,Amb
M44L,0.1268,LBen
M44N,0.7256,LPath
M44P,0.7618,LPath
M44Q,0.4706,Amb
M44R,0.3505,Amb
M44S,0.6754,LPath
M44T,0.4166,Amb
M44V,0.145,LBen
M44W,0.5712,LPath
M44Y,0.6127,LPath
D45A,0.154,LBen
D45C,0.5211,Amb
D45E,0.143,LBen
D45F,0.5804,LPath
D45G,0.103,LBen
D45H,0.2905,LBen
D45I,0.422,Amb
D45K,0.3381,LBen
D45L,0.4018,Amb
D45M,0.5483,Amb
D45N,0.1151,LBen
D45P,0.5917,LPath
D45Q,0.2998,LBen
D45R,0.3484,Amb
D45S,0.1161,LBen
D45T,0.2355,LBen
D45V,0.2378,LBen
D45W,0.7956,LPath
D45Y,0.2472,LBen
D46A,0.199,LBen
D46C,0.5098,Amb
D46E,0.1661,LBen
D46F,0.5497,Amb
D46G,0.1281,LBen
D46H,0.2619,LBen
D46I,0.4473,Amb
D46K,0.3742,Amb
D46L,0.4441,Amb
D46M,0.6135,LPath
D46N,0.1004,LBen
D46P,0.6963,LPath
D46Q,0.3329,LBen
D46R,0.3717,Amb
D46S,0.1121,LBen
D46T,0.253,LBen
D46V,0.2858,LBen
D46W,0.838,LPath
D46Y,0.2332,LBen
L47A,0.5411,Amb
L47C,0.7234,LPath
L47D,0.9338,LPath
L47E,0.8011,LPath
L47F,0.2466,LBen
L47G,0.8651,LPath
L47H,0.6887,LPath
L47I,0.1034,LBen
L47K,0.7574,LPath
L47M,0.1447,LBen
L47N,0.8666,LPath
L47P,0.8543,LPath
L47Q,0.6623,LPath
L47R,0.6315,LPath
L47S,0.7603,LPath
L47T,0.4999,Amb
L47V,0.1066,LBen
L47W,0.4653,Amb
L47Y,0.6473,LPath
V48A,0.5627,Amb
V48C,0.8499,LPath
V48D,0.9062,LPath
V48E,0.8351,LPath
V48F,0.3789,Amb
V48G,0.6728,LPath
V48H,0.9162,LPath
V48I,0.1111,LBen
V48K,0.8737,LPath
V48L,0.3706,Amb
V48M,0.4216,Amb
V48N,0.8568,LPath
V48P,0.879,LPath
V48Q,0.829,LPath
V48R,0.804,LPath
V48S,0.726,LPath
V48T,0.6626,LPath
V48W,0.9419,LPath
V48Y,0.8359,LPath
C49A,0.515,Amb
C49D,0.836,LPath
C49E,0.9056,LPath
C49F,0.338,LBen
C49G,0.2325,LBen
C49H,0.661,LPath
C49I,0.6684,LPath
C49K,0.8761,LPath
C49L,0.6097,LPath
C49M,0.7806,LPath
C49N,0.7016,LPath
C49P,0.9661,LPath
C49Q,0.7651,LPath
C49R,0.5273,Amb
C49S,0.351,Amb
C49T,0.6159,LPath
C49V,0.5491,Amb
C49W,0.6833,LPath
C49Y,0.4534,Amb
F50A,0.9386,LPath
F50C,0.7559,LPath
F50D,0.9947,LPath
F50E,0.991,LPath
F50G,0.9816,LPath
F50H,0.9744,LPath
F50I,0.5212,Amb
F50K,0.9914,LPath
F50L,0.8837,LPath
F50M,0.7392,LPath
F50N,0.9897,LPath
F50P,0.9967,LPath
F50Q,0.9862,LPath
F50R,0.9714,LPath
F50S,0.959,LPath
F50T,0.9497,LPath
F50V,0.5385,Amb
F50W,0.7616,LPath
F50Y,0.5847,LPath
E51A,0.7437,LPath
E51C,0.9756,LPath
E51D,0.941,LPath
E51F,0.9921,LPath
E51G,0.851,LPath
E51H,0.9439,LPath
E51I,0.9577,LPath
E51K,0.66,LPath
E51L,0.9358,LPath
E51M,0.9335,LPath
E51N,0.9769,LPath
E51P,0.9952,LPath
E51Q,0.3921,Amb
E51R,0.7195,LPath
E51S,0.875,LPath
E51T,0.9058,LPath
E51V,0.854,LPath
E51W,0.9938,LPath
E51Y,0.9825,LPath
E52A,0.38,Amb
E52C,0.9405,LPath
E52D,0.8038,LPath
E52F,0.9419,LPath
E52G,0.6554,LPath
E52H,0.8839,LPath
E52I,0.4846,Amb
E52K,0.4471,Amb
E52L,0.7455,LPath
E52M,0.6356,LPath
E52N,0.8459,LPath
E52P,0.9915,LPath
E52Q,0.3295,LBen
E52R,0.654,LPath
E52S,0.6682,LPath
E52T,0.5537,Amb
E52V,0.2508,LBen
E52W,0.9868,LPath
E52Y,0.9078,LPath
L53A,0.9259,LPath
L53C,0.8493,LPath
L53D,0.997,LPath
L53E,0.9791,LPath
L53F,0.7703,LPath
L53G,0.9807,LPath
L53H,0.9654,LPath
L53I,0.3947,Amb
L53K,0.9364,LPath
L53M,0.3433,Amb
L53N,0.9854,LPath
L53P,0.9882,LPath
L53Q,0.9455,LPath
L53R,0.9047,LPath
L53S,0.9878,LPath
L53T,0.9686,LPath
L53V,0.4331,Amb
L53W,0.905,LPath
L53Y,0.915,LPath
T54A,0.1697,LBen
T54C,0.5053,Amb
T54D,0.5843,LPath
T54E,0.3104,LBen
T54F,0.5468,Amb
T54G,0.4029,Amb
T54H,0.4093,Amb
T54I,0.3453,Amb
T54K,0.2166,LBen
T54L,0.2117,LBen
T54M,0.1341,LBen
T54N,0.2974,LBen
T54P,0.6158,LPath
T54Q,0.2641,LBen
T54R,0.1802,LBen
T54S,0.1979,LBen
T54V,0.2513,LBen
T54W,0.7228,LPath
T54Y,0.5771,LPath
D55A,0.1782,LBen
D55C,0.4733,Amb
D55E,0.241,LBen
D55F,0.6238,LPath
D55G,0.1784,LBen
D55H,0.2495,LBen
D55I,0.5058,Amb
D55K,0.4176,Amb
D55L,0.5062,Amb
D55M,0.6956,LPath
D55N,0.0782,LBen
D55P,0.8813,LPath
D55Q,0.3673,Amb
D55R,0.3795,Amb
D55S,0.1047,LBen
D55T,0.2828,LBen
D55V,0.3121,LBen
D55W,0.8673,LPath
D55Y,0.2433,LBen
Y56A,0.9577,LPath
Y56C,0.5814,LPath
Y56D,0.9504,LPath
Y56E,0.9863,LPath
Y56F,0.2598,LBen
Y56G,0.9011,LPath
Y56H,0.8866,LPath
Y56I,0.8727,LPath
Y56K,0.981,LPath
Y56L,0.8333,LPath
Y56M,0.9472,LPath
Y56N,0.9043,LPath
Y56P,0.9737,LPath
Y56Q,0.9835,LPath
Y56R,0.9448,LPath
Y56S,0.8567,LPath
Y56T,0.9415,LPath
Y56V,0.7956,LPath
Y56W,0.7366,LPath
Q57A,0.1846,LBen
Q57C,0.2115,LBen
Q57D,0.291,LBen
Q57E,0.0871,LBen
Q57F,0.4009,Amb
Q57G,0.1836,LBen
Q57H,0.1143,LBen
Q57I,0.2572,LBen
Q57K,0.0788,LBen
Q57L,0.1237,LBen
Q57M,0.2829,LBen
Q57N,0.2235,LBen
Q57P,0.4659,Amb
Q57R,0.0633,LBen
Q57S,0.1718,LBen
Q57T,0.1342,LBen
Q57V,0.1795,LBen
Q57W,0.2209,LBen
Q57Y,0.2148,LBen
L58A,0.5867,LPath
L58C,0.7195,LPath
L58D,0.9368,LPath
L58E,0.7326,LPath
L58F,0.2596,LBen
L58G,0.852,LPath
L58H,0.6126,LPath
L58I,0.1375,LBen
L58K,0.5816,LPath
L58M,0.1642,LBen
L58N,0.8496,LPath
L58P,0.616,LPath
L58Q,0.5581,Amb
L58R,0.4819,Amb
L58S,0.7937,LPath
L58T,0.585,LPath
L58V,0.152,LBen
L58W,0.3778,Amb
L58Y,0.5705,LPath
V59A,0.273,LBen
V59C,0.6577,LPath
V59D,0.4173,Amb
V59E,0.3234,LBen
V59F,0.1794,LBen
V59G,0.3068,LBen
V59H,0.5428,Amb
V59I,0.0934,LBen
V59K,0.3846,Amb
V59L,0.2215,LBen
V59M,0.2157,LBen
V59N,0.4112,Amb
V59P,0.7631,LPath
V59Q,0.3569,Amb
V59R,0.3312,LBen
V59S,0.3046,LBen
V59T,0.2936,LBen
V59W,0.7474,LPath
V59Y,0.5107,Amb
S60A,0.0947,LBen
S60C,0.1049,LBen
S60D,0.2637,LBen
S60E,0.3901,Amb
S60F,0.1319,LBen
S60G,0.1226,LBen
S60H,0.2599,LBen
S60I,0.1555,LBen
S60K,0.5018,Amb
S60L,0.0867,LBen
S60M,0.2113,LBen
S60N,0.1449,LBen
S60P,0.1233,LBen
S60Q,0.4147,Amb
S60R,0.4436,Amb
S60T,0.0889,LBen
S60V,0.166,LBen
S60W,0.2255,LBen
S60Y,0.124,LBen
P61A,0.0625,LBen
P61C,0.2053,LBen
P61D,0.1958,LBen
P61E,0.1485,LBen
P61F,0.2339,LBen
P61G,0.1618,LBen
P61H,0.104,LBen
P61I,0.1899,LBen
P61K,0.1369,LBen
P61L,0.0911,LBen
P61M,0.192,LBen
P61N,0.1723,LBen
P61Q,0.103,LBen
P61R,0.0996,LBen
P61S,0.0761,LBen
P61T,0.0673,LBen
P61V,0.1289,LBen
P61W,0.3136,LBen
P61Y,0.2125,LBen
A62C,0.2839,LBen
A62D,0.1269,LBen
A62E,0.1139,LBen
A62F,0.2061,LBen
A62G,0.0838,LBen
A62H,0.267,LBen
A62I,0.1691,LBen
A62K,0.1695,LBen
A62L,0.1291,LBen
A62M,0.1783,LBen
A62N,0.1596,LBen
A62P,0.1236,LBen
A62Q,0.167,LBen
A62R,0.1647,LBen
A62S,0.081,LBen
A62T,0.0796,LBen
A62V,0.0968,LBen
A62W,0.4282,Amb
A62Y,0.2717,LBen
K63A,0.1395,LBen
K63C,0.4238,Amb
K63D,0.2091,LBen
K63E,0.0719,LBen
K63F,0.4833,Amb
K63G,0.1464,LBen
K63H,0.2363,LBen
K63I,0.2127,LBen
K63L,0.2066,LBen
K63M,0.158,LBen
K63N,0.1774,LBen
K63P,0.2916,LBen
K63Q,0.0961,LBen
K63R,0.0724,LBen
K63S,0.1633,LBen
K63T,0.1106,LBen
K63V,0.1761,LBen
K63W,0.4812,Amb
K63Y,0.3828,Amb
N64A,0.142,LBen
N64C,0.164,LBen
N64D,0.0999,LBen
N64E,0.1721,LBen
N64F,0.2507,LBen
N64G,0.1955,LBen
N64H,0.0932,LBen
N64I,0.0928,LBen
N64K,0.1282,LBen
N64L,0.1358,LBen
N64M,0.1702,LBen
N64P,0.2414,LBen
N64Q,0.1873,LBen
N64R,0.188,LBen
N64S,0.0902,LBen
N64T,0.0908,LBen
N64V,0.1125,LBen
N64W,0.491,Amb
N64Y,0.0963,LBen
P65A,0.0612,LBen
P65C,0.1333,LBen
P65D,0.1438,LBen
P65E,0.1295,LBen
P65F,0.1714,LBen
P65G,0.1217,LBen
P65H,0.0834,LBen
P65I,0.1214,LBen
P65K,0.1109,LBen
P65L,0.0807,LBen
P65M,0.1606,LBen
P65N,0.1221,LBen
P65Q,0.0894,LBen
P65R,0.0851,LBen
P65S,0.0649,LBen
P65T,0.06,LBen
P65V,0.099,LBen
P65W,0.2265,LBen
P65Y,0.1429,LBen
S66A,0.0694,LBen
S66C,0.0863,LBen
S66D,0.2062,LBen
S66E,0.2692,LBen
S66F,0.1242,LBen
S66G,0.0824,LBen
S66H,0.2018,LBen
S66I,0.1289,LBen
S66K,0.3214,LBen
S66L,0.0842,LBen
S66M,0.1825,LBen
S66N,0.1249,LBen
S66P,0.0911,LBen
S66Q,0.2915,LBen
S66R,0.2747,LBen
S66T,0.0747,LBen
S66V,0.1209,LBen
S66W,0.1915,LBen
S66Y,0.119,LBen
S67A,0.0772,LBen
S67C,0.0644,LBen
S67D,0.1238,LBen
S67E,0.1944,LBen
S67F,0.11,LBen
S67G,0.0644,LBen
S67H,0.1144,LBen
S67I,0.0715,LBen
S67K,0.1808,LBen
S67L,0.0864,LBen
S67M,0.1426,LBen
S67N,0.0782,LBen
S67P,0.1033,LBen
S67Q,0.1834,LBen
S67R,0.144,LBen
S67T,0.0734,LBen
S67V,0.0894,LBen
S67W,0.1542,LBen
S67Y,0.0936,LBen
L68A,0.1009,LBen
L68C,0.1664,LBen
L68D,0.2078,LBen
L68E,0.1496,LBen
L68F,0.07,LBen
L68G,0.1685,LBen
L68H,0.0892,LBen
L68I,0.0617,LBen
L68K,0.1194,LBen
L68M,0.0916,LBen
L68N,0.1444,LBen
L68P,0.088,LBen
L68Q,0.0886,LBen
L68R,0.0815,LBen
L68S,0.083,LBen
L68T,0.0977,LBen
L68V,0.0631,LBen
L68W,0.1012,LBen
L68Y,0.1269,LBen
F69A,0.18,LBen
F69C,0.1334,LBen
F69D,0.2571,LBen
F69E,0.3613,Amb
F69G,0.3036,LBen
F69H,0.2363,LBen
F69I,0.0907,LBen
F69K,0.3653,Amb
F69L,0.5028,Amb
F69M,0.3368,LBen
F69N,0.2302,LBen
F69P,0.3441,Amb
F69Q,0.3309,LBen
F69R,0.2811,LBen
F69S,0.1059,LBen
F69T,0.1917,LBen
F69V,0.105,LBen
F69W,0.2643,LBen
F69Y,0.1061,LBen
S70A,0.0724,LBen
S70C,0.0805,LBen
S70D,0.2296,LBen
S70E,0.2262,LBen
S70F,0.1233,LBen
S70G,0.0916,LBen
S70H,0.1931,LBen
S70I,0.1261,LBen
S70K,0.2976,LBen
S70L,0.0714,LBen
S70M,0.1756,LBen
S70N,0.1443,LBen
S70P,0.0765,LBen
S70Q,0.2502,LBen
S70R,0.2542,LBen
S70T,0.0754,LBen
S70V,0.1229,LBen
S70W,0.1497,LBen
S70Y,0.1127,LBen
K71A,0.1283,LBen
K71C,0.4204,Amb
K71D,0.1778,LBen
K71E,0.0676,LBen
K71F,0.4409,Amb
K71G,0.1451,LBen
K71H,0.2124,LBen
K71I,0.1929,LBen
K71L,0.1697,LBen
K71M,0.1417,LBen
K71N,0.1502,LBen
K71P,0.2201,LBen
K71Q,0.0968,LBen
K71R,0.0782,LBen
K71S,0.1449,LBen
K71T,0.0914,LBen
K71V,0.1551,LBen
K71W,0.4853,Amb
K71Y,0.368,Amb
E72A,0.0746,LBen
E72C,0.4682,Amb
E72D,0.072,LBen
E72F,0.3535,Amb
E72G,0.0669,LBen
E72H,0.2137,LBen
E72I,0.1574,LBen
E72K,0.075,LBen
E72L,0.1719,LBen
E72M,0.2252,LBen
E72N,0.1153,LBen
E72P,0.197,LBen
E72Q,0.1019,LBen
E72R,0.1273,LBen
E72S,0.1065,LBen
E72T,0.0978,LBen
E72V,0.0952,LBen
E72W,0.5044,Amb
E72Y,0.2655,LBen
A73C,0.259,LBen
A73D,0.0835,LBen
A73E,0.0582,LBen
A73F,0.1481,LBen
A73G,0.0826,LBen
A73H,0.1616,LBen
A73I,0.0937,LBen
A73K,0.0765,LBen
A73L,0.0876,LBen
A73M,0.1067,LBen
A73N,0.0939,LBen
A73P,0.086,LBen
A73Q,0.0904,LBen
A73R,0.1098,LBen
A73S,0.0751,LBen
A73T,0.0621,LBen
A73V,0.0689,LBen
A73W,0.322,LBen
A73Y,0.1722,LBen
P74A,0.0622,LBen
P74C,0.217,LBen
P74D,0.2025,LBen
P74E,0.1092,LBen
P74F,0.2847,LBen
P74G,0.1308,LBen
P74H,0.112,LBen
P74I,0.1611,LBen
P74K,0.061,LBen
P74L,0.0991,LBen
P74M,0.1805,LBen
P74N,0.1635,LBen
P74Q,0.0762,LBen
P74R,0.07,LBen
P74S,0.0887,LBen
P74T,0.0659,LBen
P74V,0.1177,LBen
P74W,0.2997,LBen
P74Y,0.248,LBen
K75A,0.2494,LBen
K75C,0.6703,LPath
K75D,0.4729,Amb
K75E,0.1292,LBen
K75F,0.7019,LPath
K75G,0.3058,LBen
K75H,0.3752,Amb
K75I,0.3066,LBen
K75L,0.326,LBen
K75M,0.2788,LBen
K75N,0.3722,Amb
K75P,0.3958,Amb
K75Q,0.1337,LBen
K75R,0.0861,LBen
K75S,0.3141,LBen
K75T,0.208,LBen
K75V,0.2738,LBen
K75W,0.7435,LPath
K75Y,0.6,LPath
R76A,0.3112,LBen
R76C,0.2556,LBen
R76D,0.488,Amb
R76E,0.1981,LBen
R76F,0.5411,Amb
R76G,0.1627,LBen
R76H,0.1803,LBen
R76I,0.2214,LBen
R76K,0.0882,LBen
R76L,0.2549,LBen
R76M,0.2378,LBen
R76N,0.456,Amb
R76P,0.3768,Amb
R76Q,0.1091,LBen
R76S,0.4412,Amb
R76T,0.2395,LBen
R76V,0.2909,LBen
R76W,0.2015,LBen
R76Y,0.3878,Amb
K77A,0.2329,LBen
K77C,0.6536,LPath
K77D,0.3844,Amb
K77E,0.1194,LBen
K77F,0.6142,LPath
K77G,0.2976,LBen
K77H,0.3249,LBen
K77I,0.2369,LBen
K77L,0.2716,LBen
K77M,0.1799,LBen
K77N,0.2746,LBen
K77P,0.4143,Amb
K77Q,0.1363,LBen
K77R,0.0954,LBen
K77S,0.3086,LBen
K77T,0.1459,LBen
K77V,0.2413,LBen
K77W,0.6852,LPath
K77Y,0.5181,Amb
A78C,0.3059,LBen
A78D,0.1318,LBen
A78E,0.1193,LBen
A78F,0.1806,LBen
A78G,0.0906,LBen
A78H,0.2456,LBen
A78I,0.1307,LBen
A78K,0.162,LBen
A78L,0.1166,LBen
A78M,0.1585,LBen
A78N,0.1381,LBen
A78P,0.1017,LBen
A78Q,0.1725,LBen
A78R,0.1696,LBen
A78S,0.0827,LBen
A78T,0.0755,LBen
A78V,0.0795,LBen
A78W,0.4454,Amb
A78Y,0.2387,LBen
Q79A,0.086,LBen
Q79C,0.2611,LBen
Q79D,0.1541,LBen
Q79E,0.0656,LBen
Q79F,0.3036,LBen
Q79G,0.1092,LBen
Q79H,0.1099,LBen
Q79I,0.167,LBen
Q79K,0.0612,LBen
Q79L,0.0747,LBen
Q79M,0.1874,LBen
Q79N,0.1485,LBen
Q79P,0.0625,LBen
Q79R,0.0685,LBen
Q79S,0.109,LBen
Q79T,0.0962,LBen
Q79V,0.1126,LBen
Q79W,0.2039,LBen
Q79Y,0.2085,LBen
A80C,0.274,LBen
A80D,0.1084,LBen
A80E,0.1046,LBen
A80F,0.1618,LBen
A80G,0.0919,LBen
A80H,0.2169,LBen
A80I,0.1235,LBen
A80K,0.1506,LBen
A80L,0.1015,LBen
A80M,0.1286,LBen
A80N,0.1255,LBen
A80P,0.0951,LBen
A80Q,0.1699,LBen
A80R,0.1567,LBen
A80S,0.083,LBen
A80T,0.0675,LBen
A80V,0.08,LBen
A80W,0.3598,Amb
A80Y,0.2161,LBen
V81A,0.073,LBen
V81C,0.3437,Amb
V81D,0.0992,LBen
V81E,0.1127,LBen
V81F,0.0775,LBen
V81G,0.0836,LBen
V81H,0.2105,LBen
V81I,0.0685,LBen
V81K,0.1201,LBen
V81L,0.093,LBen
V81M,0.0983,LBen
V81N,0.0968,LBen
V81P,0.1384,LBen
V81Q,0.1436,LBen
V81R,0.1207,LBen
V81S,0.0837,LBen
V81T,0.0905,LBen
V81W,0.3791,Amb
V81Y,0.2247,LBen
S82A,0.0614,LBen
S82C,0.0896,LBen
S82D,0.1571,LBen
S82E,0.1554,LBen
S82F,0.0987,LBen
S82G,0.0864,LBen
S82H,0.1745,LBen
S82I,0.0934,LBen
S82K,0.2149,LBen
S82L,0.0662,LBen
S82M,0.1319,LBen
S82N,0.1199,LBen
S82P,0.068,LBen
S82Q,0.2028,LBen
S82R,0.2094,LBen
S82T,0.0648,LBen
S82V,0.0929,LBen
S82W,0.12,LBen
S82Y,0.1018,LBen
E83A,0.0813,LBen
E83C,0.3864,Amb
E83D,0.1023,LBen
E83F,0.3185,LBen
E83G,0.0689,LBen
E83H,0.2103,LBen
E83I,0.1571,LBen
E83K,0.0666,LBen
E83L,0.1336,LBen
E83M,0.2049,LBen
E83N,0.1461,LBen
E83P,0.1907,LBen
E83Q,0.0899,LBen
E83R,0.1021,LBen
E83S,0.1087,LBen
E83T,0.1013,LBen
E83V,0.1015,LBen
E83W,0.4095,Amb
E83Y,0.2705,LBen
E84A,0.0716,LBen
E84C,0.3519,Amb
E84D,0.0875,LBen
E84F,0.3168,LBen
E84G,0.0545,LBen
E84H,0.2252,LBen
E84I,0.1348,LBen
E84K,0.0711,LBen
E84L,0.1347,LBen
E84M,0.1847,LBen
E84N,0.1213,LBen
E84P,0.1986,LBen
E84Q,0.1006,LBen
E84R,0.1136,LBen
E84S,0.106,LBen
E84T,0.0926,LBen
E84V,0.0891,LBen
E84W,0.3841,Amb
E84Y,0.2454,LBen
E85A,0.0787,LBen
E85C,0.395,Amb
E85D,0.0978,LBen
E85F,0.3349,LBen
E85G,0.0667,LBen
E85H,0.2344,LBen
E85I,0.1459,LBen
E85K,0.0702,LBen
E85L,0.1417,LBen
E85M,0.1907,LBen
E85N,0.1343,LBen
E85P,0.2177,LBen
E85Q,0.1035,LBen
E85R,0.1169,LBen
E85S,0.115,LBen
E85T,0.1001,LBen
E85V,0.099,LBen
E85W,0.4295,Amb
E85Y,0.2553,LBen
E86A,0.0789,LBen
E86C,0.3914,Amb
E86D,0.0972,LBen
E86F,0.3457,Amb
E86G,0.067,LBen
E86H,0.2335,LBen
E86I,0.1431,LBen
E86K,0.0707,LBen
E86L,0.1398,LBen
E86M,0.1867,LBen
E86N,0.1288,LBen
E86P,0.2143,LBen
E86Q,0.1041,LBen
E86R,0.1214,LBen
E86S,0.1132,LBen
E86T,0.0985,LBen
E86V,0.0955,LBen
E86W,0.4491,Amb
E86Y,0.2532,LBen
E87A,0.08,LBen
E87C,0.3929,Amb
E87D,0.1025,LBen
E87F,0.3319,LBen
E87G,0.0711,LBen
E87H,0.2285,LBen
E87I,0.1422,LBen
E87K,0.0716,LBen
E87L,0.1384,LBen
E87M,0.1899,LBen
E87N,0.1344,LBen
E87P,0.2117,LBen
E87Q,0.1058,LBen
E87R,0.1195,LBen
E87S,0.1164,LBen
E87T,0.1002,LBen
E87V,0.0982,LBen
E87W,0.4192,Amb
E87Y,0.2492,LBen
E88A,0.0765,LBen
E88C,0.3866,Amb
E88D,0.0967,LBen
E88F,0.3099,LBen
E88G,0.0676,LBen
E88H,0.2226,LBen
E88I,0.1318,LBen
E88K,0.0718,LBen
E88L,0.1338,LBen
E88M,0.1805,LBen
E88N,0.1262,LBen
E88P,0.2054,LBen
E88Q,0.1026,LBen
E88R,0.1146,LBen
E88S,0.1105,LBen
E88T,0.0958,LBen
E88V,0.0923,LBen
E88W,0.3907,Amb
E88Y,0.2466,LBen
E89A,0.074,LBen
E89C,0.3663,Amb
E89D,0.0851,LBen
E89F,0.2817,LBen
E89G,0.0665,LBen
E89H,0.2089,LBen
E89I,0.1238,LBen
E89K,0.0724,LBen
E89L,0.1406,LBen
E89M,0.1799,LBen
E89N,0.1158,LBen
E89P,0.2028,LBen
E89Q,0.1018,LBen
E89R,0.1145,LBen
E89S,0.1023,LBen
E89T,0.0931,LBen
E89V,0.0916,LBen
E89W,0.3958,Amb
E89Y,0.2219,LBen
G90A,0.0899,LBen
G90C,0.1277,LBen
G90D,0.0777,LBen
G90E,0.0618,LBen
G90F,0.2272,LBen
G90H,0.1785,LBen
G90I,0.1063,LBen
G90K,0.1079,LBen
G90L,0.152,LBen
G90M,0.1697,LBen
G90N,0.1178,LBen
G90P,0.2639,LBen
G90Q,0.1131,LBen
G90R,0.1074,LBen
G90S,0.0875,LBen
G90T,0.0908,LBen
G90V,0.0847,LBen
G90W,0.1336,LBen
G90Y,0.1515,LBen
K91A,0.0838,LBen
K91C,0.1978,LBen
K91D,0.0859,LBen
K91E,0.0516,LBen
K91F,0.1818,LBen
K91G,0.0881,LBen
K91H,0.125,LBen
K91I,0.0838,LBen
K91L,0.093,LBen
K91M,0.0941,LBen
K91N,0.0764,LBen
K91P,0.1471,LBen
K91Q,0.0754,LBen
K91R,0.0737,LBen
K91S,0.0794,LBen
K91T,0.0666,LBen
K91V,0.0812,LBen
K91W,0.2796,LBen
K91Y,0.1522,LBen
S92A,0.0603,LBen
S92C,0.0657,LBen
S92D,0.1082,LBen
S92E,0.1307,LBen
S92F,0.0784,LBen
S92G,0.0691,LBen
S92H,0.1281,LBen
S92I,0.0725,LBen
S92K,0.1754,LBen
S92L,0.0695,LBen
S92M,0.1225,LBen
S92N,0.0803,LBen
S92P,0.0627,LBen
S92Q,0.1693,LBen
S92R,0.1561,LBen
S92T,0.065,LBen
S92V,0.0806,LBen
S92W,0.1229,LBen
S92Y,0.072,LBen
S93A,0.0648,LBen
S93C,0.0709,LBen
S93D,0.132,LBen
S93E,0.1795,LBen
S93F,0.0764,LBen
S93G,0.0697,LBen
S93H,0.1516,LBen
S93I,0.0773,LBen
S93K,0.2409,LBen
S93L,0.0647,LBen
S93M,0.1493,LBen
S93N,0.0955,LBen
S93P,0.0691,LBen
S93Q,0.2213,LBen
S93R,0.194,LBen
S93T,0.0659,LBen
S93V,0.0888,LBen
S93W,0.1338,LBen
S93Y,0.0825,LBen
S94A,0.0653,LBen
S94C,0.0766,LBen
S94D,0.1639,LBen
S94E,0.1798,LBen
S94F,0.0681,LBen
S94G,0.087,LBen
S94H,0.1558,LBen
S94I,0.0712,LBen
S94K,0.2382,LBen
S94L,0.0566,LBen
S94M,0.1356,LBen
S94N,0.1158,LBen
S94P,0.0738,LBen
S94Q,0.2178,LBen
S94R,0.2127,LBen
S94T,0.0675,LBen
S94V,0.0813,LBen
S94W,0.1311,LBen
S94Y,0.0772,LBen
P95A,0.0607,LBen
P95C,0.1438,LBen
P95D,0.1543,LBen
P95E,0.1023,LBen
P95F,0.1588,LBen
P95G,0.1287,LBen
P95H,0.0859,LBen
P95I,0.1148,LBen
P95K,0.0986,LBen
P95L,0.0725,LBen
P95M,0.1477,LBen
P95N,0.1298,LBen
P95Q,0.0746,LBen
P95R,0.0807,LBen
P95S,0.068,LBen
P95T,0.0623,LBen
P95V,0.0937,LBen
P95W,0.1975,LBen
P95Y,0.1451,LBen
K96A,0.1346,LBen
K96C,0.375,Amb
K96D,0.2463,LBen
K96E,0.0826,LBen
K96F,0.3841,Amb
K96G,0.1621,LBen
K96H,0.2113,LBen
K96I,0.1589,LBen
K96L,0.1542,LBen
K96M,0.1347,LBen
K96N,0.1843,LBen
K96P,0.1819,LBen
K96Q,0.0851,LBen
K96R,0.0723,LBen
K96S,0.1579,LBen
K96T,0.1067,LBen
K96V,0.1442,LBen
K96W,0.4372,Amb
K96Y,0.326,LBen
K97A,0.2394,LBen
K97C,0.5491,Amb
K97D,0.3331,LBen
K97E,0.1013,LBen
K97F,0.592,LPath
K97G,0.2148,LBen
K97H,0.2958,LBen
K97I,0.2611,LBen
K97L,0.2431,LBen
K97M,0.1729,LBen
K97N,0.2306,LBen
K97P,0.3568,Amb
K97Q,0.11,LBen
K97R,0.0787,LBen
K97S,0.2537,LBen
K97T,0.1603,LBen
K97V,0.2522,LBen
K97W,0.5633,Amb
K97Y,0.428,Amb
K98A,0.1558,LBen
K98C,0.4279,Amb
K98D,0.2227,LBen
K98E,0.0904,LBen
K98F,0.4146,Amb
K98G,0.1836,LBen
K98H,0.1973,LBen
K98I,0.1477,LBen
K98L,0.1763,LBen
K98M,0.1178,LBen
K98N,0.1425,LBen
K98P,0.2639,LBen
K98Q,0.0998,LBen
K98R,0.0758,LBen
K98S,0.182,LBen
K98T,0.0974,LBen
K98V,0.1538,LBen
K98W,0.4518,Amb
K98Y,0.3001,LBen
I99A,0.1458,LBen
I99C,0.2814,LBen
I99D,0.2278,LBen
I99E,0.1507,LBen
I99F,0.0741,LBen
I99G,0.2005,LBen
I99H,0.1671,LBen
I99K,0.0948,LBen
I99L,0.0634,LBen
I99M,0.0525,LBen
I99N,0.0866,LBen
I99P,0.1878,LBen
I99Q,0.1122,LBen
I99R,0.0725,LBen
I99S,0.1147,LBen
I99T,0.134,LBen
I99V,0.0718,LBen
I99W,0.2424,LBen
I99Y,0.1552,LBen
K100A,0.1413,LBen
K100C,0.3759,Amb
K100D,0.2843,LBen
K100E,0.1172,LBen
K100F,0.337,LBen
K100G,0.2091,LBen
K100H,0.1653,LBen
K100I,0.129,LBen
K100L,0.1477,LBen
K100M,0.1186,LBen
K100N,0.1919,LBen
K100P,0.2319,LBen
K100Q,0.0963,LBen
K100R,0.0758,LBen
K100S,0.1707,LBen
K100T,0.0837,LBen
K100V,0.1425,LBen
K100W,0.4174,Amb
K100Y,0.2775,LBen
L101A,0.0963,LBen
L101C,0.1736,LBen
L101D,0.218,LBen
L101E,0.112,LBen
L101F,0.0756,LBen
L101G,0.1357,LBen
L101H,0.0916,LBen
L101I,0.0678,LBen
L101K,0.0772,LBen
L101M,0.0695,LBen
L101N,0.1242,LBen
L101P,0.0763,LBen
L101Q,0.064,LBen
L101R,0.0678,LBen
L101S,0.0956,LBen
L101T,0.0933,LBen
L101V,0.0651,LBen
L101W,0.0791,LBen
L101Y,0.1232,LBen
K102A,0.1814,LBen
K102C,0.4251,Amb
K102D,0.2807,LBen
K102E,0.088,LBen
K102F,0.4628,Amb
K102G,0.1798,LBen
K102H,0.2121,LBen
K102I,0.2091,LBen
K102L,0.1789,LBen
K102M,0.1552,LBen
K102N,0.2125,LBen
K102P,0.238,LBen
K102Q,0.0886,LBen
K102R,0.0724,LBen
K102S,0.1949,LBen
K102T,0.1252,LBen
K102V,0.2047,LBen
K102W,0.4272,Amb
K102Y,0.3754,Amb
K103A,0.1282,LBen
K103C,0.3783,Amb
K103D,0.1721,LBen
K103E,0.0811,LBen
K103F,0.3561,Amb
K103G,0.1447,LBen
K103H,0.1658,LBen
K103I,0.1502,LBen
K103L,0.1556,LBen
K103M,0.1233,LBen
K103N,0.1126,LBen
K103P,0.2055,LBen
K103Q,0.0932,LBen
K103R,0.0744,LBen
K103S,0.1358,LBen
K103T,0.0875,LBen
K103V,0.1491,LBen
K103W,0.4124,Amb
K103Y,0.2574,LBen
S104A,0.072,LBen
S104C,0.0656,LBen
S104D,0.0946,LBen
S104E,0.1046,LBen
S104F,0.1328,LBen
S104G,0.0606,LBen
S104H,0.0949,LBen
S104I,0.0798,LBen
S104K,0.108,LBen
S104L,0.0846,LBen
S104M,0.1193,LBen
S104N,0.0589,LBen
S104P,0.0873,LBen
S104Q,0.1056,LBen
S104R,0.0924,LBen
S104T,0.0671,LBen
S104V,0.0953,LBen
S104W,0.1289,LBen
S104Y,0.0918,LBen
K105A,0.1424,LBen
K105C,0.3901,Amb
K105D,0.1984,LBen
K105E,0.0784,LBen
K105F,0.4347,Amb
K105G,0.1418,LBen
K105H,0.2065,LBen
K105I,0.1842,LBen
K105L,0.1794,LBen
K105M,0.1425,LBen
K105N,0.1554,LBen
K105P,0.2554,LBen
K105Q,0.0945,LBen
K105R,0.0737,LBen
K105S,0.1525,LBen
K105T,0.1013,LBen
K105V,0.1716,LBen
K105W,0.4241,Amb
K105Y,0.3468,Amb
N106A,0.0717,LBen
N106C,0.1178,LBen
N106D,0.0532,LBen
N106E,0.089,LBen
N106F,0.1765,LBen
N106G,0.0926,LBen
N106H,0.0765,LBen
N106I,0.0814,LBen
N106K,0.0879,LBen
N106L,0.1003,LBen
N106M,0.1404,LBen
N106P,0.1442,LBen
N106Q,0.1158,LBen
N106R,0.1056,LBen
N106S,0.0669,LBen
N106T,0.0677,LBen
N106V,0.0753,LBen
N106W,0.3197,LBen
N106Y,0.0779,LBen
V107A,0.0662,LBen
V107C,0.3037,LBen
V107D,0.0928,LBen
V107E,0.0791,LBen
V107F,0.0798,LBen
V107G,0.0768,LBen
V107H,0.1655,LBen
V107I,0.0664,LBen
V107K,0.0797,LBen
V107L,0.0795,LBen
V107M,0.071,LBen
V107N,0.0966,LBen
V107P,0.1333,LBen
V107Q,0.1039,LBen
V107R,0.0842,LBen
V107S,0.0841,LBen
V107T,0.069,LBen
V107W,0.2504,LBen
V107Y,0.1759,LBen
A108C,0.2396,LBen
A108D,0.079,LBen
A108E,0.0703,LBen
A108F,0.1304,LBen
A108G,0.0802,LBen
A108H,0.1755,LBen
A108I,0.0959,LBen
A108K,0.1061,LBen
A108L,0.0822,LBen
A108M,0.1087,LBen
A108N,0.1032,LBen
A108P,0.0839,LBen
A108Q,0.1115,LBen
A108R,0.1191,LBen
A108S,0.0746,LBen
A108T,0.0659,LBen
A108V,0.0692,LBen
A108W,0.2993,LBen
A108Y,0.1827,LBen
T109A,0.059,LBen
T109C,0.1987,LBen
T109D,0.1285,LBen
T109E,0.103,LBen
T109F,0.1283,LBen
T109G,0.1059,LBen
T109H,0.1375,LBen
T109I,0.0934,LBen
T109K,0.0873,LBen
T109L,0.076,LBen
T109M,0.0774,LBen
T109N,0.0878,LBen
T109P,0.0743,LBen
T109Q,0.1151,LBen
T109R,0.0832,LBen
T109S,0.0793,LBen
T109V,0.0835,LBen
T109W,0.2489,LBen
T109Y,0.1499,LBen
E110A,0.0741,LBen
E110C,0.3623,Amb
E110D,0.0818,LBen
E110F,0.3007,LBen
E110G,0.063,LBen
E110H,0.1841,LBen
E110I,0.1458,LBen
E110K,0.064,LBen
E110L,0.1445,LBen
E110M,0.1903,LBen
E110N,0.1123,LBen
E110P,0.1859,LBen
E110Q,0.0897,LBen
E110R,0.1001,LBen
E110S,0.0904,LBen
E110T,0.0918,LBen
E110V,0.1,LBen
E110W,0.4143,Amb
E110Y,0.242,LBen
G111A,0.0779,LBen
G111C,0.1115,LBen
G111D,0.0674,LBen
G111E,0.0681,LBen
G111F,0.1895,LBen
G111H,0.1381,LBen
G111I,0.0919,LBen
G111K,0.1031,LBen
G111L,0.1425,LBen
G111M,0.152,LBen
G111N,0.1024,LBen
G111P,0.2448,LBen
G111Q,0.1074,LBen
G111R,0.1033,LBen
G111S,0.0812,LBen
G111T,0.0801,LBen
G111V,0.0736,LBen
G111W,0.1488,LBen
G111Y,0.1284,LBen
T112A,0.063,LBen
T112C,0.1558,LBen
T112D,0.1134,LBen
T112E,0.1061,LBen
T112F,0.0972,LBen
T112G,0.1041,LBen
T112H,0.1091,LBen
T112I,0.0735,LBen
T112K,0.0848,LBen
T112L,0.0686,LBen
T112M,0.0763,LBen
T112N,0.0706,LBen
T112P,0.0702,LBen
T112Q,0.1081,LBen
T112R,0.0816,LBen
T112S,0.0713,LBen
T112V,0.0784,LBen
T112W,0.2253,LBen
T112Y,0.1144,LBen
S113A,0.0607,LBen
S113C,0.0689,LBen
S113D,0.0946,LBen
S113E,0.1287,LBen
S113F,0.0892,LBen
S113G,0.0627,LBen
S113H,0.1167,LBen
S113I,0.0768,LBen
S113K,0.1493,LBen
S113L,0.0688,LBen
S113M,0.1128,LBen
S113N,0.0678,LBen
S113P,0.0744,LBen
S113Q,0.1554,LBen
S113R,0.1313,LBen
S113T,0.0579,LBen
S113V,0.0828,LBen
S113W,0.1297,LBen
S113Y,0.0867,LBen
T114A,0.0571,LBen
T114C,0.1493,LBen
T114D,0.1049,LBen
T114E,0.0947,LBen
T114F,0.0942,LBen
T114G,0.0914,LBen
T114H,0.0999,LBen
T114I,0.0709,LBen
T114K,0.0792,LBen
T114L,0.0636,LBen
T114M,0.0733,LBen
T114N,0.0734,LBen
T114P,0.0664,LBen
T114Q,0.0938,LBen
T114R,0.0733,LBen
T114S,0.068,LBen
T114V,0.0688,LBen
T114W,0.2055,LBen
T114Y,0.1032,LBen
Q115A,0.0924,LBen
Q115C,0.2176,LBen
Q115D,0.1271,LBen
Q115E,0.0606,LBen
Q115F,0.2923,LBen
Q115G,0.0933,LBen
Q115H,0.1087,LBen
Q115I,0.1514,LBen
Q115K,0.0648,LBen
Q115L,0.0829,LBen
Q115M,0.1635,LBen
Q115N,0.1318,LBen
Q115P,0.0669,LBen
Q115R,0.0709,LBen
Q115S,0.0992,LBen
Q115T,0.0915,LBen
Q115V,0.1103,LBen
Q115W,0.1636,LBen
Q115Y,0.1868,LBen
K116A,0.1018,LBen
K116C,0.2895,LBen
K116D,0.124,LBen
K116E,0.0606,LBen
K116F,0.3084,LBen
K116G,0.1119,LBen
K116H,0.1465,LBen
K116I,0.1342,LBen
K116L,0.1173,LBen
K116M,0.0989,LBen
K116N,0.096,LBen
K116P,0.1692,LBen
K116Q,0.08,LBen
K116R,0.0763,LBen
K116S,0.1075,LBen
K116T,0.0755,LBen
K116V,0.1188,LBen
K116W,0.347,Amb
K116Y,0.2319,LBen
E117A,0.0673,LBen
E117C,0.2773,LBen
E117D,0.0632,LBen
E117F,0.2413,LBen
E117G,0.0638,LBen
E117H,0.1396,LBen
E117I,0.1003,LBen
E117K,0.072,LBen
E117L,0.1128,LBen
E117M,0.1497,LBen
E117N,0.0808,LBen
E117P,0.1393,LBen
E117Q,0.0808,LBen
E117R,0.1082,LBen
E117S,0.0786,LBen
E117T,0.0789,LBen
E117V,0.0748,LBen
E117W,0.3759,Amb
E117Y,0.1663,LBen
F118A,0.0631,LBen
F118C,0.0676,LBen
F118D,0.0849,LBen
F118E,0.1174,LBen
F118G,0.1063,LBen
F118H,0.1247,LBen
F118I,0.0516,LBen
F118K,0.1119,LBen
F118L,0.1908,LBen
F118M,0.0992,LBen
F118N,0.0801,LBen
F118P,0.1463,LBen
F118Q,0.1266,LBen
F118R,0.1077,LBen
F118S,0.0557,LBen
F118T,0.0616,LBen
F118V,0.0529,LBen
F118W,0.1052,LBen
F118Y,0.0642,LBen
E119A,0.077,LBen
E119C,0.278,LBen
E119D,0.0761,LBen
E119F,0.2472,LBen
E119G,0.0767,LBen
E119H,0.1284,LBen
E119I,0.1183,LBen
E119K,0.0679,LBen
E119L,0.1121,LBen
E119M,0.1563,LBen
E119N,0.1008,LBen
E119P,0.1418,LBen
E119Q,0.0766,LBen
E119R,0.0928,LBen
E119S,0.088,LBen
E119T,0.0874,LBen
E119V,0.0901,LBen
E119W,0.3365,LBen
E119Y,0.1911,LBen
V120A,0.0763,LBen
V120C,0.2587,LBen
V120D,0.086,LBen
V120E,0.086,LBen
V120F,0.0832,LBen
V120G,0.0695,LBen
V120H,0.171,LBen
V120I,0.0698,LBen
V120K,0.0908,LBen
V120L,0.0842,LBen
V120M,0.0766,LBen
V120N,0.0835,LBen
V120P,0.119,LBen
V120Q,0.1074,LBen
V120R,0.0955,LBen
V120S,0.0811,LBen
V120T,0.0849,LBen
V120W,0.281,LBen
V120Y,0.1668,LBen
K121A,0.0969,LBen
K121C,0.2455,LBen
K121D,0.1301,LBen
K121E,0.0673,LBen
K121F,0.286,LBen
K121G,0.1171,LBen
K121H,0.1391,LBen
K121I,0.1223,LBen
K121L,0.1193,LBen
K121M,0.1029,LBen
K121N,0.1055,LBen
K121P,0.1626,LBen
K121Q,0.0817,LBen
K121R,0.0749,LBen
K121S,0.1042,LBen
K121T,0.071,LBen
K121V,0.1157,LBen
K121W,0.3297,LBen
K121Y,0.2306,LBen
D122A,0.0711,LBen
D122C,0.1705,LBen
D122E,0.0735,LBen
D122F,0.1631,LBen
D122G,0.0729,LBen
D122H,0.103,LBen
D122I,0.0895,LBen
D122K,0.0994,LBen
D122L,0.1001,LBen
D122M,0.1733,LBen
D122N,0.0676,LBen
D122P,0.1605,LBen
D122Q,0.1037,LBen
D122R,0.1231,LBen
D122S,0.075,LBen
D122T,0.0864,LBen
D122V,0.07,LBen
D122W,0.3869,Amb
D122Y,0.0829,LBen
P123A,0.0503,LBen
P123C,0.1127,LBen
P123D,0.0945,LBen
P123E,0.0791,LBen
P123F,0.1233,LBen
P123G,0.0838,LBen
P123H,0.0788,LBen
P123I,0.0904,LBen
P123K,0.0759,LBen
P123L,0.0638,LBen
P123M,0.0996,LBen
P123N,0.0943,LBen
P123Q,0.0731,LBen
P123R,0.0701,LBen
P123S,0.0629,LBen
P123T,0.0535,LBen
P123V,0.0767,LBen
P123W,0.1622,LBen
P123Y,0.1166,LBen
E124A,0.0726,LBen
E124C,0.27,LBen
E124D,0.0769,LBen
E124F,0.2035,LBen
E124G,0.07,LBen
E124H,0.1368,LBen
E124I,0.1019,LBen
E124K,0.068,LBen
E124L,0.1015,LBen
E124M,0.1445,LBen
E124N,0.0993,LBen
E124P,0.1486,LBen
E124Q,0.0755,LBen
E124R,0.094,LBen
E124S,0.0858,LBen
E124T,0.0894,LBen
E124V,0.0787,LBen
E124W,0.3413,Amb
E124Y,0.1757,LBen
L125A,0.0603,LBen
L125C,0.1444,LBen
L125D,0.1241,LBen
L125E,0.0848,LBen
L125F,0.0777,LBen
L125G,0.1108,LBen
L125H,0.0792,LBen
L125I,0.0697,LBen
L125K,0.0711,LBen
L125M,0.07,LBen
L125N,0.0979,LBen
L125P,0.0453,LBen
L125Q,0.0628,LBen
L125R,0.0638,LBen
L125S,0.0711,LBen
L125T,0.0628,LBen
L125V,0.0627,LBen
L125W,0.0872,LBen
L125Y,0.1188,LBen
E126A,0.0689,LBen
E126C,0.2689,LBen
E126D,0.0786,LBen
E126F,0.2315,LBen
E126G,0.0636,LBen
E126H,0.1402,LBen
E126I,0.1142,LBen
E126K,0.0689,LBen
E126L,0.1064,LBen
E126M,0.1511,LBen
E126N,0.1102,LBen
E126P,0.1277,LBen
E126Q,0.0765,LBen
E126R,0.0976,LBen
E126S,0.0903,LBen
E126T,0.0863,LBen
E126V,0.0821,LBen
E126W,0.3293,LBen
E126Y,0.1881,LBen
A127C,0.1319,LBen
A127D,0.0755,LBen
A127E,0.0729,LBen
A127F,0.098,LBen
A127G,0.0679,LBen
A127H,0.1038,LBen
A127I,0.0791,LBen
A127K,0.086,LBen
A127L,0.0667,LBen
A127M,0.0872,LBen
A127N,0.0798,LBen
A127P,0.0564,LBen
A127Q,0.088,LBen
A127R,0.0867,LBen
A127S,0.064,LBen
A127T,0.0588,LBen
A127V,0.0644,LBen
A127W,0.1811,LBen
A127Y,0.112,LBen
Q128A,0.0767,LBen
Q128C,0.1696,LBen
Q128D,0.1056,LBen
Q128E,0.0606,LBen
Q128F,0.2182,LBen
Q128G,0.0868,LBen
Q128H,0.087,LBen
Q128I,0.1277,LBen
Q128K,0.0637,LBen
Q128L,0.0727,LBen
Q128M,0.1503,LBen
Q128N,0.1133,LBen
Q128P,0.062,LBen
Q128R,0.0656,LBen
Q128S,0.0867,LBen
Q128T,0.0828,LBen
Q128V,0.0956,LBen
Q128W,0.1469,LBen
Q128Y,0.1503,LBen
G129A,0.0721,LBen
G129C,0.1078,LBen
G129D,0.0703,LBen
G129E,0.0634,LBen
G129F,0.1883,LBen
G129H,0.1189,LBen
G129I,0.0998,LBen
G129K,0.0801,LBen
G129L,0.1235,LBen
G129M,0.1442,LBen
G129N,0.1067,LBen
G129P,0.1781,LBen
G129Q,0.0919,LBen
G129R,0.0819,LBen
G129S,0.0788,LBen
G129T,0.0741,LBen
G129V,0.0793,LBen
G129W,0.1234,LBen
G129Y,0.1287,LBen
D130A,0.0707,LBen
D130C,0.1507,LBen
D130E,0.0777,LBen
D130F,0.157,LBen
D130G,0.0662,LBen
D130H,0.0942,LBen
D130I,0.1075,LBen
D130K,0.0917,LBen
D130L,0.1128,LBen
D130M,0.1837,LBen
D130N,0.0676,LBen
D130P,0.172,LBen
D130Q,0.1021,LBen
D130R,0.0973,LBen
D130S,0.0669,LBen
D130T,0.085,LBen
D130V,0.0823,LBen
D130W,0.317,LBen
D130Y,0.0838,LBen
D131A,0.0619,LBen
D131C,0.1175,LBen
D131E,0.0745,LBen
D131F,0.1447,LBen
D131G,0.0571,LBen
D131H,0.0823,LBen
D131I,0.0956,LBen
D131K,0.0867,LBen
D131L,0.0979,LBen
D131M,0.163,LBen
D131N,0.07,LBen
D131P,0.162,LBen
D131Q,0.0913,LBen
D131R,0.083,LBen
D131S,0.0622,LBen
D131T,0.0745,LBen
D131V,0.0732,LBen
D131W,0.2691,LBen
D131Y,0.0762,LBen
M132A,0.0668,LBen
M132C,0.2276,LBen
M132D,0.1362,LBen
M132E,0.0995,LBen
M132F,0.1215,LBen
M132G,0.1163,LBen
M132H,0.1207,LBen
M132I,0.0814,LBen
M132K,0.0634,LBen
M132L,0.0788,LBen
M132N,0.0996,LBen
M132P,0.119,LBen
M132Q,0.096,LBen
M132R,0.0615,LBen
M132S,0.0836,LBen
M132T,0.0478,LBen
M132V,0.0568,LBen
M132W,0.2149,LBen
M132Y,0.1827,LBen
V133A,0.0736,LBen
V133C,0.2516,LBen
V133D,0.0878,LBen
V133E,0.0964,LBen
V133F,0.0683,LBen
V133G,0.08,LBen
V133H,0.1431,LBen
V133I,0.063,LBen
V133K,0.0988,LBen
V133L,0.0734,LBen
V133M,0.087,LBen
V133N,0.0775,LBen
V133P,0.1016,LBen
V133Q,0.1134,LBen
V133R,0.0925,LBen
V133S,0.0756,LBen
V133T,0.0852,LBen
V133W,0.2882,LBen
V133Y,0.1634,LBen
C134A,0.0971,LBen
C134D,0.0956,LBen
C134E,0.1458,LBen
C134F,0.0768,LBen
C134G,0.0664,LBen
C134H,0.0882,LBen
C134I,0.1275,LBen
C134K,0.1313,LBen
C134L,0.1203,LBen
C134M,0.2169,LBen
C134N,0.1001,LBen
C134P,0.1191,LBen
C134Q,0.1123,LBen
C134R,0.0732,LBen
C134S,0.0762,LBen
C134T,0.1018,LBen
C134V,0.1263,LBen
C134W,0.1029,LBen
C134Y,0.0773,LBen
D135A,0.054,LBen
D135C,0.1034,LBen
D135E,0.074,LBen
D135F,0.1298,LBen
D135G,0.0608,LBen
D135H,0.0699,LBen
D135I,0.0881,LBen
D135K,0.0762,LBen
D135L,0.0793,LBen
D135M,0.1486,LBen
D135N,0.0666,LBen
D135P,0.08,LBen
D135Q,0.0797,LBen
D135R,0.0667,LBen
D135S,0.058,LBen
D135T,0.0673,LBen
D135V,0.0682,LBen
D135W,0.2301,LBen
D135Y,0.0715,LBen
D136A,0.0648,LBen
D136C,0.1394,LBen
D136E,0.0776,LBen
D136F,0.1361,LBen
D136G,0.0692,LBen
D136H,0.0823,LBen
D136I,0.0813,LBen
D136K,0.0863,LBen
D136L,0.0893,LBen
D136M,0.1642,LBen
D136N,0.068,LBen
D136P,0.1549,LBen
D136Q,0.0925,LBen
D136R,0.0914,LBen
D136S,0.0671,LBen
D136T,0.0753,LBen
D136V,0.0654,LBen
D136W,0.3282,LBen
D136Y,0.0773,LBen
P137A,0.0571,LBen
P137C,0.1432,LBen
P137D,0.1131,LBen
P137E,0.0878,LBen
P137F,0.1395,LBen
P137G,0.1055,LBen
P137H,0.0788,LBen
P137I,0.1007,LBen
P137K,0.0799,LBen
P137L,0.0668,LBen
P137M,0.1162,LBen
P137N,0.1159,LBen
P137Q,0.0716,LBen
P137R,0.0684,LBen
P137S,0.0701,LBen
P137T,0.0569,LBen
P137V,0.0847,LBen
P137W,0.1701,LBen
P137Y,0.1409,LBen
E138A,0.0729,LBen
E138C,0.3176,LBen
E138D,0.09,LBen
E138F,0.2386,LBen
E138G,0.0743,LBen
E138H,0.1489,LBen
E138I,0.1202,LBen
E138K,0.0585,LBen
E138L,0.1103,LBen
E138M,0.1523,LBen
E138N,0.1126,LBen
E138P,0.1662,LBen
E138Q,0.0757,LBen
E138R,0.0848,LBen
E138S,0.094,LBen
E138T,0.0936,LBen
E138V,0.0855,LBen
E138W,0.3569,Amb
E138Y,0.2071,LBen
A139C,0.1794,LBen
A139D,0.0803,LBen
A139E,0.0776,LBen
A139F,0.1104,LBen
A139G,0.0736,LBen
A139H,0.1419,LBen
A139I,0.0778,LBen
A139K,0.0939,LBen
A139L,0.0763,LBen
A139M,0.0872,LBen
A139N,0.0913,LBen
A139P,0.0781,LBen
A139Q,0.1123,LBen
A139R,0.1014,LBen
A139S,0.0727,LBen
A139T,0.0602,LBen
A139V,0.0609,LBen
A139W,0.2199,LBen
A139Y,0.1407,LBen
G140A,0.0718,LBen
G140C,0.1179,LBen
G140D,0.087,LBen
G140E,0.0647,LBen
G140F,0.202,LBen
G140H,0.1401,LBen
G140I,0.1063,LBen
G140K,0.0789,LBen
G140L,0.1265,LBen
G140M,0.1538,LBen
G140N,0.1355,LBen
G140P,0.1997,LBen
G140Q,0.0908,LBen
G140R,0.0763,LBen
G140S,0.0862,LBen
G140T,0.0785,LBen
G140V,0.08,LBen
G140W,0.1162,LBen
G140Y,0.1544,LBen
E141A,0.0853,LBen
E141C,0.3437,Amb
E141D,0.0827,LBen
E141F,0.2617,LBen
E141G,0.0683,LBen
E141H,0.1607,LBen
E141I,0.1314,LBen
E141K,0.0614,LBen
E141L,0.1316,LBen
E141M,0.1682,LBen
E141N,0.1058,LBen
E141P,0.1804,LBen
E141Q,0.0829,LBen
E141R,0.0942,LBen
E141S,0.1005,LBen
E141T,0.0992,LBen
E141V,0.0976,LBen
E141W,0.3709,Amb
E141Y,0.2084,LBen
M142A,0.1271,LBen
M142C,0.3627,Amb
M142D,0.233,LBen
M142E,0.139,LBen
M142F,0.1592,LBen
M142G,0.1804,LBen
M142H,0.1879,LBen
M142I,0.1124,LBen
M142K,0.073,LBen
M142L,0.0885,LBen
M142N,0.1333,LBen
M142P,0.1767,LBen
M142Q,0.1128,LBen
M142R,0.0772,LBen
M142S,0.1437,LBen
M142T,0.0887,LBen
M142V,0.0702,LBen
M142W,0.2646,LBen
M142Y,0.2348,LBen
T143A,0.0562,LBen
T143C,0.1768,LBen
T143D,0.1193,LBen
T143E,0.1087,LBen
T143F,0.1099,LBen
T143G,0.1036,LBen
T143H,0.1081,LBen
T143I,0.0747,LBen
T143K,0.0843,LBen
T143L,0.0682,LBen
T143M,0.073,LBen
T143N,0.0746,LBen
T143P,0.0642,LBen
T143Q,0.106,LBen
T143R,0.0799,LBen
T143S,0.0747,LBen
T143V,0.0711,LBen
T143W,0.2461,LBen
T143Y,0.1199,LBen
S144A,0.0587,LBen
S144C,0.0905,LBen
S144D,0.1594,LBen
S144E,0.1618,LBen
S144F,0.1133,LBen
S144G,0.0785,LBen
S144H,0.1576,LBen
S144I,0.1102,LBen
S144K,0.1968,LBen
S144L,0.0701,LBen
S144M,0.1372,LBen
S144N,0.1189,LBen
S144P,0.0646,LBen
S144Q,0.1876,LBen
S144R,0.1786,LBen
S144T,0.067,LBen
S144V,0.0997,LBen
S144W,0.1406,LBen
S144Y,0.1124,LBen
E145A,0.0811,LBen
E145C,0.3342,LBen
E145D,0.0806,LBen
E145F,0.315,LBen
E145G,0.0514,LBen
E145H,0.1768,LBen
E145I,0.1624,LBen
E145K,0.063,LBen
E145L,0.1564,LBen
E145M,0.1963,LBen
E145N,0.1183,LBen
E145P,0.1709,LBen
E145Q,0.0805,LBen
E145R,0.0898,LBen
E145S,0.0934,LBen
E145T,0.1007,LBen
E145V,0.1085,LBen
E145W,0.356,Amb
E145Y,0.2306,LBen
N146A,0.0857,LBen
N146C,0.1134,LBen
N146D,0.0753,LBen
N146E,0.1322,LBen
N146F,0.1988,LBen
N146G,0.1204,LBen
N146H,0.0741,LBen
N146I,0.0786,LBen
N146K,0.0918,LBen
N146L,0.106,LBen
N146M,0.1456,LBen
N146P,0.1444,LBen
N146Q,0.1363,LBen
N146R,0.1178,LBen
N146S,0.0683,LBen
N146T,0.0645,LBen
N146V,0.0861,LBen
N146W,0.3573,Amb
N146Y,0.0742,LBen
L147A,0.0635,LBen
L147C,0.1451,LBen
L147D,0.1474,LBen
L147E,0.1024,LBen
L147F,0.0735,LBen
L147G,0.1262,LBen
L147H,0.0705,LBen
L147I,0.0637,LBen
L147K,0.0828,LBen
L147M,0.0757,LBen
L147N,0.1113,LBen
L147P,0.0561,LBen
L147Q,0.065,LBen
L147R,0.0616,LBen
L147S,0.0698,LBen
L147T,0.0634,LBen
L147V,0.0608,LBen
L147W,0.087,LBen
L147Y,0.1274,LBen
V148A,0.0691,LBen
V148C,0.2736,LBen
V148D,0.093,LBen
V148E,0.0877,LBen
V148F,0.0722,LBen
V148G,0.0687,LBen
V148H,0.1434,LBen
V148I,0.0697,LBen
V148K,0.0829,LBen
V148L,0.0724,LBen
V148M,0.0807,LBen
V148N,0.0914,LBen
V148P,0.086,LBen
V148Q,0.0861,LBen
V148R,0.0778,LBen
V148S,0.0696,LBen
V148T,0.0779,LBen
V148W,0.2688,LBen
V148Y,0.1805,LBen
Q149A,0.1046,LBen
Q149C,0.1987,LBen
Q149D,0.1513,LBen
Q149E,0.0685,LBen
Q149F,0.2707,LBen
Q149G,0.1178,LBen
Q149H,0.0857,LBen
Q149I,0.1676,LBen
Q149K,0.0646,LBen
Q149L,0.0831,LBen
Q149M,0.187,LBen
Q149N,0.1361,LBen
Q149P,0.0672,LBen
Q149R,0.0698,LBen
Q149S,0.1147,LBen
Q149T,0.1021,LBen
Q149V,0.1205,LBen
Q149W,0.1722,LBen
Q149Y,0.1657,LBen
T150A,0.0633,LBen
T150C,0.2039,LBen
T150D,0.1482,LBen
T150E,0.1246,LBen
T150F,0.1294,LBen
T150G,0.1261,LBen
T150H,0.12,LBen
T150I,0.0927,LBen
T150K,0.0836,LBen
T150L,0.0787,LBen
T150M,0.0761,LBen
T150N,0.0786,LBen
T150P,0.0716,LBen
T150Q,0.1197,LBen
T150R,0.082,LBen
T150S,0.0868,LBen
T150V,0.0883,LBen
T150W,0.2735,LBen
T150Y,0.1379,LBen
A151C,0.1866,LBen
A151D,0.0999,LBen
A151E,0.0968,LBen
A151F,0.1041,LBen
A151G,0.0816,LBen
A151H,0.149,LBen
A151I,0.0735,LBen
A151K,0.11,LBen
A151L,0.0701,LBen
A151M,0.0909,LBen
A151N,0.1003,LBen
A151P,0.0783,LBen
A151Q,0.1191,LBen
A151R,0.1121,LBen
A151S,0.0722,LBen
A151T,0.0629,LBen
A151V,0.0569,LBen
A151W,0.2704,LBen
A151Y,0.1493,LBen
P152A,0.0612,LBen
P152C,0.1716,LBen
P152D,0.1941,LBen
P152E,0.1244,LBen
P152F,0.1797,LBen
P152G,0.1343,LBen
P152H,0.093,LBen
P152I,0.1211,LBen
P152K,0.0968,LBen
P152L,0.0719,LBen
P152M,0.1547,LBen
P152N,0.1526,LBen
P152Q,0.0768,LBen
P152R,0.0737,LBen
P152S,0.0793,LBen
P152T,0.0675,LBen
P152V,0.0975,LBen
P152W,0.2085,LBen
P152Y,0.1786,LBen
K153A,0.1929,LBen
K153C,0.4944,Amb
K153D,0.38,Amb
K153E,0.1049,LBen
K153F,0.5538,Amb
K153G,0.1927,LBen
K153H,0.2772,LBen
K153I,0.233,LBen
K153L,0.2209,LBen
K153M,0.1942,LBen
K153N,0.296,LBen
K153P,0.3107,LBen
K153Q,0.0969,LBen
K153R,0.0694,LBen
K153S,0.2431,LBen
K153T,0.1551,LBen
K153V,0.2057,LBen
K153W,0.5189,Amb
K153Y,0.4585,Amb
K154A,0.2779,LBen
K154C,0.5912,LPath
K154D,0.413,Amb
K154E,0.1287,LBen
K154F,0.6255,LPath
K154G,0.241,LBen
K154H,0.3028,LBen
K154I,0.2444,LBen
K154L,0.261,LBen
K154M,0.1933,LBen
K154N,0.2701,LBen
K154P,0.403,Amb
K154Q,0.1153,LBen
K154R,0.076,LBen
K154S,0.3105,LBen
K154T,0.18,LBen
K154V,0.2588,LBen
K154W,0.5616,Amb
K154Y,0.4635,Amb
K155A,0.3111,LBen
K155C,0.6557,LPath
K155D,0.4202,Amb
K155E,0.1354,LBen
K155F,0.6848,LPath
K155G,0.2677,LBen
K155H,0.3363,LBen
K155I,0.2741,LBen
K155L,0.3049,LBen
K155M,0.2143,LBen
K155N,0.2805,LBen
K155P,0.4533,Amb
K155Q,0.1286,LBen
K155R,0.085,LBen
K155S,0.3324,LBen
K155T,0.1924,LBen
K155V,0.297,LBen
K155W,0.6298,LPath
K155Y,0.5113,Amb
K156A,0.2175,LBen
K156C,0.5439,Amb
K156D,0.3302,LBen
K156E,0.1175,LBen
K156F,0.5666,LPath
K156G,0.2137,LBen
K156H,0.2719,LBen
K156I,0.2108,LBen
K156L,0.2463,LBen
K156M,0.1701,LBen
K156N,0.1942,LBen
K156P,0.3836,Amb
K156Q,0.113,LBen
K156R,0.0803,LBen
K156S,0.2375,LBen
K156T,0.1269,LBen
K156V,0.2262,LBen
K156W,0.5487,Amb
K156Y,0.4352,Amb
N157A,0.101,LBen
N157C,0.1437,LBen
N157D,0.1049,LBen
N157E,0.1205,LBen
N157F,0.2593,LBen
N157G,0.127,LBen
N157H,0.082,LBen
N157I,0.0857,LBen
N157K,0.0649,LBen
N157L,0.1136,LBen
N157M,0.1395,LBen
N157P,0.1918,LBen
N157Q,0.1143,LBen
N157R,0.0947,LBen
N157S,0.0757,LBen
N157T,0.0782,LBen
N157V,0.0959,LBen
N157W,0.3614,Amb
N157Y,0.0903,LBen
K158A,0.1844,LBen
K158C,0.5022,Amb
K158D,0.3198,LBen
K158E,0.1137,LBen
K158F,0.5497,Amb
K158G,0.2115,LBen
K158H,0.2496,LBen
K158I,0.2217,LBen
K158L,0.2532,LBen
K158M,0.1882,LBen
K158N,0.2494,LBen
K158P,0.3463,Amb
K158Q,0.1197,LBen
K158R,0.0747,LBen
K158S,0.2321,LBen
K158T,0.1185,LBen
K158V,0.2291,LBen
K158W,0.5437,Amb
K158Y,0.4403,Amb
G159A,0.0943,LBen
G159C,0.1423,LBen
G159D,0.1102,LBen
G159E,0.0796,LBen
G159F,0.2752,LBen
G159H,0.1755,LBen
G159I,0.1231,LBen
G159K,0.1056,LBen
G159L,0.1803,LBen
G159M,0.209,LBen
G159N,0.1546,LBen
G159P,0.3072,LBen
G159Q,0.1143,LBen
G159R,0.0979,LBen
G159S,0.1031,LBen
G159T,0.1001,LBen
G159V,0.091,LBen
G159W,0.1618,LBen
G159Y,0.1857,LBen
K160A,0.1832,LBen
K160C,0.4038,Amb
K160D,0.2495,LBen
K160E,0.0919,LBen
K160F,0.4398,Amb
K160G,0.1709,LBen
K160H,0.2269,LBen
K160I,0.1733,LBen
K160L,0.1835,LBen
K160M,0.1443,LBen
K160N,0.1689,LBen
K160P,0.3121,LBen
K160Q,0.0995,LBen
K160R,0.0731,LBen
K160S,0.1783,LBen
K160T,0.117,LBen
K160V,0.173,LBen
K160W,0.4554,Amb
K160Y,0.3673,Amb
K161A,0.1342,LBen
K161C,0.4031,Amb
K161D,0.2266,LBen
K161E,0.0917,LBen
K161F,0.3857,Amb
K161G,0.1699,LBen
K161H,0.1929,LBen
K161I,0.156,LBen
K161L,0.1616,LBen
K161M,0.1298,LBen
K161N,0.1541,LBen
K161P,0.2206,LBen
K161Q,0.097,LBen
K161R,0.0753,LBen
K161S,0.1647,LBen
K161T,0.0911,LBen
K161V,0.157,LBen
K161W,0.4497,Amb
K161Y,0.3167,LBen
G162A,0.0711,LBen
G162C,0.0963,LBen
G162D,0.0838,LBen
G162E,0.0687,LBen
G162F,0.166,LBen
G162H,0.1055,LBen
G162I,0.0749,LBen
G162K,0.0652,LBen
G162L,0.1076,LBen
G162M,0.1254,LBen
G162N,0.0987,LBen
G162P,0.1652,LBen
G162Q,0.0814,LBen
G162R,0.0666,LBen
G162S,0.076,LBen
G162T,0.0709,LBen
G162V,0.0676,LBen
G162W,0.1204,LBen
G162Y,0.1135,LBen
L163A,0.0651,LBen
L163C,0.1479,LBen
L163D,0.1536,LBen
L163E,0.1004,LBen
L163F,0.0702,LBen
L163G,0.1109,LBen
L163H,0.0787,LBen
L163I,0.0711,LBen
L163K,0.0722,LBen
L163M,0.0743,LBen
L163N,0.1026,LBen
L163P,0.0589,LBen
L163Q,0.0625,LBen
L163R,0.063,LBen
L163S,0.0659,LBen
L163T,0.0678,LBen
L163V,0.0666,LBen
L163W,0.0805,LBen
L163Y,0.123,LBen
E164A,0.0782,LBen
E164C,0.3812,Amb
E164D,0.0867,LBen
E164F,0.2764,LBen
E164G,0.0784,LBen
E164H,0.1618,LBen
E164I,0.1303,LBen
E164K,0.0716,LBen
E164L,0.1198,LBen
E164M,0.1851,LBen
E164N,0.1251,LBen
E164P,0.1537,LBen
E164Q,0.0754,LBen
E164R,0.1088,LBen
E164S,0.0996,LBen
E164T,0.1035,LBen
E164V,0.0905,LBen
E164W,0.4556,Amb
E164Y,0.2211,LBen
P165A,0.062,LBen
P165C,0.1968,LBen
P165D,0.1581,LBen
P165E,0.1301,LBen
P165F,0.1826,LBen
P165G,0.1426,LBen
P165H,0.0937,LBen
P165I,0.1262,LBen
P165K,0.1125,LBen
P165L,0.074,LBen
P165M,0.1581,LBen
P165N,0.1311,LBen
P165Q,0.0899,LBen
P165R,0.0872,LBen
P165S,0.079,LBen
P165T,0.0646,LBen
P165V,0.1004,LBen
P165W,0.2665,LBen
P165Y,0.17,LBen
S166A,0.0666,LBen
S166C,0.0828,LBen
S166D,0.2136,LBen
S166E,0.2132,LBen
S166F,0.0994,LBen
S166G,0.0949,LBen
S166H,0.1706,LBen
S166I,0.1046,LBen
S166K,0.2665,LBen
S166L,0.0745,LBen
S166M,0.1607,LBen
S166N,0.1368,LBen
S166P,0.0702,LBen
S166Q,0.2159,LBen
S166R,0.2317,LBen
S166T,0.0755,LBen
S166V,0.1008,LBen
S166W,0.1577,LBen
S166Y,0.1069,LBen
Q167A,0.1157,LBen
Q167C,0.2805,LBen
Q167D,0.1795,LBen
Q167E,0.0723,LBen
Q167F,0.3544,Amb
Q167G,0.1244,LBen
Q167H,0.1156,LBen
Q167I,0.2121,LBen
Q167K,0.0739,LBen
Q167L,0.0991,LBen
Q167M,0.2461,LBen
Q167N,0.176,LBen
Q167P,0.0766,LBen
Q167R,0.0718,LBen
Q167S,0.1259,LBen
Q167T,0.1249,LBen
Q167V,0.1466,LBen
Q167W,0.223,LBen
Q167Y,0.218,LBen
S168A,0.0722,LBen
S168C,0.0645,LBen
S168D,0.1031,LBen
S168E,0.1388,LBen
S168F,0.1217,LBen
S168G,0.0535,LBen
S168H,0.1177,LBen
S168I,0.0836,LBen
S168K,0.1602,LBen
S168L,0.0886,LBen
S168M,0.1243,LBen
S168N,0.0645,LBen
S168P,0.0892,LBen
S168Q,0.1556,LBen
S168R,0.1382,LBen
S168T,0.0702,LBen
S168V,0.0965,LBen
S168W,0.1564,LBen
S168Y,0.0951,LBen
T169A,0.0624,LBen
T169C,0.2222,LBen
T169D,0.1743,LBen
T169E,0.1343,LBen
T169F,0.1337,LBen
T169G,0.129,LBen
T169H,0.1329,LBen
T169I,0.0989,LBen
T169K,0.0975,LBen
T169L,0.0784,LBen
T169M,0.084,LBen
T169N,0.0975,LBen
T169P,0.0678,LBen
T169Q,0.1253,LBen
T169R,0.0848,LBen
T169S,0.0861,LBen
T169V,0.0895,LBen
T169W,0.2999,LBen
T169Y,0.1655,LBen
A170C,0.2305,LBen
A170D,0.1198,LBen
A170E,0.1135,LBen
A170F,0.1603,LBen
A170G,0.0902,LBen
A170H,0.1919,LBen
A170I,0.1106,LBen
A170K,0.1448,LBen
A170L,0.0946,LBen
A170M,0.1203,LBen
A170N,0.1312,LBen
A170P,0.0801,LBen
A170Q,0.1498,LBen
A170R,0.1436,LBen
A170S,0.0804,LBen
A170T,0.0648,LBen
A170V,0.0761,LBen
A170W,0.3296,LBen
A170Y,0.2075,LBen
A171C,0.2183,LBen
A171D,0.1204,LBen
A171E,0.0986,LBen
A171F,0.1658,LBen
A171G,0.0823,LBen
A171H,0.1768,LBen
A171I,0.1154,LBen
A171K,0.1261,LBen
A171L,0.0863,LBen
A171M,0.1252,LBen
A171N,0.1221,LBen
A171P,0.0627,LBen
A171Q,0.1145,LBen
A171R,0.1209,LBen
A171S,0.0748,LBen
A171T,0.067,LBen
A171V,0.0771,LBen
A171W,0.3005,LBen
A171Y,0.2107,LBen
K172A,0.1281,LBen
K172C,0.477,Amb
K172D,0.245,LBen
K172E,0.0905,LBen
K172F,0.4933,Amb
K172G,0.1782,LBen
K172H,0.2207,LBen
K172I,0.1914,LBen
K172L,0.1998,LBen
K172M,0.1544,LBen
K172N,0.1991,LBen
K172P,0.2283,LBen
K172Q,0.1072,LBen
K172R,0.0742,LBen
K172S,0.1889,LBen
K172T,0.0966,LBen
K172V,0.1601,LBen
K172W,0.5313,Amb
K172Y,0.3973,Amb
V173A,0.081,LBen
V173C,0.3724,Amb
V173D,0.1117,LBen
V173E,0.0986,LBen
V173F,0.088,LBen
V173G,0.077,LBen
V173H,0.2047,LBen
V173I,0.0768,LBen
V173K,0.1119,LBen
V173L,0.0894,LBen
V173M,0.0893,LBen
V173N,0.1078,LBen
V173P,0.1317,LBen
V173Q,0.1215,LBen
V173R,0.1188,LBen
V173S,0.0949,LBen
V173T,0.0976,LBen
V173W,0.3613,Amb
V173Y,0.2189,LBen
P174A,0.0688,LBen
P174C,0.2616,LBen
P174D,0.252,LBen
P174E,0.1577,LBen
P174F,0.2781,LBen
P174G,0.1725,LBen
P174H,0.1212,LBen
P174I,0.1977,LBen
P174K,0.1547,LBen
P174L,0.0952,LBen
P174M,0.2037,LBen
P174N,0.1947,LBen
P174Q,0.0939,LBen
P174R,0.1098,LBen
P174S,0.0858,LBen
P174T,0.0766,LBen
P174V,0.138,LBen
P174W,0.3221,LBen
P174Y,0.2563,LBen
K175A,0.2212,LBen
K175C,0.5319,Amb
K175D,0.4353,Amb
K175E,0.1232,LBen
K175F,0.6536,LPath
K175G,0.2305,LBen
K175H,0.2842,LBen
K175I,0.3238,LBen
K175L,0.2766,LBen
K175M,0.2295,LBen
K175N,0.3477,Amb
K175P,0.3151,LBen
K175Q,0.1033,LBen
K175R,0.0702,LBen
K175S,0.2767,LBen
K175T,0.1778,LBen
K175V,0.2678,LBen
K175W,0.5807,LPath
K175Y,0.5092,Amb
K176A,0.1659,LBen
K176C,0.4954,Amb
K176D,0.309,LBen
K176E,0.111,LBen
K176F,0.5011,Amb
K176G,0.2186,LBen
K176H,0.2236,LBen
K176I,0.1968,LBen
K176L,0.1983,LBen
K176M,0.1319,LBen
K176N,0.2132,LBen
K176P,0.2512,LBen
K176Q,0.104,LBen
K176R,0.0784,LBen
K176S,0.2266,LBen
K176T,0.1018,LBen
K176V,0.1849,LBen
K176W,0.5169,Amb
K176Y,0.3741,Amb
A177C,0.2789,LBen
A177D,0.155,LBen
A177E,0.1211,LBen
A177F,0.2186,LBen
A177G,0.0893,LBen
A177H,0.2766,LBen
A177I,0.1466,LBen
A177K,0.202,LBen
A177L,0.1226,LBen
A177M,0.1395,LBen
A177N,0.138,LBen
A177P,0.0995,LBen
A177Q,0.1682,LBen
A177R,0.2006,LBen
A177S,0.0829,LBen
A177T,0.0758,LBen
A177V,0.0839,LBen
A177W,0.4412,Amb
A177Y,0.2598,LBen
K178A,0.2775,LBen
K178C,0.6628,LPath
K178D,0.4952,Amb
K178E,0.172,LBen
K178F,0.766,LPath
K178G,0.3192,LBen
K178H,0.3791,Amb
K178I,0.4416,Amb
K178L,0.3887,Amb
K178M,0.2772,LBen
K178N,0.4277,Amb
K178P,0.4552,Amb
K178Q,0.1541,LBen
K178R,0.0849,LBen
K178S,0.3772,Amb
K178T,0.2101,LBen
K178V,0.3617,Amb
K178W,0.7275,LPath
K178Y,0.6379,LPath
T179A,0.0785,LBen
T179C,0.2851,LBen
T179D,0.2199,LBen
T179E,0.2034,LBen
T179F,0.2075,LBen
T179G,0.1573,LBen
T179H,0.1755,LBen
T179I,0.1599,LBen
T179K,0.1544,LBen
T179L,0.1004,LBen
T179M,0.0877,LBen
T179N,0.0831,LBen
T179P,0.0905,LBen
T179Q,0.1804,LBen
T179R,0.1368,LBen
T179S,0.0952,LBen
T179V,0.1382,LBen
T179W,0.4416,Amb
T179Y,0.1966,LBen
W180A,0.3586,Amb
W180C,0.607,LPath
W180D,0.6175,LPath
W180E,0.6498,LPath
W180F,0.3059,LBen
W180G,0.2345,LBen
W180H,0.6828,LPath
W180I,0.4926,Amb
W180K,0.7624,LPath
W180L,0.3736,Amb
W180M,0.5389,Amb
W180N,0.6273,LPath
W180P,0.6313,LPath
W180Q,0.6992,LPath
W180R,0.6825,LPath
W180S,0.3006,LBen
W180T,0.3919,Amb
W180V,0.401,Amb
W180Y,0.4475,Amb
I181A,0.1935,LBen
I181C,0.3315,LBen
I181D,0.3528,Amb
I181E,0.2214,LBen
I181F,0.0787,LBen
I181G,0.3126,LBen
I181H,0.208,LBen
I181K,0.1465,LBen
I181L,0.0555,LBen
I181M,0.0457,LBen
I181N,0.1395,LBen
I181P,0.3545,Amb
I181Q,0.1499,LBen
I181R,0.123,LBen
I181S,0.1647,LBen
I181T,0.1829,LBen
I181V,0.0683,LBen
I181W,0.2824,LBen
I181Y,0.1958,LBen
P182A,0.0683,LBen
P182C,0.2277,LBen
P182D,0.206,LBen
P182E,0.1447,LBen
P182F,0.2809,LBen
P182G,0.1573,LBen
P182H,0.1214,LBen
P182I,0.217,LBen
P182K,0.1621,LBen
P182L,0.0989,LBen
P182M,0.1961,LBen
P182N,0.1811,LBen
P182Q,0.1098,LBen
P182R,0.1104,LBen
P182S,0.0871,LBen
P182T,0.0812,LBen
P182V,0.144,LBen
P182W,0.2916,LBen
P182Y,0.2381,LBen
E183A,0.0923,LBen
E183C,0.5611,Amb
E183D,0.0892,LBen
E183F,0.4799,Amb
E183G,0.1015,LBen
E183H,0.2192,LBen
E183I,0.2479,LBen
E183K,0.0891,LBen
E183L,0.2191,LBen
E183M,0.2783,LBen
E183N,0.1483,LBen
E183P,0.2143,LBen
E183Q,0.0987,LBen
E183R,0.1336,LBen
E183S,0.1266,LBen
E183T,0.1379,LBen
E183V,0.1436,LBen
E183W,0.6202,LPath
E183Y,0.3527,Amb
V184A,0.0752,LBen
V184C,0.3498,Amb
V184D,0.1061,LBen
V184E,0.0947,LBen
V184F,0.0809,LBen
V184G,0.0726,LBen
V184H,0.2042,LBen
V184I,0.0729,LBen
V184K,0.1018,LBen
V184L,0.0884,LBen
V184M,0.0696,LBen
V184N,0.0934,LBen
V184P,0.1404,LBen
V184Q,0.1146,LBen
V184R,0.1011,LBen
V184S,0.0851,LBen
V184T,0.0832,LBen
V184W,0.3082,LBen
V184Y,0.2069,LBen
H185A,0.0834,LBen
H185C,0.0785,LBen
H185D,0.0769,LBen
H185E,0.0921,LBen
H185F,0.1724,LBen
H185G,0.0889,LBen
H185I,0.1359,LBen
H185K,0.0895,LBen
H185L,0.0763,LBen
H185M,0.2061,LBen
H185N,0.0667,LBen
H185P,0.0674,LBen
H185Q,0.0706,LBen
H185R,0.0537,LBen
H185S,0.0842,LBen
H185T,0.0864,LBen
H185V,0.1076,LBen
H185W,0.1551,LBen
H185Y,0.0788,LBen
D186A,0.1224,LBen
D186C,0.3303,LBen
D186E,0.131,LBen
D186F,0.3372,LBen
D186G,0.0991,LBen
D186H,0.1403,LBen
D186I,0.2379,LBen
D186K,0.2033,LBen
D186L,0.2112,LBen
D186M,0.4323,Amb
D186N,0.0883,LBen
D186P,0.3292,LBen
D186Q,0.1835,LBen
D186R,0.1744,LBen
D186S,0.0926,LBen
D186T,0.1681,LBen
D186V,0.1525,LBen
D186W,0.635,LPath
D186Y,0.1478,LBen
Q187A,0.1272,LBen
Q187C,0.2771,LBen
Q187D,0.1645,LBen
Q187E,0.0685,LBen
Q187F,0.3856,Amb
Q187G,0.1212,LBen
Q187H,0.1013,LBen
Q187I,0.2539,LBen
Q187K,0.0738,LBen
Q187L,0.1122,LBen
Q187M,0.2559,LBen
Q187N,0.1657,LBen
Q187P,0.0866,LBen
Q187R,0.0677,LBen
Q187S,0.1383,LBen
Q187T,0.1283,LBen
Q187V,0.1618,LBen
Q187W,0.2181,LBen
Q187Y,0.2237,LBen
K188A,0.2142,LBen
K188C,0.5864,LPath
K188D,0.3456,Amb
K188E,0.108,LBen
K188F,0.6482,LPath
K188G,0.2879,LBen
K188H,0.25,LBen
K188I,0.3117,LBen
K188L,0.2602,LBen
K188M,0.1643,LBen
K188N,0.2815,LBen
K188P,0.345,Amb
K188Q,0.1089,LBen
K188R,0.09,LBen
K188S,0.3071,LBen
K188T,0.1343,LBen
K188V,0.2549,LBen
K188W,0.6337,LPath
K188Y,0.4812,Amb
A189C,0.4835,Amb
A189D,0.3585,Amb
A189E,0.3146,LBen
A189F,0.4447,Amb
A189G,0.1603,LBen
A189H,0.5737,LPath
A189I,0.3006,LBen
A189K,0.5064,Amb
A189L,0.2924,LBen
A189M,0.2566,LBen
A189N,0.3479,Amb
A189P,0.3633,Amb
A189Q,0.428,Amb
A189R,0.4517,Amb
A189S,0.1186,LBen
A189T,0.1024,LBen
A189V,0.1293,LBen
A189W,0.7428,LPath
A189Y,0.5269,Amb
D190A,0.2564,LBen
D190C,0.6442,LPath
D190E,0.3285,LBen
D190F,0.7386,LPath
D190G,0.3861,Amb
D190H,0.3768,Amb
D190I,0.4626,Amb
D190K,0.5079,Amb
D190L,0.534,Amb
D190M,0.6945,LPath
D190N,0.1063,LBen
D190P,0.6594,LPath
D190Q,0.4875,Amb
D190R,0.4846,Amb
D190S,0.1631,LBen
D190T,0.3693,Amb
D190V,0.2659,LBen
D190W,0.9108,LPath
D190Y,0.3357,LBen
V191A,0.46,Amb
V191C,0.7673,LPath
V191D,0.8289,LPath
V191E,0.7422,LPath
V191F,0.3542,Amb
V191G,0.537,Amb
V191H,0.8847,LPath
V191I,0.1013,LBen
V191K,0.7679,LPath
V191L,0.3781,Amb
V191M,0.178,LBen
V191N,0.7084,LPath
V191P,0.7668,LPath
V191Q,0.7585,LPath
V191R,0.7116,LPath
V191S,0.5763,LPath
V191T,0.3598,Amb
V191W,0.9248,LPath
V191Y,0.8069,LPath
S192A,0.0796,LBen
S192C,0.1339,LBen
S192D,0.3649,Amb
S192E,0.4063,Amb
S192F,0.2134,LBen
S192G,0.0932,LBen
S192H,0.3083,LBen
S192I,0.2754,LBen
S192K,0.5215,Amb
S192L,0.1126,LBen
S192M,0.2125,LBen
S192N,0.2054,LBen
S192P,0.4368,Amb
S192Q,0.4335,Amb
S192R,0.4107,Amb
S192T,0.0773,LBen
S192V,0.2347,LBen
S192W,0.2556,LBen
S192Y,0.205,LBen
A193C,0.6524,LPath
A193D,0.7733,LPath
A193E,0.7042,LPath
A193F,0.7131,LPath
A193G,0.3353,LBen
A193H,0.7893,LPath
A193I,0.5931,LPath
A193K,0.8433,LPath
A193L,0.4675,Amb
A193M,0.5974,LPath
A193N,0.687,LPath
A193P,0.502,Amb
A193Q,0.6977,LPath
A193R,0.7182,LPath
A193S,0.1696,LBen
A193T,0.2661,LBen
A193V,0.3062,LBen
A193W,0.932,LPath
A193Y,0.8179,LPath
W194A,0.9944,LPath
W194C,0.9942,LPath
W194D,0.9993,LPath
W194E,0.9982,LPath
W194F,0.8529,LPath
W194G,0.9785,LPath
W194H,0.9974,LPath
W194I,0.9913,LPath
W194K,0.9994,LPath
W194L,0.9642,LPath
W194M,0.9917,LPath
W194N,0.9992,LPath
W194P,0.9989,LPath
W194Q,0.9988,LPath
W194R,0.998,LPath
W194S,0.9909,LPath
W194T,0.9958,LPath
W194V,0.9872,LPath
W194Y,0.9583,LPath
K195A,0.3494,Amb
K195C,0.6827,LPath
K195D,0.518,Amb
K195E,0.1369,LBen
K195F,0.803,LPath
K195G,0.4059,Amb
K195H,0.3127,LBen
K195I,0.4625,Amb
K195L,0.4051,Amb
K195M,0.2585,LBen
K195N,0.389,Amb
K195P,0.8879,LPath
K195Q,0.135,LBen
K195R,0.0862,LBen
K195S,0.4289,Amb
K195T,0.2348,LBen
K195V,0.4034,Amb
K195W,0.7009,LPath
K195Y,0.6082,LPath
D196A,0.1754,LBen
D196C,0.546,Amb
D196E,0.1947,LBen
D196F,0.5522,Amb
D196G,0.1069,LBen
D196H,0.265,LBen
D196I,0.4203,Amb
D196K,0.4028,Amb
D196L,0.4269,Amb
D196M,0.6137,LPath
D196N,0.1123,LBen
D196P,0.561,Amb
D196Q,0.3637,Amb
D196R,0.4187,Amb
D196S,0.1413,LBen
D196T,0.2633,LBen
D196V,0.239,LBen
D196W,0.8009,LPath
D196Y,0.1812,LBen
L197A,0.5886,LPath
L197C,0.5795,LPath
L197D,0.9487,LPath
L197E,0.8118,LPath
L197F,0.3178,LBen
L197G,0.8309,LPath
L197H,0.5552,Amb
L197I,0.2028,LBen
L197K,0.7453,LPath
L197M,0.1642,LBen
L197N,0.7788,LPath
L197P,0.9397,LPath
L197Q,0.4896,Amb
L197R,0.5196,Amb
L197S,0.6934,LPath
L197T,0.5543,Amb
L197V,0.2048,LBen
L197W,0.6039,LPath
L197Y,0.6423,LPath
F198A,0.6766,LPath
F198C,0.443,Amb
F198D,0.8812,LPath
F198E,0.9215,LPath
F198G,0.7789,LPath
F198H,0.6024,LPath
F198I,0.7392,LPath
F198K,0.9295,LPath
F198L,0.9134,LPath
F198M,0.8059,LPath
F198N,0.7878,LPath
F198P,0.9542,LPath
F198Q,0.8558,LPath
F198R,0.8011,LPath
F198S,0.5254,Amb
F198T,0.8225,LPath
F198V,0.613,LPath
F198W,0.5436,Amb
F198Y,0.1937,LBen
V199A,0.7483,LPath
V199C,0.9092,LPath
V199D,0.9957,LPath
V199E,0.9853,LPath
V199F,0.8498,LPath
V199G,0.9185,LPath
V199H,0.9939,LPath
V199I,0.1252,LBen
V199K,0.9889,LPath
V199L,0.5805,LPath
V199M,0.7236,LPath
V199N,0.9862,LPath
V199P,0.9349,LPath
V199Q,0.9801,LPath
V199R,0.9762,LPath
V199S,0.8995,LPath
V199T,0.7922,LPath
V199W,0.9966,LPath
V199Y,0.9874,LPath
P200A,0.567,LPath
P200C,0.9003,LPath
P200D,0.9182,LPath
P200E,0.8805,LPath
P200F,0.9741,LPath
P200G,0.8847,LPath
P200H,0.777,LPath
P200I,0.9542,LPath
P200K,0.9502,LPath
P200L,0.7264,LPath
P200M,0.9351,LPath
P200N,0.9299,LPath
P200Q,0.8423,LPath
P200R,0.8649,LPath
P200S,0.6184,LPath
P200T,0.6923,LPath
P200V,0.8891,LPath
P200W,0.9702,LPath
P200Y,0.9591,LPath
R201A,0.0998,LBen
R201C,0.151,LBen
R201D,0.1906,LBen
R201E,0.0987,LBen
R201F,0.2664,LBen
R201G,0.0776,LBen
R201H,0.0962,LBen
R201I,0.1388,LBen
R201K,0.0534,LBen
R201L,0.0947,LBen
R201M,0.1197,LBen
R201N,0.1678,LBen
R201P,0.1035,LBen
R201Q,0.0695,LBen
R201S,0.1175,LBen
R201T,0.0883,LBen
R201V,0.1368,LBen
R201W,0.1325,LBen
R201Y,0.1903,LBen
P202A,0.0644,LBen
P202C,0.3426,Amb
P202D,0.286,LBen
P202E,0.1594,LBen
P202F,0.4783,Amb
P202G,0.2606,LBen
P202H,0.1921,LBen
P202I,0.252,LBen
P202K,0.2505,LBen
P202L,0.1388,LBen
P202M,0.275,LBen
P202N,0.2901,LBen
P202Q,0.1336,LBen
P202R,0.177,LBen
P202S,0.1157,LBen
P202T,0.1025,LBen
P202V,0.1497,LBen
P202W,0.4947,Amb
P202Y,0.3788,Amb
V203A,0.605,LPath
V203C,0.9283,LPath
V203D,0.9896,LPath
V203E,0.9574,LPath
V203F,0.7794,LPath
V203G,0.8403,LPath
V203H,0.9908,LPath
V203I,0.1302,LBen
V203K,0.9854,LPath
V203L,0.5802,LPath
V203M,0.5196,Amb
V203N,0.9721,LPath
V203P,0.9731,LPath
V203Q,0.9618,LPath
V203R,0.9761,LPath
V203S,0.8186,LPath
V203T,0.6293,LPath
V203W,0.9952,LPath
V203Y,0.9828,LPath
L204A,0.5413,Amb
L204C,0.6102,LPath
L204D,0.9626,LPath
L204E,0.587,LPath
L204F,0.4437,Amb
L204G,0.7835,LPath
L204H,0.5508,Amb
L204I,0.196,LBen
L204K,0.4572,Amb
L204M,0.2016,LBen
L204N,0.8266,LPath
L204P,0.9446,LPath
L204Q,0.2444,LBen
L204R,0.2797,LBen
L204S,0.6401,LPath
L204T,0.5009,Amb
L204V,0.1886,LBen
L204W,0.5478,Amb
L204Y,0.7207,LPath
R205A,0.2385,LBen
R205C,0.1612,LBen
R205D,0.3771,Amb
R205E,0.1801,LBen
R205F,0.509,Amb
R205G,0.193,LBen
R205H,0.0984,LBen
R205I,0.3664,Amb
R205K,0.1001,LBen
R205L,0.2016,LBen
R205M,0.2601,LBen
R205N,0.3651,Amb
R205P,0.7127,LPath
R205Q,0.0827,LBen
R205S,0.3158,LBen
R205T,0.2149,LBen
R205V,0.3569,Amb
R205W,0.1762,LBen
R205Y,0.2954,LBen
A206C,0.8421,LPath
A206D,0.9653,LPath
A206E,0.9394,LPath
A206F,0.914,LPath
A206G,0.2466,LBen
A206H,0.9429,LPath
A206I,0.92,LPath
A206K,0.9828,LPath
A206L,0.8445,LPath
A206M,0.8456,LPath
A206N,0.9061,LPath
A206P,0.9612,LPath
A206Q,0.9136,LPath
A206R,0.9496,LPath
A206S,0.1586,LBen
A206T,0.6053,LPath
A206V,0.7159,LPath
A206W,0.9848,LPath
A206Y,0.9404,LPath
L207A,0.9045,LPath
L207C,0.8801,LPath
L207D,0.9991,LPath
L207E,0.9907,LPath
L207F,0.7159,LPath
L207G,0.9881,LPath
L207H,0.9843,LPath
L207I,0.248,LBen
L207K,0.9873,LPath
L207M,0.3348,LBen
L207N,0.993,LPath
L207P,0.9883,LPath
L207Q,0.9659,LPath
L207R,0.9631,LPath
L207S,0.9805,LPath
L207T,0.928,LPath
L207V,0.2624,LBen
L207W,0.9601,LPath
L207Y,0.98,LPath
S208A,0.0974,LBen
S208C,0.1363,LBen
S208D,0.7218,LPath
S208E,0.6894,LPath
S208F,0.4422,Amb
S208G,0.1332,LBen
S208H,0.4881,Amb
S208I,0.5756,LPath
S208K,0.8399,LPath
S208L,0.2798,LBen
S208M,0.488,Amb
S208N,0.4056,Amb
S208P,0.837,LPath
S208Q,0.6165,LPath
S208R,0.6783,LPath
S208T,0.1982,LBen
S208V,0.4766,Amb
S208W,0.5171,Amb
S208Y,0.3253,LBen
F209A,0.2979,LBen
F209C,0.1886,LBen
F209D,0.4757,Amb
F209E,0.551,Amb
F209G,0.5918,LPath
F209H,0.2813,LBen
F209I,0.1601,LBen
F209K,0.579,LPath
F209L,0.652,LPath
F209M,0.3616,Amb
F209N,0.4151,Amb
F209P,0.9774,LPath
F209Q,0.4937,Amb
F209R,0.4243,Amb
F209S,0.1998,LBen
F209T,0.3218,LBen
F209V,0.1434,LBen
F209W,0.3796,Amb
F209Y,0.1069,LBen
L210A,0.3617,Amb
L210C,0.4926,Amb
L210D,0.903,LPath
L210E,0.5293,Amb
L210F,0.208,LBen
L210G,0.7104,LPath
L210H,0.2967,LBen
L210I,0.1977,LBen
L210K,0.503,Amb
L210M,0.1557,LBen
L210N,0.6821,LPath
L210P,0.9008,LPath
L210Q,0.2291,LBen
L210R,0.2939,LBen
L210S,0.3711,Amb
L210T,0.4005,Amb
L210V,0.2014,LBen
L210W,0.3325,LBen
L210Y,0.5302,Amb
G211A,0.3419,Amb
G211C,0.3779,Amb
G211D,0.4026,Amb
G211E,0.4629,Amb
G211F,0.9097,LPath
G211H,0.514,Amb
G211I,0.8544,LPath
G211K,0.5746,LPath
G211L,0.7912,LPath
G211M,0.8566,LPath
G211N,0.4376,Amb
G211P,0.9753,LPath
G211Q,0.4615,Amb
G211R,0.4428,Amb
G211S,0.2142,LBen
G211T,0.5963,LPath
G211V,0.7294,LPath
G211W,0.7834,LPath
G211Y,0.7338,LPath
F212A,0.9704,LPath
F212C,0.7806,LPath
F212D,0.992,LPath
F212E,0.9914,LPath
F212G,0.9855,LPath
F212H,0.9029,LPath
F212I,0.7944,LPath
F212K,0.9835,LPath
F212L,0.9796,LPath
F212M,0.9,LPath
F212N,0.9632,LPath
F212P,0.9994,LPath
F212Q,0.9757,LPath
F212R,0.958,LPath
F212S,0.9507,LPath
F212T,0.9819,LPath
F212V,0.804,LPath
F212W,0.7961,LPath
F212Y,0.3025,LBen
S213A,0.0725,LBen
S213C,0.1005,LBen
S213D,0.3942,Amb
S213E,0.4418,Amb
S213F,0.1979,LBen
S213G,0.08,LBen
S213H,0.2956,LBen
S213I,0.2016,LBen
S213K,0.5228,Amb
S213L,0.1036,LBen
S213M,0.2311,LBen
S213N,0.1658,LBen
S213P,0.1615,LBen
S213Q,0.4213,Amb
S213R,0.4017,Amb
S213T,0.0781,LBen
S213V,0.1849,LBen
S213W,0.3248,LBen
S213Y,0.2022,LBen
A214C,0.3337,LBen
A214D,0.4081,Amb
A214E,0.2702,LBen
A214F,0.2659,LBen
A214G,0.1689,LBen
A214H,0.3892,Amb
A214I,0.2495,LBen
A214K,0.3888,Amb
A214L,0.1946,LBen
A214M,0.1961,LBen
A214N,0.3006,LBen
A214P,0.7712,LPath
A214Q,0.2815,LBen
A214R,0.3275,LBen
A214S,0.081,LBen
A214T,0.0852,LBen
A214V,0.1199,LBen
A214W,0.7433,LPath
A214Y,0.424,Amb
P215A,0.552,Amb
P215C,0.9588,LPath
P215D,0.998,LPath
P215E,0.9887,LPath
P215F,0.9932,LPath
P215G,0.9738,LPath
P215H,0.9816,LPath
P215I,0.9583,LPath
P215K,0.9888,LPath
P215L,0.7801,LPath
P215M,0.9647,LPath
P215N,0.996,LPath
P215Q,0.9698,LPath
P215R,0.9543,LPath
P215S,0.9184,LPath
P215T,0.914,LPath
P215V,0.8811,LPath
P215W,0.9977,LPath
P215Y,0.9946,LPath
T216A,0.3113,LBen
T216C,0.7984,LPath
T216D,0.9088,LPath
T216E,0.8734,LPath
T216F,0.8489,LPath
T216G,0.616,LPath
T216H,0.7349,LPath
T216I,0.8258,LPath
T216K,0.7729,LPath
T216L,0.4297,Amb
T216M,0.3288,LBen
T216N,0.5033,Amb
T216P,0.5639,Amb
T216Q,0.7493,LPath
T216R,0.7416,LPath
T216S,0.1781,LBen
T216V,0.6709,LPath
T216W,0.9679,LPath
T216Y,0.8578,LPath
P217A,0.0795,LBen
P217C,0.5485,Amb
P217D,0.6299,LPath
P217E,0.3304,LBen
P217F,0.6402,LPath
P217G,0.4244,Amb
P217H,0.2603,LBen
P217I,0.4509,Amb
P217K,0.3933,Amb
P217L,0.1757,LBen
P217M,0.419,Amb
P217N,0.5227,Amb
P217Q,0.1981,LBen
P217R,0.1995,LBen
P217S,0.1515,LBen
P217T,0.154,LBen
P217V,0.2654,LBen
P217W,0.738,LPath
P217Y,0.5678,LPath
I218A,0.7948,LPath
I218C,0.9128,LPath
I218D,0.9964,LPath
I218E,0.9874,LPath
I218F,0.7332,LPath
I218G,0.9699,LPath
I218H,0.9868,LPath
I218K,0.9881,LPath
I218L,0.27,LBen
I218M,0.3162,LBen
I218N,0.9498,LPath
I218P,0.972,LPath
I218Q,0.9776,LPath
I218R,0.9776,LPath
I218S,0.8748,LPath
I218T,0.7991,LPath
I218V,0.0812,LBen
I218W,0.9931,LPath
I218Y,0.9695,LPath
Q219A,0.6672,LPath
Q219C,0.9741,LPath
Q219D,0.9916,LPath
Q219E,0.3302,LBen
Q219F,0.9917,LPath
Q219G,0.8584,LPath
Q219H,0.9665,LPath
Q219I,0.8781,LPath
Q219K,0.8917,LPath
Q219L,0.6876,LPath
Q219M,0.7486,LPath
Q219N,0.9681,LPath
Q219P,0.9239,LPath
Q219R,0.9208,LPath
Q219S,0.8516,LPath
Q219T,0.8458,LPath
Q219V,0.795,LPath
Q219W,0.9972,LPath
Q219Y,0.9935,LPath
A220C,0.6352,LPath
A220D,0.732,LPath
A220E,0.4991,Amb
A220F,0.5576,Amb
A220G,0.2472,LBen
A220H,0.7093,LPath
A220I,0.4792,Amb
A220K,0.6558,LPath
A220L,0.3486,Amb
A220M,0.3316,LBen
A220N,0.5508,Amb
A220P,0.9626,LPath
A220Q,0.503,Amb
A220R,0.5624,Amb
A220S,0.1467,LBen
A220T,0.1843,LBen
A220V,0.2266,LBen
A220W,0.9061,LPath
A220Y,0.6682,LPath
L221A,0.2772,LBen
L221C,0.4878,Amb
L221D,0.8681,LPath
L221E,0.4438,Amb
L221F,0.2139,LBen
L221G,0.6462,LPath
L221H,0.3542,Amb
L221I,0.1761,LBen
L221K,0.3367,LBen
L221M,0.1152,LBen
L221N,0.6252,LPath
L221P,0.9354,LPath
L221Q,0.1863,LBen
L221R,0.2244,LBen
L221S,0.3472,Amb
L221T,0.3931,Amb
L221V,0.1437,LBen
L221W,0.3801,Amb
L221Y,0.4892,Amb
T222A,0.0717,LBen
T222C,0.2846,LBen
T222D,0.955,LPath
T222E,0.936,LPath
T222F,0.7461,LPath
T222G,0.4268,Amb
T222H,0.8689,LPath
T222I,0.274,LBen
T222K,0.9421,LPath
T222L,0.2326,LBen
T222M,0.1857,LBen
T222N,0.623,LPath
T222P,0.7512,LPath
T222Q,0.8606,LPath
T222R,0.9028,LPath
T222S,0.162,LBen
T222V,0.1283,LBen
T222W,0.9705,LPath
T222Y,0.8787,LPath
L223A,0.7804,LPath
L223C,0.8597,LPath
L223D,0.9986,LPath
L223E,0.9878,LPath
L223F,0.5514,Amb
L223G,0.977,LPath
L223H,0.969,LPath
L223I,0.1185,LBen
L223K,0.9887,LPath
L223M,0.2352,LBen
L223N,0.9859,LPath
L223P,0.9834,LPath
L223Q,0.9518,LPath
L223R,0.9658,LPath
L223S,0.9362,LPath
L223T,0.7948,LPath
L223V,0.1417,LBen
L223W,0.9142,LPath
L223Y,0.9538,LPath
A224C,0.3462,Amb
A224D,0.5335,Amb
A224E,0.3881,Amb
A224F,0.33,LBen
A224G,0.1321,LBen
A224H,0.5096,Amb
A224I,0.1587,LBen
A224K,0.4976,Amb
A224L,0.1435,LBen
A224M,0.2022,LBen
A224N,0.3433,Amb
A224P,0.0946,LBen
A224Q,0.3574,Amb
A224R,0.4563,Amb
A224S,0.106,LBen
A224T,0.1019,LBen
A224V,0.0784,LBen
A224W,0.7332,LPath
A224Y,0.4922,Amb
P225A,0.0821,LBen
P225C,0.3914,Amb
P225D,0.7528,LPath
P225E,0.5841,LPath
P225F,0.6306,LPath
P225G,0.3914,Amb
P225H,0.3026,LBen
P225I,0.5367,Amb
P225K,0.6379,LPath
P225L,0.2387,LBen
P225M,0.498,Amb
P225N,0.5817,LPath
P225Q,0.3356,LBen
P225R,0.3895,Amb
P225S,0.1333,LBen
P225T,0.1644,LBen
P225V,0.2972,LBen
P225W,0.6912,LPath
P225Y,0.5405,Amb
A226C,0.6869,LPath
A226D,0.9905,LPath
A226E,0.9786,LPath
A226F,0.9408,LPath
A226G,0.3888,Amb
A226H,0.986,LPath
A226I,0.7983,LPath
A226K,0.9949,LPath
A226L,0.7092,LPath
A226M,0.733,LPath
A226N,0.9658,LPath
A226P,0.9798,LPath
A226Q,0.9614,LPath
A226R,0.9824,LPath
A226S,0.2255,LBen
A226T,0.4224,Amb
A226V,0.4554,Amb
A226W,0.995,LPath
A226Y,0.9807,LPath
I227A,0.8703,LPath
I227C,0.9348,LPath
I227D,0.9971,LPath
I227E,0.9861,LPath
I227F,0.6094,LPath
I227G,0.9783,LPath
I227H,0.9847,LPath
I227K,0.9696,LPath
I227L,0.233,LBen
I227M,0.2351,LBen
I227N,0.9588,LPath
I227P,0.993,LPath
I227Q,0.9685,LPath
I227R,0.9499,LPath
I227S,0.9028,LPath
I227T,0.8321,LPath
I227V,0.1256,LBen
I227W,0.9798,LPath
I227Y,0.9558,LPath
R228A,0.8653,LPath
R228C,0.4974,Amb
R228D,0.9687,LPath
R228E,0.8034,LPath
R228F,0.9408,LPath
R228G,0.7576,LPath
R228H,0.3943,Amb
R228I,0.8385,LPath
R228K,0.3476,Amb
R228L,0.742,LPath
R228M,0.847,LPath
R228N,0.9511,LPath
R228P,0.9801,LPath
R228Q,0.2902,LBen
R228S,0.9182,LPath
R228T,0.8588,LPath
R228V,0.8646,LPath
R228W,0.5184,Amb
R228Y,0.8426,LPath
D229A,0.7589,LPath
D229C,0.9347,LPath
D229E,0.6871,LPath
D229F,0.943,LPath
D229G,0.4309,Amb
D229H,0.8154,LPath
D229I,0.9694,LPath
D229K,0.8985,LPath
D229L,0.9158,LPath
D229M,0.9711,LPath
D229N,0.4361,Amb
D229P,0.9873,LPath
D229Q,0.8418,LPath
D229R,0.8653,LPath
D229S,0.5926,LPath
D229T,0.8783,LPath
D229V,0.8824,LPath
D229W,0.9684,LPath
D229Y,0.6265,LPath
K230A,0.261,LBen
K230C,0.3289,LBen
K230D,0.2809,LBen
K230E,0.1145,LBen
K230F,0.6106,LPath
K230G,0.1427,LBen
K230H,0.1233,LBen
K230I,0.5411,Amb
K230L,0.3642,Amb
K230M,0.2597,LBen
K230N,0.1653,LBen
K230P,0.6376,LPath
K230Q,0.0899,LBen
K230R,0.0621,LBen
K230S,0.1912,LBen
K230T,0.173,LBen
K230V,0.4442,Amb
K230W,0.5259,Amb
K230Y,0.3771,Amb
L231A,0.1975,LBen
L231C,0.3104,LBen
L231D,0.681,LPath
L231E,0.2884,LBen
L231F,0.1533,LBen
L231G,0.4103,Amb
L231H,0.1786,LBen
L231I,0.1601,LBen
L231K,0.1494,LBen
L231M,0.0765,LBen
L231N,0.4,Amb
L231P,0.8385,LPath
L231Q,0.0897,LBen
L231R,0.0936,LBen
L231S,0.2441,LBen
L231T,0.2072,LBen
L231V,0.1186,LBen
L231W,0.1534,LBen
L231Y,0.2541,LBen
D232A,0.9254,LPath
D232C,0.9785,LPath
D232E,0.9292,LPath
D232F,0.9912,LPath
D232G,0.8793,LPath
D232H,0.9422,LPath
D232I,0.9912,LPath
D232K,0.9901,LPath
D232L,0.9855,LPath
D232M,0.9954,LPath
D232N,0.752,LPath
D232P,0.983,LPath
D232Q,0.9746,LPath
D232R,0.9847,LPath
D232S,0.8038,LPath
D232T,0.9671,LPath
D232V,0.9657,LPath
D232W,0.9968,LPath
D232Y,0.9354,LPath
I233A,0.8718,LPath
I233C,0.8581,LPath
I233D,0.9948,LPath
I233E,0.9896,LPath
I233F,0.6015,LPath
I233G,0.9651,LPath
I233H,0.9789,LPath
I233K,0.9827,LPath
I233L,0.2762,LBen
I233M,0.3399,LBen
I233N,0.9342,LPath
I233P,0.9902,LPath
I233Q,0.9809,LPath
I233R,0.968,LPath
I233S,0.8861,LPath
I233T,0.7812,LPath
I233V,0.0744,LBen
I233W,0.9867,LPath
I233Y,0.9286,LPath
L234A,0.5219,Amb
L234C,0.6245,LPath
L234D,0.995,LPath
L234E,0.9624,LPath
L234F,0.3221,LBen
L234G,0.921,LPath
L234H,0.8777,LPath
L234I,0.1011,LBen
L234K,0.9586,LPath
L234M,0.2013,LBen
L234N,0.9742,LPath
L234P,0.9786,LPath
L234Q,0.8565,LPath
L234R,0.8805,LPath
L234S,0.7944,LPath
L234T,0.5737,LPath
L234V,0.0849,LBen
L234W,0.6995,LPath
L234Y,0.8415,LPath
G235A,0.3671,Amb
G235C,0.8022,LPath
G235D,0.9924,LPath
G235E,0.9904,LPath
G235F,0.9876,LPath
G235H,0.9971,LPath
G235I,0.9432,LPath
G235K,0.9975,LPath
G235L,0.9373,LPath
G235M,0.9738,LPath
G235N,0.9942,LPath
G235P,0.9973,LPath
G235Q,0.9934,LPath
G235R,0.9909,LPath
G235S,0.733,LPath
G235T,0.9186,LPath
G235V,0.8514,LPath
G235W,0.9894,LPath
G235Y,0.9897,LPath
A236C,0.8759,LPath
A236D,0.9912,LPath
A236E,0.9736,LPath
A236F,0.907,LPath
A236G,0.4193,Amb
A236H,0.9811,LPath
A236I,0.9315,LPath
A236K,0.9852,LPath
A236L,0.8661,LPath
A236M,0.8502,LPath
A236N,0.9701,LPath
A236P,0.9935,LPath
A236Q,0.9522,LPath
A236R,0.9456,LPath
A236S,0.3121,LBen
A236T,0.6857,LPath
A236V,0.7581,LPath
A236W,0.9918,LPath
A236Y,0.9653,LPath
A237C,0.8799,LPath
A237D,0.9933,LPath
A237E,0.9882,LPath
A237F,0.9864,LPath
A237G,0.5693,LPath
A237H,0.9944,LPath
A237I,0.9887,LPath
A237K,0.9974,LPath
A237L,0.9364,LPath
A237M,0.9583,LPath
A237N,0.9903,LPath
A237P,0.9952,LPath
A237Q,0.981,LPath
A237R,0.9831,LPath
A237S,0.3125,LBen
A237T,0.8157,LPath
A237V,0.9037,LPath
A237W,0.9979,LPath
A237Y,0.994,LPath
E238A,0.5653,LPath
E238C,0.9915,LPath
E238D,0.9191,LPath
E238F,0.9963,LPath
E238G,0.7626,LPath
E238H,0.9876,LPath
E238I,0.9514,LPath
E238K,0.8331,LPath
E238L,0.9672,LPath
E238M,0.9533,LPath
E238N,0.9585,LPath
E238P,0.8425,LPath
E238Q,0.5735,LPath
E238R,0.8809,LPath
E238S,0.7747,LPath
E238T,0.8976,LPath
E238V,0.8417,LPath
E238W,0.9994,LPath
E238Y,0.9956,LPath
T239A,0.9561,LPath
T239C,0.9973,LPath
T239D,0.9919,LPath
T239E,0.9798,LPath
T239F,0.9927,LPath
T239G,0.9639,LPath
T239H,0.9929,LPath
T239I,0.986,LPath
T239K,0.9881,LPath
T239L,0.9728,LPath
T239M,0.9252,LPath
T239N,0.9701,LPath
T239P,0.9585,LPath
T239Q,0.9946,LPath
T239R,0.99,LPath
T239S,0.955,LPath
T239V,0.9576,LPath
T239W,0.9976,LPath
T239Y,0.9948,LPath
G240A,0.9126,LPath
G240C,0.9777,LPath
G240D,0.992,LPath
G240E,0.9917,LPath
G240F,0.9967,LPath
G240H,0.9977,LPath
G240I,0.9924,LPath
G240K,0.9968,LPath
G240L,0.9915,LPath
G240M,0.9967,LPath
G240N,0.9938,LPath
G240P,0.998,LPath
G240Q,0.9937,LPath
G240R,0.9829,LPath
G240S,0.8649,LPath
G240T,0.9823,LPath
G240V,0.9772,LPath
G240W,0.9941,LPath
G240Y,0.9961,LPath
S241A,0.5321,Amb
S241C,0.5265,Amb
S241D,0.9833,LPath
S241E,0.9833,LPath
S241F,0.9405,LPath
S241G,0.5648,LPath
S241H,0.9624,LPath
S241I,0.9538,LPath
S241K,0.9959,LPath
S241L,0.8541,LPath
S241M,0.9138,LPath
S241N,0.9084,LPath
S241P,0.993,LPath
S241Q,0.9814,LPath
S241R,0.9888,LPath
S241T,0.5993,LPath
S241V,0.9195,LPath
S241W,0.9258,LPath
S241Y,0.92,LPath
G242A,0.9317,LPath
G242C,0.9526,LPath
G242D,0.9909,LPath
G242E,0.9879,LPath
G242F,0.9967,LPath
G242H,0.9958,LPath
G242I,0.9957,LPath
G242K,0.9933,LPath
G242L,0.9893,LPath
G242M,0.9946,LPath
G242N,0.9913,LPath
G242P,0.9991,LPath
G242Q,0.9842,LPath
G242R,0.9673,LPath
G242S,0.8523,LPath
G242T,0.9852,LPath
G242V,0.9884,LPath
G242W,0.9873,LPath
G242Y,0.9943,LPath
K243A,0.997,LPath
K243C,0.9989,LPath
K243D,0.9936,LPath
K243E,0.9785,LPath
K243F,0.9994,LPath
K243G,0.9958,LPath
K243H,0.9934,LPath
K243I,0.9975,LPath
K243L,0.9977,LPath
K243M,0.9934,LPath
K243N,0.9891,LPath
K243P,0.9978,LPath
K243Q,0.9913,LPath
K243R,0.7331,LPath
K243S,0.9965,LPath
K243T,0.9892,LPath
K243V,0.9975,LPath
K243W,0.9993,LPath
K243Y,0.9973,LPath
T244A,0.9443,LPath
T244C,0.989,LPath
T244D,0.9897,LPath
T244E,0.988,LPath
T244F,0.9884,LPath
T244G,0.9695,LPath
T244H,0.9772,LPath
T244I,0.9605,LPath
T244K,0.9854,LPath
T244L,0.9258,LPath
T244M,0.8191,LPath
T244N,0.9521,LPath
T244P,0.9625,LPath
T244Q,0.9877,LPath
T244R,0.9848,LPath
T244S,0.8234,LPath
T244V,0.9337,LPath
T244W,0.9969,LPath
T244Y,0.9862,LPath
L245A,0.723,LPath
L245C,0.8926,LPath
L245D,0.9944,LPath
L245E,0.947,LPath
L245F,0.551,Amb
L245G,0.9564,LPath
L245H,0.9033,LPath
L245I,0.3184,LBen
L245K,0.9205,LPath
L245M,0.2469,LBen
L245N,0.9711,LPath
L245P,0.9592,LPath
L245Q,0.818,LPath
L245R,0.8105,LPath
L245S,0.887,LPath
L245T,0.7437,LPath
L245V,0.2802,LBen
L245W,0.7905,LPath
L245Y,0.9026,LPath
A246C,0.7956,LPath
A246D,0.989,LPath
A246E,0.9891,LPath
A246F,0.9817,LPath
A246G,0.3465,Amb
A246H,0.9932,LPath
A246I,0.9351,LPath
A246K,0.9985,LPath
A246L,0.8787,LPath
A246M,0.9333,LPath
A246N,0.9715,LPath
A246P,0.9693,LPath
A246Q,0.9823,LPath
A246R,0.9929,LPath
A246S,0.1522,LBen
A246T,0.5377,Amb
A246V,0.6927,LPath
A246W,0.9984,LPath
A246Y,0.9929,LPath
F247A,0.9735,LPath
F247C,0.9108,LPath
F247D,0.9988,LPath
F247E,0.9986,LPath
F247G,0.9907,LPath
F247H,0.986,LPath
F247I,0.9056,LPath
F247K,0.9987,LPath
F247L,0.9872,LPath
F247M,0.9441,LPath
F247N,0.994,LPath
F247P,0.9994,LPath
F247Q,0.9974,LPath
F247R,0.9959,LPath
F247S,0.973,LPath
F247T,0.987,LPath
F247V,0.8501,LPath
F247W,0.8879,LPath
F247Y,0.5078,Amb
A248C,0.657,LPath
A248D,0.9865,LPath
A248E,0.9811,LPath
A248F,0.9223,LPath
A248G,0.1174,LBen
A248H,0.9871,LPath
A248I,0.8274,LPath
A248K,0.9964,LPath
A248L,0.7089,LPath
A248M,0.7771,LPath
A248N,0.9628,LPath
A248P,0.9807,LPath
A248Q,0.9674,LPath
A248R,0.9878,LPath
A248S,0.1535,LBen
A248T,0.3889,Amb
A248V,0.5562,Amb
A248W,0.9938,LPath
A248Y,0.9803,LPath
I249A,0.929,LPath
I249C,0.9745,LPath
I249D,0.999,LPath
I249E,0.9973,LPath
I249F,0.7458,LPath
I249G,0.9916,LPath
I249H,0.9964,LPath
I249K,0.9955,LPath
I249L,0.2481,LBen
I249M,0.3781,Amb
I249N,0.983,LPath
I249P,0.9935,LPath
I249Q,0.9953,LPath
I249R,0.9938,LPath
I249S,0.9582,LPath
I249T,0.9343,LPath
I249V,0.161,LBen
I249W,0.9955,LPath
I249Y,0.9818,LPath
P250A,0.6796,LPath
P250C,0.9635,LPath
P250D,0.9976,LPath
P250E,0.993,LPath
P250F,0.9944,LPath
P250G,0.9438,LPath
P250H,0.9846,LPath
P250I,0.9654,LPath
P250K,0.9959,LPath
P250L,0.8515,LPath
P250M,0.9806,LPath
P250N,0.9931,LPath
P250Q,0.9777,LPath
P250R,0.9808,LPath
P250S,0.8659,LPath
P250T,0.834,LPath
P250V,0.8905,LPath
P250W,0.9981,LPath
P250Y,0.9953,LPath
M251A,0.6037,LPath
M251C,0.8154,LPath
M251D,0.9971,LPath
M251E,0.9719,LPath
M251F,0.7342,LPath
M251G,0.9255,LPath
M251H,0.9834,LPath
M251I,0.4227,Amb
M251K,0.9508,LPath
M251L,0.1694,LBen
M251N,0.9676,LPath
M251P,0.9867,LPath
M251Q,0.8842,LPath
M251R,0.9461,LPath
M251S,0.8213,LPath
M251T,0.4907,Amb
M251V,0.0869,LBen
M251W,0.9751,LPath
M251Y,0.9722,LPath
I252A,0.8674,LPath
I252C,0.8974,LPath
I252D,0.9967,LPath
I252E,0.9889,LPath
I252F,0.4227,Amb
I252G,0.973,LPath
I252H,0.983,LPath
I252K,0.9828,LPath
I252L,0.111,LBen
I252M,0.1501,LBen
I252N,0.9473,LPath
I252P,0.9941,LPath
I252Q,0.9789,LPath
I252R,0.9738,LPath
I252S,0.9254,LPath
I252T,0.8475,LPath
I252V,0.1655,LBen
I252W,0.9717,LPath
I252Y,0.9076,LPath
H253A,0.3503,Amb
H253C,0.2258,LBen
H253D,0.2208,LBen
H253E,0.3929,Amb
H253F,0.4554,Amb
H253G,0.4388,Amb
H253I,0.6268,LPath
H253K,0.5072,Amb
H253L,0.3223,LBen
H253M,0.71,LPath
H253N,0.1283,LBen
H253P,0.8238,LPath
H253Q,0.2708,LBen
H253R,0.2203,LBen
H253S,0.222,LBen
H253T,0.4341,Amb
H253V,0.4841,Amb
H253W,0.4621,Amb
H253Y,0.1136,LBen
A254C,0.2345,LBen
A254D,0.2382,LBen
A254E,0.202,LBen
A254F,0.2093,LBen
A254G,0.1193,LBen
A254H,0.2689,LBen
A254I,0.2056,LBen
A254K,0.3293,LBen
A254L,0.141,LBen
A254M,0.1547,LBen
A254N,0.2034,LBen
A254P,0.8087,LPath
A254Q,0.2611,LBen
A254R,0.2553,LBen
A254S,0.0859,LBen
A254T,0.0759,LBen
A254V,0.1085,LBen
A254W,0.4692,Amb
A254Y,0.266,LBen
V255A,0.3598,Amb
V255C,0.773,LPath
V255D,0.9538,LPath
V255E,0.8917,LPath
V255F,0.3629,Amb
V255G,0.5918,LPath
V255H,0.9265,LPath
V255I,0.0829,LBen
V255K,0.9169,LPath
V255L,0.3211,LBen
V255M,0.2633,LBen
V255N,0.8326,LPath
V255P,0.9594,LPath
V255Q,0.8641,LPath
V255R,0.8764,LPath
V255S,0.5724,LPath
V255T,0.466,Amb
V255W,0.953,LPath
V255Y,0.8456,LPath
L256A,0.4891,Amb
L256C,0.5328,Amb
L256D,0.9006,LPath
L256E,0.5221,Amb
L256F,0.2084,LBen
L256G,0.7298,LPath
L256H,0.4203,Amb
L256I,0.1215,LBen
L256K,0.4951,Amb
L256M,0.1297,LBen
L256N,0.7067,LPath
L256P,0.9573,LPath
L256Q,0.2386,LBen
L256R,0.3209,LBen
L256S,0.5036,Amb
L256T,0.4313,Amb
L256V,0.1499,LBen
L256W,0.3223,LBen
L256Y,0.5057,Amb
Q257A,0.1656,LBen
Q257C,0.3298,LBen
Q257D,0.2555,LBen
Q257E,0.0682,LBen
Q257F,0.5394,Amb
Q257G,0.1774,LBen
Q257H,0.1702,LBen
Q257I,0.345,Amb
Q257K,0.0912,LBen
Q257L,0.1017,LBen
Q257M,0.2911,LBen
Q257N,0.2222,LBen
Q257P,0.4537,Amb
Q257R,0.0822,LBen
Q257S,0.1916,LBen
Q257T,0.191,LBen
Q257V,0.2242,LBen
Q257W,0.3292,LBen
Q257Y,0.3214,LBen
W258A,0.3165,LBen
W258C,0.3999,Amb
W258D,0.5558,Amb
W258E,0.5083,Amb
W258F,0.2023,LBen
W258G,0.2103,LBen
W258H,0.3807,Amb
W258I,0.4383,Amb
W258K,0.5895,LPath
W258L,0.3024,LBen
W258M,0.4424,Amb
W258N,0.4957,Amb
W258P,0.9326,LPath
W258Q,0.4494,Amb
W258R,0.5018,Amb
W258S,0.2421,LBen
W258T,0.3613,Amb
W258V,0.3844,Amb
W258Y,0.2442,LBen
Q259A,0.2736,LBen
Q259C,0.4125,Amb
Q259D,0.3684,Amb
Q259E,0.09,LBen
Q259F,0.5798,LPath
Q259G,0.201,LBen
Q259H,0.1515,LBen
Q259I,0.4209,Amb
Q259K,0.0815,LBen
Q259L,0.1504,LBen
Q259M,0.3635,Amb
Q259N,0.2615,LBen
Q259P,0.28,LBen
Q259R,0.0797,LBen
Q259S,0.2798,LBen
Q259T,0.2758,LBen
Q259V,0.3049,LBen
Q259W,0.3223,LBen
Q259Y,0.3344,LBen
K260A,0.1293,LBen
K260C,0.3413,Amb
K260D,0.1952,LBen
K260E,0.0686,LBen
K260F,0.4188,Amb
K260G,0.1308,LBen
K260H,0.166,LBen
K260I,0.1786,LBen
K260L,0.1571,LBen
K260M,0.1196,LBen
K260N,0.1378,LBen
K260P,0.3523,Amb
K260Q,0.0759,LBen
K260R,0.0684,LBen
K260S,0.1444,LBen
K260T,0.0991,LBen
K260V,0.1557,LBen
K260W,0.4171,Amb
K260Y,0.2978,LBen
R261A,0.1052,LBen
R261C,0.1185,LBen
R261D,0.1523,LBen
R261E,0.0956,LBen
R261F,0.2485,LBen
R261G,0.0611,LBen
R261H,0.0974,LBen
R261I,0.1162,LBen
R261K,0.0612,LBen
R261L,0.1159,LBen
R261M,0.1044,LBen
R261N,0.1402,LBen
R261P,0.1924,LBen
R261Q,0.0706,LBen
R261S,0.1216,LBen
R261T,0.0833,LBen
R261V,0.1332,LBen
R261W,0.1152,LBen
R261Y,0.1743,LBen
N262A,0.0928,LBen
N262C,0.131,LBen
N262D,0.0787,LBen
N262E,0.0941,LBen
N262F,0.2379,LBen
N262G,0.1244,LBen
N262H,0.0715,LBen
N262I,0.1054,LBen
N262K,0.0709,LBen
N262L,0.112,LBen
N262M,0.1505,LBen
N262P,0.1599,LBen
N262Q,0.1019,LBen
N262R,0.087,LBen
N262S,0.0734,LBen
N262T,0.0827,LBen
N262V,0.0999,LBen
N262W,0.3361,LBen
N262Y,0.0832,LBen
A263C,0.191,LBen
A263D,0.0949,LBen
A263E,0.095,LBen
A263F,0.1321,LBen
A263G,0.0861,LBen
A263H,0.1475,LBen
A263I,0.1002,LBen
A263K,0.1203,LBen
A263L,0.0855,LBen
A263M,0.1108,LBen
A263N,0.111,LBen
A263P,0.0686,LBen
A263Q,0.1235,LBen
A263R,0.1102,LBen
A263S,0.0767,LBen
A263T,0.0671,LBen
A263V,0.072,LBen
A263W,0.2671,LBen
A263Y,0.1582,LBen
A264C,0.1861,LBen
A264D,0.099,LBen
A264E,0.0944,LBen
A264F,0.1103,LBen
A264G,0.0891,LBen
A264H,0.1524,LBen
A264I,0.0878,LBen
A264K,0.1192,LBen
A264L,0.0742,LBen
A264M,0.1016,LBen
A264N,0.1075,LBen
A264P,0.0706,LBen
A264Q,0.1216,LBen
A264R,0.1146,LBen
A264S,0.0727,LBen
A264T,0.0628,LBen
A264V,0.0672,LBen
A264W,0.2638,LBen
A264Y,0.1532,LBen
P265A,0.0596,LBen
P265C,0.1602,LBen
P265D,0.1493,LBen
P265E,0.1132,LBen
P265F,0.1234,LBen
P265G,0.1282,LBen
P265H,0.0855,LBen
P265I,0.1027,LBen
P265K,0.1101,LBen
P265L,0.0645,LBen
P265M,0.1321,LBen
P265N,0.1357,LBen
P265Q,0.0821,LBen
P265R,0.0796,LBen
P265S,0.0675,LBen
P265T,0.0662,LBen
P265V,0.0866,LBen
P265W,0.2031,LBen
P265Y,0.1417,LBen
P266A,0.0496,LBen
P266C,0.1288,LBen
P266D,0.1148,LBen
P266E,0.0908,LBen
P266F,0.099,LBen
P266G,0.103,LBen
P266H,0.0704,LBen
P266I,0.0707,LBen
P266K,0.0904,LBen
P266L,0.055,LBen
P266M,0.0989,LBen
P266N,0.1032,LBen
P266Q,0.0678,LBen
P266R,0.0665,LBen
P266S,0.0587,LBen
P266T,0.0543,LBen
P266V,0.064,LBen
P266W,0.173,LBen
P266Y,0.1167,LBen
P267A,0.0553,LBen
P267C,0.1474,LBen
P267D,0.1276,LBen
P267E,0.0998,LBen
P267F,0.1263,LBen
P267G,0.1084,LBen
P267H,0.0785,LBen
P267I,0.1034,LBen
P267K,0.1011,LBen
P267L,0.0624,LBen
P267M,0.1353,LBen
P267N,0.124,LBen
P267Q,0.071,LBen
P267R,0.0676,LBen
P267S,0.064,LBen
P267T,0.0646,LBen
P267V,0.0844,LBen
P267W,0.1714,LBen
P267Y,0.1333,LBen
S268A,0.0673,LBen
S268C,0.0694,LBen
S268D,0.0891,LBen
S268E,0.1189,LBen
S268F,0.1309,LBen
S268G,0.0516,LBen
S268H,0.1093,LBen
S268I,0.0874,LBen
S268K,0.142,LBen
S268L,0.0889,LBen
S268M,0.1497,LBen
S268N,0.0716,LBen
S268P,0.0855,LBen
S268Q,0.1325,LBen
S268R,0.1001,LBen
S268T,0.0754,LBen
S268V,0.0953,LBen
S268W,0.1387,LBen
S268Y,0.0989,LBen
N269A,0.0831,LBen
N269C,0.1182,LBen
N269D,0.0627,LBen
N269E,0.1166,LBen
N269F,0.1957,LBen
N269G,0.105,LBen
N269H,0.0713,LBen
N269I,0.0959,LBen
N269K,0.0984,LBen
N269L,0.102,LBen
N269M,0.1708,LBen
N269P,0.1356,LBen
N269Q,0.1292,LBen
N269R,0.0961,LBen
N269S,0.0633,LBen
N269T,0.0755,LBen
N269V,0.0944,LBen
N269W,0.3437,Amb
N269Y,0.0859,LBen
T270A,0.0593,LBen
T270C,0.2112,LBen
T270D,0.1246,LBen
T270E,0.1067,LBen
T270F,0.1317,LBen
T270G,0.1006,LBen
T270H,0.127,LBen
T270I,0.0903,LBen
T270K,0.0904,LBen
T270L,0.0756,LBen
T270M,0.0847,LBen
T270N,0.0869,LBen
T270P,0.0692,LBen
T270Q,0.1177,LBen
T270R,0.072,LBen
T270S,0.0802,LBen
T270V,0.0881,LBen
T270W,0.2452,LBen
T270Y,0.143,LBen
E271A,0.0674,LBen
E271C,0.3233,LBen
E271D,0.0845,LBen
E271F,0.2735,LBen
E271G,0.0532,LBen
E271H,0.1642,LBen
E271I,0.1489,LBen
E271K,0.0658,LBen
E271L,0.1356,LBen
E271M,0.1936,LBen
E271N,0.1294,LBen
E271P,0.1642,LBen
E271Q,0.0815,LBen
E271R,0.0769,LBen
E271S,0.0981,LBen
E271T,0.0955,LBen
E271V,0.0955,LBen
E271W,0.3295,LBen
E271Y,0.2152,LBen
A272C,0.2496,LBen
A272D,0.093,LBen
A272E,0.0865,LBen
A272F,0.1197,LBen
A272G,0.0848,LBen
A272H,0.174,LBen
A272I,0.0916,LBen
A272K,0.125,LBen
A272L,0.0792,LBen
A272M,0.096,LBen
A272N,0.113,LBen
A272P,0.0861,LBen
A272Q,0.1275,LBen
A272R,0.1206,LBen
A272S,0.08,LBen
A272T,0.0641,LBen
A272V,0.0632,LBen
A272W,0.2838,LBen
A272Y,0.163,LBen
P273A,0.0543,LBen
P273C,0.1579,LBen
P273D,0.1319,LBen
P273E,0.1006,LBen
P273F,0.1117,LBen
P273G,0.1215,LBen
P273H,0.0779,LBen
P273I,0.0912,LBen
P273K,0.103,LBen
P273L,0.0559,LBen
P273M,0.1202,LBen
P273N,0.1275,LBen
P273Q,0.0743,LBen
P273R,0.0711,LBen
P273S,0.0634,LBen
P273T,0.0609,LBen
P273V,0.0779,LBen
P273W,0.1757,LBen
P273Y,0.1306,LBen
P274A,0.0553,LBen
P274C,0.1663,LBen
P274D,0.1368,LBen
P274E,0.1018,LBen
P274F,0.1441,LBen
P274G,0.1191,LBen
P274H,0.0879,LBen
P274I,0.1215,LBen
P274K,0.1115,LBen
P274L,0.0654,LBen
P274M,0.1473,LBen
P274N,0.1399,LBen
P274Q,0.0806,LBen
P274R,0.0697,LBen
P274S,0.0711,LBen
P274T,0.0645,LBen
P274V,0.0934,LBen
P274W,0.1778,LBen
P274Y,0.1594,LBen
G275A,0.0745,LBen
G275C,0.1189,LBen
G275D,0.0833,LBen
G275E,0.0648,LBen
G275F,0.2057,LBen
G275H,0.1402,LBen
G275I,0.1127,LBen
G275K,0.0984,LBen
G275L,0.1344,LBen
G275M,0.1728,LBen
G275N,0.1427,LBen
G275P,0.2107,LBen
G275Q,0.0973,LBen
G275R,0.0788,LBen
G275S,0.0871,LBen
G275T,0.083,LBen
G275V,0.0817,LBen
G275W,0.1226,LBen
G275Y,0.1481,LBen
E276A,0.0908,LBen
E276C,0.4454,Amb
E276D,0.0881,LBen
E276F,0.2994,LBen
E276G,0.0658,LBen
E276H,0.1987,LBen
E276I,0.1555,LBen
E276K,0.0717,LBen
E276L,0.1625,LBen
E276M,0.2028,LBen
E276N,0.1319,LBen
E276P,0.208,LBen
E276Q,0.0931,LBen
E276R,0.1009,LBen
E276S,0.1151,LBen
E276T,0.1183,LBen
E276V,0.1073,LBen
E276W,0.4241,Amb
E276Y,0.2321,LBen
T277A,0.067,LBen
T277C,0.2351,LBen
T277D,0.1296,LBen
T277E,0.105,LBen
T277F,0.1236,LBen
T277G,0.1102,LBen
T277H,0.1289,LBen
T277I,0.0938,LBen
T277K,0.0865,LBen
T277L,0.0765,LBen
T277M,0.0776,LBen
T277N,0.0747,LBen
T277P,0.0726,LBen
T277Q,0.11,LBen
T277R,0.0754,LBen
T277S,0.0849,LBen
T277V,0.0964,LBen
T277W,0.2361,LBen
T277Y,0.1368,LBen
R278A,0.0812,LBen
R278C,0.1095,LBen
R278D,0.125,LBen
R278E,0.0874,LBen
R278F,0.184,LBen
R278G,0.057,LBen
R278H,0.0927,LBen
R278I,0.0945,LBen
R278K,0.072,LBen
R278L,0.0884,LBen
R278M,0.1056,LBen
R278N,0.1549,LBen
R278P,0.1074,LBen
R278Q,0.0718,LBen
R278S,0.1054,LBen
R278T,0.0741,LBen
R278V,0.1021,LBen
R278W,0.1033,LBen
R278Y,0.1665,LBen
T279A,0.0621,LBen
T279C,0.2332,LBen
T279D,0.1324,LBen
T279E,0.097,LBen
T279F,0.1308,LBen
T279G,0.1092,LBen
T279H,0.1331,LBen
T279I,0.1,LBen
T279K,0.0854,LBen
T279L,0.0743,LBen
T279M,0.0773,LBen
T279N,0.0875,LBen
T279P,0.0681,LBen
T279Q,0.1081,LBen
T279R,0.0708,LBen
T279S,0.0857,LBen
T279V,0.0955,LBen
T279W,0.22,LBen
T279Y,0.1458,LBen
E280A,0.0766,LBen
E280C,0.4576,Amb
E280D,0.0971,LBen
E280F,0.3258,LBen
E280G,0.0683,LBen
E280H,0.2049,LBen
E280I,0.1759,LBen
E280K,0.0723,LBen
E280L,0.154,LBen
E280M,0.2157,LBen
E280N,0.1552,LBen
E280P,0.1831,LBen
E280Q,0.0967,LBen
E280R,0.0975,LBen
E280S,0.1171,LBen
E280T,0.1101,LBen
E280V,0.11,LBen
E280W,0.4293,Amb
E280Y,0.2666,LBen
A281C,0.2663,LBen
A281D,0.0894,LBen
A281E,0.0929,LBen
A281F,0.1517,LBen
A281G,0.083,LBen
A281H,0.1947,LBen
A281I,0.1285,LBen
A281K,0.1431,LBen
A281L,0.1027,LBen
A281M,0.1297,LBen
A281N,0.1183,LBen
A281P,0.0898,LBen
A281Q,0.1473,LBen
A281R,0.1283,LBen
A281S,0.0827,LBen
A281T,0.0686,LBen
A281V,0.0823,LBen
A281W,0.2906,LBen
A281Y,0.1891,LBen
G282A,0.0648,LBen
G282C,0.1185,LBen
G282D,0.0747,LBen
G282E,0.0595,LBen
G282F,0.1793,LBen
G282H,0.1319,LBen
G282I,0.0968,LBen
G282K,0.0865,LBen
G282L,0.1233,LBen
G282M,0.1538,LBen
G282N,0.1293,LBen
G282P,0.1845,LBen
G282Q,0.0923,LBen
G282R,0.0728,LBen
G282S,0.08,LBen
G282T,0.0728,LBen
G282V,0.0739,LBen
G282W,0.1233,LBen
G282Y,0.1423,LBen
A283C,0.2318,LBen
A283D,0.0915,LBen
A283E,0.0878,LBen
A283F,0.1312,LBen
A283G,0.0784,LBen
A283H,0.1835,LBen
A283I,0.1116,LBen
A283K,0.1297,LBen
A283L,0.0869,LBen
A283M,0.1131,LBen
A283N,0.1167,LBen
A283P,0.0847,LBen
A283Q,0.1381,LBen
A283R,0.1127,LBen
A283S,0.0791,LBen
A283T,0.0656,LBen
A283V,0.0779,LBen
A283W,0.2538,LBen
A283Y,0.1747,LBen
E284A,0.0802,LBen
E284C,0.4622,Amb
E284D,0.0884,LBen
E284F,0.3327,LBen
E284G,0.0672,LBen
E284H,0.2021,LBen
E284I,0.1768,LBen
E284K,0.0724,LBen
E284L,0.1574,LBen
E284M,0.2183,LBen
E284N,0.1403,LBen
E284P,0.1801,LBen
E284Q,0.0896,LBen
E284R,0.0955,LBen
E284S,0.1114,LBen
E284T,0.1151,LBen
E284V,0.1136,LBen
E284W,0.4409,Amb
E284Y,0.2556,LBen
T285A,0.0628,LBen
T285C,0.2191,LBen
T285D,0.1148,LBen
T285E,0.097,LBen
T285F,0.1174,LBen
T285G,0.102,LBen
T285H,0.1215,LBen
T285I,0.091,LBen
T285K,0.086,LBen
T285L,0.0767,LBen
T285M,0.079,LBen
T285N,0.0738,LBen
T285P,0.0651,LBen
T285Q,0.1058,LBen
T285R,0.0761,LBen
T285S,0.0788,LBen
T285V,0.0904,LBen
T285W,0.2285,LBen
T285Y,0.1256,LBen
R286A,0.0674,LBen
R286C,0.0915,LBen
R286D,0.0998,LBen
R286E,0.0809,LBen
R286F,0.1517,LBen
R286G,0.044,LBen
R286H,0.0856,LBen
R286I,0.0825,LBen
R286K,0.0757,LBen
R286L,0.0795,LBen
R286M,0.1057,LBen
R286N,0.1353,LBen
R286P,0.0993,LBen
R286Q,0.071,LBen
R286S,0.084,LBen
R286T,0.0689,LBen
R286V,0.0842,LBen
R286W,0.0855,LBen
R286Y,0.123,LBen
S287A,0.0683,LBen
S287C,0.0834,LBen
S287D,0.1293,LBen
S287E,0.14,LBen
S287F,0.0752,LBen
S287G,0.0802,LBen
S287H,0.1246,LBen
S287I,0.0828,LBen
S287K,0.1981,LBen
S287L,0.0616,LBen
S287M,0.1279,LBen
S287N,0.0982,LBen
S287P,0.0679,LBen
S287Q,0.1664,LBen
S287R,0.1606,LBen
S287T,0.0728,LBen
S287V,0.0908,LBen
S287W,0.11,LBen
S287Y,0.0749,LBen
P288A,0.0547,LBen
P288C,0.1627,LBen
P288D,0.1246,LBen
P288E,0.0954,LBen
P288F,0.1403,LBen
P288G,0.1084,LBen
P288H,0.0842,LBen
P288I,0.1212,LBen
P288K,0.1081,LBen
P288L,0.0672,LBen
P288M,0.1466,LBen
P288N,0.1394,LBen
P288Q,0.0767,LBen
P288R,0.0672,LBen
P288S,0.0681,LBen
P288T,0.0619,LBen
P288V,0.0948,LBen
P288W,0.1613,LBen
P288Y,0.1484,LBen
G289A,0.0701,LBen
G289C,0.0823,LBen
G289D,0.0676,LBen
G289E,0.0671,LBen
G289F,0.1719,LBen
G289H,0.1077,LBen
G289I,0.1044,LBen
G289K,0.1035,LBen
G289L,0.1164,LBen
G289M,0.1721,LBen
G289N,0.1052,LBen
G289P,0.1552,LBen
G289Q,0.0926,LBen
G289R,0.0735,LBen
G289S,0.0707,LBen
G289T,0.0815,LBen
G289V,0.0794,LBen
G289W,0.1137,LBen
G289Y,0.1139,LBen
K290A,0.0971,LBen
K290C,0.3098,LBen
K290D,0.1362,LBen
K290E,0.0657,LBen
K290F,0.2597,LBen
K290G,0.1104,LBen
K290H,0.1496,LBen
K290I,0.1242,LBen
K290L,0.1173,LBen
K290M,0.1006,LBen
K290N,0.1162,LBen
K290P,0.1674,LBen
K290Q,0.0853,LBen
K290R,0.0666,LBen
K290S,0.1203,LBen
K290T,0.08,LBen
K290V,0.1173,LBen
K290W,0.3319,LBen
K290Y,0.2258,LBen
A291C,0.2338,LBen
A291D,0.0833,LBen
A291E,0.0841,LBen
A291F,0.1399,LBen
A291G,0.0765,LBen
A291H,0.1677,LBen
A291I,0.1112,LBen
A291K,0.1222,LBen
A291L,0.0862,LBen
A291M,0.1108,LBen
A291N,0.1146,LBen
A291P,0.0804,LBen
A291Q,0.1271,LBen
A291R,0.1072,LBen
A291S,0.0766,LBen
A291T,0.0647,LBen
A291V,0.0745,LBen
A291W,0.2415,LBen
A291Y,0.17,LBen
E292A,0.0654,LBen
E292C,0.3045,LBen
E292D,0.0844,LBen
E292F,0.2566,LBen
E292G,0.0532,LBen
E292H,0.1652,LBen
E292I,0.1388,LBen
E292K,0.069,LBen
E292L,0.1281,LBen
E292M,0.1761,LBen
E292N,0.1239,LBen
E292P,0.1563,LBen
E292Q,0.0832,LBen
E292R,0.0809,LBen
E292S,0.093,LBen
E292T,0.0903,LBen
E292V,0.0941,LBen
E292W,0.3046,LBen
E292Y,0.2128,LBen
A293C,0.2303,LBen
A293D,0.0855,LBen
A293E,0.0822,LBen
A293F,0.1294,LBen
A293G,0.0761,LBen
A293H,0.1649,LBen
A293I,0.1012,LBen
A293K,0.1147,LBen
A293L,0.0826,LBen
A293M,0.0985,LBen
A293N,0.1045,LBen
A293P,0.0783,LBen
A293Q,0.1245,LBen
A293R,0.1023,LBen
A293S,0.0752,LBen
A293T,0.0614,LBen
A293V,0.074,LBen
A293W,0.2376,LBen
A293Y,0.1668,LBen
E294A,0.0711,LBen
E294C,0.3643,Amb
E294D,0.0836,LBen
E294F,0.276,LBen
E294G,0.06,LBen
E294H,0.1676,LBen
E294I,0.1434,LBen
E294K,0.0683,LBen
E294L,0.144,LBen
E294M,0.2027,LBen
E294N,0.1255,LBen
E294P,0.159,LBen
E294Q,0.0856,LBen
E294R,0.0887,LBen
E294S,0.0947,LBen
E294T,0.0991,LBen
E294V,0.1009,LBen
E294W,0.3723,Amb
E294Y,0.2131,LBen
S295A,0.0616,LBen
S295C,0.0859,LBen
S295D,0.1035,LBen
S295E,0.1295,LBen
S295F,0.1084,LBen
S295G,0.0586,LBen
S295H,0.1365,LBen
S295I,0.0961,LBen
S295K,0.1613,LBen
S295L,0.0806,LBen
S295M,0.1347,LBen
S295N,0.0749,LBen
S295P,0.073,LBen
S295Q,0.1731,LBen
S295R,0.132,LBen
S295T,0.0646,LBen
S295V,0.1013,LBen
S295W,0.1302,LBen
S295Y,0.0934,LBen
D296A,0.0623,LBen
D296C,0.144,LBen
D296E,0.0781,LBen
D296F,0.1626,LBen
D296G,0.0537,LBen
D296H,0.0918,LBen
D296I,0.1133,LBen
D296K,0.0987,LBen
D296L,0.1097,LBen
D296M,0.2064,LBen
D296N,0.0804,LBen
D296P,0.1621,LBen
D296Q,0.1063,LBen
D296R,0.0866,LBen
D296S,0.067,LBen
D296T,0.0873,LBen
D296V,0.0798,LBen
D296W,0.2736,LBen
D296Y,0.0815,LBen
A297C,0.2178,LBen
A297D,0.0876,LBen
A297E,0.0947,LBen
A297F,0.108,LBen
A297G,0.0807,LBen
A297H,0.1536,LBen
A297I,0.0877,LBen
A297K,0.1257,LBen
A297L,0.0773,LBen
A297M,0.0985,LBen
A297N,0.1096,LBen
A297P,0.0848,LBen
A297Q,0.131,LBen
A297R,0.1076,LBen
A297S,0.0752,LBen
A297T,0.0616,LBen
A297V,0.0668,LBen
A297W,0.241,LBen
A297Y,0.1497,LBen
L298A,0.0743,LBen
L298C,0.1907,LBen
L298D,0.1722,LBen
L298E,0.105,LBen
L298F,0.0682,LBen
L298G,0.1342,LBen
L298H,0.0933,LBen
L298I,0.0738,LBen
L298K,0.1036,LBen
L298M,0.0906,LBen
L298N,0.1477,LBen
L298P,0.0666,LBen
L298Q,0.0722,LBen
L298R,0.0723,LBen
L298S,0.0755,LBen
L298T,0.0882,LBen
L298V,0.068,LBen
L298W,0.0928,LBen
L298Y,0.1412,LBen
P299A,0.0619,LBen
P299C,0.1918,LBen
P299D,0.1432,LBen
P299E,0.1058,LBen
P299F,0.1749,LBen
P299G,0.1244,LBen
P299H,0.0942,LBen
P299I,0.1398,LBen
P299K,0.1229,LBen
P299L,0.0744,LBen
P299M,0.1679,LBen
P299N,0.1522,LBen
P299Q,0.0864,LBen
P299R,0.0818,LBen
P299S,0.075,LBen
P299T,0.0693,LBen
P299V,0.1085,LBen
P299W,0.1954,LBen
P299Y,0.1717,LBen
D300A,0.0605,LBen
D300C,0.1621,LBen
D300E,0.0773,LBen
D300F,0.1817,LBen
D300G,0.0589,LBen
D300H,0.0859,LBen
D300I,0.1221,LBen
D300K,0.091,LBen
D300L,0.1131,LBen
D300M,0.2201,LBen
D300N,0.0722,LBen
D300P,0.1555,LBen
D300Q,0.0968,LBen
D300R,0.0827,LBen
D300S,0.0634,LBen
D300T,0.0864,LBen
D300V,0.0844,LBen
D300W,0.3228,LBen
D300Y,0.0822,LBen
D301A,0.0704,LBen
D301C,0.1859,LBen
D301E,0.0715,LBen
D301F,0.1976,LBen
D301G,0.0627,LBen
D301H,0.0949,LBen
D301I,0.1216,LBen
D301K,0.0855,LBen
D301L,0.1248,LBen
D301M,0.2086,LBen
D301N,0.0729,LBen
D301P,0.1816,LBen
D301Q,0.0996,LBen
D301R,0.0881,LBen
D301S,0.0726,LBen
D301T,0.0933,LBen
D301V,0.0878,LBen
D301W,0.3549,Amb
D301Y,0.087,LBen
T302A,0.059,LBen
T302C,0.2423,LBen
T302D,0.1201,LBen
T302E,0.1091,LBen
T302F,0.1305,LBen
T302G,0.1127,LBen
T302H,0.1265,LBen
T302I,0.0927,LBen
T302K,0.0925,LBen
T302L,0.081,LBen
T302M,0.0825,LBen
T302N,0.087,LBen
T302P,0.0765,LBen
T302Q,0.1268,LBen
T302R,0.0752,LBen
T302S,0.0857,LBen
T302V,0.0913,LBen
T302W,0.261,LBen
T302Y,0.1434,LBen
V303A,0.0603,LBen
V303C,0.2875,LBen
V303D,0.0671,LBen
V303E,0.0616,LBen
V303F,0.082,LBen
V303G,0.047,LBen
V303H,0.1518,LBen
V303I,0.0765,LBen
V303K,0.0728,LBen
V303L,0.0821,LBen
V303M,0.0859,LBen
V303N,0.0816,LBen
V303P,0.1126,LBen
V303Q,0.08,LBen
V303R,0.061,LBen
V303S,0.0719,LBen
V303T,0.0756,LBen
V303W,0.2315,LBen
V303Y,0.1757,LBen
I304A,0.0705,LBen
I304C,0.3093,LBen
I304D,0.1673,LBen
I304E,0.1274,LBen
I304F,0.0683,LBen
I304G,0.1678,LBen
I304H,0.1622,LBen
I304K,0.1069,LBen
I304L,0.0665,LBen
I304M,0.0633,LBen
I304N,0.0989,LBen
I304P,0.1188,LBen
I304Q,0.1263,LBen
I304R,0.0728,LBen
I304S,0.0855,LBen
I304T,0.055,LBen
I304V,0.0677,LBen
I304W,0.2586,LBen
I304Y,0.2096,LBen
E305A,0.0865,LBen
E305C,0.4377,Amb
E305D,0.0897,LBen
E305F,0.3399,LBen
E305G,0.072,LBen
E305H,0.1797,LBen
E305I,0.1866,LBen
E305K,0.0732,LBen
E305L,0.1664,LBen
E305M,0.2417,LBen
E305N,0.1453,LBen
E305P,0.1658,LBen
E305Q,0.0842,LBen
E305R,0.1003,LBen
E305S,0.1135,LBen
E305T,0.1148,LBen
E305V,0.1269,LBen
E305W,0.4587,Amb
E305Y,0.244,LBen
S306A,0.0703,LBen
S306C,0.0906,LBen
S306D,0.0892,LBen
S306E,0.1117,LBen
S306F,0.1558,LBen
S306G,0.0569,LBen
S306H,0.1268,LBen
S306I,0.0994,LBen
S306K,0.1305,LBen
S306L,0.1004,LBen
S306M,0.14,LBen
S306N,0.0663,LBen
S306P,0.0905,LBen
S306Q,0.1515,LBen
S306R,0.1186,LBen
S306T,0.0675,LBen
S306V,0.1121,LBen
S306W,0.1624,LBen
S306Y,0.1091,LBen
E307A,0.0852,LBen
E307C,0.44,Amb
E307D,0.0933,LBen
E307F,0.3188,LBen
E307G,0.0746,LBen
E307H,0.1856,LBen
E307I,0.175,LBen
E307K,0.065,LBen
E307L,0.1592,LBen
E307M,0.2084,LBen
E307N,0.138,LBen
E307P,0.1938,LBen
E307Q,0.0909,LBen
E307R,0.0943,LBen
E307S,0.1162,LBen
E307T,0.1084,LBen
E307V,0.1179,LBen
E307W,0.4472,Amb
E307Y,0.2525,LBen
A308C,0.2605,LBen
A308D,0.0849,LBen
A308E,0.09,LBen
A308F,0.1274,LBen
A308G,0.0802,LBen
A308H,0.1681,LBen
A308I,0.1076,LBen
A308K,0.1289,LBen
A308L,0.0907,LBen
A308M,0.1164,LBen
A308N,0.1092,LBen
A308P,0.0791,LBen
A308Q,0.1324,LBen
A308R,0.1244,LBen
A308S,0.0775,LBen
A308T,0.0664,LBen
A308V,0.0744,LBen
A308W,0.2873,LBen
A308Y,0.1623,LBen
L309A,0.0731,LBen
L309C,0.1936,LBen
L309D,0.1587,LBen
L309E,0.0937,LBen
L309F,0.0701,LBen
L309G,0.133,LBen
L309H,0.0868,LBen
L309I,0.0721,LBen
L309K,0.09,LBen
L309M,0.091,LBen
L309N,0.1356,LBen
L309P,0.0625,LBen
L309Q,0.0635,LBen
L309R,0.0671,LBen
L309S,0.0766,LBen
L309T,0.0846,LBen
L309V,0.0645,LBen
L309W,0.0957,LBen
L309Y,0.1365,LBen
P310A,0.065,LBen
P310C,0.1959,LBen
P310D,0.1529,LBen
P310E,0.1184,LBen
P310F,0.168,LBen
P310G,0.1391,LBen
P310H,0.0916,LBen
P310I,0.1429,LBen
P310K,0.1352,LBen
P310L,0.0747,LBen
P310M,0.1906,LBen
P310N,0.1615,LBen
P310Q,0.0886,LBen
P310R,0.0862,LBen
P310S,0.0741,LBen
P310T,0.0718,LBen
P310V,0.1109,LBen
P310W,0.2236,LBen
P310Y,0.1678,LBen
S311A,0.0582,LBen
S311C,0.0843,LBen
S311D,0.1234,LBen
S311E,0.1387,LBen
S311F,0.1127,LBen
S311G,0.0628,LBen
S311H,0.1386,LBen
S311I,0.1085,LBen
S311K,0.1866,LBen
S311L,0.0749,LBen
S311M,0.1503,LBen
S311N,0.098,LBen
S311P,0.0639,LBen
S311Q,0.1773,LBen
S311R,0.1446,LBen
S311T,0.0661,LBen
S311V,0.1025,LBen
S311W,0.1325,LBen
S311Y,0.0997,LBen
D312A,0.0672,LBen
D312C,0.1751,LBen
D312E,0.0723,LBen
D312F,0.1932,LBen
D312G,0.0597,LBen
D312H,0.0886,LBen
D312I,0.1219,LBen
D312K,0.0896,LBen
D312L,0.1189,LBen
D312M,0.2151,LBen
D312N,0.0724,LBen
D312P,0.1556,LBen
D312Q,0.0956,LBen
D312R,0.0902,LBen
D312S,0.0696,LBen
D312T,0.0931,LBen
D312V,0.0833,LBen
D312W,0.346,Amb
D312Y,0.0913,LBen
I313A,0.0535,LBen
I313C,0.2146,LBen
I313D,0.0988,LBen
I313E,0.1019,LBen
I313F,0.0687,LBen
I313G,0.1107,LBen
I313H,0.1236,LBen
I313K,0.081,LBen
I313L,0.0657,LBen
I313M,0.0644,LBen
I313N,0.0703,LBen
I313P,0.1047,LBen
I313Q,0.108,LBen
I313R,0.0626,LBen
I313S,0.0693,LBen
I313T,0.0522,LBen
I313V,0.0596,LBen
I313W,0.244,LBen
I313Y,0.1457,LBen
A314C,0.2141,LBen
A314D,0.091,LBen
A314E,0.0907,LBen
A314F,0.1427,LBen
A314G,0.0705,LBen
A314H,0.1635,LBen
A314I,0.1216,LBen
A314K,0.126,LBen
A314L,0.0924,LBen
A314M,0.1418,LBen
A314N,0.1334,LBen
A314P,0.0757,LBen
A314Q,0.1235,LBen
A314R,0.1111,LBen
A314S,0.0814,LBen
A314T,0.0709,LBen
A314V,0.0825,LBen
A314W,0.2591,LBen
A314Y,0.1831,LBen
A315C,0.2519,LBen
A315D,0.0949,LBen
A315E,0.0904,LBen
A315F,0.1553,LBen
A315G,0.0793,LBen
A315H,0.1928,LBen
A315I,0.1262,LBen
A315K,0.1236,LBen
A315L,0.0959,LBen
A315M,0.1275,LBen
A315N,0.1262,LBen
A315P,0.088,LBen
A315Q,0.1375,LBen
A315R,0.1145,LBen
A315S,0.0795,LBen
A315T,0.0683,LBen
A315V,0.0831,LBen
A315W,0.2765,LBen
A315Y,0.1994,LBen
E316A,0.0727,LBen
E316C,0.4296,Amb
E316D,0.091,LBen
E316F,0.321,LBen
E316G,0.0682,LBen
E316H,0.1848,LBen
E316I,0.1648,LBen
E316K,0.0604,LBen
E316L,0.1452,LBen
E316M,0.1941,LBen
E316N,0.1267,LBen
E316P,0.1731,LBen
E316Q,0.0839,LBen
E316R,0.091,LBen
E316S,0.1049,LBen
E316T,0.1006,LBen
E316V,0.1056,LBen
E316W,0.4544,Amb
E316Y,0.2516,LBen
A317C,0.2837,LBen
A317D,0.0924,LBen
A317E,0.0894,LBen
A317F,0.1697,LBen
A317G,0.076,LBen
A317H,0.208,LBen
A317I,0.1423,LBen
A317K,0.137,LBen
A317L,0.1154,LBen
A317M,0.1432,LBen
A317N,0.1162,LBen
A317P,0.0976,LBen
A317Q,0.1428,LBen
A317R,0.134,LBen
A317S,0.0799,LBen
A317T,0.069,LBen
A317V,0.0861,LBen
A317W,0.3306,LBen
A317Y,0.2032,LBen
R318A,0.0755,LBen
R318C,0.1312,LBen
R318D,0.133,LBen
R318E,0.0864,LBen
R318F,0.1899,LBen
R318G,0.0552,LBen
R318H,0.0992,LBen
R318I,0.0966,LBen
R318K,0.0666,LBen
R318L,0.0918,LBen
R318M,0.1034,LBen
R318N,0.1605,LBen
R318P,0.118,LBen
R318Q,0.0728,LBen
R318S,0.1103,LBen
R318T,0.0687,LBen
R318V,0.1006,LBen
R318W,0.1136,LBen
R318Y,0.1804,LBen
A319C,0.249,LBen
A319D,0.0988,LBen
A319E,0.0861,LBen
A319F,0.16,LBen
A319G,0.0755,LBen
A319H,0.1905,LBen
A319I,0.1387,LBen
A319K,0.129,LBen
A319L,0.1021,LBen
A319M,0.1418,LBen
A319N,0.1244,LBen
A319P,0.0886,LBen
A319Q,0.1282,LBen
A319R,0.1217,LBen
A319S,0.0807,LBen
A319T,0.0721,LBen
A319V,0.0865,LBen
A319W,0.2894,LBen
A319Y,0.1921,LBen
K320A,0.1003,LBen
K320C,0.3449,Amb
K320D,0.146,LBen
K320E,0.0667,LBen
K320F,0.3213,LBen
K320G,0.1137,LBen
K320H,0.1735,LBen
K320I,0.1514,LBen
K320L,0.1415,LBen
K320M,0.1195,LBen
K320N,0.1256,LBen
K320P,0.1829,LBen
K320Q,0.0829,LBen
K320R,0.0698,LBen
K320S,0.1227,LBen
K320T,0.0842,LBen
K320V,0.1275,LBen
K320W,0.3983,Amb
K320Y,0.2767,LBen
T321A,0.061,LBen
T321C,0.1975,LBen
T321D,0.129,LBen
T321E,0.1041,LBen
T321F,0.1215,LBen
T321G,0.1074,LBen
T321H,0.1191,LBen
T321I,0.0918,LBen
T321K,0.0873,LBen
T321L,0.0785,LBen
T321M,0.0783,LBen
T321N,0.0845,LBen
T321P,0.069,LBen
T321Q,0.1111,LBen
T321R,0.0756,LBen
T321S,0.0809,LBen
T321V,0.0868,LBen
T321W,0.2149,LBen
T321Y,0.134,LBen
G322A,0.0681,LBen
G322C,0.1046,LBen
G322D,0.0821,LBen
G322E,0.0791,LBen
G322F,0.1828,LBen
G322H,0.1218,LBen
G322I,0.1067,LBen
G322K,0.0986,LBen
G322L,0.1289,LBen
G322M,0.1716,LBen
G322N,0.1295,LBen
G322P,0.1826,LBen
G322Q,0.1013,LBen
G322R,0.0747,LBen
G322S,0.0797,LBen
G322T,0.078,LBen
G322V,0.0822,LBen
G322W,0.1314,LBen
G322Y,0.1427,LBen
G323A,0.0612,LBen
G323C,0.0901,LBen
G323D,0.0712,LBen
G323E,0.0778,LBen
G323F,0.1544,LBen
G323H,0.1285,LBen
G323I,0.0973,LBen
G323K,0.113,LBen
G323L,0.1183,LBen
G323M,0.1406,LBen
G323N,0.1044,LBen
G323P,0.1679,LBen
G323Q,0.1099,LBen
G323R,0.0959,LBen
G323S,0.0726,LBen
G323T,0.0716,LBen
G323V,0.0735,LBen
G323W,0.1449,LBen
G323Y,0.1155,LBen
T324A,0.0554,LBen
T324C,0.1604,LBen
T324D,0.1116,LBen
T324E,0.1044,LBen
T324F,0.1022,LBen
T324G,0.0976,LBen
T324H,0.107,LBen
T324I,0.0807,LBen
T324K,0.0861,LBen
T324L,0.07,LBen
T324M,0.0755,LBen
T324N,0.0802,LBen
T324P,0.0663,LBen
T324Q,0.1064,LBen
T324R,0.0742,LBen
T324S,0.0722,LBen
T324V,0.076,LBen
T324W,0.2058,LBen
T324Y,0.1138,LBen
V325A,0.0718,LBen
V325C,0.253,LBen
V325D,0.0887,LBen
V325E,0.105,LBen
V325F,0.0699,LBen
V325G,0.078,LBen
V325H,0.1593,LBen
V325I,0.0677,LBen
V325K,0.1169,LBen
V325L,0.0823,LBen
V325M,0.0947,LBen
V325N,0.0878,LBen
V325P,0.1141,LBen
V325Q,0.1257,LBen
V325R,0.0964,LBen
V325S,0.0775,LBen
V325T,0.0875,LBen
V325W,0.282,LBen
V325Y,0.1703,LBen
S326A,0.0613,LBen
S326C,0.0787,LBen
S326D,0.1504,LBen
S326E,0.1777,LBen
S326F,0.0987,LBen
S326G,0.074,LBen
S326H,0.1657,LBen
S326I,0.1129,LBen
S326K,0.2546,LBen
S326L,0.0744,LBen
S326M,0.1487,LBen
S326N,0.1119,LBen
S326P,0.0676,LBen
S326Q,0.2223,LBen
S326R,0.2064,LBen
S326T,0.0659,LBen
S326V,0.1107,LBen
S326W,0.1328,LBen
S326Y,0.1012,LBen
D327A,0.0717,LBen
D327C,0.185,LBen
D327E,0.0792,LBen
D327F,0.1956,LBen
D327G,0.0663,LBen
D327H,0.0949,LBen
D327I,0.1356,LBen
D327K,0.1065,LBen
D327L,0.126,LBen
D327M,0.2453,LBen
D327N,0.0743,LBen
D327P,0.1485,LBen
D327Q,0.109,LBen
D327R,0.1027,LBen
D327S,0.0665,LBen
D327T,0.1003,LBen
D327V,0.0929,LBen
D327W,0.3894,Amb
D327Y,0.0935,LBen
Q328A,0.0895,LBen
Q328C,0.2254,LBen
Q328D,0.1024,LBen
Q328E,0.0595,LBen
Q328F,0.2782,LBen
Q328G,0.0934,LBen
Q328H,0.0919,LBen
Q328I,0.1751,LBen
Q328K,0.0674,LBen
Q328L,0.0882,LBen
Q328M,0.1843,LBen
Q328N,0.1192,LBen
Q328P,0.0691,LBen
Q328R,0.0666,LBen
Q328S,0.0975,LBen
Q328T,0.0913,LBen
Q328V,0.1214,LBen
Q328W,0.1869,LBen
Q328Y,0.1702,LBen
A329C,0.1804,LBen
A329D,0.0832,LBen
A329E,0.0839,LBen
A329F,0.1113,LBen
A329G,0.0749,LBen
A329H,0.1436,LBen
A329I,0.094,LBen
A329K,0.1173,LBen
A329L,0.078,LBen
A329M,0.0999,LBen
A329N,0.0977,LBen
A329P,0.0722,LBen
A329Q,0.1193,LBen
A329R,0.1154,LBen
A329S,0.0711,LBen
A329T,0.0632,LBen
A329V,0.0662,LBen
A329W,0.232,LBen
A329Y,0.1389,LBen
L330A,0.0771,LBen
L330C,0.1694,LBen
L330D,0.1556,LBen
L330E,0.113,LBen
L330F,0.0645,LBen
L330G,0.1357,LBen
L330H,0.0914,LBen
L330I,0.0686,LBen
L330K,0.1073,LBen
L330M,0.084,LBen
L330N,0.1252,LBen
L330P,0.0631,LBen
L330Q,0.0755,LBen
L330R,0.0769,LBen
L330S,0.0797,LBen
L330T,0.0883,LBen
L330V,0.0621,LBen
L330W,0.0933,LBen
L330Y,0.1247,LBen
L331A,0.0765,LBen
L331C,0.1407,LBen
L331D,0.1445,LBen
L331E,0.11,LBen
L331F,0.0666,LBen
L331G,0.1339,LBen
L331H,0.0799,LBen
L331I,0.0694,LBen
L331K,0.1097,LBen
L331M,0.09,LBen
L331N,0.1219,LBen
L331P,0.0532,LBen
L331Q,0.0703,LBen
L331R,0.0739,LBen
L331S,0.074,LBen
L331T,0.0805,LBen
L331V,0.0635,LBen
L331W,0.0901,LBen
L331Y,0.1222,LBen
F332A,0.0732,LBen
F332C,0.0702,LBen
F332D,0.1091,LBen
F332E,0.1661,LBen
F332G,0.1246,LBen
F332H,0.1362,LBen
F332I,0.0708,LBen
F332K,0.1945,LBen
F332L,0.2108,LBen
F332M,0.1556,LBen
F332N,0.1287,LBen
F332P,0.1314,LBen
F332Q,0.1612,LBen
F332R,0.14,LBen
F332S,0.0618,LBen
F332T,0.0791,LBen
F332V,0.0688,LBen
F332W,0.1111,LBen
F332Y,0.0856,LBen
G333A,0.0768,LBen
G333C,0.059,LBen
G333D,0.068,LBen
G333E,0.0885,LBen
G333F,0.1287,LBen
G333H,0.0945,LBen
G333I,0.1047,LBen
G333K,0.122,LBen
G333L,0.1137,LBen
G333M,0.1739,LBen
G333N,0.1013,LBen
G333P,0.1379,LBen
G333Q,0.1013,LBen
G333R,0.0807,LBen
G333S,0.0699,LBen
G333T,0.0871,LBen
G333V,0.0878,LBen
G333W,0.0968,LBen
G333Y,0.088,LBen
D334A,0.0932,LBen
D334C,0.1997,LBen
D334E,0.0899,LBen
D334F,0.2196,LBen
D334G,0.0796,LBen
D334H,0.1316,LBen
D334I,0.1515,LBen
D334K,0.1533,LBen
D334L,0.1679,LBen
D334M,0.2782,LBen
D334N,0.0795,LBen
D334P,0.2705,LBen
D334Q,0.152,LBen
D334R,0.1532,LBen
D334S,0.0817,LBen
D334T,0.1203,LBen
D334V,0.1092,LBen
D334W,0.4424,Amb
D334Y,0.106,LBen
D335A,0.0786,LBen
D335C,0.1674,LBen
D335E,0.0877,LBen
D335F,0.2,LBen
D335G,0.0715,LBen
D335H,0.1114,LBen
D335I,0.1192,LBen
D335K,0.134,LBen
D335L,0.1426,LBen
D335M,0.2321,LBen
D335N,0.0715,LBen
D335P,0.2548,LBen
D335Q,0.1358,LBen
D335R,0.1313,LBen
D335S,0.0714,LBen
D335T,0.0955,LBen
D335V,0.0885,LBen
D335W,0.4275,Amb
D335Y,0.0917,LBen
D336A,0.0935,LBen
D336C,0.2204,LBen
D336E,0.1041,LBen
D336F,0.2278,LBen
D336G,0.0915,LBen
D336H,0.1422,LBen
D336I,0.1398,LBen
D336K,0.1912,LBen
D336L,0.1731,LBen
D336M,0.2943,LBen
D336N,0.0839,LBen
D336P,0.3368,LBen
D336Q,0.1815,LBen
D336R,0.1863,LBen
D336S,0.0912,LBen
D336T,0.1212,LBen
D336V,0.1022,LBen
D336W,0.5451,Amb
D336Y,0.111,LBen
A337C,0.2154,LBen
A337D,0.1087,LBen
A337E,0.1224,LBen
A337F,0.1703,LBen
A337G,0.0947,LBen
A337H,0.232,LBen
A337I,0.1355,LBen
A337K,0.1913,LBen
A337L,0.1199,LBen
A337M,0.149,LBen
A337N,0.1474,LBen
A337P,0.1081,LBen
A337Q,0.2014,LBen
A337R,0.1792,LBen
A337S,0.0806,LBen
A337T,0.0763,LBen
A337V,0.0913,LBen
A337W,0.3825,Amb
A337Y,0.2115,LBen
G338A,0.0883,LBen
G338C,0.1336,LBen
G338D,0.1177,LBen
G338E,0.0962,LBen
G338F,0.2796,LBen
G338H,0.2356,LBen
G338I,0.1508,LBen
G338K,0.1736,LBen
G338L,0.1974,LBen
G338M,0.2343,LBen
G338N,0.1918,LBen
G338P,0.3733,Amb
G338Q,0.1632,LBen
G338R,0.1332,LBen
G338S,0.0919,LBen
G338T,0.1133,LBen
G338V,0.1061,LBen
G338W,0.1886,LBen
G338Y,0.2148,LBen
E339A,0.1047,LBen
E339C,0.4077,Amb
E339D,0.0915,LBen
E339F,0.3544,Amb
E339G,0.0962,LBen
E339H,0.2286,LBen
E339I,0.1859,LBen
E339K,0.0861,LBen
E339L,0.1952,LBen
E339M,0.2456,LBen
E339N,0.1449,LBen
E339P,0.2864,LBen
E339Q,0.1093,LBen
E339R,0.139,LBen
E339S,0.1253,LBen
E339T,0.1417,LBen
E339V,0.1281,LBen
E339W,0.5275,Amb
E339Y,0.2667,LBen
G340A,0.1169,LBen
G340C,0.1543,LBen
G340D,0.1308,LBen
G340E,0.1237,LBen
G340F,0.2975,LBen
G340H,0.3166,LBen
G340I,0.1462,LBen
G340K,0.2885,LBen
G340L,0.2359,LBen
G340M,0.262,LBen
G340N,0.2164,LBen
G340P,0.4731,Amb
G340Q,0.2704,LBen
G340R,0.2835,LBen
G340S,0.1125,LBen
G340T,0.149,LBen
G340V,0.1135,LBen
G340W,0.2711,LBen
G340Y,0.1925,LBen
P341A,0.0866,LBen
P341C,0.2416,LBen
P341D,0.2273,LBen
P341E,0.1704,LBen
P341F,0.2345,LBen
P341G,0.2263,LBen
P341H,0.1402,LBen
P341I,0.182,LBen
P341K,0.1931,LBen
P341L,0.0988,LBen
P341M,0.2277,LBen
P341N,0.2176,LBen
P341Q,0.1385,LBen
P341R,0.1287,LBen
P341S,0.11,LBen
P341T,0.096,LBen
P341V,0.1485,LBen
P341W,0.3453,Amb
P341Y,0.2316,LBen
S342A,0.0712,LBen
S342C,0.0992,LBen
S342D,0.2209,LBen
S342E,0.293,LBen
S342F,0.1298,LBen
S342G,0.0894,LBen
S342H,0.2954,LBen
S342I,0.1575,LBen
S342K,0.5093,Amb
S342L,0.0854,LBen
S342M,0.2063,LBen
S342N,0.1671,LBen
S342P,0.0926,LBen
S342Q,0.4088,Amb
S342R,0.4394,Amb
S342T,0.0869,LBen
S342V,0.1403,LBen
S342W,0.2166,LBen
S342Y,0.1272,LBen
S343A,0.0678,LBen
S343C,0.0719,LBen
S343D,0.1588,LBen
S343E,0.2067,LBen
S343F,0.0932,LBen
S343G,0.09,LBen
S343H,0.1775,LBen
S343I,0.1138,LBen
S343K,0.328,LBen
S343L,0.0793,LBen
S343M,0.1622,LBen
S343N,0.1208,LBen
S343P,0.0761,LBen
S343Q,0.2651,LBen
S343R,0.2796,LBen
S343T,0.0765,LBen
S343V,0.1092,LBen
S343W,0.1502,LBen
S343Y,0.0853,LBen
L344A,0.089,LBen
L344C,0.1764,LBen
L344D,0.1722,LBen
L344E,0.1048,LBen
L344F,0.0719,LBen
L344G,0.1482,LBen
L344H,0.0966,LBen
L344I,0.0714,LBen
L344K,0.1066,LBen
L344M,0.0817,LBen
L344N,0.1335,LBen
L344P,0.0796,LBen
L344Q,0.0752,LBen
L344R,0.0821,LBen
L344S,0.0826,LBen
L344T,0.0935,LBen
L344V,0.0658,LBen
L344W,0.0937,LBen
L344Y,0.1301,LBen
I345A,0.1117,LBen
I345C,0.2186,LBen
I345D,0.1622,LBen
I345E,0.1226,LBen
I345F,0.0722,LBen
I345G,0.1792,LBen
I345H,0.1346,LBen
I345K,0.0994,LBen
I345L,0.0648,LBen
I345M,0.0665,LBen
I345N,0.0792,LBen
I345P,0.1424,LBen
I345Q,0.1083,LBen
I345R,0.0787,LBen
I345S,0.0914,LBen
I345T,0.0889,LBen
I345V,0.0653,LBen
I345W,0.268,LBen
I345Y,0.165,LBen
R346A,0.0869,LBen
R346C,0.1195,LBen
R346D,0.1409,LBen
R346E,0.0732,LBen
R346F,0.2082,LBen
R346G,0.0657,LBen
R346H,0.0969,LBen
R346I,0.0969,LBen
R346K,0.0562,LBen
R346L,0.0868,LBen
R346M,0.0931,LBen
R346N,0.1348,LBen
R346P,0.1226,LBen
R346Q,0.0645,LBen
R346S,0.1105,LBen
R346T,0.0669,LBen
R346V,0.105,LBen
R346W,0.1017,LBen
R346Y,0.1623,LBen
E347A,0.1119,LBen
E347C,0.4501,Amb
E347D,0.0937,LBen
E347F,0.4182,Amb
E347G,0.0695,LBen
E347H,0.232,LBen
E347I,0.2107,LBen
E347K,0.0824,LBen
E347L,0.1938,LBen
E347M,0.2522,LBen
E347N,0.1408,LBen
E347P,0.2136,LBen
E347Q,0.0939,LBen
E347R,0.1261,LBen
E347S,0.1273,LBen
E347T,0.1439,LBen
E347V,0.1333,LBen
E347W,0.4829,Amb
E347Y,0.293,LBen
K348A,0.1063,LBen
K348C,0.2959,LBen
K348D,0.1165,LBen
K348E,0.0627,LBen
K348F,0.2395,LBen
K348G,0.1262,LBen
K348H,0.1425,LBen
K348I,0.0958,LBen
K348L,0.1049,LBen
K348M,0.0817,LBen
K348N,0.0854,LBen
K348P,0.1674,LBen
K348Q,0.0831,LBen
K348R,0.0825,LBen
K348S,0.1111,LBen
K348T,0.0683,LBen
K348V,0.1007,LBen
K348W,0.3456,Amb
K348Y,0.1823,LBen
P349A,0.056,LBen
P349C,0.1428,LBen
P349D,0.1105,LBen
P349E,0.0915,LBen
P349F,0.1434,LBen
P349G,0.1198,LBen
P349H,0.0801,LBen
P349I,0.1051,LBen
P349K,0.0994,LBen
P349L,0.0663,LBen
P349M,0.1201,LBen
P349N,0.1072,LBen
P349Q,0.0808,LBen
P349R,0.0826,LBen
P349S,0.0718,LBen
P349T,0.0583,LBen
P349V,0.085,LBen
P349W,0.1696,LBen
P349Y,0.1296,LBen
V350A,0.0785,LBen
V350C,0.2638,LBen
V350D,0.0907,LBen
V350E,0.0936,LBen
V350F,0.0725,LBen
V350G,0.0877,LBen
V350H,0.1631,LBen
V350I,0.0679,LBen
V350K,0.1066,LBen
V350L,0.0781,LBen
V350M,0.0883,LBen
V350N,0.0946,LBen
V350P,0.1288,LBen
V350Q,0.1137,LBen
V350R,0.1006,LBen
V350S,0.0847,LBen
V350T,0.0931,LBen
V350W,0.3037,LBen
V350Y,0.1737,LBen
P351A,0.0651,LBen
P351C,0.1402,LBen
P351D,0.1388,LBen
P351E,0.0994,LBen
P351F,0.1518,LBen
P351G,0.1245,LBen
P351H,0.0892,LBen
P351I,0.1192,LBen
P351K,0.1075,LBen
P351L,0.0716,LBen
P351M,0.1374,LBen
P351N,0.1336,LBen
P351Q,0.0799,LBen
P351R,0.0868,LBen
P351S,0.0752,LBen
P351T,0.0684,LBen
P351V,0.0968,LBen
P351W,0.1691,LBen
P351Y,0.1439,LBen
K352A,0.1024,LBen
K352C,0.2463,LBen
K352D,0.1385,LBen
K352E,0.0595,LBen
K352F,0.2315,LBen
K352G,0.112,LBen
K352H,0.1376,LBen
K352I,0.1071,LBen
K352L,0.1025,LBen
K352M,0.0997,LBen
K352N,0.1158,LBen
K352P,0.1586,LBen
K352Q,0.072,LBen
K352R,0.0664,LBen
K352S,0.1131,LBen
K352T,0.0802,LBen
K352V,0.1031,LBen
K352W,0.2884,LBen
K352Y,0.1949,LBen
Q353A,0.0986,LBen
Q353C,0.2212,LBen
Q353D,0.1148,LBen
Q353E,0.0584,LBen
Q353F,0.2891,LBen
Q353G,0.0943,LBen
Q353H,0.1138,LBen
Q353I,0.1474,LBen
Q353K,0.0671,LBen
Q353L,0.0796,LBen
Q353M,0.1633,LBen
Q353N,0.122,LBen
Q353P,0.0679,LBen
Q353R,0.0754,LBen
Q353S,0.1118,LBen
Q353T,0.0974,LBen
Q353V,0.1123,LBen
Q353W,0.1646,LBen
Q353Y,0.183,LBen
N354A,0.0885,LBen
N354C,0.1149,LBen
N354D,0.0567,LBen
N354E,0.0873,LBen
N354F,0.1836,LBen
N354G,0.1142,LBen
N354H,0.072,LBen
N354I,0.0763,LBen
N354K,0.0807,LBen
N354L,0.0968,LBen
N354M,0.1273,LBen
N354P,0.1578,LBen
N354Q,0.1116,LBen
N354R,0.099,LBen
N354S,0.0702,LBen
N354T,0.0704,LBen
N354V,0.084,LBen
N354W,0.2705,LBen
N354Y,0.0819,LBen
E355A,0.0964,LBen
E355C,0.3353,LBen
E355D,0.0843,LBen
E355F,0.3119,LBen
E355G,0.0684,LBen
E355H,0.1804,LBen
E355I,0.1371,LBen
E355K,0.0677,LBen
E355L,0.1543,LBen
E355M,0.1935,LBen
E355N,0.1252,LBen
E355P,0.2224,LBen
E355Q,0.0899,LBen
E355R,0.0982,LBen
E355S,0.1129,LBen
E355T,0.1105,LBen
E355V,0.1054,LBen
E355W,0.3652,Amb
E355Y,0.217,LBen
N356A,0.0889,LBen
N356C,0.1227,LBen
N356D,0.054,LBen
N356E,0.0894,LBen
N356F,0.1944,LBen
N356G,0.1092,LBen
N356H,0.0829,LBen
N356I,0.0798,LBen
N356K,0.0838,LBen
N356L,0.1053,LBen
N356M,0.1351,LBen
N356P,0.1904,LBen
N356Q,0.1229,LBen
N356R,0.1063,LBen
N356S,0.0741,LBen
N356T,0.0725,LBen
N356V,0.0813,LBen
N356W,0.2966,LBen
N356Y,0.0808,LBen
E357A,0.0879,LBen
E357C,0.3498,Amb
E357D,0.0931,LBen
E357F,0.3155,LBen
E357G,0.0742,LBen
E357H,0.1708,LBen
E357I,0.1381,LBen
E357K,0.0595,LBen
E357L,0.1386,LBen
E357M,0.1712,LBen
E357N,0.1308,LBen
E357P,0.2106,LBen
E357Q,0.0867,LBen
E357R,0.086,LBen
E357S,0.1175,LBen
E357T,0.0988,LBen
E357V,0.1044,LBen
E357W,0.3484,Amb
E357Y,0.223,LBen
E358A,0.0834,LBen
E358C,0.3621,Amb
E358D,0.0865,LBen
E358F,0.2917,LBen
E358G,0.0696,LBen
E358H,0.1886,LBen
E358I,0.132,LBen
E358K,0.0681,LBen
E358L,0.1375,LBen
E358M,0.1696,LBen
E358N,0.1177,LBen
E358P,0.1966,LBen
E358Q,0.0943,LBen
E358R,0.1044,LBen
E358S,0.1124,LBen
E358T,0.1038,LBen
E358V,0.0959,LBen
E358W,0.3554,Amb
E358Y,0.2114,LBen
E359A,0.0943,LBen
E359C,0.3705,Amb
E359D,0.0878,LBen
E359F,0.3141,LBen
E359G,0.0653,LBen
E359H,0.2112,LBen
E359I,0.1393,LBen
E359K,0.0721,LBen
E359L,0.1609,LBen
E359M,0.1873,LBen
E359N,0.1215,LBen
E359P,0.2382,LBen
E359Q,0.0963,LBen
E359R,0.1149,LBen
E359S,0.122,LBen
E359T,0.1174,LBen
E359V,0.1029,LBen
E359W,0.3691,Amb
E359Y,0.2121,LBen
N360A,0.0963,LBen
N360C,0.1265,LBen
N360D,0.0672,LBen
N360E,0.0977,LBen
N360F,0.1775,LBen
N360G,0.1331,LBen
N360H,0.0752,LBen
N360I,0.0691,LBen
N360K,0.0746,LBen
N360L,0.0942,LBen
N360M,0.119,LBen
N360P,0.1729,LBen
N360Q,0.1201,LBen
N360R,0.1058,LBen
N360S,0.0803,LBen
N360T,0.0759,LBen
N360V,0.082,LBen
N360W,0.3013,LBen
N360Y,0.0719,LBen
L361A,0.0781,LBen
L361C,0.1432,LBen
L361D,0.1302,LBen
L361E,0.0924,LBen
L361F,0.0728,LBen
L361G,0.126,LBen
L361H,0.0779,LBen
L361I,0.0659,LBen
L361K,0.084,LBen
L361M,0.0823,LBen
L361N,0.1115,LBen
L361P,0.07,LBen
L361Q,0.0696,LBen
L361R,0.0662,LBen
L361S,0.0769,LBen
L361T,0.0732,LBen
L361V,0.0654,LBen
L361W,0.0716,LBen
L361Y,0.1194,LBen
D362A,0.0735,LBen
D362C,0.1325,LBen
D362E,0.0715,LBen
D362F,0.1597,LBen
D362G,0.061,LBen
D362H,0.081,LBen
D362I,0.096,LBen
D362K,0.0901,LBen
D362L,0.0931,LBen
D362M,0.1881,LBen
D362N,0.0709,LBen
D362P,0.1367,LBen
D362Q,0.0862,LBen
D362R,0.0903,LBen
D362S,0.0694,LBen
D362T,0.0929,LBen
D362V,0.0761,LBen
D362W,0.2673,LBen
D362Y,0.0749,LBen
K363A,0.0963,LBen
K363C,0.2613,LBen
K363D,0.1165,LBen
K363E,0.0523,LBen
K363F,0.2959,LBen
K363G,0.0965,LBen
K363H,0.1465,LBen
K363I,0.1136,LBen
K363L,0.1205,LBen
K363M,0.0998,LBen
K363N,0.1112,LBen
K363P,0.1879,LBen
K363Q,0.0809,LBen
K363R,0.0699,LBen
K363S,0.1174,LBen
K363T,0.0765,LBen
K363V,0.1048,LBen
K363W,0.2902,LBen
K363Y,0.2072,LBen
E364A,0.0976,LBen
E364C,0.3976,Amb
E364D,0.0952,LBen
E364F,0.3037,LBen
E364G,0.0729,LBen
E364H,0.1889,LBen
E364I,0.1386,LBen
E364K,0.0733,LBen
E364L,0.1495,LBen
E364M,0.1988,LBen
E364N,0.1311,LBen
E364P,0.2163,LBen
E364Q,0.0875,LBen
E364R,0.1118,LBen
E364S,0.1243,LBen
E364T,0.1213,LBen
E364V,0.0993,LBen
E364W,0.4022,Amb
E364Y,0.2097,LBen
Q365A,0.0959,LBen
Q365C,0.2226,LBen
Q365D,0.1063,LBen
Q365E,0.0578,LBen
Q365F,0.2562,LBen
Q365G,0.1005,LBen
Q365H,0.0942,LBen
Q365I,0.1311,LBen
Q365K,0.0665,LBen
Q365L,0.078,LBen
Q365M,0.1524,LBen
Q365N,0.1087,LBen
Q365P,0.0727,LBen
Q365R,0.0748,LBen
Q365S,0.109,LBen
Q365T,0.0897,LBen
Q365V,0.1018,LBen
Q365W,0.1605,LBen
Q365Y,0.1494,LBen
T366A,0.0666,LBen
T366C,0.205,LBen
T366D,0.1313,LBen
T366E,0.1046,LBen
T366F,0.1259,LBen
T366G,0.126,LBen
T366H,0.1202,LBen
T366I,0.0903,LBen
T366K,0.0863,LBen
T366L,0.0797,LBen
T366M,0.0778,LBen
T366N,0.0819,LBen
T366P,0.0755,LBen
T366Q,0.1131,LBen
T366R,0.0759,LBen
T366S,0.0836,LBen
T366V,0.0956,LBen
T366W,0.2158,LBen
T366Y,0.1299,LBen
G367A,0.0826,LBen
G367C,0.1183,LBen
G367D,0.0809,LBen
G367E,0.0665,LBen
G367F,0.234,LBen
G367H,0.1452,LBen
G367I,0.1132,LBen
G367K,0.0942,LBen
G367L,0.1547,LBen
G367M,0.1792,LBen
G367N,0.136,LBen
G367P,0.2612,LBen
G367Q,0.0957,LBen
G367R,0.0792,LBen
G367S,0.0901,LBen
G367T,0.0914,LBen
G367V,0.0881,LBen
G367W,0.1147,LBen
G367Y,0.1509,LBen
N368A,0.0932,LBen
N368C,0.1128,LBen
N368D,0.0638,LBen
N368E,0.0872,LBen
N368F,0.1669,LBen
N368G,0.1263,LBen
N368H,0.0678,LBen
N368I,0.0734,LBen
N368K,0.0695,LBen
N368L,0.0914,LBen
N368M,0.127,LBen
N368P,0.1665,LBen
N368Q,0.1083,LBen
N368R,0.0887,LBen
N368S,0.074,LBen
N368T,0.079,LBen
N368V,0.0838,LBen
N368W,0.2814,LBen
N368Y,0.0697,LBen
L369A,0.0933,LBen
L369C,0.148,LBen
L369D,0.1654,LBen
L369E,0.1013,LBen
L369F,0.0718,LBen
L369G,0.1403,LBen
L369H,0.0824,LBen
L369I,0.0665,LBen
L369K,0.0881,LBen
L369M,0.0803,LBen
L369N,0.1283,LBen
L369P,0.0783,LBen
L369Q,0.0642,LBen
L369R,0.066,LBen
L369S,0.0861,LBen
L369T,0.0896,LBen
L369V,0.0661,LBen
L369W,0.0704,LBen
L369Y,0.1215,LBen
K370A,0.1251,LBen
K370C,0.2499,LBen
K370D,0.1641,LBen
K370E,0.0689,LBen
K370F,0.252,LBen
K370G,0.1339,LBen
K370H,0.1259,LBen
K370I,0.1081,LBen
K370L,0.1055,LBen
K370M,0.0995,LBen
K370N,0.1174,LBen
K370P,0.1599,LBen
K370Q,0.0707,LBen
K370R,0.0687,LBen
K370S,0.1245,LBen
K370T,0.0818,LBen
K370V,0.1205,LBen
K370W,0.2815,LBen
K370Y,0.2026,LBen
Q371A,0.0986,LBen
Q371C,0.2407,LBen
Q371D,0.1315,LBen
Q371E,0.0582,LBen
Q371F,0.3124,LBen
Q371G,0.0894,LBen
Q371H,0.109,LBen
Q371I,0.1676,LBen
Q371K,0.0645,LBen
Q371L,0.082,LBen
Q371M,0.1768,LBen
Q371N,0.1386,LBen
Q371P,0.0717,LBen
Q371R,0.0687,LBen
Q371S,0.1192,LBen
Q371T,0.0985,LBen
Q371V,0.1155,LBen
Q371W,0.1532,LBen
Q371Y,0.1766,LBen
E372A,0.0789,LBen
E372C,0.3306,LBen
E372D,0.0757,LBen
E372F,0.24,LBen
E372G,0.066,LBen
E372H,0.1472,LBen
E372I,0.1162,LBen
E372K,0.0749,LBen
E372L,0.1249,LBen
E372M,0.1712,LBen
E372N,0.1037,LBen
E372P,0.1646,LBen
E372Q,0.0827,LBen
E372R,0.1083,LBen
E372S,0.0999,LBen
E372T,0.1007,LBen
E372V,0.0855,LBen
E372W,0.35,Amb
E372Y,0.1704,LBen
L373A,0.0681,LBen
L373C,0.1511,LBen
L373D,0.1219,LBen
L373E,0.0884,LBen
L373F,0.0713,LBen
L373G,0.1079,LBen
L373H,0.0804,LBen
L373I,0.0677,LBen
L373K,0.0799,LBen
L373M,0.0718,LBen
L373N,0.0975,LBen
L373P,0.0606,LBen
L373Q,0.0645,LBen
L373R,0.0671,LBen
L373S,0.0658,LBen
L373T,0.0644,LBen
L373V,0.0654,LBen
L373W,0.0682,LBen
L373Y,0.1101,LBen
D374A,0.0626,LBen
D374C,0.1285,LBen
D374E,0.0785,LBen
D374F,0.1551,LBen
D374G,0.0563,LBen
D374H,0.0797,LBen
D374I,0.0993,LBen
D374K,0.0915,LBen
D374L,0.0977,LBen
D374M,0.1863,LBen
D374N,0.0699,LBen
D374P,0.1317,LBen
D374Q,0.0967,LBen
D374R,0.0864,LBen
D374S,0.0649,LBen
D374T,0.0809,LBen
D374V,0.0747,LBen
D374W,0.2715,LBen
D374Y,0.0721,LBen
D375A,0.0716,LBen
D375C,0.1274,LBen
D375E,0.0781,LBen
D375F,0.1631,LBen
D375G,0.0546,LBen
D375H,0.0825,LBen
D375I,0.1048,LBen
D375K,0.0879,LBen
D375L,0.1098,LBen
D375M,0.1926,LBen
D375N,0.0712,LBen
D375P,0.1708,LBen
D375Q,0.0955,LBen
D375R,0.0821,LBen
D375S,0.0663,LBen
D375T,0.0867,LBen
D375V,0.0814,LBen
D375W,0.2751,LBen
D375Y,0.0732,LBen
K376A,0.0948,LBen
K376C,0.2454,LBen
K376D,0.1216,LBen
K376E,0.0624,LBen
K376F,0.2425,LBen
K376G,0.105,LBen
K376H,0.1269,LBen
K376I,0.1005,LBen
K376L,0.1152,LBen
K376M,0.0957,LBen
K376N,0.0993,LBen
K376P,0.1689,LBen
K376Q,0.0768,LBen
K376R,0.0671,LBen
K376S,0.1021,LBen
K376T,0.0667,LBen
K376V,0.1018,LBen
K376W,0.2986,LBen
K376Y,0.1845,LBen
S377A,0.059,LBen
S377C,0.079,LBen
S377D,0.0913,LBen
S377E,0.1092,LBen
S377F,0.0847,LBen
S377G,0.0664,LBen
S377H,0.1015,LBen
S377I,0.0632,LBen
S377K,0.1294,LBen
S377L,0.0634,LBen
S377M,0.0923,LBen
S377N,0.0622,LBen
S377P,0.0648,LBen
S377Q,0.1392,LBen
S377R,0.1138,LBen
S377T,0.0594,LBen
S377V,0.0771,LBen
S377W,0.1119,LBen
S377Y,0.0738,LBen
A378C,0.2198,LBen
A378D,0.0955,LBen
A378E,0.0991,LBen
A378F,0.135,LBen
A378G,0.0877,LBen
A378H,0.1722,LBen
A378I,0.1049,LBen
A378K,0.1362,LBen
A378L,0.0911,LBen
A378M,0.1208,LBen
A378N,0.1191,LBen
A378P,0.0826,LBen
A378Q,0.1406,LBen
A378R,0.1254,LBen
A378S,0.0808,LBen
A378T,0.0668,LBen
A378V,0.0774,LBen
A378W,0.2744,LBen
A378Y,0.1645,LBen
T379A,0.0571,LBen
T379C,0.1872,LBen
T379D,0.117,LBen
T379E,0.1134,LBen
T379F,0.0995,LBen
T379G,0.105,LBen
T379H,0.1137,LBen
T379I,0.0733,LBen
T379K,0.0959,LBen
T379L,0.0687,LBen
T379M,0.0819,LBen
T379N,0.076,LBen
T379P,0.0583,LBen
T379Q,0.1155,LBen
T379R,0.0818,LBen
T379S,0.0719,LBen
T379V,0.0746,LBen
T379W,0.2316,LBen
T379Y,0.1169,LBen
C380A,0.0934,LBen
C380D,0.0834,LBen
C380E,0.1369,LBen
C380F,0.0701,LBen
C380G,0.0562,LBen
C380H,0.0946,LBen
C380I,0.13,LBen
C380K,0.1395,LBen
C380L,0.1206,LBen
C380M,0.2157,LBen
C380N,0.0856,LBen
C380P,0.1132,LBen
C380Q,0.1127,LBen
C380R,0.0696,LBen
C380S,0.0663,LBen
C380T,0.1087,LBen
C380V,0.1204,LBen
C380W,0.1004,LBen
C380Y,0.0616,LBen
K381A,0.0947,LBen
K381C,0.2766,LBen
K381D,0.1377,LBen
K381E,0.0656,LBen
K381F,0.2573,LBen
K381G,0.1116,LBen
K381H,0.1302,LBen
K381I,0.1212,LBen
K381L,0.114,LBen
K381M,0.1007,LBen
K381N,0.1189,LBen
K381P,0.1469,LBen
K381Q,0.0789,LBen
K381R,0.0626,LBen
K381S,0.1135,LBen
K381T,0.0757,LBen
K381V,0.11,LBen
K381W,0.2892,LBen
K381Y,0.209,LBen
A382C,0.2185,LBen
A382D,0.0837,LBen
A382E,0.0867,LBen
A382F,0.1347,LBen
A382G,0.0801,LBen
A382H,0.1671,LBen
A382I,0.1019,LBen
A382K,0.134,LBen
A382L,0.0923,LBen
A382M,0.1197,LBen
A382N,0.0996,LBen
A382P,0.0742,LBen
A382Q,0.1298,LBen
A382R,0.1255,LBen
A382S,0.0752,LBen
A382T,0.0661,LBen
A382V,0.0721,LBen
A382W,0.2601,LBen
A382Y,0.1496,LBen
Y383A,0.0985,LBen
Y383C,0.0701,LBen
Y383D,0.0654,LBen
Y383E,0.1447,LBen
Y383F,0.081,LBen
Y383G,0.0987,LBen
Y383H,0.0724,LBen
Y383I,0.1254,LBen
Y383K,0.1355,LBen
Y383L,0.1267,LBen
Y383M,0.2475,LBen
Y383N,0.0617,LBen
Y383P,0.113,LBen
Y383Q,0.1128,LBen
Y383R,0.0841,LBen
Y383S,0.059,LBen
Y383T,0.1054,LBen
Y383V,0.1063,LBen
Y383W,0.1747,LBen
P384A,0.0705,LBen
P384C,0.1911,LBen
P384D,0.1849,LBen
P384E,0.1256,LBen
P384F,0.2053,LBen
P384G,0.1495,LBen
P384H,0.1037,LBen
P384I,0.159,LBen
P384K,0.1252,LBen
P384L,0.0855,LBen
P384M,0.1795,LBen
P384N,0.1722,LBen
P384Q,0.0864,LBen
P384R,0.0858,LBen
P384S,0.0828,LBen
P384T,0.0784,LBen
P384V,0.1211,LBen
P384W,0.2233,LBen
P384Y,0.1845,LBen
K385A,0.108,LBen
K385C,0.3026,LBen
K385D,0.1614,LBen
K385E,0.067,LBen
K385F,0.3234,LBen
K385G,0.1219,LBen
K385H,0.1619,LBen
K385I,0.147,LBen
K385L,0.1376,LBen
K385M,0.1167,LBen
K385N,0.1388,LBen
K385P,0.1586,LBen
K385Q,0.0795,LBen
K385R,0.066,LBen
K385S,0.1209,LBen
K385T,0.0863,LBen
K385V,0.1265,LBen
K385W,0.3494,Amb
K385Y,0.2528,LBen
R386A,0.1487,LBen
R386C,0.0732,LBen
R386D,0.2181,LBen
R386E,0.171,LBen
R386F,0.186,LBen
R386G,0.0966,LBen
R386H,0.0686,LBen
R386I,0.1429,LBen
R386K,0.0931,LBen
R386L,0.1086,LBen
R386M,0.1761,LBen
R386N,0.1616,LBen
R386P,0.1749,LBen
R386Q,0.0767,LBen
R386S,0.1454,LBen
R386T,0.13,LBen
R386V,0.1722,LBen
R386W,0.1156,LBen
R386Y,0.1163,LBen
P387A,0.1749,LBen
P387C,0.5106,Amb
P387D,0.6828,LPath
P387E,0.4946,Amb
P387F,0.6305,LPath
P387G,0.4822,Amb
P387H,0.3376,LBen
P387I,0.5262,Amb
P387K,0.4927,Amb
P387L,0.2489,LBen
P387M,0.521,Amb
P387N,0.5754,LPath
P387Q,0.3091,LBen
P387R,0.2914,LBen
P387S,0.2489,LBen
P387T,0.261,LBen
P387V,0.3697,Amb
P387W,0.7241,LPath
P387Y,0.5458,Amb
L388A,0.7877,LPath
L388C,0.743,LPath
L388D,0.9959,LPath
L388E,0.9788,LPath
L388F,0.542,Amb
L388G,0.9556,LPath
L388H,0.9435,LPath
L388I,0.239,LBen
L388K,0.9652,LPath
L388M,0.3039,LBen
L388N,0.9678,LPath
L388P,0.6165,LPath
L388Q,0.9052,LPath
L388R,0.9163,LPath
L388S,0.9175,LPath
L388T,0.8226,LPath
L388V,0.1877,LBen
L388W,0.8854,LPath
L388Y,0.9275,LPath
L389A,0.3692,Amb
L389C,0.5355,Amb
L389D,0.9468,LPath
L389E,0.7103,LPath
L389F,0.2187,LBen
L389G,0.7387,LPath
L389H,0.458,Amb
L389I,0.1882,LBen
L389K,0.5461,Amb
L389M,0.182,LBen
L389N,0.8072,LPath
L389P,0.8108,LPath
L389Q,0.3296,LBen
L389R,0.2709,LBen
L389S,0.5218,Amb
L389T,0.4021,Amb
L389V,0.1569,LBen
L389W,0.2704,LBen
L389Y,0.4808,Amb
G390A,0.2102,LBen
G390C,0.5789,LPath
G390D,0.9903,LPath
G390E,0.9925,LPath
G390F,0.9791,LPath
G390H,0.9925,LPath
G390I,0.9322,LPath
G390K,0.9975,LPath
G390L,0.9302,LPath
G390M,0.967,LPath
G390N,0.9834,LPath
G390P,0.9963,LPath
G390Q,0.9904,LPath
G390R,0.99,LPath
G390S,0.4168,Amb
G390T,0.8355,LPath
G390V,0.8367,LPath
G390W,0.983,LPath
G390Y,0.983,LPath
L391A,0.8653,LPath
L391C,0.8059,LPath
L391D,0.9994,LPath
L391E,0.9947,LPath
L391F,0.4882,Amb
L391G,0.984,LPath
L391H,0.9875,LPath
L391I,0.1604,LBen
L391K,0.9934,LPath
L391M,0.2253,LBen
L391N,0.9959,LPath
L391P,0.9975,LPath
L391Q,0.9803,LPath
L391R,0.9846,LPath
L391S,0.9805,LPath
L391T,0.9161,LPath
L391V,0.1731,LBen
L391W,0.9129,LPath
L391Y,0.9569,LPath
V392A,0.7839,LPath
V392C,0.8967,LPath
V392D,0.9963,LPath
V392E,0.9893,LPath
V392F,0.7637,LPath
V392G,0.9095,LPath
V392H,0.9946,LPath
V392I,0.0892,LBen
V392K,0.9943,LPath
V392L,0.5135,Amb
V392M,0.6103,LPath
V392N,0.9845,LPath
V392P,0.9942,LPath
V392Q,0.9849,LPath
V392R,0.9887,LPath
V392S,0.9104,LPath
V392T,0.8652,LPath
V392W,0.9951,LPath
V392Y,0.9818,LPath
L393A,0.8487,LPath
L393C,0.7689,LPath
L393D,0.9988,LPath
L393E,0.9903,LPath
L393F,0.4314,Amb
L393G,0.985,LPath
L393H,0.9795,LPath
L393I,0.0894,LBen
L393K,0.9913,LPath
L393M,0.1881,LBen
L393N,0.9919,LPath
L393P,0.9928,LPath
L393Q,0.9638,LPath
L393R,0.9814,LPath
L393S,0.9672,LPath
L393T,0.8933,LPath
L393V,0.1011,LBen
L393W,0.9194,LPath
L393Y,0.9491,LPath
T394A,0.1402,LBen
T394C,0.2755,LBen
T394D,0.9894,LPath
T394E,0.8854,LPath
T394F,0.9326,LPath
T394G,0.7761,LPath
T394H,0.9358,LPath
T394I,0.543,Amb
T394K,0.9609,LPath
T394L,0.2288,LBen
T394M,0.1693,LBen
T394N,0.7468,LPath
T394P,0.8051,LPath
T394Q,0.8277,LPath
T394R,0.9462,LPath
T394S,0.3677,Amb
T394V,0.2985,LBen
T394W,0.9959,LPath
T394Y,0.9724,LPath
P395A,0.862,LPath
P395C,0.9948,LPath
P395D,0.9984,LPath
P395E,0.9949,LPath
P395F,0.9994,LPath
P395G,0.9866,LPath
P395H,0.9945,LPath
P395I,0.9963,LPath
P395K,0.9983,LPath
P395L,0.9613,LPath
P395M,0.9961,LPath
P395N,0.9973,LPath
P395Q,0.9915,LPath
P395R,0.9903,LPath
P395S,0.9518,LPath
P395T,0.9592,LPath
P395V,0.9819,LPath
P395W,0.9998,LPath
P395Y,0.9993,LPath
T396A,0.8301,LPath
T396C,0.9919,LPath
T396D,0.998,LPath
T396E,0.9909,LPath
T396F,0.9937,LPath
T396G,0.976,LPath
T396H,0.9943,LPath
T396I,0.9795,LPath
T396K,0.9914,LPath
T396L,0.8682,LPath
T396M,0.8399,LPath
T396N,0.9801,LPath
T396P,0.8996,LPath
T396Q,0.9883,LPath
T396R,0.9896,LPath
T396S,0.8896,LPath
T396V,0.9209,LPath
T396W,0.9994,LPath
T396Y,0.9969,LPath
R397A,0.9965,LPath
R397C,0.9801,LPath
R397D,0.9986,LPath
R397E,0.9843,LPath
R397F,0.9991,LPath
R397G,0.9928,LPath
R397H,0.9692,LPath
R397I,0.9977,LPath
R397K,0.9501,LPath
R397L,0.9899,LPath
R397M,0.9973,LPath
R397N,0.9986,LPath
R397P,0.9972,LPath
R397Q,0.9465,LPath
R397S,0.9958,LPath
R397T,0.9945,LPath
R397V,0.9953,LPath
R397W,0.9554,LPath
R397Y,0.9955,LPath
E398A,0.9903,LPath
E398C,0.9988,LPath
E398D,0.9924,LPath
E398F,0.9995,LPath
E398G,0.9916,LPath
E398H,0.9982,LPath
E398I,0.9974,LPath
E398K,0.9962,LPath
E398L,0.9981,LPath
E398M,0.9981,LPath
E398N,0.9983,LPath
E398P,0.9986,LPath
E398Q,0.9833,LPath
E398R,0.9963,LPath
E398S,0.9941,LPath
E398T,0.998,LPath
E398V,0.9943,LPath
E398W,0.9998,LPath
E398Y,0.999,LPath
L399A,0.9692,LPath
L399C,0.992,LPath
L399D,0.9988,LPath
L399E,0.9899,LPath
L399F,0.981,LPath
L399G,0.9867,LPath
L399H,0.993,LPath
L399I,0.8681,LPath
L399K,0.9835,LPath
L399M,0.8054,LPath
L399N,0.9889,LPath
L399P,0.9986,LPath
L399Q,0.992,LPath
L399R,0.9806,LPath
L399S,0.996,LPath
L399T,0.9772,LPath
L399V,0.8862,LPath
L399W,0.9912,LPath
L399Y,0.9933,LPath
A400C,0.8748,LPath
A400D,0.996,LPath
A400E,0.9931,LPath
A400F,0.991,LPath
A400G,0.5166,Amb
A400H,0.9973,LPath
A400I,0.9603,LPath
A400K,0.9991,LPath
A400L,0.8563,LPath
A400M,0.9282,LPath
A400N,0.9904,LPath
A400P,0.9938,LPath
A400Q,0.987,LPath
A400R,0.9943,LPath
A400S,0.3577,Amb
A400T,0.7776,LPath
A400V,0.7532,LPath
A400W,0.9989,LPath
A400Y,0.9968,LPath
V401A,0.4879,Amb
V401C,0.7753,LPath
V401D,0.9036,LPath
V401E,0.7702,LPath
V401F,0.2106,LBen
V401G,0.5266,Amb
V401H,0.817,LPath
V401I,0.0673,LBen
V401K,0.7595,LPath
V401L,0.1667,LBen
V401M,0.1218,LBen
V401N,0.635,LPath
V401P,0.9789,LPath
V401Q,0.6318,LPath
V401R,0.7009,LPath
V401S,0.5611,Amb
V401T,0.4639,Amb
V401W,0.852,LPath
V401Y,0.7169,LPath
Q402A,0.8278,LPath
Q402C,0.997,LPath
Q402D,0.9844,LPath
Q402E,0.6257,LPath
Q402F,0.993,LPath
Q402G,0.8738,LPath
Q402H,0.9839,LPath
Q402I,0.9485,LPath
Q402K,0.8888,LPath
Q402L,0.7965,LPath
Q402M,0.8688,LPath
Q402N,0.9505,LPath
Q402P,0.929,LPath
Q402R,0.9141,LPath
Q402S,0.8317,LPath
Q402T,0.8554,LPath
Q402V,0.9251,LPath
Q402W,0.9976,LPath
Q402Y,0.9951,LPath
V403A,0.8324,LPath
V403C,0.9495,LPath
V403D,0.9818,LPath
V403E,0.9558,LPath
V403F,0.9155,LPath
V403G,0.7915,LPath
V403H,0.9947,LPath
V403I,0.1366,LBen
V403K,0.9852,LPath
V403L,0.7851,LPath
V403M,0.6658,LPath
V403N,0.9407,LPath
V403P,0.9969,LPath
V403Q,0.9712,LPath
V403R,0.9813,LPath
V403S,0.8908,LPath
V403T,0.7794,LPath
V403W,0.9977,LPath
V403Y,0.9894,LPath
K404A,0.5369,Amb
K404C,0.497,Amb
K404D,0.9331,LPath
K404E,0.4495,Amb
K404F,0.8942,LPath
K404G,0.5467,Amb
K404H,0.3575,Amb
K404I,0.6864,LPath
K404L,0.5885,LPath
K404M,0.363,Amb
K404N,0.7275,LPath
K404P,0.9828,LPath
K404Q,0.1352,LBen
K404R,0.0776,LBen
K404S,0.5396,Amb
K404T,0.3501,Amb
K404V,0.5757,LPath
K404W,0.78,LPath
K404Y,0.7265,LPath
Q405A,0.2668,LBen
Q405C,0.5606,Amb
Q405D,0.3505,Amb
Q405E,0.0809,LBen
Q405F,0.7509,LPath
Q405G,0.2325,LBen
Q405H,0.1999,LBen
Q405I,0.5901,LPath
Q405K,0.1242,LBen
Q405L,0.1815,LBen
Q405M,0.431,Amb
Q405N,0.2418,LBen
Q405P,0.753,LPath
Q405R,0.1241,LBen
Q405S,0.2886,LBen
Q405T,0.2674,LBen
Q405V,0.4065,Amb
Q405W,0.5545,Amb
Q405Y,0.42,Amb
H406A,0.9192,LPath
H406C,0.6882,LPath
H406D,0.9104,LPath
H406E,0.9235,LPath
H406F,0.8909,LPath
H406G,0.9277,LPath
H406I,0.9237,LPath
H406K,0.9164,LPath
H406L,0.7177,LPath
H406M,0.9074,LPath
H406N,0.5737,LPath
H406P,0.9551,LPath
H406Q,0.7677,LPath
H406R,0.8062,LPath
H406S,0.865,LPath
H406T,0.9267,LPath
H406V,0.8856,LPath
H406W,0.9197,LPath
H406Y,0.5877,LPath
I407A,0.4203,Amb
I407C,0.7629,LPath
I407D,0.988,LPath
I407E,0.966,LPath
I407F,0.2958,LBen
I407G,0.8863,LPath
I407H,0.9607,LPath
I407K,0.9501,LPath
I407L,0.1352,LBen
I407M,0.0987,LBen
I407N,0.9053,LPath
I407P,0.9832,LPath
I407Q,0.9409,LPath
I407R,0.9196,LPath
I407S,0.7072,LPath
I407T,0.2354,LBen
I407V,0.0666,LBen
I407W,0.9333,LPath
I407Y,0.8809,LPath
D408A,0.4301,Amb
D408C,0.8135,LPath
D408E,0.3677,Amb
D408F,0.8647,LPath
D408G,0.488,Amb
D408H,0.5588,Amb
D408I,0.7139,LPath
D408K,0.7001,LPath
D408L,0.703,LPath
D408M,0.8422,LPath
D408N,0.1763,LBen
D408P,0.985,LPath
D408Q,0.6434,LPath
D408R,0.7017,LPath
D408S,0.2854,LBen
D408T,0.4718,Amb
D408V,0.4702,Amb
D408W,0.9674,LPath
D408Y,0.5321,Amb
A409C,0.473,Amb
A409D,0.3599,Amb
A409E,0.3102,LBen
A409F,0.4831,Amb
A409G,0.2405,LBen
A409H,0.5273,Amb
A409I,0.3323,LBen
A409K,0.4811,Amb
A409L,0.2708,LBen
A409M,0.2497,LBen
A409N,0.3178,LBen
A409P,0.928,LPath
A409Q,0.4005,Amb
A409R,0.3975,Amb
A409S,0.1215,LBen
A409T,0.1098,LBen
A409V,0.1519,LBen
A409W,0.8529,LPath
A409Y,0.6101,LPath
V410A,0.197,LBen
V410C,0.817,LPath
V410D,0.9772,LPath
V410E,0.9421,LPath
V410F,0.5792,LPath
V410G,0.6265,LPath
V410H,0.9813,LPath
V410I,0.0906,LBen
V410K,0.971,LPath
V410L,0.2993,LBen
V410M,0.2567,LBen
V410N,0.9118,LPath
V410P,0.9438,LPath
V410Q,0.9338,LPath
V410R,0.9552,LPath
V410S,0.5822,LPath
V410T,0.3229,LBen
V410W,0.9894,LPath
V410Y,0.9647,LPath
A411C,0.3538,Amb
A411D,0.9053,LPath
A411E,0.8068,LPath
A411F,0.6892,LPath
A411G,0.1956,LBen
A411H,0.8987,LPath
A411I,0.325,LBen
A411K,0.8992,LPath
A411L,0.2652,LBen
A411M,0.3249,LBen
A411N,0.7226,LPath
A411P,0.9268,LPath
A411Q,0.7764,LPath
A411R,0.835,LPath
A411S,0.1268,LBen
A411T,0.099,LBen
A411V,0.1361,LBen
A411W,0.9395,LPath
A411Y,0.8665,LPath
R412A,0.1635,LBen
R412C,0.1297,LBen
R412D,0.4541,Amb
R412E,0.1769,LBen
R412F,0.3611,Amb
R412G,0.1252,LBen
R412H,0.1071,LBen
R412I,0.1675,LBen
R412K,0.0665,LBen
R412L,0.1401,LBen
R412M,0.1451,LBen
R412N,0.2971,LBen
R412P,0.5255,Amb
R412Q,0.0776,LBen
R412S,0.2149,LBen
R412T,0.1211,LBen
R412V,0.1817,LBen
R412W,0.167,LBen
R412Y,0.2557,LBen
F413A,0.8894,LPath
F413C,0.6247,LPath
F413D,0.8821,LPath
F413E,0.9133,LPath
F413G,0.9098,LPath
F413H,0.6044,LPath
F413I,0.7386,LPath
F413K,0.9379,LPath
F413L,0.9599,LPath
F413M,0.836,LPath
F413N,0.7825,LPath
F413P,0.9904,LPath
F413Q,0.905,LPath
F413R,0.8888,LPath
F413S,0.7906,LPath
F413T,0.9107,LPath
F413V,0.7314,LPath
F413W,0.534,Amb
F413Y,0.1772,LBen
T414A,0.17,LBen
T414C,0.4029,Amb
T414D,0.926,LPath
T414E,0.879,LPath
T414F,0.8171,LPath
T414G,0.5493,Amb
T414H,0.8121,LPath
T414I,0.5205,Amb
T414K,0.8328,LPath
T414L,0.3023,LBen
T414M,0.2371,LBen
T414N,0.6745,LPath
T414P,0.6588,LPath
T414Q,0.7936,LPath
T414R,0.7132,LPath
T414S,0.2431,LBen
T414V,0.3635,Amb
T414W,0.9177,LPath
T414Y,0.8736,LPath
G415A,0.1693,LBen
G415C,0.2554,LBen
G415D,0.1196,LBen
G415E,0.182,LBen
G415F,0.6953,LPath
G415H,0.2831,LBen
G415I,0.5815,LPath
G415K,0.2835,LBen
G415L,0.5604,Amb
G415M,0.581,LPath
G415N,0.1804,LBen
G415P,0.6802,LPath
G415Q,0.2373,LBen
G415R,0.2031,LBen
G415S,0.1117,LBen
G415T,0.2285,LBen
G415V,0.4186,Amb
G415W,0.4977,Amb
G415Y,0.4978,Amb
I416A,0.8299,LPath
I416C,0.7795,LPath
I416D,0.9876,LPath
I416E,0.958,LPath
I416F,0.3418,Amb
I416G,0.9546,LPath
I416H,0.9281,LPath
I416K,0.8947,LPath
I416L,0.193,LBen
I416M,0.1781,LBen
I416N,0.8696,LPath
I416P,0.9585,LPath
I416Q,0.9085,LPath
I416R,0.8477,LPath
I416S,0.8699,LPath
I416T,0.8253,LPath
I416V,0.1259,LBen
I416W,0.8898,LPath
I416Y,0.804,LPath
K417A,0.2965,LBen
K417C,0.4775,Amb
K417D,0.4604,Amb
K417E,0.1398,LBen
K417F,0.758,LPath
K417G,0.3095,LBen
K417H,0.2008,LBen
K417I,0.4806,Amb
K417L,0.3923,Amb
K417M,0.2734,LBen
K417N,0.302,LBen
K417P,0.6612,LPath
K417Q,0.1003,LBen
K417R,0.0726,LBen
K417S,0.2696,LBen
K417T,0.1565,LBen
K417V,0.4004,Amb
K417W,0.6471,LPath
K417Y,0.5498,Amb
T418A,0.1282,LBen
T418C,0.4004,Amb
T418D,0.9197,LPath
T418E,0.861,LPath
T418F,0.7786,LPath
T418G,0.4867,Amb
T418H,0.785,LPath
T418I,0.4519,Amb
T418K,0.8044,LPath
T418L,0.3685,Amb
T418M,0.1786,LBen
T418N,0.5053,Amb
T418P,0.4608,Amb
T418Q,0.7523,LPath
T418R,0.7479,LPath
T418S,0.2282,LBen
T418V,0.2517,LBen
T418W,0.9392,LPath
T418Y,0.7977,LPath
A419C,0.5173,Amb
A419D,0.843,LPath
A419E,0.7796,LPath
A419F,0.827,LPath
A419G,0.317,LBen
A419H,0.9087,LPath
A419I,0.5615,Amb
A419K,0.9216,LPath
A419L,0.5731,LPath
A419M,0.4635,Amb
A419N,0.7488,LPath
A419P,0.9846,LPath
A419Q,0.7946,LPath
A419R,0.8649,LPath
A419S,0.1567,LBen
A419T,0.1336,LBen
A419V,0.2298,LBen
A419W,0.9792,LPath
A419Y,0.919,LPath
I420A,0.5027,Amb
I420C,0.7059,LPath
I420D,0.9486,LPath
I420E,0.9286,LPath
I420F,0.3296,LBen
I420G,0.8457,LPath
I420H,0.8476,LPath
I420K,0.8754,LPath
I420L,0.0776,LBen
I420M,0.1389,LBen
I420N,0.5975,LPath
I420P,0.8878,LPath
I420Q,0.8373,LPath
I420R,0.8073,LPath
I420S,0.5463,Amb
I420T,0.4336,Amb
I420V,0.0854,LBen
I420W,0.9156,LPath
I420Y,0.767,LPath
L421A,0.6821,LPath
L421C,0.7248,LPath
L421D,0.9978,LPath
L421E,0.9823,LPath
L421F,0.5798,LPath
L421G,0.9709,LPath
L421H,0.9658,LPath
L421I,0.0788,LBen
L421K,0.9873,LPath
L421M,0.2581,LBen
L421N,0.9863,LPath
L421P,0.9799,LPath
L421Q,0.9469,LPath
L421R,0.9687,LPath
L421S,0.9162,LPath
L421T,0.7082,LPath
L421V,0.0715,LBen
L421W,0.9188,LPath
L421Y,0.9536,LPath
V422A,0.582,LPath
V422C,0.8914,LPath
V422D,0.9897,LPath
V422E,0.9735,LPath
V422F,0.4253,Amb
V422G,0.7792,LPath
V422H,0.9819,LPath
V422I,0.1593,LBen
V422K,0.9821,LPath
V422L,0.5357,Amb
V422M,0.5123,Amb
V422N,0.9707,LPath
V422P,0.9796,LPath
V422Q,0.961,LPath
V422R,0.9551,LPath
V422S,0.7887,LPath
V422T,0.3803,Amb
V422W,0.9756,LPath
V422Y,0.9498,LPath
G423A,0.907,LPath
G423C,0.9686,LPath
G423D,0.9884,LPath
G423E,0.9915,LPath
G423F,0.9949,LPath
G423H,0.9966,LPath
G423I,0.9904,LPath
G423K,0.9964,LPath
G423L,0.9914,LPath
G423M,0.9959,LPath
G423N,0.9951,LPath
G423P,0.9971,LPath
G423Q,0.9947,LPath
G423R,0.9863,LPath
G423S,0.8717,LPath
G423T,0.9767,LPath
G423V,0.9806,LPath
G423W,0.9733,LPath
G423Y,0.9943,LPath
G424A,0.937,LPath
G424C,0.9682,LPath
G424D,0.9852,LPath
G424E,0.9866,LPath
G424F,0.9904,LPath
G424H,0.9955,LPath
G424I,0.9812,LPath
G424K,0.9941,LPath
G424L,0.9898,LPath
G424M,0.9904,LPath
G424N,0.9876,LPath
G424P,0.9984,LPath
G424Q,0.9922,LPath
G424R,0.9833,LPath
G424S,0.8649,LPath
G424T,0.9684,LPath
G424V,0.9733,LPath
G424W,0.9774,LPath
G424Y,0.9894,LPath
M425A,0.9729,LPath
M425C,0.9617,LPath
M425D,0.9983,LPath
M425E,0.9904,LPath
M425F,0.6156,LPath
M425G,0.9909,LPath
M425H,0.9755,LPath
M425I,0.7167,LPath
M425K,0.9289,LPath
M425L,0.2456,LBen
M425N,0.9841,LPath
M425P,0.9955,LPath
M425Q,0.9156,LPath
M425R,0.9198,LPath
M425S,0.9776,LPath
M425T,0.9611,LPath
M425V,0.3405,Amb
M425W,0.9246,LPath
M425Y,0.9264,LPath
S426A,0.1674,LBen
S426C,0.397,Amb
S426D,0.9629,LPath
S426E,0.9846,LPath
S426F,0.9455,LPath
S426G,0.5811,LPath
S426H,0.9295,LPath
S426I,0.9652,LPath
S426K,0.9955,LPath
S426L,0.7192,LPath
S426M,0.8366,LPath
S426N,0.8147,LPath
S426P,0.939,LPath
S426Q,0.9674,LPath
S426R,0.9911,LPath
S426T,0.6166,LPath
S426V,0.9123,LPath
S426W,0.9294,LPath
S426Y,0.8957,LPath
T427A,0.0637,LBen
T427C,0.3956,Amb
T427D,0.4233,Amb
T427E,0.2604,LBen
T427F,0.219,LBen
T427G,0.2138,LBen
T427H,0.244,LBen
T427I,0.1244,LBen
T427K,0.1853,LBen
T427L,0.0775,LBen
T427M,0.076,LBen
T427N,0.1463,LBen
T427P,0.0791,LBen
T427Q,0.188,LBen
T427R,0.1553,LBen
T427S,0.1039,LBen
T427V,0.0982,LBen
T427W,0.56,Amb
T427Y,0.3044,LBen
Q428A,0.3013,LBen
Q428C,0.9085,LPath
Q428D,0.7441,LPath
Q428E,0.0991,LBen
Q428F,0.9174,LPath
Q428G,0.5224,Amb
Q428H,0.66,LPath
Q428I,0.6394,LPath
Q428K,0.2505,LBen
Q428L,0.3221,LBen
Q428M,0.6058,LPath
Q428N,0.7071,LPath
Q428P,0.2645,LBen
Q428R,0.2329,LBen
Q428S,0.536,Amb
Q428T,0.5232,Amb
Q428V,0.3793,Amb
Q428W,0.8676,LPath
Q428Y,0.8164,LPath
K429A,0.9764,LPath
K429C,0.985,LPath
K429D,0.9955,LPath
K429E,0.9674,LPath
K429F,0.9952,LPath
K429G,0.975,LPath
K429H,0.9125,LPath
K429I,0.9625,LPath
K429L,0.9333,LPath
K429M,0.8964,LPath
K429N,0.984,LPath
K429P,0.9933,LPath
K429Q,0.8431,LPath
K429R,0.2744,LBen
K429S,0.9838,LPath
K429T,0.9372,LPath
K429V,0.9498,LPath
K429W,0.9885,LPath
K429Y,0.9598,LPath
Q430A,0.8593,LPath
Q430C,0.9965,LPath
Q430D,0.993,LPath
Q430E,0.6429,LPath
Q430F,0.998,LPath
Q430G,0.9014,LPath
Q430H,0.9923,LPath
Q430I,0.95,LPath
Q430K,0.9428,LPath
Q430L,0.8938,LPath
Q430M,0.884,LPath
Q430N,0.9606,LPath
Q430P,0.9788,LPath
Q430R,0.9619,LPath
Q430S,0.91,LPath
Q430T,0.9134,LPath
Q430V,0.9314,LPath
Q430W,0.9988,LPath
Q430Y,0.997,LPath
Q431A,0.2994,LBen
Q431C,0.5849,LPath
Q431D,0.546,Amb
Q431E,0.0795,LBen
Q431F,0.6719,LPath
Q431G,0.3659,Amb
Q431H,0.2958,LBen
Q431I,0.354,Amb
Q431K,0.1112,LBen
Q431L,0.1407,LBen
Q431M,0.3274,LBen
Q431N,0.4147,Amb
Q431P,0.8738,LPath
Q431R,0.118,LBen
Q431S,0.4083,Amb
Q431T,0.3189,LBen
Q431V,0.2686,LBen
Q431W,0.4743,Amb
Q431Y,0.4491,Amb
R432A,0.9646,LPath
R432C,0.7571,LPath
R432D,0.9793,LPath
R432E,0.9013,LPath
R432F,0.9696,LPath
R432G,0.9296,LPath
R432H,0.5783,LPath
R432I,0.9224,LPath
R432K,0.6046,LPath
R432L,0.8672,LPath
R432M,0.9273,LPath
R432N,0.9631,LPath
R432P,0.9952,LPath
R432Q,0.5448,Amb
R432S,0.9807,LPath
R432T,0.9641,LPath
R432V,0.9441,LPath
R432W,0.6399,LPath
R432Y,0.8894,LPath
M433A,0.6939,LPath
M433C,0.8444,LPath
M433D,0.9757,LPath
M433E,0.7973,LPath
M433F,0.5901,LPath
M433G,0.9113,LPath
M433H,0.8253,LPath
M433I,0.3723,Amb
M433K,0.5217,Amb
M433L,0.1415,LBen
M433N,0.8317,LPath
M433P,0.9895,LPath
M433Q,0.4647,Amb
M433R,0.5406,Amb
M433S,0.7527,LPath
M433T,0.5581,Amb
M433V,0.1201,LBen
M433W,0.8657,LPath
M433Y,0.811,LPath
L434A,0.9261,LPath
L434C,0.9226,LPath
L434D,0.9986,LPath
L434E,0.9898,LPath
L434F,0.8148,LPath
L434G,0.9817,LPath
L434H,0.9882,LPath
L434I,0.3272,LBen
L434K,0.9863,LPath
L434M,0.4047,Amb
L434N,0.9929,LPath
L434P,0.9908,LPath
L434Q,0.9718,LPath
L434R,0.9672,LPath
L434S,0.9882,LPath
L434T,0.9462,LPath
L434V,0.4119,Amb
L434W,0.9314,LPath
L434Y,0.974,LPath
N435A,0.1404,LBen
N435C,0.1475,LBen
N435D,0.1142,LBen
N435E,0.1983,LBen
N435F,0.3444,Amb
N435G,0.1656,LBen
N435H,0.0723,LBen
N435I,0.1849,LBen
N435K,0.1352,LBen
N435L,0.1352,LBen
N435M,0.2064,LBen
N435P,0.7372,LPath
N435Q,0.1547,LBen
N435R,0.1409,LBen
N435S,0.073,LBen
N435T,0.1078,LBen
N435V,0.1866,LBen
N435W,0.4653,Amb
N435Y,0.1113,LBen
R436A,0.3353,LBen
R436C,0.1105,LBen
R436D,0.543,Amb
R436E,0.3273,LBen
R436F,0.3844,Amb
R436G,0.1791,LBen
R436H,0.0885,LBen
R436I,0.3017,LBen
R436K,0.1242,LBen
R436L,0.2129,LBen
R436M,0.2957,LBen
R436N,0.4077,Amb
R436P,0.7577,LPath
R436Q,0.0899,LBen
R436S,0.3651,Amb
R436T,0.2569,LBen
R436V,0.3606,Amb
R436W,0.1276,LBen
R436Y,0.2292,LBen
R437A,0.1892,LBen
R437C,0.0616,LBen
R437D,0.2696,LBen
R437E,0.1691,LBen
R437F,0.1834,LBen
R437G,0.109,LBen
R437H,0.0592,LBen
R437I,0.1873,LBen
R437K,0.1016,LBen
R437L,0.1126,LBen
R437M,0.1938,LBen
R437N,0.1842,LBen
R437P,0.4295,Amb
R437Q,0.0654,LBen
R437S,0.1664,LBen
R437T,0.1682,LBen
R437V,0.2117,LBen
R437W,0.0949,LBen
R437Y,0.0971,LBen
P438A,0.6669,LPath
P438C,0.9384,LPath
P438D,0.9917,LPath
P438E,0.9792,LPath
P438F,0.9908,LPath
P438G,0.9607,LPath
P438H,0.9742,LPath
P438I,0.9419,LPath
P438K,0.9852,LPath
P438L,0.8551,LPath
P438M,0.956,LPath
P438N,0.9898,LPath
P438Q,0.9611,LPath
P438R,0.9529,LPath
P438S,0.9146,LPath
P438T,0.8688,LPath
P438V,0.8638,LPath
P438W,0.9898,LPath
P438Y,0.9858,LPath
E439A,0.4649,Amb
E439C,0.9509,LPath
E439D,0.2762,LBen
E439F,0.9753,LPath
E439G,0.5519,Amb
E439H,0.714,LPath
E439I,0.9303,LPath
E439K,0.591,LPath
E439L,0.9119,LPath
E439M,0.8786,LPath
E439N,0.5918,LPath
E439P,0.9384,LPath
E439Q,0.2624,LBen
E439R,0.6979,LPath
E439S,0.4886,Amb
E439T,0.7886,LPath
E439V,0.8085,LPath
E439W,0.9832,LPath
E439Y,0.9413,LPath
I440A,0.8549,LPath
I440C,0.9455,LPath
I440D,0.9983,LPath
I440E,0.9953,LPath
I440F,0.5821,LPath
I440G,0.9842,LPath
I440H,0.9933,LPath
I440K,0.9924,LPath
I440L,0.2793,LBen
I440M,0.1893,LBen
I440N,0.9769,LPath
I440P,0.9968,LPath
I440Q,0.9919,LPath
I440R,0.9866,LPath
I440S,0.9534,LPath
I440T,0.8306,LPath
I440V,0.128,LBen
I440W,0.9775,LPath
I440Y,0.9451,LPath
V441A,0.6175,LPath
V441C,0.9032,LPath
V441D,0.9956,LPath
V441E,0.9867,LPath
V441F,0.7223,LPath
V441G,0.9101,LPath
V441H,0.994,LPath
V441I,0.0814,LBen
V441K,0.9906,LPath
V441L,0.327,LBen
V441M,0.4188,Amb
V441N,0.986,LPath
V441P,0.992,LPath
V441Q,0.9834,LPath
V441R,0.982,LPath
V441S,0.904,LPath
V441T,0.6883,LPath
V441W,0.99,LPath
V441Y,0.9762,LPath
V442A,0.6598,LPath
V442C,0.913,LPath
V442D,0.9908,LPath
V442E,0.9799,LPath
V442F,0.6732,LPath
V442G,0.9014,LPath
V442H,0.9919,LPath
V442I,0.0644,LBen
V442K,0.9882,LPath
V442L,0.4351,Amb
V442M,0.4476,Amb
V442N,0.9681,LPath
V442P,0.9702,LPath
V442Q,0.9801,LPath
V442R,0.9771,LPath
V442S,0.8498,LPath
V442T,0.6057,LPath
V442W,0.9903,LPath
V442Y,0.9705,LPath
A443C,0.9043,LPath
A443D,0.9953,LPath
A443E,0.9976,LPath
A443F,0.9889,LPath
A443G,0.1542,LBen
A443H,0.9985,LPath
A443I,0.9929,LPath
A443K,0.9994,LPath
A443L,0.9547,LPath
A443M,0.976,LPath
A443N,0.9947,LPath
A443P,0.9969,LPath
A443Q,0.9949,LPath
A443R,0.9965,LPath
A443S,0.4142,Amb
A443T,0.8922,LPath
A443V,0.9595,LPath
A443W,0.9994,LPath
A443Y,0.9969,LPath
T444A,0.869,LPath
T444C,0.9881,LPath
T444D,0.9983,LPath
T444E,0.9914,LPath
T444F,0.9894,LPath
T444G,0.9876,LPath
T444H,0.9916,LPath
T444I,0.9465,LPath
T444K,0.987,LPath
T444L,0.8617,LPath
T444M,0.7785,LPath
T444N,0.9734,LPath
T444P,0.8145,LPath
T444Q,0.9905,LPath
T444R,0.9884,LPath
T444S,0.8805,LPath
T444V,0.8983,LPath
T444W,0.9992,LPath
T444Y,0.9967,LPath
P445A,0.7603,LPath
P445C,0.9862,LPath
P445D,0.9982,LPath
P445E,0.9947,LPath
P445F,0.998,LPath
P445G,0.9812,LPath
P445H,0.9912,LPath
P445I,0.9847,LPath
P445K,0.9975,LPath
P445L,0.9017,LPath
P445M,0.986,LPath
P445N,0.9968,LPath
P445Q,0.9874,LPath
P445R,0.9863,LPath
P445S,0.921,LPath
P445T,0.8571,LPath
P445V,0.9442,LPath
P445W,0.9991,LPath
P445Y,0.9983,LPath
G446A,0.8836,LPath
G446C,0.9734,LPath
G446D,0.9919,LPath
G446E,0.9864,LPath
G446F,0.9943,LPath
G446H,0.9963,LPath
G446I,0.9882,LPath
G446K,0.9952,LPath
G446L,0.9849,LPath
G446M,0.9933,LPath
G446N,0.9921,LPath
G446P,0.9981,LPath
G446Q,0.9886,LPath
G446R,0.9814,LPath
G446S,0.8177,LPath
G446T,0.9756,LPath
G446V,0.969,LPath
G446W,0.9816,LPath
G446Y,0.9943,LPath
R447A,0.9941,LPath
R447C,0.9145,LPath
R447D,0.9981,LPath
R447E,0.9771,LPath
R447F,0.9891,LPath
R447G,0.9821,LPath
R447H,0.8407,LPath
R447I,0.974,LPath
R447K,0.8852,LPath
R447L,0.9544,LPath
R447M,0.9868,LPath
R447N,0.9925,LPath
R447P,0.9981,LPath
R447Q,0.8616,LPath
R447S,0.9942,LPath
R447T,0.9938,LPath
R447V,0.9848,LPath
R447W,0.9144,LPath
R447Y,0.9759,LPath
L448A,0.8152,LPath
L448C,0.705,LPath
L448D,0.9989,LPath
L448E,0.993,LPath
L448F,0.2601,LBen
L448G,0.9511,LPath
L448H,0.9732,LPath
L448I,0.3315,LBen
L448K,0.992,LPath
L448M,0.2724,LBen
L448N,0.9927,LPath
L448P,0.9961,LPath
L448Q,0.9633,LPath
L448R,0.9775,LPath
L448S,0.9639,LPath
L448T,0.8847,LPath
L448V,0.3019,LBen
L448W,0.8403,LPath
L448Y,0.8909,LPath
W449A,0.8157,LPath
W449C,0.9355,LPath
W449D,0.9833,LPath
W449E,0.9749,LPath
W449F,0.6442,LPath
W449G,0.6919,LPath
W449H,0.9256,LPath
W449I,0.9313,LPath
W449K,0.983,LPath
W449L,0.6557,LPath
W449M,0.8733,LPath
W449N,0.9668,LPath
W449P,0.9979,LPath
W449Q,0.9615,LPath
W449R,0.9641,LPath
W449S,0.746,LPath
W449T,0.9156,LPath
W449V,0.8971,LPath
W449Y,0.7586,LPath
E450A,0.4959,Amb
E450C,0.9694,LPath
E450D,0.2517,LBen
E450F,0.9657,LPath
E450G,0.5412,Amb
E450H,0.8853,LPath
E450I,0.9246,LPath
E450K,0.79,LPath
E450L,0.8776,LPath
E450M,0.8594,LPath
E450N,0.704,LPath
E450P,0.9932,LPath
E450Q,0.4612,Amb
E450R,0.8715,LPath
E450S,0.5383,Amb
E450T,0.7698,LPath
E450V,0.7756,LPath
E450W,0.9885,LPath
E450Y,0.9231,LPath
L451A,0.5696,LPath
L451C,0.5732,LPath
L451D,0.9349,LPath
L451E,0.7079,LPath
L451F,0.2342,LBen
L451G,0.7771,LPath
L451H,0.5226,Amb
L451I,0.1748,LBen
L451K,0.6388,LPath
L451M,0.0949,LBen
L451N,0.7049,LPath
L451P,0.9875,LPath
L451Q,0.3879,Amb
L451R,0.5599,Amb
L451S,0.6813,LPath
L451T,0.5599,Amb
L451V,0.1883,LBen
L451W,0.4153,Amb
L451Y,0.5258,Amb
I452A,0.4546,Amb
I452C,0.6079,LPath
I452D,0.8992,LPath
I452E,0.7689,LPath
I452F,0.1896,LBen
I452G,0.7028,LPath
I452H,0.725,LPath
I452K,0.7063,LPath
I452L,0.1068,LBen
I452M,0.094,LBen
I452N,0.5587,Amb
I452P,0.9582,LPath
I452Q,0.6204,LPath
I452R,0.5957,LPath
I452S,0.46,Amb
I452T,0.42,Amb
I452V,0.0686,LBen
I452W,0.754,LPath
I452Y,0.5545,Amb
K453A,0.247,LBen
K453C,0.5174,Amb
K453D,0.4687,Amb
K453E,0.0999,LBen
K453F,0.8162,LPath
K453G,0.2552,LBen
K453H,0.2925,LBen
K453I,0.432,Amb
K453L,0.3267,LBen
K453M,0.2026,LBen
K453N,0.311,LBen
K453P,0.86,LPath
K453Q,0.0827,LBen
K453R,0.0798,LBen
K453S,0.2485,LBen
K453T,0.1452,LBen
K453V,0.3575,Amb
K453W,0.6764,LPath
K453Y,0.6402,LPath
E454A,0.1938,LBen
E454C,0.8192,LPath
E454D,0.1582,LBen
E454F,0.8461,LPath
E454G,0.1172,LBen
E454H,0.5672,LPath
E454I,0.5911,LPath
E454K,0.2167,LBen
E454L,0.5015,Amb
E454M,0.5416,Amb
E454N,0.2664,LBen
E454P,0.8914,LPath
E454Q,0.1514,LBen
E454R,0.3336,LBen
E454S,0.236,LBen
E454T,0.3316,LBen
E454V,0.3587,Amb
E454W,0.881,LPath
E454Y,0.676,LPath
K455A,0.2872,LBen
K455C,0.5223,Amb
K455D,0.2179,LBen
K455E,0.0915,LBen
K455F,0.7746,LPath
K455G,0.1449,LBen
K455H,0.2256,LBen
K455I,0.5208,Amb
K455L,0.4548,Amb
K455M,0.277,LBen
K455N,0.1499,LBen
K455P,0.5253,Amb
K455Q,0.1014,LBen
K455R,0.0829,LBen
K455S,0.2037,LBen
K455T,0.1719,LBen
K455V,0.4528,Amb
K455W,0.6642,LPath
K455Y,0.5046,Amb
H456A,0.4606,Amb
H456C,0.2287,LBen
H456D,0.284,LBen
H456E,0.262,LBen
H456F,0.599,LPath
H456G,0.5087,Amb
H456I,0.4904,Amb
H456K,0.5275,Amb
H456L,0.3087,LBen
H456M,0.6527,LPath
H456N,0.092,LBen
H456P,0.1708,LBen
H456Q,0.2606,LBen
H456R,0.3478,Amb
H456S,0.2961,LBen
H456T,0.3746,Amb
H456V,0.4408,Amb
H456W,0.6418,LPath
H456Y,0.2222,LBen
Y457A,0.0789,LBen
Y457C,0.0594,LBen
Y457D,0.0598,LBen
Y457E,0.1374,LBen
Y457F,0.0861,LBen
Y457G,0.0802,LBen
Y457H,0.0678,LBen
Y457I,0.126,LBen
Y457K,0.1501,LBen
Y457L,0.1417,LBen
Y457M,0.257,LBen
Y457N,0.0594,LBen
Y457P,0.0657,LBen
Y457Q,0.113,LBen
Y457R,0.0874,LBen
Y457S,0.0453,LBen
Y457T,0.0899,LBen
Y457V,0.1027,LBen
Y457W,0.1794,LBen
H458A,0.814,LPath
H458C,0.3981,Amb
H458D,0.7981,LPath
H458E,0.8651,LPath
H458F,0.4989,Amb
H458G,0.8081,LPath
H458I,0.6881,LPath
H458K,0.8981,LPath
H458L,0.4003,Amb
H458M,0.8643,LPath
H458N,0.4962,Amb
H458P,0.3694,Amb
H458Q,0.7451,LPath
H458R,0.6456,LPath
H458S,0.6975,LPath
H458T,0.8302,LPath
H458V,0.7229,LPath
H458W,0.5277,Amb
H458Y,0.1971,LBen
L459A,0.8233,LPath
L459C,0.797,LPath
L459D,0.994,LPath
L459E,0.9664,LPath
L459F,0.423,Amb
L459G,0.9375,LPath
L459H,0.9488,LPath
L459I,0.1907,LBen
L459K,0.9664,LPath
L459M,0.3059,LBen
L459N,0.9764,LPath
L459P,0.9667,LPath
L459Q,0.9019,LPath
L459R,0.9241,LPath
L459S,0.9368,LPath
L459T,0.7801,LPath
L459V,0.1724,LBen
L459W,0.8445,LPath
L459Y,0.9245,LPath
R460A,0.1086,LBen
R460C,0.0725,LBen
R460D,0.2196,LBen
R460E,0.1392,LBen
R460F,0.2651,LBen
R460G,0.0659,LBen
R460H,0.0741,LBen
R460I,0.1396,LBen
R460K,0.084,LBen
R460L,0.1118,LBen
R460M,0.1228,LBen
R460N,0.1535,LBen
R460P,0.496,Amb
R460Q,0.0659,LBen
R460S,0.0938,LBen
R460T,0.0793,LBen
R460V,0.1633,LBen
R460W,0.1122,LBen
R460Y,0.1534,LBen
N461A,0.2818,LBen
N461C,0.2445,LBen
N461D,0.0833,LBen
N461E,0.2832,LBen
N461F,0.5224,Amb
N461G,0.2868,LBen
N461H,0.1051,LBen
N461I,0.3474,Amb
N461K,0.2988,LBen
N461L,0.3543,Amb
N461M,0.409,Amb
N461P,0.5955,LPath
N461Q,0.2748,LBen
N461R,0.3215,LBen
N461S,0.1085,LBen
N461T,0.195,LBen
N461V,0.3209,LBen
N461W,0.6878,LPath
N461Y,0.1597,LBen
L462A,0.6715,LPath
L462C,0.7398,LPath
L462D,0.9838,LPath
L462E,0.9269,LPath
L462F,0.2117,LBen
L462G,0.8881,LPath
L462H,0.8236,LPath
L462I,0.1258,LBen
L462K,0.8859,LPath
L462M,0.1452,LBen
L462N,0.9329,LPath
L462P,0.6839,LPath
L462Q,0.7573,LPath
L462R,0.7986,LPath
L462S,0.8335,LPath
L462T,0.6158,LPath
L462V,0.1388,LBen
L462W,0.46,Amb
L462Y,0.7331,LPath
R463A,0.2451,LBen
R463C,0.1281,LBen
R463D,0.446,Amb
R463E,0.2084,LBen
R463F,0.4287,Amb
R463G,0.1248,LBen
R463H,0.0959,LBen
R463I,0.3021,LBen
R463K,0.0923,LBen
R463L,0.1911,LBen
R463M,0.2485,LBen
R463N,0.3754,Amb
R463P,0.3177,LBen
R463Q,0.0757,LBen
R463S,0.2632,LBen
R463T,0.1925,LBen
R463V,0.3217,LBen
R463W,0.1293,LBen
R463Y,0.2722,LBen
Q464A,0.1939,LBen
Q464C,0.4305,Amb
Q464D,0.2303,LBen
Q464E,0.0778,LBen
Q464F,0.4882,Amb
Q464G,0.1859,LBen
Q464H,0.1533,LBen
Q464I,0.4063,Amb
Q464K,0.0939,LBen
Q464L,0.1237,LBen
Q464M,0.3257,LBen
Q464N,0.1999,LBen
Q464P,0.2184,LBen
Q464R,0.0957,LBen
Q464S,0.1888,LBen
Q464T,0.2142,LBen
Q464V,0.264,LBen
Q464W,0.3596,Amb
Q464Y,0.2832,LBen
L465A,0.7346,LPath
L465C,0.7688,LPath
L465D,0.9929,LPath
L465E,0.9562,LPath
L465F,0.8075,LPath
L465G,0.9271,LPath
L465H,0.963,LPath
L465I,0.1319,LBen
L465K,0.9615,LPath
L465M,0.2613,LBen
L465N,0.9374,LPath
L465P,0.9453,LPath
L465Q,0.8685,LPath
L465R,0.9348,LPath
L465S,0.8921,LPath
L465T,0.5885,LPath
L465V,0.1183,LBen
L465W,0.9417,LPath
L465Y,0.9666,LPath
R466A,0.3782,Amb
R466C,0.1268,LBen
R466D,0.6618,LPath
R466E,0.3415,Amb
R466F,0.5313,Amb
R466G,0.2602,LBen
R466H,0.1023,LBen
R466I,0.3475,Amb
R466K,0.1286,LBen
R466L,0.2341,LBen
R466M,0.3459,Amb
R466N,0.5234,Amb
R466P,0.7821,LPath
R466Q,0.0868,LBen
R466S,0.3931,Amb
R466T,0.28,LBen
R466V,0.3778,Amb
R466W,0.1741,LBen
R466Y,0.3311,LBen
C467A,0.6429,LPath
C467D,0.9698,LPath
C467E,0.9827,LPath
C467F,0.1937,LBen
C467G,0.4012,Amb
C467H,0.8499,LPath
C467I,0.5254,Amb
C467K,0.9851,LPath
C467L,0.5429,Amb
C467M,0.7038,LPath
C467N,0.8249,LPath
C467P,0.9921,LPath
C467Q,0.9396,LPath
C467R,0.9008,LPath
C467S,0.498,Amb
C467T,0.6106,LPath
C467V,0.4492,Amb
C467W,0.6769,LPath
C467Y,0.3975,Amb
L468A,0.855,LPath
L468C,0.8021,LPath
L468D,0.9987,LPath
L468E,0.9919,LPath
L468F,0.1969,LBen
L468G,0.9809,LPath
L468H,0.9483,LPath
L468I,0.173,LBen
L468K,0.987,LPath
L468M,0.2272,LBen
L468N,0.9921,LPath
L468P,0.9939,LPath
L468Q,0.9524,LPath
L468R,0.959,LPath
L468S,0.963,LPath
L468T,0.8766,LPath
L468V,0.1753,LBen
L468W,0.709,LPath
L468Y,0.8666,LPath
V469A,0.3693,Amb
V469C,0.9276,LPath
V469D,0.9943,LPath
V469E,0.9883,LPath
V469F,0.921,LPath
V469G,0.8134,LPath
V469H,0.9967,LPath
V469I,0.1657,LBen
V469K,0.996,LPath
V469L,0.8311,LPath
V469M,0.8111,LPath
V469N,0.9838,LPath
V469P,0.9893,LPath
V469Q,0.9873,LPath
V469R,0.9882,LPath
V469S,0.7596,LPath
V469T,0.6674,LPath
V469W,0.9985,LPath
V469Y,0.9942,LPath
V470A,0.5813,LPath
V470C,0.8757,LPath
V470D,0.9902,LPath
V470E,0.973,LPath
V470F,0.433,Amb
V470G,0.85,LPath
V470H,0.9897,LPath
V470I,0.0634,LBen
V470K,0.9838,LPath
V470L,0.1738,LBen
V470M,0.2231,LBen
V470N,0.9707,LPath
V470P,0.9807,LPath
V470Q,0.9714,LPath
V470R,0.9725,LPath
V470S,0.8846,LPath
V470T,0.6871,LPath
V470W,0.9652,LPath
V470Y,0.9363,LPath
D471A,0.994,LPath
D471C,0.9985,LPath
D471E,0.988,LPath
D471F,0.9982,LPath
D471G,0.9866,LPath
D471H,0.995,LPath
D471I,0.9973,LPath
D471K,0.9979,LPath
D471L,0.9923,LPath
D471M,0.9988,LPath
D471N,0.9752,LPath
D471P,0.9991,LPath
D471Q,0.9983,LPath
D471R,0.9962,LPath
D471S,0.9781,LPath
D471T,0.996,LPath
D471V,0.9922,LPath
D471W,0.9986,LPath
D471Y,0.9883,LPath
E472A,0.9975,LPath
E472C,0.9993,LPath
E472D,0.9969,LPath
E472F,0.9999,LPath
E472G,0.9952,LPath
E472H,0.9994,LPath
E472I,0.9995,LPath
E472K,0.9955,LPath
E472L,0.9991,LPath
E472M,0.9963,LPath
E472N,0.9983,LPath
E472P,1.0,LPath
E472Q,0.9957,LPath
E472R,0.9975,LPath
E472S,0.9989,LPath
E472T,0.9991,LPath
E472V,0.9984,LPath
E472W,1.0,LPath
E472Y,0.9998,LPath
A473C,0.8282,LPath
A473D,0.9936,LPath
A473E,0.9865,LPath
A473F,0.9161,LPath
A473G,0.5569,Amb
A473H,0.9932,LPath
A473I,0.8671,LPath
A473K,0.9966,LPath
A473L,0.6817,LPath
A473M,0.5891,LPath
A473N,0.9804,LPath
A473P,0.9978,LPath
A473Q,0.9801,LPath
A473R,0.9885,LPath
A473S,0.3809,Amb
A473T,0.2695,LBen
A473V,0.5369,Amb
A473W,0.994,LPath
A473Y,0.9811,LPath
D474A,0.9908,LPath
D474C,0.9987,LPath
D474E,0.9879,LPath
D474F,0.997,LPath
D474G,0.9859,LPath
D474H,0.9949,LPath
D474I,0.9977,LPath
D474K,0.9978,LPath
D474L,0.996,LPath
D474M,0.9991,LPath
D474N,0.9623,LPath
D474P,0.9988,LPath
D474Q,0.9974,LPath
D474R,0.9959,LPath
D474S,0.974,LPath
D474T,0.9976,LPath
D474V,0.9919,LPath
D474W,0.9993,LPath
D474Y,0.9817,LPath
R475A,0.9944,LPath
R475C,0.9143,LPath
R475D,0.9988,LPath
R475E,0.9879,LPath
R475F,0.9978,LPath
R475G,0.9874,LPath
R475H,0.9286,LPath
R475I,0.9861,LPath
R475K,0.8785,LPath
R475L,0.9716,LPath
R475M,0.9932,LPath
R475N,0.9972,LPath
R475P,0.9994,LPath
R475Q,0.8972,LPath
R475S,0.9958,LPath
R475T,0.9934,LPath
R475V,0.9884,LPath
R475W,0.9651,LPath
R475Y,0.9932,LPath
M476A,0.9756,LPath
M476C,0.9818,LPath
M476D,0.9995,LPath
M476E,0.9959,LPath
M476F,0.9328,LPath
M476G,0.9953,LPath
M476H,0.996,LPath
M476I,0.9463,LPath
M476K,0.9905,LPath
M476L,0.3917,Amb
M476N,0.9954,LPath
M476P,0.9993,LPath
M476Q,0.9757,LPath
M476R,0.9903,LPath
M476S,0.989,LPath
M476T,0.9754,LPath
M476V,0.7214,LPath
M476W,0.9926,LPath
M476Y,0.9934,LPath
V477A,0.3398,LBen
V477C,0.912,LPath
V477D,0.9507,LPath
V477E,0.8611,LPath
V477F,0.4417,Amb
V477G,0.57,LPath
V477H,0.9631,LPath
V477I,0.0951,LBen
V477K,0.9335,LPath
V477L,0.3638,Amb
V477M,0.2732,LBen
V477N,0.8807,LPath
V477P,0.9876,LPath
V477Q,0.8715,LPath
V477R,0.8968,LPath
V477S,0.6235,LPath
V477T,0.3975,Amb
V477W,0.9479,LPath
V477Y,0.9031,LPath
E478A,0.7303,LPath
E478C,0.9892,LPath
E478D,0.7672,LPath
E478F,0.9937,LPath
E478G,0.6947,LPath
E478H,0.9806,LPath
E478I,0.9662,LPath
E478K,0.8631,LPath
E478L,0.9493,LPath
E478M,0.9462,LPath
E478N,0.9417,LPath
E478P,0.9957,LPath
E478Q,0.5514,Amb
E478R,0.9049,LPath
E478S,0.7839,LPath
E478T,0.9003,LPath
E478V,0.8852,LPath
E478W,0.9977,LPath
E478Y,0.9893,LPath
K479A,0.4889,Amb
K479C,0.7976,LPath
K479D,0.7644,LPath
K479E,0.3348,LBen
K479F,0.8801,LPath
K479G,0.5856,LPath
K479H,0.4092,Amb
K479I,0.5257,Amb
K479L,0.5571,Amb
K479M,0.3737,Amb
K479N,0.5832,LPath
K479P,0.7492,LPath
K479Q,0.1859,LBen
K479R,0.0731,LBen
K479S,0.5804,LPath
K479T,0.3197,LBen
K479V,0.4661,Amb
K479W,0.8192,LPath
K479Y,0.7194,LPath
G480A,0.6409,LPath
G480C,0.7321,LPath
G480D,0.7412,LPath
G480E,0.7851,LPath
G480F,0.9437,LPath
G480H,0.8843,LPath
G480I,0.8852,LPath
G480K,0.9187,LPath
G480L,0.9177,LPath
G480M,0.9053,LPath
G480N,0.6305,LPath
G480P,0.9932,LPath
G480Q,0.8421,LPath
G480R,0.8853,LPath
G480S,0.3861,Amb
G480T,0.7005,LPath
G480V,0.7985,LPath
G480W,0.8627,LPath
G480Y,0.8709,LPath
H481A,0.9261,LPath
H481C,0.6298,LPath
H481D,0.9382,LPath
H481E,0.9599,LPath
H481F,0.7412,LPath
H481G,0.9363,LPath
H481I,0.9043,LPath
H481K,0.9326,LPath
H481L,0.6733,LPath
H481M,0.9365,LPath
H481N,0.5493,Amb
H481P,0.8573,LPath
H481Q,0.858,LPath
H481R,0.7152,LPath
H481S,0.8482,LPath
H481T,0.9396,LPath
H481V,0.8929,LPath
H481W,0.8331,LPath
H481Y,0.3707,Amb
F482A,0.9781,LPath
F482C,0.9648,LPath
F482D,0.9894,LPath
F482E,0.9938,LPath
F482G,0.9881,LPath
F482H,0.9514,LPath
F482I,0.9552,LPath
F482K,0.9949,LPath
F482L,0.9945,LPath
F482M,0.9715,LPath
F482N,0.9788,LPath
F482P,0.9991,LPath
F482Q,0.9908,LPath
F482R,0.9851,LPath
F482S,0.9585,LPath
F482T,0.982,LPath
F482V,0.9193,LPath
F482W,0.8752,LPath
F482Y,0.292,LBen
A483C,0.4955,Amb
A483D,0.3188,LBen
A483E,0.1942,LBen
A483F,0.3418,Amb
A483G,0.1812,LBen
A483H,0.4508,Amb
A483I,0.1848,LBen
A483K,0.3879,Amb
A483L,0.1247,LBen
A483M,0.1673,LBen
A483N,0.2899,LBen
A483P,0.3874,Amb
A483Q,0.2558,LBen
A483R,0.3489,Amb
A483S,0.11,LBen
A483T,0.0888,LBen
A483V,0.0913,LBen
A483W,0.7218,LPath
A483Y,0.4995,Amb
E484A,0.717,LPath
E484C,0.9926,LPath
E484D,0.685,LPath
E484F,0.9929,LPath
E484G,0.8184,LPath
E484H,0.961,LPath
E484I,0.965,LPath
E484K,0.8192,LPath
E484L,0.964,LPath
E484M,0.9608,LPath
E484N,0.9207,LPath
E484P,0.9743,LPath
E484Q,0.6075,LPath
E484R,0.8987,LPath
E484S,0.7841,LPath
E484T,0.9053,LPath
E484V,0.8864,LPath
E484W,0.9981,LPath
E484Y,0.9861,LPath
L485A,0.7319,LPath
L485C,0.774,LPath
L485D,0.9926,LPath
L485E,0.9605,LPath
L485F,0.3571,Amb
L485G,0.9331,LPath
L485H,0.9321,LPath
L485I,0.2798,LBen
L485K,0.9625,LPath
L485M,0.1999,LBen
L485N,0.9605,LPath
L485P,0.9911,LPath
L485Q,0.8704,LPath
L485R,0.9318,LPath
L485S,0.9089,LPath
L485T,0.7672,LPath
L485V,0.2314,LBen
L485W,0.7792,LPath
L485Y,0.8393,LPath
S486A,0.0855,LBen
S486C,0.1117,LBen
S486D,0.3342,LBen
S486E,0.3688,Amb
S486F,0.1952,LBen
S486G,0.0824,LBen
S486H,0.3273,LBen
S486I,0.2171,LBen
S486K,0.6418,LPath
S486L,0.1103,LBen
S486M,0.216,LBen
S486N,0.1371,LBen
S486P,0.5857,LPath
S486Q,0.4482,Amb
S486R,0.5575,Amb
S486T,0.0823,LBen
S486V,0.2175,LBen
S486W,0.3073,LBen
S486Y,0.1655,LBen
Q487A,0.1794,LBen
Q487C,0.4641,Amb
Q487D,0.2256,LBen
Q487E,0.0703,LBen
Q487F,0.5277,Amb
Q487G,0.1951,LBen
Q487H,0.1499,LBen
Q487I,0.3487,Amb
Q487K,0.0895,LBen
Q487L,0.0988,LBen
Q487M,0.288,LBen
Q487N,0.2013,LBen
Q487P,0.2556,LBen
Q487R,0.0963,LBen
Q487S,0.1806,LBen
Q487T,0.1886,LBen
Q487V,0.2299,LBen
Q487W,0.4026,Amb
Q487Y,0.2997,LBen
L488A,0.8317,LPath
L488C,0.8132,LPath
L488D,0.9953,LPath
L488E,0.9709,LPath
L488F,0.4576,Amb
L488G,0.9713,LPath
L488H,0.9286,LPath
L488I,0.096,LBen
L488K,0.9682,LPath
L488M,0.2237,LBen
L488N,0.9697,LPath
L488P,0.9789,LPath
L488Q,0.9128,LPath
L488R,0.9477,LPath
L488S,0.9372,LPath
L488T,0.8152,LPath
L488V,0.1569,LBen
L488W,0.8173,LPath
L488Y,0.8707,LPath
L489A,0.5297,Amb
L489C,0.6378,LPath
L489D,0.9754,LPath
L489E,0.8386,LPath
L489F,0.1883,LBen
L489G,0.8488,LPath
L489H,0.7309,LPath
L489I,0.1268,LBen
L489K,0.8176,LPath
L489M,0.1296,LBen
L489N,0.9049,LPath
L489P,0.9437,LPath
L489Q,0.5986,LPath
L489R,0.6974,LPath
L489S,0.6963,LPath
L489T,0.4259,Amb
L489V,0.138,LBen
L489W,0.3783,Amb
L489Y,0.721,LPath
E490A,0.1689,LBen
E490C,0.7743,LPath
E490D,0.1502,LBen
E490F,0.7665,LPath
E490G,0.1417,LBen
E490H,0.4381,Amb
E490I,0.5288,Amb
E490K,0.1953,LBen
E490L,0.438,Amb
E490M,0.5105,Amb
E490N,0.2927,LBen
E490P,0.8869,LPath
E490Q,0.1457,LBen
E490R,0.2888,LBen
E490S,0.227,LBen
E490T,0.2738,LBen
E490V,0.3054,LBen
E490W,0.8752,LPath
E490Y,0.6235,LPath
M491A,0.4546,Amb
M491C,0.6272,LPath
M491D,0.8022,LPath
M491E,0.4884,Amb
M491F,0.284,LBen
M491G,0.6758,LPath
M491H,0.437,Amb
M491I,0.2092,LBen
M491K,0.2025,LBen
M491L,0.0872,LBen
M491N,0.5287,Amb
M491P,0.9464,LPath
M491Q,0.2949,LBen
M491R,0.2201,LBen
M491S,0.4954,Amb
M491T,0.3018,LBen
M491V,0.1102,LBen
M491W,0.4884,Amb
M491Y,0.4722,Amb
L492A,0.6998,LPath
L492C,0.7641,LPath
L492D,0.9874,LPath
L492E,0.9174,LPath
L492F,0.4303,Amb
L492G,0.9325,LPath
L492H,0.8942,LPath
L492I,0.1549,LBen
L492K,0.9125,LPath
L492M,0.1858,LBen
L492N,0.9451,LPath
L492P,0.9493,LPath
L492Q,0.7898,LPath
L492R,0.8524,LPath
L492S,0.8882,LPath
L492T,0.7035,LPath
L492V,0.1809,LBen
L492W,0.7298,LPath
L492Y,0.8773,LPath
N493A,0.1214,LBen
N493C,0.1192,LBen
N493D,0.1027,LBen
N493E,0.2119,LBen
N493F,0.4517,Amb
N493G,0.107,LBen
N493H,0.0792,LBen
N493I,0.1954,LBen
N493K,0.1576,LBen
N493L,0.1812,LBen
N493M,0.2513,LBen
N493P,0.4964,Amb
N493Q,0.1787,LBen
N493R,0.1492,LBen
N493S,0.0519,LBen
N493T,0.0899,LBen
N493V,0.1921,LBen
N493W,0.4966,Amb
N493Y,0.1335,LBen
D494A,0.1259,LBen
D494C,0.3238,LBen
D494E,0.1397,LBen
D494F,0.3883,Amb
D494G,0.1124,LBen
D494H,0.1543,LBen
D494I,0.2283,LBen
D494K,0.2221,LBen
D494L,0.2761,LBen
D494M,0.458,Amb
D494N,0.0857,LBen
D494P,0.5936,LPath
D494Q,0.215,LBen
D494R,0.2174,LBen
D494S,0.0935,LBen
D494T,0.1521,LBen
D494V,0.1535,LBen
D494W,0.7247,LPath
D494Y,0.1471,LBen
S495A,0.0656,LBen
S495C,0.0833,LBen
S495D,0.1587,LBen
S495E,0.2011,LBen
S495F,0.1188,LBen
S495G,0.0834,LBen
S495H,0.1654,LBen
S495I,0.11,LBen
S495K,0.2578,LBen
S495L,0.088,LBen
S495M,0.1508,LBen
S495N,0.107,LBen
S495P,0.0859,LBen
S495Q,0.224,LBen
S495R,0.211,LBen
S495T,0.0726,LBen
S495V,0.111,LBen
S495W,0.1644,LBen
S495Y,0.1054,LBen
Q496A,0.1333,LBen
Q496C,0.326,LBen
Q496D,0.1643,LBen
Q496E,0.0631,LBen
Q496F,0.4356,Amb
Q496G,0.1586,LBen
Q496H,0.1259,LBen
Q496I,0.2429,LBen
Q496K,0.1008,LBen
Q496L,0.1129,LBen
Q496M,0.2835,LBen
Q496N,0.1668,LBen
Q496P,0.095,LBen
Q496R,0.0835,LBen
Q496S,0.1294,LBen
Q496T,0.1325,LBen
Q496V,0.1821,LBen
Q496W,0.2682,LBen
Q496Y,0.2485,LBen
Y497A,0.4958,Amb
Y497C,0.1496,LBen
Y497D,0.2985,LBen
Y497E,0.5939,LPath
Y497F,0.1204,LBen
Y497G,0.3822,Amb
Y497H,0.2183,LBen
Y497I,0.4946,Amb
Y497K,0.622,LPath
Y497L,0.5193,Amb
Y497M,0.6058,LPath
Y497N,0.2069,LBen
Y497P,0.7823,LPath
Y497Q,0.5025,Amb
Y497R,0.4694,Amb
Y497S,0.282,LBen
Y497T,0.4997,Amb
Y497V,0.3977,Amb
Y497W,0.3572,Amb
N498A,0.4376,Amb
N498C,0.262,LBen
N498D,0.298,LBen
N498E,0.6373,LPath
N498F,0.6995,LPath
N498G,0.5784,LPath
N498H,0.1238,LBen
N498I,0.3519,Amb
N498K,0.6069,LPath
N498L,0.364,Amb
N498M,0.5563,Amb
N498P,0.6747,LPath
N498Q,0.5033,Amb
N498R,0.5366,Amb
N498S,0.1098,LBen
N498T,0.2956,LBen
N498V,0.3978,Amb
N498W,0.8459,LPath
N498Y,0.2629,LBen
P499A,0.1133,LBen
P499C,0.3957,Amb
P499D,0.4589,Amb
P499E,0.2492,LBen
P499F,0.5062,Amb
P499G,0.3426,Amb
P499H,0.2027,LBen
P499I,0.3341,LBen
P499K,0.2298,LBen
P499L,0.1457,LBen
P499M,0.3325,LBen
P499N,0.3982,Amb
P499Q,0.1639,LBen
P499R,0.1384,LBen
P499S,0.1576,LBen
P499T,0.1352,LBen
P499V,0.2421,LBen
P499W,0.5332,Amb
P499Y,0.4549,Amb
K500A,0.1205,LBen
K500C,0.2897,LBen
K500D,0.1938,LBen
K500E,0.07,LBen
K500F,0.4044,Amb
K500G,0.1561,LBen
K500H,0.153,LBen
K500I,0.1915,LBen
K500L,0.1452,LBen
K500M,0.1283,LBen
K500N,0.1533,LBen
K500P,0.3553,Amb
K500Q,0.075,LBen
K500R,0.0683,LBen
K500S,0.1345,LBen
K500T,0.0969,LBen
K500V,0.1492,LBen
K500W,0.4111,Amb
K500Y,0.2982,LBen
R501A,0.9415,LPath
R501C,0.3552,Amb
R501D,0.9913,LPath
R501E,0.9144,LPath
R501F,0.9317,LPath
R501G,0.8893,LPath
R501H,0.4377,Amb
R501I,0.7486,LPath
R501K,0.4214,Amb
R501L,0.5709,LPath
R501M,0.7562,LPath
R501N,0.9686,LPath
R501P,0.9629,LPath
R501Q,0.3669,Amb
R501S,0.974,LPath
R501T,0.9064,LPath
R501V,0.8414,LPath
R501W,0.3806,Amb
R501Y,0.7539,LPath
Q502A,0.7715,LPath
Q502C,0.9446,LPath
Q502D,0.9637,LPath
Q502E,0.365,Amb
Q502F,0.9813,LPath
Q502G,0.8276,LPath
Q502H,0.8706,LPath
Q502I,0.8569,LPath
Q502K,0.3698,Amb
Q502L,0.6037,LPath
Q502M,0.7432,LPath
Q502N,0.8763,LPath
Q502P,0.8096,LPath
Q502R,0.3661,Amb
Q502S,0.8211,LPath
Q502T,0.7539,LPath
Q502V,0.7581,LPath
Q502W,0.9649,LPath
Q502Y,0.963,LPath
T503A,0.2709,LBen
T503C,0.5387,Amb
T503D,0.844,LPath
T503E,0.812,LPath
T503F,0.5247,Amb
T503G,0.6678,LPath
T503H,0.5444,Amb
T503I,0.1936,LBen
T503K,0.57,LPath
T503L,0.1665,LBen
T503M,0.0973,LBen
T503N,0.2206,LBen
T503P,0.8173,LPath
T503Q,0.565,LPath
T503R,0.5238,Amb
T503S,0.2598,LBen
T503V,0.1819,LBen
T503W,0.855,LPath
T503Y,0.5807,LPath
L504A,0.6062,LPath
L504C,0.5171,Amb
L504D,0.9889,LPath
L504E,0.9347,LPath
L504F,0.0714,LBen
L504G,0.8826,LPath
L504H,0.6491,LPath
L504I,0.1818,LBen
L504K,0.9017,LPath
L504M,0.0935,LBen
L504N,0.9267,LPath
L504P,0.9847,LPath
L504Q,0.6943,LPath
L504R,0.7906,LPath
L504S,0.7756,LPath
L504T,0.7414,LPath
L504V,0.1673,LBen
L504W,0.314,LBen
L504Y,0.4108,Amb
V505A,0.7022,LPath
V505C,0.8792,LPath
V505D,0.9938,LPath
V505E,0.9882,LPath
V505F,0.5979,LPath
V505G,0.8689,LPath
V505H,0.991,LPath
V505I,0.0814,LBen
V505K,0.9922,LPath
V505L,0.3079,LBen
V505M,0.4587,Amb
V505N,0.9741,LPath
V505P,0.9837,LPath
V505Q,0.9821,LPath
V505R,0.9826,LPath
V505S,0.8967,LPath
V505T,0.8221,LPath
V505W,0.9846,LPath
V505Y,0.9538,LPath
F506A,0.9915,LPath
F506C,0.9043,LPath
F506D,0.9992,LPath
F506E,0.9994,LPath
F506G,0.9959,LPath
F506H,0.9885,LPath
F506I,0.9065,LPath
F506K,0.9994,LPath
F506L,0.9782,LPath
F506M,0.9305,LPath
F506N,0.9938,LPath
F506P,0.9998,LPath
F506Q,0.9981,LPath
F506R,0.998,LPath
F506S,0.9827,LPath
F506T,0.9929,LPath
F506V,0.8928,LPath
F506W,0.913,LPath
F506Y,0.5148,Amb
S507A,0.7723,LPath
S507C,0.9088,LPath
S507D,0.9977,LPath
S507E,0.9978,LPath
S507F,0.9894,LPath
S507G,0.8416,LPath
S507H,0.9951,LPath
S507I,0.9923,LPath
S507K,0.9997,LPath
S507L,0.9268,LPath
S507M,0.9726,LPath
S507N,0.9937,LPath
S507P,0.9911,LPath
S507Q,0.9974,LPath
S507R,0.9992,LPath
S507T,0.5387,Amb
S507V,0.9841,LPath
S507W,0.9885,LPath
S507Y,0.9912,LPath
A508C,0.9696,LPath
A508D,0.9979,LPath
A508E,0.9944,LPath
A508F,0.9798,LPath
A508G,0.9301,LPath
A508H,0.994,LPath
A508I,0.9873,LPath
A508K,0.9978,LPath
A508L,0.913,LPath
A508M,0.9708,LPath
A508N,0.9922,LPath
A508P,0.99,LPath
A508Q,0.9879,LPath
A508R,0.9787,LPath
A508S,0.6084,LPath
A508T,0.9439,LPath
A508V,0.9593,LPath
A508W,0.9978,LPath
A508Y,0.9931,LPath
T509A,0.8633,LPath
T509C,0.9851,LPath
T509D,0.9968,LPath
T509E,0.9937,LPath
T509F,0.9708,LPath
T509G,0.9719,LPath
T509H,0.9832,LPath
T509I,0.9607,LPath
T509K,0.9813,LPath
T509L,0.8449,LPath
T509M,0.6429,LPath
T509N,0.9683,LPath
T509P,0.9441,LPath
T509Q,0.9824,LPath
T509R,0.9807,LPath
T509S,0.8501,LPath
T509V,0.9075,LPath
T509W,0.9969,LPath
T509Y,0.9919,LPath
L510A,0.903,LPath
L510C,0.9367,LPath
L510D,0.9987,LPath
L510E,0.9893,LPath
L510F,0.5979,LPath
L510G,0.9866,LPath
L510H,0.9788,LPath
L510I,0.356,Amb
L510K,0.9828,LPath
L510M,0.2581,LBen
L510N,0.9899,LPath
L510P,0.9925,LPath
L510Q,0.9511,LPath
L510R,0.9602,LPath
L510S,0.9677,LPath
L510T,0.9278,LPath
L510V,0.355,Amb
L510W,0.917,LPath
L510Y,0.9614,LPath
T511A,0.1865,LBen
T511C,0.6524,LPath
T511D,0.8923,LPath
T511E,0.8483,LPath
T511F,0.6374,LPath
T511G,0.5199,Amb
T511H,0.6813,LPath
T511I,0.6543,LPath
T511K,0.7335,LPath
T511L,0.2396,LBen
T511M,0.1373,LBen
T511N,0.4394,Amb
T511P,0.6085,LPath
T511Q,0.6364,LPath
T511R,0.6455,LPath
T511S,0.2078,LBen
T511V,0.4656,Amb
T511W,0.9191,LPath
T511Y,0.7893,LPath
L512A,0.4695,Amb
L512C,0.7265,LPath
L512D,0.951,LPath
L512E,0.764,LPath
L512F,0.16,LBen
L512G,0.8196,LPath
L512H,0.4987,Amb
L512I,0.1854,LBen
L512K,0.643,LPath
L512M,0.0772,LBen
L512N,0.8158,LPath
L512P,0.9319,LPath
L512Q,0.391,Amb
L512R,0.4983,Amb
L512S,0.5858,LPath
L512T,0.4758,Amb
L512V,0.155,LBen
L512W,0.3536,Amb
L512Y,0.535,Amb
V513A,0.1853,LBen
V513C,0.6557,LPath
V513D,0.3183,LBen
V513E,0.2954,LBen
V513F,0.1513,LBen
V513G,0.245,LBen
V513H,0.4969,Amb
V513I,0.0655,LBen
V513K,0.369,Amb
V513L,0.1511,LBen
V513M,0.1342,LBen
V513N,0.2089,LBen
V513P,0.5415,Amb
V513Q,0.3134,LBen
V513R,0.328,LBen
V513S,0.1736,LBen
V513T,0.1643,LBen
V513W,0.7513,LPath
V513Y,0.5126,Amb
H514A,0.6122,LPath
H514C,0.3438,Amb
H514D,0.6362,LPath
H514E,0.6684,LPath
H514F,0.5195,Amb
H514G,0.5696,LPath
H514I,0.6842,LPath
H514K,0.5255,Amb
H514L,0.2971,LBen
H514M,0.7817,LPath
H514N,0.3323,LBen
H514P,0.2619,LBen
H514Q,0.403,Amb
H514R,0.2207,LBen
H514S,0.4754,Amb
H514T,0.6227,LPath
H514V,0.6114,LPath
H514W,0.5455,Amb
H514Y,0.1688,LBen
Q515A,0.1543,LBen
Q515C,0.51,Amb
Q515D,0.2369,LBen
Q515E,0.0691,LBen
Q515F,0.5922,LPath
Q515G,0.1959,LBen
Q515H,0.1506,LBen
Q515I,0.3285,LBen
Q515K,0.0815,LBen
Q515L,0.1245,LBen
Q515M,0.3132,LBen
Q515N,0.2158,LBen
Q515P,0.115,LBen
Q515R,0.098,LBen
Q515S,0.1692,LBen
Q515T,0.1425,LBen
Q515V,0.2194,LBen
Q515W,0.4736,Amb
Q515Y,0.3535,Amb
A516C,0.4203,Amb
A516D,0.4836,Amb
A516E,0.3149,LBen
A516F,0.239,LBen
A516G,0.1233,LBen
A516H,0.4291,Amb
A516I,0.1317,LBen
A516K,0.3736,Amb
A516L,0.0944,LBen
A516M,0.1194,LBen
A516N,0.2765,LBen
A516P,0.0946,LBen
A516Q,0.2828,LBen
A516R,0.3741,Amb
A516S,0.1084,LBen
A516T,0.0744,LBen
A516V,0.079,LBen
A516W,0.5918,LPath
A516Y,0.3644,Amb
P517A,0.2222,LBen
P517C,0.8912,LPath
P517D,0.9088,LPath
P517E,0.8206,LPath
P517F,0.8915,LPath
P517G,0.6764,LPath
P517H,0.5369,Amb
P517I,0.8019,LPath
P517K,0.7341,LPath
P517L,0.4463,Amb
P517M,0.7447,LPath
P517N,0.7908,LPath
P517Q,0.5159,Amb
P517R,0.542,Amb
P517S,0.3652,Amb
P517T,0.3377,LBen
P517V,0.6084,LPath
P517W,0.9345,LPath
P517Y,0.8761,LPath
A518C,0.3364,LBen
A518D,0.2083,LBen
A518E,0.1623,LBen
A518F,0.1863,LBen
A518G,0.097,LBen
A518H,0.2718,LBen
A518I,0.1242,LBen
A518K,0.2114,LBen
A518L,0.0968,LBen
A518M,0.1185,LBen
A518N,0.1363,LBen
A518P,0.1417,LBen
A518Q,0.1729,LBen
A518R,0.2258,LBen
A518S,0.0745,LBen
A518T,0.0692,LBen
A518V,0.0766,LBen
A518W,0.4842,Amb
A518Y,0.2681,LBen
R519A,0.8777,LPath
R519C,0.5106,Amb
R519D,0.9505,LPath
R519E,0.861,LPath
R519F,0.8468,LPath
R519G,0.6892,LPath
R519H,0.2497,LBen
R519I,0.7959,LPath
R519K,0.2889,LBen
R519L,0.7437,LPath
R519M,0.7955,LPath
R519N,0.8997,LPath
R519P,0.8628,LPath
R519Q,0.3841,Amb
R519S,0.9071,LPath
R519T,0.8713,LPath
R519V,0.8283,LPath
R519W,0.3651,Amb
R519Y,0.6041,LPath
I520A,0.2659,LBen
I520C,0.439,Amb
I520D,0.6601,LPath
I520E,0.6043,LPath
I520F,0.0787,LBen
I520G,0.4239,Amb
I520H,0.329,LBen
I520K,0.303,LBen
I520L,0.0597,LBen
I520M,0.0752,LBen
I520N,0.2316,LBen
I520P,0.5381,Amb
I520Q,0.3268,LBen
I520R,0.2262,LBen
I520S,0.2679,LBen
I520T,0.3191,LBen
I520V,0.0758,LBen
I520W,0.4453,Amb
I520Y,0.2457,LBen
L521A,0.146,LBen
L521C,0.3402,Amb
L521D,0.5656,LPath
L521E,0.2956,LBen
L521F,0.0742,LBen
L521G,0.3053,LBen
L521H,0.1616,LBen
L521I,0.069,LBen
L521K,0.2004,LBen
L521M,0.083,LBen
L521N,0.2755,LBen
L521P,0.2747,LBen
L521Q,0.109,LBen
L521R,0.1387,LBen
L521S,0.1493,LBen
L521T,0.1393,LBen
L521V,0.0792,LBen
L521W,0.1378,LBen
L521Y,0.213,LBen
H522A,0.1437,LBen
H522C,0.1134,LBen
H522D,0.1647,LBen
H522E,0.1653,LBen
H522F,0.217,LBen
H522G,0.1231,LBen
H522I,0.2103,LBen
H522K,0.1325,LBen
H522L,0.0957,LBen
H522M,0.2862,LBen
H522N,0.0778,LBen
H522P,0.0934,LBen
H522Q,0.0786,LBen
H522R,0.0732,LBen
H522S,0.1234,LBen
H522T,0.153,LBen
H522V,0.1658,LBen
H522W,0.2452,LBen
H522Y,0.0837,LBen
K523A,0.5742,LPath
K523C,0.7681,LPath
K523D,0.8104,LPath
K523E,0.4167,Amb
K523F,0.8809,LPath
K523G,0.4538,Amb
K523H,0.4702,Amb
K523I,0.6202,LPath
K523L,0.5633,Amb
K523M,0.4823,Amb
K523N,0.6784,LPath
K523P,0.6885,LPath
K523Q,0.1757,LBen
K523R,0.0743,LBen
K523S,0.609,LPath
K523T,0.4401,Amb
K523V,0.5799,LPath
K523W,0.7749,LPath
K523Y,0.7635,LPath
K524A,0.4095,Amb
K524C,0.6922,LPath
K524D,0.6017,LPath
K524E,0.3151,LBen
K524F,0.7367,LPath
K524G,0.3613,Amb
K524H,0.3596,Amb
K524I,0.3646,Amb
K524L,0.4339,Amb
K524M,0.2928,LBen
K524N,0.3758,Amb
K524P,0.5484,Amb
K524Q,0.1659,LBen
K524R,0.0873,LBen
K524S,0.4181,Amb
K524T,0.244,LBen
K524V,0.3857,Amb
K524W,0.7183,LPath
K524Y,0.5616,Amb
H525A,0.129,LBen
H525C,0.1202,LBen
H525D,0.1241,LBen
H525E,0.1655,LBen
H525F,0.1873,LBen
H525G,0.128,LBen
H525I,0.1492,LBen
H525K,0.1232,LBen
H525L,0.104,LBen
H525M,0.2373,LBen
H525N,0.0588,LBen
H525P,0.107,LBen
H525Q,0.0908,LBen
H525R,0.0774,LBen
H525S,0.1153,LBen
H525T,0.12,LBen
H525V,0.1279,LBen
H525W,0.2686,LBen
H525Y,0.0747,LBen
T526A,0.0568,LBen
T526C,0.1779,LBen
T526D,0.1791,LBen
T526E,0.1367,LBen
T526F,0.096,LBen
T526G,0.0933,LBen
T526H,0.1196,LBen
T526I,0.0613,LBen
T526K,0.0863,LBen
T526L,0.0585,LBen
T526M,0.064,LBen
T526N,0.0756,LBen
T526P,0.0703,LBen
T526Q,0.0999,LBen
T526R,0.0743,LBen
T526S,0.0729,LBen
T526V,0.0611,LBen
T526W,0.2274,LBen
T526Y,0.118,LBen
K527A,0.1894,LBen
K527C,0.4608,Amb
K527D,0.4252,Amb
K527E,0.1176,LBen
K527F,0.5235,Amb
K527G,0.1978,LBen
K527H,0.2548,LBen
K527I,0.201,LBen
K527L,0.2095,LBen
K527M,0.1683,LBen
K527N,0.2881,LBen
K527P,0.3475,Amb
K527Q,0.0943,LBen
K527R,0.0681,LBen
K527S,0.2366,LBen
K527T,0.1387,LBen
K527V,0.1782,LBen
K527W,0.4833,Amb
K527Y,0.4158,Amb
K528A,0.1904,LBen
K528C,0.4915,Amb
K528D,0.3384,LBen
K528E,0.126,LBen
K528F,0.4722,Amb
K528G,0.2412,LBen
K528H,0.2094,LBen
K528I,0.1773,LBen
K528L,0.2006,LBen
K528M,0.1457,LBen
K528N,0.198,LBen
K528P,0.3091,LBen
K528Q,0.0999,LBen
K528R,0.0766,LBen
K528S,0.2238,LBen
K528T,0.113,LBen
K528V,0.1773,LBen
K528W,0.5206,Amb
K528Y,0.3499,Amb
M529A,0.1737,LBen
M529C,0.549,Amb
M529D,0.5085,Amb
M529E,0.2907,LBen
M529F,0.1421,LBen
M529G,0.3341,LBen
M529H,0.3287,LBen
M529I,0.0756,LBen
M529K,0.1519,LBen
M529L,0.0779,LBen
M529N,0.2445,LBen
M529P,0.28,LBen
M529Q,0.1927,LBen
M529R,0.1358,LBen
M529S,0.224,LBen
M529T,0.1272,LBen
M529V,0.0698,LBen
M529W,0.3399,LBen
M529Y,0.3264,LBen
D530A,0.1722,LBen
D530C,0.5398,Amb
D530E,0.1323,LBen
D530F,0.5792,LPath
D530G,0.1213,LBen
D530H,0.287,LBen
D530I,0.333,LBen
D530K,0.3486,Amb
D530L,0.3418,Amb
D530M,0.5376,Amb
D530N,0.0936,LBen
D530P,0.511,Amb
D530Q,0.2901,LBen
D530R,0.3821,Amb
D530S,0.1157,LBen
D530T,0.193,LBen
D530V,0.1932,LBen
D530W,0.8514,LPath
D530Y,0.2585,LBen
K531A,0.1936,LBen
K531C,0.5918,LPath
K531D,0.3843,Amb
K531E,0.1157,LBen
K531F,0.6376,LPath
K531G,0.2427,LBen
K531H,0.2644,LBen
K531I,0.2475,LBen
K531L,0.2608,LBen
K531M,0.1848,LBen
K531N,0.2698,LBen
K531P,0.3126,LBen
K531Q,0.1051,LBen
K531R,0.0776,LBen
K531S,0.2319,LBen
K531T,0.1124,LBen
K531V,0.2312,LBen
K531W,0.6638,LPath
K531Y,0.4902,Amb
T532A,0.0608,LBen
T532C,0.2803,LBen
T532D,0.1484,LBen
T532E,0.1128,LBen
T532F,0.1437,LBen
T532G,0.1286,LBen
T532H,0.1336,LBen
T532I,0.0957,LBen
T532K,0.0855,LBen
T532L,0.0797,LBen
T532M,0.0712,LBen
T532N,0.0811,LBen
T532P,0.09,LBen
T532Q,0.1082,LBen
T532R,0.0832,LBen
T532S,0.0814,LBen
T532V,0.0842,LBen
T532W,0.3478,Amb
T532Y,0.1659,LBen
A533C,0.3274,LBen
A533D,0.1405,LBen
A533E,0.1271,LBen
A533F,0.1907,LBen
A533G,0.0985,LBen
A533H,0.2654,LBen
A533I,0.1393,LBen
A533K,0.1954,LBen
A533L,0.1067,LBen
A533M,0.1253,LBen
A533N,0.1387,LBen
A533P,0.2782,LBen
A533Q,0.1685,LBen
A533R,0.1932,LBen
A533S,0.0808,LBen
A533T,0.0676,LBen
A533V,0.0871,LBen
A533W,0.4479,Amb
A533Y,0.2616,LBen
K534A,0.7097,LPath
K534C,0.8676,LPath
K534D,0.9434,LPath
K534E,0.6366,LPath
K534F,0.9415,LPath
K534G,0.8049,LPath
K534H,0.5914,LPath
K534I,0.6561,LPath
K534L,0.6386,LPath
K534M,0.4939,Amb
K534N,0.8642,LPath
K534P,0.9151,LPath
K534Q,0.3101,LBen
K534R,0.1098,LBen
K534S,0.7899,LPath
K534T,0.4556,Amb
K534V,0.5958,LPath
K534W,0.915,LPath
K534Y,0.8603,LPath
L535A,0.4616,Amb
L535C,0.7207,LPath
L535D,0.9426,LPath
L535E,0.7081,LPath
L535F,0.284,LBen
L535G,0.8057,LPath
L535H,0.5823,LPath
L535I,0.0997,LBen
L535K,0.5463,Amb
L535M,0.1186,LBen
L535N,0.8115,LPath
L535P,0.8233,LPath
L535Q,0.4148,Amb
L535R,0.3963,Amb
L535S,0.6907,LPath
L535T,0.3747,Amb
L535V,0.1147,LBen
L535W,0.3489,Amb
L535Y,0.6007,LPath
D536A,0.1062,LBen
D536C,0.3364,LBen
D536E,0.0861,LBen
D536F,0.3402,Amb
D536G,0.1005,LBen
D536H,0.1337,LBen
D536I,0.2114,LBen
D536K,0.1995,LBen
D536L,0.212,LBen
D536M,0.3662,Amb
D536N,0.0801,LBen
D536P,0.6776,LPath
D536Q,0.153,LBen
D536R,0.2075,LBen
D536S,0.0892,LBen
D536T,0.1451,LBen
D536V,0.1364,LBen
D536W,0.6689,LPath
D536Y,0.1383,LBen
L537A,0.1011,LBen
L537C,0.2246,LBen
L537D,0.2608,LBen
L537E,0.1618,LBen
L537F,0.0698,LBen
L537G,0.1992,LBen
L537H,0.1049,LBen
L537I,0.0677,LBen
L537K,0.1239,LBen
L537M,0.0694,LBen
L537N,0.1475,LBen
L537P,0.6712,LPath
L537Q,0.0874,LBen
L537R,0.0906,LBen
L537S,0.0996,LBen
L537T,0.0991,LBen
L537V,0.0694,LBen
L537W,0.1238,LBen
L537Y,0.1494,LBen
L538A,0.8572,LPath
L538C,0.8976,LPath
L538D,0.9964,LPath
L538E,0.9755,LPath
L538F,0.3109,LBen
L538G,0.9811,LPath
L538H,0.9072,LPath
L538I,0.1872,LBen
L538K,0.9485,LPath
L538M,0.2721,LBen
L538N,0.9856,LPath
L538P,0.9662,LPath
L538Q,0.8704,LPath
L538R,0.8915,LPath
L538S,0.9591,LPath
L538T,0.8777,LPath
L538V,0.2325,LBen
L538W,0.683,LPath
L538Y,0.8647,LPath
M539A,0.3675,Amb
M539C,0.6632,LPath
M539D,0.9403,LPath
M539E,0.5669,LPath
M539F,0.4122,Amb
M539G,0.6241,LPath
M539H,0.6936,LPath
M539I,0.2063,LBen
M539K,0.2455,LBen
M539L,0.1368,LBen
M539N,0.7197,LPath
M539P,0.9258,LPath
M539Q,0.2639,LBen
M539R,0.2205,LBen
M539S,0.4531,Amb
M539T,0.2389,LBen
M539V,0.0697,LBen
M539W,0.7168,LPath
M539Y,0.7263,LPath
Q540A,0.2111,LBen
Q540C,0.4424,Amb
Q540D,0.2422,LBen
Q540E,0.064,LBen
Q540F,0.6545,LPath
Q540G,0.1736,LBen
Q540H,0.1797,LBen
Q540I,0.4413,Amb
Q540K,0.0813,LBen
Q540L,0.1504,LBen
Q540M,0.3431,Amb
Q540N,0.2175,LBen
Q540P,0.5104,Amb
Q540R,0.0879,LBen
Q540S,0.2212,LBen
Q540T,0.2169,LBen
Q540V,0.3047,LBen
Q540W,0.3756,Amb
Q540Y,0.3747,Amb
K541A,0.4115,Amb
K541C,0.6179,LPath
K541D,0.6281,LPath
K541E,0.1968,LBen
K541F,0.7666,LPath
K541G,0.4933,Amb
K541H,0.2687,LBen
K541I,0.3692,Amb
K541L,0.3314,LBen
K541M,0.2012,LBen
K541N,0.3884,Amb
K541P,0.93,LPath
K541Q,0.1227,LBen
K541R,0.0763,LBen
K541S,0.4498,Amb
K541T,0.2077,LBen
K541V,0.3625,Amb
K541W,0.6822,LPath
K541Y,0.5235,Amb
I542A,0.2281,LBen
I542C,0.6151,LPath
I542D,0.9179,LPath
I542E,0.8412,LPath
I542F,0.1754,LBen
I542G,0.6763,LPath
I542H,0.8323,LPath
I542K,0.7979,LPath
I542L,0.1139,LBen
I542M,0.071,LBen
I542N,0.5757,LPath
I542P,0.8682,LPath
I542Q,0.7574,LPath
I542R,0.6813,LPath
I542S,0.3425,Amb
I542T,0.1187,LBen
I542V,0.0707,LBen
I542W,0.7788,LPath
I542Y,0.676,LPath
G543A,0.2571,LBen
G543C,0.2844,LBen
G543D,0.3864,Amb
G543E,0.4597,Amb
G543F,0.8241,LPath
G543H,0.5191,Amb
G543I,0.703,LPath
G543K,0.5357,Amb
G543L,0.7267,LPath
G543M,0.7641,LPath
G543N,0.4438,Amb
G543P,0.9424,LPath
G543Q,0.4094,Amb
G543R,0.3555,Amb
G543S,0.1663,LBen
G543T,0.4577,Amb
G543V,0.5757,LPath
G543W,0.6329,LPath
G543Y,0.6998,LPath
M544A,0.7299,LPath
M544C,0.7618,LPath
M544D,0.9815,LPath
M544E,0.8897,LPath
M544F,0.3357,LBen
M544G,0.8738,LPath
M544H,0.8736,LPath
M544I,0.1904,LBen
M544K,0.6515,LPath
M544L,0.1033,LBen
M544N,0.8979,LPath
M544P,0.9241,LPath
M544Q,0.6779,LPath
M544R,0.6408,LPath
M544S,0.831,LPath
M544T,0.6863,LPath
M544V,0.1076,LBen
M544W,0.733,LPath
M544Y,0.7792,LPath
R545A,0.2189,LBen
R545C,0.1839,LBen
R545D,0.4855,Amb
R545E,0.2251,LBen
R545F,0.4639,Amb
R545G,0.1332,LBen
R545H,0.1161,LBen
R545I,0.2116,LBen
R545K,0.0718,LBen
R545L,0.1944,LBen
R545M,0.1834,LBen
R545N,0.3659,Amb
R545P,0.466,Amb
R545Q,0.0933,LBen
R545S,0.2871,LBen
R545T,0.1353,LBen
R545V,0.2602,LBen
R545W,0.1662,LBen
R545Y,0.3491,Amb
G546A,0.1065,LBen
G546C,0.1201,LBen
G546D,0.1076,LBen
G546E,0.1234,LBen
G546F,0.3679,Amb
G546H,0.2189,LBen
G546I,0.21,LBen
G546K,0.1987,LBen
G546L,0.2688,LBen
G546M,0.3245,LBen
G546N,0.1581,LBen
G546P,0.5399,Amb
G546Q,0.1737,LBen
G546R,0.1552,LBen
G546S,0.0851,LBen
G546T,0.1281,LBen
G546V,0.145,LBen
G546W,0.2665,LBen
G546Y,0.2509,LBen
K547A,0.3871,Amb
K547C,0.6613,LPath
K547D,0.5352,Amb
K547E,0.204,LBen
K547F,0.7149,LPath
K547G,0.4719,Amb
K547H,0.3112,LBen
K547I,0.3421,Amb
K547L,0.3444,Amb
K547M,0.2531,LBen
K547N,0.3794,Amb
K547P,0.5261,Amb
K547Q,0.1507,LBen
K547R,0.0896,LBen
K547S,0.3921,Amb
K547T,0.2108,LBen
K547V,0.3535,Amb
K547W,0.7139,LPath
K547Y,0.5594,Amb
P548A,0.1415,LBen
P548C,0.579,LPath
P548D,0.9165,LPath
P548E,0.7625,LPath
P548F,0.7632,LPath
P548G,0.585,LPath
P548H,0.5078,Amb
P548I,0.5751,LPath
P548K,0.7111,LPath
P548L,0.2931,LBen
P548M,0.5897,LPath
P548N,0.7935,LPath
P548Q,0.5115,Amb
P548R,0.4627,Amb
P548S,0.3731,Amb
P548T,0.2952,LBen
P548V,0.394,Amb
P548W,0.8254,LPath
P548Y,0.7005,LPath
K549A,0.5022,Amb
K549C,0.7836,LPath
K549D,0.9179,LPath
K549E,0.3406,Amb
K549F,0.8912,LPath
K549G,0.7822,LPath
K549H,0.5245,Amb
K549I,0.5154,Amb
K549L,0.4864,Amb
K549M,0.3367,LBen
K549N,0.8208,LPath
K549P,0.9532,LPath
K549Q,0.2508,LBen
K549R,0.112,LBen
K549S,0.7055,LPath
K549T,0.3725,Amb
K549V,0.416,Amb
K549W,0.889,LPath
K549Y,0.826,LPath
V550A,0.4801,Amb
V550C,0.8077,LPath
V550D,0.7837,LPath
V550E,0.5748,LPath
V550F,0.2467,LBen
V550G,0.5167,Amb
V550H,0.8034,LPath
V550I,0.0738,LBen
V550K,0.632,LPath
V550L,0.2893,LBen
V550M,0.1903,LBen
V550N,0.6258,LPath
V550P,0.9206,LPath
V550Q,0.6306,LPath
V550R,0.6123,LPath
V550S,0.5912,LPath
V550T,0.4308,Amb
V550W,0.8433,LPath
V550Y,0.6469,LPath
I551A,0.4589,Amb
I551C,0.7317,LPath
I551D,0.9737,LPath
I551E,0.9186,LPath
I551F,0.2128,LBen
I551G,0.8965,LPath
I551H,0.8786,LPath
I551K,0.8619,LPath
I551L,0.1357,LBen
I551M,0.1219,LBen
I551N,0.7952,LPath
I551P,0.9608,LPath
I551Q,0.8557,LPath
I551R,0.7711,LPath
I551S,0.6511,LPath
I551T,0.2814,LBen
I551V,0.0711,LBen
I551W,0.8579,LPath
I551Y,0.7453,LPath
D552A,0.7579,LPath
D552C,0.9507,LPath
D552E,0.8411,LPath
D552F,0.9535,LPath
D552G,0.8484,LPath
D552H,0.8475,LPath
D552I,0.8816,LPath
D552K,0.9604,LPath
D552L,0.8753,LPath
D552M,0.9662,LPath
D552N,0.2807,LBen
D552P,0.9802,LPath
D552Q,0.9341,LPath
D552R,0.9438,LPath
D552S,0.4369,Amb
D552T,0.839,LPath
D552V,0.7488,LPath
D552W,0.992,LPath
D552Y,0.7123,LPath
L553A,0.6605,LPath
L553C,0.6765,LPath
L553D,0.981,LPath
L553E,0.8497,LPath
L553F,0.4049,Amb
L553G,0.9307,LPath
L553H,0.7578,LPath
L553I,0.098,LBen
L553K,0.7751,LPath
L553M,0.173,LBen
L553N,0.9104,LPath
L553P,0.9798,LPath
L553Q,0.5949,LPath
L553R,0.611,LPath
L553S,0.8192,LPath
L553T,0.6195,LPath
L553V,0.1182,LBen
L553W,0.7232,LPath
L553Y,0.8114,LPath
T554A,0.4241,Amb
T554C,0.834,LPath
T554D,0.9556,LPath
T554E,0.9347,LPath
T554F,0.8951,LPath
T554G,0.6383,LPath
T554H,0.8147,LPath
T554I,0.883,LPath
T554K,0.8862,LPath
T554L,0.5426,Amb
T554M,0.3316,LBen
T554N,0.7,LPath
T554P,0.8229,LPath
T554Q,0.8035,LPath
T554R,0.8217,LPath
T554S,0.2231,LBen
T554V,0.7583,LPath
T554W,0.9671,LPath
T554Y,0.9241,LPath
R555A,0.5553,Amb
R555C,0.2201,LBen
R555D,0.8263,LPath
R555E,0.4826,Amb
R555F,0.8373,LPath
R555G,0.2941,LBen
R555H,0.1863,LBen
R555I,0.5935,LPath
R555K,0.1588,LBen
R555L,0.4471,Amb
R555M,0.4835,Amb
R555N,0.7537,LPath
R555P,0.8152,LPath
R555Q,0.1244,LBen
R555S,0.629,LPath
R555T,0.3847,Amb
R555V,0.6261,LPath
R555W,0.3053,LBen
R555Y,0.6717,LPath
N556A,0.0939,LBen
N556C,0.1197,LBen
N556D,0.0773,LBen
N556E,0.0986,LBen
N556F,0.2897,LBen
N556G,0.122,LBen
N556H,0.0598,LBen
N556I,0.1113,LBen
N556K,0.061,LBen
N556L,0.12,LBen
N556M,0.14,LBen
N556P,0.2549,LBen
N556Q,0.0963,LBen
N556R,0.0844,LBen
N556S,0.0631,LBen
N556T,0.07,LBen
N556V,0.1063,LBen
N556W,0.3783,Amb
N556Y,0.0929,LBen
E557A,0.1354,LBen
E557C,0.789,LPath
E557D,0.2343,LBen
E557F,0.6903,LPath
E557G,0.1618,LBen
E557H,0.4059,Amb
E557I,0.3183,LBen
E557K,0.1017,LBen
E557L,0.352,Amb
E557M,0.3752,Amb
E557N,0.3187,LBen
E557P,0.8058,LPath
E557Q,0.1169,LBen
E557R,0.1899,LBen
E557S,0.2124,LBen
E557T,0.1783,LBen
E557V,0.19,LBen
E557W,0.8872,LPath
E557Y,0.6036,LPath
A558C,0.5907,LPath
A558D,0.7859,LPath
A558E,0.7015,LPath
A558F,0.6966,LPath
A558G,0.0684,LBen
A558H,0.8495,LPath
A558I,0.6194,LPath
A558K,0.8239,LPath
A558L,0.4372,Amb
A558M,0.4696,Amb
A558N,0.6467,LPath
A558P,0.8425,LPath
A558Q,0.6608,LPath
A558R,0.7296,LPath
A558S,0.1882,LBen
A558T,0.2508,LBen
A558V,0.3316,LBen
A558W,0.9139,LPath
A558Y,0.7926,LPath
T559A,0.2106,LBen
T559C,0.7766,LPath
T559D,0.9528,LPath
T559E,0.9001,LPath
T559F,0.7696,LPath
T559G,0.7251,LPath
T559H,0.886,LPath
T559I,0.4412,Amb
T559K,0.7936,LPath
T559L,0.2378,LBen
T559M,0.1299,LBen
T559N,0.6831,LPath
T559P,0.667,LPath
T559Q,0.7968,LPath
T559R,0.7298,LPath
T559S,0.4364,Amb
T559V,0.2247,LBen
T559W,0.958,LPath
T559Y,0.9185,LPath
V560A,0.288,LBen
V560C,0.9325,LPath
V560D,0.9482,LPath
V560E,0.874,LPath
V560F,0.7252,LPath
V560G,0.6066,LPath
V560H,0.9676,LPath
V560I,0.1921,LBen
V560K,0.9068,LPath
V560L,0.7767,LPath
V560M,0.3745,Amb
V560N,0.8436,LPath
V560P,0.8936,LPath
V560Q,0.8477,LPath
V560R,0.8618,LPath
V560S,0.4758,Amb
V560T,0.3788,Amb
V560W,0.9925,LPath
V560Y,0.979,LPath
E561A,0.2333,LBen
E561C,0.9357,LPath
E561D,0.2957,LBen
E561F,0.9396,LPath
E561G,0.2495,LBen
E561H,0.714,LPath
E561I,0.786,LPath
E561K,0.2997,LBen
E561L,0.7393,LPath
E561M,0.7386,LPath
E561N,0.5501,Amb
E561P,0.812,LPath
E561Q,0.2376,LBen
E561R,0.4574,Amb
E561S,0.3295,LBen
E561T,0.4573,Amb
E561V,0.5423,Amb
E561W,0.9765,LPath
E561Y,0.8838,LPath
T562A,0.1232,LBen
T562C,0.4746,Amb
T562D,0.5089,Amb
T562E,0.4477,Amb
T562F,0.4368,Amb
T562G,0.2093,LBen
T562H,0.3146,LBen
T562I,0.5493,Amb
T562K,0.2742,LBen
T562L,0.2243,LBen
T562M,0.1137,LBen
T562N,0.1282,LBen
T562P,0.5456,Amb
T562Q,0.3062,LBen
T562R,0.2618,LBen
T562S,0.1109,LBen
T562V,0.4189,Amb
T562W,0.7534,LPath
T562Y,0.395,Amb
L563A,0.9421,LPath
L563C,0.9566,LPath
L563D,0.9995,LPath
L563E,0.9927,LPath
L563F,0.9582,LPath
L563G,0.9939,LPath
L563H,0.9932,LPath
L563I,0.2559,LBen
L563K,0.9851,LPath
L563M,0.581,LPath
L563N,0.9929,LPath
L563P,0.9967,LPath
L563Q,0.9795,LPath
L563R,0.9706,LPath
L563S,0.9889,LPath
L563T,0.9468,LPath
L563V,0.2894,LBen
L563W,0.9922,LPath
L563Y,0.9942,LPath
T564A,0.1127,LBen
T564C,0.3382,LBen
T564D,0.5759,LPath
T564E,0.2536,LBen
T564F,0.2335,LBen
T564G,0.4199,Amb
T564H,0.2257,LBen
T564I,0.1314,LBen
T564K,0.1451,LBen
T564L,0.0959,LBen
T564M,0.0695,LBen
T564N,0.2208,LBen
T564P,0.8336,LPath
T564Q,0.1562,LBen
T564R,0.1124,LBen
T564S,0.16,LBen
T564V,0.1163,LBen
T564W,0.4677,Amb
T564Y,0.2954,LBen
E565A,0.8307,LPath
E565C,0.9942,LPath
E565D,0.9472,LPath
E565F,0.9978,LPath
E565G,0.8955,LPath
E565H,0.9898,LPath
E565I,0.971,LPath
E565K,0.8851,LPath
E565L,0.9805,LPath
E565M,0.9667,LPath
E565N,0.9782,LPath
E565P,0.9957,LPath
E565Q,0.6966,LPath
E565R,0.9496,LPath
E565S,0.9193,LPath
E565T,0.9367,LPath
E565V,0.9182,LPath
E565W,0.9995,LPath
E565Y,0.9972,LPath
T566A,0.1088,LBen
T566C,0.3883,Amb
T566D,0.9493,LPath
T566E,0.9028,LPath
T566F,0.7661,LPath
T566G,0.3713,Amb
T566H,0.8203,LPath
T566I,0.7561,LPath
T566K,0.8415,LPath
T566L,0.3632,Amb
T566M,0.1274,LBen
T566N,0.5957,LPath
T566P,0.9787,LPath
T566Q,0.7534,LPath
T566R,0.7749,LPath
T566S,0.1719,LBen
T566V,0.4587,Amb
T566W,0.9483,LPath
T566Y,0.7824,LPath
K567A,0.5745,LPath
K567C,0.6419,LPath
K567D,0.9709,LPath
K567E,0.5333,Amb
K567F,0.9198,LPath
K567G,0.8248,LPath
K567H,0.5855,LPath
K567I,0.5609,Amb
K567L,0.5799,LPath
K567M,0.3204,LBen
K567N,0.885,LPath
K567P,0.9909,LPath
K567Q,0.2107,LBen
K567R,0.088,LBen
K567S,0.7484,LPath
K567T,0.3767,Amb
K567V,0.3961,Amb
K567W,0.8915,LPath
K567Y,0.8203,LPath
I568A,0.9627,LPath
I568C,0.9644,LPath
I568D,0.999,LPath
I568E,0.996,LPath
I568F,0.6737,LPath
I568G,0.9935,LPath
I568H,0.9946,LPath
I568K,0.9912,LPath
I568L,0.2581,LBen
I568M,0.2635,LBen
I568N,0.9841,LPath
I568P,0.9985,LPath
I568Q,0.9911,LPath
I568R,0.9872,LPath
I568S,0.977,LPath
I568T,0.9731,LPath
I568V,0.2114,LBen
I568W,0.9845,LPath
I568Y,0.9453,LPath
H569A,0.3857,Amb
H569C,0.182,LBen
H569D,0.4203,Amb
H569E,0.4468,Amb
H569F,0.2636,LBen
H569G,0.5359,Amb
H569I,0.2379,LBen
H569K,0.536,Amb
H569L,0.1216,LBen
H569M,0.4246,Amb
H569N,0.1431,LBen
H569P,0.2573,LBen
H569Q,0.2681,LBen
H569R,0.2368,LBen
H569S,0.2963,LBen
H569T,0.3176,LBen
H569V,0.2444,LBen
H569W,0.4341,Amb
H569Y,0.1015,LBen
C570A,0.902,LPath
C570D,0.9985,LPath
C570E,0.9995,LPath
C570F,0.9582,LPath
C570G,0.8238,LPath
C570H,0.997,LPath
C570I,0.9527,LPath
C570K,0.9996,LPath
C570L,0.9402,LPath
C570M,0.9772,LPath
C570N,0.9945,LPath
C570P,0.9986,LPath
C570Q,0.9984,LPath
C570R,0.9943,LPath
C570S,0.8902,LPath
C570T,0.9134,LPath
C570V,0.8512,LPath
C570W,0.9944,LPath
C570Y,0.9917,LPath
E571A,0.1682,LBen
E571C,0.8378,LPath
E571D,0.0973,LBen
E571F,0.8336,LPath
E571G,0.1619,LBen
E571H,0.5031,Amb
E571I,0.5603,Amb
E571K,0.1945,LBen
E571L,0.4388,Amb
E571M,0.523,Amb
E571N,0.2349,LBen
E571P,0.5537,Amb
E571Q,0.164,LBen
E571R,0.3253,LBen
E571S,0.1894,LBen
E571T,0.262,LBen
E571V,0.3273,LBen
E571W,0.9461,LPath
E571Y,0.7156,LPath
T572A,0.0577,LBen
T572C,0.2222,LBen
T572D,0.2543,LBen
T572E,0.2297,LBen
T572F,0.2129,LBen
T572G,0.1217,LBen
T572H,0.1943,LBen
T572I,0.1117,LBen
T572K,0.175,LBen
T572L,0.0882,LBen
T572M,0.0709,LBen
T572N,0.0706,LBen
T572P,0.1005,LBen
T572Q,0.1775,LBen
T572R,0.1725,LBen
T572S,0.0813,LBen
T572V,0.0941,LBen
T572W,0.4607,Amb
T572Y,0.2109,LBen
D573A,0.1392,LBen
D573C,0.5057,Amb
D573E,0.0745,LBen
D573F,0.5969,LPath
D573G,0.1638,LBen
D573H,0.2895,LBen
D573I,0.3389,LBen
D573K,0.2805,LBen
D573L,0.3495,Amb
D573M,0.4589,Amb
D573N,0.1,LBen
D573P,0.6295,LPath
D573Q,0.249,LBen
D573R,0.3455,Amb
D573S,0.1102,LBen
D573T,0.1902,LBen
D573V,0.2013,LBen
D573W,0.8103,LPath
D573Y,0.2974,LBen
E574A,0.3443,Amb
E574C,0.8802,LPath
E574D,0.1128,LBen
E574F,0.8999,LPath
E574G,0.3634,Amb
E574H,0.6186,LPath
E574I,0.7867,LPath
E574K,0.3468,Amb
E574L,0.7179,LPath
E574M,0.6708,LPath
E574N,0.3187,LBen
E574P,0.9803,LPath
E574Q,0.2177,LBen
E574R,0.5332,Amb
E574S,0.3172,LBen
E574T,0.5205,Amb
E574V,0.5724,LPath
E574W,0.9571,LPath
E574Y,0.7835,LPath
K575A,0.9926,LPath
K575C,0.9955,LPath
K575D,0.9971,LPath
K575E,0.9838,LPath
K575F,0.9995,LPath
K575G,0.9936,LPath
K575H,0.9852,LPath
K575I,0.9915,LPath
K575L,0.9843,LPath
K575M,0.9602,LPath
K575N,0.9936,LPath
K575P,0.9976,LPath
K575Q,0.9566,LPath
K575R,0.3956,Amb
K575S,0.9969,LPath
K575T,0.9793,LPath
K575V,0.9877,LPath
K575W,0.9985,LPath
K575Y,0.9945,LPath
D576A,0.9888,LPath
D576C,0.9982,LPath
D576E,0.9611,LPath
D576F,0.9982,LPath
D576G,0.9869,LPath
D576H,0.9945,LPath
D576I,0.9951,LPath
D576K,0.9979,LPath
D576L,0.9956,LPath
D576M,0.999,LPath
D576N,0.9711,LPath
D576P,0.9978,LPath
D576Q,0.9976,LPath
D576R,0.9976,LPath
D576S,0.9842,LPath
D576T,0.9948,LPath
D576V,0.9873,LPath
D576W,0.9993,LPath
D576Y,0.9805,LPath
F577A,0.1854,LBen
F577C,0.112,LBen
F577D,0.4748,Amb
F577E,0.4973,Amb
F577G,0.3501,Amb
F577H,0.254,LBen
F577I,0.0877,LBen
F577K,0.5243,Amb
F577L,0.1387,LBen
F577M,0.1402,LBen
F577N,0.2539,LBen
F577P,0.8825,LPath
F577Q,0.3416,Amb
F577R,0.352,Amb
F577S,0.1712,LBen
F577T,0.2069,LBen
F577V,0.081,LBen
F577W,0.1888,LBen
F577Y,0.0813,LBen
Y578A,0.7672,LPath
Y578C,0.2007,LBen
Y578D,0.8668,LPath
Y578E,0.9521,LPath
Y578F,0.1022,LBen
Y578G,0.8079,LPath
Y578H,0.294,LBen
Y578I,0.7173,LPath
Y578K,0.9441,LPath
Y578L,0.5759,LPath
Y578M,0.7776,LPath
Y578N,0.4929,Amb
Y578P,0.9719,LPath
Y578Q,0.7947,LPath
Y578R,0.8229,LPath
Y578S,0.4483,Amb
Y578T,0.7719,LPath
Y578V,0.6177,LPath
Y578W,0.4923,Amb
L579A,0.9381,LPath
L579C,0.8999,LPath
L579D,0.9997,LPath
L579E,0.9979,LPath
L579F,0.7894,LPath
L579G,0.992,LPath
L579H,0.9949,LPath
L579I,0.2109,LBen
L579K,0.9979,LPath
L579M,0.389,Amb
L579N,0.9966,LPath
L579P,0.9983,LPath
L579Q,0.9904,LPath
L579R,0.9943,LPath
L579S,0.9866,LPath
L579T,0.8757,LPath
L579V,0.2302,LBen
L579W,0.9894,LPath
L579Y,0.99,LPath
Y580A,0.9543,LPath
Y580C,0.5789,LPath
Y580D,0.9914,LPath
Y580E,0.9967,LPath
Y580F,0.1472,LBen
Y580G,0.9497,LPath
Y580H,0.9052,LPath
Y580I,0.8796,LPath
Y580K,0.9971,LPath
Y580L,0.7469,LPath
Y580M,0.935,LPath
Y580N,0.9403,LPath
Y580P,0.9919,LPath
Y580Q,0.9906,LPath
Y580R,0.9876,LPath
Y580S,0.895,LPath
Y580T,0.9539,LPath
Y580V,0.77,LPath
Y580W,0.7693,LPath
Y581A,0.9594,LPath
Y581C,0.7498,LPath
Y581D,0.9755,LPath
Y581E,0.9951,LPath
Y581F,0.3286,LBen
Y581G,0.9349,LPath
Y581H,0.8842,LPath
Y581I,0.9694,LPath
Y581K,0.9967,LPath
Y581L,0.8811,LPath
Y581M,0.972,LPath
Y581N,0.8981,LPath
Y581P,0.997,LPath
Y581Q,0.9898,LPath
Y581R,0.9851,LPath
Y581S,0.8226,LPath
Y581T,0.9485,LPath
Y581V,0.9267,LPath
Y581W,0.7749,LPath
F582A,0.9831,LPath
F582C,0.8725,LPath
F582D,0.9994,LPath
F582E,0.999,LPath
F582G,0.996,LPath
F582H,0.9863,LPath
F582I,0.6064,LPath
F582K,0.9989,LPath
F582L,0.9487,LPath
F582M,0.8655,LPath
F582N,0.995,LPath
F582P,0.9998,LPath
F582Q,0.9971,LPath
F582R,0.9968,LPath
F582S,0.9852,LPath
F582T,0.9793,LPath
F582V,0.6676,LPath
F582W,0.9481,LPath
F582Y,0.67,LPath
L583A,0.9102,LPath
L583C,0.8362,LPath
L583D,0.9991,LPath
L583E,0.9939,LPath
L583F,0.587,LPath
L583G,0.9863,LPath
L583H,0.9721,LPath
L583I,0.2312,LBen
L583K,0.991,LPath
L583M,0.2939,LBen
L583N,0.9911,LPath
L583P,0.997,LPath
L583Q,0.9602,LPath
L583R,0.9782,LPath
L583S,0.9693,LPath
L583T,0.9086,LPath
L583V,0.2835,LBen
L583W,0.9403,LPath
L583Y,0.9659,LPath
M584A,0.4113,Amb
M584C,0.5703,LPath
M584D,0.907,LPath
M584E,0.5284,Amb
M584F,0.5221,Amb
M584G,0.6675,LPath
M584H,0.4553,Amb
M584I,0.4377,Amb
M584K,0.1316,LBen
M584L,0.0957,LBen
M584N,0.5869,LPath
M584P,0.9845,LPath
M584Q,0.174,LBen
M584R,0.1637,LBen
M584S,0.3872,Amb
M584T,0.2406,LBen
M584V,0.1383,LBen
M584W,0.7366,LPath
M584Y,0.684,LPath
Q585A,0.3602,Amb
Q585C,0.5842,LPath
Q585D,0.8776,LPath
Q585E,0.1462,LBen
Q585F,0.8823,LPath
Q585G,0.5854,LPath
Q585H,0.405,Amb
Q585I,0.6025,LPath
Q585K,0.1462,LBen
Q585L,0.233,LBen
Q585M,0.4543,Amb
Q585N,0.5642,LPath
Q585P,0.9294,LPath
Q585R,0.1274,LBen
Q585S,0.5688,LPath
Q585T,0.4376,Amb
Q585V,0.423,Amb
Q585W,0.8247,LPath
Q585Y,0.6924,LPath
Y586A,0.9008,LPath
Y586C,0.3301,LBen
Y586D,0.9076,LPath
Y586E,0.9075,LPath
Y586F,0.1488,LBen
Y586G,0.9064,LPath
Y586H,0.1257,LBen
Y586I,0.8278,LPath
Y586K,0.8698,LPath
Y586L,0.8608,LPath
Y586M,0.8753,LPath
Y586N,0.3806,Amb
Y586P,0.9862,LPath
Y586Q,0.755,LPath
Y586R,0.7743,LPath
Y586S,0.6978,LPath
Y586T,0.8633,LPath
Y586V,0.788,LPath
Y586W,0.4933,Amb
P587A,0.1856,LBen
P587C,0.5557,Amb
P587D,0.7078,LPath
P587E,0.3942,Amb
P587F,0.8612,LPath
P587G,0.4522,Amb
P587H,0.2692,LBen
P587I,0.7335,LPath
P587K,0.2364,LBen
P587L,0.4085,Amb
P587M,0.6602,LPath
P587N,0.5465,Amb
P587Q,0.1985,LBen
P587R,0.1371,LBen
P587S,0.2221,LBen
P587T,0.2045,LBen
P587V,0.5458,Amb
P587W,0.8183,LPath
P587Y,0.757,LPath
G588A,0.4863,Amb
G588C,0.7721,LPath
G588D,0.939,LPath
G588E,0.9175,LPath
G588F,0.9793,LPath
G588H,0.9643,LPath
G588I,0.9754,LPath
G588K,0.9545,LPath
G588L,0.9588,LPath
G588M,0.966,LPath
G588N,0.9326,LPath
G588P,0.9954,LPath
G588Q,0.896,LPath
G588R,0.9028,LPath
G588S,0.4545,Amb
G588T,0.867,LPath
G588V,0.9254,LPath
G588W,0.9734,LPath
G588Y,0.9727,LPath
R589A,0.9521,LPath
R589C,0.4328,Amb
R589D,0.9936,LPath
R589E,0.9448,LPath
R589F,0.9899,LPath
R589G,0.9259,LPath
R589H,0.5113,Amb
R589I,0.9285,LPath
R589K,0.3995,Amb
R589L,0.8982,LPath
R589M,0.9495,LPath
R589N,0.9687,LPath
R589P,0.9817,LPath
R589Q,0.3815,Amb
R589S,0.9553,LPath
R589T,0.9123,LPath
R589V,0.9323,LPath
R589W,0.8852,LPath
R589Y,0.9547,LPath
S590A,0.2436,LBen
S590C,0.1694,LBen
S590D,0.9537,LPath
S590E,0.9826,LPath
S590F,0.9229,LPath
S590G,0.3271,LBen
S590H,0.9216,LPath
S590I,0.738,LPath
S590K,0.9931,LPath
S590L,0.555,Amb
S590M,0.5252,Amb
S590N,0.654,LPath
S590P,0.9663,LPath
S590Q,0.9654,LPath
S590R,0.9906,LPath
S590T,0.0538,LBen
S590V,0.5643,LPath
S590W,0.9586,LPath
S590Y,0.8887,LPath
L591A,0.9366,LPath
L591C,0.9391,LPath
L591D,0.9996,LPath
L591E,0.9955,LPath
L591F,0.7173,LPath
L591G,0.9957,LPath
L591H,0.9914,LPath
L591I,0.1271,LBen
L591K,0.9947,LPath
L591M,0.1674,LBen
L591N,0.996,LPath
L591P,0.9978,LPath
L591Q,0.9787,LPath
L591R,0.9906,LPath
L591S,0.9853,LPath
L591T,0.9424,LPath
L591V,0.1868,LBen
L591W,0.9768,LPath
L591Y,0.9835,LPath
V592A,0.9375,LPath
V592C,0.9677,LPath
V592D,0.9995,LPath
V592E,0.9985,LPath
V592F,0.9492,LPath
V592G,0.9796,LPath
V592H,0.9995,LPath
V592I,0.1089,LBen
V592K,0.9993,LPath
V592L,0.8105,LPath
V592M,0.9103,LPath
V592N,0.9981,LPath
V592P,0.9982,LPath
V592Q,0.9982,LPath
V592R,0.998,LPath
V592S,0.9835,LPath
V592T,0.9634,LPath
V592W,0.9994,LPath
V592Y,0.9968,LPath
F593A,0.9991,LPath
F593C,0.9959,LPath
F593D,0.9999,LPath
F593E,0.9998,LPath
F593G,0.9995,LPath
F593H,0.9985,LPath
F593I,0.9963,LPath
F593K,0.9999,LPath
F593L,0.9995,LPath
F593M,0.996,LPath
F593N,0.9995,LPath
F593P,1.0,LPath
F593Q,0.9997,LPath
F593R,0.9994,LPath
F593S,0.9987,LPath
F593T,0.9993,LPath
F593V,0.9954,LPath
F593W,0.9884,LPath
F593Y,0.9642,LPath
A594C,0.4471,Amb
A594D,0.9965,LPath
A594E,0.9937,LPath
A594F,0.9772,LPath
A594G,0.5127,Amb
A594H,0.9945,LPath
A594I,0.8921,LPath
A594K,0.9986,LPath
A594L,0.7834,LPath
A594M,0.8669,LPath
A594N,0.9789,LPath
A594P,0.9938,LPath
A594Q,0.9855,LPath
A594R,0.9935,LPath
A594S,0.2381,LBen
A594T,0.2495,LBen
A594V,0.5345,Amb
A594W,0.9987,LPath
A594Y,0.9946,LPath
N595A,0.903,LPath
N595C,0.8914,LPath
N595D,0.9381,LPath
N595E,0.9945,LPath
N595F,0.9922,LPath
N595G,0.8184,LPath
N595H,0.8775,LPath
N595I,0.9731,LPath
N595K,0.9936,LPath
N595L,0.9408,LPath
N595M,0.9746,LPath
N595P,0.9661,LPath
N595Q,0.9826,LPath
N595R,0.9846,LPath
N595S,0.2352,LBen
N595T,0.7582,LPath
N595V,0.9372,LPath
N595W,0.9972,LPath
N595Y,0.9284,LPath
S596A,0.4189,Amb
S596C,0.6967,LPath
S596D,0.9912,LPath
S596E,0.9941,LPath
S596F,0.9845,LPath
S596G,0.7061,LPath
S596H,0.9627,LPath
S596I,0.9892,LPath
S596K,0.9978,LPath
S596L,0.9416,LPath
S596M,0.957,LPath
S596N,0.9193,LPath
S596P,0.9987,LPath
S596Q,0.9775,LPath
S596R,0.9943,LPath
S596T,0.5636,Amb
S596V,0.9693,LPath
S596W,0.9893,LPath
S596Y,0.9667,LPath
I597A,0.9683,LPath
I597C,0.9947,LPath
I597D,0.9992,LPath
I597E,0.9971,LPath
I597F,0.9406,LPath
I597G,0.9973,LPath
I597H,0.9965,LPath
I597K,0.9656,LPath
I597L,0.7401,LPath
I597M,0.7783,LPath
I597N,0.9864,LPath
I597P,0.9875,LPath
I597Q,0.991,LPath
I597R,0.9587,LPath
I597S,0.9753,LPath
I597T,0.961,LPath
I597V,0.1677,LBen
I597W,0.9983,LPath
I597Y,0.9916,LPath
S598A,0.1273,LBen
S598C,0.2795,LBen
S598D,0.7173,LPath
S598E,0.9134,LPath
S598F,0.7064,LPath
S598G,0.1193,LBen
S598H,0.7516,LPath
S598I,0.6483,LPath
S598K,0.9813,LPath
S598L,0.3642,Amb
S598M,0.5676,LPath
S598N,0.3276,LBen
S598P,0.6603,LPath
S598Q,0.8721,LPath
S598R,0.9657,LPath
S598T,0.2,LBen
S598V,0.5796,LPath
S598W,0.8298,LPath
S598Y,0.6498,LPath
C599A,0.6476,LPath
C599D,0.9794,LPath
C599E,0.9937,LPath
C599F,0.8509,LPath
C599G,0.3967,Amb
C599H,0.9561,LPath
C599I,0.9492,LPath
C599K,0.997,LPath
C599L,0.9054,LPath
C599M,0.9414,LPath
C599N,0.8328,LPath
C599P,0.997,LPath
C599Q,0.9727,LPath
C599R,0.9656,LPath
C599S,0.4324,Amb
C599T,0.8146,LPath
C599V,0.8383,LPath
C599W,0.9764,LPath
C599Y,0.9375,LPath
I600A,0.8859,LPath
I600C,0.9244,LPath
I600D,0.9988,LPath
I600E,0.9947,LPath
I600F,0.9612,LPath
I600G,0.9845,LPath
I600H,0.9959,LPath
I600K,0.9918,LPath
I600L,0.3407,Amb
I600M,0.4866,Amb
I600N,0.9563,LPath
I600P,0.9943,LPath
I600Q,0.9878,LPath
I600R,0.9875,LPath
I600S,0.9063,LPath
I600T,0.8221,LPath
I600V,0.1327,LBen
I600W,0.9984,LPath
I600Y,0.9949,LPath
K601A,0.9868,LPath
K601C,0.9654,LPath
K601D,0.9969,LPath
K601E,0.9578,LPath
K601F,0.994,LPath
K601G,0.9775,LPath
K601H,0.8213,LPath
K601I,0.9722,LPath
K601L,0.9328,LPath
K601M,0.9253,LPath
K601N,0.9839,LPath
K601P,0.9947,LPath
K601Q,0.6218,LPath
K601R,0.0946,LBen
K601S,0.9852,LPath
K601T,0.9382,LPath
K601V,0.9623,LPath
K601W,0.9728,LPath
K601Y,0.9695,LPath
R602A,0.9951,LPath
R602C,0.8716,LPath
R602D,0.9951,LPath
R602E,0.9732,LPath
R602F,0.9888,LPath
R602G,0.9761,LPath
R602H,0.4507,Amb
R602I,0.9877,LPath
R602K,0.7462,LPath
R602L,0.9666,LPath
R602M,0.9892,LPath
R602N,0.9872,LPath
R602P,0.998,LPath
R602Q,0.7445,LPath
R602S,0.9933,LPath
R602T,0.9921,LPath
R602V,0.9883,LPath
R602W,0.772,LPath
R602Y,0.9116,LPath
L603A,0.9491,LPath
L603C,0.9427,LPath
L603D,0.9989,LPath
L603E,0.991,LPath
L603F,0.8092,LPath
L603G,0.9912,LPath
L603H,0.9834,LPath
L603I,0.2438,LBen
L603K,0.9896,LPath
L603M,0.3622,Amb
L603N,0.9846,LPath
L603P,0.998,LPath
L603Q,0.9666,LPath
L603R,0.9847,LPath
L603S,0.9835,LPath
L603T,0.9215,LPath
L603V,0.3571,Amb
L603W,0.9734,LPath
L603Y,0.9762,LPath
S604A,0.0639,LBen
S604C,0.0839,LBen
S604D,0.8058,LPath
S604E,0.8186,LPath
S604F,0.3118,LBen
S604G,0.1181,LBen
S604H,0.4618,Amb
S604I,0.4303,Amb
S604K,0.9072,LPath
S604L,0.1959,LBen
S604M,0.319,LBen
S604N,0.3212,LBen
S604P,0.936,LPath
S604Q,0.6784,LPath
S604R,0.8481,LPath
S604T,0.1155,LBen
S604V,0.2935,LBen
S604W,0.4255,Amb
S604Y,0.2464,LBen
G605A,0.1498,LBen
G605C,0.2297,LBen
G605D,0.7773,LPath
G605E,0.7439,LPath
G605F,0.7906,LPath
G605H,0.7101,LPath
G605I,0.5241,Amb
G605K,0.9004,LPath
G605L,0.605,LPath
G605M,0.6892,LPath
G605N,0.4718,Amb
G605P,0.9729,LPath
G605Q,0.6938,LPath
G605R,0.7536,LPath
G605S,0.1053,LBen
G605T,0.2627,LBen
G605V,0.3243,LBen
G605W,0.748,LPath
G605Y,0.7331,LPath
L606A,0.8766,LPath
L606C,0.8685,LPath
L606D,0.9953,LPath
L606E,0.9707,LPath
L606F,0.4642,Amb
L606G,0.9776,LPath
L606H,0.9107,LPath
L606I,0.1094,LBen
L606K,0.9533,LPath
L606M,0.2003,LBen
L606N,0.9532,LPath
L606P,0.99,LPath
L606Q,0.8626,LPath
L606R,0.9331,LPath
L606S,0.9328,LPath
L606T,0.7555,LPath
L606V,0.161,LBen
L606W,0.8369,LPath
L606Y,0.8908,LPath
L607A,0.9555,LPath
L607C,0.8358,LPath
L607D,0.9992,LPath
L607E,0.9958,LPath
L607F,0.289,LBen
L607G,0.9779,LPath
L607H,0.9833,LPath
L607I,0.6347,LPath
L607K,0.9951,LPath
L607M,0.276,LBen
L607N,0.9949,LPath
L607P,0.9971,LPath
L607Q,0.9771,LPath
L607R,0.9877,LPath
L607S,0.9868,LPath
L607T,0.96,LPath
L607V,0.6214,LPath
L607W,0.8936,LPath
L607Y,0.9489,LPath
K608A,0.6599,LPath
K608C,0.8105,LPath
K608D,0.8787,LPath
K608E,0.5295,Amb
K608F,0.9655,LPath
K608G,0.6521,LPath
K608H,0.4625,Amb
K608I,0.851,LPath
K608L,0.7276,LPath
K608M,0.5623,Amb
K608N,0.7167,LPath
K608P,0.974,LPath
K608Q,0.2414,LBen
K608R,0.093,LBen
K608S,0.6993,LPath
K608T,0.4005,Amb
K608V,0.7609,LPath
K608W,0.9152,LPath
K608Y,0.8834,LPath
V609A,0.1966,LBen
V609C,0.6618,LPath
V609D,0.6328,LPath
V609E,0.522,Amb
V609F,0.2768,LBen
V609G,0.2868,LBen
V609H,0.7021,LPath
V609I,0.0993,LBen
V609K,0.7097,LPath
V609L,0.3085,LBen
V609M,0.2267,LBen
V609N,0.3633,Amb
V609P,0.9191,LPath
V609Q,0.5516,Amb
V609R,0.6923,LPath
V609S,0.2575,LBen
V609T,0.2237,LBen
V609W,0.8826,LPath
V609Y,0.6331,LPath
L610A,0.8529,LPath
L610C,0.8246,LPath
L610D,0.999,LPath
L610E,0.9926,LPath
L610F,0.8344,LPath
L610G,0.9805,LPath
L610H,0.989,LPath
L610I,0.4103,Amb
L610K,0.992,LPath
L610M,0.2782,LBen
L610N,0.9911,LPath
L610P,0.9929,LPath
L610Q,0.9691,LPath
L610R,0.9837,LPath
L610S,0.9714,LPath
L610T,0.8362,LPath
L610V,0.3638,Amb
L610W,0.977,LPath
L610Y,0.9899,LPath
D611A,0.3477,Amb
D611C,0.722,LPath
D611E,0.2806,LBen
D611F,0.9127,LPath
D611G,0.166,LBen
D611H,0.423,Amb
D611I,0.9035,LPath
D611K,0.5816,LPath
D611L,0.8099,LPath
D611M,0.8911,LPath
D611N,0.1186,LBen
D611P,0.9703,LPath
D611Q,0.4189,Amb
D611R,0.5545,Amb
D611S,0.2002,LBen
D611T,0.6486,LPath
D611V,0.7273,LPath
D611W,0.9679,LPath
D611Y,0.5696,LPath
I612A,0.5702,LPath
I612C,0.5443,Amb
I612D,0.9453,LPath
I612E,0.8601,LPath
I612F,0.3359,LBen
I612G,0.8642,LPath
I612H,0.7696,LPath
I612K,0.5687,LPath
I612L,0.1737,LBen
I612M,0.1465,LBen
I612N,0.6597,LPath
I612P,0.9817,LPath
I612Q,0.69,LPath
I612R,0.4554,Amb
I612S,0.6305,LPath
I612T,0.421,Amb
I612V,0.0778,LBen
I612W,0.9114,LPath
I612Y,0.7563,LPath
M613A,0.2957,LBen
M613C,0.5876,LPath
M613D,0.6462,LPath
M613E,0.3913,Amb
M613F,0.3601,Amb
M613G,0.6094,LPath
M613H,0.2998,LBen
M613I,0.4141,Amb
M613K,0.156,LBen
M613L,0.1198,LBen
M613N,0.3317,LBen
M613P,0.6052,LPath
M613Q,0.1773,LBen
M613R,0.1607,LBen
M613S,0.2723,LBen
M613T,0.1644,LBen
M613V,0.1116,LBen
M613W,0.636,LPath
M613Y,0.5072,Amb
P614A,0.6813,LPath
P614C,0.9718,LPath
P614D,0.9985,LPath
P614E,0.997,LPath
P614F,0.9981,LPath
P614G,0.9743,LPath
P614H,0.9936,LPath
P614I,0.9686,LPath
P614K,0.9984,LPath
P614L,0.9389,LPath
P614M,0.9905,LPath
P614N,0.9947,LPath
P614Q,0.9943,LPath
P614R,0.9955,LPath
P614S,0.9216,LPath
P614T,0.8506,LPath
P614V,0.875,LPath
P614W,0.9993,LPath
P614Y,0.9979,LPath
L615A,0.7656,LPath
L615C,0.6512,LPath
L615D,0.992,LPath
L615E,0.9138,LPath
L615F,0.2164,LBen
L615G,0.9408,LPath
L615H,0.6173,LPath
L615I,0.3271,LBen
L615K,0.7144,LPath
L615M,0.1823,LBen
L615N,0.9145,LPath
L615P,0.9904,LPath
L615Q,0.4742,Amb
L615R,0.5375,Amb
L615S,0.8443,LPath
L615T,0.8618,LPath
L615V,0.2493,LBen
L615W,0.4736,Amb
L615Y,0.4816,Amb
T616A,0.1235,LBen
T616C,0.3798,Amb
T616D,0.8843,LPath
T616E,0.7558,LPath
T616F,0.5784,LPath
T616G,0.3873,Amb
T616H,0.5346,Amb
T616I,0.343,Amb
T616K,0.6633,LPath
T616L,0.1723,LBen
T616M,0.1148,LBen
T616N,0.2962,LBen
T616P,0.0931,LBen
T616Q,0.459,Amb
T616R,0.6284,LPath
T616S,0.1612,LBen
T616V,0.2262,LBen
T616W,0.874,LPath
T616Y,0.6312,LPath
L617A,0.9888,LPath
L617C,0.9903,LPath
L617D,0.9998,LPath
L617E,0.9987,LPath
L617F,0.9771,LPath
L617G,0.9984,LPath
L617H,0.998,LPath
L617I,0.3792,Amb
L617K,0.9983,LPath
L617M,0.7299,LPath
L617N,0.996,LPath
L617P,0.9988,LPath
L617Q,0.9964,LPath
L617R,0.996,LPath
L617S,0.9967,LPath
L617T,0.9876,LPath
L617V,0.6194,LPath
L617W,0.9973,LPath
L617Y,0.9972,LPath
H618A,0.9976,LPath
H618C,0.9437,LPath
H618D,0.9956,LPath
H618E,0.9986,LPath
H618F,0.9306,LPath
H618G,0.9971,LPath
H618I,0.9988,LPath
H618K,0.9985,LPath
H618L,0.9771,LPath
H618M,0.9964,LPath
H618N,0.963,LPath
H618P,0.9866,LPath
H618Q,0.995,LPath
H618R,0.9925,LPath
H618S,0.987,LPath
H618T,0.9978,LPath
H618V,0.9977,LPath
H618W,0.9301,LPath
H618Y,0.8446,LPath
A619C,0.969,LPath
A619D,0.9973,LPath
A619E,0.9958,LPath
A619F,0.9704,LPath
A619G,0.4561,Amb
A619H,0.985,LPath
A619I,0.9918,LPath
A619K,0.9978,LPath
A619L,0.9642,LPath
A619M,0.9797,LPath
A619N,0.9822,LPath
A619P,0.9858,LPath
A619Q,0.9793,LPath
A619R,0.9857,LPath
A619S,0.2168,LBen
A619T,0.9155,LPath
A619V,0.9667,LPath
A619W,0.9972,LPath
A619Y,0.9827,LPath
C620A,0.303,LBen
C620D,0.6613,LPath
C620E,0.8207,LPath
C620F,0.3661,Amb
C620G,0.1223,LBen
C620H,0.5158,Amb
C620I,0.7665,LPath
C620K,0.8543,LPath
C620L,0.6181,LPath
C620M,0.6284,LPath
C620N,0.2141,LBen
C620P,0.9849,LPath
C620Q,0.5501,Amb
C620R,0.5977,LPath
C620S,0.1118,LBen
C620T,0.3655,Amb
C620V,0.5768,LPath
C620W,0.7391,LPath
C620Y,0.4426,Amb
M621A,0.9808,LPath
M621C,0.9727,LPath
M621D,0.9989,LPath
M621E,0.9871,LPath
M621F,0.9612,LPath
M621G,0.9899,LPath
M621H,0.9882,LPath
M621I,0.9949,LPath
M621K,0.9272,LPath
M621L,0.6294,LPath
M621N,0.9881,LPath
M621P,0.9992,LPath
M621Q,0.776,LPath
M621R,0.9372,LPath
M621S,0.9699,LPath
M621T,0.9854,LPath
M621V,0.9042,LPath
M621W,0.9934,LPath
M621Y,0.9901,LPath
H622A,0.6291,LPath
H622C,0.5474,Amb
H622D,0.7839,LPath
H622E,0.7448,LPath
H622F,0.6193,LPath
H622G,0.84,LPath
H622I,0.5478,Amb
H622K,0.7741,LPath
H622L,0.2546,LBen
H622M,0.6574,LPath
H622N,0.3442,Amb
H622P,0.1893,LBen
H622Q,0.4583,Amb
H622R,0.6192,LPath
H622S,0.6248,LPath
H622T,0.7974,LPath
H622V,0.5256,Amb
H622W,0.8031,LPath
H622Y,0.2981,LBen
Q623A,0.9469,LPath
Q623C,0.9997,LPath
Q623D,0.998,LPath
Q623E,0.8298,LPath
Q623F,0.9991,LPath
Q623G,0.934,LPath
Q623H,0.9976,LPath
Q623I,0.9923,LPath
Q623K,0.9682,LPath
Q623L,0.9718,LPath
Q623M,0.9744,LPath
Q623N,0.984,LPath
Q623P,0.8773,LPath
Q623R,0.9713,LPath
Q623S,0.9225,LPath
Q623T,0.9602,LPath
Q623V,0.9818,LPath
Q623W,0.9996,LPath
Q623Y,0.9993,LPath
K624A,0.9835,LPath
K624C,0.9898,LPath
K624D,0.9959,LPath
K624E,0.9799,LPath
K624F,0.9977,LPath
K624G,0.9728,LPath
K624H,0.9318,LPath
K624I,0.9854,LPath
K624L,0.9709,LPath
K624M,0.9539,LPath
K624N,0.9836,LPath
K624P,0.9846,LPath
K624Q,0.7766,LPath
K624R,0.172,LBen
K624S,0.9851,LPath
K624T,0.9518,LPath
K624V,0.9738,LPath
K624W,0.9924,LPath
K624Y,0.9831,LPath
Q625A,0.6302,LPath
Q625C,0.9822,LPath
Q625D,0.9801,LPath
Q625E,0.574,LPath
Q625F,0.9739,LPath
Q625G,0.8433,LPath
Q625H,0.9201,LPath
Q625I,0.8806,LPath
Q625K,0.722,LPath
Q625L,0.6,LPath
Q625M,0.6586,LPath
Q625N,0.8332,LPath
Q625P,0.9542,LPath
Q625R,0.7878,LPath
Q625S,0.7722,LPath
Q625T,0.7706,LPath
Q625V,0.7565,LPath
Q625W,0.984,LPath
Q625Y,0.9555,LPath
R626A,0.9968,LPath
R626C,0.9753,LPath
R626D,0.9994,LPath
R626E,0.9899,LPath
R626F,0.9989,LPath
R626G,0.9955,LPath
R626H,0.9811,LPath
R626I,0.9933,LPath
R626K,0.9828,LPath
R626L,0.9863,LPath
R626M,0.9987,LPath
R626N,0.9987,LPath
R626P,0.9975,LPath
R626Q,0.9706,LPath
R626S,0.9986,LPath
R626T,0.9987,LPath
R626V,0.9937,LPath
R626W,0.9847,LPath
R626Y,0.993,LPath
L627A,0.9645,LPath
L627C,0.9762,LPath
L627D,0.9985,LPath
L627E,0.9814,LPath
L627F,0.7049,LPath
L627G,0.9873,LPath
L627H,0.9586,LPath
L627I,0.3742,Amb
L627K,0.9509,LPath
L627M,0.3544,Amb
L627N,0.9813,LPath
L627P,0.9964,LPath
L627Q,0.889,LPath
L627R,0.9104,LPath
L627S,0.9846,LPath
L627T,0.9694,LPath
L627V,0.5855,LPath
L627W,0.8651,LPath
L627Y,0.9339,LPath
R628A,0.9382,LPath
R628C,0.4675,Amb
R628D,0.9904,LPath
R628E,0.9421,LPath
R628F,0.9588,LPath
R628G,0.8565,LPath
R628H,0.3154,LBen
R628I,0.8882,LPath
R628K,0.1759,LBen
R628L,0.7699,LPath
R628M,0.8681,LPath
R628N,0.9709,LPath
R628P,0.9931,LPath
R628Q,0.3224,LBen
R628S,0.9668,LPath
R628T,0.9425,LPath
R628V,0.9142,LPath
R628W,0.5738,LPath
R628Y,0.8536,LPath
N629A,0.7449,LPath
N629C,0.5084,Amb
N629D,0.9375,LPath
N629E,0.9775,LPath
N629F,0.9167,LPath
N629G,0.8391,LPath
N629H,0.3412,Amb
N629I,0.8886,LPath
N629K,0.9658,LPath
N629L,0.8233,LPath
N629M,0.861,LPath
N629P,0.9977,LPath
N629Q,0.8768,LPath
N629R,0.9447,LPath
N629S,0.2399,LBen
N629T,0.78,LPath
N629V,0.8501,LPath
N629W,0.9791,LPath
N629Y,0.5107,Amb
L630A,0.9294,LPath
L630C,0.9687,LPath
L630D,0.9995,LPath
L630E,0.9911,LPath
L630F,0.8803,LPath
L630G,0.9925,LPath
L630H,0.9861,LPath
L630I,0.3075,LBen
L630K,0.9752,LPath
L630M,0.2915,LBen
L630N,0.9952,LPath
L630P,0.998,LPath
L630Q,0.9533,LPath
L630R,0.9489,LPath
L630S,0.9844,LPath
L630T,0.9023,LPath
L630V,0.3438,Amb
L630W,0.954,LPath
L630Y,0.9817,LPath
E631A,0.7013,LPath
E631C,0.9883,LPath
E631D,0.47,Amb
E631F,0.9914,LPath
E631G,0.6556,LPath
E631H,0.9487,LPath
E631I,0.9727,LPath
E631K,0.8367,LPath
E631L,0.9263,LPath
E631M,0.9555,LPath
E631N,0.8757,LPath
E631P,0.9955,LPath
E631Q,0.4703,Amb
E631R,0.869,LPath
E631S,0.7304,LPath
E631T,0.9009,LPath
E631V,0.9104,LPath
E631W,0.9953,LPath
E631Y,0.9769,LPath
Q632A,0.3298,LBen
Q632C,0.7275,LPath
Q632D,0.6842,LPath
Q632E,0.1662,LBen
Q632F,0.8254,LPath
Q632G,0.4762,Amb
Q632H,0.313,LBen
Q632I,0.5808,LPath
Q632K,0.1599,LBen
Q632L,0.1944,LBen
Q632M,0.4203,Amb
Q632N,0.3916,Amb
Q632P,0.9097,LPath
Q632R,0.1638,LBen
Q632S,0.452,Amb
Q632T,0.3486,Amb
Q632V,0.4203,Amb
Q632W,0.7744,LPath
Q632Y,0.5328,Amb
F633A,0.9921,LPath
F633C,0.9904,LPath
F633D,0.9991,LPath
F633E,0.9987,LPath
F633G,0.9969,LPath
F633H,0.9928,LPath
F633I,0.9838,LPath
F633K,0.9987,LPath
F633L,0.9977,LPath
F633M,0.9792,LPath
F633N,0.9969,LPath
F633P,0.9999,LPath
F633Q,0.998,LPath
F633R,0.9969,LPath
F633S,0.9964,LPath
F633T,0.9964,LPath
F633V,0.9778,LPath
F633W,0.9543,LPath
F633Y,0.7497,LPath
A634C,0.5993,LPath
A634D,0.8252,LPath
A634E,0.5388,Amb
A634F,0.7438,LPath
A634G,0.2463,LBen
A634H,0.7756,LPath
A634I,0.6212,LPath
A634K,0.7902,LPath
A634L,0.4499,Amb
A634M,0.486,Amb
A634N,0.621,LPath
A634P,0.9697,LPath
A634Q,0.4419,Amb
A634R,0.6388,LPath
A634S,0.093,LBen
A634T,0.1593,LBen
A634V,0.3114,LBen
A634W,0.9457,LPath
A634Y,0.8213,LPath
R635A,0.1537,LBen
R635C,0.0811,LBen
R635D,0.2542,LBen
R635E,0.1717,LBen
R635F,0.225,LBen
R635G,0.1095,LBen
R635H,0.0704,LBen
R635I,0.1806,LBen
R635K,0.1008,LBen
R635L,0.1158,LBen
R635M,0.2016,LBen
R635N,0.1961,LBen
R635P,0.6519,LPath
R635Q,0.0727,LBen
R635S,0.1599,LBen
R635T,0.1377,LBen
R635V,0.1768,LBen
R635W,0.1306,LBen
R635Y,0.1532,LBen
L636A,0.142,LBen
L636C,0.2863,LBen
L636D,0.4942,Amb
L636E,0.1846,LBen
L636F,0.1327,LBen
L636G,0.327,LBen
L636H,0.1257,LBen
L636I,0.105,LBen
L636K,0.1134,LBen
L636M,0.0733,LBen
L636N,0.2405,LBen
L636P,0.7315,LPath
L636Q,0.0688,LBen
L636R,0.0813,LBen
L636S,0.1435,LBen
L636T,0.1328,LBen
L636V,0.0789,LBen
L636W,0.1633,LBen
L636Y,0.2555,LBen
E637A,0.1491,LBen
E637C,0.6913,LPath
E637D,0.0879,LBen
E637F,0.797,LPath
E637G,0.1027,LBen
E637H,0.2512,LBen
E637I,0.5029,Amb
E637K,0.0743,LBen
E637L,0.4487,Amb
E637M,0.4835,Amb
E637N,0.1512,LBen
E637P,0.1562,LBen
E637Q,0.0937,LBen
E637R,0.129,LBen
E637S,0.1277,LBen
E637T,0.1743,LBen
E637V,0.2922,LBen
E637W,0.7719,LPath
E637Y,0.5664,LPath
D638A,0.258,LBen
D638C,0.6224,LPath
D638E,0.2446,LBen
D638F,0.7379,LPath
D638G,0.1572,LBen
D638H,0.2872,LBen
D638I,0.6495,LPath
D638K,0.4098,Amb
D638L,0.6574,LPath
D638M,0.7776,LPath
D638N,0.0882,LBen
D638P,0.8405,LPath
D638Q,0.3939,Amb
D638R,0.4105,Amb
D638S,0.1477,LBen
D638T,0.3059,LBen
D638V,0.4234,Amb
D638W,0.8981,LPath
D638Y,0.2703,LBen
C639A,0.3528,Amb
C639D,0.926,LPath
C639E,0.9703,LPath
C639F,0.7103,LPath
C639G,0.1656,LBen
C639H,0.846,LPath
C639I,0.8728,LPath
C639K,0.9659,LPath
C639L,0.8859,LPath
C639M,0.8879,LPath
C639N,0.7816,LPath
C639P,0.9875,LPath
C639Q,0.8989,LPath
C639R,0.7973,LPath
C639S,0.2163,LBen
C639T,0.4757,Amb
C639V,0.7062,LPath
C639W,0.9138,LPath
C639Y,0.801,LPath
V640A,0.6357,LPath
V640C,0.843,LPath
V640D,0.9925,LPath
V640E,0.9844,LPath
V640F,0.7022,LPath
V640G,0.8549,LPath
V640H,0.988,LPath
V640I,0.0978,LBen
V640K,0.9796,LPath
V640L,0.4372,Amb
V640M,0.4724,Amb
V640N,0.9633,LPath
V640P,0.9664,LPath
V640Q,0.971,LPath
V640R,0.966,LPath
V640S,0.846,LPath
V640T,0.5783,LPath
V640W,0.9903,LPath
V640Y,0.9671,LPath
L641A,0.9841,LPath
L641C,0.9694,LPath
L641D,0.9999,LPath
L641E,0.9993,LPath
L641F,0.9201,LPath
L641G,0.9966,LPath
L641H,0.998,LPath
L641I,0.7227,LPath
L641K,0.9987,LPath
L641M,0.5696,LPath
L641N,0.9993,LPath
L641P,0.9995,LPath
L641Q,0.9955,LPath
L641R,0.9969,LPath
L641S,0.9975,LPath
L641T,0.9951,LPath
L641V,0.7682,LPath
L641W,0.9954,LPath
L641Y,0.994,LPath
L642A,0.9287,LPath
L642C,0.8992,LPath
L642D,0.9998,LPath
L642E,0.9979,LPath
L642F,0.7913,LPath
L642G,0.9946,LPath
L642H,0.9962,LPath
L642I,0.1945,LBen
L642K,0.9984,LPath
L642M,0.3929,Amb
L642N,0.9982,LPath
L642P,0.9969,LPath
L642Q,0.9924,LPath
L642R,0.9959,LPath
L642S,0.9911,LPath
L642T,0.958,LPath
L642V,0.2145,LBen
L642W,0.9826,LPath
L642Y,0.988,LPath
A643C,0.7666,LPath
A643D,0.9985,LPath
A643E,0.9974,LPath
A643F,0.9965,LPath
A643G,0.6837,LPath
A643H,0.9982,LPath
A643I,0.9873,LPath
A643K,0.9996,LPath
A643L,0.9204,LPath
A643M,0.9538,LPath
A643N,0.9936,LPath
A643P,0.9985,LPath
A643Q,0.9944,LPath
A643R,0.998,LPath
A643S,0.3366,LBen
A643T,0.4119,Amb
A643V,0.873,LPath
A643W,0.9998,LPath
A643Y,0.9987,LPath
T644A,0.9387,LPath
T644C,0.9958,LPath
T644D,0.9978,LPath
T644E,0.9977,LPath
T644F,0.9992,LPath
T644G,0.9663,LPath
T644H,0.9972,LPath
T644I,0.9989,LPath
T644K,0.9957,LPath
T644L,0.9875,LPath
T644M,0.9581,LPath
T644N,0.9845,LPath
T644P,0.9787,LPath
T644Q,0.9958,LPath
T644R,0.996,LPath
T644S,0.7139,LPath
T644V,0.9917,LPath
T644W,0.9996,LPath
T644Y,0.9991,LPath
D645A,0.9974,LPath
D645C,0.9999,LPath
D645E,0.9909,LPath
D645F,0.9998,LPath
D645G,0.9979,LPath
D645H,0.9987,LPath
D645I,0.9997,LPath
D645K,0.9996,LPath
D645L,0.9993,LPath
D645M,0.9999,LPath
D645N,0.9723,LPath
D645P,0.9995,LPath
D645Q,0.9993,LPath
D645R,0.9992,LPath
D645S,0.986,LPath
D645T,0.9982,LPath
D645V,0.9985,LPath
D645W,0.9999,LPath
D645Y,0.9977,LPath
V646A,0.9601,LPath
V646C,0.9953,LPath
V646D,0.9968,LPath
V646E,0.9917,LPath
V646F,0.9635,LPath
V646G,0.968,LPath
V646H,0.9982,LPath
V646I,0.2291,LBen
V646K,0.9924,LPath
V646L,0.9696,LPath
V646M,0.8948,LPath
V646N,0.9889,LPath
V646P,0.9977,LPath
V646Q,0.9923,LPath
V646R,0.9852,LPath
V646S,0.9642,LPath
V646T,0.9004,LPath
V646W,0.9993,LPath
V646Y,0.9956,LPath
A647C,0.9869,LPath
A647D,0.9994,LPath
A647E,0.9989,LPath
A647F,0.9855,LPath
A647G,0.9467,LPath
A647H,0.9988,LPath
A647I,0.9956,LPath
A647K,0.9997,LPath
A647L,0.9576,LPath
A647M,0.9847,LPath
A647N,0.9984,LPath
A647P,0.9947,LPath
A647Q,0.9963,LPath
A647R,0.9976,LPath
A647S,0.7715,LPath
A647T,0.9839,LPath
A647V,0.9793,LPath
A647W,0.9991,LPath
A647Y,0.997,LPath
A648C,0.9428,LPath
A648D,0.9996,LPath
A648E,0.9985,LPath
A648F,0.9964,LPath
A648G,0.8654,LPath
A648H,0.9994,LPath
A648I,0.9936,LPath
A648K,0.9998,LPath
A648L,0.954,LPath
A648M,0.9761,LPath
A648N,0.9981,LPath
A648P,0.9994,LPath
A648Q,0.996,LPath
A648R,0.9986,LPath
A648S,0.3221,LBen
A648T,0.9251,LPath
A648V,0.9545,LPath
A648W,0.9998,LPath
A648Y,0.9991,LPath
R649A,0.994,LPath
R649C,0.9508,LPath
R649D,0.9992,LPath
R649E,0.9895,LPath
R649F,0.9991,LPath
R649G,0.988,LPath
R649H,0.9826,LPath
R649I,0.9975,LPath
R649K,0.971,LPath
R649L,0.9886,LPath
R649M,0.9977,LPath
R649N,0.999,LPath
R649P,0.9984,LPath
R649Q,0.9556,LPath
R649S,0.9959,LPath
R649T,0.997,LPath
R649V,0.9953,LPath
R649W,0.9574,LPath
R649Y,0.9977,LPath
G650A,0.9903,LPath
G650C,0.9951,LPath
G650D,0.9979,LPath
G650E,0.9983,LPath
G650F,0.9989,LPath
G650H,0.9997,LPath
G650I,0.9958,LPath
G650K,0.9996,LPath
G650L,0.9979,LPath
G650M,0.9987,LPath
G650N,0.9991,LPath
G650P,0.9998,LPath
G650Q,0.9995,LPath
G650R,0.9993,LPath
G650S,0.9891,LPath
G650T,0.9976,LPath
G650V,0.9949,LPath
G650W,0.9986,LPath
G650Y,0.9985,LPath
L651A,0.9877,LPath
L651C,0.9917,LPath
L651D,0.9997,LPath
L651E,0.9977,LPath
L651F,0.9483,LPath
L651G,0.9978,LPath
L651H,0.9976,LPath
L651I,0.3823,Amb
L651K,0.996,LPath
L651M,0.633,LPath
L651N,0.9967,LPath
L651P,0.9991,LPath
L651Q,0.9948,LPath
L651R,0.9916,LPath
L651S,0.9974,LPath
L651T,0.9869,LPath
L651V,0.7455,LPath
L651W,0.985,LPath
L651Y,0.9949,LPath
D652A,0.9868,LPath
D652C,0.9989,LPath
D652E,0.9896,LPath
D652F,0.9968,LPath
D652G,0.9867,LPath
D652H,0.9916,LPath
D652I,0.9969,LPath
D652K,0.9984,LPath
D652L,0.9924,LPath
D652M,0.999,LPath
D652N,0.9565,LPath
D652P,0.9983,LPath
D652Q,0.9962,LPath
D652R,0.9962,LPath
D652S,0.9649,LPath
D652T,0.9966,LPath
D652V,0.9894,LPath
D652W,0.9994,LPath
D652Y,0.9764,LPath
I653A,0.9862,LPath
I653C,0.9845,LPath
I653D,0.9992,LPath
I653E,0.9981,LPath
I653F,0.745,LPath
I653G,0.9984,LPath
I653H,0.996,LPath
I653K,0.9971,LPath
I653L,0.5556,Amb
I653M,0.5851,LPath
I653N,0.9854,LPath
I653P,0.9983,LPath
I653Q,0.9968,LPath
I653R,0.9949,LPath
I653S,0.983,LPath
I653T,0.9697,LPath
I653V,0.1711,LBen
I653W,0.9959,LPath
I653Y,0.9796,LPath
P654A,0.28,LBen
P654C,0.8281,LPath
P654D,0.8772,LPath
P654E,0.6553,LPath
P654F,0.9296,LPath
P654G,0.7156,LPath
P654H,0.5762,LPath
P654I,0.84,LPath
P654K,0.6316,LPath
P654L,0.402,Amb
P654M,0.7821,LPath
P654N,0.8158,LPath
P654Q,0.3998,Amb
P654R,0.4317,Amb
P654S,0.3988,Amb
P654T,0.392,Amb
P654V,0.7026,LPath
P654W,0.9353,LPath
P654Y,0.9025,LPath
K655A,0.1155,LBen
K655C,0.306,LBen
K655D,0.1757,LBen
K655E,0.0746,LBen
K655F,0.4901,Amb
K655G,0.1126,LBen
K655H,0.1359,LBen
K655I,0.3474,Amb
K655L,0.192,LBen
K655M,0.1393,LBen
K655N,0.1248,LBen
K655P,0.6198,LPath
K655Q,0.082,LBen
K655R,0.0691,LBen
K655S,0.1222,LBen
K655T,0.0997,LBen
K655V,0.2421,LBen
K655W,0.496,Amb
K655Y,0.3238,LBen
V656A,0.9603,LPath
V656C,0.9849,LPath
V656D,0.997,LPath
V656E,0.9913,LPath
V656F,0.9613,LPath
V656G,0.9547,LPath
V656H,0.9987,LPath
V656I,0.1111,LBen
V656K,0.9955,LPath
V656L,0.8961,LPath
V656M,0.8598,LPath
V656N,0.9881,LPath
V656P,0.9917,LPath
V656Q,0.9936,LPath
V656R,0.9935,LPath
V656S,0.9747,LPath
V656T,0.929,LPath
V656W,0.9992,LPath
V656Y,0.995,LPath
Q657A,0.4228,Amb
Q657C,0.7864,LPath
Q657D,0.3313,LBen
Q657E,0.0736,LBen
Q657F,0.9323,LPath
Q657G,0.4313,Amb
Q657H,0.3797,Amb
Q657I,0.8089,LPath
Q657K,0.1587,LBen
Q657L,0.4238,Amb
Q657M,0.6311,LPath
Q657N,0.4038,Amb
Q657P,0.8161,LPath
Q657R,0.1774,LBen
Q657S,0.3868,Amb
Q657T,0.4302,Amb
Q657V,0.6488,LPath
Q657W,0.8222,LPath
Q657Y,0.7773,LPath
H658A,0.9667,LPath
H658C,0.6486,LPath
H658D,0.9441,LPath
H658E,0.9732,LPath
H658F,0.8741,LPath
H658G,0.9728,LPath
H658I,0.9466,LPath
H658K,0.9738,LPath
H658L,0.7677,LPath
H658M,0.9232,LPath
H658N,0.4835,Amb
H658P,0.9955,LPath
H658Q,0.8989,LPath
H658R,0.9351,LPath
H658S,0.8947,LPath
H658T,0.9333,LPath
H658V,0.9301,LPath
H658W,0.8494,LPath
H658Y,0.5196,Amb
V659A,0.9767,LPath
V659C,0.9841,LPath
V659D,0.9991,LPath
V659E,0.9976,LPath
V659F,0.9916,LPath
V659G,0.987,LPath
V659H,0.9995,LPath
V659I,0.167,LBen
V659K,0.9983,LPath
V659L,0.9679,LPath
V659M,0.9522,LPath
V659N,0.9952,LPath
V659P,0.9996,LPath
V659Q,0.9975,LPath
V659R,0.9966,LPath
V659S,0.9812,LPath
V659T,0.9377,LPath
V659W,0.9999,LPath
V659Y,0.9991,LPath
I660A,0.9413,LPath
I660C,0.9354,LPath
I660D,0.9996,LPath
I660E,0.9988,LPath
I660F,0.6306,LPath
I660G,0.9951,LPath
I660H,0.9968,LPath
I660K,0.9979,LPath
I660L,0.2396,LBen
I660M,0.3647,Amb
I660N,0.992,LPath
I660P,0.9987,LPath
I660Q,0.9968,LPath
I660R,0.996,LPath
I660S,0.9762,LPath
I660T,0.9549,LPath
I660V,0.131,LBen
I660W,0.9924,LPath
I660Y,0.9747,LPath
H661A,0.9928,LPath
H661C,0.8438,LPath
H661D,0.9934,LPath
H661E,0.9955,LPath
H661F,0.9757,LPath
H661G,0.995,LPath
H661I,0.9915,LPath
H661K,0.9983,LPath
H661L,0.9334,LPath
H661M,0.9921,LPath
H661N,0.8702,LPath
H661P,0.9893,LPath
H661Q,0.9778,LPath
H661R,0.9912,LPath
H661S,0.9621,LPath
H661T,0.9934,LPath
H661V,0.9927,LPath
H661W,0.9757,LPath
H661Y,0.9281,LPath
Y662A,0.9956,LPath
Y662C,0.8533,LPath
Y662D,0.9964,LPath
Y662E,0.9991,LPath
Y662F,0.1596,LBen
Y662G,0.9892,LPath
Y662H,0.9675,LPath
Y662I,0.9793,LPath
Y662K,0.9991,LPath
Y662L,0.9484,LPath
Y662M,0.986,LPath
Y662N,0.9821,LPath
Y662P,0.9988,LPath
Y662Q,0.9982,LPath
Y662R,0.9966,LPath
Y662S,0.9789,LPath
Y662T,0.995,LPath
Y662V,0.9615,LPath
Y662W,0.8026,LPath
Q663A,0.7344,LPath
Q663C,0.9736,LPath
Q663D,0.9128,LPath
Q663E,0.3456,Amb
Q663F,0.9862,LPath
Q663G,0.8402,LPath
Q663H,0.7924,LPath
Q663I,0.9674,LPath
Q663K,0.8748,LPath
Q663L,0.8298,LPath
Q663M,0.8229,LPath
Q663N,0.691,LPath
Q663P,0.9892,LPath
Q663R,0.8692,LPath
Q663S,0.6044,LPath
Q663T,0.8138,LPath
Q663V,0.9231,LPath
Q663W,0.993,LPath
Q663Y,0.9836,LPath
V664A,0.8075,LPath
V664C,0.9325,LPath
V664D,0.9972,LPath
V664E,0.992,LPath
V664F,0.8481,LPath
V664G,0.8992,LPath
V664H,0.9967,LPath
V664I,0.1234,LBen
V664K,0.9959,LPath
V664L,0.6035,LPath
V664M,0.6063,LPath
V664N,0.9737,LPath
V664P,0.9672,LPath
V664Q,0.9907,LPath
V664R,0.9937,LPath
V664S,0.9048,LPath
V664T,0.7637,LPath
V664W,0.9977,LPath
V664Y,0.9884,LPath
P665A,0.8461,LPath
P665C,0.9897,LPath
P665D,0.9995,LPath
P665E,0.9986,LPath
P665F,0.9996,LPath
P665G,0.9905,LPath
P665H,0.998,LPath
P665I,0.9982,LPath
P665K,0.9996,LPath
P665L,0.9798,LPath
P665M,0.9978,LPath
P665N,0.9991,LPath
P665Q,0.9971,LPath
P665R,0.9979,LPath
P665S,0.9684,LPath
P665T,0.9845,LPath
P665V,0.9929,LPath
P665W,0.9998,LPath
P665Y,0.9997,LPath
R666A,0.9196,LPath
R666C,0.5609,Amb
R666D,0.9843,LPath
R666E,0.9267,LPath
R666F,0.9416,LPath
R666G,0.8212,LPath
R666H,0.3434,Amb
R666I,0.8873,LPath
R666K,0.2402,LBen
R666L,0.8156,LPath
R666M,0.8856,LPath
R666N,0.9597,LPath
R666P,0.9539,LPath
R666Q,0.3679,Amb
R666S,0.9464,LPath
R666T,0.9199,LPath
R666V,0.8833,LPath
R666W,0.6052,LPath
R666Y,0.8328,LPath
T667A,0.3928,Amb
T667C,0.846,LPath
T667D,0.8767,LPath
T667E,0.9086,LPath
T667F,0.7676,LPath
T667G,0.6607,LPath
T667H,0.6695,LPath
T667I,0.8276,LPath
T667K,0.783,LPath
T667L,0.52,Amb
T667M,0.3005,LBen
T667N,0.3621,Amb
T667P,0.8873,LPath
T667Q,0.7582,LPath
T667R,0.7382,LPath
T667S,0.2316,LBen
T667V,0.6817,LPath
T667W,0.9539,LPath
T667Y,0.8029,LPath
S668A,0.0775,LBen
S668C,0.1585,LBen
S668D,0.958,LPath
S668E,0.9612,LPath
S668F,0.7695,LPath
S668G,0.1673,LBen
S668H,0.932,LPath
S668I,0.533,Amb
S668K,0.989,LPath
S668L,0.3249,LBen
S668M,0.4514,Amb
S668N,0.6903,LPath
S668P,0.4522,Amb
S668Q,0.9454,LPath
S668R,0.9777,LPath
S668T,0.1142,LBen
S668V,0.3741,Amb
S668W,0.8758,LPath
S668Y,0.805,LPath
E669A,0.8773,LPath
E669C,0.9968,LPath
E669D,0.674,LPath
E669F,0.9981,LPath
E669G,0.8496,LPath
E669H,0.9897,LPath
E669I,0.9925,LPath
E669K,0.9228,LPath
E669L,0.989,LPath
E669M,0.9886,LPath
E669N,0.9591,LPath
E669P,0.9928,LPath
E669Q,0.8597,LPath
E669R,0.9574,LPath
E669S,0.8914,LPath
E669T,0.9689,LPath
E669V,0.9717,LPath
E669W,0.9992,LPath
E669Y,0.9951,LPath
I670A,0.4647,Amb
I670C,0.793,LPath
I670D,0.9314,LPath
I670E,0.9164,LPath
I670F,0.4299,Amb
I670G,0.6618,LPath
I670H,0.8486,LPath
I670K,0.8895,LPath
I670L,0.1237,LBen
I670M,0.1113,LBen
I670N,0.2886,LBen
I670P,0.9768,LPath
I670Q,0.8109,LPath
I670R,0.8557,LPath
I670S,0.3555,Amb
I670T,0.1995,LBen
I670V,0.0988,LBen
I670W,0.9451,LPath
I670Y,0.7972,LPath
Y671A,0.9818,LPath
Y671C,0.8211,LPath
Y671D,0.9937,LPath
Y671E,0.9985,LPath
Y671F,0.2671,LBen
Y671G,0.9785,LPath
Y671H,0.9673,LPath
Y671I,0.9701,LPath
Y671K,0.9989,LPath
Y671L,0.8881,LPath
Y671M,0.9718,LPath
Y671N,0.9764,LPath
Y671P,0.9971,LPath
Y671Q,0.9976,LPath
Y671R,0.9945,LPath
Y671S,0.9502,LPath
Y671T,0.987,LPath
Y671V,0.9291,LPath
Y671W,0.8186,LPath
V672A,0.944,LPath
V672C,0.9719,LPath
V672D,0.9978,LPath
V672E,0.9915,LPath
V672F,0.8354,LPath
V672G,0.9695,LPath
V672H,0.9947,LPath
V672I,0.0667,LBen
V672K,0.9898,LPath
V672L,0.6814,LPath
V672M,0.719,LPath
V672N,0.9857,LPath
V672P,0.9927,LPath
V672Q,0.9869,LPath
V672R,0.9777,LPath
V672S,0.9653,LPath
V672T,0.898,LPath
V672W,0.9954,LPath
V672Y,0.9845,LPath
H673A,0.9983,LPath
H673C,0.9825,LPath
H673D,0.9986,LPath
H673E,0.9987,LPath
H673F,0.9814,LPath
H673G,0.9982,LPath
H673I,0.9981,LPath
H673K,0.9969,LPath
H673L,0.9768,LPath
H673M,0.9979,LPath
H673N,0.9911,LPath
H673P,0.9819,LPath
H673Q,0.9939,LPath
H673R,0.9906,LPath
H673S,0.9956,LPath
H673T,0.9992,LPath
H673V,0.9985,LPath
H673W,0.9572,LPath
H673Y,0.9688,LPath
R674A,0.9989,LPath
R674C,0.9591,LPath
R674D,0.9998,LPath
R674E,0.9974,LPath
R674F,0.9998,LPath
R674G,0.9976,LPath
R674H,0.9834,LPath
R674I,0.9984,LPath
R674K,0.9887,LPath
R674L,0.9938,LPath
R674M,0.9996,LPath
R674N,0.9996,LPath
R674P,0.9994,LPath
R674Q,0.9868,LPath
R674S,0.9989,LPath
R674T,0.9993,LPath
R674V,0.9985,LPath
R674W,0.9922,LPath
R674Y,0.9984,LPath
S675A,0.3477,Amb
S675C,0.2162,LBen
S675D,0.9923,LPath
S675E,0.9918,LPath
S675F,0.9725,LPath
S675G,0.5711,LPath
S675H,0.9706,LPath
S675I,0.8598,LPath
S675K,0.9982,LPath
S675L,0.6289,LPath
S675M,0.7541,LPath
S675N,0.7811,LPath
S675P,0.9976,LPath
S675Q,0.9811,LPath
S675R,0.9938,LPath
S675T,0.4798,Amb
S675V,0.8016,LPath
S675W,0.978,LPath
S675Y,0.956,LPath
G676A,0.9727,LPath
G676C,0.9917,LPath
G676D,0.9985,LPath
G676E,0.9978,LPath
G676F,0.9989,LPath
G676H,0.9994,LPath
G676I,0.9966,LPath
G676K,0.9987,LPath
G676L,0.9964,LPath
G676M,0.9986,LPath
G676N,0.9984,LPath
G676P,0.9998,LPath
G676Q,0.9979,LPath
G676R,0.9946,LPath
G676S,0.956,LPath
G676T,0.9927,LPath
G676V,0.9918,LPath
G676W,0.9971,LPath
G676Y,0.9988,LPath
R677A,0.999,LPath
R677C,0.9798,LPath
R677D,0.9998,LPath
R677E,0.9942,LPath
R677F,0.9987,LPath
R677G,0.9989,LPath
R677H,0.991,LPath
R677I,0.9937,LPath
R677K,0.9734,LPath
R677L,0.9912,LPath
R677M,0.9982,LPath
R677N,0.9992,LPath
R677P,0.9994,LPath
R677Q,0.9826,LPath
R677S,0.9995,LPath
R677T,0.9994,LPath
R677V,0.9961,LPath
R677W,0.9904,LPath
R677Y,0.9974,LPath
T678A,0.8988,LPath
T678C,0.9658,LPath
T678D,0.9987,LPath
T678E,0.9978,LPath
T678F,0.9971,LPath
T678G,0.9625,LPath
T678H,0.9945,LPath
T678I,0.9893,LPath
T678K,0.9934,LPath
T678L,0.9424,LPath
T678M,0.8508,LPath
T678N,0.9807,LPath
T678P,0.9848,LPath
T678Q,0.9939,LPath
T678R,0.9918,LPath
T678S,0.8358,LPath
T678V,0.947,LPath
T678W,0.9994,LPath
T678Y,0.9974,LPath
A679C,0.9715,LPath
A679D,0.9987,LPath
A679E,0.9978,LPath
A679F,0.994,LPath
A679G,0.5466,Amb
A679H,0.9982,LPath
A679I,0.9982,LPath
A679K,0.9987,LPath
A679L,0.9681,LPath
A679M,0.9885,LPath
A679N,0.9954,LPath
A679P,0.9973,LPath
A679Q,0.9915,LPath
A679R,0.9892,LPath
A679S,0.562,Amb
A679T,0.975,LPath
A679V,0.9881,LPath
A679W,0.9994,LPath
A679Y,0.997,LPath
R680A,0.995,LPath
R680C,0.967,LPath
R680D,0.9989,LPath
R680E,0.9897,LPath
R680F,0.998,LPath
R680G,0.9891,LPath
R680H,0.9729,LPath
R680I,0.9952,LPath
R680K,0.9505,LPath
R680L,0.9794,LPath
R680M,0.9967,LPath
R680N,0.9987,LPath
R680P,0.9967,LPath
R680Q,0.9552,LPath
R680S,0.9966,LPath
R680T,0.9969,LPath
R680V,0.9927,LPath
R680W,0.9531,LPath
R680Y,0.9946,LPath
A681C,0.8614,LPath
A681D,0.8816,LPath
A681E,0.7922,LPath
A681F,0.7396,LPath
A681G,0.2289,LBen
A681H,0.8859,LPath
A681I,0.8511,LPath
A681K,0.8846,LPath
A681L,0.6085,LPath
A681M,0.5647,LPath
A681N,0.7435,LPath
A681P,0.9855,LPath
A681Q,0.6327,LPath
A681R,0.8067,LPath
A681S,0.1907,LBen
A681T,0.5165,Amb
A681V,0.5788,LPath
A681W,0.9744,LPath
A681Y,0.8924,LPath
T682A,0.0539,LBen
T682C,0.2718,LBen
T682D,0.2909,LBen
T682E,0.2106,LBen
T682F,0.2628,LBen
T682G,0.1219,LBen
T682H,0.2366,LBen
T682I,0.2247,LBen
T682K,0.1609,LBen
T682L,0.1123,LBen
T682M,0.0836,LBen
T682N,0.1099,LBen
T682P,0.3025,LBen
T682Q,0.1648,LBen
T682R,0.127,LBen
T682S,0.0844,LBen
T682V,0.1433,LBen
T682W,0.5409,Amb
T682Y,0.3083,LBen
N683A,0.0832,LBen
N683C,0.0868,LBen
N683D,0.0931,LBen
N683E,0.1579,LBen
N683F,0.326,LBen
N683G,0.1123,LBen
N683H,0.0715,LBen
N683I,0.1453,LBen
N683K,0.1128,LBen
N683L,0.133,LBen
N683M,0.1556,LBen
N683P,0.7226,LPath
N683Q,0.1252,LBen
N683R,0.1079,LBen
N683S,0.0497,LBen
N683T,0.0687,LBen
N683V,0.1265,LBen
N683W,0.4145,Amb
N683Y,0.1128,LBen
E684A,0.1266,LBen
E684C,0.682,LPath
E684D,0.1341,LBen
E684F,0.7124,LPath
E684G,0.1457,LBen
E684H,0.333,LBen
E684I,0.3563,Amb
E684K,0.0808,LBen
E684L,0.3598,Amb
E684M,0.3989,Amb
E684N,0.2189,LBen
E684P,0.4957,Amb
E684Q,0.1093,LBen
E684R,0.153,LBen
E684S,0.1648,LBen
E684T,0.1802,LBen
E684V,0.2136,LBen
E684W,0.8304,LPath
E684Y,0.5359,Amb
G685A,0.9556,LPath
G685C,0.9909,LPath
G685D,0.996,LPath
G685E,0.9962,LPath
G685F,0.9984,LPath
G685H,0.9992,LPath
G685I,0.9958,LPath
G685K,0.9985,LPath
G685L,0.998,LPath
G685M,0.9983,LPath
G685N,0.9972,LPath
G685P,0.9996,LPath
G685Q,0.9987,LPath
G685R,0.9976,LPath
G685S,0.9683,LPath
G685T,0.9925,LPath
G685V,0.9913,LPath
G685W,0.9976,LPath
G685Y,0.9972,LPath
L686A,0.8877,LPath
L686C,0.7465,LPath
L686D,0.9974,LPath
L686E,0.9813,LPath
L686F,0.3192,LBen
L686G,0.98,LPath
L686H,0.9286,LPath
L686I,0.1183,LBen
L686K,0.9628,LPath
L686M,0.2299,LBen
L686N,0.975,LPath
L686P,0.9965,LPath
L686Q,0.9176,LPath
L686R,0.9245,LPath
L686S,0.9525,LPath
L686T,0.8851,LPath
L686V,0.1711,LBen
L686W,0.8103,LPath
L686Y,0.8336,LPath
S687A,0.1222,LBen
S687C,0.118,LBen
S687D,0.9872,LPath
S687E,0.9897,LPath
S687F,0.9467,LPath
S687G,0.3172,LBen
S687H,0.9782,LPath
S687I,0.8263,LPath
S687K,0.9987,LPath
S687L,0.5008,Amb
S687M,0.7197,LPath
S687N,0.8772,LPath
S687P,0.9872,LPath
S687Q,0.9835,LPath
S687R,0.9966,LPath
S687T,0.1243,LBen
S687V,0.6141,LPath
S687W,0.9858,LPath
S687Y,0.9574,LPath
L688A,0.8403,LPath
L688C,0.7176,LPath
L688D,0.9995,LPath
L688E,0.9941,LPath
L688F,0.4263,Amb
L688G,0.9808,LPath
L688H,0.9811,LPath
L688I,0.1159,LBen
L688K,0.9924,LPath
L688M,0.1636,LBen
L688N,0.994,LPath
L688P,0.9971,LPath
L688Q,0.9683,LPath
L688R,0.9832,LPath
L688S,0.9683,LPath
L688T,0.8833,LPath
L688V,0.0871,LBen
L688W,0.9338,LPath
L688Y,0.9466,LPath
M689A,0.6914,LPath
M689C,0.7997,LPath
M689D,0.9944,LPath
M689E,0.9599,LPath
M689F,0.6269,LPath
M689G,0.9275,LPath
M689H,0.9452,LPath
M689I,0.4036,Amb
M689K,0.9187,LPath
M689L,0.082,LBen
M689N,0.9076,LPath
M689P,0.9931,LPath
M689Q,0.8164,LPath
M689R,0.9346,LPath
M689S,0.7798,LPath
M689T,0.5257,Amb
M689V,0.1439,LBen
M689W,0.9471,LPath
M689Y,0.9239,LPath
L690A,0.9652,LPath
L690C,0.9109,LPath
L690D,0.9995,LPath
L690E,0.9977,LPath
L690F,0.2569,LBen
L690G,0.9945,LPath
L690H,0.9893,LPath
L690I,0.1539,LBen
L690K,0.9961,LPath
L690M,0.1637,LBen
L690N,0.9956,LPath
L690P,0.9947,LPath
L690Q,0.987,LPath
L690R,0.9927,LPath
L690S,0.9938,LPath
L690T,0.9799,LPath
L690V,0.2936,LBen
L690W,0.913,LPath
L690Y,0.9235,LPath
I691A,0.3218,LBen
I691C,0.7348,LPath
I691D,0.9869,LPath
I691E,0.9605,LPath
I691F,0.4899,Amb
I691G,0.8991,LPath
I691H,0.9598,LPath
I691K,0.9521,LPath
I691L,0.2121,LBen
I691M,0.1537,LBen
I691N,0.8723,LPath
I691P,0.9627,LPath
I691Q,0.9278,LPath
I691R,0.9023,LPath
I691S,0.564,Amb
I691T,0.1256,LBen
I691V,0.0553,LBen
I691W,0.9646,LPath
I691Y,0.9145,LPath
G692A,0.2309,LBen
G692C,0.3426,Amb
G692D,0.8394,LPath
G692E,0.8592,LPath
G692F,0.9538,LPath
G692H,0.8978,LPath
G692I,0.9209,LPath
G692K,0.9779,LPath
G692L,0.9037,LPath
G692M,0.9225,LPath
G692N,0.8037,LPath
G692P,0.9906,LPath
G692Q,0.8962,LPath
G692R,0.9362,LPath
G692S,0.1424,LBen
G692T,0.5786,LPath
G692V,0.8348,LPath
G692W,0.9375,LPath
G692Y,0.9321,LPath
P693A,0.2024,LBen
P693C,0.7811,LPath
P693D,0.8371,LPath
P693E,0.6361,LPath
P693F,0.8728,LPath
P693G,0.6469,LPath
P693H,0.4622,Amb
P693I,0.705,LPath
P693K,0.6074,LPath
P693L,0.376,Amb
P693M,0.614,LPath
P693N,0.6794,LPath
P693Q,0.3793,Amb
P693R,0.4259,Amb
P693S,0.3103,LBen
P693T,0.2806,LBen
P693V,0.5413,Amb
P693W,0.9055,LPath
P693Y,0.839,LPath
E694A,0.1776,LBen
E694C,0.8331,LPath
E694D,0.0822,LBen
E694F,0.8395,LPath
E694G,0.1496,LBen
E694H,0.5257,Amb
E694I,0.539,Amb
E694K,0.2211,LBen
E694L,0.4947,Amb
E694M,0.5686,LPath
E694N,0.2004,LBen
E694P,0.7453,LPath
E694Q,0.1827,LBen
E694R,0.387,Amb
E694S,0.168,LBen
E694T,0.2603,LBen
E694V,0.3247,LBen
E694W,0.9218,LPath
E694Y,0.694,LPath
D695A,0.9164,LPath
D695C,0.9635,LPath
D695E,0.5704,LPath
D695F,0.9935,LPath
D695G,0.8731,LPath
D695H,0.9695,LPath
D695I,0.9895,LPath
D695K,0.9889,LPath
D695L,0.9893,LPath
D695M,0.9917,LPath
D695N,0.7577,LPath
D695P,0.9991,LPath
D695Q,0.9765,LPath
D695R,0.9915,LPath
D695S,0.8621,LPath
D695T,0.9621,LPath
D695V,0.9565,LPath
D695W,0.9982,LPath
D695Y,0.9188,LPath
V696A,0.1777,LBen
V696C,0.5865,LPath
V696D,0.5279,Amb
V696E,0.3685,Amb
V696F,0.155,LBen
V696G,0.2036,LBen
V696H,0.5352,Amb
V696I,0.0766,LBen
V696K,0.3379,LBen
V696L,0.1404,LBen
V696M,0.0714,LBen
V696N,0.2682,LBen
V696P,0.9079,LPath
V696Q,0.3127,LBen
V696R,0.2992,LBen
V696S,0.217,LBen
V696T,0.1612,LBen
V696W,0.6697,LPath
V696Y,0.4418,Amb
I697A,0.1146,LBen
I697C,0.3144,LBen
I697D,0.4162,Amb
I697E,0.3751,Amb
I697F,0.0863,LBen
I697G,0.1803,LBen
I697H,0.2464,LBen
I697K,0.2249,LBen
I697L,0.0751,LBen
I697M,0.0642,LBen
I697N,0.11,LBen
I697P,0.2274,LBen
I697Q,0.2054,LBen
I697R,0.1714,LBen
I697S,0.1158,LBen
I697T,0.088,LBen
I697V,0.061,LBen
I697W,0.4412,Amb
I697Y,0.2388,LBen
N698A,0.1865,LBen
N698C,0.1665,LBen
N698D,0.3733,Amb
N698E,0.7193,LPath
N698F,0.3186,LBen
N698G,0.2348,LBen
N698H,0.0868,LBen
N698I,0.1922,LBen
N698K,0.5916,LPath
N698L,0.1746,LBen
N698M,0.338,LBen
N698P,0.4801,Amb
N698Q,0.4121,Amb
N698R,0.5292,Amb
N698S,0.0751,LBen
N698T,0.1441,LBen
N698V,0.2044,LBen
N698W,0.6816,LPath
N698Y,0.0953,LBen
F699A,0.7635,LPath
F699C,0.3845,Amb
F699D,0.9793,LPath
F699E,0.9672,LPath
F699G,0.9171,LPath
F699H,0.7933,LPath
F699I,0.3246,LBen
F699K,0.9726,LPath
F699L,0.7963,LPath
F699M,0.5686,LPath
F699N,0.9039,LPath
F699P,0.9984,LPath
F699Q,0.9177,LPath
F699R,0.9298,LPath
F699S,0.7234,LPath
F699T,0.7914,LPath
F699V,0.311,LBen
F699W,0.5424,Amb
F699Y,0.1513,LBen
K700A,0.8134,LPath
K700C,0.7688,LPath
K700D,0.9587,LPath
K700E,0.5972,LPath
K700F,0.9485,LPath
K700G,0.7594,LPath
K700H,0.4853,Amb
K700I,0.7715,LPath
K700L,0.7221,LPath
K700M,0.5976,LPath
K700N,0.8691,LPath
K700P,0.9698,LPath
K700Q,0.1893,LBen
K700R,0.0644,LBen
K700S,0.8163,LPath
K700T,0.5967,LPath
K700V,0.742,LPath
K700W,0.8034,LPath
K700Y,0.8371,LPath
K701A,0.7446,LPath
K701C,0.8311,LPath
K701D,0.8974,LPath
K701E,0.6448,LPath
K701F,0.9333,LPath
K701G,0.7485,LPath
K701H,0.449,Amb
K701I,0.7156,LPath
K701L,0.6574,LPath
K701M,0.4867,Amb
K701N,0.6381,LPath
K701P,0.9781,LPath
K701Q,0.2763,LBen
K701R,0.0779,LBen
K701S,0.7777,LPath
K701T,0.5464,Amb
K701V,0.697,LPath
K701W,0.8375,LPath
K701Y,0.7458,LPath
I702A,0.9302,LPath
I702C,0.9484,LPath
I702D,0.9974,LPath
I702E,0.9935,LPath
I702F,0.7075,LPath
I702G,0.986,LPath
I702H,0.9865,LPath
I702K,0.9881,LPath
I702L,0.1955,LBen
I702M,0.2529,LBen
I702N,0.9147,LPath
I702P,0.9953,LPath
I702Q,0.9828,LPath
I702R,0.9787,LPath
I702S,0.9389,LPath
I702T,0.8825,LPath
I702V,0.2105,LBen
I702W,0.9892,LPath
I702Y,0.9537,LPath
Y703A,0.3381,LBen
Y703C,0.0634,LBen
Y703D,0.4623,Amb
Y703E,0.6087,LPath
Y703F,0.1047,LBen
Y703G,0.3009,LBen
Y703H,0.1594,LBen
Y703I,0.4084,Amb
Y703K,0.5477,Amb
Y703L,0.3437,Amb
Y703M,0.442,Amb
Y703N,0.1793,LBen
Y703P,0.9465,LPath
Y703Q,0.3081,LBen
Y703R,0.3403,Amb
Y703S,0.1275,LBen
Y703T,0.2941,LBen
Y703V,0.3094,LBen
Y703W,0.353,Amb
K704A,0.4074,Amb
K704C,0.5813,LPath
K704D,0.7331,LPath
K704E,0.3075,LBen
K704F,0.7717,LPath
K704G,0.4409,Amb
K704H,0.2458,LBen
K704I,0.4899,Amb
K704L,0.4174,Amb
K704M,0.3223,LBen
K704N,0.528,Amb
K704P,0.9346,LPath
K704Q,0.1319,LBen
K704R,0.066,LBen
K704S,0.4669,Amb
K704T,0.2654,LBen
K704V,0.4386,Amb
K704W,0.632,LPath
K704Y,0.5609,Amb
T705A,0.1617,LBen
T705C,0.6602,LPath
T705D,0.6766,LPath
T705E,0.6906,LPath
T705F,0.525,Amb
T705G,0.4332,Amb
T705H,0.498,Amb
T705I,0.4728,Amb
T705K,0.6375,LPath
T705L,0.2696,LBen
T705M,0.1302,LBen
T705N,0.1917,LBen
T705P,0.7982,LPath
T705Q,0.5441,Amb
T705R,0.5751,LPath
T705S,0.2007,LBen
T705V,0.3294,LBen
T705W,0.8729,LPath
T705Y,0.5346,Amb
L706A,0.8652,LPath
L706C,0.8877,LPath
L706D,0.9957,LPath
L706E,0.9613,LPath
L706F,0.4502,Amb
L706G,0.965,LPath
L706H,0.9263,LPath
L706I,0.2414,LBen
L706K,0.9494,LPath
L706M,0.2304,LBen
L706N,0.9646,LPath
L706P,0.9878,LPath
L706Q,0.837,LPath
L706R,0.884,LPath
L706S,0.9354,LPath
L706T,0.8459,LPath
L706V,0.2769,LBen
L706W,0.792,LPath
L706Y,0.9272,LPath
K707A,0.2098,LBen
K707C,0.3647,Amb
K707D,0.3064,LBen
K707E,0.0974,LBen
K707F,0.6493,LPath
K707G,0.1419,LBen
K707H,0.1678,LBen
K707I,0.4061,Amb
K707L,0.2468,LBen
K707M,0.185,LBen
K707N,0.1866,LBen
K707P,0.6417,LPath
K707Q,0.0771,LBen
K707R,0.0724,LBen
K707S,0.2126,LBen
K707T,0.1769,LBen
K707V,0.3312,LBen
K707W,0.578,LPath
K707Y,0.4519,Amb
K708A,0.7342,LPath
K708C,0.8914,LPath
K708D,0.8827,LPath
K708E,0.5407,Amb
K708F,0.951,LPath
K708G,0.7344,LPath
K708H,0.6096,LPath
K708I,0.7354,LPath
K708L,0.6626,LPath
K708M,0.5017,Amb
K708N,0.7881,LPath
K708P,0.9538,LPath
K708Q,0.3636,Amb
K708R,0.1068,LBen
K708S,0.8276,LPath
K708T,0.5608,Amb
K708V,0.7018,LPath
K708W,0.911,LPath
K708Y,0.8688,LPath
D709A,0.1086,LBen
D709C,0.3795,Amb
D709E,0.0874,LBen
D709F,0.4377,Amb
D709G,0.0901,LBen
D709H,0.1757,LBen
D709I,0.2305,LBen
D709K,0.1785,LBen
D709L,0.2732,LBen
D709M,0.3557,Amb
D709N,0.0749,LBen
D709P,0.4065,Amb
D709Q,0.1734,LBen
D709R,0.2194,LBen
D709S,0.0838,LBen
D709T,0.1196,LBen
D709V,0.1349,LBen
D709W,0.7054,LPath
D709Y,0.1698,LBen
E710A,0.1566,LBen
E710C,0.7483,LPath
E710D,0.1224,LBen
E710F,0.7435,LPath
E710G,0.1526,LBen
E710H,0.4215,Amb
E710I,0.3491,Amb
E710K,0.1114,LBen
E710L,0.4237,Amb
E710M,0.4081,Amb
E710N,0.2362,LBen
E710P,0.6895,LPath
E710Q,0.1526,LBen
E710R,0.2169,LBen
E710S,0.1893,LBen
E710T,0.1812,LBen
E710V,0.2168,LBen
E710W,0.8627,LPath
E710Y,0.5979,LPath
D711A,0.1673,LBen
D711C,0.5634,Amb
D711E,0.1316,LBen
D711F,0.5378,Amb
D711G,0.1703,LBen
D711H,0.362,Amb
D711I,0.3117,LBen
D711K,0.4455,Amb
D711L,0.4034,Amb
D711M,0.507,Amb
D711N,0.1094,LBen
D711P,0.6414,LPath
D711Q,0.3811,Amb
D711R,0.506,Amb
D711S,0.1483,LBen
D711T,0.2271,LBen
D711V,0.1827,LBen
D711W,0.8558,LPath
D711Y,0.2247,LBen
I712A,0.5761,LPath
I712C,0.7101,LPath
I712D,0.9047,LPath
I712E,0.8799,LPath
I712F,0.183,LBen
I712G,0.8345,LPath
I712H,0.7874,LPath
I712K,0.7869,LPath
I712L,0.082,LBen
I712M,0.1216,LBen
I712N,0.5858,LPath
I712P,0.7368,LPath
I712Q,0.805,LPath
I712R,0.7357,LPath
I712S,0.5839,LPath
I712T,0.4882,Amb
I712V,0.0833,LBen
I712W,0.841,LPath
I712Y,0.6207,LPath
P713A,0.1257,LBen
P713C,0.4396,Amb
P713D,0.4708,Amb
P713E,0.3261,LBen
P713F,0.5426,Amb
P713G,0.4677,Amb
P713H,0.2493,LBen
P713I,0.3588,Amb
P713K,0.3879,Amb
P713L,0.1483,LBen
P713M,0.3932,Amb
P713N,0.4455,Amb
P713Q,0.2247,LBen
P713R,0.2343,LBen
P713S,0.1763,LBen
P713T,0.1635,LBen
P713V,0.2617,LBen
P713W,0.6723,LPath
P713Y,0.4981,Amb
L714A,0.1374,LBen
L714C,0.268,LBen
L714D,0.2998,LBen
L714E,0.2025,LBen
L714F,0.0865,LBen
L714G,0.2948,LBen
L714H,0.1456,LBen
L714I,0.0749,LBen
L714K,0.2306,LBen
L714M,0.0867,LBen
L714N,0.1951,LBen
L714P,0.1306,LBen
L714Q,0.1171,LBen
L714R,0.1532,LBen
L714S,0.1318,LBen
L714T,0.1299,LBen
L714V,0.0656,LBen
L714W,0.1641,LBen
L714Y,0.1854,LBen
F715A,0.9891,LPath
F715C,0.9467,LPath
F715D,0.9978,LPath
F715E,0.9975,LPath
F715G,0.9945,LPath
F715H,0.9722,LPath
F715I,0.862,LPath
F715K,0.998,LPath
F715L,0.9625,LPath
F715M,0.9243,LPath
F715N,0.9929,LPath
F715P,0.9975,LPath
F715Q,0.9946,LPath
F715R,0.9952,LPath
F715S,0.9844,LPath
F715T,0.9934,LPath
F715V,0.9013,LPath
F715W,0.8548,LPath
F715Y,0.4973,Amb
P716A,0.3501,Amb
P716C,0.7706,LPath
P716D,0.796,LPath
P716E,0.6839,LPath
P716F,0.8943,LPath
P716G,0.8096,LPath
P716H,0.552,Amb
P716I,0.8056,LPath
P716K,0.7859,LPath
P716L,0.4478,Amb
P716M,0.7603,LPath
P716N,0.7942,LPath
P716Q,0.5787,LPath
P716R,0.5848,LPath
P716S,0.4748,Amb
P716T,0.4468,Amb
P716V,0.6522,LPath
P716W,0.9068,LPath
P716Y,0.8448,LPath
V717A,0.6228,LPath
V717C,0.8674,LPath
V717D,0.9555,LPath
V717E,0.8824,LPath
V717F,0.4157,Amb
V717G,0.7672,LPath
V717H,0.9581,LPath
V717I,0.0744,LBen
V717K,0.9175,LPath
V717L,0.3663,Amb
V717M,0.2925,LBen
V717N,0.8831,LPath
V717P,0.8972,LPath
V717Q,0.8757,LPath
V717R,0.8991,LPath
V717S,0.7565,LPath
V717T,0.4847,Amb
V717W,0.963,LPath
V717Y,0.8921,LPath
Q718A,0.2307,LBen
Q718C,0.5863,LPath
Q718D,0.2121,LBen
Q718E,0.057,LBen
Q718F,0.7379,LPath
Q718G,0.298,LBen
Q718H,0.2252,LBen
Q718I,0.4277,Amb
Q718K,0.1007,LBen
Q718L,0.1965,LBen
Q718M,0.3722,Amb
Q718N,0.2269,LBen
Q718P,0.1847,LBen
Q718R,0.1208,LBen
Q718S,0.2451,LBen
Q718T,0.2269,LBen
Q718V,0.2685,LBen
Q718W,0.5882,LPath
Q718Y,0.4933,Amb
T719A,0.0651,LBen
T719C,0.2092,LBen
T719D,0.1935,LBen
T719E,0.151,LBen
T719F,0.1681,LBen
T719G,0.1204,LBen
T719H,0.1525,LBen
T719I,0.1302,LBen
T719K,0.1308,LBen
T719L,0.0791,LBen
T719M,0.0715,LBen
T719N,0.0777,LBen
T719P,0.0711,LBen
T719Q,0.1336,LBen
T719R,0.1197,LBen
T719S,0.0754,LBen
T719V,0.1033,LBen
T719W,0.3261,LBen
T719Y,0.1648,LBen
K720A,0.2132,LBen
K720C,0.5758,LPath
K720D,0.3929,Amb
K720E,0.142,LBen
K720F,0.7567,LPath
K720G,0.2882,LBen
K720H,0.2677,LBen
K720I,0.3351,LBen
K720L,0.3695,Amb
K720M,0.2471,LBen
K720N,0.3313,LBen
K720P,0.473,Amb
K720Q,0.1214,LBen
K720R,0.078,LBen
K720S,0.2828,LBen
K720T,0.1537,LBen
K720V,0.2878,LBen
K720W,0.689,LPath
K720Y,0.5755,LPath
Y721A,0.4676,Amb
Y721C,0.1294,LBen
Y721D,0.3767,Amb
Y721E,0.6637,LPath
Y721F,0.0913,LBen
Y721G,0.4514,Amb
Y721H,0.2173,LBen
Y721I,0.3738,Amb
Y721K,0.6289,LPath
Y721L,0.4139,Amb
Y721M,0.4863,Amb
Y721N,0.2009,LBen
Y721P,0.8301,LPath
Y721Q,0.5054,Amb
Y721R,0.5237,Amb
Y721S,0.301,LBen
Y721T,0.4554,Amb
Y721V,0.3098,LBen
Y721W,0.3802,Amb
M722A,0.7592,LPath
M722C,0.8871,LPath
M722D,0.9793,LPath
M722E,0.8806,LPath
M722F,0.405,Amb
M722G,0.9066,LPath
M722H,0.8566,LPath
M722I,0.5853,LPath
M722K,0.5682,LPath
M722L,0.1588,LBen
M722N,0.9293,LPath
M722P,0.9673,LPath
M722Q,0.6834,LPath
M722R,0.5463,Amb
M722S,0.8553,LPath
M722T,0.5685,LPath
M722V,0.1663,LBen
M722W,0.6774,LPath
M722Y,0.7546,LPath
D723A,0.1062,LBen
D723C,0.5138,Amb
D723E,0.1161,LBen
D723F,0.585,LPath
D723G,0.1164,LBen
D723H,0.2168,LBen
D723I,0.3778,Amb
D723K,0.2746,LBen
D723L,0.364,Amb
D723M,0.4711,Amb
D723N,0.0957,LBen
D723P,0.4125,Amb
D723Q,0.2466,LBen
D723R,0.3095,LBen
D723S,0.1111,LBen
D723T,0.1661,LBen
D723V,0.1961,LBen
D723W,0.7925,LPath
D723Y,0.2511,LBen
V724A,0.0528,LBen
V724C,0.3425,Amb
V724D,0.128,LBen
V724E,0.1385,LBen
V724F,0.1213,LBen
V724G,0.0896,LBen
V724H,0.2338,LBen
V724I,0.0734,LBen
V724K,0.129,LBen
V724L,0.11,LBen
V724M,0.0857,LBen
V724N,0.114,LBen
V724P,0.2344,LBen
V724Q,0.157,LBen
V724R,0.125,LBen
V724S,0.0837,LBen
V724T,0.0709,LBen
V724W,0.4624,Amb
V724Y,0.2751,LBen
V725A,0.5776,LPath
V725C,0.8687,LPath
V725D,0.9901,LPath
V725E,0.971,LPath
V725F,0.6732,LPath
V725G,0.8242,LPath
V725H,0.9898,LPath
V725I,0.0837,LBen
V725K,0.9832,LPath
V725L,0.3862,Amb
V725M,0.4136,Amb
V725N,0.9635,LPath
V725P,0.9584,LPath
V725Q,0.9651,LPath
V725R,0.973,LPath
V725S,0.8476,LPath
V725T,0.6696,LPath
V725W,0.9859,LPath
V725Y,0.9685,LPath
K726A,0.6391,LPath
K726C,0.8149,LPath
K726D,0.9389,LPath
K726E,0.3817,Amb
K726F,0.9396,LPath
K726G,0.6968,LPath
K726H,0.5852,LPath
K726I,0.7663,LPath
K726L,0.6846,LPath
K726M,0.4377,Amb
K726N,0.8606,LPath
K726P,0.9778,LPath
K726Q,0.2138,LBen
K726R,0.0967,LBen
K726S,0.7637,LPath
K726T,0.4881,Amb
K726V,0.6947,LPath
K726W,0.8732,LPath
K726Y,0.8649,LPath
E727A,0.1544,LBen
E727C,0.8066,LPath
E727D,0.1606,LBen
E727F,0.8205,LPath
E727G,0.1213,LBen
E727H,0.4864,Amb
E727I,0.5063,Amb
E727K,0.1786,LBen
E727L,0.4418,Amb
E727M,0.4799,Amb
E727N,0.2839,LBen
E727P,0.7963,LPath
E727Q,0.1273,LBen
E727R,0.2885,LBen
E727S,0.2123,LBen
E727T,0.2465,LBen
E727V,0.282,LBen
E727W,0.8738,LPath
E727Y,0.6319,LPath
R728A,0.9644,LPath
R728C,0.6256,LPath
R728D,0.9888,LPath
R728E,0.8988,LPath
R728F,0.9893,LPath
R728G,0.9481,LPath
R728H,0.6221,LPath
R728I,0.877,LPath
R728K,0.5348,Amb
R728L,0.8757,LPath
R728M,0.919,LPath
R728N,0.9638,LPath
R728P,0.9924,LPath
R728Q,0.5038,Amb
R728S,0.9833,LPath
R728T,0.9282,LPath
R728V,0.8863,LPath
R728W,0.8019,LPath
R728Y,0.9224,LPath
I729A,0.8482,LPath
I729C,0.7998,LPath
I729D,0.9951,LPath
I729E,0.9816,LPath
I729F,0.4337,Amb
I729G,0.9528,LPath
I729H,0.9667,LPath
I729K,0.9674,LPath
I729L,0.1561,LBen
I729M,0.1326,LBen
I729N,0.8794,LPath
I729P,0.991,LPath
I729Q,0.9479,LPath
I729R,0.9525,LPath
I729S,0.8479,LPath
I729T,0.7899,LPath
I729V,0.1151,LBen
I729W,0.9569,LPath
I729Y,0.8851,LPath
R730A,0.171,LBen
R730C,0.0809,LBen
R730D,0.2793,LBen
R730E,0.1997,LBen
R730F,0.2097,LBen
R730G,0.1205,LBen
R730H,0.0645,LBen
R730I,0.1731,LBen
R730K,0.0986,LBen
R730L,0.1198,LBen
R730M,0.2011,LBen
R730N,0.2008,LBen
R730P,0.834,LPath
R730Q,0.0733,LBen
R730S,0.1742,LBen
R730T,0.1372,LBen
R730V,0.1805,LBen
R730W,0.1233,LBen
R730Y,0.1433,LBen
L731A,0.4251,Amb
L731C,0.5835,LPath
L731D,0.9427,LPath
L731E,0.7344,LPath
L731F,0.3203,LBen
L731G,0.8496,LPath
L731H,0.4772,Amb
L731I,0.1133,LBen
L731K,0.4088,Amb
L731M,0.1581,LBen
L731N,0.8139,LPath
L731P,0.9692,LPath
L731Q,0.3392,LBen
L731R,0.3249,LBen
L731S,0.68,LPath
L731T,0.3596,Amb
L731V,0.1066,LBen
L731W,0.4339,Amb
L731Y,0.5561,Amb
A732C,0.9145,LPath
A732D,0.9979,LPath
A732E,0.9968,LPath
A732F,0.9899,LPath
A732G,0.2014,LBen
A732H,0.9966,LPath
A732I,0.9838,LPath
A732K,0.9989,LPath
A732L,0.9287,LPath
A732M,0.9755,LPath
A732N,0.9951,LPath
A732P,0.9944,LPath
A732Q,0.9902,LPath
A732R,0.9951,LPath
A732S,0.3402,Amb
A732T,0.9075,LPath
A732V,0.9182,LPath
A732W,0.9981,LPath
A732Y,0.9946,LPath
R733A,0.8016,LPath
R733C,0.2281,LBen
R733D,0.9636,LPath
R733E,0.7464,LPath
R733F,0.8102,LPath
R733G,0.6031,LPath
R733H,0.1825,LBen
R733I,0.6654,LPath
R733K,0.1643,LBen
R733L,0.5403,Amb
R733M,0.6442,LPath
R733N,0.9045,LPath
R733P,0.9941,LPath
R733Q,0.1562,LBen
R733S,0.8455,LPath
R733T,0.7244,LPath
R733V,0.6778,LPath
R733W,0.2934,LBen
R733Y,0.6305,LPath
Q734A,0.2058,LBen
Q734C,0.5127,Amb
Q734D,0.3502,Amb
Q734E,0.0894,LBen
Q734F,0.6478,LPath
Q734G,0.3229,LBen
Q734H,0.2183,LBen
Q734I,0.3477,Amb
Q734K,0.0931,LBen
Q734L,0.1087,LBen
Q734M,0.2475,LBen
Q734N,0.295,LBen
Q734P,0.9228,LPath
Q734R,0.1174,LBen
Q734S,0.2782,LBen
Q734T,0.2289,LBen
Q734V,0.2484,LBen
Q734W,0.5491,Amb
Q734Y,0.4627,Amb
I735A,0.7576,LPath
I735C,0.9552,LPath
I735D,0.9972,LPath
I735E,0.9843,LPath
I735F,0.7889,LPath
I735G,0.9776,LPath
I735H,0.9869,LPath
I735K,0.9755,LPath
I735L,0.2532,LBen
I735M,0.2112,LBen
I735N,0.9603,LPath
I735P,0.9963,LPath
I735Q,0.9688,LPath
I735R,0.9519,LPath
I735S,0.9223,LPath
I735T,0.6929,LPath
I735V,0.1667,LBen
I735W,0.9661,LPath
I735Y,0.9486,LPath
E736A,0.8848,LPath
E736C,0.9916,LPath
E736D,0.805,LPath
E736F,0.9975,LPath
E736G,0.8409,LPath
E736H,0.9872,LPath
E736I,0.9851,LPath
E736K,0.9355,LPath
E736L,0.9768,LPath
E736M,0.981,LPath
E736N,0.9683,LPath
E736P,0.9982,LPath
E736Q,0.7359,LPath
E736R,0.9441,LPath
E736S,0.8995,LPath
E736T,0.9656,LPath
E736V,0.9485,LPath
E736W,0.9981,LPath
E736Y,0.9936,LPath
K737A,0.5184,Amb
K737C,0.801,LPath
K737D,0.8055,LPath
K737E,0.4428,Amb
K737F,0.8901,LPath
K737G,0.6649,LPath
K737H,0.4336,Amb
K737I,0.5143,Amb
K737L,0.5242,Amb
K737M,0.3428,Amb
K737N,0.6348,LPath
K737P,0.9857,LPath
K737Q,0.1974,LBen
K737R,0.1124,LBen
K737S,0.6574,LPath
K737T,0.3402,Amb
K737V,0.4704,Amb
K737W,0.8764,LPath
K737Y,0.7409,LPath
S738A,0.0428,LBen
S738C,0.1093,LBen
S738D,0.2785,LBen
S738E,0.2102,LBen
S738F,0.1895,LBen
S738G,0.1062,LBen
S738H,0.2687,LBen
S738I,0.1608,LBen
S738K,0.4642,Amb
S738L,0.1101,LBen
S738M,0.1125,LBen
S738N,0.1424,LBen
S738P,0.9589,LPath
S738Q,0.2478,LBen
S738R,0.416,Amb
S738T,0.0707,LBen
S738V,0.1097,LBen
S738W,0.2507,LBen
S738Y,0.1485,LBen
E739A,0.477,Amb
E739C,0.9705,LPath
E739D,0.5484,Amb
E739F,0.9691,LPath
E739G,0.6125,LPath
E739H,0.8741,LPath
E739I,0.838,LPath
E739K,0.6396,LPath
E739L,0.8356,LPath
E739M,0.8258,LPath
E739N,0.7435,LPath
E739P,0.9975,LPath
E739Q,0.3302,LBen
E739R,0.7458,LPath
E739S,0.5756,LPath
E739T,0.6575,LPath
E739V,0.6549,LPath
E739W,0.9918,LPath
E739Y,0.9448,LPath
Y740A,0.9423,LPath
Y740C,0.7374,LPath
Y740D,0.9381,LPath
Y740E,0.978,LPath
Y740F,0.2283,LBen
Y740G,0.9017,LPath
Y740H,0.7262,LPath
Y740I,0.9025,LPath
Y740K,0.9574,LPath
Y740L,0.8241,LPath
Y740M,0.8933,LPath
Y740N,0.7545,LPath
Y740P,0.9981,LPath
Y740Q,0.9422,LPath
Y740R,0.9231,LPath
Y740S,0.895,LPath
Y740T,0.959,LPath
Y740V,0.8513,LPath
Y740W,0.7556,LPath
R741A,0.4877,Amb
R741C,0.1689,LBen
R741D,0.796,LPath
R741E,0.4348,Amb
R741F,0.6027,LPath
R741G,0.3544,Amb
R741H,0.1114,LBen
R741I,0.3763,Amb
R741K,0.1172,LBen
R741L,0.2977,LBen
R741M,0.3743,Amb
R741N,0.6917,LPath
R741P,0.966,LPath
R741Q,0.093,LBen
R741S,0.6011,LPath
R741T,0.3998,Amb
R741V,0.4268,Amb
R741W,0.1889,LBen
R741Y,0.3929,Amb
N742A,0.4717,Amb
N742C,0.3902,Amb
N742D,0.3944,Amb
N742E,0.7345,LPath
N742F,0.7137,LPath
N742G,0.5137,Amb
N742H,0.1345,LBen
N742I,0.4067,Amb
N742K,0.6218,LPath
N742L,0.4363,Amb
N742M,0.5514,Amb
N742P,0.9828,LPath
N742Q,0.541,Amb
N742R,0.6009,LPath
N742S,0.1738,LBen
N742T,0.2935,LBen
N742V,0.4288,Amb
N742W,0.8702,LPath
N742Y,0.2158,LBen
F743A,0.7047,LPath
F743C,0.5484,Amb
F743D,0.9022,LPath
F743E,0.9116,LPath
F743G,0.8745,LPath
F743H,0.6152,LPath
F743I,0.3819,Amb
F743K,0.8871,LPath
F743L,0.8815,LPath
F743M,0.5928,LPath
F743N,0.6912,LPath
F743P,0.9987,LPath
F743Q,0.7598,LPath
F743R,0.7789,LPath
F743S,0.5615,Amb
F743T,0.6586,LPath
F743V,0.3863,Amb
F743W,0.6995,LPath
F743Y,0.1533,LBen
Q744A,0.5939,LPath
Q744C,0.8711,LPath
Q744D,0.9605,LPath
Q744E,0.2709,LBen
Q744F,0.9787,LPath
Q744G,0.7829,LPath
Q744H,0.6604,LPath
Q744I,0.8476,LPath
Q744K,0.2479,LBen
Q744L,0.3946,Amb
Q744M,0.6815,LPath
Q744N,0.7943,LPath
Q744P,0.9171,LPath
Q744R,0.2481,LBen
Q744S,0.6482,LPath
Q744T,0.6074,LPath
Q744V,0.634,LPath
Q744W,0.9533,LPath
Q744Y,0.9102,LPath
A745C,0.6221,LPath
A745D,0.4067,Amb
A745E,0.3177,LBen
A745F,0.4977,Amb
A745G,0.2705,LBen
A745H,0.5608,Amb
A745I,0.3974,Amb
A745K,0.5983,LPath
A745L,0.2736,LBen
A745M,0.2937,LBen
A745N,0.3298,LBen
A745P,0.9778,LPath
A745Q,0.3973,Amb
A745R,0.5195,Amb
A745S,0.1325,LBen
A745T,0.148,LBen
A745V,0.1858,LBen
A745W,0.8462,LPath
A745Y,0.5487,Amb
C746A,0.3234,LBen
C746D,0.6497,LPath
C746E,0.7389,LPath
C746F,0.1918,LBen
C746G,0.1501,LBen
C746H,0.3332,LBen
C746I,0.5071,Amb
C746K,0.615,LPath
C746L,0.4383,Amb
C746M,0.556,Amb
C746N,0.3251,LBen
C746P,0.9883,LPath
C746Q,0.4095,Amb
C746R,0.2687,LBen
C746S,0.1921,LBen
C746T,0.3696,Amb
C746V,0.3882,Amb
C746W,0.5454,Amb
C746Y,0.2752,LBen
L747A,0.4021,Amb
L747C,0.515,Amb
L747D,0.9441,LPath
L747E,0.6555,LPath
L747F,0.3017,LBen
L747G,0.7745,LPath
L747H,0.3441,Amb
L747I,0.1211,LBen
L747K,0.426,Amb
L747M,0.1219,LBen
L747N,0.6427,LPath
L747P,0.9438,LPath
L747Q,0.1853,LBen
L747R,0.2728,LBen
L747S,0.4497,Amb
L747T,0.4014,Amb
L747V,0.1162,LBen
L747W,0.4386,Amb
L747Y,0.5799,LPath
H748A,0.7757,LPath
H748C,0.5216,Amb
H748D,0.7234,LPath
H748E,0.6358,LPath
H748F,0.7739,LPath
H748G,0.7533,LPath
H748I,0.8874,LPath
H748K,0.5296,Amb
H748L,0.4843,Amb
H748M,0.8518,LPath
H748N,0.3427,Amb
H748P,0.8409,LPath
H748Q,0.3351,LBen
H748R,0.279,LBen
H748S,0.6272,LPath
H748T,0.7566,LPath
H748V,0.7907,LPath
H748W,0.7245,LPath
H748Y,0.2848,LBen
N749A,0.8112,LPath
N749C,0.7988,LPath
N749D,0.2172,LBen
N749E,0.8599,LPath
N749F,0.9616,LPath
N749G,0.7503,LPath
N749H,0.4217,Amb
N749I,0.8419,LPath
N749K,0.8768,LPath
N749L,0.7979,LPath
N749M,0.9025,LPath
N749P,0.9783,LPath
N749Q,0.8276,LPath
N749R,0.8094,LPath
N749S,0.2461,LBen
N749T,0.6039,LPath
N749V,0.8091,LPath
N749W,0.9774,LPath
N749Y,0.6498,LPath
S750A,0.1538,LBen
S750C,0.2821,LBen
S750D,0.7068,LPath
S750E,0.8286,LPath
S750F,0.6539,LPath
S750G,0.1857,LBen
S750H,0.5863,LPath
S750I,0.6996,LPath
S750K,0.876,LPath
S750L,0.2958,LBen
S750M,0.5166,Amb
S750N,0.3518,Amb
S750P,0.9711,LPath
S750Q,0.7216,LPath
S750R,0.83,LPath
S750T,0.1515,LBen
S750V,0.5949,LPath
S750W,0.7429,LPath
S750Y,0.4881,Amb
W751A,0.9651,LPath
W751C,0.984,LPath
W751D,0.9957,LPath
W751E,0.9948,LPath
W751F,0.658,LPath
W751G,0.9516,LPath
W751H,0.9819,LPath
W751I,0.9656,LPath
W751K,0.9959,LPath
W751L,0.9199,LPath
W751M,0.9587,LPath
W751N,0.9949,LPath
W751P,0.9975,LPath
W751Q,0.9944,LPath
W751R,0.9901,LPath
W751S,0.9561,LPath
W751T,0.9723,LPath
W751V,0.9321,LPath
W751Y,0.8963,LPath
I752A,0.6665,LPath
I752C,0.8825,LPath
I752D,0.9857,LPath
I752E,0.9087,LPath
I752F,0.2548,LBen
I752G,0.9455,LPath
I752H,0.9026,LPath
I752K,0.7636,LPath
I752L,0.0835,LBen
I752M,0.071,LBen
I752N,0.8944,LPath
I752P,0.9772,LPath
I752Q,0.7925,LPath
I752R,0.6789,LPath
I752S,0.8733,LPath
I752T,0.6443,LPath
I752V,0.1271,LBen
I752W,0.7645,LPath
I752Y,0.7025,LPath
E753A,0.3298,LBen
E753C,0.918,LPath
E753D,0.6151,LPath
E753F,0.9293,LPath
E753G,0.4573,Amb
E753H,0.7082,LPath
E753I,0.6427,LPath
E753K,0.238,LBen
E753L,0.5654,LPath
E753M,0.6552,LPath
E753N,0.699,LPath
E753P,0.9819,LPath
E753Q,0.151,LBen
E753R,0.3276,LBen
E753S,0.4686,Amb
E753T,0.5118,Amb
E753V,0.4339,Amb
E753W,0.9733,LPath
E753Y,0.8754,LPath
Q754A,0.373,Amb
Q754C,0.8989,LPath
Q754D,0.5788,LPath
Q754E,0.1146,LBen
Q754F,0.9618,LPath
Q754G,0.4745,Amb
Q754H,0.4403,Amb
Q754I,0.8375,LPath
Q754K,0.0971,LBen
Q754L,0.4151,Amb
Q754M,0.6165,LPath
Q754N,0.4184,Amb
Q754P,0.9103,LPath
Q754R,0.1561,LBen
Q754S,0.4788,Amb
Q754T,0.4066,Amb
Q754V,0.6393,LPath
Q754W,0.9138,LPath
Q754Y,0.8349,LPath
A755C,0.7548,LPath
A755D,0.983,LPath
A755E,0.8718,LPath
A755F,0.8228,LPath
A755G,0.7273,LPath
A755H,0.8931,LPath
A755I,0.7341,LPath
A755K,0.9583,LPath
A755L,0.5079,Amb
A755M,0.3808,Amb
A755N,0.8377,LPath
A755P,0.9972,LPath
A755Q,0.7401,LPath
A755R,0.9348,LPath
A755S,0.362,Amb
A755T,0.3894,Amb
A755V,0.361,Amb
A755W,0.9678,LPath
A755Y,0.9034,LPath
A756C,0.8532,LPath
A756D,0.9943,LPath
A756E,0.9659,LPath
A756F,0.9573,LPath
A756G,0.711,LPath
A756H,0.9799,LPath
A756I,0.9347,LPath
A756K,0.9704,LPath
A756L,0.7979,LPath
A756M,0.8055,LPath
A756N,0.9836,LPath
A756P,0.996,LPath
A756Q,0.9077,LPath
A756R,0.9273,LPath
A756S,0.4207,Amb
A756T,0.7876,LPath
A756V,0.6773,LPath
A756W,0.9909,LPath
A756Y,0.9724,LPath
A757C,0.5694,LPath
A757D,0.2726,LBen
A757E,0.1575,LBen
A757F,0.5042,Amb
A757G,0.2604,LBen
A757H,0.4409,Amb
A757I,0.3548,Amb
A757K,0.282,LBen
A757L,0.2234,LBen
A757M,0.2516,LBen
A757N,0.2738,LBen
A757P,0.9476,LPath
A757Q,0.2308,LBen
A757R,0.2953,LBen
A757S,0.1227,LBen
A757T,0.1113,LBen
A757V,0.169,LBen
A757W,0.825,LPath
A757Y,0.5638,Amb
A758C,0.7371,LPath
A758D,0.294,LBen
A758E,0.3316,LBen
A758F,0.6534,LPath
A758G,0.4137,Amb
A758H,0.6902,LPath
A758I,0.6344,LPath
A758K,0.7317,LPath
A758L,0.3899,Amb
A758M,0.403,Amb
A758N,0.4155,Amb
A758P,0.9614,LPath
A758Q,0.4611,Amb
A758R,0.6861,LPath
A758S,0.1308,LBen
A758T,0.2309,LBen
A758V,0.3263,LBen
A758W,0.9238,LPath
A758Y,0.727,LPath
L759A,0.6874,LPath
L759C,0.7741,LPath
L759D,0.9932,LPath
L759E,0.958,LPath
L759F,0.4386,Amb
L759G,0.9427,LPath
L759H,0.9391,LPath
L759I,0.3605,Amb
L759K,0.9544,LPath
L759M,0.1365,LBen
L759N,0.9739,LPath
L759P,0.9824,LPath
L759Q,0.8701,LPath
L759R,0.9069,LPath
L759S,0.8975,LPath
L759T,0.8615,LPath
L759V,0.3012,LBen
L759W,0.7314,LPath
L759Y,0.888,LPath
E760A,0.5869,LPath
E760C,0.9454,LPath
E760D,0.2412,LBen
E760F,0.9841,LPath
E760G,0.2377,LBen
E760H,0.8872,LPath
E760I,0.9687,LPath
E760K,0.7001,LPath
E760L,0.9151,LPath
E760M,0.9094,LPath
E760N,0.6753,LPath
E760P,0.9681,LPath
E760Q,0.4339,Amb
E760R,0.7901,LPath
E760S,0.625,LPath
E760T,0.8888,LPath
E760V,0.8894,LPath
E760W,0.9925,LPath
E760Y,0.9555,LPath
I761A,0.7321,LPath
I761C,0.8836,LPath
I761D,0.9648,LPath
I761E,0.9037,LPath
I761F,0.412,Amb
I761G,0.927,LPath
I761H,0.9587,LPath
I761K,0.8791,LPath
I761L,0.1787,LBen
I761M,0.1053,LBen
I761N,0.8758,LPath
I761P,0.9742,LPath
I761Q,0.9073,LPath
I761R,0.8451,LPath
I761S,0.8546,LPath
I761T,0.6408,LPath
I761V,0.1186,LBen
I761W,0.8617,LPath
I761Y,0.8064,LPath
E762A,0.3117,LBen
E762C,0.8645,LPath
E762D,0.115,LBen
E762F,0.8424,LPath
E762G,0.4181,Amb
E762H,0.6242,LPath
E762I,0.4749,Amb
E762K,0.3669,Amb
E762L,0.5329,Amb
E762M,0.585,LPath
E762N,0.3855,Amb
E762P,0.6742,LPath
E762Q,0.2763,LBen
E762R,0.5331,Amb
E762S,0.3422,Amb
E762T,0.3715,Amb
E762V,0.2918,LBen
E762W,0.9525,LPath
E762Y,0.7368,LPath
L763A,0.6482,LPath
L763C,0.8365,LPath
L763D,0.9544,LPath
L763E,0.8102,LPath
L763F,0.3794,Amb
L763G,0.8769,LPath
L763H,0.8489,LPath
L763I,0.1431,LBen
L763K,0.7636,LPath
L763M,0.1578,LBen
L763N,0.9046,LPath
L763P,0.72,LPath
L763Q,0.746,LPath
L763R,0.7333,LPath
L763S,0.874,LPath
L763T,0.5617,Amb
L763V,0.1389,LBen
L763W,0.4629,Amb
L763Y,0.7029,LPath
E764A,0.3214,LBen
E764C,0.8912,LPath
E764D,0.0901,LBen
E764F,0.91,LPath
E764G,0.2343,LBen
E764H,0.6487,LPath
E764I,0.7949,LPath
E764K,0.4305,Amb
E764L,0.6421,LPath
E764M,0.7435,LPath
E764N,0.3839,Amb
E764P,0.6992,LPath
E764Q,0.2758,LBen
E764R,0.5267,Amb
E764S,0.2969,LBen
E764T,0.4465,Amb
E764V,0.5442,Amb
E764W,0.9407,LPath
E764Y,0.8188,LPath
E765A,0.2468,LBen
E765C,0.9395,LPath
E765D,0.1045,LBen
E765F,0.9321,LPath
E765G,0.1972,LBen
E765H,0.7458,LPath
E765I,0.7486,LPath
E765K,0.2781,LBen
E765L,0.7016,LPath
E765M,0.7292,LPath
E765N,0.4019,Amb
E765P,0.5244,Amb
E765Q,0.322,LBen
E765R,0.4847,Amb
E765S,0.3374,LBen
E765T,0.4108,Amb
E765V,0.4835,Amb
E765W,0.9527,LPath
E765Y,0.823,LPath
D766A,0.1505,LBen
D766C,0.4911,Amb
D766E,0.0876,LBen
D766F,0.556,Amb
D766G,0.1005,LBen
D766H,0.2902,LBen
D766I,0.3601,Amb
D766K,0.2922,LBen
D766L,0.3659,Amb
D766M,0.4747,Amb
D766N,0.1064,LBen
D766P,0.5539,Amb
D766Q,0.2495,LBen
D766R,0.3697,Amb
D766S,0.124,LBen
D766T,0.1915,LBen
D766V,0.2083,LBen
D766W,0.7271,LPath
D766Y,0.2457,LBen
M767A,0.3908,Amb
M767C,0.6709,LPath
M767D,0.6643,LPath
M767E,0.4413,Amb
M767F,0.3674,Amb
M767G,0.6337,LPath
M767H,0.5923,LPath
M767I,0.4163,Amb
M767K,0.3261,LBen
M767L,0.1476,LBen
M767N,0.5506,Amb
M767P,0.8907,LPath
M767Q,0.3263,LBen
M767R,0.3029,LBen
M767S,0.4509,Amb
M767T,0.2254,LBen
M767V,0.1056,LBen
M767W,0.5447,Amb
M767Y,0.5837,LPath
Y768A,0.8268,LPath
Y768C,0.3699,Amb
Y768D,0.7479,LPath
Y768E,0.8587,LPath
Y768F,0.1374,LBen
Y768G,0.7465,LPath
Y768H,0.5598,Amb
Y768I,0.6824,LPath
Y768K,0.859,LPath
Y768L,0.4338,Amb
Y768M,0.7222,LPath
Y768N,0.6148,LPath
Y768P,0.9157,LPath
Y768Q,0.8277,LPath
Y768R,0.7528,LPath
Y768S,0.7203,LPath
Y768T,0.8464,LPath
Y768V,0.581,LPath
Y768W,0.477,Amb
K769A,0.4416,Amb
K769C,0.6843,LPath
K769D,0.7487,LPath
K769E,0.2331,LBen
K769F,0.7948,LPath
K769G,0.6042,LPath
K769H,0.3828,Amb
K769I,0.3564,Amb
K769L,0.3302,LBen
K769M,0.2644,LBen
K769N,0.6704,LPath
K769P,0.7852,LPath
K769Q,0.1627,LBen
K769R,0.0874,LBen
K769S,0.6048,LPath
K769T,0.2983,LBen
K769V,0.3531,Amb
K769W,0.7273,LPath
K769Y,0.6523,LPath
G770A,0.2907,LBen
G770C,0.4872,Amb
G770D,0.394,Amb
G770E,0.4487,Amb
G770F,0.7996,LPath
G770H,0.7305,LPath
G770I,0.6079,LPath
G770K,0.7603,LPath
G770L,0.728,LPath
G770M,0.7277,LPath
G770N,0.5461,Amb
G770P,0.895,LPath
G770Q,0.6648,LPath
G770R,0.6863,LPath
G770S,0.2564,LBen
G770T,0.3769,Amb
G770V,0.4314,Amb
G770W,0.6382,LPath
G770Y,0.6605,LPath
G771A,0.1218,LBen
G771C,0.1753,LBen
G771D,0.22,LBen
G771E,0.1233,LBen
G771F,0.446,Amb
G771H,0.2356,LBen
G771I,0.2323,LBen
G771K,0.1319,LBen
G771L,0.2909,LBen
G771M,0.3047,LBen
G771N,0.2538,LBen
G771P,0.6729,LPath
G771Q,0.1212,LBen
G771R,0.093,LBen
G771S,0.1174,LBen
G771T,0.143,LBen
G771V,0.1564,LBen
G771W,0.2242,LBen
G771Y,0.3007,LBen
K772A,0.3011,LBen
K772C,0.6534,LPath
K772D,0.5323,Amb
K772E,0.1659,LBen
K772F,0.6484,LPath
K772G,0.3777,Amb
K772H,0.3161,LBen
K772I,0.2979,LBen
K772L,0.2932,LBen
K772M,0.2095,LBen
K772N,0.4216,Amb
K772P,0.5501,Amb
K772Q,0.1441,LBen
K772R,0.0801,LBen
K772S,0.4186,Amb
K772T,0.2024,LBen
K772V,0.277,LBen
K772W,0.6408,LPath
K772Y,0.5423,Amb
A773C,0.3625,Amb
A773D,0.1722,LBen
A773E,0.1551,LBen
A773F,0.2572,LBen
A773G,0.1143,LBen
A773H,0.3315,LBen
A773I,0.1645,LBen
A773K,0.2612,LBen
A773L,0.1497,LBen
A773M,0.1605,LBen
A773N,0.1836,LBen
A773P,0.1487,LBen
A773Q,0.2355,LBen
A773R,0.2467,LBen
A773S,0.1,LBen
A773T,0.0777,LBen
A773V,0.0879,LBen
A773W,0.4701,Amb
A773Y,0.324,LBen
D774A,0.1888,LBen
D774C,0.5038,Amb
D774E,0.2068,LBen
D774F,0.575,LPath
D774G,0.1638,LBen
D774H,0.2969,LBen
D774I,0.3844,Amb
D774K,0.4475,Amb
D774L,0.3647,Amb
D774M,0.5939,LPath
D774N,0.098,LBen
D774P,0.5703,LPath
D774Q,0.3602,Amb
D774R,0.4097,Amb
D774S,0.1101,LBen
D774T,0.2206,LBen
D774V,0.237,LBen
D774W,0.7909,LPath
D774Y,0.2666,LBen
Q775A,0.1153,LBen
Q775C,0.4424,Amb
Q775D,0.183,LBen
Q775E,0.056,LBen
Q775F,0.4577,Amb
Q775G,0.1547,LBen
Q775H,0.1565,LBen
Q775I,0.2057,LBen
Q775K,0.0919,LBen
Q775L,0.0909,LBen
Q775M,0.2276,LBen
Q775N,0.2099,LBen
Q775P,0.0954,LBen
Q775R,0.0938,LBen
Q775S,0.1466,LBen
Q775T,0.1284,LBen
Q775V,0.1314,LBen
Q775W,0.3396,LBen
Q775Y,0.3013,LBen
Q776A,0.1408,LBen
Q776C,0.5328,Amb
Q776D,0.2114,LBen
Q776E,0.0684,LBen
Q776F,0.5284,Amb
Q776G,0.1871,LBen
Q776H,0.1688,LBen
Q776I,0.2771,LBen
Q776K,0.0883,LBen
Q776L,0.1108,LBen
Q776M,0.2589,LBen
Q776N,0.2141,LBen
Q776P,0.145,LBen
Q776R,0.0967,LBen
Q776S,0.206,LBen
Q776T,0.1621,LBen
Q776V,0.1772,LBen
Q776W,0.3318,LBen
Q776Y,0.3315,LBen
E777A,0.1264,LBen
E777C,0.8457,LPath
E777D,0.1552,LBen
E777F,0.749,LPath
E777G,0.1602,LBen
E777H,0.5023,Amb
E777I,0.3732,Amb
E777K,0.1797,LBen
E777L,0.3325,LBen
E777M,0.4127,Amb
E777N,0.3038,LBen
E777P,0.7464,LPath
E777Q,0.1489,LBen
E777R,0.2832,LBen
E777S,0.2457,LBen
E777T,0.2309,LBen
E777V,0.201,LBen
E777W,0.8464,LPath
E777Y,0.6105,LPath
E778A,0.1722,LBen
E778C,0.8993,LPath
E778D,0.2088,LBen
E778F,0.8241,LPath
E778G,0.2076,LBen
E778H,0.6696,LPath
E778I,0.48,Amb
E778K,0.3248,LBen
E778L,0.4843,Amb
E778M,0.5314,Amb
E778N,0.4046,Amb
E778P,0.888,LPath
E778Q,0.2181,LBen
E778R,0.4707,Amb
E778S,0.3294,LBen
E778T,0.3531,Amb
E778V,0.2823,LBen
E778W,0.9219,LPath
E778Y,0.6734,LPath
R779A,0.3992,Amb
R779C,0.2213,LBen
R779D,0.7194,LPath
R779E,0.3752,Amb
R779F,0.5325,Amb
R779G,0.2806,LBen
R779H,0.1302,LBen
R779I,0.2753,LBen
R779K,0.0961,LBen
R779L,0.2637,LBen
R779M,0.2788,LBen
R779N,0.5631,Amb
R779P,0.9057,LPath
R779Q,0.101,LBen
R779S,0.5381,Amb
R779T,0.3383,LBen
R779V,0.3546,Amb
R779W,0.1891,LBen
R779Y,0.3441,Amb
R780A,0.2608,LBen
R780C,0.1361,LBen
R780D,0.4936,Amb
R780E,0.2218,LBen
R780F,0.362,Amb
R780G,0.1931,LBen
R780H,0.0941,LBen
R780I,0.1896,LBen
R780K,0.0852,LBen
R780L,0.1482,LBen
R780M,0.2052,LBen
R780N,0.3824,Amb
R780P,0.8447,LPath
R780Q,0.0706,LBen
R780S,0.353,Amb
R780T,0.2164,LBen
R780V,0.2359,LBen
R780W,0.1232,LBen
R780Y,0.2442,LBen
R781A,0.5433,Amb
R781C,0.2212,LBen
R781D,0.8307,LPath
R781E,0.4604,Amb
R781F,0.5831,LPath
R781G,0.4299,Amb
R781H,0.136,LBen
R781I,0.3276,LBen
R781K,0.1205,LBen
R781L,0.2674,LBen
R781M,0.3592,Amb
R781N,0.6868,LPath
R781P,0.9459,LPath
R781Q,0.1047,LBen
R781S,0.6753,LPath
R781T,0.4506,Amb
R781V,0.4627,Amb
R781W,0.1734,LBen
R781Y,0.4241,Amb
Q782A,0.4303,Amb
Q782C,0.7947,LPath
Q782D,0.8376,LPath
Q782E,0.1952,LBen
Q782F,0.8863,LPath
Q782G,0.4734,Amb
Q782H,0.4811,Amb
Q782I,0.6293,LPath
Q782K,0.1587,LBen
Q782L,0.2278,LBen
Q782M,0.4859,Amb
Q782N,0.5727,LPath
Q782P,0.8344,LPath
Q782R,0.1747,LBen
Q782S,0.5744,LPath
Q782T,0.5061,Amb
Q782V,0.4554,Amb
Q782W,0.7579,LPath
Q782Y,0.7268,LPath
K783A,0.6204,LPath
K783C,0.763,LPath
K783D,0.9013,LPath
K783E,0.5155,Amb
K783F,0.8584,LPath
K783G,0.6782,LPath
K783H,0.39,Amb
K783I,0.5415,Amb
K783L,0.5191,Amb
K783M,0.3655,Amb
K783N,0.7518,LPath
K783P,0.9793,LPath
K783Q,0.1845,LBen
K783R,0.0886,LBen
K783S,0.7664,LPath
K783T,0.4947,Amb
K783V,0.5494,Amb
K783W,0.728,LPath
K783Y,0.67,LPath
Q784A,0.1945,LBen
Q784C,0.4893,Amb
Q784D,0.3412,Amb
Q784E,0.0855,LBen
Q784F,0.5528,Amb
Q784G,0.2631,LBen
Q784H,0.1634,LBen
Q784I,0.3485,Amb
Q784K,0.0945,LBen
Q784L,0.1297,LBen
Q784M,0.2799,LBen
Q784N,0.2663,LBen
Q784P,0.6282,LPath
Q784R,0.0959,LBen
Q784S,0.2792,LBen
Q784T,0.2175,LBen
Q784V,0.2416,LBen
Q784W,0.3835,Amb
Q784Y,0.3229,LBen
M785A,0.4903,Amb
M785C,0.7228,LPath
M785D,0.9236,LPath
M785E,0.6492,LPath
M785F,0.5803,LPath
M785G,0.6687,LPath
M785H,0.7043,LPath
M785I,0.3954,Amb
M785K,0.3005,LBen
M785L,0.1152,LBen
M785N,0.6051,LPath
M785P,0.9582,LPath
M785Q,0.2954,LBen
M785R,0.3132,LBen
M785S,0.6137,LPath
M785T,0.324,LBen
M785V,0.1149,LBen
M785W,0.7238,LPath
M785Y,0.7472,LPath
K786A,0.4582,Amb
K786C,0.8184,LPath
K786D,0.8144,LPath
K786E,0.4863,Amb
K786F,0.9064,LPath
K786G,0.5976,LPath
K786H,0.4396,Amb
K786I,0.6045,LPath
K786L,0.5324,Amb
K786M,0.3944,Amb
K786N,0.6629,LPath
K786P,0.938,LPath
K786Q,0.2242,LBen
K786R,0.0844,LBen
K786S,0.7005,LPath
K786T,0.3808,Amb
K786V,0.5318,Amb
K786W,0.8015,LPath
K786Y,0.7494,LPath
V787A,0.148,LBen
V787C,0.4495,Amb
V787D,0.2726,LBen
V787E,0.2249,LBen
V787F,0.1024,LBen
V787G,0.1331,LBen
V787H,0.3172,LBen
V787I,0.0683,LBen
V787K,0.2491,LBen
V787L,0.1072,LBen
V787M,0.0999,LBen
V787N,0.1671,LBen
V787P,0.7336,LPath
V787Q,0.2089,LBen
V787R,0.201,LBen
V787S,0.1652,LBen
V787T,0.1803,LBen
V787W,0.4782,Amb
V787Y,0.2705,LBen
L788A,0.3279,LBen
L788C,0.371,Amb
L788D,0.8054,LPath
L788E,0.4917,Amb
L788F,0.0992,LBen
L788G,0.6189,LPath
L788H,0.2241,LBen
L788I,0.262,LBen
L788K,0.2458,LBen
L788M,0.095,LBen
L788N,0.6138,LPath
L788P,0.9315,LPath
L788Q,0.124,LBen
L788R,0.1717,LBen
L788S,0.4286,Amb
L788T,0.4762,Amb
L788V,0.2072,LBen
L788W,0.1132,LBen
L788Y,0.1983,LBen
K789A,0.9131,LPath
K789C,0.8641,LPath
K789D,0.984,LPath
K789E,0.7327,LPath
K789F,0.9759,LPath
K789G,0.8839,LPath
K789H,0.6155,LPath
K789I,0.9052,LPath
K789L,0.809,LPath
K789M,0.7278,LPath
K789N,0.9472,LPath
K789P,0.991,LPath
K789Q,0.2682,LBen
K789R,0.0897,LBen
K789S,0.9348,LPath
K789T,0.7955,LPath
K789V,0.8727,LPath
K789W,0.892,LPath
K789Y,0.9037,LPath
K790A,0.2891,LBen
K790C,0.6143,LPath
K790D,0.6361,LPath
K790E,0.2115,LBen
K790F,0.7996,LPath
K790G,0.3183,LBen
K790H,0.2918,LBen
K790I,0.4876,Amb
K790L,0.3514,Amb
K790M,0.217,LBen
K790N,0.4151,Amb
K790P,0.941,LPath
K790Q,0.106,LBen
K790R,0.0719,LBen
K790S,0.3998,Amb
K790T,0.2147,LBen
K790V,0.4033,Amb
K790W,0.5857,LPath
K790Y,0.5497,Amb
E791A,0.2414,LBen
E791C,0.8896,LPath
E791D,0.3081,LBen
E791F,0.9051,LPath
E791G,0.3566,Amb
E791H,0.5143,Amb
E791I,0.6549,LPath
E791K,0.2755,LBen
E791L,0.6553,LPath
E791M,0.627,LPath
E791N,0.449,Amb
E791P,0.9847,LPath
E791Q,0.1253,LBen
E791R,0.3797,Amb
E791S,0.3374,LBen
E791T,0.373,Amb
E791V,0.4254,Amb
E791W,0.9506,LPath
E791Y,0.7245,LPath
L792A,0.9463,LPath
L792C,0.9422,LPath
L792D,0.9991,LPath
L792E,0.9911,LPath
L792F,0.8076,LPath
L792G,0.9791,LPath
L792H,0.9827,LPath
L792I,0.4953,Amb
L792K,0.9748,LPath
L792M,0.4558,Amb
L792N,0.9926,LPath
L792P,0.9975,LPath
L792Q,0.9665,LPath
L792R,0.9598,LPath
L792S,0.9919,LPath
L792T,0.9656,LPath
L792V,0.5298,Amb
L792W,0.94,LPath
L792Y,0.9472,LPath
R793A,0.3116,LBen
R793C,0.1154,LBen
R793D,0.6314,LPath
R793E,0.3608,Amb
R793F,0.4753,Amb
R793G,0.2002,LBen
R793H,0.0895,LBen
R793I,0.3121,LBen
R793K,0.0979,LBen
R793L,0.2065,LBen
R793M,0.2865,LBen
R793N,0.4786,Amb
R793P,0.8992,LPath
R793Q,0.0879,LBen
R793S,0.3731,Amb
R793T,0.2701,LBen
R793V,0.3506,Amb
R793W,0.1566,LBen
R793Y,0.2844,LBen
H794A,0.1971,LBen
H794C,0.1328,LBen
H794D,0.2258,LBen
H794E,0.225,LBen
H794F,0.1772,LBen
H794G,0.235,LBen
H794I,0.1941,LBen
H794K,0.1843,LBen
H794L,0.0993,LBen
H794M,0.2922,LBen
H794N,0.1174,LBen
H794P,0.688,LPath
H794Q,0.1231,LBen
H794R,0.0979,LBen
H794S,0.1873,LBen
H794T,0.1997,LBen
H794V,0.166,LBen
H794W,0.254,LBen
H794Y,0.0758,LBen
L795A,0.3662,Amb
L795C,0.3923,Amb
L795D,0.8867,LPath
L795E,0.5273,Amb
L795F,0.167,LBen
L795G,0.7365,LPath
L795H,0.2579,LBen
L795I,0.1861,LBen
L795K,0.294,LBen
L795M,0.1119,LBen
L795N,0.6948,LPath
L795P,0.9792,LPath
L795Q,0.171,LBen
L795R,0.1867,LBen
L795S,0.4707,Amb
L795T,0.4912,Amb
L795V,0.1629,LBen
L795W,0.2744,LBen
L795Y,0.3216,LBen
L796A,0.7257,LPath
L796C,0.7183,LPath
L796D,0.9839,LPath
L796E,0.8995,LPath
L796F,0.5973,LPath
L796G,0.9281,LPath
L796H,0.7674,LPath
L796I,0.131,LBen
L796K,0.7352,LPath
L796M,0.247,LBen
L796N,0.9,LPath
L796P,0.9654,LPath
L796Q,0.556,Amb
L796R,0.5566,Amb
L796S,0.8484,LPath
L796T,0.5828,LPath
L796V,0.1543,LBen
L796W,0.8101,LPath
L796Y,0.8743,LPath
S797A,0.0635,LBen
S797C,0.0779,LBen
S797D,0.3328,LBen
S797E,0.3217,LBen
S797F,0.1861,LBen
S797G,0.0994,LBen
S797H,0.2389,LBen
S797I,0.2288,LBen
S797K,0.4007,Amb
S797L,0.0936,LBen
S797M,0.1799,LBen
S797N,0.1865,LBen
S797P,0.7347,LPath
S797Q,0.2771,LBen
S797R,0.333,LBen
S797T,0.0948,LBen
S797V,0.1733,LBen
S797W,0.2511,LBen
S797Y,0.1576,LBen
Q798A,0.2817,LBen
Q798C,0.4488,Amb
Q798D,0.6459,LPath
Q798E,0.1189,LBen
Q798F,0.6598,LPath
Q798G,0.3793,Amb
Q798H,0.2573,LBen
Q798I,0.3225,LBen
Q798K,0.0851,LBen
Q798L,0.1319,LBen
Q798M,0.3296,LBen
Q798N,0.4766,Amb
Q798P,0.6337,LPath
Q798R,0.0888,LBen
Q798S,0.3795,Amb
Q798T,0.2649,LBen
Q798V,0.2009,LBen
Q798W,0.5092,Amb
Q798Y,0.4699,Amb
P799A,0.1724,LBen
P799C,0.5334,Amb
P799D,0.5055,Amb
P799E,0.3489,Amb
P799F,0.7238,LPath
P799G,0.4323,Amb
P799H,0.236,LBen
P799I,0.5351,Amb
P799K,0.2874,LBen
P799L,0.3144,LBen
P799M,0.5237,Amb
P799N,0.4008,Amb
P799Q,0.2077,LBen
P799R,0.1971,LBen
P799S,0.1889,LBen
P799T,0.1646,LBen
P799V,0.3491,Amb
P799W,0.7561,LPath
P799Y,0.565,LPath
L800A,0.482,Amb
L800C,0.6256,LPath
L800D,0.955,LPath
L800E,0.8579,LPath
L800F,0.2574,LBen
L800G,0.8434,LPath
L800H,0.7161,LPath
L800I,0.0917,LBen
L800K,0.8078,LPath
L800M,0.1704,LBen
L800N,0.8576,LPath
L800P,0.3838,Amb
L800Q,0.6663,LPath
L800R,0.6767,LPath
L800S,0.718,LPath
L800T,0.5736,LPath
L800V,0.0879,LBen
L800W,0.5643,LPath
L800Y,0.6221,LPath
F801A,0.7916,LPath
F801C,0.6056,LPath
F801D,0.9092,LPath
F801E,0.9113,LPath
F801G,0.8627,LPath
F801H,0.7208,LPath
F801I,0.4656,Amb
F801K,0.9015,LPath
F801L,0.8835,LPath
F801M,0.7099,LPath
F801N,0.8363,LPath
F801P,0.9421,LPath
F801Q,0.8512,LPath
F801R,0.8165,LPath
F801S,0.7205,LPath
F801T,0.8024,LPath
F801V,0.4719,Amb
F801W,0.5851,LPath
F801Y,0.3222,LBen
T802A,0.0612,LBen
T802C,0.2037,LBen
T802D,0.2002,LBen
T802E,0.1123,LBen
T802F,0.1518,LBen
T802G,0.1132,LBen
T802H,0.1002,LBen
T802I,0.0966,LBen
T802K,0.0547,LBen
T802L,0.0625,LBen
T802M,0.0691,LBen
T802N,0.0944,LBen
T802P,0.0655,LBen
T802Q,0.0787,LBen
T802R,0.0504,LBen
T802S,0.0789,LBen
T802V,0.0832,LBen
T802W,0.2486,LBen
T802Y,0.1521,LBen
E803A,0.0807,LBen
E803C,0.4257,Amb
E803D,0.0635,LBen
E803F,0.3714,Amb
E803G,0.0751,LBen
E803H,0.1671,LBen
E803I,0.1712,LBen
E803K,0.0863,LBen
E803L,0.1936,LBen
E803M,0.2474,LBen
E803N,0.103,LBen
E803P,0.1999,LBen
E803Q,0.0927,LBen
E803R,0.1234,LBen
E803S,0.0958,LBen
E803T,0.107,LBen
E803V,0.1119,LBen
E803W,0.5187,Amb
E803Y,0.2647,LBen
S804A,0.074,LBen
S804C,0.0676,LBen
S804D,0.0813,LBen
S804E,0.1104,LBen
S804F,0.1277,LBen
S804G,0.0604,LBen
S804H,0.0893,LBen
S804I,0.0817,LBen
S804K,0.1299,LBen
S804L,0.0943,LBen
S804M,0.129,LBen
S804N,0.0595,LBen
S804P,0.1165,LBen
S804Q,0.1239,LBen
S804R,0.1228,LBen
S804T,0.0678,LBen
S804V,0.0899,LBen
S804W,0.1415,LBen
S804Y,0.0882,LBen
Q805A,0.1132,LBen
Q805C,0.235,LBen
Q805D,0.2232,LBen
Q805E,0.0818,LBen
Q805F,0.2414,LBen
Q805G,0.1391,LBen
Q805H,0.1062,LBen
Q805I,0.1505,LBen
Q805K,0.0784,LBen
Q805L,0.0653,LBen
Q805M,0.1445,LBen
Q805N,0.1882,LBen
Q805P,0.0775,LBen
Q805R,0.0724,LBen
Q805S,0.1328,LBen
Q805T,0.1214,LBen
Q805V,0.1051,LBen
Q805W,0.1664,LBen
Q805Y,0.1914,LBen
K806A,0.2537,LBen
K806C,0.517,Amb
K806D,0.4846,Amb
K806E,0.1721,LBen
K806F,0.5687,LPath
K806G,0.298,LBen
K806H,0.2391,LBen
K806I,0.2614,LBen
K806L,0.2435,LBen
K806M,0.1655,LBen
K806N,0.3192,LBen
K806P,0.3562,Amb
K806Q,0.1151,LBen
K806R,0.079,LBen
K806S,0.329,LBen
K806T,0.1575,LBen
K806V,0.2408,LBen
K806W,0.5025,Amb
K806Y,0.4125,Amb
T807A,0.1974,LBen
T807C,0.5951,LPath
T807D,0.6117,LPath
T807E,0.5182,Amb
T807F,0.4522,Amb
T807G,0.2703,LBen
T807H,0.421,Amb
T807I,0.5411,Amb
T807K,0.3486,Amb
T807L,0.244,LBen
T807M,0.1393,LBen
T807N,0.2339,LBen
T807P,0.2857,LBen
T807Q,0.346,Amb
T807R,0.286,LBen
T807S,0.1948,LBen
T807V,0.3884,Amb
T807W,0.5815,LPath
T807Y,0.4587,Amb
K808A,0.3677,Amb
K808C,0.6199,LPath
K808D,0.818,LPath
K808E,0.4388,Amb
K808F,0.8162,LPath
K808G,0.5106,Amb
K808H,0.4073,Amb
K808I,0.3882,Amb
K808L,0.4054,Amb
K808M,0.3319,LBen
K808N,0.6957,LPath
K808P,0.6515,LPath
K808Q,0.2209,LBen
K808R,0.0687,LBen
K808S,0.5545,Amb
K808T,0.293,LBen
K808V,0.3345,LBen
K808W,0.691,LPath
K808Y,0.6523,LPath
Y809A,0.9831,LPath
Y809C,0.9423,LPath
Y809D,0.9737,LPath
Y809E,0.9928,LPath
Y809F,0.2506,LBen
Y809G,0.9655,LPath
Y809H,0.9327,LPath
Y809I,0.9219,LPath
Y809K,0.9861,LPath
Y809L,0.9054,LPath
Y809M,0.9579,LPath
Y809N,0.9106,LPath
Y809P,0.9817,LPath
Y809Q,0.9891,LPath
Y809R,0.9767,LPath
Y809S,0.957,LPath
Y809T,0.9846,LPath
Y809V,0.9128,LPath
Y809W,0.8048,LPath
P810A,0.5736,LPath
P810C,0.9035,LPath
P810D,0.9915,LPath
P810E,0.9643,LPath
P810F,0.8191,LPath
P810G,0.9491,LPath
P810H,0.8331,LPath
P810I,0.4619,Amb
P810K,0.904,LPath
P810L,0.2382,LBen
P810M,0.7019,LPath
P810N,0.9832,LPath
P810Q,0.8462,LPath
P810R,0.6958,LPath
P810S,0.8988,LPath
P810T,0.7678,LPath
P810V,0.441,Amb
P810W,0.8981,LPath
P810Y,0.8579,LPath
T811A,0.3731,Amb
T811C,0.864,LPath
T811D,0.9093,LPath
T811E,0.8675,LPath
T811F,0.6305,LPath
T811G,0.6151,LPath
T811H,0.7936,LPath
T811I,0.7008,LPath
T811K,0.6875,LPath
T811L,0.338,LBen
T811M,0.3263,LBen
T811N,0.7373,LPath
T811P,0.613,LPath
T811Q,0.7396,LPath
T811R,0.5988,LPath
T811S,0.4437,Amb
T811V,0.4812,Amb
T811W,0.878,LPath
T811Y,0.8029,LPath
Q812A,0.2067,LBen
Q812C,0.6798,LPath
Q812D,0.7549,LPath
Q812E,0.1888,LBen
Q812F,0.7253,LPath
Q812G,0.3379,LBen
Q812H,0.4145,Amb
Q812I,0.5022,Amb
Q812K,0.1042,LBen
Q812L,0.181,LBen
Q812M,0.3383,LBen
Q812N,0.5591,Amb
Q812P,0.331,LBen
Q812R,0.1249,LBen
Q812S,0.3286,LBen
Q812T,0.3515,Amb
Q812V,0.2844,LBen
Q812W,0.7019,LPath
Q812Y,0.5682,LPath
S813A,0.0676,LBen
S813C,0.1019,LBen
S813D,0.4338,Amb
S813E,0.4389,Amb
S813F,0.146,LBen
S813G,0.1135,LBen
S813H,0.3066,LBen
S813I,0.2364,LBen
S813K,0.5324,Amb
S813L,0.0953,LBen
S813M,0.144,LBen
S813N,0.2107,LBen
S813P,0.4787,Amb
S813Q,0.3965,Amb
S813R,0.505,Amb
S813T,0.0838,LBen
S813V,0.1881,LBen
S813W,0.1816,LBen
S813Y,0.13,LBen
G814A,0.4746,Amb
G814C,0.601,LPath
G814D,0.8496,LPath
G814E,0.8019,LPath
G814F,0.8669,LPath
G814H,0.8753,LPath
G814I,0.8031,LPath
G814K,0.8445,LPath
G814L,0.7865,LPath
G814M,0.8283,LPath
G814N,0.8328,LPath
G814P,0.9422,LPath
G814Q,0.7505,LPath
G814R,0.6684,LPath
G814S,0.4077,Amb
G814T,0.6997,LPath
G814V,0.6766,LPath
G814W,0.7074,LPath
G814Y,0.843,LPath
K815A,0.2593,LBen
K815C,0.3826,Amb
K815D,0.5397,Amb
K815E,0.1688,LBen
K815F,0.4309,Amb
K815G,0.3273,LBen
K815H,0.1997,LBen
K815I,0.1736,LBen
K815L,0.1777,LBen
K815M,0.1491,LBen
K815N,0.3106,LBen
K815P,0.5879,LPath
K815Q,0.101,LBen
K815R,0.0727,LBen
K815S,0.3034,LBen
K815T,0.1561,LBen
K815V,0.1777,LBen
K815W,0.4537,Amb
K815Y,0.346,Amb
P816A,0.0816,LBen
P816C,0.2614,LBen
P816D,0.4052,Amb
P816E,0.2291,LBen
P816F,0.1903,LBen
P816G,0.2288,LBen
P816H,0.1378,LBen
P816I,0.1199,LBen
P816K,0.1898,LBen
P816L,0.0501,LBen
P816M,0.1316,LBen
P816N,0.2672,LBen
P816Q,0.1177,LBen
P816R,0.1299,LBen
P816S,0.1296,LBen
P816T,0.1071,LBen
P816V,0.095,LBen
P816W,0.2585,LBen
P816Y,0.1991,LBen
P817A,0.066,LBen
P817C,0.2007,LBen
P817D,0.2393,LBen
P817E,0.1607,LBen
P817F,0.1909,LBen
P817G,0.1699,LBen
P817H,0.1109,LBen
P817I,0.1422,LBen
P817K,0.1656,LBen
P817L,0.0761,LBen
P817M,0.1716,LBen
P817N,0.193,LBen
P817Q,0.0993,LBen
P817R,0.1022,LBen
P817S,0.0888,LBen
P817T,0.084,LBen
P817V,0.098,LBen
P817W,0.2852,LBen
P817Y,0.1895,LBen
L818A,0.073,LBen
L818C,0.1438,LBen
L818D,0.1624,LBen
L818E,0.1119,LBen
L818F,0.0693,LBen
L818G,0.1318,LBen
L818H,0.0856,LBen
L818I,0.0674,LBen
L818K,0.0986,LBen
L818M,0.0801,LBen
L818N,0.1142,LBen
L818P,0.0629,LBen
L818Q,0.0692,LBen
L818R,0.0728,LBen
L818S,0.081,LBen
L818T,0.0836,LBen
L818V,0.0566,LBen
L818W,0.094,LBen
L818Y,0.1188,LBen
L819A,0.0648,LBen
L819C,0.1461,LBen
L819D,0.1706,LBen
L819E,0.118,LBen
L819F,0.069,LBen
L819G,0.1301,LBen
L819H,0.0814,LBen
L819I,0.0679,LBen
L819K,0.1037,LBen
L819M,0.077,LBen
L819N,0.1236,LBen
L819P,0.0527,LBen
L819Q,0.0713,LBen
L819R,0.0724,LBen
L819S,0.0795,LBen
L819T,0.0717,LBen
L819V,0.0579,LBen
L819W,0.0845,LBen
L819Y,0.1231,LBen
V820A,0.0813,LBen
V820C,0.2877,LBen
V820D,0.1174,LBen
V820E,0.1112,LBen
V820F,0.0774,LBen
V820G,0.0864,LBen
V820H,0.1653,LBen
V820I,0.0722,LBen
V820K,0.1102,LBen
V820L,0.0744,LBen
V820M,0.0818,LBen
V820N,0.1127,LBen
V820P,0.103,LBen
V820Q,0.1094,LBen
V820R,0.0981,LBen
V820S,0.0882,LBen
V820T,0.0902,LBen
V820W,0.2683,LBen
V820Y,0.178,LBen
S821A,0.0545,LBen
S821C,0.0763,LBen
S821D,0.1472,LBen
S821E,0.1692,LBen
S821F,0.0924,LBen
S821G,0.074,LBen
S821H,0.1298,LBen
S821I,0.0888,LBen
S821K,0.1944,LBen
S821L,0.0679,LBen
S821M,0.1141,LBen
S821N,0.0942,LBen
S821P,0.0579,LBen
S821Q,0.18,LBen
S821R,0.1674,LBen
S821T,0.062,LBen
S821V,0.0823,LBen
S821W,0.13,LBen
S821Y,0.0905,LBen
A822C,0.1821,LBen
A822D,0.1166,LBen
A822E,0.1111,LBen
A822F,0.1116,LBen
A822G,0.0842,LBen
A822H,0.158,LBen
A822I,0.0962,LBen
A822K,0.1356,LBen
A822L,0.0767,LBen
A822M,0.1105,LBen
A822N,0.1179,LBen
A822P,0.0723,LBen
A822Q,0.1361,LBen
A822R,0.1272,LBen
A822S,0.0732,LBen
A822T,0.0665,LBen
A822V,0.0674,LBen
A822W,0.275,LBen
A822Y,0.152,LBen
P823A,0.0621,LBen
P823C,0.17,LBen
P823D,0.1588,LBen
P823E,0.1167,LBen
P823F,0.1575,LBen
P823G,0.1233,LBen
P823H,0.092,LBen
P823I,0.1238,LBen
P823K,0.1036,LBen
P823L,0.0763,LBen
P823M,0.1559,LBen
P823N,0.1354,LBen
P823Q,0.0833,LBen
P823R,0.0793,LBen
P823S,0.0736,LBen
P823T,0.0675,LBen
P823V,0.0953,LBen
P823W,0.2137,LBen
P823Y,0.1584,LBen
S824A,0.0628,LBen
S824C,0.0554,LBen
S824D,0.0981,LBen
S824E,0.0877,LBen
S824F,0.1168,LBen
S824G,0.0447,LBen
S824H,0.0717,LBen
S824I,0.0783,LBen
S824K,0.0677,LBen
S824L,0.0687,LBen
S824M,0.1043,LBen
S824N,0.0691,LBen
S824P,0.078,LBen
S824Q,0.0731,LBen
S824R,0.0565,LBen
S824T,0.0664,LBen
S824V,0.0818,LBen
S824W,0.0881,LBen
S824Y,0.0818,LBen
K825A,0.0939,LBen
K825C,0.1591,LBen
K825D,0.116,LBen
K825E,0.0809,LBen
K825F,0.2267,LBen
K825G,0.1039,LBen
K825H,0.0916,LBen
K825I,0.1067,LBen
K825L,0.114,LBen
K825M,0.1164,LBen
K825N,0.0813,LBen
K825P,0.1541,LBen
K825Q,0.0782,LBen
K825R,0.0632,LBen
K825S,0.0878,LBen
K825T,0.0733,LBen
K825V,0.1043,LBen
K825W,0.2793,LBen
K825Y,0.1514,LBen
S826A,0.0655,LBen
S826C,0.0641,LBen
S826D,0.0964,LBen
S826E,0.1068,LBen
S826F,0.1359,LBen
S826G,0.0474,LBen
S826H,0.0993,LBen
S826I,0.0913,LBen
S826K,0.1107,LBen
S826L,0.0978,LBen
S826M,0.1255,LBen
S826N,0.0692,LBen
S826P,0.0956,LBen
S826Q,0.1154,LBen
S826R,0.0935,LBen
S826T,0.0642,LBen
S826V,0.0909,LBen
S826W,0.1253,LBen
S826Y,0.0932,LBen
E827A,0.0889,LBen
E827C,0.4093,Amb
E827D,0.0941,LBen
E827F,0.3351,LBen
E827G,0.0823,LBen
E827H,0.1806,LBen
E827I,0.1488,LBen
E827K,0.0718,LBen
E827L,0.1603,LBen
E827M,0.1982,LBen
E827N,0.1281,LBen
E827P,0.1989,LBen
E827Q,0.0866,LBen
E827R,0.1107,LBen
E827S,0.1072,LBen
E827T,0.1044,LBen
E827V,0.1049,LBen
E827W,0.4836,Amb
E827Y,0.2428,LBen
S828A,0.0993,LBen
S828C,0.119,LBen
S828D,0.2239,LBen
S828E,0.4206,Amb
S828F,0.22,LBen
S828G,0.0828,LBen
S828H,0.3031,LBen
S828I,0.216,LBen
S828K,0.4664,Amb
S828L,0.1115,LBen
S828M,0.1905,LBen
S828N,0.1054,LBen
S828P,0.154,LBen
S828Q,0.4709,Amb
S828R,0.4724,Amb
S828T,0.0681,LBen
S828V,0.2048,LBen
S828W,0.3393,LBen
S828Y,0.1685,LBen
A829C,0.6965,LPath
A829D,0.951,LPath
A829E,0.9325,LPath
A829F,0.7145,LPath
A829G,0.4061,Amb
A829H,0.9385,LPath
A829I,0.5004,Amb
A829K,0.9658,LPath
A829L,0.4946,Amb
A829M,0.6319,LPath
A829N,0.9089,LPath
A829P,0.3465,Amb
A829Q,0.9263,LPath
A829R,0.9202,LPath
A829S,0.2667,LBen
A829T,0.4041,Amb
A829V,0.2648,LBen
A829W,0.9633,LPath
A829Y,0.8779,LPath
L830A,0.2999,LBen
L830C,0.5081,Amb
L830D,0.7952,LPath
L830E,0.475,Amb
L830F,0.1568,LBen
L830G,0.568,LPath
L830H,0.3289,LBen
L830I,0.0752,LBen
L830K,0.2962,LBen
L830M,0.1481,LBen
L830N,0.5282,Amb
L830P,0.4957,Amb
L830Q,0.2285,LBen
L830R,0.2116,LBen
L830S,0.3669,Amb
L830T,0.304,LBen
L830V,0.0831,LBen
L830W,0.2985,LBen
L830Y,0.3983,Amb
S831A,0.0656,LBen
S831C,0.0658,LBen
S831D,0.1231,LBen
S831E,0.1835,LBen
S831F,0.1058,LBen
S831G,0.0652,LBen
S831H,0.1064,LBen
S831I,0.0839,LBen
S831K,0.1853,LBen
S831L,0.0746,LBen
S831M,0.1409,LBen
S831N,0.0753,LBen
S831P,0.2303,LBen
S831Q,0.168,LBen
S831R,0.1431,LBen
S831T,0.0691,LBen
S831V,0.0974,LBen
S831W,0.1487,LBen
S831Y,0.0867,LBen
C832A,0.1384,LBen
C832D,0.1797,LBen
C832E,0.2713,LBen
C832F,0.0698,LBen
C832G,0.0911,LBen
C832H,0.1103,LBen
C832I,0.1478,LBen
C832K,0.2339,LBen
C832L,0.1479,LBen
C832M,0.2878,LBen
C832N,0.1476,LBen
C832P,0.4984,Amb
C832Q,0.1674,LBen
C832R,0.099,LBen
C832S,0.0992,LBen
C832T,0.1524,LBen
C832V,0.1422,LBen
C832W,0.169,LBen
C832Y,0.0855,LBen
L833A,0.2904,LBen
L833C,0.3282,LBen
L833D,0.7377,LPath
L833E,0.5002,Amb
L833F,0.1103,LBen
L833G,0.547,Amb
L833H,0.2619,LBen
L833I,0.0655,LBen
L833K,0.383,Amb
L833M,0.1226,LBen
L833N,0.4739,Amb
L833P,0.425,Amb
L833Q,0.2504,LBen
L833R,0.2504,LBen
L833S,0.3588,Amb
L833T,0.2809,LBen
L833V,0.0709,LBen
L833W,0.2252,LBen
L833Y,0.2713,LBen
S834A,0.0602,LBen
S834C,0.0736,LBen
S834D,0.1847,LBen
S834E,0.1743,LBen
S834F,0.1058,LBen
S834G,0.0816,LBen
S834H,0.1366,LBen
S834I,0.1038,LBen
S834K,0.2026,LBen
S834L,0.0695,LBen
S834M,0.1302,LBen
S834N,0.1027,LBen
S834P,0.1363,LBen
S834Q,0.1679,LBen
S834R,0.1787,LBen
S834T,0.0665,LBen
S834V,0.1005,LBen
S834W,0.1302,LBen
S834Y,0.0882,LBen
K835A,0.1271,LBen
K835C,0.2798,LBen
K835D,0.2285,LBen
K835E,0.091,LBen
K835F,0.2922,LBen
K835G,0.1393,LBen
K835H,0.1451,LBen
K835I,0.1239,LBen
K835L,0.1193,LBen
K835M,0.1125,LBen
K835N,0.1675,LBen
K835P,0.2389,LBen
K835Q,0.0813,LBen
K835R,0.0632,LBen
K835S,0.151,LBen
K835T,0.0951,LBen
K835V,0.125,LBen
K835W,0.2941,LBen
K835Y,0.2307,LBen
Q836A,0.1123,LBen
Q836C,0.3201,LBen
Q836D,0.1655,LBen
Q836E,0.0627,LBen
Q836F,0.3537,Amb
Q836G,0.1145,LBen
Q836H,0.1371,LBen
Q836I,0.1597,LBen
Q836K,0.0764,LBen
Q836L,0.0887,LBen
Q836M,0.179,LBen
Q836N,0.1444,LBen
Q836P,0.0777,LBen
Q836R,0.0848,LBen
Q836S,0.1359,LBen
Q836T,0.1058,LBen
Q836V,0.1146,LBen
Q836W,0.2293,LBen
Q836Y,0.2104,LBen
K837A,0.1301,LBen
K837C,0.3045,LBen
K837D,0.1889,LBen
K837E,0.0734,LBen
K837F,0.3361,LBen
K837G,0.1276,LBen
K837H,0.1519,LBen
K837I,0.1373,LBen
K837L,0.1307,LBen
K837M,0.1107,LBen
K837N,0.1249,LBen
K837P,0.1588,LBen
K837Q,0.072,LBen
K837R,0.0691,LBen
K837S,0.1357,LBen
K837T,0.0851,LBen
K837V,0.1344,LBen
K837W,0.3206,LBen
K837Y,0.2372,LBen
K838A,0.1152,LBen
K838C,0.2731,LBen
K838D,0.1821,LBen
K838E,0.0717,LBen
K838F,0.2894,LBen
K838G,0.116,LBen
K838H,0.1464,LBen
K838I,0.1169,LBen
K838L,0.1075,LBen
K838M,0.0952,LBen
K838N,0.1211,LBen
K838P,0.1442,LBen
K838Q,0.0715,LBen
K838R,0.0657,LBen
K838S,0.1294,LBen
K838T,0.083,LBen
K838V,0.1158,LBen
K838W,0.267,LBen
K838Y,0.2091,LBen
K839A,0.1302,LBen
K839C,0.3458,Amb
K839D,0.2163,LBen
K839E,0.0786,LBen
K839F,0.3408,Amb
K839G,0.135,LBen
K839H,0.1716,LBen
K839I,0.1286,LBen
K839L,0.1252,LBen
K839M,0.1028,LBen
K839N,0.1452,LBen
K839P,0.1678,LBen
K839Q,0.0797,LBen
K839R,0.0695,LBen
K839S,0.1529,LBen
K839T,0.0909,LBen
K839V,0.1286,LBen
K839W,0.3227,LBen
K839Y,0.2537,LBen
K840A,0.0903,LBen
K840C,0.2749,LBen
K840D,0.1452,LBen
K840E,0.0655,LBen
K840F,0.2589,LBen
K840G,0.114,LBen
K840H,0.1287,LBen
K840I,0.0975,LBen
K840L,0.1053,LBen
K840M,0.0887,LBen
K840N,0.097,LBen
K840P,0.1158,LBen
K840Q,0.0721,LBen
K840R,0.07,LBen
K840S,0.1118,LBen
K840T,0.0668,LBen
K840V,0.0968,LBen
K840W,0.3008,LBen
K840Y,0.1891,LBen
T841A,0.061,LBen
T841C,0.1774,LBen
T841D,0.1232,LBen
T841E,0.0707,LBen
T841F,0.1256,LBen
T841G,0.0947,LBen
T841H,0.0955,LBen
T841I,0.0743,LBen
T841K,0.0551,LBen
T841L,0.0643,LBen
T841M,0.0718,LBen
T841N,0.0673,LBen
T841P,0.0566,LBen
T841Q,0.0629,LBen
T841R,0.0561,LBen
T841S,0.0751,LBen
T841V,0.0722,LBen
T841W,0.1738,LBen
T841Y,0.1061,LBen
K842A,0.0874,LBen
K842C,0.2356,LBen
K842D,0.1605,LBen
K842E,0.068,LBen
K842F,0.2663,LBen
K842G,0.1025,LBen
K842H,0.1351,LBen
K842I,0.1143,LBen
K842L,0.1096,LBen
K842M,0.1068,LBen
K842N,0.1239,LBen
K842P,0.114,LBen
K842Q,0.0715,LBen
K842R,0.0634,LBen
K842S,0.1114,LBen
K842T,0.079,LBen
K842V,0.1,LBen
K842W,0.2505,LBen
K842Y,0.1988,LBen
K843A,0.0965,LBen
K843C,0.2521,LBen
K843D,0.1684,LBen
K843E,0.0797,LBen
K843F,0.2237,LBen
K843G,0.1305,LBen
K843H,0.1187,LBen
K843I,0.0881,LBen
K843L,0.0929,LBen
K843M,0.0896,LBen
K843N,0.1045,LBen
K843P,0.1116,LBen
K843Q,0.0722,LBen
K843R,0.0753,LBen
K843S,0.1119,LBen
K843T,0.0675,LBen
K843V,0.0932,LBen
K843W,0.2938,LBen
K843Y,0.171,LBen
P844A,0.0588,LBen
P844C,0.1601,LBen
P844D,0.13,LBen
P844E,0.0797,LBen
P844F,0.1614,LBen
P844G,0.1095,LBen
P844H,0.0832,LBen
P844I,0.1038,LBen
P844K,0.0741,LBen
P844L,0.0704,LBen
P844M,0.1258,LBen
P844N,0.1105,LBen
P844Q,0.0634,LBen
P844R,0.0686,LBen
P844S,0.076,LBen
P844T,0.0592,LBen
P844V,0.0871,LBen
P844W,0.1716,LBen
P844Y,0.1366,LBen
K845A,0.0789,LBen
K845C,0.2697,LBen
K845D,0.1478,LBen
K845E,0.0641,LBen
K845F,0.2603,LBen
K845G,0.1046,LBen
K845H,0.1486,LBen
K845I,0.1108,LBen
K845L,0.1037,LBen
K845M,0.1026,LBen
K845N,0.1244,LBen
K845P,0.1209,LBen
K845Q,0.0753,LBen
K845R,0.0665,LBen
K845S,0.104,LBen
K845T,0.0705,LBen
K845V,0.0948,LBen
K845W,0.298,LBen
K845Y,0.227,LBen
E846A,0.0666,LBen
E846C,0.2821,LBen
E846D,0.0752,LBen
E846F,0.2065,LBen
E846G,0.0653,LBen
E846H,0.1292,LBen
E846I,0.0873,LBen
E846K,0.0656,LBen
E846L,0.0923,LBen
E846M,0.1319,LBen
E846N,0.0851,LBen
E846P,0.1128,LBen
E846Q,0.0685,LBen
E846R,0.0979,LBen
E846S,0.0828,LBen
E846T,0.0738,LBen
E846V,0.0701,LBen
E846W,0.3448,Amb
E846Y,0.1517,LBen
P847A,0.0631,LBen
P847C,0.1175,LBen
P847D,0.1023,LBen
P847E,0.0724,LBen
P847F,0.1286,LBen
P847G,0.0983,LBen
P847H,0.0615,LBen
P847I,0.0853,LBen
P847K,0.0588,LBen
P847L,0.0631,LBen
P847M,0.112,LBen
P847N,0.0863,LBen
P847Q,0.0523,LBen
P847R,0.0571,LBen
P847S,0.0695,LBen
P847T,0.0599,LBen
P847V,0.0789,LBen
P847W,0.128,LBen
P847Y,0.1072,LBen
Q848A,0.0786,LBen
Q848C,0.187,LBen
Q848D,0.1287,LBen
Q848E,0.0647,LBen
Q848F,0.1959,LBen
Q848G,0.1023,LBen
Q848H,0.0882,LBen
Q848I,0.1054,LBen
Q848K,0.0633,LBen
Q848L,0.0663,LBen
Q848M,0.1499,LBen
Q848N,0.1188,LBen
Q848P,0.0639,LBen
Q848R,0.0701,LBen
Q848S,0.0835,LBen
Q848T,0.0822,LBen
Q848V,0.0819,LBen
Q848W,0.1647,LBen
Q848Y,0.1439,LBen
P849A,0.06,LBen
P849C,0.1496,LBen
P849D,0.118,LBen
P849E,0.0678,LBen
P849F,0.1679,LBen
P849G,0.1032,LBen
P849H,0.0733,LBen
P849I,0.1037,LBen
P849K,0.0572,LBen
P849L,0.0663,LBen
P849M,0.1187,LBen
P849N,0.105,LBen
P849Q,0.0529,LBen
P849R,0.061,LBen
P849S,0.074,LBen
P849T,0.0603,LBen
P849V,0.0853,LBen
P849W,0.1579,LBen
P849Y,0.1377,LBen
E850A,0.0681,LBen
E850C,0.2742,LBen
E850D,0.0831,LBen
E850F,0.2049,LBen
E850G,0.0694,LBen
E850H,0.1299,LBen
E850I,0.0962,LBen
E850K,0.0638,LBen
E850L,0.0991,LBen
E850M,0.145,LBen
E850N,0.0942,LBen
E850P,0.1088,LBen
E850Q,0.066,LBen
E850R,0.0859,LBen
E850S,0.0799,LBen
E850T,0.0815,LBen
E850V,0.0757,LBen
E850W,0.3132,LBen
E850Y,0.1664,LBen
Q851A,0.0751,LBen
Q851C,0.1915,LBen
Q851D,0.1086,LBen
Q851E,0.0618,LBen
Q851F,0.1828,LBen
Q851G,0.0968,LBen
Q851H,0.0811,LBen
Q851I,0.0983,LBen
Q851K,0.0617,LBen
Q851L,0.063,LBen
Q851M,0.1354,LBen
Q851N,0.0939,LBen
Q851P,0.0533,LBen
Q851R,0.0746,LBen
Q851S,0.0784,LBen
Q851T,0.071,LBen
Q851V,0.0782,LBen
Q851W,0.1686,LBen
Q851Y,0.1272,LBen
P852A,0.0649,LBen
P852C,0.1483,LBen
P852D,0.1312,LBen
P852E,0.0864,LBen
P852F,0.1436,LBen
P852G,0.124,LBen
P852H,0.0793,LBen
P852I,0.1029,LBen
P852K,0.0816,LBen
P852L,0.0688,LBen
P852M,0.134,LBen
P852N,0.1134,LBen
P852Q,0.0665,LBen
P852R,0.071,LBen
P852S,0.0725,LBen
P852T,0.0648,LBen
P852V,0.0876,LBen
P852W,0.177,LBen
P852Y,0.13,LBen
Q853A,0.0854,LBen
Q853C,0.2147,LBen
Q853D,0.1498,LBen
Q853E,0.069,LBen
Q853F,0.2162,LBen
Q853G,0.1122,LBen
Q853H,0.0948,LBen
Q853I,0.1207,LBen
Q853K,0.0664,LBen
Q853L,0.0722,LBen
Q853M,0.1586,LBen
Q853N,0.132,LBen
Q853P,0.068,LBen
Q853R,0.0711,LBen
Q853S,0.0898,LBen
Q853T,0.0872,LBen
Q853V,0.0923,LBen
Q853W,0.1729,LBen
Q853Y,0.1512,LBen
P854A,0.0659,LBen
P854C,0.1694,LBen
P854D,0.1474,LBen
P854E,0.1051,LBen
P854F,0.1519,LBen
P854G,0.1309,LBen
P854H,0.0897,LBen
P854I,0.118,LBen
P854K,0.1028,LBen
P854L,0.0731,LBen
P854M,0.1565,LBen
P854N,0.1257,LBen
P854Q,0.0811,LBen
P854R,0.0818,LBen
P854S,0.0777,LBen
P854T,0.0699,LBen
P854V,0.096,LBen
P854W,0.2165,LBen
P854Y,0.1434,LBen
S855A,0.0651,LBen
S855C,0.0807,LBen
S855D,0.1717,LBen
S855E,0.1987,LBen
S855F,0.1143,LBen
S855G,0.0748,LBen
S855H,0.1742,LBen
S855I,0.1127,LBen
S855K,0.2478,LBen
S855L,0.0911,LBen
S855M,0.1733,LBen
S855N,0.1107,LBen
S855P,0.0757,LBen
S855Q,0.2212,LBen
S855R,0.2091,LBen
S855T,0.0735,LBen
S855V,0.1058,LBen
S855W,0.1815,LBen
S855Y,0.1098,LBen
T856A,0.054,LBen
T856C,0.1693,LBen
T856D,0.1363,LBen
T856E,0.1287,LBen
T856F,0.104,LBen
T856G,0.1055,LBen
T856H,0.1159,LBen
T856I,0.0855,LBen
T856K,0.1014,LBen
T856L,0.0734,LBen
T856M,0.0946,LBen
T856N,0.0871,LBen
T856P,0.0578,LBen
T856Q,0.1146,LBen
T856R,0.0855,LBen
T856S,0.0716,LBen
T856V,0.0774,LBen
T856W,0.2537,LBen
T856Y,0.1228,LBen
S857A,0.0628,LBen
S857C,0.1029,LBen
S857D,0.2384,LBen
S857E,0.2569,LBen
S857F,0.1271,LBen
S857G,0.0958,LBen
S857H,0.2663,LBen
S857I,0.1502,LBen
S857K,0.3934,Amb
S857L,0.1019,LBen
S857M,0.2004,LBen
S857N,0.1744,LBen
S857P,0.0873,LBen
S857Q,0.3307,LBen
S857R,0.3601,Amb
S857T,0.0765,LBen
S857V,0.1293,LBen
S857W,0.2162,LBen
S857Y,0.14,LBen
A858C,0.2168,LBen
A858D,0.1182,LBen
A858E,0.1144,LBen
A858F,0.175,LBen
A858G,0.0858,LBen
A858H,0.2101,LBen
A858I,0.1515,LBen
A858K,0.1555,LBen
A858L,0.1218,LBen
A858M,0.1696,LBen
A858N,0.1292,LBen
A858P,0.0885,LBen
A858Q,0.152,LBen
A858R,0.1397,LBen
A858S,0.0771,LBen
A858T,0.0729,LBen
A858V,0.1036,LBen
A858W,0.3264,LBen
A858Y,0.2091,LBen
N859A,0.1143,LBen
N859C,0.1357,LBen
N859D,0.0776,LBen
N859E,0.1084,LBen
N859F,0.2646,LBen
N859G,0.1128,LBen
N859H,0.0805,LBen
N859I,0.1508,LBen
N859K,0.1192,LBen
N859L,0.1175,LBen
N859M,0.1931,LBen
N859P,0.1483,LBen
N859Q,0.1232,LBen
N859R,0.1292,LBen
N859S,0.0594,LBen
N859T,0.0805,LBen
N859V,0.1196,LBen
N859W,0.4511,Amb
N859Y,0.1086,LBen
