protein_variant,am_pathogenicity,am_class
M1A,0.2622,LBen
M1C,0.3094,LBen
M1D,0.6873,LPath
M1E,0.4752,Amb
M1F,0.1876,LBen
M1G,0.4719,Amb
M1H,0.5998,LPath
M1I,0.3802,Amb
M1K,0.398,Amb
M1L,0.1439,LBen
M1N,0.5227,Amb
M1P,0.4832,Amb
M1Q,0.2964,LBen
M1R,0.4026,Amb
M1S,0.4109,Amb
M1T,0.4144,Amb
M1V,0.1118,LBen
M1W,0.5454,Amb
M1Y,0.4273,Amb
A2C,0.5121,Amb
A2D,0.184,LBen
A2E,0.1767,LBen
A2F,0.4311,Amb
A2G,0.1146,LBen
A2H,0.4589,Amb
A2I,0.462,Amb
A2K,0.3752,Amb
A2L,0.2735,LBen
A2M,0.4569,Amb
A2N,0.2159,LBen
A2P,0.1443,LBen
A2Q,0.2818,LBen
A2R,0.3536,Amb
A2S,0.1093,LBen
A2T,0.1594,LBen
A2V,0.2833,LBen
A2W,0.7699,LPath
A2Y,0.4746,Amb
A3C,0.3089,LBen
A3D,0.1364,LBen
A3E,0.1226,LBen
A3F,0.2031,LBen
A3G,0.1061,LBen
A3H,0.2856,LBen
A3I,0.1745,LBen
A3K,0.2328,LBen
A3L,0.1344,LBen
A3M,0.237,LBen
A3N,0.1544,LBen
A3P,0.1078,LBen
A3Q,0.1839,LBen
A3R,0.2319,LBen
A3S,0.0831,LBen
A3T,0.0888,LBen
A3V,0.1132,LBen
A3W,0.5693,LPath
A3Y,0.2814,LBen
P4A,0.052,LBen
P4C,0.2682,LBen
P4D,0.1176,LBen
P4E,0.081,LBen
P4F,0.2688,LBen
P4G,0.115,LBen
P4H,0.1247,LBen
P4I,0.1438,LBen
P4K,0.1182,LBen
P4L,0.113,LBen
P4M,0.2037,LBen
P4N,0.1338,LBen
P4Q,0.0869,LBen
P4R,0.1002,LBen
P4S,0.08,LBen
P4T,0.0631,LBen
P4V,0.1037,LBen
P4W,0.407,Amb
P4Y,0.2474,LBen
E5A,0.0888,LBen
E5C,0.5143,Amb
E5D,0.0945,LBen
E5F,0.4407,Amb
E5G,0.0956,LBen
E5H,0.2631,LBen
E5I,0.1991,LBen
E5K,0.1294,LBen
E5L,0.1985,LBen
E5M,0.328,LBen
E5N,0.1823,LBen
E5P,0.2121,LBen
E5Q,0.108,LBen
E5R,0.1636,LBen
E5S,0.1189,LBen
E5T,0.1203,LBen
E5V,0.1215,LBen
E5W,0.6884,LPath
E5Y,0.3776,Amb
E6A,0.0777,LBen
E6C,0.4132,Amb
E6D,0.0672,LBen
E6F,0.3045,LBen
E6G,0.0694,LBen
E6H,0.1932,LBen
E6I,0.1236,LBen
E6K,0.1185,LBen
E6L,0.16,LBen
E6M,0.2376,LBen
E6N,0.1067,LBen
E6P,0.1687,LBen
E6Q,0.099,LBen
E6R,0.1626,LBen
E6S,0.0885,LBen
E6T,0.09,LBen
E6V,0.0921,LBen
E6W,0.6111,LPath
E6Y,0.239,LBen
H7A,0.0579,LBen
H7C,0.1112,LBen
H7D,0.0622,LBen
H7E,0.0669,LBen
H7F,0.1313,LBen
H7G,0.0846,LBen
H7I,0.0884,LBen
H7K,0.0725,LBen
H7L,0.0716,LBen
H7M,0.1484,LBen
H7N,0.0543,LBen
H7P,0.0551,LBen
H7Q,0.0672,LBen
H7R,0.0663,LBen
H7S,0.0663,LBen
H7T,0.0574,LBen
H7V,0.0743,LBen
H7W,0.2216,LBen
H7Y,0.0857,LBen
D8A,0.0736,LBen
D8C,0.234,LBen
D8E,0.0776,LBen
D8F,0.2148,LBen
D8G,0.0838,LBen
D8H,0.1241,LBen
D8I,0.112,LBen
D8K,0.1684,LBen
D8L,0.133,LBen
D8M,0.2907,LBen
D8N,0.0897,LBen
D8P,0.1745,LBen
D8Q,0.1285,LBen
D8R,0.1677,LBen
D8S,0.0734,LBen
D8T,0.0908,LBen
D8V,0.0799,LBen
D8W,0.5669,LPath
D8Y,0.1147,LBen
S9A,0.0637,LBen
S9C,0.1005,LBen
S9D,0.114,LBen
S9E,0.1179,LBen
S9F,0.1116,LBen
S9G,0.0801,LBen
S9H,0.1396,LBen
S9I,0.0735,LBen
S9K,0.1935,LBen
S9L,0.0788,LBen
S9M,0.1324,LBen
S9N,0.0888,LBen
S9P,0.093,LBen
S9Q,0.1674,LBen
S9R,0.204,LBen
S9T,0.0641,LBen
S9V,0.0763,LBen
S9W,0.2674,LBen
S9Y,0.111,LBen
P10A,0.0515,LBen
P10C,0.2031,LBen
P10D,0.099,LBen
P10E,0.0796,LBen
P10F,0.1659,LBen
P10G,0.1075,LBen
P10H,0.0874,LBen
P10I,0.0962,LBen
P10K,0.1021,LBen
P10L,0.0791,LBen
P10M,0.1448,LBen
P10N,0.1047,LBen
P10Q,0.074,LBen
P10R,0.0941,LBen
P10S,0.0652,LBen
P10T,0.0568,LBen
P10V,0.0738,LBen
P10W,0.3292,LBen
P10Y,0.1701,LBen
T11A,0.0534,LBen
T11C,0.1915,LBen
T11D,0.1094,LBen
T11E,0.0831,LBen
T11F,0.1399,LBen
T11G,0.0888,LBen
T11H,0.1259,LBen
T11I,0.0779,LBen
T11K,0.0979,LBen
T11L,0.071,LBen
T11M,0.0947,LBen
T11N,0.0866,LBen
T11P,0.0618,LBen
T11Q,0.102,LBen
T11R,0.0975,LBen
T11S,0.0695,LBen
T11V,0.0694,LBen
T11W,0.3149,LBen
T11Y,0.1454,LBen
E12A,0.072,LBen
E12C,0.4685,Amb
E12D,0.0729,LBen
E12F,0.3333,LBen
E12G,0.0815,LBen
E12H,0.1943,LBen
E12I,0.1391,LBen
E12K,0.114,LBen
E12L,0.1594,LBen
E12M,0.2369,LBen
E12N,0.1282,LBen
E12P,0.1666,LBen
E12Q,0.102,LBen
E12R,0.1609,LBen
E12S,0.0975,LBen
E12T,0.0919,LBen
E12V,0.0928,LBen
E12W,0.6254,LPath
E12Y,0.2663,LBen
A13C,0.2293,LBen
A13D,0.0815,LBen
A13E,0.0838,LBen
A13F,0.1488,LBen
A13G,0.0833,LBen
A13H,0.169,LBen
A13I,0.0955,LBen
A13K,0.1425,LBen
A13L,0.0932,LBen
A13M,0.1269,LBen
A13N,0.0906,LBen
A13P,0.071,LBen
A13Q,0.1285,LBen
A13R,0.1613,LBen
A13S,0.0713,LBen
A13T,0.0632,LBen
A13V,0.0724,LBen
A13W,0.3921,Amb
A13Y,0.1602,LBen
S14A,0.0584,LBen
S14C,0.0984,LBen
S14D,0.1212,LBen
S14E,0.114,LBen
S14F,0.1289,LBen
S14G,0.0774,LBen
S14H,0.1326,LBen
S14I,0.0782,LBen
S14K,0.1767,LBen
S14L,0.0834,LBen
S14M,0.1403,LBen
S14N,0.0889,LBen
S14P,0.0576,LBen
S14Q,0.1457,LBen
S14R,0.1819,LBen
S14T,0.0636,LBen
S14V,0.0789,LBen
S14W,0.2407,LBen
S14Y,0.1196,LBen
Q15A,0.0745,LBen
Q15C,0.3026,LBen
Q15D,0.104,LBen
Q15E,0.0581,LBen
Q15F,0.2444,LBen
Q15G,0.0995,LBen
Q15H,0.1014,LBen
Q15I,0.1177,LBen
Q15K,0.0699,LBen
Q15L,0.0695,LBen
Q15M,0.1665,LBen
Q15N,0.1037,LBen
Q15P,0.0599,LBen
Q15R,0.0844,LBen
Q15S,0.072,LBen
Q15T,0.0731,LBen
Q15V,0.0828,LBen
Q15W,0.3053,LBen
Q15Y,0.1752,LBen
P16A,0.0564,LBen
P16C,0.2028,LBen
P16D,0.1125,LBen
P16E,0.0845,LBen
P16F,0.1941,LBen
P16G,0.1193,LBen
P16H,0.0872,LBen
P16I,0.1013,LBen
P16K,0.1015,LBen
P16L,0.0836,LBen
P16M,0.1393,LBen
P16N,0.097,LBen
P16Q,0.0778,LBen
P16R,0.097,LBen
P16S,0.0752,LBen
P16T,0.0585,LBen
P16V,0.0793,LBen
P16W,0.3265,LBen
P16Y,0.1633,LBen
I17A,0.0543,LBen
I17C,0.2579,LBen
I17D,0.1096,LBen
I17E,0.09,LBen
I17F,0.0912,LBen
I17G,0.1288,LBen
I17H,0.1283,LBen
I17K,0.0956,LBen
I17L,0.0692,LBen
I17M,0.0701,LBen
I17N,0.0766,LBen
I17P,0.0906,LBen
I17Q,0.0987,LBen
I17R,0.0867,LBen
I17S,0.0674,LBen
I17T,0.0606,LBen
I17V,0.0537,LBen
I17W,0.3943,Amb
I17Y,0.2141,LBen
V18A,0.0676,LBen
V18C,0.3582,Amb
V18D,0.1066,LBen
V18E,0.0928,LBen
V18F,0.1177,LBen
V18G,0.0855,LBen
V18H,0.1832,LBen
V18I,0.0702,LBen
V18K,0.1067,LBen
V18L,0.0953,LBen
V18M,0.1029,LBen
V18N,0.1003,LBen
V18P,0.1059,LBen
V18Q,0.1099,LBen
V18R,0.1098,LBen
V18S,0.0772,LBen
V18T,0.0696,LBen
V18W,0.4315,Amb
V18Y,0.2392,LBen
E19A,0.072,LBen
E19C,0.4394,Amb
E19D,0.0858,LBen
E19F,0.361,Amb
E19G,0.0825,LBen
E19H,0.188,LBen
E19I,0.1326,LBen
E19K,0.09,LBen
E19L,0.1476,LBen
E19M,0.2097,LBen
E19N,0.129,LBen
E19P,0.1522,LBen
E19Q,0.0875,LBen
E19R,0.1344,LBen
E19S,0.0963,LBen
E19T,0.0849,LBen
E19V,0.0921,LBen
E19W,0.5859,LPath
E19Y,0.2921,LBen
E20A,0.0776,LBen
E20C,0.4969,Amb
E20D,0.0828,LBen
E20F,0.42,Amb
E20G,0.0771,LBen
E20H,0.2101,LBen
E20I,0.1394,LBen
E20K,0.089,LBen
E20L,0.1689,LBen
E20M,0.217,LBen
E20N,0.1151,LBen
E20P,0.1881,LBen
E20Q,0.0933,LBen
E20R,0.1464,LBen
E20S,0.1013,LBen
E20T,0.0805,LBen
E20V,0.0969,LBen
E20W,0.6365,LPath
E20Y,0.309,LBen
E21A,0.0781,LBen
E21C,0.5148,Amb
E21D,0.0852,LBen
E21F,0.4192,Amb
E21G,0.0811,LBen
E21H,0.2371,LBen
E21I,0.1351,LBen
E21K,0.104,LBen
E21L,0.1746,LBen
E21M,0.2273,LBen
E21N,0.1187,LBen
E21P,0.1899,LBen
E21Q,0.1019,LBen
E21R,0.1771,LBen
E21S,0.1019,LBen
E21T,0.0805,LBen
E21V,0.0952,LBen
E21W,0.6656,LPath
E21Y,0.3314,LBen
E22A,0.0762,LBen
E22C,0.4928,Amb
E22D,0.0792,LBen
E22F,0.4308,Amb
E22G,0.0823,LBen
E22H,0.2245,LBen
E22I,0.132,LBen
E22K,0.0987,LBen
E22L,0.1879,LBen
E22M,0.2247,LBen
E22N,0.1093,LBen
E22P,0.1658,LBen
E22Q,0.0979,LBen
E22R,0.1763,LBen
E22S,0.0994,LBen
E22T,0.0804,LBen
E22V,0.092,LBen
E22W,0.7031,LPath
E22Y,0.3233,LBen
T23A,0.0652,LBen
T23C,0.2146,LBen
T23D,0.1531,LBen
T23E,0.1055,LBen
T23F,0.1783,LBen
T23G,0.1004,LBen
T23H,0.1491,LBen
T23I,0.0874,LBen
T23K,0.1021,LBen
T23L,0.0835,LBen
T23M,0.0917,LBen
T23N,0.074,LBen
T23P,0.0628,LBen
T23Q,0.1046,LBen
T23R,0.1139,LBen
T23S,0.079,LBen
T23V,0.078,LBen
T23W,0.3903,Amb
T23Y,0.172,LBen
K24A,0.1619,LBen
K24C,0.4455,Amb
K24D,0.5097,Amb
K24E,0.1808,LBen
K24F,0.6256,LPath
K24G,0.2687,LBen
K24H,0.2852,LBen
K24I,0.1674,LBen
K24L,0.1946,LBen
K24M,0.1753,LBen
K24N,0.3624,Amb
K24P,0.2738,LBen
K24Q,0.1194,LBen
K24R,0.0829,LBen
K24S,0.2624,LBen
K24T,0.098,LBen
K24V,0.1206,LBen
K24W,0.6979,LPath
K24Y,0.5226,Amb
T25A,0.1682,LBen
T25C,0.3776,Amb
T25D,0.4301,Amb
T25E,0.4532,Amb
T25F,0.5672,LPath
T25G,0.1961,LBen
T25H,0.3476,Amb
T25I,0.5241,Amb
T25K,0.2874,LBen
T25L,0.2676,LBen
T25M,0.2422,LBen
T25N,0.1298,LBen
T25P,0.422,Amb
T25Q,0.3033,LBen
T25R,0.2848,LBen
T25S,0.0884,LBen
T25V,0.3737,Amb
T25W,0.8134,LPath
T25Y,0.429,Amb
F26A,0.9965,LPath
F26C,0.9944,LPath
F26D,0.9991,LPath
F26E,0.9992,LPath
F26G,0.997,LPath
F26H,0.9925,LPath
F26I,0.9805,LPath
F26K,0.999,LPath
F26L,0.9967,LPath
F26M,0.984,LPath
F26N,0.9976,LPath
F26P,0.9993,LPath
F26Q,0.998,LPath
F26R,0.9967,LPath
F26S,0.9957,LPath
F26T,0.9979,LPath
F26V,0.981,LPath
F26W,0.6525,LPath
F26Y,0.7704,LPath
K27A,0.1875,LBen
K27C,0.4748,Amb
K27D,0.5721,LPath
K27E,0.1623,LBen
K27F,0.7155,LPath
K27G,0.3149,LBen
K27H,0.2493,LBen
K27I,0.3761,Amb
K27L,0.3394,LBen
K27M,0.2762,LBen
K27N,0.4445,Amb
K27P,0.7929,LPath
K27Q,0.1065,LBen
K27R,0.0705,LBen
K27S,0.2703,LBen
K27T,0.1715,LBen
K27V,0.298,LBen
K27W,0.6812,LPath
K27Y,0.5663,LPath
D28A,0.1545,LBen
D28C,0.7065,LPath
D28E,0.142,LBen
D28F,0.6505,LPath
D28G,0.2143,LBen
D28H,0.3816,Amb
D28I,0.5335,Amb
D28K,0.6314,LPath
D28L,0.5142,Amb
D28M,0.5626,Amb
D28N,0.16,LBen
D28P,0.9678,LPath
D28Q,0.3117,LBen
D28R,0.7084,LPath
D28S,0.1108,LBen
D28T,0.2753,LBen
D28V,0.3241,LBen
D28W,0.9259,LPath
D28Y,0.3011,LBen
L29A,0.8533,LPath
L29C,0.785,LPath
L29D,0.997,LPath
L29E,0.9865,LPath
L29F,0.7193,LPath
L29G,0.9728,LPath
L29H,0.9731,LPath
L29I,0.2764,LBen
L29K,0.9853,LPath
L29M,0.3689,Amb
L29N,0.9793,LPath
L29P,0.9959,LPath
L29Q,0.9602,LPath
L29R,0.9664,LPath
L29S,0.9635,LPath
L29T,0.8348,LPath
L29V,0.343,Amb
L29W,0.9435,LPath
L29Y,0.9429,LPath
G30A,0.5909,LPath
G30C,0.759,LPath
G30D,0.688,LPath
G30E,0.7698,LPath
G30F,0.9759,LPath
G30H,0.877,LPath
G30I,0.9564,LPath
G30K,0.8361,LPath
G30L,0.929,LPath
G30M,0.9454,LPath
G30N,0.7344,LPath
G30P,0.9908,LPath
G30Q,0.7637,LPath
G30R,0.8118,LPath
G30S,0.5667,LPath
G30T,0.8592,LPath
G30V,0.9097,LPath
G30W,0.9688,LPath
G30Y,0.942,LPath
V31A,0.8921,LPath
V31C,0.9099,LPath
V31D,0.9969,LPath
V31E,0.9937,LPath
V31F,0.7691,LPath
V31G,0.9217,LPath
V31H,0.9967,LPath
V31I,0.0732,LBen
V31K,0.9941,LPath
V31L,0.2511,LBen
V31M,0.5212,Amb
V31N,0.9851,LPath
V31P,0.9891,LPath
V31Q,0.9911,LPath
V31R,0.9914,LPath
V31S,0.9722,LPath
V31T,0.922,LPath
V31W,0.9952,LPath
V31Y,0.9802,LPath
T32A,0.1101,LBen
T32C,0.2624,LBen
T32D,0.4603,Amb
T32E,0.4685,Amb
T32F,0.5374,Amb
T32G,0.2579,LBen
T32H,0.3037,LBen
T32I,0.3069,LBen
T32K,0.3133,LBen
T32L,0.2019,LBen
T32M,0.1527,LBen
T32N,0.1295,LBen
T32P,0.2439,LBen
T32Q,0.2884,LBen
T32R,0.2842,LBen
T32S,0.1136,LBen
T32V,0.1896,LBen
T32W,0.8137,LPath
T32Y,0.5288,Amb
D33A,0.1252,LBen
D33C,0.664,LPath
D33E,0.0967,LBen
D33F,0.7628,LPath
D33G,0.1666,LBen
D33H,0.3253,LBen
D33I,0.4314,Amb
D33K,0.3199,LBen
D33L,0.4409,Amb
D33M,0.5792,LPath
D33N,0.111,LBen
D33P,0.3088,LBen
D33Q,0.2434,LBen
D33R,0.4138,Amb
D33S,0.1096,LBen
D33T,0.1771,LBen
D33V,0.2359,LBen
D33W,0.9186,LPath
D33Y,0.4347,Amb
V34A,0.2673,LBen
V34C,0.8508,LPath
V34D,0.6385,LPath
V34E,0.5166,Amb
V34F,0.4548,Amb
V34G,0.419,Amb
V34H,0.827,LPath
V34I,0.0917,LBen
V34K,0.6747,LPath
V34L,0.4054,Amb
V34M,0.3105,LBen
V34N,0.515,Amb
V34P,0.6719,LPath
V34Q,0.5444,Amb
V34R,0.6457,LPath
V34S,0.3305,LBen
V34T,0.2267,LBen
V34W,0.9603,LPath
V34Y,0.8241,LPath
L35A,0.9486,LPath
L35C,0.9613,LPath
L35D,0.9994,LPath
L35E,0.997,LPath
L35F,0.9091,LPath
L35G,0.9932,LPath
L35H,0.9943,LPath
L35I,0.2355,LBen
L35K,0.9972,LPath
L35M,0.5683,LPath
L35N,0.9924,LPath
L35P,0.9904,LPath
L35Q,0.99,LPath
L35R,0.9931,LPath
L35S,0.9891,LPath
L35T,0.9388,LPath
L35V,0.3736,Amb
L35W,0.9883,LPath
L35Y,0.9903,LPath
C36A,0.4642,Amb
C36D,0.9543,LPath
C36E,0.9053,LPath
C36F,0.752,LPath
C36G,0.3927,Amb
C36H,0.8737,LPath
C36I,0.4759,Amb
C36K,0.8916,LPath
C36L,0.5216,Amb
C36M,0.6991,LPath
C36N,0.7659,LPath
C36P,0.9953,LPath
C36Q,0.7382,LPath
C36R,0.6495,LPath
C36S,0.4529,Amb
C36T,0.4817,Amb
C36V,0.3094,LBen
C36W,0.9038,LPath
C36Y,0.8189,LPath
E37A,0.1739,LBen
E37C,0.8572,LPath
E37D,0.1247,LBen
E37F,0.8285,LPath
E37G,0.2295,LBen
E37H,0.4832,Amb
E37I,0.4799,Amb
E37K,0.2338,LBen
E37L,0.4695,Amb
E37M,0.5333,Amb
E37N,0.2777,LBen
E37P,0.9755,LPath
E37Q,0.1513,LBen
E37R,0.3668,Amb
E37S,0.2035,LBen
E37T,0.216,LBen
E37V,0.3165,LBen
E37W,0.9498,LPath
E37Y,0.7372,LPath
A38C,0.7395,LPath
A38D,0.9769,LPath
A38E,0.9503,LPath
A38F,0.9309,LPath
A38G,0.4691,Amb
A38H,0.937,LPath
A38I,0.7544,LPath
A38K,0.9745,LPath
A38L,0.7611,LPath
A38M,0.7086,LPath
A38N,0.8165,LPath
A38P,0.9931,LPath
A38Q,0.8467,LPath
A38R,0.949,LPath
A38S,0.1862,LBen
A38T,0.2362,LBen
A38V,0.4446,Amb
A38W,0.9894,LPath
A38Y,0.9492,LPath
C39A,0.6141,LPath
C39D,0.9994,LPath
C39E,0.9993,LPath
C39F,0.9747,LPath
C39G,0.8243,LPath
C39H,0.9988,LPath
C39I,0.7996,LPath
C39K,0.9995,LPath
C39L,0.8263,LPath
C39M,0.9271,LPath
C39N,0.9941,LPath
C39P,0.9989,LPath
C39Q,0.9977,LPath
C39R,0.9958,LPath
C39S,0.8472,LPath
C39T,0.7863,LPath
C39V,0.581,LPath
C39W,0.9977,LPath
C39Y,0.9966,LPath
D40A,0.0712,LBen
D40C,0.3367,LBen
D40E,0.0601,LBen
D40F,0.299,LBen
D40G,0.1044,LBen
D40H,0.1289,LBen
D40I,0.1256,LBen
D40K,0.1314,LBen
D40L,0.1353,LBen
D40M,0.2438,LBen
D40N,0.0688,LBen
D40P,0.929,LPath
D40Q,0.0905,LBen
D40R,0.1515,LBen
D40S,0.063,LBen
D40T,0.0775,LBen
D40V,0.0876,LBen
D40W,0.7191,LPath
D40Y,0.1495,LBen
Q41A,0.1655,LBen
Q41C,0.6686,LPath
Q41D,0.4208,Amb
Q41E,0.127,LBen
Q41F,0.6339,LPath
Q41G,0.2566,LBen
Q41H,0.2132,LBen
Q41I,0.3522,Amb
Q41K,0.1261,LBen
Q41L,0.1471,LBen
Q41M,0.2935,LBen
Q41N,0.2309,LBen
Q41P,0.9535,LPath
Q41R,0.1364,LBen
Q41S,0.1651,LBen
Q41T,0.1537,LBen
Q41V,0.2587,LBen
Q41W,0.7729,LPath
Q41Y,0.5065,Amb
L42A,0.7967,LPath
L42C,0.8383,LPath
L42D,0.9963,LPath
L42E,0.9719,LPath
L42F,0.8606,LPath
L42G,0.9605,LPath
L42H,0.9409,LPath
L42I,0.2738,LBen
L42K,0.9388,LPath
L42M,0.2929,LBen
L42N,0.9477,LPath
L42P,0.9965,LPath
L42Q,0.844,LPath
L42R,0.8834,LPath
L42S,0.9411,LPath
L42T,0.8321,LPath
L42V,0.2605,LBen
L42W,0.9547,LPath
L42Y,0.9576,LPath
G43A,0.3802,Amb
G43C,0.5283,Amb
G43D,0.5588,Amb
G43E,0.6207,LPath
G43F,0.9439,LPath
G43H,0.6079,LPath
G43I,0.8934,LPath
G43K,0.5503,Amb
G43L,0.8087,LPath
G43M,0.8453,LPath
G43N,0.4405,Amb
G43P,0.9942,LPath
G43Q,0.4684,Amb
G43R,0.5469,Amb
G43S,0.2536,LBen
G43T,0.629,LPath
G43V,0.8074,LPath
G43W,0.9269,LPath
G43Y,0.8637,LPath
W44A,0.9956,LPath
W44C,0.9959,LPath
W44D,0.9994,LPath
W44E,0.9993,LPath
W44F,0.4393,Amb
W44G,0.9859,LPath
W44H,0.9953,LPath
W44I,0.9671,LPath
W44K,0.9991,LPath
W44L,0.9208,LPath
W44M,0.9668,LPath
W44N,0.9984,LPath
W44P,0.9997,LPath
W44Q,0.9991,LPath
W44R,0.9983,LPath
W44S,0.9953,LPath
W44T,0.9977,LPath
W44V,0.9807,LPath
W44Y,0.7462,LPath
T45A,0.069,LBen
T45C,0.2796,LBen
T45D,0.2648,LBen
T45E,0.1448,LBen
T45F,0.288,LBen
T45G,0.1268,LBen
T45H,0.1623,LBen
T45I,0.1187,LBen
T45K,0.0749,LBen
T45L,0.0838,LBen
T45M,0.0955,LBen
T45N,0.0884,LBen
T45P,0.1498,LBen
T45Q,0.1005,LBen
T45R,0.0988,LBen
T45S,0.0849,LBen
T45V,0.0901,LBen
T45W,0.615,LPath
T45Y,0.2731,LBen
K46A,0.2028,LBen
K46C,0.4145,Amb
K46D,0.5453,Amb
K46E,0.1658,LBen
K46F,0.552,Amb
K46G,0.4069,Amb
K46H,0.16,LBen
K46I,0.2176,LBen
K46L,0.263,LBen
K46M,0.178,LBen
K46N,0.3134,LBen
K46P,0.9283,LPath
K46Q,0.091,LBen
K46R,0.0732,LBen
K46S,0.2426,LBen
K46T,0.1033,LBen
K46V,0.1867,LBen
K46W,0.6738,LPath
K46Y,0.4283,Amb
P47A,0.4539,Amb
P47C,0.9777,LPath
P47D,0.9995,LPath
P47E,0.9981,LPath
P47F,0.9994,LPath
P47G,0.9531,LPath
P47H,0.9981,LPath
P47I,0.9948,LPath
P47K,0.9988,LPath
P47L,0.9622,LPath
P47M,0.9902,LPath
P47N,0.9988,LPath
P47Q,0.9952,LPath
P47R,0.9959,LPath
P47S,0.9641,LPath
P47T,0.9696,LPath
P47V,0.9766,LPath
P47W,0.9998,LPath
P47Y,0.9994,LPath
T48A,0.6138,LPath
T48C,0.9374,LPath
T48D,0.9794,LPath
T48E,0.9758,LPath
T48F,0.9856,LPath
T48G,0.6803,LPath
T48H,0.9365,LPath
T48I,0.9914,LPath
T48K,0.9224,LPath
T48L,0.859,LPath
T48M,0.7906,LPath
T48N,0.7938,LPath
T48P,0.9392,LPath
T48Q,0.8978,LPath
T48R,0.9216,LPath
T48S,0.2657,LBen
T48V,0.9507,LPath
T48W,0.9954,LPath
T48Y,0.9806,LPath
K49A,0.3077,LBen
K49C,0.7922,LPath
K49D,0.5989,LPath
K49E,0.2969,LBen
K49F,0.9345,LPath
K49G,0.4885,Amb
K49H,0.4593,Amb
K49I,0.6159,LPath
K49L,0.5214,Amb
K49M,0.4541,Amb
K49N,0.5356,Amb
K49P,0.4232,Amb
K49Q,0.159,LBen
K49R,0.0893,LBen
K49S,0.4654,Amb
K49T,0.2884,LBen
K49V,0.4734,Amb
K49W,0.9229,LPath
K49Y,0.8624,LPath
I50A,0.9935,LPath
I50C,0.9969,LPath
I50D,0.9998,LPath
I50E,0.9992,LPath
I50F,0.9887,LPath
I50G,0.9988,LPath
I50H,0.9997,LPath
I50K,0.9993,LPath
I50L,0.9461,LPath
I50M,0.9317,LPath
I50N,0.9968,LPath
I50P,0.997,LPath
I50Q,0.9992,LPath
I50R,0.9988,LPath
I50S,0.9949,LPath
I50T,0.9923,LPath
I50V,0.4382,Amb
I50W,0.9995,LPath
I50Y,0.9982,LPath
Q51A,0.9508,LPath
Q51C,0.9985,LPath
Q51D,0.9992,LPath
Q51E,0.8858,LPath
Q51F,0.9994,LPath
Q51G,0.9688,LPath
Q51H,0.997,LPath
Q51I,0.9933,LPath
Q51K,0.9962,LPath
Q51L,0.9823,LPath
Q51M,0.935,LPath
Q51N,0.9893,LPath
Q51P,0.9972,LPath
Q51R,0.9974,LPath
Q51S,0.9471,LPath
Q51T,0.9819,LPath
Q51V,0.9912,LPath
Q51W,0.9998,LPath
Q51Y,0.9998,LPath
I52A,0.119,LBen
I52C,0.3667,Amb
I52D,0.6561,LPath
I52E,0.2416,LBen
I52F,0.2303,LBen
I52G,0.4024,Amb
I52H,0.3924,Amb
I52K,0.1816,LBen
I52L,0.1021,LBen
I52M,0.0627,LBen
I52N,0.2474,LBen
I52P,0.9723,LPath
I52Q,0.1605,LBen
I52R,0.1513,LBen
I52S,0.1558,LBen
I52T,0.0844,LBen
I52V,0.0584,LBen
I52W,0.731,LPath
I52Y,0.4956,Amb
E53A,0.2316,LBen
E53C,0.9312,LPath
E53D,0.2946,LBen
E53F,0.9591,LPath
E53G,0.4782,Amb
E53H,0.7485,LPath
E53I,0.8179,LPath
E53K,0.4785,Amb
E53L,0.7083,LPath
E53M,0.7807,LPath
E53N,0.5683,LPath
E53P,0.9878,LPath
E53Q,0.2161,LBen
E53R,0.606,LPath
E53S,0.3789,Amb
E53T,0.4883,Amb
E53V,0.6149,LPath
E53W,0.9905,LPath
E53Y,0.9274,LPath
A54C,0.6361,LPath
A54D,0.9944,LPath
A54E,0.9922,LPath
A54F,0.9816,LPath
A54G,0.3991,Amb
A54H,0.9937,LPath
A54I,0.8133,LPath
A54K,0.9986,LPath
A54L,0.8466,LPath
A54M,0.814,LPath
A54N,0.9525,LPath
A54P,0.9985,LPath
A54Q,0.9825,LPath
A54R,0.9968,LPath
A54S,0.1301,LBen
A54T,0.2559,LBen
A54V,0.4751,Amb
A54W,0.9987,LPath
A54Y,0.992,LPath
I55A,0.9449,LPath
I55C,0.9693,LPath
I55D,0.9995,LPath
I55E,0.9984,LPath
I55F,0.827,LPath
I55G,0.9942,LPath
I55H,0.9975,LPath
I55K,0.9978,LPath
I55L,0.2025,LBen
I55M,0.3581,Amb
I55N,0.9868,LPath
I55P,0.998,LPath
I55Q,0.9962,LPath
I55R,0.9965,LPath
I55S,0.9742,LPath
I55T,0.9337,LPath
I55V,0.1394,LBen
I55W,0.9963,LPath
I55Y,0.9874,LPath
P56A,0.7348,LPath
P56C,0.9795,LPath
P56D,0.9733,LPath
P56E,0.9299,LPath
P56F,0.9928,LPath
P56G,0.8266,LPath
P56H,0.8995,LPath
P56I,0.9716,LPath
P56K,0.901,LPath
P56L,0.8823,LPath
P56M,0.9799,LPath
P56N,0.9486,LPath
P56Q,0.8539,LPath
P56R,0.8256,LPath
P56S,0.7873,LPath
P56T,0.7948,LPath
P56V,0.9215,LPath
P56W,0.9956,LPath
P56Y,0.9866,LPath
L57A,0.1917,LBen
L57C,0.4082,Amb
L57D,0.7298,LPath
L57E,0.42,Amb
L57F,0.1617,LBen
L57G,0.571,LPath
L57H,0.2104,LBen
L57I,0.0896,LBen
L57K,0.3223,LBen
L57M,0.1147,LBen
L57N,0.4015,Amb
L57P,0.2332,LBen
L57Q,0.1946,LBen
L57R,0.3103,LBen
L57S,0.2873,LBen
L57T,0.2241,LBen
L57V,0.0729,LBen
L57W,0.3154,LBen
L57Y,0.2988,LBen
A58C,0.7302,LPath
A58D,0.9964,LPath
A58E,0.9941,LPath
A58F,0.9643,LPath
A58G,0.2328,LBen
A58H,0.9907,LPath
A58I,0.9132,LPath
A58K,0.9987,LPath
A58L,0.8105,LPath
A58M,0.8756,LPath
A58N,0.9745,LPath
A58P,0.9898,LPath
A58Q,0.9779,LPath
A58R,0.9954,LPath
A58S,0.2011,LBen
A58T,0.6129,LPath
A58V,0.7406,LPath
A58W,0.9975,LPath
A58Y,0.9883,LPath
L59A,0.7178,LPath
L59C,0.6482,LPath
L59D,0.9834,LPath
L59E,0.8805,LPath
L59F,0.4202,Amb
L59G,0.88,LPath
L59H,0.727,LPath
L59I,0.1753,LBen
L59K,0.7091,LPath
L59M,0.1638,LBen
L59N,0.8399,LPath
L59P,0.9923,LPath
L59Q,0.4849,Amb
L59R,0.6188,LPath
L59S,0.8035,LPath
L59T,0.651,LPath
L59V,0.2119,LBen
L59W,0.7861,LPath
L59Y,0.8007,LPath
Q60A,0.1509,LBen
Q60C,0.6542,LPath
Q60D,0.297,LBen
Q60E,0.0723,LBen
Q60F,0.8165,LPath
Q60G,0.1998,LBen
Q60H,0.3026,LBen
Q60I,0.5364,Amb
Q60K,0.1051,LBen
Q60L,0.1837,LBen
Q60M,0.3913,Amb
Q60N,0.2672,LBen
Q60P,0.749,LPath
Q60R,0.1414,LBen
Q60S,0.1624,LBen
Q60T,0.19,LBen
Q60V,0.354,Amb
Q60W,0.8368,LPath
Q60Y,0.6841,LPath
G61A,0.5432,Amb
G61C,0.6582,LPath
G61D,0.3075,LBen
G61E,0.49,Amb
G61F,0.9611,LPath
G61H,0.6771,LPath
G61I,0.9585,LPath
G61K,0.7077,LPath
G61L,0.9218,LPath
G61M,0.9086,LPath
G61N,0.3161,LBen
G61P,0.9941,LPath
G61Q,0.5225,Amb
G61R,0.7084,LPath
G61S,0.2592,LBen
G61T,0.7263,LPath
G61V,0.9086,LPath
G61W,0.9163,LPath
G61Y,0.8619,LPath
R62A,0.6499,LPath
R62C,0.2714,LBen
R62D,0.8274,LPath
R62E,0.5231,Amb
R62F,0.8297,LPath
R62G,0.5284,Amb
R62H,0.1686,LBen
R62I,0.5559,Amb
R62K,0.0965,LBen
R62L,0.518,Amb
R62M,0.4975,Amb
R62N,0.641,LPath
R62P,0.9862,LPath
R62Q,0.1307,LBen
R62S,0.6786,LPath
R62T,0.5023,Amb
R62V,0.5831,LPath
R62W,0.5553,Amb
R62Y,0.6284,LPath
D63A,0.9953,LPath
D63C,0.9983,LPath
D63E,0.9929,LPath
D63F,0.9995,LPath
D63G,0.988,LPath
D63H,0.9959,LPath
D63I,0.9995,LPath
D63K,0.9991,LPath
D63L,0.9991,LPath
D63M,0.9997,LPath
D63N,0.9192,LPath
D63P,0.9992,LPath
D63Q,0.9984,LPath
D63R,0.9986,LPath
D63S,0.9717,LPath
D63T,0.9963,LPath
D63V,0.9978,LPath
D63W,0.9997,LPath
D63Y,0.9937,LPath
I64A,0.9234,LPath
I64C,0.8876,LPath
I64D,0.9981,LPath
I64E,0.9949,LPath
I64F,0.8449,LPath
I64G,0.9848,LPath
I64H,0.994,LPath
I64K,0.9933,LPath
I64L,0.1851,LBen
I64M,0.2946,LBen
I64N,0.964,LPath
I64P,0.9973,LPath
I64Q,0.9901,LPath
I64R,0.99,LPath
I64S,0.9517,LPath
I64T,0.8646,LPath
I64V,0.0837,LBen
I64W,0.9969,LPath
I64Y,0.9862,LPath
I65A,0.953,LPath
I65C,0.9896,LPath
I65D,0.9996,LPath
I65E,0.9986,LPath
I65F,0.955,LPath
I65G,0.9972,LPath
I65H,0.9991,LPath
I65K,0.9986,LPath
I65L,0.7394,LPath
I65M,0.7636,LPath
I65N,0.9976,LPath
I65P,0.9978,LPath
I65Q,0.9981,LPath
I65R,0.9959,LPath
I65S,0.9861,LPath
I65T,0.9084,LPath
I65V,0.3163,LBen
I65W,0.9971,LPath
I65Y,0.9964,LPath
G66A,0.5601,Amb
G66C,0.9381,LPath
G66D,0.9992,LPath
G66E,0.9994,LPath
G66F,0.9981,LPath
G66H,0.9996,LPath
G66I,0.992,LPath
G66K,0.9997,LPath
G66L,0.9888,LPath
G66M,0.9965,LPath
G66N,0.9988,LPath
G66P,0.9996,LPath
G66Q,0.9988,LPath
G66R,0.9983,LPath
G66S,0.919,LPath
G66T,0.9851,LPath
G66V,0.9796,LPath
G66W,0.9992,LPath
G66Y,0.999,LPath
L67A,0.9428,LPath
L67C,0.9595,LPath
L67D,0.9987,LPath
L67E,0.987,LPath
L67F,0.9573,LPath
L67G,0.9834,LPath
L67H,0.992,LPath
L67I,0.478,Amb
L67K,0.984,LPath
L67M,0.588,LPath
L67N,0.9829,LPath
L67P,0.999,LPath
L67Q,0.9782,LPath
L67R,0.9777,LPath
L67S,0.986,LPath
L67T,0.9108,LPath
L67V,0.5576,Amb
L67W,0.9861,LPath
L67Y,0.99,LPath
A68C,0.9854,LPath
A68D,0.9982,LPath
A68E,0.9985,LPath
A68F,0.9986,LPath
A68G,0.7799,LPath
A68H,0.9987,LPath
A68I,0.9998,LPath
A68K,0.9997,LPath
A68L,0.9924,LPath
A68M,0.9978,LPath
A68N,0.9986,LPath
A68P,0.9992,LPath
A68Q,0.9955,LPath
A68R,0.9963,LPath
A68S,0.6321,LPath
A68T,0.9946,LPath
A68V,0.9985,LPath
A68W,0.9996,LPath
A68Y,0.9991,LPath
E69A,0.7822,LPath
E69C,0.9962,LPath
E69D,0.9679,LPath
E69F,0.9989,LPath
E69G,0.8934,LPath
E69H,0.9967,LPath
E69I,0.985,LPath
E69K,0.9499,LPath
E69L,0.9883,LPath
E69M,0.9771,LPath
E69N,0.9824,LPath
E69P,0.9832,LPath
E69Q,0.6868,LPath
E69R,0.9616,LPath
E69S,0.8899,LPath
E69T,0.9508,LPath
E69V,0.9351,LPath
E69W,0.9998,LPath
E69Y,0.9987,LPath
T70A,0.9975,LPath
T70C,0.9999,LPath
T70D,0.9989,LPath
T70E,0.9966,LPath
T70F,0.9995,LPath
T70G,0.996,LPath
T70H,0.9993,LPath
T70I,0.9994,LPath
T70K,0.9979,LPath
T70L,0.9989,LPath
T70M,0.9974,LPath
T70N,0.9958,LPath
T70P,0.9958,LPath
T70Q,0.9995,LPath
T70R,0.9987,LPath
T70S,0.9963,LPath
T70V,0.9975,LPath
T70W,0.9999,LPath
T70Y,0.9995,LPath
G71A,0.9979,LPath
G71C,0.9994,LPath
G71D,0.9998,LPath
G71E,0.9999,LPath
G71F,0.9998,LPath
G71H,1.0,LPath
G71I,0.9997,LPath
G71K,0.9999,LPath
G71L,0.9997,LPath
G71M,0.9999,LPath
G71N,0.9999,LPath
G71P,0.9997,LPath
G71Q,0.9999,LPath
G71R,0.9996,LPath
G71S,0.9968,LPath
G71T,0.9992,LPath
G71V,0.9993,LPath
G71W,0.9999,LPath
G71Y,0.9999,LPath
S72A,0.88,LPath
S72C,0.9404,LPath
S72D,0.9975,LPath
S72E,0.9939,LPath
S72F,0.9964,LPath
S72G,0.9252,LPath
S72H,0.9935,LPath
S72I,0.9939,LPath
S72K,0.9987,LPath
S72L,0.9919,LPath
S72M,0.9812,LPath
S72N,0.9892,LPath
S72P,0.9995,LPath
S72Q,0.992,LPath
S72R,0.9986,LPath
S72T,0.7292,LPath
S72V,0.9882,LPath
S72W,0.9925,LPath
S72Y,0.995,LPath
G73A,0.9983,LPath
G73C,0.9988,LPath
G73D,0.9998,LPath
G73E,0.9998,LPath
G73F,0.9997,LPath
G73H,0.9999,LPath
G73I,0.9998,LPath
G73K,0.9998,LPath
G73L,0.9994,LPath
G73M,0.9998,LPath
G73N,0.9998,LPath
G73P,0.9999,LPath
G73Q,0.9997,LPath
G73R,0.9991,LPath
G73S,0.997,LPath
G73T,0.9994,LPath
G73V,0.9996,LPath
G73W,0.9998,LPath
G73Y,0.9999,LPath
K74A,0.9998,LPath
K74C,1.0,LPath
K74D,0.9996,LPath
K74E,0.999,LPath
K74F,1.0,LPath
K74G,0.9998,LPath
K74H,0.9997,LPath
K74I,0.9997,LPath
K74L,0.9999,LPath
K74M,0.9996,LPath
K74N,0.9997,LPath
K74P,0.9999,LPath
K74Q,0.9997,LPath
K74R,0.9713,LPath
K74S,0.9999,LPath
K74T,0.999,LPath
K74V,0.9998,LPath
K74W,1.0,LPath
K74Y,0.9999,LPath
T75A,0.9967,LPath
T75C,0.9996,LPath
T75D,0.9991,LPath
T75E,0.9988,LPath
T75F,0.9998,LPath
T75G,0.994,LPath
T75H,0.9991,LPath
T75I,0.9994,LPath
T75K,0.9979,LPath
T75L,0.9986,LPath
T75M,0.9973,LPath
T75N,0.998,LPath
T75P,0.9974,LPath
T75Q,0.9991,LPath
T75R,0.9975,LPath
T75S,0.9825,LPath
T75V,0.9975,LPath
T75W,0.9999,LPath
T75Y,0.9997,LPath
G76A,0.2236,LBen
G76C,0.9059,LPath
G76D,0.999,LPath
G76E,0.9987,LPath
G76F,0.994,LPath
G76H,0.9988,LPath
G76I,0.9767,LPath
G76K,0.9991,LPath
G76L,0.9559,LPath
G76M,0.9809,LPath
G76N,0.996,LPath
G76P,0.999,LPath
G76Q,0.996,LPath
G76R,0.996,LPath
G76S,0.787,LPath
G76T,0.9456,LPath
G76V,0.9421,LPath
G76W,0.9971,LPath
G76Y,0.9972,LPath
A77C,0.8262,LPath
A77D,0.9989,LPath
A77E,0.9987,LPath
A77F,0.9972,LPath
A77G,0.5286,Amb
A77H,0.9985,LPath
A77I,0.9874,LPath
A77K,0.9997,LPath
A77L,0.9637,LPath
A77M,0.9792,LPath
A77N,0.9912,LPath
A77P,0.9981,LPath
A77Q,0.9943,LPath
A77R,0.9979,LPath
A77S,0.2173,LBen
A77T,0.7311,LPath
A77V,0.9199,LPath
A77W,0.9998,LPath
A77Y,0.9988,LPath
F78A,0.9975,LPath
F78C,0.9947,LPath
F78D,0.9997,LPath
F78E,0.9997,LPath
F78G,0.9985,LPath
F78H,0.9966,LPath
F78I,0.9936,LPath
F78K,0.9996,LPath
F78L,0.9993,LPath
F78M,0.9916,LPath
F78N,0.9983,LPath
F78P,0.9999,LPath
F78Q,0.9993,LPath
F78R,0.9987,LPath
F78S,0.9971,LPath
F78T,0.9987,LPath
F78V,0.9891,LPath
F78W,0.9642,LPath
F78Y,0.7855,LPath
A79C,0.6392,LPath
A79D,0.9987,LPath
A79E,0.9975,LPath
A79F,0.9798,LPath
A79G,0.4075,Amb
A79H,0.9972,LPath
A79I,0.6701,LPath
A79K,0.9992,LPath
A79L,0.7444,LPath
A79M,0.8676,LPath
A79N,0.9901,LPath
A79P,0.9958,LPath
A79Q,0.9887,LPath
A79R,0.9968,LPath
A79S,0.2587,LBen
A79T,0.5092,Amb
A79V,0.398,Amb
A79W,0.999,LPath
A79Y,0.9952,LPath
L80A,0.9388,LPath
L80C,0.9423,LPath
L80D,0.9997,LPath
L80E,0.9981,LPath
L80F,0.7579,LPath
L80G,0.9934,LPath
L80H,0.994,LPath
L80I,0.1057,LBen
L80K,0.9966,LPath
L80M,0.3452,Amb
L80N,0.9939,LPath
L80P,0.9943,LPath
L80Q,0.9921,LPath
L80R,0.9949,LPath
L80S,0.9873,LPath
L80T,0.9432,LPath
L80V,0.2092,LBen
L80W,0.9834,LPath
L80Y,0.9822,LPath
P81A,0.872,LPath
P81C,0.9882,LPath
P81D,0.999,LPath
P81E,0.9986,LPath
P81F,0.999,LPath
P81G,0.9571,LPath
P81H,0.996,LPath
P81I,0.9922,LPath
P81K,0.999,LPath
P81L,0.9723,LPath
P81M,0.995,LPath
P81N,0.9969,LPath
P81Q,0.9952,LPath
P81R,0.997,LPath
P81S,0.9591,LPath
P81T,0.959,LPath
P81V,0.969,LPath
P81W,0.9997,LPath
P81Y,0.9991,LPath
I82A,0.873,LPath
I82C,0.9316,LPath
I82D,0.9993,LPath
I82E,0.9979,LPath
I82F,0.9239,LPath
I82G,0.9905,LPath
I82H,0.9979,LPath
I82K,0.998,LPath
I82L,0.3333,LBen
I82M,0.3557,Amb
I82N,0.9859,LPath
I82P,0.995,LPath
I82Q,0.9954,LPath
I82R,0.9966,LPath
I82S,0.9389,LPath
I82T,0.8317,LPath
I82V,0.0871,LBen
I82W,0.9993,LPath
I82Y,0.9964,LPath
L83A,0.9532,LPath
L83C,0.9126,LPath
L83D,0.9998,LPath
L83E,0.9979,LPath
L83F,0.925,LPath
L83G,0.9946,LPath
L83H,0.9969,LPath
L83I,0.2191,LBen
L83K,0.9975,LPath
L83M,0.4852,Amb
L83N,0.9967,LPath
L83P,0.9987,LPath
L83Q,0.9926,LPath
L83R,0.9954,LPath
L83S,0.9926,LPath
L83T,0.9508,LPath
L83V,0.3458,Amb
L83W,0.994,LPath
L83Y,0.9949,LPath
N84A,0.258,LBen
N84C,0.2551,LBen
N84D,0.1903,LBen
N84E,0.4106,Amb
N84F,0.7342,LPath
N84G,0.2985,LBen
N84H,0.1037,LBen
N84I,0.4707,Amb
N84K,0.606,LPath
N84L,0.4466,Amb
N84M,0.4328,Amb
N84P,0.9793,LPath
N84Q,0.2071,LBen
N84R,0.6154,LPath
N84S,0.0757,LBen
N84T,0.1604,LBen
N84V,0.3644,Amb
N84W,0.8788,LPath
N84Y,0.323,LBen
A85C,0.2829,LBen
A85D,0.3012,LBen
A85E,0.2995,LBen
A85F,0.3652,Amb
A85G,0.1582,LBen
A85H,0.3153,LBen
A85I,0.3464,Amb
A85K,0.458,Amb
A85L,0.2389,LBen
A85M,0.2418,LBen
A85N,0.2147,LBen
A85P,0.9857,LPath
A85Q,0.2671,LBen
A85R,0.4425,Amb
A85S,0.081,LBen
A85T,0.0969,LBen
A85V,0.184,LBen
A85W,0.8006,LPath
A85Y,0.4078,Amb
L86A,0.9541,LPath
L86C,0.9182,LPath
L86D,0.9996,LPath
L86E,0.9971,LPath
L86F,0.8213,LPath
L86G,0.9933,LPath
L86H,0.9836,LPath
L86I,0.4948,Amb
L86K,0.9915,LPath
L86M,0.4965,Amb
L86N,0.9947,LPath
L86P,0.998,LPath
L86Q,0.9804,LPath
L86R,0.983,LPath
L86S,0.9905,LPath
L86T,0.9696,LPath
L86V,0.5072,Amb
L86W,0.9505,LPath
L86Y,0.9688,LPath
L87A,0.8265,LPath
L87C,0.8943,LPath
L87D,0.9934,LPath
L87E,0.9582,LPath
L87F,0.7156,LPath
L87G,0.9468,LPath
L87H,0.9033,LPath
L87I,0.372,Amb
L87K,0.9155,LPath
L87M,0.3094,LBen
L87N,0.9517,LPath
L87P,0.9921,LPath
L87Q,0.8238,LPath
L87R,0.865,LPath
L87S,0.9122,LPath
L87T,0.8261,LPath
L87V,0.4257,Amb
L87W,0.8129,LPath
L87Y,0.9013,LPath
E88A,0.1193,LBen
E88C,0.7084,LPath
E88D,0.1082,LBen
E88F,0.7328,LPath
E88G,0.1787,LBen
E88H,0.3372,LBen
E88I,0.3057,LBen
E88K,0.1798,LBen
E88L,0.3074,LBen
E88M,0.4027,Amb
E88N,0.1822,LBen
E88P,0.8861,LPath
E88Q,0.1076,LBen
E88R,0.2892,LBen
E88S,0.147,LBen
E88T,0.155,LBen
E88V,0.1812,LBen
E88W,0.9132,LPath
E88Y,0.5909,LPath
T89A,0.0778,LBen
T89C,0.2688,LBen
T89D,0.3004,LBen
T89E,0.2052,LBen
T89F,0.2379,LBen
T89G,0.2374,LBen
T89H,0.1513,LBen
T89I,0.1641,LBen
T89K,0.1483,LBen
T89L,0.1155,LBen
T89M,0.0938,LBen
T89N,0.0677,LBen
T89P,0.578,LPath
T89Q,0.1264,LBen
T89R,0.1669,LBen
T89S,0.0838,LBen
T89V,0.1138,LBen
T89W,0.6701,LPath
T89Y,0.2208,LBen
P90A,0.3557,Amb
P90C,0.9451,LPath
P90D,0.9321,LPath
P90E,0.7809,LPath
P90F,0.9891,LPath
P90G,0.7219,LPath
P90H,0.7498,LPath
P90I,0.9576,LPath
P90K,0.7553,LPath
P90L,0.8662,LPath
P90M,0.9339,LPath
P90N,0.8175,LPath
P90Q,0.4521,Amb
P90R,0.618,LPath
P90S,0.4289,Amb
P90T,0.4875,Amb
P90V,0.8645,LPath
P90W,0.9876,LPath
P90Y,0.97,LPath
Q91A,0.3035,LBen
Q91C,0.7482,LPath
Q91D,0.8937,LPath
Q91E,0.3144,LBen
Q91F,0.903,LPath
Q91G,0.3635,Amb
Q91H,0.5459,Amb
Q91I,0.6554,LPath
Q91K,0.3417,Amb
Q91L,0.3602,Amb
Q91M,0.507,Amb
Q91N,0.5513,Amb
Q91P,0.8207,LPath
Q91R,0.337,LBen
Q91S,0.2515,LBen
Q91T,0.2768,LBen
Q91V,0.4001,Amb
Q91W,0.9348,LPath
Q91Y,0.8353,LPath
R92A,0.8529,LPath
R92C,0.6168,LPath
R92D,0.9517,LPath
R92E,0.8696,LPath
R92F,0.9468,LPath
R92G,0.6806,LPath
R92H,0.3633,Amb
R92I,0.9053,LPath
R92K,0.2576,LBen
R92L,0.8156,LPath
R92M,0.8835,LPath
R92N,0.8986,LPath
R92P,0.6898,LPath
R92Q,0.3471,Amb
R92S,0.8836,LPath
R92T,0.8648,LPath
R92V,0.9012,LPath
R92W,0.7377,LPath
R92Y,0.8456,LPath
L93A,0.5831,LPath
L93C,0.5221,Amb
L93D,0.9407,LPath
L93E,0.8541,LPath
L93F,0.1877,LBen
L93G,0.6072,LPath
L93H,0.5275,Amb
L93I,0.2554,LBen
L93K,0.7885,LPath
L93M,0.1424,LBen
L93N,0.4621,Amb
L93P,0.8581,LPath
L93Q,0.4069,Amb
L93R,0.7119,LPath
L93S,0.5867,LPath
L93T,0.4611,Amb
L93V,0.2498,LBen
L93W,0.5654,LPath
L93Y,0.3859,Amb
F94A,0.9452,LPath
F94C,0.6809,LPath
F94D,0.9942,LPath
F94E,0.9951,LPath
F94G,0.9678,LPath
F94H,0.6591,LPath
F94I,0.9595,LPath
F94K,0.9916,LPath
F94L,0.9921,LPath
F94M,0.9557,LPath
F94N,0.9343,LPath
F94P,0.9989,LPath
F94Q,0.9681,LPath
F94R,0.9719,LPath
F94S,0.882,LPath
F94T,0.9687,LPath
F94V,0.9195,LPath
F94W,0.6607,LPath
F94Y,0.1896,LBen
A95C,0.4922,Amb
A95D,0.9979,LPath
A95E,0.9984,LPath
A95F,0.9895,LPath
A95G,0.1539,LBen
A95H,0.9969,LPath
A95I,0.9462,LPath
A95K,0.9995,LPath
A95L,0.9186,LPath
A95M,0.9481,LPath
A95N,0.9889,LPath
A95P,0.9941,LPath
A95Q,0.993,LPath
A95R,0.9976,LPath
A95S,0.1958,LBen
A95T,0.4791,Amb
A95V,0.7341,LPath
A95W,0.9995,LPath
A95Y,0.9973,LPath
L96A,0.7382,LPath
L96C,0.5654,LPath
L96D,0.9997,LPath
L96E,0.9977,LPath
L96F,0.9151,LPath
L96G,0.9711,LPath
L96H,0.9967,LPath
L96I,0.2164,LBen
L96K,0.998,LPath
L96M,0.3221,LBen
L96N,0.9956,LPath
L96P,0.9982,LPath
L96Q,0.9905,LPath
L96R,0.9959,LPath
L96S,0.9784,LPath
L96T,0.8567,LPath
L96V,0.14,LBen
L96W,0.9973,LPath
L96Y,0.9957,LPath
V97A,0.9002,LPath
V97C,0.9287,LPath
V97D,0.9987,LPath
V97E,0.9968,LPath
V97F,0.963,LPath
V97G,0.9634,LPath
V97H,0.9988,LPath
V97I,0.0907,LBen
V97K,0.9987,LPath
V97L,0.7932,LPath
V97M,0.8725,LPath
V97N,0.9921,LPath
V97P,0.9963,LPath
V97Q,0.9958,LPath
V97R,0.9974,LPath
V97S,0.9534,LPath
V97T,0.902,LPath
V97W,0.9996,LPath
V97Y,0.9975,LPath
L98A,0.9728,LPath
L98C,0.9256,LPath
L98D,0.9998,LPath
L98E,0.9986,LPath
L98F,0.8908,LPath
L98G,0.9976,LPath
L98H,0.998,LPath
L98I,0.2448,LBen
L98K,0.9985,LPath
L98M,0.3015,LBen
L98N,0.9983,LPath
L98P,0.9987,LPath
L98Q,0.9943,LPath
L98R,0.9976,LPath
L98S,0.996,LPath
L98T,0.9821,LPath
L98V,0.3127,LBen
L98W,0.9951,LPath
L98Y,0.995,LPath
T99A,0.3205,LBen
T99C,0.6247,LPath
T99D,0.9977,LPath
T99E,0.9937,LPath
T99F,0.9952,LPath
T99G,0.8785,LPath
T99H,0.9911,LPath
T99I,0.9574,LPath
T99K,0.9968,LPath
T99L,0.8382,LPath
T99M,0.8463,LPath
T99N,0.9565,LPath
T99P,0.9349,LPath
T99Q,0.9867,LPath
T99R,0.9937,LPath
T99S,0.5126,Amb
T99V,0.7341,LPath
T99W,0.9997,LPath
T99Y,0.9977,LPath
P100A,0.9901,LPath
P100C,0.9995,LPath
P100D,0.9996,LPath
P100E,0.9995,LPath
P100F,1.0,LPath
P100G,0.9978,LPath
P100H,0.9992,LPath
P100I,0.9998,LPath
P100K,0.9998,LPath
P100L,0.9982,LPath
P100M,0.9998,LPath
P100N,0.9995,LPath
P100Q,0.9994,LPath
P100R,0.9991,LPath
P100S,0.9969,LPath
P100T,0.9976,LPath
P100V,0.9988,LPath
P100W,1.0,LPath
P100Y,0.9999,LPath
T101A,0.9158,LPath
T101C,0.99,LPath
T101D,0.9985,LPath
T101E,0.9971,LPath
T101F,0.998,LPath
T101G,0.979,LPath
T101H,0.9968,LPath
T101I,0.9938,LPath
T101K,0.9964,LPath
T101L,0.9797,LPath
T101M,0.9769,LPath
T101N,0.9841,LPath
T101P,0.9705,LPath
T101Q,0.9937,LPath
T101R,0.9941,LPath
T101S,0.9215,LPath
T101V,0.9561,LPath
T101W,0.9997,LPath
T101Y,0.9989,LPath
R102A,0.9994,LPath
R102C,0.9988,LPath
R102D,0.9995,LPath
R102E,0.9961,LPath
R102F,0.9999,LPath
R102G,0.999,LPath
R102H,0.9969,LPath
R102I,0.9998,LPath
R102K,0.9926,LPath
R102L,0.999,LPath
R102M,0.9999,LPath
R102N,0.9997,LPath
R102P,0.9995,LPath
R102Q,0.9964,LPath
R102S,0.9993,LPath
R102T,0.9994,LPath
R102V,0.9994,LPath
R102W,0.9973,LPath
R102Y,0.9995,LPath
E103A,0.9989,LPath
E103C,0.9997,LPath
E103D,0.9992,LPath
E103F,0.9999,LPath
E103G,0.9988,LPath
E103H,0.9998,LPath
E103I,0.9997,LPath
E103K,0.9996,LPath
E103L,0.9999,LPath
E103M,0.9998,LPath
E103N,0.9998,LPath
E103P,0.9997,LPath
E103Q,0.9976,LPath
E103R,0.9993,LPath
E103S,0.9993,LPath
E103T,0.9998,LPath
E103V,0.9994,LPath
E103W,1.0,LPath
E103Y,0.9999,LPath
L104A,0.9953,LPath
L104C,0.999,LPath
L104D,0.9999,LPath
L104E,0.9991,LPath
L104F,0.9992,LPath
L104G,0.9974,LPath
L104H,0.9996,LPath
L104I,0.9798,LPath
L104K,0.9969,LPath
L104M,0.969,LPath
L104N,0.9976,LPath
L104P,0.9999,LPath
L104Q,0.9996,LPath
L104R,0.9978,LPath
L104S,0.9996,LPath
L104T,0.9966,LPath
L104V,0.9907,LPath
L104W,0.9996,LPath
L104Y,0.9995,LPath
A105C,0.9246,LPath
A105D,0.9993,LPath
A105E,0.9994,LPath
A105F,0.9992,LPath
A105G,0.5741,LPath
A105H,0.9994,LPath
A105I,0.9979,LPath
A105K,0.9999,LPath
A105L,0.9847,LPath
A105M,0.9963,LPath
A105N,0.9969,LPath
A105P,0.9973,LPath
A105Q,0.9964,LPath
A105R,0.9983,LPath
A105S,0.5096,Amb
A105T,0.9739,LPath
A105V,0.9858,LPath
A105W,0.9999,LPath
A105Y,0.9995,LPath
F106A,0.9775,LPath
F106C,0.8889,LPath
F106D,0.9975,LPath
F106E,0.9969,LPath
F106G,0.9899,LPath
F106H,0.9644,LPath
F106I,0.7968,LPath
F106K,0.9969,LPath
F106L,0.9873,LPath
F106M,0.8949,LPath
F106N,0.9812,LPath
F106P,0.9998,LPath
F106Q,0.9876,LPath
F106R,0.9916,LPath
F106S,0.9711,LPath
F106T,0.9787,LPath
F106V,0.7488,LPath
F106W,0.8532,LPath
F106Y,0.3752,Amb
Q107A,0.978,LPath
Q107C,0.9999,LPath
Q107D,0.9991,LPath
Q107E,0.9773,LPath
Q107F,0.9991,LPath
Q107G,0.9646,LPath
Q107H,0.9996,LPath
Q107I,0.9958,LPath
Q107K,0.9967,LPath
Q107L,0.9873,LPath
Q107M,0.984,LPath
Q107N,0.9935,LPath
Q107P,0.9973,LPath
Q107R,0.9977,LPath
Q107S,0.9423,LPath
Q107T,0.9795,LPath
Q107V,0.9946,LPath
Q107W,0.9999,LPath
Q107Y,0.9998,LPath
I108A,0.9858,LPath
I108C,0.9937,LPath
I108D,0.9993,LPath
I108E,0.9987,LPath
I108F,0.9937,LPath
I108G,0.9974,LPath
I108H,0.9995,LPath
I108K,0.9987,LPath
I108L,0.6658,LPath
I108M,0.8291,LPath
I108N,0.9881,LPath
I108P,0.9994,LPath
I108Q,0.9988,LPath
I108R,0.9985,LPath
I108S,0.9864,LPath
I108T,0.9338,LPath
I108V,0.4026,Amb
I108W,0.9998,LPath
I108Y,0.9991,LPath
S109A,0.0908,LBen
S109C,0.1505,LBen
S109D,0.8525,LPath
S109E,0.8137,LPath
S109F,0.5318,Amb
S109G,0.0919,LBen
S109H,0.4699,Amb
S109I,0.7314,LPath
S109K,0.8777,LPath
S109L,0.3313,LBen
S109M,0.4183,Amb
S109N,0.3334,LBen
S109P,0.9935,LPath
S109Q,0.5583,Amb
S109R,0.8081,LPath
S109T,0.219,LBen
S109V,0.5805,LPath
S109W,0.7171,LPath
S109Y,0.4772,Amb
E110A,0.5387,Amb
E110C,0.9818,LPath
E110D,0.4942,Amb
E110F,0.9904,LPath
E110G,0.553,Amb
E110H,0.9461,LPath
E110I,0.9431,LPath
E110K,0.8023,LPath
E110L,0.9045,LPath
E110M,0.917,LPath
E110N,0.836,LPath
E110P,0.9973,LPath
E110Q,0.3599,Amb
E110R,0.8554,LPath
E110S,0.5611,Amb
E110T,0.7321,LPath
E110V,0.8351,LPath
E110W,0.9975,LPath
E110Y,0.982,LPath
Q111A,0.388,Amb
Q111C,0.9214,LPath
Q111D,0.9631,LPath
Q111E,0.5237,Amb
Q111F,0.9603,LPath
Q111G,0.6716,LPath
Q111H,0.7957,LPath
Q111I,0.7713,LPath
Q111K,0.9036,LPath
Q111L,0.7118,LPath
Q111M,0.6154,LPath
Q111N,0.3796,Amb
Q111P,0.9706,LPath
Q111R,0.9153,LPath
Q111S,0.2371,LBen
Q111T,0.2754,LBen
Q111V,0.5375,Amb
Q111W,0.9897,LPath
Q111Y,0.9456,LPath
F112A,0.9278,LPath
F112C,0.7261,LPath
F112D,0.9986,LPath
F112E,0.998,LPath
F112G,0.985,LPath
F112H,0.9902,LPath
F112I,0.4818,Amb
F112K,0.9988,LPath
F112L,0.9567,LPath
F112M,0.6669,LPath
F112N,0.9905,LPath
F112P,0.9998,LPath
F112Q,0.995,LPath
F112R,0.997,LPath
F112S,0.957,LPath
F112T,0.8932,LPath
F112V,0.4394,Amb
F112W,0.8909,LPath
F112Y,0.7451,LPath
E113A,0.2598,LBen
E113C,0.8857,LPath
E113D,0.2228,LBen
E113F,0.9009,LPath
E113G,0.3311,LBen
E113H,0.6479,LPath
E113I,0.581,LPath
E113K,0.4548,Amb
E113L,0.5829,LPath
E113M,0.6445,LPath
E113N,0.3961,Amb
E113P,0.9895,LPath
E113Q,0.2012,LBen
E113R,0.5548,Amb
E113S,0.2647,LBen
E113T,0.2937,LBen
E113V,0.399,Amb
E113W,0.9746,LPath
E113Y,0.8439,LPath
A114C,0.8894,LPath
A114D,0.9874,LPath
A114E,0.9813,LPath
A114F,0.9303,LPath
A114G,0.3983,Amb
A114H,0.9697,LPath
A114I,0.8955,LPath
A114K,0.984,LPath
A114L,0.7571,LPath
A114M,0.8237,LPath
A114N,0.9185,LPath
A114P,0.9928,LPath
A114Q,0.9365,LPath
A114R,0.9682,LPath
A114S,0.2977,LBen
A114T,0.6852,LPath
A114V,0.7168,LPath
A114W,0.9933,LPath
A114Y,0.9576,LPath
L115A,0.932,LPath
L115C,0.9498,LPath
L115D,0.9997,LPath
L115E,0.9976,LPath
L115F,0.7264,LPath
L115G,0.9938,LPath
L115H,0.9939,LPath
L115I,0.3267,LBen
L115K,0.9958,LPath
L115M,0.4046,Amb
L115N,0.9966,LPath
L115P,0.9976,LPath
L115Q,0.9896,LPath
L115R,0.9917,LPath
L115S,0.9911,LPath
L115T,0.9512,LPath
L115V,0.4226,Amb
L115W,0.9728,LPath
L115Y,0.9789,LPath
G116A,0.8645,LPath
G116C,0.9818,LPath
G116D,0.9988,LPath
G116E,0.9991,LPath
G116F,0.9985,LPath
G116H,0.9997,LPath
G116I,0.998,LPath
G116K,0.9996,LPath
G116L,0.9971,LPath
G116M,0.9986,LPath
G116N,0.9989,LPath
G116P,0.9997,LPath
G116Q,0.9987,LPath
G116R,0.9984,LPath
G116S,0.9251,LPath
G116T,0.9873,LPath
G116V,0.9942,LPath
G116W,0.9993,LPath
G116Y,0.9994,LPath
S117A,0.072,LBen
S117C,0.14,LBen
S117D,0.8921,LPath
S117E,0.8645,LPath
S117F,0.4933,Amb
S117G,0.1141,LBen
S117H,0.6339,LPath
S117I,0.328,LBen
S117K,0.8913,LPath
S117L,0.1937,LBen
S117M,0.2739,LBen
S117N,0.3829,Amb
S117P,0.9438,LPath
S117Q,0.6665,LPath
S117R,0.8526,LPath
S117T,0.1274,LBen
S117V,0.2506,LBen
S117W,0.7752,LPath
S117Y,0.4752,Amb
S118A,0.0815,LBen
S118C,0.1319,LBen
S118D,0.7051,LPath
S118E,0.7423,LPath
S118F,0.4117,Amb
S118G,0.0801,LBen
S118H,0.5033,Amb
S118I,0.2789,LBen
S118K,0.8085,LPath
S118L,0.1626,LBen
S118M,0.2454,LBen
S118N,0.2293,LBen
S118P,0.3008,LBen
S118Q,0.5691,LPath
S118R,0.7698,LPath
S118T,0.0854,LBen
S118V,0.1948,LBen
S118W,0.6815,LPath
S118Y,0.4228,Amb
I119A,0.5848,LPath
I119C,0.8779,LPath
I119D,0.9945,LPath
I119E,0.9847,LPath
I119F,0.4175,Amb
I119G,0.9558,LPath
I119H,0.9745,LPath
I119K,0.9723,LPath
I119L,0.256,LBen
I119M,0.1911,LBen
I119N,0.9488,LPath
I119P,0.9787,LPath
I119Q,0.9576,LPath
I119R,0.9403,LPath
I119S,0.801,LPath
I119T,0.4921,Amb
I119V,0.1032,LBen
I119W,0.9651,LPath
I119Y,0.9402,LPath
G120A,0.4422,Amb
G120C,0.6924,LPath
G120D,0.9361,LPath
G120E,0.9546,LPath
G120F,0.9671,LPath
G120H,0.8949,LPath
G120I,0.956,LPath
G120K,0.9503,LPath
G120L,0.9188,LPath
G120M,0.9267,LPath
G120N,0.7469,LPath
G120P,0.9929,LPath
G120Q,0.8303,LPath
G120R,0.8706,LPath
G120S,0.3346,LBen
G120T,0.7675,LPath
G120V,0.9026,LPath
G120W,0.9617,LPath
G120Y,0.9482,LPath
V121A,0.5631,Amb
V121C,0.7507,LPath
V121D,0.995,LPath
V121E,0.9886,LPath
V121F,0.76,LPath
V121G,0.7542,LPath
V121H,0.9932,LPath
V121I,0.0875,LBen
V121K,0.9895,LPath
V121L,0.3048,LBen
V121M,0.4763,Amb
V121N,0.9643,LPath
V121P,0.9714,LPath
V121Q,0.977,LPath
V121R,0.9823,LPath
V121S,0.8516,LPath
V121T,0.6858,LPath
V121W,0.9946,LPath
V121Y,0.9746,LPath
Q122A,0.1669,LBen
Q122C,0.4896,Amb
Q122D,0.5137,Amb
Q122E,0.1677,LBen
Q122F,0.6086,LPath
Q122G,0.2715,LBen
Q122H,0.1511,LBen
Q122I,0.3503,Amb
Q122K,0.1307,LBen
Q122L,0.1584,LBen
Q122M,0.3224,LBen
Q122N,0.2186,LBen
Q122P,0.5917,LPath
Q122R,0.1451,LBen
Q122S,0.1456,LBen
Q122T,0.1315,LBen
Q122V,0.212,LBen
Q122W,0.7346,LPath
Q122Y,0.4281,Amb
S123A,0.0955,LBen
S123C,0.0576,LBen
S123D,0.8018,LPath
S123E,0.8765,LPath
S123F,0.6302,LPath
S123G,0.1342,LBen
S123H,0.6598,LPath
S123I,0.2906,LBen
S123K,0.9334,LPath
S123L,0.2496,LBen
S123M,0.2891,LBen
S123N,0.2728,LBen
S123P,0.6934,LPath
S123Q,0.7903,LPath
S123R,0.9222,LPath
S123T,0.0748,LBen
S123V,0.1913,LBen
S123W,0.833,LPath
S123Y,0.5634,Amb
A124C,0.2737,LBen
A124D,0.9587,LPath
A124E,0.912,LPath
A124F,0.8293,LPath
A124G,0.3774,Amb
A124H,0.8969,LPath
A124I,0.3659,Amb
A124K,0.9548,LPath
A124L,0.41,Amb
A124M,0.389,Amb
A124N,0.7735,LPath
A124P,0.9839,LPath
A124Q,0.8034,LPath
A124R,0.9259,LPath
A124S,0.1475,LBen
A124T,0.1043,LBen
A124V,0.1505,LBen
A124W,0.9817,LPath
A124Y,0.9139,LPath
V125A,0.715,LPath
V125C,0.8114,LPath
V125D,0.9918,LPath
V125E,0.9837,LPath
V125F,0.9555,LPath
V125G,0.8422,LPath
V125H,0.9942,LPath
V125I,0.1787,LBen
V125K,0.9842,LPath
V125L,0.7795,LPath
V125M,0.752,LPath
V125N,0.9361,LPath
V125P,0.9718,LPath
V125Q,0.9684,LPath
V125R,0.9776,LPath
V125S,0.8202,LPath
V125T,0.4515,Amb
V125W,0.9988,LPath
V125Y,0.9936,LPath
I126A,0.8724,LPath
I126C,0.9373,LPath
I126D,0.9995,LPath
I126E,0.9982,LPath
I126F,0.9331,LPath
I126G,0.9934,LPath
I126H,0.9986,LPath
I126K,0.9984,LPath
I126L,0.2286,LBen
I126M,0.4809,Amb
I126N,0.9914,LPath
I126P,0.9956,LPath
I126Q,0.9971,LPath
I126R,0.9971,LPath
I126S,0.9729,LPath
I126T,0.865,LPath
I126V,0.0963,LBen
I126W,0.9988,LPath
I126Y,0.9964,LPath
V127A,0.9241,LPath
V127C,0.9671,LPath
V127D,0.9992,LPath
V127E,0.998,LPath
V127F,0.9574,LPath
V127G,0.9592,LPath
V127H,0.9989,LPath
V127I,0.2448,LBen
V127K,0.9981,LPath
V127L,0.947,LPath
V127M,0.9441,LPath
V127N,0.997,LPath
V127P,0.9966,LPath
V127Q,0.9966,LPath
V127R,0.9934,LPath
V127S,0.9616,LPath
V127T,0.7492,LPath
V127W,0.9991,LPath
V127Y,0.9961,LPath
G128A,0.9925,LPath
G128C,0.9982,LPath
G128D,0.9996,LPath
G128E,0.9997,LPath
G128F,0.9994,LPath
G128H,0.9999,LPath
G128I,0.9993,LPath
G128K,0.9998,LPath
G128L,0.9994,LPath
G128M,0.9997,LPath
G128N,0.9997,LPath
G128P,0.9997,LPath
G128Q,0.9998,LPath
G128R,0.9995,LPath
G128S,0.9941,LPath
G128T,0.9979,LPath
G128V,0.9988,LPath
G128W,0.9987,LPath
G128Y,0.9996,LPath
G129A,0.9893,LPath
G129C,0.9977,LPath
G129D,0.9985,LPath
G129E,0.999,LPath
G129F,0.9988,LPath
G129H,0.9996,LPath
G129I,0.9985,LPath
G129K,0.9993,LPath
G129L,0.9989,LPath
G129M,0.9991,LPath
G129N,0.9981,LPath
G129P,0.9998,LPath
G129Q,0.9991,LPath
G129R,0.9986,LPath
G129S,0.9874,LPath
G129T,0.9968,LPath
G129V,0.998,LPath
G129W,0.9989,LPath
G129Y,0.9992,LPath
I130A,0.7306,LPath
I130C,0.8978,LPath
I130D,0.9804,LPath
I130E,0.9408,LPath
I130F,0.4606,Amb
I130G,0.9327,LPath
I130H,0.9436,LPath
I130K,0.911,LPath
I130L,0.1779,LBen
I130M,0.1176,LBen
I130N,0.847,LPath
I130P,0.988,LPath
I130Q,0.8642,LPath
I130R,0.867,LPath
I130S,0.7824,LPath
I130T,0.5563,Amb
I130V,0.1087,LBen
I130W,0.9453,LPath
I130Y,0.9066,LPath
D131A,0.9167,LPath
D131C,0.9779,LPath
D131E,0.7588,LPath
D131F,0.9953,LPath
D131G,0.9125,LPath
D131H,0.9656,LPath
D131I,0.9913,LPath
D131K,0.9858,LPath
D131L,0.9804,LPath
D131M,0.995,LPath
D131N,0.7143,LPath
D131P,0.9658,LPath
D131Q,0.9674,LPath
D131R,0.9832,LPath
D131S,0.7805,LPath
D131T,0.9536,LPath
D131V,0.9731,LPath
D131W,0.9991,LPath
D131Y,0.973,LPath
S132A,0.0843,LBen
S132C,0.1883,LBen
S132D,0.7942,LPath
S132E,0.8061,LPath
S132F,0.3646,Amb
S132G,0.1047,LBen
S132H,0.5339,Amb
S132I,0.2341,LBen
S132K,0.8892,LPath
S132L,0.1434,LBen
S132M,0.1255,LBen
S132N,0.199,LBen
S132P,0.2816,LBen
S132Q,0.5377,Amb
S132R,0.8705,LPath
S132T,0.0937,LBen
S132V,0.195,LBen
S132W,0.6657,LPath
S132Y,0.3642,Amb
M133A,0.7249,LPath
M133C,0.8974,LPath
M133D,0.9885,LPath
M133E,0.9701,LPath
M133F,0.4843,Amb
M133G,0.9042,LPath
M133H,0.8984,LPath
M133I,0.5934,LPath
M133K,0.8839,LPath
M133L,0.2665,LBen
M133N,0.8766,LPath
M133P,0.9498,LPath
M133Q,0.7742,LPath
M133R,0.8515,LPath
M133S,0.7732,LPath
M133T,0.6622,LPath
M133V,0.0957,LBen
M133W,0.9498,LPath
M133Y,0.8765,LPath
S134A,0.0905,LBen
S134C,0.3835,Amb
S134D,0.9,LPath
S134E,0.8577,LPath
S134F,0.6761,LPath
S134G,0.1417,LBen
S134H,0.7053,LPath
S134I,0.5507,Amb
S134K,0.9414,LPath
S134L,0.267,LBen
S134M,0.3145,LBen
S134N,0.3483,Amb
S134P,0.7786,LPath
S134Q,0.6006,LPath
S134R,0.9406,LPath
S134T,0.1112,LBen
S134V,0.4019,Amb
S134W,0.8557,LPath
S134Y,0.6525,LPath
Q135A,0.8805,LPath
Q135C,0.998,LPath
Q135D,0.9916,LPath
Q135E,0.7271,LPath
Q135F,0.9988,LPath
Q135G,0.9277,LPath
Q135H,0.9966,LPath
Q135I,0.9915,LPath
Q135K,0.9902,LPath
Q135L,0.9713,LPath
Q135M,0.9418,LPath
Q135N,0.9555,LPath
Q135P,0.9955,LPath
Q135R,0.9923,LPath
Q135S,0.8712,LPath
Q135T,0.9416,LPath
Q135V,0.9757,LPath
Q135W,0.9997,LPath
Q135Y,0.9994,LPath
S136A,0.1101,LBen
S136C,0.3367,LBen
S136D,0.9892,LPath
S136E,0.9723,LPath
S136F,0.8962,LPath
S136G,0.2398,LBen
S136H,0.9174,LPath
S136I,0.8343,LPath
S136K,0.9916,LPath
S136L,0.5997,LPath
S136M,0.5516,Amb
S136N,0.7194,LPath
S136P,0.9972,LPath
S136Q,0.8161,LPath
S136R,0.9893,LPath
S136T,0.3061,LBen
S136V,0.6911,LPath
S136W,0.9688,LPath
S136Y,0.8802,LPath
L137A,0.8839,LPath
L137C,0.9514,LPath
L137D,0.9983,LPath
L137E,0.9872,LPath
L137F,0.755,LPath
L137G,0.9809,LPath
L137H,0.9648,LPath
L137I,0.1607,LBen
L137K,0.941,LPath
L137M,0.2016,LBen
L137N,0.9721,LPath
L137P,0.9958,LPath
L137Q,0.8941,LPath
L137R,0.9031,LPath
L137S,0.973,LPath
L137T,0.8894,LPath
L137V,0.2104,LBen
L137W,0.9306,LPath
L137Y,0.9489,LPath
A138C,0.5118,Amb
A138D,0.8538,LPath
A138E,0.6974,LPath
A138F,0.503,Amb
A138G,0.3131,LBen
A138H,0.7005,LPath
A138I,0.339,LBen
A138K,0.8589,LPath
A138L,0.1925,LBen
A138M,0.2163,LBen
A138N,0.478,Amb
A138P,0.9876,LPath
A138Q,0.4312,Amb
A138R,0.8113,LPath
A138S,0.1143,LBen
A138T,0.1316,LBen
A138V,0.1734,LBen
A138W,0.9096,LPath
A138Y,0.6969,LPath
L139A,0.9809,LPath
L139C,0.9789,LPath
L139D,0.9999,LPath
L139E,0.9994,LPath
L139F,0.9356,LPath
L139G,0.9983,LPath
L139H,0.9988,LPath
L139I,0.4152,Amb
L139K,0.9985,LPath
L139M,0.5233,Amb
L139N,0.9989,LPath
L139P,0.9993,LPath
L139Q,0.9973,LPath
L139R,0.997,LPath
L139S,0.9982,LPath
L139T,0.987,LPath
L139V,0.5287,Amb
L139W,0.9958,LPath
L139Y,0.9966,LPath
A140C,0.8106,LPath
A140D,0.994,LPath
A140E,0.9835,LPath
A140F,0.9373,LPath
A140G,0.2685,LBen
A140H,0.9666,LPath
A140I,0.9368,LPath
A140K,0.9932,LPath
A140L,0.745,LPath
A140M,0.7574,LPath
A140N,0.9165,LPath
A140P,0.9949,LPath
A140Q,0.8479,LPath
A140R,0.9745,LPath
A140S,0.1593,LBen
A140T,0.6214,LPath
A140V,0.7793,LPath
A140W,0.9913,LPath
A140Y,0.9699,LPath
K141A,0.9457,LPath
K141C,0.9586,LPath
K141D,0.9864,LPath
K141E,0.9076,LPath
K141F,0.9966,LPath
K141G,0.8996,LPath
K141H,0.8219,LPath
K141I,0.9834,LPath
K141L,0.9527,LPath
K141M,0.9505,LPath
K141N,0.9671,LPath
K141P,0.9903,LPath
K141Q,0.5368,Amb
K141R,0.0852,LBen
K141S,0.9522,LPath
K141T,0.9327,LPath
K141V,0.9628,LPath
K141W,0.9893,LPath
K141Y,0.9859,LPath
K142A,0.924,LPath
K142C,0.9014,LPath
K142D,0.9748,LPath
K142E,0.939,LPath
K142F,0.9804,LPath
K142G,0.8959,LPath
K142H,0.6667,LPath
K142I,0.9329,LPath
K142L,0.8912,LPath
K142M,0.8275,LPath
K142N,0.9123,LPath
K142P,0.9643,LPath
K142Q,0.553,Amb
K142R,0.1179,LBen
K142S,0.9389,LPath
K142T,0.8579,LPath
K142V,0.8966,LPath
K142W,0.9734,LPath
K142Y,0.9145,LPath
P143A,0.9039,LPath
P143C,0.9848,LPath
P143D,0.9986,LPath
P143E,0.9975,LPath
P143F,0.9988,LPath
P143G,0.9887,LPath
P143H,0.9938,LPath
P143I,0.9848,LPath
P143K,0.997,LPath
P143L,0.9753,LPath
P143M,0.9923,LPath
P143N,0.9946,LPath
P143Q,0.9922,LPath
P143R,0.9922,LPath
P143S,0.9756,LPath
P143T,0.9509,LPath
P143V,0.9546,LPath
P143W,0.9995,LPath
P143Y,0.998,LPath
H144A,0.9632,LPath
H144C,0.8803,LPath
H144D,0.9313,LPath
H144E,0.9835,LPath
H144F,0.9706,LPath
H144G,0.9781,LPath
H144I,0.9928,LPath
H144K,0.992,LPath
H144L,0.96,LPath
H144M,0.9838,LPath
H144N,0.6741,LPath
H144P,0.9306,LPath
H144Q,0.9187,LPath
H144R,0.9772,LPath
H144S,0.8761,LPath
H144T,0.9822,LPath
H144V,0.9891,LPath
H144W,0.9718,LPath
H144Y,0.9002,LPath
I145A,0.9445,LPath
I145C,0.8888,LPath
I145D,0.9993,LPath
I145E,0.9983,LPath
I145F,0.7491,LPath
I145G,0.9914,LPath
I145H,0.9962,LPath
I145K,0.9975,LPath
I145L,0.4081,Amb
I145M,0.4993,Amb
I145N,0.9878,LPath
I145P,0.9985,LPath
I145Q,0.9961,LPath
I145R,0.9952,LPath
I145S,0.9767,LPath
I145T,0.9377,LPath
I145V,0.0724,LBen
I145W,0.9972,LPath
I145Y,0.9851,LPath
I146A,0.9063,LPath
I146C,0.8922,LPath
I146D,0.9991,LPath
I146E,0.998,LPath
I146F,0.8304,LPath
I146G,0.9878,LPath
I146H,0.9968,LPath
I146K,0.9974,LPath
I146L,0.2206,LBen
I146M,0.416,Amb
I146N,0.9895,LPath
I146P,0.9957,LPath
I146Q,0.9951,LPath
I146R,0.9954,LPath
I146S,0.9724,LPath
I146T,0.9137,LPath
I146V,0.0741,LBen
I146W,0.997,LPath
I146Y,0.9872,LPath
I147A,0.923,LPath
I147C,0.9476,LPath
I147D,0.9994,LPath
I147E,0.9984,LPath
I147F,0.9498,LPath
I147G,0.9938,LPath
I147H,0.9983,LPath
I147K,0.9983,LPath
I147L,0.7242,LPath
I147M,0.7363,LPath
I147N,0.9909,LPath
I147P,0.9955,LPath
I147Q,0.9976,LPath
I147R,0.9965,LPath
I147S,0.9561,LPath
I147T,0.7433,LPath
I147V,0.0841,LBen
I147W,0.999,LPath
I147Y,0.997,LPath
A148C,0.8334,LPath
A148D,0.9991,LPath
A148E,0.9995,LPath
A148F,0.9986,LPath
A148G,0.1984,LBen
A148H,0.9993,LPath
A148I,0.9983,LPath
A148K,0.9999,LPath
A148L,0.9871,LPath
A148M,0.9942,LPath
A148N,0.9973,LPath
A148P,0.9991,LPath
A148Q,0.9974,LPath
A148R,0.9991,LPath
A148S,0.3223,LBen
A148T,0.9193,LPath
A148V,0.9876,LPath
A148W,0.9999,LPath
A148Y,0.9995,LPath
T149A,0.9321,LPath
T149C,0.9686,LPath
T149D,0.9991,LPath
T149E,0.9981,LPath
T149F,0.9981,LPath
T149G,0.9861,LPath
T149H,0.9962,LPath
T149I,0.9954,LPath
T149K,0.9976,LPath
T149L,0.9827,LPath
T149M,0.9788,LPath
T149N,0.9886,LPath
T149P,0.948,LPath
T149Q,0.9967,LPath
T149R,0.997,LPath
T149S,0.8831,LPath
T149V,0.9742,LPath
T149W,0.9999,LPath
T149Y,0.999,LPath
P150A,0.9798,LPath
P150C,0.9985,LPath
P150D,0.9997,LPath
P150E,0.9995,LPath
P150F,0.9999,LPath
P150G,0.9976,LPath
P150H,0.9993,LPath
P150I,0.9976,LPath
P150K,0.9996,LPath
P150L,0.9918,LPath
P150M,0.9987,LPath
P150N,0.9996,LPath
P150Q,0.9991,LPath
P150R,0.9983,LPath
P150S,0.9959,LPath
P150T,0.988,LPath
P150V,0.991,LPath
P150W,1.0,LPath
P150Y,0.9999,LPath
G151A,0.994,LPath
G151C,0.9982,LPath
G151D,0.9998,LPath
G151E,0.9997,LPath
G151F,0.9995,LPath
G151H,0.9999,LPath
G151I,0.9993,LPath
G151K,0.9998,LPath
G151L,0.9989,LPath
G151M,0.9996,LPath
G151N,0.9997,LPath
G151P,0.9996,LPath
G151Q,0.9997,LPath
G151R,0.9992,LPath
G151S,0.9945,LPath
G151T,0.9982,LPath
G151V,0.9984,LPath
G151W,0.999,LPath
G151Y,0.9997,LPath
R152A,0.9985,LPath
R152C,0.992,LPath
R152D,0.9996,LPath
R152E,0.9973,LPath
R152F,0.9987,LPath
R152G,0.9968,LPath
R152H,0.9866,LPath
R152I,0.9978,LPath
R152K,0.9704,LPath
R152L,0.9955,LPath
R152M,0.9992,LPath
R152N,0.9988,LPath
R152P,0.9996,LPath
R152Q,0.9891,LPath
R152S,0.999,LPath
R152T,0.9993,LPath
R152V,0.9976,LPath
R152W,0.9955,LPath
R152Y,0.998,LPath
L153A,0.9468,LPath
L153C,0.9019,LPath
L153D,0.9999,LPath
L153E,0.9991,LPath
L153F,0.8644,LPath
L153G,0.9916,LPath
L153H,0.9983,LPath
L153I,0.4121,Amb
L153K,0.9988,LPath
L153M,0.4117,Amb
L153N,0.9985,LPath
L153P,0.9995,LPath
L153Q,0.9964,LPath
L153R,0.9979,LPath
L153S,0.996,LPath
L153T,0.9693,LPath
L153V,0.4127,Amb
L153W,0.9951,LPath
L153Y,0.9939,LPath
I154A,0.3413,Amb
I154C,0.6163,LPath
I154D,0.952,LPath
I154E,0.8704,LPath
I154F,0.5548,Amb
I154G,0.713,LPath
I154H,0.8457,LPath
I154K,0.804,LPath
I154L,0.1132,LBen
I154M,0.1228,LBen
I154N,0.5515,Amb
I154P,0.9759,LPath
I154Q,0.6734,LPath
I154R,0.7017,LPath
I154S,0.4283,Amb
I154T,0.2026,LBen
I154V,0.0756,LBen
I154W,0.9392,LPath
I154Y,0.8736,LPath
D155A,0.9626,LPath
D155C,0.9905,LPath
D155E,0.9467,LPath
D155F,0.9491,LPath
D155G,0.9718,LPath
D155H,0.9444,LPath
D155I,0.9938,LPath
D155K,0.9956,LPath
D155L,0.9861,LPath
D155M,0.9943,LPath
D155N,0.9358,LPath
D155P,0.9995,LPath
D155Q,0.982,LPath
D155R,0.9929,LPath
D155S,0.9058,LPath
D155T,0.9852,LPath
D155V,0.981,LPath
D155W,0.9867,LPath
D155Y,0.7965,LPath
H156A,0.9944,LPath
H156C,0.9016,LPath
H156D,0.9967,LPath
H156E,0.997,LPath
H156F,0.9517,LPath
H156G,0.9973,LPath
H156I,0.9688,LPath
H156K,0.9963,LPath
H156L,0.8346,LPath
H156M,0.9719,LPath
H156N,0.9684,LPath
H156P,0.9974,LPath
H156Q,0.9892,LPath
H156R,0.9948,LPath
H156S,0.9914,LPath
H156T,0.9951,LPath
H156V,0.9834,LPath
H156W,0.9685,LPath
H156Y,0.9491,LPath
L157A,0.9327,LPath
L157C,0.9159,LPath
L157D,0.9993,LPath
L157E,0.9918,LPath
L157F,0.772,LPath
L157G,0.9916,LPath
L157H,0.9836,LPath
L157I,0.3023,LBen
L157K,0.9813,LPath
L157M,0.1991,LBen
L157N,0.9932,LPath
L157P,0.9991,LPath
L157Q,0.9486,LPath
L157R,0.9739,LPath
L157S,0.9847,LPath
L157T,0.9282,LPath
L157V,0.3695,Amb
L157W,0.9576,LPath
L157Y,0.9685,LPath
E158A,0.5907,LPath
E158C,0.9671,LPath
E158D,0.4779,Amb
E158F,0.9848,LPath
E158G,0.5591,Amb
E158H,0.8975,LPath
E158I,0.8847,LPath
E158K,0.7832,LPath
E158L,0.8545,LPath
E158M,0.8895,LPath
E158N,0.6846,LPath
E158P,0.996,LPath
E158Q,0.3708,Amb
E158R,0.8144,LPath
E158S,0.5948,LPath
E158T,0.5986,LPath
E158V,0.7329,LPath
E158W,0.9943,LPath
E158Y,0.9688,LPath
N159A,0.6329,LPath
N159C,0.6431,LPath
N159D,0.6581,LPath
N159E,0.8068,LPath
N159F,0.8139,LPath
N159G,0.4932,Amb
N159H,0.2152,LBen
N159I,0.75,LPath
N159K,0.7028,LPath
N159L,0.7275,LPath
N159M,0.6726,LPath
N159P,0.9948,LPath
N159Q,0.6239,LPath
N159R,0.739,LPath
N159S,0.2667,LBen
N159T,0.3543,Amb
N159V,0.6663,LPath
N159W,0.952,LPath
N159Y,0.4643,Amb
T160A,0.8001,LPath
T160C,0.9068,LPath
T160D,0.9882,LPath
T160E,0.9834,LPath
T160F,0.9907,LPath
T160G,0.8316,LPath
T160H,0.9555,LPath
T160I,0.9775,LPath
T160K,0.9694,LPath
T160L,0.83,LPath
T160M,0.7913,LPath
T160N,0.8893,LPath
T160P,0.9674,LPath
T160Q,0.9321,LPath
T160R,0.9555,LPath
T160S,0.6167,LPath
T160V,0.8989,LPath
T160W,0.9967,LPath
T160Y,0.9904,LPath
K161A,0.9604,LPath
K161C,0.9864,LPath
K161D,0.9898,LPath
K161E,0.9762,LPath
K161F,0.9983,LPath
K161G,0.9581,LPath
K161H,0.9131,LPath
K161I,0.9891,LPath
K161L,0.9796,LPath
K161M,0.9778,LPath
K161N,0.9887,LPath
K161P,0.9441,LPath
K161Q,0.8363,LPath
K161R,0.121,LBen
K161S,0.9739,LPath
K161T,0.9472,LPath
K161V,0.9689,LPath
K161W,0.9948,LPath
K161Y,0.992,LPath
G162A,0.9302,LPath
G162C,0.9785,LPath
G162D,0.9924,LPath
G162E,0.9964,LPath
G162F,0.9909,LPath
G162H,0.9967,LPath
G162I,0.9868,LPath
G162K,0.9985,LPath
G162L,0.9917,LPath
G162M,0.9945,LPath
G162N,0.9818,LPath
G162P,0.9982,LPath
G162Q,0.9963,LPath
G162R,0.9964,LPath
G162S,0.9239,LPath
G162T,0.9662,LPath
G162V,0.9771,LPath
G162W,0.9923,LPath
G162Y,0.9865,LPath
F163A,0.9961,LPath
F163C,0.9769,LPath
F163D,0.9996,LPath
F163E,0.9996,LPath
F163G,0.9976,LPath
F163H,0.997,LPath
F163I,0.9414,LPath
F163K,0.9993,LPath
F163L,0.993,LPath
F163M,0.9686,LPath
F163N,0.9981,LPath
F163P,0.9998,LPath
F163Q,0.9988,LPath
F163R,0.9981,LPath
F163S,0.9979,LPath
F163T,0.9966,LPath
F163V,0.9401,LPath
F163W,0.9308,LPath
F163Y,0.8256,LPath
N164A,0.395,Amb
N164C,0.2968,LBen
N164D,0.5099,Amb
N164E,0.9329,LPath
N164F,0.8002,LPath
N164G,0.4011,Amb
N164H,0.173,LBen
N164I,0.606,LPath
N164K,0.9098,LPath
N164L,0.5472,Amb
N164M,0.6603,LPath
N164P,0.8984,LPath
N164Q,0.6884,LPath
N164R,0.8843,LPath
N164S,0.054,LBen
N164T,0.1647,LBen
N164V,0.5013,Amb
N164W,0.9422,LPath
N164Y,0.4329,Amb
L165A,0.9322,LPath
L165C,0.8503,LPath
L165D,0.9993,LPath
L165E,0.9969,LPath
L165F,0.6051,LPath
L165G,0.9858,LPath
L165H,0.9912,LPath
L165I,0.2835,LBen
L165K,0.9953,LPath
L165M,0.2833,LBen
L165N,0.9933,LPath
L165P,0.9687,LPath
L165Q,0.9856,LPath
L165R,0.9908,LPath
L165S,0.9875,LPath
L165T,0.8974,LPath
L165V,0.3195,LBen
L165W,0.9654,LPath
L165Y,0.9732,LPath
R166A,0.8519,LPath
R166C,0.6377,LPath
R166D,0.9596,LPath
R166E,0.8894,LPath
R166F,0.9475,LPath
R166G,0.7106,LPath
R166H,0.3539,Amb
R166I,0.8945,LPath
R166K,0.1818,LBen
R166L,0.8073,LPath
R166M,0.8745,LPath
R166N,0.9172,LPath
R166P,0.9597,LPath
R166Q,0.3678,Amb
R166S,0.8919,LPath
R166T,0.8253,LPath
R166V,0.8816,LPath
R166W,0.7383,LPath
R166Y,0.859,LPath
A167C,0.4742,Amb
A167D,0.8392,LPath
A167E,0.812,LPath
A167F,0.529,Amb
A167G,0.1547,LBen
A167H,0.655,LPath
A167I,0.5204,Amb
A167K,0.8979,LPath
A167L,0.3073,LBen
A167M,0.3525,Amb
A167N,0.3114,LBen
A167P,0.4943,Amb
A167Q,0.5161,Amb
A167R,0.8644,LPath
A167S,0.0925,LBen
A167T,0.1472,LBen
A167V,0.2724,LBen
A167W,0.9112,LPath
A167Y,0.6603,LPath
L168A,0.7613,LPath
L168C,0.7329,LPath
L168D,0.9981,LPath
L168E,0.9838,LPath
L168F,0.9387,LPath
L168G,0.9669,LPath
L168H,0.9885,LPath
L168I,0.1244,LBen
L168K,0.9854,LPath
L168M,0.255,LBen
L168N,0.9591,LPath
L168P,0.9816,LPath
L168Q,0.9362,LPath
L168R,0.981,LPath
L168S,0.9236,LPath
L168T,0.5108,Amb
L168V,0.1195,LBen
L168W,0.994,LPath
L168Y,0.994,LPath
K169A,0.8057,LPath
K169C,0.8077,LPath
K169D,0.9226,LPath
K169E,0.5561,Amb
K169F,0.9813,LPath
K169G,0.8092,LPath
K169H,0.4496,Amb
K169I,0.9044,LPath
K169L,0.8444,LPath
K169M,0.786,LPath
K169N,0.797,LPath
K169P,0.9807,LPath
K169Q,0.1656,LBen
K169R,0.0896,LBen
K169S,0.7703,LPath
K169T,0.5585,Amb
K169V,0.8339,LPath
K169W,0.9642,LPath
K169Y,0.9342,LPath
Y170A,0.9435,LPath
Y170C,0.4276,Amb
Y170D,0.9784,LPath
Y170E,0.9898,LPath
Y170F,0.0537,LBen
Y170G,0.9454,LPath
Y170H,0.7177,LPath
Y170I,0.6928,LPath
Y170K,0.9861,LPath
Y170L,0.8364,LPath
Y170M,0.802,LPath
Y170N,0.8164,LPath
Y170P,0.9976,LPath
Y170Q,0.9692,LPath
Y170R,0.9746,LPath
Y170S,0.8813,LPath
Y170T,0.9079,LPath
Y170V,0.6159,LPath
Y170W,0.637,LPath
L171A,0.9413,LPath
L171C,0.8478,LPath
L171D,0.9998,LPath
L171E,0.9989,LPath
L171F,0.6353,LPath
L171G,0.9938,LPath
L171H,0.9921,LPath
L171I,0.3623,Amb
L171K,0.9979,LPath
L171M,0.4325,Amb
L171N,0.9979,LPath
L171P,0.999,LPath
L171Q,0.9927,LPath
L171R,0.9945,LPath
L171S,0.9941,LPath
L171T,0.957,LPath
L171V,0.3002,LBen
L171W,0.9788,LPath
L171Y,0.9795,LPath
V172A,0.957,LPath
V172C,0.9665,LPath
V172D,0.9994,LPath
V172E,0.9988,LPath
V172F,0.9936,LPath
V172G,0.983,LPath
V172H,0.9996,LPath
V172I,0.2013,LBen
V172K,0.9994,LPath
V172L,0.9702,LPath
V172M,0.9857,LPath
V172N,0.9974,LPath
V172P,0.9977,LPath
V172Q,0.9981,LPath
V172R,0.998,LPath
V172S,0.9765,LPath
V172T,0.952,LPath
V172W,0.9999,LPath
V172Y,0.9994,LPath
M173A,0.9803,LPath
M173C,0.9234,LPath
M173D,0.9998,LPath
M173E,0.9987,LPath
M173F,0.7136,LPath
M173G,0.9964,LPath
M173H,0.9979,LPath
M173I,0.8815,LPath
M173K,0.9966,LPath
M173L,0.1971,LBen
M173N,0.9982,LPath
M173P,0.9995,LPath
M173Q,0.9926,LPath
M173R,0.9966,LPath
M173S,0.9947,LPath
M173T,0.9854,LPath
M173V,0.5417,Amb
M173W,0.9866,LPath
M173Y,0.9872,LPath
D174A,0.9997,LPath
D174C,1.0,LPath
D174E,0.9995,LPath
D174F,0.9998,LPath
D174G,0.9991,LPath
D174H,0.9997,LPath
D174I,0.9997,LPath
D174K,0.9998,LPath
D174L,0.9994,LPath
D174M,0.9999,LPath
D174N,0.9992,LPath
D174P,0.9999,LPath
D174Q,0.9999,LPath
D174R,0.9996,LPath
D174S,0.9995,LPath
D174T,0.9998,LPath
D174V,0.9993,LPath
D174W,0.9998,LPath
D174Y,0.999,LPath
E175A,0.9997,LPath
E175C,0.9999,LPath
E175D,0.9997,LPath
E175F,1.0,LPath
E175G,0.9996,LPath
E175H,1.0,LPath
E175I,0.9999,LPath
E175K,0.9997,LPath
E175L,1.0,LPath
E175M,0.9996,LPath
E175N,0.9998,LPath
E175P,1.0,LPath
E175Q,0.9996,LPath
E175R,0.9998,LPath
E175S,0.9999,LPath
E175T,0.9999,LPath
E175V,0.9998,LPath
E175W,1.0,LPath
E175Y,1.0,LPath
A176C,0.9724,LPath
A176D,0.9994,LPath
A176E,0.9992,LPath
A176F,0.9975,LPath
A176G,0.9014,LPath
A176H,0.9996,LPath
A176I,0.9967,LPath
A176K,0.9997,LPath
A176L,0.987,LPath
A176M,0.9927,LPath
A176N,0.9992,LPath
A176P,0.9992,LPath
A176Q,0.9984,LPath
A176R,0.9976,LPath
A176S,0.8735,LPath
A176T,0.9861,LPath
A176V,0.9846,LPath
A176W,0.9996,LPath
A176Y,0.999,LPath
D177A,0.9997,LPath
D177C,1.0,LPath
D177E,0.9996,LPath
D177F,0.9999,LPath
D177G,0.9996,LPath
D177H,0.9998,LPath
D177I,1.0,LPath
D177K,0.9998,LPath
D177L,0.9999,LPath
D177M,1.0,LPath
D177N,0.9993,LPath
D177P,0.9999,LPath
D177Q,0.9999,LPath
D177R,0.9997,LPath
D177S,0.9995,LPath
D177T,1.0,LPath
D177V,0.9998,LPath
D177W,1.0,LPath
D177Y,0.9994,LPath
R178A,0.9936,LPath
R178C,0.9754,LPath
R178D,0.9987,LPath
R178E,0.9883,LPath
R178F,0.9987,LPath
R178G,0.9931,LPath
R178H,0.9612,LPath
R178I,0.987,LPath
R178K,0.7872,LPath
R178L,0.9812,LPath
R178M,0.9931,LPath
R178N,0.9969,LPath
R178P,0.9997,LPath
R178Q,0.916,LPath
R178S,0.9975,LPath
R178T,0.9919,LPath
R178V,0.9872,LPath
R178W,0.9903,LPath
R178Y,0.9962,LPath
I179A,0.9937,LPath
I179C,0.9946,LPath
I179D,0.9997,LPath
I179E,0.9992,LPath
I179F,0.9538,LPath
I179G,0.9989,LPath
I179H,0.9991,LPath
I179K,0.9991,LPath
I179L,0.3512,Amb
I179M,0.5727,LPath
I179N,0.9954,LPath
I179P,0.9992,LPath
I179Q,0.9982,LPath
I179R,0.9985,LPath
I179S,0.994,LPath
I179T,0.9963,LPath
I179V,0.5904,LPath
I179W,0.9987,LPath
I179Y,0.995,LPath
L180A,0.9892,LPath
L180C,0.9923,LPath
L180D,0.9998,LPath
L180E,0.9989,LPath
L180F,0.9693,LPath
L180G,0.9962,LPath
L180H,0.9984,LPath
L180I,0.9064,LPath
L180K,0.9978,LPath
L180M,0.8763,LPath
L180N,0.9984,LPath
L180P,0.9993,LPath
L180Q,0.9973,LPath
L180R,0.9944,LPath
L180S,0.9983,LPath
L180T,0.9917,LPath
L180V,0.9531,LPath
L180W,0.994,LPath
L180Y,0.9976,LPath
N181A,0.6294,LPath
N181C,0.7064,LPath
N181D,0.4181,Amb
N181E,0.8912,LPath
N181F,0.9488,LPath
N181G,0.5122,Amb
N181H,0.5091,Amb
N181I,0.9283,LPath
N181K,0.9685,LPath
N181L,0.772,LPath
N181M,0.8645,LPath
N181P,0.9754,LPath
N181Q,0.8724,LPath
N181R,0.9507,LPath
N181S,0.162,LBen
N181T,0.536,Amb
N181V,0.8552,LPath
N181W,0.9818,LPath
N181Y,0.759,LPath
M182A,0.7502,LPath
M182C,0.893,LPath
M182D,0.9177,LPath
M182E,0.8601,LPath
M182F,0.8185,LPath
M182G,0.8478,LPath
M182H,0.9055,LPath
M182I,0.8974,LPath
M182K,0.7889,LPath
M182L,0.2243,LBen
M182N,0.7682,LPath
M182P,0.9767,LPath
M182Q,0.5935,LPath
M182R,0.8297,LPath
M182S,0.7362,LPath
M182T,0.736,LPath
M182V,0.4184,Amb
M182W,0.9598,LPath
M182Y,0.9308,LPath
D183A,0.9685,LPath
D183C,0.9982,LPath
D183E,0.9254,LPath
D183F,0.9975,LPath
D183G,0.9295,LPath
D183H,0.9921,LPath
D183I,0.9968,LPath
D183K,0.9961,LPath
D183L,0.9922,LPath
D183M,0.9984,LPath
D183N,0.9112,LPath
D183P,0.9918,LPath
D183Q,0.9909,LPath
D183R,0.9935,LPath
D183S,0.9365,LPath
D183T,0.986,LPath
D183V,0.9868,LPath
D183W,0.9994,LPath
D183Y,0.983,LPath
F184A,0.9967,LPath
F184C,0.9976,LPath
F184D,0.9976,LPath
F184E,0.9981,LPath
F184G,0.9966,LPath
F184H,0.9947,LPath
F184I,0.9966,LPath
F184K,0.9989,LPath
F184L,0.9995,LPath
F184M,0.9887,LPath
F184N,0.9961,LPath
F184P,1.0,LPath
F184Q,0.9977,LPath
F184R,0.9959,LPath
F184S,0.9966,LPath
F184T,0.9969,LPath
F184V,0.9945,LPath
F184W,0.9654,LPath
F184Y,0.9175,LPath
E185A,0.6685,LPath
E185C,0.9911,LPath
E185D,0.8879,LPath
E185F,0.9965,LPath
E185G,0.6177,LPath
E185H,0.9817,LPath
E185I,0.9742,LPath
E185K,0.9153,LPath
E185L,0.9787,LPath
E185M,0.9766,LPath
E185N,0.9709,LPath
E185P,0.9953,LPath
E185Q,0.6671,LPath
E185R,0.9349,LPath
E185S,0.7684,LPath
E185T,0.8688,LPath
E185V,0.9277,LPath
E185W,0.9991,LPath
E185Y,0.9946,LPath
T186A,0.0792,LBen
T186C,0.4292,Amb
T186D,0.3669,Amb
T186E,0.2474,LBen
T186F,0.4165,Amb
T186G,0.1687,LBen
T186H,0.2855,LBen
T186I,0.1817,LBen
T186K,0.2234,LBen
T186L,0.1201,LBen
T186M,0.0963,LBen
T186N,0.117,LBen
T186P,0.3159,LBen
T186Q,0.197,LBen
T186R,0.286,LBen
T186S,0.1068,LBen
T186V,0.1186,LBen
T186W,0.7898,LPath
T186Y,0.4695,Amb
E187A,0.5574,Amb
E187C,0.9894,LPath
E187D,0.6269,LPath
E187F,0.9979,LPath
E187G,0.8977,LPath
E187H,0.9834,LPath
E187I,0.9476,LPath
E187K,0.9583,LPath
E187L,0.9811,LPath
E187M,0.9734,LPath
E187N,0.9435,LPath
E187P,0.973,LPath
E187Q,0.7792,LPath
E187R,0.972,LPath
E187S,0.7462,LPath
E187T,0.873,LPath
E187V,0.8232,LPath
E187W,0.9993,LPath
E187Y,0.9946,LPath
V188A,0.8811,LPath
V188C,0.9676,LPath
V188D,0.9974,LPath
V188E,0.9927,LPath
V188F,0.9127,LPath
V188G,0.9208,LPath
V188H,0.9985,LPath
V188I,0.1599,LBen
V188K,0.9952,LPath
V188L,0.6547,LPath
V188M,0.7232,LPath
V188N,0.9896,LPath
V188P,0.9986,LPath
V188Q,0.9927,LPath
V188R,0.9926,LPath
V188S,0.97,LPath
V188T,0.7876,LPath
V188W,0.9977,LPath
V188Y,0.9927,LPath
D189A,0.8324,LPath
D189C,0.9848,LPath
D189E,0.6416,LPath
D189F,0.9808,LPath
D189G,0.7688,LPath
D189H,0.9351,LPath
D189I,0.969,LPath
D189K,0.9661,LPath
D189L,0.9393,LPath
D189M,0.979,LPath
D189N,0.4496,Amb
D189P,0.9961,LPath
D189Q,0.9249,LPath
D189R,0.959,LPath
D189S,0.6514,LPath
D189T,0.8295,LPath
D189V,0.909,LPath
D189W,0.9945,LPath
D189Y,0.9084,LPath
K190A,0.62,LPath
K190C,0.8145,LPath
K190D,0.8334,LPath
K190E,0.5884,LPath
K190F,0.9623,LPath
K190G,0.7374,LPath
K190H,0.4605,Amb
K190I,0.7622,LPath
K190L,0.7006,LPath
K190M,0.5836,LPath
K190N,0.706,LPath
K190P,0.993,LPath
K190Q,0.2485,LBen
K190R,0.1038,LBen
K190S,0.7104,LPath
K190T,0.3861,Amb
K190V,0.6695,LPath
K190W,0.9534,LPath
K190Y,0.8976,LPath
I191A,0.9761,LPath
I191C,0.9672,LPath
I191D,0.9996,LPath
I191E,0.9988,LPath
I191F,0.933,LPath
I191G,0.9976,LPath
I191H,0.9986,LPath
I191K,0.9987,LPath
I191L,0.2302,LBen
I191M,0.5053,Amb
I191N,0.9927,LPath
I191P,0.9991,LPath
I191Q,0.9979,LPath
I191R,0.9981,LPath
I191S,0.9894,LPath
I191T,0.9722,LPath
I191V,0.227,LBen
I191W,0.9985,LPath
I191Y,0.994,LPath
L192A,0.9654,LPath
L192C,0.9411,LPath
L192D,0.9995,LPath
L192E,0.9956,LPath
L192F,0.8938,LPath
L192G,0.9924,LPath
L192H,0.9922,LPath
L192I,0.4259,Amb
L192K,0.9929,LPath
L192M,0.5063,Amb
L192N,0.9932,LPath
L192P,0.9988,LPath
L192Q,0.9802,LPath
L192R,0.9831,LPath
L192S,0.9898,LPath
L192T,0.9443,LPath
L192V,0.5215,Amb
L192W,0.9838,LPath
L192Y,0.9911,LPath
K193A,0.3652,Amb
K193C,0.7089,LPath
K193D,0.699,LPath
K193E,0.3946,Amb
K193F,0.93,LPath
K193G,0.439,Amb
K193H,0.3551,Amb
K193I,0.7216,LPath
K193L,0.5427,Amb
K193M,0.4483,Amb
K193N,0.5778,LPath
K193P,0.9328,LPath
K193Q,0.1505,LBen
K193R,0.0865,LBen
K193S,0.4726,Amb
K193T,0.2773,LBen
K193V,0.5663,LPath
K193W,0.9014,LPath
K193Y,0.8383,LPath
V194A,0.2723,LBen
V194C,0.6755,LPath
V194D,0.7749,LPath
V194E,0.6192,LPath
V194F,0.3349,LBen
V194G,0.4127,Amb
V194H,0.7554,LPath
V194I,0.1026,LBen
V194K,0.8139,LPath
V194L,0.4308,Amb
V194M,0.2931,LBen
V194N,0.4594,Amb
V194P,0.9835,LPath
V194Q,0.5747,LPath
V194R,0.7814,LPath
V194S,0.3379,LBen
V194T,0.323,LBen
V194W,0.9458,LPath
V194Y,0.7234,LPath
I195A,0.8388,LPath
I195C,0.8807,LPath
I195D,0.999,LPath
I195E,0.9975,LPath
I195F,0.8652,LPath
I195G,0.9845,LPath
I195H,0.9964,LPath
I195K,0.9972,LPath
I195L,0.1621,LBen
I195M,0.3046,LBen
I195N,0.9777,LPath
I195P,0.9937,LPath
I195Q,0.9932,LPath
I195R,0.9952,LPath
I195S,0.8966,LPath
I195T,0.763,LPath
I195V,0.162,LBen
I195W,0.9978,LPath
I195Y,0.9915,LPath
P196A,0.8136,LPath
P196C,0.9778,LPath
P196D,0.9867,LPath
P196E,0.9864,LPath
P196F,0.9981,LPath
P196G,0.9352,LPath
P196H,0.9345,LPath
P196I,0.9936,LPath
P196K,0.9862,LPath
P196L,0.9612,LPath
P196M,0.9918,LPath
P196N,0.9674,LPath
P196Q,0.9476,LPath
P196R,0.9624,LPath
P196S,0.823,LPath
P196T,0.9006,LPath
P196V,0.978,LPath
P196W,0.9979,LPath
P196Y,0.9966,LPath
R197A,0.681,LPath
R197C,0.5611,Amb
R197D,0.8794,LPath
R197E,0.6993,LPath
R197F,0.9121,LPath
R197G,0.5907,LPath
R197H,0.3033,LBen
R197I,0.7231,LPath
R197K,0.1352,LBen
R197L,0.6746,LPath
R197M,0.7333,LPath
R197N,0.841,LPath
R197P,0.7573,LPath
R197Q,0.2447,LBen
R197S,0.7977,LPath
R197T,0.6149,LPath
R197V,0.7126,LPath
R197W,0.6423,LPath
R197Y,0.7956,LPath
D198A,0.2833,LBen
D198C,0.7906,LPath
D198E,0.0864,LBen
D198F,0.8126,LPath
D198G,0.2962,LBen
D198H,0.5164,Amb
D198I,0.5227,Amb
D198K,0.5442,Amb
D198L,0.564,LPath
D198M,0.7126,LPath
D198N,0.1583,LBen
D198P,0.8196,LPath
D198Q,0.3517,Amb
D198R,0.6484,LPath
D198S,0.205,LBen
D198T,0.312,LBen
D198V,0.3325,LBen
D198W,0.9621,LPath
D198Y,0.5391,Amb
R199A,0.9969,LPath
R199C,0.9249,LPath
R199D,0.9993,LPath
R199E,0.9934,LPath
R199F,0.9993,LPath
R199G,0.9943,LPath
R199H,0.9485,LPath
R199I,0.9936,LPath
R199K,0.8288,LPath
R199L,0.9906,LPath
R199M,0.9978,LPath
R199N,0.9986,LPath
R199P,0.9979,LPath
R199Q,0.9348,LPath
R199S,0.9986,LPath
R199T,0.9948,LPath
R199V,0.9923,LPath
R199W,0.9878,LPath
R199Y,0.9962,LPath
K200A,0.4417,Amb
K200C,0.4456,Amb
K200D,0.8096,LPath
K200E,0.3575,Amb
K200F,0.8531,LPath
K200G,0.6052,LPath
K200H,0.1958,LBen
K200I,0.3534,Amb
K200L,0.4873,Amb
K200M,0.3018,LBen
K200N,0.403,Amb
K200P,0.925,LPath
K200Q,0.1001,LBen
K200R,0.0761,LBen
K200S,0.4465,Amb
K200T,0.1627,LBen
K200V,0.2798,LBen
K200W,0.8481,LPath
K200Y,0.6823,LPath
T201A,0.8982,LPath
T201C,0.9466,LPath
T201D,0.9817,LPath
T201E,0.994,LPath
T201F,0.9929,LPath
T201G,0.9102,LPath
T201H,0.9713,LPath
T201I,0.9672,LPath
T201K,0.9939,LPath
T201L,0.9327,LPath
T201M,0.8871,LPath
T201N,0.7328,LPath
T201P,0.985,LPath
T201Q,0.9844,LPath
T201R,0.9912,LPath
T201S,0.6538,LPath
T201V,0.8931,LPath
T201W,0.9976,LPath
T201Y,0.9888,LPath
F202A,0.9315,LPath
F202C,0.5471,Amb
F202D,0.9941,LPath
F202E,0.994,LPath
F202G,0.9709,LPath
F202H,0.9251,LPath
F202I,0.7813,LPath
F202K,0.9943,LPath
F202L,0.8063,LPath
F202M,0.538,Amb
F202N,0.9535,LPath
F202P,0.9997,LPath
F202Q,0.9718,LPath
F202R,0.9877,LPath
F202S,0.9166,LPath
F202T,0.9673,LPath
F202V,0.7342,LPath
F202W,0.8095,LPath
F202Y,0.1707,LBen
L203A,0.9907,LPath
L203C,0.9775,LPath
L203D,0.9999,LPath
L203E,0.9997,LPath
L203F,0.9628,LPath
L203G,0.998,LPath
L203H,0.9984,LPath
L203I,0.8923,LPath
L203K,0.9993,LPath
L203M,0.8346,LPath
L203N,0.9992,LPath
L203P,0.9995,LPath
L203Q,0.9986,LPath
L203R,0.9975,LPath
L203S,0.9986,LPath
L203T,0.9963,LPath
L203V,0.922,LPath
L203W,0.9971,LPath
L203Y,0.9961,LPath
F204A,0.9985,LPath
F204C,0.9908,LPath
F204D,0.9997,LPath
F204E,0.9998,LPath
F204G,0.9986,LPath
F204H,0.9963,LPath
F204I,0.9935,LPath
F204K,0.9998,LPath
F204L,0.9981,LPath
F204M,0.9926,LPath
F204N,0.9982,LPath
F204P,1.0,LPath
F204Q,0.9995,LPath
F204R,0.9993,LPath
F204S,0.9977,LPath
F204T,0.9991,LPath
F204V,0.9905,LPath
F204W,0.939,LPath
F204Y,0.4963,Amb
S205A,0.9403,LPath
S205C,0.9862,LPath
S205D,0.9993,LPath
S205E,0.9982,LPath
S205F,0.9993,LPath
S205G,0.9855,LPath
S205H,0.9985,LPath
S205I,0.9989,LPath
S205K,0.9999,LPath
S205L,0.9972,LPath
S205M,0.9971,LPath
S205N,0.9993,LPath
S205P,0.9991,LPath
S205Q,0.9984,LPath
S205R,0.9997,LPath
S205T,0.8236,LPath
S205V,0.998,LPath
S205W,0.998,LPath
S205Y,0.9991,LPath
A206C,0.9965,LPath
A206D,0.9998,LPath
A206E,0.9992,LPath
A206F,0.9971,LPath
A206G,0.9957,LPath
A206H,0.9994,LPath
A206I,0.9993,LPath
A206K,0.9998,LPath
A206L,0.9933,LPath
A206M,0.9985,LPath
A206N,0.9995,LPath
A206P,0.9991,LPath
A206Q,0.9985,LPath
A206R,0.9966,LPath
A206S,0.9335,LPath
A206T,0.9961,LPath
A206V,0.9982,LPath
A206W,0.9998,LPath
A206Y,0.9993,LPath
T207A,0.9951,LPath
T207C,0.9994,LPath
T207D,0.9996,LPath
T207E,0.9985,LPath
T207F,0.9994,LPath
T207G,0.9968,LPath
T207H,0.9989,LPath
T207I,0.9993,LPath
T207K,0.9981,LPath
T207L,0.9974,LPath
T207M,0.9963,LPath
T207N,0.9979,LPath
T207P,0.995,LPath
T207Q,0.9981,LPath
T207R,0.9975,LPath
T207S,0.9916,LPath
T207V,0.9942,LPath
T207W,0.9999,LPath
T207Y,0.9997,LPath
M208A,0.9701,LPath
M208C,0.9788,LPath
M208D,0.998,LPath
M208E,0.9911,LPath
M208F,0.9349,LPath
M208G,0.992,LPath
M208H,0.9928,LPath
M208I,0.9832,LPath
M208K,0.9843,LPath
M208L,0.6277,LPath
M208N,0.9827,LPath
M208P,0.998,LPath
M208Q,0.9334,LPath
M208R,0.9848,LPath
M208S,0.9706,LPath
M208T,0.9737,LPath
M208V,0.6924,LPath
M208W,0.9918,LPath
M208Y,0.9853,LPath
T209A,0.9733,LPath
T209C,0.9979,LPath
T209D,0.9846,LPath
T209E,0.9891,LPath
T209F,0.9981,LPath
T209G,0.9394,LPath
T209H,0.9917,LPath
T209I,0.9985,LPath
T209K,0.9918,LPath
T209L,0.9867,LPath
T209M,0.9811,LPath
T209N,0.9091,LPath
T209P,0.9451,LPath
T209Q,0.986,LPath
T209R,0.9912,LPath
T209S,0.8749,LPath
T209V,0.991,LPath
T209W,0.9993,LPath
T209Y,0.9979,LPath
K210A,0.4932,Amb
K210C,0.8942,LPath
K210D,0.7253,LPath
K210E,0.5415,Amb
K210F,0.9711,LPath
K210G,0.5351,Amb
K210H,0.5239,Amb
K210I,0.8123,LPath
K210L,0.7069,LPath
K210M,0.6326,LPath
K210N,0.6154,LPath
K210P,0.8125,LPath
K210Q,0.2384,LBen
K210R,0.1152,LBen
K210S,0.4746,Amb
K210T,0.2904,LBen
K210V,0.667,LPath
K210W,0.9533,LPath
K210Y,0.9166,LPath
K211A,0.8895,LPath
K211C,0.9839,LPath
K211D,0.9473,LPath
K211E,0.9074,LPath
K211F,0.9962,LPath
K211G,0.9212,LPath
K211H,0.8633,LPath
K211I,0.9757,LPath
K211L,0.9616,LPath
K211M,0.9104,LPath
K211N,0.9211,LPath
K211P,0.9579,LPath
K211Q,0.6698,LPath
K211R,0.2648,LBen
K211S,0.9257,LPath
K211T,0.7994,LPath
K211V,0.9447,LPath
K211W,0.9928,LPath
K211Y,0.9785,LPath
V212A,0.9852,LPath
V212C,0.9915,LPath
V212D,0.9975,LPath
V212E,0.9941,LPath
V212F,0.9751,LPath
V212G,0.9232,LPath
V212H,0.9985,LPath
V212I,0.4184,Amb
V212K,0.9965,LPath
V212L,0.9568,LPath
V212M,0.9741,LPath
V212N,0.988,LPath
V212P,0.9948,LPath
V212Q,0.9927,LPath
V212R,0.991,LPath
V212S,0.9817,LPath
V212T,0.949,LPath
V212W,0.999,LPath
V212Y,0.9947,LPath
Q213A,0.1332,LBen
Q213C,0.8173,LPath
Q213D,0.701,LPath
Q213E,0.1598,LBen
Q213F,0.8665,LPath
Q213G,0.2391,LBen
Q213H,0.4966,Amb
Q213I,0.6382,LPath
Q213K,0.2914,LBen
Q213L,0.2357,LBen
Q213M,0.3649,Amb
Q213N,0.3101,LBen
Q213P,0.9324,LPath
Q213R,0.3479,Amb
Q213S,0.1741,LBen
Q213T,0.2377,LBen
Q213V,0.42,Amb
Q213W,0.921,LPath
Q213Y,0.8012,LPath
K214A,0.9009,LPath
K214C,0.9651,LPath
K214D,0.9766,LPath
K214E,0.9733,LPath
K214F,0.9877,LPath
K214G,0.9169,LPath
K214H,0.821,LPath
K214I,0.9417,LPath
K214L,0.9064,LPath
K214M,0.872,LPath
K214N,0.9601,LPath
K214P,0.9871,LPath
K214Q,0.8082,LPath
K214R,0.3106,LBen
K214S,0.9449,LPath
K214T,0.8412,LPath
K214V,0.9015,LPath
K214W,0.9878,LPath
K214Y,0.958,LPath
L215A,0.9862,LPath
L215C,0.9961,LPath
L215D,0.9998,LPath
L215E,0.9989,LPath
L215F,0.9841,LPath
L215G,0.9966,LPath
L215H,0.9987,LPath
L215I,0.8601,LPath
L215K,0.9967,LPath
L215M,0.8768,LPath
L215N,0.9983,LPath
L215P,0.9994,LPath
L215Q,0.9979,LPath
L215R,0.9954,LPath
L215S,0.9986,LPath
L215T,0.9918,LPath
L215V,0.9166,LPath
L215W,0.994,LPath
L215Y,0.9951,LPath
Q216A,0.6197,LPath
Q216C,0.9822,LPath
Q216D,0.9897,LPath
Q216E,0.3885,Amb
Q216F,0.9972,LPath
Q216G,0.7499,LPath
Q216H,0.9675,LPath
Q216I,0.9781,LPath
Q216K,0.8596,LPath
Q216L,0.923,LPath
Q216M,0.9088,LPath
Q216N,0.943,LPath
Q216P,0.988,LPath
Q216R,0.8523,LPath
Q216S,0.5945,LPath
Q216T,0.7172,LPath
Q216V,0.9234,LPath
Q216W,0.9969,LPath
Q216Y,0.9935,LPath
R217A,0.9865,LPath
R217C,0.9756,LPath
R217D,0.9903,LPath
R217E,0.9754,LPath
R217F,0.9912,LPath
R217G,0.9761,LPath
R217H,0.9117,LPath
R217I,0.9785,LPath
R217K,0.7408,LPath
R217L,0.9581,LPath
R217M,0.9873,LPath
R217N,0.9895,LPath
R217P,0.9975,LPath
R217Q,0.9273,LPath
R217S,0.9947,LPath
R217T,0.9847,LPath
R217V,0.9758,LPath
R217W,0.9585,LPath
R217Y,0.9714,LPath
A218C,0.9083,LPath
A218D,0.9961,LPath
A218E,0.9886,LPath
A218F,0.9471,LPath
A218G,0.877,LPath
A218H,0.9839,LPath
A218I,0.8946,LPath
A218K,0.994,LPath
A218L,0.775,LPath
A218M,0.8756,LPath
A218N,0.9761,LPath
A218P,0.9948,LPath
A218Q,0.9714,LPath
A218R,0.9763,LPath
A218S,0.6261,LPath
A218T,0.78,LPath
A218V,0.7245,LPath
A218W,0.9937,LPath
A218Y,0.9786,LPath
A219C,0.6693,LPath
A219D,0.996,LPath
A219E,0.9903,LPath
A219F,0.9383,LPath
A219G,0.6301,LPath
A219H,0.9754,LPath
A219I,0.9419,LPath
A219K,0.9972,LPath
A219L,0.8255,LPath
A219M,0.8923,LPath
A219N,0.966,LPath
A219P,0.9965,LPath
A219Q,0.9596,LPath
A219R,0.989,LPath
A219S,0.2125,LBen
A219T,0.6746,LPath
A219V,0.8073,LPath
A219W,0.9924,LPath
A219Y,0.9702,LPath
L220A,0.9562,LPath
L220C,0.9532,LPath
L220D,0.9996,LPath
L220E,0.9971,LPath
L220F,0.9852,LPath
L220G,0.9832,LPath
L220H,0.998,LPath
L220I,0.7538,LPath
L220K,0.9943,LPath
L220M,0.6124,LPath
L220N,0.9948,LPath
L220P,0.9985,LPath
L220Q,0.9882,LPath
L220R,0.9908,LPath
L220S,0.993,LPath
L220T,0.9486,LPath
L220V,0.6858,LPath
L220W,0.9978,LPath
L220Y,0.9985,LPath
K221A,0.4455,Amb
K221C,0.5987,LPath
K221D,0.7566,LPath
K221E,0.3623,Amb
K221F,0.8438,LPath
K221G,0.5767,LPath
K221H,0.2478,LBen
K221I,0.3817,Amb
K221L,0.466,Amb
K221M,0.3602,Amb
K221N,0.5032,Amb
K221P,0.9505,LPath
K221Q,0.1133,LBen
K221R,0.0749,LBen
K221S,0.4342,Amb
K221T,0.191,LBen
K221V,0.3132,LBen
K221W,0.8322,LPath
K221Y,0.7408,LPath
N222A,0.3828,Amb
N222C,0.5597,Amb
N222D,0.1181,LBen
N222E,0.4106,Amb
N222F,0.7298,LPath
N222G,0.5788,LPath
N222H,0.219,LBen
N222I,0.497,Amb
N222K,0.5513,Amb
N222L,0.509,Amb
N222M,0.5069,Amb
N222P,0.9451,LPath
N222Q,0.4226,Amb
N222R,0.6263,LPath
N222S,0.1519,LBen
N222T,0.2233,LBen
N222V,0.4121,Amb
N222W,0.924,LPath
N222Y,0.3317,LBen
P223A,0.6906,LPath
P223C,0.9858,LPath
P223D,0.995,LPath
P223E,0.9932,LPath
P223F,0.9968,LPath
P223G,0.9631,LPath
P223H,0.9813,LPath
P223I,0.9915,LPath
P223K,0.9953,LPath
P223L,0.9796,LPath
P223M,0.9942,LPath
P223N,0.9943,LPath
P223Q,0.9883,LPath
P223R,0.9837,LPath
P223S,0.946,LPath
P223T,0.9484,LPath
P223V,0.9676,LPath
P223W,0.9981,LPath
P223Y,0.9941,LPath
V224A,0.3709,Amb
V224C,0.7969,LPath
V224D,0.9151,LPath
V224E,0.6492,LPath
V224F,0.5227,Amb
V224G,0.7027,LPath
V224H,0.8772,LPath
V224I,0.0926,LBen
V224K,0.7411,LPath
V224L,0.3673,Amb
V224M,0.3159,LBen
V224N,0.7864,LPath
V224P,0.9847,LPath
V224Q,0.544,Amb
V224R,0.7088,LPath
V224S,0.5746,LPath
V224T,0.4364,Amb
V224W,0.9762,LPath
V224Y,0.8594,LPath
K225A,0.8853,LPath
K225C,0.8717,LPath
K225D,0.9829,LPath
K225E,0.8907,LPath
K225F,0.9566,LPath
K225G,0.949,LPath
K225H,0.6489,LPath
K225I,0.7457,LPath
K225L,0.7443,LPath
K225M,0.6846,LPath
K225N,0.9502,LPath
K225P,0.9602,LPath
K225Q,0.476,Amb
K225R,0.0981,LBen
K225S,0.929,LPath
K225T,0.6718,LPath
K225V,0.676,LPath
K225W,0.9511,LPath
K225Y,0.9136,LPath
C226A,0.7046,LPath
C226D,0.9963,LPath
C226E,0.9936,LPath
C226F,0.6933,LPath
C226G,0.8184,LPath
C226H,0.9767,LPath
C226I,0.3945,Amb
C226K,0.9928,LPath
C226L,0.5133,Amb
C226M,0.7413,LPath
C226N,0.9713,LPath
C226P,0.9949,LPath
C226Q,0.9863,LPath
C226R,0.9703,LPath
C226S,0.8525,LPath
C226T,0.7691,LPath
C226V,0.2064,LBen
C226W,0.9678,LPath
C226Y,0.8693,LPath
A227C,0.5963,LPath
A227D,0.7947,LPath
A227E,0.4209,Amb
A227F,0.6746,LPath
A227G,0.4042,Amb
A227H,0.6966,LPath
A227I,0.5415,Amb
A227K,0.8271,LPath
A227L,0.4254,Amb
A227M,0.3711,Amb
A227N,0.5114,Amb
A227P,0.9248,LPath
A227Q,0.364,Amb
A227R,0.7719,LPath
A227S,0.113,LBen
A227T,0.1582,LBen
A227V,0.2958,LBen
A227W,0.9572,LPath
A227Y,0.8175,LPath
V228A,0.8263,LPath
V228C,0.9642,LPath
V228D,0.991,LPath
V228E,0.9761,LPath
V228F,0.8524,LPath
V228G,0.92,LPath
V228H,0.9923,LPath
V228I,0.1725,LBen
V228K,0.9855,LPath
V228L,0.8797,LPath
V228M,0.8302,LPath
V228N,0.9655,LPath
V228P,0.9881,LPath
V228Q,0.9666,LPath
V228R,0.9758,LPath
V228S,0.8867,LPath
V228T,0.8244,LPath
V228W,0.9976,LPath
V228Y,0.9834,LPath
S229A,0.1821,LBen
S229C,0.4385,Amb
S229D,0.876,LPath
S229E,0.9267,LPath
S229F,0.8731,LPath
S229G,0.3009,LBen
S229H,0.8374,LPath
S229I,0.8164,LPath
S229K,0.9835,LPath
S229L,0.575,LPath
S229M,0.7019,LPath
S229N,0.4509,Amb
S229P,0.9424,LPath
S229Q,0.8897,LPath
S229R,0.9773,LPath
S229T,0.288,LBen
S229V,0.696,LPath
S229W,0.9466,LPath
S229Y,0.8185,LPath
S230A,0.1305,LBen
S230C,0.3799,Amb
S230D,0.5507,Amb
S230E,0.6646,LPath
S230F,0.7117,LPath
S230G,0.1321,LBen
S230H,0.575,LPath
S230I,0.5997,LPath
S230K,0.8284,LPath
S230L,0.2938,LBen
S230M,0.408,Amb
S230N,0.2348,LBen
S230P,0.5988,LPath
S230Q,0.6017,LPath
S230R,0.8305,LPath
S230T,0.091,LBen
S230V,0.4359,Amb
S230W,0.8221,LPath
S230Y,0.6307,LPath
K231A,0.8134,LPath
K231C,0.9546,LPath
K231D,0.939,LPath
K231E,0.8475,LPath
K231F,0.9911,LPath
K231G,0.9031,LPath
K231H,0.7617,LPath
K231I,0.8812,LPath
K231L,0.881,LPath
K231M,0.841,LPath
K231N,0.9204,LPath
K231P,0.9193,LPath
K231Q,0.5255,Amb
K231R,0.1141,LBen
K231S,0.8618,LPath
K231T,0.611,LPath
K231V,0.8151,LPath
K231W,0.985,LPath
K231Y,0.9674,LPath
Y232A,0.9757,LPath
Y232C,0.9594,LPath
Y232D,0.9702,LPath
Y232E,0.9911,LPath
Y232F,0.2043,LBen
Y232G,0.93,LPath
Y232H,0.9652,LPath
Y232I,0.9511,LPath
Y232K,0.9925,LPath
Y232L,0.9204,LPath
Y232M,0.9603,LPath
Y232N,0.8879,LPath
Y232P,0.9915,LPath
Y232Q,0.9916,LPath
Y232R,0.9873,LPath
Y232S,0.9347,LPath
Y232T,0.9656,LPath
Y232V,0.9051,LPath
Y232W,0.9116,LPath
Q233A,0.1708,LBen
Q233C,0.8525,LPath
Q233D,0.632,LPath
Q233E,0.1588,LBen
Q233F,0.9273,LPath
Q233G,0.4075,Amb
Q233H,0.4665,Amb
Q233I,0.6784,LPath
Q233K,0.2307,LBen
Q233L,0.335,LBen
Q233M,0.4664,Amb
Q233N,0.4617,Amb
Q233P,0.8989,LPath
Q233R,0.2888,LBen
Q233S,0.1647,LBen
Q233T,0.1505,LBen
Q233V,0.3835,Amb
Q233W,0.9533,LPath
Q233Y,0.8711,LPath
T234A,0.7477,LPath
T234C,0.9743,LPath
T234D,0.9917,LPath
T234E,0.9834,LPath
T234F,0.9848,LPath
T234G,0.9367,LPath
T234H,0.9876,LPath
T234I,0.8888,LPath
T234K,0.9763,LPath
T234L,0.794,LPath
T234M,0.6932,LPath
T234N,0.9411,LPath
T234P,0.9064,LPath
T234Q,0.9686,LPath
T234R,0.9768,LPath
T234S,0.8973,LPath
T234V,0.6037,LPath
T234W,0.9976,LPath
T234Y,0.9908,LPath
V235A,0.6414,LPath
V235C,0.9731,LPath
V235D,0.987,LPath
V235E,0.9701,LPath
V235F,0.9578,LPath
V235G,0.8557,LPath
V235H,0.9878,LPath
V235I,0.5648,LPath
V235K,0.974,LPath
V235L,0.9725,LPath
V235M,0.9206,LPath
V235N,0.8741,LPath
V235P,0.8999,LPath
V235Q,0.9307,LPath
V235R,0.9432,LPath
V235S,0.6683,LPath
V235T,0.7272,LPath
V235W,0.999,LPath
V235Y,0.9946,LPath
E236A,0.2651,LBen
E236C,0.9502,LPath
E236D,0.091,LBen
E236F,0.9663,LPath
E236G,0.2824,LBen
E236H,0.7416,LPath
E236I,0.8067,LPath
E236K,0.4594,Amb
E236L,0.7482,LPath
E236M,0.8401,LPath
E236N,0.3837,Amb
E236P,0.667,LPath
E236Q,0.2927,LBen
E236R,0.6346,LPath
E236S,0.2474,LBen
E236T,0.4103,Amb
E236V,0.5861,LPath
E236W,0.9847,LPath
E236Y,0.9207,LPath
K237A,0.5696,LPath
K237C,0.8209,LPath
K237D,0.8284,LPath
K237E,0.5789,LPath
K237F,0.9483,LPath
K237G,0.5312,Amb
K237H,0.392,Amb
K237I,0.8132,LPath
K237L,0.6188,LPath
K237M,0.4202,Amb
K237N,0.5308,Amb
K237P,0.9708,LPath
K237Q,0.2247,LBen
K237R,0.1361,LBen
K237S,0.567,LPath
K237T,0.202,LBen
K237V,0.6991,LPath
K237W,0.957,LPath
K237Y,0.8384,LPath
L238A,0.989,LPath
L238C,0.9866,LPath
L238D,0.9999,LPath
L238E,0.9986,LPath
L238F,0.9988,LPath
L238G,0.9964,LPath
L238H,0.9994,LPath
L238I,0.8828,LPath
L238K,0.9975,LPath
L238M,0.9409,LPath
L238N,0.9961,LPath
L238P,0.9994,LPath
L238Q,0.9986,LPath
L238R,0.9966,LPath
L238S,0.9988,LPath
L238T,0.9854,LPath
L238V,0.8884,LPath
L238W,0.9995,LPath
L238Y,0.9993,LPath
Q239A,0.3046,LBen
Q239C,0.7916,LPath
Q239D,0.7214,LPath
Q239E,0.1824,LBen
Q239F,0.8249,LPath
Q239G,0.5781,LPath
Q239H,0.433,Amb
Q239I,0.3895,Amb
Q239K,0.2336,LBen
Q239L,0.1522,LBen
Q239M,0.3312,LBen
Q239N,0.5103,Amb
Q239P,0.9526,LPath
Q239R,0.2694,LBen
Q239S,0.3174,LBen
Q239T,0.2563,LBen
Q239V,0.2651,LBen
Q239W,0.8907,LPath
Q239Y,0.7653,LPath
Q240A,0.8318,LPath
Q240C,0.9923,LPath
Q240D,0.9896,LPath
Q240E,0.5886,LPath
Q240F,0.9973,LPath
Q240G,0.9007,LPath
Q240H,0.9803,LPath
Q240I,0.9796,LPath
Q240K,0.9867,LPath
Q240L,0.9579,LPath
Q240M,0.899,LPath
Q240N,0.8965,LPath
Q240P,0.99,LPath
Q240R,0.9885,LPath
Q240S,0.7231,LPath
Q240T,0.8613,LPath
Q240V,0.9669,LPath
Q240W,0.9986,LPath
Q240Y,0.9972,LPath
Y241A,0.5025,Amb
Y241C,0.209,LBen
Y241D,0.4949,Amb
Y241E,0.6807,LPath
Y241F,0.0865,LBen
Y241G,0.4512,Amb
Y241H,0.1477,LBen
Y241I,0.7403,LPath
Y241K,0.6936,LPath
Y241L,0.6824,LPath
Y241M,0.5942,LPath
Y241N,0.1524,LBen
Y241P,0.997,LPath
Y241Q,0.4331,Amb
Y241R,0.5627,Amb
Y241S,0.1637,LBen
Y241T,0.3867,Amb
Y241V,0.5881,LPath
Y241W,0.4884,Amb
Y242A,0.8843,LPath
Y242C,0.4247,Amb
Y242D,0.9828,LPath
Y242E,0.9922,LPath
Y242F,0.1035,LBen
Y242G,0.892,LPath
Y242H,0.7854,LPath
Y242I,0.8462,LPath
Y242K,0.987,LPath
Y242L,0.7566,LPath
Y242M,0.843,LPath
Y242N,0.8857,LPath
Y242P,0.9911,LPath
Y242Q,0.9652,LPath
Y242R,0.948,LPath
Y242S,0.7724,LPath
Y242T,0.9087,LPath
Y242V,0.6812,LPath
Y242W,0.6663,LPath
I243A,0.6375,LPath
I243C,0.581,LPath
I243D,0.9872,LPath
I243E,0.9601,LPath
I243F,0.5207,Amb
I243G,0.9295,LPath
I243H,0.9111,LPath
I243K,0.9316,LPath
I243L,0.0721,LBen
I243M,0.1416,LBen
I243N,0.8281,LPath
I243P,0.9926,LPath
I243Q,0.8649,LPath
I243R,0.884,LPath
I243S,0.7705,LPath
I243T,0.6265,LPath
I243V,0.0735,LBen
I243W,0.9652,LPath
I243Y,0.8601,LPath
F244A,0.9719,LPath
F244C,0.871,LPath
F244D,0.9952,LPath
F244E,0.994,LPath
F244G,0.9851,LPath
F244H,0.9444,LPath
F244I,0.871,LPath
F244K,0.9916,LPath
F244L,0.9411,LPath
F244M,0.8867,LPath
F244N,0.9796,LPath
F244P,0.9973,LPath
F244Q,0.9817,LPath
F244R,0.9718,LPath
F244S,0.9762,LPath
F244T,0.9764,LPath
F244V,0.8632,LPath
F244W,0.8903,LPath
F244Y,0.673,LPath
I245A,0.8474,LPath
I245C,0.805,LPath
I245D,0.9984,LPath
I245E,0.9936,LPath
I245F,0.7007,LPath
I245G,0.9795,LPath
I245H,0.9851,LPath
I245K,0.9877,LPath
I245L,0.1663,LBen
I245M,0.2585,LBen
I245N,0.9627,LPath
I245P,0.9902,LPath
I245Q,0.9761,LPath
I245R,0.9788,LPath
I245S,0.8974,LPath
I245T,0.7049,LPath
I245V,0.1234,LBen
I245W,0.9944,LPath
I245Y,0.9738,LPath
P246A,0.7019,LPath
P246C,0.9887,LPath
P246D,0.9916,LPath
P246E,0.9834,LPath
P246F,0.9982,LPath
P246G,0.9668,LPath
P246H,0.9617,LPath
P246I,0.9948,LPath
P246K,0.9897,LPath
P246L,0.9511,LPath
P246M,0.992,LPath
P246N,0.9847,LPath
P246Q,0.9543,LPath
P246R,0.9673,LPath
P246S,0.8723,LPath
P246T,0.9278,LPath
P246V,0.9823,LPath
P246W,0.9987,LPath
P246Y,0.9973,LPath
S247A,0.0612,LBen
S247C,0.1393,LBen
S247D,0.798,LPath
S247E,0.7724,LPath
S247F,0.2682,LBen
S247G,0.1076,LBen
S247H,0.4812,Amb
S247I,0.2669,LBen
S247K,0.9301,LPath
S247L,0.117,LBen
S247M,0.1711,LBen
S247N,0.2121,LBen
S247P,0.6251,LPath
S247Q,0.5401,Amb
S247R,0.9085,LPath
S247T,0.1236,LBen
S247V,0.1866,LBen
S247W,0.5474,Amb
S247Y,0.2827,LBen
K248A,0.7691,LPath
K248C,0.8767,LPath
K248D,0.9488,LPath
K248E,0.8686,LPath
K248F,0.9804,LPath
K248G,0.8743,LPath
K248H,0.6729,LPath
K248I,0.7787,LPath
K248L,0.8376,LPath
K248M,0.7809,LPath
K248N,0.9007,LPath
K248P,0.8836,LPath
K248Q,0.4688,Amb
K248R,0.0835,LBen
K248S,0.862,LPath
K248T,0.6622,LPath
K248V,0.6704,LPath
K248W,0.9659,LPath
K248Y,0.9263,LPath
F249A,0.833,LPath
F249C,0.4271,Amb
F249D,0.9047,LPath
F249E,0.8927,LPath
F249G,0.927,LPath
F249H,0.4159,Amb
F249I,0.6149,LPath
F249K,0.9048,LPath
F249L,0.8951,LPath
F249M,0.6611,LPath
F249N,0.7164,LPath
F249P,0.9981,LPath
F249Q,0.7631,LPath
F249R,0.8544,LPath
F249S,0.7478,LPath
F249T,0.8699,LPath
F249V,0.5491,Amb
F249W,0.4515,Amb
F249Y,0.0854,LBen
K250A,0.9929,LPath
K250C,0.9877,LPath
K250D,0.9985,LPath
K250E,0.9881,LPath
K250F,0.9993,LPath
K250G,0.9948,LPath
K250H,0.9659,LPath
K250I,0.9942,LPath
K250L,0.9866,LPath
K250M,0.984,LPath
K250N,0.9984,LPath
K250P,0.9967,LPath
K250Q,0.8958,LPath
K250R,0.2032,LBen
K250S,0.9961,LPath
K250T,0.9868,LPath
K250V,0.9883,LPath
K250W,0.997,LPath
K250Y,0.9967,LPath
D251A,0.9218,LPath
D251C,0.9818,LPath
D251E,0.6296,LPath
D251F,0.9873,LPath
D251G,0.9242,LPath
D251H,0.9658,LPath
D251I,0.9739,LPath
D251K,0.988,LPath
D251L,0.9753,LPath
D251M,0.9887,LPath
D251N,0.7967,LPath
D251P,0.9885,LPath
D251Q,0.9672,LPath
D251R,0.9882,LPath
D251S,0.8824,LPath
D251T,0.9478,LPath
D251V,0.9266,LPath
D251W,0.9953,LPath
D251Y,0.9387,LPath
T252A,0.0932,LBen
T252C,0.1783,LBen
T252D,0.8971,LPath
T252E,0.883,LPath
T252F,0.7602,LPath
T252G,0.3075,LBen
T252H,0.7503,LPath
T252I,0.2495,LBen
T252K,0.9136,LPath
T252L,0.2322,LBen
T252M,0.2106,LBen
T252N,0.3171,LBen
T252P,0.3405,Amb
T252Q,0.7357,LPath
T252R,0.8865,LPath
T252S,0.1354,LBen
T252V,0.1408,LBen
T252W,0.9629,LPath
T252Y,0.789,LPath
Y253A,0.807,LPath
Y253C,0.4231,Amb
Y253D,0.9645,LPath
Y253E,0.98,LPath
Y253F,0.1755,LBen
Y253G,0.8695,LPath
Y253H,0.5046,Amb
Y253I,0.8826,LPath
Y253K,0.9779,LPath
Y253L,0.8196,LPath
Y253M,0.8545,LPath
Y253N,0.5889,LPath
Y253P,0.9958,LPath
Y253Q,0.8954,LPath
Y253R,0.9248,LPath
Y253S,0.5461,Amb
Y253T,0.8145,LPath
Y253V,0.7598,LPath
Y253W,0.5442,Amb
L254A,0.8524,LPath
L254C,0.8191,LPath
L254D,0.9995,LPath
L254E,0.9969,LPath
L254F,0.7126,LPath
L254G,0.9774,LPath
L254H,0.9925,LPath
L254I,0.4023,Amb
L254K,0.9965,LPath
L254M,0.2708,LBen
L254N,0.9944,LPath
L254P,0.9987,LPath
L254Q,0.9833,LPath
L254R,0.9936,LPath
L254S,0.979,LPath
L254T,0.8155,LPath
L254V,0.3341,LBen
L254W,0.9892,LPath
L254Y,0.9868,LPath
V255A,0.5799,LPath
V255C,0.7826,LPath
V255D,0.9958,LPath
V255E,0.9898,LPath
V255F,0.8495,LPath
V255G,0.8155,LPath
V255H,0.99,LPath
V255I,0.1353,LBen
V255K,0.9951,LPath
V255L,0.7566,LPath
V255M,0.7828,LPath
V255N,0.9599,LPath
V255P,0.9851,LPath
V255Q,0.9807,LPath
V255R,0.9858,LPath
V255S,0.7489,LPath
V255T,0.5038,Amb
V255W,0.997,LPath
V255Y,0.9781,LPath
Y256A,0.5938,LPath
Y256C,0.2402,LBen
Y256D,0.836,LPath
Y256E,0.933,LPath
Y256F,0.0988,LBen
Y256G,0.6074,LPath
Y256H,0.1886,LBen
Y256I,0.8862,LPath
Y256K,0.9307,LPath
Y256L,0.8114,LPath
Y256M,0.8303,LPath
Y256N,0.3839,Amb
Y256P,0.995,LPath
Y256Q,0.7644,LPath
Y256R,0.819,LPath
Y256S,0.2705,LBen
Y256T,0.6837,LPath
Y256V,0.762,LPath
Y256W,0.4911,Amb
I257A,0.7414,LPath
I257C,0.7628,LPath
I257D,0.9957,LPath
I257E,0.9848,LPath
I257F,0.4924,Amb
I257G,0.9694,LPath
I257H,0.9633,LPath
I257K,0.9789,LPath
I257L,0.1125,LBen
I257M,0.1988,LBen
I257N,0.9308,LPath
I257P,0.9968,LPath
I257Q,0.9605,LPath
I257R,0.9685,LPath
I257S,0.8446,LPath
I257T,0.6319,LPath
I257V,0.0865,LBen
I257W,0.9834,LPath
I257Y,0.9302,LPath
L258A,0.7974,LPath
L258C,0.6569,LPath
L258D,0.9993,LPath
L258E,0.9944,LPath
L258F,0.8695,LPath
L258G,0.9753,LPath
L258H,0.9911,LPath
L258I,0.1935,LBen
L258K,0.9945,LPath
L258M,0.2591,LBen
L258N,0.989,LPath
L258P,0.9976,LPath
L258Q,0.9716,LPath
L258R,0.9896,LPath
L258S,0.9625,LPath
L258T,0.8224,LPath
L258V,0.2125,LBen
L258W,0.9908,LPath
L258Y,0.9909,LPath
N259A,0.7174,LPath
N259C,0.5962,LPath
N259D,0.7167,LPath
N259E,0.8916,LPath
N259F,0.9537,LPath
N259G,0.5597,Amb
N259H,0.3863,Amb
N259I,0.8334,LPath
N259K,0.9287,LPath
N259L,0.6613,LPath
N259M,0.7573,LPath
N259P,0.971,LPath
N259Q,0.7401,LPath
N259R,0.8644,LPath
N259S,0.1871,LBen
N259T,0.375,Amb
N259V,0.744,LPath
N259W,0.9602,LPath
N259Y,0.6831,LPath
E260A,0.5886,LPath
E260C,0.9665,LPath
E260D,0.3271,LBen
E260F,0.9743,LPath
E260G,0.6085,LPath
E260H,0.8275,LPath
E260I,0.871,LPath
E260K,0.6922,LPath
E260L,0.8848,LPath
E260M,0.8861,LPath
E260N,0.6178,LPath
E260P,0.9968,LPath
E260Q,0.3811,Amb
E260R,0.759,LPath
E260S,0.5073,Amb
E260T,0.5967,LPath
E260V,0.7342,LPath
E260W,0.9925,LPath
E260Y,0.9302,LPath
L261A,0.6165,LPath
L261C,0.6591,LPath
L261D,0.946,LPath
L261E,0.7382,LPath
L261F,0.2199,LBen
L261G,0.861,LPath
L261H,0.5153,Amb
L261I,0.2417,LBen
L261K,0.6896,LPath
L261M,0.1074,LBen
L261N,0.6917,LPath
L261P,0.9865,LPath
L261Q,0.3991,Amb
L261R,0.6259,LPath
L261S,0.7199,LPath
L261T,0.5503,Amb
L261V,0.2438,LBen
L261W,0.4715,Amb
L261Y,0.4986,Amb
A262C,0.6523,LPath
A262D,0.9499,LPath
A262E,0.8929,LPath
A262F,0.8825,LPath
A262G,0.3816,Amb
A262H,0.877,LPath
A262I,0.7507,LPath
A262K,0.9496,LPath
A262L,0.6119,LPath
A262M,0.6618,LPath
A262N,0.8131,LPath
A262P,0.7527,LPath
A262Q,0.7297,LPath
A262R,0.8826,LPath
A262S,0.1782,LBen
A262T,0.3808,Amb
A262V,0.4781,Amb
A262W,0.9694,LPath
A262Y,0.9165,LPath
G263A,0.6339,LPath
G263C,0.878,LPath
G263D,0.941,LPath
G263E,0.9491,LPath
G263F,0.9834,LPath
G263H,0.9744,LPath
G263I,0.9685,LPath
G263K,0.9794,LPath
G263L,0.9601,LPath
G263M,0.9684,LPath
G263N,0.8795,LPath
G263P,0.9864,LPath
G263Q,0.9255,LPath
G263R,0.9547,LPath
G263S,0.5378,Amb
G263T,0.8322,LPath
G263V,0.9298,LPath
G263W,0.9815,LPath
G263Y,0.9813,LPath
N264A,0.3699,Amb
N264C,0.2202,LBen
N264D,0.4251,Amb
N264E,0.6703,LPath
N264F,0.6364,LPath
N264G,0.4228,Amb
N264H,0.1384,LBen
N264I,0.5447,Amb
N264K,0.5515,Amb
N264L,0.4224,Amb
N264M,0.5122,Amb
N264P,0.9719,LPath
N264Q,0.3824,Amb
N264R,0.5402,Amb
N264S,0.1038,LBen
N264T,0.2968,LBen
N264V,0.439,Amb
N264W,0.8783,LPath
N264Y,0.2471,LBen
S265A,0.3143,LBen
S265C,0.5078,Amb
S265D,0.9698,LPath
S265E,0.9806,LPath
S265F,0.9542,LPath
S265G,0.44,Amb
S265H,0.9098,LPath
S265I,0.9231,LPath
S265K,0.9918,LPath
S265L,0.7306,LPath
S265M,0.7942,LPath
S265N,0.7369,LPath
S265P,0.9469,LPath
S265Q,0.9318,LPath
S265R,0.9836,LPath
S265T,0.2209,LBen
S265V,0.8435,LPath
S265W,0.9723,LPath
S265Y,0.9111,LPath
F266A,0.6388,LPath
F266C,0.2535,LBen
F266D,0.9952,LPath
F266E,0.9934,LPath
F266G,0.8956,LPath
F266H,0.9349,LPath
F266I,0.3854,Amb
F266K,0.9934,LPath
F266L,0.9155,LPath
F266M,0.4913,Amb
F266N,0.9426,LPath
F266P,0.9987,LPath
F266Q,0.97,LPath
F266R,0.9857,LPath
F266S,0.6674,LPath
F266T,0.6232,LPath
F266V,0.2993,LBen
F266W,0.8991,LPath
F266Y,0.4959,Amb
M267A,0.9701,LPath
M267C,0.9603,LPath
M267D,0.9995,LPath
M267E,0.9973,LPath
M267F,0.9377,LPath
M267G,0.9966,LPath
M267H,0.9984,LPath
M267I,0.3234,LBen
M267K,0.9968,LPath
M267L,0.3085,LBen
M267N,0.9944,LPath
M267P,0.9988,LPath
M267Q,0.985,LPath
M267R,0.9976,LPath
M267S,0.98,LPath
M267T,0.961,LPath
M267V,0.2441,LBen
M267W,0.9984,LPath
M267Y,0.9974,LPath
I268A,0.9237,LPath
I268C,0.9251,LPath
I268D,0.9996,LPath
I268E,0.9992,LPath
I268F,0.9087,LPath
I268G,0.9914,LPath
I268H,0.9991,LPath
I268K,0.9993,LPath
I268L,0.3306,LBen
I268M,0.5702,LPath
I268N,0.9935,LPath
I268P,0.9984,LPath
I268Q,0.9987,LPath
I268R,0.9986,LPath
I268S,0.9804,LPath
I268T,0.956,LPath
I268V,0.0821,LBen
I268W,0.9993,LPath
I268Y,0.9948,LPath
F269A,0.9991,LPath
F269C,0.9981,LPath
F269D,0.9998,LPath
F269E,0.9998,LPath
F269G,0.9993,LPath
F269H,0.9973,LPath
F269I,0.998,LPath
F269K,0.9998,LPath
F269L,0.9997,LPath
F269M,0.9981,LPath
F269N,0.9989,LPath
F269P,1.0,LPath
F269Q,0.9996,LPath
F269R,0.9991,LPath
F269S,0.9988,LPath
F269T,0.9992,LPath
F269V,0.9978,LPath
F269W,0.9869,LPath
F269Y,0.9462,LPath
C270A,0.684,LPath
C270D,0.9969,LPath
C270E,0.9985,LPath
C270F,0.9196,LPath
C270G,0.5605,Amb
C270H,0.9895,LPath
C270I,0.9383,LPath
C270K,0.9995,LPath
C270L,0.9033,LPath
C270M,0.9353,LPath
C270N,0.9386,LPath
C270P,0.9982,LPath
C270Q,0.9905,LPath
C270R,0.9945,LPath
C270S,0.5319,Amb
C270T,0.5362,Amb
C270V,0.7194,LPath
C270W,0.9968,LPath
C270Y,0.9878,LPath
S271A,0.0867,LBen
S271C,0.245,LBen
S271D,0.8888,LPath
S271E,0.929,LPath
S271F,0.7456,LPath
S271G,0.0787,LBen
S271H,0.7398,LPath
S271I,0.7441,LPath
S271K,0.971,LPath
S271L,0.3142,LBen
S271M,0.4788,Amb
S271N,0.2782,LBen
S271P,0.8561,LPath
S271Q,0.7406,LPath
S271R,0.941,LPath
S271T,0.2286,LBen
S271V,0.6238,LPath
S271W,0.8927,LPath
S271Y,0.6977,LPath
T272A,0.8554,LPath
T272C,0.9713,LPath
T272D,0.9833,LPath
T272E,0.9882,LPath
T272F,0.9647,LPath
T272G,0.8657,LPath
T272H,0.9178,LPath
T272I,0.9869,LPath
T272K,0.9171,LPath
T272L,0.9058,LPath
T272M,0.864,LPath
T272N,0.8154,LPath
T272P,0.9716,LPath
T272Q,0.909,LPath
T272R,0.8544,LPath
T272S,0.644,LPath
T272V,0.9267,LPath
T272W,0.9906,LPath
T272Y,0.961,LPath
C273A,0.8969,LPath
C273D,0.9984,LPath
C273E,0.9979,LPath
C273F,0.9773,LPath
C273G,0.9108,LPath
C273H,0.9959,LPath
C273I,0.8524,LPath
C273K,0.9961,LPath
C273L,0.9674,LPath
C273M,0.9492,LPath
C273N,0.9789,LPath
C273P,0.9927,LPath
C273Q,0.9806,LPath
C273R,0.9747,LPath
C273S,0.9132,LPath
C273T,0.8966,LPath
C273V,0.6258,LPath
C273W,0.9948,LPath
C273Y,0.9919,LPath
N274A,0.172,LBen
N274C,0.3419,Amb
N274D,0.5601,Amb
N274E,0.7568,LPath
N274F,0.4074,Amb
N274G,0.2439,LBen
N274H,0.1156,LBen
N274I,0.1971,LBen
N274K,0.7342,LPath
N274L,0.1884,LBen
N274M,0.3003,LBen
N274P,0.7047,LPath
N274Q,0.3778,Amb
N274R,0.6211,LPath
N274S,0.0755,LBen
N274T,0.1551,LBen
N274V,0.1788,LBen
N274W,0.7481,LPath
N274Y,0.181,LBen
N275A,0.2079,LBen
N275C,0.2959,LBen
N275D,0.5354,Amb
N275E,0.7836,LPath
N275F,0.5662,LPath
N275G,0.1942,LBen
N275H,0.1981,LBen
N275I,0.3209,LBen
N275K,0.8398,LPath
N275L,0.278,LBen
N275M,0.3446,Amb
N275P,0.9796,LPath
N275Q,0.4894,Amb
N275R,0.81,LPath
N275S,0.0775,LBen
N275T,0.1282,LBen
N275V,0.2695,LBen
N275W,0.8948,LPath
N275Y,0.3044,LBen
T276A,0.1589,LBen
T276C,0.2953,LBen
T276D,0.9951,LPath
T276E,0.9939,LPath
T276F,0.9954,LPath
T276G,0.734,LPath
T276H,0.9889,LPath
T276I,0.7992,LPath
T276K,0.9961,LPath
T276L,0.7596,LPath
T276M,0.7017,LPath
T276N,0.877,LPath
T276P,0.9755,LPath
T276Q,0.976,LPath
T276R,0.9892,LPath
T276S,0.3552,Amb
T276V,0.315,LBen
T276W,0.9996,LPath
T276Y,0.9966,LPath
Q277A,0.302,LBen
Q277C,0.8669,LPath
Q277D,0.9337,LPath
Q277E,0.2612,LBen
Q277F,0.841,LPath
Q277G,0.5284,Amb
Q277H,0.6018,LPath
Q277I,0.4814,Amb
Q277K,0.5411,Amb
Q277L,0.2176,LBen
Q277M,0.319,LBen
Q277N,0.5735,LPath
Q277P,0.9838,LPath
Q277R,0.508,Amb
Q277S,0.3132,LBen
Q277T,0.2976,LBen
Q277V,0.3155,LBen
Q277W,0.9301,LPath
Q277Y,0.7925,LPath
R278A,0.964,LPath
R278C,0.7833,LPath
R278D,0.9913,LPath
R278E,0.9398,LPath
R278F,0.9569,LPath
R278G,0.9426,LPath
R278H,0.4773,Amb
R278I,0.8987,LPath
R278K,0.2667,LBen
R278L,0.8438,LPath
R278M,0.8954,LPath
R278N,0.9766,LPath
R278P,0.9987,LPath
R278Q,0.4615,Amb
R278S,0.9766,LPath
R278T,0.9317,LPath
R278V,0.9201,LPath
R278W,0.7733,LPath
R278Y,0.89,LPath
T279A,0.1113,LBen
T279C,0.2517,LBen
T279D,0.9571,LPath
T279E,0.9172,LPath
T279F,0.5419,Amb
T279G,0.4166,Amb
T279H,0.7703,LPath
T279I,0.1467,LBen
T279K,0.9231,LPath
T279L,0.0906,LBen
T279M,0.0838,LBen
T279N,0.4277,Amb
T279P,0.9595,LPath
T279Q,0.7447,LPath
T279R,0.9151,LPath
T279S,0.2037,LBen
T279V,0.0866,LBen
T279W,0.9243,LPath
T279Y,0.719,LPath
A280C,0.5973,LPath
A280D,0.9944,LPath
A280E,0.9895,LPath
A280F,0.944,LPath
A280G,0.2759,LBen
A280H,0.9721,LPath
A280I,0.9497,LPath
A280K,0.9977,LPath
A280L,0.8917,LPath
A280M,0.8487,LPath
A280N,0.9333,LPath
A280P,0.9978,LPath
A280Q,0.9487,LPath
A280R,0.9914,LPath
A280S,0.1332,LBen
A280T,0.4006,Amb
A280V,0.756,LPath
A280W,0.9945,LPath
A280Y,0.9719,LPath
L281A,0.7476,LPath
L281C,0.795,LPath
L281D,0.988,LPath
L281E,0.9464,LPath
L281F,0.3168,LBen
L281G,0.9274,LPath
L281H,0.7734,LPath
L281I,0.2054,LBen
L281K,0.8953,LPath
L281M,0.1891,LBen
L281N,0.8662,LPath
L281P,0.995,LPath
L281Q,0.7032,LPath
L281R,0.8337,LPath
L281S,0.8408,LPath
L281T,0.7455,LPath
L281V,0.2366,LBen
L281W,0.7452,LPath
L281Y,0.6741,LPath
L282A,0.7449,LPath
L282C,0.7807,LPath
L282D,0.9969,LPath
L282E,0.9825,LPath
L282F,0.5904,LPath
L282G,0.9487,LPath
L282H,0.9459,LPath
L282I,0.2322,LBen
L282K,0.9833,LPath
L282M,0.1349,LBen
L282N,0.9506,LPath
L282P,0.9971,LPath
L282Q,0.8769,LPath
L282R,0.9776,LPath
L282S,0.8702,LPath
L282T,0.6152,LPath
L282V,0.1934,LBen
L282W,0.9608,LPath
L282Y,0.9363,LPath
L283A,0.924,LPath
L283C,0.8148,LPath
L283D,0.9998,LPath
L283E,0.9988,LPath
L283F,0.8567,LPath
L283G,0.9865,LPath
L283H,0.9976,LPath
L283I,0.523,Amb
L283K,0.9991,LPath
L283M,0.3884,Amb
L283N,0.997,LPath
L283P,0.9991,LPath
L283Q,0.9946,LPath
L283R,0.998,LPath
L283S,0.9885,LPath
L283T,0.9391,LPath
L283V,0.4989,Amb
L283W,0.9954,LPath
L283Y,0.9937,LPath
R284A,0.9894,LPath
R284C,0.9344,LPath
R284D,0.9928,LPath
R284E,0.9619,LPath
R284F,0.9965,LPath
R284G,0.9632,LPath
R284H,0.8286,LPath
R284I,0.99,LPath
R284K,0.6742,LPath
R284L,0.9764,LPath
R284M,0.9921,LPath
R284N,0.9864,LPath
R284P,0.9986,LPath
R284Q,0.7561,LPath
R284S,0.9889,LPath
R284T,0.9859,LPath
R284V,0.9899,LPath
R284W,0.9467,LPath
R284Y,0.9838,LPath
N285A,0.3932,Amb
N285C,0.3238,LBen
N285D,0.6845,LPath
N285E,0.7566,LPath
N285F,0.7675,LPath
N285G,0.4316,Amb
N285H,0.157,LBen
N285I,0.5409,Amb
N285K,0.8154,LPath
N285L,0.5144,Amb
N285M,0.5796,LPath
N285P,0.9825,LPath
N285Q,0.5322,Amb
N285R,0.7751,LPath
N285S,0.128,LBen
N285T,0.2777,LBen
N285V,0.4981,Amb
N285W,0.9146,LPath
N285Y,0.3279,LBen
L286A,0.9393,LPath
L286C,0.9323,LPath
L286D,0.999,LPath
L286E,0.9938,LPath
L286F,0.9293,LPath
L286G,0.989,LPath
L286H,0.9878,LPath
L286I,0.5641,LPath
L286K,0.9915,LPath
L286M,0.4917,Amb
L286N,0.9881,LPath
L286P,0.9989,LPath
L286Q,0.978,LPath
L286R,0.9842,LPath
L286S,0.9863,LPath
L286T,0.9354,LPath
L286V,0.628,LPath
L286W,0.9928,LPath
L286Y,0.9909,LPath
G287A,0.7981,LPath
G287C,0.9093,LPath
G287D,0.9492,LPath
G287E,0.9791,LPath
G287F,0.9953,LPath
G287H,0.9769,LPath
G287I,0.9921,LPath
G287K,0.9894,LPath
G287L,0.9824,LPath
G287M,0.9908,LPath
G287N,0.9163,LPath
G287P,0.9974,LPath
G287Q,0.9596,LPath
G287R,0.9738,LPath
G287S,0.6452,LPath
G287T,0.9475,LPath
G287V,0.982,LPath
G287W,0.9934,LPath
G287Y,0.9899,LPath
F288A,0.9824,LPath
F288C,0.8283,LPath
F288D,0.9977,LPath
F288E,0.9953,LPath
F288G,0.9914,LPath
F288H,0.9454,LPath
F288I,0.7181,LPath
F288K,0.99,LPath
F288L,0.9578,LPath
F288M,0.7846,LPath
F288N,0.9831,LPath
F288P,0.9998,LPath
F288Q,0.9808,LPath
F288R,0.9818,LPath
F288S,0.9869,LPath
F288T,0.9891,LPath
F288V,0.7851,LPath
F288W,0.85,LPath
F288Y,0.4325,Amb
T289A,0.0831,LBen
T289C,0.3544,Amb
T289D,0.4918,Amb
T289E,0.461,Amb
T289F,0.4029,Amb
T289G,0.1555,LBen
T289H,0.2821,LBen
T289I,0.3307,LBen
T289K,0.4004,Amb
T289L,0.1378,LBen
T289M,0.1176,LBen
T289N,0.1295,LBen
T289P,0.1102,LBen
T289Q,0.2474,LBen
T289R,0.3913,Amb
T289S,0.0861,LBen
T289V,0.1889,LBen
T289W,0.7633,LPath
T289Y,0.4325,Amb
A290C,0.7192,LPath
A290D,0.9978,LPath
A290E,0.9978,LPath
A290F,0.9951,LPath
A290G,0.5545,Amb
A290H,0.997,LPath
A290I,0.9386,LPath
A290K,0.9996,LPath
A290L,0.9537,LPath
A290M,0.9702,LPath
A290N,0.9842,LPath
A290P,0.969,LPath
A290Q,0.9936,LPath
A290R,0.9981,LPath
A290S,0.2242,LBen
A290T,0.5605,Amb
A290V,0.6865,LPath
A290W,0.9997,LPath
A290Y,0.9981,LPath
I291A,0.9516,LPath
I291C,0.9643,LPath
I291D,0.9992,LPath
I291E,0.997,LPath
I291F,0.9265,LPath
I291G,0.995,LPath
I291H,0.9975,LPath
I291K,0.9975,LPath
I291L,0.5439,Amb
I291M,0.6603,LPath
I291N,0.9843,LPath
I291P,0.9958,LPath
I291Q,0.9945,LPath
I291R,0.9953,LPath
I291S,0.9563,LPath
I291T,0.9182,LPath
I291V,0.1424,LBen
I291W,0.9983,LPath
I291Y,0.9936,LPath
P292A,0.5557,Amb
P292C,0.9175,LPath
P292D,0.9977,LPath
P292E,0.994,LPath
P292F,0.997,LPath
P292G,0.9161,LPath
P292H,0.9837,LPath
P292I,0.9878,LPath
P292K,0.9981,LPath
P292L,0.9545,LPath
P292M,0.9861,LPath
P292N,0.9883,LPath
P292Q,0.9775,LPath
P292R,0.9925,LPath
P292S,0.7977,LPath
P292T,0.8929,LPath
P292V,0.9592,LPath
P292W,0.999,LPath
P292Y,0.9972,LPath
L293A,0.9925,LPath
L293C,0.9946,LPath
L293D,0.9999,LPath
L293E,0.9995,LPath
L293F,0.9844,LPath
L293G,0.9992,LPath
L293H,0.9993,LPath
L293I,0.3973,Amb
L293K,0.999,LPath
L293M,0.7398,LPath
L293N,0.9989,LPath
L293P,0.9994,LPath
L293Q,0.9986,LPath
L293R,0.9982,LPath
L293S,0.9987,LPath
L293T,0.9946,LPath
L293V,0.7245,LPath
L293W,0.9987,LPath
L293Y,0.9983,LPath
H294A,0.9939,LPath
H294C,0.8584,LPath
H294D,0.9888,LPath
H294E,0.998,LPath
H294F,0.975,LPath
H294G,0.9912,LPath
H294I,0.9983,LPath
H294K,0.9989,LPath
H294L,0.98,LPath
H294M,0.9914,LPath
H294N,0.7036,LPath
H294P,0.9959,LPath
H294Q,0.9908,LPath
H294R,0.9966,LPath
H294S,0.911,LPath
H294T,0.9903,LPath
H294V,0.997,LPath
H294W,0.975,LPath
H294Y,0.9384,LPath
G295A,0.9823,LPath
G295C,0.9985,LPath
G295D,0.9996,LPath
G295E,0.9997,LPath
G295F,0.9991,LPath
G295H,0.9997,LPath
G295I,0.9992,LPath
G295K,0.9997,LPath
G295L,0.999,LPath
G295M,0.9996,LPath
G295N,0.9994,LPath
G295P,0.9998,LPath
G295Q,0.9994,LPath
G295R,0.9989,LPath
G295S,0.9614,LPath
G295T,0.9978,LPath
G295V,0.9987,LPath
G295W,0.9992,LPath
G295Y,0.9994,LPath
Q296A,0.4448,Amb
Q296C,0.9609,LPath
Q296D,0.8268,LPath
Q296E,0.4056,Amb
Q296F,0.9407,LPath
Q296G,0.4309,Amb
Q296H,0.7328,LPath
Q296I,0.8934,LPath
Q296K,0.4295,Amb
Q296L,0.4936,Amb
Q296M,0.5421,Amb
Q296N,0.5032,Amb
Q296P,0.9731,LPath
Q296R,0.5901,LPath
Q296S,0.3922,Amb
Q296T,0.5351,Amb
Q296V,0.7739,LPath
Q296W,0.9813,LPath
Q296Y,0.9188,LPath
M297A,0.9815,LPath
M297C,0.9754,LPath
M297D,0.9985,LPath
M297E,0.9928,LPath
M297F,0.9408,LPath
M297G,0.9919,LPath
M297H,0.992,LPath
M297I,0.9566,LPath
M297K,0.9554,LPath
M297L,0.309,LBen
M297N,0.9819,LPath
M297P,0.9997,LPath
M297Q,0.9147,LPath
M297R,0.9801,LPath
M297S,0.9856,LPath
M297T,0.989,LPath
M297V,0.8138,LPath
M297W,0.9944,LPath
M297Y,0.9815,LPath
S298A,0.1572,LBen
S298C,0.4296,Amb
S298D,0.7175,LPath
S298E,0.8778,LPath
S298F,0.8741,LPath
S298G,0.1295,LBen
S298H,0.7298,LPath
S298I,0.6701,LPath
S298K,0.9204,LPath
S298L,0.3706,Amb
S298M,0.4276,Amb
S298N,0.2046,LBen
S298P,0.3661,Amb
S298Q,0.7641,LPath
S298R,0.9382,LPath
S298T,0.0974,LBen
S298V,0.5356,Amb
S298W,0.9326,LPath
S298Y,0.8193,LPath
Q299A,0.8584,LPath
Q299C,0.9996,LPath
Q299D,0.9966,LPath
Q299E,0.9238,LPath
Q299F,0.9957,LPath
Q299G,0.9279,LPath
Q299H,0.9984,LPath
Q299I,0.9874,LPath
Q299K,0.9898,LPath
Q299L,0.9615,LPath
Q299M,0.8925,LPath
Q299N,0.966,LPath
Q299P,0.9431,LPath
Q299R,0.9871,LPath
Q299S,0.8249,LPath
Q299T,0.9193,LPath
Q299V,0.9688,LPath
Q299W,0.9993,LPath
Q299Y,0.9988,LPath
S300A,0.106,LBen
S300C,0.3861,Amb
S300D,0.6817,LPath
S300E,0.747,LPath
S300F,0.6745,LPath
S300G,0.1061,LBen
S300H,0.51,Amb
S300I,0.4027,Amb
S300K,0.8949,LPath
S300L,0.3325,LBen
S300M,0.3256,LBen
S300N,0.124,LBen
S300P,0.3636,Amb
S300Q,0.5105,Amb
S300R,0.8909,LPath
S300T,0.1143,LBen
S300V,0.321,LBen
S300W,0.8253,LPath
S300Y,0.6037,LPath
K301A,0.8202,LPath
K301C,0.9481,LPath
K301D,0.9539,LPath
K301E,0.8733,LPath
K301F,0.9871,LPath
K301G,0.8973,LPath
K301H,0.7155,LPath
K301I,0.9248,LPath
K301L,0.8587,LPath
K301M,0.8219,LPath
K301N,0.9204,LPath
K301P,0.9903,LPath
K301Q,0.3852,Amb
K301R,0.1131,LBen
K301S,0.8801,LPath
K301T,0.8024,LPath
K301V,0.8597,LPath
K301W,0.9795,LPath
K301Y,0.9537,LPath
R302A,0.9982,LPath
R302C,0.9977,LPath
R302D,0.9991,LPath
R302E,0.9921,LPath
R302F,0.9997,LPath
R302G,0.9975,LPath
R302H,0.9976,LPath
R302I,0.9968,LPath
R302K,0.9941,LPath
R302L,0.9939,LPath
R302M,0.9997,LPath
R302N,0.9995,LPath
R302P,0.9986,LPath
R302Q,0.9953,LPath
R302S,0.9993,LPath
R302T,0.9993,LPath
R302V,0.9974,LPath
R302W,0.998,LPath
R302Y,0.9982,LPath
L303A,0.9512,LPath
L303C,0.9918,LPath
L303D,0.998,LPath
L303E,0.9854,LPath
L303F,0.9285,LPath
L303G,0.9878,LPath
L303H,0.9876,LPath
L303I,0.3907,Amb
L303K,0.9751,LPath
L303M,0.4195,Amb
L303N,0.9721,LPath
L303P,0.9984,LPath
L303Q,0.9487,LPath
L303R,0.968,LPath
L303S,0.9852,LPath
L303T,0.9124,LPath
L303V,0.645,LPath
L303W,0.9823,LPath
L303Y,0.9846,LPath
G304A,0.4613,Amb
G304C,0.9494,LPath
G304D,0.9889,LPath
G304E,0.9897,LPath
G304F,0.9881,LPath
G304H,0.9912,LPath
G304I,0.9763,LPath
G304K,0.9969,LPath
G304L,0.973,LPath
G304M,0.9804,LPath
G304N,0.963,LPath
G304P,0.9987,LPath
G304Q,0.9789,LPath
G304R,0.9912,LPath
G304S,0.5968,LPath
G304T,0.8996,LPath
G304V,0.9508,LPath
G304W,0.9905,LPath
G304Y,0.9878,LPath
S305A,0.0855,LBen
S305C,0.2617,LBen
S305D,0.9948,LPath
S305E,0.9894,LPath
S305F,0.9509,LPath
S305G,0.4601,Amb
S305H,0.9627,LPath
S305I,0.9124,LPath
S305K,0.9988,LPath
S305L,0.7542,LPath
S305M,0.7797,LPath
S305N,0.8268,LPath
S305P,0.9981,LPath
S305Q,0.9584,LPath
S305R,0.9969,LPath
S305T,0.5388,Amb
S305V,0.7967,LPath
S305W,0.9845,LPath
S305Y,0.9402,LPath
L306A,0.9892,LPath
L306C,0.9958,LPath
L306D,0.9999,LPath
L306E,0.9992,LPath
L306F,0.976,LPath
L306G,0.9984,LPath
L306H,0.9985,LPath
L306I,0.5946,LPath
L306K,0.9964,LPath
L306M,0.7322,LPath
L306N,0.9983,LPath
L306P,0.9996,LPath
L306Q,0.9966,LPath
L306R,0.9941,LPath
L306S,0.998,LPath
L306T,0.9889,LPath
L306V,0.7276,LPath
L306W,0.9955,LPath
L306Y,0.9958,LPath
N307A,0.3547,Amb
N307C,0.5385,Amb
N307D,0.6824,LPath
N307E,0.836,LPath
N307F,0.8263,LPath
N307G,0.2907,LBen
N307H,0.2297,LBen
N307I,0.717,LPath
N307K,0.847,LPath
N307L,0.4644,Amb
N307M,0.5803,LPath
N307P,0.982,LPath
N307Q,0.5031,Amb
N307R,0.7714,LPath
N307S,0.0992,LBen
N307T,0.2575,LBen
N307V,0.5994,LPath
N307W,0.9428,LPath
N307Y,0.4747,Amb
K308A,0.9445,LPath
K308C,0.9644,LPath
K308D,0.9912,LPath
K308E,0.9847,LPath
K308F,0.9932,LPath
K308G,0.9611,LPath
K308H,0.8695,LPath
K308I,0.9561,LPath
K308L,0.8977,LPath
K308M,0.9016,LPath
K308N,0.9763,LPath
K308P,0.9977,LPath
K308Q,0.7639,LPath
K308R,0.1532,LBen
K308S,0.9691,LPath
K308T,0.8876,LPath
K308V,0.9288,LPath
K308W,0.9894,LPath
K308Y,0.967,LPath
F309A,0.9987,LPath
F309C,0.9972,LPath
F309D,0.9996,LPath
F309E,0.9995,LPath
F309G,0.9983,LPath
F309H,0.9964,LPath
F309I,0.9934,LPath
F309K,0.9991,LPath
F309L,0.9988,LPath
F309M,0.9916,LPath
F309N,0.9986,LPath
F309P,1.0,LPath
F309Q,0.9988,LPath
F309R,0.9975,LPath
F309S,0.9993,LPath
F309T,0.9993,LPath
F309V,0.9938,LPath
F309W,0.957,LPath
F309Y,0.8549,LPath
K310A,0.9896,LPath
K310C,0.9885,LPath
K310D,0.999,LPath
K310E,0.993,LPath
K310F,0.9993,LPath
K310G,0.993,LPath
K310H,0.9613,LPath
K310I,0.9899,LPath
K310L,0.9831,LPath
K310M,0.9826,LPath
K310N,0.9973,LPath
K310P,0.9987,LPath
K310Q,0.8987,LPath
K310R,0.1275,LBen
K310S,0.9946,LPath
K310T,0.9729,LPath
K310V,0.9818,LPath
K310W,0.9982,LPath
K310Y,0.9968,LPath
A311C,0.7657,LPath
A311D,0.8954,LPath
A311E,0.8258,LPath
A311F,0.8885,LPath
A311G,0.1649,LBen
A311H,0.8813,LPath
A311I,0.8277,LPath
A311K,0.9525,LPath
A311L,0.5805,LPath
A311M,0.5947,LPath
A311N,0.5262,Amb
A311P,0.9934,LPath
A311Q,0.6367,LPath
A311R,0.9235,LPath
A311S,0.0904,LBen
A311T,0.2579,LBen
A311V,0.5618,Amb
A311W,0.987,LPath
A311Y,0.9268,LPath
K312A,0.6552,LPath
K312C,0.8121,LPath
K312D,0.8106,LPath
K312E,0.5176,Amb
K312F,0.9676,LPath
K312G,0.3385,LBen
K312H,0.4359,Amb
K312I,0.9352,LPath
K312L,0.8007,LPath
K312M,0.6917,LPath
K312N,0.641,LPath
K312P,0.9645,LPath
K312Q,0.1975,LBen
K312R,0.093,LBen
K312S,0.6277,LPath
K312T,0.6137,LPath
K312V,0.8582,LPath
K312W,0.9593,LPath
K312Y,0.9159,LPath
A313C,0.5235,Amb
A313D,0.5765,LPath
A313E,0.4519,Amb
A313F,0.6149,LPath
A313G,0.1414,LBen
A313H,0.602,LPath
A313I,0.4364,Amb
A313K,0.7888,LPath
A313L,0.3085,LBen
A313M,0.2991,LBen
A313N,0.2502,LBen
A313P,0.9321,LPath
A313Q,0.3156,LBen
A313R,0.7796,LPath
A313S,0.0718,LBen
A313T,0.0929,LBen
A313V,0.2182,LBen
A313W,0.9291,LPath
A313Y,0.7113,LPath
R314A,0.8886,LPath
R314C,0.6558,LPath
R314D,0.974,LPath
R314E,0.9236,LPath
R314F,0.9745,LPath
R314G,0.8172,LPath
R314H,0.6016,LPath
R314I,0.9525,LPath
R314K,0.4391,Amb
R314L,0.933,LPath
R314M,0.9599,LPath
R314N,0.9492,LPath
R314P,0.9782,LPath
R314Q,0.5188,Amb
R314S,0.8989,LPath
R314T,0.8898,LPath
R314V,0.9221,LPath
R314W,0.8826,LPath
R314Y,0.9192,LPath
S315A,0.1376,LBen
S315C,0.2644,LBen
S315D,0.6018,LPath
S315E,0.7661,LPath
S315F,0.717,LPath
S315G,0.1238,LBen
S315H,0.5671,LPath
S315I,0.6795,LPath
S315K,0.8741,LPath
S315L,0.3762,Amb
S315M,0.4318,Amb
S315N,0.1803,LBen
S315P,0.4,Amb
S315Q,0.5935,LPath
S315R,0.8756,LPath
S315T,0.1369,LBen
S315V,0.5226,Amb
S315W,0.8529,LPath
S315Y,0.6274,LPath
I316A,0.9198,LPath
I316C,0.8922,LPath
I316D,0.9988,LPath
I316E,0.9976,LPath
I316F,0.7856,LPath
I316G,0.9901,LPath
I316H,0.9937,LPath
I316K,0.996,LPath
I316L,0.3013,LBen
I316M,0.4584,Amb
I316N,0.977,LPath
I316P,0.9937,LPath
I316Q,0.9936,LPath
I316R,0.9933,LPath
I316S,0.9582,LPath
I316T,0.9108,LPath
I316V,0.0934,LBen
I316W,0.9963,LPath
I316Y,0.9792,LPath
L317A,0.989,LPath
L317C,0.9756,LPath
L317D,0.9999,LPath
L317E,0.9996,LPath
L317F,0.9657,LPath
L317G,0.9983,LPath
L317H,0.9988,LPath
L317I,0.6798,LPath
L317K,0.9991,LPath
L317M,0.5997,LPath
L317N,0.999,LPath
L317P,0.9996,LPath
L317Q,0.9973,LPath
L317R,0.9985,LPath
L317S,0.9984,LPath
L317T,0.9953,LPath
L317V,0.773,LPath
L317W,0.9988,LPath
L317Y,0.9976,LPath
L318A,0.8441,LPath
L318C,0.7424,LPath
L318D,0.9995,LPath
L318E,0.9967,LPath
L318F,0.8563,LPath
L318G,0.9879,LPath
L318H,0.9926,LPath
L318I,0.1008,LBen
L318K,0.9971,LPath
L318M,0.3454,Amb
L318N,0.9918,LPath
L318P,0.9933,LPath
L318Q,0.9889,LPath
L318R,0.9948,LPath
L318S,0.9775,LPath
L318T,0.8439,LPath
L318V,0.0866,LBen
L318W,0.9922,LPath
L318Y,0.9894,LPath
A319C,0.4705,Amb
A319D,0.999,LPath
A319E,0.9991,LPath
A319F,0.9969,LPath
A319G,0.613,LPath
A319H,0.998,LPath
A319I,0.9944,LPath
A319K,0.9998,LPath
A319L,0.9679,LPath
A319M,0.9831,LPath
A319N,0.9933,LPath
A319P,0.9988,LPath
A319Q,0.9946,LPath
A319R,0.9983,LPath
A319S,0.3658,Amb
A319T,0.802,LPath
A319V,0.9453,LPath
A319W,0.9998,LPath
A319Y,0.999,LPath
T320A,0.9915,LPath
T320C,0.9991,LPath
T320D,0.999,LPath
T320E,0.9991,LPath
T320F,0.9998,LPath
T320G,0.9902,LPath
T320H,0.999,LPath
T320I,0.9998,LPath
T320K,0.9982,LPath
T320L,0.9977,LPath
T320M,0.9966,LPath
T320N,0.9954,LPath
T320P,0.9945,LPath
T320Q,0.9986,LPath
T320R,0.9983,LPath
T320S,0.9376,LPath
T320V,0.9977,LPath
T320W,0.9999,LPath
T320Y,0.9998,LPath
D321A,0.9905,LPath
D321C,0.9995,LPath
D321E,0.9757,LPath
D321F,0.9996,LPath
D321G,0.9919,LPath
D321H,0.9978,LPath
D321I,0.9994,LPath
D321K,0.9991,LPath
D321L,0.9982,LPath
D321M,0.9996,LPath
D321N,0.9533,LPath
D321P,0.9994,LPath
D321Q,0.9981,LPath
D321R,0.9982,LPath
D321S,0.969,LPath
D321T,0.9953,LPath
D321V,0.9967,LPath
D321W,0.9999,LPath
D321Y,0.9961,LPath
V322A,0.994,LPath
V322C,0.9984,LPath
V322D,0.9992,LPath
V322E,0.9981,LPath
V322F,0.9945,LPath
V322G,0.9897,LPath
V322H,0.9997,LPath
V322I,0.3832,Amb
V322K,0.9982,LPath
V322L,0.9723,LPath
V322M,0.9865,LPath
V322N,0.9969,LPath
V322P,0.9994,LPath
V322Q,0.9985,LPath
V322R,0.995,LPath
V322S,0.9935,LPath
V322T,0.9719,LPath
V322W,0.9999,LPath
V322Y,0.9992,LPath
A323C,0.9788,LPath
A323D,0.9998,LPath
A323E,0.9996,LPath
A323F,0.9964,LPath
A323G,0.7019,LPath
A323H,0.9997,LPath
A323I,0.9964,LPath
A323K,0.9999,LPath
A323L,0.9669,LPath
A323M,0.9937,LPath
A323N,0.9991,LPath
A323P,0.9975,LPath
A323Q,0.9982,LPath
A323R,0.9987,LPath
A323S,0.8356,LPath
A323T,0.99,LPath
A323V,0.9869,LPath
A323W,0.9998,LPath
A323Y,0.9992,LPath
S324A,0.2346,LBen
S324C,0.9196,LPath
S324D,0.9988,LPath
S324E,0.9963,LPath
S324F,0.9979,LPath
S324G,0.5907,LPath
S324H,0.9969,LPath
S324I,0.9987,LPath
S324K,0.9996,LPath
S324L,0.9828,LPath
S324M,0.9857,LPath
S324N,0.9861,LPath
S324P,0.9991,LPath
S324Q,0.9859,LPath
S324R,0.9992,LPath
S324T,0.963,LPath
S324V,0.9959,LPath
S324W,0.9988,LPath
S324Y,0.997,LPath
R325A,0.9995,LPath
R325C,0.9989,LPath
R325D,0.9996,LPath
R325E,0.9971,LPath
R325F,0.9999,LPath
R325G,0.9984,LPath
R325H,0.9986,LPath
R325I,0.9998,LPath
R325K,0.9951,LPath
R325L,0.9983,LPath
R325M,0.9999,LPath
R325N,0.9998,LPath
R325P,0.9998,LPath
R325Q,0.9969,LPath
R325S,0.9996,LPath
R325T,0.9996,LPath
R325V,0.9995,LPath
R325W,0.998,LPath
R325Y,0.9997,LPath
G326A,0.9985,LPath
G326C,0.9995,LPath
G326D,0.9996,LPath
G326E,0.9997,LPath
G326F,0.9998,LPath
G326H,1.0,LPath
G326I,0.9987,LPath
G326K,0.9999,LPath
G326L,0.9996,LPath
G326M,0.9998,LPath
G326N,0.9999,LPath
G326P,0.9998,LPath
G326Q,0.9999,LPath
G326R,0.9999,LPath
G326S,0.999,LPath
G326T,0.9994,LPath
G326V,0.9989,LPath
G326W,0.9999,LPath
G326Y,0.9998,LPath
L327A,0.9962,LPath
L327C,0.9991,LPath
L327D,0.9999,LPath
L327E,0.9995,LPath
L327F,0.9955,LPath
L327G,0.9991,LPath
L327H,0.9998,LPath
L327I,0.783,LPath
L327K,0.999,LPath
L327M,0.9132,LPath
L327N,0.999,LPath
L327P,0.9998,LPath
L327Q,0.9995,LPath
L327R,0.9983,LPath
L327S,0.9996,LPath
L327T,0.9969,LPath
L327V,0.9503,LPath
L327W,0.9982,LPath
L327Y,0.999,LPath
D328A,0.9991,LPath
D328C,1.0,LPath
D328E,0.9995,LPath
D328F,0.9997,LPath
D328G,0.9992,LPath
D328H,0.9991,LPath
D328I,0.9999,LPath
D328K,0.9999,LPath
D328L,0.9995,LPath
D328M,0.9999,LPath
D328N,0.997,LPath
D328P,0.9997,LPath
D328Q,0.9998,LPath
D328R,0.9998,LPath
D328S,0.998,LPath
D328T,0.9999,LPath
D328V,0.9996,LPath
D328W,0.9999,LPath
D328Y,0.9982,LPath
I329A,0.9981,LPath
I329C,0.9988,LPath
I329D,0.9997,LPath
I329E,0.9994,LPath
I329F,0.9711,LPath
I329G,0.9998,LPath
I329H,0.9996,LPath
I329K,0.9995,LPath
I329L,0.8069,LPath
I329M,0.8999,LPath
I329N,0.9971,LPath
I329P,0.9994,LPath
I329Q,0.9995,LPath
I329R,0.999,LPath
I329S,0.9967,LPath
I329T,0.9974,LPath
I329V,0.5828,LPath
I329W,0.9993,LPath
I329Y,0.9975,LPath
P330A,0.7759,LPath
P330C,0.9907,LPath
P330D,0.9856,LPath
P330E,0.9654,LPath
P330F,0.9975,LPath
P330G,0.9624,LPath
P330H,0.9674,LPath
P330I,0.9882,LPath
P330K,0.9846,LPath
P330L,0.923,LPath
P330M,0.9833,LPath
P330N,0.9801,LPath
P330Q,0.9237,LPath
P330R,0.9642,LPath
P330S,0.8997,LPath
P330T,0.899,LPath
P330V,0.9702,LPath
P330W,0.9981,LPath
P330Y,0.9966,LPath
H331A,0.6226,LPath
H331C,0.5216,Amb
H331D,0.7882,LPath
H331E,0.8532,LPath
H331F,0.5456,Amb
H331G,0.7226,LPath
H331I,0.8467,LPath
H331K,0.8525,LPath
H331L,0.4261,Amb
H331M,0.7295,LPath
H331N,0.3699,Amb
H331P,0.9012,LPath
H331Q,0.6689,LPath
H331R,0.7082,LPath
H331S,0.4712,Amb
H331T,0.6783,LPath
H331V,0.7558,LPath
H331W,0.769,LPath
H331Y,0.3978,Amb
V332A,0.9871,LPath
V332C,0.9833,LPath
V332D,0.9995,LPath
V332E,0.999,LPath
V332F,0.9982,LPath
V332G,0.9856,LPath
V332H,0.9998,LPath
V332I,0.4343,Amb
V332K,0.9992,LPath
V332L,0.9881,LPath
V332M,0.9895,LPath
V332N,0.9981,LPath
V332P,0.9989,LPath
V332Q,0.9987,LPath
V332R,0.9972,LPath
V332S,0.9897,LPath
V332T,0.91,LPath
V332W,0.9999,LPath
V332Y,0.9998,LPath
D333A,0.9619,LPath
D333C,0.998,LPath
D333E,0.9529,LPath
D333F,0.9989,LPath
D333G,0.9578,LPath
D333H,0.9885,LPath
D333I,0.9987,LPath
D333K,0.9965,LPath
D333L,0.9966,LPath
D333M,0.9985,LPath
D333N,0.8565,LPath
D333P,0.9989,LPath
D333Q,0.9855,LPath
D333R,0.9953,LPath
D333S,0.8922,LPath
D333T,0.9846,LPath
D333V,0.9943,LPath
D333W,0.9997,LPath
D333Y,0.993,LPath
V334A,0.3735,Amb
V334C,0.5299,Amb
V334D,0.9868,LPath
V334E,0.9767,LPath
V334F,0.5551,Amb
V334G,0.5806,LPath
V334H,0.9739,LPath
V334I,0.095,LBen
V334K,0.9868,LPath
V334L,0.4177,Amb
V334M,0.378,Amb
V334N,0.8867,LPath
V334P,0.9971,LPath
V334Q,0.9598,LPath
V334R,0.9708,LPath
V334S,0.661,LPath
V334T,0.4042,Amb
V334W,0.984,LPath
V334Y,0.91,LPath
V335A,0.9882,LPath
V335C,0.9941,LPath
V335D,0.9995,LPath
V335E,0.999,LPath
V335F,0.998,LPath
V335G,0.9933,LPath
V335H,0.9998,LPath
V335I,0.2607,LBen
V335K,0.9995,LPath
V335L,0.9894,LPath
V335M,0.9925,LPath
V335N,0.9982,LPath
V335P,0.9985,LPath
V335Q,0.9991,LPath
V335R,0.9984,LPath
V335S,0.9891,LPath
V335T,0.9526,LPath
V335W,1.0,LPath
V335Y,0.9998,LPath
V336A,0.7407,LPath
V336C,0.7882,LPath
V336D,0.9981,LPath
V336E,0.9936,LPath
V336F,0.5959,LPath
V336G,0.9244,LPath
V336H,0.9959,LPath
V336I,0.0656,LBen
V336K,0.9967,LPath
V336L,0.148,LBen
V336M,0.291,LBen
V336N,0.9873,LPath
V336P,0.9972,LPath
V336Q,0.9892,LPath
V336R,0.9937,LPath
V336S,0.9417,LPath
V336T,0.8679,LPath
V336W,0.9919,LPath
V336Y,0.9671,LPath
N337A,0.968,LPath
N337C,0.8306,LPath
N337D,0.9961,LPath
N337E,0.9986,LPath
N337F,0.9978,LPath
N337G,0.984,LPath
N337H,0.9795,LPath
N337I,0.9324,LPath
N337K,0.9997,LPath
N337L,0.9129,LPath
N337M,0.9652,LPath
N337P,0.9966,LPath
N337Q,0.9935,LPath
N337R,0.9995,LPath
N337S,0.6324,LPath
N337T,0.9178,LPath
N337V,0.9131,LPath
N337W,0.9997,LPath
N337Y,0.9941,LPath
F338A,0.941,LPath
F338C,0.7655,LPath
F338D,0.9948,LPath
F338E,0.9944,LPath
F338G,0.9768,LPath
F338H,0.876,LPath
F338I,0.7912,LPath
F338K,0.9948,LPath
F338L,0.9224,LPath
F338M,0.7498,LPath
F338N,0.9588,LPath
F338P,0.9995,LPath
F338Q,0.9793,LPath
F338R,0.9874,LPath
F338S,0.9317,LPath
F338T,0.9482,LPath
F338V,0.7382,LPath
F338W,0.6586,LPath
F338Y,0.1833,LBen
D339A,0.981,LPath
D339C,0.9905,LPath
D339E,0.9026,LPath
D339F,0.9987,LPath
D339G,0.9773,LPath
D339H,0.9925,LPath
D339I,0.9981,LPath
D339K,0.9987,LPath
D339L,0.9965,LPath
D339M,0.999,LPath
D339N,0.8941,LPath
D339P,0.9997,LPath
D339Q,0.9922,LPath
D339R,0.9968,LPath
D339S,0.9357,LPath
D339T,0.9873,LPath
D339V,0.993,LPath
D339W,0.9996,LPath
D339Y,0.9924,LPath
I340A,0.8957,LPath
I340C,0.9159,LPath
I340D,0.9988,LPath
I340E,0.9972,LPath
I340F,0.8946,LPath
I340G,0.9873,LPath
I340H,0.9963,LPath
I340K,0.997,LPath
I340L,0.2949,LBen
I340M,0.3951,Amb
I340N,0.9723,LPath
I340P,0.9612,LPath
I340Q,0.9939,LPath
I340R,0.996,LPath
I340S,0.9216,LPath
I340T,0.8369,LPath
I340V,0.1382,LBen
I340W,0.9984,LPath
I340Y,0.9931,LPath
P341A,0.9011,LPath
P341C,0.9924,LPath
P341D,0.9996,LPath
P341E,0.9994,LPath
P341F,0.9999,LPath
P341G,0.9919,LPath
P341H,0.999,LPath
P341I,0.9993,LPath
P341K,0.9997,LPath
P341L,0.995,LPath
P341M,0.9992,LPath
P341N,0.9993,LPath
P341Q,0.9986,LPath
P341R,0.9988,LPath
P341S,0.9852,LPath
P341T,0.9913,LPath
P341V,0.9962,LPath
P341W,1.0,LPath
P341Y,0.9999,LPath
T342A,0.1324,LBen
T342C,0.5785,LPath
T342D,0.8838,LPath
T342E,0.8186,LPath
T342F,0.5688,LPath
T342G,0.2037,LBen
T342H,0.6088,LPath
T342I,0.3565,Amb
T342K,0.7606,LPath
T342L,0.1477,LBen
T342M,0.1591,LBen
T342N,0.2629,LBen
T342P,0.3528,Amb
T342Q,0.4301,Amb
T342R,0.728,LPath
T342S,0.1514,LBen
T342V,0.2142,LBen
T342W,0.9086,LPath
T342Y,0.6789,LPath
H343A,0.7811,LPath
H343C,0.6439,LPath
H343D,0.8546,LPath
H343E,0.9244,LPath
H343F,0.6925,LPath
H343G,0.8335,LPath
H343I,0.893,LPath
H343K,0.8591,LPath
H343L,0.6275,LPath
H343M,0.8644,LPath
H343N,0.2924,LBen
H343P,0.9354,LPath
H343Q,0.723,LPath
H343R,0.7064,LPath
H343S,0.5665,LPath
H343T,0.7559,LPath
H343V,0.8248,LPath
H343W,0.8576,LPath
H343Y,0.4923,Amb
S344A,0.3829,Amb
S344C,0.7343,LPath
S344D,0.9861,LPath
S344E,0.984,LPath
S344F,0.9906,LPath
S344G,0.386,Amb
S344H,0.9681,LPath
S344I,0.958,LPath
S344K,0.996,LPath
S344L,0.9587,LPath
S344M,0.9584,LPath
S344N,0.938,LPath
S344P,0.7773,LPath
S344Q,0.9692,LPath
S344R,0.9936,LPath
S344T,0.6596,LPath
S344V,0.9355,LPath
S344W,0.9864,LPath
S344Y,0.9773,LPath
K345A,0.9609,LPath
K345C,0.9914,LPath
K345D,0.9861,LPath
K345E,0.9616,LPath
K345F,0.9986,LPath
K345G,0.9752,LPath
K345H,0.9624,LPath
K345I,0.9881,LPath
K345L,0.9764,LPath
K345M,0.9654,LPath
K345N,0.9885,LPath
K345P,0.9852,LPath
K345Q,0.8834,LPath
K345R,0.3134,LBen
K345S,0.9765,LPath
K345T,0.9301,LPath
K345V,0.9684,LPath
K345W,0.9971,LPath
K345Y,0.9941,LPath
D346A,0.97,LPath
D346C,0.9983,LPath
D346E,0.9216,LPath
D346F,0.9978,LPath
D346G,0.982,LPath
D346H,0.9956,LPath
D346I,0.9916,LPath
D346K,0.9975,LPath
D346L,0.9937,LPath
D346M,0.9979,LPath
D346N,0.9466,LPath
D346P,0.9995,LPath
D346Q,0.9933,LPath
D346R,0.997,LPath
D346S,0.9611,LPath
D346T,0.9747,LPath
D346V,0.9745,LPath
D346W,0.9994,LPath
D346Y,0.9829,LPath
Y347A,0.9982,LPath
Y347C,0.9916,LPath
Y347D,0.9975,LPath
Y347E,0.9996,LPath
Y347F,0.5268,Amb
Y347G,0.9917,LPath
Y347H,0.9964,LPath
Y347I,0.9933,LPath
Y347K,0.9998,LPath
Y347L,0.9681,LPath
Y347M,0.995,LPath
Y347N,0.9929,LPath
Y347P,0.9994,LPath
Y347Q,0.9997,LPath
Y347R,0.9989,LPath
Y347S,0.9919,LPath
Y347T,0.9974,LPath
Y347V,0.9814,LPath
Y347W,0.9549,LPath
I348A,0.996,LPath
I348C,0.9959,LPath
I348D,0.9999,LPath
I348E,0.9992,LPath
I348F,0.9793,LPath
I348G,0.9993,LPath
I348H,0.9993,LPath
I348K,0.9983,LPath
I348L,0.86,LPath
I348M,0.9192,LPath
I348N,0.9973,LPath
I348P,0.9969,LPath
I348Q,0.9984,LPath
I348R,0.9958,LPath
I348S,0.9949,LPath
I348T,0.9808,LPath
I348V,0.1856,LBen
I348W,0.9992,LPath
I348Y,0.9976,LPath
H349A,0.9998,LPath
H349C,0.9981,LPath
H349D,0.9999,LPath
H349E,0.9999,LPath
H349F,0.9957,LPath
H349G,0.9997,LPath
H349I,0.9998,LPath
H349K,0.9994,LPath
H349L,0.9977,LPath
H349M,0.9997,LPath
H349N,0.9995,LPath
H349P,0.9964,LPath
H349Q,0.9994,LPath
H349R,0.9991,LPath
H349S,0.9994,LPath
H349T,0.9999,LPath
H349V,0.9998,LPath
H349W,0.9831,LPath
H349Y,0.9976,LPath
R350A,0.9995,LPath
R350C,0.9958,LPath
R350D,0.9998,LPath
R350E,0.9984,LPath
R350F,0.9999,LPath
R350G,0.9992,LPath
R350H,0.9934,LPath
R350I,0.9996,LPath
R350K,0.993,LPath
R350L,0.9974,LPath
R350M,0.9999,LPath
R350N,0.9997,LPath
R350P,0.9998,LPath
R350Q,0.9948,LPath
R350S,0.9997,LPath
R350T,0.9997,LPath
R350V,0.9995,LPath
R350W,0.9982,LPath
R350Y,0.9994,LPath
V351A,0.9404,LPath
V351C,0.9809,LPath
V351D,0.9994,LPath
V351E,0.9984,LPath
V351F,0.9973,LPath
V351G,0.9638,LPath
V351H,0.9996,LPath
V351I,0.4897,Amb
V351K,0.9989,LPath
V351L,0.9949,LPath
V351M,0.9938,LPath
V351N,0.9971,LPath
V351P,0.9984,LPath
V351Q,0.9978,LPath
V351R,0.9954,LPath
V351S,0.9567,LPath
V351T,0.9027,LPath
V351W,0.9999,LPath
V351Y,0.9995,LPath
G352A,0.9983,LPath
G352C,0.9995,LPath
G352D,0.9998,LPath
G352E,0.9998,LPath
G352F,0.9999,LPath
G352H,1.0,LPath
G352I,0.9996,LPath
G352K,0.9999,LPath
G352L,0.9997,LPath
G352M,0.9999,LPath
G352N,0.9999,LPath
G352P,0.9999,LPath
G352Q,0.9999,LPath
G352R,0.9998,LPath
G352S,0.9985,LPath
G352T,0.9992,LPath
G352V,0.9993,LPath
G352W,0.9998,LPath
G352Y,0.9999,LPath
R353A,0.9998,LPath
R353C,0.9992,LPath
R353D,0.9999,LPath
R353E,0.998,LPath
R353F,0.9999,LPath
R353G,0.9997,LPath
R353H,0.9995,LPath
R353I,0.9994,LPath
R353K,0.9964,LPath
R353L,0.9983,LPath
R353M,0.9999,LPath
R353N,0.9998,LPath
R353P,0.9998,LPath
R353Q,0.999,LPath
R353S,0.9999,LPath
R353T,0.9998,LPath
R353V,0.9995,LPath
R353W,0.9996,LPath
R353Y,0.9998,LPath
T354A,0.9764,LPath
T354C,0.9888,LPath
T354D,0.9994,LPath
T354E,0.9993,LPath
T354F,0.9997,LPath
T354G,0.9784,LPath
T354H,0.999,LPath
T354I,0.9992,LPath
T354K,0.9984,LPath
T354L,0.9956,LPath
T354M,0.9946,LPath
T354N,0.9967,LPath
T354P,0.9949,LPath
T354Q,0.9989,LPath
T354R,0.9978,LPath
T354S,0.967,LPath
T354V,0.9904,LPath
T354W,0.9999,LPath
T354Y,0.9997,LPath
A355C,0.9878,LPath
A355D,0.9997,LPath
A355E,0.9996,LPath
A355F,0.9983,LPath
A355G,0.8576,LPath
A355H,0.9994,LPath
A355I,0.9999,LPath
A355K,0.9998,LPath
A355L,0.9927,LPath
A355M,0.999,LPath
A355N,0.9991,LPath
A355P,0.9989,LPath
A355Q,0.9968,LPath
A355R,0.9956,LPath
A355S,0.8646,LPath
A355T,0.9985,LPath
A355V,0.9993,LPath
A355W,0.9998,LPath
A355Y,0.9991,LPath
R356A,0.9995,LPath
R356C,0.9995,LPath
R356D,0.9998,LPath
R356E,0.9982,LPath
R356F,0.9999,LPath
R356G,0.9994,LPath
R356H,0.9995,LPath
R356I,0.9997,LPath
R356K,0.9961,LPath
R356L,0.9986,LPath
R356M,0.9999,LPath
R356N,0.9999,LPath
R356P,0.9996,LPath
R356Q,0.9989,LPath
R356S,0.9998,LPath
R356T,0.9997,LPath
R356V,0.9993,LPath
R356W,0.9991,LPath
R356Y,0.9997,LPath
A357C,0.953,LPath
A357D,0.9986,LPath
A357E,0.9969,LPath
A357F,0.9365,LPath
A357G,0.8633,LPath
A357H,0.986,LPath
A357I,0.9891,LPath
A357K,0.994,LPath
A357L,0.9176,LPath
A357M,0.9491,LPath
A357N,0.9908,LPath
A357P,0.9988,LPath
A357Q,0.9676,LPath
A357R,0.9641,LPath
A357S,0.7362,LPath
A357T,0.9864,LPath
A357V,0.9758,LPath
A357W,0.9941,LPath
A357Y,0.9758,LPath
G358A,0.967,LPath
G358C,0.9881,LPath
G358D,0.9888,LPath
G358E,0.9943,LPath
G358F,0.9974,LPath
G358H,0.9964,LPath
G358I,0.9975,LPath
G358K,0.9962,LPath
G358L,0.9946,LPath
G358M,0.9972,LPath
G358N,0.9725,LPath
G358P,0.9994,LPath
G358Q,0.991,LPath
G358R,0.9919,LPath
G358S,0.9094,LPath
G358T,0.9845,LPath
G358V,0.9941,LPath
G358W,0.997,LPath
G358Y,0.997,LPath
R359A,0.9785,LPath
R359C,0.9008,LPath
R359D,0.9928,LPath
R359E,0.9744,LPath
R359F,0.9928,LPath
R359G,0.9633,LPath
R359H,0.8034,LPath
R359I,0.9778,LPath
R359K,0.4999,Amb
R359L,0.9446,LPath
R359M,0.9825,LPath
R359N,0.9763,LPath
R359P,0.9988,LPath
R359Q,0.7503,LPath
R359S,0.9877,LPath
R359T,0.9857,LPath
R359V,0.9788,LPath
R359W,0.9682,LPath
R359Y,0.9782,LPath
S360A,0.1102,LBen
S360C,0.3771,Amb
S360D,0.9073,LPath
S360E,0.8771,LPath
S360F,0.6493,LPath
S360G,0.1895,LBen
S360H,0.7336,LPath
S360I,0.7285,LPath
S360K,0.9438,LPath
S360L,0.451,Amb
S360M,0.4955,Amb
S360N,0.5857,LPath
S360P,0.7511,LPath
S360Q,0.7647,LPath
S360R,0.9282,LPath
S360T,0.2749,LBen
S360V,0.5856,LPath
S360W,0.8135,LPath
S360Y,0.6208,LPath
G361A,0.9959,LPath
G361C,0.9992,LPath
G361D,0.9998,LPath
G361E,0.9998,LPath
G361F,0.9999,LPath
G361H,1.0,LPath
G361I,0.9999,LPath
G361K,0.9998,LPath
G361L,0.9998,LPath
G361M,1.0,LPath
G361N,0.9999,LPath
G361P,0.9999,LPath
G361Q,0.9998,LPath
G361R,0.9995,LPath
G361S,0.9966,LPath
G361T,0.9994,LPath
G361V,0.9996,LPath
G361W,0.9999,LPath
G361Y,0.9999,LPath
K362A,0.8239,LPath
K362C,0.8151,LPath
K362D,0.9665,LPath
K362E,0.7662,LPath
K362F,0.9276,LPath
K362G,0.9278,LPath
K362H,0.5453,Amb
K362I,0.4863,Amb
K362L,0.5559,Amb
K362M,0.4662,Amb
K362N,0.8814,LPath
K362P,0.9951,LPath
K362Q,0.3408,Amb
K362R,0.0998,LBen
K362S,0.8755,LPath
K362T,0.4971,Amb
K362V,0.4459,Amb
K362W,0.9239,LPath
K362Y,0.8724,LPath
A363C,0.9141,LPath
A363D,0.9987,LPath
A363E,0.9976,LPath
A363F,0.9987,LPath
A363G,0.6751,LPath
A363H,0.9986,LPath
A363I,0.9943,LPath
A363K,0.9997,LPath
A363L,0.9857,LPath
A363M,0.9902,LPath
A363N,0.9929,LPath
A363P,0.9994,LPath
A363Q,0.9945,LPath
A363R,0.999,LPath
A363S,0.1415,LBen
A363T,0.8942,LPath
A363V,0.9608,LPath
A363W,0.9999,LPath
A363Y,0.9991,LPath
I364A,0.959,LPath
I364C,0.9367,LPath
I364D,0.9997,LPath
I364E,0.9987,LPath
I364F,0.5799,LPath
I364G,0.9964,LPath
I364H,0.9967,LPath
I364K,0.9977,LPath
I364L,0.2397,LBen
I364M,0.3645,Amb
I364N,0.9955,LPath
I364P,0.9989,LPath
I364Q,0.9965,LPath
I364R,0.9954,LPath
I364S,0.9895,LPath
I364T,0.97,LPath
I364V,0.0812,LBen
I364W,0.9916,LPath
I364Y,0.9635,LPath
T365A,0.467,Amb
T365C,0.7293,LPath
T365D,0.9916,LPath
T365E,0.9966,LPath
T365F,0.989,LPath
T365G,0.7897,LPath
T365H,0.9759,LPath
T365I,0.9231,LPath
T365K,0.9986,LPath
T365L,0.7246,LPath
T365M,0.6652,LPath
T365N,0.7082,LPath
T365P,0.987,LPath
T365Q,0.9827,LPath
T365R,0.9972,LPath
T365S,0.2395,LBen
T365V,0.7928,LPath
T365W,0.9988,LPath
T365Y,0.9935,LPath
F366A,0.9531,LPath
F366C,0.7761,LPath
F366D,0.9995,LPath
F366E,0.9991,LPath
F366G,0.9917,LPath
F366H,0.9938,LPath
F366I,0.4343,Amb
F366K,0.9992,LPath
F366L,0.8337,LPath
F366M,0.5323,Amb
F366N,0.9962,LPath
F366P,0.9984,LPath
F366Q,0.9975,LPath
F366R,0.9979,LPath
F366S,0.9855,LPath
F366T,0.9753,LPath
F366V,0.475,Amb
F366W,0.9093,LPath
F366Y,0.7297,LPath
V367A,0.8879,LPath
V367C,0.9082,LPath
V367D,0.9993,LPath
V367E,0.998,LPath
V367F,0.9789,LPath
V367G,0.9659,LPath
V367H,0.999,LPath
V367I,0.1552,LBen
V367K,0.9987,LPath
V367L,0.8361,LPath
V367M,0.859,LPath
V367N,0.9955,LPath
V367P,0.9965,LPath
V367Q,0.9953,LPath
V367R,0.9961,LPath
V367S,0.9572,LPath
V367T,0.8785,LPath
V367W,0.9997,LPath
V367Y,0.9984,LPath
T368A,0.6584,LPath
T368C,0.672,LPath
T368D,0.9343,LPath
T368E,0.9823,LPath
T368F,0.9873,LPath
T368G,0.6001,LPath
T368H,0.9105,LPath
T368I,0.9895,LPath
T368K,0.9877,LPath
T368L,0.8878,LPath
T368M,0.7891,LPath
T368N,0.5805,LPath
T368P,0.9571,LPath
T368Q,0.9467,LPath
T368R,0.981,LPath
T368S,0.173,LBen
T368V,0.945,LPath
T368W,0.9955,LPath
T368Y,0.9809,LPath
Q369A,0.718,LPath
Q369C,0.9952,LPath
Q369D,0.9948,LPath
Q369E,0.6458,LPath
Q369F,0.9975,LPath
Q369G,0.9168,LPath
Q369H,0.9941,LPath
Q369I,0.9682,LPath
Q369K,0.9772,LPath
Q369L,0.9598,LPath
Q369M,0.9006,LPath
Q369N,0.9538,LPath
Q369P,0.737,LPath
Q369R,0.9661,LPath
Q369S,0.7513,LPath
Q369T,0.8504,LPath
Q369V,0.933,LPath
Q369W,0.9991,LPath
Q369Y,0.9983,LPath
Y370A,0.9912,LPath
Y370C,0.9843,LPath
Y370D,0.9815,LPath
Y370E,0.996,LPath
Y370F,0.5726,LPath
Y370G,0.9598,LPath
Y370H,0.9818,LPath
Y370I,0.991,LPath
Y370K,0.9944,LPath
Y370L,0.9741,LPath
Y370M,0.9876,LPath
Y370N,0.9415,LPath
Y370P,0.9982,LPath
Y370Q,0.9959,LPath
Y370R,0.9828,LPath
Y370S,0.9759,LPath
Y370T,0.9903,LPath
Y370V,0.9773,LPath
Y370W,0.895,LPath
D371A,0.9793,LPath
D371C,0.9938,LPath
D371E,0.8579,LPath
D371F,0.9992,LPath
D371G,0.9729,LPath
D371H,0.9896,LPath
D371I,0.9983,LPath
D371K,0.9969,LPath
D371L,0.9977,LPath
D371M,0.9982,LPath
D371N,0.8436,LPath
D371P,0.9997,LPath
D371Q,0.9832,LPath
D371R,0.9954,LPath
D371S,0.8976,LPath
D371T,0.9771,LPath
D371V,0.9923,LPath
D371W,0.9997,LPath
D371Y,0.9934,LPath
V372A,0.8786,LPath
V372C,0.9691,LPath
V372D,0.9975,LPath
V372E,0.9909,LPath
V372F,0.9482,LPath
V372G,0.9475,LPath
V372H,0.9978,LPath
V372I,0.142,LBen
V372K,0.992,LPath
V372L,0.8658,LPath
V372M,0.8696,LPath
V372N,0.9913,LPath
V372P,0.9962,LPath
V372Q,0.991,LPath
V372R,0.9834,LPath
V372S,0.9593,LPath
V372T,0.8143,LPath
V372W,0.9981,LPath
V372Y,0.9934,LPath
E373A,0.8622,LPath
E373C,0.9804,LPath
E373D,0.9278,LPath
E373F,0.9922,LPath
E373G,0.8625,LPath
E373H,0.986,LPath
E373I,0.9483,LPath
E373K,0.9755,LPath
E373L,0.9666,LPath
E373M,0.9707,LPath
E373N,0.9797,LPath
E373P,0.9686,LPath
E373Q,0.8871,LPath
E373R,0.9667,LPath
E373S,0.915,LPath
E373T,0.9392,LPath
E373V,0.8685,LPath
E373W,0.9981,LPath
E373Y,0.9875,LPath
L374A,0.621,LPath
L374C,0.8416,LPath
L374D,0.9658,LPath
L374E,0.9115,LPath
L374F,0.6868,LPath
L374G,0.8091,LPath
L374H,0.7953,LPath
L374I,0.3411,Amb
L374K,0.8508,LPath
L374M,0.2977,LBen
L374N,0.6416,LPath
L374P,0.8447,LPath
L374Q,0.6656,LPath
L374R,0.7851,LPath
L374S,0.7864,LPath
L374T,0.6373,LPath
L374V,0.3475,Amb
L374W,0.8306,LPath
L374Y,0.7703,LPath
F375A,0.9789,LPath
F375C,0.839,LPath
F375D,0.9988,LPath
F375E,0.9981,LPath
F375G,0.9916,LPath
F375H,0.9685,LPath
F375I,0.7598,LPath
F375K,0.9977,LPath
F375L,0.9343,LPath
F375M,0.8683,LPath
F375N,0.9899,LPath
F375P,0.9995,LPath
F375Q,0.9927,LPath
F375R,0.9938,LPath
F375S,0.9817,LPath
F375T,0.9821,LPath
F375V,0.7367,LPath
F375W,0.763,LPath
F375Y,0.2318,LBen
Q376A,0.5855,LPath
Q376C,0.9102,LPath
Q376D,0.9847,LPath
Q376E,0.5356,Amb
Q376F,0.9545,LPath
Q376G,0.6769,LPath
Q376H,0.8651,LPath
Q376I,0.7354,LPath
Q376K,0.564,Amb
Q376L,0.2464,LBen
Q376M,0.5201,Amb
Q376N,0.8759,LPath
Q376P,0.982,LPath
Q376R,0.636,LPath
Q376S,0.6624,LPath
Q376T,0.6215,LPath
Q376V,0.5872,LPath
Q376W,0.9774,LPath
Q376Y,0.9597,LPath
R377A,0.9779,LPath
R377C,0.9558,LPath
R377D,0.9873,LPath
R377E,0.9601,LPath
R377F,0.9963,LPath
R377G,0.9508,LPath
R377H,0.848,LPath
R377I,0.9823,LPath
R377K,0.5425,Amb
R377L,0.95,LPath
R377M,0.982,LPath
R377N,0.9808,LPath
R377P,0.9983,LPath
R377Q,0.7813,LPath
R377S,0.9892,LPath
R377T,0.9821,LPath
R377V,0.9822,LPath
R377W,0.9731,LPath
R377Y,0.9824,LPath
I378A,0.9344,LPath
I378C,0.9824,LPath
I378D,0.9991,LPath
I378E,0.9955,LPath
I378F,0.973,LPath
I378G,0.9954,LPath
I378H,0.9986,LPath
I378K,0.9965,LPath
I378L,0.5104,Amb
I378M,0.4979,Amb
I378N,0.9866,LPath
I378P,0.9983,LPath
I378Q,0.9939,LPath
I378R,0.9945,LPath
I378S,0.9716,LPath
I378T,0.7734,LPath
I378V,0.2016,LBen
I378W,0.9988,LPath
I378Y,0.9971,LPath
E379A,0.9749,LPath
E379C,0.9882,LPath
E379D,0.9945,LPath
E379F,0.9997,LPath
E379G,0.972,LPath
E379H,0.9977,LPath
E379I,0.9969,LPath
E379K,0.9934,LPath
E379L,0.9979,LPath
E379M,0.9968,LPath
E379N,0.9954,LPath
E379P,0.9997,LPath
E379Q,0.9005,LPath
E379R,0.9889,LPath
E379S,0.9708,LPath
E379T,0.9881,LPath
E379V,0.9921,LPath
E379W,0.9998,LPath
E379Y,0.9994,LPath
H380A,0.1671,LBen
H380C,0.2446,LBen
H380D,0.4012,Amb
H380E,0.3664,Amb
H380F,0.133,LBen
H380G,0.2049,LBen
H380I,0.2724,LBen
H380K,0.3046,LBen
H380L,0.1281,LBen
H380M,0.2336,LBen
H380N,0.101,LBen
H380P,0.9624,LPath
H380Q,0.159,LBen
H380R,0.2436,LBen
H380S,0.1433,LBen
H380T,0.1334,LBen
H380V,0.1991,LBen
H380W,0.4773,Amb
H380Y,0.0878,LBen
L381A,0.6043,LPath
L381C,0.7789,LPath
L381D,0.9779,LPath
L381E,0.931,LPath
L381F,0.801,LPath
L381G,0.9233,LPath
L381H,0.7868,LPath
L381I,0.4136,Amb
L381K,0.9007,LPath
L381M,0.4109,Amb
L381N,0.8272,LPath
L381P,0.9985,LPath
L381Q,0.7765,LPath
L381R,0.8715,LPath
L381S,0.8339,LPath
L381T,0.5992,LPath
L381V,0.3384,LBen
L381W,0.9529,LPath
L381Y,0.9114,LPath
I382A,0.703,LPath
I382C,0.9318,LPath
I382D,0.9943,LPath
I382E,0.9811,LPath
I382F,0.8969,LPath
I382G,0.97,LPath
I382H,0.99,LPath
I382K,0.9864,LPath
I382L,0.1141,LBen
I382M,0.2802,LBen
I382N,0.925,LPath
I382P,0.9921,LPath
I382Q,0.974,LPath
I382R,0.9728,LPath
I382S,0.8068,LPath
I382T,0.2616,LBen
I382V,0.1784,LBen
I382W,0.9937,LPath
I382Y,0.9907,LPath
G383A,0.3286,LBen
G383C,0.5249,Amb
G383D,0.4687,Amb
G383E,0.4681,Amb
G383F,0.9536,LPath
G383H,0.6822,LPath
G383I,0.9118,LPath
G383K,0.6779,LPath
G383L,0.8221,LPath
G383M,0.8361,LPath
G383N,0.3572,Amb
G383P,0.9928,LPath
G383Q,0.4255,Amb
G383R,0.6582,LPath
G383S,0.1904,LBen
G383T,0.5465,Amb
G383V,0.8172,LPath
G383W,0.9356,LPath
G383Y,0.8966,LPath
K384A,0.6753,LPath
K384C,0.6589,LPath
K384D,0.867,LPath
K384E,0.4174,Amb
K384F,0.8579,LPath
K384G,0.7508,LPath
K384H,0.3996,Amb
K384I,0.4709,Amb
K384L,0.5267,Amb
K384M,0.3602,Amb
K384N,0.7438,LPath
K384P,0.9842,LPath
K384Q,0.1666,LBen
K384R,0.0896,LBen
K384S,0.71,LPath
K384T,0.3625,Amb
K384V,0.4042,Amb
K384W,0.857,LPath
K384Y,0.7678,LPath
K385A,0.5582,Amb
K385C,0.8188,LPath
K385D,0.8118,LPath
K385E,0.3931,Amb
K385F,0.9441,LPath
K385G,0.763,LPath
K385H,0.4689,Amb
K385I,0.5839,LPath
K385L,0.6299,LPath
K385M,0.4621,Amb
K385N,0.6971,LPath
K385P,0.689,LPath
K385Q,0.1482,LBen
K385R,0.1231,LBen
K385S,0.6538,LPath
K385T,0.2771,LBen
K385V,0.4336,Amb
K385W,0.9523,LPath
K385Y,0.8712,LPath
L386A,0.9798,LPath
L386C,0.9766,LPath
L386D,0.9993,LPath
L386E,0.9959,LPath
L386F,0.9276,LPath
L386G,0.995,LPath
L386H,0.9948,LPath
L386I,0.4286,Amb
L386K,0.994,LPath
L386M,0.4152,Amb
L386N,0.9917,LPath
L386P,0.9926,LPath
L386Q,0.987,LPath
L386R,0.9934,LPath
L386S,0.9959,LPath
L386T,0.9832,LPath
L386V,0.6665,LPath
L386W,0.9919,LPath
L386Y,0.99,LPath
P387A,0.1256,LBen
P387C,0.6721,LPath
P387D,0.3834,Amb
P387E,0.2809,LBen
P387F,0.7543,LPath
P387G,0.3907,Amb
P387H,0.3705,Amb
P387I,0.4057,Amb
P387K,0.4205,Amb
P387L,0.2409,LBen
P387M,0.4375,Amb
P387N,0.3995,Amb
P387Q,0.2454,LBen
P387R,0.384,Amb
P387S,0.2107,LBen
P387T,0.1519,LBen
P387V,0.2594,LBen
P387W,0.8752,LPath
P387Y,0.7197,LPath
G388A,0.0493,LBen
G388C,0.1645,LBen
G388D,0.2102,LBen
G388E,0.1311,LBen
G388F,0.3306,LBen
G388H,0.2957,LBen
G388I,0.0838,LBen
G388K,0.2933,LBen
G388L,0.1087,LBen
G388M,0.1407,LBen
G388N,0.1492,LBen
G388P,0.1694,LBen
G388Q,0.1711,LBen
G388R,0.3111,LBen
G388S,0.0707,LBen
G388T,0.0745,LBen
G388V,0.0651,LBen
G388W,0.5236,Amb
G388Y,0.3277,LBen
F389A,0.9888,LPath
F389C,0.9206,LPath
F389D,0.9966,LPath
F389E,0.9948,LPath
F389G,0.9929,LPath
F389H,0.9248,LPath
F389I,0.8642,LPath
F389K,0.9934,LPath
F389L,0.9747,LPath
F389M,0.9034,LPath
F389N,0.9819,LPath
F389P,0.9992,LPath
F389Q,0.9875,LPath
F389R,0.9885,LPath
F389S,0.9831,LPath
F389T,0.9907,LPath
F389V,0.8966,LPath
F389W,0.6547,LPath
F389Y,0.2065,LBen
P390A,0.0807,LBen
P390C,0.4953,Amb
P390D,0.3006,LBen
P390E,0.1773,LBen
P390F,0.5319,Amb
P390G,0.3115,LBen
P390H,0.2028,LBen
P390I,0.2478,LBen
P390K,0.2005,LBen
P390L,0.1542,LBen
P390M,0.2728,LBen
P390N,0.2731,LBen
P390Q,0.1276,LBen
P390R,0.191,LBen
P390S,0.1319,LBen
P390T,0.1045,LBen
P390V,0.1591,LBen
P390W,0.764,LPath
P390Y,0.4886,Amb
T391A,0.0878,LBen
T391C,0.1484,LBen
T391D,0.7523,LPath
T391E,0.655,LPath
T391F,0.3939,Amb
T391G,0.2685,LBen
T391H,0.4274,Amb
T391I,0.1694,LBen
T391K,0.5486,Amb
T391L,0.1051,LBen
T391M,0.1124,LBen
T391N,0.3195,LBen
T391P,0.2395,LBen
T391Q,0.4272,Amb
T391R,0.5267,Amb
T391S,0.1591,LBen
T391V,0.0906,LBen
T391W,0.8016,LPath
T391Y,0.498,Amb
Q392A,0.1154,LBen
Q392C,0.5581,Amb
Q392D,0.1932,LBen
Q392E,0.0828,LBen
Q392F,0.6184,LPath
Q392G,0.2072,LBen
Q392H,0.159,LBen
Q392I,0.2699,LBen
Q392K,0.0834,LBen
Q392L,0.1567,LBen
Q392M,0.2461,LBen
Q392N,0.1456,LBen
Q392P,0.2129,LBen
Q392R,0.1009,LBen
Q392S,0.1162,LBen
Q392T,0.1105,LBen
Q392V,0.1384,LBen
Q392W,0.6938,LPath
Q392Y,0.4912,Amb
D393A,0.1523,LBen
D393C,0.6754,LPath
D393E,0.0691,LBen
D393F,0.6954,LPath
D393G,0.1765,LBen
D393H,0.2927,LBen
D393I,0.3456,Amb
D393K,0.2297,LBen
D393L,0.3492,Amb
D393M,0.4735,Amb
D393N,0.1264,LBen
D393P,0.3525,Amb
D393Q,0.1792,LBen
D393R,0.2926,LBen
D393S,0.1363,LBen
D393T,0.1851,LBen
D393V,0.2085,LBen
D393W,0.8778,LPath
D393Y,0.3707,Amb
D394A,0.107,LBen
D394C,0.5437,Amb
D394E,0.0723,LBen
D394F,0.6099,LPath
D394G,0.1252,LBen
D394H,0.2256,LBen
D394I,0.2863,LBen
D394K,0.1951,LBen
D394L,0.3089,LBen
D394M,0.404,Amb
D394N,0.0944,LBen
D394P,0.5237,Amb
D394Q,0.1586,LBen
D394R,0.2473,LBen
D394S,0.091,LBen
D394T,0.1312,LBen
D394V,0.1695,LBen
D394W,0.8449,LPath
D394Y,0.315,LBen
E395A,0.2948,LBen
E395C,0.9539,LPath
E395D,0.2184,LBen
E395F,0.9404,LPath
E395G,0.5705,LPath
E395H,0.7693,LPath
E395I,0.6304,LPath
E395K,0.4982,Amb
E395L,0.6848,LPath
E395M,0.7205,LPath
E395N,0.5871,LPath
E395P,0.9568,LPath
E395Q,0.3314,LBen
E395R,0.6163,LPath
E395S,0.4408,Amb
E395T,0.4004,Amb
E395V,0.4124,Amb
E395W,0.9868,LPath
E395Y,0.8998,LPath
V396A,0.5832,LPath
V396C,0.932,LPath
V396D,0.9926,LPath
V396E,0.9846,LPath
V396F,0.9696,LPath
V396G,0.8506,LPath
V396H,0.9964,LPath
V396I,0.2318,LBen
V396K,0.987,LPath
V396L,0.9242,LPath
V396M,0.8807,LPath
V396N,0.9789,LPath
V396P,0.9832,LPath
V396Q,0.9829,LPath
V396R,0.9766,LPath
V396S,0.9011,LPath
V396T,0.8282,LPath
V396W,0.9992,LPath
V396Y,0.9937,LPath
M397A,0.4676,Amb
M397C,0.7379,LPath
M397D,0.9136,LPath
M397E,0.7117,LPath
M397F,0.4571,Amb
M397G,0.6593,LPath
M397H,0.6215,LPath
M397I,0.5922,LPath
M397K,0.3615,Amb
M397L,0.0874,LBen
M397N,0.6334,LPath
M397P,0.9678,LPath
M397Q,0.3328,LBen
M397R,0.3848,Amb
M397S,0.5521,Amb
M397T,0.4517,Amb
M397V,0.1689,LBen
M397W,0.7851,LPath
M397Y,0.6863,LPath
M398A,0.3886,Amb
M398C,0.6736,LPath
M398D,0.8842,LPath
M398E,0.6949,LPath
M398F,0.4923,Amb
M398G,0.614,LPath
M398H,0.6939,LPath
M398I,0.3337,LBen
M398K,0.4703,Amb
M398L,0.0811,LBen
M398N,0.6187,LPath
M398P,0.9152,LPath
M398Q,0.3869,Amb
M398R,0.4765,Amb
M398S,0.5067,Amb
M398T,0.3669,Amb
M398V,0.1034,LBen
M398W,0.8319,LPath
M398Y,0.7342,LPath
L399A,0.9252,LPath
L399C,0.9286,LPath
L399D,0.9948,LPath
L399E,0.9771,LPath
L399F,0.4102,Amb
L399G,0.973,LPath
L399H,0.9111,LPath
L399I,0.4891,Amb
L399K,0.9596,LPath
L399M,0.2818,LBen
L399N,0.9586,LPath
L399P,0.9942,LPath
L399Q,0.8967,LPath
L399R,0.9326,LPath
L399S,0.9778,LPath
L399T,0.954,LPath
L399V,0.5726,LPath
L399W,0.7991,LPath
L399Y,0.7552,LPath
T400A,0.0823,LBen
T400C,0.2686,LBen
T400D,0.5519,Amb
T400E,0.3816,Amb
T400F,0.3906,Amb
T400G,0.1443,LBen
T400H,0.2208,LBen
T400I,0.2913,LBen
T400K,0.3423,Amb
T400L,0.1241,LBen
T400M,0.105,LBen
T400N,0.1162,LBen
T400P,0.7698,LPath
T400Q,0.1814,LBen
T400R,0.3052,LBen
T400S,0.0879,LBen
T400V,0.17,LBen
T400W,0.6724,LPath
T400Y,0.3617,Amb
E401A,0.5453,Amb
E401C,0.9817,LPath
E401D,0.272,LBen
E401F,0.988,LPath
E401G,0.416,Amb
E401H,0.9091,LPath
E401I,0.9396,LPath
E401K,0.7727,LPath
E401L,0.9271,LPath
E401M,0.9381,LPath
E401N,0.689,LPath
E401P,0.8774,LPath
E401Q,0.482,Amb
E401R,0.8157,LPath
E401S,0.5402,Amb
E401T,0.7306,LPath
E401V,0.818,LPath
E401W,0.9956,LPath
E401Y,0.9723,LPath
R402A,0.9582,LPath
R402C,0.9586,LPath
R402D,0.9704,LPath
R402E,0.8881,LPath
R402F,0.9919,LPath
R402G,0.9522,LPath
R402H,0.7936,LPath
R402I,0.9625,LPath
R402K,0.5909,LPath
R402L,0.9298,LPath
R402M,0.9628,LPath
R402N,0.9715,LPath
R402P,0.9913,LPath
R402Q,0.6966,LPath
R402S,0.9771,LPath
R402T,0.9453,LPath
R402V,0.9578,LPath
R402W,0.9395,LPath
R402Y,0.9717,LPath
V403A,0.7934,LPath
V403C,0.9578,LPath
V403D,0.9981,LPath
V403E,0.9942,LPath
V403F,0.9837,LPath
V403G,0.9162,LPath
V403H,0.9984,LPath
V403I,0.2259,LBen
V403K,0.9969,LPath
V403L,0.9444,LPath
V403M,0.92,LPath
V403N,0.9896,LPath
V403P,0.9982,LPath
V403Q,0.9933,LPath
V403R,0.9939,LPath
V403S,0.9187,LPath
V403T,0.5538,Amb
V403W,0.9997,LPath
V403Y,0.9978,LPath
A404C,0.3623,Amb
A404D,0.5384,Amb
A404E,0.4372,Amb
A404F,0.3331,LBen
A404G,0.1073,LBen
A404H,0.4684,Amb
A404I,0.2636,LBen
A404K,0.7185,LPath
A404L,0.1416,LBen
A404M,0.1567,LBen
A404N,0.1898,LBen
A404P,0.9676,LPath
A404Q,0.3077,LBen
A404R,0.667,LPath
A404S,0.0757,LBen
A404T,0.0784,LBen
A404V,0.1605,LBen
A404W,0.7363,LPath
A404Y,0.4681,Amb
E405A,0.7409,LPath
E405C,0.9927,LPath
E405D,0.4206,Amb
E405F,0.9935,LPath
E405G,0.8034,LPath
E405H,0.966,LPath
E405I,0.9641,LPath
E405K,0.9041,LPath
E405L,0.9577,LPath
E405M,0.9628,LPath
E405N,0.8826,LPath
E405P,0.994,LPath
E405Q,0.7172,LPath
E405R,0.9149,LPath
E405S,0.7967,LPath
E405T,0.8749,LPath
E405V,0.8884,LPath
E405W,0.9982,LPath
E405Y,0.9857,LPath
A406C,0.8777,LPath
A406D,0.9976,LPath
A406E,0.995,LPath
A406F,0.9869,LPath
A406G,0.4278,Amb
A406H,0.9896,LPath
A406I,0.9854,LPath
A406K,0.9983,LPath
A406L,0.9597,LPath
A406M,0.9518,LPath
A406N,0.984,LPath
A406P,0.9993,LPath
A406Q,0.9791,LPath
A406R,0.9943,LPath
A406S,0.2499,LBen
A406T,0.8481,LPath
A406V,0.9212,LPath
A406W,0.9979,LPath
A406Y,0.9892,LPath
Q407A,0.2376,LBen
Q407C,0.7881,LPath
Q407D,0.8168,LPath
Q407E,0.219,LBen
Q407F,0.8852,LPath
Q407G,0.2964,LBen
Q407H,0.5518,Amb
Q407I,0.5859,LPath
Q407K,0.4786,Amb
Q407L,0.2857,LBen
Q407M,0.3772,Amb
Q407N,0.4291,Amb
Q407P,0.9852,LPath
Q407R,0.5113,Amb
Q407S,0.2143,LBen
Q407T,0.28,LBen
Q407V,0.3633,Amb
Q407W,0.9368,LPath
Q407Y,0.8148,LPath
R408A,0.9563,LPath
R408C,0.9055,LPath
R408D,0.9661,LPath
R408E,0.913,LPath
R408F,0.9774,LPath
R408G,0.9208,LPath
R408H,0.5886,LPath
R408I,0.922,LPath
R408K,0.4965,Amb
R408L,0.8774,LPath
R408M,0.9471,LPath
R408N,0.9533,LPath
R408P,0.997,LPath
R408Q,0.6034,LPath
R408S,0.9697,LPath
R408T,0.9466,LPath
R408V,0.9374,LPath
R408W,0.8893,LPath
R408Y,0.9203,LPath
F409A,0.4556,Amb
F409C,0.4,Amb
F409D,0.8507,LPath
F409E,0.7641,LPath
F409G,0.7559,LPath
F409H,0.5353,Amb
F409I,0.1716,LBen
F409K,0.797,LPath
F409L,0.6414,LPath
F409M,0.2822,LBen
F409N,0.5809,LPath
F409P,0.9963,LPath
F409Q,0.6005,LPath
F409R,0.7373,LPath
F409S,0.5094,Amb
F409T,0.4928,Amb
F409V,0.1995,LBen
F409W,0.535,Amb
F409Y,0.1426,LBen
A410C,0.7337,LPath
A410D,0.998,LPath
A410E,0.9933,LPath
A410F,0.9796,LPath
A410G,0.5513,Amb
A410H,0.9909,LPath
A410I,0.8818,LPath
A410K,0.9987,LPath
A410L,0.8615,LPath
A410M,0.919,LPath
A410N,0.9885,LPath
A410P,0.9966,LPath
A410Q,0.976,LPath
A410R,0.9924,LPath
A410S,0.1903,LBen
A410T,0.5317,Amb
A410V,0.6169,LPath
A410W,0.997,LPath
A410Y,0.991,LPath
R411A,0.5981,LPath
R411C,0.5417,Amb
R411D,0.8689,LPath
R411E,0.6928,LPath
R411F,0.8127,LPath
R411G,0.5096,Amb
R411H,0.2673,LBen
R411I,0.5373,Amb
R411K,0.1283,LBen
R411L,0.5147,Amb
R411M,0.5899,LPath
R411N,0.7491,LPath
R411P,0.9858,LPath
R411Q,0.2148,LBen
R411S,0.7201,LPath
R411T,0.5205,Amb
R411V,0.5402,Amb
R411W,0.5724,LPath
R411Y,0.6979,LPath
M412A,0.3569,Amb
M412C,0.7837,LPath
M412D,0.8339,LPath
M412E,0.599,LPath
M412F,0.4442,Amb
M412G,0.5543,Amb
M412H,0.568,LPath
M412I,0.3007,LBen
M412K,0.3319,LBen
M412L,0.1072,LBen
M412N,0.4529,Amb
M412P,0.9834,LPath
M412Q,0.2491,LBen
M412R,0.3405,Amb
M412S,0.4167,Amb
M412T,0.2908,LBen
M412V,0.1092,LBen
M412W,0.7418,LPath
M412Y,0.6519,LPath
E413A,0.4173,Amb
E413C,0.969,LPath
E413D,0.311,LBen
E413F,0.9554,LPath
E413G,0.5703,LPath
E413H,0.8291,LPath
E413I,0.831,LPath
E413K,0.7747,LPath
E413L,0.8065,LPath
E413M,0.8393,LPath
E413N,0.7002,LPath
E413P,0.9887,LPath
E413Q,0.3281,LBen
E413R,0.7669,LPath
E413S,0.535,Amb
E413T,0.6538,LPath
E413V,0.6592,LPath
E413W,0.9877,LPath
E413Y,0.9063,LPath
L414A,0.633,LPath
L414C,0.8079,LPath
L414D,0.9726,LPath
L414E,0.8477,LPath
L414F,0.392,Amb
L414G,0.8365,LPath
L414H,0.777,LPath
L414I,0.15,LBen
L414K,0.8183,LPath
L414M,0.0999,LBen
L414N,0.8025,LPath
L414P,0.9845,LPath
L414Q,0.4806,Amb
L414R,0.7805,LPath
L414S,0.7583,LPath
L414T,0.6629,LPath
L414V,0.2113,LBen
L414W,0.6421,LPath
L414Y,0.6783,LPath
R415A,0.6281,LPath
R415C,0.6054,LPath
R415D,0.8384,LPath
R415E,0.6196,LPath
R415F,0.8506,LPath
R415G,0.5042,Amb
R415H,0.2495,LBen
R415I,0.6294,LPath
R415K,0.1149,LBen
R415L,0.5022,Amb
R415M,0.601,LPath
R415N,0.7919,LPath
R415P,0.94,LPath
R415Q,0.1915,LBen
R415S,0.7513,LPath
R415T,0.5936,LPath
R415V,0.654,LPath
R415W,0.5235,Amb
R415Y,0.7277,LPath
E416A,0.327,LBen
E416C,0.9247,LPath
E416D,0.1099,LBen
E416F,0.872,LPath
E416G,0.2559,LBen
E416H,0.6705,LPath
E416I,0.6475,LPath
E416K,0.5236,Amb
E416L,0.6324,LPath
E416M,0.7289,LPath
E416N,0.3568,Amb
E416P,0.8926,LPath
E416Q,0.267,LBen
E416R,0.5545,Amb
E416S,0.3041,LBen
E416T,0.426,Amb
E416V,0.4919,Amb
E416W,0.9547,LPath
E416Y,0.7847,LPath
H417A,0.0997,LBen
H417C,0.1878,LBen
H417D,0.1575,LBen
H417E,0.1447,LBen
H417F,0.165,LBen
H417G,0.1278,LBen
H417I,0.1383,LBen
H417K,0.1462,LBen
H417L,0.0836,LBen
H417M,0.1835,LBen
H417N,0.0651,LBen
H417P,0.2397,LBen
H417Q,0.078,LBen
H417R,0.1043,LBen
H417S,0.0962,LBen
H417T,0.0944,LBen
H417V,0.1203,LBen
H417W,0.318,LBen
H417Y,0.0908,LBen
G418A,0.1065,LBen
G418C,0.2043,LBen
G418D,0.2723,LBen
G418E,0.2804,LBen
G418F,0.4362,Amb
G418H,0.3234,LBen
G418I,0.2165,LBen
G418K,0.5053,Amb
G418L,0.2696,LBen
G418M,0.3245,LBen
G418N,0.1909,LBen
G418P,0.5995,LPath
G418Q,0.2803,LBen
G418R,0.3989,Amb
G418S,0.0907,LBen
G418T,0.1055,LBen
G418V,0.1486,LBen
G418W,0.3691,Amb
G418Y,0.3364,LBen
E419A,0.2147,LBen
E419C,0.788,LPath
E419D,0.0737,LBen
E419F,0.6472,LPath
E419G,0.1377,LBen
E419H,0.4403,Amb
E419I,0.3634,Amb
E419K,0.2894,LBen
E419L,0.3937,Amb
E419M,0.5137,Amb
E419N,0.2017,LBen
E419P,0.5237,Amb
E419Q,0.1684,LBen
E419R,0.3558,Amb
E419S,0.183,LBen
E419T,0.2388,LBen
E419V,0.2624,LBen
E419W,0.8507,LPath
E419Y,0.5345,Amb
K420A,0.3535,Amb
K420C,0.7476,LPath
K420D,0.4515,Amb
K420E,0.2686,LBen
K420F,0.7344,LPath
K420G,0.2629,LBen
K420H,0.3154,LBen
K420I,0.4429,Amb
K420L,0.4444,Amb
K420M,0.4103,Amb
K420N,0.391,Amb
K420P,0.5168,Amb
K420Q,0.1482,LBen
K420R,0.0725,LBen
K420S,0.3921,Amb
K420T,0.2457,LBen
K420V,0.3936,Amb
K420W,0.7097,LPath
K420Y,0.6018,LPath
K421A,0.3967,Amb
K421C,0.7808,LPath
K421D,0.5986,LPath
K421E,0.3559,Amb
K421F,0.7692,LPath
K421G,0.2907,LBen
K421H,0.3442,Amb
K421I,0.4695,Amb
K421L,0.4597,Amb
K421M,0.4474,Amb
K421N,0.4951,Amb
K421P,0.4777,Amb
K421Q,0.1465,LBen
K421R,0.0663,LBen
K421S,0.465,Amb
K421T,0.2982,LBen
K421V,0.4183,Amb
K421W,0.7283,LPath
K421Y,0.6316,LPath
K422A,0.3719,Amb
K422C,0.7643,LPath
K422D,0.584,LPath
K422E,0.3918,Amb
K422F,0.724,LPath
K422G,0.2679,LBen
K422H,0.3201,LBen
K422I,0.4288,Amb
K422L,0.425,Amb
K422M,0.4362,Amb
K422N,0.4806,Amb
K422P,0.4518,Amb
K422Q,0.1585,LBen
K422R,0.0672,LBen
K422S,0.4374,Amb
K422T,0.2904,LBen
K422V,0.3778,Amb
K422W,0.6939,LPath
K422Y,0.6018,LPath
R423A,0.3078,LBen
R423C,0.4136,Amb
R423D,0.4609,Amb
R423E,0.3416,Amb
R423F,0.4334,Amb
R423G,0.1827,LBen
R423H,0.1517,LBen
R423I,0.2614,LBen
R423K,0.0897,LBen
R423L,0.2579,LBen
R423M,0.3433,Amb
R423N,0.4364,Amb
R423P,0.3233,LBen
R423Q,0.1381,LBen
R423S,0.3902,Amb
R423T,0.2621,LBen
R423V,0.2932,LBen
R423W,0.2916,LBen
R423Y,0.3482,Amb
S424A,0.0651,LBen
S424C,0.1331,LBen
S424D,0.2111,LBen
S424E,0.2239,LBen
S424F,0.1326,LBen
S424G,0.0641,LBen
S424H,0.141,LBen
S424I,0.0924,LBen
S424K,0.2032,LBen
S424L,0.0841,LBen
S424M,0.1273,LBen
S424N,0.0777,LBen
S424P,0.0712,LBen
S424Q,0.1488,LBen
S424R,0.205,LBen
S424T,0.0621,LBen
S424V,0.0853,LBen
S424W,0.2344,LBen
S424Y,0.1352,LBen
R425A,0.2429,LBen
R425C,0.3638,Amb
R425D,0.3625,Amb
R425E,0.25,LBen
R425F,0.4128,Amb
R425G,0.1399,LBen
R425H,0.143,LBen
R425I,0.2672,LBen
R425K,0.0781,LBen
R425L,0.2403,LBen
R425M,0.3113,LBen
R425N,0.3993,Amb
R425P,0.2885,LBen
R425Q,0.1154,LBen
R425S,0.3166,LBen
R425T,0.2087,LBen
R425V,0.277,LBen
R425W,0.2445,LBen
R425Y,0.3589,Amb
E426A,0.1119,LBen
E426C,0.5605,Amb
E426D,0.0652,LBen
E426F,0.4254,Amb
E426G,0.0828,LBen
E426H,0.2436,LBen
E426I,0.2197,LBen
E426K,0.1547,LBen
E426L,0.2272,LBen
E426M,0.3281,LBen
E426N,0.1319,LBen
E426P,0.2689,LBen
E426Q,0.1171,LBen
E426R,0.1901,LBen
E426S,0.1123,LBen
E426T,0.1265,LBen
E426V,0.1523,LBen
E426W,0.6479,LPath
E426Y,0.3183,LBen
D427A,0.0965,LBen
D427C,0.3887,Amb
D427E,0.0717,LBen
D427F,0.2663,LBen
D427G,0.0903,LBen
D427H,0.1898,LBen
D427I,0.1526,LBen
D427K,0.1959,LBen
D427L,0.1725,LBen
D427M,0.2616,LBen
D427N,0.0837,LBen
D427P,0.2977,LBen
D427Q,0.158,LBen
D427R,0.221,LBen
D427S,0.096,LBen
D427T,0.1063,LBen
D427V,0.1071,LBen
D427W,0.5987,LPath
D427Y,0.1475,LBen
A428C,0.189,LBen
A428D,0.0954,LBen
A428E,0.1122,LBen
A428F,0.125,LBen
A428G,0.0673,LBen
A428H,0.1453,LBen
A428I,0.0944,LBen
A428K,0.1662,LBen
A428L,0.0852,LBen
A428M,0.106,LBen
A428N,0.088,LBen
A428P,0.1017,LBen
A428Q,0.1224,LBen
A428R,0.1596,LBen
A428S,0.0619,LBen
A428T,0.0602,LBen
A428V,0.0756,LBen
A428W,0.2883,LBen
A428Y,0.1524,LBen
G429A,0.0716,LBen
G429C,0.144,LBen
G429D,0.0856,LBen
G429E,0.0898,LBen
G429F,0.2139,LBen
G429H,0.1676,LBen
G429I,0.1153,LBen
G429K,0.174,LBen
G429L,0.1359,LBen
G429M,0.1704,LBen
G429N,0.1028,LBen
G429P,0.2329,LBen
G429Q,0.1367,LBen
G429R,0.1547,LBen
G429S,0.0685,LBen
G429T,0.0709,LBen
G429V,0.0828,LBen
G429W,0.2148,LBen
G429Y,0.1767,LBen
D430A,0.1198,LBen
D430C,0.3492,Amb
D430E,0.0766,LBen
D430F,0.2708,LBen
D430G,0.1042,LBen
D430H,0.1969,LBen
D430I,0.1789,LBen
D430K,0.2087,LBen
D430L,0.1972,LBen
D430M,0.3062,LBen
D430N,0.0854,LBen
D430P,0.3658,Amb
D430Q,0.1539,LBen
D430R,0.2185,LBen
D430S,0.095,LBen
D430T,0.131,LBen
D430V,0.1347,LBen
D430W,0.558,Amb
D430Y,0.162,LBen
N431A,0.0717,LBen
N431C,0.1438,LBen
N431D,0.0605,LBen
N431E,0.1075,LBen
N431F,0.1964,LBen
N431G,0.0895,LBen
N431H,0.0789,LBen
N431I,0.0973,LBen
N431K,0.1272,LBen
N431L,0.1095,LBen
N431M,0.1658,LBen
N431P,0.1957,LBen
N431Q,0.1177,LBen
N431R,0.1263,LBen
N431S,0.0561,LBen
N431T,0.0621,LBen
N431V,0.0858,LBen
N431W,0.3806,Amb
N431Y,0.1039,LBen
D432A,0.1827,LBen
D432C,0.5278,Amb
D432E,0.1084,LBen
D432F,0.503,Amb
D432G,0.1446,LBen
D432H,0.3286,LBen
D432I,0.3556,Amb
D432K,0.3797,Amb
D432L,0.3476,Amb
D432M,0.5443,Amb
D432N,0.1392,LBen
D432P,0.5664,LPath
D432Q,0.282,LBen
D432R,0.3464,Amb
D432S,0.1421,LBen
D432T,0.2089,LBen
D432V,0.2361,LBen
D432W,0.7681,LPath
D432Y,0.2717,LBen
D433A,0.3212,LBen
D433C,0.7458,LPath
D433E,0.2252,LBen
D433F,0.6579,LPath
D433G,0.2693,LBen
D433H,0.5391,Amb
D433I,0.5299,Amb
D433K,0.5825,LPath
D433L,0.5347,Amb
D433M,0.7212,LPath
D433N,0.2128,LBen
D433P,0.7446,LPath
D433Q,0.5023,Amb
D433R,0.5466,Amb
D433S,0.2509,LBen
D433T,0.3826,Amb
D433V,0.3802,Amb
D433W,0.9059,LPath
D433Y,0.4184,Amb
T434A,0.0671,LBen
T434C,0.341,Amb
T434D,0.1775,LBen
T434E,0.1498,LBen
T434F,0.2437,LBen
T434G,0.1073,LBen
T434H,0.1708,LBen
T434I,0.1572,LBen
T434K,0.1256,LBen
T434L,0.1137,LBen
T434M,0.1139,LBen
T434N,0.1056,LBen
T434P,0.1411,LBen
T434Q,0.1299,LBen
T434R,0.1204,LBen
T434S,0.0822,LBen
T434V,0.1194,LBen
T434W,0.4758,Amb
T434Y,0.2553,LBen
E435A,0.2482,LBen
E435C,0.8587,LPath
E435D,0.1332,LBen
E435F,0.8216,LPath
E435G,0.2196,LBen
E435H,0.5945,LPath
E435I,0.6044,LPath
E435K,0.3604,Amb
E435L,0.5861,LPath
E435M,0.6888,LPath
E435N,0.4183,Amb
E435P,0.5743,LPath
E435Q,0.2627,LBen
E435R,0.3884,Amb
E435S,0.2857,LBen
E435T,0.3703,Amb
E435V,0.4092,Amb
E435W,0.9266,LPath
E435Y,0.7345,LPath
G436A,0.0786,LBen
G436C,0.2039,LBen
G436D,0.1192,LBen
G436E,0.0981,LBen
G436F,0.3279,LBen
G436H,0.2475,LBen
G436I,0.1498,LBen
G436K,0.2471,LBen
G436L,0.2121,LBen
G436M,0.2081,LBen
G436N,0.1315,LBen
G436P,0.4628,Amb
G436Q,0.1799,LBen
G436R,0.2452,LBen
G436S,0.0877,LBen
G436T,0.0795,LBen
G436V,0.1009,LBen
G436W,0.3277,LBen
G436Y,0.2344,LBen
A437C,0.3832,Amb
A437D,0.2865,LBen
A437E,0.2797,LBen
A437F,0.2299,LBen
A437G,0.1133,LBen
A437H,0.3492,Amb
A437I,0.2189,LBen
A437K,0.457,Amb
A437L,0.18,LBen
A437M,0.2034,LBen
A437N,0.1891,LBen
A437P,0.2332,LBen
A437Q,0.2836,LBen
A437R,0.4201,Amb
A437S,0.0733,LBen
A437T,0.0918,LBen
A437V,0.1285,LBen
A437W,0.6085,LPath
A437Y,0.3329,LBen
I438A,0.073,LBen
I438C,0.3707,Amb
I438D,0.285,LBen
I438E,0.2122,LBen
I438F,0.0705,LBen
I438G,0.1512,LBen
I438H,0.216,LBen
I438K,0.1492,LBen
I438L,0.0659,LBen
I438M,0.0641,LBen
I438N,0.1293,LBen
I438P,0.1951,LBen
I438Q,0.1418,LBen
I438R,0.112,LBen
I438S,0.0905,LBen
I438T,0.0779,LBen
I438V,0.0601,LBen
I438W,0.3306,LBen
I438Y,0.2399,LBen
G439A,0.1417,LBen
G439C,0.3703,Amb
G439D,0.3984,Amb
G439E,0.3976,Amb
G439F,0.5484,Amb
G439H,0.4598,Amb
G439I,0.3562,Amb
G439K,0.4759,Amb
G439L,0.424,Amb
G439M,0.4829,Amb
G439N,0.3524,Amb
G439P,0.5946,LPath
G439Q,0.4087,Amb
G439R,0.3772,Amb
G439S,0.1411,LBen
G439T,0.1749,LBen
G439V,0.2392,LBen
G439W,0.5238,Amb
G439Y,0.4961,Amb
V440A,0.2713,LBen
V440C,0.6791,LPath
V440D,0.5566,Amb
V440E,0.4894,Amb
V440F,0.116,LBen
V440G,0.2184,LBen
V440H,0.589,LPath
V440I,0.0716,LBen
V440K,0.4003,Amb
V440L,0.1719,LBen
V440M,0.1648,LBen
V440N,0.3746,Amb
V440P,0.4181,Amb
V440Q,0.3818,Amb
V440R,0.3591,Amb
V440S,0.3105,LBen
V440T,0.3381,LBen
V440W,0.6541,LPath
V440Y,0.4069,Amb
R441A,0.6609,LPath
R441C,0.6004,LPath
R441D,0.798,LPath
R441E,0.5852,LPath
R441F,0.7639,LPath
R441G,0.4188,Amb
R441H,0.3155,LBen
R441I,0.615,LPath
R441K,0.1379,LBen
R441L,0.5351,Amb
R441M,0.6497,LPath
R441N,0.7757,LPath
R441P,0.6742,LPath
R441Q,0.2308,LBen
R441S,0.7364,LPath
R441T,0.6149,LPath
R441V,0.6477,LPath
R441W,0.4931,Amb
R441Y,0.6632,LPath
N442A,0.1471,LBen
N442C,0.2601,LBen
N442D,0.1455,LBen
N442E,0.2297,LBen
N442F,0.4712,Amb
N442G,0.1222,LBen
N442H,0.0879,LBen
N442I,0.2736,LBen
N442K,0.1274,LBen
N442L,0.2371,LBen
N442M,0.3226,LBen
N442P,0.2478,LBen
N442Q,0.1415,LBen
N442R,0.1492,LBen
N442S,0.0732,LBen
N442T,0.11,LBen
N442V,0.2088,LBen
N442W,0.5967,LPath
N442Y,0.1574,LBen
K443A,0.4256,Amb
K443C,0.7928,LPath
K443D,0.6277,LPath
K443E,0.429,Amb
K443F,0.7783,LPath
K443G,0.4006,Amb
K443H,0.3622,Amb
K443I,0.4906,Amb
K443L,0.4935,Amb
K443M,0.474,Amb
K443N,0.5745,LPath
K443P,0.5744,LPath
K443Q,0.2133,LBen
K443R,0.0675,LBen
K443S,0.544,Amb
K443T,0.3169,LBen
K443V,0.4336,Amb
K443W,0.7711,LPath
K443Y,0.6641,LPath
V444A,0.1711,LBen
V444C,0.735,LPath
V444D,0.4382,Amb
V444E,0.3654,Amb
V444F,0.139,LBen
V444G,0.1642,LBen
V444H,0.519,Amb
V444I,0.0884,LBen
V444K,0.3183,LBen
V444L,0.1943,LBen
V444M,0.1785,LBen
V444N,0.3187,LBen
V444P,0.3116,LBen
V444Q,0.3183,LBen
V444R,0.2913,LBen
V444S,0.2473,LBen
V444T,0.2214,LBen
V444W,0.684,LPath
V444Y,0.4383,Amb
A445C,0.338,LBen
A445D,0.314,LBen
A445E,0.2567,LBen
A445F,0.2173,LBen
A445G,0.0883,LBen
A445H,0.282,LBen
A445I,0.1737,LBen
A445K,0.2524,LBen
A445L,0.1341,LBen
A445M,0.1859,LBen
A445N,0.1883,LBen
A445P,0.1486,LBen
A445Q,0.1867,LBen
A445R,0.2252,LBen
A445S,0.0803,LBen
A445T,0.0811,LBen
A445V,0.1034,LBen
A445W,0.4985,Amb
A445Y,0.2966,LBen
G446A,0.1173,LBen
G446C,0.3003,LBen
G446D,0.3862,Amb
G446E,0.3508,Amb
G446F,0.432,Amb
G446H,0.3873,Amb
G446I,0.294,LBen
G446K,0.3182,LBen
G446L,0.3623,Amb
G446M,0.4193,Amb
G446N,0.313,LBen
G446P,0.4433,Amb
G446Q,0.3158,LBen
G446R,0.2586,LBen
G446S,0.1267,LBen
G446T,0.1431,LBen
G446V,0.1905,LBen
G446W,0.4042,Amb
G446Y,0.4025,Amb
G447A,0.1493,LBen
G447C,0.2624,LBen
G447D,0.3307,LBen
G447E,0.2749,LBen
G447F,0.4115,Amb
G447H,0.3528,Amb
G447I,0.2701,LBen
G447K,0.2751,LBen
G447L,0.3455,Amb
G447M,0.3995,Amb
G447N,0.2491,LBen
G447P,0.5388,Amb
G447Q,0.2595,LBen
G447R,0.2331,LBen
G447S,0.1209,LBen
G447T,0.1567,LBen
G447V,0.1886,LBen
G447W,0.3497,Amb
G447Y,0.3534,Amb
K448A,0.2336,LBen
K448C,0.6103,LPath
K448D,0.4262,Amb
K448E,0.2532,LBen
K448F,0.5014,Amb
K448G,0.1981,LBen
K448H,0.2693,LBen
K448I,0.3021,LBen
K448L,0.3111,LBen
K448M,0.317,LBen
K448N,0.322,LBen
K448P,0.327,LBen
K448Q,0.1352,LBen
K448R,0.0686,LBen
K448S,0.2814,LBen
K448T,0.187,LBen
K448V,0.2661,LBen
K448W,0.6033,LPath
K448Y,0.4788,Amb
M449A,0.1282,LBen
M449C,0.3706,Amb
M449D,0.3867,Amb
M449E,0.2336,LBen
M449F,0.1195,LBen
M449G,0.131,LBen
M449H,0.1749,LBen
M449I,0.1457,LBen
M449K,0.0701,LBen
M449L,0.0797,LBen
M449N,0.1576,LBen
M449P,0.1573,LBen
M449Q,0.0829,LBen
M449R,0.0708,LBen
M449S,0.1288,LBen
M449T,0.1276,LBen
M449V,0.0732,LBen
M449W,0.2325,LBen
M449Y,0.197,LBen
K450A,0.2817,LBen
K450C,0.6925,LPath
K450D,0.5558,Amb
K450E,0.2944,LBen
K450F,0.6185,LPath
K450G,0.2017,LBen
K450H,0.3465,Amb
K450I,0.4143,Amb
K450L,0.3433,Amb
K450M,0.3785,Amb
K450N,0.4485,Amb
K450P,0.31,LBen
K450Q,0.1411,LBen
K450R,0.0639,LBen
K450S,0.3637,Amb
K450T,0.2588,LBen
K450V,0.344,Amb
K450W,0.6361,LPath
K450Y,0.5873,LPath
K451A,0.2577,LBen
K451C,0.6746,LPath
K451D,0.4777,Amb
K451E,0.292,LBen
K451F,0.5902,LPath
K451G,0.1679,LBen
K451H,0.3155,LBen
K451I,0.3804,Amb
K451L,0.3468,Amb
K451M,0.3648,Amb
K451N,0.3635,Amb
K451P,0.3054,LBen
K451Q,0.1447,LBen
K451R,0.0704,LBen
K451S,0.3186,LBen
K451T,0.2261,LBen
K451V,0.3242,LBen
K451W,0.6366,LPath
K451Y,0.5116,Amb
R452A,0.2657,LBen
R452C,0.4341,Amb
R452D,0.4629,Amb
R452E,0.2906,LBen
R452F,0.4537,Amb
R452G,0.1298,LBen
R452H,0.2221,LBen
R452I,0.2837,LBen
R452K,0.0753,LBen
R452L,0.2539,LBen
R452M,0.3287,LBen
R452N,0.3989,Amb
R452P,0.2759,LBen
R452Q,0.1356,LBen
R452S,0.3466,Amb
R452T,0.2357,LBen
R452V,0.2889,LBen
R452W,0.3281,LBen
R452Y,0.4325,Amb
K453A,0.2031,LBen
K453C,0.5905,LPath
K453D,0.3992,Amb
K453E,0.2322,LBen
K453F,0.5225,Amb
K453G,0.1626,LBen
K453H,0.2609,LBen
K453I,0.3435,Amb
K453L,0.3207,LBen
K453M,0.3389,LBen
K453N,0.3123,LBen
K453P,0.2822,LBen
K453Q,0.1317,LBen
K453R,0.066,LBen
K453S,0.2477,LBen
K453T,0.168,LBen
K453V,0.296,LBen
K453W,0.5862,LPath
K453Y,0.4855,Amb
G454A,0.0911,LBen
G454C,0.1723,LBen
G454D,0.1621,LBen
G454E,0.1389,LBen
G454F,0.2561,LBen
G454H,0.2238,LBen
G454I,0.1375,LBen
G454K,0.2059,LBen
G454L,0.1808,LBen
G454M,0.226,LBen
G454N,0.1332,LBen
G454P,0.2565,LBen
G454Q,0.1802,LBen
G454R,0.1958,LBen
G454S,0.0877,LBen
G454T,0.0885,LBen
G454V,0.1023,LBen
G454W,0.2346,LBen
G454Y,0.2135,LBen
R455A,0.2108,LBen
R455C,0.3135,LBen
R455D,0.4106,Amb
R455E,0.2571,LBen
R455F,0.3129,LBen
R455G,0.1245,LBen
R455H,0.1774,LBen
R455I,0.2415,LBen
R455K,0.075,LBen
R455L,0.17,LBen
R455M,0.2458,LBen
R455N,0.2928,LBen
R455P,0.2671,LBen
R455Q,0.1147,LBen
R455S,0.2718,LBen
R455T,0.1964,LBen
R455V,0.2445,LBen
R455W,0.29,LBen
R455Y,0.3537,Amb
