protein_variant,am_pathogenicity,am_class
M1A,0.5459,Amb
M1C,0.4488,Amb
M1D,0.9162,LPath
M1E,0.8113,LPath
M1F,0.2779,LBen
M1G,0.7131,LPath
M1H,0.6976,LPath
M1I,0.4166,Amb
M1K,0.5665,LPath
M1L,0.1645,LBen
M1N,0.6935,LPath
M1P,0.7354,LPath
M1Q,0.4364,Amb
M1R,0.5725,LPath
M1S,0.5439,Amb
M1T,0.5404,Amb
M1V,0.1222,LBen
M1W,0.6901,LPath
M1Y,0.5947,LPath
S2A,0.0806,LBen
S2C,0.1452,LBen
S2D,0.4746,Amb
S2E,0.536,Amb
S2F,0.3607,Amb
S2G,0.1204,LBen
S2H,0.4139,Amb
S2I,0.392,Amb
S2K,0.669,LPath
S2L,0.2568,LBen
S2M,0.3818,Amb
S2N,0.212,LBen
S2P,0.1836,LBen
S2Q,0.4737,Amb
S2R,0.653,LPath
S2T,0.1117,LBen
S2V,0.3125,LBen
S2W,0.5394,Amb
S2Y,0.3246,LBen
H3A,0.1067,LBen
H3C,0.1452,LBen
H3D,0.0987,LBen
H3E,0.1734,LBen
H3F,0.1774,LBen
H3G,0.1472,LBen
H3I,0.173,LBen
H3K,0.1683,LBen
H3L,0.1089,LBen
H3M,0.2919,LBen
H3N,0.0572,LBen
H3P,0.0822,LBen
H3Q,0.113,LBen
H3R,0.1096,LBen
H3S,0.0892,LBen
H3T,0.1045,LBen
H3V,0.1352,LBen
H3W,0.344,Amb
H3Y,0.0891,LBen
L4A,0.4611,Amb
L4C,0.6856,LPath
L4D,0.8687,LPath
L4E,0.6476,LPath
L4F,0.1824,LBen
L4G,0.6633,LPath
L4H,0.4245,Amb
L4I,0.1145,LBen
L4K,0.3994,Amb
L4M,0.1701,LBen
L4N,0.6119,LPath
L4P,0.5497,Amb
L4Q,0.3474,Amb
L4R,0.3704,Amb
L4S,0.5623,Amb
L4T,0.4375,Amb
L4V,0.1524,LBen
L4W,0.3739,Amb
L4Y,0.4204,Amb
P5A,0.1809,LBen
P5C,0.7237,LPath
P5D,0.5989,LPath
P5E,0.2887,LBen
P5F,0.8453,LPath
P5G,0.3529,Amb
P5H,0.353,Amb
P5I,0.7058,LPath
P5K,0.3504,Amb
P5L,0.501,Amb
P5M,0.6846,LPath
P5N,0.4504,Amb
P5Q,0.1095,LBen
P5R,0.3054,LBen
P5S,0.1868,LBen
P5T,0.2298,LBen
P5V,0.5253,Amb
P5W,0.8292,LPath
P5Y,0.7104,LPath
M6A,0.6832,LPath
M6C,0.8403,LPath
M6D,0.927,LPath
M6E,0.6876,LPath
M6F,0.5354,Amb
M6G,0.7299,LPath
M6H,0.8597,LPath
M6I,0.8204,LPath
M6K,0.568,LPath
M6L,0.2652,LBen
M6N,0.8136,LPath
M6P,0.8179,LPath
M6Q,0.4443,Amb
M6R,0.5511,Amb
M6S,0.7211,LPath
M6T,0.7327,LPath
M6V,0.2065,LBen
M6W,0.8303,LPath
M6Y,0.7644,LPath
K7A,0.4844,Amb
K7C,0.75,LPath
K7D,0.7886,LPath
K7E,0.4695,Amb
K7F,0.8105,LPath
K7G,0.519,Amb
K7H,0.4204,Amb
K7I,0.4849,Amb
K7L,0.4582,Amb
K7M,0.4477,Amb
K7N,0.6329,LPath
K7P,0.7177,LPath
K7Q,0.2096,LBen
K7R,0.0725,LBen
K7S,0.6308,LPath
K7T,0.3622,Amb
K7V,0.4172,Amb
K7W,0.7988,LPath
K7Y,0.6706,LPath
L8A,0.606,LPath
L8C,0.7746,LPath
L8D,0.9428,LPath
L8E,0.7898,LPath
L8F,0.3225,LBen
L8G,0.82,LPath
L8H,0.6025,LPath
L8I,0.1245,LBen
L8K,0.4569,Amb
L8M,0.2154,LBen
L8N,0.7596,LPath
L8P,0.8434,LPath
L8Q,0.46,Amb
L8R,0.3622,Amb
L8S,0.8058,LPath
L8T,0.6352,LPath
L8V,0.1686,LBen
L8W,0.4736,Amb
L8Y,0.5087,Amb
L9A,0.8588,LPath
L9C,0.9356,LPath
L9D,0.9933,LPath
L9E,0.9537,LPath
L9F,0.6834,LPath
L9G,0.9587,LPath
L9H,0.9281,LPath
L9I,0.3669,Amb
L9K,0.8363,LPath
L9M,0.5019,Amb
L9N,0.9684,LPath
L9P,0.9436,LPath
L9Q,0.8564,LPath
L9R,0.7699,LPath
L9S,0.9619,LPath
L9T,0.9197,LPath
L9V,0.5211,Amb
L9W,0.8096,LPath
L9Y,0.8883,LPath
R10A,0.8124,LPath
R10C,0.5455,Amb
R10D,0.9567,LPath
R10E,0.7355,LPath
R10F,0.8615,LPath
R10G,0.6655,LPath
R10H,0.4461,Amb
R10I,0.7341,LPath
R10K,0.2197,LBen
R10L,0.553,Amb
R10M,0.7349,LPath
R10N,0.9209,LPath
R10P,0.9324,LPath
R10Q,0.2569,LBen
R10S,0.9076,LPath
R10T,0.8307,LPath
R10V,0.748,LPath
R10W,0.5517,Amb
R10Y,0.7583,LPath
K11A,0.6032,LPath
K11C,0.771,LPath
K11D,0.8034,LPath
K11E,0.3475,Amb
K11F,0.9125,LPath
K11G,0.5193,Amb
K11H,0.4803,Amb
K11I,0.6817,LPath
K11L,0.5664,LPath
K11M,0.544,Amb
K11N,0.6438,LPath
K11P,0.9059,LPath
K11Q,0.1568,LBen
K11R,0.0692,LBen
K11S,0.6572,LPath
K11T,0.4889,Amb
K11V,0.6257,LPath
K11W,0.7904,LPath
K11Y,0.7743,LPath
K12A,0.8537,LPath
K12C,0.947,LPath
K12D,0.944,LPath
K12E,0.8443,LPath
K12F,0.9686,LPath
K12G,0.8573,LPath
K12H,0.8185,LPath
K12I,0.828,LPath
K12L,0.8002,LPath
K12M,0.7452,LPath
K12N,0.8961,LPath
K12P,0.9561,LPath
K12Q,0.6371,LPath
K12R,0.1573,LBen
K12S,0.9397,LPath
K12T,0.7613,LPath
K12V,0.7797,LPath
K12W,0.9669,LPath
K12Y,0.898,LPath
I13A,0.6318,LPath
I13C,0.9538,LPath
I13D,0.9636,LPath
I13E,0.8638,LPath
I13F,0.4626,Amb
I13G,0.9001,LPath
I13H,0.907,LPath
I13K,0.7843,LPath
I13L,0.2422,LBen
I13M,0.1856,LBen
I13N,0.7957,LPath
I13P,0.9368,LPath
I13Q,0.7722,LPath
I13R,0.6592,LPath
I13S,0.7944,LPath
I13T,0.6586,LPath
I13V,0.2903,LBen
I13W,0.8304,LPath
I13Y,0.7743,LPath
E14A,0.1413,LBen
E14C,0.7013,LPath
E14D,0.2262,LBen
E14F,0.6325,LPath
E14G,0.1532,LBen
E14H,0.3081,LBen
E14I,0.4006,Amb
E14K,0.1654,LBen
E14L,0.3338,LBen
E14M,0.4571,Amb
E14N,0.3196,LBen
E14P,0.8078,LPath
E14Q,0.0813,LBen
E14R,0.1844,LBen
E14S,0.2089,LBen
E14T,0.2602,LBen
E14V,0.2514,LBen
E14W,0.7762,LPath
E14Y,0.5069,Amb
K15A,0.6746,LPath
K15C,0.8777,LPath
K15D,0.8539,LPath
K15E,0.5383,Amb
K15F,0.9281,LPath
K15G,0.6617,LPath
K15H,0.6392,LPath
K15I,0.6666,LPath
K15L,0.6221,LPath
K15M,0.5612,Amb
K15N,0.7165,LPath
K15P,0.9469,LPath
K15Q,0.3073,LBen
K15R,0.1037,LBen
K15S,0.7792,LPath
K15T,0.5628,Amb
K15V,0.626,LPath
K15W,0.898,LPath
K15Y,0.8162,LPath
R16A,0.919,LPath
R16C,0.8972,LPath
R16D,0.945,LPath
R16E,0.8292,LPath
R16F,0.9624,LPath
R16G,0.7833,LPath
R16H,0.707,LPath
R16I,0.8924,LPath
R16K,0.2802,LBen
R16L,0.8319,LPath
R16M,0.932,LPath
R16N,0.9403,LPath
R16P,0.9626,LPath
R16Q,0.5596,Amb
R16S,0.9592,LPath
R16T,0.9226,LPath
R16V,0.9025,LPath
R16W,0.8174,LPath
R16Y,0.8925,LPath
N17A,0.4168,Amb
N17C,0.3958,Amb
N17D,0.4012,Amb
N17E,0.5675,LPath
N17F,0.7193,LPath
N17G,0.4161,Amb
N17H,0.2054,LBen
N17I,0.3997,Amb
N17K,0.4742,Amb
N17L,0.4537,Amb
N17M,0.561,Amb
N17P,0.8683,LPath
N17Q,0.4362,Amb
N17R,0.4798,Amb
N17S,0.1724,LBen
N17T,0.2648,LBen
N17V,0.3685,Amb
N17W,0.8184,LPath
N17Y,0.2688,LBen
L18A,0.0926,LBen
L18C,0.2028,LBen
L18D,0.2903,LBen
L18E,0.1228,LBen
L18F,0.0776,LBen
L18G,0.2179,LBen
L18H,0.1069,LBen
L18I,0.0693,LBen
L18K,0.1055,LBen
L18M,0.0774,LBen
L18N,0.1497,LBen
L18P,0.8116,LPath
L18Q,0.0579,LBen
L18R,0.0863,LBen
L18S,0.1164,LBen
L18T,0.1025,LBen
L18V,0.066,LBen
L18W,0.133,LBen
L18Y,0.1326,LBen
K19A,0.5378,Amb
K19C,0.7471,LPath
K19D,0.8548,LPath
K19E,0.5928,LPath
K19F,0.7837,LPath
K19G,0.6599,LPath
K19H,0.417,Amb
K19I,0.4634,Amb
K19L,0.365,Amb
K19M,0.4026,Amb
K19N,0.6894,LPath
K19P,0.8277,LPath
K19Q,0.2442,LBen
K19R,0.0908,LBen
K19S,0.6975,LPath
K19T,0.4235,Amb
K19V,0.4478,Amb
K19W,0.8048,LPath
K19Y,0.6833,LPath
L20A,0.3965,Amb
L20C,0.5887,LPath
L20D,0.8163,LPath
L20E,0.5381,Amb
L20F,0.2408,LBen
L20G,0.5985,LPath
L20H,0.3499,Amb
L20I,0.1052,LBen
L20K,0.3379,LBen
L20M,0.1443,LBen
L20N,0.3421,Amb
L20P,0.7973,LPath
L20Q,0.2204,LBen
L20R,0.2854,LBen
L20S,0.4953,Amb
L20T,0.3928,Amb
L20V,0.1383,LBen
L20W,0.3465,Amb
L20Y,0.3823,Amb
R21A,0.5202,Amb
R21C,0.3038,LBen
R21D,0.8168,LPath
R21E,0.4531,Amb
R21F,0.6777,LPath
R21G,0.4173,Amb
R21H,0.2309,LBen
R21I,0.4348,Amb
R21K,0.119,LBen
R21L,0.3193,LBen
R21M,0.5171,Amb
R21N,0.745,LPath
R21P,0.7567,LPath
R21Q,0.1372,LBen
R21S,0.6713,LPath
R21T,0.5085,Amb
R21V,0.4857,Amb
R21W,0.3593,Amb
R21Y,0.5387,Amb
Q22A,0.2031,LBen
Q22C,0.5102,Amb
Q22D,0.32,LBen
Q22E,0.0747,LBen
Q22F,0.5958,LPath
Q22G,0.2102,LBen
Q22H,0.2086,LBen
Q22I,0.3617,Amb
Q22K,0.0897,LBen
Q22L,0.1431,LBen
Q22M,0.3408,Amb
Q22N,0.2324,LBen
Q22P,0.4873,Amb
Q22R,0.1018,LBen
Q22S,0.2513,LBen
Q22T,0.2276,LBen
Q22V,0.2625,LBen
Q22W,0.4849,Amb
Q22Y,0.4024,Amb
R23A,0.6737,LPath
R23C,0.4976,Amb
R23D,0.7994,LPath
R23E,0.5496,Amb
R23F,0.8411,LPath
R23G,0.4624,Amb
R23H,0.3287,LBen
R23I,0.5924,LPath
R23K,0.1496,LBen
R23L,0.494,Amb
R23M,0.6423,LPath
R23N,0.7668,LPath
R23P,0.8698,LPath
R23Q,0.2122,LBen
R23S,0.798,LPath
R23T,0.6427,LPath
R23V,0.6405,LPath
R23W,0.4772,Amb
R23Y,0.6911,LPath
N24A,0.2122,LBen
N24C,0.2274,LBen
N24D,0.2234,LBen
N24E,0.388,Amb
N24F,0.4462,Amb
N24G,0.2468,LBen
N24H,0.0939,LBen
N24I,0.2053,LBen
N24K,0.2579,LBen
N24L,0.2397,LBen
N24M,0.343,Amb
N24P,0.5639,Amb
N24Q,0.266,LBen
N24R,0.2781,LBen
N24S,0.1147,LBen
N24T,0.1525,LBen
N24V,0.2068,LBen
N24W,0.6508,LPath
N24Y,0.1365,LBen
L25A,0.1206,LBen
L25C,0.2282,LBen
L25D,0.3628,Amb
L25E,0.1485,LBen
L25F,0.1064,LBen
L25G,0.2257,LBen
L25H,0.1288,LBen
L25I,0.0758,LBen
L25K,0.1079,LBen
L25M,0.0784,LBen
L25N,0.1947,LBen
L25P,0.4088,Amb
L25Q,0.0743,LBen
L25R,0.0949,LBen
L25S,0.1351,LBen
L25T,0.1202,LBen
L25V,0.0713,LBen
L25W,0.1565,LBen
L25Y,0.1851,LBen
K26A,0.1611,LBen
K26C,0.3452,Amb
K26D,0.3121,LBen
K26E,0.1506,LBen
K26F,0.4652,Amb
K26G,0.2308,LBen
K26H,0.1674,LBen
K26I,0.1692,LBen
K26L,0.1576,LBen
K26M,0.1515,LBen
K26N,0.2004,LBen
K26P,0.3486,Amb
K26Q,0.0911,LBen
K26R,0.0702,LBen
K26S,0.2109,LBen
K26T,0.1079,LBen
K26V,0.1691,LBen
K26W,0.5428,Amb
K26Y,0.3494,Amb
F27A,0.115,LBen
F27C,0.0983,LBen
F27D,0.2295,LBen
F27E,0.1848,LBen
F27G,0.1678,LBen
F27H,0.1129,LBen
F27I,0.0593,LBen
F27K,0.1301,LBen
F27L,0.0875,LBen
F27M,0.0914,LBen
F27N,0.1163,LBen
F27P,0.242,LBen
F27Q,0.0972,LBen
F27R,0.0987,LBen
F27S,0.1149,LBen
F27T,0.1162,LBen
F27V,0.0591,LBen
F27W,0.1129,LBen
F27Y,0.0893,LBen
Q28A,0.1104,LBen
Q28C,0.2792,LBen
Q28D,0.172,LBen
Q28E,0.0702,LBen
Q28F,0.3922,Amb
Q28G,0.1249,LBen
Q28H,0.1105,LBen
Q28I,0.2175,LBen
Q28K,0.0692,LBen
Q28L,0.1039,LBen
Q28M,0.2457,LBen
Q28N,0.1524,LBen
Q28P,0.0766,LBen
Q28R,0.0708,LBen
Q28S,0.1217,LBen
Q28T,0.1093,LBen
Q28V,0.1574,LBen
Q28W,0.2757,LBen
Q28Y,0.242,LBen
G29A,0.0794,LBen
G29C,0.1408,LBen
G29D,0.0917,LBen
G29E,0.091,LBen
G29F,0.2926,LBen
G29H,0.188,LBen
G29I,0.1426,LBen
G29K,0.1592,LBen
G29L,0.1885,LBen
G29M,0.2223,LBen
G29N,0.1327,LBen
G29P,0.3394,LBen
G29Q,0.1489,LBen
G29R,0.1501,LBen
G29S,0.0909,LBen
G29T,0.0929,LBen
G29V,0.0955,LBen
G29W,0.2458,LBen
G29Y,0.2016,LBen
A30C,0.2071,LBen
A30D,0.0987,LBen
A30E,0.1068,LBen
A30F,0.1576,LBen
A30G,0.082,LBen
A30H,0.1974,LBen
A30I,0.1111,LBen
A30K,0.1577,LBen
A30L,0.1051,LBen
A30M,0.1355,LBen
A30N,0.109,LBen
A30P,0.1021,LBen
A30Q,0.1531,LBen
A30R,0.1652,LBen
A30S,0.0729,LBen
A30T,0.0663,LBen
A30V,0.0793,LBen
A30W,0.4003,Amb
A30Y,0.1965,LBen
S31A,0.0587,LBen
S31C,0.0812,LBen
S31D,0.1279,LBen
S31E,0.1581,LBen
S31F,0.1378,LBen
S31G,0.0646,LBen
S31H,0.1724,LBen
S31I,0.1115,LBen
S31K,0.2108,LBen
S31L,0.0874,LBen
S31M,0.1398,LBen
S31N,0.0822,LBen
S31P,0.0851,LBen
S31Q,0.1972,LBen
S31R,0.2065,LBen
S31T,0.0614,LBen
S31V,0.0974,LBen
S31W,0.2168,LBen
S31Y,0.1262,LBen
N32A,0.072,LBen
N32C,0.0961,LBen
N32D,0.0523,LBen
N32E,0.1007,LBen
N32F,0.1704,LBen
N32G,0.0932,LBen
N32H,0.0655,LBen
N32I,0.0827,LBen
N32K,0.0948,LBen
N32L,0.0923,LBen
N32M,0.1618,LBen
N32P,0.1238,LBen
N32Q,0.1132,LBen
N32R,0.1044,LBen
N32S,0.0582,LBen
N32T,0.0641,LBen
N32V,0.075,LBen
N32W,0.3561,Amb
N32Y,0.0829,LBen
L33A,0.0697,LBen
L33C,0.1439,LBen
L33D,0.1334,LBen
L33E,0.1019,LBen
L33F,0.0691,LBen
L33G,0.1168,LBen
L33H,0.0838,LBen
L33I,0.0588,LBen
L33K,0.0882,LBen
L33M,0.0679,LBen
L33N,0.0919,LBen
L33P,0.0827,LBen
L33Q,0.0743,LBen
L33R,0.0816,LBen
L33S,0.071,LBen
L33T,0.0668,LBen
L33V,0.0523,LBen
L33W,0.1159,LBen
L33Y,0.1184,LBen
T34A,0.0614,LBen
T34C,0.1234,LBen
T34D,0.1084,LBen
T34E,0.1145,LBen
T34F,0.1021,LBen
T34G,0.096,LBen
T34H,0.0964,LBen
T34I,0.0757,LBen
T34K,0.0963,LBen
T34L,0.0638,LBen
T34M,0.0816,LBen
T34N,0.0665,LBen
T34P,0.0612,LBen
T34Q,0.1054,LBen
T34R,0.0909,LBen
T34S,0.0653,LBen
T34V,0.0758,LBen
T34W,0.227,LBen
T34Y,0.102,LBen
L35A,0.0734,LBen
L35C,0.1526,LBen
L35D,0.1486,LBen
L35E,0.116,LBen
L35F,0.0638,LBen
L35G,0.1246,LBen
L35H,0.0852,LBen
L35I,0.0608,LBen
L35K,0.0976,LBen
L35M,0.0781,LBen
L35N,0.1028,LBen
L35P,0.076,LBen
L35Q,0.0777,LBen
L35R,0.0834,LBen
L35S,0.0697,LBen
L35T,0.0759,LBen
L35V,0.057,LBen
L35W,0.1054,LBen
L35Y,0.1237,LBen
S36A,0.0614,LBen
S36C,0.0754,LBen
S36D,0.144,LBen
S36E,0.1612,LBen
S36F,0.1139,LBen
S36G,0.0717,LBen
S36H,0.1518,LBen
S36I,0.1012,LBen
S36K,0.2105,LBen
S36L,0.0687,LBen
S36M,0.1333,LBen
S36N,0.095,LBen
S36P,0.0643,LBen
S36Q,0.1944,LBen
S36R,0.1943,LBen
S36T,0.0617,LBen
S36V,0.0977,LBen
S36W,0.1603,LBen
S36Y,0.1092,LBen
E37A,0.0888,LBen
E37C,0.3711,Amb
E37D,0.0714,LBen
E37F,0.3446,Amb
E37G,0.0672,LBen
E37H,0.1693,LBen
E37I,0.1589,LBen
E37K,0.0727,LBen
E37L,0.1649,LBen
E37M,0.2135,LBen
E37N,0.1085,LBen
E37P,0.1804,LBen
E37Q,0.0858,LBen
E37R,0.1143,LBen
E37S,0.0964,LBen
E37T,0.1004,LBen
E37V,0.1069,LBen
E37W,0.491,Amb
E37Y,0.2369,LBen
T38A,0.0649,LBen
T38C,0.1626,LBen
T38D,0.1107,LBen
T38E,0.1028,LBen
T38F,0.1145,LBen
T38G,0.1044,LBen
T38H,0.1113,LBen
T38I,0.0743,LBen
T38K,0.0831,LBen
T38L,0.0714,LBen
T38M,0.0734,LBen
T38N,0.0673,LBen
T38P,0.0688,LBen
T38Q,0.1027,LBen
T38R,0.0835,LBen
T38S,0.074,LBen
T38V,0.0755,LBen
T38W,0.2594,LBen
T38Y,0.1218,LBen
Q39A,0.0878,LBen
Q39C,0.1808,LBen
Q39D,0.1085,LBen
Q39E,0.0598,LBen
Q39F,0.2572,LBen
Q39G,0.0878,LBen
Q39H,0.09,LBen
Q39I,0.1334,LBen
Q39K,0.0647,LBen
Q39L,0.0811,LBen
Q39M,0.1631,LBen
Q39N,0.1089,LBen
Q39P,0.0651,LBen
Q39R,0.0691,LBen
Q39S,0.0911,LBen
Q39T,0.0826,LBen
Q39V,0.1006,LBen
Q39W,0.1696,LBen
Q39Y,0.1621,LBen
N40A,0.0887,LBen
N40C,0.1047,LBen
N40D,0.0673,LBen
N40E,0.1068,LBen
N40F,0.1964,LBen
N40G,0.1118,LBen
N40H,0.0748,LBen
N40I,0.0833,LBen
N40K,0.0873,LBen
N40L,0.1055,LBen
N40M,0.1466,LBen
N40P,0.1627,LBen
N40Q,0.1303,LBen
N40R,0.108,LBen
N40S,0.0706,LBen
N40T,0.0704,LBen
N40V,0.0883,LBen
N40W,0.3448,Amb
N40Y,0.0785,LBen
G41A,0.0811,LBen
G41C,0.0988,LBen
G41D,0.0873,LBen
G41E,0.0816,LBen
G41F,0.2192,LBen
G41H,0.1414,LBen
G41I,0.1011,LBen
G41K,0.1054,LBen
G41L,0.1529,LBen
G41M,0.1725,LBen
G41N,0.1308,LBen
G41P,0.2989,LBen
G41Q,0.1146,LBen
G41R,0.0868,LBen
G41S,0.0833,LBen
G41T,0.0773,LBen
G41V,0.0826,LBen
G41W,0.1383,LBen
G41Y,0.1521,LBen
D42A,0.0692,LBen
D42C,0.1283,LBen
D42E,0.0805,LBen
D42F,0.1519,LBen
D42G,0.0724,LBen
D42H,0.0891,LBen
D42I,0.0872,LBen
D42K,0.103,LBen
D42L,0.1071,LBen
D42M,0.1761,LBen
D42N,0.0627,LBen
D42P,0.201,LBen
D42Q,0.1131,LBen
D42R,0.1095,LBen
D42S,0.0698,LBen
D42T,0.0816,LBen
D42V,0.0691,LBen
D42W,0.3719,Amb
D42Y,0.079,LBen
V43A,0.0762,LBen
V43C,0.2173,LBen
V43D,0.0836,LBen
V43E,0.0939,LBen
V43F,0.0678,LBen
V43G,0.078,LBen
V43H,0.1491,LBen
V43I,0.0633,LBen
V43K,0.0939,LBen
V43L,0.0773,LBen
V43M,0.0797,LBen
V43N,0.0803,LBen
V43P,0.1409,LBen
V43Q,0.1168,LBen
V43R,0.0942,LBen
V43S,0.0769,LBen
V43T,0.0798,LBen
V43W,0.2704,LBen
V43Y,0.147,LBen
S44A,0.0593,LBen
S44C,0.075,LBen
S44D,0.1342,LBen
S44E,0.1443,LBen
S44F,0.0975,LBen
S44G,0.0808,LBen
S44H,0.1343,LBen
S44I,0.0845,LBen
S44K,0.1689,LBen
S44L,0.0629,LBen
S44M,0.1222,LBen
S44N,0.0998,LBen
S44P,0.0561,LBen
S44Q,0.1648,LBen
S44R,0.159,LBen
S44T,0.0612,LBen
S44V,0.0842,LBen
S44W,0.1372,LBen
S44Y,0.0987,LBen
E45A,0.0859,LBen
E45C,0.3207,LBen
E45D,0.0877,LBen
E45F,0.3024,LBen
E45G,0.0698,LBen
E45H,0.1676,LBen
E45I,0.1392,LBen
E45K,0.063,LBen
E45L,0.1339,LBen
E45M,0.1816,LBen
E45N,0.1142,LBen
E45P,0.1808,LBen
E45Q,0.0816,LBen
E45R,0.0935,LBen
E45S,0.0967,LBen
E45T,0.0954,LBen
E45V,0.0983,LBen
E45W,0.3995,Amb
E45Y,0.2285,LBen
E46A,0.0822,LBen
E46C,0.3395,LBen
E46D,0.069,LBen
E46F,0.2892,LBen
E46G,0.0637,LBen
E46H,0.1728,LBen
E46I,0.127,LBen
E46K,0.0718,LBen
E46L,0.1466,LBen
E46M,0.1803,LBen
E46N,0.0937,LBen
E46P,0.188,LBen
E46Q,0.0902,LBen
E46R,0.1156,LBen
E46S,0.0963,LBen
E46T,0.0966,LBen
E46V,0.0919,LBen
E46W,0.4393,Amb
E46Y,0.1972,LBen
T47A,0.0631,LBen
T47C,0.1626,LBen
T47D,0.116,LBen
T47E,0.1059,LBen
T47F,0.1161,LBen
T47G,0.1051,LBen
T47H,0.1196,LBen
T47I,0.0791,LBen
T47K,0.082,LBen
T47L,0.074,LBen
T47M,0.0775,LBen
T47N,0.0706,LBen
T47P,0.076,LBen
T47Q,0.1133,LBen
T47R,0.0824,LBen
T47S,0.076,LBen
T47V,0.0755,LBen
T47W,0.2669,LBen
T47Y,0.1266,LBen
M48A,0.0702,LBen
M48C,0.2238,LBen
M48D,0.157,LBen
M48E,0.1013,LBen
M48F,0.1125,LBen
M48G,0.111,LBen
M48H,0.1382,LBen
M48I,0.0826,LBen
M48K,0.0627,LBen
M48L,0.0738,LBen
M48N,0.1004,LBen
M48P,0.1129,LBen
M48Q,0.0921,LBen
M48R,0.0632,LBen
M48S,0.0823,LBen
M48T,0.0555,LBen
M48V,0.0519,LBen
M48W,0.2033,LBen
M48Y,0.1947,LBen
G49A,0.0713,LBen
G49C,0.0957,LBen
G49D,0.0689,LBen
G49E,0.0701,LBen
G49F,0.1644,LBen
G49H,0.1192,LBen
G49I,0.0863,LBen
G49K,0.0964,LBen
G49L,0.1153,LBen
G49M,0.1524,LBen
G49N,0.0968,LBen
G49P,0.1747,LBen
G49Q,0.1019,LBen
G49R,0.0923,LBen
G49S,0.0774,LBen
G49T,0.0766,LBen
G49V,0.0696,LBen
G49W,0.1306,LBen
G49Y,0.1175,LBen
S50A,0.0649,LBen
S50C,0.0613,LBen
S50D,0.0811,LBen
S50E,0.1005,LBen
S50F,0.0937,LBen
S50G,0.0529,LBen
S50H,0.0988,LBen
S50I,0.0686,LBen
S50K,0.1066,LBen
S50L,0.0691,LBen
S50M,0.1124,LBen
S50N,0.0617,LBen
S50P,0.0821,LBen
S50Q,0.1201,LBen
S50R,0.0973,LBen
S50T,0.0643,LBen
S50V,0.0725,LBen
S50W,0.1186,LBen
S50Y,0.0818,LBen
R51A,0.0905,LBen
R51C,0.0941,LBen
R51D,0.1396,LBen
R51E,0.0907,LBen
R51F,0.1781,LBen
R51G,0.0535,LBen
R51H,0.0977,LBen
R51I,0.0837,LBen
R51K,0.0622,LBen
R51L,0.0944,LBen
R51M,0.1061,LBen
R51N,0.1484,LBen
R51P,0.152,LBen
R51Q,0.0687,LBen
R51S,0.1066,LBen
R51T,0.0762,LBen
R51V,0.0905,LBen
R51W,0.0978,LBen
R51Y,0.1456,LBen
K52A,0.109,LBen
K52C,0.3207,LBen
K52D,0.1533,LBen
K52E,0.0736,LBen
K52F,0.3061,LBen
K52G,0.1347,LBen
K52H,0.1623,LBen
K52I,0.1187,LBen
K52L,0.1304,LBen
K52M,0.1065,LBen
K52N,0.1159,LBen
K52P,0.1811,LBen
K52Q,0.0914,LBen
K52R,0.0722,LBen
K52S,0.1293,LBen
K52T,0.0753,LBen
K52V,0.118,LBen
K52W,0.3809,Amb
K52Y,0.2524,LBen
V53A,0.0776,LBen
V53C,0.3015,LBen
V53D,0.081,LBen
V53E,0.0807,LBen
V53F,0.0883,LBen
V53G,0.0647,LBen
V53H,0.1777,LBen
V53I,0.0727,LBen
V53K,0.093,LBen
V53L,0.0893,LBen
V53M,0.0887,LBen
V53N,0.0827,LBen
V53P,0.1227,LBen
V53Q,0.107,LBen
V53R,0.096,LBen
V53S,0.0796,LBen
V53T,0.0885,LBen
V53W,0.313,LBen
V53Y,0.1862,LBen
K54A,0.1441,LBen
K54C,0.3608,Amb
K54D,0.2279,LBen
K54E,0.0848,LBen
K54F,0.4135,Amb
K54G,0.1461,LBen
K54H,0.2096,LBen
K54I,0.162,LBen
K54L,0.1569,LBen
K54M,0.1344,LBen
K54N,0.1827,LBen
K54P,0.209,LBen
K54Q,0.0887,LBen
K54R,0.0687,LBen
K54S,0.1625,LBen
K54T,0.0977,LBen
K54V,0.1573,LBen
K54W,0.4059,Amb
K54Y,0.3407,Amb
K55A,0.1223,LBen
K55C,0.3501,Amb
K55D,0.1855,LBen
K55E,0.0885,LBen
K55F,0.3337,LBen
K55G,0.1445,LBen
K55H,0.1784,LBen
K55I,0.1224,LBen
K55L,0.1423,LBen
K55M,0.1167,LBen
K55N,0.1297,LBen
K55P,0.1898,LBen
K55Q,0.0962,LBen
K55R,0.0731,LBen
K55S,0.1441,LBen
K55T,0.0807,LBen
K55V,0.1283,LBen
K55W,0.4228,Amb
K55Y,0.2606,LBen
S56A,0.0619,LBen
S56C,0.0721,LBen
S56D,0.1358,LBen
S56E,0.1423,LBen
S56F,0.1022,LBen
S56G,0.0643,LBen
S56H,0.1301,LBen
S56I,0.0821,LBen
S56K,0.1575,LBen
S56L,0.0679,LBen
S56M,0.1184,LBen
S56N,0.07,LBen
S56P,0.0632,LBen
S56Q,0.1577,LBen
S56R,0.1421,LBen
S56T,0.0648,LBen
S56V,0.0868,LBen
S56W,0.1312,LBen
S56Y,0.0832,LBen
K57A,0.1108,LBen
K57C,0.2233,LBen
K57D,0.1758,LBen
K57E,0.0791,LBen
K57F,0.2361,LBen
K57G,0.1266,LBen
K57H,0.1328,LBen
K57I,0.0983,LBen
K57L,0.1024,LBen
K57M,0.1056,LBen
K57N,0.1303,LBen
K57P,0.1595,LBen
K57Q,0.0766,LBen
K57R,0.0635,LBen
K57S,0.1175,LBen
K57T,0.0824,LBen
K57V,0.101,LBen
K57W,0.2908,LBen
K57Y,0.2092,LBen
Q58A,0.0946,LBen
Q58C,0.1977,LBen
Q58D,0.1292,LBen
Q58E,0.061,LBen
Q58F,0.2855,LBen
Q58G,0.0905,LBen
Q58H,0.0967,LBen
Q58I,0.1569,LBen
Q58K,0.056,LBen
Q58L,0.0786,LBen
Q58M,0.1743,LBen
Q58N,0.108,LBen
Q58P,0.0663,LBen
Q58R,0.068,LBen
Q58S,0.0969,LBen
Q58T,0.0891,LBen
Q58V,0.1107,LBen
Q58W,0.1815,LBen
Q58Y,0.1699,LBen
K59A,0.1103,LBen
K59C,0.2036,LBen
K59D,0.1516,LBen
K59E,0.0751,LBen
K59F,0.2257,LBen
K59G,0.1261,LBen
K59H,0.1112,LBen
K59I,0.0979,LBen
K59L,0.0991,LBen
K59M,0.0956,LBen
K59N,0.1011,LBen
K59P,0.1465,LBen
K59Q,0.071,LBen
K59R,0.0709,LBen
K59S,0.1164,LBen
K59T,0.0768,LBen
K59V,0.1027,LBen
K59W,0.2852,LBen
K59Y,0.1644,LBen
P60A,0.0564,LBen
P60C,0.1369,LBen
P60D,0.1349,LBen
P60E,0.1063,LBen
P60F,0.1641,LBen
P60G,0.1142,LBen
P60H,0.0859,LBen
P60I,0.1074,LBen
P60K,0.0944,LBen
P60L,0.0754,LBen
P60M,0.1313,LBen
P60N,0.106,LBen
P60Q,0.0838,LBen
P60R,0.0874,LBen
P60S,0.0719,LBen
P60T,0.061,LBen
P60V,0.089,LBen
P60W,0.2311,LBen
P60Y,0.135,LBen
M61A,0.1014,LBen
M61C,0.2952,LBen
M61D,0.2248,LBen
M61E,0.117,LBen
M61F,0.1519,LBen
M61G,0.1479,LBen
M61H,0.175,LBen
M61I,0.0985,LBen
M61K,0.0669,LBen
M61L,0.0766,LBen
M61N,0.1371,LBen
M61P,0.1733,LBen
M61Q,0.0925,LBen
M61R,0.0683,LBen
M61S,0.1114,LBen
M61T,0.0737,LBen
M61V,0.0517,LBen
M61W,0.2688,LBen
M61Y,0.2473,LBen
N62A,0.0867,LBen
N62C,0.1264,LBen
N62D,0.0702,LBen
N62E,0.1148,LBen
N62F,0.2093,LBen
N62G,0.1228,LBen
N62H,0.0747,LBen
N62I,0.0892,LBen
N62K,0.09,LBen
N62L,0.1016,LBen
N62M,0.1413,LBen
N62P,0.1491,LBen
N62Q,0.1301,LBen
N62R,0.1079,LBen
N62S,0.0709,LBen
N62T,0.0706,LBen
N62V,0.0874,LBen
N62W,0.3773,Amb
N62Y,0.0875,LBen
V63A,0.0628,LBen
V63C,0.2602,LBen
V63D,0.0912,LBen
V63E,0.0885,LBen
V63F,0.0796,LBen
V63G,0.0709,LBen
V63H,0.1612,LBen
V63I,0.0689,LBen
V63K,0.0868,LBen
V63L,0.0852,LBen
V63M,0.0747,LBen
V63N,0.0885,LBen
V63P,0.1268,LBen
V63Q,0.1145,LBen
V63R,0.0855,LBen
V63S,0.0732,LBen
V63T,0.068,LBen
V63W,0.288,LBen
V63Y,0.1837,LBen
G64A,0.0751,LBen
G64C,0.0899,LBen
G64D,0.0757,LBen
G64E,0.0852,LBen
G64F,0.1565,LBen
G64H,0.1229,LBen
G64I,0.0893,LBen
G64K,0.1198,LBen
G64L,0.1196,LBen
G64M,0.1663,LBen
G64N,0.1062,LBen
G64P,0.1907,LBen
G64Q,0.1172,LBen
G64R,0.1036,LBen
G64S,0.0721,LBen
G64T,0.0776,LBen
G64V,0.0739,LBen
G64W,0.161,LBen
G64Y,0.1262,LBen
L65A,0.0871,LBen
L65C,0.1483,LBen
L65D,0.1525,LBen
L65E,0.1149,LBen
L65F,0.0597,LBen
L65G,0.1328,LBen
L65H,0.0829,LBen
L65I,0.0609,LBen
L65K,0.0897,LBen
L65M,0.0751,LBen
L65N,0.103,LBen
L65P,0.0809,LBen
L65Q,0.0753,LBen
L65R,0.0778,LBen
L65S,0.0758,LBen
L65T,0.086,LBen
L65V,0.0624,LBen
L65W,0.0932,LBen
L65Y,0.1137,LBen
S66A,0.0654,LBen
S66C,0.0836,LBen
S66D,0.1523,LBen
S66E,0.1646,LBen
S66F,0.1078,LBen
S66G,0.0783,LBen
S66H,0.1607,LBen
S66I,0.1026,LBen
S66K,0.2106,LBen
S66L,0.0658,LBen
S66M,0.1351,LBen
S66N,0.1002,LBen
S66P,0.0699,LBen
S66Q,0.2062,LBen
S66R,0.1953,LBen
S66T,0.0657,LBen
S66V,0.1027,LBen
S66W,0.154,LBen
S66Y,0.1075,LBen
E67A,0.091,LBen
E67C,0.4073,Amb
E67D,0.0789,LBen
E67F,0.357,Amb
E67G,0.0682,LBen
E67H,0.1779,LBen
E67I,0.1597,LBen
E67K,0.0726,LBen
E67L,0.1665,LBen
E67M,0.2117,LBen
E67N,0.1164,LBen
E67P,0.1931,LBen
E67Q,0.0873,LBen
E67R,0.1166,LBen
E67S,0.1017,LBen
E67T,0.107,LBen
E67V,0.11,LBen
E67W,0.4922,Amb
E67Y,0.249,LBen
T68A,0.0652,LBen
T68C,0.1922,LBen
T68D,0.1188,LBen
T68E,0.1091,LBen
T68F,0.1235,LBen
T68G,0.1075,LBen
T68H,0.1275,LBen
T68I,0.079,LBen
T68K,0.0864,LBen
T68L,0.0729,LBen
T68M,0.0762,LBen
T68N,0.0711,LBen
T68P,0.0747,LBen
T68Q,0.1167,LBen
T68R,0.0904,LBen
T68S,0.0753,LBen
T68V,0.0751,LBen
T68W,0.2946,LBen
T68Y,0.1333,LBen
Q69A,0.0987,LBen
Q69C,0.2515,LBen
Q69D,0.1261,LBen
Q69E,0.0596,LBen
Q69F,0.3258,LBen
Q69G,0.0998,LBen
Q69H,0.1078,LBen
Q69I,0.1557,LBen
Q69K,0.0673,LBen
Q69L,0.0886,LBen
Q69M,0.1845,LBen
Q69N,0.1273,LBen
Q69P,0.0695,LBen
Q69R,0.0756,LBen
Q69S,0.1011,LBen
Q69T,0.0922,LBen
Q69V,0.1169,LBen
Q69W,0.2126,LBen
Q69Y,0.2053,LBen
N70A,0.1014,LBen
N70C,0.1191,LBen
N70D,0.0707,LBen
N70E,0.1188,LBen
N70F,0.2264,LBen
N70G,0.1245,LBen
N70H,0.0807,LBen
N70I,0.0932,LBen
N70K,0.1005,LBen
N70L,0.1162,LBen
N70M,0.161,LBen
N70P,0.1947,LBen
N70Q,0.1454,LBen
N70R,0.125,LBen
N70S,0.0733,LBen
N70T,0.0755,LBen
N70V,0.0971,LBen
N70W,0.4013,Amb
N70Y,0.0927,LBen
G71A,0.08,LBen
G71C,0.0987,LBen
G71D,0.0784,LBen
G71E,0.0801,LBen
G71F,0.2096,LBen
G71H,0.1405,LBen
G71I,0.1019,LBen
G71K,0.1097,LBen
G71L,0.1441,LBen
G71M,0.1777,LBen
G71N,0.1157,LBen
G71P,0.2826,LBen
G71Q,0.1156,LBen
G71R,0.0936,LBen
G71S,0.0775,LBen
G71T,0.0793,LBen
G71V,0.0821,LBen
G71W,0.1632,LBen
G71Y,0.1526,LBen
G72A,0.0695,LBen
G72C,0.0794,LBen
G72D,0.0564,LBen
G72E,0.0676,LBen
G72F,0.1435,LBen
G72H,0.0983,LBen
G72I,0.0786,LBen
G72K,0.0956,LBen
G72L,0.1074,LBen
G72M,0.142,LBen
G72N,0.0721,LBen
G72P,0.1926,LBen
G72Q,0.0969,LBen
G72R,0.0911,LBen
G72S,0.0636,LBen
G72T,0.0726,LBen
G72V,0.0669,LBen
G72W,0.1726,LBen
G72Y,0.1008,LBen
M73A,0.101,LBen
M73C,0.2498,LBen
M73D,0.1524,LBen
M73E,0.1063,LBen
M73F,0.1012,LBen
M73G,0.1475,LBen
M73H,0.143,LBen
M73I,0.0768,LBen
M73K,0.0723,LBen
M73L,0.0716,LBen
M73N,0.0938,LBen
M73P,0.1564,LBen
M73Q,0.102,LBen
M73R,0.0798,LBen
M73S,0.0946,LBen
M73T,0.0738,LBen
M73V,0.0561,LBen
M73W,0.2438,LBen
M73Y,0.181,LBen
S74A,0.0646,LBen
S74C,0.0749,LBen
S74D,0.1211,LBen
S74E,0.1391,LBen
S74F,0.0936,LBen
S74G,0.0741,LBen
S74H,0.123,LBen
S74I,0.0825,LBen
S74K,0.1739,LBen
S74L,0.0632,LBen
S74M,0.1202,LBen
S74N,0.0789,LBen
S74P,0.0619,LBen
S74Q,0.1611,LBen
S74R,0.1604,LBen
S74T,0.0634,LBen
S74V,0.0872,LBen
S74W,0.1566,LBen
S74Y,0.0932,LBen
Q75A,0.0777,LBen
Q75C,0.1982,LBen
Q75D,0.0995,LBen
Q75E,0.0503,LBen
Q75F,0.262,LBen
Q75G,0.082,LBen
Q75H,0.089,LBen
Q75I,0.1358,LBen
Q75K,0.055,LBen
Q75L,0.0714,LBen
Q75M,0.1472,LBen
Q75N,0.1011,LBen
Q75P,0.0596,LBen
Q75R,0.0656,LBen
Q75S,0.0796,LBen
Q75T,0.0722,LBen
Q75V,0.0916,LBen
Q75W,0.1804,LBen
Q75Y,0.168,LBen
E76A,0.0856,LBen
E76C,0.3701,Amb
E76D,0.0733,LBen
E76F,0.3285,LBen
E76G,0.0741,LBen
E76H,0.1683,LBen
E76I,0.1441,LBen
E76K,0.0778,LBen
E76L,0.153,LBen
E76M,0.1937,LBen
E76N,0.102,LBen
E76P,0.1876,LBen
E76Q,0.0905,LBen
E76R,0.1263,LBen
E76S,0.1019,LBen
E76T,0.1017,LBen
E76V,0.0967,LBen
E76W,0.5063,Amb
E76Y,0.2288,LBen
A77C,0.1988,LBen
A77D,0.0929,LBen
A77E,0.0929,LBen
A77F,0.1448,LBen
A77G,0.088,LBen
A77H,0.1689,LBen
A77I,0.092,LBen
A77K,0.1176,LBen
A77L,0.0863,LBen
A77M,0.094,LBen
A77N,0.0946,LBen
A77P,0.0824,LBen
A77Q,0.1413,LBen
A77R,0.1297,LBen
A77S,0.0738,LBen
A77T,0.0584,LBen
A77V,0.0705,LBen
A77W,0.3198,LBen
A77Y,0.1682,LBen
V78A,0.0585,LBen
V78C,0.267,LBen
V78D,0.0891,LBen
V78E,0.0829,LBen
V78F,0.0839,LBen
V78G,0.0686,LBen
V78H,0.1578,LBen
V78I,0.0648,LBen
V78K,0.0826,LBen
V78L,0.0775,LBen
V78M,0.0734,LBen
V78N,0.0825,LBen
V78P,0.1061,LBen
V78Q,0.1077,LBen
V78R,0.0894,LBen
V78S,0.0684,LBen
V78T,0.0631,LBen
V78W,0.3101,LBen
V78Y,0.1955,LBen
G79A,0.0794,LBen
G79C,0.1344,LBen
G79D,0.0774,LBen
G79E,0.0606,LBen
G79F,0.2653,LBen
G79H,0.1368,LBen
G79I,0.1228,LBen
G79K,0.0838,LBen
G79L,0.1502,LBen
G79M,0.1826,LBen
G79N,0.107,LBen
G79P,0.2066,LBen
G79Q,0.0901,LBen
G79R,0.0922,LBen
G79S,0.0816,LBen
G79T,0.0813,LBen
G79V,0.0905,LBen
G79W,0.1929,LBen
G79Y,0.1663,LBen
N80A,0.0958,LBen
N80C,0.1178,LBen
N80D,0.0614,LBen
N80E,0.0998,LBen
N80F,0.2173,LBen
N80G,0.116,LBen
N80H,0.0759,LBen
N80I,0.0952,LBen
N80K,0.0846,LBen
N80L,0.119,LBen
N80M,0.1565,LBen
N80P,0.1723,LBen
N80Q,0.123,LBen
N80R,0.1077,LBen
N80S,0.0712,LBen
N80T,0.0746,LBen
N80V,0.0951,LBen
N80W,0.3887,Amb
N80Y,0.0907,LBen
I81A,0.0935,LBen
I81C,0.2016,LBen
I81D,0.1321,LBen
I81E,0.1099,LBen
I81F,0.0786,LBen
I81G,0.1358,LBen
I81H,0.13,LBen
I81K,0.0824,LBen
I81L,0.0673,LBen
I81M,0.0639,LBen
I81N,0.0698,LBen
I81P,0.1483,LBen
I81Q,0.1005,LBen
I81R,0.0732,LBen
I81S,0.0822,LBen
I81T,0.0765,LBen
I81V,0.0566,LBen
I81W,0.2804,LBen
I81Y,0.1606,LBen
K82A,0.0978,LBen
K82C,0.2805,LBen
K82D,0.1329,LBen
K82E,0.0673,LBen
K82F,0.3312,LBen
K82G,0.128,LBen
K82H,0.1335,LBen
K82I,0.1245,LBen
K82L,0.1237,LBen
K82M,0.1045,LBen
K82N,0.1117,LBen
K82P,0.1457,LBen
K82Q,0.0791,LBen
K82R,0.0733,LBen
K82S,0.1091,LBen
K82T,0.0646,LBen
K82V,0.1124,LBen
K82W,0.3931,Amb
K82Y,0.254,LBen
V83A,0.084,LBen
V83C,0.3077,LBen
V83D,0.0965,LBen
V83E,0.0943,LBen
V83F,0.0919,LBen
V83G,0.0825,LBen
V83H,0.1822,LBen
V83I,0.0684,LBen
V83K,0.0937,LBen
V83L,0.0934,LBen
V83M,0.079,LBen
V83N,0.0833,LBen
V83P,0.133,LBen
V83Q,0.1178,LBen
V83R,0.1051,LBen
V83S,0.0881,LBen
V83T,0.087,LBen
V83W,0.3756,Amb
V83Y,0.1924,LBen
T84A,0.0681,LBen
T84C,0.199,LBen
T84D,0.1251,LBen
T84E,0.0758,LBen
T84F,0.1629,LBen
T84G,0.1044,LBen
T84H,0.1049,LBen
T84I,0.0823,LBen
T84K,0.0532,LBen
T84L,0.0714,LBen
T84M,0.0721,LBen
T84N,0.0733,LBen
T84P,0.0729,LBen
T84Q,0.0699,LBen
T84R,0.06,LBen
T84S,0.0743,LBen
T84V,0.0814,LBen
T84W,0.2483,LBen
T84Y,0.1459,LBen
K85A,0.0822,LBen
K85C,0.2542,LBen
K85D,0.1287,LBen
K85E,0.0706,LBen
K85F,0.2926,LBen
K85G,0.1087,LBen
K85H,0.134,LBen
K85I,0.1153,LBen
K85L,0.1231,LBen
K85M,0.1088,LBen
K85N,0.1005,LBen
K85P,0.1421,LBen
K85Q,0.0774,LBen
K85R,0.0702,LBen
K85S,0.0943,LBen
K85T,0.0658,LBen
K85V,0.0998,LBen
K85W,0.3889,Amb
K85Y,0.2267,LBen
S86A,0.0612,LBen
S86C,0.0765,LBen
S86D,0.1236,LBen
S86E,0.1301,LBen
S86F,0.0841,LBen
S86G,0.0821,LBen
S86H,0.1123,LBen
S86I,0.0618,LBen
S86K,0.1331,LBen
S86L,0.0592,LBen
S86M,0.0941,LBen
S86N,0.0739,LBen
S86P,0.0665,LBen
S86Q,0.146,LBen
S86R,0.1514,LBen
S86T,0.058,LBen
S86V,0.0683,LBen
S86W,0.1702,LBen
S86Y,0.075,LBen
P87A,0.0595,LBen
P87C,0.1412,LBen
P87D,0.1314,LBen
P87E,0.0941,LBen
P87F,0.1483,LBen
P87G,0.1215,LBen
P87H,0.0781,LBen
P87I,0.0918,LBen
P87K,0.0864,LBen
P87L,0.0672,LBen
P87M,0.1261,LBen
P87N,0.1038,LBen
P87Q,0.0761,LBen
P87R,0.0805,LBen
P87S,0.0651,LBen
P87T,0.0589,LBen
P87V,0.0769,LBen
P87W,0.2217,LBen
P87Y,0.1371,LBen
Q88A,0.0809,LBen
Q88C,0.1959,LBen
Q88D,0.1213,LBen
Q88E,0.0569,LBen
Q88F,0.2597,LBen
Q88G,0.0877,LBen
Q88H,0.0942,LBen
Q88I,0.1292,LBen
Q88K,0.0546,LBen
Q88L,0.0744,LBen
Q88M,0.1525,LBen
Q88N,0.1095,LBen
Q88P,0.064,LBen
Q88R,0.0659,LBen
Q88S,0.0826,LBen
Q88T,0.081,LBen
Q88V,0.0918,LBen
Q88W,0.1829,LBen
Q88Y,0.1705,LBen
K89A,0.1014,LBen
K89C,0.264,LBen
K89D,0.1374,LBen
K89E,0.0737,LBen
K89F,0.2589,LBen
K89G,0.126,LBen
K89H,0.1326,LBen
K89I,0.1008,LBen
K89L,0.1087,LBen
K89M,0.0977,LBen
K89N,0.0977,LBen
K89P,0.1417,LBen
K89Q,0.0799,LBen
K89R,0.0746,LBen
K89S,0.1069,LBen
K89T,0.0691,LBen
K89V,0.1027,LBen
K89W,0.3877,Amb
K89Y,0.2015,LBen
S90A,0.0596,LBen
S90C,0.0824,LBen
S90D,0.1177,LBen
S90E,0.1325,LBen
S90F,0.1077,LBen
S90G,0.0772,LBen
S90H,0.1269,LBen
S90I,0.086,LBen
S90K,0.1555,LBen
S90L,0.0757,LBen
S90M,0.1115,LBen
S90N,0.0732,LBen
S90P,0.067,LBen
S90Q,0.1606,LBen
S90R,0.1691,LBen
S90T,0.0575,LBen
S90V,0.0837,LBen
S90W,0.1829,LBen
S90Y,0.091,LBen
T91A,0.056,LBen
T91C,0.1657,LBen
T91D,0.1161,LBen
T91E,0.1077,LBen
T91F,0.1179,LBen
T91G,0.104,LBen
T91H,0.1152,LBen
T91I,0.0769,LBen
T91K,0.089,LBen
T91L,0.0697,LBen
T91M,0.0781,LBen
T91N,0.0768,LBen
T91P,0.0698,LBen
T91Q,0.1188,LBen
T91R,0.0907,LBen
T91S,0.0714,LBen
T91V,0.0676,LBen
T91W,0.275,LBen
T91Y,0.1266,LBen
V92A,0.0711,LBen
V92C,0.2274,LBen
V92D,0.0928,LBen
V92E,0.0961,LBen
V92F,0.0715,LBen
V92G,0.0863,LBen
V92H,0.1355,LBen
V92I,0.0601,LBen
V92K,0.0903,LBen
V92L,0.069,LBen
V92M,0.0744,LBen
V92N,0.0692,LBen
V92P,0.1067,LBen
V92Q,0.1047,LBen
V92R,0.0935,LBen
V92S,0.0681,LBen
V92T,0.0714,LBen
V92W,0.3323,LBen
V92Y,0.1581,LBen
L93A,0.0688,LBen
L93C,0.1436,LBen
L93D,0.1516,LBen
L93E,0.106,LBen
L93F,0.0618,LBen
L93G,0.1355,LBen
L93H,0.0825,LBen
L93I,0.0595,LBen
L93K,0.0836,LBen
L93M,0.0707,LBen
L93N,0.0984,LBen
L93P,0.072,LBen
L93Q,0.0707,LBen
L93R,0.0795,LBen
L93S,0.0696,LBen
L93T,0.0674,LBen
L93V,0.0575,LBen
L93W,0.1034,LBen
L93Y,0.1198,LBen
T94A,0.0603,LBen
T94C,0.1511,LBen
T94D,0.1189,LBen
T94E,0.1012,LBen
T94F,0.1199,LBen
T94G,0.0971,LBen
T94H,0.1071,LBen
T94I,0.0805,LBen
T94K,0.0846,LBen
T94L,0.0668,LBen
T94M,0.0773,LBen
T94N,0.0689,LBen
T94P,0.0669,LBen
T94Q,0.1009,LBen
T94R,0.0894,LBen
T94S,0.0691,LBen
T94V,0.0772,LBen
T94W,0.251,LBen
T94Y,0.1244,LBen
N95A,0.0668,LBen
N95C,0.0926,LBen
N95D,0.0573,LBen
N95E,0.0953,LBen
N95F,0.1715,LBen
N95G,0.0891,LBen
N95H,0.0684,LBen
N95I,0.0827,LBen
N95K,0.0865,LBen
N95L,0.0932,LBen
N95M,0.1391,LBen
N95P,0.113,LBen
N95Q,0.1156,LBen
N95R,0.1006,LBen
N95S,0.0564,LBen
N95T,0.0596,LBen
N95V,0.0749,LBen
N95W,0.331,LBen
N95Y,0.0812,LBen
G96A,0.075,LBen
G96C,0.1116,LBen
G96D,0.0771,LBen
G96E,0.0702,LBen
G96F,0.2222,LBen
G96H,0.1353,LBen
G96I,0.1002,LBen
G96K,0.0946,LBen
G96L,0.1398,LBen
G96M,0.1632,LBen
G96N,0.1093,LBen
G96P,0.2268,LBen
G96Q,0.101,LBen
G96R,0.0921,LBen
G96S,0.0754,LBen
G96T,0.0673,LBen
G96V,0.0793,LBen
G96W,0.1733,LBen
G96Y,0.1515,LBen
E97A,0.089,LBen
E97C,0.4026,Amb
E97D,0.0724,LBen
E97F,0.3144,LBen
E97G,0.0728,LBen
E97H,0.1883,LBen
E97I,0.132,LBen
E97K,0.0751,LBen
E97L,0.1527,LBen
E97M,0.1933,LBen
E97N,0.0992,LBen
E97P,0.2059,LBen
E97Q,0.0945,LBen
E97R,0.134,LBen
E97S,0.0969,LBen
E97T,0.0991,LBen
E97V,0.0983,LBen
E97W,0.5385,Amb
E97Y,0.2406,LBen
A98C,0.2022,LBen
A98D,0.09,LBen
A98E,0.0893,LBen
A98F,0.14,LBen
A98G,0.0829,LBen
A98H,0.1705,LBen
A98I,0.0862,LBen
A98K,0.113,LBen
A98L,0.0811,LBen
A98M,0.0896,LBen
A98N,0.0895,LBen
A98P,0.0854,LBen
A98Q,0.1341,LBen
A98R,0.1369,LBen
A98S,0.0739,LBen
A98T,0.059,LBen
A98V,0.0694,LBen
A98W,0.3358,LBen
A98Y,0.1588,LBen
A99C,0.1966,LBen
A99D,0.0997,LBen
A99E,0.0968,LBen
A99F,0.1356,LBen
A99G,0.0863,LBen
A99H,0.1737,LBen
A99I,0.0847,LBen
A99K,0.1222,LBen
A99L,0.0798,LBen
A99M,0.0988,LBen
A99N,0.0935,LBen
A99P,0.0824,LBen
A99Q,0.1322,LBen
A99R,0.1386,LBen
A99S,0.0729,LBen
A99T,0.0607,LBen
A99V,0.0691,LBen
A99W,0.3424,Amb
A99Y,0.1746,LBen
M100A,0.0649,LBen
M100C,0.2324,LBen
M100D,0.1404,LBen
M100E,0.0918,LBen
M100F,0.1035,LBen
M100G,0.1094,LBen
M100H,0.1241,LBen
M100I,0.0728,LBen
M100K,0.0575,LBen
M100L,0.0691,LBen
M100N,0.084,LBen
M100P,0.0967,LBen
M100Q,0.0791,LBen
M100R,0.0655,LBen
M100S,0.0724,LBen
M100T,0.0515,LBen
M100V,0.0527,LBen
M100W,0.2174,LBen
M100Y,0.171,LBen
Q101A,0.0747,LBen
Q101C,0.1886,LBen
Q101D,0.1003,LBen
Q101E,0.0577,LBen
Q101F,0.1983,LBen
Q101G,0.0913,LBen
Q101H,0.0847,LBen
Q101I,0.1024,LBen
Q101K,0.065,LBen
Q101L,0.0612,LBen
Q101M,0.1407,LBen
Q101N,0.0932,LBen
Q101P,0.0501,LBen
Q101R,0.0757,LBen
Q101S,0.0753,LBen
Q101T,0.0696,LBen
Q101V,0.0797,LBen
Q101W,0.1887,LBen
Q101Y,0.1335,LBen
S102A,0.0604,LBen
S102C,0.0678,LBen
S102D,0.1045,LBen
S102E,0.1219,LBen
S102F,0.0762,LBen
S102G,0.0738,LBen
S102H,0.1024,LBen
S102I,0.0639,LBen
S102K,0.1385,LBen
S102L,0.0601,LBen
S102M,0.099,LBen
S102N,0.0696,LBen
S102P,0.0585,LBen
S102Q,0.1292,LBen
S102R,0.1448,LBen
S102T,0.0586,LBen
S102V,0.0697,LBen
S102W,0.1453,LBen
S102Y,0.0764,LBen
S103A,0.056,LBen
S103C,0.0735,LBen
S103D,0.1095,LBen
S103E,0.102,LBen
S103F,0.0872,LBen
S103G,0.0761,LBen
S103H,0.0874,LBen
S103I,0.0665,LBen
S103K,0.1116,LBen
S103L,0.0584,LBen
S103M,0.0956,LBen
S103N,0.0764,LBen
S103P,0.0499,LBen
S103Q,0.0945,LBen
S103R,0.1102,LBen
S103T,0.056,LBen
S103V,0.0682,LBen
S103W,0.1343,LBen
S103Y,0.0906,LBen
N104A,0.0665,LBen
N104C,0.0856,LBen
N104D,0.0562,LBen
N104E,0.0941,LBen
N104F,0.1338,LBen
N104G,0.0887,LBen
N104H,0.0656,LBen
N104I,0.0621,LBen
N104K,0.0793,LBen
N104L,0.0762,LBen
N104M,0.1313,LBen
N104P,0.0977,LBen
N104Q,0.1055,LBen
N104R,0.0962,LBen
N104S,0.0572,LBen
N104T,0.0586,LBen
N104V,0.0597,LBen
N104W,0.3081,LBen
N104Y,0.074,LBen
S105A,0.0563,LBen
S105C,0.0709,LBen
S105D,0.1129,LBen
S105E,0.1324,LBen
S105F,0.08,LBen
S105G,0.0743,LBen
S105H,0.1191,LBen
S105I,0.0636,LBen
S105K,0.1596,LBen
S105L,0.0559,LBen
S105M,0.0956,LBen
S105N,0.0782,LBen
S105P,0.0634,LBen
S105Q,0.1516,LBen
S105R,0.1629,LBen
S105T,0.0548,LBen
S105V,0.0673,LBen
S105W,0.1432,LBen
S105Y,0.0828,LBen
E106A,0.0784,LBen
E106C,0.3247,LBen
E106D,0.0634,LBen
E106F,0.2599,LBen
E106G,0.0755,LBen
E106H,0.1597,LBen
E106I,0.103,LBen
E106K,0.0857,LBen
E106L,0.1253,LBen
E106M,0.1892,LBen
E106N,0.094,LBen
E106P,0.1473,LBen
E106Q,0.0925,LBen
E106R,0.1376,LBen
E106S,0.0851,LBen
E106T,0.0828,LBen
E106V,0.0817,LBen
E106W,0.4759,Amb
E106Y,0.1968,LBen
S107A,0.0583,LBen
S107C,0.0702,LBen
S107D,0.1162,LBen
S107E,0.1232,LBen
S107F,0.0877,LBen
S107G,0.0721,LBen
S107H,0.1175,LBen
S107I,0.0638,LBen
S107K,0.1401,LBen
S107L,0.0586,LBen
S107M,0.0923,LBen
S107N,0.0658,LBen
S107P,0.0626,LBen
S107Q,0.1324,LBen
S107R,0.1585,LBen
S107T,0.0556,LBen
S107V,0.0679,LBen
S107W,0.1402,LBen
S107Y,0.0803,LBen
K108A,0.1447,LBen
K108C,0.3701,Amb
K108D,0.2895,LBen
K108E,0.0983,LBen
K108F,0.4209,Amb
K108G,0.1657,LBen
K108H,0.2251,LBen
K108I,0.1448,LBen
K108L,0.1596,LBen
K108M,0.1625,LBen
K108N,0.2328,LBen
K108P,0.2339,LBen
K108Q,0.0937,LBen
K108R,0.0722,LBen
K108S,0.1843,LBen
K108T,0.1076,LBen
K108V,0.1358,LBen
K108W,0.4437,Amb
K108Y,0.3549,Amb
K109A,0.1654,LBen
K109C,0.3903,Amb
K109D,0.3383,LBen
K109E,0.1139,LBen
K109F,0.4508,Amb
K109G,0.1825,LBen
K109H,0.2244,LBen
K109I,0.1483,LBen
K109L,0.1624,LBen
K109M,0.154,LBen
K109N,0.2188,LBen
K109P,0.2332,LBen
K109Q,0.0905,LBen
K109R,0.0746,LBen
K109S,0.2075,LBen
K109T,0.1126,LBen
K109V,0.1458,LBen
K109W,0.4451,Amb
K109Y,0.3403,Amb
K110A,0.1931,LBen
K110C,0.4313,Amb
K110D,0.4104,Amb
K110E,0.1406,LBen
K110F,0.4898,Amb
K110G,0.22,LBen
K110H,0.2447,LBen
K110I,0.1576,LBen
K110L,0.1825,LBen
K110M,0.1672,LBen
K110N,0.2696,LBen
K110P,0.2909,LBen
K110Q,0.1033,LBen
K110R,0.0736,LBen
K110S,0.2514,LBen
K110T,0.1322,LBen
K110V,0.1591,LBen
K110W,0.4608,Amb
K110Y,0.3607,Amb
K111A,0.2395,LBen
K111C,0.5097,Amb
K111D,0.5031,Amb
K111E,0.1894,LBen
K111F,0.5984,LPath
K111G,0.2601,LBen
K111H,0.2958,LBen
K111I,0.2023,LBen
K111L,0.232,LBen
K111M,0.2038,LBen
K111N,0.3547,Amb
K111P,0.3645,Amb
K111Q,0.1186,LBen
K111R,0.0769,LBen
K111S,0.3204,LBen
K111T,0.162,LBen
K111V,0.1897,LBen
K111W,0.5574,Amb
K111Y,0.4525,Amb
K112A,0.2702,LBen
K112C,0.5199,Amb
K112D,0.5776,LPath
K112E,0.2316,LBen
K112F,0.6107,LPath
K112G,0.2969,LBen
K112H,0.304,LBen
K112I,0.2144,LBen
K112L,0.2425,LBen
K112M,0.2132,LBen
K112N,0.3931,Amb
K112P,0.4233,Amb
K112Q,0.1225,LBen
K112R,0.0767,LBen
K112S,0.3611,Amb
K112T,0.1887,LBen
K112V,0.2039,LBen
K112W,0.5678,LPath
K112Y,0.4644,Amb
K113A,0.2575,LBen
K113C,0.5133,Amb
K113D,0.5375,Amb
K113E,0.2071,LBen
K113F,0.6247,LPath
K113G,0.2736,LBen
K113H,0.3004,LBen
K113I,0.2153,LBen
K113L,0.2415,LBen
K113M,0.2093,LBen
K113N,0.3619,Amb
K113P,0.4088,Amb
K113Q,0.1177,LBen
K113R,0.0761,LBen
K113S,0.3394,LBen
K113T,0.1764,LBen
K113V,0.2004,LBen
K113W,0.5747,LPath
K113Y,0.4679,Amb
K114A,0.2667,LBen
K114C,0.5345,Amb
K114D,0.5365,Amb
K114E,0.2239,LBen
K114F,0.6134,LPath
K114G,0.3069,LBen
K114H,0.3048,LBen
K114I,0.2157,LBen
K114L,0.254,LBen
K114M,0.217,LBen
K114N,0.3599,Amb
K114P,0.3999,Amb
K114Q,0.128,LBen
K114R,0.0826,LBen
K114S,0.3367,LBen
K114T,0.1745,LBen
K114V,0.208,LBen
K114W,0.6135,LPath
K114Y,0.4775,Amb
R115A,0.319,LBen
R115C,0.2094,LBen
R115D,0.5058,Amb
R115E,0.2463,LBen
R115F,0.4496,Amb
R115G,0.1841,LBen
R115H,0.1534,LBen
R115I,0.1909,LBen
R115K,0.0783,LBen
R115L,0.2089,LBen
R115M,0.2295,LBen
R115N,0.4459,Amb
R115P,0.3589,Amb
R115Q,0.1068,LBen
R115S,0.4463,Amb
R115T,0.2557,LBen
R115V,0.2331,LBen
R115W,0.1853,LBen
R115Y,0.3307,LBen
K116A,0.2097,LBen
K116C,0.4985,Amb
K116D,0.4063,Amb
K116E,0.1624,LBen
K116F,0.5457,Amb
K116G,0.2633,LBen
K116H,0.2637,LBen
K116I,0.1933,LBen
K116L,0.2177,LBen
K116M,0.1863,LBen
K116N,0.2765,LBen
K116P,0.338,LBen
K116Q,0.1183,LBen
K116R,0.082,LBen
K116S,0.2726,LBen
K116T,0.1391,LBen
K116V,0.1819,LBen
K116W,0.5967,LPath
K116Y,0.455,Amb
M117A,0.0963,LBen
M117C,0.3104,LBen
M117D,0.2699,LBen
M117E,0.1831,LBen
M117F,0.1237,LBen
M117G,0.1799,LBen
M117H,0.1817,LBen
M117I,0.0809,LBen
M117K,0.0993,LBen
M117L,0.0737,LBen
M117N,0.1255,LBen
M117P,0.1482,LBen
M117Q,0.1295,LBen
M117R,0.1058,LBen
M117S,0.1187,LBen
M117T,0.0818,LBen
M117V,0.0611,LBen
M117W,0.2722,LBen
M117Y,0.2158,LBen
V118A,0.0712,LBen
V118C,0.2845,LBen
V118D,0.0978,LBen
V118E,0.0915,LBen
V118F,0.0936,LBen
V118G,0.0694,LBen
V118H,0.1797,LBen
V118I,0.0667,LBen
V118K,0.0954,LBen
V118L,0.0748,LBen
V118M,0.0764,LBen
V118N,0.0805,LBen
V118P,0.1149,LBen
V118Q,0.1026,LBen
V118R,0.1065,LBen
V118S,0.0771,LBen
V118T,0.0765,LBen
V118W,0.3096,LBen
V118Y,0.2004,LBen
N119A,0.0668,LBen
N119C,0.096,LBen
N119D,0.055,LBen
N119E,0.0949,LBen
N119F,0.179,LBen
N119G,0.0931,LBen
N119H,0.0729,LBen
N119I,0.0746,LBen
N119K,0.094,LBen
N119L,0.0887,LBen
N119M,0.1359,LBen
N119P,0.1172,LBen
N119Q,0.119,LBen
N119R,0.1157,LBen
N119S,0.0585,LBen
N119T,0.058,LBen
N119V,0.0697,LBen
N119W,0.3198,LBen
N119Y,0.0847,LBen
D120A,0.0661,LBen
D120C,0.1948,LBen
D120E,0.0757,LBen
D120F,0.1985,LBen
D120G,0.0741,LBen
D120H,0.1179,LBen
D120I,0.0944,LBen
D120K,0.1345,LBen
D120L,0.1272,LBen
D120M,0.2016,LBen
D120N,0.0698,LBen
D120P,0.2173,LBen
D120Q,0.1367,LBen
D120R,0.1575,LBen
D120S,0.0706,LBen
D120T,0.0751,LBen
D120V,0.0699,LBen
D120W,0.5328,Amb
D120Y,0.1076,LBen
A121C,0.2084,LBen
A121D,0.1012,LBen
A121E,0.1115,LBen
A121F,0.153,LBen
A121G,0.0854,LBen
A121H,0.1957,LBen
A121I,0.0892,LBen
A121K,0.1469,LBen
A121L,0.0876,LBen
A121M,0.1058,LBen
A121N,0.1032,LBen
A121P,0.1036,LBen
A121Q,0.1576,LBen
A121R,0.1714,LBen
A121S,0.0729,LBen
A121T,0.0589,LBen
A121V,0.0697,LBen
A121W,0.3666,Amb
A121Y,0.1965,LBen
E122A,0.0689,LBen
E122C,0.2753,LBen
E122D,0.0757,LBen
E122F,0.2642,LBen
E122G,0.0499,LBen
E122H,0.1995,LBen
E122I,0.0942,LBen
E122K,0.0972,LBen
E122L,0.1243,LBen
E122M,0.1723,LBen
E122N,0.1141,LBen
E122P,0.2093,LBen
E122Q,0.0944,LBen
E122R,0.1441,LBen
E122S,0.0839,LBen
E122T,0.0783,LBen
E122V,0.0752,LBen
E122W,0.4236,Amb
E122Y,0.2202,LBen
P123A,0.0561,LBen
P123C,0.1963,LBen
P123D,0.1285,LBen
P123E,0.0987,LBen
P123F,0.1619,LBen
P123G,0.1118,LBen
P123H,0.1011,LBen
P123I,0.0976,LBen
P123K,0.0987,LBen
P123L,0.0719,LBen
P123M,0.1201,LBen
P123N,0.0994,LBen
P123Q,0.0857,LBen
P123R,0.1046,LBen
P123S,0.0759,LBen
P123T,0.0562,LBen
P123V,0.0792,LBen
P123W,0.2874,LBen
P123Y,0.1703,LBen
D124A,0.0753,LBen
D124C,0.2623,LBen
D124E,0.068,LBen
D124F,0.2496,LBen
D124G,0.0829,LBen
D124H,0.1549,LBen
D124I,0.1073,LBen
D124K,0.1441,LBen
D124L,0.1428,LBen
D124M,0.2374,LBen
D124N,0.0725,LBen
D124P,0.2539,LBen
D124Q,0.137,LBen
D124R,0.1896,LBen
D124S,0.0793,LBen
D124T,0.0928,LBen
D124V,0.0736,LBen
D124W,0.6608,LPath
D124Y,0.1367,LBen
T125A,0.0622,LBen
T125C,0.1929,LBen
T125D,0.1427,LBen
T125E,0.1188,LBen
T125F,0.1407,LBen
T125G,0.0971,LBen
T125H,0.142,LBen
T125I,0.0845,LBen
T125K,0.1022,LBen
T125L,0.0792,LBen
T125M,0.0854,LBen
T125N,0.0776,LBen
T125P,0.082,LBen
T125Q,0.1211,LBen
T125R,0.1076,LBen
T125S,0.0743,LBen
T125V,0.0778,LBen
T125W,0.3221,LBen
T125Y,0.1518,LBen
K126A,0.2429,LBen
K126C,0.6237,LPath
K126D,0.4335,Amb
K126E,0.1444,LBen
K126F,0.7053,LPath
K126G,0.2591,LBen
K126H,0.3535,Amb
K126I,0.2907,LBen
K126L,0.2934,LBen
K126M,0.2649,LBen
K126N,0.4087,Amb
K126P,0.4297,Amb
K126Q,0.1344,LBen
K126R,0.0824,LBen
K126S,0.3228,LBen
K126T,0.1885,LBen
K126V,0.2349,LBen
K126W,0.7003,LPath
K126Y,0.6033,LPath
K127A,0.1926,LBen
K127C,0.5983,LPath
K127D,0.3608,Amb
K127E,0.132,LBen
K127F,0.5414,Amb
K127G,0.2664,LBen
K127H,0.2777,LBen
K127I,0.1841,LBen
K127L,0.2166,LBen
K127M,0.1621,LBen
K127N,0.2766,LBen
K127P,0.3476,Amb
K127Q,0.1276,LBen
K127R,0.0876,LBen
K127S,0.2775,LBen
K127T,0.1169,LBen
K127V,0.1768,LBen
K127W,0.6316,LPath
K127Y,0.4699,Amb
A128C,0.2932,LBen
A128D,0.1261,LBen
A128E,0.1033,LBen
A128F,0.1964,LBen
A128G,0.0906,LBen
A128H,0.2272,LBen
A128I,0.1067,LBen
A128K,0.1547,LBen
A128L,0.0939,LBen
A128M,0.119,LBen
A128N,0.1125,LBen
A128P,0.0904,LBen
A128Q,0.1383,LBen
A128R,0.1812,LBen
A128S,0.0783,LBen
A128T,0.0655,LBen
A128V,0.0747,LBen
A128W,0.413,Amb
A128Y,0.2193,LBen
K129A,0.1536,LBen
K129C,0.5404,Amb
K129D,0.2806,LBen
K129E,0.1064,LBen
K129F,0.5266,Amb
K129G,0.2071,LBen
K129H,0.2739,LBen
K129I,0.1763,LBen
K129L,0.2041,LBen
K129M,0.1778,LBen
K129N,0.2518,LBen
K129P,0.3253,LBen
K129Q,0.1172,LBen
K129R,0.0836,LBen
K129S,0.2173,LBen
K129T,0.1144,LBen
K129V,0.1501,LBen
K129W,0.6244,LPath
K129Y,0.4805,Amb
T130A,0.0638,LBen
T130C,0.2233,LBen
T130D,0.1321,LBen
T130E,0.1016,LBen
T130F,0.1279,LBen
T130G,0.1104,LBen
T130H,0.1446,LBen
T130I,0.08,LBen
T130K,0.0924,LBen
T130L,0.0711,LBen
T130M,0.0748,LBen
T130N,0.0755,LBen
T130P,0.0761,LBen
T130Q,0.1158,LBen
T130R,0.0993,LBen
T130S,0.0793,LBen
T130V,0.0762,LBen
T130W,0.2861,LBen
T130Y,0.1485,LBen
E131A,0.0924,LBen
E131C,0.495,Amb
E131D,0.0753,LBen
E131F,0.3897,Amb
E131G,0.0746,LBen
E131H,0.2325,LBen
E131I,0.1422,LBen
E131K,0.0894,LBen
E131L,0.1697,LBen
E131M,0.2433,LBen
E131N,0.1185,LBen
E131P,0.2375,LBen
E131Q,0.1011,LBen
E131R,0.1496,LBen
E131S,0.1052,LBen
E131T,0.1028,LBen
E131V,0.1021,LBen
E131W,0.5735,LPath
E131Y,0.2931,LBen
N132A,0.079,LBen
N132C,0.1342,LBen
N132D,0.0575,LBen
N132E,0.073,LBen
N132F,0.1922,LBen
N132G,0.1013,LBen
N132H,0.0863,LBen
N132I,0.0764,LBen
N132K,0.0839,LBen
N132L,0.0994,LBen
N132M,0.1369,LBen
N132P,0.1576,LBen
N132Q,0.1054,LBen
N132R,0.1163,LBen
N132S,0.0697,LBen
N132T,0.0649,LBen
N132V,0.0702,LBen
N132W,0.3665,Amb
N132Y,0.0878,LBen
K133A,0.0817,LBen
K133C,0.2517,LBen
K133D,0.1099,LBen
K133E,0.0611,LBen
K133F,0.2643,LBen
K133G,0.1056,LBen
K133H,0.1352,LBen
K133I,0.096,LBen
K133L,0.1041,LBen
K133M,0.1008,LBen
K133N,0.0998,LBen
K133P,0.161,LBen
K133Q,0.0799,LBen
K133R,0.0748,LBen
K133S,0.0919,LBen
K133T,0.0599,LBen
K133V,0.0911,LBen
K133W,0.35,Amb
K133Y,0.2322,LBen
G134A,0.0725,LBen
G134C,0.1195,LBen
G134D,0.0658,LBen
G134E,0.0551,LBen
G134F,0.1858,LBen
G134H,0.1327,LBen
G134I,0.0814,LBen
G134K,0.0921,LBen
G134L,0.1095,LBen
G134M,0.1319,LBen
G134N,0.0863,LBen
G134P,0.1652,LBen
G134Q,0.0894,LBen
G134R,0.1051,LBen
G134S,0.0756,LBen
G134T,0.0659,LBen
G134V,0.0669,LBen
G134W,0.156,LBen
G134Y,0.1421,LBen
K135A,0.0851,LBen
K135C,0.2303,LBen
K135D,0.0862,LBen
K135E,0.056,LBen
K135F,0.1986,LBen
K135G,0.0929,LBen
K135H,0.1242,LBen
K135I,0.0793,LBen
K135L,0.0886,LBen
K135M,0.0991,LBen
K135N,0.0733,LBen
K135P,0.1493,LBen
K135Q,0.0763,LBen
K135R,0.0831,LBen
K135S,0.0799,LBen
K135T,0.0638,LBen
K135V,0.0786,LBen
K135W,0.3277,LBen
K135Y,0.1774,LBen
S136A,0.0528,LBen
S136C,0.0812,LBen
S136D,0.0808,LBen
S136E,0.088,LBen
S136F,0.0891,LBen
S136G,0.0644,LBen
S136H,0.1034,LBen
S136I,0.0644,LBen
S136K,0.1065,LBen
S136L,0.0584,LBen
S136M,0.088,LBen
S136N,0.0616,LBen
S136P,0.0576,LBen
S136Q,0.1129,LBen
S136R,0.1111,LBen
S136T,0.0527,LBen
S136V,0.0669,LBen
S136W,0.1383,LBen
S136Y,0.086,LBen
E137A,0.0777,LBen
E137C,0.3577,Amb
E137D,0.08,LBen
E137F,0.2817,LBen
E137G,0.0669,LBen
E137H,0.1689,LBen
E137I,0.1127,LBen
E137K,0.0671,LBen
E137L,0.1253,LBen
E137M,0.1778,LBen
E137N,0.1072,LBen
E137P,0.1768,LBen
E137Q,0.0878,LBen
E137R,0.1047,LBen
E137S,0.0885,LBen
E137T,0.0815,LBen
E137V,0.0873,LBen
E137W,0.4046,Amb
E137Y,0.2294,LBen
E138A,0.075,LBen
E138C,0.3763,Amb
E138D,0.0743,LBen
E138F,0.2737,LBen
E138G,0.0646,LBen
E138H,0.1855,LBen
E138I,0.1135,LBen
E138K,0.0704,LBen
E138L,0.1301,LBen
E138M,0.1749,LBen
E138N,0.0928,LBen
E138P,0.1928,LBen
E138Q,0.0943,LBen
E138R,0.122,LBen
E138S,0.0889,LBen
E138T,0.0818,LBen
E138V,0.0886,LBen
E138W,0.4307,Amb
E138Y,0.2184,LBen
E139A,0.0671,LBen
E139C,0.3022,LBen
E139D,0.0622,LBen
E139F,0.2325,LBen
E139G,0.0609,LBen
E139H,0.1522,LBen
E139I,0.0912,LBen
E139K,0.0701,LBen
E139L,0.1175,LBen
E139M,0.1614,LBen
E139N,0.0749,LBen
E139P,0.1703,LBen
E139Q,0.0896,LBen
E139R,0.12,LBen
E139S,0.0764,LBen
E139T,0.0714,LBen
E139V,0.0729,LBen
E139W,0.4065,Amb
E139Y,0.1702,LBen
S140A,0.054,LBen
S140C,0.0733,LBen
S140D,0.0677,LBen
S140E,0.0804,LBen
S140F,0.0946,LBen
S140G,0.0595,LBen
S140H,0.0958,LBen
S140I,0.0578,LBen
S140K,0.0892,LBen
S140L,0.0686,LBen
S140M,0.0901,LBen
S140N,0.0534,LBen
S140P,0.0732,LBen
S140Q,0.1145,LBen
S140R,0.1038,LBen
S140T,0.0497,LBen
S140V,0.0638,LBen
S140W,0.1576,LBen
S140Y,0.083,LBen
A141C,0.1908,LBen
A141D,0.0809,LBen
A141E,0.077,LBen
A141F,0.115,LBen
A141G,0.0775,LBen
A141H,0.1427,LBen
A141I,0.0785,LBen
A141K,0.09,LBen
A141L,0.0706,LBen
A141M,0.0956,LBen
A141N,0.0868,LBen
A141P,0.0816,LBen
A141Q,0.1098,LBen
A141R,0.1065,LBen
A141S,0.0673,LBen
A141T,0.0572,LBen
A141V,0.0675,LBen
A141W,0.2534,LBen
A141Y,0.1504,LBen
E142A,0.0726,LBen
E142C,0.367,Amb
E142D,0.0764,LBen
E142F,0.2771,LBen
E142G,0.0693,LBen
E142H,0.1556,LBen
E142I,0.1106,LBen
E142K,0.0633,LBen
E142L,0.1196,LBen
E142M,0.1627,LBen
E142N,0.0896,LBen
E142P,0.1481,LBen
E142Q,0.0795,LBen
E142R,0.1042,LBen
E142S,0.0822,LBen
E142T,0.0772,LBen
E142V,0.0875,LBen
E142W,0.4179,Amb
E142Y,0.2203,LBen
T143A,0.0586,LBen
T143C,0.1989,LBen
T143D,0.0916,LBen
T143E,0.0812,LBen
T143F,0.119,LBen
T143G,0.0976,LBen
T143H,0.116,LBen
T143I,0.074,LBen
T143K,0.0767,LBen
T143L,0.0736,LBen
T143M,0.0729,LBen
T143N,0.0642,LBen
T143P,0.0745,LBen
T143Q,0.1006,LBen
T143R,0.0917,LBen
T143S,0.0758,LBen
T143V,0.0725,LBen
T143W,0.2794,LBen
T143Y,0.1224,LBen
T144A,0.0549,LBen
T144C,0.156,LBen
T144D,0.0991,LBen
T144E,0.0752,LBen
T144F,0.1122,LBen
T144G,0.0925,LBen
T144H,0.0949,LBen
T144I,0.0705,LBen
T144K,0.0726,LBen
T144L,0.0648,LBen
T144M,0.0826,LBen
T144N,0.0737,LBen
T144P,0.052,LBen
T144Q,0.0766,LBen
T144R,0.0752,LBen
T144S,0.0683,LBen
T144V,0.0673,LBen
T144W,0.2236,LBen
T144Y,0.1218,LBen
K145A,0.0774,LBen
K145C,0.2856,LBen
K145D,0.1119,LBen
K145E,0.0544,LBen
K145F,0.2916,LBen
K145G,0.0954,LBen
K145H,0.1484,LBen
K145I,0.1125,LBen
K145L,0.104,LBen
K145M,0.1102,LBen
K145N,0.1049,LBen
K145P,0.1491,LBen
K145Q,0.0764,LBen
K145R,0.0767,LBen
K145S,0.0974,LBen
K145T,0.0678,LBen
K145V,0.0919,LBen
K145W,0.356,Amb
K145Y,0.2499,LBen
E146A,0.0794,LBen
E146C,0.4254,Amb
E146D,0.07,LBen
E146F,0.3069,LBen
E146G,0.0705,LBen
E146H,0.182,LBen
E146I,0.1135,LBen
E146K,0.0795,LBen
E146L,0.1344,LBen
E146M,0.1829,LBen
E146N,0.091,LBen
E146P,0.1736,LBen
E146Q,0.0923,LBen
E146R,0.1352,LBen
E146S,0.0956,LBen
E146T,0.0879,LBen
E146V,0.0841,LBen
E146W,0.4934,Amb
E146Y,0.2297,LBen
T147A,0.065,LBen
T147C,0.228,LBen
T147D,0.1114,LBen
T147E,0.0887,LBen
T147F,0.1364,LBen
T147G,0.1119,LBen
T147H,0.1362,LBen
T147I,0.0826,LBen
T147K,0.0801,LBen
T147L,0.076,LBen
T147M,0.0778,LBen
T147N,0.0747,LBen
T147P,0.0783,LBen
T147Q,0.1134,LBen
T147R,0.0879,LBen
T147S,0.0789,LBen
T147V,0.0803,LBen
T147W,0.2987,LBen
T147Y,0.1517,LBen
E148A,0.0773,LBen
E148C,0.3992,Amb
E148D,0.0722,LBen
E148F,0.3179,LBen
E148G,0.0648,LBen
E148H,0.1789,LBen
E148I,0.1211,LBen
E148K,0.0684,LBen
E148L,0.1401,LBen
E148M,0.1968,LBen
E148N,0.0941,LBen
E148P,0.178,LBen
E148Q,0.0874,LBen
E148R,0.1153,LBen
E148S,0.0833,LBen
E148T,0.082,LBen
E148V,0.0924,LBen
E148W,0.4712,Amb
E148Y,0.2404,LBen
N149A,0.0735,LBen
N149C,0.1179,LBen
N149D,0.0585,LBen
N149E,0.0803,LBen
N149F,0.1826,LBen
N149G,0.1004,LBen
N149H,0.0802,LBen
N149I,0.0762,LBen
N149K,0.0754,LBen
N149L,0.0954,LBen
N149M,0.1291,LBen
N149P,0.1573,LBen
N149Q,0.1049,LBen
N149R,0.1024,LBen
N149S,0.0661,LBen
N149T,0.061,LBen
N149V,0.0731,LBen
N149W,0.3264,LBen
N149Y,0.0854,LBen
N150A,0.0597,LBen
N150C,0.0887,LBen
N150D,0.0567,LBen
N150E,0.0817,LBen
N150F,0.1536,LBen
N150G,0.09,LBen
N150H,0.0631,LBen
N150I,0.0618,LBen
N150K,0.0698,LBen
N150L,0.0725,LBen
N150M,0.11,LBen
N150P,0.1165,LBen
N150Q,0.0944,LBen
N150R,0.0803,LBen
N150S,0.0574,LBen
N150T,0.0485,LBen
N150V,0.0604,LBen
N150W,0.2796,LBen
N150Y,0.0786,LBen
V151A,0.0679,LBen
V151C,0.3129,LBen
V151D,0.0778,LBen
V151E,0.0773,LBen
V151F,0.0891,LBen
V151G,0.0719,LBen
V151H,0.1605,LBen
V151I,0.0634,LBen
V151K,0.0775,LBen
V151L,0.0798,LBen
V151M,0.0792,LBen
V151N,0.0748,LBen
V151P,0.122,LBen
V151Q,0.1049,LBen
V151R,0.0887,LBen
V151S,0.0692,LBen
V151T,0.0641,LBen
V151W,0.3239,LBen
V151Y,0.1975,LBen
E152A,0.0828,LBen
E152C,0.392,Amb
E152D,0.0773,LBen
E152F,0.3184,LBen
E152G,0.0684,LBen
E152H,0.1816,LBen
E152I,0.1214,LBen
E152K,0.0786,LBen
E152L,0.1295,LBen
E152M,0.1906,LBen
E152N,0.1067,LBen
E152P,0.1845,LBen
E152Q,0.0839,LBen
E152R,0.1253,LBen
E152S,0.0914,LBen
E152T,0.0906,LBen
E152V,0.0878,LBen
E152W,0.4707,Amb
E152Y,0.2452,LBen
K153A,0.1021,LBen
K153C,0.3034,LBen
K153D,0.1393,LBen
K153E,0.078,LBen
K153F,0.2715,LBen
K153G,0.136,LBen
K153H,0.1497,LBen
K153I,0.095,LBen
K153L,0.1005,LBen
K153M,0.0899,LBen
K153N,0.1054,LBen
K153P,0.1991,LBen
K153Q,0.0831,LBen
K153R,0.0871,LBen
K153S,0.1122,LBen
K153T,0.0663,LBen
K153V,0.0951,LBen
K153W,0.4197,Amb
K153Y,0.2357,LBen
P154A,0.0582,LBen
P154C,0.1977,LBen
P154D,0.1026,LBen
P154E,0.0771,LBen
P154F,0.1601,LBen
P154G,0.1075,LBen
P154H,0.0917,LBen
P154I,0.0981,LBen
P154K,0.0832,LBen
P154L,0.0707,LBen
P154M,0.1181,LBen
P154N,0.0941,LBen
P154Q,0.0771,LBen
P154R,0.0901,LBen
P154S,0.0705,LBen
P154T,0.0546,LBen
P154V,0.0815,LBen
P154W,0.2559,LBen
P154Y,0.1596,LBen
D155A,0.0596,LBen
D155C,0.1585,LBen
D155E,0.0586,LBen
D155F,0.1665,LBen
D155G,0.0608,LBen
D155H,0.0987,LBen
D155I,0.0822,LBen
D155K,0.0834,LBen
D155L,0.0955,LBen
D155M,0.1588,LBen
D155N,0.062,LBen
D155P,0.2022,LBen
D155Q,0.0852,LBen
D155R,0.1034,LBen
D155S,0.0605,LBen
D155T,0.0675,LBen
D155V,0.0632,LBen
D155W,0.3934,Amb
D155Y,0.1015,LBen
N156A,0.0625,LBen
N156C,0.0937,LBen
N156D,0.0531,LBen
N156E,0.0718,LBen
N156F,0.1464,LBen
N156G,0.0811,LBen
N156H,0.0651,LBen
N156I,0.0662,LBen
N156K,0.0677,LBen
N156L,0.0791,LBen
N156M,0.1154,LBen
N156P,0.1644,LBen
N156Q,0.0921,LBen
N156R,0.0838,LBen
N156S,0.0558,LBen
N156T,0.053,LBen
N156V,0.062,LBen
N156W,0.2851,LBen
N156Y,0.0819,LBen
D157A,0.066,LBen
D157C,0.1762,LBen
D157E,0.0553,LBen
D157F,0.1863,LBen
D157G,0.0637,LBen
D157H,0.095,LBen
D157I,0.09,LBen
D157K,0.0722,LBen
D157L,0.0991,LBen
D157M,0.1638,LBen
D157N,0.0653,LBen
D157P,0.2012,LBen
D157Q,0.0809,LBen
D157R,0.0955,LBen
D157S,0.0629,LBen
D157T,0.0672,LBen
D157V,0.0695,LBen
D157W,0.3831,Amb
D157Y,0.1042,LBen
E158A,0.082,LBen
E158C,0.3516,Amb
E158D,0.0641,LBen
E158F,0.283,LBen
E158G,0.071,LBen
E158H,0.1567,LBen
E158I,0.1207,LBen
E158K,0.0695,LBen
E158L,0.1421,LBen
E158M,0.1888,LBen
E158N,0.0897,LBen
E158P,0.263,LBen
E158Q,0.0903,LBen
E158R,0.1167,LBen
E158S,0.0822,LBen
E158T,0.0796,LBen
E158V,0.0947,LBen
E158W,0.4779,Amb
E158Y,0.2282,LBen
D159A,0.0707,LBen
D159C,0.2296,LBen
D159E,0.0555,LBen
D159F,0.2116,LBen
D159G,0.0674,LBen
D159H,0.1292,LBen
D159I,0.1097,LBen
D159K,0.0963,LBen
D159L,0.1209,LBen
D159M,0.1825,LBen
D159N,0.0664,LBen
D159P,0.2416,LBen
D159Q,0.1035,LBen
D159R,0.1337,LBen
D159S,0.0704,LBen
D159T,0.0758,LBen
D159V,0.0804,LBen
D159W,0.4624,Amb
D159Y,0.118,LBen
E160A,0.0794,LBen
E160C,0.29,LBen
E160D,0.0507,LBen
E160F,0.2494,LBen
E160G,0.0737,LBen
E160H,0.1559,LBen
E160I,0.1117,LBen
E160K,0.1037,LBen
E160L,0.1454,LBen
E160M,0.2134,LBen
E160N,0.0747,LBen
E160P,0.2413,LBen
E160Q,0.1078,LBen
E160R,0.1548,LBen
E160S,0.0732,LBen
E160T,0.0794,LBen
E160V,0.0861,LBen
E160W,0.5321,Amb
E160Y,0.1791,LBen
S161A,0.0629,LBen
S161C,0.0918,LBen
S161D,0.0999,LBen
S161E,0.1198,LBen
S161F,0.1364,LBen
S161G,0.0649,LBen
S161H,0.1505,LBen
S161I,0.0951,LBen
S161K,0.1807,LBen
S161L,0.078,LBen
S161M,0.1053,LBen
S161N,0.0691,LBen
S161P,0.0999,LBen
S161Q,0.1757,LBen
S161R,0.2018,LBen
S161T,0.0566,LBen
S161V,0.089,LBen
S161W,0.2275,LBen
S161Y,0.1249,LBen
E162A,0.1086,LBen
E162C,0.5436,Amb
E162D,0.0708,LBen
E162F,0.4548,Amb
E162G,0.1071,LBen
E162H,0.2361,LBen
E162I,0.2064,LBen
E162K,0.1094,LBen
E162L,0.2127,LBen
E162M,0.2916,LBen
E162N,0.1284,LBen
E162P,0.3052,LBen
E162Q,0.1089,LBen
E162R,0.1746,LBen
E162S,0.1133,LBen
E162T,0.1212,LBen
E162V,0.1323,LBen
E162W,0.7013,LPath
E162Y,0.3584,Amb
V163A,0.1208,LBen
V163C,0.5117,Amb
V163D,0.1647,LBen
V163E,0.1362,LBen
V163F,0.1289,LBen
V163G,0.0967,LBen
V163H,0.3616,Amb
V163I,0.0681,LBen
V163K,0.2284,LBen
V163L,0.1105,LBen
V163M,0.0906,LBen
V163N,0.1288,LBen
V163P,0.2331,LBen
V163Q,0.1878,LBen
V163R,0.2694,LBen
V163S,0.119,LBen
V163T,0.1201,LBen
V163W,0.6527,LPath
V163Y,0.3512,Amb
P164A,0.1398,LBen
P164C,0.6609,LPath
P164D,0.5656,LPath
P164E,0.3938,Amb
P164F,0.7434,LPath
P164G,0.4192,Amb
P164H,0.3926,Amb
P164I,0.5137,Amb
P164K,0.5061,Amb
P164L,0.28,LBen
P164M,0.5106,Amb
P164N,0.4796,Amb
P164Q,0.2961,LBen
P164R,0.3899,Amb
P164S,0.2288,LBen
P164T,0.1988,LBen
P164V,0.341,Amb
P164W,0.8615,LPath
P164Y,0.7039,LPath
S165A,0.0674,LBen
S165C,0.0907,LBen
S165D,0.2345,LBen
S165E,0.3016,LBen
S165F,0.214,LBen
S165G,0.074,LBen
S165H,0.2541,LBen
S165I,0.1406,LBen
S165K,0.4387,Amb
S165L,0.1073,LBen
S165M,0.1536,LBen
S165N,0.0965,LBen
S165P,0.1427,LBen
S165Q,0.3105,LBen
S165R,0.429,Amb
S165T,0.0654,LBen
S165V,0.1167,LBen
S165W,0.4008,Amb
S165Y,0.2044,LBen
L166A,0.784,LPath
L166C,0.9097,LPath
L166D,0.9666,LPath
L166E,0.8962,LPath
L166F,0.5546,Amb
L166G,0.9004,LPath
L166H,0.8488,LPath
L166I,0.3007,LBen
L166K,0.8149,LPath
L166M,0.2913,LBen
L166N,0.88,LPath
L166P,0.8162,LPath
L166Q,0.774,LPath
L166R,0.7845,LPath
L166S,0.8715,LPath
L166T,0.8082,LPath
L166V,0.342,Amb
L166W,0.8316,LPath
L166Y,0.8267,LPath
P167A,0.541,Amb
P167C,0.9433,LPath
P167D,0.9105,LPath
P167E,0.8512,LPath
P167F,0.9737,LPath
P167G,0.7777,LPath
P167H,0.7915,LPath
P167I,0.9334,LPath
P167K,0.9027,LPath
P167L,0.7524,LPath
P167M,0.9163,LPath
P167N,0.8655,LPath
P167Q,0.7514,LPath
P167R,0.8264,LPath
P167S,0.634,LPath
P167T,0.6749,LPath
P167V,0.8376,LPath
P167W,0.9839,LPath
P167Y,0.9568,LPath
L168A,0.1856,LBen
L168C,0.4627,Amb
L168D,0.608,LPath
L168E,0.3662,Amb
L168F,0.1628,LBen
L168G,0.3734,Amb
L168H,0.2641,LBen
L168I,0.1345,LBen
L168K,0.2849,LBen
L168M,0.08,LBen
L168N,0.3321,LBen
L168P,0.3098,LBen
L168Q,0.1725,LBen
L168R,0.2752,LBen
L168S,0.1977,LBen
L168T,0.1743,LBen
L168V,0.1001,LBen
L168W,0.3043,LBen
L168Y,0.3762,Amb
G169A,0.4762,Amb
G169C,0.6974,LPath
G169D,0.8842,LPath
G169E,0.8713,LPath
G169F,0.9346,LPath
G169H,0.9297,LPath
G169I,0.8398,LPath
G169K,0.9609,LPath
G169L,0.8596,LPath
G169M,0.8914,LPath
G169N,0.8505,LPath
G169P,0.9385,LPath
G169Q,0.885,LPath
G169R,0.9297,LPath
G169S,0.4665,Amb
G169T,0.6949,LPath
G169V,0.7362,LPath
G169W,0.9278,LPath
G169Y,0.9199,LPath
L170A,0.5923,LPath
L170C,0.7347,LPath
L170D,0.9171,LPath
L170E,0.7553,LPath
L170F,0.3793,Amb
L170G,0.7759,LPath
L170H,0.7185,LPath
L170I,0.1618,LBen
L170K,0.6748,LPath
L170M,0.1698,LBen
L170N,0.7512,LPath
L170P,0.7849,LPath
L170Q,0.5555,Amb
L170R,0.6324,LPath
L170S,0.7254,LPath
L170T,0.5352,Amb
L170V,0.1396,LBen
L170W,0.6409,LPath
L170Y,0.7034,LPath
T171A,0.2482,LBen
T171C,0.6607,LPath
T171D,0.7826,LPath
T171E,0.7069,LPath
T171F,0.8423,LPath
T171G,0.3982,Amb
T171H,0.6454,LPath
T171I,0.8137,LPath
T171K,0.6507,LPath
T171L,0.4362,Amb
T171M,0.3085,LBen
T171N,0.4411,Amb
T171P,0.3606,Amb
T171Q,0.5364,Amb
T171R,0.5566,Amb
T171S,0.2302,LBen
T171V,0.5911,LPath
T171W,0.9176,LPath
T171Y,0.8329,LPath
G172A,0.5644,LPath
G172C,0.8495,LPath
G172D,0.9107,LPath
G172E,0.902,LPath
G172F,0.9754,LPath
G172H,0.9717,LPath
G172I,0.9392,LPath
G172K,0.9683,LPath
G172L,0.9437,LPath
G172M,0.95,LPath
G172N,0.9137,LPath
G172P,0.9791,LPath
G172Q,0.9282,LPath
G172R,0.9278,LPath
G172S,0.5545,Amb
G172T,0.7736,LPath
G172V,0.8536,LPath
G172W,0.9663,LPath
G172Y,0.9677,LPath
A173C,0.7296,LPath
A173D,0.9141,LPath
A173E,0.8922,LPath
A173F,0.7971,LPath
A173G,0.4716,Amb
A173H,0.8914,LPath
A173I,0.6569,LPath
A173K,0.9637,LPath
A173L,0.5713,LPath
A173M,0.649,LPath
A173N,0.7565,LPath
A173P,0.7348,LPath
A173Q,0.85,LPath
A173R,0.9222,LPath
A173S,0.1987,LBen
A173T,0.302,LBen
A173V,0.4146,Amb
A173W,0.9719,LPath
A173Y,0.8704,LPath
F174A,0.9123,LPath
F174C,0.8711,LPath
F174D,0.9746,LPath
F174E,0.9719,LPath
F174G,0.9517,LPath
F174H,0.9523,LPath
F174I,0.81,LPath
F174K,0.9809,LPath
F174L,0.9735,LPath
F174M,0.8164,LPath
F174N,0.9498,LPath
F174P,0.9932,LPath
F174Q,0.9619,LPath
F174R,0.9618,LPath
F174S,0.8844,LPath
F174T,0.9021,LPath
F174V,0.723,LPath
F174W,0.7838,LPath
F174Y,0.4635,Amb
E175A,0.4626,Amb
E175C,0.9546,LPath
E175D,0.3557,Amb
E175F,0.9788,LPath
E175G,0.463,Amb
E175H,0.8441,LPath
E175I,0.8677,LPath
E175K,0.5625,Amb
E175L,0.8513,LPath
E175M,0.8797,LPath
E175N,0.732,LPath
E175P,0.9022,LPath
E175Q,0.3336,LBen
E175R,0.6752,LPath
E175S,0.4964,Amb
E175T,0.5855,LPath
E175V,0.6699,LPath
E175W,0.9895,LPath
E175Y,0.9548,LPath
D176A,0.6692,LPath
D176C,0.9201,LPath
D176E,0.5944,LPath
D176F,0.9735,LPath
D176G,0.5551,Amb
D176H,0.8792,LPath
D176I,0.9181,LPath
D176K,0.9204,LPath
D176L,0.9217,LPath
D176M,0.9571,LPath
D176N,0.2651,LBen
D176P,0.9415,LPath
D176Q,0.8917,LPath
D176R,0.9401,LPath
D176S,0.4678,Amb
D176T,0.7122,LPath
D176V,0.7523,LPath
D176W,0.9952,LPath
D176Y,0.8318,LPath
T177A,0.0759,LBen
T177C,0.2146,LBen
T177D,0.2622,LBen
T177E,0.2308,LBen
T177F,0.2548,LBen
T177G,0.1701,LBen
T177H,0.1645,LBen
T177I,0.1487,LBen
T177K,0.1314,LBen
T177L,0.116,LBen
T177M,0.1007,LBen
T177N,0.0857,LBen
T177P,0.1575,LBen
T177Q,0.1518,LBen
T177R,0.1195,LBen
T177S,0.0812,LBen
T177V,0.1122,LBen
T177W,0.5822,LPath
T177Y,0.2315,LBen
S178A,0.0971,LBen
S178C,0.1464,LBen
S178D,0.5227,Amb
S178E,0.6019,LPath
S178F,0.6045,LPath
S178G,0.1375,LBen
S178H,0.5582,Amb
S178I,0.5549,Amb
S178K,0.7631,LPath
S178L,0.2107,LBen
S178M,0.3895,Amb
S178N,0.2588,LBen
S178P,0.6848,LPath
S178Q,0.6158,LPath
S178R,0.7261,LPath
S178T,0.0869,LBen
S178V,0.3771,Amb
S178W,0.7724,LPath
S178Y,0.4838,Amb
F179A,0.9918,LPath
F179C,0.9911,LPath
F179D,0.9986,LPath
F179E,0.9988,LPath
F179G,0.9959,LPath
F179H,0.9942,LPath
F179I,0.9767,LPath
F179K,0.999,LPath
F179L,0.9968,LPath
F179M,0.9837,LPath
F179N,0.9972,LPath
F179P,0.999,LPath
F179Q,0.9984,LPath
F179R,0.9967,LPath
F179S,0.9928,LPath
F179T,0.9956,LPath
F179V,0.9644,LPath
F179W,0.8966,LPath
F179Y,0.7663,LPath
A180C,0.2871,LBen
A180D,0.1023,LBen
A180E,0.1181,LBen
A180F,0.2409,LBen
A180G,0.1125,LBen
A180H,0.2354,LBen
A180I,0.1676,LBen
A180K,0.275,LBen
A180L,0.1259,LBen
A180M,0.1734,LBen
A180N,0.1194,LBen
A180P,0.3535,Amb
A180Q,0.184,LBen
A180R,0.2777,LBen
A180S,0.0678,LBen
A180T,0.0707,LBen
A180V,0.1067,LBen
A180W,0.5829,LPath
A180Y,0.2789,LBen
S181A,0.1096,LBen
S181C,0.2022,LBen
S181D,0.7123,LPath
S181E,0.8282,LPath
S181F,0.608,LPath
S181G,0.1554,LBen
S181H,0.7523,LPath
S181I,0.5287,Amb
S181K,0.9536,LPath
S181L,0.2801,LBen
S181M,0.4316,Amb
S181N,0.468,Amb
S181P,0.9443,LPath
S181Q,0.8391,LPath
S181R,0.9405,LPath
S181T,0.1352,LBen
S181V,0.355,Amb
S181W,0.8549,LPath
S181Y,0.6184,LPath
L182A,0.8988,LPath
L182C,0.839,LPath
L182D,0.9961,LPath
L182E,0.9806,LPath
L182F,0.4477,Amb
L182G,0.9776,LPath
L182H,0.9503,LPath
L182I,0.2777,LBen
L182K,0.9804,LPath
L182M,0.312,LBen
L182N,0.9765,LPath
L182P,0.9908,LPath
L182Q,0.9252,LPath
L182R,0.9586,LPath
L182S,0.9628,LPath
L182T,0.9095,LPath
L182V,0.29,LBen
L182W,0.9024,LPath
L182Y,0.8953,LPath
C183A,0.0547,LBen
C183D,0.0842,LBen
C183E,0.109,LBen
C183F,0.0879,LBen
C183G,0.0545,LBen
C183H,0.0869,LBen
C183I,0.0946,LBen
C183K,0.1161,LBen
C183L,0.1015,LBen
C183M,0.1275,LBen
C183N,0.056,LBen
C183P,0.3187,LBen
C183Q,0.0975,LBen
C183R,0.0886,LBen
C183S,0.0503,LBen
C183T,0.0543,LBen
C183V,0.088,LBen
C183W,0.1831,LBen
C183Y,0.0835,LBen
N184A,0.0952,LBen
N184C,0.1352,LBen
N184D,0.0538,LBen
N184E,0.1057,LBen
N184F,0.2895,LBen
N184G,0.0931,LBen
N184H,0.0717,LBen
N184I,0.1663,LBen
N184K,0.1511,LBen
N184L,0.1442,LBen
N184M,0.2265,LBen
N184P,0.1706,LBen
N184Q,0.1379,LBen
N184R,0.1843,LBen
N184S,0.0586,LBen
N184T,0.0741,LBen
N184V,0.1378,LBen
N184W,0.5213,Amb
N184Y,0.1382,LBen
L185A,0.1145,LBen
L185C,0.2741,LBen
L185D,0.3631,Amb
L185E,0.1876,LBen
L185F,0.1065,LBen
L185G,0.3499,Amb
L185H,0.1336,LBen
L185I,0.0687,LBen
L185K,0.1578,LBen
L185M,0.067,LBen
L185N,0.2172,LBen
L185P,0.8142,LPath
L185Q,0.0992,LBen
L185R,0.1604,LBen
L185S,0.1259,LBen
L185T,0.0931,LBen
L185V,0.0615,LBen
L185W,0.2113,LBen
L185Y,0.1958,LBen
V186A,0.823,LPath
V186C,0.9023,LPath
V186D,0.997,LPath
V186E,0.9915,LPath
V186F,0.8942,LPath
V186G,0.9239,LPath
V186H,0.9973,LPath
V186I,0.1003,LBen
V186K,0.9938,LPath
V186L,0.4692,Amb
V186M,0.7103,LPath
V186N,0.9897,LPath
V186P,0.9795,LPath
V186Q,0.9905,LPath
V186R,0.9906,LPath
V186S,0.9546,LPath
V186T,0.8281,LPath
V186W,0.9975,LPath
V186Y,0.9926,LPath
N187A,0.3081,LBen
N187C,0.1334,LBen
N187D,0.1122,LBen
N187E,0.503,Amb
N187F,0.8092,LPath
N187G,0.2459,LBen
N187H,0.1109,LBen
N187I,0.6599,LPath
N187K,0.7013,LPath
N187L,0.5874,LPath
N187M,0.599,LPath
N187P,0.8394,LPath
N187Q,0.4543,Amb
N187R,0.6839,LPath
N187S,0.0598,LBen
N187T,0.1665,LBen
N187V,0.5312,Amb
N187W,0.8888,LPath
N187Y,0.3835,Amb
E188A,0.1497,LBen
E188C,0.7067,LPath
E188D,0.0668,LBen
E188F,0.8004,LPath
E188G,0.1341,LBen
E188H,0.4199,Amb
E188I,0.3566,Amb
E188K,0.1497,LBen
E188L,0.4374,Amb
E188M,0.4868,Amb
E188N,0.1839,LBen
E188P,0.321,LBen
E188Q,0.1509,LBen
E188R,0.2923,LBen
E188S,0.1704,LBen
E188T,0.1901,LBen
E188V,0.2185,LBen
E188W,0.8886,LPath
E188Y,0.6014,LPath
N189A,0.1516,LBen
N189C,0.1788,LBen
N189D,0.1662,LBen
N189E,0.3181,LBen
N189F,0.4031,Amb
N189G,0.1983,LBen
N189H,0.0979,LBen
N189I,0.2258,LBen
N189K,0.2651,LBen
N189L,0.2162,LBen
N189M,0.2619,LBen
N189P,0.2592,LBen
N189Q,0.2331,LBen
N189R,0.3324,LBen
N189S,0.0977,LBen
N189T,0.1435,LBen
N189V,0.2017,LBen
N189W,0.6813,LPath
N189Y,0.1326,LBen
T190A,0.7463,LPath
T190C,0.8841,LPath
T190D,0.9911,LPath
T190E,0.993,LPath
T190F,0.9943,LPath
T190G,0.9057,LPath
T190H,0.9756,LPath
T190I,0.8985,LPath
T190K,0.9956,LPath
T190L,0.7688,LPath
T190M,0.7477,LPath
T190N,0.9001,LPath
T190P,0.9539,LPath
T190Q,0.9834,LPath
T190R,0.9944,LPath
T190S,0.3324,LBen
T190V,0.7543,LPath
T190W,0.9986,LPath
T190Y,0.9943,LPath
L191A,0.4722,Amb
L191C,0.54,Amb
L191D,0.9666,LPath
L191E,0.6838,LPath
L191F,0.4069,Amb
L191G,0.7734,LPath
L191H,0.5983,LPath
L191I,0.1305,LBen
L191K,0.4787,Amb
L191M,0.1101,LBen
L191N,0.7324,LPath
L191P,0.9856,LPath
L191Q,0.2568,LBen
L191R,0.4159,Amb
L191S,0.5825,LPath
L191T,0.4351,Amb
L191V,0.1245,LBen
L191W,0.6824,LPath
L191Y,0.702,LPath
K192A,0.1461,LBen
K192C,0.2896,LBen
K192D,0.3799,Amb
K192E,0.1314,LBen
K192F,0.4907,Amb
K192G,0.266,LBen
K192H,0.1569,LBen
K192I,0.169,LBen
K192L,0.1279,LBen
K192M,0.1046,LBen
K192N,0.2024,LBen
K192P,0.9094,LPath
K192Q,0.0808,LBen
K192R,0.0663,LBen
K192S,0.2106,LBen
K192T,0.0942,LBen
K192V,0.1586,LBen
K192W,0.4625,Amb
K192Y,0.3879,Amb
A193C,0.6986,LPath
A193D,0.9744,LPath
A193E,0.9721,LPath
A193F,0.9662,LPath
A193G,0.079,LBen
A193H,0.9712,LPath
A193I,0.9494,LPath
A193K,0.9919,LPath
A193L,0.9068,LPath
A193M,0.9048,LPath
A193N,0.8877,LPath
A193P,0.9868,LPath
A193Q,0.9446,LPath
A193R,0.9834,LPath
A193S,0.1261,LBen
A193T,0.5852,LPath
A193V,0.7789,LPath
A193W,0.9934,LPath
A193Y,0.9716,LPath
I194A,0.8514,LPath
I194C,0.8701,LPath
I194D,0.9992,LPath
I194E,0.9958,LPath
I194F,0.925,LPath
I194G,0.9863,LPath
I194H,0.9978,LPath
I194K,0.9955,LPath
I194L,0.2233,LBen
I194M,0.3726,Amb
I194N,0.9879,LPath
I194P,0.9964,LPath
I194Q,0.9936,LPath
I194R,0.993,LPath
I194S,0.9573,LPath
I194T,0.8007,LPath
I194V,0.0602,LBen
I194W,0.9982,LPath
I194Y,0.9954,LPath
K195A,0.1232,LBen
K195C,0.3349,LBen
K195D,0.1997,LBen
K195E,0.0675,LBen
K195F,0.6054,LPath
K195G,0.1453,LBen
K195H,0.1494,LBen
K195I,0.2636,LBen
K195L,0.2052,LBen
K195M,0.1538,LBen
K195N,0.1611,LBen
K195P,0.8672,LPath
K195Q,0.0647,LBen
K195R,0.0719,LBen
K195S,0.1254,LBen
K195T,0.0768,LBen
K195V,0.1982,LBen
K195W,0.5716,LPath
K195Y,0.4379,Amb
E196A,0.1625,LBen
E196C,0.7786,LPath
E196D,0.0798,LBen
E196F,0.8254,LPath
E196G,0.1485,LBen
E196H,0.5961,LPath
E196I,0.4757,Amb
E196K,0.3896,Amb
E196L,0.456,Amb
E196M,0.4916,Amb
E196N,0.2304,LBen
E196P,0.9771,LPath
E196Q,0.208,LBen
E196R,0.5939,LPath
E196S,0.1999,LBen
E196T,0.2244,LBen
E196V,0.2826,LBen
E196W,0.9439,LPath
E196Y,0.6957,LPath
M197A,0.9081,LPath
M197C,0.9307,LPath
M197D,0.9888,LPath
M197E,0.9717,LPath
M197F,0.689,LPath
M197G,0.9571,LPath
M197H,0.9636,LPath
M197I,0.861,LPath
M197K,0.9147,LPath
M197L,0.3013,LBen
M197N,0.9174,LPath
M197P,0.9991,LPath
M197Q,0.8672,LPath
M197R,0.9336,LPath
M197S,0.9186,LPath
M197T,0.9152,LPath
M197V,0.6569,LPath
M197W,0.9422,LPath
M197Y,0.9251,LPath
G198A,0.3897,Amb
G198C,0.502,Amb
G198D,0.4051,Amb
G198E,0.5623,Amb
G198F,0.9648,LPath
G198H,0.6904,LPath
G198I,0.9203,LPath
G198K,0.6988,LPath
G198L,0.8986,LPath
G198M,0.8977,LPath
G198N,0.3526,Amb
G198P,0.9887,LPath
G198Q,0.5715,LPath
G198R,0.6644,LPath
G198S,0.2182,LBen
G198T,0.6316,LPath
G198V,0.8228,LPath
G198W,0.9384,LPath
G198Y,0.8742,LPath
F199A,0.9957,LPath
F199C,0.9593,LPath
F199D,0.9984,LPath
F199E,0.9986,LPath
F199G,0.997,LPath
F199H,0.9741,LPath
F199I,0.9422,LPath
F199K,0.997,LPath
F199L,0.9927,LPath
F199M,0.9491,LPath
F199N,0.9909,LPath
F199P,0.9999,LPath
F199Q,0.9951,LPath
F199R,0.9922,LPath
F199S,0.9944,LPath
F199T,0.9971,LPath
F199V,0.9547,LPath
F199W,0.9057,LPath
F199Y,0.4383,Amb
T200A,0.0856,LBen
T200C,0.2668,LBen
T200D,0.257,LBen
T200E,0.145,LBen
T200F,0.3315,LBen
T200G,0.1921,LBen
T200H,0.2085,LBen
T200I,0.1453,LBen
T200K,0.1503,LBen
T200L,0.1172,LBen
T200M,0.1104,LBen
T200N,0.1131,LBen
T200P,0.3169,LBen
T200Q,0.1365,LBen
T200R,0.1496,LBen
T200S,0.0939,LBen
T200V,0.1131,LBen
T200W,0.6357,LPath
T200Y,0.3512,Amb
N201A,0.1201,LBen
N201C,0.1271,LBen
N201D,0.0859,LBen
N201E,0.1507,LBen
N201F,0.3056,LBen
N201G,0.2123,LBen
N201H,0.0465,LBen
N201I,0.1912,LBen
N201K,0.1435,LBen
N201L,0.1952,LBen
N201M,0.2169,LBen
N201P,0.9083,LPath
N201Q,0.1264,LBen
N201R,0.152,LBen
N201S,0.0636,LBen
N201T,0.0699,LBen
N201V,0.1474,LBen
N201W,0.6004,LPath
N201Y,0.1047,LBen
M202A,0.9417,LPath
M202C,0.8444,LPath
M202D,0.9996,LPath
M202E,0.9964,LPath
M202F,0.975,LPath
M202G,0.9886,LPath
M202H,0.9969,LPath
M202I,0.9897,LPath
M202K,0.9851,LPath
M202L,0.3234,LBen
M202N,0.994,LPath
M202P,0.9713,LPath
M202Q,0.9589,LPath
M202R,0.9856,LPath
M202S,0.9827,LPath
M202T,0.9333,LPath
M202V,0.7277,LPath
M202W,0.9986,LPath
M202Y,0.9969,LPath
T203A,0.9326,LPath
T203C,0.9896,LPath
T203D,0.9934,LPath
T203E,0.9918,LPath
T203F,0.9939,LPath
T203G,0.9528,LPath
T203H,0.9824,LPath
T203I,0.9966,LPath
T203K,0.9725,LPath
T203L,0.9099,LPath
T203M,0.7818,LPath
T203N,0.9324,LPath
T203P,0.9744,LPath
T203Q,0.9731,LPath
T203R,0.9654,LPath
T203S,0.8267,LPath
T203V,0.9793,LPath
T203W,0.9976,LPath
T203Y,0.9937,LPath
E204A,0.2565,LBen
E204C,0.9669,LPath
E204D,0.318,LBen
E204F,0.9791,LPath
E204G,0.4874,Amb
E204H,0.8853,LPath
E204I,0.7614,LPath
E204K,0.5719,LPath
E204L,0.7655,LPath
E204M,0.8075,LPath
E204N,0.6636,LPath
E204P,0.693,LPath
E204Q,0.3436,Amb
E204R,0.7467,LPath
E204S,0.4585,Amb
E204T,0.5417,Amb
E204V,0.5093,Amb
E204W,0.9958,LPath
E204Y,0.9592,LPath
I205A,0.9983,LPath
I205C,0.9992,LPath
I205D,0.9999,LPath
I205E,0.9996,LPath
I205F,0.9966,LPath
I205G,0.9997,LPath
I205H,0.9999,LPath
I205K,0.9998,LPath
I205L,0.9683,LPath
I205M,0.9695,LPath
I205N,0.9985,LPath
I205P,0.9993,LPath
I205Q,0.9998,LPath
I205R,0.9997,LPath
I205S,0.9984,LPath
I205T,0.997,LPath
I205V,0.4592,Amb
I205W,0.9999,LPath
I205Y,0.9996,LPath
Q206A,0.9544,LPath
Q206C,0.9988,LPath
Q206D,0.9998,LPath
Q206E,0.9303,LPath
Q206F,0.9997,LPath
Q206G,0.9701,LPath
Q206H,0.9993,LPath
Q206I,0.9967,LPath
Q206K,0.9979,LPath
Q206L,0.9915,LPath
Q206M,0.9772,LPath
Q206N,0.9972,LPath
Q206P,0.9968,LPath
Q206R,0.9975,LPath
Q206S,0.9609,LPath
Q206T,0.9869,LPath
Q206V,0.995,LPath
Q206W,0.9999,LPath
Q206Y,0.9999,LPath
H207A,0.5798,LPath
H207C,0.3497,Amb
H207D,0.7186,LPath
H207E,0.6952,LPath
H207F,0.5099,Amb
H207G,0.7091,LPath
H207I,0.8497,LPath
H207K,0.653,LPath
H207L,0.4435,Amb
H207M,0.794,LPath
H207N,0.291,LBen
H207P,0.9888,LPath
H207Q,0.3799,Amb
H207R,0.3075,LBen
H207S,0.4718,Amb
H207T,0.8,LPath
H207V,0.7672,LPath
H207W,0.6235,LPath
H207Y,0.1727,LBen
K208A,0.9236,LPath
K208C,0.9057,LPath
K208D,0.9909,LPath
K208E,0.9045,LPath
K208F,0.9903,LPath
K208G,0.9595,LPath
K208H,0.7459,LPath
K208I,0.9398,LPath
K208L,0.8519,LPath
K208M,0.8377,LPath
K208N,0.9666,LPath
K208P,0.9985,LPath
K208Q,0.4729,Amb
K208R,0.1003,LBen
K208S,0.9601,LPath
K208T,0.8861,LPath
K208V,0.9021,LPath
K208W,0.9846,LPath
K208Y,0.9692,LPath
S209A,0.0752,LBen
S209C,0.1392,LBen
S209D,0.9968,LPath
S209E,0.9975,LPath
S209F,0.9856,LPath
S209G,0.2001,LBen
S209H,0.9953,LPath
S209I,0.8669,LPath
S209K,0.9997,LPath
S209L,0.7645,LPath
S209M,0.8087,LPath
S209N,0.9515,LPath
S209P,0.9978,LPath
S209Q,0.995,LPath
S209R,0.9993,LPath
S209T,0.124,LBen
S209V,0.6342,LPath
S209W,0.9977,LPath
S209Y,0.992,LPath
I210A,0.8652,LPath
I210C,0.8895,LPath
I210D,0.9992,LPath
I210E,0.9966,LPath
I210F,0.7547,LPath
I210G,0.9857,LPath
I210H,0.9959,LPath
I210K,0.9959,LPath
I210L,0.1924,LBen
I210M,0.1966,LBen
I210N,0.983,LPath
I210P,0.9976,LPath
I210Q,0.9908,LPath
I210R,0.9937,LPath
I210S,0.9352,LPath
I210T,0.833,LPath
I210V,0.0779,LBen
I210W,0.9952,LPath
I210Y,0.9863,LPath
R211A,0.3885,Amb
R211C,0.1515,LBen
R211D,0.831,LPath
R211E,0.4544,Amb
R211F,0.5289,Amb
R211G,0.2949,LBen
R211H,0.1395,LBen
R211I,0.252,LBen
R211K,0.0841,LBen
R211L,0.2059,LBen
R211M,0.302,LBen
R211N,0.6525,LPath
R211P,0.4091,Amb
R211Q,0.1103,LBen
R211S,0.5104,Amb
R211T,0.2666,LBen
R211V,0.2756,LBen
R211W,0.2615,LBen
R211Y,0.405,Amb
P212A,0.3637,Amb
P212C,0.8294,LPath
P212D,0.9855,LPath
P212E,0.9605,LPath
P212F,0.8476,LPath
P212G,0.853,LPath
P212H,0.6338,LPath
P212I,0.8489,LPath
P212K,0.9671,LPath
P212L,0.5988,LPath
P212M,0.8579,LPath
P212N,0.9192,LPath
P212Q,0.8299,LPath
P212R,0.9084,LPath
P212S,0.6662,LPath
P212T,0.7293,LPath
P212V,0.6894,LPath
P212W,0.9404,LPath
P212Y,0.8055,LPath
L213A,0.5948,LPath
L213C,0.7761,LPath
L213D,0.9995,LPath
L213E,0.9964,LPath
L213F,0.9639,LPath
L213G,0.9011,LPath
L213H,0.9943,LPath
L213I,0.59,LPath
L213K,0.9983,LPath
L213M,0.474,Amb
L213N,0.9819,LPath
L213P,0.998,LPath
L213Q,0.9771,LPath
L213R,0.9955,LPath
L213S,0.8708,LPath
L213T,0.8761,LPath
L213V,0.5357,Amb
L213W,0.9975,LPath
L213Y,0.9963,LPath
L214A,0.8774,LPath
L214C,0.8587,LPath
L214D,0.9994,LPath
L214E,0.9923,LPath
L214F,0.9299,LPath
L214G,0.9833,LPath
L214H,0.9918,LPath
L214I,0.37,Amb
L214K,0.9919,LPath
L214M,0.2916,LBen
L214N,0.9916,LPath
L214P,0.9986,LPath
L214Q,0.9613,LPath
L214R,0.982,LPath
L214S,0.9726,LPath
L214T,0.8633,LPath
L214V,0.3228,LBen
L214W,0.9887,LPath
L214Y,0.992,LPath
E215A,0.3888,Amb
E215C,0.9233,LPath
E215D,0.4998,Amb
E215F,0.9709,LPath
E215G,0.5969,LPath
E215H,0.8789,LPath
E215I,0.8195,LPath
E215K,0.7038,LPath
E215L,0.7663,LPath
E215M,0.7871,LPath
E215N,0.7556,LPath
E215P,0.9943,LPath
E215Q,0.3218,LBen
E215R,0.7838,LPath
E215S,0.5553,Amb
E215T,0.6261,LPath
E215V,0.6112,LPath
E215W,0.9916,LPath
E215Y,0.9518,LPath
G216A,0.9338,LPath
G216C,0.9593,LPath
G216D,0.9894,LPath
G216E,0.9916,LPath
G216F,0.9967,LPath
G216H,0.994,LPath
G216I,0.9973,LPath
G216K,0.9929,LPath
G216L,0.9946,LPath
G216M,0.9936,LPath
G216N,0.98,LPath
G216P,0.9998,LPath
G216Q,0.9858,LPath
G216R,0.9907,LPath
G216S,0.9246,LPath
G216T,0.9858,LPath
G216V,0.9927,LPath
G216W,0.9951,LPath
G216Y,0.9934,LPath
R217A,0.9758,LPath
R217C,0.7682,LPath
R217D,0.9899,LPath
R217E,0.9366,LPath
R217F,0.9833,LPath
R217G,0.948,LPath
R217H,0.6018,LPath
R217I,0.9613,LPath
R217K,0.3699,Amb
R217L,0.9485,LPath
R217M,0.9574,LPath
R217N,0.9748,LPath
R217P,0.9986,LPath
R217Q,0.558,Amb
R217S,0.9795,LPath
R217T,0.9642,LPath
R217V,0.9589,LPath
R217W,0.8558,LPath
R217Y,0.9331,LPath
D218A,0.9981,LPath
D218C,0.9994,LPath
D218E,0.9954,LPath
D218F,0.9997,LPath
D218G,0.9955,LPath
D218H,0.998,LPath
D218I,0.9998,LPath
D218K,0.9996,LPath
D218L,0.9995,LPath
D218M,0.9999,LPath
D218N,0.9828,LPath
D218P,0.9995,LPath
D218Q,0.9992,LPath
D218R,0.9994,LPath
D218S,0.9921,LPath
D218T,0.9991,LPath
D218V,0.9991,LPath
D218W,0.9999,LPath
D218Y,0.9968,LPath
L219A,0.8783,LPath
L219C,0.781,LPath
L219D,0.9993,LPath
L219E,0.9953,LPath
L219F,0.8832,LPath
L219G,0.9843,LPath
L219H,0.9891,LPath
L219I,0.0704,LBen
L219K,0.9949,LPath
L219M,0.2799,LBen
L219N,0.9895,LPath
L219P,0.9985,LPath
L219Q,0.9792,LPath
L219R,0.9902,LPath
L219S,0.9726,LPath
L219T,0.863,LPath
L219V,0.0792,LBen
L219W,0.9939,LPath
L219Y,0.9899,LPath
L220A,0.9829,LPath
L220C,0.9744,LPath
L220D,0.9999,LPath
L220E,0.999,LPath
L220F,0.9778,LPath
L220G,0.9971,LPath
L220H,0.9971,LPath
L220I,0.732,LPath
L220K,0.9946,LPath
L220M,0.6985,LPath
L220N,0.999,LPath
L220P,0.9996,LPath
L220Q,0.9943,LPath
L220R,0.9887,LPath
L220S,0.998,LPath
L220T,0.9898,LPath
L220V,0.7065,LPath
L220W,0.9952,LPath
L220Y,0.9959,LPath
A221C,0.945,LPath
A221D,0.9997,LPath
A221E,0.9995,LPath
A221F,0.997,LPath
A221G,0.2125,LBen
A221H,0.9996,LPath
A221I,0.9934,LPath
A221K,0.9998,LPath
A221L,0.9597,LPath
A221M,0.9917,LPath
A221N,0.9987,LPath
A221P,0.997,LPath
A221Q,0.9979,LPath
A221R,0.9986,LPath
A221S,0.8014,LPath
A221T,0.9833,LPath
A221V,0.9655,LPath
A221W,0.9998,LPath
A221Y,0.9993,LPath
A222C,0.9379,LPath
A222D,0.9985,LPath
A222E,0.9943,LPath
A222F,0.9821,LPath
A222G,0.8415,LPath
A222H,0.986,LPath
A222I,0.9951,LPath
A222K,0.9971,LPath
A222L,0.9699,LPath
A222M,0.9647,LPath
A222N,0.9761,LPath
A222P,0.9995,LPath
A222Q,0.9428,LPath
A222R,0.9821,LPath
A222S,0.3879,Amb
A222T,0.9412,LPath
A222V,0.9781,LPath
A222W,0.9969,LPath
A222Y,0.9924,LPath
A223C,0.9879,LPath
A223D,0.9998,LPath
A223E,0.9996,LPath
A223F,0.9989,LPath
A223G,0.9537,LPath
A223H,0.9995,LPath
A223I,0.9999,LPath
A223K,0.9999,LPath
A223L,0.996,LPath
A223M,0.9991,LPath
A223N,0.9996,LPath
A223P,0.9996,LPath
A223Q,0.9976,LPath
A223R,0.9978,LPath
A223S,0.8135,LPath
A223T,0.9967,LPath
A223V,0.9992,LPath
A223W,0.9998,LPath
A223Y,0.9997,LPath
K224A,0.942,LPath
K224C,0.9447,LPath
K224D,0.9971,LPath
K224E,0.9422,LPath
K224F,0.9983,LPath
K224G,0.968,LPath
K224H,0.8691,LPath
K224I,0.9808,LPath
K224L,0.96,LPath
K224M,0.9444,LPath
K224N,0.9913,LPath
K224P,0.9808,LPath
K224Q,0.4418,Amb
K224R,0.0768,LBen
K224S,0.9783,LPath
K224T,0.946,LPath
K224V,0.9476,LPath
K224W,0.9945,LPath
K224Y,0.9929,LPath
T225A,0.9968,LPath
T225C,0.9998,LPath
T225D,0.9996,LPath
T225E,0.9978,LPath
T225F,0.9995,LPath
T225G,0.9953,LPath
T225H,0.9994,LPath
T225I,0.9991,LPath
T225K,0.9984,LPath
T225L,0.9985,LPath
T225M,0.9982,LPath
T225N,0.9983,LPath
T225P,0.9903,LPath
T225Q,0.9995,LPath
T225R,0.9979,LPath
T225S,0.9979,LPath
T225V,0.997,LPath
T225W,0.9997,LPath
T225Y,0.9997,LPath
G226A,0.9981,LPath
G226C,0.9994,LPath
G226D,0.9999,LPath
G226E,0.9999,LPath
G226F,0.9998,LPath
G226H,1.0,LPath
G226I,0.9997,LPath
G226K,0.9999,LPath
G226L,0.9996,LPath
G226M,0.9999,LPath
G226N,0.9999,LPath
G226P,0.9997,LPath
G226Q,0.9999,LPath
G226R,0.9996,LPath
G226S,0.997,LPath
G226T,0.9992,LPath
G226V,0.999,LPath
G226W,0.9998,LPath
G226Y,0.9999,LPath
S227A,0.6923,LPath
S227C,0.8404,LPath
S227D,0.9989,LPath
S227E,0.9979,LPath
S227F,0.9942,LPath
S227G,0.8937,LPath
S227H,0.9934,LPath
S227I,0.9961,LPath
S227K,0.9996,LPath
S227L,0.9856,LPath
S227M,0.9832,LPath
S227N,0.9904,LPath
S227P,0.9997,LPath
S227Q,0.9941,LPath
S227R,0.999,LPath
S227T,0.8552,LPath
S227V,0.9899,LPath
S227W,0.9937,LPath
S227Y,0.9936,LPath
G228A,0.9992,LPath
G228C,0.9996,LPath
G228D,0.9999,LPath
G228E,0.9999,LPath
G228F,0.9999,LPath
G228H,1.0,LPath
G228I,1.0,LPath
G228K,0.9999,LPath
G228L,0.9997,LPath
G228M,0.9999,LPath
G228N,0.9999,LPath
G228P,1.0,LPath
G228Q,0.9999,LPath
G228R,0.9997,LPath
G228S,0.9988,LPath
G228T,0.9997,LPath
G228V,0.9999,LPath
G228W,0.9999,LPath
G228Y,1.0,LPath
K229A,0.9998,LPath
K229C,1.0,LPath
K229D,0.9997,LPath
K229E,0.9992,LPath
K229F,1.0,LPath
K229G,0.9997,LPath
K229H,0.9996,LPath
K229I,0.9998,LPath
K229L,0.9999,LPath
K229M,0.9997,LPath
K229N,0.9997,LPath
K229P,0.9998,LPath
K229Q,0.9997,LPath
K229R,0.9744,LPath
K229S,0.9999,LPath
K229T,0.9991,LPath
K229V,0.9999,LPath
K229W,1.0,LPath
K229Y,0.9999,LPath
T230A,0.9985,LPath
T230C,0.9996,LPath
T230D,0.9992,LPath
T230E,0.999,LPath
T230F,0.9997,LPath
T230G,0.9959,LPath
T230H,0.9981,LPath
T230I,0.9995,LPath
T230K,0.9986,LPath
T230L,0.9987,LPath
T230M,0.9984,LPath
T230N,0.9978,LPath
T230P,0.997,LPath
T230Q,0.9988,LPath
T230R,0.9981,LPath
T230S,0.9817,LPath
T230V,0.9986,LPath
T230W,0.9998,LPath
T230Y,0.9995,LPath
L231A,0.9136,LPath
L231C,0.9755,LPath
L231D,0.9998,LPath
L231E,0.9987,LPath
L231F,0.9587,LPath
L231G,0.9929,LPath
L231H,0.9982,LPath
L231I,0.5562,Amb
L231K,0.9973,LPath
L231M,0.553,Amb
L231N,0.9978,LPath
L231P,0.9984,LPath
L231Q,0.9939,LPath
L231R,0.9941,LPath
L231S,0.9911,LPath
L231T,0.9643,LPath
L231V,0.5717,LPath
L231W,0.9959,LPath
L231Y,0.9967,LPath
A232C,0.9468,LPath
A232D,0.9996,LPath
A232E,0.9996,LPath
A232F,0.9994,LPath
A232G,0.4488,Amb
A232H,0.9996,LPath
A232I,0.999,LPath
A232K,1.0,LPath
A232L,0.9907,LPath
A232M,0.9968,LPath
A232N,0.9978,LPath
A232P,0.9991,LPath
A232Q,0.9981,LPath
A232R,0.9996,LPath
A232S,0.2412,LBen
A232T,0.9718,LPath
A232V,0.9917,LPath
A232W,1.0,LPath
A232Y,0.9997,LPath
F233A,0.9974,LPath
F233C,0.9837,LPath
F233D,0.9999,LPath
F233E,0.9999,LPath
F233G,0.9985,LPath
F233H,0.9973,LPath
F233I,0.9895,LPath
F233K,0.9999,LPath
F233L,0.9988,LPath
F233M,0.9888,LPath
F233N,0.9989,LPath
F233P,0.9999,LPath
F233Q,0.9996,LPath
F233R,0.9995,LPath
F233S,0.9965,LPath
F233T,0.9989,LPath
F233V,0.9823,LPath
F233W,0.9738,LPath
F233Y,0.756,LPath
L234A,0.8797,LPath
L234C,0.8466,LPath
L234D,0.9998,LPath
L234E,0.9986,LPath
L234F,0.9837,LPath
L234G,0.9852,LPath
L234H,0.9983,LPath
L234I,0.3704,Amb
L234K,0.9993,LPath
L234M,0.5614,Amb
L234N,0.9949,LPath
L234P,0.9993,LPath
L234Q,0.994,LPath
L234R,0.9985,LPath
L234S,0.9761,LPath
L234T,0.8991,LPath
L234V,0.3396,LBen
L234W,0.9992,LPath
L234Y,0.9988,LPath
I235A,0.951,LPath
I235C,0.9718,LPath
I235D,0.9998,LPath
I235E,0.9992,LPath
I235F,0.8874,LPath
I235G,0.9944,LPath
I235H,0.999,LPath
I235K,0.9989,LPath
I235L,0.2626,LBen
I235M,0.539,Amb
I235N,0.9949,LPath
I235P,0.9961,LPath
I235Q,0.9985,LPath
I235R,0.9987,LPath
I235S,0.9817,LPath
I235T,0.9096,LPath
I235V,0.1115,LBen
I235W,0.999,LPath
I235Y,0.9954,LPath
P236A,0.879,LPath
P236C,0.9935,LPath
P236D,0.9996,LPath
P236E,0.9995,LPath
P236F,0.9997,LPath
P236G,0.9729,LPath
P236H,0.9986,LPath
P236I,0.998,LPath
P236K,0.9997,LPath
P236L,0.9874,LPath
P236M,0.9985,LPath
P236N,0.9991,LPath
P236Q,0.9983,LPath
P236R,0.9988,LPath
P236S,0.9676,LPath
P236T,0.9816,LPath
P236V,0.9899,LPath
P236W,0.9999,LPath
P236Y,0.9998,LPath
A237C,0.45,Amb
A237D,0.9966,LPath
A237E,0.9931,LPath
A237F,0.9778,LPath
A237G,0.4679,Amb
A237H,0.9965,LPath
A237I,0.5049,Amb
A237K,0.9991,LPath
A237L,0.7123,LPath
A237M,0.6493,LPath
A237N,0.9712,LPath
A237P,0.986,LPath
A237Q,0.9845,LPath
A237R,0.998,LPath
A237S,0.1607,LBen
A237T,0.1899,LBen
A237V,0.1973,LBen
A237W,0.9991,LPath
A237Y,0.9965,LPath
V238A,0.5012,Amb
V238C,0.8272,LPath
V238D,0.9963,LPath
V238E,0.9868,LPath
V238F,0.8172,LPath
V238G,0.8737,LPath
V238H,0.9961,LPath
V238I,0.0642,LBen
V238K,0.9947,LPath
V238L,0.3611,Amb
V238M,0.3356,LBen
V238N,0.9681,LPath
V238P,0.9942,LPath
V238Q,0.982,LPath
V238R,0.991,LPath
V238S,0.8075,LPath
V238T,0.4518,Amb
V238W,0.9968,LPath
V238Y,0.9886,LPath
E239A,0.9664,LPath
E239C,0.9927,LPath
E239D,0.7133,LPath
E239F,0.9996,LPath
E239G,0.973,LPath
E239H,0.9923,LPath
E239I,0.9981,LPath
E239K,0.9959,LPath
E239L,0.9982,LPath
E239M,0.9972,LPath
E239N,0.9476,LPath
E239P,0.9997,LPath
E239Q,0.9329,LPath
E239R,0.9957,LPath
E239S,0.9293,LPath
E239T,0.9907,LPath
E239V,0.9918,LPath
E239W,0.9998,LPath
E239Y,0.9984,LPath
L240A,0.8747,LPath
L240C,0.8454,LPath
L240D,0.9956,LPath
L240E,0.9758,LPath
L240F,0.8706,LPath
L240G,0.9534,LPath
L240H,0.9398,LPath
L240I,0.4603,Amb
L240K,0.9217,LPath
L240M,0.2837,LBen
L240N,0.9136,LPath
L240P,0.9991,LPath
L240Q,0.8908,LPath
L240R,0.8867,LPath
L240S,0.9571,LPath
L240T,0.8797,LPath
L240V,0.4892,Amb
L240W,0.9575,LPath
L240Y,0.9367,LPath
I241A,0.4906,Amb
I241C,0.8184,LPath
I241D,0.9974,LPath
I241E,0.9893,LPath
I241F,0.787,LPath
I241G,0.9532,LPath
I241H,0.9922,LPath
I241K,0.9929,LPath
I241L,0.1384,LBen
I241M,0.111,LBen
I241N,0.9411,LPath
I241P,0.9892,LPath
I241Q,0.9706,LPath
I241R,0.9881,LPath
I241S,0.7782,LPath
I241T,0.3518,Amb
I241V,0.0833,LBen
I241W,0.9957,LPath
I241Y,0.9876,LPath
V242A,0.2619,LBen
V242C,0.4379,Amb
V242D,0.6315,LPath
V242E,0.5471,Amb
V242F,0.1142,LBen
V242G,0.2644,LBen
V242H,0.4633,Amb
V242I,0.0928,LBen
V242K,0.752,LPath
V242L,0.2365,LBen
V242M,0.1688,LBen
V242N,0.2533,LBen
V242P,0.9778,LPath
V242Q,0.419,Amb
V242R,0.6506,LPath
V242S,0.1839,LBen
V242T,0.2015,LBen
V242W,0.7619,LPath
V242Y,0.3653,Amb
K243A,0.7789,LPath
K243C,0.8305,LPath
K243D,0.8992,LPath
K243E,0.7062,LPath
K243F,0.9748,LPath
K243G,0.8056,LPath
K243H,0.4345,Amb
K243I,0.9079,LPath
K243L,0.8357,LPath
K243M,0.7217,LPath
K243N,0.7288,LPath
K243P,0.9915,LPath
K243Q,0.3073,LBen
K243R,0.1061,LBen
K243S,0.7398,LPath
K243T,0.5717,LPath
K243V,0.8464,LPath
K243W,0.9559,LPath
K243Y,0.9202,LPath
L244A,0.7985,LPath
L244C,0.7284,LPath
L244D,0.9938,LPath
L244E,0.957,LPath
L244F,0.8794,LPath
L244G,0.9312,LPath
L244H,0.9279,LPath
L244I,0.4186,Amb
L244K,0.9423,LPath
L244M,0.3664,Amb
L244N,0.9002,LPath
L244P,0.9942,LPath
L244Q,0.8431,LPath
L244R,0.8888,LPath
L244S,0.9111,LPath
L244T,0.8183,LPath
L244V,0.4404,Amb
L244W,0.9523,LPath
L244Y,0.9385,LPath
R245A,0.6236,LPath
R245C,0.3572,Amb
R245D,0.7054,LPath
R245E,0.4415,Amb
R245F,0.9146,LPath
R245G,0.269,LBen
R245H,0.1568,LBen
R245I,0.853,LPath
R245K,0.0567,LBen
R245L,0.6758,LPath
R245M,0.6415,LPath
R245N,0.5134,Amb
R245P,0.9035,LPath
R245Q,0.133,LBen
R245S,0.5491,Amb
R245T,0.558,Amb
R245V,0.8076,LPath
R245W,0.6539,LPath
R245Y,0.7467,LPath
F246A,0.9981,LPath
F246C,0.9833,LPath
F246D,0.9996,LPath
F246E,0.9996,LPath
F246G,0.9983,LPath
F246H,0.9939,LPath
F246I,0.9733,LPath
F246K,0.9996,LPath
F246L,0.9969,LPath
F246M,0.9702,LPath
F246N,0.9973,LPath
F246P,0.9999,LPath
F246Q,0.9984,LPath
F246R,0.9986,LPath
F246S,0.9978,LPath
F246T,0.9986,LPath
F246V,0.9755,LPath
F246W,0.8629,LPath
F246Y,0.5994,LPath
M247A,0.8392,LPath
M247C,0.8957,LPath
M247D,0.9961,LPath
M247E,0.9772,LPath
M247F,0.6753,LPath
M247G,0.9246,LPath
M247H,0.8612,LPath
M247I,0.9547,LPath
M247K,0.5461,Amb
M247L,0.2889,LBen
M247N,0.9353,LPath
M247P,0.9839,LPath
M247Q,0.6123,LPath
M247R,0.7103,LPath
M247S,0.776,LPath
M247T,0.7596,LPath
M247V,0.6071,LPath
M247W,0.9532,LPath
M247Y,0.863,LPath
P248A,0.6714,LPath
P248C,0.9859,LPath
P248D,0.998,LPath
P248E,0.9912,LPath
P248F,0.9966,LPath
P248G,0.9556,LPath
P248H,0.9729,LPath
P248I,0.988,LPath
P248K,0.9933,LPath
P248L,0.947,LPath
P248M,0.9815,LPath
P248N,0.9826,LPath
P248Q,0.931,LPath
P248R,0.9751,LPath
P248S,0.8886,LPath
P248T,0.912,LPath
P248V,0.9596,LPath
P248W,0.9978,LPath
P248Y,0.9946,LPath
R249A,0.9921,LPath
R249C,0.9534,LPath
R249D,0.9979,LPath
R249E,0.9905,LPath
R249F,0.996,LPath
R249G,0.9871,LPath
R249H,0.9324,LPath
R249I,0.9898,LPath
R249K,0.8556,LPath
R249L,0.9821,LPath
R249M,0.9928,LPath
R249N,0.9967,LPath
R249P,0.9969,LPath
R249Q,0.9236,LPath
R249S,0.9951,LPath
R249T,0.9953,LPath
R249V,0.9831,LPath
R249W,0.955,LPath
R249Y,0.9816,LPath
N250A,0.942,LPath
N250C,0.7691,LPath
N250D,0.9673,LPath
N250E,0.9911,LPath
N250F,0.9649,LPath
N250G,0.9211,LPath
N250H,0.7117,LPath
N250I,0.9607,LPath
N250K,0.9869,LPath
N250L,0.8903,LPath
N250M,0.9191,LPath
N250P,0.9956,LPath
N250Q,0.9559,LPath
N250R,0.9728,LPath
N250S,0.5749,LPath
N250T,0.9146,LPath
N250V,0.9452,LPath
N250W,0.9831,LPath
N250Y,0.7799,LPath
G251A,0.9935,LPath
G251C,0.9985,LPath
G251D,0.9998,LPath
G251E,0.9999,LPath
G251F,0.9997,LPath
G251H,0.9999,LPath
G251I,0.9998,LPath
G251K,0.9998,LPath
G251L,0.9997,LPath
G251M,0.9998,LPath
G251N,0.9998,LPath
G251P,0.9999,LPath
G251Q,0.9996,LPath
G251R,0.9992,LPath
G251S,0.9955,LPath
G251T,0.9991,LPath
G251V,0.9995,LPath
G251W,0.9998,LPath
G251Y,0.9997,LPath
T252A,0.2251,LBen
T252C,0.4509,Amb
T252D,0.9964,LPath
T252E,0.9964,LPath
T252F,0.9938,LPath
T252G,0.7719,LPath
T252H,0.9927,LPath
T252I,0.863,LPath
T252K,0.9956,LPath
T252L,0.6811,LPath
T252M,0.6429,LPath
T252N,0.9326,LPath
T252P,0.7041,LPath
T252Q,0.9851,LPath
T252R,0.991,LPath
T252S,0.4868,Amb
T252V,0.4713,Amb
T252W,0.9993,LPath
T252Y,0.998,LPath
G253A,0.5668,LPath
G253C,0.9447,LPath
G253D,0.9995,LPath
G253E,0.9994,LPath
G253F,0.9985,LPath
G253H,0.9995,LPath
G253I,0.996,LPath
G253K,0.9996,LPath
G253L,0.9943,LPath
G253M,0.9967,LPath
G253N,0.9987,LPath
G253P,0.9993,LPath
G253Q,0.9983,LPath
G253R,0.9976,LPath
G253S,0.9125,LPath
G253T,0.9871,LPath
G253V,0.9874,LPath
G253W,0.9991,LPath
G253Y,0.9992,LPath
V254A,0.3093,LBen
V254C,0.6141,LPath
V254D,0.9956,LPath
V254E,0.9936,LPath
V254F,0.9346,LPath
V254G,0.6751,LPath
V254H,0.9978,LPath
V254I,0.1324,LBen
V254K,0.9981,LPath
V254L,0.7552,LPath
V254M,0.7263,LPath
V254N,0.9729,LPath
V254P,0.9959,LPath
V254Q,0.9899,LPath
V254R,0.9937,LPath
V254S,0.6163,LPath
V254T,0.5656,LPath
V254W,0.9994,LPath
V254Y,0.9952,LPath
L255A,0.8414,LPath
L255C,0.7216,LPath
L255D,0.9997,LPath
L255E,0.9968,LPath
L255F,0.6389,LPath
L255G,0.9899,LPath
L255H,0.9912,LPath
L255I,0.0821,LBen
L255K,0.9971,LPath
L255M,0.1854,LBen
L255N,0.9953,LPath
L255P,0.9979,LPath
L255Q,0.9848,LPath
L255R,0.9947,LPath
L255S,0.9802,LPath
L255T,0.9117,LPath
L255V,0.0863,LBen
L255W,0.98,LPath
L255Y,0.9784,LPath
I256A,0.9808,LPath
I256C,0.9404,LPath
I256D,0.9998,LPath
I256E,0.9994,LPath
I256F,0.9159,LPath
I256G,0.9983,LPath
I256H,0.9989,LPath
I256K,0.9994,LPath
I256L,0.5483,Amb
I256M,0.7166,LPath
I256N,0.9966,LPath
I256P,0.9992,LPath
I256Q,0.9987,LPath
I256R,0.9988,LPath
I256S,0.99,LPath
I256T,0.9799,LPath
I256V,0.0899,LBen
I256W,0.9992,LPath
I256Y,0.9962,LPath
L257A,0.9549,LPath
L257C,0.8892,LPath
L257D,0.9998,LPath
L257E,0.9987,LPath
L257F,0.8424,LPath
L257G,0.9971,LPath
L257H,0.9971,LPath
L257I,0.1247,LBen
L257K,0.9987,LPath
L257M,0.3522,Amb
L257N,0.9981,LPath
L257P,0.9975,LPath
L257Q,0.9947,LPath
L257R,0.9974,LPath
L257S,0.9937,LPath
L257T,0.9639,LPath
L257V,0.1669,LBen
L257W,0.9951,LPath
L257Y,0.9936,LPath
S258A,0.1978,LBen
S258C,0.2433,LBen
S258D,0.9987,LPath
S258E,0.9962,LPath
S258F,0.9896,LPath
S258G,0.7517,LPath
S258H,0.9925,LPath
S258I,0.9501,LPath
S258K,0.9998,LPath
S258L,0.782,LPath
S258M,0.8471,LPath
S258N,0.9779,LPath
S258P,0.991,LPath
S258Q,0.9913,LPath
S258R,0.9995,LPath
S258T,0.2773,LBen
S258V,0.8394,LPath
S258W,0.9978,LPath
S258Y,0.9937,LPath
P259A,0.9892,LPath
P259C,0.9993,LPath
P259D,0.9998,LPath
P259E,0.9997,LPath
P259F,1.0,LPath
P259G,0.9978,LPath
P259H,0.9997,LPath
P259I,0.9998,LPath
P259K,0.9999,LPath
P259L,0.998,LPath
P259M,0.9999,LPath
P259N,0.9998,LPath
P259Q,0.9997,LPath
P259R,0.9992,LPath
P259S,0.9975,LPath
P259T,0.9984,LPath
P259V,0.9987,LPath
P259W,1.0,LPath
P259Y,1.0,LPath
T260A,0.974,LPath
T260C,0.9955,LPath
T260D,0.9994,LPath
T260E,0.9986,LPath
T260F,0.9982,LPath
T260G,0.9873,LPath
T260H,0.9984,LPath
T260I,0.998,LPath
T260K,0.9983,LPath
T260L,0.9848,LPath
T260M,0.9917,LPath
T260N,0.9955,LPath
T260P,0.9763,LPath
T260Q,0.9967,LPath
T260R,0.9958,LPath
T260S,0.9604,LPath
T260V,0.9764,LPath
T260W,0.9997,LPath
T260Y,0.9992,LPath
R261A,0.9999,LPath
R261C,0.9998,LPath
R261D,0.9999,LPath
R261E,0.9992,LPath
R261F,1.0,LPath
R261G,0.9997,LPath
R261H,0.9994,LPath
R261I,1.0,LPath
R261K,0.9967,LPath
R261L,0.9996,LPath
R261M,1.0,LPath
R261N,0.9999,LPath
R261P,0.9998,LPath
R261Q,0.9993,LPath
R261S,0.9999,LPath
R261T,0.9999,LPath
R261V,0.9998,LPath
R261W,0.9995,LPath
R261Y,0.9999,LPath
E262A,0.9992,LPath
E262C,0.9997,LPath
E262D,0.9997,LPath
E262F,1.0,LPath
E262G,0.9993,LPath
E262H,0.9999,LPath
E262I,0.9998,LPath
E262K,0.9998,LPath
E262L,0.9999,LPath
E262M,0.9999,LPath
E262N,0.9999,LPath
E262P,0.9997,LPath
E262Q,0.9987,LPath
E262R,0.9997,LPath
E262S,0.9997,LPath
E262T,0.9999,LPath
E262V,0.9996,LPath
E262W,1.0,LPath
E262Y,0.9999,LPath
L263A,0.9957,LPath
L263C,0.9992,LPath
L263D,0.9999,LPath
L263E,0.9995,LPath
L263F,0.9994,LPath
L263G,0.9975,LPath
L263H,0.9998,LPath
L263I,0.9873,LPath
L263K,0.9988,LPath
L263M,0.9789,LPath
L263N,0.9981,LPath
L263P,0.9999,LPath
L263Q,0.9998,LPath
L263R,0.999,LPath
L263S,0.9997,LPath
L263T,0.9975,LPath
L263V,0.9915,LPath
L263W,0.9997,LPath
L263Y,0.9996,LPath
A264C,0.8672,LPath
A264D,0.9996,LPath
A264E,0.9994,LPath
A264F,0.9992,LPath
A264G,0.7525,LPath
A264H,0.9994,LPath
A264I,0.9978,LPath
A264K,0.9999,LPath
A264L,0.9817,LPath
A264M,0.992,LPath
A264N,0.9967,LPath
A264P,0.9996,LPath
A264Q,0.9968,LPath
A264R,0.9995,LPath
A264S,0.2687,LBen
A264T,0.9563,LPath
A264V,0.9815,LPath
A264W,0.9999,LPath
A264Y,0.9997,LPath
M265A,0.9819,LPath
M265C,0.9708,LPath
M265D,0.9997,LPath
M265E,0.9966,LPath
M265F,0.9139,LPath
M265G,0.9917,LPath
M265H,0.9966,LPath
M265I,0.9338,LPath
M265K,0.9923,LPath
M265L,0.3239,LBen
M265N,0.9926,LPath
M265P,0.9995,LPath
M265Q,0.9709,LPath
M265R,0.9899,LPath
M265S,0.9823,LPath
M265T,0.9769,LPath
M265V,0.5483,Amb
M265W,0.993,LPath
M265Y,0.9882,LPath
Q266A,0.9755,LPath
Q266C,0.9999,LPath
Q266D,0.9987,LPath
Q266E,0.963,LPath
Q266F,0.9996,LPath
Q266G,0.9625,LPath
Q266H,0.9999,LPath
Q266I,0.9964,LPath
Q266K,0.996,LPath
Q266L,0.9928,LPath
Q266M,0.9812,LPath
Q266N,0.9928,LPath
Q266P,0.9984,LPath
Q266R,0.9985,LPath
Q266S,0.9794,LPath
Q266T,0.9867,LPath
Q266V,0.9933,LPath
Q266W,0.9999,LPath
Q266Y,0.9999,LPath
T267A,0.8073,LPath
T267C,0.9111,LPath
T267D,0.9979,LPath
T267E,0.9971,LPath
T267F,0.9969,LPath
T267G,0.9629,LPath
T267H,0.9963,LPath
T267I,0.5247,Amb
T267K,0.9985,LPath
T267L,0.7668,LPath
T267M,0.7357,LPath
T267N,0.937,LPath
T267P,0.9916,LPath
T267Q,0.9946,LPath
T267R,0.9987,LPath
T267S,0.7025,LPath
T267V,0.6508,LPath
T267W,0.9997,LPath
T267Y,0.9983,LPath
F268A,0.9514,LPath
F268C,0.7563,LPath
F268D,0.9951,LPath
F268E,0.9965,LPath
F268G,0.9741,LPath
F268H,0.8187,LPath
F268I,0.967,LPath
F268K,0.9967,LPath
F268L,0.9916,LPath
F268M,0.9471,LPath
F268N,0.9421,LPath
F268P,0.9999,LPath
F268Q,0.9841,LPath
F268R,0.9873,LPath
F268S,0.9006,LPath
F268T,0.9769,LPath
F268V,0.9168,LPath
F268W,0.6416,LPath
F268Y,0.1247,LBen
G269A,0.6682,LPath
G269C,0.8674,LPath
G269D,0.9898,LPath
G269E,0.9877,LPath
G269F,0.9851,LPath
G269H,0.9847,LPath
G269I,0.9782,LPath
G269K,0.997,LPath
G269L,0.9696,LPath
G269M,0.9727,LPath
G269N,0.9476,LPath
G269P,0.9995,LPath
G269Q,0.9725,LPath
G269R,0.9893,LPath
G269S,0.5785,LPath
G269T,0.8826,LPath
G269V,0.9492,LPath
G269W,0.9825,LPath
G269Y,0.9828,LPath
V270A,0.98,LPath
V270C,0.9814,LPath
V270D,0.9975,LPath
V270E,0.9854,LPath
V270F,0.9478,LPath
V270G,0.9575,LPath
V270H,0.9966,LPath
V270I,0.3005,LBen
V270K,0.9948,LPath
V270L,0.9844,LPath
V270M,0.9411,LPath
V270N,0.9556,LPath
V270P,0.9978,LPath
V270Q,0.9822,LPath
V270R,0.9885,LPath
V270S,0.9557,LPath
V270T,0.9096,LPath
V270W,0.9993,LPath
V270Y,0.9953,LPath
L271A,0.7111,LPath
L271C,0.6559,LPath
L271D,0.9997,LPath
L271E,0.9975,LPath
L271F,0.801,LPath
L271G,0.957,LPath
L271H,0.9955,LPath
L271I,0.5047,Amb
L271K,0.9981,LPath
L271M,0.2568,LBen
L271N,0.9951,LPath
L271P,0.9992,LPath
L271Q,0.9826,LPath
L271R,0.9957,LPath
L271S,0.9544,LPath
L271T,0.8412,LPath
L271V,0.3222,LBen
L271W,0.9916,LPath
L271Y,0.9925,LPath
K272A,0.8864,LPath
K272C,0.8158,LPath
K272D,0.9739,LPath
K272E,0.7415,LPath
K272F,0.9898,LPath
K272G,0.8616,LPath
K272H,0.6685,LPath
K272I,0.9276,LPath
K272L,0.8628,LPath
K272M,0.7516,LPath
K272N,0.9076,LPath
K272P,0.9949,LPath
K272Q,0.2689,LBen
K272R,0.0785,LBen
K272S,0.8774,LPath
K272T,0.7074,LPath
K272V,0.8494,LPath
K272W,0.9552,LPath
K272Y,0.9537,LPath
E273A,0.7206,LPath
E273C,0.9797,LPath
E273D,0.3232,LBen
E273F,0.9871,LPath
E273G,0.728,LPath
E273H,0.9562,LPath
E273I,0.9372,LPath
E273K,0.8958,LPath
E273L,0.941,LPath
E273M,0.9374,LPath
E273N,0.8236,LPath
E273P,0.9956,LPath
E273Q,0.6839,LPath
E273R,0.9389,LPath
E273S,0.7553,LPath
E273T,0.8304,LPath
E273V,0.8383,LPath
E273W,0.9962,LPath
E273Y,0.9629,LPath
L274A,0.9269,LPath
L274C,0.8978,LPath
L274D,0.9996,LPath
L274E,0.9971,LPath
L274F,0.884,LPath
L274G,0.9922,LPath
L274H,0.9968,LPath
L274I,0.16,LBen
L274K,0.9979,LPath
L274M,0.3424,Amb
L274N,0.9954,LPath
L274P,0.9991,LPath
L274Q,0.9935,LPath
L274R,0.9967,LPath
L274S,0.9909,LPath
L274T,0.9141,LPath
L274V,0.1888,LBen
L274W,0.9928,LPath
L274Y,0.9915,LPath
M275A,0.7853,LPath
M275C,0.6488,LPath
M275D,0.9975,LPath
M275E,0.985,LPath
M275F,0.8859,LPath
M275G,0.9039,LPath
M275H,0.9893,LPath
M275I,0.8178,LPath
M275K,0.975,LPath
M275L,0.2071,LBen
M275N,0.952,LPath
M275P,0.9978,LPath
M275Q,0.9233,LPath
M275R,0.9806,LPath
M275S,0.8278,LPath
M275T,0.5973,LPath
M275V,0.3224,LBen
M275W,0.9957,LPath
M275Y,0.9914,LPath
T276A,0.0622,LBen
T276C,0.1747,LBen
T276D,0.3248,LBen
T276E,0.2164,LBen
T276F,0.2265,LBen
T276G,0.1163,LBen
T276H,0.1924,LBen
T276I,0.1189,LBen
T276K,0.1793,LBen
T276L,0.0753,LBen
T276M,0.0746,LBen
T276N,0.0783,LBen
T276P,0.2989,LBen
T276Q,0.1429,LBen
T276R,0.1916,LBen
T276S,0.0811,LBen
T276V,0.0963,LBen
T276W,0.5971,LPath
T276Y,0.2566,LBen
H277A,0.3262,LBen
H277C,0.1336,LBen
H277D,0.3009,LBen
H277E,0.3923,Amb
H277F,0.1514,LBen
H277G,0.2871,LBen
H277I,0.5201,Amb
H277K,0.4039,Amb
H277L,0.2474,LBen
H277M,0.5226,Amb
H277N,0.1056,LBen
H277P,0.4901,Amb
H277Q,0.2672,LBen
H277R,0.2421,LBen
H277S,0.2105,LBen
H277T,0.3487,Amb
H277V,0.3981,Amb
H277W,0.3055,LBen
H277Y,0.0616,LBen
H278A,0.9453,LPath
H278C,0.5744,LPath
H278D,0.9378,LPath
H278E,0.9552,LPath
H278F,0.8606,LPath
H278G,0.9578,LPath
H278I,0.9431,LPath
H278K,0.9811,LPath
H278L,0.7894,LPath
H278M,0.9185,LPath
H278N,0.5733,LPath
H278P,0.9683,LPath
H278Q,0.8476,LPath
H278R,0.9597,LPath
H278S,0.8163,LPath
H278T,0.8883,LPath
H278V,0.9281,LPath
H278W,0.9487,LPath
H278Y,0.7643,LPath
V279A,0.3404,Amb
V279C,0.5316,Amb
V279D,0.7858,LPath
V279E,0.7402,LPath
V279F,0.2405,LBen
V279G,0.3503,Amb
V279H,0.6424,LPath
V279I,0.0821,LBen
V279K,0.7674,LPath
V279L,0.3238,LBen
V279M,0.1913,LBen
V279N,0.3676,Amb
V279P,0.6231,LPath
V279Q,0.5394,Amb
V279R,0.698,LPath
V279S,0.2744,LBen
V279T,0.2401,LBen
V279W,0.8828,LPath
V279Y,0.6316,LPath
H280A,0.8727,LPath
H280C,0.392,Amb
H280D,0.9647,LPath
H280E,0.9395,LPath
H280F,0.6148,LPath
H280G,0.9304,LPath
H280I,0.8149,LPath
H280K,0.9604,LPath
H280L,0.4877,Amb
H280M,0.8022,LPath
H280N,0.4993,Amb
H280P,0.8935,LPath
H280Q,0.6771,LPath
H280R,0.9161,LPath
H280S,0.7902,LPath
H280T,0.8951,LPath
H280V,0.811,LPath
H280W,0.8485,LPath
H280Y,0.4159,Amb
T281A,0.9189,LPath
T281C,0.961,LPath
T281D,0.9928,LPath
T281E,0.9955,LPath
T281F,0.9947,LPath
T281G,0.8803,LPath
T281H,0.9609,LPath
T281I,0.9937,LPath
T281K,0.9811,LPath
T281L,0.9637,LPath
T281M,0.9444,LPath
T281N,0.9003,LPath
T281P,0.9577,LPath
T281Q,0.9687,LPath
T281R,0.9623,LPath
T281S,0.5293,Amb
T281V,0.9678,LPath
T281W,0.9976,LPath
T281Y,0.9903,LPath
Y282A,0.6946,LPath
Y282C,0.1266,LBen
Y282D,0.9333,LPath
Y282E,0.9708,LPath
Y282F,0.0677,LBen
Y282G,0.7666,LPath
Y282H,0.3672,Amb
Y282I,0.6717,LPath
Y282K,0.9515,LPath
Y282L,0.7343,LPath
Y282M,0.7259,LPath
Y282N,0.5885,LPath
Y282P,0.9794,LPath
Y282Q,0.862,LPath
Y282R,0.8673,LPath
Y282S,0.4211,Amb
Y282T,0.669,LPath
Y282V,0.4898,Amb
Y282W,0.3854,Amb
G283A,0.4808,Amb
G283C,0.8164,LPath
G283D,0.9974,LPath
G283E,0.9982,LPath
G283F,0.9937,LPath
G283H,0.9966,LPath
G283I,0.9888,LPath
G283K,0.9992,LPath
G283L,0.982,LPath
G283M,0.9868,LPath
G283N,0.9894,LPath
G283P,0.9996,LPath
G283Q,0.9912,LPath
G283R,0.9961,LPath
G283S,0.6321,LPath
G283T,0.9341,LPath
G283V,0.9734,LPath
G283W,0.9967,LPath
G283Y,0.9948,LPath
L284A,0.9574,LPath
L284C,0.8643,LPath
L284D,0.9995,LPath
L284E,0.9958,LPath
L284F,0.906,LPath
L284G,0.9894,LPath
L284H,0.9871,LPath
L284I,0.3265,LBen
L284K,0.9846,LPath
L284M,0.4709,Amb
L284N,0.9883,LPath
L284P,0.9976,LPath
L284Q,0.9756,LPath
L284R,0.9739,LPath
L284S,0.9902,LPath
L284T,0.9534,LPath
L284V,0.3945,Amb
L284W,0.9833,LPath
L284Y,0.981,LPath
I285A,0.8539,LPath
I285C,0.7999,LPath
I285D,0.999,LPath
I285E,0.9974,LPath
I285F,0.8424,LPath
I285G,0.9855,LPath
I285H,0.9962,LPath
I285K,0.9972,LPath
I285L,0.1251,LBen
I285M,0.3545,Amb
I285N,0.9838,LPath
I285P,0.9944,LPath
I285Q,0.9936,LPath
I285R,0.9955,LPath
I285S,0.9475,LPath
I285T,0.8217,LPath
I285V,0.0765,LBen
I285W,0.9959,LPath
I285Y,0.9876,LPath
M286A,0.9602,LPath
M286C,0.9622,LPath
M286D,0.9994,LPath
M286E,0.9962,LPath
M286F,0.9137,LPath
M286G,0.9908,LPath
M286H,0.9962,LPath
M286I,0.8552,LPath
M286K,0.9914,LPath
M286L,0.7434,LPath
M286N,0.9929,LPath
M286P,0.9979,LPath
M286Q,0.9588,LPath
M286R,0.9869,LPath
M286S,0.9516,LPath
M286T,0.8972,LPath
M286V,0.5783,LPath
M286W,0.9932,LPath
M286Y,0.9924,LPath
G287A,0.9962,LPath
G287C,0.9997,LPath
G287D,0.9997,LPath
G287E,0.9999,LPath
G287F,0.9998,LPath
G287H,1.0,LPath
G287I,0.9995,LPath
G287K,0.9999,LPath
G287L,0.9997,LPath
G287M,0.9999,LPath
G287N,0.9999,LPath
G287P,0.9998,LPath
G287Q,1.0,LPath
G287R,0.9999,LPath
G287S,0.9987,LPath
G287T,0.9993,LPath
G287V,0.999,LPath
G287W,0.9995,LPath
G287Y,0.9998,LPath
G288A,0.9954,LPath
G288C,0.9988,LPath
G288D,0.9997,LPath
G288E,0.9998,LPath
G288F,0.9992,LPath
G288H,0.9999,LPath
G288I,0.9991,LPath
G288K,0.9998,LPath
G288L,0.9995,LPath
G288M,0.9997,LPath
G288N,0.9995,LPath
G288P,0.9998,LPath
G288Q,0.9998,LPath
G288R,0.9994,LPath
G288S,0.9946,LPath
G288T,0.9983,LPath
G288V,0.9987,LPath
G288W,0.9993,LPath
G288Y,0.9996,LPath
S289A,0.1243,LBen
S289C,0.2699,LBen
S289D,0.9887,LPath
S289E,0.9886,LPath
S289F,0.8852,LPath
S289G,0.2174,LBen
S289H,0.946,LPath
S289I,0.8218,LPath
S289K,0.996,LPath
S289L,0.5079,Amb
S289M,0.532,Amb
S289N,0.6291,LPath
S289P,0.9874,LPath
S289Q,0.9327,LPath
S289R,0.9926,LPath
S289T,0.2062,LBen
S289V,0.6906,LPath
S289W,0.9552,LPath
S289Y,0.9034,LPath
N290A,0.4179,Amb
N290C,0.3557,Amb
N290D,0.7208,LPath
N290E,0.9723,LPath
N290F,0.8846,LPath
N290G,0.4728,Amb
N290H,0.355,Amb
N290I,0.716,LPath
N290K,0.9431,LPath
N290L,0.5592,Amb
N290M,0.6956,LPath
N290P,0.6341,LPath
N290Q,0.8125,LPath
N290R,0.9261,LPath
N290S,0.0818,LBen
N290T,0.4043,Amb
N290V,0.5243,Amb
N290W,0.9706,LPath
N290Y,0.63,LPath
R291A,0.9969,LPath
R291C,0.9755,LPath
R291D,0.9992,LPath
R291E,0.9956,LPath
R291F,0.9952,LPath
R291G,0.9951,LPath
R291H,0.9509,LPath
R291I,0.9792,LPath
R291K,0.7549,LPath
R291L,0.9714,LPath
R291M,0.9925,LPath
R291N,0.9988,LPath
R291P,0.9948,LPath
R291Q,0.9363,LPath
R291S,0.9985,LPath
R291T,0.9968,LPath
R291V,0.9823,LPath
R291W,0.9662,LPath
R291Y,0.9887,LPath
S292A,0.0764,LBen
S292C,0.1805,LBen
S292D,0.8339,LPath
S292E,0.8377,LPath
S292F,0.3581,Amb
S292G,0.0984,LBen
S292H,0.4749,Amb
S292I,0.2176,LBen
S292K,0.8428,LPath
S292L,0.1293,LBen
S292M,0.1341,LBen
S292N,0.1491,LBen
S292P,0.495,Amb
S292Q,0.4886,Amb
S292R,0.8697,LPath
S292T,0.0656,LBen
S292V,0.1652,LBen
S292W,0.6531,LPath
S292Y,0.3878,Amb
A293C,0.693,LPath
A293D,0.9639,LPath
A293E,0.9116,LPath
A293F,0.7022,LPath
A293G,0.2959,LBen
A293H,0.8704,LPath
A293I,0.4167,Amb
A293K,0.9633,LPath
A293L,0.2829,LBen
A293M,0.2685,LBen
A293N,0.5362,Amb
A293P,0.8748,LPath
A293Q,0.6176,LPath
A293R,0.9446,LPath
A293S,0.1397,LBen
A293T,0.1378,LBen
A293V,0.2019,LBen
A293W,0.9625,LPath
A293Y,0.8685,LPath
E294A,0.9734,LPath
E294C,0.9986,LPath
E294D,0.9821,LPath
E294F,0.9999,LPath
E294G,0.9864,LPath
E294H,0.9996,LPath
E294I,0.9985,LPath
E294K,0.9963,LPath
E294L,0.9985,LPath
E294M,0.998,LPath
E294N,0.998,LPath
E294P,0.9997,LPath
E294Q,0.969,LPath
E294R,0.9969,LPath
E294S,0.9897,LPath
E294T,0.9962,LPath
E294V,0.9934,LPath
E294W,1.0,LPath
E294Y,0.9998,LPath
A295C,0.4521,Amb
A295D,0.9547,LPath
A295E,0.6873,LPath
A295F,0.604,LPath
A295G,0.2475,LBen
A295H,0.8429,LPath
A295I,0.3041,LBen
A295K,0.8819,LPath
A295L,0.3969,Amb
A295M,0.2039,LBen
A295N,0.5611,Amb
A295P,0.9979,LPath
A295Q,0.4098,Amb
A295R,0.8438,LPath
A295S,0.1175,LBen
A295T,0.1741,LBen
A295V,0.1528,LBen
A295W,0.952,LPath
A295Y,0.7884,LPath
Q296A,0.1502,LBen
Q296C,0.6572,LPath
Q296D,0.7457,LPath
Q296E,0.2409,LBen
Q296F,0.7318,LPath
Q296G,0.3112,LBen
Q296H,0.3449,Amb
Q296I,0.2597,LBen
Q296K,0.2858,LBen
Q296L,0.1201,LBen
Q296M,0.2028,LBen
Q296N,0.2929,LBen
Q296P,0.8459,LPath
Q296R,0.3694,Amb
Q296S,0.1986,LBen
Q296T,0.1518,LBen
Q296V,0.1608,LBen
Q296W,0.8713,LPath
Q296Y,0.6233,LPath
K297A,0.9423,LPath
K297C,0.9287,LPath
K297D,0.9877,LPath
K297E,0.9582,LPath
K297F,0.9843,LPath
K297G,0.9536,LPath
K297H,0.7295,LPath
K297I,0.9222,LPath
K297L,0.8634,LPath
K297M,0.858,LPath
K297N,0.963,LPath
K297P,0.9942,LPath
K297Q,0.6533,LPath
K297R,0.085,LBen
K297S,0.9717,LPath
K297T,0.9062,LPath
K297V,0.8909,LPath
K297W,0.9668,LPath
K297Y,0.9377,LPath
L298A,0.9682,LPath
L298C,0.9696,LPath
L298D,0.9999,LPath
L298E,0.9991,LPath
L298F,0.8748,LPath
L298G,0.9975,LPath
L298H,0.9981,LPath
L298I,0.3502,Amb
L298K,0.9985,LPath
L298M,0.516,Amb
L298N,0.9988,LPath
L298P,0.9986,LPath
L298Q,0.9972,LPath
L298R,0.9962,LPath
L298S,0.998,LPath
L298T,0.9817,LPath
L298V,0.524,Amb
L298W,0.9893,LPath
L298Y,0.9917,LPath
G299A,0.0537,LBen
G299C,0.1455,LBen
G299D,0.7289,LPath
G299E,0.555,Amb
G299F,0.4642,Amb
G299H,0.5505,Amb
G299I,0.2205,LBen
G299K,0.7566,LPath
G299L,0.2128,LBen
G299M,0.2127,LBen
G299N,0.2716,LBen
G299P,0.9538,LPath
G299Q,0.3497,Amb
G299R,0.6572,LPath
G299S,0.0804,LBen
G299T,0.0946,LBen
G299V,0.1413,LBen
G299W,0.6656,LPath
G299Y,0.5065,Amb
N300A,0.2343,LBen
N300C,0.1631,LBen
N300D,0.6037,LPath
N300E,0.8103,LPath
N300F,0.593,LPath
N300G,0.2392,LBen
N300H,0.1406,LBen
N300I,0.3382,LBen
N300K,0.5296,Amb
N300L,0.2732,LBen
N300M,0.3215,LBen
N300P,0.9151,LPath
N300Q,0.3952,Amb
N300R,0.5206,Amb
N300S,0.0936,LBen
N300T,0.1751,LBen
N300V,0.2683,LBen
N300W,0.7888,LPath
N300Y,0.2173,LBen
G301A,0.9766,LPath
G301C,0.987,LPath
G301D,0.999,LPath
G301E,0.9994,LPath
G301F,0.9988,LPath
G301H,0.9988,LPath
G301I,0.9989,LPath
G301K,0.9991,LPath
G301L,0.9984,LPath
G301M,0.999,LPath
G301N,0.9969,LPath
G301P,0.9998,LPath
G301Q,0.9979,LPath
G301R,0.9963,LPath
G301S,0.9746,LPath
G301T,0.9962,LPath
G301V,0.9977,LPath
G301W,0.9986,LPath
G301Y,0.9983,LPath
I302A,0.7662,LPath
I302C,0.6743,LPath
I302D,0.9928,LPath
I302E,0.9793,LPath
I302F,0.6834,LPath
I302G,0.9521,LPath
I302H,0.967,LPath
I302K,0.9565,LPath
I302L,0.1973,LBen
I302M,0.1823,LBen
I302N,0.8578,LPath
I302P,0.9816,LPath
I302Q,0.927,LPath
I302R,0.9392,LPath
I302S,0.8113,LPath
I302T,0.6271,LPath
I302V,0.0813,LBen
I302W,0.9799,LPath
I302Y,0.9416,LPath
N303A,0.8749,LPath
N303C,0.465,Amb
N303D,0.9594,LPath
N303E,0.9977,LPath
N303F,0.9978,LPath
N303G,0.8247,LPath
N303H,0.8871,LPath
N303I,0.9827,LPath
N303K,0.999,LPath
N303L,0.9648,LPath
N303M,0.9666,LPath
N303P,0.9886,LPath
N303Q,0.9866,LPath
N303R,0.9976,LPath
N303S,0.1495,LBen
N303T,0.6663,LPath
N303V,0.9491,LPath
N303W,0.9993,LPath
N303Y,0.9865,LPath
I304A,0.9598,LPath
I304C,0.8919,LPath
I304D,0.9998,LPath
I304E,0.9994,LPath
I304F,0.5334,Amb
I304G,0.9961,LPath
I304H,0.9978,LPath
I304K,0.9992,LPath
I304L,0.3202,LBen
I304M,0.2797,LBen
I304N,0.995,LPath
I304P,0.9995,LPath
I304Q,0.9984,LPath
I304R,0.9985,LPath
I304S,0.9869,LPath
I304T,0.9693,LPath
I304V,0.1059,LBen
I304W,0.9952,LPath
I304Y,0.9784,LPath
I305A,0.6932,LPath
I305C,0.7846,LPath
I305D,0.999,LPath
I305E,0.9973,LPath
I305F,0.7924,LPath
I305G,0.9798,LPath
I305H,0.9963,LPath
I305K,0.9972,LPath
I305L,0.1049,LBen
I305M,0.2115,LBen
I305N,0.9868,LPath
I305P,0.9955,LPath
I305Q,0.9933,LPath
I305R,0.9955,LPath
I305S,0.9374,LPath
I305T,0.7013,LPath
I305V,0.0637,LBen
I305W,0.9962,LPath
I305Y,0.9889,LPath
V306A,0.9507,LPath
V306C,0.9759,LPath
V306D,0.9997,LPath
V306E,0.9992,LPath
V306F,0.9945,LPath
V306G,0.9872,LPath
V306H,0.9998,LPath
V306I,0.1328,LBen
V306K,0.9995,LPath
V306L,0.9645,LPath
V306M,0.9723,LPath
V306N,0.9985,LPath
V306P,0.9975,LPath
V306Q,0.999,LPath
V306R,0.9989,LPath
V306S,0.9792,LPath
V306T,0.9141,LPath
V306W,0.9999,LPath
V306Y,0.9997,LPath
A307C,0.7809,LPath
A307D,0.9995,LPath
A307E,0.9997,LPath
A307F,0.9981,LPath
A307G,0.3179,LBen
A307H,0.9995,LPath
A307I,0.9955,LPath
A307K,0.9999,LPath
A307L,0.9836,LPath
A307M,0.9907,LPath
A307N,0.9976,LPath
A307P,0.9994,LPath
A307Q,0.9984,LPath
A307R,0.9996,LPath
A307S,0.2771,LBen
A307T,0.9133,LPath
A307V,0.9671,LPath
A307W,0.9999,LPath
A307Y,0.9996,LPath
T308A,0.9774,LPath
T308C,0.995,LPath
T308D,0.9997,LPath
T308E,0.9993,LPath
T308F,0.9994,LPath
T308G,0.9945,LPath
T308H,0.9992,LPath
T308I,0.9965,LPath
T308K,0.9991,LPath
T308L,0.9907,LPath
T308M,0.9924,LPath
T308N,0.9963,LPath
T308P,0.9362,LPath
T308Q,0.9992,LPath
T308R,0.9988,LPath
T308S,0.9679,LPath
T308V,0.9832,LPath
T308W,0.9999,LPath
T308Y,0.9998,LPath
P309A,0.9878,LPath
P309C,0.999,LPath
P309D,0.9999,LPath
P309E,0.9998,LPath
P309F,0.9999,LPath
P309G,0.9982,LPath
P309H,0.9997,LPath
P309I,0.9991,LPath
P309K,0.9999,LPath
P309L,0.9964,LPath
P309M,0.9996,LPath
P309N,0.9998,LPath
P309Q,0.9997,LPath
P309R,0.9993,LPath
P309S,0.9976,LPath
P309T,0.9953,LPath
P309V,0.9959,LPath
P309W,1.0,LPath
P309Y,1.0,LPath
G310A,0.9975,LPath
G310C,0.9994,LPath
G310D,0.9999,LPath
G310E,0.9999,LPath
G310F,0.9998,LPath
G310H,1.0,LPath
G310I,0.9998,LPath
G310K,0.9999,LPath
G310L,0.9995,LPath
G310M,0.9999,LPath
G310N,0.9999,LPath
G310P,0.9997,LPath
G310Q,0.9999,LPath
G310R,0.9997,LPath
G310S,0.9979,LPath
G310T,0.9994,LPath
G310V,0.9993,LPath
G310W,0.9996,LPath
G310Y,0.9999,LPath
R311A,0.9993,LPath
R311C,0.9968,LPath
R311D,0.9996,LPath
R311E,0.9981,LPath
R311F,0.9995,LPath
R311G,0.9988,LPath
R311H,0.9961,LPath
R311I,0.9992,LPath
R311K,0.9944,LPath
R311L,0.9979,LPath
R311M,0.9998,LPath
R311N,0.9992,LPath
R311P,0.9997,LPath
R311Q,0.9972,LPath
R311S,0.9997,LPath
R311T,0.9998,LPath
R311V,0.9992,LPath
R311W,0.9983,LPath
R311Y,0.9991,LPath
L312A,0.9479,LPath
L312C,0.8682,LPath
L312D,0.9999,LPath
L312E,0.9996,LPath
L312F,0.7335,LPath
L312G,0.9916,LPath
L312H,0.9983,LPath
L312I,0.5145,Amb
L312K,0.9995,LPath
L312M,0.3981,Amb
L312N,0.9992,LPath
L312P,0.9998,LPath
L312Q,0.9974,LPath
L312R,0.9989,LPath
L312S,0.996,LPath
L312T,0.9771,LPath
L312V,0.4654,Amb
L312W,0.9924,LPath
L312Y,0.9907,LPath
L313A,0.9483,LPath
L313C,0.9619,LPath
L313D,0.9994,LPath
L313E,0.9965,LPath
L313F,0.9551,LPath
L313G,0.9859,LPath
L313H,0.9841,LPath
L313I,0.8263,LPath
L313K,0.9756,LPath
L313M,0.7591,LPath
L313N,0.9921,LPath
L313P,0.9994,LPath
L313Q,0.9756,LPath
L313R,0.9467,LPath
L313S,0.9911,LPath
L313T,0.9824,LPath
L313V,0.8262,LPath
L313W,0.9644,LPath
L313Y,0.9713,LPath
D314A,0.9985,LPath
D314C,0.9998,LPath
D314E,0.9975,LPath
D314F,0.9988,LPath
D314G,0.9986,LPath
D314H,0.9986,LPath
D314I,0.9997,LPath
D314K,0.9997,LPath
D314L,0.9993,LPath
D314M,0.9998,LPath
D314N,0.9971,LPath
D314P,0.9999,LPath
D314Q,0.9989,LPath
D314R,0.9994,LPath
D314S,0.9966,LPath
D314T,0.9996,LPath
D314V,0.9992,LPath
D314W,0.9995,LPath
D314Y,0.9935,LPath
H315A,0.9994,LPath
H315C,0.9796,LPath
H315D,0.9993,LPath
H315E,0.9996,LPath
H315F,0.9914,LPath
H315G,0.9995,LPath
H315I,0.9991,LPath
H315K,0.9994,LPath
H315L,0.9914,LPath
H315M,0.9981,LPath
H315N,0.9959,LPath
H315P,0.9993,LPath
H315Q,0.9989,LPath
H315R,0.9989,LPath
H315S,0.9987,LPath
H315T,0.9997,LPath
H315V,0.9992,LPath
H315W,0.9897,LPath
H315Y,0.9913,LPath
M316A,0.9353,LPath
M316C,0.8553,LPath
M316D,0.9996,LPath
M316E,0.9957,LPath
M316F,0.8654,LPath
M316G,0.9895,LPath
M316H,0.9952,LPath
M316I,0.7692,LPath
M316K,0.9804,LPath
M316L,0.0869,LBen
M316N,0.9956,LPath
M316P,0.9995,LPath
M316Q,0.9653,LPath
M316R,0.9836,LPath
M316S,0.9816,LPath
M316T,0.9434,LPath
M316V,0.3957,Amb
M316W,0.9938,LPath
M316Y,0.9884,LPath
Q317A,0.6655,LPath
Q317C,0.955,LPath
Q317D,0.9817,LPath
Q317E,0.556,Amb
Q317F,0.9803,LPath
Q317G,0.7523,LPath
Q317H,0.9241,LPath
Q317I,0.8474,LPath
Q317K,0.7003,LPath
Q317L,0.5743,LPath
Q317M,0.6074,LPath
Q317N,0.8337,LPath
Q317P,0.9971,LPath
Q317R,0.6595,LPath
Q317S,0.7145,LPath
Q317T,0.5807,LPath
Q317V,0.6931,LPath
Q317W,0.9862,LPath
Q317Y,0.9709,LPath
N318A,0.6981,LPath
N318C,0.5598,Amb
N318D,0.8618,LPath
N318E,0.9321,LPath
N318F,0.8497,LPath
N318G,0.4489,Amb
N318H,0.3622,Amb
N318I,0.8959,LPath
N318K,0.9403,LPath
N318L,0.7765,LPath
N318M,0.7617,LPath
N318P,0.9942,LPath
N318Q,0.8044,LPath
N318R,0.9254,LPath
N318S,0.2328,LBen
N318T,0.5292,Amb
N318V,0.8129,LPath
N318W,0.9658,LPath
N318Y,0.5731,LPath
T319A,0.7002,LPath
T319C,0.7575,LPath
T319D,0.9843,LPath
T319E,0.984,LPath
T319F,0.9877,LPath
T319G,0.8619,LPath
T319H,0.9349,LPath
T319I,0.9632,LPath
T319K,0.9872,LPath
T319L,0.8802,LPath
T319M,0.8022,LPath
T319N,0.7979,LPath
T319P,0.9679,LPath
T319Q,0.9586,LPath
T319R,0.9822,LPath
T319S,0.3382,LBen
T319V,0.8755,LPath
T319W,0.9975,LPath
T319Y,0.9846,LPath
P320A,0.0665,LBen
P320C,0.4391,Amb
P320D,0.575,LPath
P320E,0.3382,LBen
P320F,0.5999,LPath
P320G,0.2461,LBen
P320H,0.2434,LBen
P320I,0.2774,LBen
P320K,0.3629,Amb
P320L,0.1512,LBen
P320M,0.2441,LBen
P320N,0.2351,LBen
P320Q,0.1406,LBen
P320R,0.3262,LBen
P320S,0.1078,LBen
P320T,0.0928,LBen
P320V,0.166,LBen
P320W,0.7759,LPath
P320Y,0.5623,Amb
G321A,0.1838,LBen
G321C,0.2753,LBen
G321D,0.7141,LPath
G321E,0.7309,LPath
G321F,0.7475,LPath
G321H,0.6909,LPath
G321I,0.6341,LPath
G321K,0.9169,LPath
G321L,0.5785,LPath
G321M,0.5737,LPath
G321N,0.3467,Amb
G321P,0.9487,LPath
G321Q,0.6269,LPath
G321R,0.8579,LPath
G321S,0.1396,LBen
G321T,0.2496,LBen
G321V,0.4431,Amb
G321W,0.7884,LPath
G321Y,0.6693,LPath
F322A,0.9985,LPath
F322C,0.9908,LPath
F322D,0.9998,LPath
F322E,0.9998,LPath
F322G,0.9987,LPath
F322H,0.9979,LPath
F322I,0.9815,LPath
F322K,0.9998,LPath
F322L,0.9971,LPath
F322M,0.9844,LPath
F322N,0.9991,LPath
F322P,0.9999,LPath
F322Q,0.9996,LPath
F322R,0.9994,LPath
F322S,0.9989,LPath
F322T,0.9991,LPath
F322V,0.9792,LPath
F322W,0.919,LPath
F322Y,0.843,LPath
M323A,0.6754,LPath
M323C,0.6956,LPath
M323D,0.9694,LPath
M323E,0.9113,LPath
M323F,0.6395,LPath
M323G,0.8655,LPath
M323H,0.7899,LPath
M323I,0.5851,LPath
M323K,0.7039,LPath
M323L,0.1124,LBen
M323N,0.6569,LPath
M323P,0.9676,LPath
M323Q,0.5573,Amb
M323R,0.6873,LPath
M323S,0.5953,LPath
M323T,0.5178,Amb
M323V,0.1474,LBen
M323W,0.9005,LPath
M323Y,0.836,LPath
Y324A,0.8792,LPath
Y324C,0.2785,LBen
Y324D,0.974,LPath
Y324E,0.9861,LPath
Y324F,0.0554,LBen
Y324G,0.8929,LPath
Y324H,0.6785,LPath
Y324I,0.6386,LPath
Y324K,0.9702,LPath
Y324L,0.808,LPath
Y324M,0.8177,LPath
Y324N,0.8313,LPath
Y324P,0.9608,LPath
Y324Q,0.9465,LPath
Y324R,0.9313,LPath
Y324S,0.7988,LPath
Y324T,0.8062,LPath
Y324V,0.4766,Amb
Y324W,0.5214,Amb
K325A,0.9331,LPath
K325C,0.9262,LPath
K325D,0.9627,LPath
K325E,0.8957,LPath
K325F,0.9946,LPath
K325G,0.8856,LPath
K325H,0.6818,LPath
K325I,0.9797,LPath
K325L,0.9518,LPath
K325M,0.9422,LPath
K325N,0.9446,LPath
K325P,0.9801,LPath
K325Q,0.551,Amb
K325R,0.0888,LBen
K325S,0.9162,LPath
K325T,0.8825,LPath
K325V,0.9547,LPath
K325W,0.9718,LPath
K325Y,0.9697,LPath
N326A,0.8733,LPath
N326C,0.6595,LPath
N326D,0.9544,LPath
N326E,0.9787,LPath
N326F,0.9194,LPath
N326G,0.8096,LPath
N326H,0.4929,Amb
N326I,0.9277,LPath
N326K,0.9742,LPath
N326L,0.8852,LPath
N326M,0.8953,LPath
N326P,0.9856,LPath
N326Q,0.9116,LPath
N326R,0.947,LPath
N326S,0.454,Amb
N326T,0.8239,LPath
N326V,0.8911,LPath
N326W,0.9761,LPath
N326Y,0.6205,LPath
L327A,0.9289,LPath
L327C,0.7869,LPath
L327D,0.9998,LPath
L327E,0.998,LPath
L327F,0.9744,LPath
L327G,0.9919,LPath
L327H,0.9975,LPath
L327I,0.3664,Amb
L327K,0.9984,LPath
L327M,0.3201,LBen
L327N,0.9936,LPath
L327P,0.9992,LPath
L327Q,0.9874,LPath
L327R,0.9969,LPath
L327S,0.983,LPath
L327T,0.8454,LPath
L327V,0.2551,LBen
L327W,0.9988,LPath
L327Y,0.9982,LPath
Q328A,0.4879,Amb
Q328C,0.8131,LPath
Q328D,0.9868,LPath
Q328E,0.5242,Amb
Q328F,0.9545,LPath
Q328G,0.8287,LPath
Q328H,0.7728,LPath
Q328I,0.7301,LPath
Q328K,0.5555,Amb
Q328L,0.4633,Amb
Q328M,0.6124,LPath
Q328N,0.8498,LPath
Q328P,0.9829,LPath
Q328R,0.541,Amb
Q328S,0.628,LPath
Q328T,0.6612,LPath
Q328V,0.551,Amb
Q328W,0.975,LPath
Q328Y,0.931,LPath
C329A,0.676,LPath
C329D,0.9987,LPath
C329E,0.9992,LPath
C329F,0.8486,LPath
C329G,0.6349,LPath
C329H,0.9945,LPath
C329I,0.8063,LPath
C329K,0.9997,LPath
C329L,0.7829,LPath
C329M,0.8113,LPath
C329N,0.9696,LPath
C329P,0.9997,LPath
C329Q,0.996,LPath
C329R,0.9978,LPath
C329S,0.6659,LPath
C329T,0.7672,LPath
C329V,0.5772,LPath
C329W,0.9918,LPath
C329Y,0.9699,LPath
L330A,0.9799,LPath
L330C,0.9251,LPath
L330D,1.0,LPath
L330E,0.9997,LPath
L330F,0.5205,Amb
L330G,0.9981,LPath
L330H,0.9976,LPath
L330I,0.4846,Amb
L330K,0.9995,LPath
L330M,0.5097,Amb
L330N,0.9996,LPath
L330P,0.9997,LPath
L330Q,0.9986,LPath
L330R,0.9984,LPath
L330S,0.9985,LPath
L330T,0.9915,LPath
L330V,0.4882,Amb
L330W,0.9839,LPath
L330Y,0.9828,LPath
V331A,0.9203,LPath
V331C,0.9229,LPath
V331D,0.9993,LPath
V331E,0.9979,LPath
V331F,0.9622,LPath
V331G,0.9769,LPath
V331H,0.9992,LPath
V331I,0.0817,LBen
V331K,0.9991,LPath
V331L,0.801,LPath
V331M,0.8191,LPath
V331N,0.9942,LPath
V331P,0.9983,LPath
V331Q,0.9967,LPath
V331R,0.998,LPath
V331S,0.9649,LPath
V331T,0.9161,LPath
V331W,0.9995,LPath
V331Y,0.9977,LPath
I332A,0.9593,LPath
I332C,0.9808,LPath
I332D,0.9999,LPath
I332E,0.9995,LPath
I332F,0.8528,LPath
I332G,0.9983,LPath
I332H,0.9996,LPath
I332K,0.9995,LPath
I332L,0.2729,LBen
I332M,0.3238,LBen
I332N,0.9986,LPath
I332P,0.9992,LPath
I332Q,0.9992,LPath
I332R,0.9992,LPath
I332S,0.9927,LPath
I332T,0.9605,LPath
I332V,0.2042,LBen
I332W,0.9977,LPath
I332Y,0.9961,LPath
D333A,0.9996,LPath
D333C,0.9999,LPath
D333E,0.9995,LPath
D333F,0.9999,LPath
D333G,0.9993,LPath
D333H,0.9997,LPath
D333I,0.9999,LPath
D333K,0.9999,LPath
D333L,0.9997,LPath
D333M,1.0,LPath
D333N,0.999,LPath
D333P,0.9999,LPath
D333Q,0.9999,LPath
D333R,0.9996,LPath
D333S,0.9986,LPath
D333T,0.9998,LPath
D333V,0.9998,LPath
D333W,0.9999,LPath
D333Y,0.9995,LPath
E334A,0.9998,LPath
E334C,0.9999,LPath
E334D,0.9998,LPath
E334F,1.0,LPath
E334G,0.9997,LPath
E334H,1.0,LPath
E334I,1.0,LPath
E334K,0.9998,LPath
E334L,1.0,LPath
E334M,0.9998,LPath
E334N,0.9999,LPath
E334P,1.0,LPath
E334Q,0.9997,LPath
E334R,0.9998,LPath
E334S,0.9999,LPath
E334T,0.9999,LPath
E334V,0.9999,LPath
E334W,1.0,LPath
E334Y,1.0,LPath
A335C,0.9473,LPath
A335D,0.9997,LPath
A335E,0.9995,LPath
A335F,0.9941,LPath
A335G,0.9257,LPath
A335H,0.9996,LPath
A335I,0.9725,LPath
A335K,0.9998,LPath
A335L,0.9601,LPath
A335M,0.972,LPath
A335N,0.999,LPath
A335P,0.9991,LPath
A335Q,0.9985,LPath
A335R,0.9986,LPath
A335S,0.8407,LPath
A335T,0.9496,LPath
A335V,0.8933,LPath
A335W,0.9996,LPath
A335Y,0.9988,LPath
D336A,0.9997,LPath
D336C,1.0,LPath
D336E,0.9993,LPath
D336F,0.9999,LPath
D336G,0.9996,LPath
D336H,0.9999,LPath
D336I,1.0,LPath
D336K,0.9999,LPath
D336L,0.9999,LPath
D336M,1.0,LPath
D336N,0.9992,LPath
D336P,0.9999,LPath
D336Q,0.9999,LPath
D336R,0.9997,LPath
D336S,0.9994,LPath
D336T,0.9999,LPath
D336V,0.9998,LPath
D336W,1.0,LPath
D336Y,0.9996,LPath
R337A,0.9949,LPath
R337C,0.9826,LPath
R337D,0.9986,LPath
R337E,0.9924,LPath
R337F,0.9988,LPath
R337G,0.9924,LPath
R337H,0.9718,LPath
R337I,0.9962,LPath
R337K,0.9369,LPath
R337L,0.9866,LPath
R337M,0.9983,LPath
R337N,0.997,LPath
R337P,0.9998,LPath
R337Q,0.9628,LPath
R337S,0.9978,LPath
R337T,0.9976,LPath
R337V,0.9956,LPath
R337W,0.9946,LPath
R337Y,0.9966,LPath
I338A,0.9608,LPath
I338C,0.8864,LPath
I338D,0.9996,LPath
I338E,0.999,LPath
I338F,0.9705,LPath
I338G,0.9962,LPath
I338H,0.9989,LPath
I338K,0.9992,LPath
I338L,0.3961,Amb
I338M,0.4655,Amb
I338N,0.9919,LPath
I338P,0.999,LPath
I338Q,0.9978,LPath
I338R,0.9986,LPath
I338S,0.9751,LPath
I338T,0.9706,LPath
I338V,0.3962,Amb
I338W,0.9992,LPath
I338Y,0.9968,LPath
L339A,0.9924,LPath
L339C,0.9949,LPath
L339D,0.9999,LPath
L339E,0.9995,LPath
L339F,0.9862,LPath
L339G,0.9983,LPath
L339H,0.9992,LPath
L339I,0.961,LPath
L339K,0.9987,LPath
L339M,0.8414,LPath
L339N,0.9993,LPath
L339P,0.9999,LPath
L339Q,0.9986,LPath
L339R,0.9972,LPath
L339S,0.9991,LPath
L339T,0.9954,LPath
L339V,0.9748,LPath
L339W,0.9972,LPath
L339Y,0.9985,LPath
D340A,0.8912,LPath
D340C,0.994,LPath
D340E,0.2962,LBen
D340F,0.9957,LPath
D340G,0.935,LPath
D340H,0.9855,LPath
D340I,0.9944,LPath
D340K,0.9914,LPath
D340L,0.9858,LPath
D340M,0.9937,LPath
D340N,0.8949,LPath
D340P,0.9992,LPath
D340Q,0.9334,LPath
D340R,0.9904,LPath
D340S,0.8328,LPath
D340T,0.9613,LPath
D340V,0.9772,LPath
D340W,0.999,LPath
D340Y,0.9838,LPath
V341A,0.6707,LPath
V341C,0.8954,LPath
V341D,0.9434,LPath
V341E,0.9166,LPath
V341F,0.6912,LPath
V341G,0.7247,LPath
V341H,0.9766,LPath
V341I,0.116,LBen
V341K,0.975,LPath
V341L,0.7047,LPath
V341M,0.4673,Amb
V341N,0.7776,LPath
V341P,0.9946,LPath
V341Q,0.8978,LPath
V341R,0.9588,LPath
V341S,0.6253,LPath
V341T,0.5714,LPath
V341W,0.9926,LPath
V341Y,0.9562,LPath
G342A,0.9848,LPath
G342C,0.9917,LPath
G342D,0.9971,LPath
G342E,0.9987,LPath
G342F,0.9988,LPath
G342H,0.999,LPath
G342I,0.9986,LPath
G342K,0.9995,LPath
G342L,0.9981,LPath
G342M,0.999,LPath
G342N,0.991,LPath
G342P,0.9995,LPath
G342Q,0.9981,LPath
G342R,0.9986,LPath
G342S,0.9741,LPath
G342T,0.9936,LPath
G342V,0.9973,LPath
G342W,0.9991,LPath
G342Y,0.9986,LPath
F343A,0.9994,LPath
F343C,0.9994,LPath
F343D,0.9997,LPath
F343E,0.9996,LPath
F343G,0.9991,LPath
F343H,0.9987,LPath
F343I,0.9995,LPath
F343K,0.9998,LPath
F343L,0.9999,LPath
F343M,0.9988,LPath
F343N,0.999,LPath
F343P,1.0,LPath
F343Q,0.9995,LPath
F343R,0.999,LPath
F343S,0.9995,LPath
F343T,0.9997,LPath
F343V,0.9994,LPath
F343W,0.9808,LPath
F343Y,0.9624,LPath
E344A,0.9328,LPath
E344C,0.9973,LPath
E344D,0.9901,LPath
E344F,0.999,LPath
E344G,0.9462,LPath
E344H,0.9974,LPath
E344I,0.9955,LPath
E344K,0.9878,LPath
E344L,0.9952,LPath
E344M,0.9956,LPath
E344N,0.998,LPath
E344P,0.9996,LPath
E344Q,0.8963,LPath
E344R,0.9825,LPath
E344S,0.9676,LPath
E344T,0.9859,LPath
E344V,0.986,LPath
E344W,0.9996,LPath
E344Y,0.9985,LPath
E345A,0.7449,LPath
E345C,0.9905,LPath
E345D,0.3408,Amb
E345F,0.9917,LPath
E345G,0.7893,LPath
E345H,0.983,LPath
E345I,0.8953,LPath
E345K,0.9352,LPath
E345L,0.9231,LPath
E345M,0.9329,LPath
E345N,0.8715,LPath
E345P,0.9894,LPath
E345Q,0.786,LPath
E345R,0.9531,LPath
E345S,0.8497,LPath
E345T,0.8484,LPath
E345V,0.7523,LPath
E345W,0.9972,LPath
E345Y,0.9845,LPath
E346A,0.95,LPath
E346C,0.998,LPath
E346D,0.5919,LPath
E346F,0.9994,LPath
E346G,0.9706,LPath
E346H,0.9976,LPath
E346I,0.9953,LPath
E346K,0.9937,LPath
E346L,0.9974,LPath
E346M,0.9973,LPath
E346N,0.9795,LPath
E346P,0.9965,LPath
E346Q,0.9546,LPath
E346R,0.9933,LPath
E346S,0.9608,LPath
E346T,0.9803,LPath
E346V,0.9847,LPath
E346W,0.9998,LPath
E346Y,0.9975,LPath
L347A,0.9476,LPath
L347C,0.8973,LPath
L347D,0.9995,LPath
L347E,0.9963,LPath
L347F,0.9169,LPath
L347G,0.9895,LPath
L347H,0.996,LPath
L347I,0.3181,LBen
L347K,0.9953,LPath
L347M,0.153,LBen
L347N,0.9923,LPath
L347P,0.9993,LPath
L347Q,0.9832,LPath
L347R,0.9944,LPath
L347S,0.9897,LPath
L347T,0.9274,LPath
L347V,0.2531,LBen
L347W,0.9912,LPath
L347Y,0.9924,LPath
K348A,0.9704,LPath
K348C,0.9198,LPath
K348D,0.9937,LPath
K348E,0.9511,LPath
K348F,0.9897,LPath
K348G,0.9495,LPath
K348H,0.6742,LPath
K348I,0.9624,LPath
K348L,0.8976,LPath
K348M,0.8854,LPath
K348N,0.9704,LPath
K348P,0.998,LPath
K348Q,0.5506,Amb
K348R,0.1036,LBen
K348S,0.9744,LPath
K348T,0.9019,LPath
K348V,0.9371,LPath
K348W,0.9674,LPath
K348Y,0.9657,LPath
Q349A,0.2659,LBen
Q349C,0.8811,LPath
Q349D,0.9203,LPath
Q349E,0.4497,Amb
Q349F,0.9568,LPath
Q349G,0.4487,Amb
Q349H,0.7644,LPath
Q349I,0.8812,LPath
Q349K,0.6534,LPath
Q349L,0.3972,Amb
Q349M,0.4714,Amb
Q349N,0.6172,LPath
Q349P,0.9911,LPath
Q349R,0.6725,LPath
Q349S,0.3773,Amb
Q349T,0.5251,Amb
Q349V,0.7247,LPath
Q349W,0.9726,LPath
Q349Y,0.9117,LPath
I350A,0.9745,LPath
I350C,0.9809,LPath
I350D,0.9996,LPath
I350E,0.9991,LPath
I350F,0.9733,LPath
I350G,0.9977,LPath
I350H,0.9993,LPath
I350K,0.9992,LPath
I350L,0.4472,Amb
I350M,0.5675,LPath
I350N,0.9938,LPath
I350P,0.9997,LPath
I350Q,0.9987,LPath
I350R,0.9988,LPath
I350S,0.9897,LPath
I350T,0.9746,LPath
I350V,0.2911,LBen
I350W,0.9994,LPath
I350Y,0.9973,LPath
I351A,0.9283,LPath
I351C,0.8855,LPath
I351D,0.999,LPath
I351E,0.995,LPath
I351F,0.7248,LPath
I351G,0.9853,LPath
I351H,0.9918,LPath
I351K,0.9887,LPath
I351L,0.1872,LBen
I351M,0.2354,LBen
I351N,0.9751,LPath
I351P,0.9981,LPath
I351Q,0.9807,LPath
I351R,0.9814,LPath
I351S,0.9463,LPath
I351T,0.8294,LPath
I351V,0.1077,LBen
I351W,0.9922,LPath
I351Y,0.9793,LPath
K352A,0.6313,LPath
K352C,0.6887,LPath
K352D,0.8621,LPath
K352E,0.678,LPath
K352F,0.9385,LPath
K352G,0.5637,Amb
K352H,0.3007,LBen
K352I,0.8568,LPath
K352L,0.6954,LPath
K352M,0.6529,LPath
K352N,0.6918,LPath
K352P,0.9765,LPath
K352Q,0.2383,LBen
K352R,0.0671,LBen
K352S,0.6327,LPath
K352T,0.5063,Amb
K352V,0.761,LPath
K352W,0.8641,LPath
K352Y,0.8235,LPath
L353A,0.6794,LPath
L353C,0.5714,LPath
L353D,0.9808,LPath
L353E,0.8659,LPath
L353F,0.4719,Amb
L353G,0.8803,LPath
L353H,0.597,LPath
L353I,0.1858,LBen
L353K,0.7233,LPath
L353M,0.1846,LBen
L353N,0.7637,LPath
L353P,0.9957,LPath
L353Q,0.5039,Amb
L353R,0.6089,LPath
L353S,0.8182,LPath
L353T,0.6921,LPath
L353V,0.2615,LBen
L353W,0.7486,LPath
L353Y,0.632,LPath
L354A,0.9406,LPath
L354C,0.8768,LPath
L354D,0.9999,LPath
L354E,0.9989,LPath
L354F,0.9391,LPath
L354G,0.9958,LPath
L354H,0.9966,LPath
L354I,0.3026,LBen
L354K,0.9984,LPath
L354M,0.4793,Amb
L354N,0.9979,LPath
L354P,0.9984,LPath
L354Q,0.9934,LPath
L354R,0.9968,LPath
L354S,0.9902,LPath
L354T,0.9379,LPath
L354V,0.3982,Amb
L354W,0.995,LPath
L354Y,0.9959,LPath
P355A,0.9614,LPath
P355C,0.9962,LPath
P355D,0.9962,LPath
P355E,0.9975,LPath
P355F,0.9997,LPath
P355G,0.9751,LPath
P355H,0.9926,LPath
P355I,0.999,LPath
P355K,0.9968,LPath
P355L,0.9943,LPath
P355M,0.9988,LPath
P355N,0.9945,LPath
P355Q,0.9929,LPath
P355R,0.9938,LPath
P355S,0.9722,LPath
P355T,0.9846,LPath
P355V,0.9952,LPath
P355W,0.9997,LPath
P355Y,0.9995,LPath
T356A,0.0633,LBen
T356C,0.1993,LBen
T356D,0.4254,Amb
T356E,0.3063,LBen
T356F,0.2208,LBen
T356G,0.1032,LBen
T356H,0.1883,LBen
T356I,0.0857,LBen
T356K,0.1405,LBen
T356L,0.0733,LBen
T356M,0.0777,LBen
T356N,0.0974,LBen
T356P,0.0733,LBen
T356Q,0.1346,LBen
T356R,0.1759,LBen
T356S,0.0777,LBen
T356V,0.067,LBen
T356W,0.5962,LPath
T356Y,0.2737,LBen
R357A,0.5964,LPath
R357C,0.2498,LBen
R357D,0.7725,LPath
R357E,0.5433,Amb
R357F,0.7813,LPath
R357G,0.4531,Amb
R357H,0.1668,LBen
R357I,0.5866,LPath
R357K,0.1055,LBen
R357L,0.5358,Amb
R357M,0.6035,LPath
R357N,0.6722,LPath
R357P,0.8446,LPath
R357Q,0.1445,LBen
R357S,0.6295,LPath
R357T,0.4522,Amb
R357V,0.539,Amb
R357W,0.4432,Amb
R357Y,0.5906,LPath
R358A,0.9987,LPath
R358C,0.9727,LPath
R358D,0.9996,LPath
R358E,0.9973,LPath
R358F,0.9995,LPath
R358G,0.9967,LPath
R358H,0.9669,LPath
R358I,0.9979,LPath
R358K,0.934,LPath
R358L,0.9945,LPath
R358M,0.9993,LPath
R358N,0.9992,LPath
R358P,0.9986,LPath
R358Q,0.9798,LPath
R358S,0.9993,LPath
R358T,0.999,LPath
R358V,0.9972,LPath
R358W,0.9932,LPath
R358Y,0.9967,LPath
Q359A,0.9035,LPath
Q359C,0.9956,LPath
Q359D,0.9964,LPath
Q359E,0.8695,LPath
Q359F,0.9972,LPath
Q359G,0.9492,LPath
Q359H,0.9924,LPath
Q359I,0.9668,LPath
Q359K,0.956,LPath
Q359L,0.9434,LPath
Q359M,0.8931,LPath
Q359N,0.9553,LPath
Q359P,0.9887,LPath
Q359R,0.966,LPath
Q359S,0.8821,LPath
Q359T,0.879,LPath
Q359V,0.9391,LPath
Q359W,0.999,LPath
Q359Y,0.9987,LPath
T360A,0.823,LPath
T360C,0.952,LPath
T360D,0.9943,LPath
T360E,0.9978,LPath
T360F,0.9973,LPath
T360G,0.8867,LPath
T360H,0.9901,LPath
T360I,0.9917,LPath
T360K,0.9971,LPath
T360L,0.9761,LPath
T360M,0.9285,LPath
T360N,0.93,LPath
T360P,0.9947,LPath
T360Q,0.9923,LPath
T360R,0.9964,LPath
T360S,0.4614,Amb
T360V,0.9496,LPath
T360W,0.9992,LPath
T360Y,0.9976,LPath
M361A,0.7665,LPath
M361C,0.7876,LPath
M361D,0.9993,LPath
M361E,0.9943,LPath
M361F,0.8954,LPath
M361G,0.9687,LPath
M361H,0.9936,LPath
M361I,0.8299,LPath
M361K,0.9924,LPath
M361L,0.3691,Amb
M361N,0.9844,LPath
M361P,0.9994,LPath
M361Q,0.9614,LPath
M361R,0.9933,LPath
M361S,0.8306,LPath
M361T,0.866,LPath
M361V,0.1846,LBen
M361W,0.9966,LPath
M361Y,0.9914,LPath
L362A,0.9905,LPath
L362C,0.9824,LPath
L362D,0.9999,LPath
L362E,0.9997,LPath
L362F,0.9446,LPath
L362G,0.9977,LPath
L362H,0.9984,LPath
L362I,0.9017,LPath
L362K,0.9992,LPath
L362M,0.5911,LPath
L362N,0.9991,LPath
L362P,0.9997,LPath
L362Q,0.9982,LPath
L362R,0.9982,LPath
L362S,0.9989,LPath
L362T,0.9977,LPath
L362V,0.9264,LPath
L362W,0.9969,LPath
L362Y,0.9937,LPath
F363A,0.9991,LPath
F363C,0.9919,LPath
F363D,0.9999,LPath
F363E,0.9999,LPath
F363G,0.9993,LPath
F363H,0.9978,LPath
F363I,0.9945,LPath
F363K,0.9999,LPath
F363L,0.9983,LPath
F363M,0.9949,LPath
F363N,0.9993,LPath
F363P,1.0,LPath
F363Q,0.9998,LPath
F363R,0.9996,LPath
F363S,0.9989,LPath
F363T,0.9995,LPath
F363V,0.9903,LPath
F363W,0.9767,LPath
F363Y,0.848,LPath
S364A,0.9548,LPath
S364C,0.9938,LPath
S364D,0.9998,LPath
S364E,0.9995,LPath
S364F,0.9996,LPath
S364G,0.9865,LPath
S364H,0.9991,LPath
S364I,0.9994,LPath
S364K,1.0,LPath
S364L,0.9981,LPath
S364M,0.9985,LPath
S364N,0.9996,LPath
S364P,0.9997,LPath
S364Q,0.9992,LPath
S364R,0.9999,LPath
S364T,0.8862,LPath
S364V,0.9989,LPath
S364W,0.9989,LPath
S364Y,0.9995,LPath
A365C,0.9986,LPath
A365D,1.0,LPath
A365E,0.9998,LPath
A365F,0.998,LPath
A365G,0.9981,LPath
A365H,0.9997,LPath
A365I,0.9997,LPath
A365K,0.9999,LPath
A365L,0.995,LPath
A365M,0.9996,LPath
A365N,0.9999,LPath
A365P,0.9995,LPath
A365Q,0.9994,LPath
A365R,0.9977,LPath
A365S,0.9724,LPath
A365T,0.9992,LPath
A365V,0.9994,LPath
A365W,0.9999,LPath
A365Y,0.9995,LPath
T366A,0.9975,LPath
T366C,0.9995,LPath
T366D,0.9998,LPath
T366E,0.9989,LPath
T366F,0.9993,LPath
T366G,0.9968,LPath
T366H,0.9986,LPath
T366I,0.9994,LPath
T366K,0.9987,LPath
T366L,0.9972,LPath
T366M,0.998,LPath
T366N,0.9985,LPath
T366P,0.9969,LPath
T366Q,0.9981,LPath
T366R,0.9971,LPath
T366S,0.9925,LPath
T366V,0.9955,LPath
T366W,0.9997,LPath
T366Y,0.9996,LPath
Q367A,0.5759,LPath
Q367C,0.9911,LPath
Q367D,0.9938,LPath
Q367E,0.8307,LPath
Q367F,0.9897,LPath
Q367G,0.8416,LPath
Q367H,0.9859,LPath
Q367I,0.936,LPath
Q367K,0.9331,LPath
Q367L,0.758,LPath
Q367M,0.689,LPath
Q367N,0.9046,LPath
Q367P,0.9632,LPath
Q367R,0.9306,LPath
Q367S,0.645,LPath
Q367T,0.5524,Amb
Q367V,0.7971,LPath
Q367W,0.9966,LPath
Q367Y,0.9959,LPath
T368A,0.9284,LPath
T368C,0.9913,LPath
T368D,0.9037,LPath
T368E,0.9825,LPath
T368F,0.9935,LPath
T368G,0.7573,LPath
T368H,0.9473,LPath
T368I,0.9958,LPath
T368K,0.9758,LPath
T368L,0.9633,LPath
T368M,0.9341,LPath
T368N,0.6347,LPath
T368P,0.9619,LPath
T368Q,0.9549,LPath
T368R,0.978,LPath
T368S,0.5427,Amb
T368V,0.9782,LPath
T368W,0.9972,LPath
T368Y,0.9906,LPath
R369A,0.8544,LPath
R369C,0.7473,LPath
R369D,0.9466,LPath
R369E,0.7944,LPath
R369F,0.98,LPath
R369G,0.7635,LPath
R369H,0.4239,Amb
R369I,0.9306,LPath
R369K,0.2055,LBen
R369L,0.8127,LPath
R369M,0.9017,LPath
R369N,0.9214,LPath
R369P,0.9463,LPath
R369Q,0.2757,LBen
R369S,0.874,LPath
R369T,0.7632,LPath
R369V,0.8914,LPath
R369W,0.8492,LPath
R369Y,0.9328,LPath
K370A,0.9246,LPath
K370C,0.9695,LPath
K370D,0.9598,LPath
K370E,0.9233,LPath
K370F,0.9961,LPath
K370G,0.9176,LPath
K370H,0.7536,LPath
K370I,0.9779,LPath
K370L,0.947,LPath
K370M,0.9319,LPath
K370N,0.9011,LPath
K370P,0.9851,LPath
K370Q,0.6201,LPath
K370R,0.0935,LBen
K370S,0.9274,LPath
K370T,0.8851,LPath
K370V,0.9513,LPath
K370W,0.985,LPath
K370Y,0.9767,LPath
V371A,0.9686,LPath
V371C,0.9948,LPath
V371D,0.9983,LPath
V371E,0.9953,LPath
V371F,0.9861,LPath
V371G,0.9578,LPath
V371H,0.9995,LPath
V371I,0.1812,LBen
V371K,0.9978,LPath
V371L,0.9699,LPath
V371M,0.9073,LPath
V371N,0.9898,LPath
V371P,0.9985,LPath
V371Q,0.9969,LPath
V371R,0.9968,LPath
V371S,0.9743,LPath
V371T,0.5674,LPath
V371W,0.9996,LPath
V371Y,0.9988,LPath
E372A,0.6774,LPath
E372C,0.991,LPath
E372D,0.5759,LPath
E372F,0.9946,LPath
E372G,0.7626,LPath
E372H,0.9681,LPath
E372I,0.9672,LPath
E372K,0.9095,LPath
E372L,0.964,LPath
E372M,0.954,LPath
E372N,0.884,LPath
E372P,0.9991,LPath
E372Q,0.6063,LPath
E372R,0.9241,LPath
E372S,0.6968,LPath
E372T,0.7715,LPath
E372V,0.8897,LPath
E372W,0.9979,LPath
E372Y,0.9902,LPath
D373A,0.9431,LPath
D373C,0.9983,LPath
D373E,0.9451,LPath
D373F,0.9954,LPath
D373G,0.9704,LPath
D373H,0.9918,LPath
D373I,0.9942,LPath
D373K,0.9956,LPath
D373L,0.9878,LPath
D373M,0.9918,LPath
D373N,0.933,LPath
D373P,0.9998,LPath
D373Q,0.9878,LPath
D373R,0.9963,LPath
D373S,0.9501,LPath
D373T,0.9835,LPath
D373V,0.9783,LPath
D373W,0.9987,LPath
D373Y,0.9722,LPath
L374A,0.988,LPath
L374C,0.9968,LPath
L374D,0.9998,LPath
L374E,0.9991,LPath
L374F,0.9653,LPath
L374G,0.9989,LPath
L374H,0.999,LPath
L374I,0.6024,LPath
L374K,0.9977,LPath
L374M,0.7249,LPath
L374N,0.9993,LPath
L374P,0.9997,LPath
L374Q,0.9988,LPath
L374R,0.9964,LPath
L374S,0.9992,LPath
L374T,0.9894,LPath
L374V,0.8122,LPath
L374W,0.996,LPath
L374Y,0.9972,LPath
A375C,0.9009,LPath
A375D,0.9995,LPath
A375E,0.9957,LPath
A375F,0.9792,LPath
A375G,0.7605,LPath
A375H,0.9951,LPath
A375I,0.9066,LPath
A375K,0.9975,LPath
A375L,0.8871,LPath
A375M,0.9196,LPath
A375N,0.9957,LPath
A375P,0.9989,LPath
A375Q,0.9671,LPath
A375R,0.9889,LPath
A375S,0.479,Amb
A375T,0.8678,LPath
A375V,0.7808,LPath
A375W,0.997,LPath
A375Y,0.9916,LPath
R376A,0.87,LPath
R376C,0.7415,LPath
R376D,0.9787,LPath
R376E,0.9025,LPath
R376F,0.9748,LPath
R376G,0.8339,LPath
R376H,0.4884,Amb
R376I,0.9208,LPath
R376K,0.1942,LBen
R376L,0.8345,LPath
R376M,0.8908,LPath
R376N,0.9469,LPath
R376P,0.9969,LPath
R376Q,0.4188,Amb
R376S,0.925,LPath
R376T,0.847,LPath
R376V,0.888,LPath
R376W,0.8935,LPath
R376Y,0.9414,LPath
I377A,0.9416,LPath
I377C,0.9337,LPath
I377D,0.9959,LPath
I377E,0.9917,LPath
I377F,0.5189,Amb
I377G,0.9882,LPath
I377H,0.9799,LPath
I377K,0.9851,LPath
I377L,0.2699,LBen
I377M,0.3499,Amb
I377N,0.9634,LPath
I377P,0.9934,LPath
I377Q,0.979,LPath
I377R,0.9722,LPath
I377S,0.9621,LPath
I377T,0.9641,LPath
I377V,0.1888,LBen
I377W,0.9649,LPath
I377Y,0.9006,LPath
S378A,0.2464,LBen
S378C,0.5467,Amb
S378D,0.9994,LPath
S378E,0.999,LPath
S378F,0.9849,LPath
S378G,0.7568,LPath
S378H,0.9935,LPath
S378I,0.9698,LPath
S378K,0.9998,LPath
S378L,0.9018,LPath
S378M,0.935,LPath
S378N,0.9926,LPath
S378P,0.9964,LPath
S378Q,0.9945,LPath
S378R,0.9994,LPath
S378T,0.7623,LPath
S378V,0.9372,LPath
S378W,0.9951,LPath
S378Y,0.9894,LPath
L379A,0.9838,LPath
L379C,0.9615,LPath
L379D,0.9998,LPath
L379E,0.9988,LPath
L379F,0.9101,LPath
L379G,0.9945,LPath
L379H,0.997,LPath
L379I,0.6877,LPath
L379K,0.9959,LPath
L379M,0.5679,LPath
L379N,0.998,LPath
L379P,0.999,LPath
L379Q,0.9938,LPath
L379R,0.9918,LPath
L379S,0.9973,LPath
L379T,0.9853,LPath
L379V,0.6607,LPath
L379W,0.9935,LPath
L379Y,0.9958,LPath
K380A,0.9348,LPath
K380C,0.9116,LPath
K380D,0.9803,LPath
K380E,0.9172,LPath
K380F,0.9879,LPath
K380G,0.9003,LPath
K380H,0.6303,LPath
K380I,0.957,LPath
K380L,0.8755,LPath
K380M,0.8827,LPath
K380N,0.9414,LPath
K380P,0.98,LPath
K380Q,0.4186,Amb
K380R,0.0978,LBen
K380S,0.9396,LPath
K380T,0.8821,LPath
K380V,0.9201,LPath
K380W,0.9693,LPath
K380Y,0.9641,LPath
K381A,0.6035,LPath
K381C,0.8359,LPath
K381D,0.7714,LPath
K381E,0.5089,Amb
K381F,0.965,LPath
K381G,0.5807,LPath
K381H,0.4693,Amb
K381I,0.8469,LPath
K381L,0.7522,LPath
K381M,0.6405,LPath
K381N,0.6763,LPath
K381P,0.8384,LPath
K381Q,0.2345,LBen
K381R,0.0924,LBen
K381S,0.6284,LPath
K381T,0.4383,Amb
K381V,0.7262,LPath
K381W,0.9293,LPath
K381Y,0.8994,LPath
E382A,0.5023,Amb
E382C,0.965,LPath
E382D,0.5402,Amb
E382F,0.9736,LPath
E382G,0.6195,LPath
E382H,0.9368,LPath
E382I,0.8676,LPath
E382K,0.8076,LPath
E382L,0.9125,LPath
E382M,0.8714,LPath
E382N,0.7813,LPath
E382P,0.9147,LPath
E382Q,0.4778,Amb
E382R,0.8638,LPath
E382S,0.6321,LPath
E382T,0.719,LPath
E382V,0.6905,LPath
E382W,0.9952,LPath
E382Y,0.9481,LPath
P383A,0.8931,LPath
P383C,0.9922,LPath
P383D,0.9987,LPath
P383E,0.9983,LPath
P383F,0.9973,LPath
P383G,0.9858,LPath
P383H,0.9944,LPath
P383I,0.988,LPath
P383K,0.9977,LPath
P383L,0.9712,LPath
P383M,0.9927,LPath
P383N,0.9974,LPath
P383Q,0.9967,LPath
P383R,0.9938,LPath
P383S,0.9904,LPath
P383T,0.984,LPath
P383V,0.9703,LPath
P383W,0.9989,LPath
P383Y,0.9953,LPath
L384A,0.8739,LPath
L384C,0.8681,LPath
L384D,0.9961,LPath
L384E,0.9646,LPath
L384F,0.6667,LPath
L384G,0.9859,LPath
L384H,0.9285,LPath
L384I,0.1858,LBen
L384K,0.9383,LPath
L384M,0.3147,LBen
L384N,0.9709,LPath
L384P,0.9933,LPath
L384Q,0.8646,LPath
L384R,0.8828,LPath
L384S,0.9557,LPath
L384T,0.8761,LPath
L384V,0.1995,LBen
L384W,0.9103,LPath
L384Y,0.901,LPath
Y385A,0.9839,LPath
Y385C,0.9299,LPath
Y385D,0.9925,LPath
Y385E,0.9957,LPath
Y385F,0.4133,Amb
Y385G,0.975,LPath
Y385H,0.9759,LPath
Y385I,0.9514,LPath
Y385K,0.994,LPath
Y385L,0.815,LPath
Y385M,0.9582,LPath
Y385N,0.965,LPath
Y385P,0.9916,LPath
Y385Q,0.9934,LPath
Y385R,0.9735,LPath
Y385S,0.9455,LPath
Y385T,0.9798,LPath
Y385V,0.8717,LPath
Y385W,0.898,LPath
V386A,0.9575,LPath
V386C,0.9708,LPath
V386D,0.9994,LPath
V386E,0.9973,LPath
V386F,0.9691,LPath
V386G,0.9818,LPath
V386H,0.9991,LPath
V386I,0.1439,LBen
V386K,0.9977,LPath
V386L,0.9202,LPath
V386M,0.9533,LPath
V386N,0.9982,LPath
V386P,0.9988,LPath
V386Q,0.9964,LPath
V386R,0.9938,LPath
V386S,0.9859,LPath
V386T,0.9471,LPath
V386W,0.9991,LPath
V386Y,0.9969,LPath
G387A,0.852,LPath
G387C,0.9743,LPath
G387D,0.9868,LPath
G387E,0.9967,LPath
G387F,0.9973,LPath
G387H,0.9969,LPath
G387I,0.9965,LPath
G387K,0.9986,LPath
G387L,0.996,LPath
G387M,0.9966,LPath
G387N,0.9816,LPath
G387P,0.9992,LPath
G387Q,0.9955,LPath
G387R,0.9964,LPath
G387S,0.837,LPath
G387T,0.9801,LPath
G387V,0.9919,LPath
G387W,0.9953,LPath
G387Y,0.9956,LPath
V388A,0.9444,LPath
V388C,0.9779,LPath
V388D,0.9953,LPath
V388E,0.9904,LPath
V388F,0.952,LPath
V388G,0.9338,LPath
V388H,0.9982,LPath
V388I,0.1786,LBen
V388K,0.9931,LPath
V388L,0.9528,LPath
V388M,0.9145,LPath
V388N,0.9872,LPath
V388P,0.9949,LPath
V388Q,0.9904,LPath
V388R,0.9877,LPath
V388S,0.9574,LPath
V388T,0.9025,LPath
V388W,0.9976,LPath
V388Y,0.9951,LPath
D389A,0.9018,LPath
D389C,0.986,LPath
D389E,0.8602,LPath
D389F,0.9774,LPath
D389G,0.8977,LPath
D389H,0.8735,LPath
D389I,0.9822,LPath
D389K,0.986,LPath
D389L,0.9646,LPath
D389M,0.9905,LPath
D389N,0.7956,LPath
D389P,0.9938,LPath
D389Q,0.9702,LPath
D389R,0.9817,LPath
D389S,0.8291,LPath
D389T,0.9468,LPath
D389V,0.9396,LPath
D389W,0.995,LPath
D389Y,0.9168,LPath
D390A,0.9672,LPath
D390C,0.9979,LPath
D390E,0.9295,LPath
D390F,0.9973,LPath
D390G,0.9553,LPath
D390H,0.9883,LPath
D390I,0.9945,LPath
D390K,0.9897,LPath
D390L,0.99,LPath
D390M,0.9969,LPath
D390N,0.8866,LPath
D390P,0.9971,LPath
D390Q,0.9876,LPath
D390R,0.9869,LPath
D390S,0.9282,LPath
D390T,0.9745,LPath
D390V,0.9825,LPath
D390W,0.9992,LPath
D390Y,0.9854,LPath
D391A,0.2545,LBen
D391C,0.7371,LPath
D391E,0.1752,LBen
D391F,0.685,LPath
D391G,0.2408,LBen
D391H,0.3286,LBen
D391I,0.5109,Amb
D391K,0.5377,Amb
D391L,0.4738,Amb
D391M,0.6483,LPath
D391N,0.1001,LBen
D391P,0.9208,LPath
D391Q,0.3607,Amb
D391R,0.5592,Amb
D391S,0.149,LBen
D391T,0.2561,LBen
D391V,0.3352,LBen
D391W,0.9343,LPath
D391Y,0.3852,Amb
K392A,0.651,LPath
K392C,0.8581,LPath
K392D,0.8831,LPath
K392E,0.5193,Amb
K392F,0.9657,LPath
K392G,0.7993,LPath
K392H,0.5247,Amb
K392I,0.7851,LPath
K392L,0.6497,LPath
K392M,0.5783,LPath
K392N,0.8014,LPath
K392P,0.9742,LPath
K392Q,0.2333,LBen
K392R,0.0995,LBen
K392S,0.7522,LPath
K392T,0.479,Amb
K392V,0.6686,LPath
K392W,0.9558,LPath
K392Y,0.9217,LPath
A393C,0.3604,Amb
A393D,0.1749,LBen
A393E,0.1373,LBen
A393F,0.3535,Amb
A393G,0.1369,LBen
A393H,0.2984,LBen
A393I,0.1421,LBen
A393K,0.2665,LBen
A393L,0.1116,LBen
A393M,0.1215,LBen
A393N,0.1103,LBen
A393P,0.2143,LBen
A393Q,0.1566,LBen
A393R,0.3445,Amb
A393S,0.078,LBen
A393T,0.0592,LBen
A393V,0.0934,LBen
A393W,0.6955,LPath
A393Y,0.4273,Amb
N394A,0.1025,LBen
N394C,0.165,LBen
N394D,0.1652,LBen
N394E,0.2408,LBen
N394F,0.298,LBen
N394G,0.2427,LBen
N394H,0.0689,LBen
N394I,0.1429,LBen
N394K,0.2273,LBen
N394L,0.1538,LBen
N394M,0.1373,LBen
N394P,0.8225,LPath
N394Q,0.1601,LBen
N394R,0.2468,LBen
N394S,0.0611,LBen
N394T,0.0616,LBen
N394V,0.0963,LBen
N394W,0.6556,LPath
N394Y,0.1432,LBen
A395C,0.9426,LPath
A395D,0.9959,LPath
A395E,0.9938,LPath
A395F,0.9853,LPath
A395G,0.9011,LPath
A395H,0.9872,LPath
A395I,0.976,LPath
A395K,0.9975,LPath
A395L,0.94,LPath
A395M,0.9612,LPath
A395N,0.9754,LPath
A395P,0.9667,LPath
A395Q,0.9737,LPath
A395R,0.9893,LPath
A395S,0.3207,LBen
A395T,0.831,LPath
A395V,0.8586,LPath
A395W,0.9979,LPath
A395Y,0.9926,LPath
T396A,0.9658,LPath
T396C,0.9969,LPath
T396D,0.9992,LPath
T396E,0.999,LPath
T396F,0.9986,LPath
T396G,0.993,LPath
T396H,0.9988,LPath
T396I,0.9887,LPath
T396K,0.9982,LPath
T396L,0.9517,LPath
T396M,0.9609,LPath
T396N,0.9951,LPath
T396P,0.9774,LPath
T396Q,0.9977,LPath
T396R,0.9974,LPath
T396S,0.9789,LPath
T396V,0.9278,LPath
T396W,0.9996,LPath
T396Y,0.9995,LPath
V397A,0.712,LPath
V397C,0.9588,LPath
V397D,0.9898,LPath
V397E,0.9692,LPath
V397F,0.9239,LPath
V397G,0.8932,LPath
V397H,0.981,LPath
V397I,0.4987,Amb
V397K,0.9703,LPath
V397L,0.9762,LPath
V397M,0.9091,LPath
V397N,0.7471,LPath
V397P,0.9717,LPath
V397Q,0.9042,LPath
V397R,0.872,LPath
V397S,0.7198,LPath
V397T,0.8207,LPath
V397W,0.9975,LPath
V397Y,0.9885,LPath
D398A,0.1994,LBen
D398C,0.7687,LPath
D398E,0.1136,LBen
D398F,0.8419,LPath
D398G,0.288,LBen
D398H,0.5173,Amb
D398I,0.6285,LPath
D398K,0.6149,LPath
D398L,0.5938,LPath
D398M,0.7644,LPath
D398N,0.1635,LBen
D398P,0.8073,LPath
D398Q,0.4375,Amb
D398R,0.6701,LPath
D398S,0.1494,LBen
D398T,0.3109,LBen
D398V,0.3833,Amb
D398W,0.9621,LPath
D398Y,0.5517,Amb
G399A,0.7674,LPath
G399C,0.8487,LPath
G399D,0.9361,LPath
G399E,0.9625,LPath
G399F,0.9789,LPath
G399H,0.9449,LPath
G399I,0.9758,LPath
G399K,0.9683,LPath
G399L,0.9624,LPath
G399M,0.963,LPath
G399N,0.7846,LPath
G399P,0.9987,LPath
G399Q,0.9259,LPath
G399R,0.9334,LPath
G399S,0.4974,Amb
G399T,0.6824,LPath
G399V,0.9511,LPath
G399W,0.9776,LPath
G399Y,0.9698,LPath
L400A,0.9932,LPath
L400C,0.9958,LPath
L400D,0.9999,LPath
L400E,0.9994,LPath
L400F,0.9994,LPath
L400G,0.9985,LPath
L400H,0.9998,LPath
L400I,0.8058,LPath
L400K,0.9989,LPath
L400M,0.9608,LPath
L400N,0.9991,LPath
L400P,0.9997,LPath
L400Q,0.9994,LPath
L400R,0.998,LPath
L400S,0.9994,LPath
L400T,0.9871,LPath
L400V,0.7808,LPath
L400W,0.9998,LPath
L400Y,0.9999,LPath
E401A,0.8176,LPath
E401C,0.9846,LPath
E401D,0.808,LPath
E401F,0.9937,LPath
E401G,0.9115,LPath
E401H,0.9654,LPath
E401I,0.9224,LPath
E401K,0.9053,LPath
E401L,0.948,LPath
E401M,0.9491,LPath
E401N,0.949,LPath
E401P,0.9984,LPath
E401Q,0.4672,Amb
E401R,0.9076,LPath
E401S,0.8154,LPath
E401T,0.8617,LPath
E401V,0.7994,LPath
E401W,0.997,LPath
E401Y,0.9892,LPath
Q402A,0.9099,LPath
Q402C,0.999,LPath
Q402D,0.9967,LPath
Q402E,0.7866,LPath
Q402F,0.999,LPath
Q402G,0.9547,LPath
Q402H,0.9981,LPath
Q402I,0.9851,LPath
Q402K,0.9898,LPath
Q402L,0.9829,LPath
Q402M,0.9132,LPath
Q402N,0.9641,LPath
Q402P,0.9972,LPath
Q402R,0.9954,LPath
Q402S,0.926,LPath
Q402T,0.9278,LPath
Q402V,0.9792,LPath
Q402W,0.9996,LPath
Q402Y,0.9995,LPath
G403A,0.967,LPath
G403C,0.992,LPath
G403D,0.999,LPath
G403E,0.9992,LPath
G403F,0.9981,LPath
G403H,0.9994,LPath
G403I,0.9978,LPath
G403K,0.9996,LPath
G403L,0.9988,LPath
G403M,0.9988,LPath
G403N,0.9987,LPath
G403P,0.9999,LPath
G403Q,0.9992,LPath
G403R,0.9989,LPath
G403S,0.9843,LPath
G403T,0.9953,LPath
G403V,0.9958,LPath
G403W,0.9979,LPath
G403Y,0.9974,LPath
Y404A,0.9958,LPath
Y404C,0.9309,LPath
Y404D,0.9991,LPath
Y404E,0.9996,LPath
Y404F,0.1923,LBen
Y404G,0.9911,LPath
Y404H,0.992,LPath
Y404I,0.9807,LPath
Y404K,0.9996,LPath
Y404L,0.9729,LPath
Y404M,0.9874,LPath
Y404N,0.994,LPath
Y404P,0.9997,LPath
Y404Q,0.9996,LPath
Y404R,0.9982,LPath
Y404S,0.9915,LPath
Y404T,0.9975,LPath
Y404V,0.951,LPath
Y404W,0.8608,LPath
V405A,0.8946,LPath
V405C,0.9304,LPath
V405D,0.9998,LPath
V405E,0.9992,LPath
V405F,0.9858,LPath
V405G,0.9746,LPath
V405H,0.9997,LPath
V405I,0.1893,LBen
V405K,0.9993,LPath
V405L,0.9204,LPath
V405M,0.9267,LPath
V405N,0.9984,LPath
V405P,0.9995,LPath
V405Q,0.9984,LPath
V405R,0.9977,LPath
V405S,0.9764,LPath
V405T,0.8915,LPath
V405W,0.9998,LPath
V405Y,0.9988,LPath
V406A,0.7846,LPath
V406C,0.8745,LPath
V406D,0.9936,LPath
V406E,0.9653,LPath
V406F,0.837,LPath
V406G,0.9313,LPath
V406H,0.9873,LPath
V406I,0.0902,LBen
V406K,0.9743,LPath
V406L,0.5263,Amb
V406M,0.5264,Amb
V406N,0.9524,LPath
V406P,0.9848,LPath
V406Q,0.9457,LPath
V406R,0.9638,LPath
V406S,0.8698,LPath
V406T,0.625,LPath
V406W,0.9949,LPath
V406Y,0.9777,LPath
C407A,0.7877,LPath
C407D,0.9998,LPath
C407E,0.9998,LPath
C407F,0.9922,LPath
C407G,0.9166,LPath
C407H,0.9995,LPath
C407I,0.917,LPath
C407K,1.0,LPath
C407L,0.9596,LPath
C407M,0.9825,LPath
C407N,0.9983,LPath
C407P,0.9994,LPath
C407Q,0.9994,LPath
C407R,0.9995,LPath
C407S,0.9049,LPath
C407T,0.8615,LPath
C407V,0.664,LPath
C407W,0.9996,LPath
C407Y,0.9992,LPath
P408A,0.2438,LBen
P408C,0.8718,LPath
P408D,0.6874,LPath
P408E,0.5346,Amb
P408F,0.9713,LPath
P408G,0.6587,LPath
P408H,0.635,LPath
P408I,0.9217,LPath
P408K,0.7703,LPath
P408L,0.6245,LPath
P408M,0.865,LPath
P408N,0.6358,LPath
P408Q,0.4946,Amb
P408R,0.703,LPath
P408S,0.3191,LBen
P408T,0.4261,Amb
P408V,0.7971,LPath
P408W,0.9856,LPath
P408Y,0.9553,LPath
S409A,0.1626,LBen
S409C,0.4629,Amb
S409D,0.9833,LPath
S409E,0.9722,LPath
S409F,0.9851,LPath
S409G,0.5484,Amb
S409H,0.9856,LPath
S409I,0.8431,LPath
S409K,0.9991,LPath
S409L,0.7598,LPath
S409M,0.7915,LPath
S409N,0.908,LPath
S409P,0.7419,LPath
S409Q,0.9766,LPath
S409R,0.9983,LPath
S409T,0.2878,LBen
S409V,0.6433,LPath
S409W,0.9912,LPath
S409Y,0.9872,LPath
E410A,0.4687,Amb
E410C,0.9493,LPath
E410D,0.2131,LBen
E410F,0.9811,LPath
E410G,0.6147,LPath
E410H,0.689,LPath
E410I,0.9529,LPath
E410K,0.8284,LPath
E410L,0.9678,LPath
E410M,0.9643,LPath
E410N,0.5371,Amb
E410P,0.8857,LPath
E410Q,0.4405,Amb
E410R,0.8779,LPath
E410S,0.4642,Amb
E410T,0.8034,LPath
E410V,0.8786,LPath
E410W,0.9851,LPath
E410Y,0.9278,LPath
K411A,0.9364,LPath
K411C,0.9343,LPath
K411D,0.9361,LPath
K411E,0.7495,LPath
K411F,0.9811,LPath
K411G,0.9445,LPath
K411H,0.6085,LPath
K411I,0.9486,LPath
K411L,0.8445,LPath
K411M,0.752,LPath
K411N,0.8471,LPath
K411P,0.9984,LPath
K411Q,0.3212,LBen
K411R,0.1312,LBen
K411S,0.9287,LPath
K411T,0.8709,LPath
K411V,0.9073,LPath
K411W,0.9699,LPath
K411Y,0.9011,LPath
R412A,0.9991,LPath
R412C,0.9886,LPath
R412D,0.9994,LPath
R412E,0.997,LPath
R412F,0.9998,LPath
R412G,0.9978,LPath
R412H,0.982,LPath
R412I,0.9987,LPath
R412K,0.9075,LPath
R412L,0.9973,LPath
R412M,0.9996,LPath
R412N,0.9994,LPath
R412P,0.9994,LPath
R412Q,0.9876,LPath
R412S,0.9994,LPath
R412T,0.9993,LPath
R412V,0.9982,LPath
R412W,0.9975,LPath
R412Y,0.9981,LPath
F413A,0.9927,LPath
F413C,0.9637,LPath
F413D,0.9995,LPath
F413E,0.9995,LPath
F413G,0.995,LPath
F413H,0.9936,LPath
F413I,0.9538,LPath
F413K,0.9996,LPath
F413L,0.9346,LPath
F413M,0.8811,LPath
F413N,0.9946,LPath
F413P,0.9995,LPath
F413Q,0.9983,LPath
F413R,0.999,LPath
F413S,0.9951,LPath
F413T,0.9953,LPath
F413V,0.9434,LPath
F413W,0.9588,LPath
F413Y,0.8691,LPath
L414A,0.7664,LPath
L414C,0.7427,LPath
L414D,0.9932,LPath
L414E,0.9455,LPath
L414F,0.7315,LPath
L414G,0.9366,LPath
L414H,0.7501,LPath
L414I,0.4995,Amb
L414K,0.7964,LPath
L414M,0.2012,LBen
L414N,0.8699,LPath
L414P,0.9802,LPath
L414Q,0.5316,Amb
L414R,0.6352,LPath
L414S,0.814,LPath
L414T,0.8046,LPath
L414V,0.473,Amb
L414W,0.8913,LPath
L414Y,0.8839,LPath
L415A,0.9736,LPath
L415C,0.9298,LPath
L415D,0.9999,LPath
L415E,0.9995,LPath
L415F,0.8851,LPath
L415G,0.9951,LPath
L415H,0.9961,LPath
L415I,0.519,Amb
L415K,0.9988,LPath
L415M,0.5297,Amb
L415N,0.9982,LPath
L415P,0.9993,LPath
L415Q,0.9956,LPath
L415R,0.9972,LPath
L415S,0.9951,LPath
L415T,0.9679,LPath
L415V,0.3383,LBen
L415W,0.9923,LPath
L415Y,0.9926,LPath
L416A,0.9861,LPath
L416C,0.9813,LPath
L416D,0.9999,LPath
L416E,0.9997,LPath
L416F,0.9655,LPath
L416G,0.9966,LPath
L416H,0.9989,LPath
L416I,0.8482,LPath
L416K,0.9993,LPath
L416M,0.8168,LPath
L416N,0.999,LPath
L416P,0.9995,LPath
L416Q,0.9985,LPath
L416R,0.9989,LPath
L416S,0.9985,LPath
L416T,0.9843,LPath
L416V,0.8433,LPath
L416W,0.9986,LPath
L416Y,0.9976,LPath
F417A,0.9963,LPath
F417C,0.9614,LPath
F417D,0.9996,LPath
F417E,0.9997,LPath
F417G,0.9976,LPath
F417H,0.9762,LPath
F417I,0.991,LPath
F417K,0.9995,LPath
F417L,0.9978,LPath
F417M,0.9898,LPath
F417N,0.9951,LPath
F417P,1.0,LPath
F417Q,0.9982,LPath
F417R,0.9974,LPath
F417S,0.9941,LPath
F417T,0.9978,LPath
F417V,0.9814,LPath
F417W,0.8721,LPath
F417Y,0.4712,Amb
T418A,0.9121,LPath
T418C,0.9669,LPath
T418D,0.9974,LPath
T418E,0.9986,LPath
T418F,0.9934,LPath
T418G,0.9289,LPath
T418H,0.9706,LPath
T418I,0.9969,LPath
T418K,0.9961,LPath
T418L,0.9766,LPath
T418M,0.9594,LPath
T418N,0.9589,LPath
T418P,0.9886,LPath
T418Q,0.9894,LPath
T418R,0.9922,LPath
T418S,0.6207,LPath
T418V,0.9774,LPath
T418W,0.997,LPath
T418Y,0.992,LPath
F419A,0.9976,LPath
F419C,0.9904,LPath
F419D,0.9998,LPath
F419E,0.9998,LPath
F419G,0.9993,LPath
F419H,0.9968,LPath
F419I,0.9744,LPath
F419K,0.9997,LPath
F419L,0.9982,LPath
F419M,0.9888,LPath
F419N,0.9991,LPath
F419P,1.0,LPath
F419Q,0.9993,LPath
F419R,0.9986,LPath
F419S,0.9982,LPath
F419T,0.9978,LPath
F419V,0.9601,LPath
F419W,0.976,LPath
F419Y,0.9303,LPath
L420A,0.9887,LPath
L420C,0.9521,LPath
L420D,1.0,LPath
L420E,0.9994,LPath
L420F,0.9719,LPath
L420G,0.9986,LPath
L420H,0.9989,LPath
L420I,0.4924,Amb
L420K,0.9993,LPath
L420M,0.6573,LPath
L420N,0.9992,LPath
L420P,0.9997,LPath
L420Q,0.9976,LPath
L420R,0.9986,LPath
L420S,0.9986,LPath
L420T,0.9904,LPath
L420V,0.6601,LPath
L420W,0.9982,LPath
L420Y,0.9985,LPath
K421A,0.9902,LPath
K421C,0.9695,LPath
K421D,0.9986,LPath
K421E,0.99,LPath
K421F,0.9977,LPath
K421G,0.9877,LPath
K421H,0.9274,LPath
K421I,0.9865,LPath
K421L,0.9643,LPath
K421M,0.9706,LPath
K421N,0.9957,LPath
K421P,0.9987,LPath
K421Q,0.8368,LPath
K421R,0.1264,LBen
K421S,0.9924,LPath
K421T,0.9816,LPath
K421V,0.9739,LPath
K421W,0.9911,LPath
K421Y,0.9888,LPath
K422A,0.9919,LPath
K422C,0.9906,LPath
K422D,0.9972,LPath
K422E,0.9927,LPath
K422F,0.9984,LPath
K422G,0.9874,LPath
K422H,0.9544,LPath
K422I,0.9919,LPath
K422L,0.9849,LPath
K422M,0.9826,LPath
K422N,0.9931,LPath
K422P,0.9985,LPath
K422Q,0.9462,LPath
K422R,0.1647,LBen
K422S,0.9956,LPath
K422T,0.9851,LPath
K422V,0.9845,LPath
K422W,0.9957,LPath
K422Y,0.989,LPath
N423A,0.9069,LPath
N423C,0.6061,LPath
N423D,0.9835,LPath
N423E,0.9765,LPath
N423F,0.8281,LPath
N423G,0.9339,LPath
N423H,0.4804,Amb
N423I,0.7918,LPath
N423K,0.9828,LPath
N423L,0.8559,LPath
N423M,0.7158,LPath
N423P,0.994,LPath
N423Q,0.8849,LPath
N423R,0.9678,LPath
N423S,0.5745,LPath
N423T,0.7993,LPath
N423V,0.7395,LPath
N423W,0.9616,LPath
N423Y,0.5141,Amb
R424A,0.7993,LPath
R424C,0.4518,Amb
R424D,0.9704,LPath
R424E,0.8148,LPath
R424F,0.9348,LPath
R424G,0.6842,LPath
R424H,0.3757,Amb
R424I,0.7241,LPath
R424K,0.168,LBen
R424L,0.6161,LPath
R424M,0.7542,LPath
R424N,0.9234,LPath
R424P,0.9191,LPath
R424Q,0.1987,LBen
R424S,0.8818,LPath
R424T,0.7412,LPath
R424V,0.745,LPath
R424W,0.631,LPath
R424Y,0.8483,LPath
K425A,0.7021,LPath
K425C,0.8273,LPath
K425D,0.7486,LPath
K425E,0.5995,LPath
K425F,0.9588,LPath
K425G,0.5314,Amb
K425H,0.3708,Amb
K425I,0.8875,LPath
K425L,0.7751,LPath
K425M,0.7148,LPath
K425N,0.5407,Amb
K425P,0.9291,LPath
K425Q,0.2145,LBen
K425R,0.0959,LBen
K425S,0.5983,LPath
K425T,0.4857,Amb
K425V,0.8136,LPath
K425W,0.9232,LPath
K425Y,0.8682,LPath
K426A,0.9679,LPath
K426C,0.9389,LPath
K426D,0.9887,LPath
K426E,0.9529,LPath
K426F,0.9927,LPath
K426G,0.9603,LPath
K426H,0.7777,LPath
K426I,0.9784,LPath
K426L,0.937,LPath
K426M,0.9005,LPath
K426N,0.9639,LPath
K426P,0.9969,LPath
K426Q,0.604,LPath
K426R,0.1473,LBen
K426S,0.9683,LPath
K426T,0.9388,LPath
K426V,0.9562,LPath
K426W,0.9827,LPath
K426Y,0.9547,LPath
K427A,0.9966,LPath
K427C,0.9945,LPath
K427D,0.999,LPath
K427E,0.9985,LPath
K427F,0.9993,LPath
K427G,0.9946,LPath
K427H,0.9791,LPath
K427I,0.9957,LPath
K427L,0.9914,LPath
K427M,0.9888,LPath
K427N,0.9974,LPath
K427P,0.9954,LPath
K427Q,0.989,LPath
K427R,0.6723,LPath
K427S,0.9979,LPath
K427T,0.9902,LPath
K427V,0.9938,LPath
K427W,0.9994,LPath
K427Y,0.9973,LPath
L428A,0.6594,LPath
L428C,0.6238,LPath
L428D,0.9953,LPath
L428E,0.9623,LPath
L428F,0.6148,LPath
L428G,0.9298,LPath
L428H,0.9182,LPath
L428I,0.0866,LBen
L428K,0.9637,LPath
L428M,0.1018,LBen
L428N,0.8846,LPath
L428P,0.9975,LPath
L428Q,0.7791,LPath
L428R,0.9506,LPath
L428S,0.7773,LPath
L428T,0.4705,Amb
L428V,0.0758,LBen
L428W,0.9443,LPath
L428Y,0.9313,LPath
M429A,0.9937,LPath
M429C,0.9885,LPath
M429D,0.9999,LPath
M429E,0.9996,LPath
M429F,0.9787,LPath
M429G,0.9992,LPath
M429H,0.9997,LPath
M429I,0.9523,LPath
M429K,0.9993,LPath
M429L,0.7297,LPath
M429N,0.9991,LPath
M429P,0.9997,LPath
M429Q,0.9968,LPath
M429R,0.9995,LPath
M429S,0.9974,LPath
M429T,0.9975,LPath
M429V,0.8014,LPath
M429W,0.9997,LPath
M429Y,0.9991,LPath
V430A,0.9664,LPath
V430C,0.9557,LPath
V430D,0.9998,LPath
V430E,0.9995,LPath
V430F,0.9932,LPath
V430G,0.9851,LPath
V430H,0.9999,LPath
V430I,0.2093,LBen
V430K,0.9998,LPath
V430L,0.9609,LPath
V430M,0.9825,LPath
V430N,0.9984,LPath
V430P,0.9991,LPath
V430Q,0.9994,LPath
V430R,0.9993,LPath
V430S,0.9887,LPath
V430T,0.9647,LPath
V430W,0.9999,LPath
V430Y,0.9994,LPath
F431A,0.9996,LPath
F431C,0.9986,LPath
F431D,0.9999,LPath
F431E,0.9999,LPath
F431G,0.9996,LPath
F431H,0.9992,LPath
F431I,0.9985,LPath
F431K,0.9999,LPath
F431L,0.9999,LPath
F431M,0.999,LPath
F431N,0.9994,LPath
F431P,1.0,LPath
F431Q,0.9998,LPath
F431R,0.9995,LPath
F431S,0.9995,LPath
F431T,0.9996,LPath
F431V,0.9982,LPath
F431W,0.9949,LPath
F431Y,0.9714,LPath
F432A,0.9821,LPath
F432C,0.7108,LPath
F432D,0.9998,LPath
F432E,0.9996,LPath
F432G,0.9938,LPath
F432H,0.992,LPath
F432I,0.9018,LPath
F432K,0.9996,LPath
F432L,0.8558,LPath
F432M,0.7001,LPath
F432N,0.9968,LPath
F432P,0.9998,LPath
F432Q,0.997,LPath
F432R,0.9985,LPath
F432S,0.9891,LPath
F432T,0.9894,LPath
F432V,0.7865,LPath
F432W,0.9779,LPath
F432Y,0.8535,LPath
S433A,0.5431,Amb
S433C,0.7954,LPath
S433D,0.9942,LPath
S433E,0.9963,LPath
S433F,0.9932,LPath
S433G,0.6962,LPath
S433H,0.9808,LPath
S433I,0.9919,LPath
S433K,0.9996,LPath
S433L,0.921,LPath
S433M,0.9643,LPath
S433N,0.8967,LPath
S433P,0.9865,LPath
S433Q,0.9839,LPath
S433R,0.9989,LPath
S433T,0.7991,LPath
S433V,0.9836,LPath
S433W,0.9944,LPath
S433Y,0.9893,LPath
S434A,0.5279,Amb
S434C,0.6275,LPath
S434D,0.9972,LPath
S434E,0.9989,LPath
S434F,0.9982,LPath
S434G,0.7703,LPath
S434H,0.9917,LPath
S434I,0.9967,LPath
S434K,0.9998,LPath
S434L,0.9732,LPath
S434M,0.9845,LPath
S434N,0.945,LPath
S434P,0.9989,LPath
S434Q,0.9956,LPath
S434R,0.9994,LPath
S434T,0.4102,Amb
S434V,0.9831,LPath
S434W,0.999,LPath
S434Y,0.9969,LPath
C435A,0.9445,LPath
C435D,0.9989,LPath
C435E,0.9993,LPath
C435F,0.9868,LPath
C435G,0.8333,LPath
C435H,0.9976,LPath
C435I,0.9882,LPath
C435K,0.998,LPath
C435L,0.9845,LPath
C435M,0.9833,LPath
C435N,0.987,LPath
C435P,0.9984,LPath
C435Q,0.9919,LPath
C435R,0.9767,LPath
C435S,0.9483,LPath
C435T,0.9415,LPath
C435V,0.9392,LPath
C435W,0.9982,LPath
C435Y,0.9967,LPath
M436A,0.3641,Amb
M436C,0.598,LPath
M436D,0.905,LPath
M436E,0.8325,LPath
M436F,0.5632,Amb
M436G,0.5634,Amb
M436H,0.3971,Amb
M436I,0.8208,LPath
M436K,0.1779,LBen
M436L,0.1711,LBen
M436N,0.3192,LBen
M436P,0.9675,LPath
M436Q,0.2094,LBen
M436R,0.3121,LBen
M436S,0.3238,LBen
M436T,0.4906,Amb
M436V,0.3181,LBen
M436W,0.8165,LPath
M436Y,0.605,LPath
S437A,0.1478,LBen
S437C,0.3711,Amb
S437D,0.9936,LPath
S437E,0.9709,LPath
S437F,0.9961,LPath
S437G,0.579,LPath
S437H,0.9925,LPath
S437I,0.9752,LPath
S437K,0.9997,LPath
S437L,0.9336,LPath
S437M,0.8876,LPath
S437N,0.9436,LPath
S437P,0.9989,LPath
S437Q,0.9703,LPath
S437R,0.9994,LPath
S437T,0.6472,LPath
S437V,0.9122,LPath
S437W,0.9988,LPath
S437Y,0.996,LPath
V438A,0.9225,LPath
V438C,0.9607,LPath
V438D,0.9995,LPath
V438E,0.9983,LPath
V438F,0.999,LPath
V438G,0.9634,LPath
V438H,0.9998,LPath
V438I,0.5758,LPath
V438K,0.9994,LPath
V438L,0.992,LPath
V438M,0.9899,LPath
V438N,0.9944,LPath
V438P,0.999,LPath
V438Q,0.9978,LPath
V438R,0.9977,LPath
V438S,0.9354,LPath
V438T,0.7464,LPath
V438W,1.0,LPath
V438Y,0.9998,LPath
K439A,0.9103,LPath
K439C,0.9395,LPath
K439D,0.9582,LPath
K439E,0.8807,LPath
K439F,0.9922,LPath
K439G,0.9427,LPath
K439H,0.7118,LPath
K439I,0.946,LPath
K439L,0.916,LPath
K439M,0.8771,LPath
K439N,0.9061,LPath
K439P,0.9957,LPath
K439Q,0.4607,Amb
K439R,0.1166,LBen
K439S,0.9055,LPath
K439T,0.754,LPath
K439V,0.9049,LPath
K439W,0.9816,LPath
K439Y,0.969,LPath
Y440A,0.9967,LPath
Y440C,0.9494,LPath
Y440D,0.9977,LPath
Y440E,0.9995,LPath
Y440F,0.0661,LBen
Y440G,0.9868,LPath
Y440H,0.9816,LPath
Y440I,0.9937,LPath
Y440K,0.9995,LPath
Y440L,0.9772,LPath
Y440M,0.9868,LPath
Y440N,0.9831,LPath
Y440P,0.9997,LPath
Y440Q,0.9991,LPath
Y440R,0.9985,LPath
Y440S,0.992,LPath
Y440T,0.9972,LPath
Y440V,0.9845,LPath
Y440W,0.9051,LPath
H441A,0.9875,LPath
H441C,0.7765,LPath
H441D,0.9967,LPath
H441E,0.9955,LPath
H441F,0.7031,LPath
H441G,0.9942,LPath
H441I,0.9728,LPath
H441K,0.9966,LPath
H441L,0.9037,LPath
H441M,0.96,LPath
H441N,0.865,LPath
H441P,0.997,LPath
H441Q,0.9682,LPath
H441R,0.9873,LPath
H441S,0.9607,LPath
H441T,0.9778,LPath
H441V,0.9641,LPath
H441W,0.8944,LPath
H441Y,0.5487,Amb
Y442A,0.5817,LPath
Y442C,0.1746,LBen
Y442D,0.7247,LPath
Y442E,0.8807,LPath
Y442F,0.1161,LBen
Y442G,0.4613,Amb
Y442H,0.195,LBen
Y442I,0.9556,LPath
Y442K,0.9505,LPath
Y442L,0.8599,LPath
Y442M,0.8455,LPath
Y442N,0.2279,LBen
Y442P,0.9985,LPath
Y442Q,0.7084,LPath
Y442R,0.8602,LPath
Y442S,0.2141,LBen
Y442T,0.6992,LPath
Y442V,0.8467,LPath
Y442W,0.555,Amb
E443A,0.9721,LPath
E443C,0.9951,LPath
E443D,0.8751,LPath
E443F,0.9984,LPath
E443G,0.9787,LPath
E443H,0.9935,LPath
E443I,0.9958,LPath
E443K,0.9912,LPath
E443L,0.9939,LPath
E443M,0.9948,LPath
E443N,0.9833,LPath
E443P,0.9995,LPath
E443Q,0.9337,LPath
E443R,0.9891,LPath
E443S,0.972,LPath
E443T,0.9889,LPath
E443V,0.9866,LPath
E443W,0.9995,LPath
E443Y,0.9962,LPath
L444A,0.9738,LPath
L444C,0.9793,LPath
L444D,0.9999,LPath
L444E,0.9994,LPath
L444F,0.9735,LPath
L444G,0.9969,LPath
L444H,0.9989,LPath
L444I,0.6291,LPath
L444K,0.999,LPath
L444M,0.7586,LPath
L444N,0.9989,LPath
L444P,0.9999,LPath
L444Q,0.9985,LPath
L444R,0.9984,LPath
L444S,0.9983,LPath
L444T,0.9846,LPath
L444V,0.6536,LPath
L444W,0.9985,LPath
L444Y,0.9972,LPath
L445A,0.9777,LPath
L445C,0.8543,LPath
L445D,0.9998,LPath
L445E,0.9995,LPath
L445F,0.4034,Amb
L445G,0.9912,LPath
L445H,0.9945,LPath
L445I,0.9057,LPath
L445K,0.9993,LPath
L445M,0.4645,Amb
L445N,0.998,LPath
L445P,0.9996,LPath
L445Q,0.9966,LPath
L445R,0.9979,LPath
L445S,0.9962,LPath
L445T,0.99,LPath
L445V,0.9,LPath
L445W,0.9767,LPath
L445Y,0.976,LPath
N446A,0.9172,LPath
N446C,0.5664,LPath
N446D,0.9663,LPath
N446E,0.9826,LPath
N446F,0.9925,LPath
N446G,0.8497,LPath
N446H,0.8021,LPath
N446I,0.968,LPath
N446K,0.9866,LPath
N446L,0.9092,LPath
N446M,0.9391,LPath
N446P,0.996,LPath
N446Q,0.9104,LPath
N446R,0.9574,LPath
N446S,0.4196,Amb
N446T,0.7924,LPath
N446V,0.9246,LPath
N446W,0.9951,LPath
N446Y,0.9346,LPath
Y447A,0.9907,LPath
Y447C,0.939,LPath
Y447D,0.996,LPath
Y447E,0.9987,LPath
Y447F,0.3619,Amb
Y447G,0.9832,LPath
Y447H,0.9854,LPath
Y447I,0.9817,LPath
Y447K,0.9982,LPath
Y447L,0.9583,LPath
Y447M,0.9839,LPath
Y447N,0.9831,LPath
Y447P,0.9996,LPath
Y447Q,0.9983,LPath
Y447R,0.9928,LPath
Y447S,0.9791,LPath
Y447T,0.9904,LPath
Y447V,0.952,LPath
Y447W,0.9412,LPath
I448A,0.9654,LPath
I448C,0.9881,LPath
I448D,0.9998,LPath
I448E,0.9991,LPath
I448F,0.9783,LPath
I448G,0.9985,LPath
I448H,0.9995,LPath
I448K,0.9987,LPath
I448L,0.7481,LPath
I448M,0.794,LPath
I448N,0.9972,LPath
I448P,0.9984,LPath
I448Q,0.9988,LPath
I448R,0.9968,LPath
I448S,0.988,LPath
I448T,0.922,LPath
I448V,0.2338,LBen
I448W,0.9989,LPath
I448Y,0.9988,LPath
D449A,0.9647,LPath
D449C,0.9941,LPath
D449E,0.9721,LPath
D449F,0.996,LPath
D449G,0.9495,LPath
D449H,0.9892,LPath
D449I,0.997,LPath
D449K,0.9969,LPath
D449L,0.9924,LPath
D449M,0.9982,LPath
D449N,0.9388,LPath
D449P,0.998,LPath
D449Q,0.9917,LPath
D449R,0.9928,LPath
D449S,0.9161,LPath
D449T,0.9925,LPath
D449V,0.9896,LPath
D449W,0.9992,LPath
D449Y,0.9776,LPath
L450A,0.9343,LPath
L450C,0.8466,LPath
L450D,0.9991,LPath
L450E,0.9884,LPath
L450F,0.8381,LPath
L450G,0.994,LPath
L450H,0.9743,LPath
L450I,0.1451,LBen
L450K,0.9876,LPath
L450M,0.2568,LBen
L450N,0.9768,LPath
L450P,0.9992,LPath
L450Q,0.9311,LPath
L450R,0.9809,LPath
L450S,0.9706,LPath
L450T,0.8538,LPath
L450V,0.2087,LBen
L450W,0.9824,LPath
L450Y,0.9779,LPath
P451A,0.4674,Amb
P451C,0.9528,LPath
P451D,0.9249,LPath
P451E,0.8826,LPath
P451F,0.9916,LPath
P451G,0.7995,LPath
P451H,0.8118,LPath
P451I,0.9793,LPath
P451K,0.926,LPath
P451L,0.8556,LPath
P451M,0.9509,LPath
P451N,0.8179,LPath
P451Q,0.6897,LPath
P451R,0.8783,LPath
P451S,0.527,Amb
P451T,0.6042,LPath
P451V,0.9302,LPath
P451W,0.9926,LPath
P451Y,0.9854,LPath
V452A,0.7704,LPath
V452C,0.689,LPath
V452D,0.999,LPath
V452E,0.9982,LPath
V452F,0.9903,LPath
V452G,0.9017,LPath
V452H,0.9989,LPath
V452I,0.3122,LBen
V452K,0.9991,LPath
V452L,0.9386,LPath
V452M,0.9414,LPath
V452N,0.9874,LPath
V452P,0.9967,LPath
V452Q,0.9968,LPath
V452R,0.9974,LPath
V452S,0.8341,LPath
V452T,0.5869,LPath
V452W,0.9999,LPath
V452Y,0.999,LPath
L453A,0.3765,Amb
L453C,0.5146,Amb
L453D,0.9366,LPath
L453E,0.7533,LPath
L453F,0.2262,LBen
L453G,0.7688,LPath
L453H,0.4234,Amb
L453I,0.2498,LBen
L453K,0.5528,Amb
L453M,0.063,LBen
L453N,0.5971,LPath
L453P,0.9894,LPath
L453Q,0.2526,LBen
L453R,0.5832,LPath
L453S,0.3466,Amb
L453T,0.2751,LBen
L453V,0.1701,LBen
L453W,0.4919,Amb
L453Y,0.4617,Amb
A454C,0.2685,LBen
A454D,0.9724,LPath
A454E,0.9617,LPath
A454F,0.927,LPath
A454G,0.2826,LBen
A454H,0.9024,LPath
A454I,0.9735,LPath
A454K,0.9949,LPath
A454L,0.8705,LPath
A454M,0.8667,LPath
A454N,0.8573,LPath
A454P,0.9638,LPath
A454Q,0.8854,LPath
A454R,0.9871,LPath
A454S,0.1524,LBen
A454T,0.7449,LPath
A454V,0.8737,LPath
A454W,0.9909,LPath
A454Y,0.9507,LPath
I455A,0.9967,LPath
I455C,0.9984,LPath
I455D,0.9999,LPath
I455E,0.9998,LPath
I455F,0.9717,LPath
I455G,0.9997,LPath
I455H,0.9999,LPath
I455K,0.9998,LPath
I455L,0.5301,Amb
I455M,0.8361,LPath
I455N,0.9993,LPath
I455P,0.9994,LPath
I455Q,0.9997,LPath
I455R,0.9994,LPath
I455S,0.9984,LPath
I455T,0.9981,LPath
I455V,0.6927,LPath
I455W,0.9993,LPath
I455Y,0.9974,LPath
H456A,0.9967,LPath
H456C,0.8969,LPath
H456D,0.9972,LPath
H456E,0.9986,LPath
H456F,0.9514,LPath
H456G,0.9947,LPath
H456I,0.999,LPath
H456K,0.9988,LPath
H456L,0.9877,LPath
H456M,0.9961,LPath
H456N,0.9751,LPath
H456P,0.9953,LPath
H456Q,0.9944,LPath
H456R,0.9932,LPath
H456S,0.9773,LPath
H456T,0.9977,LPath
H456V,0.9984,LPath
H456W,0.8615,LPath
H456Y,0.8723,LPath
G457A,0.9976,LPath
G457C,0.9995,LPath
G457D,0.9999,LPath
G457E,0.9998,LPath
G457F,0.9998,LPath
G457H,1.0,LPath
G457I,0.9998,LPath
G457K,0.9999,LPath
G457L,0.9998,LPath
G457M,0.9999,LPath
G457N,0.9999,LPath
G457P,0.9999,LPath
G457Q,0.9998,LPath
G457R,0.9995,LPath
G457S,0.9945,LPath
G457T,0.9995,LPath
G457V,0.9996,LPath
G457W,0.9997,LPath
G457Y,0.9998,LPath
K458A,0.9754,LPath
K458C,0.9471,LPath
K458D,0.9869,LPath
K458E,0.9686,LPath
K458F,0.9956,LPath
K458G,0.9228,LPath
K458H,0.7296,LPath
K458I,0.9907,LPath
K458L,0.9682,LPath
K458M,0.9594,LPath
K458N,0.9554,LPath
K458P,0.9973,LPath
K458Q,0.5994,LPath
K458R,0.0734,LBen
K458S,0.9746,LPath
K458T,0.9715,LPath
K458V,0.9845,LPath
K458W,0.9829,LPath
K458Y,0.9746,LPath
Q459A,0.7645,LPath
Q459C,0.979,LPath
Q459D,0.9973,LPath
Q459E,0.8219,LPath
Q459F,0.9873,LPath
Q459G,0.9217,LPath
Q459H,0.9893,LPath
Q459I,0.8941,LPath
Q459K,0.8514,LPath
Q459L,0.4235,Amb
Q459M,0.3427,Amb
Q459N,0.9629,LPath
Q459P,0.9979,LPath
Q459R,0.9523,LPath
Q459S,0.9132,LPath
Q459T,0.9052,LPath
Q459V,0.8279,LPath
Q459W,0.9964,LPath
Q459Y,0.9921,LPath
K460A,0.9381,LPath
K460C,0.9773,LPath
K460D,0.9823,LPath
K460E,0.967,LPath
K460F,0.9966,LPath
K460G,0.9583,LPath
K460H,0.8598,LPath
K460I,0.9726,LPath
K460L,0.9476,LPath
K460M,0.9186,LPath
K460N,0.9615,LPath
K460P,0.9467,LPath
K460Q,0.646,LPath
K460R,0.2274,LBen
K460S,0.9531,LPath
K460T,0.913,LPath
K460V,0.9421,LPath
K460W,0.9937,LPath
K460Y,0.9867,LPath
Q461A,0.8876,LPath
Q461C,0.9999,LPath
Q461D,0.999,LPath
Q461E,0.9724,LPath
Q461F,0.9987,LPath
Q461G,0.9492,LPath
Q461H,0.9996,LPath
Q461I,0.99,LPath
Q461K,0.9956,LPath
Q461L,0.9868,LPath
Q461M,0.9386,LPath
Q461N,0.9754,LPath
Q461P,0.9805,LPath
Q461R,0.9971,LPath
Q461S,0.9211,LPath
Q461T,0.9355,LPath
Q461V,0.9832,LPath
Q461W,0.9994,LPath
Q461Y,0.9995,LPath
N462A,0.1366,LBen
N462C,0.306,LBen
N462D,0.7673,LPath
N462E,0.8655,LPath
N462F,0.6161,LPath
N462G,0.2182,LBen
N462H,0.2899,LBen
N462I,0.2254,LBen
N462K,0.885,LPath
N462L,0.2127,LBen
N462M,0.1605,LBen
N462P,0.7398,LPath
N462Q,0.398,Amb
N462R,0.8961,LPath
N462S,0.0807,LBen
N462T,0.0612,LBen
N462V,0.1594,LBen
N462W,0.9139,LPath
N462Y,0.3984,Amb
K463A,0.9039,LPath
K463C,0.9514,LPath
K463D,0.9904,LPath
K463E,0.9561,LPath
K463F,0.9924,LPath
K463G,0.9718,LPath
K463H,0.8259,LPath
K463I,0.9068,LPath
K463L,0.8951,LPath
K463M,0.8732,LPath
K463N,0.9783,LPath
K463P,0.9971,LPath
K463Q,0.5816,LPath
K463R,0.1169,LBen
K463S,0.9666,LPath
K463T,0.8431,LPath
K463V,0.8376,LPath
K463W,0.9865,LPath
K463Y,0.9733,LPath
R464A,0.9993,LPath
R464C,0.9989,LPath
R464D,0.9994,LPath
R464E,0.9972,LPath
R464F,0.9999,LPath
R464G,0.9991,LPath
R464H,0.999,LPath
R464I,0.9993,LPath
R464K,0.9969,LPath
R464L,0.9981,LPath
R464M,0.9999,LPath
R464N,0.9996,LPath
R464P,0.9995,LPath
R464Q,0.9984,LPath
R464S,0.9998,LPath
R464T,0.9998,LPath
R464V,0.9992,LPath
R464W,0.999,LPath
R464Y,0.9992,LPath
T465A,0.8973,LPath
T465C,0.9859,LPath
T465D,0.9976,LPath
T465E,0.9952,LPath
T465F,0.9935,LPath
T465G,0.9478,LPath
T465H,0.991,LPath
T465I,0.9785,LPath
T465K,0.9924,LPath
T465L,0.8725,LPath
T465M,0.7826,LPath
T465N,0.9616,LPath
T465P,0.9895,LPath
T465Q,0.9728,LPath
T465R,0.9908,LPath
T465S,0.8484,LPath
T465V,0.8962,LPath
T465W,0.9979,LPath
T465Y,0.9942,LPath
T466A,0.1005,LBen
T466C,0.5261,Amb
T466D,0.9129,LPath
T466E,0.8316,LPath
T466F,0.7846,LPath
T466G,0.3238,LBen
T466H,0.6604,LPath
T466I,0.6447,LPath
T466K,0.8003,LPath
T466L,0.3052,LBen
T466M,0.1608,LBen
T466N,0.2564,LBen
T466P,0.97,LPath
T466Q,0.4515,Amb
T466R,0.7672,LPath
T466S,0.1226,LBen
T466V,0.344,Amb
T466W,0.9623,LPath
T466Y,0.7903,LPath
T467A,0.3459,Amb
T467C,0.866,LPath
T467D,0.9956,LPath
T467E,0.9902,LPath
T467F,0.9817,LPath
T467G,0.9335,LPath
T467H,0.9743,LPath
T467I,0.7406,LPath
T467K,0.9871,LPath
T467L,0.7298,LPath
T467M,0.5825,LPath
T467N,0.8486,LPath
T467P,0.993,LPath
T467Q,0.9425,LPath
T467R,0.9722,LPath
T467S,0.5611,Amb
T467V,0.358,Amb
T467W,0.9976,LPath
T467Y,0.9871,LPath
F468A,0.9983,LPath
F468C,0.995,LPath
F468D,0.9998,LPath
F468E,0.9999,LPath
F468G,0.9992,LPath
F468H,0.997,LPath
F468I,0.9936,LPath
F468K,0.9998,LPath
F468L,0.9993,LPath
F468M,0.9948,LPath
F468N,0.9985,LPath
F468P,1.0,LPath
F468Q,0.9996,LPath
F468R,0.9986,LPath
F468S,0.9985,LPath
F468T,0.9982,LPath
F468V,0.9848,LPath
F468W,0.9691,LPath
F468Y,0.5754,LPath
F469A,0.995,LPath
F469C,0.9688,LPath
F469D,0.9988,LPath
F469E,0.9984,LPath
F469G,0.9967,LPath
F469H,0.9752,LPath
F469I,0.9736,LPath
F469K,0.9983,LPath
F469L,0.9938,LPath
F469M,0.9641,LPath
F469N,0.9898,LPath
F469P,0.9999,LPath
F469Q,0.9911,LPath
F469R,0.9912,LPath
F469S,0.9891,LPath
F469T,0.9946,LPath
F469V,0.974,LPath
F469W,0.8862,LPath
F469Y,0.5454,Amb
Q470A,0.5087,Amb
Q470C,0.9307,LPath
Q470D,0.8574,LPath
Q470E,0.2252,LBen
Q470F,0.9842,LPath
Q470G,0.6928,LPath
Q470H,0.6746,LPath
Q470I,0.9292,LPath
Q470K,0.5119,Amb
Q470L,0.5313,Amb
Q470M,0.7006,LPath
Q470N,0.549,Amb
Q470P,0.9947,LPath
Q470R,0.5263,Amb
Q470S,0.3801,Amb
Q470T,0.4592,Amb
Q470V,0.8368,LPath
Q470W,0.9826,LPath
Q470Y,0.9383,LPath
F471A,0.9996,LPath
F471C,0.9984,LPath
F471D,0.9998,LPath
F471E,0.9999,LPath
F471G,0.9995,LPath
F471H,0.9976,LPath
F471I,0.9981,LPath
F471K,0.9999,LPath
F471L,0.9998,LPath
F471M,0.9978,LPath
F471N,0.9993,LPath
F471P,1.0,LPath
F471Q,0.9998,LPath
F471R,0.9995,LPath
F471S,0.9996,LPath
F471T,0.9998,LPath
F471V,0.9975,LPath
F471W,0.9705,LPath
F471Y,0.7185,LPath
C472A,0.7689,LPath
C472D,0.9966,LPath
C472E,0.9916,LPath
C472F,0.9375,LPath
C472G,0.8229,LPath
C472H,0.982,LPath
C472I,0.6439,LPath
C472K,0.9916,LPath
C472L,0.804,LPath
C472M,0.8015,LPath
C472N,0.9417,LPath
C472P,0.9992,LPath
C472Q,0.9374,LPath
C472R,0.9433,LPath
C472S,0.6491,LPath
C472T,0.7366,LPath
C472V,0.4537,Amb
C472W,0.9784,LPath
C472Y,0.9727,LPath
N473A,0.4508,Amb
N473C,0.4083,Amb
N473D,0.6208,LPath
N473E,0.764,LPath
N473F,0.9314,LPath
N473G,0.463,Amb
N473H,0.2543,LBen
N473I,0.7574,LPath
N473K,0.761,LPath
N473L,0.5954,LPath
N473M,0.6666,LPath
N473P,0.991,LPath
N473Q,0.5402,Amb
N473R,0.6873,LPath
N473S,0.0999,LBen
N473T,0.3692,Amb
N473V,0.6683,LPath
N473W,0.9713,LPath
N473Y,0.605,LPath
A474C,0.6142,LPath
A474D,0.9615,LPath
A474E,0.8961,LPath
A474F,0.8656,LPath
A474G,0.6326,LPath
A474H,0.8896,LPath
A474I,0.8008,LPath
A474K,0.9607,LPath
A474L,0.5849,LPath
A474M,0.4988,Amb
A474N,0.8259,LPath
A474P,0.9979,LPath
A474Q,0.7425,LPath
A474R,0.9006,LPath
A474S,0.167,LBen
A474T,0.362,Amb
A474V,0.523,Amb
A474W,0.9782,LPath
A474Y,0.9194,LPath
D475A,0.1365,LBen
D475C,0.6704,LPath
D475E,0.0926,LBen
D475F,0.7833,LPath
D475G,0.2239,LBen
D475H,0.3945,Amb
D475I,0.3358,LBen
D475K,0.332,LBen
D475L,0.4328,Amb
D475M,0.6067,LPath
D475N,0.117,LBen
D475P,0.414,Amb
D475Q,0.2595,LBen
D475R,0.4561,Amb
D475S,0.1097,LBen
D475T,0.1536,LBen
D475V,0.1953,LBen
D475W,0.9636,LPath
D475Y,0.5036,Amb
S476A,0.0781,LBen
S476C,0.0763,LBen
S476D,0.7145,LPath
S476E,0.5964,LPath
S476F,0.2355,LBen
S476G,0.165,LBen
S476H,0.3309,LBen
S476I,0.2574,LBen
S476K,0.7199,LPath
S476L,0.1395,LBen
S476M,0.1574,LBen
S476N,0.2276,LBen
S476P,0.9326,LPath
S476Q,0.4252,Amb
S476R,0.6686,LPath
S476T,0.0602,LBen
S476V,0.1772,LBen
S476W,0.5577,Amb
S476Y,0.2754,LBen
G477A,0.3162,LBen
G477C,0.707,LPath
G477D,0.9939,LPath
G477E,0.9937,LPath
G477F,0.9887,LPath
G477H,0.9921,LPath
G477I,0.9742,LPath
G477K,0.9966,LPath
G477L,0.962,LPath
G477M,0.961,LPath
G477N,0.976,LPath
G477P,0.9992,LPath
G477Q,0.9777,LPath
G477R,0.9889,LPath
G477S,0.4566,Amb
G477T,0.8825,LPath
G477V,0.9258,LPath
G477W,0.9952,LPath
G477Y,0.991,LPath
T478A,0.2301,LBen
T478C,0.395,Amb
T478D,0.9833,LPath
T478E,0.9665,LPath
T478F,0.5475,Amb
T478G,0.812,LPath
T478H,0.9115,LPath
T478I,0.0355,LBen
T478K,0.9656,LPath
T478L,0.1396,LBen
T478M,0.1614,LBen
T478N,0.72,LPath
T478P,0.8686,LPath
T478Q,0.9075,LPath
T478R,0.9442,LPath
T478S,0.4075,Amb
T478V,0.0577,LBen
T478W,0.9626,LPath
T478Y,0.8386,LPath
L479A,0.9931,LPath
L479C,0.9883,LPath
L479D,1.0,LPath
L479E,0.9998,LPath
L479F,0.9892,LPath
L479G,0.9989,LPath
L479H,0.9997,LPath
L479I,0.8618,LPath
L479K,0.9997,LPath
L479M,0.6322,LPath
L479N,0.9997,LPath
L479P,0.9999,LPath
L479Q,0.9992,LPath
L479R,0.9994,LPath
L479S,0.9994,LPath
L479T,0.9986,LPath
L479V,0.8892,LPath
L479W,0.9997,LPath
L479Y,0.9991,LPath
L480A,0.9805,LPath
L480C,0.9248,LPath
L480D,1.0,LPath
L480E,0.9998,LPath
L480F,0.6631,LPath
L480G,0.9984,LPath
L480H,0.9988,LPath
L480I,0.3297,LBen
L480K,0.9997,LPath
L480M,0.641,LPath
L480N,0.9996,LPath
L480P,0.9992,LPath
L480Q,0.9991,LPath
L480R,0.9988,LPath
L480S,0.9989,LPath
L480T,0.9952,LPath
L480V,0.4478,Amb
L480W,0.9945,LPath
L480Y,0.9929,LPath
C481A,0.9229,LPath
C481D,0.9998,LPath
C481E,1.0,LPath
C481F,0.9987,LPath
C481G,0.9759,LPath
C481H,0.9997,LPath
C481I,0.9993,LPath
C481K,1.0,LPath
C481L,0.9957,LPath
C481M,0.9978,LPath
C481N,0.999,LPath
C481P,0.9999,LPath
C481Q,0.9998,LPath
C481R,0.9996,LPath
C481S,0.9601,LPath
C481T,0.972,LPath
C481V,0.9901,LPath
C481W,0.9999,LPath
C481Y,0.9998,LPath
T482A,0.9964,LPath
T482C,0.9989,LPath
T482D,0.9995,LPath
T482E,0.9995,LPath
T482F,0.9997,LPath
T482G,0.9955,LPath
T482H,0.9988,LPath
T482I,0.9998,LPath
T482K,0.9985,LPath
T482L,0.9972,LPath
T482M,0.998,LPath
T482N,0.998,LPath
T482P,0.9959,LPath
T482Q,0.9991,LPath
T482R,0.9975,LPath
T482S,0.9809,LPath
T482V,0.998,LPath
T482W,0.9998,LPath
T482Y,0.9998,LPath
D483A,0.9951,LPath
D483C,0.9996,LPath
D483E,0.9969,LPath
D483F,0.9998,LPath
D483G,0.9955,LPath
D483H,0.9989,LPath
D483I,0.9996,LPath
D483K,0.9996,LPath
D483L,0.9988,LPath
D483M,0.9998,LPath
D483N,0.8447,LPath
D483P,0.9994,LPath
D483Q,0.9994,LPath
D483R,0.9993,LPath
D483S,0.97,LPath
D483T,0.9954,LPath
D483V,0.9976,LPath
D483W,1.0,LPath
D483Y,0.9978,LPath
V484A,0.9978,LPath
V484C,0.9991,LPath
V484D,0.9997,LPath
V484E,0.9991,LPath
V484F,0.9964,LPath
V484G,0.995,LPath
V484H,0.9998,LPath
V484I,0.4362,Amb
V484K,0.9989,LPath
V484L,0.9817,LPath
V484M,0.9919,LPath
V484N,0.9986,LPath
V484P,0.9996,LPath
V484Q,0.9992,LPath
V484R,0.9968,LPath
V484S,0.9969,LPath
V484T,0.9846,LPath
V484W,0.9999,LPath
V484Y,0.9993,LPath
A485C,0.9925,LPath
A485D,0.9999,LPath
A485E,0.9999,LPath
A485F,0.9983,LPath
A485G,0.8548,LPath
A485H,0.9999,LPath
A485I,0.9989,LPath
A485K,1.0,LPath
A485L,0.9858,LPath
A485M,0.9971,LPath
A485N,0.9997,LPath
A485P,0.9987,LPath
A485Q,0.9992,LPath
A485R,0.9994,LPath
A485S,0.9151,LPath
A485T,0.9977,LPath
A485V,0.9941,LPath
A485W,0.9999,LPath
A485Y,0.9997,LPath
A486C,0.9836,LPath
A486D,0.9997,LPath
A486E,0.997,LPath
A486F,0.9963,LPath
A486G,0.9313,LPath
A486H,0.9987,LPath
A486I,0.9992,LPath
A486K,0.9996,LPath
A486L,0.9838,LPath
A486M,0.9925,LPath
A486N,0.9983,LPath
A486P,0.9995,LPath
A486Q,0.9844,LPath
A486R,0.9956,LPath
A486S,0.4813,Amb
A486T,0.9906,LPath
A486V,0.9961,LPath
A486W,0.9992,LPath
A486Y,0.9984,LPath
R487A,0.9996,LPath
R487C,0.9993,LPath
R487D,0.9997,LPath
R487E,0.9985,LPath
R487F,0.9999,LPath
R487G,0.9991,LPath
R487H,0.9994,LPath
R487I,0.9999,LPath
R487K,0.9983,LPath
R487L,0.9989,LPath
R487M,1.0,LPath
R487N,0.9999,LPath
R487P,0.9998,LPath
R487Q,0.9989,LPath
R487S,0.9998,LPath
R487T,0.9999,LPath
R487V,0.9998,LPath
R487W,0.9984,LPath
R487Y,0.9998,LPath
G488A,0.9995,LPath
G488C,0.9998,LPath
G488D,0.9999,LPath
G488E,0.9999,LPath
G488F,0.9999,LPath
G488H,1.0,LPath
G488I,0.9997,LPath
G488K,1.0,LPath
G488L,0.9999,LPath
G488M,1.0,LPath
G488N,1.0,LPath
G488P,1.0,LPath
G488Q,1.0,LPath
G488R,1.0,LPath
G488S,0.9998,LPath
G488T,0.9998,LPath
G488V,0.9997,LPath
G488W,0.9999,LPath
G488Y,0.9999,LPath
L489A,0.9985,LPath
L489C,0.9992,LPath
L489D,1.0,LPath
L489E,0.9998,LPath
L489F,0.9957,LPath
L489G,0.9996,LPath
L489H,0.9998,LPath
L489I,0.9174,LPath
L489K,0.9996,LPath
L489M,0.9674,LPath
L489N,0.9996,LPath
L489P,0.9999,LPath
L489Q,0.9998,LPath
L489R,0.9993,LPath
L489S,0.9998,LPath
L489T,0.9987,LPath
L489V,0.9764,LPath
L489W,0.9858,LPath
L489Y,0.9986,LPath
D490A,0.9989,LPath
D490C,0.9999,LPath
D490E,0.9993,LPath
D490F,0.9994,LPath
D490G,0.999,LPath
D490H,0.9992,LPath
D490I,0.9996,LPath
D490K,0.9999,LPath
D490L,0.999,LPath
D490M,0.9999,LPath
D490N,0.9973,LPath
D490P,0.9997,LPath
D490Q,0.9997,LPath
D490R,0.9997,LPath
D490S,0.9975,LPath
D490T,0.9998,LPath
D490V,0.999,LPath
D490W,0.9999,LPath
D490Y,0.9971,LPath
I491A,0.9987,LPath
I491C,0.9993,LPath
I491D,0.9997,LPath
I491E,0.9996,LPath
I491F,0.8334,LPath
I491G,0.9998,LPath
I491H,0.9994,LPath
I491K,0.9996,LPath
I491L,0.9123,LPath
I491M,0.9131,LPath
I491N,0.9972,LPath
I491P,0.9994,LPath
I491Q,0.9996,LPath
I491R,0.999,LPath
I491S,0.9975,LPath
I491T,0.9982,LPath
I491V,0.7377,LPath
I491W,0.9983,LPath
I491Y,0.9947,LPath
P492A,0.9108,LPath
P492C,0.9967,LPath
P492D,0.9975,LPath
P492E,0.9935,LPath
P492F,0.9992,LPath
P492G,0.9864,LPath
P492H,0.9909,LPath
P492I,0.9971,LPath
P492K,0.9916,LPath
P492L,0.9698,LPath
P492M,0.9955,LPath
P492N,0.9959,LPath
P492Q,0.981,LPath
P492R,0.9746,LPath
P492S,0.9702,LPath
P492T,0.9655,LPath
P492V,0.9916,LPath
P492W,0.999,LPath
P492Y,0.9989,LPath
E493A,0.2485,LBen
E493C,0.9455,LPath
E493D,0.2473,LBen
E493F,0.9768,LPath
E493G,0.5172,Amb
E493H,0.8382,LPath
E493I,0.9203,LPath
E493K,0.5947,LPath
E493L,0.825,LPath
E493M,0.8316,LPath
E493N,0.554,Amb
E493P,0.992,LPath
E493Q,0.3066,LBen
E493R,0.7046,LPath
E493S,0.3516,Amb
E493T,0.6921,LPath
E493V,0.7435,LPath
E493W,0.9939,LPath
E493Y,0.9533,LPath
V494A,0.9937,LPath
V494C,0.997,LPath
V494D,0.9996,LPath
V494E,0.999,LPath
V494F,0.9991,LPath
V494G,0.988,LPath
V494H,0.9999,LPath
V494I,0.4087,Amb
V494K,0.9995,LPath
V494L,0.9965,LPath
V494M,0.9944,LPath
V494N,0.9985,LPath
V494P,0.9987,LPath
V494Q,0.9996,LPath
V494R,0.9988,LPath
V494S,0.9957,LPath
V494T,0.9625,LPath
V494W,1.0,LPath
V494Y,0.9998,LPath
D495A,0.9871,LPath
D495C,0.9973,LPath
D495E,0.9706,LPath
D495F,0.9982,LPath
D495G,0.9759,LPath
D495H,0.9616,LPath
D495I,0.9991,LPath
D495K,0.998,LPath
D495L,0.9973,LPath
D495M,0.9991,LPath
D495N,0.7702,LPath
D495P,0.9994,LPath
D495Q,0.9896,LPath
D495R,0.9973,LPath
D495S,0.9031,LPath
D495T,0.9874,LPath
D495V,0.9969,LPath
D495W,0.9996,LPath
D495Y,0.9901,LPath
W496A,0.9965,LPath
W496C,0.9947,LPath
W496D,0.9998,LPath
W496E,0.9999,LPath
W496F,0.7592,LPath
W496G,0.9913,LPath
W496H,0.997,LPath
W496I,0.9927,LPath
W496K,0.9999,LPath
W496L,0.9857,LPath
W496M,0.9947,LPath
W496N,0.9993,LPath
W496P,1.0,LPath
W496Q,0.9998,LPath
W496R,0.9997,LPath
W496S,0.9945,LPath
W496T,0.997,LPath
W496V,0.9877,LPath
W496Y,0.8934,LPath
I497A,0.9974,LPath
I497C,0.9993,LPath
I497D,0.9999,LPath
I497E,0.9997,LPath
I497F,0.999,LPath
I497G,0.9998,LPath
I497H,1.0,LPath
I497K,0.9999,LPath
I497L,0.9844,LPath
I497M,0.9796,LPath
I497N,0.9994,LPath
I497P,0.9998,LPath
I497Q,0.9999,LPath
I497R,0.9997,LPath
I497S,0.9987,LPath
I497T,0.9963,LPath
I497V,0.6088,LPath
I497W,0.9999,LPath
I497Y,0.9999,LPath
V498A,0.9825,LPath
V498C,0.9741,LPath
V498D,0.9999,LPath
V498E,0.9993,LPath
V498F,0.9595,LPath
V498G,0.9932,LPath
V498H,0.9997,LPath
V498I,0.0727,LBen
V498K,0.9995,LPath
V498L,0.5361,Amb
V498M,0.8482,LPath
V498N,0.9991,LPath
V498P,0.9994,LPath
V498Q,0.999,LPath
V498R,0.999,LPath
V498S,0.9961,LPath
V498T,0.9834,LPath
V498W,0.9995,LPath
V498Y,0.9983,LPath
Q499A,0.8882,LPath
Q499C,0.9916,LPath
Q499D,0.9986,LPath
Q499E,0.9128,LPath
Q499F,0.9984,LPath
Q499G,0.9457,LPath
Q499H,0.9966,LPath
Q499I,0.9894,LPath
Q499K,0.9978,LPath
Q499L,0.9802,LPath
Q499M,0.9392,LPath
Q499N,0.9029,LPath
Q499P,0.9966,LPath
Q499R,0.9972,LPath
Q499S,0.7092,LPath
Q499T,0.9266,LPath
Q499V,0.9786,LPath
Q499W,0.9995,LPath
Q499Y,0.9995,LPath
Y500A,0.9883,LPath
Y500C,0.8458,LPath
Y500D,0.9965,LPath
Y500E,0.9988,LPath
Y500F,0.0532,LBen
Y500G,0.9813,LPath
Y500H,0.9811,LPath
Y500I,0.9232,LPath
Y500K,0.9993,LPath
Y500L,0.8844,LPath
Y500M,0.9301,LPath
Y500N,0.9804,LPath
Y500P,0.9992,LPath
Y500Q,0.9983,LPath
Y500R,0.9978,LPath
Y500S,0.9833,LPath
Y500T,0.9915,LPath
Y500V,0.8077,LPath
Y500W,0.8316,LPath
D501A,0.9959,LPath
D501C,0.9985,LPath
D501E,0.9927,LPath
D501F,0.9996,LPath
D501G,0.9972,LPath
D501H,0.9986,LPath
D501I,0.9994,LPath
D501K,0.9998,LPath
D501L,0.9984,LPath
D501M,0.9999,LPath
D501N,0.9907,LPath
D501P,0.9996,LPath
D501Q,0.9994,LPath
D501R,0.9993,LPath
D501S,0.9858,LPath
D501T,0.9984,LPath
D501V,0.9982,LPath
D501W,0.9999,LPath
D501Y,0.9973,LPath
P502A,0.8531,LPath
P502C,0.9832,LPath
P502D,0.9999,LPath
P502E,0.9997,LPath
P502F,0.9998,LPath
P502G,0.9941,LPath
P502H,0.9995,LPath
P502I,0.9947,LPath
P502K,0.9999,LPath
P502L,0.9887,LPath
P502M,0.9982,LPath
P502N,0.9996,LPath
P502Q,0.9996,LPath
P502R,0.9994,LPath
P502S,0.9918,LPath
P502T,0.9934,LPath
P502V,0.9806,LPath
P502W,1.0,LPath
P502Y,0.9999,LPath
P503A,0.8419,LPath
P503C,0.9871,LPath
P503D,0.9997,LPath
P503E,0.9995,LPath
P503F,0.9999,LPath
P503G,0.9914,LPath
P503H,0.9995,LPath
P503I,0.9988,LPath
P503K,0.9998,LPath
P503L,0.9946,LPath
P503M,0.9989,LPath
P503N,0.9995,LPath
P503Q,0.9992,LPath
P503R,0.9991,LPath
P503S,0.9739,LPath
P503T,0.9708,LPath
P503V,0.99,LPath
P503W,1.0,LPath
P503Y,0.9999,LPath
D504A,0.9474,LPath
D504C,0.9962,LPath
D504E,0.958,LPath
D504F,0.9975,LPath
D504G,0.9547,LPath
D504H,0.9951,LPath
D504I,0.9958,LPath
D504K,0.997,LPath
D504L,0.9913,LPath
D504M,0.9979,LPath
D504N,0.8879,LPath
D504P,0.9964,LPath
D504Q,0.9937,LPath
D504R,0.994,LPath
D504S,0.8894,LPath
D504T,0.973,LPath
D504V,0.9818,LPath
D504W,0.9994,LPath
D504Y,0.9879,LPath
D505A,0.9505,LPath
D505C,0.987,LPath
D505E,0.8322,LPath
D505F,0.995,LPath
D505G,0.9899,LPath
D505H,0.9807,LPath
D505I,0.9908,LPath
D505K,0.9953,LPath
D505L,0.9832,LPath
D505M,0.9955,LPath
D505N,0.812,LPath
D505P,0.9994,LPath
D505Q,0.9868,LPath
D505R,0.9944,LPath
D505S,0.8944,LPath
D505T,0.975,LPath
D505V,0.9749,LPath
D505W,0.9993,LPath
D505Y,0.9739,LPath
P506A,0.702,LPath
P506C,0.9846,LPath
P506D,0.9988,LPath
P506E,0.9968,LPath
P506F,0.9991,LPath
P506G,0.9795,LPath
P506H,0.9945,LPath
P506I,0.9778,LPath
P506K,0.9985,LPath
P506L,0.9791,LPath
P506M,0.9916,LPath
P506N,0.997,LPath
P506Q,0.9937,LPath
P506R,0.9954,LPath
P506S,0.9267,LPath
P506T,0.7621,LPath
P506V,0.9174,LPath
P506W,0.9995,LPath
P506Y,0.9991,LPath
K507A,0.9301,LPath
K507C,0.977,LPath
K507D,0.9878,LPath
K507E,0.9395,LPath
K507F,0.9978,LPath
K507G,0.9537,LPath
K507H,0.906,LPath
K507I,0.9752,LPath
K507L,0.946,LPath
K507M,0.9377,LPath
K507N,0.9821,LPath
K507P,0.9903,LPath
K507Q,0.6247,LPath
K507R,0.0854,LBen
K507S,0.9638,LPath
K507T,0.8701,LPath
K507V,0.9166,LPath
K507W,0.9931,LPath
K507Y,0.9918,LPath
E508A,0.9379,LPath
E508C,0.9963,LPath
E508D,0.7993,LPath
E508F,0.9988,LPath
E508G,0.9421,LPath
E508H,0.9975,LPath
E508I,0.9953,LPath
E508K,0.994,LPath
E508L,0.995,LPath
E508M,0.9928,LPath
E508N,0.9792,LPath
E508P,0.9995,LPath
E508Q,0.9525,LPath
E508R,0.993,LPath
E508S,0.9454,LPath
E508T,0.9788,LPath
E508V,0.9815,LPath
E508W,0.9993,LPath
E508Y,0.9963,LPath
Y509A,0.9993,LPath
Y509C,0.999,LPath
Y509D,0.9988,LPath
Y509E,0.9998,LPath
Y509F,0.8734,LPath
Y509G,0.9951,LPath
Y509H,0.9998,LPath
Y509I,0.9973,LPath
Y509K,0.9999,LPath
Y509L,0.9859,LPath
Y509M,0.998,LPath
Y509N,0.9973,LPath
Y509P,0.9996,LPath
Y509Q,0.9999,LPath
Y509R,0.9998,LPath
Y509S,0.998,LPath
Y509T,0.9993,LPath
Y509V,0.9923,LPath
Y509W,0.9911,LPath
I510A,0.999,LPath
I510C,0.9993,LPath
I510D,1.0,LPath
I510E,0.9998,LPath
I510F,0.9939,LPath
I510G,0.9998,LPath
I510H,0.9998,LPath
I510K,0.9993,LPath
I510L,0.9255,LPath
I510M,0.9768,LPath
I510N,0.9995,LPath
I510P,0.9993,LPath
I510Q,0.9994,LPath
I510R,0.9975,LPath
I510S,0.9984,LPath
I510T,0.9959,LPath
I510V,0.5567,Amb
I510W,0.9996,LPath
I510Y,0.999,LPath
H511A,0.9996,LPath
H511C,0.9973,LPath
H511D,0.9999,LPath
H511E,0.9999,LPath
H511F,0.9954,LPath
H511G,0.9995,LPath
H511I,0.9999,LPath
H511K,0.9995,LPath
H511L,0.9964,LPath
H511M,0.9998,LPath
H511N,0.9996,LPath
H511P,0.9964,LPath
H511Q,0.9995,LPath
H511R,0.9989,LPath
H511S,0.9993,LPath
H511T,0.9999,LPath
H511V,0.9998,LPath
H511W,0.9803,LPath
H511Y,0.9975,LPath
R512A,0.9998,LPath
R512C,0.9984,LPath
R512D,0.9999,LPath
R512E,0.9993,LPath
R512F,1.0,LPath
R512G,0.9996,LPath
R512H,0.9985,LPath
R512I,0.9998,LPath
R512K,0.9973,LPath
R512L,0.9989,LPath
R512M,1.0,LPath
R512N,0.9999,LPath
R512P,0.9999,LPath
R512Q,0.9987,LPath
R512S,0.9999,LPath
R512T,0.9999,LPath
R512V,0.9998,LPath
R512W,0.9993,LPath
R512Y,0.9997,LPath
V513A,0.9542,LPath
V513C,0.9893,LPath
V513D,0.9997,LPath
V513E,0.9992,LPath
V513F,0.9985,LPath
V513G,0.9735,LPath
V513H,0.9998,LPath
V513I,0.7294,LPath
V513K,0.9994,LPath
V513L,0.9972,LPath
V513M,0.9975,LPath
V513N,0.9986,LPath
V513P,0.9991,LPath
V513Q,0.9988,LPath
V513R,0.9963,LPath
V513S,0.9763,LPath
V513T,0.9642,LPath
V513W,0.9999,LPath
V513Y,0.9997,LPath
G514A,0.9989,LPath
G514C,0.9996,LPath
G514D,0.9999,LPath
G514E,0.9999,LPath
G514F,0.9999,LPath
G514H,1.0,LPath
G514I,0.9998,LPath
G514K,1.0,LPath
G514L,0.9998,LPath
G514M,1.0,LPath
G514N,1.0,LPath
G514P,0.9999,LPath
G514Q,0.9999,LPath
G514R,0.9998,LPath
G514S,0.999,LPath
G514T,0.9995,LPath
G514V,0.9996,LPath
G514W,0.9998,LPath
G514Y,0.9999,LPath
R515A,0.9998,LPath
R515C,0.9994,LPath
R515D,0.9998,LPath
R515E,0.9983,LPath
R515F,0.9999,LPath
R515G,0.9996,LPath
R515H,0.9995,LPath
R515I,0.9996,LPath
R515K,0.9965,LPath
R515L,0.998,LPath
R515M,0.9999,LPath
R515N,0.9998,LPath
R515P,0.9998,LPath
R515Q,0.9988,LPath
R515S,0.9999,LPath
R515T,0.9999,LPath
R515V,0.9995,LPath
R515W,0.9993,LPath
R515Y,0.9998,LPath
T516A,0.9717,LPath
T516C,0.991,LPath
T516D,0.9996,LPath
T516E,0.9994,LPath
T516F,0.9996,LPath
T516G,0.9853,LPath
T516H,0.9992,LPath
T516I,0.9993,LPath
T516K,0.9985,LPath
T516L,0.9931,LPath
T516M,0.9929,LPath
T516N,0.9976,LPath
T516P,0.9936,LPath
T516Q,0.9989,LPath
T516R,0.9976,LPath
T516S,0.984,LPath
T516V,0.9908,LPath
T516W,0.9999,LPath
T516Y,0.9997,LPath
A517C,0.8979,LPath
A517D,0.9998,LPath
A517E,0.9996,LPath
A517F,0.9973,LPath
A517G,0.9237,LPath
A517H,0.9988,LPath
A517I,0.9995,LPath
A517K,0.9996,LPath
A517L,0.9877,LPath
A517M,0.997,LPath
A517N,0.9982,LPath
A517P,0.9994,LPath
A517Q,0.9951,LPath
A517R,0.9928,LPath
A517S,0.822,LPath
A517T,0.9961,LPath
A517V,0.9974,LPath
A517W,0.9996,LPath
A517Y,0.9987,LPath
R518A,0.9994,LPath
R518C,0.9994,LPath
R518D,0.9996,LPath
R518E,0.9984,LPath
R518F,0.9999,LPath
R518G,0.998,LPath
R518H,0.9991,LPath
R518I,0.9998,LPath
R518K,0.9952,LPath
R518L,0.9987,LPath
R518M,1.0,LPath
R518N,0.9998,LPath
R518P,0.9991,LPath
R518Q,0.9983,LPath
R518S,0.9995,LPath
R518T,0.9998,LPath
R518V,0.9996,LPath
R518W,0.998,LPath
R518Y,0.9997,LPath
G519A,0.9739,LPath
G519C,0.9945,LPath
G519D,0.9972,LPath
G519E,0.999,LPath
G519F,0.9952,LPath
G519H,0.9991,LPath
G519I,0.9976,LPath
G519K,0.9992,LPath
G519L,0.9973,LPath
G519M,0.9988,LPath
G519N,0.9961,LPath
G519P,0.9997,LPath
G519Q,0.9987,LPath
G519R,0.9982,LPath
G519S,0.9781,LPath
G519T,0.9959,LPath
G519V,0.9956,LPath
G519W,0.9974,LPath
G519Y,0.9958,LPath
L520A,0.3675,Amb
L520C,0.6388,LPath
L520D,0.8088,LPath
L520E,0.4783,Amb
L520F,0.2731,LBen
L520G,0.6921,LPath
L520H,0.4276,Amb
L520I,0.0856,LBen
L520K,0.3886,Amb
L520M,0.124,LBen
L520N,0.4759,Amb
L520P,0.5981,LPath
L520Q,0.2398,LBen
L520R,0.348,Amb
L520S,0.435,Amb
L520T,0.3609,Amb
L520V,0.1047,LBen
L520W,0.4822,Amb
L520Y,0.5753,LPath
N521A,0.2427,LBen
N521C,0.3388,LBen
N521D,0.1028,LBen
N521E,0.3112,LBen
N521F,0.6698,LPath
N521G,0.1685,LBen
N521H,0.1034,LBen
N521I,0.5266,Amb
N521K,0.3465,Amb
N521L,0.3813,Amb
N521M,0.4855,Amb
N521P,0.8073,LPath
N521Q,0.2839,LBen
N521R,0.3806,Amb
N521S,0.0798,LBen
N521T,0.1689,LBen
N521V,0.4656,Amb
N521W,0.8318,LPath
N521Y,0.2771,LBen
G522A,0.3718,Amb
G522C,0.6883,LPath
G522D,0.939,LPath
G522E,0.9111,LPath
G522F,0.9776,LPath
G522H,0.928,LPath
G522I,0.9333,LPath
G522K,0.9241,LPath
G522L,0.936,LPath
G522M,0.9368,LPath
G522N,0.827,LPath
G522P,0.9958,LPath
G522Q,0.8318,LPath
G522R,0.8611,LPath
G522S,0.2961,LBen
G522T,0.5726,LPath
G522V,0.8444,LPath
G522W,0.9697,LPath
G522Y,0.9642,LPath
R523A,0.5779,LPath
R523C,0.2287,LBen
R523D,0.8776,LPath
R523E,0.517,Amb
R523F,0.8028,LPath
R523G,0.537,Amb
R523H,0.1515,LBen
R523I,0.3931,Amb
R523K,0.1017,LBen
R523L,0.496,Amb
R523M,0.4874,Amb
R523N,0.7261,LPath
R523P,0.9423,LPath
R523Q,0.1183,LBen
R523S,0.6066,LPath
R523T,0.2972,LBen
R523V,0.4085,Amb
R523W,0.5136,Amb
R523Y,0.6856,LPath
G524A,0.9955,LPath
G524C,0.999,LPath
G524D,0.9997,LPath
G524E,0.9998,LPath
G524F,0.9997,LPath
G524H,0.9999,LPath
G524I,0.9997,LPath
G524K,0.9998,LPath
G524L,0.9997,LPath
G524M,0.9999,LPath
G524N,0.9997,LPath
G524P,0.9998,LPath
G524Q,0.9998,LPath
G524R,0.9996,LPath
G524S,0.9969,LPath
G524T,0.9992,LPath
G524V,0.9994,LPath
G524W,0.9998,LPath
G524Y,0.9998,LPath
H525A,0.9547,LPath
H525C,0.5945,LPath
H525D,0.9736,LPath
H525E,0.9706,LPath
H525F,0.9025,LPath
H525G,0.9459,LPath
H525I,0.9839,LPath
H525K,0.7432,LPath
H525L,0.874,LPath
H525M,0.9672,LPath
H525N,0.5833,LPath
H525P,0.9911,LPath
H525Q,0.7537,LPath
H525R,0.4119,Amb
H525S,0.8661,LPath
H525T,0.9687,LPath
H525V,0.9683,LPath
H525W,0.886,LPath
H525Y,0.5695,LPath
A526C,0.9807,LPath
A526D,0.9998,LPath
A526E,0.9997,LPath
A526F,0.9992,LPath
A526G,0.6827,LPath
A526H,0.9995,LPath
A526I,0.9994,LPath
A526K,0.9999,LPath
A526L,0.9949,LPath
A526M,0.9987,LPath
A526N,0.9991,LPath
A526P,0.9996,LPath
A526Q,0.9985,LPath
A526R,0.9989,LPath
A526S,0.5642,LPath
A526T,0.9925,LPath
A526V,0.9972,LPath
A526W,0.9999,LPath
A526Y,0.9997,LPath
L527A,0.9876,LPath
L527C,0.98,LPath
L527D,1.0,LPath
L527E,0.9997,LPath
L527F,0.9737,LPath
L527G,0.9986,LPath
L527H,0.9992,LPath
L527I,0.4318,Amb
L527K,0.9992,LPath
L527M,0.7803,LPath
L527N,0.9995,LPath
L527P,0.9997,LPath
L527Q,0.9988,LPath
L527R,0.998,LPath
L527S,0.9988,LPath
L527T,0.9936,LPath
L527V,0.4849,Amb
L527W,0.9981,LPath
L527Y,0.998,LPath
L528A,0.988,LPath
L528C,0.9828,LPath
L528D,0.9999,LPath
L528E,0.9996,LPath
L528F,0.9812,LPath
L528G,0.9985,LPath
L528H,0.9992,LPath
L528I,0.6473,LPath
L528K,0.9995,LPath
L528M,0.5022,Amb
L528N,0.9989,LPath
L528P,0.9998,LPath
L528Q,0.9975,LPath
L528R,0.9991,LPath
L528S,0.9979,LPath
L528T,0.9883,LPath
L528V,0.7283,LPath
L528W,0.9993,LPath
L528Y,0.9988,LPath
I529A,0.9691,LPath
I529C,0.9234,LPath
I529D,0.9998,LPath
I529E,0.9993,LPath
I529F,0.311,LBen
I529G,0.9961,LPath
I529H,0.997,LPath
I529K,0.9989,LPath
I529L,0.1697,LBen
I529M,0.2145,LBen
I529N,0.9939,LPath
I529P,0.997,LPath
I529Q,0.9967,LPath
I529R,0.9979,LPath
I529S,0.987,LPath
I529T,0.9759,LPath
I529V,0.1361,LBen
I529W,0.9909,LPath
I529Y,0.9716,LPath
L530A,0.9917,LPath
L530C,0.9782,LPath
L530D,1.0,LPath
L530E,0.9997,LPath
L530F,0.9912,LPath
L530G,0.9989,LPath
L530H,0.9997,LPath
L530I,0.7066,LPath
L530K,0.9997,LPath
L530M,0.6842,LPath
L530N,0.9996,LPath
L530P,0.9999,LPath
L530Q,0.999,LPath
L530R,0.9994,LPath
L530S,0.9991,LPath
L530T,0.9942,LPath
L530V,0.7253,LPath
L530W,0.9997,LPath
L530Y,0.9995,LPath
R531A,0.945,LPath
R531C,0.6008,LPath
R531D,0.9912,LPath
R531E,0.9163,LPath
R531F,0.9934,LPath
R531G,0.9453,LPath
R531H,0.777,LPath
R531I,0.9354,LPath
R531K,0.7068,LPath
R531L,0.7236,LPath
R531M,0.9324,LPath
R531N,0.9632,LPath
R531P,0.996,LPath
R531Q,0.4839,Amb
R531S,0.9628,LPath
R531T,0.9153,LPath
R531V,0.9432,LPath
R531W,0.9557,LPath
R531Y,0.9805,LPath
P532A,0.5302,Amb
P532C,0.9821,LPath
P532D,0.9105,LPath
P532E,0.6593,LPath
P532F,0.9967,LPath
P532G,0.8987,LPath
P532H,0.8835,LPath
P532I,0.9786,LPath
P532K,0.8689,LPath
P532L,0.8866,LPath
P532M,0.9656,LPath
P532N,0.9192,LPath
P532Q,0.6817,LPath
P532R,0.827,LPath
P532S,0.7122,LPath
P532T,0.7529,LPath
P532V,0.9229,LPath
P532W,0.9961,LPath
P532Y,0.9923,LPath
E533A,0.8758,LPath
E533C,0.9778,LPath
E533D,0.7873,LPath
E533F,0.9984,LPath
E533G,0.8952,LPath
E533H,0.9704,LPath
E533I,0.991,LPath
E533K,0.9663,LPath
E533L,0.9946,LPath
E533M,0.9887,LPath
E533N,0.9352,LPath
E533P,0.9964,LPath
E533Q,0.7216,LPath
E533R,0.9742,LPath
E533S,0.8243,LPath
E533T,0.9302,LPath
E533V,0.9708,LPath
E533W,0.9986,LPath
E533Y,0.9954,LPath
E534A,0.998,LPath
E534C,0.9994,LPath
E534D,0.9971,LPath
E534F,1.0,LPath
E534G,0.9969,LPath
E534H,0.9999,LPath
E534I,0.9998,LPath
E534K,0.9996,LPath
E534L,0.9999,LPath
E534M,0.9998,LPath
E534N,0.9997,LPath
E534P,0.9999,LPath
E534Q,0.9974,LPath
E534R,0.9995,LPath
E534S,0.9992,LPath
E534T,0.9996,LPath
E534V,0.9993,LPath
E534W,1.0,LPath
E534Y,0.9999,LPath
L535A,0.9204,LPath
L535C,0.9723,LPath
L535D,0.9984,LPath
L535E,0.9856,LPath
L535F,0.9661,LPath
L535G,0.9876,LPath
L535H,0.993,LPath
L535I,0.437,Amb
L535K,0.9637,LPath
L535M,0.5515,Amb
L535N,0.9887,LPath
L535P,0.9985,LPath
L535Q,0.9772,LPath
L535R,0.9528,LPath
L535S,0.9906,LPath
L535T,0.8988,LPath
L535V,0.4317,Amb
L535W,0.9861,LPath
L535Y,0.989,LPath
G536A,0.5048,Amb
G536C,0.93,LPath
G536D,0.982,LPath
G536E,0.9803,LPath
G536F,0.9871,LPath
G536H,0.9905,LPath
G536I,0.9804,LPath
G536K,0.9939,LPath
G536L,0.9422,LPath
G536M,0.9691,LPath
G536N,0.9656,LPath
G536P,0.9913,LPath
G536Q,0.9678,LPath
G536R,0.9892,LPath
G536S,0.7057,LPath
G536T,0.9267,LPath
G536V,0.9569,LPath
G536W,0.9922,LPath
G536Y,0.9862,LPath
F537A,0.9993,LPath
F537C,0.9962,LPath
F537D,0.9999,LPath
F537E,0.9999,LPath
F537G,0.9995,LPath
F537H,0.9984,LPath
F537I,0.9916,LPath
F537K,0.9999,LPath
F537L,0.9982,LPath
F537M,0.984,LPath
F537N,0.9993,LPath
F537P,1.0,LPath
F537Q,0.9996,LPath
F537R,0.9996,LPath
F537S,0.9993,LPath
F537T,0.9995,LPath
F537V,0.9904,LPath
F537W,0.9789,LPath
F537Y,0.7917,LPath
L538A,0.9906,LPath
L538C,0.9855,LPath
L538D,0.9999,LPath
L538E,0.9995,LPath
L538F,0.9924,LPath
L538G,0.9982,LPath
L538H,0.9986,LPath
L538I,0.7186,LPath
L538K,0.9962,LPath
L538M,0.9044,LPath
L538N,0.9994,LPath
L538P,0.9995,LPath
L538Q,0.9975,LPath
L538R,0.9923,LPath
L538S,0.9987,LPath
L538T,0.9916,LPath
L538V,0.7918,LPath
L538W,0.9978,LPath
L538Y,0.9979,LPath
R539A,0.9428,LPath
R539C,0.734,LPath
R539D,0.9818,LPath
R539E,0.9469,LPath
R539F,0.9213,LPath
R539G,0.8657,LPath
R539H,0.3978,Amb
R539I,0.9159,LPath
R539K,0.4346,Amb
R539L,0.7802,LPath
R539M,0.9294,LPath
R539N,0.9449,LPath
R539P,0.9953,LPath
R539Q,0.5148,Amb
R539S,0.947,LPath
R539T,0.9363,LPath
R539V,0.9139,LPath
R539W,0.6529,LPath
R539Y,0.7475,LPath
Y540A,0.9625,LPath
Y540C,0.7011,LPath
Y540D,0.9833,LPath
Y540E,0.991,LPath
Y540F,0.0782,LBen
Y540G,0.974,LPath
Y540H,0.755,LPath
Y540I,0.8755,LPath
Y540K,0.9911,LPath
Y540L,0.8786,LPath
Y540M,0.9115,LPath
Y540N,0.8894,LPath
Y540P,0.9979,LPath
Y540Q,0.979,LPath
Y540R,0.9801,LPath
Y540S,0.9324,LPath
Y540T,0.9619,LPath
Y540V,0.8279,LPath
Y540W,0.7087,LPath
L541A,0.9962,LPath
L541C,0.9932,LPath
L541D,1.0,LPath
L541E,0.9997,LPath
L541F,0.998,LPath
L541G,0.9993,LPath
L541H,0.9998,LPath
L541I,0.9405,LPath
L541K,0.9995,LPath
L541M,0.9185,LPath
L541N,0.9998,LPath
L541P,0.9999,LPath
L541Q,0.9991,LPath
L541R,0.9989,LPath
L541S,0.9997,LPath
L541T,0.9983,LPath
L541V,0.9586,LPath
L541W,0.9997,LPath
L541Y,0.9997,LPath
K542A,0.9746,LPath
K542C,0.9736,LPath
K542D,0.9966,LPath
K542E,0.9586,LPath
K542F,0.9965,LPath
K542G,0.9742,LPath
K542H,0.8404,LPath
K542I,0.9644,LPath
K542L,0.943,LPath
K542M,0.9386,LPath
K542N,0.9903,LPath
K542P,0.9983,LPath
K542Q,0.5596,Amb
K542R,0.1097,LBen
K542S,0.9798,LPath
K542T,0.9477,LPath
K542V,0.9474,LPath
K542W,0.9909,LPath
K542Y,0.9823,LPath
Q543A,0.1742,LBen
Q543C,0.8072,LPath
Q543D,0.6375,LPath
Q543E,0.1574,LBen
Q543F,0.762,LPath
Q543G,0.4454,Amb
Q543H,0.3477,Amb
Q543I,0.4416,Amb
Q543K,0.2611,LBen
Q543L,0.1582,LBen
Q543M,0.269,LBen
Q543N,0.34,LBen
Q543P,0.9806,LPath
Q543R,0.3033,LBen
Q543S,0.2646,LBen
Q543T,0.2616,LBen
Q543V,0.2997,LBen
Q543W,0.8924,LPath
Q543Y,0.652,LPath
S544A,0.073,LBen
S544C,0.1142,LBen
S544D,0.9391,LPath
S544E,0.8651,LPath
S544F,0.6014,LPath
S544G,0.3033,LBen
S544H,0.641,LPath
S544I,0.6984,LPath
S544K,0.9759,LPath
S544L,0.354,Amb
S544M,0.3659,Amb
S544N,0.4148,Amb
S544P,0.9965,LPath
S544Q,0.6814,LPath
S544R,0.9573,LPath
S544T,0.2804,LBen
S544V,0.481,Amb
S544W,0.7949,LPath
S544Y,0.5394,Amb
K545A,0.9316,LPath
K545C,0.8878,LPath
K545D,0.9475,LPath
K545E,0.8696,LPath
K545F,0.9961,LPath
K545G,0.7906,LPath
K545H,0.5066,Amb
K545I,0.9869,LPath
K545L,0.9531,LPath
K545M,0.9405,LPath
K545N,0.8317,LPath
K545P,0.9945,LPath
K545Q,0.4525,Amb
K545R,0.0652,LBen
K545S,0.9006,LPath
K545T,0.9304,LPath
K545V,0.9677,LPath
K545W,0.9861,LPath
K545Y,0.9754,LPath
V546A,0.9964,LPath
V546C,0.9974,LPath
V546D,0.9997,LPath
V546E,0.9989,LPath
V546F,0.9947,LPath
V546G,0.993,LPath
V546H,0.9998,LPath
V546I,0.2058,LBen
V546K,0.9993,LPath
V546L,0.988,LPath
V546M,0.9909,LPath
V546N,0.9985,LPath
V546P,0.9985,LPath
V546Q,0.999,LPath
V546R,0.9984,LPath
V546S,0.9967,LPath
V546T,0.9902,LPath
V546W,0.9999,LPath
V546Y,0.9991,LPath
P547A,0.3235,LBen
P547C,0.9125,LPath
P547D,0.9363,LPath
P547E,0.8513,LPath
P547F,0.95,LPath
P547G,0.8108,LPath
P547H,0.7298,LPath
P547I,0.784,LPath
P547K,0.8705,LPath
P547L,0.5322,Amb
P547M,0.7796,LPath
P547N,0.7765,LPath
P547Q,0.62,LPath
P547R,0.775,LPath
P547S,0.496,Amb
P547T,0.3758,Amb
P547V,0.5952,LPath
P547W,0.9842,LPath
P547Y,0.9484,LPath
L548A,0.9473,LPath
L548C,0.9319,LPath
L548D,0.9997,LPath
L548E,0.9981,LPath
L548F,0.976,LPath
L548G,0.9939,LPath
L548H,0.998,LPath
L548I,0.3573,Amb
L548K,0.9972,LPath
L548M,0.4935,Amb
L548N,0.9966,LPath
L548P,0.987,LPath
L548Q,0.9925,LPath
L548R,0.9945,LPath
L548S,0.992,LPath
L548T,0.9427,LPath
L548V,0.1963,LBen
L548W,0.9982,LPath
L548Y,0.998,LPath
S549A,0.1516,LBen
S549C,0.2149,LBen
S549D,0.8243,LPath
S549E,0.8787,LPath
S549F,0.7115,LPath
S549G,0.1891,LBen
S549H,0.5855,LPath
S549I,0.4653,Amb
S549K,0.9402,LPath
S549L,0.2787,LBen
S549M,0.3195,LBen
S549N,0.15,LBen
S549P,0.9775,LPath
S549Q,0.682,LPath
S549R,0.9166,LPath
S549T,0.1393,LBen
S549V,0.4213,Amb
S549W,0.8416,LPath
S549Y,0.612,LPath
E550A,0.8738,LPath
E550C,0.9929,LPath
E550D,0.979,LPath
E550F,0.9978,LPath
E550G,0.9534,LPath
E550H,0.9921,LPath
E550I,0.9824,LPath
E550K,0.9503,LPath
E550L,0.988,LPath
E550M,0.9834,LPath
E550N,0.9876,LPath
E550P,0.9818,LPath
E550Q,0.7548,LPath
E550R,0.9449,LPath
E550S,0.9489,LPath
E550T,0.9721,LPath
E550V,0.9465,LPath
E550W,0.9996,LPath
E550Y,0.996,LPath
F551A,0.997,LPath
F551C,0.994,LPath
F551D,0.999,LPath
F551E,0.9989,LPath
F551G,0.9978,LPath
F551H,0.9918,LPath
F551I,0.9835,LPath
F551K,0.9984,LPath
F551L,0.9976,LPath
F551M,0.9713,LPath
F551N,0.9953,LPath
F551P,1.0,LPath
F551Q,0.9976,LPath
F551R,0.9953,LPath
F551S,0.9972,LPath
F551T,0.9973,LPath
F551V,0.9824,LPath
F551W,0.9025,LPath
F551Y,0.3754,Amb
D552A,0.5166,Amb
D552C,0.9234,LPath
D552E,0.0897,LBen
D552F,0.9549,LPath
D552G,0.7246,LPath
D552H,0.7937,LPath
D552I,0.7401,LPath
D552K,0.8495,LPath
D552L,0.7873,LPath
D552M,0.8935,LPath
D552N,0.3577,Amb
D552P,0.9494,LPath
D552Q,0.5788,LPath
D552R,0.859,LPath
D552S,0.3989,Amb
D552T,0.5226,Amb
D552V,0.525,Amb
D552W,0.9891,LPath
D552Y,0.8173,LPath
F553A,0.9907,LPath
F553C,0.9526,LPath
F553D,0.9991,LPath
F553E,0.9992,LPath
F553G,0.9967,LPath
F553H,0.9946,LPath
F553I,0.7544,LPath
F553K,0.9991,LPath
F553L,0.9883,LPath
F553M,0.9336,LPath
F553N,0.9954,LPath
F553P,0.9993,LPath
F553Q,0.9979,LPath
F553R,0.9972,LPath
F553S,0.994,LPath
F553T,0.9872,LPath
F553V,0.7487,LPath
F553W,0.9672,LPath
F553Y,0.8208,LPath
S554A,0.1786,LBen
S554C,0.3422,Amb
S554D,0.9496,LPath
S554E,0.9707,LPath
S554F,0.928,LPath
S554G,0.4549,Amb
S554H,0.8468,LPath
S554I,0.8186,LPath
S554K,0.9864,LPath
S554L,0.5774,LPath
S554M,0.7233,LPath
S554N,0.6602,LPath
S554P,0.7727,LPath
S554Q,0.8621,LPath
S554R,0.9812,LPath
S554T,0.3063,LBen
S554V,0.7024,LPath
S554W,0.96,LPath
S554Y,0.8872,LPath
W555A,0.8934,LPath
W555C,0.9801,LPath
W555D,0.9826,LPath
W555E,0.9868,LPath
W555F,0.5358,Amb
W555G,0.9009,LPath
W555H,0.9734,LPath
W555I,0.9353,LPath
W555K,0.9929,LPath
W555L,0.8079,LPath
W555M,0.9071,LPath
W555N,0.975,LPath
W555P,0.9315,LPath
W555Q,0.9867,LPath
W555R,0.9901,LPath
W555S,0.868,LPath
W555T,0.9108,LPath
W555V,0.8828,LPath
W555Y,0.8143,LPath
S556A,0.0773,LBen
S556C,0.1899,LBen
S556D,0.6101,LPath
S556E,0.6773,LPath
S556F,0.533,Amb
S556G,0.0867,LBen
S556H,0.4649,Amb
S556I,0.3949,Amb
S556K,0.7651,LPath
S556L,0.1845,LBen
S556M,0.2222,LBen
S556N,0.1208,LBen
S556P,0.5438,Amb
S556Q,0.4927,Amb
S556R,0.8191,LPath
S556T,0.0767,LBen
S556V,0.2803,LBen
S556W,0.7558,LPath
S556Y,0.4736,Amb
K557A,0.9801,LPath
K557C,0.9855,LPath
K557D,0.994,LPath
K557E,0.9888,LPath
K557F,0.9984,LPath
K557G,0.9833,LPath
K557H,0.9088,LPath
K557I,0.9922,LPath
K557L,0.9812,LPath
K557M,0.9787,LPath
K557N,0.9916,LPath
K557P,0.9963,LPath
K557Q,0.9083,LPath
K557R,0.1777,LBen
K557S,0.988,LPath
K557T,0.972,LPath
K557V,0.978,LPath
K557W,0.9968,LPath
K557Y,0.9923,LPath
I558A,0.9752,LPath
I558C,0.965,LPath
I558D,0.9994,LPath
I558E,0.9977,LPath
I558F,0.9132,LPath
I558G,0.9962,LPath
I558H,0.9977,LPath
I558K,0.9956,LPath
I558L,0.4685,Amb
I558M,0.6102,LPath
I558N,0.9903,LPath
I558P,0.9973,LPath
I558Q,0.996,LPath
I558R,0.9938,LPath
I558S,0.9872,LPath
I558T,0.9374,LPath
I558V,0.0957,LBen
I558W,0.998,LPath
I558Y,0.9915,LPath
S559A,0.0843,LBen
S559C,0.262,LBen
S559D,0.9824,LPath
S559E,0.9742,LPath
S559F,0.8423,LPath
S559G,0.4107,Amb
S559H,0.8916,LPath
S559I,0.7565,LPath
S559K,0.992,LPath
S559L,0.4115,Amb
S559M,0.5344,Amb
S559N,0.7616,LPath
S559P,0.9495,LPath
S559Q,0.906,LPath
S559R,0.9856,LPath
S559T,0.3004,LBen
S559V,0.6073,LPath
S559W,0.9131,LPath
S559Y,0.8043,LPath
D560A,0.6358,LPath
D560C,0.8877,LPath
D560E,0.7152,LPath
D560F,0.9575,LPath
D560G,0.6437,LPath
D560H,0.7411,LPath
D560I,0.9066,LPath
D560K,0.9312,LPath
D560L,0.8831,LPath
D560M,0.9485,LPath
D560N,0.1188,LBen
D560P,0.9504,LPath
D560Q,0.8512,LPath
D560R,0.9244,LPath
D560S,0.3544,Amb
D560T,0.7249,LPath
D560V,0.757,LPath
D560W,0.9934,LPath
D560Y,0.758,LPath
I561A,0.9852,LPath
I561C,0.984,LPath
I561D,0.9996,LPath
I561E,0.9988,LPath
I561F,0.9648,LPath
I561G,0.9987,LPath
I561H,0.999,LPath
I561K,0.9979,LPath
I561L,0.7872,LPath
I561M,0.8506,LPath
I561N,0.995,LPath
I561P,0.9961,LPath
I561Q,0.9985,LPath
I561R,0.9958,LPath
I561S,0.9886,LPath
I561T,0.9634,LPath
I561V,0.1741,LBen
I561W,0.9987,LPath
I561Y,0.9968,LPath
Q562A,0.7965,LPath
Q562C,0.994,LPath
Q562D,0.9901,LPath
Q562E,0.5681,LPath
Q562F,0.9981,LPath
Q562G,0.863,LPath
Q562H,0.969,LPath
Q562I,0.9834,LPath
Q562K,0.8636,LPath
Q562L,0.97,LPath
Q562M,0.9583,LPath
Q562N,0.9163,LPath
Q562P,0.9871,LPath
Q562R,0.8488,LPath
Q562S,0.7278,LPath
Q562T,0.8219,LPath
Q562V,0.954,LPath
Q562W,0.9987,LPath
Q562Y,0.9978,LPath
S563A,0.0769,LBen
S563C,0.1301,LBen
S563D,0.5735,LPath
S563E,0.6856,LPath
S563F,0.2831,LBen
S563G,0.0716,LBen
S563H,0.4214,Amb
S563I,0.1645,LBen
S563K,0.7461,LPath
S563L,0.0907,LBen
S563M,0.1407,LBen
S563N,0.1375,LBen
S563P,0.1743,LBen
S563Q,0.5154,Amb
S563R,0.7717,LPath
S563T,0.0718,LBen
S563V,0.1357,LBen
S563W,0.5468,Amb
S563Y,0.313,LBen
Q564A,0.6197,LPath
Q564C,0.9885,LPath
Q564D,0.9828,LPath
Q564E,0.7098,LPath
Q564F,0.9895,LPath
Q564G,0.7981,LPath
Q564H,0.9468,LPath
Q564I,0.9587,LPath
Q564K,0.9128,LPath
Q564L,0.8955,LPath
Q564M,0.8719,LPath
Q564N,0.8221,LPath
Q564P,0.9293,LPath
Q564R,0.9201,LPath
Q564S,0.6059,LPath
Q564T,0.759,LPath
Q564V,0.8876,LPath
Q564W,0.9967,LPath
Q564Y,0.988,LPath
L565A,0.968,LPath
L565C,0.9606,LPath
L565D,0.9998,LPath
L565E,0.9983,LPath
L565F,0.8937,LPath
L565G,0.9943,LPath
L565H,0.9971,LPath
L565I,0.6893,LPath
L565K,0.9973,LPath
L565M,0.3492,Amb
L565N,0.9977,LPath
L565P,0.9996,LPath
L565Q,0.9934,LPath
L565R,0.9966,LPath
L565S,0.996,LPath
L565T,0.9778,LPath
L565V,0.7013,LPath
L565W,0.992,LPath
L565Y,0.9923,LPath
E566A,0.6292,LPath
E566C,0.9248,LPath
E566D,0.8757,LPath
E566F,0.9877,LPath
E566G,0.6262,LPath
E566H,0.9533,LPath
E566I,0.8409,LPath
E566K,0.8986,LPath
E566L,0.9097,LPath
E566M,0.8367,LPath
E566N,0.8247,LPath
E566P,0.9985,LPath
E566Q,0.317,LBen
E566R,0.9204,LPath
E566S,0.6123,LPath
E566T,0.6755,LPath
E566V,0.6598,LPath
E566W,0.9975,LPath
E566Y,0.986,LPath
K567A,0.494,Amb
K567C,0.7312,LPath
K567D,0.7803,LPath
K567E,0.4894,Amb
K567F,0.9039,LPath
K567G,0.5248,Amb
K567H,0.3243,LBen
K567I,0.6736,LPath
K567L,0.549,Amb
K567M,0.3921,Amb
K567N,0.4764,Amb
K567P,0.9924,LPath
K567Q,0.1862,LBen
K567R,0.1034,LBen
K567S,0.529,Amb
K567T,0.2957,LBen
K567V,0.5506,Amb
K567W,0.9061,LPath
K567Y,0.7821,LPath
L568A,0.9752,LPath
L568C,0.985,LPath
L568D,0.9993,LPath
L568E,0.9965,LPath
L568F,0.9817,LPath
L568G,0.9953,LPath
L568H,0.9936,LPath
L568I,0.6237,LPath
L568K,0.9913,LPath
L568M,0.7525,LPath
L568N,0.9924,LPath
L568P,0.9996,LPath
L568Q,0.9925,LPath
L568R,0.9878,LPath
L568S,0.9971,LPath
L568T,0.9725,LPath
L568V,0.7355,LPath
L568W,0.9942,LPath
L568Y,0.9915,LPath
I569A,0.844,LPath
I569C,0.93,LPath
I569D,0.9995,LPath
I569E,0.9952,LPath
I569F,0.9582,LPath
I569G,0.9904,LPath
I569H,0.9979,LPath
I569K,0.9956,LPath
I569L,0.2599,LBen
I569M,0.3086,LBen
I569N,0.9851,LPath
I569P,0.997,LPath
I569Q,0.9885,LPath
I569R,0.9917,LPath
I569S,0.9443,LPath
I569T,0.5722,LPath
I569V,0.0883,LBen
I569W,0.9986,LPath
I569Y,0.9978,LPath
E570A,0.3129,LBen
E570C,0.9439,LPath
E570D,0.6102,LPath
E570F,0.9861,LPath
E570G,0.2587,LBen
E570H,0.9155,LPath
E570I,0.9082,LPath
E570K,0.775,LPath
E570L,0.8847,LPath
E570M,0.8563,LPath
E570N,0.7205,LPath
E570P,0.9976,LPath
E570Q,0.2775,LBen
E570R,0.8515,LPath
E570S,0.2599,LBen
E570T,0.5021,Amb
E570V,0.778,LPath
E570W,0.9963,LPath
E570Y,0.9737,LPath
K571A,0.7987,LPath
K571C,0.9049,LPath
K571D,0.8467,LPath
K571E,0.5782,LPath
K571F,0.9898,LPath
K571G,0.64,LPath
K571H,0.6189,LPath
K571I,0.9329,LPath
K571L,0.9001,LPath
K571M,0.7644,LPath
K571N,0.6639,LPath
K571P,0.9945,LPath
K571Q,0.2656,LBen
K571R,0.1292,LBen
K571S,0.7247,LPath
K571T,0.4582,Amb
K571V,0.8676,LPath
K571W,0.9804,LPath
K571Y,0.9537,LPath
N572A,0.9926,LPath
N572C,0.9604,LPath
N572D,0.9867,LPath
N572E,0.995,LPath
N572F,0.9979,LPath
N572G,0.9915,LPath
N572H,0.9605,LPath
N572I,0.9824,LPath
N572K,0.9976,LPath
N572L,0.9902,LPath
N572M,0.988,LPath
N572P,0.9982,LPath
N572Q,0.9941,LPath
N572R,0.9958,LPath
N572S,0.9038,LPath
N572T,0.911,LPath
N572V,0.9668,LPath
N572W,0.9991,LPath
N572Y,0.9696,LPath
Y573A,0.9867,LPath
Y573C,0.8922,LPath
Y573D,0.9936,LPath
Y573E,0.9982,LPath
Y573F,0.2663,LBen
Y573G,0.9784,LPath
Y573H,0.9008,LPath
Y573I,0.9737,LPath
Y573K,0.9967,LPath
Y573L,0.9626,LPath
Y573M,0.9867,LPath
Y573N,0.9654,LPath
Y573P,0.9889,LPath
Y573Q,0.9955,LPath
Y573R,0.9831,LPath
Y573S,0.9596,LPath
Y573T,0.9874,LPath
Y573V,0.9354,LPath
Y573W,0.8631,LPath
F574A,0.9759,LPath
F574C,0.8942,LPath
F574D,0.9941,LPath
F574E,0.9962,LPath
F574G,0.9908,LPath
F574H,0.8345,LPath
F574I,0.9257,LPath
F574K,0.9973,LPath
F574L,0.9909,LPath
F574M,0.958,LPath
F574N,0.9474,LPath
F574P,0.9977,LPath
F574Q,0.988,LPath
F574R,0.9894,LPath
F574S,0.9558,LPath
F574T,0.9828,LPath
F574V,0.8983,LPath
F574W,0.7669,LPath
F574Y,0.1562,LBen
L575A,0.9967,LPath
L575C,0.9955,LPath
L575D,1.0,LPath
L575E,0.9998,LPath
L575F,0.9917,LPath
L575G,0.9993,LPath
L575H,0.9991,LPath
L575I,0.8979,LPath
L575K,0.9993,LPath
L575M,0.9237,LPath
L575N,0.9995,LPath
L575P,0.9998,LPath
L575Q,0.999,LPath
L575R,0.9984,LPath
L575S,0.9995,LPath
L575T,0.9983,LPath
L575V,0.9548,LPath
L575W,0.9988,LPath
L575Y,0.9987,LPath
H576A,0.8854,LPath
H576C,0.5157,Amb
H576D,0.9618,LPath
H576E,0.9586,LPath
H576F,0.642,LPath
H576G,0.8737,LPath
H576I,0.9588,LPath
H576K,0.8595,LPath
H576L,0.6775,LPath
H576M,0.9177,LPath
H576N,0.3673,Amb
H576P,0.9946,LPath
H576Q,0.6688,LPath
H576R,0.5679,LPath
H576S,0.7636,LPath
H576T,0.9548,LPath
H576V,0.9184,LPath
H576W,0.7396,LPath
H576Y,0.2722,LBen
K577A,0.8375,LPath
K577C,0.7461,LPath
K577D,0.9906,LPath
K577E,0.8368,LPath
K577F,0.9824,LPath
K577G,0.9218,LPath
K577H,0.7012,LPath
K577I,0.7683,LPath
K577L,0.7066,LPath
K577M,0.5953,LPath
K577N,0.9418,LPath
K577P,0.999,LPath
K577Q,0.2543,LBen
K577R,0.1069,LBen
K577S,0.9012,LPath
K577T,0.6219,LPath
K577V,0.655,LPath
K577W,0.9757,LPath
K577Y,0.9567,LPath
S578A,0.2111,LBen
S578C,0.6165,LPath
S578D,0.9895,LPath
S578E,0.982,LPath
S578F,0.9732,LPath
S578G,0.607,LPath
S578H,0.9693,LPath
S578I,0.9602,LPath
S578K,0.9971,LPath
S578L,0.769,LPath
S578M,0.7973,LPath
S578N,0.9225,LPath
S578P,0.9962,LPath
S578Q,0.95,LPath
S578R,0.9963,LPath
S578T,0.6132,LPath
S578V,0.9092,LPath
S578W,0.9837,LPath
S578Y,0.9571,LPath
A579C,0.9749,LPath
A579D,0.9999,LPath
A579E,0.9998,LPath
A579F,0.9994,LPath
A579G,0.2307,LBen
A579H,0.9998,LPath
A579I,0.9995,LPath
A579K,1.0,LPath
A579L,0.9948,LPath
A579M,0.9971,LPath
A579N,0.9995,LPath
A579P,0.9998,LPath
A579Q,0.9983,LPath
A579R,0.9996,LPath
A579S,0.3227,LBen
A579T,0.9894,LPath
A579V,0.9957,LPath
A579W,1.0,LPath
A579Y,0.9999,LPath
Q580A,0.4014,Amb
Q580C,0.7859,LPath
Q580D,0.9893,LPath
Q580E,0.3693,Amb
Q580F,0.9595,LPath
Q580G,0.7227,LPath
Q580H,0.8098,LPath
Q580I,0.5612,Amb
Q580K,0.2513,LBen
Q580L,0.3538,Amb
Q580M,0.4217,Amb
Q580N,0.8692,LPath
Q580P,0.9953,LPath
Q580R,0.3174,LBen
Q580S,0.6409,LPath
Q580T,0.3846,Amb
Q580V,0.3177,LBen
Q580W,0.9752,LPath
Q580Y,0.9435,LPath
E581A,0.7337,LPath
E581C,0.9898,LPath
E581D,0.3017,LBen
E581F,0.9899,LPath
E581G,0.8223,LPath
E581H,0.9787,LPath
E581I,0.9308,LPath
E581K,0.9491,LPath
E581L,0.9028,LPath
E581M,0.9278,LPath
E581N,0.814,LPath
E581P,0.9992,LPath
E581Q,0.7766,LPath
E581R,0.9697,LPath
E581S,0.8336,LPath
E581T,0.84,LPath
E581V,0.8164,LPath
E581W,0.9976,LPath
E581Y,0.9797,LPath
A582C,0.9832,LPath
A582D,0.9996,LPath
A582E,0.9997,LPath
A582F,0.9992,LPath
A582G,0.1422,LBen
A582H,0.9996,LPath
A582I,0.9999,LPath
A582K,0.9999,LPath
A582L,0.9976,LPath
A582M,0.999,LPath
A582N,0.9989,LPath
A582P,0.9996,LPath
A582Q,0.9989,LPath
A582R,0.9992,LPath
A582S,0.6464,LPath
A582T,0.9966,LPath
A582V,0.9985,LPath
A582W,0.9999,LPath
A582Y,0.9994,LPath
Y583A,0.9954,LPath
Y583C,0.8744,LPath
Y583D,0.9994,LPath
Y583E,0.9997,LPath
Y583F,0.0593,LBen
Y583G,0.9886,LPath
Y583H,0.9904,LPath
Y583I,0.9872,LPath
Y583K,0.9997,LPath
Y583L,0.9545,LPath
Y583M,0.9831,LPath
Y583N,0.9948,LPath
Y583P,0.9997,LPath
Y583Q,0.9992,LPath
Y583R,0.9981,LPath
Y583S,0.9912,LPath
Y583T,0.9964,LPath
Y583V,0.9543,LPath
Y583W,0.8179,LPath
K584A,0.9877,LPath
K584C,0.9703,LPath
K584D,0.9987,LPath
K584E,0.9914,LPath
K584F,0.9977,LPath
K584G,0.9917,LPath
K584H,0.9419,LPath
K584I,0.9827,LPath
K584L,0.9749,LPath
K584M,0.9738,LPath
K584N,0.9968,LPath
K584P,0.9986,LPath
K584Q,0.8834,LPath
K584R,0.1302,LBen
K584S,0.9932,LPath
K584T,0.9664,LPath
K584V,0.9614,LPath
K584W,0.9966,LPath
K584Y,0.9923,LPath
S585A,0.0638,LBen
S585C,0.2404,LBen
S585D,0.9905,LPath
S585E,0.9932,LPath
S585F,0.9374,LPath
S585G,0.1271,LBen
S585H,0.9506,LPath
S585I,0.9851,LPath
S585K,0.9981,LPath
S585L,0.8436,LPath
S585M,0.8904,LPath
S585N,0.8069,LPath
S585P,0.9985,LPath
S585Q,0.9661,LPath
S585R,0.996,LPath
S585T,0.6094,LPath
S585V,0.9333,LPath
S585W,0.9866,LPath
S585Y,0.9301,LPath
Y586A,0.979,LPath
Y586C,0.7384,LPath
Y586D,0.9928,LPath
Y586E,0.998,LPath
Y586F,0.2271,LBen
Y586G,0.9659,LPath
Y586H,0.9524,LPath
Y586I,0.9751,LPath
Y586K,0.9992,LPath
Y586L,0.9293,LPath
Y586M,0.9629,LPath
Y586N,0.9353,LPath
Y586P,0.9993,LPath
Y586Q,0.9953,LPath
Y586R,0.996,LPath
Y586S,0.8665,LPath
Y586T,0.9356,LPath
Y586V,0.8984,LPath
Y586W,0.8476,LPath
I587A,0.9037,LPath
I587C,0.8562,LPath
I587D,0.9998,LPath
I587E,0.9985,LPath
I587F,0.9077,LPath
I587G,0.992,LPath
I587H,0.9979,LPath
I587K,0.9973,LPath
I587L,0.1646,LBen
I587M,0.3879,Amb
I587N,0.9918,LPath
I587P,0.9984,LPath
I587Q,0.9958,LPath
I587R,0.9956,LPath
I587S,0.9672,LPath
I587T,0.7983,LPath
I587V,0.066,LBen
I587W,0.9981,LPath
I587Y,0.9943,LPath
R588A,0.9936,LPath
R588C,0.9255,LPath
R588D,0.9988,LPath
R588E,0.9917,LPath
R588F,0.9921,LPath
R588G,0.9876,LPath
R588H,0.8091,LPath
R588I,0.989,LPath
R588K,0.6858,LPath
R588L,0.9452,LPath
R588M,0.9866,LPath
R588N,0.9954,LPath
R588P,0.9997,LPath
R588Q,0.8699,LPath
R588S,0.9959,LPath
R588T,0.9946,LPath
R588V,0.9875,LPath
R588W,0.9299,LPath
R588Y,0.9763,LPath
A589C,0.8966,LPath
A589D,0.9983,LPath
A589E,0.9981,LPath
A589F,0.9846,LPath
A589G,0.6633,LPath
A589H,0.9874,LPath
A589I,0.9982,LPath
A589K,0.9995,LPath
A589L,0.9831,LPath
A589M,0.9863,LPath
A589N,0.9787,LPath
A589P,0.9998,LPath
A589Q,0.9855,LPath
A589R,0.9967,LPath
A589S,0.1814,LBen
A589T,0.9636,LPath
A589V,0.9879,LPath
A589W,0.9986,LPath
A589Y,0.9894,LPath
Y590A,0.996,LPath
Y590C,0.9465,LPath
Y590D,0.9991,LPath
Y590E,0.9995,LPath
Y590F,0.459,Amb
Y590G,0.9927,LPath
Y590H,0.995,LPath
Y590I,0.9751,LPath
Y590K,0.9995,LPath
Y590L,0.9138,LPath
Y590M,0.9857,LPath
Y590N,0.9911,LPath
Y590P,0.9991,LPath
Y590Q,0.9993,LPath
Y590R,0.9966,LPath
Y590S,0.9891,LPath
Y590T,0.9954,LPath
Y590V,0.9122,LPath
Y590W,0.9021,LPath
D591A,0.3794,Amb
D591C,0.9073,LPath
D591E,0.5023,Amb
D591F,0.9193,LPath
D591G,0.6247,LPath
D591H,0.6924,LPath
D591I,0.9214,LPath
D591K,0.9349,LPath
D591L,0.8625,LPath
D591M,0.9479,LPath
D591N,0.2403,LBen
D591P,0.9978,LPath
D591Q,0.7903,LPath
D591R,0.9122,LPath
D591S,0.2563,LBen
D591T,0.7717,LPath
D591V,0.7802,LPath
D591W,0.989,LPath
D591Y,0.6511,LPath
S592A,0.3013,LBen
S592C,0.6056,LPath
S592D,0.996,LPath
S592E,0.9944,LPath
S592F,0.9611,LPath
S592G,0.559,Amb
S592H,0.9698,LPath
S592I,0.9676,LPath
S592K,0.9977,LPath
S592L,0.8928,LPath
S592M,0.8972,LPath
S592N,0.9401,LPath
S592P,0.9991,LPath
S592Q,0.9726,LPath
S592R,0.9956,LPath
S592T,0.6521,LPath
S592V,0.9213,LPath
S592W,0.9867,LPath
S592Y,0.956,LPath
H593A,0.9896,LPath
H593C,0.7925,LPath
H593D,0.9988,LPath
H593E,0.9986,LPath
H593F,0.9367,LPath
H593G,0.9887,LPath
H593I,0.9979,LPath
H593K,0.9902,LPath
H593L,0.9574,LPath
H593M,0.9889,LPath
H593N,0.9602,LPath
H593P,0.9958,LPath
H593Q,0.9868,LPath
H593R,0.9644,LPath
H593S,0.972,LPath
H593T,0.9961,LPath
H593V,0.9953,LPath
H593W,0.9529,LPath
H593Y,0.819,LPath
S594A,0.1328,LBen
S594C,0.2321,LBen
S594D,0.9721,LPath
S594E,0.9598,LPath
S594F,0.6798,LPath
S594G,0.2045,LBen
S594H,0.5846,LPath
S594I,0.7992,LPath
S594K,0.9765,LPath
S594L,0.4969,Amb
S594M,0.5134,Amb
S594N,0.6063,LPath
S594P,0.9337,LPath
S594Q,0.7614,LPath
S594R,0.969,LPath
S594T,0.2457,LBen
S594V,0.6718,LPath
S594W,0.8751,LPath
S594Y,0.6914,LPath
L595A,0.9296,LPath
L595C,0.8798,LPath
L595D,0.9955,LPath
L595E,0.9702,LPath
L595F,0.8362,LPath
L595G,0.9864,LPath
L595H,0.8042,LPath
L595I,0.757,LPath
L595K,0.9547,LPath
L595M,0.434,Amb
L595N,0.9375,LPath
L595P,0.9967,LPath
L595Q,0.8455,LPath
L595R,0.9304,LPath
L595S,0.9612,LPath
L595T,0.9633,LPath
L595V,0.7739,LPath
L595W,0.9359,LPath
L595Y,0.9184,LPath
K596A,0.9937,LPath
K596C,0.9908,LPath
K596D,0.9957,LPath
K596E,0.99,LPath
K596F,0.999,LPath
K596G,0.9853,LPath
K596H,0.8885,LPath
K596I,0.9969,LPath
K596L,0.9893,LPath
K596M,0.9919,LPath
K596N,0.9932,LPath
K596P,0.984,LPath
K596Q,0.8814,LPath
K596R,0.1585,LBen
K596S,0.9902,LPath
K596T,0.9843,LPath
K596V,0.9931,LPath
K596W,0.9968,LPath
K596Y,0.9947,LPath
Q597A,0.1687,LBen
Q597C,0.7559,LPath
Q597D,0.24,LBen
Q597E,0.1181,LBen
Q597F,0.746,LPath
Q597G,0.2134,LBen
Q597H,0.1914,LBen
Q597I,0.5859,LPath
Q597K,0.2296,LBen
Q597L,0.2313,LBen
Q597M,0.3565,Amb
Q597N,0.1332,LBen
Q597P,0.4136,Amb
Q597R,0.3365,LBen
Q597S,0.1233,LBen
Q597T,0.1155,LBen
Q597V,0.3635,Amb
Q597W,0.835,LPath
Q597Y,0.5581,Amb
I598A,0.9799,LPath
I598C,0.9812,LPath
I598D,0.9993,LPath
I598E,0.9987,LPath
I598F,0.9716,LPath
I598G,0.9978,LPath
I598H,0.9986,LPath
I598K,0.999,LPath
I598L,0.8507,LPath
I598M,0.9113,LPath
I598N,0.991,LPath
I598P,0.9971,LPath
I598Q,0.9986,LPath
I598R,0.9978,LPath
I598S,0.9891,LPath
I598T,0.9731,LPath
I598V,0.2317,LBen
I598W,0.999,LPath
I598Y,0.9934,LPath
F599A,0.9994,LPath
F599C,0.993,LPath
F599D,0.9997,LPath
F599E,0.9998,LPath
F599G,0.9986,LPath
F599H,0.9943,LPath
F599I,0.9981,LPath
F599K,0.9998,LPath
F599L,0.999,LPath
F599M,0.9967,LPath
F599N,0.9982,LPath
F599P,0.9999,LPath
F599Q,0.9995,LPath
F599R,0.9988,LPath
F599S,0.9985,LPath
F599T,0.9995,LPath
F599V,0.9967,LPath
F599W,0.9132,LPath
F599Y,0.2451,LBen
N600A,0.278,LBen
N600C,0.1944,LBen
N600D,0.064,LBen
N600E,0.5267,Amb
N600F,0.7923,LPath
N600G,0.4779,Amb
N600H,0.1545,LBen
N600I,0.4856,Amb
N600K,0.664,LPath
N600L,0.463,Amb
N600M,0.5414,Amb
N600P,0.9445,LPath
N600Q,0.41,Amb
N600R,0.6359,LPath
N600S,0.0696,LBen
N600T,0.2135,LBen
N600V,0.359,Amb
N600W,0.9133,LPath
N600Y,0.4088,Amb
V601A,0.8368,LPath
V601C,0.9241,LPath
V601D,0.9959,LPath
V601E,0.9888,LPath
V601F,0.8476,LPath
V601G,0.9267,LPath
V601H,0.9925,LPath
V601I,0.092,LBen
V601K,0.9777,LPath
V601L,0.8227,LPath
V601M,0.7685,LPath
V601N,0.982,LPath
V601P,0.9471,LPath
V601Q,0.9833,LPath
V601R,0.9716,LPath
V601S,0.919,LPath
V601T,0.7699,LPath
V601W,0.9933,LPath
V601Y,0.9757,LPath
N602A,0.1109,LBen
N602C,0.1451,LBen
N602D,0.1195,LBen
N602E,0.1703,LBen
N602F,0.3968,Amb
N602G,0.1186,LBen
N602H,0.0678,LBen
N602I,0.2887,LBen
N602K,0.1929,LBen
N602L,0.2096,LBen
N602M,0.2453,LBen
N602P,0.6911,LPath
N602Q,0.1252,LBen
N602R,0.1949,LBen
N602S,0.0614,LBen
N602T,0.0823,LBen
N602V,0.2221,LBen
N602W,0.5915,LPath
N602Y,0.1431,LBen
N603A,0.1466,LBen
N603C,0.1639,LBen
N603D,0.1593,LBen
N603E,0.3701,Amb
N603F,0.513,Amb
N603G,0.1952,LBen
N603H,0.0999,LBen
N603I,0.3293,LBen
N603K,0.3516,Amb
N603L,0.2351,LBen
N603M,0.3034,LBen
N603P,0.9251,LPath
N603Q,0.2641,LBen
N603R,0.3607,Amb
N603S,0.0648,LBen
N603T,0.0693,LBen
N603V,0.2519,LBen
N603W,0.8433,LPath
N603Y,0.2292,LBen
L604A,0.985,LPath
L604C,0.9572,LPath
L604D,0.9998,LPath
L604E,0.9985,LPath
L604F,0.9096,LPath
L604G,0.9981,LPath
L604H,0.9971,LPath
L604I,0.2582,LBen
L604K,0.9979,LPath
L604M,0.4706,Amb
L604N,0.9981,LPath
L604P,0.999,LPath
L604Q,0.9942,LPath
L604R,0.9964,LPath
L604S,0.9979,LPath
L604T,0.9788,LPath
L604V,0.3837,Amb
L604W,0.993,LPath
L604Y,0.9923,LPath
N605A,0.2945,LBen
N605C,0.2467,LBen
N605D,0.0849,LBen
N605E,0.5859,LPath
N605F,0.7895,LPath
N605G,0.6069,LPath
N605H,0.1786,LBen
N605I,0.3524,Amb
N605K,0.6473,LPath
N605L,0.4,Amb
N605M,0.5283,Amb
N605P,0.6816,LPath
N605Q,0.4368,Amb
N605R,0.6465,LPath
N605S,0.1073,LBen
N605T,0.3077,LBen
N605V,0.267,LBen
N605W,0.9273,LPath
N605Y,0.4113,Amb
L606A,0.9429,LPath
L606C,0.9596,LPath
L606D,0.9983,LPath
L606E,0.9895,LPath
L606F,0.6338,LPath
L606G,0.981,LPath
L606H,0.9551,LPath
L606I,0.2821,LBen
L606K,0.9555,LPath
L606M,0.3641,Amb
L606N,0.9797,LPath
L606P,0.97,LPath
L606Q,0.9354,LPath
L606R,0.948,LPath
L606S,0.9799,LPath
L606T,0.9027,LPath
L606V,0.3541,Amb
L606W,0.9331,LPath
L606Y,0.9197,LPath
P607A,0.0839,LBen
P607C,0.3899,Amb
P607D,0.5365,Amb
P607E,0.2785,LBen
P607F,0.5149,Amb
P607G,0.2491,LBen
P607H,0.1941,LBen
P607I,0.2361,LBen
P607K,0.2695,LBen
P607L,0.1213,LBen
P607M,0.2658,LBen
P607N,0.2354,LBen
P607Q,0.1135,LBen
P607R,0.2108,LBen
P607S,0.1159,LBen
P607T,0.1036,LBen
P607V,0.1548,LBen
P607W,0.7212,LPath
P607Y,0.4469,Amb
Q608A,0.1054,LBen
Q608C,0.3918,Amb
Q608D,0.3115,LBen
Q608E,0.0958,LBen
Q608F,0.5583,Amb
Q608G,0.1874,LBen
Q608H,0.1799,LBen
Q608I,0.4834,Amb
Q608K,0.0949,LBen
Q608L,0.088,LBen
Q608M,0.1826,LBen
Q608N,0.2355,LBen
Q608P,0.6076,LPath
Q608R,0.1435,LBen
Q608S,0.1854,LBen
Q608T,0.2219,LBen
Q608V,0.2779,LBen
Q608W,0.6776,LPath
Q608Y,0.3665,Amb
V609A,0.7513,LPath
V609C,0.9681,LPath
V609D,0.999,LPath
V609E,0.9963,LPath
V609F,0.9865,LPath
V609G,0.9499,LPath
V609H,0.9993,LPath
V609I,0.2295,LBen
V609K,0.9987,LPath
V609L,0.8282,LPath
V609M,0.9113,LPath
V609N,0.9937,LPath
V609P,0.9985,LPath
V609Q,0.9966,LPath
V609R,0.9974,LPath
V609S,0.9582,LPath
V609T,0.7114,LPath
V609W,0.9998,LPath
V609Y,0.9986,LPath
A610C,0.8662,LPath
A610D,0.9998,LPath
A610E,0.9994,LPath
A610F,0.9984,LPath
A610G,0.1717,LBen
A610H,0.9991,LPath
A610I,0.9993,LPath
A610K,0.9999,LPath
A610L,0.9944,LPath
A610M,0.9965,LPath
A610N,0.9986,LPath
A610P,0.9991,LPath
A610Q,0.9967,LPath
A610R,0.999,LPath
A610S,0.2753,LBen
A610T,0.9827,LPath
A610V,0.9944,LPath
A610W,0.9999,LPath
A610Y,0.9992,LPath
L611A,0.1395,LBen
L611C,0.3533,Amb
L611D,0.7991,LPath
L611E,0.3672,Amb
L611F,0.1672,LBen
L611G,0.4612,Amb
L611H,0.2556,LBen
L611I,0.0879,LBen
L611K,0.1878,LBen
L611M,0.0795,LBen
L611N,0.3666,Amb
L611P,0.9465,LPath
L611Q,0.1261,LBen
L611R,0.1884,LBen
L611S,0.2105,LBen
L611T,0.1552,LBen
L611V,0.0783,LBen
L611W,0.4313,Amb
L611Y,0.334,LBen
S612A,0.1784,LBen
S612C,0.402,Amb
S612D,0.9967,LPath
S612E,0.9977,LPath
S612F,0.9926,LPath
S612G,0.2552,LBen
S612H,0.9897,LPath
S612I,0.9898,LPath
S612K,0.9998,LPath
S612L,0.9332,LPath
S612M,0.94,LPath
S612N,0.9019,LPath
S612P,0.9968,LPath
S612Q,0.9881,LPath
S612R,0.9994,LPath
S612T,0.7113,LPath
S612V,0.9696,LPath
S612W,0.9983,LPath
S612Y,0.9939,LPath
F613A,0.998,LPath
F613C,0.9635,LPath
F613D,0.9999,LPath
F613E,0.9999,LPath
F613G,0.9987,LPath
F613H,0.9901,LPath
F613I,0.9955,LPath
F613K,0.9998,LPath
F613L,0.997,LPath
F613M,0.9819,LPath
F613N,0.9984,LPath
F613P,1.0,LPath
F613Q,0.9993,LPath
F613R,0.9993,LPath
F613S,0.997,LPath
F613T,0.999,LPath
F613V,0.9882,LPath
F613W,0.9254,LPath
F613Y,0.6606,LPath
G614A,0.9096,LPath
G614C,0.9709,LPath
G614D,0.9997,LPath
G614E,0.9999,LPath
G614F,0.9995,LPath
G614H,0.9998,LPath
G614I,0.9992,LPath
G614K,0.9999,LPath
G614L,0.9969,LPath
G614M,0.9993,LPath
G614N,0.9995,LPath
G614P,0.9998,LPath
G614Q,0.9996,LPath
G614R,0.9995,LPath
G614S,0.978,LPath
G614T,0.9969,LPath
G614V,0.9977,LPath
G614W,0.9998,LPath
G614Y,0.9997,LPath
F615A,0.9984,LPath
F615C,0.9781,LPath
F615D,0.9998,LPath
F615E,0.9997,LPath
F615G,0.9984,LPath
F615H,0.9962,LPath
F615I,0.9784,LPath
F615K,0.9995,LPath
F615L,0.97,LPath
F615M,0.9316,LPath
F615N,0.9987,LPath
F615P,1.0,LPath
F615Q,0.9988,LPath
F615R,0.9988,LPath
F615S,0.9987,LPath
F615T,0.9991,LPath
F615V,0.9804,LPath
F615W,0.9614,LPath
F615Y,0.8178,LPath
K616A,0.3073,LBen
K616C,0.606,LPath
K616D,0.6258,LPath
K616E,0.2597,LBen
K616F,0.8772,LPath
K616G,0.4426,Amb
K616H,0.283,LBen
K616I,0.5042,Amb
K616L,0.3978,Amb
K616M,0.3624,Amb
K616N,0.4489,Amb
K616P,0.5479,Amb
K616Q,0.1358,LBen
K616R,0.0844,LBen
K616S,0.3524,Amb
K616T,0.1633,LBen
K616V,0.3897,Amb
K616W,0.8603,LPath
K616Y,0.7725,LPath
V617A,0.4633,Amb
V617C,0.7371,LPath
V617D,0.8505,LPath
V617E,0.7367,LPath
V617F,0.4486,Amb
V617G,0.6317,LPath
V617H,0.7565,LPath
V617I,0.1,LBen
V617K,0.7509,LPath
V617L,0.5618,Amb
V617M,0.3421,Amb
V617N,0.4027,Amb
V617P,0.9746,LPath
V617Q,0.5818,LPath
V617R,0.7307,LPath
V617S,0.3878,Amb
V617T,0.2552,LBen
V617W,0.9576,LPath
V617Y,0.7787,LPath
P618A,0.4048,Amb
P618C,0.922,LPath
P618D,0.9988,LPath
P618E,0.9909,LPath
P618F,0.9926,LPath
P618G,0.9689,LPath
P618H,0.9754,LPath
P618I,0.9326,LPath
P618K,0.9936,LPath
P618L,0.8778,LPath
P618M,0.9609,LPath
P618N,0.9948,LPath
P618Q,0.9589,LPath
P618R,0.9783,LPath
P618S,0.8941,LPath
P618T,0.8598,LPath
P618V,0.8276,LPath
P618W,0.9978,LPath
P618Y,0.9937,LPath
P619A,0.9529,LPath
P619C,0.9952,LPath
P619D,0.9996,LPath
P619E,0.9993,LPath
P619F,0.9995,LPath
P619G,0.9965,LPath
P619H,0.9978,LPath
P619I,0.9933,LPath
P619K,0.9991,LPath
P619L,0.9849,LPath
P619M,0.9981,LPath
P619N,0.9993,LPath
P619Q,0.9982,LPath
P619R,0.9966,LPath
P619S,0.9933,LPath
P619T,0.9921,LPath
P619V,0.9771,LPath
P619W,0.9998,LPath
P619Y,0.9995,LPath
F620A,0.53,Amb
F620C,0.3051,LBen
F620D,0.9257,LPath
F620E,0.9305,LPath
F620G,0.8214,LPath
F620H,0.5403,Amb
F620I,0.4071,Amb
F620K,0.8577,LPath
F620L,0.8926,LPath
F620M,0.6088,LPath
F620N,0.7072,LPath
F620P,0.9342,LPath
F620Q,0.777,LPath
F620R,0.7258,LPath
F620S,0.4889,Amb
F620T,0.654,LPath
F620V,0.286,LBen
F620W,0.4969,Amb
F620Y,0.0984,LBen
V621A,0.9316,LPath
V621C,0.9549,LPath
V621D,0.9995,LPath
V621E,0.9978,LPath
V621F,0.9694,LPath
V621G,0.9822,LPath
V621H,0.999,LPath
V621I,0.1555,LBen
V621K,0.9977,LPath
V621L,0.9294,LPath
V621M,0.936,LPath
V621N,0.9972,LPath
V621P,0.9957,LPath
V621Q,0.9955,LPath
V621R,0.994,LPath
V621S,0.9761,LPath
V621T,0.8752,LPath
V621W,0.9991,LPath
V621Y,0.9976,LPath
D622A,0.8812,LPath
D622C,0.98,LPath
D622E,0.7443,LPath
D622F,0.9756,LPath
D622G,0.9248,LPath
D622H,0.9364,LPath
D622I,0.9655,LPath
D622K,0.9834,LPath
D622L,0.9474,LPath
D622M,0.9828,LPath
D622N,0.6754,LPath
D622P,0.9735,LPath
D622Q,0.9478,LPath
D622R,0.9748,LPath
D622S,0.7548,LPath
D622T,0.9149,LPath
D622V,0.9036,LPath
D622W,0.9953,LPath
D622Y,0.9001,LPath
L623A,0.9416,LPath
L623C,0.9183,LPath
L623D,0.9973,LPath
L623E,0.9869,LPath
L623F,0.5422,Amb
L623G,0.9861,LPath
L623H,0.9639,LPath
L623I,0.1506,LBen
L623K,0.9568,LPath
L623M,0.2737,LBen
L623N,0.9823,LPath
L623P,0.9862,LPath
L623Q,0.9497,LPath
L623R,0.9387,LPath
L623S,0.9816,LPath
L623T,0.9089,LPath
L623V,0.2568,LBen
L623W,0.8607,LPath
L623Y,0.9205,LPath
N624A,0.1256,LBen
N624C,0.1534,LBen
N624D,0.1578,LBen
N624E,0.363,Amb
N624F,0.379,Amb
N624G,0.1492,LBen
N624H,0.0766,LBen
N624I,0.1878,LBen
N624K,0.2385,LBen
N624L,0.1753,LBen
N624M,0.2249,LBen
N624P,0.3266,LBen
N624Q,0.1998,LBen
N624R,0.2769,LBen
N624S,0.0685,LBen
N624T,0.0832,LBen
N624V,0.141,LBen
N624W,0.6606,LPath
N624Y,0.1609,LBen
V625A,0.6332,LPath
V625C,0.7591,LPath
V625D,0.9164,LPath
V625E,0.896,LPath
V625F,0.322,LBen
V625G,0.5722,LPath
V625H,0.8982,LPath
V625I,0.0869,LBen
V625K,0.8185,LPath
V625L,0.3014,LBen
V625M,0.3116,LBen
V625N,0.7699,LPath
V625P,0.8722,LPath
V625Q,0.8199,LPath
V625R,0.7771,LPath
V625S,0.691,LPath
V625T,0.5908,LPath
V625W,0.9039,LPath
V625Y,0.7675,LPath
N626A,0.1207,LBen
N626C,0.1159,LBen
N626D,0.2064,LBen
N626E,0.4004,Amb
N626F,0.2552,LBen
N626G,0.1263,LBen
N626H,0.0572,LBen
N626I,0.159,LBen
N626K,0.2435,LBen
N626L,0.1557,LBen
N626M,0.2136,LBen
N626P,0.3213,LBen
N626Q,0.1883,LBen
N626R,0.2585,LBen
N626S,0.0633,LBen
N626T,0.0775,LBen
N626V,0.1379,LBen
N626W,0.5208,Amb
N626Y,0.1138,LBen
S627A,0.08,LBen
S627C,0.1244,LBen
S627D,0.5475,Amb
S627E,0.6684,LPath
S627F,0.2638,LBen
S627G,0.0818,LBen
S627H,0.3268,LBen
S627I,0.2081,LBen
S627K,0.6481,LPath
S627L,0.1409,LBen
S627M,0.1986,LBen
S627N,0.1627,LBen
S627P,0.2788,LBen
S627Q,0.4603,Amb
S627R,0.6549,LPath
S627T,0.0747,LBen
S627V,0.1585,LBen
S627W,0.4505,Amb
S627Y,0.2678,LBen
N628A,0.0749,LBen
N628C,0.0961,LBen
N628D,0.1698,LBen
N628E,0.2828,LBen
N628F,0.2172,LBen
N628G,0.0835,LBen
N628H,0.065,LBen
N628I,0.1134,LBen
N628K,0.1749,LBen
N628L,0.1148,LBen
N628M,0.1553,LBen
N628P,0.2164,LBen
N628Q,0.1411,LBen
N628R,0.1929,LBen
N628S,0.0494,LBen
N628T,0.0541,LBen
N628V,0.0944,LBen
N628W,0.4365,Amb
N628Y,0.1117,LBen
E629A,0.1003,LBen
E629C,0.391,Amb
E629D,0.0556,LBen
E629F,0.3572,Amb
E629G,0.0935,LBen
E629H,0.1843,LBen
E629I,0.1657,LBen
E629K,0.1546,LBen
E629L,0.193,LBen
E629M,0.2678,LBen
E629N,0.0928,LBen
E629P,0.2606,LBen
E629Q,0.1098,LBen
E629R,0.2222,LBen
E629S,0.0853,LBen
E629T,0.104,LBen
E629V,0.1247,LBen
E629W,0.637,LPath
E629Y,0.2694,LBen
G630A,0.1166,LBen
G630C,0.1846,LBen
G630D,0.3011,LBen
G630E,0.3018,LBen
G630F,0.3939,Amb
G630H,0.3237,LBen
G630I,0.1976,LBen
G630K,0.4302,Amb
G630L,0.2738,LBen
G630M,0.2946,LBen
G630N,0.1763,LBen
G630P,0.532,Amb
G630Q,0.2868,LBen
G630R,0.4031,Amb
G630S,0.0952,LBen
G630T,0.1132,LBen
G630V,0.1351,LBen
G630W,0.4135,Amb
G630Y,0.3199,LBen
K631A,0.4465,Amb
K631C,0.6407,LPath
K631D,0.7146,LPath
K631E,0.4268,Amb
K631F,0.7495,LPath
K631G,0.418,Amb
K631H,0.2987,LBen
K631I,0.4421,Amb
K631L,0.4672,Amb
K631M,0.4603,Amb
K631N,0.5688,LPath
K631P,0.5598,Amb
K631Q,0.17,LBen
K631R,0.0731,LBen
K631S,0.4957,Amb
K631T,0.332,LBen
K631V,0.4025,Amb
K631W,0.702,LPath
K631Y,0.6419,LPath
Q632A,0.0971,LBen
Q632C,0.2403,LBen
Q632D,0.3238,LBen
Q632E,0.1378,LBen
Q632F,0.2094,LBen
Q632G,0.1358,LBen
Q632H,0.1002,LBen
Q632I,0.12,LBen
Q632K,0.1017,LBen
Q632L,0.0665,LBen
Q632M,0.133,LBen
Q632N,0.1425,LBen
Q632P,0.0852,LBen
Q632R,0.1013,LBen
Q632S,0.1038,LBen
Q632T,0.0974,LBen
Q632V,0.0863,LBen
Q632W,0.2801,LBen
Q632Y,0.1797,LBen
K633A,0.3692,Amb
K633C,0.5149,Amb
K633D,0.6895,LPath
K633E,0.3174,LBen
K633F,0.7031,LPath
K633G,0.3347,LBen
K633H,0.2441,LBen
K633I,0.3708,Amb
K633L,0.3459,Amb
K633M,0.3403,Amb
K633N,0.5055,Amb
K633P,0.4553,Amb
K633Q,0.1093,LBen
K633R,0.0603,LBen
K633S,0.4567,Amb
K633T,0.2607,LBen
K633V,0.323,LBen
K633W,0.5344,Amb
K633Y,0.5776,LPath
K634A,0.8335,LPath
K634C,0.9019,LPath
K634D,0.954,LPath
K634E,0.8486,LPath
K634F,0.9461,LPath
K634G,0.7796,LPath
K634H,0.6241,LPath
K634I,0.767,LPath
K634L,0.7773,LPath
K634M,0.7389,LPath
K634N,0.8899,LPath
K634P,0.8293,LPath
K634Q,0.3852,Amb
K634R,0.0842,LBen
K634S,0.8778,LPath
K634T,0.7462,LPath
K634V,0.7093,LPath
K634W,0.9051,LPath
K634Y,0.8774,LPath
R635A,0.9768,LPath
R635C,0.9553,LPath
R635D,0.9894,LPath
R635E,0.97,LPath
R635F,0.9699,LPath
R635G,0.9074,LPath
R635H,0.8073,LPath
R635I,0.9624,LPath
R635K,0.4964,Amb
R635L,0.9532,LPath
R635M,0.9731,LPath
R635N,0.9832,LPath
R635P,0.965,LPath
R635Q,0.8031,LPath
R635S,0.9885,LPath
R635T,0.9776,LPath
R635V,0.9645,LPath
R635W,0.8397,LPath
R635Y,0.9347,LPath
G636A,0.2776,LBen
G636C,0.5669,LPath
G636D,0.9346,LPath
G636E,0.8958,LPath
G636F,0.754,LPath
G636H,0.8483,LPath
G636I,0.5598,Amb
G636K,0.8892,LPath
G636L,0.6957,LPath
G636M,0.6986,LPath
G636N,0.7487,LPath
G636P,0.8963,LPath
G636Q,0.7605,LPath
G636R,0.8213,LPath
G636S,0.2754,LBen
G636T,0.3674,Amb
G636V,0.3944,Amb
G636W,0.7723,LPath
G636Y,0.7762,LPath
G637A,0.442,Amb
G637C,0.7648,LPath
G637D,0.9807,LPath
G637E,0.9772,LPath
G637F,0.8603,LPath
G637H,0.9445,LPath
G637I,0.8348,LPath
G637K,0.9526,LPath
G637L,0.8935,LPath
G637M,0.8873,LPath
G637N,0.9067,LPath
G637P,0.9471,LPath
G637Q,0.9121,LPath
G637R,0.8976,LPath
G637S,0.4772,Amb
G637T,0.6981,LPath
G637V,0.7359,LPath
G637W,0.8806,LPath
G637Y,0.8934,LPath
G638A,0.4771,Amb
G638C,0.7444,LPath
G638D,0.982,LPath
G638E,0.9759,LPath
G638F,0.8322,LPath
G638H,0.9441,LPath
G638I,0.8263,LPath
G638K,0.9634,LPath
G638L,0.8887,LPath
G638M,0.873,LPath
G638N,0.8941,LPath
G638P,0.9449,LPath
G638Q,0.9039,LPath
G638R,0.8951,LPath
G638S,0.4466,Amb
G638T,0.6777,LPath
G638V,0.724,LPath
G638W,0.8436,LPath
G638Y,0.8618,LPath
G639A,0.5265,Amb
G639C,0.7976,LPath
G639D,0.9809,LPath
G639E,0.9776,LPath
G639F,0.869,LPath
G639H,0.9415,LPath
G639I,0.8777,LPath
G639K,0.9608,LPath
G639L,0.9132,LPath
G639M,0.9035,LPath
G639N,0.9,LPath
G639P,0.9675,LPath
G639Q,0.9134,LPath
G639R,0.8947,LPath
G639S,0.4375,Amb
G639T,0.6977,LPath
G639V,0.7881,LPath
G639W,0.8674,LPath
G639Y,0.8766,LPath
G640A,0.745,LPath
G640C,0.903,LPath
G640D,0.9906,LPath
G640E,0.9921,LPath
G640F,0.9378,LPath
G640H,0.9846,LPath
G640I,0.9243,LPath
G640K,0.9899,LPath
G640L,0.9577,LPath
G640M,0.9603,LPath
G640N,0.9526,LPath
G640P,0.9847,LPath
G640Q,0.9763,LPath
G640R,0.9713,LPath
G640S,0.7055,LPath
G640T,0.8744,LPath
G640V,0.8922,LPath
G640W,0.952,LPath
G640Y,0.9413,LPath
F641A,0.9797,LPath
F641C,0.9562,LPath
F641D,0.9972,LPath
F641E,0.9977,LPath
F641G,0.9745,LPath
F641H,0.9845,LPath
F641I,0.9336,LPath
F641K,0.9953,LPath
F641L,0.9924,LPath
F641M,0.9505,LPath
F641N,0.9893,LPath
F641P,0.998,LPath
F641Q,0.9939,LPath
F641R,0.9848,LPath
F641S,0.9823,LPath
F641T,0.9907,LPath
F641V,0.9216,LPath
F641W,0.7788,LPath
F641Y,0.3351,LBen
G642A,0.8558,LPath
G642C,0.9356,LPath
G642D,0.9945,LPath
G642E,0.9966,LPath
G642F,0.9722,LPath
G642H,0.988,LPath
G642I,0.9715,LPath
G642K,0.9945,LPath
G642L,0.9728,LPath
G642M,0.9881,LPath
G642N,0.9812,LPath
G642P,0.9853,LPath
G642Q,0.9827,LPath
G642R,0.9783,LPath
G642S,0.8042,LPath
G642T,0.9457,LPath
G642V,0.96,LPath
G642W,0.9705,LPath
G642Y,0.9781,LPath
Y643A,0.8393,LPath
Y643C,0.5006,Amb
Y643D,0.8932,LPath
Y643E,0.9558,LPath
Y643F,0.1289,LBen
Y643G,0.6624,LPath
Y643H,0.7235,LPath
Y643I,0.7552,LPath
Y643K,0.9271,LPath
Y643L,0.7366,LPath
Y643M,0.8107,LPath
Y643N,0.6601,LPath
Y643P,0.9101,LPath
Y643Q,0.9049,LPath
Y643R,0.8664,LPath
Y643S,0.6188,LPath
Y643T,0.8332,LPath
Y643V,0.6227,LPath
Y643W,0.5969,LPath
Q644A,0.3043,LBen
Q644C,0.7967,LPath
Q644D,0.7802,LPath
Q644E,0.2752,LBen
Q644F,0.7646,LPath
Q644G,0.322,LBen
Q644H,0.3775,Amb
Q644I,0.5447,Amb
Q644K,0.2596,LBen
Q644L,0.2465,LBen
Q644M,0.4195,Amb
Q644N,0.4213,Amb
Q644P,0.3153,LBen
Q644R,0.2635,LBen
Q644S,0.284,LBen
Q644T,0.2641,LBen
Q644V,0.3461,Amb
Q644W,0.8149,LPath
Q644Y,0.6489,LPath
K645A,0.5471,Amb
K645C,0.8382,LPath
K645D,0.7408,LPath
K645E,0.5477,Amb
K645F,0.9008,LPath
K645G,0.4787,Amb
K645H,0.4175,Amb
K645I,0.6956,LPath
K645L,0.6313,LPath
K645M,0.5638,Amb
K645N,0.5555,Amb
K645P,0.6063,LPath
K645Q,0.2284,LBen
K645R,0.0973,LBen
K645S,0.5848,LPath
K645T,0.3957,Amb
K645V,0.5783,LPath
K645W,0.8786,LPath
K645Y,0.7779,LPath
T646A,0.064,LBen
T646C,0.2384,LBen
T646D,0.3396,LBen
T646E,0.3123,LBen
T646F,0.2491,LBen
T646G,0.0879,LBen
T646H,0.1807,LBen
T646I,0.194,LBen
T646K,0.241,LBen
T646L,0.1273,LBen
T646M,0.1191,LBen
T646N,0.0822,LBen
T646P,0.0875,LBen
T646Q,0.1577,LBen
T646R,0.2605,LBen
T646S,0.0635,LBen
T646V,0.1297,LBen
T646W,0.4896,Amb
T646Y,0.2409,LBen
K647A,0.3247,LBen
K647C,0.6465,LPath
K647D,0.5511,Amb
K647E,0.2823,LBen
K647F,0.8235,LPath
K647G,0.281,LBen
K647H,0.2909,LBen
K647I,0.5496,Amb
K647L,0.4699,Amb
K647M,0.4504,Amb
K647N,0.3817,Amb
K647P,0.4656,Amb
K647Q,0.1328,LBen
K647R,0.0741,LBen
K647S,0.3308,LBen
K647T,0.2465,LBen
K647V,0.4315,Amb
K647W,0.7555,LPath
K647Y,0.6601,LPath
K648A,0.2241,LBen
K648C,0.5823,LPath
K648D,0.4094,Amb
K648E,0.2396,LBen
K648F,0.6493,LPath
K648G,0.2487,LBen
K648H,0.2011,LBen
K648I,0.3326,LBen
K648L,0.3277,LBen
K648M,0.2673,LBen
K648N,0.2248,LBen
K648P,0.3831,Amb
K648Q,0.1187,LBen
K648R,0.0783,LBen
K648S,0.2566,LBen
K648T,0.1402,LBen
K648V,0.264,LBen
K648W,0.6721,LPath
K648Y,0.5062,Amb
V649A,0.0987,LBen
V649C,0.4764,Amb
V649D,0.2605,LBen
V649E,0.2288,LBen
V649F,0.1248,LBen
V649G,0.1087,LBen
V649H,0.3288,LBen
V649I,0.0742,LBen
V649K,0.2245,LBen
V649L,0.1377,LBen
V649M,0.1054,LBen
V649N,0.1447,LBen
V649P,0.2188,LBen
V649Q,0.1937,LBen
V649R,0.2389,LBen
V649S,0.1228,LBen
V649T,0.1,LBen
V649W,0.546,Amb
V649Y,0.3272,LBen
E650A,0.1229,LBen
E650C,0.5454,Amb
E650D,0.0849,LBen
E650F,0.5051,Amb
E650G,0.1151,LBen
E650H,0.2124,LBen
E650I,0.2419,LBen
E650K,0.1346,LBen
E650L,0.2732,LBen
E650M,0.3402,Amb
E650N,0.1224,LBen
E650P,0.2733,LBen
E650Q,0.0869,LBen
E650R,0.2031,LBen
E650S,0.1091,LBen
E650T,0.1272,LBen
E650V,0.1567,LBen
E650W,0.7221,LPath
E650Y,0.3688,Amb
K651A,0.7651,LPath
K651C,0.9049,LPath
K651D,0.854,LPath
K651E,0.685,LPath
K651F,0.9536,LPath
K651G,0.7124,LPath
K651H,0.5981,LPath
K651I,0.8084,LPath
K651L,0.8169,LPath
K651M,0.7497,LPath
K651N,0.7869,LPath
K651P,0.7658,LPath
K651Q,0.3911,Amb
K651R,0.1092,LBen
K651S,0.7963,LPath
K651T,0.5706,LPath
K651V,0.7353,LPath
K651W,0.9346,LPath
K651Y,0.8541,LPath
S652A,0.0617,LBen
S652C,0.1134,LBen
S652D,0.7307,LPath
S652E,0.7056,LPath
S652F,0.4342,Amb
S652G,0.1248,LBen
S652H,0.487,Amb
S652I,0.3945,Amb
S652K,0.7456,LPath
S652L,0.2075,LBen
S652M,0.2848,LBen
S652N,0.2617,LBen
S652P,0.33,LBen
S652Q,0.5153,Amb
S652R,0.7425,LPath
S652T,0.0956,LBen
S652V,0.2396,LBen
S652W,0.5663,LPath
S652Y,0.3349,LBen
K653A,0.4112,Amb
K653C,0.5832,LPath
K653D,0.785,LPath
K653E,0.3973,Amb
K653F,0.7294,LPath
K653G,0.5033,Amb
K653H,0.319,LBen
K653I,0.3389,LBen
K653L,0.3759,Amb
K653M,0.3254,LBen
K653N,0.5965,LPath
K653P,0.6997,LPath
K653Q,0.1638,LBen
K653R,0.0654,LBen
K653S,0.5333,Amb
K653T,0.2825,LBen
K653V,0.2764,LBen
K653W,0.6641,LPath
K653Y,0.6042,LPath
I654A,0.7397,LPath
I654C,0.8241,LPath
I654D,0.9294,LPath
I654E,0.9142,LPath
I654F,0.2243,LBen
I654G,0.8888,LPath
I654H,0.7854,LPath
I654K,0.7921,LPath
I654L,0.1965,LBen
I654M,0.1759,LBen
I654N,0.6131,LPath
I654P,0.8818,LPath
I654Q,0.7882,LPath
I654R,0.691,LPath
I654S,0.706,LPath
I654T,0.713,LPath
I654V,0.1327,LBen
I654W,0.8195,LPath
I654Y,0.5528,Amb
F655A,0.9774,LPath
F655C,0.8989,LPath
F655D,0.994,LPath
F655E,0.9911,LPath
F655G,0.9797,LPath
F655H,0.9311,LPath
F655I,0.8457,LPath
F655K,0.982,LPath
F655L,0.9771,LPath
F655M,0.9215,LPath
F655N,0.9735,LPath
F655P,0.995,LPath
F655Q,0.9759,LPath
F655R,0.953,LPath
F655S,0.9627,LPath
F655T,0.973,LPath
F655V,0.8434,LPath
F655W,0.6751,LPath
F655Y,0.2429,LBen
K656A,0.8017,LPath
K656C,0.762,LPath
K656D,0.9543,LPath
K656E,0.7637,LPath
K656F,0.9425,LPath
K656G,0.7684,LPath
K656H,0.4365,Amb
K656I,0.8025,LPath
K656L,0.7453,LPath
K656M,0.7501,LPath
K656N,0.8767,LPath
K656P,0.8904,LPath
K656Q,0.2871,LBen
K656R,0.0732,LBen
K656S,0.7988,LPath
K656T,0.5998,LPath
K656V,0.7305,LPath
K656W,0.8643,LPath
K656Y,0.8504,LPath
H657A,0.2346,LBen
H657C,0.2319,LBen
H657D,0.3514,Amb
H657E,0.4009,Amb
H657F,0.308,LBen
H657G,0.2837,LBen
H657I,0.3083,LBen
H657K,0.2688,LBen
H657L,0.1978,LBen
H657M,0.378,Amb
H657N,0.092,LBen
H657P,0.148,LBen
H657Q,0.1625,LBen
H657R,0.1817,LBen
H657S,0.1924,LBen
H657T,0.1919,LBen
H657V,0.2315,LBen
H657W,0.5085,Amb
H657Y,0.1376,LBen
I658A,0.3413,Amb
I658C,0.5073,Amb
I658D,0.7467,LPath
I658E,0.7015,LPath
I658F,0.1172,LBen
I658G,0.5141,Amb
I658H,0.4495,Amb
I658K,0.4231,Amb
I658L,0.109,LBen
I658M,0.1346,LBen
I658N,0.3479,Amb
I658P,0.4975,Amb
I658Q,0.4557,Amb
I658R,0.3267,LBen
I658S,0.3255,LBen
I658T,0.333,LBen
I658V,0.0654,LBen
I658W,0.6615,LPath
I658Y,0.4212,Amb
S659A,0.0749,LBen
S659C,0.0956,LBen
S659D,0.2893,LBen
S659E,0.3748,Amb
S659F,0.2265,LBen
S659G,0.0699,LBen
S659H,0.1883,LBen
S659I,0.1707,LBen
S659K,0.3168,LBen
S659L,0.1339,LBen
S659M,0.2049,LBen
S659N,0.0816,LBen
S659P,0.1006,LBen
S659Q,0.2506,LBen
S659R,0.3296,LBen
S659T,0.0626,LBen
S659V,0.142,LBen
S659W,0.3872,Amb
S659Y,0.1796,LBen
K660A,0.3478,Amb
K660C,0.493,Amb
K660D,0.5873,LPath
K660E,0.2848,LBen
K660F,0.6987,LPath
K660G,0.2545,LBen
K660H,0.2468,LBen
K660I,0.4443,Amb
K660L,0.3911,Amb
K660M,0.3998,Amb
K660N,0.4449,Amb
K660P,0.4522,Amb
K660Q,0.128,LBen
K660R,0.0612,LBen
K660S,0.3709,Amb
K660T,0.264,LBen
K660V,0.3784,Amb
K660W,0.5818,LPath
K660Y,0.5534,Amb
K661A,0.2205,LBen
K661C,0.4545,Amb
K661D,0.3614,Amb
K661E,0.2161,LBen
K661F,0.5637,Amb
K661G,0.1842,LBen
K661H,0.1991,LBen
K661I,0.2945,LBen
K661L,0.3104,LBen
K661M,0.2902,LBen
K661N,0.2321,LBen
K661P,0.2858,LBen
K661Q,0.1145,LBen
K661R,0.0748,LBen
K661S,0.2176,LBen
K661T,0.1353,LBen
K661V,0.2567,LBen
K661W,0.6311,LPath
K661Y,0.4295,Amb
S662A,0.0584,LBen
S662C,0.0787,LBen
S662D,0.198,LBen
S662E,0.211,LBen
S662F,0.1327,LBen
S662G,0.07,LBen
S662H,0.1027,LBen
S662I,0.1089,LBen
S662K,0.1393,LBen
S662L,0.0991,LBen
S662M,0.1432,LBen
S662N,0.0801,LBen
S662P,0.0591,LBen
S662Q,0.1252,LBen
S662R,0.1567,LBen
S662T,0.0565,LBen
S662V,0.0927,LBen
S662W,0.2215,LBen
S662Y,0.1107,LBen
S663A,0.0584,LBen
S663C,0.0797,LBen
S663D,0.2158,LBen
S663E,0.2744,LBen
S663F,0.1276,LBen
S663G,0.0585,LBen
S663H,0.1403,LBen
S663I,0.1093,LBen
S663K,0.1988,LBen
S663L,0.0887,LBen
S663M,0.1392,LBen
S663N,0.0807,LBen
S663P,0.0908,LBen
S663Q,0.1855,LBen
S663R,0.2115,LBen
S663T,0.0572,LBen
S663V,0.0938,LBen
S663W,0.2376,LBen
S663Y,0.1267,LBen
D664A,0.1952,LBen
D664C,0.4463,Amb
D664E,0.1858,LBen
D664F,0.5499,Amb
D664G,0.1408,LBen
D664H,0.257,LBen
D664I,0.3845,Amb
D664K,0.372,Amb
D664L,0.4063,Amb
D664M,0.6068,LPath
D664N,0.0954,LBen
D664P,0.4281,Amb
D664Q,0.2959,LBen
D664R,0.4026,Amb
D664S,0.1113,LBen
D664T,0.1832,LBen
D664V,0.25,LBen
D664W,0.8305,LPath
D664Y,0.2745,LBen
S665A,0.0712,LBen
S665C,0.0764,LBen
S665D,0.1671,LBen
S665E,0.1982,LBen
S665F,0.1825,LBen
S665G,0.0548,LBen
S665H,0.0858,LBen
S665I,0.1221,LBen
S665K,0.0879,LBen
S665L,0.1292,LBen
S665M,0.1665,LBen
S665N,0.0715,LBen
S665P,0.1563,LBen
S665Q,0.1101,LBen
S665R,0.0872,LBen
S665T,0.0597,LBen
S665V,0.1128,LBen
S665W,0.2479,LBen
S665Y,0.125,LBen
R666A,0.9326,LPath
R666C,0.7496,LPath
R666D,0.9621,LPath
R666E,0.8519,LPath
R666F,0.9488,LPath
R666G,0.8288,LPath
R666H,0.5182,Amb
R666I,0.8922,LPath
R666K,0.3247,LBen
R666L,0.8524,LPath
R666M,0.9286,LPath
R666N,0.9529,LPath
R666P,0.9183,LPath
R666Q,0.4577,Amb
R666S,0.9529,LPath
R666T,0.9108,LPath
R666V,0.898,LPath
R666W,0.7446,LPath
R666Y,0.8866,LPath
Q667A,0.3619,Amb
Q667C,0.8801,LPath
Q667D,0.7506,LPath
Q667E,0.2639,LBen
Q667F,0.8783,LPath
Q667G,0.4969,Amb
Q667H,0.654,LPath
Q667I,0.6089,LPath
Q667K,0.2563,LBen
Q667L,0.4335,Amb
Q667M,0.5791,LPath
Q667N,0.5455,Amb
Q667P,0.2736,LBen
Q667R,0.3172,LBen
Q667S,0.4161,Amb
Q667T,0.3796,Amb
Q667V,0.4569,Amb
Q667W,0.9293,LPath
Q667Y,0.82,LPath
F668A,0.9503,LPath
F668C,0.8702,LPath
F668D,0.9644,LPath
F668E,0.9727,LPath
F668G,0.9488,LPath
F668H,0.8949,LPath
F668I,0.7368,LPath
F668K,0.9561,LPath
F668L,0.975,LPath
F668M,0.8804,LPath
F668N,0.9129,LPath
F668P,0.9919,LPath
F668Q,0.955,LPath
F668R,0.9334,LPath
F668S,0.931,LPath
F668T,0.9499,LPath
F668V,0.7762,LPath
F668W,0.6321,LPath
F668Y,0.3476,Amb
S669A,0.091,LBen
S669C,0.0722,LBen
S669D,0.7944,LPath
S669E,0.8224,LPath
S669F,0.3191,LBen
S669G,0.1453,LBen
S669H,0.5017,Amb
S669I,0.3785,Amb
S669K,0.8373,LPath
S669L,0.2129,LBen
S669M,0.3667,Amb
S669N,0.4184,Amb
S669P,0.397,Amb
S669Q,0.6339,LPath
S669R,0.7702,LPath
S669T,0.1079,LBen
S669V,0.2775,LBen
S669W,0.5021,Amb
S669Y,0.3323,LBen
H670A,0.2339,LBen
H670C,0.1424,LBen
H670D,0.2231,LBen
H670E,0.2293,LBen
H670F,0.1893,LBen
H670G,0.2381,LBen
H670I,0.3003,LBen
H670K,0.2291,LBen
H670L,0.1409,LBen
H670M,0.3925,Amb
H670N,0.0867,LBen
H670P,0.1376,LBen
H670Q,0.1292,LBen
H670R,0.111,LBen
H670S,0.1514,LBen
H670T,0.2218,LBen
H670V,0.2315,LBen
H670W,0.3648,Amb
H670Y,0.0832,LBen
