protein_variant,am_pathogenicity,am_class
M1A,0.1468,LBen
M1C,0.1284,LBen
M1D,0.314,LBen
M1E,0.2223,LBen
M1F,0.0993,LBen
M1G,0.2196,LBen
M1H,0.1826,LBen
M1I,0.1516,LBen
M1K,0.116,LBen
M1L,0.0852,LBen
M1N,0.2092,LBen
M1P,0.1745,LBen
M1Q,0.0904,LBen
M1R,0.1027,LBen
M1S,0.1486,LBen
M1T,0.1582,LBen
M1V,0.068,LBen
M1W,0.185,LBen
M1Y,0.187,LBen
S2A,0.0769,LBen
S2C,0.0848,LBen
S2D,0.1304,LBen
S2E,0.1472,LBen
S2F,0.1186,LBen
S2G,0.0838,LBen
S2H,0.1599,LBen
S2I,0.1166,LBen
S2K,0.2064,LBen
S2L,0.1377,LBen
S2M,0.2107,LBen
S2N,0.0935,LBen
S2P,0.0871,LBen
S2Q,0.1817,LBen
S2R,0.1854,LBen
S2T,0.0786,LBen
S2V,0.1399,LBen
S2W,0.1752,LBen
S2Y,0.1085,LBen
H3A,0.0713,LBen
H3C,0.0872,LBen
H3D,0.0596,LBen
H3E,0.0824,LBen
H3F,0.1346,LBen
H3G,0.0795,LBen
H3I,0.1161,LBen
H3K,0.08,LBen
H3L,0.068,LBen
H3M,0.2221,LBen
H3N,0.0582,LBen
H3P,0.0525,LBen
H3Q,0.0702,LBen
H3R,0.0496,LBen
H3S,0.0653,LBen
H3T,0.0804,LBen
H3V,0.0986,LBen
H3W,0.1625,LBen
H3Y,0.0788,LBen
H4A,0.0669,LBen
H4C,0.087,LBen
H4D,0.0597,LBen
H4E,0.078,LBen
H4F,0.1385,LBen
H4G,0.0725,LBen
H4I,0.116,LBen
H4K,0.0792,LBen
H4L,0.0719,LBen
H4M,0.2099,LBen
H4N,0.062,LBen
H4P,0.0543,LBen
H4Q,0.0731,LBen
H4R,0.05,LBen
H4S,0.0673,LBen
H4T,0.078,LBen
H4V,0.0921,LBen
H4W,0.1645,LBen
H4Y,0.0799,LBen
G5A,0.0727,LBen
G5C,0.1059,LBen
G5D,0.0841,LBen
G5E,0.069,LBen
G5F,0.2112,LBen
G5H,0.1354,LBen
G5I,0.1189,LBen
G5K,0.1214,LBen
G5L,0.1492,LBen
G5M,0.2203,LBen
G5N,0.1362,LBen
G5P,0.1969,LBen
G5Q,0.1133,LBen
G5R,0.0915,LBen
G5S,0.0838,LBen
G5T,0.0868,LBen
G5V,0.0856,LBen
G5W,0.1498,LBen
G5Y,0.169,LBen
G6A,0.064,LBen
G6C,0.1207,LBen
G6D,0.076,LBen
G6E,0.0699,LBen
G6F,0.1756,LBen
G6H,0.1673,LBen
G6I,0.1011,LBen
G6K,0.1283,LBen
G6L,0.1322,LBen
G6M,0.1685,LBen
G6N,0.1176,LBen
G6P,0.1882,LBen
G6Q,0.1396,LBen
G6R,0.116,LBen
G6S,0.0802,LBen
G6T,0.0766,LBen
G6V,0.0735,LBen
G6W,0.167,LBen
G6Y,0.1628,LBen
A7C,0.1733,LBen
A7D,0.0888,LBen
A7E,0.0886,LBen
A7F,0.1211,LBen
A7G,0.0692,LBen
A7H,0.1571,LBen
A7I,0.1155,LBen
A7K,0.1283,LBen
A7L,0.097,LBen
A7M,0.1535,LBen
A7N,0.1095,LBen
A7P,0.0797,LBen
A7Q,0.1235,LBen
A7R,0.1112,LBen
A7S,0.0728,LBen
A7T,0.076,LBen
A7V,0.0826,LBen
A7W,0.2624,LBen
A7Y,0.1532,LBen
P8A,0.0505,LBen
P8C,0.176,LBen
P8D,0.14,LBen
P8E,0.0949,LBen
P8F,0.1957,LBen
P8G,0.0956,LBen
P8H,0.1025,LBen
P8I,0.1499,LBen
P8K,0.1091,LBen
P8L,0.095,LBen
P8M,0.1861,LBen
P8N,0.1343,LBen
P8Q,0.0799,LBen
P8R,0.0797,LBen
P8S,0.0689,LBen
P8T,0.0712,LBen
P8V,0.1054,LBen
P8W,0.2395,LBen
P8Y,0.1697,LBen
K9A,0.0944,LBen
K9C,0.3008,LBen
K9D,0.1472,LBen
K9E,0.074,LBen
K9F,0.3225,LBen
K9G,0.1085,LBen
K9H,0.1465,LBen
K9I,0.1674,LBen
K9L,0.1572,LBen
K9M,0.1524,LBen
K9N,0.1155,LBen
K9P,0.1642,LBen
K9Q,0.0871,LBen
K9R,0.0632,LBen
K9S,0.116,LBen
K9T,0.0879,LBen
K9V,0.134,LBen
K9W,0.4462,Amb
K9Y,0.2526,LBen
A10C,0.361,Amb
A10D,0.1218,LBen
A10E,0.1284,LBen
A10F,0.2417,LBen
A10G,0.0881,LBen
A10H,0.2987,LBen
A10I,0.2723,LBen
A10K,0.2575,LBen
A10L,0.1997,LBen
A10M,0.3129,LBen
A10N,0.1654,LBen
A10P,0.0992,LBen
A10Q,0.2301,LBen
A10R,0.2208,LBen
A10S,0.088,LBen
A10T,0.1067,LBen
A10V,0.1408,LBen
A10W,0.5291,Amb
A10Y,0.2558,LBen
S11A,0.0703,LBen
S11C,0.1038,LBen
S11D,0.1887,LBen
S11E,0.2209,LBen
S11F,0.1555,LBen
S11G,0.0808,LBen
S11H,0.2511,LBen
S11I,0.2019,LBen
S11K,0.3699,Amb
S11L,0.1507,LBen
S11M,0.2557,LBen
S11N,0.1321,LBen
S11P,0.0866,LBen
S11Q,0.3044,LBen
S11R,0.3203,LBen
S11T,0.0926,LBen
S11V,0.1664,LBen
S11W,0.2263,LBen
S11Y,0.1382,LBen
T12A,0.0606,LBen
T12C,0.1978,LBen
T12D,0.1454,LBen
T12E,0.1309,LBen
T12F,0.1527,LBen
T12G,0.0984,LBen
T12H,0.1284,LBen
T12I,0.1515,LBen
T12K,0.1249,LBen
T12L,0.109,LBen
T12M,0.1394,LBen
T12N,0.0839,LBen
T12P,0.0519,LBen
T12Q,0.1233,LBen
T12R,0.0922,LBen
T12S,0.0677,LBen
T12V,0.126,LBen
T12W,0.2995,LBen
T12Y,0.1514,LBen
W13A,0.0679,LBen
W13C,0.1991,LBen
W13D,0.17,LBen
W13E,0.1581,LBen
W13F,0.1097,LBen
W13G,0.0568,LBen
W13H,0.2272,LBen
W13I,0.1643,LBen
W13K,0.2191,LBen
W13L,0.1051,LBen
W13M,0.1979,LBen
W13N,0.2072,LBen
W13P,0.1907,LBen
W13Q,0.2101,LBen
W13R,0.1534,LBen
W13S,0.0753,LBen
W13T,0.0845,LBen
W13V,0.1012,LBen
W13Y,0.1744,LBen
V14A,0.112,LBen
V14C,0.466,Amb
V14D,0.1572,LBen
V14E,0.1396,LBen
V14F,0.108,LBen
V14G,0.0987,LBen
V14H,0.3523,Amb
V14I,0.1101,LBen
V14K,0.2299,LBen
V14L,0.1705,LBen
V14M,0.1752,LBen
V14N,0.1864,LBen
V14P,0.2446,LBen
V14Q,0.2297,LBen
V14R,0.1735,LBen
V14S,0.1509,LBen
V14T,0.1672,LBen
V14W,0.4637,Amb
V14Y,0.3366,LBen
V15A,0.0761,LBen
V15C,0.4339,Amb
V15D,0.1502,LBen
V15E,0.141,LBen
V15F,0.1,LBen
V15G,0.0958,LBen
V15H,0.3138,LBen
V15I,0.1124,LBen
V15K,0.2136,LBen
V15L,0.1473,LBen
V15M,0.1664,LBen
V15N,0.1885,LBen
V15P,0.1651,LBen
V15Q,0.1995,LBen
V15R,0.1502,LBen
V15S,0.1142,LBen
V15T,0.13,LBen
V15W,0.4818,Amb
V15Y,0.3219,LBen
A16C,0.3942,Amb
A16D,0.2,LBen
A16E,0.2021,LBen
A16F,0.3,LBen
A16G,0.1075,LBen
A16H,0.3812,Amb
A16I,0.3583,Amb
A16K,0.3697,Amb
A16L,0.225,LBen
A16M,0.3666,Amb
A16N,0.252,LBen
A16P,0.1153,LBen
A16Q,0.281,LBen
A16R,0.2813,LBen
A16S,0.0932,LBen
A16T,0.1127,LBen
A16V,0.1696,LBen
A16W,0.6125,LPath
A16Y,0.3679,Amb
S17A,0.0822,LBen
S17C,0.1156,LBen
S17D,0.2439,LBen
S17E,0.2448,LBen
S17F,0.2055,LBen
S17G,0.0796,LBen
S17H,0.2906,LBen
S17I,0.2554,LBen
S17K,0.4032,Amb
S17L,0.1703,LBen
S17M,0.2954,LBen
S17N,0.1628,LBen
S17P,0.0946,LBen
S17Q,0.325,LBen
S17R,0.3293,LBen
S17T,0.0967,LBen
S17V,0.2026,LBen
S17W,0.2315,LBen
S17Y,0.1824,LBen
R18A,0.1592,LBen
R18C,0.1722,LBen
R18D,0.2667,LBen
R18E,0.1472,LBen
R18F,0.31,LBen
R18G,0.0789,LBen
R18H,0.127,LBen
R18I,0.2097,LBen
R18K,0.1061,LBen
R18L,0.1498,LBen
R18M,0.2511,LBen
R18N,0.2973,LBen
R18P,0.1262,LBen
R18Q,0.0899,LBen
R18S,0.1973,LBen
R18T,0.1454,LBen
R18V,0.2136,LBen
R18W,0.1405,LBen
R18Y,0.263,LBen
R19A,0.1458,LBen
R19C,0.2003,LBen
R19D,0.2434,LBen
R19E,0.1587,LBen
R19F,0.277,LBen
R19G,0.0713,LBen
R19H,0.1443,LBen
R19I,0.1624,LBen
R19K,0.1043,LBen
R19L,0.1407,LBen
R19M,0.2127,LBen
R19N,0.2685,LBen
R19P,0.1347,LBen
R19Q,0.1097,LBen
R19S,0.196,LBen
R19T,0.137,LBen
R19V,0.1804,LBen
R19W,0.1701,LBen
R19Y,0.2524,LBen
S20A,0.073,LBen
S20C,0.0808,LBen
S20D,0.1491,LBen
S20E,0.1889,LBen
S20F,0.1194,LBen
S20G,0.0586,LBen
S20H,0.1683,LBen
S20I,0.1272,LBen
S20K,0.2686,LBen
S20L,0.1166,LBen
S20M,0.2086,LBen
S20N,0.0937,LBen
S20P,0.0786,LBen
S20Q,0.2251,LBen
S20R,0.1979,LBen
S20T,0.0817,LBen
S20V,0.1257,LBen
S20W,0.1578,LBen
S20Y,0.1031,LBen
S21A,0.0625,LBen
S21C,0.0932,LBen
S21D,0.1802,LBen
S21E,0.2017,LBen
S21F,0.128,LBen
S21G,0.0722,LBen
S21H,0.2097,LBen
S21I,0.1538,LBen
S21K,0.3275,LBen
S21L,0.1035,LBen
S21M,0.1997,LBen
S21N,0.133,LBen
S21P,0.0748,LBen
S21Q,0.2593,LBen
S21R,0.2581,LBen
S21T,0.0797,LBen
S21V,0.1257,LBen
S21W,0.172,LBen
S21Y,0.1239,LBen
T22A,0.0539,LBen
T22C,0.2167,LBen
T22D,0.1587,LBen
T22E,0.1442,LBen
T22F,0.138,LBen
T22G,0.1005,LBen
T22H,0.1483,LBen
T22I,0.1129,LBen
T22K,0.1365,LBen
T22L,0.0927,LBen
T22M,0.1056,LBen
T22N,0.1039,LBen
T22P,0.0653,LBen
T22Q,0.1438,LBen
T22R,0.0993,LBen
T22S,0.0785,LBen
T22V,0.0903,LBen
T22W,0.2768,LBen
T22Y,0.1532,LBen
V23A,0.0752,LBen
V23C,0.318,LBen
V23D,0.1108,LBen
V23E,0.1173,LBen
V23F,0.0819,LBen
V23G,0.0769,LBen
V23H,0.2224,LBen
V23I,0.0877,LBen
V23K,0.1615,LBen
V23L,0.1034,LBen
V23M,0.1326,LBen
V23N,0.1308,LBen
V23P,0.1146,LBen
V23Q,0.1428,LBen
V23R,0.1173,LBen
V23S,0.0871,LBen
V23T,0.107,LBen
V23W,0.331,LBen
V23Y,0.2108,LBen
S24A,0.0699,LBen
S24C,0.0805,LBen
S24D,0.1905,LBen
S24E,0.188,LBen
S24F,0.1119,LBen
S24G,0.0764,LBen
S24H,0.1668,LBen
S24I,0.1347,LBen
S24K,0.2859,LBen
S24L,0.0988,LBen
S24M,0.1954,LBen
S24N,0.1202,LBen
S24P,0.0591,LBen
S24Q,0.1887,LBen
S24R,0.1973,LBen
S24T,0.0825,LBen
S24V,0.1249,LBen
S24W,0.1384,LBen
S24Y,0.1074,LBen
R25A,0.1276,LBen
R25C,0.1652,LBen
R25D,0.2388,LBen
R25E,0.1453,LBen
R25F,0.2605,LBen
R25G,0.0825,LBen
R25H,0.1249,LBen
R25I,0.1619,LBen
R25K,0.1061,LBen
R25L,0.1265,LBen
R25M,0.1976,LBen
R25N,0.2849,LBen
R25P,0.118,LBen
R25Q,0.1003,LBen
R25S,0.1931,LBen
R25T,0.1262,LBen
R25V,0.1585,LBen
R25W,0.1301,LBen
R25Y,0.24,LBen
A26C,0.2755,LBen
A26D,0.1201,LBen
A26E,0.1103,LBen
A26F,0.1542,LBen
A26G,0.0813,LBen
A26H,0.2068,LBen
A26I,0.1606,LBen
A26K,0.1818,LBen
A26L,0.1181,LBen
A26M,0.1907,LBen
A26N,0.1491,LBen
A26P,0.0809,LBen
A26Q,0.1481,LBen
A26R,0.14,LBen
A26S,0.0819,LBen
A26T,0.0848,LBen
A26V,0.091,LBen
A26W,0.3466,Amb
A26Y,0.1817,LBen
P27A,0.058,LBen
P27C,0.2424,LBen
P27D,0.1799,LBen
P27E,0.1137,LBen
P27F,0.2112,LBen
P27G,0.1221,LBen
P27H,0.1129,LBen
P27I,0.1728,LBen
P27K,0.1318,LBen
P27L,0.092,LBen
P27M,0.1943,LBen
P27N,0.1738,LBen
P27Q,0.0879,LBen
P27R,0.0817,LBen
P27S,0.077,LBen
P27T,0.0694,LBen
P27V,0.1141,LBen
P27W,0.2412,LBen
P27Y,0.2029,LBen
E28A,0.1031,LBen
E28C,0.4873,Amb
E28D,0.1108,LBen
E28F,0.3898,Amb
E28G,0.0771,LBen
E28H,0.2354,LBen
E28I,0.2455,LBen
E28K,0.1163,LBen
E28L,0.213,LBen
E28M,0.3345,LBen
E28N,0.2026,LBen
E28P,0.1709,LBen
E28Q,0.095,LBen
E28R,0.1177,LBen
E28S,0.1268,LBen
E28T,0.1652,LBen
E28V,0.1396,LBen
E28W,0.4807,Amb
E28Y,0.3,LBen
R29A,0.1412,LBen
R29C,0.1903,LBen
R29D,0.2109,LBen
R29E,0.1196,LBen
R29F,0.2753,LBen
R29G,0.073,LBen
R29H,0.1289,LBen
R29I,0.1407,LBen
R29K,0.0828,LBen
R29L,0.1302,LBen
R29M,0.164,LBen
R29N,0.242,LBen
R29P,0.1326,LBen
R29Q,0.0917,LBen
R29S,0.184,LBen
R29T,0.1188,LBen
R29V,0.1547,LBen
R29W,0.1305,LBen
R29Y,0.2317,LBen
R30A,0.1361,LBen
R30C,0.185,LBen
R30D,0.224,LBen
R30E,0.1372,LBen
R30F,0.23,LBen
R30G,0.0801,LBen
R30H,0.1237,LBen
R30I,0.1215,LBen
R30K,0.0831,LBen
R30L,0.1077,LBen
R30M,0.1484,LBen
R30N,0.245,LBen
R30P,0.1178,LBen
R30Q,0.0977,LBen
R30S,0.1722,LBen
R30T,0.111,LBen
R30V,0.1413,LBen
R30W,0.1481,LBen
R30Y,0.2305,LBen
P31A,0.0607,LBen
P31C,0.2339,LBen
P31D,0.1644,LBen
P31E,0.1061,LBen
P31F,0.2017,LBen
P31G,0.1161,LBen
P31H,0.102,LBen
P31I,0.1585,LBen
P31K,0.1229,LBen
P31L,0.0884,LBen
P31M,0.193,LBen
P31N,0.1638,LBen
P31Q,0.0831,LBen
P31R,0.076,LBen
P31S,0.084,LBen
P31T,0.074,LBen
P31V,0.1089,LBen
P31W,0.2182,LBen
P31Y,0.184,LBen
A32C,0.2765,LBen
A32D,0.1149,LBen
A32E,0.0869,LBen
A32F,0.1775,LBen
A32G,0.0847,LBen
A32H,0.215,LBen
A32I,0.145,LBen
A32K,0.1418,LBen
A32L,0.1093,LBen
A32M,0.1557,LBen
A32N,0.1548,LBen
A32P,0.0809,LBen
A32Q,0.1307,LBen
A32R,0.1102,LBen
A32S,0.0831,LBen
A32T,0.0741,LBen
A32V,0.0847,LBen
A32W,0.2839,LBen
A32Y,0.2203,LBen
E33A,0.096,LBen
E33C,0.5802,LPath
E33D,0.1137,LBen
E33F,0.449,Amb
E33G,0.0774,LBen
E33H,0.2612,LBen
E33I,0.2757,LBen
E33K,0.0994,LBen
E33L,0.2248,LBen
E33M,0.3241,LBen
E33N,0.2106,LBen
E33P,0.189,LBen
E33Q,0.1047,LBen
E33R,0.1137,LBen
E33S,0.1382,LBen
E33T,0.1523,LBen
E33V,0.1488,LBen
E33W,0.5284,Amb
E33Y,0.3509,Amb
E34A,0.0905,LBen
E34C,0.4552,Amb
E34D,0.0805,LBen
E34F,0.3046,LBen
E34G,0.0737,LBen
E34H,0.2,LBen
E34I,0.1673,LBen
E34K,0.1068,LBen
E34L,0.1784,LBen
E34M,0.2525,LBen
E34N,0.1312,LBen
E34P,0.1611,LBen
E34Q,0.102,LBen
E34R,0.1234,LBen
E34S,0.1181,LBen
E34T,0.1251,LBen
E34V,0.1078,LBen
E34W,0.465,Amb
E34Y,0.2198,LBen
L35A,0.0593,LBen
L35C,0.1563,LBen
L35D,0.1189,LBen
L35E,0.0794,LBen
L35F,0.0738,LBen
L35G,0.0843,LBen
L35H,0.081,LBen
L35I,0.0709,LBen
L35K,0.0697,LBen
L35M,0.0826,LBen
L35N,0.0934,LBen
L35P,0.0421,LBen
L35Q,0.0539,LBen
L35R,0.0493,LBen
L35S,0.065,LBen
L35T,0.0633,LBen
L35V,0.0612,LBen
L35W,0.0717,LBen
L35Y,0.1158,LBen
N36A,0.1034,LBen
N36C,0.1223,LBen
N36D,0.0828,LBen
N36E,0.1217,LBen
N36F,0.2,LBen
N36G,0.109,LBen
N36H,0.0679,LBen
N36I,0.1079,LBen
N36K,0.0986,LBen
N36L,0.1052,LBen
N36M,0.1962,LBen
N36P,0.0972,LBen
N36Q,0.1134,LBen
N36R,0.09,LBen
N36S,0.0671,LBen
N36T,0.0849,LBen
N36V,0.107,LBen
N36W,0.2688,LBen
N36Y,0.0785,LBen
R37A,0.1242,LBen
R37C,0.1529,LBen
R37D,0.1913,LBen
R37E,0.1277,LBen
R37F,0.2418,LBen
R37G,0.0703,LBen
R37H,0.1044,LBen
R37I,0.133,LBen
R37K,0.0913,LBen
R37L,0.1245,LBen
R37M,0.1722,LBen
R37N,0.2245,LBen
R37P,0.1188,LBen
R37Q,0.0887,LBen
R37S,0.1672,LBen
R37T,0.1093,LBen
R37V,0.1468,LBen
R37W,0.1276,LBen
R37Y,0.2111,LBen
T38A,0.0599,LBen
T38C,0.1967,LBen
T38D,0.1181,LBen
T38E,0.0932,LBen
T38F,0.1258,LBen
T38G,0.0785,LBen
T38H,0.1135,LBen
T38I,0.1118,LBen
T38K,0.083,LBen
T38L,0.0833,LBen
T38M,0.1018,LBen
T38N,0.0788,LBen
T38P,0.0708,LBen
T38Q,0.0838,LBen
T38R,0.0548,LBen
T38S,0.0733,LBen
T38V,0.0924,LBen
T38W,0.1734,LBen
T38Y,0.1216,LBen
G39A,0.0787,LBen
G39C,0.1164,LBen
G39D,0.0883,LBen
G39E,0.0822,LBen
G39F,0.1694,LBen
G39H,0.1459,LBen
G39I,0.1041,LBen
G39K,0.1364,LBen
G39L,0.1327,LBen
G39M,0.1958,LBen
G39N,0.1417,LBen
G39P,0.1774,LBen
G39Q,0.1298,LBen
G39R,0.0986,LBen
G39S,0.0852,LBen
G39T,0.0935,LBen
G39V,0.0743,LBen
G39W,0.1322,LBen
G39Y,0.1402,LBen
P40A,0.062,LBen
P40C,0.1607,LBen
P40D,0.1238,LBen
P40E,0.0903,LBen
P40F,0.1545,LBen
P40G,0.0847,LBen
P40H,0.0825,LBen
P40I,0.1373,LBen
P40K,0.0798,LBen
P40L,0.0779,LBen
P40M,0.1601,LBen
P40N,0.1292,LBen
P40Q,0.0662,LBen
P40R,0.0503,LBen
P40S,0.0763,LBen
P40T,0.0681,LBen
P40V,0.1051,LBen
P40W,0.1494,LBen
P40Y,0.143,LBen
E41A,0.076,LBen
E41C,0.3305,LBen
E41D,0.0914,LBen
E41F,0.2748,LBen
E41G,0.0573,LBen
E41H,0.1602,LBen
E41I,0.1874,LBen
E41K,0.0801,LBen
E41L,0.158,LBen
E41M,0.2432,LBen
E41N,0.1457,LBen
E41P,0.1495,LBen
E41Q,0.0788,LBen
E41R,0.0764,LBen
E41S,0.1022,LBen
E41T,0.1164,LBen
E41V,0.1132,LBen
E41W,0.3123,LBen
E41Y,0.214,LBen
G42A,0.0852,LBen
G42C,0.1208,LBen
G42D,0.0925,LBen
G42E,0.0902,LBen
G42F,0.2188,LBen
G42H,0.1778,LBen
G42I,0.1283,LBen
G42K,0.1646,LBen
G42L,0.1812,LBen
G42M,0.2311,LBen
G42N,0.1437,LBen
G42P,0.2287,LBen
G42Q,0.1608,LBen
G42R,0.1158,LBen
G42S,0.0947,LBen
G42T,0.0989,LBen
G42V,0.0877,LBen
G42W,0.1461,LBen
G42Y,0.1473,LBen
Y43A,0.1137,LBen
Y43C,0.0681,LBen
Y43D,0.0746,LBen
Y43E,0.1591,LBen
Y43F,0.0783,LBen
Y43G,0.0859,LBen
Y43H,0.0924,LBen
Y43I,0.1652,LBen
Y43K,0.1488,LBen
Y43L,0.156,LBen
Y43M,0.2853,LBen
Y43N,0.0675,LBen
Y43P,0.1405,LBen
Y43Q,0.138,LBen
Y43R,0.0878,LBen
Y43S,0.0636,LBen
Y43T,0.1209,LBen
Y43V,0.1241,LBen
Y43W,0.1582,LBen
S44A,0.0649,LBen
S44C,0.0778,LBen
S44D,0.1244,LBen
S44E,0.134,LBen
S44F,0.1124,LBen
S44G,0.0536,LBen
S44H,0.1022,LBen
S44I,0.1068,LBen
S44K,0.1504,LBen
S44L,0.0888,LBen
S44M,0.1673,LBen
S44N,0.0904,LBen
S44P,0.0677,LBen
S44Q,0.1279,LBen
S44R,0.0783,LBen
S44T,0.0727,LBen
S44V,0.1036,LBen
S44W,0.1025,LBen
S44Y,0.0946,LBen
V45A,0.0586,LBen
V45C,0.2339,LBen
V45D,0.0875,LBen
V45E,0.0846,LBen
V45F,0.0713,LBen
V45G,0.0501,LBen
V45H,0.146,LBen
V45I,0.0897,LBen
V45K,0.0991,LBen
V45L,0.0888,LBen
V45M,0.1215,LBen
V45N,0.11,LBen
V45P,0.0848,LBen
V45Q,0.0933,LBen
V45R,0.0564,LBen
V45S,0.0726,LBen
V45T,0.0857,LBen
V45W,0.1885,LBen
V45Y,0.1633,LBen
G46A,0.1065,LBen
G46C,0.1421,LBen
G46D,0.1278,LBen
G46E,0.116,LBen
G46F,0.2514,LBen
G46H,0.2123,LBen
G46I,0.1747,LBen
G46K,0.2059,LBen
G46L,0.1979,LBen
G46M,0.2898,LBen
G46N,0.1883,LBen
G46P,0.2433,LBen
G46Q,0.1778,LBen
G46R,0.1303,LBen
G46S,0.1049,LBen
G46T,0.1259,LBen
G46V,0.1165,LBen
G46W,0.165,LBen
G46Y,0.1979,LBen
R47A,0.1325,LBen
R47C,0.2084,LBen
R47D,0.22,LBen
R47E,0.1526,LBen
R47F,0.2494,LBen
R47G,0.0732,LBen
R47H,0.1404,LBen
R47I,0.1728,LBen
R47K,0.1007,LBen
R47L,0.1459,LBen
R47M,0.199,LBen
R47N,0.251,LBen
R47P,0.136,LBen
R47Q,0.1108,LBen
R47S,0.1877,LBen
R47T,0.1269,LBen
R47V,0.1804,LBen
R47W,0.1499,LBen
R47Y,0.2557,LBen
G48A,0.0921,LBen
G48C,0.1432,LBen
G48D,0.1151,LBen
G48E,0.1002,LBen
G48F,0.2608,LBen
G48H,0.2018,LBen
G48I,0.171,LBen
G48K,0.1869,LBen
G48L,0.207,LBen
G48M,0.2795,LBen
G48N,0.1815,LBen
G48P,0.2376,LBen
G48Q,0.1645,LBen
G48R,0.1208,LBen
G48S,0.1033,LBen
G48T,0.1146,LBen
G48V,0.1089,LBen
G48W,0.1555,LBen
G48Y,0.1924,LBen
G49A,0.1079,LBen
G49C,0.1346,LBen
G49D,0.1174,LBen
G49E,0.1134,LBen
G49F,0.225,LBen
G49H,0.1999,LBen
G49I,0.1608,LBen
G49K,0.1985,LBen
G49L,0.1986,LBen
G49M,0.2738,LBen
G49N,0.1724,LBen
G49P,0.2728,LBen
G49Q,0.1694,LBen
G49R,0.1208,LBen
G49S,0.0974,LBen
G49T,0.1251,LBen
G49V,0.1132,LBen
G49W,0.1476,LBen
G49Y,0.1764,LBen
R50A,0.1222,LBen
R50C,0.1305,LBen
R50D,0.1867,LBen
R50E,0.1611,LBen
R50F,0.1865,LBen
R50G,0.0616,LBen
R50H,0.1054,LBen
R50I,0.1149,LBen
R50K,0.1007,LBen
R50L,0.1132,LBen
R50M,0.1685,LBen
R50N,0.1878,LBen
R50P,0.1286,LBen
R50Q,0.0977,LBen
R50S,0.1426,LBen
R50T,0.1108,LBen
R50V,0.1358,LBen
R50W,0.1228,LBen
R50Y,0.1669,LBen
W51A,0.1999,LBen
W51C,0.3414,Amb
W51D,0.3017,LBen
W51E,0.2677,LBen
W51F,0.1426,LBen
W51G,0.0857,LBen
W51H,0.3366,LBen
W51I,0.2833,LBen
W51K,0.3334,LBen
W51L,0.1631,LBen
W51M,0.3428,Amb
W51N,0.3348,LBen
W51P,0.2761,LBen
W51Q,0.3044,LBen
W51R,0.2434,LBen
W51S,0.1535,LBen
W51T,0.2248,LBen
W51V,0.2159,LBen
W51Y,0.2167,LBen
R52A,0.1552,LBen
R52C,0.2239,LBen
R52D,0.2605,LBen
R52E,0.1603,LBen
R52F,0.2927,LBen
R52G,0.0818,LBen
R52H,0.1404,LBen
R52I,0.1763,LBen
R52K,0.0949,LBen
R52L,0.1441,LBen
R52M,0.1917,LBen
R52N,0.2659,LBen
R52P,0.1553,LBen
R52Q,0.1106,LBen
R52S,0.2094,LBen
R52T,0.1361,LBen
R52V,0.1964,LBen
R52W,0.1601,LBen
R52Y,0.2691,LBen
G53A,0.091,LBen
G53C,0.1379,LBen
G53D,0.0865,LBen
G53E,0.0806,LBen
G53F,0.2635,LBen
G53H,0.1874,LBen
G53I,0.1629,LBen
G53K,0.1888,LBen
G53L,0.2054,LBen
G53M,0.2586,LBen
G53N,0.1421,LBen
G53P,0.2216,LBen
G53Q,0.1553,LBen
G53R,0.1373,LBen
G53S,0.0996,LBen
G53T,0.1116,LBen
G53V,0.1044,LBen
G53W,0.178,LBen
G53Y,0.1755,LBen
T54A,0.0601,LBen
T54C,0.1796,LBen
T54D,0.1181,LBen
T54E,0.1205,LBen
T54F,0.0987,LBen
T54G,0.0868,LBen
T54H,0.1073,LBen
T54I,0.0894,LBen
T54K,0.1038,LBen
T54L,0.0781,LBen
T54M,0.0972,LBen
T54N,0.0723,LBen
T54P,0.0546,LBen
T54Q,0.1089,LBen
T54R,0.0749,LBen
T54S,0.0704,LBen
T54V,0.0874,LBen
T54W,0.2013,LBen
T54Y,0.1029,LBen
S55A,0.0683,LBen
S55C,0.0871,LBen
S55D,0.1554,LBen
S55E,0.1664,LBen
S55F,0.1063,LBen
S55G,0.065,LBen
S55H,0.153,LBen
S55I,0.1211,LBen
S55K,0.2255,LBen
S55L,0.096,LBen
S55M,0.1846,LBen
S55N,0.1067,LBen
S55P,0.0673,LBen
S55Q,0.1779,LBen
S55R,0.155,LBen
S55T,0.0805,LBen
S55V,0.1112,LBen
S55W,0.123,LBen
S55Y,0.1014,LBen
R56A,0.099,LBen
R56C,0.122,LBen
R56D,0.1667,LBen
R56E,0.132,LBen
R56F,0.1605,LBen
R56G,0.0646,LBen
R56H,0.0997,LBen
R56I,0.0999,LBen
R56K,0.088,LBen
R56L,0.0886,LBen
R56M,0.1382,LBen
R56N,0.1804,LBen
R56P,0.1078,LBen
R56Q,0.0886,LBen
R56S,0.1175,LBen
R56T,0.0948,LBen
R56V,0.1056,LBen
R56W,0.1164,LBen
R56Y,0.1616,LBen
P57A,0.0635,LBen
P57C,0.172,LBen
P57D,0.1346,LBen
P57E,0.0959,LBen
P57F,0.1284,LBen
P57G,0.1065,LBen
P57H,0.0798,LBen
P57I,0.1106,LBen
P57K,0.0999,LBen
P57L,0.0695,LBen
P57M,0.1514,LBen
P57N,0.1263,LBen
P57Q,0.0706,LBen
P57R,0.0674,LBen
P57S,0.0724,LBen
P57T,0.0732,LBen
P57V,0.0905,LBen
P57W,0.1843,LBen
P57Y,0.1218,LBen
P58A,0.0553,LBen
P58C,0.1817,LBen
P58D,0.1373,LBen
P58E,0.0905,LBen
P58F,0.167,LBen
P58G,0.1011,LBen
P58H,0.0895,LBen
P58I,0.1316,LBen
P58K,0.0949,LBen
P58L,0.0771,LBen
P58M,0.1555,LBen
P58N,0.1405,LBen
P58Q,0.0681,LBen
P58R,0.0612,LBen
P58S,0.072,LBen
P58T,0.0682,LBen
P58V,0.0953,LBen
P58W,0.1899,LBen
P58Y,0.157,LBen
E59A,0.0756,LBen
E59C,0.3929,Amb
E59D,0.0969,LBen
E59F,0.2974,LBen
E59G,0.0739,LBen
E59H,0.1746,LBen
E59I,0.1785,LBen
E59K,0.0825,LBen
E59L,0.1572,LBen
E59M,0.2346,LBen
E59N,0.1512,LBen
E59P,0.1469,LBen
E59Q,0.0859,LBen
E59R,0.0922,LBen
E59S,0.1081,LBen
E59T,0.1192,LBen
E59V,0.1057,LBen
E59W,0.4028,Amb
E59Y,0.2288,LBen
A60C,0.2534,LBen
A60D,0.0987,LBen
A60E,0.0982,LBen
A60F,0.1514,LBen
A60G,0.0826,LBen
A60H,0.1877,LBen
A60I,0.1326,LBen
A60K,0.148,LBen
A60L,0.1054,LBen
A60M,0.1444,LBen
A60N,0.1202,LBen
A60P,0.073,LBen
A60Q,0.1454,LBen
A60R,0.1197,LBen
A60S,0.0824,LBen
A60T,0.0755,LBen
A60V,0.0829,LBen
A60W,0.2821,LBen
A60Y,0.1658,LBen
V61A,0.0618,LBen
V61C,0.3934,Amb
V61D,0.1012,LBen
V61E,0.0923,LBen
V61F,0.081,LBen
V61G,0.0726,LBen
V61H,0.2081,LBen
V61I,0.0867,LBen
V61K,0.1004,LBen
V61L,0.1014,LBen
V61M,0.1097,LBen
V61N,0.1173,LBen
V61P,0.1113,LBen
V61Q,0.1182,LBen
V61R,0.0796,LBen
V61S,0.088,LBen
V61T,0.0923,LBen
V61W,0.3423,Amb
V61Y,0.2299,LBen
A62C,0.2757,LBen
A62D,0.1282,LBen
A62E,0.1257,LBen
A62F,0.166,LBen
A62G,0.0917,LBen
A62H,0.2353,LBen
A62I,0.1589,LBen
A62K,0.192,LBen
A62L,0.1114,LBen
A62M,0.1759,LBen
A62N,0.1668,LBen
A62P,0.0843,LBen
A62Q,0.1813,LBen
A62R,0.1486,LBen
A62S,0.0887,LBen
A62T,0.0841,LBen
A62V,0.0918,LBen
A62W,0.3501,Amb
A62Y,0.2176,LBen
A63C,0.2506,LBen
A63D,0.1089,LBen
A63E,0.1069,LBen
A63F,0.1543,LBen
A63G,0.0808,LBen
A63H,0.2044,LBen
A63I,0.1529,LBen
A63K,0.1507,LBen
A63L,0.1125,LBen
A63M,0.1659,LBen
A63N,0.1449,LBen
A63P,0.0838,LBen
A63Q,0.148,LBen
A63R,0.1187,LBen
A63S,0.0821,LBen
A63T,0.0793,LBen
A63V,0.0929,LBen
A63W,0.2901,LBen
A63Y,0.1996,LBen
G64A,0.084,LBen
G64C,0.1142,LBen
G64D,0.0842,LBen
G64E,0.0841,LBen
G64F,0.1996,LBen
G64H,0.1561,LBen
G64I,0.119,LBen
G64K,0.1318,LBen
G64L,0.1588,LBen
G64M,0.2299,LBen
G64N,0.1352,LBen
G64P,0.1929,LBen
G64Q,0.1306,LBen
G64R,0.0984,LBen
G64S,0.0825,LBen
G64T,0.0946,LBen
G64V,0.0872,LBen
G64W,0.1489,LBen
G64Y,0.1656,LBen
H65A,0.0835,LBen
H65C,0.0827,LBen
H65D,0.0741,LBen
H65E,0.0916,LBen
H65F,0.1409,LBen
H65G,0.0813,LBen
H65I,0.1399,LBen
H65K,0.0802,LBen
H65L,0.0797,LBen
H65M,0.2012,LBen
H65N,0.0679,LBen
H65P,0.0542,LBen
H65Q,0.0734,LBen
H65R,0.05,LBen
H65S,0.0789,LBen
H65T,0.0885,LBen
H65V,0.1075,LBen
H65W,0.1415,LBen
H65Y,0.0808,LBen
E66A,0.0941,LBen
E66C,0.3484,Amb
E66D,0.099,LBen
E66F,0.3394,LBen
E66G,0.0611,LBen
E66H,0.1597,LBen
E66I,0.1984,LBen
E66K,0.068,LBen
E66L,0.1662,LBen
E66M,0.2454,LBen
E66N,0.1446,LBen
E66P,0.1665,LBen
E66Q,0.074,LBen
E66R,0.0709,LBen
E66S,0.1124,LBen
E66T,0.117,LBen
E66V,0.1252,LBen
E66W,0.326,LBen
E66Y,0.2334,LBen
E67A,0.091,LBen
E67C,0.5196,Amb
E67D,0.0923,LBen
E67F,0.3902,Amb
E67G,0.0738,LBen
E67H,0.2537,LBen
E67I,0.1903,LBen
E67K,0.1066,LBen
E67L,0.2059,LBen
E67M,0.2742,LBen
E67N,0.1453,LBen
E67P,0.2002,LBen
E67Q,0.1051,LBen
E67R,0.1424,LBen
E67S,0.1237,LBen
E67T,0.129,LBen
E67V,0.1121,LBen
E67W,0.6138,LPath
E67Y,0.2783,LBen
L68A,0.0677,LBen
L68C,0.2045,LBen
L68D,0.1441,LBen
L68E,0.0949,LBen
L68F,0.0843,LBen
L68G,0.1411,LBen
L68H,0.0846,LBen
L68I,0.0738,LBen
L68K,0.0762,LBen
L68M,0.0851,LBen
L68N,0.1099,LBen
L68P,0.0442,LBen
L68Q,0.0642,LBen
L68R,0.063,LBen
L68S,0.0721,LBen
L68T,0.0699,LBen
L68V,0.0674,LBen
L68W,0.1263,LBen
L68Y,0.1317,LBen
P69A,0.179,LBen
P69C,0.7073,LPath
P69D,0.7769,LPath
P69E,0.5759,LPath
P69F,0.8201,LPath
P69G,0.5109,Amb
P69H,0.5183,Amb
P69I,0.7104,LPath
P69K,0.6752,LPath
P69L,0.4021,Amb
P69M,0.7706,LPath
P69N,0.7136,LPath
P69Q,0.4483,Amb
P69R,0.4564,Amb
P69S,0.3044,LBen
P69T,0.361,Amb
P69V,0.5025,Amb
P69W,0.8913,LPath
P69Y,0.7439,LPath
L70A,0.2426,LBen
L70C,0.3834,Amb
L70D,0.612,LPath
L70E,0.2823,LBen
L70F,0.1235,LBen
L70G,0.4727,Amb
L70H,0.2263,LBen
L70I,0.0957,LBen
L70K,0.241,LBen
L70M,0.1385,LBen
L70N,0.4323,Amb
L70P,0.5295,Amb
L70Q,0.1543,LBen
L70R,0.155,LBen
L70S,0.2744,LBen
L70T,0.2255,LBen
L70V,0.0832,LBen
L70W,0.2495,LBen
L70Y,0.2935,LBen
C71A,0.245,LBen
C71D,0.3991,Amb
C71E,0.405,Amb
C71F,0.1541,LBen
C71G,0.1485,LBen
C71H,0.2245,LBen
C71I,0.2777,LBen
C71K,0.4082,Amb
C71L,0.2802,LBen
C71M,0.4797,Amb
C71N,0.2763,LBen
C71P,0.6245,LPath
C71Q,0.272,LBen
C71R,0.1721,LBen
C71S,0.1425,LBen
C71T,0.203,LBen
C71V,0.2341,LBen
C71W,0.3185,LBen
C71Y,0.1532,LBen
F72A,0.8416,LPath
F72C,0.6186,LPath
F72D,0.956,LPath
F72E,0.9365,LPath
F72G,0.9184,LPath
F72H,0.8474,LPath
F72I,0.294,LBen
F72K,0.9321,LPath
F72L,0.8609,LPath
F72M,0.6469,LPath
F72N,0.9261,LPath
F72P,0.9856,LPath
F72Q,0.9118,LPath
F72R,0.878,LPath
F72S,0.8066,LPath
F72T,0.7963,LPath
F72V,0.3264,LBen
F72W,0.6105,LPath
F72Y,0.3931,Amb
A73C,0.2928,LBen
A73D,0.1812,LBen
A73E,0.1545,LBen
A73F,0.1795,LBen
A73G,0.0827,LBen
A73H,0.1974,LBen
A73I,0.1833,LBen
A73K,0.163,LBen
A73L,0.1247,LBen
A73M,0.223,LBen
A73N,0.1722,LBen
A73P,0.0805,LBen
A73Q,0.1625,LBen
A73R,0.1291,LBen
A73S,0.0794,LBen
A73T,0.0821,LBen
A73V,0.1111,LBen
A73W,0.4042,Amb
A73Y,0.2435,LBen
L74A,0.6847,LPath
L74C,0.6979,LPath
L74D,0.9773,LPath
L74E,0.8661,LPath
L74F,0.2848,LBen
L74G,0.8931,LPath
L74H,0.8172,LPath
L74I,0.0808,LBen
L74K,0.7723,LPath
L74M,0.174,LBen
L74N,0.9291,LPath
L74P,0.8215,LPath
L74Q,0.6963,LPath
L74R,0.6902,LPath
L74S,0.8622,LPath
L74T,0.7045,LPath
L74V,0.0811,LBen
L74W,0.6191,LPath
L74Y,0.7692,LPath
K75A,0.3234,LBen
K75C,0.6749,LPath
K75D,0.2934,LBen
K75E,0.1246,LBen
K75F,0.7778,LPath
K75G,0.3006,LBen
K75H,0.2696,LBen
K75I,0.5253,Amb
K75L,0.4176,Amb
K75M,0.3431,Amb
K75N,0.2411,LBen
K75P,0.2649,LBen
K75Q,0.1172,LBen
K75R,0.0865,LBen
K75S,0.3006,LBen
K75T,0.212,LBen
K75V,0.4577,Amb
K75W,0.7424,LPath
K75Y,0.5768,LPath
S76A,0.1305,LBen
S76C,0.1369,LBen
S76D,0.2337,LBen
S76E,0.3646,Amb
S76F,0.4557,Amb
S76G,0.0732,LBen
S76H,0.2257,LBen
S76I,0.314,LBen
S76K,0.3207,LBen
S76L,0.2657,LBen
S76M,0.353,Amb
S76N,0.086,LBen
S76P,0.172,LBen
S76Q,0.3137,LBen
S76R,0.2839,LBen
S76T,0.1232,LBen
S76V,0.3216,LBen
S76W,0.4288,Amb
S76Y,0.2545,LBen
H77A,0.0887,LBen
H77C,0.1062,LBen
H77D,0.0609,LBen
H77E,0.1121,LBen
H77F,0.2276,LBen
H77G,0.1076,LBen
H77I,0.1613,LBen
H77K,0.1086,LBen
H77L,0.1031,LBen
H77M,0.2843,LBen
H77N,0.0554,LBen
H77P,0.0852,LBen
H77Q,0.0886,LBen
H77R,0.0646,LBen
H77S,0.0714,LBen
H77T,0.0974,LBen
H77V,0.126,LBen
H77W,0.3085,LBen
H77Y,0.0918,LBen
F78A,0.201,LBen
F78C,0.0866,LBen
F78D,0.3527,Amb
F78E,0.5017,Amb
F78G,0.3669,Amb
F78H,0.2216,LBen
F78I,0.0909,LBen
F78K,0.415,Amb
F78L,0.3639,Amb
F78M,0.203,LBen
F78N,0.2948,LBen
F78P,0.8524,LPath
F78Q,0.3451,Amb
F78R,0.2876,LBen
F78S,0.148,LBen
F78T,0.2411,LBen
F78V,0.0796,LBen
F78W,0.1152,LBen
F78Y,0.0733,LBen
V79A,0.1828,LBen
V79C,0.686,LPath
V79D,0.7706,LPath
V79E,0.6358,LPath
V79F,0.3151,LBen
V79G,0.3634,Amb
V79H,0.7376,LPath
V79I,0.0892,LBen
V79K,0.5174,Amb
V79L,0.289,LBen
V79M,0.3139,LBen
V79N,0.6654,LPath
V79P,0.7341,LPath
V79Q,0.543,Amb
V79R,0.3741,Amb
V79S,0.3356,LBen
V79T,0.2176,LBen
V79W,0.8166,LPath
V79Y,0.704,LPath
G80A,0.2985,LBen
G80C,0.46,Amb
G80D,0.679,LPath
G80E,0.6162,LPath
G80F,0.7979,LPath
G80H,0.7028,LPath
G80I,0.7524,LPath
G80K,0.6232,LPath
G80L,0.7848,LPath
G80M,0.8027,LPath
G80N,0.7034,LPath
G80P,0.8362,LPath
G80Q,0.6214,LPath
G80R,0.4281,Amb
G80S,0.2621,LBen
G80T,0.5169,Amb
G80V,0.5683,LPath
G80W,0.5965,LPath
G80Y,0.6992,LPath
A81C,0.3744,Amb
A81D,0.2738,LBen
A81E,0.2366,LBen
A81F,0.252,LBen
A81G,0.1457,LBen
A81H,0.3864,Amb
A81I,0.1973,LBen
A81K,0.3205,LBen
A81L,0.1783,LBen
A81M,0.1959,LBen
A81N,0.2424,LBen
A81P,0.3098,LBen
A81Q,0.3018,LBen
A81R,0.2805,LBen
A81S,0.1071,LBen
A81T,0.0937,LBen
A81V,0.1079,LBen
A81W,0.5898,LPath
A81Y,0.3552,Amb
V82A,0.5144,Amb
V82C,0.8696,LPath
V82D,0.9517,LPath
V82E,0.8983,LPath
V82F,0.3301,LBen
V82G,0.6887,LPath
V82H,0.9621,LPath
V82I,0.086,LBen
V82K,0.9084,LPath
V82L,0.2364,LBen
V82M,0.277,LBen
V82N,0.9059,LPath
V82P,0.9213,LPath
V82Q,0.9014,LPath
V82R,0.8722,LPath
V82S,0.7954,LPath
V82T,0.6789,LPath
V82W,0.9518,LPath
V82Y,0.8721,LPath
I83A,0.3223,LBen
I83C,0.7415,LPath
I83D,0.9041,LPath
I83E,0.73,LPath
I83F,0.2136,LBen
I83G,0.7353,LPath
I83H,0.6881,LPath
I83K,0.3761,Amb
I83L,0.1941,LBen
I83M,0.1555,LBen
I83N,0.5927,LPath
I83P,0.8449,LPath
I83Q,0.5564,Amb
I83R,0.2303,LBen
I83S,0.4483,Amb
I83T,0.1387,LBen
I83V,0.1041,LBen
I83W,0.6995,LPath
I83Y,0.6258,LPath
G84A,0.7635,LPath
G84C,0.7555,LPath
G84D,0.8942,LPath
G84E,0.9023,LPath
G84F,0.9526,LPath
G84H,0.9425,LPath
G84I,0.9475,LPath
G84K,0.9507,LPath
G84L,0.9416,LPath
G84M,0.9723,LPath
G84N,0.9392,LPath
G84P,0.9789,LPath
G84Q,0.9053,LPath
G84R,0.8679,LPath
G84S,0.5608,Amb
G84T,0.8816,LPath
G84V,0.9086,LPath
G84W,0.8497,LPath
G84Y,0.9252,LPath
R85A,0.516,Amb
R85C,0.2354,LBen
R85D,0.7515,LPath
R85E,0.4994,Amb
R85F,0.5894,LPath
R85G,0.3394,LBen
R85H,0.1334,LBen
R85I,0.46,Amb
R85K,0.124,LBen
R85L,0.4105,Amb
R85M,0.491,Amb
R85N,0.6454,LPath
R85P,0.5146,Amb
R85Q,0.1522,LBen
R85S,0.6092,LPath
R85T,0.4581,Amb
R85V,0.5191,Amb
R85W,0.2273,LBen
R85Y,0.4065,Amb
G86A,0.1751,LBen
G86C,0.2771,LBen
G86D,0.5276,Amb
G86E,0.4955,Amb
G86F,0.672,LPath
G86H,0.5619,Amb
G86I,0.6172,LPath
G86K,0.5581,Amb
G86L,0.6608,LPath
G86M,0.6581,LPath
G86N,0.4702,Amb
G86P,0.9033,LPath
G86Q,0.4714,Amb
G86R,0.3729,Amb
G86S,0.1545,LBen
G86T,0.3259,LBen
G86V,0.4433,Amb
G86W,0.4802,Amb
G86Y,0.5269,Amb
G87A,0.4724,Amb
G87C,0.51,Amb
G87D,0.7204,LPath
G87E,0.7201,LPath
G87F,0.803,LPath
G87H,0.768,LPath
G87I,0.7549,LPath
G87K,0.6803,LPath
G87L,0.8214,LPath
G87M,0.8303,LPath
G87N,0.6873,LPath
G87P,0.9518,LPath
G87Q,0.6719,LPath
G87R,0.5078,Amb
G87S,0.3253,LBen
G87T,0.6383,LPath
G87V,0.673,LPath
G87W,0.6463,LPath
G87Y,0.6998,LPath
S88A,0.0895,LBen
S88C,0.0953,LBen
S88D,0.4236,Amb
S88E,0.424,Amb
S88F,0.1748,LBen
S88G,0.1122,LBen
S88H,0.3124,LBen
S88I,0.2023,LBen
S88K,0.5304,Amb
S88L,0.1139,LBen
S88M,0.1919,LBen
S88N,0.171,LBen
S88P,0.5496,Amb
S88Q,0.3855,Amb
S88R,0.4498,Amb
S88T,0.0978,LBen
S88V,0.1847,LBen
S88W,0.1824,LBen
S88Y,0.1508,LBen
K89A,0.3315,LBen
K89C,0.6538,LPath
K89D,0.5755,LPath
K89E,0.1905,LBen
K89F,0.7221,LPath
K89G,0.4285,Amb
K89H,0.2831,LBen
K89I,0.3209,LBen
K89L,0.3546,Amb
K89M,0.2106,LBen
K89N,0.2932,LBen
K89P,0.8009,LPath
K89Q,0.1345,LBen
K89R,0.0773,LBen
K89S,0.3818,Amb
K89T,0.1474,LBen
K89V,0.2924,LBen
K89W,0.7035,LPath
K89Y,0.5261,Amb
I90A,0.6865,LPath
I90C,0.8168,LPath
I90D,0.9151,LPath
I90E,0.7952,LPath
I90F,0.2643,LBen
I90G,0.8194,LPath
I90H,0.793,LPath
I90K,0.5815,LPath
I90L,0.1469,LBen
I90M,0.1205,LBen
I90N,0.538,Amb
I90P,0.9207,LPath
I90Q,0.665,LPath
I90R,0.4716,Amb
I90S,0.6156,LPath
I90T,0.6185,LPath
I90V,0.1407,LBen
I90W,0.7186,LPath
I90Y,0.5809,LPath
K91A,0.2986,LBen
K91C,0.5417,Amb
K91D,0.486,Amb
K91E,0.15,LBen
K91F,0.6615,LPath
K91G,0.2884,LBen
K91H,0.2672,LBen
K91I,0.3552,Amb
K91L,0.3082,LBen
K91M,0.2372,LBen
K91N,0.3106,LBen
K91P,0.7504,LPath
K91Q,0.1106,LBen
K91R,0.0619,LBen
K91S,0.3258,LBen
K91T,0.1934,LBen
K91V,0.3421,Amb
K91W,0.5145,Amb
K91Y,0.48,Amb
N92A,0.1288,LBen
N92C,0.1884,LBen
N92D,0.0592,LBen
N92E,0.1075,LBen
N92F,0.3515,Amb
N92G,0.1679,LBen
N92H,0.0873,LBen
N92I,0.1643,LBen
N92K,0.1555,LBen
N92L,0.1686,LBen
N92M,0.212,LBen
N92P,0.6093,LPath
N92Q,0.1397,LBen
N92R,0.1623,LBen
N92S,0.0848,LBen
N92T,0.0966,LBen
N92V,0.1526,LBen
N92W,0.5243,Amb
N92Y,0.1031,LBen
I93A,0.7805,LPath
I93C,0.8581,LPath
I93D,0.946,LPath
I93E,0.9215,LPath
I93F,0.1941,LBen
I93G,0.9386,LPath
I93H,0.8302,LPath
I93K,0.8354,LPath
I93L,0.1123,LBen
I93M,0.167,LBen
I93N,0.7325,LPath
I93P,0.9511,LPath
I93Q,0.8687,LPath
I93R,0.7653,LPath
I93S,0.7721,LPath
I93T,0.6614,LPath
I93V,0.1556,LBen
I93W,0.7953,LPath
I93Y,0.6195,LPath
Q94A,0.4221,Amb
Q94C,0.8247,LPath
Q94D,0.9185,LPath
Q94E,0.1035,LBen
Q94F,0.9445,LPath
Q94G,0.5847,LPath
Q94H,0.7578,LPath
Q94I,0.688,LPath
Q94K,0.2674,LBen
Q94L,0.5656,LPath
Q94M,0.5858,LPath
Q94N,0.7936,LPath
Q94P,0.7817,LPath
Q94R,0.2383,LBen
Q94S,0.6135,LPath
Q94T,0.5504,Amb
Q94V,0.561,Amb
Q94W,0.9164,LPath
Q94Y,0.9015,LPath
S95A,0.078,LBen
S95C,0.0844,LBen
S95D,0.1266,LBen
S95E,0.1651,LBen
S95F,0.1477,LBen
S95G,0.0738,LBen
S95H,0.1247,LBen
S95I,0.1212,LBen
S95K,0.1881,LBen
S95L,0.1019,LBen
S95M,0.1358,LBen
S95N,0.064,LBen
S95P,0.6917,LPath
S95Q,0.1727,LBen
S95R,0.1527,LBen
S95T,0.0814,LBen
S95V,0.1486,LBen
S95W,0.1933,LBen
S95Y,0.1052,LBen
T96A,0.0626,LBen
T96C,0.2699,LBen
T96D,0.1829,LBen
T96E,0.1375,LBen
T96F,0.1677,LBen
T96G,0.1728,LBen
T96H,0.1633,LBen
T96I,0.1201,LBen
T96K,0.1142,LBen
T96L,0.0884,LBen
T96M,0.0807,LBen
T96N,0.0878,LBen
T96P,0.3513,Amb
T96Q,0.1272,LBen
T96R,0.0945,LBen
T96S,0.0824,LBen
T96V,0.1138,LBen
T96W,0.4077,Amb
T96Y,0.1843,LBen
T97A,0.2376,LBen
T97C,0.5335,Amb
T97D,0.9062,LPath
T97E,0.7844,LPath
T97F,0.6065,LPath
T97G,0.4887,Amb
T97H,0.6286,LPath
T97I,0.7625,LPath
T97K,0.7023,LPath
T97L,0.4047,Amb
T97M,0.2275,LBen
T97N,0.5315,Amb
T97P,0.7734,LPath
T97Q,0.6109,LPath
T97R,0.5717,LPath
T97S,0.2575,LBen
T97V,0.5211,Amb
T97W,0.832,LPath
T97Y,0.6267,LPath
N98A,0.1491,LBen
N98C,0.1718,LBen
N98D,0.0918,LBen
N98E,0.229,LBen
N98F,0.4143,Amb
N98G,0.1363,LBen
N98H,0.0876,LBen
N98I,0.3152,LBen
N98K,0.1396,LBen
N98L,0.2269,LBen
N98M,0.2983,LBen
N98P,0.6194,LPath
N98Q,0.1841,LBen
N98R,0.1482,LBen
N98S,0.0739,LBen
N98T,0.1414,LBen
N98V,0.2878,LBen
N98W,0.5988,LPath
N98Y,0.1268,LBen
T99A,0.1439,LBen
T99C,0.415,Amb
T99D,0.9542,LPath
T99E,0.9414,LPath
T99F,0.9407,LPath
T99G,0.6852,LPath
T99H,0.9024,LPath
T99I,0.6865,LPath
T99K,0.8812,LPath
T99L,0.5448,Amb
T99M,0.3948,Amb
T99N,0.6924,LPath
T99P,0.8601,LPath
T99Q,0.8639,LPath
T99R,0.8041,LPath
T99S,0.2956,LBen
T99V,0.3493,Amb
T99W,0.9883,LPath
T99Y,0.9434,LPath
T100A,0.0714,LBen
T100C,0.2547,LBen
T100D,0.2364,LBen
T100E,0.1386,LBen
T100F,0.1859,LBen
T100G,0.1971,LBen
T100H,0.1144,LBen
T100I,0.1235,LBen
T100K,0.0557,LBen
T100L,0.0993,LBen
T100M,0.0878,LBen
T100N,0.0899,LBen
T100P,0.3162,LBen
T100Q,0.0937,LBen
T100R,0.0481,LBen
T100S,0.0953,LBen
T100V,0.1094,LBen
T100W,0.3487,Amb
T100Y,0.1618,LBen
I101A,0.9366,LPath
I101C,0.9363,LPath
I101D,0.9947,LPath
I101E,0.9883,LPath
I101F,0.4694,Amb
I101G,0.9841,LPath
I101H,0.9804,LPath
I101K,0.9685,LPath
I101L,0.3296,LBen
I101M,0.3495,Amb
I101N,0.9515,LPath
I101P,0.9843,LPath
I101Q,0.9776,LPath
I101R,0.9476,LPath
I101S,0.9442,LPath
I101T,0.9372,LPath
I101V,0.1532,LBen
I101W,0.9735,LPath
I101Y,0.9124,LPath
Q102A,0.3481,Amb
Q102C,0.6208,LPath
Q102D,0.4641,Amb
Q102E,0.0941,LBen
Q102F,0.7537,LPath
Q102G,0.4451,Amb
Q102H,0.2124,LBen
Q102I,0.4535,Amb
Q102K,0.095,LBen
Q102L,0.2336,LBen
Q102M,0.4289,Amb
Q102N,0.389,Amb
Q102P,0.7565,LPath
Q102R,0.0994,LBen
Q102S,0.3467,Amb
Q102T,0.2393,LBen
Q102V,0.3181,LBen
Q102W,0.5711,LPath
Q102Y,0.4672,Amb
I103A,0.8826,LPath
I103C,0.8329,LPath
I103D,0.9577,LPath
I103E,0.9445,LPath
I103F,0.3173,LBen
I103G,0.9387,LPath
I103H,0.9006,LPath
I103K,0.8459,LPath
I103L,0.2525,LBen
I103M,0.2195,LBen
I103N,0.7373,LPath
I103P,0.9569,LPath
I103Q,0.9055,LPath
I103R,0.8088,LPath
I103S,0.8704,LPath
I103T,0.8707,LPath
I103V,0.1184,LBen
I103W,0.9063,LPath
I103Y,0.7272,LPath
I104A,0.2399,LBen
I104C,0.4141,Amb
I104D,0.3517,Amb
I104E,0.2876,LBen
I104F,0.0845,LBen
I104G,0.3986,Amb
I104H,0.1947,LBen
I104K,0.1623,LBen
I104L,0.0992,LBen
I104M,0.0978,LBen
I104N,0.1234,LBen
I104P,0.6338,LPath
I104Q,0.1849,LBen
I104R,0.1153,LBen
I104S,0.1487,LBen
I104T,0.131,LBen
I104V,0.0942,LBen
I104W,0.4593,Amb
I104Y,0.2637,LBen
Q105A,0.1586,LBen
Q105C,0.4958,Amb
Q105D,0.2141,LBen
Q105E,0.0766,LBen
Q105F,0.613,LPath
Q105G,0.1403,LBen
Q105H,0.1538,LBen
Q105I,0.4221,Amb
Q105K,0.0582,LBen
Q105L,0.1593,LBen
Q105M,0.3511,Amb
Q105N,0.1906,LBen
Q105P,0.0716,LBen
Q105R,0.0644,LBen
Q105S,0.1505,LBen
Q105T,0.1477,LBen
Q105V,0.2734,LBen
Q105W,0.4042,Amb
Q105Y,0.3777,Amb
E106A,0.1199,LBen
E106C,0.5333,Amb
E106D,0.0865,LBen
E106F,0.5386,Amb
E106G,0.0571,LBen
E106H,0.2314,LBen
E106I,0.3082,LBen
E106K,0.086,LBen
E106L,0.268,LBen
E106M,0.3698,Amb
E106N,0.1373,LBen
E106P,0.3815,Amb
E106Q,0.0835,LBen
E106R,0.1303,LBen
E106S,0.1155,LBen
E106T,0.1569,LBen
E106V,0.1803,LBen
E106W,0.658,LPath
E106Y,0.3516,Amb
Q107A,0.1252,LBen
Q107C,0.3234,LBen
Q107D,0.153,LBen
Q107E,0.0698,LBen
Q107F,0.3199,LBen
Q107G,0.1262,LBen
Q107H,0.1095,LBen
Q107I,0.2094,LBen
Q107K,0.0725,LBen
Q107L,0.105,LBen
Q107M,0.2313,LBen
Q107N,0.1255,LBen
Q107P,0.0887,LBen
Q107R,0.084,LBen
Q107S,0.1172,LBen
Q107T,0.1152,LBen
Q107V,0.1527,LBen
Q107W,0.2534,LBen
Q107Y,0.1771,LBen
P108A,0.0839,LBen
P108C,0.3013,LBen
P108D,0.1948,LBen
P108E,0.1378,LBen
P108F,0.3388,LBen
P108G,0.1429,LBen
P108H,0.1228,LBen
P108I,0.2724,LBen
P108K,0.15,LBen
P108L,0.1356,LBen
P108M,0.2422,LBen
P108N,0.161,LBen
P108Q,0.1039,LBen
P108R,0.1089,LBen
P108S,0.0927,LBen
P108T,0.0835,LBen
P108V,0.1887,LBen
P108W,0.3414,Amb
P108Y,0.2508,LBen
E109A,0.1236,LBen
E109C,0.6425,LPath
E109D,0.1239,LBen
E109F,0.4614,Amb
E109G,0.1309,LBen
E109H,0.2842,LBen
E109I,0.2168,LBen
E109K,0.1089,LBen
E109L,0.2609,LBen
E109M,0.3066,LBen
E109N,0.1821,LBen
E109P,0.502,Amb
E109Q,0.1042,LBen
E109R,0.1656,LBen
E109S,0.1515,LBen
E109T,0.1571,LBen
E109V,0.1341,LBen
E109W,0.7091,LPath
E109Y,0.3681,Amb
S110A,0.0688,LBen
S110C,0.1156,LBen
S110D,0.679,LPath
S110E,0.741,LPath
S110F,0.4206,Amb
S110G,0.1236,LBen
S110H,0.5766,LPath
S110I,0.3428,Amb
S110K,0.8405,LPath
S110L,0.2687,LBen
S110M,0.3874,Amb
S110N,0.3436,Amb
S110P,0.6462,LPath
S110Q,0.7084,LPath
S110R,0.7842,LPath
S110T,0.1281,LBen
S110V,0.257,LBen
S110W,0.5658,LPath
S110Y,0.3017,LBen
L111A,0.0891,LBen
L111C,0.2168,LBen
L111D,0.2528,LBen
L111E,0.0729,LBen
L111F,0.0885,LBen
L111G,0.2295,LBen
L111H,0.0898,LBen
L111I,0.0601,LBen
L111K,0.066,LBen
L111M,0.0751,LBen
L111N,0.168,LBen
L111P,0.2103,LBen
L111Q,0.0486,LBen
L111R,0.0571,LBen
L111S,0.0971,LBen
L111T,0.0689,LBen
L111V,0.0484,LBen
L111W,0.1256,LBen
L111Y,0.1652,LBen
V112A,0.7327,LPath
V112C,0.8811,LPath
V112D,0.973,LPath
V112E,0.9311,LPath
V112F,0.5677,LPath
V112G,0.7368,LPath
V112H,0.9778,LPath
V112I,0.1118,LBen
V112K,0.938,LPath
V112L,0.4117,Amb
V112M,0.5536,Amb
V112N,0.9543,LPath
V112P,0.955,LPath
V112Q,0.9162,LPath
V112R,0.896,LPath
V112S,0.9041,LPath
V112T,0.858,LPath
V112W,0.9723,LPath
V112Y,0.9217,LPath
K113A,0.5331,Amb
K113C,0.648,LPath
K113D,0.7362,LPath
K113E,0.1985,LBen
K113F,0.8248,LPath
K113G,0.7079,LPath
K113H,0.3234,LBen
K113I,0.4316,Amb
K113L,0.4161,Amb
K113M,0.2594,LBen
K113N,0.4666,Amb
K113P,0.9616,LPath
K113Q,0.1426,LBen
K113R,0.0853,LBen
K113S,0.5426,Amb
K113T,0.2049,LBen
K113V,0.3715,Amb
K113W,0.7845,LPath
K113Y,0.5959,LPath
I114A,0.9219,LPath
I114C,0.9099,LPath
I114D,0.9868,LPath
I114E,0.9846,LPath
I114F,0.5906,LPath
I114G,0.9688,LPath
I114H,0.9776,LPath
I114K,0.9626,LPath
I114L,0.2608,LBen
I114M,0.3557,Amb
I114N,0.8897,LPath
I114P,0.9869,LPath
I114Q,0.9771,LPath
I114R,0.939,LPath
I114S,0.9225,LPath
I114T,0.9496,LPath
I114V,0.203,LBen
I114W,0.978,LPath
I114Y,0.878,LPath
F115A,0.4398,Amb
F115C,0.2709,LBen
F115D,0.6611,LPath
F115E,0.7198,LPath
F115G,0.646,LPath
F115H,0.3297,LBen
F115I,0.2286,LBen
F115K,0.5951,LPath
F115L,0.815,LPath
F115M,0.5484,Amb
F115N,0.4998,Amb
F115P,0.9724,LPath
F115Q,0.5785,LPath
F115R,0.4075,Amb
F115S,0.2369,LBen
F115T,0.3197,LBen
F115V,0.2343,LBen
F115W,0.2862,LBen
F115Y,0.1273,LBen
G116A,0.699,LPath
G116C,0.8193,LPath
G116D,0.9086,LPath
G116E,0.9533,LPath
G116F,0.9778,LPath
G116H,0.9581,LPath
G116I,0.9695,LPath
G116K,0.9599,LPath
G116L,0.9613,LPath
G116M,0.9888,LPath
G116N,0.9402,LPath
G116P,0.9804,LPath
G116Q,0.943,LPath
G116R,0.8795,LPath
G116S,0.5653,LPath
G116T,0.9181,LPath
G116V,0.9382,LPath
G116W,0.9416,LPath
G116Y,0.9616,LPath
S117A,0.1495,LBen
S117C,0.1126,LBen
S117D,0.1552,LBen
S117E,0.3267,LBen
S117F,0.3665,Amb
S117G,0.0736,LBen
S117H,0.234,LBen
S117I,0.2706,LBen
S117K,0.3303,LBen
S117L,0.1738,LBen
S117M,0.2754,LBen
S117N,0.072,LBen
S117P,0.1725,LBen
S117Q,0.3356,LBen
S117R,0.283,LBen
S117T,0.0834,LBen
S117V,0.283,LBen
S117W,0.3532,Amb
S117Y,0.231,LBen
K118A,0.1795,LBen
K118C,0.552,Amb
K118D,0.2905,LBen
K118E,0.0875,LBen
K118F,0.5298,Amb
K118G,0.2435,LBen
K118H,0.2369,LBen
K118I,0.2227,LBen
K118L,0.2172,LBen
K118M,0.1666,LBen
K118N,0.2364,LBen
K118P,0.3105,LBen
K118Q,0.1111,LBen
K118R,0.0762,LBen
K118S,0.2281,LBen
K118T,0.1204,LBen
K118V,0.1927,LBen
K118W,0.6146,LPath
K118Y,0.4243,Amb
A119C,0.3688,Amb
A119D,0.0933,LBen
A119E,0.0958,LBen
A119F,0.2185,LBen
A119G,0.106,LBen
A119H,0.2478,LBen
A119I,0.156,LBen
A119K,0.1722,LBen
A119L,0.1212,LBen
A119M,0.159,LBen
A119N,0.1263,LBen
A119P,0.1118,LBen
A119Q,0.1587,LBen
A119R,0.1833,LBen
A119S,0.0854,LBen
A119T,0.0751,LBen
A119V,0.0919,LBen
A119W,0.4626,Amb
A119Y,0.258,LBen
M120A,0.2156,LBen
M120C,0.61,LPath
M120D,0.5228,Amb
M120E,0.2355,LBen
M120F,0.3744,Amb
M120G,0.3517,Amb
M120H,0.3394,LBen
M120I,0.4974,Amb
M120K,0.1015,LBen
M120L,0.1656,LBen
M120N,0.324,LBen
M120P,0.7985,LPath
M120Q,0.1075,LBen
M120R,0.084,LBen
M120S,0.2156,LBen
M120T,0.1413,LBen
M120V,0.1068,LBen
M120W,0.5649,LPath
M120Y,0.4865,Amb
Q121A,0.377,Amb
Q121C,0.81,LPath
Q121D,0.9564,LPath
Q121E,0.2236,LBen
Q121F,0.9735,LPath
Q121G,0.5944,LPath
Q121H,0.8133,LPath
Q121I,0.5947,LPath
Q121K,0.1094,LBen
Q121L,0.3913,Amb
Q121M,0.5682,LPath
Q121N,0.8409,LPath
Q121P,0.8067,LPath
Q121R,0.1528,LBen
Q121S,0.7253,LPath
Q121T,0.5585,Amb
Q121V,0.4326,Amb
Q121W,0.9445,LPath
Q121Y,0.9354,LPath
T122A,0.0664,LBen
T122C,0.2931,LBen
T122D,0.1746,LBen
T122E,0.1164,LBen
T122F,0.1733,LBen
T122G,0.1479,LBen
T122H,0.1612,LBen
T122I,0.1186,LBen
T122K,0.0933,LBen
T122L,0.0815,LBen
T122M,0.0809,LBen
T122N,0.0833,LBen
T122P,0.3083,LBen
T122Q,0.1125,LBen
T122R,0.0837,LBen
T122S,0.0955,LBen
T122V,0.1076,LBen
T122W,0.3494,Amb
T122Y,0.1776,LBen
K123A,0.2839,LBen
K123C,0.7283,LPath
K123D,0.4455,Amb
K123E,0.113,LBen
K123F,0.7658,LPath
K123G,0.4514,Amb
K123H,0.3272,LBen
K123I,0.3843,Amb
K123L,0.3627,Amb
K123M,0.2303,LBen
K123N,0.3698,Amb
K123P,0.8457,LPath
K123Q,0.1321,LBen
K123R,0.0859,LBen
K123S,0.398,Amb
K123T,0.1697,LBen
K123V,0.3281,LBen
K123W,0.788,LPath
K123Y,0.5934,LPath
A124C,0.8043,LPath
A124D,0.94,LPath
A124E,0.9005,LPath
A124F,0.941,LPath
A124G,0.2482,LBen
A124H,0.9813,LPath
A124I,0.8417,LPath
A124K,0.9783,LPath
A124L,0.7535,LPath
A124M,0.7902,LPath
A124N,0.9263,LPath
A124P,0.9696,LPath
A124Q,0.919,LPath
A124R,0.9481,LPath
A124S,0.2518,LBen
A124T,0.3749,Amb
A124V,0.4632,Amb
A124W,0.992,LPath
A124Y,0.9739,LPath
K125A,0.4567,Amb
K125C,0.784,LPath
K125D,0.9127,LPath
K125E,0.2427,LBen
K125F,0.824,LPath
K125G,0.6447,LPath
K125H,0.5559,Amb
K125I,0.4561,Amb
K125L,0.4477,Amb
K125M,0.2537,LBen
K125N,0.7601,LPath
K125P,0.9812,LPath
K125Q,0.1615,LBen
K125R,0.0993,LBen
K125S,0.6523,LPath
K125T,0.3677,Amb
K125V,0.3829,Amb
K125W,0.8438,LPath
K125Y,0.7437,LPath
A126C,0.3708,Amb
A126D,0.1298,LBen
A126E,0.1118,LBen
A126F,0.2294,LBen
A126G,0.1187,LBen
A126H,0.2863,LBen
A126I,0.1735,LBen
A126K,0.2115,LBen
A126L,0.1237,LBen
A126M,0.1335,LBen
A126N,0.1471,LBen
A126P,0.6591,LPath
A126Q,0.189,LBen
A126R,0.1982,LBen
A126S,0.0957,LBen
A126T,0.0726,LBen
A126V,0.0997,LBen
A126W,0.4959,Amb
A126Y,0.2809,LBen
V127A,0.0922,LBen
V127C,0.503,Amb
V127D,0.1376,LBen
V127E,0.1192,LBen
V127F,0.1017,LBen
V127G,0.1627,LBen
V127H,0.2997,LBen
V127I,0.0779,LBen
V127K,0.1645,LBen
V127L,0.1171,LBen
V127M,0.0816,LBen
V127N,0.1511,LBen
V127P,0.8263,LPath
V127Q,0.1629,LBen
V127R,0.1631,LBen
V127S,0.1243,LBen
V127T,0.101,LBen
V127W,0.5718,LPath
V127Y,0.3135,LBen
I128A,0.6601,LPath
I128C,0.9209,LPath
I128D,0.9846,LPath
I128E,0.9567,LPath
I128F,0.3227,LBen
I128G,0.9461,LPath
I128H,0.9611,LPath
I128K,0.911,LPath
I128L,0.1862,LBen
I128M,0.1411,LBen
I128N,0.8873,LPath
I128P,0.9728,LPath
I128Q,0.9344,LPath
I128R,0.8565,LPath
I128S,0.8055,LPath
I128T,0.3784,Amb
I128V,0.1619,LBen
I128W,0.9185,LPath
I128Y,0.8865,LPath
D129A,0.1482,LBen
D129C,0.3874,Amb
D129E,0.1253,LBen
D129F,0.4298,Amb
D129G,0.1233,LBen
D129H,0.1817,LBen
D129I,0.2868,LBen
D129K,0.2165,LBen
D129L,0.2602,LBen
D129M,0.4648,Amb
D129N,0.0875,LBen
D129P,0.9029,LPath
D129Q,0.1971,LBen
D129R,0.2183,LBen
D129S,0.1227,LBen
D129T,0.1973,LBen
D129V,0.1774,LBen
D129W,0.7042,LPath
D129Y,0.1449,LBen
N130A,0.1076,LBen
N130C,0.1432,LBen
N130D,0.0675,LBen
N130E,0.1647,LBen
N130F,0.2884,LBen
N130G,0.1329,LBen
N130H,0.079,LBen
N130I,0.1164,LBen
N130K,0.1387,LBen
N130L,0.1359,LBen
N130M,0.2046,LBen
N130P,0.6021,LPath
N130Q,0.1809,LBen
N130R,0.1522,LBen
N130S,0.0689,LBen
N130T,0.0763,LBen
N130V,0.1232,LBen
N130W,0.5194,Amb
N130Y,0.0977,LBen
F131A,0.1247,LBen
F131C,0.1086,LBen
F131D,0.2138,LBen
F131E,0.2707,LBen
F131G,0.3103,LBen
F131H,0.2091,LBen
F131I,0.0582,LBen
F131K,0.351,Amb
F131L,0.2598,LBen
F131M,0.1608,LBen
F131N,0.1907,LBen
F131P,0.8832,LPath
F131Q,0.285,LBen
F131R,0.2543,LBen
F131S,0.1059,LBen
F131T,0.1088,LBen
F131V,0.06,LBen
F131W,0.2472,LBen
F131Y,0.0946,LBen
V132A,0.219,LBen
V132C,0.5422,Amb
V132D,0.5774,LPath
V132E,0.3975,Amb
V132F,0.2003,LBen
V132G,0.2147,LBen
V132H,0.6144,LPath
V132I,0.0896,LBen
V132K,0.3773,Amb
V132L,0.1649,LBen
V132M,0.1873,LBen
V132N,0.454,Amb
V132P,0.7584,LPath
V132Q,0.3398,LBen
V132R,0.3145,LBen
V132S,0.2743,LBen
V132T,0.2582,LBen
V132W,0.7104,LPath
V132Y,0.5585,Amb
K133A,0.2005,LBen
K133C,0.471,Amb
K133D,0.32,LBen
K133E,0.0859,LBen
K133F,0.5299,Amb
K133G,0.1941,LBen
K133H,0.2506,LBen
K133I,0.2613,LBen
K133L,0.2036,LBen
K133M,0.1495,LBen
K133N,0.2172,LBen
K133P,0.6072,LPath
K133Q,0.0882,LBen
K133R,0.0746,LBen
K133S,0.2315,LBen
K133T,0.1284,LBen
K133V,0.2253,LBen
K133W,0.4974,Amb
K133Y,0.4179,Amb
K134A,0.1826,LBen
K134C,0.4225,Amb
K134D,0.2012,LBen
K134E,0.0856,LBen
K134F,0.4337,Amb
K134G,0.1716,LBen
K134H,0.1755,LBen
K134I,0.1711,LBen
K134L,0.1763,LBen
K134M,0.1268,LBen
K134N,0.1328,LBen
K134P,0.3779,Amb
K134Q,0.0873,LBen
K134R,0.0784,LBen
K134S,0.1823,LBen
K134T,0.0922,LBen
K134V,0.1661,LBen
K134W,0.4755,Amb
K134Y,0.2906,LBen
L135A,0.0914,LBen
L135C,0.2181,LBen
L135D,0.2385,LBen
L135E,0.0997,LBen
L135F,0.1153,LBen
L135G,0.1665,LBen
L135H,0.1054,LBen
L135I,0.0785,LBen
L135K,0.0794,LBen
L135M,0.079,LBen
L135N,0.1461,LBen
L135P,0.1457,LBen
L135Q,0.0528,LBen
L135R,0.0687,LBen
L135S,0.1106,LBen
L135T,0.0871,LBen
L135V,0.0713,LBen
L135W,0.1033,LBen
L135Y,0.163,LBen
E136A,0.1267,LBen
E136C,0.5667,LPath
E136D,0.1516,LBen
E136F,0.5903,LPath
E136G,0.081,LBen
E136H,0.2796,LBen
E136I,0.2969,LBen
E136K,0.0955,LBen
E136L,0.248,LBen
E136M,0.3636,Amb
E136N,0.2338,LBen
E136P,0.3292,LBen
E136Q,0.0885,LBen
E136R,0.1311,LBen
E136S,0.162,LBen
E136T,0.177,LBen
E136V,0.1711,LBen
E136W,0.6097,LPath
E136Y,0.4075,Amb
E137A,0.0935,LBen
E137C,0.4387,Amb
E137D,0.0897,LBen
E137F,0.3812,Amb
E137G,0.0609,LBen
E137H,0.2147,LBen
E137I,0.1804,LBen
E137K,0.0738,LBen
E137L,0.1834,LBen
E137M,0.2351,LBen
E137N,0.126,LBen
E137P,0.2725,LBen
E137Q,0.0909,LBen
E137R,0.1128,LBen
E137S,0.1175,LBen
E137T,0.1236,LBen
E137V,0.1129,LBen
E137W,0.459,Amb
E137Y,0.2402,LBen
N138A,0.1216,LBen
N138C,0.143,LBen
N138D,0.077,LBen
N138E,0.1357,LBen
N138F,0.2715,LBen
N138G,0.134,LBen
N138H,0.0795,LBen
N138I,0.1035,LBen
N138K,0.0903,LBen
N138L,0.1611,LBen
N138M,0.1929,LBen
N138P,0.2036,LBen
N138Q,0.1359,LBen
N138R,0.1078,LBen
N138S,0.0774,LBen
N138T,0.0792,LBen
N138V,0.1117,LBen
N138W,0.3932,Amb
N138Y,0.0841,LBen
Y139A,0.1602,LBen
Y139C,0.066,LBen
Y139D,0.0745,LBen
Y139E,0.1777,LBen
Y139F,0.1083,LBen
Y139G,0.1086,LBen
Y139H,0.0902,LBen
Y139I,0.1894,LBen
Y139K,0.1549,LBen
Y139L,0.2122,LBen
Y139M,0.3145,LBen
Y139N,0.064,LBen
Y139P,0.2316,LBen
Y139Q,0.1463,LBen
Y139R,0.1114,LBen
Y139S,0.0718,LBen
Y139T,0.1336,LBen
Y139V,0.157,LBen
Y139W,0.1962,LBen
N140A,0.0998,LBen
N140C,0.1055,LBen
N140D,0.0694,LBen
N140E,0.1329,LBen
N140F,0.1863,LBen
N140G,0.1182,LBen
N140H,0.0604,LBen
N140I,0.0822,LBen
N140K,0.0898,LBen
N140L,0.1043,LBen
N140M,0.1795,LBen
N140P,0.1508,LBen
N140Q,0.1212,LBen
N140R,0.0905,LBen
N140S,0.064,LBen
N140T,0.0764,LBen
N140V,0.0929,LBen
N140W,0.3257,LBen
N140Y,0.0694,LBen
S141A,0.0677,LBen
S141C,0.0865,LBen
S141D,0.1541,LBen
S141E,0.1859,LBen
S141F,0.1159,LBen
S141G,0.0732,LBen
S141H,0.1435,LBen
S141I,0.0983,LBen
S141K,0.1968,LBen
S141L,0.0751,LBen
S141M,0.1453,LBen
S141N,0.0994,LBen
S141P,0.074,LBen
S141Q,0.2042,LBen
S141R,0.1595,LBen
S141T,0.0694,LBen
S141V,0.1026,LBen
S141W,0.1433,LBen
S141Y,0.0891,LBen
E142A,0.093,LBen
E142C,0.3797,Amb
E142D,0.0817,LBen
E142F,0.282,LBen
E142G,0.0734,LBen
E142H,0.1643,LBen
E142I,0.1468,LBen
E142K,0.0715,LBen
E142L,0.165,LBen
E142M,0.2141,LBen
E142N,0.114,LBen
E142P,0.1785,LBen
E142Q,0.0841,LBen
E142R,0.1005,LBen
E142S,0.0964,LBen
E142T,0.1058,LBen
E142V,0.1073,LBen
E142W,0.4251,Amb
E142Y,0.206,LBen
C143A,0.0951,LBen
C143D,0.0882,LBen
C143E,0.1476,LBen
C143F,0.0719,LBen
C143G,0.0579,LBen
C143H,0.0826,LBen
C143I,0.1235,LBen
C143K,0.1197,LBen
C143L,0.1226,LBen
C143M,0.207,LBen
C143N,0.0859,LBen
C143P,0.1223,LBen
C143Q,0.1086,LBen
C143R,0.0642,LBen
C143S,0.0733,LBen
C143T,0.1013,LBen
C143V,0.1217,LBen
C143W,0.1021,LBen
C143Y,0.059,LBen
G144A,0.0816,LBen
G144C,0.0935,LBen
G144D,0.0807,LBen
G144E,0.0792,LBen
G144F,0.1785,LBen
G144H,0.1094,LBen
G144I,0.0872,LBen
G144K,0.09,LBen
G144L,0.1297,LBen
G144M,0.1665,LBen
G144N,0.1133,LBen
G144P,0.2008,LBen
G144Q,0.0916,LBen
G144R,0.0652,LBen
G144S,0.0757,LBen
G144T,0.0823,LBen
G144V,0.075,LBen
G144W,0.1213,LBen
G144Y,0.1234,LBen
I145A,0.0979,LBen
I145C,0.2527,LBen
I145D,0.1512,LBen
I145E,0.1378,LBen
I145F,0.0687,LBen
I145G,0.1679,LBen
I145H,0.1495,LBen
I145K,0.0866,LBen
I145L,0.0768,LBen
I145M,0.0643,LBen
I145N,0.0774,LBen
I145P,0.1781,LBen
I145Q,0.1292,LBen
I145R,0.0686,LBen
I145S,0.0882,LBen
I145T,0.0683,LBen
I145V,0.0649,LBen
I145W,0.2598,LBen
I145Y,0.1628,LBen
D146A,0.0907,LBen
D146C,0.211,LBen
D146E,0.1089,LBen
D146F,0.2275,LBen
D146G,0.0717,LBen
D146H,0.1078,LBen
D146I,0.1419,LBen
D146K,0.1256,LBen
D146L,0.153,LBen
D146M,0.3026,LBen
D146N,0.075,LBen
D146P,0.2088,LBen
D146Q,0.1382,LBen
D146R,0.1218,LBen
D146S,0.0778,LBen
D146T,0.1156,LBen
D146V,0.0975,LBen
D146W,0.4847,Amb
D146Y,0.0881,LBen
T147A,0.063,LBen
T147C,0.222,LBen
T147D,0.1337,LBen
T147E,0.123,LBen
T147F,0.1205,LBen
T147G,0.1205,LBen
T147H,0.1208,LBen
T147I,0.0815,LBen
T147K,0.0826,LBen
T147L,0.0751,LBen
T147M,0.0782,LBen
T147N,0.0774,LBen
T147P,0.0735,LBen
T147Q,0.1308,LBen
T147R,0.0711,LBen
T147S,0.0865,LBen
T147V,0.08,LBen
T147W,0.2613,LBen
T147Y,0.1223,LBen
A148C,0.2319,LBen
A148D,0.1057,LBen
A148E,0.1247,LBen
A148F,0.1666,LBen
A148G,0.0924,LBen
A148H,0.2053,LBen
A148I,0.12,LBen
A148K,0.1664,LBen
A148L,0.1107,LBen
A148M,0.1492,LBen
A148N,0.1294,LBen
A148P,0.0907,LBen
A148Q,0.1707,LBen
A148R,0.1468,LBen
A148S,0.0757,LBen
A148T,0.0684,LBen
A148V,0.0844,LBen
A148W,0.35,Amb
A148Y,0.1876,LBen
F149A,0.1541,LBen
F149C,0.1287,LBen
F149D,0.2125,LBen
F149E,0.3096,LBen
F149G,0.2482,LBen
F149H,0.2588,LBen
F149I,0.075,LBen
F149K,0.2689,LBen
F149L,0.3701,Amb
F149M,0.2176,LBen
F149N,0.1898,LBen
F149P,0.3048,LBen
F149Q,0.2836,LBen
F149R,0.2294,LBen
F149S,0.0949,LBen
F149T,0.1475,LBen
F149V,0.0851,LBen
F149W,0.2112,LBen
F149Y,0.1069,LBen
Q150A,0.1519,LBen
Q150C,0.2957,LBen
Q150D,0.2035,LBen
Q150E,0.082,LBen
Q150F,0.3233,LBen
Q150G,0.1571,LBen
Q150H,0.1158,LBen
Q150I,0.1836,LBen
Q150K,0.0802,LBen
Q150L,0.0861,LBen
Q150M,0.2428,LBen
Q150N,0.1864,LBen
Q150P,0.0785,LBen
Q150R,0.0765,LBen
Q150S,0.1368,LBen
Q150T,0.1347,LBen
Q150V,0.1475,LBen
Q150W,0.2271,LBen
Q150Y,0.1937,LBen
P151A,0.0721,LBen
P151C,0.2166,LBen
P151D,0.1636,LBen
P151E,0.1328,LBen
P151F,0.1968,LBen
P151G,0.1464,LBen
P151H,0.098,LBen
P151I,0.1522,LBen
P151K,0.1169,LBen
P151L,0.0813,LBen
P151M,0.1782,LBen
P151N,0.1478,LBen
P151Q,0.0913,LBen
P151R,0.0898,LBen
P151S,0.0822,LBen
P151T,0.0735,LBen
P151V,0.117,LBen
P151W,0.265,LBen
P151Y,0.167,LBen
S152A,0.0666,LBen
S152C,0.0881,LBen
S152D,0.1793,LBen
S152E,0.2135,LBen
S152F,0.0966,LBen
S152G,0.0861,LBen
S152H,0.1788,LBen
S152I,0.0954,LBen
S152K,0.2716,LBen
S152L,0.0708,LBen
S152M,0.1506,LBen
S152N,0.1156,LBen
S152P,0.0779,LBen
S152Q,0.2531,LBen
S152R,0.2129,LBen
S152T,0.0714,LBen
S152V,0.1008,LBen
S152W,0.1487,LBen
S152Y,0.097,LBen
V153A,0.0663,LBen
V153C,0.2998,LBen
V153D,0.085,LBen
V153E,0.0997,LBen
V153F,0.0733,LBen
V153G,0.0713,LBen
V153H,0.1679,LBen
V153I,0.076,LBen
V153K,0.1007,LBen
V153L,0.0954,LBen
V153M,0.0955,LBen
V153N,0.0979,LBen
V153P,0.1252,LBen
V153Q,0.1195,LBen
V153R,0.0837,LBen
V153S,0.0794,LBen
V153T,0.0823,LBen
V153W,0.2811,LBen
V153Y,0.1889,LBen
G154A,0.0968,LBen
G154C,0.1212,LBen
G154D,0.0997,LBen
G154E,0.0876,LBen
G154F,0.2366,LBen
G154H,0.1661,LBen
G154I,0.1309,LBen
G154K,0.1266,LBen
G154L,0.1646,LBen
G154M,0.2222,LBen
G154N,0.1553,LBen
G154P,0.2793,LBen
G154Q,0.1217,LBen
G154R,0.0985,LBen
G154S,0.0927,LBen
G154T,0.1085,LBen
G154V,0.0959,LBen
G154W,0.1462,LBen
G154Y,0.1686,LBen
K155A,0.1415,LBen
K155C,0.3529,Amb
K155D,0.1735,LBen
K155E,0.0781,LBen
K155F,0.3308,LBen
K155G,0.1377,LBen
K155H,0.1734,LBen
K155I,0.1361,LBen
K155L,0.15,LBen
K155M,0.1139,LBen
K155N,0.1291,LBen
K155P,0.2886,LBen
K155Q,0.0942,LBen
K155R,0.0669,LBen
K155S,0.1485,LBen
K155T,0.0884,LBen
K155V,0.1409,LBen
K155W,0.3465,Amb
K155Y,0.2615,LBen
D156A,0.0756,LBen
D156C,0.1702,LBen
D156E,0.0955,LBen
D156F,0.1849,LBen
D156G,0.059,LBen
D156H,0.0995,LBen
D156I,0.1229,LBen
D156K,0.1079,LBen
D156L,0.1286,LBen
D156M,0.2514,LBen
D156N,0.0744,LBen
D156P,0.2091,LBen
D156Q,0.1225,LBen
D156R,0.1049,LBen
D156S,0.0784,LBen
D156T,0.0998,LBen
D156V,0.0833,LBen
D156W,0.3635,Amb
D156Y,0.0703,LBen
G157A,0.0754,LBen
G157C,0.093,LBen
G157D,0.0786,LBen
G157E,0.0807,LBen
G157F,0.1489,LBen
G157H,0.116,LBen
G157I,0.0758,LBen
G157K,0.0985,LBen
G157L,0.1164,LBen
G157M,0.1363,LBen
G157N,0.1093,LBen
G157P,0.2307,LBen
G157Q,0.101,LBen
G157R,0.0754,LBen
G157S,0.0722,LBen
G157T,0.0717,LBen
G157V,0.0679,LBen
G157W,0.1159,LBen
G157Y,0.113,LBen
S158A,0.0789,LBen
S158C,0.0664,LBen
S158D,0.1024,LBen
S158E,0.1461,LBen
S158F,0.1029,LBen
S158G,0.0619,LBen
S158H,0.102,LBen
S158I,0.0729,LBen
S158K,0.1269,LBen
S158L,0.0806,LBen
S158M,0.1287,LBen
S158N,0.0625,LBen
S158P,0.1036,LBen
S158Q,0.139,LBen
S158R,0.0925,LBen
S158T,0.0716,LBen
S158V,0.0989,LBen
S158W,0.1298,LBen
S158Y,0.0812,LBen
T159A,0.066,LBen
T159C,0.2263,LBen
T159D,0.153,LBen
T159E,0.1274,LBen
T159F,0.136,LBen
T159G,0.1218,LBen
T159H,0.1312,LBen
T159I,0.093,LBen
T159K,0.0794,LBen
T159L,0.082,LBen
T159M,0.0901,LBen
T159N,0.0907,LBen
T159P,0.0801,LBen
T159Q,0.1187,LBen
T159R,0.0682,LBen
T159S,0.0839,LBen
T159V,0.0928,LBen
T159W,0.2423,LBen
T159Y,0.1457,LBen
D160A,0.08,LBen
D160C,0.1813,LBen
D160E,0.0965,LBen
D160F,0.2207,LBen
D160G,0.0612,LBen
D160H,0.1029,LBen
D160I,0.1375,LBen
D160K,0.1076,LBen
D160L,0.1431,LBen
D160M,0.2772,LBen
D160N,0.0708,LBen
D160P,0.2216,LBen
D160Q,0.1197,LBen
D160R,0.1018,LBen
D160S,0.072,LBen
D160T,0.1051,LBen
D160V,0.0921,LBen
D160W,0.4159,Amb
D160Y,0.0857,LBen
N161A,0.0947,LBen
N161C,0.1055,LBen
N161D,0.0612,LBen
N161E,0.1179,LBen
N161F,0.2165,LBen
N161G,0.1056,LBen
N161H,0.0711,LBen
N161I,0.0874,LBen
N161K,0.0898,LBen
N161L,0.106,LBen
N161M,0.1644,LBen
N161P,0.1743,LBen
N161Q,0.121,LBen
N161R,0.0894,LBen
N161S,0.0605,LBen
N161T,0.0719,LBen
N161V,0.0917,LBen
N161W,0.3028,LBen
N161Y,0.0743,LBen
N162A,0.0877,LBen
N162C,0.1154,LBen
N162D,0.0635,LBen
N162E,0.1284,LBen
N162F,0.2106,LBen
N162G,0.1126,LBen
N162H,0.0688,LBen
N162I,0.0876,LBen
N162K,0.0975,LBen
N162L,0.0984,LBen
N162M,0.161,LBen
N162P,0.1551,LBen
N162Q,0.1377,LBen
N162R,0.0986,LBen
N162S,0.0611,LBen
N162T,0.0649,LBen
N162V,0.09,LBen
N162W,0.3562,Amb
N162Y,0.079,LBen
V163A,0.0731,LBen
V163C,0.3102,LBen
V163D,0.0799,LBen
V163E,0.1068,LBen
V163F,0.0793,LBen
V163G,0.0771,LBen
V163H,0.1737,LBen
V163I,0.0728,LBen
V163K,0.1158,LBen
V163L,0.0952,LBen
V163M,0.0947,LBen
V163N,0.0918,LBen
V163P,0.1465,LBen
V163Q,0.1359,LBen
V163R,0.0979,LBen
V163S,0.0858,LBen
V163T,0.0839,LBen
V163W,0.3098,LBen
V163Y,0.1923,LBen
V164A,0.0727,LBen
V164C,0.3589,Amb
V164D,0.0946,LBen
V164E,0.107,LBen
V164F,0.081,LBen
V164G,0.0836,LBen
V164H,0.191,LBen
V164I,0.0775,LBen
V164K,0.1166,LBen
V164L,0.0954,LBen
V164M,0.0989,LBen
V164N,0.1112,LBen
V164P,0.1247,LBen
V164Q,0.1311,LBen
V164R,0.0998,LBen
V164S,0.0886,LBen
V164T,0.0928,LBen
V164W,0.3408,Amb
V164Y,0.2261,LBen
A165C,0.2489,LBen
A165D,0.105,LBen
A165E,0.1092,LBen
A165F,0.1607,LBen
A165G,0.0901,LBen
A165H,0.1881,LBen
A165I,0.1197,LBen
A165K,0.1419,LBen
A165L,0.0931,LBen
A165M,0.1343,LBen
A165N,0.126,LBen
A165P,0.0755,LBen
A165Q,0.151,LBen
A165R,0.1255,LBen
A165S,0.0778,LBen
A165T,0.0672,LBen
A165V,0.0811,LBen
A165W,0.2962,LBen
A165Y,0.2022,LBen
G166A,0.0753,LBen
G166C,0.125,LBen
G166D,0.0804,LBen
G166E,0.0627,LBen
G166F,0.251,LBen
G166H,0.1525,LBen
G166I,0.1152,LBen
G166K,0.0874,LBen
G166L,0.1566,LBen
G166M,0.1882,LBen
G166N,0.131,LBen
G166P,0.2227,LBen
G166Q,0.1013,LBen
G166R,0.08,LBen
G166S,0.0843,LBen
G166T,0.0804,LBen
G166V,0.0813,LBen
G166W,0.1441,LBen
G166Y,0.1695,LBen
D167A,0.0909,LBen
D167C,0.2231,LBen
D167E,0.0958,LBen
D167F,0.2201,LBen
D167G,0.0752,LBen
D167H,0.1095,LBen
D167I,0.1349,LBen
D167K,0.1157,LBen
D167L,0.1481,LBen
D167M,0.2878,LBen
D167N,0.0708,LBen
D167P,0.2029,LBen
D167Q,0.1265,LBen
D167R,0.1195,LBen
D167S,0.0783,LBen
D167T,0.1164,LBen
D167V,0.0901,LBen
D167W,0.4627,Amb
D167Y,0.0879,LBen
R168A,0.1497,LBen
R168C,0.1047,LBen
R168D,0.2288,LBen
R168E,0.1344,LBen
R168F,0.2265,LBen
R168G,0.0906,LBen
R168H,0.0811,LBen
R168I,0.1089,LBen
R168K,0.0754,LBen
R168L,0.1017,LBen
R168M,0.1423,LBen
R168N,0.2206,LBen
R168P,0.156,LBen
R168Q,0.0703,LBen
R168S,0.1666,LBen
R168T,0.1067,LBen
R168V,0.1445,LBen
R168W,0.1045,LBen
R168Y,0.1672,LBen
P169A,0.0842,LBen
P169C,0.2535,LBen
P169D,0.211,LBen
P169E,0.1427,LBen
P169F,0.2442,LBen
P169G,0.183,LBen
P169H,0.1106,LBen
P169I,0.1644,LBen
P169K,0.1201,LBen
P169L,0.0908,LBen
P169M,0.2046,LBen
P169N,0.1794,LBen
P169Q,0.0939,LBen
P169R,0.0953,LBen
P169S,0.1005,LBen
P169T,0.0868,LBen
P169V,0.1276,LBen
P169W,0.3325,LBen
P169Y,0.2114,LBen
L170A,0.1016,LBen
L170C,0.241,LBen
L170D,0.2576,LBen
L170E,0.1458,LBen
L170F,0.0835,LBen
L170G,0.2074,LBen
L170H,0.117,LBen
L170I,0.0709,LBen
L170K,0.1087,LBen
L170M,0.0921,LBen
L170N,0.175,LBen
L170P,0.0788,LBen
L170Q,0.084,LBen
L170R,0.0874,LBen
L170S,0.1026,LBen
L170T,0.1075,LBen
L170V,0.0639,LBen
L170W,0.1205,LBen
L170Y,0.1804,LBen
I171A,0.4309,Amb
I171C,0.7865,LPath
I171D,0.8414,LPath
I171E,0.7202,LPath
I171F,0.1941,LBen
I171G,0.7746,LPath
I171H,0.6938,LPath
I171K,0.5416,Amb
I171L,0.1182,LBen
I171M,0.1404,LBen
I171N,0.5984,LPath
I171P,0.5236,Amb
I171Q,0.623,LPath
I171R,0.4015,Amb
I171S,0.5578,Amb
I171T,0.2939,LBen
I171V,0.1192,LBen
I171W,0.6644,LPath
I171Y,0.5894,LPath
D172A,0.2348,LBen
D172C,0.5053,Amb
D172E,0.3692,Amb
D172F,0.6951,LPath
D172G,0.371,Amb
D172H,0.2634,LBen
D172I,0.4709,Amb
D172K,0.4408,Amb
D172L,0.4925,Amb
D172M,0.7653,LPath
D172N,0.0822,LBen
D172P,0.6052,LPath
D172Q,0.3965,Amb
D172R,0.3554,Amb
D172S,0.1593,LBen
D172T,0.4732,Amb
D172V,0.2822,LBen
D172W,0.8699,LPath
D172Y,0.1988,LBen
W173A,0.9222,LPath
W173C,0.9598,LPath
W173D,0.9787,LPath
W173E,0.9733,LPath
W173F,0.627,LPath
W173G,0.8159,LPath
W173H,0.9652,LPath
W173I,0.9059,LPath
W173K,0.9764,LPath
W173L,0.7865,LPath
W173M,0.9161,LPath
W173N,0.9819,LPath
W173P,0.9712,LPath
W173Q,0.9813,LPath
W173R,0.955,LPath
W173S,0.9014,LPath
W173T,0.9222,LPath
W173V,0.8895,LPath
W173Y,0.8253,LPath
D174A,0.1513,LBen
D174C,0.4691,Amb
D174E,0.1466,LBen
D174F,0.4642,Amb
D174G,0.1121,LBen
D174H,0.1951,LBen
D174I,0.313,LBen
D174K,0.2196,LBen
D174L,0.2942,LBen
D174M,0.526,Amb
D174N,0.0972,LBen
D174P,0.59,LPath
D174Q,0.2183,LBen
D174R,0.241,LBen
D174S,0.1335,LBen
D174T,0.2269,LBen
D174V,0.179,LBen
D174W,0.7432,LPath
D174Y,0.1481,LBen
Q175A,0.1157,LBen
Q175C,0.3865,Amb
Q175D,0.1922,LBen
Q175E,0.0684,LBen
Q175F,0.4267,Amb
Q175G,0.1433,LBen
Q175H,0.1243,LBen
Q175I,0.2123,LBen
Q175K,0.0568,LBen
Q175L,0.095,LBen
Q175M,0.2166,LBen
Q175N,0.1661,LBen
Q175P,0.3439,Amb
Q175R,0.0663,LBen
Q175S,0.1658,LBen
Q175T,0.121,LBen
Q175V,0.1546,LBen
Q175W,0.2969,LBen
Q175Y,0.2584,LBen
I176A,0.552,Amb
I176C,0.6529,LPath
I176D,0.8737,LPath
I176E,0.7195,LPath
I176F,0.1898,LBen
I176G,0.8065,LPath
I176H,0.6484,LPath
I176K,0.5168,Amb
I176L,0.0999,LBen
I176M,0.1078,LBen
I176N,0.5101,Amb
I176P,0.9105,LPath
I176Q,0.5788,LPath
I176R,0.4184,Amb
I176S,0.6019,LPath
I176T,0.6483,LPath
I176V,0.1163,LBen
I176W,0.6434,LPath
I176Y,0.4723,Amb
R177A,0.4731,Amb
R177C,0.2392,LBen
R177D,0.7986,LPath
R177E,0.3637,Amb
R177F,0.6239,LPath
R177G,0.3567,Amb
R177H,0.1634,LBen
R177I,0.2925,LBen
R177K,0.1271,LBen
R177L,0.3118,LBen
R177M,0.3078,LBen
R177N,0.7343,LPath
R177P,0.8755,LPath
R177Q,0.1164,LBen
R177S,0.6295,LPath
R177T,0.3418,Amb
R177V,0.4184,Amb
R177W,0.1569,LBen
R177Y,0.4719,Amb
E178A,0.0941,LBen
E178C,0.6548,LPath
E178D,0.1644,LBen
E178F,0.6029,LPath
E178G,0.1053,LBen
E178H,0.3216,LBen
E178I,0.2702,LBen
E178K,0.0815,LBen
E178L,0.2162,LBen
E178M,0.2684,LBen
E178N,0.2166,LBen
E178P,0.8138,LPath
E178Q,0.0951,LBen
E178R,0.1239,LBen
E178S,0.1623,LBen
E178T,0.1697,LBen
E178V,0.1624,LBen
E178W,0.6888,LPath
E178Y,0.4425,Amb
E179A,0.0877,LBen
E179C,0.6181,LPath
E179D,0.0953,LBen
E179F,0.5192,Amb
E179G,0.1132,LBen
E179H,0.2621,LBen
E179I,0.264,LBen
E179K,0.0898,LBen
E179L,0.2456,LBen
E179M,0.3012,LBen
E179N,0.1409,LBen
E179P,0.765,LPath
E179Q,0.1016,LBen
E179R,0.1349,LBen
E179S,0.1368,LBen
E179T,0.1589,LBen
E179V,0.161,LBen
E179W,0.6429,LPath
E179Y,0.3382,LBen
G180A,0.0732,LBen
G180C,0.1361,LBen
G180D,0.2024,LBen
G180E,0.1419,LBen
G180F,0.3188,LBen
G180H,0.2544,LBen
G180I,0.1571,LBen
G180K,0.2572,LBen
G180L,0.2521,LBen
G180M,0.251,LBen
G180N,0.203,LBen
G180P,0.8559,LPath
G180Q,0.2112,LBen
G180R,0.2171,LBen
G180S,0.0923,LBen
G180T,0.115,LBen
G180V,0.1068,LBen
G180W,0.2509,LBen
G180Y,0.1902,LBen
L181A,0.0922,LBen
L181C,0.2211,LBen
L181D,0.2145,LBen
L181E,0.0995,LBen
L181F,0.088,LBen
L181G,0.1925,LBen
L181H,0.1086,LBen
L181I,0.0734,LBen
L181K,0.0806,LBen
L181M,0.0788,LBen
L181N,0.1445,LBen
L181P,0.2567,LBen
L181Q,0.0671,LBen
L181R,0.0714,LBen
L181S,0.1001,LBen
L181T,0.1058,LBen
L181V,0.0716,LBen
L181W,0.0992,LBen
L181Y,0.1625,LBen
K182A,0.1674,LBen
K182C,0.4107,Amb
K182D,0.2933,LBen
K182E,0.0869,LBen
K182F,0.4356,Amb
K182G,0.2745,LBen
K182H,0.1849,LBen
K182I,0.1529,LBen
K182L,0.1384,LBen
K182M,0.1241,LBen
K182N,0.1923,LBen
K182P,0.6616,LPath
K182Q,0.0802,LBen
K182R,0.0685,LBen
K182S,0.2215,LBen
K182T,0.123,LBen
K182V,0.1703,LBen
K182W,0.4658,Amb
K182Y,0.3513,Amb
W183A,0.4556,Amb
W183C,0.6518,LPath
W183D,0.7047,LPath
W183E,0.6293,LPath
W183F,0.2338,LBen
W183G,0.3402,Amb
W183H,0.5319,Amb
W183I,0.4389,Amb
W183K,0.6305,LPath
W183L,0.2674,LBen
W183M,0.4799,Amb
W183N,0.664,LPath
W183P,0.9503,LPath
W183Q,0.5876,LPath
W183R,0.55,Amb
W183S,0.4095,Amb
W183T,0.5107,Amb
W183V,0.4519,Amb
W183Y,0.2717,LBen
Q184A,0.1604,LBen
Q184C,0.4949,Amb
Q184D,0.299,LBen
Q184E,0.0621,LBen
Q184F,0.5981,LPath
Q184G,0.169,LBen
Q184H,0.2303,LBen
Q184I,0.3097,LBen
Q184K,0.0761,LBen
Q184L,0.1235,LBen
Q184M,0.2614,LBen
Q184N,0.2413,LBen
Q184P,0.3768,Amb
Q184R,0.0889,LBen
Q184S,0.215,LBen
Q184T,0.1878,LBen
Q184V,0.2018,LBen
Q184W,0.3634,Amb
Q184Y,0.3896,Amb
K185A,0.1521,LBen
K185C,0.4395,Amb
K185D,0.2376,LBen
K185E,0.0672,LBen
K185F,0.5253,Amb
K185G,0.221,LBen
K185H,0.2028,LBen
K185I,0.2001,LBen
K185L,0.166,LBen
K185M,0.1117,LBen
K185N,0.1581,LBen
K185P,0.6871,LPath
K185Q,0.0742,LBen
K185R,0.0745,LBen
K185S,0.1955,LBen
K185T,0.1084,LBen
K185V,0.1831,LBen
K185W,0.5257,Amb
K185Y,0.3643,Amb
T186A,0.0642,LBen
T186C,0.2212,LBen
T186D,0.1661,LBen
T186E,0.0731,LBen
T186F,0.1782,LBen
T186G,0.1381,LBen
T186H,0.1225,LBen
T186I,0.101,LBen
T186K,0.0543,LBen
T186L,0.068,LBen
T186M,0.0596,LBen
T186N,0.0709,LBen
T186P,0.2954,LBen
T186Q,0.0621,LBen
T186R,0.0499,LBen
T186S,0.0874,LBen
T186V,0.0936,LBen
T186W,0.2474,LBen
T186Y,0.1512,LBen
K187A,0.5114,Amb
K187C,0.7023,LPath
K187D,0.9048,LPath
K187E,0.3394,LBen
K187F,0.8506,LPath
K187G,0.7511,LPath
K187H,0.5186,Amb
K187I,0.3553,Amb
K187L,0.3781,Amb
K187M,0.2849,LBen
K187N,0.7641,LPath
K187P,0.941,LPath
K187Q,0.1947,LBen
K187R,0.0836,LBen
K187S,0.706,LPath
K187T,0.3888,Amb
K187V,0.3454,Amb
K187W,0.8499,LPath
K187Y,0.7174,LPath
W188A,0.8093,LPath
W188C,0.8785,LPath
W188D,0.9203,LPath
W188E,0.9116,LPath
W188F,0.3312,LBen
W188G,0.5941,LPath
W188H,0.8797,LPath
W188I,0.8048,LPath
W188K,0.9479,LPath
W188L,0.5168,Amb
W188M,0.7548,LPath
W188N,0.8995,LPath
W188P,0.9823,LPath
W188Q,0.9399,LPath
W188R,0.9269,LPath
W188S,0.7826,LPath
W188T,0.8004,LPath
W188V,0.762,LPath
W188Y,0.5506,Amb
A189C,0.3665,Amb
A189D,0.1418,LBen
A189E,0.1106,LBen
A189F,0.3165,LBen
A189G,0.1135,LBen
A189H,0.3113,LBen
A189I,0.1984,LBen
A189K,0.1661,LBen
A189L,0.1469,LBen
A189M,0.1699,LBen
A189N,0.1839,LBen
A189P,0.5334,Amb
A189Q,0.179,LBen
A189R,0.1661,LBen
A189S,0.0964,LBen
A189T,0.0955,LBen
A189V,0.1094,LBen
A189W,0.536,Amb
A189Y,0.3406,Amb
D190A,0.0869,LBen
D190C,0.2377,LBen
D190E,0.1347,LBen
D190F,0.292,LBen
D190G,0.0656,LBen
D190H,0.1255,LBen
D190I,0.184,LBen
D190K,0.1567,LBen
D190L,0.1854,LBen
D190M,0.3568,Amb
D190N,0.0743,LBen
D190P,0.343,Amb
D190Q,0.1891,LBen
D190R,0.1668,LBen
D190S,0.0755,LBen
D190T,0.13,LBen
D190V,0.1163,LBen
D190W,0.6097,LPath
D190Y,0.1125,LBen
L191A,0.3466,Amb
L191C,0.372,Amb
L191D,0.7917,LPath
L191E,0.5067,Amb
L191F,0.1344,LBen
L191G,0.6303,LPath
L191H,0.2815,LBen
L191I,0.1242,LBen
L191K,0.3876,Amb
L191M,0.1466,LBen
L191N,0.5208,Amb
L191P,0.7584,LPath
L191Q,0.2673,LBen
L191R,0.2768,LBen
L191S,0.3495,Amb
L191T,0.3325,LBen
L191V,0.136,LBen
L191W,0.3023,LBen
L191Y,0.2946,LBen
P192A,0.0888,LBen
P192C,0.2937,LBen
P192D,0.3285,LBen
P192E,0.1911,LBen
P192F,0.2959,LBen
P192G,0.2729,LBen
P192H,0.1572,LBen
P192I,0.1815,LBen
P192K,0.1896,LBen
P192L,0.0889,LBen
P192M,0.2232,LBen
P192N,0.279,LBen
P192Q,0.1291,LBen
P192R,0.1473,LBen
P192S,0.1123,LBen
P192T,0.1029,LBen
P192V,0.1417,LBen
P192W,0.4355,Amb
P192Y,0.2737,LBen
P193A,0.0692,LBen
P193C,0.211,LBen
P193D,0.1852,LBen
P193E,0.1286,LBen
P193F,0.2451,LBen
P193G,0.206,LBen
P193H,0.1129,LBen
P193I,0.1487,LBen
P193K,0.124,LBen
P193L,0.0851,LBen
P193M,0.1782,LBen
P193N,0.1783,LBen
P193Q,0.0992,LBen
P193R,0.1025,LBen
P193S,0.0961,LBen
P193T,0.0832,LBen
P193V,0.1107,LBen
P193W,0.342,Amb
P193Y,0.2161,LBen
I194A,0.475,Amb
I194C,0.6257,LPath
I194D,0.8624,LPath
I194E,0.7063,LPath
I194F,0.1893,LBen
I194G,0.7406,LPath
I194H,0.7365,LPath
I194K,0.5954,LPath
I194L,0.0763,LBen
I194M,0.1009,LBen
I194N,0.5351,Amb
I194P,0.6324,LPath
I194Q,0.6023,LPath
I194R,0.4765,Amb
I194S,0.5174,Amb
I194T,0.4657,Amb
I194V,0.071,LBen
I194W,0.7733,LPath
I194Y,0.5949,LPath
K195A,0.2248,LBen
K195C,0.3866,Amb
K195D,0.3549,Amb
K195E,0.0706,LBen
K195F,0.4986,Amb
K195G,0.3093,LBen
K195H,0.2115,LBen
K195I,0.1504,LBen
K195L,0.177,LBen
K195M,0.1263,LBen
K195N,0.2408,LBen
K195P,0.5731,LPath
K195Q,0.0804,LBen
K195R,0.0753,LBen
K195S,0.2361,LBen
K195T,0.1052,LBen
K195V,0.1448,LBen
K195W,0.5752,LPath
K195Y,0.4003,Amb
K196A,0.7975,LPath
K196C,0.8542,LPath
K196D,0.8538,LPath
K196E,0.471,Amb
K196F,0.9307,LPath
K196G,0.721,LPath
K196H,0.6482,LPath
K196I,0.7479,LPath
K196L,0.6702,LPath
K196M,0.5085,Amb
K196N,0.6999,LPath
K196P,0.8303,LPath
K196Q,0.3596,Amb
K196R,0.1177,LBen
K196S,0.8067,LPath
K196T,0.5798,LPath
K196V,0.7247,LPath
K196W,0.8996,LPath
K196Y,0.7953,LPath
N197A,0.215,LBen
N197C,0.1598,LBen
N197D,0.0765,LBen
N197E,0.2312,LBen
N197F,0.378,Amb
N197G,0.3172,LBen
N197H,0.109,LBen
N197I,0.1275,LBen
N197K,0.2013,LBen
N197L,0.2131,LBen
N197M,0.2563,LBen
N197P,0.6458,LPath
N197Q,0.2447,LBen
N197R,0.2383,LBen
N197S,0.1031,LBen
N197T,0.1292,LBen
N197V,0.1294,LBen
N197W,0.6034,LPath
N197Y,0.0968,LBen
F198A,0.572,LPath
F198C,0.2784,LBen
F198D,0.8064,LPath
F198E,0.8715,LPath
F198G,0.7444,LPath
F198H,0.6142,LPath
F198I,0.149,LBen
F198K,0.8463,LPath
F198L,0.6656,LPath
F198M,0.5023,Amb
F198N,0.6418,LPath
F198P,0.871,LPath
F198Q,0.817,LPath
F198R,0.7239,LPath
F198S,0.488,Amb
F198T,0.5258,Amb
F198V,0.1752,LBen
F198W,0.5226,Amb
F198Y,0.187,LBen
Y199A,0.8337,LPath
Y199C,0.215,LBen
Y199D,0.6858,LPath
Y199E,0.8792,LPath
Y199F,0.1551,LBen
Y199G,0.6295,LPath
Y199H,0.3956,Amb
Y199I,0.7683,LPath
Y199K,0.8477,LPath
Y199L,0.5685,LPath
Y199M,0.8377,LPath
Y199N,0.5335,Amb
Y199P,0.8478,LPath
Y199Q,0.7678,LPath
Y199R,0.6333,LPath
Y199S,0.5012,Amb
Y199T,0.8124,LPath
Y199V,0.6826,LPath
Y199W,0.3886,Amb
K200A,0.1452,LBen
K200C,0.2661,LBen
K200D,0.238,LBen
K200E,0.0685,LBen
K200F,0.3119,LBen
K200G,0.2232,LBen
K200H,0.1478,LBen
K200I,0.0838,LBen
K200L,0.1235,LBen
K200M,0.0857,LBen
K200N,0.1485,LBen
K200P,0.5805,LPath
K200Q,0.0769,LBen
K200R,0.0663,LBen
K200S,0.154,LBen
K200T,0.0755,LBen
K200V,0.0837,LBen
K200W,0.3765,Amb
K200Y,0.2626,LBen
E201A,0.1365,LBen
E201C,0.779,LPath
E201D,0.4499,Amb
E201F,0.8241,LPath
E201G,0.1978,LBen
E201H,0.6674,LPath
E201I,0.3373,LBen
E201K,0.1664,LBen
E201L,0.4311,Amb
E201M,0.4551,Amb
E201N,0.5285,Amb
E201P,0.2695,LBen
E201Q,0.1378,LBen
E201R,0.2876,LBen
E201S,0.3349,LBen
E201T,0.3138,LBen
E201V,0.1963,LBen
E201W,0.9439,LPath
E201Y,0.7309,LPath
S202A,0.1135,LBen
S202C,0.1207,LBen
S202D,0.4128,Amb
S202E,0.6313,LPath
S202F,0.379,Amb
S202G,0.1204,LBen
S202H,0.4218,Amb
S202I,0.4181,Amb
S202K,0.7586,LPath
S202L,0.1794,LBen
S202M,0.3369,LBen
S202N,0.1943,LBen
S202P,0.4537,Amb
S202Q,0.633,LPath
S202R,0.707,LPath
S202T,0.1399,LBen
S202V,0.361,Amb
S202W,0.4466,Amb
S202Y,0.2849,LBen
T203A,0.0526,LBen
T203C,0.2018,LBen
T203D,0.1222,LBen
T203E,0.0844,LBen
T203F,0.1122,LBen
T203G,0.1118,LBen
T203H,0.1133,LBen
T203I,0.0706,LBen
T203K,0.0646,LBen
T203L,0.0576,LBen
T203M,0.0636,LBen
T203N,0.081,LBen
T203P,0.0569,LBen
T203Q,0.091,LBen
T203R,0.066,LBen
T203S,0.0757,LBen
T203V,0.0644,LBen
T203W,0.2449,LBen
T203Y,0.1278,LBen
A204C,0.2732,LBen
A204D,0.1254,LBen
A204E,0.1146,LBen
A204F,0.1786,LBen
A204G,0.1129,LBen
A204H,0.2131,LBen
A204I,0.1205,LBen
A204K,0.1281,LBen
A204L,0.1097,LBen
A204M,0.1352,LBen
A204N,0.1344,LBen
A204P,0.1652,LBen
A204Q,0.1515,LBen
A204R,0.1231,LBen
A204S,0.0795,LBen
A204T,0.0677,LBen
A204V,0.0851,LBen
A204W,0.4153,Amb
A204Y,0.2285,LBen
T205A,0.0969,LBen
T205C,0.395,Amb
T205D,0.7044,LPath
T205E,0.5786,LPath
T205F,0.409,Amb
T205G,0.3306,LBen
T205H,0.4346,Amb
T205I,0.1683,LBen
T205K,0.3202,LBen
T205L,0.1439,LBen
T205M,0.1398,LBen
T205N,0.2394,LBen
T205P,0.3069,LBen
T205Q,0.3997,Amb
T205R,0.2314,LBen
T205S,0.1656,LBen
T205V,0.1305,LBen
T205W,0.7743,LPath
T205Y,0.5003,Amb
S206A,0.0558,LBen
S206C,0.0755,LBen
S206D,0.2269,LBen
S206E,0.2145,LBen
S206F,0.1362,LBen
S206G,0.067,LBen
S206H,0.1676,LBen
S206I,0.1078,LBen
S206K,0.171,LBen
S206L,0.0741,LBen
S206M,0.135,LBen
S206N,0.1041,LBen
S206P,0.4713,Amb
S206Q,0.1959,LBen
S206R,0.1307,LBen
S206T,0.0711,LBen
S206V,0.1194,LBen
S206W,0.2166,LBen
S206Y,0.1278,LBen
A207C,0.1931,LBen
A207D,0.1068,LBen
A207E,0.0972,LBen
A207F,0.1442,LBen
A207G,0.086,LBen
A207H,0.1793,LBen
A207I,0.1282,LBen
A207K,0.123,LBen
A207L,0.0894,LBen
A207M,0.127,LBen
A207N,0.1079,LBen
A207P,0.3334,LBen
A207Q,0.1335,LBen
A207R,0.1121,LBen
A207S,0.0685,LBen
A207T,0.0667,LBen
A207V,0.0851,LBen
A207W,0.3364,LBen
A207Y,0.18,LBen
M208A,0.4601,Amb
M208C,0.6371,LPath
M208D,0.883,LPath
M208E,0.64,LPath
M208F,0.2783,LBen
M208G,0.6986,LPath
M208H,0.5168,Amb
M208I,0.2976,LBen
M208K,0.1591,LBen
M208L,0.0949,LBen
M208N,0.6669,LPath
M208P,0.8564,LPath
M208Q,0.3016,LBen
M208R,0.1363,LBen
M208S,0.557,Amb
M208T,0.3598,Amb
M208V,0.1098,LBen
M208W,0.4873,Amb
M208Y,0.5305,Amb
S209A,0.1084,LBen
S209C,0.118,LBen
S209D,0.2048,LBen
S209E,0.3142,LBen
S209F,0.2883,LBen
S209G,0.0812,LBen
S209H,0.3134,LBen
S209I,0.3061,LBen
S209K,0.3793,Amb
S209L,0.1055,LBen
S209M,0.2135,LBen
S209N,0.1086,LBen
S209P,0.1059,LBen
S209Q,0.3754,Amb
S209R,0.3624,Amb
S209T,0.0709,LBen
S209V,0.2568,LBen
S209W,0.2961,LBen
S209Y,0.2117,LBen
K210A,0.0863,LBen
K210C,0.2731,LBen
K210D,0.136,LBen
K210E,0.0575,LBen
K210F,0.3121,LBen
K210G,0.1272,LBen
K210H,0.1355,LBen
K210I,0.1089,LBen
K210L,0.1148,LBen
K210M,0.0936,LBen
K210N,0.1138,LBen
K210P,0.1378,LBen
K210Q,0.069,LBen
K210R,0.0655,LBen
K210S,0.1083,LBen
K210T,0.0703,LBen
K210V,0.0966,LBen
K210W,0.3319,LBen
K210Y,0.2318,LBen
V211A,0.0594,LBen
V211C,0.3658,Amb
V211D,0.0698,LBen
V211E,0.066,LBen
V211F,0.0958,LBen
V211G,0.0782,LBen
V211H,0.177,LBen
V211I,0.0735,LBen
V211K,0.0783,LBen
V211L,0.0929,LBen
V211M,0.0777,LBen
V211N,0.0856,LBen
V211P,0.1593,LBen
V211Q,0.1022,LBen
V211R,0.0835,LBen
V211S,0.0706,LBen
V211T,0.0715,LBen
V211W,0.3332,LBen
V211Y,0.1972,LBen
E212A,0.1067,LBen
E212C,0.5005,Amb
E212D,0.1194,LBen
E212F,0.4853,Amb
E212G,0.1342,LBen
E212H,0.2378,LBen
E212I,0.1928,LBen
E212K,0.0822,LBen
E212L,0.1579,LBen
E212M,0.2259,LBen
E212N,0.1801,LBen
E212P,0.4853,Amb
E212Q,0.0788,LBen
E212R,0.1214,LBen
E212S,0.1464,LBen
E212T,0.1329,LBen
E212V,0.134,LBen
E212W,0.5533,Amb
E212Y,0.3508,Amb
A213C,0.3513,Amb
A213D,0.3642,Amb
A213E,0.2434,LBen
A213F,0.3574,Amb
A213G,0.1389,LBen
A213H,0.5603,Amb
A213I,0.1107,LBen
A213K,0.352,Amb
A213L,0.1664,LBen
A213M,0.1647,LBen
A213N,0.2882,LBen
A213P,0.5176,Amb
A213Q,0.3365,LBen
A213R,0.3,LBen
A213S,0.101,LBen
A213T,0.0825,LBen
A213V,0.0658,LBen
A213W,0.7075,LPath
A213Y,0.453,Amb
D214A,0.0825,LBen
D214C,0.2683,LBen
D214E,0.0926,LBen
D214F,0.2891,LBen
D214G,0.1178,LBen
D214H,0.1452,LBen
D214I,0.1395,LBen
D214K,0.1472,LBen
D214L,0.1642,LBen
D214M,0.2693,LBen
D214N,0.0705,LBen
D214P,0.7025,LPath
D214Q,0.1535,LBen
D214R,0.1637,LBen
D214S,0.0827,LBen
D214T,0.123,LBen
D214V,0.1002,LBen
D214W,0.6182,LPath
D214Y,0.1223,LBen
S215A,0.0653,LBen
S215C,0.0643,LBen
S215D,0.0942,LBen
S215E,0.1179,LBen
S215F,0.089,LBen
S215G,0.072,LBen
S215H,0.086,LBen
S215I,0.0684,LBen
S215K,0.1046,LBen
S215L,0.0665,LBen
S215M,0.1075,LBen
S215N,0.0557,LBen
S215P,0.5225,Amb
S215Q,0.1176,LBen
S215R,0.0807,LBen
S215T,0.0699,LBen
S215V,0.0934,LBen
S215W,0.1386,LBen
S215Y,0.0715,LBen
W216A,0.737,LPath
W216C,0.7249,LPath
W216D,0.9218,LPath
W216E,0.8638,LPath
W216F,0.2297,LBen
W216G,0.6428,LPath
W216H,0.7746,LPath
W216I,0.5092,Amb
W216K,0.8461,LPath
W216L,0.3838,Amb
W216M,0.6579,LPath
W216N,0.9059,LPath
W216P,0.9808,LPath
W216Q,0.821,LPath
W216R,0.7691,LPath
W216S,0.6813,LPath
W216T,0.7352,LPath
W216V,0.5296,Amb
W216Y,0.4308,Amb
R217A,0.7927,LPath
R217C,0.2052,LBen
R217D,0.96,LPath
R217E,0.6216,LPath
R217F,0.7363,LPath
R217G,0.6221,LPath
R217H,0.2405,LBen
R217I,0.4687,Amb
R217K,0.2282,LBen
R217L,0.4337,Amb
R217M,0.5025,Amb
R217N,0.9032,LPath
R217P,0.963,LPath
R217Q,0.172,LBen
R217S,0.8816,LPath
R217T,0.7763,LPath
R217V,0.6448,LPath
R217W,0.2264,LBen
R217Y,0.5332,Amb
K218A,0.1922,LBen
K218C,0.417,Amb
K218D,0.3391,LBen
K218E,0.0794,LBen
K218F,0.5158,Amb
K218G,0.2557,LBen
K218H,0.2321,LBen
K218I,0.1855,LBen
K218L,0.1757,LBen
K218M,0.1185,LBen
K218N,0.2245,LBen
K218P,0.8491,LPath
K218Q,0.0915,LBen
K218R,0.0696,LBen
K218S,0.2281,LBen
K218T,0.126,LBen
K218V,0.1799,LBen
K218W,0.4919,Amb
K218Y,0.3871,Amb
E219A,0.0892,LBen
E219C,0.4935,Amb
E219D,0.1038,LBen
E219F,0.4963,Amb
E219G,0.0859,LBen
E219H,0.2393,LBen
E219I,0.2067,LBen
E219K,0.0797,LBen
E219L,0.2106,LBen
E219M,0.2466,LBen
E219N,0.1362,LBen
E219P,0.8009,LPath
E219Q,0.0873,LBen
E219R,0.1218,LBen
E219S,0.1189,LBen
E219T,0.1336,LBen
E219V,0.137,LBen
E219W,0.6059,LPath
E219Y,0.315,LBen
N220A,0.4279,Amb
N220C,0.3057,LBen
N220D,0.4739,Amb
N220E,0.5374,Amb
N220F,0.576,LPath
N220G,0.5473,Amb
N220H,0.1072,LBen
N220I,0.3378,LBen
N220K,0.357,Amb
N220L,0.4669,Amb
N220M,0.3963,Amb
N220P,0.9417,LPath
N220Q,0.3717,Amb
N220R,0.3866,Amb
N220S,0.2016,LBen
N220T,0.3088,LBen
N220V,0.376,Amb
N220W,0.7792,LPath
N220Y,0.1544,LBen
F221A,0.3083,LBen
F221C,0.0873,LBen
F221D,0.2881,LBen
F221E,0.5074,Amb
F221G,0.3173,LBen
F221H,0.2024,LBen
F221I,0.2253,LBen
F221K,0.4389,Amb
F221L,0.6749,LPath
F221M,0.3877,Amb
F221N,0.1335,LBen
F221P,0.9241,LPath
F221Q,0.399,Amb
F221R,0.3322,LBen
F221S,0.1533,LBen
F221T,0.34,LBen
F221V,0.2068,LBen
F221W,0.26,LBen
F221Y,0.051,LBen
N222A,0.1743,LBen
N222C,0.1519,LBen
N222D,0.0773,LBen
N222E,0.2445,LBen
N222F,0.3863,Amb
N222G,0.1802,LBen
N222H,0.0867,LBen
N222I,0.2314,LBen
N222K,0.2016,LBen
N222L,0.1864,LBen
N222M,0.2791,LBen
N222P,0.6125,LPath
N222Q,0.216,LBen
N222R,0.2121,LBen
N222S,0.0753,LBen
N222T,0.1459,LBen
N222V,0.2332,LBen
N222W,0.5921,LPath
N222Y,0.1239,LBen
I223A,0.6008,LPath
I223C,0.695,LPath
I223D,0.924,LPath
I223E,0.8918,LPath
I223F,0.3894,Amb
I223G,0.8442,LPath
I223H,0.8814,LPath
I223K,0.8248,LPath
I223L,0.1968,LBen
I223M,0.1589,LBen
I223N,0.6075,LPath
I223P,0.9138,LPath
I223Q,0.8539,LPath
I223R,0.7711,LPath
I223S,0.598,LPath
I223T,0.4423,Amb
I223V,0.0689,LBen
I223W,0.941,LPath
I223Y,0.7707,LPath
T224A,0.0818,LBen
T224C,0.2125,LBen
T224D,0.2644,LBen
T224E,0.1702,LBen
T224F,0.1137,LBen
T224G,0.2018,LBen
T224H,0.1366,LBen
T224I,0.0781,LBen
T224K,0.0969,LBen
T224L,0.0652,LBen
T224M,0.0645,LBen
T224N,0.0999,LBen
T224P,0.3387,LBen
T224Q,0.1307,LBen
T224R,0.0782,LBen
T224S,0.0913,LBen
T224V,0.0846,LBen
T224W,0.3191,LBen
T224Y,0.1481,LBen
W225A,0.1031,LBen
W225C,0.0581,LBen
W225D,0.6734,LPath
W225E,0.602,LPath
W225F,0.0835,LBen
W225G,0.0934,LBen
W225H,0.3425,Amb
W225I,0.0819,LBen
W225K,0.5713,LPath
W225L,0.1251,LBen
W225M,0.1917,LBen
W225N,0.456,Amb
W225P,0.7887,LPath
W225Q,0.468,Amb
W225R,0.3954,Amb
W225S,0.1187,LBen
W225T,0.1012,LBen
W225V,0.0581,LBen
W225Y,0.1423,LBen
D226A,0.1096,LBen
D226C,0.3305,LBen
D226E,0.1146,LBen
D226F,0.4116,Amb
D226G,0.1362,LBen
D226H,0.1483,LBen
D226I,0.2027,LBen
D226K,0.1455,LBen
D226L,0.2317,LBen
D226M,0.3565,Amb
D226N,0.077,LBen
D226P,0.8291,LPath
D226Q,0.1657,LBen
D226R,0.1695,LBen
D226S,0.1,LBen
D226T,0.1582,LBen
D226V,0.1277,LBen
D226W,0.7045,LPath
D226Y,0.1348,LBen
D227A,0.6956,LPath
D227C,0.8138,LPath
D227E,0.7879,LPath
D227F,0.8956,LPath
D227G,0.6765,LPath
D227H,0.7699,LPath
D227I,0.7708,LPath
D227K,0.9227,LPath
D227L,0.8563,LPath
D227M,0.947,LPath
D227N,0.4135,Amb
D227P,0.9349,LPath
D227Q,0.9211,LPath
D227R,0.8967,LPath
D227S,0.5217,Amb
D227T,0.7381,LPath
D227V,0.625,LPath
D227W,0.9749,LPath
D227Y,0.5107,Amb
L228A,0.3457,Amb
L228C,0.4117,Amb
L228D,0.7122,LPath
L228E,0.3948,Amb
L228F,0.141,LBen
L228G,0.5035,Amb
L228H,0.275,LBen
L228I,0.1024,LBen
L228K,0.2324,LBen
L228M,0.1063,LBen
L228N,0.483,Amb
L228P,0.5325,Amb
L228Q,0.1862,LBen
L228R,0.1899,LBen
L228S,0.3633,Amb
L228T,0.2684,LBen
L228V,0.1144,LBen
L228W,0.2073,LBen
L228Y,0.3494,Amb
K229A,0.3096,LBen
K229C,0.4953,Amb
K229D,0.6025,LPath
K229E,0.169,LBen
K229F,0.6655,LPath
K229G,0.3856,Amb
K229H,0.2997,LBen
K229I,0.3023,LBen
K229L,0.2766,LBen
K229M,0.1981,LBen
K229N,0.4111,Amb
K229P,0.7569,LPath
K229Q,0.1381,LBen
K229R,0.0786,LBen
K229S,0.4057,Amb
K229T,0.2139,LBen
K229V,0.2887,LBen
K229W,0.6648,LPath
K229Y,0.5348,Amb
D230A,0.0722,LBen
D230C,0.1816,LBen
D230E,0.0791,LBen
D230F,0.2191,LBen
D230G,0.0621,LBen
D230H,0.1064,LBen
D230I,0.1203,LBen
D230K,0.0958,LBen
D230L,0.1285,LBen
D230M,0.2286,LBen
D230N,0.0717,LBen
D230P,0.1896,LBen
D230Q,0.1166,LBen
D230R,0.1161,LBen
D230S,0.0745,LBen
D230T,0.1043,LBen
D230V,0.0802,LBen
D230W,0.4066,Amb
D230Y,0.0844,LBen
G231A,0.1142,LBen
G231C,0.1273,LBen
G231D,0.0937,LBen
G231E,0.1141,LBen
G231F,0.3292,LBen
G231H,0.1804,LBen
G231I,0.1796,LBen
G231K,0.1403,LBen
G231L,0.2463,LBen
G231M,0.2692,LBen
G231N,0.143,LBen
G231P,0.5109,Amb
G231Q,0.1519,LBen
G231R,0.1085,LBen
G231S,0.0841,LBen
G231T,0.1197,LBen
G231V,0.1337,LBen
G231W,0.2028,LBen
G231Y,0.2092,LBen
E232A,0.1143,LBen
E232C,0.456,Amb
E232D,0.0889,LBen
E232F,0.3914,Amb
E232G,0.0853,LBen
E232H,0.2244,LBen
E232I,0.1779,LBen
E232K,0.0696,LBen
E232L,0.1774,LBen
E232M,0.2206,LBen
E232N,0.1356,LBen
E232P,0.2154,LBen
E232Q,0.0886,LBen
E232R,0.1136,LBen
E232S,0.1223,LBen
E232T,0.1359,LBen
E232V,0.1218,LBen
E232W,0.5174,Amb
E232Y,0.2951,LBen
K233A,0.3347,LBen
K233C,0.5755,LPath
K233D,0.4643,Amb
K233E,0.1488,LBen
K233F,0.6733,LPath
K233G,0.3511,Amb
K233H,0.3406,Amb
K233I,0.2993,LBen
K233L,0.3188,LBen
K233M,0.1912,LBen
K233N,0.3029,LBen
K233P,0.4375,Amb
K233Q,0.148,LBen
K233R,0.0974,LBen
K233S,0.366,Amb
K233T,0.1813,LBen
K233V,0.293,LBen
K233W,0.6912,LPath
K233Y,0.4978,Amb
R234A,0.6542,LPath
R234C,0.2095,LBen
R234D,0.7847,LPath
R234E,0.5101,Amb
R234F,0.6559,LPath
R234G,0.4267,Amb
R234H,0.1554,LBen
R234I,0.3403,Amb
R234K,0.2175,LBen
R234L,0.3282,LBen
R234M,0.4443,Amb
R234N,0.6804,LPath
R234P,0.7145,LPath
R234Q,0.1555,LBen
R234S,0.6855,LPath
R234T,0.4886,Amb
R234V,0.5078,Amb
R234W,0.1923,LBen
R234Y,0.424,Amb
P235A,0.0722,LBen
P235C,0.1764,LBen
P235D,0.1519,LBen
P235E,0.1301,LBen
P235F,0.2071,LBen
P235G,0.1636,LBen
P235H,0.0987,LBen
P235I,0.1322,LBen
P235K,0.1164,LBen
P235L,0.0797,LBen
P235M,0.1578,LBen
P235N,0.1401,LBen
P235Q,0.0951,LBen
P235R,0.0892,LBen
P235S,0.0937,LBen
P235T,0.079,LBen
P235V,0.1056,LBen
P235W,0.268,LBen
P235Y,0.1846,LBen
I236A,0.1902,LBen
I236C,0.3693,Amb
I236D,0.4927,Amb
I236E,0.4081,Amb
I236F,0.0981,LBen
I236G,0.4119,Amb
I236H,0.3145,LBen
I236K,0.213,LBen
I236L,0.0791,LBen
I236M,0.0914,LBen
I236N,0.1874,LBen
I236P,0.3076,LBen
I236Q,0.298,LBen
I236R,0.1729,LBen
I236S,0.1852,LBen
I236T,0.187,LBen
I236V,0.0636,LBen
I236W,0.5539,Amb
I236Y,0.2994,LBen
P237A,0.1786,LBen
P237C,0.4879,Amb
P237D,0.8068,LPath
P237E,0.5897,LPath
P237F,0.5764,LPath
P237G,0.5568,Amb
P237H,0.3916,Amb
P237I,0.4042,Amb
P237K,0.5096,Amb
P237L,0.1562,LBen
P237M,0.4578,Amb
P237N,0.7164,LPath
P237Q,0.3635,Amb
P237R,0.318,LBen
P237S,0.3259,LBen
P237T,0.2549,LBen
P237V,0.3107,LBen
P237W,0.6893,LPath
P237Y,0.5981,LPath
N238A,0.1609,LBen
N238C,0.146,LBen
N238D,0.1819,LBen
N238E,0.3007,LBen
N238F,0.2773,LBen
N238G,0.2389,LBen
N238H,0.0769,LBen
N238I,0.1261,LBen
N238K,0.1203,LBen
N238L,0.1117,LBen
N238M,0.212,LBen
N238P,0.2948,LBen
N238Q,0.2147,LBen
N238R,0.1394,LBen
N238S,0.0803,LBen
N238T,0.1248,LBen
N238V,0.1329,LBen
N238W,0.5346,Amb
N238Y,0.0874,LBen
P239A,0.3376,LBen
P239C,0.7828,LPath
P239D,0.9608,LPath
P239E,0.8706,LPath
P239F,0.8552,LPath
P239G,0.845,LPath
P239H,0.7784,LPath
P239I,0.5026,Amb
P239K,0.8432,LPath
P239L,0.3555,Amb
P239M,0.7249,LPath
P239N,0.9249,LPath
P239Q,0.7528,LPath
P239R,0.6861,LPath
P239S,0.6798,LPath
P239T,0.4989,Amb
P239V,0.4165,Amb
P239W,0.9487,LPath
P239Y,0.8815,LPath
T240A,0.0651,LBen
T240C,0.2166,LBen
T240D,0.6332,LPath
T240E,0.5813,LPath
T240F,0.2508,LBen
T240G,0.2613,LBen
T240H,0.4217,Amb
T240I,0.0797,LBen
T240K,0.4672,Amb
T240L,0.0919,LBen
T240M,0.1047,LBen
T240N,0.2067,LBen
T240P,0.1707,LBen
T240Q,0.4558,Amb
T240R,0.3638,Amb
T240S,0.1263,LBen
T240V,0.0756,LBen
T240W,0.7113,LPath
T240Y,0.3775,Amb
C241A,0.1858,LBen
C241D,0.2526,LBen
C241E,0.2837,LBen
C241F,0.0839,LBen
C241G,0.0896,LBen
C241H,0.1289,LBen
C241I,0.1961,LBen
C241K,0.1649,LBen
C241L,0.1674,LBen
C241M,0.3094,LBen
C241N,0.1901,LBen
C241P,0.3874,Amb
C241Q,0.1559,LBen
C241R,0.0718,LBen
C241S,0.1387,LBen
C241T,0.2078,LBen
C241V,0.1949,LBen
C241W,0.205,LBen
C241Y,0.0942,LBen
T242A,0.0719,LBen
T242C,0.1695,LBen
T242D,0.155,LBen
T242E,0.1342,LBen
T242F,0.1231,LBen
T242G,0.1263,LBen
T242H,0.1001,LBen
T242I,0.1089,LBen
T242K,0.0727,LBen
T242L,0.0641,LBen
T242M,0.0727,LBen
T242N,0.0709,LBen
T242P,0.1912,LBen
T242Q,0.0998,LBen
T242R,0.0626,LBen
T242S,0.0687,LBen
T242V,0.0997,LBen
T242W,0.2979,LBen
T242Y,0.1224,LBen
F243A,0.8738,LPath
F243C,0.8156,LPath
F243D,0.977,LPath
F243E,0.9801,LPath
F243G,0.9557,LPath
F243H,0.9266,LPath
F243I,0.584,LPath
F243K,0.9821,LPath
F243L,0.9408,LPath
F243M,0.7749,LPath
F243N,0.953,LPath
F243P,0.9838,LPath
F243Q,0.9723,LPath
F243R,0.9576,LPath
F243S,0.8384,LPath
F243T,0.8837,LPath
F243V,0.5965,LPath
F243W,0.5046,Amb
F243Y,0.4407,Amb
D244A,0.0752,LBen
D244C,0.202,LBen
D244E,0.0695,LBen
D244F,0.2526,LBen
D244G,0.0819,LBen
D244H,0.0871,LBen
D244I,0.1267,LBen
D244K,0.0831,LBen
D244L,0.1277,LBen
D244M,0.2282,LBen
D244N,0.0754,LBen
D244P,0.2662,LBen
D244Q,0.1002,LBen
D244R,0.094,LBen
D244S,0.071,LBen
D244T,0.1059,LBen
D244V,0.0886,LBen
D244W,0.4239,Amb
D244Y,0.0922,LBen
D245A,0.239,LBen
D245C,0.5921,LPath
D245E,0.2602,LBen
D245F,0.6859,LPath
D245G,0.2738,LBen
D245H,0.2838,LBen
D245I,0.5034,Amb
D245K,0.4983,Amb
D245L,0.5556,Amb
D245M,0.6683,LPath
D245N,0.1406,LBen
D245P,0.9287,LPath
D245Q,0.4239,Amb
D245R,0.5587,Amb
D245S,0.1599,LBen
D245T,0.3405,Amb
D245V,0.322,LBen
D245W,0.926,LPath
D245Y,0.2895,LBen
A246C,0.4803,Amb
A246D,0.6922,LPath
A246E,0.7227,LPath
A246F,0.5733,LPath
A246G,0.2101,LBen
A246H,0.8195,LPath
A246I,0.2423,LBen
A246K,0.8688,LPath
A246L,0.3072,LBen
A246M,0.3606,Amb
A246N,0.5873,LPath
A246P,0.5646,LPath
A246Q,0.7719,LPath
A246R,0.7793,LPath
A246S,0.1404,LBen
A246T,0.1315,LBen
A246V,0.1263,LBen
A246W,0.9259,LPath
A246Y,0.758,LPath
F247A,0.9319,LPath
F247C,0.7346,LPath
F247D,0.9805,LPath
F247E,0.9844,LPath
F247G,0.951,LPath
F247H,0.9276,LPath
F247I,0.6607,LPath
F247K,0.9834,LPath
F247L,0.9127,LPath
F247M,0.8002,LPath
F247N,0.9522,LPath
F247P,0.9938,LPath
F247Q,0.9726,LPath
F247R,0.9587,LPath
F247S,0.8706,LPath
F247T,0.932,LPath
F247V,0.6528,LPath
F247W,0.7014,LPath
F247Y,0.4996,Amb
Q248A,0.1137,LBen
Q248C,0.2397,LBen
Q248D,0.152,LBen
Q248E,0.07,LBen
Q248F,0.3058,LBen
Q248G,0.1031,LBen
Q248H,0.0928,LBen
Q248I,0.1895,LBen
Q248K,0.075,LBen
Q248L,0.0797,LBen
Q248M,0.2242,LBen
Q248N,0.136,LBen
Q248P,0.102,LBen
Q248R,0.0686,LBen
Q248S,0.1026,LBen
Q248T,0.1131,LBen
Q248V,0.1383,LBen
Q248W,0.2209,LBen
Q248Y,0.1706,LBen
C249A,0.119,LBen
C249D,0.0787,LBen
C249E,0.1558,LBen
C249F,0.0757,LBen
C249G,0.063,LBen
C249H,0.0861,LBen
C249I,0.1439,LBen
C249K,0.1578,LBen
C249L,0.1353,LBen
C249M,0.2364,LBen
C249N,0.0801,LBen
C249P,0.1252,LBen
C249Q,0.124,LBen
C249R,0.0914,LBen
C249S,0.0757,LBen
C249T,0.132,LBen
C249V,0.1405,LBen
C249W,0.1463,LBen
C249Y,0.0658,LBen
Y250A,0.5251,Amb
Y250C,0.1288,LBen
Y250D,0.322,LBen
Y250E,0.6082,LPath
Y250F,0.0925,LBen
Y250G,0.5741,LPath
Y250H,0.1352,LBen
Y250I,0.4071,Amb
Y250K,0.6308,LPath
Y250L,0.4516,Amb
Y250M,0.6076,LPath
Y250N,0.2231,LBen
Y250P,0.7194,LPath
Y250Q,0.4799,Amb
Y250R,0.4748,Amb
Y250S,0.2247,LBen
Y250T,0.4985,Amb
Y250V,0.39,Amb
Y250W,0.3018,LBen
P251A,0.1023,LBen
P251C,0.3664,Amb
P251D,0.2588,LBen
P251E,0.1856,LBen
P251F,0.4336,Amb
P251G,0.2308,LBen
P251H,0.163,LBen
P251I,0.2918,LBen
P251K,0.1599,LBen
P251L,0.1317,LBen
P251M,0.2797,LBen
P251N,0.2459,LBen
P251Q,0.1426,LBen
P251R,0.1277,LBen
P251S,0.1061,LBen
P251T,0.1005,LBen
P251V,0.2088,LBen
P251W,0.4406,Amb
P251Y,0.3618,Amb
E252A,0.1154,LBen
E252C,0.6309,LPath
E252D,0.1,LBen
E252F,0.5539,Amb
E252G,0.1227,LBen
E252H,0.283,LBen
E252I,0.2386,LBen
E252K,0.1089,LBen
E252L,0.2449,LBen
E252M,0.3056,LBen
E252N,0.1997,LBen
E252P,0.4149,Amb
E252Q,0.1296,LBen
E252R,0.18,LBen
E252S,0.1619,LBen
E252T,0.1795,LBen
E252V,0.1501,LBen
E252W,0.6878,LPath
E252Y,0.3779,Amb
V253A,0.2922,LBen
V253C,0.727,LPath
V253D,0.6686,LPath
V253E,0.5693,LPath
V253F,0.2164,LBen
V253G,0.3594,Amb
V253H,0.8063,LPath
V253I,0.075,LBen
V253K,0.7135,LPath
V253L,0.1328,LBen
V253M,0.1579,LBen
V253N,0.5703,LPath
V253P,0.7322,LPath
V253Q,0.6762,LPath
V253R,0.6956,LPath
V253S,0.4762,Amb
V253T,0.3728,Amb
V253W,0.809,LPath
V253Y,0.6055,LPath
M254A,0.3175,LBen
M254C,0.6137,LPath
M254D,0.8046,LPath
M254E,0.4109,Amb
M254F,0.3899,Amb
M254G,0.5317,Amb
M254H,0.5174,Amb
M254I,0.2322,LBen
M254K,0.1359,LBen
M254L,0.0985,LBen
M254N,0.5287,Amb
M254P,0.8281,LPath
M254Q,0.2358,LBen
M254R,0.1408,LBen
M254S,0.3845,Amb
M254T,0.1742,LBen
M254V,0.0937,LBen
M254W,0.5442,Amb
M254Y,0.5927,LPath
E255A,0.0785,LBen
E255C,0.4386,Amb
E255D,0.0953,LBen
E255F,0.4489,Amb
E255G,0.0652,LBen
E255H,0.2177,LBen
E255I,0.1988,LBen
E255K,0.0719,LBen
E255L,0.1764,LBen
E255M,0.2184,LBen
E255N,0.1199,LBen
E255P,0.5688,LPath
E255Q,0.085,LBen
E255R,0.1022,LBen
E255S,0.0996,LBen
E255T,0.1178,LBen
E255V,0.1295,LBen
E255W,0.5146,Amb
E255Y,0.2927,LBen
N256A,0.2167,LBen
N256C,0.189,LBen
N256D,0.1853,LBen
N256E,0.3066,LBen
N256F,0.561,Amb
N256G,0.2327,LBen
N256H,0.1618,LBen
N256I,0.1916,LBen
N256K,0.3081,LBen
N256L,0.2776,LBen
N256M,0.2701,LBen
N256P,0.8049,LPath
N256Q,0.335,LBen
N256R,0.3906,Amb
N256S,0.0963,LBen
N256T,0.1252,LBen
N256V,0.1969,LBen
N256W,0.7426,LPath
N256Y,0.153,LBen
I257A,0.5362,Amb
I257C,0.5917,LPath
I257D,0.9462,LPath
I257E,0.8573,LPath
I257F,0.1633,LBen
I257G,0.8368,LPath
I257H,0.7812,LPath
I257K,0.7043,LPath
I257L,0.0767,LBen
I257M,0.0802,LBen
I257N,0.6388,LPath
I257P,0.9338,LPath
I257Q,0.7232,LPath
I257R,0.5946,LPath
I257S,0.6046,LPath
I257T,0.4485,Amb
I257V,0.0918,LBen
I257W,0.715,LPath
I257Y,0.5956,LPath
K258A,0.1698,LBen
K258C,0.3007,LBen
K258D,0.3024,LBen
K258E,0.0834,LBen
K258F,0.3591,Amb
K258G,0.1831,LBen
K258H,0.1667,LBen
K258I,0.1537,LBen
K258L,0.1526,LBen
K258M,0.1169,LBen
K258N,0.1853,LBen
K258P,0.7194,LPath
K258Q,0.0778,LBen
K258R,0.0607,LBen
K258S,0.1712,LBen
K258T,0.0999,LBen
K258V,0.1546,LBen
K258W,0.3594,Amb
K258Y,0.288,LBen
K259A,0.1533,LBen
K259C,0.3675,Amb
K259D,0.286,LBen
K259E,0.0964,LBen
K259F,0.4228,Amb
K259G,0.2134,LBen
K259H,0.1906,LBen
K259I,0.1549,LBen
K259L,0.1476,LBen
K259M,0.1024,LBen
K259N,0.1742,LBen
K259P,0.7689,LPath
K259Q,0.0966,LBen
K259R,0.0672,LBen
K259S,0.1931,LBen
K259T,0.1073,LBen
K259V,0.1511,LBen
K259W,0.4349,Amb
K259Y,0.3043,LBen
A260C,0.3252,LBen
A260D,0.3033,LBen
A260E,0.2458,LBen
A260F,0.3297,LBen
A260G,0.1519,LBen
A260H,0.4736,Amb
A260I,0.2297,LBen
A260K,0.4814,Amb
A260L,0.2048,LBen
A260M,0.2181,LBen
A260N,0.2502,LBen
A260P,0.7349,LPath
A260Q,0.3496,Amb
A260R,0.4086,Amb
A260S,0.0992,LBen
A260T,0.1048,LBen
A260V,0.1057,LBen
A260W,0.6795,LPath
A260Y,0.4049,Amb
G261A,0.1751,LBen
G261C,0.1873,LBen
G261D,0.1715,LBen
G261E,0.2218,LBen
G261F,0.5988,LPath
G261H,0.2702,LBen
G261I,0.4135,Amb
G261K,0.2428,LBen
G261L,0.4716,Amb
G261M,0.5135,Amb
G261N,0.2054,LBen
G261P,0.857,LPath
G261Q,0.2377,LBen
G261R,0.1773,LBen
G261S,0.1087,LBen
G261T,0.2606,LBen
G261V,0.3196,LBen
G261W,0.4575,Amb
G261Y,0.3954,Amb
F262A,0.9119,LPath
F262C,0.6547,LPath
F262D,0.9564,LPath
F262E,0.9634,LPath
F262G,0.9491,LPath
F262H,0.8077,LPath
F262I,0.4016,Amb
F262K,0.9376,LPath
F262L,0.9049,LPath
F262M,0.7193,LPath
F262N,0.8731,LPath
F262P,0.9947,LPath
F262Q,0.927,LPath
F262R,0.8939,LPath
F262S,0.8258,LPath
F262T,0.9149,LPath
F262V,0.5551,Amb
F262W,0.5735,LPath
F262Y,0.2534,LBen
Q263A,0.1266,LBen
Q263C,0.2784,LBen
Q263D,0.1991,LBen
Q263E,0.0661,LBen
Q263F,0.4,Amb
Q263G,0.1317,LBen
Q263H,0.1365,LBen
Q263I,0.1675,LBen
Q263K,0.067,LBen
Q263L,0.0819,LBen
Q263M,0.1931,LBen
Q263N,0.1806,LBen
Q263P,0.096,LBen
Q263R,0.0756,LBen
Q263S,0.1225,LBen
Q263T,0.1022,LBen
Q263V,0.1186,LBen
Q263W,0.2607,LBen
Q263Y,0.267,LBen
K264A,0.2242,LBen
K264C,0.3278,LBen
K264D,0.3941,Amb
K264E,0.1408,LBen
K264F,0.415,Amb
K264G,0.2875,LBen
K264H,0.1819,LBen
K264I,0.1699,LBen
K264L,0.1876,LBen
K264M,0.1232,LBen
K264N,0.2119,LBen
K264P,0.7344,LPath
K264Q,0.106,LBen
K264R,0.0757,LBen
K264S,0.2125,LBen
K264T,0.1175,LBen
K264V,0.1784,LBen
K264W,0.472,Amb
K264Y,0.2847,LBen
P265A,0.3264,LBen
P265C,0.8384,LPath
P265D,0.9889,LPath
P265E,0.9508,LPath
P265F,0.957,LPath
P265G,0.8745,LPath
P265H,0.9144,LPath
P265I,0.7992,LPath
P265K,0.9538,LPath
P265L,0.441,Amb
P265M,0.7485,LPath
P265N,0.9672,LPath
P265Q,0.8612,LPath
P265R,0.8895,LPath
P265S,0.777,LPath
P265T,0.6876,LPath
P265V,0.6876,LPath
P265W,0.9827,LPath
P265Y,0.9613,LPath
T266A,0.2259,LBen
T266C,0.6567,LPath
T266D,0.8461,LPath
T266E,0.7707,LPath
T266F,0.4742,Amb
T266G,0.5414,Amb
T266H,0.5093,Amb
T266I,0.6543,LPath
T266K,0.5227,Amb
T266L,0.2016,LBen
T266M,0.1248,LBen
T266N,0.3635,Amb
T266P,0.5102,Amb
T266Q,0.5289,Amb
T266R,0.4754,Amb
T266S,0.1446,LBen
T266V,0.5167,Amb
T266W,0.852,LPath
T266Y,0.5887,LPath
P267A,0.1156,LBen
P267C,0.5653,LPath
P267D,0.8725,LPath
P267E,0.7152,LPath
P267F,0.7346,LPath
P267G,0.5801,LPath
P267H,0.5066,Amb
P267I,0.4738,Amb
P267K,0.6562,LPath
P267L,0.2308,LBen
P267M,0.5139,Amb
P267N,0.7423,LPath
P267Q,0.4653,Amb
P267R,0.4403,Amb
P267S,0.2709,LBen
P267T,0.2672,LBen
P267V,0.3213,LBen
P267W,0.8545,LPath
P267Y,0.7286,LPath
I268A,0.7857,LPath
I268C,0.9025,LPath
I268D,0.99,LPath
I268E,0.9705,LPath
I268F,0.4273,Amb
I268G,0.9594,LPath
I268H,0.9594,LPath
I268K,0.9497,LPath
I268L,0.2207,LBen
I268M,0.2209,LBen
I268N,0.8849,LPath
I268P,0.9453,LPath
I268Q,0.9418,LPath
I268R,0.9216,LPath
I268S,0.7933,LPath
I268T,0.7433,LPath
I268V,0.1265,LBen
I268W,0.9604,LPath
I268Y,0.8918,LPath
Q269A,0.7177,LPath
Q269C,0.9718,LPath
Q269D,0.9921,LPath
Q269E,0.3772,Amb
Q269F,0.9838,LPath
Q269G,0.879,LPath
Q269H,0.9444,LPath
Q269I,0.8432,LPath
Q269K,0.8487,LPath
Q269L,0.6575,LPath
Q269M,0.7377,LPath
Q269N,0.9595,LPath
Q269P,0.8611,LPath
Q269R,0.8647,LPath
Q269S,0.8504,LPath
Q269T,0.8644,LPath
Q269V,0.8093,LPath
Q269W,0.9924,LPath
Q269Y,0.9855,LPath
S270A,0.0521,LBen
S270C,0.0912,LBen
S270D,0.9002,LPath
S270E,0.7899,LPath
S270F,0.5464,Amb
S270G,0.1215,LBen
S270H,0.7393,LPath
S270I,0.4648,Amb
S270K,0.8689,LPath
S270L,0.2353,LBen
S270M,0.3228,LBen
S270N,0.5674,LPath
S270P,0.9581,LPath
S270Q,0.6318,LPath
S270R,0.7955,LPath
S270T,0.2039,LBen
S270V,0.3348,LBen
S270W,0.6924,LPath
S270Y,0.5087,Amb
Q271A,0.3393,LBen
Q271C,0.7459,LPath
Q271D,0.9368,LPath
Q271E,0.1864,LBen
Q271F,0.816,LPath
Q271G,0.6337,LPath
Q271H,0.6626,LPath
Q271I,0.3795,Amb
Q271K,0.4543,Amb
Q271L,0.2419,LBen
Q271M,0.3605,Amb
Q271N,0.7341,LPath
Q271P,0.7791,LPath
Q271R,0.4893,Amb
Q271S,0.4878,Amb
Q271T,0.4318,Amb
Q271V,0.261,LBen
Q271W,0.8688,LPath
Q271Y,0.8224,LPath
A272C,0.4385,Amb
A272D,0.8604,LPath
A272E,0.8172,LPath
A272F,0.5536,Amb
A272G,0.1147,LBen
A272H,0.9024,LPath
A272I,0.3043,LBen
A272K,0.9326,LPath
A272L,0.2885,LBen
A272M,0.3083,LBen
A272N,0.7121,LPath
A272P,0.9326,LPath
A272Q,0.8119,LPath
A272R,0.8994,LPath
A272S,0.1232,LBen
A272T,0.1371,LBen
A272V,0.1608,LBen
A272W,0.9322,LPath
A272Y,0.8052,LPath
W273A,0.8583,LPath
W273C,0.8852,LPath
W273D,0.9959,LPath
W273E,0.9901,LPath
W273F,0.3351,LBen
W273G,0.8157,LPath
W273H,0.9751,LPath
W273I,0.638,LPath
W273K,0.9947,LPath
W273L,0.4917,Amb
W273M,0.7483,LPath
W273N,0.9859,LPath
W273P,0.9927,LPath
W273Q,0.9862,LPath
W273R,0.9884,LPath
W273S,0.8231,LPath
W273T,0.8844,LPath
W273V,0.7087,LPath
W273Y,0.7413,LPath
P274A,0.3873,Amb
P274C,0.8101,LPath
P274D,0.9349,LPath
P274E,0.8592,LPath
P274F,0.9481,LPath
P274G,0.724,LPath
P274H,0.7263,LPath
P274I,0.8484,LPath
P274K,0.8684,LPath
P274L,0.5405,Amb
P274M,0.8307,LPath
P274N,0.8446,LPath
P274Q,0.6878,LPath
P274R,0.7329,LPath
P274S,0.5001,Amb
P274T,0.5114,Amb
P274V,0.7117,LPath
P274W,0.9633,LPath
P274Y,0.926,LPath
I275A,0.3168,LBen
I275C,0.6841,LPath
I275D,0.9403,LPath
I275E,0.8962,LPath
I275F,0.2668,LBen
I275G,0.8009,LPath
I275H,0.8489,LPath
I275K,0.8271,LPath
I275L,0.1394,LBen
I275M,0.1097,LBen
I275N,0.659,LPath
I275P,0.8267,LPath
I275Q,0.8373,LPath
I275R,0.7356,LPath
I275S,0.4836,Amb
I275T,0.2529,LBen
I275V,0.0623,LBen
I275W,0.8876,LPath
I275Y,0.7525,LPath
V276A,0.1968,LBen
V276C,0.6344,LPath
V276D,0.8199,LPath
V276E,0.7854,LPath
V276F,0.2768,LBen
V276G,0.3265,LBen
V276H,0.8601,LPath
V276I,0.0655,LBen
V276K,0.8627,LPath
V276L,0.1259,LBen
V276M,0.173,LBen
V276N,0.5772,LPath
V276P,0.7912,LPath
V276Q,0.7498,LPath
V276R,0.7931,LPath
V276S,0.2852,LBen
V276T,0.309,LBen
V276W,0.9254,LPath
V276Y,0.7728,LPath
L277A,0.6936,LPath
L277C,0.645,LPath
L277D,0.9728,LPath
L277E,0.8343,LPath
L277F,0.2848,LBen
L277G,0.8144,LPath
L277H,0.6707,LPath
L277I,0.277,LBen
L277K,0.7836,LPath
L277M,0.134,LBen
L277N,0.8377,LPath
L277P,0.954,LPath
L277Q,0.4994,Amb
L277R,0.667,LPath
L277S,0.6614,LPath
L277T,0.6454,LPath
L277V,0.3303,LBen
L277W,0.5896,LPath
L277Y,0.7433,LPath
Q278A,0.2504,LBen
Q278C,0.5124,Amb
Q278D,0.4493,Amb
Q278E,0.0917,LBen
Q278F,0.8033,LPath
Q278G,0.2041,LBen
Q278H,0.2864,LBen
Q278I,0.6455,LPath
Q278K,0.0904,LBen
Q278L,0.1731,LBen
Q278M,0.407,Amb
Q278N,0.3559,Amb
Q278P,0.6305,LPath
Q278R,0.0984,LBen
Q278S,0.227,LBen
Q278T,0.2596,LBen
Q278V,0.489,Amb
Q278W,0.555,Amb
Q278Y,0.5608,Amb
G279A,0.612,LPath
G279C,0.7571,LPath
G279D,0.7262,LPath
G279E,0.7567,LPath
G279F,0.9836,LPath
G279H,0.9421,LPath
G279I,0.9694,LPath
G279K,0.9215,LPath
G279L,0.9755,LPath
G279M,0.9677,LPath
G279N,0.8236,LPath
G279P,0.994,LPath
G279Q,0.8917,LPath
G279R,0.8618,LPath
G279S,0.4602,Amb
G279T,0.863,LPath
G279V,0.9175,LPath
G279W,0.9362,LPath
G279Y,0.9444,LPath
I280A,0.1843,LBen
I280C,0.3982,Amb
I280D,0.3556,Amb
I280E,0.274,LBen
I280F,0.093,LBen
I280G,0.4438,Amb
I280H,0.2584,LBen
I280K,0.15,LBen
I280L,0.0978,LBen
I280M,0.0661,LBen
I280N,0.144,LBen
I280P,0.8129,LPath
I280Q,0.2281,LBen
I280R,0.1137,LBen
I280S,0.168,LBen
I280T,0.1012,LBen
I280V,0.0746,LBen
I280W,0.3948,Amb
I280Y,0.2489,LBen
D281A,0.875,LPath
D281C,0.9499,LPath
D281E,0.9285,LPath
D281F,0.9766,LPath
D281G,0.8372,LPath
D281H,0.8919,LPath
D281I,0.9621,LPath
D281K,0.9756,LPath
D281L,0.9575,LPath
D281M,0.99,LPath
D281N,0.4527,Amb
D281P,0.9632,LPath
D281Q,0.9681,LPath
D281R,0.9606,LPath
D281S,0.5799,LPath
D281T,0.9053,LPath
D281V,0.9077,LPath
D281W,0.9938,LPath
D281Y,0.8168,LPath
L282A,0.5545,Amb
L282C,0.5046,Amb
L282D,0.974,LPath
L282E,0.9097,LPath
L282F,0.1839,LBen
L282G,0.7962,LPath
L282H,0.7546,LPath
L282I,0.1087,LBen
L282K,0.8718,LPath
L282M,0.1101,LBen
L282N,0.8756,LPath
L282P,0.9571,LPath
L282Q,0.732,LPath
L282R,0.8078,LPath
L282S,0.7105,LPath
L282T,0.541,Amb
L282V,0.1084,LBen
L282W,0.6269,LPath
L282Y,0.6967,LPath
I283A,0.4757,Amb
I283C,0.8199,LPath
I283D,0.9822,LPath
I283E,0.942,LPath
I283F,0.4231,Amb
I283G,0.9183,LPath
I283H,0.9218,LPath
I283K,0.8616,LPath
I283L,0.2245,LBen
I283M,0.1729,LBen
I283N,0.8607,LPath
I283P,0.9574,LPath
I283Q,0.8892,LPath
I283R,0.7748,LPath
I283S,0.6622,LPath
I283T,0.2756,LBen
I283V,0.1019,LBen
I283W,0.9102,LPath
I283Y,0.8531,LPath
G284A,0.0819,LBen
G284C,0.2202,LBen
G284D,0.9237,LPath
G284E,0.8871,LPath
G284F,0.8766,LPath
G284H,0.9376,LPath
G284I,0.4193,Amb
G284K,0.9571,LPath
G284L,0.5898,LPath
G284M,0.6681,LPath
G284N,0.885,LPath
G284P,0.9824,LPath
G284Q,0.8934,LPath
G284R,0.8756,LPath
G284S,0.1623,LBen
G284T,0.3118,LBen
G284V,0.2654,LBen
G284W,0.8842,LPath
G284Y,0.8923,LPath
V285A,0.5328,Amb
V285C,0.8185,LPath
V285D,0.9444,LPath
V285E,0.8674,LPath
V285F,0.4376,Amb
V285G,0.622,LPath
V285H,0.9477,LPath
V285I,0.0723,LBen
V285K,0.8585,LPath
V285L,0.4018,Amb
V285M,0.2915,LBen
V285N,0.8414,LPath
V285P,0.9699,LPath
V285Q,0.8489,LPath
V285R,0.8077,LPath
V285S,0.6984,LPath
V285T,0.5533,Amb
V285W,0.9541,LPath
V285Y,0.8659,LPath
A286C,0.7676,LPath
A286D,0.9688,LPath
A286E,0.9614,LPath
A286F,0.9329,LPath
A286G,0.3781,Amb
A286H,0.9749,LPath
A286I,0.9681,LPath
A286K,0.991,LPath
A286L,0.8537,LPath
A286M,0.8848,LPath
A286N,0.9549,LPath
A286P,0.984,LPath
A286Q,0.9398,LPath
A286R,0.968,LPath
A286S,0.118,LBen
A286T,0.5677,LPath
A286V,0.8402,LPath
A286W,0.991,LPath
A286Y,0.9711,LPath
Q287A,0.359,Amb
Q287C,0.9117,LPath
Q287D,0.8461,LPath
Q287E,0.1429,LBen
Q287F,0.9493,LPath
Q287G,0.5415,Amb
Q287H,0.7475,LPath
Q287I,0.8042,LPath
Q287K,0.1789,LBen
Q287L,0.4186,Amb
Q287M,0.6241,LPath
Q287N,0.7257,LPath
Q287P,0.2482,LBen
Q287R,0.203,LBen
Q287S,0.4897,Amb
Q287T,0.5229,Amb
Q287V,0.5825,LPath
Q287W,0.9183,LPath
Q287Y,0.9022,LPath
T288A,0.7655,LPath
T288C,0.9674,LPath
T288D,0.9645,LPath
T288E,0.9416,LPath
T288F,0.9698,LPath
T288G,0.8904,LPath
T288H,0.9221,LPath
T288I,0.9454,LPath
T288K,0.9061,LPath
T288L,0.8239,LPath
T288M,0.5706,LPath
T288N,0.8095,LPath
T288P,0.724,LPath
T288Q,0.9236,LPath
T288R,0.8731,LPath
T288S,0.7696,LPath
T288V,0.8918,LPath
T288W,0.9878,LPath
T288Y,0.952,LPath
G289A,0.7576,LPath
G289C,0.8922,LPath
G289D,0.9442,LPath
G289E,0.9368,LPath
G289F,0.9891,LPath
G289H,0.9794,LPath
G289I,0.9672,LPath
G289K,0.9603,LPath
G289L,0.9756,LPath
G289M,0.9783,LPath
G289N,0.9548,LPath
G289P,0.9946,LPath
G289Q,0.9502,LPath
G289R,0.8686,LPath
G289S,0.5395,Amb
G289T,0.9091,LPath
G289V,0.9263,LPath
G289W,0.9692,LPath
G289Y,0.9853,LPath
T290A,0.3714,Amb
T290C,0.7566,LPath
T290D,0.9095,LPath
T290E,0.8476,LPath
T290F,0.8126,LPath
T290G,0.6539,LPath
T290H,0.7267,LPath
T290I,0.8366,LPath
T290K,0.7145,LPath
T290L,0.5764,LPath
T290M,0.2518,LBen
T290N,0.5774,LPath
T290P,0.7705,LPath
T290Q,0.7214,LPath
T290R,0.6113,LPath
T290S,0.2298,LBen
T290V,0.7082,LPath
T290W,0.9185,LPath
T290Y,0.8171,LPath
G291A,0.8452,LPath
G291C,0.9017,LPath
G291D,0.9461,LPath
G291E,0.9391,LPath
G291F,0.9899,LPath
G291H,0.9823,LPath
G291I,0.9828,LPath
G291K,0.9642,LPath
G291L,0.973,LPath
G291M,0.9801,LPath
G291N,0.967,LPath
G291P,0.9959,LPath
G291Q,0.9431,LPath
G291R,0.8801,LPath
G291S,0.6378,LPath
G291T,0.9341,LPath
G291V,0.9581,LPath
G291W,0.9543,LPath
G291Y,0.9847,LPath
K292A,0.9902,LPath
K292C,0.9945,LPath
K292D,0.9837,LPath
K292E,0.9092,LPath
K292F,0.9971,LPath
K292G,0.9897,LPath
K292H,0.9703,LPath
K292I,0.9833,LPath
K292L,0.9865,LPath
K292M,0.942,LPath
K292N,0.9578,LPath
K292P,0.996,LPath
K292Q,0.936,LPath
K292R,0.5511,Amb
K292S,0.9877,LPath
K292T,0.9555,LPath
K292V,0.9875,LPath
K292W,0.9958,LPath
K292Y,0.9896,LPath
T293A,0.7964,LPath
T293C,0.9561,LPath
T293D,0.9595,LPath
T293E,0.9562,LPath
T293F,0.9407,LPath
T293G,0.9112,LPath
T293H,0.8925,LPath
T293I,0.8418,LPath
T293K,0.8714,LPath
T293L,0.7181,LPath
T293M,0.4498,Amb
T293N,0.7939,LPath
T293P,0.8314,LPath
T293Q,0.91,LPath
T293R,0.8553,LPath
T293S,0.6356,LPath
T293V,0.8216,LPath
T293W,0.9846,LPath
T293Y,0.932,LPath
L294A,0.4607,Amb
L294C,0.6735,LPath
L294D,0.9649,LPath
L294E,0.8648,LPath
L294F,0.2486,LBen
L294G,0.8095,LPath
L294H,0.6637,LPath
L294I,0.1502,LBen
L294K,0.7829,LPath
L294M,0.208,LBen
L294N,0.815,LPath
L294P,0.8455,LPath
L294Q,0.5884,LPath
L294R,0.5847,LPath
L294S,0.5979,LPath
L294T,0.5571,Amb
L294V,0.1708,LBen
L294W,0.5401,Amb
L294Y,0.6976,LPath
C295A,0.1207,LBen
C295D,0.9361,LPath
C295E,0.9761,LPath
C295F,0.3869,Amb
C295G,0.095,LBen
C295H,0.9008,LPath
C295I,0.5909,LPath
C295K,0.9889,LPath
C295L,0.433,Amb
C295M,0.6519,LPath
C295N,0.7486,LPath
C295P,0.9125,LPath
C295Q,0.9388,LPath
C295R,0.9361,LPath
C295S,0.0989,LBen
C295T,0.2469,LBen
C295V,0.4441,Amb
C295W,0.8368,LPath
C295Y,0.693,LPath
Y296A,0.9289,LPath
Y296C,0.3227,LBen
Y296D,0.9095,LPath
Y296E,0.9869,LPath
Y296F,0.1009,LBen
Y296G,0.8881,LPath
Y296H,0.7117,LPath
Y296I,0.8538,LPath
Y296K,0.9871,LPath
Y296L,0.7682,LPath
Y296M,0.9147,LPath
Y296N,0.7947,LPath
Y296P,0.9697,LPath
Y296Q,0.9725,LPath
Y296R,0.9597,LPath
Y296S,0.7028,LPath
Y296T,0.918,LPath
Y296V,0.7763,LPath
Y296W,0.5528,Amb
L297A,0.6273,LPath
L297C,0.7461,LPath
L297D,0.9885,LPath
L297E,0.9315,LPath
L297F,0.4198,Amb
L297G,0.8662,LPath
L297H,0.8534,LPath
L297I,0.1256,LBen
L297K,0.9028,LPath
L297M,0.1868,LBen
L297N,0.9222,LPath
L297P,0.957,LPath
L297Q,0.7412,LPath
L297R,0.8395,LPath
L297S,0.7545,LPath
L297T,0.5627,Amb
L297V,0.1521,LBen
L297W,0.786,LPath
L297Y,0.8737,LPath
M298A,0.7261,LPath
M298C,0.8552,LPath
M298D,0.9899,LPath
M298E,0.9491,LPath
M298F,0.3044,LBen
M298G,0.8874,LPath
M298H,0.9316,LPath
M298I,0.2722,LBen
M298K,0.8588,LPath
M298L,0.0918,LBen
M298N,0.9086,LPath
M298P,0.8746,LPath
M298Q,0.8305,LPath
M298R,0.9017,LPath
M298S,0.8185,LPath
M298T,0.6215,LPath
M298V,0.1389,LBen
M298W,0.8465,LPath
M298Y,0.828,LPath
P299A,0.3913,Amb
P299C,0.8988,LPath
P299D,0.9704,LPath
P299E,0.9468,LPath
P299F,0.9673,LPath
P299G,0.8319,LPath
P299H,0.8888,LPath
P299I,0.8765,LPath
P299K,0.9616,LPath
P299L,0.5153,Amb
P299M,0.8832,LPath
P299N,0.9403,LPath
P299Q,0.88,LPath
P299R,0.9012,LPath
P299S,0.684,LPath
P299T,0.6041,LPath
P299V,0.7516,LPath
P299W,0.9814,LPath
P299Y,0.9685,LPath
G300A,0.1585,LBen
G300C,0.5483,Amb
G300D,0.9774,LPath
G300E,0.969,LPath
G300F,0.9731,LPath
G300H,0.9836,LPath
G300I,0.8932,LPath
G300K,0.9891,LPath
G300L,0.9106,LPath
G300M,0.9349,LPath
G300N,0.9663,LPath
G300P,0.9859,LPath
G300Q,0.9668,LPath
G300R,0.9584,LPath
G300S,0.2933,LBen
G300T,0.7615,LPath
G300V,0.7746,LPath
G300W,0.966,LPath
G300Y,0.9733,LPath
F301A,0.7971,LPath
F301C,0.4212,Amb
F301D,0.9727,LPath
F301E,0.9661,LPath
F301G,0.9062,LPath
F301H,0.8659,LPath
F301I,0.2649,LBen
F301K,0.9599,LPath
F301L,0.68,LPath
F301M,0.4027,Amb
F301N,0.8884,LPath
F301P,0.9972,LPath
F301Q,0.9298,LPath
F301R,0.9395,LPath
F301S,0.7782,LPath
F301T,0.832,LPath
F301V,0.3575,Amb
F301W,0.5763,LPath
F301Y,0.2705,LBen
I302A,0.5336,Amb
I302C,0.6461,LPath
I302D,0.9267,LPath
I302E,0.839,LPath
I302F,0.2775,LBen
I302G,0.8365,LPath
I302H,0.7283,LPath
I302K,0.7165,LPath
I302L,0.1055,LBen
I302M,0.1415,LBen
I302N,0.5723,LPath
I302P,0.895,LPath
I302Q,0.6936,LPath
I302R,0.5809,LPath
I302S,0.5022,Amb
I302T,0.4085,Amb
I302V,0.1054,LBen
I302W,0.8588,LPath
I302Y,0.6871,LPath
H303A,0.8908,LPath
H303C,0.6372,LPath
H303D,0.8268,LPath
H303E,0.8919,LPath
H303F,0.8095,LPath
H303G,0.8661,LPath
H303I,0.9166,LPath
H303K,0.8668,LPath
H303L,0.623,LPath
H303M,0.922,LPath
H303N,0.4873,Amb
H303P,0.7436,LPath
H303Q,0.7121,LPath
H303R,0.6291,LPath
H303S,0.685,LPath
H303T,0.8994,LPath
H303V,0.9097,LPath
H303W,0.8041,LPath
H303Y,0.4342,Amb
L304A,0.2872,LBen
L304C,0.4573,Amb
L304D,0.8634,LPath
L304E,0.6271,LPath
L304F,0.2795,LBen
L304G,0.5951,LPath
L304H,0.3966,Amb
L304I,0.0978,LBen
L304K,0.5399,Amb
L304M,0.1067,LBen
L304N,0.5774,LPath
L304P,0.8432,LPath
L304Q,0.3453,Amb
L304R,0.3796,Amb
L304S,0.3556,Amb
L304T,0.2125,LBen
L304V,0.1029,LBen
L304W,0.5044,Amb
L304Y,0.5605,Amb
V305A,0.0753,LBen
V305C,0.3235,LBen
V305D,0.0633,LBen
V305E,0.1098,LBen
V305F,0.1142,LBen
V305G,0.0865,LBen
V305H,0.1664,LBen
V305I,0.0848,LBen
V305K,0.1648,LBen
V305L,0.1135,LBen
V305M,0.1353,LBen
V305N,0.08,LBen
V305P,0.5206,Amb
V305Q,0.1333,LBen
V305R,0.1448,LBen
V305S,0.0632,LBen
V305T,0.0906,LBen
V305W,0.573,LPath
V305Y,0.2095,LBen
L306A,0.0832,LBen
L306C,0.1386,LBen
L306D,0.1961,LBen
L306E,0.1151,LBen
L306F,0.0699,LBen
L306G,0.1326,LBen
L306H,0.0755,LBen
L306I,0.1127,LBen
L306K,0.1139,LBen
L306M,0.075,LBen
L306N,0.1064,LBen
L306P,0.4467,Amb
L306Q,0.0743,LBen
L306R,0.0994,LBen
L306S,0.055,LBen
L306T,0.0844,LBen
L306V,0.0973,LBen
L306W,0.1107,LBen
L306Y,0.1194,LBen
Q307A,0.5242,Amb
Q307C,0.8877,LPath
Q307D,0.8055,LPath
Q307E,0.1947,LBen
Q307F,0.8966,LPath
Q307G,0.5041,Amb
Q307H,0.6635,LPath
Q307I,0.68,LPath
Q307K,0.436,Amb
Q307L,0.2824,LBen
Q307M,0.5998,LPath
Q307N,0.6176,LPath
Q307P,0.3726,Amb
Q307R,0.4006,Amb
Q307S,0.4984,Amb
Q307T,0.5812,LPath
Q307V,0.581,LPath
Q307W,0.8869,LPath
Q307Y,0.8141,LPath
P308A,0.111,LBen
P308C,0.3531,Amb
P308D,0.1799,LBen
P308E,0.1452,LBen
P308F,0.4219,Amb
P308G,0.1986,LBen
P308H,0.1345,LBen
P308I,0.302,LBen
P308K,0.1566,LBen
P308L,0.1455,LBen
P308M,0.3155,LBen
P308N,0.1779,LBen
P308Q,0.1134,LBen
P308R,0.1227,LBen
P308S,0.102,LBen
P308T,0.1029,LBen
P308V,0.2145,LBen
P308W,0.4524,Amb
P308Y,0.2974,LBen
S309A,0.0681,LBen
S309C,0.0799,LBen
S309D,0.1237,LBen
S309E,0.1401,LBen
S309F,0.0926,LBen
S309G,0.0795,LBen
S309H,0.1052,LBen
S309I,0.0691,LBen
S309K,0.1505,LBen
S309L,0.0668,LBen
S309M,0.1185,LBen
S309N,0.0753,LBen
S309P,0.062,LBen
S309Q,0.1448,LBen
S309R,0.1202,LBen
S309T,0.0667,LBen
S309V,0.0802,LBen
S309W,0.1452,LBen
S309Y,0.0857,LBen
L310A,0.0742,LBen
L310C,0.1515,LBen
L310D,0.161,LBen
L310E,0.1083,LBen
L310F,0.0772,LBen
L310G,0.1313,LBen
L310H,0.0845,LBen
L310I,0.067,LBen
L310K,0.0818,LBen
L310M,0.0888,LBen
L310N,0.1093,LBen
L310P,0.0571,LBen
L310Q,0.0715,LBen
L310R,0.073,LBen
L310S,0.0611,LBen
L310T,0.0725,LBen
L310V,0.0613,LBen
L310W,0.1026,LBen
L310Y,0.1361,LBen
K311A,0.1158,LBen
K311C,0.2853,LBen
K311D,0.1575,LBen
K311E,0.0708,LBen
K311F,0.3429,Amb
K311G,0.1333,LBen
K311H,0.1308,LBen
K311I,0.1252,LBen
K311L,0.1353,LBen
K311M,0.124,LBen
K311N,0.1186,LBen
K311P,0.1606,LBen
K311Q,0.0819,LBen
K311R,0.0659,LBen
K311S,0.1193,LBen
K311T,0.0837,LBen
K311V,0.1262,LBen
K311W,0.3822,Amb
K311Y,0.253,LBen
G312A,0.0912,LBen
G312C,0.1121,LBen
G312D,0.068,LBen
G312E,0.0641,LBen
G312F,0.233,LBen
G312H,0.1323,LBen
G312I,0.112,LBen
G312K,0.1125,LBen
G312L,0.1678,LBen
G312M,0.1994,LBen
G312N,0.1016,LBen
G312P,0.2512,LBen
G312Q,0.1175,LBen
G312R,0.104,LBen
G312S,0.0817,LBen
G312T,0.0931,LBen
G312V,0.0867,LBen
G312W,0.1671,LBen
G312Y,0.1353,LBen
Q313A,0.1108,LBen
Q313C,0.286,LBen
Q313D,0.1187,LBen
Q313E,0.0562,LBen
Q313F,0.3395,LBen
Q313G,0.1082,LBen
Q313H,0.1184,LBen
Q313I,0.1565,LBen
Q313K,0.0612,LBen
Q313L,0.0926,LBen
Q313M,0.1859,LBen
Q313N,0.1104,LBen
Q313P,0.0833,LBen
Q313R,0.0748,LBen
Q313S,0.0945,LBen
Q313T,0.0988,LBen
Q313V,0.1154,LBen
Q313W,0.2757,LBen
Q313Y,0.2231,LBen
R314A,0.1408,LBen
R314C,0.1021,LBen
R314D,0.1946,LBen
R314E,0.1117,LBen
R314F,0.2406,LBen
R314G,0.0791,LBen
R314H,0.0877,LBen
R314I,0.1046,LBen
R314K,0.0671,LBen
R314L,0.1244,LBen
R314M,0.1232,LBen
R314N,0.1757,LBen
R314P,0.1672,LBen
R314Q,0.074,LBen
R314S,0.1526,LBen
R314T,0.0971,LBen
R314V,0.144,LBen
R314W,0.1121,LBen
R314Y,0.1807,LBen
N315A,0.121,LBen
N315C,0.1331,LBen
N315D,0.0803,LBen
N315E,0.1232,LBen
N315F,0.2441,LBen
N315G,0.1404,LBen
N315H,0.0841,LBen
N315I,0.1022,LBen
N315K,0.0996,LBen
N315L,0.1283,LBen
N315M,0.1877,LBen
N315P,0.1902,LBen
N315Q,0.1374,LBen
N315R,0.1177,LBen
N315S,0.0736,LBen
N315T,0.0908,LBen
N315V,0.1071,LBen
N315W,0.414,Amb
N315Y,0.0858,LBen
R316A,0.1177,LBen
R316C,0.0866,LBen
R316D,0.2721,LBen
R316E,0.1616,LBen
R316F,0.2317,LBen
R316G,0.0486,LBen
R316H,0.0916,LBen
R316I,0.0994,LBen
R316K,0.0816,LBen
R316L,0.1274,LBen
R316M,0.1369,LBen
R316N,0.2242,LBen
R316P,0.3056,LBen
R316Q,0.082,LBen
R316S,0.1197,LBen
R316T,0.0869,LBen
R316V,0.1336,LBen
R316W,0.1359,LBen
R316Y,0.1702,LBen
P317A,0.1281,LBen
P317C,0.5722,LPath
P317D,0.9009,LPath
P317E,0.7682,LPath
P317F,0.8126,LPath
P317G,0.6138,LPath
P317H,0.6636,LPath
P317I,0.428,Amb
P317K,0.7588,LPath
P317L,0.2579,LBen
P317M,0.5797,LPath
P317N,0.827,LPath
P317Q,0.5944,LPath
P317R,0.6036,LPath
P317S,0.4163,Amb
P317T,0.2551,LBen
P317V,0.3113,LBen
P317W,0.9168,LPath
P317Y,0.8271,LPath
G318A,0.1264,LBen
G318C,0.2223,LBen
G318D,0.5432,Amb
G318E,0.3831,Amb
G318F,0.6987,LPath
G318H,0.5726,LPath
G318I,0.3701,Amb
G318K,0.5004,Amb
G318L,0.5194,Amb
G318M,0.5542,Amb
G318N,0.5156,Amb
G318P,0.9153,LPath
G318Q,0.4335,Amb
G318R,0.332,LBen
G318S,0.1279,LBen
G318T,0.2162,LBen
G318V,0.267,LBen
G318W,0.5705,LPath
G318Y,0.5712,LPath
M319A,0.7768,LPath
M319C,0.7904,LPath
M319D,0.9904,LPath
M319E,0.9563,LPath
M319F,0.4511,Amb
M319G,0.9038,LPath
M319H,0.9487,LPath
M319I,0.4519,Amb
M319K,0.8403,LPath
M319L,0.1814,LBen
M319N,0.9351,LPath
M319P,0.987,LPath
M319Q,0.8433,LPath
M319R,0.8389,LPath
M319S,0.8593,LPath
M319T,0.7482,LPath
M319V,0.1556,LBen
M319W,0.9377,LPath
M319Y,0.8779,LPath
L320A,0.8203,LPath
L320C,0.8483,LPath
L320D,0.9985,LPath
L320E,0.9908,LPath
L320F,0.726,LPath
L320G,0.975,LPath
L320H,0.9846,LPath
L320I,0.1787,LBen
L320K,0.9857,LPath
L320M,0.3522,Amb
L320N,0.9929,LPath
L320P,0.9855,LPath
L320Q,0.9729,LPath
L320R,0.97,LPath
L320S,0.9795,LPath
L320T,0.9091,LPath
L320V,0.1781,LBen
L320W,0.9598,LPath
L320Y,0.9677,LPath
V321A,0.752,LPath
V321C,0.8868,LPath
V321D,0.9805,LPath
V321E,0.9644,LPath
V321F,0.6447,LPath
V321G,0.8303,LPath
V321H,0.9814,LPath
V321I,0.0882,LBen
V321K,0.9766,LPath
V321L,0.5083,Amb
V321M,0.6031,LPath
V321N,0.9515,LPath
V321P,0.9824,LPath
V321Q,0.9577,LPath
V321R,0.9572,LPath
V321S,0.8466,LPath
V321T,0.8395,LPath
V321W,0.9881,LPath
V321Y,0.9525,LPath
L322A,0.8573,LPath
L322C,0.7966,LPath
L322D,0.9963,LPath
L322E,0.9787,LPath
L322F,0.4705,Amb
L322G,0.9767,LPath
L322H,0.9611,LPath
L322I,0.1325,LBen
L322K,0.9737,LPath
L322M,0.1956,LBen
L322N,0.9802,LPath
L322P,0.9805,LPath
L322Q,0.9274,LPath
L322R,0.9545,LPath
L322S,0.947,LPath
L322T,0.8896,LPath
L322V,0.1672,LBen
L322W,0.9078,LPath
L322Y,0.9366,LPath
T323A,0.0975,LBen
T323C,0.2852,LBen
T323D,0.9591,LPath
T323E,0.8856,LPath
T323F,0.7234,LPath
T323G,0.6085,LPath
T323H,0.8562,LPath
T323I,0.2324,LBen
T323K,0.8912,LPath
T323L,0.1198,LBen
T323M,0.1448,LBen
T323N,0.5492,Amb
T323P,0.4897,Amb
T323Q,0.8152,LPath
T323R,0.8527,LPath
T323S,0.2262,LBen
T323V,0.1621,LBen
T323W,0.9747,LPath
T323Y,0.8715,LPath
P324A,0.4879,Amb
P324C,0.9453,LPath
P324D,0.9845,LPath
P324E,0.958,LPath
P324F,0.9912,LPath
P324G,0.9006,LPath
P324H,0.9317,LPath
P324I,0.977,LPath
P324K,0.9755,LPath
P324L,0.8249,LPath
P324M,0.9664,LPath
P324N,0.9719,LPath
P324Q,0.9005,LPath
P324R,0.9013,LPath
P324S,0.7022,LPath
P324T,0.7725,LPath
P324V,0.9161,LPath
P324W,0.9951,LPath
P324Y,0.9893,LPath
T325A,0.4714,Amb
T325C,0.8909,LPath
T325D,0.973,LPath
T325E,0.9406,LPath
T325F,0.9323,LPath
T325G,0.8272,LPath
T325H,0.9245,LPath
T325I,0.8839,LPath
T325K,0.9107,LPath
T325L,0.6704,LPath
T325M,0.4568,Amb
T325N,0.8147,LPath
T325P,0.7914,LPath
T325Q,0.8678,LPath
T325R,0.8634,LPath
T325S,0.5109,Amb
T325V,0.7095,LPath
T325W,0.9877,LPath
T325Y,0.9598,LPath
R326A,0.9339,LPath
R326C,0.6162,LPath
R326D,0.9843,LPath
R326E,0.8707,LPath
R326F,0.965,LPath
R326G,0.8687,LPath
R326H,0.5505,Amb
R326I,0.9356,LPath
R326K,0.5628,Amb
R326L,0.848,LPath
R326M,0.9089,LPath
R326N,0.9784,LPath
R326P,0.9602,LPath
R326Q,0.4871,Amb
R326S,0.9361,LPath
R326T,0.9,LPath
R326V,0.9296,LPath
R326W,0.4787,Amb
R326Y,0.9088,LPath
E327A,0.9592,LPath
E327C,0.9948,LPath
E327D,0.9708,LPath
E327F,0.9975,LPath
E327G,0.9536,LPath
E327H,0.993,LPath
E327I,0.9882,LPath
E327K,0.975,LPath
E327L,0.9916,LPath
E327M,0.9905,LPath
E327N,0.9909,LPath
E327P,0.9945,LPath
E327Q,0.9151,LPath
E327R,0.9739,LPath
E327S,0.9711,LPath
E327T,0.9899,LPath
E327V,0.9714,LPath
E327W,0.9991,LPath
E327Y,0.9954,LPath
L328A,0.7905,LPath
L328C,0.9191,LPath
L328D,0.9809,LPath
L328E,0.9111,LPath
L328F,0.8049,LPath
L328G,0.9019,LPath
L328H,0.872,LPath
L328I,0.5333,Amb
L328K,0.8291,LPath
L328M,0.4861,Amb
L328N,0.8809,LPath
L328P,0.9712,LPath
L328Q,0.8531,LPath
L328R,0.7575,LPath
L328S,0.9154,LPath
L328T,0.8219,LPath
L328V,0.549,Amb
L328W,0.867,LPath
L328Y,0.9098,LPath
A329C,0.6807,LPath
A329D,0.9698,LPath
A329E,0.9632,LPath
A329F,0.9426,LPath
A329G,0.3925,Amb
A329H,0.9805,LPath
A329I,0.8464,LPath
A329K,0.9912,LPath
A329L,0.7039,LPath
A329M,0.8163,LPath
A329N,0.9468,LPath
A329P,0.9622,LPath
A329Q,0.9366,LPath
A329R,0.9648,LPath
A329S,0.2128,LBen
A329T,0.5373,Amb
A329V,0.5396,Amb
A329W,0.9927,LPath
A329Y,0.9734,LPath
L330A,0.3119,LBen
L330C,0.4525,Amb
L330D,0.8408,LPath
L330E,0.4071,Amb
L330F,0.2112,LBen
L330G,0.5652,LPath
L330H,0.3224,LBen
L330I,0.086,LBen
L330K,0.2236,LBen
L330M,0.1011,LBen
L330N,0.4996,Amb
L330P,0.9138,LPath
L330Q,0.138,LBen
L330R,0.1708,LBen
L330S,0.3223,LBen
L330T,0.2546,LBen
L330V,0.0905,LBen
L330W,0.3037,LBen
L330Y,0.4885,Amb
Q331A,0.6861,LPath
Q331C,0.989,LPath
Q331D,0.9532,LPath
Q331E,0.4025,Amb
Q331F,0.9737,LPath
Q331G,0.7831,LPath
Q331H,0.9356,LPath
Q331I,0.8532,LPath
Q331K,0.7112,LPath
Q331L,0.6077,LPath
Q331M,0.7738,LPath
Q331N,0.9139,LPath
Q331P,0.9109,LPath
Q331R,0.7493,LPath
Q331S,0.7273,LPath
Q331T,0.7738,LPath
Q331V,0.8177,LPath
Q331W,0.9819,LPath
Q331Y,0.9759,LPath
V332A,0.3811,Amb
V332C,0.9008,LPath
V332D,0.9021,LPath
V332E,0.8344,LPath
V332F,0.7076,LPath
V332G,0.5385,Amb
V332H,0.9703,LPath
V332I,0.1074,LBen
V332K,0.9216,LPath
V332L,0.6073,LPath
V332M,0.4143,Amb
V332N,0.8308,LPath
V332P,0.979,LPath
V332Q,0.8887,LPath
V332R,0.9016,LPath
V332S,0.5979,LPath
V332T,0.3215,LBen
V332W,0.9823,LPath
V332Y,0.9497,LPath
E333A,0.1245,LBen
E333C,0.689,LPath
E333D,0.3243,LBen
E333F,0.5977,LPath
E333G,0.1567,LBen
E333H,0.2605,LBen
E333I,0.4769,Amb
E333K,0.1042,LBen
E333L,0.3598,Amb
E333M,0.408,Amb
E333N,0.3369,LBen
E333P,0.9502,LPath
E333Q,0.0826,LBen
E333R,0.137,LBen
E333S,0.1756,LBen
E333T,0.2982,LBen
E333V,0.2999,LBen
E333W,0.7809,LPath
E333Y,0.4224,Amb
G334A,0.0562,LBen
G334C,0.1351,LBen
G334D,0.1158,LBen
G334E,0.0988,LBen
G334F,0.28,LBen
G334H,0.1755,LBen
G334I,0.1515,LBen
G334K,0.1284,LBen
G334L,0.1713,LBen
G334M,0.1745,LBen
G334N,0.1217,LBen
G334P,0.9225,LPath
G334Q,0.1305,LBen
G334R,0.1109,LBen
G334S,0.0704,LBen
G334T,0.07,LBen
G334V,0.1045,LBen
G334W,0.2339,LBen
G334Y,0.1897,LBen
E335A,0.4516,Amb
E335C,0.9478,LPath
E335D,0.7261,LPath
E335F,0.9345,LPath
E335G,0.7311,LPath
E335H,0.9101,LPath
E335I,0.6345,LPath
E335K,0.7135,LPath
E335L,0.839,LPath
E335M,0.7915,LPath
E335N,0.7656,LPath
E335P,0.983,LPath
E335Q,0.407,Amb
E335R,0.806,LPath
E335S,0.6142,LPath
E335T,0.6753,LPath
E335V,0.4263,Amb
E335W,0.9894,LPath
E335Y,0.9278,LPath
C336A,0.4235,Amb
C336D,0.9729,LPath
C336E,0.9853,LPath
C336F,0.5103,Amb
C336G,0.3444,Amb
C336H,0.9485,LPath
C336I,0.5178,Amb
C336K,0.9891,LPath
C336L,0.6281,LPath
C336M,0.7547,LPath
C336N,0.8864,LPath
C336P,0.9941,LPath
C336Q,0.9676,LPath
C336R,0.9416,LPath
C336S,0.3997,Amb
C336T,0.5049,Amb
C336V,0.358,Amb
C336W,0.8839,LPath
C336Y,0.7584,LPath
C337A,0.0956,LBen
C337D,0.1419,LBen
C337E,0.1648,LBen
C337F,0.0702,LBen
C337G,0.0609,LBen
C337H,0.0757,LBen
C337I,0.1526,LBen
C337K,0.1038,LBen
C337L,0.1049,LBen
C337M,0.1887,LBen
C337N,0.092,LBen
C337P,0.7644,LPath
C337Q,0.0937,LBen
C337R,0.0544,LBen
C337S,0.0662,LBen
C337T,0.1085,LBen
C337V,0.1481,LBen
C337W,0.1407,LBen
C337Y,0.0793,LBen
K338A,0.6887,LPath
K338C,0.7803,LPath
K338D,0.8274,LPath
K338E,0.4495,Amb
K338F,0.904,LPath
K338G,0.7288,LPath
K338H,0.4829,Amb
K338I,0.616,LPath
K338L,0.5497,Amb
K338M,0.4808,Amb
K338N,0.6923,LPath
K338P,0.9191,LPath
K338Q,0.2876,LBen
K338R,0.0863,LBen
K338S,0.7028,LPath
K338T,0.4517,Amb
K338V,0.6289,LPath
K338W,0.8543,LPath
K338Y,0.8056,LPath
Y339A,0.9086,LPath
Y339C,0.4816,Amb
Y339D,0.8781,LPath
Y339E,0.9691,LPath
Y339F,0.1222,LBen
Y339G,0.8535,LPath
Y339H,0.7158,LPath
Y339I,0.6542,LPath
Y339K,0.9643,LPath
Y339L,0.6533,LPath
Y339M,0.8088,LPath
Y339N,0.6772,LPath
Y339P,0.9803,LPath
Y339Q,0.9528,LPath
Y339R,0.936,LPath
Y339S,0.8038,LPath
Y339T,0.8866,LPath
Y339V,0.6223,LPath
Y339W,0.6626,LPath
S340A,0.0752,LBen
S340C,0.1005,LBen
S340D,0.2365,LBen
S340E,0.2832,LBen
S340F,0.1468,LBen
S340G,0.0891,LBen
S340H,0.1923,LBen
S340I,0.1403,LBen
S340K,0.2958,LBen
S340L,0.0956,LBen
S340M,0.1805,LBen
S340N,0.1158,LBen
S340P,0.1769,LBen
S340Q,0.2741,LBen
S340R,0.234,LBen
S340T,0.0737,LBen
S340V,0.1458,LBen
S340W,0.2301,LBen
S340Y,0.1282,LBen
Y341A,0.5401,Amb
Y341C,0.1428,LBen
Y341D,0.4383,Amb
Y341E,0.688,LPath
Y341F,0.0813,LBen
Y341G,0.4331,Amb
Y341H,0.2362,LBen
Y341I,0.4227,Amb
Y341K,0.6389,LPath
Y341L,0.4129,Amb
Y341M,0.5837,LPath
Y341N,0.3145,LBen
Y341P,0.7601,LPath
Y341Q,0.5842,LPath
Y341R,0.4802,Amb
Y341S,0.274,LBen
Y341T,0.4992,Amb
Y341V,0.3359,LBen
Y341W,0.2733,LBen
K342A,0.2165,LBen
K342C,0.414,Amb
K342D,0.2838,LBen
K342E,0.0972,LBen
K342F,0.618,LPath
K342G,0.2067,LBen
K342H,0.2056,LBen
K342I,0.3847,Amb
K342L,0.2639,LBen
K342M,0.2039,LBen
K342N,0.2301,LBen
K342P,0.5049,Amb
K342Q,0.105,LBen
K342R,0.0753,LBen
K342S,0.2303,LBen
K342T,0.1816,LBen
K342V,0.3204,LBen
K342W,0.6084,LPath
K342Y,0.4394,Amb
G343A,0.1548,LBen
G343C,0.1736,LBen
G343D,0.0861,LBen
G343E,0.1375,LBen
G343F,0.4056,Amb
G343H,0.2205,LBen
G343I,0.2945,LBen
G343K,0.2594,LBen
G343L,0.3905,Amb
G343M,0.3926,Amb
G343N,0.1207,LBen
G343P,0.7092,LPath
G343Q,0.2154,LBen
G343R,0.2214,LBen
G343S,0.0968,LBen
G343T,0.168,LBen
G343V,0.2129,LBen
G343W,0.3256,LBen
G343Y,0.2209,LBen
L344A,0.5527,Amb
L344C,0.4986,Amb
L344D,0.93,LPath
L344E,0.7451,LPath
L344F,0.1273,LBen
L344G,0.7743,LPath
L344H,0.4717,Amb
L344I,0.098,LBen
L344K,0.5234,Amb
L344M,0.1405,LBen
L344N,0.7267,LPath
L344P,0.7497,LPath
L344Q,0.433,Amb
L344R,0.4329,Amb
L344S,0.6581,LPath
L344T,0.5472,Amb
L344V,0.1304,LBen
L344W,0.2797,LBen
L344Y,0.3745,Amb
R345A,0.1958,LBen
R345C,0.1194,LBen
R345D,0.3576,Amb
R345E,0.1973,LBen
R345F,0.3164,LBen
R345G,0.1289,LBen
R345H,0.0824,LBen
R345I,0.1378,LBen
R345K,0.0639,LBen
R345L,0.1466,LBen
R345M,0.1456,LBen
R345N,0.2442,LBen
R345P,0.5655,LPath
R345Q,0.0881,LBen
R345S,0.1815,LBen
R345T,0.0965,LBen
R345V,0.1775,LBen
R345W,0.1633,LBen
R345Y,0.2248,LBen
S346A,0.0812,LBen
S346C,0.0751,LBen
S346D,0.8208,LPath
S346E,0.877,LPath
S346F,0.4152,Amb
S346G,0.1227,LBen
S346H,0.5834,LPath
S346I,0.3192,LBen
S346K,0.886,LPath
S346L,0.195,LBen
S346M,0.324,LBen
S346N,0.3068,LBen
S346P,0.3866,Amb
S346Q,0.788,LPath
S346R,0.8419,LPath
S346T,0.1107,LBen
S346V,0.2451,LBen
S346W,0.5762,LPath
S346Y,0.344,Amb
V347A,0.1439,LBen
V347C,0.4994,Amb
V347D,0.5445,Amb
V347E,0.4665,Amb
V347F,0.1734,LBen
V347G,0.2334,LBen
V347H,0.5671,LPath
V347I,0.0711,LBen
V347K,0.3301,LBen
V347L,0.1637,LBen
V347M,0.1397,LBen
V347N,0.3496,Amb
V347P,0.8811,LPath
V347Q,0.4058,Amb
V347R,0.2778,LBen
V347S,0.2025,LBen
V347T,0.1577,LBen
V347W,0.7859,LPath
V347Y,0.5282,Amb
C348A,0.5009,Amb
C348D,0.9733,LPath
C348E,0.9795,LPath
C348F,0.7336,LPath
C348G,0.416,Amb
C348H,0.9182,LPath
C348I,0.7803,LPath
C348K,0.9536,LPath
C348L,0.694,LPath
C348M,0.8784,LPath
C348N,0.8945,LPath
C348P,0.888,LPath
C348Q,0.9244,LPath
C348R,0.7571,LPath
C348S,0.5415,Amb
C348T,0.6809,LPath
C348V,0.5926,LPath
C348W,0.9284,LPath
C348Y,0.8623,LPath
V349A,0.4992,Amb
V349C,0.6731,LPath
V349D,0.9532,LPath
V349E,0.9299,LPath
V349F,0.3453,Amb
V349G,0.7,LPath
V349H,0.9531,LPath
V349I,0.064,LBen
V349K,0.9262,LPath
V349L,0.1608,LBen
V349M,0.2571,LBen
V349N,0.8537,LPath
V349P,0.9252,LPath
V349Q,0.9064,LPath
V349R,0.8736,LPath
V349S,0.7017,LPath
V349T,0.6266,LPath
V349W,0.9466,LPath
V349Y,0.837,LPath
Y350A,0.865,LPath
Y350C,0.2463,LBen
Y350D,0.8968,LPath
Y350E,0.9692,LPath
Y350F,0.1094,LBen
Y350G,0.82,LPath
Y350H,0.5847,LPath
Y350I,0.7105,LPath
Y350K,0.9515,LPath
Y350L,0.7631,LPath
Y350M,0.8411,LPath
Y350N,0.7214,LPath
Y350P,0.9677,LPath
Y350Q,0.9263,LPath
Y350R,0.8527,LPath
Y350S,0.5831,LPath
Y350T,0.8224,LPath
Y350V,0.5594,Amb
Y350W,0.4898,Amb
G351A,0.6541,LPath
G351C,0.8029,LPath
G351D,0.949,LPath
G351E,0.9485,LPath
G351F,0.9704,LPath
G351H,0.9591,LPath
G351I,0.9284,LPath
G351K,0.9575,LPath
G351L,0.9563,LPath
G351M,0.9736,LPath
G351N,0.9594,LPath
G351P,0.9874,LPath
G351Q,0.9368,LPath
G351R,0.8302,LPath
G351S,0.5125,Amb
G351T,0.8577,LPath
G351V,0.8749,LPath
G351W,0.8984,LPath
G351Y,0.9591,LPath
G352A,0.5168,Amb
G352C,0.6042,LPath
G352D,0.828,LPath
G352E,0.824,LPath
G352F,0.902,LPath
G352H,0.8792,LPath
G352I,0.8202,LPath
G352K,0.8492,LPath
G352L,0.8826,LPath
G352M,0.8761,LPath
G352N,0.822,LPath
G352P,0.9783,LPath
G352Q,0.795,LPath
G352R,0.6813,LPath
G352S,0.3393,LBen
G352T,0.6652,LPath
G352V,0.7494,LPath
G352W,0.7923,LPath
G352Y,0.881,LPath
G353A,0.1574,LBen
G353C,0.1944,LBen
G353D,0.4102,Amb
G353E,0.2781,LBen
G353F,0.6446,LPath
G353H,0.4749,Amb
G353I,0.3109,LBen
G353K,0.3061,LBen
G353L,0.4788,Amb
G353M,0.4683,Amb
G353N,0.4314,Amb
G353P,0.9448,LPath
G353Q,0.2739,LBen
G353R,0.2003,LBen
G353S,0.1312,LBen
G353T,0.2039,LBen
G353V,0.2185,LBen
G353W,0.4311,Amb
G353Y,0.5279,Amb
N354A,0.2076,LBen
N354C,0.163,LBen
N354D,0.0714,LBen
N354E,0.2561,LBen
N354F,0.4707,Amb
N354G,0.253,LBen
N354H,0.0977,LBen
N354I,0.1844,LBen
N354K,0.1614,LBen
N354L,0.2286,LBen
N354M,0.306,LBen
N354P,0.5326,Amb
N354Q,0.2366,LBen
N354R,0.1801,LBen
N354S,0.0735,LBen
N354T,0.1451,LBen
N354V,0.1808,LBen
N354W,0.6526,LPath
N354Y,0.1427,LBen
R355A,0.7353,LPath
R355C,0.3495,Amb
R355D,0.9125,LPath
R355E,0.6445,LPath
R355F,0.8171,LPath
R355G,0.6052,LPath
R355H,0.2501,LBen
R355I,0.4534,Amb
R355K,0.1702,LBen
R355L,0.5432,Amb
R355M,0.5314,Amb
R355N,0.8968,LPath
R355P,0.8065,LPath
R355Q,0.2181,LBen
R355S,0.8292,LPath
R355T,0.5561,Amb
R355V,0.6049,LPath
R355W,0.282,LBen
R355Y,0.6523,LPath
D356A,0.0782,LBen
D356C,0.2471,LBen
D356E,0.0791,LBen
D356F,0.2806,LBen
D356G,0.0828,LBen
D356H,0.1054,LBen
D356I,0.144,LBen
D356K,0.0851,LBen
D356L,0.1548,LBen
D356M,0.2565,LBen
D356N,0.0673,LBen
D356P,0.417,Amb
D356Q,0.1101,LBen
D356R,0.0985,LBen
D356S,0.0767,LBen
D356T,0.1052,LBen
D356V,0.0921,LBen
D356W,0.5066,Amb
D356Y,0.0947,LBen
E357A,0.078,LBen
E357C,0.4253,Amb
E357D,0.1019,LBen
E357F,0.4039,Amb
E357G,0.0591,LBen
E357H,0.2044,LBen
E357I,0.1642,LBen
E357K,0.0652,LBen
E357L,0.1843,LBen
E357M,0.2115,LBen
E357N,0.1485,LBen
E357P,0.6722,LPath
E357Q,0.0804,LBen
E357R,0.0909,LBen
E357S,0.1065,LBen
E357T,0.1114,LBen
E357V,0.1184,LBen
E357W,0.4835,Amb
E357Y,0.2907,LBen
Q358A,0.6615,LPath
Q358C,0.9729,LPath
Q358D,0.767,LPath
Q358E,0.2379,LBen
Q358F,0.9808,LPath
Q358G,0.7574,LPath
Q358H,0.8665,LPath
Q358I,0.7591,LPath
Q358K,0.6452,LPath
Q358L,0.603,LPath
Q358M,0.6007,LPath
Q358N,0.6553,LPath
Q358P,0.8362,LPath
Q358R,0.8064,LPath
Q358S,0.7233,LPath
Q358T,0.7005,LPath
Q358V,0.6976,LPath
Q358W,0.988,LPath
Q358Y,0.9613,LPath
I359A,0.255,LBen
I359C,0.6851,LPath
I359D,0.879,LPath
I359E,0.5484,Amb
I359F,0.3205,LBen
I359G,0.6757,LPath
I359H,0.6772,LPath
I359K,0.2888,LBen
I359L,0.1829,LBen
I359M,0.0992,LBen
I359N,0.5316,Amb
I359P,0.9529,LPath
I359Q,0.4257,Amb
I359R,0.2182,LBen
I359S,0.3864,Amb
I359T,0.1736,LBen
I359V,0.0933,LBen
I359W,0.7961,LPath
I359Y,0.6797,LPath
E360A,0.0759,LBen
E360C,0.4377,Amb
E360D,0.1128,LBen
E360F,0.4326,Amb
E360G,0.0742,LBen
E360H,0.1933,LBen
E360I,0.192,LBen
E360K,0.0663,LBen
E360L,0.1652,LBen
E360M,0.2224,LBen
E360N,0.1321,LBen
E360P,0.6491,LPath
E360Q,0.0798,LBen
E360R,0.0857,LBen
E360S,0.1015,LBen
E360T,0.109,LBen
E360V,0.1344,LBen
E360W,0.504,Amb
E360Y,0.3062,LBen
E361A,0.0728,LBen
E361C,0.3338,LBen
E361D,0.0796,LBen
E361F,0.3174,LBen
E361G,0.0739,LBen
E361H,0.1822,LBen
E361I,0.1326,LBen
E361K,0.0775,LBen
E361L,0.1539,LBen
E361M,0.1989,LBen
E361N,0.1061,LBen
E361P,0.7092,LPath
E361Q,0.0858,LBen
E361R,0.1103,LBen
E361S,0.096,LBen
E361T,0.1008,LBen
E361V,0.0892,LBen
E361W,0.5139,Amb
E361Y,0.2125,LBen
L362A,0.5888,LPath
L362C,0.5767,LPath
L362D,0.9675,LPath
L362E,0.8866,LPath
L362F,0.3152,LBen
L362G,0.8341,LPath
L362H,0.7981,LPath
L362I,0.0848,LBen
L362K,0.8493,LPath
L362M,0.1429,LBen
L362N,0.8418,LPath
L362P,0.9153,LPath
L362Q,0.7369,LPath
L362R,0.7926,LPath
L362S,0.7893,LPath
L362T,0.5332,Amb
L362V,0.0998,LBen
L362W,0.6003,LPath
L362Y,0.6875,LPath
K363A,0.1612,LBen
K363C,0.282,LBen
K363D,0.2755,LBen
K363E,0.0808,LBen
K363F,0.4741,Amb
K363G,0.1395,LBen
K363H,0.1684,LBen
K363I,0.1989,LBen
K363L,0.1744,LBen
K363M,0.128,LBen
K363N,0.1551,LBen
K363P,0.6844,LPath
K363Q,0.0729,LBen
K363R,0.0646,LBen
K363S,0.1389,LBen
K363T,0.0894,LBen
K363V,0.1977,LBen
K363W,0.3929,Amb
K363Y,0.3179,LBen
K364A,0.1634,LBen
K364C,0.3685,Amb
K364D,0.2149,LBen
K364E,0.0859,LBen
K364F,0.4566,Amb
K364G,0.1596,LBen
K364H,0.2027,LBen
K364I,0.2179,LBen
K364L,0.1901,LBen
K364M,0.1334,LBen
K364N,0.1332,LBen
K364P,0.6545,LPath
K364Q,0.1019,LBen
K364R,0.0754,LBen
K364S,0.1593,LBen
K364T,0.1102,LBen
K364V,0.2024,LBen
K364W,0.4694,Amb
K364Y,0.3156,LBen
G365A,0.2175,LBen
G365C,0.273,LBen
G365D,0.1625,LBen
G365E,0.22,LBen
G365F,0.7287,LPath
G365H,0.4361,Amb
G365I,0.5201,Amb
G365K,0.4284,Amb
G365L,0.6472,LPath
G365M,0.6213,LPath
G365N,0.2462,LBen
G365P,0.7529,LPath
G365Q,0.3618,Amb
G365R,0.3491,Amb
G365S,0.149,LBen
G365T,0.2672,LBen
G365V,0.3584,Amb
G365W,0.5154,Amb
G365Y,0.4511,Amb
V366A,0.1006,LBen
V366C,0.4934,Amb
V366D,0.6191,LPath
V366E,0.5904,LPath
V366F,0.3321,LBen
V366G,0.2278,LBen
V366H,0.739,LPath
V366I,0.0929,LBen
V366K,0.5489,Amb
V366L,0.4016,Amb
V366M,0.2333,LBen
V366N,0.4004,Amb
V366P,0.5939,LPath
V366Q,0.5489,Amb
V366R,0.4558,Amb
V366S,0.1861,LBen
V366T,0.1396,LBen
V366W,0.8851,LPath
V366Y,0.717,LPath
D367A,0.612,LPath
D367C,0.8699,LPath
D367E,0.4966,Amb
D367F,0.9289,LPath
D367G,0.4613,Amb
D367H,0.4666,Amb
D367I,0.9339,LPath
D367K,0.8194,LPath
D367L,0.9099,LPath
D367M,0.9472,LPath
D367N,0.2122,LBen
D367P,0.9509,LPath
D367Q,0.6507,LPath
D367R,0.8143,LPath
D367S,0.3071,LBen
D367T,0.7267,LPath
D367V,0.8463,LPath
D367W,0.9777,LPath
D367Y,0.6386,LPath
I368A,0.8222,LPath
I368C,0.7845,LPath
I368D,0.9907,LPath
I368E,0.9848,LPath
I368F,0.5088,Amb
I368G,0.9556,LPath
I368H,0.971,LPath
I368K,0.9688,LPath
I368L,0.2821,LBen
I368M,0.2204,LBen
I368N,0.8904,LPath
I368P,0.9929,LPath
I368Q,0.9729,LPath
I368R,0.9502,LPath
I368S,0.8557,LPath
I368T,0.7693,LPath
I368V,0.097,LBen
I368W,0.9709,LPath
I368Y,0.8988,LPath
I369A,0.7541,LPath
I369C,0.7785,LPath
I369D,0.9872,LPath
I369E,0.9781,LPath
I369F,0.4672,Amb
I369G,0.952,LPath
I369H,0.9641,LPath
I369K,0.955,LPath
I369L,0.1302,LBen
I369M,0.1739,LBen
I369N,0.9001,LPath
I369P,0.9783,LPath
I369Q,0.961,LPath
I369R,0.9356,LPath
I369S,0.8421,LPath
I369T,0.7052,LPath
I369V,0.0797,LBen
I369W,0.9662,LPath
I369Y,0.8926,LPath
I370A,0.6222,LPath
I370C,0.8855,LPath
I370D,0.9954,LPath
I370E,0.9873,LPath
I370F,0.7354,LPath
I370G,0.9662,LPath
I370H,0.9855,LPath
I370K,0.9754,LPath
I370L,0.4622,Amb
I370M,0.3691,Amb
I370N,0.9371,LPath
I370P,0.98,LPath
I370Q,0.9795,LPath
I370R,0.9576,LPath
I370S,0.7651,LPath
I370T,0.3878,Amb
I370V,0.0923,LBen
I370W,0.9887,LPath
I370Y,0.9716,LPath
A371C,0.792,LPath
A371D,0.9918,LPath
A371E,0.9953,LPath
A371F,0.9921,LPath
A371G,0.2068,LBen
A371H,0.9965,LPath
A371I,0.9916,LPath
A371K,0.9984,LPath
A371L,0.9648,LPath
A371M,0.9794,LPath
A371N,0.989,LPath
A371P,0.992,LPath
A371Q,0.9896,LPath
A371R,0.9924,LPath
A371S,0.2969,LBen
A371T,0.8047,LPath
A371V,0.9462,LPath
A371W,0.9994,LPath
A371Y,0.9965,LPath
T372A,0.42,Amb
T372C,0.6737,LPath
T372D,0.9849,LPath
T372E,0.9629,LPath
T372F,0.9359,LPath
T372G,0.9136,LPath
T372H,0.9291,LPath
T372I,0.7841,LPath
T372K,0.9229,LPath
T372L,0.5503,Amb
T372M,0.3504,Amb
T372N,0.8004,LPath
T372P,0.577,LPath
T372Q,0.916,LPath
T372R,0.8907,LPath
T372S,0.5634,Amb
T372V,0.6411,LPath
T372W,0.995,LPath
T372Y,0.9708,LPath
P373A,0.5701,LPath
P373C,0.9501,LPath
P373D,0.9936,LPath
P373E,0.9807,LPath
P373F,0.9902,LPath
P373G,0.9652,LPath
P373H,0.968,LPath
P373I,0.9161,LPath
P373K,0.9848,LPath
P373L,0.7268,LPath
P373M,0.9475,LPath
P373N,0.9878,LPath
P373Q,0.959,LPath
P373R,0.934,LPath
P373S,0.8485,LPath
P373T,0.6897,LPath
P373V,0.8067,LPath
P373W,0.9957,LPath
P373Y,0.9937,LPath
G374A,0.5928,LPath
G374C,0.8135,LPath
G374D,0.9454,LPath
G374E,0.9037,LPath
G374F,0.9649,LPath
G374H,0.9704,LPath
G374I,0.9345,LPath
G374K,0.9601,LPath
G374L,0.9312,LPath
G374M,0.9525,LPath
G374N,0.9507,LPath
G374P,0.9895,LPath
G374Q,0.9173,LPath
G374R,0.8622,LPath
G374S,0.4568,Amb
G374T,0.867,LPath
G374V,0.8518,LPath
G374W,0.9076,LPath
G374Y,0.9602,LPath
R375A,0.9801,LPath
R375C,0.7457,LPath
R375D,0.9915,LPath
R375E,0.944,LPath
R375F,0.9702,LPath
R375G,0.9542,LPath
R375H,0.714,LPath
R375I,0.9208,LPath
R375K,0.7551,LPath
R375L,0.9111,LPath
R375M,0.9562,LPath
R375N,0.9831,LPath
R375P,0.9926,LPath
R375Q,0.7083,LPath
R375S,0.9817,LPath
R375T,0.974,LPath
R375V,0.9566,LPath
R375W,0.7758,LPath
R375Y,0.9461,LPath
L376A,0.9058,LPath
L376C,0.8476,LPath
L376D,0.9975,LPath
L376E,0.9847,LPath
L376F,0.5287,Amb
L376G,0.9651,LPath
L376H,0.975,LPath
L376I,0.3871,Amb
L376K,0.9721,LPath
L376M,0.3305,LBen
L376N,0.9887,LPath
L376P,0.9891,LPath
L376Q,0.9545,LPath
L376R,0.9568,LPath
L376S,0.9799,LPath
L376T,0.929,LPath
L376V,0.4302,Amb
L376W,0.8913,LPath
L376Y,0.9269,LPath
N377A,0.4018,Amb
N377C,0.188,LBen
N377D,0.4544,Amb
N377E,0.6837,LPath
N377F,0.5808,LPath
N377G,0.4622,Amb
N377H,0.0746,LBen
N377I,0.2828,LBen
N377K,0.5429,Amb
N377L,0.2675,LBen
N377M,0.4122,Amb
N377P,0.9449,LPath
N377Q,0.4802,Amb
N377R,0.4821,Amb
N377S,0.1161,LBen
N377T,0.2935,LBen
N377V,0.3418,Amb
N377W,0.6566,LPath
N377Y,0.1476,LBen
D378A,0.8679,LPath
D378C,0.9531,LPath
D378E,0.8181,LPath
D378F,0.9218,LPath
D378G,0.88,LPath
D378H,0.8087,LPath
D378I,0.9421,LPath
D378K,0.9494,LPath
D378L,0.9464,LPath
D378M,0.9778,LPath
D378N,0.6665,LPath
D378P,0.9957,LPath
D378Q,0.9244,LPath
D378R,0.9252,LPath
D378S,0.7196,LPath
D378T,0.9261,LPath
D378V,0.8602,LPath
D378W,0.9869,LPath
D378Y,0.6166,LPath
L379A,0.8859,LPath
L379C,0.755,LPath
L379D,0.9931,LPath
L379E,0.9626,LPath
L379F,0.2188,LBen
L379G,0.9702,LPath
L379H,0.8126,LPath
L379I,0.1952,LBen
L379K,0.9288,LPath
L379M,0.1776,LBen
L379N,0.9623,LPath
L379P,0.9878,LPath
L379Q,0.8491,LPath
L379R,0.8806,LPath
L379S,0.9498,LPath
L379T,0.8897,LPath
L379V,0.2843,LBen
L379W,0.6769,LPath
L379Y,0.7537,LPath
Q380A,0.4664,Amb
Q380C,0.7997,LPath
Q380D,0.9482,LPath
Q380E,0.2287,LBen
Q380F,0.9247,LPath
Q380G,0.6985,LPath
Q380H,0.7139,LPath
Q380I,0.3921,Amb
Q380K,0.2644,LBen
Q380L,0.2386,LBen
Q380M,0.4449,Amb
Q380N,0.8164,LPath
Q380P,0.907,LPath
Q380R,0.2831,LBen
Q380S,0.6767,LPath
Q380T,0.5382,Amb
Q380V,0.3083,LBen
Q380W,0.9264,LPath
Q380Y,0.8574,LPath
M381A,0.3864,Amb
M381C,0.6123,LPath
M381D,0.681,LPath
M381E,0.3642,Amb
M381F,0.4059,Amb
M381G,0.4954,Amb
M381H,0.4057,Amb
M381I,0.4564,Amb
M381K,0.1427,LBen
M381L,0.1514,LBen
M381N,0.3478,Amb
M381P,0.9526,LPath
M381Q,0.1581,LBen
M381R,0.1391,LBen
M381S,0.3508,Amb
M381T,0.2976,LBen
M381V,0.15,LBen
M381W,0.6512,LPath
M381Y,0.5383,Amb
S382A,0.1154,LBen
S382C,0.0741,LBen
S382D,0.2415,LBen
S382E,0.3738,Amb
S382F,0.3803,Amb
S382G,0.0822,LBen
S382H,0.1689,LBen
S382I,0.3037,LBen
S382K,0.3641,Amb
S382L,0.1979,LBen
S382M,0.2479,LBen
S382N,0.0581,LBen
S382P,0.8552,LPath
S382Q,0.2932,LBen
S382R,0.2874,LBen
S382T,0.1437,LBen
S382V,0.3111,LBen
S382W,0.3856,Amb
S382Y,0.1844,LBen
N383A,0.1731,LBen
N383C,0.169,LBen
N383D,0.0795,LBen
N383E,0.1952,LBen
N383F,0.4727,Amb
N383G,0.1275,LBen
N383H,0.0794,LBen
N383I,0.2658,LBen
N383K,0.1209,LBen
N383L,0.2566,LBen
N383M,0.3398,LBen
N383P,0.509,Amb
N383Q,0.1779,LBen
N383R,0.138,LBen
N383S,0.0731,LBen
N383T,0.137,LBen
N383V,0.2426,LBen
N383W,0.6121,LPath
N383Y,0.1442,LBen
F384A,0.1539,LBen
F384C,0.0863,LBen
F384D,0.3186,LBen
F384E,0.4162,Amb
F384G,0.4089,Amb
F384H,0.1866,LBen
F384I,0.0755,LBen
F384K,0.3721,Amb
F384L,0.5187,Amb
F384M,0.2559,LBen
F384N,0.2605,LBen
F384P,0.934,LPath
F384Q,0.364,Amb
F384R,0.2697,LBen
F384S,0.1154,LBen
F384T,0.1525,LBen
F384V,0.0756,LBen
F384W,0.3252,LBen
F384Y,0.0842,LBen
V385A,0.4087,Amb
V385C,0.6219,LPath
V385D,0.8728,LPath
V385E,0.816,LPath
V385F,0.3189,LBen
V385G,0.4973,Amb
V385H,0.8931,LPath
V385I,0.0871,LBen
V385K,0.8393,LPath
V385L,0.24,LBen
V385M,0.3125,LBen
V385N,0.7922,LPath
V385P,0.8163,LPath
V385Q,0.8,LPath
V385R,0.772,LPath
V385S,0.576,LPath
V385T,0.4456,Amb
V385W,0.8973,LPath
V385Y,0.763,LPath
N386A,0.1888,LBen
N386C,0.1388,LBen
N386D,0.0758,LBen
N386E,0.226,LBen
N386F,0.3566,Amb
N386G,0.2575,LBen
N386H,0.0816,LBen
N386I,0.1508,LBen
N386K,0.1844,LBen
N386L,0.183,LBen
N386M,0.2444,LBen
N386P,0.4566,Amb
N386Q,0.2134,LBen
N386R,0.2054,LBen
N386S,0.0736,LBen
N386T,0.1018,LBen
N386V,0.152,LBen
N386W,0.5753,LPath
N386Y,0.1085,LBen
L387A,0.7923,LPath
L387C,0.7136,LPath
L387D,0.9865,LPath
L387E,0.9445,LPath
L387F,0.3074,LBen
L387G,0.9017,LPath
L387H,0.8742,LPath
L387I,0.1996,LBen
L387K,0.9042,LPath
L387M,0.1774,LBen
L387N,0.9371,LPath
L387P,0.8057,LPath
L387Q,0.815,LPath
L387R,0.8545,LPath
L387S,0.8879,LPath
L387T,0.6072,LPath
L387V,0.1935,LBen
L387W,0.7221,LPath
L387Y,0.8412,LPath
K388A,0.2775,LBen
K388C,0.445,Amb
K388D,0.4056,Amb
K388E,0.1033,LBen
K388F,0.6779,LPath
K388G,0.2702,LBen
K388H,0.2348,LBen
K388I,0.3527,Amb
K388L,0.3136,LBen
K388M,0.2211,LBen
K388N,0.2728,LBen
K388P,0.7087,LPath
K388Q,0.0906,LBen
K388R,0.0632,LBen
K388S,0.2575,LBen
K388T,0.1552,LBen
K388V,0.3365,LBen
K388W,0.5809,LPath
K388Y,0.472,Amb
N389A,0.146,LBen
N389C,0.1383,LBen
N389D,0.09,LBen
N389E,0.231,LBen
N389F,0.3196,LBen
N389G,0.159,LBen
N389H,0.0925,LBen
N389I,0.2499,LBen
N389K,0.2288,LBen
N389L,0.2256,LBen
N389M,0.252,LBen
N389P,0.5454,Amb
N389Q,0.2426,LBen
N389R,0.2456,LBen
N389S,0.0707,LBen
N389T,0.1008,LBen
N389V,0.2315,LBen
N389W,0.4858,Amb
N389Y,0.0853,LBen
I390A,0.627,LPath
I390C,0.663,LPath
I390D,0.943,LPath
I390E,0.9264,LPath
I390F,0.5258,Amb
I390G,0.8942,LPath
I390H,0.9232,LPath
I390K,0.8771,LPath
I390L,0.2567,LBen
I390M,0.211,LBen
I390N,0.6311,LPath
I390P,0.892,LPath
I390Q,0.8947,LPath
I390R,0.8308,LPath
I390S,0.6037,LPath
I390T,0.329,LBen
I390V,0.0652,LBen
I390W,0.9747,LPath
I390Y,0.8888,LPath
T391A,0.3788,Amb
T391C,0.7174,LPath
T391D,0.7894,LPath
T391E,0.8533,LPath
T391F,0.8703,LPath
T391G,0.5389,Amb
T391H,0.652,LPath
T391I,0.8697,LPath
T391K,0.8117,LPath
T391L,0.6651,LPath
T391M,0.4489,Amb
T391N,0.5039,Amb
T391P,0.6711,LPath
T391Q,0.7079,LPath
T391R,0.7136,LPath
T391S,0.1544,LBen
T391V,0.743,LPath
T391W,0.9463,LPath
T391Y,0.8403,LPath
Y392A,0.8986,LPath
Y392C,0.2867,LBen
Y392D,0.9151,LPath
Y392E,0.9815,LPath
Y392F,0.0879,LBen
Y392G,0.8782,LPath
Y392H,0.7229,LPath
Y392I,0.7168,LPath
Y392K,0.9777,LPath
Y392L,0.5954,LPath
Y392M,0.7452,LPath
Y392N,0.7555,LPath
Y392P,0.9891,LPath
Y392Q,0.9616,LPath
Y392R,0.9543,LPath
Y392S,0.6873,LPath
Y392T,0.8421,LPath
Y392V,0.6048,LPath
Y392W,0.499,Amb
L393A,0.5674,LPath
L393C,0.6228,LPath
L393D,0.992,LPath
L393E,0.9559,LPath
L393F,0.3829,Amb
L393G,0.9092,LPath
L393H,0.8964,LPath
L393I,0.0941,LBen
L393K,0.9506,LPath
L393M,0.2041,LBen
L393N,0.9597,LPath
L393P,0.9729,LPath
L393Q,0.8653,LPath
L393R,0.8961,LPath
L393S,0.8305,LPath
L393T,0.5597,Amb
L393V,0.0815,LBen
L393W,0.8207,LPath
L393Y,0.8696,LPath
V394A,0.565,LPath
V394C,0.837,LPath
V394D,0.972,LPath
V394E,0.9598,LPath
V394F,0.7717,LPath
V394G,0.7417,LPath
V394H,0.9843,LPath
V394I,0.1512,LBen
V394K,0.9802,LPath
V394L,0.7449,LPath
V394M,0.7442,LPath
V394N,0.9418,LPath
V394P,0.961,LPath
V394Q,0.9542,LPath
V394R,0.9567,LPath
V394S,0.712,LPath
V394T,0.7255,LPath
V394W,0.9937,LPath
V394Y,0.9711,LPath
L395A,0.7426,LPath
L395C,0.7136,LPath
L395D,0.9863,LPath
L395E,0.9407,LPath
L395F,0.2725,LBen
L395G,0.9326,LPath
L395H,0.8857,LPath
L395I,0.1558,LBen
L395K,0.916,LPath
L395M,0.173,LBen
L395N,0.9562,LPath
L395P,0.9267,LPath
L395Q,0.8597,LPath
L395R,0.8661,LPath
L395S,0.8885,LPath
L395T,0.7745,LPath
L395V,0.2214,LBen
L395W,0.5868,LPath
L395Y,0.8171,LPath
D396A,0.8714,LPath
D396C,0.9718,LPath
D396E,0.8952,LPath
D396F,0.9774,LPath
D396G,0.7604,LPath
D396H,0.8908,LPath
D396I,0.9658,LPath
D396K,0.9631,LPath
D396L,0.9329,LPath
D396M,0.9878,LPath
D396N,0.792,LPath
D396P,0.9843,LPath
D396Q,0.9486,LPath
D396R,0.9359,LPath
D396S,0.7689,LPath
D396T,0.9395,LPath
D396V,0.9066,LPath
D396W,0.9828,LPath
D396Y,0.8559,LPath
E397A,0.9283,LPath
E397C,0.9894,LPath
E397D,0.8837,LPath
E397F,0.9968,LPath
E397G,0.8949,LPath
E397H,0.9791,LPath
E397I,0.9901,LPath
E397K,0.8581,LPath
E397L,0.9897,LPath
E397M,0.975,LPath
E397N,0.9535,LPath
E397P,0.9989,LPath
E397Q,0.8646,LPath
E397R,0.9014,LPath
E397S,0.9493,LPath
E397T,0.9746,LPath
E397V,0.9656,LPath
E397W,0.9979,LPath
E397Y,0.9938,LPath
A398C,0.7515,LPath
A398D,0.9544,LPath
A398E,0.9432,LPath
A398F,0.8229,LPath
A398G,0.4216,Amb
A398H,0.9776,LPath
A398I,0.6852,LPath
A398K,0.9856,LPath
A398L,0.6139,LPath
A398M,0.5787,LPath
A398N,0.9414,LPath
A398P,0.9484,LPath
A398Q,0.9491,LPath
A398R,0.9619,LPath
A398S,0.2953,LBen
A398T,0.3799,Amb
A398V,0.3898,Amb
A398W,0.9771,LPath
A398Y,0.9397,LPath
D399A,0.9531,LPath
D399C,0.9939,LPath
D399E,0.9568,LPath
D399F,0.9914,LPath
D399G,0.923,LPath
D399H,0.9691,LPath
D399I,0.9886,LPath
D399K,0.9862,LPath
D399L,0.9869,LPath
D399M,0.9957,LPath
D399N,0.8375,LPath
D399P,0.9944,LPath
D399Q,0.9818,LPath
D399R,0.9775,LPath
D399S,0.8876,LPath
D399T,0.9826,LPath
D399V,0.9646,LPath
D399W,0.9977,LPath
D399Y,0.9535,LPath
K400A,0.78,LPath
K400C,0.8145,LPath
K400D,0.9531,LPath
K400E,0.6194,LPath
K400F,0.9467,LPath
K400G,0.8486,LPath
K400H,0.5898,LPath
K400I,0.7419,LPath
K400L,0.6846,LPath
K400M,0.5609,Amb
K400N,0.8868,LPath
K400P,0.9811,LPath
K400Q,0.3504,Amb
K400R,0.0747,LBen
K400S,0.8633,LPath
K400T,0.5706,LPath
K400V,0.656,LPath
K400W,0.9237,LPath
K400Y,0.852,LPath
M401A,0.9681,LPath
M401C,0.9527,LPath
M401D,0.9967,LPath
M401E,0.983,LPath
M401F,0.8992,LPath
M401G,0.9899,LPath
M401H,0.9801,LPath
M401I,0.9036,LPath
M401K,0.9456,LPath
M401L,0.428,Amb
M401N,0.9716,LPath
M401P,0.9966,LPath
M401Q,0.9234,LPath
M401R,0.9569,LPath
M401S,0.9712,LPath
M401T,0.9603,LPath
M401V,0.6969,LPath
M401W,0.9838,LPath
M401Y,0.9706,LPath
L402A,0.7021,LPath
L402C,0.8414,LPath
L402D,0.9762,LPath
L402E,0.8835,LPath
L402F,0.4787,Amb
L402G,0.8861,LPath
L402H,0.7812,LPath
L402I,0.3299,LBen
L402K,0.788,LPath
L402M,0.2804,LBen
L402N,0.9043,LPath
L402P,0.9442,LPath
L402Q,0.686,LPath
L402R,0.6363,LPath
L402S,0.8507,LPath
L402T,0.711,LPath
L402V,0.3803,Amb
L402W,0.5918,LPath
L402Y,0.8288,LPath
D403A,0.5411,Amb
D403C,0.8843,LPath
D403E,0.5235,Amb
D403F,0.8983,LPath
D403G,0.5441,Amb
D403H,0.7295,LPath
D403I,0.8682,LPath
D403K,0.8857,LPath
D403L,0.7687,LPath
D403M,0.9284,LPath
D403N,0.4833,Amb
D403P,0.9825,LPath
D403Q,0.7671,LPath
D403R,0.844,LPath
D403S,0.4211,Amb
D403T,0.7515,LPath
D403V,0.6618,LPath
D403W,0.974,LPath
D403Y,0.5745,LPath
M404A,0.6317,LPath
M404C,0.7221,LPath
M404D,0.8917,LPath
M404E,0.7018,LPath
M404F,0.5458,Amb
M404G,0.7833,LPath
M404H,0.6902,LPath
M404I,0.6584,LPath
M404K,0.3479,Amb
M404L,0.1154,LBen
M404N,0.7157,LPath
M404P,0.9756,LPath
M404Q,0.4469,Amb
M404R,0.3469,Amb
M404S,0.6632,LPath
M404T,0.4932,Amb
M404V,0.2054,LBen
M404W,0.7593,LPath
M404Y,0.7771,LPath
G405A,0.7926,LPath
G405C,0.8356,LPath
G405D,0.8485,LPath
G405E,0.9067,LPath
G405F,0.9825,LPath
G405H,0.9588,LPath
G405I,0.9637,LPath
G405K,0.963,LPath
G405L,0.9709,LPath
G405M,0.9751,LPath
G405N,0.8991,LPath
G405P,0.9931,LPath
G405Q,0.9354,LPath
G405R,0.9232,LPath
G405S,0.6665,LPath
G405T,0.9117,LPath
G405V,0.9269,LPath
G405W,0.9629,LPath
G405Y,0.9556,LPath
F406A,0.9782,LPath
F406C,0.9142,LPath
F406D,0.9885,LPath
F406E,0.9898,LPath
F406G,0.9869,LPath
F406H,0.9661,LPath
F406I,0.9327,LPath
F406K,0.9889,LPath
F406L,0.9922,LPath
F406M,0.9354,LPath
F406N,0.9693,LPath
F406P,0.9994,LPath
F406Q,0.9859,LPath
F406R,0.9719,LPath
F406S,0.9573,LPath
F406T,0.9821,LPath
F406V,0.9233,LPath
F406W,0.8622,LPath
F406Y,0.693,LPath
E407A,0.3309,LBen
E407C,0.9304,LPath
E407D,0.654,LPath
E407F,0.8271,LPath
E407G,0.295,LBen
E407H,0.7002,LPath
E407I,0.6065,LPath
E407K,0.2468,LBen
E407L,0.5463,Amb
E407M,0.6497,LPath
E407N,0.8082,LPath
E407P,0.9197,LPath
E407Q,0.1861,LBen
E407R,0.3892,Amb
E407S,0.4561,Amb
E407T,0.5715,LPath
E407V,0.4736,Amb
E407W,0.9502,LPath
E407Y,0.7721,LPath
P408A,0.1682,LBen
P408C,0.6057,LPath
P408D,0.5612,Amb
P408E,0.4311,Amb
P408F,0.5551,Amb
P408G,0.469,Amb
P408H,0.2013,LBen
P408I,0.43,Amb
P408K,0.3681,Amb
P408L,0.1859,LBen
P408M,0.4384,Amb
P408N,0.468,Amb
P408Q,0.2591,LBen
P408R,0.2239,LBen
P408S,0.2584,LBen
P408T,0.2136,LBen
P408V,0.3089,LBen
P408W,0.6249,LPath
P408Y,0.4028,Amb
Q409A,0.4307,Amb
Q409C,0.9354,LPath
Q409D,0.7238,LPath
Q409E,0.0951,LBen
Q409F,0.9729,LPath
Q409G,0.7067,LPath
Q409H,0.7316,LPath
Q409I,0.8475,LPath
Q409K,0.5296,Amb
Q409L,0.6064,LPath
Q409M,0.6894,LPath
Q409N,0.7168,LPath
Q409P,0.4122,Amb
Q409R,0.5748,LPath
Q409S,0.5378,Amb
Q409T,0.7046,LPath
Q409V,0.6892,LPath
Q409W,0.9558,LPath
Q409Y,0.9236,LPath
I410A,0.925,LPath
I410C,0.9539,LPath
I410D,0.9899,LPath
I410E,0.9673,LPath
I410F,0.6641,LPath
I410G,0.9812,LPath
I410H,0.9745,LPath
I410K,0.928,LPath
I410L,0.2189,LBen
I410M,0.1801,LBen
I410N,0.8877,LPath
I410P,0.9934,LPath
I410Q,0.9548,LPath
I410R,0.9146,LPath
I410S,0.9261,LPath
I410T,0.8865,LPath
I410V,0.2291,LBen
I410W,0.9718,LPath
I410Y,0.9292,LPath
M411A,0.4271,Amb
M411C,0.6661,LPath
M411D,0.8875,LPath
M411E,0.4431,Amb
M411F,0.4417,Amb
M411G,0.6047,LPath
M411H,0.4951,Amb
M411I,0.5533,Amb
M411K,0.1135,LBen
M411L,0.1354,LBen
M411N,0.597,LPath
M411P,0.965,LPath
M411Q,0.1667,LBen
M411R,0.1069,LBen
M411S,0.466,Amb
M411T,0.2258,LBen
M411V,0.1502,LBen
M411W,0.6215,LPath
M411Y,0.6223,LPath
K412A,0.7421,LPath
K412C,0.874,LPath
K412D,0.8596,LPath
K412E,0.5484,Amb
K412F,0.9694,LPath
K412G,0.8073,LPath
K412H,0.5957,LPath
K412I,0.8763,LPath
K412L,0.7466,LPath
K412M,0.5627,Amb
K412N,0.7418,LPath
K412P,0.9807,LPath
K412Q,0.3538,Amb
K412R,0.1507,LBen
K412S,0.7987,LPath
K412T,0.5828,LPath
K412V,0.81,LPath
K412W,0.936,LPath
K412Y,0.8802,LPath
I413A,0.8823,LPath
I413C,0.8754,LPath
I413D,0.9813,LPath
I413E,0.9726,LPath
I413F,0.6727,LPath
I413G,0.9607,LPath
I413H,0.9624,LPath
I413K,0.9632,LPath
I413L,0.2918,LBen
I413M,0.2461,LBen
I413N,0.7788,LPath
I413P,0.9885,LPath
I413Q,0.9615,LPath
I413R,0.9523,LPath
I413S,0.7834,LPath
I413T,0.7668,LPath
I413V,0.2242,LBen
I413W,0.9789,LPath
I413Y,0.9151,LPath
L414A,0.7151,LPath
L414C,0.6943,LPath
L414D,0.9803,LPath
L414E,0.9121,LPath
L414F,0.2989,LBen
L414G,0.9103,LPath
L414H,0.7689,LPath
L414I,0.1254,LBen
L414K,0.8417,LPath
L414M,0.1758,LBen
L414N,0.9013,LPath
L414P,0.9226,LPath
L414Q,0.7076,LPath
L414R,0.7408,LPath
L414S,0.7986,LPath
L414T,0.6493,LPath
L414V,0.1802,LBen
L414W,0.65,LPath
L414Y,0.7863,LPath
L415A,0.228,LBen
L415C,0.392,Amb
L415D,0.6912,LPath
L415E,0.4059,Amb
L415F,0.1917,LBen
L415G,0.4232,Amb
L415H,0.2506,LBen
L415I,0.1298,LBen
L415K,0.3122,LBen
L415M,0.1229,LBen
L415N,0.4241,Amb
L415P,0.7348,LPath
L415Q,0.1843,LBen
L415R,0.2021,LBen
L415S,0.2416,LBen
L415T,0.2139,LBen
L415V,0.1311,LBen
L415W,0.2282,LBen
L415Y,0.3814,Amb
D416A,0.413,Amb
D416C,0.8119,LPath
D416E,0.5328,Amb
D416F,0.8549,LPath
D416G,0.3304,LBen
D416H,0.59,LPath
D416I,0.8778,LPath
D416K,0.8302,LPath
D416L,0.7671,LPath
D416M,0.9065,LPath
D416N,0.3008,LBen
D416P,0.9506,LPath
D416Q,0.7161,LPath
D416R,0.8007,LPath
D416S,0.3217,LBen
D416T,0.6837,LPath
D416V,0.676,LPath
D416W,0.9512,LPath
D416Y,0.4575,Amb
V417A,0.5543,Amb
V417C,0.8116,LPath
V417D,0.945,LPath
V417E,0.9064,LPath
V417F,0.6615,LPath
V417G,0.6702,LPath
V417H,0.9731,LPath
V417I,0.0856,LBen
V417K,0.9235,LPath
V417L,0.4872,Amb
V417M,0.3458,Amb
V417N,0.8622,LPath
V417P,0.9668,LPath
V417Q,0.9073,LPath
V417R,0.9044,LPath
V417S,0.6597,LPath
V417T,0.41,Amb
V417W,0.9848,LPath
V417Y,0.9462,LPath
R418A,0.907,LPath
R418C,0.276,LBen
R418D,0.97,LPath
R418E,0.8858,LPath
R418F,0.9395,LPath
R418G,0.8849,LPath
R418H,0.2966,LBen
R418I,0.8605,LPath
R418K,0.5792,LPath
R418L,0.7372,LPath
R418M,0.8736,LPath
R418N,0.9248,LPath
R418P,0.7163,LPath
R418Q,0.3547,Amb
R418S,0.9061,LPath
R418T,0.9089,LPath
R418V,0.8991,LPath
R418W,0.4739,Amb
R418Y,0.8084,LPath
P419A,0.2385,LBen
P419C,0.6943,LPath
P419D,0.6586,LPath
P419E,0.428,Amb
P419F,0.8203,LPath
P419G,0.5589,Amb
P419H,0.3886,Amb
P419I,0.6674,LPath
P419K,0.3942,Amb
P419L,0.29,LBen
P419M,0.5702,LPath
P419N,0.6258,LPath
P419Q,0.3194,LBen
P419R,0.2899,LBen
P419S,0.3226,LBen
P419T,0.2739,LBen
P419V,0.5099,Amb
P419W,0.7905,LPath
P419Y,0.7345,LPath
D420A,0.5522,Amb
D420C,0.789,LPath
D420E,0.4876,Amb
D420F,0.861,LPath
D420G,0.3781,Amb
D420H,0.6561,LPath
D420I,0.7802,LPath
D420K,0.7675,LPath
D420L,0.7795,LPath
D420M,0.885,LPath
D420N,0.1999,LBen
D420P,0.9297,LPath
D420Q,0.6942,LPath
D420R,0.766,LPath
D420S,0.3084,LBen
D420T,0.5158,Amb
D420V,0.6063,LPath
D420W,0.9621,LPath
D420Y,0.5047,Amb
R421A,0.9111,LPath
R421C,0.2191,LBen
R421D,0.9919,LPath
R421E,0.9305,LPath
R421F,0.9418,LPath
R421G,0.8701,LPath
R421H,0.2577,LBen
R421I,0.8252,LPath
R421K,0.4224,Amb
R421L,0.7896,LPath
R421M,0.8632,LPath
R421N,0.9727,LPath
R421P,0.9778,LPath
R421Q,0.3434,Amb
R421S,0.9351,LPath
R421T,0.8664,LPath
R421V,0.8552,LPath
R421W,0.4917,Amb
R421Y,0.8033,LPath
Q422A,0.7758,LPath
Q422C,0.9682,LPath
Q422D,0.9682,LPath
Q422E,0.4007,Amb
Q422F,0.9741,LPath
Q422G,0.8533,LPath
Q422H,0.9059,LPath
Q422I,0.7742,LPath
Q422K,0.6227,LPath
Q422L,0.628,LPath
Q422M,0.6851,LPath
Q422N,0.8697,LPath
Q422P,0.856,LPath
Q422R,0.7221,LPath
Q422S,0.8051,LPath
Q422T,0.7661,LPath
Q422V,0.7015,LPath
Q422W,0.9812,LPath
Q422Y,0.9746,LPath
T423A,0.2855,LBen
T423C,0.5503,Amb
T423D,0.9023,LPath
T423E,0.8729,LPath
T423F,0.7124,LPath
T423G,0.6666,LPath
T423H,0.7699,LPath
T423I,0.3977,Amb
T423K,0.7657,LPath
T423L,0.3181,LBen
T423M,0.1326,LBen
T423N,0.4888,Amb
T423P,0.8748,LPath
T423Q,0.7527,LPath
T423R,0.7265,LPath
T423S,0.3206,LBen
T423V,0.2859,LBen
T423W,0.9068,LPath
T423Y,0.7737,LPath
V424A,0.431,Amb
V424C,0.7038,LPath
V424D,0.9306,LPath
V424E,0.8881,LPath
V424F,0.3807,Amb
V424G,0.6524,LPath
V424H,0.9387,LPath
V424I,0.0643,LBen
V424K,0.9129,LPath
V424L,0.2101,LBen
V424M,0.1824,LBen
V424N,0.7809,LPath
V424P,0.9614,LPath
V424Q,0.8626,LPath
V424R,0.8731,LPath
V424S,0.5883,LPath
V424T,0.4331,Amb
V424W,0.9519,LPath
V424Y,0.8507,LPath
M425A,0.8912,LPath
M425C,0.8557,LPath
M425D,0.9972,LPath
M425E,0.9786,LPath
M425F,0.501,Amb
M425G,0.9699,LPath
M425H,0.9674,LPath
M425I,0.7967,LPath
M425K,0.892,LPath
M425L,0.2086,LBen
M425N,0.9771,LPath
M425P,0.9947,LPath
M425Q,0.9039,LPath
M425R,0.9033,LPath
M425S,0.9362,LPath
M425T,0.8655,LPath
M425V,0.3237,LBen
M425W,0.9233,LPath
M425Y,0.9011,LPath
T426A,0.2645,LBen
T426C,0.5198,Amb
T426D,0.9579,LPath
T426E,0.9381,LPath
T426F,0.3649,Amb
T426G,0.6763,LPath
T426H,0.7843,LPath
T426I,0.4249,Amb
T426K,0.9007,LPath
T426L,0.1798,LBen
T426M,0.1255,LBen
T426N,0.5848,LPath
T426P,0.7507,LPath
T426Q,0.8469,LPath
T426R,0.8345,LPath
T426S,0.3749,Amb
T426V,0.3397,LBen
T426W,0.8539,LPath
T426Y,0.6341,LPath
S427A,0.3493,Amb
S427C,0.4495,Amb
S427D,0.9703,LPath
S427E,0.9739,LPath
S427F,0.9007,LPath
S427G,0.5055,Amb
S427H,0.9585,LPath
S427I,0.8562,LPath
S427K,0.992,LPath
S427L,0.5674,LPath
S427M,0.6913,LPath
S427N,0.9155,LPath
S427P,0.9628,LPath
S427Q,0.9717,LPath
S427R,0.9805,LPath
S427T,0.1445,LBen
S427V,0.7408,LPath
S427W,0.9055,LPath
S427Y,0.8937,LPath
A428C,0.866,LPath
A428D,0.9556,LPath
A428E,0.9135,LPath
A428F,0.882,LPath
A428G,0.7159,LPath
A428H,0.9568,LPath
A428I,0.8366,LPath
A428K,0.9647,LPath
A428L,0.6913,LPath
A428M,0.7784,LPath
A428N,0.9134,LPath
A428P,0.91,LPath
A428Q,0.8897,LPath
A428R,0.8806,LPath
A428S,0.2889,LBen
A428T,0.5206,Amb
A428V,0.6079,LPath
A428W,0.9862,LPath
A428Y,0.9481,LPath
T429A,0.4621,Amb
T429C,0.857,LPath
T429D,0.9697,LPath
T429E,0.943,LPath
T429F,0.901,LPath
T429G,0.8448,LPath
T429H,0.8862,LPath
T429I,0.8125,LPath
T429K,0.8843,LPath
T429L,0.6221,LPath
T429M,0.4613,Amb
T429N,0.8039,LPath
T429P,0.8509,LPath
T429Q,0.8469,LPath
T429R,0.794,LPath
T429S,0.5227,Amb
T429V,0.6379,LPath
T429W,0.9764,LPath
T429Y,0.9226,LPath
W430A,0.8738,LPath
W430C,0.9031,LPath
W430D,0.9893,LPath
W430E,0.985,LPath
W430F,0.3686,Amb
W430G,0.8532,LPath
W430H,0.9528,LPath
W430I,0.7797,LPath
W430K,0.9791,LPath
W430L,0.579,LPath
W430M,0.7567,LPath
W430N,0.9773,LPath
W430P,0.9868,LPath
W430Q,0.9699,LPath
W430R,0.9628,LPath
W430S,0.8066,LPath
W430T,0.9007,LPath
W430V,0.7443,LPath
W430Y,0.6429,LPath
P431A,0.4937,Amb
P431C,0.8816,LPath
P431D,0.8449,LPath
P431E,0.8234,LPath
P431F,0.9494,LPath
P431G,0.7347,LPath
P431H,0.6241,LPath
P431I,0.8597,LPath
P431K,0.7971,LPath
P431L,0.5817,LPath
P431M,0.8248,LPath
P431N,0.7371,LPath
P431Q,0.6516,LPath
P431R,0.6858,LPath
P431S,0.506,Amb
P431T,0.4272,Amb
P431V,0.7698,LPath
P431W,0.9602,LPath
P431Y,0.915,LPath
H432A,0.0962,LBen
H432C,0.096,LBen
H432D,0.0857,LBen
H432E,0.1227,LBen
H432F,0.16,LBen
H432G,0.1252,LBen
H432I,0.1376,LBen
H432K,0.1038,LBen
H432L,0.0792,LBen
H432M,0.2281,LBen
H432N,0.0746,LBen
H432P,0.0658,LBen
H432Q,0.0857,LBen
H432R,0.0654,LBen
H432S,0.0882,LBen
H432T,0.1113,LBen
H432V,0.1089,LBen
H432W,0.2139,LBen
H432Y,0.0683,LBen
S433A,0.0536,LBen
S433C,0.1029,LBen
S433D,0.3057,LBen
S433E,0.3448,Amb
S433F,0.2245,LBen
S433G,0.067,LBen
S433H,0.2824,LBen
S433I,0.1692,LBen
S433K,0.4994,Amb
S433L,0.1144,LBen
S433M,0.1692,LBen
S433N,0.14,LBen
S433P,0.1381,LBen
S433Q,0.3532,Amb
S433R,0.4323,Amb
S433T,0.0707,LBen
S433V,0.135,LBen
S433W,0.3157,LBen
S433Y,0.195,LBen
V434A,0.5388,Amb
V434C,0.8301,LPath
V434D,0.8932,LPath
V434E,0.832,LPath
V434F,0.4771,Amb
V434G,0.6295,LPath
V434H,0.939,LPath
V434I,0.0761,LBen
V434K,0.8714,LPath
V434L,0.4106,Amb
V434M,0.2697,LBen
V434N,0.7692,LPath
V434P,0.9019,LPath
V434Q,0.7928,LPath
V434R,0.8173,LPath
V434S,0.6162,LPath
V434T,0.5278,Amb
V434W,0.9588,LPath
V434Y,0.8956,LPath
H435A,0.2176,LBen
H435C,0.0918,LBen
H435D,0.2745,LBen
H435E,0.1967,LBen
H435F,0.2503,LBen
H435G,0.1892,LBen
H435I,0.2658,LBen
H435K,0.1231,LBen
H435L,0.0996,LBen
H435M,0.3729,Amb
H435N,0.164,LBen
H435P,0.3982,Amb
H435Q,0.0847,LBen
H435R,0.0454,LBen
H435S,0.2044,LBen
H435T,0.2347,LBen
H435V,0.2163,LBen
H435W,0.2106,LBen
H435Y,0.0847,LBen
R436A,0.3334,LBen
R436C,0.1219,LBen
R436D,0.4739,Amb
R436E,0.3118,LBen
R436F,0.3824,Amb
R436G,0.2082,LBen
R436H,0.086,LBen
R436I,0.232,LBen
R436K,0.1293,LBen
R436L,0.1967,LBen
R436M,0.2574,LBen
R436N,0.4022,Amb
R436P,0.7904,LPath
R436Q,0.098,LBen
R436S,0.362,Amb
R436T,0.2351,LBen
R436V,0.3104,LBen
R436W,0.1468,LBen
R436Y,0.2336,LBen
L437A,0.5776,LPath
L437C,0.7551,LPath
L437D,0.9482,LPath
L437E,0.7631,LPath
L437F,0.269,LBen
L437G,0.8533,LPath
L437H,0.6042,LPath
L437I,0.1531,LBen
L437K,0.6125,LPath
L437M,0.1653,LBen
L437N,0.8574,LPath
L437P,0.7805,LPath
L437Q,0.4821,Amb
L437R,0.4994,Amb
L437S,0.7489,LPath
L437T,0.578,LPath
L437V,0.1825,LBen
L437W,0.4372,Amb
L437Y,0.6831,LPath
A438C,0.5089,Amb
A438D,0.8912,LPath
A438E,0.7861,LPath
A438F,0.7248,LPath
A438G,0.227,LBen
A438H,0.8646,LPath
A438I,0.5656,LPath
A438K,0.8833,LPath
A438L,0.5039,Amb
A438M,0.5556,Amb
A438N,0.825,LPath
A438P,0.8265,LPath
A438Q,0.7228,LPath
A438R,0.7961,LPath
A438S,0.1195,LBen
A438T,0.2313,LBen
A438V,0.2848,LBen
A438W,0.9273,LPath
A438Y,0.827,LPath
Q439A,0.1465,LBen
Q439C,0.3344,LBen
Q439D,0.2256,LBen
Q439E,0.0741,LBen
Q439F,0.4414,Amb
Q439G,0.1557,LBen
Q439H,0.131,LBen
Q439I,0.2812,LBen
Q439K,0.0654,LBen
Q439L,0.1035,LBen
Q439M,0.2445,LBen
Q439N,0.1854,LBen
Q439P,0.3233,LBen
Q439R,0.0649,LBen
Q439S,0.1664,LBen
Q439T,0.1468,LBen
Q439V,0.187,LBen
Q439W,0.2714,LBen
Q439Y,0.2416,LBen
S440A,0.0892,LBen
S440C,0.1031,LBen
S440D,0.3361,LBen
S440E,0.3535,Amb
S440F,0.224,LBen
S440G,0.1136,LBen
S440H,0.2593,LBen
S440I,0.2131,LBen
S440K,0.3586,Amb
S440L,0.1114,LBen
S440M,0.1921,LBen
S440N,0.1598,LBen
S440P,0.6999,LPath
S440Q,0.3213,LBen
S440R,0.3284,LBen
S440T,0.0915,LBen
S440V,0.2143,LBen
S440W,0.2867,LBen
S440Y,0.139,LBen
Y441A,0.7375,LPath
Y441C,0.1774,LBen
Y441D,0.8154,LPath
Y441E,0.9248,LPath
Y441F,0.1072,LBen
Y441G,0.7599,LPath
Y441H,0.3851,Amb
Y441I,0.5802,LPath
Y441K,0.869,LPath
Y441L,0.4386,Amb
Y441M,0.6865,LPath
Y441N,0.5392,Amb
Y441P,0.9602,LPath
Y441Q,0.8141,LPath
Y441R,0.73,LPath
Y441S,0.4351,Amb
Y441T,0.7161,LPath
Y441V,0.4811,Amb
Y441W,0.4586,Amb
L442A,0.6081,LPath
L442C,0.5477,Amb
L442D,0.9796,LPath
L442E,0.8207,LPath
L442F,0.5319,Amb
L442G,0.7836,LPath
L442H,0.7274,LPath
L442I,0.2766,LBen
L442K,0.7376,LPath
L442M,0.1557,LBen
L442N,0.8723,LPath
L442P,0.9286,LPath
L442Q,0.3676,Amb
L442R,0.5778,LPath
L442S,0.6872,LPath
L442T,0.4509,Amb
L442V,0.2106,LBen
L442W,0.8031,LPath
L442Y,0.912,LPath
K443A,0.3256,LBen
K443C,0.4841,Amb
K443D,0.4571,Amb
K443E,0.1327,LBen
K443F,0.6894,LPath
K443G,0.3763,Amb
K443H,0.2327,LBen
K443I,0.3201,LBen
K443L,0.3087,LBen
K443M,0.2068,LBen
K443N,0.2987,LBen
K443P,0.7844,LPath
K443Q,0.1199,LBen
K443R,0.0777,LBen
K443S,0.31,LBen
K443T,0.145,LBen
K443V,0.2859,LBen
K443W,0.6467,LPath
K443Y,0.5192,Amb
E444A,0.1148,LBen
E444C,0.6078,LPath
E444D,0.0686,LBen
E444F,0.5991,LPath
E444G,0.1263,LBen
E444H,0.2807,LBen
E444I,0.3695,Amb
E444K,0.1268,LBen
E444L,0.3454,Amb
E444M,0.3755,Amb
E444N,0.1112,LBen
E444P,0.7005,LPath
E444Q,0.1125,LBen
E444R,0.2041,LBen
E444S,0.1211,LBen
E444T,0.1726,LBen
E444V,0.2051,LBen
E444W,0.7719,LPath
E444Y,0.3549,Amb
P445A,0.2288,LBen
P445C,0.7861,LPath
P445D,0.8517,LPath
P445E,0.7891,LPath
P445F,0.8851,LPath
P445G,0.6384,LPath
P445H,0.6507,LPath
P445I,0.8724,LPath
P445K,0.7983,LPath
P445L,0.5528,Amb
P445M,0.8078,LPath
P445N,0.7969,LPath
P445Q,0.6673,LPath
P445R,0.6492,LPath
P445S,0.4634,Amb
P445T,0.4716,Amb
P445V,0.7123,LPath
P445W,0.9153,LPath
P445Y,0.7865,LPath
M446A,0.3927,Amb
M446C,0.6677,LPath
M446D,0.9369,LPath
M446E,0.6658,LPath
M446F,0.4478,Amb
M446G,0.7182,LPath
M446H,0.7306,LPath
M446I,0.364,Amb
M446K,0.3523,Amb
M446L,0.1583,LBen
M446N,0.7779,LPath
M446P,0.952,LPath
M446Q,0.3963,Amb
M446R,0.3409,Amb
M446S,0.5433,Amb
M446T,0.2921,LBen
M446V,0.0843,LBen
M446W,0.7914,LPath
M446Y,0.7461,LPath
I447A,0.3775,Amb
I447C,0.6592,LPath
I447D,0.8498,LPath
I447E,0.6315,LPath
I447F,0.1598,LBen
I447G,0.7609,LPath
I447H,0.4895,Amb
I447K,0.3025,LBen
I447L,0.1079,LBen
I447M,0.0743,LBen
I447N,0.4225,Amb
I447P,0.9215,LPath
I447Q,0.4179,Amb
I447R,0.2337,LBen
I447S,0.4144,Amb
I447T,0.226,LBen
I447V,0.0994,LBen
I447W,0.6492,LPath
I447Y,0.4353,Amb
V448A,0.387,Amb
V448C,0.7282,LPath
V448D,0.9465,LPath
V448E,0.9194,LPath
V448F,0.4796,Amb
V448G,0.5181,Amb
V448H,0.9616,LPath
V448I,0.0851,LBen
V448K,0.9327,LPath
V448L,0.2916,LBen
V448M,0.3372,LBen
V448N,0.8513,LPath
V448P,0.9305,LPath
V448Q,0.9095,LPath
V448R,0.8932,LPath
V448S,0.6132,LPath
V448T,0.5161,Amb
V448W,0.976,LPath
V448Y,0.9031,LPath
Y449A,0.5116,Amb
Y449C,0.1146,LBen
Y449D,0.3968,Amb
Y449E,0.6677,LPath
Y449F,0.1367,LBen
Y449G,0.4635,Amb
Y449H,0.1675,LBen
Y449I,0.5388,Amb
Y449K,0.5105,Amb
Y449L,0.4999,Amb
Y449M,0.5802,LPath
Y449N,0.1704,LBen
Y449P,0.9502,LPath
Y449Q,0.4529,Amb
Y449R,0.3342,LBen
Y449S,0.1841,LBen
Y449T,0.328,LBen
Y449V,0.3999,Amb
Y449W,0.4109,Amb
V450A,0.3144,LBen
V450C,0.7933,LPath
V450D,0.8766,LPath
V450E,0.8007,LPath
V450F,0.5294,Amb
V450G,0.5396,Amb
V450H,0.9211,LPath
V450I,0.0903,LBen
V450K,0.8556,LPath
V450L,0.5251,Amb
V450M,0.3873,Amb
V450N,0.7732,LPath
V450P,0.9286,LPath
V450Q,0.8046,LPath
V450R,0.7791,LPath
V450S,0.4716,Amb
V450T,0.3193,LBen
V450W,0.9607,LPath
V450Y,0.8946,LPath
G451A,0.651,LPath
G451C,0.7721,LPath
G451D,0.6755,LPath
G451E,0.8189,LPath
G451F,0.9763,LPath
G451H,0.9339,LPath
G451I,0.955,LPath
G451K,0.9295,LPath
G451L,0.9557,LPath
G451M,0.9672,LPath
G451N,0.8232,LPath
G451P,0.9813,LPath
G451Q,0.8908,LPath
G451R,0.8588,LPath
G451S,0.4184,Amb
G451T,0.8148,LPath
G451V,0.8935,LPath
G451W,0.9353,LPath
G451Y,0.9498,LPath
T452A,0.1448,LBen
T452C,0.5604,Amb
T452D,0.4132,Amb
T452E,0.4243,Amb
T452F,0.4856,Amb
T452G,0.3549,Amb
T452H,0.3453,Amb
T452I,0.5074,Amb
T452K,0.2954,LBen
T452L,0.2262,LBen
T452M,0.1413,LBen
T452N,0.148,LBen
T452P,0.2782,LBen
T452Q,0.3289,LBen
T452R,0.2627,LBen
T452S,0.1198,LBen
T452V,0.3802,Amb
T452W,0.8151,LPath
T452Y,0.489,Amb
L453A,0.3779,Amb
L453C,0.6723,LPath
L453D,0.7895,LPath
L453E,0.5104,Amb
L453F,0.2861,LBen
L453G,0.6302,LPath
L453H,0.4225,Amb
L453I,0.1855,LBen
L453K,0.3519,Amb
L453M,0.1399,LBen
L453N,0.5894,LPath
L453P,0.3956,Amb
L453Q,0.2854,LBen
L453R,0.2584,LBen
L453S,0.4319,Amb
L453T,0.2831,LBen
L453V,0.1651,LBen
L453W,0.3489,Amb
L453Y,0.573,LPath
D454A,0.5194,Amb
D454C,0.896,LPath
D454E,0.4795,Amb
D454F,0.9002,LPath
D454G,0.4196,Amb
D454H,0.6275,LPath
D454I,0.8799,LPath
D454K,0.797,LPath
D454L,0.8044,LPath
D454M,0.9372,LPath
D454N,0.2742,LBen
D454P,0.8819,LPath
D454Q,0.7091,LPath
D454R,0.7817,LPath
D454S,0.3116,LBen
D454T,0.7115,LPath
D454V,0.7012,LPath
D454W,0.9685,LPath
D454Y,0.5581,Amb
L455A,0.5889,LPath
L455C,0.8456,LPath
L455D,0.8785,LPath
L455E,0.7242,LPath
L455F,0.4934,Amb
L455G,0.8054,LPath
L455H,0.6415,LPath
L455I,0.2174,LBen
L455K,0.6217,LPath
L455M,0.2205,LBen
L455N,0.6776,LPath
L455P,0.6898,LPath
L455Q,0.5855,LPath
L455R,0.4983,Amb
L455S,0.6738,LPath
L455T,0.4446,Amb
L455V,0.2504,LBen
L455W,0.6811,LPath
L455Y,0.7625,LPath
V456A,0.1056,LBen
V456C,0.6317,LPath
V456D,0.3981,Amb
V456E,0.2748,LBen
V456F,0.2074,LBen
V456G,0.2274,LBen
V456H,0.5297,Amb
V456I,0.1172,LBen
V456K,0.3331,LBen
V456L,0.2439,LBen
V456M,0.1611,LBen
V456N,0.2967,LBen
V456P,0.6862,LPath
V456Q,0.281,LBen
V456R,0.3034,LBen
V456S,0.1472,LBen
V456T,0.1303,LBen
V456W,0.8236,LPath
V456Y,0.5907,LPath
A457C,0.6841,LPath
A457D,0.9054,LPath
A457E,0.8516,LPath
A457F,0.7906,LPath
A457G,0.3233,LBen
A457H,0.9242,LPath
A457I,0.6633,LPath
A457K,0.94,LPath
A457L,0.4738,Amb
A457M,0.544,Amb
A457N,0.8037,LPath
A457P,0.5742,LPath
A457Q,0.8557,LPath
A457R,0.8955,LPath
A457S,0.1997,LBen
A457T,0.1721,LBen
A457V,0.3113,LBen
A457W,0.9651,LPath
A457Y,0.8969,LPath
V458A,0.3482,Amb
V458C,0.7427,LPath
V458D,0.7964,LPath
V458E,0.7586,LPath
V458F,0.4832,Amb
V458G,0.383,Amb
V458H,0.8807,LPath
V458I,0.1824,LBen
V458K,0.8307,LPath
V458L,0.6193,LPath
V458M,0.3937,Amb
V458N,0.3871,Amb
V458P,0.8535,LPath
V458Q,0.6959,LPath
V458R,0.7408,LPath
V458S,0.3055,LBen
V458T,0.3076,LBen
V458W,0.9815,LPath
V458Y,0.8936,LPath
S459A,0.0952,LBen
S459C,0.1088,LBen
S459D,0.1791,LBen
S459E,0.2997,LBen
S459F,0.2332,LBen
S459G,0.0829,LBen
S459H,0.1842,LBen
S459I,0.1807,LBen
S459K,0.3128,LBen
S459L,0.1389,LBen
S459M,0.2441,LBen
S459N,0.0769,LBen
S459P,0.139,LBen
S459Q,0.311,LBen
S459R,0.2845,LBen
S459T,0.0832,LBen
S459V,0.2104,LBen
S459W,0.3603,Amb
S459Y,0.1615,LBen
S460A,0.1307,LBen
S460C,0.2136,LBen
S460D,0.4461,Amb
S460E,0.6838,LPath
S460F,0.5251,Amb
S460G,0.1287,LBen
S460H,0.4969,Amb
S460I,0.5691,LPath
S460K,0.6999,LPath
S460L,0.2113,LBen
S460M,0.2658,LBen
S460N,0.1854,LBen
S460P,0.7025,LPath
S460Q,0.6407,LPath
S460R,0.6285,LPath
S460T,0.0572,LBen
S460V,0.461,Amb
S460W,0.6374,LPath
S460Y,0.3975,Amb
V461A,0.8941,LPath
V461C,0.9657,LPath
V461D,0.9909,LPath
V461E,0.9719,LPath
V461F,0.9161,LPath
V461G,0.9127,LPath
V461H,0.9947,LPath
V461I,0.1081,LBen
V461K,0.9751,LPath
V461L,0.8108,LPath
V461M,0.7532,LPath
V461N,0.9706,LPath
V461P,0.9869,LPath
V461Q,0.9682,LPath
V461R,0.9607,LPath
V461S,0.931,LPath
V461T,0.8388,LPath
V461W,0.9982,LPath
V461Y,0.9921,LPath
K462A,0.2565,LBen
K462C,0.4212,Amb
K462D,0.3891,Amb
K462E,0.091,LBen
K462F,0.556,Amb
K462G,0.3866,Amb
K462H,0.1891,LBen
K462I,0.1992,LBen
K462L,0.2276,LBen
K462M,0.1471,LBen
K462N,0.2613,LBen
K462P,0.851,LPath
K462Q,0.0807,LBen
K462R,0.0785,LBen
K462S,0.2432,LBen
K462T,0.0939,LBen
K462V,0.1878,LBen
K462W,0.612,LPath
K462Y,0.4309,Amb
Q463A,0.876,LPath
Q463C,0.9897,LPath
Q463D,0.9806,LPath
Q463E,0.4498,Amb
Q463F,0.995,LPath
Q463G,0.8831,LPath
Q463H,0.9584,LPath
Q463I,0.9358,LPath
Q463K,0.8738,LPath
Q463L,0.8363,LPath
Q463M,0.8318,LPath
Q463N,0.8719,LPath
Q463P,0.8786,LPath
Q463R,0.9227,LPath
Q463S,0.8706,LPath
Q463T,0.8464,LPath
Q463V,0.9,LPath
Q463W,0.9931,LPath
Q463Y,0.9919,LPath
N464A,0.2255,LBen
N464C,0.2093,LBen
N464D,0.0872,LBen
N464E,0.1637,LBen
N464F,0.4046,Amb
N464G,0.362,Amb
N464H,0.0761,LBen
N464I,0.1419,LBen
N464K,0.1447,LBen
N464L,0.2112,LBen
N464M,0.2258,LBen
N464P,0.9228,LPath
N464Q,0.181,LBen
N464R,0.1755,LBen
N464S,0.1044,LBen
N464T,0.0964,LBen
N464V,0.1523,LBen
N464W,0.6195,LPath
N464Y,0.1167,LBen
I465A,0.6887,LPath
I465C,0.691,LPath
I465D,0.9691,LPath
I465E,0.9573,LPath
I465F,0.2561,LBen
I465G,0.9135,LPath
I465H,0.9207,LPath
I465K,0.9271,LPath
I465L,0.1694,LBen
I465M,0.1709,LBen
I465N,0.7662,LPath
I465P,0.9523,LPath
I465Q,0.9372,LPath
I465R,0.8856,LPath
I465S,0.7436,LPath
I465T,0.5661,LPath
I465V,0.0674,LBen
I465W,0.9381,LPath
I465Y,0.7763,LPath
I466A,0.232,LBen
I466C,0.5178,Amb
I466D,0.6434,LPath
I466E,0.4147,Amb
I466F,0.1083,LBen
I466G,0.6731,LPath
I466H,0.3424,Amb
I466K,0.2732,LBen
I466L,0.0935,LBen
I466M,0.0834,LBen
I466N,0.3109,LBen
I466P,0.9204,LPath
I466Q,0.3325,LBen
I466R,0.1883,LBen
I466S,0.2653,LBen
I466T,0.1169,LBen
I466V,0.074,LBen
I466W,0.5877,LPath
I466Y,0.3712,Amb
V467A,0.4552,Amb
V467C,0.6529,LPath
V467D,0.8285,LPath
V467E,0.7082,LPath
V467F,0.1666,LBen
V467G,0.6057,LPath
V467H,0.8154,LPath
V467I,0.0665,LBen
V467K,0.7573,LPath
V467L,0.1762,LBen
V467M,0.1616,LBen
V467N,0.6628,LPath
V467P,0.7221,LPath
V467Q,0.6939,LPath
V467R,0.6942,LPath
V467S,0.5636,Amb
V467T,0.4737,Amb
V467W,0.8371,LPath
V467Y,0.6052,LPath
T468A,0.118,LBen
T468C,0.3362,LBen
T468D,0.7466,LPath
T468E,0.6865,LPath
T468F,0.6341,LPath
T468G,0.3886,Amb
T468H,0.6343,LPath
T468I,0.3216,LBen
T468K,0.5186,Amb
T468L,0.1712,LBen
T468M,0.1096,LBen
T468N,0.3617,Amb
T468P,0.6358,LPath
T468Q,0.5029,Amb
T468R,0.437,Amb
T468S,0.2094,LBen
T468V,0.1983,LBen
T468W,0.8895,LPath
T468Y,0.7048,LPath
T469A,0.1023,LBen
T469C,0.4139,Amb
T469D,0.2988,LBen
T469E,0.241,LBen
T469F,0.4773,Amb
T469G,0.2067,LBen
T469H,0.3011,LBen
T469I,0.4607,Amb
T469K,0.1712,LBen
T469L,0.1827,LBen
T469M,0.1283,LBen
T469N,0.143,LBen
T469P,0.2231,LBen
T469Q,0.2043,LBen
T469R,0.1446,LBen
T469S,0.0981,LBen
T469V,0.2732,LBen
T469W,0.6597,LPath
T469Y,0.4315,Amb
E470A,0.2959,LBen
E470C,0.932,LPath
E470D,0.2049,LBen
E470F,0.9179,LPath
E470G,0.3025,LBen
E470H,0.6983,LPath
E470I,0.6483,LPath
E470K,0.2326,LBen
E470L,0.6456,LPath
E470M,0.6615,LPath
E470N,0.4246,Amb
E470P,0.5361,Amb
E470Q,0.2335,LBen
E470R,0.3619,Amb
E470S,0.3666,Amb
E470T,0.4216,Amb
E470V,0.4097,Amb
E470W,0.9517,LPath
E470Y,0.818,LPath
E471A,0.1439,LBen
E471C,0.7913,LPath
E471D,0.1069,LBen
E471F,0.6956,LPath
E471G,0.1438,LBen
E471H,0.4082,Amb
E471I,0.3886,Amb
E471K,0.1314,LBen
E471L,0.3937,Amb
E471M,0.4248,Amb
E471N,0.2319,LBen
E471P,0.5913,LPath
E471Q,0.146,LBen
E471R,0.2055,LBen
E471S,0.2062,LBen
E471T,0.2165,LBen
E471V,0.2299,LBen
E471W,0.7892,LPath
E471Y,0.5123,Amb
E472A,0.1891,LBen
E472C,0.8572,LPath
E472D,0.1598,LBen
E472F,0.8004,LPath
E472G,0.1604,LBen
E472H,0.5635,Amb
E472I,0.5176,Amb
E472K,0.1629,LBen
E472L,0.4517,Amb
E472M,0.4419,Amb
E472N,0.3175,LBen
E472P,0.9606,LPath
E472Q,0.1429,LBen
E472R,0.2937,LBen
E472S,0.3048,LBen
E472T,0.3261,LBen
E472V,0.3042,LBen
E472W,0.9058,LPath
E472Y,0.6504,LPath
K473A,0.9673,LPath
K473C,0.9741,LPath
K473D,0.9849,LPath
K473E,0.8838,LPath
K473F,0.9958,LPath
K473G,0.9761,LPath
K473H,0.9183,LPath
K473I,0.9195,LPath
K473L,0.9202,LPath
K473M,0.8583,LPath
K473N,0.9605,LPath
K473P,0.9939,LPath
K473Q,0.7577,LPath
K473R,0.218,LBen
K473S,0.9816,LPath
K473T,0.9069,LPath
K473V,0.9274,LPath
K473W,0.9926,LPath
K473Y,0.978,LPath
W474A,0.1864,LBen
W474C,0.3471,Amb
W474D,0.3977,Amb
W474E,0.2598,LBen
W474F,0.1503,LBen
W474G,0.1289,LBen
W474H,0.1945,LBen
W474I,0.1935,LBen
W474K,0.1466,LBen
W474L,0.122,LBen
W474M,0.2302,LBen
W474N,0.3431,Amb
W474P,0.601,LPath
W474Q,0.1743,LBen
W474R,0.1157,LBen
W474S,0.1874,LBen
W474T,0.1823,LBen
W474V,0.1769,LBen
W474Y,0.1688,LBen
S475A,0.0698,LBen
S475C,0.08,LBen
S475D,0.1512,LBen
S475E,0.1748,LBen
S475F,0.1127,LBen
S475G,0.0672,LBen
S475H,0.1299,LBen
S475I,0.094,LBen
S475K,0.1896,LBen
S475L,0.068,LBen
S475M,0.1108,LBen
S475N,0.072,LBen
S475P,0.1734,LBen
S475Q,0.1718,LBen
S475R,0.1629,LBen
S475T,0.0685,LBen
S475V,0.1034,LBen
S475W,0.1692,LBen
S475Y,0.1034,LBen
H476A,0.233,LBen
H476C,0.1251,LBen
H476D,0.2051,LBen
H476E,0.2192,LBen
H476F,0.2123,LBen
H476G,0.2969,LBen
H476I,0.199,LBen
H476K,0.1699,LBen
H476L,0.0751,LBen
H476M,0.3172,LBen
H476N,0.1187,LBen
H476P,0.5809,LPath
H476Q,0.1371,LBen
H476R,0.082,LBen
H476S,0.203,LBen
H476T,0.2289,LBen
H476V,0.1765,LBen
H476W,0.3229,LBen
H476Y,0.08,LBen
M477A,0.5403,Amb
M477C,0.6791,LPath
M477D,0.9797,LPath
M477E,0.9116,LPath
M477F,0.227,LBen
M477G,0.8365,LPath
M477H,0.8832,LPath
M477I,0.1575,LBen
M477K,0.7527,LPath
M477L,0.095,LBen
M477N,0.8712,LPath
M477P,0.9717,LPath
M477Q,0.7425,LPath
M477R,0.7356,LPath
M477S,0.7094,LPath
M477T,0.3674,Amb
M477V,0.0883,LBen
M477W,0.7978,LPath
M477Y,0.7375,LPath
Q478A,0.2409,LBen
Q478C,0.4491,Amb
Q478D,0.3533,Amb
Q478E,0.0839,LBen
Q478F,0.5634,Amb
Q478G,0.2543,LBen
Q478H,0.1683,LBen
Q478I,0.3423,Amb
Q478K,0.0812,LBen
Q478L,0.1273,LBen
Q478M,0.3031,LBen
Q478N,0.2458,LBen
Q478P,0.645,LPath
Q478R,0.0861,LBen
Q478S,0.2645,LBen
Q478T,0.1995,LBen
Q478V,0.2357,LBen
Q478W,0.422,Amb
Q478Y,0.3181,LBen
T479A,0.0651,LBen
T479C,0.1958,LBen
T479D,0.1327,LBen
T479E,0.1128,LBen
T479F,0.1247,LBen
T479G,0.1263,LBen
T479H,0.1043,LBen
T479I,0.0867,LBen
T479K,0.0778,LBen
T479L,0.0612,LBen
T479M,0.074,LBen
T479N,0.0628,LBen
T479P,0.2552,LBen
T479Q,0.1031,LBen
T479R,0.0726,LBen
T479S,0.0696,LBen
T479V,0.0834,LBen
T479W,0.3013,LBen
T479Y,0.1177,LBen
F480A,0.8798,LPath
F480C,0.5991,LPath
F480D,0.9684,LPath
F480E,0.9619,LPath
F480G,0.968,LPath
F480H,0.7519,LPath
F480I,0.4167,Amb
F480K,0.9596,LPath
F480L,0.9264,LPath
F480M,0.7423,LPath
F480N,0.9186,LPath
F480P,0.9987,LPath
F480Q,0.9323,LPath
F480R,0.9207,LPath
F480S,0.8341,LPath
F480T,0.8437,LPath
F480V,0.4286,Amb
F480W,0.6733,LPath
F480Y,0.2196,LBen
L481A,0.6415,LPath
L481C,0.5189,Amb
L481D,0.9701,LPath
L481E,0.8761,LPath
L481F,0.1173,LBen
L481G,0.8876,LPath
L481H,0.6249,LPath
L481I,0.0843,LBen
L481K,0.7914,LPath
L481M,0.15,LBen
L481N,0.8771,LPath
L481P,0.9235,LPath
L481Q,0.6296,LPath
L481R,0.6616,LPath
L481S,0.7496,LPath
L481T,0.5602,Amb
L481V,0.1274,LBen
L481W,0.3944,Amb
L481Y,0.5516,Amb
Q482A,0.1364,LBen
Q482C,0.3272,LBen
Q482D,0.1572,LBen
Q482E,0.0635,LBen
Q482F,0.4298,Amb
Q482G,0.1227,LBen
Q482H,0.1049,LBen
Q482I,0.2955,LBen
Q482K,0.0708,LBen
Q482L,0.1085,LBen
Q482M,0.2658,LBen
Q482N,0.1429,LBen
Q482P,0.3801,Amb
Q482R,0.0705,LBen
Q482S,0.1326,LBen
Q482T,0.139,LBen
Q482V,0.1952,LBen
Q482W,0.2901,LBen
Q482Y,0.2257,LBen
S483A,0.0913,LBen
S483C,0.0896,LBen
S483D,0.1098,LBen
S483E,0.1499,LBen
S483F,0.1861,LBen
S483G,0.068,LBen
S483H,0.1264,LBen
S483I,0.1681,LBen
S483K,0.1887,LBen
S483L,0.1234,LBen
S483M,0.1548,LBen
S483N,0.0559,LBen
S483P,0.7003,LPath
S483Q,0.1769,LBen
S483R,0.1783,LBen
S483T,0.0728,LBen
S483V,0.1704,LBen
S483W,0.2639,LBen
S483Y,0.1148,LBen
M484A,0.5191,Amb
M484C,0.653,LPath
M484D,0.9258,LPath
M484E,0.7132,LPath
M484F,0.3426,Amb
M484G,0.7743,LPath
M484H,0.6893,LPath
M484I,0.298,LBen
M484K,0.3293,LBen
M484L,0.0913,LBen
M484N,0.7106,LPath
M484P,0.8828,LPath
M484Q,0.3845,Amb
M484R,0.3458,Amb
M484S,0.5916,LPath
M484T,0.4148,Amb
M484V,0.118,LBen
M484W,0.6682,LPath
M484Y,0.682,LPath
S485A,0.0733,LBen
S485C,0.0923,LBen
S485D,0.1438,LBen
S485E,0.1895,LBen
S485F,0.1456,LBen
S485G,0.0786,LBen
S485H,0.1639,LBen
S485I,0.141,LBen
S485K,0.2061,LBen
S485L,0.0791,LBen
S485M,0.1603,LBen
S485N,0.0874,LBen
S485P,0.1314,LBen
S485Q,0.2079,LBen
S485R,0.2016,LBen
S485T,0.0717,LBen
S485V,0.1365,LBen
S485W,0.2678,LBen
S485Y,0.1258,LBen
S486A,0.0623,LBen
S486C,0.083,LBen
S486D,0.1114,LBen
S486E,0.1309,LBen
S486F,0.1171,LBen
S486G,0.0745,LBen
S486H,0.1157,LBen
S486I,0.0891,LBen
S486K,0.1579,LBen
S486L,0.0682,LBen
S486M,0.1272,LBen
S486N,0.0805,LBen
S486P,0.0475,LBen
S486Q,0.1471,LBen
S486R,0.142,LBen
S486T,0.071,LBen
S486V,0.0902,LBen
S486W,0.1718,LBen
S486Y,0.0995,LBen
T487A,0.0643,LBen
T487C,0.2025,LBen
T487D,0.105,LBen
T487E,0.0826,LBen
T487F,0.1474,LBen
T487G,0.1077,LBen
T487H,0.104,LBen
T487I,0.1077,LBen
T487K,0.0597,LBen
T487L,0.0754,LBen
T487M,0.0739,LBen
T487N,0.0704,LBen
T487P,0.1175,LBen
T487Q,0.0858,LBen
T487R,0.0603,LBen
T487S,0.0723,LBen
T487V,0.0928,LBen
T487W,0.2696,LBen
T487Y,0.14,LBen
D488A,0.397,Amb
D488C,0.7448,LPath
D488E,0.2635,LBen
D488F,0.9117,LPath
D488G,0.3589,Amb
D488H,0.5338,Amb
D488I,0.8663,LPath
D488K,0.7276,LPath
D488L,0.8409,LPath
D488M,0.8845,LPath
D488N,0.2392,LBen
D488P,0.9566,LPath
D488Q,0.5008,Amb
D488R,0.7861,LPath
D488S,0.2461,LBen
D488T,0.629,LPath
D488V,0.6694,LPath
D488W,0.9669,LPath
D488Y,0.5357,Amb
K489A,0.9565,LPath
K489C,0.9328,LPath
K489D,0.9851,LPath
K489E,0.9185,LPath
K489F,0.9953,LPath
K489G,0.967,LPath
K489H,0.8068,LPath
K489I,0.9478,LPath
K489L,0.9192,LPath
K489M,0.8589,LPath
K489N,0.9515,LPath
K489P,0.993,LPath
K489Q,0.7168,LPath
K489R,0.1443,LBen
K489S,0.9497,LPath
K489T,0.802,LPath
K489V,0.9227,LPath
K489W,0.9886,LPath
K489Y,0.9756,LPath
V490A,0.2032,LBen
V490C,0.7671,LPath
V490D,0.9655,LPath
V490E,0.9495,LPath
V490F,0.6481,LPath
V490G,0.429,Amb
V490H,0.9842,LPath
V490I,0.1124,LBen
V490K,0.9718,LPath
V490L,0.4538,Amb
V490M,0.3621,Amb
V490N,0.9043,LPath
V490P,0.9878,LPath
V490Q,0.9494,LPath
V490R,0.9569,LPath
V490S,0.54,Amb
V490T,0.4215,Amb
V490W,0.9911,LPath
V490Y,0.9412,LPath
I491A,0.8585,LPath
I491C,0.9343,LPath
I491D,0.9969,LPath
I491E,0.9921,LPath
I491F,0.593,LPath
I491G,0.9858,LPath
I491H,0.9875,LPath
I491K,0.9847,LPath
I491L,0.1016,LBen
I491M,0.145,LBen
I491N,0.9663,LPath
I491P,0.9907,LPath
I491Q,0.9812,LPath
I491R,0.9756,LPath
I491S,0.9285,LPath
I491T,0.8238,LPath
I491V,0.1613,LBen
I491W,0.9779,LPath
I491Y,0.9574,LPath
V492A,0.6096,LPath
V492C,0.798,LPath
V492D,0.9901,LPath
V492E,0.9831,LPath
V492F,0.4299,Amb
V492G,0.7872,LPath
V492H,0.9883,LPath
V492I,0.069,LBen
V492K,0.986,LPath
V492L,0.2391,LBen
V492M,0.2995,LBen
V492N,0.9608,LPath
V492P,0.9766,LPath
V492Q,0.9782,LPath
V492R,0.976,LPath
V492S,0.8364,LPath
V492T,0.7292,LPath
V492W,0.9775,LPath
V492Y,0.9169,LPath
F493A,0.9923,LPath
F493C,0.9632,LPath
F493D,0.9985,LPath
F493E,0.9986,LPath
F493G,0.9954,LPath
F493H,0.985,LPath
F493I,0.9718,LPath
F493K,0.9985,LPath
F493L,0.9971,LPath
F493M,0.9809,LPath
F493N,0.9931,LPath
F493P,0.9997,LPath
F493Q,0.9977,LPath
F493R,0.9949,LPath
F493S,0.9818,LPath
F493T,0.9911,LPath
F493V,0.9648,LPath
F493W,0.9283,LPath
F493Y,0.7703,LPath
V494A,0.4807,Amb
V494C,0.7741,LPath
V494D,0.9833,LPath
V494E,0.972,LPath
V494F,0.7273,LPath
V494G,0.6527,LPath
V494H,0.9851,LPath
V494I,0.186,LBen
V494K,0.9792,LPath
V494L,0.6833,LPath
V494M,0.6407,LPath
V494N,0.9408,LPath
V494P,0.986,LPath
V494Q,0.9565,LPath
V494R,0.9515,LPath
V494S,0.6432,LPath
V494T,0.4126,Amb
V494W,0.9959,LPath
V494Y,0.9752,LPath
S495A,0.1038,LBen
S495C,0.1186,LBen
S495D,0.5582,Amb
S495E,0.655,LPath
S495F,0.4116,Amb
S495G,0.0647,LBen
S495H,0.4744,Amb
S495I,0.5105,Amb
S495K,0.7571,LPath
S495L,0.1965,LBen
S495M,0.3567,Amb
S495N,0.1806,LBen
S495P,0.6414,LPath
S495Q,0.5619,Amb
S495R,0.643,LPath
S495T,0.156,LBen
S495V,0.4751,Amb
S495W,0.4886,Amb
S495Y,0.3096,LBen
R496A,0.8703,LPath
R496C,0.4237,Amb
R496D,0.95,LPath
R496E,0.7729,LPath
R496F,0.9246,LPath
R496G,0.6179,LPath
R496H,0.2548,LBen
R496I,0.8711,LPath
R496K,0.1375,LBen
R496L,0.7293,LPath
R496M,0.7117,LPath
R496N,0.9012,LPath
R496P,0.9717,LPath
R496Q,0.2055,LBen
R496S,0.8485,LPath
R496T,0.5986,LPath
R496V,0.8627,LPath
R496W,0.3945,Amb
R496Y,0.7838,LPath
K497A,0.9575,LPath
K497C,0.9825,LPath
K497D,0.9896,LPath
K497E,0.9228,LPath
K497F,0.9934,LPath
K497G,0.9624,LPath
K497H,0.889,LPath
K497I,0.9698,LPath
K497L,0.9559,LPath
K497M,0.8782,LPath
K497N,0.9738,LPath
K497P,0.9799,LPath
K497Q,0.7112,LPath
K497R,0.2125,LBen
K497S,0.9693,LPath
K497T,0.9347,LPath
K497V,0.9546,LPath
K497W,0.9896,LPath
K497Y,0.9772,LPath
A498C,0.43,Amb
A498D,0.493,Amb
A498E,0.3864,Amb
A498F,0.3604,Amb
A498G,0.1726,LBen
A498H,0.5076,Amb
A498I,0.2072,LBen
A498K,0.5382,Amb
A498L,0.1629,LBen
A498M,0.1922,LBen
A498N,0.2946,LBen
A498P,0.5356,Amb
A498Q,0.3919,Amb
A498R,0.4583,Amb
A498S,0.1124,LBen
A498T,0.1052,LBen
A498V,0.1063,LBen
A498W,0.6999,LPath
A498Y,0.4508,Amb
V499A,0.1463,LBen
V499C,0.7204,LPath
V499D,0.3698,Amb
V499E,0.3138,LBen
V499F,0.1655,LBen
V499G,0.2667,LBen
V499H,0.496,Amb
V499I,0.0799,LBen
V499K,0.234,LBen
V499L,0.1846,LBen
V499M,0.1154,LBen
V499N,0.2849,LBen
V499P,0.8587,LPath
V499Q,0.2892,LBen
V499R,0.2117,LBen
V499S,0.1993,LBen
V499T,0.117,LBen
V499W,0.7583,LPath
V499Y,0.486,Amb
A500C,0.5267,Amb
A500D,0.9898,LPath
A500E,0.9763,LPath
A500F,0.98,LPath
A500G,0.5561,Amb
A500H,0.9913,LPath
A500I,0.7182,LPath
A500K,0.9937,LPath
A500L,0.7349,LPath
A500M,0.814,LPath
A500N,0.9668,LPath
A500P,0.9831,LPath
A500Q,0.9583,LPath
A500R,0.9733,LPath
A500S,0.2767,LBen
A500T,0.3055,LBen
A500V,0.2418,LBen
A500W,0.9971,LPath
A500Y,0.9913,LPath
D501A,0.5889,LPath
D501C,0.9054,LPath
D501E,0.5995,LPath
D501F,0.9385,LPath
D501G,0.5677,LPath
D501H,0.8307,LPath
D501I,0.8537,LPath
D501K,0.8883,LPath
D501L,0.8241,LPath
D501M,0.9279,LPath
D501N,0.2954,LBen
D501P,0.991,LPath
D501Q,0.8307,LPath
D501R,0.8668,LPath
D501S,0.3239,LBen
D501T,0.6653,LPath
D501V,0.6597,LPath
D501W,0.987,LPath
D501Y,0.7021,LPath
H502A,0.5055,Amb
H502C,0.3838,Amb
H502D,0.1888,LBen
H502E,0.494,Amb
H502F,0.4574,Amb
H502G,0.536,Amb
H502I,0.539,Amb
H502K,0.4857,Amb
H502L,0.2945,LBen
H502M,0.6263,LPath
H502N,0.1529,LBen
H502P,0.859,LPath
H502Q,0.3039,LBen
H502R,0.2416,LBen
H502S,0.336,LBen
H502T,0.4805,Amb
H502V,0.4791,Amb
H502W,0.6132,LPath
H502Y,0.1715,LBen
L503A,0.7827,LPath
L503C,0.7716,LPath
L503D,0.9906,LPath
L503E,0.9416,LPath
L503F,0.3156,LBen
L503G,0.9671,LPath
L503H,0.8021,LPath
L503I,0.0942,LBen
L503K,0.855,LPath
L503M,0.1941,LBen
L503N,0.9488,LPath
L503P,0.9901,LPath
L503Q,0.7653,LPath
L503R,0.7662,LPath
L503S,0.9199,LPath
L503T,0.724,LPath
L503V,0.1293,LBen
L503W,0.6435,LPath
L503Y,0.7433,LPath
S504A,0.0698,LBen
S504C,0.1067,LBen
S504D,0.9426,LPath
S504E,0.894,LPath
S504F,0.5673,LPath
S504G,0.184,LBen
S504H,0.7724,LPath
S504I,0.5222,Amb
S504K,0.9624,LPath
S504L,0.2374,LBen
S504M,0.4321,Amb
S504N,0.669,LPath
S504P,0.9397,LPath
S504Q,0.8191,LPath
S504R,0.9277,LPath
S504T,0.1411,LBen
S504V,0.3752,Amb
S504W,0.7867,LPath
S504Y,0.5409,Amb
S505A,0.1423,LBen
S505C,0.1654,LBen
S505D,0.8946,LPath
S505E,0.8983,LPath
S505F,0.6675,LPath
S505G,0.1925,LBen
S505H,0.8152,LPath
S505I,0.5252,Amb
S505K,0.9628,LPath
S505L,0.2507,LBen
S505M,0.399,Amb
S505N,0.6224,LPath
S505P,0.9544,LPath
S505Q,0.8646,LPath
S505R,0.9235,LPath
S505T,0.1445,LBen
S505V,0.3914,Amb
S505W,0.7084,LPath
S505Y,0.5825,LPath
D506A,0.3458,Amb
D506C,0.7481,LPath
D506E,0.1799,LBen
D506F,0.7381,LPath
D506G,0.3415,Amb
D506H,0.3693,Amb
D506I,0.5789,LPath
D506K,0.4741,Amb
D506L,0.5707,LPath
D506M,0.7014,LPath
D506N,0.1275,LBen
D506P,0.9644,LPath
D506Q,0.3631,Amb
D506R,0.4866,Amb
D506S,0.1898,LBen
D506T,0.3804,Amb
D506V,0.3833,Amb
D506W,0.9188,LPath
D506Y,0.2928,LBen
L507A,0.6969,LPath
L507C,0.569,LPath
L507D,0.9815,LPath
L507E,0.9404,LPath
L507F,0.1433,LBen
L507G,0.8818,LPath
L507H,0.7376,LPath
L507I,0.2021,LBen
L507K,0.8919,LPath
L507M,0.1325,LBen
L507N,0.9053,LPath
L507P,0.9763,LPath
L507Q,0.7465,LPath
L507R,0.8027,LPath
L507S,0.8447,LPath
L507T,0.7554,LPath
L507V,0.2269,LBen
L507W,0.4809,Amb
L507Y,0.5575,Amb
I508A,0.2282,LBen
I508C,0.4108,Amb
I508D,0.581,LPath
I508E,0.4997,Amb
I508F,0.1377,LBen
I508G,0.3655,Amb
I508H,0.3296,LBen
I508K,0.309,LBen
I508L,0.0872,LBen
I508M,0.0907,LBen
I508N,0.1819,LBen
I508P,0.7963,LPath
I508Q,0.3034,LBen
I508R,0.2192,LBen
I508S,0.159,LBen
I508T,0.1774,LBen
I508V,0.0862,LBen
I508W,0.6702,LPath
I508Y,0.383,Amb
L509A,0.3514,Amb
L509C,0.5219,Amb
L509D,0.8454,LPath
L509E,0.569,LPath
L509F,0.2337,LBen
L509G,0.6101,LPath
L509H,0.3757,Amb
L509I,0.1088,LBen
L509K,0.4532,Amb
L509M,0.1378,LBen
L509N,0.5919,LPath
L509P,0.7034,LPath
L509Q,0.2915,LBen
L509R,0.2761,LBen
L509S,0.4572,Amb
L509T,0.3264,LBen
L509V,0.1372,LBen
L509W,0.3752,Amb
L509Y,0.5203,Amb
G510A,0.0922,LBen
G510C,0.1299,LBen
G510D,0.1066,LBen
G510E,0.0731,LBen
G510F,0.377,Amb
G510H,0.1351,LBen
G510I,0.2374,LBen
G510K,0.1095,LBen
G510L,0.2159,LBen
G510M,0.2635,LBen
G510N,0.1387,LBen
G510P,0.826,LPath
G510Q,0.0882,LBen
G510R,0.082,LBen
G510S,0.0905,LBen
G510T,0.1219,LBen
G510V,0.1617,LBen
G510W,0.1857,LBen
G510Y,0.2219,LBen
N511A,0.1635,LBen
N511C,0.1464,LBen
N511D,0.0751,LBen
N511E,0.1443,LBen
N511F,0.3736,Amb
N511G,0.1141,LBen
N511H,0.0603,LBen
N511I,0.2571,LBen
N511K,0.0984,LBen
N511L,0.2244,LBen
N511M,0.2816,LBen
N511P,0.5098,Amb
N511Q,0.1199,LBen
N511R,0.1107,LBen
N511S,0.0782,LBen
N511T,0.1282,LBen
N511V,0.2383,LBen
N511W,0.5116,Amb
N511Y,0.1177,LBen
I512A,0.3424,Amb
I512C,0.4195,Amb
I512D,0.5734,LPath
I512E,0.4901,Amb
I512F,0.0926,LBen
I512G,0.5853,LPath
I512H,0.3087,LBen
I512K,0.2677,LBen
I512L,0.09,LBen
I512M,0.092,LBen
I512N,0.2347,LBen
I512P,0.8246,LPath
I512Q,0.3232,LBen
I512R,0.1959,LBen
I512S,0.2876,LBen
I512T,0.2294,LBen
I512V,0.075,LBen
I512W,0.482,Amb
I512Y,0.247,LBen
S513A,0.066,LBen
S513C,0.0893,LBen
S513D,0.2194,LBen
S513E,0.2721,LBen
S513F,0.1541,LBen
S513G,0.1083,LBen
S513H,0.2134,LBen
S513I,0.1525,LBen
S513K,0.3586,Amb
S513L,0.0806,LBen
S513M,0.1629,LBen
S513N,0.1243,LBen
S513P,0.0716,LBen
S513Q,0.2784,LBen
S513R,0.3002,LBen
S513T,0.0815,LBen
S513V,0.1422,LBen
S513W,0.2186,LBen
S513Y,0.1295,LBen
V514A,0.1857,LBen
V514C,0.6764,LPath
V514D,0.9364,LPath
V514E,0.9126,LPath
V514F,0.6925,LPath
V514G,0.5,Amb
V514H,0.9513,LPath
V514I,0.1188,LBen
V514K,0.9187,LPath
V514L,0.5629,Amb
V514M,0.3942,Amb
V514N,0.8083,LPath
V514P,0.8635,LPath
V514Q,0.8797,LPath
V514R,0.8692,LPath
V514S,0.3964,Amb
V514T,0.2208,LBen
V514W,0.9795,LPath
V514Y,0.942,LPath
E515A,0.2794,LBen
E515C,0.8917,LPath
E515D,0.4282,Amb
E515F,0.9427,LPath
E515G,0.4123,Amb
E515H,0.8505,LPath
E515I,0.7545,LPath
E515K,0.6143,LPath
E515L,0.7481,LPath
E515M,0.7493,LPath
E515N,0.7241,LPath
E515P,0.981,LPath
E515Q,0.2407,LBen
E515R,0.6904,LPath
E515S,0.422,Amb
E515T,0.5246,Amb
E515V,0.464,Amb
E515W,0.9857,LPath
E515Y,0.9022,LPath
S516A,0.0913,LBen
S516C,0.0856,LBen
S516D,0.8969,LPath
S516E,0.91,LPath
S516F,0.5741,LPath
S516G,0.1947,LBen
S516H,0.846,LPath
S516I,0.2935,LBen
S516K,0.9683,LPath
S516L,0.1724,LBen
S516M,0.3289,LBen
S516N,0.5096,Amb
S516P,0.5035,Amb
S516Q,0.8878,LPath
S516R,0.9484,LPath
S516T,0.1288,LBen
S516V,0.2336,LBen
S516W,0.7875,LPath
S516Y,0.5289,Amb
L517A,0.9154,LPath
L517C,0.904,LPath
L517D,0.9977,LPath
L517E,0.9832,LPath
L517F,0.5486,Amb
L517G,0.9866,LPath
L517H,0.9579,LPath
L517I,0.1313,LBen
L517K,0.9715,LPath
L517M,0.2332,LBen
L517N,0.9841,LPath
L517P,0.9849,LPath
L517Q,0.9262,LPath
L517R,0.9494,LPath
L517S,0.9562,LPath
L517T,0.8843,LPath
L517V,0.2088,LBen
L517W,0.896,LPath
L517Y,0.9287,LPath
H518A,0.981,LPath
H518C,0.7992,LPath
H518D,0.9583,LPath
H518E,0.9862,LPath
H518F,0.9014,LPath
H518G,0.9749,LPath
H518I,0.9859,LPath
H518K,0.9841,LPath
H518L,0.8809,LPath
H518M,0.9871,LPath
H518N,0.856,LPath
H518P,0.9235,LPath
H518Q,0.9597,LPath
H518R,0.9185,LPath
H518S,0.9265,LPath
H518T,0.9842,LPath
H518V,0.9819,LPath
H518W,0.8733,LPath
H518Y,0.6777,LPath
G519A,0.4108,Amb
G519C,0.6411,LPath
G519D,0.9512,LPath
G519E,0.9428,LPath
G519F,0.9642,LPath
G519H,0.9426,LPath
G519I,0.8945,LPath
G519K,0.9439,LPath
G519L,0.932,LPath
G519M,0.9318,LPath
G519N,0.9082,LPath
G519P,0.987,LPath
G519Q,0.9097,LPath
G519R,0.8317,LPath
G519S,0.2264,LBen
G519T,0.7029,LPath
G519V,0.801,LPath
G519W,0.9161,LPath
G519Y,0.9435,LPath
D520A,0.3864,Amb
D520C,0.7477,LPath
D520E,0.6179,LPath
D520F,0.8591,LPath
D520G,0.211,LBen
D520H,0.585,LPath
D520I,0.8475,LPath
D520K,0.8115,LPath
D520L,0.755,LPath
D520M,0.8805,LPath
D520N,0.0862,LBen
D520P,0.9564,LPath
D520Q,0.7352,LPath
D520R,0.8003,LPath
D520S,0.1384,LBen
D520T,0.5309,Amb
D520V,0.7081,LPath
D520W,0.9609,LPath
D520Y,0.4845,Amb
R521A,0.8621,LPath
R521C,0.316,LBen
R521D,0.9726,LPath
R521E,0.8002,LPath
R521F,0.8879,LPath
R521G,0.7819,LPath
R521H,0.2802,LBen
R521I,0.6883,LPath
R521K,0.2211,LBen
R521L,0.574,LPath
R521M,0.6477,LPath
R521N,0.9489,LPath
R521P,0.988,LPath
R521Q,0.2367,LBen
R521S,0.918,LPath
R521T,0.7964,LPath
R521V,0.7622,LPath
R521W,0.3803,Amb
R521Y,0.7345,LPath
E522A,0.2914,LBen
E522C,0.8397,LPath
E522D,0.1416,LBen
E522F,0.8565,LPath
E522G,0.2455,LBen
E522H,0.628,LPath
E522I,0.6316,LPath
E522K,0.3164,LBen
E522L,0.5124,Amb
E522M,0.6328,LPath
E522N,0.3963,Amb
E522P,0.577,LPath
E522Q,0.2293,LBen
E522R,0.44,Amb
E522S,0.321,LBen
E522T,0.4789,Amb
E522V,0.3961,Amb
E522W,0.9278,LPath
E522Y,0.7422,LPath
Q523A,0.7052,LPath
Q523C,0.9952,LPath
Q523D,0.9381,LPath
Q523E,0.4142,Amb
Q523F,0.9812,LPath
Q523G,0.7261,LPath
Q523H,0.9572,LPath
Q523I,0.8602,LPath
Q523K,0.7222,LPath
Q523L,0.7384,LPath
Q523M,0.7355,LPath
Q523N,0.8383,LPath
Q523P,0.7153,LPath
Q523R,0.7865,LPath
Q523S,0.7799,LPath
Q523T,0.7915,LPath
Q523V,0.8207,LPath
Q523W,0.9837,LPath
Q523Y,0.9768,LPath
R524A,0.1053,LBen
R524C,0.0749,LBen
R524D,0.1935,LBen
R524E,0.1323,LBen
R524F,0.2067,LBen
R524G,0.076,LBen
R524H,0.0734,LBen
R524I,0.108,LBen
R524K,0.0717,LBen
R524L,0.124,LBen
R524M,0.1156,LBen
R524N,0.1727,LBen
R524P,0.279,LBen
R524Q,0.0758,LBen
R524S,0.114,LBen
R524T,0.0875,LBen
R524V,0.1302,LBen
R524W,0.0967,LBen
R524Y,0.1419,LBen
D525A,0.3804,Amb
D525C,0.6945,LPath
D525E,0.216,LBen
D525F,0.6739,LPath
D525G,0.4607,Amb
D525H,0.4515,Amb
D525I,0.5172,Amb
D525K,0.6754,LPath
D525L,0.5445,Amb
D525M,0.7612,LPath
D525N,0.2864,LBen
D525P,0.9663,LPath
D525Q,0.4678,Amb
D525R,0.6944,LPath
D525S,0.3378,LBen
D525T,0.5654,LPath
D525V,0.3118,LBen
D525W,0.8882,LPath
D525Y,0.2742,LBen
R526A,0.9879,LPath
R526C,0.907,LPath
R526D,0.9968,LPath
R526E,0.9596,LPath
R526F,0.9975,LPath
R526G,0.9727,LPath
R526H,0.9185,LPath
R526I,0.9809,LPath
R526K,0.8549,LPath
R526L,0.9658,LPath
R526M,0.9885,LPath
R526N,0.9958,LPath
R526P,0.9961,LPath
R526Q,0.8295,LPath
R526S,0.9922,LPath
R526T,0.9853,LPath
R526V,0.9824,LPath
R526W,0.9092,LPath
R526Y,0.9899,LPath
E527A,0.3899,Amb
E527C,0.9016,LPath
E527D,0.4091,Amb
E527F,0.9055,LPath
E527G,0.2945,LBen
E527H,0.7841,LPath
E527I,0.5316,Amb
E527K,0.2556,LBen
E527L,0.5696,LPath
E527M,0.5776,LPath
E527N,0.5353,Amb
E527P,0.9857,LPath
E527Q,0.2199,LBen
E527R,0.3892,Amb
E527S,0.5358,Amb
E527T,0.4881,Amb
E527V,0.3501,Amb
E527W,0.9518,LPath
E527Y,0.8387,LPath
K528A,0.1583,LBen
K528C,0.4101,Amb
K528D,0.3125,LBen
K528E,0.0953,LBen
K528F,0.4466,Amb
K528G,0.2573,LBen
K528H,0.1989,LBen
K528I,0.1348,LBen
K528L,0.1449,LBen
K528M,0.0937,LBen
K528N,0.201,LBen
K528P,0.935,LPath
K528Q,0.0957,LBen
K528R,0.0674,LBen
K528S,0.224,LBen
K528T,0.091,LBen
K528V,0.1372,LBen
K528W,0.441,Amb
K528Y,0.3327,LBen
A529C,0.6413,LPath
A529D,0.8814,LPath
A529E,0.8541,LPath
A529F,0.8766,LPath
A529G,0.3686,Amb
A529H,0.9209,LPath
A529I,0.6957,LPath
A529K,0.9618,LPath
A529L,0.7132,LPath
A529M,0.6896,LPath
A529N,0.7634,LPath
A529P,0.9799,LPath
A529Q,0.8489,LPath
A529R,0.9156,LPath
A529S,0.1526,LBen
A529T,0.3088,LBen
A529V,0.3667,Amb
A529W,0.9801,LPath
A529Y,0.9094,LPath
L530A,0.6125,LPath
L530C,0.7597,LPath
L530D,0.9821,LPath
L530E,0.8643,LPath
L530F,0.3435,Amb
L530G,0.8905,LPath
L530H,0.6854,LPath
L530I,0.1481,LBen
L530K,0.6552,LPath
L530M,0.152,LBen
L530N,0.8913,LPath
L530P,0.9632,LPath
L530Q,0.5346,Amb
L530R,0.546,Amb
L530S,0.7396,LPath
L530T,0.5792,LPath
L530V,0.1667,LBen
L530W,0.472,Amb
L530Y,0.7097,LPath
E531A,0.0968,LBen
E531C,0.4403,Amb
E531D,0.1041,LBen
E531F,0.4319,Amb
E531G,0.0897,LBen
E531H,0.1893,LBen
E531I,0.2092,LBen
E531K,0.0877,LBen
E531L,0.1848,LBen
E531M,0.2408,LBen
E531N,0.1396,LBen
E531P,0.9148,LPath
E531Q,0.0766,LBen
E531R,0.113,LBen
E531S,0.1177,LBen
E531T,0.1357,LBen
E531V,0.1429,LBen
E531W,0.5292,Amb
E531Y,0.2703,LBen
N532A,0.23,LBen
N532C,0.2048,LBen
N532D,0.1111,LBen
N532E,0.3466,Amb
N532F,0.4908,Amb
N532G,0.3085,LBen
N532H,0.1101,LBen
N532I,0.2726,LBen
N532K,0.2555,LBen
N532L,0.2817,LBen
N532M,0.3352,LBen
N532P,0.9674,LPath
N532Q,0.3138,LBen
N532R,0.2741,LBen
N532S,0.1227,LBen
N532T,0.1917,LBen
N532V,0.284,LBen
N532W,0.671,LPath
N532Y,0.1119,LBen
F533A,0.9808,LPath
F533C,0.8756,LPath
F533D,0.9977,LPath
F533E,0.9953,LPath
F533G,0.9913,LPath
F533H,0.9754,LPath
F533I,0.648,LPath
F533K,0.9913,LPath
F533L,0.9141,LPath
F533M,0.7749,LPath
F533N,0.9903,LPath
F533P,0.9994,LPath
F533Q,0.9881,LPath
F533R,0.9765,LPath
F533S,0.9829,LPath
F533T,0.982,LPath
F533V,0.7525,LPath
F533W,0.8352,LPath
F533Y,0.5291,Amb
K534A,0.5007,Amb
K534C,0.5496,Amb
K534D,0.8739,LPath
K534E,0.3096,LBen
K534F,0.8629,LPath
K534G,0.5885,LPath
K534H,0.3755,Amb
K534I,0.4272,Amb
K534L,0.4438,Amb
K534M,0.3363,LBen
K534N,0.7131,LPath
K534P,0.9588,LPath
K534Q,0.1436,LBen
K534R,0.0599,LBen
K534S,0.5916,LPath
K534T,0.2736,LBen
K534V,0.4025,Amb
K534W,0.7482,LPath
K534Y,0.7285,LPath
T535A,0.0782,LBen
T535C,0.225,LBen
T535D,0.1819,LBen
T535E,0.1414,LBen
T535F,0.1893,LBen
T535G,0.1579,LBen
T535H,0.1546,LBen
T535I,0.1678,LBen
T535K,0.1066,LBen
T535L,0.0892,LBen
T535M,0.0781,LBen
T535N,0.077,LBen
T535P,0.5783,LPath
T535Q,0.1373,LBen
T535R,0.0861,LBen
T535S,0.0788,LBen
T535V,0.1435,LBen
T535W,0.3712,Amb
T535Y,0.1828,LBen
G536A,0.3919,Amb
G536C,0.4501,Amb
G536D,0.4056,Amb
G536E,0.429,Amb
G536F,0.9373,LPath
G536H,0.6146,LPath
G536I,0.9217,LPath
G536K,0.5175,Amb
G536L,0.8559,LPath
G536M,0.858,LPath
G536N,0.397,Amb
G536P,0.9836,LPath
G536Q,0.4212,Amb
G536R,0.3719,Amb
G536S,0.1718,LBen
G536T,0.5695,LPath
G536V,0.8376,LPath
G536W,0.8021,LPath
G536Y,0.8269,LPath
K537A,0.1543,LBen
K537C,0.3621,Amb
K537D,0.2011,LBen
K537E,0.0786,LBen
K537F,0.4647,Amb
K537G,0.2419,LBen
K537H,0.1632,LBen
K537I,0.1722,LBen
K537L,0.2028,LBen
K537M,0.1361,LBen
K537N,0.1582,LBen
K537P,0.8246,LPath
K537Q,0.0897,LBen
K537R,0.0689,LBen
K537S,0.1799,LBen
K537T,0.1008,LBen
K537V,0.1579,LBen
K537W,0.5072,Amb
K537Y,0.332,LBen
V538A,0.2659,LBen
V538C,0.6486,LPath
V538D,0.7936,LPath
V538E,0.6938,LPath
V538F,0.4285,Amb
V538G,0.3438,Amb
V538H,0.827,LPath
V538I,0.1403,LBen
V538K,0.7675,LPath
V538L,0.6172,LPath
V538M,0.411,Amb
V538N,0.5425,Amb
V538P,0.947,LPath
V538Q,0.681,LPath
V538R,0.6997,LPath
V538S,0.331,LBen
V538T,0.2898,LBen
V538W,0.9403,LPath
V538Y,0.7532,LPath
R539A,0.3211,LBen
R539C,0.1364,LBen
R539D,0.4575,Amb
R539E,0.3037,LBen
R539F,0.5815,LPath
R539G,0.1599,LBen
R539H,0.0933,LBen
R539I,0.4015,Amb
R539K,0.079,LBen
R539L,0.3078,LBen
R539M,0.2913,LBen
R539N,0.3081,LBen
R539P,0.4165,Amb
R539Q,0.0902,LBen
R539S,0.302,LBen
R539T,0.1975,LBen
R539V,0.4287,Amb
R539W,0.2335,LBen
R539Y,0.3619,Amb
I540A,0.7948,LPath
I540C,0.7504,LPath
I540D,0.9883,LPath
I540E,0.9724,LPath
I540F,0.3093,LBen
I540G,0.9321,LPath
I540H,0.9144,LPath
I540K,0.9053,LPath
I540L,0.1678,LBen
I540M,0.1968,LBen
I540N,0.8252,LPath
I540P,0.9833,LPath
I540Q,0.9346,LPath
I540R,0.8728,LPath
I540S,0.8152,LPath
I540T,0.7362,LPath
I540V,0.0958,LBen
I540W,0.9276,LPath
I540Y,0.7128,LPath
L541A,0.926,LPath
L541C,0.8703,LPath
L541D,0.9993,LPath
L541E,0.9951,LPath
L541F,0.755,LPath
L541G,0.9856,LPath
L541H,0.9855,LPath
L541I,0.3215,LBen
L541K,0.9901,LPath
L541M,0.2584,LBen
L541N,0.993,LPath
L541P,0.9964,LPath
L541Q,0.9661,LPath
L541R,0.9798,LPath
L541S,0.9807,LPath
L541T,0.9608,LPath
L541V,0.3578,Amb
L541W,0.9749,LPath
L541Y,0.9791,LPath
I542A,0.7817,LPath
I542C,0.8875,LPath
I542D,0.9974,LPath
I542E,0.9927,LPath
I542F,0.5528,Amb
I542G,0.9787,LPath
I542H,0.9883,LPath
I542K,0.9863,LPath
I542L,0.2006,LBen
I542M,0.2791,LBen
I542N,0.9663,LPath
I542P,0.9867,LPath
I542Q,0.986,LPath
I542R,0.9761,LPath
I542S,0.9129,LPath
I542T,0.6296,LPath
I542V,0.081,LBen
I542W,0.9844,LPath
I542Y,0.958,LPath
A543C,0.6354,LPath
A543D,0.9931,LPath
A543E,0.9929,LPath
A543F,0.9746,LPath
A543G,0.4877,Amb
A543H,0.9932,LPath
A543I,0.9652,LPath
A543K,0.9976,LPath
A543L,0.8336,LPath
A543M,0.8958,LPath
A543N,0.9802,LPath
A543P,0.9931,LPath
A543Q,0.9812,LPath
A543R,0.9906,LPath
A543S,0.2628,LBen
A543T,0.4179,Amb
A543V,0.8145,LPath
A543W,0.9987,LPath
A543Y,0.9929,LPath
T544A,0.8095,LPath
T544C,0.9638,LPath
T544D,0.9869,LPath
T544E,0.9819,LPath
T544F,0.9862,LPath
T544G,0.9262,LPath
T544H,0.9682,LPath
T544I,0.9833,LPath
T544K,0.9386,LPath
T544L,0.8676,LPath
T544M,0.6996,LPath
T544N,0.9058,LPath
T544P,0.8455,LPath
T544Q,0.9568,LPath
T544R,0.9195,LPath
T544S,0.6948,LPath
T544V,0.9368,LPath
T544W,0.9941,LPath
T544Y,0.9882,LPath
D545A,0.8224,LPath
D545C,0.9761,LPath
D545E,0.8728,LPath
D545F,0.9839,LPath
D545G,0.8268,LPath
D545H,0.9162,LPath
D545I,0.9797,LPath
D545K,0.9817,LPath
D545L,0.9653,LPath
D545M,0.9913,LPath
D545N,0.5201,Amb
D545P,0.9828,LPath
D545Q,0.967,LPath
D545R,0.9698,LPath
D545S,0.5333,Amb
D545T,0.9158,LPath
D545V,0.9312,LPath
D545W,0.9965,LPath
D545Y,0.8643,LPath
L546A,0.69,LPath
L546C,0.7898,LPath
L546D,0.9668,LPath
L546E,0.8644,LPath
L546F,0.4642,Amb
L546G,0.8904,LPath
L546H,0.7202,LPath
L546I,0.1166,LBen
L546K,0.7056,LPath
L546M,0.2321,LBen
L546N,0.8557,LPath
L546P,0.8626,LPath
L546Q,0.6366,LPath
L546R,0.5102,Amb
L546S,0.7809,LPath
L546T,0.5405,Amb
L546V,0.1012,LBen
L546W,0.6483,LPath
L546Y,0.8098,LPath
A547C,0.8022,LPath
A547D,0.9677,LPath
A547E,0.9582,LPath
A547F,0.8645,LPath
A547G,0.6145,LPath
A547H,0.9727,LPath
A547I,0.7264,LPath
A547K,0.9895,LPath
A547L,0.4888,Amb
A547M,0.7347,LPath
A547N,0.9526,LPath
A547P,0.8666,LPath
A547Q,0.9347,LPath
A547R,0.9642,LPath
A547S,0.3616,Amb
A547T,0.6187,LPath
A547V,0.4587,Amb
A547W,0.9857,LPath
A547Y,0.9498,LPath
S548A,0.0756,LBen
S548C,0.2076,LBen
S548D,0.9828,LPath
S548E,0.9647,LPath
S548F,0.7999,LPath
S548G,0.2374,LBen
S548H,0.9547,LPath
S548I,0.815,LPath
S548K,0.993,LPath
S548L,0.3484,Amb
S548M,0.6433,LPath
S548N,0.8961,LPath
S548P,0.907,LPath
S548Q,0.932,LPath
S548R,0.9835,LPath
S548T,0.4287,Amb
S548V,0.6911,LPath
S548W,0.9005,LPath
S548Y,0.8154,LPath
R549A,0.9583,LPath
R549C,0.6189,LPath
R549D,0.9911,LPath
R549E,0.9228,LPath
R549F,0.9798,LPath
R549G,0.8998,LPath
R549H,0.674,LPath
R549I,0.9551,LPath
R549K,0.7141,LPath
R549L,0.8821,LPath
R549M,0.9496,LPath
R549N,0.9901,LPath
R549P,0.9843,LPath
R549Q,0.5414,Amb
R549S,0.967,LPath
R549T,0.9558,LPath
R549V,0.9578,LPath
R549W,0.5642,LPath
R549Y,0.9535,LPath
G550A,0.9066,LPath
G550C,0.9249,LPath
G550D,0.9635,LPath
G550E,0.9705,LPath
G550F,0.9879,LPath
G550H,0.9929,LPath
G550I,0.9525,LPath
G550K,0.9921,LPath
G550L,0.9788,LPath
G550M,0.9848,LPath
G550N,0.9857,LPath
G550P,0.9958,LPath
G550Q,0.9882,LPath
G550R,0.9818,LPath
G550S,0.8573,LPath
G550T,0.9634,LPath
G550V,0.9278,LPath
G550W,0.9761,LPath
G550Y,0.9818,LPath
L551A,0.9443,LPath
L551C,0.9583,LPath
L551D,0.997,LPath
L551E,0.9839,LPath
L551F,0.7104,LPath
L551G,0.9877,LPath
L551H,0.9733,LPath
L551I,0.1348,LBen
L551K,0.9671,LPath
L551M,0.3544,Amb
L551N,0.9813,LPath
L551P,0.9817,LPath
L551Q,0.9574,LPath
L551R,0.9448,LPath
L551S,0.981,LPath
L551T,0.9325,LPath
L551V,0.3539,Amb
L551W,0.8879,LPath
L551Y,0.9581,LPath
D552A,0.802,LPath
D552C,0.9624,LPath
D552E,0.9219,LPath
D552F,0.9368,LPath
D552G,0.7658,LPath
D552H,0.8014,LPath
D552I,0.9501,LPath
D552K,0.9669,LPath
D552L,0.9324,LPath
D552M,0.9776,LPath
D552N,0.6772,LPath
D552P,0.9785,LPath
D552Q,0.9308,LPath
D552R,0.9425,LPath
D552S,0.6957,LPath
D552T,0.9316,LPath
D552V,0.8694,LPath
D552W,0.9786,LPath
D552Y,0.7019,LPath
V553A,0.7883,LPath
V553C,0.8733,LPath
V553D,0.9208,LPath
V553E,0.9031,LPath
V553F,0.5111,Amb
V553G,0.8404,LPath
V553H,0.9615,LPath
V553I,0.085,LBen
V553K,0.9377,LPath
V553L,0.592,LPath
V553M,0.4521,Amb
V553N,0.8738,LPath
V553P,0.9867,LPath
V553Q,0.9143,LPath
V553R,0.8895,LPath
V553S,0.8117,LPath
V553T,0.7621,LPath
V553W,0.9686,LPath
V553Y,0.9108,LPath
H554A,0.1422,LBen
H554C,0.1134,LBen
H554D,0.0983,LBen
H554E,0.1514,LBen
H554F,0.2512,LBen
H554G,0.1793,LBen
H554I,0.2047,LBen
H554K,0.1204,LBen
H554L,0.0928,LBen
H554M,0.2976,LBen
H554N,0.0709,LBen
H554P,0.0928,LBen
H554Q,0.1169,LBen
H554R,0.0798,LBen
H554S,0.1223,LBen
H554T,0.1318,LBen
H554V,0.1528,LBen
H554W,0.3255,LBen
H554Y,0.0943,LBen
D555A,0.5777,LPath
D555C,0.8368,LPath
D555E,0.6053,LPath
D555F,0.8767,LPath
D555G,0.2847,LBen
D555H,0.6409,LPath
D555I,0.8754,LPath
D555K,0.8392,LPath
D555L,0.8236,LPath
D555M,0.9226,LPath
D555N,0.1938,LBen
D555P,0.9766,LPath
D555Q,0.7917,LPath
D555R,0.7992,LPath
D555S,0.3141,LBen
D555T,0.6191,LPath
D555V,0.7407,LPath
D555W,0.9745,LPath
D555Y,0.5675,LPath
V556A,0.8101,LPath
V556C,0.9088,LPath
V556D,0.9797,LPath
V556E,0.9701,LPath
V556F,0.7631,LPath
V556G,0.904,LPath
V556H,0.9882,LPath
V556I,0.0624,LBen
V556K,0.9695,LPath
V556L,0.3879,Amb
V556M,0.4398,Amb
V556N,0.936,LPath
V556P,0.9616,LPath
V556Q,0.9707,LPath
V556R,0.9566,LPath
V556S,0.8871,LPath
V556T,0.7302,LPath
V556W,0.9912,LPath
V556Y,0.9674,LPath
T557A,0.4358,Amb
T557C,0.7973,LPath
T557D,0.7869,LPath
T557E,0.8091,LPath
T557F,0.8944,LPath
T557G,0.5254,Amb
T557H,0.6713,LPath
T557I,0.9061,LPath
T557K,0.6395,LPath
T557L,0.6808,LPath
T557M,0.4299,Amb
T557N,0.4229,Amb
T557P,0.8331,LPath
T557Q,0.6043,LPath
T557R,0.5958,LPath
T557S,0.1431,LBen
T557V,0.7929,LPath
T557W,0.9559,LPath
T557Y,0.8649,LPath
H558A,0.6801,LPath
H558C,0.2113,LBen
H558D,0.7518,LPath
H558E,0.8197,LPath
H558F,0.4021,Amb
H558G,0.8412,LPath
H558I,0.5622,Amb
H558K,0.7022,LPath
H558L,0.3158,LBen
H558M,0.6675,LPath
H558N,0.3934,Amb
H558P,0.9778,LPath
H558Q,0.6479,LPath
H558R,0.4237,Amb
H558S,0.6127,LPath
H558T,0.6482,LPath
H558V,0.4658,Amb
H558W,0.5501,Amb
H558Y,0.1618,LBen
V559A,0.938,LPath
V559C,0.9621,LPath
V559D,0.9937,LPath
V559E,0.9853,LPath
V559F,0.9458,LPath
V559G,0.9623,LPath
V559H,0.9961,LPath
V559I,0.0958,LBen
V559K,0.9911,LPath
V559L,0.882,LPath
V559M,0.8747,LPath
V559N,0.9785,LPath
V559P,0.9973,LPath
V559Q,0.9866,LPath
V559R,0.981,LPath
V559S,0.9388,LPath
V559T,0.8663,LPath
V559W,0.9989,LPath
V559Y,0.9932,LPath
Y560A,0.8954,LPath
Y560C,0.1967,LBen
Y560D,0.9757,LPath
Y560E,0.9839,LPath
Y560F,0.0674,LBen
Y560G,0.9322,LPath
Y560H,0.7067,LPath
Y560I,0.3912,Amb
Y560K,0.9784,LPath
Y560L,0.4028,Amb
Y560M,0.6798,LPath
Y560N,0.8913,LPath
Y560P,0.995,LPath
Y560Q,0.9574,LPath
Y560R,0.9494,LPath
Y560S,0.8496,LPath
Y560T,0.9224,LPath
Y560V,0.4008,Amb
Y560W,0.4907,Amb
N561A,0.8512,LPath
N561C,0.4774,Amb
N561D,0.9456,LPath
N561E,0.9865,LPath
N561F,0.9857,LPath
N561G,0.9157,LPath
N561H,0.7104,LPath
N561I,0.6011,LPath
N561K,0.9905,LPath
N561L,0.6465,LPath
N561M,0.8552,LPath
N561P,0.9889,LPath
N561Q,0.9522,LPath
N561R,0.9873,LPath
N561S,0.2417,LBen
N561T,0.6687,LPath
N561V,0.594,LPath
N561W,0.9978,LPath
N561Y,0.9155,LPath
F562A,0.856,LPath
F562C,0.5217,Amb
F562D,0.9644,LPath
F562E,0.9732,LPath
F562G,0.9322,LPath
F562H,0.7523,LPath
F562I,0.44,Amb
F562K,0.9615,LPath
F562L,0.8941,LPath
F562M,0.7096,LPath
F562N,0.8873,LPath
F562P,0.9958,LPath
F562Q,0.943,LPath
F562R,0.9211,LPath
F562S,0.7957,LPath
F562T,0.8298,LPath
F562V,0.4405,Amb
F562W,0.4011,Amb
F562Y,0.102,LBen
D563A,0.7286,LPath
D563C,0.8826,LPath
D563E,0.7878,LPath
D563F,0.9462,LPath
D563G,0.7435,LPath
D563H,0.791,LPath
D563I,0.9217,LPath
D563K,0.9684,LPath
D563L,0.8954,LPath
D563M,0.9679,LPath
D563N,0.367,Amb
D563P,0.9887,LPath
D563Q,0.8939,LPath
D563R,0.931,LPath
D563S,0.3483,Amb
D563T,0.7256,LPath
D563V,0.8027,LPath
D563W,0.9905,LPath
D563Y,0.7245,LPath
F564A,0.7568,LPath
F564C,0.3386,LBen
F564D,0.9825,LPath
F564E,0.9863,LPath
F564G,0.9148,LPath
F564H,0.9088,LPath
F564I,0.4042,Amb
F564K,0.9831,LPath
F564L,0.8868,LPath
F564M,0.5461,Amb
F564N,0.9151,LPath
F564P,0.9609,LPath
F564Q,0.962,LPath
F564R,0.9682,LPath
F564S,0.6662,LPath
F564T,0.8041,LPath
F564V,0.3506,Amb
F564W,0.8451,LPath
F564Y,0.4222,Amb
P565A,0.6226,LPath
P565C,0.9356,LPath
P565D,0.9955,LPath
P565E,0.9876,LPath
P565F,0.9957,LPath
P565G,0.9445,LPath
P565H,0.9659,LPath
P565I,0.9866,LPath
P565K,0.9928,LPath
P565L,0.8913,LPath
P565M,0.9863,LPath
P565N,0.9923,LPath
P565Q,0.9646,LPath
P565R,0.9648,LPath
P565S,0.8189,LPath
P565T,0.8747,LPath
P565V,0.9574,LPath
P565W,0.9972,LPath
P565Y,0.9949,LPath
R566A,0.4254,Amb
R566C,0.1496,LBen
R566D,0.6651,LPath
R566E,0.3968,Amb
R566F,0.5672,LPath
R566G,0.2053,LBen
R566H,0.1097,LBen
R566I,0.3855,Amb
R566K,0.1111,LBen
R566L,0.3203,LBen
R566M,0.3461,Amb
R566N,0.5507,Amb
R566P,0.6125,LPath
R566Q,0.1056,LBen
R566S,0.4893,Amb
R566T,0.3369,LBen
R566V,0.4356,Amb
R566W,0.1484,LBen
R566Y,0.3451,Amb
N567A,0.4825,Amb
N567C,0.3275,LBen
N567D,0.1911,LBen
N567E,0.5998,LPath
N567F,0.722,LPath
N567G,0.4161,Amb
N567H,0.1554,LBen
N567I,0.4789,Amb
N567K,0.5551,Amb
N567L,0.4901,Amb
N567M,0.5116,Amb
N567P,0.9259,LPath
N567Q,0.5334,Amb
N567R,0.5774,LPath
N567S,0.1377,LBen
N567T,0.2164,LBen
N567V,0.4575,Amb
N567W,0.8702,LPath
N567Y,0.27,LBen
I568A,0.2218,LBen
I568C,0.6904,LPath
I568D,0.8101,LPath
I568E,0.6721,LPath
I568F,0.2602,LBen
I568G,0.685,LPath
I568H,0.716,LPath
I568K,0.5288,Amb
I568L,0.1194,LBen
I568M,0.0814,LBen
I568N,0.4963,Amb
I568P,0.6371,LPath
I568Q,0.6241,LPath
I568R,0.4425,Amb
I568S,0.2986,LBen
I568T,0.1059,LBen
I568V,0.0683,LBen
I568W,0.7944,LPath
I568Y,0.6663,LPath
E569A,0.5568,Amb
E569C,0.9571,LPath
E569D,0.6576,LPath
E569F,0.9766,LPath
E569G,0.5803,LPath
E569H,0.8822,LPath
E569I,0.8882,LPath
E569K,0.4823,Amb
E569L,0.8712,LPath
E569M,0.8812,LPath
E569N,0.8749,LPath
E569P,0.9189,LPath
E569Q,0.4151,Amb
E569R,0.5768,LPath
E569S,0.6345,LPath
E569T,0.7297,LPath
E569V,0.7265,LPath
E569W,0.9825,LPath
E569Y,0.9469,LPath
E570A,0.4744,Amb
E570C,0.9626,LPath
E570D,0.3163,LBen
E570F,0.9742,LPath
E570G,0.5066,Amb
E570H,0.9292,LPath
E570I,0.8682,LPath
E570K,0.7722,LPath
E570L,0.8834,LPath
E570M,0.8605,LPath
E570N,0.6711,LPath
E570P,0.9883,LPath
E570Q,0.5442,Amb
E570R,0.8638,LPath
E570S,0.544,Amb
E570T,0.6841,LPath
E570V,0.6683,LPath
E570W,0.9887,LPath
E570Y,0.9272,LPath
Y571A,0.985,LPath
Y571C,0.9343,LPath
Y571D,0.9755,LPath
Y571E,0.995,LPath
Y571F,0.4394,Amb
Y571G,0.9694,LPath
Y571H,0.9681,LPath
Y571I,0.9547,LPath
Y571K,0.9968,LPath
Y571L,0.8655,LPath
Y571M,0.9575,LPath
Y571N,0.9291,LPath
Y571P,0.9976,LPath
Y571Q,0.9964,LPath
Y571R,0.9945,LPath
Y571S,0.9663,LPath
Y571T,0.9805,LPath
Y571V,0.9198,LPath
Y571W,0.8872,LPath
V572A,0.7464,LPath
V572C,0.8868,LPath
V572D,0.9607,LPath
V572E,0.9045,LPath
V572F,0.6235,LPath
V572G,0.7636,LPath
V572H,0.9644,LPath
V572I,0.0898,LBen
V572K,0.9215,LPath
V572L,0.6632,LPath
V572M,0.5645,LPath
V572N,0.8926,LPath
V572P,0.964,LPath
V572Q,0.8756,LPath
V572R,0.8431,LPath
V572S,0.7498,LPath
V572T,0.6376,LPath
V572W,0.9772,LPath
V572Y,0.9321,LPath
H573A,0.9803,LPath
H573C,0.8958,LPath
H573D,0.9674,LPath
H573E,0.9809,LPath
H573F,0.874,LPath
H573G,0.9709,LPath
H573I,0.978,LPath
H573K,0.9621,LPath
H573L,0.7765,LPath
H573M,0.9789,LPath
H573N,0.8996,LPath
H573P,0.8761,LPath
H573Q,0.9338,LPath
H573R,0.8505,LPath
H573S,0.96,LPath
H573T,0.9871,LPath
H573V,0.9745,LPath
H573W,0.8402,LPath
H573Y,0.7091,LPath
R574A,0.9873,LPath
R574C,0.7374,LPath
R574D,0.9978,LPath
R574E,0.9729,LPath
R574F,0.9968,LPath
R574G,0.9752,LPath
R574H,0.7824,LPath
R574I,0.9753,LPath
R574K,0.8341,LPath
R574L,0.9553,LPath
R574M,0.9847,LPath
R574N,0.9934,LPath
R574P,0.9978,LPath
R574Q,0.6725,LPath
R574S,0.9876,LPath
R574T,0.9828,LPath
R574V,0.9836,LPath
R574W,0.9112,LPath
R574Y,0.9862,LPath
I575A,0.4232,Amb
I575C,0.8405,LPath
I575D,0.9817,LPath
I575E,0.9469,LPath
I575F,0.8141,LPath
I575G,0.8902,LPath
I575H,0.9765,LPath
I575K,0.9449,LPath
I575L,0.4589,Amb
I575M,0.3341,LBen
I575N,0.8254,LPath
I575P,0.967,LPath
I575Q,0.9357,LPath
I575R,0.8951,LPath
I575S,0.5111,Amb
I575T,0.1784,LBen
I575V,0.0617,LBen
I575W,0.9873,LPath
I575Y,0.9704,LPath
G576A,0.7825,LPath
G576C,0.8493,LPath
G576D,0.9721,LPath
G576E,0.955,LPath
G576F,0.9827,LPath
G576H,0.9833,LPath
G576I,0.945,LPath
G576K,0.9805,LPath
G576L,0.9546,LPath
G576M,0.9819,LPath
G576N,0.9793,LPath
G576P,0.9952,LPath
G576Q,0.957,LPath
G576R,0.9108,LPath
G576S,0.6111,LPath
G576T,0.9069,LPath
G576V,0.9059,LPath
G576W,0.9479,LPath
G576Y,0.9794,LPath
R577A,0.9877,LPath
R577C,0.7496,LPath
R577D,0.9956,LPath
R577E,0.946,LPath
R577F,0.9818,LPath
R577G,0.9777,LPath
R577H,0.8392,LPath
R577I,0.924,LPath
R577K,0.8104,LPath
R577L,0.9114,LPath
R577M,0.9684,LPath
R577N,0.9934,LPath
R577P,0.9926,LPath
R577Q,0.7682,LPath
R577S,0.9905,LPath
R577T,0.9834,LPath
R577V,0.9609,LPath
R577W,0.7982,LPath
R577Y,0.965,LPath
T578A,0.6589,LPath
T578C,0.8369,LPath
T578D,0.9937,LPath
T578E,0.9912,LPath
T578F,0.9917,LPath
T578G,0.8641,LPath
T578H,0.9828,LPath
T578I,0.9575,LPath
T578K,0.9749,LPath
T578L,0.8749,LPath
T578M,0.7598,LPath
T578N,0.9447,LPath
T578P,0.8681,LPath
T578Q,0.9793,LPath
T578R,0.9607,LPath
T578S,0.7251,LPath
T578V,0.8377,LPath
T578W,0.9978,LPath
T578Y,0.9927,LPath
G579A,0.5979,LPath
G579C,0.9021,LPath
G579D,0.9871,LPath
G579E,0.983,LPath
G579F,0.9947,LPath
G579H,0.9945,LPath
G579I,0.9893,LPath
G579K,0.9902,LPath
G579L,0.9798,LPath
G579M,0.9918,LPath
G579N,0.9887,LPath
G579P,0.9976,LPath
G579Q,0.9793,LPath
G579R,0.9486,LPath
G579S,0.7079,LPath
G579T,0.9629,LPath
G579V,0.9691,LPath
G579W,0.9879,LPath
G579Y,0.9934,LPath
R580A,0.9858,LPath
R580C,0.8687,LPath
R580D,0.9932,LPath
R580E,0.9454,LPath
R580F,0.982,LPath
R580G,0.9646,LPath
R580H,0.8574,LPath
R580I,0.9532,LPath
R580K,0.8167,LPath
R580L,0.9575,LPath
R580M,0.9768,LPath
R580N,0.9913,LPath
R580P,0.9899,LPath
R580Q,0.7889,LPath
R580S,0.9904,LPath
R580T,0.9836,LPath
R580V,0.9689,LPath
R580W,0.7866,LPath
R580Y,0.9656,LPath
A581C,0.6852,LPath
A581D,0.9011,LPath
A581E,0.8605,LPath
A581F,0.7135,LPath
A581G,0.271,LBen
A581H,0.8673,LPath
A581I,0.8169,LPath
A581K,0.9029,LPath
A581L,0.5442,Amb
A581M,0.6186,LPath
A581N,0.7983,LPath
A581P,0.9574,LPath
A581Q,0.7381,LPath
A581R,0.7743,LPath
A581S,0.2238,LBen
A581T,0.6038,LPath
A581V,0.5801,LPath
A581W,0.9439,LPath
A581Y,0.8222,LPath
G582A,0.6189,LPath
G582C,0.6544,LPath
G582D,0.7024,LPath
G582E,0.7038,LPath
G582F,0.9383,LPath
G582H,0.834,LPath
G582I,0.9196,LPath
G582K,0.7828,LPath
G582L,0.8871,LPath
G582M,0.9072,LPath
G582N,0.6461,LPath
G582P,0.9914,LPath
G582Q,0.6911,LPath
G582R,0.6448,LPath
G582S,0.3217,LBen
G582T,0.7279,LPath
G582V,0.8561,LPath
G582W,0.8821,LPath
G582Y,0.8938,LPath
R583A,0.3576,Amb
R583C,0.1529,LBen
R583D,0.6806,LPath
R583E,0.3478,Amb
R583F,0.557,Amb
R583G,0.2651,LBen
R583H,0.1275,LBen
R583I,0.2948,LBen
R583K,0.0795,LBen
R583L,0.2553,LBen
R583M,0.2239,LBen
R583N,0.4682,Amb
R583P,0.9332,LPath
R583Q,0.0963,LBen
R583S,0.4392,Amb
R583T,0.2817,LBen
R583V,0.3635,Amb
R583W,0.2927,LBen
R583Y,0.4138,Amb
T584A,0.0807,LBen
T584C,0.2293,LBen
T584D,0.2641,LBen
T584E,0.1671,LBen
T584F,0.1665,LBen
T584G,0.1819,LBen
T584H,0.1621,LBen
T584I,0.1444,LBen
T584K,0.0997,LBen
T584L,0.0889,LBen
T584M,0.0823,LBen
T584N,0.1007,LBen
T584P,0.1347,LBen
T584Q,0.1387,LBen
T584R,0.0923,LBen
T584S,0.0885,LBen
T584V,0.1156,LBen
T584W,0.4085,Amb
T584Y,0.1758,LBen
G585A,0.8451,LPath
G585C,0.9549,LPath
G585D,0.9894,LPath
G585E,0.9885,LPath
G585F,0.9961,LPath
G585H,0.9964,LPath
G585I,0.9889,LPath
G585K,0.9933,LPath
G585L,0.9922,LPath
G585M,0.9958,LPath
G585N,0.9939,LPath
G585P,0.9974,LPath
G585Q,0.9925,LPath
G585R,0.9749,LPath
G585S,0.8607,LPath
G585T,0.9712,LPath
G585V,0.9711,LPath
G585W,0.9888,LPath
G585Y,0.9952,LPath
V586A,0.1326,LBen
V586C,0.4172,Amb
V586D,0.21,LBen
V586E,0.1258,LBen
V586F,0.0943,LBen
V586G,0.2136,LBen
V586H,0.2881,LBen
V586I,0.0607,LBen
V586K,0.1573,LBen
V586L,0.1181,LBen
V586M,0.0808,LBen
V586N,0.1429,LBen
V586P,0.8957,LPath
V586Q,0.1671,LBen
V586R,0.1591,LBen
V586S,0.1262,LBen
V586T,0.0869,LBen
V586W,0.5486,Amb
V586Y,0.2599,LBen
S587A,0.0623,LBen
S587C,0.1901,LBen
S587D,0.9923,LPath
S587E,0.9937,LPath
S587F,0.9619,LPath
S587G,0.2722,LBen
S587H,0.9875,LPath
S587I,0.9341,LPath
S587K,0.9991,LPath
S587L,0.7088,LPath
S587M,0.8742,LPath
S587N,0.9471,LPath
S587P,0.9796,LPath
S587Q,0.9864,LPath
S587R,0.9969,LPath
S587T,0.5237,Amb
S587V,0.8065,LPath
S587W,0.991,LPath
S587Y,0.9719,LPath
I588A,0.6094,LPath
I588C,0.6552,LPath
I588D,0.931,LPath
I588E,0.8296,LPath
I588F,0.16,LBen
I588G,0.8863,LPath
I588H,0.6831,LPath
I588K,0.686,LPath
I588L,0.1356,LBen
I588M,0.13,LBen
I588N,0.5989,LPath
I588P,0.9778,LPath
I588Q,0.7372,LPath
I588R,0.5876,LPath
I588S,0.6022,LPath
I588T,0.3692,Amb
I588V,0.0628,LBen
I588W,0.79,LPath
I588Y,0.5291,Amb
T589A,0.2779,LBen
T589C,0.7351,LPath
T589D,0.9767,LPath
T589E,0.9843,LPath
T589F,0.9616,LPath
T589G,0.7043,LPath
T589H,0.9432,LPath
T589I,0.9131,LPath
T589K,0.9836,LPath
T589L,0.7366,LPath
T589M,0.5258,Amb
T589N,0.7997,LPath
T589P,0.9308,LPath
T589Q,0.9477,LPath
T589R,0.973,LPath
T589S,0.1928,LBen
T589V,0.7363,LPath
T589W,0.9945,LPath
T589Y,0.9749,LPath
T590A,0.0759,LBen
T590C,0.1771,LBen
T590D,0.792,LPath
T590E,0.6215,LPath
T590F,0.1264,LBen
T590G,0.2542,LBen
T590H,0.3303,LBen
T590I,0.0949,LBen
T590K,0.4619,Amb
T590L,0.0246,LBen
T590M,0.0516,LBen
T590N,0.2197,LBen
T590P,0.19,LBen
T590Q,0.4127,Amb
T590R,0.3595,Amb
T590S,0.1329,LBen
T590V,0.0843,LBen
T590W,0.5132,Amb
T590Y,0.2366,LBen
L591A,0.4859,Amb
L591C,0.5147,Amb
L591D,0.9851,LPath
L591E,0.9377,LPath
L591F,0.1224,LBen
L591G,0.8667,LPath
L591H,0.7883,LPath
L591I,0.0619,LBen
L591K,0.8922,LPath
L591M,0.0815,LBen
L591N,0.9006,LPath
L591P,0.935,LPath
L591Q,0.7876,LPath
L591R,0.8363,LPath
L591S,0.7583,LPath
L591T,0.5394,Amb
L591V,0.0639,LBen
L591W,0.596,LPath
L591Y,0.6058,LPath
T592A,0.3351,LBen
T592C,0.5208,Amb
T592D,0.825,LPath
T592E,0.817,LPath
T592F,0.76,LPath
T592G,0.483,Amb
T592H,0.608,LPath
T592I,0.7115,LPath
T592K,0.6473,LPath
T592L,0.3958,Amb
T592M,0.2783,LBen
T592N,0.3788,Amb
T592P,0.6868,LPath
T592Q,0.5581,Amb
T592R,0.5471,Amb
T592S,0.2261,LBen
T592V,0.5326,Amb
T592W,0.9116,LPath
T592Y,0.7743,LPath
R593A,0.5202,Amb
R593C,0.2497,LBen
R593D,0.759,LPath
R593E,0.3995,Amb
R593F,0.6786,LPath
R593G,0.3152,LBen
R593H,0.1542,LBen
R593I,0.4462,Amb
R593K,0.1205,LBen
R593L,0.3944,Amb
R593M,0.406,Amb
R593N,0.7356,LPath
R593P,0.5265,Amb
R593Q,0.12,LBen
R593S,0.6277,LPath
R593T,0.4125,Amb
R593V,0.499,Amb
R593W,0.166,LBen
R593Y,0.451,Amb
N594A,0.1373,LBen
N594C,0.2009,LBen
N594D,0.0979,LBen
N594E,0.1863,LBen
N594F,0.4093,Amb
N594G,0.1372,LBen
N594H,0.0807,LBen
N594I,0.2157,LBen
N594K,0.123,LBen
N594L,0.2072,LBen
N594M,0.2424,LBen
N594P,0.5171,Amb
N594Q,0.1659,LBen
N594R,0.1521,LBen
N594S,0.0712,LBen
N594T,0.1043,LBen
N594V,0.2033,LBen
N594W,0.5188,Amb
N594Y,0.1258,LBen
D595A,0.7441,LPath
D595C,0.8898,LPath
D595E,0.5771,LPath
D595F,0.9588,LPath
D595G,0.6524,LPath
D595H,0.7009,LPath
D595I,0.8949,LPath
D595K,0.9001,LPath
D595L,0.9352,LPath
D595M,0.9579,LPath
D595N,0.2107,LBen
D595P,0.9905,LPath
D595Q,0.7739,LPath
D595R,0.8882,LPath
D595S,0.4093,Amb
D595T,0.7886,LPath
D595V,0.7814,LPath
D595W,0.9911,LPath
D595Y,0.7088,LPath
W596A,0.6099,LPath
W596C,0.7772,LPath
W596D,0.9414,LPath
W596E,0.9189,LPath
W596F,0.4692,Amb
W596G,0.4179,Amb
W596H,0.8142,LPath
W596I,0.8453,LPath
W596K,0.9192,LPath
W596L,0.735,LPath
W596M,0.8262,LPath
W596N,0.9012,LPath
W596P,0.9629,LPath
W596Q,0.8822,LPath
W596R,0.85,LPath
W596S,0.4465,Amb
W596T,0.7968,LPath
W596V,0.7858,LPath
W596Y,0.5576,Amb
R597A,0.3267,LBen
R597C,0.2504,LBen
R597D,0.6277,LPath
R597E,0.3549,Amb
R597F,0.561,Amb
R597G,0.1901,LBen
R597H,0.1413,LBen
R597I,0.321,LBen
R597K,0.0804,LBen
R597L,0.2611,LBen
R597M,0.2305,LBen
R597N,0.499,Amb
R597P,0.4083,Amb
R597Q,0.1275,LBen
R597S,0.4404,Amb
R597T,0.2826,LBen
R597V,0.3471,Amb
R597W,0.2093,LBen
R597Y,0.3945,Amb
V598A,0.1272,LBen
V598C,0.441,Amb
V598D,0.2801,LBen
V598E,0.2952,LBen
V598F,0.089,LBen
V598G,0.1601,LBen
V598H,0.3122,LBen
V598I,0.0723,LBen
V598K,0.2945,LBen
V598L,0.1641,LBen
V598M,0.1241,LBen
V598N,0.1789,LBen
V598P,0.5397,Amb
V598Q,0.2635,LBen
V598R,0.2313,LBen
V598S,0.136,LBen
V598T,0.1355,LBen
V598W,0.5102,Amb
V598Y,0.2625,LBen
A599C,0.5801,LPath
A599D,0.9451,LPath
A599E,0.9283,LPath
A599F,0.807,LPath
A599G,0.2659,LBen
A599H,0.9431,LPath
A599I,0.5781,LPath
A599K,0.9643,LPath
A599L,0.578,LPath
A599M,0.6393,LPath
A599N,0.8732,LPath
A599P,0.8833,LPath
A599Q,0.8974,LPath
A599R,0.9244,LPath
A599S,0.1423,LBen
A599T,0.2327,LBen
A599V,0.2928,LBen
A599W,0.9761,LPath
A599Y,0.9185,LPath
S600A,0.066,LBen
S600C,0.0949,LBen
S600D,0.163,LBen
S600E,0.2067,LBen
S600F,0.1518,LBen
S600G,0.055,LBen
S600H,0.1438,LBen
S600I,0.1296,LBen
S600K,0.1883,LBen
S600L,0.087,LBen
S600M,0.1463,LBen
S600N,0.0788,LBen
S600P,0.0732,LBen
S600Q,0.1922,LBen
S600R,0.1594,LBen
S600T,0.0691,LBen
S600V,0.1213,LBen
S600W,0.1856,LBen
S600Y,0.1239,LBen
E601A,0.1845,LBen
E601C,0.8017,LPath
E601D,0.1035,LBen
E601F,0.7827,LPath
E601G,0.166,LBen
E601H,0.372,Amb
E601I,0.4817,Amb
E601K,0.1474,LBen
E601L,0.45,Amb
E601M,0.5608,Amb
E601N,0.2409,LBen
E601P,0.4648,Amb
E601Q,0.1333,LBen
E601R,0.2358,LBen
E601S,0.1836,LBen
E601T,0.2558,LBen
E601V,0.2849,LBen
E601W,0.8799,LPath
E601Y,0.5684,LPath
L602A,0.8444,LPath
L602C,0.8385,LPath
L602D,0.9946,LPath
L602E,0.9741,LPath
L602F,0.5241,Amb
L602G,0.9555,LPath
L602H,0.9448,LPath
L602I,0.2011,LBen
L602K,0.9573,LPath
L602M,0.2797,LBen
L602N,0.9719,LPath
L602P,0.9788,LPath
L602Q,0.9285,LPath
L602R,0.9372,LPath
L602S,0.9615,LPath
L602T,0.8348,LPath
L602V,0.2251,LBen
L602W,0.8512,LPath
L602Y,0.8632,LPath
I603A,0.3681,Amb
I603C,0.4943,Amb
I603D,0.8623,LPath
I603E,0.5973,LPath
I603F,0.3558,Amb
I603G,0.5801,LPath
I603H,0.6341,LPath
I603K,0.2976,LBen
I603L,0.1338,LBen
I603M,0.1048,LBen
I603N,0.3879,Amb
I603P,0.8851,LPath
I603Q,0.3779,Amb
I603R,0.2474,LBen
I603S,0.3219,LBen
I603T,0.2476,LBen
I603V,0.0923,LBen
I603W,0.8192,LPath
I603Y,0.6418,LPath
N604A,0.1041,LBen
N604C,0.1195,LBen
N604D,0.0822,LBen
N604E,0.1686,LBen
N604F,0.2871,LBen
N604G,0.1161,LBen
N604H,0.0608,LBen
N604I,0.1355,LBen
N604K,0.1032,LBen
N604L,0.1286,LBen
N604M,0.207,LBen
N604P,0.2546,LBen
N604Q,0.1452,LBen
N604R,0.1148,LBen
N604S,0.0647,LBen
N604T,0.0787,LBen
N604V,0.1229,LBen
N604W,0.4653,Amb
N604Y,0.0973,LBen
I605A,0.8115,LPath
I605C,0.8032,LPath
I605D,0.9499,LPath
I605E,0.9373,LPath
I605F,0.3807,Amb
I605G,0.9275,LPath
I605H,0.8191,LPath
I605K,0.8438,LPath
I605L,0.1553,LBen
I605M,0.2357,LBen
I605N,0.6509,LPath
I605P,0.9659,LPath
I605Q,0.8807,LPath
I605R,0.7631,LPath
I605S,0.7203,LPath
I605T,0.6515,LPath
I605V,0.1333,LBen
I605W,0.9328,LPath
I605Y,0.7402,LPath
L606A,0.6739,LPath
L606C,0.6685,LPath
L606D,0.9914,LPath
L606E,0.9224,LPath
L606F,0.4456,Amb
L606G,0.9039,LPath
L606H,0.844,LPath
L606I,0.3117,LBen
L606K,0.8603,LPath
L606M,0.1634,LBen
L606N,0.9415,LPath
L606P,0.9602,LPath
L606Q,0.6857,LPath
L606R,0.7798,LPath
L606S,0.8242,LPath
L606T,0.6496,LPath
L606V,0.3019,LBen
L606W,0.7623,LPath
L606Y,0.8719,LPath
E607A,0.1483,LBen
E607C,0.5757,LPath
E607D,0.1925,LBen
E607F,0.6051,LPath
E607G,0.0992,LBen
E607H,0.2278,LBen
E607I,0.2576,LBen
E607K,0.0705,LBen
E607L,0.2311,LBen
E607M,0.3152,LBen
E607N,0.2224,LBen
E607P,0.8165,LPath
E607Q,0.0699,LBen
E607R,0.1084,LBen
E607S,0.1648,LBen
E607T,0.1692,LBen
E607V,0.1628,LBen
E607W,0.6472,LPath
E607Y,0.4086,Amb
R608A,0.4375,Amb
R608C,0.2496,LBen
R608D,0.604,LPath
R608E,0.3219,LBen
R608F,0.6515,LPath
R608G,0.2481,LBen
R608H,0.1466,LBen
R608I,0.3198,LBen
R608K,0.1066,LBen
R608L,0.328,LBen
R608M,0.2752,LBen
R608N,0.5452,Amb
R608P,0.8578,LPath
R608Q,0.126,LBen
R608S,0.5441,Amb
R608T,0.2809,LBen
R608V,0.4305,Amb
R608W,0.2383,LBen
R608Y,0.4429,Amb
A609C,0.4128,Amb
A609D,0.5601,Amb
A609E,0.4646,Amb
A609F,0.6621,LPath
A609G,0.1245,LBen
A609H,0.6783,LPath
A609I,0.5208,Amb
A609K,0.6991,LPath
A609L,0.4178,Amb
A609M,0.4328,Amb
A609N,0.3219,LBen
A609P,0.9005,LPath
A609Q,0.507,Amb
A609R,0.6261,LPath
A609S,0.0915,LBen
A609T,0.0979,LBen
A609V,0.2357,LBen
A609W,0.8823,LPath
A609Y,0.7086,LPath
N610A,0.1784,LBen
N610C,0.1691,LBen
N610D,0.0835,LBen
N610E,0.1599,LBen
N610F,0.4221,Amb
N610G,0.1301,LBen
N610H,0.0717,LBen
N610I,0.278,LBen
N610K,0.1109,LBen
N610L,0.2666,LBen
N610M,0.3234,LBen
N610P,0.616,LPath
N610Q,0.1479,LBen
N610R,0.1332,LBen
N610S,0.0726,LBen
N610T,0.1402,LBen
N610V,0.2441,LBen
N610W,0.5946,LPath
N610Y,0.133,LBen
Q611A,0.3798,Amb
Q611C,0.8261,LPath
Q611D,0.8143,LPath
Q611E,0.1889,LBen
Q611F,0.9299,LPath
Q611G,0.482,Amb
Q611H,0.7367,LPath
Q611I,0.6592,LPath
Q611K,0.4094,Amb
Q611L,0.4228,Amb
Q611M,0.6032,LPath
Q611N,0.5747,LPath
Q611P,0.8694,LPath
Q611R,0.399,Amb
Q611S,0.4858,Amb
Q611T,0.4942,Amb
Q611V,0.4658,Amb
Q611W,0.9437,LPath
Q611Y,0.8799,LPath
S612A,0.0761,LBen
S612C,0.0753,LBen
S612D,0.1069,LBen
S612E,0.1382,LBen
S612F,0.1212,LBen
S612G,0.0781,LBen
S612H,0.1245,LBen
S612I,0.083,LBen
S612K,0.1788,LBen
S612L,0.086,LBen
S612M,0.1297,LBen
S612N,0.0611,LBen
S612P,0.0902,LBen
S612Q,0.1661,LBen
S612R,0.1615,LBen
S612T,0.0702,LBen
S612V,0.0945,LBen
S612W,0.1841,LBen
S612Y,0.1016,LBen
I613A,0.4126,Amb
I613C,0.6083,LPath
I613D,0.8295,LPath
I613E,0.7641,LPath
I613F,0.2522,LBen
I613G,0.745,LPath
I613H,0.6382,LPath
I613K,0.4605,Amb
I613L,0.1472,LBen
I613M,0.1707,LBen
I613N,0.4528,Amb
I613P,0.4207,Amb
I613Q,0.6348,LPath
I613R,0.3923,Amb
I613S,0.4107,Amb
I613T,0.2986,LBen
I613V,0.0578,LBen
I613W,0.8824,LPath
I613Y,0.6132,LPath
P614A,0.3291,LBen
P614C,0.762,LPath
P614D,0.6736,LPath
P614E,0.6426,LPath
P614F,0.8993,LPath
P614G,0.6666,LPath
P614H,0.4854,Amb
P614I,0.7927,LPath
P614K,0.74,LPath
P614L,0.434,Amb
P614M,0.7243,LPath
P614N,0.632,LPath
P614Q,0.5391,Amb
P614R,0.5962,LPath
P614S,0.321,LBen
P614T,0.3025,LBen
P614V,0.6484,LPath
P614W,0.9117,LPath
P614Y,0.8644,LPath
E615A,0.0935,LBen
E615C,0.4737,Amb
E615D,0.0875,LBen
E615F,0.4245,Amb
E615G,0.0922,LBen
E615H,0.1952,LBen
E615I,0.1922,LBen
E615K,0.0666,LBen
E615L,0.1792,LBen
E615M,0.2266,LBen
E615N,0.1443,LBen
E615P,0.1782,LBen
E615Q,0.0904,LBen
E615R,0.1009,LBen
E615S,0.1154,LBen
E615T,0.1314,LBen
E615V,0.1185,LBen
E615W,0.5139,Amb
E615Y,0.2889,LBen
E616A,0.0931,LBen
E616C,0.5549,Amb
E616D,0.0758,LBen
E616F,0.5004,Amb
E616G,0.1163,LBen
E616H,0.2943,LBen
E616I,0.2168,LBen
E616K,0.138,LBen
E616L,0.289,LBen
E616M,0.351,Amb
E616N,0.152,LBen
E616P,0.25,LBen
E616Q,0.1338,LBen
E616R,0.2179,LBen
E616S,0.1292,LBen
E616T,0.1495,LBen
E616V,0.1243,LBen
E616W,0.7042,LPath
E616Y,0.3295,LBen
L617A,0.62,LPath
L617C,0.7815,LPath
L617D,0.9931,LPath
L617E,0.9676,LPath
L617F,0.565,LPath
L617G,0.9409,LPath
L617H,0.9587,LPath
L617I,0.1187,LBen
L617K,0.9643,LPath
L617M,0.2516,LBen
L617N,0.9741,LPath
L617P,0.9237,LPath
L617Q,0.9419,LPath
L617R,0.9395,LPath
L617S,0.9319,LPath
L617T,0.6529,LPath
L617V,0.1019,LBen
L617W,0.8757,LPath
L617Y,0.896,LPath
V618A,0.1149,LBen
V618C,0.4105,Amb
V618D,0.1861,LBen
V618E,0.1327,LBen
V618F,0.0914,LBen
V618G,0.1254,LBen
V618H,0.2129,LBen
V618I,0.0745,LBen
V618K,0.1286,LBen
V618L,0.095,LBen
V618M,0.1199,LBen
V618N,0.154,LBen
V618P,0.4363,Amb
V618Q,0.1334,LBen
V618R,0.1057,LBen
V618S,0.1235,LBen
V618T,0.1345,LBen
V618W,0.4295,Amb
V618Y,0.2255,LBen
S619A,0.0608,LBen
S619C,0.0805,LBen
S619D,0.1702,LBen
S619E,0.1906,LBen
S619F,0.1032,LBen
S619G,0.0822,LBen
S619H,0.164,LBen
S619I,0.1052,LBen
S619K,0.2519,LBen
S619L,0.0639,LBen
S619M,0.1241,LBen
S619N,0.1,LBen
S619P,0.2884,LBen
S619Q,0.2161,LBen
S619R,0.2163,LBen
S619T,0.0717,LBen
S619V,0.1002,LBen
S619W,0.1443,LBen
S619Y,0.0943,LBen
M620A,0.7625,LPath
M620C,0.8881,LPath
M620D,0.9812,LPath
M620E,0.8883,LPath
M620F,0.4933,Amb
M620G,0.9452,LPath
M620H,0.8888,LPath
M620I,0.7569,LPath
M620K,0.6443,LPath
M620L,0.2104,LBen
M620N,0.937,LPath
M620P,0.987,LPath
M620Q,0.6648,LPath
M620R,0.632,LPath
M620S,0.8615,LPath
M620T,0.7281,LPath
M620V,0.2057,LBen
M620W,0.84,LPath
M620Y,0.8233,LPath
A621C,0.5585,Amb
A621D,0.5254,Amb
A621E,0.4136,Amb
A621F,0.5927,LPath
A621G,0.1575,LBen
A621H,0.6103,LPath
A621I,0.5407,Amb
A621K,0.5703,LPath
A621L,0.4542,Amb
A621M,0.4353,Amb
A621N,0.5078,Amb
A621P,0.9236,LPath
A621Q,0.4418,Amb
A621R,0.47,Amb
A621S,0.1117,LBen
A621T,0.19,LBen
A621V,0.2202,LBen
A621W,0.8138,LPath
A621Y,0.5808,LPath
E622A,0.1144,LBen
E622C,0.6187,LPath
E622D,0.1275,LBen
E622F,0.5368,Amb
E622G,0.0975,LBen
E622H,0.2564,LBen
E622I,0.2681,LBen
E622K,0.0828,LBen
E622L,0.2213,LBen
E622M,0.2953,LBen
E622N,0.1808,LBen
E622P,0.7704,LPath
E622Q,0.084,LBen
E622R,0.1167,LBen
E622S,0.1458,LBen
E622T,0.1678,LBen
E622V,0.1659,LBen
E622W,0.623,LPath
E622Y,0.376,Amb
R623A,0.5742,LPath
R623C,0.3007,LBen
R623D,0.6984,LPath
R623E,0.4568,Amb
R623F,0.7181,LPath
R623G,0.4465,Amb
R623H,0.1868,LBen
R623I,0.4356,Amb
R623K,0.1874,LBen
R623L,0.4207,Amb
R623M,0.445,Amb
R623N,0.6641,LPath
R623P,0.9211,LPath
R623Q,0.1666,LBen
R623S,0.6819,LPath
R623T,0.4526,Amb
R623V,0.5066,Amb
R623W,0.2902,LBen
R623Y,0.4509,Amb
F624A,0.5157,Amb
F624C,0.1853,LBen
F624D,0.6409,LPath
F624E,0.6529,LPath
F624G,0.5798,LPath
F624H,0.2691,LBen
F624I,0.3597,Amb
F624K,0.5165,Amb
F624L,0.8329,LPath
F624M,0.5663,LPath
F624N,0.453,Amb
F624P,0.9579,LPath
F624Q,0.4579,Amb
F624R,0.3671,Amb
F624S,0.3866,Amb
F624T,0.6351,LPath
F624V,0.3153,LBen
F624W,0.1675,LBen
F624Y,0.0396,LBen
K625A,0.1906,LBen
K625C,0.4532,Amb
K625D,0.3527,Amb
K625E,0.1044,LBen
K625F,0.4971,Amb
K625G,0.2819,LBen
K625H,0.1832,LBen
K625I,0.2097,LBen
K625L,0.1863,LBen
K625M,0.1674,LBen
K625N,0.2681,LBen
K625P,0.7036,LPath
K625Q,0.0996,LBen
K625R,0.0683,LBen
K625S,0.2418,LBen
K625T,0.1362,LBen
K625V,0.202,LBen
K625W,0.4713,Amb
K625Y,0.3665,Amb
A626C,0.3159,LBen
A626D,0.1523,LBen
A626E,0.1141,LBen
A626F,0.1909,LBen
A626G,0.1055,LBen
A626H,0.2429,LBen
A626I,0.1444,LBen
A626K,0.1884,LBen
A626L,0.1061,LBen
A626M,0.144,LBen
A626N,0.1469,LBen
A626P,0.6041,LPath
A626Q,0.1461,LBen
A626R,0.1633,LBen
A626S,0.0884,LBen
A626T,0.0826,LBen
A626V,0.0887,LBen
A626W,0.3757,Amb
A626Y,0.2154,LBen
H627A,0.2351,LBen
H627C,0.1713,LBen
H627D,0.3171,LBen
H627E,0.3337,LBen
H627F,0.212,LBen
H627G,0.2765,LBen
H627I,0.2547,LBen
H627K,0.2286,LBen
H627L,0.1337,LBen
H627M,0.3274,LBen
H627N,0.0958,LBen
H627P,0.4832,Amb
H627Q,0.1551,LBen
H627R,0.1087,LBen
H627S,0.1721,LBen
H627T,0.2438,LBen
H627V,0.225,LBen
H627W,0.2326,LBen
H627Y,0.0734,LBen
Q628A,0.2142,LBen
Q628C,0.4287,Amb
Q628D,0.4607,Amb
Q628E,0.0987,LBen
Q628F,0.5589,Amb
Q628G,0.2219,LBen
Q628H,0.1958,LBen
Q628I,0.299,LBen
Q628K,0.0663,LBen
Q628L,0.1233,LBen
Q628M,0.2882,LBen
Q628N,0.3324,LBen
Q628P,0.3716,Amb
Q628R,0.0684,LBen
Q628S,0.2495,LBen
Q628T,0.2084,LBen
Q628V,0.2151,LBen
Q628W,0.3633,Amb
Q628Y,0.3588,Amb
Q629A,0.1575,LBen
Q629C,0.3676,Amb
Q629D,0.2875,LBen
Q629E,0.0757,LBen
Q629F,0.4205,Amb
Q629G,0.1824,LBen
Q629H,0.1539,LBen
Q629I,0.2255,LBen
Q629K,0.0744,LBen
Q629L,0.0848,LBen
Q629M,0.2012,LBen
Q629N,0.2341,LBen
Q629P,0.3486,Amb
Q629R,0.078,LBen
Q629S,0.2133,LBen
Q629T,0.1854,LBen
Q629V,0.1585,LBen
Q629W,0.2321,LBen
Q629Y,0.2744,LBen
K630A,0.3256,LBen
K630C,0.6509,LPath
K630D,0.5434,Amb
K630E,0.1584,LBen
K630F,0.6693,LPath
K630G,0.3545,Amb
K630H,0.312,LBen
K630I,0.3093,LBen
K630L,0.3002,LBen
K630M,0.2094,LBen
K630N,0.4,Amb
K630P,0.7955,LPath
K630Q,0.1138,LBen
K630R,0.0686,LBen
K630S,0.4271,Amb
K630T,0.2284,LBen
K630V,0.3101,LBen
K630W,0.5769,LPath
K630Y,0.5028,Amb
R631A,0.2263,LBen
R631C,0.2475,LBen
R631D,0.4918,Amb
R631E,0.2159,LBen
R631F,0.4332,Amb
R631G,0.1555,LBen
R631H,0.141,LBen
R631I,0.1765,LBen
R631K,0.0655,LBen
R631L,0.1699,LBen
R631M,0.1482,LBen
R631N,0.3869,Amb
R631P,0.5594,Amb
R631Q,0.1041,LBen
R631S,0.346,Amb
R631T,0.1703,LBen
R631V,0.2212,LBen
R631W,0.1533,LBen
R631Y,0.3306,LBen
E632A,0.1052,LBen
E632C,0.6033,LPath
E632D,0.1012,LBen
E632F,0.4384,Amb
E632G,0.0979,LBen
E632H,0.2621,LBen
E632I,0.2084,LBen
E632K,0.1069,LBen
E632L,0.2067,LBen
E632M,0.2771,LBen
E632N,0.1675,LBen
E632P,0.4937,Amb
E632Q,0.1052,LBen
E632R,0.1419,LBen
E632S,0.1548,LBen
E632T,0.1662,LBen
E632V,0.1365,LBen
E632W,0.5587,Amb
E632Y,0.3127,LBen
M633A,0.1308,LBen
M633C,0.4339,Amb
M633D,0.3124,LBen
M633E,0.1596,LBen
M633F,0.2059,LBen
M633G,0.2183,LBen
M633H,0.2386,LBen
M633I,0.1436,LBen
M633K,0.0816,LBen
M633L,0.0974,LBen
M633N,0.164,LBen
M633P,0.4226,Amb
M633Q,0.12,LBen
M633R,0.0751,LBen
M633S,0.1644,LBen
M633T,0.0866,LBen
M633V,0.0779,LBen
M633W,0.2449,LBen
M633Y,0.2874,LBen
E634A,0.1283,LBen
E634C,0.6626,LPath
E634D,0.1514,LBen
E634F,0.5454,Amb
E634G,0.0881,LBen
E634H,0.3521,Amb
E634I,0.2952,LBen
E634K,0.1323,LBen
E634L,0.2635,LBen
E634M,0.3429,Amb
E634N,0.2386,LBen
E634P,0.4769,Amb
E634Q,0.1058,LBen
E634R,0.1634,LBen
E634S,0.187,LBen
E634T,0.2081,LBen
E634V,0.1769,LBen
E634W,0.6153,LPath
E634Y,0.4051,Amb
R635A,0.1523,LBen
R635C,0.1848,LBen
R635D,0.2546,LBen
R635E,0.1355,LBen
R635F,0.2994,LBen
R635G,0.0827,LBen
R635H,0.1167,LBen
R635I,0.1287,LBen
R635K,0.0616,LBen
R635L,0.1291,LBen
R635M,0.1157,LBen
R635N,0.2091,LBen
R635P,0.292,LBen
R635Q,0.0868,LBen
R635S,0.1914,LBen
R635T,0.1152,LBen
R635V,0.1639,LBen
R635W,0.1189,LBen
R635Y,0.2301,LBen
K636A,0.1954,LBen
K636C,0.5005,Amb
K636D,0.2437,LBen
K636E,0.0995,LBen
K636F,0.4455,Amb
K636G,0.1964,LBen
K636H,0.2189,LBen
K636I,0.196,LBen
K636L,0.2054,LBen
K636M,0.1492,LBen
K636N,0.1815,LBen
K636P,0.3532,Amb
K636Q,0.1015,LBen
K636R,0.0736,LBen
K636S,0.2241,LBen
K636T,0.1208,LBen
K636V,0.1999,LBen
K636W,0.4585,Amb
K636Y,0.3485,Amb
M637A,0.1375,LBen
M637C,0.3666,Amb
M637D,0.3162,LBen
M637E,0.1665,LBen
M637F,0.1638,LBen
M637G,0.1838,LBen
M637H,0.2063,LBen
M637I,0.1284,LBen
M637K,0.0789,LBen
M637L,0.0851,LBen
M637N,0.1717,LBen
M637P,0.1971,LBen
M637Q,0.1115,LBen
M637R,0.0724,LBen
M637S,0.1538,LBen
M637T,0.0905,LBen
M637V,0.0746,LBen
M637W,0.1688,LBen
M637Y,0.2358,LBen
E638A,0.0825,LBen
E638C,0.3983,Amb
E638D,0.0986,LBen
E638F,0.3138,LBen
E638G,0.0546,LBen
E638H,0.2034,LBen
E638I,0.1573,LBen
E638K,0.0846,LBen
E638L,0.1514,LBen
E638M,0.2142,LBen
E638N,0.147,LBen
E638P,0.1891,LBen
E638Q,0.0843,LBen
E638R,0.1017,LBen
E638S,0.1095,LBen
E638T,0.1196,LBen
E638V,0.1064,LBen
E638W,0.365,Amb
E638Y,0.2278,LBen
R639A,0.165,LBen
R639C,0.1689,LBen
R639D,0.2726,LBen
R639E,0.1647,LBen
R639F,0.2387,LBen
R639G,0.0976,LBen
R639H,0.1044,LBen
R639I,0.1042,LBen
R639K,0.0684,LBen
R639L,0.1136,LBen
R639M,0.1131,LBen
R639N,0.2322,LBen
R639P,0.1932,LBen
R639Q,0.093,LBen
R639S,0.208,LBen
R639T,0.1212,LBen
R639V,0.144,LBen
R639W,0.1171,LBen
R639Y,0.1878,LBen
P640A,0.079,LBen
P640C,0.2574,LBen
P640D,0.2379,LBen
P640E,0.1568,LBen
P640F,0.1938,LBen
P640G,0.1569,LBen
P640H,0.1013,LBen
P640I,0.1461,LBen
P640K,0.1237,LBen
P640L,0.0866,LBen
P640M,0.179,LBen
P640N,0.1821,LBen
P640Q,0.088,LBen
P640R,0.0844,LBen
P640S,0.0945,LBen
P640T,0.083,LBen
P640V,0.1169,LBen
P640W,0.2173,LBen
P640Y,0.1725,LBen
Q641A,0.1092,LBen
Q641C,0.3441,Amb
Q641D,0.2215,LBen
Q641E,0.082,LBen
Q641F,0.3477,Amb
Q641G,0.1329,LBen
Q641H,0.1324,LBen
Q641I,0.2052,LBen
Q641K,0.0761,LBen
Q641L,0.1001,LBen
Q641M,0.2338,LBen
Q641N,0.1991,LBen
Q641P,0.073,LBen
Q641R,0.0669,LBen
Q641S,0.1269,LBen
Q641T,0.1279,LBen
Q641V,0.1427,LBen
Q641W,0.2141,LBen
Q641Y,0.2297,LBen
G642A,0.1139,LBen
G642C,0.159,LBen
G642D,0.1457,LBen
G642E,0.1164,LBen
G642F,0.3146,LBen
G642H,0.2205,LBen
G642I,0.1628,LBen
G642K,0.1822,LBen
G642L,0.2403,LBen
G642M,0.2848,LBen
G642N,0.214,LBen
G642P,0.3659,Amb
G642Q,0.1722,LBen
G642R,0.1363,LBen
G642S,0.1201,LBen
G642T,0.1377,LBen
G642V,0.1094,LBen
G642W,0.1599,LBen
G642Y,0.1968,LBen
R643A,0.185,LBen
R643C,0.1641,LBen
R643D,0.3152,LBen
R643E,0.1815,LBen
R643F,0.2358,LBen
R643G,0.1106,LBen
R643H,0.1065,LBen
R643I,0.112,LBen
R643K,0.0647,LBen
R643L,0.114,LBen
R643M,0.1248,LBen
R643N,0.2628,LBen
R643P,0.1745,LBen
R643Q,0.0904,LBen
R643S,0.2151,LBen
R643T,0.1307,LBen
R643V,0.1654,LBen
R643W,0.1214,LBen
R643Y,0.2094,LBen
P644A,0.0819,LBen
P644C,0.3083,LBen
P644D,0.2597,LBen
P644E,0.1549,LBen
P644F,0.2705,LBen
P644G,0.1699,LBen
P644H,0.1269,LBen
P644I,0.2078,LBen
P644K,0.1275,LBen
P644L,0.106,LBen
P644M,0.2187,LBen
P644N,0.2189,LBen
P644Q,0.0917,LBen
P644R,0.0887,LBen
P644S,0.1066,LBen
P644T,0.096,LBen
P644V,0.1519,LBen
P644W,0.274,LBen
P644Y,0.219,LBen
K645A,0.2144,LBen
K645C,0.5449,Amb
K645D,0.3854,Amb
K645E,0.1108,LBen
K645F,0.5536,Amb
K645G,0.215,LBen
K645H,0.2923,LBen
K645I,0.2687,LBen
K645L,0.2386,LBen
K645M,0.1925,LBen
K645N,0.3078,LBen
K645P,0.2926,LBen
K645Q,0.0966,LBen
K645R,0.0679,LBen
K645S,0.27,LBen
K645T,0.1643,LBen
K645V,0.2243,LBen
K645W,0.4929,Amb
K645Y,0.4506,Amb
K646A,0.194,LBen
K646C,0.4894,Amb
K646D,0.2789,LBen
K646E,0.1277,LBen
K646F,0.4015,Amb
K646G,0.232,LBen
K646H,0.2151,LBen
K646I,0.1566,LBen
K646L,0.1944,LBen
K646M,0.1347,LBen
K646N,0.1973,LBen
K646P,0.2662,LBen
K646Q,0.1142,LBen
K646R,0.0753,LBen
K646S,0.2327,LBen
K646T,0.1119,LBen
K646V,0.1672,LBen
K646W,0.4821,Amb
K646Y,0.2976,LBen
F647A,0.2948,LBen
F647C,0.1887,LBen
F647D,0.3228,LBen
F647E,0.3998,Amb
F647G,0.3893,Amb
F647H,0.3255,LBen
F647I,0.1203,LBen
F647K,0.3929,Amb
F647L,0.6865,LPath
F647M,0.3583,Amb
F647N,0.264,LBen
F647P,0.5538,Amb
F647Q,0.3837,Amb
F647R,0.3086,LBen
F647S,0.1914,LBen
F647T,0.2587,LBen
F647V,0.1467,LBen
F647W,0.2184,LBen
F647Y,0.0857,LBen
H648A,0.1537,LBen
H648C,0.0948,LBen
H648D,0.1357,LBen
H648E,0.1636,LBen
H648F,0.1341,LBen
H648G,0.1538,LBen
H648I,0.1877,LBen
H648K,0.1482,LBen
H648L,0.0946,LBen
H648M,0.2933,LBen
H648N,0.0934,LBen
H648P,0.0974,LBen
H648Q,0.1081,LBen
H648R,0.071,LBen
H648S,0.1256,LBen
H648T,0.1594,LBen
H648V,0.1526,LBen
H648W,0.1623,LBen
H648Y,0.0564,LBen
