protein_variant,am_pathogenicity,am_class
M1A,0.2403,LBen
M1C,0.2747,LBen
M1D,0.6783,LPath
M1E,0.4729,Amb
M1F,0.1635,LBen
M1G,0.4054,Amb
M1H,0.4975,Amb
M1I,0.3825,Amb
M1K,0.355,Amb
M1L,0.1556,LBen
M1N,0.4887,Amb
M1P,0.4626,Amb
M1Q,0.2605,LBen
M1R,0.3107,LBen
M1S,0.3122,LBen
M1T,0.336,LBen
M1V,0.1108,LBen
M1W,0.4117,Amb
M1Y,0.3904,Amb
A2C,0.3723,Amb
A2D,0.188,LBen
A2E,0.2055,LBen
A2F,0.2887,LBen
A2G,0.0947,LBen
A2H,0.3478,Amb
A2I,0.4804,Amb
A2K,0.3563,Amb
A2L,0.2729,LBen
A2M,0.5036,Amb
A2N,0.2111,LBen
A2P,0.1381,LBen
A2Q,0.2824,LBen
A2R,0.284,LBen
A2S,0.0916,LBen
A2T,0.1809,LBen
A2V,0.3125,LBen
A2W,0.5927,LPath
A2Y,0.3351,LBen
S3A,0.0717,LBen
S3C,0.1076,LBen
S3D,0.1669,LBen
S3E,0.2043,LBen
S3F,0.1613,LBen
S3G,0.0817,LBen
S3H,0.2262,LBen
S3I,0.2295,LBen
S3K,0.3431,Amb
S3L,0.2312,LBen
S3M,0.3338,LBen
S3N,0.1359,LBen
S3P,0.1006,LBen
S3Q,0.2762,LBen
S3R,0.2932,LBen
S3T,0.0942,LBen
S3V,0.1947,LBen
S3W,0.2608,LBen
S3Y,0.1474,LBen
L4A,0.0831,LBen
L4C,0.1826,LBen
L4D,0.1911,LBen
L4E,0.1191,LBen
L4F,0.0637,LBen
L4G,0.1363,LBen
L4H,0.1253,LBen
L4I,0.0839,LBen
L4K,0.1299,LBen
L4M,0.1093,LBen
L4N,0.1423,LBen
L4P,0.1006,LBen
L4Q,0.0925,LBen
L4R,0.0925,LBen
L4S,0.092,LBen
L4T,0.1018,LBen
L4V,0.0728,LBen
L4W,0.1262,LBen
L4Y,0.1569,LBen
L5A,0.084,LBen
L5C,0.173,LBen
L5D,0.1931,LBen
L5E,0.1271,LBen
L5F,0.0689,LBen
L5G,0.1287,LBen
L5H,0.1181,LBen
L5I,0.0841,LBen
L5K,0.1304,LBen
L5M,0.1199,LBen
L5N,0.148,LBen
L5P,0.0783,LBen
L5Q,0.0864,LBen
L5R,0.0886,LBen
L5S,0.0918,LBen
L5T,0.097,LBen
L5V,0.0795,LBen
L5W,0.1136,LBen
L5Y,0.1627,LBen
W6A,0.0767,LBen
W6C,0.2458,LBen
W6D,0.1855,LBen
W6E,0.1717,LBen
W6F,0.0942,LBen
W6G,0.0539,LBen
W6H,0.2644,LBen
W6I,0.2063,LBen
W6K,0.2618,LBen
W6L,0.1023,LBen
W6M,0.2644,LBen
W6N,0.2373,LBen
W6P,0.1742,LBen
W6Q,0.243,LBen
W6R,0.2139,LBen
W6S,0.0846,LBen
W6T,0.1054,LBen
W6V,0.1371,LBen
W6Y,0.2096,LBen
G7A,0.0856,LBen
G7C,0.1487,LBen
G7D,0.1136,LBen
G7E,0.1018,LBen
G7F,0.2891,LBen
G7H,0.2497,LBen
G7I,0.196,LBen
G7K,0.2514,LBen
G7L,0.2293,LBen
G7M,0.31,LBen
G7N,0.1819,LBen
G7P,0.2889,LBen
G7Q,0.2165,LBen
G7R,0.2033,LBen
G7S,0.1102,LBen
G7T,0.1223,LBen
G7V,0.1289,LBen
G7W,0.2221,LBen
G7Y,0.2269,LBen
G8A,0.0833,LBen
G8C,0.1302,LBen
G8D,0.0932,LBen
G8E,0.0885,LBen
G8F,0.2496,LBen
G8H,0.234,LBen
G8I,0.1594,LBen
G8K,0.1911,LBen
G8L,0.1988,LBen
G8M,0.2702,LBen
G8N,0.1591,LBen
G8P,0.2862,LBen
G8Q,0.1843,LBen
G8R,0.1551,LBen
G8S,0.0962,LBen
G8T,0.1058,LBen
G8V,0.1076,LBen
G8W,0.1936,LBen
G8Y,0.2156,LBen
D9A,0.0802,LBen
D9C,0.2258,LBen
D9E,0.0908,LBen
D9F,0.199,LBen
D9G,0.0719,LBen
D9H,0.1375,LBen
D9I,0.1604,LBen
D9K,0.1758,LBen
D9L,0.1773,LBen
D9M,0.3445,Amb
D9N,0.0989,LBen
D9P,0.2213,LBen
D9Q,0.1545,LBen
D9R,0.1481,LBen
D9S,0.0908,LBen
D9T,0.1274,LBen
D9V,0.1036,LBen
D9W,0.4502,Amb
D9Y,0.1009,LBen
A10C,0.2343,LBen
A10D,0.1134,LBen
A10E,0.1252,LBen
A10F,0.1862,LBen
A10G,0.0763,LBen
A10H,0.2485,LBen
A10I,0.2039,LBen
A10K,0.2191,LBen
A10L,0.1544,LBen
A10M,0.2624,LBen
A10N,0.1659,LBen
A10P,0.1276,LBen
A10Q,0.1948,LBen
A10R,0.1642,LBen
A10S,0.0858,LBen
A10T,0.0937,LBen
A10V,0.1184,LBen
A10W,0.3877,Amb
A10Y,0.2283,LBen
G11A,0.0631,LBen
G11C,0.1324,LBen
G11D,0.0963,LBen
G11E,0.0835,LBen
G11F,0.2035,LBen
G11H,0.2244,LBen
G11I,0.1242,LBen
G11K,0.189,LBen
G11L,0.155,LBen
G11M,0.2269,LBen
G11N,0.1692,LBen
G11P,0.23,LBen
G11Q,0.1833,LBen
G11R,0.1543,LBen
G11S,0.0952,LBen
G11T,0.0939,LBen
G11V,0.0785,LBen
G11W,0.191,LBen
G11Y,0.1974,LBen
A12C,0.2375,LBen
A12D,0.1063,LBen
A12E,0.101,LBen
A12F,0.1431,LBen
A12G,0.0752,LBen
A12H,0.2265,LBen
A12I,0.1486,LBen
A12K,0.1767,LBen
A12L,0.1204,LBen
A12M,0.1879,LBen
A12N,0.1415,LBen
A12P,0.1035,LBen
A12Q,0.1693,LBen
A12R,0.1531,LBen
A12S,0.0885,LBen
A12T,0.0899,LBen
A12V,0.0926,LBen
A12W,0.319,LBen
A12Y,0.1994,LBen
A13C,0.261,LBen
A13D,0.1151,LBen
A13E,0.0981,LBen
A13F,0.1804,LBen
A13G,0.078,LBen
A13H,0.2555,LBen
A13I,0.1763,LBen
A13K,0.1758,LBen
A13L,0.1257,LBen
A13M,0.2076,LBen
A13N,0.1615,LBen
A13P,0.1084,LBen
A13Q,0.1623,LBen
A13R,0.1466,LBen
A13S,0.0847,LBen
A13T,0.0881,LBen
A13V,0.1026,LBen
A13W,0.3475,Amb
A13Y,0.2474,LBen
E14A,0.0762,LBen
E14C,0.4015,Amb
E14D,0.0804,LBen
E14F,0.2995,LBen
E14G,0.0706,LBen
E14H,0.1904,LBen
E14I,0.1937,LBen
E14K,0.1155,LBen
E14L,0.1882,LBen
E14M,0.3062,LBen
E14N,0.1469,LBen
E14P,0.1664,LBen
E14Q,0.0961,LBen
E14R,0.1286,LBen
E14S,0.103,LBen
E14T,0.1243,LBen
E14V,0.1157,LBen
E14W,0.4956,Amb
E14Y,0.2424,LBen
S15A,0.0633,LBen
S15C,0.092,LBen
S15D,0.1097,LBen
S15E,0.1118,LBen
S15F,0.1407,LBen
S15G,0.0603,LBen
S15H,0.1597,LBen
S15I,0.1103,LBen
S15K,0.1651,LBen
S15L,0.1099,LBen
S15M,0.1562,LBen
S15N,0.0761,LBen
S15P,0.0869,LBen
S15Q,0.17,LBen
S15R,0.1584,LBen
S15T,0.0649,LBen
S15V,0.103,LBen
S15W,0.1699,LBen
S15Y,0.1099,LBen
E16A,0.0908,LBen
E16C,0.3517,Amb
E16D,0.0858,LBen
E16F,0.2989,LBen
E16G,0.0656,LBen
E16H,0.164,LBen
E16I,0.1857,LBen
E16K,0.0858,LBen
E16L,0.1636,LBen
E16M,0.2623,LBen
E16N,0.1287,LBen
E16P,0.1679,LBen
E16Q,0.0812,LBen
E16R,0.1033,LBen
E16S,0.0957,LBen
E16T,0.116,LBen
E16V,0.1208,LBen
E16W,0.4273,Amb
E16Y,0.2261,LBen
R17A,0.0898,LBen
R17C,0.1086,LBen
R17D,0.1211,LBen
R17E,0.0925,LBen
R17F,0.1522,LBen
R17G,0.0655,LBen
R17H,0.0859,LBen
R17I,0.0797,LBen
R17K,0.0675,LBen
R17L,0.0817,LBen
R17M,0.108,LBen
R17N,0.1241,LBen
R17P,0.105,LBen
R17Q,0.0733,LBen
R17S,0.1055,LBen
R17T,0.0769,LBen
R17V,0.0936,LBen
R17W,0.1175,LBen
R17Y,0.1347,LBen
L18A,0.0745,LBen
L18C,0.1462,LBen
L18D,0.1359,LBen
L18E,0.0894,LBen
L18F,0.0695,LBen
L18G,0.1053,LBen
L18H,0.0855,LBen
L18I,0.0707,LBen
L18K,0.0771,LBen
L18M,0.0889,LBen
L18N,0.1036,LBen
L18P,0.0612,LBen
L18Q,0.0619,LBen
L18R,0.0625,LBen
L18S,0.0756,LBen
L18T,0.0808,LBen
L18V,0.0657,LBen
L18W,0.0793,LBen
L18Y,0.1146,LBen
N19A,0.0791,LBen
N19C,0.102,LBen
N19D,0.0682,LBen
N19E,0.1112,LBen
N19F,0.1606,LBen
N19G,0.094,LBen
N19H,0.0652,LBen
N19I,0.0868,LBen
N19K,0.0954,LBen
N19L,0.0965,LBen
N19M,0.1746,LBen
N19P,0.0942,LBen
N19Q,0.1079,LBen
N19R,0.0963,LBen
N19S,0.0611,LBen
N19T,0.07,LBen
N19V,0.0854,LBen
N19W,0.2865,LBen
N19Y,0.0725,LBen
S20A,0.0659,LBen
S20C,0.0686,LBen
S20D,0.0937,LBen
S20E,0.1167,LBen
S20F,0.1051,LBen
S20G,0.0604,LBen
S20H,0.1001,LBen
S20I,0.0853,LBen
S20K,0.1428,LBen
S20L,0.0844,LBen
S20M,0.1519,LBen
S20N,0.0761,LBen
S20P,0.0857,LBen
S20Q,0.1322,LBen
S20R,0.1135,LBen
S20T,0.0669,LBen
S20V,0.0863,LBen
S20W,0.1372,LBen
S20Y,0.0803,LBen
H21A,0.084,LBen
H21C,0.0882,LBen
H21D,0.0698,LBen
H21E,0.0983,LBen
H21F,0.1346,LBen
H21G,0.0917,LBen
H21I,0.1111,LBen
H21K,0.1011,LBen
H21L,0.0795,LBen
H21M,0.2199,LBen
H21N,0.0646,LBen
H21P,0.0634,LBen
H21Q,0.0845,LBen
H21R,0.0649,LBen
H21S,0.0688,LBen
H21T,0.0869,LBen
H21V,0.0975,LBen
H21W,0.1789,LBen
H21Y,0.0703,LBen
F22A,0.097,LBen
F22C,0.0906,LBen
F22D,0.1377,LBen
F22E,0.2033,LBen
F22G,0.1678,LBen
F22H,0.1622,LBen
F22I,0.0577,LBen
F22K,0.2225,LBen
F22L,0.2642,LBen
F22M,0.2022,LBen
F22N,0.1361,LBen
F22P,0.2153,LBen
F22Q,0.2029,LBen
F22R,0.1763,LBen
F22S,0.0758,LBen
F22T,0.1005,LBen
F22V,0.0613,LBen
F22W,0.1986,LBen
F22Y,0.0871,LBen
S23A,0.0677,LBen
S23C,0.0732,LBen
S23D,0.1538,LBen
S23E,0.1724,LBen
S23F,0.1146,LBen
S23G,0.0721,LBen
S23H,0.1379,LBen
S23I,0.1058,LBen
S23K,0.2261,LBen
S23L,0.0815,LBen
S23M,0.1681,LBen
S23N,0.102,LBen
S23P,0.0714,LBen
S23Q,0.1835,LBen
S23R,0.1761,LBen
S23T,0.0721,LBen
S23V,0.1091,LBen
S23W,0.1417,LBen
S23Y,0.0971,LBen
N24A,0.0799,LBen
N24C,0.1057,LBen
N24D,0.0659,LBen
N24E,0.1177,LBen
N24F,0.1535,LBen
N24G,0.1059,LBen
N24H,0.0647,LBen
N24I,0.0842,LBen
N24K,0.1031,LBen
N24L,0.0893,LBen
N24M,0.1679,LBen
N24P,0.1142,LBen
N24Q,0.1234,LBen
N24R,0.0999,LBen
N24S,0.0604,LBen
N24T,0.0715,LBen
N24V,0.0805,LBen
N24W,0.329,LBen
N24Y,0.0728,LBen
L25A,0.0749,LBen
L25C,0.1512,LBen
L25D,0.133,LBen
L25E,0.107,LBen
L25F,0.0593,LBen
L25G,0.1261,LBen
L25H,0.0782,LBen
L25I,0.0593,LBen
L25K,0.0941,LBen
L25M,0.0874,LBen
L25N,0.1008,LBen
L25P,0.075,LBen
L25Q,0.0703,LBen
L25R,0.0719,LBen
L25S,0.069,LBen
L25T,0.0742,LBen
L25V,0.0573,LBen
L25W,0.1012,LBen
L25Y,0.1057,LBen
S26A,0.07,LBen
S26C,0.0752,LBen
S26D,0.1201,LBen
S26E,0.1291,LBen
S26F,0.0899,LBen
S26G,0.0786,LBen
S26H,0.1011,LBen
S26I,0.0734,LBen
S26K,0.1507,LBen
S26L,0.0703,LBen
S26M,0.1218,LBen
S26N,0.0756,LBen
S26P,0.0618,LBen
S26Q,0.127,LBen
S26R,0.1297,LBen
S26T,0.0703,LBen
S26V,0.0862,LBen
S26W,0.137,LBen
S26Y,0.0823,LBen
Q27A,0.0909,LBen
Q27C,0.1795,LBen
Q27D,0.116,LBen
Q27E,0.0695,LBen
Q27F,0.1803,LBen
Q27G,0.106,LBen
Q27H,0.0738,LBen
Q27I,0.1276,LBen
Q27K,0.0717,LBen
Q27L,0.0777,LBen
Q27M,0.1861,LBen
Q27N,0.1014,LBen
Q27P,0.0714,LBen
Q27R,0.0714,LBen
Q27S,0.0823,LBen
Q27T,0.0924,LBen
Q27V,0.0994,LBen
Q27W,0.1846,LBen
Q27Y,0.1188,LBen
P28A,0.0672,LBen
P28C,0.1958,LBen
P28D,0.138,LBen
P28E,0.0953,LBen
P28F,0.1838,LBen
P28G,0.1225,LBen
P28H,0.0837,LBen
P28I,0.1312,LBen
P28K,0.0935,LBen
P28L,0.0899,LBen
P28M,0.17,LBen
P28N,0.1122,LBen
P28Q,0.0685,LBen
P28R,0.0813,LBen
P28S,0.0723,LBen
P28T,0.0667,LBen
P28V,0.1037,LBen
P28W,0.2558,LBen
P28Y,0.1489,LBen
R29A,0.1341,LBen
R29C,0.1216,LBen
R29D,0.1897,LBen
R29E,0.1106,LBen
R29F,0.2423,LBen
R29G,0.0854,LBen
R29H,0.0974,LBen
R29I,0.1256,LBen
R29K,0.0712,LBen
R29L,0.1196,LBen
R29M,0.1517,LBen
R29N,0.1945,LBen
R29P,0.1435,LBen
R29Q,0.0718,LBen
R29S,0.1534,LBen
R29T,0.1087,LBen
R29V,0.146,LBen
R29W,0.117,LBen
R29Y,0.184,LBen
K30A,0.1675,LBen
K30C,0.3788,Amb
K30D,0.1569,LBen
K30E,0.0744,LBen
K30F,0.4307,Amb
K30G,0.1439,LBen
K30H,0.1827,LBen
K30I,0.2086,LBen
K30L,0.1977,LBen
K30M,0.1718,LBen
K30N,0.143,LBen
K30P,0.2189,LBen
K30Q,0.0843,LBen
K30R,0.0721,LBen
K30S,0.161,LBen
K30T,0.1171,LBen
K30V,0.1967,LBen
K30W,0.4563,Amb
K30Y,0.2946,LBen
N31A,0.1152,LBen
N31C,0.1425,LBen
N31D,0.0815,LBen
N31E,0.1468,LBen
N31F,0.2351,LBen
N31G,0.1492,LBen
N31H,0.078,LBen
N31I,0.1091,LBen
N31K,0.1183,LBen
N31L,0.1326,LBen
N31M,0.1953,LBen
N31P,0.1616,LBen
N31Q,0.145,LBen
N31R,0.1389,LBen
N31S,0.0808,LBen
N31T,0.0851,LBen
N31V,0.1154,LBen
N31W,0.426,Amb
N31Y,0.0799,LBen
L32A,0.0834,LBen
L32C,0.1609,LBen
L32D,0.1433,LBen
L32E,0.1088,LBen
L32F,0.0667,LBen
L32G,0.1305,LBen
L32H,0.0818,LBen
L32I,0.0621,LBen
L32K,0.0906,LBen
L32M,0.0859,LBen
L32N,0.0946,LBen
L32P,0.0757,LBen
L32Q,0.0724,LBen
L32R,0.0709,LBen
L32S,0.0696,LBen
L32T,0.0766,LBen
L32V,0.0655,LBen
L32W,0.1014,LBen
L32Y,0.1119,LBen
W33A,0.0735,LBen
W33C,0.1576,LBen
W33D,0.1223,LBen
W33E,0.1087,LBen
W33F,0.1076,LBen
W33G,0.0591,LBen
W33H,0.1023,LBen
W33I,0.114,LBen
W33K,0.1008,LBen
W33L,0.0765,LBen
W33M,0.1413,LBen
W33N,0.1288,LBen
W33P,0.1273,LBen
W33Q,0.1016,LBen
W33R,0.0886,LBen
W33S,0.0702,LBen
W33T,0.0728,LBen
W33V,0.0984,LBen
W33Y,0.137,LBen
G34A,0.0885,LBen
G34C,0.1202,LBen
G34D,0.0795,LBen
G34E,0.0832,LBen
G34F,0.252,LBen
G34H,0.1466,LBen
G34I,0.1327,LBen
G34K,0.1426,LBen
G34L,0.1713,LBen
G34M,0.2233,LBen
G34N,0.1053,LBen
G34P,0.2571,LBen
G34Q,0.1345,LBen
G34R,0.1294,LBen
G34S,0.0852,LBen
G34T,0.0961,LBen
G34V,0.099,LBen
G34W,0.2055,LBen
G34Y,0.1616,LBen
I35A,0.1188,LBen
I35C,0.2338,LBen
I35D,0.1708,LBen
I35E,0.1363,LBen
I35F,0.068,LBen
I35G,0.177,LBen
I35H,0.151,LBen
I35K,0.1016,LBen
I35L,0.07,LBen
I35M,0.0704,LBen
I35N,0.0778,LBen
I35P,0.1936,LBen
I35Q,0.1109,LBen
I35R,0.0816,LBen
I35S,0.0929,LBen
I35T,0.1046,LBen
I35V,0.066,LBen
I35W,0.2797,LBen
I35Y,0.1569,LBen
K36A,0.1523,LBen
K36C,0.3539,Amb
K36D,0.1585,LBen
K36E,0.0873,LBen
K36F,0.4213,Amb
K36G,0.1527,LBen
K36H,0.1446,LBen
K36I,0.2045,LBen
K36L,0.2158,LBen
K36M,0.1856,LBen
K36N,0.1494,LBen
K36P,0.1704,LBen
K36Q,0.0805,LBen
K36R,0.0687,LBen
K36S,0.1434,LBen
K36T,0.0916,LBen
K36V,0.1979,LBen
K36W,0.4977,Amb
K36Y,0.2979,LBen
S37A,0.0794,LBen
S37C,0.1082,LBen
S37D,0.1104,LBen
S37E,0.1427,LBen
S37F,0.195,LBen
S37G,0.0679,LBen
S37H,0.1418,LBen
S37I,0.1513,LBen
S37K,0.1805,LBen
S37L,0.1268,LBen
S37M,0.1857,LBen
S37N,0.0638,LBen
S37P,0.0842,LBen
S37Q,0.1811,LBen
S37R,0.1915,LBen
S37T,0.0726,LBen
S37V,0.1405,LBen
S37W,0.2651,LBen
S37Y,0.1202,LBen
T38A,0.0616,LBen
T38C,0.1905,LBen
T38D,0.1272,LBen
T38E,0.1172,LBen
T38F,0.129,LBen
T38G,0.1102,LBen
T38H,0.1203,LBen
T38I,0.0937,LBen
T38K,0.0972,LBen
T38L,0.0828,LBen
T38M,0.094,LBen
T38N,0.0777,LBen
T38P,0.0678,LBen
T38Q,0.1217,LBen
T38R,0.0893,LBen
T38S,0.0727,LBen
T38V,0.0834,LBen
T38W,0.3136,LBen
T38Y,0.1284,LBen
A39C,0.2103,LBen
A39D,0.1043,LBen
A39E,0.1123,LBen
A39F,0.1677,LBen
A39G,0.0921,LBen
A39H,0.1851,LBen
A39I,0.1164,LBen
A39K,0.1557,LBen
A39L,0.1024,LBen
A39M,0.1277,LBen
A39N,0.1071,LBen
A39P,0.0768,LBen
A39Q,0.1589,LBen
A39R,0.1506,LBen
A39S,0.0726,LBen
A39T,0.0643,LBen
A39V,0.0831,LBen
A39W,0.3586,Amb
A39Y,0.1806,LBen
V40A,0.0772,LBen
V40C,0.2928,LBen
V40D,0.0953,LBen
V40E,0.0951,LBen
V40F,0.0786,LBen
V40G,0.0799,LBen
V40H,0.1748,LBen
V40I,0.0657,LBen
V40K,0.0986,LBen
V40L,0.0851,LBen
V40M,0.0945,LBen
V40N,0.0844,LBen
V40P,0.1178,LBen
V40Q,0.109,LBen
V40R,0.0981,LBen
V40S,0.0736,LBen
V40T,0.0811,LBen
V40W,0.3597,Amb
V40Y,0.1811,LBen
R41A,0.1198,LBen
R41C,0.1095,LBen
R41D,0.1565,LBen
R41E,0.1113,LBen
R41F,0.2386,LBen
R41G,0.085,LBen
R41H,0.0836,LBen
R41I,0.1227,LBen
R41K,0.0694,LBen
R41L,0.119,LBen
R41M,0.1375,LBen
R41N,0.1487,LBen
R41P,0.1187,LBen
R41Q,0.0732,LBen
R41S,0.1365,LBen
R41T,0.0907,LBen
R41V,0.1394,LBen
R41W,0.1348,LBen
R41Y,0.1562,LBen
N42A,0.1134,LBen
N42C,0.135,LBen
N42D,0.0691,LBen
N42E,0.1226,LBen
N42F,0.2522,LBen
N42G,0.1347,LBen
N42H,0.0792,LBen
N42I,0.1193,LBen
N42K,0.1084,LBen
N42L,0.1386,LBen
N42M,0.2053,LBen
N42P,0.1641,LBen
N42Q,0.1362,LBen
N42R,0.1305,LBen
N42S,0.0779,LBen
N42T,0.0821,LBen
N42V,0.1144,LBen
N42W,0.4523,Amb
N42Y,0.0935,LBen
I43A,0.0702,LBen
I43C,0.2002,LBen
I43D,0.1145,LBen
I43E,0.1062,LBen
I43F,0.0733,LBen
I43G,0.1347,LBen
I43H,0.1179,LBen
I43K,0.0834,LBen
I43L,0.0717,LBen
I43M,0.0682,LBen
I43N,0.0665,LBen
I43P,0.1218,LBen
I43Q,0.0994,LBen
I43R,0.0689,LBen
I43S,0.0683,LBen
I43T,0.0561,LBen
I43V,0.0587,LBen
I43W,0.2567,LBen
I43Y,0.1473,LBen
D44A,0.0858,LBen
D44C,0.2158,LBen
D44E,0.0816,LBen
D44F,0.2339,LBen
D44G,0.0781,LBen
D44H,0.1087,LBen
D44I,0.1382,LBen
D44K,0.1216,LBen
D44L,0.1573,LBen
D44M,0.272,LBen
D44N,0.0731,LBen
D44P,0.1805,LBen
D44Q,0.1225,LBen
D44R,0.1283,LBen
D44S,0.0735,LBen
D44T,0.0956,LBen
D44V,0.1029,LBen
D44W,0.4901,Amb
D44Y,0.1065,LBen
G45A,0.0777,LBen
G45C,0.0953,LBen
G45D,0.0615,LBen
G45E,0.0771,LBen
G45F,0.1843,LBen
G45H,0.1134,LBen
G45I,0.0965,LBen
G45K,0.1063,LBen
G45L,0.1367,LBen
G45M,0.1724,LBen
G45N,0.0843,LBen
G45P,0.2082,LBen
G45Q,0.1137,LBen
G45R,0.1032,LBen
G45S,0.067,LBen
G45T,0.0724,LBen
G45V,0.079,LBen
G45W,0.1807,LBen
G45Y,0.1098,LBen
S46A,0.0738,LBen
S46C,0.0841,LBen
S46D,0.1097,LBen
S46E,0.1432,LBen
S46F,0.112,LBen
S46G,0.0746,LBen
S46H,0.1315,LBen
S46I,0.0899,LBen
S46K,0.1822,LBen
S46L,0.0839,LBen
S46M,0.1415,LBen
S46N,0.0692,LBen
S46P,0.0834,LBen
S46Q,0.1765,LBen
S46R,0.1785,LBen
S46T,0.0664,LBen
S46V,0.0969,LBen
S46W,0.2013,LBen
S46Y,0.0936,LBen
I47A,0.0829,LBen
I47C,0.1922,LBen
I47D,0.1182,LBen
I47E,0.0987,LBen
I47F,0.0718,LBen
I47G,0.1371,LBen
I47H,0.117,LBen
I47K,0.0754,LBen
I47L,0.0662,LBen
I47M,0.0696,LBen
I47N,0.0617,LBen
I47P,0.1386,LBen
I47Q,0.0871,LBen
I47R,0.0671,LBen
I47S,0.0667,LBen
I47T,0.0695,LBen
I47V,0.0605,LBen
I47W,0.2603,LBen
I47Y,0.1437,LBen
N48A,0.0975,LBen
N48C,0.1052,LBen
N48D,0.067,LBen
N48E,0.1072,LBen
N48F,0.2204,LBen
N48G,0.1137,LBen
N48H,0.0728,LBen
N48I,0.1011,LBen
N48K,0.0942,LBen
N48L,0.1083,LBen
N48M,0.1794,LBen
N48P,0.1435,LBen
N48Q,0.1123,LBen
N48R,0.1023,LBen
N48S,0.0637,LBen
N48T,0.071,LBen
N48V,0.1008,LBen
N48W,0.3478,Amb
N48Y,0.0846,LBen
N49A,0.0911,LBen
N49C,0.1108,LBen
N49D,0.0607,LBen
N49E,0.1063,LBen
N49F,0.2,LBen
N49G,0.1107,LBen
N49H,0.0697,LBen
N49I,0.0906,LBen
N49K,0.0913,LBen
N49L,0.107,LBen
N49M,0.1692,LBen
N49P,0.157,LBen
N49Q,0.1167,LBen
N49R,0.0994,LBen
N49S,0.0663,LBen
N49T,0.0684,LBen
N49V,0.0904,LBen
N49W,0.3666,Amb
N49Y,0.0827,LBen
I50A,0.069,LBen
I50C,0.1487,LBen
I50D,0.0862,LBen
I50E,0.084,LBen
I50F,0.073,LBen
I50G,0.1066,LBen
I50H,0.0934,LBen
I50K,0.0651,LBen
I50L,0.0668,LBen
I50M,0.0696,LBen
I50N,0.0501,LBen
I50P,0.109,LBen
I50Q,0.0748,LBen
I50R,0.0568,LBen
I50S,0.0575,LBen
I50T,0.0565,LBen
I50V,0.0625,LBen
I50W,0.2176,LBen
I50Y,0.1207,LBen
N51A,0.0847,LBen
N51C,0.1067,LBen
N51D,0.0609,LBen
N51E,0.0801,LBen
N51F,0.2114,LBen
N51G,0.0995,LBen
N51H,0.0678,LBen
N51I,0.0908,LBen
N51K,0.074,LBen
N51L,0.0954,LBen
N51M,0.1545,LBen
N51P,0.1274,LBen
N51Q,0.0928,LBen
N51R,0.0832,LBen
N51S,0.0593,LBen
N51T,0.0632,LBen
N51V,0.0851,LBen
N51W,0.3038,LBen
N51Y,0.0844,LBen
E52A,0.0928,LBen
E52C,0.3287,LBen
E52D,0.0668,LBen
E52F,0.307,LBen
E52G,0.0735,LBen
E52H,0.1553,LBen
E52I,0.1495,LBen
E52K,0.078,LBen
E52L,0.1681,LBen
E52M,0.2219,LBen
E52N,0.1038,LBen
E52P,0.2301,LBen
E52Q,0.0946,LBen
E52R,0.1112,LBen
E52S,0.0979,LBen
E52T,0.0982,LBen
E52V,0.1099,LBen
E52W,0.4432,Amb
E52Y,0.1987,LBen
D53A,0.075,LBen
D53C,0.1863,LBen
D53E,0.0696,LBen
D53F,0.2041,LBen
D53G,0.071,LBen
D53H,0.1186,LBen
D53I,0.1007,LBen
D53K,0.0933,LBen
D53L,0.1303,LBen
D53M,0.1959,LBen
D53N,0.0665,LBen
D53P,0.2316,LBen
D53Q,0.1121,LBen
D53R,0.1148,LBen
D53S,0.0749,LBen
D53T,0.0801,LBen
D53V,0.0797,LBen
D53W,0.4468,Amb
D53Y,0.0983,LBen
D54A,0.0728,LBen
D54C,0.1735,LBen
D54E,0.0655,LBen
D54F,0.2013,LBen
D54G,0.0684,LBen
D54H,0.1007,LBen
D54I,0.0991,LBen
D54K,0.0827,LBen
D54L,0.1206,LBen
D54M,0.1914,LBen
D54N,0.0665,LBen
D54P,0.2211,LBen
D54Q,0.0983,LBen
D54R,0.0975,LBen
D54S,0.068,LBen
D54T,0.0756,LBen
D54V,0.078,LBen
D54W,0.4217,Amb
D54Y,0.0951,LBen
E55A,0.0987,LBen
E55C,0.3705,Amb
E55D,0.0733,LBen
E55F,0.3251,LBen
E55G,0.0813,LBen
E55H,0.1727,LBen
E55I,0.1507,LBen
E55K,0.0776,LBen
E55L,0.1751,LBen
E55M,0.2196,LBen
E55N,0.1088,LBen
E55P,0.2624,LBen
E55Q,0.0959,LBen
E55R,0.1151,LBen
E55S,0.1051,LBen
E55T,0.0992,LBen
E55V,0.113,LBen
E55W,0.4964,Amb
E55Y,0.2357,LBen
E56A,0.0928,LBen
E56C,0.397,Amb
E56D,0.0669,LBen
E56F,0.3464,Amb
E56G,0.0769,LBen
E56H,0.2051,LBen
E56I,0.148,LBen
E56K,0.0893,LBen
E56L,0.1789,LBen
E56M,0.2314,LBen
E56N,0.1039,LBen
E56P,0.2389,LBen
E56Q,0.1078,LBen
E56R,0.1361,LBen
E56S,0.1068,LBen
E56T,0.1041,LBen
E56V,0.1077,LBen
E56W,0.5334,Amb
E56Y,0.2343,LBen
D57A,0.0865,LBen
D57C,0.3085,LBen
D57E,0.08,LBen
D57F,0.2976,LBen
D57G,0.0921,LBen
D57H,0.1746,LBen
D57I,0.1327,LBen
D57K,0.1552,LBen
D57L,0.1671,LBen
D57M,0.2543,LBen
D57N,0.0757,LBen
D57P,0.2386,LBen
D57Q,0.169,LBen
D57R,0.1917,LBen
D57S,0.0979,LBen
D57T,0.1044,LBen
D57V,0.0876,LBen
D57W,0.6268,LPath
D57Y,0.134,LBen
V58A,0.068,LBen
V58C,0.3064,LBen
V58D,0.0791,LBen
V58E,0.0793,LBen
V58F,0.0965,LBen
V58G,0.0764,LBen
V58H,0.1458,LBen
V58I,0.0686,LBen
V58K,0.0675,LBen
V58L,0.0971,LBen
V58M,0.0907,LBen
V58N,0.0729,LBen
V58P,0.1309,LBen
V58Q,0.0987,LBen
V58R,0.0757,LBen
V58S,0.0729,LBen
V58T,0.0664,LBen
V58W,0.4111,Amb
V58Y,0.1912,LBen
V59A,0.0918,LBen
V59C,0.5387,Amb
V59D,0.1296,LBen
V59E,0.1253,LBen
V59F,0.142,LBen
V59G,0.1155,LBen
V59H,0.3267,LBen
V59I,0.0799,LBen
V59K,0.1752,LBen
V59L,0.1519,LBen
V59M,0.1407,LBen
V59N,0.1383,LBen
V59P,0.1565,LBen
V59Q,0.1853,LBen
V59R,0.1862,LBen
V59S,0.1112,LBen
V59T,0.0998,LBen
V59W,0.6343,LPath
V59Y,0.3559,Amb
D60A,0.1853,LBen
D60C,0.5324,Amb
D60E,0.19,LBen
D60F,0.6109,LPath
D60G,0.1873,LBen
D60H,0.2727,LBen
D60I,0.3844,Amb
D60K,0.379,Amb
D60L,0.3852,Amb
D60M,0.5952,LPath
D60N,0.102,LBen
D60P,0.2837,LBen
D60Q,0.3279,LBen
D60R,0.4077,Amb
D60S,0.125,LBen
D60T,0.2248,LBen
D60V,0.2458,LBen
D60W,0.8576,LPath
D60Y,0.2657,LBen
L61A,0.1035,LBen
L61C,0.3736,Amb
L61D,0.3046,LBen
L61E,0.1591,LBen
L61F,0.1298,LBen
L61G,0.2447,LBen
L61H,0.1399,LBen
L61I,0.0895,LBen
L61K,0.0847,LBen
L61M,0.102,LBen
L61N,0.2071,LBen
L61P,0.0759,LBen
L61Q,0.0934,LBen
L61R,0.0751,LBen
L61S,0.1493,LBen
L61T,0.1152,LBen
L61V,0.0731,LBen
L61W,0.2044,LBen
L61Y,0.2253,LBen
A62C,0.8066,LPath
A62D,0.5684,LPath
A62E,0.3702,Amb
A62F,0.7217,LPath
A62G,0.2588,LBen
A62H,0.6557,LPath
A62I,0.7294,LPath
A62K,0.643,LPath
A62L,0.5356,Amb
A62M,0.6527,LPath
A62N,0.6393,LPath
A62P,0.3566,Amb
A62Q,0.4582,Amb
A62R,0.5913,LPath
A62S,0.1497,LBen
A62T,0.2839,LBen
A62V,0.4135,Amb
A62W,0.9249,LPath
A62Y,0.7742,LPath
A63C,0.4315,Amb
A63D,0.2367,LBen
A63E,0.1536,LBen
A63F,0.4976,Amb
A63G,0.1218,LBen
A63H,0.4411,Amb
A63I,0.3607,Amb
A63K,0.3337,LBen
A63L,0.2852,LBen
A63M,0.3035,LBen
A63N,0.2429,LBen
A63P,0.5948,LPath
A63Q,0.222,LBen
A63R,0.3421,Amb
A63S,0.088,LBen
A63T,0.0912,LBen
A63V,0.1772,LBen
A63W,0.7335,LPath
A63Y,0.4858,Amb
N64A,0.1023,LBen
N64C,0.1582,LBen
N64D,0.0899,LBen
N64E,0.1801,LBen
N64F,0.3423,Amb
N64G,0.1394,LBen
N64H,0.0788,LBen
N64I,0.1408,LBen
N64K,0.1394,LBen
N64L,0.167,LBen
N64M,0.2357,LBen
N64P,0.4697,Amb
N64Q,0.1514,LBen
N64R,0.1466,LBen
N64S,0.0606,LBen
N64T,0.073,LBen
N64V,0.1226,LBen
N64W,0.5701,LPath
N64Y,0.1134,LBen
S65A,0.165,LBen
S65C,0.3575,Amb
S65D,0.8527,LPath
S65E,0.8617,LPath
S65F,0.7631,LPath
S65G,0.3241,LBen
S65H,0.7581,LPath
S65I,0.7164,LPath
S65K,0.9434,LPath
S65L,0.4937,Amb
S65M,0.6936,LPath
S65N,0.6568,LPath
S65P,0.7558,LPath
S65Q,0.8208,LPath
S65R,0.9006,LPath
S65T,0.3031,LBen
S65V,0.5982,LPath
S65W,0.8099,LPath
S65Y,0.6262,LPath
L66A,0.6396,LPath
L66C,0.7947,LPath
L66D,0.9568,LPath
L66E,0.7927,LPath
L66F,0.2082,LBen
L66G,0.8861,LPath
L66H,0.5157,Amb
L66I,0.2234,LBen
L66K,0.5789,LPath
L66M,0.2111,LBen
L66N,0.8419,LPath
L66P,0.9063,LPath
L66Q,0.4482,Amb
L66R,0.4409,Amb
L66S,0.7467,LPath
L66T,0.6606,LPath
L66V,0.2094,LBen
L66W,0.4591,Amb
L66Y,0.4109,Amb
L67A,0.8194,LPath
L67C,0.8914,LPath
L67D,0.9829,LPath
L67E,0.9042,LPath
L67F,0.479,Amb
L67G,0.946,LPath
L67H,0.8273,LPath
L67I,0.2588,LBen
L67K,0.7857,LPath
L67M,0.2521,LBen
L67N,0.9335,LPath
L67P,0.9442,LPath
L67Q,0.6902,LPath
L67R,0.6881,LPath
L67S,0.9141,LPath
L67T,0.8409,LPath
L67V,0.33,LBen
L67W,0.6745,LPath
L67Y,0.7915,LPath
N68A,0.4264,Amb
N68C,0.4169,Amb
N68D,0.3123,LBen
N68E,0.5141,Amb
N68F,0.7459,LPath
N68G,0.3625,Amb
N68H,0.1337,LBen
N68I,0.5278,Amb
N68K,0.3643,Amb
N68L,0.3689,Amb
N68M,0.5531,Amb
N68P,0.8423,LPath
N68Q,0.3329,LBen
N68R,0.3031,LBen
N68S,0.1406,LBen
N68T,0.2804,LBen
N68V,0.4519,Amb
N68W,0.7805,LPath
N68Y,0.2555,LBen
K69A,0.8917,LPath
K69C,0.9054,LPath
K69D,0.9205,LPath
K69E,0.7514,LPath
K69F,0.9768,LPath
K69G,0.8916,LPath
K69H,0.6226,LPath
K69I,0.8656,LPath
K69L,0.8339,LPath
K69M,0.7811,LPath
K69N,0.8793,LPath
K69P,0.972,LPath
K69Q,0.5564,Amb
K69R,0.18,LBen
K69S,0.8874,LPath
K69T,0.708,LPath
K69V,0.827,LPath
K69W,0.9657,LPath
K69Y,0.9016,LPath
L70A,0.5907,LPath
L70C,0.6934,LPath
L70D,0.946,LPath
L70E,0.7356,LPath
L70F,0.2515,LBen
L70G,0.8914,LPath
L70H,0.5431,Amb
L70I,0.1291,LBen
L70K,0.5078,Amb
L70M,0.1162,LBen
L70N,0.8091,LPath
L70P,0.9657,LPath
L70Q,0.4066,Amb
L70R,0.4391,Amb
L70S,0.768,LPath
L70T,0.641,LPath
L70V,0.1532,LBen
L70W,0.407,Amb
L70Y,0.4821,Amb
I71A,0.7213,LPath
I71C,0.8131,LPath
I71D,0.9457,LPath
I71E,0.8942,LPath
I71F,0.3052,LBen
I71G,0.8948,LPath
I71H,0.7792,LPath
I71K,0.7633,LPath
I71L,0.0935,LBen
I71M,0.1904,LBen
I71N,0.6765,LPath
I71P,0.9091,LPath
I71Q,0.7395,LPath
I71R,0.6199,LPath
I71S,0.6527,LPath
I71T,0.6811,LPath
I71V,0.1892,LBen
I71W,0.8314,LPath
I71Y,0.7449,LPath
H72A,0.5872,LPath
H72C,0.1602,LBen
H72D,0.5833,LPath
H72E,0.5553,Amb
H72F,0.5332,Amb
H72G,0.343,Amb
H72I,0.6888,LPath
H72K,0.2737,LBen
H72L,0.2757,LBen
H72M,0.7449,LPath
H72N,0.3466,Amb
H72P,0.6791,LPath
H72Q,0.1879,LBen
H72R,0.0571,LBen
H72S,0.4785,Amb
H72T,0.5549,Amb
H72V,0.6008,LPath
H72W,0.3215,LBen
H72Y,0.1943,LBen
Q73A,0.1685,LBen
Q73C,0.3955,Amb
Q73D,0.223,LBen
Q73E,0.0804,LBen
Q73F,0.5813,LPath
Q73G,0.1598,LBen
Q73H,0.1176,LBen
Q73I,0.4164,Amb
Q73K,0.0684,LBen
Q73L,0.1664,LBen
Q73M,0.356,Amb
Q73N,0.1738,LBen
Q73P,0.2727,LBen
Q73R,0.0735,LBen
Q73S,0.1458,LBen
Q73T,0.1155,LBen
Q73V,0.2604,LBen
Q73W,0.4796,Amb
Q73Y,0.3396,LBen
S74A,0.1077,LBen
S74C,0.1857,LBen
S74D,0.3979,Amb
S74E,0.4895,Amb
S74F,0.4329,Amb
S74G,0.1034,LBen
S74H,0.3319,LBen
S74I,0.4426,Amb
S74K,0.5507,Amb
S74L,0.284,LBen
S74M,0.3533,Amb
S74N,0.1606,LBen
S74P,0.4504,Amb
S74Q,0.4421,Amb
S74R,0.5417,Amb
S74T,0.0931,LBen
S74V,0.3255,LBen
S74W,0.5591,Amb
S74Y,0.2915,LBen
L75A,0.7106,LPath
L75C,0.9202,LPath
L75D,0.9708,LPath
L75E,0.8836,LPath
L75F,0.5608,Amb
L75G,0.9269,LPath
L75H,0.8304,LPath
L75I,0.194,LBen
L75K,0.7712,LPath
L75M,0.2775,LBen
L75N,0.9078,LPath
L75P,0.8145,LPath
L75Q,0.7254,LPath
L75R,0.6569,LPath
L75S,0.8742,LPath
L75T,0.6865,LPath
L75V,0.2001,LBen
L75W,0.7777,LPath
L75Y,0.8806,LPath
V76A,0.3874,Amb
V76C,0.9059,LPath
V76D,0.7567,LPath
V76E,0.5775,LPath
V76F,0.4913,Amb
V76G,0.4731,Amb
V76H,0.8506,LPath
V76I,0.1056,LBen
V76K,0.6781,LPath
V76L,0.4185,Amb
V76M,0.4055,Amb
V76N,0.6967,LPath
V76P,0.836,LPath
V76Q,0.5799,LPath
V76R,0.6016,LPath
V76S,0.5072,Amb
V76T,0.3598,Amb
V76W,0.9368,LPath
V76Y,0.8648,LPath
E77A,0.1317,LBen
E77C,0.758,LPath
E77D,0.1137,LBen
E77F,0.6576,LPath
E77G,0.198,LBen
E77H,0.314,LBen
E77I,0.2889,LBen
E77K,0.1473,LBen
E77L,0.3531,Amb
E77M,0.4259,Amb
E77N,0.1948,LBen
E77P,0.5515,Amb
E77Q,0.1145,LBen
E77R,0.224,LBen
E77S,0.1501,LBen
E77T,0.1384,LBen
E77V,0.1587,LBen
E77W,0.8738,LPath
E77Y,0.5297,Amb
S78A,0.1603,LBen
S78C,0.229,LBen
S78D,0.4079,Amb
S78E,0.6297,LPath
S78F,0.589,LPath
S78G,0.1149,LBen
S78H,0.5607,Amb
S78I,0.3679,Amb
S78K,0.8206,LPath
S78L,0.329,LBen
S78M,0.3928,Amb
S78N,0.1451,LBen
S78P,0.4539,Amb
S78Q,0.6796,LPath
S78R,0.8047,LPath
S78T,0.0872,LBen
S78V,0.3327,LBen
S78W,0.6731,LPath
S78Y,0.4225,Amb
S79A,0.0878,LBen
S79C,0.1201,LBen
S79D,0.2032,LBen
S79E,0.2719,LBen
S79F,0.1999,LBen
S79G,0.0862,LBen
S79H,0.1869,LBen
S79I,0.1858,LBen
S79K,0.3097,LBen
S79L,0.1504,LBen
S79M,0.2451,LBen
S79N,0.0931,LBen
S79P,0.1532,LBen
S79Q,0.2579,LBen
S79R,0.264,LBen
S79T,0.0725,LBen
S79V,0.1765,LBen
S79W,0.3158,LBen
S79Y,0.1497,LBen
H80A,0.2708,LBen
H80C,0.2091,LBen
H80D,0.2243,LBen
H80E,0.2642,LBen
H80F,0.2977,LBen
H80G,0.2733,LBen
H80I,0.3781,Amb
H80K,0.2449,LBen
H80L,0.147,LBen
H80M,0.4982,Amb
H80N,0.101,LBen
H80P,0.2379,LBen
H80Q,0.1574,LBen
H80R,0.1128,LBen
H80S,0.1821,LBen
H80T,0.2642,LBen
H80V,0.2964,LBen
H80W,0.4151,Amb
H80Y,0.1031,LBen
R81A,0.2148,LBen
R81C,0.142,LBen
R81D,0.3003,LBen
R81E,0.1794,LBen
R81F,0.384,Amb
R81G,0.1677,LBen
R81H,0.0731,LBen
R81I,0.2201,LBen
R81K,0.0899,LBen
R81L,0.1519,LBen
R81M,0.2239,LBen
R81N,0.2712,LBen
R81P,0.3918,Amb
R81Q,0.074,LBen
R81S,0.2338,LBen
R81T,0.1412,LBen
R81V,0.2461,LBen
R81W,0.1585,LBen
R81Y,0.2414,LBen
V82A,0.5993,LPath
V82C,0.9587,LPath
V82D,0.9021,LPath
V82E,0.8047,LPath
V82F,0.6641,LPath
V82G,0.597,LPath
V82H,0.9657,LPath
V82I,0.1323,LBen
V82K,0.8648,LPath
V82L,0.5558,Amb
V82M,0.5049,Amb
V82N,0.8753,LPath
V82P,0.8519,LPath
V82Q,0.8555,LPath
V82R,0.8345,LPath
V82S,0.8007,LPath
V82T,0.6249,LPath
V82W,0.9711,LPath
V82Y,0.9337,LPath
E83A,0.3372,LBen
E83C,0.9431,LPath
E83D,0.3514,Amb
E83F,0.9229,LPath
E83G,0.6162,LPath
E83H,0.7287,LPath
E83I,0.6241,LPath
E83K,0.4501,Amb
E83L,0.7164,LPath
E83M,0.6941,LPath
E83N,0.6561,LPath
E83P,0.9542,LPath
E83Q,0.2618,LBen
E83R,0.5369,Amb
E83S,0.4762,Amb
E83T,0.454,Amb
E83V,0.3728,Amb
E83W,0.9713,LPath
E83Y,0.8811,LPath
V84A,0.6685,LPath
V84C,0.9138,LPath
V84D,0.7571,LPath
V84E,0.7114,LPath
V84F,0.3676,Amb
V84G,0.6095,LPath
V84H,0.8801,LPath
V84I,0.0908,LBen
V84K,0.7616,LPath
V84L,0.4817,Amb
V84M,0.3882,Amb
V84N,0.6892,LPath
V84P,0.9116,LPath
V84Q,0.7653,LPath
V84R,0.7298,LPath
V84S,0.7109,LPath
V84T,0.6903,LPath
V84W,0.9294,LPath
V84Y,0.7381,LPath
L85A,0.4199,Amb
L85C,0.6618,LPath
L85D,0.864,LPath
L85E,0.4227,Amb
L85F,0.2418,LBen
L85G,0.7631,LPath
L85H,0.3907,Amb
L85I,0.1454,LBen
L85K,0.3162,LBen
L85M,0.1288,LBen
L85N,0.6538,LPath
L85P,0.8714,LPath
L85Q,0.1478,LBen
L85R,0.2339,LBen
L85S,0.474,Amb
L85T,0.3539,Amb
L85V,0.1672,LBen
L85W,0.3721,Amb
L85Y,0.5327,Amb
Q86A,0.5524,Amb
Q86C,0.9144,LPath
Q86D,0.9267,LPath
Q86E,0.2663,LBen
Q86F,0.9577,LPath
Q86G,0.5736,LPath
Q86H,0.8025,LPath
Q86I,0.8478,LPath
Q86K,0.3376,LBen
Q86L,0.4279,Amb
Q86M,0.7115,LPath
Q86N,0.8303,LPath
Q86P,0.6167,LPath
Q86R,0.2123,LBen
Q86S,0.6795,LPath
Q86T,0.6574,LPath
Q86V,0.6506,LPath
Q86W,0.8938,LPath
Q86Y,0.9072,LPath
K87A,0.2538,LBen
K87C,0.484,Amb
K87D,0.5053,Amb
K87E,0.1547,LBen
K87F,0.7807,LPath
K87G,0.2994,LBen
K87H,0.251,LBen
K87I,0.406,Amb
K87L,0.3339,LBen
K87M,0.236,LBen
K87N,0.3327,LBen
K87P,0.8114,LPath
K87Q,0.1014,LBen
K87R,0.0627,LBen
K87S,0.3188,LBen
K87T,0.1941,LBen
K87V,0.354,Amb
K87W,0.6591,LPath
K87Y,0.5606,Amb
D88A,0.5538,Amb
D88C,0.88,LPath
D88E,0.5807,LPath
D88F,0.8399,LPath
D88G,0.7784,LPath
D88H,0.6101,LPath
D88I,0.6266,LPath
D88K,0.8325,LPath
D88L,0.7355,LPath
D88M,0.8583,LPath
D88N,0.1916,LBen
D88P,0.9342,LPath
D88Q,0.7765,LPath
D88R,0.8465,LPath
D88S,0.4069,Amb
D88T,0.6616,LPath
D88V,0.4447,Amb
D88W,0.9733,LPath
D88Y,0.3882,Amb
P89A,0.1183,LBen
P89C,0.5618,Amb
P89D,0.5948,LPath
P89E,0.3776,Amb
P89F,0.6105,LPath
P89G,0.5188,Amb
P89H,0.234,LBen
P89I,0.3428,Amb
P89K,0.3027,LBen
P89L,0.1838,LBen
P89M,0.4218,Amb
P89N,0.4861,Amb
P89Q,0.2323,LBen
P89R,0.1674,LBen
P89S,0.1937,LBen
P89T,0.1408,LBen
P89V,0.2472,LBen
P89W,0.7538,LPath
P89Y,0.5593,Amb
S90A,0.0699,LBen
S90C,0.1019,LBen
S90D,0.2231,LBen
S90E,0.2966,LBen
S90F,0.1674,LBen
S90G,0.0834,LBen
S90H,0.1897,LBen
S90I,0.1987,LBen
S90K,0.3026,LBen
S90L,0.1002,LBen
S90M,0.1771,LBen
S90N,0.0971,LBen
S90P,0.6826,LPath
S90Q,0.2694,LBen
S90R,0.2447,LBen
S90T,0.072,LBen
S90V,0.1828,LBen
S90W,0.2936,LBen
S90Y,0.1371,LBen
S91A,0.3387,LBen
S91C,0.1758,LBen
S91D,0.8742,LPath
S91E,0.9436,LPath
S91F,0.6775,LPath
S91G,0.4606,Amb
S91H,0.6187,LPath
S91I,0.6564,LPath
S91K,0.9776,LPath
S91L,0.2983,LBen
S91M,0.5898,LPath
S91N,0.4634,Amb
S91P,0.9145,LPath
S91Q,0.9079,LPath
S91R,0.9679,LPath
S91T,0.3141,LBen
S91V,0.6235,LPath
S91W,0.7252,LPath
S91Y,0.5602,Amb
P92A,0.31,LBen
P92C,0.833,LPath
P92D,0.9313,LPath
P92E,0.8276,LPath
P92F,0.8599,LPath
P92G,0.8579,LPath
P92H,0.5368,Amb
P92I,0.6355,LPath
P92K,0.8267,LPath
P92L,0.3501,Amb
P92M,0.7374,LPath
P92N,0.8445,LPath
P92Q,0.6234,LPath
P92R,0.5752,LPath
P92S,0.49,Amb
P92T,0.4347,Amb
P92V,0.4961,Amb
P92W,0.9223,LPath
P92Y,0.8281,LPath
L93A,0.8351,LPath
L93C,0.899,LPath
L93D,0.988,LPath
L93E,0.9576,LPath
L93F,0.4878,Amb
L93G,0.9506,LPath
L93H,0.8633,LPath
L93I,0.3195,LBen
L93K,0.92,LPath
L93M,0.4729,Amb
L93N,0.948,LPath
L93P,0.8634,LPath
L93Q,0.8468,LPath
L93R,0.7337,LPath
L93S,0.9015,LPath
L93T,0.8624,LPath
L93V,0.3786,Amb
L93W,0.7276,LPath
L93Y,0.8026,LPath
Y94A,0.7188,LPath
Y94C,0.2063,LBen
Y94D,0.6391,LPath
Y94E,0.8536,LPath
Y94F,0.087,LBen
Y94G,0.6527,LPath
Y94H,0.167,LBen
Y94I,0.7817,LPath
Y94K,0.8148,LPath
Y94L,0.7142,LPath
Y94M,0.8379,LPath
Y94N,0.405,Amb
Y94P,0.9141,LPath
Y94Q,0.6835,LPath
Y94R,0.6052,LPath
Y94S,0.4037,Amb
Y94T,0.7247,LPath
Y94V,0.6568,LPath
Y94W,0.46,Amb
S95A,0.2397,LBen
S95C,0.4085,Amb
S95D,0.9545,LPath
S95E,0.9618,LPath
S95F,0.8294,LPath
S95G,0.4151,Amb
S95H,0.8463,LPath
S95I,0.8749,LPath
S95K,0.9815,LPath
S95L,0.6082,LPath
S95M,0.7874,LPath
S95N,0.8295,LPath
S95P,0.8165,LPath
S95Q,0.9213,LPath
S95R,0.952,LPath
S95T,0.36,Amb
S95V,0.7835,LPath
S95W,0.8433,LPath
S95Y,0.7742,LPath
V96A,0.2812,LBen
V96C,0.7975,LPath
V96D,0.9107,LPath
V96E,0.8208,LPath
V96F,0.5673,LPath
V96G,0.5806,LPath
V96H,0.9419,LPath
V96I,0.1018,LBen
V96K,0.8565,LPath
V96L,0.5695,LPath
V96M,0.3845,Amb
V96N,0.8093,LPath
V96P,0.9057,LPath
V96Q,0.7841,LPath
V96R,0.7693,LPath
V96S,0.4888,Amb
V96T,0.4798,Amb
V96W,0.9809,LPath
V96Y,0.9208,LPath
K97A,0.4411,Amb
K97C,0.6815,LPath
K97D,0.7577,LPath
K97E,0.2947,LBen
K97F,0.8967,LPath
K97G,0.5618,Amb
K97H,0.3164,LBen
K97I,0.6853,LPath
K97L,0.547,Amb
K97M,0.4085,Amb
K97N,0.5662,LPath
K97P,0.8549,LPath
K97Q,0.1517,LBen
K97R,0.0854,LBen
K97S,0.5035,Amb
K97T,0.2454,LBen
K97V,0.5639,Amb
K97W,0.8499,LPath
K97Y,0.7613,LPath
T98A,0.1651,LBen
T98C,0.4577,Amb
T98D,0.4819,Amb
T98E,0.5091,Amb
T98F,0.5456,Amb
T98G,0.2893,LBen
T98H,0.2915,LBen
T98I,0.6304,LPath
T98K,0.3046,LBen
T98L,0.3231,LBen
T98M,0.1882,LBen
T98N,0.1385,LBen
T98P,0.6872,LPath
T98Q,0.3269,LBen
T98R,0.246,LBen
T98S,0.0905,LBen
T98V,0.4812,Amb
T98W,0.788,LPath
T98Y,0.3949,Amb
F99A,0.9936,LPath
F99C,0.9953,LPath
F99D,0.9984,LPath
F99E,0.9982,LPath
F99G,0.9977,LPath
F99H,0.9934,LPath
F99I,0.9755,LPath
F99K,0.9983,LPath
F99L,0.9977,LPath
F99M,0.9825,LPath
F99N,0.9972,LPath
F99P,0.999,LPath
F99Q,0.9976,LPath
F99R,0.9938,LPath
F99S,0.9925,LPath
F99T,0.9952,LPath
F99V,0.9737,LPath
F99W,0.789,LPath
F99Y,0.8457,LPath
E100A,0.4416,Amb
E100C,0.9576,LPath
E100D,0.4165,Amb
E100F,0.9808,LPath
E100G,0.4918,Amb
E100H,0.7764,LPath
E100I,0.9005,LPath
E100K,0.4314,Amb
E100L,0.8679,LPath
E100M,0.8805,LPath
E100N,0.7207,LPath
E100P,0.945,LPath
E100Q,0.2641,LBen
E100R,0.5101,Amb
E100S,0.523,Amb
E100T,0.6512,LPath
E100V,0.7361,LPath
E100W,0.9857,LPath
E100Y,0.9453,LPath
E101A,0.1851,LBen
E101C,0.93,LPath
E101D,0.2255,LBen
E101F,0.9349,LPath
E101G,0.3173,LBen
E101H,0.7278,LPath
E101I,0.7883,LPath
E101K,0.4509,Amb
E101L,0.7434,LPath
E101M,0.6771,LPath
E101N,0.4925,Amb
E101P,0.9849,LPath
E101Q,0.2192,LBen
E101R,0.6327,LPath
E101S,0.3261,LBen
E101T,0.4918,Amb
E101V,0.5465,Amb
E101W,0.9831,LPath
E101Y,0.8567,LPath
L102A,0.906,LPath
L102C,0.868,LPath
L102D,0.9939,LPath
L102E,0.97,LPath
L102F,0.7448,LPath
L102G,0.9483,LPath
L102H,0.9481,LPath
L102I,0.4803,Amb
L102K,0.9559,LPath
L102M,0.321,LBen
L102N,0.9576,LPath
L102P,0.9865,LPath
L102Q,0.9051,LPath
L102R,0.9224,LPath
L102S,0.9597,LPath
L102T,0.9113,LPath
L102V,0.5527,Amb
L102W,0.886,LPath
L102Y,0.923,LPath
R103A,0.2802,LBen
R103C,0.1011,LBen
R103D,0.3816,Amb
R103E,0.2677,LBen
R103F,0.3661,Amb
R103G,0.1224,LBen
R103H,0.0697,LBen
R103I,0.335,LBen
R103K,0.1196,LBen
R103L,0.1796,LBen
R103M,0.3001,LBen
R103N,0.2923,LBen
R103P,0.2726,LBen
R103Q,0.0904,LBen
R103S,0.2874,LBen
R103T,0.26,LBen
R103V,0.359,Amb
R103W,0.1388,LBen
R103Y,0.2019,LBen
L104A,0.953,LPath
L104C,0.9133,LPath
L104D,0.9976,LPath
L104E,0.9819,LPath
L104F,0.7072,LPath
L104G,0.9796,LPath
L104H,0.978,LPath
L104I,0.2487,LBen
L104K,0.974,LPath
L104M,0.3875,Amb
L104N,0.9888,LPath
L104P,0.9629,LPath
L104Q,0.9448,LPath
L104R,0.9526,LPath
L104S,0.9896,LPath
L104T,0.9596,LPath
L104V,0.3425,Amb
L104W,0.9256,LPath
L104Y,0.9645,LPath
K105A,0.5038,Amb
K105C,0.7271,LPath
K105D,0.6026,LPath
K105E,0.2063,LBen
K105F,0.9351,LPath
K105G,0.461,Amb
K105H,0.3506,Amb
K105I,0.7978,LPath
K105L,0.6379,LPath
K105M,0.5101,Amb
K105N,0.5192,Amb
K105P,0.5022,Amb
K105Q,0.1367,LBen
K105R,0.0776,LBen
K105S,0.4624,Amb
K105T,0.3003,LBen
K105V,0.6873,LPath
K105W,0.8428,LPath
K105Y,0.828,LPath
E106A,0.0979,LBen
E106C,0.6098,LPath
E106D,0.0803,LBen
E106F,0.6863,LPath
E106G,0.0938,LBen
E106H,0.2518,LBen
E106I,0.3072,LBen
E106K,0.0781,LBen
E106L,0.2962,LBen
E106M,0.3321,LBen
E106N,0.147,LBen
E106P,0.1271,LBen
E106Q,0.0892,LBen
E106R,0.1313,LBen
E106S,0.1191,LBen
E106T,0.1265,LBen
E106V,0.1667,LBen
E106W,0.7328,LPath
E106Y,0.4428,Amb
E107A,0.0889,LBen
E107C,0.598,LPath
E107D,0.1189,LBen
E107F,0.7247,LPath
E107G,0.1324,LBen
E107H,0.3233,LBen
E107I,0.2804,LBen
E107K,0.1796,LBen
E107L,0.4066,Amb
E107M,0.4287,Amb
E107N,0.157,LBen
E107P,0.1925,LBen
E107Q,0.1198,LBen
E107R,0.2734,LBen
E107S,0.1354,LBen
E107T,0.1667,LBen
E107V,0.1503,LBen
E107W,0.8477,LPath
E107Y,0.4768,Amb
L108A,0.876,LPath
L108C,0.8626,LPath
L108D,0.9891,LPath
L108E,0.9662,LPath
L108F,0.675,LPath
L108G,0.9713,LPath
L108H,0.9112,LPath
L108I,0.1494,LBen
L108K,0.9474,LPath
L108M,0.3205,LBen
L108N,0.9198,LPath
L108P,0.966,LPath
L108Q,0.8971,LPath
L108R,0.9111,LPath
L108S,0.9465,LPath
L108T,0.8282,LPath
L108V,0.2396,LBen
L108W,0.8574,LPath
L108Y,0.8746,LPath
L109A,0.6913,LPath
L109C,0.6438,LPath
L109D,0.984,LPath
L109E,0.7457,LPath
L109F,0.5873,LPath
L109G,0.8546,LPath
L109H,0.6083,LPath
L109I,0.2317,LBen
L109K,0.3529,Amb
L109M,0.2301,LBen
L109N,0.8568,LPath
L109P,0.9752,LPath
L109Q,0.2445,LBen
L109R,0.232,LBen
L109S,0.7734,LPath
L109T,0.6299,LPath
L109V,0.2225,LBen
L109W,0.6687,LPath
L109Y,0.7728,LPath
K110A,0.2651,LBen
K110C,0.4265,Amb
K110D,0.5362,Amb
K110E,0.1384,LBen
K110F,0.7352,LPath
K110G,0.4079,Amb
K110H,0.2026,LBen
K110I,0.414,Amb
K110L,0.2573,LBen
K110M,0.2041,LBen
K110N,0.3614,Amb
K110P,0.8898,LPath
K110Q,0.0864,LBen
K110R,0.0702,LBen
K110S,0.3465,Amb
K110T,0.1863,LBen
K110V,0.3478,Amb
K110W,0.6107,LPath
K110Y,0.5317,Amb
G111A,0.5012,Amb
G111C,0.9205,LPath
G111D,0.9843,LPath
G111E,0.9783,LPath
G111F,0.9961,LPath
G111H,0.9942,LPath
G111I,0.9818,LPath
G111K,0.9943,LPath
G111L,0.9895,LPath
G111M,0.9881,LPath
G111N,0.966,LPath
G111P,0.9985,LPath
G111Q,0.986,LPath
G111R,0.9877,LPath
G111S,0.6375,LPath
G111T,0.9429,LPath
G111V,0.9492,LPath
G111W,0.9926,LPath
G111Y,0.9908,LPath
I112A,0.8816,LPath
I112C,0.9077,LPath
I112D,0.9976,LPath
I112E,0.9937,LPath
I112F,0.8928,LPath
I112G,0.9814,LPath
I112H,0.9945,LPath
I112K,0.9892,LPath
I112L,0.2154,LBen
I112M,0.4493,Amb
I112N,0.9613,LPath
I112P,0.9879,LPath
I112Q,0.9912,LPath
I112R,0.9817,LPath
I112S,0.9316,LPath
I112T,0.7997,LPath
I112V,0.0935,LBen
I112W,0.997,LPath
I112Y,0.9885,LPath
Y113A,0.7615,LPath
Y113C,0.2884,LBen
Y113D,0.7604,LPath
Y113E,0.8974,LPath
Y113F,0.1418,LBen
Y113G,0.7223,LPath
Y113H,0.3678,Amb
Y113I,0.8406,LPath
Y113K,0.8495,LPath
Y113L,0.699,LPath
Y113M,0.829,LPath
Y113N,0.5471,Amb
Y113P,0.9886,LPath
Y113Q,0.7545,LPath
Y113R,0.577,LPath
Y113S,0.4719,Amb
Y113T,0.7727,LPath
Y113V,0.7041,LPath
Y113W,0.5506,Amb
A114C,0.2655,LBen
A114D,0.1938,LBen
A114E,0.1749,LBen
A114F,0.2586,LBen
A114G,0.1044,LBen
A114H,0.3027,LBen
A114I,0.2075,LBen
A114K,0.3266,LBen
A114L,0.1468,LBen
A114M,0.1656,LBen
A114N,0.1795,LBen
A114P,0.8889,LPath
A114Q,0.217,LBen
A114R,0.2726,LBen
A114S,0.0812,LBen
A114T,0.0807,LBen
A114V,0.115,LBen
A114W,0.6104,LPath
A114Y,0.332,LBen
M115A,0.6347,LPath
M115C,0.79,LPath
M115D,0.9748,LPath
M115E,0.8527,LPath
M115F,0.6566,LPath
M115G,0.8888,LPath
M115H,0.8734,LPath
M115I,0.728,LPath
M115K,0.5923,LPath
M115L,0.2089,LBen
M115N,0.8777,LPath
M115P,0.9919,LPath
M115Q,0.5965,LPath
M115R,0.5798,LPath
M115S,0.7122,LPath
M115T,0.5761,LPath
M115V,0.1971,LBen
M115W,0.9048,LPath
M115Y,0.8994,LPath
G116A,0.632,LPath
G116C,0.7244,LPath
G116D,0.8035,LPath
G116E,0.8693,LPath
G116F,0.9799,LPath
G116H,0.8512,LPath
G116I,0.9578,LPath
G116K,0.8556,LPath
G116L,0.9512,LPath
G116M,0.9588,LPath
G116N,0.7254,LPath
G116P,0.9951,LPath
G116Q,0.8028,LPath
G116R,0.7732,LPath
G116S,0.4391,Amb
G116T,0.8414,LPath
G116V,0.9076,LPath
G116W,0.9547,LPath
G116Y,0.9271,LPath
F117A,0.9956,LPath
F117C,0.9612,LPath
F117D,0.9978,LPath
F117E,0.9982,LPath
F117G,0.9965,LPath
F117H,0.9761,LPath
F117I,0.9504,LPath
F117K,0.9959,LPath
F117L,0.9963,LPath
F117M,0.9755,LPath
F117N,0.9875,LPath
F117P,0.9998,LPath
F117Q,0.9954,LPath
F117R,0.9891,LPath
F117S,0.9905,LPath
F117T,0.9965,LPath
F117V,0.9588,LPath
F117W,0.841,LPath
F117Y,0.3204,LBen
N118A,0.3671,Amb
N118C,0.2917,LBen
N118D,0.2819,LBen
N118E,0.591,LPath
N118F,0.6129,LPath
N118G,0.4231,Amb
N118H,0.117,LBen
N118I,0.3339,LBen
N118K,0.5122,Amb
N118L,0.2801,LBen
N118M,0.4841,Amb
N118P,0.7709,LPath
N118Q,0.4162,Amb
N118R,0.4264,Amb
N118S,0.0808,LBen
N118T,0.2137,LBen
N118V,0.3335,LBen
N118W,0.8042,LPath
N118Y,0.1897,LBen
R119A,0.5504,Amb
R119C,0.1381,LBen
R119D,0.918,LPath
R119E,0.5999,LPath
R119F,0.6693,LPath
R119G,0.4738,Amb
R119H,0.1234,LBen
R119I,0.4719,Amb
R119K,0.1381,LBen
R119L,0.3235,LBen
R119M,0.4621,Amb
R119N,0.7955,LPath
R119P,0.9693,LPath
R119Q,0.1166,LBen
R119S,0.6257,LPath
R119T,0.4446,Amb
R119V,0.5289,Amb
R119W,0.2714,LBen
R119Y,0.4509,Amb
P120A,0.8468,LPath
P120C,0.9839,LPath
P120D,0.9993,LPath
P120E,0.9974,LPath
P120F,0.9979,LPath
P120G,0.9921,LPath
P120H,0.9935,LPath
P120I,0.9845,LPath
P120K,0.997,LPath
P120L,0.8769,LPath
P120M,0.9839,LPath
P120N,0.9984,LPath
P120Q,0.9911,LPath
P120R,0.9861,LPath
P120S,0.9813,LPath
P120T,0.9696,LPath
P120V,0.9641,LPath
P120W,0.9993,LPath
P120Y,0.9983,LPath
S121A,0.62,LPath
S121C,0.7997,LPath
S121D,0.9958,LPath
S121E,0.9951,LPath
S121F,0.9881,LPath
S121G,0.7822,LPath
S121H,0.9899,LPath
S121I,0.9887,LPath
S121K,0.9988,LPath
S121L,0.8997,LPath
S121M,0.9673,LPath
S121N,0.981,LPath
S121P,0.985,LPath
S121Q,0.9924,LPath
S121R,0.996,LPath
S121T,0.7023,LPath
S121V,0.9731,LPath
S121W,0.9779,LPath
S121Y,0.9848,LPath
K122A,0.707,LPath
K122C,0.8552,LPath
K122D,0.9599,LPath
K122E,0.6881,LPath
K122F,0.9502,LPath
K122G,0.8404,LPath
K122H,0.6098,LPath
K122I,0.7364,LPath
K122L,0.6674,LPath
K122M,0.5545,Amb
K122N,0.8938,LPath
K122P,0.8865,LPath
K122Q,0.3321,LBen
K122R,0.0814,LBen
K122S,0.827,LPath
K122T,0.5793,LPath
K122V,0.6488,LPath
K122W,0.9244,LPath
K122Y,0.8879,LPath
I123A,0.9912,LPath
I123C,0.9955,LPath
I123D,0.9993,LPath
I123E,0.9976,LPath
I123F,0.9422,LPath
I123G,0.9981,LPath
I123H,0.9982,LPath
I123K,0.9966,LPath
I123L,0.809,LPath
I123M,0.776,LPath
I123N,0.9872,LPath
I123P,0.9933,LPath
I123Q,0.9964,LPath
I123R,0.9945,LPath
I123S,0.9849,LPath
I123T,0.982,LPath
I123V,0.353,Amb
I123W,0.9977,LPath
I123Y,0.9926,LPath
Q124A,0.883,LPath
Q124C,0.9968,LPath
Q124D,0.9985,LPath
Q124E,0.7555,LPath
Q124F,0.9989,LPath
Q124G,0.9408,LPath
Q124H,0.997,LPath
Q124I,0.9821,LPath
Q124K,0.9727,LPath
Q124L,0.9433,LPath
Q124M,0.935,LPath
Q124N,0.9936,LPath
Q124P,0.9761,LPath
Q124R,0.9725,LPath
Q124S,0.9198,LPath
Q124T,0.9389,LPath
Q124V,0.9673,LPath
Q124W,0.9989,LPath
Q124Y,0.9994,LPath
E125A,0.2377,LBen
E125C,0.9526,LPath
E125D,0.8679,LPath
E125F,0.9904,LPath
E125G,0.3197,LBen
E125H,0.9519,LPath
E125I,0.9444,LPath
E125K,0.7161,LPath
E125L,0.9315,LPath
E125M,0.8515,LPath
E125N,0.9083,LPath
E125P,0.9983,LPath
E125Q,0.3176,LBen
E125R,0.7696,LPath
E125S,0.4667,Amb
E125T,0.7634,LPath
E125V,0.8017,LPath
E125W,0.9971,LPath
E125Y,0.9762,LPath
M126A,0.243,LBen
M126C,0.6156,LPath
M126D,0.7861,LPath
M126E,0.4978,Amb
M126F,0.4504,Amb
M126G,0.6053,LPath
M126H,0.4283,Amb
M126I,0.3568,Amb
M126K,0.2156,LBen
M126L,0.1852,LBen
M126N,0.2927,LBen
M126P,0.9663,LPath
M126Q,0.2588,LBen
M126R,0.2023,LBen
M126S,0.2845,LBen
M126T,0.0973,LBen
M126V,0.109,LBen
M126W,0.717,LPath
M126Y,0.5821,LPath
A127C,0.783,LPath
A127D,0.989,LPath
A127E,0.9823,LPath
A127F,0.9476,LPath
A127G,0.4359,Amb
A127H,0.9885,LPath
A127I,0.7728,LPath
A127K,0.9965,LPath
A127L,0.7024,LPath
A127M,0.7499,LPath
A127N,0.9669,LPath
A127P,0.9875,LPath
A127Q,0.9709,LPath
A127R,0.9892,LPath
A127S,0.2225,LBen
A127T,0.2856,LBen
A127V,0.4216,Amb
A127W,0.9961,LPath
A127Y,0.9842,LPath
L128A,0.938,LPath
L128C,0.9533,LPath
L128D,0.9993,LPath
L128E,0.9947,LPath
L128F,0.6448,LPath
L128G,0.9872,LPath
L128H,0.9817,LPath
L128I,0.3102,LBen
L128K,0.9904,LPath
L128M,0.417,Amb
L128N,0.9926,LPath
L128P,0.9913,LPath
L128Q,0.9772,LPath
L128R,0.9778,LPath
L128S,0.9743,LPath
L128T,0.9457,LPath
L128V,0.4061,Amb
L128W,0.9316,LPath
L128Y,0.9605,LPath
P129A,0.6999,LPath
P129C,0.967,LPath
P129D,0.9807,LPath
P129E,0.9549,LPath
P129F,0.9843,LPath
P129G,0.9084,LPath
P129H,0.896,LPath
P129I,0.961,LPath
P129K,0.9622,LPath
P129L,0.7658,LPath
P129M,0.9607,LPath
P129N,0.97,LPath
P129Q,0.876,LPath
P129R,0.8767,LPath
P129S,0.8229,LPath
P129T,0.803,LPath
P129V,0.899,LPath
P129W,0.9883,LPath
P129Y,0.9757,LPath
M130A,0.5361,Amb
M130C,0.794,LPath
M130D,0.9719,LPath
M130E,0.8406,LPath
M130F,0.564,Amb
M130G,0.8432,LPath
M130H,0.8208,LPath
M130I,0.3937,Amb
M130K,0.4881,Amb
M130L,0.0913,LBen
M130N,0.8649,LPath
M130P,0.9246,LPath
M130Q,0.533,Amb
M130R,0.4468,Amb
M130S,0.6877,LPath
M130T,0.3884,Amb
M130V,0.0897,LBen
M130W,0.8475,LPath
M130Y,0.8277,LPath
M131A,0.8542,LPath
M131C,0.9297,LPath
M131D,0.9973,LPath
M131E,0.9826,LPath
M131F,0.822,LPath
M131G,0.9751,LPath
M131H,0.9898,LPath
M131I,0.4257,Amb
M131K,0.9647,LPath
M131L,0.1429,LBen
M131N,0.9778,LPath
M131P,0.9897,LPath
M131Q,0.9291,LPath
M131R,0.9687,LPath
M131S,0.9274,LPath
M131T,0.834,LPath
M131V,0.2192,LBen
M131W,0.9898,LPath
M131Y,0.9791,LPath
L132A,0.7063,LPath
L132C,0.8145,LPath
L132D,0.9824,LPath
L132E,0.9002,LPath
L132F,0.5206,Amb
L132G,0.9215,LPath
L132H,0.8578,LPath
L132I,0.1454,LBen
L132K,0.8833,LPath
L132M,0.1758,LBen
L132N,0.9002,LPath
L132P,0.97,LPath
L132Q,0.7138,LPath
L132R,0.7898,LPath
L132S,0.8501,LPath
L132T,0.6068,LPath
L132V,0.1671,LBen
L132W,0.7863,LPath
L132Y,0.8844,LPath
A133C,0.4212,Amb
A133D,0.6474,LPath
A133E,0.5571,Amb
A133F,0.5443,Amb
A133G,0.2097,LBen
A133H,0.6516,LPath
A133I,0.4254,Amb
A133K,0.742,LPath
A133L,0.3085,LBen
A133M,0.3934,Amb
A133N,0.5204,Amb
A133P,0.8265,LPath
A133Q,0.507,Amb
A133R,0.5684,LPath
A133S,0.1106,LBen
A133T,0.1843,LBen
A133V,0.2216,LBen
A133W,0.8422,LPath
A133Y,0.6345,LPath
H134A,0.1673,LBen
H134C,0.1149,LBen
H134D,0.0787,LBen
H134E,0.1392,LBen
H134F,0.1859,LBen
H134G,0.2638,LBen
H134I,0.2053,LBen
H134K,0.1899,LBen
H134L,0.1147,LBen
H134M,0.3314,LBen
H134N,0.0688,LBen
H134P,0.2116,LBen
H134Q,0.1082,LBen
H134R,0.1054,LBen
H134S,0.1104,LBen
H134T,0.1522,LBen
H134V,0.159,LBen
H134W,0.2977,LBen
H134Y,0.0696,LBen
P135A,0.2582,LBen
P135C,0.6345,LPath
P135D,0.7297,LPath
P135E,0.4772,Amb
P135F,0.7204,LPath
P135G,0.6607,LPath
P135H,0.3526,Amb
P135I,0.4754,Amb
P135K,0.4828,Amb
P135L,0.3063,LBen
P135M,0.5789,LPath
P135N,0.6198,LPath
P135Q,0.3135,LBen
P135R,0.2964,LBen
P135S,0.339,LBen
P135T,0.2428,LBen
P135V,0.3729,Amb
P135W,0.8479,LPath
P135Y,0.6377,LPath
P136A,0.0964,LBen
P136C,0.426,Amb
P136D,0.7601,LPath
P136E,0.4826,Amb
P136F,0.6132,LPath
P136G,0.4376,Amb
P136H,0.292,LBen
P136I,0.5367,Amb
P136K,0.4565,Amb
P136L,0.2406,LBen
P136M,0.5101,Amb
P136N,0.6236,LPath
P136Q,0.2453,LBen
P136R,0.2351,LBen
P136S,0.1803,LBen
P136T,0.2169,LBen
P136V,0.3455,Amb
P136W,0.7002,LPath
P136Y,0.5662,LPath
Q137A,0.3216,LBen
Q137C,0.6226,LPath
Q137D,0.7043,LPath
Q137E,0.1181,LBen
Q137F,0.8636,LPath
Q137G,0.3539,Amb
Q137H,0.4587,Amb
Q137I,0.5327,Amb
Q137K,0.1349,LBen
Q137L,0.2504,LBen
Q137M,0.4863,Amb
Q137N,0.567,LPath
Q137P,0.5252,Amb
Q137R,0.1304,LBen
Q137S,0.3962,Amb
Q137T,0.2905,LBen
Q137V,0.3236,LBen
Q137W,0.7721,LPath
Q137Y,0.7168,LPath
N138A,0.8954,LPath
N138C,0.7993,LPath
N138D,0.3152,LBen
N138E,0.9546,LPath
N138F,0.9755,LPath
N138G,0.8328,LPath
N138H,0.4424,Amb
N138I,0.949,LPath
N138K,0.9533,LPath
N138L,0.9514,LPath
N138M,0.9389,LPath
N138P,0.9556,LPath
N138Q,0.919,LPath
N138R,0.9505,LPath
N138S,0.2968,LBen
N138T,0.7397,LPath
N138V,0.9391,LPath
N138W,0.9871,LPath
N138Y,0.7147,LPath
L139A,0.8732,LPath
L139C,0.7478,LPath
L139D,0.9978,LPath
L139E,0.9881,LPath
L139F,0.4939,Amb
L139G,0.9671,LPath
L139H,0.9487,LPath
L139I,0.1921,LBen
L139K,0.9789,LPath
L139M,0.1642,LBen
L139N,0.9824,LPath
L139P,0.9954,LPath
L139Q,0.9296,LPath
L139R,0.9501,LPath
L139S,0.9568,LPath
L139T,0.87,LPath
L139V,0.1881,LBen
L139W,0.9179,LPath
L139Y,0.9319,LPath
I140A,0.8091,LPath
I140C,0.955,LPath
I140D,0.9978,LPath
I140E,0.9887,LPath
I140F,0.6864,LPath
I140G,0.9851,LPath
I140H,0.9829,LPath
I140K,0.9611,LPath
I140L,0.288,LBen
I140M,0.248,LBen
I140N,0.978,LPath
I140P,0.9907,LPath
I140Q,0.9679,LPath
I140R,0.9296,LPath
I140S,0.9211,LPath
I140T,0.7535,LPath
I140V,0.1591,LBen
I140W,0.9761,LPath
I140Y,0.9571,LPath
A141C,0.7568,LPath
A141D,0.9961,LPath
A141E,0.9928,LPath
A141F,0.9145,LPath
A141G,0.3632,Amb
A141H,0.9939,LPath
A141I,0.7991,LPath
A141K,0.9975,LPath
A141L,0.7211,LPath
A141M,0.8448,LPath
A141N,0.9895,LPath
A141P,0.9845,LPath
A141Q,0.9791,LPath
A141R,0.9837,LPath
A141S,0.451,Amb
A141T,0.6808,LPath
A141V,0.6079,LPath
A141W,0.9953,LPath
A141Y,0.9829,LPath
Q142A,0.6997,LPath
Q142C,0.9746,LPath
Q142D,0.9915,LPath
Q142E,0.5164,Amb
Q142F,0.988,LPath
Q142G,0.8402,LPath
Q142H,0.975,LPath
Q142I,0.9312,LPath
Q142K,0.7856,LPath
Q142L,0.8017,LPath
Q142M,0.8549,LPath
Q142N,0.9491,LPath
Q142P,0.9597,LPath
Q142R,0.704,LPath
Q142S,0.7649,LPath
Q142T,0.8184,LPath
Q142V,0.8456,LPath
Q142W,0.9924,LPath
Q142Y,0.9908,LPath
S143A,0.2124,LBen
S143C,0.5354,Amb
S143D,0.9936,LPath
S143E,0.9923,LPath
S143F,0.9819,LPath
S143G,0.6447,LPath
S143H,0.9845,LPath
S143I,0.9851,LPath
S143K,0.9987,LPath
S143L,0.8643,LPath
S143M,0.9331,LPath
S143N,0.9746,LPath
S143P,0.9944,LPath
S143Q,0.9849,LPath
S143R,0.9963,LPath
S143T,0.8069,LPath
S143V,0.9614,LPath
S143W,0.9822,LPath
S143Y,0.9642,LPath
Q144A,0.6637,LPath
Q144C,0.9867,LPath
Q144D,0.9857,LPath
Q144E,0.4924,Amb
Q144F,0.9863,LPath
Q144G,0.8225,LPath
Q144H,0.9222,LPath
Q144I,0.945,LPath
Q144K,0.567,LPath
Q144L,0.7712,LPath
Q144M,0.8516,LPath
Q144N,0.9182,LPath
Q144P,0.5411,Amb
Q144R,0.5415,Amb
Q144S,0.7471,LPath
Q144T,0.818,LPath
Q144V,0.874,LPath
Q144W,0.9865,LPath
Q144Y,0.9879,LPath
S145A,0.7907,LPath
S145C,0.9032,LPath
S145D,0.9897,LPath
S145E,0.9899,LPath
S145F,0.9885,LPath
S145G,0.8543,LPath
S145H,0.9847,LPath
S145I,0.9702,LPath
S145K,0.9989,LPath
S145L,0.9439,LPath
S145M,0.9426,LPath
S145N,0.8237,LPath
S145P,0.9745,LPath
S145Q,0.9897,LPath
S145R,0.9982,LPath
S145T,0.7489,LPath
S145V,0.9529,LPath
S145W,0.9744,LPath
S145Y,0.9752,LPath
G146A,0.971,LPath
G146C,0.9868,LPath
G146D,0.9948,LPath
G146E,0.9955,LPath
G146F,0.9979,LPath
G146H,0.9988,LPath
G146I,0.9957,LPath
G146K,0.9975,LPath
G146L,0.9965,LPath
G146M,0.9977,LPath
G146N,0.9964,LPath
G146P,0.9993,LPath
G146Q,0.9967,LPath
G146R,0.9874,LPath
G146S,0.9292,LPath
G146T,0.9911,LPath
G146V,0.9889,LPath
G146W,0.9967,LPath
G146Y,0.9981,LPath
T147A,0.8512,LPath
T147C,0.9716,LPath
T147D,0.9901,LPath
T147E,0.9806,LPath
T147F,0.9849,LPath
T147G,0.9248,LPath
T147H,0.9627,LPath
T147I,0.984,LPath
T147K,0.9536,LPath
T147L,0.9315,LPath
T147M,0.7085,LPath
T147N,0.9277,LPath
T147P,0.9576,LPath
T147Q,0.959,LPath
T147R,0.9317,LPath
T147S,0.6908,LPath
T147V,0.9498,LPath
T147W,0.9926,LPath
T147Y,0.9848,LPath
G148A,0.9882,LPath
G148C,0.9918,LPath
G148D,0.9974,LPath
G148E,0.9973,LPath
G148F,0.9989,LPath
G148H,0.9995,LPath
G148I,0.9981,LPath
G148K,0.9983,LPath
G148L,0.997,LPath
G148M,0.9985,LPath
G148N,0.9988,LPath
G148P,0.9997,LPath
G148Q,0.9973,LPath
G148R,0.9919,LPath
G148S,0.9713,LPath
G148T,0.9957,LPath
G148V,0.9953,LPath
G148W,0.9969,LPath
G148Y,0.9989,LPath
K149A,0.9991,LPath
K149C,0.9997,LPath
K149D,0.9974,LPath
K149E,0.9914,LPath
K149F,0.9998,LPath
K149G,0.9989,LPath
K149H,0.9976,LPath
K149I,0.9984,LPath
K149L,0.9992,LPath
K149M,0.996,LPath
K149N,0.9962,LPath
K149P,0.9994,LPath
K149Q,0.9967,LPath
K149R,0.8832,LPath
K149S,0.9991,LPath
K149T,0.9935,LPath
K149V,0.9989,LPath
K149W,0.9998,LPath
K149Y,0.9993,LPath
T150A,0.9563,LPath
T150C,0.9953,LPath
T150D,0.9911,LPath
T150E,0.9881,LPath
T150F,0.9945,LPath
T150G,0.9786,LPath
T150H,0.9821,LPath
T150I,0.9863,LPath
T150K,0.9774,LPath
T150L,0.9596,LPath
T150M,0.8362,LPath
T150N,0.9646,LPath
T150P,0.9683,LPath
T150Q,0.9849,LPath
T150R,0.9767,LPath
T150S,0.8586,LPath
T150V,0.9743,LPath
T150W,0.9978,LPath
T150Y,0.9937,LPath
A151C,0.8451,LPath
A151D,0.9931,LPath
A151E,0.9847,LPath
A151F,0.9169,LPath
A151G,0.4723,Amb
A151H,0.9887,LPath
A151I,0.8202,LPath
A151K,0.9924,LPath
A151L,0.6781,LPath
A151M,0.696,LPath
A151N,0.9749,LPath
A151P,0.9814,LPath
A151Q,0.9656,LPath
A151R,0.9717,LPath
A151S,0.3523,Amb
A151T,0.395,Amb
A151V,0.5201,Amb
A151W,0.9922,LPath
A151Y,0.9814,LPath
A152C,0.7136,LPath
A152D,0.9926,LPath
A152E,0.9899,LPath
A152F,0.9689,LPath
A152G,0.5306,Amb
A152H,0.9925,LPath
A152I,0.8969,LPath
A152K,0.9975,LPath
A152L,0.7601,LPath
A152M,0.8155,LPath
A152N,0.965,LPath
A152P,0.9811,LPath
A152Q,0.9778,LPath
A152R,0.9876,LPath
A152S,0.2353,LBen
A152T,0.2214,LBen
A152V,0.5792,LPath
A152W,0.9983,LPath
A152Y,0.9913,LPath
F153A,0.9772,LPath
F153C,0.9206,LPath
F153D,0.9986,LPath
F153E,0.9981,LPath
F153G,0.9919,LPath
F153H,0.9858,LPath
F153I,0.9167,LPath
F153K,0.9976,LPath
F153L,0.9915,LPath
F153M,0.9458,LPath
F153N,0.9909,LPath
F153P,0.9996,LPath
F153Q,0.9963,LPath
F153R,0.9931,LPath
F153S,0.9647,LPath
F153T,0.9853,LPath
F153V,0.8779,LPath
F153W,0.9262,LPath
F153Y,0.6467,LPath
V154A,0.2213,LBen
V154C,0.7257,LPath
V154D,0.9401,LPath
V154E,0.9189,LPath
V154F,0.7689,LPath
V154G,0.3618,Amb
V154H,0.9699,LPath
V154I,0.1217,LBen
V154K,0.9745,LPath
V154L,0.544,Amb
V154M,0.4838,Amb
V154N,0.8179,LPath
V154P,0.9778,LPath
V154Q,0.9037,LPath
V154R,0.9509,LPath
V154S,0.2066,LBen
V154T,0.2018,LBen
V154W,0.9932,LPath
V154Y,0.9714,LPath
L155A,0.7426,LPath
L155C,0.8524,LPath
L155D,0.9974,LPath
L155E,0.9872,LPath
L155F,0.6851,LPath
L155G,0.9517,LPath
L155H,0.9725,LPath
L155I,0.2184,LBen
L155K,0.9895,LPath
L155M,0.3238,LBen
L155N,0.9778,LPath
L155P,0.976,LPath
L155Q,0.9564,LPath
L155R,0.9764,LPath
L155S,0.8734,LPath
L155T,0.6763,LPath
L155V,0.225,LBen
L155W,0.9493,LPath
L155Y,0.9752,LPath
A156C,0.589,LPath
A156D,0.9476,LPath
A156E,0.9336,LPath
A156F,0.8741,LPath
A156G,0.1864,LBen
A156H,0.9527,LPath
A156I,0.8283,LPath
A156K,0.9858,LPath
A156L,0.6024,LPath
A156M,0.6526,LPath
A156N,0.7858,LPath
A156P,0.86,LPath
A156Q,0.9145,LPath
A156R,0.9646,LPath
A156S,0.1537,LBen
A156T,0.1888,LBen
A156V,0.4448,Amb
A156W,0.9863,LPath
A156Y,0.9423,LPath
M157A,0.6981,LPath
M157C,0.8897,LPath
M157D,0.9976,LPath
M157E,0.9746,LPath
M157F,0.9017,LPath
M157G,0.9288,LPath
M157H,0.9921,LPath
M157I,0.7324,LPath
M157K,0.9735,LPath
M157L,0.3469,Amb
M157N,0.9768,LPath
M157P,0.9956,LPath
M157Q,0.8969,LPath
M157R,0.9755,LPath
M157S,0.7836,LPath
M157T,0.6264,LPath
M157V,0.2246,LBen
M157W,0.9939,LPath
M157Y,0.9921,LPath
L158A,0.909,LPath
L158C,0.8976,LPath
L158D,0.997,LPath
L158E,0.9845,LPath
L158F,0.6703,LPath
L158G,0.9743,LPath
L158H,0.9636,LPath
L158I,0.3701,Amb
L158K,0.9781,LPath
L158M,0.3873,Amb
L158N,0.9771,LPath
L158P,0.9883,LPath
L158Q,0.9407,LPath
L158R,0.9577,LPath
L158S,0.9692,LPath
L158T,0.9257,LPath
L158V,0.4327,Amb
L158W,0.9278,LPath
L158Y,0.9444,LPath
S159A,0.1945,LBen
S159C,0.1759,LBen
S159D,0.7934,LPath
S159E,0.8374,LPath
S159F,0.572,LPath
S159G,0.1651,LBen
S159H,0.6792,LPath
S159I,0.6378,LPath
S159K,0.9676,LPath
S159L,0.3303,LBen
S159M,0.4837,Amb
S159N,0.3803,Amb
S159P,0.9405,LPath
S159Q,0.7786,LPath
S159R,0.9457,LPath
S159T,0.1842,LBen
S159V,0.5377,Amb
S159W,0.6861,LPath
S159Y,0.4975,Amb
R160A,0.5487,Amb
R160C,0.155,LBen
R160D,0.7786,LPath
R160E,0.4473,Amb
R160F,0.6761,LPath
R160G,0.3911,Amb
R160H,0.1089,LBen
R160I,0.4896,Amb
R160K,0.1951,LBen
R160L,0.3971,Amb
R160M,0.5001,Amb
R160N,0.6361,LPath
R160P,0.9362,LPath
R160Q,0.1111,LBen
R160S,0.5691,LPath
R160T,0.4042,Amb
R160V,0.518,Amb
R160W,0.2268,LBen
R160Y,0.4549,Amb
V161A,0.2313,LBen
V161C,0.7077,LPath
V161D,0.9167,LPath
V161E,0.8548,LPath
V161F,0.6838,LPath
V161G,0.3568,Amb
V161H,0.9515,LPath
V161I,0.1051,LBen
V161K,0.9024,LPath
V161L,0.4018,Amb
V161M,0.3689,Amb
V161N,0.7669,LPath
V161P,0.9189,LPath
V161Q,0.8406,LPath
V161R,0.8729,LPath
V161S,0.4257,Amb
V161T,0.2725,LBen
V161W,0.9827,LPath
V161Y,0.9361,LPath
N162A,0.2227,LBen
N162C,0.2085,LBen
N162D,0.0683,LBen
N162E,0.2334,LBen
N162F,0.5778,LPath
N162G,0.3405,Amb
N162H,0.094,LBen
N162I,0.2318,LBen
N162K,0.2125,LBen
N162L,0.2915,LBen
N162M,0.3588,Amb
N162P,0.6558,LPath
N162Q,0.2276,LBen
N162R,0.2211,LBen
N162S,0.0779,LBen
N162T,0.1435,LBen
N162V,0.1993,LBen
N162W,0.7156,LPath
N162Y,0.2009,LBen
A163C,0.2472,LBen
A163D,0.2069,LBen
A163E,0.177,LBen
A163F,0.2585,LBen
A163G,0.0987,LBen
A163H,0.2649,LBen
A163I,0.1373,LBen
A163K,0.2324,LBen
A163L,0.1425,LBen
A163M,0.1699,LBen
A163N,0.1739,LBen
A163P,0.0634,LBen
A163Q,0.2123,LBen
A163R,0.213,LBen
A163S,0.0839,LBen
A163T,0.0712,LBen
A163V,0.0884,LBen
A163W,0.5479,Amb
A163Y,0.2964,LBen
L164A,0.0501,LBen
L164C,0.1638,LBen
L164D,0.1263,LBen
L164E,0.0733,LBen
L164F,0.0841,LBen
L164G,0.1079,LBen
L164H,0.0692,LBen
L164I,0.0837,LBen
L164K,0.0603,LBen
L164M,0.0735,LBen
L164N,0.0869,LBen
L164P,0.1201,LBen
L164Q,0.0494,LBen
L164R,0.0551,LBen
L164S,0.0508,LBen
L164T,0.0548,LBen
L164V,0.0643,LBen
L164W,0.1255,LBen
L164Y,0.1518,LBen
E165A,0.1089,LBen
E165C,0.5426,Amb
E165D,0.0886,LBen
E165F,0.5074,Amb
E165G,0.156,LBen
E165H,0.2139,LBen
E165I,0.2394,LBen
E165K,0.1419,LBen
E165L,0.1712,LBen
E165M,0.3118,LBen
E165N,0.1546,LBen
E165P,0.4984,Amb
E165Q,0.0946,LBen
E165R,0.1798,LBen
E165S,0.134,LBen
E165T,0.1815,LBen
E165V,0.1383,LBen
E165W,0.754,LPath
E165Y,0.3401,Amb
L166A,0.0676,LBen
L166C,0.1572,LBen
L166D,0.1582,LBen
L166E,0.1032,LBen
L166F,0.0933,LBen
L166G,0.1366,LBen
L166H,0.0668,LBen
L166I,0.077,LBen
L166K,0.0658,LBen
L166M,0.079,LBen
L166N,0.0852,LBen
L166P,0.0466,LBen
L166Q,0.0589,LBen
L166R,0.0545,LBen
L166S,0.0733,LBen
L166T,0.0702,LBen
L166V,0.0653,LBen
L166W,0.1378,LBen
L166Y,0.1306,LBen
F167A,0.3038,LBen
F167C,0.1799,LBen
F167D,0.6108,LPath
F167E,0.5612,Amb
F167G,0.5608,Amb
F167H,0.1788,LBen
F167I,0.2079,LBen
F167K,0.5043,Amb
F167L,0.7413,LPath
F167M,0.4889,Amb
F167N,0.4091,Amb
F167P,0.9329,LPath
F167Q,0.3815,Amb
F167R,0.3709,Amb
F167S,0.165,LBen
F167T,0.3039,LBen
F167V,0.1907,LBen
F167W,0.3128,LBen
F167Y,0.0887,LBen
P168A,0.2777,LBen
P168C,0.6979,LPath
P168D,0.9924,LPath
P168E,0.9755,LPath
P168F,0.9791,LPath
P168G,0.8377,LPath
P168H,0.9365,LPath
P168I,0.7477,LPath
P168K,0.9785,LPath
P168L,0.5011,Amb
P168M,0.8462,LPath
P168N,0.9563,LPath
P168Q,0.9102,LPath
P168R,0.9335,LPath
P168S,0.4774,Amb
P168T,0.2233,LBen
P168V,0.5123,Amb
P168W,0.9927,LPath
P168Y,0.9861,LPath
Q169A,0.6675,LPath
Q169C,0.9682,LPath
Q169D,0.9474,LPath
Q169E,0.3065,LBen
Q169F,0.9846,LPath
Q169G,0.7148,LPath
Q169H,0.9177,LPath
Q169I,0.9177,LPath
Q169K,0.7377,LPath
Q169L,0.7538,LPath
Q169M,0.8073,LPath
Q169N,0.8488,LPath
Q169P,0.9112,LPath
Q169R,0.6961,LPath
Q169S,0.6046,LPath
Q169T,0.7297,LPath
Q169V,0.8058,LPath
Q169W,0.9921,LPath
Q169Y,0.9806,LPath
C170A,0.5169,Amb
C170D,0.9952,LPath
C170E,0.9978,LPath
C170F,0.862,LPath
C170G,0.3761,Amb
C170H,0.9878,LPath
C170I,0.801,LPath
C170K,0.9986,LPath
C170L,0.8606,LPath
C170M,0.9309,LPath
C170N,0.968,LPath
C170P,0.997,LPath
C170Q,0.9918,LPath
C170R,0.988,LPath
C170S,0.501,Amb
C170T,0.7529,LPath
C170V,0.5705,LPath
C170W,0.9856,LPath
C170Y,0.9468,LPath
L171A,0.8555,LPath
L171C,0.776,LPath
L171D,0.9988,LPath
L171E,0.9925,LPath
L171F,0.4072,Amb
L171G,0.9793,LPath
L171H,0.972,LPath
L171I,0.0948,LBen
L171K,0.9887,LPath
L171M,0.2412,LBen
L171N,0.9911,LPath
L171P,0.9899,LPath
L171Q,0.9649,LPath
L171R,0.9714,LPath
L171S,0.9681,LPath
L171T,0.9091,LPath
L171V,0.1265,LBen
L171W,0.9091,LPath
L171Y,0.9252,LPath
C172A,0.8068,LPath
C172D,0.998,LPath
C172E,0.9986,LPath
C172F,0.8298,LPath
C172G,0.7695,LPath
C172H,0.9935,LPath
C172I,0.6421,LPath
C172K,0.9994,LPath
C172L,0.686,LPath
C172M,0.9078,LPath
C172N,0.9882,LPath
C172P,0.9965,LPath
C172Q,0.9956,LPath
C172R,0.9934,LPath
C172S,0.8365,LPath
C172T,0.92,LPath
C172V,0.5321,Amb
C172W,0.9855,LPath
C172Y,0.9573,LPath
L173A,0.7673,LPath
L173C,0.7779,LPath
L173D,0.9967,LPath
L173E,0.9751,LPath
L173F,0.5451,Amb
L173G,0.9629,LPath
L173H,0.9455,LPath
L173I,0.1103,LBen
L173K,0.9767,LPath
L173M,0.2024,LBen
L173N,0.9762,LPath
L173P,0.9735,LPath
L173Q,0.9062,LPath
L173R,0.9485,LPath
L173S,0.9157,LPath
L173T,0.7909,LPath
L173V,0.1168,LBen
L173W,0.9188,LPath
L173Y,0.9434,LPath
A174C,0.406,Amb
A174D,0.9304,LPath
A174E,0.8146,LPath
A174F,0.8023,LPath
A174G,0.3055,LBen
A174H,0.9088,LPath
A174I,0.58,LPath
A174K,0.9778,LPath
A174L,0.4058,Amb
A174M,0.4811,Amb
A174N,0.763,LPath
A174P,0.9298,LPath
A174Q,0.8069,LPath
A174R,0.9594,LPath
A174S,0.0883,LBen
A174T,0.1686,LBen
A174V,0.243,LBen
A174W,0.9818,LPath
A174Y,0.9124,LPath
P175A,0.7236,LPath
P175C,0.9732,LPath
P175D,0.9909,LPath
P175E,0.981,LPath
P175F,0.9942,LPath
P175G,0.9572,LPath
P175H,0.9253,LPath
P175I,0.9848,LPath
P175K,0.9884,LPath
P175L,0.8638,LPath
P175M,0.9771,LPath
P175N,0.9637,LPath
P175Q,0.9496,LPath
P175R,0.9512,LPath
P175S,0.827,LPath
P175T,0.8715,LPath
P175V,0.9483,LPath
P175W,0.9962,LPath
P175Y,0.9904,LPath
T176A,0.3976,Amb
T176C,0.8891,LPath
T176D,0.9832,LPath
T176E,0.9765,LPath
T176F,0.9706,LPath
T176G,0.8121,LPath
T176H,0.9456,LPath
T176I,0.9498,LPath
T176K,0.9552,LPath
T176L,0.7921,LPath
T176M,0.6571,LPath
T176N,0.8358,LPath
T176P,0.8592,LPath
T176Q,0.9259,LPath
T176R,0.901,LPath
T176S,0.4255,Amb
T176V,0.8146,LPath
T176W,0.9942,LPath
T176Y,0.9763,LPath
Y177A,0.8214,LPath
Y177C,0.3892,Amb
Y177D,0.8882,LPath
Y177E,0.9358,LPath
Y177F,0.1204,LBen
Y177G,0.8245,LPath
Y177H,0.5514,Amb
Y177I,0.8517,LPath
Y177K,0.9174,LPath
Y177L,0.7501,LPath
Y177M,0.7723,LPath
Y177N,0.6666,LPath
Y177P,0.9772,LPath
Y177Q,0.8415,LPath
Y177R,0.7556,LPath
Y177S,0.644,LPath
Y177T,0.8635,LPath
Y177V,0.7201,LPath
Y177W,0.4347,Amb
E178A,0.9592,LPath
E178C,0.9949,LPath
E178D,0.965,LPath
E178F,0.9973,LPath
E178G,0.9658,LPath
E178H,0.99,LPath
E178I,0.9894,LPath
E178K,0.9689,LPath
E178L,0.9892,LPath
E178M,0.9933,LPath
E178N,0.9941,LPath
E178P,0.9928,LPath
E178Q,0.912,LPath
E178R,0.9577,LPath
E178S,0.9668,LPath
E178T,0.9881,LPath
E178V,0.9711,LPath
E178W,0.9991,LPath
E178Y,0.9951,LPath
L179A,0.9414,LPath
L179C,0.9802,LPath
L179D,0.9964,LPath
L179E,0.9773,LPath
L179F,0.953,LPath
L179G,0.9713,LPath
L179H,0.9729,LPath
L179I,0.6982,LPath
L179K,0.9543,LPath
L179M,0.7041,LPath
L179N,0.9614,LPath
L179P,0.9923,LPath
L179Q,0.9713,LPath
L179R,0.9298,LPath
L179S,0.9816,LPath
L179T,0.9489,LPath
L179V,0.752,LPath
L179W,0.9694,LPath
L179Y,0.979,LPath
A180C,0.7307,LPath
A180D,0.9871,LPath
A180E,0.9819,LPath
A180F,0.9722,LPath
A180G,0.4408,Amb
A180H,0.9904,LPath
A180I,0.8216,LPath
A180K,0.9968,LPath
A180L,0.7727,LPath
A180M,0.8461,LPath
A180N,0.9621,LPath
A180P,0.9829,LPath
A180Q,0.9641,LPath
A180R,0.9853,LPath
A180S,0.2016,LBen
A180T,0.5221,Amb
A180V,0.4577,Amb
A180W,0.9973,LPath
A180Y,0.9885,LPath
L181A,0.3965,Amb
L181C,0.5036,Amb
L181D,0.8844,LPath
L181E,0.479,Amb
L181F,0.2212,LBen
L181G,0.7432,LPath
L181H,0.4114,Amb
L181I,0.0986,LBen
L181K,0.3748,Amb
L181M,0.1075,LBen
L181N,0.6436,LPath
L181P,0.9764,LPath
L181Q,0.2006,LBen
L181R,0.2994,LBen
L181S,0.4397,Amb
L181T,0.3511,Amb
L181V,0.0964,LBen
L181W,0.3372,LBen
L181Y,0.4609,Amb
Q182A,0.8571,LPath
Q182C,0.9966,LPath
Q182D,0.977,LPath
Q182E,0.614,LPath
Q182F,0.9941,LPath
Q182G,0.9021,LPath
Q182H,0.9832,LPath
Q182I,0.9643,LPath
Q182K,0.8957,LPath
Q182L,0.8482,LPath
Q182M,0.9065,LPath
Q182N,0.9584,LPath
Q182P,0.949,LPath
Q182R,0.9198,LPath
Q182S,0.8621,LPath
Q182T,0.9212,LPath
Q182V,0.9459,LPath
Q182W,0.9967,LPath
Q182Y,0.9954,LPath
T183A,0.2207,LBen
T183C,0.5548,Amb
T183D,0.9107,LPath
T183E,0.8545,LPath
T183F,0.8225,LPath
T183G,0.6787,LPath
T183H,0.842,LPath
T183I,0.1186,LBen
T183K,0.8483,LPath
T183L,0.1501,LBen
T183M,0.1096,LBen
T183N,0.3949,Amb
T183P,0.8185,LPath
T183Q,0.7895,LPath
T183R,0.8164,LPath
T183S,0.3421,Amb
T183V,0.1576,LBen
T183W,0.9555,LPath
T183Y,0.8491,LPath
G184A,0.2802,LBen
G184C,0.641,LPath
G184D,0.9701,LPath
G184E,0.9307,LPath
G184F,0.9583,LPath
G184H,0.9586,LPath
G184I,0.9071,LPath
G184K,0.9563,LPath
G184L,0.9337,LPath
G184M,0.9176,LPath
G184N,0.9446,LPath
G184P,0.9982,LPath
G184Q,0.9032,LPath
G184R,0.8932,LPath
G184S,0.3737,Amb
G184T,0.7819,LPath
G184V,0.8147,LPath
G184W,0.9386,LPath
G184Y,0.9399,LPath
R185A,0.1883,LBen
R185C,0.1063,LBen
R185D,0.3158,LBen
R185E,0.1763,LBen
R185F,0.2908,LBen
R185G,0.1471,LBen
R185H,0.0708,LBen
R185I,0.1758,LBen
R185K,0.0813,LBen
R185L,0.1349,LBen
R185M,0.1761,LBen
R185N,0.2501,LBen
R185P,0.8631,LPath
R185Q,0.0741,LBen
R185S,0.212,LBen
R185T,0.1414,LBen
R185V,0.2122,LBen
R185W,0.1402,LBen
R185Y,0.1969,LBen
V186A,0.3241,LBen
V186C,0.8747,LPath
V186D,0.8207,LPath
V186E,0.6435,LPath
V186F,0.5393,Amb
V186G,0.5401,Amb
V186H,0.8868,LPath
V186I,0.1697,LBen
V186K,0.8599,LPath
V186L,0.8021,LPath
V186M,0.4336,Amb
V186N,0.5771,LPath
V186P,0.9833,LPath
V186Q,0.7062,LPath
V186R,0.7795,LPath
V186S,0.4257,Amb
V186T,0.3075,LBen
V186W,0.9799,LPath
V186Y,0.9035,LPath
V187A,0.1819,LBen
V187C,0.8227,LPath
V187D,0.978,LPath
V187E,0.9579,LPath
V187F,0.5944,LPath
V187G,0.5603,Amb
V187H,0.9851,LPath
V187I,0.0851,LBen
V187K,0.9794,LPath
V187L,0.4238,Amb
V187M,0.3015,LBen
V187N,0.931,LPath
V187P,0.9838,LPath
V187Q,0.9488,LPath
V187R,0.9613,LPath
V187S,0.5018,Amb
V187T,0.2418,LBen
V187W,0.9865,LPath
V187Y,0.9687,LPath
E188A,0.1524,LBen
E188C,0.7135,LPath
E188D,0.357,Amb
E188F,0.725,LPath
E188G,0.1975,LBen
E188H,0.4581,Amb
E188I,0.3658,Amb
E188K,0.1492,LBen
E188L,0.2865,LBen
E188M,0.3643,Amb
E188N,0.4157,Amb
E188P,0.9689,LPath
E188Q,0.0991,LBen
E188R,0.205,LBen
E188S,0.2334,LBen
E188T,0.2259,LBen
E188V,0.2334,LBen
E188W,0.881,LPath
E188Y,0.6421,LPath
Q189A,0.1738,LBen
Q189C,0.4028,Amb
Q189D,0.343,Amb
Q189E,0.0842,LBen
Q189F,0.6524,LPath
Q189G,0.2136,LBen
Q189H,0.1954,LBen
Q189I,0.3774,Amb
Q189K,0.0825,LBen
Q189L,0.1251,LBen
Q189M,0.2765,LBen
Q189N,0.2659,LBen
Q189P,0.7329,LPath
Q189R,0.0872,LBen
Q189S,0.2237,LBen
Q189T,0.1683,LBen
Q189V,0.2622,LBen
Q189W,0.4686,Amb
Q189Y,0.4177,Amb
M190A,0.9256,LPath
M190C,0.968,LPath
M190D,0.9988,LPath
M190E,0.9899,LPath
M190F,0.8308,LPath
M190G,0.9892,LPath
M190H,0.9939,LPath
M190I,0.7336,LPath
M190K,0.9714,LPath
M190L,0.3904,Amb
M190N,0.9885,LPath
M190P,0.9987,LPath
M190Q,0.9543,LPath
M190R,0.9741,LPath
M190S,0.9687,LPath
M190T,0.8835,LPath
M190V,0.407,Amb
M190W,0.9872,LPath
M190Y,0.9835,LPath
G191A,0.2172,LBen
G191C,0.5893,LPath
G191D,0.9634,LPath
G191E,0.9414,LPath
G191F,0.9844,LPath
G191H,0.98,LPath
G191I,0.9116,LPath
G191K,0.9731,LPath
G191L,0.9059,LPath
G191M,0.9101,LPath
G191N,0.9406,LPath
G191P,0.9978,LPath
G191Q,0.9258,LPath
G191R,0.9378,LPath
G191S,0.2322,LBen
G191T,0.6101,LPath
G191V,0.7858,LPath
G191W,0.9699,LPath
G191Y,0.9744,LPath
K192A,0.2,LBen
K192C,0.3415,Amb
K192D,0.4518,Amb
K192E,0.1124,LBen
K192F,0.5922,LPath
K192G,0.2811,LBen
K192H,0.1986,LBen
K192I,0.2281,LBen
K192L,0.2073,LBen
K192M,0.1439,LBen
K192N,0.2736,LBen
K192P,0.7655,LPath
K192Q,0.076,LBen
K192R,0.0656,LBen
K192S,0.2367,LBen
K192T,0.1264,LBen
K192V,0.2047,LBen
K192W,0.6121,LPath
K192Y,0.4203,Amb
F193A,0.7591,LPath
F193C,0.3802,Amb
F193D,0.8065,LPath
F193E,0.8773,LPath
F193G,0.8252,LPath
F193H,0.355,Amb
F193I,0.5559,Amb
F193K,0.8935,LPath
F193L,0.9326,LPath
F193M,0.7451,LPath
F193N,0.5779,LPath
F193P,0.9855,LPath
F193Q,0.8238,LPath
F193R,0.8062,LPath
F193S,0.5791,LPath
F193T,0.7894,LPath
F193V,0.5499,Amb
F193W,0.3906,Amb
F193Y,0.0868,LBen
C194A,0.359,Amb
C194D,0.6909,LPath
C194E,0.8025,LPath
C194F,0.2336,LBen
C194G,0.2425,LBen
C194H,0.4952,Amb
C194I,0.4897,Amb
C194K,0.8387,LPath
C194L,0.3287,LBen
C194M,0.5405,Amb
C194N,0.5184,Amb
C194P,0.9354,LPath
C194Q,0.6074,LPath
C194R,0.4779,Amb
C194S,0.2289,LBen
C194T,0.4367,Amb
C194V,0.4174,Amb
C194W,0.5201,Amb
C194Y,0.2974,LBen
V195A,0.0747,LBen
V195C,0.3229,LBen
V195D,0.1194,LBen
V195E,0.1154,LBen
V195F,0.1274,LBen
V195G,0.0911,LBen
V195H,0.1898,LBen
V195I,0.077,LBen
V195K,0.0886,LBen
V195L,0.1039,LBen
V195M,0.0833,LBen
V195N,0.1103,LBen
V195P,0.1052,LBen
V195Q,0.1161,LBen
V195R,0.0847,LBen
V195S,0.088,LBen
V195T,0.0733,LBen
V195W,0.4571,Amb
V195Y,0.2966,LBen
D196A,0.1156,LBen
D196C,0.4233,Amb
D196E,0.127,LBen
D196F,0.555,Amb
D196G,0.0837,LBen
D196H,0.1611,LBen
D196I,0.3836,Amb
D196K,0.2079,LBen
D196L,0.3508,Amb
D196M,0.5085,Amb
D196N,0.0745,LBen
D196P,0.4143,Amb
D196Q,0.2093,LBen
D196R,0.2291,LBen
D196S,0.0931,LBen
D196T,0.1818,LBen
D196V,0.2364,LBen
D196W,0.7726,LPath
D196Y,0.2127,LBen
V197A,0.3825,Amb
V197C,0.6989,LPath
V197D,0.7865,LPath
V197E,0.7432,LPath
V197F,0.2948,LBen
V197G,0.4708,Amb
V197H,0.863,LPath
V197I,0.0629,LBen
V197K,0.7618,LPath
V197L,0.1805,LBen
V197M,0.1668,LBen
V197N,0.5944,LPath
V197P,0.7991,LPath
V197Q,0.7372,LPath
V197R,0.7303,LPath
V197S,0.4837,Amb
V197T,0.2842,LBen
V197W,0.9102,LPath
V197Y,0.7545,LPath
Q198A,0.1424,LBen
Q198C,0.3941,Amb
Q198D,0.1537,LBen
Q198E,0.0609,LBen
Q198F,0.6314,LPath
Q198G,0.1415,LBen
Q198H,0.1206,LBen
Q198I,0.4214,Amb
Q198K,0.0665,LBen
Q198L,0.1693,LBen
Q198M,0.3647,Amb
Q198N,0.1601,LBen
Q198P,0.2086,LBen
Q198R,0.0774,LBen
Q198S,0.1302,LBen
Q198T,0.1368,LBen
Q198V,0.2652,LBen
Q198W,0.4983,Amb
Q198Y,0.366,Amb
V199A,0.3483,Amb
V199C,0.7402,LPath
V199D,0.887,LPath
V199E,0.816,LPath
V199F,0.4181,Amb
V199G,0.4217,Amb
V199H,0.9126,LPath
V199I,0.0951,LBen
V199K,0.8416,LPath
V199L,0.3131,LBen
V199M,0.2586,LBen
V199N,0.7475,LPath
V199P,0.7848,LPath
V199Q,0.8138,LPath
V199R,0.828,LPath
V199S,0.5388,Amb
V199T,0.3588,Amb
V199W,0.9372,LPath
V199Y,0.8239,LPath
M200A,0.1403,LBen
M200C,0.4677,Amb
M200D,0.4989,Amb
M200E,0.2592,LBen
M200F,0.3003,LBen
M200G,0.2796,LBen
M200H,0.3438,Amb
M200I,0.2152,LBen
M200K,0.1627,LBen
M200L,0.117,LBen
M200N,0.2889,LBen
M200P,0.8806,LPath
M200Q,0.1594,LBen
M200R,0.1751,LBen
M200S,0.1538,LBen
M200T,0.0882,LBen
M200V,0.0925,LBen
M200W,0.6387,LPath
M200Y,0.5291,Amb
Y201A,0.7257,LPath
Y201C,0.2455,LBen
Y201D,0.6875,LPath
Y201E,0.8917,LPath
Y201F,0.1453,LBen
Y201G,0.6946,LPath
Y201H,0.442,Amb
Y201I,0.75,LPath
Y201K,0.8725,LPath
Y201L,0.5118,Amb
Y201M,0.7228,LPath
Y201N,0.4274,Amb
Y201P,0.8447,LPath
Y201Q,0.8129,LPath
Y201R,0.7847,LPath
Y201S,0.5368,Amb
Y201T,0.7218,LPath
Y201V,0.5974,LPath
Y201W,0.5199,Amb
A202C,0.6836,LPath
A202D,0.9826,LPath
A202E,0.9798,LPath
A202F,0.9305,LPath
A202G,0.2128,LBen
A202H,0.988,LPath
A202I,0.7095,LPath
A202K,0.9914,LPath
A202L,0.6502,LPath
A202M,0.7681,LPath
A202N,0.9501,LPath
A202P,0.9018,LPath
A202Q,0.9631,LPath
A202R,0.9735,LPath
A202S,0.2911,LBen
A202T,0.4291,Amb
A202V,0.4001,Amb
A202W,0.9954,LPath
A202Y,0.9824,LPath
I203A,0.7005,LPath
I203C,0.8174,LPath
I203D,0.9731,LPath
I203E,0.9447,LPath
I203F,0.5582,Amb
I203G,0.8942,LPath
I203H,0.9406,LPath
I203K,0.8958,LPath
I203L,0.1725,LBen
I203M,0.2261,LBen
I203N,0.8068,LPath
I203P,0.9522,LPath
I203Q,0.9151,LPath
I203R,0.8598,LPath
I203S,0.7283,LPath
I203T,0.4795,Amb
I203V,0.073,LBen
I203W,0.9708,LPath
I203Y,0.9014,LPath
R204A,0.7403,LPath
R204C,0.3637,Amb
R204D,0.9373,LPath
R204E,0.7683,LPath
R204F,0.8906,LPath
R204G,0.5438,Amb
R204H,0.2259,LBen
R204I,0.8113,LPath
R204K,0.205,LBen
R204L,0.6676,LPath
R204M,0.7946,LPath
R204N,0.9042,LPath
R204P,0.6498,LPath
R204Q,0.1986,LBen
R204S,0.8252,LPath
R204T,0.758,LPath
R204V,0.8334,LPath
R204W,0.3543,Amb
R204Y,0.7147,LPath
G205A,0.4773,Amb
G205C,0.6585,LPath
G205D,0.5371,Amb
G205E,0.6245,LPath
G205F,0.9288,LPath
G205H,0.8271,LPath
G205I,0.8756,LPath
G205K,0.8527,LPath
G205L,0.8967,LPath
G205M,0.8854,LPath
G205N,0.5317,Amb
G205P,0.9661,LPath
G205Q,0.7215,LPath
G205R,0.787,LPath
G205S,0.2799,LBen
G205T,0.5982,LPath
G205V,0.7949,LPath
G205W,0.8324,LPath
G205Y,0.8611,LPath
N206A,0.2487,LBen
N206C,0.1994,LBen
N206D,0.1858,LBen
N206E,0.282,LBen
N206F,0.4456,Amb
N206G,0.3109,LBen
N206H,0.0965,LBen
N206I,0.1875,LBen
N206K,0.2708,LBen
N206L,0.2325,LBen
N206M,0.2856,LBen
N206P,0.7662,LPath
N206Q,0.2392,LBen
N206R,0.2851,LBen
N206S,0.0969,LBen
N206T,0.1395,LBen
N206V,0.1885,LBen
N206W,0.6781,LPath
N206Y,0.1419,LBen
R207A,0.3397,LBen
R207C,0.162,LBen
R207D,0.5545,Amb
R207E,0.3545,Amb
R207F,0.4985,Amb
R207G,0.2513,LBen
R207H,0.103,LBen
R207I,0.2992,LBen
R207K,0.1141,LBen
R207L,0.2577,LBen
R207M,0.3396,LBen
R207N,0.4899,Amb
R207P,0.3668,Amb
R207Q,0.1126,LBen
R207S,0.4123,Amb
R207T,0.2498,LBen
R207V,0.3204,LBen
R207W,0.1929,LBen
R207Y,0.3331,LBen
I208A,0.3359,LBen
I208C,0.4803,Amb
I208D,0.7496,LPath
I208E,0.5743,LPath
I208F,0.1182,LBen
I208G,0.5905,LPath
I208H,0.4216,Amb
I208K,0.3641,Amb
I208L,0.069,LBen
I208M,0.0968,LBen
I208N,0.3437,Amb
I208P,0.349,Amb
I208Q,0.369,Amb
I208R,0.3031,LBen
I208S,0.3389,LBen
I208T,0.3236,LBen
I208V,0.0711,LBen
I208W,0.6267,LPath
I208Y,0.3638,Amb
P209A,0.0685,LBen
P209C,0.2829,LBen
P209D,0.2608,LBen
P209E,0.1691,LBen
P209F,0.2833,LBen
P209G,0.1806,LBen
P209H,0.1369,LBen
P209I,0.2017,LBen
P209K,0.1694,LBen
P209L,0.0924,LBen
P209M,0.2019,LBen
P209N,0.2125,LBen
P209Q,0.0991,LBen
P209R,0.1235,LBen
P209S,0.089,LBen
P209T,0.0915,LBen
P209V,0.1394,LBen
P209W,0.4034,Amb
P209Y,0.2806,LBen
R210A,0.2954,LBen
R210C,0.2054,LBen
R210D,0.6091,LPath
R210E,0.3372,LBen
R210F,0.5274,Amb
R210G,0.2576,LBen
R210H,0.1287,LBen
R210I,0.331,LBen
R210K,0.1083,LBen
R210L,0.2816,LBen
R210M,0.3538,Amb
R210N,0.5809,LPath
R210P,0.2702,LBen
R210Q,0.1252,LBen
R210S,0.4619,Amb
R210T,0.3167,LBen
R210V,0.3558,Amb
R210W,0.1936,LBen
R210Y,0.3437,Amb
G211A,0.1725,LBen
G211C,0.228,LBen
G211D,0.1714,LBen
G211E,0.2154,LBen
G211F,0.5161,Amb
G211H,0.2979,LBen
G211I,0.3823,Amb
G211K,0.3393,LBen
G211L,0.464,Amb
G211M,0.4549,Amb
G211N,0.1789,LBen
G211P,0.7013,LPath
G211Q,0.2839,LBen
G211R,0.2773,LBen
G211S,0.125,LBen
G211T,0.1937,LBen
G211V,0.2701,LBen
G211W,0.4179,Amb
G211Y,0.3374,LBen
T212A,0.0736,LBen
T212C,0.2061,LBen
T212D,0.2305,LBen
T212E,0.1655,LBen
T212F,0.1806,LBen
T212G,0.1698,LBen
T212H,0.1654,LBen
T212I,0.1084,LBen
T212K,0.1234,LBen
T212L,0.094,LBen
T212M,0.0814,LBen
T212N,0.1125,LBen
T212P,0.2614,LBen
T212Q,0.1356,LBen
T212R,0.1047,LBen
T212S,0.0899,LBen
T212V,0.0883,LBen
T212W,0.384,Amb
T212Y,0.1935,LBen
D213A,0.0577,LBen
D213C,0.1641,LBen
D213E,0.0698,LBen
D213F,0.2048,LBen
D213G,0.0769,LBen
D213H,0.0759,LBen
D213I,0.0941,LBen
D213K,0.073,LBen
D213L,0.1064,LBen
D213M,0.189,LBen
D213N,0.0581,LBen
D213P,0.1274,LBen
D213Q,0.0827,LBen
D213R,0.0766,LBen
D213S,0.0593,LBen
D213T,0.0739,LBen
D213V,0.0651,LBen
D213W,0.4875,Amb
D213Y,0.0931,LBen
I214A,0.3689,Amb
I214C,0.4976,Amb
I214D,0.7466,LPath
I214E,0.7098,LPath
I214F,0.1889,LBen
I214G,0.6729,LPath
I214H,0.6469,LPath
I214K,0.6053,LPath
I214L,0.0998,LBen
I214M,0.1104,LBen
I214N,0.3817,Amb
I214P,0.5732,LPath
I214Q,0.6253,LPath
I214R,0.5156,Amb
I214S,0.3993,Amb
I214T,0.335,LBen
I214V,0.067,LBen
I214W,0.7959,LPath
I214Y,0.5408,Amb
T215A,0.0748,LBen
T215C,0.2171,LBen
T215D,0.1856,LBen
T215E,0.1313,LBen
T215F,0.2359,LBen
T215G,0.1197,LBen
T215H,0.1244,LBen
T215I,0.1645,LBen
T215K,0.0773,LBen
T215L,0.0976,LBen
T215M,0.0987,LBen
T215N,0.0847,LBen
T215P,0.0783,LBen
T215Q,0.088,LBen
T215R,0.0718,LBen
T215S,0.0776,LBen
T215V,0.1237,LBen
T215W,0.4328,Amb
T215Y,0.2036,LBen
K216A,0.1639,LBen
K216C,0.3614,Amb
K216D,0.2869,LBen
K216E,0.0904,LBen
K216F,0.7981,LPath
K216G,0.2026,LBen
K216H,0.183,LBen
K216I,0.494,Amb
K216L,0.41,Amb
K216M,0.2682,LBen
K216N,0.2646,LBen
K216P,0.5703,LPath
K216Q,0.0688,LBen
K216R,0.0759,LBen
K216S,0.176,LBen
K216T,0.1335,LBen
K216V,0.3399,LBen
K216W,0.726,LPath
K216Y,0.5038,Amb
Q217A,0.624,LPath
Q217C,0.8899,LPath
Q217D,0.717,LPath
Q217E,0.195,LBen
Q217F,0.9668,LPath
Q217G,0.575,LPath
Q217H,0.2668,LBen
Q217I,0.9272,LPath
Q217K,0.5555,Amb
Q217L,0.7035,LPath
Q217M,0.7077,LPath
Q217N,0.2956,LBen
Q217P,0.3046,LBen
Q217R,0.6036,LPath
Q217S,0.463,Amb
Q217T,0.6939,LPath
Q217V,0.8539,LPath
Q217W,0.9512,LPath
Q217Y,0.8923,LPath
I218A,0.9464,LPath
I218C,0.9272,LPath
I218D,0.9977,LPath
I218E,0.9944,LPath
I218F,0.698,LPath
I218G,0.9882,LPath
I218H,0.992,LPath
I218K,0.99,LPath
I218L,0.2865,LBen
I218M,0.2721,LBen
I218N,0.9641,LPath
I218P,0.9962,LPath
I218Q,0.9905,LPath
I218R,0.9865,LPath
I218S,0.9692,LPath
I218T,0.9554,LPath
I218V,0.1202,LBen
I218W,0.9896,LPath
I218Y,0.9605,LPath
I219A,0.7383,LPath
I219C,0.7906,LPath
I219D,0.9927,LPath
I219E,0.9848,LPath
I219F,0.4742,Amb
I219G,0.9453,LPath
I219H,0.9726,LPath
I219K,0.9779,LPath
I219L,0.1291,LBen
I219M,0.1995,LBen
I219N,0.9336,LPath
I219P,0.9815,LPath
I219Q,0.9701,LPath
I219R,0.9608,LPath
I219S,0.8604,LPath
I219T,0.7457,LPath
I219V,0.0684,LBen
I219W,0.97,LPath
I219Y,0.8995,LPath
I220A,0.6085,LPath
I220C,0.872,LPath
I220D,0.995,LPath
I220E,0.988,LPath
I220F,0.5507,Amb
I220G,0.9599,LPath
I220H,0.9857,LPath
I220K,0.9853,LPath
I220L,0.3093,LBen
I220M,0.2648,LBen
I220N,0.956,LPath
I220P,0.9723,LPath
I220Q,0.9816,LPath
I220R,0.9686,LPath
I220S,0.7833,LPath
I220T,0.3099,LBen
I220V,0.0857,LBen
I220W,0.9812,LPath
I220Y,0.964,LPath
G221A,0.7336,LPath
G221C,0.9341,LPath
G221D,0.9916,LPath
G221E,0.9962,LPath
G221F,0.9971,LPath
G221H,0.9985,LPath
G221I,0.9938,LPath
G221K,0.9981,LPath
G221L,0.9937,LPath
G221M,0.9968,LPath
G221N,0.9965,LPath
G221P,0.9991,LPath
G221Q,0.9961,LPath
G221R,0.9904,LPath
G221S,0.8088,LPath
G221T,0.9737,LPath
G221V,0.9836,LPath
G221W,0.9955,LPath
G221Y,0.9976,LPath
T222A,0.777,LPath
T222C,0.8953,LPath
T222D,0.9923,LPath
T222E,0.982,LPath
T222F,0.9616,LPath
T222G,0.9563,LPath
T222H,0.9395,LPath
T222I,0.9009,LPath
T222K,0.9284,LPath
T222L,0.7843,LPath
T222M,0.5735,LPath
T222N,0.8601,LPath
T222P,0.7436,LPath
T222Q,0.9474,LPath
T222R,0.9134,LPath
T222S,0.7288,LPath
T222V,0.8308,LPath
T222W,0.9949,LPath
T222Y,0.974,LPath
P223A,0.5722,LPath
P223C,0.9491,LPath
P223D,0.9959,LPath
P223E,0.9867,LPath
P223F,0.9935,LPath
P223G,0.9528,LPath
P223H,0.9648,LPath
P223I,0.9342,LPath
P223K,0.99,LPath
P223L,0.7992,LPath
P223M,0.9454,LPath
P223N,0.9865,LPath
P223Q,0.9591,LPath
P223R,0.9588,LPath
P223S,0.8228,LPath
P223T,0.7009,LPath
P223V,0.8342,LPath
P223W,0.9968,LPath
P223Y,0.9947,LPath
G224A,0.6676,LPath
G224C,0.8749,LPath
G224D,0.9782,LPath
G224E,0.9733,LPath
G224F,0.9791,LPath
G224H,0.981,LPath
G224I,0.9626,LPath
G224K,0.972,LPath
G224L,0.9659,LPath
G224M,0.9661,LPath
G224N,0.9543,LPath
G224P,0.9938,LPath
G224Q,0.9496,LPath
G224R,0.9164,LPath
G224S,0.5688,LPath
G224T,0.8954,LPath
G224V,0.9087,LPath
G224W,0.9625,LPath
G224Y,0.9757,LPath
T225A,0.2748,LBen
T225C,0.6246,LPath
T225D,0.9422,LPath
T225E,0.893,LPath
T225F,0.7558,LPath
T225G,0.6444,LPath
T225H,0.6201,LPath
T225I,0.6184,LPath
T225K,0.3959,Amb
T225L,0.3617,Amb
T225M,0.1898,LBen
T225N,0.5336,Amb
T225P,0.7901,LPath
T225Q,0.5866,LPath
T225R,0.3217,LBen
T225S,0.3419,Amb
T225V,0.4151,Amb
T225W,0.8927,LPath
T225Y,0.6935,LPath
V226A,0.3187,LBen
V226C,0.7923,LPath
V226D,0.9718,LPath
V226E,0.9367,LPath
V226F,0.3716,Amb
V226G,0.5946,LPath
V226H,0.9717,LPath
V226I,0.086,LBen
V226K,0.9626,LPath
V226L,0.1706,LBen
V226M,0.1144,LBen
V226N,0.88,LPath
V226P,0.9868,LPath
V226Q,0.9118,LPath
V226R,0.951,LPath
V226S,0.552,Amb
V226T,0.2577,LBen
V226W,0.9775,LPath
V226Y,0.9246,LPath
L227A,0.2917,LBen
L227C,0.4914,Amb
L227D,0.904,LPath
L227E,0.6392,LPath
L227F,0.2302,LBen
L227G,0.5613,Amb
L227H,0.377,Amb
L227I,0.1358,LBen
L227K,0.4735,Amb
L227M,0.1184,LBen
L227N,0.5386,Amb
L227P,0.9123,LPath
L227Q,0.2303,LBen
L227R,0.3258,LBen
L227S,0.3339,LBen
L227T,0.2783,LBen
L227V,0.1274,LBen
L227W,0.3215,LBen
L227Y,0.4662,Amb
D228A,0.6972,LPath
D228C,0.9361,LPath
D228E,0.5671,LPath
D228F,0.9053,LPath
D228G,0.6299,LPath
D228H,0.7756,LPath
D228I,0.911,LPath
D228K,0.9187,LPath
D228L,0.8269,LPath
D228M,0.9486,LPath
D228N,0.4247,Amb
D228P,0.9847,LPath
D228Q,0.7927,LPath
D228R,0.8667,LPath
D228S,0.4864,Amb
D228T,0.7988,LPath
D228V,0.7966,LPath
D228W,0.9698,LPath
D228Y,0.5972,LPath
W229A,0.711,LPath
W229C,0.7523,LPath
W229D,0.9768,LPath
W229E,0.9797,LPath
W229F,0.317,LBen
W229G,0.5717,LPath
W229H,0.8917,LPath
W229I,0.7825,LPath
W229K,0.9805,LPath
W229L,0.4087,Amb
W229M,0.7369,LPath
W229N,0.9412,LPath
W229P,0.9958,LPath
W229Q,0.9579,LPath
W229R,0.9536,LPath
W229S,0.6323,LPath
W229T,0.7964,LPath
W229V,0.7443,LPath
W229Y,0.5227,Amb
C230A,0.3148,LBen
C230D,0.9363,LPath
C230E,0.9538,LPath
C230F,0.3087,LBen
C230G,0.1844,LBen
C230H,0.6888,LPath
C230I,0.4907,Amb
C230K,0.9172,LPath
C230L,0.5034,Amb
C230M,0.6592,LPath
C230N,0.7379,LPath
C230P,0.9844,LPath
C230Q,0.8163,LPath
C230R,0.7437,LPath
C230S,0.2648,LBen
C230T,0.4577,Amb
C230V,0.4154,Amb
C230W,0.6791,LPath
C230Y,0.3776,Amb
F231A,0.5282,Amb
F231C,0.2402,LBen
F231D,0.8101,LPath
F231E,0.7963,LPath
F231G,0.63,LPath
F231H,0.4583,Amb
F231I,0.2401,LBen
F231K,0.7027,LPath
F231L,0.6808,LPath
F231M,0.4281,Amb
F231N,0.553,Amb
F231P,0.9701,LPath
F231Q,0.5805,LPath
F231R,0.522,Amb
F231S,0.3829,Amb
F231T,0.4258,Amb
F231V,0.2256,LBen
F231W,0.3778,Amb
F231Y,0.162,LBen
K232A,0.9041,LPath
K232C,0.879,LPath
K232D,0.9486,LPath
K232E,0.8516,LPath
K232F,0.9695,LPath
K232G,0.8645,LPath
K232H,0.4969,Amb
K232I,0.9093,LPath
K232L,0.8423,LPath
K232M,0.8613,LPath
K232N,0.9011,LPath
K232P,0.9341,LPath
K232Q,0.4474,Amb
K232R,0.0829,LBen
K232S,0.8841,LPath
K232T,0.7881,LPath
K232V,0.8776,LPath
K232W,0.9143,LPath
K232Y,0.8928,LPath
L233A,0.208,LBen
L233C,0.2185,LBen
L233D,0.5402,Amb
L233E,0.2421,LBen
L233F,0.1152,LBen
L233G,0.2313,LBen
L233H,0.1063,LBen
L233I,0.1529,LBen
L233K,0.0995,LBen
L233M,0.0952,LBen
L233N,0.217,LBen
L233P,0.5864,LPath
L233Q,0.0691,LBen
L233R,0.0741,LBen
L233S,0.2542,LBen
L233T,0.204,LBen
L233V,0.1475,LBen
L233W,0.1028,LBen
L233Y,0.1278,LBen
K234A,0.3866,Amb
K234C,0.4088,Amb
K234D,0.4106,Amb
K234E,0.2353,LBen
K234F,0.7783,LPath
K234G,0.2268,LBen
K234H,0.144,LBen
K234I,0.6676,LPath
K234L,0.5103,Amb
K234M,0.4109,Amb
K234N,0.2578,LBen
K234P,0.511,Amb
K234Q,0.1154,LBen
K234R,0.0668,LBen
K234S,0.328,LBen
K234T,0.3074,LBen
K234V,0.5913,LPath
K234W,0.6414,LPath
K234Y,0.5262,Amb
L235A,0.2053,LBen
L235C,0.2755,LBen
L235D,0.744,LPath
L235E,0.4292,Amb
L235F,0.1223,LBen
L235G,0.4327,Amb
L235H,0.1952,LBen
L235I,0.0943,LBen
L235K,0.2293,LBen
L235M,0.0961,LBen
L235N,0.3476,Amb
L235P,0.7874,LPath
L235Q,0.1439,LBen
L235R,0.1569,LBen
L235S,0.2907,LBen
L235T,0.2262,LBen
L235V,0.0907,LBen
L235W,0.2018,LBen
L235Y,0.2332,LBen
I236A,0.3451,Amb
I236C,0.6639,LPath
I236D,0.9375,LPath
I236E,0.902,LPath
I236F,0.1165,LBen
I236G,0.7799,LPath
I236H,0.8261,LPath
I236K,0.8157,LPath
I236L,0.078,LBen
I236M,0.0762,LBen
I236N,0.7314,LPath
I236P,0.7737,LPath
I236Q,0.8069,LPath
I236R,0.7193,LPath
I236S,0.5727,LPath
I236T,0.2846,LBen
I236V,0.0847,LBen
I236W,0.7306,LPath
I236Y,0.634,LPath
D237A,0.2065,LBen
D237C,0.4488,Amb
D237E,0.249,LBen
D237F,0.6872,LPath
D237G,0.3287,LBen
D237H,0.2615,LBen
D237I,0.3656,Amb
D237K,0.3923,Amb
D237L,0.4414,Amb
D237M,0.6067,LPath
D237N,0.0945,LBen
D237P,0.4592,Amb
D237Q,0.3415,Amb
D237R,0.405,Amb
D237S,0.1272,LBen
D237T,0.2715,LBen
D237V,0.2307,LBen
D237W,0.8874,LPath
D237Y,0.2493,LBen
L238A,0.2511,LBen
L238C,0.4297,Amb
L238D,0.8596,LPath
L238E,0.6583,LPath
L238F,0.2025,LBen
L238G,0.5506,Amb
L238H,0.4487,Amb
L238I,0.0839,LBen
L238K,0.4609,Amb
L238M,0.1072,LBen
L238N,0.5918,LPath
L238P,0.1294,LBen
L238Q,0.3663,Amb
L238R,0.3639,Amb
L238S,0.4003,Amb
L238T,0.1957,LBen
L238V,0.0811,LBen
L238W,0.4368,Amb
L238Y,0.53,Amb
T239A,0.0609,LBen
T239C,0.1664,LBen
T239D,0.1646,LBen
T239E,0.1157,LBen
T239F,0.1904,LBen
T239G,0.0903,LBen
T239H,0.1001,LBen
T239I,0.1529,LBen
T239K,0.0663,LBen
T239L,0.0828,LBen
T239M,0.0883,LBen
T239N,0.0712,LBen
T239P,0.1067,LBen
T239Q,0.0869,LBen
T239R,0.0609,LBen
T239S,0.0602,LBen
T239V,0.1231,LBen
T239W,0.3354,LBen
T239Y,0.1598,LBen
K240A,0.3056,LBen
K240C,0.5013,Amb
K240D,0.5681,LPath
K240E,0.1847,LBen
K240F,0.7873,LPath
K240G,0.3265,LBen
K240H,0.2747,LBen
K240I,0.5936,LPath
K240L,0.3818,Amb
K240M,0.2589,LBen
K240N,0.3717,Amb
K240P,0.8787,LPath
K240Q,0.1141,LBen
K240R,0.0781,LBen
K240S,0.3707,Amb
K240T,0.2544,LBen
K240V,0.4469,Amb
K240W,0.726,LPath
K240Y,0.5926,LPath
I241A,0.7864,LPath
I241C,0.7895,LPath
I241D,0.986,LPath
I241E,0.9661,LPath
I241F,0.5617,Amb
I241G,0.9399,LPath
I241H,0.9665,LPath
I241K,0.9396,LPath
I241L,0.1688,LBen
I241M,0.1479,LBen
I241N,0.8087,LPath
I241P,0.9673,LPath
I241Q,0.9326,LPath
I241R,0.927,LPath
I241S,0.7954,LPath
I241T,0.6849,LPath
I241V,0.1029,LBen
I241W,0.9758,LPath
I241Y,0.9169,LPath
R242A,0.1593,LBen
R242C,0.0975,LBen
R242D,0.3034,LBen
R242E,0.1734,LBen
R242F,0.3662,Amb
R242G,0.1258,LBen
R242H,0.0774,LBen
R242I,0.1691,LBen
R242K,0.0747,LBen
R242L,0.1518,LBen
R242M,0.1779,LBen
R242N,0.2379,LBen
R242P,0.668,LPath
R242Q,0.0749,LBen
R242S,0.1627,LBen
R242T,0.0905,LBen
R242V,0.2009,LBen
R242W,0.1642,LBen
R242Y,0.2438,LBen
V243A,0.4028,Amb
V243C,0.7401,LPath
V243D,0.8894,LPath
V243E,0.8267,LPath
V243F,0.3847,Amb
V243G,0.4467,Amb
V243H,0.935,LPath
V243I,0.0917,LBen
V243K,0.9313,LPath
V243L,0.2655,LBen
V243M,0.1881,LBen
V243N,0.7234,LPath
V243P,0.9691,LPath
V243Q,0.8397,LPath
V243R,0.8988,LPath
V243S,0.5024,Amb
V243T,0.3944,Amb
V243W,0.9589,LPath
V243Y,0.8395,LPath
F244A,0.8728,LPath
F244C,0.546,Amb
F244D,0.9953,LPath
F244E,0.9958,LPath
F244G,0.9577,LPath
F244H,0.9683,LPath
F244I,0.5478,Amb
F244K,0.9949,LPath
F244L,0.8714,LPath
F244M,0.7071,LPath
F244N,0.9782,LPath
F244P,0.9989,LPath
F244Q,0.9895,LPath
F244R,0.986,LPath
F244S,0.9047,LPath
F244T,0.9268,LPath
F244V,0.5052,Amb
F244W,0.7728,LPath
F244Y,0.4623,Amb
V245A,0.6693,LPath
V245C,0.8403,LPath
V245D,0.9924,LPath
V245E,0.9895,LPath
V245F,0.9368,LPath
V245G,0.8565,LPath
V245H,0.9955,LPath
V245I,0.1637,LBen
V245K,0.995,LPath
V245L,0.8603,LPath
V245M,0.857,LPath
V245N,0.9765,LPath
V245P,0.9916,LPath
V245Q,0.9835,LPath
V245R,0.9845,LPath
V245S,0.7657,LPath
V245T,0.7026,LPath
V245W,0.999,LPath
V245Y,0.9938,LPath
L246A,0.8251,LPath
L246C,0.7911,LPath
L246D,0.998,LPath
L246E,0.9862,LPath
L246F,0.5378,Amb
L246G,0.9749,LPath
L246H,0.9676,LPath
L246I,0.2874,LBen
L246K,0.9832,LPath
L246M,0.2703,LBen
L246N,0.988,LPath
L246P,0.9892,LPath
L246Q,0.9455,LPath
L246R,0.9602,LPath
L246S,0.9593,LPath
L246T,0.9104,LPath
L246V,0.3251,LBen
L246W,0.8517,LPath
L246Y,0.9412,LPath
D247A,0.9896,LPath
D247C,0.9981,LPath
D247E,0.9872,LPath
D247F,0.9974,LPath
D247G,0.9771,LPath
D247H,0.991,LPath
D247I,0.9954,LPath
D247K,0.9948,LPath
D247L,0.9848,LPath
D247M,0.9981,LPath
D247N,0.9714,LPath
D247P,0.998,LPath
D247Q,0.9935,LPath
D247R,0.9909,LPath
D247S,0.9696,LPath
D247T,0.9937,LPath
D247V,0.9886,LPath
D247W,0.9974,LPath
D247Y,0.9829,LPath
E248A,0.9943,LPath
E248C,0.9989,LPath
E248D,0.9933,LPath
E248F,0.9997,LPath
E248G,0.9922,LPath
E248H,0.9987,LPath
E248I,0.9988,LPath
E248K,0.9881,LPath
E248L,0.9987,LPath
E248M,0.9926,LPath
E248N,0.9963,LPath
E248P,1.0,LPath
E248Q,0.9889,LPath
E248R,0.9927,LPath
E248S,0.9973,LPath
E248T,0.9978,LPath
E248V,0.9965,LPath
E248W,0.9998,LPath
E248Y,0.9997,LPath
A249C,0.9092,LPath
A249D,0.9938,LPath
A249E,0.994,LPath
A249F,0.9771,LPath
A249G,0.6781,LPath
A249H,0.9963,LPath
A249I,0.9653,LPath
A249K,0.9981,LPath
A249L,0.9216,LPath
A249M,0.9138,LPath
A249N,0.9917,LPath
A249P,0.9943,LPath
A249Q,0.9895,LPath
A249R,0.99,LPath
A249S,0.486,Amb
A249T,0.8595,LPath
A249V,0.8626,LPath
A249W,0.9965,LPath
A249Y,0.9914,LPath
D250A,0.9888,LPath
D250C,0.999,LPath
D250E,0.993,LPath
D250F,0.9973,LPath
D250G,0.9868,LPath
D250H,0.9922,LPath
D250I,0.9983,LPath
D250K,0.997,LPath
D250L,0.9971,LPath
D250M,0.9989,LPath
D250N,0.9669,LPath
D250P,0.999,LPath
D250Q,0.9972,LPath
D250R,0.9938,LPath
D250S,0.9784,LPath
D250T,0.9969,LPath
D250V,0.9935,LPath
D250W,0.9993,LPath
D250Y,0.9879,LPath
V251A,0.6733,LPath
V251C,0.8647,LPath
V251D,0.8664,LPath
V251E,0.6798,LPath
V251F,0.4293,Amb
V251G,0.6874,LPath
V251H,0.8604,LPath
V251I,0.0859,LBen
V251K,0.7877,LPath
V251L,0.4967,Amb
V251M,0.2786,LBen
V251N,0.6055,LPath
V251P,0.9935,LPath
V251Q,0.6697,LPath
V251R,0.7005,LPath
V251S,0.6858,LPath
V251T,0.5792,LPath
V251W,0.9534,LPath
V251Y,0.8152,LPath
M252A,0.979,LPath
M252C,0.9722,LPath
M252D,0.9993,LPath
M252E,0.9947,LPath
M252F,0.955,LPath
M252G,0.9948,LPath
M252H,0.9956,LPath
M252I,0.9703,LPath
M252K,0.9868,LPath
M252L,0.4275,Amb
M252N,0.9933,LPath
M252P,0.9986,LPath
M252Q,0.9673,LPath
M252R,0.9888,LPath
M252S,0.9843,LPath
M252T,0.975,LPath
M252V,0.7671,LPath
M252W,0.9953,LPath
M252Y,0.9958,LPath
I253A,0.7351,LPath
I253C,0.939,LPath
I253D,0.99,LPath
I253E,0.9629,LPath
I253F,0.5867,LPath
I253G,0.9461,LPath
I253H,0.9671,LPath
I253K,0.9027,LPath
I253L,0.1967,LBen
I253M,0.1479,LBen
I253N,0.9178,LPath
I253P,0.9728,LPath
I253Q,0.9257,LPath
I253R,0.8268,LPath
I253S,0.8595,LPath
I253T,0.5838,LPath
I253V,0.1888,LBen
I253W,0.9356,LPath
I253Y,0.9305,LPath
D254A,0.0892,LBen
D254C,0.6468,LPath
D254E,0.3045,LBen
D254F,0.6893,LPath
D254G,0.1405,LBen
D254H,0.3212,LBen
D254I,0.7111,LPath
D254K,0.562,Amb
D254L,0.5294,Amb
D254M,0.7002,LPath
D254N,0.1208,LBen
D254P,0.9091,LPath
D254Q,0.3968,Amb
D254R,0.4841,Amb
D254S,0.0855,LBen
D254T,0.2965,LBen
D254V,0.4762,Amb
D254W,0.9171,LPath
D254Y,0.3178,LBen
T255A,0.0997,LBen
T255C,0.3631,Amb
T255D,0.5481,Amb
T255E,0.2993,LBen
T255F,0.3406,Amb
T255G,0.2774,LBen
T255H,0.2554,LBen
T255I,0.1878,LBen
T255K,0.1345,LBen
T255L,0.0997,LBen
T255M,0.0848,LBen
T255N,0.1853,LBen
T255P,0.5084,Amb
T255Q,0.1546,LBen
T255R,0.1154,LBen
T255S,0.1454,LBen
T255V,0.1503,LBen
T255W,0.6338,LPath
T255Y,0.3529,Amb
Q256A,0.2587,LBen
Q256C,0.8939,LPath
Q256D,0.5587,Amb
Q256E,0.1641,LBen
Q256F,0.8831,LPath
Q256G,0.2955,LBen
Q256H,0.5479,Amb
Q256I,0.7122,LPath
Q256K,0.2262,LBen
Q256L,0.3377,LBen
Q256M,0.4996,Amb
Q256N,0.4652,Amb
Q256P,0.252,LBen
Q256R,0.202,LBen
Q256S,0.2809,LBen
Q256T,0.3292,LBen
Q256V,0.4804,Amb
Q256W,0.8354,LPath
Q256Y,0.7885,LPath
G257A,0.4778,Amb
G257C,0.5297,Amb
G257D,0.8022,LPath
G257E,0.8727,LPath
G257F,0.9069,LPath
G257H,0.8041,LPath
G257I,0.7924,LPath
G257K,0.9246,LPath
G257L,0.8758,LPath
G257M,0.8684,LPath
G257N,0.4813,Amb
G257P,0.9808,LPath
G257Q,0.832,LPath
G257R,0.8465,LPath
G257S,0.2494,LBen
G257T,0.5644,LPath
G257V,0.6915,LPath
G257W,0.8115,LPath
G257Y,0.7862,LPath
F258A,0.9172,LPath
F258C,0.5548,Amb
F258D,0.9602,LPath
F258E,0.9734,LPath
F258G,0.9407,LPath
F258H,0.5654,LPath
F258I,0.7087,LPath
F258K,0.9452,LPath
F258L,0.914,LPath
F258M,0.7248,LPath
F258N,0.8191,LPath
F258P,0.9956,LPath
F258Q,0.9055,LPath
F258R,0.9033,LPath
F258S,0.8597,LPath
F258T,0.9511,LPath
F258V,0.7306,LPath
F258W,0.6587,LPath
F258Y,0.1468,LBen
S259A,0.0651,LBen
S259C,0.0963,LBen
S259D,0.7433,LPath
S259E,0.5754,LPath
S259F,0.2706,LBen
S259G,0.0873,LBen
S259H,0.3154,LBen
S259I,0.2618,LBen
S259K,0.5235,Amb
S259L,0.1106,LBen
S259M,0.2251,LBen
S259N,0.302,LBen
S259P,0.4635,Amb
S259Q,0.354,Amb
S259R,0.3791,Amb
S259T,0.1155,LBen
S259V,0.2412,LBen
S259W,0.3135,LBen
S259Y,0.2311,LBen
D260A,0.3395,LBen
D260C,0.8312,LPath
D260E,0.3677,Amb
D260F,0.8036,LPath
D260G,0.4102,Amb
D260H,0.5715,LPath
D260I,0.6616,LPath
D260K,0.7472,LPath
D260L,0.6978,LPath
D260M,0.8246,LPath
D260N,0.2169,LBen
D260P,0.904,LPath
D260Q,0.6043,LPath
D260R,0.7126,LPath
D260S,0.2149,LBen
D260T,0.4465,Amb
D260V,0.4644,Amb
D260W,0.953,LPath
D260Y,0.4554,Amb
H261A,0.2935,LBen
H261C,0.2841,LBen
H261D,0.3668,Amb
H261E,0.377,Amb
H261F,0.4241,Amb
H261G,0.4341,Amb
H261I,0.3237,LBen
H261K,0.3825,Amb
H261L,0.1362,LBen
H261M,0.4047,Amb
H261N,0.1233,LBen
H261P,0.3995,Amb
H261Q,0.1053,LBen
H261R,0.2291,LBen
H261S,0.2442,LBen
H261T,0.2927,LBen
H261V,0.2782,LBen
H261W,0.6346,LPath
H261Y,0.1576,LBen
S262A,0.1602,LBen
S262C,0.1145,LBen
S262D,0.9851,LPath
S262E,0.9874,LPath
S262F,0.9078,LPath
S262G,0.2817,LBen
S262H,0.9658,LPath
S262I,0.5672,LPath
S262K,0.9973,LPath
S262L,0.4397,Amb
S262M,0.6141,LPath
S262N,0.8416,LPath
S262P,0.9568,LPath
S262Q,0.9771,LPath
S262R,0.9927,LPath
S262T,0.1722,LBen
S262V,0.4477,Amb
S262W,0.967,LPath
S262Y,0.9168,LPath
I263A,0.6209,LPath
I263C,0.7773,LPath
I263D,0.9545,LPath
I263E,0.8344,LPath
I263F,0.2335,LBen
I263G,0.8449,LPath
I263H,0.7533,LPath
I263K,0.603,LPath
I263L,0.1393,LBen
I263M,0.146,LBen
I263N,0.6902,LPath
I263P,0.9639,LPath
I263Q,0.6477,LPath
I263R,0.4632,Amb
I263S,0.6037,LPath
I263T,0.515,Amb
I263V,0.0908,LBen
I263W,0.8023,LPath
I263Y,0.6256,LPath
R264A,0.7816,LPath
R264C,0.2869,LBen
R264D,0.9349,LPath
R264E,0.7617,LPath
R264F,0.8262,LPath
R264G,0.6717,LPath
R264H,0.2405,LBen
R264I,0.6827,LPath
R264K,0.2568,LBen
R264L,0.5488,Amb
R264M,0.6964,LPath
R264N,0.8973,LPath
R264P,0.9538,LPath
R264Q,0.2061,LBen
R264S,0.8533,LPath
R264T,0.7391,LPath
R264V,0.7534,LPath
R264W,0.3438,Amb
R264Y,0.6317,LPath
I265A,0.9065,LPath
I265C,0.9207,LPath
I265D,0.9968,LPath
I265E,0.9892,LPath
I265F,0.5971,LPath
I265G,0.9798,LPath
I265H,0.9837,LPath
I265K,0.9798,LPath
I265L,0.1837,LBen
I265M,0.2167,LBen
I265N,0.9471,LPath
I265P,0.9902,LPath
I265Q,0.9754,LPath
I265R,0.9726,LPath
I265S,0.9327,LPath
I265T,0.8931,LPath
I265V,0.1468,LBen
I265W,0.9833,LPath
I265Y,0.9405,LPath
Q266A,0.3886,Amb
Q266C,0.5959,LPath
Q266D,0.9192,LPath
Q266E,0.2383,LBen
Q266F,0.7575,LPath
Q266G,0.477,Amb
Q266H,0.2633,LBen
Q266I,0.6322,LPath
Q266K,0.1331,LBen
Q266L,0.2476,LBen
Q266M,0.5473,Amb
Q266N,0.6732,LPath
Q266P,0.7324,LPath
Q266R,0.1039,LBen
Q266S,0.443,Amb
Q266T,0.4764,Amb
Q266V,0.4563,Amb
Q266W,0.6293,LPath
Q266Y,0.5109,Amb
R267A,0.5407,Amb
R267C,0.2365,LBen
R267D,0.7406,LPath
R267E,0.4418,Amb
R267F,0.7405,LPath
R267G,0.288,LBen
R267H,0.1257,LBen
R267I,0.6085,LPath
R267K,0.1136,LBen
R267L,0.4075,Amb
R267M,0.4305,Amb
R267N,0.6091,LPath
R267P,0.9359,LPath
R267Q,0.1233,LBen
R267S,0.6175,LPath
R267T,0.4747,Amb
R267V,0.6397,LPath
R267W,0.2625,LBen
R267Y,0.4687,Amb
A268C,0.2427,LBen
A268D,0.2647,LBen
A268E,0.1845,LBen
A268F,0.1904,LBen
A268G,0.1163,LBen
A268H,0.2584,LBen
A268I,0.1841,LBen
A268K,0.2626,LBen
A268L,0.1334,LBen
A268M,0.1513,LBen
A268N,0.184,LBen
A268P,0.7631,LPath
A268Q,0.2026,LBen
A268R,0.231,LBen
A268S,0.083,LBen
A268T,0.0875,LBen
A268V,0.105,LBen
A268W,0.5261,Amb
A268Y,0.254,LBen
L269A,0.6975,LPath
L269C,0.6697,LPath
L269D,0.9952,LPath
L269E,0.9662,LPath
L269F,0.5115,Amb
L269G,0.9323,LPath
L269H,0.9137,LPath
L269I,0.1451,LBen
L269K,0.9346,LPath
L269M,0.151,LBen
L269N,0.9559,LPath
L269P,0.9509,LPath
L269Q,0.8354,LPath
L269R,0.8844,LPath
L269S,0.839,LPath
L269T,0.6666,LPath
L269V,0.1472,LBen
L269W,0.8892,LPath
L269Y,0.9358,LPath
P270A,0.1097,LBen
P270C,0.2781,LBen
P270D,0.3171,LBen
P270E,0.3546,Amb
P270F,0.5063,Amb
P270G,0.2011,LBen
P270H,0.1568,LBen
P270I,0.376,Amb
P270K,0.2633,LBen
P270L,0.1759,LBen
P270M,0.3681,Amb
P270N,0.2197,LBen
P270Q,0.1888,LBen
P270R,0.176,LBen
P270S,0.0954,LBen
P270T,0.114,LBen
P270V,0.2555,LBen
P270W,0.5827,LPath
P270Y,0.3926,Amb
S271A,0.0602,LBen
S271C,0.0772,LBen
S271D,0.1295,LBen
S271E,0.1438,LBen
S271F,0.12,LBen
S271G,0.0692,LBen
S271H,0.1106,LBen
S271I,0.0932,LBen
S271K,0.1131,LBen
S271L,0.0665,LBen
S271M,0.1221,LBen
S271N,0.0769,LBen
S271P,0.0532,LBen
S271Q,0.1368,LBen
S271R,0.1032,LBen
S271T,0.0686,LBen
S271V,0.0946,LBen
S271W,0.1711,LBen
S271Y,0.1022,LBen
E272A,0.0808,LBen
E272C,0.3518,Amb
E272D,0.0673,LBen
E272F,0.3793,Amb
E272G,0.0673,LBen
E272H,0.1368,LBen
E272I,0.1924,LBen
E272K,0.0793,LBen
E272L,0.2011,LBen
E272M,0.2497,LBen
E272N,0.0987,LBen
E272P,0.3092,LBen
E272Q,0.0822,LBen
E272R,0.1089,LBen
E272S,0.0783,LBen
E272T,0.0893,LBen
E272V,0.1299,LBen
E272W,0.5232,Amb
E272Y,0.25,LBen
C273A,0.6643,LPath
C273D,0.9653,LPath
C273E,0.9794,LPath
C273F,0.808,LPath
C273G,0.4358,Amb
C273H,0.934,LPath
C273I,0.724,LPath
C273K,0.9713,LPath
C273L,0.7931,LPath
C273M,0.8816,LPath
C273N,0.8686,LPath
C273P,0.9391,LPath
C273Q,0.9431,LPath
C273R,0.8679,LPath
C273S,0.5788,LPath
C273T,0.6357,LPath
C273V,0.5961,LPath
C273W,0.94,LPath
C273Y,0.8457,LPath
Q274A,0.8115,LPath
Q274C,0.9763,LPath
Q274D,0.9595,LPath
Q274E,0.4088,Amb
Q274F,0.9903,LPath
Q274G,0.8395,LPath
Q274H,0.9223,LPath
Q274I,0.9119,LPath
Q274K,0.7178,LPath
Q274L,0.7622,LPath
Q274M,0.8382,LPath
Q274N,0.8684,LPath
Q274P,0.7291,LPath
Q274R,0.7129,LPath
Q274S,0.7188,LPath
Q274T,0.775,LPath
Q274V,0.8633,LPath
Q274W,0.9908,LPath
Q274Y,0.99,LPath
M275A,0.6206,LPath
M275C,0.6549,LPath
M275D,0.9411,LPath
M275E,0.7721,LPath
M275F,0.4132,Amb
M275G,0.7623,LPath
M275H,0.5982,LPath
M275I,0.4615,Amb
M275K,0.2266,LBen
M275L,0.1492,LBen
M275N,0.6659,LPath
M275P,0.9616,LPath
M275Q,0.3772,Amb
M275R,0.2632,LBen
M275S,0.5744,LPath
M275T,0.3984,Amb
M275V,0.1478,LBen
M275W,0.763,LPath
M275Y,0.6543,LPath
L276A,0.8238,LPath
L276C,0.7924,LPath
L276D,0.9963,LPath
L276E,0.9776,LPath
L276F,0.6447,LPath
L276G,0.9407,LPath
L276H,0.9471,LPath
L276I,0.3014,LBen
L276K,0.9743,LPath
L276M,0.2356,LBen
L276N,0.9678,LPath
L276P,0.9834,LPath
L276Q,0.8992,LPath
L276R,0.9475,LPath
L276S,0.9392,LPath
L276T,0.9146,LPath
L276V,0.2967,LBen
L276W,0.9265,LPath
L276Y,0.9255,LPath
L277A,0.8947,LPath
L277C,0.7601,LPath
L277D,0.998,LPath
L277E,0.9924,LPath
L277F,0.3241,LBen
L277G,0.9682,LPath
L277H,0.9434,LPath
L277I,0.4066,Amb
L277K,0.9843,LPath
L277M,0.3217,LBen
L277N,0.9849,LPath
L277P,0.9823,LPath
L277Q,0.944,LPath
L277R,0.9482,LPath
L277S,0.9598,LPath
L277T,0.9449,LPath
L277V,0.4275,Amb
L277W,0.8569,LPath
L277Y,0.8735,LPath
F278A,0.9824,LPath
F278C,0.8839,LPath
F278D,0.9967,LPath
F278E,0.9973,LPath
F278G,0.9888,LPath
F278H,0.9813,LPath
F278I,0.9224,LPath
F278K,0.9976,LPath
F278L,0.9835,LPath
F278M,0.9622,LPath
F278N,0.9897,LPath
F278P,0.9989,LPath
F278Q,0.9939,LPath
F278R,0.9913,LPath
F278S,0.9669,LPath
F278T,0.9856,LPath
F278V,0.8879,LPath
F278W,0.9304,LPath
F278Y,0.8046,LPath
S279A,0.785,LPath
S279C,0.8793,LPath
S279D,0.9961,LPath
S279E,0.995,LPath
S279F,0.9883,LPath
S279G,0.8439,LPath
S279H,0.9879,LPath
S279I,0.9935,LPath
S279K,0.9993,LPath
S279L,0.9483,LPath
S279M,0.9785,LPath
S279N,0.9922,LPath
S279P,0.9893,LPath
S279Q,0.9938,LPath
S279R,0.9976,LPath
S279T,0.746,LPath
S279V,0.9887,LPath
S279W,0.9799,LPath
S279Y,0.9883,LPath
A280C,0.9462,LPath
A280D,0.9866,LPath
A280E,0.9753,LPath
A280F,0.9482,LPath
A280G,0.9042,LPath
A280H,0.9803,LPath
A280I,0.9754,LPath
A280K,0.9904,LPath
A280L,0.8913,LPath
A280M,0.9334,LPath
A280N,0.9667,LPath
A280P,0.9761,LPath
A280Q,0.9629,LPath
A280R,0.9334,LPath
A280S,0.4684,Amb
A280T,0.7489,LPath
A280V,0.9099,LPath
A280W,0.9944,LPath
A280Y,0.9819,LPath
T281A,0.8469,LPath
T281C,0.9767,LPath
T281D,0.9926,LPath
T281E,0.9885,LPath
T281F,0.9835,LPath
T281G,0.9677,LPath
T281H,0.9651,LPath
T281I,0.9581,LPath
T281K,0.9627,LPath
T281L,0.9097,LPath
T281M,0.8112,LPath
T281N,0.9406,LPath
T281P,0.932,LPath
T281Q,0.9661,LPath
T281R,0.9313,LPath
T281S,0.8181,LPath
T281V,0.8838,LPath
T281W,0.9959,LPath
T281Y,0.987,LPath
F282A,0.9631,LPath
F282C,0.9382,LPath
F282D,0.9904,LPath
F282E,0.9921,LPath
F282G,0.979,LPath
F282H,0.9728,LPath
F282I,0.8621,LPath
F282K,0.9921,LPath
F282L,0.9839,LPath
F282M,0.8835,LPath
F282N,0.9706,LPath
F282P,0.9982,LPath
F282Q,0.9859,LPath
F282R,0.9797,LPath
F282S,0.9379,LPath
F282T,0.9624,LPath
F282V,0.8206,LPath
F282W,0.7967,LPath
F282Y,0.3998,Amb
E283A,0.1989,LBen
E283C,0.856,LPath
E283D,0.185,LBen
E283F,0.9062,LPath
E283G,0.1578,LBen
E283H,0.4878,Amb
E283I,0.7014,LPath
E283K,0.1665,LBen
E283L,0.5863,LPath
E283M,0.6674,LPath
E283N,0.3362,LBen
E283P,0.5204,Amb
E283Q,0.157,LBen
E283R,0.241,LBen
E283S,0.2018,LBen
E283T,0.2777,LBen
E283V,0.4287,Amb
E283W,0.9484,LPath
E283Y,0.8112,LPath
D284A,0.1322,LBen
D284C,0.5663,LPath
D284E,0.1041,LBen
D284F,0.5921,LPath
D284G,0.1394,LBen
D284H,0.2241,LBen
D284I,0.3529,Amb
D284K,0.2179,LBen
D284L,0.3371,LBen
D284M,0.4826,Amb
D284N,0.0962,LBen
D284P,0.319,LBen
D284Q,0.2027,LBen
D284R,0.2679,LBen
D284S,0.1116,LBen
D284T,0.1851,LBen
D284V,0.2049,LBen
D284W,0.8302,LPath
D284Y,0.2609,LBen
S285A,0.0667,LBen
S285C,0.1552,LBen
S285D,0.201,LBen
S285E,0.2672,LBen
S285F,0.2636,LBen
S285G,0.0875,LBen
S285H,0.2245,LBen
S285I,0.2028,LBen
S285K,0.3412,Amb
S285L,0.1309,LBen
S285M,0.1957,LBen
S285N,0.1154,LBen
S285P,0.1266,LBen
S285Q,0.2852,LBen
S285R,0.317,LBen
S285T,0.0737,LBen
S285V,0.1696,LBen
S285W,0.3767,Amb
S285Y,0.2219,LBen
V286A,0.7239,LPath
V286C,0.9236,LPath
V286D,0.9568,LPath
V286E,0.9264,LPath
V286F,0.7479,LPath
V286G,0.8,LPath
V286H,0.9722,LPath
V286I,0.1335,LBen
V286K,0.9346,LPath
V286L,0.6904,LPath
V286M,0.6231,LPath
V286N,0.9143,LPath
V286P,0.9555,LPath
V286Q,0.9025,LPath
V286R,0.8873,LPath
V286S,0.7943,LPath
V286T,0.627,LPath
V286W,0.9913,LPath
V286Y,0.9714,LPath
W287A,0.4144,Amb
W287C,0.4705,Amb
W287D,0.7983,LPath
W287E,0.6612,LPath
W287F,0.2233,LBen
W287G,0.3041,LBen
W287H,0.5029,Amb
W287I,0.3329,LBen
W287K,0.5246,Amb
W287L,0.1707,LBen
W287M,0.3006,LBen
W287N,0.6941,LPath
W287P,0.9529,LPath
W287Q,0.4738,Amb
W287R,0.4513,Amb
W287S,0.3495,Amb
W287T,0.4088,Amb
W287V,0.3207,LBen
W287Y,0.333,LBen
H288A,0.1026,LBen
H288C,0.0937,LBen
H288D,0.1078,LBen
H288E,0.1004,LBen
H288F,0.2301,LBen
H288G,0.1166,LBen
H288I,0.1718,LBen
H288K,0.0754,LBen
H288L,0.0713,LBen
H288M,0.1981,LBen
H288N,0.072,LBen
H288P,0.2978,LBen
H288Q,0.0672,LBen
H288R,0.0557,LBen
H288S,0.0978,LBen
H288T,0.1003,LBen
H288V,0.1377,LBen
H288W,0.2445,LBen
H288Y,0.0983,LBen
F289A,0.9567,LPath
F289C,0.9265,LPath
F289D,0.989,LPath
F289E,0.9903,LPath
F289G,0.9848,LPath
F289H,0.9435,LPath
F289I,0.7602,LPath
F289K,0.9843,LPath
F289L,0.9726,LPath
F289M,0.8812,LPath
F289N,0.9816,LPath
F289P,0.9992,LPath
F289Q,0.9784,LPath
F289R,0.9645,LPath
F289S,0.957,LPath
F289T,0.9371,LPath
F289V,0.7423,LPath
F289W,0.8404,LPath
F289Y,0.5127,Amb
A290C,0.7432,LPath
A290D,0.9938,LPath
A290E,0.9783,LPath
A290F,0.9583,LPath
A290G,0.5872,LPath
A290H,0.9806,LPath
A290I,0.8451,LPath
A290K,0.9839,LPath
A290L,0.791,LPath
A290M,0.8168,LPath
A290N,0.9832,LPath
A290P,0.9799,LPath
A290Q,0.9358,LPath
A290R,0.9412,LPath
A290S,0.3235,LBen
A290T,0.5037,Amb
A290V,0.5785,LPath
A290W,0.9884,LPath
A290Y,0.9809,LPath
E291A,0.1338,LBen
E291C,0.6183,LPath
E291D,0.1902,LBen
E291F,0.7117,LPath
E291G,0.0892,LBen
E291H,0.2855,LBen
E291I,0.3921,Amb
E291K,0.0856,LBen
E291L,0.3119,LBen
E291M,0.3648,Amb
E291N,0.211,LBen
E291P,0.8649,LPath
E291Q,0.0762,LBen
E291R,0.1225,LBen
E291S,0.1367,LBen
E291T,0.1706,LBen
E291V,0.2472,LBen
E291W,0.7781,LPath
E291Y,0.5234,Amb
R292A,0.3253,LBen
R292C,0.1536,LBen
R292D,0.4774,Amb
R292E,0.2665,LBen
R292F,0.5262,Amb
R292G,0.1883,LBen
R292H,0.0918,LBen
R292I,0.2976,LBen
R292K,0.092,LBen
R292L,0.2299,LBen
R292M,0.2354,LBen
R292N,0.3631,Amb
R292P,0.8651,LPath
R292Q,0.0806,LBen
R292S,0.3476,Amb
R292T,0.2026,LBen
R292V,0.3478,Amb
R292W,0.1901,LBen
R292Y,0.308,LBen
I293A,0.7164,LPath
I293C,0.7417,LPath
I293D,0.9683,LPath
I293E,0.9212,LPath
I293F,0.3224,LBen
I293G,0.9163,LPath
I293H,0.8587,LPath
I293K,0.8417,LPath
I293L,0.1356,LBen
I293M,0.1322,LBen
I293N,0.7057,LPath
I293P,0.9781,LPath
I293Q,0.8473,LPath
I293R,0.7595,LPath
I293S,0.7149,LPath
I293T,0.6458,LPath
I293V,0.1029,LBen
I293W,0.8981,LPath
I293Y,0.7738,LPath
I294A,0.7098,LPath
I294C,0.7858,LPath
I294D,0.984,LPath
I294E,0.9749,LPath
I294F,0.6566,LPath
I294G,0.9487,LPath
I294H,0.9519,LPath
I294K,0.9616,LPath
I294L,0.2978,LBen
I294M,0.296,LBen
I294N,0.8138,LPath
I294P,0.9656,LPath
I294Q,0.9424,LPath
I294R,0.9241,LPath
I294S,0.6274,LPath
I294T,0.5922,LPath
I294V,0.0841,LBen
I294W,0.9879,LPath
I294Y,0.9501,LPath
P295A,0.0817,LBen
P295C,0.2868,LBen
P295D,0.3533,Amb
P295E,0.2397,LBen
P295F,0.4011,Amb
P295G,0.2369,LBen
P295H,0.1251,LBen
P295I,0.2649,LBen
P295K,0.1521,LBen
P295L,0.1204,LBen
P295M,0.2646,LBen
P295N,0.2751,LBen
P295Q,0.1252,LBen
P295R,0.0994,LBen
P295S,0.1132,LBen
P295T,0.0935,LBen
P295V,0.184,LBen
P295W,0.4633,Amb
P295Y,0.3474,Amb
D296A,0.0854,LBen
D296C,0.2458,LBen
D296E,0.093,LBen
D296F,0.2791,LBen
D296G,0.1387,LBen
D296H,0.1013,LBen
D296I,0.166,LBen
D296K,0.1523,LBen
D296L,0.1771,LBen
D296M,0.2694,LBen
D296N,0.0669,LBen
D296P,0.6724,LPath
D296Q,0.1167,LBen
D296R,0.1546,LBen
D296S,0.0812,LBen
D296T,0.1164,LBen
D296V,0.1029,LBen
D296W,0.6515,LPath
D296Y,0.1095,LBen
P297A,0.1083,LBen
P297C,0.5308,Amb
P297D,0.9467,LPath
P297E,0.8744,LPath
P297F,0.854,LPath
P297G,0.5894,LPath
P297H,0.4832,Amb
P297I,0.8463,LPath
P297K,0.818,LPath
P297L,0.6179,LPath
P297M,0.8145,LPath
P297N,0.8633,LPath
P297Q,0.667,LPath
P297R,0.5989,LPath
P297S,0.3072,LBen
P297T,0.3887,Amb
P297V,0.6405,LPath
P297W,0.8935,LPath
P297Y,0.7712,LPath
N298A,0.2461,LBen
N298C,0.191,LBen
N298D,0.3431,Amb
N298E,0.6526,LPath
N298F,0.6426,LPath
N298G,0.4515,Amb
N298H,0.1335,LBen
N298I,0.1442,LBen
N298K,0.5532,Amb
N298L,0.2478,LBen
N298M,0.3083,LBen
N298P,0.8854,LPath
N298Q,0.5018,Amb
N298R,0.4716,Amb
N298S,0.0894,LBen
N298T,0.1291,LBen
N298V,0.1268,LBen
N298W,0.8451,LPath
N298Y,0.2271,LBen
V299A,0.3098,LBen
V299C,0.6692,LPath
V299D,0.5629,Amb
V299E,0.324,LBen
V299F,0.2131,LBen
V299G,0.4214,Amb
V299H,0.6178,LPath
V299I,0.067,LBen
V299K,0.3995,Amb
V299L,0.2198,LBen
V299M,0.1337,LBen
V299N,0.4084,Amb
V299P,0.9368,LPath
V299Q,0.3806,Amb
V299R,0.3768,Amb
V299S,0.3525,Amb
V299T,0.2207,LBen
V299W,0.8301,LPath
V299Y,0.5546,Amb
I300A,0.9605,LPath
I300C,0.9488,LPath
I300D,0.9962,LPath
I300E,0.9844,LPath
I300F,0.4548,Amb
I300G,0.9898,LPath
I300H,0.97,LPath
I300K,0.9582,LPath
I300L,0.2031,LBen
I300M,0.2008,LBen
I300N,0.9553,LPath
I300P,0.9886,LPath
I300Q,0.9575,LPath
I300R,0.9283,LPath
I300S,0.9593,LPath
I300T,0.9601,LPath
I300V,0.2531,LBen
I300W,0.9318,LPath
I300Y,0.8914,LPath
K301A,0.4981,Amb
K301C,0.5436,Amb
K301D,0.8903,LPath
K301E,0.3515,Amb
K301F,0.7899,LPath
K301G,0.6566,LPath
K301H,0.3151,LBen
K301I,0.4612,Amb
K301L,0.4016,Amb
K301M,0.256,LBen
K301N,0.7162,LPath
K301P,0.9354,LPath
K301Q,0.1389,LBen
K301R,0.0713,LBen
K301S,0.5537,Amb
K301T,0.1815,LBen
K301V,0.4158,Amb
K301W,0.7282,LPath
K301Y,0.6362,LPath
L302A,0.9389,LPath
L302C,0.9502,LPath
L302D,0.9963,LPath
L302E,0.9664,LPath
L302F,0.8789,LPath
L302G,0.9741,LPath
L302H,0.964,LPath
L302I,0.3746,Amb
L302K,0.9334,LPath
L302M,0.4635,Amb
L302N,0.9701,LPath
L302P,0.9685,LPath
L302Q,0.8999,LPath
L302R,0.8749,LPath
L302S,0.9801,LPath
L302T,0.9317,LPath
L302V,0.3719,Amb
L302W,0.9273,LPath
L302Y,0.96,LPath
R303A,0.5532,Amb
R303C,0.2026,LBen
R303D,0.8434,LPath
R303E,0.4814,Amb
R303F,0.7908,LPath
R303G,0.4003,Amb
R303H,0.1448,LBen
R303I,0.568,LPath
R303K,0.1058,LBen
R303L,0.3026,LBen
R303M,0.4237,Amb
R303N,0.7617,LPath
R303P,0.6795,LPath
R303Q,0.1029,LBen
R303S,0.7015,LPath
R303T,0.5197,Amb
R303V,0.6134,LPath
R303W,0.2844,LBen
R303Y,0.5759,LPath
K304A,0.4191,Amb
K304C,0.7152,LPath
K304D,0.6769,LPath
K304E,0.1858,LBen
K304F,0.8855,LPath
K304G,0.5253,Amb
K304H,0.3432,Amb
K304I,0.4973,Amb
K304L,0.4819,Amb
K304M,0.3443,Amb
K304N,0.5872,LPath
K304P,0.5461,Amb
K304Q,0.1347,LBen
K304R,0.0726,LBen
K304S,0.5242,Amb
K304T,0.2514,LBen
K304V,0.4157,Amb
K304W,0.7355,LPath
K304Y,0.7396,LPath
E305A,0.406,Amb
E305C,0.9633,LPath
E305D,0.2806,LBen
E305F,0.9749,LPath
E305G,0.4031,Amb
E305H,0.798,LPath
E305I,0.8028,LPath
E305K,0.467,Amb
E305L,0.8893,LPath
E305M,0.8547,LPath
E305N,0.5301,Amb
E305P,0.913,LPath
E305Q,0.3286,LBen
E305R,0.6306,LPath
E305S,0.4644,Amb
E305T,0.5175,Amb
E305V,0.594,LPath
E305W,0.9808,LPath
E305Y,0.9231,LPath
E306A,0.4572,Amb
E306C,0.9738,LPath
E306D,0.3191,LBen
E306F,0.9573,LPath
E306G,0.602,LPath
E306H,0.8886,LPath
E306I,0.8819,LPath
E306K,0.7601,LPath
E306L,0.8785,LPath
E306M,0.8486,LPath
E306N,0.6822,LPath
E306P,0.9875,LPath
E306Q,0.4392,Amb
E306R,0.8291,LPath
E306S,0.6311,LPath
E306T,0.7302,LPath
E306V,0.6927,LPath
E306W,0.9875,LPath
E306Y,0.9117,LPath
L307A,0.7102,LPath
L307C,0.8682,LPath
L307D,0.9704,LPath
L307E,0.4804,Amb
L307F,0.7792,LPath
L307G,0.8973,LPath
L307H,0.8797,LPath
L307I,0.2912,LBen
L307K,0.7234,LPath
L307M,0.2011,LBen
L307N,0.8485,LPath
L307P,0.9571,LPath
L307Q,0.4612,Amb
L307R,0.6904,LPath
L307S,0.872,LPath
L307T,0.6826,LPath
L307V,0.2334,LBen
L307W,0.8529,LPath
L307Y,0.894,LPath
T308A,0.2046,LBen
T308C,0.664,LPath
T308D,0.847,LPath
T308E,0.778,LPath
T308F,0.6856,LPath
T308G,0.5579,Amb
T308H,0.56,Amb
T308I,0.5631,Amb
T308K,0.6011,LPath
T308L,0.3003,LBen
T308M,0.1983,LBen
T308N,0.3299,LBen
T308P,0.3402,Amb
T308Q,0.4805,Amb
T308R,0.5065,Amb
T308S,0.2127,LBen
T308V,0.3848,Amb
T308W,0.9275,LPath
T308Y,0.7171,LPath
L309A,0.8938,LPath
L309C,0.9482,LPath
L309D,0.9948,LPath
L309E,0.9667,LPath
L309F,0.9134,LPath
L309G,0.9706,LPath
L309H,0.9579,LPath
L309I,0.3829,Amb
L309K,0.9223,LPath
L309M,0.5713,LPath
L309N,0.947,LPath
L309P,0.9599,LPath
L309Q,0.8967,LPath
L309R,0.8367,LPath
L309S,0.9509,LPath
L309T,0.8672,LPath
L309V,0.2943,LBen
L309W,0.9575,LPath
L309Y,0.9799,LPath
N310A,0.1297,LBen
N310C,0.1927,LBen
N310D,0.0765,LBen
N310E,0.1866,LBen
N310F,0.4959,Amb
N310G,0.1519,LBen
N310H,0.0803,LBen
N310I,0.2284,LBen
N310K,0.1438,LBen
N310L,0.2108,LBen
N310M,0.3075,LBen
N310P,0.3382,LBen
N310Q,0.1767,LBen
N310R,0.1684,LBen
N310S,0.0659,LBen
N310T,0.0912,LBen
N310V,0.2162,LBen
N310W,0.6593,LPath
N310Y,0.1692,LBen
N311A,0.4285,Amb
N311C,0.3753,Amb
N311D,0.4264,Amb
N311E,0.8152,LPath
N311F,0.8471,LPath
N311G,0.4751,Amb
N311H,0.2235,LBen
N311I,0.5018,Amb
N311K,0.7514,LPath
N311L,0.5408,Amb
N311M,0.6318,LPath
N311P,0.8917,LPath
N311Q,0.7006,LPath
N311R,0.6778,LPath
N311S,0.1252,LBen
N311T,0.1685,LBen
N311V,0.4384,Amb
N311W,0.9519,LPath
N311Y,0.4506,Amb
I312A,0.9879,LPath
I312C,0.9866,LPath
I312D,0.9982,LPath
I312E,0.9946,LPath
I312F,0.9637,LPath
I312G,0.9967,LPath
I312H,0.9943,LPath
I312K,0.9857,LPath
I312L,0.6949,LPath
I312M,0.7873,LPath
I312N,0.9736,LPath
I312P,0.9936,LPath
I312Q,0.9898,LPath
I312R,0.9793,LPath
I312S,0.9754,LPath
I312T,0.9416,LPath
I312V,0.2942,LBen
I312W,0.9978,LPath
I312Y,0.9927,LPath
R313A,0.487,Amb
R313C,0.1599,LBen
R313D,0.7372,LPath
R313E,0.381,Amb
R313F,0.6373,LPath
R313G,0.362,Amb
R313H,0.1075,LBen
R313I,0.362,Amb
R313K,0.1085,LBen
R313L,0.3118,LBen
R313M,0.3917,Amb
R313N,0.6046,LPath
R313P,0.941,LPath
R313Q,0.0909,LBen
R313S,0.478,Amb
R313T,0.2781,LBen
R313V,0.4323,Amb
R313W,0.2565,LBen
R313Y,0.4437,Amb
Q314A,0.8931,LPath
Q314C,0.9915,LPath
Q314D,0.9857,LPath
Q314E,0.6708,LPath
Q314F,0.9936,LPath
Q314G,0.9119,LPath
Q314H,0.9452,LPath
Q314I,0.9734,LPath
Q314K,0.9224,LPath
Q314L,0.9042,LPath
Q314M,0.9083,LPath
Q314N,0.859,LPath
Q314P,0.9706,LPath
Q314R,0.9357,LPath
Q314S,0.8187,LPath
Q314T,0.888,LPath
Q314V,0.9589,LPath
Q314W,0.9961,LPath
Q314Y,0.9939,LPath
Y315A,0.9273,LPath
Y315C,0.3538,Amb
Y315D,0.9454,LPath
Y315E,0.9744,LPath
Y315F,0.0982,LBen
Y315G,0.8667,LPath
Y315H,0.5253,Amb
Y315I,0.8391,LPath
Y315K,0.9504,LPath
Y315L,0.8068,LPath
Y315M,0.8762,LPath
Y315N,0.7197,LPath
Y315P,0.9977,LPath
Y315Q,0.9236,LPath
Y315R,0.8902,LPath
Y315S,0.8198,LPath
Y315T,0.9361,LPath
Y315V,0.7699,LPath
Y315W,0.6186,LPath
Y316A,0.8229,LPath
Y316C,0.2853,LBen
Y316D,0.9345,LPath
Y316E,0.9728,LPath
Y316F,0.0887,LBen
Y316G,0.8418,LPath
Y316H,0.4245,Amb
Y316I,0.797,LPath
Y316K,0.9356,LPath
Y316L,0.8173,LPath
Y316M,0.8517,LPath
Y316N,0.738,LPath
Y316P,0.9941,LPath
Y316Q,0.8821,LPath
Y316R,0.8165,LPath
Y316S,0.6005,LPath
Y316T,0.8352,LPath
Y316V,0.6477,LPath
Y316W,0.4291,Amb
V317A,0.6074,LPath
V317C,0.7062,LPath
V317D,0.9617,LPath
V317E,0.9215,LPath
V317F,0.1937,LBen
V317G,0.7443,LPath
V317H,0.9402,LPath
V317I,0.082,LBen
V317K,0.9453,LPath
V317L,0.3077,LBen
V317M,0.2449,LBen
V317N,0.9005,LPath
V317P,0.9923,LPath
V317Q,0.8824,LPath
V317R,0.9055,LPath
V317S,0.7265,LPath
V317T,0.6522,LPath
V317W,0.9426,LPath
V317Y,0.7704,LPath
L318A,0.2301,LBen
L318C,0.3561,Amb
L318D,0.6001,LPath
L318E,0.2473,LBen
L318F,0.1568,LBen
L318G,0.5854,LPath
L318H,0.2092,LBen
L318I,0.0786,LBen
L318K,0.1547,LBen
L318M,0.1097,LBen
L318N,0.3362,LBen
L318P,0.3548,Amb
L318Q,0.1321,LBen
L318R,0.1324,LBen
L318S,0.2859,LBen
L318T,0.1956,LBen
L318V,0.0785,LBen
L318W,0.312,LBen
L318Y,0.3192,LBen
C319A,0.8513,LPath
C319D,0.9948,LPath
C319E,0.9968,LPath
C319F,0.8177,LPath
C319G,0.7369,LPath
C319H,0.9807,LPath
C319I,0.9197,LPath
C319K,0.9972,LPath
C319L,0.9025,LPath
C319M,0.9484,LPath
C319N,0.975,LPath
C319P,0.9943,LPath
C319Q,0.9892,LPath
C319R,0.9741,LPath
C319S,0.8068,LPath
C319T,0.8106,LPath
C319V,0.7603,LPath
C319W,0.9796,LPath
C319Y,0.9602,LPath
E320A,0.1049,LBen
E320C,0.5127,Amb
E320D,0.0947,LBen
E320F,0.5548,Amb
E320G,0.0896,LBen
E320H,0.1876,LBen
E320I,0.2716,LBen
E320K,0.0697,LBen
E320L,0.2564,LBen
E320M,0.3246,LBen
E320N,0.1249,LBen
E320P,0.2293,LBen
E320Q,0.0767,LBen
E320R,0.0973,LBen
E320S,0.1057,LBen
E320T,0.1248,LBen
E320V,0.1792,LBen
E320W,0.6591,LPath
E320Y,0.353,Amb
H321A,0.1217,LBen
H321C,0.1112,LBen
H321D,0.0644,LBen
H321E,0.1255,LBen
H321F,0.2656,LBen
H321G,0.1055,LBen
H321I,0.2883,LBen
H321K,0.0947,LBen
H321L,0.134,LBen
H321M,0.2638,LBen
H321N,0.0388,LBen
H321P,0.5309,Amb
H321Q,0.0949,LBen
H321R,0.0785,LBen
H321S,0.066,LBen
H321T,0.0761,LBen
H321V,0.2008,LBen
H321W,0.4058,Amb
H321Y,0.1075,LBen
R322A,0.4167,Amb
R322C,0.2715,LBen
R322D,0.6236,LPath
R322E,0.2853,LBen
R322F,0.6206,LPath
R322G,0.318,LBen
R322H,0.1505,LBen
R322I,0.2757,LBen
R322K,0.0853,LBen
R322L,0.2895,LBen
R322M,0.3048,LBen
R322N,0.5937,LPath
R322P,0.4049,Amb
R322Q,0.0968,LBen
R322S,0.4906,Amb
R322T,0.2716,LBen
R322V,0.3541,Amb
R322W,0.23,LBen
R322Y,0.4355,Amb
K323A,0.1633,LBen
K323C,0.4871,Amb
K323D,0.197,LBen
K323E,0.0848,LBen
K323F,0.5308,Amb
K323G,0.2071,LBen
K323H,0.1997,LBen
K323I,0.2146,LBen
K323L,0.2158,LBen
K323M,0.161,LBen
K323N,0.1765,LBen
K323P,0.3223,LBen
K323Q,0.0905,LBen
K323R,0.0775,LBen
K323S,0.1833,LBen
K323T,0.1179,LBen
K323V,0.1927,LBen
K323W,0.4833,Amb
K323Y,0.3985,Amb
D324A,0.1186,LBen
D324C,0.5164,Amb
D324E,0.118,LBen
D324F,0.616,LPath
D324G,0.1313,LBen
D324H,0.2389,LBen
D324I,0.403,Amb
D324K,0.3143,LBen
D324L,0.3652,Amb
D324M,0.4965,Amb
D324N,0.1227,LBen
D324P,0.8987,LPath
D324Q,0.1937,LBen
D324R,0.3716,Amb
D324S,0.1184,LBen
D324T,0.2424,LBen
D324V,0.2335,LBen
D324W,0.8287,LPath
D324Y,0.2483,LBen
K325A,0.981,LPath
K325C,0.979,LPath
K325D,0.9973,LPath
K325E,0.9642,LPath
K325F,0.9993,LPath
K325G,0.9924,LPath
K325H,0.9558,LPath
K325I,0.9813,LPath
K325L,0.9839,LPath
K325M,0.9471,LPath
K325N,0.9946,LPath
K325P,0.9975,LPath
K325Q,0.8127,LPath
K325R,0.1929,LBen
K325S,0.992,LPath
K325T,0.9604,LPath
K325V,0.9746,LPath
K325W,0.9982,LPath
K325Y,0.9959,LPath
Y326A,0.9744,LPath
Y326C,0.8223,LPath
Y326D,0.9841,LPath
Y326E,0.9879,LPath
Y326F,0.1871,LBen
Y326G,0.9638,LPath
Y326H,0.85,LPath
Y326I,0.9119,LPath
Y326K,0.9581,LPath
Y326L,0.8023,LPath
Y326M,0.9306,LPath
Y326N,0.9297,LPath
Y326P,0.9965,LPath
Y326Q,0.9674,LPath
Y326R,0.9237,LPath
Y326S,0.9591,LPath
Y326T,0.9824,LPath
Y326V,0.8782,LPath
Y326W,0.8146,LPath
Q327A,0.1476,LBen
Q327C,0.477,Amb
Q327D,0.2094,LBen
Q327E,0.0715,LBen
Q327F,0.4767,Amb
Q327G,0.2197,LBen
Q327H,0.1438,LBen
Q327I,0.2574,LBen
Q327K,0.0735,LBen
Q327L,0.0954,LBen
Q327M,0.2435,LBen
Q327N,0.1764,LBen
Q327P,0.6307,LPath
Q327R,0.071,LBen
Q327S,0.1799,LBen
Q327T,0.1329,LBen
Q327V,0.1789,LBen
Q327W,0.418,Amb
Q327Y,0.3126,LBen
A328C,0.6518,LPath
A328D,0.9264,LPath
A328E,0.8563,LPath
A328F,0.7526,LPath
A328G,0.4117,Amb
A328H,0.8676,LPath
A328I,0.6447,LPath
A328K,0.9435,LPath
A328L,0.5979,LPath
A328M,0.5538,Amb
A328N,0.7866,LPath
A328P,0.9941,LPath
A328Q,0.8074,LPath
A328R,0.9039,LPath
A328S,0.1624,LBen
A328T,0.2735,LBen
A328V,0.3566,Amb
A328W,0.9617,LPath
A328Y,0.8389,LPath
L329A,0.9405,LPath
L329C,0.9511,LPath
L329D,0.9997,LPath
L329E,0.9983,LPath
L329F,0.8969,LPath
L329G,0.9957,LPath
L329H,0.9959,LPath
L329I,0.1767,LBen
L329K,0.9966,LPath
L329M,0.4904,Amb
L329N,0.9971,LPath
L329P,0.9977,LPath
L329Q,0.9924,LPath
L329R,0.9926,LPath
L329S,0.9908,LPath
L329T,0.9319,LPath
L329V,0.2414,LBen
L329W,0.9929,LPath
L329Y,0.994,LPath
C330A,0.5836,LPath
C330D,0.9572,LPath
C330E,0.9126,LPath
C330F,0.7628,LPath
C330G,0.4189,Amb
C330H,0.812,LPath
C330I,0.6796,LPath
C330K,0.8179,LPath
C330L,0.6316,LPath
C330M,0.7623,LPath
C330N,0.7861,LPath
C330P,0.998,LPath
C330Q,0.6607,LPath
C330R,0.5172,Amb
C330S,0.4487,Amb
C330T,0.5522,Amb
C330V,0.527,Amb
C330W,0.8996,LPath
C330Y,0.7947,LPath
N331A,0.6995,LPath
N331C,0.6575,LPath
N331D,0.3284,LBen
N331E,0.8159,LPath
N331F,0.9375,LPath
N331G,0.6986,LPath
N331H,0.3371,LBen
N331I,0.8336,LPath
N331K,0.8483,LPath
N331L,0.7322,LPath
N331M,0.8451,LPath
N331P,0.9934,LPath
N331Q,0.7794,LPath
N331R,0.7582,LPath
N331S,0.186,LBen
N331T,0.5185,Amb
N331V,0.7807,LPath
N331W,0.9686,LPath
N331Y,0.6313,LPath
I332A,0.9184,LPath
I332C,0.9275,LPath
I332D,0.9964,LPath
I332E,0.9933,LPath
I332F,0.4881,Amb
I332G,0.988,LPath
I332H,0.9836,LPath
I332K,0.9817,LPath
I332L,0.1381,LBen
I332M,0.2134,LBen
I332N,0.9584,LPath
I332P,0.9973,LPath
I332Q,0.984,LPath
I332R,0.9704,LPath
I332S,0.9495,LPath
I332T,0.8768,LPath
I332V,0.135,LBen
I332W,0.978,LPath
I332Y,0.9277,LPath
Y333A,0.9723,LPath
Y333C,0.7041,LPath
Y333D,0.9836,LPath
Y333E,0.9959,LPath
Y333F,0.1765,LBen
Y333G,0.9464,LPath
Y333H,0.9142,LPath
Y333I,0.9423,LPath
Y333K,0.9943,LPath
Y333L,0.8165,LPath
Y333M,0.9352,LPath
Y333N,0.9367,LPath
Y333P,0.9952,LPath
Y333Q,0.9915,LPath
Y333R,0.975,LPath
Y333S,0.8869,LPath
Y333T,0.9658,LPath
Y333V,0.8979,LPath
Y333W,0.7763,LPath
G334A,0.3818,Amb
G334C,0.7203,LPath
G334D,0.9036,LPath
G334E,0.9016,LPath
G334F,0.9728,LPath
G334H,0.9295,LPath
G334I,0.9396,LPath
G334K,0.9539,LPath
G334L,0.9409,LPath
G334M,0.9548,LPath
G334N,0.8531,LPath
G334P,0.9975,LPath
G334Q,0.8702,LPath
G334R,0.8582,LPath
G334S,0.2771,LBen
G334T,0.7198,LPath
G334V,0.8704,LPath
G334W,0.9523,LPath
G334Y,0.9507,LPath
S335A,0.087,LBen
S335C,0.0945,LBen
S335D,0.8492,LPath
S335E,0.8537,LPath
S335F,0.6829,LPath
S335G,0.075,LBen
S335H,0.7691,LPath
S335I,0.3727,Amb
S335K,0.9474,LPath
S335L,0.3611,Amb
S335M,0.4212,Amb
S335N,0.4055,Amb
S335P,0.9652,LPath
S335Q,0.8239,LPath
S335R,0.9041,LPath
S335T,0.128,LBen
S335V,0.2842,LBen
S335W,0.8011,LPath
S335Y,0.6159,LPath
I336A,0.7969,LPath
I336C,0.8347,LPath
I336D,0.9854,LPath
I336E,0.9685,LPath
I336F,0.3626,Amb
I336G,0.9587,LPath
I336H,0.9405,LPath
I336K,0.9199,LPath
I336L,0.1337,LBen
I336M,0.1545,LBen
I336N,0.8613,LPath
I336P,0.9835,LPath
I336Q,0.92,LPath
I336R,0.8817,LPath
I336S,0.8446,LPath
I336T,0.7687,LPath
I336V,0.1005,LBen
I336W,0.9419,LPath
I336Y,0.8606,LPath
T337A,0.2305,LBen
T337C,0.718,LPath
T337D,0.8724,LPath
T337E,0.8717,LPath
T337F,0.8332,LPath
T337G,0.5201,Amb
T337H,0.7143,LPath
T337I,0.6972,LPath
T337K,0.7952,LPath
T337L,0.4789,Amb
T337M,0.2833,LBen
T337N,0.4186,Amb
T337P,0.3896,Amb
T337Q,0.685,LPath
T337R,0.7068,LPath
T337S,0.2381,LBen
T337V,0.4787,Amb
T337W,0.9552,LPath
T337Y,0.8586,LPath
I338A,0.595,LPath
I338C,0.9445,LPath
I338D,0.9934,LPath
I338E,0.9754,LPath
I338F,0.6984,LPath
I338G,0.966,LPath
I338H,0.983,LPath
I338K,0.9593,LPath
I338L,0.4607,Amb
I338M,0.3139,LBen
I338N,0.9381,LPath
I338P,0.9418,LPath
I338Q,0.9632,LPath
I338R,0.9318,LPath
I338S,0.8074,LPath
I338T,0.358,Amb
I338V,0.0621,LBen
I338W,0.9842,LPath
I338Y,0.9706,LPath
G339A,0.4074,Amb
G339C,0.7784,LPath
G339D,0.9774,LPath
G339E,0.9793,LPath
G339F,0.9866,LPath
G339H,0.9817,LPath
G339I,0.9784,LPath
G339K,0.9898,LPath
G339L,0.9693,LPath
G339M,0.9757,LPath
G339N,0.9628,LPath
G339P,0.9932,LPath
G339Q,0.9621,LPath
G339R,0.9523,LPath
G339S,0.4257,Amb
G339T,0.8538,LPath
G339V,0.9452,LPath
G339W,0.972,LPath
G339Y,0.9839,LPath
Q340A,0.7261,LPath
Q340C,0.9891,LPath
Q340D,0.9885,LPath
Q340E,0.6384,LPath
Q340F,0.9955,LPath
Q340G,0.8068,LPath
Q340H,0.9659,LPath
Q340I,0.9796,LPath
Q340K,0.8392,LPath
Q340L,0.9201,LPath
Q340M,0.8564,LPath
Q340N,0.8684,LPath
Q340P,0.9638,LPath
Q340R,0.8942,LPath
Q340S,0.5303,Amb
Q340T,0.8366,LPath
Q340V,0.958,LPath
Q340W,0.9967,LPath
Q340Y,0.9949,LPath
A341C,0.6563,LPath
A341D,0.9926,LPath
A341E,0.9901,LPath
A341F,0.9588,LPath
A341G,0.4618,Amb
A341H,0.9915,LPath
A341I,0.8782,LPath
A341K,0.9976,LPath
A341L,0.7934,LPath
A341M,0.7494,LPath
A341N,0.9638,LPath
A341P,0.998,LPath
A341Q,0.9756,LPath
A341R,0.9926,LPath
A341S,0.2464,LBen
A341T,0.4005,Amb
A341V,0.5848,LPath
A341W,0.9974,LPath
A341Y,0.9868,LPath
I342A,0.9495,LPath
I342C,0.963,LPath
I342D,0.9984,LPath
I342E,0.9951,LPath
I342F,0.6945,LPath
I342G,0.9964,LPath
I342H,0.9947,LPath
I342K,0.9933,LPath
I342L,0.3833,Amb
I342M,0.1515,LBen
I342N,0.9799,LPath
I342P,0.998,LPath
I342Q,0.9885,LPath
I342R,0.9906,LPath
I342S,0.9674,LPath
I342T,0.9602,LPath
I342V,0.1199,LBen
I342W,0.9933,LPath
I342Y,0.9821,LPath
I343A,0.9844,LPath
I343C,0.9761,LPath
I343D,0.9997,LPath
I343E,0.9995,LPath
I343F,0.9344,LPath
I343G,0.9984,LPath
I343H,0.9989,LPath
I343K,0.9991,LPath
I343L,0.6995,LPath
I343M,0.8023,LPath
I343N,0.9946,LPath
I343P,0.9992,LPath
I343Q,0.9989,LPath
I343R,0.998,LPath
I343S,0.9884,LPath
I343T,0.9798,LPath
I343V,0.1446,LBen
I343W,0.9993,LPath
I343Y,0.995,LPath
F344A,0.9989,LPath
F344C,0.9957,LPath
F344D,0.9996,LPath
F344E,0.9997,LPath
F344G,0.9992,LPath
F344H,0.9948,LPath
F344I,0.9958,LPath
F344K,0.9996,LPath
F344L,0.9996,LPath
F344M,0.9976,LPath
F344N,0.9982,LPath
F344P,0.9999,LPath
F344Q,0.9993,LPath
F344R,0.9982,LPath
F344S,0.9971,LPath
F344T,0.9988,LPath
F344V,0.9951,LPath
F344W,0.9803,LPath
F344Y,0.8806,LPath
C345A,0.9377,LPath
C345D,0.9995,LPath
C345E,0.9997,LPath
C345F,0.9791,LPath
C345G,0.9242,LPath
C345H,0.9982,LPath
C345I,0.9339,LPath
C345K,0.9998,LPath
C345L,0.9515,LPath
C345M,0.9849,LPath
C345N,0.9954,LPath
C345P,0.999,LPath
C345Q,0.9986,LPath
C345R,0.9962,LPath
C345S,0.9101,LPath
C345T,0.8614,LPath
C345V,0.7223,LPath
C345W,0.9987,LPath
C345Y,0.9969,LPath
Q346A,0.3487,Amb
Q346C,0.7465,LPath
Q346D,0.695,LPath
Q346E,0.1324,LBen
Q346F,0.8709,LPath
Q346G,0.3708,Amb
Q346H,0.3052,LBen
Q346I,0.8153,LPath
Q346K,0.1233,LBen
Q346L,0.3674,Amb
Q346M,0.6266,LPath
Q346N,0.4334,Amb
Q346P,0.6106,LPath
Q346R,0.111,LBen
Q346S,0.3927,Amb
Q346T,0.4717,Amb
Q346V,0.6311,LPath
Q346W,0.8189,LPath
Q346Y,0.6981,LPath
T347A,0.6112,LPath
T347C,0.8639,LPath
T347D,0.7738,LPath
T347E,0.7605,LPath
T347F,0.8742,LPath
T347G,0.6295,LPath
T347H,0.5632,Amb
T347I,0.9532,LPath
T347K,0.4917,Amb
T347L,0.7826,LPath
T347M,0.5054,Amb
T347N,0.3272,LBen
T347P,0.9288,LPath
T347Q,0.5073,Amb
T347R,0.4691,Amb
T347S,0.2699,LBen
T347V,0.8626,LPath
T347W,0.9266,LPath
T347Y,0.7674,LPath
R348A,0.9119,LPath
R348C,0.5144,Amb
R348D,0.9862,LPath
R348E,0.8935,LPath
R348F,0.9577,LPath
R348G,0.8585,LPath
R348H,0.4858,Amb
R348I,0.7691,LPath
R348K,0.243,LBen
R348L,0.7837,LPath
R348M,0.8713,LPath
R348N,0.9727,LPath
R348P,0.943,LPath
R348Q,0.3366,LBen
R348S,0.9457,LPath
R348T,0.8756,LPath
R348V,0.8152,LPath
R348W,0.6529,LPath
R348Y,0.8746,LPath
R349A,0.3152,LBen
R349C,0.2194,LBen
R349D,0.5803,LPath
R349E,0.2877,LBen
R349F,0.5659,LPath
R349G,0.2412,LBen
R349H,0.1284,LBen
R349I,0.2863,LBen
R349K,0.0835,LBen
R349L,0.2623,LBen
R349M,0.2896,LBen
R349N,0.4353,Amb
R349P,0.814,LPath
R349Q,0.0897,LBen
R349S,0.408,Amb
R349T,0.2652,LBen
R349V,0.3564,Amb
R349W,0.2281,LBen
R349Y,0.376,Amb
N350A,0.2166,LBen
N350C,0.2658,LBen
N350D,0.1649,LBen
N350E,0.4097,Amb
N350F,0.5083,Amb
N350G,0.3294,LBen
N350H,0.1217,LBen
N350I,0.1821,LBen
N350K,0.3652,Amb
N350L,0.22,LBen
N350M,0.2352,LBen
N350P,0.9587,LPath
N350Q,0.3477,Amb
N350R,0.4027,Amb
N350S,0.1017,LBen
N350T,0.1118,LBen
N350V,0.1989,LBen
N350W,0.7307,LPath
N350Y,0.1764,LBen
A351C,0.7007,LPath
A351D,0.9974,LPath
A351E,0.9915,LPath
A351F,0.9905,LPath
A351G,0.5756,LPath
A351H,0.9962,LPath
A351I,0.9137,LPath
A351K,0.9978,LPath
A351L,0.8499,LPath
A351M,0.8889,LPath
A351N,0.985,LPath
A351P,0.998,LPath
A351Q,0.9753,LPath
A351R,0.9905,LPath
A351S,0.3356,LBen
A351T,0.4245,Amb
A351V,0.6055,LPath
A351W,0.9991,LPath
A351Y,0.9962,LPath
K352A,0.3109,LBen
K352C,0.6807,LPath
K352D,0.6286,LPath
K352E,0.1945,LBen
K352F,0.7785,LPath
K352G,0.456,Amb
K352H,0.2917,LBen
K352I,0.4139,Amb
K352L,0.3904,Amb
K352M,0.2653,LBen
K352N,0.4558,Amb
K352P,0.9762,LPath
K352Q,0.1131,LBen
K352R,0.0864,LBen
K352S,0.3778,Amb
K352T,0.2102,LBen
K352V,0.3885,Amb
K352W,0.8037,LPath
K352Y,0.6178,LPath
W353A,0.8251,LPath
W353C,0.9571,LPath
W353D,0.9052,LPath
W353E,0.9086,LPath
W353F,0.4191,Amb
W353G,0.793,LPath
W353H,0.8313,LPath
W353I,0.8518,LPath
W353K,0.9393,LPath
W353L,0.7107,LPath
W353M,0.804,LPath
W353N,0.9046,LPath
W353P,0.9977,LPath
W353Q,0.9058,LPath
W353R,0.9088,LPath
W353S,0.7642,LPath
W353T,0.8413,LPath
W353V,0.8437,LPath
W353Y,0.5209,Amb
L354A,0.981,LPath
L354C,0.9739,LPath
L354D,0.9997,LPath
L354E,0.9976,LPath
L354F,0.9736,LPath
L354G,0.9967,LPath
L354H,0.9969,LPath
L354I,0.4342,Amb
L354K,0.9951,LPath
L354M,0.6189,LPath
L354N,0.9973,LPath
L354P,0.9988,LPath
L354Q,0.9938,LPath
L354R,0.9921,LPath
L354S,0.9982,LPath
L354T,0.9863,LPath
L354V,0.5285,Amb
L354W,0.9969,LPath
L354Y,0.9963,LPath
T355A,0.0724,LBen
T355C,0.2735,LBen
T355D,0.7598,LPath
T355E,0.5141,Amb
T355F,0.4198,Amb
T355G,0.2411,LBen
T355H,0.3358,LBen
T355I,0.469,Amb
T355K,0.491,Amb
T355L,0.2365,LBen
T355M,0.1063,LBen
T355N,0.2334,LBen
T355P,0.9176,LPath
T355Q,0.3482,Amb
T355R,0.4037,Amb
T355S,0.1126,LBen
T355V,0.2583,LBen
T355W,0.772,LPath
T355Y,0.3719,Amb
V356A,0.0781,LBen
V356C,0.4747,Amb
V356D,0.1898,LBen
V356E,0.1384,LBen
V356F,0.1335,LBen
V356G,0.1133,LBen
V356H,0.2848,LBen
V356I,0.0797,LBen
V356K,0.1515,LBen
V356L,0.1228,LBen
V356M,0.0776,LBen
V356N,0.1289,LBen
V356P,0.922,LPath
V356Q,0.1467,LBen
V356R,0.1414,LBen
V356S,0.1023,LBen
V356T,0.0826,LBen
V356W,0.5979,LPath
V356Y,0.3448,Amb
E357A,0.1437,LBen
E357C,0.7121,LPath
E357D,0.4709,Amb
E357F,0.8972,LPath
E357G,0.3503,Amb
E357H,0.5191,Amb
E357I,0.6435,LPath
E357K,0.1765,LBen
E357L,0.5283,Amb
E357M,0.5178,Amb
E357N,0.4543,Amb
E357P,0.9872,LPath
E357Q,0.0959,LBen
E357R,0.273,LBen
E357S,0.2732,LBen
E357T,0.3584,Amb
E357V,0.396,Amb
E357W,0.9577,LPath
E357Y,0.7836,LPath
M358A,0.9863,LPath
M358C,0.9772,LPath
M358D,0.9995,LPath
M358E,0.9975,LPath
M358F,0.8687,LPath
M358G,0.9931,LPath
M358H,0.9967,LPath
M358I,0.9572,LPath
M358K,0.9867,LPath
M358L,0.2199,LBen
M358N,0.9947,LPath
M358P,0.9998,LPath
M358Q,0.9866,LPath
M358R,0.9918,LPath
M358S,0.9948,LPath
M358T,0.9896,LPath
M358V,0.792,LPath
M358W,0.9946,LPath
M358Y,0.9892,LPath
I359A,0.1903,LBen
I359C,0.4114,Amb
I359D,0.6379,LPath
I359E,0.2776,LBen
I359F,0.2026,LBen
I359G,0.3935,Amb
I359H,0.2994,LBen
I359K,0.15,LBen
I359L,0.0874,LBen
I359M,0.0504,LBen
I359N,0.1726,LBen
I359P,0.9761,LPath
I359Q,0.1297,LBen
I359R,0.1283,LBen
I359S,0.148,LBen
I359T,0.1115,LBen
I359V,0.0791,LBen
I359W,0.6826,LPath
I359Y,0.4162,Amb
Q360A,0.1706,LBen
Q360C,0.4822,Amb
Q360D,0.2739,LBen
Q360E,0.077,LBen
Q360F,0.6788,LPath
Q360G,0.1833,LBen
Q360H,0.1597,LBen
Q360I,0.4908,Amb
Q360K,0.0755,LBen
Q360L,0.1693,LBen
Q360M,0.3513,Amb
Q360N,0.1747,LBen
Q360P,0.8395,LPath
Q360R,0.0757,LBen
Q360S,0.1906,LBen
Q360T,0.2105,LBen
Q360V,0.3578,Amb
Q360W,0.52,Amb
Q360Y,0.4393,Amb
D361A,0.484,Amb
D361C,0.9353,LPath
D361E,0.4093,Amb
D361F,0.9452,LPath
D361G,0.597,LPath
D361H,0.7289,LPath
D361I,0.9194,LPath
D361K,0.8335,LPath
D361L,0.8557,LPath
D361M,0.9355,LPath
D361N,0.4084,Amb
D361P,0.9974,LPath
D361Q,0.6891,LPath
D361R,0.8089,LPath
D361S,0.4906,Amb
D361T,0.8302,LPath
D361V,0.7663,LPath
D361W,0.9882,LPath
D361Y,0.6996,LPath
G362A,0.8891,LPath
G362C,0.8922,LPath
G362D,0.8823,LPath
G362E,0.9357,LPath
G362F,0.9913,LPath
G362H,0.9419,LPath
G362I,0.9882,LPath
G362K,0.9076,LPath
G362L,0.988,LPath
G362M,0.9856,LPath
G362N,0.8569,LPath
G362P,0.9994,LPath
G362Q,0.8841,LPath
G362R,0.8484,LPath
G362S,0.6698,LPath
G362T,0.9452,LPath
G362V,0.9811,LPath
G362W,0.9818,LPath
G362Y,0.9785,LPath
H363A,0.9923,LPath
H363C,0.7678,LPath
H363D,0.9921,LPath
H363E,0.9907,LPath
H363F,0.7977,LPath
H363G,0.9935,LPath
H363I,0.9653,LPath
H363K,0.9698,LPath
H363L,0.8155,LPath
H363M,0.9681,LPath
H363N,0.909,LPath
H363P,0.9844,LPath
H363Q,0.956,LPath
H363R,0.8867,LPath
H363S,0.9835,LPath
H363T,0.9949,LPath
H363V,0.9714,LPath
H363W,0.8301,LPath
H363Y,0.5521,Amb
Q364A,0.2073,LBen
Q364C,0.6517,LPath
Q364D,0.5403,Amb
Q364E,0.12,LBen
Q364F,0.814,LPath
Q364G,0.3967,Amb
Q364H,0.3055,LBen
Q364I,0.4807,Amb
Q364K,0.1119,LBen
Q364L,0.1914,LBen
Q364M,0.4157,Amb
Q364N,0.3801,Amb
Q364P,0.4343,Amb
Q364R,0.1204,LBen
Q364S,0.2721,LBen
Q364T,0.2376,LBen
Q364V,0.2951,LBen
Q364W,0.7846,LPath
Q364Y,0.6368,LPath
V365A,0.778,LPath
V365C,0.9214,LPath
V365D,0.9946,LPath
V365E,0.9926,LPath
V365F,0.9766,LPath
V365G,0.8806,LPath
V365H,0.9975,LPath
V365I,0.2605,LBen
V365K,0.9955,LPath
V365L,0.9665,LPath
V365M,0.9468,LPath
V365N,0.9795,LPath
V365P,0.9896,LPath
V365Q,0.9921,LPath
V365R,0.9916,LPath
V365S,0.887,LPath
V365T,0.7753,LPath
V365W,0.9996,LPath
V365Y,0.9959,LPath
S366A,0.0762,LBen
S366C,0.16,LBen
S366D,0.9238,LPath
S366E,0.9483,LPath
S366F,0.8254,LPath
S366G,0.1382,LBen
S366H,0.9011,LPath
S366I,0.7331,LPath
S366K,0.9876,LPath
S366L,0.4352,Amb
S366M,0.6193,LPath
S366N,0.6898,LPath
S366P,0.987,LPath
S366Q,0.9169,LPath
S366R,0.9697,LPath
S366T,0.2786,LBen
S366V,0.5971,LPath
S366W,0.9273,LPath
S366Y,0.7922,LPath
L367A,0.7101,LPath
L367C,0.7042,LPath
L367D,0.9837,LPath
L367E,0.8781,LPath
L367F,0.4252,Amb
L367G,0.9269,LPath
L367H,0.7818,LPath
L367I,0.1634,LBen
L367K,0.8703,LPath
L367M,0.1508,LBen
L367N,0.8698,LPath
L367P,0.9694,LPath
L367Q,0.6301,LPath
L367R,0.8172,LPath
L367S,0.7657,LPath
L367T,0.6594,LPath
L367V,0.1504,LBen
L367W,0.7971,LPath
L367Y,0.7643,LPath
L368A,0.9783,LPath
L368C,0.9781,LPath
L368D,0.9996,LPath
L368E,0.9969,LPath
L368F,0.9226,LPath
L368G,0.997,LPath
L368H,0.9938,LPath
L368I,0.4481,Amb
L368K,0.9956,LPath
L368M,0.6239,LPath
L368N,0.9971,LPath
L368P,0.9955,LPath
L368Q,0.988,LPath
L368R,0.9892,LPath
L368S,0.9952,LPath
L368T,0.9835,LPath
L368V,0.6402,LPath
L368W,0.9889,LPath
L368Y,0.9905,LPath
S369A,0.3493,Amb
S369C,0.194,LBen
S369D,0.9291,LPath
S369E,0.9727,LPath
S369F,0.8325,LPath
S369G,0.4167,Amb
S369H,0.6925,LPath
S369I,0.8094,LPath
S369K,0.9951,LPath
S369L,0.4832,Amb
S369M,0.573,LPath
S369N,0.5996,LPath
S369P,0.986,LPath
S369Q,0.9432,LPath
S369R,0.9909,LPath
S369T,0.1665,LBen
S369V,0.7582,LPath
S369W,0.7963,LPath
S369Y,0.7576,LPath
G370A,0.3617,Amb
G370C,0.8787,LPath
G370D,0.9748,LPath
G370E,0.9722,LPath
G370F,0.9877,LPath
G370H,0.9786,LPath
G370I,0.9722,LPath
G370K,0.9805,LPath
G370L,0.9728,LPath
G370M,0.9704,LPath
G370N,0.9564,LPath
G370P,0.9918,LPath
G370Q,0.954,LPath
G370R,0.9225,LPath
G370S,0.3206,LBen
G370T,0.8512,LPath
G370V,0.9266,LPath
G370W,0.9665,LPath
G370Y,0.9822,LPath
E371A,0.5445,Amb
E371C,0.9682,LPath
E371D,0.1806,LBen
E371F,0.9599,LPath
E371G,0.5543,Amb
E371H,0.884,LPath
E371I,0.8729,LPath
E371K,0.6857,LPath
E371L,0.8487,LPath
E371M,0.8518,LPath
E371N,0.6266,LPath
E371P,0.9837,LPath
E371Q,0.494,Amb
E371R,0.7906,LPath
E371S,0.5704,LPath
E371T,0.7312,LPath
E371V,0.7399,LPath
E371W,0.9888,LPath
E371Y,0.9198,LPath
L372A,0.6999,LPath
L372C,0.7512,LPath
L372D,0.9307,LPath
L372E,0.7519,LPath
L372F,0.3625,Amb
L372G,0.8678,LPath
L372H,0.616,LPath
L372I,0.2703,LBen
L372K,0.589,LPath
L372M,0.1152,LBen
L372N,0.7224,LPath
L372P,0.9896,LPath
L372Q,0.3986,Amb
L372R,0.5557,Amb
L372S,0.7809,LPath
L372T,0.7497,LPath
L372V,0.3046,LBen
L372W,0.57,LPath
L372Y,0.5414,Amb
T373A,0.1037,LBen
T373C,0.4693,Amb
T373D,0.3273,LBen
T373E,0.3204,LBen
T373F,0.5449,Amb
T373G,0.2453,LBen
T373H,0.3477,Amb
T373I,0.4877,Amb
T373K,0.3147,LBen
T373L,0.1722,LBen
T373M,0.123,LBen
T373N,0.1407,LBen
T373P,0.1619,LBen
T373Q,0.2554,LBen
T373R,0.2767,LBen
T373S,0.1041,LBen
T373V,0.3188,LBen
T373W,0.7833,LPath
T373Y,0.5134,Amb
V374A,0.3666,Amb
V374C,0.9307,LPath
V374D,0.8772,LPath
V374E,0.7813,LPath
V374F,0.505,Amb
V374G,0.6054,LPath
V374H,0.9295,LPath
V374I,0.092,LBen
V374K,0.8527,LPath
V374L,0.4792,Amb
V374M,0.2377,LBen
V374N,0.7292,LPath
V374P,0.6181,LPath
V374Q,0.764,LPath
V374R,0.7946,LPath
V374S,0.5601,Amb
V374T,0.3843,Amb
V374W,0.9648,LPath
V374Y,0.9052,LPath
E375A,0.1374,LBen
E375C,0.7478,LPath
E375D,0.0945,LBen
E375F,0.6452,LPath
E375G,0.1655,LBen
E375H,0.3651,Amb
E375I,0.3319,LBen
E375K,0.1886,LBen
E375L,0.3314,LBen
E375M,0.441,Amb
E375N,0.2035,LBen
E375P,0.4947,Amb
E375Q,0.1318,LBen
E375R,0.2702,LBen
E375S,0.1685,LBen
E375T,0.2096,LBen
E375V,0.214,LBen
E375W,0.8169,LPath
E375Y,0.4835,Amb
Q376A,0.3487,Amb
Q376C,0.8925,LPath
Q376D,0.4814,Amb
Q376E,0.0834,LBen
Q376F,0.9138,LPath
Q376G,0.4928,Amb
Q376H,0.5692,LPath
Q376I,0.7041,LPath
Q376K,0.2081,LBen
Q376L,0.3797,Amb
Q376M,0.4713,Amb
Q376N,0.4692,Amb
Q376P,0.9576,LPath
Q376R,0.3121,LBen
Q376S,0.489,Amb
Q376T,0.4653,Amb
Q376V,0.5183,Amb
Q376W,0.8963,LPath
Q376Y,0.7611,LPath
R377A,0.993,LPath
R377C,0.9506,LPath
R377D,0.9968,LPath
R377E,0.9709,LPath
R377F,0.999,LPath
R377G,0.9852,LPath
R377H,0.9421,LPath
R377I,0.9912,LPath
R377K,0.9145,LPath
R377L,0.9821,LPath
R377M,0.9952,LPath
R377N,0.9968,LPath
R377P,0.9978,LPath
R377Q,0.8953,LPath
R377S,0.9968,LPath
R377T,0.9938,LPath
R377V,0.9913,LPath
R377W,0.9674,LPath
R377Y,0.9912,LPath
A378C,0.8072,LPath
A378D,0.9147,LPath
A378E,0.8023,LPath
A378F,0.7911,LPath
A378G,0.4143,Amb
A378H,0.8936,LPath
A378I,0.6909,LPath
A378K,0.9195,LPath
A378L,0.5772,LPath
A378M,0.586,LPath
A378N,0.7655,LPath
A378P,0.9932,LPath
A378Q,0.7291,LPath
A378R,0.857,LPath
A378S,0.2161,LBen
A378T,0.3857,Amb
A378V,0.4748,Amb
A378W,0.9735,LPath
A378Y,0.8491,LPath
S379A,0.056,LBen
S379C,0.0929,LBen
S379D,0.1557,LBen
S379E,0.2213,LBen
S379F,0.156,LBen
S379G,0.0709,LBen
S379H,0.1976,LBen
S379I,0.1731,LBen
S379K,0.3585,Amb
S379L,0.0946,LBen
S379M,0.146,LBen
S379N,0.0879,LBen
S379P,0.9026,LPath
S379Q,0.2326,LBen
S379R,0.3046,LBen
S379T,0.0815,LBen
S379V,0.1513,LBen
S379W,0.2804,LBen
S379Y,0.1412,LBen
I380A,0.5435,Amb
I380C,0.7569,LPath
I380D,0.9378,LPath
I380E,0.8686,LPath
I380F,0.6196,LPath
I380G,0.9034,LPath
I380H,0.8518,LPath
I380K,0.8145,LPath
I380L,0.2501,LBen
I380M,0.1887,LBen
I380N,0.5815,LPath
I380P,0.9946,LPath
I380Q,0.7853,LPath
I380R,0.731,LPath
I380S,0.568,LPath
I380T,0.2992,LBen
I380V,0.063,LBen
I380W,0.9739,LPath
I380Y,0.883,LPath
I381A,0.9824,LPath
I381C,0.9864,LPath
I381D,0.9989,LPath
I381E,0.9952,LPath
I381F,0.7529,LPath
I381G,0.9951,LPath
I381H,0.9899,LPath
I381K,0.9873,LPath
I381L,0.2242,LBen
I381M,0.3458,Amb
I381N,0.9816,LPath
I381P,0.9943,LPath
I381Q,0.9819,LPath
I381R,0.9762,LPath
I381S,0.9754,LPath
I381T,0.964,LPath
I381V,0.5187,Amb
I381W,0.9825,LPath
I381Y,0.9672,LPath
Q382A,0.2938,LBen
Q382C,0.7562,LPath
Q382D,0.5365,Amb
Q382E,0.1083,LBen
Q382F,0.8698,LPath
Q382G,0.2703,LBen
Q382H,0.386,Amb
Q382I,0.669,LPath
Q382K,0.1359,LBen
Q382L,0.2733,LBen
Q382M,0.5287,Amb
Q382N,0.4189,Amb
Q382P,0.9417,LPath
Q382R,0.1356,LBen
Q382S,0.3002,LBen
Q382T,0.3002,LBen
Q382V,0.478,Amb
Q382W,0.7703,LPath
Q382Y,0.6953,LPath
R383A,0.6659,LPath
R383C,0.3143,LBen
R383D,0.7231,LPath
R383E,0.6192,LPath
R383F,0.9419,LPath
R383G,0.4359,Amb
R383H,0.1842,LBen
R383I,0.8418,LPath
R383K,0.2085,LBen
R383L,0.6185,LPath
R383M,0.7007,LPath
R383N,0.6248,LPath
R383P,0.9944,LPath
R383Q,0.1468,LBen
R383S,0.6638,LPath
R383T,0.6046,LPath
R383V,0.8438,LPath
R383W,0.6517,LPath
R383Y,0.7875,LPath
F384A,0.9991,LPath
F384C,0.9942,LPath
F384D,0.9996,LPath
F384E,0.9995,LPath
F384G,0.999,LPath
F384H,0.994,LPath
F384I,0.9908,LPath
F384K,0.999,LPath
F384L,0.9986,LPath
F384M,0.9912,LPath
F384N,0.998,LPath
F384P,1.0,LPath
F384Q,0.9988,LPath
F384R,0.9971,LPath
F384S,0.9988,LPath
F384T,0.9992,LPath
F384V,0.9922,LPath
F384W,0.9563,LPath
F384Y,0.6575,LPath
R385A,0.9189,LPath
R385C,0.4425,Amb
R385D,0.9932,LPath
R385E,0.8872,LPath
R385F,0.9759,LPath
R385G,0.9095,LPath
R385H,0.4314,Amb
R385I,0.795,LPath
R385K,0.252,LBen
R385L,0.7844,LPath
R385M,0.8542,LPath
R385N,0.9797,LPath
R385P,0.9969,LPath
R385Q,0.2656,LBen
R385S,0.9541,LPath
R385T,0.8844,LPath
R385V,0.863,LPath
R385W,0.6526,LPath
R385Y,0.9114,LPath
D386A,0.1581,LBen
D386C,0.5912,LPath
D386E,0.1008,LBen
D386F,0.6505,LPath
D386G,0.2691,LBen
D386H,0.3776,Amb
D386I,0.4313,Amb
D386K,0.3942,Amb
D386L,0.3861,Amb
D386M,0.5393,Amb
D386N,0.1181,LBen
D386P,0.9916,LPath
D386Q,0.2826,LBen
D386R,0.4392,Amb
D386S,0.1427,LBen
D386T,0.2799,LBen
D386V,0.255,LBen
D386W,0.873,LPath
D386Y,0.2955,LBen
G387A,0.5733,LPath
G387C,0.6884,LPath
G387D,0.9661,LPath
G387E,0.9561,LPath
G387F,0.9899,LPath
G387H,0.9654,LPath
G387I,0.987,LPath
G387K,0.9706,LPath
G387L,0.9737,LPath
G387M,0.9667,LPath
G387N,0.9192,LPath
G387P,0.9996,LPath
G387Q,0.9054,LPath
G387R,0.8954,LPath
G387S,0.4557,Amb
G387T,0.9045,LPath
G387V,0.9661,LPath
G387W,0.9752,LPath
G387Y,0.9803,LPath
K388A,0.4616,Amb
K388C,0.6323,LPath
K388D,0.7219,LPath
K388E,0.2009,LBen
K388F,0.8181,LPath
K388G,0.6629,LPath
K388H,0.3606,Amb
K388I,0.3529,Amb
K388L,0.334,LBen
K388M,0.233,LBen
K388N,0.5678,LPath
K388P,0.9889,LPath
K388Q,0.134,LBen
K388R,0.0921,LBen
K388S,0.567,LPath
K388T,0.2852,LBen
K388V,0.2998,LBen
K388W,0.8031,LPath
K388Y,0.6994,LPath
E389A,0.6998,LPath
E389C,0.9629,LPath
E389D,0.3871,Amb
E389F,0.9701,LPath
E389G,0.7151,LPath
E389H,0.9343,LPath
E389I,0.9314,LPath
E389K,0.8716,LPath
E389L,0.9562,LPath
E389M,0.9407,LPath
E389N,0.8288,LPath
E389P,0.9979,LPath
E389Q,0.6114,LPath
E389R,0.9245,LPath
E389S,0.7276,LPath
E389T,0.8164,LPath
E389V,0.7826,LPath
E389W,0.9928,LPath
E389Y,0.9316,LPath
K390A,0.9515,LPath
K390C,0.973,LPath
K390D,0.973,LPath
K390E,0.9451,LPath
K390F,0.9949,LPath
K390G,0.9616,LPath
K390H,0.8423,LPath
K390I,0.9666,LPath
K390L,0.9389,LPath
K390M,0.8628,LPath
K390N,0.9365,LPath
K390P,0.9822,LPath
K390Q,0.799,LPath
K390R,0.1819,LBen
K390S,0.965,LPath
K390T,0.8389,LPath
K390V,0.9418,LPath
K390W,0.9866,LPath
K390Y,0.9691,LPath
V391A,0.9519,LPath
V391C,0.9662,LPath
V391D,0.996,LPath
V391E,0.9929,LPath
V391F,0.9137,LPath
V391G,0.9374,LPath
V391H,0.9973,LPath
V391I,0.1603,LBen
V391K,0.9955,LPath
V391L,0.792,LPath
V391M,0.8677,LPath
V391N,0.983,LPath
V391P,0.9983,LPath
V391Q,0.9929,LPath
V391R,0.9909,LPath
V391S,0.9771,LPath
V391T,0.9496,LPath
V391W,0.9985,LPath
V391Y,0.9871,LPath
L392A,0.9793,LPath
L392C,0.9708,LPath
L392D,0.9998,LPath
L392E,0.999,LPath
L392F,0.947,LPath
L392G,0.9963,LPath
L392H,0.9979,LPath
L392I,0.6139,LPath
L392K,0.998,LPath
L392M,0.537,Amb
L392N,0.9984,LPath
L392P,0.9992,LPath
L392Q,0.995,LPath
L392R,0.9956,LPath
L392S,0.9975,LPath
L392T,0.9947,LPath
L392V,0.7347,LPath
L392W,0.9951,LPath
L392Y,0.9954,LPath
I393A,0.9819,LPath
I393C,0.9821,LPath
I393D,0.9998,LPath
I393E,0.999,LPath
I393F,0.9816,LPath
I393G,0.9985,LPath
I393H,0.9995,LPath
I393K,0.9986,LPath
I393L,0.6902,LPath
I393M,0.8285,LPath
I393N,0.996,LPath
I393P,0.9982,LPath
I393Q,0.9986,LPath
I393R,0.9978,LPath
I393S,0.991,LPath
I393T,0.9756,LPath
I393V,0.115,LBen
I393W,0.9997,LPath
I393Y,0.9984,LPath
T394A,0.1675,LBen
T394C,0.5738,LPath
T394D,0.9961,LPath
T394E,0.9972,LPath
T394F,0.997,LPath
T394G,0.764,LPath
T394H,0.9918,LPath
T394I,0.9883,LPath
T394K,0.9963,LPath
T394L,0.9355,LPath
T394M,0.8207,LPath
T394N,0.954,LPath
T394P,0.9868,LPath
T394Q,0.9864,LPath
T394R,0.9906,LPath
T394S,0.348,Amb
T394V,0.8798,LPath
T394W,0.9998,LPath
T394Y,0.9981,LPath
T395A,0.9464,LPath
T395C,0.9906,LPath
T395D,0.9954,LPath
T395E,0.9945,LPath
T395F,0.9969,LPath
T395G,0.9758,LPath
T395H,0.9895,LPath
T395I,0.9967,LPath
T395K,0.982,LPath
T395L,0.9679,LPath
T395M,0.9431,LPath
T395N,0.9718,LPath
T395P,0.944,LPath
T395Q,0.9855,LPath
T395R,0.9709,LPath
T395S,0.8455,LPath
T395V,0.9827,LPath
T395W,0.9984,LPath
T395Y,0.9971,LPath
N396A,0.8424,LPath
N396C,0.9113,LPath
N396D,0.413,Amb
N396E,0.975,LPath
N396F,0.993,LPath
N396G,0.8755,LPath
N396H,0.7874,LPath
N396I,0.9745,LPath
N396K,0.9868,LPath
N396L,0.9507,LPath
N396M,0.9651,LPath
N396P,0.9788,LPath
N396Q,0.9727,LPath
N396R,0.9725,LPath
N396S,0.1715,LBen
N396T,0.7403,LPath
N396V,0.9401,LPath
N396W,0.9958,LPath
N396Y,0.924,LPath
V397A,0.8936,LPath
V397C,0.9591,LPath
V397D,0.9802,LPath
V397E,0.9597,LPath
V397F,0.7917,LPath
V397G,0.892,LPath
V397H,0.9832,LPath
V397I,0.1259,LBen
V397K,0.9561,LPath
V397L,0.512,Amb
V397M,0.6552,LPath
V397N,0.9307,LPath
V397P,0.9885,LPath
V397Q,0.9442,LPath
V397R,0.906,LPath
V397S,0.9145,LPath
V397T,0.8409,LPath
V397W,0.9925,LPath
V397Y,0.9603,LPath
C398A,0.7515,LPath
C398D,0.9971,LPath
C398E,0.9983,LPath
C398F,0.8194,LPath
C398G,0.7108,LPath
C398H,0.9928,LPath
C398I,0.9261,LPath
C398K,0.9993,LPath
C398L,0.663,LPath
C398M,0.8321,LPath
C398N,0.9772,LPath
C398P,0.9969,LPath
C398Q,0.9926,LPath
C398R,0.9938,LPath
C398S,0.765,LPath
C398T,0.8975,LPath
C398V,0.8332,LPath
C398W,0.9781,LPath
C398Y,0.9615,LPath
A399C,0.9238,LPath
A399D,0.9966,LPath
A399E,0.9893,LPath
A399F,0.9907,LPath
A399G,0.6597,LPath
A399H,0.994,LPath
A399I,0.9922,LPath
A399K,0.9982,LPath
A399L,0.9495,LPath
A399M,0.9646,LPath
A399N,0.9875,LPath
A399P,0.9964,LPath
A399Q,0.9678,LPath
A399R,0.9922,LPath
A399S,0.1443,LBen
A399T,0.8676,LPath
A399V,0.9653,LPath
A399W,0.9986,LPath
A399Y,0.995,LPath
R400A,0.9874,LPath
R400C,0.9269,LPath
R400D,0.9957,LPath
R400E,0.9643,LPath
R400F,0.9971,LPath
R400G,0.9733,LPath
R400H,0.9427,LPath
R400I,0.9923,LPath
R400K,0.9081,LPath
R400L,0.9647,LPath
R400M,0.992,LPath
R400N,0.9967,LPath
R400P,0.9933,LPath
R400Q,0.8695,LPath
R400S,0.99,LPath
R400T,0.9885,LPath
R400V,0.9891,LPath
R400W,0.8729,LPath
R400Y,0.9924,LPath
G401A,0.9837,LPath
G401C,0.9919,LPath
G401D,0.9942,LPath
G401E,0.9968,LPath
G401F,0.9985,LPath
G401H,0.9996,LPath
G401I,0.9943,LPath
G401K,0.9993,LPath
G401L,0.9972,LPath
G401M,0.9982,LPath
G401N,0.9983,LPath
G401P,0.9996,LPath
G401Q,0.999,LPath
G401R,0.9982,LPath
G401S,0.9827,LPath
G401T,0.9949,LPath
G401V,0.9906,LPath
G401W,0.9972,LPath
G401Y,0.9982,LPath
I402A,0.9826,LPath
I402C,0.9947,LPath
I402D,0.9983,LPath
I402E,0.9951,LPath
I402F,0.8291,LPath
I402G,0.9966,LPath
I402H,0.997,LPath
I402K,0.9901,LPath
I402L,0.4282,Amb
I402M,0.4994,Amb
I402N,0.9858,LPath
I402P,0.9962,LPath
I402Q,0.9947,LPath
I402R,0.9843,LPath
I402S,0.9871,LPath
I402T,0.968,LPath
I402V,0.3942,Amb
I402W,0.983,LPath
I402Y,0.9844,LPath
D403A,0.9867,LPath
D403C,0.9978,LPath
D403E,0.9946,LPath
D403F,0.9948,LPath
D403G,0.9916,LPath
D403H,0.9874,LPath
D403I,0.9964,LPath
D403K,0.9983,LPath
D403L,0.9955,LPath
D403M,0.9988,LPath
D403N,0.9683,LPath
D403P,0.998,LPath
D403Q,0.9967,LPath
D403R,0.9953,LPath
D403S,0.9674,LPath
D403T,0.9959,LPath
D403V,0.9913,LPath
D403W,0.9985,LPath
D403Y,0.9707,LPath
V404A,0.9482,LPath
V404C,0.9824,LPath
V404D,0.9873,LPath
V404E,0.9715,LPath
V404F,0.8942,LPath
V404G,0.9615,LPath
V404H,0.996,LPath
V404I,0.1063,LBen
V404K,0.9886,LPath
V404L,0.9261,LPath
V404M,0.7785,LPath
V404N,0.9725,LPath
V404P,0.9976,LPath
V404Q,0.9742,LPath
V404R,0.9823,LPath
V404S,0.9551,LPath
V404T,0.9175,LPath
V404W,0.998,LPath
V404Y,0.9908,LPath
K405A,0.3017,LBen
K405C,0.6603,LPath
K405D,0.5784,LPath
K405E,0.1568,LBen
K405F,0.8613,LPath
K405G,0.4827,Amb
K405H,0.3877,Amb
K405I,0.4386,Amb
K405L,0.3268,LBen
K405M,0.2129,LBen
K405N,0.454,Amb
K405P,0.4711,Amb
K405Q,0.0992,LBen
K405R,0.1012,LBen
K405S,0.3608,Amb
K405T,0.1944,LBen
K405V,0.3835,Amb
K405W,0.8401,LPath
K405Y,0.738,LPath
Q406A,0.4024,Amb
Q406C,0.9649,LPath
Q406D,0.7405,LPath
Q406E,0.2227,LBen
Q406F,0.9655,LPath
Q406G,0.4311,Amb
Q406H,0.8111,LPath
Q406I,0.9061,LPath
Q406K,0.6003,LPath
Q406L,0.561,Amb
Q406M,0.6111,LPath
Q406N,0.5098,Amb
Q406P,0.7506,LPath
Q406R,0.6234,LPath
Q406S,0.4187,Amb
Q406T,0.5298,Amb
Q406V,0.7825,LPath
Q406W,0.9619,LPath
Q406Y,0.9322,LPath
V407A,0.9418,LPath
V407C,0.9782,LPath
V407D,0.9895,LPath
V407E,0.9844,LPath
V407F,0.9805,LPath
V407G,0.9083,LPath
V407H,0.998,LPath
V407I,0.1843,LBen
V407K,0.9907,LPath
V407L,0.9258,LPath
V407M,0.9153,LPath
V407N,0.9704,LPath
V407P,0.993,LPath
V407Q,0.9889,LPath
V407R,0.986,LPath
V407S,0.9585,LPath
V407T,0.9125,LPath
V407W,0.9996,LPath
V407Y,0.9969,LPath
T408A,0.3683,Amb
T408C,0.7714,LPath
T408D,0.7984,LPath
T408E,0.909,LPath
T408F,0.9082,LPath
T408G,0.5232,Amb
T408H,0.7391,LPath
T408I,0.922,LPath
T408K,0.8785,LPath
T408L,0.662,LPath
T408M,0.3752,Amb
T408N,0.2111,LBen
T408P,0.8655,LPath
T408Q,0.758,LPath
T408R,0.8276,LPath
T408S,0.1778,LBen
T408V,0.7901,LPath
T408W,0.9746,LPath
T408Y,0.8865,LPath
I409A,0.6069,LPath
I409C,0.8254,LPath
I409D,0.9923,LPath
I409E,0.9857,LPath
I409F,0.6124,LPath
I409G,0.9591,LPath
I409H,0.9811,LPath
I409K,0.9793,LPath
I409L,0.182,LBen
I409M,0.1608,LBen
I409N,0.9206,LPath
I409P,0.9956,LPath
I409Q,0.9775,LPath
I409R,0.9686,LPath
I409S,0.813,LPath
I409T,0.5322,Amb
I409V,0.0732,LBen
I409W,0.9842,LPath
I409Y,0.9495,LPath
V410A,0.9273,LPath
V410C,0.9788,LPath
V410D,0.9982,LPath
V410E,0.996,LPath
V410F,0.9915,LPath
V410G,0.9746,LPath
V410H,0.9992,LPath
V410I,0.2642,LBen
V410K,0.9978,LPath
V410L,0.983,LPath
V410M,0.9739,LPath
V410N,0.9942,LPath
V410P,0.9975,LPath
V410Q,0.9958,LPath
V410R,0.9928,LPath
V410S,0.9444,LPath
V410T,0.8499,LPath
V410W,0.9998,LPath
V410Y,0.9992,LPath
V411A,0.9304,LPath
V411C,0.9369,LPath
V411D,0.9975,LPath
V411E,0.9946,LPath
V411F,0.8277,LPath
V411G,0.9576,LPath
V411H,0.9979,LPath
V411I,0.1037,LBen
V411K,0.996,LPath
V411L,0.7641,LPath
V411M,0.7903,LPath
V411N,0.9933,LPath
V411P,0.9985,LPath
V411Q,0.9933,LPath
V411R,0.9923,LPath
V411S,0.9756,LPath
V411T,0.9428,LPath
V411W,0.9969,LPath
V411Y,0.9873,LPath
N412A,0.9859,LPath
N412C,0.8615,LPath
N412D,0.9942,LPath
N412E,0.9986,LPath
N412F,0.997,LPath
N412G,0.9898,LPath
N412H,0.9688,LPath
N412I,0.9609,LPath
N412K,0.9992,LPath
N412L,0.9506,LPath
N412M,0.9801,LPath
N412P,0.9958,LPath
N412Q,0.9953,LPath
N412R,0.9985,LPath
N412S,0.7268,LPath
N412T,0.9548,LPath
N412V,0.9637,LPath
N412W,0.9993,LPath
N412Y,0.9882,LPath
F413A,0.9935,LPath
F413C,0.9695,LPath
F413D,0.9976,LPath
F413E,0.9986,LPath
F413G,0.9956,LPath
F413H,0.9695,LPath
F413I,0.9546,LPath
F413K,0.9985,LPath
F413L,0.9945,LPath
F413M,0.9683,LPath
F413N,0.9902,LPath
F413P,0.9998,LPath
F413Q,0.9973,LPath
F413R,0.9951,LPath
F413S,0.9861,LPath
F413T,0.9924,LPath
F413V,0.9493,LPath
F413W,0.7015,LPath
F413Y,0.2675,LBen
D414A,0.4466,Amb
D414C,0.7309,LPath
D414E,0.6198,LPath
D414F,0.9011,LPath
D414G,0.3564,Amb
D414H,0.6458,LPath
D414I,0.8589,LPath
D414K,0.9049,LPath
D414L,0.8194,LPath
D414M,0.8998,LPath
D414N,0.1986,LBen
D414P,0.9844,LPath
D414Q,0.7711,LPath
D414R,0.8747,LPath
D414S,0.1974,LBen
D414T,0.4294,Amb
D414V,0.6978,LPath
D414W,0.9824,LPath
D414Y,0.6632,LPath
L415A,0.8474,LPath
L415C,0.8237,LPath
L415D,0.9926,LPath
L415E,0.9673,LPath
L415F,0.4663,Amb
L415G,0.9632,LPath
L415H,0.9211,LPath
L415I,0.1388,LBen
L415K,0.9396,LPath
L415M,0.1556,LBen
L415N,0.9426,LPath
L415P,0.7597,LPath
L415Q,0.8704,LPath
L415R,0.9281,LPath
L415S,0.9194,LPath
L415T,0.7754,LPath
L415V,0.1844,LBen
L415W,0.8763,LPath
L415Y,0.8939,LPath
P416A,0.908,LPath
P416C,0.987,LPath
P416D,0.9967,LPath
P416E,0.9945,LPath
P416F,0.9988,LPath
P416G,0.9859,LPath
P416H,0.993,LPath
P416I,0.9902,LPath
P416K,0.9967,LPath
P416L,0.9652,LPath
P416M,0.9951,LPath
P416N,0.9968,LPath
P416Q,0.9925,LPath
P416R,0.9887,LPath
P416S,0.9802,LPath
P416T,0.9681,LPath
P416V,0.9723,LPath
P416W,0.9994,LPath
P416Y,0.9987,LPath
V417A,0.1654,LBen
V417C,0.4231,Amb
V417D,0.3566,Amb
V417E,0.2076,LBen
V417F,0.1567,LBen
V417G,0.1552,LBen
V417H,0.3679,Amb
V417I,0.0757,LBen
V417K,0.1431,LBen
V417L,0.1159,LBen
V417M,0.0991,LBen
V417N,0.2281,LBen
V417P,0.7217,LPath
V417Q,0.1782,LBen
V417R,0.1274,LBen
V417S,0.1707,LBen
V417T,0.1237,LBen
V417W,0.6157,LPath
V417Y,0.3733,Amb
K418A,0.2184,LBen
K418C,0.3295,LBen
K418D,0.2759,LBen
K418E,0.1575,LBen
K418F,0.4926,Amb
K418G,0.2183,LBen
K418H,0.1652,LBen
K418I,0.2035,LBen
K418L,0.1847,LBen
K418M,0.1623,LBen
K418N,0.1806,LBen
K418P,0.6051,LPath
K418Q,0.1085,LBen
K418R,0.0754,LBen
K418S,0.1934,LBen
K418T,0.109,LBen
K418V,0.202,LBen
K418W,0.559,Amb
K418Y,0.3297,LBen
Q419A,0.1043,LBen
Q419C,0.3119,LBen
Q419D,0.1696,LBen
Q419E,0.0735,LBen
Q419F,0.3086,LBen
Q419G,0.128,LBen
Q419H,0.1115,LBen
Q419I,0.1669,LBen
Q419K,0.0713,LBen
Q419L,0.0865,LBen
Q419M,0.1784,LBen
Q419N,0.1337,LBen
Q419P,0.0699,LBen
Q419R,0.0694,LBen
Q419S,0.1116,LBen
Q419T,0.1064,LBen
Q419V,0.1269,LBen
Q419W,0.2505,LBen
Q419Y,0.1915,LBen
G420A,0.0826,LBen
G420C,0.1268,LBen
G420D,0.0821,LBen
G420E,0.0984,LBen
G420F,0.2287,LBen
G420H,0.1516,LBen
G420I,0.1474,LBen
G420K,0.1277,LBen
G420L,0.1643,LBen
G420M,0.1715,LBen
G420N,0.0977,LBen
G420P,0.282,LBen
G420Q,0.1415,LBen
G420R,0.1171,LBen
G420S,0.0774,LBen
G420T,0.0881,LBen
G420V,0.1139,LBen
G420W,0.1934,LBen
G420Y,0.1639,LBen
E421A,0.0957,LBen
E421C,0.307,LBen
E421D,0.0852,LBen
E421F,0.2999,LBen
E421G,0.0747,LBen
E421H,0.1467,LBen
E421I,0.1361,LBen
E421K,0.0634,LBen
E421L,0.1449,LBen
E421M,0.1762,LBen
E421N,0.1001,LBen
E421P,0.2634,LBen
E421Q,0.0727,LBen
E421R,0.087,LBen
E421S,0.0948,LBen
E421T,0.1052,LBen
E421V,0.1052,LBen
E421W,0.4048,Amb
E421Y,0.2181,LBen
E422A,0.0851,LBen
E422C,0.4156,Amb
E422D,0.0896,LBen
E422F,0.3012,LBen
E422G,0.0908,LBen
E422H,0.1978,LBen
E422I,0.1055,LBen
E422K,0.086,LBen
E422L,0.1301,LBen
E422M,0.1579,LBen
E422N,0.1252,LBen
E422P,0.3856,Amb
E422Q,0.084,LBen
E422R,0.1377,LBen
E422S,0.1121,LBen
E422T,0.1003,LBen
E422V,0.0792,LBen
E422W,0.5921,LPath
E422Y,0.2246,LBen
P423A,0.1035,LBen
P423C,0.6203,LPath
P423D,0.8932,LPath
P423E,0.7385,LPath
P423F,0.8139,LPath
P423G,0.6637,LPath
P423H,0.7318,LPath
P423I,0.3181,LBen
P423K,0.8294,LPath
P423L,0.2631,LBen
P423M,0.5195,Amb
P423N,0.8048,LPath
P423Q,0.6886,LPath
P423R,0.7167,LPath
P423S,0.4263,Amb
P423T,0.2215,LBen
P423V,0.2199,LBen
P423W,0.9273,LPath
P423Y,0.836,LPath
D424A,0.5144,Amb
D424C,0.7734,LPath
D424E,0.7084,LPath
D424F,0.9585,LPath
D424G,0.7807,LPath
D424H,0.8172,LPath
D424I,0.8812,LPath
D424K,0.9462,LPath
D424L,0.8412,LPath
D424M,0.9423,LPath
D424N,0.3157,LBen
D424P,0.981,LPath
D424Q,0.8475,LPath
D424R,0.9086,LPath
D424S,0.4019,Amb
D424T,0.8472,LPath
D424V,0.7157,LPath
D424W,0.9888,LPath
D424Y,0.7333,LPath
Y425A,0.4738,Amb
Y425C,0.0762,LBen
Y425D,0.3895,Amb
Y425E,0.7195,LPath
Y425F,0.0888,LBen
Y425G,0.4674,Amb
Y425H,0.2425,LBen
Y425I,0.5441,Amb
Y425K,0.6982,LPath
Y425L,0.6214,LPath
Y425M,0.6498,LPath
Y425N,0.2217,LBen
Y425P,0.4746,Amb
Y425Q,0.6447,LPath
Y425R,0.578,LPath
Y425S,0.2513,LBen
Y425T,0.5304,Amb
Y425V,0.4109,Amb
Y425W,0.3827,Amb
E426A,0.4875,Amb
E426C,0.9725,LPath
E426D,0.5177,Amb
E426F,0.9845,LPath
E426G,0.5932,LPath
E426H,0.8937,LPath
E426I,0.8976,LPath
E426K,0.5171,Amb
E426L,0.8969,LPath
E426M,0.9019,LPath
E426N,0.7955,LPath
E426P,0.8921,LPath
E426Q,0.3652,Amb
E426R,0.6723,LPath
E426S,0.5942,LPath
E426T,0.7466,LPath
E426V,0.7266,LPath
E426W,0.9945,LPath
E426Y,0.967,LPath
T427A,0.2227,LBen
T427C,0.7766,LPath
T427D,0.8935,LPath
T427E,0.8517,LPath
T427F,0.8906,LPath
T427G,0.608,LPath
T427H,0.8519,LPath
T427I,0.6013,LPath
T427K,0.8156,LPath
T427L,0.3765,Amb
T427M,0.2808,LBen
T427N,0.3955,Amb
T427P,0.8374,LPath
T427Q,0.7733,LPath
T427R,0.7311,LPath
T427S,0.4155,Amb
T427V,0.4278,Amb
T427W,0.9676,LPath
T427Y,0.8675,LPath
Y428A,0.9951,LPath
Y428C,0.9694,LPath
Y428D,0.9942,LPath
Y428E,0.9991,LPath
Y428F,0.4653,Amb
Y428G,0.9913,LPath
Y428H,0.9908,LPath
Y428I,0.9806,LPath
Y428K,0.9993,LPath
Y428L,0.9243,LPath
Y428M,0.989,LPath
Y428N,0.9843,LPath
Y428P,0.9966,LPath
Y428Q,0.9991,LPath
Y428R,0.9972,LPath
Y428S,0.973,LPath
Y428T,0.994,LPath
Y428V,0.9576,LPath
Y428W,0.8765,LPath
L429A,0.9597,LPath
L429C,0.9508,LPath
L429D,0.9993,LPath
L429E,0.9921,LPath
L429F,0.9044,LPath
L429G,0.9929,LPath
L429H,0.9743,LPath
L429I,0.2934,LBen
L429K,0.9702,LPath
L429M,0.5914,LPath
L429N,0.9902,LPath
L429P,0.9935,LPath
L429Q,0.9503,LPath
L429R,0.913,LPath
L429S,0.9853,LPath
L429T,0.9369,LPath
L429V,0.4492,Amb
L429W,0.9456,LPath
L429Y,0.9697,LPath
H430A,0.9993,LPath
H430C,0.9891,LPath
H430D,0.9985,LPath
H430E,0.9991,LPath
H430F,0.9865,LPath
H430G,0.9984,LPath
H430I,0.9993,LPath
H430K,0.9971,LPath
H430L,0.9803,LPath
H430M,0.9988,LPath
H430N,0.9956,LPath
H430P,0.9815,LPath
H430Q,0.9956,LPath
H430R,0.9921,LPath
H430S,0.9977,LPath
H430T,0.9996,LPath
H430V,0.9994,LPath
H430W,0.9443,LPath
H430Y,0.9766,LPath
R431A,0.9987,LPath
R431C,0.935,LPath
R431D,0.9996,LPath
R431E,0.995,LPath
R431F,0.9997,LPath
R431G,0.9972,LPath
R431H,0.9709,LPath
R431I,0.9971,LPath
R431K,0.9779,LPath
R431L,0.9904,LPath
R431M,0.999,LPath
R431N,0.9991,LPath
R431P,0.9994,LPath
R431Q,0.9697,LPath
R431S,0.9987,LPath
R431T,0.9987,LPath
R431V,0.9973,LPath
R431W,0.985,LPath
R431Y,0.9974,LPath
I432A,0.888,LPath
I432C,0.9763,LPath
I432D,0.999,LPath
I432E,0.9932,LPath
I432F,0.9623,LPath
I432G,0.995,LPath
I432H,0.9975,LPath
I432K,0.9902,LPath
I432L,0.7538,LPath
I432M,0.585,LPath
I432N,0.9845,LPath
I432P,0.9971,LPath
I432Q,0.9912,LPath
I432R,0.9813,LPath
I432S,0.937,LPath
I432T,0.689,LPath
I432V,0.1706,LBen
I432W,0.9974,LPath
I432Y,0.9963,LPath
G433A,0.9836,LPath
G433C,0.987,LPath
G433D,0.9977,LPath
G433E,0.9977,LPath
G433F,0.9984,LPath
G433H,0.9995,LPath
G433I,0.995,LPath
G433K,0.9991,LPath
G433L,0.9957,LPath
G433M,0.9988,LPath
G433N,0.999,LPath
G433P,0.9992,LPath
G433Q,0.998,LPath
G433R,0.996,LPath
G433S,0.9683,LPath
G433T,0.9909,LPath
G433V,0.9922,LPath
G433W,0.9967,LPath
G433Y,0.9988,LPath
R434A,0.9972,LPath
R434C,0.9621,LPath
R434D,0.9981,LPath
R434E,0.9833,LPath
R434F,0.997,LPath
R434G,0.9951,LPath
R434H,0.9762,LPath
R434I,0.9896,LPath
R434K,0.9776,LPath
R434L,0.9843,LPath
R434M,0.9972,LPath
R434N,0.9974,LPath
R434P,0.9986,LPath
R434Q,0.9718,LPath
R434S,0.9975,LPath
R434T,0.9975,LPath
R434V,0.9929,LPath
R434W,0.9767,LPath
R434Y,0.9942,LPath
T435A,0.1537,LBen
T435C,0.582,LPath
T435D,0.9917,LPath
T435E,0.9857,LPath
T435F,0.9928,LPath
T435G,0.6301,LPath
T435H,0.9797,LPath
T435I,0.965,LPath
T435K,0.9789,LPath
T435L,0.8863,LPath
T435M,0.7188,LPath
T435N,0.904,LPath
T435P,0.9115,LPath
T435Q,0.9659,LPath
T435R,0.9558,LPath
T435S,0.3542,Amb
T435V,0.7861,LPath
T435W,0.9987,LPath
T435Y,0.9926,LPath
G436A,0.8988,LPath
G436C,0.9791,LPath
G436D,0.9963,LPath
G436E,0.9972,LPath
G436F,0.9987,LPath
G436H,0.9992,LPath
G436I,0.9979,LPath
G436K,0.9984,LPath
G436L,0.9962,LPath
G436M,0.9985,LPath
G436N,0.9973,LPath
G436P,0.9993,LPath
G436Q,0.9967,LPath
G436R,0.9912,LPath
G436S,0.9176,LPath
G436T,0.9923,LPath
G436V,0.9932,LPath
G436W,0.997,LPath
G436Y,0.9986,LPath
R437A,0.998,LPath
R437C,0.98,LPath
R437D,0.9979,LPath
R437E,0.9889,LPath
R437F,0.9981,LPath
R437G,0.9952,LPath
R437H,0.9809,LPath
R437I,0.9941,LPath
R437K,0.9848,LPath
R437L,0.9931,LPath
R437M,0.9991,LPath
R437N,0.9978,LPath
R437P,0.9958,LPath
R437Q,0.9793,LPath
R437S,0.9974,LPath
R437T,0.9976,LPath
R437V,0.9962,LPath
R437W,0.9849,LPath
R437Y,0.9953,LPath
F438A,0.9855,LPath
F438C,0.9764,LPath
F438D,0.9944,LPath
F438E,0.997,LPath
F438G,0.986,LPath
F438H,0.9761,LPath
F438I,0.987,LPath
F438K,0.9965,LPath
F438L,0.9981,LPath
F438M,0.9834,LPath
F438N,0.985,LPath
F438P,0.9995,LPath
F438Q,0.9927,LPath
F438R,0.988,LPath
F438S,0.9746,LPath
F438T,0.9929,LPath
F438V,0.9822,LPath
F438W,0.8498,LPath
F438Y,0.6425,LPath
G439A,0.9038,LPath
G439C,0.9218,LPath
G439D,0.9698,LPath
G439E,0.9767,LPath
G439F,0.9916,LPath
G439H,0.9824,LPath
G439I,0.991,LPath
G439K,0.9873,LPath
G439L,0.9835,LPath
G439M,0.9933,LPath
G439N,0.9653,LPath
G439P,0.9977,LPath
G439Q,0.9621,LPath
G439R,0.942,LPath
G439S,0.6997,LPath
G439T,0.9685,LPath
G439V,0.9833,LPath
G439W,0.9713,LPath
G439Y,0.9856,LPath
K440A,0.832,LPath
K440C,0.8359,LPath
K440D,0.9416,LPath
K440E,0.6554,LPath
K440F,0.9547,LPath
K440G,0.8063,LPath
K440H,0.5898,LPath
K440I,0.8079,LPath
K440L,0.7305,LPath
K440M,0.6267,LPath
K440N,0.8433,LPath
K440P,0.978,LPath
K440Q,0.325,LBen
K440R,0.0906,LBen
K440S,0.8605,LPath
K440T,0.6867,LPath
K440V,0.7795,LPath
K440W,0.9107,LPath
K440Y,0.8683,LPath
K441A,0.4106,Amb
K441C,0.718,LPath
K441D,0.6891,LPath
K441E,0.2978,LBen
K441F,0.8508,LPath
K441G,0.5341,Amb
K441H,0.3927,Amb
K441I,0.4748,Amb
K441L,0.4976,Amb
K441M,0.3122,LBen
K441N,0.517,Amb
K441P,0.6329,LPath
K441Q,0.1743,LBen
K441R,0.0901,LBen
K441S,0.5035,Amb
K441T,0.2243,LBen
K441V,0.4211,Amb
K441W,0.8101,LPath
K441Y,0.7011,LPath
G442A,0.9385,LPath
G442C,0.982,LPath
G442D,0.9944,LPath
G442E,0.9954,LPath
G442F,0.9974,LPath
G442H,0.9991,LPath
G442I,0.9926,LPath
G442K,0.9986,LPath
G442L,0.9966,LPath
G442M,0.9981,LPath
G442N,0.9974,LPath
G442P,0.999,LPath
G442Q,0.9982,LPath
G442R,0.9967,LPath
G442S,0.9613,LPath
G442T,0.9904,LPath
G442V,0.9837,LPath
G442W,0.9967,LPath
G442Y,0.9966,LPath
L443A,0.7665,LPath
L443C,0.7706,LPath
L443D,0.9895,LPath
L443E,0.9487,LPath
L443F,0.3173,LBen
L443G,0.9616,LPath
L443H,0.8128,LPath
L443I,0.1161,LBen
L443K,0.8751,LPath
L443M,0.2076,LBen
L443N,0.922,LPath
L443P,0.9904,LPath
L443Q,0.8079,LPath
L443R,0.8145,LPath
L443S,0.9034,LPath
L443T,0.7318,LPath
L443V,0.1544,LBen
L443W,0.61,LPath
L443Y,0.6919,LPath
A444C,0.8625,LPath
A444D,0.9971,LPath
A444E,0.9961,LPath
A444F,0.9881,LPath
A444G,0.7874,LPath
A444H,0.9955,LPath
A444I,0.958,LPath
A444K,0.9991,LPath
A444L,0.9242,LPath
A444M,0.9728,LPath
A444N,0.9906,LPath
A444P,0.9945,LPath
A444Q,0.9883,LPath
A444R,0.9936,LPath
A444S,0.3211,LBen
A444T,0.7668,LPath
A444V,0.8139,LPath
A444W,0.9989,LPath
A444Y,0.9955,LPath
F445A,0.9766,LPath
F445C,0.7197,LPath
F445D,0.9991,LPath
F445E,0.9986,LPath
F445G,0.9947,LPath
F445H,0.9932,LPath
F445I,0.2206,LBen
F445K,0.9983,LPath
F445L,0.9197,LPath
F445M,0.7839,LPath
F445N,0.9965,LPath
F445P,0.9996,LPath
F445Q,0.9975,LPath
F445R,0.9947,LPath
F445S,0.9903,LPath
F445T,0.9834,LPath
F445V,0.2874,LBen
F445W,0.914,LPath
F445Y,0.7138,LPath
N446A,0.7943,LPath
N446C,0.4407,Amb
N446D,0.8448,LPath
N446E,0.9875,LPath
N446F,0.9906,LPath
N446G,0.874,LPath
N446H,0.7273,LPath
N446I,0.7836,LPath
N446K,0.9951,LPath
N446L,0.763,LPath
N446M,0.8554,LPath
N446P,0.9868,LPath
N446Q,0.9638,LPath
N446R,0.9934,LPath
N446S,0.079,LBen
N446T,0.2209,LBen
N446V,0.7001,LPath
N446W,0.9977,LPath
N446Y,0.9494,LPath
M447A,0.9701,LPath
M447C,0.9209,LPath
M447D,0.999,LPath
M447E,0.9955,LPath
M447F,0.3383,LBen
M447G,0.9908,LPath
M447H,0.9875,LPath
M447I,0.7433,LPath
M447K,0.9776,LPath
M447L,0.1867,LBen
M447N,0.9912,LPath
M447P,0.9975,LPath
M447Q,0.9751,LPath
M447R,0.977,LPath
M447S,0.9861,LPath
M447T,0.9428,LPath
M447V,0.3136,LBen
M447W,0.9603,LPath
M447Y,0.9419,LPath
I448A,0.3966,Amb
I448C,0.7931,LPath
I448D,0.9817,LPath
I448E,0.9528,LPath
I448F,0.5466,Amb
I448G,0.8555,LPath
I448H,0.9596,LPath
I448K,0.8963,LPath
I448L,0.1792,LBen
I448M,0.1536,LBen
I448N,0.8487,LPath
I448P,0.9602,LPath
I448Q,0.9169,LPath
I448R,0.8481,LPath
I448S,0.6783,LPath
I448T,0.2749,LBen
I448V,0.0675,LBen
I448W,0.9763,LPath
I448Y,0.9176,LPath
E449A,0.1739,LBen
E449C,0.7256,LPath
E449D,0.1535,LBen
E449F,0.8277,LPath
E449G,0.1353,LBen
E449H,0.4368,Amb
E449I,0.6398,LPath
E449K,0.1967,LBen
E449L,0.4739,Amb
E449M,0.5519,Amb
E449N,0.2467,LBen
E449P,0.698,LPath
E449Q,0.1524,LBen
E449R,0.27,LBen
E449S,0.1744,LBen
E449T,0.2178,LBen
E449V,0.3677,Amb
E449W,0.9305,LPath
E449Y,0.7118,LPath
V450A,0.0595,LBen
V450C,0.3821,Amb
V450D,0.1019,LBen
V450E,0.0997,LBen
V450F,0.105,LBen
V450G,0.0805,LBen
V450H,0.1886,LBen
V450I,0.0719,LBen
V450K,0.0693,LBen
V450L,0.1101,LBen
V450M,0.0841,LBen
V450N,0.084,LBen
V450P,0.1321,LBen
V450Q,0.1146,LBen
V450R,0.0763,LBen
V450S,0.072,LBen
V450T,0.0727,LBen
V450W,0.4669,Amb
V450Y,0.2344,LBen
D451A,0.0794,LBen
D451C,0.2852,LBen
D451E,0.0824,LBen
D451F,0.3421,Amb
D451G,0.0775,LBen
D451H,0.1014,LBen
D451I,0.2027,LBen
D451K,0.1029,LBen
D451L,0.2119,LBen
D451M,0.3066,LBen
D451N,0.0616,LBen
D451P,0.3205,LBen
D451Q,0.118,LBen
D451R,0.1144,LBen
D451S,0.0667,LBen
D451T,0.1026,LBen
D451V,0.1401,LBen
D451W,0.5707,LPath
D451Y,0.1461,LBen
E452A,0.1222,LBen
E452C,0.4743,Amb
E452D,0.1101,LBen
E452F,0.6196,LPath
E452G,0.1377,LBen
E452H,0.1944,LBen
E452I,0.3326,LBen
E452K,0.0859,LBen
E452L,0.3014,LBen
E452M,0.2832,LBen
E452N,0.1298,LBen
E452P,0.8064,LPath
E452Q,0.0783,LBen
E452R,0.1229,LBen
E452S,0.1198,LBen
E452T,0.1487,LBen
E452V,0.2123,LBen
E452W,0.751,LPath
E452Y,0.3846,Amb
L453A,0.394,Amb
L453C,0.6271,LPath
L453D,0.8133,LPath
L453E,0.4464,Amb
L453F,0.1596,LBen
L453G,0.6288,LPath
L453H,0.3433,Amb
L453I,0.0876,LBen
L453K,0.2261,LBen
L453M,0.1072,LBen
L453N,0.535,Amb
L453P,0.7817,LPath
L453Q,0.2334,LBen
L453R,0.2369,LBen
L453S,0.4863,Amb
L453T,0.3303,LBen
L453V,0.1147,LBen
L453W,0.306,LBen
L453Y,0.2806,LBen
P454A,0.0809,LBen
P454C,0.3218,LBen
P454D,0.2155,LBen
P454E,0.1701,LBen
P454F,0.2868,LBen
P454G,0.1994,LBen
P454H,0.1166,LBen
P454I,0.2022,LBen
P454K,0.1572,LBen
P454L,0.1206,LBen
P454M,0.2647,LBen
P454N,0.1977,LBen
P454Q,0.1141,LBen
P454R,0.1168,LBen
P454S,0.0981,LBen
P454T,0.0985,LBen
P454V,0.1583,LBen
P454W,0.4187,Amb
P454Y,0.2195,LBen
S455A,0.065,LBen
S455C,0.0764,LBen
S455D,0.2073,LBen
S455E,0.2165,LBen
S455F,0.1094,LBen
S455G,0.0971,LBen
S455H,0.1325,LBen
S455I,0.0778,LBen
S455K,0.1868,LBen
S455L,0.0562,LBen
S455M,0.1117,LBen
S455N,0.0979,LBen
S455P,0.2491,LBen
S455Q,0.1714,LBen
S455R,0.1576,LBen
S455T,0.0764,LBen
S455V,0.081,LBen
S455W,0.1664,LBen
S455Y,0.0932,LBen
L456A,0.7633,LPath
L456C,0.7814,LPath
L456D,0.9947,LPath
L456E,0.9605,LPath
L456F,0.5201,Amb
L456G,0.9568,LPath
L456H,0.929,LPath
L456I,0.1099,LBen
L456K,0.9289,LPath
L456M,0.1961,LBen
L456N,0.9599,LPath
L456P,0.9689,LPath
L456Q,0.8605,LPath
L456R,0.8956,LPath
L456S,0.9339,LPath
L456T,0.7976,LPath
L456V,0.1102,LBen
L456W,0.8682,LPath
L456Y,0.8863,LPath
M457A,0.258,LBen
M457C,0.4396,Amb
M457D,0.6561,LPath
M457E,0.2351,LBen
M457F,0.2312,LBen
M457G,0.3907,Amb
M457H,0.2221,LBen
M457I,0.2153,LBen
M457K,0.0762,LBen
M457L,0.1011,LBen
M457N,0.3213,LBen
M457P,0.9315,LPath
M457Q,0.1023,LBen
M457R,0.0851,LBen
M457S,0.2932,LBen
M457T,0.1778,LBen
M457V,0.1,LBen
M457W,0.3585,Amb
M457Y,0.3237,LBen
K458A,0.1497,LBen
K458C,0.4028,Amb
K458D,0.3318,LBen
K458E,0.1175,LBen
K458F,0.6296,LPath
K458G,0.2739,LBen
K458H,0.2107,LBen
K458I,0.2975,LBen
K458L,0.1965,LBen
K458M,0.1351,LBen
K458N,0.2516,LBen
K458P,0.936,LPath
K458Q,0.0842,LBen
K458R,0.0756,LBen
K458S,0.2337,LBen
K458T,0.1573,LBen
K458V,0.2543,LBen
K458W,0.6216,LPath
K458Y,0.4556,Amb
I459A,0.9728,LPath
I459C,0.9787,LPath
I459D,0.9976,LPath
I459E,0.991,LPath
I459F,0.3517,Amb
I459G,0.9936,LPath
I459H,0.9839,LPath
I459K,0.9781,LPath
I459L,0.2468,LBen
I459M,0.2223,LBen
I459N,0.9698,LPath
I459P,0.997,LPath
I459Q,0.9796,LPath
I459R,0.9703,LPath
I459S,0.976,LPath
I459T,0.9661,LPath
I459V,0.3698,Amb
I459W,0.9564,LPath
I459Y,0.858,LPath
Q460A,0.3923,Amb
Q460C,0.8399,LPath
Q460D,0.9547,LPath
Q460E,0.1115,LBen
Q460F,0.9842,LPath
Q460G,0.5764,LPath
Q460H,0.8147,LPath
Q460I,0.8607,LPath
Q460K,0.2753,LBen
Q460L,0.7923,LPath
Q460M,0.7041,LPath
Q460N,0.8656,LPath
Q460P,0.9661,LPath
Q460R,0.2428,LBen
Q460S,0.595,LPath
Q460T,0.623,LPath
Q460V,0.7409,LPath
Q460W,0.9743,LPath
Q460Y,0.9644,LPath
D461A,0.0832,LBen
D461C,0.284,LBen
D461E,0.0691,LBen
D461F,0.3439,Amb
D461G,0.1151,LBen
D461H,0.1025,LBen
D461I,0.2038,LBen
D461K,0.1028,LBen
D461L,0.1767,LBen
D461M,0.2525,LBen
D461N,0.0648,LBen
D461P,0.9377,LPath
D461Q,0.0888,LBen
D461R,0.1123,LBen
D461S,0.077,LBen
D461T,0.1135,LBen
D461V,0.1351,LBen
D461W,0.629,LPath
D461Y,0.1277,LBen
H462A,0.8173,LPath
H462C,0.4176,Amb
H462D,0.8682,LPath
H462E,0.8518,LPath
H462F,0.3265,LBen
H462G,0.9142,LPath
H462I,0.7288,LPath
H462K,0.6577,LPath
H462L,0.5191,Amb
H462M,0.8601,LPath
H462N,0.5563,Amb
H462P,0.9689,LPath
H462Q,0.7263,LPath
H462R,0.2948,LBen
H462S,0.8103,LPath
H462T,0.7904,LPath
H462V,0.6955,LPath
H462W,0.5933,LPath
H462Y,0.0982,LBen
F463A,0.99,LPath
F463C,0.9291,LPath
F463D,0.9946,LPath
F463E,0.9954,LPath
F463G,0.9863,LPath
F463H,0.9525,LPath
F463I,0.9394,LPath
F463K,0.9928,LPath
F463L,0.9834,LPath
F463M,0.9568,LPath
F463N,0.9775,LPath
F463P,0.9995,LPath
F463Q,0.9909,LPath
F463R,0.9794,LPath
F463S,0.9784,LPath
F463T,0.98,LPath
F463V,0.9229,LPath
F463W,0.8583,LPath
F463Y,0.3917,Amb
N464A,0.1411,LBen
N464C,0.1275,LBen
N464D,0.0885,LBen
N464E,0.1999,LBen
N464F,0.4077,Amb
N464G,0.1117,LBen
N464H,0.0573,LBen
N464I,0.2809,LBen
N464K,0.1108,LBen
N464L,0.2024,LBen
N464M,0.294,LBen
N464P,0.7291,LPath
N464Q,0.1217,LBen
N464R,0.1192,LBen
N464S,0.068,LBen
N464T,0.151,LBen
N464V,0.2538,LBen
N464W,0.6364,LPath
N464Y,0.1434,LBen
S465A,0.0789,LBen
S465C,0.0595,LBen
S465D,0.4483,Amb
S465E,0.5306,Amb
S465F,0.251,LBen
S465G,0.0986,LBen
S465H,0.2764,LBen
S465I,0.1134,LBen
S465K,0.4996,Amb
S465L,0.1257,LBen
S465M,0.1761,LBen
S465N,0.1402,LBen
S465P,0.839,LPath
S465Q,0.3985,Amb
S465R,0.3891,Amb
S465T,0.0619,LBen
S465V,0.1244,LBen
S465W,0.4319,Amb
S465Y,0.1942,LBen
S466A,0.0697,LBen
S466C,0.0761,LBen
S466D,0.1065,LBen
S466E,0.1377,LBen
S466F,0.1529,LBen
S466G,0.0801,LBen
S466H,0.1026,LBen
S466I,0.0899,LBen
S466K,0.1261,LBen
S466L,0.0966,LBen
S466M,0.1434,LBen
S466N,0.062,LBen
S466P,0.0917,LBen
S466Q,0.138,LBen
S466R,0.1223,LBen
S466T,0.061,LBen
S466V,0.0923,LBen
S466W,0.2685,LBen
S466Y,0.1149,LBen
I467A,0.8927,LPath
I467C,0.9031,LPath
I467D,0.9875,LPath
I467E,0.968,LPath
I467F,0.5258,Amb
I467G,0.9739,LPath
I467H,0.9684,LPath
I467K,0.943,LPath
I467L,0.2814,LBen
I467M,0.2154,LBen
I467N,0.9081,LPath
I467P,0.9152,LPath
I467Q,0.928,LPath
I467R,0.9107,LPath
I467S,0.8993,LPath
I467T,0.9014,LPath
I467V,0.1436,LBen
I467W,0.96,LPath
I467Y,0.9363,LPath
K468A,0.2768,LBen
K468C,0.4,Amb
K468D,0.4935,Amb
K468E,0.1399,LBen
K468F,0.5171,Amb
K468G,0.4207,Amb
K468H,0.1963,LBen
K468I,0.1868,LBen
K468L,0.2145,LBen
K468M,0.1773,LBen
K468N,0.3677,Amb
K468P,0.6241,LPath
K468Q,0.0978,LBen
K468R,0.0798,LBen
K468S,0.3223,LBen
K468T,0.1183,LBen
K468V,0.1785,LBen
K468W,0.5704,LPath
K468Y,0.4307,Amb
Q469A,0.178,LBen
Q469C,0.316,LBen
Q469D,0.4939,Amb
Q469E,0.0816,LBen
Q469F,0.4272,Amb
Q469G,0.321,LBen
Q469H,0.1893,LBen
Q469I,0.2363,LBen
Q469K,0.0691,LBen
Q469L,0.0877,LBen
Q469M,0.214,LBen
Q469N,0.3393,LBen
Q469P,0.0925,LBen
Q469R,0.0734,LBen
Q469S,0.2914,LBen
Q469T,0.2223,LBen
Q469V,0.1592,LBen
Q469W,0.4347,Amb
Q469Y,0.2747,LBen
L470A,0.9429,LPath
L470C,0.8887,LPath
L470D,0.9982,LPath
L470E,0.9864,LPath
L470F,0.6175,LPath
L470G,0.9856,LPath
L470H,0.9738,LPath
L470I,0.1915,LBen
L470K,0.9671,LPath
L470M,0.3041,LBen
L470N,0.9914,LPath
L470P,0.9915,LPath
L470Q,0.9549,LPath
L470R,0.9512,LPath
L470S,0.9914,LPath
L470T,0.962,LPath
L470V,0.2483,LBen
L470W,0.879,LPath
L470Y,0.9232,LPath
N471A,0.2472,LBen
N471C,0.2447,LBen
N471D,0.0548,LBen
N471E,0.287,LBen
N471F,0.6008,LPath
N471G,0.4756,Amb
N471H,0.1154,LBen
N471I,0.2371,LBen
N471K,0.261,LBen
N471L,0.311,LBen
N471M,0.4002,Amb
N471P,0.5791,LPath
N471Q,0.2767,LBen
N471R,0.2905,LBen
N471S,0.1065,LBen
N471T,0.2103,LBen
N471V,0.2048,LBen
N471W,0.7892,LPath
N471Y,0.2097,LBen
A472C,0.3755,Amb
A472D,0.7077,LPath
A472E,0.6211,LPath
A472F,0.4764,Amb
A472G,0.2645,LBen
A472H,0.6166,LPath
A472I,0.2544,LBen
A472K,0.7243,LPath
A472L,0.2555,LBen
A472M,0.2984,LBen
A472N,0.6041,LPath
A472P,0.096,LBen
A472Q,0.612,LPath
A472R,0.6516,LPath
A472S,0.1502,LBen
A472T,0.099,LBen
A472V,0.1322,LBen
A472W,0.7342,LPath
A472Y,0.5775,LPath
E473A,0.1358,LBen
E473C,0.6644,LPath
E473D,0.0831,LBen
E473F,0.6099,LPath
E473G,0.117,LBen
E473H,0.3009,LBen
E473I,0.3804,Amb
E473K,0.114,LBen
E473L,0.3173,LBen
E473M,0.3819,Amb
E473N,0.1531,LBen
E473P,0.8366,LPath
E473Q,0.1265,LBen
E473R,0.1754,LBen
E473S,0.1405,LBen
E473T,0.1574,LBen
E473V,0.2266,LBen
E473W,0.7674,LPath
E473Y,0.4313,Amb
D474A,0.6409,LPath
D474C,0.8845,LPath
D474E,0.6506,LPath
D474F,0.944,LPath
D474G,0.7544,LPath
D474H,0.7719,LPath
D474I,0.7977,LPath
D474K,0.8613,LPath
D474L,0.8709,LPath
D474M,0.931,LPath
D474N,0.1697,LBen
D474P,0.9866,LPath
D474Q,0.8463,LPath
D474R,0.8725,LPath
D474S,0.4888,Amb
D474T,0.7975,LPath
D474V,0.5821,LPath
D474W,0.9881,LPath
D474Y,0.5783,LPath
M475A,0.5124,Amb
M475C,0.7624,LPath
M475D,0.8271,LPath
M475E,0.658,LPath
M475F,0.3715,Amb
M475G,0.7294,LPath
M475H,0.7361,LPath
M475I,0.3456,Amb
M475K,0.4703,Amb
M475L,0.1242,LBen
M475N,0.6529,LPath
M475P,0.6839,LPath
M475Q,0.5506,Amb
M475R,0.4496,Amb
M475S,0.5964,LPath
M475T,0.2963,LBen
M475V,0.0973,LBen
M475W,0.5932,LPath
M475Y,0.6448,LPath
D476A,0.3597,Amb
D476C,0.8455,LPath
D476E,0.2131,LBen
D476F,0.8628,LPath
D476G,0.3462,Amb
D476H,0.6649,LPath
D476I,0.6889,LPath
D476K,0.6644,LPath
D476L,0.6453,LPath
D476M,0.792,LPath
D476N,0.2787,LBen
D476P,0.9389,LPath
D476Q,0.594,LPath
D476R,0.6813,LPath
D476S,0.3547,Amb
D476T,0.501,Amb
D476V,0.4308,Amb
D476W,0.9502,LPath
D476Y,0.4891,Amb
E477A,0.1497,LBen
E477C,0.8798,LPath
E477D,0.206,LBen
E477F,0.879,LPath
E477G,0.3248,LBen
E477H,0.689,LPath
E477I,0.5151,Amb
E477K,0.2837,LBen
E477L,0.507,Amb
E477M,0.5129,Amb
E477N,0.4326,Amb
E477P,0.9801,LPath
E477Q,0.1976,LBen
E477R,0.4275,Amb
E477S,0.3087,LBen
E477T,0.3318,LBen
E477V,0.3267,LBen
E477W,0.9668,LPath
E477Y,0.7949,LPath
I478A,0.6125,LPath
I478C,0.9029,LPath
I478D,0.9754,LPath
I478E,0.9353,LPath
I478F,0.3844,Amb
I478G,0.9284,LPath
I478H,0.9502,LPath
I478K,0.8689,LPath
I478L,0.1042,LBen
I478M,0.0918,LBen
I478N,0.846,LPath
I478P,0.9713,LPath
I478Q,0.8973,LPath
I478R,0.8246,LPath
I478S,0.7923,LPath
I478T,0.4384,Amb
I478V,0.1294,LBen
I478W,0.8896,LPath
I478Y,0.8407,LPath
E479A,0.555,Amb
E479C,0.9569,LPath
E479D,0.6644,LPath
E479F,0.9805,LPath
E479G,0.3978,Amb
E479H,0.9302,LPath
E479I,0.9245,LPath
E479K,0.6701,LPath
E479L,0.8847,LPath
E479M,0.8874,LPath
E479N,0.8646,LPath
E479P,0.984,LPath
E479Q,0.4198,Amb
E479R,0.699,LPath
E479S,0.632,LPath
E479T,0.7772,LPath
E479V,0.8095,LPath
E479W,0.9904,LPath
E479Y,0.9661,LPath
K480A,0.2174,LBen
K480C,0.5566,Amb
K480D,0.3713,Amb
K480E,0.1393,LBen
K480F,0.7728,LPath
K480G,0.2987,LBen
K480H,0.2747,LBen
K480I,0.4266,Amb
K480L,0.3431,Amb
K480M,0.2113,LBen
K480N,0.2614,LBen
K480P,0.9252,LPath
K480Q,0.1071,LBen
K480R,0.0797,LBen
K480S,0.2937,LBen
K480T,0.1631,LBen
K480V,0.3371,LBen
K480W,0.7749,LPath
K480Y,0.5947,LPath
I481A,0.4962,Amb
I481C,0.8407,LPath
I481D,0.9091,LPath
I481E,0.8148,LPath
I481F,0.2818,LBen
I481G,0.8511,LPath
I481H,0.8535,LPath
I481K,0.7772,LPath
I481L,0.1002,LBen
I481M,0.0913,LBen
I481N,0.6702,LPath
I481P,0.903,LPath
I481Q,0.7824,LPath
I481R,0.6926,LPath
I481S,0.6202,LPath
I481T,0.3663,Amb
I481V,0.1404,LBen
I481W,0.799,LPath
I481Y,0.7199,LPath
D482A,0.136,LBen
D482C,0.409,Amb
D482E,0.1007,LBen
D482F,0.4843,Amb
D482G,0.1157,LBen
D482H,0.2006,LBen
D482I,0.2727,LBen
D482K,0.2441,LBen
D482L,0.3009,LBen
D482M,0.5134,Amb
D482N,0.0992,LBen
D482P,0.3435,Amb
D482Q,0.1984,LBen
D482R,0.2561,LBen
D482S,0.0996,LBen
D482T,0.1661,LBen
D482V,0.1879,LBen
D482W,0.7444,LPath
D482Y,0.2062,LBen
Y483A,0.1776,LBen
Y483C,0.0701,LBen
Y483D,0.1417,LBen
Y483E,0.2805,LBen
Y483F,0.0589,LBen
Y483G,0.1835,LBen
Y483H,0.1387,LBen
Y483I,0.164,LBen
Y483K,0.3105,LBen
Y483L,0.1848,LBen
Y483M,0.2836,LBen
Y483N,0.1025,LBen
Y483P,0.3919,Amb
Y483Q,0.2176,LBen
Y483R,0.2153,LBen
Y483S,0.0867,LBen
Y483T,0.1525,LBen
Y483V,0.1256,LBen
Y483W,0.2757,LBen
