protein_variant,am_pathogenicity,am_class
M1A,0.1473,LBen
M1C,0.2265,LBen
M1D,0.3903,Amb
M1E,0.2031,LBen
M1F,0.176,LBen
M1G,0.2368,LBen
M1H,0.3766,Amb
M1I,0.2265,LBen
M1K,0.1935,LBen
M1L,0.0969,LBen
M1N,0.307,LBen
M1P,0.2447,LBen
M1Q,0.1378,LBen
M1R,0.1665,LBen
M1S,0.2117,LBen
M1T,0.1548,LBen
M1V,0.0754,LBen
M1W,0.2393,LBen
M1Y,0.3169,LBen
E2A,0.1054,LBen
E2C,0.6139,LPath
E2D,0.0946,LBen
E2F,0.5046,Amb
E2G,0.0999,LBen
E2H,0.2935,LBen
E2I,0.3627,Amb
E2K,0.1855,LBen
E2L,0.2568,LBen
E2M,0.407,Amb
E2N,0.1935,LBen
E2P,0.1743,LBen
E2Q,0.114,LBen
E2R,0.1737,LBen
E2S,0.1243,LBen
E2T,0.1503,LBen
E2V,0.2356,LBen
E2W,0.6364,LPath
E2Y,0.4119,Amb
E3A,0.0785,LBen
E3C,0.3924,Amb
E3D,0.0594,LBen
E3F,0.2799,LBen
E3G,0.0688,LBen
E3H,0.1887,LBen
E3I,0.1561,LBen
E3K,0.1406,LBen
E3L,0.1719,LBen
E3M,0.2751,LBen
E3N,0.107,LBen
E3P,0.1554,LBen
E3Q,0.1108,LBen
E3R,0.1495,LBen
E3S,0.0919,LBen
E3T,0.0995,LBen
E3V,0.1113,LBen
E3W,0.4829,Amb
E3Y,0.211,LBen
S4A,0.0557,LBen
S4C,0.1121,LBen
S4D,0.0951,LBen
S4E,0.0876,LBen
S4F,0.1424,LBen
S4G,0.0625,LBen
S4H,0.1529,LBen
S4I,0.1097,LBen
S4K,0.1531,LBen
S4L,0.097,LBen
S4M,0.1411,LBen
S4N,0.0803,LBen
S4P,0.0678,LBen
S4Q,0.135,LBen
S4R,0.1479,LBen
S4T,0.0586,LBen
S4V,0.0883,LBen
S4W,0.1696,LBen
S4Y,0.1292,LBen
E5A,0.0799,LBen
E5C,0.3982,Amb
E5D,0.0811,LBen
E5F,0.237,LBen
E5G,0.0753,LBen
E5H,0.1901,LBen
E5I,0.1446,LBen
E5K,0.1349,LBen
E5L,0.1333,LBen
E5M,0.2504,LBen
E5N,0.159,LBen
E5P,0.1472,LBen
E5Q,0.0937,LBen
E5R,0.1301,LBen
E5S,0.098,LBen
E5T,0.1068,LBen
E5V,0.0976,LBen
E5W,0.4728,Amb
E5Y,0.2396,LBen
P6A,0.0545,LBen
P6C,0.2607,LBen
P6D,0.1432,LBen
P6E,0.0848,LBen
P6F,0.2006,LBen
P6G,0.0923,LBen
P6H,0.118,LBen
P6I,0.1306,LBen
P6K,0.1067,LBen
P6L,0.0916,LBen
P6M,0.1674,LBen
P6N,0.1366,LBen
P6Q,0.0789,LBen
P6R,0.0816,LBen
P6S,0.0823,LBen
P6T,0.0624,LBen
P6V,0.0899,LBen
P6W,0.2745,LBen
P6Y,0.193,LBen
E7A,0.0841,LBen
E7C,0.4371,Amb
E7D,0.0908,LBen
E7F,0.3317,LBen
E7G,0.0827,LBen
E7H,0.2273,LBen
E7I,0.1832,LBen
E7K,0.1418,LBen
E7L,0.1633,LBen
E7M,0.3339,LBen
E7N,0.1754,LBen
E7P,0.1388,LBen
E7Q,0.0933,LBen
E7R,0.1277,LBen
E7S,0.1061,LBen
E7T,0.1272,LBen
E7V,0.1083,LBen
E7W,0.5395,Amb
E7Y,0.2806,LBen
R8A,0.2003,LBen
R8C,0.3806,Amb
R8D,0.318,LBen
R8E,0.159,LBen
R8F,0.3838,Amb
R8G,0.1284,LBen
R8H,0.2299,LBen
R8I,0.2062,LBen
R8K,0.0935,LBen
R8L,0.1747,LBen
R8M,0.313,LBen
R8N,0.3858,Amb
R8P,0.1403,LBen
R8Q,0.141,LBen
R8S,0.3193,LBen
R8T,0.2049,LBen
R8V,0.1979,LBen
R8W,0.2873,LBen
R8Y,0.3619,Amb
K9A,0.2696,LBen
K9C,0.6417,LPath
K9D,0.4394,Amb
K9E,0.2135,LBen
K9F,0.6048,LPath
K9G,0.2073,LBen
K9H,0.343,Amb
K9I,0.3812,Amb
K9L,0.3135,LBen
K9M,0.4482,Amb
K9N,0.4743,Amb
K9P,0.1944,LBen
K9Q,0.1517,LBen
K9R,0.0692,LBen
K9S,0.3657,Amb
K9T,0.2666,LBen
K9V,0.313,LBen
K9W,0.6275,LPath
K9Y,0.5021,Amb
R10A,0.2198,LBen
R10C,0.6188,LPath
R10D,0.409,Amb
R10E,0.2368,LBen
R10F,0.4233,Amb
R10G,0.1711,LBen
R10H,0.3258,LBen
R10I,0.3124,LBen
R10K,0.1258,LBen
R10L,0.2268,LBen
R10M,0.4365,Amb
R10N,0.5046,Amb
R10P,0.1781,LBen
R10Q,0.241,LBen
R10S,0.4439,Amb
R10T,0.2785,LBen
R10V,0.2731,LBen
R10W,0.4324,Amb
R10Y,0.4405,Amb
A11C,0.2218,LBen
A11D,0.1534,LBen
A11E,0.1109,LBen
A11F,0.1234,LBen
A11G,0.0716,LBen
A11H,0.1757,LBen
A11I,0.1279,LBen
A11K,0.1653,LBen
A11L,0.0876,LBen
A11M,0.1739,LBen
A11N,0.1273,LBen
A11P,0.0695,LBen
A11Q,0.1146,LBen
A11R,0.1232,LBen
A11S,0.0739,LBen
A11T,0.0764,LBen
A11V,0.0809,LBen
A11W,0.2673,LBen
A11Y,0.1456,LBen
R12A,0.1649,LBen
R12C,0.342,Amb
R12D,0.3115,LBen
R12E,0.1946,LBen
R12F,0.336,LBen
R12G,0.121,LBen
R12H,0.2021,LBen
R12I,0.2403,LBen
R12K,0.1143,LBen
R12L,0.1742,LBen
R12M,0.3396,LBen
R12N,0.3957,Amb
R12P,0.1614,LBen
R12Q,0.1474,LBen
R12S,0.2891,LBen
R12T,0.217,LBen
R12V,0.1999,LBen
R12W,0.2632,LBen
R12Y,0.3259,LBen
T13A,0.0591,LBen
T13C,0.2213,LBen
T13D,0.142,LBen
T13E,0.1063,LBen
T13F,0.1508,LBen
T13G,0.0801,LBen
T13H,0.1276,LBen
T13I,0.1166,LBen
T13K,0.0948,LBen
T13L,0.0852,LBen
T13M,0.112,LBen
T13N,0.0882,LBen
T13P,0.0637,LBen
T13Q,0.1002,LBen
T13R,0.0741,LBen
T13S,0.0738,LBen
T13V,0.0892,LBen
T13W,0.252,LBen
T13Y,0.1589,LBen
D14A,0.0699,LBen
D14C,0.3222,LBen
D14E,0.0644,LBen
D14F,0.2965,LBen
D14G,0.0716,LBen
D14H,0.1595,LBen
D14I,0.1987,LBen
D14K,0.1561,LBen
D14L,0.1645,LBen
D14M,0.3082,LBen
D14N,0.0946,LBen
D14P,0.1653,LBen
D14Q,0.1246,LBen
D14R,0.1389,LBen
D14S,0.0775,LBen
D14T,0.1042,LBen
D14V,0.1107,LBen
D14W,0.5071,Amb
D14Y,0.1588,LBen
E15A,0.0791,LBen
E15C,0.4564,Amb
E15D,0.0651,LBen
E15F,0.3483,Amb
E15G,0.0792,LBen
E15H,0.1911,LBen
E15I,0.2036,LBen
E15K,0.1287,LBen
E15L,0.181,LBen
E15M,0.2893,LBen
E15N,0.1314,LBen
E15P,0.1906,LBen
E15Q,0.1024,LBen
E15R,0.1348,LBen
E15S,0.0971,LBen
E15T,0.1053,LBen
E15V,0.1232,LBen
E15W,0.5703,LPath
E15Y,0.2658,LBen
V16A,0.0652,LBen
V16C,0.2618,LBen
V16D,0.0871,LBen
V16E,0.081,LBen
V16F,0.0856,LBen
V16G,0.064,LBen
V16H,0.1608,LBen
V16I,0.0747,LBen
V16K,0.1074,LBen
V16L,0.0736,LBen
V16M,0.099,LBen
V16N,0.0846,LBen
V16P,0.0859,LBen
V16Q,0.0981,LBen
V16R,0.1023,LBen
V16S,0.0729,LBen
V16T,0.0805,LBen
V16W,0.3127,LBen
V16Y,0.172,LBen
P17A,0.0504,LBen
P17C,0.1718,LBen
P17D,0.1272,LBen
P17E,0.095,LBen
P17F,0.1431,LBen
P17G,0.0914,LBen
P17H,0.0958,LBen
P17I,0.1072,LBen
P17K,0.1136,LBen
P17L,0.0739,LBen
P17M,0.1266,LBen
P17N,0.1186,LBen
P17Q,0.0763,LBen
P17R,0.0854,LBen
P17S,0.0684,LBen
P17T,0.0582,LBen
P17V,0.0788,LBen
P17W,0.2236,LBen
P17Y,0.1532,LBen
A18C,0.1866,LBen
A18D,0.11,LBen
A18E,0.0949,LBen
A18F,0.1417,LBen
A18G,0.0703,LBen
A18H,0.1598,LBen
A18I,0.1214,LBen
A18K,0.1564,LBen
A18L,0.0845,LBen
A18M,0.1332,LBen
A18N,0.1263,LBen
A18P,0.0738,LBen
A18Q,0.1181,LBen
A18R,0.1277,LBen
A18S,0.0726,LBen
A18T,0.0713,LBen
A18V,0.0788,LBen
A18W,0.2799,LBen
A18Y,0.1884,LBen
G19A,0.0589,LBen
G19C,0.1205,LBen
G19D,0.085,LBen
G19E,0.0791,LBen
G19F,0.1603,LBen
G19H,0.1364,LBen
G19I,0.1063,LBen
G19K,0.1343,LBen
G19L,0.0986,LBen
G19M,0.1422,LBen
G19N,0.1068,LBen
G19P,0.1114,LBen
G19Q,0.1135,LBen
G19R,0.1158,LBen
G19S,0.073,LBen
G19T,0.0665,LBen
G19V,0.0736,LBen
G19W,0.1631,LBen
G19Y,0.1511,LBen
G20A,0.0679,LBen
G20C,0.1022,LBen
G20D,0.0807,LBen
G20E,0.0776,LBen
G20F,0.1412,LBen
G20H,0.1342,LBen
G20I,0.0885,LBen
G20K,0.1496,LBen
G20L,0.1011,LBen
G20M,0.1435,LBen
G20N,0.1019,LBen
G20P,0.1307,LBen
G20Q,0.1169,LBen
G20R,0.1261,LBen
G20S,0.0703,LBen
G20T,0.0695,LBen
G20V,0.0665,LBen
G20W,0.1502,LBen
G20Y,0.1293,LBen
S21A,0.0674,LBen
S21C,0.0878,LBen
S21D,0.1184,LBen
S21E,0.1178,LBen
S21F,0.0997,LBen
S21G,0.0624,LBen
S21H,0.1241,LBen
S21I,0.0945,LBen
S21K,0.1713,LBen
S21L,0.0761,LBen
S21M,0.1339,LBen
S21N,0.0825,LBen
S21P,0.0682,LBen
S21Q,0.1298,LBen
S21R,0.1431,LBen
S21T,0.069,LBen
S21V,0.0849,LBen
S21W,0.1534,LBen
S21Y,0.1057,LBen
R22A,0.0914,LBen
R22C,0.1193,LBen
R22D,0.1417,LBen
R22E,0.122,LBen
R22F,0.1844,LBen
R22G,0.0721,LBen
R22H,0.0864,LBen
R22I,0.1164,LBen
R22K,0.0799,LBen
R22L,0.0881,LBen
R22M,0.1562,LBen
R22N,0.176,LBen
R22P,0.0998,LBen
R22Q,0.0772,LBen
R22S,0.1129,LBen
R22T,0.092,LBen
R22V,0.1074,LBen
R22W,0.1328,LBen
R22Y,0.1686,LBen
S23A,0.0626,LBen
S23C,0.0995,LBen
S23D,0.1235,LBen
S23E,0.1199,LBen
S23F,0.1319,LBen
S23G,0.0598,LBen
S23H,0.1506,LBen
S23I,0.1228,LBen
S23K,0.2086,LBen
S23L,0.0793,LBen
S23M,0.1338,LBen
S23N,0.0902,LBen
S23P,0.0654,LBen
S23Q,0.1498,LBen
S23R,0.1818,LBen
S23T,0.0653,LBen
S23V,0.098,LBen
S23W,0.165,LBen
S23Y,0.1315,LBen
E24A,0.0679,LBen
E24C,0.3511,Amb
E24D,0.0687,LBen
E24F,0.2793,LBen
E24G,0.0694,LBen
E24H,0.1616,LBen
E24I,0.1708,LBen
E24K,0.1201,LBen
E24L,0.1316,LBen
E24M,0.2314,LBen
E24N,0.1321,LBen
E24P,0.1476,LBen
E24Q,0.0904,LBen
E24R,0.1243,LBen
E24S,0.0873,LBen
E24T,0.0991,LBen
E24V,0.101,LBen
E24W,0.4452,Amb
E24Y,0.2361,LBen
A25C,0.1798,LBen
A25D,0.0862,LBen
A25E,0.0853,LBen
A25F,0.141,LBen
A25G,0.0626,LBen
A25H,0.1533,LBen
A25I,0.112,LBen
A25K,0.1389,LBen
A25L,0.0774,LBen
A25M,0.1049,LBen
A25N,0.1026,LBen
A25P,0.0744,LBen
A25Q,0.1115,LBen
A25R,0.1288,LBen
A25S,0.0697,LBen
A25T,0.064,LBen
A25V,0.0745,LBen
A25W,0.2228,LBen
A25Y,0.1667,LBen
E26A,0.0684,LBen
E26C,0.3705,Amb
E26D,0.0703,LBen
E26F,0.322,LBen
E26G,0.0672,LBen
E26H,0.1946,LBen
E26I,0.1912,LBen
E26K,0.1253,LBen
E26L,0.1454,LBen
E26M,0.2376,LBen
E26N,0.1357,LBen
E26P,0.1634,LBen
E26Q,0.099,LBen
E26R,0.1331,LBen
E26S,0.0858,LBen
E26T,0.0987,LBen
E26V,0.1104,LBen
E26W,0.459,Amb
E26Y,0.2769,LBen
D27A,0.0709,LBen
D27C,0.2573,LBen
D27E,0.0656,LBen
D27F,0.2444,LBen
D27G,0.068,LBen
D27H,0.1552,LBen
D27I,0.1555,LBen
D27K,0.1649,LBen
D27L,0.13,LBen
D27M,0.2168,LBen
D27N,0.0816,LBen
D27P,0.1898,LBen
D27Q,0.1248,LBen
D27R,0.1607,LBen
D27S,0.0758,LBen
D27T,0.0899,LBen
D27V,0.0963,LBen
D27W,0.4065,Amb
D27Y,0.1311,LBen
E28A,0.0805,LBen
E28C,0.377,Amb
E28D,0.0663,LBen
E28F,0.3648,Amb
E28G,0.068,LBen
E28H,0.2106,LBen
E28I,0.2085,LBen
E28K,0.1419,LBen
E28L,0.1731,LBen
E28M,0.2566,LBen
E28N,0.1388,LBen
E28P,0.2311,LBen
E28Q,0.1074,LBen
E28R,0.1577,LBen
E28S,0.0876,LBen
E28T,0.1011,LBen
E28V,0.1266,LBen
E28W,0.524,Amb
E28Y,0.286,LBen
D29A,0.0915,LBen
D29C,0.3498,Amb
D29E,0.0768,LBen
D29F,0.3279,LBen
D29G,0.0815,LBen
D29H,0.2332,LBen
D29I,0.2229,LBen
D29K,0.2388,LBen
D29L,0.1863,LBen
D29M,0.301,LBen
D29N,0.098,LBen
D29P,0.3191,LBen
D29Q,0.1749,LBen
D29R,0.2465,LBen
D29S,0.0934,LBen
D29T,0.1189,LBen
D29V,0.1306,LBen
D29W,0.5684,LPath
D29Y,0.1766,LBen
D30A,0.1279,LBen
D30C,0.4329,Amb
D30E,0.0994,LBen
D30F,0.4386,Amb
D30G,0.1096,LBen
D30H,0.2761,LBen
D30I,0.3051,LBen
D30K,0.3361,LBen
D30L,0.2588,LBen
D30M,0.4218,Amb
D30N,0.1176,LBen
D30P,0.446,Amb
D30Q,0.2302,LBen
D30R,0.2943,LBen
D30S,0.1072,LBen
D30T,0.1682,LBen
D30V,0.182,LBen
D30W,0.6791,LPath
D30Y,0.2343,LBen
E31A,0.1662,LBen
E31C,0.6944,LPath
E31D,0.0643,LBen
E31F,0.6858,LPath
E31G,0.1223,LBen
E31H,0.4356,Amb
E31I,0.4692,Amb
E31K,0.2417,LBen
E31L,0.4135,Amb
E31M,0.5123,Amb
E31N,0.223,LBen
E31P,0.4526,Amb
E31Q,0.1911,LBen
E31R,0.2841,LBen
E31S,0.164,LBen
E31T,0.2173,LBen
E31V,0.2837,LBen
E31W,0.817,LPath
E31Y,0.5375,Amb
D32A,0.1702,LBen
D32C,0.6009,LPath
D32E,0.1476,LBen
D32F,0.5995,LPath
D32G,0.1319,LBen
D32H,0.3559,Amb
D32I,0.4357,Amb
D32K,0.4424,Amb
D32L,0.3876,Amb
D32M,0.5873,LPath
D32N,0.1117,LBen
D32P,0.5556,Amb
D32Q,0.318,LBen
D32R,0.4376,Amb
D32S,0.1422,LBen
D32T,0.227,LBen
D32V,0.255,LBen
D32W,0.8478,LPath
D32Y,0.2794,LBen
Y33A,0.7754,LPath
Y33C,0.7526,LPath
Y33D,0.7024,LPath
Y33E,0.8847,LPath
Y33F,0.3087,LBen
Y33G,0.6826,LPath
Y33H,0.8991,LPath
Y33I,0.8293,LPath
Y33K,0.9599,LPath
Y33L,0.8011,LPath
Y33M,0.8915,LPath
Y33N,0.7619,LPath
Y33P,0.9024,LPath
Y33Q,0.9585,LPath
Y33R,0.9226,LPath
Y33S,0.6911,LPath
Y33T,0.7661,LPath
Y33V,0.6437,LPath
Y33W,0.7981,LPath
V34A,0.3564,Amb
V34C,0.8144,LPath
V34D,0.5817,LPath
V34E,0.2118,LBen
V34F,0.4331,Amb
V34G,0.5514,Amb
V34H,0.6545,LPath
V34I,0.0965,LBen
V34K,0.3104,LBen
V34L,0.3293,LBen
V34M,0.2851,LBen
V34N,0.5091,Amb
V34P,0.8527,LPath
V34Q,0.2312,LBen
V34R,0.3279,LBen
V34S,0.4069,Amb
V34T,0.1875,LBen
V34W,0.9376,LPath
V34Y,0.7539,LPath
P35A,0.3708,Amb
P35C,0.9318,LPath
P35D,0.9197,LPath
P35E,0.7144,LPath
P35F,0.9728,LPath
P35G,0.8588,LPath
P35H,0.8366,LPath
P35I,0.9011,LPath
P35K,0.8691,LPath
P35L,0.6911,LPath
P35M,0.9225,LPath
P35N,0.9411,LPath
P35Q,0.7101,LPath
P35R,0.7083,LPath
P35S,0.7211,LPath
P35T,0.7115,LPath
P35V,0.755,LPath
P35W,0.9822,LPath
P35Y,0.9517,LPath
Y36A,0.9705,LPath
Y36C,0.9523,LPath
Y36D,0.9882,LPath
Y36E,0.9945,LPath
Y36F,0.217,LBen
Y36G,0.9708,LPath
Y36H,0.9717,LPath
Y36I,0.9654,LPath
Y36K,0.9952,LPath
Y36L,0.9229,LPath
Y36M,0.9787,LPath
Y36N,0.9823,LPath
Y36P,0.9635,LPath
Y36Q,0.9959,LPath
Y36R,0.9833,LPath
Y36S,0.9653,LPath
Y36T,0.9864,LPath
Y36V,0.9064,LPath
Y36W,0.6824,LPath
V37A,0.944,LPath
V37C,0.9702,LPath
V37D,0.9906,LPath
V37E,0.9193,LPath
V37F,0.7704,LPath
V37G,0.9733,LPath
V37H,0.9728,LPath
V37I,0.0958,LBen
V37K,0.8965,LPath
V37L,0.6602,LPath
V37M,0.7093,LPath
V37N,0.9778,LPath
V37P,0.9896,LPath
V37Q,0.8596,LPath
V37R,0.8483,LPath
V37S,0.9623,LPath
V37T,0.8855,LPath
V37W,0.9917,LPath
V37Y,0.9529,LPath
P38A,0.6973,LPath
P38C,0.9774,LPath
P38D,0.9664,LPath
P38E,0.9499,LPath
P38F,0.9955,LPath
P38G,0.8999,LPath
P38H,0.9045,LPath
P38I,0.9918,LPath
P38K,0.9322,LPath
P38L,0.9421,LPath
P38M,0.9826,LPath
P38N,0.9589,LPath
P38Q,0.899,LPath
P38R,0.8938,LPath
P38S,0.74,LPath
P38T,0.7909,LPath
P38V,0.9655,LPath
P38W,0.9964,LPath
P38Y,0.9895,LPath
L39A,0.4521,Amb
L39C,0.815,LPath
L39D,0.9826,LPath
L39E,0.8515,LPath
L39F,0.5344,Amb
L39G,0.8614,LPath
L39H,0.8262,LPath
L39I,0.1092,LBen
L39K,0.6755,LPath
L39M,0.2553,LBen
L39N,0.8785,LPath
L39P,0.7809,LPath
L39Q,0.5592,Amb
L39R,0.5379,Amb
L39S,0.7799,LPath
L39T,0.6286,LPath
L39V,0.0726,LBen
L39W,0.7956,LPath
L39Y,0.7735,LPath
R40A,0.5078,Amb
R40C,0.4704,Amb
R40D,0.91,LPath
R40E,0.6368,LPath
R40F,0.8307,LPath
R40G,0.4939,Amb
R40H,0.2219,LBen
R40I,0.6148,LPath
R40K,0.092,LBen
R40L,0.4287,Amb
R40M,0.6537,LPath
R40N,0.8289,LPath
R40P,0.7981,LPath
R40Q,0.1687,LBen
R40S,0.6602,LPath
R40T,0.6087,LPath
R40V,0.5871,LPath
R40W,0.5664,LPath
R40Y,0.6905,LPath
Q41A,0.358,Amb
Q41C,0.8363,LPath
Q41D,0.698,LPath
Q41E,0.1412,LBen
Q41F,0.8198,LPath
Q41G,0.6045,LPath
Q41H,0.3558,Amb
Q41I,0.4535,Amb
Q41K,0.1401,LBen
Q41L,0.2079,LBen
Q41M,0.4352,Amb
Q41N,0.5876,LPath
Q41P,0.8114,LPath
Q41R,0.1723,LBen
Q41S,0.4714,Amb
Q41T,0.3874,Amb
Q41V,0.2933,LBen
Q41W,0.8205,LPath
Q41Y,0.6977,LPath
R42A,0.9891,LPath
R42C,0.9905,LPath
R42D,0.9914,LPath
R42E,0.9215,LPath
R42F,0.9966,LPath
R42G,0.9829,LPath
R42H,0.9111,LPath
R42I,0.9857,LPath
R42K,0.7106,LPath
R42L,0.9668,LPath
R42M,0.9943,LPath
R42N,0.9895,LPath
R42P,0.9951,LPath
R42Q,0.7967,LPath
R42S,0.9952,LPath
R42T,0.9942,LPath
R42V,0.9854,LPath
R42W,0.9768,LPath
R42Y,0.9791,LPath
R43A,0.8952,LPath
R43C,0.8174,LPath
R43D,0.9534,LPath
R43E,0.7268,LPath
R43F,0.9618,LPath
R43G,0.7773,LPath
R43H,0.3913,Amb
R43I,0.89,LPath
R43K,0.1318,LBen
R43L,0.7863,LPath
R43M,0.8841,LPath
R43N,0.8949,LPath
R43P,0.9693,LPath
R43Q,0.2181,LBen
R43S,0.9058,LPath
R43T,0.8702,LPath
R43V,0.8885,LPath
R43W,0.7817,LPath
R43Y,0.8681,LPath
Q44A,0.1881,LBen
Q44C,0.6968,LPath
Q44D,0.4072,Amb
Q44E,0.1048,LBen
Q44F,0.6536,LPath
Q44G,0.3337,LBen
Q44H,0.1874,LBen
Q44I,0.4419,Amb
Q44K,0.1336,LBen
Q44L,0.1327,LBen
Q44M,0.3449,Amb
Q44N,0.267,LBen
Q44P,0.6647,LPath
Q44R,0.1348,LBen
Q44S,0.2458,LBen
Q44T,0.2544,LBen
Q44V,0.2926,LBen
Q44W,0.6985,LPath
Q44Y,0.4615,Amb
L45A,0.112,LBen
L45C,0.4085,Amb
L45D,0.3721,Amb
L45E,0.1474,LBen
L45F,0.1226,LBen
L45G,0.2993,LBen
L45H,0.1343,LBen
L45I,0.1069,LBen
L45K,0.16,LBen
L45M,0.0728,LBen
L45N,0.199,LBen
L45P,0.8799,LPath
L45Q,0.0596,LBen
L45R,0.1168,LBen
L45S,0.1684,LBen
L45T,0.1591,LBen
L45V,0.0811,LBen
L45W,0.2351,LBen
L45Y,0.2154,LBen
L46A,0.1497,LBen
L46C,0.4951,Amb
L46D,0.7081,LPath
L46E,0.2501,LBen
L46F,0.147,LBen
L46G,0.4935,Amb
L46H,0.1862,LBen
L46I,0.1314,LBen
L46K,0.1681,LBen
L46M,0.0854,LBen
L46N,0.4236,Amb
L46P,0.8254,LPath
L46Q,0.0711,LBen
L46R,0.1298,LBen
L46S,0.2725,LBen
L46T,0.2337,LBen
L46V,0.0955,LBen
L46W,0.2723,LBen
L46Y,0.2955,LBen
L47A,0.3213,LBen
L47C,0.6454,LPath
L47D,0.884,LPath
L47E,0.4912,Amb
L47F,0.1789,LBen
L47G,0.6588,LPath
L47H,0.3658,Amb
L47I,0.1492,LBen
L47K,0.3903,Amb
L47M,0.1353,LBen
L47N,0.665,LPath
L47P,0.8952,LPath
L47Q,0.1814,LBen
L47R,0.2682,LBen
L47S,0.5454,Amb
L47T,0.4649,Amb
L47V,0.1284,LBen
L47W,0.32,LBen
L47Y,0.377,Amb
Q48A,0.2765,LBen
Q48C,0.7754,LPath
Q48D,0.4407,Amb
Q48E,0.0989,LBen
Q48F,0.8359,LPath
Q48G,0.251,LBen
Q48H,0.2583,LBen
Q48I,0.7246,LPath
Q48K,0.1457,LBen
Q48L,0.2521,LBen
Q48M,0.5406,Amb
Q48N,0.3516,Amb
Q48P,0.6326,LPath
Q48R,0.1372,LBen
Q48S,0.2876,LBen
Q48T,0.3428,Amb
Q48V,0.4949,Amb
Q48W,0.723,LPath
Q48Y,0.6424,LPath
K49A,0.4409,Amb
K49C,0.7641,LPath
K49D,0.5864,LPath
K49E,0.2926,LBen
K49F,0.8889,LPath
K49G,0.425,Amb
K49H,0.2811,LBen
K49I,0.6607,LPath
K49L,0.539,Amb
K49M,0.4468,Amb
K49N,0.4808,Amb
K49P,0.8702,LPath
K49Q,0.1142,LBen
K49R,0.0862,LBen
K49S,0.4985,Amb
K49T,0.3012,LBen
K49V,0.5475,Amb
K49W,0.8298,LPath
K49Y,0.7128,LPath
L50A,0.3118,LBen
L50C,0.5573,Amb
L50D,0.8604,LPath
L50E,0.5509,Amb
L50F,0.1361,LBen
L50G,0.6309,LPath
L50H,0.2968,LBen
L50I,0.1063,LBen
L50K,0.3255,LBen
L50M,0.0988,LBen
L50N,0.5957,LPath
L50P,0.8519,LPath
L50Q,0.2066,LBen
L50R,0.21,LBen
L50S,0.5634,Amb
L50T,0.4675,Amb
L50V,0.1008,LBen
L50W,0.2202,LBen
L50Y,0.2691,LBen
L51A,0.2125,LBen
L51C,0.504,Amb
L51D,0.7596,LPath
L51E,0.3562,Amb
L51F,0.1615,LBen
L51G,0.4173,Amb
L51H,0.2611,LBen
L51I,0.1263,LBen
L51K,0.2853,LBen
L51M,0.1024,LBen
L51N,0.4498,Amb
L51P,0.694,LPath
L51Q,0.1081,LBen
L51R,0.1942,LBen
L51S,0.2774,LBen
L51T,0.2705,LBen
L51V,0.1104,LBen
L51W,0.2543,LBen
L51Y,0.3667,Amb
Q52A,0.1289,LBen
Q52C,0.4787,Amb
Q52D,0.3158,LBen
Q52E,0.0946,LBen
Q52F,0.5183,Amb
Q52G,0.1597,LBen
Q52H,0.1573,LBen
Q52I,0.3469,Amb
Q52K,0.1152,LBen
Q52L,0.095,LBen
Q52M,0.304,LBen
Q52N,0.236,LBen
Q52P,0.2393,LBen
Q52R,0.0987,LBen
Q52S,0.1665,LBen
Q52T,0.1885,LBen
Q52V,0.2029,LBen
Q52W,0.43,Amb
Q52Y,0.3591,Amb
R53A,0.2539,LBen
R53C,0.1881,LBen
R53D,0.5386,Amb
R53E,0.2956,LBen
R53F,0.3765,Amb
R53G,0.1558,LBen
R53H,0.1106,LBen
R53I,0.2006,LBen
R53K,0.0848,LBen
R53L,0.1358,LBen
R53M,0.1797,LBen
R53N,0.394,Amb
R53P,0.4135,Amb
R53Q,0.0801,LBen
R53S,0.3219,LBen
R53T,0.2323,LBen
R53V,0.2122,LBen
R53W,0.1723,LBen
R53Y,0.2824,LBen
R54A,0.3852,Amb
R54C,0.2692,LBen
R54D,0.5766,LPath
R54E,0.3222,LBen
R54F,0.5814,LPath
R54G,0.1838,LBen
R54H,0.1442,LBen
R54I,0.386,Amb
R54K,0.0983,LBen
R54L,0.2644,LBen
R54M,0.4108,Amb
R54N,0.5185,Amb
R54P,0.3542,Amb
R54Q,0.092,LBen
R54S,0.4283,Amb
R54T,0.337,LBen
R54V,0.3899,Amb
R54W,0.26,LBen
R54Y,0.4338,Amb
R55A,0.2379,LBen
R55C,0.186,LBen
R55D,0.4641,Amb
R55E,0.2409,LBen
R55F,0.4402,Amb
R55G,0.1089,LBen
R55H,0.1259,LBen
R55I,0.2459,LBen
R55K,0.089,LBen
R55L,0.1672,LBen
R55M,0.248,LBen
R55N,0.4205,Amb
R55P,0.2923,LBen
R55Q,0.0816,LBen
R55S,0.3138,LBen
R55T,0.2183,LBen
R55V,0.2433,LBen
R55W,0.1745,LBen
R55Y,0.3441,Amb
K56A,0.2126,LBen
K56C,0.5215,Amb
K56D,0.4263,Amb
K56E,0.1877,LBen
K56F,0.6209,LPath
K56G,0.2205,LBen
K56H,0.2372,LBen
K56I,0.3119,LBen
K56L,0.2717,LBen
K56M,0.252,LBen
K56N,0.3555,Amb
K56P,0.3435,Amb
K56Q,0.1109,LBen
K56R,0.0727,LBen
K56S,0.2885,LBen
K56T,0.172,LBen
K56V,0.2817,LBen
K56W,0.5642,LPath
K56Y,0.5266,Amb
G57A,0.0696,LBen
G57C,0.1441,LBen
G57D,0.1221,LBen
G57E,0.1131,LBen
G57F,0.2581,LBen
G57H,0.2055,LBen
G57I,0.1095,LBen
G57K,0.2298,LBen
G57L,0.1559,LBen
G57M,0.1763,LBen
G57N,0.1384,LBen
G57P,0.2584,LBen
G57Q,0.183,LBen
G57R,0.2042,LBen
G57S,0.0844,LBen
G57T,0.073,LBen
G57V,0.0684,LBen
G57W,0.2227,LBen
G57Y,0.1981,LBen
A58C,0.1903,LBen
A58D,0.116,LBen
A58E,0.1079,LBen
A58F,0.1243,LBen
A58G,0.0699,LBen
A58H,0.1587,LBen
A58I,0.086,LBen
A58K,0.1572,LBen
A58L,0.0709,LBen
A58M,0.0912,LBen
A58N,0.1027,LBen
A58P,0.0812,LBen
A58Q,0.1195,LBen
A58R,0.1555,LBen
A58S,0.0707,LBen
A58T,0.0634,LBen
A58V,0.0647,LBen
A58W,0.2804,LBen
A58Y,0.1804,LBen
A59C,0.2302,LBen
A59D,0.1384,LBen
A59E,0.1177,LBen
A59F,0.1523,LBen
A59G,0.0759,LBen
A59H,0.1878,LBen
A59I,0.1018,LBen
A59K,0.1744,LBen
A59L,0.0736,LBen
A59M,0.1028,LBen
A59N,0.1273,LBen
A59P,0.0821,LBen
A59Q,0.1265,LBen
A59R,0.1632,LBen
A59S,0.0732,LBen
A59T,0.0657,LBen
A59V,0.0705,LBen
A59W,0.2911,LBen
A59Y,0.22,LBen
E60A,0.0857,LBen
E60C,0.53,Amb
E60D,0.0856,LBen
E60F,0.4312,Amb
E60G,0.0849,LBen
E60H,0.2465,LBen
E60I,0.1959,LBen
E60K,0.1174,LBen
E60L,0.1685,LBen
E60M,0.2608,LBen
E60N,0.1715,LBen
E60P,0.2182,LBen
E60Q,0.0998,LBen
E60R,0.1525,LBen
E60S,0.1176,LBen
E60T,0.1247,LBen
E60V,0.1187,LBen
E60W,0.5985,LPath
E60Y,0.3601,Amb
E61A,0.0955,LBen
E61C,0.5733,LPath
E61D,0.077,LBen
E61F,0.4782,Amb
E61G,0.0846,LBen
E61H,0.275,LBen
E61I,0.1986,LBen
E61K,0.1225,LBen
E61L,0.1871,LBen
E61M,0.2676,LBen
E61N,0.1557,LBen
E61P,0.2534,LBen
E61Q,0.1094,LBen
E61R,0.1764,LBen
E61S,0.1315,LBen
E61T,0.1247,LBen
E61V,0.1224,LBen
E61W,0.6568,LPath
E61Y,0.3651,Amb
E62A,0.103,LBen
E62C,0.5556,Amb
E62D,0.0748,LBen
E62F,0.4351,Amb
E62G,0.0871,LBen
E62H,0.2689,LBen
E62I,0.182,LBen
E62K,0.1442,LBen
E62L,0.178,LBen
E62M,0.2747,LBen
E62N,0.1517,LBen
E62P,0.2431,LBen
E62Q,0.1073,LBen
E62R,0.1951,LBen
E62S,0.1305,LBen
E62T,0.1342,LBen
E62V,0.1177,LBen
E62W,0.6425,LPath
E62Y,0.3283,LBen
Q63A,0.1125,LBen
Q63C,0.3455,Amb
Q63D,0.1829,LBen
Q63E,0.0803,LBen
Q63F,0.374,Amb
Q63G,0.1275,LBen
Q63H,0.1206,LBen
Q63I,0.1838,LBen
Q63K,0.0901,LBen
Q63L,0.0846,LBen
Q63M,0.2139,LBen
Q63N,0.1621,LBen
Q63P,0.0814,LBen
Q63R,0.0871,LBen
Q63S,0.13,LBen
Q63T,0.1143,LBen
Q63V,0.1289,LBen
Q63W,0.3148,LBen
Q63Y,0.2533,LBen
Q64A,0.0976,LBen
Q64C,0.2598,LBen
Q64D,0.1605,LBen
Q64E,0.075,LBen
Q64F,0.3266,LBen
Q64G,0.1065,LBen
Q64H,0.0962,LBen
Q64I,0.1766,LBen
Q64K,0.0631,LBen
Q64L,0.0806,LBen
Q64M,0.1889,LBen
Q64N,0.1438,LBen
Q64P,0.0822,LBen
Q64R,0.0659,LBen
Q64S,0.1125,LBen
Q64T,0.0976,LBen
Q64V,0.1241,LBen
Q64W,0.2312,LBen
Q64Y,0.2201,LBen
D65A,0.1479,LBen
D65C,0.4788,Amb
D65E,0.1212,LBen
D65F,0.395,Amb
D65G,0.1279,LBen
D65H,0.2354,LBen
D65I,0.2425,LBen
D65K,0.3021,LBen
D65L,0.2496,LBen
D65M,0.4501,Amb
D65N,0.1135,LBen
D65P,0.3883,Amb
D65Q,0.2351,LBen
D65R,0.2989,LBen
D65S,0.1305,LBen
D65T,0.1929,LBen
D65V,0.1517,LBen
D65W,0.7138,LPath
D65Y,0.1831,LBen
S66A,0.0803,LBen
S66C,0.1117,LBen
S66D,0.2413,LBen
S66E,0.3133,LBen
S66F,0.1868,LBen
S66G,0.0838,LBen
S66H,0.2786,LBen
S66I,0.1571,LBen
S66K,0.4539,Amb
S66L,0.1143,LBen
S66M,0.2002,LBen
S66N,0.1681,LBen
S66P,0.1637,LBen
S66Q,0.3844,Amb
S66R,0.3906,Amb
S66T,0.0765,LBen
S66V,0.1447,LBen
S66W,0.2807,LBen
S66Y,0.1853,LBen
G67A,0.0838,LBen
G67C,0.1176,LBen
G67D,0.1411,LBen
G67E,0.1479,LBen
G67F,0.2914,LBen
G67H,0.2071,LBen
G67I,0.1335,LBen
G67K,0.2564,LBen
G67L,0.1795,LBen
G67M,0.2465,LBen
G67N,0.1677,LBen
G67P,0.3498,Amb
G67Q,0.1923,LBen
G67R,0.1747,LBen
G67S,0.0744,LBen
G67T,0.0899,LBen
G67V,0.0921,LBen
G67W,0.2472,LBen
G67Y,0.229,LBen
S68A,0.0696,LBen
S68C,0.0822,LBen
S68D,0.1619,LBen
S68E,0.1968,LBen
S68F,0.1345,LBen
S68G,0.0632,LBen
S68H,0.1693,LBen
S68I,0.0991,LBen
S68K,0.2733,LBen
S68L,0.0869,LBen
S68M,0.1371,LBen
S68N,0.0854,LBen
S68P,0.1261,LBen
S68Q,0.2185,LBen
S68R,0.2277,LBen
S68T,0.0665,LBen
S68V,0.0975,LBen
S68W,0.1978,LBen
S68Y,0.1401,LBen
E69A,0.1162,LBen
E69C,0.5188,Amb
E69D,0.0723,LBen
E69F,0.3938,Amb
E69G,0.1076,LBen
E69H,0.2353,LBen
E69I,0.1858,LBen
E69K,0.1357,LBen
E69L,0.18,LBen
E69M,0.273,LBen
E69N,0.1582,LBen
E69P,0.2872,LBen
E69Q,0.0992,LBen
E69R,0.1805,LBen
E69S,0.1216,LBen
E69T,0.1446,LBen
E69V,0.1239,LBen
E69W,0.6566,LPath
E69Y,0.3157,LBen
P70A,0.0612,LBen
P70C,0.1485,LBen
P70D,0.1235,LBen
P70E,0.0979,LBen
P70F,0.1397,LBen
P70G,0.1096,LBen
P70H,0.0621,LBen
P70I,0.1076,LBen
P70K,0.1045,LBen
P70L,0.0677,LBen
P70M,0.1326,LBen
P70N,0.0965,LBen
P70Q,0.0603,LBen
P70R,0.0761,LBen
P70S,0.0724,LBen
P70T,0.0662,LBen
P70V,0.0869,LBen
P70W,0.199,LBen
P70Y,0.1223,LBen
R71A,0.1226,LBen
R71C,0.1115,LBen
R71D,0.193,LBen
R71E,0.132,LBen
R71F,0.2578,LBen
R71G,0.087,LBen
R71H,0.0813,LBen
R71I,0.1468,LBen
R71K,0.0766,LBen
R71L,0.1108,LBen
R71M,0.1704,LBen
R71N,0.2395,LBen
R71P,0.1473,LBen
R71Q,0.0743,LBen
R71S,0.1651,LBen
R71T,0.1173,LBen
R71V,0.1471,LBen
R71W,0.1295,LBen
R71Y,0.2113,LBen
G72A,0.0815,LBen
G72C,0.1106,LBen
G72D,0.0862,LBen
G72E,0.0871,LBen
G72F,0.2468,LBen
G72H,0.1714,LBen
G72I,0.1208,LBen
G72K,0.1846,LBen
G72L,0.1465,LBen
G72M,0.1819,LBen
G72N,0.1305,LBen
G72P,0.2704,LBen
G72Q,0.1435,LBen
G72R,0.1465,LBen
G72S,0.0794,LBen
G72T,0.0836,LBen
G72V,0.0827,LBen
G72W,0.1647,LBen
G72Y,0.1784,LBen
D73A,0.1058,LBen
D73C,0.299,LBen
D73E,0.0722,LBen
D73F,0.2845,LBen
D73G,0.0934,LBen
D73H,0.1721,LBen
D73I,0.1741,LBen
D73K,0.1805,LBen
D73L,0.1753,LBen
D73M,0.2788,LBen
D73N,0.0888,LBen
D73P,0.3244,LBen
D73Q,0.1463,LBen
D73R,0.1836,LBen
D73S,0.0897,LBen
D73T,0.1279,LBen
D73V,0.1172,LBen
D73W,0.5464,Amb
D73Y,0.1483,LBen
E74A,0.1131,LBen
E74C,0.5262,Amb
E74D,0.0665,LBen
E74F,0.4686,Amb
E74G,0.093,LBen
E74H,0.2488,LBen
E74I,0.2265,LBen
E74K,0.1226,LBen
E74L,0.2318,LBen
E74M,0.301,LBen
E74N,0.1487,LBen
E74P,0.3345,LBen
E74Q,0.1126,LBen
E74R,0.1692,LBen
E74S,0.1213,LBen
E74T,0.1341,LBen
E74V,0.1482,LBen
E74W,0.6546,LPath
E74Y,0.3519,Amb
D75A,0.1095,LBen
D75C,0.3927,Amb
D75E,0.0817,LBen
D75F,0.3711,Amb
D75G,0.0915,LBen
D75H,0.2227,LBen
D75I,0.2208,LBen
D75K,0.2266,LBen
D75L,0.2205,LBen
D75M,0.317,LBen
D75N,0.0973,LBen
D75P,0.369,Amb
D75Q,0.1885,LBen
D75R,0.2457,LBen
D75S,0.1065,LBen
D75T,0.1388,LBen
D75V,0.1329,LBen
D75W,0.6309,LPath
D75Y,0.1747,LBen
D76A,0.1204,LBen
D76C,0.37,Amb
D76E,0.0989,LBen
D76F,0.3698,Amb
D76G,0.1133,LBen
D76H,0.2054,LBen
D76I,0.1957,LBen
D76K,0.2791,LBen
D76L,0.2283,LBen
D76M,0.3634,Amb
D76N,0.0942,LBen
D76P,0.4386,Amb
D76Q,0.2075,LBen
D76R,0.2634,LBen
D76S,0.1034,LBen
D76T,0.1446,LBen
D76V,0.1283,LBen
D76W,0.6992,LPath
D76Y,0.1748,LBen
I77A,0.168,LBen
I77C,0.4048,Amb
I77D,0.2871,LBen
I77E,0.2732,LBen
I77F,0.0901,LBen
I77G,0.2485,LBen
I77H,0.2678,LBen
I77K,0.2571,LBen
I77L,0.0713,LBen
I77M,0.0858,LBen
I77N,0.1451,LBen
I77P,0.2631,LBen
I77Q,0.2256,LBen
I77R,0.2152,LBen
I77S,0.1502,LBen
I77T,0.1805,LBen
I77V,0.072,LBen
I77W,0.4609,Amb
I77Y,0.3002,LBen
P78A,0.0715,LBen
P78C,0.2727,LBen
P78D,0.3086,LBen
P78E,0.2152,LBen
P78F,0.2726,LBen
P78G,0.2184,LBen
P78H,0.116,LBen
P78I,0.1697,LBen
P78K,0.2303,LBen
P78L,0.0941,LBen
P78M,0.223,LBen
P78N,0.2335,LBen
P78Q,0.1111,LBen
P78R,0.135,LBen
P78S,0.1066,LBen
P78T,0.0935,LBen
P78V,0.1193,LBen
P78W,0.4289,Amb
P78Y,0.266,LBen
L79A,0.13,LBen
L79C,0.4248,Amb
L79D,0.5027,Amb
L79E,0.2544,LBen
L79F,0.1208,LBen
L79G,0.3002,LBen
L79H,0.2051,LBen
L79I,0.1015,LBen
L79K,0.2301,LBen
L79M,0.11,LBen
L79N,0.3551,Amb
L79P,0.1231,LBen
L79Q,0.1329,LBen
L79R,0.1576,LBen
L79S,0.1934,LBen
L79T,0.1649,LBen
L79V,0.0765,LBen
L79W,0.1796,LBen
L79Y,0.2877,LBen
G80A,0.5977,LPath
G80C,0.8756,LPath
G80D,0.9622,LPath
G80E,0.9492,LPath
G80F,0.8918,LPath
G80H,0.9699,LPath
G80I,0.837,LPath
G80K,0.9648,LPath
G80L,0.8275,LPath
G80M,0.9217,LPath
G80N,0.9612,LPath
G80P,0.9153,LPath
G80Q,0.9427,LPath
G80R,0.9437,LPath
G80S,0.7658,LPath
G80T,0.8512,LPath
G80V,0.7771,LPath
G80W,0.9345,LPath
G80Y,0.9073,LPath
P81A,0.3635,Amb
P81C,0.8821,LPath
P81D,0.9081,LPath
P81E,0.7421,LPath
P81F,0.864,LPath
P81G,0.6616,LPath
P81H,0.6069,LPath
P81I,0.7189,LPath
P81K,0.6699,LPath
P81L,0.493,Amb
P81M,0.7377,LPath
P81N,0.8348,LPath
P81Q,0.4962,Amb
P81R,0.4134,Amb
P81S,0.585,LPath
P81T,0.5644,LPath
P81V,0.5302,Amb
P81W,0.9194,LPath
P81Y,0.8469,LPath
Q82A,0.2026,LBen
Q82C,0.5595,Amb
Q82D,0.5871,LPath
Q82E,0.1518,LBen
Q82F,0.6754,LPath
Q82G,0.3312,LBen
Q82H,0.2215,LBen
Q82I,0.4031,Amb
Q82K,0.0935,LBen
Q82L,0.1446,LBen
Q82M,0.3748,Amb
Q82N,0.41,Amb
Q82P,0.198,LBen
Q82R,0.0829,LBen
Q82S,0.2848,LBen
Q82T,0.2395,LBen
Q82V,0.2333,LBen
Q82W,0.6265,LPath
Q82Y,0.5179,Amb
S83A,0.1076,LBen
S83C,0.2233,LBen
S83D,0.8563,LPath
S83E,0.8457,LPath
S83F,0.6808,LPath
S83G,0.1944,LBen
S83H,0.6809,LPath
S83I,0.7027,LPath
S83K,0.9182,LPath
S83L,0.4212,Amb
S83M,0.5085,Amb
S83N,0.4493,Amb
S83P,0.4288,Amb
S83Q,0.7284,LPath
S83R,0.8826,LPath
S83T,0.2575,LBen
S83V,0.5278,Amb
S83W,0.6943,LPath
S83Y,0.5387,Amb
N84A,0.2008,LBen
N84C,0.2842,LBen
N84D,0.31,LBen
N84E,0.6046,LPath
N84F,0.6984,LPath
N84G,0.2294,LBen
N84H,0.1095,LBen
N84I,0.4784,Amb
N84K,0.4236,Amb
N84L,0.3682,Amb
N84M,0.4516,Amb
N84P,0.5259,Amb
N84Q,0.3509,Amb
N84R,0.3784,Amb
N84S,0.0649,LBen
N84T,0.1375,LBen
N84V,0.3191,LBen
N84W,0.8167,LPath
N84Y,0.3048,LBen
V85A,0.7778,LPath
V85C,0.8976,LPath
V85D,0.9437,LPath
V85E,0.8588,LPath
V85F,0.4666,Amb
V85G,0.7922,LPath
V85H,0.9165,LPath
V85I,0.0831,LBen
V85K,0.7601,LPath
V85L,0.4699,Amb
V85M,0.3733,Amb
V85N,0.8827,LPath
V85P,0.9754,LPath
V85Q,0.7439,LPath
V85R,0.6939,LPath
V85S,0.8456,LPath
V85T,0.7018,LPath
V85W,0.9568,LPath
V85Y,0.8578,LPath
S86A,0.6817,LPath
S86C,0.8127,LPath
S86D,0.9916,LPath
S86E,0.9958,LPath
S86F,0.9872,LPath
S86G,0.8674,LPath
S86H,0.9771,LPath
S86I,0.9884,LPath
S86K,0.9982,LPath
S86L,0.9209,LPath
S86M,0.9512,LPath
S86N,0.9531,LPath
S86P,0.9633,LPath
S86Q,0.9881,LPath
S86R,0.9972,LPath
S86T,0.4941,Amb
S86V,0.9776,LPath
S86W,0.9824,LPath
S86Y,0.9813,LPath
L87A,0.993,LPath
L87C,0.9995,LPath
L87D,0.9998,LPath
L87E,0.9992,LPath
L87F,0.9879,LPath
L87G,0.9991,LPath
L87H,0.9992,LPath
L87I,0.914,LPath
L87K,0.9972,LPath
L87M,0.9331,LPath
L87N,0.9994,LPath
L87P,0.9987,LPath
L87Q,0.999,LPath
L87R,0.9938,LPath
L87S,0.9992,LPath
L87T,0.9966,LPath
L87V,0.95,LPath
L87W,0.9966,LPath
L87Y,0.997,LPath
L88A,0.9811,LPath
L88C,0.9975,LPath
L88D,0.9995,LPath
L88E,0.9971,LPath
L88F,0.9419,LPath
L88G,0.997,LPath
L88H,0.9953,LPath
L88I,0.6384,LPath
L88K,0.9902,LPath
L88M,0.7353,LPath
L88N,0.9989,LPath
L88P,0.9987,LPath
L88Q,0.9945,LPath
L88R,0.9791,LPath
L88S,0.9981,LPath
L88T,0.9893,LPath
L88V,0.8564,LPath
L88W,0.9634,LPath
L88Y,0.9842,LPath
D89A,0.9081,LPath
D89C,0.9938,LPath
D89E,0.8123,LPath
D89F,0.9688,LPath
D89G,0.9484,LPath
D89H,0.9298,LPath
D89I,0.9688,LPath
D89K,0.9786,LPath
D89L,0.9223,LPath
D89M,0.981,LPath
D89N,0.8811,LPath
D89P,0.9991,LPath
D89Q,0.9218,LPath
D89R,0.9699,LPath
D89S,0.8759,LPath
D89T,0.9628,LPath
D89V,0.8866,LPath
D89W,0.9911,LPath
D89Y,0.8783,LPath
Q90A,0.7601,LPath
Q90C,0.9892,LPath
Q90D,0.9899,LPath
Q90E,0.616,LPath
Q90F,0.9899,LPath
Q90G,0.9341,LPath
Q90H,0.9604,LPath
Q90I,0.9313,LPath
Q90K,0.7013,LPath
Q90L,0.8271,LPath
Q90M,0.7995,LPath
Q90N,0.9563,LPath
Q90P,0.999,LPath
Q90R,0.6423,LPath
Q90S,0.8739,LPath
Q90T,0.7424,LPath
Q90V,0.8154,LPath
Q90W,0.9909,LPath
Q90Y,0.9875,LPath
H91A,0.9661,LPath
H91C,0.9027,LPath
H91D,0.9957,LPath
H91E,0.9948,LPath
H91F,0.8998,LPath
H91G,0.9895,LPath
H91I,0.9853,LPath
H91K,0.9856,LPath
H91L,0.8641,LPath
H91M,0.9567,LPath
H91N,0.9641,LPath
H91P,0.9964,LPath
H91Q,0.9681,LPath
H91R,0.9626,LPath
H91S,0.9721,LPath
H91T,0.9905,LPath
H91V,0.97,LPath
H91W,0.912,LPath
H91Y,0.7581,LPath
Q92A,0.2989,LBen
Q92C,0.8085,LPath
Q92D,0.853,LPath
Q92E,0.2585,LBen
Q92F,0.8064,LPath
Q92G,0.4782,Amb
Q92H,0.3293,LBen
Q92I,0.5982,LPath
Q92K,0.2988,LBen
Q92L,0.2532,LBen
Q92M,0.4502,Amb
Q92N,0.4537,Amb
Q92P,0.9807,LPath
Q92R,0.2202,LBen
Q92S,0.3619,Amb
Q92T,0.3085,LBen
Q92V,0.4161,Amb
Q92W,0.774,LPath
Q92Y,0.6855,LPath
H93A,0.2792,LBen
H93C,0.2557,LBen
H93D,0.4081,Amb
H93E,0.2836,LBen
H93F,0.2957,LBen
H93G,0.5184,Amb
H93I,0.2401,LBen
H93K,0.2248,LBen
H93L,0.1086,LBen
H93M,0.3315,LBen
H93N,0.1653,LBen
H93P,0.9322,LPath
H93Q,0.1192,LBen
H93R,0.1144,LBen
H93S,0.3065,LBen
H93T,0.287,LBen
H93V,0.1849,LBen
H93W,0.4863,Amb
H93Y,0.1314,LBen
L94A,0.9663,LPath
L94C,0.9909,LPath
L94D,0.9982,LPath
L94E,0.9828,LPath
L94F,0.9089,LPath
L94G,0.9922,LPath
L94H,0.9808,LPath
L94I,0.7152,LPath
L94K,0.9538,LPath
L94M,0.6681,LPath
L94N,0.9918,LPath
L94P,0.9991,LPath
L94Q,0.9318,LPath
L94R,0.8784,LPath
L94S,0.9939,LPath
L94T,0.9891,LPath
L94V,0.8086,LPath
L94W,0.9449,LPath
L94Y,0.961,LPath
K95A,0.9717,LPath
K95C,0.982,LPath
K95D,0.9987,LPath
K95E,0.9681,LPath
K95F,0.9972,LPath
K95G,0.9874,LPath
K95H,0.9317,LPath
K95I,0.9507,LPath
K95L,0.8687,LPath
K95M,0.8784,LPath
K95N,0.9969,LPath
K95P,0.9985,LPath
K95Q,0.7063,LPath
K95R,0.1714,LBen
K95S,0.9934,LPath
K95T,0.9658,LPath
K95V,0.9105,LPath
K95W,0.9912,LPath
K95Y,0.9881,LPath
E96A,0.2361,LBen
E96C,0.9405,LPath
E96D,0.3305,LBen
E96F,0.9354,LPath
E96G,0.3366,LBen
E96H,0.7393,LPath
E96I,0.6133,LPath
E96K,0.3219,LBen
E96L,0.4784,Amb
E96M,0.6166,LPath
E96N,0.599,LPath
E96P,0.9936,LPath
E96Q,0.1696,LBen
E96R,0.4293,Amb
E96S,0.4808,Amb
E96T,0.5222,Amb
E96V,0.3851,Amb
E96W,0.9732,LPath
E96Y,0.8681,LPath
K97A,0.5581,Amb
K97C,0.8751,LPath
K97D,0.9142,LPath
K97E,0.47,Amb
K97F,0.9199,LPath
K97G,0.8702,LPath
K97H,0.5664,LPath
K97I,0.3999,Amb
K97L,0.3709,Amb
K97M,0.2435,LBen
K97N,0.8207,LPath
K97P,0.9937,LPath
K97Q,0.184,LBen
K97R,0.1246,LBen
K97S,0.8406,LPath
K97T,0.4338,Amb
K97V,0.3943,Amb
K97W,0.9227,LPath
K97Y,0.8461,LPath
A98C,0.9553,LPath
A98D,0.9825,LPath
A98E,0.9077,LPath
A98F,0.9102,LPath
A98G,0.7844,LPath
A98H,0.9465,LPath
A98I,0.9386,LPath
A98K,0.9764,LPath
A98L,0.708,LPath
A98M,0.8084,LPath
A98N,0.9534,LPath
A98P,0.9983,LPath
A98Q,0.8702,LPath
A98R,0.9087,LPath
A98S,0.6454,LPath
A98T,0.862,LPath
A98V,0.7907,LPath
A98W,0.9757,LPath
A98Y,0.915,LPath
E99A,0.2286,LBen
E99C,0.9589,LPath
E99D,0.386,Amb
E99F,0.9335,LPath
E99G,0.4433,Amb
E99H,0.8151,LPath
E99I,0.6648,LPath
E99K,0.4734,Amb
E99L,0.5494,Amb
E99M,0.6473,LPath
E99N,0.6167,LPath
E99P,0.9879,LPath
E99Q,0.2318,LBen
E99R,0.5765,LPath
E99S,0.4945,Amb
E99T,0.5538,Amb
E99V,0.4285,Amb
E99W,0.9818,LPath
E99Y,0.915,LPath
A100C,0.6584,LPath
A100D,0.5875,LPath
A100E,0.3212,LBen
A100F,0.5214,Amb
A100G,0.2713,LBen
A100H,0.5646,LPath
A100I,0.3843,Amb
A100K,0.5712,LPath
A100L,0.1986,LBen
A100M,0.2494,LBen
A100N,0.3939,Amb
A100P,0.9861,LPath
A100Q,0.2584,LBen
A100R,0.4808,Amb
A100S,0.1501,LBen
A100T,0.2014,LBen
A100V,0.2096,LBen
A100W,0.8544,LPath
A100Y,0.6242,LPath
R101A,0.6395,LPath
R101C,0.3963,Amb
R101D,0.9144,LPath
R101E,0.6004,LPath
R101F,0.8493,LPath
R101G,0.5828,LPath
R101H,0.3037,LBen
R101I,0.4708,Amb
R101K,0.1602,LBen
R101L,0.3836,Amb
R101M,0.5261,Amb
R101N,0.8752,LPath
R101P,0.9667,LPath
R101Q,0.1755,LBen
R101S,0.8158,LPath
R101T,0.6484,LPath
R101V,0.4867,Amb
R101W,0.5024,Amb
R101Y,0.7503,LPath
K102A,0.8158,LPath
K102C,0.9386,LPath
K102D,0.9579,LPath
K102E,0.7363,LPath
K102F,0.9811,LPath
K102G,0.8371,LPath
K102H,0.736,LPath
K102I,0.8834,LPath
K102L,0.7707,LPath
K102M,0.728,LPath
K102N,0.9345,LPath
K102P,0.9697,LPath
K102Q,0.3864,Amb
K102R,0.1235,LBen
K102S,0.9244,LPath
K102T,0.779,LPath
K102V,0.8071,LPath
K102W,0.9642,LPath
K102Y,0.9555,LPath
E103A,0.4616,Amb
E103C,0.9692,LPath
E103D,0.6647,LPath
E103F,0.9529,LPath
E103G,0.6778,LPath
E103H,0.9485,LPath
E103I,0.4609,Amb
E103K,0.7953,LPath
E103L,0.6589,LPath
E103M,0.7268,LPath
E103N,0.9088,LPath
E103P,0.972,LPath
E103Q,0.5098,Amb
E103R,0.8566,LPath
E103S,0.8191,LPath
E103T,0.6948,LPath
E103V,0.3018,LBen
E103W,0.9904,LPath
E103Y,0.9477,LPath
S104A,0.351,Amb
S104C,0.511,Amb
S104D,0.5736,LPath
S104E,0.9043,LPath
S104F,0.9035,LPath
S104G,0.2651,LBen
S104H,0.8375,LPath
S104I,0.822,LPath
S104K,0.958,LPath
S104L,0.5058,Amb
S104M,0.6163,LPath
S104N,0.2783,LBen
S104P,0.846,LPath
S104Q,0.9195,LPath
S104R,0.9597,LPath
S104T,0.0918,LBen
S104V,0.7452,LPath
S104W,0.8688,LPath
S104Y,0.8041,LPath
A105C,0.7063,LPath
A105D,0.4429,Amb
A105E,0.3727,Amb
A105F,0.5211,Amb
A105G,0.3064,LBen
A105H,0.5279,Amb
A105I,0.3576,Amb
A105K,0.7042,LPath
A105L,0.2106,LBen
A105M,0.34,LBen
A105N,0.3843,Amb
A105P,0.3902,Amb
A105Q,0.3582,Amb
A105R,0.6207,LPath
A105S,0.1435,LBen
A105T,0.166,LBen
A105V,0.1889,LBen
A105W,0.8602,LPath
A105Y,0.6599,LPath
K106A,0.5189,Amb
K106C,0.8501,LPath
K106D,0.9088,LPath
K106E,0.4637,Amb
K106F,0.8402,LPath
K106G,0.7512,LPath
K106H,0.5168,Amb
K106I,0.4921,Amb
K106L,0.3866,Amb
K106M,0.3142,LBen
K106N,0.876,LPath
K106P,0.9431,LPath
K106Q,0.2136,LBen
K106R,0.0773,LBen
K106S,0.7791,LPath
K106T,0.4322,Amb
K106V,0.3851,Amb
K106W,0.7888,LPath
K106Y,0.748,LPath
E107A,0.6596,LPath
E107C,0.9949,LPath
E107D,0.3899,Amb
E107F,0.9896,LPath
E107G,0.747,LPath
E107H,0.9756,LPath
E107I,0.9121,LPath
E107K,0.9078,LPath
E107L,0.9012,LPath
E107M,0.9303,LPath
E107N,0.9056,LPath
E107P,0.9981,LPath
E107Q,0.5922,LPath
E107R,0.928,LPath
E107S,0.8773,LPath
E107T,0.8915,LPath
E107V,0.7821,LPath
E107W,0.9958,LPath
E107Y,0.9776,LPath
K108A,0.8932,LPath
K108C,0.9503,LPath
K108D,0.9844,LPath
K108E,0.8603,LPath
K108F,0.9774,LPath
K108G,0.9597,LPath
K108H,0.7903,LPath
K108I,0.7554,LPath
K108L,0.7026,LPath
K108M,0.6524,LPath
K108N,0.9639,LPath
K108P,0.9982,LPath
K108Q,0.4475,Amb
K108R,0.1206,LBen
K108S,0.9747,LPath
K108T,0.8455,LPath
K108V,0.7547,LPath
K108W,0.9584,LPath
K108Y,0.9336,LPath
Q109A,0.3689,Amb
Q109C,0.8869,LPath
Q109D,0.9435,LPath
Q109E,0.3372,LBen
Q109F,0.8952,LPath
Q109G,0.8172,LPath
Q109H,0.7328,LPath
Q109I,0.4932,Amb
Q109K,0.2763,LBen
Q109L,0.2137,LBen
Q109M,0.3542,Amb
Q109N,0.819,LPath
Q109P,0.9891,LPath
Q109R,0.2642,LBen
Q109S,0.7157,LPath
Q109T,0.4975,Amb
Q109V,0.3652,Amb
Q109W,0.9076,LPath
Q109Y,0.8694,LPath
L110A,0.6937,LPath
L110C,0.8646,LPath
L110D,0.9777,LPath
L110E,0.7203,LPath
L110F,0.6386,LPath
L110G,0.9421,LPath
L110H,0.7806,LPath
L110I,0.2604,LBen
L110K,0.4561,Amb
L110M,0.2088,LBen
L110N,0.9018,LPath
L110P,0.9985,LPath
L110Q,0.3488,Amb
L110R,0.3266,LBen
L110S,0.9241,LPath
L110T,0.874,LPath
L110V,0.3043,LBen
L110W,0.7035,LPath
L110Y,0.787,LPath
K111A,0.7439,LPath
K111C,0.9129,LPath
K111D,0.9746,LPath
K111E,0.6973,LPath
K111F,0.9668,LPath
K111G,0.9336,LPath
K111H,0.6377,LPath
K111I,0.7376,LPath
K111L,0.5601,Amb
K111M,0.5696,LPath
K111N,0.9563,LPath
K111P,0.9966,LPath
K111Q,0.2996,LBen
K111R,0.093,LBen
K111S,0.9354,LPath
K111T,0.7682,LPath
K111V,0.7044,LPath
K111W,0.9312,LPath
K111Y,0.9358,LPath
E112A,0.4577,Amb
E112C,0.9877,LPath
E112D,0.7377,LPath
E112F,0.9848,LPath
E112G,0.7702,LPath
E112H,0.9429,LPath
E112I,0.7968,LPath
E112K,0.7231,LPath
E112L,0.8138,LPath
E112M,0.8295,LPath
E112N,0.9012,LPath
E112P,0.9988,LPath
E112Q,0.4436,Amb
E112R,0.7896,LPath
E112S,0.8405,LPath
E112T,0.7308,LPath
E112V,0.5739,LPath
E112W,0.995,LPath
E112Y,0.97,LPath
E113A,0.9709,LPath
E113C,0.9994,LPath
E113D,0.986,LPath
E113F,0.9999,LPath
E113G,0.9683,LPath
E113H,0.9993,LPath
E113I,0.9983,LPath
E113K,0.9937,LPath
E113L,0.9987,LPath
E113M,0.9971,LPath
E113N,0.9974,LPath
E113P,0.9998,LPath
E113Q,0.9748,LPath
E113R,0.994,LPath
E113S,0.9943,LPath
E113T,0.9927,LPath
E113V,0.9938,LPath
E113W,0.9998,LPath
E113Y,0.9994,LPath
E114A,0.2185,LBen
E114C,0.9535,LPath
E114D,0.4615,Amb
E114F,0.9596,LPath
E114G,0.3202,LBen
E114H,0.8188,LPath
E114I,0.7233,LPath
E114K,0.3861,Amb
E114L,0.6473,LPath
E114M,0.6392,LPath
E114N,0.6088,LPath
E114P,0.9987,LPath
E114Q,0.158,LBen
E114R,0.498,Amb
E114S,0.435,Amb
E114T,0.5061,Amb
E114V,0.5146,Amb
E114W,0.9851,LPath
E114Y,0.9212,LPath
K115A,0.6154,LPath
K115C,0.8767,LPath
K115D,0.8941,LPath
K115E,0.5371,Amb
K115F,0.9463,LPath
K115G,0.8459,LPath
K115H,0.5433,Amb
K115I,0.5824,LPath
K115L,0.5122,Amb
K115M,0.3855,Amb
K115N,0.7887,LPath
K115P,0.9971,LPath
K115Q,0.2504,LBen
K115R,0.115,LBen
K115S,0.8661,LPath
K115T,0.5241,Amb
K115V,0.5165,Amb
K115W,0.9437,LPath
K115Y,0.8893,LPath
I116A,0.9883,LPath
I116C,0.9985,LPath
I116D,0.9984,LPath
I116E,0.9933,LPath
I116F,0.8526,LPath
I116G,0.9986,LPath
I116H,0.9944,LPath
I116K,0.9912,LPath
I116L,0.3798,Amb
I116M,0.594,LPath
I116N,0.9904,LPath
I116P,0.9995,LPath
I116Q,0.9926,LPath
I116R,0.9808,LPath
I116S,0.9943,LPath
I116T,0.9947,LPath
I116V,0.7122,LPath
I116W,0.9876,LPath
I116Y,0.9593,LPath
L117A,0.9085,LPath
L117C,0.9841,LPath
L117D,0.9973,LPath
L117E,0.9465,LPath
L117F,0.8321,LPath
L117G,0.9879,LPath
L117H,0.9688,LPath
L117I,0.4952,Amb
L117K,0.921,LPath
L117M,0.3581,Amb
L117N,0.9853,LPath
L117P,0.9984,LPath
L117Q,0.8942,LPath
L117R,0.8774,LPath
L117S,0.9779,LPath
L117T,0.9323,LPath
L117V,0.6313,LPath
L117W,0.8985,LPath
L117Y,0.9443,LPath
E118A,0.1847,LBen
E118C,0.9353,LPath
E118D,0.3048,LBen
E118F,0.9405,LPath
E118G,0.399,Amb
E118H,0.6684,LPath
E118I,0.7605,LPath
E118K,0.4481,Amb
E118L,0.579,LPath
E118M,0.7083,LPath
E118N,0.5235,Amb
E118P,0.9932,LPath
E118Q,0.1491,LBen
E118R,0.5003,Amb
E118S,0.3427,Amb
E118T,0.4868,Amb
E118V,0.531,Amb
E118W,0.9792,LPath
E118Y,0.8834,LPath
S119A,0.194,LBen
S119C,0.5757,LPath
S119D,0.788,LPath
S119E,0.7974,LPath
S119F,0.8448,LPath
S119G,0.2466,LBen
S119H,0.7065,LPath
S119I,0.7643,LPath
S119K,0.9251,LPath
S119L,0.613,LPath
S119M,0.495,Amb
S119N,0.3964,Amb
S119P,0.998,LPath
S119Q,0.7423,LPath
S119R,0.931,LPath
S119T,0.2433,LBen
S119V,0.6892,LPath
S119W,0.9001,LPath
S119Y,0.745,LPath
V120A,0.8312,LPath
V120C,0.9578,LPath
V120D,0.9894,LPath
V120E,0.9576,LPath
V120F,0.5025,Amb
V120G,0.9252,LPath
V120H,0.9584,LPath
V120I,0.1203,LBen
V120K,0.9559,LPath
V120L,0.6893,LPath
V120M,0.5194,Amb
V120N,0.9456,LPath
V120P,0.9953,LPath
V120Q,0.8913,LPath
V120R,0.929,LPath
V120S,0.9209,LPath
V120T,0.852,LPath
V120W,0.98,LPath
V120Y,0.9276,LPath
A121C,0.7341,LPath
A121D,0.8662,LPath
A121E,0.5969,LPath
A121F,0.7874,LPath
A121G,0.4251,Amb
A121H,0.7529,LPath
A121I,0.585,LPath
A121K,0.6975,LPath
A121L,0.4172,Amb
A121M,0.396,Amb
A121N,0.6084,LPath
A121P,0.9743,LPath
A121Q,0.4243,Amb
A121R,0.5988,LPath
A121S,0.1511,LBen
A121T,0.1203,LBen
A121V,0.2753,LBen
A121W,0.9414,LPath
A121Y,0.8564,LPath
E122A,0.2785,LBen
E122C,0.9688,LPath
E122D,0.3112,LBen
E122F,0.9694,LPath
E122G,0.3016,LBen
E122H,0.8066,LPath
E122I,0.8497,LPath
E122K,0.4517,Amb
E122L,0.8201,LPath
E122M,0.8379,LPath
E122N,0.6079,LPath
E122P,0.9074,LPath
E122Q,0.2701,LBen
E122R,0.5888,LPath
E122S,0.3402,Amb
E122T,0.4997,Amb
E122V,0.6129,LPath
E122W,0.9897,LPath
E122Y,0.9448,LPath
G123A,0.2031,LBen
G123C,0.5253,Amb
G123D,0.4356,Amb
G123E,0.3224,LBen
G123F,0.8656,LPath
G123H,0.5459,Amb
G123I,0.5873,LPath
G123K,0.4982,Amb
G123L,0.7541,LPath
G123M,0.6587,LPath
G123N,0.2981,LBen
G123P,0.9632,LPath
G123Q,0.3674,Amb
G123R,0.4843,Amb
G123S,0.1188,LBen
G123T,0.1869,LBen
G123V,0.3587,Amb
G123W,0.8042,LPath
G123Y,0.7331,LPath
R124A,0.6224,LPath
R124C,0.5926,LPath
R124D,0.8788,LPath
R124E,0.5636,Amb
R124F,0.889,LPath
R124G,0.4345,Amb
R124H,0.2717,LBen
R124I,0.6089,LPath
R124K,0.1032,LBen
R124L,0.5527,Amb
R124M,0.5415,Amb
R124N,0.755,LPath
R124P,0.8718,LPath
R124Q,0.1534,LBen
R124S,0.6657,LPath
R124T,0.3154,LBen
R124V,0.5808,LPath
R124W,0.6826,LPath
R124Y,0.8147,LPath
A125C,0.9289,LPath
A125D,0.9655,LPath
A125E,0.8911,LPath
A125F,0.8891,LPath
A125G,0.6821,LPath
A125H,0.9076,LPath
A125I,0.8646,LPath
A125K,0.9192,LPath
A125L,0.6407,LPath
A125M,0.7324,LPath
A125N,0.8626,LPath
A125P,0.8521,LPath
A125Q,0.7219,LPath
A125R,0.8726,LPath
A125S,0.3388,LBen
A125T,0.5764,LPath
A125V,0.6051,LPath
A125W,0.9877,LPath
A125Y,0.9416,LPath
L126A,0.9759,LPath
L126C,0.9984,LPath
L126D,0.9994,LPath
L126E,0.9968,LPath
L126F,0.975,LPath
L126G,0.9934,LPath
L126H,0.9983,LPath
L126I,0.8859,LPath
L126K,0.9891,LPath
L126M,0.8087,LPath
L126N,0.997,LPath
L126P,0.997,LPath
L126Q,0.9948,LPath
L126R,0.9867,LPath
L126S,0.9972,LPath
L126T,0.9896,LPath
L126V,0.9157,LPath
L126W,0.9944,LPath
L126Y,0.996,LPath
M127A,0.794,LPath
M127C,0.9227,LPath
M127D,0.9958,LPath
M127E,0.9538,LPath
M127F,0.7614,LPath
M127G,0.9502,LPath
M127H,0.9166,LPath
M127I,0.9116,LPath
M127K,0.5704,LPath
M127L,0.2804,LBen
M127N,0.96,LPath
M127P,0.9963,LPath
M127Q,0.4975,Amb
M127R,0.6841,LPath
M127S,0.885,LPath
M127T,0.8854,LPath
M127V,0.3702,Amb
M127W,0.9647,LPath
M127Y,0.9263,LPath
S128A,0.1863,LBen
S128C,0.8351,LPath
S128D,0.9861,LPath
S128E,0.9925,LPath
S128F,0.9934,LPath
S128G,0.1988,LBen
S128H,0.986,LPath
S128I,0.9916,LPath
S128K,0.9983,LPath
S128L,0.9395,LPath
S128M,0.9488,LPath
S128N,0.9229,LPath
S128P,0.9221,LPath
S128Q,0.9858,LPath
S128R,0.9972,LPath
S128T,0.6471,LPath
S128V,0.9764,LPath
S128W,0.9949,LPath
S128Y,0.9904,LPath
V129A,0.8022,LPath
V129C,0.9826,LPath
V129D,0.9573,LPath
V129E,0.972,LPath
V129F,0.7709,LPath
V129G,0.9303,LPath
V129H,0.9815,LPath
V129I,0.3763,Amb
V129K,0.9875,LPath
V129L,0.9521,LPath
V129M,0.8818,LPath
V129N,0.9506,LPath
V129P,0.9814,LPath
V129Q,0.9547,LPath
V129R,0.9713,LPath
V129S,0.8331,LPath
V129T,0.8848,LPath
V129W,0.9932,LPath
V129Y,0.9599,LPath
K130A,0.4803,Amb
K130C,0.8571,LPath
K130D,0.8908,LPath
K130E,0.5008,Amb
K130F,0.9404,LPath
K130G,0.5652,LPath
K130H,0.4869,Amb
K130I,0.7912,LPath
K130L,0.6369,LPath
K130M,0.4654,Amb
K130N,0.7785,LPath
K130P,0.9554,LPath
K130Q,0.1646,LBen
K130R,0.0913,LBen
K130S,0.5881,LPath
K130T,0.4084,Amb
K130V,0.6741,LPath
K130W,0.9015,LPath
K130Y,0.86,LPath
E131A,0.9843,LPath
E131C,0.9995,LPath
E131D,0.9037,LPath
E131F,0.9999,LPath
E131G,0.9819,LPath
E131H,0.9991,LPath
E131I,0.999,LPath
E131K,0.9971,LPath
E131L,0.9987,LPath
E131M,0.9988,LPath
E131N,0.9965,LPath
E131P,0.9995,LPath
E131Q,0.9853,LPath
E131R,0.9969,LPath
E131S,0.9952,LPath
E131T,0.9977,LPath
E131V,0.9962,LPath
E131W,0.9999,LPath
E131Y,0.9993,LPath
M132A,0.8637,LPath
M132C,0.9716,LPath
M132D,0.9935,LPath
M132E,0.9551,LPath
M132F,0.798,LPath
M132G,0.981,LPath
M132H,0.9531,LPath
M132I,0.615,LPath
M132K,0.7994,LPath
M132L,0.1958,LBen
M132N,0.9485,LPath
M132P,0.9984,LPath
M132Q,0.7813,LPath
M132R,0.7656,LPath
M132S,0.9494,LPath
M132T,0.8933,LPath
M132V,0.2762,LBen
M132W,0.9552,LPath
M132Y,0.9293,LPath
A133C,0.9871,LPath
A133D,0.9988,LPath
A133E,0.9953,LPath
A133F,0.9954,LPath
A133G,0.9263,LPath
A133H,0.9966,LPath
A133I,0.996,LPath
A133K,0.9983,LPath
A133L,0.9651,LPath
A133M,0.9885,LPath
A133N,0.9966,LPath
A133P,0.9987,LPath
A133Q,0.9859,LPath
A133R,0.9896,LPath
A133S,0.741,LPath
A133T,0.98,LPath
A133V,0.9836,LPath
A133W,0.9991,LPath
A133Y,0.9968,LPath
K134A,0.53,Amb
K134C,0.7696,LPath
K134D,0.8748,LPath
K134E,0.4681,Amb
K134F,0.9514,LPath
K134G,0.658,LPath
K134H,0.4617,Amb
K134I,0.8411,LPath
K134L,0.5633,Amb
K134M,0.488,Amb
K134N,0.7562,LPath
K134P,0.9947,LPath
K134Q,0.1966,LBen
K134R,0.0989,LBen
K134S,0.6702,LPath
K134T,0.5084,Amb
K134V,0.6863,LPath
K134W,0.9398,LPath
K134Y,0.886,LPath
G135A,0.9012,LPath
G135C,0.9781,LPath
G135D,0.7435,LPath
G135E,0.9439,LPath
G135F,0.9969,LPath
G135H,0.987,LPath
G135I,0.9952,LPath
G135K,0.989,LPath
G135L,0.9908,LPath
G135M,0.9911,LPath
G135N,0.8431,LPath
G135P,0.9995,LPath
G135Q,0.9739,LPath
G135R,0.9886,LPath
G135S,0.8293,LPath
G135T,0.9748,LPath
G135V,0.9898,LPath
G135W,0.9954,LPath
G135Y,0.9897,LPath
I136A,0.9024,LPath
I136C,0.9324,LPath
I136D,0.9791,LPath
I136E,0.9203,LPath
I136F,0.6415,LPath
I136G,0.9773,LPath
I136H,0.9347,LPath
I136K,0.8273,LPath
I136L,0.4626,Amb
I136M,0.3394,LBen
I136N,0.8494,LPath
I136P,0.9966,LPath
I136Q,0.8848,LPath
I136R,0.8176,LPath
I136S,0.9034,LPath
I136T,0.5887,LPath
I136V,0.0938,LBen
I136W,0.9775,LPath
I136Y,0.9228,LPath
T137A,0.099,LBen
T137C,0.3057,LBen
T137D,0.525,Amb
T137E,0.2971,LBen
T137F,0.3084,LBen
T137G,0.3462,Amb
T137H,0.225,LBen
T137I,0.097,LBen
T137K,0.2344,LBen
T137L,0.1137,LBen
T137M,0.1005,LBen
T137N,0.1599,LBen
T137P,0.5179,Amb
T137Q,0.1897,LBen
T137R,0.2176,LBen
T137S,0.1193,LBen
T137V,0.0846,LBen
T137W,0.7212,LPath
T137Y,0.3521,Amb
Y138A,0.9944,LPath
Y138C,0.9735,LPath
Y138D,0.9957,LPath
Y138E,0.9988,LPath
Y138F,0.511,Amb
Y138G,0.9852,LPath
Y138H,0.9899,LPath
Y138I,0.9914,LPath
Y138K,0.9986,LPath
Y138L,0.9622,LPath
Y138M,0.9925,LPath
Y138N,0.9899,LPath
Y138P,0.9882,LPath
Y138Q,0.999,LPath
Y138R,0.9926,LPath
Y138S,0.98,LPath
Y138T,0.9935,LPath
Y138V,0.9758,LPath
Y138W,0.7708,LPath
D139A,0.1089,LBen
D139C,0.4845,Amb
D139E,0.0828,LBen
D139F,0.5968,LPath
D139G,0.1501,LBen
D139H,0.2239,LBen
D139I,0.2566,LBen
D139K,0.1955,LBen
D139L,0.2747,LBen
D139M,0.3936,Amb
D139N,0.0929,LBen
D139P,0.6877,LPath
D139Q,0.1708,LBen
D139R,0.2496,LBen
D139S,0.0833,LBen
D139T,0.0959,LBen
D139V,0.1503,LBen
D139W,0.8609,LPath
D139Y,0.3132,LBen
D140A,0.1808,LBen
D140C,0.6584,LPath
D140E,0.127,LBen
D140F,0.6904,LPath
D140G,0.3252,LBen
D140H,0.3399,LBen
D140I,0.3688,Amb
D140K,0.3257,LBen
D140L,0.3893,Amb
D140M,0.5568,Amb
D140N,0.1338,LBen
D140P,0.9532,LPath
D140Q,0.2682,LBen
D140R,0.4062,Amb
D140S,0.1392,LBen
D140T,0.2009,LBen
D140V,0.2218,LBen
D140W,0.9417,LPath
D140Y,0.3989,Amb
P141A,0.144,LBen
P141C,0.7118,LPath
P141D,0.9496,LPath
P141E,0.8866,LPath
P141F,0.9641,LPath
P141G,0.7195,LPath
P141H,0.7328,LPath
P141I,0.8777,LPath
P141K,0.9236,LPath
P141L,0.7871,LPath
P141M,0.8682,LPath
P141N,0.8387,LPath
P141Q,0.6988,LPath
P141R,0.7433,LPath
P141S,0.2543,LBen
P141T,0.4064,Amb
P141V,0.6884,LPath
P141W,0.9788,LPath
P141Y,0.954,LPath
I142A,0.9405,LPath
I142C,0.9655,LPath
I142D,0.9984,LPath
I142E,0.9936,LPath
I142F,0.7156,LPath
I142G,0.9914,LPath
I142H,0.9949,LPath
I142K,0.9918,LPath
I142L,0.1439,LBen
I142M,0.2409,LBen
I142N,0.9894,LPath
I142P,0.98,LPath
I142Q,0.9842,LPath
I142R,0.9849,LPath
I142S,0.9776,LPath
I142T,0.974,LPath
I142V,0.1326,LBen
I142W,0.9881,LPath
I142Y,0.9766,LPath
K143A,0.4193,Amb
K143C,0.598,LPath
K143D,0.7733,LPath
K143E,0.2935,LBen
K143F,0.8597,LPath
K143G,0.6014,LPath
K143H,0.3105,LBen
K143I,0.4716,Amb
K143L,0.4426,Amb
K143M,0.4022,Amb
K143N,0.667,LPath
K143P,0.6421,LPath
K143Q,0.1428,LBen
K143R,0.0826,LBen
K143S,0.5519,Amb
K143T,0.2218,LBen
K143V,0.3381,LBen
K143W,0.837,LPath
K143Y,0.7791,LPath
T144A,0.6143,LPath
T144C,0.7692,LPath
T144D,0.9722,LPath
T144E,0.9764,LPath
T144F,0.9749,LPath
T144G,0.6735,LPath
T144H,0.9069,LPath
T144I,0.9797,LPath
T144K,0.9554,LPath
T144L,0.8427,LPath
T144M,0.7022,LPath
T144N,0.7447,LPath
T144P,0.8844,LPath
T144Q,0.9239,LPath
T144R,0.9297,LPath
T144S,0.4211,Amb
T144V,0.8783,LPath
T144W,0.9877,LPath
T144Y,0.9586,LPath
S145A,0.1155,LBen
S145C,0.2242,LBen
S145D,0.8804,LPath
S145E,0.95,LPath
S145F,0.7693,LPath
S145G,0.0866,LBen
S145H,0.8173,LPath
S145I,0.7665,LPath
S145K,0.9802,LPath
S145L,0.439,Amb
S145M,0.6086,LPath
S145N,0.5216,Amb
S145P,0.7464,LPath
S145Q,0.8919,LPath
S145R,0.9577,LPath
S145T,0.1736,LBen
S145V,0.635,LPath
S145W,0.8738,LPath
S145Y,0.7498,LPath
W146A,0.9986,LPath
W146C,0.9988,LPath
W146D,0.9999,LPath
W146E,0.9999,LPath
W146F,0.8181,LPath
W146G,0.9947,LPath
W146H,0.9982,LPath
W146I,0.9985,LPath
W146K,0.9999,LPath
W146L,0.9945,LPath
W146M,0.9988,LPath
W146N,0.9997,LPath
W146P,0.9996,LPath
W146Q,0.9999,LPath
W146R,0.9997,LPath
W146S,0.9977,LPath
W146T,0.9994,LPath
W146V,0.9979,LPath
W146Y,0.9058,LPath
T147A,0.082,LBen
T147C,0.1389,LBen
T147D,0.417,Amb
T147E,0.19,LBen
T147F,0.1944,LBen
T147G,0.2031,LBen
T147H,0.0907,LBen
T147I,0.1025,LBen
T147K,0.0605,LBen
T147L,0.075,LBen
T147M,0.074,LBen
T147N,0.1198,LBen
T147P,0.5987,LPath
T147Q,0.0711,LBen
T147R,0.0617,LBen
T147S,0.093,LBen
T147V,0.0759,LBen
T147W,0.411,Amb
T147Y,0.1901,LBen
P148A,0.0519,LBen
P148C,0.4987,Amb
P148D,0.9849,LPath
P148E,0.8776,LPath
P148F,0.9136,LPath
P148G,0.5964,LPath
P148H,0.8752,LPath
P148I,0.518,Amb
P148K,0.9384,LPath
P148L,0.4506,Amb
P148M,0.6168,LPath
P148N,0.9441,LPath
P148Q,0.7419,LPath
P148R,0.8693,LPath
P148S,0.3332,LBen
P148T,0.3178,LBen
P148V,0.2647,LBen
P148W,0.9724,LPath
P148Y,0.937,LPath
P149A,0.6695,LPath
P149C,0.9511,LPath
P149D,0.9964,LPath
P149E,0.9909,LPath
P149F,0.9957,LPath
P149G,0.958,LPath
P149H,0.9586,LPath
P149I,0.9877,LPath
P149K,0.9905,LPath
P149L,0.9294,LPath
P149M,0.984,LPath
P149N,0.9911,LPath
P149Q,0.9684,LPath
P149R,0.9738,LPath
P149S,0.8653,LPath
P149T,0.9168,LPath
P149V,0.947,LPath
P149W,0.9969,LPath
P149Y,0.9956,LPath
R150A,0.3418,Amb
R150C,0.2214,LBen
R150D,0.6367,LPath
R150E,0.4829,Amb
R150F,0.6151,LPath
R150G,0.2208,LBen
R150H,0.1016,LBen
R150I,0.5404,Amb
R150K,0.1254,LBen
R150L,0.3429,Amb
R150M,0.5211,Amb
R150N,0.5129,Amb
R150P,0.3871,Amb
R150Q,0.1321,LBen
R150S,0.387,Amb
R150T,0.3917,Amb
R150V,0.4979,Amb
R150W,0.287,LBen
R150Y,0.3785,Amb
Y151A,0.3195,LBen
Y151C,0.0963,LBen
Y151D,0.5538,Amb
Y151E,0.7411,LPath
Y151F,0.0976,LBen
Y151G,0.3326,LBen
Y151H,0.1311,LBen
Y151I,0.5612,Amb
Y151K,0.6892,LPath
Y151L,0.5674,LPath
Y151M,0.5761,LPath
Y151N,0.247,LBen
Y151P,0.5524,Amb
Y151Q,0.4647,Amb
Y151R,0.4817,Amb
Y151S,0.2126,LBen
Y151T,0.3515,Amb
Y151V,0.4104,Amb
Y151W,0.2953,LBen
V152A,0.6023,LPath
V152C,0.6743,LPath
V152D,0.985,LPath
V152E,0.9549,LPath
V152F,0.3999,Amb
V152G,0.8289,LPath
V152H,0.9409,LPath
V152I,0.0586,LBen
V152K,0.9625,LPath
V152L,0.189,LBen
V152M,0.2871,LBen
V152N,0.8988,LPath
V152P,0.9626,LPath
V152Q,0.9077,LPath
V152R,0.9265,LPath
V152S,0.7683,LPath
V152T,0.6748,LPath
V152W,0.957,LPath
V152Y,0.8397,LPath
L153A,0.1435,LBen
L153C,0.3034,LBen
L153D,0.6386,LPath
L153E,0.2794,LBen
L153F,0.1889,LBen
L153G,0.3549,Amb
L153H,0.1918,LBen
L153I,0.1204,LBen
L153K,0.1715,LBen
L153M,0.107,LBen
L153N,0.3123,LBen
L153P,0.8716,LPath
L153Q,0.0975,LBen
L153R,0.1072,LBen
L153S,0.2031,LBen
L153T,0.1424,LBen
L153V,0.0951,LBen
L153W,0.3635,Amb
L153Y,0.3457,Amb
S154A,0.0581,LBen
S154C,0.0808,LBen
S154D,0.1591,LBen
S154E,0.19,LBen
S154F,0.216,LBen
S154G,0.0557,LBen
S154H,0.1306,LBen
S154I,0.2199,LBen
S154K,0.239,LBen
S154L,0.1045,LBen
S154M,0.1442,LBen
S154N,0.0716,LBen
S154P,0.672,LPath
S154Q,0.1529,LBen
S154R,0.216,LBen
S154T,0.0717,LBen
S154V,0.1645,LBen
S154W,0.3215,LBen
S154Y,0.1782,LBen
M155A,0.353,Amb
M155C,0.5764,LPath
M155D,0.9072,LPath
M155E,0.7139,LPath
M155F,0.2892,LBen
M155G,0.6329,LPath
M155H,0.5335,Amb
M155I,0.5169,Amb
M155K,0.3443,Amb
M155L,0.091,LBen
M155N,0.6694,LPath
M155P,0.9511,LPath
M155Q,0.2541,LBen
M155R,0.3072,LBen
M155S,0.4221,Amb
M155T,0.3856,Amb
M155V,0.1446,LBen
M155W,0.555,Amb
M155Y,0.5312,Amb
S156A,0.0964,LBen
S156C,0.1499,LBen
S156D,0.2785,LBen
S156E,0.4385,Amb
S156F,0.6395,LPath
S156G,0.0764,LBen
S156H,0.3511,Amb
S156I,0.5042,Amb
S156K,0.4544,Amb
S156L,0.209,LBen
S156M,0.2974,LBen
S156N,0.1397,LBen
S156P,0.0637,LBen
S156Q,0.3771,Amb
S156R,0.4887,Amb
S156T,0.0702,LBen
S156V,0.3426,Amb
S156W,0.6197,LPath
S156Y,0.4905,Amb
E157A,0.0728,LBen
E157C,0.4493,Amb
E157D,0.0789,LBen
E157F,0.4052,Amb
E157G,0.1064,LBen
E157H,0.1754,LBen
E157I,0.1598,LBen
E157K,0.085,LBen
E157L,0.1381,LBen
E157M,0.191,LBen
E157N,0.1251,LBen
E157P,0.116,LBen
E157Q,0.0796,LBen
E157R,0.1117,LBen
E157S,0.0927,LBen
E157T,0.0949,LBen
E157V,0.1007,LBen
E157W,0.5783,LPath
E157Y,0.3227,LBen
E158A,0.0729,LBen
E158C,0.543,Amb
E158D,0.0878,LBen
E158F,0.4527,Amb
E158G,0.1044,LBen
E158H,0.2445,LBen
E158I,0.1778,LBen
E158K,0.1309,LBen
E158L,0.168,LBen
E158M,0.2342,LBen
E158N,0.1516,LBen
E158P,0.2765,LBen
E158Q,0.0922,LBen
E158R,0.1864,LBen
E158S,0.103,LBen
E158T,0.1069,LBen
E158V,0.1184,LBen
E158W,0.6649,LPath
E158Y,0.3496,Amb
R159A,0.6505,LPath
R159C,0.4314,Amb
R159D,0.8008,LPath
R159E,0.6318,LPath
R159F,0.8183,LPath
R159G,0.5379,Amb
R159H,0.2221,LBen
R159I,0.6348,LPath
R159K,0.1523,LBen
R159L,0.5359,Amb
R159M,0.6427,LPath
R159N,0.8024,LPath
R159P,0.9376,LPath
R159Q,0.2001,LBen
R159S,0.7606,LPath
R159T,0.6023,LPath
R159V,0.6488,LPath
R159W,0.4333,Amb
R159Y,0.5814,LPath
H160A,0.3349,LBen
H160C,0.1368,LBen
H160D,0.5841,LPath
H160E,0.5143,Amb
H160F,0.3226,LBen
H160G,0.4132,Amb
H160I,0.3728,Amb
H160K,0.3622,Amb
H160L,0.1992,LBen
H160M,0.4211,Amb
H160N,0.1613,LBen
H160P,0.7336,LPath
H160Q,0.2027,LBen
H160R,0.1659,LBen
H160S,0.326,LBen
H160T,0.3863,Amb
H160V,0.3319,LBen
H160W,0.2831,LBen
H160Y,0.1416,LBen
E161A,0.1035,LBen
E161C,0.4913,Amb
E161D,0.0812,LBen
E161F,0.49,Amb
E161G,0.1169,LBen
E161H,0.2384,LBen
E161I,0.2412,LBen
E161K,0.2018,LBen
E161L,0.1876,LBen
E161M,0.2645,LBen
E161N,0.101,LBen
E161P,0.902,LPath
E161Q,0.0959,LBen
E161R,0.2232,LBen
E161S,0.1057,LBen
E161T,0.1505,LBen
E161V,0.169,LBen
E161W,0.7311,LPath
E161Y,0.366,Amb
R162A,0.3719,Amb
R162C,0.3264,LBen
R162D,0.6666,LPath
R162E,0.4419,Amb
R162F,0.6541,LPath
R162G,0.368,Amb
R162H,0.1739,LBen
R162I,0.4011,Amb
R162K,0.1118,LBen
R162L,0.3013,LBen
R162M,0.3823,Amb
R162N,0.5959,LPath
R162P,0.9544,LPath
R162Q,0.1455,LBen
R162S,0.5818,LPath
R162T,0.3608,Amb
R162V,0.4052,Amb
R162W,0.3686,Amb
R162Y,0.4887,Amb
V163A,0.5681,LPath
V163C,0.7932,LPath
V163D,0.959,LPath
V163E,0.872,LPath
V163F,0.4468,Amb
V163G,0.7272,LPath
V163H,0.9195,LPath
V163I,0.0781,LBen
V163K,0.9015,LPath
V163L,0.285,LBen
V163M,0.2926,LBen
V163N,0.825,LPath
V163P,0.9746,LPath
V163Q,0.8032,LPath
V163R,0.8652,LPath
V163S,0.7299,LPath
V163T,0.4305,Amb
V163W,0.9339,LPath
V163Y,0.8185,LPath
R164A,0.993,LPath
R164C,0.8269,LPath
R164D,0.9994,LPath
R164E,0.9811,LPath
R164F,0.9952,LPath
R164G,0.9889,LPath
R164H,0.8862,LPath
R164I,0.9846,LPath
R164K,0.7416,LPath
R164L,0.941,LPath
R164M,0.984,LPath
R164N,0.9981,LPath
R164P,0.9992,LPath
R164Q,0.6895,LPath
R164S,0.9973,LPath
R164T,0.9952,LPath
R164V,0.9865,LPath
R164W,0.8952,LPath
R164Y,0.979,LPath
K165A,0.3289,LBen
K165C,0.4149,Amb
K165D,0.5352,Amb
K165E,0.2049,LBen
K165F,0.8,LPath
K165G,0.3158,LBen
K165H,0.2056,LBen
K165I,0.5404,Amb
K165L,0.367,Amb
K165M,0.3335,LBen
K165N,0.374,Amb
K165P,0.9721,LPath
K165Q,0.0961,LBen
K165R,0.0637,LBen
K165S,0.3579,Amb
K165T,0.268,LBen
K165V,0.4594,Amb
K165W,0.6269,LPath
K165Y,0.6358,LPath
K166A,0.6908,LPath
K166C,0.7971,LPath
K166D,0.7933,LPath
K166E,0.5991,LPath
K166F,0.9436,LPath
K166G,0.7903,LPath
K166H,0.4585,Amb
K166I,0.7424,LPath
K166L,0.6724,LPath
K166M,0.5862,LPath
K166N,0.7224,LPath
K166P,0.9834,LPath
K166Q,0.2921,LBen
K166R,0.1012,LBen
K166S,0.7722,LPath
K166T,0.4584,Amb
K166V,0.6856,LPath
K166W,0.8987,LPath
K166Y,0.8033,LPath
Y167A,0.8353,LPath
Y167C,0.299,LBen
Y167D,0.8788,LPath
Y167E,0.9355,LPath
Y167F,0.0966,LBen
Y167G,0.7714,LPath
Y167H,0.3127,LBen
Y167I,0.863,LPath
Y167K,0.9126,LPath
Y167L,0.6847,LPath
Y167M,0.7866,LPath
Y167N,0.4528,Amb
Y167P,0.9936,LPath
Y167Q,0.8282,LPath
Y167R,0.8336,LPath
Y167S,0.701,LPath
Y167T,0.8833,LPath
Y167V,0.7923,LPath
Y167W,0.3415,Amb
H168A,0.7484,LPath
H168C,0.3225,LBen
H168D,0.8804,LPath
H168E,0.9122,LPath
H168F,0.6733,LPath
H168G,0.6554,LPath
H168I,0.9578,LPath
H168K,0.6948,LPath
H168L,0.6545,LPath
H168M,0.8915,LPath
H168N,0.5401,Amb
H168P,0.9443,LPath
H168Q,0.6116,LPath
H168R,0.3177,LBen
H168S,0.7076,LPath
H168T,0.8981,LPath
H168V,0.8996,LPath
H168W,0.7599,LPath
H168Y,0.3397,LBen
I169A,0.9906,LPath
I169C,0.9782,LPath
I169D,0.9996,LPath
I169E,0.9995,LPath
I169F,0.9586,LPath
I169G,0.9983,LPath
I169H,0.9992,LPath
I169K,0.9993,LPath
I169L,0.6091,LPath
I169M,0.6493,LPath
I169N,0.9957,LPath
I169P,0.9989,LPath
I169Q,0.9985,LPath
I169R,0.9983,LPath
I169S,0.9922,LPath
I169T,0.9921,LPath
I169V,0.2708,LBen
I169W,0.9993,LPath
I169Y,0.9957,LPath
L170A,0.4331,Amb
L170C,0.7512,LPath
L170D,0.8992,LPath
L170E,0.6948,LPath
L170F,0.3995,Amb
L170G,0.827,LPath
L170H,0.5664,LPath
L170I,0.1274,LBen
L170K,0.6918,LPath
L170M,0.1652,LBen
L170N,0.6572,LPath
L170P,0.9797,LPath
L170Q,0.4136,Amb
L170R,0.5892,LPath
L170S,0.5655,LPath
L170T,0.3091,LBen
L170V,0.1556,LBen
L170W,0.714,LPath
L170Y,0.7173,LPath
V171A,0.2289,LBen
V171C,0.7094,LPath
V171D,0.9808,LPath
V171E,0.9564,LPath
V171F,0.8464,LPath
V171G,0.5992,LPath
V171H,0.9817,LPath
V171I,0.1187,LBen
V171K,0.972,LPath
V171L,0.6222,LPath
V171M,0.5958,LPath
V171N,0.9148,LPath
V171P,0.9485,LPath
V171Q,0.9396,LPath
V171R,0.9532,LPath
V171S,0.4976,Amb
V171T,0.2139,LBen
V171W,0.9922,LPath
V171Y,0.9779,LPath
E172A,0.5593,Amb
E172C,0.9577,LPath
E172D,0.1189,LBen
E172F,0.9596,LPath
E172G,0.622,LPath
E172H,0.8462,LPath
E172I,0.8727,LPath
E172K,0.8061,LPath
E172L,0.8751,LPath
E172M,0.9009,LPath
E172N,0.5785,LPath
E172P,0.9943,LPath
E172Q,0.5085,Amb
E172R,0.8381,LPath
E172S,0.4537,Amb
E172T,0.5959,LPath
E172V,0.737,LPath
E172W,0.9842,LPath
E172Y,0.9285,LPath
G173A,0.8335,LPath
G173C,0.975,LPath
G173D,0.9708,LPath
G173E,0.9859,LPath
G173F,0.9971,LPath
G173H,0.9967,LPath
G173I,0.9932,LPath
G173K,0.996,LPath
G173L,0.9932,LPath
G173M,0.9939,LPath
G173N,0.9792,LPath
G173P,0.9971,LPath
G173Q,0.9931,LPath
G173R,0.9927,LPath
G173S,0.8423,LPath
G173T,0.9518,LPath
G173V,0.9826,LPath
G173W,0.9925,LPath
G173Y,0.9956,LPath
D174A,0.0999,LBen
D174C,0.31,LBen
D174E,0.0601,LBen
D174F,0.3485,Amb
D174G,0.1275,LBen
D174H,0.1745,LBen
D174I,0.1633,LBen
D174K,0.1771,LBen
D174L,0.1829,LBen
D174M,0.2783,LBen
D174N,0.0849,LBen
D174P,0.3887,Amb
D174Q,0.1352,LBen
D174R,0.2207,LBen
D174S,0.0815,LBen
D174T,0.1056,LBen
D174V,0.1075,LBen
D174W,0.6477,LPath
D174Y,0.1911,LBen
G175A,0.0974,LBen
G175C,0.1282,LBen
G175D,0.1114,LBen
G175E,0.1473,LBen
G175F,0.3776,Amb
G175H,0.1833,LBen
G175I,0.2644,LBen
G175K,0.2248,LBen
G175L,0.2447,LBen
G175M,0.2531,LBen
G175N,0.1236,LBen
G175P,0.6952,LPath
G175Q,0.1518,LBen
G175R,0.1906,LBen
G175S,0.0927,LBen
G175T,0.117,LBen
G175V,0.1722,LBen
G175W,0.3862,Amb
G175Y,0.2651,LBen
I176A,0.355,Amb
I176C,0.3674,Amb
I176D,0.8558,LPath
I176E,0.7329,LPath
I176F,0.2707,LBen
I176G,0.6707,LPath
I176H,0.6383,LPath
I176K,0.5723,LPath
I176L,0.0832,LBen
I176M,0.1124,LBen
I176N,0.4326,Amb
I176P,0.4667,Amb
I176Q,0.5344,Amb
I176R,0.5309,Amb
I176S,0.3938,Amb
I176T,0.2777,LBen
I176V,0.0688,LBen
I176W,0.8409,LPath
I176Y,0.6487,LPath
P177A,0.222,LBen
P177C,0.5684,LPath
P177D,0.9862,LPath
P177E,0.9506,LPath
P177F,0.9191,LPath
P177G,0.8436,LPath
P177H,0.867,LPath
P177I,0.5529,Amb
P177K,0.9706,LPath
P177L,0.4067,Amb
P177M,0.7337,LPath
P177N,0.9511,LPath
P177Q,0.834,LPath
P177R,0.9128,LPath
P177S,0.5567,Amb
P177T,0.4551,Amb
P177V,0.3458,Amb
P177W,0.9762,LPath
P177Y,0.9476,LPath
P178A,0.1075,LBen
P178C,0.4286,Amb
P178D,0.9073,LPath
P178E,0.7175,LPath
P178F,0.7691,LPath
P178G,0.5254,Amb
P178H,0.4648,Amb
P178I,0.5754,LPath
P178K,0.6607,LPath
P178L,0.2889,LBen
P178M,0.5417,Amb
P178N,0.7301,LPath
P178Q,0.3959,Amb
P178R,0.4679,Amb
P178S,0.2649,LBen
P178T,0.3404,Amb
P178V,0.3586,Amb
P178W,0.8674,LPath
P178Y,0.7523,LPath
P179A,0.5675,LPath
P179C,0.9265,LPath
P179D,0.9993,LPath
P179E,0.9977,LPath
P179F,0.9975,LPath
P179G,0.9767,LPath
P179H,0.9946,LPath
P179I,0.9273,LPath
P179K,0.9987,LPath
P179L,0.8909,LPath
P179M,0.9768,LPath
P179N,0.9981,LPath
P179Q,0.9927,LPath
P179R,0.9948,LPath
P179S,0.9481,LPath
P179T,0.9163,LPath
P179V,0.7755,LPath
P179W,0.9994,LPath
P179Y,0.9986,LPath
I180A,0.6429,LPath
I180C,0.6536,LPath
I180D,0.9931,LPath
I180E,0.9822,LPath
I180F,0.7533,LPath
I180G,0.9228,LPath
I180H,0.9759,LPath
I180K,0.9861,LPath
I180L,0.0949,LBen
I180M,0.1917,LBen
I180N,0.8798,LPath
I180P,0.9851,LPath
I180Q,0.9577,LPath
I180R,0.9719,LPath
I180S,0.7656,LPath
I180T,0.6554,LPath
I180V,0.0722,LBen
I180W,0.9877,LPath
I180Y,0.9683,LPath
K181A,0.7281,LPath
K181C,0.7644,LPath
K181D,0.9457,LPath
K181E,0.7922,LPath
K181F,0.946,LPath
K181G,0.7647,LPath
K181H,0.5899,LPath
K181I,0.7879,LPath
K181L,0.6548,LPath
K181M,0.686,LPath
K181N,0.9089,LPath
K181P,0.767,LPath
K181Q,0.3996,Amb
K181R,0.094,LBen
K181S,0.8214,LPath
K181T,0.4852,Amb
K181V,0.6744,LPath
K181W,0.9127,LPath
K181Y,0.8929,LPath
S182A,0.1843,LBen
S182C,0.1043,LBen
S182D,0.651,LPath
S182E,0.8493,LPath
S182F,0.4951,Amb
S182G,0.1427,LBen
S182H,0.3348,LBen
S182I,0.6079,LPath
S182K,0.864,LPath
S182L,0.2999,LBen
S182M,0.3322,LBen
S182N,0.1614,LBen
S182P,0.9743,LPath
S182Q,0.6503,LPath
S182R,0.8319,LPath
S182T,0.0773,LBen
S182V,0.4729,Amb
S182W,0.6116,LPath
S182Y,0.341,Amb
F183A,0.9986,LPath
F183C,0.9956,LPath
F183D,0.9997,LPath
F183E,0.9997,LPath
F183G,0.999,LPath
F183H,0.9958,LPath
F183I,0.9917,LPath
F183K,0.9997,LPath
F183L,0.9984,LPath
F183M,0.9911,LPath
F183N,0.9991,LPath
F183P,0.9995,LPath
F183Q,0.9992,LPath
F183R,0.9988,LPath
F183S,0.9983,LPath
F183T,0.9992,LPath
F183V,0.9916,LPath
F183W,0.8231,LPath
F183Y,0.8177,LPath
K184A,0.4546,Amb
K184C,0.6466,LPath
K184D,0.8304,LPath
K184E,0.3828,Amb
K184F,0.8965,LPath
K184G,0.5332,Amb
K184H,0.3715,Amb
K184I,0.6379,LPath
K184L,0.5303,Amb
K184M,0.4904,Amb
K184N,0.7812,LPath
K184P,0.8062,LPath
K184Q,0.1676,LBen
K184R,0.0638,LBen
K184S,0.589,LPath
K184T,0.374,Amb
K184V,0.5117,Amb
K184W,0.7234,LPath
K184Y,0.766,LPath
E185A,0.5651,LPath
E185C,0.9721,LPath
E185D,0.2942,LBen
E185F,0.985,LPath
E185G,0.6685,LPath
E185H,0.9154,LPath
E185I,0.966,LPath
E185K,0.9254,LPath
E185L,0.9466,LPath
E185M,0.9393,LPath
E185N,0.8082,LPath
E185P,0.991,LPath
E185Q,0.6015,LPath
E185R,0.9424,LPath
E185S,0.7371,LPath
E185T,0.8873,LPath
E185V,0.8955,LPath
E185W,0.9943,LPath
E185Y,0.9557,LPath
M186A,0.9689,LPath
M186C,0.9261,LPath
M186D,0.9989,LPath
M186E,0.9954,LPath
M186F,0.9062,LPath
M186G,0.9779,LPath
M186H,0.9967,LPath
M186I,0.9849,LPath
M186K,0.9963,LPath
M186L,0.7229,LPath
M186N,0.9861,LPath
M186P,0.9997,LPath
M186Q,0.9685,LPath
M186R,0.9972,LPath
M186S,0.9665,LPath
M186T,0.9789,LPath
M186V,0.8788,LPath
M186W,0.9943,LPath
M186Y,0.9877,LPath
K187A,0.9139,LPath
K187C,0.7746,LPath
K187D,0.9889,LPath
K187E,0.9742,LPath
K187F,0.991,LPath
K187G,0.8258,LPath
K187H,0.706,LPath
K187I,0.9765,LPath
K187L,0.905,LPath
K187M,0.8948,LPath
K187N,0.9615,LPath
K187P,0.987,LPath
K187Q,0.7093,LPath
K187R,0.1302,LBen
K187S,0.962,LPath
K187T,0.9436,LPath
K187V,0.9392,LPath
K187W,0.9861,LPath
K187Y,0.9578,LPath
F188A,0.9901,LPath
F188C,0.9207,LPath
F188D,0.9996,LPath
F188E,0.9994,LPath
F188G,0.9958,LPath
F188H,0.9967,LPath
F188I,0.5339,Amb
F188K,0.9995,LPath
F188L,0.7777,LPath
F188M,0.6926,LPath
F188N,0.9981,LPath
F188P,0.9994,LPath
F188Q,0.9984,LPath
F188R,0.999,LPath
F188S,0.9967,LPath
F188T,0.9937,LPath
F188V,0.6769,LPath
F188W,0.9324,LPath
F188Y,0.7689,LPath
P189A,0.7731,LPath
P189C,0.936,LPath
P189D,0.942,LPath
P189E,0.9516,LPath
P189F,0.9935,LPath
P189G,0.8916,LPath
P189H,0.6006,LPath
P189I,0.9934,LPath
P189K,0.9828,LPath
P189L,0.9474,LPath
P189M,0.9837,LPath
P189N,0.8774,LPath
P189Q,0.872,LPath
P189R,0.9514,LPath
P189S,0.6262,LPath
P189T,0.8375,LPath
P189V,0.9764,LPath
P189W,0.988,LPath
P189Y,0.9824,LPath
A190C,0.2412,LBen
A190D,0.2261,LBen
A190E,0.1935,LBen
A190F,0.2261,LBen
A190G,0.0943,LBen
A190H,0.2028,LBen
A190I,0.1242,LBen
A190K,0.2323,LBen
A190L,0.0895,LBen
A190M,0.1173,LBen
A190N,0.1315,LBen
A190P,0.0705,LBen
A190Q,0.1456,LBen
A190R,0.2581,LBen
A190S,0.0749,LBen
A190T,0.0695,LBen
A190V,0.076,LBen
A190W,0.4792,Amb
A190Y,0.253,LBen
A191C,0.2896,LBen
A191D,0.7163,LPath
A191E,0.5965,LPath
A191F,0.6091,LPath
A191G,0.1399,LBen
A191H,0.6467,LPath
A191I,0.3241,LBen
A191K,0.8305,LPath
A191L,0.4119,Amb
A191M,0.4016,Amb
A191N,0.4156,Amb
A191P,0.1287,LBen
A191Q,0.5391,Amb
A191R,0.7793,LPath
A191S,0.0937,LBen
A191T,0.1493,LBen
A191V,0.171,LBen
A191W,0.8996,LPath
A191Y,0.709,LPath
I192A,0.9294,LPath
I192C,0.9286,LPath
I192D,0.9994,LPath
I192E,0.9981,LPath
I192F,0.6587,LPath
I192G,0.9934,LPath
I192H,0.9971,LPath
I192K,0.9982,LPath
I192L,0.183,LBen
I192M,0.3083,LBen
I192N,0.9927,LPath
I192P,0.9922,LPath
I192Q,0.996,LPath
I192R,0.9969,LPath
I192S,0.9765,LPath
I192T,0.9377,LPath
I192V,0.0769,LBen
I192W,0.9945,LPath
I192Y,0.9829,LPath
L193A,0.6782,LPath
L193C,0.621,LPath
L193D,0.9865,LPath
L193E,0.8629,LPath
L193F,0.675,LPath
L193G,0.8669,LPath
L193H,0.7728,LPath
L193I,0.1315,LBen
L193K,0.7775,LPath
L193M,0.1993,LBen
L193N,0.8092,LPath
L193P,0.9812,LPath
L193Q,0.4665,Amb
L193R,0.6406,LPath
L193S,0.7548,LPath
L193T,0.5075,Amb
L193V,0.1429,LBen
L193W,0.8676,LPath
L193Y,0.8761,LPath
R194A,0.241,LBen
R194C,0.1509,LBen
R194D,0.4504,Amb
R194E,0.2791,LBen
R194F,0.5305,Amb
R194G,0.1981,LBen
R194H,0.089,LBen
R194I,0.3644,Amb
R194K,0.0719,LBen
R194L,0.2075,LBen
R194M,0.2787,LBen
R194N,0.3697,Amb
R194P,0.8953,LPath
R194Q,0.0868,LBen
R194S,0.3078,LBen
R194T,0.1985,LBen
R194V,0.3525,Amb
R194W,0.2455,LBen
R194Y,0.3456,Amb
G195A,0.3529,Amb
G195C,0.8396,LPath
G195D,0.9911,LPath
G195E,0.9856,LPath
G195F,0.9839,LPath
G195H,0.9892,LPath
G195I,0.9663,LPath
G195K,0.9969,LPath
G195L,0.9754,LPath
G195M,0.9757,LPath
G195N,0.9713,LPath
G195P,0.9981,LPath
G195Q,0.9848,LPath
G195R,0.9932,LPath
G195S,0.6468,LPath
G195T,0.9147,LPath
G195V,0.9241,LPath
G195W,0.989,LPath
G195Y,0.979,LPath
L196A,0.9861,LPath
L196C,0.9425,LPath
L196D,0.9999,LPath
L196E,0.9989,LPath
L196F,0.8999,LPath
L196G,0.9975,LPath
L196H,0.9982,LPath
L196I,0.5989,LPath
L196K,0.9981,LPath
L196M,0.4835,Amb
L196N,0.999,LPath
L196P,0.9993,LPath
L196Q,0.9951,LPath
L196R,0.996,LPath
L196S,0.9988,LPath
L196T,0.9907,LPath
L196V,0.7005,LPath
L196W,0.9909,LPath
L196Y,0.9955,LPath
K197A,0.496,Amb
K197C,0.6222,LPath
K197D,0.7744,LPath
K197E,0.3183,LBen
K197F,0.8856,LPath
K197G,0.5247,Amb
K197H,0.3111,LBen
K197I,0.6351,LPath
K197L,0.506,Amb
K197M,0.4613,Amb
K197N,0.7015,LPath
K197P,0.9645,LPath
K197Q,0.1236,LBen
K197R,0.07,LBen
K197S,0.578,LPath
K197T,0.4139,Amb
K197V,0.5468,Amb
K197W,0.7449,LPath
K197Y,0.7389,LPath
K198A,0.41,Amb
K198C,0.6335,LPath
K198D,0.6422,LPath
K198E,0.2954,LBen
K198F,0.8637,LPath
K198G,0.4572,Amb
K198H,0.3438,Amb
K198I,0.5739,LPath
K198L,0.4192,Amb
K198M,0.3622,Amb
K198N,0.5369,Amb
K198P,0.9702,LPath
K198Q,0.1331,LBen
K198R,0.0786,LBen
K198S,0.4952,Amb
K198T,0.3486,Amb
K198V,0.4883,Amb
K198W,0.8156,LPath
K198Y,0.7156,LPath
K199A,0.905,LPath
K199C,0.9405,LPath
K199D,0.9772,LPath
K199E,0.9171,LPath
K199F,0.9903,LPath
K199G,0.933,LPath
K199H,0.7528,LPath
K199I,0.9565,LPath
K199L,0.8683,LPath
K199M,0.8537,LPath
K199N,0.9534,LPath
K199P,0.9939,LPath
K199Q,0.6067,LPath
K199R,0.1538,LBen
K199S,0.9574,LPath
K199T,0.8893,LPath
K199V,0.9219,LPath
K199W,0.9819,LPath
K199Y,0.956,LPath
G200A,0.4068,Amb
G200C,0.5719,LPath
G200D,0.4728,Amb
G200E,0.5962,LPath
G200F,0.9486,LPath
G200H,0.6678,LPath
G200I,0.9214,LPath
G200K,0.6773,LPath
G200L,0.8782,LPath
G200M,0.8457,LPath
G200N,0.3166,LBen
G200P,0.996,LPath
G200Q,0.5378,Amb
G200R,0.6685,LPath
G200S,0.2482,LBen
G200T,0.6693,LPath
G200V,0.8286,LPath
G200W,0.926,LPath
G200Y,0.8442,LPath
I201A,0.992,LPath
I201C,0.9926,LPath
I201D,0.9991,LPath
I201E,0.9982,LPath
I201F,0.7413,LPath
I201G,0.9973,LPath
I201H,0.9941,LPath
I201K,0.996,LPath
I201L,0.7145,LPath
I201M,0.8134,LPath
I201N,0.9857,LPath
I201P,0.9968,LPath
I201Q,0.996,LPath
I201R,0.9899,LPath
I201S,0.9881,LPath
I201T,0.9925,LPath
I201V,0.5951,LPath
I201W,0.9799,LPath
I201Y,0.9502,LPath
H202A,0.1052,LBen
H202C,0.0931,LBen
H202D,0.1919,LBen
H202E,0.1557,LBen
H202F,0.1668,LBen
H202G,0.1626,LBen
H202I,0.0879,LBen
H202K,0.1322,LBen
H202L,0.0562,LBen
H202M,0.1598,LBen
H202N,0.0782,LBen
H202P,0.2008,LBen
H202Q,0.0723,LBen
H202R,0.0825,LBen
H202S,0.0948,LBen
H202T,0.0777,LBen
H202V,0.0753,LBen
H202W,0.3156,LBen
H202Y,0.0924,LBen
H203A,0.1841,LBen
H203C,0.1212,LBen
H203D,0.3747,Amb
H203E,0.3063,LBen
H203F,0.243,LBen
H203G,0.3361,LBen
H203I,0.2062,LBen
H203K,0.1933,LBen
H203L,0.1124,LBen
H203M,0.2944,LBen
H203N,0.1276,LBen
H203P,0.6321,LPath
H203Q,0.1045,LBen
H203R,0.1045,LBen
H203S,0.1619,LBen
H203T,0.1453,LBen
H203V,0.1661,LBen
H203W,0.4136,Amb
H203Y,0.1147,LBen
P204A,0.8946,LPath
P204C,0.9827,LPath
P204D,0.9999,LPath
P204E,0.9996,LPath
P204F,0.9997,LPath
P204G,0.9944,LPath
P204H,0.9989,LPath
P204I,0.9972,LPath
P204K,0.9995,LPath
P204L,0.9768,LPath
P204M,0.9963,LPath
P204N,0.9997,LPath
P204Q,0.9982,LPath
P204R,0.998,LPath
P204S,0.9934,LPath
P204T,0.993,LPath
P204V,0.9903,LPath
P204W,0.9999,LPath
P204Y,0.9998,LPath
T205A,0.8138,LPath
T205C,0.9687,LPath
T205D,0.9933,LPath
T205E,0.9952,LPath
T205F,0.9843,LPath
T205G,0.8748,LPath
T205H,0.9519,LPath
T205I,0.9947,LPath
T205K,0.9863,LPath
T205L,0.893,LPath
T205M,0.8822,LPath
T205N,0.9101,LPath
T205P,0.9563,LPath
T205Q,0.974,LPath
T205R,0.9853,LPath
T205S,0.3548,Amb
T205V,0.9712,LPath
T205W,0.996,LPath
T205Y,0.9827,LPath
P206A,0.4424,Amb
P206C,0.968,LPath
P206D,0.9954,LPath
P206E,0.9814,LPath
P206F,0.9958,LPath
P206G,0.9399,LPath
P206H,0.9713,LPath
P206I,0.9802,LPath
P206K,0.9901,LPath
P206L,0.9204,LPath
P206M,0.9635,LPath
P206N,0.9793,LPath
P206Q,0.8903,LPath
P206R,0.9675,LPath
P206S,0.8044,LPath
P206T,0.8712,LPath
P206V,0.927,LPath
P206W,0.9982,LPath
P206Y,0.9961,LPath
I207A,0.996,LPath
I207C,0.9988,LPath
I207D,1.0,LPath
I207E,0.9997,LPath
I207F,0.9946,LPath
I207G,0.9997,LPath
I207H,0.9999,LPath
I207K,0.9998,LPath
I207L,0.9173,LPath
I207M,0.9519,LPath
I207N,0.9995,LPath
I207P,0.9983,LPath
I207Q,0.9997,LPath
I207R,0.9996,LPath
I207S,0.9979,LPath
I207T,0.9974,LPath
I207V,0.5206,Amb
I207W,0.9998,LPath
I207Y,0.9995,LPath
Q208A,0.9614,LPath
Q208C,0.9989,LPath
Q208D,0.9997,LPath
Q208E,0.9576,LPath
Q208F,0.9996,LPath
Q208G,0.9729,LPath
Q208H,0.9991,LPath
Q208I,0.9961,LPath
Q208K,0.9987,LPath
Q208L,0.9898,LPath
Q208M,0.9589,LPath
Q208N,0.9959,LPath
Q208P,0.999,LPath
Q208R,0.9988,LPath
Q208S,0.9621,LPath
Q208T,0.9856,LPath
Q208V,0.9937,LPath
Q208W,0.9999,LPath
Q208Y,0.9999,LPath
I209A,0.8864,LPath
I209C,0.8589,LPath
I209D,0.9986,LPath
I209E,0.9923,LPath
I209F,0.8261,LPath
I209G,0.9848,LPath
I209H,0.9916,LPath
I209K,0.982,LPath
I209L,0.257,LBen
I209M,0.2065,LBen
I209N,0.9689,LPath
I209P,0.9988,LPath
I209Q,0.9687,LPath
I209R,0.9695,LPath
I209S,0.9167,LPath
I209T,0.8406,LPath
I209V,0.1122,LBen
I209W,0.9918,LPath
I209Y,0.9761,LPath
Q210A,0.6239,LPath
Q210C,0.9797,LPath
Q210D,0.9985,LPath
Q210E,0.8251,LPath
Q210F,0.9956,LPath
Q210G,0.9087,LPath
Q210H,0.9945,LPath
Q210I,0.9336,LPath
Q210K,0.9912,LPath
Q210L,0.9249,LPath
Q210M,0.8261,LPath
Q210N,0.9678,LPath
Q210P,0.9907,LPath
Q210R,0.9864,LPath
Q210S,0.7206,LPath
Q210T,0.8355,LPath
Q210V,0.8712,LPath
Q210W,0.9985,LPath
Q210Y,0.9984,LPath
G211A,0.7948,LPath
G211C,0.9908,LPath
G211D,0.9996,LPath
G211E,0.9998,LPath
G211F,0.9997,LPath
G211H,0.9999,LPath
G211I,0.9992,LPath
G211K,0.9999,LPath
G211L,0.9986,LPath
G211M,0.9991,LPath
G211N,0.9995,LPath
G211P,1.0,LPath
G211Q,0.9997,LPath
G211R,0.9998,LPath
G211S,0.9531,LPath
G211T,0.9939,LPath
G211V,0.9968,LPath
G211W,0.9998,LPath
G211Y,0.9998,LPath
I212A,0.9737,LPath
I212C,0.9789,LPath
I212D,0.9996,LPath
I212E,0.9992,LPath
I212F,0.7191,LPath
I212G,0.9948,LPath
I212H,0.998,LPath
I212K,0.9989,LPath
I212L,0.1317,LBen
I212M,0.2549,LBen
I212N,0.9898,LPath
I212P,0.9983,LPath
I212Q,0.9976,LPath
I212R,0.9988,LPath
I212S,0.9833,LPath
I212T,0.9679,LPath
I212V,0.2861,LBen
I212W,0.994,LPath
I212Y,0.9859,LPath
P213A,0.8414,LPath
P213C,0.9848,LPath
P213D,0.9994,LPath
P213E,0.9989,LPath
P213F,0.9997,LPath
P213G,0.9661,LPath
P213H,0.9964,LPath
P213I,0.9974,LPath
P213K,0.9994,LPath
P213L,0.9864,LPath
P213M,0.9965,LPath
P213N,0.9971,LPath
P213Q,0.9944,LPath
P213R,0.9978,LPath
P213S,0.8826,LPath
P213T,0.9054,LPath
P213V,0.9841,LPath
P213W,0.9999,LPath
P213Y,0.9997,LPath
T214A,0.0797,LBen
T214C,0.2933,LBen
T214D,0.9909,LPath
T214E,0.9855,LPath
T214F,0.9613,LPath
T214G,0.5358,Amb
T214H,0.9699,LPath
T214I,0.5598,Amb
T214K,0.9916,LPath
T214L,0.4467,Amb
T214M,0.3523,Amb
T214N,0.7942,LPath
T214P,0.84,LPath
T214Q,0.9516,LPath
T214R,0.9819,LPath
T214S,0.2549,LBen
T214V,0.1901,LBen
T214W,0.9972,LPath
T214Y,0.9821,LPath
I215A,0.6221,LPath
I215C,0.8644,LPath
I215D,0.9989,LPath
I215E,0.9979,LPath
I215F,0.9657,LPath
I215G,0.9697,LPath
I215H,0.9982,LPath
I215K,0.9986,LPath
I215L,0.4402,Amb
I215M,0.5421,Amb
I215N,0.9795,LPath
I215P,0.9967,LPath
I215Q,0.9959,LPath
I215R,0.9973,LPath
I215S,0.8455,LPath
I215T,0.7313,LPath
I215V,0.0686,LBen
I215W,0.9996,LPath
I215Y,0.9979,LPath
L216A,0.9771,LPath
L216C,0.9224,LPath
L216D,0.9998,LPath
L216E,0.9988,LPath
L216F,0.7982,LPath
L216G,0.994,LPath
L216H,0.9941,LPath
L216I,0.7214,LPath
L216K,0.9981,LPath
L216M,0.5056,Amb
L216N,0.9969,LPath
L216P,0.9995,LPath
L216Q,0.9914,LPath
L216R,0.9934,LPath
L216S,0.9957,LPath
L216T,0.9824,LPath
L216V,0.771,LPath
L216W,0.9887,LPath
L216Y,0.9881,LPath
S217A,0.0658,LBen
S217C,0.0799,LBen
S217D,0.8142,LPath
S217E,0.732,LPath
S217F,0.4246,Amb
S217G,0.1112,LBen
S217H,0.5596,Amb
S217I,0.4648,Amb
S217K,0.8095,LPath
S217L,0.1136,LBen
S217M,0.177,LBen
S217N,0.377,Amb
S217P,0.9902,LPath
S217Q,0.5072,Amb
S217R,0.7651,LPath
S217T,0.1265,LBen
S217V,0.3354,LBen
S217W,0.6698,LPath
S217Y,0.4682,Amb
G218A,0.9615,LPath
G218C,0.983,LPath
G218D,0.9992,LPath
G218E,0.9988,LPath
G218F,0.9997,LPath
G218H,0.999,LPath
G218I,0.9997,LPath
G218K,0.9986,LPath
G218L,0.9988,LPath
G218M,0.9993,LPath
G218N,0.9984,LPath
G218P,0.9997,LPath
G218Q,0.996,LPath
G218R,0.9947,LPath
G218S,0.9558,LPath
G218T,0.9965,LPath
G218V,0.9989,LPath
G218W,0.9992,LPath
G218Y,0.9995,LPath
R219A,0.9926,LPath
R219C,0.8019,LPath
R219D,0.9969,LPath
R219E,0.9766,LPath
R219F,0.9951,LPath
R219G,0.9835,LPath
R219H,0.7003,LPath
R219I,0.9855,LPath
R219K,0.6833,LPath
R219L,0.9733,LPath
R219M,0.9861,LPath
R219N,0.9877,LPath
R219P,0.9995,LPath
R219Q,0.6577,LPath
R219S,0.9923,LPath
R219T,0.9892,LPath
R219V,0.9855,LPath
R219W,0.9011,LPath
R219Y,0.974,LPath
D220A,0.9991,LPath
D220C,0.9998,LPath
D220E,0.9981,LPath
D220F,0.9999,LPath
D220G,0.9973,LPath
D220H,0.9994,LPath
D220I,0.9999,LPath
D220K,0.9996,LPath
D220L,0.9997,LPath
D220M,0.9999,LPath
D220N,0.9854,LPath
D220P,0.9997,LPath
D220Q,0.9996,LPath
D220R,0.9995,LPath
D220S,0.9962,LPath
D220T,0.9995,LPath
D220V,0.9995,LPath
D220W,0.9999,LPath
D220Y,0.9984,LPath
M221A,0.918,LPath
M221C,0.8511,LPath
M221D,0.999,LPath
M221E,0.9938,LPath
M221F,0.936,LPath
M221G,0.9868,LPath
M221H,0.996,LPath
M221I,0.6946,LPath
M221K,0.992,LPath
M221L,0.2847,LBen
M221N,0.983,LPath
M221P,0.9998,LPath
M221Q,0.9732,LPath
M221R,0.9937,LPath
M221S,0.9546,LPath
M221T,0.8204,LPath
M221V,0.1936,LBen
M221W,0.9979,LPath
M221Y,0.9952,LPath
I222A,0.9829,LPath
I222C,0.9984,LPath
I222D,0.9998,LPath
I222E,0.9985,LPath
I222F,0.9878,LPath
I222G,0.9991,LPath
I222H,0.9997,LPath
I222K,0.9989,LPath
I222L,0.8301,LPath
I222M,0.8347,LPath
I222N,0.9984,LPath
I222P,0.9991,LPath
I222Q,0.9989,LPath
I222R,0.9975,LPath
I222S,0.996,LPath
I222T,0.9577,LPath
I222V,0.4158,Amb
I222W,0.9991,LPath
I222Y,0.9987,LPath
G223A,0.8193,LPath
G223C,0.9821,LPath
G223D,0.9997,LPath
G223E,0.9998,LPath
G223F,0.9997,LPath
G223H,0.9999,LPath
G223I,0.9984,LPath
G223K,0.9999,LPath
G223L,0.9979,LPath
G223M,0.9991,LPath
G223N,0.9996,LPath
G223P,0.9999,LPath
G223Q,0.9997,LPath
G223R,0.9996,LPath
G223S,0.9635,LPath
G223T,0.9954,LPath
G223V,0.9957,LPath
G223W,0.9999,LPath
G223Y,0.9999,LPath
I224A,0.9967,LPath
I224C,0.9968,LPath
I224D,0.9999,LPath
I224E,0.9992,LPath
I224F,0.9947,LPath
I224G,0.9994,LPath
I224H,0.9998,LPath
I224K,0.9992,LPath
I224L,0.934,LPath
I224M,0.9335,LPath
I224N,0.9986,LPath
I224P,0.9996,LPath
I224Q,0.9995,LPath
I224R,0.9985,LPath
I224S,0.9977,LPath
I224T,0.9904,LPath
I224V,0.3887,Amb
I224W,0.9995,LPath
I224Y,0.9993,LPath
A225C,0.987,LPath
A225D,0.9998,LPath
A225E,0.9998,LPath
A225F,0.9992,LPath
A225G,0.9432,LPath
A225H,0.9996,LPath
A225I,0.9999,LPath
A225K,1.0,LPath
A225L,0.9972,LPath
A225M,0.9993,LPath
A225N,0.9993,LPath
A225P,0.9996,LPath
A225Q,0.9985,LPath
A225R,0.9988,LPath
A225S,0.6833,LPath
A225T,0.9977,LPath
A225V,0.9994,LPath
A225W,0.9999,LPath
A225Y,0.9996,LPath
F226A,0.92,LPath
F226C,0.9465,LPath
F226D,0.9952,LPath
F226E,0.9933,LPath
F226G,0.9817,LPath
F226H,0.9686,LPath
F226I,0.993,LPath
F226K,0.9946,LPath
F226L,0.9991,LPath
F226M,0.9753,LPath
F226N,0.9695,LPath
F226P,0.9991,LPath
F226Q,0.9611,LPath
F226R,0.9827,LPath
F226S,0.8429,LPath
F226T,0.9822,LPath
F226V,0.977,LPath
F226W,0.9558,LPath
F226Y,0.5966,LPath
T227A,0.9987,LPath
T227C,0.9997,LPath
T227D,0.9999,LPath
T227E,0.9993,LPath
T227F,0.9996,LPath
T227G,0.9985,LPath
T227H,0.9987,LPath
T227I,0.9996,LPath
T227K,0.9991,LPath
T227L,0.9983,LPath
T227M,0.999,LPath
T227N,0.9994,LPath
T227P,0.9937,LPath
T227Q,0.9995,LPath
T227R,0.9983,LPath
T227S,0.9969,LPath
T227V,0.9988,LPath
T227W,0.9997,LPath
T227Y,0.9998,LPath
G228A,0.9991,LPath
G228C,0.9998,LPath
G228D,1.0,LPath
G228E,1.0,LPath
G228F,0.9999,LPath
G228H,1.0,LPath
G228I,0.9999,LPath
G228K,1.0,LPath
G228L,0.9999,LPath
G228M,1.0,LPath
G228N,0.9999,LPath
G228P,0.9999,LPath
G228Q,1.0,LPath
G228R,0.9999,LPath
G228S,0.9984,LPath
G228T,0.9997,LPath
G228V,0.9998,LPath
G228W,1.0,LPath
G228Y,1.0,LPath
S229A,0.8829,LPath
S229C,0.9455,LPath
S229D,0.9992,LPath
S229E,0.9975,LPath
S229F,0.9986,LPath
S229G,0.9393,LPath
S229H,0.9961,LPath
S229I,0.9983,LPath
S229K,0.9996,LPath
S229L,0.9974,LPath
S229M,0.9928,LPath
S229N,0.9957,LPath
S229P,0.9997,LPath
S229Q,0.9942,LPath
S229R,0.9993,LPath
S229T,0.9213,LPath
S229V,0.9966,LPath
S229W,0.9954,LPath
S229Y,0.9976,LPath
G230A,0.9991,LPath
G230C,0.9995,LPath
G230D,0.9999,LPath
G230E,0.9999,LPath
G230F,0.9999,LPath
G230H,1.0,LPath
G230I,0.9999,LPath
G230K,0.9999,LPath
G230L,0.9998,LPath
G230M,0.9999,LPath
G230N,0.9999,LPath
G230P,0.9999,LPath
G230Q,0.9999,LPath
G230R,0.9997,LPath
G230S,0.9983,LPath
G230T,0.9995,LPath
G230V,0.9998,LPath
G230W,0.9999,LPath
G230Y,1.0,LPath
K231A,0.9999,LPath
K231C,1.0,LPath
K231D,0.9995,LPath
K231E,0.9991,LPath
K231F,1.0,LPath
K231G,0.9998,LPath
K231H,0.9997,LPath
K231I,0.9998,LPath
K231L,0.9999,LPath
K231M,0.9996,LPath
K231N,0.9996,LPath
K231P,0.9999,LPath
K231Q,0.9997,LPath
K231R,0.9749,LPath
K231S,0.9999,LPath
K231T,0.999,LPath
K231V,0.9999,LPath
K231W,1.0,LPath
K231Y,0.9999,LPath
T232A,0.9986,LPath
T232C,0.9996,LPath
T232D,0.999,LPath
T232E,0.9993,LPath
T232F,0.9997,LPath
T232G,0.9964,LPath
T232H,0.9984,LPath
T232I,0.9996,LPath
T232K,0.9986,LPath
T232L,0.9987,LPath
T232M,0.9976,LPath
T232N,0.9972,LPath
T232P,0.9972,LPath
T232Q,0.9989,LPath
T232R,0.9985,LPath
T232S,0.9824,LPath
T232V,0.9986,LPath
T232W,0.9998,LPath
T232Y,0.9996,LPath
L233A,0.8898,LPath
L233C,0.9613,LPath
L233D,0.9997,LPath
L233E,0.9974,LPath
L233F,0.9612,LPath
L233G,0.9923,LPath
L233H,0.9963,LPath
L233I,0.4296,Amb
L233K,0.9966,LPath
L233M,0.4346,Amb
L233N,0.9943,LPath
L233P,0.9988,LPath
L233Q,0.9873,LPath
L233R,0.9924,LPath
L233S,0.9847,LPath
L233T,0.9394,LPath
L233V,0.4107,Amb
L233W,0.9942,LPath
L233Y,0.9954,LPath
V234A,0.7766,LPath
V234C,0.9195,LPath
V234D,0.9986,LPath
V234E,0.9982,LPath
V234F,0.9941,LPath
V234G,0.8821,LPath
V234H,0.9994,LPath
V234I,0.5914,LPath
V234K,0.9995,LPath
V234L,0.9859,LPath
V234M,0.9813,LPath
V234N,0.9897,LPath
V234P,0.9959,LPath
V234Q,0.996,LPath
V234R,0.9974,LPath
V234S,0.784,LPath
V234T,0.6082,LPath
V234W,0.9999,LPath
V234Y,0.9993,LPath
F235A,0.9994,LPath
F235C,0.9971,LPath
F235D,0.9999,LPath
F235E,0.9999,LPath
F235G,0.9994,LPath
F235H,0.9977,LPath
F235I,0.9981,LPath
F235K,0.9999,LPath
F235L,0.9997,LPath
F235M,0.9968,LPath
F235N,0.9991,LPath
F235P,1.0,LPath
F235Q,0.9996,LPath
F235R,0.9996,LPath
F235S,0.999,LPath
F235T,0.9995,LPath
F235V,0.9971,LPath
F235W,0.9783,LPath
F235Y,0.8581,LPath
T236A,0.1644,LBen
T236C,0.3457,Amb
T236D,0.996,LPath
T236E,0.9947,LPath
T236F,0.9678,LPath
T236G,0.5278,Amb
T236H,0.9822,LPath
T236I,0.567,LPath
T236K,0.9963,LPath
T236L,0.5262,Amb
T236M,0.4609,Amb
T236N,0.8749,LPath
T236P,0.9694,LPath
T236Q,0.9719,LPath
T236R,0.9939,LPath
T236S,0.2162,LBen
T236V,0.269,LBen
T236W,0.9981,LPath
T236Y,0.9897,LPath
L237A,0.9597,LPath
L237C,0.977,LPath
L237D,0.9999,LPath
L237E,0.9995,LPath
L237F,0.8888,LPath
L237G,0.9959,LPath
L237H,0.9989,LPath
L237I,0.3636,Amb
L237K,0.9995,LPath
L237M,0.5271,Amb
L237N,0.9988,LPath
L237P,0.9969,LPath
L237Q,0.9982,LPath
L237R,0.9992,LPath
L237S,0.9961,LPath
L237T,0.9792,LPath
L237V,0.4405,Amb
L237W,0.9948,LPath
L237Y,0.9953,LPath
P238A,0.9641,LPath
P238C,0.9981,LPath
P238D,0.9996,LPath
P238E,0.9996,LPath
P238F,0.9999,LPath
P238G,0.9864,LPath
P238H,0.9993,LPath
P238I,0.9994,LPath
P238K,0.9998,LPath
P238L,0.9934,LPath
P238M,0.9994,LPath
P238N,0.9994,LPath
P238Q,0.9991,LPath
P238R,0.9995,LPath
P238S,0.9904,LPath
P238T,0.994,LPath
P238V,0.9972,LPath
P238W,1.0,LPath
P238Y,0.9999,LPath
V239A,0.3764,Amb
V239C,0.722,LPath
V239D,0.9864,LPath
V239E,0.9659,LPath
V239F,0.7534,LPath
V239G,0.6631,LPath
V239H,0.9901,LPath
V239I,0.0642,LBen
V239K,0.9893,LPath
V239L,0.1232,LBen
V239M,0.162,LBen
V239N,0.8939,LPath
V239P,0.9606,LPath
V239Q,0.9482,LPath
V239R,0.9859,LPath
V239S,0.6138,LPath
V239T,0.454,Amb
V239W,0.9963,LPath
V239Y,0.985,LPath
I240A,0.6718,LPath
I240C,0.8468,LPath
I240D,0.9991,LPath
I240E,0.9958,LPath
I240F,0.774,LPath
I240G,0.9676,LPath
I240H,0.996,LPath
I240K,0.996,LPath
I240L,0.1225,LBen
I240M,0.1757,LBen
I240N,0.9782,LPath
I240P,0.9966,LPath
I240Q,0.9898,LPath
I240R,0.9947,LPath
I240S,0.8867,LPath
I240T,0.5626,Amb
I240V,0.0867,LBen
I240W,0.997,LPath
I240Y,0.99,LPath
M241A,0.7173,LPath
M241C,0.7637,LPath
M241D,0.993,LPath
M241E,0.9628,LPath
M241F,0.733,LPath
M241G,0.8972,LPath
M241H,0.9546,LPath
M241I,0.8272,LPath
M241K,0.9548,LPath
M241L,0.2548,LBen
M241N,0.8991,LPath
M241P,0.9973,LPath
M241Q,0.7783,LPath
M241R,0.9466,LPath
M241S,0.6879,LPath
M241T,0.6037,LPath
M241V,0.3041,LBen
M241W,0.9772,LPath
M241Y,0.9493,LPath
F242A,0.9528,LPath
F242C,0.851,LPath
F242D,0.9951,LPath
F242E,0.9929,LPath
F242G,0.9769,LPath
F242H,0.9302,LPath
F242I,0.8685,LPath
F242K,0.9948,LPath
F242L,0.9656,LPath
F242M,0.8353,LPath
F242N,0.971,LPath
F242P,0.9999,LPath
F242Q,0.9652,LPath
F242R,0.9853,LPath
F242S,0.9619,LPath
F242T,0.9722,LPath
F242V,0.8556,LPath
F242W,0.8521,LPath
F242Y,0.5019,Amb
C243A,0.3366,LBen
C243D,0.9984,LPath
C243E,0.9993,LPath
C243F,0.9907,LPath
C243G,0.5329,Amb
C243H,0.997,LPath
C243I,0.9819,LPath
C243K,0.9999,LPath
C243L,0.9689,LPath
C243M,0.9827,LPath
C243N,0.9836,LPath
C243P,0.9983,LPath
C243Q,0.9966,LPath
C243R,0.9984,LPath
C243S,0.2673,LBen
C243T,0.7893,LPath
C243V,0.9118,LPath
C243W,0.9991,LPath
C243Y,0.998,LPath
L244A,0.4468,Amb
L244C,0.5181,Amb
L244D,0.9808,LPath
L244E,0.8514,LPath
L244F,0.269,LBen
L244G,0.8493,LPath
L244H,0.6237,LPath
L244I,0.1799,LBen
L244K,0.7739,LPath
L244M,0.1135,LBen
L244N,0.8403,LPath
L244P,0.995,LPath
L244Q,0.4634,Amb
L244R,0.66,LPath
L244S,0.6352,LPath
L244T,0.4993,Amb
L244V,0.1413,LBen
L244W,0.483,Amb
L244Y,0.542,Amb
E245A,0.9022,LPath
E245C,0.9889,LPath
E245D,0.8629,LPath
E245F,0.998,LPath
E245G,0.9135,LPath
E245H,0.9859,LPath
E245I,0.9905,LPath
E245K,0.9848,LPath
E245L,0.98,LPath
E245M,0.9855,LPath
E245N,0.9774,LPath
E245P,0.9988,LPath
E245Q,0.7651,LPath
E245R,0.9722,LPath
E245S,0.9243,LPath
E245T,0.9767,LPath
E245V,0.9741,LPath
E245W,0.9984,LPath
E245Y,0.9937,LPath
Q246A,0.6125,LPath
Q246C,0.9734,LPath
Q246D,0.9897,LPath
Q246E,0.3555,Amb
Q246F,0.99,LPath
Q246G,0.8286,LPath
Q246H,0.9662,LPath
Q246I,0.9322,LPath
Q246K,0.9231,LPath
Q246L,0.8015,LPath
Q246M,0.6747,LPath
Q246N,0.8709,LPath
Q246P,0.9969,LPath
Q246R,0.919,LPath
Q246S,0.7969,LPath
Q246T,0.8348,LPath
Q246V,0.8494,LPath
Q246W,0.9942,LPath
Q246Y,0.9886,LPath
E247A,0.925,LPath
E247C,0.994,LPath
E247D,0.9562,LPath
E247F,0.9995,LPath
E247G,0.8989,LPath
E247H,0.9915,LPath
E247I,0.9933,LPath
E247K,0.9795,LPath
E247L,0.9934,LPath
E247M,0.9888,LPath
E247N,0.9787,LPath
E247P,0.9992,LPath
E247Q,0.6753,LPath
E247R,0.9773,LPath
E247S,0.9405,LPath
E247T,0.9782,LPath
E247V,0.9776,LPath
E247W,0.9996,LPath
E247Y,0.9979,LPath
K248A,0.3584,Amb
K248C,0.3621,Amb
K248D,0.8043,LPath
K248E,0.2982,LBen
K248F,0.7137,LPath
K248G,0.4546,Amb
K248H,0.2932,LBen
K248I,0.2999,LBen
K248L,0.2524,LBen
K248M,0.1841,LBen
K248N,0.5505,Amb
K248P,0.9802,LPath
K248Q,0.1121,LBen
K248R,0.077,LBen
K248S,0.437,Amb
K248T,0.2049,LBen
K248V,0.2533,LBen
K248W,0.6651,LPath
K248Y,0.5791,LPath
R249A,0.4129,Amb
R249C,0.2191,LBen
R249D,0.8197,LPath
R249E,0.5424,Amb
R249F,0.7034,LPath
R249G,0.3939,Amb
R249H,0.1709,LBen
R249I,0.4403,Amb
R249K,0.1119,LBen
R249L,0.2936,LBen
R249M,0.3842,Amb
R249N,0.6417,LPath
R249P,0.9663,LPath
R249Q,0.1231,LBen
R249S,0.5859,LPath
R249T,0.4205,Amb
R249V,0.4481,Amb
R249W,0.4499,Amb
R249Y,0.5306,Amb
L250A,0.8255,LPath
L250C,0.7727,LPath
L250D,0.9934,LPath
L250E,0.9478,LPath
L250F,0.5318,Amb
L250G,0.951,LPath
L250H,0.8589,LPath
L250I,0.2765,LBen
L250K,0.9092,LPath
L250M,0.1658,LBen
L250N,0.929,LPath
L250P,0.9892,LPath
L250Q,0.7079,LPath
L250R,0.8322,LPath
L250S,0.8994,LPath
L250T,0.8686,LPath
L250V,0.3327,LBen
L250W,0.8445,LPath
L250Y,0.8359,LPath
P251A,0.1596,LBen
P251C,0.5907,LPath
P251D,0.8219,LPath
P251E,0.6277,LPath
P251F,0.8126,LPath
P251G,0.4673,Amb
P251H,0.4151,Amb
P251I,0.6764,LPath
P251K,0.4772,Amb
P251L,0.3549,Amb
P251M,0.6511,LPath
P251N,0.6398,LPath
P251Q,0.3116,LBen
P251R,0.2844,LBen
P251S,0.2799,LBen
P251T,0.3078,LBen
P251V,0.4515,Amb
P251W,0.9007,LPath
P251Y,0.7739,LPath
F252A,0.9861,LPath
F252C,0.9455,LPath
F252D,0.9989,LPath
F252E,0.9988,LPath
F252G,0.9953,LPath
F252H,0.9882,LPath
F252I,0.8339,LPath
F252K,0.9986,LPath
F252L,0.9726,LPath
F252M,0.95,LPath
F252N,0.9962,LPath
F252P,0.9966,LPath
F252Q,0.9963,LPath
F252R,0.9945,LPath
F252S,0.992,LPath
F252T,0.9941,LPath
F252V,0.8066,LPath
F252W,0.9225,LPath
F252Y,0.7341,LPath
S253A,0.0613,LBen
S253C,0.061,LBen
S253D,0.3828,Amb
S253E,0.351,Amb
S253F,0.1124,LBen
S253G,0.075,LBen
S253H,0.2034,LBen
S253I,0.0981,LBen
S253K,0.4868,Amb
S253L,0.0691,LBen
S253M,0.1089,LBen
S253N,0.1247,LBen
S253P,0.467,Amb
S253Q,0.2329,LBen
S253R,0.3922,Amb
S253T,0.0699,LBen
S253V,0.088,LBen
S253W,0.274,LBen
S253Y,0.1387,LBen
K254A,0.4306,Amb
K254C,0.6325,LPath
K254D,0.7296,LPath
K254E,0.4527,Amb
K254F,0.853,LPath
K254G,0.4191,Amb
K254H,0.3343,LBen
K254I,0.6508,LPath
K254L,0.5391,Amb
K254M,0.5621,Amb
K254N,0.6843,LPath
K254P,0.3671,Amb
K254Q,0.1731,LBen
K254R,0.0637,LBen
K254S,0.5056,Amb
K254T,0.434,Amb
K254V,0.5364,Amb
K254W,0.7748,LPath
K254Y,0.7278,LPath
R255A,0.4084,Amb
R255C,0.2554,LBen
R255D,0.5528,Amb
R255E,0.4073,Amb
R255F,0.6297,LPath
R255G,0.1402,LBen
R255H,0.1224,LBen
R255I,0.6449,LPath
R255K,0.0881,LBen
R255L,0.3813,Amb
R255M,0.3814,Amb
R255N,0.3893,Amb
R255P,0.7203,LPath
R255Q,0.1109,LBen
R255S,0.4282,Amb
R255T,0.3543,Amb
R255V,0.6137,LPath
R255W,0.2776,LBen
R255Y,0.4161,Amb
E256A,0.9392,LPath
E256C,0.9858,LPath
E256D,0.8321,LPath
E256F,0.9985,LPath
E256G,0.9136,LPath
E256H,0.993,LPath
E256I,0.9903,LPath
E256K,0.9769,LPath
E256L,0.9934,LPath
E256M,0.9885,LPath
E256N,0.9789,LPath
E256P,0.998,LPath
E256Q,0.8803,LPath
E256R,0.9697,LPath
E256S,0.9548,LPath
E256T,0.9741,LPath
E256V,0.9748,LPath
E256W,0.9986,LPath
E256Y,0.9955,LPath
G257A,0.9776,LPath
G257C,0.9953,LPath
G257D,0.9993,LPath
G257E,0.9995,LPath
G257F,0.9978,LPath
G257H,0.9998,LPath
G257I,0.998,LPath
G257K,0.9997,LPath
G257L,0.9981,LPath
G257M,0.9989,LPath
G257N,0.9991,LPath
G257P,0.9996,LPath
G257Q,0.9996,LPath
G257R,0.9994,LPath
G257S,0.9868,LPath
G257T,0.9969,LPath
G257V,0.9968,LPath
G257W,0.9988,LPath
G257Y,0.9985,LPath
P258A,0.9735,LPath
P258C,0.9913,LPath
P258D,0.9997,LPath
P258E,0.9997,LPath
P258F,0.9996,LPath
P258G,0.9967,LPath
P258H,0.9994,LPath
P258I,0.9914,LPath
P258K,0.9997,LPath
P258L,0.9887,LPath
P258M,0.9974,LPath
P258N,0.9993,LPath
P258Q,0.9992,LPath
P258R,0.9987,LPath
P258S,0.9961,LPath
P258T,0.9931,LPath
P258V,0.9834,LPath
P258W,0.9999,LPath
P258Y,0.9998,LPath
Y259A,0.9326,LPath
Y259C,0.4864,Amb
Y259D,0.9928,LPath
Y259E,0.9969,LPath
Y259F,0.0873,LBen
Y259G,0.9494,LPath
Y259H,0.9106,LPath
Y259I,0.8567,LPath
Y259K,0.9974,LPath
Y259L,0.7222,LPath
Y259M,0.9035,LPath
Y259N,0.9614,LPath
Y259P,0.9942,LPath
Y259Q,0.99,LPath
Y259R,0.9853,LPath
Y259S,0.8909,LPath
Y259T,0.9499,LPath
Y259V,0.6834,LPath
Y259W,0.6036,LPath
G260A,0.3777,Amb
G260C,0.8979,LPath
G260D,0.9995,LPath
G260E,0.9997,LPath
G260F,0.9979,LPath
G260H,0.9996,LPath
G260I,0.9913,LPath
G260K,0.9999,LPath
G260L,0.9925,LPath
G260M,0.9961,LPath
G260N,0.9988,LPath
G260P,0.9998,LPath
G260Q,0.9988,LPath
G260R,0.9991,LPath
G260S,0.731,LPath
G260T,0.9652,LPath
G260V,0.9721,LPath
G260W,0.9995,LPath
G260Y,0.9993,LPath
L261A,0.9837,LPath
L261C,0.9457,LPath
L261D,0.9999,LPath
L261E,0.9993,LPath
L261F,0.9629,LPath
L261G,0.9976,LPath
L261H,0.9993,LPath
L261I,0.3629,Amb
L261K,0.9991,LPath
L261M,0.4189,Amb
L261N,0.999,LPath
L261P,0.9998,LPath
L261Q,0.9977,LPath
L261R,0.9986,LPath
L261S,0.9985,LPath
L261T,0.9915,LPath
L261V,0.4252,Amb
L261W,0.9986,LPath
L261Y,0.9981,LPath
I262A,0.9835,LPath
I262C,0.9593,LPath
I262D,0.9998,LPath
I262E,0.9994,LPath
I262F,0.9071,LPath
I262G,0.9985,LPath
I262H,0.999,LPath
I262K,0.9993,LPath
I262L,0.4625,Amb
I262M,0.6129,LPath
I262N,0.9958,LPath
I262P,0.9995,LPath
I262Q,0.9987,LPath
I262R,0.9988,LPath
I262S,0.9918,LPath
I262T,0.9814,LPath
I262V,0.1133,LBen
I262W,0.9989,LPath
I262Y,0.9958,LPath
I263A,0.9701,LPath
I263C,0.9563,LPath
I263D,0.9998,LPath
I263E,0.9995,LPath
I263F,0.9554,LPath
I263G,0.9977,LPath
I263H,0.9995,LPath
I263K,0.9995,LPath
I263L,0.2007,LBen
I263M,0.5644,LPath
I263N,0.9967,LPath
I263P,0.9986,LPath
I263Q,0.999,LPath
I263R,0.9991,LPath
I263S,0.9899,LPath
I263T,0.9698,LPath
I263V,0.1209,LBen
I263W,0.9996,LPath
I263Y,0.9981,LPath
C264A,0.7468,LPath
C264D,0.9997,LPath
C264E,0.9997,LPath
C264F,0.9931,LPath
C264G,0.6906,LPath
C264H,0.9993,LPath
C264I,0.9424,LPath
C264K,0.9999,LPath
C264L,0.9564,LPath
C264M,0.9844,LPath
C264N,0.9924,LPath
C264P,0.9978,LPath
C264Q,0.9989,LPath
C264R,0.9992,LPath
C264S,0.738,LPath
C264T,0.8402,LPath
C264V,0.6759,LPath
C264W,0.9998,LPath
C264Y,0.9993,LPath
P265A,0.996,LPath
P265C,0.9995,LPath
P265D,0.9999,LPath
P265E,0.9998,LPath
P265F,1.0,LPath
P265G,0.9989,LPath
P265H,0.9997,LPath
P265I,0.9999,LPath
P265K,0.9999,LPath
P265L,0.9991,LPath
P265M,0.9999,LPath
P265N,0.9998,LPath
P265Q,0.9997,LPath
P265R,0.9993,LPath
P265S,0.9985,LPath
P265T,0.9988,LPath
P265V,0.9993,LPath
P265W,1.0,LPath
P265Y,1.0,LPath
S266A,0.8759,LPath
S266C,0.9854,LPath
S266D,0.9995,LPath
S266E,0.9991,LPath
S266F,0.9997,LPath
S266G,0.9762,LPath
S266H,0.9993,LPath
S266I,0.9994,LPath
S266K,1.0,LPath
S266L,0.9981,LPath
S266M,0.9982,LPath
S266N,0.9978,LPath
S266P,0.9992,LPath
S266Q,0.9986,LPath
S266R,0.9998,LPath
S266T,0.9483,LPath
S266V,0.9976,LPath
S266W,0.9996,LPath
S266Y,0.9996,LPath
R267A,0.9995,LPath
R267C,0.9993,LPath
R267D,0.9994,LPath
R267E,0.9956,LPath
R267F,0.9998,LPath
R267G,0.9987,LPath
R267H,0.9972,LPath
R267I,0.9998,LPath
R267K,0.9897,LPath
R267L,0.9986,LPath
R267M,0.9999,LPath
R267N,0.9997,LPath
R267P,0.999,LPath
R267Q,0.9965,LPath
R267S,0.9994,LPath
R267T,0.9995,LPath
R267V,0.9995,LPath
R267W,0.9969,LPath
R267Y,0.9994,LPath
E268A,0.9983,LPath
E268C,0.9998,LPath
E268D,0.997,LPath
E268F,0.9999,LPath
E268G,0.9982,LPath
E268H,0.9998,LPath
E268I,0.9997,LPath
E268K,0.9996,LPath
E268L,0.9998,LPath
E268M,0.9998,LPath
E268N,0.9996,LPath
E268P,0.9996,LPath
E268Q,0.9975,LPath
E268R,0.9993,LPath
E268S,0.9988,LPath
E268T,0.9997,LPath
E268V,0.9993,LPath
E268W,1.0,LPath
E268Y,0.9999,LPath
L269A,0.9954,LPath
L269C,0.9995,LPath
L269D,0.9999,LPath
L269E,0.9992,LPath
L269F,0.9994,LPath
L269G,0.9969,LPath
L269H,0.9998,LPath
L269I,0.9832,LPath
L269K,0.9973,LPath
L269M,0.9759,LPath
L269N,0.9984,LPath
L269P,0.9999,LPath
L269Q,0.9997,LPath
L269R,0.9982,LPath
L269S,0.9998,LPath
L269T,0.9972,LPath
L269V,0.99,LPath
L269W,0.9996,LPath
L269Y,0.9996,LPath
A270C,0.9391,LPath
A270D,0.9998,LPath
A270E,0.9992,LPath
A270F,0.999,LPath
A270G,0.7219,LPath
A270H,0.9996,LPath
A270I,0.9983,LPath
A270K,0.9999,LPath
A270L,0.9792,LPath
A270M,0.9946,LPath
A270N,0.9988,LPath
A270P,0.9993,LPath
A270Q,0.9951,LPath
A270R,0.9986,LPath
A270S,0.6028,LPath
A270T,0.9884,LPath
A270V,0.9888,LPath
A270W,0.9999,LPath
A270Y,0.9996,LPath
R271A,0.8989,LPath
R271C,0.5449,Amb
R271D,0.9825,LPath
R271E,0.8984,LPath
R271F,0.9549,LPath
R271G,0.7666,LPath
R271H,0.4351,Amb
R271I,0.8437,LPath
R271K,0.2043,LBen
R271L,0.7492,LPath
R271M,0.8365,LPath
R271N,0.948,LPath
R271P,0.9965,LPath
R271Q,0.2986,LBen
R271S,0.9069,LPath
R271T,0.8336,LPath
R271V,0.8289,LPath
R271W,0.6993,LPath
R271Y,0.8819,LPath
Q272A,0.9843,LPath
Q272C,0.9999,LPath
Q272D,0.9984,LPath
Q272E,0.9684,LPath
Q272F,0.9992,LPath
Q272G,0.976,LPath
Q272H,0.9996,LPath
Q272I,0.9967,LPath
Q272K,0.9959,LPath
Q272L,0.9942,LPath
Q272M,0.982,LPath
Q272N,0.9909,LPath
Q272P,0.9992,LPath
Q272R,0.9982,LPath
Q272S,0.974,LPath
Q272T,0.986,LPath
Q272V,0.9963,LPath
Q272W,0.9999,LPath
Q272Y,0.9998,LPath
T273A,0.9086,LPath
T273C,0.9541,LPath
T273D,0.9988,LPath
T273E,0.9963,LPath
T273F,0.9984,LPath
T273G,0.9801,LPath
T273H,0.9962,LPath
T273I,0.6698,LPath
T273K,0.9967,LPath
T273L,0.8601,LPath
T273M,0.8582,LPath
T273N,0.9727,LPath
T273P,0.9894,LPath
T273Q,0.9919,LPath
T273R,0.9971,LPath
T273S,0.9019,LPath
T273V,0.6408,LPath
T273W,0.9996,LPath
T273Y,0.9984,LPath
H274A,0.5626,Amb
H274C,0.2652,LBen
H274D,0.7993,LPath
H274E,0.7648,LPath
H274F,0.2022,LBen
H274G,0.6581,LPath
H274I,0.8133,LPath
H274K,0.7587,LPath
H274L,0.4187,Amb
H274M,0.718,LPath
H274N,0.2929,LBen
H274P,0.991,LPath
H274Q,0.4204,Amb
H274R,0.4396,Amb
H274S,0.456,Amb
H274T,0.754,LPath
H274V,0.6721,LPath
H274W,0.4791,Amb
H274Y,0.0831,LBen
G275A,0.0963,LBen
G275C,0.1683,LBen
G275D,0.4088,Amb
G275E,0.3771,Amb
G275F,0.5845,LPath
G275H,0.436,Amb
G275I,0.3052,LBen
G275K,0.7285,LPath
G275L,0.3346,LBen
G275M,0.323,LBen
G275N,0.1937,LBen
G275P,0.995,LPath
G275Q,0.3656,Amb
G275R,0.651,LPath
G275S,0.0752,LBen
G275T,0.096,LBen
G275V,0.1966,LBen
G275W,0.6616,LPath
G275Y,0.5232,Amb
I276A,0.8896,LPath
I276C,0.9277,LPath
I276D,0.9824,LPath
I276E,0.9679,LPath
I276F,0.6953,LPath
I276G,0.9447,LPath
I276H,0.9609,LPath
I276K,0.9777,LPath
I276L,0.3906,Amb
I276M,0.424,Amb
I276N,0.6641,LPath
I276P,0.9944,LPath
I276Q,0.9503,LPath
I276R,0.9743,LPath
I276S,0.7768,LPath
I276T,0.7269,LPath
I276V,0.1785,LBen
I276W,0.9891,LPath
I276Y,0.9438,LPath
L277A,0.5084,Amb
L277C,0.6685,LPath
L277D,0.9957,LPath
L277E,0.9684,LPath
L277F,0.7449,LPath
L277G,0.9122,LPath
L277H,0.9749,LPath
L277I,0.0745,LBen
L277K,0.9791,LPath
L277M,0.1542,LBen
L277N,0.9532,LPath
L277P,0.9843,LPath
L277Q,0.9121,LPath
L277R,0.9704,LPath
L277S,0.8258,LPath
L277T,0.4306,Amb
L277V,0.0988,LBen
L277W,0.9669,LPath
L277Y,0.9758,LPath
E278A,0.2003,LBen
E278C,0.726,LPath
E278D,0.1044,LBen
E278F,0.8449,LPath
E278G,0.2345,LBen
E278H,0.4768,Amb
E278I,0.4579,Amb
E278K,0.3681,Amb
E278L,0.3811,Amb
E278M,0.5095,Amb
E278N,0.2292,LBen
E278P,0.9792,LPath
E278Q,0.153,LBen
E278R,0.4683,Amb
E278S,0.1913,LBen
E278T,0.2135,LBen
E278V,0.2791,LBen
E278W,0.945,LPath
E278Y,0.7096,LPath
Y279A,0.7195,LPath
Y279C,0.3847,Amb
Y279D,0.5654,LPath
Y279E,0.7733,LPath
Y279F,0.1247,LBen
Y279G,0.5409,Amb
Y279H,0.2367,LBen
Y279I,0.777,LPath
Y279K,0.8305,LPath
Y279L,0.7086,LPath
Y279M,0.7022,LPath
Y279N,0.3151,LBen
Y279P,0.9888,LPath
Y279Q,0.7121,LPath
Y279R,0.7955,LPath
Y279S,0.4651,Amb
Y279T,0.5888,LPath
Y279V,0.7099,LPath
Y279W,0.651,LPath
Y280A,0.9628,LPath
Y280C,0.5168,Amb
Y280D,0.9855,LPath
Y280E,0.995,LPath
Y280F,0.0749,LBen
Y280G,0.95,LPath
Y280H,0.8776,LPath
Y280I,0.8795,LPath
Y280K,0.9977,LPath
Y280L,0.7281,LPath
Y280M,0.8564,LPath
Y280N,0.9274,LPath
Y280P,0.9959,LPath
Y280Q,0.9872,LPath
Y280R,0.9926,LPath
Y280S,0.8781,LPath
Y280T,0.9355,LPath
Y280V,0.8283,LPath
Y280W,0.6446,LPath
C281A,0.3207,LBen
C281D,0.9773,LPath
C281E,0.9796,LPath
C281F,0.691,LPath
C281G,0.1943,LBen
C281H,0.9363,LPath
C281I,0.7382,LPath
C281K,0.9864,LPath
C281L,0.6486,LPath
C281M,0.7383,LPath
C281N,0.8107,LPath
C281P,0.996,LPath
C281Q,0.9144,LPath
C281R,0.936,LPath
C281S,0.2311,LBen
C281T,0.3049,LBen
C281V,0.5042,Amb
C281W,0.9681,LPath
C281Y,0.9118,LPath
R282A,0.1803,LBen
R282C,0.1185,LBen
R282D,0.3124,LBen
R282E,0.2116,LBen
R282F,0.3638,Amb
R282G,0.1108,LBen
R282H,0.0672,LBen
R282I,0.2542,LBen
R282K,0.0694,LBen
R282L,0.1686,LBen
R282M,0.2333,LBen
R282N,0.2199,LBen
R282P,0.8772,LPath
R282Q,0.0656,LBen
R282S,0.1775,LBen
R282T,0.1359,LBen
R282V,0.2379,LBen
R282W,0.2383,LBen
R282Y,0.262,LBen
L283A,0.2391,LBen
L283C,0.3,LBen
L283D,0.8232,LPath
L283E,0.4085,Amb
L283F,0.1978,LBen
L283G,0.4963,Amb
L283H,0.2612,LBen
L283I,0.1283,LBen
L283K,0.3962,Amb
L283M,0.1004,LBen
L283N,0.4399,Amb
L283P,0.8492,LPath
L283Q,0.1369,LBen
L283R,0.3199,LBen
L283S,0.3167,LBen
L283T,0.2607,LBen
L283V,0.1216,LBen
L283W,0.4517,Amb
L283Y,0.3676,Amb
L284A,0.7539,LPath
L284C,0.7421,LPath
L284D,0.9963,LPath
L284E,0.9657,LPath
L284F,0.5254,Amb
L284G,0.9476,LPath
L284H,0.934,LPath
L284I,0.2483,LBen
L284K,0.9722,LPath
L284M,0.1903,LBen
L284N,0.9629,LPath
L284P,0.9813,LPath
L284Q,0.8346,LPath
L284R,0.9496,LPath
L284S,0.9076,LPath
L284T,0.7695,LPath
L284V,0.2581,LBen
L284W,0.9038,LPath
L284Y,0.9212,LPath
Q285A,0.1263,LBen
Q285C,0.3438,Amb
Q285D,0.3357,LBen
Q285E,0.0773,LBen
Q285F,0.482,Amb
Q285G,0.1494,LBen
Q285H,0.1233,LBen
Q285I,0.3345,LBen
Q285K,0.1083,LBen
Q285L,0.1202,LBen
Q285M,0.2687,LBen
Q285N,0.2219,LBen
Q285P,0.4544,Amb
Q285R,0.0906,LBen
Q285S,0.144,LBen
Q285T,0.1576,LBen
Q285V,0.2053,LBen
Q285W,0.4373,Amb
Q285Y,0.2816,LBen
E286A,0.1329,LBen
E286C,0.6445,LPath
E286D,0.0777,LBen
E286F,0.7053,LPath
E286G,0.1279,LBen
E286H,0.3267,LBen
E286I,0.3724,Amb
E286K,0.1858,LBen
E286L,0.3319,LBen
E286M,0.371,Amb
E286N,0.1684,LBen
E286P,0.7465,LPath
E286Q,0.1213,LBen
E286R,0.2775,LBen
E286S,0.154,LBen
E286T,0.1843,LBen
E286V,0.2364,LBen
E286W,0.8332,LPath
E286Y,0.523,Amb
D287A,0.2333,LBen
D287C,0.5843,LPath
D287E,0.1222,LBen
D287F,0.7172,LPath
D287G,0.1547,LBen
D287H,0.3514,Amb
D287I,0.5915,LPath
D287K,0.5008,Amb
D287L,0.6418,LPath
D287M,0.6722,LPath
D287N,0.1325,LBen
D287P,0.7662,LPath
D287Q,0.3014,LBen
D287R,0.545,Amb
D287S,0.1468,LBen
D287T,0.2864,LBen
D287V,0.3914,Amb
D287W,0.9129,LPath
D287Y,0.3992,Amb
S288A,0.0775,LBen
S288C,0.071,LBen
S288D,0.1119,LBen
S288E,0.1653,LBen
S288F,0.2122,LBen
S288G,0.0489,LBen
S288H,0.0983,LBen
S288I,0.2043,LBen
S288K,0.1776,LBen
S288L,0.1394,LBen
S288M,0.1746,LBen
S288N,0.059,LBen
S288P,0.2521,LBen
S288Q,0.1254,LBen
S288R,0.1732,LBen
S288T,0.09,LBen
S288V,0.1633,LBen
S288W,0.3506,Amb
S288Y,0.1404,LBen
S289A,0.0674,LBen
S289C,0.0548,LBen
S289D,0.4084,Amb
S289E,0.3943,Amb
S289F,0.0744,LBen
S289G,0.0822,LBen
S289H,0.1625,LBen
S289I,0.1405,LBen
S289K,0.5322,Amb
S289L,0.0641,LBen
S289M,0.0927,LBen
S289N,0.1434,LBen
S289P,0.5041,Amb
S289Q,0.233,LBen
S289R,0.475,Amb
S289T,0.0854,LBen
S289V,0.0979,LBen
S289W,0.2125,LBen
S289Y,0.0824,LBen
P290A,0.2018,LBen
P290C,0.5355,Amb
P290D,0.7571,LPath
P290E,0.6365,LPath
P290F,0.748,LPath
P290G,0.4619,Amb
P290H,0.4445,Amb
P290I,0.4575,Amb
P290K,0.6715,LPath
P290L,0.2995,LBen
P290M,0.5375,Amb
P290N,0.5526,Amb
P290Q,0.4068,Amb
P290R,0.5334,Amb
P290S,0.2692,LBen
P290T,0.2289,LBen
P290V,0.2892,LBen
P290W,0.9124,LPath
P290Y,0.7252,LPath
L291A,0.0564,LBen
L291C,0.159,LBen
L291D,0.2293,LBen
L291E,0.109,LBen
L291F,0.0918,LBen
L291G,0.1534,LBen
L291H,0.0793,LBen
L291I,0.0709,LBen
L291K,0.1066,LBen
L291M,0.0725,LBen
L291N,0.1104,LBen
L291P,0.0553,LBen
L291Q,0.0542,LBen
L291R,0.0853,LBen
L291S,0.0686,LBen
L291T,0.0627,LBen
L291V,0.0545,LBen
L291W,0.1781,LBen
L291Y,0.1535,LBen
L292A,0.9541,LPath
L292C,0.9144,LPath
L292D,0.9995,LPath
L292E,0.9943,LPath
L292F,0.8447,LPath
L292G,0.9913,LPath
L292H,0.9929,LPath
L292I,0.1813,LBen
L292K,0.9923,LPath
L292M,0.3902,Amb
L292N,0.9953,LPath
L292P,0.9247,LPath
L292Q,0.977,LPath
L292R,0.9866,LPath
L292S,0.9933,LPath
L292T,0.9643,LPath
L292V,0.2185,LBen
L292W,0.9854,LPath
L292Y,0.9877,LPath
R293A,0.9339,LPath
R293C,0.5246,Amb
R293D,0.9645,LPath
R293E,0.8999,LPath
R293F,0.9636,LPath
R293G,0.7878,LPath
R293H,0.2216,LBen
R293I,0.9499,LPath
R293K,0.2799,LBen
R293L,0.865,LPath
R293M,0.9431,LPath
R293N,0.8481,LPath
R293P,0.9841,LPath
R293Q,0.2821,LBen
R293S,0.886,LPath
R293T,0.8774,LPath
R293V,0.9386,LPath
R293W,0.805,LPath
R293Y,0.8558,LPath
C294A,0.2723,LBen
C294D,0.9489,LPath
C294E,0.9712,LPath
C294F,0.7308,LPath
C294G,0.2179,LBen
C294H,0.9,LPath
C294I,0.5797,LPath
C294K,0.98,LPath
C294L,0.6749,LPath
C294M,0.7359,LPath
C294N,0.6813,LPath
C294P,0.6374,LPath
C294Q,0.9275,LPath
C294R,0.9464,LPath
C294S,0.1636,LBen
C294T,0.1703,LBen
C294V,0.3212,LBen
C294W,0.9384,LPath
C294Y,0.86,LPath
A295C,0.2735,LBen
A295D,0.9591,LPath
A295E,0.917,LPath
A295F,0.8189,LPath
A295G,0.2315,LBen
A295H,0.8891,LPath
A295I,0.5088,Amb
A295K,0.9743,LPath
A295L,0.44,Amb
A295M,0.4641,Amb
A295N,0.7305,LPath
A295P,0.9771,LPath
A295Q,0.7715,LPath
A295R,0.9441,LPath
A295S,0.1125,LBen
A295T,0.1481,LBen
A295V,0.2315,LBen
A295W,0.9864,LPath
A295Y,0.9271,LPath
L296A,0.822,LPath
L296C,0.7557,LPath
L296D,0.9985,LPath
L296E,0.9896,LPath
L296F,0.9511,LPath
L296G,0.9724,LPath
L296H,0.9851,LPath
L296I,0.5378,Amb
L296K,0.9805,LPath
L296M,0.6417,LPath
L296N,0.9757,LPath
L296P,0.9843,LPath
L296Q,0.9544,LPath
L296R,0.9542,LPath
L296S,0.9563,LPath
L296T,0.8622,LPath
L296V,0.3533,Amb
L296W,0.9917,LPath
L296Y,0.9878,LPath
C297A,0.6805,LPath
C297D,0.9995,LPath
C297E,0.9997,LPath
C297F,0.9634,LPath
C297G,0.7992,LPath
C297H,0.9988,LPath
C297I,0.947,LPath
C297K,0.9999,LPath
C297L,0.8848,LPath
C297M,0.9493,LPath
C297N,0.9937,LPath
C297P,0.9993,LPath
C297Q,0.9985,LPath
C297R,0.9991,LPath
C297S,0.8476,LPath
C297T,0.9234,LPath
C297V,0.7975,LPath
C297W,0.999,LPath
C297Y,0.9964,LPath
I298A,0.8689,LPath
I298C,0.9772,LPath
I298D,0.9992,LPath
I298E,0.9963,LPath
I298F,0.8616,LPath
I298G,0.9908,LPath
I298H,0.9975,LPath
I298K,0.9971,LPath
I298L,0.6475,LPath
I298M,0.3139,LBen
I298N,0.9931,LPath
I298P,0.9916,LPath
I298Q,0.9889,LPath
I298R,0.9921,LPath
I298S,0.922,LPath
I298T,0.7896,LPath
I298V,0.2771,LBen
I298W,0.9942,LPath
I298Y,0.9873,LPath
G299A,0.9959,LPath
G299C,0.9994,LPath
G299D,0.9998,LPath
G299E,0.9999,LPath
G299F,0.9997,LPath
G299H,0.9999,LPath
G299I,0.9996,LPath
G299K,0.9999,LPath
G299L,0.9996,LPath
G299M,0.9999,LPath
G299N,0.9999,LPath
G299P,0.9996,LPath
G299Q,0.9998,LPath
G299R,0.9995,LPath
G299S,0.9953,LPath
G299T,0.9984,LPath
G299V,0.9994,LPath
G299W,0.9992,LPath
G299Y,0.9998,LPath
G300A,0.9954,LPath
G300C,0.999,LPath
G300D,0.9992,LPath
G300E,0.9993,LPath
G300F,0.9992,LPath
G300H,0.9998,LPath
G300I,0.9986,LPath
G300K,0.9996,LPath
G300L,0.9992,LPath
G300M,0.9995,LPath
G300N,0.9989,LPath
G300P,0.9998,LPath
G300Q,0.9995,LPath
G300R,0.9991,LPath
G300S,0.9914,LPath
G300T,0.9973,LPath
G300V,0.998,LPath
G300W,0.999,LPath
G300Y,0.9995,LPath
M301A,0.5171,Amb
M301C,0.7525,LPath
M301D,0.9392,LPath
M301E,0.7403,LPath
M301F,0.5412,Amb
M301G,0.7533,LPath
M301H,0.7821,LPath
M301I,0.3945,Amb
M301K,0.5944,LPath
M301L,0.1716,LBen
M301N,0.6542,LPath
M301P,0.9867,LPath
M301Q,0.4569,Amb
M301R,0.6382,LPath
M301S,0.4557,Amb
M301T,0.2335,LBen
M301V,0.1033,LBen
M301W,0.8828,LPath
M301Y,0.8129,LPath
S302A,0.1272,LBen
S302C,0.4138,Amb
S302D,0.7738,LPath
S302E,0.9349,LPath
S302F,0.9176,LPath
S302G,0.1842,LBen
S302H,0.8499,LPath
S302I,0.848,LPath
S302K,0.9829,LPath
S302L,0.5281,Amb
S302M,0.6044,LPath
S302N,0.2982,LBen
S302P,0.1958,LBen
S302Q,0.8927,LPath
S302R,0.9811,LPath
S302T,0.2785,LBen
S302V,0.7128,LPath
S302W,0.9479,LPath
S302Y,0.8889,LPath
V303A,0.601,LPath
V303C,0.9175,LPath
V303D,0.9799,LPath
V303E,0.9456,LPath
V303F,0.554,Amb
V303G,0.6284,LPath
V303H,0.9686,LPath
V303I,0.1056,LBen
V303K,0.9541,LPath
V303L,0.4034,Amb
V303M,0.3081,LBen
V303N,0.8307,LPath
V303P,0.7873,LPath
V303Q,0.8305,LPath
V303R,0.9248,LPath
V303S,0.6594,LPath
V303T,0.5519,Amb
V303W,0.9839,LPath
V303Y,0.925,LPath
K304A,0.7216,LPath
K304C,0.8924,LPath
K304D,0.9174,LPath
K304E,0.7766,LPath
K304F,0.9676,LPath
K304G,0.6234,LPath
K304H,0.5516,Amb
K304I,0.9037,LPath
K304L,0.8372,LPath
K304M,0.7642,LPath
K304N,0.8529,LPath
K304P,0.9015,LPath
K304Q,0.3195,LBen
K304R,0.0756,LBen
K304S,0.7557,LPath
K304T,0.6505,LPath
K304V,0.8386,LPath
K304W,0.8968,LPath
K304Y,0.8929,LPath
E305A,0.3596,Amb
E305C,0.9347,LPath
E305D,0.0788,LBen
E305F,0.9157,LPath
E305G,0.3358,LBen
E305H,0.7943,LPath
E305I,0.6737,LPath
E305K,0.6467,LPath
E305L,0.6463,LPath
E305M,0.7275,LPath
E305N,0.4259,Amb
E305P,0.9234,LPath
E305Q,0.3618,Amb
E305R,0.7538,LPath
E305S,0.3627,Amb
E305T,0.4614,Amb
E305V,0.4707,Amb
E305W,0.9657,LPath
E305Y,0.8237,LPath
Q306A,0.6,LPath
Q306C,0.983,LPath
Q306D,0.9546,LPath
Q306E,0.641,LPath
Q306F,0.998,LPath
Q306G,0.6875,LPath
Q306H,0.9775,LPath
Q306I,0.9643,LPath
Q306K,0.9829,LPath
Q306L,0.929,LPath
Q306M,0.7896,LPath
Q306N,0.5882,LPath
Q306P,0.9892,LPath
Q306R,0.991,LPath
Q306S,0.392,Amb
Q306T,0.5686,LPath
Q306V,0.9107,LPath
Q306W,0.9994,LPath
Q306Y,0.9972,LPath
M307A,0.4345,Amb
M307C,0.7703,LPath
M307D,0.9796,LPath
M307E,0.856,LPath
M307F,0.6579,LPath
M307G,0.671,LPath
M307H,0.886,LPath
M307I,0.4693,Amb
M307K,0.7259,LPath
M307L,0.1513,LBen
M307N,0.7632,LPath
M307P,0.9948,LPath
M307Q,0.5156,Amb
M307R,0.722,LPath
M307S,0.5249,Amb
M307T,0.278,LBen
M307V,0.1397,LBen
M307W,0.8879,LPath
M307Y,0.8665,LPath
E308A,0.3292,LBen
E308C,0.9206,LPath
E308D,0.0688,LBen
E308F,0.9119,LPath
E308G,0.2904,LBen
E308H,0.7178,LPath
E308I,0.7408,LPath
E308K,0.6078,LPath
E308L,0.6842,LPath
E308M,0.7687,LPath
E308N,0.3371,LBen
E308P,0.9329,LPath
E308Q,0.3369,LBen
E308R,0.7091,LPath
E308S,0.349,Amb
E308T,0.4726,Amb
E308V,0.5344,Amb
E308W,0.9647,LPath
E308Y,0.8084,LPath
T309A,0.0824,LBen
T309C,0.2426,LBen
T309D,0.3863,Amb
T309E,0.309,LBen
T309F,0.2697,LBen
T309G,0.2058,LBen
T309H,0.2985,LBen
T309I,0.0921,LBen
T309K,0.3025,LBen
T309L,0.0886,LBen
T309M,0.0745,LBen
T309N,0.1162,LBen
T309P,0.3524,Amb
T309Q,0.2389,LBen
T309R,0.2925,LBen
T309S,0.1142,LBen
T309V,0.0712,LBen
T309W,0.6677,LPath
T309Y,0.3107,LBen
I310A,0.7504,LPath
I310C,0.8338,LPath
I310D,0.9972,LPath
I310E,0.9922,LPath
I310F,0.4498,Amb
I310G,0.957,LPath
I310H,0.9839,LPath
I310K,0.9903,LPath
I310L,0.1595,LBen
I310M,0.2197,LBen
I310N,0.9622,LPath
I310P,0.9832,LPath
I310Q,0.9769,LPath
I310R,0.9812,LPath
I310S,0.8953,LPath
I310T,0.8419,LPath
I310V,0.0712,LBen
I310W,0.9798,LPath
I310Y,0.9363,LPath
R311A,0.5593,Amb
R311C,0.3212,LBen
R311D,0.835,LPath
R311E,0.6243,LPath
R311F,0.8281,LPath
R311G,0.3625,Amb
R311H,0.1672,LBen
R311I,0.6315,LPath
R311K,0.0827,LBen
R311L,0.5105,Amb
R311M,0.5943,LPath
R311N,0.6556,LPath
R311P,0.9202,LPath
R311Q,0.1442,LBen
R311S,0.5308,Amb
R311T,0.4613,Amb
R311V,0.6301,LPath
R311W,0.4846,Amb
R311Y,0.6438,LPath
H312A,0.1544,LBen
H312C,0.1231,LBen
H312D,0.2238,LBen
H312E,0.2051,LBen
H312F,0.2084,LBen
H312G,0.1649,LBen
H312I,0.3,LBen
H312K,0.1866,LBen
H312L,0.1224,LBen
H312M,0.2847,LBen
H312N,0.081,LBen
H312P,0.5631,Amb
H312Q,0.0944,LBen
H312R,0.094,LBen
H312S,0.1358,LBen
H312T,0.1516,LBen
H312V,0.211,LBen
H312W,0.3284,LBen
H312Y,0.0902,LBen
G313A,0.9656,LPath
G313C,0.9869,LPath
G313D,0.9985,LPath
G313E,0.9991,LPath
G313F,0.9992,LPath
G313H,0.9988,LPath
G313I,0.9992,LPath
G313K,0.9991,LPath
G313L,0.9989,LPath
G313M,0.9994,LPath
G313N,0.9978,LPath
G313P,0.999,LPath
G313Q,0.9976,LPath
G313R,0.9964,LPath
G313S,0.9604,LPath
G313T,0.9939,LPath
G313V,0.9975,LPath
G313W,0.9985,LPath
G313Y,0.9987,LPath
V314A,0.6692,LPath
V314C,0.7605,LPath
V314D,0.9948,LPath
V314E,0.9904,LPath
V314F,0.9138,LPath
V314G,0.83,LPath
V314H,0.9956,LPath
V314I,0.1282,LBen
V314K,0.994,LPath
V314L,0.7678,LPath
V314M,0.7523,LPath
V314N,0.9651,LPath
V314P,0.9677,LPath
V314Q,0.9813,LPath
V314R,0.9871,LPath
V314S,0.7921,LPath
V314T,0.6355,LPath
V314W,0.9986,LPath
V314Y,0.9924,LPath
H315A,0.9963,LPath
H315C,0.9596,LPath
H315D,0.9731,LPath
H315E,0.9913,LPath
H315F,0.996,LPath
H315G,0.9956,LPath
H315I,0.9995,LPath
H315K,0.9989,LPath
H315L,0.9922,LPath
H315M,0.998,LPath
H315N,0.9375,LPath
H315P,0.9821,LPath
H315Q,0.9801,LPath
H315R,0.997,LPath
H315S,0.9739,LPath
H315T,0.9981,LPath
H315V,0.9992,LPath
H315W,0.9927,LPath
H315Y,0.9892,LPath
M316A,0.7151,LPath
M316C,0.6921,LPath
M316D,0.9993,LPath
M316E,0.9935,LPath
M316F,0.6154,LPath
M316G,0.9429,LPath
M316H,0.9912,LPath
M316I,0.3324,LBen
M316K,0.9873,LPath
M316L,0.1969,LBen
M316N,0.987,LPath
M316P,0.9992,LPath
M316Q,0.9648,LPath
M316R,0.9868,LPath
M316S,0.9193,LPath
M316T,0.7226,LPath
M316V,0.1054,LBen
M316W,0.9898,LPath
M316Y,0.9736,LPath
M317A,0.827,LPath
M317C,0.8887,LPath
M317D,0.9996,LPath
M317E,0.9975,LPath
M317F,0.9051,LPath
M317G,0.9893,LPath
M317H,0.9988,LPath
M317I,0.5886,LPath
M317K,0.9968,LPath
M317L,0.1757,LBen
M317N,0.9961,LPath
M317P,0.9994,LPath
M317Q,0.9897,LPath
M317R,0.9971,LPath
M317S,0.9779,LPath
M317T,0.8728,LPath
M317V,0.1332,LBen
M317W,0.9985,LPath
M317Y,0.9956,LPath
V318A,0.9205,LPath
V318C,0.9867,LPath
V318D,0.9995,LPath
V318E,0.9986,LPath
V318F,0.9967,LPath
V318G,0.9779,LPath
V318H,0.9998,LPath
V318I,0.2522,LBen
V318K,0.9994,LPath
V318L,0.9818,LPath
V318M,0.9848,LPath
V318N,0.9978,LPath
V318P,0.998,LPath
V318Q,0.9986,LPath
V318R,0.9986,LPath
V318S,0.965,LPath
V318T,0.8242,LPath
V318W,0.9999,LPath
V318Y,0.9997,LPath
A319C,0.8658,LPath
A319D,0.9997,LPath
A319E,0.9998,LPath
A319F,0.999,LPath
A319G,0.4597,Amb
A319H,0.9997,LPath
A319I,0.9993,LPath
A319K,0.9999,LPath
A319L,0.9899,LPath
A319M,0.9967,LPath
A319N,0.999,LPath
A319P,0.9996,LPath
A319Q,0.9988,LPath
A319R,0.9994,LPath
A319S,0.6046,LPath
A319T,0.984,LPath
A319V,0.9944,LPath
A319W,1.0,LPath
A319Y,0.9997,LPath
T320A,0.9745,LPath
T320C,0.9891,LPath
T320D,0.9997,LPath
T320E,0.9988,LPath
T320F,0.9992,LPath
T320G,0.9952,LPath
T320H,0.9984,LPath
T320I,0.9978,LPath
T320K,0.9987,LPath
T320L,0.9899,LPath
T320M,0.9912,LPath
T320N,0.9955,LPath
T320P,0.942,LPath
T320Q,0.9985,LPath
T320R,0.9975,LPath
T320S,0.9772,LPath
T320V,0.9841,LPath
T320W,0.9999,LPath
T320Y,0.9996,LPath
P321A,0.9794,LPath
P321C,0.9988,LPath
P321D,0.9998,LPath
P321E,0.9996,LPath
P321F,1.0,LPath
P321G,0.9977,LPath
P321H,0.9997,LPath
P321I,0.9989,LPath
P321K,0.9998,LPath
P321L,0.9964,LPath
P321M,0.9993,LPath
P321N,0.9997,LPath
P321Q,0.9995,LPath
P321R,0.9993,LPath
P321S,0.9952,LPath
P321T,0.9718,LPath
P321V,0.9937,LPath
P321W,1.0,LPath
P321Y,1.0,LPath
G322A,0.9966,LPath
G322C,0.9994,LPath
G322D,0.9999,LPath
G322E,0.9998,LPath
G322F,0.9997,LPath
G322H,1.0,LPath
G322I,0.9997,LPath
G322K,0.9999,LPath
G322L,0.9993,LPath
G322M,0.9998,LPath
G322N,0.9999,LPath
G322P,0.9997,LPath
G322Q,0.9999,LPath
G322R,0.9997,LPath
G322S,0.9962,LPath
G322T,0.9991,LPath
G322V,0.999,LPath
G322W,0.9996,LPath
G322Y,0.9999,LPath
R323A,0.9994,LPath
R323C,0.998,LPath
R323D,0.9996,LPath
R323E,0.9967,LPath
R323F,0.9994,LPath
R323G,0.9985,LPath
R323H,0.9966,LPath
R323I,0.9992,LPath
R323K,0.9941,LPath
R323L,0.9981,LPath
R323M,0.9998,LPath
R323N,0.9993,LPath
R323P,0.9997,LPath
R323Q,0.9965,LPath
R323S,0.9996,LPath
R323T,0.9997,LPath
R323V,0.9993,LPath
R323W,0.9986,LPath
R323Y,0.9992,LPath
L324A,0.9848,LPath
L324C,0.9735,LPath
L324D,0.9999,LPath
L324E,0.9992,LPath
L324F,0.9225,LPath
L324G,0.9954,LPath
L324H,0.9988,LPath
L324I,0.8496,LPath
L324K,0.9986,LPath
L324M,0.6894,LPath
L324N,0.9991,LPath
L324P,0.9999,LPath
L324Q,0.9975,LPath
L324R,0.9979,LPath
L324S,0.9987,LPath
L324T,0.9907,LPath
L324V,0.8539,LPath
L324W,0.9969,LPath
L324Y,0.9951,LPath
M325A,0.8126,LPath
M325C,0.9239,LPath
M325D,0.9886,LPath
M325E,0.9128,LPath
M325F,0.9231,LPath
M325G,0.8845,LPath
M325H,0.9546,LPath
M325I,0.7673,LPath
M325K,0.8214,LPath
M325L,0.3179,LBen
M325N,0.8194,LPath
M325P,0.9981,LPath
M325Q,0.5956,LPath
M325R,0.8861,LPath
M325S,0.7364,LPath
M325T,0.6343,LPath
M325V,0.4146,Amb
M325W,0.9867,LPath
M325Y,0.9799,LPath
D326A,0.9921,LPath
D326C,0.999,LPath
D326E,0.9701,LPath
D326F,0.9944,LPath
D326G,0.9941,LPath
D326H,0.9919,LPath
D326I,0.9976,LPath
D326K,0.9989,LPath
D326L,0.9949,LPath
D326M,0.9983,LPath
D326N,0.9903,LPath
D326P,0.9998,LPath
D326Q,0.9961,LPath
D326R,0.9987,LPath
D326S,0.9895,LPath
D326T,0.9974,LPath
D326V,0.9919,LPath
D326W,0.9986,LPath
D326Y,0.9669,LPath
L327A,0.9266,LPath
L327C,0.7934,LPath
L327D,0.9989,LPath
L327E,0.9929,LPath
L327F,0.5966,LPath
L327G,0.9809,LPath
L327H,0.91,LPath
L327I,0.452,Amb
L327K,0.9908,LPath
L327M,0.1791,LBen
L327N,0.9623,LPath
L327P,0.9996,LPath
L327Q,0.9347,LPath
L327R,0.9857,LPath
L327S,0.9677,LPath
L327T,0.9427,LPath
L327V,0.5167,Amb
L327W,0.9589,LPath
L327Y,0.9358,LPath
L328A,0.9841,LPath
L328C,0.9639,LPath
L328D,0.9998,LPath
L328E,0.9983,LPath
L328F,0.9913,LPath
L328G,0.9951,LPath
L328H,0.9977,LPath
L328I,0.7673,LPath
L328K,0.9961,LPath
L328M,0.8097,LPath
L328N,0.9979,LPath
L328P,0.9997,LPath
L328Q,0.9922,LPath
L328R,0.9926,LPath
L328S,0.9974,LPath
L328T,0.9846,LPath
L328V,0.8248,LPath
L328W,0.9984,LPath
L328Y,0.9981,LPath
Q329A,0.2169,LBen
Q329C,0.7746,LPath
Q329D,0.3681,Amb
Q329E,0.1057,LBen
Q329F,0.8606,LPath
Q329G,0.1579,LBen
Q329H,0.28,LBen
Q329I,0.733,LPath
Q329K,0.3665,Amb
Q329L,0.2411,LBen
Q329M,0.4645,Amb
Q329N,0.1421,LBen
Q329P,0.8987,LPath
Q329R,0.3964,Amb
Q329S,0.1313,LBen
Q329T,0.1988,LBen
Q329V,0.5205,Amb
Q329W,0.8955,LPath
Q329Y,0.7144,LPath
K330A,0.9784,LPath
K330C,0.9771,LPath
K330D,0.9829,LPath
K330E,0.9701,LPath
K330F,0.9973,LPath
K330G,0.9291,LPath
K330H,0.859,LPath
K330I,0.9932,LPath
K330L,0.9648,LPath
K330M,0.9582,LPath
K330N,0.9671,LPath
K330P,0.9959,LPath
K330Q,0.753,LPath
K330R,0.1517,LBen
K330S,0.9771,LPath
K330T,0.971,LPath
K330V,0.9844,LPath
K330W,0.9907,LPath
K330Y,0.9822,LPath
K331A,0.9422,LPath
K331C,0.9375,LPath
K331D,0.8678,LPath
K331E,0.7946,LPath
K331F,0.9948,LPath
K331G,0.6075,LPath
K331H,0.5543,Amb
K331I,0.9919,LPath
K331L,0.9761,LPath
K331M,0.9529,LPath
K331N,0.7942,LPath
K331P,0.9793,LPath
K331Q,0.4053,Amb
K331R,0.0995,LBen
K331S,0.8817,LPath
K331T,0.9246,LPath
K331V,0.981,LPath
K331W,0.9805,LPath
K331Y,0.9606,LPath
M332A,0.5361,Amb
M332C,0.7909,LPath
M332D,0.982,LPath
M332E,0.9219,LPath
M332F,0.5336,Amb
M332G,0.8548,LPath
M332H,0.8363,LPath
M332I,0.4259,Amb
M332K,0.7572,LPath
M332L,0.2018,LBen
M332N,0.7538,LPath
M332P,0.9937,LPath
M332Q,0.5353,Amb
M332R,0.7811,LPath
M332S,0.6282,LPath
M332T,0.4666,Amb
M332V,0.1531,LBen
M332W,0.861,LPath
M332Y,0.7615,LPath
V333A,0.635,LPath
V333C,0.814,LPath
V333D,0.9935,LPath
V333E,0.989,LPath
V333F,0.6588,LPath
V333G,0.8055,LPath
V333H,0.9931,LPath
V333I,0.1141,LBen
V333K,0.9926,LPath
V333L,0.4844,Amb
V333M,0.5839,LPath
V333N,0.9756,LPath
V333P,0.9864,LPath
V333Q,0.9822,LPath
V333R,0.986,LPath
V333S,0.8913,LPath
V333T,0.7253,LPath
V333W,0.9938,LPath
V333Y,0.9726,LPath
S334A,0.1486,LBen
S334C,0.1241,LBen
S334D,0.6618,LPath
S334E,0.8442,LPath
S334F,0.6117,LPath
S334G,0.0914,LBen
S334H,0.4842,Amb
S334I,0.5065,Amb
S334K,0.8467,LPath
S334L,0.2817,LBen
S334M,0.3541,Amb
S334N,0.1562,LBen
S334P,0.879,LPath
S334Q,0.6495,LPath
S334R,0.8005,LPath
S334T,0.0835,LBen
S334V,0.3862,Amb
S334W,0.7584,LPath
S334Y,0.5218,Amb
L335A,0.9599,LPath
L335C,0.9385,LPath
L335D,0.9998,LPath
L335E,0.9991,LPath
L335F,0.85,LPath
L335G,0.9886,LPath
L335H,0.9981,LPath
L335I,0.8253,LPath
L335K,0.9984,LPath
L335M,0.4994,Amb
L335N,0.998,LPath
L335P,0.9929,LPath
L335Q,0.9968,LPath
L335R,0.9967,LPath
L335S,0.996,LPath
L335T,0.9616,LPath
L335V,0.7705,LPath
L335W,0.9939,LPath
L335Y,0.9963,LPath
D336A,0.5137,Amb
D336C,0.9029,LPath
D336E,0.2829,LBen
D336F,0.9218,LPath
D336G,0.4211,Amb
D336H,0.5968,LPath
D336I,0.8824,LPath
D336K,0.8438,LPath
D336L,0.8424,LPath
D336M,0.9209,LPath
D336N,0.2048,LBen
D336P,0.9805,LPath
D336Q,0.6257,LPath
D336R,0.8171,LPath
D336S,0.2849,LBen
D336T,0.6039,LPath
D336V,0.7271,LPath
D336W,0.9796,LPath
D336Y,0.6754,LPath
I337A,0.4355,Amb
I337C,0.5732,LPath
I337D,0.914,LPath
I337E,0.8902,LPath
I337F,0.4212,Amb
I337G,0.7122,LPath
I337H,0.8214,LPath
I337K,0.9006,LPath
I337L,0.1455,LBen
I337M,0.1785,LBen
I337N,0.435,Amb
I337P,0.9349,LPath
I337Q,0.8051,LPath
I337R,0.8313,LPath
I337S,0.37,Amb
I337T,0.2905,LBen
I337V,0.0637,LBen
I337W,0.9512,LPath
I337Y,0.847,LPath
C338A,0.9662,LPath
C338D,0.9998,LPath
C338E,0.9999,LPath
C338F,0.9986,LPath
C338G,0.955,LPath
C338H,0.9997,LPath
C338I,0.9903,LPath
C338K,1.0,LPath
C338L,0.982,LPath
C338M,0.9955,LPath
C338N,0.9978,LPath
C338P,0.9989,LPath
C338Q,0.9995,LPath
C338R,0.9994,LPath
C338S,0.9597,LPath
C338T,0.9594,LPath
C338V,0.9456,LPath
C338W,0.9999,LPath
C338Y,0.9998,LPath
R339A,0.9801,LPath
R339C,0.6968,LPath
R339D,0.9937,LPath
R339E,0.9621,LPath
R339F,0.9933,LPath
R339G,0.9567,LPath
R339H,0.6082,LPath
R339I,0.9799,LPath
R339K,0.5614,Amb
R339L,0.9472,LPath
R339M,0.9842,LPath
R339N,0.9872,LPath
R339P,0.9977,LPath
R339Q,0.528,Amb
R339S,0.9747,LPath
R339T,0.9506,LPath
R339V,0.972,LPath
R339W,0.9092,LPath
R339Y,0.9679,LPath
Y340A,0.9908,LPath
Y340C,0.8095,LPath
Y340D,0.997,LPath
Y340E,0.999,LPath
Y340F,0.08,LBen
Y340G,0.9832,LPath
Y340H,0.981,LPath
Y340I,0.8677,LPath
Y340K,0.9991,LPath
Y340L,0.7762,LPath
Y340M,0.8939,LPath
Y340N,0.9763,LPath
Y340P,0.999,LPath
Y340Q,0.9975,LPath
Y340R,0.9976,LPath
Y340S,0.975,LPath
Y340T,0.9824,LPath
Y340V,0.7935,LPath
Y340W,0.867,LPath
L341A,0.9632,LPath
L341C,0.945,LPath
L341D,0.9999,LPath
L341E,0.9992,LPath
L341F,0.8741,LPath
L341G,0.9961,LPath
L341H,0.9976,LPath
L341I,0.4701,Amb
L341K,0.9988,LPath
L341M,0.5474,Amb
L341N,0.999,LPath
L341P,0.9994,LPath
L341Q,0.9961,LPath
L341R,0.997,LPath
L341S,0.9968,LPath
L341T,0.9747,LPath
L341V,0.4278,Amb
L341W,0.9943,LPath
L341Y,0.9952,LPath
A342C,0.3579,Amb
A342D,0.9961,LPath
A342E,0.9949,LPath
A342F,0.981,LPath
A342G,0.4192,Amb
A342H,0.9946,LPath
A342I,0.7602,LPath
A342K,0.999,LPath
A342L,0.8119,LPath
A342M,0.8614,LPath
A342N,0.974,LPath
A342P,0.9896,LPath
A342Q,0.9853,LPath
A342R,0.9965,LPath
A342S,0.1914,LBen
A342T,0.2393,LBen
A342V,0.3258,LBen
A342W,0.9989,LPath
A342Y,0.9945,LPath
L343A,0.9808,LPath
L343C,0.9649,LPath
L343D,0.9999,LPath
L343E,0.9993,LPath
L343F,0.9364,LPath
L343G,0.9973,LPath
L343H,0.9991,LPath
L343I,0.7294,LPath
L343K,0.9988,LPath
L343M,0.3624,Amb
L343N,0.999,LPath
L343P,0.9995,LPath
L343Q,0.9978,LPath
L343R,0.9982,LPath
L343S,0.9982,LPath
L343T,0.9933,LPath
L343V,0.788,LPath
L343W,0.9957,LPath
L343Y,0.9967,LPath
D344A,0.9997,LPath
D344C,1.0,LPath
D344E,0.9995,LPath
D344F,0.9999,LPath
D344G,0.9994,LPath
D344H,0.9997,LPath
D344I,0.9999,LPath
D344K,0.9999,LPath
D344L,0.9994,LPath
D344M,1.0,LPath
D344N,0.9994,LPath
D344P,0.9998,LPath
D344Q,0.9999,LPath
D344R,0.9997,LPath
D344S,0.9991,LPath
D344T,0.9998,LPath
D344V,0.9996,LPath
D344W,0.9999,LPath
D344Y,0.9994,LPath
E345A,0.9998,LPath
E345C,0.9998,LPath
E345D,0.9998,LPath
E345F,1.0,LPath
E345G,0.9995,LPath
E345H,1.0,LPath
E345I,1.0,LPath
E345K,0.9998,LPath
E345L,0.9999,LPath
E345M,0.9996,LPath
E345N,0.9999,LPath
E345P,1.0,LPath
E345Q,0.9997,LPath
E345R,0.9998,LPath
E345S,0.9999,LPath
E345T,0.9999,LPath
E345V,0.9998,LPath
E345W,1.0,LPath
E345Y,1.0,LPath
A346C,0.9886,LPath
A346D,0.9997,LPath
A346E,0.9996,LPath
A346F,0.9977,LPath
A346G,0.8734,LPath
A346H,0.9998,LPath
A346I,0.999,LPath
A346K,0.9999,LPath
A346L,0.9941,LPath
A346M,0.9967,LPath
A346N,0.9995,LPath
A346P,0.9994,LPath
A346Q,0.9991,LPath
A346R,0.9987,LPath
A346S,0.8931,LPath
A346T,0.9947,LPath
A346V,0.9962,LPath
A346W,0.9998,LPath
A346Y,0.9993,LPath
D347A,0.9999,LPath
D347C,1.0,LPath
D347E,0.9998,LPath
D347F,0.9999,LPath
D347G,0.9998,LPath
D347H,0.9999,LPath
D347I,1.0,LPath
D347K,1.0,LPath
D347L,1.0,LPath
D347M,1.0,LPath
D347N,0.9996,LPath
D347P,1.0,LPath
D347Q,1.0,LPath
D347R,0.9999,LPath
D347S,0.9998,LPath
D347T,1.0,LPath
D347V,0.9999,LPath
D347W,1.0,LPath
D347Y,0.9998,LPath
R348A,0.9988,LPath
R348C,0.9946,LPath
R348D,0.9996,LPath
R348E,0.9966,LPath
R348F,0.9997,LPath
R348G,0.9973,LPath
R348H,0.9921,LPath
R348I,0.9988,LPath
R348K,0.9788,LPath
R348L,0.9964,LPath
R348M,0.9995,LPath
R348N,0.9992,LPath
R348P,0.9999,LPath
R348Q,0.9844,LPath
R348S,0.9992,LPath
R348T,0.9991,LPath
R348V,0.9987,LPath
R348W,0.9975,LPath
R348Y,0.999,LPath
M349A,0.9979,LPath
M349C,0.9929,LPath
M349D,0.9999,LPath
M349E,0.9996,LPath
M349F,0.9969,LPath
M349G,0.9993,LPath
M349H,0.9998,LPath
M349I,0.9982,LPath
M349K,0.9994,LPath
M349L,0.7168,LPath
M349N,0.9993,LPath
M349P,1.0,LPath
M349Q,0.9974,LPath
M349R,0.9997,LPath
M349S,0.999,LPath
M349T,0.9991,LPath
M349V,0.9839,LPath
M349W,0.9999,LPath
M349Y,0.9997,LPath
I350A,0.9644,LPath
I350C,0.9939,LPath
I350D,0.9994,LPath
I350E,0.9972,LPath
I350F,0.9506,LPath
I350G,0.9967,LPath
I350H,0.9992,LPath
I350K,0.9976,LPath
I350L,0.433,Amb
I350M,0.5472,Amb
I350N,0.994,LPath
I350P,0.9977,LPath
I350Q,0.9972,LPath
I350R,0.9958,LPath
I350S,0.989,LPath
I350T,0.9282,LPath
I350V,0.2496,LBen
I350W,0.9969,LPath
I350Y,0.9964,LPath
D351A,0.9948,LPath
D351C,0.9997,LPath
D351E,0.9922,LPath
D351F,0.9992,LPath
D351G,0.9913,LPath
D351H,0.9987,LPath
D351I,0.9996,LPath
D351K,0.9996,LPath
D351L,0.9982,LPath
D351M,0.9997,LPath
D351N,0.9919,LPath
D351P,0.9997,LPath
D351Q,0.9988,LPath
D351R,0.9989,LPath
D351S,0.9865,LPath
D351T,0.9981,LPath
D351V,0.9979,LPath
D351W,0.9998,LPath
D351Y,0.9956,LPath
M352A,0.9397,LPath
M352C,0.9732,LPath
M352D,0.9825,LPath
M352E,0.9745,LPath
M352F,0.9283,LPath
M352G,0.9414,LPath
M352H,0.9827,LPath
M352I,0.9835,LPath
M352K,0.964,LPath
M352L,0.3376,LBen
M352N,0.9306,LPath
M352P,0.9994,LPath
M352Q,0.8934,LPath
M352R,0.9715,LPath
M352S,0.9141,LPath
M352T,0.9329,LPath
M352V,0.7855,LPath
M352W,0.9914,LPath
M352Y,0.9846,LPath
G353A,0.9898,LPath
G353C,0.9966,LPath
G353D,0.9946,LPath
G353E,0.9984,LPath
G353F,0.9994,LPath
G353H,0.9995,LPath
G353I,0.9986,LPath
G353K,0.9996,LPath
G353L,0.9982,LPath
G353M,0.9991,LPath
G353N,0.9944,LPath
G353P,0.9995,LPath
G353Q,0.9987,LPath
G353R,0.9991,LPath
G353S,0.9863,LPath
G353T,0.9939,LPath
G353V,0.9971,LPath
G353W,0.9997,LPath
G353Y,0.9993,LPath
F354A,0.9995,LPath
F354C,0.9997,LPath
F354D,0.9994,LPath
F354E,0.9992,LPath
F354G,0.9992,LPath
F354H,0.999,LPath
F354I,0.9995,LPath
F354K,0.9997,LPath
F354L,1.0,LPath
F354M,0.9982,LPath
F354N,0.9988,LPath
F354P,1.0,LPath
F354Q,0.9992,LPath
F354R,0.9991,LPath
F354S,0.9996,LPath
F354T,0.9997,LPath
F354V,0.9994,LPath
F354W,0.9861,LPath
F354Y,0.991,LPath
E355A,0.9722,LPath
E355C,0.9991,LPath
E355D,0.975,LPath
E355F,0.9994,LPath
E355G,0.9688,LPath
E355H,0.9983,LPath
E355I,0.9969,LPath
E355K,0.9937,LPath
E355L,0.9976,LPath
E355M,0.998,LPath
E355N,0.9986,LPath
E355P,0.9994,LPath
E355Q,0.9674,LPath
E355R,0.9895,LPath
E355S,0.9781,LPath
E355T,0.9917,LPath
E355V,0.9926,LPath
E355W,0.9997,LPath
E355Y,0.9992,LPath
G356A,0.1508,LBen
G356C,0.6447,LPath
G356D,0.4485,Amb
G356E,0.2029,LBen
G356F,0.9455,LPath
G356H,0.8373,LPath
G356I,0.6607,LPath
G356K,0.9035,LPath
G356L,0.656,LPath
G356M,0.6304,LPath
G356N,0.3288,LBen
G356P,0.8856,LPath
G356Q,0.5024,Amb
G356R,0.9034,LPath
G356S,0.1351,LBen
G356T,0.1884,LBen
G356V,0.4003,Amb
G356W,0.9394,LPath
G356Y,0.8924,LPath
D357A,0.9755,LPath
D357C,0.9982,LPath
D357E,0.7856,LPath
D357F,0.9987,LPath
D357G,0.9907,LPath
D357H,0.9944,LPath
D357I,0.9951,LPath
D357K,0.9964,LPath
D357L,0.9969,LPath
D357M,0.9988,LPath
D357N,0.94,LPath
D357P,0.9969,LPath
D357Q,0.9872,LPath
D357R,0.996,LPath
D357S,0.9654,LPath
D357T,0.9902,LPath
D357V,0.9868,LPath
D357W,0.9996,LPath
D357Y,0.9905,LPath
I358A,0.9933,LPath
I358C,0.9941,LPath
I358D,0.9996,LPath
I358E,0.9986,LPath
I358F,0.9801,LPath
I358G,0.9989,LPath
I358H,0.9997,LPath
I358K,0.999,LPath
I358L,0.592,LPath
I358M,0.6745,LPath
I358N,0.9964,LPath
I358P,0.9993,LPath
I358Q,0.9989,LPath
I358R,0.9985,LPath
I358S,0.9937,LPath
I358T,0.9807,LPath
I358V,0.2351,LBen
I358W,0.9995,LPath
I358Y,0.9989,LPath
R359A,0.9907,LPath
R359C,0.9678,LPath
R359D,0.9983,LPath
R359E,0.9851,LPath
R359F,0.9979,LPath
R359G,0.9796,LPath
R359H,0.9203,LPath
R359I,0.9946,LPath
R359K,0.8056,LPath
R359L,0.9793,LPath
R359M,0.9937,LPath
R359N,0.9964,LPath
R359P,0.9993,LPath
R359Q,0.8142,LPath
R359S,0.9938,LPath
R359T,0.9927,LPath
R359V,0.9933,LPath
R359W,0.983,LPath
R359Y,0.9935,LPath
T360A,0.3738,Amb
T360C,0.8525,LPath
T360D,0.8327,LPath
T360E,0.7517,LPath
T360F,0.8976,LPath
T360G,0.4999,Amb
T360H,0.7458,LPath
T360I,0.8564,LPath
T360K,0.8563,LPath
T360L,0.5283,Amb
T360M,0.3247,LBen
T360N,0.3,LBen
T360P,0.9765,LPath
T360Q,0.5943,LPath
T360R,0.8479,LPath
T360S,0.3278,LBen
T360V,0.6336,LPath
T360W,0.9802,LPath
T360Y,0.886,LPath
I361A,0.9822,LPath
I361C,0.9962,LPath
I361D,0.9998,LPath
I361E,0.9996,LPath
I361F,0.9948,LPath
I361G,0.9993,LPath
I361H,0.9998,LPath
I361K,0.9998,LPath
I361L,0.8412,LPath
I361M,0.9145,LPath
I361N,0.9975,LPath
I361P,0.9993,LPath
I361Q,0.9996,LPath
I361R,0.9994,LPath
I361S,0.9922,LPath
I361T,0.9694,LPath
I361V,0.2059,LBen
I361W,0.9999,LPath
I361Y,0.9995,LPath
F362A,0.9898,LPath
F362C,0.9331,LPath
F362D,0.9993,LPath
F362E,0.9991,LPath
F362G,0.996,LPath
F362H,0.9942,LPath
F362I,0.9145,LPath
F362K,0.9992,LPath
F362L,0.9641,LPath
F362M,0.8717,LPath
F362N,0.9948,LPath
F362P,0.9999,LPath
F362Q,0.9965,LPath
F362R,0.9966,LPath
F362S,0.9903,LPath
F362T,0.9855,LPath
F362V,0.8991,LPath
F362W,0.9766,LPath
F362Y,0.8701,LPath
S363A,0.4521,Amb
S363C,0.7745,LPath
S363D,0.9283,LPath
S363E,0.9748,LPath
S363F,0.9826,LPath
S363G,0.3512,Amb
S363H,0.958,LPath
S363I,0.9858,LPath
S363K,0.9984,LPath
S363L,0.8744,LPath
S363M,0.9272,LPath
S363N,0.7961,LPath
S363P,0.9968,LPath
S363Q,0.9574,LPath
S363R,0.9961,LPath
S363T,0.5514,Amb
S363V,0.9719,LPath
S363W,0.9886,LPath
S363Y,0.9659,LPath
Y364A,0.9546,LPath
Y364C,0.5793,LPath
Y364D,0.9669,LPath
Y364E,0.9921,LPath
Y364F,0.1215,LBen
Y364G,0.9474,LPath
Y364H,0.6153,LPath
Y364I,0.9737,LPath
Y364K,0.9924,LPath
Y364L,0.9566,LPath
Y364M,0.9687,LPath
Y364N,0.786,LPath
Y364P,0.9987,LPath
Y364Q,0.9734,LPath
Y364R,0.9678,LPath
Y364S,0.7902,LPath
Y364T,0.9395,LPath
Y364V,0.9287,LPath
Y364W,0.6296,LPath
F365A,0.9958,LPath
F365C,0.9707,LPath
F365D,0.9993,LPath
F365E,0.9991,LPath
F365G,0.9958,LPath
F365H,0.9947,LPath
F365I,0.9853,LPath
F365K,0.9987,LPath
F365L,0.9958,LPath
F365M,0.9773,LPath
F365N,0.9979,LPath
F365P,0.9998,LPath
F365Q,0.9956,LPath
F365R,0.9952,LPath
F365S,0.9956,LPath
F365T,0.9932,LPath
F365V,0.9714,LPath
F365W,0.9799,LPath
F365Y,0.9348,LPath
K366A,0.5879,LPath
K366C,0.7809,LPath
K366D,0.8352,LPath
K366E,0.4601,Amb
K366F,0.9678,LPath
K366G,0.6607,LPath
K366H,0.3758,Amb
K366I,0.8241,LPath
K366L,0.7277,LPath
K366M,0.677,LPath
K366N,0.7427,LPath
K366P,0.8732,LPath
K366Q,0.1931,LBen
K366R,0.0831,LBen
K366S,0.58,LPath
K366T,0.3193,LBen
K366V,0.6808,LPath
K366W,0.9331,LPath
K366Y,0.9083,LPath
G367A,0.3422,Amb
G367C,0.547,Amb
G367D,0.8657,LPath
G367E,0.8957,LPath
G367F,0.9039,LPath
G367H,0.8838,LPath
G367I,0.935,LPath
G367K,0.9674,LPath
G367L,0.9208,LPath
G367M,0.8987,LPath
G367N,0.8036,LPath
G367P,0.9979,LPath
G367Q,0.8729,LPath
G367R,0.9307,LPath
G367S,0.3379,LBen
G367T,0.7072,LPath
G367V,0.8476,LPath
G367W,0.9039,LPath
G367Y,0.837,LPath
Q368A,0.9058,LPath
Q368C,0.9984,LPath
Q368D,0.9954,LPath
Q368E,0.8616,LPath
Q368F,0.9987,LPath
Q368G,0.9437,LPath
Q368H,0.9978,LPath
Q368I,0.9911,LPath
Q368K,0.9695,LPath
Q368L,0.9786,LPath
Q368M,0.9694,LPath
Q368N,0.9728,LPath
Q368P,0.8854,LPath
Q368R,0.9586,LPath
Q368S,0.9134,LPath
Q368T,0.9634,LPath
Q368V,0.9828,LPath
Q368W,0.9993,LPath
Q368Y,0.9992,LPath
R369A,0.9993,LPath
R369C,0.9902,LPath
R369D,0.9997,LPath
R369E,0.9966,LPath
R369F,0.9997,LPath
R369G,0.9981,LPath
R369H,0.9756,LPath
R369I,0.9985,LPath
R369K,0.9687,LPath
R369L,0.997,LPath
R369M,0.9996,LPath
R369N,0.9996,LPath
R369P,0.999,LPath
R369Q,0.9855,LPath
R369S,0.9997,LPath
R369T,0.9994,LPath
R369V,0.998,LPath
R369W,0.9936,LPath
R369Y,0.9978,LPath
Q370A,0.9733,LPath
Q370C,0.9989,LPath
Q370D,0.9994,LPath
Q370E,0.9228,LPath
Q370F,0.9996,LPath
Q370G,0.9836,LPath
Q370H,0.9984,LPath
Q370I,0.9901,LPath
Q370K,0.9921,LPath
Q370L,0.9892,LPath
Q370M,0.9619,LPath
Q370N,0.9877,LPath
Q370P,0.9983,LPath
Q370R,0.9957,LPath
Q370S,0.9625,LPath
Q370T,0.9573,LPath
Q370V,0.9817,LPath
Q370W,0.9998,LPath
Q370Y,0.9998,LPath
T371A,0.9551,LPath
T371C,0.9689,LPath
T371D,0.9972,LPath
T371E,0.9983,LPath
T371F,0.9965,LPath
T371G,0.9659,LPath
T371H,0.993,LPath
T371I,0.9863,LPath
T371K,0.9974,LPath
T371L,0.9649,LPath
T371M,0.919,LPath
T371N,0.9642,LPath
T371P,0.9959,LPath
T371Q,0.9942,LPath
T371R,0.9974,LPath
T371S,0.8528,LPath
T371V,0.9353,LPath
T371W,0.9991,LPath
T371Y,0.9972,LPath
L372A,0.854,LPath
L372C,0.8043,LPath
L372D,0.9998,LPath
L372E,0.9979,LPath
L372F,0.9749,LPath
L372G,0.9885,LPath
L372H,0.9955,LPath
L372I,0.3154,LBen
L372K,0.9982,LPath
L372M,0.4707,Amb
L372N,0.9912,LPath
L372P,0.9995,LPath
L372Q,0.986,LPath
L372R,0.9951,LPath
L372S,0.9732,LPath
L372T,0.909,LPath
L372V,0.2154,LBen
L372W,0.9982,LPath
L372Y,0.997,LPath
L373A,0.993,LPath
L373C,0.9859,LPath
L373D,0.9999,LPath
L373E,0.9998,LPath
L373F,0.9667,LPath
L373G,0.9981,LPath
L373H,0.9987,LPath
L373I,0.9647,LPath
L373K,0.9993,LPath
L373M,0.7689,LPath
L373N,0.9992,LPath
L373P,0.9997,LPath
L373Q,0.9987,LPath
L373R,0.998,LPath
L373S,0.9991,LPath
L373T,0.9977,LPath
L373V,0.9779,LPath
L373W,0.998,LPath
L373Y,0.996,LPath
F374A,0.9995,LPath
F374C,0.9974,LPath
F374D,0.9999,LPath
F374E,0.9999,LPath
F374G,0.9994,LPath
F374H,0.9982,LPath
F374I,0.9989,LPath
F374K,0.9999,LPath
F374L,0.9996,LPath
F374M,0.9979,LPath
F374N,0.9994,LPath
F374P,1.0,LPath
F374Q,0.9998,LPath
F374R,0.9997,LPath
F374S,0.9991,LPath
F374T,0.9996,LPath
F374V,0.998,LPath
F374W,0.9696,LPath
F374Y,0.873,LPath
S375A,0.9671,LPath
S375C,0.994,LPath
S375D,0.9996,LPath
S375E,0.9989,LPath
S375F,0.9996,LPath
S375G,0.9902,LPath
S375H,0.9989,LPath
S375I,0.9994,LPath
S375K,0.9999,LPath
S375L,0.9982,LPath
S375M,0.9982,LPath
S375N,0.9996,LPath
S375P,0.9993,LPath
S375Q,0.9989,LPath
S375R,0.9998,LPath
S375T,0.8215,LPath
S375V,0.999,LPath
S375W,0.9985,LPath
S375Y,0.9996,LPath
A376C,0.9974,LPath
A376D,1.0,LPath
A376E,0.9996,LPath
A376F,0.9987,LPath
A376G,0.998,LPath
A376H,0.9997,LPath
A376I,0.9996,LPath
A376K,0.9999,LPath
A376L,0.996,LPath
A376M,0.9991,LPath
A376N,0.9998,LPath
A376P,0.9994,LPath
A376Q,0.9992,LPath
A376R,0.9978,LPath
A376S,0.956,LPath
A376T,0.9982,LPath
A376V,0.9991,LPath
A376W,0.9999,LPath
A376Y,0.9997,LPath
T377A,0.9964,LPath
T377C,0.9997,LPath
T377D,0.9999,LPath
T377E,0.9993,LPath
T377F,0.9998,LPath
T377G,0.9987,LPath
T377H,0.9996,LPath
T377I,0.9993,LPath
T377K,0.9992,LPath
T377L,0.998,LPath
T377M,0.9975,LPath
T377N,0.9986,LPath
T377P,0.9973,LPath
T377Q,0.9992,LPath
T377R,0.9989,LPath
T377S,0.9966,LPath
T377V,0.9951,LPath
T377W,1.0,LPath
T377Y,0.9999,LPath
M378A,0.997,LPath
M378C,0.9937,LPath
M378D,0.9999,LPath
M378E,0.9995,LPath
M378F,0.7812,LPath
M378G,0.9995,LPath
M378H,0.9985,LPath
M378I,0.9942,LPath
M378K,0.9985,LPath
M378L,0.8681,LPath
M378N,0.9982,LPath
M378P,0.9996,LPath
M378Q,0.9931,LPath
M378R,0.9977,LPath
M378S,0.9961,LPath
M378T,0.9982,LPath
M378V,0.9222,LPath
M378W,0.9917,LPath
M378Y,0.9896,LPath
P379A,0.9967,LPath
P379C,0.9999,LPath
P379D,0.9994,LPath
P379E,0.9994,LPath
P379F,1.0,LPath
P379G,0.9978,LPath
P379H,0.9993,LPath
P379I,0.9999,LPath
P379K,0.9996,LPath
P379L,0.9985,LPath
P379M,0.9998,LPath
P379N,0.9992,LPath
P379Q,0.9993,LPath
P379R,0.9991,LPath
P379S,0.9985,LPath
P379T,0.9981,LPath
P379V,0.9995,LPath
P379W,1.0,LPath
P379Y,0.9999,LPath
K380A,0.7416,LPath
K380C,0.9298,LPath
K380D,0.9736,LPath
K380E,0.8025,LPath
K380F,0.9826,LPath
K380G,0.8357,LPath
K380H,0.7459,LPath
K380I,0.84,LPath
K380L,0.752,LPath
K380M,0.7074,LPath
K380N,0.9413,LPath
K380P,0.9416,LPath
K380Q,0.3257,LBen
K380R,0.0858,LBen
K380S,0.8686,LPath
K380T,0.6376,LPath
K380V,0.6791,LPath
K380W,0.9736,LPath
K380Y,0.9559,LPath
K381A,0.962,LPath
K381C,0.986,LPath
K381D,0.989,LPath
K381E,0.9697,LPath
K381F,0.9972,LPath
K381G,0.9694,LPath
K381H,0.8878,LPath
K381I,0.9689,LPath
K381L,0.9618,LPath
K381M,0.9284,LPath
K381N,0.9685,LPath
K381P,0.9758,LPath
K381Q,0.7979,LPath
K381R,0.2053,LBen
K381S,0.9803,LPath
K381T,0.9102,LPath
K381V,0.9401,LPath
K381W,0.9947,LPath
K381Y,0.9834,LPath
I382A,0.9981,LPath
I382C,0.9996,LPath
I382D,0.9998,LPath
I382E,0.9989,LPath
I382F,0.967,LPath
I382G,0.9996,LPath
I382H,0.9997,LPath
I382K,0.9994,LPath
I382L,0.933,LPath
I382M,0.9091,LPath
I382N,0.9981,LPath
I382P,0.9993,LPath
I382Q,0.9992,LPath
I382R,0.9987,LPath
I382S,0.9978,LPath
I382T,0.9972,LPath
I382V,0.748,LPath
I382W,0.9988,LPath
I382Y,0.9975,LPath
Q383A,0.7398,LPath
Q383C,0.9857,LPath
Q383D,0.9966,LPath
Q383E,0.6264,LPath
Q383F,0.9954,LPath
Q383G,0.8738,LPath
Q383H,0.9786,LPath
Q383I,0.9423,LPath
Q383K,0.7452,LPath
Q383L,0.8171,LPath
Q383M,0.8481,LPath
Q383N,0.966,LPath
Q383P,0.9976,LPath
Q383R,0.6712,LPath
Q383S,0.8346,LPath
Q383T,0.8676,LPath
Q383V,0.8636,LPath
Q383W,0.9951,LPath
Q383Y,0.9942,LPath
N384A,0.538,Amb
N384C,0.6666,LPath
N384D,0.4979,Amb
N384E,0.7924,LPath
N384F,0.8568,LPath
N384G,0.6228,LPath
N384H,0.3734,Amb
N384I,0.57,LPath
N384K,0.868,LPath
N384L,0.5343,Amb
N384M,0.6011,LPath
N384P,0.997,LPath
N384Q,0.7161,LPath
N384R,0.8442,LPath
N384S,0.219,LBen
N384T,0.3509,Amb
N384V,0.4603,Amb
N384W,0.9626,LPath
N384Y,0.4689,Amb
F385A,0.9983,LPath
F385C,0.9988,LPath
F385D,0.9994,LPath
F385E,0.9994,LPath
F385G,0.9995,LPath
F385H,0.998,LPath
F385I,0.9832,LPath
F385K,0.9995,LPath
F385L,0.9979,LPath
F385M,0.9882,LPath
F385N,0.9991,LPath
F385P,1.0,LPath
F385Q,0.9991,LPath
F385R,0.9983,LPath
F385S,0.9992,LPath
F385T,0.9971,LPath
F385V,0.9822,LPath
F385W,0.9873,LPath
F385Y,0.9654,LPath
A386C,0.9748,LPath
A386D,0.9999,LPath
A386E,0.9995,LPath
A386F,0.9961,LPath
A386G,0.9159,LPath
A386H,0.9993,LPath
A386I,0.995,LPath
A386K,0.9998,LPath
A386L,0.9739,LPath
A386M,0.9908,LPath
A386N,0.9996,LPath
A386P,0.9994,LPath
A386Q,0.9953,LPath
A386R,0.9977,LPath
A386S,0.7188,LPath
A386T,0.973,LPath
A386V,0.983,LPath
A386W,0.9996,LPath
A386Y,0.9992,LPath
K387A,0.7311,LPath
K387C,0.8755,LPath
K387D,0.9505,LPath
K387E,0.6232,LPath
K387F,0.9581,LPath
K387G,0.8206,LPath
K387H,0.5651,LPath
K387I,0.7669,LPath
K387L,0.6562,LPath
K387M,0.602,LPath
K387N,0.8721,LPath
K387P,0.9963,LPath
K387Q,0.2541,LBen
K387R,0.0809,LBen
K387S,0.8182,LPath
K387T,0.5525,Amb
K387V,0.6464,LPath
K387W,0.9483,LPath
K387Y,0.9119,LPath
S388A,0.3916,Amb
S388C,0.8338,LPath
S388D,0.8888,LPath
S388E,0.8994,LPath
S388F,0.958,LPath
S388G,0.381,Amb
S388H,0.9294,LPath
S388I,0.9263,LPath
S388K,0.9845,LPath
S388L,0.7517,LPath
S388M,0.6566,LPath
S388N,0.6586,LPath
S388P,0.9981,LPath
S388Q,0.8593,LPath
S388R,0.9897,LPath
S388T,0.2971,LBen
S388V,0.8743,LPath
S388W,0.9738,LPath
S388Y,0.9293,LPath
A389C,0.9487,LPath
A389D,0.9996,LPath
A389E,0.9982,LPath
A389F,0.9778,LPath
A389G,0.9382,LPath
A389H,0.9952,LPath
A389I,0.9787,LPath
A389K,0.9996,LPath
A389L,0.9421,LPath
A389M,0.9616,LPath
A389N,0.9932,LPath
A389P,0.9991,LPath
A389Q,0.9911,LPath
A389R,0.9961,LPath
A389S,0.545,Amb
A389T,0.8763,LPath
A389V,0.9334,LPath
A389W,0.9985,LPath
A389Y,0.9943,LPath
L390A,0.9804,LPath
L390C,0.9794,LPath
L390D,0.9999,LPath
L390E,0.9994,LPath
L390F,0.9959,LPath
L390G,0.9955,LPath
L390H,0.9994,LPath
L390I,0.9402,LPath
L390K,0.9983,LPath
L390M,0.7797,LPath
L390N,0.9987,LPath
L390P,0.9998,LPath
L390Q,0.9976,LPath
L390R,0.9968,LPath
L390S,0.9983,LPath
L390T,0.9854,LPath
L390V,0.8932,LPath
L390W,0.9995,LPath
L390Y,0.9995,LPath
V391A,0.9863,LPath
V391C,0.9806,LPath
V391D,0.9987,LPath
V391E,0.9957,LPath
V391F,0.9708,LPath
V391G,0.9729,LPath
V391H,0.9966,LPath
V391I,0.3533,Amb
V391K,0.9932,LPath
V391L,0.9695,LPath
V391M,0.9784,LPath
V391N,0.9908,LPath
V391P,0.9979,LPath
V391Q,0.988,LPath
V391R,0.9769,LPath
V391S,0.9795,LPath
V391T,0.955,LPath
V391W,0.9988,LPath
V391Y,0.9945,LPath
K392A,0.6208,LPath
K392C,0.6713,LPath
K392D,0.7647,LPath
K392E,0.432,Amb
K392F,0.935,LPath
K392G,0.7964,LPath
K392H,0.3565,Amb
K392I,0.7816,LPath
K392L,0.528,Amb
K392M,0.4447,Amb
K392N,0.6123,LPath
K392P,0.991,LPath
K392Q,0.1362,LBen
K392R,0.0942,LBen
K392S,0.6293,LPath
K392T,0.4937,Amb
K392V,0.6859,LPath
K392W,0.8994,LPath
K392Y,0.8161,LPath
P393A,0.5803,LPath
P393C,0.9855,LPath
P393D,0.9968,LPath
P393E,0.9936,LPath
P393F,0.9972,LPath
P393G,0.9422,LPath
P393H,0.9877,LPath
P393I,0.9963,LPath
P393K,0.9974,LPath
P393L,0.9741,LPath
P393M,0.9918,LPath
P393N,0.9947,LPath
P393Q,0.9889,LPath
P393R,0.9916,LPath
P393S,0.9368,LPath
P393T,0.9607,LPath
P393V,0.9817,LPath
P393W,0.9982,LPath
P393Y,0.9933,LPath
V394A,0.831,LPath
V394C,0.8799,LPath
V394D,0.9961,LPath
V394E,0.9852,LPath
V394F,0.8008,LPath
V394G,0.9512,LPath
V394H,0.9907,LPath
V394I,0.0564,LBen
V394K,0.9873,LPath
V394L,0.3742,Amb
V394M,0.4213,Amb
V394N,0.9618,LPath
V394P,0.9938,LPath
V394Q,0.9743,LPath
V394R,0.9791,LPath
V394S,0.9248,LPath
V394T,0.808,LPath
V394W,0.9948,LPath
V394Y,0.9716,LPath
T395A,0.4247,Amb
T395C,0.6628,LPath
T395D,0.9744,LPath
T395E,0.8838,LPath
T395F,0.8028,LPath
T395G,0.8563,LPath
T395H,0.8427,LPath
T395I,0.3195,LBen
T395K,0.9037,LPath
T395L,0.2738,LBen
T395M,0.2089,LBen
T395N,0.6501,LPath
T395P,0.9469,LPath
T395Q,0.7429,LPath
T395R,0.8693,LPath
T395S,0.545,Amb
T395V,0.1998,LBen
T395W,0.9548,LPath
T395Y,0.8588,LPath
I396A,0.979,LPath
I396C,0.9773,LPath
I396D,0.9997,LPath
I396E,0.9991,LPath
I396F,0.976,LPath
I396G,0.9981,LPath
I396H,0.9995,LPath
I396K,0.9991,LPath
I396L,0.5513,Amb
I396M,0.7104,LPath
I396N,0.9955,LPath
I396P,0.9989,LPath
I396Q,0.9988,LPath
I396R,0.9985,LPath
I396S,0.9911,LPath
I396T,0.9702,LPath
I396V,0.0978,LBen
I396W,0.9996,LPath
I396Y,0.9983,LPath
N397A,0.9601,LPath
N397C,0.8433,LPath
N397D,0.9887,LPath
N397E,0.9972,LPath
N397F,0.9848,LPath
N397G,0.9755,LPath
N397H,0.8774,LPath
N397I,0.9523,LPath
N397K,0.9972,LPath
N397L,0.9146,LPath
N397M,0.9591,LPath
N397P,0.9967,LPath
N397Q,0.985,LPath
N397R,0.9895,LPath
N397S,0.5566,Amb
N397T,0.8473,LPath
N397V,0.9289,LPath
N397W,0.9934,LPath
N397Y,0.9236,LPath
V398A,0.9761,LPath
V398C,0.9854,LPath
V398D,0.9993,LPath
V398E,0.9976,LPath
V398F,0.9933,LPath
V398G,0.9798,LPath
V398H,0.9993,LPath
V398I,0.4601,Amb
V398K,0.998,LPath
V398L,0.9961,LPath
V398M,0.9869,LPath
V398N,0.9966,LPath
V398P,0.9994,LPath
V398Q,0.9955,LPath
V398R,0.9941,LPath
V398S,0.9762,LPath
V398T,0.9011,LPath
V398W,0.9998,LPath
V398Y,0.999,LPath
G399A,0.9749,LPath
G399C,0.9945,LPath
G399D,0.9988,LPath
G399E,0.9993,LPath
G399F,0.9993,LPath
G399H,0.9995,LPath
G399I,0.999,LPath
G399K,0.9996,LPath
G399L,0.9983,LPath
G399M,0.9989,LPath
G399N,0.9983,LPath
G399P,0.9997,LPath
G399Q,0.9987,LPath
G399R,0.9988,LPath
G399S,0.9671,LPath
G399T,0.9934,LPath
G399V,0.9975,LPath
G399W,0.9992,LPath
G399Y,0.9994,LPath
R400A,0.9989,LPath
R400C,0.9942,LPath
R400D,0.9989,LPath
R400E,0.995,LPath
R400F,0.9989,LPath
R400G,0.9977,LPath
R400H,0.9843,LPath
R400I,0.998,LPath
R400K,0.9665,LPath
R400L,0.9935,LPath
R400M,0.9989,LPath
R400N,0.9989,LPath
R400P,0.9988,LPath
R400Q,0.9848,LPath
R400S,0.9991,LPath
R400T,0.9991,LPath
R400V,0.9975,LPath
R400W,0.9903,LPath
R400Y,0.9971,LPath
A401C,0.9855,LPath
A401D,0.9995,LPath
A401E,0.9975,LPath
A401F,0.9928,LPath
A401G,0.9634,LPath
A401H,0.9976,LPath
A401I,0.9913,LPath
A401K,0.9992,LPath
A401L,0.9629,LPath
A401M,0.9827,LPath
A401N,0.997,LPath
A401P,0.9906,LPath
A401Q,0.992,LPath
A401R,0.9937,LPath
A401S,0.7662,LPath
A401T,0.9739,LPath
A401V,0.9674,LPath
A401W,0.999,LPath
A401Y,0.997,LPath
G402A,0.9912,LPath
G402C,0.9987,LPath
G402D,0.9997,LPath
G402E,0.9997,LPath
G402F,0.9997,LPath
G402H,0.9999,LPath
G402I,0.9995,LPath
G402K,0.9999,LPath
G402L,0.9993,LPath
G402M,0.9996,LPath
G402N,0.9996,LPath
G402P,0.9999,LPath
G402Q,0.9997,LPath
G402R,0.9996,LPath
G402S,0.9921,LPath
G402T,0.9972,LPath
G402V,0.9983,LPath
G402W,0.9997,LPath
G402Y,0.9998,LPath
A403C,0.975,LPath
A403D,0.9985,LPath
A403E,0.995,LPath
A403F,0.9878,LPath
A403G,0.9291,LPath
A403H,0.9932,LPath
A403I,0.994,LPath
A403K,0.9983,LPath
A403L,0.954,LPath
A403M,0.9584,LPath
A403N,0.9902,LPath
A403P,0.9994,LPath
A403Q,0.9719,LPath
A403R,0.992,LPath
A403S,0.4514,Amb
A403T,0.9546,LPath
A403V,0.9748,LPath
A403W,0.9988,LPath
A403Y,0.9944,LPath
A404C,0.979,LPath
A404D,0.9998,LPath
A404E,0.9994,LPath
A404F,0.997,LPath
A404G,0.9794,LPath
A404H,0.9994,LPath
A404I,0.9903,LPath
A404K,0.9997,LPath
A404L,0.9573,LPath
A404M,0.9891,LPath
A404N,0.9985,LPath
A404P,0.9951,LPath
A404Q,0.9979,LPath
A404R,0.9976,LPath
A404S,0.8493,LPath
A404T,0.885,LPath
A404V,0.9468,LPath
A404W,0.9999,LPath
A404Y,0.9993,LPath
S405A,0.6339,LPath
S405C,0.5959,LPath
S405D,0.9929,LPath
S405E,0.9972,LPath
S405F,0.997,LPath
S405G,0.745,LPath
S405H,0.9797,LPath
S405I,0.9857,LPath
S405K,0.9996,LPath
S405L,0.964,LPath
S405M,0.964,LPath
S405N,0.5062,Amb
S405P,0.9932,LPath
S405Q,0.9901,LPath
S405R,0.9988,LPath
S405T,0.7873,LPath
S405V,0.9731,LPath
S405W,0.9971,LPath
S405Y,0.9919,LPath
L406A,0.9017,LPath
L406C,0.9605,LPath
L406D,0.9947,LPath
L406E,0.9727,LPath
L406F,0.9037,LPath
L406G,0.9757,LPath
L406H,0.9705,LPath
L406I,0.6528,LPath
L406K,0.9189,LPath
L406M,0.2764,LBen
L406N,0.9689,LPath
L406P,0.9832,LPath
L406Q,0.9081,LPath
L406R,0.9046,LPath
L406S,0.9667,LPath
L406T,0.859,LPath
L406V,0.6325,LPath
L406W,0.9664,LPath
L406Y,0.9774,LPath
D407A,0.8923,LPath
D407C,0.9939,LPath
D407E,0.913,LPath
D407F,0.9908,LPath
D407G,0.9186,LPath
D407H,0.9619,LPath
D407I,0.9919,LPath
D407K,0.9874,LPath
D407L,0.9657,LPath
D407M,0.9936,LPath
D407N,0.6398,LPath
D407P,0.9978,LPath
D407Q,0.9695,LPath
D407R,0.9806,LPath
D407S,0.8117,LPath
D407T,0.9514,LPath
D407V,0.9648,LPath
D407W,0.9981,LPath
D407Y,0.9418,LPath
V408A,0.9976,LPath
V408C,0.9973,LPath
V408D,0.9997,LPath
V408E,0.9993,LPath
V408F,0.9976,LPath
V408G,0.9962,LPath
V408H,0.9999,LPath
V408I,0.1939,LBen
V408K,0.9995,LPath
V408L,0.9945,LPath
V408M,0.993,LPath
V408N,0.9985,LPath
V408P,0.9996,LPath
V408Q,0.9995,LPath
V408R,0.9986,LPath
V408S,0.9969,LPath
V408T,0.9877,LPath
V408W,0.9999,LPath
V408Y,0.9996,LPath
I409A,0.8543,LPath
I409C,0.86,LPath
I409D,0.9815,LPath
I409E,0.9277,LPath
I409F,0.5524,Amb
I409G,0.9606,LPath
I409H,0.8908,LPath
I409K,0.8276,LPath
I409L,0.1921,LBen
I409M,0.2672,LBen
I409N,0.8615,LPath
I409P,0.9916,LPath
I409Q,0.8399,LPath
I409R,0.7681,LPath
I409S,0.8333,LPath
I409T,0.6535,LPath
I409V,0.117,LBen
I409W,0.9412,LPath
I409Y,0.8574,LPath
Q410A,0.9391,LPath
Q410C,0.9977,LPath
Q410D,0.9987,LPath
Q410E,0.9031,LPath
Q410F,0.9982,LPath
Q410G,0.9572,LPath
Q410H,0.9982,LPath
Q410I,0.9923,LPath
Q410K,0.9935,LPath
Q410L,0.9749,LPath
Q410M,0.9554,LPath
Q410N,0.9908,LPath
Q410P,0.9941,LPath
Q410R,0.9941,LPath
Q410S,0.9167,LPath
Q410T,0.9241,LPath
Q410V,0.9854,LPath
Q410W,0.9987,LPath
Q410Y,0.9994,LPath
E411A,0.729,LPath
E411C,0.9655,LPath
E411D,0.6688,LPath
E411F,0.9754,LPath
E411G,0.8697,LPath
E411H,0.9355,LPath
E411I,0.7767,LPath
E411K,0.9082,LPath
E411L,0.9238,LPath
E411M,0.8782,LPath
E411N,0.8426,LPath
E411P,0.9994,LPath
E411Q,0.623,LPath
E411R,0.9277,LPath
E411S,0.7966,LPath
E411T,0.7546,LPath
E411V,0.5223,Amb
E411W,0.9947,LPath
E411Y,0.9652,LPath
V412A,0.81,LPath
V412C,0.9286,LPath
V412D,0.9986,LPath
V412E,0.9968,LPath
V412F,0.9708,LPath
V412G,0.9058,LPath
V412H,0.9995,LPath
V412I,0.2113,LBen
V412K,0.9985,LPath
V412L,0.936,LPath
V412M,0.9144,LPath
V412N,0.9953,LPath
V412P,0.996,LPath
V412Q,0.9974,LPath
V412R,0.9971,LPath
V412S,0.9638,LPath
V412T,0.8385,LPath
V412W,0.9994,LPath
V412Y,0.9973,LPath
E413A,0.809,LPath
E413C,0.9661,LPath
E413D,0.737,LPath
E413F,0.9881,LPath
E413G,0.9376,LPath
E413H,0.9631,LPath
E413I,0.9074,LPath
E413K,0.9484,LPath
E413L,0.9505,LPath
E413M,0.9505,LPath
E413N,0.9314,LPath
E413P,0.9988,LPath
E413Q,0.7365,LPath
E413R,0.9452,LPath
E413S,0.8885,LPath
E413T,0.8976,LPath
E413V,0.7741,LPath
E413W,0.9971,LPath
E413Y,0.9836,LPath
Y414A,0.9727,LPath
Y414C,0.9106,LPath
Y414D,0.9814,LPath
Y414E,0.994,LPath
Y414F,0.2042,LBen
Y414G,0.9637,LPath
Y414H,0.9689,LPath
Y414I,0.9218,LPath
Y414K,0.9954,LPath
Y414L,0.8068,LPath
Y414M,0.9076,LPath
Y414N,0.931,LPath
Y414P,0.9876,LPath
Y414Q,0.9944,LPath
Y414R,0.99,LPath
Y414S,0.9596,LPath
Y414T,0.9801,LPath
Y414V,0.8365,LPath
Y414W,0.8002,LPath
V415A,0.9687,LPath
V415C,0.9265,LPath
V415D,0.9996,LPath
V415E,0.9978,LPath
V415F,0.9937,LPath
V415G,0.9812,LPath
V415H,0.9994,LPath
V415I,0.3035,LBen
V415K,0.9981,LPath
V415L,0.9576,LPath
V415M,0.9656,LPath
V415N,0.9981,LPath
V415P,0.998,LPath
V415Q,0.9955,LPath
V415R,0.9928,LPath
V415S,0.9875,LPath
V415T,0.9411,LPath
V415W,0.9998,LPath
V415Y,0.9992,LPath
K416A,0.9609,LPath
K416C,0.9823,LPath
K416D,0.9886,LPath
K416E,0.9599,LPath
K416F,0.9976,LPath
K416G,0.9621,LPath
K416H,0.9041,LPath
K416I,0.9901,LPath
K416L,0.9549,LPath
K416M,0.9533,LPath
K416N,0.9863,LPath
K416P,0.9392,LPath
K416Q,0.8061,LPath
K416R,0.1876,LBen
K416S,0.9796,LPath
K416T,0.957,LPath
K416V,0.9758,LPath
K416W,0.9922,LPath
K416Y,0.991,LPath
E417A,0.4684,Amb
E417C,0.976,LPath
E417D,0.1973,LBen
E417F,0.9788,LPath
E417G,0.4836,Amb
E417H,0.8953,LPath
E417I,0.8773,LPath
E417K,0.8106,LPath
E417L,0.8461,LPath
E417M,0.8758,LPath
E417N,0.6432,LPath
E417P,0.7436,LPath
E417Q,0.4104,Amb
E417R,0.8488,LPath
E417S,0.5316,Amb
E417T,0.6632,LPath
E417V,0.6891,LPath
E417W,0.9912,LPath
E417Y,0.9465,LPath
E418A,0.9026,LPath
E418C,0.9966,LPath
E418D,0.5064,Amb
E418F,0.9973,LPath
E418G,0.8969,LPath
E418H,0.9925,LPath
E418I,0.985,LPath
E418K,0.98,LPath
E418L,0.9914,LPath
E418M,0.9892,LPath
E418N,0.9545,LPath
E418P,0.9837,LPath
E418Q,0.9332,LPath
E418R,0.9767,LPath
E418S,0.9287,LPath
E418T,0.9485,LPath
E418V,0.956,LPath
E418W,0.9991,LPath
E418Y,0.9941,LPath
A419C,0.8183,LPath
A419D,0.9602,LPath
A419E,0.9526,LPath
A419F,0.9225,LPath
A419G,0.5682,LPath
A419H,0.9548,LPath
A419I,0.944,LPath
A419K,0.9865,LPath
A419L,0.7954,LPath
A419M,0.7975,LPath
A419N,0.8271,LPath
A419P,0.9956,LPath
A419Q,0.8519,LPath
A419R,0.9623,LPath
A419S,0.3403,Amb
A419T,0.7643,LPath
A419V,0.8093,LPath
A419W,0.9843,LPath
A419Y,0.9372,LPath
K420A,0.9934,LPath
K420C,0.9896,LPath
K420D,0.9988,LPath
K420E,0.9926,LPath
K420F,0.9996,LPath
K420G,0.9949,LPath
K420H,0.9692,LPath
K420I,0.9972,LPath
K420L,0.9902,LPath
K420M,0.9904,LPath
K420N,0.9982,LPath
K420P,0.998,LPath
K420Q,0.9401,LPath
K420R,0.1772,LBen
K420S,0.9971,LPath
K420T,0.9921,LPath
K420V,0.9915,LPath
K420W,0.999,LPath
K420Y,0.9981,LPath
M421A,0.8174,LPath
M421C,0.8825,LPath
M421D,0.9877,LPath
M421E,0.9586,LPath
M421F,0.7624,LPath
M421G,0.9313,LPath
M421H,0.9598,LPath
M421I,0.4409,Amb
M421K,0.9173,LPath
M421L,0.2264,LBen
M421N,0.8754,LPath
M421P,0.9302,LPath
M421Q,0.8598,LPath
M421R,0.9201,LPath
M421S,0.8746,LPath
M421T,0.6194,LPath
M421V,0.1091,LBen
M421W,0.9648,LPath
M421Y,0.9474,LPath
V422A,0.7472,LPath
V422C,0.8875,LPath
V422D,0.9265,LPath
V422E,0.9151,LPath
V422F,0.7643,LPath
V422G,0.6098,LPath
V422H,0.9537,LPath
V422I,0.2197,LBen
V422K,0.9406,LPath
V422L,0.7775,LPath
V422M,0.7141,LPath
V422N,0.8033,LPath
V422P,0.657,LPath
V422Q,0.8938,LPath
V422R,0.8952,LPath
V422S,0.7418,LPath
V422T,0.6651,LPath
V422W,0.9841,LPath
V422Y,0.9322,LPath
Y423A,0.9029,LPath
Y423C,0.5633,Amb
Y423D,0.9692,LPath
Y423E,0.9851,LPath
Y423F,0.1876,LBen
Y423G,0.9056,LPath
Y423H,0.6346,LPath
Y423I,0.9356,LPath
Y423K,0.9714,LPath
Y423L,0.8479,LPath
Y423M,0.9279,LPath
Y423N,0.8338,LPath
Y423P,0.9954,LPath
Y423Q,0.9537,LPath
Y423R,0.8971,LPath
Y423S,0.7885,LPath
Y423T,0.931,LPath
Y423V,0.8195,LPath
Y423W,0.724,LPath
L424A,0.9152,LPath
L424C,0.8746,LPath
L424D,0.9998,LPath
L424E,0.9982,LPath
L424F,0.9627,LPath
L424G,0.9924,LPath
L424H,0.9971,LPath
L424I,0.1741,LBen
L424K,0.9985,LPath
L424M,0.4121,Amb
L424N,0.9954,LPath
L424P,0.9993,LPath
L424Q,0.9901,LPath
L424R,0.9969,LPath
L424S,0.9843,LPath
L424T,0.8774,LPath
L424V,0.2167,LBen
L424W,0.9979,LPath
L424Y,0.9974,LPath
L425A,0.979,LPath
L425C,0.9825,LPath
L425D,0.9996,LPath
L425E,0.9967,LPath
L425F,0.9807,LPath
L425G,0.9945,LPath
L425H,0.9953,LPath
L425I,0.8223,LPath
L425K,0.991,LPath
L425M,0.7188,LPath
L425N,0.9968,LPath
L425P,0.9988,LPath
L425Q,0.9897,LPath
L425R,0.9841,LPath
L425S,0.9965,LPath
L425T,0.9803,LPath
L425V,0.8732,LPath
L425W,0.9926,LPath
L425Y,0.9954,LPath
E426A,0.6197,LPath
E426C,0.9602,LPath
E426D,0.5461,Amb
E426F,0.9814,LPath
E426G,0.661,LPath
E426H,0.8179,LPath
E426I,0.9648,LPath
E426K,0.8473,LPath
E426L,0.9335,LPath
E426M,0.9414,LPath
E426N,0.7964,LPath
E426P,0.9901,LPath
E426Q,0.4565,Amb
E426R,0.8315,LPath
E426S,0.6209,LPath
E426T,0.8188,LPath
E426V,0.8836,LPath
E426W,0.9915,LPath
E426Y,0.946,LPath
C427A,0.6008,LPath
C427D,0.9956,LPath
C427E,0.9949,LPath
C427F,0.9271,LPath
C427G,0.7361,LPath
C427H,0.9856,LPath
C427I,0.7932,LPath
C427K,0.9979,LPath
C427L,0.8887,LPath
C427M,0.8592,LPath
C427N,0.9271,LPath
C427P,0.9995,LPath
C427Q,0.9831,LPath
C427R,0.9882,LPath
C427S,0.5848,LPath
C427T,0.5757,LPath
C427V,0.4545,Amb
C427W,0.9914,LPath
C427Y,0.9693,LPath
L428A,0.9853,LPath
L428C,0.9649,LPath
L428D,0.9999,LPath
L428E,0.9992,LPath
L428F,0.9563,LPath
L428G,0.9982,LPath
L428H,0.9981,LPath
L428I,0.5106,Amb
L428K,0.9983,LPath
L428M,0.6302,LPath
L428N,0.9992,LPath
L428P,0.9995,LPath
L428Q,0.9963,LPath
L428R,0.9964,LPath
L428S,0.9977,LPath
L428T,0.9845,LPath
L428V,0.6616,LPath
L428W,0.9969,LPath
L428Y,0.9973,LPath
Q429A,0.5788,LPath
Q429C,0.9436,LPath
Q429D,0.967,LPath
Q429E,0.4767,Amb
Q429F,0.9888,LPath
Q429G,0.5959,LPath
Q429H,0.9237,LPath
Q429I,0.9282,LPath
Q429K,0.5661,LPath
Q429L,0.6851,LPath
Q429M,0.7674,LPath
Q429N,0.8474,LPath
Q429P,0.952,LPath
Q429R,0.5663,LPath
Q429S,0.6065,LPath
Q429T,0.6379,LPath
Q429V,0.8014,LPath
Q429W,0.9887,LPath
Q429Y,0.9822,LPath
K430A,0.9729,LPath
K430C,0.9821,LPath
K430D,0.9906,LPath
K430E,0.9665,LPath
K430F,0.996,LPath
K430G,0.9752,LPath
K430H,0.8868,LPath
K430I,0.9799,LPath
K430L,0.9497,LPath
K430M,0.936,LPath
K430N,0.9815,LPath
K430P,0.9978,LPath
K430Q,0.8451,LPath
K430R,0.282,LBen
K430S,0.9845,LPath
K430T,0.9512,LPath
K430V,0.9622,LPath
K430W,0.9955,LPath
K430Y,0.9834,LPath
T431A,0.8515,LPath
T431C,0.9308,LPath
T431D,0.9836,LPath
T431E,0.9809,LPath
T431F,0.9775,LPath
T431G,0.7827,LPath
T431H,0.9339,LPath
T431I,0.9741,LPath
T431K,0.973,LPath
T431L,0.9057,LPath
T431M,0.7846,LPath
T431N,0.8636,LPath
T431P,0.9683,LPath
T431Q,0.9435,LPath
T431R,0.9704,LPath
T431S,0.597,LPath
T431V,0.9126,LPath
T431W,0.9928,LPath
T431Y,0.9755,LPath
P432A,0.0658,LBen
P432C,0.5157,Amb
P432D,0.7496,LPath
P432E,0.5353,Amb
P432F,0.7883,LPath
P432G,0.2866,LBen
P432H,0.4471,Amb
P432I,0.6318,LPath
P432K,0.5865,LPath
P432L,0.3157,LBen
P432M,0.4696,Amb
P432N,0.5243,Amb
P432Q,0.3059,LBen
P432R,0.4639,Amb
P432S,0.1368,LBen
P432T,0.1941,LBen
P432V,0.3987,Amb
P432W,0.9025,LPath
P432Y,0.7733,LPath
P433A,0.7493,LPath
P433C,0.9742,LPath
P433D,0.9985,LPath
P433E,0.9954,LPath
P433F,0.9975,LPath
P433G,0.9627,LPath
P433H,0.9881,LPath
P433I,0.9926,LPath
P433K,0.9964,LPath
P433L,0.9654,LPath
P433M,0.9922,LPath
P433N,0.9956,LPath
P433Q,0.9879,LPath
P433R,0.9861,LPath
P433S,0.946,LPath
P433T,0.9689,LPath
P433V,0.973,LPath
P433W,0.9993,LPath
P433Y,0.9973,LPath
P434A,0.6539,LPath
P434C,0.9481,LPath
P434D,0.9922,LPath
P434E,0.9715,LPath
P434F,0.9953,LPath
P434G,0.9187,LPath
P434H,0.9423,LPath
P434I,0.9849,LPath
P434K,0.9424,LPath
P434L,0.8998,LPath
P434M,0.9684,LPath
P434N,0.9721,LPath
P434Q,0.8727,LPath
P434R,0.8322,LPath
P434S,0.8837,LPath
P434T,0.8864,LPath
P434V,0.9424,LPath
P434W,0.9971,LPath
P434Y,0.9916,LPath
V435A,0.5805,LPath
V435C,0.7649,LPath
V435D,0.9981,LPath
V435E,0.9962,LPath
V435F,0.9893,LPath
V435G,0.8861,LPath
V435H,0.9985,LPath
V435I,0.2684,LBen
V435K,0.9987,LPath
V435L,0.9365,LPath
V435M,0.9061,LPath
V435N,0.9815,LPath
V435P,0.9981,LPath
V435Q,0.9916,LPath
V435R,0.9958,LPath
V435S,0.6805,LPath
V435T,0.4599,Amb
V435W,0.9999,LPath
V435Y,0.9987,LPath
L436A,0.9804,LPath
L436C,0.967,LPath
L436D,0.9999,LPath
L436E,0.9995,LPath
L436F,0.9855,LPath
L436G,0.9983,LPath
L436H,0.9994,LPath
L436I,0.3445,Amb
L436K,0.9994,LPath
L436M,0.5475,Amb
L436N,0.9988,LPath
L436P,0.9998,LPath
L436Q,0.9982,LPath
L436R,0.9989,LPath
L436S,0.9981,LPath
L436T,0.987,LPath
L436V,0.4233,Amb
L436W,0.9993,LPath
L436Y,0.999,LPath
I437A,0.9701,LPath
I437C,0.9333,LPath
I437D,0.9999,LPath
I437E,0.9996,LPath
I437F,0.9463,LPath
I437G,0.997,LPath
I437H,0.9995,LPath
I437K,0.9997,LPath
I437L,0.3729,Amb
I437M,0.6296,LPath
I437N,0.9976,LPath
I437P,0.9991,LPath
I437Q,0.9992,LPath
I437R,0.9993,LPath
I437S,0.9904,LPath
I437T,0.9695,LPath
I437V,0.091,LBen
I437W,0.9994,LPath
I437Y,0.9969,LPath
F438A,0.9996,LPath
F438C,0.9994,LPath
F438D,0.9999,LPath
F438E,0.9999,LPath
F438G,0.9996,LPath
F438H,0.9991,LPath
F438I,0.9993,LPath
F438K,0.9999,LPath
F438L,0.9999,LPath
F438M,0.9988,LPath
F438N,0.9997,LPath
F438P,1.0,LPath
F438Q,0.9998,LPath
F438R,0.9996,LPath
F438S,0.9996,LPath
F438T,0.9996,LPath
F438V,0.9991,LPath
F438W,0.9951,LPath
F438Y,0.9899,LPath
A439C,0.6135,LPath
A439D,0.9992,LPath
A439E,0.9986,LPath
A439F,0.9953,LPath
A439G,0.663,LPath
A439H,0.9974,LPath
A439I,0.9877,LPath
A439K,0.9995,LPath
A439L,0.9507,LPath
A439M,0.976,LPath
A439N,0.9947,LPath
A439P,0.9981,LPath
A439Q,0.9911,LPath
A439R,0.9956,LPath
A439S,0.4406,Amb
A439T,0.8476,LPath
A439V,0.9163,LPath
A439W,0.9994,LPath
A439Y,0.9978,LPath
E440A,0.7887,LPath
E440C,0.9842,LPath
E440D,0.8513,LPath
E440F,0.997,LPath
E440G,0.6679,LPath
E440H,0.9873,LPath
E440I,0.986,LPath
E440K,0.9453,LPath
E440L,0.9787,LPath
E440M,0.9761,LPath
E440N,0.9313,LPath
E440P,0.9964,LPath
E440Q,0.6921,LPath
E440R,0.9408,LPath
E440S,0.7714,LPath
E440T,0.9136,LPath
E440V,0.9439,LPath
E440W,0.9986,LPath
E440Y,0.9946,LPath
K441A,0.944,LPath
K441C,0.9324,LPath
K441D,0.9642,LPath
K441E,0.9273,LPath
K441F,0.9891,LPath
K441G,0.8891,LPath
K441H,0.7292,LPath
K441I,0.9665,LPath
K441L,0.9021,LPath
K441M,0.8683,LPath
K441N,0.8802,LPath
K441P,0.9917,LPath
K441Q,0.5791,LPath
K441R,0.0988,LBen
K441S,0.9411,LPath
K441T,0.8461,LPath
K441V,0.9274,LPath
K441W,0.9762,LPath
K441Y,0.9548,LPath
K442A,0.9792,LPath
K442C,0.9968,LPath
K442D,0.9973,LPath
K442E,0.9958,LPath
K442F,0.999,LPath
K442G,0.9827,LPath
K442H,0.9839,LPath
K442I,0.9937,LPath
K442L,0.9924,LPath
K442M,0.976,LPath
K442N,0.997,LPath
K442P,0.9811,LPath
K442Q,0.9526,LPath
K442R,0.5328,Amb
K442S,0.9942,LPath
K442T,0.9748,LPath
K442V,0.9864,LPath
K442W,0.9987,LPath
K442Y,0.9961,LPath
A443C,0.5826,LPath
A443D,0.8043,LPath
A443E,0.7125,LPath
A443F,0.6275,LPath
A443G,0.1378,LBen
A443H,0.6532,LPath
A443I,0.3569,Amb
A443K,0.8606,LPath
A443L,0.2312,LBen
A443M,0.22,LBen
A443N,0.2448,LBen
A443P,0.7772,LPath
A443Q,0.3458,Amb
A443R,0.8596,LPath
A443S,0.0962,LBen
A443T,0.1216,LBen
A443V,0.1913,LBen
A443W,0.9413,LPath
A443Y,0.7649,LPath
D444A,0.8932,LPath
D444C,0.9899,LPath
D444E,0.8991,LPath
D444F,0.9869,LPath
D444G,0.942,LPath
D444H,0.9605,LPath
D444I,0.9808,LPath
D444K,0.988,LPath
D444L,0.9728,LPath
D444M,0.9889,LPath
D444N,0.8201,LPath
D444P,0.9984,LPath
D444Q,0.9696,LPath
D444R,0.9825,LPath
D444S,0.8614,LPath
D444T,0.9444,LPath
D444V,0.9325,LPath
D444W,0.9977,LPath
D444Y,0.9456,LPath
V445A,0.9351,LPath
V445C,0.9484,LPath
V445D,0.9993,LPath
V445E,0.9988,LPath
V445F,0.9995,LPath
V445G,0.9673,LPath
V445H,0.9999,LPath
V445I,0.684,LPath
V445K,0.9994,LPath
V445L,0.9967,LPath
V445M,0.9922,LPath
V445N,0.9961,LPath
V445P,0.9995,LPath
V445Q,0.9987,LPath
V445R,0.9977,LPath
V445S,0.9637,LPath
V445T,0.8263,LPath
V445W,1.0,LPath
V445Y,0.9999,LPath
D446A,0.995,LPath
D446C,0.9996,LPath
D446E,0.9853,LPath
D446F,0.9995,LPath
D446G,0.9944,LPath
D446H,0.9989,LPath
D446I,0.9994,LPath
D446K,0.9993,LPath
D446L,0.9976,LPath
D446M,0.9995,LPath
D446N,0.9729,LPath
D446P,0.9998,LPath
D446Q,0.9988,LPath
D446R,0.9988,LPath
D446S,0.9879,LPath
D446T,0.9966,LPath
D446V,0.9972,LPath
D446W,0.9999,LPath
D446Y,0.9972,LPath
A447C,0.4434,Amb
A447D,0.6186,LPath
A447E,0.7342,LPath
A447F,0.5537,Amb
A447G,0.2021,LBen
A447H,0.6673,LPath
A447I,0.5467,Amb
A447K,0.8964,LPath
A447L,0.3056,LBen
A447M,0.3227,LBen
A447N,0.2759,LBen
A447P,0.9931,LPath
A447Q,0.5071,Amb
A447R,0.8357,LPath
A447S,0.0952,LBen
A447T,0.1691,LBen
A447V,0.3178,LBen
A447W,0.9395,LPath
A447Y,0.7114,LPath
I448A,0.9788,LPath
I448C,0.9787,LPath
I448D,0.9998,LPath
I448E,0.9994,LPath
I448F,0.9776,LPath
I448G,0.9985,LPath
I448H,0.9994,LPath
I448K,0.9993,LPath
I448L,0.5262,Amb
I448M,0.7446,LPath
I448N,0.9965,LPath
I448P,0.9993,LPath
I448Q,0.9991,LPath
I448R,0.9987,LPath
I448S,0.991,LPath
I448T,0.9643,LPath
I448V,0.1544,LBen
I448W,0.9994,LPath
I448Y,0.9978,LPath
H449A,0.919,LPath
H449C,0.4666,Amb
H449D,0.9887,LPath
H449E,0.9583,LPath
H449F,0.7747,LPath
H449G,0.9373,LPath
H449I,0.978,LPath
H449K,0.9804,LPath
H449L,0.6483,LPath
H449M,0.8931,LPath
H449N,0.7487,LPath
H449P,0.9978,LPath
H449Q,0.7871,LPath
H449R,0.9271,LPath
H449S,0.855,LPath
H449T,0.9179,LPath
H449V,0.9453,LPath
H449W,0.8142,LPath
H449Y,0.5116,Amb
E450A,0.99,LPath
E450C,0.9959,LPath
E450D,0.9898,LPath
E450F,0.9992,LPath
E450G,0.9749,LPath
E450H,0.9963,LPath
E450I,0.9987,LPath
E450K,0.9947,LPath
E450L,0.998,LPath
E450M,0.998,LPath
E450N,0.9964,LPath
E450P,0.9998,LPath
E450Q,0.9668,LPath
E450R,0.9866,LPath
E450S,0.9888,LPath
E450T,0.9945,LPath
E450V,0.9962,LPath
E450W,0.9995,LPath
E450Y,0.9972,LPath
Y451A,0.9968,LPath
Y451C,0.9901,LPath
Y451D,0.9965,LPath
Y451E,0.9993,LPath
Y451F,0.4838,Amb
Y451G,0.9915,LPath
Y451H,0.9968,LPath
Y451I,0.9895,LPath
Y451K,0.9991,LPath
Y451L,0.9776,LPath
Y451M,0.9907,LPath
Y451N,0.9897,LPath
Y451P,0.9997,LPath
Y451Q,0.9995,LPath
Y451R,0.998,LPath
Y451S,0.9931,LPath
Y451T,0.9961,LPath
Y451V,0.9758,LPath
Y451W,0.965,LPath
L452A,0.991,LPath
L452C,0.9191,LPath
L452D,1.0,LPath
L452E,0.9997,LPath
L452F,0.8982,LPath
L452G,0.9987,LPath
L452H,0.9985,LPath
L452I,0.8031,LPath
L452K,0.9996,LPath
L452M,0.6576,LPath
L452N,0.9994,LPath
L452P,0.9999,LPath
L452Q,0.9988,LPath
L452R,0.999,LPath
L452S,0.999,LPath
L452T,0.994,LPath
L452V,0.8304,LPath
L452W,0.9976,LPath
L452Y,0.9947,LPath
L453A,0.9828,LPath
L453C,0.9779,LPath
L453D,0.9996,LPath
L453E,0.9973,LPath
L453F,0.9776,LPath
L453G,0.9946,LPath
L453H,0.9938,LPath
L453I,0.7029,LPath
L453K,0.9929,LPath
L453M,0.7308,LPath
L453N,0.9946,LPath
L453P,0.9996,LPath
L453Q,0.9874,LPath
L453R,0.9843,LPath
L453S,0.9961,LPath
L453T,0.9878,LPath
L453V,0.8286,LPath
L453W,0.9932,LPath
L453Y,0.9922,LPath
L454A,0.9608,LPath
L454C,0.9616,LPath
L454D,0.9985,LPath
L454E,0.9909,LPath
L454F,0.9638,LPath
L454G,0.9827,LPath
L454H,0.989,LPath
L454I,0.6231,LPath
L454K,0.9799,LPath
L454M,0.6809,LPath
L454N,0.987,LPath
L454P,0.9991,LPath
L454Q,0.9681,LPath
L454R,0.9532,LPath
L454S,0.9874,LPath
L454T,0.9649,LPath
L454V,0.6274,LPath
L454W,0.9806,LPath
L454Y,0.9818,LPath
K455A,0.9891,LPath
K455C,0.9749,LPath
K455D,0.9985,LPath
K455E,0.9926,LPath
K455F,0.9987,LPath
K455G,0.99,LPath
K455H,0.9374,LPath
K455I,0.9949,LPath
K455L,0.9829,LPath
K455M,0.9751,LPath
K455N,0.9969,LPath
K455P,0.9975,LPath
K455Q,0.9375,LPath
K455R,0.408,Amb
K455S,0.9947,LPath
K455T,0.9848,LPath
K455V,0.9877,LPath
K455W,0.9959,LPath
K455Y,0.9934,LPath
G456A,0.806,LPath
G456C,0.9213,LPath
G456D,0.9276,LPath
G456E,0.9459,LPath
G456F,0.9926,LPath
G456H,0.9692,LPath
G456I,0.9921,LPath
G456K,0.9825,LPath
G456L,0.9844,LPath
G456M,0.977,LPath
G456N,0.8497,LPath
G456P,0.9997,LPath
G456Q,0.9214,LPath
G456R,0.9734,LPath
G456S,0.6831,LPath
G456T,0.947,LPath
G456V,0.9805,LPath
G456W,0.9907,LPath
G456Y,0.9815,LPath
V457A,0.9519,LPath
V457C,0.9485,LPath
V457D,0.9982,LPath
V457E,0.9926,LPath
V457F,0.9211,LPath
V457G,0.9599,LPath
V457H,0.9974,LPath
V457I,0.1515,LBen
V457K,0.9936,LPath
V457L,0.9004,LPath
V457M,0.8617,LPath
V457N,0.9908,LPath
V457P,0.9974,LPath
V457Q,0.9911,LPath
V457R,0.9878,LPath
V457S,0.9782,LPath
V457T,0.9196,LPath
V457W,0.998,LPath
V457Y,0.9925,LPath
E458A,0.5454,Amb
E458C,0.9618,LPath
E458D,0.363,Amb
E458F,0.9825,LPath
E458G,0.6818,LPath
E458H,0.8993,LPath
E458I,0.9467,LPath
E458K,0.8544,LPath
E458L,0.9089,LPath
E458M,0.9099,LPath
E458N,0.6912,LPath
E458P,0.9699,LPath
E458Q,0.4641,Amb
E458R,0.8546,LPath
E458S,0.5745,LPath
E458T,0.7739,LPath
E458V,0.8327,LPath
E458W,0.994,LPath
E458Y,0.9673,LPath
A459C,0.8822,LPath
A459D,0.9989,LPath
A459E,0.9986,LPath
A459F,0.9984,LPath
A459G,0.7151,LPath
A459H,0.9993,LPath
A459I,0.983,LPath
A459K,0.9997,LPath
A459L,0.9733,LPath
A459M,0.9831,LPath
A459N,0.995,LPath
A459P,0.9958,LPath
A459Q,0.9972,LPath
A459R,0.9986,LPath
A459S,0.5575,Amb
A459T,0.8497,LPath
A459V,0.877,LPath
A459W,0.9998,LPath
A459Y,0.999,LPath
V460A,0.6314,LPath
V460C,0.8456,LPath
V460D,0.9911,LPath
V460E,0.9847,LPath
V460F,0.9625,LPath
V460G,0.8681,LPath
V460H,0.9967,LPath
V460I,0.3234,LBen
V460K,0.9957,LPath
V460L,0.9565,LPath
V460M,0.8774,LPath
V460N,0.9696,LPath
V460P,0.9983,LPath
V460Q,0.9786,LPath
V460R,0.988,LPath
V460S,0.7775,LPath
V460T,0.6037,LPath
V460W,0.999,LPath
V460Y,0.995,LPath
A461C,0.922,LPath
A461D,0.9988,LPath
A461E,0.9982,LPath
A461F,0.9963,LPath
A461G,0.7065,LPath
A461H,0.9978,LPath
A461I,0.9986,LPath
A461K,0.9998,LPath
A461L,0.9863,LPath
A461M,0.9924,LPath
A461N,0.9931,LPath
A461P,0.9957,LPath
A461Q,0.9929,LPath
A461R,0.9984,LPath
A461S,0.3079,LBen
A461T,0.9628,LPath
A461V,0.9907,LPath
A461W,0.9996,LPath
A461Y,0.9985,LPath
I462A,0.9814,LPath
I462C,0.9879,LPath
I462D,0.9998,LPath
I462E,0.9995,LPath
I462F,0.9861,LPath
I462G,0.9984,LPath
I462H,0.9998,LPath
I462K,0.9997,LPath
I462L,0.5634,Amb
I462M,0.7702,LPath
I462N,0.9979,LPath
I462P,0.9987,LPath
I462Q,0.9994,LPath
I462R,0.9994,LPath
I462S,0.9906,LPath
I462T,0.9687,LPath
I462V,0.1718,LBen
I462W,0.9996,LPath
I462Y,0.9989,LPath
H463A,0.9995,LPath
H463C,0.9867,LPath
H463D,0.9994,LPath
H463E,0.9997,LPath
H463F,0.9977,LPath
H463G,0.9994,LPath
H463I,0.9999,LPath
H463K,0.9998,LPath
H463L,0.9982,LPath
H463M,0.9997,LPath
H463N,0.9981,LPath
H463P,0.9979,LPath
H463Q,0.9996,LPath
H463R,0.9995,LPath
H463S,0.9978,LPath
H463T,0.9997,LPath
H463V,0.9999,LPath
H463W,0.9914,LPath
H463Y,0.9972,LPath
G464A,0.9941,LPath
G464C,0.9994,LPath
G464D,0.9999,LPath
G464E,0.9999,LPath
G464F,0.9997,LPath
G464H,1.0,LPath
G464I,0.9997,LPath
G464K,0.9999,LPath
G464L,0.9996,LPath
G464M,0.9998,LPath
G464N,0.9999,LPath
G464P,0.9999,LPath
G464Q,0.9999,LPath
G464R,0.9997,LPath
G464S,0.9938,LPath
G464T,0.9987,LPath
G464V,0.9995,LPath
G464W,0.9997,LPath
G464Y,0.9998,LPath
G465A,0.7736,LPath
G465C,0.9681,LPath
G465D,0.8661,LPath
G465E,0.9826,LPath
G465F,0.9947,LPath
G465H,0.9917,LPath
G465I,0.9926,LPath
G465K,0.9978,LPath
G465L,0.9841,LPath
G465M,0.9853,LPath
G465N,0.8408,LPath
G465P,0.9995,LPath
G465Q,0.9785,LPath
G465R,0.9953,LPath
G465S,0.466,Amb
G465T,0.9189,LPath
G465V,0.9847,LPath
G465W,0.9949,LPath
G465Y,0.9912,LPath
K466A,0.9892,LPath
K466C,0.9862,LPath
K466D,0.9992,LPath
K466E,0.9947,LPath
K466F,0.9987,LPath
K466G,0.9922,LPath
K466H,0.9799,LPath
K466I,0.9844,LPath
K466L,0.9318,LPath
K466M,0.9292,LPath
K466N,0.998,LPath
K466P,0.9993,LPath
K466Q,0.9669,LPath
K466R,0.4188,Amb
K466S,0.9982,LPath
K466T,0.9848,LPath
K466V,0.9742,LPath
K466W,0.9976,LPath
K466Y,0.9957,LPath
D467A,0.817,LPath
D467C,0.9791,LPath
D467E,0.6969,LPath
D467F,0.9824,LPath
D467G,0.7365,LPath
D467H,0.9632,LPath
D467I,0.9781,LPath
D467K,0.9777,LPath
D467L,0.943,LPath
D467M,0.9758,LPath
D467N,0.7227,LPath
D467P,0.9877,LPath
D467Q,0.937,LPath
D467R,0.9727,LPath
D467S,0.6576,LPath
D467T,0.8087,LPath
D467V,0.9201,LPath
D467W,0.9958,LPath
D467Y,0.9199,LPath
Q468A,0.8618,LPath
Q468C,0.9998,LPath
Q468D,0.9933,LPath
Q468E,0.8953,LPath
Q468F,0.9953,LPath
Q468G,0.899,LPath
Q468H,0.998,LPath
Q468I,0.9838,LPath
Q468K,0.9871,LPath
Q468L,0.9684,LPath
Q468M,0.9044,LPath
Q468N,0.9508,LPath
Q468P,0.9696,LPath
Q468R,0.9845,LPath
Q468S,0.8351,LPath
Q468T,0.8886,LPath
Q468V,0.9755,LPath
Q468W,0.9983,LPath
Q468Y,0.9984,LPath
E469A,0.4906,Amb
E469C,0.9707,LPath
E469D,0.2552,LBen
E469F,0.9678,LPath
E469G,0.5482,Amb
E469H,0.9166,LPath
E469I,0.8046,LPath
E469K,0.771,LPath
E469L,0.7946,LPath
E469M,0.8275,LPath
E469N,0.7826,LPath
E469P,0.9544,LPath
E469Q,0.5271,Amb
E469R,0.8163,LPath
E469S,0.669,LPath
E469T,0.6724,LPath
E469V,0.5988,LPath
E469W,0.987,LPath
E469Y,0.9369,LPath
E470A,0.8838,LPath
E470C,0.9961,LPath
E470D,0.417,Amb
E470F,0.9963,LPath
E470G,0.8938,LPath
E470H,0.9934,LPath
E470I,0.9823,LPath
E470K,0.9805,LPath
E470L,0.9811,LPath
E470M,0.981,LPath
E470N,0.9557,LPath
E470P,0.9992,LPath
E470Q,0.9033,LPath
E470R,0.9807,LPath
E470S,0.9424,LPath
E470T,0.9592,LPath
E470V,0.9484,LPath
E470W,0.9984,LPath
E470Y,0.9909,LPath
R471A,0.9993,LPath
R471C,0.9993,LPath
R471D,0.9986,LPath
R471E,0.99,LPath
R471F,0.9999,LPath
R471G,0.9978,LPath
R471H,0.9986,LPath
R471I,0.9994,LPath
R471K,0.9908,LPath
R471L,0.9986,LPath
R471M,0.9999,LPath
R471N,0.9992,LPath
R471P,0.9997,LPath
R471Q,0.9969,LPath
R471S,0.9997,LPath
R471T,0.9994,LPath
R471V,0.9993,LPath
R471W,0.999,LPath
R471Y,0.9991,LPath
T472A,0.1678,LBen
T472C,0.5912,LPath
T472D,0.7683,LPath
T472E,0.5862,LPath
T472F,0.6146,LPath
T472G,0.2432,LBen
T472H,0.559,Amb
T472I,0.5056,Amb
T472K,0.7391,LPath
T472L,0.2594,LBen
T472M,0.1809,LBen
T472N,0.2032,LBen
T472P,0.9673,LPath
T472Q,0.3947,Amb
T472R,0.6904,LPath
T472S,0.1474,LBen
T472V,0.3235,LBen
T472W,0.8962,LPath
T472Y,0.669,LPath
K473A,0.3009,LBen
K473C,0.5857,LPath
K473D,0.7318,LPath
K473E,0.3297,LBen
K473F,0.7339,LPath
K473G,0.4679,Amb
K473H,0.262,LBen
K473I,0.4278,Amb
K473L,0.2953,LBen
K473M,0.2777,LBen
K473N,0.6377,LPath
K473P,0.9889,LPath
K473Q,0.1403,LBen
K473R,0.0636,LBen
K473S,0.5078,Amb
K473T,0.2842,LBen
K473V,0.32,LBen
K473W,0.6729,LPath
K473Y,0.6103,LPath
A474C,0.9139,LPath
A474D,0.994,LPath
A474E,0.9918,LPath
A474F,0.9839,LPath
A474G,0.5387,Amb
A474H,0.983,LPath
A474I,0.9956,LPath
A474K,0.9991,LPath
A474L,0.9765,LPath
A474M,0.9739,LPath
A474N,0.9518,LPath
A474P,0.9996,LPath
A474Q,0.9733,LPath
A474R,0.996,LPath
A474S,0.204,LBen
A474T,0.93,LPath
A474V,0.9707,LPath
A474W,0.9978,LPath
A474Y,0.9847,LPath
I475A,0.7695,LPath
I475C,0.973,LPath
I475D,0.9987,LPath
I475E,0.9902,LPath
I475F,0.9173,LPath
I475G,0.9793,LPath
I475H,0.9973,LPath
I475K,0.9922,LPath
I475L,0.4292,Amb
I475M,0.3254,LBen
I475N,0.9854,LPath
I475P,0.9942,LPath
I475Q,0.9836,LPath
I475R,0.9859,LPath
I475S,0.9282,LPath
I475T,0.6953,LPath
I475V,0.1241,LBen
I475W,0.9939,LPath
I475Y,0.9911,LPath
E476A,0.1778,LBen
E476C,0.8386,LPath
E476D,0.1144,LBen
E476F,0.7964,LPath
E476G,0.2682,LBen
E476H,0.5438,Amb
E476I,0.4433,Amb
E476K,0.4536,Amb
E476L,0.3978,Amb
E476M,0.5044,Amb
E476N,0.2927,LBen
E476P,0.9933,LPath
E476Q,0.2061,LBen
E476R,0.5558,Amb
E476S,0.2304,LBen
E476T,0.2294,LBen
E476V,0.2958,LBen
E476W,0.9499,LPath
E476Y,0.7437,LPath
A477C,0.2903,LBen
A477D,0.4068,Amb
A477E,0.4215,Amb
A477F,0.4291,Amb
A477G,0.1333,LBen
A477H,0.5189,Amb
A477I,0.498,Amb
A477K,0.825,LPath
A477L,0.1743,LBen
A477M,0.2091,LBen
A477N,0.2549,LBen
A477P,0.9952,LPath
A477Q,0.364,Amb
A477R,0.7717,LPath
A477S,0.0869,LBen
A477T,0.1544,LBen
A477V,0.2626,LBen
A477W,0.815,LPath
A477Y,0.5077,Amb
F478A,0.998,LPath
F478C,0.9899,LPath
F478D,0.9998,LPath
F478E,0.9998,LPath
F478G,0.9985,LPath
F478H,0.9959,LPath
F478I,0.9927,LPath
F478K,0.9996,LPath
F478L,0.9979,LPath
F478M,0.9891,LPath
F478N,0.9989,LPath
F478P,1.0,LPath
F478Q,0.9992,LPath
F478R,0.9983,LPath
F478S,0.9985,LPath
F478T,0.9989,LPath
F478V,0.9873,LPath
F478W,0.9505,LPath
F478Y,0.549,Amb
R479A,0.9084,LPath
R479C,0.5967,LPath
R479D,0.9856,LPath
R479E,0.8734,LPath
R479F,0.9775,LPath
R479G,0.8263,LPath
R479H,0.3892,Amb
R479I,0.8955,LPath
R479K,0.1349,LBen
R479L,0.8034,LPath
R479M,0.8667,LPath
R479N,0.9716,LPath
R479P,0.9949,LPath
R479Q,0.2612,LBen
R479S,0.9396,LPath
R479T,0.8628,LPath
R479V,0.8873,LPath
R479W,0.7635,LPath
R479Y,0.9285,LPath
E480A,0.0863,LBen
E480C,0.4399,Amb
E480D,0.0677,LBen
E480F,0.5156,Amb
E480G,0.104,LBen
E480H,0.2675,LBen
E480I,0.2452,LBen
E480K,0.2247,LBen
E480L,0.1692,LBen
E480M,0.2631,LBen
E480N,0.1077,LBen
E480P,0.9356,LPath
E480Q,0.108,LBen
E480R,0.2817,LBen
E480S,0.0855,LBen
E480T,0.1231,LBen
E480V,0.1609,LBen
E480W,0.778,LPath
E480Y,0.4046,Amb
G481A,0.2596,LBen
G481C,0.326,LBen
G481D,0.5328,Amb
G481E,0.372,Amb
G481F,0.8224,LPath
G481H,0.5174,Amb
G481I,0.8343,LPath
G481K,0.4935,Amb
G481L,0.6606,LPath
G481M,0.579,LPath
G481N,0.3267,LBen
G481P,0.9946,LPath
G481Q,0.2966,LBen
G481R,0.47,Amb
G481S,0.2017,LBen
G481T,0.4504,Amb
G481V,0.6982,LPath
G481W,0.7757,LPath
G481Y,0.6538,LPath
K482A,0.1966,LBen
K482C,0.2945,LBen
K482D,0.4051,Amb
K482E,0.1537,LBen
K482F,0.5991,LPath
K482G,0.2656,LBen
K482H,0.1477,LBen
K482I,0.2358,LBen
K482L,0.2111,LBen
K482M,0.1918,LBen
K482N,0.2719,LBen
K482P,0.9002,LPath
K482Q,0.0756,LBen
K482R,0.0632,LBen
K482S,0.2232,LBen
K482T,0.1369,LBen
K482V,0.1811,LBen
K482W,0.573,LPath
K482Y,0.4675,Amb
K483A,0.6726,LPath
K483C,0.7217,LPath
K483D,0.9821,LPath
K483E,0.9294,LPath
K483F,0.9842,LPath
K483G,0.8647,LPath
K483H,0.7593,LPath
K483I,0.9265,LPath
K483L,0.8958,LPath
K483M,0.7427,LPath
K483N,0.9635,LPath
K483P,0.9858,LPath
K483Q,0.6021,LPath
K483R,0.1532,LBen
K483S,0.909,LPath
K483T,0.7169,LPath
K483V,0.7674,LPath
K483W,0.9713,LPath
K483Y,0.9282,LPath
D484A,0.9577,LPath
D484C,0.9961,LPath
D484E,0.9666,LPath
D484F,0.9955,LPath
D484G,0.9646,LPath
D484H,0.9816,LPath
D484I,0.9963,LPath
D484K,0.9956,LPath
D484L,0.9914,LPath
D484M,0.9957,LPath
D484N,0.9211,LPath
D484P,0.9964,LPath
D484Q,0.9887,LPath
D484R,0.9943,LPath
D484S,0.9458,LPath
D484T,0.9871,LPath
D484V,0.9855,LPath
D484W,0.9984,LPath
D484Y,0.9691,LPath
V485A,0.9651,LPath
V485C,0.9349,LPath
V485D,0.9995,LPath
V485E,0.999,LPath
V485F,0.991,LPath
V485G,0.9801,LPath
V485H,0.9997,LPath
V485I,0.1845,LBen
V485K,0.9993,LPath
V485L,0.9532,LPath
V485M,0.9613,LPath
V485N,0.9974,LPath
V485P,0.9994,LPath
V485Q,0.9988,LPath
V485R,0.9982,LPath
V485S,0.9831,LPath
V485T,0.9362,LPath
V485W,0.9999,LPath
V485Y,0.9989,LPath
L486A,0.9781,LPath
L486C,0.9427,LPath
L486D,1.0,LPath
L486E,0.9997,LPath
L486F,0.9821,LPath
L486G,0.9971,LPath
L486H,0.9994,LPath
L486I,0.8731,LPath
L486K,0.9996,LPath
L486M,0.4239,Amb
L486N,0.9995,LPath
L486P,0.9999,LPath
L486Q,0.9984,LPath
L486R,0.9992,LPath
L486S,0.9986,LPath
L486T,0.9955,LPath
L486V,0.8539,LPath
L486W,0.9991,LPath
L486Y,0.9985,LPath
V487A,0.9681,LPath
V487C,0.9628,LPath
V487D,0.9998,LPath
V487E,0.9995,LPath
V487F,0.9965,LPath
V487G,0.9898,LPath
V487H,0.9999,LPath
V487I,0.1924,LBen
V487K,0.9998,LPath
V487L,0.9542,LPath
V487M,0.9769,LPath
V487N,0.9991,LPath
V487P,0.999,LPath
V487Q,0.9994,LPath
V487R,0.9994,LPath
V487S,0.9897,LPath
V487T,0.9425,LPath
V487W,0.9999,LPath
V487Y,0.9997,LPath
A488C,0.9559,LPath
A488D,0.9999,LPath
A488E,0.9999,LPath
A488F,0.999,LPath
A488G,0.4893,Amb
A488H,0.9999,LPath
A488I,0.9997,LPath
A488K,1.0,LPath
A488L,0.9922,LPath
A488M,0.9981,LPath
A488N,0.9995,LPath
A488P,0.9998,LPath
A488Q,0.9993,LPath
A488R,0.9995,LPath
A488S,0.8493,LPath
A488T,0.9958,LPath
A488V,0.9984,LPath
A488W,1.0,LPath
A488Y,0.9998,LPath
T489A,0.984,LPath
T489C,0.999,LPath
T489D,0.9988,LPath
T489E,0.999,LPath
T489F,0.9995,LPath
T489G,0.9841,LPath
T489H,0.9986,LPath
T489I,0.9997,LPath
T489K,0.9982,LPath
T489L,0.9969,LPath
T489M,0.9948,LPath
T489N,0.9951,LPath
T489P,0.9941,LPath
T489Q,0.9983,LPath
T489R,0.9977,LPath
T489S,0.9076,LPath
T489V,0.997,LPath
T489W,0.9998,LPath
T489Y,0.9996,LPath
D490A,0.9816,LPath
D490C,0.9996,LPath
D490E,0.9948,LPath
D490F,0.9996,LPath
D490G,0.9915,LPath
D490H,0.9986,LPath
D490I,0.9997,LPath
D490K,0.9996,LPath
D490L,0.9987,LPath
D490M,0.9998,LPath
D490N,0.9714,LPath
D490P,0.9994,LPath
D490Q,0.9991,LPath
D490R,0.999,LPath
D490S,0.9647,LPath
D490T,0.9968,LPath
D490V,0.9982,LPath
D490W,0.9999,LPath
D490Y,0.9971,LPath
V491A,0.9974,LPath
V491C,0.999,LPath
V491D,0.9996,LPath
V491E,0.999,LPath
V491F,0.9926,LPath
V491G,0.9959,LPath
V491H,0.9998,LPath
V491I,0.2785,LBen
V491K,0.999,LPath
V491L,0.9845,LPath
V491M,0.9839,LPath
V491N,0.9988,LPath
V491P,0.9994,LPath
V491Q,0.9992,LPath
V491R,0.997,LPath
V491S,0.9968,LPath
V491T,0.9823,LPath
V491W,0.9998,LPath
V491Y,0.9993,LPath
A492C,0.9656,LPath
A492D,0.9999,LPath
A492E,0.9997,LPath
A492F,0.9963,LPath
A492G,0.9541,LPath
A492H,0.9997,LPath
A492I,0.9937,LPath
A492K,0.9999,LPath
A492L,0.9517,LPath
A492M,0.9897,LPath
A492N,0.9991,LPath
A492P,0.9983,LPath
A492Q,0.9984,LPath
A492R,0.999,LPath
A492S,0.8708,LPath
A492T,0.9932,LPath
A492V,0.9823,LPath
A492W,0.9998,LPath
A492Y,0.999,LPath
S493A,0.3301,LBen
S493C,0.9211,LPath
S493D,0.9995,LPath
S493E,0.9986,LPath
S493F,0.9989,LPath
S493G,0.7259,LPath
S493H,0.9991,LPath
S493I,0.9988,LPath
S493K,0.9999,LPath
S493L,0.9905,LPath
S493M,0.9909,LPath
S493N,0.9973,LPath
S493P,0.9995,LPath
S493Q,0.9948,LPath
S493R,0.9996,LPath
S493T,0.9759,LPath
S493V,0.9967,LPath
S493W,0.9992,LPath
S493Y,0.9987,LPath
K494A,0.9991,LPath
K494C,0.9997,LPath
K494D,0.9999,LPath
K494E,0.9994,LPath
K494F,1.0,LPath
K494G,0.9987,LPath
K494H,0.9985,LPath
K494I,0.9998,LPath
K494L,0.9995,LPath
K494M,0.9989,LPath
K494N,0.9998,LPath
K494P,0.9997,LPath
K494Q,0.9983,LPath
K494R,0.7749,LPath
K494S,0.9998,LPath
K494T,0.9979,LPath
K494V,0.9996,LPath
K494W,0.9998,LPath
K494Y,0.9999,LPath
G495A,0.9992,LPath
G495C,0.9998,LPath
G495D,0.9997,LPath
G495E,0.9999,LPath
G495F,0.9999,LPath
G495H,1.0,LPath
G495I,0.9994,LPath
G495K,1.0,LPath
G495L,0.9998,LPath
G495M,0.9999,LPath
G495N,0.9999,LPath
G495P,0.9999,LPath
G495Q,1.0,LPath
G495R,1.0,LPath
G495S,0.9995,LPath
G495T,0.9995,LPath
G495V,0.9993,LPath
G495W,0.9999,LPath
G495Y,0.9999,LPath
L496A,0.9951,LPath
L496C,0.9983,LPath
L496D,0.9999,LPath
L496E,0.9994,LPath
L496F,0.9942,LPath
L496G,0.9989,LPath
L496H,0.9996,LPath
L496I,0.8017,LPath
L496K,0.9988,LPath
L496M,0.9043,LPath
L496N,0.999,LPath
L496P,0.9998,LPath
L496Q,0.9993,LPath
L496R,0.9976,LPath
L496S,0.9996,LPath
L496T,0.9966,LPath
L496V,0.9513,LPath
L496W,0.9981,LPath
L496Y,0.9989,LPath
D497A,0.9979,LPath
D497C,0.9999,LPath
D497E,0.9994,LPath
D497F,0.9996,LPath
D497G,0.9986,LPath
D497H,0.9986,LPath
D497I,0.9997,LPath
D497K,0.9998,LPath
D497L,0.9991,LPath
D497M,0.9999,LPath
D497N,0.9959,LPath
D497P,0.9994,LPath
D497Q,0.9996,LPath
D497R,0.9995,LPath
D497S,0.9947,LPath
D497T,0.9995,LPath
D497V,0.9992,LPath
D497W,0.9999,LPath
D497Y,0.9967,LPath
F498A,0.9995,LPath
F498C,0.998,LPath
F498D,0.9993,LPath
F498E,0.9996,LPath
F498G,0.9997,LPath
F498H,0.9984,LPath
F498I,0.9667,LPath
F498K,0.9997,LPath
F498L,0.9995,LPath
F498M,0.9953,LPath
F498N,0.9986,LPath
F498P,1.0,LPath
F498Q,0.9994,LPath
F498R,0.9991,LPath
F498S,0.9992,LPath
F498T,0.9988,LPath
F498V,0.9816,LPath
F498W,0.9937,LPath
F498Y,0.9731,LPath
P499A,0.1736,LBen
P499C,0.856,LPath
P499D,0.8591,LPath
P499E,0.7154,LPath
P499F,0.9461,LPath
P499G,0.6495,LPath
P499H,0.5812,LPath
P499I,0.871,LPath
P499K,0.7726,LPath
P499L,0.5059,Amb
P499M,0.7961,LPath
P499N,0.7095,LPath
P499Q,0.458,Amb
P499R,0.6684,LPath
P499S,0.3094,LBen
P499T,0.3825,Amb
P499V,0.6921,LPath
P499W,0.9748,LPath
P499Y,0.9348,LPath
A500C,0.3773,Amb
A500D,0.3203,LBen
A500E,0.3467,Amb
A500F,0.4717,Amb
A500G,0.1419,LBen
A500H,0.3927,Amb
A500I,0.4979,Amb
A500K,0.5781,LPath
A500L,0.2233,LBen
A500M,0.2745,LBen
A500N,0.1657,LBen
A500P,0.8578,LPath
A500Q,0.2671,LBen
A500R,0.5629,Amb
A500S,0.0799,LBen
A500T,0.134,LBen
A500V,0.2555,LBen
A500W,0.8789,LPath
A500Y,0.5516,Amb
I501A,0.9899,LPath
I501C,0.9898,LPath
I501D,0.9998,LPath
I501E,0.9994,LPath
I501F,0.9939,LPath
I501G,0.9991,LPath
I501H,0.9998,LPath
I501K,0.9994,LPath
I501L,0.7828,LPath
I501M,0.9221,LPath
I501N,0.9976,LPath
I501P,0.9954,LPath
I501Q,0.9994,LPath
I501R,0.9988,LPath
I501S,0.994,LPath
I501T,0.9805,LPath
I501V,0.1406,LBen
I501W,0.9998,LPath
I501Y,0.9994,LPath
Q502A,0.4622,Amb
Q502C,0.7349,LPath
Q502D,0.9124,LPath
Q502E,0.2896,LBen
Q502F,0.9496,LPath
Q502G,0.5822,LPath
Q502H,0.5562,Amb
Q502I,0.8692,LPath
Q502K,0.2396,LBen
Q502L,0.521,Amb
Q502M,0.6332,LPath
Q502N,0.6749,LPath
Q502P,0.9668,LPath
Q502R,0.2348,LBen
Q502S,0.4459,Amb
Q502T,0.4756,Amb
Q502V,0.6883,LPath
Q502W,0.9599,LPath
Q502Y,0.9001,LPath
H503A,0.9968,LPath
H503C,0.9236,LPath
H503D,0.9969,LPath
H503E,0.9976,LPath
H503F,0.9835,LPath
H503G,0.9969,LPath
H503I,0.9978,LPath
H503K,0.9985,LPath
H503L,0.9722,LPath
H503M,0.9888,LPath
H503N,0.9723,LPath
H503P,0.9987,LPath
H503Q,0.9913,LPath
H503R,0.9972,LPath
H503S,0.993,LPath
H503T,0.9977,LPath
H503V,0.9966,LPath
H503W,0.9818,LPath
H503Y,0.9717,LPath
V504A,0.9958,LPath
V504C,0.9886,LPath
V504D,0.9997,LPath
V504E,0.9994,LPath
V504F,0.9991,LPath
V504G,0.9945,LPath
V504H,0.9998,LPath
V504I,0.5199,Amb
V504K,0.9996,LPath
V504L,0.9959,LPath
V504M,0.9966,LPath
V504N,0.9985,LPath
V504P,0.9997,LPath
V504Q,0.9991,LPath
V504R,0.9984,LPath
V504S,0.9924,LPath
V504T,0.9755,LPath
V504W,1.0,LPath
V504Y,0.9998,LPath
I505A,0.9822,LPath
I505C,0.9663,LPath
I505D,0.9998,LPath
I505E,0.9993,LPath
I505F,0.9606,LPath
I505G,0.9982,LPath
I505H,0.9994,LPath
I505K,0.9992,LPath
I505L,0.5018,Amb
I505M,0.7366,LPath
I505N,0.9978,LPath
I505P,0.9991,LPath
I505Q,0.9988,LPath
I505R,0.9985,LPath
I505S,0.9948,LPath
I505T,0.9853,LPath
I505V,0.092,LBen
I505W,0.9993,LPath
I505Y,0.9967,LPath
N506A,0.949,LPath
N506C,0.6454,LPath
N506D,0.9971,LPath
N506E,0.9984,LPath
N506F,0.9977,LPath
N506G,0.9832,LPath
N506H,0.9839,LPath
N506I,0.8463,LPath
N506K,0.9997,LPath
N506L,0.821,LPath
N506M,0.9524,LPath
N506P,0.996,LPath
N506Q,0.9941,LPath
N506R,0.9993,LPath
N506S,0.578,LPath
N506T,0.8961,LPath
N506V,0.7875,LPath
N506W,0.9997,LPath
N506Y,0.9937,LPath
Y507A,0.9833,LPath
Y507C,0.7988,LPath
Y507D,0.9939,LPath
Y507E,0.9981,LPath
Y507F,0.0909,LBen
Y507G,0.9801,LPath
Y507H,0.9463,LPath
Y507I,0.9454,LPath
Y507K,0.9978,LPath
Y507L,0.9101,LPath
Y507M,0.9424,LPath
Y507N,0.9666,LPath
Y507P,0.999,LPath
Y507Q,0.9955,LPath
Y507R,0.9925,LPath
Y507S,0.9669,LPath
Y507T,0.9851,LPath
Y507V,0.8894,LPath
Y507W,0.722,LPath
D508A,0.982,LPath
D508C,0.9958,LPath
D508E,0.9673,LPath
D508F,0.9987,LPath
D508G,0.9803,LPath
D508H,0.9918,LPath
D508I,0.9982,LPath
D508K,0.9983,LPath
D508L,0.996,LPath
D508M,0.9986,LPath
D508N,0.9025,LPath
D508P,0.9996,LPath
D508Q,0.9933,LPath
D508R,0.997,LPath
D508S,0.9254,LPath
D508T,0.9737,LPath
D508V,0.992,LPath
D508W,0.9998,LPath
D508Y,0.9935,LPath
M509A,0.9869,LPath
M509C,0.9517,LPath
M509D,0.9998,LPath
M509E,0.9991,LPath
M509F,0.8938,LPath
M509G,0.9975,LPath
M509H,0.9986,LPath
M509I,0.9775,LPath
M509K,0.9976,LPath
M509L,0.596,LPath
M509N,0.9968,LPath
M509P,0.9976,LPath
M509Q,0.9923,LPath
M509R,0.9981,LPath
M509S,0.9922,LPath
M509T,0.9896,LPath
M509V,0.7642,LPath
M509W,0.9982,LPath
M509Y,0.9958,LPath
P510A,0.941,LPath
P510C,0.9969,LPath
P510D,0.9995,LPath
P510E,0.9992,LPath
P510F,0.9999,LPath
P510G,0.9925,LPath
P510H,0.9993,LPath
P510I,0.9996,LPath
P510K,0.9997,LPath
P510L,0.9964,LPath
P510M,0.9993,LPath
P510N,0.9994,LPath
P510Q,0.9992,LPath
P510R,0.9991,LPath
P510S,0.9925,LPath
P510T,0.9927,LPath
P510V,0.9967,LPath
P510W,1.0,LPath
P510Y,0.9999,LPath
E511A,0.3762,Amb
E511C,0.9482,LPath
E511D,0.1306,LBen
E511F,0.9663,LPath
E511G,0.3609,Amb
E511H,0.8894,LPath
E511I,0.8471,LPath
E511K,0.6763,LPath
E511L,0.7893,LPath
E511M,0.8592,LPath
E511N,0.5904,LPath
E511P,0.9045,LPath
E511Q,0.4836,Amb
E511R,0.7706,LPath
E511S,0.434,Amb
E511T,0.5701,LPath
E511V,0.648,LPath
E511W,0.987,LPath
E511Y,0.9318,LPath
E512A,0.9217,LPath
E512C,0.9942,LPath
E512D,0.2402,LBen
E512F,0.9967,LPath
E512G,0.8983,LPath
E512H,0.9927,LPath
E512I,0.9909,LPath
E512K,0.9833,LPath
E512L,0.9904,LPath
E512M,0.987,LPath
E512N,0.9036,LPath
E512P,0.999,LPath
E512Q,0.946,LPath
E512R,0.9843,LPath
E512S,0.9361,LPath
E512T,0.9605,LPath
E512V,0.9635,LPath
E512W,0.999,LPath
E512Y,0.9914,LPath
I513A,0.964,LPath
I513C,0.9963,LPath
I513D,0.999,LPath
I513E,0.9967,LPath
I513F,0.9758,LPath
I513G,0.9954,LPath
I513H,0.9995,LPath
I513K,0.9977,LPath
I513L,0.7846,LPath
I513M,0.7241,LPath
I513N,0.9938,LPath
I513P,0.993,LPath
I513Q,0.9983,LPath
I513R,0.9963,LPath
I513S,0.9818,LPath
I513T,0.9121,LPath
I513V,0.284,LBen
I513W,0.998,LPath
I513Y,0.9974,LPath
E514A,0.9914,LPath
E514C,0.9989,LPath
E514D,0.9867,LPath
E514F,0.9999,LPath
E514G,0.9787,LPath
E514H,0.9996,LPath
E514I,0.9994,LPath
E514K,0.9961,LPath
E514L,0.9994,LPath
E514M,0.9995,LPath
E514N,0.9987,LPath
E514P,0.9995,LPath
E514Q,0.9838,LPath
E514R,0.9946,LPath
E514S,0.9911,LPath
E514T,0.9976,LPath
E514V,0.9983,LPath
E514W,0.9999,LPath
E514Y,0.9998,LPath
N515A,0.8963,LPath
N515C,0.9268,LPath
N515D,0.504,Amb
N515E,0.9785,LPath
N515F,0.983,LPath
N515G,0.8954,LPath
N515H,0.8924,LPath
N515I,0.9523,LPath
N515K,0.9932,LPath
N515L,0.9219,LPath
N515M,0.9361,LPath
N515P,0.9965,LPath
N515Q,0.9821,LPath
N515R,0.9937,LPath
N515S,0.5773,LPath
N515T,0.8259,LPath
N515V,0.9225,LPath
N515W,0.9951,LPath
N515Y,0.8427,LPath
Y516A,0.9987,LPath
Y516C,0.9967,LPath
Y516D,0.9985,LPath
Y516E,0.9998,LPath
Y516F,0.8635,LPath
Y516G,0.9956,LPath
Y516H,0.9983,LPath
Y516I,0.9971,LPath
Y516K,0.9998,LPath
Y516L,0.9784,LPath
Y516M,0.9981,LPath
Y516N,0.9968,LPath
Y516P,0.999,LPath
Y516Q,0.9999,LPath
Y516R,0.9994,LPath
Y516S,0.9958,LPath
Y516T,0.9985,LPath
Y516V,0.9898,LPath
Y516W,0.9791,LPath
V517A,0.9959,LPath
V517C,0.9962,LPath
V517D,0.9997,LPath
V517E,0.9989,LPath
V517F,0.9937,LPath
V517G,0.99,LPath
V517H,0.9996,LPath
V517I,0.4077,Amb
V517K,0.9991,LPath
V517L,0.9949,LPath
V517M,0.9956,LPath
V517N,0.9985,LPath
V517P,0.9978,LPath
V517Q,0.9976,LPath
V517R,0.9942,LPath
V517S,0.9893,LPath
V517T,0.9366,LPath
V517W,0.9997,LPath
V517Y,0.9989,LPath
H518A,0.9998,LPath
H518C,0.9985,LPath
H518D,0.9999,LPath
H518E,0.9999,LPath
H518F,0.9973,LPath
H518G,0.9996,LPath
H518I,0.9999,LPath
H518K,0.9995,LPath
H518L,0.9979,LPath
H518M,0.9997,LPath
H518N,0.9997,LPath
H518P,0.9967,LPath
H518Q,0.9995,LPath
H518R,0.9995,LPath
H518S,0.9996,LPath
H518T,0.9999,LPath
H518V,0.9999,LPath
H518W,0.9844,LPath
H518Y,0.9987,LPath
R519A,0.9996,LPath
R519C,0.9968,LPath
R519D,0.9999,LPath
R519E,0.9983,LPath
R519F,1.0,LPath
R519G,0.9995,LPath
R519H,0.9983,LPath
R519I,0.9997,LPath
R519K,0.9955,LPath
R519L,0.999,LPath
R519M,0.9999,LPath
R519N,0.9999,LPath
R519P,0.9999,LPath
R519Q,0.9931,LPath
R519S,0.9998,LPath
R519T,0.9998,LPath
R519V,0.9996,LPath
R519W,0.9996,LPath
R519Y,0.9998,LPath
I520A,0.9715,LPath
I520C,0.9958,LPath
I520D,0.9999,LPath
I520E,0.9993,LPath
I520F,0.9978,LPath
I520G,0.999,LPath
I520H,0.9999,LPath
I520K,0.9995,LPath
I520L,0.9524,LPath
I520M,0.9318,LPath
I520N,0.9991,LPath
I520P,0.9992,LPath
I520Q,0.9995,LPath
I520R,0.9986,LPath
I520S,0.9932,LPath
I520T,0.9519,LPath
I520V,0.5147,Amb
I520W,0.9998,LPath
I520Y,0.9998,LPath
G521A,0.9991,LPath
G521C,0.9996,LPath
G521D,1.0,LPath
G521E,0.9999,LPath
G521F,0.9999,LPath
G521H,1.0,LPath
G521I,0.9997,LPath
G521K,1.0,LPath
G521L,0.9998,LPath
G521M,0.9999,LPath
G521N,1.0,LPath
G521P,0.9999,LPath
G521Q,0.9999,LPath
G521R,0.9999,LPath
G521S,0.999,LPath
G521T,0.9994,LPath
G521V,0.9996,LPath
G521W,0.9999,LPath
G521Y,1.0,LPath
R522A,0.9999,LPath
R522C,0.9997,LPath
R522D,0.9999,LPath
R522E,0.9986,LPath
R522F,0.9999,LPath
R522G,0.9998,LPath
R522H,0.9997,LPath
R522I,0.9998,LPath
R522K,0.9971,LPath
R522L,0.9992,LPath
R522M,1.0,LPath
R522N,0.9999,LPath
R522P,0.9999,LPath
R522Q,0.9993,LPath
R522S,0.9999,LPath
R522T,0.9999,LPath
R522V,0.9998,LPath
R522W,0.9998,LPath
R522Y,0.9999,LPath
T523A,0.981,LPath
T523C,0.9866,LPath
T523D,0.9996,LPath
T523E,0.9995,LPath
T523F,0.9998,LPath
T523G,0.9793,LPath
T523H,0.9992,LPath
T523I,0.9991,LPath
T523K,0.9986,LPath
T523L,0.9951,LPath
T523M,0.9951,LPath
T523N,0.998,LPath
T523P,0.9946,LPath
T523Q,0.9991,LPath
T523R,0.9978,LPath
T523S,0.9853,LPath
T523V,0.9895,LPath
T523W,0.9999,LPath
T523Y,0.9998,LPath
G524A,0.9761,LPath
G524C,0.9986,LPath
G524D,0.9999,LPath
G524E,0.9999,LPath
G524F,0.9999,LPath
G524H,1.0,LPath
G524I,0.9999,LPath
G524K,0.9999,LPath
G524L,0.9996,LPath
G524M,0.9999,LPath
G524N,0.9999,LPath
G524P,0.9999,LPath
G524Q,0.9998,LPath
G524R,0.9996,LPath
G524S,0.9949,LPath
G524T,0.9992,LPath
G524V,0.9995,LPath
G524W,0.9999,LPath
G524Y,0.9999,LPath
R525A,0.9996,LPath
R525C,0.9989,LPath
R525D,0.9994,LPath
R525E,0.9972,LPath
R525F,0.9996,LPath
R525G,0.998,LPath
R525H,0.9984,LPath
R525I,0.9996,LPath
R525K,0.9938,LPath
R525L,0.9989,LPath
R525M,0.9999,LPath
R525N,0.9995,LPath
R525P,0.9995,LPath
R525Q,0.9982,LPath
R525S,0.9996,LPath
R525T,0.9997,LPath
R525V,0.9996,LPath
R525W,0.9985,LPath
R525Y,0.9992,LPath
S526A,0.1933,LBen
S526C,0.104,LBen
S526D,0.966,LPath
S526E,0.9482,LPath
S526F,0.816,LPath
S526G,0.1935,LBen
S526H,0.7549,LPath
S526I,0.8342,LPath
S526K,0.942,LPath
S526L,0.564,Amb
S526M,0.5467,Amb
S526N,0.6617,LPath
S526P,0.9846,LPath
S526Q,0.7582,LPath
S526R,0.8794,LPath
S526T,0.4276,Amb
S526V,0.7497,LPath
S526W,0.8938,LPath
S526Y,0.7906,LPath
G527A,0.7592,LPath
G527C,0.8713,LPath
G527D,0.9403,LPath
G527E,0.9647,LPath
G527F,0.9877,LPath
G527H,0.9514,LPath
G527I,0.9823,LPath
G527K,0.9597,LPath
G527L,0.9694,LPath
G527M,0.9718,LPath
G527N,0.8029,LPath
G527P,0.997,LPath
G527Q,0.905,LPath
G527R,0.9325,LPath
G527S,0.4584,Amb
G527T,0.853,LPath
G527V,0.966,LPath
G527W,0.9835,LPath
G527Y,0.9832,LPath
N528A,0.1784,LBen
N528C,0.156,LBen
N528D,0.3206,LBen
N528E,0.4092,Amb
N528F,0.5634,Amb
N528G,0.2532,LBen
N528H,0.0694,LBen
N528I,0.3492,Amb
N528K,0.1656,LBen
N528L,0.2658,LBen
N528M,0.29,LBen
N528P,0.944,LPath
N528Q,0.1493,LBen
N528R,0.1695,LBen
N528S,0.0795,LBen
N528T,0.1472,LBen
N528V,0.2562,LBen
N528W,0.7734,LPath
N528Y,0.2167,LBen
T529A,0.3909,Amb
T529C,0.7072,LPath
T529D,0.9197,LPath
T529E,0.8226,LPath
T529F,0.8779,LPath
T529G,0.6569,LPath
T529H,0.6646,LPath
T529I,0.7018,LPath
T529K,0.4054,Amb
T529L,0.4601,Amb
T529M,0.345,Amb
T529N,0.669,LPath
T529P,0.7056,LPath
T529Q,0.5249,Amb
T529R,0.4207,Amb
T529S,0.4057,Amb
T529V,0.4265,Amb
T529W,0.9589,LPath
T529Y,0.859,LPath
G530A,0.9941,LPath
G530C,0.9992,LPath
G530D,0.9999,LPath
G530E,0.9999,LPath
G530F,0.9999,LPath
G530H,0.9999,LPath
G530I,0.9998,LPath
G530K,0.9999,LPath
G530L,0.9998,LPath
G530M,0.9999,LPath
G530N,0.9998,LPath
G530P,0.9999,LPath
G530Q,0.9999,LPath
G530R,0.9997,LPath
G530S,0.9963,LPath
G530T,0.9991,LPath
G530V,0.9995,LPath
G530W,0.9999,LPath
G530Y,0.9999,LPath
I531A,0.6096,LPath
I531C,0.679,LPath
I531D,0.976,LPath
I531E,0.8889,LPath
I531F,0.3579,Amb
I531G,0.8881,LPath
I531H,0.8118,LPath
I531K,0.7342,LPath
I531L,0.1309,LBen
I531M,0.1504,LBen
I531N,0.7653,LPath
I531P,0.9876,LPath
I531Q,0.7445,LPath
I531R,0.6485,LPath
I531S,0.6935,LPath
I531T,0.3308,LBen
I531V,0.0663,LBen
I531W,0.8906,LPath
I531Y,0.7717,LPath
A532C,0.9698,LPath
A532D,0.9999,LPath
A532E,0.9997,LPath
A532F,0.9995,LPath
A532G,0.8889,LPath
A532H,0.9996,LPath
A532I,0.9993,LPath
A532K,0.9999,LPath
A532L,0.9949,LPath
A532M,0.9984,LPath
A532N,0.9993,LPath
A532P,0.9996,LPath
A532Q,0.9983,LPath
A532R,0.9994,LPath
A532S,0.4552,Amb
A532T,0.9867,LPath
A532V,0.9954,LPath
A532W,1.0,LPath
A532Y,0.9998,LPath
T533A,0.9183,LPath
T533C,0.9754,LPath
T533D,0.9974,LPath
T533E,0.998,LPath
T533F,0.9953,LPath
T533G,0.9599,LPath
T533H,0.9786,LPath
T533I,0.9916,LPath
T533K,0.9976,LPath
T533L,0.9613,LPath
T533M,0.9373,LPath
T533N,0.9801,LPath
T533P,0.9917,LPath
T533Q,0.9933,LPath
T533R,0.996,LPath
T533S,0.644,LPath
T533V,0.9356,LPath
T533W,0.9971,LPath
T533Y,0.9926,LPath
T534A,0.7959,LPath
T534C,0.9641,LPath
T534D,0.9992,LPath
T534E,0.9997,LPath
T534F,0.9992,LPath
T534G,0.9571,LPath
T534H,0.9978,LPath
T534I,0.9967,LPath
T534K,0.9998,LPath
T534L,0.9812,LPath
T534M,0.9749,LPath
T534N,0.9871,LPath
T534P,0.9972,LPath
T534Q,0.9987,LPath
T534R,0.9994,LPath
T534S,0.5589,Amb
T534V,0.9625,LPath
T534W,0.9999,LPath
T534Y,0.9995,LPath
F535A,0.9977,LPath
F535C,0.9857,LPath
F535D,0.9999,LPath
F535E,0.9999,LPath
F535G,0.9989,LPath
F535H,0.9971,LPath
F535I,0.9743,LPath
F535K,0.9998,LPath
F535L,0.9817,LPath
F535M,0.9466,LPath
F535N,0.9988,LPath
F535P,0.9999,LPath
F535Q,0.9995,LPath
F535R,0.9992,LPath
F535S,0.9985,LPath
F535T,0.999,LPath
F535V,0.9679,LPath
F535W,0.9615,LPath
F535Y,0.754,LPath
I536A,0.9761,LPath
I536C,0.954,LPath
I536D,0.9999,LPath
I536E,0.9994,LPath
I536F,0.8683,LPath
I536G,0.9979,LPath
I536H,0.9987,LPath
I536K,0.9989,LPath
I536L,0.3141,LBen
I536M,0.557,Amb
I536N,0.9978,LPath
I536P,0.9983,LPath
I536Q,0.9983,LPath
I536R,0.9974,LPath
I536S,0.9907,LPath
I536T,0.9694,LPath
I536V,0.1297,LBen
I536W,0.9967,LPath
I536Y,0.992,LPath
N537A,0.9166,LPath
N537C,0.6725,LPath
N537D,0.8407,LPath
N537E,0.991,LPath
N537F,0.9903,LPath
N537G,0.629,LPath
N537H,0.7584,LPath
N537I,0.979,LPath
N537K,0.9926,LPath
N537L,0.9328,LPath
N537M,0.9669,LPath
N537P,0.9793,LPath
N537Q,0.9709,LPath
N537R,0.9824,LPath
N537S,0.1763,LBen
N537T,0.5403,Amb
N537V,0.9475,LPath
N537W,0.9958,LPath
N537Y,0.9456,LPath
K538A,0.9031,LPath
K538C,0.9499,LPath
K538D,0.9601,LPath
K538E,0.9016,LPath
K538F,0.9805,LPath
K538G,0.8956,LPath
K538H,0.6873,LPath
K538I,0.946,LPath
K538L,0.8841,LPath
K538M,0.8349,LPath
K538N,0.949,LPath
K538P,0.9511,LPath
K538Q,0.5343,Amb
K538R,0.1014,LBen
K538S,0.925,LPath
K538T,0.856,LPath
K538V,0.8983,LPath
K538W,0.9621,LPath
K538Y,0.9362,LPath
A539C,0.3338,LBen
A539D,0.6071,LPath
A539E,0.5847,LPath
A539F,0.3517,Amb
A539G,0.0822,LBen
A539H,0.4952,Amb
A539I,0.2642,LBen
A539K,0.7856,LPath
A539L,0.1562,LBen
A539M,0.1826,LBen
A539N,0.1742,LBen
A539P,0.7422,LPath
A539Q,0.3823,Amb
A539R,0.7552,LPath
A539S,0.0738,LBen
A539T,0.0901,LBen
A539V,0.1382,LBen
A539W,0.8131,LPath
A539Y,0.4924,Amb
C540A,0.3014,LBen
C540D,0.8776,LPath
C540E,0.9119,LPath
C540F,0.6313,LPath
C540G,0.2361,LBen
C540H,0.8015,LPath
C540I,0.4997,Amb
C540K,0.9575,LPath
C540L,0.6787,LPath
C540M,0.6359,LPath
C540N,0.2992,LBen
C540P,0.9802,LPath
C540Q,0.6979,LPath
C540R,0.845,LPath
C540S,0.153,LBen
C540T,0.2571,LBen
C540V,0.269,LBen
C540W,0.8748,LPath
C540Y,0.7581,LPath
D541A,0.3485,Amb
D541C,0.8159,LPath
D541E,0.1388,LBen
D541F,0.9185,LPath
D541G,0.2932,LBen
D541H,0.7033,LPath
D541I,0.779,LPath
D541K,0.7538,LPath
D541L,0.7272,LPath
D541M,0.85,LPath
D541N,0.2273,LBen
D541P,0.644,LPath
D541Q,0.5452,Amb
D541R,0.7697,LPath
D541S,0.21,LBen
D541T,0.4151,Amb
D541V,0.5665,LPath
D541W,0.9793,LPath
D541Y,0.7709,LPath
E542A,0.3458,Amb
E542C,0.9427,LPath
E542D,0.1846,LBen
E542F,0.9041,LPath
E542G,0.4167,Amb
E542H,0.7678,LPath
E542I,0.5669,LPath
E542K,0.5167,Amb
E542L,0.6595,LPath
E542M,0.686,LPath
E542N,0.4609,Amb
E542P,0.6907,LPath
E542Q,0.3114,LBen
E542R,0.6539,LPath
E542S,0.366,Amb
E542T,0.3872,Amb
E542V,0.3846,Amb
E542W,0.9796,LPath
E542Y,0.8528,LPath
S543A,0.1034,LBen
S543C,0.3322,LBen
S543D,0.8509,LPath
S543E,0.8638,LPath
S543F,0.6191,LPath
S543G,0.1601,LBen
S543H,0.7986,LPath
S543I,0.5099,Amb
S543K,0.9697,LPath
S543L,0.303,LBen
S543M,0.2937,LBen
S543N,0.3675,Amb
S543P,0.4361,Amb
S543Q,0.7894,LPath
S543R,0.9658,LPath
S543T,0.1321,LBen
S543V,0.3853,Amb
S543W,0.8106,LPath
S543Y,0.6168,LPath
V544A,0.6795,LPath
V544C,0.9141,LPath
V544D,0.9795,LPath
V544E,0.9661,LPath
V544F,0.8253,LPath
V544G,0.7859,LPath
V544H,0.9855,LPath
V544I,0.0978,LBen
V544K,0.9816,LPath
V544L,0.6539,LPath
V544M,0.5588,Amb
V544N,0.8593,LPath
V544P,0.9672,LPath
V544Q,0.9409,LPath
V544R,0.9751,LPath
V544S,0.6966,LPath
V544T,0.3924,Amb
V544W,0.9962,LPath
V544Y,0.9809,LPath
L545A,0.914,LPath
L545C,0.9316,LPath
L545D,0.9994,LPath
L545E,0.992,LPath
L545F,0.9038,LPath
L545G,0.9836,LPath
L545H,0.9782,LPath
L545I,0.6442,LPath
L545K,0.9387,LPath
L545M,0.5236,Amb
L545N,0.9894,LPath
L545P,0.998,LPath
L545Q,0.896,LPath
L545R,0.8261,LPath
L545S,0.9847,LPath
L545T,0.9517,LPath
L545V,0.5993,LPath
L545W,0.9687,LPath
L545Y,0.9704,LPath
M546A,0.3375,LBen
M546C,0.5941,LPath
M546D,0.9232,LPath
M546E,0.7111,LPath
M546F,0.5065,Amb
M546G,0.5103,Amb
M546H,0.6094,LPath
M546I,0.5704,LPath
M546K,0.3517,Amb
M546L,0.0709,LBen
M546N,0.5415,Amb
M546P,0.9793,LPath
M546Q,0.2836,LBen
M546R,0.3589,Amb
M546S,0.4167,Amb
M546T,0.3234,LBen
M546V,0.1772,LBen
M546W,0.7721,LPath
M546Y,0.6842,LPath
D547A,0.9965,LPath
D547C,0.9997,LPath
D547E,0.9934,LPath
D547F,0.9992,LPath
D547G,0.996,LPath
D547H,0.9983,LPath
D547I,0.9993,LPath
D547K,0.9993,LPath
D547L,0.9985,LPath
D547M,0.9998,LPath
D547N,0.9946,LPath
D547P,0.999,LPath
D547Q,0.9991,LPath
D547R,0.9992,LPath
D547S,0.9956,LPath
D547T,0.9992,LPath
D547V,0.9976,LPath
D547W,0.9998,LPath
D547Y,0.9931,LPath
L548A,0.9807,LPath
L548C,0.9505,LPath
L548D,0.9999,LPath
L548E,0.999,LPath
L548F,0.9651,LPath
L548G,0.9967,LPath
L548H,0.9986,LPath
L548I,0.6625,LPath
L548K,0.998,LPath
L548M,0.4527,Amb
L548N,0.999,LPath
L548P,0.9998,LPath
L548Q,0.9955,LPath
L548R,0.9973,LPath
L548S,0.9983,LPath
L548T,0.9819,LPath
L548V,0.629,LPath
L548W,0.9982,LPath
L548Y,0.9972,LPath
K549A,0.9523,LPath
K549C,0.9106,LPath
K549D,0.9973,LPath
K549E,0.9515,LPath
K549F,0.9952,LPath
K549G,0.9681,LPath
K549H,0.8145,LPath
K549I,0.979,LPath
K549L,0.9569,LPath
K549M,0.9306,LPath
K549N,0.9895,LPath
K549P,0.9983,LPath
K549Q,0.5454,Amb
K549R,0.1285,LBen
K549S,0.9738,LPath
K549T,0.9436,LPath
K549V,0.9401,LPath
K549W,0.9897,LPath
K549Y,0.9701,LPath
A550C,0.3501,Amb
A550D,0.9077,LPath
A550E,0.7801,LPath
A550F,0.2842,LBen
A550G,0.3232,LBen
A550H,0.314,LBen
A550I,0.7147,LPath
A550K,0.9359,LPath
A550L,0.4151,Amb
A550M,0.4079,Amb
A550N,0.5064,Amb
A550P,0.9915,LPath
A550Q,0.5226,Amb
A550R,0.8615,LPath
A550S,0.1361,LBen
A550T,0.3642,Amb
A550V,0.4414,Amb
A550W,0.7785,LPath
A550Y,0.3475,Amb
L551A,0.9874,LPath
L551C,0.9926,LPath
L551D,0.9999,LPath
L551E,0.9992,LPath
L551F,0.9911,LPath
L551G,0.9986,LPath
L551H,0.9985,LPath
L551I,0.6575,LPath
L551K,0.9981,LPath
L551M,0.8496,LPath
L551N,0.9977,LPath
L551P,0.9997,LPath
L551Q,0.9983,LPath
L551R,0.9962,LPath
L551S,0.9984,LPath
L551T,0.9908,LPath
L551V,0.802,LPath
L551W,0.9985,LPath
L551Y,0.9979,LPath
L552A,0.9922,LPath
L552C,0.9745,LPath
L552D,0.9999,LPath
L552E,0.9994,LPath
L552F,0.9832,LPath
L552G,0.9984,LPath
L552H,0.9986,LPath
L552I,0.8628,LPath
L552K,0.9985,LPath
L552M,0.7444,LPath
L552N,0.999,LPath
L552P,0.9998,LPath
L552Q,0.9966,LPath
L552R,0.9972,LPath
L552S,0.9989,LPath
L552T,0.9952,LPath
L552V,0.8966,LPath
L552W,0.9988,LPath
L552Y,0.9976,LPath
L553A,0.1874,LBen
L553C,0.3725,Amb
L553D,0.785,LPath
L553E,0.3274,LBen
L553F,0.2014,LBen
L553G,0.4555,Amb
L553H,0.2961,LBen
L553I,0.0756,LBen
L553K,0.192,LBen
L553M,0.0688,LBen
L553N,0.3731,Amb
L553P,0.9836,LPath
L553Q,0.1186,LBen
L553R,0.186,LBen
L553S,0.2837,LBen
L553T,0.1495,LBen
L553V,0.0627,LBen
L553W,0.3948,Amb
L553Y,0.4306,Amb
E554A,0.9769,LPath
E554C,0.997,LPath
E554D,0.9868,LPath
E554F,0.9992,LPath
E554G,0.9785,LPath
E554H,0.9979,LPath
E554I,0.9975,LPath
E554K,0.9963,LPath
E554L,0.9958,LPath
E554M,0.9975,LPath
E554N,0.9981,LPath
E554P,0.9994,LPath
E554Q,0.9698,LPath
E554R,0.9927,LPath
E554S,0.9896,LPath
E554T,0.9944,LPath
E554V,0.9916,LPath
E554W,0.9997,LPath
E554Y,0.9985,LPath
A555C,0.9501,LPath
A555D,0.998,LPath
A555E,0.9955,LPath
A555F,0.9957,LPath
A555G,0.7337,LPath
A555H,0.9951,LPath
A555I,0.996,LPath
A555K,0.9988,LPath
A555L,0.9761,LPath
A555M,0.9867,LPath
A555N,0.9808,LPath
A555P,0.9996,LPath
A555Q,0.9859,LPath
A555R,0.9927,LPath
A555S,0.4025,Amb
A555T,0.9588,LPath
A555V,0.9791,LPath
A555W,0.9989,LPath
A555Y,0.9959,LPath
K556A,0.7953,LPath
K556C,0.7474,LPath
K556D,0.8054,LPath
K556E,0.5908,LPath
K556F,0.9854,LPath
K556G,0.3582,Amb
K556H,0.3076,LBen
K556I,0.9749,LPath
K556L,0.9158,LPath
K556M,0.8635,LPath
K556N,0.6007,LPath
K556P,0.9856,LPath
K556Q,0.235,LBen
K556R,0.0927,LBen
K556S,0.6423,LPath
K556T,0.7926,LPath
K556V,0.9334,LPath
K556W,0.9669,LPath
K556Y,0.9355,LPath
Q557A,0.8897,LPath
Q557C,0.9976,LPath
Q557D,0.997,LPath
Q557E,0.8952,LPath
Q557F,0.9982,LPath
Q557G,0.8558,LPath
Q557H,0.9989,LPath
Q557I,0.9926,LPath
Q557K,0.9883,LPath
Q557L,0.9853,LPath
Q557M,0.9413,LPath
Q557N,0.9632,LPath
Q557P,0.9985,LPath
Q557R,0.9896,LPath
Q557S,0.9066,LPath
Q557T,0.9533,LPath
Q557V,0.9773,LPath
Q557W,0.9994,LPath
Q557Y,0.999,LPath
K558A,0.4703,Amb
K558C,0.7013,LPath
K558D,0.6998,LPath
K558E,0.4168,Amb
K558F,0.878,LPath
K558G,0.6475,LPath
K558H,0.2972,LBen
K558I,0.4929,Amb
K558L,0.4988,Amb
K558M,0.4364,Amb
K558N,0.5581,Amb
K558P,0.6832,LPath
K558Q,0.1884,LBen
K558R,0.0753,LBen
K558S,0.5873,LPath
K558T,0.2774,LBen
K558V,0.3721,Amb
K558W,0.8493,LPath
K558Y,0.7602,LPath
V559A,0.8643,LPath
V559C,0.8818,LPath
V559D,0.995,LPath
V559E,0.981,LPath
V559F,0.874,LPath
V559G,0.9308,LPath
V559H,0.994,LPath
V559I,0.08,LBen
V559K,0.9839,LPath
V559L,0.4389,Amb
V559M,0.5831,LPath
V559N,0.9692,LPath
V559P,0.8168,LPath
V559Q,0.9731,LPath
V559R,0.981,LPath
V559S,0.9505,LPath
V559T,0.8103,LPath
V559W,0.9947,LPath
V559Y,0.9775,LPath
P560A,0.7828,LPath
P560C,0.9654,LPath
P560D,0.9857,LPath
P560E,0.9891,LPath
P560F,0.9957,LPath
P560G,0.968,LPath
P560H,0.9255,LPath
P560I,0.9894,LPath
P560K,0.9952,LPath
P560L,0.9368,LPath
P560M,0.9867,LPath
P560N,0.9673,LPath
P560Q,0.9732,LPath
P560R,0.9863,LPath
P560S,0.8361,LPath
P560T,0.9331,LPath
P560V,0.9693,LPath
P560W,0.9976,LPath
P560Y,0.9956,LPath
P561A,0.068,LBen
P561C,0.5422,Amb
P561D,0.412,Amb
P561E,0.2782,LBen
P561F,0.5837,LPath
P561G,0.2433,LBen
P561H,0.2172,LBen
P561I,0.375,Amb
P561K,0.381,Amb
P561L,0.1487,LBen
P561M,0.2755,LBen
P561N,0.2629,LBen
P561Q,0.1523,LBen
P561R,0.3123,LBen
P561S,0.1206,LBen
P561T,0.1346,LBen
P561V,0.2028,LBen
P561W,0.7805,LPath
P561Y,0.5604,Amb
V562A,0.617,LPath
V562C,0.8651,LPath
V562D,0.9822,LPath
V562E,0.9485,LPath
V562F,0.2143,LBen
V562G,0.7584,LPath
V562H,0.9642,LPath
V562I,0.1238,LBen
V562K,0.9773,LPath
V562L,0.6105,LPath
V562M,0.4802,Amb
V562N,0.9205,LPath
V562P,0.8646,LPath
V562Q,0.9187,LPath
V562R,0.9531,LPath
V562S,0.8049,LPath
V562T,0.7542,LPath
V562W,0.9704,LPath
V562Y,0.8591,LPath
L563A,0.9878,LPath
L563C,0.983,LPath
L563D,0.9999,LPath
L563E,0.999,LPath
L563F,0.9385,LPath
L563G,0.9976,LPath
L563H,0.9988,LPath
L563I,0.6325,LPath
L563K,0.999,LPath
L563M,0.7154,LPath
L563N,0.999,LPath
L563P,0.9989,LPath
L563Q,0.9978,LPath
L563R,0.9977,LPath
L563S,0.9987,LPath
L563T,0.9911,LPath
L563V,0.6985,LPath
L563W,0.9961,LPath
L563Y,0.9957,LPath
Q564A,0.1048,LBen
Q564C,0.4588,Amb
Q564D,0.3142,LBen
Q564E,0.0888,LBen
Q564F,0.6311,LPath
Q564G,0.1709,LBen
Q564H,0.1849,LBen
Q564I,0.4028,Amb
Q564K,0.1309,LBen
Q564L,0.1125,LBen
Q564M,0.2177,LBen
Q564N,0.1846,LBen
Q564P,0.8162,LPath
Q564R,0.1437,LBen
Q564S,0.1191,LBen
Q564T,0.1401,LBen
Q564V,0.2301,LBen
Q564W,0.6907,LPath
Q564Y,0.4491,Amb
V565A,0.1536,LBen
V565C,0.5722,LPath
V565D,0.4367,Amb
V565E,0.3555,Amb
V565F,0.1851,LBen
V565G,0.1747,LBen
V565H,0.5461,Amb
V565I,0.0877,LBen
V565K,0.5622,Amb
V565L,0.167,LBen
V565M,0.1165,LBen
V565N,0.2178,LBen
V565P,0.6917,LPath
V565Q,0.322,LBen
V565R,0.5752,LPath
V565S,0.1542,LBen
V565T,0.1568,LBen
V565W,0.8536,LPath
V565Y,0.5492,Amb
L566A,0.7907,LPath
L566C,0.8232,LPath
L566D,0.9874,LPath
L566E,0.9337,LPath
L566F,0.3766,Amb
L566G,0.9325,LPath
L566H,0.8275,LPath
L566I,0.1695,LBen
L566K,0.8833,LPath
L566M,0.1607,LBen
L566N,0.9117,LPath
L566P,0.9209,LPath
L566Q,0.6957,LPath
L566R,0.8425,LPath
L566S,0.8772,LPath
L566T,0.7799,LPath
L566V,0.2429,LBen
L566W,0.742,LPath
L566Y,0.8079,LPath
H567A,0.1008,LBen
H567C,0.113,LBen
H567D,0.1162,LBen
H567E,0.1164,LBen
H567F,0.2276,LBen
H567G,0.1144,LBen
H567I,0.1784,LBen
H567K,0.1321,LBen
H567L,0.0949,LBen
H567M,0.2136,LBen
H567N,0.0594,LBen
H567P,0.0872,LBen
H567Q,0.064,LBen
H567R,0.0924,LBen
H567S,0.0759,LBen
H567T,0.0888,LBen
H567V,0.1202,LBen
H567W,0.3807,Amb
H567Y,0.116,LBen
C568A,0.0775,LBen
C568D,0.1715,LBen
C568E,0.2362,LBen
C568F,0.1005,LBen
C568G,0.0566,LBen
C568H,0.1333,LBen
C568I,0.1501,LBen
C568K,0.2175,LBen
C568L,0.1206,LBen
C568M,0.1632,LBen
C568N,0.0941,LBen
C568P,0.1458,LBen
C568Q,0.1367,LBen
C568R,0.1414,LBen
C568S,0.0631,LBen
C568T,0.0779,LBen
C568V,0.1161,LBen
C568W,0.2299,LBen
C568Y,0.118,LBen
G569A,0.0952,LBen
G569C,0.1384,LBen
G569D,0.2269,LBen
G569E,0.2109,LBen
G569F,0.516,Amb
G569H,0.2857,LBen
G569I,0.2273,LBen
G569K,0.3723,Amb
G569L,0.2778,LBen
G569M,0.293,LBen
G569N,0.1763,LBen
G569P,0.3462,Amb
G569Q,0.2283,LBen
G569R,0.3026,LBen
G569S,0.0746,LBen
G569T,0.0893,LBen
G569V,0.1406,LBen
G569W,0.4524,Amb
G569Y,0.3936,Amb
D570A,0.2875,LBen
D570C,0.6821,LPath
D570E,0.1408,LBen
D570F,0.741,LPath
D570G,0.2217,LBen
D570H,0.4348,Amb
D570I,0.5697,LPath
D570K,0.5011,Amb
D570L,0.5568,Amb
D570M,0.6408,LPath
D570N,0.1259,LBen
D570P,0.6686,LPath
D570Q,0.3661,Amb
D570R,0.5392,Amb
D570S,0.1492,LBen
D570T,0.2813,LBen
D570V,0.3727,Amb
D570W,0.913,LPath
D570Y,0.4624,Amb
E571A,0.2044,LBen
E571C,0.768,LPath
E571D,0.0735,LBen
E571F,0.7616,LPath
E571G,0.1719,LBen
E571H,0.4947,Amb
E571I,0.4444,Amb
E571K,0.292,LBen
E571L,0.4798,Amb
E571M,0.5409,Amb
E571N,0.2313,LBen
E571P,0.5,Amb
E571Q,0.2072,LBen
E571R,0.4074,Amb
E571S,0.1841,LBen
E571T,0.2369,LBen
E571V,0.2839,LBen
E571W,0.9205,LPath
E571Y,0.6329,LPath
S572A,0.064,LBen
S572C,0.1119,LBen
S572D,0.1799,LBen
S572E,0.2067,LBen
S572F,0.2092,LBen
S572G,0.0727,LBen
S572H,0.1775,LBen
S572I,0.1541,LBen
S572K,0.2983,LBen
S572L,0.0979,LBen
S572M,0.1146,LBen
S572N,0.0781,LBen
S572P,0.174,LBen
S572Q,0.2039,LBen
S572R,0.3255,LBen
S572T,0.0573,LBen
S572V,0.116,LBen
S572W,0.3458,Amb
S572Y,0.1883,LBen
M573A,0.2732,LBen
M573C,0.5521,Amb
M573D,0.6797,LPath
M573E,0.5266,Amb
M573F,0.2428,LBen
M573G,0.4444,Amb
M573H,0.4228,Amb
M573I,0.2938,LBen
M573K,0.3589,Amb
M573L,0.0844,LBen
M573N,0.4286,Amb
M573P,0.6112,LPath
M573Q,0.2777,LBen
M573R,0.3282,LBen
M573S,0.2881,LBen
M573T,0.2054,LBen
M573V,0.0746,LBen
M573W,0.5477,Amb
M573Y,0.3951,Amb
L574A,0.3092,LBen
L574C,0.7266,LPath
L574D,0.8031,LPath
L574E,0.5047,Amb
L574F,0.3744,Amb
L574G,0.5353,Amb
L574H,0.5202,Amb
L574I,0.1941,LBen
L574K,0.3952,Amb
L574M,0.1376,LBen
L574N,0.5408,Amb
L574P,0.5995,LPath
L574Q,0.253,LBen
L574R,0.3531,Amb
L574S,0.4811,Amb
L574T,0.302,LBen
L574V,0.1601,LBen
L574W,0.5335,Amb
L574Y,0.603,LPath
D575A,0.2393,LBen
D575C,0.66,LPath
D575E,0.1182,LBen
D575F,0.6671,LPath
D575G,0.205,LBen
D575H,0.4035,Amb
D575I,0.5213,Amb
D575K,0.5805,LPath
D575L,0.4664,Amb
D575M,0.6328,LPath
D575N,0.1445,LBen
D575P,0.7127,LPath
D575Q,0.3403,Amb
D575R,0.58,LPath
D575S,0.1787,LBen
D575T,0.3207,LBen
D575V,0.3215,LBen
D575W,0.8981,LPath
D575Y,0.4125,Amb
I576A,0.2458,LBen
I576C,0.7076,LPath
I576D,0.8253,LPath
I576E,0.7582,LPath
I576F,0.2364,LBen
I576G,0.6445,LPath
I576H,0.7839,LPath
I576K,0.7577,LPath
I576L,0.0982,LBen
I576M,0.103,LBen
I576N,0.6167,LPath
I576P,0.7503,LPath
I576Q,0.7114,LPath
I576R,0.6458,LPath
I576S,0.4146,Amb
I576T,0.1943,LBen
I576V,0.0821,LBen
I576W,0.8004,LPath
I576Y,0.7276,LPath
G577A,0.2752,LBen
G577C,0.4681,Amb
G577D,0.5807,LPath
G577E,0.601,LPath
G577F,0.9042,LPath
G577H,0.756,LPath
G577I,0.8278,LPath
G577K,0.8711,LPath
G577L,0.7973,LPath
G577M,0.8264,LPath
G577N,0.5887,LPath
G577P,0.9143,LPath
G577Q,0.6316,LPath
G577R,0.7328,LPath
G577S,0.1977,LBen
G577T,0.4556,Amb
G577V,0.7059,LPath
G577W,0.8404,LPath
G577Y,0.8499,LPath
G578A,0.1971,LBen
G578C,0.3516,Amb
G578D,0.2507,LBen
G578E,0.28,LBen
G578F,0.7327,LPath
G578H,0.5402,Amb
G578I,0.5022,Amb
G578K,0.6216,LPath
G578L,0.5376,Amb
G578M,0.5157,Amb
G578N,0.2567,LBen
G578P,0.7931,LPath
G578Q,0.3876,Amb
G578R,0.5426,Amb
G578S,0.1176,LBen
G578T,0.2084,LBen
G578V,0.3457,Amb
G578W,0.6671,LPath
G578Y,0.6375,LPath
E579A,0.5043,Amb
E579C,0.9346,LPath
E579D,0.2206,LBen
E579F,0.9282,LPath
E579G,0.4127,Amb
E579H,0.8306,LPath
E579I,0.7245,LPath
E579K,0.6416,LPath
E579L,0.7733,LPath
E579M,0.803,LPath
E579N,0.5691,LPath
E579P,0.8849,LPath
E579Q,0.3747,Amb
E579R,0.7032,LPath
E579S,0.439,Amb
E579T,0.5167,Amb
E579V,0.5123,Amb
E579W,0.9808,LPath
E579Y,0.8952,LPath
R580A,0.5386,Amb
R580C,0.3437,Amb
R580D,0.7787,LPath
R580E,0.4639,Amb
R580F,0.7672,LPath
R580G,0.3983,Amb
R580H,0.1884,LBen
R580I,0.4447,Amb
R580K,0.1017,LBen
R580L,0.4014,Amb
R580M,0.4445,Amb
R580N,0.6916,LPath
R580P,0.7201,LPath
R580Q,0.1365,LBen
R580S,0.6529,LPath
R580T,0.3864,Amb
R580V,0.4389,Amb
R580W,0.4674,Amb
R580Y,0.6264,LPath
G581A,0.8062,LPath
G581C,0.951,LPath
G581D,0.9844,LPath
G581E,0.9817,LPath
G581F,0.9839,LPath
G581H,0.9933,LPath
G581I,0.9704,LPath
G581K,0.9949,LPath
G581L,0.9837,LPath
G581M,0.9858,LPath
G581N,0.9774,LPath
G581P,0.9885,LPath
G581Q,0.9844,LPath
G581R,0.9875,LPath
G581S,0.8059,LPath
G581T,0.9094,LPath
G581V,0.9441,LPath
G581W,0.9856,LPath
G581Y,0.9803,LPath
C582A,0.9995,LPath
C582D,0.9996,LPath
C582E,1.0,LPath
C582F,0.9987,LPath
C582G,0.9972,LPath
C582H,0.9997,LPath
C582I,0.9999,LPath
C582K,1.0,LPath
C582L,0.9993,LPath
C582M,0.9995,LPath
C582N,0.9998,LPath
C582P,0.9999,LPath
C582Q,1.0,LPath
C582R,0.9998,LPath
C582S,0.9995,LPath
C582T,0.9998,LPath
C582V,0.9996,LPath
C582W,0.9995,LPath
C582Y,0.9995,LPath
A583C,0.6427,LPath
A583D,0.8845,LPath
A583E,0.8478,LPath
A583F,0.7371,LPath
A583G,0.3104,LBen
A583H,0.8087,LPath
A583I,0.5968,LPath
A583K,0.9292,LPath
A583L,0.4269,Amb
A583M,0.4123,Amb
A583N,0.5355,Amb
A583P,0.675,LPath
A583Q,0.6976,LPath
A583R,0.878,LPath
A583S,0.1108,LBen
A583T,0.0945,LBen
A583V,0.3028,LBen
A583W,0.9636,LPath
A583Y,0.8512,LPath
F584A,0.9952,LPath
F584C,0.9763,LPath
F584D,0.9992,LPath
F584E,0.9994,LPath
F584G,0.9981,LPath
F584H,0.9851,LPath
F584I,0.9336,LPath
F584K,0.9995,LPath
F584L,0.9976,LPath
F584M,0.9831,LPath
F584N,0.9922,LPath
F584P,0.9997,LPath
F584Q,0.9979,LPath
F584R,0.9972,LPath
F584S,0.9912,LPath
F584T,0.9946,LPath
F584V,0.8963,LPath
F584W,0.869,LPath
F584Y,0.2467,LBen
C585A,0.9994,LPath
C585D,0.9995,LPath
C585E,1.0,LPath
C585F,0.999,LPath
C585G,0.9967,LPath
C585H,0.9995,LPath
C585I,0.9999,LPath
C585K,1.0,LPath
C585L,0.999,LPath
C585M,0.9997,LPath
C585N,0.9999,LPath
C585P,0.9999,LPath
C585Q,0.9999,LPath
C585R,0.9997,LPath
C585S,0.9992,LPath
C585T,0.9998,LPath
C585V,0.9996,LPath
C585W,0.9993,LPath
C585Y,0.9994,LPath
G586A,0.8461,LPath
G586C,0.9507,LPath
G586D,0.9903,LPath
G586E,0.9933,LPath
G586F,0.9964,LPath
G586H,0.9931,LPath
G586I,0.9956,LPath
G586K,0.9967,LPath
G586L,0.9852,LPath
G586M,0.9902,LPath
G586N,0.9696,LPath
G586P,0.9994,LPath
G586Q,0.9807,LPath
G586R,0.9885,LPath
G586S,0.6939,LPath
G586T,0.9593,LPath
G586V,0.9884,LPath
G586W,0.9957,LPath
G586Y,0.9946,LPath
G587A,0.9693,LPath
G587C,0.9923,LPath
G587D,0.9982,LPath
G587E,0.9985,LPath
G587F,0.9971,LPath
G587H,0.999,LPath
G587I,0.9959,LPath
G587K,0.9992,LPath
G587L,0.9965,LPath
G587M,0.998,LPath
G587N,0.9975,LPath
G587P,0.9997,LPath
G587Q,0.9986,LPath
G587R,0.9976,LPath
G587S,0.9738,LPath
G587T,0.994,LPath
G587V,0.9933,LPath
G587W,0.9976,LPath
G587Y,0.9974,LPath
L588A,0.9475,LPath
L588C,0.9882,LPath
L588D,0.998,LPath
L588E,0.9906,LPath
L588F,0.9535,LPath
L588G,0.9808,LPath
L588H,0.9867,LPath
L588I,0.8205,LPath
L588K,0.9543,LPath
L588M,0.7807,LPath
L588N,0.988,LPath
L588P,0.9924,LPath
L588Q,0.9713,LPath
L588R,0.8805,LPath
L588S,0.9914,LPath
L588T,0.9666,LPath
L588V,0.8594,LPath
L588W,0.9777,LPath
L588Y,0.9796,LPath
G589A,0.9684,LPath
G589C,0.9942,LPath
G589D,0.9986,LPath
G589E,0.999,LPath
G589F,0.9983,LPath
G589H,0.9992,LPath
G589I,0.9977,LPath
G589K,0.9996,LPath
G589L,0.9961,LPath
G589M,0.9987,LPath
G589N,0.9983,LPath
G589P,0.9994,LPath
G589Q,0.9986,LPath
G589R,0.9983,LPath
G589S,0.9721,LPath
G589T,0.9948,LPath
G589V,0.9954,LPath
G589W,0.9976,LPath
G589Y,0.9982,LPath
H590A,0.9998,LPath
H590C,0.9641,LPath
H590D,0.9991,LPath
H590E,0.9994,LPath
H590F,0.9973,LPath
H590G,0.9991,LPath
H590I,0.9998,LPath
H590K,0.997,LPath
H590L,0.9967,LPath
H590M,0.9995,LPath
H590N,0.9983,LPath
H590P,0.9975,LPath
H590Q,0.9991,LPath
H590R,0.9958,LPath
H590S,0.9994,LPath
H590T,0.9998,LPath
H590V,0.9997,LPath
H590W,0.9844,LPath
H590Y,0.9943,LPath
R591A,0.9951,LPath
R591C,0.955,LPath
R591D,0.9974,LPath
R591E,0.99,LPath
R591F,0.998,LPath
R591G,0.9809,LPath
R591H,0.8996,LPath
R591I,0.9937,LPath
R591K,0.8433,LPath
R591L,0.9744,LPath
R591M,0.9941,LPath
R591N,0.9956,LPath
R591P,0.9986,LPath
R591Q,0.8918,LPath
R591S,0.993,LPath
R591T,0.9804,LPath
R591V,0.9918,LPath
R591W,0.9753,LPath
R591Y,0.9928,LPath
I592A,0.9705,LPath
I592C,0.9955,LPath
I592D,0.9995,LPath
I592E,0.9981,LPath
I592F,0.9579,LPath
I592G,0.9972,LPath
I592H,0.9992,LPath
I592K,0.9981,LPath
I592L,0.7742,LPath
I592M,0.7547,LPath
I592N,0.9975,LPath
I592P,0.9957,LPath
I592Q,0.9981,LPath
I592R,0.995,LPath
I592S,0.9905,LPath
I592T,0.9963,LPath
I592V,0.4834,Amb
I592W,0.9978,LPath
I592Y,0.9929,LPath
T593A,0.2391,LBen
T593C,0.7204,LPath
T593D,0.9272,LPath
T593E,0.8925,LPath
T593F,0.8795,LPath
T593G,0.3596,Amb
T593H,0.795,LPath
T593I,0.7975,LPath
T593K,0.7614,LPath
T593L,0.4751,Amb
T593M,0.3774,Amb
T593N,0.6023,LPath
T593P,0.7843,LPath
T593Q,0.6943,LPath
T593R,0.6573,LPath
T593S,0.2901,LBen
T593V,0.54,Amb
T593W,0.9558,LPath
T593Y,0.9004,LPath
D594A,0.2287,LBen
D594C,0.7414,LPath
D594E,0.1471,LBen
D594F,0.7427,LPath
D594G,0.3581,Amb
D594H,0.4159,Amb
D594I,0.6309,LPath
D594K,0.6266,LPath
D594L,0.5844,LPath
D594M,0.7236,LPath
D594N,0.1233,LBen
D594P,0.9863,LPath
D594Q,0.371,Amb
D594R,0.6158,LPath
D594S,0.1634,LBen
D594T,0.3678,Amb
D594V,0.3882,Amb
D594W,0.9571,LPath
D594Y,0.4411,Amb
C595A,0.9996,LPath
C595D,0.9998,LPath
C595E,1.0,LPath
C595F,0.9991,LPath
C595G,0.999,LPath
C595H,0.9996,LPath
C595I,0.9998,LPath
C595K,1.0,LPath
C595L,0.9991,LPath
C595M,0.9997,LPath
C595N,0.9999,LPath
C595P,0.9999,LPath
C595Q,1.0,LPath
C595R,0.9999,LPath
C595S,0.9996,LPath
C595T,0.9999,LPath
C595V,0.9996,LPath
C595W,0.9997,LPath
C595Y,0.9995,LPath
P596A,0.5671,LPath
P596C,0.9601,LPath
P596D,0.9708,LPath
P596E,0.9024,LPath
P596F,0.9736,LPath
P596G,0.8526,LPath
P596H,0.834,LPath
P596I,0.902,LPath
P596K,0.9023,LPath
P596L,0.7202,LPath
P596M,0.9002,LPath
P596N,0.9294,LPath
P596Q,0.7252,LPath
P596R,0.7733,LPath
P596S,0.707,LPath
P596T,0.6665,LPath
P596V,0.7855,LPath
P596W,0.9829,LPath
P596Y,0.9701,LPath
K597A,0.9654,LPath
K597C,0.9871,LPath
K597D,0.9951,LPath
K597E,0.9784,LPath
K597F,0.9962,LPath
K597G,0.9759,LPath
K597H,0.8941,LPath
K597I,0.9711,LPath
K597L,0.9321,LPath
K597M,0.9521,LPath
K597N,0.9895,LPath
K597P,0.9897,LPath
K597Q,0.8411,LPath
K597R,0.1445,LBen
K597S,0.9839,LPath
K597T,0.9501,LPath
K597V,0.9275,LPath
K597W,0.9944,LPath
K597Y,0.9832,LPath
L598A,0.9607,LPath
L598C,0.9945,LPath
L598D,0.9991,LPath
L598E,0.9922,LPath
L598F,0.927,LPath
L598G,0.9915,LPath
L598H,0.9871,LPath
L598I,0.6216,LPath
L598K,0.9584,LPath
L598M,0.6583,LPath
L598N,0.9943,LPath
L598P,0.9989,LPath
L598Q,0.978,LPath
L598R,0.9188,LPath
L598S,0.9963,LPath
L598T,0.983,LPath
L598V,0.68,LPath
L598W,0.957,LPath
L598Y,0.9517,LPath
E599A,0.5042,Amb
E599C,0.9861,LPath
E599D,0.495,Amb
E599F,0.9823,LPath
E599G,0.6273,LPath
E599H,0.9158,LPath
E599I,0.9018,LPath
E599K,0.791,LPath
E599L,0.8637,LPath
E599M,0.886,LPath
E599N,0.8349,LPath
E599P,0.9916,LPath
E599Q,0.435,Amb
E599R,0.8197,LPath
E599S,0.651,LPath
E599T,0.7393,LPath
E599V,0.7334,LPath
E599W,0.9942,LPath
E599Y,0.9639,LPath
A600C,0.8295,LPath
A600D,0.8967,LPath
A600E,0.8534,LPath
A600F,0.7468,LPath
A600G,0.3196,LBen
A600H,0.7991,LPath
A600I,0.7739,LPath
A600K,0.9429,LPath
A600L,0.5172,Amb
A600M,0.5235,Amb
A600N,0.5008,Amb
A600P,0.9937,LPath
A600Q,0.6199,LPath
A600R,0.8993,LPath
A600S,0.1624,LBen
A600T,0.3657,Amb
A600V,0.4898,Amb
A600W,0.9673,LPath
A600Y,0.8245,LPath
M601A,0.3642,Amb
M601C,0.822,LPath
M601D,0.9504,LPath
M601E,0.762,LPath
M601F,0.4761,Amb
M601G,0.7243,LPath
M601H,0.7043,LPath
M601I,0.3092,LBen
M601K,0.5448,Amb
M601L,0.1064,LBen
M601N,0.6432,LPath
M601P,0.9897,LPath
M601Q,0.3469,Amb
M601R,0.553,Amb
M601S,0.4753,Amb
M601T,0.3442,Amb
M601V,0.0852,LBen
M601W,0.836,LPath
M601Y,0.7319,LPath
Q602A,0.5136,Amb
Q602C,0.9764,LPath
Q602D,0.9219,LPath
Q602E,0.3847,Amb
Q602F,0.9833,LPath
Q602G,0.5583,Amb
Q602H,0.6926,LPath
Q602I,0.9451,LPath
Q602K,0.4777,Amb
Q602L,0.7035,LPath
Q602M,0.7691,LPath
Q602N,0.532,Amb
Q602P,0.9588,LPath
Q602R,0.489,Amb
Q602S,0.4486,Amb
Q602T,0.5078,Amb
Q602V,0.8013,LPath
Q602W,0.9851,LPath
Q602Y,0.9479,LPath
T603A,0.0972,LBen
T603C,0.4989,Amb
T603D,0.678,LPath
T603E,0.6216,LPath
T603F,0.5944,LPath
T603G,0.1341,LBen
T603H,0.3249,LBen
T603I,0.5328,Amb
T603K,0.5611,Amb
T603L,0.2338,LBen
T603M,0.1533,LBen
T603N,0.0845,LBen
T603P,0.7661,LPath
T603Q,0.2415,LBen
T603R,0.5049,Amb
T603S,0.0774,LBen
T603V,0.3042,LBen
T603W,0.8519,LPath
T603Y,0.534,Amb
K604A,0.9166,LPath
K604C,0.9684,LPath
K604D,0.9821,LPath
K604E,0.9319,LPath
K604F,0.9929,LPath
K604G,0.9067,LPath
K604H,0.7752,LPath
K604I,0.9617,LPath
K604L,0.9174,LPath
K604M,0.9188,LPath
K604N,0.9647,LPath
K604P,0.976,LPath
K604Q,0.5207,Amb
K604R,0.0938,LBen
K604S,0.9388,LPath
K604T,0.9032,LPath
K604V,0.917,LPath
K604W,0.9851,LPath
K604Y,0.9717,LPath
Q605A,0.1652,LBen
Q605C,0.9201,LPath
Q605D,0.639,LPath
Q605E,0.1755,LBen
Q605F,0.9208,LPath
Q605G,0.337,LBen
Q605H,0.4525,Amb
Q605I,0.7006,LPath
Q605K,0.3293,LBen
Q605L,0.3389,LBen
Q605M,0.4341,Amb
Q605N,0.2938,LBen
Q605P,0.7331,LPath
Q605R,0.4018,Amb
Q605S,0.202,LBen
Q605T,0.1725,LBen
Q605V,0.4204,Amb
Q605W,0.9607,LPath
Q605Y,0.8335,LPath
V606A,0.2986,LBen
V606C,0.846,LPath
V606D,0.8814,LPath
V606E,0.8407,LPath
V606F,0.3501,Amb
V606G,0.41,Amb
V606H,0.8683,LPath
V606I,0.1378,LBen
V606K,0.8773,LPath
V606L,0.4102,Amb
V606M,0.3114,LBen
V606N,0.6484,LPath
V606P,0.9189,LPath
V606Q,0.7032,LPath
V606R,0.8227,LPath
V606S,0.4517,Amb
V606T,0.4969,Amb
V606W,0.9581,LPath
V606Y,0.7757,LPath
S607A,0.0881,LBen
S607C,0.1955,LBen
S607D,0.7789,LPath
S607E,0.7897,LPath
S607F,0.5401,Amb
S607G,0.0797,LBen
S607H,0.5151,Amb
S607I,0.4033,Amb
S607K,0.8853,LPath
S607L,0.2276,LBen
S607M,0.2244,LBen
S607N,0.1316,LBen
S607P,0.6942,LPath
S607Q,0.5042,Amb
S607R,0.8677,LPath
S607T,0.0684,LBen
S607V,0.2836,LBen
S607W,0.7665,LPath
S607Y,0.5171,Amb
N608A,0.1287,LBen
N608C,0.2276,LBen
N608D,0.3551,Amb
N608E,0.6825,LPath
N608F,0.567,LPath
N608G,0.1215,LBen
N608H,0.1599,LBen
N608I,0.3182,LBen
N608K,0.7419,LPath
N608L,0.264,LBen
N608M,0.2988,LBen
N608P,0.6376,LPath
N608Q,0.402,Amb
N608R,0.7328,LPath
N608S,0.0554,LBen
N608T,0.0926,LBen
N608V,0.2152,LBen
N608W,0.8534,LPath
N608Y,0.3023,LBen
I609A,0.4374,Amb
I609C,0.8865,LPath
I609D,0.976,LPath
I609E,0.9535,LPath
I609F,0.2393,LBen
I609G,0.8493,LPath
I609H,0.9041,LPath
I609K,0.9308,LPath
I609L,0.1061,LBen
I609M,0.1186,LBen
I609N,0.8486,LPath
I609P,0.8691,LPath
I609Q,0.8785,LPath
I609R,0.8505,LPath
I609S,0.7098,LPath
I609T,0.4571,Amb
I609V,0.0929,LBen
I609W,0.8664,LPath
I609Y,0.7864,LPath
G610A,0.2618,LBen
G610C,0.5125,Amb
G610D,0.911,LPath
G610E,0.898,LPath
G610F,0.8991,LPath
G610H,0.8266,LPath
G610I,0.7359,LPath
G610K,0.9643,LPath
G610L,0.7857,LPath
G610M,0.7902,LPath
G610N,0.5778,LPath
G610P,0.9258,LPath
G610Q,0.759,LPath
G610R,0.9124,LPath
G610S,0.1319,LBen
G610T,0.3338,LBen
G610V,0.5513,Amb
G610W,0.8881,LPath
G610Y,0.8805,LPath
R611A,0.964,LPath
R611C,0.8789,LPath
R611D,0.9781,LPath
R611E,0.9375,LPath
R611F,0.9812,LPath
R611G,0.8228,LPath
R611H,0.6069,LPath
R611I,0.9721,LPath
R611K,0.2646,LBen
R611L,0.93,LPath
R611M,0.9669,LPath
R611N,0.972,LPath
R611P,0.9632,LPath
R611Q,0.5463,Amb
R611S,0.9681,LPath
R611T,0.9623,LPath
R611V,0.9659,LPath
R611W,0.8849,LPath
R611Y,0.943,LPath
K612A,0.9089,LPath
K612C,0.9701,LPath
K612D,0.9449,LPath
K612E,0.8753,LPath
K612F,0.9926,LPath
K612G,0.8055,LPath
K612H,0.7356,LPath
K612I,0.9676,LPath
K612L,0.9404,LPath
K612M,0.9274,LPath
K612N,0.915,LPath
K612P,0.9134,LPath
K612Q,0.4679,Amb
K612R,0.0823,LBen
K612S,0.9083,LPath
K612T,0.845,LPath
K612V,0.9392,LPath
K612W,0.9812,LPath
K612Y,0.9695,LPath
D613A,0.9808,LPath
D613C,0.9985,LPath
D613E,0.8578,LPath
D613F,0.9963,LPath
D613G,0.9527,LPath
D613H,0.9934,LPath
D613I,0.996,LPath
D613K,0.9949,LPath
D613L,0.9937,LPath
D613M,0.9981,LPath
D613N,0.918,LPath
D613P,0.9965,LPath
D613Q,0.9896,LPath
D613R,0.9922,LPath
D613S,0.9606,LPath
D613T,0.986,LPath
D613V,0.9868,LPath
D613W,0.9989,LPath
D613Y,0.9736,LPath
Y614A,0.8521,LPath
Y614C,0.6631,LPath
Y614D,0.9168,LPath
Y614E,0.9792,LPath
Y614F,0.1096,LBen
Y614G,0.8241,LPath
Y614H,0.8438,LPath
Y614I,0.7719,LPath
Y614K,0.9821,LPath
Y614L,0.7739,LPath
Y614M,0.8328,LPath
Y614N,0.8027,LPath
Y614P,0.9614,LPath
Y614Q,0.9674,LPath
Y614R,0.9494,LPath
Y614S,0.7449,LPath
Y614T,0.8702,LPath
Y614V,0.6285,LPath
Y614W,0.7625,LPath
L615A,0.8531,LPath
L615C,0.9729,LPath
L615D,0.9951,LPath
L615E,0.9802,LPath
L615F,0.618,LPath
L615G,0.9618,LPath
L615H,0.9539,LPath
L615I,0.4334,Amb
L615K,0.9519,LPath
L615M,0.3815,Amb
L615N,0.9793,LPath
L615P,0.9652,LPath
L615Q,0.9196,LPath
L615R,0.9088,LPath
L615S,0.9694,LPath
L615T,0.9168,LPath
L615V,0.4868,Amb
L615W,0.9053,LPath
L615Y,0.9251,LPath
A616C,0.8204,LPath
A616D,0.9462,LPath
A616E,0.9213,LPath
A616F,0.8797,LPath
A616G,0.2655,LBen
A616H,0.8759,LPath
A616I,0.8764,LPath
A616K,0.9675,LPath
A616L,0.6416,LPath
A616M,0.7622,LPath
A616N,0.712,LPath
A616P,0.7998,LPath
A616Q,0.7171,LPath
A616R,0.9217,LPath
A616S,0.1156,LBen
A616T,0.402,Amb
A616V,0.6323,LPath
A616W,0.9852,LPath
A616Y,0.9273,LPath
H617A,0.1504,LBen
H617C,0.2384,LBen
H617D,0.3649,Amb
H617E,0.4882,Amb
H617F,0.3961,Amb
H617G,0.1441,LBen
H617I,0.4653,Amb
H617K,0.4867,Amb
H617L,0.2212,LBen
H617M,0.4021,Amb
H617N,0.0526,LBen
H617P,0.1476,LBen
H617Q,0.1657,LBen
H617R,0.3258,LBen
H617S,0.0742,LBen
H617T,0.1357,LBen
H617V,0.3095,LBen
H617W,0.6681,LPath
H617Y,0.1891,LBen
S618A,0.1168,LBen
S618C,0.2153,LBen
S618D,0.7525,LPath
S618E,0.8589,LPath
S618F,0.6944,LPath
S618G,0.0711,LBen
S618H,0.5675,LPath
S618I,0.6029,LPath
S618K,0.929,LPath
S618L,0.4116,Amb
S618M,0.4736,Amb
S618N,0.1617,LBen
S618P,0.3958,Amb
S618Q,0.681,LPath
S618R,0.9135,LPath
S618T,0.1071,LBen
S618V,0.4452,Amb
S618W,0.8557,LPath
S618Y,0.6313,LPath
S619A,0.1123,LBen
S619C,0.4674,Amb
S619D,0.8497,LPath
S619E,0.8923,LPath
S619F,0.8528,LPath
S619G,0.152,LBen
S619H,0.7832,LPath
S619I,0.821,LPath
S619K,0.9662,LPath
S619L,0.5955,LPath
S619M,0.6341,LPath
S619N,0.397,Amb
S619P,0.533,Amb
S619Q,0.7649,LPath
S619R,0.9572,LPath
S619T,0.161,LBen
S619V,0.6023,LPath
S619W,0.9437,LPath
S619Y,0.8285,LPath
M620A,0.1861,LBen
M620C,0.7894,LPath
M620D,0.8651,LPath
M620E,0.6879,LPath
M620F,0.4771,Amb
M620G,0.4886,Amb
M620H,0.6878,LPath
M620I,0.4564,Amb
M620K,0.4076,Amb
M620L,0.1417,LBen
M620N,0.578,LPath
M620P,0.6497,LPath
M620Q,0.3218,LBen
M620R,0.398,Amb
M620S,0.3203,LBen
M620T,0.2369,LBen
M620V,0.091,LBen
M620W,0.8355,LPath
M620Y,0.7583,LPath
D621A,0.8955,LPath
D621C,0.9939,LPath
D621E,0.6917,LPath
D621F,0.9881,LPath
D621G,0.8469,LPath
D621H,0.9636,LPath
D621I,0.9831,LPath
D621K,0.9825,LPath
D621L,0.9739,LPath
D621M,0.9914,LPath
D621N,0.7239,LPath
D621P,0.9682,LPath
D621Q,0.9489,LPath
D621R,0.9709,LPath
D621S,0.8069,LPath
D621T,0.9337,LPath
D621V,0.9463,LPath
D621W,0.9978,LPath
D621Y,0.9459,LPath
F622A,0.8032,LPath
F622C,0.7222,LPath
F622D,0.907,LPath
F622E,0.9413,LPath
F622G,0.8551,LPath
F622H,0.8264,LPath
F622I,0.4842,Amb
F622K,0.9661,LPath
F622L,0.8956,LPath
F622M,0.6434,LPath
F622N,0.8296,LPath
F622P,0.9754,LPath
F622Q,0.9135,LPath
F622R,0.9392,LPath
F622S,0.756,LPath
F622T,0.808,LPath
F622V,0.442,Amb
F622W,0.6312,LPath
F622Y,0.1853,LBen
