protein_variant,am_pathogenicity,am_class
M1A,0.2316,LBen
M1C,0.3909,Amb
M1D,0.7142,LPath
M1E,0.4208,Amb
M1F,0.2451,LBen
M1G,0.4238,Amb
M1H,0.5316,Amb
M1I,0.4186,Amb
M1K,0.3143,LBen
M1L,0.1578,LBen
M1N,0.5248,Amb
M1P,0.4057,Amb
M1Q,0.2281,LBen
M1R,0.2969,LBen
M1S,0.2877,LBen
M1T,0.2709,LBen
M1V,0.103,LBen
M1W,0.5211,Amb
M1Y,0.5589,Amb
A2C,0.3659,Amb
A2D,0.1258,LBen
A2E,0.1145,LBen
A2F,0.2624,LBen
A2G,0.0794,LBen
A2H,0.2713,LBen
A2I,0.2824,LBen
A2K,0.2059,LBen
A2L,0.1994,LBen
A2M,0.3133,LBen
A2N,0.149,LBen
A2P,0.0963,LBen
A2Q,0.1835,LBen
A2R,0.1787,LBen
A2S,0.0819,LBen
A2T,0.0953,LBen
A2V,0.1656,LBen
A2W,0.4898,Amb
A2Y,0.3062,LBen
G3A,0.0679,LBen
G3C,0.1581,LBen
G3D,0.0837,LBen
G3E,0.0942,LBen
G3F,0.3352,LBen
G3H,0.2855,LBen
G3I,0.1787,LBen
G3K,0.2892,LBen
G3L,0.2501,LBen
G3M,0.4026,Amb
G3N,0.1734,LBen
G3P,0.2822,LBen
G3Q,0.2209,LBen
G3R,0.2101,LBen
G3S,0.0886,LBen
G3T,0.0822,LBen
G3V,0.1039,LBen
G3W,0.324,LBen
G3Y,0.3047,LBen
F4A,0.6886,LPath
F4C,0.8677,LPath
F4D,0.873,LPath
F4E,0.8417,LPath
F4G,0.7981,LPath
F4H,0.907,LPath
F4I,0.5028,Amb
F4K,0.9239,LPath
F4L,0.8995,LPath
F4M,0.764,LPath
F4N,0.8759,LPath
F4P,0.9437,LPath
F4Q,0.9041,LPath
F4R,0.8871,LPath
F4S,0.8275,LPath
F4T,0.7869,LPath
F4V,0.5335,Amb
F4W,0.5856,LPath
F4Y,0.5265,Amb
A5C,0.3173,LBen
A5D,0.1515,LBen
A5E,0.097,LBen
A5F,0.2233,LBen
A5G,0.0836,LBen
A5H,0.2055,LBen
A5I,0.1984,LBen
A5K,0.1624,LBen
A5L,0.1352,LBen
A5M,0.2322,LBen
A5N,0.1989,LBen
A5P,0.1422,LBen
A5Q,0.1312,LBen
A5R,0.1244,LBen
A5S,0.0773,LBen
A5T,0.0804,LBen
A5V,0.1128,LBen
A5W,0.3787,Amb
A5Y,0.2989,LBen
E6A,0.0699,LBen
E6C,0.4886,Amb
E6D,0.0778,LBen
E6F,0.4662,Amb
E6G,0.0625,LBen
E6H,0.202,LBen
E6I,0.3295,LBen
E6K,0.1497,LBen
E6L,0.2478,LBen
E6M,0.3966,Amb
E6N,0.1711,LBen
E6P,0.2814,LBen
E6Q,0.0836,LBen
E6R,0.1401,LBen
E6S,0.0812,LBen
E6T,0.1218,LBen
E6V,0.1659,LBen
E6W,0.631,LPath
E6Y,0.3798,Amb
L7A,0.2431,LBen
L7C,0.5576,Amb
L7D,0.8637,LPath
L7E,0.6428,LPath
L7F,0.2667,LBen
L7G,0.5237,Amb
L7H,0.6255,LPath
L7I,0.1312,LBen
L7K,0.6207,LPath
L7M,0.1634,LBen
L7N,0.6399,LPath
L7P,0.6591,LPath
L7Q,0.4363,Amb
L7R,0.4821,Amb
L7S,0.5141,Amb
L7T,0.2839,LBen
L7V,0.1484,LBen
L7W,0.4604,Amb
L7Y,0.5707,LPath
G8A,0.2615,LBen
G8C,0.3771,Amb
G8D,0.3083,LBen
G8E,0.3248,LBen
G8F,0.7635,LPath
G8H,0.4993,Amb
G8I,0.6735,LPath
G8K,0.4601,Amb
G8L,0.6311,LPath
G8M,0.7649,LPath
G8N,0.4375,Amb
G8P,0.7203,LPath
G8Q,0.3854,Amb
G8R,0.3653,Amb
G8S,0.228,LBen
G8T,0.4347,Amb
G8V,0.5062,Amb
G8W,0.661,LPath
G8Y,0.6398,LPath
L9A,0.763,LPath
L9C,0.7124,LPath
L9D,0.9898,LPath
L9E,0.9577,LPath
L9F,0.3889,Amb
L9G,0.8849,LPath
L9H,0.9443,LPath
L9I,0.1008,LBen
L9K,0.9528,LPath
L9M,0.3438,Amb
L9N,0.9596,LPath
L9P,0.861,LPath
L9Q,0.8954,LPath
L9R,0.8926,LPath
L9S,0.936,LPath
L9T,0.8412,LPath
L9V,0.1117,LBen
L9W,0.8329,LPath
L9Y,0.9047,LPath
S10A,0.0738,LBen
S10C,0.0945,LBen
S10D,0.2269,LBen
S10E,0.3573,Amb
S10F,0.2671,LBen
S10G,0.0865,LBen
S10H,0.2433,LBen
S10I,0.302,LBen
S10K,0.5393,Amb
S10L,0.2145,LBen
S10M,0.3883,Amb
S10N,0.1532,LBen
S10P,0.2144,LBen
S10Q,0.3514,Amb
S10R,0.388,Amb
S10T,0.1275,LBen
S10V,0.2317,LBen
S10W,0.3693,Amb
S10Y,0.2272,LBen
S11A,0.0592,LBen
S11C,0.0985,LBen
S11D,0.1246,LBen
S11E,0.1426,LBen
S11F,0.1274,LBen
S11G,0.0609,LBen
S11H,0.1322,LBen
S11I,0.1264,LBen
S11K,0.2193,LBen
S11L,0.1055,LBen
S11M,0.2047,LBen
S11N,0.0959,LBen
S11P,0.0531,LBen
S11Q,0.1627,LBen
S11R,0.1556,LBen
S11T,0.0755,LBen
S11V,0.1117,LBen
S11W,0.1866,LBen
S11Y,0.1315,LBen
W12A,0.7521,LPath
W12C,0.9221,LPath
W12D,0.926,LPath
W12E,0.9274,LPath
W12F,0.4693,Amb
W12G,0.6956,LPath
W12H,0.8929,LPath
W12I,0.8417,LPath
W12K,0.9822,LPath
W12L,0.7762,LPath
W12M,0.9304,LPath
W12N,0.948,LPath
W12P,0.841,LPath
W12Q,0.9501,LPath
W12R,0.9498,LPath
W12S,0.705,LPath
W12T,0.7814,LPath
W12V,0.7734,LPath
W12Y,0.7583,LPath
L13A,0.4473,Amb
L13C,0.8052,LPath
L13D,0.9908,LPath
L13E,0.9172,LPath
L13F,0.7197,LPath
L13G,0.8204,LPath
L13H,0.9361,LPath
L13I,0.1726,LBen
L13K,0.9442,LPath
L13M,0.2583,LBen
L13N,0.9353,LPath
L13P,0.8828,LPath
L13Q,0.7674,LPath
L13R,0.8847,LPath
L13S,0.847,LPath
L13T,0.6406,LPath
L13V,0.1697,LBen
L13W,0.8722,LPath
L13Y,0.9389,LPath
V14A,0.0717,LBen
V14C,0.5519,Amb
V14D,0.4093,Amb
V14E,0.1673,LBen
V14F,0.3071,LBen
V14G,0.1082,LBen
V14H,0.5292,Amb
V14I,0.0989,LBen
V14K,0.285,LBen
V14L,0.1372,LBen
V14M,0.18,LBen
V14N,0.3182,LBen
V14P,0.4911,Amb
V14Q,0.1862,LBen
V14R,0.2259,LBen
V14S,0.1332,LBen
V14T,0.096,LBen
V14W,0.7731,LPath
V14Y,0.6244,LPath
E15A,0.0858,LBen
E15C,0.6643,LPath
E15D,0.0958,LBen
E15F,0.6043,LPath
E15G,0.0999,LBen
E15H,0.2672,LBen
E15I,0.37,Amb
E15K,0.1661,LBen
E15L,0.2699,LBen
E15M,0.4137,Amb
E15N,0.2026,LBen
E15P,0.5719,LPath
E15Q,0.0877,LBen
E15R,0.1772,LBen
E15S,0.1062,LBen
E15T,0.1296,LBen
E15V,0.2135,LBen
E15W,0.7356,LPath
E15Y,0.4648,Amb
Q16A,0.1893,LBen
Q16C,0.7987,LPath
Q16D,0.8245,LPath
Q16E,0.2026,LBen
Q16F,0.9352,LPath
Q16G,0.2912,LBen
Q16H,0.6799,LPath
Q16I,0.579,LPath
Q16K,0.4615,Amb
Q16L,0.381,Amb
Q16M,0.6045,LPath
Q16N,0.4114,Amb
Q16P,0.561,Amb
Q16R,0.402,Amb
Q16S,0.2508,LBen
Q16T,0.2306,LBen
Q16V,0.3843,Amb
Q16W,0.9529,LPath
Q16Y,0.8491,LPath
C17A,0.27,LBen
C17D,0.978,LPath
C17E,0.978,LPath
C17F,0.7274,LPath
C17G,0.2139,LBen
C17H,0.9609,LPath
C17I,0.6206,LPath
C17K,0.9906,LPath
C17L,0.4722,Amb
C17M,0.7446,LPath
C17N,0.8834,LPath
C17P,0.9659,LPath
C17Q,0.9427,LPath
C17R,0.9536,LPath
C17S,0.3232,LBen
C17T,0.4076,Amb
C17V,0.4224,Amb
C17W,0.941,LPath
C17Y,0.8737,LPath
R18A,0.1427,LBen
R18C,0.1095,LBen
R18D,0.2999,LBen
R18E,0.1435,LBen
R18F,0.2575,LBen
R18G,0.0915,LBen
R18H,0.0789,LBen
R18I,0.1523,LBen
R18K,0.0835,LBen
R18L,0.1061,LBen
R18M,0.1786,LBen
R18N,0.2563,LBen
R18P,0.6293,LPath
R18Q,0.0628,LBen
R18S,0.1551,LBen
R18T,0.1164,LBen
R18V,0.1698,LBen
R18W,0.1194,LBen
R18Y,0.2242,LBen
Q19A,0.1648,LBen
Q19C,0.4898,Amb
Q19D,0.3565,Amb
Q19E,0.1023,LBen
Q19F,0.5122,Amb
Q19G,0.2074,LBen
Q19H,0.1779,LBen
Q19I,0.3101,LBen
Q19K,0.1443,LBen
Q19L,0.0998,LBen
Q19M,0.3146,LBen
Q19N,0.2376,LBen
Q19P,0.468,Amb
Q19R,0.121,LBen
Q19S,0.1758,LBen
Q19T,0.1725,LBen
Q19V,0.2149,LBen
Q19W,0.5411,Amb
Q19Y,0.3627,Amb
L20A,0.3857,Amb
L20C,0.6168,LPath
L20D,0.956,LPath
L20E,0.8026,LPath
L20F,0.4015,Amb
L20G,0.7046,LPath
L20H,0.6626,LPath
L20I,0.1492,LBen
L20K,0.7354,LPath
L20M,0.1013,LBen
L20N,0.7823,LPath
L20P,0.8821,LPath
L20Q,0.4103,Amb
L20R,0.5812,LPath
L20S,0.6042,LPath
L20T,0.3637,Amb
L20V,0.1052,LBen
L20W,0.4982,Amb
L20Y,0.711,LPath
G21A,0.4498,Amb
G21C,0.6231,LPath
G21D,0.5967,LPath
G21E,0.7411,LPath
G21F,0.9197,LPath
G21H,0.7647,LPath
G21I,0.8518,LPath
G21K,0.8613,LPath
G21L,0.8311,LPath
G21M,0.8955,LPath
G21N,0.6411,LPath
G21P,0.978,LPath
G21Q,0.698,LPath
G21R,0.7757,LPath
G21S,0.3334,LBen
G21T,0.7418,LPath
G21V,0.7782,LPath
G21W,0.8818,LPath
G21Y,0.8413,LPath
L22A,0.8002,LPath
L22C,0.7906,LPath
L22D,0.9838,LPath
L22E,0.9206,LPath
L22F,0.2028,LBen
L22G,0.913,LPath
L22H,0.7878,LPath
L22I,0.1049,LBen
L22K,0.8559,LPath
L22M,0.1336,LBen
L22N,0.9038,LPath
L22P,0.9444,LPath
L22Q,0.6875,LPath
L22R,0.777,LPath
L22S,0.8929,LPath
L22T,0.8512,LPath
L22V,0.1873,LBen
L22W,0.45,Amb
L22Y,0.6061,LPath
K23A,0.1613,LBen
K23C,0.3517,Amb
K23D,0.3871,Amb
K23E,0.1381,LBen
K23F,0.4909,Amb
K23G,0.2093,LBen
K23H,0.1583,LBen
K23I,0.1947,LBen
K23L,0.1726,LBen
K23M,0.1711,LBen
K23N,0.2668,LBen
K23P,0.3754,Amb
K23Q,0.0774,LBen
K23R,0.0663,LBen
K23S,0.1847,LBen
K23T,0.0893,LBen
K23V,0.1687,LBen
K23W,0.4834,Amb
K23Y,0.3739,Amb
Q24A,0.1225,LBen
Q24C,0.316,LBen
Q24D,0.2413,LBen
Q24E,0.0766,LBen
Q24F,0.336,LBen
Q24G,0.1705,LBen
Q24H,0.1166,LBen
Q24I,0.2091,LBen
Q24K,0.0805,LBen
Q24L,0.0983,LBen
Q24M,0.2287,LBen
Q24N,0.1698,LBen
Q24P,0.2205,LBen
Q24R,0.0791,LBen
Q24S,0.1295,LBen
Q24T,0.101,LBen
Q24V,0.1437,LBen
Q24W,0.3056,LBen
Q24Y,0.218,LBen
P25A,0.0968,LBen
P25C,0.6799,LPath
P25D,0.9769,LPath
P25E,0.9185,LPath
P25F,0.9502,LPath
P25G,0.5869,LPath
P25H,0.888,LPath
P25I,0.7817,LPath
P25K,0.9366,LPath
P25L,0.4554,Amb
P25M,0.7274,LPath
P25N,0.9376,LPath
P25Q,0.7943,LPath
P25R,0.8478,LPath
P25S,0.4729,Amb
P25T,0.463,Amb
P25V,0.5318,Amb
P25W,0.9807,LPath
P25Y,0.9555,LPath
T26A,0.3533,Amb
T26C,0.8141,LPath
T26D,0.9208,LPath
T26E,0.8833,LPath
T26F,0.7706,LPath
T26G,0.534,Amb
T26H,0.6726,LPath
T26I,0.8799,LPath
T26K,0.7388,LPath
T26L,0.4175,Amb
T26M,0.4108,Amb
T26N,0.5587,Amb
T26P,0.6211,LPath
T26Q,0.696,LPath
T26R,0.6915,LPath
T26S,0.169,LBen
T26V,0.7391,LPath
T26W,0.9438,LPath
T26Y,0.8062,LPath
P27A,0.0578,LBen
P27C,0.4538,Amb
P27D,0.2693,LBen
P27E,0.1495,LBen
P27F,0.492,Amb
P27G,0.2417,LBen
P27H,0.2106,LBen
P27I,0.3027,LBen
P27K,0.2286,LBen
P27L,0.1274,LBen
P27M,0.2768,LBen
P27N,0.306,LBen
P27Q,0.1159,LBen
P27R,0.137,LBen
P27S,0.1062,LBen
P27T,0.1047,LBen
P27V,0.1687,LBen
P27W,0.5981,LPath
P27Y,0.4763,Amb
V28A,0.8701,LPath
V28C,0.9609,LPath
V28D,0.9956,LPath
V28E,0.982,LPath
V28F,0.9276,LPath
V28G,0.8845,LPath
V28H,0.997,LPath
V28I,0.1222,LBen
V28K,0.9932,LPath
V28L,0.8072,LPath
V28M,0.8639,LPath
V28N,0.9843,LPath
V28P,0.9382,LPath
V28Q,0.9782,LPath
V28R,0.9806,LPath
V28S,0.9335,LPath
V28T,0.896,LPath
V28W,0.9981,LPath
V28Y,0.9935,LPath
Q29A,0.7715,LPath
Q29C,0.9911,LPath
Q29D,0.994,LPath
Q29E,0.7009,LPath
Q29F,0.9911,LPath
Q29G,0.8793,LPath
Q29H,0.982,LPath
Q29I,0.9191,LPath
Q29K,0.9758,LPath
Q29L,0.7722,LPath
Q29M,0.825,LPath
Q29N,0.9691,LPath
Q29P,0.9254,LPath
Q29R,0.9696,LPath
Q29S,0.8192,LPath
Q29T,0.8902,LPath
Q29V,0.8856,LPath
Q29W,0.9979,LPath
Q29Y,0.9951,LPath
L30A,0.0606,LBen
L30C,0.1975,LBen
L30D,0.3465,Amb
L30E,0.0869,LBen
L30F,0.1161,LBen
L30G,0.1967,LBen
L30H,0.0995,LBen
L30I,0.0818,LBen
L30K,0.0778,LBen
L30M,0.0814,LBen
L30N,0.1958,LBen
L30P,0.7456,LPath
L30Q,0.0456,LBen
L30R,0.0542,LBen
L30S,0.0954,LBen
L30T,0.0703,LBen
L30V,0.0633,LBen
L30W,0.1659,LBen
L30Y,0.2069,LBen
G31A,0.1006,LBen
G31C,0.1384,LBen
G31D,0.2879,LBen
G31E,0.2153,LBen
G31F,0.4635,Amb
G31H,0.1935,LBen
G31I,0.4295,Amb
G31K,0.3729,Amb
G31L,0.4108,Amb
G31M,0.5316,Amb
G31N,0.2064,LBen
G31P,0.8951,LPath
G31Q,0.2268,LBen
G31R,0.2341,LBen
G31S,0.0955,LBen
G31T,0.2196,LBen
G31V,0.2788,LBen
G31W,0.3977,Amb
G31Y,0.3157,LBen
C32A,0.7956,LPath
C32D,0.9958,LPath
C32E,0.9978,LPath
C32F,0.9355,LPath
C32G,0.6783,LPath
C32H,0.9948,LPath
C32I,0.8773,LPath
C32K,0.9988,LPath
C32L,0.863,LPath
C32M,0.9468,LPath
C32N,0.9804,LPath
C32P,0.9957,LPath
C32Q,0.9943,LPath
C32R,0.9884,LPath
C32S,0.7561,LPath
C32T,0.7976,LPath
C32V,0.6985,LPath
C32W,0.9916,LPath
C32Y,0.9899,LPath
I33A,0.8455,LPath
I33C,0.8984,LPath
I33D,0.9964,LPath
I33E,0.9897,LPath
I33F,0.5282,Amb
I33G,0.9598,LPath
I33H,0.9828,LPath
I33K,0.9856,LPath
I33L,0.1855,LBen
I33M,0.2147,LBen
I33N,0.9497,LPath
I33P,0.9843,LPath
I33Q,0.9732,LPath
I33R,0.9755,LPath
I33S,0.875,LPath
I33T,0.836,LPath
I33V,0.1151,LBen
I33W,0.9768,LPath
I33Y,0.9437,LPath
P34A,0.1798,LBen
P34C,0.7558,LPath
P34D,0.7549,LPath
P34E,0.5001,Amb
P34F,0.8445,LPath
P34G,0.3853,Amb
P34H,0.4119,Amb
P34I,0.7502,LPath
P34K,0.3934,Amb
P34L,0.39,Amb
P34M,0.7332,LPath
P34N,0.6654,LPath
P34Q,0.2875,LBen
P34R,0.2148,LBen
P34S,0.2503,LBen
P34T,0.2565,LBen
P34V,0.5339,Amb
P34W,0.8651,LPath
P34Y,0.8001,LPath
A35C,0.4578,Amb
A35D,0.3744,Amb
A35E,0.23,LBen
A35F,0.4039,Amb
A35G,0.1753,LBen
A35H,0.3825,Amb
A35I,0.3237,LBen
A35K,0.3678,Amb
A35L,0.2459,LBen
A35M,0.3235,LBen
A35N,0.3453,Amb
A35P,0.0918,LBen
A35Q,0.2442,LBen
A35R,0.2973,LBen
A35S,0.1203,LBen
A35T,0.1422,LBen
A35V,0.1383,LBen
A35W,0.7797,LPath
A35Y,0.5056,Amb
I36A,0.5319,Amb
I36C,0.847,LPath
I36D,0.9958,LPath
I36E,0.9916,LPath
I36F,0.7652,LPath
I36G,0.936,LPath
I36H,0.9894,LPath
I36K,0.9932,LPath
I36L,0.2696,LBen
I36M,0.3163,LBen
I36N,0.9576,LPath
I36P,0.9774,LPath
I36Q,0.9823,LPath
I36R,0.9808,LPath
I36S,0.7451,LPath
I36T,0.7652,LPath
I36V,0.1015,LBen
I36W,0.9938,LPath
I36Y,0.981,LPath
L37A,0.5055,Amb
L37C,0.6481,LPath
L37D,0.9699,LPath
L37E,0.7563,LPath
L37F,0.3677,Amb
L37G,0.7657,LPath
L37H,0.6749,LPath
L37I,0.1544,LBen
L37K,0.617,LPath
L37M,0.1528,LBen
L37N,0.8487,LPath
L37P,0.9615,LPath
L37Q,0.3851,Amb
L37R,0.3882,Amb
L37S,0.6857,LPath
L37T,0.4549,Amb
L37V,0.1595,LBen
L37W,0.5588,Amb
L37Y,0.799,LPath
E38A,0.0726,LBen
E38C,0.5468,Amb
E38D,0.1156,LBen
E38F,0.646,LPath
E38G,0.0799,LBen
E38H,0.2326,LBen
E38I,0.429,Amb
E38K,0.1102,LBen
E38L,0.2471,LBen
E38M,0.3895,Amb
E38N,0.2012,LBen
E38P,0.7022,LPath
E38Q,0.0674,LBen
E38R,0.1222,LBen
E38S,0.1055,LBen
E38T,0.1521,LBen
E38V,0.2324,LBen
E38W,0.7264,LPath
E38Y,0.4846,Amb
G39A,0.5914,LPath
G39C,0.7352,LPath
G39D,0.3512,Amb
G39E,0.472,Amb
G39F,0.9554,LPath
G39H,0.7972,LPath
G39I,0.9482,LPath
G39K,0.7526,LPath
G39L,0.913,LPath
G39M,0.9143,LPath
G39N,0.476,Amb
G39P,0.9889,LPath
G39Q,0.6374,LPath
G39R,0.6991,LPath
G39S,0.3353,LBen
G39T,0.7559,LPath
G39V,0.8846,LPath
G39W,0.8922,LPath
G39Y,0.8644,LPath
R40A,0.3564,Amb
R40C,0.178,LBen
R40D,0.58,LPath
R40E,0.2896,LBen
R40F,0.6033,LPath
R40G,0.2089,LBen
R40H,0.1106,LBen
R40I,0.4257,Amb
R40K,0.0945,LBen
R40L,0.287,LBen
R40M,0.3658,Amb
R40N,0.469,Amb
R40P,0.8887,LPath
R40Q,0.0818,LBen
R40S,0.3934,Amb
R40T,0.2955,LBen
R40V,0.4317,Amb
R40W,0.242,LBen
R40Y,0.4361,Amb
D41A,0.9486,LPath
D41C,0.9863,LPath
D41E,0.9671,LPath
D41F,0.9914,LPath
D41G,0.9185,LPath
D41H,0.9565,LPath
D41I,0.9887,LPath
D41K,0.9912,LPath
D41L,0.9894,LPath
D41M,0.9973,LPath
D41N,0.7051,LPath
D41P,0.9899,LPath
D41Q,0.9824,LPath
D41R,0.9833,LPath
D41S,0.8198,LPath
D41T,0.9639,LPath
D41V,0.967,LPath
D41W,0.9965,LPath
D41Y,0.9217,LPath
C42A,0.7238,LPath
C42D,0.997,LPath
C42E,0.9982,LPath
C42F,0.9165,LPath
C42G,0.5997,LPath
C42H,0.9939,LPath
C42I,0.6264,LPath
C42K,0.9988,LPath
C42L,0.7655,LPath
C42M,0.9374,LPath
C42N,0.983,LPath
C42P,0.9963,LPath
C42Q,0.9941,LPath
C42R,0.9833,LPath
C42S,0.7567,LPath
C42T,0.7709,LPath
C42V,0.3601,Amb
C42W,0.9922,LPath
C42Y,0.9798,LPath
L43A,0.708,LPath
L43C,0.7361,LPath
L43D,0.9946,LPath
L43E,0.9401,LPath
L43F,0.336,LBen
L43G,0.9344,LPath
L43H,0.8366,LPath
L43I,0.1669,LBen
L43K,0.856,LPath
L43M,0.1313,LBen
L43N,0.9715,LPath
L43P,0.9694,LPath
L43Q,0.6902,LPath
L43R,0.7238,LPath
L43S,0.8885,LPath
L43T,0.744,LPath
L43V,0.157,LBen
L43W,0.6086,LPath
L43Y,0.8045,LPath
G44A,0.3105,LBen
G44C,0.7649,LPath
G44D,0.9887,LPath
G44E,0.9921,LPath
G44F,0.9854,LPath
G44H,0.9952,LPath
G44I,0.8986,LPath
G44K,0.997,LPath
G44L,0.9262,LPath
G44M,0.9816,LPath
G44N,0.9914,LPath
G44P,0.9939,LPath
G44Q,0.9895,LPath
G44R,0.9811,LPath
G44S,0.7181,LPath
G44T,0.9115,LPath
G44V,0.8063,LPath
G44W,0.9902,LPath
G44Y,0.9878,LPath
C45A,0.5664,LPath
C45D,0.9751,LPath
C45E,0.9741,LPath
C45F,0.6087,LPath
C45G,0.3859,Amb
C45H,0.9196,LPath
C45I,0.7448,LPath
C45K,0.9647,LPath
C45L,0.7046,LPath
C45M,0.8052,LPath
C45N,0.8681,LPath
C45P,0.9937,LPath
C45Q,0.8913,LPath
C45R,0.7884,LPath
C45S,0.5183,Amb
C45T,0.7358,LPath
C45V,0.5989,LPath
C45W,0.8683,LPath
C45Y,0.8124,LPath
A46C,0.8822,LPath
A46D,0.9047,LPath
A46E,0.9533,LPath
A46F,0.9752,LPath
A46G,0.5561,Amb
A46H,0.9586,LPath
A46I,0.9943,LPath
A46K,0.9914,LPath
A46L,0.9393,LPath
A46M,0.9739,LPath
A46N,0.95,LPath
A46P,0.9891,LPath
A46Q,0.9063,LPath
A46R,0.9405,LPath
A46S,0.187,LBen
A46T,0.8672,LPath
A46V,0.9694,LPath
A46W,0.9911,LPath
A46Y,0.982,LPath
K47A,0.6084,LPath
K47C,0.8596,LPath
K47D,0.9622,LPath
K47E,0.5464,Amb
K47F,0.9778,LPath
K47G,0.7766,LPath
K47H,0.7032,LPath
K47I,0.84,LPath
K47L,0.769,LPath
K47M,0.6083,LPath
K47N,0.904,LPath
K47P,0.6596,LPath
K47Q,0.1913,LBen
K47R,0.0939,LBen
K47S,0.8007,LPath
K47T,0.5761,LPath
K47V,0.7054,LPath
K47W,0.9679,LPath
K47Y,0.9561,LPath
T48A,0.9817,LPath
T48C,0.9988,LPath
T48D,0.9932,LPath
T48E,0.9844,LPath
T48F,0.9965,LPath
T48G,0.9791,LPath
T48H,0.994,LPath
T48I,0.9949,LPath
T48K,0.9923,LPath
T48L,0.9878,LPath
T48M,0.9833,LPath
T48N,0.9806,LPath
T48P,0.9462,LPath
T48Q,0.9948,LPath
T48R,0.9883,LPath
T48S,0.9805,LPath
T48V,0.9843,LPath
T48W,0.9982,LPath
T48Y,0.9957,LPath
G49A,0.9818,LPath
G49C,0.9936,LPath
G49D,0.9977,LPath
G49E,0.9984,LPath
G49F,0.9988,LPath
G49H,0.9996,LPath
G49I,0.9975,LPath
G49K,0.9994,LPath
G49L,0.9971,LPath
G49M,0.9994,LPath
G49N,0.9989,LPath
G49P,0.9975,LPath
G49Q,0.9989,LPath
G49R,0.9959,LPath
G49S,0.9663,LPath
G49T,0.9935,LPath
G49V,0.9924,LPath
G49W,0.9984,LPath
G49Y,0.9992,LPath
S50A,0.6812,LPath
S50C,0.6913,LPath
S50D,0.9895,LPath
S50E,0.9815,LPath
S50F,0.9669,LPath
S50G,0.7142,LPath
S50H,0.9746,LPath
S50I,0.9687,LPath
S50K,0.9971,LPath
S50L,0.9185,LPath
S50M,0.9045,LPath
S50N,0.947,LPath
S50P,0.9964,LPath
S50Q,0.9769,LPath
S50R,0.9927,LPath
S50T,0.312,LBen
S50V,0.9497,LPath
S50W,0.9412,LPath
S50Y,0.9626,LPath
G51A,0.9862,LPath
G51C,0.9848,LPath
G51D,0.9981,LPath
G51E,0.998,LPath
G51F,0.9984,LPath
G51H,0.9993,LPath
G51I,0.9986,LPath
G51K,0.9989,LPath
G51L,0.9953,LPath
G51M,0.9987,LPath
G51N,0.9985,LPath
G51P,0.9995,LPath
G51Q,0.997,LPath
G51R,0.993,LPath
G51S,0.9664,LPath
G51T,0.995,LPath
G51V,0.9963,LPath
G51W,0.9969,LPath
G51Y,0.9988,LPath
K52A,0.9989,LPath
K52C,0.9995,LPath
K52D,0.9974,LPath
K52E,0.9935,LPath
K52F,0.9997,LPath
K52G,0.9986,LPath
K52H,0.9976,LPath
K52I,0.9983,LPath
K52L,0.9993,LPath
K52M,0.9974,LPath
K52N,0.9968,LPath
K52P,0.9986,LPath
K52Q,0.9965,LPath
K52R,0.8596,LPath
K52S,0.999,LPath
K52T,0.994,LPath
K52V,0.9989,LPath
K52W,0.9998,LPath
K52Y,0.9991,LPath
T53A,0.9884,LPath
T53C,0.9985,LPath
T53D,0.9965,LPath
T53E,0.9954,LPath
T53F,0.9985,LPath
T53G,0.9883,LPath
T53H,0.9951,LPath
T53I,0.9954,LPath
T53K,0.9918,LPath
T53L,0.9865,LPath
T53M,0.9679,LPath
T53N,0.9921,LPath
T53P,0.9814,LPath
T53Q,0.9952,LPath
T53R,0.9918,LPath
T53S,0.9651,LPath
T53V,0.9882,LPath
T53W,0.9992,LPath
T53Y,0.9981,LPath
A54C,0.7146,LPath
A54D,0.9923,LPath
A54E,0.9847,LPath
A54F,0.6747,LPath
A54G,0.3283,LBen
A54H,0.9751,LPath
A54I,0.6368,LPath
A54K,0.9927,LPath
A54L,0.3316,LBen
A54M,0.4678,Amb
A54N,0.9569,LPath
A54P,0.9705,LPath
A54Q,0.9368,LPath
A54R,0.9694,LPath
A54S,0.3447,Amb
A54T,0.4512,Amb
A54V,0.378,Amb
A54W,0.965,LPath
A54Y,0.9217,LPath
A55C,0.7636,LPath
A55D,0.9957,LPath
A55E,0.9943,LPath
A55F,0.9895,LPath
A55G,0.4839,Amb
A55H,0.9957,LPath
A55I,0.9087,LPath
A55K,0.9987,LPath
A55L,0.8433,LPath
A55M,0.9204,LPath
A55N,0.9787,LPath
A55P,0.9815,LPath
A55Q,0.9828,LPath
A55R,0.9898,LPath
A55S,0.2077,LBen
A55T,0.3885,Amb
A55V,0.6072,LPath
A55W,0.9991,LPath
A55Y,0.9967,LPath
F56A,0.9906,LPath
F56C,0.9801,LPath
F56D,0.9994,LPath
F56E,0.9993,LPath
F56G,0.9959,LPath
F56H,0.9939,LPath
F56I,0.975,LPath
F56K,0.9993,LPath
F56L,0.9974,LPath
F56M,0.9817,LPath
F56N,0.9978,LPath
F56P,0.9996,LPath
F56Q,0.9983,LPath
F56R,0.9966,LPath
F56S,0.9908,LPath
F56T,0.9955,LPath
F56V,0.9496,LPath
F56W,0.9246,LPath
F56Y,0.7244,LPath
V57A,0.2902,LBen
V57C,0.8023,LPath
V57D,0.9862,LPath
V57E,0.9765,LPath
V57F,0.8171,LPath
V57G,0.5004,Amb
V57H,0.9892,LPath
V57I,0.1434,LBen
V57K,0.9891,LPath
V57L,0.5319,Amb
V57M,0.6272,LPath
V57N,0.9476,LPath
V57P,0.974,LPath
V57Q,0.9512,LPath
V57R,0.9682,LPath
V57S,0.4951,Amb
V57T,0.5529,Amb
V57W,0.996,LPath
V57Y,0.9846,LPath
L58A,0.8613,LPath
L58C,0.9014,LPath
L58D,0.9992,LPath
L58E,0.9937,LPath
L58F,0.5176,Amb
L58G,0.9652,LPath
L58H,0.981,LPath
L58I,0.2443,LBen
L58K,0.9918,LPath
L58M,0.3556,Amb
L58N,0.9921,LPath
L58P,0.9678,LPath
L58Q,0.9649,LPath
L58R,0.9802,LPath
L58S,0.9633,LPath
L58T,0.9173,LPath
L58V,0.3155,LBen
L58W,0.8941,LPath
L58Y,0.9462,LPath
P59A,0.7522,LPath
P59C,0.9854,LPath
P59D,0.9966,LPath
P59E,0.9948,LPath
P59F,0.9982,LPath
P59G,0.9179,LPath
P59H,0.9904,LPath
P59I,0.9918,LPath
P59K,0.9975,LPath
P59L,0.9356,LPath
P59M,0.9936,LPath
P59N,0.9945,LPath
P59Q,0.9865,LPath
P59R,0.9896,LPath
P59S,0.909,LPath
P59T,0.9306,LPath
P59V,0.9594,LPath
P59W,0.999,LPath
P59Y,0.998,LPath
I60A,0.7102,LPath
I60C,0.8722,LPath
I60D,0.9978,LPath
I60E,0.9942,LPath
I60F,0.7954,LPath
I60G,0.9643,LPath
I60H,0.9931,LPath
I60K,0.9951,LPath
I60L,0.2321,LBen
I60M,0.2768,LBen
I60N,0.9739,LPath
I60P,0.9639,LPath
I60Q,0.9869,LPath
I60R,0.9908,LPath
I60S,0.8595,LPath
I60T,0.794,LPath
I60V,0.0711,LBen
I60W,0.996,LPath
I60Y,0.9889,LPath
L61A,0.8572,LPath
L61C,0.8432,LPath
L61D,0.9994,LPath
L61E,0.9914,LPath
L61F,0.8131,LPath
L61G,0.9793,LPath
L61H,0.9881,LPath
L61I,0.1521,LBen
L61K,0.9942,LPath
L61M,0.3553,Amb
L61N,0.9926,LPath
L61P,0.9933,LPath
L61Q,0.9593,LPath
L61R,0.9822,LPath
L61S,0.9645,LPath
L61T,0.8415,LPath
L61V,0.1624,LBen
L61W,0.9724,LPath
L61Y,0.9858,LPath
Q62A,0.6161,LPath
Q62C,0.9187,LPath
Q62D,0.7686,LPath
Q62E,0.1667,LBen
Q62F,0.9635,LPath
Q62G,0.5459,Amb
Q62H,0.4426,Amb
Q62I,0.9532,LPath
Q62K,0.7141,LPath
Q62L,0.714,LPath
Q62M,0.8194,LPath
Q62N,0.5105,Amb
Q62P,0.9388,LPath
Q62R,0.6092,LPath
Q62S,0.5046,Amb
Q62T,0.7057,LPath
Q62V,0.8466,LPath
Q62W,0.9319,LPath
Q62Y,0.9079,LPath
K63A,0.2394,LBen
K63C,0.4067,Amb
K63D,0.7055,LPath
K63E,0.2198,LBen
K63F,0.636,LPath
K63G,0.4486,Amb
K63H,0.2165,LBen
K63I,0.2042,LBen
K63L,0.1824,LBen
K63M,0.136,LBen
K63N,0.4107,Amb
K63P,0.9444,LPath
K63Q,0.0937,LBen
K63R,0.0821,LBen
K63S,0.3564,Amb
K63T,0.1241,LBen
K63V,0.1677,LBen
K63W,0.6922,LPath
K63Y,0.5083,Amb
L64A,0.9045,LPath
L64C,0.8897,LPath
L64D,0.998,LPath
L64E,0.9892,LPath
L64F,0.6792,LPath
L64G,0.9744,LPath
L64H,0.9568,LPath
L64I,0.391,Amb
L64K,0.9812,LPath
L64M,0.4638,Amb
L64N,0.9867,LPath
L64P,0.9879,LPath
L64Q,0.9459,LPath
L64R,0.939,LPath
L64S,0.9801,LPath
L64T,0.9409,LPath
L64V,0.4373,Amb
L64W,0.7346,LPath
L64Y,0.8946,LPath
S65A,0.0854,LBen
S65C,0.1195,LBen
S65D,0.9122,LPath
S65E,0.8889,LPath
S65F,0.619,LPath
S65G,0.1234,LBen
S65H,0.7593,LPath
S65I,0.635,LPath
S65K,0.9665,LPath
S65L,0.3202,LBen
S65M,0.4828,Amb
S65N,0.6536,LPath
S65P,0.9197,LPath
S65Q,0.7988,LPath
S65R,0.9192,LPath
S65T,0.283,LBen
S65V,0.507,Amb
S65W,0.6312,LPath
S65Y,0.5799,LPath
E66A,0.1517,LBen
E66C,0.7591,LPath
E66D,0.1887,LBen
E66F,0.8027,LPath
E66G,0.2237,LBen
E66H,0.4263,Amb
E66I,0.3751,Amb
E66K,0.1445,LBen
E66L,0.3754,Amb
E66M,0.4453,Amb
E66N,0.3956,Amb
E66P,0.9018,LPath
E66Q,0.1118,LBen
E66R,0.2036,LBen
E66S,0.2609,LBen
E66T,0.2508,LBen
E66V,0.2083,LBen
E66W,0.89,LPath
E66Y,0.6882,LPath
D67A,0.6811,LPath
D67C,0.9457,LPath
D67E,0.5647,LPath
D67F,0.9093,LPath
D67G,0.8095,LPath
D67H,0.807,LPath
D67I,0.8375,LPath
D67K,0.9013,LPath
D67L,0.8448,LPath
D67M,0.9179,LPath
D67N,0.4538,Amb
D67P,0.9801,LPath
D67Q,0.8229,LPath
D67R,0.8942,LPath
D67S,0.6273,LPath
D67T,0.7921,LPath
D67V,0.661,LPath
D67W,0.9792,LPath
D67Y,0.6231,LPath
P68A,0.4096,Amb
P68C,0.8486,LPath
P68D,0.9629,LPath
P68E,0.9125,LPath
P68F,0.9554,LPath
P68G,0.854,LPath
P68H,0.7866,LPath
P68I,0.8067,LPath
P68K,0.918,LPath
P68L,0.6553,LPath
P68M,0.8645,LPath
P68N,0.9114,LPath
P68Q,0.7313,LPath
P68R,0.6519,LPath
P68S,0.6128,LPath
P68T,0.5244,Amb
P68V,0.6952,LPath
P68W,0.9702,LPath
P68Y,0.9469,LPath
Y69A,0.5279,Amb
Y69C,0.1274,LBen
Y69D,0.7069,LPath
Y69E,0.8869,LPath
Y69F,0.0763,LBen
Y69G,0.4966,Amb
Y69H,0.3832,Amb
Y69I,0.7586,LPath
Y69K,0.9092,LPath
Y69L,0.6935,LPath
Y69M,0.7172,LPath
Y69N,0.5119,Amb
Y69P,0.9374,LPath
Y69Q,0.7346,LPath
Y69R,0.7257,LPath
Y69S,0.2735,LBen
Y69T,0.5373,Amb
Y69V,0.505,Amb
Y69W,0.319,LBen
G70A,0.6052,LPath
G70C,0.8232,LPath
G70D,0.9661,LPath
G70E,0.9738,LPath
G70F,0.988,LPath
G70H,0.9752,LPath
G70I,0.9783,LPath
G70K,0.9896,LPath
G70L,0.9744,LPath
G70M,0.9852,LPath
G70N,0.9429,LPath
G70P,0.9876,LPath
G70Q,0.954,LPath
G70R,0.9466,LPath
G70S,0.5012,Amb
G70T,0.888,LPath
G70V,0.9459,LPath
G70W,0.9761,LPath
G70Y,0.9798,LPath
I71A,0.8357,LPath
I71C,0.8231,LPath
I71D,0.98,LPath
I71E,0.98,LPath
I71F,0.4874,Amb
I71G,0.9421,LPath
I71H,0.9511,LPath
I71K,0.9766,LPath
I71L,0.204,LBen
I71M,0.293,LBen
I71N,0.7601,LPath
I71P,0.793,LPath
I71Q,0.9608,LPath
I71R,0.9537,LPath
I71S,0.7942,LPath
I71T,0.7864,LPath
I71V,0.1076,LBen
I71W,0.9643,LPath
I71Y,0.8851,LPath
F72A,0.8681,LPath
F72C,0.5048,Amb
F72D,0.9852,LPath
F72E,0.9913,LPath
F72G,0.9372,LPath
F72H,0.7998,LPath
F72I,0.8236,LPath
F72K,0.993,LPath
F72L,0.9725,LPath
F72M,0.9398,LPath
F72N,0.9335,LPath
F72P,0.9958,LPath
F72Q,0.9687,LPath
F72R,0.955,LPath
F72S,0.7523,LPath
F72T,0.9222,LPath
F72V,0.7391,LPath
F72W,0.7696,LPath
F72Y,0.2352,LBen
C73A,0.3958,Amb
C73D,0.997,LPath
C73E,0.9991,LPath
C73F,0.933,LPath
C73G,0.2645,LBen
C73H,0.9938,LPath
C73I,0.9564,LPath
C73K,0.9996,LPath
C73L,0.9132,LPath
C73M,0.9742,LPath
C73N,0.9856,LPath
C73P,0.9941,LPath
C73Q,0.9955,LPath
C73R,0.994,LPath
C73S,0.368,Amb
C73T,0.7344,LPath
C73V,0.8322,LPath
C73W,0.9945,LPath
C73Y,0.9869,LPath
L74A,0.7456,LPath
L74C,0.7465,LPath
L74D,0.9994,LPath
L74E,0.9942,LPath
L74F,0.7576,LPath
L74G,0.9737,LPath
L74H,0.9896,LPath
L74I,0.1514,LBen
L74K,0.9956,LPath
L74M,0.2918,LBen
L74N,0.9954,LPath
L74P,0.9918,LPath
L74Q,0.9703,LPath
L74R,0.9845,LPath
L74S,0.9634,LPath
L74T,0.8376,LPath
L74V,0.1035,LBen
L74W,0.971,LPath
L74Y,0.9845,LPath
V75A,0.8079,LPath
V75C,0.926,LPath
V75D,0.9958,LPath
V75E,0.9908,LPath
V75F,0.9234,LPath
V75G,0.8977,LPath
V75H,0.9965,LPath
V75I,0.1049,LBen
V75K,0.9959,LPath
V75L,0.669,LPath
V75M,0.8095,LPath
V75N,0.9842,LPath
V75P,0.9877,LPath
V75Q,0.9871,LPath
V75R,0.9909,LPath
V75S,0.8984,LPath
V75T,0.866,LPath
V75W,0.9984,LPath
V75Y,0.9943,LPath
L76A,0.9367,LPath
L76C,0.9059,LPath
L76D,0.9995,LPath
L76E,0.9962,LPath
L76F,0.8072,LPath
L76G,0.9935,LPath
L76H,0.9948,LPath
L76I,0.179,LBen
L76K,0.9964,LPath
L76M,0.3062,LBen
L76N,0.997,LPath
L76P,0.9945,LPath
L76Q,0.983,LPath
L76R,0.9915,LPath
L76S,0.9898,LPath
L76T,0.9599,LPath
L76V,0.1904,LBen
L76W,0.9853,LPath
L76Y,0.9903,LPath
T77A,0.2547,LBen
T77C,0.6047,LPath
T77D,0.9961,LPath
T77E,0.9836,LPath
T77F,0.9818,LPath
T77G,0.8476,LPath
T77H,0.979,LPath
T77I,0.898,LPath
T77K,0.9919,LPath
T77L,0.6764,LPath
T77M,0.6753,LPath
T77N,0.9408,LPath
T77P,0.8056,LPath
T77Q,0.9669,LPath
T77R,0.9806,LPath
T77S,0.4646,Amb
T77V,0.6267,LPath
T77W,0.9984,LPath
T77Y,0.9922,LPath
P78A,0.8672,LPath
P78C,0.995,LPath
P78D,0.9978,LPath
P78E,0.9952,LPath
P78F,0.9994,LPath
P78G,0.979,LPath
P78H,0.9925,LPath
P78I,0.9981,LPath
P78K,0.9982,LPath
P78L,0.979,LPath
P78M,0.998,LPath
P78N,0.9973,LPath
P78Q,0.9913,LPath
P78R,0.9868,LPath
P78S,0.9607,LPath
P78T,0.9768,LPath
P78V,0.9888,LPath
P78W,0.9996,LPath
P78Y,0.9992,LPath
T79A,0.6755,LPath
T79C,0.9669,LPath
T79D,0.9917,LPath
T79E,0.9763,LPath
T79F,0.986,LPath
T79G,0.8684,LPath
T79H,0.9819,LPath
T79I,0.983,LPath
T79K,0.9825,LPath
T79L,0.911,LPath
T79M,0.9125,LPath
T79N,0.9448,LPath
T79P,0.909,LPath
T79Q,0.9567,LPath
T79R,0.9614,LPath
T79S,0.7186,LPath
T79V,0.9039,LPath
T79W,0.9972,LPath
T79Y,0.9919,LPath
R80A,0.9982,LPath
R80C,0.9957,LPath
R80D,0.998,LPath
R80E,0.9891,LPath
R80F,0.9994,LPath
R80G,0.9947,LPath
R80H,0.9776,LPath
R80I,0.9994,LPath
R80K,0.984,LPath
R80L,0.997,LPath
R80M,0.9996,LPath
R80N,0.999,LPath
R80P,0.9979,LPath
R80Q,0.9888,LPath
R80S,0.9979,LPath
R80T,0.9984,LPath
R80V,0.9982,LPath
R80W,0.9848,LPath
R80Y,0.998,LPath
E81A,0.9942,LPath
E81C,0.9978,LPath
E81D,0.9965,LPath
E81F,0.9997,LPath
E81G,0.9934,LPath
E81H,0.9985,LPath
E81I,0.9988,LPath
E81K,0.9977,LPath
E81L,0.9993,LPath
E81M,0.9993,LPath
E81N,0.999,LPath
E81P,0.9979,LPath
E81Q,0.9861,LPath
E81R,0.9957,LPath
E81S,0.9961,LPath
E81T,0.9987,LPath
E81V,0.9969,LPath
E81W,0.9998,LPath
E81Y,0.9993,LPath
L82A,0.9865,LPath
L82C,0.9978,LPath
L82D,0.9995,LPath
L82E,0.996,LPath
L82F,0.9957,LPath
L82G,0.9924,LPath
L82H,0.9982,LPath
L82I,0.9602,LPath
L82K,0.9926,LPath
L82M,0.9354,LPath
L82N,0.9953,LPath
L82P,0.9994,LPath
L82Q,0.9978,LPath
L82R,0.9906,LPath
L82S,0.9986,LPath
L82T,0.9905,LPath
L82V,0.9668,LPath
L82W,0.9971,LPath
L82Y,0.9977,LPath
A83C,0.8848,LPath
A83D,0.9965,LPath
A83E,0.9966,LPath
A83F,0.9956,LPath
A83G,0.4373,Amb
A83H,0.9968,LPath
A83I,0.9915,LPath
A83K,0.9991,LPath
A83L,0.9487,LPath
A83M,0.9885,LPath
A83N,0.9892,LPath
A83P,0.9781,LPath
A83Q,0.9862,LPath
A83R,0.9908,LPath
A83S,0.3888,Amb
A83T,0.9264,LPath
A83V,0.9583,LPath
A83W,0.9992,LPath
A83Y,0.9974,LPath
Y84A,0.7873,LPath
Y84C,0.2506,LBen
Y84D,0.9237,LPath
Y84E,0.9738,LPath
Y84F,0.0944,LBen
Y84G,0.7683,LPath
Y84H,0.6947,LPath
Y84I,0.7564,LPath
Y84K,0.9833,LPath
Y84L,0.6542,LPath
Y84M,0.7611,LPath
Y84N,0.7424,LPath
Y84P,0.9927,LPath
Y84Q,0.9357,LPath
Y84R,0.9467,LPath
Y84S,0.5525,Amb
Y84T,0.7892,LPath
Y84V,0.5525,Amb
Y84W,0.3791,Amb
Q85A,0.9528,LPath
Q85C,0.9995,LPath
Q85D,0.9964,LPath
Q85E,0.915,LPath
Q85F,0.9986,LPath
Q85G,0.9123,LPath
Q85H,0.998,LPath
Q85I,0.9925,LPath
Q85K,0.9852,LPath
Q85L,0.9651,LPath
Q85M,0.9805,LPath
Q85N,0.9861,LPath
Q85P,0.9825,LPath
Q85R,0.9828,LPath
Q85S,0.9252,LPath
Q85T,0.9651,LPath
Q85V,0.986,LPath
Q85W,0.9996,LPath
Q85Y,0.9993,LPath
I86A,0.9206,LPath
I86C,0.9906,LPath
I86D,0.9974,LPath
I86E,0.9902,LPath
I86F,0.968,LPath
I86G,0.9902,LPath
I86H,0.9972,LPath
I86K,0.9924,LPath
I86L,0.4088,Amb
I86M,0.4415,Amb
I86N,0.9765,LPath
I86P,0.9957,LPath
I86Q,0.9911,LPath
I86R,0.9913,LPath
I86S,0.9651,LPath
I86T,0.8073,LPath
I86V,0.3552,Amb
I86W,0.9979,LPath
I86Y,0.9957,LPath
A87C,0.6674,LPath
A87D,0.9453,LPath
A87E,0.8961,LPath
A87F,0.8697,LPath
A87G,0.132,LBen
A87H,0.8658,LPath
A87I,0.9402,LPath
A87K,0.9545,LPath
A87L,0.8027,LPath
A87M,0.7942,LPath
A87N,0.8255,LPath
A87P,0.9941,LPath
A87Q,0.7138,LPath
A87R,0.8589,LPath
A87S,0.0984,LBen
A87T,0.4675,Amb
A87V,0.7443,LPath
A87W,0.9674,LPath
A87Y,0.921,LPath
E88A,0.8675,LPath
E88C,0.9918,LPath
E88D,0.5815,LPath
E88F,0.9974,LPath
E88G,0.7521,LPath
E88H,0.9877,LPath
E88I,0.9938,LPath
E88K,0.9658,LPath
E88L,0.9837,LPath
E88M,0.9884,LPath
E88N,0.9633,LPath
E88P,0.9967,LPath
E88Q,0.7897,LPath
E88R,0.9537,LPath
E88S,0.8447,LPath
E88T,0.958,LPath
E88V,0.9701,LPath
E88W,0.9978,LPath
E88Y,0.9935,LPath
Q89A,0.608,LPath
Q89C,0.964,LPath
Q89D,0.9549,LPath
Q89E,0.4683,Amb
Q89F,0.9619,LPath
Q89G,0.7101,LPath
Q89H,0.8368,LPath
Q89I,0.8379,LPath
Q89K,0.8729,LPath
Q89L,0.7737,LPath
Q89M,0.7344,LPath
Q89N,0.5844,LPath
Q89P,0.8735,LPath
Q89R,0.87,LPath
Q89S,0.4463,Amb
Q89T,0.4367,Amb
Q89V,0.7064,LPath
Q89W,0.9822,LPath
Q89Y,0.9384,LPath
F90A,0.9677,LPath
F90C,0.7387,LPath
F90D,0.9988,LPath
F90E,0.9985,LPath
F90G,0.9848,LPath
F90H,0.9887,LPath
F90I,0.7371,LPath
F90K,0.9991,LPath
F90L,0.9791,LPath
F90M,0.8563,LPath
F90N,0.9928,LPath
F90P,0.9998,LPath
F90Q,0.9952,LPath
F90R,0.997,LPath
F90S,0.9717,LPath
F90T,0.9645,LPath
F90V,0.6722,LPath
F90W,0.903,LPath
F90Y,0.7558,LPath
R91A,0.747,LPath
R91C,0.3506,Amb
R91D,0.9416,LPath
R91E,0.7466,LPath
R91F,0.925,LPath
R91G,0.5746,LPath
R91H,0.2027,LBen
R91I,0.8345,LPath
R91K,0.2462,LBen
R91L,0.6412,LPath
R91M,0.8121,LPath
R91N,0.8963,LPath
R91P,0.9819,LPath
R91Q,0.173,LBen
R91S,0.7924,LPath
R91T,0.7265,LPath
R91V,0.8216,LPath
R91W,0.5079,Amb
R91Y,0.8296,LPath
V92A,0.4428,Amb
V92C,0.8318,LPath
V92D,0.9732,LPath
V92E,0.9573,LPath
V92F,0.5895,LPath
V92G,0.5551,Amb
V92H,0.9673,LPath
V92I,0.1601,LBen
V92K,0.9698,LPath
V92L,0.6523,LPath
V92M,0.5996,LPath
V92N,0.8934,LPath
V92P,0.9639,LPath
V92Q,0.9128,LPath
V92R,0.9267,LPath
V92S,0.6275,LPath
V92T,0.7164,LPath
V92W,0.9847,LPath
V92Y,0.9149,LPath
L93A,0.6985,LPath
L93C,0.8429,LPath
L93D,0.9965,LPath
L93E,0.9794,LPath
L93F,0.2197,LBen
L93G,0.9381,LPath
L93H,0.9295,LPath
L93I,0.2044,LBen
L93K,0.9746,LPath
L93M,0.2033,LBen
L93N,0.9804,LPath
L93P,0.9615,LPath
L93Q,0.8892,LPath
L93R,0.9373,LPath
L93S,0.9082,LPath
L93T,0.7458,LPath
L93V,0.2576,LBen
L93W,0.5623,Amb
L93Y,0.82,LPath
G94A,0.6525,LPath
G94C,0.9085,LPath
G94D,0.9905,LPath
G94E,0.9897,LPath
G94F,0.9966,LPath
G94H,0.9969,LPath
G94I,0.9921,LPath
G94K,0.9968,LPath
G94L,0.9848,LPath
G94M,0.9937,LPath
G94N,0.9922,LPath
G94P,0.9981,LPath
G94Q,0.9871,LPath
G94R,0.9854,LPath
G94S,0.6563,LPath
G94T,0.9481,LPath
G94V,0.9773,LPath
G94W,0.9902,LPath
G94Y,0.9961,LPath
K95A,0.7306,LPath
K95C,0.8448,LPath
K95D,0.9748,LPath
K95E,0.7689,LPath
K95F,0.9452,LPath
K95G,0.7423,LPath
K95H,0.5825,LPath
K95I,0.7897,LPath
K95L,0.6906,LPath
K95M,0.5756,LPath
K95N,0.8762,LPath
K95P,0.9638,LPath
K95Q,0.2356,LBen
K95R,0.1043,LBen
K95S,0.78,LPath
K95T,0.6089,LPath
K95V,0.7193,LPath
K95W,0.931,LPath
K95Y,0.8868,LPath
P96A,0.1599,LBen
P96C,0.6617,LPath
P96D,0.7973,LPath
P96E,0.6883,LPath
P96F,0.7485,LPath
P96G,0.3983,Amb
P96H,0.4106,Amb
P96I,0.5886,LPath
P96K,0.6664,LPath
P96L,0.322,LBen
P96M,0.5679,LPath
P96N,0.5827,LPath
P96Q,0.368,Amb
P96R,0.4319,Amb
P96S,0.2402,LBen
P96T,0.2173,LBen
P96V,0.375,Amb
P96W,0.8336,LPath
P96Y,0.6763,LPath
L97A,0.3635,Amb
L97C,0.6242,LPath
L97D,0.9619,LPath
L97E,0.7969,LPath
L97F,0.2387,LBen
L97G,0.7641,LPath
L97H,0.6344,LPath
L97I,0.1164,LBen
L97K,0.7358,LPath
L97M,0.1251,LBen
L97N,0.8358,LPath
L97P,0.7621,LPath
L97Q,0.4031,Amb
L97R,0.5571,Amb
L97S,0.585,LPath
L97T,0.4107,Amb
L97V,0.1187,LBen
L97W,0.4884,Amb
L97Y,0.6923,LPath
G98A,0.242,LBen
G98C,0.2819,LBen
G98D,0.6316,LPath
G98E,0.6844,LPath
G98F,0.8153,LPath
G98H,0.5941,LPath
G98I,0.7473,LPath
G98K,0.8085,LPath
G98L,0.6486,LPath
G98M,0.7215,LPath
G98N,0.4349,Amb
G98P,0.9603,LPath
G98Q,0.4998,Amb
G98R,0.6022,LPath
G98S,0.1718,LBen
G98T,0.4898,Amb
G98V,0.5723,LPath
G98W,0.7372,LPath
G98Y,0.6898,LPath
L99A,0.8043,LPath
L99C,0.7447,LPath
L99D,0.9982,LPath
L99E,0.9856,LPath
L99F,0.6834,LPath
L99G,0.9585,LPath
L99H,0.9796,LPath
L99I,0.1466,LBen
L99K,0.9843,LPath
L99M,0.2791,LBen
L99N,0.9827,LPath
L99P,0.9584,LPath
L99Q,0.9273,LPath
L99R,0.9612,LPath
L99S,0.9567,LPath
L99T,0.8584,LPath
L99V,0.1363,LBen
L99W,0.9437,LPath
L99Y,0.9724,LPath
K100A,0.7205,LPath
K100C,0.769,LPath
K100D,0.907,LPath
K100E,0.5383,Amb
K100F,0.9577,LPath
K100G,0.7555,LPath
K100H,0.4118,Amb
K100I,0.8126,LPath
K100L,0.7145,LPath
K100M,0.633,LPath
K100N,0.8234,LPath
K100P,0.9589,LPath
K100Q,0.1988,LBen
K100R,0.0666,LBen
K100S,0.7626,LPath
K100T,0.4921,Amb
K100V,0.7113,LPath
K100W,0.8457,LPath
K100Y,0.8835,LPath
D101A,0.5539,Amb
D101C,0.8402,LPath
D101E,0.4618,Amb
D101F,0.9365,LPath
D101G,0.6442,LPath
D101H,0.8144,LPath
D101I,0.7592,LPath
D101K,0.9492,LPath
D101L,0.8384,LPath
D101M,0.9331,LPath
D101N,0.45,Amb
D101P,0.9713,LPath
D101Q,0.8316,LPath
D101R,0.9535,LPath
D101S,0.4529,Amb
D101T,0.6051,LPath
D101V,0.5024,Amb
D101W,0.9878,LPath
D101Y,0.6644,LPath
C102A,0.274,LBen
C102D,0.9214,LPath
C102E,0.9477,LPath
C102F,0.6981,LPath
C102G,0.2132,LBen
C102H,0.8674,LPath
C102I,0.6644,LPath
C102K,0.9615,LPath
C102L,0.7153,LPath
C102M,0.7864,LPath
C102N,0.7379,LPath
C102P,0.9941,LPath
C102Q,0.8511,LPath
C102R,0.7823,LPath
C102S,0.2043,LBen
C102T,0.2925,LBen
C102V,0.4416,Amb
C102W,0.9254,LPath
C102Y,0.8277,LPath
I103A,0.7394,LPath
I103C,0.7794,LPath
I103D,0.9773,LPath
I103E,0.9589,LPath
I103F,0.6299,LPath
I103G,0.9382,LPath
I103H,0.9338,LPath
I103K,0.9271,LPath
I103L,0.1627,LBen
I103M,0.2531,LBen
I103N,0.8007,LPath
I103P,0.9233,LPath
I103Q,0.9123,LPath
I103R,0.8845,LPath
I103S,0.7457,LPath
I103T,0.5441,Amb
I103V,0.0691,LBen
I103W,0.9769,LPath
I103Y,0.9293,LPath
I104A,0.7507,LPath
I104C,0.9406,LPath
I104D,0.9991,LPath
I104E,0.997,LPath
I104F,0.9182,LPath
I104G,0.9866,LPath
I104H,0.9978,LPath
I104K,0.9972,LPath
I104L,0.3499,Amb
I104M,0.5303,Amb
I104N,0.9905,LPath
I104P,0.9881,LPath
I104Q,0.9954,LPath
I104R,0.9946,LPath
I104S,0.9381,LPath
I104T,0.6913,LPath
I104V,0.0626,LBen
I104W,0.9983,LPath
I104Y,0.9955,LPath
V105A,0.7968,LPath
V105C,0.9578,LPath
V105D,0.9976,LPath
V105E,0.9946,LPath
V105F,0.9255,LPath
V105G,0.9228,LPath
V105H,0.9973,LPath
V105I,0.1753,LBen
V105K,0.996,LPath
V105L,0.9108,LPath
V105M,0.8836,LPath
V105N,0.9921,LPath
V105P,0.9932,LPath
V105Q,0.991,LPath
V105R,0.9873,LPath
V105S,0.8916,LPath
V105T,0.4552,Amb
V105W,0.9981,LPath
V105Y,0.9944,LPath
G106A,0.9863,LPath
G106C,0.9953,LPath
G106D,0.9989,LPath
G106E,0.9993,LPath
G106F,0.9991,LPath
G106H,0.9997,LPath
G106I,0.9987,LPath
G106K,0.9994,LPath
G106L,0.9988,LPath
G106M,0.9995,LPath
G106N,0.9996,LPath
G106P,0.9991,LPath
G106Q,0.9995,LPath
G106R,0.9981,LPath
G106S,0.9873,LPath
G106T,0.9965,LPath
G106V,0.9974,LPath
G106W,0.9958,LPath
G106Y,0.9991,LPath
G107A,0.9904,LPath
G107C,0.9966,LPath
G107D,0.9984,LPath
G107E,0.9988,LPath
G107F,0.9992,LPath
G107H,0.9996,LPath
G107I,0.9984,LPath
G107K,0.999,LPath
G107L,0.9993,LPath
G107M,0.9994,LPath
G107N,0.9984,LPath
G107P,0.9996,LPath
G107Q,0.999,LPath
G107R,0.9975,LPath
G107S,0.9845,LPath
G107T,0.9965,LPath
G107V,0.9975,LPath
G107W,0.9986,LPath
G107Y,0.9991,LPath
M108A,0.6914,LPath
M108C,0.8231,LPath
M108D,0.9664,LPath
M108E,0.7775,LPath
M108F,0.6377,LPath
M108G,0.8717,LPath
M108H,0.8427,LPath
M108I,0.5494,Amb
M108K,0.455,Amb
M108L,0.151,LBen
M108N,0.8408,LPath
M108P,0.9871,LPath
M108Q,0.4647,Amb
M108R,0.4228,Amb
M108S,0.7585,LPath
M108T,0.4885,Amb
M108V,0.1395,LBen
M108W,0.8471,LPath
M108Y,0.8697,LPath
D109A,0.8365,LPath
D109C,0.9643,LPath
D109E,0.7635,LPath
D109F,0.9907,LPath
D109G,0.7288,LPath
D109H,0.9263,LPath
D109I,0.9849,LPath
D109K,0.9775,LPath
D109L,0.9654,LPath
D109M,0.9886,LPath
D109N,0.4707,Amb
D109P,0.9557,LPath
D109Q,0.95,LPath
D109R,0.9732,LPath
D109S,0.6219,LPath
D109T,0.9207,LPath
D109V,0.9363,LPath
D109W,0.9968,LPath
D109Y,0.9146,LPath
M110A,0.8594,LPath
M110C,0.9447,LPath
M110D,0.9865,LPath
M110E,0.9348,LPath
M110F,0.7806,LPath
M110G,0.9447,LPath
M110H,0.9259,LPath
M110I,0.8777,LPath
M110K,0.8031,LPath
M110L,0.5387,Amb
M110N,0.9163,LPath
M110P,0.9543,LPath
M110Q,0.6587,LPath
M110R,0.7285,LPath
M110S,0.8499,LPath
M110T,0.7493,LPath
M110V,0.3553,Amb
M110W,0.9544,LPath
M110Y,0.9391,LPath
V111A,0.663,LPath
V111C,0.9692,LPath
V111D,0.9788,LPath
V111E,0.9269,LPath
V111F,0.6878,LPath
V111G,0.7567,LPath
V111H,0.9774,LPath
V111I,0.1538,LBen
V111K,0.9432,LPath
V111L,0.6798,LPath
V111M,0.3976,Amb
V111N,0.9286,LPath
V111P,0.9177,LPath
V111Q,0.8669,LPath
V111R,0.8774,LPath
V111S,0.834,LPath
V111T,0.6253,LPath
V111W,0.9884,LPath
V111Y,0.959,LPath
A112C,0.3731,Amb
A112D,0.4137,Amb
A112E,0.2897,LBen
A112F,0.3543,Amb
A112G,0.1338,LBen
A112H,0.3915,Amb
A112I,0.2287,LBen
A112K,0.3598,Amb
A112L,0.1432,LBen
A112M,0.1508,LBen
A112N,0.2034,LBen
A112P,0.6935,LPath
A112Q,0.2041,LBen
A112R,0.352,Amb
A112S,0.0772,LBen
A112T,0.067,LBen
A112V,0.1164,LBen
A112W,0.7383,LPath
A112Y,0.4681,Amb
Q113A,0.838,LPath
Q113C,0.997,LPath
Q113D,0.9886,LPath
Q113E,0.5816,LPath
Q113F,0.9989,LPath
Q113G,0.8904,LPath
Q113H,0.9941,LPath
Q113I,0.9926,LPath
Q113K,0.9781,LPath
Q113L,0.9592,LPath
Q113M,0.9317,LPath
Q113N,0.9578,LPath
Q113P,0.9909,LPath
Q113R,0.9827,LPath
Q113S,0.8569,LPath
Q113T,0.9204,LPath
Q113V,0.973,LPath
Q113W,0.9995,LPath
Q113Y,0.9993,LPath
A114C,0.8278,LPath
A114D,0.9805,LPath
A114E,0.9624,LPath
A114F,0.9464,LPath
A114G,0.1103,LBen
A114H,0.9686,LPath
A114I,0.9654,LPath
A114K,0.9911,LPath
A114L,0.8689,LPath
A114M,0.8363,LPath
A114N,0.8974,LPath
A114P,0.9981,LPath
A114Q,0.8932,LPath
A114R,0.9775,LPath
A114S,0.1279,LBen
A114T,0.5654,LPath
A114V,0.842,LPath
A114W,0.9927,LPath
A114Y,0.9672,LPath
L115A,0.3518,Amb
L115C,0.7058,LPath
L115D,0.955,LPath
L115E,0.6546,LPath
L115F,0.4127,Amb
L115G,0.6849,LPath
L115H,0.551,Amb
L115I,0.145,LBen
L115K,0.4034,Amb
L115M,0.1093,LBen
L115N,0.6812,LPath
L115P,0.967,LPath
L115Q,0.1825,LBen
L115R,0.2838,LBen
L115S,0.523,Amb
L115T,0.3549,Amb
L115V,0.1201,LBen
L115W,0.5197,Amb
L115Y,0.7336,LPath
E116A,0.1572,LBen
E116C,0.847,LPath
E116D,0.2187,LBen
E116F,0.8568,LPath
E116G,0.385,Amb
E116H,0.7037,LPath
E116I,0.6097,LPath
E116K,0.6559,LPath
E116L,0.4608,Amb
E116M,0.59,LPath
E116N,0.5602,Amb
E116P,0.9897,LPath
E116Q,0.2037,LBen
E116R,0.6897,LPath
E116S,0.2933,LBen
E116T,0.3621,Amb
E116V,0.3524,Amb
E116W,0.9622,LPath
E116Y,0.7981,LPath
L117A,0.9714,LPath
L117C,0.9778,LPath
L117D,0.9995,LPath
L117E,0.9977,LPath
L117F,0.8952,LPath
L117G,0.9933,LPath
L117H,0.9973,LPath
L117I,0.4224,Amb
L117K,0.997,LPath
L117M,0.5475,Amb
L117N,0.9968,LPath
L117P,0.9977,LPath
L117Q,0.9946,LPath
L117R,0.9929,LPath
L117S,0.9971,LPath
L117T,0.9848,LPath
L117V,0.6014,LPath
L117W,0.9871,LPath
L117Y,0.9876,LPath
S118A,0.0865,LBen
S118C,0.1398,LBen
S118D,0.8596,LPath
S118E,0.7932,LPath
S118F,0.5921,LPath
S118G,0.1187,LBen
S118H,0.6965,LPath
S118I,0.5829,LPath
S118K,0.9368,LPath
S118L,0.272,LBen
S118M,0.3594,Amb
S118N,0.4261,Amb
S118P,0.936,LPath
S118Q,0.6358,LPath
S118R,0.8896,LPath
S118T,0.1611,LBen
S118V,0.4434,Amb
S118W,0.7388,LPath
S118Y,0.5576,Amb
R119A,0.3458,Amb
R119C,0.1483,LBen
R119D,0.621,LPath
R119E,0.3309,LBen
R119F,0.647,LPath
R119G,0.1806,LBen
R119H,0.1038,LBen
R119I,0.4579,Amb
R119K,0.0837,LBen
R119L,0.2646,LBen
R119M,0.3991,Amb
R119N,0.5008,Amb
R119P,0.8881,LPath
R119Q,0.0804,LBen
R119S,0.4121,Amb
R119T,0.3329,LBen
R119V,0.4427,Amb
R119W,0.2508,LBen
R119Y,0.4491,Amb
K120A,0.6286,LPath
K120C,0.5027,Amb
K120D,0.9047,LPath
K120E,0.5575,Amb
K120F,0.8504,LPath
K120G,0.6459,LPath
K120H,0.2722,LBen
K120I,0.7229,LPath
K120L,0.5643,LPath
K120M,0.4365,Amb
K120N,0.7137,LPath
K120P,0.8877,LPath
K120Q,0.1476,LBen
K120R,0.0799,LBen
K120S,0.6498,LPath
K120T,0.4605,Amb
K120V,0.6344,LPath
K120W,0.7615,LPath
K120Y,0.6919,LPath
P121A,0.8758,LPath
P121C,0.9836,LPath
P121D,0.9979,LPath
P121E,0.9958,LPath
P121F,0.9984,LPath
P121G,0.9873,LPath
P121H,0.992,LPath
P121I,0.9804,LPath
P121K,0.9959,LPath
P121L,0.9645,LPath
P121M,0.9916,LPath
P121N,0.9934,LPath
P121Q,0.9878,LPath
P121R,0.9853,LPath
P121S,0.9683,LPath
P121T,0.9441,LPath
P121V,0.9356,LPath
P121W,0.9988,LPath
P121Y,0.9964,LPath
H122A,0.941,LPath
H122C,0.8313,LPath
H122D,0.9269,LPath
H122E,0.9821,LPath
H122F,0.9666,LPath
H122G,0.9763,LPath
H122I,0.9907,LPath
H122K,0.9937,LPath
H122L,0.9138,LPath
H122M,0.9808,LPath
H122N,0.7674,LPath
H122P,0.8709,LPath
H122Q,0.924,LPath
H122R,0.9691,LPath
H122S,0.8931,LPath
H122T,0.9836,LPath
H122V,0.9824,LPath
H122W,0.9549,LPath
H122Y,0.8803,LPath
V123A,0.8146,LPath
V123C,0.946,LPath
V123D,0.9987,LPath
V123E,0.9955,LPath
V123F,0.8377,LPath
V123G,0.952,LPath
V123H,0.9977,LPath
V123I,0.0735,LBen
V123K,0.9968,LPath
V123L,0.4952,Amb
V123M,0.571,LPath
V123N,0.9941,LPath
V123P,0.9972,LPath
V123Q,0.9928,LPath
V123R,0.9929,LPath
V123S,0.9661,LPath
V123T,0.8711,LPath
V123W,0.9972,LPath
V123Y,0.9915,LPath
V124A,0.792,LPath
V124C,0.9486,LPath
V124D,0.999,LPath
V124E,0.9972,LPath
V124F,0.9198,LPath
V124G,0.941,LPath
V124H,0.9989,LPath
V124I,0.1009,LBen
V124K,0.9983,LPath
V124L,0.5547,Amb
V124M,0.7356,LPath
V124N,0.9959,LPath
V124P,0.9955,LPath
V124Q,0.9951,LPath
V124R,0.9956,LPath
V124S,0.9685,LPath
V124T,0.9112,LPath
V124W,0.9988,LPath
V124Y,0.9951,LPath
I125A,0.899,LPath
I125C,0.9753,LPath
I125D,0.9994,LPath
I125E,0.9974,LPath
I125F,0.9344,LPath
I125G,0.9938,LPath
I125H,0.9985,LPath
I125K,0.9977,LPath
I125L,0.628,LPath
I125M,0.6758,LPath
I125N,0.9935,LPath
I125P,0.9917,LPath
I125Q,0.9968,LPath
I125R,0.9957,LPath
I125S,0.9623,LPath
I125T,0.7877,LPath
I125V,0.0835,LBen
I125W,0.9985,LPath
I125Y,0.9965,LPath
A126C,0.8564,LPath
A126D,0.9985,LPath
A126E,0.9992,LPath
A126F,0.9975,LPath
A126G,0.2648,LBen
A126H,0.9989,LPath
A126I,0.9964,LPath
A126K,0.9998,LPath
A126L,0.9798,LPath
A126M,0.9895,LPath
A126N,0.9959,LPath
A126P,0.9987,LPath
A126Q,0.9965,LPath
A126R,0.9985,LPath
A126S,0.2513,LBen
A126T,0.7937,LPath
A126V,0.9693,LPath
A126W,0.9999,LPath
A126Y,0.9993,LPath
T127A,0.8278,LPath
T127C,0.9026,LPath
T127D,0.9985,LPath
T127E,0.9965,LPath
T127F,0.992,LPath
T127G,0.9625,LPath
T127H,0.9909,LPath
T127I,0.9801,LPath
T127K,0.994,LPath
T127L,0.8988,LPath
T127M,0.7859,LPath
T127N,0.9759,LPath
T127P,0.8303,LPath
T127Q,0.9879,LPath
T127R,0.9909,LPath
T127S,0.8115,LPath
T127V,0.9062,LPath
T127W,0.9992,LPath
T127Y,0.9964,LPath
P128A,0.8453,LPath
P128C,0.9906,LPath
P128D,0.9991,LPath
P128E,0.9972,LPath
P128F,0.9989,LPath
P128G,0.9881,LPath
P128H,0.9953,LPath
P128I,0.986,LPath
P128K,0.9976,LPath
P128L,0.9265,LPath
P128M,0.9912,LPath
P128N,0.9983,LPath
P128Q,0.9929,LPath
P128R,0.9855,LPath
P128S,0.9633,LPath
P128T,0.9082,LPath
P128V,0.9472,LPath
P128W,0.9993,LPath
P128Y,0.9992,LPath
G129A,0.9821,LPath
G129C,0.9941,LPath
G129D,0.9991,LPath
G129E,0.999,LPath
G129F,0.9989,LPath
G129H,0.9996,LPath
G129I,0.9986,LPath
G129K,0.9992,LPath
G129L,0.9973,LPath
G129M,0.9992,LPath
G129N,0.9993,LPath
G129P,0.9989,LPath
G129Q,0.9988,LPath
G129R,0.9966,LPath
G129S,0.9787,LPath
G129T,0.9958,LPath
G129V,0.9953,LPath
G129W,0.9968,LPath
G129Y,0.9991,LPath
R130A,0.9985,LPath
R130C,0.9842,LPath
R130D,0.9993,LPath
R130E,0.9932,LPath
R130F,0.998,LPath
R130G,0.9968,LPath
R130H,0.9839,LPath
R130I,0.9953,LPath
R130K,0.9845,LPath
R130L,0.9927,LPath
R130M,0.9991,LPath
R130N,0.9982,LPath
R130P,0.9984,LPath
R130Q,0.9888,LPath
R130S,0.9988,LPath
R130T,0.999,LPath
R130V,0.9962,LPath
R130W,0.9905,LPath
R130Y,0.9976,LPath
L131A,0.8762,LPath
L131C,0.923,LPath
L131D,0.9997,LPath
L131E,0.9979,LPath
L131F,0.5797,LPath
L131G,0.9841,LPath
L131H,0.9961,LPath
L131I,0.3889,Amb
L131K,0.9975,LPath
L131M,0.343,Amb
L131N,0.9987,LPath
L131P,0.9976,LPath
L131Q,0.9898,LPath
L131R,0.9937,LPath
L131S,0.9909,LPath
L131T,0.9304,LPath
L131V,0.3794,Amb
L131W,0.9598,LPath
L131Y,0.981,LPath
A132C,0.6417,LPath
A132D,0.969,LPath
A132E,0.9013,LPath
A132F,0.8851,LPath
A132G,0.3481,Amb
A132H,0.9011,LPath
A132I,0.763,LPath
A132K,0.9352,LPath
A132L,0.6425,LPath
A132M,0.6921,LPath
A132N,0.8763,LPath
A132P,0.9939,LPath
A132Q,0.7552,LPath
A132R,0.796,LPath
A132S,0.1768,LBen
A132T,0.4014,Amb
A132V,0.3195,LBen
A132W,0.9742,LPath
A132Y,0.923,LPath
D133A,0.9385,LPath
D133C,0.9891,LPath
D133E,0.9769,LPath
D133F,0.9912,LPath
D133G,0.969,LPath
D133H,0.9707,LPath
D133I,0.9932,LPath
D133K,0.9948,LPath
D133L,0.9892,LPath
D133M,0.9965,LPath
D133N,0.9401,LPath
D133P,0.9989,LPath
D133Q,0.9855,LPath
D133R,0.9913,LPath
D133S,0.8905,LPath
D133T,0.9855,LPath
D133V,0.9723,LPath
D133W,0.9953,LPath
D133Y,0.9203,LPath
H134A,0.986,LPath
H134C,0.7782,LPath
H134D,0.9949,LPath
H134E,0.9942,LPath
H134F,0.8806,LPath
H134G,0.9937,LPath
H134I,0.8934,LPath
H134K,0.9925,LPath
H134L,0.5218,Amb
H134M,0.941,LPath
H134N,0.9448,LPath
H134P,0.9876,LPath
H134Q,0.975,LPath
H134R,0.9783,LPath
H134S,0.9843,LPath
H134T,0.9857,LPath
H134V,0.9412,LPath
H134W,0.9232,LPath
H134Y,0.832,LPath
L135A,0.8289,LPath
L135C,0.7632,LPath
L135D,0.9965,LPath
L135E,0.9593,LPath
L135F,0.369,Amb
L135G,0.9708,LPath
L135H,0.8941,LPath
L135I,0.0863,LBen
L135K,0.9263,LPath
L135M,0.1792,LBen
L135N,0.9735,LPath
L135P,0.9923,LPath
L135Q,0.7964,LPath
L135R,0.862,LPath
L135S,0.9375,LPath
L135T,0.8447,LPath
L135V,0.1276,LBen
L135W,0.7468,LPath
L135Y,0.8446,LPath
R136A,0.5045,Amb
R136C,0.1732,LBen
R136D,0.7568,LPath
R136E,0.486,Amb
R136F,0.6391,LPath
R136G,0.3416,Amb
R136H,0.114,LBen
R136I,0.4114,Amb
R136K,0.1317,LBen
R136L,0.2553,LBen
R136M,0.4497,Amb
R136N,0.5833,LPath
R136P,0.9512,LPath
R136Q,0.1087,LBen
R136S,0.5293,Amb
R136T,0.3602,Amb
R136V,0.4881,Amb
R136W,0.2963,LBen
R136Y,0.4562,Amb
S137A,0.2964,LBen
S137C,0.3103,LBen
S137D,0.9218,LPath
S137E,0.9474,LPath
S137F,0.8035,LPath
S137G,0.2007,LBen
S137H,0.8134,LPath
S137I,0.7741,LPath
S137K,0.9866,LPath
S137L,0.6293,LPath
S137M,0.7063,LPath
S137N,0.5793,LPath
S137P,0.9855,LPath
S137Q,0.9133,LPath
S137R,0.9722,LPath
S137T,0.2865,LBen
S137V,0.7195,LPath
S137W,0.8733,LPath
S137Y,0.7395,LPath
S138A,0.1435,LBen
S138C,0.1001,LBen
S138D,0.7869,LPath
S138E,0.9087,LPath
S138F,0.758,LPath
S138G,0.1134,LBen
S138H,0.7738,LPath
S138I,0.6588,LPath
S138K,0.976,LPath
S138L,0.3716,Amb
S138M,0.5331,Amb
S138N,0.3343,LBen
S138P,0.8599,LPath
S138Q,0.8646,LPath
S138R,0.951,LPath
S138T,0.1371,LBen
S138V,0.519,Amb
S138W,0.8092,LPath
S138Y,0.6873,LPath
N139A,0.1358,LBen
N139C,0.1755,LBen
N139D,0.0629,LBen
N139E,0.2206,LBen
N139F,0.5789,LPath
N139G,0.139,LBen
N139H,0.0904,LBen
N139I,0.335,LBen
N139K,0.2025,LBen
N139L,0.2884,LBen
N139M,0.3845,Amb
N139P,0.2573,LBen
N139Q,0.2033,LBen
N139R,0.2236,LBen
N139S,0.0615,LBen
N139T,0.1079,LBen
N139V,0.2599,LBen
N139W,0.7172,LPath
N139Y,0.2144,LBen
T140A,0.2082,LBen
T140C,0.5995,LPath
T140D,0.7653,LPath
T140E,0.8222,LPath
T140F,0.774,LPath
T140G,0.3967,Amb
T140H,0.6306,LPath
T140I,0.547,Amb
T140K,0.7911,LPath
T140L,0.3261,LBen
T140M,0.3428,Amb
T140N,0.4042,Amb
T140P,0.4297,Amb
T140Q,0.6978,LPath
T140R,0.6926,LPath
T140S,0.2289,LBen
T140V,0.402,Amb
T140W,0.9337,LPath
T140Y,0.7613,LPath
F141A,0.7559,LPath
F141C,0.3775,Amb
F141D,0.9736,LPath
F141E,0.9751,LPath
F141G,0.894,LPath
F141H,0.9027,LPath
F141I,0.2196,LBen
F141K,0.9802,LPath
F141L,0.7759,LPath
F141M,0.5997,LPath
F141N,0.9375,LPath
F141P,0.9728,LPath
F141Q,0.949,LPath
F141R,0.9484,LPath
F141S,0.8266,LPath
F141T,0.7977,LPath
F141V,0.1905,LBen
F141W,0.6107,LPath
F141Y,0.3989,Amb
S142A,0.1276,LBen
S142C,0.0807,LBen
S142D,0.2039,LBen
S142E,0.5752,LPath
S142F,0.4191,Amb
S142G,0.0914,LBen
S142H,0.1804,LBen
S142I,0.2619,LBen
S142K,0.6303,LPath
S142L,0.2146,LBen
S142M,0.2823,LBen
S142N,0.0821,LBen
S142P,0.5031,Amb
S142Q,0.4108,Amb
S142R,0.5511,Amb
S142T,0.0876,LBen
S142V,0.2444,LBen
S142W,0.5059,Amb
S142Y,0.2678,LBen
I143A,0.4481,Amb
I143C,0.5654,LPath
I143D,0.9555,LPath
I143E,0.9232,LPath
I143F,0.131,LBen
I143G,0.773,LPath
I143H,0.8748,LPath
I143K,0.8938,LPath
I143L,0.0524,LBen
I143M,0.0615,LBen
I143N,0.7917,LPath
I143P,0.5698,LPath
I143Q,0.843,LPath
I143R,0.8347,LPath
I143S,0.6564,LPath
I143T,0.5087,Amb
I143V,0.0715,LBen
I143W,0.7154,LPath
I143Y,0.6833,LPath
K144A,0.2428,LBen
K144C,0.4632,Amb
K144D,0.3457,Amb
K144E,0.1307,LBen
K144F,0.8234,LPath
K144G,0.1803,LBen
K144H,0.2059,LBen
K144I,0.6543,LPath
K144L,0.4675,Amb
K144M,0.3824,Amb
K144N,0.2903,LBen
K144P,0.5987,LPath
K144Q,0.0819,LBen
K144R,0.063,LBen
K144S,0.211,LBen
K144T,0.1769,LBen
K144V,0.5516,Amb
K144W,0.6202,LPath
K144Y,0.6185,LPath
K145A,0.3347,LBen
K145C,0.6268,LPath
K145D,0.4569,Amb
K145E,0.2935,LBen
K145F,0.8515,LPath
K145G,0.2693,LBen
K145H,0.2225,LBen
K145I,0.6936,LPath
K145L,0.5201,Amb
K145M,0.3472,Amb
K145N,0.2497,LBen
K145P,0.7531,LPath
K145Q,0.1214,LBen
K145R,0.0717,LBen
K145S,0.318,LBen
K145T,0.21,LBen
K145V,0.5933,LPath
K145W,0.7608,LPath
K145Y,0.6098,LPath
I146A,0.6963,LPath
I146C,0.7547,LPath
I146D,0.9892,LPath
I146E,0.9785,LPath
I146F,0.6987,LPath
I146G,0.9231,LPath
I146H,0.9791,LPath
I146K,0.9781,LPath
I146L,0.1025,LBen
I146M,0.1599,LBen
I146N,0.8305,LPath
I146P,0.9585,LPath
I146Q,0.9504,LPath
I146R,0.9662,LPath
I146S,0.7388,LPath
I146T,0.5674,LPath
I146V,0.1246,LBen
I146W,0.9865,LPath
I146Y,0.9548,LPath
R147A,0.2353,LBen
R147C,0.1061,LBen
R147D,0.5055,Amb
R147E,0.2348,LBen
R147F,0.5656,LPath
R147G,0.1536,LBen
R147H,0.0893,LBen
R147I,0.3726,Amb
R147K,0.0856,LBen
R147L,0.2068,LBen
R147M,0.3254,LBen
R147N,0.3891,Amb
R147P,0.6526,LPath
R147Q,0.0645,LBen
R147S,0.2487,LBen
R147T,0.1841,LBen
R147V,0.3561,Amb
R147W,0.2099,LBen
R147Y,0.3399,LBen
F148A,0.9751,LPath
F148C,0.6545,LPath
F148D,0.9973,LPath
F148E,0.997,LPath
F148G,0.9873,LPath
F148H,0.951,LPath
F148I,0.6618,LPath
F148K,0.9972,LPath
F148L,0.9812,LPath
F148M,0.8625,LPath
F148N,0.9799,LPath
F148P,0.9996,LPath
F148Q,0.989,LPath
F148R,0.9903,LPath
F148S,0.9603,LPath
F148T,0.9651,LPath
F148V,0.6006,LPath
F148W,0.78,LPath
F148Y,0.3065,LBen
L149A,0.8859,LPath
L149C,0.8544,LPath
L149D,0.9996,LPath
L149E,0.9968,LPath
L149F,0.4117,Amb
L149G,0.9876,LPath
L149H,0.9822,LPath
L149I,0.2321,LBen
L149K,0.9951,LPath
L149M,0.3269,LBen
L149N,0.9975,LPath
L149P,0.9941,LPath
L149Q,0.9713,LPath
L149R,0.9805,LPath
L149S,0.9829,LPath
L149T,0.9202,LPath
L149V,0.1839,LBen
L149W,0.8653,LPath
L149Y,0.9586,LPath
V150A,0.8908,LPath
V150C,0.9724,LPath
V150D,0.9982,LPath
V150E,0.9951,LPath
V150F,0.9693,LPath
V150G,0.9475,LPath
V150H,0.9984,LPath
V150I,0.1496,LBen
V150K,0.9973,LPath
V150L,0.8673,LPath
V150M,0.935,LPath
V150N,0.9936,LPath
V150P,0.9922,LPath
V150Q,0.9927,LPath
V150R,0.9922,LPath
V150S,0.9599,LPath
V150T,0.9319,LPath
V150W,0.9995,LPath
V150Y,0.9978,LPath
M151A,0.8705,LPath
M151C,0.8882,LPath
M151D,0.9993,LPath
M151E,0.9935,LPath
M151F,0.6285,LPath
M151G,0.9762,LPath
M151H,0.9923,LPath
M151I,0.6025,LPath
M151K,0.9736,LPath
M151L,0.0779,LBen
M151N,0.9958,LPath
M151P,0.9963,LPath
M151Q,0.9636,LPath
M151R,0.9737,LPath
M151S,0.9802,LPath
M151T,0.8887,LPath
M151V,0.212,LBen
M151W,0.9512,LPath
M151Y,0.971,LPath
D152A,0.9965,LPath
D152C,0.9998,LPath
D152E,0.9962,LPath
D152F,0.9992,LPath
D152G,0.9932,LPath
D152H,0.9977,LPath
D152I,0.9981,LPath
D152K,0.9983,LPath
D152L,0.9943,LPath
D152M,0.999,LPath
D152N,0.9933,LPath
D152P,0.9988,LPath
D152Q,0.9988,LPath
D152R,0.9979,LPath
D152S,0.9955,LPath
D152T,0.9976,LPath
D152V,0.9938,LPath
D152W,0.9989,LPath
D152Y,0.9935,LPath
E153A,0.9986,LPath
E153C,0.9997,LPath
E153D,0.9986,LPath
E153F,1.0,LPath
E153G,0.9977,LPath
E153H,0.9997,LPath
E153I,0.9998,LPath
E153K,0.9981,LPath
E153L,0.9997,LPath
E153M,0.9984,LPath
E153N,0.9992,LPath
E153P,1.0,LPath
E153Q,0.9976,LPath
E153R,0.9986,LPath
E153S,0.9994,LPath
E153T,0.9995,LPath
E153V,0.9993,LPath
E153W,1.0,LPath
E153Y,0.9999,LPath
A154C,0.906,LPath
A154D,0.9942,LPath
A154E,0.9928,LPath
A154F,0.9714,LPath
A154G,0.6201,LPath
A154H,0.9956,LPath
A154I,0.9441,LPath
A154K,0.997,LPath
A154L,0.8742,LPath
A154M,0.9064,LPath
A154N,0.9906,LPath
A154P,0.9936,LPath
A154Q,0.9861,LPath
A154R,0.9865,LPath
A154S,0.5466,Amb
A154T,0.8183,LPath
A154V,0.7719,LPath
A154W,0.9956,LPath
A154Y,0.9892,LPath
D155A,0.995,LPath
D155C,0.9996,LPath
D155E,0.9961,LPath
D155F,0.9983,LPath
D155G,0.9943,LPath
D155H,0.9967,LPath
D155I,0.9989,LPath
D155K,0.9985,LPath
D155L,0.9978,LPath
D155M,0.9996,LPath
D155N,0.9888,LPath
D155P,0.9991,LPath
D155Q,0.998,LPath
D155R,0.9966,LPath
D155S,0.9895,LPath
D155T,0.9987,LPath
D155V,0.9965,LPath
D155W,0.9994,LPath
D155Y,0.9912,LPath
R156A,0.9768,LPath
R156C,0.7268,LPath
R156D,0.9944,LPath
R156E,0.9603,LPath
R156F,0.9842,LPath
R156G,0.9619,LPath
R156H,0.7041,LPath
R156I,0.9198,LPath
R156K,0.669,LPath
R156L,0.8867,LPath
R156M,0.9581,LPath
R156N,0.9862,LPath
R156P,0.9977,LPath
R156Q,0.5629,Amb
R156S,0.9796,LPath
R156T,0.9673,LPath
R156V,0.9409,LPath
R156W,0.8585,LPath
R156Y,0.9596,LPath
L157A,0.9728,LPath
L157C,0.9667,LPath
L157D,0.9992,LPath
L157E,0.994,LPath
L157F,0.9317,LPath
L157G,0.9938,LPath
L157H,0.9902,LPath
L157I,0.4415,Amb
L157K,0.9916,LPath
L157M,0.4158,Amb
L157N,0.9932,LPath
L157P,0.9964,LPath
L157Q,0.9688,LPath
L157R,0.9827,LPath
L157S,0.9919,LPath
L157T,0.9778,LPath
L157V,0.5437,Amb
L157W,0.9836,LPath
L157Y,0.989,LPath
L158A,0.872,LPath
L158C,0.9292,LPath
L158D,0.9958,LPath
L158E,0.9718,LPath
L158F,0.5457,Amb
L158G,0.9578,LPath
L158H,0.9518,LPath
L158I,0.549,Amb
L158K,0.9448,LPath
L158M,0.3863,Amb
L158N,0.9865,LPath
L158P,0.976,LPath
L158Q,0.8918,LPath
L158R,0.882,LPath
L158S,0.9664,LPath
L158T,0.8806,LPath
L158V,0.6039,LPath
L158W,0.7334,LPath
L158Y,0.9416,LPath
E159A,0.5588,Amb
E159C,0.9359,LPath
E159D,0.571,LPath
E159F,0.9791,LPath
E159G,0.4279,Amb
E159H,0.9227,LPath
E159I,0.9402,LPath
E159K,0.853,LPath
E159L,0.859,LPath
E159M,0.9129,LPath
E159N,0.8705,LPath
E159P,0.9451,LPath
E159Q,0.4398,Amb
E159R,0.8314,LPath
E159S,0.5827,LPath
E159T,0.7905,LPath
E159V,0.8022,LPath
E159W,0.9888,LPath
E159Y,0.9627,LPath
Q160A,0.2584,LBen
Q160C,0.8363,LPath
Q160D,0.4823,Amb
Q160E,0.126,LBen
Q160F,0.89,LPath
Q160G,0.2695,LBen
Q160H,0.4401,Amb
Q160I,0.6928,LPath
Q160K,0.1539,LBen
Q160L,0.2584,LBen
Q160M,0.4877,Amb
Q160N,0.3872,Amb
Q160P,0.1435,LBen
Q160R,0.1924,LBen
Q160S,0.3171,LBen
Q160T,0.2767,LBen
Q160V,0.4831,Amb
Q160W,0.8435,LPath
Q160Y,0.763,LPath
G161A,0.5796,LPath
G161C,0.6968,LPath
G161D,0.7038,LPath
G161E,0.8142,LPath
G161F,0.9636,LPath
G161H,0.897,LPath
G161I,0.902,LPath
G161K,0.9372,LPath
G161L,0.9437,LPath
G161M,0.9467,LPath
G161N,0.7021,LPath
G161P,0.9656,LPath
G161Q,0.8576,LPath
G161R,0.8968,LPath
G161S,0.3499,Amb
G161T,0.6727,LPath
G161V,0.7992,LPath
G161W,0.9297,LPath
G161Y,0.9103,LPath
C162A,0.4662,Amb
C162D,0.7702,LPath
C162E,0.8807,LPath
C162F,0.351,Amb
C162G,0.205,LBen
C162H,0.6871,LPath
C162I,0.7424,LPath
C162K,0.8856,LPath
C162L,0.6798,LPath
C162M,0.7106,LPath
C162N,0.5273,Amb
C162P,0.8337,LPath
C162Q,0.7385,LPath
C162R,0.6753,LPath
C162S,0.3108,LBen
C162T,0.5028,Amb
C162V,0.5592,Amb
C162W,0.753,LPath
C162Y,0.5253,Amb
T163A,0.0675,LBen
T163C,0.3284,LBen
T163D,0.5,Amb
T163E,0.4384,Amb
T163F,0.5012,Amb
T163G,0.185,LBen
T163H,0.3285,LBen
T163I,0.3199,LBen
T163K,0.3304,LBen
T163L,0.1613,LBen
T163M,0.1323,LBen
T163N,0.1903,LBen
T163P,0.131,LBen
T163Q,0.2973,LBen
T163R,0.2594,LBen
T163S,0.1206,LBen
T163V,0.1915,LBen
T163W,0.7614,LPath
T163Y,0.5088,Amb
D164A,0.5602,Amb
D164C,0.9241,LPath
D164E,0.6515,LPath
D164F,0.9589,LPath
D164G,0.5467,Amb
D164H,0.7998,LPath
D164I,0.8874,LPath
D164K,0.913,LPath
D164L,0.877,LPath
D164M,0.9616,LPath
D164N,0.2657,LBen
D164P,0.9103,LPath
D164Q,0.8506,LPath
D164R,0.8707,LPath
D164S,0.3154,LBen
D164T,0.6893,LPath
D164V,0.6992,LPath
D164W,0.9913,LPath
D164Y,0.7292,LPath
F165A,0.98,LPath
F165C,0.9595,LPath
F165D,0.9851,LPath
F165E,0.9924,LPath
F165G,0.9842,LPath
F165H,0.9758,LPath
F165I,0.9402,LPath
F165K,0.9911,LPath
F165L,0.9933,LPath
F165M,0.936,LPath
F165N,0.9732,LPath
F165P,0.9985,LPath
F165Q,0.986,LPath
F165R,0.9735,LPath
F165S,0.9699,LPath
F165T,0.9768,LPath
F165V,0.9014,LPath
F165W,0.9444,LPath
F165Y,0.6751,LPath
T166A,0.0925,LBen
T166C,0.4707,Amb
T166D,0.5886,LPath
T166E,0.4475,Amb
T166F,0.5512,Amb
T166G,0.1689,LBen
T166H,0.3259,LBen
T166I,0.5155,Amb
T166K,0.2737,LBen
T166L,0.2042,LBen
T166M,0.1447,LBen
T166N,0.2339,LBen
T166P,0.3588,Amb
T166Q,0.2717,LBen
T166R,0.2034,LBen
T166S,0.1151,LBen
T166V,0.3426,Amb
T166W,0.7777,LPath
T166Y,0.5622,Amb
V167A,0.0563,LBen
V167C,0.4352,Amb
V167D,0.1231,LBen
V167E,0.0948,LBen
V167F,0.1603,LBen
V167G,0.0748,LBen
V167H,0.2234,LBen
V167I,0.0771,LBen
V167K,0.0859,LBen
V167L,0.0964,LBen
V167M,0.0807,LBen
V167N,0.1047,LBen
V167P,0.1279,LBen
V167Q,0.1023,LBen
V167R,0.0965,LBen
V167S,0.0777,LBen
V167T,0.0661,LBen
V167W,0.5845,LPath
V167Y,0.3976,Amb
D168A,0.7449,LPath
D168C,0.9681,LPath
D168E,0.6266,LPath
D168F,0.9791,LPath
D168G,0.9052,LPath
D168H,0.877,LPath
D168I,0.9701,LPath
D168K,0.9794,LPath
D168L,0.9692,LPath
D168M,0.9907,LPath
D168N,0.7496,LPath
D168P,0.9306,LPath
D168Q,0.8927,LPath
D168R,0.9738,LPath
D168S,0.6305,LPath
D168T,0.9266,LPath
D168V,0.9185,LPath
D168W,0.9959,LPath
D168Y,0.8832,LPath
L169A,0.8762,LPath
L169C,0.9292,LPath
L169D,0.9975,LPath
L169E,0.9748,LPath
L169F,0.753,LPath
L169G,0.9718,LPath
L169H,0.9748,LPath
L169I,0.1941,LBen
L169K,0.96,LPath
L169M,0.2339,LBen
L169N,0.9862,LPath
L169P,0.9877,LPath
L169Q,0.915,LPath
L169R,0.927,LPath
L169S,0.9631,LPath
L169T,0.7818,LPath
L169V,0.2172,LBen
L169W,0.8868,LPath
L169Y,0.9717,LPath
E170A,0.1664,LBen
E170C,0.866,LPath
E170D,0.2963,LBen
E170F,0.9102,LPath
E170G,0.1623,LBen
E170H,0.515,Amb
E170I,0.6682,LPath
E170K,0.1599,LBen
E170L,0.5514,Amb
E170M,0.6223,LPath
E170N,0.4426,Amb
E170P,0.8936,LPath
E170Q,0.1119,LBen
E170R,0.2341,LBen
E170S,0.2615,LBen
E170T,0.3042,LBen
E170V,0.4011,Amb
E170W,0.9536,LPath
E170Y,0.8101,LPath
A171C,0.2305,LBen
A171D,0.1392,LBen
A171E,0.1214,LBen
A171F,0.1834,LBen
A171G,0.1123,LBen
A171H,0.227,LBen
A171I,0.1043,LBen
A171K,0.1933,LBen
A171L,0.0951,LBen
A171M,0.0886,LBen
A171N,0.1058,LBen
A171P,0.361,Amb
A171Q,0.1587,LBen
A171R,0.199,LBen
A171S,0.0727,LBen
A171T,0.0513,LBen
A171V,0.0652,LBen
A171W,0.4743,Amb
A171Y,0.2534,LBen
I172A,0.9244,LPath
I172C,0.9403,LPath
I172D,0.9988,LPath
I172E,0.9977,LPath
I172F,0.9154,LPath
I172G,0.9941,LPath
I172H,0.998,LPath
I172K,0.9981,LPath
I172L,0.3322,LBen
I172M,0.58,LPath
I172N,0.9892,LPath
I172P,0.9916,LPath
I172Q,0.9967,LPath
I172R,0.9962,LPath
I172S,0.967,LPath
I172T,0.9436,LPath
I172V,0.1107,LBen
I172W,0.9986,LPath
I172Y,0.9941,LPath
L173A,0.5854,LPath
L173C,0.7045,LPath
L173D,0.9708,LPath
L173E,0.8324,LPath
L173F,0.1502,LBen
L173G,0.8498,LPath
L173H,0.6147,LPath
L173I,0.1681,LBen
L173K,0.7457,LPath
L173M,0.1362,LBen
L173N,0.8818,LPath
L173P,0.9553,LPath
L173Q,0.5033,Amb
L173R,0.5583,Amb
L173S,0.7162,LPath
L173T,0.4942,Amb
L173V,0.1695,LBen
L173W,0.4033,Amb
L173Y,0.6875,LPath
A174C,0.2581,LBen
A174D,0.1249,LBen
A174E,0.1154,LBen
A174F,0.2566,LBen
A174G,0.0769,LBen
A174H,0.2165,LBen
A174I,0.2066,LBen
A174K,0.182,LBen
A174L,0.1165,LBen
A174M,0.1552,LBen
A174N,0.1359,LBen
A174P,0.4765,Amb
A174Q,0.1419,LBen
A174R,0.174,LBen
A174S,0.0751,LBen
A174T,0.0731,LBen
A174V,0.1117,LBen
A174W,0.5023,Amb
A174Y,0.2998,LBen
A175C,0.2729,LBen
A175D,0.3931,Amb
A175E,0.2475,LBen
A175F,0.2899,LBen
A175G,0.1706,LBen
A175H,0.3983,Amb
A175I,0.1884,LBen
A175K,0.4775,Amb
A175L,0.2011,LBen
A175M,0.1867,LBen
A175N,0.2787,LBen
A175P,0.772,LPath
A175Q,0.2975,LBen
A175R,0.4081,Amb
A175S,0.0969,LBen
A175T,0.0893,LBen
A175V,0.0893,LBen
A175W,0.7115,LPath
A175Y,0.4505,Amb
V176A,0.2742,LBen
V176C,0.7387,LPath
V176D,0.9749,LPath
V176E,0.9426,LPath
V176F,0.5285,Amb
V176G,0.5685,LPath
V176H,0.9703,LPath
V176I,0.0798,LBen
V176K,0.9628,LPath
V176L,0.1538,LBen
V176M,0.2169,LBen
V176N,0.8844,LPath
V176P,0.9189,LPath
V176Q,0.897,LPath
V176R,0.9425,LPath
V176S,0.5054,Amb
V176T,0.3041,LBen
V176W,0.9806,LPath
V176Y,0.946,LPath
P177A,0.6049,LPath
P177C,0.9545,LPath
P177D,0.9522,LPath
P177E,0.9383,LPath
P177F,0.9926,LPath
P177G,0.8317,LPath
P177H,0.8941,LPath
P177I,0.9838,LPath
P177K,0.9522,LPath
P177L,0.9,LPath
P177M,0.9756,LPath
P177N,0.9243,LPath
P177Q,0.8799,LPath
P177R,0.8875,LPath
P177S,0.6571,LPath
P177T,0.7196,LPath
P177V,0.9358,LPath
P177W,0.9919,LPath
P177Y,0.9881,LPath
A178C,0.2722,LBen
A178D,0.1422,LBen
A178E,0.1055,LBen
A178F,0.2125,LBen
A178G,0.0869,LBen
A178H,0.207,LBen
A178I,0.1271,LBen
A178K,0.1468,LBen
A178L,0.1052,LBen
A178M,0.1363,LBen
A178N,0.141,LBen
A178P,0.0753,LBen
A178Q,0.1244,LBen
A178R,0.1421,LBen
A178S,0.0736,LBen
A178T,0.0677,LBen
A178V,0.0753,LBen
A178W,0.4659,Amb
A178Y,0.281,LBen
R179A,0.1411,LBen
R179C,0.095,LBen
R179D,0.2255,LBen
R179E,0.1289,LBen
R179F,0.2931,LBen
R179G,0.0923,LBen
R179H,0.0736,LBen
R179I,0.2,LBen
R179K,0.0693,LBen
R179L,0.1314,LBen
R179M,0.2076,LBen
R179N,0.2074,LBen
R179P,0.206,LBen
R179Q,0.0632,LBen
R179S,0.1453,LBen
R179T,0.1162,LBen
R179V,0.1825,LBen
R179W,0.1357,LBen
R179Y,0.2082,LBen
R180A,0.9766,LPath
R180C,0.5467,Amb
R180D,0.9956,LPath
R180E,0.9568,LPath
R180F,0.9851,LPath
R180G,0.9473,LPath
R180H,0.5961,LPath
R180I,0.9502,LPath
R180K,0.6002,LPath
R180L,0.9102,LPath
R180M,0.974,LPath
R180N,0.9906,LPath
R180P,0.9525,LPath
R180Q,0.5376,Amb
R180S,0.9847,LPath
R180T,0.9679,LPath
R180V,0.9478,LPath
R180W,0.7486,LPath
R180Y,0.9384,LPath
Q181A,0.8769,LPath
Q181C,0.989,LPath
Q181D,0.9848,LPath
Q181E,0.6341,LPath
Q181F,0.9948,LPath
Q181G,0.8767,LPath
Q181H,0.97,LPath
Q181I,0.956,LPath
Q181K,0.7891,LPath
Q181L,0.8773,LPath
Q181M,0.8909,LPath
Q181N,0.9174,LPath
Q181P,0.9054,LPath
Q181R,0.7823,LPath
Q181S,0.8591,LPath
Q181T,0.8533,LPath
Q181V,0.9122,LPath
Q181W,0.9953,LPath
Q181Y,0.9946,LPath
T182A,0.7086,LPath
T182C,0.8901,LPath
T182D,0.918,LPath
T182E,0.9596,LPath
T182F,0.9154,LPath
T182G,0.8435,LPath
T182H,0.7959,LPath
T182I,0.8002,LPath
T182K,0.9335,LPath
T182L,0.6463,LPath
T182M,0.4601,Amb
T182N,0.4231,Amb
T182P,0.9192,LPath
T182Q,0.8841,LPath
T182R,0.9173,LPath
T182S,0.4411,Amb
T182V,0.6567,LPath
T182W,0.9665,LPath
T182Y,0.9055,LPath
L183A,0.831,LPath
L183C,0.7213,LPath
L183D,0.9994,LPath
L183E,0.9953,LPath
L183F,0.7326,LPath
L183G,0.9674,LPath
L183H,0.9821,LPath
L183I,0.4056,Amb
L183K,0.9944,LPath
L183M,0.3326,LBen
L183N,0.9918,LPath
L183P,0.9956,LPath
L183Q,0.9642,LPath
L183R,0.9753,LPath
L183S,0.9661,LPath
L183T,0.9427,LPath
L183V,0.2924,LBen
L183W,0.9658,LPath
L183Y,0.9673,LPath
L184A,0.9237,LPath
L184C,0.8067,LPath
L184D,0.9988,LPath
L184E,0.9951,LPath
L184F,0.4211,Amb
L184G,0.9718,LPath
L184H,0.9512,LPath
L184I,0.5975,LPath
L184K,0.9866,LPath
L184M,0.4264,Amb
L184N,0.9917,LPath
L184P,0.9853,LPath
L184Q,0.9485,LPath
L184R,0.9479,LPath
L184S,0.9763,LPath
L184T,0.9716,LPath
L184V,0.5596,Amb
L184W,0.7882,LPath
L184Y,0.8588,LPath
F185A,0.9949,LPath
F185C,0.9693,LPath
F185D,0.999,LPath
F185E,0.9992,LPath
F185G,0.9957,LPath
F185H,0.9912,LPath
F185I,0.9711,LPath
F185K,0.9991,LPath
F185L,0.9921,LPath
F185M,0.9855,LPath
F185N,0.9965,LPath
F185P,0.9996,LPath
F185Q,0.9976,LPath
F185R,0.9962,LPath
F185S,0.9926,LPath
F185T,0.9968,LPath
F185V,0.959,LPath
F185W,0.9373,LPath
F185Y,0.7582,LPath
S186A,0.8458,LPath
S186C,0.8841,LPath
S186D,0.9975,LPath
S186E,0.996,LPath
S186F,0.9926,LPath
S186G,0.9148,LPath
S186H,0.9901,LPath
S186I,0.9924,LPath
S186K,0.9994,LPath
S186L,0.967,LPath
S186M,0.9786,LPath
S186N,0.9958,LPath
S186P,0.9914,LPath
S186Q,0.994,LPath
S186R,0.9981,LPath
S186T,0.4833,Amb
S186V,0.9872,LPath
S186W,0.9826,LPath
S186Y,0.9928,LPath
A187C,0.9807,LPath
A187D,0.998,LPath
A187E,0.9949,LPath
A187F,0.9813,LPath
A187G,0.9686,LPath
A187H,0.9938,LPath
A187I,0.9952,LPath
A187K,0.9983,LPath
A187L,0.9607,LPath
A187M,0.9884,LPath
A187N,0.9946,LPath
A187P,0.9933,LPath
A187Q,0.9897,LPath
A187R,0.9734,LPath
A187S,0.7553,LPath
A187T,0.9723,LPath
A187V,0.9848,LPath
A187W,0.9972,LPath
A187Y,0.9942,LPath
T188A,0.9185,LPath
T188C,0.9814,LPath
T188D,0.9947,LPath
T188E,0.9872,LPath
T188F,0.9831,LPath
T188G,0.9704,LPath
T188H,0.968,LPath
T188I,0.9835,LPath
T188K,0.9774,LPath
T188L,0.941,LPath
T188M,0.8789,LPath
T188N,0.9673,LPath
T188P,0.9606,LPath
T188Q,0.9621,LPath
T188R,0.9602,LPath
T188S,0.8612,LPath
T188V,0.9358,LPath
T188W,0.995,LPath
T188Y,0.9878,LPath
L189A,0.6756,LPath
L189C,0.7962,LPath
L189D,0.9708,LPath
L189E,0.832,LPath
L189F,0.3831,Amb
L189G,0.9167,LPath
L189H,0.6396,LPath
L189I,0.1908,LBen
L189K,0.6203,LPath
L189M,0.1566,LBen
L189N,0.8673,LPath
L189P,0.8538,LPath
L189Q,0.4353,Amb
L189R,0.4468,Amb
L189S,0.8016,LPath
L189T,0.6662,LPath
L189V,0.1749,LBen
L189W,0.5727,LPath
L189Y,0.7518,LPath
T190A,0.5784,LPath
T190C,0.9099,LPath
T190D,0.8452,LPath
T190E,0.913,LPath
T190F,0.9557,LPath
T190G,0.5973,LPath
T190H,0.7908,LPath
T190I,0.969,LPath
T190K,0.8308,LPath
T190L,0.7337,LPath
T190M,0.5625,Amb
T190N,0.4813,Amb
T190P,0.568,LPath
T190Q,0.7844,LPath
T190R,0.7834,LPath
T190S,0.28,LBen
T190V,0.9086,LPath
T190W,0.9717,LPath
T190Y,0.9402,LPath
D191A,0.1663,LBen
D191C,0.6836,LPath
D191E,0.1784,LBen
D191F,0.7833,LPath
D191G,0.15,LBen
D191H,0.2843,LBen
D191I,0.5697,LPath
D191K,0.3726,Amb
D191L,0.5512,Amb
D191M,0.7465,LPath
D191N,0.1117,LBen
D191P,0.5248,Amb
D191Q,0.3372,LBen
D191R,0.398,Amb
D191S,0.1272,LBen
D191T,0.2765,LBen
D191V,0.3181,LBen
D191W,0.9375,LPath
D191Y,0.3685,Amb
T192A,0.128,LBen
T192C,0.6209,LPath
T192D,0.6264,LPath
T192E,0.5826,LPath
T192F,0.6881,LPath
T192G,0.4098,Amb
T192H,0.4189,Amb
T192I,0.5665,LPath
T192K,0.3867,Amb
T192L,0.3166,LBen
T192M,0.2264,LBen
T192N,0.2577,LBen
T192P,0.3824,Amb
T192Q,0.397,Amb
T192R,0.3008,LBen
T192S,0.1779,LBen
T192V,0.385,Amb
T192W,0.9022,LPath
T192Y,0.663,LPath
L193A,0.8485,LPath
L193C,0.9358,LPath
L193D,0.9939,LPath
L193E,0.9562,LPath
L193F,0.7064,LPath
L193G,0.9615,LPath
L193H,0.9421,LPath
L193I,0.2375,LBen
L193K,0.925,LPath
L193M,0.3027,LBen
L193N,0.9703,LPath
L193P,0.958,LPath
L193Q,0.8396,LPath
L193R,0.8529,LPath
L193S,0.945,LPath
L193T,0.8465,LPath
L193V,0.2378,LBen
L193W,0.8623,LPath
L193Y,0.9555,LPath
R194A,0.1754,LBen
R194C,0.1601,LBen
R194D,0.4417,Amb
R194E,0.1599,LBen
R194F,0.4862,Amb
R194G,0.1203,LBen
R194H,0.0933,LBen
R194I,0.2193,LBen
R194K,0.0579,LBen
R194L,0.1439,LBen
R194M,0.1553,LBen
R194N,0.3286,LBen
R194P,0.5922,LPath
R194Q,0.0667,LBen
R194S,0.2252,LBen
R194T,0.1247,LBen
R194V,0.2263,LBen
R194W,0.1401,LBen
R194Y,0.3324,LBen
E195A,0.1569,LBen
E195C,0.7903,LPath
E195D,0.1948,LBen
E195F,0.8,LPath
E195G,0.1742,LBen
E195H,0.397,Amb
E195I,0.4185,Amb
E195K,0.1468,LBen
E195L,0.4132,Amb
E195M,0.4711,Amb
E195N,0.3089,LBen
E195P,0.8669,LPath
E195Q,0.0971,LBen
E195R,0.2294,LBen
E195S,0.2098,LBen
E195T,0.2261,LBen
E195V,0.2356,LBen
E195W,0.9058,LPath
E195Y,0.654,LPath
L196A,0.8005,LPath
L196C,0.9107,LPath
L196D,0.9863,LPath
L196E,0.9315,LPath
L196F,0.6394,LPath
L196G,0.9269,LPath
L196H,0.9146,LPath
L196I,0.2861,LBen
L196K,0.8693,LPath
L196M,0.3226,LBen
L196N,0.9447,LPath
L196P,0.9667,LPath
L196Q,0.8213,LPath
L196R,0.8154,LPath
L196S,0.9313,LPath
L196T,0.8275,LPath
L196V,0.3112,LBen
L196W,0.7616,LPath
L196Y,0.8911,LPath
Q197A,0.2588,LBen
Q197C,0.6528,LPath
Q197D,0.6117,LPath
Q197E,0.0969,LBen
Q197F,0.8798,LPath
Q197G,0.2893,LBen
Q197H,0.2808,LBen
Q197I,0.663,LPath
Q197K,0.0818,LBen
Q197L,0.2638,LBen
Q197M,0.5621,Amb
Q197N,0.5301,Amb
Q197P,0.3099,LBen
Q197R,0.0813,LBen
Q197S,0.3204,LBen
Q197T,0.2769,LBen
Q197V,0.4561,Amb
Q197W,0.6562,LPath
Q197Y,0.6609,LPath
G198A,0.0848,LBen
G198C,0.1226,LBen
G198D,0.1119,LBen
G198E,0.1012,LBen
G198F,0.3141,LBen
G198H,0.1557,LBen
G198I,0.142,LBen
G198K,0.1689,LBen
G198L,0.2115,LBen
G198M,0.2637,LBen
G198N,0.1584,LBen
G198P,0.7095,LPath
G198Q,0.1484,LBen
G198R,0.1388,LBen
G198S,0.0826,LBen
G198T,0.0884,LBen
G198V,0.0915,LBen
G198W,0.2372,LBen
G198Y,0.2137,LBen
L199A,0.3452,Amb
L199C,0.6099,LPath
L199D,0.8309,LPath
L199E,0.5213,Amb
L199F,0.1739,LBen
L199G,0.6697,LPath
L199H,0.3541,Amb
L199I,0.0938,LBen
L199K,0.3319,LBen
L199M,0.1112,LBen
L199N,0.6039,LPath
L199P,0.5659,LPath
L199Q,0.2485,LBen
L199R,0.2596,LBen
L199S,0.4905,Amb
L199T,0.3633,Amb
L199V,0.1101,LBen
L199W,0.2929,LBen
L199Y,0.4907,Amb
A200C,0.5001,Amb
A200D,0.7673,LPath
A200E,0.6888,LPath
A200F,0.6328,LPath
A200G,0.226,LBen
A200H,0.7367,LPath
A200I,0.4949,Amb
A200K,0.7874,LPath
A200L,0.3355,LBen
A200M,0.4161,Amb
A200N,0.6473,LPath
A200P,0.6211,LPath
A200Q,0.608,LPath
A200R,0.6837,LPath
A200S,0.1328,LBen
A200T,0.1394,LBen
A200V,0.2206,LBen
A200W,0.914,LPath
A200Y,0.7812,LPath
T201A,0.0559,LBen
T201C,0.2078,LBen
T201D,0.239,LBen
T201E,0.1859,LBen
T201F,0.2717,LBen
T201G,0.1022,LBen
T201H,0.174,LBen
T201I,0.1552,LBen
T201K,0.1139,LBen
T201L,0.0887,LBen
T201M,0.0896,LBen
T201N,0.1125,LBen
T201P,0.0903,LBen
T201Q,0.1318,LBen
T201R,0.0968,LBen
T201S,0.0845,LBen
T201V,0.109,LBen
T201W,0.4451,Amb
T201Y,0.2543,LBen
N202A,0.1561,LBen
N202C,0.207,LBen
N202D,0.1634,LBen
N202E,0.2873,LBen
N202F,0.6167,LPath
N202G,0.1916,LBen
N202H,0.0858,LBen
N202I,0.2516,LBen
N202K,0.198,LBen
N202L,0.2748,LBen
N202M,0.3891,Amb
N202P,0.5186,Amb
N202Q,0.2156,LBen
N202R,0.1554,LBen
N202S,0.0669,LBen
N202T,0.1179,LBen
N202V,0.199,LBen
N202W,0.7131,LPath
N202Y,0.1986,LBen
Q203A,0.1243,LBen
Q203C,0.3629,Amb
Q203D,0.1933,LBen
Q203E,0.0664,LBen
Q203F,0.5345,Amb
Q203G,0.1677,LBen
Q203H,0.1207,LBen
Q203I,0.2893,LBen
Q203K,0.0632,LBen
Q203L,0.1237,LBen
Q203M,0.2995,LBen
Q203N,0.1951,LBen
Q203P,0.0934,LBen
Q203R,0.0608,LBen
Q203S,0.1377,LBen
Q203T,0.122,LBen
Q203V,0.1816,LBen
Q203W,0.3772,Amb
Q203Y,0.3109,LBen
P204A,0.2087,LBen
P204C,0.6977,LPath
P204D,0.9048,LPath
P204E,0.8577,LPath
P204F,0.8884,LPath
P204G,0.7331,LPath
P204H,0.69,LPath
P204I,0.5512,Amb
P204K,0.8428,LPath
P204L,0.3468,Amb
P204M,0.7165,LPath
P204N,0.8447,LPath
P204Q,0.7119,LPath
P204R,0.6524,LPath
P204S,0.5011,Amb
P204T,0.3791,Amb
P204V,0.3598,Amb
P204W,0.9433,LPath
P204Y,0.8403,LPath
F205A,0.8227,LPath
F205C,0.4837,Amb
F205D,0.9523,LPath
F205E,0.9519,LPath
F205G,0.9365,LPath
F205H,0.7459,LPath
F205I,0.4027,Amb
F205K,0.9595,LPath
F205L,0.9246,LPath
F205M,0.8155,LPath
F205N,0.9091,LPath
F205P,0.9913,LPath
F205Q,0.9101,LPath
F205R,0.863,LPath
F205S,0.7672,LPath
F205T,0.8418,LPath
F205V,0.3267,LBen
F205W,0.6794,LPath
F205Y,0.2247,LBen
F206A,0.56,Amb
F206C,0.2504,LBen
F206D,0.8551,LPath
F206E,0.8117,LPath
F206G,0.7981,LPath
F206H,0.5208,Amb
F206I,0.187,LBen
F206K,0.8223,LPath
F206L,0.7512,LPath
F206M,0.5688,LPath
F206N,0.7603,LPath
F206P,0.9679,LPath
F206Q,0.6657,LPath
F206R,0.5763,LPath
F206S,0.4575,Amb
F206T,0.5249,Amb
F206V,0.1859,LBen
F206W,0.5325,Amb
F206Y,0.1996,LBen
W207A,0.8859,LPath
W207C,0.8528,LPath
W207D,0.9834,LPath
W207E,0.9727,LPath
W207F,0.3674,Amb
W207G,0.7961,LPath
W207H,0.84,LPath
W207I,0.8704,LPath
W207K,0.9724,LPath
W207L,0.7186,LPath
W207M,0.8991,LPath
W207N,0.9786,LPath
W207P,0.9885,LPath
W207Q,0.9516,LPath
W207R,0.9227,LPath
W207S,0.8104,LPath
W207T,0.8752,LPath
W207V,0.8036,LPath
W207Y,0.5349,Amb
E208A,0.2149,LBen
E208C,0.8939,LPath
E208D,0.4594,Amb
E208F,0.9136,LPath
E208G,0.3736,Amb
E208H,0.6083,LPath
E208I,0.6282,LPath
E208K,0.2641,LBen
E208L,0.6178,LPath
E208M,0.5677,LPath
E208N,0.6051,LPath
E208P,0.949,LPath
E208Q,0.1233,LBen
E208R,0.3688,Amb
E208S,0.3374,LBen
E208T,0.3324,LBen
E208V,0.3279,LBen
E208W,0.9668,LPath
E208Y,0.8464,LPath
A209C,0.3767,Amb
A209D,0.1739,LBen
A209E,0.1738,LBen
A209F,0.3446,Amb
A209G,0.1303,LBen
A209H,0.3853,Amb
A209I,0.2878,LBen
A209K,0.4697,Amb
A209L,0.2308,LBen
A209M,0.2232,LBen
A209N,0.1925,LBen
A209P,0.5157,Amb
A209Q,0.2597,LBen
A209R,0.4457,Amb
A209S,0.0729,LBen
A209T,0.0906,LBen
A209V,0.1297,LBen
A209W,0.703,LPath
A209Y,0.4071,Amb
Q210A,0.0828,LBen
Q210C,0.366,Amb
Q210D,0.1671,LBen
Q210E,0.0589,LBen
Q210F,0.5037,Amb
Q210G,0.1405,LBen
Q210H,0.1324,LBen
Q210I,0.2434,LBen
Q210K,0.0648,LBen
Q210L,0.0984,LBen
Q210M,0.2393,LBen
Q210N,0.1847,LBen
Q210P,0.0629,LBen
Q210R,0.072,LBen
Q210S,0.1038,LBen
Q210T,0.0884,LBen
Q210V,0.1333,LBen
Q210W,0.3577,Amb
Q210Y,0.3402,Amb
A211C,0.373,Amb
A211D,0.2056,LBen
A211E,0.1855,LBen
A211F,0.3683,Amb
A211G,0.1126,LBen
A211H,0.3716,Amb
A211I,0.2715,LBen
A211K,0.4084,Amb
A211L,0.1888,LBen
A211M,0.2048,LBen
A211N,0.1996,LBen
A211P,0.2714,LBen
A211Q,0.2556,LBen
A211R,0.3979,Amb
A211S,0.0721,LBen
A211T,0.0745,LBen
A211V,0.1129,LBen
A211W,0.7303,LPath
A211Y,0.4534,Amb
P212A,0.0516,LBen
P212C,0.3043,LBen
P212D,0.1593,LBen
P212E,0.0989,LBen
P212F,0.374,Amb
P212G,0.1533,LBen
P212H,0.1233,LBen
P212I,0.2138,LBen
P212K,0.1279,LBen
P212L,0.1019,LBen
P212M,0.1829,LBen
P212N,0.1627,LBen
P212Q,0.0809,LBen
P212R,0.1085,LBen
P212S,0.0744,LBen
P212T,0.0633,LBen
P212V,0.1301,LBen
P212W,0.4512,Amb
P212Y,0.3284,LBen
V213A,0.1738,LBen
V213C,0.6863,LPath
V213D,0.3649,Amb
V213E,0.2884,LBen
V213F,0.2103,LBen
V213G,0.2091,LBen
V213H,0.5751,LPath
V213I,0.0796,LBen
V213K,0.4458,Amb
V213L,0.2125,LBen
V213M,0.1731,LBen
V213N,0.2747,LBen
V213P,0.6132,LPath
V213Q,0.326,LBen
V213R,0.3935,Amb
V213S,0.2057,LBen
V213T,0.1719,LBen
V213W,0.8465,LPath
V213Y,0.5888,LPath
S214A,0.0618,LBen
S214C,0.045,LBen
S214D,0.2613,LBen
S214E,0.1527,LBen
S214F,0.315,LBen
S214G,0.0654,LBen
S214H,0.0687,LBen
S214I,0.147,LBen
S214K,0.0891,LBen
S214L,0.0914,LBen
S214M,0.1291,LBen
S214N,0.1272,LBen
S214P,0.2958,LBen
S214Q,0.0557,LBen
S214R,0.0436,LBen
S214T,0.0661,LBen
S214V,0.142,LBen
S214W,0.1905,LBen
S214Y,0.1931,LBen
T215A,0.4009,Amb
T215C,0.8689,LPath
T215D,0.9578,LPath
T215E,0.9322,LPath
T215F,0.9281,LPath
T215G,0.8075,LPath
T215H,0.9335,LPath
T215I,0.7276,LPath
T215K,0.8983,LPath
T215L,0.5147,Amb
T215M,0.4743,Amb
T215N,0.8518,LPath
T215P,0.641,LPath
T215Q,0.8839,LPath
T215R,0.8346,LPath
T215S,0.6319,LPath
T215V,0.4314,Amb
T215W,0.9814,LPath
T215Y,0.9661,LPath
V216A,0.5137,Amb
V216C,0.9494,LPath
V216D,0.9421,LPath
V216E,0.8694,LPath
V216F,0.8272,LPath
V216G,0.6396,LPath
V216H,0.9662,LPath
V216I,0.3213,LBen
V216K,0.9181,LPath
V216L,0.8807,LPath
V216M,0.675,LPath
V216N,0.7837,LPath
V216P,0.7931,LPath
V216Q,0.7988,LPath
V216R,0.8243,LPath
V216S,0.5955,LPath
V216T,0.5998,LPath
V216W,0.9936,LPath
V216Y,0.9821,LPath
E217A,0.1061,LBen
E217C,0.7418,LPath
E217D,0.0834,LBen
E217F,0.7542,LPath
E217G,0.1391,LBen
E217H,0.3718,Amb
E217I,0.3836,Amb
E217K,0.1619,LBen
E217L,0.2949,LBen
E217M,0.4461,Amb
E217N,0.2217,LBen
E217P,0.2945,LBen
E217Q,0.1198,LBen
E217R,0.2393,LBen
E217S,0.1281,LBen
E217T,0.1707,LBen
E217V,0.2123,LBen
E217W,0.8585,LPath
E217Y,0.6068,LPath
Q218A,0.175,LBen
Q218C,0.594,LPath
Q218D,0.3762,Amb
Q218E,0.0726,LBen
Q218F,0.7345,LPath
Q218G,0.1711,LBen
Q218H,0.2661,LBen
Q218I,0.5514,Amb
Q218K,0.12,LBen
Q218L,0.1321,LBen
Q218M,0.3451,Amb
Q218N,0.2743,LBen
Q218P,0.2895,LBen
Q218R,0.1293,LBen
Q218S,0.2162,LBen
Q218T,0.1447,LBen
Q218V,0.3263,LBen
Q218W,0.6921,LPath
Q218Y,0.5301,Amb
L219A,0.9194,LPath
L219C,0.9087,LPath
L219D,0.9988,LPath
L219E,0.9911,LPath
L219F,0.9937,LPath
L219G,0.9757,LPath
L219H,0.9953,LPath
L219I,0.7706,LPath
L219K,0.988,LPath
L219M,0.7919,LPath
L219N,0.9875,LPath
L219P,0.9931,LPath
L219Q,0.9862,LPath
L219R,0.975,LPath
L219S,0.9898,LPath
L219T,0.9092,LPath
L219V,0.6903,LPath
L219W,0.9958,LPath
L219Y,0.9972,LPath
D220A,0.1917,LBen
D220C,0.5476,Amb
D220E,0.1526,LBen
D220F,0.655,LPath
D220G,0.3114,LBen
D220H,0.2066,LBen
D220I,0.2594,LBen
D220K,0.3219,LBen
D220L,0.3494,Amb
D220M,0.5533,Amb
D220N,0.1111,LBen
D220P,0.9304,LPath
D220Q,0.2136,LBen
D220R,0.3329,LBen
D220S,0.1324,LBen
D220T,0.2014,LBen
D220V,0.1577,LBen
D220W,0.8799,LPath
D220Y,0.275,LBen
Q221A,0.7527,LPath
Q221C,0.9697,LPath
Q221D,0.9644,LPath
Q221E,0.2855,LBen
Q221F,0.9906,LPath
Q221G,0.8324,LPath
Q221H,0.9371,LPath
Q221I,0.9151,LPath
Q221K,0.9146,LPath
Q221L,0.8076,LPath
Q221M,0.7954,LPath
Q221N,0.8516,LPath
Q221P,0.9327,LPath
Q221R,0.9149,LPath
Q221S,0.6538,LPath
Q221T,0.6836,LPath
Q221V,0.8436,LPath
Q221W,0.9954,LPath
Q221Y,0.9918,LPath
R222A,0.6488,LPath
R222C,0.1566,LBen
R222D,0.8525,LPath
R222E,0.5509,Amb
R222F,0.5591,Amb
R222G,0.4447,Amb
R222H,0.0917,LBen
R222I,0.4717,Amb
R222K,0.1318,LBen
R222L,0.3875,Amb
R222M,0.4216,Amb
R222N,0.6831,LPath
R222P,0.9837,LPath
R222Q,0.113,LBen
R222S,0.6072,LPath
R222T,0.3947,Amb
R222V,0.5367,Amb
R222W,0.2238,LBen
R222Y,0.3233,LBen
Y223A,0.9551,LPath
Y223C,0.4626,Amb
Y223D,0.9827,LPath
Y223E,0.9934,LPath
Y223F,0.0899,LBen
Y223G,0.948,LPath
Y223H,0.8056,LPath
Y223I,0.7837,LPath
Y223K,0.9894,LPath
Y223L,0.794,LPath
Y223M,0.8735,LPath
Y223N,0.9066,LPath
Y223P,0.9949,LPath
Y223Q,0.9797,LPath
Y223R,0.9705,LPath
Y223S,0.886,LPath
Y223T,0.9551,LPath
Y223V,0.7108,LPath
Y223W,0.6461,LPath
L224A,0.633,LPath
L224C,0.5133,Amb
L224D,0.9931,LPath
L224E,0.9407,LPath
L224F,0.4446,Amb
L224G,0.9145,LPath
L224H,0.8428,LPath
L224I,0.0859,LBen
L224K,0.9079,LPath
L224M,0.1566,LBen
L224N,0.9442,LPath
L224P,0.9893,LPath
L224Q,0.7342,LPath
L224R,0.8235,LPath
L224S,0.8504,LPath
L224T,0.67,LPath
L224V,0.0826,LBen
L224W,0.7886,LPath
L224Y,0.8104,LPath
L225A,0.8053,LPath
L225C,0.8494,LPath
L225D,0.9926,LPath
L225E,0.9534,LPath
L225F,0.445,Amb
L225G,0.9573,LPath
L225H,0.8294,LPath
L225I,0.3538,Amb
L225K,0.8695,LPath
L225M,0.3158,LBen
L225N,0.9592,LPath
L225P,0.9104,LPath
L225Q,0.7657,LPath
L225R,0.7261,LPath
L225S,0.935,LPath
L225T,0.8102,LPath
L225V,0.3295,LBen
L225W,0.7503,LPath
L225Y,0.8779,LPath
V226A,0.3986,Amb
V226C,0.6974,LPath
V226D,0.9805,LPath
V226E,0.9496,LPath
V226F,0.5679,LPath
V226G,0.5745,LPath
V226H,0.9698,LPath
V226I,0.12,LBen
V226K,0.9674,LPath
V226L,0.3747,Amb
V226M,0.3171,LBen
V226N,0.9024,LPath
V226P,0.9612,LPath
V226Q,0.9017,LPath
V226R,0.9422,LPath
V226S,0.5663,LPath
V226T,0.3027,LBen
V226W,0.9864,LPath
V226Y,0.9411,LPath
P227A,0.4907,Amb
P227C,0.9553,LPath
P227D,0.9762,LPath
P227E,0.9524,LPath
P227F,0.9923,LPath
P227G,0.8987,LPath
P227H,0.8946,LPath
P227I,0.984,LPath
P227K,0.9776,LPath
P227L,0.8563,LPath
P227M,0.9518,LPath
P227N,0.9483,LPath
P227Q,0.8924,LPath
P227R,0.9297,LPath
P227S,0.6804,LPath
P227T,0.753,LPath
P227V,0.9372,LPath
P227W,0.9901,LPath
P227Y,0.9885,LPath
E228A,0.3633,Amb
E228C,0.9421,LPath
E228D,0.4279,Amb
E228F,0.9536,LPath
E228G,0.4122,Amb
E228H,0.8578,LPath
E228I,0.8107,LPath
E228K,0.6071,LPath
E228L,0.8024,LPath
E228M,0.8293,LPath
E228N,0.738,LPath
E228P,0.8992,LPath
E228Q,0.3422,Amb
E228R,0.7096,LPath
E228S,0.5156,Amb
E228T,0.6893,LPath
E228V,0.5896,LPath
E228W,0.9807,LPath
E228Y,0.9103,LPath
K229A,0.3235,LBen
K229C,0.7009,LPath
K229D,0.6654,LPath
K229E,0.4053,Amb
K229F,0.8583,LPath
K229G,0.4338,Amb
K229H,0.3692,Amb
K229I,0.5551,Amb
K229L,0.5215,Amb
K229M,0.2835,LBen
K229N,0.5103,Amb
K229P,0.7436,LPath
K229Q,0.194,LBen
K229R,0.0904,LBen
K229S,0.4718,Amb
K229T,0.2614,LBen
K229V,0.4123,Amb
K229W,0.8353,LPath
K229Y,0.6866,LPath
V230A,0.7402,LPath
V230C,0.8697,LPath
V230D,0.9398,LPath
V230E,0.9055,LPath
V230F,0.5344,Amb
V230G,0.6823,LPath
V230H,0.9546,LPath
V230I,0.1383,LBen
V230K,0.9447,LPath
V230L,0.5986,LPath
V230M,0.503,Amb
V230N,0.8716,LPath
V230P,0.9766,LPath
V230Q,0.8915,LPath
V230R,0.909,LPath
V230S,0.8163,LPath
V230T,0.763,LPath
V230W,0.9622,LPath
V230Y,0.8636,LPath
K231A,0.9736,LPath
K231C,0.9724,LPath
K231D,0.9956,LPath
K231E,0.9423,LPath
K231F,0.998,LPath
K231G,0.9834,LPath
K231H,0.9176,LPath
K231I,0.9767,LPath
K231L,0.9565,LPath
K231M,0.9313,LPath
K231N,0.9901,LPath
K231P,0.9958,LPath
K231Q,0.7656,LPath
K231R,0.1506,LBen
K231S,0.9867,LPath
K231T,0.9369,LPath
K231V,0.9611,LPath
K231W,0.9913,LPath
K231Y,0.9923,LPath
D232A,0.926,LPath
D232C,0.9789,LPath
D232E,0.6117,LPath
D232F,0.9889,LPath
D232G,0.9347,LPath
D232H,0.9599,LPath
D232I,0.9748,LPath
D232K,0.9872,LPath
D232L,0.9761,LPath
D232M,0.9892,LPath
D232N,0.8112,LPath
D232P,0.9892,LPath
D232Q,0.9735,LPath
D232R,0.9877,LPath
D232S,0.9009,LPath
D232T,0.9503,LPath
D232V,0.9213,LPath
D232W,0.9945,LPath
D232Y,0.9055,LPath
A233C,0.6661,LPath
A233D,0.9856,LPath
A233E,0.9848,LPath
A233F,0.9612,LPath
A233G,0.2409,LBen
A233H,0.9828,LPath
A233I,0.8464,LPath
A233K,0.9953,LPath
A233L,0.842,LPath
A233M,0.8538,LPath
A233N,0.9404,LPath
A233P,0.8385,LPath
A233Q,0.9705,LPath
A233R,0.9844,LPath
A233S,0.2003,LBen
A233T,0.3561,Amb
A233V,0.5532,Amb
A233W,0.9958,LPath
A233Y,0.9798,LPath
Y234A,0.8289,LPath
Y234C,0.2713,LBen
Y234D,0.9583,LPath
Y234E,0.9854,LPath
Y234F,0.155,LBen
Y234G,0.8374,LPath
Y234H,0.6909,LPath
Y234I,0.8478,LPath
Y234K,0.9851,LPath
Y234L,0.7778,LPath
Y234M,0.8679,LPath
Y234N,0.7479,LPath
Y234P,0.9904,LPath
Y234Q,0.9505,LPath
Y234R,0.9489,LPath
Y234S,0.5794,LPath
Y234T,0.8248,LPath
Y234V,0.6716,LPath
Y234W,0.5211,Amb
L235A,0.7401,LPath
L235C,0.7633,LPath
L235D,0.9991,LPath
L235E,0.9938,LPath
L235F,0.5473,Amb
L235G,0.9646,LPath
L235H,0.983,LPath
L235I,0.2212,LBen
L235K,0.994,LPath
L235M,0.2002,LBen
L235N,0.9915,LPath
L235P,0.9965,LPath
L235Q,0.9651,LPath
L235R,0.9862,LPath
L235S,0.9441,LPath
L235T,0.6706,LPath
L235V,0.1735,LBen
L235W,0.9496,LPath
L235Y,0.9673,LPath
V236A,0.5959,LPath
V236C,0.8098,LPath
V236D,0.9861,LPath
V236E,0.9654,LPath
V236F,0.4762,Amb
V236G,0.6833,LPath
V236H,0.9661,LPath
V236I,0.1055,LBen
V236K,0.9702,LPath
V236L,0.5149,Amb
V236M,0.4556,Amb
V236N,0.9173,LPath
V236P,0.9783,LPath
V236Q,0.9358,LPath
V236R,0.944,LPath
V236S,0.7393,LPath
V236T,0.559,Amb
V236W,0.9721,LPath
V236Y,0.8851,LPath
H237A,0.4526,Amb
H237C,0.2044,LBen
H237D,0.4678,Amb
H237E,0.5366,Amb
H237F,0.2931,LBen
H237G,0.5501,Amb
H237I,0.6033,LPath
H237K,0.5168,Amb
H237L,0.2559,LBen
H237M,0.658,LPath
H237N,0.1989,LBen
H237P,0.8507,LPath
H237Q,0.3208,LBen
H237R,0.228,LBen
H237S,0.3252,LBen
H237T,0.4604,Amb
H237V,0.4692,Amb
H237W,0.4116,Amb
H237Y,0.0754,LBen
L238A,0.5816,LPath
L238C,0.6123,LPath
L238D,0.9855,LPath
L238E,0.8979,LPath
L238F,0.3561,Amb
L238G,0.8967,LPath
L238H,0.7963,LPath
L238I,0.1016,LBen
L238K,0.8892,LPath
L238M,0.1478,LBen
L238N,0.8838,LPath
L238P,0.9906,LPath
L238Q,0.7057,LPath
L238R,0.8305,LPath
L238S,0.7486,LPath
L238T,0.4113,Amb
L238V,0.1061,LBen
L238W,0.7584,LPath
L238Y,0.7985,LPath
I239A,0.6063,LPath
I239C,0.6967,LPath
I239D,0.9896,LPath
I239E,0.9773,LPath
I239F,0.4236,Amb
I239G,0.8967,LPath
I239H,0.9575,LPath
I239K,0.9668,LPath
I239L,0.1052,LBen
I239M,0.1625,LBen
I239N,0.8875,LPath
I239P,0.9746,LPath
I239Q,0.9436,LPath
I239R,0.9476,LPath
I239S,0.7264,LPath
I239T,0.522,Amb
I239V,0.0746,LBen
I239W,0.9682,LPath
I239Y,0.9162,LPath
Q240A,0.3572,Amb
Q240C,0.6124,LPath
Q240D,0.5893,LPath
Q240E,0.1118,LBen
Q240F,0.8014,LPath
Q240G,0.2875,LBen
Q240H,0.293,LBen
Q240I,0.5904,LPath
Q240K,0.1194,LBen
Q240L,0.2019,LBen
Q240M,0.5031,Amb
Q240N,0.4382,Amb
Q240P,0.8189,LPath
Q240R,0.1008,LBen
Q240S,0.3362,LBen
Q240T,0.2775,LBen
Q240V,0.4349,Amb
Q240W,0.617,LPath
Q240Y,0.5917,LPath
R241A,0.1116,LBen
R241C,0.0888,LBen
R241D,0.1972,LBen
R241E,0.147,LBen
R241F,0.2418,LBen
R241G,0.0899,LBen
R241H,0.0572,LBen
R241I,0.1075,LBen
R241K,0.0651,LBen
R241L,0.103,LBen
R241M,0.0982,LBen
R241N,0.1096,LBen
R241P,0.687,LPath
R241Q,0.0661,LBen
R241S,0.1004,LBen
R241T,0.0626,LBen
R241V,0.1347,LBen
R241W,0.1376,LBen
R241Y,0.1403,LBen
F242A,0.8276,LPath
F242C,0.4875,Amb
F242D,0.945,LPath
F242E,0.9387,LPath
F242G,0.9247,LPath
F242H,0.7556,LPath
F242I,0.3509,Amb
F242K,0.932,LPath
F242L,0.8503,LPath
F242M,0.5906,LPath
F242N,0.8597,LPath
F242P,0.9958,LPath
F242Q,0.883,LPath
F242R,0.8854,LPath
F242S,0.7595,LPath
F242T,0.7877,LPath
F242V,0.4224,Amb
F242W,0.5183,Amb
F242Y,0.21,LBen
Q243A,0.2134,LBen
Q243C,0.4193,Amb
Q243D,0.5291,Amb
Q243E,0.1056,LBen
Q243F,0.6212,LPath
Q243G,0.2536,LBen
Q243H,0.195,LBen
Q243I,0.3304,LBen
Q243K,0.1097,LBen
Q243L,0.1191,LBen
Q243M,0.3199,LBen
Q243N,0.3574,Amb
Q243P,0.4529,Amb
Q243R,0.0902,LBen
Q243S,0.2459,LBen
Q243T,0.1375,LBen
Q243V,0.2385,LBen
Q243W,0.435,Amb
Q243Y,0.3982,Amb
D244A,0.1059,LBen
D244C,0.404,Amb
D244E,0.0967,LBen
D244F,0.4652,Amb
D244G,0.1217,LBen
D244H,0.1759,LBen
D244I,0.2447,LBen
D244K,0.1658,LBen
D244L,0.2406,LBen
D244M,0.3303,LBen
D244N,0.0882,LBen
D244P,0.7952,LPath
D244Q,0.1488,LBen
D244R,0.1842,LBen
D244S,0.1066,LBen
D244T,0.1337,LBen
D244V,0.1411,LBen
D244W,0.6607,LPath
D244Y,0.166,LBen
E245A,0.0973,LBen
E245C,0.5027,Amb
E245D,0.1083,LBen
E245F,0.4709,Amb
E245G,0.1178,LBen
E245H,0.2103,LBen
E245I,0.1812,LBen
E245K,0.0813,LBen
E245L,0.1826,LBen
E245M,0.2241,LBen
E245N,0.1482,LBen
E245P,0.697,LPath
E245Q,0.0733,LBen
E245R,0.1198,LBen
E245S,0.1134,LBen
E245T,0.1006,LBen
E245V,0.1331,LBen
E245W,0.6573,LPath
E245Y,0.3656,Amb
H246A,0.4187,Amb
H246C,0.1823,LBen
H246D,0.3653,Amb
H246E,0.2819,LBen
H246F,0.4029,Amb
H246G,0.4002,Amb
H246I,0.4993,Amb
H246K,0.2035,LBen
H246L,0.2517,LBen
H246M,0.4754,Amb
H246N,0.132,LBen
H246P,0.5061,Amb
H246Q,0.1681,LBen
H246R,0.0997,LBen
H246S,0.3573,Amb
H246T,0.3679,Amb
H246V,0.4007,Amb
H246W,0.4247,Amb
H246Y,0.1583,LBen
E247A,0.0951,LBen
E247C,0.496,Amb
E247D,0.0747,LBen
E247F,0.5342,Amb
E247G,0.0883,LBen
E247H,0.2039,LBen
E247I,0.2318,LBen
E247K,0.0757,LBen
E247L,0.2416,LBen
E247M,0.2825,LBen
E247N,0.1401,LBen
E247P,0.1832,LBen
E247Q,0.0887,LBen
E247R,0.122,LBen
E247S,0.1076,LBen
E247T,0.1188,LBen
E247V,0.1554,LBen
E247W,0.6643,LPath
E247Y,0.3808,Amb
D248A,0.1721,LBen
D248C,0.5707,LPath
D248E,0.1683,LBen
D248F,0.5647,LPath
D248G,0.1305,LBen
D248H,0.268,LBen
D248I,0.3911,Amb
D248K,0.3524,Amb
D248L,0.3884,Amb
D248M,0.5403,Amb
D248N,0.0986,LBen
D248P,0.7072,LPath
D248Q,0.2874,LBen
D248R,0.3813,Amb
D248S,0.1394,LBen
D248T,0.2085,LBen
D248V,0.2456,LBen
D248W,0.8554,LPath
D248Y,0.2363,LBen
W249A,0.2141,LBen
W249C,0.3011,LBen
W249D,0.5391,Amb
W249E,0.7366,LPath
W249F,0.256,LBen
W249G,0.1477,LBen
W249H,0.5118,Amb
W249I,0.518,Amb
W249K,0.6824,LPath
W249L,0.3171,LBen
W249M,0.472,Amb
W249N,0.519,Amb
W249P,0.8512,LPath
W249Q,0.6228,LPath
W249R,0.6193,LPath
W249S,0.147,LBen
W249T,0.2686,LBen
W249V,0.3809,Amb
W249Y,0.3161,LBen
S250A,0.1147,LBen
S250C,0.1756,LBen
S250D,0.8809,LPath
S250E,0.9074,LPath
S250F,0.7012,LPath
S250G,0.1915,LBen
S250H,0.7322,LPath
S250I,0.703,LPath
S250K,0.9618,LPath
S250L,0.2699,LBen
S250M,0.425,Amb
S250N,0.3817,Amb
S250P,0.6573,LPath
S250Q,0.8191,LPath
S250R,0.9463,LPath
S250T,0.2033,LBen
S250V,0.5737,LPath
S250W,0.7679,LPath
S250Y,0.5839,LPath
I251A,0.5604,Amb
I251C,0.6696,LPath
I251D,0.9804,LPath
I251E,0.9634,LPath
I251F,0.3421,Amb
I251G,0.8873,LPath
I251H,0.9359,LPath
I251K,0.9357,LPath
I251L,0.1542,LBen
I251M,0.1083,LBen
I251N,0.8145,LPath
I251P,0.9778,LPath
I251Q,0.9253,LPath
I251R,0.9101,LPath
I251S,0.6658,LPath
I251T,0.5005,Amb
I251V,0.0651,LBen
I251W,0.9518,LPath
I251Y,0.8613,LPath
I252A,0.9102,LPath
I252C,0.9142,LPath
I252D,0.9973,LPath
I252E,0.9932,LPath
I252F,0.6881,LPath
I252G,0.987,LPath
I252H,0.9901,LPath
I252K,0.9922,LPath
I252L,0.166,LBen
I252M,0.0925,LBen
I252N,0.9639,LPath
I252P,0.9948,LPath
I252Q,0.9752,LPath
I252R,0.9879,LPath
I252S,0.9245,LPath
I252T,0.9165,LPath
I252V,0.1397,LBen
I252W,0.9918,LPath
I252Y,0.9758,LPath
I253A,0.8923,LPath
I253C,0.8925,LPath
I253D,0.9985,LPath
I253E,0.9975,LPath
I253F,0.7771,LPath
I253G,0.9866,LPath
I253H,0.9958,LPath
I253K,0.9972,LPath
I253L,0.2508,LBen
I253M,0.4348,Amb
I253N,0.9795,LPath
I253P,0.9939,LPath
I253Q,0.9954,LPath
I253R,0.9944,LPath
I253S,0.9418,LPath
I253T,0.8826,LPath
I253V,0.0806,LBen
I253W,0.9963,LPath
I253Y,0.9812,LPath
F254A,0.9972,LPath
F254C,0.987,LPath
F254D,0.9995,LPath
F254E,0.9995,LPath
F254G,0.9982,LPath
F254H,0.9922,LPath
F254I,0.9923,LPath
F254K,0.9995,LPath
F254L,0.9988,LPath
F254M,0.9922,LPath
F254N,0.9972,LPath
F254P,0.9999,LPath
F254Q,0.9986,LPath
F254R,0.9979,LPath
F254S,0.9941,LPath
F254T,0.997,LPath
F254V,0.9904,LPath
F254W,0.9772,LPath
F254Y,0.9081,LPath
T255A,0.2153,LBen
T255C,0.3254,LBen
T255D,0.9874,LPath
T255E,0.9843,LPath
T255F,0.9719,LPath
T255G,0.6422,LPath
T255H,0.9576,LPath
T255I,0.7965,LPath
T255K,0.9859,LPath
T255L,0.7023,LPath
T255M,0.5135,Amb
T255N,0.8109,LPath
T255P,0.8773,LPath
T255Q,0.9432,LPath
T255R,0.9642,LPath
T255S,0.2405,LBen
T255V,0.4324,Amb
T255W,0.9959,LPath
T255Y,0.9852,LPath
N256A,0.1506,LBen
N256C,0.2244,LBen
N256D,0.1562,LBen
N256E,0.5017,Amb
N256F,0.6652,LPath
N256G,0.1438,LBen
N256H,0.1042,LBen
N256I,0.4118,Amb
N256K,0.3627,Amb
N256L,0.3283,LBen
N256M,0.4098,Amb
N256P,0.5321,Amb
N256Q,0.3023,LBen
N256R,0.343,Amb
N256S,0.0547,LBen
N256T,0.1357,LBen
N256V,0.3194,LBen
N256W,0.8049,LPath
N256Y,0.2219,LBen
T257A,0.6199,LPath
T257C,0.8605,LPath
T257D,0.9232,LPath
T257E,0.9491,LPath
T257F,0.9143,LPath
T257G,0.7252,LPath
T257H,0.6763,LPath
T257I,0.9209,LPath
T257K,0.6457,LPath
T257L,0.7311,LPath
T257M,0.6075,LPath
T257N,0.5487,Amb
T257P,0.9208,LPath
T257Q,0.7152,LPath
T257R,0.5592,Amb
T257S,0.3752,Amb
T257V,0.8164,LPath
T257W,0.9743,LPath
T257Y,0.8664,LPath
C258A,0.8992,LPath
C258D,0.9984,LPath
C258E,0.9985,LPath
C258F,0.9872,LPath
C258G,0.8812,LPath
C258H,0.9961,LPath
C258I,0.9609,LPath
C258K,0.9948,LPath
C258L,0.9804,LPath
C258M,0.9709,LPath
C258N,0.9828,LPath
C258P,0.9793,LPath
C258Q,0.9838,LPath
C258R,0.9729,LPath
C258S,0.9164,LPath
C258T,0.8982,LPath
C258V,0.8551,LPath
C258W,0.9967,LPath
C258Y,0.994,LPath
K259A,0.949,LPath
K259C,0.9596,LPath
K259D,0.9859,LPath
K259E,0.9146,LPath
K259F,0.984,LPath
K259G,0.9507,LPath
K259H,0.7213,LPath
K259I,0.944,LPath
K259L,0.9048,LPath
K259M,0.8863,LPath
K259N,0.9689,LPath
K259P,0.9864,LPath
K259Q,0.6026,LPath
K259R,0.1103,LBen
K259S,0.9591,LPath
K259T,0.8942,LPath
K259V,0.9131,LPath
K259W,0.9645,LPath
K259Y,0.9436,LPath
T260A,0.0786,LBen
T260C,0.336,LBen
T260D,0.2873,LBen
T260E,0.3493,Amb
T260F,0.1935,LBen
T260G,0.1327,LBen
T260H,0.198,LBen
T260I,0.2134,LBen
T260K,0.3765,Amb
T260L,0.1107,LBen
T260M,0.0923,LBen
T260N,0.0729,LBen
T260P,0.5161,Amb
T260Q,0.2345,LBen
T260R,0.3283,LBen
T260S,0.0722,LBen
T260V,0.1607,LBen
T260W,0.5233,Amb
T260Y,0.1836,LBen
C261A,0.6731,LPath
C261D,0.9985,LPath
C261E,0.9994,LPath
C261F,0.9963,LPath
C261G,0.6382,LPath
C261H,0.9986,LPath
C261I,0.9866,LPath
C261K,0.9998,LPath
C261L,0.9787,LPath
C261M,0.9876,LPath
C261N,0.9827,LPath
C261P,0.9993,LPath
C261Q,0.9976,LPath
C261R,0.9968,LPath
C261S,0.6084,LPath
C261T,0.7061,LPath
C261V,0.886,LPath
C261W,0.9996,LPath
C261Y,0.9989,LPath
Q262A,0.661,LPath
Q262C,0.9462,LPath
Q262D,0.9286,LPath
Q262E,0.234,LBen
Q262F,0.9671,LPath
Q262G,0.7793,LPath
Q262H,0.6543,LPath
Q262I,0.9176,LPath
Q262K,0.6806,LPath
Q262L,0.7024,LPath
Q262M,0.7497,LPath
Q262N,0.7071,LPath
Q262P,0.989,LPath
Q262R,0.5895,LPath
Q262S,0.5955,LPath
Q262T,0.7301,LPath
Q262V,0.8158,LPath
Q262W,0.9743,LPath
Q262Y,0.9334,LPath
I263A,0.6869,LPath
I263C,0.791,LPath
I263D,0.9522,LPath
I263E,0.8821,LPath
I263F,0.4912,Amb
I263G,0.8478,LPath
I263H,0.882,LPath
I263K,0.8256,LPath
I263L,0.1697,LBen
I263M,0.1666,LBen
I263N,0.6224,LPath
I263P,0.99,LPath
I263Q,0.8,LPath
I263R,0.7977,LPath
I263S,0.6323,LPath
I263T,0.4841,Amb
I263V,0.0783,LBen
I263W,0.9588,LPath
I263Y,0.8339,LPath
L264A,0.8435,LPath
L264C,0.8479,LPath
L264D,0.9939,LPath
L264E,0.9658,LPath
L264F,0.5929,LPath
L264G,0.9682,LPath
L264H,0.9073,LPath
L264I,0.1425,LBen
L264K,0.9725,LPath
L264M,0.2502,LBen
L264N,0.9217,LPath
L264P,0.9944,LPath
L264Q,0.8647,LPath
L264R,0.9483,LPath
L264S,0.8784,LPath
L264T,0.6541,LPath
L264V,0.1978,LBen
L264W,0.9034,LPath
L264Y,0.9085,LPath
C265A,0.2725,LBen
C265D,0.6175,LPath
C265E,0.7289,LPath
C265F,0.2463,LBen
C265G,0.1144,LBen
C265H,0.3135,LBen
C265I,0.6759,LPath
C265K,0.7844,LPath
C265L,0.4967,Amb
C265M,0.5937,LPath
C265N,0.2171,LBen
C265P,0.9789,LPath
C265Q,0.4881,Amb
C265R,0.4704,Amb
C265S,0.1284,LBen
C265T,0.2312,LBen
C265V,0.4687,Amb
C265W,0.4984,Amb
C265Y,0.235,LBen
M266A,0.4793,Amb
M266C,0.7336,LPath
M266D,0.8558,LPath
M266E,0.5603,Amb
M266F,0.522,Amb
M266G,0.6742,LPath
M266H,0.6347,LPath
M266I,0.5539,Amb
M266K,0.3477,Amb
M266L,0.1391,LBen
M266N,0.6327,LPath
M266P,0.9822,LPath
M266Q,0.3251,LBen
M266R,0.3643,Amb
M266S,0.4917,Amb
M266T,0.2651,LBen
M266V,0.1585,LBen
M266W,0.7854,LPath
M266Y,0.7301,LPath
M267A,0.7125,LPath
M267C,0.919,LPath
M267D,0.9927,LPath
M267E,0.9521,LPath
M267F,0.8425,LPath
M267G,0.9232,LPath
M267H,0.975,LPath
M267I,0.7641,LPath
M267K,0.945,LPath
M267L,0.253,LBen
M267N,0.9232,LPath
M267P,0.9972,LPath
M267Q,0.8282,LPath
M267R,0.9625,LPath
M267S,0.7387,LPath
M267T,0.3409,Amb
M267V,0.2913,LBen
M267W,0.9885,LPath
M267Y,0.97,LPath
L268A,0.7437,LPath
L268C,0.6931,LPath
L268D,0.9971,LPath
L268E,0.9845,LPath
L268F,0.3248,LBen
L268G,0.909,LPath
L268H,0.9623,LPath
L268I,0.3119,LBen
L268K,0.991,LPath
L268M,0.155,LBen
L268N,0.9644,LPath
L268P,0.9935,LPath
L268Q,0.9282,LPath
L268R,0.983,LPath
L268S,0.8901,LPath
L268T,0.7253,LPath
L268V,0.3079,LBen
L268W,0.9019,LPath
L268Y,0.9308,LPath
R269A,0.3844,Amb
R269C,0.1663,LBen
R269D,0.5414,Amb
R269E,0.2461,LBen
R269F,0.6358,LPath
R269G,0.1794,LBen
R269H,0.1075,LBen
R269I,0.4166,Amb
R269K,0.0959,LBen
R269L,0.3073,LBen
R269M,0.3416,Amb
R269N,0.4319,Amb
R269P,0.8733,LPath
R269Q,0.0778,LBen
R269S,0.4011,Amb
R269T,0.2731,LBen
R269V,0.4469,Amb
R269W,0.2145,LBen
R269Y,0.3896,Amb
K270A,0.1903,LBen
K270C,0.4351,Amb
K270D,0.329,LBen
K270E,0.0972,LBen
K270F,0.6942,LPath
K270G,0.2784,LBen
K270H,0.1723,LBen
K270I,0.3241,LBen
K270L,0.2976,LBen
K270M,0.2056,LBen
K270N,0.2507,LBen
K270P,0.8463,LPath
K270Q,0.0784,LBen
K270R,0.0758,LBen
K270S,0.2151,LBen
K270T,0.1096,LBen
K270V,0.2806,LBen
K270W,0.702,LPath
K270Y,0.4718,Amb
F271A,0.7449,LPath
F271C,0.333,LBen
F271D,0.8864,LPath
F271E,0.8591,LPath
F271G,0.8429,LPath
F271H,0.618,LPath
F271I,0.3212,LBen
F271K,0.8596,LPath
F271L,0.7083,LPath
F271M,0.4662,Amb
F271N,0.6868,LPath
F271P,0.9929,LPath
F271Q,0.7495,LPath
F271R,0.7886,LPath
F271S,0.6819,LPath
F271T,0.7596,LPath
F271V,0.3255,LBen
F271W,0.5152,Amb
F271Y,0.1591,LBen
S272A,0.0843,LBen
S272C,0.0766,LBen
S272D,0.0853,LBen
S272E,0.184,LBen
S272F,0.2208,LBen
S272G,0.0718,LBen
S272H,0.0866,LBen
S272I,0.1623,LBen
S272K,0.1646,LBen
S272L,0.1269,LBen
S272M,0.1795,LBen
S272N,0.0556,LBen
S272P,0.3431,Amb
S272Q,0.1493,LBen
S272R,0.151,LBen
S272T,0.0804,LBen
S272V,0.155,LBen
S272W,0.3309,LBen
S272Y,0.1169,LBen
F273A,0.8868,LPath
F273C,0.5,Amb
F273D,0.9752,LPath
F273E,0.9604,LPath
F273G,0.9648,LPath
F273H,0.7656,LPath
F273I,0.2878,LBen
F273K,0.9253,LPath
F273L,0.8463,LPath
F273M,0.5616,Amb
F273N,0.9035,LPath
F273P,0.997,LPath
F273Q,0.8805,LPath
F273R,0.8735,LPath
F273S,0.8295,LPath
F273T,0.8715,LPath
F273V,0.3452,Amb
F273W,0.6755,LPath
F273Y,0.2324,LBen
P274A,0.1271,LBen
P274C,0.5297,Amb
P274D,0.4611,Amb
P274E,0.3195,LBen
P274F,0.6486,LPath
P274G,0.3824,Amb
P274H,0.2041,LBen
P274I,0.5568,Amb
P274K,0.3123,LBen
P274L,0.2438,LBen
P274M,0.4993,Amb
P274N,0.365,Amb
P274Q,0.1652,LBen
P274R,0.1963,LBen
P274S,0.1396,LBen
P274T,0.1744,LBen
P274V,0.3905,Amb
P274W,0.7355,LPath
P274Y,0.5317,Amb
T275A,0.0578,LBen
T275C,0.1651,LBen
T275D,0.851,LPath
T275E,0.8468,LPath
T275F,0.7569,LPath
T275G,0.2795,LBen
T275H,0.6725,LPath
T275I,0.3626,Amb
T275K,0.8671,LPath
T275L,0.3382,LBen
T275M,0.2224,LBen
T275N,0.3744,Amb
T275P,0.3914,Amb
T275Q,0.7155,LPath
T275R,0.7791,LPath
T275S,0.1027,LBen
T275V,0.1574,LBen
T275W,0.9447,LPath
T275Y,0.7668,LPath
V276A,0.2589,LBen
V276C,0.8307,LPath
V276D,0.9189,LPath
V276E,0.8552,LPath
V276F,0.6198,LPath
V276G,0.4565,Amb
V276H,0.9547,LPath
V276I,0.1027,LBen
V276K,0.9151,LPath
V276L,0.5405,Amb
V276M,0.333,LBen
V276N,0.7902,LPath
V276P,0.9744,LPath
V276Q,0.8453,LPath
V276R,0.8716,LPath
V276S,0.4662,Amb
V276T,0.2624,LBen
V276W,0.9849,LPath
V276Y,0.9346,LPath
A277C,0.4178,Amb
A277D,0.9166,LPath
A277E,0.8508,LPath
A277F,0.7518,LPath
A277G,0.234,LBen
A277H,0.8746,LPath
A277I,0.6536,LPath
A277K,0.9582,LPath
A277L,0.5923,LPath
A277M,0.5985,LPath
A277N,0.7321,LPath
A277P,0.3463,Amb
A277Q,0.78,LPath
A277R,0.921,LPath
A277S,0.1091,LBen
A277T,0.2113,LBen
A277V,0.3632,Amb
A277W,0.9619,LPath
A277Y,0.8608,LPath
L278A,0.9869,LPath
L278C,0.9821,LPath
L278D,0.9998,LPath
L278E,0.9986,LPath
L278F,0.9362,LPath
L278G,0.9979,LPath
L278H,0.9969,LPath
L278I,0.3729,Amb
L278K,0.9969,LPath
L278M,0.5674,LPath
L278N,0.9978,LPath
L278P,0.9976,LPath
L278Q,0.9941,LPath
L278R,0.9933,LPath
L278S,0.9963,LPath
L278T,0.9876,LPath
L278V,0.5924,LPath
L278W,0.9911,LPath
L278Y,0.9936,LPath
H279A,0.9969,LPath
H279C,0.9117,LPath
H279D,0.9939,LPath
H279E,0.9984,LPath
H279F,0.9803,LPath
H279G,0.9953,LPath
H279I,0.9988,LPath
H279K,0.999,LPath
H279L,0.9841,LPath
H279M,0.9968,LPath
H279N,0.9002,LPath
H279P,0.9824,LPath
H279Q,0.9941,LPath
H279R,0.9961,LPath
H279S,0.9665,LPath
H279T,0.9966,LPath
H279V,0.9982,LPath
H279W,0.9761,LPath
H279Y,0.9457,LPath
S280A,0.3999,Amb
S280C,0.8601,LPath
S280D,0.9982,LPath
S280E,0.9978,LPath
S280F,0.9887,LPath
S280G,0.3818,Amb
S280H,0.9834,LPath
S280I,0.9951,LPath
S280K,0.9982,LPath
S280L,0.9802,LPath
S280M,0.9812,LPath
S280N,0.9854,LPath
S280P,0.9942,LPath
S280Q,0.9875,LPath
S280R,0.9966,LPath
S280T,0.9478,LPath
S280V,0.9913,LPath
S280W,0.9918,LPath
S280Y,0.9772,LPath
M281A,0.5155,Amb
M281C,0.7377,LPath
M281D,0.9468,LPath
M281E,0.7522,LPath
M281F,0.5643,LPath
M281G,0.6457,LPath
M281H,0.7322,LPath
M281I,0.8626,LPath
M281K,0.4781,Amb
M281L,0.2246,LBen
M281N,0.6543,LPath
M281P,0.9892,LPath
M281Q,0.2723,LBen
M281R,0.5169,Amb
M281S,0.4538,Amb
M281T,0.3773,Amb
M281V,0.2493,LBen
M281W,0.8898,LPath
M281Y,0.7618,LPath
M282A,0.9036,LPath
M282C,0.8992,LPath
M282D,0.9947,LPath
M282E,0.9405,LPath
M282F,0.9035,LPath
M282G,0.9566,LPath
M282H,0.9583,LPath
M282I,0.8703,LPath
M282K,0.5586,Amb
M282L,0.2415,LBen
M282N,0.955,LPath
M282P,0.9969,LPath
M282Q,0.5554,Amb
M282R,0.6953,LPath
M282S,0.9344,LPath
M282T,0.9228,LPath
M282V,0.498,Amb
M282W,0.9702,LPath
M282Y,0.9584,LPath
K283A,0.5202,Amb
K283C,0.7803,LPath
K283D,0.8046,LPath
K283E,0.5693,LPath
K283F,0.9598,LPath
K283G,0.4912,Amb
K283H,0.4251,Amb
K283I,0.8171,LPath
K283L,0.642,LPath
K283M,0.5696,LPath
K283N,0.6397,LPath
K283P,0.4523,Amb
K283Q,0.1947,LBen
K283R,0.0813,LBen
K283S,0.4986,Amb
K283T,0.3478,Amb
K283V,0.6824,LPath
K283W,0.9172,LPath
K283Y,0.892,LPath
Q284A,0.8967,LPath
Q284C,0.9993,LPath
Q284D,0.9958,LPath
Q284E,0.864,LPath
Q284F,0.9976,LPath
Q284G,0.8856,LPath
Q284H,0.9969,LPath
Q284I,0.9793,LPath
Q284K,0.9693,LPath
Q284L,0.9539,LPath
Q284M,0.8757,LPath
Q284N,0.9417,LPath
Q284P,0.9,LPath
Q284R,0.977,LPath
Q284S,0.8787,LPath
Q284T,0.9064,LPath
Q284V,0.9621,LPath
Q284W,0.9988,LPath
Q284Y,0.9984,LPath
K285A,0.6392,LPath
K285C,0.8686,LPath
K285D,0.8319,LPath
K285E,0.5035,Amb
K285F,0.9705,LPath
K285G,0.5889,LPath
K285H,0.4907,Amb
K285I,0.8039,LPath
K285L,0.8081,LPath
K285M,0.698,LPath
K285N,0.6975,LPath
K285P,0.7739,LPath
K285Q,0.2044,LBen
K285R,0.0624,LBen
K285S,0.6595,LPath
K285T,0.47,Amb
K285V,0.7123,LPath
K285W,0.8959,LPath
K285Y,0.8941,LPath
E286A,0.1573,LBen
E286C,0.873,LPath
E286D,0.1336,LBen
E286F,0.8503,LPath
E286G,0.3053,LBen
E286H,0.6007,LPath
E286I,0.4252,Amb
E286K,0.3411,Amb
E286L,0.4072,Amb
E286M,0.4805,Amb
E286N,0.3314,LBen
E286P,0.8463,LPath
E286Q,0.1225,LBen
E286R,0.4634,Amb
E286S,0.2397,LBen
E286T,0.2783,LBen
E286V,0.2386,LBen
E286W,0.9454,LPath
E286Y,0.7295,LPath
R287A,0.9968,LPath
R287C,0.9856,LPath
R287D,0.9977,LPath
R287E,0.982,LPath
R287F,0.9994,LPath
R287G,0.9925,LPath
R287H,0.9881,LPath
R287I,0.9932,LPath
R287K,0.9857,LPath
R287L,0.9907,LPath
R287M,0.9992,LPath
R287N,0.9973,LPath
R287P,0.997,LPath
R287Q,0.9834,LPath
R287S,0.9978,LPath
R287T,0.9977,LPath
R287V,0.995,LPath
R287W,0.9922,LPath
R287Y,0.9951,LPath
F288A,0.9163,LPath
F288C,0.7643,LPath
F288D,0.9795,LPath
F288E,0.9714,LPath
F288G,0.9649,LPath
F288H,0.9015,LPath
F288I,0.5407,Amb
F288K,0.9715,LPath
F288L,0.9082,LPath
F288M,0.663,LPath
F288N,0.8688,LPath
F288P,0.9994,LPath
F288Q,0.9189,LPath
F288R,0.9414,LPath
F288S,0.8963,LPath
F288T,0.867,LPath
F288V,0.5748,LPath
F288W,0.8359,LPath
F288Y,0.4396,Amb
A289C,0.6531,LPath
A289D,0.9049,LPath
A289E,0.8541,LPath
A289F,0.7376,LPath
A289G,0.2054,LBen
A289H,0.7667,LPath
A289I,0.7719,LPath
A289K,0.9196,LPath
A289L,0.5392,Amb
A289M,0.5845,LPath
A289N,0.6242,LPath
A289P,0.9685,LPath
A289Q,0.6311,LPath
A289R,0.8152,LPath
A289S,0.1031,LBen
A289T,0.2967,LBen
A289V,0.5174,Amb
A289W,0.9436,LPath
A289Y,0.8256,LPath
A290C,0.4217,Amb
A290D,0.9034,LPath
A290E,0.8266,LPath
A290F,0.741,LPath
A290G,0.2399,LBen
A290H,0.7761,LPath
A290I,0.662,LPath
A290K,0.9464,LPath
A290L,0.5366,Amb
A290M,0.4744,Amb
A290N,0.3815,Amb
A290P,0.988,LPath
A290Q,0.6512,LPath
A290R,0.8911,LPath
A290S,0.0733,LBen
A290T,0.1533,LBen
A290V,0.3498,Amb
A290W,0.9546,LPath
A290Y,0.8305,LPath
L291A,0.9642,LPath
L291C,0.9818,LPath
L291D,0.9996,LPath
L291E,0.9969,LPath
L291F,0.9082,LPath
L291G,0.9945,LPath
L291H,0.9918,LPath
L291I,0.5008,Amb
L291K,0.9881,LPath
L291M,0.5268,Amb
L291N,0.9941,LPath
L291P,0.9974,LPath
L291Q,0.9855,LPath
L291R,0.9791,LPath
L291S,0.9905,LPath
L291T,0.959,LPath
L291V,0.5155,Amb
L291W,0.9743,LPath
L291Y,0.9841,LPath
A292C,0.6487,LPath
A292D,0.9153,LPath
A292E,0.8411,LPath
A292F,0.7886,LPath
A292G,0.2104,LBen
A292H,0.7857,LPath
A292I,0.824,LPath
A292K,0.9562,LPath
A292L,0.5646,LPath
A292M,0.5925,LPath
A292N,0.514,Amb
A292P,0.9858,LPath
A292Q,0.6301,LPath
A292R,0.8864,LPath
A292S,0.1055,LBen
A292T,0.2412,LBen
A292V,0.53,Amb
A292W,0.9485,LPath
A292Y,0.8385,LPath
K293A,0.5845,LPath
K293C,0.7213,LPath
K293D,0.9382,LPath
K293E,0.5855,LPath
K293F,0.9393,LPath
K293G,0.7274,LPath
K293H,0.4969,Amb
K293I,0.7734,LPath
K293L,0.5708,LPath
K293M,0.4347,Amb
K293N,0.8369,LPath
K293P,0.9851,LPath
K293Q,0.1969,LBen
K293R,0.0838,LBen
K293S,0.7132,LPath
K293T,0.4431,Amb
K293V,0.6381,LPath
K293W,0.8991,LPath
K293Y,0.8413,LPath
F294A,0.9968,LPath
F294C,0.9884,LPath
F294D,0.9994,LPath
F294E,0.9989,LPath
F294G,0.997,LPath
F294H,0.9922,LPath
F294I,0.9807,LPath
F294K,0.9982,LPath
F294L,0.9975,LPath
F294M,0.9794,LPath
F294N,0.997,LPath
F294P,0.9999,LPath
F294Q,0.9972,LPath
F294R,0.9956,LPath
F294S,0.9975,LPath
F294T,0.998,LPath
F294V,0.9817,LPath
F294W,0.9464,LPath
F294Y,0.7469,LPath
K295A,0.9827,LPath
K295C,0.9601,LPath
K295D,0.998,LPath
K295E,0.9838,LPath
K295F,0.9983,LPath
K295G,0.9863,LPath
K295H,0.8791,LPath
K295I,0.9865,LPath
K295L,0.9714,LPath
K295M,0.9724,LPath
K295N,0.9933,LPath
K295P,0.9955,LPath
K295Q,0.7479,LPath
K295R,0.109,LBen
K295S,0.9836,LPath
K295T,0.9345,LPath
K295V,0.9773,LPath
K295W,0.9932,LPath
K295Y,0.9902,LPath
S296A,0.1292,LBen
S296C,0.3328,LBen
S296D,0.9678,LPath
S296E,0.9717,LPath
S296F,0.8895,LPath
S296G,0.2171,LBen
S296H,0.9031,LPath
S296I,0.8901,LPath
S296K,0.99,LPath
S296L,0.5635,Amb
S296M,0.7063,LPath
S296N,0.6561,LPath
S296P,0.9907,LPath
S296Q,0.9231,LPath
S296R,0.979,LPath
S296T,0.3979,Amb
S296V,0.7773,LPath
S296W,0.9415,LPath
S296Y,0.827,LPath
S297A,0.0812,LBen
S297C,0.0981,LBen
S297D,0.4179,Amb
S297E,0.6061,LPath
S297F,0.304,LBen
S297G,0.0648,LBen
S297H,0.2972,LBen
S297I,0.4305,Amb
S297K,0.6221,LPath
S297L,0.1572,LBen
S297M,0.2594,LBen
S297N,0.1163,LBen
S297P,0.8453,LPath
S297Q,0.4389,Amb
S297R,0.5016,Amb
S297T,0.1137,LBen
S297V,0.3264,LBen
S297W,0.4599,Amb
S297Y,0.2282,LBen
I298A,0.2287,LBen
I298C,0.4916,Amb
I298D,0.6635,LPath
I298E,0.5686,LPath
I298F,0.1606,LBen
I298G,0.4597,Amb
I298H,0.3918,Amb
I298K,0.3782,Amb
I298L,0.0966,LBen
I298M,0.1053,LBen
I298N,0.2374,LBen
I298P,0.8291,LPath
I298Q,0.3641,Amb
I298R,0.2643,LBen
I298S,0.2171,LBen
I298T,0.1859,LBen
I298V,0.0577,LBen
I298W,0.7632,LPath
I298Y,0.4693,Amb
Y299A,0.433,Amb
Y299C,0.0752,LBen
Y299D,0.4965,Amb
Y299E,0.7233,LPath
Y299F,0.0738,LBen
Y299G,0.5149,Amb
Y299H,0.1463,LBen
Y299I,0.4207,Amb
Y299K,0.6697,LPath
Y299L,0.5227,Amb
Y299M,0.6309,LPath
Y299N,0.2526,LBen
Y299P,0.9096,LPath
Y299Q,0.4044,Amb
Y299R,0.4459,Amb
Y299S,0.1665,LBen
Y299T,0.3512,Amb
Y299V,0.3114,LBen
Y299W,0.3926,Amb
R300A,0.428,Amb
R300C,0.1684,LBen
R300D,0.548,Amb
R300E,0.3439,Amb
R300F,0.7379,LPath
R300G,0.1958,LBen
R300H,0.0936,LBen
R300I,0.5373,Amb
R300K,0.0736,LBen
R300L,0.3863,Amb
R300M,0.4419,Amb
R300N,0.4357,Amb
R300P,0.374,Amb
R300Q,0.0922,LBen
R300S,0.3897,Amb
R300T,0.2449,LBen
R300V,0.5407,Amb
R300W,0.3281,LBen
R300Y,0.4976,Amb
I301A,0.8424,LPath
I301C,0.7878,LPath
I301D,0.9877,LPath
I301E,0.9757,LPath
I301F,0.4162,Amb
I301G,0.9481,LPath
I301H,0.9337,LPath
I301K,0.9469,LPath
I301L,0.1815,LBen
I301M,0.1993,LBen
I301N,0.8035,LPath
I301P,0.982,LPath
I301Q,0.9437,LPath
I301R,0.9333,LPath
I301S,0.8101,LPath
I301T,0.7208,LPath
I301V,0.1059,LBen
I301W,0.9554,LPath
I301Y,0.8345,LPath
L302A,0.962,LPath
L302C,0.9248,LPath
L302D,0.9998,LPath
L302E,0.9986,LPath
L302F,0.8794,LPath
L302G,0.9938,LPath
L302H,0.9951,LPath
L302I,0.4303,Amb
L302K,0.9976,LPath
L302M,0.3139,LBen
L302N,0.9972,LPath
L302P,0.9988,LPath
L302Q,0.9885,LPath
L302R,0.9952,LPath
L302S,0.9917,LPath
L302T,0.982,LPath
L302V,0.5138,Amb
L302W,0.9914,LPath
L302Y,0.9923,LPath
I303A,0.7012,LPath
I303C,0.8684,LPath
I303D,0.9975,LPath
I303E,0.993,LPath
I303F,0.64,LPath
I303G,0.9686,LPath
I303H,0.9915,LPath
I303K,0.9924,LPath
I303L,0.1953,LBen
I303M,0.2605,LBen
I303N,0.9671,LPath
I303P,0.9778,LPath
I303Q,0.9874,LPath
I303R,0.9873,LPath
I303S,0.8802,LPath
I303T,0.5775,LPath
I303V,0.068,LBen
I303W,0.9903,LPath
I303Y,0.9749,LPath
A304C,0.7028,LPath
A304D,0.9984,LPath
A304E,0.9986,LPath
A304F,0.9972,LPath
A304G,0.579,LPath
A304H,0.9983,LPath
A304I,0.9935,LPath
A304K,0.9996,LPath
A304L,0.9722,LPath
A304M,0.981,LPath
A304N,0.9934,LPath
A304P,0.9985,LPath
A304Q,0.994,LPath
A304R,0.9979,LPath
A304S,0.3213,LBen
A304T,0.6944,LPath
A304V,0.944,LPath
A304W,0.9999,LPath
A304Y,0.9991,LPath
T305A,0.9754,LPath
T305C,0.9965,LPath
T305D,0.9973,LPath
T305E,0.9972,LPath
T305F,0.9989,LPath
T305G,0.9823,LPath
T305H,0.9963,LPath
T305I,0.9986,LPath
T305K,0.9925,LPath
T305L,0.9882,LPath
T305M,0.9773,LPath
T305N,0.9883,LPath
T305P,0.9765,LPath
T305Q,0.9959,LPath
T305R,0.9914,LPath
T305S,0.9194,LPath
T305V,0.9917,LPath
T305W,0.9995,LPath
T305Y,0.999,LPath
D306A,0.9674,LPath
D306C,0.9978,LPath
D306E,0.953,LPath
D306F,0.9987,LPath
D306G,0.9671,LPath
D306H,0.9898,LPath
D306I,0.9975,LPath
D306K,0.9966,LPath
D306L,0.9953,LPath
D306M,0.9988,LPath
D306N,0.7642,LPath
D306P,0.9978,LPath
D306Q,0.993,LPath
D306R,0.9939,LPath
D306S,0.8885,LPath
D306T,0.9823,LPath
D306V,0.9896,LPath
D306W,0.9995,LPath
D306Y,0.9857,LPath
V307A,0.9819,LPath
V307C,0.9937,LPath
V307D,0.9982,LPath
V307E,0.9952,LPath
V307F,0.9769,LPath
V307G,0.9771,LPath
V307H,0.9987,LPath
V307I,0.2972,LBen
V307K,0.994,LPath
V307L,0.8836,LPath
V307M,0.9247,LPath
V307N,0.9926,LPath
V307P,0.9984,LPath
V307Q,0.9955,LPath
V307R,0.9878,LPath
V307S,0.9856,LPath
V307T,0.933,LPath
V307W,0.9993,LPath
V307Y,0.9969,LPath
A308C,0.9492,LPath
A308D,0.9993,LPath
A308E,0.9991,LPath
A308F,0.9859,LPath
A308G,0.644,LPath
A308H,0.9988,LPath
A308I,0.9836,LPath
A308K,0.9997,LPath
A308L,0.9202,LPath
A308M,0.9765,LPath
A308N,0.9975,LPath
A308P,0.9917,LPath
A308Q,0.9959,LPath
A308R,0.9973,LPath
A308S,0.6941,LPath
A308T,0.973,LPath
A308V,0.9576,LPath
A308W,0.9992,LPath
A308Y,0.9964,LPath
S309A,0.0796,LBen
S309C,0.4869,Amb
S309D,0.9968,LPath
S309E,0.994,LPath
S309F,0.9863,LPath
S309G,0.289,LBen
S309H,0.9901,LPath
S309I,0.9917,LPath
S309K,0.9992,LPath
S309L,0.881,LPath
S309M,0.952,LPath
S309N,0.965,LPath
S309P,0.9922,LPath
S309Q,0.9794,LPath
S309R,0.9975,LPath
S309T,0.8392,LPath
S309V,0.9684,LPath
S309W,0.994,LPath
S309Y,0.9839,LPath
R310A,0.9973,LPath
R310C,0.9739,LPath
R310D,0.9989,LPath
R310E,0.9914,LPath
R310F,0.9992,LPath
R310G,0.9931,LPath
R310H,0.9881,LPath
R310I,0.9986,LPath
R310K,0.989,LPath
R310L,0.9915,LPath
R310M,0.9991,LPath
R310N,0.999,LPath
R310P,0.9987,LPath
R310Q,0.9811,LPath
R310S,0.9976,LPath
R310T,0.9982,LPath
R310V,0.997,LPath
R310W,0.9773,LPath
R310Y,0.9984,LPath
G311A,0.9959,LPath
G311C,0.9968,LPath
G311D,0.9989,LPath
G311E,0.9993,LPath
G311F,0.9994,LPath
G311H,0.9999,LPath
G311I,0.9966,LPath
G311K,0.9998,LPath
G311L,0.9986,LPath
G311M,0.9993,LPath
G311N,0.9996,LPath
G311P,0.9995,LPath
G311Q,0.9997,LPath
G311R,0.9996,LPath
G311S,0.9957,LPath
G311T,0.9981,LPath
G311V,0.9966,LPath
G311W,0.9995,LPath
G311Y,0.9994,LPath
L312A,0.992,LPath
L312C,0.9964,LPath
L312D,0.9998,LPath
L312E,0.9985,LPath
L312F,0.985,LPath
L312G,0.9984,LPath
L312H,0.9991,LPath
L312I,0.6728,LPath
L312K,0.9971,LPath
L312M,0.8286,LPath
L312N,0.998,LPath
L312P,0.9994,LPath
L312Q,0.9979,LPath
L312R,0.9945,LPath
L312S,0.999,LPath
L312T,0.9934,LPath
L312V,0.8854,LPath
L312W,0.994,LPath
L312Y,0.9974,LPath
D313A,0.9955,LPath
D313C,0.9996,LPath
D313E,0.9979,LPath
D313F,0.9985,LPath
D313G,0.9951,LPath
D313H,0.9942,LPath
D313I,0.999,LPath
D313K,0.9995,LPath
D313L,0.9972,LPath
D313M,0.9996,LPath
D313N,0.9895,LPath
D313P,0.999,LPath
D313Q,0.9986,LPath
D313R,0.9988,LPath
D313S,0.9897,LPath
D313T,0.999,LPath
D313V,0.9973,LPath
D313W,0.9995,LPath
D313Y,0.9884,LPath
I314A,0.9938,LPath
I314C,0.9961,LPath
I314D,0.9984,LPath
I314E,0.9979,LPath
I314F,0.8691,LPath
I314G,0.9994,LPath
I314H,0.9966,LPath
I314K,0.9975,LPath
I314L,0.6271,LPath
I314M,0.6605,LPath
I314N,0.9877,LPath
I314P,0.9983,LPath
I314Q,0.997,LPath
I314R,0.9955,LPath
I314S,0.9869,LPath
I314T,0.9915,LPath
I314V,0.5393,Amb
I314W,0.9954,LPath
I314Y,0.9883,LPath
P315A,0.5161,Amb
P315C,0.9694,LPath
P315D,0.9659,LPath
P315E,0.9069,LPath
P315F,0.9894,LPath
P315G,0.9245,LPath
P315H,0.8649,LPath
P315I,0.9678,LPath
P315K,0.9612,LPath
P315L,0.7761,LPath
P315M,0.9476,LPath
P315N,0.9452,LPath
P315Q,0.7609,LPath
P315R,0.8851,LPath
P315S,0.6884,LPath
P315T,0.7185,LPath
P315V,0.9187,LPath
P315W,0.9914,LPath
P315Y,0.9847,LPath
T316A,0.0654,LBen
T316C,0.3508,Amb
T316D,0.4666,Amb
T316E,0.3787,Amb
T316F,0.3581,Amb
T316G,0.2193,LBen
T316H,0.2977,LBen
T316I,0.2447,LBen
T316K,0.3097,LBen
T316L,0.1023,LBen
T316M,0.0805,LBen
T316N,0.1544,LBen
T316P,0.4219,Amb
T316Q,0.2662,LBen
T316R,0.2394,LBen
T316S,0.1111,LBen
T316V,0.1458,LBen
T316W,0.6962,LPath
T316Y,0.4114,Amb
V317A,0.9524,LPath
V317C,0.9731,LPath
V317D,0.9988,LPath
V317E,0.9952,LPath
V317F,0.9872,LPath
V317G,0.9702,LPath
V317H,0.9992,LPath
V317I,0.1994,LBen
V317K,0.9977,LPath
V317L,0.9464,LPath
V317M,0.9205,LPath
V317N,0.9931,LPath
V317P,0.9938,LPath
V317Q,0.9944,LPath
V317R,0.9941,LPath
V317S,0.9627,LPath
V317T,0.8978,LPath
V317W,0.9998,LPath
V317Y,0.9988,LPath
Q318A,0.4157,Amb
Q318C,0.8428,LPath
Q318D,0.4607,Amb
Q318E,0.1063,LBen
Q318F,0.9421,LPath
Q318G,0.3856,Amb
Q318H,0.3411,Amb
Q318I,0.9081,LPath
Q318K,0.299,LBen
Q318L,0.5504,Amb
Q318M,0.6861,LPath
Q318N,0.382,Amb
Q318P,0.7202,LPath
Q318R,0.2924,LBen
Q318S,0.342,Amb
Q318T,0.5047,Amb
Q318V,0.7888,LPath
Q318W,0.9112,LPath
Q318Y,0.8335,LPath
V319A,0.3248,LBen
V319C,0.7745,LPath
V319D,0.9733,LPath
V319E,0.9489,LPath
V319F,0.3927,Amb
V319G,0.5353,Amb
V319H,0.965,LPath
V319I,0.1015,LBen
V319K,0.9607,LPath
V319L,0.2847,LBen
V319M,0.2445,LBen
V319N,0.8978,LPath
V319P,0.9929,LPath
V319Q,0.9401,LPath
V319R,0.934,LPath
V319S,0.7121,LPath
V319T,0.4779,Amb
V319W,0.9498,LPath
V319Y,0.8416,LPath
V320A,0.9708,LPath
V320C,0.9881,LPath
V320D,0.998,LPath
V320E,0.9962,LPath
V320F,0.9869,LPath
V320G,0.9781,LPath
V320H,0.9992,LPath
V320I,0.125,LBen
V320K,0.998,LPath
V320L,0.9503,LPath
V320M,0.9562,LPath
V320N,0.9915,LPath
V320P,0.9973,LPath
V320Q,0.9961,LPath
V320R,0.9955,LPath
V320S,0.9735,LPath
V320T,0.9489,LPath
V320W,0.9998,LPath
V320Y,0.9988,LPath
I321A,0.9506,LPath
I321C,0.9302,LPath
I321D,0.9993,LPath
I321E,0.9973,LPath
I321F,0.529,Amb
I321G,0.994,LPath
I321H,0.9955,LPath
I321K,0.9953,LPath
I321L,0.1778,LBen
I321M,0.243,LBen
I321N,0.992,LPath
I321P,0.9977,LPath
I321Q,0.994,LPath
I321R,0.9923,LPath
I321S,0.9817,LPath
I321T,0.9641,LPath
I321V,0.1094,LBen
I321W,0.9844,LPath
I321Y,0.9603,LPath
N322A,0.9457,LPath
N322C,0.6895,LPath
N322D,0.9888,LPath
N322E,0.9963,LPath
N322F,0.9946,LPath
N322G,0.9642,LPath
N322H,0.8891,LPath
N322I,0.8894,LPath
N322K,0.9983,LPath
N322L,0.8414,LPath
N322M,0.9442,LPath
N322P,0.9923,LPath
N322Q,0.9762,LPath
N322R,0.9969,LPath
N322S,0.338,LBen
N322T,0.845,LPath
N322V,0.8979,LPath
N322W,0.9989,LPath
N322Y,0.9758,LPath
H323A,0.9455,LPath
H323C,0.5053,Amb
H323D,0.9647,LPath
H323E,0.9704,LPath
H323F,0.6539,LPath
H323G,0.9589,LPath
H323I,0.9024,LPath
H323K,0.9808,LPath
H323L,0.6015,LPath
H323M,0.9255,LPath
H323N,0.6621,LPath
H323P,0.9584,LPath
H323Q,0.871,LPath
H323R,0.9074,LPath
H323S,0.8697,LPath
H323T,0.9406,LPath
H323V,0.8958,LPath
H323W,0.7333,LPath
H323Y,0.2896,LBen
N324A,0.531,Amb
N324C,0.3253,LBen
N324D,0.3523,Amb
N324E,0.8569,LPath
N324F,0.8601,LPath
N324G,0.5705,LPath
N324H,0.254,LBen
N324I,0.5536,Amb
N324K,0.8763,LPath
N324L,0.6083,LPath
N324M,0.7064,LPath
N324P,0.9659,LPath
N324Q,0.715,LPath
N324R,0.8282,LPath
N324S,0.1141,LBen
N324T,0.2874,LBen
N324V,0.477,Amb
N324W,0.9511,LPath
N324Y,0.4988,Amb
T325A,0.1969,LBen
T325C,0.3875,Amb
T325D,0.9876,LPath
T325E,0.9791,LPath
T325F,0.8857,LPath
T325G,0.8143,LPath
T325H,0.9257,LPath
T325I,0.2927,LBen
T325K,0.9691,LPath
T325L,0.2645,LBen
T325M,0.2247,LBen
T325N,0.7435,LPath
T325P,0.2775,LBen
T325Q,0.9237,LPath
T325R,0.9524,LPath
T325S,0.3671,Amb
T325V,0.1907,LBen
T325W,0.9907,LPath
T325Y,0.9427,LPath
P326A,0.6714,LPath
P326C,0.9637,LPath
P326D,0.9984,LPath
P326E,0.9963,LPath
P326F,0.9989,LPath
P326G,0.9778,LPath
P326H,0.9918,LPath
P326I,0.9873,LPath
P326K,0.9975,LPath
P326L,0.9524,LPath
P326M,0.9903,LPath
P326N,0.9969,LPath
P326Q,0.9897,LPath
P326R,0.9895,LPath
P326S,0.9303,LPath
P326T,0.9122,LPath
P326V,0.9505,LPath
P326W,0.9994,LPath
P326Y,0.999,LPath
G327A,0.2387,LBen
G327C,0.4543,Amb
G327D,0.9319,LPath
G327E,0.9027,LPath
G327F,0.8596,LPath
G327H,0.8644,LPath
G327I,0.66,LPath
G327K,0.9427,LPath
G327L,0.7219,LPath
G327M,0.7826,LPath
G327N,0.7315,LPath
G327P,0.8979,LPath
G327Q,0.792,LPath
G327R,0.8491,LPath
G327S,0.2077,LBen
G327T,0.4762,Amb
G327V,0.5019,Amb
G327W,0.8529,LPath
G327Y,0.8165,LPath
L328A,0.4596,Amb
L328C,0.6497,LPath
L328D,0.8071,LPath
L328E,0.5684,LPath
L328F,0.2589,LBen
L328G,0.7953,LPath
L328H,0.378,Amb
L328I,0.167,LBen
L328K,0.4423,Amb
L328M,0.1536,LBen
L328N,0.4525,Amb
L328P,0.8159,LPath
L328Q,0.2375,LBen
L328R,0.3934,Amb
L328S,0.406,Amb
L328T,0.4049,Amb
L328V,0.1733,LBen
L328W,0.4744,Amb
L328Y,0.5112,Amb
P329A,0.2613,LBen
P329C,0.9153,LPath
P329D,0.9711,LPath
P329E,0.9305,LPath
P329F,0.9832,LPath
P329G,0.7481,LPath
P329H,0.8682,LPath
P329I,0.9498,LPath
P329K,0.9603,LPath
P329L,0.8369,LPath
P329M,0.9465,LPath
P329N,0.9413,LPath
P329Q,0.8398,LPath
P329R,0.9031,LPath
P329S,0.4547,Amb
P329T,0.613,LPath
P329V,0.8447,LPath
P329W,0.984,LPath
P329Y,0.977,LPath
K330A,0.6673,LPath
K330C,0.8833,LPath
K330D,0.8465,LPath
K330E,0.5797,LPath
K330F,0.9777,LPath
K330G,0.6947,LPath
K330H,0.5744,LPath
K330I,0.8413,LPath
K330L,0.7649,LPath
K330M,0.7038,LPath
K330N,0.7828,LPath
K330P,0.8823,LPath
K330Q,0.2729,LBen
K330R,0.0879,LBen
K330S,0.7212,LPath
K330T,0.5465,Amb
K330V,0.7308,LPath
K330W,0.9497,LPath
K330Y,0.9259,LPath
I331A,0.4703,Amb
I331C,0.7739,LPath
I331D,0.6487,LPath
I331E,0.7332,LPath
I331F,0.3648,Amb
I331G,0.7127,LPath
I331H,0.6397,LPath
I331K,0.7562,LPath
I331L,0.1787,LBen
I331M,0.1502,LBen
I331N,0.1436,LBen
I331P,0.9009,LPath
I331Q,0.6052,LPath
I331R,0.6764,LPath
I331S,0.2786,LBen
I331T,0.2313,LBen
I331V,0.1175,LBen
I331W,0.9002,LPath
I331Y,0.6495,LPath
Y332A,0.9932,LPath
Y332C,0.9261,LPath
Y332D,0.9958,LPath
Y332E,0.999,LPath
Y332F,0.3722,Amb
Y332G,0.9833,LPath
Y332H,0.978,LPath
Y332I,0.9876,LPath
Y332K,0.9994,LPath
Y332L,0.9343,LPath
Y332M,0.9885,LPath
Y332N,0.9816,LPath
Y332P,0.9967,LPath
Y332Q,0.9983,LPath
Y332R,0.9965,LPath
Y332S,0.9672,LPath
Y332T,0.993,LPath
Y332V,0.9707,LPath
Y332W,0.8611,LPath
I333A,0.9593,LPath
I333C,0.9551,LPath
I333D,0.997,LPath
I333E,0.9881,LPath
I333F,0.7729,LPath
I333G,0.9874,LPath
I333H,0.9734,LPath
I333K,0.9574,LPath
I333L,0.4628,Amb
I333M,0.5367,Amb
I333N,0.9472,LPath
I333P,0.9824,LPath
I333Q,0.9589,LPath
I333R,0.9207,LPath
I333S,0.9263,LPath
I333T,0.774,LPath
I333V,0.1258,LBen
I333W,0.9861,LPath
I333Y,0.9659,LPath
H334A,0.9991,LPath
H334C,0.9918,LPath
H334D,0.9994,LPath
H334E,0.9995,LPath
H334F,0.9948,LPath
H334G,0.9988,LPath
H334I,0.9995,LPath
H334K,0.998,LPath
H334L,0.9926,LPath
H334M,0.9995,LPath
H334N,0.9983,LPath
H334P,0.9907,LPath
H334Q,0.9976,LPath
H334R,0.9956,LPath
H334S,0.998,LPath
H334T,0.9996,LPath
H334V,0.9996,LPath
H334W,0.9745,LPath
H334Y,0.9914,LPath
R335A,0.9987,LPath
R335C,0.9754,LPath
R335D,0.9996,LPath
R335E,0.9955,LPath
R335F,0.9998,LPath
R335G,0.9974,LPath
R335H,0.9728,LPath
R335I,0.9988,LPath
R335K,0.9855,LPath
R335L,0.9951,LPath
R335M,0.9995,LPath
R335N,0.9992,LPath
R335P,0.9995,LPath
R335Q,0.9771,LPath
R335S,0.9987,LPath
R335T,0.999,LPath
R335V,0.9986,LPath
R335W,0.9906,LPath
R335Y,0.9983,LPath
V336A,0.6994,LPath
V336C,0.9675,LPath
V336D,0.9964,LPath
V336E,0.989,LPath
V336F,0.9838,LPath
V336G,0.8785,LPath
V336H,0.9981,LPath
V336I,0.3078,LBen
V336K,0.9946,LPath
V336L,0.9723,LPath
V336M,0.9397,LPath
V336N,0.9874,LPath
V336P,0.9965,LPath
V336Q,0.9864,LPath
V336R,0.9851,LPath
V336S,0.8318,LPath
V336T,0.7261,LPath
V336W,0.9995,LPath
V336Y,0.9981,LPath
G337A,0.99,LPath
G337C,0.995,LPath
G337D,0.9988,LPath
G337E,0.9983,LPath
G337F,0.9993,LPath
G337H,0.9998,LPath
G337I,0.9974,LPath
G337K,0.9995,LPath
G337L,0.9977,LPath
G337M,0.9993,LPath
G337N,0.9994,LPath
G337P,0.9996,LPath
G337Q,0.999,LPath
G337R,0.9983,LPath
G337S,0.9869,LPath
G337T,0.9956,LPath
G337V,0.9949,LPath
G337W,0.9982,LPath
G337Y,0.9992,LPath
R338A,0.9991,LPath
R338C,0.9926,LPath
R338D,0.9995,LPath
R338E,0.9926,LPath
R338F,0.9994,LPath
R338G,0.9987,LPath
R338H,0.996,LPath
R338I,0.9964,LPath
R338K,0.9927,LPath
R338L,0.9922,LPath
R338M,0.9994,LPath
R338N,0.9993,LPath
R338P,0.999,LPath
R338Q,0.9937,LPath
R338S,0.9993,LPath
R338T,0.9994,LPath
R338V,0.9974,LPath
R338W,0.9958,LPath
R338Y,0.9989,LPath
T339A,0.7818,LPath
T339C,0.9176,LPath
T339D,0.9979,LPath
T339E,0.9969,LPath
T339F,0.9979,LPath
T339G,0.9203,LPath
T339H,0.994,LPath
T339I,0.9919,LPath
T339K,0.993,LPath
T339L,0.9586,LPath
T339M,0.9168,LPath
T339N,0.9804,LPath
T339P,0.9776,LPath
T339Q,0.9913,LPath
T339R,0.9885,LPath
T339S,0.791,LPath
T339V,0.9386,LPath
T339W,0.9994,LPath
T339Y,0.9979,LPath
A340C,0.9567,LPath
A340D,0.9976,LPath
A340E,0.997,LPath
A340F,0.9924,LPath
A340G,0.5471,Amb
A340H,0.9964,LPath
A340I,0.9982,LPath
A340K,0.998,LPath
A340L,0.9618,LPath
A340M,0.9904,LPath
A340N,0.9935,LPath
A340P,0.995,LPath
A340Q,0.9836,LPath
A340R,0.979,LPath
A340S,0.6064,LPath
A340T,0.9805,LPath
A340V,0.9911,LPath
A340W,0.9985,LPath
A340Y,0.9956,LPath
R341A,0.9955,LPath
R341C,0.9919,LPath
R341D,0.9987,LPath
R341E,0.9875,LPath
R341F,0.999,LPath
R341G,0.9925,LPath
R341H,0.9944,LPath
R341I,0.9976,LPath
R341K,0.9903,LPath
R341L,0.9892,LPath
R341M,0.9992,LPath
R341N,0.9993,LPath
R341P,0.9945,LPath
R341Q,0.9887,LPath
R341S,0.9972,LPath
R341T,0.9978,LPath
R341V,0.9948,LPath
R341W,0.9841,LPath
R341Y,0.998,LPath
A342C,0.7791,LPath
A342D,0.9776,LPath
A342E,0.9648,LPath
A342F,0.7187,LPath
A342G,0.5109,Amb
A342H,0.9141,LPath
A342I,0.8869,LPath
A342K,0.9638,LPath
A342L,0.6621,LPath
A342M,0.6812,LPath
A342N,0.9118,LPath
A342P,0.9847,LPath
A342Q,0.8378,LPath
A342R,0.8525,LPath
A342S,0.3326,LBen
A342T,0.7986,LPath
A342V,0.7092,LPath
A342W,0.9498,LPath
A342Y,0.866,LPath
G343A,0.7312,LPath
G343C,0.8353,LPath
G343D,0.819,LPath
G343E,0.8902,LPath
G343F,0.9734,LPath
G343H,0.9365,LPath
G343I,0.9648,LPath
G343K,0.9338,LPath
G343L,0.9471,LPath
G343M,0.9629,LPath
G343N,0.7971,LPath
G343P,0.9949,LPath
G343Q,0.8714,LPath
G343R,0.8701,LPath
G343S,0.4316,Amb
G343T,0.849,LPath
G343V,0.9284,LPath
G343W,0.9443,LPath
G343Y,0.9587,LPath
R344A,0.8813,LPath
R344C,0.4044,Amb
R344D,0.961,LPath
R344E,0.8181,LPath
R344F,0.9102,LPath
R344G,0.7362,LPath
R344H,0.2877,LBen
R344I,0.8222,LPath
R344K,0.26,LBen
R344L,0.6778,LPath
R344M,0.8153,LPath
R344N,0.9079,LPath
R344P,0.9827,LPath
R344Q,0.2297,LBen
R344S,0.9,LPath
R344T,0.87,LPath
R344V,0.8607,LPath
R344W,0.5587,Amb
R344Y,0.7935,LPath
Q345A,0.1239,LBen
Q345C,0.2804,LBen
Q345D,0.2259,LBen
Q345E,0.0809,LBen
Q345F,0.3556,Amb
Q345G,0.127,LBen
Q345H,0.1004,LBen
Q345I,0.281,LBen
Q345K,0.067,LBen
Q345L,0.1032,LBen
Q345M,0.2633,LBen
Q345N,0.1582,LBen
Q345P,0.1259,LBen
Q345R,0.0694,LBen
Q345S,0.125,LBen
Q345T,0.1259,LBen
Q345V,0.1904,LBen
Q345W,0.2717,LBen
Q345Y,0.2268,LBen
G346A,0.9639,LPath
G346C,0.9898,LPath
G346D,0.9956,LPath
G346E,0.9957,LPath
G346F,0.998,LPath
G346H,0.9987,LPath
G346I,0.9962,LPath
G346K,0.9978,LPath
G346L,0.9966,LPath
G346M,0.9984,LPath
G346N,0.9975,LPath
G346P,0.9988,LPath
G346Q,0.9969,LPath
G346R,0.9955,LPath
G346S,0.9725,LPath
G346T,0.993,LPath
G346V,0.9919,LPath
G346W,0.9948,LPath
G346Y,0.9968,LPath
Q347A,0.1818,LBen
Q347C,0.3016,LBen
Q347D,0.4103,Amb
Q347E,0.0793,LBen
Q347F,0.3774,Amb
Q347G,0.3129,LBen
Q347H,0.1406,LBen
Q347I,0.1657,LBen
Q347K,0.0723,LBen
Q347L,0.0777,LBen
Q347M,0.1717,LBen
Q347N,0.279,LBen
Q347P,0.7616,LPath
Q347R,0.0786,LBen
Q347S,0.2066,LBen
Q347T,0.1285,LBen
Q347V,0.1182,LBen
Q347W,0.3441,Amb
Q347Y,0.2499,LBen
A348C,0.8285,LPath
A348D,0.9935,LPath
A348E,0.9932,LPath
A348F,0.9947,LPath
A348G,0.473,Amb
A348H,0.9952,LPath
A348I,0.9773,LPath
A348K,0.9991,LPath
A348L,0.9629,LPath
A348M,0.9644,LPath
A348N,0.9758,LPath
A348P,0.9971,LPath
A348Q,0.9881,LPath
A348R,0.9969,LPath
A348S,0.1259,LBen
A348T,0.717,LPath
A348V,0.8571,LPath
A348W,0.9994,LPath
A348Y,0.9969,LPath
I349A,0.8137,LPath
I349C,0.8245,LPath
I349D,0.9964,LPath
I349E,0.9871,LPath
I349F,0.286,LBen
I349G,0.9757,LPath
I349H,0.9677,LPath
I349K,0.9729,LPath
I349L,0.1471,LBen
I349M,0.1784,LBen
I349N,0.9592,LPath
I349P,0.9931,LPath
I349Q,0.9712,LPath
I349R,0.9547,LPath
I349S,0.9191,LPath
I349T,0.8263,LPath
I349V,0.0723,LBen
I349W,0.9342,LPath
I349Y,0.8384,LPath
T350A,0.5652,LPath
T350C,0.7649,LPath
T350D,0.9842,LPath
T350E,0.9911,LPath
T350F,0.9667,LPath
T350G,0.8728,LPath
T350H,0.9545,LPath
T350I,0.8756,LPath
T350K,0.9961,LPath
T350L,0.6055,LPath
T350M,0.4505,Amb
T350N,0.7469,LPath
T350P,0.9666,LPath
T350Q,0.967,LPath
T350R,0.9933,LPath
T350S,0.2409,LBen
T350V,0.7479,LPath
T350W,0.9956,LPath
T350Y,0.9857,LPath
L351A,0.8281,LPath
L351C,0.8195,LPath
L351D,0.9983,LPath
L351E,0.9875,LPath
L351F,0.1944,LBen
L351G,0.9716,LPath
L351H,0.9638,LPath
L351I,0.1357,LBen
L351K,0.9838,LPath
L351M,0.0996,LBen
L351N,0.985,LPath
L351P,0.972,LPath
L351Q,0.9384,LPath
L351R,0.9707,LPath
L351S,0.9575,LPath
L351T,0.8525,LPath
L351V,0.151,LBen
L351W,0.7826,LPath
L351Y,0.8772,LPath
V352A,0.6873,LPath
V352C,0.8863,LPath
V352D,0.9957,LPath
V352E,0.9863,LPath
V352F,0.8053,LPath
V352G,0.878,LPath
V352H,0.9942,LPath
V352I,0.1113,LBen
V352K,0.9907,LPath
V352L,0.5612,Amb
V352M,0.4915,Amb
V352N,0.9811,LPath
V352P,0.9913,LPath
V352Q,0.9733,LPath
V352R,0.9829,LPath
V352S,0.8863,LPath
V352T,0.784,LPath
V352W,0.9953,LPath
V352Y,0.9832,LPath
T353A,0.6091,LPath
T353C,0.7278,LPath
T353D,0.908,LPath
T353E,0.9602,LPath
T353F,0.9629,LPath
T353G,0.6079,LPath
T353H,0.8445,LPath
T353I,0.9724,LPath
T353K,0.9455,LPath
T353L,0.781,LPath
T353M,0.6095,LPath
T353N,0.5163,Amb
T353P,0.8808,LPath
T353Q,0.8767,LPath
T353R,0.903,LPath
T353S,0.2641,LBen
T353V,0.9061,LPath
T353W,0.9854,LPath
T353Y,0.9554,LPath
Q354A,0.5607,Amb
Q354C,0.986,LPath
Q354D,0.9819,LPath
Q354E,0.4151,Amb
Q354F,0.9935,LPath
Q354G,0.7942,LPath
Q354H,0.9775,LPath
Q354I,0.9288,LPath
Q354K,0.901,LPath
Q354L,0.8804,LPath
Q354M,0.8579,LPath
Q354N,0.9043,LPath
Q354P,0.4109,Amb
Q354R,0.853,LPath
Q354S,0.6162,LPath
Q354T,0.7182,LPath
Q354V,0.8541,LPath
Q354W,0.9954,LPath
Q354Y,0.9937,LPath
Y355A,0.967,LPath
Y355C,0.8558,LPath
Y355D,0.8994,LPath
Y355E,0.9797,LPath
Y355F,0.3701,Amb
Y355G,0.8934,LPath
Y355H,0.7842,LPath
Y355I,0.9844,LPath
Y355K,0.9583,LPath
Y355L,0.944,LPath
Y355M,0.9673,LPath
Y355N,0.7364,LPath
Y355P,0.996,LPath
Y355Q,0.9622,LPath
Y355R,0.892,LPath
Y355S,0.9045,LPath
Y355T,0.9672,LPath
Y355V,0.9566,LPath
Y355W,0.7469,LPath
D356A,0.9687,LPath
D356C,0.9904,LPath
D356E,0.8573,LPath
D356F,0.998,LPath
D356G,0.9487,LPath
D356H,0.9734,LPath
D356I,0.9968,LPath
D356K,0.9924,LPath
D356L,0.9953,LPath
D356M,0.9976,LPath
D356N,0.7376,LPath
D356P,0.9992,LPath
D356Q,0.9697,LPath
D356R,0.9887,LPath
D356S,0.8813,LPath
D356T,0.9788,LPath
D356V,0.9882,LPath
D356W,0.9995,LPath
D356Y,0.9806,LPath
I357A,0.9073,LPath
I357C,0.9164,LPath
I357D,0.9868,LPath
I357E,0.9737,LPath
I357F,0.6155,LPath
I357G,0.9695,LPath
I357H,0.9557,LPath
I357K,0.9385,LPath
I357L,0.3047,LBen
I357M,0.3869,Amb
I357N,0.9037,LPath
I357P,0.9825,LPath
I357Q,0.9581,LPath
I357R,0.8981,LPath
I357S,0.8671,LPath
I357T,0.8431,LPath
I357V,0.1535,LBen
I357W,0.962,LPath
I357Y,0.9167,LPath
H358A,0.4839,Amb
H358C,0.3009,LBen
H358D,0.4944,Amb
H358E,0.5899,LPath
H358F,0.4242,Amb
H358G,0.5059,Amb
H358I,0.5262,Amb
H358K,0.4903,Amb
H358L,0.2514,LBen
H358M,0.6519,LPath
H358N,0.1978,LBen
H358P,0.2472,LBen
H358Q,0.3371,LBen
H358R,0.2324,LBen
H358S,0.367,Amb
H358T,0.4354,Amb
H358V,0.469,Amb
H358W,0.5751,LPath
H358Y,0.163,LBen
L359A,0.6377,LPath
L359C,0.7927,LPath
L359D,0.9658,LPath
L359E,0.849,LPath
L359F,0.4581,Amb
L359G,0.8569,LPath
L359H,0.6059,LPath
L359I,0.3089,LBen
L359K,0.6117,LPath
L359M,0.2683,LBen
L359N,0.8004,LPath
L359P,0.9467,LPath
L359Q,0.4545,Amb
L359R,0.3755,Amb
L359S,0.7796,LPath
L359T,0.6617,LPath
L359V,0.2779,LBen
L359W,0.5853,LPath
L359Y,0.7199,LPath
V360A,0.6209,LPath
V360C,0.7975,LPath
V360D,0.9778,LPath
V360E,0.9378,LPath
V360F,0.4234,Amb
V360G,0.6727,LPath
V360H,0.9487,LPath
V360I,0.0778,LBen
V360K,0.9408,LPath
V360L,0.1461,LBen
V360M,0.3136,LBen
V360N,0.9008,LPath
V360P,0.96,LPath
V360Q,0.8905,LPath
V360R,0.9044,LPath
V360S,0.8097,LPath
V360T,0.6547,LPath
V360W,0.9282,LPath
V360Y,0.8559,LPath
H361A,0.2591,LBen
H361C,0.1576,LBen
H361D,0.3911,Amb
H361E,0.2792,LBen
H361F,0.2905,LBen
H361G,0.2666,LBen
H361I,0.342,Amb
H361K,0.1675,LBen
H361L,0.1081,LBen
H361M,0.3376,LBen
H361N,0.1404,LBen
H361P,0.5391,Amb
H361Q,0.1383,LBen
H361R,0.1022,LBen
H361S,0.2463,LBen
H361T,0.2379,LBen
H361V,0.2599,LBen
H361W,0.3901,Amb
H361Y,0.1257,LBen
A362C,0.3073,LBen
A362D,0.3913,Amb
A362E,0.3139,LBen
A362F,0.417,Amb
A362G,0.1564,LBen
A362H,0.4131,Amb
A362I,0.3204,LBen
A362K,0.4516,Amb
A362L,0.2198,LBen
A362M,0.2309,LBen
A362N,0.2399,LBen
A362P,0.9415,LPath
A362Q,0.2766,LBen
A362R,0.3846,Amb
A362S,0.0966,LBen
A362T,0.092,LBen
A362V,0.1611,LBen
A362W,0.7893,LPath
A362Y,0.483,Amb
I363A,0.5692,LPath
I363C,0.9124,LPath
I363D,0.9954,LPath
I363E,0.9772,LPath
I363F,0.8876,LPath
I363G,0.9628,LPath
I363H,0.9913,LPath
I363K,0.9817,LPath
I363L,0.3827,Amb
I363M,0.2679,LBen
I363N,0.9525,LPath
I363P,0.9879,LPath
I363Q,0.9672,LPath
I363R,0.9707,LPath
I363S,0.8046,LPath
I363T,0.344,Amb
I363V,0.0666,LBen
I363W,0.9934,LPath
I363Y,0.9864,LPath
E364A,0.8265,LPath
E364C,0.9828,LPath
E364D,0.9736,LPath
E364F,0.9986,LPath
E364G,0.8253,LPath
E364H,0.9889,LPath
E364I,0.9863,LPath
E364K,0.9022,LPath
E364L,0.9889,LPath
E364M,0.9742,LPath
E364N,0.9796,LPath
E364P,0.9972,LPath
E364Q,0.5391,Amb
E364R,0.9036,LPath
E364S,0.8807,LPath
E364T,0.9192,LPath
E364V,0.9604,LPath
E364W,0.9992,LPath
E364Y,0.9976,LPath
E365A,0.083,LBen
E365C,0.5404,Amb
E365D,0.0954,LBen
E365F,0.5089,Amb
E365G,0.075,LBen
E365H,0.2349,LBen
E365I,0.2242,LBen
E365K,0.096,LBen
E365L,0.2018,LBen
E365M,0.2379,LBen
E365N,0.1375,LBen
E365P,0.8843,LPath
E365Q,0.0747,LBen
E365R,0.1606,LBen
E365S,0.1061,LBen
E365T,0.1012,LBen
E365V,0.1401,LBen
E365W,0.6945,LPath
E365Y,0.3543,Amb
Q366A,0.1702,LBen
Q366C,0.4756,Amb
Q366D,0.2983,LBen
Q366E,0.0734,LBen
Q366F,0.6445,LPath
Q366G,0.2201,LBen
Q366H,0.1695,LBen
Q366I,0.346,Amb
Q366K,0.0955,LBen
Q366L,0.1402,LBen
Q366M,0.3151,LBen
Q366N,0.2031,LBen
Q366P,0.5873,LPath
Q366R,0.1114,LBen
Q366S,0.2018,LBen
Q366T,0.142,LBen
Q366V,0.2166,LBen
Q366W,0.5954,LPath
Q366Y,0.3964,Amb
I367A,0.5027,Amb
I367C,0.7654,LPath
I367D,0.9272,LPath
I367E,0.8329,LPath
I367F,0.5886,LPath
I367G,0.7556,LPath
I367H,0.8995,LPath
I367K,0.8618,LPath
I367L,0.1307,LBen
I367M,0.128,LBen
I367N,0.4355,Amb
I367P,0.9648,LPath
I367Q,0.7695,LPath
I367R,0.8,LPath
I367S,0.4037,Amb
I367T,0.1823,LBen
I367V,0.1149,LBen
I367W,0.9443,LPath
I367Y,0.8977,LPath
K368A,0.2137,LBen
K368C,0.2984,LBen
K368D,0.2804,LBen
K368E,0.1053,LBen
K368F,0.7257,LPath
K368G,0.1089,LBen
K368H,0.1556,LBen
K368I,0.5384,Amb
K368L,0.317,LBen
K368M,0.2359,LBen
K368N,0.1843,LBen
K368P,0.6308,LPath
K368Q,0.0696,LBen
K368R,0.0718,LBen
K368S,0.1787,LBen
K368T,0.1573,LBen
K368V,0.4051,Amb
K368W,0.5943,LPath
K368Y,0.5124,Amb
K369A,0.2204,LBen
K369C,0.2909,LBen
K369D,0.5068,Amb
K369E,0.1469,LBen
K369F,0.5533,Amb
K369G,0.2841,LBen
K369H,0.1926,LBen
K369I,0.2051,LBen
K369L,0.1637,LBen
K369M,0.1087,LBen
K369N,0.2798,LBen
K369P,0.8923,LPath
K369Q,0.0828,LBen
K369R,0.0784,LBen
K369S,0.248,LBen
K369T,0.1018,LBen
K369V,0.1751,LBen
K369W,0.5215,Amb
K369Y,0.3779,Amb
K370A,0.2525,LBen
K370C,0.4522,Amb
K370D,0.4034,Amb
K370E,0.1286,LBen
K370F,0.7295,LPath
K370G,0.3348,LBen
K370H,0.2151,LBen
K370I,0.2953,LBen
K370L,0.302,LBen
K370M,0.2093,LBen
K370N,0.2641,LBen
K370P,0.226,LBen
K370Q,0.0809,LBen
K370R,0.0896,LBen
K370S,0.2507,LBen
K370T,0.0981,LBen
K370V,0.2295,LBen
K370W,0.7038,LPath
K370Y,0.5489,Amb
L371A,0.8505,LPath
L371C,0.9081,LPath
L371D,0.9965,LPath
L371E,0.9733,LPath
L371F,0.6382,LPath
L371G,0.9636,LPath
L371H,0.9678,LPath
L371I,0.3277,LBen
L371K,0.9664,LPath
L371M,0.1364,LBen
L371N,0.9801,LPath
L371P,0.9281,LPath
L371Q,0.8952,LPath
L371R,0.9489,LPath
L371S,0.9642,LPath
L371T,0.8606,LPath
L371V,0.3712,Amb
L371W,0.8683,LPath
L371Y,0.9489,LPath
E372A,0.0766,LBen
E372C,0.4496,Amb
E372D,0.0922,LBen
E372F,0.4814,Amb
E372G,0.0962,LBen
E372H,0.2032,LBen
E372I,0.1549,LBen
E372K,0.0773,LBen
E372L,0.1489,LBen
E372M,0.214,LBen
E372N,0.1409,LBen
E372P,0.2698,LBen
E372Q,0.0725,LBen
E372R,0.1212,LBen
E372S,0.1006,LBen
E372T,0.0837,LBen
E372V,0.0895,LBen
E372W,0.658,LPath
E372Y,0.3635,Amb
E373A,0.086,LBen
E373C,0.7043,LPath
E373D,0.2257,LBen
E373F,0.7305,LPath
E373G,0.1845,LBen
E373H,0.5234,Amb
E373I,0.2146,LBen
E373K,0.1724,LBen
E373L,0.2607,LBen
E373M,0.3026,LBen
E373N,0.3143,LBen
E373P,0.2626,LBen
E373Q,0.1371,LBen
E373R,0.2912,LBen
E373S,0.2117,LBen
E373T,0.1795,LBen
E373V,0.1307,LBen
E373W,0.9227,LPath
E373Y,0.6066,LPath
F374A,0.4824,Amb
F374C,0.19,LBen
F374D,0.6997,LPath
F374E,0.7036,LPath
F374G,0.6796,LPath
F374H,0.396,Amb
F374I,0.1455,LBen
F374K,0.7258,LPath
F374L,0.5401,Amb
F374M,0.3171,LBen
F374N,0.5446,Amb
F374P,0.9633,LPath
F374Q,0.6285,LPath
F374R,0.6291,LPath
F374S,0.4366,Amb
F374T,0.5024,Amb
F374V,0.1624,LBen
F374W,0.2606,LBen
F374Y,0.0816,LBen
S375A,0.0526,LBen
S375C,0.0767,LBen
S375D,0.1289,LBen
S375E,0.1353,LBen
S375F,0.1159,LBen
S375G,0.0811,LBen
S375H,0.1107,LBen
S375I,0.0745,LBen
S375K,0.1372,LBen
S375L,0.0636,LBen
S375M,0.1104,LBen
S375N,0.0839,LBen
S375P,0.0496,LBen
S375Q,0.1392,LBen
S375R,0.1323,LBen
S375T,0.0557,LBen
S375V,0.0727,LBen
S375W,0.2019,LBen
S375Y,0.1089,LBen
V376A,0.1548,LBen
V376C,0.6698,LPath
V376D,0.568,LPath
V376E,0.465,Amb
V376F,0.2583,LBen
V376G,0.2707,LBen
V376H,0.7462,LPath
V376I,0.0808,LBen
V376K,0.5515,Amb
V376L,0.2015,LBen
V376M,0.1381,LBen
V376N,0.5019,Amb
V376P,0.4772,Amb
V376Q,0.5129,Amb
V376R,0.5371,Amb
V376S,0.291,LBen
V376T,0.1434,LBen
V376W,0.8569,LPath
V376Y,0.7243,LPath
E377A,0.0877,LBen
E377C,0.5499,Amb
E377D,0.088,LBen
E377F,0.5734,LPath
E377G,0.1042,LBen
E377H,0.2193,LBen
E377I,0.2224,LBen
E377K,0.0673,LBen
E377L,0.2131,LBen
E377M,0.2748,LBen
E377N,0.1371,LBen
E377P,0.1873,LBen
E377Q,0.0763,LBen
E377R,0.1112,LBen
E377S,0.1107,LBen
E377T,0.1099,LBen
E377V,0.1179,LBen
E377W,0.7122,LPath
E377Y,0.4335,Amb
E378A,0.5682,LPath
E378C,0.9875,LPath
E378D,0.4567,Amb
E378F,0.9876,LPath
E378G,0.5117,Amb
E378H,0.9416,LPath
E378I,0.9261,LPath
E378K,0.6653,LPath
E378L,0.9326,LPath
E378M,0.9288,LPath
E378N,0.8245,LPath
E378P,0.8173,LPath
E378Q,0.5971,LPath
E378R,0.7939,LPath
E378S,0.7196,LPath
E378T,0.7284,LPath
E378V,0.7827,LPath
E378W,0.9964,LPath
E378Y,0.97,LPath
A379C,0.3583,Amb
A379D,0.1058,LBen
A379E,0.0926,LBen
A379F,0.2891,LBen
A379G,0.085,LBen
A379H,0.2292,LBen
A379I,0.1781,LBen
A379K,0.1247,LBen
A379L,0.1365,LBen
A379M,0.1486,LBen
A379N,0.1122,LBen
A379P,0.1306,LBen
A379Q,0.1399,LBen
A379R,0.1507,LBen
A379S,0.0755,LBen
A379T,0.0655,LBen
A379V,0.0954,LBen
A379W,0.5046,Amb
A379Y,0.3065,LBen
E380A,0.0866,LBen
E380C,0.5767,LPath
E380D,0.0839,LBen
E380F,0.5544,Amb
E380G,0.1126,LBen
E380H,0.2095,LBen
E380I,0.2308,LBen
E380K,0.0738,LBen
E380L,0.218,LBen
E380M,0.2623,LBen
E380N,0.1349,LBen
E380P,0.3711,Amb
E380Q,0.0824,LBen
E380R,0.1236,LBen
E380S,0.1101,LBen
E380T,0.1119,LBen
E380V,0.1399,LBen
E380W,0.6911,LPath
E380Y,0.407,Amb
V381A,0.5776,LPath
V381C,0.9325,LPath
V381D,0.9577,LPath
V381E,0.9453,LPath
V381F,0.8563,LPath
V381G,0.709,LPath
V381H,0.9871,LPath
V381I,0.1453,LBen
V381K,0.9652,LPath
V381L,0.8535,LPath
V381M,0.7407,LPath
V381N,0.9223,LPath
V381P,0.943,LPath
V381Q,0.9583,LPath
V381R,0.9545,LPath
V381S,0.7798,LPath
V381T,0.7063,LPath
V381W,0.9953,LPath
V381Y,0.9714,LPath
L382A,0.7324,LPath
L382C,0.7588,LPath
L382D,0.969,LPath
L382E,0.8551,LPath
L382F,0.4886,Amb
L382G,0.8352,LPath
L382H,0.6667,LPath
L382I,0.2924,LBen
L382K,0.7406,LPath
L382M,0.2305,LBen
L382N,0.7879,LPath
L382P,0.9418,LPath
L382Q,0.5411,Amb
L382R,0.5763,LPath
L382S,0.7532,LPath
L382T,0.6631,LPath
L382V,0.3121,LBen
L382W,0.6762,LPath
L382Y,0.7852,LPath
Q383A,0.1467,LBen
Q383C,0.4371,Amb
Q383D,0.1566,LBen
Q383E,0.0685,LBen
Q383F,0.648,LPath
Q383G,0.125,LBen
Q383H,0.1178,LBen
Q383I,0.4946,Amb
Q383K,0.0626,LBen
Q383L,0.1619,LBen
Q383M,0.3581,Amb
Q383N,0.125,LBen
Q383P,0.1665,LBen
Q383R,0.0737,LBen
Q383S,0.1284,LBen
Q383T,0.1326,LBen
Q383V,0.3087,LBen
Q383W,0.4592,Amb
Q383Y,0.3703,Amb
I384A,0.7621,LPath
I384C,0.8392,LPath
I384D,0.8717,LPath
I384E,0.8688,LPath
I384F,0.2742,LBen
I384G,0.8631,LPath
I384H,0.7103,LPath
I384K,0.7278,LPath
I384L,0.1742,LBen
I384M,0.1789,LBen
I384N,0.5019,Amb
I384P,0.9682,LPath
I384Q,0.7679,LPath
I384R,0.6699,LPath
I384S,0.6429,LPath
I384T,0.6771,LPath
I384V,0.1723,LBen
I384W,0.8533,LPath
I384Y,0.601,LPath
L385A,0.889,LPath
L385C,0.9132,LPath
L385D,0.9969,LPath
L385E,0.9792,LPath
L385F,0.6032,LPath
L385G,0.9804,LPath
L385H,0.9273,LPath
L385I,0.3253,LBen
L385K,0.9491,LPath
L385M,0.348,Amb
L385N,0.975,LPath
L385P,0.9871,LPath
L385Q,0.885,LPath
L385R,0.8872,LPath
L385S,0.9545,LPath
L385T,0.8963,LPath
L385V,0.3303,LBen
L385W,0.8816,LPath
L385Y,0.9184,LPath
T386A,0.2769,LBen
T386C,0.7042,LPath
T386D,0.8739,LPath
T386E,0.8343,LPath
T386F,0.8443,LPath
T386G,0.4806,Amb
T386H,0.6451,LPath
T386I,0.6592,LPath
T386K,0.6668,LPath
T386L,0.3197,LBen
T386M,0.2336,LBen
T386N,0.3587,Amb
T386P,0.3569,Amb
T386Q,0.5646,LPath
T386R,0.6086,LPath
T386S,0.3337,LBen
T386V,0.4179,Amb
T386W,0.9411,LPath
T386Y,0.8123,LPath
Q387A,0.2601,LBen
Q387C,0.7524,LPath
Q387D,0.3491,Amb
Q387E,0.0782,LBen
Q387F,0.8343,LPath
Q387G,0.3495,Amb
Q387H,0.2186,LBen
Q387I,0.6097,LPath
Q387K,0.1064,LBen
Q387L,0.2576,LBen
Q387M,0.4804,Amb
Q387N,0.3119,LBen
Q387P,0.4389,Amb
Q387R,0.1115,LBen
Q387S,0.2816,LBen
Q387T,0.2207,LBen
Q387V,0.4129,Amb
Q387W,0.6947,LPath
Q387Y,0.5913,LPath
V388A,0.8456,LPath
V388C,0.9599,LPath
V388D,0.9929,LPath
V388E,0.9836,LPath
V388F,0.9529,LPath
V388G,0.8333,LPath
V388H,0.9962,LPath
V388I,0.2156,LBen
V388K,0.9913,LPath
V388L,0.9426,LPath
V388M,0.8721,LPath
V388N,0.9713,LPath
V388P,0.9967,LPath
V388Q,0.9867,LPath
V388R,0.987,LPath
V388S,0.9149,LPath
V388T,0.7467,LPath
V388W,0.9988,LPath
V388Y,0.9906,LPath
N389A,0.3771,Amb
N389C,0.3563,Amb
N389D,0.4828,Amb
N389E,0.8169,LPath
N389F,0.749,LPath
N389G,0.3885,Amb
N389H,0.2143,LBen
N389I,0.5942,LPath
N389K,0.8425,LPath
N389L,0.4423,Amb
N389M,0.4901,Amb
N389P,0.969,LPath
N389Q,0.6723,LPath
N389R,0.8094,LPath
N389S,0.0921,LBen
N389T,0.2184,LBen
N389V,0.5014,Amb
N389W,0.8884,LPath
N389Y,0.3023,LBen
V390A,0.6542,LPath
V390C,0.9158,LPath
V390D,0.9549,LPath
V390E,0.8744,LPath
V390F,0.7142,LPath
V390G,0.7412,LPath
V390H,0.9599,LPath
V390I,0.1174,LBen
V390K,0.9094,LPath
V390L,0.6665,LPath
V390M,0.4174,Amb
V390N,0.8752,LPath
V390P,0.9951,LPath
V390Q,0.8749,LPath
V390R,0.8663,LPath
V390S,0.7861,LPath
V390T,0.4748,Amb
V390W,0.9861,LPath
V390Y,0.9407,LPath
V391A,0.15,LBen
V391C,0.6747,LPath
V391D,0.6043,LPath
V391E,0.3914,Amb
V391F,0.2675,LBen
V391G,0.2931,LBen
V391H,0.6852,LPath
V391I,0.1019,LBen
V391K,0.558,Amb
V391L,0.2808,LBen
V391M,0.1592,LBen
V391N,0.4321,Amb
V391P,0.9776,LPath
V391Q,0.4183,Amb
V391R,0.5044,Amb
V391S,0.2223,LBen
V391T,0.1017,LBen
V391W,0.8687,LPath
V391Y,0.6745,LPath
R392A,0.9118,LPath
R392C,0.4227,Amb
R392D,0.9855,LPath
R392E,0.8436,LPath
R392F,0.9412,LPath
R392G,0.8152,LPath
R392H,0.3075,LBen
R392I,0.8058,LPath
R392K,0.173,LBen
R392L,0.7253,LPath
R392M,0.7897,LPath
R392N,0.9577,LPath
R392P,0.9943,LPath
R392Q,0.2229,LBen
R392S,0.9312,LPath
R392T,0.847,LPath
R392V,0.8536,LPath
R392W,0.5546,Amb
R392Y,0.8323,LPath
R393A,0.9579,LPath
R393C,0.8752,LPath
R393D,0.9851,LPath
R393E,0.9238,LPath
R393F,0.9926,LPath
R393G,0.8949,LPath
R393H,0.6878,LPath
R393I,0.9721,LPath
R393K,0.5968,LPath
R393L,0.9329,LPath
R393M,0.9535,LPath
R393N,0.972,LPath
R393P,0.9978,LPath
R393Q,0.5635,Amb
R393S,0.9631,LPath
R393T,0.9527,LPath
R393V,0.972,LPath
R393W,0.8512,LPath
R393Y,0.9656,LPath
E394A,0.2801,LBen
E394C,0.9419,LPath
E394D,0.3161,LBen
E394F,0.944,LPath
E394G,0.3808,Amb
E394H,0.7529,LPath
E394I,0.6824,LPath
E394K,0.4214,Amb
E394L,0.749,LPath
E394M,0.7019,LPath
E394N,0.5117,Amb
E394P,0.9931,LPath
E394Q,0.1881,LBen
E394R,0.5586,Amb
E394S,0.3526,Amb
E394T,0.3916,Amb
E394V,0.4913,Amb
E394W,0.9809,LPath
E394Y,0.8811,LPath
C395A,0.3757,Amb
C395D,0.9757,LPath
C395E,0.9393,LPath
C395F,0.8282,LPath
C395G,0.3916,Amb
C395H,0.9318,LPath
C395I,0.7356,LPath
C395K,0.9842,LPath
C395L,0.8092,LPath
C395M,0.7194,LPath
C395N,0.7506,LPath
C395P,0.9993,LPath
C395Q,0.855,LPath
C395R,0.9345,LPath
C395S,0.3289,LBen
C395T,0.4492,Amb
C395V,0.5195,Amb
C395W,0.9378,LPath
C395Y,0.8657,LPath
E396A,0.5528,Amb
E396C,0.9632,LPath
E396D,0.5278,Amb
E396F,0.9687,LPath
E396G,0.5838,LPath
E396H,0.9008,LPath
E396I,0.8275,LPath
E396K,0.6713,LPath
E396L,0.845,LPath
E396M,0.8298,LPath
E396N,0.7825,LPath
E396P,0.9985,LPath
E396Q,0.407,Amb
E396R,0.7752,LPath
E396S,0.667,LPath
E396T,0.7021,LPath
E396V,0.6859,LPath
E396W,0.9902,LPath
E396Y,0.9488,LPath
I397A,0.8809,LPath
I397C,0.9518,LPath
I397D,0.9657,LPath
I397E,0.9023,LPath
I397F,0.6041,LPath
I397G,0.9284,LPath
I397H,0.947,LPath
I397K,0.8936,LPath
I397L,0.1998,LBen
I397M,0.1215,LBen
I397N,0.7883,LPath
I397P,0.9948,LPath
I397Q,0.8655,LPath
I397R,0.842,LPath
I397S,0.8686,LPath
I397T,0.9305,LPath
I397V,0.3579,Amb
I397W,0.9264,LPath
I397Y,0.8337,LPath
K398A,0.1718,LBen
K398C,0.4406,Amb
K398D,0.3946,Amb
K398E,0.1,LBen
K398F,0.5955,LPath
K398G,0.3116,LBen
K398H,0.1724,LBen
K398I,0.2382,LBen
K398L,0.2127,LBen
K398M,0.1497,LBen
K398N,0.2915,LBen
K398P,0.9429,LPath
K398Q,0.0669,LBen
K398R,0.073,LBen
K398S,0.2233,LBen
K398T,0.1025,LBen
K398V,0.2194,LBen
K398W,0.5969,LPath
K398Y,0.4734,Amb
L399A,0.8748,LPath
L399C,0.9295,LPath
L399D,0.9963,LPath
L399E,0.969,LPath
L399F,0.91,LPath
L399G,0.9639,LPath
L399H,0.9766,LPath
L399I,0.4318,Amb
L399K,0.9589,LPath
L399M,0.2765,LBen
L399N,0.9781,LPath
L399P,0.9934,LPath
L399Q,0.9148,LPath
L399R,0.9332,LPath
L399S,0.9732,LPath
L399T,0.8951,LPath
L399V,0.4171,Amb
L399W,0.9488,LPath
L399Y,0.9686,LPath
E400A,0.4484,Amb
E400C,0.9598,LPath
E400D,0.3393,LBen
E400F,0.9551,LPath
E400G,0.4424,Amb
E400H,0.832,LPath
E400I,0.8895,LPath
E400K,0.7242,LPath
E400L,0.8148,LPath
E400M,0.8672,LPath
E400N,0.7597,LPath
E400P,0.9836,LPath
E400Q,0.3963,Amb
E400R,0.7347,LPath
E400S,0.5633,Amb
E400T,0.6933,LPath
E400V,0.7002,LPath
E400W,0.9825,LPath
E400Y,0.9208,LPath
A401C,0.4916,Amb
A401D,0.3574,Amb
A401E,0.2552,LBen
A401F,0.5448,Amb
A401G,0.1293,LBen
A401H,0.5605,Amb
A401I,0.4762,Amb
A401K,0.5896,LPath
A401L,0.3154,LBen
A401M,0.289,LBen
A401N,0.2813,LBen
A401P,0.9155,LPath
A401Q,0.3416,Amb
A401R,0.5602,Amb
A401S,0.091,LBen
A401T,0.1205,LBen
A401V,0.2276,LBen
A401W,0.8402,LPath
A401Y,0.5582,Amb
A402C,0.2085,LBen
A402D,0.2311,LBen
A402E,0.1882,LBen
A402F,0.2462,LBen
A402G,0.1208,LBen
A402H,0.2987,LBen
A402I,0.1707,LBen
A402K,0.3364,LBen
A402L,0.1205,LBen
A402M,0.1234,LBen
A402N,0.1369,LBen
A402P,0.7572,LPath
A402Q,0.1912,LBen
A402R,0.3226,LBen
A402S,0.067,LBen
A402T,0.0627,LBen
A402V,0.1052,LBen
A402W,0.5393,Amb
A402Y,0.287,LBen
H403A,0.1445,LBen
H403C,0.1841,LBen
H403D,0.0626,LBen
H403E,0.1735,LBen
H403F,0.358,Amb
H403G,0.1364,LBen
H403I,0.3804,Amb
H403K,0.1468,LBen
H403L,0.1609,LBen
H403M,0.3888,Amb
H403N,0.0497,LBen
H403P,0.2264,LBen
H403Q,0.1135,LBen
H403R,0.0949,LBen
H403S,0.1014,LBen
H403T,0.1706,LBen
H403V,0.2621,LBen
H403W,0.5459,Amb
H403Y,0.1395,LBen
F404A,0.9489,LPath
F404C,0.9701,LPath
F404D,0.9637,LPath
F404E,0.9737,LPath
F404G,0.9589,LPath
F404H,0.943,LPath
F404I,0.8465,LPath
F404K,0.973,LPath
F404L,0.9885,LPath
F404M,0.9189,LPath
F404N,0.9625,LPath
F404P,0.9927,LPath
F404Q,0.9603,LPath
F404R,0.9431,LPath
F404S,0.9524,LPath
F404T,0.936,LPath
F404V,0.8474,LPath
F404W,0.6728,LPath
F404Y,0.5845,LPath
D405A,0.324,LBen
D405C,0.7724,LPath
D405E,0.2695,LBen
D405F,0.6848,LPath
D405G,0.1643,LBen
D405H,0.4667,Amb
D405I,0.7324,LPath
D405K,0.7177,LPath
D405L,0.5777,LPath
D405M,0.7885,LPath
D405N,0.2212,LBen
D405P,0.8553,LPath
D405Q,0.5305,Amb
D405R,0.6614,LPath
D405S,0.2177,LBen
D405T,0.4354,Amb
D405V,0.5367,Amb
D405W,0.8839,LPath
D405Y,0.3762,Amb
E406A,0.5304,Amb
E406C,0.9666,LPath
E406D,0.4729,Amb
E406F,0.9739,LPath
E406G,0.5555,Amb
E406H,0.8438,LPath
E406I,0.8025,LPath
E406K,0.3863,Amb
E406L,0.84,LPath
E406M,0.8449,LPath
E406N,0.7876,LPath
E406P,0.9775,LPath
E406Q,0.2982,LBen
E406R,0.5089,Amb
E406S,0.6609,LPath
E406T,0.6413,LPath
E406V,0.6124,LPath
E406W,0.989,LPath
E406Y,0.9426,LPath
K407A,0.9027,LPath
K407C,0.9499,LPath
K407D,0.9611,LPath
K407E,0.781,LPath
K407F,0.9868,LPath
K407G,0.8921,LPath
K407H,0.7686,LPath
K407I,0.8613,LPath
K407L,0.8596,LPath
K407M,0.7756,LPath
K407N,0.9236,LPath
K407P,0.9611,LPath
K407Q,0.3554,Amb
K407R,0.0989,LBen
K407S,0.943,LPath
K407T,0.7996,LPath
K407V,0.8242,LPath
K407W,0.9513,LPath
K407Y,0.9357,LPath
K408A,0.7835,LPath
K408C,0.9313,LPath
K408D,0.9542,LPath
K408E,0.7175,LPath
K408F,0.9785,LPath
K408G,0.8492,LPath
K408H,0.7166,LPath
K408I,0.8191,LPath
K408L,0.7957,LPath
K408M,0.6993,LPath
K408N,0.9062,LPath
K408P,0.9615,LPath
K408Q,0.3358,LBen
K408R,0.0882,LBen
K408S,0.8987,LPath
K408T,0.7187,LPath
K408V,0.7568,LPath
K408W,0.9233,LPath
K408Y,0.9141,LPath
E409A,0.1207,LBen
E409C,0.8184,LPath
E409D,0.1601,LBen
E409F,0.7202,LPath
E409G,0.2613,LBen
E409H,0.5001,Amb
E409I,0.2723,LBen
E409K,0.2258,LBen
E409L,0.2662,LBen
E409M,0.3285,LBen
E409N,0.2827,LBen
E409P,0.9594,LPath
E409Q,0.139,LBen
E409R,0.3223,LBen
E409S,0.2487,LBen
E409T,0.2257,LBen
E409V,0.1639,LBen
E409W,0.8923,LPath
E409Y,0.5773,LPath
I410A,0.785,LPath
I410C,0.9373,LPath
I410D,0.9391,LPath
I410E,0.8786,LPath
I410F,0.6738,LPath
I410G,0.9236,LPath
I410H,0.8934,LPath
I410K,0.6873,LPath
I410L,0.4085,Amb
I410M,0.3161,LBen
I410N,0.5735,LPath
I410P,0.9874,LPath
I410Q,0.8003,LPath
I410R,0.6378,LPath
I410S,0.8001,LPath
I410T,0.6242,LPath
I410V,0.182,LBen
I410W,0.9307,LPath
I410Y,0.8442,LPath
N411A,0.7742,LPath
N411C,0.5873,LPath
N411D,0.9104,LPath
N411E,0.9441,LPath
N411F,0.7722,LPath
N411G,0.7308,LPath
N411H,0.2229,LBen
N411I,0.7717,LPath
N411K,0.9116,LPath
N411L,0.5826,LPath
N411M,0.8388,LPath
N411P,0.9597,LPath
N411Q,0.7492,LPath
N411R,0.7518,LPath
N411S,0.3454,Amb
N411T,0.7163,LPath
N411V,0.7484,LPath
N411W,0.8023,LPath
N411Y,0.2645,LBen
K412A,0.8812,LPath
K412C,0.8936,LPath
K412D,0.9848,LPath
K412E,0.8296,LPath
K412F,0.9692,LPath
K412G,0.9342,LPath
K412H,0.6206,LPath
K412I,0.8299,LPath
K412L,0.7242,LPath
K412M,0.7734,LPath
K412N,0.9634,LPath
K412P,0.9971,LPath
K412Q,0.3984,Amb
K412R,0.0901,LBen
K412S,0.9509,LPath
K412T,0.8445,LPath
K412V,0.8149,LPath
K412W,0.9228,LPath
K412Y,0.8965,LPath
R413A,0.8621,LPath
R413C,0.5505,Amb
R413D,0.97,LPath
R413E,0.6904,LPath
R413F,0.9463,LPath
R413G,0.8713,LPath
R413H,0.3661,Amb
R413I,0.6742,LPath
R413K,0.1443,LBen
R413L,0.6391,LPath
R413M,0.6822,LPath
R413N,0.9134,LPath
R413P,0.9969,LPath
R413Q,0.1797,LBen
R413S,0.9392,LPath
R413T,0.7886,LPath
R413V,0.7582,LPath
R413W,0.6432,LPath
R413Y,0.8161,LPath
K414A,0.9934,LPath
K414C,0.9893,LPath
K414D,0.9985,LPath
K414E,0.9887,LPath
K414F,0.9986,LPath
K414G,0.993,LPath
K414H,0.9717,LPath
K414I,0.987,LPath
K414L,0.965,LPath
K414M,0.9722,LPath
K414N,0.9959,LPath
K414P,0.9972,LPath
K414Q,0.9593,LPath
K414R,0.4207,Amb
K414S,0.9967,LPath
K414T,0.9874,LPath
K414V,0.9855,LPath
K414W,0.9958,LPath
K414Y,0.9878,LPath
Q415A,0.1995,LBen
Q415C,0.6729,LPath
Q415D,0.7394,LPath
Q415E,0.1867,LBen
Q415F,0.7619,LPath
Q415G,0.392,Amb
Q415H,0.3366,LBen
Q415I,0.4371,Amb
Q415K,0.166,LBen
Q415L,0.138,LBen
Q415M,0.3224,LBen
Q415N,0.4236,Amb
Q415P,0.9038,LPath
Q415R,0.1566,LBen
Q415S,0.3561,Amb
Q415T,0.2647,LBen
Q415V,0.3109,LBen
Q415W,0.7297,LPath
Q415Y,0.5695,LPath
L416A,0.3505,Amb
L416C,0.5447,Amb
L416D,0.8336,LPath
L416E,0.5853,LPath
L416F,0.2357,LBen
L416G,0.7385,LPath
L416H,0.4146,Amb
L416I,0.2596,LBen
L416K,0.345,Amb
L416M,0.0614,LBen
L416N,0.632,LPath
L416P,0.9701,LPath
L416Q,0.1926,LBen
L416R,0.2933,LBen
L416S,0.5238,Amb
L416T,0.5293,Amb
L416V,0.193,LBen
L416W,0.2838,LBen
L416Y,0.3813,Amb
I417A,0.8753,LPath
I417C,0.9506,LPath
I417D,0.986,LPath
I417E,0.9579,LPath
I417F,0.4724,Amb
I417G,0.9777,LPath
I417H,0.9144,LPath
I417K,0.9136,LPath
I417L,0.1252,LBen
I417M,0.2732,LBen
I417N,0.9225,LPath
I417P,0.9825,LPath
I417Q,0.8956,LPath
I417R,0.8248,LPath
I417S,0.9149,LPath
I417T,0.9381,LPath
I417V,0.3194,LBen
I417W,0.9166,LPath
I417Y,0.8033,LPath
L418A,0.4769,Amb
L418C,0.7643,LPath
L418D,0.9497,LPath
L418E,0.6275,LPath
L418F,0.4451,Amb
L418G,0.8474,LPath
L418H,0.6758,LPath
L418I,0.1989,LBen
L418K,0.572,LPath
L418M,0.1549,LBen
L418N,0.7887,LPath
L418P,0.9804,LPath
L418Q,0.3299,LBen
L418R,0.4095,Amb
L418S,0.6779,LPath
L418T,0.5356,Amb
L418V,0.2172,LBen
L418W,0.5538,Amb
L418Y,0.7177,LPath
E419A,0.1925,LBen
E419C,0.8827,LPath
E419D,0.1719,LBen
E419F,0.9427,LPath
E419G,0.3192,LBen
E419H,0.7054,LPath
E419I,0.8348,LPath
E419K,0.5232,Amb
E419L,0.5897,LPath
E419M,0.7166,LPath
E419N,0.4768,Amb
E419P,0.9777,LPath
E419Q,0.2172,LBen
E419R,0.5817,LPath
E419S,0.3086,LBen
E419T,0.5401,Amb
E419V,0.6424,LPath
E419W,0.9662,LPath
E419Y,0.8538,LPath
G420A,0.8241,LPath
G420C,0.8943,LPath
G420D,0.658,LPath
G420E,0.7666,LPath
G420F,0.9889,LPath
G420H,0.9545,LPath
G420I,0.9726,LPath
G420K,0.9122,LPath
G420L,0.9724,LPath
G420M,0.9673,LPath
G420N,0.7509,LPath
G420P,0.9973,LPath
G420Q,0.8864,LPath
G420R,0.9136,LPath
G420S,0.6907,LPath
G420T,0.9203,LPath
G420V,0.9517,LPath
G420W,0.9722,LPath
G420Y,0.9589,LPath
K421A,0.6998,LPath
K421C,0.7593,LPath
K421D,0.902,LPath
K421E,0.4435,Amb
K421F,0.8888,LPath
K421G,0.7927,LPath
K421H,0.508,Amb
K421I,0.4757,Amb
K421L,0.4891,Amb
K421M,0.3872,Amb
K421N,0.8052,LPath
K421P,0.9878,LPath
K421Q,0.2254,LBen
K421R,0.0946,LBen
K421S,0.8094,LPath
K421T,0.5586,Amb
K421V,0.4696,Amb
K421W,0.8365,LPath
K421Y,0.8021,LPath
D422A,0.561,Amb
D422C,0.8333,LPath
D422E,0.532,Amb
D422F,0.9059,LPath
D422G,0.8214,LPath
D422H,0.6799,LPath
D422I,0.7413,LPath
D422K,0.846,LPath
D422L,0.7556,LPath
D422M,0.8842,LPath
D422N,0.3077,LBen
D422P,0.7941,LPath
D422Q,0.8028,LPath
D422R,0.8658,LPath
D422S,0.4742,Amb
D422T,0.7699,LPath
D422V,0.5828,LPath
D422W,0.9789,LPath
D422Y,0.5306,Amb
P423A,0.359,Amb
P423C,0.9253,LPath
P423D,0.9406,LPath
P423E,0.8037,LPath
P423F,0.9391,LPath
P423G,0.8701,LPath
P423H,0.8497,LPath
P423I,0.65,LPath
P423K,0.8731,LPath
P423L,0.5287,Amb
P423M,0.7702,LPath
P423N,0.952,LPath
P423Q,0.8126,LPath
P423R,0.8026,LPath
P423S,0.7488,LPath
P423T,0.5277,Amb
P423V,0.498,Amb
P423W,0.9674,LPath
P423Y,0.9341,LPath
D424A,0.1927,LBen
D424C,0.6574,LPath
D424E,0.1234,LBen
D424F,0.6557,LPath
D424G,0.2804,LBen
D424H,0.4082,Amb
D424I,0.3971,Amb
D424K,0.5262,Amb
D424L,0.3787,Amb
D424M,0.6129,LPath
D424N,0.1749,LBen
D424P,0.8447,LPath
D424Q,0.3539,Amb
D424R,0.5345,Amb
D424S,0.1964,LBen
D424T,0.3268,LBen
D424V,0.2221,LBen
D424W,0.8961,LPath
D424Y,0.3317,LBen
L425A,0.1213,LBen
L425C,0.3846,Amb
L425D,0.4517,Amb
L425E,0.1681,LBen
L425F,0.1576,LBen
L425G,0.409,Amb
L425H,0.204,LBen
L425I,0.0915,LBen
L425K,0.1432,LBen
L425M,0.0816,LBen
L425N,0.3271,LBen
L425P,0.802,LPath
L425Q,0.0937,LBen
L425R,0.1244,LBen
L425S,0.2025,LBen
L425T,0.1404,LBen
L425V,0.0741,LBen
L425W,0.2046,LBen
L425Y,0.2667,LBen
E426A,0.2397,LBen
E426C,0.9074,LPath
E426D,0.5645,LPath
E426F,0.8526,LPath
E426G,0.6197,LPath
E426H,0.7545,LPath
E426I,0.4926,Amb
E426K,0.6209,LPath
E426L,0.4688,Amb
E426M,0.5754,LPath
E426N,0.8042,LPath
E426P,0.9164,LPath
E426Q,0.2609,LBen
E426R,0.6474,LPath
E426S,0.6333,LPath
E426T,0.5411,Amb
E426V,0.2807,LBen
E426W,0.9516,LPath
E426Y,0.7726,LPath
A427C,0.4697,Amb
A427D,0.261,LBen
A427E,0.1121,LBen
A427F,0.3245,LBen
A427G,0.1827,LBen
A427H,0.3774,Amb
A427I,0.179,LBen
A427K,0.2526,LBen
A427L,0.1251,LBen
A427M,0.1368,LBen
A427N,0.202,LBen
A427P,0.8817,LPath
A427Q,0.1394,LBen
A427R,0.2608,LBen
A427S,0.1178,LBen
A427T,0.1075,LBen
A427V,0.111,LBen
A427W,0.6393,LPath
A427Y,0.3587,Amb
K428A,0.2646,LBen
K428C,0.6265,LPath
K428D,0.7477,LPath
K428E,0.2232,LBen
K428F,0.7892,LPath
K428G,0.436,Amb
K428H,0.3879,Amb
K428I,0.3691,Amb
K428L,0.3253,LBen
K428M,0.2805,LBen
K428N,0.6373,LPath
K428P,0.9211,LPath
K428Q,0.1135,LBen
K428R,0.0728,LBen
K428S,0.4907,Amb
K428T,0.2662,LBen
K428V,0.3127,LBen
K428W,0.7345,LPath
K428Y,0.6859,LPath
R429A,0.903,LPath
R429C,0.6732,LPath
R429D,0.9678,LPath
R429E,0.7362,LPath
R429F,0.9375,LPath
R429G,0.8323,LPath
R429H,0.4356,Amb
R429I,0.8067,LPath
R429K,0.2696,LBen
R429L,0.7117,LPath
R429M,0.8205,LPath
R429N,0.9513,LPath
R429P,0.9867,LPath
R429Q,0.2926,LBen
R429S,0.9648,LPath
R429T,0.9113,LPath
R429V,0.8624,LPath
R429W,0.5479,Amb
R429Y,0.8073,LPath
K430A,0.5856,LPath
K430C,0.759,LPath
K430D,0.9195,LPath
K430E,0.4326,Amb
K430F,0.8705,LPath
K430G,0.7736,LPath
K430H,0.4605,Amb
K430I,0.4996,Amb
K430L,0.4524,Amb
K430M,0.3946,Amb
K430N,0.8058,LPath
K430P,0.9764,LPath
K430Q,0.1922,LBen
K430R,0.0837,LBen
K430S,0.7959,LPath
K430T,0.508,Amb
K430V,0.4932,Amb
K430W,0.792,LPath
K430Y,0.7499,LPath
A431C,0.4123,Amb
A431D,0.2411,LBen
A431E,0.1294,LBen
A431F,0.2982,LBen
A431G,0.1565,LBen
A431H,0.2959,LBen
A431I,0.2083,LBen
A431K,0.2277,LBen
A431L,0.134,LBen
A431M,0.1409,LBen
A431N,0.179,LBen
A431P,0.9136,LPath
A431Q,0.1395,LBen
A431R,0.2067,LBen
A431S,0.1076,LBen
A431T,0.1003,LBen
A431V,0.1209,LBen
A431W,0.5651,LPath
A431Y,0.3157,LBen
E432A,0.1851,LBen
E432C,0.8969,LPath
E432D,0.3372,LBen
E432F,0.8877,LPath
E432G,0.3643,Amb
E432H,0.644,LPath
E432I,0.6514,LPath
E432K,0.3703,Amb
E432L,0.5991,LPath
E432M,0.6674,LPath
E432N,0.5567,Amb
E432P,0.9607,LPath
E432Q,0.1733,LBen
E432R,0.3982,Amb
E432S,0.3777,Amb
E432T,0.4317,Amb
E432V,0.4188,Amb
E432W,0.9621,LPath
E432Y,0.8036,LPath
L433A,0.5036,Amb
L433C,0.8328,LPath
L433D,0.9387,LPath
L433E,0.6421,LPath
L433F,0.4474,Amb
L433G,0.8371,LPath
L433H,0.6814,LPath
L433I,0.2062,LBen
L433K,0.3609,Amb
L433M,0.1664,LBen
L433N,0.7852,LPath
L433P,0.9369,LPath
L433Q,0.3662,Amb
L433R,0.3255,LBen
L433S,0.8289,LPath
L433T,0.6617,LPath
L433V,0.2365,LBen
L433W,0.5452,Amb
L433Y,0.6083,LPath
A434C,0.3774,Amb
A434D,0.2379,LBen
A434E,0.1268,LBen
A434F,0.2892,LBen
A434G,0.1455,LBen
A434H,0.2825,LBen
A434I,0.222,LBen
A434K,0.252,LBen
A434L,0.1225,LBen
A434M,0.1587,LBen
A434N,0.1829,LBen
A434P,0.8717,LPath
A434Q,0.1317,LBen
A434R,0.2142,LBen
A434S,0.1021,LBen
A434T,0.1015,LBen
A434V,0.128,LBen
A434W,0.5267,Amb
A434Y,0.3012,LBen
K435A,0.2103,LBen
K435C,0.6296,LPath
K435D,0.5814,LPath
K435E,0.1992,LBen
K435F,0.7304,LPath
K435G,0.313,LBen
K435H,0.3309,LBen
K435I,0.3411,Amb
K435L,0.2923,LBen
K435M,0.2454,LBen
K435N,0.4686,Amb
K435P,0.9075,LPath
K435Q,0.1414,LBen
K435R,0.0772,LBen
K435S,0.407,Amb
K435T,0.2014,LBen
K435V,0.2581,LBen
K435W,0.7019,LPath
K435Y,0.607,LPath
I436A,0.7403,LPath
I436C,0.866,LPath
I436D,0.9313,LPath
I436E,0.7849,LPath
I436F,0.2963,LBen
I436G,0.8723,LPath
I436H,0.7583,LPath
I436K,0.6013,LPath
I436L,0.1264,LBen
I436M,0.1208,LBen
I436N,0.6336,LPath
I436P,0.9556,LPath
I436Q,0.5971,LPath
I436R,0.443,Amb
I436S,0.772,LPath
I436T,0.873,LPath
I436V,0.2754,LBen
I436W,0.6679,LPath
I436Y,0.5563,Amb
K437A,0.6287,LPath
K437C,0.6958,LPath
K437D,0.9167,LPath
K437E,0.5194,Amb
K437F,0.8727,LPath
K437G,0.6312,LPath
K437H,0.3922,Amb
K437I,0.5978,LPath
K437L,0.5547,Amb
K437M,0.5232,Amb
K437N,0.8255,LPath
K437P,0.9091,LPath
K437Q,0.1732,LBen
K437R,0.061,LBen
K437S,0.7228,LPath
K437T,0.4789,Amb
K437V,0.6004,LPath
K437W,0.7169,LPath
K437Y,0.7185,LPath
Q438A,0.1144,LBen
Q438C,0.4497,Amb
Q438D,0.2707,LBen
Q438E,0.0709,LBen
Q438F,0.4848,Amb
Q438G,0.1415,LBen
Q438H,0.1763,LBen
Q438I,0.2836,LBen
Q438K,0.077,LBen
Q438L,0.1017,LBen
Q438M,0.2324,LBen
Q438N,0.2159,LBen
Q438P,0.447,Amb
Q438R,0.0814,LBen
Q438S,0.1737,LBen
Q438T,0.1494,LBen
Q438V,0.1865,LBen
Q438W,0.3535,Amb
Q438Y,0.3026,LBen
K439A,0.2136,LBen
K439C,0.5615,Amb
K439D,0.3805,Amb
K439E,0.1187,LBen
K439F,0.7184,LPath
K439G,0.2423,LBen
K439H,0.2148,LBen
K439I,0.3716,Amb
K439L,0.3028,LBen
K439M,0.2208,LBen
K439N,0.247,LBen
K439P,0.7142,LPath
K439Q,0.0747,LBen
K439R,0.0753,LBen
K439S,0.2583,LBen
K439T,0.1438,LBen
K439V,0.3283,LBen
K439W,0.6301,LPath
K439Y,0.5195,Amb
N440A,0.4343,Amb
N440C,0.5126,Amb
N440D,0.4079,Amb
N440E,0.553,Amb
N440F,0.8006,LPath
N440G,0.3594,Amb
N440H,0.1917,LBen
N440I,0.4563,Amb
N440K,0.2946,LBen
N440L,0.5104,Amb
N440M,0.5386,Amb
N440P,0.7905,LPath
N440Q,0.3775,Amb
N440R,0.375,Amb
N440S,0.2052,LBen
N440T,0.2644,LBen
N440V,0.4081,Amb
N440W,0.8246,LPath
N440Y,0.2291,LBen
R441A,0.206,LBen
R441C,0.1567,LBen
R441D,0.5323,Amb
R441E,0.2326,LBen
R441F,0.4019,Amb
R441G,0.1605,LBen
R441H,0.1129,LBen
R441I,0.1627,LBen
R441K,0.0663,LBen
R441L,0.1399,LBen
R441M,0.1753,LBen
R441N,0.4064,Amb
R441P,0.7802,LPath
R441Q,0.0797,LBen
R441S,0.3113,LBen
R441T,0.1803,LBen
R441V,0.208,LBen
R441W,0.1718,LBen
R441Y,0.3027,LBen
R442A,0.1533,LBen
R442C,0.1183,LBen
R442D,0.3354,LBen
R442E,0.1764,LBen
R442F,0.2836,LBen
R442G,0.1392,LBen
R442H,0.0869,LBen
R442I,0.1182,LBen
R442K,0.0728,LBen
R442L,0.0937,LBen
R442M,0.1448,LBen
R442N,0.2903,LBen
R442P,0.5502,Amb
R442Q,0.0764,LBen
R442S,0.2236,LBen
R442T,0.1358,LBen
R442V,0.1457,LBen
R442W,0.1528,LBen
R442Y,0.2182,LBen
F443A,0.5478,Amb
F443C,0.2616,LBen
F443D,0.7831,LPath
F443E,0.7394,LPath
F443G,0.673,LPath
F443H,0.5689,LPath
F443I,0.2754,LBen
F443K,0.6611,LPath
F443L,0.8074,LPath
F443M,0.4813,Amb
F443N,0.596,LPath
F443P,0.9766,LPath
F443Q,0.5362,Amb
F443R,0.4958,Amb
F443S,0.5688,LPath
F443T,0.5993,LPath
F443V,0.2727,LBen
F443W,0.3394,LBen
F443Y,0.1346,LBen
K444A,0.5051,Amb
K444C,0.7463,LPath
K444D,0.8753,LPath
K444E,0.3336,LBen
K444F,0.8682,LPath
K444G,0.5582,Amb
K444H,0.419,Amb
K444I,0.6019,LPath
K444L,0.4915,Amb
K444M,0.4133,Amb
K444N,0.7737,LPath
K444P,0.8412,LPath
K444Q,0.1387,LBen
K444R,0.0672,LBen
K444S,0.6386,LPath
K444T,0.3807,Amb
K444V,0.548,Amb
K444W,0.7061,LPath
K444Y,0.7532,LPath
E445A,0.0957,LBen
E445C,0.6424,LPath
E445D,0.1271,LBen
E445F,0.5664,LPath
E445G,0.0944,LBen
E445H,0.2965,LBen
E445I,0.2603,LBen
E445K,0.1147,LBen
E445L,0.2081,LBen
E445M,0.2777,LBen
E445N,0.1947,LBen
E445P,0.7377,LPath
E445Q,0.086,LBen
E445R,0.1475,LBen
E445S,0.1584,LBen
E445T,0.1694,LBen
E445V,0.1575,LBen
E445W,0.6772,LPath
E445Y,0.4253,Amb
K446A,0.2101,LBen
K446C,0.6303,LPath
K446D,0.3987,Amb
K446E,0.1449,LBen
K446F,0.6577,LPath
K446G,0.3086,LBen
K446H,0.2278,LBen
K446I,0.2554,LBen
K446L,0.2582,LBen
K446M,0.1617,LBen
K446N,0.2659,LBen
K446P,0.804,LPath
K446Q,0.1055,LBen
K446R,0.0788,LBen
K446S,0.2999,LBen
K446T,0.1098,LBen
K446V,0.2287,LBen
K446W,0.652,LPath
K446Y,0.4906,Amb
V447A,0.186,LBen
V447C,0.8091,LPath
V447D,0.6969,LPath
V447E,0.4501,Amb
V447F,0.2777,LBen
V447G,0.2844,LBen
V447H,0.7306,LPath
V447I,0.1033,LBen
V447K,0.418,Amb
V447L,0.2455,LBen
V447M,0.1774,LBen
V447N,0.5593,Amb
V447P,0.8074,LPath
V447Q,0.4216,Amb
V447R,0.3644,Amb
V447S,0.3976,Amb
V447T,0.262,LBen
V447W,0.7472,LPath
V447Y,0.6184,LPath
E448A,0.0809,LBen
E448C,0.6073,LPath
E448D,0.1465,LBen
E448F,0.5426,Amb
E448G,0.0759,LBen
E448H,0.2798,LBen
E448I,0.2498,LBen
E448K,0.1144,LBen
E448L,0.1859,LBen
E448M,0.2547,LBen
E448N,0.2031,LBen
E448P,0.6148,LPath
E448Q,0.0838,LBen
E448R,0.1364,LBen
E448S,0.1281,LBen
E448T,0.1339,LBen
E448V,0.1519,LBen
E448W,0.6395,LPath
E448Y,0.4012,Amb
E449A,0.0787,LBen
E449C,0.5797,LPath
E449D,0.1028,LBen
E449F,0.4991,Amb
E449G,0.0863,LBen
E449H,0.2049,LBen
E449I,0.2155,LBen
E449K,0.1,LBen
E449L,0.1655,LBen
E449M,0.2288,LBen
E449N,0.1339,LBen
E449P,0.58,LPath
E449Q,0.0716,LBen
E449R,0.1252,LBen
E449S,0.125,LBen
E449T,0.1212,LBen
E449V,0.1394,LBen
E449W,0.615,LPath
E449Y,0.3229,LBen
T450A,0.0918,LBen
T450C,0.4061,Amb
T450D,0.3123,LBen
T450E,0.2486,LBen
T450F,0.2869,LBen
T450G,0.1767,LBen
T450H,0.2031,LBen
T450I,0.1996,LBen
T450K,0.1469,LBen
T450L,0.1628,LBen
T450M,0.1297,LBen
T450N,0.1002,LBen
T450P,0.3274,LBen
T450Q,0.1735,LBen
T450R,0.1498,LBen
T450S,0.1148,LBen
T450V,0.1591,LBen
T450W,0.5197,Amb
T450Y,0.2258,LBen
L451A,0.28,LBen
L451C,0.4719,Amb
L451D,0.8028,LPath
L451E,0.4049,Amb
L451F,0.1883,LBen
L451G,0.48,Amb
L451H,0.325,LBen
L451I,0.1134,LBen
L451K,0.2065,LBen
L451M,0.1188,LBen
L451N,0.5536,Amb
L451P,0.4772,Amb
L451Q,0.1594,LBen
L451R,0.1498,LBen
L451S,0.4247,Amb
L451T,0.374,Amb
L451V,0.1044,LBen
L451W,0.1744,LBen
L451Y,0.3652,Amb
K452A,0.1478,LBen
K452C,0.3201,LBen
K452D,0.3239,LBen
K452E,0.0996,LBen
K452F,0.4674,Amb
K452G,0.1714,LBen
K452H,0.1516,LBen
K452I,0.2083,LBen
K452L,0.1382,LBen
K452M,0.158,LBen
K452N,0.2209,LBen
K452P,0.4027,Amb
K452Q,0.062,LBen
K452R,0.06,LBen
K452S,0.19,LBen
K452T,0.1232,LBen
K452V,0.1942,LBen
K452W,0.4052,Amb
K452Y,0.3496,Amb
R453A,0.1685,LBen
R453C,0.171,LBen
R453D,0.3256,LBen
R453E,0.1703,LBen
R453F,0.3326,LBen
R453G,0.1093,LBen
R453H,0.1041,LBen
R453I,0.1513,LBen
R453K,0.0743,LBen
R453L,0.1193,LBen
R453M,0.1644,LBen
R453N,0.2677,LBen
R453P,0.3569,Amb
R453Q,0.0841,LBen
R453S,0.2245,LBen
R453T,0.1338,LBen
R453V,0.1779,LBen
R453W,0.1652,LBen
R453Y,0.2521,LBen
Q454A,0.1969,LBen
Q454C,0.6295,LPath
Q454D,0.3248,LBen
Q454E,0.0838,LBen
Q454F,0.7145,LPath
Q454G,0.1611,LBen
Q454H,0.2508,LBen
Q454I,0.4479,Amb
Q454K,0.0845,LBen
Q454L,0.1983,LBen
Q454M,0.4064,Amb
Q454N,0.285,LBen
Q454P,0.1361,LBen
Q454R,0.0884,LBen
Q454S,0.2218,LBen
Q454T,0.2127,LBen
Q454V,0.2833,LBen
Q454W,0.4744,Amb
Q454Y,0.4579,Amb
K455A,0.1472,LBen
K455C,0.5633,Amb
K455D,0.3091,LBen
K455E,0.1151,LBen
K455F,0.5788,LPath
K455G,0.1675,LBen
K455H,0.2178,LBen
K455I,0.257,LBen
K455L,0.2329,LBen
K455M,0.1864,LBen
K455N,0.2348,LBen
K455P,0.2705,LBen
K455Q,0.0885,LBen
K455R,0.0737,LBen
K455S,0.2202,LBen
K455T,0.1161,LBen
K455V,0.2134,LBen
K455W,0.6121,LPath
K455Y,0.4452,Amb
A456C,0.2565,LBen
A456D,0.1206,LBen
A456E,0.0992,LBen
A456F,0.1826,LBen
A456G,0.0788,LBen
A456H,0.1767,LBen
A456I,0.1341,LBen
A456K,0.1413,LBen
A456L,0.1036,LBen
A456M,0.1376,LBen
A456N,0.125,LBen
A456P,0.1073,LBen
A456Q,0.1244,LBen
A456R,0.131,LBen
A456S,0.0807,LBen
A456T,0.0726,LBen
A456V,0.0822,LBen
A456W,0.3082,LBen
A456Y,0.2045,LBen
G457A,0.0732,LBen
G457C,0.1115,LBen
G457D,0.113,LBen
G457E,0.0959,LBen
G457F,0.2122,LBen
G457H,0.1425,LBen
G457I,0.1109,LBen
G457K,0.1237,LBen
G457L,0.1368,LBen
G457M,0.1902,LBen
G457N,0.1333,LBen
G457P,0.1993,LBen
G457Q,0.114,LBen
G457R,0.0994,LBen
G457S,0.0819,LBen
G457T,0.0825,LBen
G457V,0.0803,LBen
G457W,0.1469,LBen
G457Y,0.165,LBen
R458A,0.1082,LBen
R458C,0.152,LBen
R458D,0.2114,LBen
R458E,0.1446,LBen
R458F,0.2345,LBen
R458G,0.0795,LBen
R458H,0.0939,LBen
R458I,0.1335,LBen
R458K,0.0716,LBen
R458L,0.1099,LBen
R458M,0.1527,LBen
R458N,0.2043,LBen
R458P,0.1085,LBen
R458Q,0.0828,LBen
R458S,0.1553,LBen
R458T,0.1006,LBen
R458V,0.133,LBen
R458W,0.1412,LBen
R458Y,0.2031,LBen
A459C,0.1901,LBen
A459D,0.1063,LBen
A459E,0.0931,LBen
A459F,0.1392,LBen
A459G,0.0641,LBen
A459H,0.1412,LBen
A459I,0.1172,LBen
A459K,0.1214,LBen
A459L,0.0878,LBen
A459M,0.1273,LBen
A459N,0.1133,LBen
A459P,0.0696,LBen
A459Q,0.1049,LBen
A459R,0.103,LBen
A459S,0.0739,LBen
A459T,0.0689,LBen
A459V,0.0786,LBen
A459W,0.2187,LBen
A459Y,0.1679,LBen
G460A,0.0734,LBen
G460C,0.1118,LBen
G460D,0.1142,LBen
G460E,0.1042,LBen
G460F,0.1895,LBen
G460H,0.1314,LBen
G460I,0.1066,LBen
G460K,0.1249,LBen
G460L,0.1336,LBen
G460M,0.1912,LBen
G460N,0.1373,LBen
G460P,0.1691,LBen
G460Q,0.1155,LBen
G460R,0.0958,LBen
G460S,0.0821,LBen
G460T,0.084,LBen
G460V,0.0776,LBen
G460W,0.1526,LBen
G460Y,0.1663,LBen
H461A,0.0831,LBen
H461C,0.0962,LBen
H461D,0.1027,LBen
H461E,0.1023,LBen
H461F,0.1493,LBen
H461G,0.0813,LBen
H461I,0.1416,LBen
H461K,0.076,LBen
H461L,0.0768,LBen
H461M,0.2006,LBen
H461N,0.0768,LBen
H461P,0.0587,LBen
H461Q,0.0662,LBen
H461R,0.0503,LBen
H461S,0.0821,LBen
H461T,0.0972,LBen
H461V,0.1092,LBen
H461W,0.1417,LBen
H461Y,0.0903,LBen
K462A,0.1095,LBen
K462C,0.2866,LBen
K462D,0.2151,LBen
K462E,0.1106,LBen
K462F,0.3899,Amb
K462G,0.1009,LBen
K462H,0.1366,LBen
K462I,0.1993,LBen
K462L,0.1754,LBen
K462M,0.1866,LBen
K462N,0.2,LBen
K462P,0.1359,LBen
K462Q,0.0817,LBen
K462R,0.0574,LBen
K462S,0.1447,LBen
K462T,0.0961,LBen
K462V,0.1724,LBen
K462W,0.3333,LBen
K462Y,0.2997,LBen
G463A,0.0839,LBen
G463C,0.1269,LBen
G463D,0.105,LBen
G463E,0.0999,LBen
G463F,0.2369,LBen
G463H,0.1554,LBen
G463I,0.1263,LBen
G463K,0.152,LBen
G463L,0.154,LBen
G463M,0.2116,LBen
G463N,0.133,LBen
G463P,0.1794,LBen
G463Q,0.1342,LBen
G463R,0.1262,LBen
G463S,0.0913,LBen
G463T,0.0916,LBen
G463V,0.0899,LBen
G463W,0.1713,LBen
G463Y,0.1665,LBen
R464A,0.1399,LBen
R464C,0.1495,LBen
R464D,0.2555,LBen
R464E,0.196,LBen
R464F,0.2156,LBen
R464G,0.091,LBen
R464H,0.1031,LBen
R464I,0.1313,LBen
R464K,0.0898,LBen
R464L,0.1043,LBen
R464M,0.1802,LBen
R464N,0.2324,LBen
R464P,0.1238,LBen
R464Q,0.0964,LBen
R464S,0.1692,LBen
R464T,0.1262,LBen
R464V,0.1419,LBen
R464W,0.1469,LBen
R464Y,0.2076,LBen
P465A,0.0607,LBen
P465C,0.1954,LBen
P465D,0.1763,LBen
P465E,0.1221,LBen
P465F,0.1481,LBen
P465G,0.1035,LBen
P465H,0.0806,LBen
P465I,0.1136,LBen
P465K,0.103,LBen
P465L,0.0738,LBen
P465M,0.1532,LBen
P465N,0.1379,LBen
P465Q,0.0706,LBen
P465R,0.069,LBen
P465S,0.0719,LBen
P465T,0.0698,LBen
P465V,0.0855,LBen
P465W,0.2291,LBen
P465Y,0.1472,LBen
P466A,0.0558,LBen
P466C,0.1824,LBen
P466D,0.1636,LBen
P466E,0.1117,LBen
P466F,0.1657,LBen
P466G,0.0938,LBen
P466H,0.0902,LBen
P466I,0.1258,LBen
P466K,0.1085,LBen
P466L,0.0808,LBen
P466M,0.169,LBen
P466N,0.1433,LBen
P466Q,0.0716,LBen
P466R,0.0686,LBen
P466S,0.0685,LBen
P466T,0.0728,LBen
P466V,0.0856,LBen
P466W,0.2288,LBen
P466Y,0.1654,LBen
R467A,0.1053,LBen
R467C,0.157,LBen
R467D,0.2297,LBen
R467E,0.1641,LBen
R467F,0.2433,LBen
R467G,0.0765,LBen
R467H,0.1174,LBen
R467I,0.1486,LBen
R467K,0.0916,LBen
R467L,0.1103,LBen
R467M,0.184,LBen
R467N,0.243,LBen
R467P,0.0994,LBen
R467Q,0.0957,LBen
R467S,0.1623,LBen
R467T,0.1215,LBen
R467V,0.127,LBen
R467W,0.1671,LBen
R467Y,0.2422,LBen
T468A,0.0606,LBen
T468C,0.1705,LBen
T468D,0.1338,LBen
T468E,0.119,LBen
T468F,0.0986,LBen
T468G,0.081,LBen
T468H,0.0938,LBen
T468I,0.0788,LBen
T468K,0.0919,LBen
T468L,0.0654,LBen
T468M,0.095,LBen
T468N,0.0737,LBen
T468P,0.0504,LBen
T468Q,0.0922,LBen
T468R,0.0762,LBen
T468S,0.0667,LBen
T468V,0.0709,LBen
T468W,0.2113,LBen
T468Y,0.1047,LBen
P469A,0.0537,LBen
P469C,0.1688,LBen
P469D,0.1396,LBen
P469E,0.1146,LBen
P469F,0.1516,LBen
P469G,0.0888,LBen
P469H,0.077,LBen
P469I,0.1171,LBen
P469K,0.1052,LBen
P469L,0.083,LBen
P469M,0.1698,LBen
P469N,0.127,LBen
P469Q,0.072,LBen
P469R,0.0642,LBen
P469S,0.0657,LBen
P469T,0.0666,LBen
P469V,0.0845,LBen
P469W,0.2077,LBen
P469Y,0.1421,LBen
S470A,0.0557,LBen
S470C,0.0853,LBen
S470D,0.1385,LBen
S470E,0.1192,LBen
S470F,0.1043,LBen
S470G,0.0644,LBen
S470H,0.0993,LBen
S470I,0.107,LBen
S470K,0.1371,LBen
S470L,0.0825,LBen
S470M,0.1484,LBen
S470N,0.1023,LBen
S470P,0.0572,LBen
S470Q,0.1062,LBen
S470R,0.0979,LBen
S470T,0.0699,LBen
S470V,0.0862,LBen
S470W,0.1333,LBen
S470Y,0.1071,LBen
G471A,0.0708,LBen
G471C,0.099,LBen
G471D,0.0975,LBen
G471E,0.0989,LBen
G471F,0.1638,LBen
G471H,0.113,LBen
G471I,0.1097,LBen
G471K,0.1408,LBen
G471L,0.1236,LBen
G471M,0.1964,LBen
G471N,0.1353,LBen
G471P,0.1302,LBen
G471Q,0.1133,LBen
G471R,0.101,LBen
G471S,0.0789,LBen
G471T,0.0835,LBen
G471V,0.0761,LBen
G471W,0.1362,LBen
G471Y,0.1415,LBen
S472A,0.069,LBen
S472C,0.0679,LBen
S472D,0.1313,LBen
S472E,0.1355,LBen
S472F,0.0959,LBen
S472G,0.0625,LBen
S472H,0.1007,LBen
S472I,0.0959,LBen
S472K,0.1585,LBen
S472L,0.0887,LBen
S472M,0.1596,LBen
S472N,0.091,LBen
S472P,0.0633,LBen
S472Q,0.1266,LBen
S472R,0.1199,LBen
S472T,0.0748,LBen
S472V,0.0941,LBen
S472W,0.1251,LBen
S472Y,0.0882,LBen
H473A,0.0653,LBen
H473C,0.087,LBen
H473D,0.0869,LBen
H473E,0.11,LBen
H473F,0.1109,LBen
H473G,0.0757,LBen
H473I,0.1088,LBen
H473K,0.1005,LBen
H473L,0.0693,LBen
H473M,0.196,LBen
H473N,0.0783,LBen
H473P,0.0525,LBen
H473Q,0.0788,LBen
H473R,0.0571,LBen
H473S,0.0663,LBen
H473T,0.0807,LBen
H473V,0.0827,LBen
H473W,0.1415,LBen
H473Y,0.0814,LBen
S474A,0.0591,LBen
S474C,0.0733,LBen
S474D,0.128,LBen
S474E,0.1251,LBen
S474F,0.1063,LBen
S474G,0.0602,LBen
S474H,0.0963,LBen
S474I,0.1082,LBen
S474K,0.1498,LBen
S474L,0.0883,LBen
S474M,0.1579,LBen
S474N,0.0992,LBen
S474P,0.0612,LBen
S474Q,0.1205,LBen
S474R,0.111,LBen
S474T,0.0679,LBen
S474V,0.096,LBen
S474W,0.1258,LBen
S474Y,0.0944,LBen
G475A,0.0729,LBen
G475C,0.0916,LBen
G475D,0.0971,LBen
G475E,0.0981,LBen
G475F,0.1554,LBen
G475H,0.112,LBen
G475I,0.1005,LBen
G475K,0.131,LBen
G475L,0.1102,LBen
G475M,0.1725,LBen
G475N,0.1309,LBen
G475P,0.1289,LBen
G475Q,0.112,LBen
G475R,0.1021,LBen
G475S,0.0772,LBen
G475T,0.0783,LBen
G475V,0.0732,LBen
G475W,0.1352,LBen
G475Y,0.1297,LBen
P476A,0.05,LBen
P476C,0.1492,LBen
P476D,0.1238,LBen
P476E,0.0975,LBen
P476F,0.1275,LBen
P476G,0.0865,LBen
P476H,0.0784,LBen
P476I,0.1014,LBen
P476K,0.1013,LBen
P476L,0.0733,LBen
P476M,0.126,LBen
P476N,0.1115,LBen
P476Q,0.0729,LBen
P476R,0.0689,LBen
P476S,0.0653,LBen
P476T,0.0593,LBen
P476V,0.0777,LBen
P476W,0.1804,LBen
P476Y,0.1291,LBen
V477A,0.0678,LBen
V477C,0.2217,LBen
V477D,0.108,LBen
V477E,0.1056,LBen
V477F,0.08,LBen
V477G,0.0652,LBen
V477H,0.1457,LBen
V477I,0.0814,LBen
V477K,0.124,LBen
V477L,0.0788,LBen
V477M,0.1245,LBen
V477N,0.1099,LBen
V477P,0.0847,LBen
V477Q,0.0967,LBen
V477R,0.0863,LBen
V477S,0.0727,LBen
V477T,0.092,LBen
V477W,0.282,LBen
V477Y,0.1872,LBen
P478A,0.0563,LBen
P478C,0.1739,LBen
P478D,0.1534,LBen
P478E,0.1216,LBen
P478F,0.1558,LBen
P478G,0.0982,LBen
P478H,0.0834,LBen
P478I,0.1287,LBen
P478K,0.1251,LBen
P478L,0.0861,LBen
P478M,0.184,LBen
P478N,0.1391,LBen
P478Q,0.0817,LBen
P478R,0.0757,LBen
P478S,0.0704,LBen
P478T,0.0729,LBen
P478V,0.0932,LBen
P478W,0.2324,LBen
P478Y,0.1495,LBen
S479A,0.0658,LBen
S479C,0.0855,LBen
S479D,0.1462,LBen
S479E,0.1391,LBen
S479F,0.1259,LBen
S479G,0.0635,LBen
S479H,0.1298,LBen
S479I,0.1199,LBen
S479K,0.1918,LBen
S479L,0.0996,LBen
S479M,0.1871,LBen
S479N,0.1101,LBen
S479P,0.061,LBen
S479Q,0.1484,LBen
S479R,0.143,LBen
S479T,0.0788,LBen
S479V,0.0976,LBen
S479W,0.1685,LBen
S479Y,0.1148,LBen
Q480A,0.0712,LBen
Q480C,0.2417,LBen
Q480D,0.1208,LBen
Q480E,0.0729,LBen
Q480F,0.2704,LBen
Q480G,0.073,LBen
Q480H,0.0962,LBen
Q480I,0.2057,LBen
Q480K,0.081,LBen
Q480L,0.1006,LBen
Q480M,0.2273,LBen
Q480N,0.1308,LBen
Q480P,0.0506,LBen
Q480R,0.0612,LBen
Q480S,0.0733,LBen
Q480T,0.0875,LBen
Q480V,0.1218,LBen
Q480W,0.2051,LBen
Q480Y,0.1881,LBen
G481A,0.0771,LBen
G481C,0.1107,LBen
G481D,0.0871,LBen
G481E,0.0917,LBen
G481F,0.2022,LBen
G481H,0.139,LBen
G481I,0.1143,LBen
G481K,0.1633,LBen
G481L,0.143,LBen
G481M,0.2028,LBen
G481N,0.1205,LBen
G481P,0.1507,LBen
G481Q,0.1414,LBen
G481R,0.1448,LBen
G481S,0.0859,LBen
G481T,0.0864,LBen
G481V,0.085,LBen
G481W,0.1556,LBen
G481Y,0.1431,LBen
L482A,0.0533,LBen
L482C,0.1438,LBen
L482D,0.144,LBen
L482E,0.0974,LBen
L482F,0.0673,LBen
L482G,0.0909,LBen
L482H,0.0919,LBen
L482I,0.0751,LBen
L482K,0.0811,LBen
L482M,0.0786,LBen
L482N,0.1017,LBen
L482P,0.0566,LBen
L482Q,0.0645,LBen
L482R,0.0611,LBen
L482S,0.0712,LBen
L482T,0.0628,LBen
L482V,0.0628,LBen
L482W,0.0849,LBen
L482Y,0.1331,LBen
V483A,0.0735,LBen
V483C,0.2441,LBen
V483D,0.1118,LBen
V483E,0.101,LBen
V483F,0.084,LBen
V483G,0.0666,LBen
V483H,0.1471,LBen
V483I,0.0897,LBen
V483K,0.1267,LBen
V483L,0.0709,LBen
V483M,0.1413,LBen
V483N,0.1181,LBen
V483P,0.0675,LBen
V483Q,0.0809,LBen
V483R,0.0868,LBen
V483S,0.0779,LBen
V483T,0.0981,LBen
V483W,0.2796,LBen
V483Y,0.1959,LBen
