pdb	entity	auth_chains	label_chains	description	uniprot	uniprot_name	organism	taxid	sf2_pfams	all_pfams	method	resolution	released	title	ligands
3I5X	3I5X_1	A	A	ATP-dependent RNA helicase MSS116	P15424	ATP-dependent RNA helicase MSS116, mitochondrial	Saccharomyces cerevisiae	4932	PF00270,PF00271	PF00270,PF00271	X-RAY DIFFRACTION	1.9	2009-09-08	Structure of Mss116p bound to ssRNA and AMP-PNP	ANP,MG
3G0H	3G0H_1	A	A	ATP-dependent RNA helicase DDX19B	Q9UMR2	ATP-dependent RNA helicase DDX19B	Homo sapiens	9606	PF00270,PF00271	PF00270,PF00271	X-RAY DIFFRACTION	2.7	2009-02-17	Human dead-box RNA helicase DDX19, in complex with an ATP-analogue and RNA	ANP,GOL,MG
3FMP	3FMP_2	B,D	B,D	ATP-dependent RNA helicase DDX19B	Q9UMR2	ATP-dependent RNA helicase DDX19B	Homo sapiens	9606	PF00270	PF00270	X-RAY DIFFRACTION	3.19	2009-05-19	Crystal structure of the nucleoporin Nup214 in complex with the DEAD-box helicase Ddx19	ADP
3FMO	3FMO_2	B	B	ATP-dependent RNA helicase DDX19B	Q9UMR2	ATP-dependent RNA helicase DDX19B	Homo sapiens	9606	PF00270	PF00270	X-RAY DIFFRACTION	2.51	2009-05-19	Crystal structure of the nucleoporin Nup214 in complex with the DEAD-box helicase Ddx19	ADP,GOL
3FHT	3FHT_1	A,B	A,B	ATP-dependent RNA helicase DDX19B	Q9UMR2	ATP-dependent RNA helicase DDX19B	Homo sapiens	9606	PF00270,PF00271	PF00270,PF00271	X-RAY DIFFRACTION	2.2	2009-02-17	Crystal structure of human Dbp5 in complex with AMPPNP and RNA	ANP,GOL,MG
3FE2	3FE2_1	A,B	A,B	Probable ATP-dependent RNA helicase DDX5	P17844	Probable ATP-dependent RNA helicase DDX5	Homo sapiens	9606	PF00270	PF00270	X-RAY DIFFRACTION	2.6	2008-12-16	Human DEAD-BOX RNA helicase DDX5 (P68), conserved domain I in complex with ADP	ADP,CL,SO4
3EX7	3EX7_3	C,H	C,G	Eukaryotic initiation factor 4A-III	P38919	Eukaryotic initiation factor 4A-III	Homo sapiens	9606	PF00270,PF00271	PF00270,PF00271	X-RAY DIFFRACTION	2.301	2008-12-09	The crystal structure of EJC in its transition state	ADP,AF3,MG
3EWS	3EWS_1	A,B	A,B	ATP-dependent RNA helicase DDX19B	Q9UMR2	ATP-dependent RNA helicase DDX19B	Homo sapiens	9606	PF00270,PF00271	PF00270,PF00271	X-RAY DIFFRACTION	2.7	2008-11-04	Human DEAD-box RNA-helicase DDX19 in complex with ADP	ADP
3DKP	3DKP_1	A	A	Probable ATP-dependent RNA helicase DDX52	Q9Y2R4	Probable ATP-dependent RNA helicase DDX52	Homo sapiens	9606	PF00270	PF00270	X-RAY DIFFRACTION	2.1	2008-08-12	Human DEAD-box RNA-helicase DDX52, conserved domain I in complex with ADP	ADP,GOL,MG
3BER	3BER_1	A	A	Probable ATP-dependent RNA helicase DDX47	Q9H0S4	Probable ATP-dependent RNA helicase DDX47	Homo sapiens	9606	PF00270	PF00270	X-RAY DIFFRACTION	1.4	2007-12-04	Human DEAD-box RNA-helicase DDX47, conserved domain I in complex with AMP	AMP,PGE,PO4
3B7G	3B7G_1	A,B	A,B	Probable ATP-dependent RNA helicase DDX20	Q9UHI6	Probable ATP-dependent RNA helicase DDX20	Homo sapiens	9606	PF00270	PF00270	X-RAY DIFFRACTION	1.9	2007-11-13	Human DEAD-box RNA helicase DDX20, Conserved domain I (DEAD) in complex with AMPPNP (Adenosine-(Beta,gamma)-imidotriphosphate)	ANP
2ZJA	2ZJA_1	A	A	Putative ski2-type helicase	O73946	ATP-dependent DNA helicase Hel308	Pyrococcus furiosus	2261	PF00270,PF00271	PF00270,PF00271,PF00633,PF21280	X-RAY DIFFRACTION	2.7	2009-02-10	Archaeal DNA helicase Hjm complexed with AMPPCP in form 2	ACP
2ZJ5	2ZJ5_1	A	A	Putative ski2-type helicase	O73946	ATP-dependent DNA helicase Hel308	Pyrococcus furiosus	2261	PF00270,PF00271	PF00270,PF00271,PF00633,PF21280	X-RAY DIFFRACTION	2.4	2009-02-10	Archaeal DNA helicase Hjm complexed with ADP in form 1	ADP,SO4
2XGJ	2XGJ_1	A,B	A,B	ATP-DEPENDENT RNA HELICASE DOB1	P47047	ATP-dependent RNA helicase DOB1	SACCHAROMYCES CEREVISIAE	4932	PF00270,PF00271	PF00270,PF00271,PF08148,PF13234,PF21408	X-RAY DIFFRACTION	2.9	2010-06-23	Structure of Mtr4, a DExH helicase involved in nuclear RNA processing and surveillance	ADP
2XB2	2XB2_1	A,X	A,K	EUKARYOTIC INITIATION FACTOR 4A-III	P38919	Eukaryotic initiation factor 4A-III	HOMO SAPIENS	9606	PF00270,PF00271	PF00270,PF00271	X-RAY DIFFRACTION	3.4	2010-05-12	Crystal structure of the core Mago-Y14-eIF4AIII-Barentsz-UPF3b assembly shows how the EJC is bridged to the NMD machinery	ANP,MG
2XAU	2XAU_1	A,B	A,B	PRE-MRNA-SPLICING FACTOR ATP-DEPENDENT RNA HELICASE PRP43	P53131	Pre-mRNA-splicing factor ATP-dependent RNA helicase PRP43	SACCHAROMYCES CEREVISIAE	4932	PF00270,PF00271	PF00270,PF00271,PF04408,PF07717,PF21010	X-RAY DIFFRACTION	1.9	2010-06-09	Crystal structure of the Prp43p DEAH-box RNA helicase in complex with ADP	ACT,ADP,GOL,MG,NI
2VSX	2VSX_1	A,B	A,B	ATP-DEPENDENT RNA HELICASE EIF4A	P10081	ATP-dependent RNA helicase eIF4A	SACCHAROMYCES CEREVISIAE	4932	PF00270,PF00271	PF00270,PF00271	X-RAY DIFFRACTION	2.8	2008-06-24	Crystal Structure of a Translation Initiation Complex	AMP
2VSO	2VSO_1	A,B	A,B	ATP-DEPENDENT RNA HELICASE EIF4A	P10081	ATP-dependent RNA helicase eIF4A	SACCHAROMYCES CEREVISIAE	4932	PF00270,PF00271	PF00270,PF00271	X-RAY DIFFRACTION	2.6	2008-06-24	Crystal Structure of a Translation Initiation Complex	AMP
2V1X	2V1X_1	A,B	A,B	ATP-DEPENDENT DNA HELICASE Q1	P46063	ATP-dependent DNA helicase Q1	HOMO SAPIENS	9606	PF00270,PF00271	PF00270,PF00271,PF16124	X-RAY DIFFRACTION	2.0	2007-07-03	Crystal structure of human RECQ-like DNA helicase	ADP,CL,EDO,MG,ZN
2PL3	2PL3_1	A	A	Probable ATP-dependent RNA helicase DDX10	Q13206	Probable ATP-dependent RNA helicase DDX10	Homo sapiens	9606	PF00270	PF00270	X-RAY DIFFRACTION	2.15	2007-05-01	Human DEAD-box RNA helicase DDX10, DEAD domain in complex with ADP	ADP,EOH,MG
2OXC	2OXC_1	A,B	A,B	Probable ATP-dependent RNA helicase DDX20	Q9UHI6	Probable ATP-dependent RNA helicase DDX20	Homo sapiens	9606	PF00270	PF00270	X-RAY DIFFRACTION	1.3	2007-02-27	Human DEAD-box RNA helicase DDX20, DEAD domain in complex with ADP	ADP
2NMV	2NMV_2	A	B	UvrABC system protein B	P37954	UvrABC system protein B	Bacillus subtilis	1423	PF00271,PF04851	PF00271,PF02151,PF04851,PF12344,PF17757	X-RAY DIFFRACTION	2.95	2007-01-16	Damage detection by the UvrABC pathway: Crystal structure of UvrB bound to fluorescein-adducted DNA	ADP,FLU,NML
2J0S	2J0S_1	A	A	ATP-DEPENDENT RNA HELICASE DDX48	P38919	Eukaryotic initiation factor 4A-III	HOMO SAPIENS	9606	PF00270,PF00271	PF00270,PF00271	X-RAY DIFFRACTION	2.21	2006-09-06	The crystal structure of the Exon Junction Complex at 2.2 A resolution	ANP,MG
2J0Q	2J0Q_1	A,B	A,B	ATP-DEPENDENT RNA HELICASE DDX48	P38919	Eukaryotic initiation factor 4A-III	HOMO SAPIENS	9606	PF00270,PF00271	PF00270,PF00271	X-RAY DIFFRACTION	3.2	2006-08-30	The crystal structure of the Exon Junction Complex at 3.2 A resolution	ANP,MG
2I4I	2I4I_1	A	A	ATP-dependent RNA helicase DDX3X	O00571	ATP-dependent RNA helicase DDX3X	Homo sapiens	9606	PF00270,PF00271	PF00270,PF00271	X-RAY DIFFRACTION	2.2	2006-09-05	Crystal Structure of human DEAD-box RNA helicase DDX3X	AMP
2HYI	2HYI_4	C,I	E,I	Probable ATP-dependent RNA helicase DDX48	P38919	Eukaryotic initiation factor 4A-III	Homo sapiens	9606	PF00270,PF00271	PF00270,PF00271	X-RAY DIFFRACTION	2.3	2006-08-15	Structure of the human exon junction complex with a trapped DEAD-box helicase bound to RNA	ANP,MG
2DB3	2DB3_2	A,B,C,D	E,F,G,H	ATP-dependent RNA helicase vasa	P09052	ATP-dependent RNA helicase vasa	Drosophila melanogaster	7227	PF00270,PF00271	PF00270,PF00271	X-RAY DIFFRACTION	2.2	2006-05-02	Structural basis for RNA unwinding by the DEAD-box protein Drosophila Vasa	ANP,MG
2D7D	2D7D_2	A	B	UvrABC system protein B	P37954	UvrABC system protein B	Bacillus subtilis	1423	PF00271,PF04851	PF00271,PF02151,PF04851,PF12344,PF17757	X-RAY DIFFRACTION	2.1	2006-05-02	Structural insights into the cryptic DNA dependent ATP-ase activity of UvrB	ADP
29WD	29WD_1	0	A	General transcription and DNA repair factor IIH helicase subunit XPB	P19447	General transcription and DNA repair factor IIH helicase/translocase subunit XPB	Homo sapiens	9606	PF04851	PF04851,PF13625,PF16203	ELECTRON MICROSCOPY	4.2	2026-07-22	RNA polymerase II pre-initiation complex bound to ADP-BeF3 in the presence of the +1 nucleosome	ADP,BEF,MG,SF4,UNK,ZN
28ZT	28ZT_1	A,B,C,D	A,B,C,D	ATP-dependent RNA helicase A	Q08211	ATP-dependent RNA helicase A	Homo sapiens	9606	PF00270,PF00271	PF00270,PF00271,PF04408,PF07717,PF21010	X-RAY DIFFRACTION	3.4	2026-09-02	Crystal structure of human DHX9 in complex with ATX-968 and ADP	A1BKX,ADP,MG
28ZS	28ZS_1	A	A	Glutathione S-transferase class-mu 26 kDa isozyme,ATP-dependent RNA helicase DHX8	P08515	Glutathione S-transferase class-mu 26 kDa isozyme	Homo sapiens	9606	PF00270,PF00271	PF00270,PF00271,PF04408,PF07717,PF21010	X-RAY DIFFRACTION	2.5	2026-09-02	Crystal structure of human DHX8 in complex with compound 53 and ADP	A1J1K,ADP,DMS,MG
28ZR	28ZR_1	A,B,C,D	A,B,C,D	ATP-dependent RNA helicase DHX8	Q14562	ATP-dependent RNA helicase DHX8	Homo sapiens	9606	PF00270,PF00271	PF00270,PF00271,PF04408,PF07717,PF21010	X-RAY DIFFRACTION	2.45	2026-09-02	Crystal structure of human DHX8 in complex with compound 51 and ADP	A1J1J,ADP,DMS,EDO,MG
28ZQ	28ZQ_1	A,B,C,D	A,B,C,D	ATP-dependent RNA helicase DHX8	Q14562	ATP-dependent RNA helicase DHX8	Homo sapiens	9606	PF00270,PF00271	PF00270,PF00271,PF04408,PF07717,PF21010	X-RAY DIFFRACTION	2.2	2026-09-02	Crystal structure of human DHX8 in complex with compound 43 and ADP	A1J1I,ADP,DMS,EDO,MG
28ZP	28ZP_1	A,B,C,D	A,B,C,D	ATP-dependent RNA helicase DHX8	Q14562	ATP-dependent RNA helicase DHX8	Homo sapiens	9606	PF00270,PF00271	PF00270,PF00271,PF04408,PF07717,PF21010	X-RAY DIFFRACTION	2.57	2026-09-02	Crystal structure of human DHX8 in complex with compound 34 and ADP	A1J1H,ADP,DMS,EDO,MG
28ZO	28ZO_1	A,B,C,D	A,B,C,D	ATP-dependent RNA helicase DHX8	Q14562	ATP-dependent RNA helicase DHX8	Homo sapiens	9606	PF00270,PF00271	PF00270,PF00271,PF04408,PF07717,PF21010	X-RAY DIFFRACTION	2.97	2026-09-02	Crystal structure of human DHX8 in complex with compound 24 and ADP	A1J1G,ADP,DMS,EDO,MG
28ZM	28ZM_1	A,B,C,D	A,B,C,D	ATP-dependent RNA helicase DHX8	Q14562	ATP-dependent RNA helicase DHX8	Homo sapiens	9606	PF00270,PF00271	PF00270,PF00271,PF04408,PF07717,PF21010	X-RAY DIFFRACTION	2.85	2026-09-02	Crystal structure of human DHX8 in complex with compound 21 and ADP	A1J1F,ADP,DMS,EDO,MG
28ZL	28ZL_1	A,B,C,D	A,B,C,D	ATP-dependent RNA helicase DHX8	Q14562	ATP-dependent RNA helicase DHX8	Homo sapiens	9606	PF00270,PF00271	PF00270,PF00271,PF04408,PF07717,PF21010	X-RAY DIFFRACTION	2.69	2026-09-02	Crystal structure of human DHX8 in complex with compound 6 and ADP	A1J1E,ADP,DMS,EDO,MG
28ZK	28ZK_1	A,B,C,D	A,B,C,D	ATP-dependent RNA helicase DHX8	Q14562	ATP-dependent RNA helicase DHX8	Homo sapiens	9606	PF00270,PF00271	PF00270,PF00271,PF04408,PF07717,PF21010	X-RAY DIFFRACTION	2.64	2026-09-02	Crystal structure of human DHX8 in complex with compound 5 and ADP	A1J1D,ADP,DMS,EDO,MG
28ZJ	28ZJ_1	A,B,C,D	A,B,C,D	ATP-dependent RNA helicase DHX8	Q14562	ATP-dependent RNA helicase DHX8	Homo sapiens	9606	PF00270,PF00271	PF00270,PF00271,PF04408,PF07717,PF21010	X-RAY DIFFRACTION	2.55	2026-09-02	Crystal structure of human DHX8 in complex with compound 4 and ADP	ADP,CL,DMS,EDO,IBP,IZP,MG
28ZI	28ZI_1	A,B,C,D	A,B,C,D	ATP-dependent RNA helicase DHX8	Q14562	ATP-dependent RNA helicase DHX8	Homo sapiens	9606	PF00270,PF00271	PF00270,PF00271,PF04408,PF07717,PF21010	X-RAY DIFFRACTION	2.65	2026-09-02	Crystal structure of human DHX8 in complex with compound 1 and ADP	A1J1C,ADP,DMS,EDO,MG
23IL	23IL_5	K	I	WD40 repeat-containing protein	G0SHD8	WD40 repeat-containing protein	Thermochaetoides thermophila DSM 1495	759272	PF00271	PF00176,PF00271,PF07529	ELECTRON MICROSCOPY	3.46	2026-08-12	Cryo-EM structure of Chaetomium thermophilum SWI/SNF bound to a nucleosome	ADP
23FU	23FU_7	K	K	WD40 repeat-containing protein	G0SHD8	WD40 repeat-containing protein	Thermochaetoides thermophila DSM 1495	759272	PF00271	PF00176,PF00271,PF07529	ELECTRON MICROSCOPY	4.45	2026-08-12	Cryo-EM structure of Chaetomium thermophilum RSC bound to a nucleosome	ADP
21WC	21WC_5	I	I	SMARCA4 isoform 2	Q9HBD4	SWI/SNF related BAF chromatin remodeling complex subunit ATPase 4	Homo sapiens	9606	PF00271	PF00176,PF00271,PF14619	ELECTRON MICROSCOPY	3.9	2026-05-13	Cryo-EM structure of the ATPase domain of SMARCA4 and the finger helix of BCL7A bound to a nucleosome	ADP,BEF,MG
21WA	21WA_5	I	I	SMARCA4 isoform 2	Q9HBD4	SWI/SNF related BAF chromatin remodeling complex subunit ATPase 4	Homo sapiens	9606	PF00271	PF00176,PF00271,PF14619	ELECTRON MICROSCOPY	3.7	2026-05-13	Cryo-EM structure of the ATPase domain of SMARCA4 bound to a nucleosome	ADP,BEF,MG
21VV	21VV_8	I	L	SMARCA4 isoform 2	Q9HBD4	SWI/SNF related BAF chromatin remodeling complex subunit ATPase 4	Homo sapiens	9606	PF00271	PF00176,PF00271,PF14619	ELECTRON MICROSCOPY	4.7	2026-05-13	Cryo-EM structure of ncBAF bound to the nucleosome	ADP,BEF,MG
1XTJ	1XTJ_1	A	A	Probable ATP-dependent RNA helicase p47	Q13838	Spliceosome RNA helicase DDX39B	Homo sapiens	9606	PF00270,PF00271	PF00270,PF00271	X-RAY DIFFRACTION	2.7	2004-12-14	structure of human UAP56 in complex with ADP	ACY,ADP,MG
1OYY	1OYY_1	A	A	ATP-dependent DNA helicase	P15043	ATP-dependent DNA helicase RecQ	Escherichia coli	562	PF00270,PF00271	PF00270,PF00271,PF09382,PF16124	X-RAY DIFFRACTION	2.5	2003-10-07	Structure of the RecQ Catalytic Core bound to ATP-gamma-S	AGS,MN,ZN
1GM5	1GM5_1	A	A	RECG	Q9WY48	ATP-dependent DNA helicase RecG	THERMOTOGA MARITIMA	2336	PF00270,PF00271	PF00270,PF00271,PF17190,PF19833	X-RAY DIFFRACTION	3.24	2001-10-03	Structure of RecG bound to three-way DNA junction	ADP,MG
1GL9	1GL9_1	B,C	A,B	REVERSE GYRASE	O29238	Reverse gyrase	ARCHAEOGLOBUS FULGIDUS	224325	PF00270	PF00270,PF01131,PF01751	X-RAY DIFFRACTION	3.2	2002-02-11	Archaeoglobus fulgidus reverse gyrase complexed with ADPNP	ANP,MG
10AP	10AP_1	A	A	Bifunctional 3'-5' exonuclease/ATP-dependent helicase WRN	Q14191	Bifunctional 3'-5' exonuclease/ATP-dependent helicase WRN	Homo sapiens	9606	PF00270,PF00271	PF00270,PF00271,PF16124	X-RAY DIFFRACTION	2.58	2026-05-13	Crystal Structure of Human WRN helicase with compound 26	A1C4O,ATP,EDO,ZN
5LB5	5LB5_1	A,B,C,D	A,B,C,D	ATP-dependent DNA helicase Q5	O94762	ATP-dependent DNA helicase Q5	Homo sapiens	9606	PF00270,PF00271	PF00270,PF00271,PF16124	X-RAY DIFFRACTION	2.0	2016-07-06	Crystal structure of human RECQL5 helicase in complex with ADP/Mg (tricilinc form).	ADP,DMS,MG,ZN
5LB3	5LB3_1	B,E	A,B	ATP-dependent DNA helicase Q5	O94762	ATP-dependent DNA helicase Q5	Homo sapiens	9606	PF00270,PF00271	PF00270,PF00271,PF16124	X-RAY DIFFRACTION	1.8	2016-07-06	Crystal structure of human RECQL5 helicase in complex with ADP/Mg.	ADP,MG,ZN
5I8Q	5I8Q_1	A,B	A,B	Pre-mRNA-splicing factor ATP-dependent RNA helicase PRP43	P53131	Pre-mRNA-splicing factor ATP-dependent RNA helicase PRP43	Saccharomyces cerevisiae S288c	559292	PF00270,PF00271	PF00270,PF00271,PF04408,PF07717,PF21010	X-RAY DIFFRACTION	4.2	2017-02-01	S. cerevisiae Prp43 in complex with RNA and ADPNP	ANP,MG
5GM6	5GM6_23	Y	W	Pre-mRNA-splicing factor ATP-dependent RNA helicase-like protein PRP2	P20095	Pre-mRNA-splicing factor ATP-dependent RNA helicase-like protein PRP2	Saccharomyces cerevisiae (strain ATCC 204508 / S288c)	559292	PF00270,PF00271	PF00270,PF00271,PF04408,PF07717,PF21010	ELECTRON MICROSCOPY	3.5	2016-09-21	Cryo-EM structure of the activated spliceosome (Bact complex) at 3.5 angstrom resolution	ADP,GTP,MG,ZN
5GM6	5GM6_2	B	B	Pre-mRNA-splicing helicase BRR2	P32639	Pre-mRNA-splicing helicase BRR2	Saccharomyces cerevisiae	559292	PF00270,PF00271	PF00160,PF00270,PF00271,PF02889,PF21188,PF23445	ELECTRON MICROSCOPY	3.5	2016-09-21	Cryo-EM structure of the activated spliceosome (Bact complex) at 3.5 angstrom resolution	ADP,GTP,MG,ZN
5GJU	5GJU_1	A	A	ATP-dependent RNA helicase DeaD	P0A9P6	ATP-dependent RNA helicase DeaD	Escherichia coli (strain K12)	83333	PF00270	PF00270	X-RAY DIFFRACTION	1.6	2017-05-31	DEAD-box RNA helicase	AMP
5E7M	5E7M_1	A	A	ATP-dependent RNA helicase DDX3X	O00571	ATP-dependent RNA helicase DDX3X	Homo sapiens	9606	PF00270,PF00271	PF00270,PF00271	X-RAY DIFFRACTION	2.304	2015-12-02	Crystal structure of the active catalytic core of the human DEAD-box protein DDX3 bound to AMPPNP	ANP
5E7J	5E7J_1	A	A	ATP-dependent RNA helicase DDX3X	O00571	ATP-dependent RNA helicase DDX3X	Homo sapiens	9606	PF00270,PF00271	PF00270,PF00271	X-RAY DIFFRACTION	2.23	2015-12-02	Crystal structure of the active catalytic core of the human DEAD-box protein DDX3 bound to AMP	AMP
5E3H	5E3H_1	A	A	Probable ATP-dependent RNA helicase DDX58	O95786	Antiviral innate immune response receptor RIG-I	Homo sapiens	9606	PF00270,PF00271	PF00270,PF00271,PF11648,PF18119	X-RAY DIFFRACTION	2.7	2015-11-18	Structural Basis for RNA Recognition and Activation of RIG-I	ADP,BEF,GOL,MG,ZN
5E02	5E02_1	A	A	FRQ-interacting RNA helicase	Q1K502	Circadian oscillator component FRH	Neurospora crassa	5141	PF00270,PF00271	PF00270,PF00271,PF08148,PF13234,PF21408	X-RAY DIFFRACTION	3.8	2016-07-06	Structure of RNA Helicase FRH a Critical Component of the Neurospora Crassa Circadian Clock	ADP
5DTU	5DTU_1	A	A	Prp28	G0SBQ7	RNA helicase	Chaetomium thermophilum (strain DSM 1495 / CBS 144.50 / IMI 039719)	759272	PF00270,PF00271	PF00270,PF00271	X-RAY DIFFRACTION	3.199	2016-05-04	Crystal structure of the RNA-helicase Prp28 from Chaetomium thermophilum bound to ADP	ADP,MG
5D0U	5D0U_1	A	A	Pre-mRNA-splicing factor ATP-dependent RNA helicase PRP43	G0RY84	RNA helicase	Chaetomium thermophilum var. thermophilum DSM 1495	759272	PF00270,PF00271	PF00270,PF00271,PF04408,PF07717,PF21010	X-RAY DIFFRACTION	2.919	2016-02-10	Crystal structure of the RNA-helicase Prp43 from Chaetomium thermophilum bound to ADP	ADP,DMS,MG
5AOR	5AOR_1	A,B	A,B	DOSAGE COMPENSATION REGULATOR	P24785	Dosage compensation regulator mle	DROSOPHILA MELANOGASTER	7227	PF00270,PF00271	PF00035,PF00270,PF00271,PF04408,PF07717,PF21010	X-RAY DIFFRACTION	2.08	2015-11-18	Structure of MLE RNA ADP AlF4 complex	ADP,ALF,GOL,MG
5AGA	5AGA_1	A	A	DNA POLYMERASE THETA	O75417	DNA polymerase theta	HOMO SAPIENS	9606	PF00270,PF00271	PF00270,PF00271,PF20470,PF21099,PF25453	X-RAY DIFFRACTION	2.9	2015-02-25	Crystal structure of the Helicase domain of human DNA polymerase theta in complex with AMPPNP	ANP,FLC,K,MG
5A9F	5A9F_1	A	A	DNA POLYMERASE THETA	O75417	DNA polymerase theta	HOMO SAPIENS	9606	PF00270,PF00271	PF00270,PF00271,PF20470,PF21099,PF25453	X-RAY DIFFRACTION	3.2	2015-12-16	Crystal structure of the Helicase domain of human DNA polymerase theta in complex with ADP	ADP,K,MG
4W7S	4W7S_1	A,B	A,B	Pre-mRNA-splicing ATP-dependent RNA helicase PRP28	P23394	Pre-mRNA-splicing ATP-dependent RNA helicase PRP28	Saccharomyces cerevisiae	559292	PF00270,PF00271	PF00270,PF00271	X-RAY DIFFRACTION	2.542	2014-10-29	Crystal structure of the yeast DEAD-box splicing factor Prp28 at 2.54 Angstroms resolution	ANP,GOL,MG,P6G
4TYW	4TYW_1	A	A	ATP-dependent RNA helicase MSS116, mitochondrial	P15424	ATP-dependent RNA helicase MSS116, mitochondrial	Saccharomyces cerevisiae	559292	PF00270,PF00271	PF00270,PF00271	X-RAY DIFFRACTION	2.197	2014-12-31	DEAD-box helicase Mss116 bound to ssRNA and ADP-BeF	ADP,BEF,MG
4TYN	4TYN_2	A	B	ATP-dependent RNA helicase MSS116, mitochondrial	P15424	ATP-dependent RNA helicase MSS116, mitochondrial	Saccharomyces cerevisiae	559292	PF00270,PF00271	PF00270,PF00271	X-RAY DIFFRACTION	2.959	2014-12-31	DEAD-box helicase Mss116 bound to ssDNA and ADP-BeF	ADP,BEF,MG
4Q47	4Q47_1	A,B	A,B	DNA helicase RecQ	Q9RUU2	DNA helicase RecQ	Deinococcus radiodurans	243230	PF00270,PF00271	PF00270,PF00271,PF09382,PF16124	X-RAY DIFFRACTION	2.899	2015-05-20	Structure of the DrRecQ Catalytic Core in complex with ADP	ADP,ZN
4PXA	4PXA_1	A	A	ATP-dependent RNA helicase DDX3X	O00571	ATP-dependent RNA helicase DDX3X	Homo sapiens	9606	PF00270,PF00271	PF00270,PF00271	X-RAY DIFFRACTION	3.2	2015-03-11	DEAD-box RNA helicase DDX3X Cancer-associated mutant D354V	ADP,PO4
4PX9	4PX9_1	A,B,C	A,B,C	ATP-dependent RNA helicase DDX3X	O00571	ATP-dependent RNA helicase DDX3X	Homo sapiens	9606	PF00270	PF00270	X-RAY DIFFRACTION	2.31	2015-03-11	DEAD-box RNA helicase DDX3X Domain 1 with N-terminal ATP-binding Loop	ADP
4O3M	4O3M_1	A	A	Bloom syndrome protein	P54132	RecQ-like DNA helicase BLM	Homo sapiens	9606	PF00270,PF00271	PF00270,PF00271,PF00570,PF16124	X-RAY DIFFRACTION	2.3	2014-03-12	Ternary complex of Bloom's syndrome helicase	ADP,CA,EDO,ZN
4LJY	4LJY_1	A	A	Pre-mRNA-processing ATP-dependent RNA helicase PRP5	P21372	Pre-mRNA-processing ATP-dependent RNA helicase PRP5	Saccharomyces cerevisiae	559292	PF00270	PF00270	X-RAY DIFFRACTION	1.95	2013-12-11	Crystal structure of RNA splicing effector Prp5 in complex with ADP	ADP,MG,MRD
4KIT	4KIT_1	B	A	U5 small nuclear ribonucleoprotein 200 kDa helicase	O75643	U5 small nuclear ribonucleoprotein 200 kDa helicase	Homo sapiens	9606	PF00270,PF00271	PF00270,PF00271,PF02889,PF23445	X-RAY DIFFRACTION	3.598	2013-06-05	Crystal structure of human Brr2 in complex with the Prp8 Jab1/MPN domain	ADP,MG
4GL2	4GL2_1	A,B	A,B	Interferon-induced helicase C domain-containing protein 1	Q9BYX4	Interferon-induced helicase C domain-containing protein 1	Homo sapiens	9606	PF00271,PF04851	PF00271,PF04851,PF11648,PF18119	X-RAY DIFFRACTION	3.557	2013-01-09	Structural Basis for dsRNA duplex backbone recognition by MDA5	ANP,ZN
4F93	4F93_1	B	A	U5 small nuclear ribonucleoprotein 200 kDa helicase	O75643	U5 small nuclear ribonucleoprotein 200 kDa helicase	Homo sapiens	9606	PF00270,PF00271	PF00270,PF00271,PF02889,PF23445	X-RAY DIFFRACTION	2.92	2012-10-17	Brr2 Helicase Region S1087L, Mg-ATP	ADP,ATP,MG,SAN
4D26	4D26_1	A	A	BMVLG PROTEIN	O01378	RNA helicase	BOMBYX MORI	7091	PF00270,PF00271	PF00270,PF00271	X-RAY DIFFRACTION	2.1	2014-06-18	Crystal structure of the Bombyx mori Vasa helicase (E339Q) in complex with RNA,ADP and Pi	ADP,MG,PO4
4D25	4D25_1	A	A	BMVLG PROTEIN	O01378	RNA helicase	BOMBYX MORI	7091	PF00270,PF00271	PF00270,PF00271	X-RAY DIFFRACTION	1.9	2014-06-18	Crystal structure of the Bombyx mori Vasa helicase (E339Q) in complex with RNA and AMPPNP	ANP,GOL,MG
4CGZ	4CGZ_1	A	A	BLOOM'S SYNDROME HELICASE	P54132	RecQ-like DNA helicase BLM	HOMO SAPIENS	9606	PF00270,PF00271	PF00270,PF00271,PF00570,PF09382,PF16124	X-RAY DIFFRACTION	3.2	2013-12-11	Crystal structure of the Bloom's syndrome helicase BLM in complex with DNA	ADP,ZN
4CDG	4CDG_1	A,B	A,B	BLOOM SYNDROME PROTEIN	P54132	RecQ-like DNA helicase BLM	HOMO SAPIENS	9606	PF00270,PF00271	PF00270,PF00271,PF00570,PF09382,PF16124	X-RAY DIFFRACTION	2.794	2013-11-13	Crystal structure of the Bloom's syndrome helicase BLM in complex with Nanobody	ADP,ZN
4BGD	4BGD_1	A	A	PRE-MRNA-SPLICING HELICASE BRR2	P32639	Pre-mRNA-splicing helicase BRR2	SACCHAROMYCES CEREVISIAE	4932	PF00270,PF00271	PF00270,PF00271,PF02889,PF23445	X-RAY DIFFRACTION	3.1	2013-05-29	Crystal structure of Brr2 in complex with the Jab1/MPN domain of Prp8	ADP,MG,PE5
4AY2	4AY2_1	A	A	PROBABLE ATP-DEPENDENT RNA HELICASE DDX58	O95786	Antiviral innate immune response receptor RIG-I	HOMO SAPIENS	9606	PF00270,PF00271	PF00270,PF00271,PF11648,PF18119	X-RAY DIFFRACTION	2.8	2012-10-03	Capturing 5' tri-phosphorylated RNA duplex by RIG-I	ADP,MG,ZN
4A4Z	4A4Z_1	A	A	ANTIVIRAL HELICASE SKI2	P35207	Antiviral helicase SKI2	SACCHAROMYCES CEREVISIAE	4932	PF00270,PF00271	PF00270,PF00271,PF08148,PF21408,PF21409	X-RAY DIFFRACTION	2.4	2011-12-21	CRYSTAL STRUCTURE OF THE S. CEREVISIAE DEXH HELICASE SKI2 BOUND TO AMPPNP	ANP,EDO
3ZD7	3ZD7_1	A	A	PROBABLE ATP-DEPENDENT RNA HELICASE DDX58	O95786	Antiviral innate immune response receptor RIG-I	HOMO SAPIENS	9606	PF00270,PF00271	PF00270,PF00271,PF11648,PF18119	X-RAY DIFFRACTION	2.5	2013-08-07	Snapshot 3 of RIG-I scanning on RNA duplex	ADP,MG,ZN
3V4R	3V4R_1	A,B	A,B	UvrABC system protein B	P37954	UvrABC system protein B	Bacillus subtilis	1423	PF00271,PF04851	PF00271,PF04851,PF12344,PF17757	X-RAY DIFFRACTION	3.25	2012-07-04	Crystal structure of a UvrB dimer-DNA complex	ADP
3TBK	3TBK_1	A	A	RIG-I Helicase Domain	Q6Q899	Antiviral innate immune response receptor RIG-I	Mus musculus	10090	PF00270,PF00271	PF00270,PF00271,PF18119	X-RAY DIFFRACTION	2.14	2011-10-26	Mouse RIG-I ATPase Domain	ANP,EDO
3SQX	3SQX_1	A	A	ATP-dependent RNA helicase MSS116, mitochondrial	P15424	ATP-dependent RNA helicase MSS116, mitochondrial	Saccharomyces cerevisiae S288c	559292	PF00270,PF00271	PF00270,PF00271	X-RAY DIFFRACTION	2.112	2011-10-12	Structure of Mss116p (NTE and C-tail double deletion) bound to ssRNA and AMP-PNP	ANP,MG
3SQW	3SQW_1	A	A	ATP-dependent RNA helicase MSS116, mitochondrial	P15424	ATP-dependent RNA helicase MSS116, mitochondrial	Saccharomyces cerevisiae S288c	559292	PF00270,PF00271	PF00270,PF00271	X-RAY DIFFRACTION	1.909	2011-10-12	Structure of Mss116p (NTE deletion) bound to ssRNA and AMP-PNP	ANP,MG
3RRN	3RRN_1	A	A	ATP-dependent RNA helicase DBP5	P20449	ATP-dependent RNA helicase DBP5	Saccharomyces cerevisiae	4932	PF00270,PF00271	PF00270,PF00271	X-RAY DIFFRACTION	4.001	2011-05-18	S. cerevisiae dbp5 l327v bound to gle1 h337r and ip6	ADP,IHP
3RRM	3RRM_1	A	A	ATP-dependent RNA helicase DBP5	P20449	ATP-dependent RNA helicase DBP5	Saccharomyces cerevisiae	4932	PF00270,PF00271	PF00270,PF00271	X-RAY DIFFRACTION	2.9	2011-05-18	S. cerevisiae dbp5 l327v bound to nup159, gle1 h337r, ip6 and adp	ADP,IHP,MG
3RC3	3RC3_1	A	A	ATP-dependent RNA helicase SUPV3L1, mitochondrial	Q8IYB8	ATP-dependent RNA helicase SUPV3L1, mitochondrial	Homo sapiens	9606	PF00271	PF00271,PF12513,PF18114,PF18147,PF22527	X-RAY DIFFRACTION	2.08	2011-05-11	Human Mitochondrial Helicase Suv3	ANP,AZI,CL,NA
3PEY	3PEY_1	A	A	ATP-dependent RNA helicase DBP5	P20449	ATP-dependent RNA helicase DBP5	Saccharomyces cerevisiae	4932	PF00270,PF00271	PF00270,PF00271	X-RAY DIFFRACTION	1.401	2011-03-23	S. cerevisiae Dbp5 bound to RNA and ADP BeF3	ADP,BEF,GOL,MG,NO3
3PEW	3PEW_1	A	A	ATP-dependent RNA helicase DBP5	P20449	ATP-dependent RNA helicase DBP5	Saccharomyces cerevisiae	4932	PF00270,PF00271	PF00270,PF00271	X-RAY DIFFRACTION	1.501	2011-03-23	S. cerevisiae Dbp5 L327V bound to RNA and ADP BeF3	ADP,BEF,MG,NO3
3P4X	3P4X_1	A,B	A,B	reverse gyrase helicase-like domain	O51934	Reverse gyrase	thermotoga maritima	2336	PF00270	PF00270	X-RAY DIFFRACTION	2.41	2011-06-15	Helicase domain of reverse gyrase from Thermotoga maritima	ADP,CL,MG
3MWY	3MWY_1	W	A	Chromo domain-containing protein 1	P32657	ATP-dependent chromatin remodeler CHD1	Saccharomyces cerevisiae	4932	PF00271	PF00176,PF00271,PF00385	X-RAY DIFFRACTION	3.7	2010-09-29	Crystal structure of the chromodomain-ATPase portion of the yeast Chd1 chromatin remodeler	AGS
3LLM	3LLM_1	A,B	A,B	ATP-dependent RNA helicase A	Q08211	ATP-dependent RNA helicase A	Homo sapiens	9606	PF00270	PF00270	X-RAY DIFFRACTION	2.8	2010-05-12	Crystal Structure Analysis of a RNA Helicase	ADP,CAC,GOL,MN
3KX2	3KX2_1	A,B	A,B	Pre-mRNA-splicing factor ATP-dependent RNA helicase PRP43	P53131	Pre-mRNA-splicing factor ATP-dependent RNA helicase PRP43	Saccharomyces cerevisiae	559292	PF00270,PF00271	PF00270,PF00271,PF04408,PF07717,PF21010	X-RAY DIFFRACTION	2.2	2010-01-26	Crystal structure of Prp43p in complex with ADP	ADP,MG
3IUY	3IUY_1	A,B	A,B	Probable ATP-dependent RNA helicase DDX53	Q86TM3	Probable ATP-dependent RNA helicase DDX53	Homo sapiens	9606	PF00270	PF00270	X-RAY DIFFRACTION	2.4	2009-10-20	Crystal structure of DDX53 DEAD-box domain	AMP,CL
3I62	3I62_1	A	A	ATP-dependent RNA helicase MSS116	P15424	ATP-dependent RNA helicase MSS116, mitochondrial	Saccharomyces cerevisiae	4932	PF00270,PF00271	PF00270,PF00271	X-RAY DIFFRACTION	1.95	2009-09-08	Structure of Mss116p bound to ssRNA and ADP-Aluminum Fluoride	ADP,ALF,MG
3I61	3I61_1	A	A	ATP-dependent RNA helicase MSS116	P15424	ATP-dependent RNA helicase MSS116, mitochondrial	Saccharomyces cerevisiae	4932	PF00270,PF00271	PF00270,PF00271	X-RAY DIFFRACTION	2.1	2009-09-08	Structure of Mss116p bound to ssRNA and ADP-Beryllium Fluoride	ADP,BEF,MG
3I5Y	3I5Y_1	A	A	ATP-dependent RNA helicase MSS116	P15424	ATP-dependent RNA helicase MSS116, mitochondrial	Saccharomyces cerevisiae	4932	PF00270,PF00271	PF00270,PF00271	X-RAY DIFFRACTION	2.49	2009-09-08	Structure of Mss116p bound to ssRNA containing a single 5-BrU and AMP-PNP	ANP,MG
5LBA	5LBA_1	A,B,C,D	A,B,C,D	ATP-dependent DNA helicase Q5	O94762	ATP-dependent DNA helicase Q5	Homo sapiens	9606	PF00270,PF00271	PF00270,PF00271,PF16124	X-RAY DIFFRACTION	2.5	2016-07-06	Crystal structure of human RECQL5 helicase in complex with DSPL fragment(1-cyclohexyl-3-(oxolan-2-ylmethyl)urea, SGC - Diamond XChem I04-1 fragment screening.	6SV,ADP,DMS,MG,ZN
5LTA	5LTA_1	A	A	Pre-mRNA-splicing factor ATP-dependent RNA helicase PRP43	G0RY84	RNA helicase	Chaetomium thermophilum var. thermophilum DSM 1495	759272	PF00270,PF00271	PF00270,PF00271,PF04408,PF07717,PF21010	X-RAY DIFFRACTION	2.621	2017-01-25	Crystal structure of the Prp43-ADP-BeF3-U7-RNA complex	ADP,BEF,CAC,MG
5LTJ	5LTJ_1	A	A	Pre-mRNA-splicing factor ATP-dependent RNA helicase PRP43	G0RY84	RNA helicase	Chaetomium thermophilum var. thermophilum DSM 1495	759272	PF00270,PF00271	PF00270,PF00271,PF04408,PF07717,PF21010	X-RAY DIFFRACTION	1.78	2017-01-25	Crystal structure of the Prp43-ADP-BeF3 complex (in orthorhombic space group)	ADP,BEF,CL,MG,MPD,MRD,SO4
5LTK	5LTK_1	A	A	Pre-mRNA-splicing factor ATP-dependent RNA helicase PRP43	G0RY84	RNA helicase	Chaetomium thermophilum var. thermophilum DSM 1495	759272	PF00270,PF00271	PF00270,PF00271,PF04408,PF07717,PF21010	X-RAY DIFFRACTION	3.241	2017-01-25	Crystal structure of the Prp43-ADP-BeF3 complex (in hexagonal space group)	ADP,BEF,MG,SO4
5O9G	5O9G_8	W	K	Chromo domain-containing protein 1	P32657	ATP-dependent chromatin remodeler CHD1	Saccharomyces cerevisiae S288c	559292	PF00271	PF00176,PF00271,PF00385,PF18196,PF23588	ELECTRON MICROSCOPY	4.8	2017-10-11	Structure of nucleosome-Chd1 complex	ADP,BEF
5SUP	5SUP_1	A,B,C	A,B,C	ATP-dependent RNA helicase SUB2	Q07478	ATP-dependent RNA helicase SUB2	Saccharomyces cerevisiae	559292	PF00270,PF00271	PF00270,PF00271	X-RAY DIFFRACTION	2.6	2017-01-18	Crystal structure of the Sub2-Yra1 complex in association with RNA	ADP,BEF,MG
5V9X	5V9X_1	A	A	ATP-dependent DNA helicase	A0QT91	Lhr helicase/ probable uracil glycosylase	Mycobacterium smegmatis	1772	PF00270	PF00270,PF08494,PF19306	X-RAY DIFFRACTION	2.797	2017-12-06	Structure of Mycobacterium smegmatis helicase Lhr bound to ssDNA and AMP-PNP	ANP,GOL,MG,PEG
5VHC	5VHC_1	D	A	DEAH (Asp-Glu-Ala-His) box polypeptide 36	Q05B79	ATP-dependent DNA/RNA helicase DHX36	Bos taurus	9913	PF00270,PF00271	PF00270,PF00271,PF04408,PF07717,PF21010,PF26026	X-RAY DIFFRACTION	2.49	2018-06-13	DHX36 with an N-terminal truncation bound to ADP-BeF3	ADP,BEF,MG
5VHD	5VHD_1	D	A	DEAH (Asp-Glu-Ala-His) box polypeptide 36	Q05B79	ATP-dependent DNA/RNA helicase DHX36	Bos taurus	9913	PF00270,PF00271	PF00270,PF00271,PF04408,PF07717,PF21010,PF26026	X-RAY DIFFRACTION	2.55	2018-06-13	DHX36 with an N-terminal truncation bound to ADP-AlF4	ADP,ALF
5XDR	5XDR_1	A	A	Pre-mRNA-splicing factor ATP-dependent RNA helicase DHX15	O43143	ATP-dependent RNA helicase DHX15	Homo sapiens	9606	PF00270,PF00271	PF00270,PF00271,PF04408,PF07717,PF21010	X-RAY DIFFRACTION	2.0	2017-06-21	Crystal structure of human DEAH-box RNA helicase DHX15 in complex with ADP	ADP,MG,SO4
5XJC	5XJC_4	D	D	U5 small nuclear ribonucleoprotein 200 kDa helicase	O75643	U5 small nuclear ribonucleoprotein 200 kDa helicase	Homo sapiens	9606	PF00270,PF00271	PF00270,PF00271,PF01423,PF02889,PF23445	ELECTRON MICROSCOPY	3.6	2017-07-05	Cryo-EM structure of the human spliceosome just prior to exon ligation at 3.6 angstrom	ADP,ATP,GTP,IHP,MG,ZN
5XJC	5XJC_21	U	U	Serine/arginine repetitive matrix protein 2	Q9UQ35	Serine/arginine repetitive matrix protein 2	Homo sapiens	9606	PF00270,PF00271	PF00270,PF00271	ELECTRON MICROSCOPY	3.6	2017-07-05	Cryo-EM structure of the human spliceosome just prior to exon ligation at 3.6 angstrom	ADP,ATP,GTP,IHP,MG,ZN
5XJC	5XJC_25	Y	Y	ATP-dependent RNA helicase DHX8	Q14562	ATP-dependent RNA helicase DHX8	Homo sapiens	9606	PF00270,PF00271	PF00270,PF00271,PF04408,PF07717,PF21010	ELECTRON MICROSCOPY	3.6	2017-07-05	Cryo-EM structure of the human spliceosome just prior to exon ligation at 3.6 angstrom	ADP,ATP,GTP,IHP,MG,ZN
5Y4Z	5Y4Z_1	A	A	NS3 helicase	Q32ZE1	Genome polyprotein	Zika virus (strain Mr 766)	64320	PF07652	PF07652,PF20907	X-RAY DIFFRACTION	1.3	2017-08-30	Crystal structure of the Zika virus NS3 helicase complex with AMPPNP	ANP,MN
5YZG	5YZG_4	D	D	U5 small nuclear ribonucleoprotein 200 kDa helicase	O75643	U5 small nuclear ribonucleoprotein 200 kDa helicase	Homo sapiens	9606	PF00270,PF00271	PF00270,PF00271,PF01423,PF02889,PF18149,PF21188,PF23445	ELECTRON MICROSCOPY	4.1	2018-08-08	The Cryo-EM Structure of Human Catalytic Step I Spliceosome (C complex) at 4.1 angstrom resolution	ADP,ATP,GTP,IHP,MG,ZN
5YZG	5YZG_27	Z	AA	Pre-mRNA-splicing factor ATP-dependent RNA helicase PRP16	Q92620	Pre-mRNA-splicing factor ATP-dependent RNA helicase PRP16	Homo sapiens	9606	PF00270,PF00271	PF00270,PF00271,PF04408,PF07717,PF21010	ELECTRON MICROSCOPY	4.1	2018-08-08	The Cryo-EM Structure of Human Catalytic Step I Spliceosome (C complex) at 4.1 angstrom resolution	ADP,ATP,GTP,IHP,MG,ZN
5YZG	5YZG_22	U	V	Serine/arginine repetitive matrix protein 2	Q9UQ35	Serine/arginine repetitive matrix protein 2	Homo sapiens	9606	PF00270,PF00271	PF00270,PF00271	ELECTRON MICROSCOPY	4.1	2018-08-08	The Cryo-EM Structure of Human Catalytic Step I Spliceosome (C complex) at 4.1 angstrom resolution	ADP,ATP,GTP,IHP,MG,ZN
5Z3O	5Z3O_7	O	K	Transcription regulatory protein SNF2	P22082	SWI/SNF chromatin-remodeling complex subunit SNF2	Saccharomyces cerevisiae (strain ATCC 204508 / S288c)	559292	PF00271	PF00176,PF00271,PF14619	ELECTRON MICROSCOPY	3.62	2019-04-03	Structure of Snf2-nucleosome complex in ADP state	ADP,MG
5Z3U	5Z3U_1	O	A	Transcription regulatory protein SNF2	P22082	SWI/SNF chromatin-remodeling complex subunit SNF2	Saccharomyces cerevisiae	559292	PF00271	PF00176,PF00271,PF14619	ELECTRON MICROSCOPY	4.31	2019-05-22	Structure of Snf2-nucleosome complex at shl2 in ADP BeFx state	ADP,BEF,MG
5Z3V	5Z3V_1	O	A	Transcription regulatory protein SNF2	P22082	SWI/SNF chromatin-remodeling complex subunit SNF2	Saccharomyces cerevisiae (strain ATCC 204508 / S288c)	559292	PF00271	PF00176,PF00271,PF14619	ELECTRON MICROSCOPY	4.22	2019-05-22	Structure of Snf2-nucleosome complex at shl-2 in ADP BeFx state	ADP,BEF,MG
5ZC9	5ZC9_1	A	A	Eukaryotic initiation factor 4A-I	P60842	Eukaryotic initiation factor 4A-I	Homo sapiens	9606	PF00270,PF00271	PF00270,PF00271	X-RAY DIFFRACTION	2.0	2019-01-16	Crystal structure of the human eIF4A1-ATP analog-RocA-polypurine RNA complex	ANP,MG,RCG
6ACX	6ACX_1	A,B	A,B	Mycobacterium smegmatis Mfd	A0R3C5	Transcription-repair-coupling factor	Mycolicibacterium smegmatis MC2 155	246196	PF00270,PF00271	PF00270,PF00271,PF02559,PF03461,PF17757	X-RAY DIFFRACTION	3.5	2019-08-28	Crystal structure of Mycobacterium smegmatis Mfd in complex with ADP + Pi at 3.5 A resolution.	ADP,PO4,SO4
6ADX	6ADX_1	A	A	Serine protease NS3	Q32ZE1	Genome polyprotein	Zika virus (strain Mr 766)	64320	PF07652	PF07652,PF20907	X-RAY DIFFRACTION	1.752	2019-03-13	Crystal structure of the Zika virus NS3 helicase (ADP-Mn2+ complex, form 1)	ADP,MN
6B4I	6B4I_3	E,F	E,F	ATP-dependent RNA helicase DDX19B	Q9UMR2	ATP-dependent RNA helicase DDX19B	Homo sapiens	9606	PF00270,PF00271	PF00270,PF00271	X-RAY DIFFRACTION	3.619	2018-06-20	Crystal structure of human Gle1 CTD-Nup42 GBM-DDX19B(ADP) complex	ADP,PO4
6B4J	6B4J_3	E,F	E,F	ATP-dependent RNA helicase DDX19B	Q9UMR2	ATP-dependent RNA helicase DDX19B	Homo sapiens	9606	PF00270,PF00271	PF00270,PF00271	X-RAY DIFFRACTION	3.4	2018-06-20	Crystal structure of human Gle1 CTD-Nup42 GBM-DDX19B(AMPPNP) complex	ANP,MG,PO4
6B4K	6B4K_1	A,B	A,B	ATP-dependent RNA helicase DDX19B	Q9UMR2	ATP-dependent RNA helicase DDX19B	Homo sapiens	9606	PF00270,PF00271	PF00270,PF00271	X-RAY DIFFRACTION	2.2	2018-06-20	Crystal structure of human DDX19B(AMPPNP)	ANP,MG,MLI
6C90	6C90_1	A	A	Exosome RNA helicase MTR4,Exosome RNA helicase MTR4	P42285	Exosome RNA helicase MTR4	Homo sapiens	9606	PF00270,PF00271	PF00270,PF00271,PF08148	X-RAY DIFFRACTION	2.2	2018-05-30	Human Mtr4 helicase in complex with ZCCHC8-CTD	ADP,MG,MLI,TLA
6D6Q	6D6Q_13	M	M	Exosome RNA helicase MTR4	P42285	Exosome RNA helicase MTR4	Homo sapiens	9606	PF00270,PF00271	PF00270,PF00271,PF08148,PF21408	ELECTRON MICROSCOPY	3.45	2018-06-20	Human nuclear exosome-MTR4 RNA complex - overall reconstruction	ANP,MG,ZN
6D6R	6D6R_13	M	M	Exosome RNA helicase MTR4	P42285	Exosome RNA helicase MTR4	Homo sapiens	9606	PF00270,PF00271	PF00270,PF00271,PF08148,PF21408	ELECTRON MICROSCOPY	3.45	2018-06-20	Human nuclear exosome-MTR4 RNA complex - composite map after focused reconstruction	ANP,MG,ZN
6FA5	6FA5_1	A	A	Putative mRNA splicing factor	G0SEG4	RNA helicase	Chaetomium thermophilum (strain DSM 1495 / CBS 144.50 / IMI 039719)	759272	PF00270,PF00271	PF00270,PF00271,PF04408,PF07717,PF21010	X-RAY DIFFRACTION	2.303	2018-07-11	CRYSTAL STRUCTURE OF THE DEAH-BOX HELICASE PRP2 IN COMPLEX WITH ADP	ADP,MG,PEG
6FAA	6FAA_1	A	A	Putative mRNA splicing factor	G0SEG4	RNA helicase	Chaetomium thermophilum	759272	PF00270,PF00271	PF00270,PF00271,PF04408,PF07717,PF21010	X-RAY DIFFRACTION	1.97	2018-07-11	CRYSTAL STRUCTURE OF THE DEAH-BOX HELICASE PRP2 IN COMPLEX WITH ADP	ADP,EOH,GOL,MG
6FAC	6FAC_1	A	A	Putative mRNA splicing factor	G0SEG4	RNA helicase	Chaetomium thermophilum	759272	PF00270,PF00271	PF00270,PF00271,PF04408,PF07717,PF21010	X-RAY DIFFRACTION	2.05	2018-07-11	CRYSTAL STRUCTURE OF THE DEAH-BOX HELICASE PRP2 IN COMPLEX WITH ADP	ADP,CL,MG
6FWS	6FWS_1	A,B	A,C	ATP-dependent DNA helicase DinG	P27296	ATP-dependent DNA helicase DinG	Escherichia coli	562	PF00270	PF00270,PF06733,PF13307	X-RAY DIFFRACTION	2.5	2018-12-19	Structure of DinG in complex with ssDNA and ADPBeF	ADP,BEF,MG,SF4
6G0L	6G0L_8	M,W	K,L	Chromo domain-containing protein 1	P32657	ATP-dependent chromatin remodeler CHD1	Saccharomyces cerevisiae S288C	559292	PF00271	PF00176,PF00271,PF00385,PF18196,PF23588	ELECTRON MICROSCOPY	10.0	2018-08-22	Structure of two molecules of the chromatin remodelling enzyme Chd1 bound to a nucleosome	ADP,BEF
6G19	6G19_1	A	A	Interferon-induced helicase C domain-containing protein 1	Q8R5F7	Interferon-induced helicase C domain-containing protein 1	Mus musculus	10090	PF00271,PF04851	PF00271,PF04851,PF11648,PF18119	ELECTRON MICROSCOPY	3.68	2018-11-21	CryoEM structure of the MDA5-dsRNA filament with 74-degree helical twist	ANP,ZN
6GJZ	6GJZ_1	A	A	Interferon-induced helicase C domain-containing protein 1	Q8R5F7	Interferon-induced helicase C domain-containing protein 1	Mus musculus	10090	PF00271	PF00271,PF11648,PF18119	ELECTRON MICROSCOPY	4.06	2018-11-21	CryoEM structure of the MDA5-dsRNA filament in complex with AMPPNP	ANP,ZN
6GKH	6GKH_1	A	A	Interferon-induced helicase C domain-containing protein 1	Q8R5F7	Interferon-induced helicase C domain-containing protein 1	Mus musculus	10090	PF00271,PF04851	PF00271,PF04851,PF11648,PF18119	ELECTRON MICROSCOPY	4.06	2018-11-21	CryoEM structure of the MDA5-dsRNA filament in complex with ADP-AlF4	ADP,ALF,MG,ZN
6GKM	6GKM_1	A	A	Interferon-induced helicase C domain-containing protein 1	Q8R5F7	Interferon-induced helicase C domain-containing protein 1	Mus musculus	10090	PF00271	PF00271,PF11648,PF18119	ELECTRON MICROSCOPY	3.87	2018-11-21	CryoEM structure of the MDA5-dsRNA filament in complex with ATP (10 mM)	ATP,ZN
6HEG	6HEG_1	A	A	ATP-dependent RNA helicase HrpB	P37024	ATP-dependent RNA helicase HrpB	Escherichia coli (strain K12)	83333	PF00270,PF00271	PF00270,PF00271,PF08482,PF24473	X-RAY DIFFRACTION	3.019	2018-09-12	Crystal structure of Escherichia coli DEAH/RHA helicase HrpB	ADP,ALF,PO4
6HTS	6HTS_3	G	G	Chromatin-remodeling ATPase INO80	Q9ULG1	Chromatin-remodeling ATPase INO80	Homo sapiens	9606	PF00271	PF00176,PF00271	ELECTRON MICROSCOPY	4.8	2018-11-07	Cryo-EM structure of the human INO80 complex bound to nucleosome	ADP,ZN
6HYS	6HYS_1	A,B,C,D	A,B,C,D	ATP-dependent RNA helicase DHX8	Q14562	ATP-dependent RNA helicase DHX8	Homo sapiens	9606	PF00270,PF00271	PF00270,PF00271,PF04408,PF07717,PF21010	X-RAY DIFFRACTION	2.6	2019-08-28	Crystal structure of DHX8 helicase domain bound to ADP at 2.6 angstrom	ACT,ADP,DMS,EDO,MG
6HYT	6HYT_1	A,B,C,D	A,B,C,D	ATP-dependent RNA helicase DHX8	Q14562	ATP-dependent RNA helicase DHX8	Homo sapiens	9606	PF00270,PF00271	PF00270,PF00271,PF04408,PF07717,PF21010	X-RAY DIFFRACTION	2.33	2019-08-28	Crystal structure of DHX8 helicase domain bound to ADP at 2.3 Angstrom	ACT,ADP,CL,DMS,EDO,MG
6ICZ	6ICZ_21	U	U	Serine/arginine repetitive matrix protein 2	Q9UQ35	Serine/arginine repetitive matrix protein 2	Homo sapiens	9606	PF00270,PF00271	PF00270,PF00271	ELECTRON MICROSCOPY	3.0	2019-03-13	Cryo-EM structure of a human post-catalytic spliceosome (P complex) at 3.0 angstrom	ATP,GTP,IHP,MG,ZN
6ICZ	6ICZ_41	D	YA	U5 small nuclear ribonucleoprotein 200 kDa helicase	O75643	U5 small nuclear ribonucleoprotein 200 kDa helicase	Homo sapiens	9606	PF00270,PF00271	PF00270,PF00271,PF01423,PF02889,PF23445	ELECTRON MICROSCOPY	3.0	2019-03-13	Cryo-EM structure of a human post-catalytic spliceosome (P complex) at 3.0 angstrom	ATP,GTP,IHP,MG,ZN
6ICZ	6ICZ_38	Y	LA	ATP-dependent RNA helicase DHX8	Q14562	ATP-dependent RNA helicase DHX8	Homo sapiens	9606	PF00270,PF00271	PF00076,PF00270,PF00271,PF04408,PF07717,PF21010	ELECTRON MICROSCOPY	3.0	2019-03-13	Cryo-EM structure of a human post-catalytic spliceosome (P complex) at 3.0 angstrom	ATP,GTP,IHP,MG,ZN
6IEG	6IEG_1	A,B	A,B	Exosome RNA helicase MTR4	P42285	Exosome RNA helicase MTR4	Homo sapiens	9606	PF00270,PF00271	PF00270,PF00271,PF08148,PF13234,PF21408	X-RAY DIFFRACTION	3.55	2019-04-03	Crystal structure of human MTR4	ADP,MG
6IEH	6IEH_1	B	A	Exosome RNA helicase MTR4	P42285	Exosome RNA helicase MTR4	Homo sapiens	9606	PF00270,PF00271	PF00270,PF00271,PF08148,PF13234,PF21408	X-RAY DIFFRACTION	2.892	2019-04-03	Crystal structures of the hMTR4-NRDE2 complex	ATP,CL
6IRO	6IRO_1	L	A	ISWI chromatin-remodeling complex ATPase ISW1	P38144	ISWI chromatin-remodeling complex ATPase ISW1	Saccharomyces cerevisiae (strain ATCC 204508 / S288c)	559292	PF00271	PF00176,PF00271	ELECTRON MICROSCOPY	3.4	2019-04-03	the crosslinked complex of ISWI-nucleosome in the ADP-bound state	ADP
6IY2	6IY2_7	O	K	Transcription regulatory protein SNF2	P22082	SWI/SNF chromatin-remodeling complex subunit SNF2	Saccharomyces cerevisiae (strain ATCC 204508 / S288c)	559292	PF00271	PF00176,PF00271,PF14619	ELECTRON MICROSCOPY	3.47	2019-04-03	Structure of Snf2-MMTV-A nucleosome complex at shl2 in ADP state	ADP
6IY3	6IY3_7	O	K	Transcription regulatory protein SNF2	P22082	SWI/SNF chromatin-remodeling complex subunit SNF2	Saccharomyces cerevisiae (strain ATCC 204508 / S288c)	559292	PF00271	PF00176,PF00271,PF14619	ELECTRON MICROSCOPY	3.67	2019-04-03	Structure of Snf2-MMTV-A nucleosome complex at shl-2 in ADP state	ADP
6JYL	6JYL_7	K	K	ISWI chromatin-remodeling complex ATPase ISW1	P38144	ISWI chromatin-remodeling complex ATPase ISW1	Saccharomyces cerevisiae (strain ATCC 204508 / S288c)	559292	PF00271	PF00176,PF00271	ELECTRON MICROSCOPY	3.37	2019-05-29	The crosslinked complex of ISWI-nucleosome in the ADP.BeF-bound state	ADP,BEF,MG
6K1P	6K1P_7	K	K	ISWI chromatin-remodeling complex ATPase ISW1	P38144	ISWI chromatin-remodeling complex ATPase ISW1	Saccharomyces cerevisiae (strain ATCC 204508 / S288c)	559292	PF00271	PF00176,PF00271	ELECTRON MICROSCOPY	3.87	2019-05-29	The complex of ISWI-nucleosome in the ADP.BeF-bound state	ADP,BEF,MG
6L5M	6L5M_1	A,B,C,D,E	A,B,C,D,E	Nucleolar RNA helicase 2	Q9NR30	Nucleolar RNA helicase 2	Homo sapiens	9606	PF00270,PF00271	PF00270,PF00271	X-RAY DIFFRACTION	2.7	2020-06-17	Crystal structure of human DEAD-box RNA helicase DDX21 in complex with AMP	AMP
6L5N	6L5N_1	A,B	A,B	Nucleolar RNA helicase 2	Q9NR30	Nucleolar RNA helicase 2	Homo sapiens	9606	PF00270,PF00271	PF00270,PF00271	X-RAY DIFFRACTION	2.242	2020-06-17	Crystal structure of human DEAD-box RNA helicase DDX21 at post-unwound state	ANP,MG
6L5O	6L5O_1	A	A	Nucleolar RNA helicase 2	Q9NR30	Nucleolar RNA helicase 2	Homo sapiens	9606	PF00270,PF00271	PF00270,PF00271	X-RAY DIFFRACTION	1.8	2020-06-17	Crystal structure of human DEAD-box RNA helicase DDX21 at post-hydrolysis state	ADP,GOL,MG
6NE3	6NE3_8	W	K	SWI/SNF-related matrix-associated actin-dependent regulator of chromatin subfamily A member 5	O60264	SWI/SNF-related matrix-associated actin-dependent regulator of chromatin subfamily A member 5	Homo sapiens	9606	PF00271	PF00176,PF00271	ELECTRON MICROSCOPY	3.9	2019-07-17	Cryo-EM structure of singly-bound SNF2h-nucleosome complex with SNF2h bound at SHL-2	ADP
6QDV	6QDV_8	B	H	U5 small nuclear ribonucleoprotein 200 kDa helicase	O75643	U5 small nuclear ribonucleoprotein 200 kDa helicase	Homo sapiens	9606	PF00270,PF00271	PF00270,PF00271,PF02889,PF23445	ELECTRON MICROSCOPY	3.3	2019-02-20	Human post-catalytic P complex spliceosome	ATP,GTP,IHP,K,MG,ZN
6QDV	6QDV_4	7	D	Eukaryotic initiation factor 4A-III, N-terminally processed	P38919	Eukaryotic initiation factor 4A-III	Homo sapiens	9606	PF00270,PF00271	PF00270,PF00271	ELECTRON MICROSCOPY	3.3	2019-02-20	Human post-catalytic P complex spliceosome	ATP,GTP,IHP,K,MG,ZN
6QDV	6QDV_27	V	AA	ATP-dependent RNA helicase DHX8	Q14562	ATP-dependent RNA helicase DHX8	Homo sapiens	9606	PF00270,PF00271	PF00270,PF00271,PF04408,PF04564,PF07717,PF21010	ELECTRON MICROSCOPY	3.3	2019-02-20	Human post-catalytic P complex spliceosome	ATP,GTP,IHP,K,MG,ZN
6QV3	6QV3_1	A	A	Pre-mRNA splicing helicase-like protein	G0S0B9	RNA helicase	Chaetomium thermophilum	209285	PF00270,PF00271	PF00270,PF00271,PF02889,PF23445	X-RAY DIFFRACTION	2.9	2020-01-15	Crystal structure of the Ski2 RNA-helicase Brr2 from Chaetomium thermophilum bound to ADP	ADP,MN,PEG
6RM8	6RM8_1	A	A	Putative mRNA splicing factor	G0SEG4	RNA helicase	Chaetomium thermophilum var. thermophilum DSM 1495	759272	PF00270,PF00271	PF00270,PF00271,PF04408,PF07717,PF21010	X-RAY DIFFRACTION	1.95	2020-02-05	Crystal structure of the DEAH-box ATPase Prp2 in complex with Spp2 and ADP	ADP,BTB,CL,MG,PEG,SO4
6RM9	6RM9_1	A	A	Putative mRNA splicing factor	G0SEG4	RNA helicase	Chaetomium thermophilum var. thermophilum DSM 1495	759272	PF00270,PF00271	PF00270,PF00271,PF04408,PF07717,PF21010	X-RAY DIFFRACTION	1.85	2020-02-05	Crystal structure of the DEAH-box ATPase Prp2 in complex with Spp2 and ADP	ACT,ADP,GOL,MG,PEG
6RMA	6RMA_1	A	A	Putative mRNA splicing factor	G0SEG4	RNA helicase	Chaetomium thermophilum var. thermophilum DSM 1495	759272	PF00270,PF00271	PF00270,PF00271,PF04408,PF07717,PF21010	X-RAY DIFFRACTION	2.1	2020-02-05	Crystal structure of the DEAH-box ATPase Prp2 in complex with Spp2 and ADP	ADP,CL,GOL,IPA,MG
6RMC	6RMC_1	A,B	A,B	Putative mRNA splicing factor	G0SEG4	RNA helicase	Chaetomium thermophilum var. thermophilum DSM 1495	759272	PF00270,PF00271	PF00270,PF00271,PF04408,PF07717,PF21010	X-RAY DIFFRACTION	2.6	2020-02-05	Crystal structure of the DEAH-box ATPase Prp2 in complex with Spp2 and ADP	ADP,MG
6RYR	6RYR_7	W	K	Chromodomain-helicase-DNA-binding protein 4,Chromodomain-helicase-DNA-binding protein 4,Chromodomain-helicase-DNA-binding protein 4	Q14839	ATP-dependent chromatin remodeler CHD4	Homo sapiens	9606	PF00271	PF00176,PF00271,PF00385,PF00628	ELECTRON MICROSCOPY	3.1	2020-07-15	Nucleosome-CHD4 complex structure (single CHD4 copy)	ANP,MG,ZN
6SH6	6SH6_1	A	A	Pre-mRNA-splicing factor ATP-dependent RNA helicase DHX15	O43143	ATP-dependent RNA helicase DHX15	Homo sapiens	9606	PF00270,PF00271	PF00270,PF00271,PF04408,PF07717,PF21010	X-RAY DIFFRACTION	1.85	2020-04-22	Crystal structure of the human DEAH-helicase DHX15 in complex with the NKRF G-patch bound to ADP	ADP,EDO,MG
6UP3	6UP3_1	A	A	Dhx36 protein	Q8VHK9	ATP-dependent DNA/RNA helicase DHX36	Mus musculus	10090	PF00270,PF00271	PF00270,PF00271,PF04408,PF07717,PF21010,PF26026	X-RAY DIFFRACTION	2.691	2020-10-28	Crystal structure of the murine DHX36 helicase in complex with ANP	ANP
6UP4	6UP4_1	A	A	Dhx36 protein	Q8VHK9	ATP-dependent DNA/RNA helicase DHX36	Mus musculus	10090	PF00270,PF00271	PF00270,PF00271,PF04408,PF07717,PF21010,PF26026	X-RAY DIFFRACTION	2.4	2020-04-15	Crystal structure of the murine DHX36 helicase in complex with ADP	ADP,MG
6UV1	6UV1_1	A,B	A,B	Probable ATP-dependent RNA helicase DDX17	Q92841	Probable ATP-dependent RNA helicase DDX17	Homo sapiens	9606	PF00270,PF00271	PF00270,PF00271	X-RAY DIFFRACTION	2.307	2020-01-01	Crystal structure of RNA helicase DDX17 in complex of rU10 RNA	ADP,BEF,MG
6UV2	6UV2_1	A	A	Probable ATP-dependent RNA helicase DDX17	Q92841	Probable ATP-dependent RNA helicase DDX17	Homo sapiens	9606	PF00270,PF00271	PF00270,PF00271	X-RAY DIFFRACTION	1.894	2020-01-01	Crystal structure of the core domain of RNA helicase DDX17 with RNA pri-125a-oligo1	ADP,BEF,MG
6UV3	6UV3_1	A	A	Probable ATP-dependent RNA helicase DDX17	Q92841	Probable ATP-dependent RNA helicase DDX17	Homo sapiens	9606	PF00270,PF00271	PF00270,PF00271	X-RAY DIFFRACTION	1.597	2020-01-01	Crystal structure of the core domain of RNA helicase DDX17 with RNA pri-125a-oligo2	ADP,BEF,MG
6UV4	6UV4_1	A	A	Probable ATP-dependent RNA helicase DDX17	Q92841	Probable ATP-dependent RNA helicase DDX17	Homo sapiens	9606	PF00270,PF00271	PF00270,PF00271	X-RAY DIFFRACTION	1.7	2020-01-01	Crystal structure of the core domain of RNA helicase DDX17 with RNA pri-18a-oligo1	ADP,BEF,MG
6VZ4	6VZ4_7	K	K	Nuclear protein STH1/NPS1	P32597	Nuclear protein STH1/NPS1	Saccharomyces cerevisiae (strain ATCC 204508 / S288c)	559292	PF00271	PF00176,PF00271,PF14619	ELECTRON MICROSCOPY	3.9	2020-12-02	Cryo-EM structure of Sth1-Arp7-Arp9-Rtt102 bound to the nucleosome in ADP Beryllium Fluoride state	ADP,ATP,BEF,MG
6X2F	6X2F_1	A	A	Transcription-repair-coupling factor	P30958	Transcription-repair-coupling factor	Escherichia coli	562	PF00270,PF00271	PF00270,PF00271,PF02559,PF03461,PF17757,PF21132	ELECTRON MICROSCOPY	4.0	2021-02-03	Mfd-bound E.coli RNA polymerase elongation complex - L2 state	ADP,MG,ZN
6X2N	6X2N_1	A	A	Transcription-repair-coupling factor	P30958	Transcription-repair-coupling factor	Escherichia coli	562	PF00270,PF00271	PF00270,PF00271,PF02559,PF03461,PF17757,PF21132	ELECTRON MICROSCOPY	3.9	2021-02-03	Mfd-bound E.coli RNA polymerase elongation complex - I state	ATP,MG,ZN
6X43	6X43_1	A	A	Transcription-repair-coupling factor	P30958	Transcription-repair-coupling factor	Escherichia coli	562	PF00270,PF00271	PF00270,PF00271,PF02559,PF03461,PF17757,PF21132	ELECTRON MICROSCOPY	3.6	2021-02-03	Mfd-bound E.coli RNA polymerase elongation complex - II state	ATP,MG,ZN
6X4W	6X4W_1	A	A	Transcription-repair-coupling factor	P30958	Transcription-repair-coupling factor	Escherichia coli	562	PF00270,PF00271	PF00270,PF00271,PF02559,PF03461,PF17757,PF21132	ELECTRON MICROSCOPY	3.8	2021-02-03	Mfd-bound E.coli RNA polymerase elongation complex - III state	ADP,MG,ZN
6X4Y	6X4Y_1	A	A	Transcription-repair-coupling factor	P30958	Transcription-repair-coupling factor	Escherichia coli	562	PF00270,PF00271	PF00270,PF00271,PF02559,PF03461,PF17757,PF21132	ELECTRON MICROSCOPY	3.6	2021-02-03	Mfd-bound E.coli RNA polymerase elongation complex - IV state	ADP,MG,ZN
6X50	6X50_1	A	A	Transcription-repair-coupling factor	P30958	Transcription-repair-coupling factor	Escherichia coli	562	PF00270,PF00271	PF00270,PF00271,PF02559,PF03461,PF17757,PF21132	ELECTRON MICROSCOPY	3.3	2021-02-03	Mfd-bound E.coli RNA polymerase elongation complex - V state	ATP,MG,ZN
6XKI	6XKI_1	A	A	Eukaryotic initiation factor 4A-I	P60843	Eukaryotic initiation factor 4A-I	Mus musculus	10090	PF00270,PF00271	PF00270,PF00271	X-RAY DIFFRACTION	2.87	2021-01-06	Crystal structure of eIF4A-I in complex with RNA bound to des-MePateA, a pateamine A analog	ANP,MG,V6D
6YHR	6YHR_1	A	A	Werner syndrome ATP-dependent helicase	Q14191	Bifunctional 3'-5' exonuclease/ATP-dependent helicase WRN	Homo sapiens	9606	PF00270,PF00271	PF00270,PF00271,PF16124	X-RAY DIFFRACTION	2.2	2020-04-29	Crystal structure of Werner syndrome helicase	ADP,ZN
6ZM2	6ZM2_1	A	A	Putative mRNA splicing factor	G0SEG4	RNA helicase	Chaetomium thermophilum (strain DSM 1495 / CBS 144.50 / IMI 039719)	759272	PF00270,PF00271	PF00270,PF00271,PF04408,PF07717,PF21010	X-RAY DIFFRACTION	2.1	2021-04-21	Crystal structure of the DEAH-box ATPase Prp2 in complex with ADP-BeF3 and ssRNA	ADP,BEF,CL,EDO,GOL,HEZ,MG,MPO,PEG,PGO,POL
7AM2	7AM2_63	BW	LB	DEAD/DEAH box helicase-like protein	Q4QHU1	DEAD/DEAH box helicase-like protein	Leishmania tarentolae	5689	PF00270	PF00270	ELECTRON MICROSCOPY	3.4	2021-04-28	Intermediate assembly of the Large subunit from Leishmania major mitochondrial ribosome	ATP,GTP
7AUC	7AUC_1	A	A	Bloom syndrome protein,Bloom syndrome protein	P54132	RecQ-like DNA helicase BLM	Homo sapiens	9606	PF00270,PF00271	PF00270,PF00271,PF00570,PF16124	X-RAY DIFFRACTION	1.53	2020-12-16	Crystal structure of an engineered helicase domain construct for human Bloom syndrome protein (BLM)	ACT,ADP,CA,EDO,GOL,MG,PG4,ZN
7AUD	7AUD_1	A,B,C,D,E,F	A,B,C,D,E,F	Bloom syndrome protein,Bloom syndrome protein	P54132	RecQ-like DNA helicase BLM	Homo sapiens	9606	PF00270,PF00271	PF00270,PF00271,PF00570,PF16124	X-RAY DIFFRACTION	2.96	2020-12-16	Structure of an engineered helicase domain construct for human Bloom syndrome protein (BLM)	ADP,MG,PG4,RY8,ZN
7BDI	7BDI_1	B	A	U5 small nuclear ribonucleoprotein 200 kDa helicase	O75643	U5 small nuclear ribonucleoprotein 200 kDa helicase	Homo sapiens	9606	PF00270,PF00271	PF00270,PF00271,PF02889,PF23445	X-RAY DIFFRACTION	2.8	2021-06-09	Human Brr2 Helicase Region in complex with C-tail deleted Jab1 and ATPgammaS	AGS,MG
7BDK	7BDK_1	B	A	U5 small nuclear ribonucleoprotein 200 kDa helicase	O75643	U5 small nuclear ribonucleoprotein 200 kDa helicase	Homo sapiens	9606	PF00270,PF00271	PF00270,PF00271,PF02889,PF23445	X-RAY DIFFRACTION	2.52	2021-06-09	Human Brr2 Helicase Region in complex with C-tail deleted Jab1 and ADP	ADP,MG
7BKP	7BKP_1	A	A	Interferon-induced helicase C domain-containing protein 1	Q8R5F7	Interferon-induced helicase C domain-containing protein 1	Mus musculus	10090	PF00271	PF00271,PF11648,PF18119	ELECTRON MICROSCOPY	2.8	2021-11-17	CryoEM structure of disease related M854K MDA5-dsRNA filament in complex with ATP	ATP,MG,ZN
7BKQ	7BKQ_1	A	A	Isoform 2 of Interferon-induced helicase C domain-containing protein 1	Q8R5F7	Interferon-induced helicase C domain-containing protein 1	Mus musculus	10090	PF00271,PF04851	PF00271,PF04851,PF11648	ELECTRON MICROSCOPY	3.4	2021-11-17	CryoEM structure of MDA5-dsRNA filament in complex with ADP with 92-degree helical twist	ADP,ZN
7D4I	7D4I_63	RZ	NB	Probable ATP-dependent RNA helicase DHR1	Q04217	Probable ATP-dependent RNA helicase DHR1	Saccharomyces cerevisiae (strain ATCC 204508 / S288c)	559292	PF00270,PF00271	PF00270,PF00271,PF04408,PF07717,PF21010	ELECTRON MICROSCOPY	4.0	2021-10-06	Cryo-EM structure of 90S small ribosomal precursors complex with the DEAH-box RNA helicase Dhr1 (State F)	ADP,GTP,MG,ZN
7D4I	7D4I_78	M4	CC	ATP-dependent RNA helicase DOB1	P47047	ATP-dependent RNA helicase DOB1	Saccharomyces cerevisiae (strain ATCC 204508 / S288c)	559292	PF00270,PF00271	PF00270,PF00271,PF08148,PF13234,PF21408	ELECTRON MICROSCOPY	4.0	2021-10-06	Cryo-EM structure of 90S small ribosomal precursors complex with the DEAH-box RNA helicase Dhr1 (State F)	ADP,GTP,MG,ZN
7D5T	7D5T_52	RZ	BB	Probable ATP-dependent RNA helicase DHR1	Q04217	Probable ATP-dependent RNA helicase DHR1	Saccharomyces cerevisiae (strain ATCC 204508 / S288c)	559292	PF00270,PF00271	PF00270,PF00271,PF04408,PF07717,PF21010	ELECTRON MICROSCOPY	6.0	2021-10-06	Cryo-EM structure of 90S preribosome with inactive Utp24 (state F1)	ADP,GTP,MG,ZN
7D63	7D63_67	RZ	SB	Probable ATP-dependent RNA helicase DHR1	Q04217	Probable ATP-dependent RNA helicase DHR1	Saccharomyces cerevisiae (strain ATCC 204508 / S288c)	559292	PF00270,PF00271	PF00270,PF00271,PF04408,PF07717,PF21010	ELECTRON MICROSCOPY	12.3	2021-10-06	Cryo-EM structure of 90S preribosome with inactive Utp24 (state C)	ADP,GTP,MG,ZN
7EGP	7EGP_7	A	H	Transcription regulatory protein SNF2	P22082	SWI/SNF chromatin-remodeling complex subunit SNF2	Saccharomyces cerevisiae (strain ATCC 204508 / S288c)	559292	PF00271	PF00176,PF00271,PF14619	ELECTRON MICROSCOPY	6.9	2022-01-12	The structure of SWI/SNF-nucleosome complex	ADP,BEF,MG
7ENN	7ENN_1	K	A	Chromodomain-helicase-DNA-binding protein 1-like	Q86WJ1	ATP-dependent chromatin remodeler CHD1L	Homo sapiens	9606	PF00271	PF00176,PF00271	ELECTRON MICROSCOPY	2.8	2021-07-14	The structure of ALC1 bound to the nucleosome	ADP,BEF
7EPU	7EPU_2	B	B	Chromodomain-helicase-DNA-binding protein 1-like	Q86WJ1	ATP-dependent chromatin remodeler CHD1L	Homo sapiens	9606	PF00271	PF00176,PF00271	X-RAY DIFFRACTION	3.5	2021-07-14	Crystal structure of HsALC1	ADP,MG
7GQS	7GQS_1	A	A	Bifunctional 3'-5' exonuclease/ATP-dependent helicase WRN	Q14191	Bifunctional 3'-5' exonuclease/ATP-dependent helicase WRN	Homo sapiens	9606	PF00270,PF00271	PF00270,PF00271,PF16124	X-RAY DIFFRACTION	1.57	2024-05-01	Crystal Structure of Werner helicase fragment 517-945 in complex with ADP	ADP,CD,CL,EDO
7GQT	7GQT_1	A	A	Bifunctional 3'-5' exonuclease/ATP-dependent helicase WRN	Q14191	Bifunctional 3'-5' exonuclease/ATP-dependent helicase WRN	Homo sapiens	9606	PF00270,PF00271	PF00270,PF00271,PF16124	X-RAY DIFFRACTION	2.21	2024-05-01	Crystal Structure of Werner helicase fragment 517-945 in complex with ATP	ATP,MG,ZN
7GQU	7GQU_1	A	A	Bifunctional 3'-5' exonuclease/ATP-dependent helicase WRN	Q14191	Bifunctional 3'-5' exonuclease/ATP-dependent helicase WRN	Homo sapiens	9606	PF00270,PF00271	PF00270,PF00271,PF16124	X-RAY DIFFRACTION	1.54	2024-05-01	Crystal Structure of Werner helicase fragment 517-945 in covalent complex with N-[(E,1S)-1-cyclopropyl-3-methylsulfonylprop-2-enyl]-2-(1,1-difluoroethyl)-4-phenoxypyrimidine-5-carboxamide	ADP,GOL,NA,X1L,ZN
7JL0	7JL0_3	A	C	Interferon-induced helicase C domain-containing protein 1	Q9BYX4	Interferon-induced helicase C domain-containing protein 1	Homo sapiens	9606	PF00271,PF04851	PF00271,PF04851,PF11648,PF18119	ELECTRON MICROSCOPY	4.3	2020-12-09	Cryo-EM structure of MDA5-dsRNA in complex with TRIM65 PSpry domain (Monomer)	ADP,ALF,MG,ZN
7ASK	7ASK_1	F	A	kDDX60	Q4E5Z1	ATP-dependent DEAD/H RNA helicase	Trypanosoma cruzi	5693	PF00270,PF00271	PF00270,PF00271,PF23002	ELECTRON MICROSCOPY	4.3	2021-04-14	43S preinitiation complex from Trypanosoma cruzi with the kDDX60 helicase bound with ATP	ADP,MG
6ZNQ	6ZNQ_1	A,B	A,B	Uncharacterized ATP-dependent helicase YprA	P50830	Mitomycin repair factor A	Bacillus subtilis (strain 168)	224308	PF00270,PF00271	PF00270,PF00271,PF09369,PF22982	X-RAY DIFFRACTION	3.34	2020-11-25	Crystal Structure of DUF1998 helicase MrfA bound to DNA and AMPPNP	ANP,CIT,ZN
6UXW	6UXW_10	A	N	Transcription regulatory protein SNF2	P22082	SWI/SNF chromatin-remodeling complex subunit SNF2	Saccharomyces cerevisiae (strain ATCC 204508 / S288c)	559292	PF00271	PF00176,PF00271,PF14619	ELECTRON MICROSCOPY	8.96	2020-03-18	SWI/SNF nucleosome complex with ADP-BeFx	ADP,BEF,MG,PO4
6RYU	6RYU_7	V,W	K,L	Chromodomain-helicase-DNA-binding protein 4,CHD4,Chromodomain-helicase-DNA-binding protein 4	Q14839	ATP-dependent chromatin remodeler CHD4	Homo sapiens	9606	PF00271	PF00176,PF00271,PF00385,PF00628	ELECTRON MICROSCOPY	4.0	2020-07-15	Nucleosome-CHD4 complex structure (two CHD4 copies)	ANP,MG,ZN
6RO1	6RO1_1	A	A	Exosome RNA helicase MTR4	P42285	Exosome RNA helicase MTR4	Homo sapiens	9606	PF00270,PF00271	PF00270,PF00271,PF08148,PF13234,PF21408	X-RAY DIFFRACTION	3.07	2019-07-03	X-ray crystal structure of the MTR4 NVL complex	ADP,CL,SO4
6RMB	6RMB_1	A	A	Putative mRNA splicing factor	G0SEG4	RNA helicase	Chaetomium thermophilum var. thermophilum DSM 1495	759272	PF00270,PF00271	PF00270,PF00271,PF04408,PF07717,PF21010	X-RAY DIFFRACTION	2.5	2020-02-05	Crystal structure of the DEAH-box ATPase Prp2 in complex with Spp2 and ADP	ADP,MG
6QV4	6QV4_1	A	A	Pre-mRNA splicing helicase-like protein	G0S0B9	RNA helicase	Chaetomium thermophilum	209285	PF00270,PF00271	PF00270,PF00271,PF02889,PF23445	X-RAY DIFFRACTION	2.8	2020-01-15	Crystal structure of the Ski2 RNA-helicase Brr2 from Chaetomium thermophilum bound to ATP-gamma-S	ACT,AGS,MN
6QIE	6QIE_1	A	A	Prp43	G0RY84	RNA helicase	Chaetomium thermophilum (strain DSM 1495 / CBS 144.50 / IMI 039719)	759272	PF00270,PF00271	PF00270,PF00271,PF04408,PF07717,PF21010	X-RAY DIFFRACTION	2.7	2019-03-06	Crystal structure of DEAH-box ATPase Prp43-S387G	ADP,BEF,CL,MG,MPD,SO4
6QID	6QID_1	A	A	Prp43	G0RY84	RNA helicase	Chaetomium thermophilum (strain DSM 1495 / CBS 144.50 / IMI 039719)	759272	PF00270,PF00271	PF00270,PF00271,PF04408,PF07717,PF21010	X-RAY DIFFRACTION	2.204	2019-03-06	Crystal structure of DEAH-box ATPase Prp43-S387A	ADP,BEF,CL,MG,MPD,PEG,SO4
8EJM	8EJM_1	A	A	ATP-dependent RNA helicase DHX15	O43143	ATP-dependent RNA helicase DHX15	Homo sapiens	9606	PF00270,PF00271	PF00270,PF00271,PF04408,PF07717,PF21010	X-RAY DIFFRACTION	1.8	2022-12-14	Crystal structure of human DEAH-box helicase DHX15 in complex with SUGP1 G-patch	ADP,CL,GOL,MG,SO4
8DVU	8DVU_1	A	A	Antiviral innate immune response receptor RIG-I	O95786	Antiviral innate immune response receptor RIG-I	Homo sapiens	9606	PF00270,PF00271	PF00270,PF00271,PF11648,PF18119	ELECTRON MICROSCOPY	2.9	2022-11-16	Cryo-EM structure of RIG-I bound to the internal sites of OHSLR30 (+ATP)	ADP,MG,ZN
8DVS	8DVS_1	A	A	Antiviral innate immune response receptor RIG-I	O95786	Antiviral innate immune response receptor RIG-I	Homo sapiens	9606	PF00270,PF00271	PF00270,PF00271,PF11648,PF18119	ELECTRON MICROSCOPY	3.0	2022-11-16	Cryo-EM structure of RIG-I bound to the end of OHSLR30 (+ATP)	ADP,MG,ZN
8CNT	8CNT_1	A	A	Pre-mRNA splicing factor ATP-dependent RNA helicase prp16-like protein	G0S0F9	Pre-mRNA-splicing factor ATP-dependent RNA helicase PRP16	Thermochaetoides thermophila DSM 1495	759272	PF00270,PF00271	PF00270,PF00271,PF04408,PF07717,PF21010	X-RAY DIFFRACTION	1.9	2023-08-23	Structure of the DEAH-box helicase Prp16 in complex with ADP	ADP,MG,P6G
8C6J	8C6J_9	B	I	U5 small nuclear ribonucleoprotein 200 kDa helicase	O75643	U5 small nuclear ribonucleoprotein 200 kDa helicase	Homo sapiens	9606	PF00270,PF00271	PF00270,PF00271,PF01423,PF02889,PF23445	ELECTRON MICROSCOPY	2.8	2023-07-12	Human spliceosomal PM5 C* complex	ATP,GTP,IHP,K,MG,ZN
8C6J	8C6J_5	7	E	Eukaryotic initiation factor 4A-III	P38919	Eukaryotic initiation factor 4A-III	Homo sapiens	9606	PF00270,PF00271	PF00270,PF00271	ELECTRON MICROSCOPY	2.8	2023-07-12	Human spliceosomal PM5 C* complex	ATP,GTP,IHP,K,MG,ZN
8C6J	8C6J_35	V	IA	ATP-dependent RNA helicase DHX8	Q14562	ATP-dependent RNA helicase DHX8	Homo sapiens	9606	PF00270,PF00271	PF00270,PF00271,PF04408,PF04564,PF07717,PF08606,PF21010	ELECTRON MICROSCOPY	2.8	2023-07-12	Human spliceosomal PM5 C* complex	ATP,GTP,IHP,K,MG,ZN
8C6J	8C6J_12	CD	L	Probable ATP-dependent RNA helicase DDX41	Q9UJV9	Probable ATP-dependent RNA helicase DDX41	Homo sapiens	9606	PF00270	PF00270	ELECTRON MICROSCOPY	2.8	2023-07-12	Human spliceosomal PM5 C* complex	ATP,GTP,IHP,K,MG,ZN
8B9K	8B9K_1	A	A	Dosage compensation regulator	P24785	Dosage compensation regulator mle	Drosophila melanogaster	7227	PF00270,PF00271	PF00035,PF00270,PF00271,PF04408,PF07717,PF21010	ELECTRON MICROSCOPY	4.04	2023-10-18	Cryo-EM structure of MLE in complex with ADP:AlF4 and SL7modUUC RNA	ADP,ALF
8B9J	8B9J_1	A	A	Dosage compensation regulator	P24785	Dosage compensation regulator mle	Drosophila melanogaster	7227	PF00270,PF00271	PF00270,PF00271,PF04408,PF07717,PF21010	ELECTRON MICROSCOPY	3.45	2023-10-18	Cryo-EM structure of MLE in complex with ADP:AlF4	ADP,ALF,MG
8B9I	8B9I_1	A	A	Dosage compensation regulator	P24785	Dosage compensation regulator mle	Drosophila melanogaster	7227	PF00270,PF00271	PF00035,PF00270,PF00271,PF04408,PF07717,PF21010	ELECTRON MICROSCOPY	2.95	2023-10-18	Cryo-EM structure of MLE in complex with ADP:AlF4 and UUC RNA	ADP,ALF,MG
8B9G	8B9G_1	A	A	Dosage compensation regulator	P24785	Dosage compensation regulator mle	Drosophila melanogaster	7227	PF00270,PF00271	PF00035,PF00270,PF00271,PF04408,PF07717,PF21010	ELECTRON MICROSCOPY	2.86	2023-10-18	Cryo-EM structure of MLE in complex with ADP:AlF4 and U10 RNA	ADP,ALF
8B3D	8B3D_2	B	B	DNA-directed RNA polymerase subunit beta	I3LGP4	DNA-directed RNA polymerase subunit beta	Sus scrofa domesticus	9825	PF00271	PF00176,PF00271,PF00562,PF04560,PF04561,PF04563,PF04565,PF04566,PF04567	ELECTRON MICROSCOPY	2.6	2023-09-27	Structure of the Pol II-TCR-ELOF1 complex.	ADP,BEF,MG,ZN
8ARP	8ARP_1	A,B,C,D,E,F	A,B,C,D,E,F	ATP-dependent RNA helicase DBP2	P24783	ATP-dependent RNA helicase DBP2	Saccharomyces cerevisiae	4932	PF00270,PF00271	PF00270,PF00271	X-RAY DIFFRACTION	3.05	2023-03-22	Crystal structure of DEAD-box protein Dbp2 in complex with ADP	ADP,MG,SO4
7ZNJ	7ZNJ_1	A,F,K,a,f,k	A,F,K,P,U,Z	Eukaryotic initiation factor 4A-III, N-terminally processed	P38919	Eukaryotic initiation factor 4A-III	Homo sapiens	9606	PF00270,PF00271	PF00270,PF00271	ELECTRON MICROSCOPY	2.4	2023-04-12	Structure of an ALYREF-exon junction complex hexamer	ANP,MG
7ZI4	7ZI4_3	G	G	Chromatin-remodeling ATPase INO80	Q9ULG1	Chromatin-remodeling ATPase INO80	Homo sapiens	9606	PF00271	PF00176,PF00271	ELECTRON MICROSCOPY	3.2	2023-04-19	Cryo-EM structure of the human INO80 complex bound to a WT nucleosome	ADP,BEF,ZN
7Z52	7Z52_1	B	A	Exosome RNA helicase MTR4	P42285	Exosome RNA helicase MTR4	Homo sapiens	9606	PF00270,PF00271	PF00270,PF00271,PF08148,PF21408	ELECTRON MICROSCOPY	3.4	2022-06-22	Human NEXT dimer - focused reconstruction of the single MTR4	ANP
7Y8R	7Y8R_6	I	J	Transcription activator BRG1	P51532	SWI/SNF-related matrix-associated actin-dependent regulator of chromatin subfamily A member 4	Homo sapiens	9606	PF00271	PF00176,PF00271,PF07529,PF14619	ELECTRON MICROSCOPY	4.4	2022-12-07	The nucleosome-bound human PBAF complex	ADP,BEF,MG
7X3W	7X3W_7	K	K	ISWI chromatin-remodeling complex ATPase ISW1	P38144	ISWI chromatin-remodeling complex ATPase ISW1	Saccharomyces cerevisiae S288C	559292	PF00271	PF00176,PF00271	ELECTRON MICROSCOPY	3.1	2023-09-20	Cryo-EM structure of ISW1-N1 nucleosome	ADP,BEF,MG
7X3T	7X3T_8	V	T	ISWI chromatin-remodeling complex ATPase ISW1	P38144	ISWI chromatin-remodeling complex ATPase ISW1	Saccharomyces cerevisiae S288C	559292	PF00271	PF00176,PF00271,PF09111	ELECTRON MICROSCOPY	5.4	2023-09-20	Cryo-EM structure of ISW1a-dinucleosome	ADP,BEF,MG
7W5B	7W5B_4	D	D	U5 small nuclear ribonucleoprotein 200 kDa helicase	O75643	U5 small nuclear ribonucleoprotein 200 kDa helicase	Homo sapiens	9606	PF00270,PF00271	PF00270,PF00271,PF01423,PF02889,PF23445	ELECTRON MICROSCOPY	4.3	2022-06-22	The cryo-EM structure of human C* complex	ATP,GTP,IHP,MG,ZN
7W5B	7W5B_25	Y	Y	ATP-dependent RNA helicase DHX8	Q14562	ATP-dependent RNA helicase DHX8	Homo sapiens	9606	PF00270,PF00271	PF00076,PF00270,PF00271,PF04408,PF07717,PF21010	ELECTRON MICROSCOPY	4.3	2022-06-22	The cryo-EM structure of human C* complex	ATP,GTP,IHP,MG,ZN
7W5B	7W5B_22	U	V	Serine/arginine repetitive matrix protein 2	Q9UQ35	Serine/arginine repetitive matrix protein 2	Homo sapiens	9606	PF00270,PF00271	PF00270,PF00271,PF08312	ELECTRON MICROSCOPY	4.3	2022-06-22	The cryo-EM structure of human C* complex	ATP,GTP,IHP,MG,ZN
7W5A	7W5A_25	Y	Y	ATP-dependent RNA helicase DHX8	Q14562	ATP-dependent RNA helicase DHX8	Homo sapiens	9606	PF00270,PF00271	PF00076,PF00270,PF00271,PF04408,PF07717,PF21010	ELECTRON MICROSCOPY	3.6	2022-06-22	The cryo-EM structure of human pre-C*-II complex	ATP,GTP,IHP,MG,ZN
7W5A	7W5A_21	U	U	Serine/arginine repetitive matrix protein 2	Q9UQ35	Serine/arginine repetitive matrix protein 2	Homo sapiens	9606	PF00270,PF00271	PF00270,PF00271,PF08312	ELECTRON MICROSCOPY	3.6	2022-06-22	The cryo-EM structure of human pre-C*-II complex	ATP,GTP,IHP,MG,ZN
7W59	7W59_25	Y	Y	ATP-dependent RNA helicase DHX8	Q14562	ATP-dependent RNA helicase DHX8	Homo sapiens	9606	PF00270,PF00271	PF00076,PF00270,PF00271,PF04408,PF07717,PF21010	ELECTRON MICROSCOPY	3.6	2022-06-22	The cryo-EM structure of human pre-C*-I complex	ATP,GTP,IHP,MG,ZN
7W59	7W59_15	U	O	Serine/arginine repetitive matrix protein 2	Q9UQ35	Serine/arginine repetitive matrix protein 2	Homo sapiens	9606	PF00270,PF00271	PF00270,PF00271,PF08312	ELECTRON MICROSCOPY	3.6	2022-06-22	The cryo-EM structure of human pre-C*-I complex	ATP,GTP,IHP,MG,ZN
7W0E	7W0E_2	A	C	Dicer-2, isoform A	A1ZAW0	Endoribonuclease Dcr-2	Drosophila melanogaster	7227	PF00270,PF00271	PF00035,PF00270,PF00271,PF00636,PF02170,PF03368,PF20931	ELECTRON MICROSCOPY	4.03	2022-04-27	dmDicer2-LoqsPD-dsRNA Active-dicing status	ADP,MG
7W0D	7W0D_3	A,F	D,E	Dicer-2, isoform A	A1ZAW0	Endoribonuclease Dcr-2	Drosophila melanogaster	7227	PF00270,PF00271	PF00035,PF00270,PF00271,PF00636,PF02170,PF03368,PF20931	ELECTRON MICROSCOPY	4.18	2022-04-27	Dicer2-LoqsPD-dsRNA complex at mid-translocation state	ADP,MG
7W0C	7W0C_1	A	A	Dicer-2, isoform A	A1ZAW0	Endoribonuclease Dcr-2	Drosophila melanogaster	7227	PF00270,PF00271	PF00270,PF00271,PF00636,PF02170,PF03368,PF20931	ELECTRON MICROSCOPY	3.93	2022-04-27	Dicer2-Loqs-PD-dsRNA complex at early-translocation state	ADP,MG
7VDV	7VDV_7	A	J	Isoform 2 of Transcription activator BRG1	P51532	SWI/SNF-related matrix-associated actin-dependent regulator of chromatin subfamily A member 4	Homo sapiens	9606	PF00271	PF00176,PF00271,PF07529,PF08880,PF14619	ELECTRON MICROSCOPY	3.4	2022-05-18	The overall structure of human chromatin remodeling PBAF-nucleosome complex	ADP,BEF,MG
7VDT	7VDT_1	A	A	Isoform 2 of Transcription activator BRG1	P51532	SWI/SNF-related matrix-associated actin-dependent regulator of chromatin subfamily A member 4	Homo sapiens	9606	PF00271	PF00176,PF00271,PF14619	ELECTRON MICROSCOPY	2.8	2022-05-18	The motor-nucleosome module of human chromatin remodeling PBAF-nucleosome complex	ADP,BEF,MG
7TO2	7TO2_1	A	A	Antiviral innate immune response receptor RIG-I	O95786	Antiviral innate immune response receptor RIG-I	Homo sapiens	9606	PF00270,PF00271	PF00270,PF00271,PF11648,PF18119	ELECTRON MICROSCOPY	3.2	2022-11-02	Cryo-EM structure of RIG-I bound to the internal sites of p3SLR30 (+ATP)	ADP,MG,ZN
7R7J	7R7J_1	A,B	A,B	Putative DNA repair helicase RadD	P33919	DNA repair protein RadD	Escherichia coli (strain K12)	83333	PF00271,PF04851	PF00271,PF04851	X-RAY DIFFRACTION	2.03	2022-04-13	Crystal structure of RadD with ADP	ADP,MG,ZN
7PMQ	7PMQ_1	A,B,C,D	A,B,C,D	ATP-dependent RNA helicase DbpA	P21693	ATP-dependent RNA helicase DbpA	Escherichia coli	562	PF00270,PF00271	PF00270,PF00271,PF03880	X-RAY DIFFRACTION	3.22	2022-09-14	DEAD-box helicase DbpA in the active conformation bound to a hairpin loop RNA and ADP/BeF3	ADP,BEF,MG,PO4
7PMM	7PMM_1	A,B	A,B	ATP-dependent RNA helicase DbpA	P21693	ATP-dependent RNA helicase DbpA	Escherichia coli (strain K12)	83333	PF00270,PF00271	PF00270,PF00271,PF03880	X-RAY DIFFRACTION	3.0	2022-09-14	DEAD-box helicase DbpA in the active conformation bound to a ss/dsRNA junction and ADP/BeF3	ADP,BEF,MG,PO4,POP
7PLI	7PLI_1	A,B,E,F,I,J	A,C,E,G,I,K	ATP-dependent RNA helicase DbpA	P21693	ATP-dependent RNA helicase DbpA	Escherichia coli (strain K12)	83333	PF00270,PF00271	PF00270,PF00271,PF03880	X-RAY DIFFRACTION	2.5	2022-09-07	DEAD-box helicase DbpA bound to single stranded RNA and ADP/BeF3	ADP,BEF,MG
7OOB	7OOB_2	B	B	DNA-directed RNA polymerase subunit beta	I3LGP4	DNA-directed RNA polymerase subunit beta	Sus scrofa	9823	PF00271	PF00176,PF00271,PF00562,PF04560,PF04561,PF04563,PF04565,PF04566,PF04567	ELECTRON MICROSCOPY	2.7	2021-10-13	Pol II-CSB-CSA-DDB1-UVSSA-ADPBeF3 (Structure2)	ADP,BEF,MG,ZN
7O75	7O75_8	7	H	General transcription and DNA repair factor IIH helicase subunit XPB	Q00578	General transcription and DNA repair factor IIH helicase/translocase subunit XPB/SSL2	Saccharomyces cerevisiae S288C	559292	PF04851	PF04851,PF13625,PF16203	ELECTRON MICROSCOPY	3.2	2021-06-16	Yeast RNA polymerase II transcription pre-initiation complex with open promoter DNA	ADP,BEF,MG,SF4,ZN
7O73	7O73_8	7	H	General transcription and DNA repair factor IIH helicase subunit XPB	Q00578	General transcription and DNA repair factor IIH helicase/translocase subunit XPB/SSL2	Saccharomyces cerevisiae (strain ATCC 204508 / S288c)	559292	PF04851	PF04851,PF13625,PF16203	ELECTRON MICROSCOPY	3.4	2021-06-16	Yeast RNA polymerase II transcription pre-initiation complex with closed distorted promoter DNA	ADP,BEF,MG,SF4,ZN
7O72	7O72_8	7	H	General transcription and DNA repair factor IIH helicase subunit XPB	Q00578	General transcription and DNA repair factor IIH helicase/translocase subunit XPB/SSL2	Saccharomyces cerevisiae S288C	559292	PF04851	PF04851,PF13625,PF16203	ELECTRON MICROSCOPY	3.4	2021-06-16	Yeast RNA polymerase II transcription pre-initiation complex with closed promoter DNA	ADP,BEF,MG,SF4,ZN
7O4L	7O4L_8	7	H	General transcription and DNA repair factor IIH helicase subunit XPB	Q00578	General transcription and DNA repair factor IIH helicase/translocase subunit XPB/SSL2	Saccharomyces cerevisiae (strain ATCC 204508 / S288c)	559292	PF04851	PF04851,PF13625,PF16203	ELECTRON MICROSCOPY	3.4	2021-06-16	Yeast TFIIH in the expanded state within the pre-initiation complex	ADP,BEF,MG,SF4,ZN
7O4K	7O4K_8	7	H	General transcription and DNA repair factor IIH helicase subunit XPB	Q00578	General transcription and DNA repair factor IIH helicase/translocase subunit XPB/SSL2	Saccharomyces cerevisiae (strain ATCC 204508 / S288c)	559292	PF04851	PF04851,PF13625,PF16203	ELECTRON MICROSCOPY	3.6	2021-06-16	Yeast TFIIH in the contracted state within the pre-initiation complex	ADP,BEF,MG,SF4,ZN
7O4J	7O4J_8	7	H	General transcription and DNA repair factor IIH helicase subunit XPB	Q00578	General transcription and DNA repair factor IIH helicase/translocase subunit XPB/SSL2	Saccharomyces cerevisiae (strain ATCC 204508 / S288c)	559292	PF04851	PF04851,PF13625,PF16203	ELECTRON MICROSCOPY	2.9	2021-06-16	Yeast RNA polymerase II transcription pre-initiation complex (consensus)	ADP,BEF,MG,SF4,ZN
7O4I	7O4I_8	7	H	General transcription and DNA repair factor IIH helicase subunit XPB	Q00578	General transcription and DNA repair factor IIH helicase/translocase subunit XPB/SSL2	Saccharomyces cerevisiae (strain ATCC 204508 / S288c)	559292	PF04851	PF04851,PF13625,PF16203	ELECTRON MICROSCOPY	3.2	2021-06-16	Yeast RNA polymerase II transcription pre-initiation complex with initial transcription bubble	ADP,BEF,MG,SF4,ZN
7NW0	7NW0_8	7	H	General transcription and DNA repair factor IIH helicase subunit XPB	P19447	General transcription and DNA repair factor IIH helicase/translocase subunit XPB	Homo sapiens	9606	PF04851	PF04851,PF13625,PF16203	ELECTRON MICROSCOPY	6.6	2021-05-05	RNA polymerase II pre-initiation complex with open promoter DNA	ADP,BEF,MG,SF4,ZN
7NVX	7NVX_8	7	H	General transcription and DNA repair factor IIH helicase subunit XPB	P19447	General transcription and DNA repair factor IIH helicase/translocase subunit XPB	Homo sapiens	9606	PF04851	PF04851,PF13625,PF16203	ELECTRON MICROSCOPY	3.9	2021-05-05	TFIIH in a post-translocated state (with ADP-BeF3)	ADP,BEF,MG,SF4,ZN
7NVV	7NVV_3	7	C	General transcription and DNA repair factor IIH helicase subunit XPB	P19447	General transcription and DNA repair factor IIH helicase/translocase subunit XPB	Homo sapiens	9606	PF04851	PF04851,PF13625,PF16203	ELECTRON MICROSCOPY	2.9	2021-05-05	XPB-containing part of TFIIH in a post-translocated state (with ADP-BeF3)	ADP,BEF,MG
7NKX	7NKX_17	W	U	Chromo domain-containing protein 1	P32657	ATP-dependent chromatin remodeler CHD1	Saccharomyces cerevisiae (strain ATCC 204508 / S288c)	559292	PF00271	PF00176,PF00271,PF00385	ELECTRON MICROSCOPY	2.9	2021-08-25	RNA polymerase II-Spt4/5-nucleosome-Chd1 structure	ADP,BEF,MG,ZN
7NIQ	7NIQ_1	B	A	Interferon-induced helicase C domain-containing protein 1	Q8R5F7	Interferon-induced helicase C domain-containing protein 1	Mus musculus	10090	PF00271,PF04851	PF00271,PF04851,PF11648,PF18119	ELECTRON MICROSCOPY	4.3	2021-11-17	CryoEM structure of disease related M854K MDA5-dsRNA filament in complex with ADP-AlF4(Major class)	ADP,ALF,ZN
7NIC	7NIC_1	A	A	Interferon-induced helicase C domain-containing protein 1	Q8R5F7	Interferon-induced helicase C domain-containing protein 1	Mus musculus	10090	PF00271,PF04851	PF00271,PF04851,PF11648,PF18119	ELECTRON MICROSCOPY	4.3	2021-11-17	CryoEM structure of disease related M854K MDA5-dsRNA filament in complex with ADP-AlF4(minor class)	ADP,ALF,ZN
7NGA	7NGA_3	A	C	Interferon-induced helicase C domain-containing protein 1	Q8R5F7	Interferon-induced helicase C domain-containing protein 1	Mus musculus	10090	PF00271,PF04851	PF00271,PF04851,PF11648,PF18119	ELECTRON MICROSCOPY	3.9	2021-11-17	CryoEM structure of the MDA5-dsRNA filament in complex with ADP with 88-degree helical twist	ADP,ZN
7MQJ	7MQJ_1	A	A	Probable ATP-dependent RNA helicase DHR1	Q04217	Probable ATP-dependent RNA helicase DHR1	Saccharomyces cerevisiae	4932	PF00270,PF00271	PF00270,PF00271,PF04408,PF07717,PF21010	X-RAY DIFFRACTION	2.23	2021-09-22	Dhr1 Helicase Core	ADP,MG
7MQA	7MQA_45	NS	TA	Probable ATP-dependent RNA helicase DHX37	Q8IY37	Probable ATP-dependent RNA helicase DHX37	Homo sapiens	9606	PF00270	PF00270,PF04408,PF07717,PF21010,PF23362	ELECTRON MICROSCOPY	2.7	2021-09-22	Cryo-EM structure of the human SSU processome, state post-A1	ATP,GTP,MG,SAH,ZN
7JL3	7JL3_1	A,C,E	A,C,E	Antiviral innate immune response receptor RIG-I	O95786	Antiviral innate immune response receptor RIG-I	Homo sapiens	9606	PF00270,PF00271	PF00270,PF00271,PF11648,PF18119	ELECTRON MICROSCOPY	4.2	2020-12-09	Cryo-EM structure of RIG-I:dsRNA filament in complex with RIPLET PrySpry domain (trimer)	ADP,ALF,MG,ZN
7JL2	7JL2_3	A,C,E	C,E,G	Interferon-induced helicase C domain-containing protein 1	Q9BYX4	Interferon-induced helicase C domain-containing protein 1	Homo sapiens	9606	PF00271,PF04851	PF00271,PF04851,PF11648,PF18119	ELECTRON MICROSCOPY	4.3	2020-12-09	Cryo-EM structure of MDA5-dsRNA filament in complex with TRIM65 PSpry domain (Trimer)	ADP,ALF,MG,ZN
7JL1	7JL1_1	A	A	Antiviral innate immune response receptor RIG-I	O95786	Antiviral innate immune response receptor RIG-I	Homo sapiens	9606	PF00270,PF00271	PF00270,PF00271,PF11648,PF18119	ELECTRON MICROSCOPY	3.9	2020-12-09	Cryo-EM structure of RIG-I:dsRNA in complex with RIPLET PrySpry domain (monomer)	ADP,ALF,MG,ZN
8X1C	8X1C_5	I	I	Helicase SRCAP	Q6ZRS2	Chromatin remodeling protein SRCAP	Homo sapiens	9606	PF00271	PF00176,PF00271,PF07529	ELECTRON MICROSCOPY	3.2	2024-03-06	Structure of nucleosome-bound SRCAP-C in the ADP-bound state	ADP,ATP
8X19	8X19_5	I	I	Helicase SRCAP	Q6ZRS2	Chromatin remodeling protein SRCAP	Homo sapiens	9606	PF00271	PF00176,PF00271,PF07529	ELECTRON MICROSCOPY	3.2	2024-03-06	Structure of nucleosome-bound SRCAP-C in the ADP-BeFx-bound state	ADP,ATP,BEF,MG
8X15	8X15_5	I	I	Helicase SRCAP	Q6ZRS2	Chromatin remodeling protein SRCAP	Homo sapiens	9606	PF00271	PF00176,PF00271,PF07529	ELECTRON MICROSCOPY	3.2	2024-03-06	Structure of nucleosome-bound SRCAP-C in the apo state	ADP,ATP
8WHA	8WHA_7	K,L	K,L	ATP-dependent DNA helicase DDM1	Q9XFH4	Chromatin remodeling protein DDM1	Arabidopsis thaliana	3702	PF00271	PF00176,PF00271	ELECTRON MICROSCOPY	4.05	2024-04-17	Structure of DDM1-nucleosome complex in the ADP-BeFx state with DDM1 bound to SHL2 and SHL-2	ADP,BEF
8WH9	8WH9_7	K	K	ATP-dependent DNA helicase DDM1	Q9XFH4	Chromatin remodeling protein DDM1	Arabidopsis thaliana	3702	PF00271	PF00176,PF00271	ELECTRON MICROSCOPY	3.31	2024-04-17	Structure of DDM1-nucleosome complex in ADP-BeFx state	ADP,BEF
8WH8	8WH8_7	K	K	ATP-dependent DNA helicase DDM1	Q9XFH4	Chromatin remodeling protein DDM1	Arabidopsis thaliana	3702	PF00271	PF00176,PF00271	ELECTRON MICROSCOPY	3.6	2024-04-17	Structure of DDM1-nucleosome complex in ADP state	ADP
8V87	8V87_3	3	C	ATP-dependent RNA helicase DBP10	Q12389	ATP-dependent RNA helicase DBP10	Saccharomyces cerevisiae BY4741	1247190	PF00270	PF00270,PF08147	ELECTRON MICROSCOPY	2.66	2024-05-01	60S ribosome biogenesis intermediate (Dbp10 post-catalytic structure - Overall map)	ADP,GDP,K,MG,ZN
8V87	8V87_10	D	J	ATP-dependent RNA helicase HAS1	Q03532	ATP-dependent RNA helicase HAS1	Saccharomyces cerevisiae BY4741	1247190	PF00270,PF00271	PF00270,PF00271,PF01198,PF13959	ELECTRON MICROSCOPY	2.66	2024-05-01	60S ribosome biogenesis intermediate (Dbp10 post-catalytic structure - Overall map)	ADP,GDP,K,MG,ZN
8V7L	8V7L_7	W	K	SWI/SNF-related matrix-associated actin-dependent regulator of chromatin subfamily A member 5	O60264	SWI/SNF-related matrix-associated actin-dependent regulator of chromatin subfamily A member 5	Homo sapiens	9606	PF00271	PF00176,PF00271	ELECTRON MICROSCOPY	2.9	2024-03-20	Cryo-EM structure of singly-bound SNF2h-nucleosome complex with SNF2h at inactive SHL2 (conformation 2)	ADP,MG
8V6V	8V6V_7	W,X	K,L	SWI/SNF-related matrix-associated actin-dependent regulator of chromatin subfamily A member 5	O60264	SWI/SNF-related matrix-associated actin-dependent regulator of chromatin subfamily A member 5	Homo sapiens	9606	PF00271	PF00176,PF00271	ELECTRON MICROSCOPY	2.8	2024-03-20	Cryo-EM structure of doubly-bound SNF2h-nucleosome complex	ADP,MG
8V4Y	8V4Y_7	W	K	SWI/SNF-related matrix-associated actin-dependent regulator of chromatin subfamily A member 5	O60264	SWI/SNF-related matrix-associated actin-dependent regulator of chromatin subfamily A member 5	Homo sapiens	9606	PF00271	PF00176,PF00271	ELECTRON MICROSCOPY	2.8	2024-03-20	Cryo-EM structure of singly-bound SNF2h-nucleosome complex with SNF2h at inactive SHL2 (conformation 1)	ADP,BEF,MG
8TBX	8TBX_1	A	A	ATP-dependent RNA helicase DDX1	Q92499	ATP-dependent RNA helicase DDX1	Homo sapiens	9606	PF00270,PF00271	PF00270,PF00271	X-RAY DIFFRACTION	2.71	2023-07-26	Crystal structure of human DDX1 helicase in complex with ADP	ADP,MG,ZN
8T5S	8T5S_1	A	A	Dicer-related helicase	G5EDI8	RNA helicase	Caenorhabditis elegans	6239	PF00270,PF00271	PF00270,PF00271,PF11648	ELECTRON MICROSCOPY	2.9	2024-05-15	Cryo-EM structure of DRH-1 helicase and C-terminal domain bound to dsRNA	ADP,MG,ZN
8T0L	8T0L_5	F	F	RNA polymerase-associated protein RapA	P60240	RNA polymerase-associated protein RapA	Escherichia coli	562	PF00271	PF00176,PF00271,PF12137,PF18337,PF18339	ELECTRON MICROSCOPY	3.62	2025-04-02	E. coli Sw2/Snf2 ATPase RapA bound to both ADP-AlF3 and reconstituted E. coli RNA polymerase post-termination complex on negatively-supercoiled DNA	ADP,AF3,MG,ZN
8SZR	8SZR_1	A	A	RNA helicase	A0A8I3RTG4	ATP-dependent RNA helicase A	Canis lupus familiaris	9615	PF00270,PF00271	PF00270,PF00271,PF04408,PF07717,PF21010	X-RAY DIFFRACTION	2.97	2023-08-02	Dog DHX9 bound to ADP	ADP,MG,SO4
8SZP	8SZP_1	A,B	A,B	ATP-dependent RNA helicase A	Q08211	ATP-dependent RNA helicase A	Homo sapiens	9606	PF00270,PF00271	PF00270,PF00271,PF04408,PF07717,PF21010	X-RAY DIFFRACTION	2.62	2023-08-02	Human DHX9 bound to ADP	ADP,EDO,MG,SO4
8SSW	8SSW_1	A,B	A,B	ATP-dependent RNA helicase DDX3X	O00571	ATP-dependent RNA helicase DDX3X	Homo sapiens	9606	PF00270,PF00271	PF00270,PF00271	X-RAY DIFFRACTION	2.4	2024-05-22	Crystal structure of DEAD-box RNA helicase DDX3X in complex with ADP at pre-unwound state	ADP,EDO,MG
8SPG	8SPG_1	A	A	RNA polymerase-associated protein RapA	P60240	RNA polymerase-associated protein RapA	Escherichia coli	562	PF00271	PF00271,PF12137	X-RAY DIFFRACTION	2.1	2024-07-03	Crystal structure of N-terminally truncated Escherichia coli RapA in complex with MgADP	ADP,CL,MG
8SP4	8SP4_1	A	A	RNA polymerase-associated protein RapA	P60240	RNA polymerase-associated protein RapA	Escherichia coli	562	PF00271	PF00271,PF12137	X-RAY DIFFRACTION	2.401	2024-07-03	Crystal structure of N-terminally truncated Escherichia coli RapA in complex with ATP-gamma-S	AGS,CL
8SKZ	8SKZ_1	A	A	ATP-dependent DNA helicase DDM1,Lymphoid-specific helicase chimera	Q9NRZ9	Lymphoid-specific helicase	Arabidopsis thaliana	3702	PF00271	PF00176,PF00271	ELECTRON MICROSCOPY	3.5	2024-11-20	Cryo-EM structure of DDM1-HELLS chimera bound to the nucleosome	ADP,BEF
8RDY	8RDY_1	A	A	Pre-mRNA-splicing factor ATP-dependent RNA helicase PRP43	P53131	Pre-mRNA-splicing factor ATP-dependent RNA helicase PRP43	Saccharomyces cerevisiae	4932	PF00270,PF00271	PF00270,PF00271,PF04408,PF07717,PF21010	ELECTRON MICROSCOPY	3.33	2024-10-23	Saccharomyces cerevisiae Prp43 helicase in complex with Pxr1	ADP,MG
8R7K	8R7K_4	H	D	Spliceosome RNA helicase DDX39B	Q13838	Spliceosome RNA helicase DDX39B	Homo sapiens	9606	PF00270	PF00270	ELECTRON MICROSCOPY	3.5	2025-06-11	Cryo-EM structure of the human UAP56 - TREX-2 complex	ANP
8QZ0	8QZ0_15	M	U	Helicase SWR1	Q05471	Chromatin remodeling protein SWR1	Saccharomyces cerevisiae S288C	559292	PF00271	PF00176,PF00271	ELECTRON MICROSCOPY	3.8	2024-10-02	SWR1-hexasome-dimer complex	ADP,BEF,MG,ZN
8QYV	8QYV_7	M	I	Helicase SWR1	Q05471	Chromatin remodeling protein SWR1	Saccharomyces cerevisiae S288C	559292	PF00271	PF00176,PF00271	ELECTRON MICROSCOPY	3.5	2024-10-02	SWR1-hexasome complex	ADP,BEF,MG,ZN
8QYC	8QYC_1	A	A	DEAD/DEAH box helicase	A7ZI07	Zorya protein ZorD	Escherichia coli	562	PF00271	PF00176,PF00271	ELECTRON MICROSCOPY	2.75	2024-11-06	Zorya anti-bacteriophage defense system ZorD in complex with ATP-gamma-S	AGS
8QKV	8QKV_8	M	L	Helicase SWR1	Q05471	Chromatin remodeling protein SWR1	Saccharomyces cerevisiae S288C	559292	PF00271	PF00176,PF00271	ELECTRON MICROSCOPY	4.7	2024-10-02	SWR1-nucleosome complex in configuration 2	ADP,BEF,MG,ZN
8QKU	8QKU_7	M	K	Helicase SWR1	Q05471	Chromatin remodeling protein SWR1	Saccharomyces cerevisiae S288C	559292	PF00271	PF00176,PF00271	ELECTRON MICROSCOPY	3.8	2024-10-02	SWR1-nucleosome complex in configuration 1	ADP,BEF,MG,ZN
8QCF	8QCF_12	M	L	Antiviral helicase SKI2	P35207	Antiviral helicase SKI2	Saccharomyces cerevisiae	4932	PF00270,PF00271	PF00270,PF00271,PF21408	ELECTRON MICROSCOPY	2.55	2024-01-10	yeast cytoplasmic exosome-Ski2 complex degrading a RNA substrate	ATP
8PO8	8PO8_1	A,B	A,B	ATP-dependent RNA helicase HrpA	P43329	ATP-dependent RNA helicase HrpA	Escherichia coli K-12	83333	PF00270,PF00271	PF00270,PF00271,PF04408,PF07717,PF21010	X-RAY DIFFRACTION	2.52	2024-05-08	Structure of Escherichia coli HrpA in complex with ADP and oligonucleotide poly(dC)11 forming an i-motif	ADP,MG,SIN
8PO7	8PO7_1	A,B	A,B	ATP-dependent RNA helicase HrpA	P43329	ATP-dependent RNA helicase HrpA	Escherichia coli K-12	83333	PF00270,PF00271	PF00270,PF00271,PF04408,PF07717,PF21010	X-RAY DIFFRACTION	2.26	2024-05-08	Structure of Escherichia coli HrpA in complex with ADP and dinucleotide dCdC	ADP,MG,PO4
8PJJ	8PJJ_1	A	A	Dosage compensation regulator	P24785	Dosage compensation regulator mle	Drosophila melanogaster	7227	PF00270,PF00271	PF00035,PF00270,PF00271,PF04408,PF07717,PF21010	ELECTRON MICROSCOPY	4.24	2023-11-22	Cryo-EM structure of MLE in complex with SL7UUC RNA and ADP	ADP
8PJB	8PJB_1	A	A	Dosage compensation regulator	P24785	Dosage compensation regulator mle	Drosophila melanogaster	7227	PF00270,PF00271	PF00035,PF00270,PF00271,PF04408,PF07717,PF21010	ELECTRON MICROSCOPY	3.62	2023-11-01	Cryo-EM structure of MLE in complex with UUC RNA and ADP	ADP,MG
8PFP	8PFP_1	A	A	Bifunctional 3'-5' exonuclease/ATP-dependent helicase WRN	Q14191	Bifunctional 3'-5' exonuclease/ATP-dependent helicase WRN	Homo sapiens	9606	PF00270,PF00271	PF00270,PF00271,PF16124	X-RAY DIFFRACTION	1.6	2024-04-24	Crystal structure of WRN helicase domain in complex with ATPgammaS	AGS,ZN
8KCC	8KCC_7	K	K	ATP-dependent DNA helicase DDM1	Q9XFH4	Chromatin remodeling protein DDM1	Arabidopsis thaliana	3702	PF00271	PF00176,PF00271	ELECTRON MICROSCOPY	3.1	2024-06-26	Complex of DDM1-nucleosome(H2A.W) complex with DDM1 bound to SHL2	ADP,BEF
8KCB	8KCB_7	K	K	ATP-dependent DNA helicase DDM1	Q9XFH4	Chromatin remodeling protein DDM1	Arabidopsis thaliana	3702	PF00271	PF00176,PF00271	ELECTRON MICROSCOPY	3.17	2024-06-26	Complex of DDM1-nucleosome(H2A) complex with DDM1 bound to SHL2	ADP,BEF
8IA0	8IA0_7	CE	G	RNA helicase	G0RYU9	ATP-dependent RNA helicase	Chaetomium thermophilum	759272	PF00270,PF00271	PF00270,PF00271,PF13959	ELECTRON MICROSCOPY	2.7	2023-05-17	Cryo-EM structure of a Chaetomium thermophilum pre-60S ribosomal subunit - State Puf6	ADP,GTP,MG,ZN
8IA0	8IA0_25	CW	Y	ATP-dependent RNA helicase	G0RYG4	ATP-dependent RNA helicase	Chaetomium thermophilum	759272	PF00270,PF00271	PF00270,PF00271,PF13959	ELECTRON MICROSCOPY	2.7	2023-05-17	Cryo-EM structure of a Chaetomium thermophilum pre-60S ribosomal subunit - State Puf6	ADP,GTP,MG,ZN
8I9Z	8I9Z_7	CE	G	RNA helicase	G0RYU9	ATP-dependent RNA helicase	Chaetomium thermophilum	759272	PF00270,PF00271	PF00270,PF00271,PF13959	ELECTRON MICROSCOPY	2.7	2023-05-17	Cryo-EM structure of a Chaetomium thermophilum pre-60S ribosomal subunit - State Spb4	ADP,GTP,MG,ZN
8I9Z	8I9Z_25	CW	Y	ATP-dependent RNA helicase	G0RYG4	ATP-dependent RNA helicase	Chaetomium thermophilum	759272	PF00270,PF00271	PF00270,PF00271,PF13959	ELECTRON MICROSCOPY	2.7	2023-05-17	Cryo-EM structure of a Chaetomium thermophilum pre-60S ribosomal subunit - State Spb4	ADP,GTP,MG,ZN
8H5Z	8H5Z_1	A,B	A,B	Putative DNA repair helicase RadD	P33919	DNA repair protein RadD	Escherichia coli K-12	83333	PF00271,PF04851	PF00271,PF04851	X-RAY DIFFRACTION	3.00002725136	2023-10-18	Crystal structure of RadD/ATP analogue complex	AGS,ZN
8H5Y	8H5Y_1	A,B	A,B	Putative DNA repair helicase RadD	P33919	DNA repair protein RadD	Escherichia coli (strain K12)	83333	PF00271,PF04851	PF00271,PF04851	X-RAY DIFFRACTION	2.70009996586	2023-10-18	Crystal structure of RadD- ADP complex	ADP,MG,ZN
8FKY	8FKY_57	SW	EB	ATP-dependent RNA helicase DDX18	Q9NVP1	ATP-dependent RNA helicase DDX18	Homo sapiens	9606	PF00270,PF00271	PF00270,PF00271,PF13959	ELECTRON MICROSCOPY	2.67	2023-07-12	Human nucleolar pre-60S ribosomal subunit (State F)	ADP,GDP,K,MG,ZN
8FKY	8FKY_35	NI	IA	ATP-dependent RNA helicase DDX54	Q8TDD1	ATP-dependent RNA helicase DDX54	Homo sapiens	9606	PF00270,PF00271	PF00270,PF00271,PF08147	ELECTRON MICROSCOPY	2.67	2023-07-12	Human nucleolar pre-60S ribosomal subunit (State F)	ADP,GDP,K,MG,ZN
8FKX	8FKX_51	SW	YA	ATP-dependent RNA helicase DDX18	Q9NVP1	ATP-dependent RNA helicase DDX18	Homo sapiens	9606	PF00270,PF00271	PF00270,PF00271,PF13959	ELECTRON MICROSCOPY	2.59	2023-07-12	Human nucleolar pre-60S ribosomal subunit (State E)	ADP,GDP,K,MG,ZN
8FKX	8FKX_30	NI	DA	ATP-dependent RNA helicase DDX54	Q8TDD1	ATP-dependent RNA helicase DDX54	Homo sapiens	9606	PF00270,PF00271	PF00270,PF00271,PF08147	ELECTRON MICROSCOPY	2.59	2023-07-12	Human nucleolar pre-60S ribosomal subunit (State E)	ADP,GDP,K,MG,ZN
8FKW	8FKW_51	SW	YA	ATP-dependent RNA helicase DDX18	Q9NVP1	ATP-dependent RNA helicase DDX18	Homo sapiens	9606	PF00270,PF00271	PF00270,PF00271,PF13959	ELECTRON MICROSCOPY	2.5	2023-07-12	Human nucleolar pre-60S ribosomal subunit (State D2)	ADP,GDP,K,MG,ZN
8FKW	8FKW_30	NI	DA	ATP-dependent RNA helicase DDX54	Q8TDD1	ATP-dependent RNA helicase DDX54	Homo sapiens	9606	PF00270,PF00271	PF00270,PF00271,PF08147	ELECTRON MICROSCOPY	2.5	2023-07-12	Human nucleolar pre-60S ribosomal subunit (State D2)	ADP,GDP,K,MG,ZN
8FKV	8FKV_54	SW	BB	ATP-dependent RNA helicase DDX18	Q9NVP1	ATP-dependent RNA helicase DDX18	Homo sapiens	9606	PF00270,PF00271	PF00270,PF00271,PF13959	ELECTRON MICROSCOPY	2.47	2023-07-12	Human nucleolar pre-60S ribosomal subunit (State D1)	ADP,GDP,K,MG,SF4,ZN
8FKV	8FKV_29	NI	CA	ATP-dependent RNA helicase DDX54	Q8TDD1	ATP-dependent RNA helicase DDX54	Homo sapiens	9606	PF00270,PF00271	PF00270,PF00271,PF08147	ELECTRON MICROSCOPY	2.47	2023-07-12	Human nucleolar pre-60S ribosomal subunit (State D1)	ADP,GDP,K,MG,SF4,ZN
8FKU	8FKU_48	SW	VA	ATP-dependent RNA helicase DDX18	Q9NVP1	ATP-dependent RNA helicase DDX18	Homo sapiens	9606	PF00270,PF00271	PF00270,PF00271,PF13959	ELECTRON MICROSCOPY	2.82	2023-07-12	Human nucleolar pre-60S ribosomal subunit (State C2)	ADP,GDP,K,MG,ZN
8FKU	8FKU_28	NI	BA	ATP-dependent RNA helicase DDX54	Q8TDD1	ATP-dependent RNA helicase DDX54	Homo sapiens	9606	PF00270,PF00271	PF00270,PF00271,PF08147	ELECTRON MICROSCOPY	2.82	2023-07-12	Human nucleolar pre-60S ribosomal subunit (State C2)	ADP,GDP,K,MG,ZN
8FKT	8FKT_51	SW	YA	ATP-dependent RNA helicase DDX18	Q9NVP1	ATP-dependent RNA helicase DDX18	Homo sapiens	9606	PF00270,PF00271	PF00270,PF00271,PF13959	ELECTRON MICROSCOPY	2.81	2023-07-12	Human nucleolar pre-60S ribosomal subunit (State C1)	ADP,GDP,K,MG,SF4,ZN
8FKT	8FKT_27	NI	AA	ATP-dependent RNA helicase DDX54	Q8TDD1	ATP-dependent RNA helicase DDX54	Homo sapiens	9606	PF00270,PF00271	PF00270,PF00271,PF08147	ELECTRON MICROSCOPY	2.81	2023-07-12	Human nucleolar pre-60S ribosomal subunit (State C1)	ADP,GDP,K,MG,SF4,ZN
8EUF	8EUF_1	Q	A	Chromatin-remodeling ATPase INO80	P53115	Chromatin-remodeling ATPase INO80	Saccharomyces cerevisiae S288C	559292	PF00271	PF00271	ELECTRON MICROSCOPY	3.41	2023-07-12	Class2 of the INO80-Nucleosome complex	ADP
8EU9	8EU9_1	Q	A	Chromatin-remodeling ATPase INO80	P53115	Chromatin-remodeling ATPase INO80	Saccharomyces cerevisiae (strain ATCC 204508 / S288c)	559292	PF00271	PF00271	ELECTRON MICROSCOPY	3.48	2023-07-12	Class1 of the INO80-Nucleosome complex	ADP
8ETW	8ETW_1	Q	A	Chromatin-remodeling ATPase INO80	P53115	Chromatin-remodeling ATPase INO80	Saccharomyces cerevisiae S288C	559292	PF00271	PF00271	ELECTRON MICROSCOPY	2.64	2023-07-19	Class3 of INO80-Hexasome complex	ADP
8ETU	8ETU_5	Q	I	Chromatin-remodeling ATPase INO80	P53115	Chromatin-remodeling ATPase INO80	Saccharomyces cerevisiae S288C	559292	PF00271	PF00271	ELECTRON MICROSCOPY	2.8	2023-07-19	Class2 of the INO80-Hexasome complex	ADP
8ETS	8ETS_1	Q	A	Chromatin-remodeling ATPase INO80	P53115	Chromatin-remodeling ATPase INO80	Saccharomyces cerevisiae S288C	559292	PF00271	PF00271	ELECTRON MICROSCOPY	3.04	2023-07-19	Class1 of the INO80-Hexasome complex	ADP
8ENK	8ENK_1	A,B	A,B	Spliceosome RNA helicase DDX39B	Q13838	Spliceosome RNA helicase DDX39B	Homo sapiens	9606	PF00270,PF00271	PF00270,PF00271	X-RAY DIFFRACTION	2.5	2023-08-16	Crystal structure of UAP56 in complex with Tho1, the yeast homolog of human SARNP	ADP,BEF,MG
9GCG	9GCG_4	G	H	Chromatin-remodeling ATPase INO80	Q9ULG1	Chromatin-remodeling ATPase INO80	Homo sapiens	9606	PF00271	PF00176,PF00271	ELECTRON MICROSCOPY	3.43	2025-08-13	CryoEM structure of the human INO80 core- H2A.Z nucleosome complex	ADP,ATP,ZN
9GA3	9GA3_3	E	E	UvrABC system protein B	P9WFC7	UvrABC system protein B	Mycobacterium tuberculosis	1773	PF00271,PF04851	PF00271,PF04851,PF12344,PF17757	ELECTRON MICROSCOPY	4.3	2025-04-23	MtUvrA2UvrB bound to damaged oligonucleotide	ADP,ZN
9FMD	9FMD_9	7	I	Eukaryotic initiation factor 4A-III	P38919	Eukaryotic initiation factor 4A-III	Homo sapiens	9606	PF00270,PF00271	PF00270,PF00271	ELECTRON MICROSCOPY	3.3	2024-07-10	Integrative model of the human post-catalytic spliceosome (P-complex)	ATP,GTP,IHP,K,MG,ZN
9FMD	9FMD_36	V	JA	ATP-dependent RNA helicase DHX8	Q14562	ATP-dependent RNA helicase DHX8	Homo sapiens	9606	PF00270,PF00271	PF00270,PF00271,PF04408,PF07717,PF21010	ELECTRON MICROSCOPY	3.3	2024-07-10	Integrative model of the human post-catalytic spliceosome (P-complex)	ATP,GTP,IHP,K,MG,ZN
9FMD	9FMD_13	B	M	U5 small nuclear ribonucleoprotein 200 kDa helicase	O75643	U5 small nuclear ribonucleoprotein 200 kDa helicase	Homo sapiens	9606	PF00270,PF00271	PF00270,PF00271,PF01423,PF02889,PF21188,PF23445	ELECTRON MICROSCOPY	3.3	2024-07-10	Integrative model of the human post-catalytic spliceosome (P-complex)	ATP,GTP,IHP,K,MG,ZN
9FBW	9FBW_7	M	I	Helicase SWR1	Q05471	Chromatin remodeling protein SWR1	Saccharomyces cerevisiae S288C	559292	PF00271	PF00176,PF00271	ELECTRON MICROSCOPY	4.4	2024-10-02	SWR1 lacking Swc5 subunit in complex with hexasome	ADP,BEF,MG,ZN
9F2W	9F2W_1	A	A	Interferon-induced helicase C domain-containing protein 1	Q8R5F7	Interferon-induced helicase C domain-containing protein 1	Mus musculus	10090	PF00271,PF04851	PF00271,PF04851,PF11648,PF18119	ELECTRON MICROSCOPY	4.21	2025-02-26	Cryo-EM structure of the I923V MDA5-dsRNA filament in complex with ATP	ATP,ZN
9F2L	9F2L_1	A	A	Interferon-induced helicase C domain-containing protein 1	Q8R5F7	Interferon-induced helicase C domain-containing protein 1	Mus musculus	10090	PF00271	PF00271,PF11648,PF18119	ELECTRON MICROSCOPY	3.86	2025-02-26	Cryo-EM structure of the I923V MDA5-dsRNA filament with ADP-AlF4 bound and 73-degree helical twist	ADP,ALF,ZN
9F20	9F20_1	A	A	Interferon-induced helicase C domain-containing protein 1	Q8R5F7	Interferon-induced helicase C domain-containing protein 1	Mus musculus	10090	PF00271,PF04851	PF00271,PF04851,PF11648,PF18119	ELECTRON MICROSCOPY	4.13	2025-02-26	Cryo-EM structure of the I923V MDA5-dsRNA filament with ADP-AlF4 bound and 88-degree helical twist	ADP,ALF,ZN
9F1U	9F1U_1	A	A	Interferon-induced helicase C domain-containing protein 1	Q8R5F7	Interferon-induced helicase C domain-containing protein 1	Mus musculus	10090	PF00271,PF04851	PF00271,PF04851,PF11648,PF18119	ELECTRON MICROSCOPY	3.67	2025-02-26	Cryo-EM structure of the I923V MDA5-dsRNA filament with ADP-AlF4 bound and 81-degree helical twist	ADP,ALF,ZN
9ER2	9ER2_4	B	D	DNA-directed RNA polymerase subunit beta	I3LGP4	DNA-directed RNA polymerase subunit beta	Sus scrofa	9823	PF00271	PF00176,PF00271,PF00562,PF04560,PF04561,PF04563,PF04565,PF04566,PF04567	ELECTRON MICROSCOPY	3.3	2024-12-04	PolII-TCR-STK19 structure.	ADP,BEF,MG,ZN
9EI4	9EI4_16	U	P	ATP-dependent DNA helicase Q5	O94762	ATP-dependent DNA helicase Q5	Homo sapiens	9606	PF00270,PF00271	PF00270,PF00271,PF16124	ELECTRON MICROSCOPY	3.7	2025-03-05	Cryo-EM structure of Human RNA polymerase II Elongation Complex bound to the RECQL5 helicase in the presence of ADP	ADP,MG,ZN
9EI3	9EI3_16	U	P	ATP-dependent DNA helicase Q5	O94762	ATP-dependent DNA helicase Q5	Homo sapiens	9606	PF00270,PF00271	PF00270,PF00271,PF16124	ELECTRON MICROSCOPY	3.2	2025-03-05	Cryo-EM structure of Human RNA polymerase II Elongation Complex bound to the RECQL5 helicase in the presence of AMPPNP	ANP,MG,ZN
9EAR	9EAR_7	W	K	Chromodomain-helicase-DNA-binding protein 1	O14646	ATP-dependent chromatin remodeler CHD1	Homo sapiens	9606	PF00271	PF00176,PF00271,PF00385	ELECTRON MICROSCOPY	3.1	2025-05-07	CHD1-nucleosome complex (closed state)	ADP,BEF
9E1X	9E1X_7	W	K	SWI/SNF-related matrix-associated actin-dependent regulator of chromatin subfamily A member 5	O60264	SWI/SNF-related matrix-associated actin-dependent regulator of chromatin subfamily A member 5	Homo sapiens	9606	PF00271	PF00176,PF00271	ELECTRON MICROSCOPY	3.4	2025-01-22	Snf2h bound nucleosome complex - ClassD1	ADP
9E1W	9E1W_7	W	K	SWI/SNF-related matrix-associated actin-dependent regulator of chromatin subfamily A member 5	O60264	SWI/SNF-related matrix-associated actin-dependent regulator of chromatin subfamily A member 5	Homo sapiens	9606	PF00271	PF00176,PF00271	ELECTRON MICROSCOPY	3.2	2025-01-22	Snf2h bound nucleosome complex - ClassC3	ADP
9E1V	9E1V_7	W	K	SWI/SNF-related matrix-associated actin-dependent regulator of chromatin subfamily A member 5	O60264	SWI/SNF-related matrix-associated actin-dependent regulator of chromatin subfamily A member 5	Homo sapiens	9606	PF00271	PF00176,PF00271	ELECTRON MICROSCOPY	3.1	2025-01-22	Snf2h bound nucleosome complex - ClassC2	ADP
9E1U	9E1U_7	W	K	SWI/SNF-related matrix-associated actin-dependent regulator of chromatin subfamily A member 5	O60264	SWI/SNF-related matrix-associated actin-dependent regulator of chromatin subfamily A member 5	Homo sapiens	9606	PF00271	PF00176,PF00271	ELECTRON MICROSCOPY	3.1	2025-01-22	Snf2h bound nucleosome complex - ClassC1	ADP
9E1R	9E1R_7	W	K	SWI/SNF-related matrix-associated actin-dependent regulator of chromatin subfamily A member 5	O60264	SWI/SNF-related matrix-associated actin-dependent regulator of chromatin subfamily A member 5	Homo sapiens	9606	PF00271	PF00176,PF00271	ELECTRON MICROSCOPY	3.1	2025-01-22	Snf2h bound nucleosome complex - ClassB4	ADP
9E1Q	9E1Q_7	W	K	SWI/SNF-related matrix-associated actin-dependent regulator of chromatin subfamily A member 5	O60264	SWI/SNF-related matrix-associated actin-dependent regulator of chromatin subfamily A member 5	Homo sapiens	9606	PF00271	PF00176,PF00271	ELECTRON MICROSCOPY	3.1	2025-01-22	Snf2h bound nucleosome complex - ClassB3	ADP
9E1P	9E1P_7	W	K	SWI/SNF-related matrix-associated actin-dependent regulator of chromatin subfamily A member 5	O60264	SWI/SNF-related matrix-associated actin-dependent regulator of chromatin subfamily A member 5	Homo sapiens	9606	PF00271	PF00176,PF00271	ELECTRON MICROSCOPY	3.25	2025-01-22	Snf2h bound nucleosome complex - ClassB2	ADP
9E1O	9E1O_7	W	K	SWI/SNF-related matrix-associated actin-dependent regulator of chromatin subfamily A member 5	O60264	SWI/SNF-related matrix-associated actin-dependent regulator of chromatin subfamily A member 5	Homo sapiens	9606	PF00271	PF00176,PF00271	ELECTRON MICROSCOPY	3.3	2025-01-22	Snf2h bound nucleosome complex - ClassB1	ADP
9E1N	9E1N_7	W	K	SWI/SNF-related matrix-associated actin-dependent regulator of chromatin subfamily A member 5	O60264	SWI/SNF-related matrix-associated actin-dependent regulator of chromatin subfamily A member 5	Homo sapiens	9606	PF00271	PF00176,PF00271	ELECTRON MICROSCOPY	3.4	2025-01-22	Snf2h bound nucleosome complex-ClassA3	ATP
9E1M	9E1M_7	W	K	SWI/SNF-related matrix-associated actin-dependent regulator of chromatin subfamily A member 5	O60264	SWI/SNF-related matrix-associated actin-dependent regulator of chromatin subfamily A member 5	Homo sapiens	9606	PF00271	PF00176,PF00271	ELECTRON MICROSCOPY	3.25	2025-01-22	Snf2h bound nucleosome complex - ClassA2	ATP
9E1L	9E1L_7	W	K	SWI/SNF-related matrix-associated actin-dependent regulator of chromatin subfamily A member 5	O60264	SWI/SNF-related matrix-associated actin-dependent regulator of chromatin subfamily A member 5	Homo sapiens	9606	PF00271	PF00176,PF00271	ELECTRON MICROSCOPY	3.15	2025-01-22	Snf2h bound nucleosome complex - ClassA1	ATP
9DTS	9DTS_1	A,B,C,D	A,B,C,D	Eukaryotic initiation factor 4A-I	P60842	Eukaryotic initiation factor 4A-I	Homo sapiens	9606	PF00270,PF00271	PF00270,PF00271	X-RAY DIFFRACTION	1.69	2025-03-12	Crystal structure of the human eIF4A1/AMPPNP/amidino-rocaglate/polypurine RNA complex	A1BB1,ANP,MG
9DLP	9DLP_4	D	D	Spliceosome RNA helicase DDX39B	Q13838	Spliceosome RNA helicase DDX39B	Homo sapiens	9606	PF00270	PF00270	ELECTRON MICROSCOPY	2.79	2025-06-04	Cryo-EM structure of human TREX-2 complex bound to DDX39B(UAP56)	ADP,MG
9CAT	9CAT_1	Q	A	Chromatin-remodeling ATPase INO80	P53115	Chromatin-remodeling ATPase INO80	Saccharomyces cerevisiae	4932	PF00271	PF00176,PF00271	ELECTRON MICROSCOPY	2.9	2025-07-16	DeltaArp8 INO80 bound to S.c 0/40 nucleosome, INO80 Core Module	ADP
9CAN	9CAN_7	Q	K	Chromatin-remodeling ATPase INO80	P53115	Chromatin-remodeling ATPase INO80	Saccharomyces cerevisiae	4932	PF00271	PF00176,PF00271	ELECTRON MICROSCOPY	3.3	2025-07-16	S.c INO80 in complex with Xenopus 0/40 nucleosome	ADP
9CAE	9CAE_1	A	A	E1A-binding protein p400,E1A-binding protein p400/Haloalkane dehalogenase chimera	Q96L91	E1A-binding protein p400	Homo sapiens	9606	PF00271	PF00271,PF07529	ELECTRON MICROSCOPY	3.07	2025-06-18	Cryo-EM structure of the reconstituted RuvBL lobe of the human TIP60 complex (composite structure)	AGS,MG
9CAC	9CAC_1	A	A	E1A-binding protein p400	Q96L91	E1A-binding protein p400	Homo sapiens	9606	PF00271	PF00176,PF00271,PF07529	ELECTRON MICROSCOPY	3.43	2025-06-18	Cryo-EM structure of the RuvBL lobe of the native human TIP60 complex (composite structure)	ADP,ATP,MG
9CAB	9CAB_1	A	A	Helicase SRCAP	Q6ZRS2	Chromatin remodeling protein SRCAP	Homo sapiens	9606	PF00271	PF00176,PF00271	ELECTRON MICROSCOPY	3.94	2025-06-18	Cryo-EM structure of human SRCAP-nucleosome complex in the encounter state (composite structure)	ADP,AGS,MG,ZN
9CAA	9CAA_1	A	A	Helicase SRCAP	Q6ZRS2	Chromatin remodeling protein SRCAP	Homo sapiens	9606	PF00271	PF00271	ELECTRON MICROSCOPY	4.04	2025-06-18	Cryo-EM structure of human SRCAP-nucleosome complex in the pre-engaged state (composite structure)	ADP,AGS,MG,ZN
9CA9	9CA9_1	A	A	Helicase SRCAP	Q6ZRS2	Chromatin remodeling protein SRCAP	Homo sapiens	9606	PF00271	PF00271	ELECTRON MICROSCOPY	3.56	2025-06-18	Cryo-EM structure of the human SRCAP complex in the unbound state (composite structure)	ADP,AGS,MG,ZN
9CA8	9CA8_1	A	A	Helicase SRCAP	Q6ZRS2	Chromatin remodeling protein SRCAP	Homo sapiens	9606	PF00271	PF00176,PF00271	ELECTRON MICROSCOPY	3.92	2025-06-18	Cryo-EM structure of human SRCAP-nucleosome complex in the partially-engaged state (composite structure)	ADP,AGS,MG,ZN
9CA7	9CA7_1	A	A	Helicase SRCAP	Q6ZRS2	Chromatin remodeling protein SRCAP	Homo sapiens	9606	PF00271	PF00176,PF00271	ELECTRON MICROSCOPY	3.35	2025-06-18	Cryo-EM structure of human SRCAP-nucleosome complex in the fully-engaged state (composite structure)	ADP,AGS,MG,ZN
9C9Z	9C9Z_1	Q	A	Chromatin-remodeling ATPase INO80	P53115	Chromatin-remodeling ATPase INO80	Saccharomyces cerevisiae	4932	PF00271	PF00271	ELECTRON MICROSCOPY	2.55	2025-07-16	S.c INO80 in complex with Xenopus 0/80 nucleosome, INO80 Core	ADP
9C9T	9C9T_7	Q	K	Chromatin-remodeling ATPase INO80	P53115	Chromatin-remodeling ATPase INO80	Saccharomyces cerevisiae	4932	PF00271	PF00176,PF00271	ELECTRON MICROSCOPY	3.16	2025-07-16	S.c INO80 in complex with S.c 0/40 nucleosome, Class 2	ADP
9C9S	9C9S_1	Q	A	Chromatin-remodeling ATPase INO80	P53115	Chromatin-remodeling ATPase INO80	Saccharomyces cerevisiae	4932	PF00271	PF00176,PF00271	ELECTRON MICROSCOPY	3.09	2025-07-16	S.c INO80 in complex with S.c 0/40 nucleosome, Class 1	ADP
9C9G	9C9G_4	Q	G	Chromatin-remodeling ATPase INO80	P53115	Chromatin-remodeling ATPase INO80	Saccharomyces cerevisiae	4932	PF00271	PF00176,PF00271	ELECTRON MICROSCOPY	2.91	2025-07-16	S.c INO80 in complex with S.c 0/80 nucleosome	ADP
9C62	9C62_3	G	F	E1A-binding protein p400	Q96L91	E1A-binding protein p400	Homo sapiens	9606	PF00271	PF00176,PF00271,PF07529	ELECTRON MICROSCOPY	5.28	2024-08-21	P400 subcomplex of the native human TIP60 complex	ADP
9C57	9C57_5	G	H	E1A-binding protein p400	Q96L91	E1A-binding protein p400	Homo sapiens	9606	PF00271	PF00176,PF00271,PF07529	ELECTRON MICROSCOPY	2.75	2024-08-21	Reconstituted P400 Subcomplex of the human TIP60 complex	AGS,ATP
9B1E	9B1E_1	A	A	Helicase SWR1	Q05471	Chromatin remodeling protein SWR1	Saccharomyces cerevisiae W303	580240	PF00271	PF00176,PF00271	ELECTRON MICROSCOPY	4.4	2024-10-09	Cryo-EM structure of native SWR1 bound to nucleosome (composite structure)	ADP,BEF,MG,ZN
9B1D	9B1D_1	A	A	Helicase SWR1	Q05471	Chromatin remodeling protein SWR1	Saccharomyces cerevisiae W303	580240	PF00271	PF00176,PF00271	ELECTRON MICROSCOPY	3.3	2024-10-09	Cryo-EM structure of native SWR1 bound to DNA (composite structure)	ADP,AGS,MG,ZN
9AYQ	9AYQ_1	A,B	A,B	Probable global transcription activator SNF2L2	P51531	SWI/SNF-related matrix-associated actin-dependent regulator of chromatin subfamily A member 2	Homo sapiens	9606	PF00271	PF00176,PF00271,PF14619	X-RAY DIFFRACTION	2.9	2025-04-09	SMARCA2 in complex with a pyridine-2-one-based inhibitor	A1AHQ,ADP
9AVR	9AVR_1	A	A	Eukaryotic initiation factor 4A-I	P60842	Eukaryotic initiation factor 4A-I	Homo sapiens	9606	PF00270,PF00271	PF00270,PF00271	X-RAY DIFFRACTION	1.91	2024-10-23	Human eIF4A-1 in complex with AMP-PNP, RNA, and the inhibitor silvestrol	A1AG8,ANP,IOD,MG
9ASJ	9ASJ_1	A,B	A,B	DNA polymerase theta	O75417	DNA polymerase theta	Homo sapiens	9606	PF00270	PF00270,PF20470,PF21099,PF25453	ELECTRON MICROSCOPY	3.5	2024-06-26	Human DNA polymerase theta helicase domain in complex with AMP-PNP, dimer form	ANP
8YLE	8YLE_1	A	A	Bifunctional 3'-5' exonuclease/ATP-dependent helicase WRN	Q14191	Bifunctional 3'-5' exonuclease/ATP-dependent helicase WRN	Homo sapiens	9606	PF00270,PF00271	PF00270,PF00271,PF16124	X-RAY DIFFRACTION	1.86	2024-04-10	Crystal structure of Werner syndrome helicase complexed with AMP-PCP	ACP,EDO,ZN
8YII	8YII_1	A	A	Dicer-2, isoform A	A1ZAW0	Endoribonuclease Dcr-2	Drosophila melanogaster	7227	PF00270,PF00271	PF00035,PF00270,PF00271,PF00636,PF02170,PF03368,PF20931	ELECTRON MICROSCOPY	3.42	2025-03-05	DmDcr-2/LoqsPD/slm2 in dicing state	ADP,MG
8YIH	8YIH_2	A	B	Dicer-2, isoform A	A1ZAW0	Endoribonuclease Dcr-2	Drosophila melanogaster	7227	PF00270,PF00271	PF00035,PF00270,PF00271,PF00636,PF02170,PF03368,PF20931	ELECTRON MICROSCOPY	4.08	2025-03-05	DmDcr-2/LoqsPD/slm1 in pre-dicing state	ADP,MG
8XVT	8XVT_4	H	H	Isoform 2 of E1A-binding protein p400	Q96L91	E1A-binding protein p400	Homo sapiens	9606	PF00271	PF00176,PF00271,PF07529	ELECTRON MICROSCOPY	3.2	2024-07-24	The core subcomplex of human NuA4/TIP60 complex	ADP
8XVG	8XVG_5	H	I	Isoform 2 of E1A-binding protein p400	Q96L91	E1A-binding protein p400	Homo sapiens	9606	PF00271	PF00176,PF00271,PF07529	ELECTRON MICROSCOPY	9.4	2024-07-24	Structure of human NuA4/TIP60 complex	ADP,IHP
9GD1	9GD1_7	W	Q	Chromo domain-containing protein 1	P32657	ATP-dependent chromatin remodeler CHD1	Saccharomyces cerevisiae S288C	559292	PF00271	PF00176,PF00271,PF00385,PF18196,PF23588	ELECTRON MICROSCOPY	4.0	2024-09-18	Structure of Chd1 bound to a hexasome-nucleosome complex with a dyad-to-dyad distance of 103 bp.	ADP,BEF,MG
9GD2	9GD2_7	S,T,W	S,T,U	Chromo domain-containing protein 1	P32657	ATP-dependent chromatin remodeler CHD1	Saccharomyces cerevisiae S288C	559292	PF00271	PF00176,PF00271,PF00385	ELECTRON MICROSCOPY	4.2	2024-09-18	Structure of Chd1 bound to a dinucleosome with a dyad-to-dyad distance of 103 bp.	ADP,BEF,MG
9GE5	9GE5_3	G	G	Chromatin-remodeling ATPase INO80	Q9ULG1	Chromatin-remodeling ATPase INO80	Homo sapiens	9606	PF00271	PF00176,PF00271	ELECTRON MICROSCOPY	3.35	2025-08-20	CryoEM structure of the human INO80-Hexasome complex	ADP,ATP,ZN
9GEV	9GEV_10	G	R	Chromatin-remodeling ATPase INO80	Q9ULG1	Chromatin-remodeling ATPase INO80	Homo sapiens	9606	PF00271	PF00176,PF00271	ELECTRON MICROSCOPY	3.47	2025-08-20	CryoEM structure of the human INO80 core-nucleosome complex state N-6	ADP,ATP
9GFB	9GFB_3	G	G	Chromatin-remodeling ATPase INO80	Q9ULG1	Chromatin-remodeling ATPase INO80	Homo sapiens	9606	PF00271	PF00176,PF00271	ELECTRON MICROSCOPY	3.55	2025-08-20	CryoEM structure of the human INO80 core-nucleosome complex state N-7	ADP,ATP,ZN
9JAO	9JAO_1	C,K	A,J	SWI/SNF-related matrix-associated actin-dependent regulator of chromatin subfamily A containing DEAD/H box 1	Q9H4L7	SWI/SNF-related matrix-associated actin-dependent regulator of chromatin subfamily A containing DEAD/H box 1	Homo sapiens	9606	PF00271	PF00176,PF00271	ELECTRON MICROSCOPY	3.1	2025-04-30	The structure of SMARCAD1 bound to the hexasome in the presence of ADP-BeFx	ADP,BEF,MG
9JNP	9JNP_7	K	K	ISWI chromatin-remodeling complex ATPase ISW1	P38144	ISWI chromatin-remodeling complex ATPase ISW1	Saccharomyces cerevisiae S288C	559292	PF00271	PF00176,PF00271	ELECTRON MICROSCOPY	2.3	2025-04-09	Structure of isw1-nucleosome complex in ATP state	ATP,MG
9JNV	9JNV_7	K	K	ISWI chromatin-remodeling complex ATPase ISW1	P38144	ISWI chromatin-remodeling complex ATPase ISW1	Saccharomyces cerevisiae S288C	559292	PF00271	PF00176,PF00271,PF09110	ELECTRON MICROSCOPY	3.0	2025-04-09	Structure of isw1-nucleosome complex in ADP(S) state	ADP,MG
9L06	9L06_8	K	K	Transcriptional regulator ATRX	P46100	Chromatin remodeler ATRX	Homo sapiens	9606	PF00271	PF00176,PF00271	ELECTRON MICROSCOPY	3.4	2026-06-17	The cryo-EM structure of ATRX in complex with the nucleosome in the ADP.BeFx-bound state (composite)	ADP,MG
9LJ2	9LJ2_7	K,N	K,L	ISWI chromatin-remodeling complex ATPase ISW1	P38144	ISWI chromatin-remodeling complex ATPase ISW1	Saccharomyces cerevisiae S288C	559292	PF00271	PF00176,PF00271	ELECTRON MICROSCOPY	2.98	2025-04-09	Structure of isw1-nucleosome double-bound complex in ADP-ADP+ state	ADP,MG
9LOU	9LOU_1	A	A	ATP-dependent RNA helicase DHX58	Q96C10	ATP-dependent RNA helicase DHX58	Homo sapiens	9606	PF00271	PF00271,PF11648	ELECTRON MICROSCOPY	3.36	2026-01-28	LGP2:dsRNA complex	ADP,MG,ZN
9MJS	9MJS_1	A	A	Bifunctional 3'-5' exonuclease/ATP-dependent helicase WRN	Q14191	Bifunctional 3'-5' exonuclease/ATP-dependent helicase WRN	Homo sapiens	9606	PF00270,PF00271	PF00270,PF00271,PF16124	X-RAY DIFFRACTION	1.84	2026-01-14	Crystal structure of WRN helicase with bound AMPPNP	ANP,ZN
9N07	9N07_1	A	A	Transcription-repair-coupling factor	P30958	Transcription-repair-coupling factor	Escherichia coli	562	PF00270,PF00271	PF00270,PF00271,PF02559,PF03461,PF17757,PF21132	ELECTRON MICROSCOPY	3.48	2025-10-15	Mfd-bound E.coli RNA polymerase elongation complex + ADP-BeF3 - L1 state	ADP,BEF,MG,ZN
9N74	9N74_43	NS	QA	Probable ATP-dependent RNA helicase DHR1	Q04217	Probable ATP-dependent RNA helicase DHR1	Saccharomyces cerevisiae S288C	559292	PF00270	PF00270,PF04408,PF07717,PF21010	ELECTRON MICROSCOPY	2.65	2025-10-29	SSU processome maturation and disassembly, State H	ADP,ATP,GTP,MG,ZN
9N75	9N75_42	NS	PA	Probable ATP-dependent RNA helicase DHR1	Q04217	Probable ATP-dependent RNA helicase DHR1	Saccharomyces cerevisiae S288C	559292	PF00270	PF00270,PF04408,PF07717,PF21010	ELECTRON MICROSCOPY	3.01	2025-11-05	SSU processome maturation and disassembly, State I	ADP,ATP,GTP,MG,ZN
9N76	9N76_41	NS	OA	Probable ATP-dependent RNA helicase DHR1	Q04217	Probable ATP-dependent RNA helicase DHR1	Saccharomyces cerevisiae S288C	559292	PF00270	PF00270,PF04408,PF07717,PF21010	ELECTRON MICROSCOPY	4.2	2025-11-05	SSU processome maturation and disassembly, State J	ADP,ATP,GTP,MG,ZN
9N77	9N77_38	NS	LA	Probable ATP-dependent RNA helicase DHR1	Q04217	Probable ATP-dependent RNA helicase DHR1	Saccharomyces cerevisiae S288C	559292	PF00270	PF00270,PF04408,PF07717,PF21010	ELECTRON MICROSCOPY	3.94	2025-11-05	SSU processome maturation and disassembly, State K	ADP,GTP,MG,ZN
9NFV	9NFV_1	A	A	Helicase SRCAP	Q6ZRS2	Chromatin remodeling protein SRCAP	Homo sapiens	9606	PF00271	PF00176,PF00271	ELECTRON MICROSCOPY	3.8	2026-08-12	Human SRCAP-CFDP1-nucleosome complex in the poised state of the H2A.Z histone exchange reaction (composite structure)	ADP,ATP,MG,ZN
9NFW	9NFW_1	A	A	Helicase SRCAP	Q6ZRS2	Chromatin remodeling protein SRCAP	Homo sapiens	9606	PF00271	PF00176,PF00271	ELECTRON MICROSCOPY	3.8	2026-08-12	Human SRCAP-CFDP1-nucleosome complex in the activated state of the H2A.Z histone exchange reaction (composite structure)	ADP,ATP,MG,ZN
9NFX	9NFX_1	A	A	Helicase SRCAP	Q6ZRS2	Chromatin remodeling protein SRCAP	Homo sapiens	9606	PF00271	PF00176,PF00271	ELECTRON MICROSCOPY	3.3	2026-08-12	Human SRCAP-CFDP1-hexasome complex in the evicted state of the H2A.Z histone exchange reaction (composite structure)	ADP,AGS,MG,ZN
9NFY	9NFY_1	A	A	Helicase SRCAP	Q6ZRS2	Chromatin remodeling protein SRCAP	Homo sapiens	9606	PF00271	PF00176,PF00271	ELECTRON MICROSCOPY	3.4	2026-08-12	Human SRCAP-CFDP1-prenucleosome complex in the pre-inserted state of the H2A.Z histone exchange reaction (composite structure)	ADP,AGS,MG,ZN
9NFZ	9NFZ_1	A	A	Helicase SRCAP	Q6ZRS2	Chromatin remodeling protein SRCAP	Homo sapiens	9606	PF00271	PF00176,PF00271	ELECTRON MICROSCOPY	3.8	2026-08-12	Human SRCAP-nucleosome complex in the fully inserted state of the H2A.Z histone exchange reaction (composite structure)	ADP,AGS,MG,ZN
9NG0	9NG0_1	A	A	Helicase SRCAP	Q6ZRS2	Chromatin remodeling protein SRCAP	Homo sapiens	9606	PF00271	PF00176,PF00271	ELECTRON MICROSCOPY	3.9	2026-08-12	Human SRCAP-nucleosome complex in the pre-dissociation state of the H2A.Z histone exchange reaction (composite structure)	ADP,AGS,MG,ZN
9PGC	9PGC_1	A	A	Helicase SRCAP	Q6ZRS2	Chromatin remodeling protein SRCAP	Homo sapiens	9606	PF00271	PF00176,PF00271	ELECTRON MICROSCOPY	3.8	2026-07-22	Trident submodule from human SRCAP-nucleosome complex in the fully-engaged state (focused refinement)	AGS,MG
9Q60	9Q60_1	C	A	Interferon-induced helicase C domain-containing protein 1	Q9BYX4	Interferon-induced helicase C domain-containing protein 1	Homo sapiens	9606	PF00271	PF00271,PF11648,PF18119	ELECTRON MICROSCOPY	3.12	2026-09-16	CryoEM Structure of human MDA5 disease-linked mutant T331I with dsRNA (one protein subunit on dsRNA)	ATP,MG
9RTI	9RTI_1	A	A	Bifunctional 3'-5' exonuclease/ATP-dependent helicase WRN	Q14191	Bifunctional 3'-5' exonuclease/ATP-dependent helicase WRN	Homo sapiens	9606	PF00270,PF00271	PF00270,PF00271,PF16124	X-RAY DIFFRACTION	2.197	2025-10-22	Structure of WRN in complex with ATPgS and covalent ligand Compound 7	A1JJ8,A1JJQ,AGS,DMS,EDO,MLT,PEG,ZN
9RUS	9RUS_1	A,B	A,B	Bifunctional 3'-5' exonuclease/ATP-dependent helicase WRN	Q14191	Bifunctional 3'-5' exonuclease/ATP-dependent helicase WRN	Homo sapiens	9606	PF00270,PF00271	PF00270,PF00271,PF16124	X-RAY DIFFRACTION	2.193	2025-10-22	Structure of WRN in complex with ATPgS and Compound 3	ADP,AGS,DMS,EDO,GQP,MG,ZN
9RV1	9RV1_5	H	E	Spliceosome RNA helicase DDX39B	Q13838	Spliceosome RNA helicase DDX39B	Homo sapiens	9606	PF00270,PF00271	PF00270,PF00271	ELECTRON MICROSCOPY	2.62	2026-06-24	Cryo-EM structure of the human UAP56-RNA - SAC3D1-PCID2-SEM1 complex	ANP,MG
9S19	9S19_1	A,B	A,B	Bifunctional 3'-5' exonuclease/ATP-dependent helicase WRN	Q14191	Bifunctional 3'-5' exonuclease/ATP-dependent helicase WRN	Homo sapiens	9606	PF00270,PF00271	PF00270,PF00271,PF16124	X-RAY DIFFRACTION	2.3	2026-05-27	WRN helicase in complex with ATPgS and ssDNA	AGS,DMS,EDO,ZN
9T6N	9T6N_1	B	A	Spliceosome RNA helicase DDX39B	Q13838	Spliceosome RNA helicase DDX39B	Homo sapiens	9606	PF00270	PF00270	ELECTRON MICROSCOPY	3.0	2026-05-27	Cryo-EM structure of the human GANP-PCID2-DSS1 complex bound to UAP56	ADP,MG
9T99	9T99_1	A	A	Dicer-related helicase	G5EDI8	RNA helicase	Caenorhabditis elegans	6239	PF00270,PF00271	PF00270,PF00271,PF11648	X-RAY DIFFRACTION	2.18	2025-11-26	Structure of C. elegans Dicer-related helicase 1 (DRH1) bound to blunt end 5'P-dsRNA	ADP,ZN
9UU7	9UU7_1	A,B	A,B	Probable ATP-dependent RNA helicase DDX28	Q9NUL7	Probable ATP-dependent RNA helicase DDX28	Homo sapiens	9606	PF00270	PF00270	X-RAY DIFFRACTION	2.6	2026-03-04	The crystal structure of human DEAD-box RNA helicase DDX28 RecA1 domain in complex with ADP	ADP,PO4
9UPB	9UPB_4	D	D	Spliceosome RNA helicase DDX39B	Q13838	Spliceosome RNA helicase DDX39B	Homo sapiens	9606	PF00270	PF00270	ELECTRON MICROSCOPY	3.41	2026-02-18	Structure of the human TREX-2 bound to UAP56	ANP
9RUR	9RUR_1	A,B	A,B	Bifunctional 3'-5' exonuclease/ATP-dependent helicase WRN	Q14191	Bifunctional 3'-5' exonuclease/ATP-dependent helicase WRN	Homo sapiens	9606	PF00270,PF00271	PF00270,PF00271,PF16124	X-RAY DIFFRACTION	2.296	2025-10-22	Structure of WRN in complex with ATPgS and covalent ligand Compound 4d	A1JJK,ADP,AGS,DMS,EDO,MG,ZN
9Q5W	9Q5W_1	C,I	A,D	Interferon-induced helicase C domain-containing protein 1	Q9BYX4	Interferon-induced helicase C domain-containing protein 1	Homo sapiens	9606	PF00271	PF00271,PF11648,PF18119	ELECTRON MICROSCOPY	3.21	2026-09-16	CryoEM Structure of human MDA5 T331I mutant in complex with dsRNA	ATP
9OB1	9OB1_3	Q	C	Chromatin-remodeling ATPase INO80	P53115	Chromatin-remodeling ATPase INO80	Saccharomyces cerevisiae	4932	PF00271	PF00271	ELECTRON MICROSCOPY	3.2	2026-03-04	S.c INO80 in complex with Yeast 0/80 nucleosome, Apo State	ADP
9MFT	9MFT_1	A	A	ATP-dependent RNA helicase A	Q08211	ATP-dependent RNA helicase A	Homo sapiens	9606	PF00270,PF00271	PF00270,PF00271,PF04408,PF07717,PF21010	X-RAY DIFFRACTION	2.75	2025-05-07	Human DHX9 in Complex with ATX968 and ADP	A1BKX,ADP,EDO,MG,SO4
9MFO	9MFO_1	A	A	ATP-dependent RNA helicase A	Q08211	ATP-dependent RNA helicase A	Homo sapiens	9606	PF00270,PF00271	PF00270,PF00271,PF04408,PF07717,PF21010	X-RAY DIFFRACTION	3.26	2025-05-07	Human DHX9 in Complex with Compound 1 and ADP	A1BK0,ADP,MG,SO4
9LOV	9LOV_4	B,C	D,E	Interferon-induced helicase C domain-containing protein 1	Q9BYX4	Interferon-induced helicase C domain-containing protein 1	Homo sapiens	9606	PF00271,PF04851	PF00271,PF04851,PF11648,PF18119	ELECTRON MICROSCOPY	3.07	2026-01-28	LGP2:MDA5:dsRNA filament	ADP,MG,ZN
9LOV	9LOV_3	A	C	ATP-dependent RNA helicase DHX58	Q96C10	ATP-dependent RNA helicase DHX58	Homo sapiens	9606	PF00271	PF00271,PF11648,PF18119	ELECTRON MICROSCOPY	3.07	2026-01-28	LGP2:MDA5:dsRNA filament	ADP,MG,ZN
9LIU	9LIU_7	K,N	K,L	ISWI chromatin-remodeling complex ATPase ISW1	P38144	ISWI chromatin-remodeling complex ATPase ISW1	Saccharomyces cerevisiae S288C	559292	PF00271	PF00176,PF00271	ELECTRON MICROSCOPY	2.7	2025-04-09	Structure of isw1-nucleosome double-bound complex in ATP-ATP state	ATP,MG
9JO5	9JO5_7	K	K	ISWI chromatin-remodeling complex ATPase ISW1	P38144	ISWI chromatin-remodeling complex ATPase ISW1	Saccharomyces cerevisiae S288C	559292	PF00271	PF00176,PF00271	ELECTRON MICROSCOPY	2.8	2025-04-09	Structure of isw1-nucleosome complex in ADP-B state	ADP,MG
9JNX	9JNX_7	K	K	ISWI chromatin-remodeling complex ATPase ISW1	P38144	ISWI chromatin-remodeling complex ATPase ISW1	Saccharomyces cerevisiae S288C	559292	PF00271	PF00176,PF00271,PF09110	ELECTRON MICROSCOPY	3.0	2025-04-09	Structure of isw1-nucleosome complex in ADP*+ state	ADP,MG
9JNW	9JNW_7	K	K	ISWI chromatin-remodeling complex ATPase ISW1	P38144	ISWI chromatin-remodeling complex ATPase ISW1	Saccharomyces cerevisiae S288C	559292	PF00271	PF00176,PF00271,PF09110	ELECTRON MICROSCOPY	2.9	2025-04-09	Structure of isw1-nucleosome complex in ADP+ state	ADP,MG
9JNU	9JNU_7	K	K	ISWI chromatin-remodeling complex ATPase ISW1	P38144	ISWI chromatin-remodeling complex ATPase ISW1	Saccharomyces cerevisiae S288C	559292	PF00271	PF00176,PF00271	ELECTRON MICROSCOPY	2.5	2025-04-09	Structure of isw1-nucleosome complex in ADP state	ADP,MG
9JNT	9JNT_7	K	K	ISWI chromatin-remodeling complex ATPase ISW1	P38144	ISWI chromatin-remodeling complex ATPase ISW1	Saccharomyces cerevisiae S288C	559292	PF00271	PF00176,PF00271	ELECTRON MICROSCOPY	2.7	2025-04-09	Structure of isw1-nucleosome complex in ADP* state	ADP,MG
9I23	9I23_1	A,B	A,B	ATP-dependent DNA helicase Q1	P46063	ATP-dependent DNA helicase Q1	Homo sapiens	9606	PF00270,PF00271	PF00270,PF00271,PF16124	X-RAY DIFFRACTION	3.69	2025-10-01	Structure of Human helicase RecQ1- 795-2T G-quadruplex - ADP complex	ADP,K,MG,ZN
9I22	9I22_1	A,B	A,B	ATP-dependent DNA helicase Q1	P46063	ATP-dependent DNA helicase Q1	Homo sapiens	9606	PF00270,PF00271	PF00270,PF00271,PF16124	X-RAY DIFFRACTION	2.42	2025-10-01	Structure of Human helicase RecQ1- Myc G-quadruplex - ADP complex	ADP,K,MG,PGE,ZN
9I16	9I16_2	D	D	ATP-dependent DNA helicase	A0AAA9S5G9	ATP-dependent DNA helicase	Bos taurus	9913	PF00270,PF00271	PF00270,PF00271,PF16124	X-RAY DIFFRACTION	2.82	2025-10-01	Structure of RecQL-dsDNA-ADP-AlF4 complex from Bos taurus	ADP,K,MG,PO4,ZN
9GY7	9GY7_3	E,F	E,F	UvrABC system protein B	A3DC68	UvrABC system protein B	Acetivibrio thermocellus	1515	PF04851	PF04851,PF12344,PF17757	ELECTRON MICROSCOPY	3.18	2025-12-24	C. thermocellum UvrA-UvrB in complex with DNA with a fluorescein modification and AMPPNP	ANP,MG,ZN
9GD3	9GD3_7	T,W	K,L	Chromo domain-containing protein 1	P32657	ATP-dependent chromatin remodeler CHD1	Saccharomyces cerevisiae S288C	559292	PF00271	PF00176,PF00271,PF00385,PF18196,PF23588	ELECTRON MICROSCOPY	3.0	2024-09-18	Structure of a mononucleosome bound by one copy of Chd1 with the DBD on the exit-side DNA.	ADP,BEF,MG
9Y4L	9Y4L_1	A,G	A,B	Interferon-induced helicase C domain-containing protein 1	Q9BYX4	Interferon-induced helicase C domain-containing protein 1	Homo sapiens	9606	PF00271	PF00271,PF11648,PF18119	ELECTRON MICROSCOPY	2.96	2026-09-09	CryoEM Structure of human MDA5 in complex with dsRNA (two protein subunits on dsRNA)	ANP
9Y4J	9Y4J_1	A	A	Interferon-induced helicase C domain-containing protein 1	Q9BYX4	Interferon-induced helicase C domain-containing protein 1	Homo sapiens	9606	PF00271	PF00271,PF11648,PF18119	ELECTRON MICROSCOPY	2.81	2026-09-09	CryoEM Structure of human MDA5 with dsRNA (one protein subunit on dsRNA)	ANP,MG
9Y3H	9Y3H_1	A	A	Helicase SRCAP	Q6ZRS2	Chromatin remodeling protein SRCAP	Homo sapiens	9606	PF00271	PF00176,PF00271	ELECTRON MICROSCOPY	4.5	2026-08-12	Human SRCAP-CFDP1-nucleosome complex in the unwrapping state of the H2A.Z histone exchange reaction	ADP,ATP,MG,ZN
9Y3G	9Y3G_1	A	A	Helicase SRCAP	Q6ZRS2	Chromatin remodeling protein SRCAP	Homo sapiens	9606	PF00271	PF00176,PF00271	ELECTRON MICROSCOPY	4.1	2026-08-12	Extended cryo-EM structure of human SRCAP-CFDP1-nucleosome complex in the activated state	ADP,ATP,MG,ZN
9Y3F	9Y3F_11	A	O	Helicase SRCAP	Q6ZRS2	Chromatin remodeling protein SRCAP	Homo sapiens	9606	PF00271	PF00176,PF00271	ELECTRON MICROSCOPY	4.5	2026-08-12	Extended cryo-EM structure of human SRCAP-CFDP1-nucleosome complex in the poised state	ADP,ATP,MG,ZN
9Y3E	9Y3E_1	A	A	Helicase SRCAP	Q6ZRS2	Chromatin remodeling protein SRCAP	Homo sapiens	9606	PF00271	PF00176,PF00271,PF07529	ELECTRON MICROSCOPY	5.0	2026-08-12	Extended cryo-EM structure of human SRCAP-nucleosome complex in the pre-engaged state	ADP,AGS,MG,ZN
9Y3D	9Y3D_1	A	A	Helicase SRCAP	Q6ZRS2	Chromatin remodeling protein SRCAP	Homo sapiens	9606	PF00271	PF00176,PF00271,PF07529	ELECTRON MICROSCOPY	7.1	2026-08-12	Extended cryo-EM structure of the human SRCAP-nucleosome complex in the fully-engaged state, with H4-bound GAS41	ADP,AGS,MG,ZN
9XU3	9XU3_9	C	I	U5 small nuclear ribonucleoprotein 200 kDa helicase	O75643	U5 small nuclear ribonucleoprotein 200 kDa helicase	Homo sapiens	9606	PF00270,PF00271	PF00270,PF00271,PF01423,PF02889,PF18149,PF21188,PF23445	ELECTRON MICROSCOPY	3.0	2026-08-12	Human minor spliceosome exon-ligation-ready C* complex (prior to step-II)	ADP,ATP,GTP,IHP,K,MG,ZN
9XU3	9XU3_35	V	IA	Pre-mRNA-splicing factor CWC22 homolog	Q9HCG8	Pre-mRNA-splicing factor CWC22 homolog	Homo sapiens	9606	PF00270,PF00271	PF00270,PF00271,PF02847,PF02854	ELECTRON MICROSCOPY	3.0	2026-08-12	Human minor spliceosome exon-ligation-ready C* complex (prior to step-II)	ADP,ATP,GTP,IHP,K,MG,ZN
9XU3	9XU3_33	T	GA	ATP-dependent RNA helicase DHX8	Q14562	ATP-dependent RNA helicase DHX8	Homo sapiens	9606	PF00270,PF00271	PF00270,PF00271,PF04408,PF04564,PF07717,PF08606,PF21010	ELECTRON MICROSCOPY	3.0	2026-08-12	Human minor spliceosome exon-ligation-ready C* complex (prior to step-II)	ADP,ATP,GTP,IHP,K,MG,ZN
9XTT	9XTT_9	C	I	U5 small nuclear ribonucleoprotein 200 kDa helicase	O75643	U5 small nuclear ribonucleoprotein 200 kDa helicase	Homo sapiens	9606	PF00270,PF00271	PF00270,PF00271,PF01423,PF02889,PF18149,PF21188,PF23445	ELECTRON MICROSCOPY	2.92	2026-08-12	Human minor spliceosome branching-completed C complex (after step-I)	ADP,ATP,GTP,IHP,K,MG,ZN
9XTT	9XTT_28	V	BA	Pre-mRNA-splicing factor CWC22 homolog	Q9HCG8	Pre-mRNA-splicing factor CWC22 homolog	Homo sapiens	9606	PF00270,PF00271	PF00270,PF00271,PF02847,PF02854	ELECTRON MICROSCOPY	2.92	2026-08-12	Human minor spliceosome branching-completed C complex (after step-I)	ADP,ATP,GTP,IHP,K,MG,ZN
9XTT	9XTT_26	T	Z	Pre-mRNA-splicing factor ATP-dependent RNA helicase PRP16	Q92620	Pre-mRNA-splicing factor ATP-dependent RNA helicase PRP16	Homo sapiens	9606	PF00270,PF00271	PF00270,PF00271,PF04408,PF04564,PF07717,PF08606,PF21010	ELECTRON MICROSCOPY	2.92	2026-08-12	Human minor spliceosome branching-completed C complex (after step-I)	ADP,ATP,GTP,IHP,K,MG,ZN
9WM2	9WM2_1	A	A	ATP-dependent DNA helicase RecG	P24230	ATP-dependent DNA helicase RecG	Escherichia coli K-12	83333	PF00270,PF00271	PF00270,PF00271,PF17191,PF19833	X-RAY DIFFRACTION	3.0	2026-09-09	Crystal structure of Escherichia coli RecG in complex with a partial replication fork and ADPAlF4	ADP,ALF,MG
9WM1	9WM1_1	A,F,K,P	A,E,I,M	ATP-dependent DNA helicase RecG	P24230	ATP-dependent DNA helicase RecG	Escherichia coli (strain K12)	83333	PF00270,PF00271	PF00270,PF00271,PF17191,PF19833	X-RAY DIFFRACTION	3.1	2026-09-09	Crystal structure of Escherichia coli RecG in complex with a partial replication fork and ADPBeF3, ternary complex I	ADP,BEF,MG
9VD1	9VD1_2	A,B	B,C	ATP-dependent RNA helicase SUPV3L1, mitochondrial	Q8IYB8	ATP-dependent RNA helicase SUPV3L1, mitochondrial	Homo sapiens	9606	PF00271	PF00271,PF12513,PF18114,PF18147,PF22527	ELECTRON MICROSCOPY	4.16	2026-05-20	Cryo-EM structure of Dimeric Suv3-ssRNA-AMPPNP complex	ANP
9VD0	9VD0_2	A	B	ATP-dependent RNA helicase SUPV3L1, mitochondrial	Q8IYB8	ATP-dependent RNA helicase SUPV3L1, mitochondrial	Homo sapiens	9606	PF00271	PF00271,PF12513,PF18147,PF22527	ELECTRON MICROSCOPY	4.42	2026-05-20	Cryo-EM structure of monomeric Suv3-ssRNA-AMPPNP complex	ANP
9VCU	9VCU_1	A,B	A,B	ATP-dependent RNA helicase SUPV3L1, mitochondrial	Q8IYB8	ATP-dependent RNA helicase SUPV3L1, mitochondrial	Homo sapiens	9606	PF00271	PF00271,PF12513,PF18114,PF18147,PF22527	ELECTRON MICROSCOPY	3.84	2026-05-20	Cryo-EM structure of dimeric Suv3-ADP complex	ADP
9VCT	9VCT_1	A	A	ATP-dependent RNA helicase SUPV3L1, mitochondrial	Q8IYB8	ATP-dependent RNA helicase SUPV3L1, mitochondrial	Homo sapiens	9606	PF00271	PF00271,PF12513,PF18147,PF22527	ELECTRON MICROSCOPY	3.47	2026-05-20	Cryo-EM structure of monomeric Suv3-ADP complex	ADP,MG
9UX9	9UX9_7	K	K	SWI/SNF-related matrix-associated actin-dependent regulator of chromatin subfamily A member 4	P51532	SWI/SNF-related matrix-associated actin-dependent regulator of chromatin subfamily A member 4	Homo sapiens	9606	PF00271	PF00176,PF00271,PF14619	ELECTRON MICROSCOPY	3.05	2026-03-18	local ATPase-NCP structure of the ncBAF-nucleosome complex in the ADP-BeFx-bound state	ADP,BEF,MG
